[2026-08-24 02:15:28] [DEBUG] [payment_gateway] Transaction payload payload_hash=meoj9rIknJ42uYretjoWAx9KWK2WP4jFjvDo/Bj3XvkT5yG8tAJG2dxYJP1/mex6RpNijDFhldv8SU5nVYe1Rw== processed in 14ms
[2026-08-24 05:38:06] [DEBUG] [auth_service] Transaction payload payload_hash=EQko2c49/eDp2wypjPmDv/kd+qs4jSJ+H36LcaR/JFS4TUr5I0X42XwUY3eVj2+SgoaWQqXfB9NJC00VjD6jXg== processed in 154ms
[2026-08-24 06:33:35] [INFO] [api_router] Transaction payload payload_hash=EQqxYkbIGknM7YXettm3z2fspz4ao1QrUbbxoH5IJOEsPDfSaPlOo9XE2CgG074h5rXFM4GjxzIJUY0ah45krQ== processed in 141ms
[2026-08-24 02:17:08] [ERROR] [cache_layer] Transaction payload payload_hash=G2omnjhE4xv6UvoWZrG+Vn/k8AoOsTzK9N3I0VYIveul+k/glIJnvi9w0wI49POPQVYF3QaN/zCe8jkkjxcjYQ== processed in 44ms
[2026-08-24 09:34:13] [ERROR] [cache_layer] Transaction payload payload_hash=+EMhZ8i6b3TAoHIkVe9S1d4Ndd43KO7EtRJ83Qgjgmcqi0haKUga6d5M3O3J0uZlY2LB7eUdyN/e6Pedqefe3w== processed in 36ms
[2026-08-24 09:15:25] [ERROR] [api_router] Transaction payload payload_hash=tDtPdhqdVDcPclpPAMb1T1Bc0SPVhXs48Cp/iPVapPcD9jwulj4tMFbdYf11EIqMYd/0V5WtusKztQjPFZSlgA== processed in 453ms
[2026-08-24 08:41:54] [WARN] [api_router] Transaction payload payload_hash=JdF5odARNzP8gbeY0xGEmPgA55MYrs2NWqdh5ZRcEu3kBvHqEIvLcEbAVUTS34Q8eGKvdCN016QFT06Jxdjw+Q== processed in 252ms
[2026-08-24 08:12:58] [DEBUG] [api_router] Transaction payload payload_hash=ooVfkYYIwWhgPgYsZ2Xss2IlWo6dwWH9tYJIInVW+IsCDmo/6mMQ1i+5+agD6w4z9YivOSTWkGnwcw9gyYSinw== processed in 156ms
[2026-08-24 06:45:46] [DEBUG] [api_router] Transaction payload payload_hash=Ho5aIUCKgchFyKBPUp4u4VvVpcPm9/wcswSl00LRazLIvYyeP9MobiWyUW73YZvhuP++PiFuNdTpisxs1cXFYA== processed in 476ms
[2026-08-24 11:12:37] [INFO] [api_router] Transaction payload payload_hash=XXkDaqgoiItfVY5BwIOcXtYaKw/aaZ6eMsqRKWALbPbXu38aNI8We4dWBAVjg0SJT9CxmoCuEEn77k9Lv/yuuw== processed in 321ms
[2026-08-24 09:52:18] [WARN] [payment_gateway] Transaction payload payload_hash=/7O3MLGuyZ2WsR7HeRJKxcejcYlLPgXbSV33dGOCtWsiTVrnvW11r0hHpZklvnwYYB77VPxV48RiP5kjqCcCDg== processed in 427ms
[2026-08-24 04:46:22] [INFO] [payment_gateway] Transaction payload payload_hash=0EjMOvvu1peMDaJ+9M7St6FiT8GfuRS6kQTZPC95tQJlOiowRlXKzqOysF6AsDdXCOIDNjayGvy5mXKOzolr4A== processed in 261ms
[2026-08-24 03:39:31] [WARN] [auth_service] Transaction payload payload_hash=TXkmc0PtXlmsqf850rEMTmEcpr/ACOzBWBo1wjqFtXN9mTUda+qBHDDH4OSbdbwMcX3/u/Og8k5/VdM7WItScg== processed in 35ms
[2026-08-24 07:28:35] [WARN] [payment_gateway] Transaction payload payload_hash=nONMDoooWBavrgKQV+4W/MJtzvntsKsZSjOXXTJn3cr+OrJpGWrX+5kMeyYzqOxaWWBr4fR8Sp1Bjun2xQsOvw== processed in 61ms
[2026-08-24 10:23:37] [ERROR] [payment_gateway] Transaction payload payload_hash=D2ou+S4uYHdesStpe3zfQevlwdXte63H05/zU7xpyhBunYPoJh8rOG8gTLOP+vV0vaRi1wObIForikaRl96wAQ== processed in 98ms
[2026-08-24 04:14:10] [DEBUG] [auth_service] Transaction payload payload_hash=ISBQNNlBI8C+0yWdlyxNXACjiF0WIJwlFGF3PEwi6ueFxVIiKOyNtgib2sZvZN5jrUR4IL07+r9OcRnpSW4Yhg== processed in 440ms
[2026-08-24 07:58:13] [WARN] [db_pool] Transaction payload payload_hash=SEOMPBFInidl7qE5jVOKI/w6SVfqlWFh8QEWgNGwE7L5UmwtuurE2sp8onYxf3GnGOqPIjV2ZoDiMioDIeEqDA== processed in 202ms
[2026-08-24 04:25:29] [ERROR] [payment_gateway] Transaction payload payload_hash=td+/A5YW5rDaFs3V/l1/vV4hby8rPslV2MajJc23AAcRjUw7LKN7/SYoWtCPO1QAmCnZdbN/0Ziaxgh6DM84fw== processed in 420ms
[2026-08-24 05:45:27] [ERROR] [auth_service] Transaction payload payload_hash=WDGoL2fSQYlPGDBp2e42Lj8dCPbeoa6omAyWtQPYHRas1ig5kHzJ9iucgIN1ukD1q6Eo8pB7GwjxTEoFCmmnyQ== processed in 432ms
[2026-08-24 05:05:19] [ERROR] [payment_gateway] Transaction payload payload_hash=GV5l21jlg10tiI/3retYvprbFfKCbHBf2F+UzAxMNGqPWo9H5VA8VJA/AGknFXzsWu+1629YxlVqpC8iFGc8Ww== processed in 446ms
[2026-08-24 06:40:51] [ERROR] [api_router] Transaction payload payload_hash=/9MGu3b3cD6iLVvUg5JSTW3O6aBu273XnXNO0gRpTYbx3OKVO+kxh9Q8htRrk67T1cilmlRg2uLY2FOsohmSgA== processed in 435ms
[2026-08-24 07:12:00] [ERROR] [cache_layer] Transaction payload payload_hash=sM5C8FHmUvfuJEI5Y7WsJrFhKj2tJ7OU4VhINrY9919VybU51PnwxD0s1kKEnkG5PcIZJzOERswBbgC29AGS1Q== processed in 283ms
[2026-08-24 05:10:32] [INFO] [payment_gateway] Transaction payload payload_hash=/KMIr/EcsCDSeCwUajMTFuT8VCbljXeRX90vx5t3ndIOvLMJa3zvtmU4t3n6OEnWOWvcaPlK20IkPs/KxaT9hA== processed in 301ms
[2026-08-24 09:07:14] [DEBUG] [api_router] Transaction payload payload_hash=c5pxpArJFQLIAvOOdW4juYCzovvEsB8/jd8Z0KAbE/nZtbJfudMHl2oz0zZj8DrefyYurkfuwEIAnD4EdDoevw== processed in 480ms
[2026-08-24 10:03:49] [DEBUG] [cache_layer] Transaction payload payload_hash=DRQOfO1ZbK7XAZLfrZ5W2u21gi/4dPUpWMPfFcirP7nL5aoJOAkcFQ+i3gfLi576j9rs9bp30hUFSGZ/05U+1Q== processed in 10ms
[2026-08-24 07:26:17] [DEBUG] [cache_layer] Transaction payload payload_hash=EapZs+OpoMkhriQRbEwVAart/PRBH54nIJTWXUIe38gnw/G19USlac7vkef0UHHStilkI48OnUwcep4cpn0JzA== processed in 494ms
[2026-08-24 07:10:49] [INFO] [cache_layer] Transaction payload payload_hash=Y++CnhVRy8QYc5hLX9AoZxZXoVPPyRRpPAqeTvUnBuqfREh3hVZhm9kSe8DhjQT4rt7F0M81tIt+Obfc6lRAgg== processed in 81ms
[2026-08-24 04:55:13] [DEBUG] [payment_gateway] Transaction payload payload_hash=iwyWgVMyaCm35NsXjXOTSzMhUqVqeFij/6F05XHVjQ2rExwvcIfYVMrXoHZ9qisp1grxLoLJt8F4P281/Nj8Zg== processed in 452ms
[2026-08-24 09:33:19] [WARN] [auth_service] Transaction payload payload_hash=N3yVcmw6GR4YcnGfz+mxcIYr9OXypU9LRu6EeouNDI8jRuHxr748XgpVtaYwm+aNw4rxh+9mWWkp5U+3jIJ18w== processed in 297ms
[2026-08-24 05:52:38] [WARN] [auth_service] Transaction payload payload_hash=EEy8haSQ2wNRqc6J8C0Mg4dhhSNikAQQSJky9jeQ9uOO6eh54NfThHr7s2nxwBrismLI9vz4r4RN1TiUl+xaJA== processed in 489ms
[2026-08-24 06:34:41] [INFO] [payment_gateway] Transaction payload payload_hash=J/fHa3IzkbxchWx0wjR+ALbfUhZin+HBgmNASEoi0lPRXpz1ZaYsX36g5XUhxBvP/QSHCRMPIKsULOWfZO76gQ== processed in 64ms
[2026-08-24 09:13:30] [DEBUG] [cache_layer] Transaction payload payload_hash=PjpBWtR13lG0R4mPUlSPWenzZ+nVANOrVd/gV40PTwL8h65h4OFGPPV+B5GiKQEoqLLS/ZCJDu8WUOnltN0Jsg== processed in 222ms
[2026-08-24 08:36:50] [DEBUG] [api_router] Transaction payload payload_hash=lB2mSmrwWJPFLD+Dh7g6BIqr6xN3+ccRbyIfHd5uRL+U8fiWprRULvo2Z3pt/5VoNedmBlwQjImFYqz+Q4oa6w== processed in 127ms
[2026-08-24 03:10:38] [INFO] [db_pool] Transaction payload payload_hash=EE2Q3PtrglmgRmmothIuXMsNVWtLgXT9DXcM7P9TTFlP2CnUMztmaj07AT4GhXuX7fGOCBi9gCvHLI8SC/F5WA== processed in 442ms
[2026-08-24 03:02:49] [INFO] [cache_layer] Transaction payload payload_hash=l1OS2eeUzfhOfXYmIvNohyT1NPKg8RPpsRoFDcbIrg6zypAoKjOwm/gbRfvePRaO9LJrKskt2Acx2ldx3XlW6g== processed in 139ms
[2026-08-24 02:46:58] [INFO] [api_router] Transaction payload payload_hash=x6lEnLP9jZgj4DC/XTbc8N0rOlPIW1bphJgj0bitma6+2iY5Z+mWVrZ5pD1c924OppUHAbMIbAR84iVej2oJqw== processed in 44ms
[2026-08-24 05:31:36] [WARN] [db_pool] Transaction payload payload_hash=++7CL4kzRHcmQXUM+I2m2MU0XomuuPjWo1iwCOvn+CqWuSfnzKDPqrhvVq+bUH01ZMT8c0jGDYAfg/ZgxD4U4Q== processed in 61ms
[2026-08-24 10:04:41] [INFO] [db_pool] Transaction payload payload_hash=FcS6ZOC2fDDThA45nddqs4OEo38TaSa6/4u+8AYdHOmnWA0cLECYNnnLSPcFOJo9q1KLQWsRhmtxE17ik78qMw== processed in 217ms
[2026-08-24 06:05:34] [WARN] [db_pool] Transaction payload payload_hash=oC/UX8RTxJ1kDDwRVfhl6cBHK9DTWRe3XOS7W2r5xPmIa2olqjYFZ/dVCBAvuYhWAsH1KYKaVRgJjRqahs0Xjg== processed in 372ms
[2026-08-24 05:59:19] [ERROR] [cache_layer] Transaction payload payload_hash=2HUz3hECnKUT4D3jn1/RK/k3eY5JPd11l4kS2wrhKn0um387NmS22a4ogXZBrjsrp9vjY7YbgU0HP7XMzkS2uw== processed in 287ms
[2026-08-24 07:05:25] [ERROR] [auth_service] Transaction payload payload_hash=2ioxGbwocHCShnJ+DhmXq/zRbg56INkT1dAZ81NwPsYGBlZMDVttHAxRA/QTgpV9ezIiD+vtJNGRbY8iRVNsuA== processed in 342ms
[2026-08-24 05:52:50] [WARN] [auth_service] Transaction payload payload_hash=4ClEzoBLMw1HBiZJU1jwQ5olnXBqLJsrxdRJYJNPvQsP5IoMWNjjNcfJUy/4e+23x3hoJoYD0bLQYoRiO04ojA== processed in 90ms
[2026-08-24 08:23:40] [DEBUG] [payment_gateway] Transaction payload payload_hash=mCpm2VVaFbruF7BsuG0Y+KEmkeejQIp95AvDWEytQO10wQN16LRQZ5QcOME3qd/6VCaJ7IQwF63SZGKcsa4CFw== processed in 430ms
[2026-08-24 09:20:10] [ERROR] [db_pool] Transaction payload payload_hash=DMlRRIqKZONXV4iRKMJjZcqnvvtJaKuYHuEIciy3NewL0ir9fgABZdaRsGfFiODAN8cboOoWxk519f1z1Lyqww== processed in 166ms
[2026-08-24 08:45:02] [INFO] [db_pool] Transaction payload payload_hash=YzfMGbLswdzATfmYgHh68bUuWimhs1/aCQKs1ZarXv/DYOMKCiaLQlEe0TLEuKFH7OHy66t1coFZKCXQKnipug== processed in 16ms
[2026-08-24 05:25:17] [WARN] [db_pool] Transaction payload payload_hash=pm4OZB5NC3boBpoTkLYeVZ5koUo2kulnyZ+dQeuRtO/KjELOT+WljCFzV6n5mxIn3TJ0hy5J1FCta0jHhjC2bQ== processed in 400ms
[2026-08-24 08:03:43] [DEBUG] [db_pool] Transaction payload payload_hash=NH/uU9q0LRRe1hG//Mqu2B9pa/JMybU66I6gOGWT+AD+OAhx3JZHDWVphs0qj+1bMr/y7zwvnocZKk5Q57357Q== processed in 486ms
[2026-08-24 10:56:33] [WARN] [cache_layer] Transaction payload payload_hash=phSvVFxRFPLOJVRiMnTN/SZDsHcLkt78jJpzOfoWONruL8OjICAvLpVP3gCFx7mWmLBiQteSm4FnoijIhAIWYA== processed in 249ms
[2026-08-24 02:53:42] [INFO] [payment_gateway] Transaction payload payload_hash=IxWH3KG+tBVMESNsJOZj9CaQ3q/KVuaMMvjY+jl1AlvxZ854wDTdQg0AbUszssry7wkiPTZFBCcb5nABGPhUNA== processed in 417ms
[2026-08-24 09:05:24] [INFO] [payment_gateway] Transaction payload payload_hash=A5zWYIeBkiYFe94G7wN6zbjI7Aq9Y7Uf1odB1ufamuyN0FbqyoVYPt6mfo7otnPZq0cSAERRyHjp0EeWe9XWbA== processed in 370ms
[2026-08-24 09:16:35] [WARN] [cache_layer] Transaction payload payload_hash=9gQR7mpkwV/rfdhuQdk+30SjlbsNcoSEpZWLaLKpGnMdpekIGy/Sj/K37Ct3ok+h20ThwYrW908GXSQBEak0aQ== processed in 343ms
[2026-08-24 07:17:08] [WARN] [payment_gateway] Transaction payload payload_hash=6GdyezZ0zC+HTfhl21WJgh+ni1PNs/FTV/6amxTmpI/hebQ25ikYE0Qf+L7k6JuQg5RfRtBiEUdkQvX4C+GiYA== processed in 360ms
[2026-08-24 10:37:22] [DEBUG] [api_router] Transaction payload payload_hash=aYylIGN4kFK6DrsMZxzT/vSzS0YW0GBMvILgwEqH9k3dIuc7pinG9mMKp3VtCHjdoCV/Dxtj7EdTs+w2c6tkAw== processed in 449ms
[2026-08-24 09:21:27] [WARN] [auth_service] Transaction payload payload_hash=rkVj1nEcenku0Bk6eMKIXOn+xPWB3I3qOvz+ZV+D/PROcWOAaLfzXfUQPK9ev60p9NMoI6k9b4OG2YzBx85AKg== processed in 416ms
[2026-08-24 08:56:52] [ERROR] [payment_gateway] Transaction payload payload_hash=ERkylWypjPxYoiNLhwPQBQABcSep94bMj6IN7988rFNU6ehUZtzotzuv/eIujhWEDnZpxlxg746kCdGEpQyTYA== processed in 63ms
[2026-08-24 10:01:11] [INFO] [auth_service] Transaction payload payload_hash=lo5kSAeBg4RsAVRO/9xT7+h+/rFJkZlMMcJrJKNvuLyRjpINaavatDvEA7aYrFkJcrClL8OXF7ib2NbM/jk5+w== processed in 118ms
[2026-08-24 09:55:08] [ERROR] [db_pool] Transaction payload payload_hash=3g3O010790cyTLUdtba5szwcnDzFNX1nkzYmuyDRe5xRRzy3+JXDphYZLOTdgALUQXBbtWObu8DLtaYbhBMpKg== processed in 464ms
[2026-08-24 03:02:15] [INFO] [payment_gateway] Transaction payload payload_hash=VeJ1HoWZ30i4eEv87Jfy5yULh510/d+9CcXToNdQLIxzztYFhALerbji24IdfG2WGrSwn5ziAZ9m/6s7iRdJIw== processed in 322ms
[2026-08-24 07:38:44] [WARN] [cache_layer] Transaction payload payload_hash=G8JavGELBqdUcuvZD/fSKAQk1quOS2BtM9ChYAAFzMcCIei0VqqWlsAwhnRfJXbmtSWZ20kuFr7hGc0sJ7u0ug== processed in 27ms
[2026-08-24 06:31:03] [INFO] [api_router] Transaction payload payload_hash=1Z+BSHIXcG8BBdyZHo4kYyQA9digORzD5AUgRt5VizZ4JLmzjNFHQEHBIUbRgHz686lvlVqF48uHpb+rcLrCaw== processed in 26ms
[2026-08-24 08:38:28] [DEBUG] [api_router] Transaction payload payload_hash=Bo//BKntva+zLyjexbYCG75nbg8sFwQmDdegkoBd+kHjjdgUttRCCfWmNdyBj6XgxorWaEsW6frTRAsOlyso5w== processed in 280ms
[2026-08-24 10:25:35] [WARN] [auth_service] Transaction payload payload_hash=HSsdLQC/ASiPGGZV6HvhN84sC3+BaIo/JyAUbuGlpJmsM+2ScMcBrsfadNXZFELhSFy2Ukin0pPXWZVM2R6sYw== processed in 169ms
[2026-08-24 04:52:20] [DEBUG] [db_pool] Transaction payload payload_hash=SevwVAzc+De24t262VxuNLEcJ9iPn1ZxbDarh+t/QYbr/05lrDCZiG0g4ntyIsKymbsMJSOn3FCW/Vk/qBO4AA== processed in 401ms
[2026-08-24 06:19:12] [WARN] [db_pool] Transaction payload payload_hash=L53QTHIYvxoxRSnLOUv1jWVQ7LzrJlZrXmoFk/4CyDt17+mWNYdDAvMZmsOkz+xT9vlzjB8WkRt/sXiaJt5zNw== processed in 178ms
[2026-08-24 02:56:28] [INFO] [db_pool] Transaction payload payload_hash=54OAwW5pYUIgGuQQnv3fqfW7W3dGLM7TXmTYFTLlUmCFUdB/RWl+4gjWt/K4332jZahFYQqI1mA7Pw1Rx7bVhw== processed in 419ms
[2026-08-24 10:19:11] [DEBUG] [payment_gateway] Transaction payload payload_hash=T7S1A07tBi5eeGpUckv5MDRXiD4U1d7hU/P5IJN08bGXLJaxohr6zC4tIgAebhO895Etjcu2ArTmqMOU0nuSmA== processed in 171ms
[2026-08-24 06:08:22] [INFO] [payment_gateway] Transaction payload payload_hash=V9PRiTudAqVCY/vzq8Q3rqAY6dt3O3aeSGZ11tXOJz/YhQQAND5eKkkXyZN7WWG9FDpdqZq9gXsYRDF63UZRew== processed in 64ms
[2026-08-24 03:19:12] [DEBUG] [auth_service] Transaction payload payload_hash=12q3U0ff+ic6YXFqqz19ij03UFQg0M3llWjxirNfGSm9fnZcEmbwPE3ikml9/9vsxvewQTjnnhFhFNX81MKbiA== processed in 127ms
[2026-08-24 03:53:42] [DEBUG] [api_router] Transaction payload payload_hash=qHeSZ8BOy+kukX8ZWKNnnNpaq6F82ojZIGKBs4y3xJMp1nk8esZ37wbzYc+k9URKRmtgsZofqPZbxG1ZoBM7gw== processed in 19ms
[2026-08-24 05:47:51] [DEBUG] [api_router] Transaction payload payload_hash=jEy9q97k80xbBwA7gDOyJJFXtMJGUPfjA1aTpnoUasi/ljOTJ7Z9i1W3xP7yR3sAuZ6/e0oU6KmWNZBf0hFdQw== processed in 260ms
[2026-08-24 05:55:01] [WARN] [api_router] Transaction payload payload_hash=4TvMIUZiqvwoJAnpGqDe6pz/RUBbbdzRAM9C84MvT3BIDtXOao3Z3BpaDyuxmk1E1GkP92WLIEaz2kGL5snwnw== processed in 276ms
[2026-08-24 05:12:41] [WARN] [db_pool] Transaction payload payload_hash=y1cRruRdwd49NwmAcrOHDr5M7Ju65vA5L9crmu4XY2TO+gcW961UOrDLWSZnzn4XWeWBu/jur/u1UvFts+Y5Yg== processed in 73ms
[2026-08-24 08:30:05] [DEBUG] [cache_layer] Transaction payload payload_hash=BRjFYtpUIKzL99Pg3FDC/3rStC44AECpYZMLz3jM4CPuZYgZr+9HtgEIMVP5dfS3JRsX0YGneqhv+8sg0g8xbw== processed in 488ms
[2026-08-24 10:13:56] [INFO] [api_router] Transaction payload payload_hash=FvxJ7Uz0L3VAi7zJPBEizRA2pQJ6JNR2RK01pOD9gUKbr8YOHkkObDfK7IFB+72coLgcHRu3cBc7OUJAmUj5dw== processed in 65ms
[2026-08-24 08:32:15] [DEBUG] [api_router] Transaction payload payload_hash=/Rvm9PUJRQqQXriYX9OdTy624nPbR/IHLWDqdofnMv8VVUF+xx4LDYWe5p3u/OpgU9dSusmXjyFEwqZrg2ZxeA== processed in 493ms
[2026-08-24 04:46:08] [INFO] [cache_layer] Transaction payload payload_hash=ZLrHCxqq8RjxOAY+XLG/poaNw0jbM2YXpAF1oMaBTo97/Uig+V/m6uVUuGZOGif99tvDRDPjjAHs/p4acxVLVA== processed in 322ms
[2026-08-24 09:33:49] [ERROR] [auth_service] Transaction payload payload_hash=YzIQXHtZD/37APiG+/l03xWD6d3XD3ACXOiUo/BvMENcjRqeYcuNcg3UVxbb3ZvuDc5VMlsByUnfOf4kOQ2t8Q== processed in 335ms
[2026-08-24 11:00:16] [INFO] [api_router] Transaction payload payload_hash=1JSCJSWQ402FFB4BRuutYjp/zcM6wgKZGr01HJlCcc2QDwNVF89TUdNuRQ3SAsNG93FB5YxikUYjtcyy3H3Kpw== processed in 429ms
[2026-08-24 09:10:57] [WARN] [db_pool] Transaction payload payload_hash=36ze8B02cJU52hteYpLr5bMTC2SV66YIx3Nk36VKyI9yT/0QS2qQgabDOMPXDHmPCtQLW+3wwv/SK9vImJC64Q== processed in 223ms
[2026-08-24 06:58:09] [ERROR] [db_pool] Transaction payload payload_hash=S7SYqqh0rt2fSsw0II0bh4YRZxO8FeBxq/xN0+SqZ/MnnCk2DpaH3gnep9ctT1O7SPCQN4YFeYSF1Vi4f8RzUg== processed in 13ms
[2026-08-24 06:55:27] [DEBUG] [cache_layer] Transaction payload payload_hash=tSya/JVP/c6In5DJO1zRoYqHW3X6MlmY5j/owYTcWDHxk1Op8Q2eaUI5PlDZ0Zg1+zVJkWpr9L6PSzakJpeSxQ== processed in 73ms
[2026-08-24 02:52:56] [DEBUG] [cache_layer] Transaction payload payload_hash=lnRgVg2XSu4ys69SjHSOXtp2Lqu4+Ijemi3U9HPrfptTovbdH4hejK8UAJSYC5xY63dIvK9f/MTeCLt+ZfsbdQ== processed in 377ms
[2026-08-24 06:16:08] [DEBUG] [db_pool] Transaction payload payload_hash=D5ivr22fTkoj5HF/Qp3/4nrOKjL1J/4AAOF4yLaTeS5CD0tirnPpVKHoCBrv2xSxIFArXGsI7YZCeLJXCGV/gA== processed in 324ms
[2026-08-24 11:20:19] [INFO] [payment_gateway] Transaction payload payload_hash=6EX4CABL8SEP4+kC2DpCZzuKtHw5WiYqW1FEZPzUOoSq9zc6j+ixtx/pdUo+ayHO4VLYNhqTj1AkHWxFVx+b9g== processed in 221ms
[2026-08-24 06:14:49] [INFO] [cache_layer] Transaction payload payload_hash=0W26uCEclyKDgRgaG2HZhef88bH53utEraelofNZakY6yyMeH47dyl+fY0zt8qEPx19WWz354NCJbsB+7LdpZQ== processed in 30ms
[2026-08-24 05:33:54] [WARN] [cache_layer] Transaction payload payload_hash=Sc8yWl83O5YQvqypWOFAFKiRjJA+PmNvTY5p/XemEPRiLHVtvOmgIvBBV2wYnsgUs3ytwiIGeb/2DNt6GbTTPw== processed in 46ms
[2026-08-24 03:44:59] [ERROR] [cache_layer] Transaction payload payload_hash=OqQpd1D8H8mPU4FtN9h3iow4JWr2yUG84GKYs3rpu2FWeufh51p7jLMj+o04Xn2InxaDh8sYaBD6oEjjGSI8Jg== processed in 454ms
[2026-08-24 07:48:21] [ERROR] [cache_layer] Transaction payload payload_hash=VWPjfPPtg3ByNckbW8Rcyjp4Hj3pZiluUfwLoj4h900e2kFQO9ANGBP4mGi6fPJYcSlMs3NJBhHBVXrhlqyEdA== processed in 32ms
[2026-08-24 04:45:52] [ERROR] [db_pool] Transaction payload payload_hash=KJ1GeCH2IL/VzYgmSg7zO6Zv0X79sKRjLhXTg0kOJtkUFz6dI4eIMe1LytXyuAjwlrOFJ84B/wwPIJo3GMoeTg== processed in 342ms
[2026-08-24 11:18:37] [ERROR] [cache_layer] Transaction payload payload_hash=F9TOiaJdA6LMOtYitjIZX6PY9Vft0Av8Wlt5zDa9P0p4o2fdzggNiaTjZpZ++QXfH3GzB8ygGyZyDuzFJdbFOg== processed in 191ms
[2026-08-24 02:52:49] [ERROR] [payment_gateway] Transaction payload payload_hash=uUo14MYGT81JURGP5mOwVe8awJi9PeIuk3p27mlqALUKmY9dYo8OwruOW32Mxqyw3vlycXllZ+Liw2BiddUtkA== processed in 253ms
[2026-08-24 08:06:42] [ERROR] [api_router] Transaction payload payload_hash=mJPZgcQ94Qw+JwfBgo8WL/nWzoR52HJv5483h2ScqG7RymfdSrYAXzPbmZ1fLrCnC3uDVPmKSaCcWJezYG24+Q== processed in 492ms
[2026-08-24 08:01:09] [INFO] [db_pool] Transaction payload payload_hash=y2ZvkvlY6BYxljVggR8UKnQz4a3/FcxJvAi+S0eEJvNfT3n5xd4FIW0d0+oPi65BJCcZUdVAtAdWypYD0b+PNg== processed in 43ms
[2026-08-24 08:24:28] [WARN] [cache_layer] Transaction payload payload_hash=gEFyQw8VGEtSk7A8qm3MKPKMpM7+mee+bsF9+Uc8zPfCcbu2o3+dokyLYuEw2O8HBUM6mUe+S/fhqGp2MmpyJw== processed in 149ms
[2026-08-24 03:24:38] [INFO] [db_pool] Transaction payload payload_hash=oxILqCMLFX/jUlOVOamMdSgeSGfQyyTorH6M+cekeExWzFkdQ/GYEFWSCzrMBn6SIJSzviizwJo/CHb6aAF0Jw== processed in 483ms
[2026-08-24 05:08:34] [DEBUG] [db_pool] Transaction payload payload_hash=OE2hgTtznKVrszORsT6AMmhLzqiCc+/nzckSqIQx8NLW8wiF7Ahj6ADoGcWJ8mAG6oKQL2lEh56f3j0G0IN+3A== processed in 80ms
[2026-08-24 02:47:43] [ERROR] [payment_gateway] Transaction payload payload_hash=GruilL/gPIjqNJa6AOrrUfuaPsRjeJSUfQVOa+iXqmQhRKF50AzDQosrSKXmo+tOW9t2F8Na69uQcEGSxleLnw== processed in 178ms
[2026-08-24 03:46:36] [DEBUG] [payment_gateway] Transaction payload payload_hash=rEGgxTteo4KEpSgwM7wj6LgVth5r+v6X2d27VJwkwX9K3FHXNO2/FSY6CNwlNll0Y6UDFpjd/+l7Zr10r4vR2w== processed in 156ms
[2026-08-24 08:50:16] [INFO] [auth_service] Transaction payload payload_hash=kjCJTI1xeM3zKHZSsysffUY73hrkJQXm27fbeIEAd9vC1VWXr8NYcWJQLHTfZOAhHMlMi2R9E61QhgfN4ZMRYg== processed in 142ms
[2026-08-24 07:28:22] [ERROR] [auth_service] Transaction payload payload_hash=NkMWa1UuHGjNoN952dojvOVbArRQ1SWii7HVmrzjoIlalYqUs7XbZXdB+Kfv2hc6GG8njhhT6NxGzAT6GP0WNg== processed in 226ms
[2026-08-24 09:27:50] [WARN] [api_router] Transaction payload payload_hash=3Bl+g1Wu0Vou6CAkq6qnoWYjzAZXVy6CUK4OArzzfK4RzV5eH60GDig7jyKxnO8DMsnAnkIQg4hp6PSS3KQMgQ== processed in 162ms
[2026-08-24 07:37:55] [ERROR] [cache_layer] Transaction payload payload_hash=/7n2HN1ghIBIV93Hho+YM7v4xmby/yy9zkYn13SAc9dlr4gJI3qi7qNmwEzkjNsfOSMlyq8iIh6DMQ2QkpvIAA== processed in 498ms
[2026-08-24 08:39:07] [ERROR] [api_router] Transaction payload payload_hash=oew/JGx0DKigRLTWnd1aCZDCkQx9mndXcm1pl0dB18a5RSAZrygYNgREqt//mtCKLJ3Elkkie4oRfHDZJXaHNg== processed in 224ms
[2026-08-24 02:42:44] [DEBUG] [db_pool] Transaction payload payload_hash=XKPJnUirpZHRvDs7dQImUm4HMxmqSVDQXGwxd4a/BUjpf/lrm4xU6vWWm6vkk1Bv2uJI+PhU4Q2Uf/mB7Qsnrg== processed in 466ms
[2026-08-24 09:53:38] [INFO] [auth_service] Transaction payload payload_hash=9U+v0qaAbeXA0BSXhNL6E1y4c4YFaJZPsd4RVo7E76RK8c57R8XL66jcP0xmaT29X/nqE8yXD8Oe1pG+Gsxezg== processed in 430ms
[2026-08-24 09:55:21] [WARN] [db_pool] Transaction payload payload_hash=yF64RbQOuqfEKZd1foWRQgz6klh8YxnF8D+2y91hJ82R60yWj5KFt/WUfCSN5aogYlDl4bdtJLx8WNOJjnt1Pg== processed in 319ms
[2026-08-24 08:44:20] [ERROR] [auth_service] Transaction payload payload_hash=mB1kBlH2/oyKklO8dbGg+WKtCqz5iKMjnuCREOt3zo+ew+Lj4wavbSDzSrAcE0DEq82SBJIpB8wbumZUZC4K5g== processed in 219ms
[2026-08-24 09:59:09] [INFO] [auth_service] Transaction payload payload_hash=wviNT+ldBu5z0uCEek2ksnFskwhDlRrw5Bv3JZWj/tpYuYtRRxGEtzSy6X/2gJUzDQZv/tscJIy7KJOv+dMJyQ== processed in 340ms
[2026-08-24 03:42:07] [ERROR] [api_router] Transaction payload payload_hash=LihoQJqQwH6C5fwSIn9TWHNwcVnigsTV9Ob/ZygCMOBn+BCaZqYS8mTDviWJJNyDbUFRi/ddSew+y7tdvzB/KQ== processed in 436ms
[2026-08-24 07:10:33] [WARN] [db_pool] Transaction payload payload_hash=Uj+EpujZ64/hn/+XB0yUesgKLH86T1w4YLvFoYafIwbY/hsW/ZnbNCc3DT8YdAKZbEsn6S4zZaWrZnm4O7eCNg== processed in 205ms
[2026-08-24 04:37:51] [INFO] [auth_service] Transaction payload payload_hash=+Nqm/FaaYXPkZAC1MrQNtkWwU5SaRMWti8VFXFs+C3JAHAVS15ITcH3LBEwlpH6/PRylQK6NAwfLGbI6SRUwZA== processed in 223ms
[2026-08-24 10:05:15] [DEBUG] [auth_service] Transaction payload payload_hash=LjH02AUNeYEeMirmjx9bLlcfV//0sivX8uG6ZXMk7U5GfDJ54HvgiooGzwZ5QPt4ufcz4V7s40I1hf9DN5j2cA== processed in 379ms
[2026-08-24 09:02:32] [WARN] [cache_layer] Transaction payload payload_hash=t0lU2/vtqfuegyuJsAGkuzBJJcSoan7Z5zbGD+ARRZtvQWYAabIJdRzrZCzaqt9fYJht/Ms5ebxkNxeh1CSBlA== processed in 493ms
[2026-08-24 06:50:11] [INFO] [cache_layer] Transaction payload payload_hash=I0SSzD3QoVwtdTAtVRP11Li5+KEy8W6u0aNu0eDymwtu9qxqEBwLTS+tlRKj9Vt0UXFdDq11/jwiadVHc1CipQ== processed in 386ms
[2026-08-24 08:35:01] [DEBUG] [cache_layer] Transaction payload payload_hash=lLT+IiYkMxsxIwpZoZQF3PYNmhsKcdLGqN7S59YLTxCJfnTS5oPVH3vdMLrkZ9gA1RGNlIJPOqe6ifmehXk99g== processed in 156ms
[2026-08-24 07:19:51] [INFO] [db_pool] Transaction payload payload_hash=L7QpK6Ka1liKw+uI3X5DMyWN9pyaNO2SewKCNJNIlXYasIWyJmdOSUf8c0Gwj/5wTULilFAkz9AhfNWIY2eZhQ== processed in 146ms
[2026-08-24 07:40:03] [ERROR] [payment_gateway] Transaction payload payload_hash=hr7AC7q5F+mNToXsB1d067u8xkONsfWehaaiee3marQMzy+HHSw+u+/CcR5OJotbjc9Q7tTSZhs2Pomb4ZGHWA== processed in 104ms
[2026-08-24 04:52:43] [DEBUG] [payment_gateway] Transaction payload payload_hash=b55vyotNhIEdUIfbimG+d24CvvSisgl7ZGPrjbqwpmrKvJloWIZyseMjxTfhogqhrTV59upZ0m1a5u+YqxW8zg== processed in 464ms
[2026-08-24 10:30:25] [INFO] [payment_gateway] Transaction payload payload_hash=aVY1aaJ1gwspvjjcRymUpxAWiAgUafc0mIzL6cGvjmxUVPzSv6O/JuVN1NpNTjUf0yvQjeN4Vu0gDvsq7OOjFw== processed in 193ms
[2026-08-24 06:08:01] [INFO] [auth_service] Transaction payload payload_hash=ErsVy3x73hsdvd/DmDG6XES6n8Ltn7CBWYs1fw7oGjGoS8peCerAOt+qxrHcJcV39U4LVx3ErqMFqrEbRySdvw== processed in 56ms
[2026-08-24 10:12:32] [WARN] [auth_service] Transaction payload payload_hash=F6FB8Jp3/u7iqC7Xh/7vOBw1cbAkhbx4L1LOyKn/xLh11ZHh0Vzq8uDA/k2++5Qa8GnW0EEQCw4aC1n+PItdVw== processed in 421ms
[2026-08-24 06:35:08] [DEBUG] [payment_gateway] Transaction payload payload_hash=CRuPWDG5e6afRzafcwoxh4eh7nhoaEzGoZywxR4pfUHZFQwzhUbru32yLjlryes3JJwKljEahKQrh34j7HOXxg== processed in 84ms
[2026-08-24 04:49:53] [ERROR] [cache_layer] Transaction payload payload_hash=Bpwf9NBp7W8Cl46p4p0EmRd2PkDrx/SJWSu/HRxWjuUO9tBljLchNiaGvpbXfUC6tt9hgOWO5c7OoA8e35xWXw== processed in 45ms
[2026-08-24 09:50:52] [DEBUG] [cache_layer] Transaction payload payload_hash=PnKPr4CiIbjoOfJrNxfMl2MSZzpjoRsJsnL1skBpnpx05y9v1IomB8YKxXPOTTaJWYYj+9CwHg0l/qKNEVP/fg== processed in 187ms
[2026-08-24 02:33:16] [ERROR] [api_router] Transaction payload payload_hash=/x4U02/8I/pCG9CtNYaiGMnFRHf0gIESwd8rH/h+UVEVLUsChtUXP0NwgmjoTCt+9RFSNtCcQW1cGVyaCgmh6A== processed in 322ms
[2026-08-24 08:31:20] [ERROR] [payment_gateway] Transaction payload payload_hash=G5HXWWIy3/GP2zmgk4jSD9/3NexFRKQh0jB/kPCawiXR8Ab+lQZVpNuKEcj5fV523FiZbQykagiFES5hF2e32A== processed in 91ms
[2026-08-24 08:48:34] [WARN] [cache_layer] Transaction payload payload_hash=5aU6nfMNFRlgC6j/xYuiq+/mpM6Pf705s6noVJhP1xhyZoa1n+Bmxp5g37tOI73GXxOQP+MHW+el9TqPri7dIg== processed in 204ms
[2026-08-24 03:11:18] [INFO] [payment_gateway] Transaction payload payload_hash=CFF9dW1+yQIT3aZ2pjP6kdfyQOGZzMI/g7U3w2ALm17qdlCRbvniEGCBpdNlBgBkBLgjBIJJClXozZywjqd21g== processed in 176ms
[2026-08-24 04:05:31] [INFO] [cache_layer] Transaction payload payload_hash=HC73WX23W4emURHMfadsSjihUhHovmYfT6pAADYwpaFWEHfZSGxH7Mcfaa3lSQjBuPOi3SjXf5ImIvOeDbXU7g== processed in 185ms
[2026-08-24 03:42:14] [WARN] [cache_layer] Transaction payload payload_hash=QrQ8wMX8Buuzjoe4zENZMU959lyWk/5yEDfSuTaIdP/AYFh9D93neTayCZsBHqW9pC7cnIO+Ix+qgyODU1bKrA== processed in 25ms
[2026-08-24 07:39:34] [DEBUG] [payment_gateway] Transaction payload payload_hash=XRIM/IwhBUqTNJHc5/mBrAwXJBU1ILco5jtq74fffVoHNFvB1GPntrLEzApxgbuR6GiD4JzBYn7vKhc5j6gs3g== processed in 74ms
[2026-08-24 04:58:19] [WARN] [auth_service] Transaction payload payload_hash=VJbznFQI/OZL79aoFeoidwCiGnqPLg9ZK1oPOogsZohBeVJxTOfHtt3ZRz89sswfq7k6lP59nt0O7nyzNh82cg== processed in 281ms
[2026-08-24 03:14:04] [ERROR] [cache_layer] Transaction payload payload_hash=Wockbsqz9x4+jbQhlzTXsrC6uJpiIiipxTaIZnaiCVWO2RjQdr3LRKIxXxz2SBEr2NMQ5nL/A7Nm7pxFkzLMNw== processed in 488ms
[2026-08-24 04:19:23] [INFO] [auth_service] Transaction payload payload_hash=eegwbt6WlkYhzmpJLoZhM8dQvjFJ6Iw4k58EAxytLce0o8t+fZi3zYRTMLr4ycS2lgOJBuf9b7ciyhcTZuyqqg== processed in 342ms
[2026-08-24 05:39:58] [WARN] [api_router] Transaction payload payload_hash=89mUtEc1LkBLz4OtRyr25o1jHBxY64ja57WIlFRNgpSPJbNRQEfS8m73vlbTKnT4ocklaOV5/EiWzJvm08z4qg== processed in 46ms
[2026-08-24 02:53:18] [DEBUG] [payment_gateway] Transaction payload payload_hash=q+A2y2uxlLRWc1HQ0rhOBifkdNGpaU8sIr7fBu6ShB8F4r2nZBgkyMaWcMyfn3sPHxQGEQ1Gyp4+YEJsZEMlvw== processed in 60ms
[2026-08-24 09:54:06] [ERROR] [auth_service] Transaction payload payload_hash=urK39xcadIpTrwCI1mZP+twpMhOsUfwpxw5kFiM9Z0qkypmIp4/fGLS18B//X1X9qW94qo6n4CxN/hFpXpBR5Q== processed in 228ms
[2026-08-24 11:21:06] [DEBUG] [cache_layer] Transaction payload payload_hash=JaDPDxlg8HgohkLEeUPsNEBzx5TOtfgND3H6tgz+hmgPXirC1K0OiKBpuG2CHHQQsHIV86Ao0EhEPqP0BhqMyg== processed in 39ms
[2026-08-24 05:07:16] [ERROR] [auth_service] Transaction payload payload_hash=48LdffO8vIL+Wk6In2iYhvJ97rqtzQJaUnvpewOe8RwIhzDsH6/EB+Wogl25FQ3rDavORx6P7wNHZ9wIBBv4Dw== processed in 264ms
[2026-08-24 06:14:55] [WARN] [cache_layer] Transaction payload payload_hash=A9LTD1PIwBJWBrj0vChpxSNwrdZY6Jh/K1Mj5/GJS3aupZSTeUCi5Regtpu7LrPztxM/BpePvswU8u30T55d1w== processed in 25ms
[2026-08-24 10:36:11] [INFO] [cache_layer] Transaction payload payload_hash=7DutJ7g/iGn0BM55DTkOuPhNAljKS8nPVwItrzQpMrq+9cHNLLv3nGhwCjCDlXDCA5lKHHVtPhwqUwdZQZ9fVw== processed in 334ms
[2026-08-24 08:00:19] [WARN] [db_pool] Transaction payload payload_hash=EyeHzf+9GwNLdF5Z/J492s0skTpvUtOjEcHWs7OGER82Q3bMtCyduqoOcpJ7j2CnETgJw2iwwCz7rfNaupvHdA== processed in 48ms
[2026-08-24 08:35:03] [INFO] [payment_gateway] Transaction payload payload_hash=6v+/DmXM7HP5kulDRNt71FjAUJK/B89aMNqdFBcKBuWlleNFXz4i9tfv0iTcB9FzHGjkVQA09xWGyrvm0qeRXw== processed in 267ms
[2026-08-24 08:56:19] [DEBUG] [payment_gateway] Transaction payload payload_hash=nbpTluGhr98F/gqRk+0Lango+Vxo5MXmn5twa3P/bnOG9Co2iy/aj2TjHmVdij+2WBMR3cw1QsU05bQGpXwZmQ== processed in 169ms
[2026-08-24 10:15:01] [INFO] [auth_service] Transaction payload payload_hash=jbsRSxcXuY5zn0XB4U05bu663ozLA1N82uy100DQkydRfQM35zWBPY4RvUD41eey82kCQSTd3pm74GphBCtTnQ== processed in 267ms
[2026-08-24 04:10:56] [INFO] [auth_service] Transaction payload payload_hash=ItTpaJsf1wUQLrEknMgKssKesEKN5jfZSStP5jtdbe3FbQE5ICa3YKmJfPMC3uWl++RHkwFI8Jffz5uyLv49Ow== processed in 32ms
[2026-08-24 09:23:28] [INFO] [db_pool] Transaction payload payload_hash=GcFKCIQTlpJlrzXc3z6rQ6KxT0MKyzbl3atB9W8ngCXUjdo3cGL/LY2Gp36Jp0rXJ8HC+rOme1ycE5eh077hTg== processed in 82ms
[2026-08-24 03:52:30] [WARN] [cache_layer] Transaction payload payload_hash=KM9DwPv3Eth/OX8XYt/requxyNcBPbBUtX0TnGSTM3L/pvfSFwkffkxb/wO+QU83FuKWooU9eMk8hF67hquWqg== processed in 37ms
[2026-08-24 10:24:33] [DEBUG] [auth_service] Transaction payload payload_hash=vnTFrPW9m5M/la0LyH9Z2AzVvuGjz7bpbNGni2S3N4VueCFYZ5UAcl1CWi9VcDnEqbtu9RkyLwNu3O39d/ozTA== processed in 172ms
[2026-08-24 10:09:19] [ERROR] [db_pool] Transaction payload payload_hash=VNHLoL1TTf6i/E4Xr7ZAKrfDXObJxVQgCh6poUVyng7I4oxFGZNhNA/Vn242Qqa9IGFLsrNktpCfKaAtNH2bDw== processed in 279ms
[2026-08-24 03:53:24] [DEBUG] [api_router] Transaction payload payload_hash=353YnvAXHE3omwOJMeWq3ksG/fbNxv10/t25Gdh4q7g7GQna+Ewh8h31FFMc3PBbvg3nQ8NzgBU3SixLuYtgCg== processed in 148ms
[2026-08-24 07:40:32] [ERROR] [cache_layer] Transaction payload payload_hash=eRzP2NMLeFO/GMdp3Uh1l6OsXbrvysVFe/76sI0ItKys1NBPmzn1q+YAIv9eUrAzDqbJM8a/UPe2ti7zmfm74g== processed in 96ms
[2026-08-24 08:25:59] [ERROR] [cache_layer] Transaction payload payload_hash=6tKM1Memu82YxY9Bg/YZTY+dXVkyCDrPXuwSXrCPqVKOFPFxbme4u2FQaIMutcQK+OY7Ly+4CczYqw74IXaMLA== processed in 40ms
[2026-08-24 10:06:29] [WARN] [api_router] Transaction payload payload_hash=D5yvenmf21soGND67m9W/coz2QoUnmPFFFOs07tLkXBaV4LA/YnGKUElJlqW2jrCPFNCGeTDXkUkuC6hZZXb4w== processed in 212ms
[2026-08-24 04:57:32] [INFO] [auth_service] Transaction payload payload_hash=IksfS5pkqHcN38tKkCL4A3cznRPAYRXJ6FSNF1HjGETAHeRhidRo2ny6LDn0G7gBflSIge4AVb/kRyvG75tSqQ== processed in 29ms
[2026-08-24 08:23:31] [ERROR] [cache_layer] Transaction payload payload_hash=9Ek2XXoq/G7aXxzxjaVxxvrIZKk/2+oX7foALHRP9fyHKc+deLpD7elvrlcJNGlSW0x25oNgYd+WEwAJDLrpCA== processed in 232ms
[2026-08-24 02:43:31] [INFO] [auth_service] Transaction payload payload_hash=4T2FqPfd634BJQPfJgMe3Bx1IDI+Iera8EgJqZWIW9W7yWdqp/SgAVW3GI8o1kngoVv7zwq022gh76QDAc4HpQ== processed in 108ms
[2026-08-24 04:01:56] [WARN] [cache_layer] Transaction payload payload_hash=qAoh53ixVdewKDtbmWzIk8kmYLhcvj9VI47B4Pqbbf9ywovP/LYNHZ64mwLNmFINEFAL33K7EQR64SFSzksvYg== processed in 40ms
[2026-08-24 11:14:22] [WARN] [auth_service] Transaction payload payload_hash=lHXQf1N05cQz360TeSkJLjJvhZ3VydpokURnqpZ8Ly7v2sFHEqgM9ZQYJ7k+hVLq3VquQ5P3XlRJEo0JmgdK1Q== processed in 401ms
[2026-08-24 09:11:53] [ERROR] [api_router] Transaction payload payload_hash=Z+hpmpsHf4u8VeEHy8D6lxtJyOblRU6N6GAIDeQ4/m8DwUY1f/xzwdvWAdNydq5vwCeDd9OLoofhz8WtZ2m45Q== processed in 225ms
[2026-08-24 10:22:41] [WARN] [auth_service] Transaction payload payload_hash=R0ikDPjn9G3ErQ4Lkt9TzHm8TLpBXUfCIa7zolzPksEch2j9OExZXFwAp9Qxg8QCWWqfN5lVy/kP1TX+r8HWlw== processed in 258ms
[2026-08-24 02:55:23] [DEBUG] [cache_layer] Transaction payload payload_hash=SEFBNb6RskvZBBM+Dng/htIlqoF6UEackzyBMkh455r3snG/NMqvyLeTFTWrwgfo0xDdY99nB5l+S9VRdIE5uQ== processed in 215ms
[2026-08-24 06:43:32] [DEBUG] [db_pool] Transaction payload payload_hash=JifxFObxrjC8f4t39sKbVuGfhtaLdrH1L7NgR5eyHbj527EiRuIIWee+R9V3TrdpaclfwjogYBPKLrYma8OHQg== processed in 419ms
[2026-08-24 02:44:40] [ERROR] [api_router] Transaction payload payload_hash=Nw+Upy036U1ON31IxjgUQzOWMJiq889qjh7QSSWy0z61kt+SP2fSpj4WEVj23d9I15R/cKzYZpedQ7rzYM/6bQ== processed in 432ms
[2026-08-24 04:34:22] [INFO] [api_router] Transaction payload payload_hash=wZm2yBpkLoqx1WSBnX4+GfwzN4JL4qJNU0b78eJJ5jGxYiJXLYXPYHOYNZNh4sRzEk71pKhIcYMp810Ha9dTlg== processed in 34ms
[2026-08-24 02:54:51] [WARN] [api_router] Transaction payload payload_hash=ckCBOPn3ZtjggOVIalpr49SXyOCza8ICFcgnfhMQGzuiuR3nCLlGN4Qz6YNFA+NLYVmtOmr0HCVuGlSSipAiKA== processed in 486ms
[2026-08-24 07:44:44] [DEBUG] [payment_gateway] Transaction payload payload_hash=17gXYMfJmmzrwkmPLhHihrcSFJIUe1/OpkjIMe0lB9g7Ux0uhuqPv3+8R5l6l3so1wP0Zvhx1mSYIcHnOUt0sA== processed in 264ms
[2026-08-24 03:52:23] [INFO] [cache_layer] Transaction payload payload_hash=brem+kiSyB9f/ySXUnnUlKPE2tkeou9P6HSuTeEsGywxnM0Yfoszb5CK/WRE52OjJoYqn6j6KY66BzHJPLn8Lw== processed in 286ms
[2026-08-24 02:46:05] [INFO] [auth_service] Transaction payload payload_hash=e8Jj3LOrTwXiU49ApcHomYWf6V1y34BZspOavBcc/lwpFln+VRS2fl6MClowljPXF3vMOgpnDmzkBQ6XJbfSlw== processed in 13ms
[2026-08-24 03:46:04] [ERROR] [auth_service] Transaction payload payload_hash=kQzOuWYneUq42esQ04dWiKguTXgGicE1smm9MW9lQ/2ieiQPFz2ybTJjN4nZF4/l0xfpV1p2//OINyDAb2C3bQ== processed in 381ms
[2026-08-24 10:38:31] [ERROR] [payment_gateway] Transaction payload payload_hash=nQovjympauj0iAtwBtvgem9BqHz1f8pIJAtAmQmgmWrR7lJEmSzlZNCiBA1QlLvJPJW4QJ3W3nDWP0Vvkkzqjw== processed in 163ms
[2026-08-24 06:31:57] [WARN] [cache_layer] Transaction payload payload_hash=IyE0BLSwDhYvtrwZ8RKC3mUmUa8T/6r8yB/kjLJvvOBM8NceqhjJgxt/LdPAt79W90ewLeEBKtGPS6LWsN2sUA== processed in 112ms
[2026-08-24 10:35:14] [ERROR] [api_router] Transaction payload payload_hash=ZYeirCY7puhTHZ/vIPh8gfuk3qd0xCVU+R1ifitnCVUdS0rC+04DpzNzOPONN4subA/0rEfk9osImwyN+24yMw== processed in 458ms
[2026-08-24 05:45:44] [WARN] [auth_service] Transaction payload payload_hash=nNdmzUR2ZEK/FJq7W0+5ljzZmj6AuAeRps5avGDVDAZVFl42XuewhfDFfBNMAc19QPlTbOETgmJrrphBErWDIw== processed in 177ms
[2026-08-24 05:36:43] [ERROR] [cache_layer] Transaction payload payload_hash=vFM9BzVZT38cJ49bA3nD6fID/4PDaiKfu5lKKMGktInLGs/pd4W2syemZWe/dSyu6DtMmIWrHSv2LTDof8qdrw== processed in 444ms
[2026-08-24 05:33:12] [ERROR] [payment_gateway] Transaction payload payload_hash=Gb3FsZ7UQy4NcGht0eOFf+hslofK1SC8AGEXsHWG7QniiRTanL8cv3MCX+6XjTHzDczoRO9now0owai0E8I1gQ== processed in 73ms
[2026-08-24 06:27:32] [ERROR] [cache_layer] Transaction payload payload_hash=YumnrfgAbeJ4u6hq3oFTIkxefzGokVldgYPkwtd8ck2rgvpEUBxt/UsHA6JFbSDx2gEnt1u0MtViYgDd5RacSw== processed in 119ms
[2026-08-24 03:57:30] [ERROR] [payment_gateway] Transaction payload payload_hash=uJAJxdr+c98xC+4gbRLeBzYXSjuC8P06MTXJ2XoL4TSzRKRhZr6c7JN6NJoc2F1gPY7vHZ3YSThEsk/Y9cMxwA== processed in 226ms
[2026-08-24 08:05:28] [DEBUG] [payment_gateway] Transaction payload payload_hash=bnjBkdREhfrnl9KnrKQx8qoy2Ur+Ai9snIlLl+6z15xo8GSR57on4rp/yFvyKJO7Bm7YV2wbjL/y+J0zzTiN2Q== processed in 192ms
[2026-08-24 07:05:40] [ERROR] [api_router] Transaction payload payload_hash=/EkVxmdznLBHIhE/85Fqrh6+/oW9nMk2rzmjNCNmD3dBeN/Cl/CEUZ7bnpWB/SYFpeAfpFKu/SYYfpPw9u3XmQ== processed in 351ms
[2026-08-24 09:20:20] [ERROR] [db_pool] Transaction payload payload_hash=9mMfTQcqN5urWxvuJIA5dAjqA6s+XS2UamgJYIkaG2HsOqa6MAmpGifVRXPIxDYxchUtSdlikALwhxe9PPATxw== processed in 306ms
[2026-08-24 11:15:55] [ERROR] [cache_layer] Transaction payload payload_hash=fhBbKzbAJ8zWX/5kkT/0E/nJriycVMTQaxPGvsiyfGvwczB4JzNLRKpne+gwhjIuvTHSvEnuP11mjHOkl70qDg== processed in 105ms
[2026-08-24 10:17:30] [ERROR] [payment_gateway] Transaction payload payload_hash=eDOEBTfgCVQXjz6B3IQkJz6grBgrszwlMPvvza/4KOsCuiY/UPi9U51CdKElIA7I6tlzx6hscosNIFnxjNzdTw== processed in 197ms
[2026-08-24 02:52:41] [INFO] [payment_gateway] Transaction payload payload_hash=kDOz3sCzDT44+n8V8/qlOazNRv589IJFllDVSRcIxVNTDrtcgVWIdVv33P2FOyijZrDxcAPvlwsprLhmle68ig== processed in 466ms
[2026-08-24 02:58:49] [DEBUG] [api_router] Transaction payload payload_hash=Gb8uZl36FlmJ2YPWC90TB8YYQGb7couK1QGXOwHygi82cKfeIZ34Em8u6P6DMHpN7JpHo04HCAOg36MwYNLKYw== processed in 421ms
[2026-08-24 09:13:47] [ERROR] [cache_layer] Transaction payload payload_hash=yKQgQcKagcRuWf/yAab9QduvjRfB+AsXSKEDB0ZG97nzSCVlINeLR4SaS7d7PV7ktfuIaofUh3At+B022xiZzQ== processed in 158ms
[2026-08-24 10:14:31] [WARN] [api_router] Transaction payload payload_hash=arZgyHiRF7t3D/AK43d7M5lA3xa18htuHHV7CgNdSzXIdCR3SlK+SI3YcpC8MTtwiJT+9EPa8ou8HmxMe2iH0A== processed in 362ms
[2026-08-24 03:41:14] [WARN] [cache_layer] Transaction payload payload_hash=g7g3Lp8nZzXnZhswHtIlWyrpT31woEGNSG7yO2O3B+RNjxKdwZyJ4YEyuwvEyrEJFOjJRmYfTa3URliyySWGJQ== processed in 470ms
[2026-08-24 07:37:27] [ERROR] [db_pool] Transaction payload payload_hash=uy0LjulzqImSD2WUEntglItS8dH9pAF3SrVqw9Rsy31747LLLHNPP5qyA150mnj6kbSzj2u9QSYf/OqngrbpZQ== processed in 151ms
[2026-08-24 08:01:30] [INFO] [payment_gateway] Transaction payload payload_hash=f0OlJaB2DPbQZYTZfwCACy7pL7CKTzWhtAq+QFLuQ95fRvpeBt9B3Y/rBFMtZK9n9a/87xWVWoy9F6br3dhZFQ== processed in 233ms
[2026-08-24 09:04:16] [ERROR] [payment_gateway] Transaction payload payload_hash=ZDLHhWbpw0uywnZbpjVv7d5sc4KUr043wtWrQQuegOaFDSCDdO1yxqj5BgNshAz1NGvqT1Q5z6HMTqj2ZapFdQ== processed in 22ms
[2026-08-24 08:26:46] [ERROR] [cache_layer] Transaction payload payload_hash=+VqOswy86kyploDwDvKYq9sVEu4QVUAEyIAKn9zAog+QtuDqGY3TS6hPcqum8JiZnLpy6AiJeThHuj+9Kk+5Lw== processed in 43ms
[2026-08-24 04:45:47] [ERROR] [db_pool] Transaction payload payload_hash=6MlDVN6R8kA280gJ0oyidFG5tEi6gRDMopbQ9KkgAWJfyHVHUZ5IkbohJ8CCE4NujLYZ2K4DYXBh27yM4dHg7A== processed in 244ms
[2026-08-24 05:08:42] [DEBUG] [db_pool] Transaction payload payload_hash=cPRsEeu30jhl39DwH2ZyXqV0rFXAWXP+PAH6kmAhpeQRghTAfU5hsl2AqbECG5+gShUIc0R/6Z1HPc+PAyY9ww== processed in 10ms
[2026-08-24 05:17:40] [ERROR] [db_pool] Transaction payload payload_hash=mJV/q8cKNuU/HmHWghtFYEhGpz1B04ioh0QIRQuMySn9VqTer6jXcsuTdZG7EsDJIKCG87P4lwGQMl4QMO5mYw== processed in 411ms
[2026-08-24 09:13:42] [INFO] [payment_gateway] Transaction payload payload_hash=TrDAAEZmkUGGLsQj5pGnCCuNPNXFr4fIlMd4SmrpAyR52kx+5BZuc6Fl08V1kqsm64eHgEVuIOP3hSgA/M0PeA== processed in 442ms
[2026-08-24 02:50:47] [WARN] [payment_gateway] Transaction payload payload_hash=iw2qW4xraM77Cyt83SSCGRMmyxXpxgCueT6dZe0gbjbCyufY9A49eqKBAzb/ZU54Pc74YxZka+FYG7qiZtC+Tw== processed in 253ms
[2026-08-24 10:55:27] [INFO] [auth_service] Transaction payload payload_hash=PfxcQ/t0pC2XkmJ1H7X54dliUSWzYiO4MYoSTumSfY+m/Us0W9ZtEuJps+p1vysZzcPL4ZtZojb/r5dg/DhhQw== processed in 343ms
[2026-08-24 06:58:40] [DEBUG] [auth_service] Transaction payload payload_hash=xctT109NznoFTsAs29gPUNGiQBVMzY5w9r2Vfzl3/ozOScfSlwpflrtXp+1OmdcdX7TVftw0Ox8K4GCCzPiPhA== processed in 232ms
[2026-08-24 07:03:31] [ERROR] [cache_layer] Transaction payload payload_hash=eWeEoIUGIxy/b15ZjLjU09S96ItG7pxNp/Qkxc2GtLPR9BdCt5UovcQy37O6gH6n8pmidibVCl9AjMWkgO0KNw== processed in 303ms
[2026-08-24 04:04:38] [DEBUG] [api_router] Transaction payload payload_hash=FUWTz+3FQRKTSqALQnQ1Gh7e5MC/Xbw3oXBtkyxdK2MJF+7T5MTSDiBeQ1znP8NfHlQuf2XChAVdQnaxE0gIHg== processed in 339ms
[2026-08-24 05:21:51] [INFO] [payment_gateway] Transaction payload payload_hash=uPybEgMerHTEtFB/wGyDUjjvnK3b+6us/TYRgt/LwmTS7qTfhONuzbEML8rduzM2JMOGeF8Z/vhoUqbGfnPEcw== processed in 130ms
[2026-08-24 05:42:53] [DEBUG] [db_pool] Transaction payload payload_hash=jEBsuRLHL4diASJO7IFfh1H5wqxU9xKVvcoxxN7Ze7eaP/Ym2e1a1vcOJiTnZgDMceBop2VSYOuBDYp25PVtmw== processed in 174ms
[2026-08-24 09:07:20] [DEBUG] [db_pool] Transaction payload payload_hash=dJVWznQkpHiHC5fAyNAY9VPbqJSoOVHCDxX/rOTdgBlHkvqO1JTQ4aVMkxJUdrOXmhQd37BuzY6TWZnGUrzeZQ== processed in 37ms
[2026-08-24 07:48:23] [DEBUG] [cache_layer] Transaction payload payload_hash=3s6aBg+WecVFxuTjivb+NHQe8s1LYTRWgfihcDqoI3JuaWS7MlSTdkDu1xta8Cwk5pUVHP4qwehrER0GK86CMA== processed in 461ms
[2026-08-24 02:47:19] [ERROR] [db_pool] Transaction payload payload_hash=bCIjyGF8JYJ3qbiXA3Q8vEbSLwuFNdxZdQp6Qi2EHLc3KaOrGSHieB/S/PGEnNci9f6BnoFI5l9JHdA1wX7LcA== processed in 0ms
[2026-08-24 10:00:05] [DEBUG] [auth_service] Transaction payload payload_hash=GKQjii6sflRDjgV82yfygfLx9ldxZR243CMjKYtKvQ/WTLM0HdAS6fSFaYVjASuAlGRVPrNCJJLe4H2zU8DkiQ== processed in 209ms
[2026-08-24 07:49:04] [DEBUG] [api_router] Transaction payload payload_hash=Awy45H3lXA0a7sdXRQW/awWzfqLwIfV409ZvZtnuk9QrwdMLhgr76UChOHkSA9WMYo5m2YrcjG5lpSPf93VFwg== processed in 95ms
[2026-08-24 09:40:33] [WARN] [payment_gateway] Transaction payload payload_hash=9bVIeMUCKAfYvU0y/XK5mGppLi/3tq6dR+mQu4MhxS7S/M5hk5gsfD1C8FvufzzTxtWv6C9dL5TED1mkdweRGg== processed in 247ms
[2026-08-24 08:34:59] [INFO] [cache_layer] Transaction payload payload_hash=D/Xp0AK30JLR5jsH6bfdy/XPU5dqJN8ldH2CxevwkiqqCMpm+/4MMP1b9zFvIhInqKTjM3c+0PvojV766mH5SQ== processed in 410ms
[2026-08-24 05:22:52] [WARN] [payment_gateway] Transaction payload payload_hash=rDr+Ms8yboPTZHYJs9VLiXa9c9fpsdfgsehgbT3cs2eCVIISVTQB0OwVkrrraB7jtuAYtVsSb2GnpzH6q6SN/A== processed in 194ms
[2026-08-24 03:01:47] [WARN] [db_pool] Transaction payload payload_hash=gNFI3B8SqP+sBWZTWAMSYxQvfn09q4JEKatXymMnJMdfHOgM4qQMxCxCJerxcsj5VuTURJx1xkK6C8K7mEm45w== processed in 181ms
[2026-08-24 07:00:22] [ERROR] [cache_layer] Transaction payload payload_hash=SX0StmPRzVAeelBoU9LeFbWEzZJq8kGBkvyQOnIlHxl0rJE/2Ytr01q1Sfh3xHr/vhgUdHAwhK3n+JrP/JWswg== processed in 309ms
[2026-08-24 07:38:08] [INFO] [api_router] Transaction payload payload_hash=l37Kw92XJD+qKgenPeMduk9qND9xDIJ2TXONf2+LltP527TTRqYcOCGg2CZ8kKj6B6pLqrGEawV0IEfqV8p0Dg== processed in 106ms
[2026-08-24 03:40:45] [INFO] [auth_service] Transaction payload payload_hash=AF/8a9I+121xRsktQ4ZaF946Dm8gIdI5SUXZe8cm9pTzDPXCYZFV0E6M3u8Gs9SS4xsomebi5fvbeIFJ7CoGgA== processed in 257ms
[2026-08-24 03:15:07] [DEBUG] [cache_layer] Transaction payload payload_hash=Gqm+EsZgj2k+Wl1StOOA2T2IMsTH3yeeA8jgflgQvf5+yQLwWgQWiqorvrV1boSPnqfm77LARSLwp6UJBjlkYA== processed in 118ms
[2026-08-24 10:51:09] [DEBUG] [api_router] Transaction payload payload_hash=IEU/QHP9noU5kwoaQBvRKtwrKhsfuwx5ZOf2yJyTT2hUVUojKO6nUb7Cbb1GAtgfHgvj7zbqRQUFlsHyyts6Bg== processed in 61ms
[2026-08-24 04:45:07] [WARN] [api_router] Transaction payload payload_hash=LQL5SdZg6r91V8j78IBC7NkJqkoObqDnVWUkJC/N9rDALFwQERvsa8Fqk6EzL5dq2cLcODOYhQz6EfHXxnI8Qw== processed in 181ms
[2026-08-24 03:46:29] [WARN] [db_pool] Transaction payload payload_hash=l+LPtmSNADISIEMAJucw/0JXNyRE7cnyvT/6CEWyfusLKBxepmNoGxplNSJ8i3rGnVUgwbWTKtD5DBAF5ZFidA== processed in 181ms
[2026-08-24 06:42:44] [ERROR] [api_router] Transaction payload payload_hash=BJCdLUuUU202BV3+f1EyFNBhnBofxzNpnosnKKS2IKqP6d4jBo42sMeUR7mRGutb3EsbslNAX3Z/F7NPxAq2Rg== processed in 227ms
[2026-08-24 06:00:03] [WARN] [auth_service] Transaction payload payload_hash=0sx8wcRfh9UsCJQ60nr6hsDsLS6DqxUk0KQStIwifyAjv5uy4BQmm+y/eXIoTwlhkY8dmKtGJApDNmEdGBXo0w== processed in 437ms
[2026-08-24 06:36:58] [WARN] [api_router] Transaction payload payload_hash=NkZ/T73GM7zoUnUdsynwb/GRn25EVetwhNFmetvBIGVUwyZv89ZbeedyhLjcnjAejBoMTbyJoHxSnyoxpQexhA== processed in 108ms
[2026-08-24 02:28:52] [INFO] [db_pool] Transaction payload payload_hash=v2QUKG3XLwAGbd/GXu2XKFMwgjPBolWFJAyxKHd8GdKhDcBJPddZs1djEiPwgbjBw55+aMuAoZaR5BoXvUyAVQ== processed in 125ms
[2026-08-24 08:22:47] [DEBUG] [auth_service] Transaction payload payload_hash=sOlYcU91CxSTunKGGCSYxk32eiWJfdkhmE96tQI7UuA7ztSiPuQX/G8DKnmJl8P1MT71Ip6nkghWW7eQoyWWdw== processed in 183ms
[2026-08-24 04:02:42] [INFO] [cache_layer] Transaction payload payload_hash=t1an3MaFkYEgLAFtpCN0r4xCu+lD6Gp7Wv3O0qQBA8+JkLXr4UpsAGg+zQTLeY2tviUs6zKveEWdNCqze4pZXA== processed in 331ms
[2026-08-24 10:42:31] [DEBUG] [auth_service] Transaction payload payload_hash=9nOwmcg/pty5BJLrY30ya/pS1GNIxUbaOSKzR0/l6yGntutaJs1cMlXZiQAe1/IEGGRzCSGgID3n3rDiaQ1ygA== processed in 405ms
[2026-08-24 03:33:30] [INFO] [api_router] Transaction payload payload_hash=aBQ5fL7r24ERNQ9wz96pP8FIO0NQBPglN4KAwvJCQyVf23HCgV4/JKgP5JnfhMOq0cmFTRX4rjPzKYb3ykp0cA== processed in 462ms
[2026-08-24 02:45:11] [INFO] [auth_service] Transaction payload payload_hash=wdvOxmihdIzyZ4EsPH1YBnLJeiARoRoplbCS3Qy3vNYBoddwNOAh2Ea1CUjVTnxoamtubL/lY068ZahPWvFQZg== processed in 30ms
[2026-08-24 04:12:37] [DEBUG] [api_router] Transaction payload payload_hash=7wDKp3KuDUzkApvLDXBwdh0oG2OLdThh0ebXLhXdj2jg41tkk++nimkDy6i4N3pKFIl+3VRnplO0ChCFuzit8Q== processed in 4ms
[2026-08-24 08:48:20] [ERROR] [payment_gateway] Transaction payload payload_hash=Etse8Wks+khL5dbIIy8CqKPFeqiCBdrUq7uDjiN15z3VRuNI+9F6YM+tO40qV9l855HZOEKmOlpJsnf9FF4KtQ== processed in 497ms
[2026-08-24 11:19:09] [ERROR] [auth_service] Transaction payload payload_hash=F04+Bl1GLUwimNt2/vDEBZ3SVJyTXfwIGHFPij2GnCXg4rhZjg4NHcZ5AYWJVii3rqwC32YjmgVxrvSgtLKAug== processed in 330ms
[2026-08-24 10:51:59] [INFO] [api_router] Transaction payload payload_hash=wP3WVcwC/WIWai+iaecNMMtb2slwWOD+E3ynyExzFqgiJbo6k49Szn4eogyofXSykudR45Tk9jO+mgVrFnZfeQ== processed in 497ms
[2026-08-24 08:10:29] [ERROR] [db_pool] Transaction payload payload_hash=92KVcl4uLICY48m8woCL9GxTBSEUx6JDxxMTT/MlSVU02JAHLmU+n+8PIK5tS/ucCIScSWQOcxZsD+SbGs5xWg== processed in 439ms
[2026-08-24 05:27:05] [WARN] [payment_gateway] Transaction payload payload_hash=XUGmY8eN+J9YPif8IYlm/GVH4I8hhbTUBejWnpdMR7lJM7ye9CPPh8Y1lV/mC1k4tx7quS4fVKMtdZFThNWl4A== processed in 50ms
[2026-08-24 04:33:46] [INFO] [auth_service] Transaction payload payload_hash=73MP4/wTxvnsPh6jIUwcl3Wzc87rCCcVSgGITk69LQOE4lkuqulo7JXz+33go+UhM2L4X8OhnquCpKUYVs/Uxg== processed in 83ms
[2026-08-24 06:17:32] [DEBUG] [cache_layer] Transaction payload payload_hash=fPsbBAxzmg+Tu/TFIlNtQsyVhLcHmyPDMrO5QlLVThgB5VzwL4byXwSCBUwFgNeeQsgR9lv9NMOV1W7eJV12lQ== processed in 227ms
[2026-08-24 06:10:23] [ERROR] [auth_service] Transaction payload payload_hash=d5jrz7NAJVDNHxDVI0xfHVA8fEqkRdCkUcRPZdJDcraC/FhjbtiCg73WLIaC7NCtf6WcFdFUpxmbGc/uWHnMLQ== processed in 119ms
[2026-08-24 08:52:42] [ERROR] [cache_layer] Transaction payload payload_hash=zOKX7SWYxE9zpgIftbZIXVwdkTs3lRpiqlTiJEXFUAY1aShAmvU3x2mzwVPrGkP0gJlUCTP9v2xLqvY7NTJEbg== processed in 52ms
[2026-08-24 04:09:41] [WARN] [payment_gateway] Transaction payload payload_hash=4Mw0j+K5fAQnAWmHg5rf9zJuf8Vx2TWF1aW+3zriz+pTElZ2SJHZRsBcgyv2NrDkafYf8c5eUpmFArL/QznNHA== processed in 253ms
[2026-08-24 08:16:28] [ERROR] [cache_layer] Transaction payload payload_hash=5cEwcV53Z3j7yZhs777r3Sh/6IKQhcvSXVeUuF+6pBZeVMLL/f6sMB/F+yT7E9LzHqSBtVIyFD6OJFakFJg2fw== processed in 394ms
[2026-08-24 03:17:55] [DEBUG] [api_router] Transaction payload payload_hash=pwYlcgbjKJHSuLyI+nnVjjjMN3qf4AWwX7+LcNYhblRf0wJgdY3cA0FQXC8A+SFp24HkA6JlpXZTbCscE9wuxQ== processed in 73ms
[2026-08-24 09:28:19] [INFO] [auth_service] Transaction payload payload_hash=LoXGH6RzsGXksF3AMKjTZlDSCKtizMJ+vKTQsfoFGNmTxO6r7vdk90ybJd9ewwSRN678AKPjGgeaiAvEBzQgjQ== processed in 68ms
[2026-08-24 06:41:15] [DEBUG] [db_pool] Transaction payload payload_hash=iMPDHd5gpqU9UbYGUebr6ScwGH/CX4mLV14zxuJo7x8i4WDqo960Q9W6mn1aEmIJMdsH/Ulv2B3n1x0fpfexpA== processed in 315ms
[2026-08-24 05:43:34] [INFO] [auth_service] Transaction payload payload_hash=SrLprGM/oNmnY3FfxDl0RT+Sz9Kzc9qjTOzE1TPJxjGRhBpVbtdvjQKrmUIEd+OwToCtr8Cz5aroAFPSV67kJQ== processed in 237ms
[2026-08-24 09:44:19] [DEBUG] [cache_layer] Transaction payload payload_hash=pzNfaUT4Wzu+A4Xt4jUVS9fA9igQnCuh3UVz5xRiHsG7O2y0qygtZ6+hE+PYD6ut70kLqB3UdYbRSOI+1naWIg== processed in 99ms
[2026-08-24 10:46:55] [WARN] [auth_service] Transaction payload payload_hash=KuTChh1TEBTwyFN1h9RL5uiLAlonf5F/FQObmhcfvxmDTz/8zdRNgv4kYHvpF5zLaXHaj1BJnYHQwjMO4N2kTQ== processed in 329ms
[2026-08-24 03:24:27] [DEBUG] [cache_layer] Transaction payload payload_hash=4tlBS9mYRTB5/7p4FvcR2SdltVLAYjXn/MdyUDfCrU6ChjWaVsquGsobTqxj4ltKhBsaNTwow7K41+eqLGaelw== processed in 438ms
[2026-08-24 05:14:58] [DEBUG] [cache_layer] Transaction payload payload_hash=PH2eD1cdN/BWZTsj2Vcqf2nJAlodx64iKEAdTttiWbYkOPP7ojr77uwe9jB4GqfNAVWixRFMEKyp1erN4w0HVA== processed in 301ms
[2026-08-24 07:36:03] [ERROR] [auth_service] Transaction payload payload_hash=ousgnK75dpUMaIMusbmwT/CoZUE/c/kPKwIcImXtgrgFqqZeAox10iKCSHHWmwoiAeGJIia8k7F8klRalh4SxQ== processed in 266ms
[2026-08-24 07:46:48] [INFO] [payment_gateway] Transaction payload payload_hash=77cnjxOzafvGQP7mzq+O60ZgIFtDa1iky1CAD4NipOmvqKNizsP9FXitPoJdo7TwimTf/7a2rCZrJYZkjEVYqw== processed in 244ms
[2026-08-24 06:48:04] [INFO] [cache_layer] Transaction payload payload_hash=UtTdTcT6rTCjx/YECxclkvUgrwXdccWA6bw9+cZZJNA1Niie0BwZ+9pAGdERQUzKRBGqCOzdGcl5mN8Xv6OMuQ== processed in 429ms
[2026-08-24 07:34:13] [WARN] [auth_service] Transaction payload payload_hash=Jz5BZVegrmrjlojLe2sXFUEiC//hAPCN+zN2PlS6+AJkZCIi8HiGsNNP7v+HFiM28UpbIF0rk+Ln3KIDgwGBxQ== processed in 490ms
[2026-08-24 09:24:59] [ERROR] [payment_gateway] Transaction payload payload_hash=7TMSv3o3a013EZ1XuYIBefPrJBAuDRRb1D4re7ZuW8EbPKct09SXN0OCMM3MeJQcbgHn6HRC/4zJoWy8XqtSHQ== processed in 282ms
[2026-08-24 02:53:08] [DEBUG] [payment_gateway] Transaction payload payload_hash=MvpOCs11qpZGekwrDQcdq4W7fFRC1FheT26keWqb+xJn8t84jUTclLfS3JvF2aXQG1hlxi0HXgpCjVlo/83J2Q== processed in 44ms
[2026-08-24 04:17:59] [ERROR] [cache_layer] Transaction payload payload_hash=9wxk9S6ctjYm+Cl09OLROhxJ3hG/zU3+sfPGAWEh/vkkhrUA9D4EwMn8/zh4b7dxS2rBN3rzkek8aWCMtcfM6g== processed in 463ms
[2026-08-24 05:16:29] [DEBUG] [auth_service] Transaction payload payload_hash=cpHqS3L0qp6RWHowL5YugplY4wBYJ7AoRYz3XL3bniX1hq9Ams+9L/PJ5xeaqgpk8aaZJR4FPzLwhCl06zGgyg== processed in 63ms
[2026-08-24 10:18:59] [WARN] [auth_service] Transaction payload payload_hash=op+1kZraXl5gwYKeELtQC994a3/QQR5pYJU6TNd9mnLykBeUn+ljOXikKuUa7/C34IxB+WBq0vvOZRwAHXW4lg== processed in 175ms
[2026-08-24 06:39:01] [WARN] [cache_layer] Transaction payload payload_hash=cEDCZBKX6kUirvWHy89uXkYG/d3Cx+92cpLEnFI+e8J0gsSo/ZkyFiNCw3XiSaTWIJf4Be/4gTNODgFPZSeR+g== processed in 467ms
[2026-08-24 08:24:58] [ERROR] [auth_service] Transaction payload payload_hash=S4zOt7N8PiNRXT9khe6KIPZ80xuwq1kA4qYq/u6/pbNVqOu76Zb7ws0hJEvHs1Ol3OeqzeAfxM48Ys3W+IuI9Q== processed in 5ms
[2026-08-24 05:58:33] [INFO] [api_router] Transaction payload payload_hash=QsDM9+VUC7npcj9Ferf/eu2xCzYgEL2eZ/Qd069mk+7dCewGenJwl3gCaqvtc+epx28mbdm7N1+sd9im/3iMdw== processed in 435ms
[2026-08-24 02:42:42] [DEBUG] [api_router] Transaction payload payload_hash=d/Sj5+vrQqgCPEaSPKrosVbkD1nRaucOy/2kujQPWRcFDQe7bm5qEjrUHK9xeol1DGe0x/yBwDyItQPXkZVtBg== processed in 453ms
[2026-08-24 09:27:14] [WARN] [payment_gateway] Transaction payload payload_hash=/wOMXvKA2wPGMVbk1ixpYZ5J0ci0MrTRKNoNyVVxhWsOA0++YRnAicoSk4h1YeCtdkN6yztqVuQRqqlEplr8zw== processed in 263ms
[2026-08-24 04:15:58] [INFO] [api_router] Transaction payload payload_hash=ZfxYtsDnOeW7pCgSKKhlpWai0lRrYvNJXagPd86Oz5CpRDoOlXVNk223BUW2DyOJ2wbWfG43k+fbZvqvKUKJKg== processed in 88ms
[2026-08-24 02:37:28] [INFO] [db_pool] Transaction payload payload_hash=53cEmNMa9Qxd0dk/HI91Rghr6oalGS5OyF6aXr+pB9/odLxsx5vANNgq+I3PtqIBUOkuEmbz0hwcMTJocUInTQ== processed in 344ms
[2026-08-24 05:28:30] [WARN] [api_router] Transaction payload payload_hash=VOm48iXC6HH0NzUC4Pp9aH25kE0ZHwHhNUfpRRNQEAP2jBmXAjw1ZlJxiO1h3RzgOdEGIJkp3NwPuIUc48ViZA== processed in 119ms
[2026-08-24 10:38:36] [WARN] [payment_gateway] Transaction payload payload_hash=UO/D0gujs+Uzk++jnOWRDx3nCFk0atQlllvF0XnYZ7rZmKPeDArIkh0Ol13R9A/yXmZl16pKJaLeml3IPXXuvw== processed in 467ms
[2026-08-24 06:51:18] [INFO] [db_pool] Transaction payload payload_hash=1eEasngXeJE2KWOPNCXpxWSJ8DRcBt9RQwhJ9QKYpsfDHBhfsFQp0V7Os1zgtb6KwJ/OFmvNyh5esPYen/8HLQ== processed in 27ms
[2026-08-24 04:38:07] [WARN] [db_pool] Transaction payload payload_hash=utjHzi3NEL31UDmbe4fTYq4oJZZm8pqhPXBuvaj/xqzB/cZMKizgu7zP8rnZl3d6J1tLAUAYpv3Noxx8rqz1WQ== processed in 10ms
[2026-08-24 03:53:01] [ERROR] [api_router] Transaction payload payload_hash=6ggFt64u8gxXJ0NfXBaqkdzUpDmvUAwLvwksay076cHBA1epei2kNYlT6oYkSDszkdCgERIR+TRDbLRnIYMqTQ== processed in 455ms
[2026-08-24 09:02:17] [INFO] [api_router] Transaction payload payload_hash=dS+L2LvgPFiWs2LdLe3Y1ORaR83KLHBXxztonV2SECjac/bP4Wm2113mPHCrB8PoHdrKA3rHpouu4lTwx1E15g== processed in 275ms
[2026-08-24 10:41:10] [ERROR] [cache_layer] Transaction payload payload_hash=YAT7Tmaj6oPoQex3d9qoR/aNuFm2H3ZYJC5XGmZqk9M3ziCXesW1L3/HHkbLDVsMAoJ4hnSw4220xmSh7qWDmA== processed in 413ms
[2026-08-24 05:24:45] [INFO] [db_pool] Transaction payload payload_hash=rFRD2/Oql66z01ufDvXa7Mj1dPCwxnWVfr2s0vruGIhhJDIht9HsPtqD4vwpa3upeHWlBBGwaRa7r4bbvllKfw== processed in 406ms
[2026-08-24 06:50:38] [WARN] [payment_gateway] Transaction payload payload_hash=xKzeCNxcC8yQJH/02tTs+GjDYWF4/Dw01HFFKEBrw9kAxj5GAga3xC+i8R2vX9O0rSgirY2FpLgv7Fbk9Dh6Zg== processed in 13ms
[2026-08-24 09:33:02] [INFO] [api_router] Transaction payload payload_hash=GmRLeiymw2BzaLn5hqdNJo3SxGEh9Si8FEDIoT3GVdVm6QCNbgo5XumCNRBAWlbdWGXyWs03uz2DzcJ9PvB9Tw== processed in 18ms
[2026-08-24 06:27:44] [WARN] [auth_service] Transaction payload payload_hash=+1E16dmEy4AFfdI1AZEOzbdS7R9u6aum7FLFekK4exveeK8ipI6fRW9iLJnWPY/5YQxSNAt8XI6ivMbWg0OZsw== processed in 416ms
[2026-08-24 07:57:02] [ERROR] [db_pool] Transaction payload payload_hash=x0cnCX1JXlR1FnvOzNVsffRxBAYTqJJ5CmWGvO2ibOHjHWasBDNgVoXBtmju9/2Y/UR5f9MIoWZMszB3eer89g== processed in 383ms
[2026-08-24 03:49:16] [ERROR] [api_router] Transaction payload payload_hash=voYvnlMoYPp2da4SqlMJ9zHMo6fKaHptnViMSNqfEnQ2nhuD88pv6BOEVX+1mAdtSA9vw6BxpbhAXUNdUEJxXQ== processed in 493ms
[2026-08-24 10:30:20] [ERROR] [api_router] Transaction payload payload_hash=2sYtttlbmIUpAk2jx260QHrK/xkfn8uD45Bbz8ShAms3LuuNvgbqacem/Z74v2/sQiFZlVcJnIVzTiDOhNxoPg== processed in 453ms
[2026-08-24 08:27:54] [DEBUG] [api_router] Transaction payload payload_hash=48XDW5o/5fWYvN+UArlddFjJhFkNlovNp/VoK95bxE5TNzNwajrY10lSByTrfTVrYXK7h9hQ8FWjBeJR+KjOCA== processed in 43ms
[2026-08-24 07:08:24] [DEBUG] [auth_service] Transaction payload payload_hash=vUUaSHefL6hu9ux7WnAhFkUPfR5sPRk9qEsWWWS7LAtWxyK8jrNYXIiZ0PtnW1kx0WAAQ3m4S9nNT4QVbqT/tg== processed in 271ms
[2026-08-24 03:41:25] [DEBUG] [db_pool] Transaction payload payload_hash=G0hruiRlw2k29cD+NnOiZQu8r8SNLeJJUo1O7XXSWy2PqQzwpOVtH4xWWWpmVZblmD905lvIVe/w9iVJDmccdw== processed in 352ms
[2026-08-24 03:48:19] [ERROR] [db_pool] Transaction payload payload_hash=b8pDIbA9Vi5plHC7X/1ja3NuAX6MB/s+YRhJW6GjJvVqDUG/93nykeKGlaniy6rZ014FZCrkrbECBfP4Boc76w== processed in 305ms
[2026-08-24 03:07:21] [ERROR] [db_pool] Transaction payload payload_hash=5ovs5P0bO2RNIBMjOMfqJc/AWvgj4rwZ8sf5VMhWyVxiO6Qx517Plx6AYWkWzeUVPqhCtO7K6zfLJ3NFY5Yk3A== processed in 109ms
[2026-08-24 06:54:38] [INFO] [payment_gateway] Transaction payload payload_hash=7K+BtzUiNMvdATFpielSMTDDEKFQXBC5w1CGakfQZ+w8xor+O2MwJKWXt/yKAfHoemJEbYMxjMWF7NGyhyfM8Q== processed in 36ms
[2026-08-24 09:43:56] [ERROR] [payment_gateway] Transaction payload payload_hash=NmSILKCuwNLhDZN2egCs/ClkuF2zM6piRac67Rdm4Eo5otrVxJRsgUrGjvb0z54ngdtZE0tRbvFuVmNo+8SEeg== processed in 278ms
[2026-08-24 10:52:33] [ERROR] [cache_layer] Transaction payload payload_hash=HstDkii6xkCo/12Mxwt4okrmZFLvNJW0IwU75wvy+g8rDFcBxoKUWO7GgRpzvhRr6FbKED7RdeiMKDf7krwgGQ== processed in 73ms
[2026-08-24 11:20:01] [ERROR] [payment_gateway] Transaction payload payload_hash=hiA+wpH5Ic8Czrgk0p7xinxcXPhQCm9SdBE68f4UvHT4kztyJwjZBCrVxWIf1r+Fzdt/Bzid6G+06hA62pEEWA== processed in 177ms
[2026-08-24 07:17:49] [ERROR] [db_pool] Transaction payload payload_hash=4Rd2bhpRrKVmBgLZbtbD3XX/uvOUKGs4toYhHIN37FKnKZlcHW754d7zSfR9Jxlj2Rkziz2ygs9NP3vO6u7CGQ== processed in 224ms
[2026-08-24 05:26:53] [INFO] [payment_gateway] Transaction payload payload_hash=jt5d/47jHwYl/GMBj+nyAh1j0wAmh3n5FvAt4JxzzjvUnyMc8M3EgKFbdmWAK7OVwHHy3B0ggOQ+Ny3S6DIKrA== processed in 108ms
[2026-08-24 02:41:55] [WARN] [auth_service] Transaction payload payload_hash=foHyOhD0afjA9uUG/ttpuJcL09PPjRYH0rToqCXNvuS6rHW6Y2s4UfLpEyKvuVrvGpqBWZHg3Kx1J1d1l1ciAw== processed in 44ms
[2026-08-24 03:40:24] [WARN] [cache_layer] Transaction payload payload_hash=BEjzuO4xTaokopBTU2lk/tiVEJt7WqWGE/0bfUZrOJbkA3BZsJj0TauOSEAYM56M61j3uMfyff7zMGppaVEcGQ== processed in 12ms
[2026-08-24 10:04:30] [ERROR] [payment_gateway] Transaction payload payload_hash=RVQBU7bIZie1aP0V7zhmfcsgggtGRmudIFQfNVQwiLWFFlFmY2YU+UFvzZq/vsU4rYYXJgN37hFm72pRy4d8Rg== processed in 488ms
[2026-08-24 04:08:22] [ERROR] [payment_gateway] Transaction payload payload_hash=8ThpFWrqXiGYEhP3iZiICaCx0uEXtzFqfHwxS03Y0JWQAfD6WersDLJyKftMAqZdaFiGL/TMmR7/jRY+mc2FUw== processed in 170ms
[2026-08-24 08:57:11] [DEBUG] [payment_gateway] Transaction payload payload_hash=ICJtvf5mWKZYgmu2sMWAXSr5NLNTl/EJsKy+RR49sT5ZefF8IECKN1vdId/domTUXEMvQ+JLr/MQ2r31kTpu6Q== processed in 372ms
[2026-08-24 04:27:59] [WARN] [payment_gateway] Transaction payload payload_hash=l7/UMkgaUbMyrGK9E2uddPe6Mb0RUrH5y6wHTJ5pV/1ORGh970XR6vrNS/KDAuaPnlzqGYYQdUC5aNniO3MfAg== processed in 175ms
[2026-08-24 09:38:08] [WARN] [payment_gateway] Transaction payload payload_hash=+hLurenYwNMWzpkuaorA0i2YxD4OPhvavzMj+EwEdZBcRQMoc0PBBCK2G7x4dYpWqkycpgx3WrpQ/Ejpp8Sy7Q== processed in 205ms
[2026-08-24 04:50:30] [INFO] [cache_layer] Transaction payload payload_hash=VC/541IScd0hTIH7h2a9SpK5R483b+4IHybDJzrdvKaVoj+Sq98BClUQvglloGzQF9ciKZVkl/09KwlLtwqMng== processed in 493ms
[2026-08-24 03:40:10] [ERROR] [db_pool] Transaction payload payload_hash=Jw+f12kphR5ouxp4f9GrQy98sM3dCr3vKAZ3octTiZ0PLCahynmVAwJrq2pQTTncFCYykTs+7d4WWgMi7PIWQg== processed in 320ms
[2026-08-24 02:38:20] [WARN] [cache_layer] Transaction payload payload_hash=Nskqc3dPVE2icQZ9lqe1DZK844waN3tJPBixQ81hm6yfSVe7pOR3AOZ17EtMZcCD3aY8MRFu7mUmoO4em2GovQ== processed in 241ms
[2026-08-24 03:46:35] [WARN] [auth_service] Transaction payload payload_hash=SKONlIDWx3zCJZh/LQwfex1BbiKEpqT9VqWZyTbiqgImKzF1lB1ih8JEDdvxuqdBMokzGXsiZoly0+noAuzCJA== processed in 264ms
[2026-08-24 10:59:12] [INFO] [payment_gateway] Transaction payload payload_hash=NF18NOsO4a5JqpVpBYMKc5+IxexAKO5HWPKMMiYAbpi7B9tWR940tHWng80RMg4PyZ8h7WEmDyqDtqGZYiEHyQ== processed in 239ms
[2026-08-24 09:27:43] [INFO] [cache_layer] Transaction payload payload_hash=bazZ6vgdw5J+EjwyqLevd5YhCdGc2ANeu45civXOGEyrGyHrc81co+WNsFIkVejVhtUkHtqK+76wrUuXTvjFPg== processed in 12ms
[2026-08-24 07:25:05] [DEBUG] [db_pool] Transaction payload payload_hash=duYcYkKD/4JyiHUoGal1jZEFI+QegB764wJ7IE6KkPW1NQH1cTvUYj0EddetOTtRL+5elvJlvQiLIpx7siaF0Q== processed in 145ms
[2026-08-24 02:32:09] [INFO] [api_router] Transaction payload payload_hash=K+C9x+gu78+9dPgOMWVtdsDyEW63AxkUsazobuISqYhGIcP88IxQWE7CXh15WQyVPK7K4+yVM9HNOgv6IARB3Q== processed in 360ms
[2026-08-24 08:27:41] [DEBUG] [payment_gateway] Transaction payload payload_hash=bNFEyJVNJ51ZnWzKmH491Ugx+OxzxVljB2NaSJvoEiF4Dol6oXISIgIrKpJSyfQIRu+Qnqch2y8IswB4SiO4dA== processed in 445ms
[2026-08-24 04:37:50] [ERROR] [api_router] Transaction payload payload_hash=wt8GT1ZXAcivjYqVOnnqFYNwoK2BD+2U0ZSQC4O3/9Mppda8iw/xMYV473w2yveWBWupBipVScBRiR882LjXGA== processed in 451ms
[2026-08-24 04:40:10] [WARN] [auth_service] Transaction payload payload_hash=6oEg/J3DmkLoV+qpY2XgUWwmEuiVyu6i5h45/iFmAj8qoqICNq+L5f1MtEsGja5Is//mLaHSbfzLLoXt9SBOdg== processed in 96ms
[2026-08-24 09:11:25] [ERROR] [db_pool] Transaction payload payload_hash=UMSO215ARp6a695sjDl7bk7KZIxGTk5K0cp0yFBcZuLaieOskEOmHvSin56LdXcak3Q+F1UiCupATv9hA6J9VA== processed in 178ms
[2026-08-24 03:08:30] [WARN] [api_router] Transaction payload payload_hash=WDYfUvIkr9X0dKE5yuEZ6cNuiNNPT+/JOMfQ4fh6uuytS+nVf1lV6gllQtL5Ph2LYtuvrVRI7lDzZZkePw8jAA== processed in 357ms
[2026-08-24 04:21:35] [WARN] [cache_layer] Transaction payload payload_hash=M2jmk/ZBDInL6IEBlrSLzEyY3GNdNa9/p6Uiy8o8JR0ZzV6Oh32cHSU2wtxvEaMHVPBghf6e+jDZzD1Wbj2k+A== processed in 273ms
[2026-08-24 11:03:31] [WARN] [api_router] Transaction payload payload_hash=ALyTvb6bvUKw2zF1BEeojYCjzgMjYiTIYMZjRUrM618O75VOLyZk5CczMD7pQbJ/rJTHyLDczHbTu5VA1DwKBw== processed in 420ms
[2026-08-24 06:22:42] [DEBUG] [db_pool] Transaction payload payload_hash=wfYaBYqBkRMyvq45d9f9aCkNA1+CJO+KeT9XmnV1d4HlsCLQ3ueOmB0X0XRQVaS1ezcPSAWq/STqdbUBj9aWPg== processed in 173ms
[2026-08-24 02:18:30] [INFO] [db_pool] Transaction payload payload_hash=Ts7kprNC8AqXyLOhvfl/dtr44chsxfxsPhw7sqn+qAfUqE1Bm78w0SKVqYybU2LmZVXqi3deMMwwCUZ+ninlCg== processed in 249ms
[2026-08-24 05:36:24] [WARN] [cache_layer] Transaction payload payload_hash=O0HNlXW+Wj2d5s5SPLBskGWVuuibGRw/s5A+B512ELm/ZCkJo53V4i85MmDU85bF/Cj5DKlB9uufHsAzWSOFqQ== processed in 327ms
[2026-08-24 06:16:36] [DEBUG] [api_router] Transaction payload payload_hash=nckmnCDq766/QcCvxMTsRj1y8R/i49shs+6n3ACxH1pPEko+OjMYPhJpMRC33iIQUvfi7ObxulJDX78VNFBhMw== processed in 448ms
[2026-08-24 10:22:32] [ERROR] [auth_service] Transaction payload payload_hash=Zhp++Mte3hLCFu6lmBCasW4oxYkux6lL4E443xAzAdX8qCq/vWnBQHtQDV/EJPFX2XYPX3GzzMkUNyKcnv+Smg== processed in 103ms
[2026-08-24 10:29:06] [WARN] [db_pool] Transaction payload payload_hash=4o8askCuoh2T+PJJhqNQ7eZXAANj/asSduRg+Omf0crjZrNulp0CkgQPUe/eSOVf1oRcqtO6pip8RrIWkCWiog== processed in 346ms
[2026-08-24 06:20:09] [WARN] [payment_gateway] Transaction payload payload_hash=kDrzIob5dSLlt+YFoYad2DChBSShXynvgAiX1aKqHWpqY9KI98sA39W2MOGcffdUmismMwIDz8wK8faHtn9QsA== processed in 308ms
[2026-08-24 05:20:50] [INFO] [api_router] Transaction payload payload_hash=aV3iedPrsSzQVH2rgIdNY6IciHBEm0F2M0WkNkMgr/yZMl7qkNDyjCo69M1YVqMLcZ6cgCKYcW4muNPGMZRq7A== processed in 317ms
[2026-08-24 07:57:58] [WARN] [auth_service] Transaction payload payload_hash=hTACow5UDfvd3wsnJ7wn4DqRMqbexMZRvatZJWRqaaKD2nx1uop/swcpNM1cJUJWfDFcIBjE8jIFVYWitgWkhQ== processed in 482ms
[2026-08-24 07:43:08] [WARN] [payment_gateway] Transaction payload payload_hash=yVWS6f/QOp4Izd84z2sjMc5AWEwJH5OD1yjpwu/dNA/az6ffvBm+aa62ViOhzc6Bd1N2iWvc+rcYw+mtfN+hdw== processed in 463ms
[2026-08-24 11:07:12] [ERROR] [db_pool] Transaction payload payload_hash=pSipeH6rqugPIJM/Wr0wD7Qjw2PcuJWKx6zjVAO+NlxEcE4GIzMFxBVqAGItnkC8KaOmLT06tPSOxzR8tN+n2w== processed in 498ms
[2026-08-24 08:47:08] [ERROR] [db_pool] Transaction payload payload_hash=tHTf8IZttuHHeKnhpiZem78V+nA+RCpONLrMmJ9pfZVK3SAmhvU7vaQDMfZXbEqjWv3Ql1gTXWo+npdrAnj1TA== processed in 233ms
[2026-08-24 04:37:44] [DEBUG] [api_router] Transaction payload payload_hash=pbZI+i2t6SFufmoWVWac24cOeZau84mTJjyi5QDuZFEqE6LHK0l+gb9OMvS57xTaIZ2cqYhvxm2o/PdoxU7d2A== processed in 252ms
[2026-08-24 08:06:36] [INFO] [api_router] Transaction payload payload_hash=guPA7PiAym7A7I8E6MYpUU4eF1EUSdY4/LVA+1lYCNQgCR5sPctqJ1av9rlrj5IM69GnM/eyBH2v47WdOusuEw== processed in 475ms
[2026-08-24 11:04:47] [INFO] [auth_service] Transaction payload payload_hash=qP5xpk+z7tkQ7nLLSBJ/Zxie7VRmO6aOhMIfFDr8ZvmGW1QLyDGDF/6RouigyyAcuW52AzamVKCiyKvJVS9QHA== processed in 172ms
[2026-08-24 10:42:56] [WARN] [auth_service] Transaction payload payload_hash=3M1fhiD+Fjyo1z201pydiby02KmPujTTFmXSrbDzDPYtwI/AbpQWUYElhUVQOkAG2emLT0G1C4ZKCTb6YsBoKg== processed in 168ms
[2026-08-24 11:02:07] [INFO] [auth_service] Transaction payload payload_hash=iQG+7TXALDQSYi3iUuXyqeGVmlqokaa7EAm0N688tTlrxlyqxyv/RtrkB1+FFQ+FGl6UCYTwjnFgUDSffkkWMA== processed in 381ms
[2026-08-24 03:51:26] [ERROR] [payment_gateway] Transaction payload payload_hash=2iOicGHSjfouD906RiBxm0e+xWp4hGF9EAsEgBFrLDyuzyaWzT9twlPGmOBxo3iv/MmQK4ppGtlWgo0vZUQPkw== processed in 325ms
[2026-08-24 09:27:55] [DEBUG] [db_pool] Transaction payload payload_hash=gbskVBH486s2b1+42MeMJmUUer8Cda2ibEpMpOkNBcg9HLvHri1imeo2wjD6R2GwaBPo3TDQlTgT4vqP6JJukg== processed in 414ms
[2026-08-24 10:19:08] [ERROR] [db_pool] Transaction payload payload_hash=Xm556i2xRnpBAoDH5TFPoYY2f7USMTW5WzwY1FLeMMwF8e7OfKUkcnxRwAycWA4ORW9AlTAS+Gn4By3u4+yoqA== processed in 412ms
[2026-08-24 10:00:12] [ERROR] [payment_gateway] Transaction payload payload_hash=GbRd+YIdILGni3O7sKWLwqOaELgic2mH8mG/MDv0ozRpYeZu427KCPAMyRsc2fzakbQqBfsuhitzQBAF4p80ug== processed in 160ms
[2026-08-24 06:06:18] [INFO] [payment_gateway] Transaction payload payload_hash=45allksNNPd9evcm7m8wXwbNkdwiIsppvIXuIB8uFSJSujIBHSV9Ws0A+IyACypLcDgJu9g/VYyCG1OK2Cbb6Q== processed in 494ms
[2026-08-24 03:21:26] [ERROR] [db_pool] Transaction payload payload_hash=tKM+Wdf4k86bnjgz1495U3XZRTNXGWG9jN7mHRNPws1WKCBsiMXZnQvNE6bNumOjSm7XT4oENe+lth88rHplpA== processed in 225ms
[2026-08-24 08:26:45] [INFO] [db_pool] Transaction payload payload_hash=xGm3CGedYsWKEoQ4ugU50Dgd8Mj6LjaVE1c9nHcT6wrCQ7FoRH2T45vTzmcxDG3v05vgg2fdciwLycy2Xx134g== processed in 307ms
[2026-08-24 06:47:44] [DEBUG] [auth_service] Transaction payload payload_hash=w7c5GYWuefXHVXy1sUex4SbyMoj8HxyK/L9QQD9DUe2gf1ik2n7vZRh86l16Oh7uaAz1OtbBtp325HbD7+pfng== processed in 416ms
[2026-08-24 04:44:30] [DEBUG] [api_router] Transaction payload payload_hash=AYYjQsflp0iOEy9hHTHhKRfg4q+QfmKSE7lWgf+xigvuAmM/4vmz0q4C8jlVwPifBsblps6k70540Z5tU1dThA== processed in 456ms
[2026-08-24 03:32:09] [INFO] [cache_layer] Transaction payload payload_hash=oJHa27TIpBrTggZ18hmvtU5ZyPggUKOHMPDORZIgqbb+9V1a7xwt2A6DOnYBoB9doK3wx67I8dAsTBHCK0OJNQ== processed in 297ms
[2026-08-24 07:58:06] [ERROR] [api_router] Transaction payload payload_hash=MXbuAoXiaSJOXSY+sIuspmp9Obp4wYhVB1EURuDSA3nBdwyBxt0A08gczsJ+mPns3coSzwqxlJNKp0APNnIjHw== processed in 327ms
[2026-08-24 02:17:39] [WARN] [cache_layer] Transaction payload payload_hash=gAWW/r0QYqaVtS8TZLfOl4a+AFvG6Z0Fu0n+AYUGSWVjj4wjc/Z5trpUKCcJeU+4HOeLXc7IZp1/yP0/dPHoiw== processed in 11ms
[2026-08-24 05:31:32] [ERROR] [auth_service] Transaction payload payload_hash=QvD0xJzkkXdJqZwhFZb6JzEhXYRVtM8Aw3wXgBKdEWiRE9NPZPHVsZLA8KEmXttj6S/3yT2E0Ps5Or5x3fyD2Q== processed in 363ms
[2026-08-24 08:41:04] [DEBUG] [payment_gateway] Transaction payload payload_hash=x/VAKj92Na87uvZWxOy+8ipVrTg4n8/YdsV13SUlt9aL+c3b2MH8fgHP9SNseTmMWq7881U5vUGklMfpV7+NlQ== processed in 498ms
[2026-08-24 07:04:51] [DEBUG] [payment_gateway] Transaction payload payload_hash=dVHspJrLEIisREa8d2zPm9mXwnIyc98kqxCWmSMTgwGdJPw8XNst18QBOjOzNkAU+Yjm6pXqGNSZxNrRa+07YA== processed in 391ms
[2026-08-24 07:06:48] [DEBUG] [payment_gateway] Transaction payload payload_hash=QbfUj78/wXu8Pc7+91lso9tQqE7R1RgD2IYt1rbcK+Jb28f0xDRa7iDIuqB8Vo6+0jJ6qBKT6jyCUlCTnvvOug== processed in 6ms
[2026-08-24 07:53:56] [ERROR] [api_router] Transaction payload payload_hash=9dLbymEDhtRpbFpBA8hgJnLebxw86t3KcExKq0LeK6+gzGdC3gPEYbBX+plp1UhrOJ8xu3cM30fQfnTAd5pkQQ== processed in 379ms
[2026-08-24 04:06:05] [INFO] [auth_service] Transaction payload payload_hash=jlq3uGNr1knGS6vvUb15vwemm9wVobxNGJfA5oYrdsz7PGeB/fhxhPhzuL/x1Hrxf8xM4bvuQq48+Irt6aOvZA== processed in 174ms
[2026-08-24 10:37:12] [INFO] [auth_service] Transaction payload payload_hash=FReY2DlEoXIVuxRetQzjm1FXWHYCe0tHbPPTXY3gxoTignvdmeUQLP9Evt0cOdkAUhrOQ4agjpb+ZGKe89U3Rw== processed in 345ms
[2026-08-24 03:15:06] [DEBUG] [payment_gateway] Transaction payload payload_hash=R29f4ZZTK7pW2TMrHWQ6Wn2s025ZLLEsXz7b0AeVVRipfZVyvR7ejGH8lfcMH/AF0LdMtlhO8PihXVjnuSDhIw== processed in 437ms
[2026-08-24 09:48:08] [ERROR] [auth_service] Transaction payload payload_hash=D5wDZOZ6HVhiJnrrv2XY1MCDBEw/9jxr+boIiVcMRYKyJeGLdHwWfzOI+/cM5B/RfhfKtDq5M00hsRtvQJzkgQ== processed in 92ms
[2026-08-24 07:59:35] [ERROR] [auth_service] Transaction payload payload_hash=3LqCcR/vNfuqSlL6YzM9qx6b/l+jaAaVT9WsxeIdtew6TlaUojAHau97T6ro2eObDj5qpp6rgla99DFM977iJA== processed in 6ms
[2026-08-24 07:31:10] [DEBUG] [payment_gateway] Transaction payload payload_hash=pm1JnrtuFFG0spHxNLzHuaaxCmYY3IZvEHNt3/vIexiJvxlRHj7Vmgh/CN7nDc9lpFsQAiTNx9KghMasbt9o9w== processed in 469ms
[2026-08-24 10:23:11] [INFO] [db_pool] Transaction payload payload_hash=F24Rrw6iXSMMB3raxp++XGhrAREHNOZvK+Q9h97ZnPF4u7SDvu8pP+BElMgHiatiaWZZjVNqS3e41Goyof0K+g== processed in 342ms
[2026-08-24 09:44:37] [INFO] [auth_service] Transaction payload payload_hash=WbktnR9NpF2HHBm+488EYCuDFnwpcXlzFZVd7xuty6XM9vHGMA25o/2TtZeYk4mDCyPDJeMjhcGaqN8g9XBDZg== processed in 489ms
[2026-08-24 09:12:25] [ERROR] [api_router] Transaction payload payload_hash=ZI2NuZ7BrjC36cfi1WDpY383p6P8c1/LgWlLyWkFY9cRTTxXO+Z1nO4L/x1vwhW927KG0n1kTgPXzBA6PHEEig== processed in 352ms
[2026-08-24 05:35:18] [ERROR] [db_pool] Transaction payload payload_hash=CxforsPsEwuvsEgR8Mx/yDNPmKCxCX5U6DCIg3OYSFgZ8Psve2XiaT6emI4vz0UGV52uYkJuxDoWOfa2564o3w== processed in 308ms
[2026-08-24 04:25:28] [WARN] [auth_service] Transaction payload payload_hash=gcARJOKDIu1a/xdANwccnDvA7hE/3EIGX7WHM3dcD9XS0SNtt3kRrh+ZVGCShtbUjF60fsmYmj+gDts8f0uQFw== processed in 222ms
[2026-08-24 09:52:31] [WARN] [auth_service] Transaction payload payload_hash=JUe7Q1cWMG38UVjf972sj5XJpfg0D2tH4JLYjsWRR/8BmcnKqo19+7OnpOKZ/EjsSWkUdd9TQWj7HMuJUIpPsQ== processed in 388ms
[2026-08-24 03:24:04] [ERROR] [auth_service] Transaction payload payload_hash=CubVJKsWr5E7sFCcAycQjy++1+vqbEIddmc7jG2P3Jxticw+pT+ypvK6sj7vcwyDpPPMrT1oNPSWv7IRzH1eug== processed in 499ms
[2026-08-24 05:24:52] [ERROR] [auth_service] Transaction payload payload_hash=AIitDvNTuMukeGxfMRnyDIWMNDWhzX/UdaqlyYLygHp5zWYMm4xGWATVP5rlM6DSb9mJji903WPbEaQHGEfOWQ== processed in 26ms
[2026-08-24 06:37:31] [ERROR] [payment_gateway] Transaction payload payload_hash=5OarAnqKIU4k1OS6U4am7+lEWl3AOyTkexYkbh0QdlRXc16ozCMJcKb8kPbNNz4p2aGlt1peAD6l9cm46LP/SA== processed in 348ms
[2026-08-24 06:00:48] [DEBUG] [cache_layer] Transaction payload payload_hash=a9tMXaWxJBozFfvg6b1hsebJfMU2BKbr+2W9j8ciVFPyigyHNNc16Gil0VLIzLXD+SuSJSDOjxdfEQQPehefyA== processed in 221ms
[2026-08-24 08:10:27] [WARN] [db_pool] Transaction payload payload_hash=Yv9/w4Zwd2kN1B4b7v4/qOkTY5lJK3EXCTcocANabS3vEO4D15pL4+LIHKRlEHax9C20iHLzuDko+hHJqyYx0w== processed in 397ms
[2026-08-24 10:54:50] [ERROR] [api_router] Transaction payload payload_hash=o7rzBJy/IXxatzG4KjU+t/pC2aPqd5ApDTu2LwkBH0KkzrsgBy4JbJESrKUT4B2buFMiZKD9zdjMBHp9yTD+jw== processed in 405ms
[2026-08-24 07:32:28] [WARN] [api_router] Transaction payload payload_hash=fo9iUywJ/gIZKN7nM4zeP2FukpZNnw8SZTTShzL5vUIOUSqquK76/ZjvI+YFAzYu9NtnBrf5BEBEJ/Fus2gmZg== processed in 469ms
[2026-08-24 02:37:58] [INFO] [auth_service] Transaction payload payload_hash=lhy0e5ra5yYU06ICODtytiN4c3kxC+MqqS/t4ILBo3h7XnRNAltvNJBa4CXZ4wa7Zp6dOC3FOBWKTDFkb3mZFw== processed in 109ms
[2026-08-24 06:05:25] [INFO] [api_router] Transaction payload payload_hash=kr0PrRmmkLXXTQzofiCLrDHloE/8a1urf5oZNyrcQFXt/5+I7tCXjHK27djo2F+6kY1olCxE1alnlv4N+021IQ== processed in 218ms
[2026-08-24 04:12:07] [INFO] [auth_service] Transaction payload payload_hash=DEAX0VY3vWfkrMJPjBKFYJsOM47nfJ6giJio44+6m2xuy6X61+TIrCPSYyzUzxFRI/e7QqT5n8pBXwj4wpNkzg== processed in 342ms
[2026-08-24 02:47:38] [INFO] [payment_gateway] Transaction payload payload_hash=bFRuhxOS4YXAfJ0UWfZr8R87Kp/i/z65eRx9lbni6eIqMVXfToyUenqdCUyC1RSUeenhDCiEetH2zjQ2Zhr9Fw== processed in 421ms
[2026-08-24 04:15:49] [DEBUG] [payment_gateway] Transaction payload payload_hash=01PN9ucETIiqrsGKVL4JkgUTB9BS5QD0T6wHaXWteerQqAutkWNTWEgj2cXLwd1ocxcNgz4cWQ2tyYM+O9S2Kg== processed in 179ms
[2026-08-24 03:29:51] [DEBUG] [cache_layer] Transaction payload payload_hash=d5d7V5v4jUxo7KK7wj7T4fFYtEyFTjU/Hd6VOaolXl+f3+qKwn7M01M+BgnZLSFGEP/i4HvsP3QI1cpi+Mt7pA== processed in 165ms
[2026-08-24 07:51:57] [WARN] [payment_gateway] Transaction payload payload_hash=WKBreSAmjsaLS6Z1lWrlBNqDQvr/BdJgvxd6LJ/KLPo4pISgl6dnAulWW9XAmSJ5FZ2uxNiw3O+4mVwNSa07bA== processed in 78ms
[2026-08-24 08:30:08] [DEBUG] [cache_layer] Transaction payload payload_hash=sHR+cp4b1iI1SgPu5YMLFWuwnKhm/qmyKg0PxyrJsjhGCb84eJUkTVTwyCl1Fj/Xh0fE+KOPMbWqkGYqjVFhnA== processed in 216ms
[2026-08-24 03:44:35] [INFO] [payment_gateway] Transaction payload payload_hash=i5RK7wosdNwsRokfcRgsCyi3SBPowBsuNUCsAQco4SyyOqzJyVtyD7050jfRz6RvH/CkDTw/1pbMbQVZJ2dJ7Q== processed in 400ms
[2026-08-24 08:26:19] [ERROR] [api_router] Transaction payload payload_hash=UIXzdH0jLtL/dNSuuFF0WAzgiUcTMdZgZU4HsKOeXlHExSp6/LQ58lfiN3sr/44oAvuHY2Ag5qYBtgC7HLmozg== processed in 338ms
[2026-08-24 02:23:23] [DEBUG] [auth_service] Transaction payload payload_hash=IYBQonX9j3F+q/A06JXBQ5vEyCu8bFXO8iojONccafrwGMDzHRvZeucwjCibvzhB0WRMpR0U5L5WMX7wYyrHmQ== processed in 129ms
[2026-08-24 11:18:49] [ERROR] [auth_service] Transaction payload payload_hash=1uviRtFWGDIsLha+yy7Qb4hQpXIsCFwYvABN5c6hWWlYuMY1oYNdcWPtq4YMeoAU2WfyioYD5cX5Mje8x4I9iw== processed in 86ms
[2026-08-24 10:19:05] [ERROR] [api_router] Transaction payload payload_hash=gajNjxy6qZUubO4Ig7f4he6aaQzvs/QeP+nQ7OGtKga+ZG1/hKC+SgBsjRD0wSvhiEhH7+QeUNoj+2Wbm/PRAw== processed in 412ms
[2026-08-24 11:14:46] [ERROR] [db_pool] Transaction payload payload_hash=eOw6gWW1/G7ZOhP4alllzPZIevnetrmYyrdojEmARImWkwKpGb2QDYQa0N/1wotymX1PXLmETikOuk7/yR5Gkw== processed in 252ms
[2026-08-24 10:33:12] [WARN] [auth_service] Transaction payload payload_hash=NapHlKD/HzxFHK2a6Z20pyXkZUSSjuRnS17f5NSgusEwuo5yfKs5nagPlebrWD8+WAXXEmUBguwvtDc7ogZBwg== processed in 317ms
[2026-08-24 10:38:25] [ERROR] [payment_gateway] Transaction payload payload_hash=JLAdzfy1vieerQtjIYmsLfhPx9H806IuuQS5d04jpgeJRMA0sncYNDos5YmW5EUevpa5AEIO9FmLriCdYU54vw== processed in 260ms
[2026-08-24 05:42:18] [WARN] [cache_layer] Transaction payload payload_hash=UVTfXNy1/Pmiq0Hqj3AefV82ITtQbg9DKOAb7fKkQ9eezHoIH++gcfsxIROfqAv81bSenb0dbbuP+n3t4mrp6w== processed in 270ms
[2026-08-24 11:13:31] [ERROR] [db_pool] Transaction payload payload_hash=LaUIx2VtAgs86CRN7G0FsHcso95eU7p1ta3LzLnR6RQ7n+eU8PRl8HSscJwhsjBCVGQhdPI29+QL2hsqq3evew== processed in 63ms
[2026-08-24 07:16:58] [DEBUG] [auth_service] Transaction payload payload_hash=JOIMcLvcFqjsz6oTofc0xmNRX9ksYLvKVTuPlLdEtzCTTjF+lOoJmbW7dHVQq99XDyEXCRuQsH3+GzMSeF3LOg== processed in 204ms
[2026-08-24 05:47:13] [WARN] [auth_service] Transaction payload payload_hash=4Dsg+DcgOXpOg+57oNGHNrP8mfIdBWae57u06oU4CIysXCCezwdlljbc9b9pF4ZiZDimXRrEGgrPIX9vDFZI2w== processed in 164ms
[2026-08-24 06:22:52] [DEBUG] [payment_gateway] Transaction payload payload_hash=nzDVkd6SQJZiQMgjf0Z/f9ROo8vfgslomNJ+zY7sFXS4lyhztMg1rdgb8Jq3EaOzD2JBMcqPHXpOXBN/wR2esA== processed in 420ms
[2026-08-24 03:30:28] [DEBUG] [cache_layer] Transaction payload payload_hash=Ngwhh66rPT6iZlj/RTqq/3Rys2POcmDFPiruoNV4h6udgg+4jfXyliUVzJ5BT3VdtVDhywa9jPj04QhCQyC25Q== processed in 168ms
[2026-08-24 10:04:14] [WARN] [payment_gateway] Transaction payload payload_hash=vqVCpUDG6gKMYOcTr6/tq94qHLkNBqEPgWJlZRbc3KGcsapkAs/GEJVqeUWqZLyg6qf9U3uisftRHORM/TqxZA== processed in 159ms
[2026-08-24 08:12:00] [INFO] [payment_gateway] Transaction payload payload_hash=EHpZoVRfLGHrwRx0MZT60pFf1MXyBJivcaEWv/OqVx3UzHLrek0TfsQuDy99Cgnhc4QCV5gyheVpjZyUE0HvuQ== processed in 499ms
[2026-08-24 09:39:19] [WARN] [payment_gateway] Transaction payload payload_hash=UwNmPH/YvldKMqnMgIz3HAhuAYYSL+zJ7KQfitj4IvJnbPG5fZEBurcyZdpVuaO+HuV2jO5nXzXMa0VuY45KVw== processed in 94ms
[2026-08-24 07:03:04] [DEBUG] [cache_layer] Transaction payload payload_hash=E8/tf/K1eIS7WBaGZCxF7TBSxUGm3oQaIk6HHUE949wQyXTcOpbf8Ua0QAfOhJwaMauKCJQQeos+ePxUCmP1ag== processed in 445ms
[2026-08-24 11:11:48] [WARN] [auth_service] Transaction payload payload_hash=oh8AEMbE5eoiicZE2z9mpYMiKOcCL/Hh8JtK9c+e2LqCIe3P7UXH8iY33s6ZR+kpH1R0iCoth0T9I+XmGiErqA== processed in 348ms
[2026-08-24 09:05:27] [ERROR] [api_router] Transaction payload payload_hash=GzZFeLO2oC1G8d+Z3+UHrI2iURSHDCQW35WFpfX9a1511IUTlqS1fVgkJpBakC/cqw5ChqUlHRyUHshPMkePfg== processed in 440ms
[2026-08-24 08:26:38] [DEBUG] [auth_service] Transaction payload payload_hash=2Fu2u6akegX4VcfKRdudtoUvjXBINfSYW+GKVHrKJANWXfVWKJPzKajjAFpXc91Z04z87bKUqWYT8VXiU/LwYg== processed in 278ms
[2026-08-24 06:32:00] [WARN] [cache_layer] Transaction payload payload_hash=h9Rmz5YN17FLWbQxstyNf/FQ4Ut7E6jAKtN2m7nCcwKyvvVpKRWI09r9UPvpc8uFIIqUrbVYWwyFqzv9Yzxtug== processed in 177ms
[2026-08-24 02:17:43] [DEBUG] [db_pool] Transaction payload payload_hash=iuc6aPHjBi66Xoo4jxGwNSFcqXpgyZ+m/SVOBraR7BM2NLDHRfQ74xvj7HKUfearmdXwAitvoA8Lgy92YA2vZg== processed in 483ms
[2026-08-24 09:38:11] [ERROR] [cache_layer] Transaction payload payload_hash=19SoY1+tsGgl6aH9+HDVnezPnYTrwtiRGG9yGMLkNmFukf9aY/O0UWBtvnjw4RezFikqmnOxEUNLmChBDMoYLw== processed in 74ms
[2026-08-24 06:41:35] [WARN] [auth_service] Transaction payload payload_hash=uGPQUlhA/bf+fv5TpQtj11mkjTAfD7I/40SCWnnCSIW9Prn2vueAyJ5nQWnhPL1eOTz/XYFogC4D/cNG7ffjbA== processed in 479ms
[2026-08-24 08:45:03] [INFO] [auth_service] Transaction payload payload_hash=y5VOniMNur8P1o4WdAZ2eW4j+wZ8LlqW4NnpCJWnBog/yo7281VEqsftNFP2eMF69KWSAeqAWpP6NIeGbj/mFA== processed in 365ms
[2026-08-24 09:32:05] [WARN] [payment_gateway] Transaction payload payload_hash=G/xQmgc/LHBdCUZiPzGYpORLjix7CT8KUAaWoJrNLZCJ5QYEA26qYfe6fBSKsKdcguo0NnwSzqNLdgKCOE4TBQ== processed in 90ms
[2026-08-24 10:01:32] [INFO] [db_pool] Transaction payload payload_hash=QDmu0+1b2msOQldqI/3Qb8uTYvXdeAhOotBmvwh5JR712Utu5nh2Uc/DmEhlH4+WQpaQguviy2LZufsWlqFf/w== processed in 212ms
[2026-08-24 10:42:08] [WARN] [payment_gateway] Transaction payload payload_hash=ZqM1xKSV3shHc2rOlSehThSGGGnIkl+Vny5qoMcjxkETB5qfThMvmMt50J5O1+Lj+/KPm8cAdonMapKV4Wx/dQ== processed in 331ms
[2026-08-24 05:46:03] [INFO] [auth_service] Transaction payload payload_hash=GJXQC921a84hA75Yab51ZksZYxi0eEkA8IKaEzOPePu7p1HPQTS4P0RzRknHMf/Au7vbh9ndcH0EsggntoxQRQ== processed in 258ms
[2026-08-24 07:03:04] [WARN] [db_pool] Transaction payload payload_hash=U9c2Yl2x5PADPg1qqUlL+802rcp43CoeSk3o4Ovaow0bAXw5TSCTRYPyal65cpHF5ZaOA9q+NW7KdIWhep+s8w== processed in 427ms
[2026-08-24 06:45:05] [DEBUG] [db_pool] Transaction payload payload_hash=1e11+LONaeNatxO8+Hz/gB+espWXNTESGC0tsk3voWZP5kpkorhpbsfytzRfopFnfJo1Ac0BdvxKFDFRrPKdxg== processed in 491ms
[2026-08-24 05:25:32] [WARN] [api_router] Transaction payload payload_hash=ihGuj2FitZ0KrNduBg4fetEgd5XbWO9UGdN6CvyOAXYQAVUc+rW9YQfqz1ALX2h/WV3v93jDEeT2qEOQcQyz7w== processed in 215ms
[2026-08-24 07:39:32] [WARN] [api_router] Transaction payload payload_hash=gWrL7aeeHOzw5Ih/TKaZM3GzgmJZ/yrBMEJRhoSWHbghbJ8CvSDMTu7Y0+mdYwqQqnbU7yYDRdJpuDQ+qNxv7Q== processed in 202ms
[2026-08-24 05:44:07] [WARN] [auth_service] Transaction payload payload_hash=UCoroy9tN++Y4FyFO6ZI5MM2W7FWgdeFxwKiyZV7sWlwSDSywGkyHWQpg3eoNmRVkdmdxp3OQItqie5cX22/PA== processed in 352ms
[2026-08-24 05:00:13] [INFO] [api_router] Transaction payload payload_hash=80nVmemfzdtZpmMY0ObK0PcMT2mNpEoEBjKtb+4ZBCCQD9qPaJAWSCNYVLlbL7yysv8AsPiOnk6oKsefkCKNkQ== processed in 435ms
[2026-08-24 04:52:14] [DEBUG] [api_router] Transaction payload payload_hash=xVVQ/qNee2fk14YIgPOdfxpftdTNSuxJFrYRBiDph4i8Tz6UQBTPLwMX2hwznGqiLFbqDpLKinGjShhnH/FGkA== processed in 264ms
[2026-08-24 09:24:28] [INFO] [cache_layer] Transaction payload payload_hash=xzl1tse88G2NSOVNu9bq2ICd4IFZSunFgSWr4fbIp3E64h2CMq6DmyZlndvztAwvbGsOZpPDfOxgm1zzx/HAuA== processed in 425ms
[2026-08-24 09:46:54] [DEBUG] [cache_layer] Transaction payload payload_hash=zXR81AhJ7e6olR2AT6e68VjVF5jxfF6KQq5ifiaiKcb6alPhJEPRei1ZqLKMS8ZI+3zOL6sUaDnESmeG0CntYg== processed in 403ms
[2026-08-24 07:40:53] [INFO] [auth_service] Transaction payload payload_hash=9pzdS9k56FdUVrOdZdmjSBgSlHbpy3v9bu1Nxt0dfq78+WjNh0PZzeY0h4r/cx3XGi1PL6K3RUbbMR8P9mVY0A== processed in 31ms
[2026-08-24 04:08:22] [WARN] [cache_layer] Transaction payload payload_hash=DjUETuihXQP3amp0+v+VGiHkmab1LwmPWH71AbSU/1UiKatr4G9Sc7bPQoGrAJFLrGYAyfItMoBJ3a59oNdVnw== processed in 471ms
[2026-08-24 06:14:47] [WARN] [api_router] Transaction payload payload_hash=vAy+cjPXlPvgLu1UIMoHVQU42RwJ9A3maUZ6d7Zs1YQKEmM6XmlTu+XBmNU7By6hVisH4OAmcZQ1oFOUrso9Xw== processed in 195ms
[2026-08-24 06:59:33] [INFO] [auth_service] Transaction payload payload_hash=r9Y9zbsw87eOaYYlI0Gts09T1t0EZ1lh86lQytiET96a9SwCHlOvt4WYEVb7OboziYJuk4sTGVhzEyyR/wt5kg== processed in 484ms
[2026-08-24 07:09:29] [WARN] [api_router] Transaction payload payload_hash=cBYPOQ04tZfci66Uo5Kx2s3VmzbLoP7X2wU8gMUQhbJUECPRFK+T5cL5heSTiIs9Fe9k73dab9I/3f6Nk235ww== processed in 351ms
[2026-08-24 06:31:31] [WARN] [cache_layer] Transaction payload payload_hash=/ra1dGreZf/uRZgt8AxOwgBm7UM+elSpdW8Ua/TCiisEeDbX2UvTu2KJdze58zAmSSIAE73qoo1j+eBJ4SNcmw== processed in 252ms
[2026-08-24 08:03:59] [WARN] [db_pool] Transaction payload payload_hash=CHXms5StWXp8ZTx7sx9qa2mA8621K8L1aV9nDNxJkIri7mE03AsV68CwhqHK9X70xQNXf28Iqb4vygWIA73BKQ== processed in 365ms
[2026-08-24 09:31:48] [WARN] [cache_layer] Transaction payload payload_hash=P0SKkEk+fnqiwmirGdgr3kzbUyX31jtOdqdRCJOxNcVH0z+r+TYnW0Hny0CJcsZr3LmQXfV3O9rsCpms8xF2Hw== processed in 5ms
[2026-08-24 05:09:01] [DEBUG] [payment_gateway] Transaction payload payload_hash=QeKZupn3OieVvQRGPuQ0+W4xShoCZ/BbW/n2Tz+ysJ/UjZsCHbmL5/5NV1ULkU9S6of5XbLSNc346zX5Oihz3A== processed in 457ms
[2026-08-24 11:11:13] [ERROR] [auth_service] Transaction payload payload_hash=C4nfWSSHLznjHlKeDC+xhc96bUAgw6EpHi/DYQ5KanlPAaVWf2Qfd4d3tz5KInkCqgosAd2Ra3lyvxwMdVcYBw== processed in 448ms
[2026-08-24 07:48:46] [INFO] [cache_layer] Transaction payload payload_hash=Jd+wGQKlKbPieaxiFCuvpZ0VWf3VvHEcOe80cdFJEdB7EWz7FKQjWNDb6cN3hhe9PjYcaxTni5Uy1Ex4HQGRPA== processed in 124ms
[2026-08-24 07:30:44] [WARN] [auth_service] Transaction payload payload_hash=o5jPKnDJnCMI2XbiAkXWAjTLgkeJW1i96p3SN2YshFEQgkMTEDMRE1erVXtHT7ZwTgpWX0dEDnecS4pfQetk/Q== processed in 145ms
[2026-08-24 09:43:48] [WARN] [db_pool] Transaction payload payload_hash=wroVKQShLOHtycClplIaBd+2jqauS1RZ2a5iq62XWM0scro8uRJ1zWiF6SlOe5t0spBwxJ/6CrkPjmjIa5Og0A== processed in 214ms
[2026-08-24 03:54:08] [INFO] [db_pool] Transaction payload payload_hash=YoqLQfRw5IRXWE+nJg1pFUpDqz1U20NU4J8SqQqbd4FRtiWo4mjRzrWVWa6MSmZMfybTQCAxuZv0A135QTIvSw== processed in 3ms
[2026-08-24 03:23:29] [ERROR] [payment_gateway] Transaction payload payload_hash=8DKDvlbFnNF5ANsr80MHsR3nIuzk0TUe6mDJ2uFsQB4qV8je5e/WHDyKtKBzOVd5N5c3eTnc2hwV1lDvw+sNiw== processed in 443ms
[2026-08-24 05:07:42] [DEBUG] [auth_service] Transaction payload payload_hash=N2Z+jzHWNU1rAms9Q6SFxbTu0KJjbvwoC8nNv6iTdNq5lNnZGyz7rqCqBZcMtlssCRC7LEHoyE11aEqY5QHhyw== processed in 368ms
[2026-08-24 09:49:35] [ERROR] [cache_layer] Transaction payload payload_hash=S2pxpX9HKi3PrVjuDIJJDmoby+/NvxtbTyVdt1BLTzAEO0PcNpfr9noMEu9K1OYMrhU4mHukFlRabwXdvjGBGg== processed in 358ms
[2026-08-24 07:19:11] [DEBUG] [payment_gateway] Transaction payload payload_hash=/4XE6+lJhP+Lo9jDO2ch7zwK1EVRlti0v4FG6BPiWWMCiVu2Oma1shwmEzpyyXvuqQFfGEYKNY7M+X2RLwWHiA== processed in 404ms
[2026-08-24 08:16:49] [ERROR] [db_pool] Transaction payload payload_hash=8ok8QyjSpJeqv7ruDCGyVA/GITSyXAZnAgM5HCbo0ZAx10VY+B2jf22Ihhnumv5SSjoVrOItT9l7uwXYxcM3tA== processed in 348ms
[2026-08-24 02:59:39] [DEBUG] [db_pool] Transaction payload payload_hash=u4o5eQmzCpEKin7MCXhtF5u9cGLBLeL77lpkMvoJglFJdX1Q7h6H/n8am6MvmpJ4QabG8kgYyGAiilbvQ19koQ== processed in 1ms
[2026-08-24 10:06:46] [INFO] [auth_service] Transaction payload payload_hash=DlZyzrgyCeTOk87OsUtGgV7G9e5/i/A7m+9SSKHrOAWx5iEuy4OgGZt5Lw09THuFuTsEc4j49qgXzOWsSl9dKw== processed in 156ms
[2026-08-24 09:58:08] [INFO] [cache_layer] Transaction payload payload_hash=r4AcViOTwscKnbhdU+AbNHAB+yFEKc9iRljSGRzSoDETUSHFGJHj4KEIk0omh9na40WDiF0vRh/8owFKpLk+GA== processed in 31ms
[2026-08-24 03:18:06] [INFO] [db_pool] Transaction payload payload_hash=UVDS9DoZq0LrE033VjQTyptq7y18gb3q54ZokWEQAzWza9KMkH9fs+LSCQ7Y54vOngeLfnlV2cFIY1OJ6xNdCQ== processed in 396ms
[2026-08-24 07:06:28] [DEBUG] [cache_layer] Transaction payload payload_hash=JnwNLO/eqltDO1BCwBbrHIW9NVljBg373v9DeuQa7Uee501tpyI6sqvvEfmLRiJnckK0mruByANlrSeQXALCMw== processed in 489ms
[2026-08-24 08:25:09] [DEBUG] [cache_layer] Transaction payload payload_hash=0wMcd+pGdDy5qZoYXub2MtRUfcUy1YUgWnyqp74RX8Yk/kd0GM2Q++TCxNghWLiZvSjrSlEGP3YI+y0t0WvzQw== processed in 28ms
[2026-08-24 06:56:34] [ERROR] [db_pool] Transaction payload payload_hash=oRqxJgs3Yfn9803VJ9uVojOp/4i8BVuo4lT5gpgTWkaGV14nlb3+2MPcY6t8M/c3MxSoPhENIVc0OmYeaD+FDg== processed in 339ms
[2026-08-24 07:25:26] [WARN] [db_pool] Transaction payload payload_hash=aBIyxvJczuxj2vihcm4B1h92X0PZ8lMOcpDtRlPZdCWO0O0uOsbfCMq2/zuUmvLY44ROy5os6yigK1FuR7ktCQ== processed in 6ms
[2026-08-24 05:48:24] [ERROR] [db_pool] Transaction payload payload_hash=sP8rEld+a8UEyRnL0hiQg2tDDk4NKNefLpzueFTaes/UeY9x9lwv0ylKY9ipx+D5Cn/7XOySVK8UfBo6e63gow== processed in 412ms
[2026-08-24 09:14:04] [INFO] [auth_service] Transaction payload payload_hash=6rNhvpaRtwHWQPr9P3u2+eKJ3JxqYkxcEPCGEruxgdjyP7bZ89CZDLdyO2HmbjaLNXR477+It4K8FnjwV1Wg6Q== processed in 49ms
[2026-08-24 10:40:47] [INFO] [db_pool] Transaction payload payload_hash=r3hP6L0dzVOdc0pBEkSqBsMWrDwywx8zzX8kSwpD7tThEFr3Lsq37v+Tjk7Csrd/hRLnJmViVhjsD7hWKsEkvQ== processed in 80ms
[2026-08-24 03:49:31] [WARN] [api_router] Transaction payload payload_hash=UJKFbsK3CZwgJvyjD/KOl6MYPcUEVnQXcqqG8QGr04+1cunttDO7bc55L6/nz/5NIgFdTe8o8GN5EDoEQoMfaA== processed in 82ms
[2026-08-24 08:56:06] [ERROR] [auth_service] Transaction payload payload_hash=V19fabtoXREIV514JZobKrxCBE9KBDA3tuRg1Gfr//hcRsBSEvx0n0m4urSf3VNGE6jp/y/TTFRdDBqEHacarw== processed in 325ms
[2026-08-24 07:28:05] [ERROR] [api_router] Transaction payload payload_hash=uGRta/g50666siolj6LZg+4JKj6DeK6buSs8V5kbnz2ePhATPQMzbkb/lEEOMQmenqvY8mcRkwSuPSuo/Ax+9w== processed in 144ms
[2026-08-24 08:43:39] [DEBUG] [payment_gateway] Transaction payload payload_hash=izpKblWyY+x6r6+CV0B6rza5neXj2rpw1qrmKjDEVbRBvY4VAoHd6qWnTuzSBavpR3h+g+vQokmCJn6y4ORjjQ== processed in 71ms
[2026-08-24 08:30:42] [DEBUG] [api_router] Transaction payload payload_hash=n48yRY3R3g+6uQYDz1FzoqLta92isGGLGzUWFEINTBTK4vDk21EklOt718NSlRVNXFIUPRLQDKaaiCvRLeAfWQ== processed in 444ms
[2026-08-24 11:06:47] [WARN] [cache_layer] Transaction payload payload_hash=oBz49s4oziQIeetlyTLIbXyq5+o8Da9K1Q5+2NWjct3sEZg447zs1LIQO3S4HPCebwYiANWEwDcBmqW2N8OJVg== processed in 118ms
[2026-08-24 02:39:49] [WARN] [db_pool] Transaction payload payload_hash=jU22UhoR0562jREGHFG7BZWK6NsXmLyQronfXrcbWRsEkdL/+noa4ScpHrvgOhIFUgIGrZ56alsx1/sU2kvxfw== processed in 40ms
[2026-08-24 06:23:10] [WARN] [api_router] Transaction payload payload_hash=AOsqHGsyoR4N0WpHIlyy534LOGeypfPoWfusFKReZvNJHrGfM9RDjZZyNY/xcita23dlTYBo8ew/IFhXEUYB/g== processed in 54ms
[2026-08-24 03:27:17] [WARN] [api_router] Transaction payload payload_hash=9saswlbm3SSdolB7lZLUfE7QolxlhugBp+ORHAAohNXlONXmJb5Cyn4qhN8CTM9q+96RuwdO1QUrVLFW55jd1Q== processed in 40ms
[2026-08-24 03:41:27] [INFO] [auth_service] Transaction payload payload_hash=jQsTtr/x8cVX71jOK/uhuwi0IaIQe32PR10CeKtgUS/wSzkNFm+pi/wCdciv199zH+UIm3xnvyanjs9W2k1qfQ== processed in 356ms
[2026-08-24 05:25:27] [DEBUG] [api_router] Transaction payload payload_hash=yGxFre30BGXBu/k1rmLRFK8cw8SO7aO9DxbegJHtOnFtoBKaFhR8alGqFzgt/dcp2MyGT2g4EYYib6gwI2Cirg== processed in 176ms
[2026-08-24 09:51:17] [INFO] [auth_service] Transaction payload payload_hash=kC/9lK7PWyWk1Q2zcKaq/CUaHFkXa38EtxfLR5XjUzECnm13QqCapTDj2Iv8eZXghhfq/H/ksGq6peZqWcDhMg== processed in 471ms
[2026-08-24 02:48:09] [ERROR] [db_pool] Transaction payload payload_hash=JfeVKWaoRtxDqkaNpXKkvRXO9iZp6n+3nv5yBbxOyTGT0HaXCd3J43HTzdA9wiABQL8/JhTObaPsyb4B6oSyjw== processed in 150ms
[2026-08-24 08:30:48] [ERROR] [cache_layer] Transaction payload payload_hash=TDrEFBiOtpYym4++V/hawUbOVIG5iOuDGqrogGjSaKgjBsbHQE90ubQgDYcF6mLySG3Y30R8nMxYkfZa75QS+g== processed in 175ms
[2026-08-24 10:25:49] [INFO] [db_pool] Transaction payload payload_hash=dSJ8GLl/iZrpd2xyuw6k7x6OsEAn3qLAPqnnoBh66rP3r4BR8ddHPRnZfBB3vqa2SwgoIbfRkYCI2iMvqD/i+w== processed in 121ms
[2026-08-24 10:23:47] [INFO] [cache_layer] Transaction payload payload_hash=UNvsjQIM4Nvq9ag7mT2oeb8r8a4ufTYecdbSlpVTalRytEeXKKQ0Ogp3Sa3mSnN9rdDJl2CuOzlF9I/YUY6H5w== processed in 58ms
[2026-08-24 05:28:41] [DEBUG] [api_router] Transaction payload payload_hash=fmMNM6WjKEutHt/lDbNZzW3eDfwKGo3emFjr26Q0WH61RO6dlUM4XhfVmeUlnK/GzRPf3FwQQQ5mw0VT9UQNCA== processed in 231ms
[2026-08-24 08:41:08] [WARN] [cache_layer] Transaction payload payload_hash=9RTxy/pWWKr/sDs/VwK01uXQk80DuWxaoc9GfWTUCla7nDtlehuUooB5CeDFMYI2gp7KJImfbnE1ss/z7KyFbg== processed in 197ms
[2026-08-24 10:08:54] [WARN] [auth_service] Transaction payload payload_hash=wekozTAdtz+LyfiRdUIgRlxbU+e+LBQi+1ZP+QckfKbRgSxGFJaNKOdMM5qiwKNfBOwpc+bI7Wje2/dvYTewAg== processed in 11ms
[2026-08-24 05:36:39] [WARN] [payment_gateway] Transaction payload payload_hash=Iw4BVRmno51pgOjiZYO8qgy/o06aVaSnLMVnMQIdk6NDWrpEnu8i5ZsTk2q4paqQS2Cm2Nhp87GeFmLAFz6SPg== processed in 137ms
[2026-08-24 07:17:33] [INFO] [api_router] Transaction payload payload_hash=Sfz3gh71LY/piq2z3pmxXi3HadQnwAGxXGMNCRxdCKUMPLDb7nB14Q+GDaCXLU+mVzZbX+Ty8J2xFtATKGTZWA== processed in 225ms
[2026-08-24 10:16:13] [INFO] [auth_service] Transaction payload payload_hash=54o9phP6ljSBug9x+xqGhoxvDqHjfLhgspBbjqv84wRJSNTPfX/INryr2+RZkgVzKxQ+OBN/KdOPekt/HwkU4A== processed in 416ms
[2026-08-24 05:42:08] [INFO] [api_router] Transaction payload payload_hash=NDNpKFOo9mh1ppQoaTfzAn1jae5GEj2voZo6KovwQ2lCRdfkpue7f6Bfhyt/eJDWL2AKFf6DCt05BHdOkRqjIA== processed in 293ms
[2026-08-24 05:45:11] [WARN] [cache_layer] Transaction payload payload_hash=4k4GAvAeqfnk0eNB/Rk234l8TVVxTowD2sEDQgotKv5jPz70wNey1nSrbfPU7QjleGcNRbiUM7dRBvDAbzsDTg== processed in 24ms
[2026-08-24 04:24:20] [WARN] [api_router] Transaction payload payload_hash=MfXHXiwWw+tJdKAQYyDuE3SXwgfGmEUxjUyNNKTOQCtmpYLLuIeFF9MV4w1zoFwlluUx/UUMAWXvXppq/TEydg== processed in 117ms
[2026-08-24 10:04:48] [DEBUG] [payment_gateway] Transaction payload payload_hash=9GwFgHMLg46F/BNqy0z8ojB8ZGOD017Np6FXXj38OYO2b4HWird5TzVZBE6nuDkN7oyGH/xuDfwamxwDZ9Eb9g== processed in 74ms
[2026-08-24 10:00:17] [ERROR] [auth_service] Transaction payload payload_hash=Mz5k8u5X3ViZNvRIqukbbzrko0rxqmjV5duSkHJ4y5neRkXPsxUw/Ao06OXSjA1C/VFQIvYxCbbOUknyOGpahQ== processed in 65ms
[2026-08-24 04:41:17] [ERROR] [auth_service] Transaction payload payload_hash=nwKDutEqfztleqzIib3IWVBqyXcYkXS/+buYkdhsJQO3qAQbFPPG/j8BHYLEf95mv5BBdV5FgDwDsLBC8EAw0Q== processed in 70ms
[2026-08-24 10:11:55] [INFO] [cache_layer] Transaction payload payload_hash=P6IuxZ8O6llvb+UAV+jF0fZC+ONZC37nKZzMavvZDM74Aq1pQ7XeCcrPZTgRH6SzUgRBFcHF8w+1OwWClV03aA== processed in 95ms
[2026-08-24 09:55:14] [INFO] [auth_service] Transaction payload payload_hash=DOvAqHUg/JVKCQ9yhYrQaRMRnZ+E8aJ2RhXYJYeiDN6i1e2Qiy9ordbb4m1/JbjvePoGBZ6DjU42bZG9LRMWXg== processed in 468ms
[2026-08-24 03:42:04] [ERROR] [api_router] Transaction payload payload_hash=v0BaV8GkGSO8LztIQUkX8Lo330kZEQ9KmJQKAlCrzxBppb/m7ENZawZUF/TxW5M6nb2iqP/CrdM6pwc7KV937g== processed in 24ms
[2026-08-24 08:42:27] [INFO] [cache_layer] Transaction payload payload_hash=z8DdFNupgG/kDJWdDPmxMKkEhSpQ0JJhwhn4ZaYJfSJKWbl0xsTAoCY9oSA2N8bJxfIrKYt7ta1/SQJvHj43NA== processed in 324ms
[2026-08-24 05:49:15] [ERROR] [api_router] Transaction payload payload_hash=A/O1gT/u+nV+g0vnb2ai6tcFA3i5zF3Z/JroNl1RhkwZwA4sJHtpzfb4ysnnkdpmA4wTjtH0Y7gfuVpZvCnkng== processed in 84ms
[2026-08-24 04:58:25] [DEBUG] [auth_service] Transaction payload payload_hash=Eu/Lv+KvfF+NTIKnqlfMhoKVmksgAxnQx+NjjoJyoOZVJQOKYrr2k7DDvtQdqWkRPrmRNzbWwBuhqDTsWB3+LQ== processed in 319ms
[2026-08-24 03:29:04] [WARN] [cache_layer] Transaction payload payload_hash=8efBrSaWgOaF875+zjzPNA/mBuZD4RynFa0zUs7OWS9cB52fgMgvqNkJ7KwAqGkikT7utlLnPB0NbRW3OD+J+A== processed in 195ms
[2026-08-24 10:54:58] [INFO] [cache_layer] Transaction payload payload_hash=mE9XIQCPGj0+dt6aap2I6Osfxve0O+KyFhsB1rNJWIFWWzN3QcYqMInsy6uV2FMB2CrYiWZ1VvrPFGz0nO6dVg== processed in 48ms
[2026-08-24 08:56:31] [DEBUG] [api_router] Transaction payload payload_hash=aO/nWmxDjpuYQoIjJAcK5QFNikTacIlyFNZm1LHuVXoFthbY67Mg/zO7rCqATue/C93R/JvX8lpe9/UKIilzlA== processed in 270ms
[2026-08-24 07:59:47] [DEBUG] [db_pool] Transaction payload payload_hash=iZlpm8cn6etS7YR8y1+FBCJOQ4jtMA6p1PiZ1wt75PK0A2FMuWiD4Eo/t36WGapu0FuBRppNRJz8Sl9yAYpI6w== processed in 262ms
[2026-08-24 09:13:42] [DEBUG] [db_pool] Transaction payload payload_hash=AqNEtgtIBaW++SKG4vuoHsQIcsPGA6M4k8HwHrlMLqpZFH3l29RsqHGRs7e8wU9AnfcQA1FYmYzL3xgKSTfdtA== processed in 450ms
[2026-08-24 05:11:52] [DEBUG] [db_pool] Transaction payload payload_hash=glM43s18fbTrrTIBt5Mx1NBDbXRD2wSqf4yJbyCFlm5m868lJx+bu2STClfTu6abdb6vuTrJ0KJ3Qbn2jXCx6Q== processed in 352ms
[2026-08-24 06:28:36] [DEBUG] [auth_service] Transaction payload payload_hash=UcfI99vPUPnCXaJnUPW0vN//BZXy0FKKl37FsbxnlMosYanTbby37EmtpWEsxYLzytKtFw4zTi+JNWN7yMWldQ== processed in 368ms
[2026-08-24 05:14:44] [INFO] [auth_service] Transaction payload payload_hash=grwFVxCTrzVak95g1624XR+uVTJ7BL4gXJ6YiDtMrfb1Zc0O81mN3D+nblF4zBsxhqgAvlOMIL3k+yx9VJAqxQ== processed in 47ms
[2026-08-24 04:00:14] [WARN] [cache_layer] Transaction payload payload_hash=MDf8+sVy5rtmH9PHKgyCjh137lBmSw9hluV5kcxPeaBvdQZkZyGrHFrwmDWNv+KkHpouTc2l2ZudLAAh5mY7YQ== processed in 483ms
[2026-08-24 05:35:55] [INFO] [cache_layer] Transaction payload payload_hash=hxn41iBJqbW4JPOz5vUIGa5bxdxTWlB9y+cscU2H2osz8CJSMFuFtNOBqYcJG6hHooFFe+vAXdgTRcgWQ+7zow== processed in 491ms
[2026-08-24 02:46:03] [ERROR] [auth_service] Transaction payload payload_hash=cNcDRXnUkpRBIMU5rhON6z0dRtUgBk7i5A8nsV4FRzsBwAQlpbetEWOQL2DRE2N+ndjUNivQsfu2dSwJUAaHEg== processed in 161ms
[2026-08-24 06:40:23] [INFO] [cache_layer] Transaction payload payload_hash=6/LqN1Q76qpRGOjvb0A+nNzTfQekszL+ONEgj/hZDsgEOL+wQ3faRp+22oYVzY73iAYK0PhDgmznUpUBf62fAg== processed in 134ms
[2026-08-24 10:20:04] [DEBUG] [payment_gateway] Transaction payload payload_hash=D1Gx+wSEhT7xjZNw9nKgc4WKqNETYL20C10uoPb4GEgYK7+dWHEH8VhGt3ZSYGESb8QcGbFtbdwqRuy2/mq9cw== processed in 340ms
[2026-08-24 07:42:14] [WARN] [cache_layer] Transaction payload payload_hash=DtSQ8k5nD0y17IDVKX7jOEi9zBJ/b4xD6VN8P6XJxHJEc1QGnFrDugstQoOqRh6tuOIwf6CjlxWW78Me/1dZeA== processed in 44ms
[2026-08-24 10:50:18] [INFO] [db_pool] Transaction payload payload_hash=gmCg3tpjqi/m0xM0r2Qg1Ii8PnM8iUVH93suCu5X1RAlox0sxEcV0cL+PLc7w6IgksXc5TmOl9JbY9s6JpPIdw== processed in 419ms
[2026-08-24 08:11:43] [ERROR] [auth_service] Transaction payload payload_hash=wCqky5dbXGES7xqm1qMrnY7BGjE/RKKFOCdqhn1CpucjfTOhRLTPqPLihz3w656s7TjxeUiMYWa1637BZy5xpg== processed in 175ms
[2026-08-24 10:05:44] [WARN] [db_pool] Transaction payload payload_hash=oG9S0MSSxZHaQ4HVYfDaxzfWbaOWJzgRr94R1vbCnYCrU7KFONiR3dSP3HFJO8jZWq8nQIoN5dVOV7nrImbpLg== processed in 322ms
[2026-08-24 05:45:00] [DEBUG] [api_router] Transaction payload payload_hash=YD4SP750Mbtxg/LKpM5eBnMu8EcPHDJ90GwVLDAVD7wtopXKgm3bidjCh9V4AMqzZFblg/IxGo1X/4WiOKHwqg== processed in 419ms
[2026-08-24 11:06:58] [INFO] [db_pool] Transaction payload payload_hash=PdWKsugU7alyclV6BQSh+0zCuq8VD0CNXpvpD+DPwWddyfT40eu6UV0xKh1fSI320bkZF1PTtRqeDwn8RkQY9Q== processed in 386ms
[2026-08-24 09:51:55] [DEBUG] [cache_layer] Transaction payload payload_hash=GhziWcXxmbbwwwAaJAEdvj92C65gIvuu1P+Zy9BYS7YNbBeB498I3ChMEUF6x2n2LdAqSxF9AQUSs7ZarTpp0A== processed in 281ms
[2026-08-24 04:57:37] [WARN] [payment_gateway] Transaction payload payload_hash=KyCNezjLvJNlTRiE0mZaJQYLGbi8zhnyOrJvosgaaJSbzM1TTRrXL5GDNEh+iEahySndGzasIt+EWoHJaig1JQ== processed in 221ms
[2026-08-24 07:06:21] [DEBUG] [cache_layer] Transaction payload payload_hash=iOoyh6l2DnIXtYtbtuMM/WbRO1atKbfafLNppC9yu7G1l9vMxhB1lcaqBCbWXxRd9oqX+VZnMrhzRebHUQouNA== processed in 127ms
[2026-08-24 08:48:26] [WARN] [auth_service] Transaction payload payload_hash=UkHfvUhuPobvuxaFCgg+mP+TlCRqsBlGnXXIFK7DKZjx4ybypjxXDEfp8nTtBL9Oy3LNbibpKsqeRuc5IrwuoQ== processed in 384ms
[2026-08-24 08:33:27] [INFO] [payment_gateway] Transaction payload payload_hash=smTEk68ORtLRBo3xI+UGHZ5f4bdo02eEoLsvwnBueoSU6l9HUn8nKbKhuSEY45AQ8+w/OgsQM6uQBSS0tsVC2Q== processed in 206ms
[2026-08-24 08:20:42] [ERROR] [payment_gateway] Transaction payload payload_hash=DBEOTm3ZOmgbglMQhNKG3Xd3Em8/2m5pdn+Eb4Nr8D3J/HdDubekdmmVZExtqvDSwVHNjI3+/+roxAbO9/KVeQ== processed in 372ms
[2026-08-24 02:39:27] [ERROR] [cache_layer] Transaction payload payload_hash=8ct36+VUGxs2umFQIA9PO5kwOcx2Sysk1g8x9sKjlqfHd4DfNzfXVN4jNvO6GpxWHKgjLhoexDTxQZR6jy3nNg== processed in 425ms
[2026-08-24 03:10:46] [DEBUG] [db_pool] Transaction payload payload_hash=zovePYEhFzjabafQ8WUJOEABWWZ41fkybLF3xfx0E18Yw0Yh9zIECBzV+IIrrn+AmWyE7Z/1aPsJbRXkqylHbA== processed in 80ms
[2026-08-24 10:01:34] [DEBUG] [db_pool] Transaction payload payload_hash=SLnY9Lo3AFf1OXHXhLV7WimeSyX+4a+rMjqOP8ok0r6F/As1qA/XDTy1ypGGxq5oQXFqhIGV0Muo66nGQ06kNA== processed in 376ms
[2026-08-24 09:28:50] [ERROR] [payment_gateway] Transaction payload payload_hash=rUn8boNUwBVusnAhKOwP7Kdhd/u7CAyL7FVkukD3+8iIbqDAlMjsRML46lnMKZtWssKFc1A9cATCZtfRj3yJ6A== processed in 34ms
[2026-08-24 05:44:45] [DEBUG] [cache_layer] Transaction payload payload_hash=4mz0MAOWwq2cWwk/2Fqbeu8wgHZwVO0nKzmTHoxsnvfVXPVnYD7N8MzWLVh1vvZMJeZJaTWwX+HCeK4q6pKfaw== processed in 207ms
[2026-08-24 05:37:12] [DEBUG] [payment_gateway] Transaction payload payload_hash=E9HRZdmVHaBPIbizNQHQ0cNcjRn1zo+yd/S1scoe+OUex1KiI3+qSdIvA+EERImMf3RBstabZOD23UvD4uMRlA== processed in 438ms
[2026-08-24 11:07:44] [DEBUG] [api_router] Transaction payload payload_hash=VM1D30kYlMy0p+8dMisn3A3Sw6kd5YniZWuTzcVjsEdkwxQullNxRNULAslpHZyUGErpKX3gTCjxxX6NgHStfw== processed in 79ms
[2026-08-24 03:36:12] [WARN] [cache_layer] Transaction payload payload_hash=ypFDn7pWdCLk0V7mWp62CMhfNkaN6nKRB5e42fd+AzdPEQoa8vA61JdjQZsfS4xhutqpqPtO6lqnnykhh314uQ== processed in 348ms
[2026-08-24 09:55:27] [WARN] [payment_gateway] Transaction payload payload_hash=QE7Tpo2rMkSxVcj/EngDSdbIiVAut0eThWsN+i8WO7aQI1rV+cS4bFDGDFcVRY02TAbKsixWf9g4ontSr5T0mA== processed in 446ms
[2026-08-24 03:23:52] [DEBUG] [api_router] Transaction payload payload_hash=v71nLGlxHxk3EpKdlpRGZJ71cqww9dzs0HmFC5Txn8A1po8XoulE2WZYmsc+ei5yltymuwTQlpjWpMrX4Zs/hg== processed in 489ms
[2026-08-24 05:25:05] [WARN] [auth_service] Transaction payload payload_hash=E4c0Mgwt5JuzICI6I5ooKoP05Em3XUI+20Z8AkzAA2H4yq1H053ZVJjlO3SjxzIccD8YBepxOtuFIBAP2c0FCw== processed in 114ms
[2026-08-24 02:34:07] [INFO] [auth_service] Transaction payload payload_hash=o0Or6dfGP64sVDCKRmwFp1vQ4B/UzX4wsKu7HdAFCEaALE3iBOErk0z7OoKPb2BOok0v8haQ6AYIQLP8iqCW3Q== processed in 65ms
[2026-08-24 02:29:51] [ERROR] [db_pool] Transaction payload payload_hash=K9lOZAjsRzKabbR6kqTxpd8eLBgnqBN2I6sTMXHaUY5sM6fMLDcXoFYdlzIGn/y9oow5F0Uldloxj5uxJbBoKQ== processed in 322ms
[2026-08-24 04:18:34] [DEBUG] [api_router] Transaction payload payload_hash=RLMmcksMPZbMffkMhrTzR8ysS6qhsa2XXl/f2KMdWfpRQeFs9tsAT+vZHa2Zuy28ydjlP2om48ZVcq7FsvC7DA== processed in 25ms
[2026-08-24 03:15:49] [INFO] [cache_layer] Transaction payload payload_hash=8ZDOyTjcIoOmZp+qtQRbTjnctmI8g7WsXy3YDuvP2cXGeaac7yQxKEERHgTXRZBo9YZQwICbd26Qv9ewISVcYQ== processed in 273ms
[2026-08-24 08:31:53] [WARN] [cache_layer] Transaction payload payload_hash=zEKgVht7oX7FYVFqcPpRK7YLq7f3+Ni/uP+yE7w705nWTYGpKLC1dclrLSFyp3F1LLxebx5skTTJGoWw5H3WDw== processed in 442ms
[2026-08-24 09:29:24] [WARN] [auth_service] Transaction payload payload_hash=SxKrz9y79+zhbPzCQ6XBkkTIbMRrF31udYYIKp4qvVYrRVSgbVuNywaBD8ibCdB/iwY0ifbHq8toaxQQDEckEg== processed in 164ms
[2026-08-24 04:58:46] [ERROR] [cache_layer] Transaction payload payload_hash=Xv94l10maEWt0gJKPl8uMLNj9xbLP7slYkOCZ/3lcBH2852toQ6GI3gRsmn5QSgkk8nljLbI6+F1ucOYJo7F3A== processed in 396ms
[2026-08-24 10:23:18] [INFO] [payment_gateway] Transaction payload payload_hash=1sd/XZyOVStNXmzvsifRqva5YQSx1NtuTz4vIa+vjaIkOkk0Rh3NgjxURjn3tWra5AJfbGCUymPPWI1mPTBu9Q== processed in 190ms
[2026-08-24 04:59:22] [DEBUG] [auth_service] Transaction payload payload_hash=eopyywnLQe9CUXIisDXAzWDMRDjD5ACZRqj87yt+oyq7eBchFFtKJpbDpTD/YD4pDzwYTBtq0FnV6dQJ6pI+bQ== processed in 72ms
[2026-08-24 07:16:23] [DEBUG] [payment_gateway] Transaction payload payload_hash=NOU/CL12zVtAomYXgGri3eJlQWK1k+pB2Mkb8+SqdQ60La8Se/KvuBY2q9t+6nNubOsPnf+wGRuvObXtcv7rvw== processed in 242ms
[2026-08-24 08:40:08] [WARN] [auth_service] Transaction payload payload_hash=01TQEaDPlNv9lHIsfiam+LDQyBNXMijey1Hz2MeIyCUuK3hyIzSppTEOQZS8PTdwTHp2gJtMK3IQ854eIWzvdQ== processed in 6ms
[2026-08-24 09:38:19] [INFO] [db_pool] Transaction payload payload_hash=ziZRed+r8sfmoONbB/4zJaaF4fOWJl1x4UM6MlDnUFzyGhfeMzH6XM0OBqvpGw6Ia/eM8ZDnQ10DOqGsJELlAA== processed in 221ms
[2026-08-24 09:11:18] [INFO] [payment_gateway] Transaction payload payload_hash=UkNLEnru1sayU0vKxRcnHdNBKIh5kqwDtS15R7RUVbibEp3gqLbZZBvsNA1g4HOo4wumVllgKB+8H6QhzjmWaw== processed in 289ms
[2026-08-24 07:55:31] [INFO] [db_pool] Transaction payload payload_hash=4prcMB/Ns5GTY8ZHxEr6kcmA/DrVoH5FKmKm9exHqugTJ/6G3cPt/WtPqCZ0NkKn+C8Lm8eqfh/+C+wjYTS6XQ== processed in 185ms
[2026-08-24 06:39:30] [DEBUG] [cache_layer] Transaction payload payload_hash=kOtPKCd5PAliinxg4OhEY43atrVB9/JgmbbwFE4O/lNAMJGIM07JM4JHEbcVBZjkuy3NhSwKeVE437qSLyUGdQ== processed in 71ms
[2026-08-24 05:59:05] [WARN] [payment_gateway] Transaction payload payload_hash=nnydOyKi1BzmjbebMXNC3syHvIfBoi9ZMbXxkVlTlW2DgvVjFya0d5m/sdxNqOPrTEFMC7+7JqZ8JgbVrZDiSg== processed in 26ms
[2026-08-24 09:28:02] [ERROR] [api_router] Transaction payload payload_hash=9mX+IQdHZfiNKC9oqWirgz4gng20ijZfuA/0kVIOMWv+TJSlaAJESbl01/laDgYohrxfCEOxOI0w5s6O4izn1A== processed in 95ms
[2026-08-24 08:46:42] [ERROR] [payment_gateway] Transaction payload payload_hash=iSzhyUYoKxjXcVKS6Z6ka2skprteWESGnpl+dd7ljA/9hxwxDMiB1DM/90KuJAE69vo4qSQr5EBlruzOeQ/8cA== processed in 222ms
[2026-08-24 05:29:41] [WARN] [cache_layer] Transaction payload payload_hash=tXA4vwP+94Y/DLELBOIWJ/WZWoInBJqF2o7n+yI2uAENWzX/gX/9ir3DlKnC/0pBwDorr7CfAyuRKVguOp0kLA== processed in 239ms
[2026-08-24 08:38:17] [WARN] [db_pool] Transaction payload payload_hash=aY9+b7aRtyKUfn9P86lfmP/P/yeykT6oEDDRF52xo4NDe4PiiJjG0mJpDjPtCUuk06STWxS6+jkpR0XQqV1F4g== processed in 355ms
[2026-08-24 09:27:24] [INFO] [auth_service] Transaction payload payload_hash=NsTlycTrzBC92pp7ZKiZF4UR7oYyhl000NAO+ihNJml4yGTQea3XchFI4Dl6QD8J05rI6mO+YVaqhGxyaz1xdA== processed in 121ms
[2026-08-24 10:53:06] [DEBUG] [payment_gateway] Transaction payload payload_hash=1+XtXi1L3Y7R+XJTeIuAYcUePah80Th0nxZuwKDscssg84mumfu0RzHHEJi9sIo4Osmn/7vNcCGpJ9rHOEjZnw== processed in 283ms
[2026-08-24 06:29:55] [INFO] [db_pool] Transaction payload payload_hash=pes8/YekdvRiqWV7JVdqjcn7tCGT/9Ie45UHR8X//CaYdMjafVxG2VcIkY2QM1OWqREZRkCG4PabmMOuKVMDMQ== processed in 8ms
[2026-08-24 04:51:52] [DEBUG] [payment_gateway] Transaction payload payload_hash=jtY+PeUliDhL0IXmjCrrGTpYaERtmrnLkE4K2IrNthWXohTiFtnP5WDGRNcjwp3cOfVxnb98ZgweynmQuRPTwA== processed in 39ms
[2026-08-24 05:49:48] [DEBUG] [payment_gateway] Transaction payload payload_hash=8FWS+enQ1XEix1soVFCqo9ILcJzzC72dtU7SnsN2gfEz3jAoCANNCczV28BJ4rlHEVGY332zpKqpOVqloUSB2g== processed in 184ms
[2026-08-24 10:39:35] [WARN] [auth_service] Transaction payload payload_hash=rMyIvReMPXN5Ym5RhTgMUJlySsmu7m5NPf19UMkf2z3bLsIbaepizTAH6/b5jfzeZPiOLrH0S2TWRNJIey7fxA== processed in 301ms
[2026-08-24 05:17:30] [DEBUG] [db_pool] Transaction payload payload_hash=BE+UAc2DVLCR3rIoCBTkMFlAYsSmctpanN8L11eokSe4coZOwGfTlxeZyBzz3MTOq25RI5AomuG1rSt0OEdC/w== processed in 315ms
[2026-08-24 06:09:40] [ERROR] [cache_layer] Transaction payload payload_hash=A9R0QiXE53tuaXlooMYOZBHCKo3ygg9Iw3HOaAxqZDxZbSCjvpARyC2xTh55Pg1nL8vAOjxP8p5KdDmOJiBwYA== processed in 382ms
[2026-08-24 09:02:49] [INFO] [db_pool] Transaction payload payload_hash=0caaYZVxwqLNFtRLqy+CqiEITINf8H81D0kBCTXzd9PblbbiEGeBALxx85dbLC8kZMRJ58s9EfqDwz/sVKrtDQ== processed in 54ms
[2026-08-24 05:38:19] [ERROR] [payment_gateway] Transaction payload payload_hash=NGKjbMrA7Z90VBJFQGABBP3EugdxxMC5UIfan+DGXbIHCt/i6MLtsFSUpMU1uDe+mRt20HEZe58or5uYOvECwA== processed in 363ms
[2026-08-24 05:58:39] [ERROR] [db_pool] Transaction payload payload_hash=GlnH4LWXUOglxvE8gkLC6/rjJEabkOwmfP4AUhgZ25FT1p083C0dzKJ4GvsVrY9Enr+8BezfqIE2aXcfYFx60Q== processed in 432ms
[2026-08-24 03:33:29] [INFO] [cache_layer] Transaction payload payload_hash=f2eK427uratIpCMjio0csbPjzGwRAjXRjqNgDfDNJQeo6rgwOc02QrztYRhBxhhF7d4uKoBa10dNKkFmTfzdxA== processed in 184ms
[2026-08-24 06:56:30] [DEBUG] [api_router] Transaction payload payload_hash=mRaa1EvMkrDpgGJXHON4jRFuE3PqXWr4LBM9VsBc5zS0VbPZHXkSyqzhceoyQewYWa/MgS0nPqceIMqVyRA7lQ== processed in 355ms
[2026-08-24 10:03:53] [INFO] [auth_service] Transaction payload payload_hash=nucKZ2gWypqp4DV14vYqBcOXBtuc0GHGCcOIrfnBhircY5S7qPiN45Uk8KlZPDAE5csJbudbWk7HRPvpEilzdA== processed in 88ms
[2026-08-24 07:07:55] [INFO] [cache_layer] Transaction payload payload_hash=uWoGUom4Jx12DhTFT6S26NuZ1tuay0+q8FgXpLaY4myVjae7uYnmkdRuzwVpUVkMmUemkCBZfGMDdA/BUnbMWQ== processed in 127ms
[2026-08-24 02:28:08] [INFO] [api_router] Transaction payload payload_hash=SqsVRqVIFveJeFhhHrDrrTg31X7Urx6z+F5brs03xKak/hpR0LzxzeeZCEwiy7/PO0qQcXwTbg6ZD7SbOSWb6w== processed in 172ms
[2026-08-24 06:19:11] [DEBUG] [db_pool] Transaction payload payload_hash=TpVDrFAcS0lsMxS3ZULYGqmDq9nYU+yGp1dZlIgqo65nP1q6Ui6qEdi4InxUCH5dR6+GGAuA4bHusVP83BDuAQ== processed in 462ms
[2026-08-24 10:52:54] [DEBUG] [api_router] Transaction payload payload_hash=VsBwDewfZCWKKWF8wU0V2b1/BeRGeEjIbII8wNiZDI1W0wpbKgnwQsHBJQ3LoxntQfDYLrMci2TqbAnyIr36XA== processed in 178ms
[2026-08-24 08:53:53] [WARN] [db_pool] Transaction payload payload_hash=Sz5j9xqX/prB7nxl2Jn0K+UOYmm2RmiUhoVwMkplEUHcSZfYxd7zHcG1aOAdkvqatNHQ48yxNZaMf+CVcZNUIg== processed in 0ms
[2026-08-24 05:37:23] [INFO] [db_pool] Transaction payload payload_hash=SGMe+wIhQBoIzoFIQ20Yl92Fgr18zadr5KXOhKV2w+TW6Euw4RPCveHGFH4p9KxGN13vHSEhq3V7IWTYF/u4Og== processed in 32ms
[2026-08-24 09:30:21] [DEBUG] [payment_gateway] Transaction payload payload_hash=SJVncWBbgEk6wXtYMt/NvmxvjM9YEdnYvDYyJrphBzgzY6Lye1cXJQObBRWnjRwjOtSqsdp/TXlp74zhEbIY8w== processed in 406ms
[2026-08-24 04:28:37] [INFO] [auth_service] Transaction payload payload_hash=8mqZkHYIipiVuJiHXm+izFXW9P7t8MzgStV5N1/rmDAH0ferWRtSifIlp6g2vO9rHsF7xudsifzltX4hfwgY5Q== processed in 286ms
[2026-08-24 10:37:58] [ERROR] [api_router] Transaction payload payload_hash=E+k3lQMU/MxvRg2job6KOEmh6UvLnXCCYopqLuKNmS8l5cSkiKkbZWD+mjQu47MkPAddFCgV0Xhn3yLvKU3FVg== processed in 489ms
[2026-08-24 07:39:12] [DEBUG] [cache_layer] Transaction payload payload_hash=JaMRIPxSROPFkBmOvCuaNAVdpj9QwFZu48VLcOYafonwkP7RnZxoX3Bgdx1oJ6wVoAStvPr2CKeRKOIfMoiNiw== processed in 428ms
[2026-08-24 10:43:21] [DEBUG] [db_pool] Transaction payload payload_hash=fMqW6MsLXR+/jUw769dl04rtc7RkcOEPOQDy4Jk/YpEgvlWUlp2Jk6P1Fc0evAMk4bE7GvOLjRsl6JPyyyLOUw== processed in 257ms
[2026-08-24 06:32:38] [DEBUG] [db_pool] Transaction payload payload_hash=UtJRhyq0Jiv08kSDjKiZogZepxUN0gX7U+SNMknG3FM9iPSAZZrbbk3wWAHa/h/UBxWQ9yhYMFCQvPoqIDR9PQ== processed in 189ms
[2026-08-24 07:55:56] [DEBUG] [payment_gateway] Transaction payload payload_hash=yL4AyaJJ7evfrRAF5/7Ou+JW/+WqIzeWLT2fG7QnZfhDyoMUYl3VE/MYl+P6Gp0ourK3ZVveipcgOiU4ExoSEw== processed in 314ms
[2026-08-24 10:56:12] [INFO] [payment_gateway] Transaction payload payload_hash=MYBHKky1H+lFI/gvPEeudJcllHQakk11L2mmVM/AoTjc4B0gzu+3u0sTGIV8QcTkvp2WPpesqFTIPbuYY2Hymg== processed in 15ms
[2026-08-24 09:01:39] [INFO] [db_pool] Transaction payload payload_hash=ewmaFhKIdoJvqhYa5+IQI6mvP0ucgWd0l5/xbVVo5aybGkBEiIJBjwxiaBbmFbrNY49RBJ/sLFCCjFmWL3MtWw== processed in 297ms
[2026-08-24 08:30:19] [WARN] [db_pool] Transaction payload payload_hash=quEtJ8uce0NIJ1HnayThQQEVPWi+OSLqCiyC7DBkqYno7a47aXZAbYetksYLA5tYwP+Ybwo9Inm8Ck4sO4TbFQ== processed in 221ms
[2026-08-24 04:19:26] [ERROR] [api_router] Transaction payload payload_hash=WxULmovtB+c/362GDV33j8Q8Qlii8CGVwdvyCkk5jup/V/6sHCYcnTGK5ZGvxn2kKQYHZ8w+ied4TtD139CQfg== processed in 171ms
[2026-08-24 08:31:03] [WARN] [cache_layer] Transaction payload payload_hash=CL07bX+3iuwMVaVCLS6OB6+7r31p7vams7eX5fCiVap3AymDO4MMrP7n0wWLAOLbPaKK0kZg5H+mVsceAxRIOQ== processed in 94ms
[2026-08-24 06:50:22] [DEBUG] [payment_gateway] Transaction payload payload_hash=VNSFMlf3o7j1Y2iyd9N5kQBOsFgL5tG04hlI84cFM/Hl1V0GZFainb8QIIjC0z5hmG1k5irC+W9xjJMA9EQXlw== processed in 469ms
[2026-08-24 07:29:29] [ERROR] [auth_service] Transaction payload payload_hash=/lxQt9EA9vqAmGQDcmZRW9RheIjkpyla4ZimG4RO4Y3Nb0Vy2sWtVOdmDilYQuNm2eGv/3klfgO2RXozAt/sDg== processed in 229ms
[2026-08-24 05:45:32] [INFO] [auth_service] Transaction payload payload_hash=mFUX/rDlnWTcA5R3OJXzZFYo4od6I4+AjCphdx1CsklOwoewM/IFwNklDyTSnutXT7zn6/nO+nqcN4V8b9rzCw== processed in 200ms
[2026-08-24 08:16:28] [INFO] [auth_service] Transaction payload payload_hash=yB3mybtpDAggjVOZlJywRpdm2dkd4vQ7zy7V0yWPHtk+3X7YSXgqRdgsCaGx4LtnzIANo4edVgkvaRpAQp3uTQ== processed in 292ms
[2026-08-24 03:26:16] [DEBUG] [cache_layer] Transaction payload payload_hash=rdnzkH4en8GBbRtlamIgbJC4Fk0lTjMXz3iirCDasB5z8v4RuRoW/RIM1kpySXLCHwzKsFl1OBelI0Wmy4IEPA== processed in 180ms
[2026-08-24 03:18:33] [ERROR] [auth_service] Transaction payload payload_hash=iQsGGi3aOw1bUSfNERUDf8zqxH2qe7EEY9JFwWLQHJJmMXZrhKd2QYXxmiI5VSSRO/nP6V8ya7moGGPS+VoO4w== processed in 396ms
[2026-08-24 08:30:40] [INFO] [api_router] Transaction payload payload_hash=apPgI1YK3Celg6cqetJcJHviEwzVQ/XU/IkxGtUfCj8OZxZprqQQDdm1q2ipW+JUyttAE4VfJgGWTLivCnALkw== processed in 276ms
[2026-08-24 03:38:36] [INFO] [db_pool] Transaction payload payload_hash=rg6vxTXR1tXCJrWJqdUAVXcSAztePE5zMetqcH74re9KkEPdRCmkl0+OsQSLie7wX07yHHcfG74HpXX8RsAr/Q== processed in 214ms
[2026-08-24 05:52:58] [ERROR] [db_pool] Transaction payload payload_hash=K2HS4BV1nt9UueZ2DnTC36H1Q52UTV1E4LtJu6dW9EcjdS3Y2nozQQgSMolGvFz99JB8OiYos/72F38RxjPb7A== processed in 4ms
[2026-08-24 10:05:00] [DEBUG] [cache_layer] Transaction payload payload_hash=yqC6Qm+njoSA+zuN1oiDo2OG641dG4Df0RdwM/nriNjpL9hDKRRcDut142Mh84Fp55YEdxyGSjZH+KMGTKyhAw== processed in 23ms
[2026-08-24 02:56:29] [WARN] [db_pool] Transaction payload payload_hash=AakYG7RZRb7UX8uzBvdDQzGcrQp5tDOvnT6QXqtvKhfCx4HoL5QI7i9324XBdmcUv3ocsfnJBXxMgnNmFEYQ5w== processed in 212ms
[2026-08-24 09:55:11] [DEBUG] [payment_gateway] Transaction payload payload_hash=z18kkQ3z+v7p8FS6yBviTFB3FaUwlL/7wHj2f6QIG0eql1FgLXtH8Gbc3FXG1oGJ6PBUOK2j8Z4Pi2Sgf1mkFA== processed in 247ms
[2026-08-24 11:01:08] [ERROR] [db_pool] Transaction payload payload_hash=5LAgq9vTiQZz0lpYPn0yw2EXxaRqJvwA1zuRx4KOaQGCPb3BALElThHpG7vInAAJq9QftF+BkWL/Ieo9mcJFIg== processed in 383ms
[2026-08-24 02:59:58] [DEBUG] [payment_gateway] Transaction payload payload_hash=BhvcH3XCJe6f2khBQtTHtMyva2GFqcHnyprdRKZKyndGPSH5BHYRNSlac+lUQHSDyv3e2hHjIRHvFbpEhCUBpA== processed in 341ms
[2026-08-24 06:28:19] [WARN] [cache_layer] Transaction payload payload_hash=CfCg8yXAZHfeogEqEtU03OqbrIMsDpQbxuZ1B68szhUHcX0CSEr6nnrv64h+iNApcvAbi9F9e3v2ngd33A4ppg== processed in 28ms
[2026-08-24 05:40:18] [INFO] [cache_layer] Transaction payload payload_hash=3ywCndbSlaf1VYSvfJnBbqn2n3IKTw2OJLwimZF5QvX2ZixE7NBQt2M4GTRULprOAQz8mnhUmswtXLTo1/uSzA== processed in 108ms
[2026-08-24 07:57:32] [INFO] [db_pool] Transaction payload payload_hash=c5TXke5BMqMEAJIYCYYsqOMtAdw5cvaUGWuM/8YGvJ/zj9+bYOhhYqgGRn8jYBviAf99MQFfyjQ5h+9P1rJ2AA== processed in 350ms
[2026-08-24 08:04:42] [INFO] [auth_service] Transaction payload payload_hash=6WcCpOODj7sXHnzIZ/8KHVGweTOGMQQYNtOLSrOapZt+mn7q05Kj3dajdJGjvzSG1OM3ARBFhlUCUHyQI5Ga7g== processed in 422ms
[2026-08-24 07:16:10] [ERROR] [payment_gateway] Transaction payload payload_hash=V93yIPPovk3wq5zwZ393IxBXOlE8Ks5B5hDj+sxu3I0TjwDVXjqH4K1SboZifUBXXWa+ot1wr3yd5g8ocSpKFw== processed in 391ms
[2026-08-24 09:43:34] [WARN] [auth_service] Transaction payload payload_hash=AkzUNPzpwPUfZG21avCymb3FJxl84GRMCEBqHLXGF7aWmItwhcsbGvzGJDf5hhwNwOp41m3jtxu9+ngU+Of0ZQ== processed in 483ms
[2026-08-24 10:58:26] [INFO] [db_pool] Transaction payload payload_hash=lPO+PVgtK4Iblmn23sx6NFV0qdeNvcHn0XM1VEFuYSxsIwvGsOOEc9L6Jcm0NZ4Bf3Cs55gpuBeRHGvOVBMWpA== processed in 264ms
[2026-08-24 11:10:17] [WARN] [payment_gateway] Transaction payload payload_hash=qhAlv+03QQxwn6w7MjrXMCHaQ7LviAC6ef2vOsguuz1I/r5SzAXhNzuOlZpMJvXlYBf4e4GGfelSXw9hCJrLFA== processed in 380ms
[2026-08-24 06:36:02] [INFO] [auth_service] Transaction payload payload_hash=8lRY3nbBi2jUn0WyN6uPHxvTuefpBlezGkCvkMpbcUGqVSV+O3t2lqEoUrTsI6fSQwQbDNII/qL84HoKBf5u5Q== processed in 116ms
[2026-08-24 08:23:42] [WARN] [db_pool] Transaction payload payload_hash=6y+XH3GumnE/e0ri011YlJpl/4MPoXdx8Qocal7W40DWPFcxUo5AAg6XqfvyN0jjUpGDLCd5ljK3hT8vYMYR4Q== processed in 490ms
[2026-08-24 04:56:42] [ERROR] [payment_gateway] Transaction payload payload_hash=jLpkeTrrB+/uswqdPCfkI4AzBwIgktsSTWpIWjf+rRb3205eV1HDP0bZxY6kjbpNBwO/RykV4pKlMG3Xxc6vtg== processed in 458ms
[2026-08-24 05:24:23] [DEBUG] [auth_service] Transaction payload payload_hash=SwcRf1z+ZaVG6IVSUN+uFZogHXbSmbHYsnSgxuZ9LHL4ZUxVoo94M4/bwwE7EYXHfmKVdCjs0Ga8BWDXqjg+Iw== processed in 429ms
[2026-08-24 10:15:09] [INFO] [payment_gateway] Transaction payload payload_hash=zzo6NWw7IXLZ3+oVyMdvIxSM3qklHkFGMYpDxx1fW1fHxK7C9oKkD/p58sUsLSXmmN/4ZajrzLNadA/8aUI6Ww== processed in 405ms
[2026-08-24 03:02:37] [WARN] [api_router] Transaction payload payload_hash=9RgpAJgQXa1DuN7lCux+SkdtroJikWFo2p2hhYO9V0Tpgn+dgZauX6uWtHeZ0CrTl4hVungFbJUt4ALf85LUTg== processed in 165ms
[2026-08-24 02:23:48] [ERROR] [payment_gateway] Transaction payload payload_hash=PQOTx3rBucyshV6/zTnRP8Lxkrm2K2Jhy4HrmKCzXcf3UcHY3mqV72DXC0uAV3bGn1bmqNrRE30n3kLuV4T+6A== processed in 221ms
[2026-08-24 08:27:52] [DEBUG] [cache_layer] Transaction payload payload_hash=MEigmd+BlIpvZ8h3pfrzPgFpj6dcn/aO6kMtwWpDkLYYCiNoHxJ7MQ4k01+67bB7GINiEE/AHSwyBYVAiK5Itw== processed in 279ms
[2026-08-24 05:56:49] [INFO] [payment_gateway] Transaction payload payload_hash=WIqI5Yq60gzR+tNM32A6eu1qIBipOugUdgNcj4JSHDFNmZkd3CRfFriOtVY437+112z4o3fBm2B5iUc+sBsPfA== processed in 370ms
[2026-08-24 10:17:39] [WARN] [auth_service] Transaction payload payload_hash=NSDERAdVHMOYlzjH95Wo0TNxJLyjQCDocEQlxq2SSIg8pXZf8MnCOXbclaB+XZlnCu1cbtL47CG3/YDSEsEr4Q== processed in 190ms
[2026-08-24 10:24:48] [INFO] [db_pool] Transaction payload payload_hash=dTCVWbbFkBxNcHOlHDD7DYEdpmoHU7jspW6zhdJuJhu1CcZvT7wMh424QcBYdyFljSvncH84vmBmMt05rL36VA== processed in 286ms
[2026-08-24 05:39:25] [INFO] [api_router] Transaction payload payload_hash=SM54zPPq0s8WZqoQ2MARPrzmPWXlvHSS8fvhiNcRLAW9RleKrYjd/GNRVAOvmufTo2HzdOpqP44sB27GsGNsfA== processed in 375ms
[2026-08-24 08:21:04] [INFO] [api_router] Transaction payload payload_hash=dwabE4sxdHuyMdRayiPlKvo3eWxlX46ZjswPvG655vClQMahkUMLrsu31HzBh4od55taxWDuQbMNo6bXx4Z/Vg== processed in 308ms
[2026-08-24 06:06:40] [DEBUG] [cache_layer] Transaction payload payload_hash=DCzdXcnIZOdyUsOkbNmrISLjUklyS6HAUpvmh0w1lotJkSHW73bcBa/I4vbgOmWCwbw9sl/ASweewddA/f3/cA== processed in 21ms
[2026-08-24 10:41:35] [WARN] [cache_layer] Transaction payload payload_hash=/jNu0vIhnikI+mDKzV1ezN+f4bvzBY90tv8YJ/530TzR/I+6YoBBJZJIWyK1iSCjTzkTL5FwfDewrcAlV62Kuw== processed in 456ms
[2026-08-24 06:02:38] [WARN] [db_pool] Transaction payload payload_hash=c3CCpu/ISdaXPrD/uLhHnCScMN3dM9cpx+EmWfa01wvxILdS699VfxoURO4iOvBjpdr5Y7Z+D0RHu8dagNd3cQ== processed in 494ms
[2026-08-24 08:31:39] [DEBUG] [auth_service] Transaction payload payload_hash=CINfHwLRcpIohoOPQQbnOO8UTE6EILXoLi4ahSxBSA4SaJJi0yfD0BnTBYE9DH8NNx6Kf/IklCCixeBl9+qupw== processed in 88ms
[2026-08-24 02:17:14] [INFO] [auth_service] Transaction payload payload_hash=rtT7S/zaa6fXODSKEe2Zafc6dE9VucbQgd3gNNvVXL0lwRNCBDFjeh7rrmABR7GPPZrYdoecUJo50k1gcnghZw== processed in 4ms
[2026-08-24 02:19:03] [DEBUG] [api_router] Transaction payload payload_hash=FDuU4p8YAKQpma8VBeXbLRVqlXWEfxBjAN9K1w1klSwx1/83ZOBqMhTmaCi3fKOlzvc/lHB3DrmBbYBIiTE5rA== processed in 314ms
[2026-08-24 06:48:26] [ERROR] [cache_layer] Transaction payload payload_hash=XdoIPvBLFnYIsd/NlZCrM8mhR7fmFXjS70uh7hfgs3f6n8VSDF0GbjymFEU700mEO6yatLcO+dBaHDO8IbtEFQ== processed in 235ms
[2026-08-24 07:28:42] [DEBUG] [api_router] Transaction payload payload_hash=JRpbwItQhdE1Q8Wz06uojE1lPx++PpzA2SiCO/jo2a+UBQA4228OO+RkoT6V2WZfFm+m6U9MEXF96JLzotQKCg== processed in 187ms
[2026-08-24 02:16:50] [INFO] [payment_gateway] Transaction payload payload_hash=o2bILYrV2LpRyPxjFP82CjGspxcXI1lDxny9Q13UhEoXvDK2Snn+iJloCPS0TVPKG/mx9cr0ur7j4wkmIpdsBA== processed in 128ms
[2026-08-24 08:32:32] [ERROR] [auth_service] Transaction payload payload_hash=gZz133BMXTe3BBjvW8281o+MCak0vulDWValgkGKypvQ+pTvnjFPKiECNuIWkYpS/Rw7RzHc0SenuMArrnVHjw== processed in 222ms
[2026-08-24 03:52:27] [WARN] [api_router] Transaction payload payload_hash=6z6lmJiBYSXBQQuEiwfLhM1FCIwf7dZn801sXyqmywW1fFQs8xlay9ayxSJkdOBILsqu6Yon1bIt/3JWTdbpEA== processed in 12ms
[2026-08-24 07:53:17] [WARN] [payment_gateway] Transaction payload payload_hash=exiLmA2RUF7IVpOxeZ0J7F1HRaPaj/haxhoFIjImfN1eHTgiTvCrLBH4ZzupxEW7SCl4WLzuMZOlCsH6lZ5arA== processed in 85ms
[2026-08-24 09:57:51] [WARN] [cache_layer] Transaction payload payload_hash=7/abs/AjdFJDSnj0yt9xr5IPUdvMh1tlhfvrUF5P5ePDEe4hmTYdj7Wp87ICjeEzC16H1pBdlCfOpncSBtO/DA== processed in 105ms
[2026-08-24 04:35:37] [INFO] [db_pool] Transaction payload payload_hash=GlxdvOQ6bbCdk+SxHfXZHiiXQkjan7OfmZjSiPPo1ayC4uzqhsuvwtGczkbQagc3eM0fnDPgzOVATfWcUvoISw== processed in 231ms
[2026-08-24 08:57:58] [DEBUG] [api_router] Transaction payload payload_hash=o0ovVomcyXzcHOc6EaoTNxcrnKRXD2nuA7NwzTA31yE5+Xy+IsJy/4iwU9gEWuMiEkx0s5MKScdCFb78XJJXkA== processed in 7ms
[2026-08-24 02:27:57] [INFO] [api_router] Transaction payload payload_hash=H8p+64jhFvCXIqOLsbl5GWbqUTpK9BGSzNexhCpcJCsnsVv0gbk+EIyeJ7fju2UTCyXzcBM3KMYaW3Cd5yXgWw== processed in 350ms
[2026-08-24 11:01:06] [INFO] [api_router] Transaction payload payload_hash=lomNzOeRABxRZV/j2FfghQy4F2F9mPx3TP4DyACwsDzUUACLI/HsurNcApjMM/NbwkQiW0gj3HHzY15ZTOBx9Q== processed in 268ms
[2026-08-24 10:49:03] [ERROR] [auth_service] Transaction payload payload_hash=GMyyDVammnOedy0VHc8yemj3+xcP1I+7BVGtxeUIO4GGCVNLhfys4jxFZPFXrwAYBmGpLSy3ZBRMnGF2zUVt8w== processed in 273ms
[2026-08-24 05:35:20] [ERROR] [db_pool] Transaction payload payload_hash=YnlYm5KR5h09jVBkqpKURAoqRRdrQUz5AKLglmsWtoEVZRyzJhw06nzDpVaFsFXlrSqALue56UJjyzq13SVDGw== processed in 40ms
[2026-08-24 05:23:55] [DEBUG] [api_router] Transaction payload payload_hash=fxpBKNnTZDgQtVeUivnNJ3tbakVjNT2RqKjI8wgZNt0yvgVLVVKzcga8osfnm1KqpS6q4XIX1fRl+HeQSYRNdw== processed in 148ms
[2026-08-24 04:10:52] [WARN] [auth_service] Transaction payload payload_hash=th4vdMiDQVTjrXUk/HDLRml2fSTYwEf5gZmxXJtcwGm+WV01ipnZj34/vCt6P8YEiTyS1IkGVwi2DM8kUUBb9A== processed in 107ms
[2026-08-24 10:36:23] [DEBUG] [db_pool] Transaction payload payload_hash=n4vMejEWky8A0ghkB2OF0vgTtnx5vPlj/HBBdPDIJqv1GP+z+23JW/wNRasBP7TWAlLmmZXP4IaU2VCgevZpiA== processed in 136ms
[2026-08-24 02:45:31] [ERROR] [db_pool] Transaction payload payload_hash=XwrckHIm2jGrXiBX965YyfC84mYXnSuvB9go1KA1eiSrgOHTgrhiA3VYrleLej4tuyCk6ao1ZdKiu5eHniDkAg== processed in 39ms
[2026-08-24 05:10:17] [WARN] [auth_service] Transaction payload payload_hash=4RRzqY8wcRgAtvc6bk0EmUmmA2QXPfDyfBT302MNVTMD2KWDxKu/c9/XwBoaiAcHoZ4s5br0i27p+R6Rg1GpGg== processed in 3ms
[2026-08-24 03:19:50] [WARN] [auth_service] Transaction payload payload_hash=BH7Cs9TzxZGsBwu6Wcq0mPzxy8vPXLEoJWE/9UWT7gdNQRgXrkBwUEJgTVAlgSxF+gwJcdGpid7RUqTkZE6T/g== processed in 288ms
[2026-08-24 09:37:02] [INFO] [cache_layer] Transaction payload payload_hash=FVlC8Ar8m9i+lINHRAhsbUM/gCb4ob7akCgT0S3GdNC4hNgdhUdWF1qVBgIGR3j2sXG/mTZeW8vPhpTunRbvuQ== processed in 407ms
[2026-08-24 06:36:16] [INFO] [cache_layer] Transaction payload payload_hash=N9ezPHDp0/MjE80rRJ0AgRSpy7aXLdV/v+PP77HGxHFGR8YLJFau5QBemOieRE3kOnEI4dHDGMEIk81ZEX08+Q== processed in 15ms
[2026-08-24 06:49:09] [INFO] [api_router] Transaction payload payload_hash=0nvP9+JrOmrNdC4FYoIKJiNjLFtBDDuoMWaqtt3kjvvv864V/8/LPXDM2uG9Md1JalZMwA0RSKhYT1QMOjT1Gw== processed in 441ms
[2026-08-24 07:30:09] [WARN] [api_router] Transaction payload payload_hash=KXBvkePMcJUHBxFU+kN0qeo8qOHjMCO5tG3idoQE7D5Xx5uMC25YeGQIr8yvSj241hLm5MX1JiFT6eX2J0w1qA== processed in 361ms
[2026-08-24 07:44:41] [WARN] [payment_gateway] Transaction payload payload_hash=jHN23cQ6RMBymxqDJWk4VgcHFZpHOBTJBUVZmMxNg6imsOwpqZNmQFWHCaVKYq4ynBLa6pC3Xa9HuhyHNvwa0A== processed in 25ms
[2026-08-24 04:04:48] [DEBUG] [payment_gateway] Transaction payload payload_hash=u6ANEi9H6rFDMG4fVb6xPuaGmAx6X3eRplYykQvTVWOtDtdcKmphWa6pQ3RDwsP3BSADKPq8+xQEMF6+J/hiHQ== processed in 152ms
[2026-08-24 02:22:30] [ERROR] [db_pool] Transaction payload payload_hash=PWpoO7PZy69E9s5yv52NHKv2Wyga6l1VKta25m+rsH2hTtrrMdT7gKNXaFDVZblBLvtILTL73UFn3VDHtuQ7eg== processed in 438ms
[2026-08-24 07:07:41] [ERROR] [auth_service] Transaction payload payload_hash=Q2vFFwTZ++GqFG0MsmcLDg7eWxFmthLCscU5UNNuW7k8+snVFxBVCcB7S3qmbIq6fxw7rTDJmySDEGBnt5934w== processed in 349ms
[2026-08-24 03:55:13] [DEBUG] [cache_layer] Transaction payload payload_hash=M9kOm9/4CwAEifAvpDvDKg33TsEl8r2U8OU3qoP+EC8kVeoMgXqVu+9uhTxsr/TyGlfq6P9WhV/VFfNWkT21Nw== processed in 478ms
[2026-08-24 03:25:44] [WARN] [api_router] Transaction payload payload_hash=ZvoL5ADRls2a8X7oaXiVQLrIlDuB8KlrSDHskq6RI2KZqXbxYe8X8UG038wMmijWSt1Hmw5tBolxzt7Es4kT0g== processed in 330ms
[2026-08-24 06:17:47] [ERROR] [auth_service] Transaction payload payload_hash=91+IRFEIOc+Hj4QkY68h6ayv94lKTcPVMsAWAA7Oopw+ZRfZLon71VPDSpryWPubXjWOxerfvbE04IVxnini1g== processed in 285ms
[2026-08-24 02:31:19] [DEBUG] [payment_gateway] Transaction payload payload_hash=aMy3u7YoaABgHQwDA5jBQJp4w3XRwvM0DaviJxnIi84adFqo7IgjjaMZF7tYgzmBfpZQszdC4cZbDUkGLIYGzQ== processed in 123ms
[2026-08-24 08:48:13] [WARN] [api_router] Transaction payload payload_hash=dsfvYtEoLF7lzATBMavGjw+UQYWhQlql6yuQwFIUeisq95F9b95/a4F0ukuoogawQySMJL/t7tjuek4NEm72QA== processed in 322ms
[2026-08-24 05:28:49] [INFO] [api_router] Transaction payload payload_hash=nfnoMGNkZr3o9/c9O4bbzWZpxKTdQkXiL2yS/Y+fVXeq6NEfkuIOwC0Di88mwcr1L5eQzSP/IU9CiBpDgBk3rg== processed in 396ms
[2026-08-24 02:57:57] [WARN] [db_pool] Transaction payload payload_hash=3sDhnLPCvQU9fAKTReVxrgVKG5hPwx6hGz62kecWJFPk/g3irQlzaF0b+JWV01jtcqgTeuVDZarR7hXtdBBeMw== processed in 322ms
[2026-08-24 06:28:49] [DEBUG] [auth_service] Transaction payload payload_hash=W86/kOnCw0LSACbK425gUwX/vZbRk67K5opfY2SP9nf5HJl1iUGVAfNOOMJpujWnurn+oFJyWoJ6Yii8MhcBVA== processed in 70ms
[2026-08-24 11:05:09] [WARN] [payment_gateway] Transaction payload payload_hash=ZhzKNrP10HYFsFUEpGMvNzQWbQ2gQuf915TDpUrZZ3wYVw299yvj4eOe+eoupa22Yh6O/Yb5g67AMcgrWZHQew== processed in 127ms
[2026-08-24 02:18:48] [DEBUG] [db_pool] Transaction payload payload_hash=AIOIGx7FgGkrgTWe966NViQeAU+IKP0PcVC1zBPzIW6skLfqqlZL8c8Xb6kuVJanmlYRU8YzbON9PmtmP3oyAg== processed in 291ms
[2026-08-24 04:13:10] [INFO] [db_pool] Transaction payload payload_hash=4tB3a15edGNQUF2G9lsIz3YeMPquI4Z7YcgfjNjnuvmbeLfzW0q/l12sZ4bYh/1caR7w6JPYJDtQU5iD5m++JQ== processed in 379ms
[2026-08-24 09:11:51] [WARN] [auth_service] Transaction payload payload_hash=1hrlXN0HSlIBtfDjieNwk0+2e579lgi+0VXQ9yyOMwp2E4nazchJUmI9u9xYBNzoUmNAyYDVU88ZJpPi4XxDPw== processed in 198ms
[2026-08-24 06:59:10] [WARN] [payment_gateway] Transaction payload payload_hash=Gg2e2ND1r6ikZgRmABujLyPMq/UtaudNmgMqCpRT1XFKaAgpYk4pksty/KFn9irBNJ+XA+j5VNcbeNX319qbEw== processed in 236ms
[2026-08-24 02:56:41] [WARN] [auth_service] Transaction payload payload_hash=713IolZ+6q0+Oa2LpPJvFpngufpOqF/dGYb0dZwk97VH8wZ+iKgs7iiOdVYvEF9YWFPFXuFEklSkeyS8MtJg1A== processed in 39ms
[2026-08-24 04:08:10] [ERROR] [auth_service] Transaction payload payload_hash=twfmt4ZBsRU94R6pVYW8sID3BNK8a8k8j8Lf4xmZGyFVxqW/QkE8/TpZxJ8V3xZInuMeeEJtfKlLAC3wTaVGNA== processed in 168ms
[2026-08-24 10:31:36] [ERROR] [cache_layer] Transaction payload payload_hash=fc7hOeychMZ8gDa8fSEBURoI3WLCuSj+u5ifWaJdTGRgk8XR9g0FtczELKYpjVFxWxsySRscccBu8LWMgLXJ3Q== processed in 28ms
[2026-08-24 11:15:43] [INFO] [db_pool] Transaction payload payload_hash=XIGAef8AnGsoNUm8A6q9FqDy8TvtWqO6VfNZl7Qhus15qG8mlHjjaLyV++SB7ro2yTywZUCGW0KPrZNwkVqh2g== processed in 244ms
[2026-08-24 08:25:32] [INFO] [api_router] Transaction payload payload_hash=XP65WqxuvFEOhjzPStWkTQWlMcSjRAA0Jcq/CD9VzqPtFCI+db6VCOEfRaHSbWQRtFMxNVjvsIs3lkxbKsfAUA== processed in 415ms
[2026-08-24 11:17:56] [INFO] [cache_layer] Transaction payload payload_hash=+sou3cLvvLHOj5ogF1DbafU1zIK9by0FeZ/HHx87Q5VsCvGBT7Z3tl0kmeIz4o9Dh5eGfcq6QLx2zdVxl2XOoA== processed in 222ms
[2026-08-24 04:07:42] [DEBUG] [auth_service] Transaction payload payload_hash=LL0IqvUoHtpM9QfJu9DaU2My+CpcTwQC369IzU/VH6uhmIDs1s1q6S1fMU4BvHjP3oNb5vwFuPvGWjag/a126g== processed in 136ms
[2026-08-24 07:55:09] [DEBUG] [api_router] Transaction payload payload_hash=dladwiYmx3GTKLwOpBOSv4s75G9Z2YsPDqJkSQberMPrmDLA9QUob0COsIltXBW3TUamr8+OpQuUfs/+KcbrGw== processed in 175ms
[2026-08-24 05:11:17] [WARN] [cache_layer] Transaction payload payload_hash=UcrSuJE4PibWVEOONJ7/Bk9lTgDRtvR1/sMPA/Suwz5yWvQiWeo56Sg0xA5t9NI248WYiCFeqH+f7MfR+ZRZJw== processed in 18ms
[2026-08-24 05:14:03] [WARN] [cache_layer] Transaction payload payload_hash=mkSW3Vpu86k+tLcbpoOJY0eal6hVr6ICI1Y+rgNrUrmjfJsuIEYOAd/cYGP3sVecU+oqEWzlGYyqN14hwuvi5Q== processed in 215ms
[2026-08-24 09:30:08] [INFO] [api_router] Transaction payload payload_hash=B4GNSspauPIhcSCoREsExObtNZcW9O11uHrmx2UKAEyxsnuT43oiXcxHzCDirybgXOcNhbR7/Xikvm2NOA5Gow== processed in 340ms
[2026-08-24 04:25:06] [INFO] [payment_gateway] Transaction payload payload_hash=LvDOqsAL49Zw9V4k4JXUfM4QxU0HM31qEgeucRUJC45c0bUCw7TilALGsYSCMXy8ckLMRUZN+o58B+Xl2Nz6KA== processed in 129ms
[2026-08-24 10:59:57] [ERROR] [api_router] Transaction payload payload_hash=Fdqcr5v57NetgnS3Bz9l4pmsLeUFClcR0ARcFhLGHhEKq9jpB7WLxMdhJ+RMKDxmZGmkWmcDfw8vsBWtpCbOqw== processed in 193ms
[2026-08-24 06:13:57] [ERROR] [auth_service] Transaction payload payload_hash=uyz7doJdubqrsfWO7DpYgmDy64SCwQxHG0HJNoDHJ6blmr27bUlmk0MFh8vZ9vNdZBSDDmT7WaE7ILgtrsYyrA== processed in 171ms
[2026-08-24 02:42:26] [DEBUG] [cache_layer] Transaction payload payload_hash=/4I+Hr8MtZIyCE9UFk95glnt6upXkUtvuaHBn74pAzUlGLXZaqFuUx5G+fnPkPn3QjSD4b3mOGpq07YWJp4CHw== processed in 342ms
[2026-08-24 02:27:41] [INFO] [payment_gateway] Transaction payload payload_hash=AlAYgVOarafpUuK3tQKQrxpNKzikqKnS1T9KT+KkqdOT9ijV+GazPO3YNAPbBpsuwyHOH1/VwoTJlveGv5C6gQ== processed in 312ms
[2026-08-24 07:46:35] [ERROR] [payment_gateway] Transaction payload payload_hash=3ziekSbYu9zN1Ph/Qcl+oTT7wYWlmw4+9s8o32hY/C4NP3I5SkHzm1nYo7C1En0z2dRXbUOmfIIRA3T0ReOEhQ== processed in 177ms
[2026-08-24 07:33:50] [DEBUG] [cache_layer] Transaction payload payload_hash=Gj2AVyuHAYW+CdbdfBORHgwOM7y1MKbiqBnRzXoVzs14I7YB915vHNjr1XEI3s3HbZHXGUJF8DgLJiaZPypLEg== processed in 198ms
[2026-08-24 07:08:40] [DEBUG] [db_pool] Transaction payload payload_hash=ZxyQHkz/H2MX0wrw97ChHUBaEpZxpAVceny00fDi45CI1uX0J8xyKpWX9PW+p4q/nrEb5YCl+mHRz3iowFzbug== processed in 89ms
[2026-08-24 10:42:07] [INFO] [payment_gateway] Transaction payload payload_hash=XG4w9a9AMISpaJRbcJYYfm9jflUYeDpWkMH9RGk+K7wWSFOkhPqjMiks2M1P9RVjymb/M3vA3wPskPktgXPLeA== processed in 232ms
[2026-08-24 04:19:31] [DEBUG] [payment_gateway] Transaction payload payload_hash=WixcaofdRCebfj0DujDXuoWtH/mGyzEGEwExp8IrH1Wis4GaDurpMDtObpfvluyqNWrt4f/X+LGMiZpnuXEYgA== processed in 253ms
[2026-08-24 02:19:40] [WARN] [db_pool] Transaction payload payload_hash=IHbJjZmUiPpTfFW/NXAel+wqVI/K7IKLSEH0nb6TvRGIGzHr93Ll5dW9lEa88z8sxDkQobHmE3b6V7Ei6gjDvg== processed in 52ms
[2026-08-24 06:20:49] [INFO] [api_router] Transaction payload payload_hash=xdjjcD+vlGJtzcg/EJ84/StCNBP+LqE17rzebgEAK/wTOAX8Kgy5SuqUYQzcrc7ELz/LC0K6RdFEPLSal2l6uQ== processed in 327ms
[2026-08-24 07:01:19] [ERROR] [db_pool] Transaction payload payload_hash=O3xFTLLGH3ApyNXhmabm2MiWJc55PHtB+cIUDNNFFxhhXhDG/c/JGUgt9VQRJ+HIBC2CABA+gEFibb/vKj2QOg== processed in 98ms
[2026-08-24 05:55:01] [INFO] [cache_layer] Transaction payload payload_hash=0rM34XBSnUQxRWQSKzRMe9IHBZvjca+yDUwfRlAdXBsImDYeaOkh0gDSf3J9uyzE/cPm+5O/hAc0TJ5iXSkYvg== processed in 80ms
[2026-08-24 08:40:45] [ERROR] [cache_layer] Transaction payload payload_hash=kjqRwaty0W5KQ3PErOYNkZjMgYMfJs0Iy8jOwtrk8IV3V+0Y69aJL4hzc2RUQwp7X9kDxtaITH7WFI/GCRHgOA== processed in 247ms
[2026-08-24 06:11:19] [ERROR] [db_pool] Transaction payload payload_hash=QBhYzVYSJ0ruNn/2VJVpQvwsFB8pSQ3vQ8v8E3NcSbYqnJCmMiqD4Vvx+oi+75w+5Ylan0CLejMbZQq4fi7v6w== processed in 378ms
[2026-08-24 09:38:17] [DEBUG] [db_pool] Transaction payload payload_hash=cipFpMTXOyjad2py/dqKxFXkoQMu+szIzrXuHj6ufTWoITkL7qtwJ/i/mDOkPCM1csUG6iSUmkRVCr+kKsuVJw== processed in 426ms
[2026-08-24 08:07:06] [INFO] [auth_service] Transaction payload payload_hash=2U5gXdwW8df/hEy62QenQG9t4PLIjJqzNvf7Q+dv0Ds7VUBowiOBXdTE0AfcMTQ31DYjwk8lo0Fq6KKlHAngCg== processed in 119ms
[2026-08-24 10:48:28] [DEBUG] [auth_service] Transaction payload payload_hash=IFIjZMAo57COoAPrTf13WMYrSpwCREQGrHSl+6c2iK9x8HzKiS88Il8/gTMc2EclZH+s6L1wGSbG1hW+CV2OOg== processed in 428ms
[2026-08-24 02:31:28] [WARN] [api_router] Transaction payload payload_hash=PeyeG5R24XeJHlfOeeXXbNVWd5xatGHeT+VE+1LqWq+jzE3oliS46QUAFmCiir6zQ/Z+wrqAqGdzk7N1okLzTw== processed in 421ms
[2026-08-24 10:14:02] [ERROR] [cache_layer] Transaction payload payload_hash=cqJC/R3zch5IEfoiQPyklQrkOSwRMPx/jEaGO2G0ebAL0BH7NcpMikWanbJBXFmF98VscCvE2gbX9BhOiRFr1A== processed in 62ms
[2026-08-24 07:04:59] [WARN] [api_router] Transaction payload payload_hash=IQFcDRrcV7iJXOruLNyd5w1wFo6tfHXaUxBl+qBJW+p/xar7Crzg9masKHs2ayTDri8A+dy4Jh+o2iFWfj1rCw== processed in 252ms
[2026-08-24 05:34:10] [ERROR] [auth_service] Transaction payload payload_hash=Hm0rcOhQfM9KcSN8Y20ukdDJ8sPks82S3u+ztEsLsyStPThHgoCJeqSRd5fjdYhSN55FNqV09YjMNeVS44536A== processed in 340ms
[2026-08-24 10:26:57] [DEBUG] [db_pool] Transaction payload payload_hash=5n1Yu8uBOaHke3h3MRSYAbh7DDAiSAojocUTPw6GglcelAW1Vz3/0s2mYkMAHWm8fiVgCVfkJdzGNIxg/ZxcUA== processed in 195ms
[2026-08-24 06:20:43] [INFO] [payment_gateway] Transaction payload payload_hash=IMgsh7OtxxecQc5gtuQKGUkpz76//iDi8c3hxWZqZcyo2bMQyQbmcH3ezPHsVvoBQa0VczVnHofdvYud60IZYw== processed in 495ms
[2026-08-24 03:57:58] [WARN] [cache_layer] Transaction payload payload_hash=DdV2Omn20giuUyDOa61MmuHAz2hC3Im/2RbN340Bvp0q6tT3anLitu2uQPB9xw5vmrzUs4IdnlBbbWWJdFtE1w== processed in 340ms
[2026-08-24 05:40:55] [ERROR] [auth_service] Transaction payload payload_hash=4xEFP1D/oGGktAsoqoupts72IIRSlVRtcF3mRJlwWoVAAAItIlcC80QN/rIExlhwE+8Kk6yjHA5xabIU64lTMw== processed in 76ms
[2026-08-24 03:45:05] [WARN] [db_pool] Transaction payload payload_hash=i/p6MH4IzsJyK0ixXmQ8D1/w3lenA78s8n5U91zoqoYMg44yq+3+ZyCaeqLIRkfn0HkYyXnApPEa8YZT9osJnQ== processed in 335ms
[2026-08-24 09:53:25] [INFO] [payment_gateway] Transaction payload payload_hash=bsdvcLtrEDjLhFadWSCzCfLj1dQZZhoVxXFeQmMtsAFbo2pU5dUi555/fDPMRaWlqopXu5KRMIKFEGU7lNlzhQ== processed in 147ms
[2026-08-24 04:46:55] [ERROR] [db_pool] Transaction payload payload_hash=Nlvu+pWjBT27xhAk16OCLVNYPI+b+L27r67CDl38J1QohXCneGqfx6ejhV/5Vga0rLcD0o3Aso1BDDQntyigZA== processed in 378ms
[2026-08-24 06:45:01] [ERROR] [api_router] Transaction payload payload_hash=gFxaY4tXrAw2mQzuo9XgWpXt0APGOFD6EjhUIBg06Jv87x/HcdkTZTGMU4V/x1HXItHdhFogsGfFHkFF1Logow== processed in 93ms
[2026-08-24 10:05:12] [INFO] [auth_service] Transaction payload payload_hash=6IK4SE0hfGDoKwSgciQQatCVG5Tc5YgYhy6ZVEiDCizyTelsClwbg1AtAZFt4+REs4/9JPFuUPomfkyK+OpFlQ== processed in 407ms
[2026-08-24 05:26:19] [ERROR] [cache_layer] Transaction payload payload_hash=TdYnr3vkLEti3jTPCoN9mjL9cPQKbE8RqanItN/yV2lSdLlmaHrlvPd1ZhedQ2a6FOkIruQEdPKG/CpNMs/hkg== processed in 315ms
[2026-08-24 05:11:17] [DEBUG] [payment_gateway] Transaction payload payload_hash=c/LaC877l9ViJaDUp58SgHcWYZAnxhNsUqpm3RVah6ZTAgVsy2o5CuNnRKFwLdlna4UXHloLQo3kv3Lx5Ia6KA== processed in 229ms
[2026-08-24 05:41:26] [INFO] [db_pool] Transaction payload payload_hash=E2wMqz9f0lyik2hA+u1tokjpOC7URuuWSGNu7590HrHqS3C2MGxCRTRFEawK8n9iwcR4UcFr7SyP/H/il0e9gw== processed in 216ms
[2026-08-24 09:33:15] [ERROR] [cache_layer] Transaction payload payload_hash=UAO7sps3fnyXdLrVVvGEis4bB/kHSIpYAh8Oi0V+0lKb/OwQnnzIZqi+PVKa6gwtC4F5u56xHjontl6zT5R65g== processed in 446ms
[2026-08-24 11:20:25] [ERROR] [db_pool] Transaction payload payload_hash=kuEyLFrSVzOqz7uoW1d6lwDepojY15mvlqKl6gwr4w6hHL5Uah5D8vneAek2KDo4ttUhQfYtj8lJf4F4mfdUMw== processed in 54ms
[2026-08-24 04:10:57] [INFO] [cache_layer] Transaction payload payload_hash=fGho56AjV4Ftz0rNqwcoyk7LzMVz5yAYEvIxTPkx8KZ8pO4+/thW90fTZCwLMEborKtD2IKXQaHk42Fn1OBY5g== processed in 50ms
[2026-08-24 08:44:54] [INFO] [cache_layer] Transaction payload payload_hash=VHEdXwmMLcUBQMLRZd4MgbFWo6LfVhHCvvzstS+CixBJJmBT9XOAdbLWh4eX9Zw+pV0QNb61Cm3FHIlxw33PMg== processed in 387ms
[2026-08-24 03:43:41] [DEBUG] [db_pool] Transaction payload payload_hash=Mni14pX0/140yE1ojCeFMOs7ezYqvye4R4fHdlNX8YPjYhq5Qib+Z8PjWzMVBNZmr0bb6LtYU7fCD5cEHBJNCg== processed in 361ms
[2026-08-24 05:36:08] [INFO] [db_pool] Transaction payload payload_hash=Ia8Zb+/hStRIS89wJ45jV+ACL99DAEWg7bRbiDXIqutKuGJfUQJcGXtwjNxumrJ26swP0wMzszQQ3DOUSXGJ5A== processed in 58ms
[2026-08-24 04:03:31] [ERROR] [cache_layer] Transaction payload payload_hash=TPMYqK2CwoLl/F8k7HKgSf4SuYTACC6PBjUoq5Avpv6axJM0UjkohVEijD/tq/j6SXN7zBfw3fbjjZ5U3oSXSg== processed in 75ms
[2026-08-24 02:55:22] [ERROR] [auth_service] Transaction payload payload_hash=NUZi2yep7omXujs6RWiuI99tWWOn4eFGnAEX+/JktQzAulwabyUMM2dq8zqw4V/v0EipqqVhp3f9+rjtzITecw== processed in 396ms
[2026-08-24 09:00:16] [WARN] [cache_layer] Transaction payload payload_hash=aJ/ldpXXreW7wMsUYHSXAKyE7umTsBu/cGmJO57nszrNc25ERo9C0GFdPFOAfzUUqcQD0eVkZNMKOSRbaT6qxQ== processed in 45ms
[2026-08-24 11:07:47] [WARN] [auth_service] Transaction payload payload_hash=0ywzWQBphOMqgvCw4MAuxKY2QfonHtjxBubQcPTT8ipZ4YftwYOnJhkMOkJ3cq39+HluF9DuZR/X077RnbnVqQ== processed in 489ms
[2026-08-24 09:31:43] [WARN] [payment_gateway] Transaction payload payload_hash=dSpBTSoJVzK73umSI5rmpkHWceHKWnKYgyueBDJ+fN/WpOJLuICFqG6pP409z/nJElSdxiE3gQ7vOtdgFnwaqA== processed in 46ms
[2026-08-24 03:53:44] [DEBUG] [payment_gateway] Transaction payload payload_hash=0oVgWpcFexqTk+dnKofs22tZsk5yPWMVqahwdkdIKWCkhp6N8+ajztdhOQ2IOnS1+XRMPdxZY8e48oAFoLok8A== processed in 229ms
[2026-08-24 09:42:02] [INFO] [db_pool] Transaction payload payload_hash=LMDiKLaO1Woo0uNoZvBnXYCgV6sF0EkpYetraSxbASSWeqdcPeVuaJMJOdnTS+XdVrOgIRQMfJZ1nIzRtMtMMw== processed in 376ms
[2026-08-24 06:27:42] [ERROR] [cache_layer] Transaction payload payload_hash=VjmKG8Fnk0wNEBzrNm3xJm9WmV7cani3cDTSNL4T8vc8Ty16gootQpBCZ9/rlwOq0sagkHrGxYpKykV6yAH2mg== processed in 225ms
[2026-08-24 10:56:54] [INFO] [db_pool] Transaction payload payload_hash=iEnWuPPMDxVxkrye9c3MApEdLoWDXtdgxflMnjAAqcgrGT1tIIrNV3bnIoGk3ZZiK8gtvgc5JFLISVX1Wu0K0w== processed in 262ms
[2026-08-24 08:18:05] [ERROR] [db_pool] Transaction payload payload_hash=AZAPHdlJl0b5FdlQC/mzOtf8dN5W4szWWAnZysUAna/eWglTr4hohdZ5uNHBRVQhLR2ywxcAL+vj1jSmWub0yA== processed in 38ms
[2026-08-24 03:53:19] [DEBUG] [db_pool] Transaction payload payload_hash=zsmrJeAz00sd5Vc+juCVZoX3vp6wHr3crpmCgnZrh6t/fa2smaff7mas3/T38f08AGPmnWk8FmMuJwLKQc6AOQ== processed in 436ms
[2026-08-24 10:53:24] [ERROR] [auth_service] Transaction payload payload_hash=L/GVG4uDrLoyPuIo0sXry91Z3IYNHhp3HZr8jQTiYp1wJkQsD5wwqeoTSLKkY4/g+FtDGxsv5kanBWn9dGYQPw== processed in 264ms
[2026-08-24 02:33:12] [ERROR] [db_pool] Transaction payload payload_hash=g1qXqyXaHjInKJhyWS8/TdO+W26lUlrKi0FqANdGiWSUH0JwA9qwA+mR07Bh2Sp3klAOH88blha2FP9XuiW16A== processed in 51ms
[2026-08-24 05:50:17] [INFO] [payment_gateway] Transaction payload payload_hash=9rk8Y9UpgGGldk/Eo7p1KJolERPsZtvENenWWa1CVjHFU/dKXFw3Nyhwz8m163R82N5nZMawbJDOqDte+ceqMw== processed in 416ms
[2026-08-24 04:57:51] [INFO] [auth_service] Transaction payload payload_hash=1O8Hauv8t5dx9iygHol5DOkwkbPJ1BrKbTH1m6AJiaTLWY1JhDF/KabvOQj7BTcF7A06AoldYfpJot98gKHQXg== processed in 19ms
[2026-08-24 10:54:50] [DEBUG] [payment_gateway] Transaction payload payload_hash=PudPILn1Auqm3VZmKRJ2jXTZKsefNtkhktXoafM70+6jdPNrS3m1TSiPKOXjP/dnQ+UJrDB+pAH9rVX9fB0l8g== processed in 139ms
[2026-08-24 09:26:03] [DEBUG] [cache_layer] Transaction payload payload_hash=MmrO9qCq4jjdSD9CtEtrvRZaBPMMRqQohBTeCEMpiSYj8SwxodYBdjGJHm+2XaXc+GG2djtGBlUgpCGkd6MsXg== processed in 198ms
[2026-08-24 10:56:14] [DEBUG] [payment_gateway] Transaction payload payload_hash=zBVydBGTCBWsF1Zg9mYonNY+rOi6Ay3+GcVw2SP+vbX5RVpb6bwhR/sDyhxhP2qJ/7p6qlnyd0H1oDL4A1vrkA== processed in 212ms
[2026-08-24 10:13:14] [ERROR] [api_router] Transaction payload payload_hash=jOicFi20mBYi+5Xe+ir6eS6JkDVhNek1pmsWoxe10ud8g+3FOB7xh6+38czT9UZvQddFNVFHkgQqNhi/39LxTA== processed in 120ms
[2026-08-24 09:00:00] [INFO] [db_pool] Transaction payload payload_hash=8BlMI0Y6UgSPxgmIJP556j8tUWf8Dy5ykco6lUHwlkTJKPFEXv80f2nhishUAILVYO3Wzf/hB8s5dT3PHxIXqA== processed in 203ms
[2026-08-24 04:59:51] [DEBUG] [cache_layer] Transaction payload payload_hash=/xwJe5q8LtH6qcj6JWZj1+IdCYEzDRxZXn2lbh3yNft7E4Xnjrq8VW+1UfCb1jvFUtUVgF8ue+AHpxVeWcDG/g== processed in 82ms
[2026-08-24 07:44:34] [WARN] [auth_service] Transaction payload payload_hash=v3gdCBIw9hf/JeNF88GHKuIChKbb6BQGRtuQNT3fWpoVDenjsPC3bx451hefc2NqaDQFczfyVV/aMBSiRj5hnA== processed in 77ms
[2026-08-24 02:39:44] [WARN] [db_pool] Transaction payload payload_hash=Jgiatd2VeGNFnN51GwU7nolS/XEoM4aa+kHrCRElvVs+fgNtN4RKe40LQx/1UCBnYR5UQfTxvkRn3JGF+1+Dvw== processed in 292ms
[2026-08-24 10:59:35] [ERROR] [payment_gateway] Transaction payload payload_hash=X+6wgGoJAD5CwIcxaPydmmJucKbj+8+E5TqqO0+yC8FQ6tD8zFzVD8Tm+PZ6d1guaZLOC9dNN2FlC+IWbAswfw== processed in 393ms
[2026-08-24 08:05:58] [ERROR] [api_router] Transaction payload payload_hash=Vx8SuR0Bw3Nz1JpZWnie42kk3z5eXRabUtZY6dT3ASfLjSCLghXh57UpkrbqF0gtr4K+HbIft2m4P8tQKF0p6Q== processed in 16ms
[2026-08-24 05:53:16] [WARN] [payment_gateway] Transaction payload payload_hash=GbRC0obYLCinO++4P/ysXNx7iEM6a+Th+zmlwERgXDsrWK8qfAqTqwb3L1VsN95D4WlBhx4IgqjWpd2R2UlyfQ== processed in 211ms
[2026-08-24 08:18:10] [ERROR] [db_pool] Transaction payload payload_hash=b8mtUQfIFfH5JahFXzCTB9WmxYUufHfp4HMggW3nx2nY1UfT8tnJdMICMSw0nIf55okVVl1pwWpPBlf5VOAf+w== processed in 293ms
[2026-08-24 07:49:05] [DEBUG] [api_router] Transaction payload payload_hash=8tpHbZVLq6F0OtFpRn2s5Nsp40P5KyNOWW64lEbK1OgU5aIPKS+5EKKwxMC6GuO0bttkMVXa3DTC3C4jw97Dlg== processed in 174ms
[2026-08-24 04:16:47] [WARN] [payment_gateway] Transaction payload payload_hash=HAkjpMymmVFA0nou72YtYT2h+N8i1O5I+MCkkGQMv1Rk+98G7e9URui1mc7uOFgYhy9eowptC42KPYbbIuT/UQ== processed in 243ms
[2026-08-24 10:29:11] [WARN] [cache_layer] Transaction payload payload_hash=fgRw+YTQ3WvSsLeJ2aihnbO2N3jtapEaEQjOORXayWYNRDTIhkrTBnsD/IGChQ3RyGbJbz4IupBbId+BDtcwwA== processed in 252ms
[2026-08-24 07:36:25] [ERROR] [payment_gateway] Transaction payload payload_hash=3IUjlUO6etBsbqaFpZXUdl9S5hOJBtEFXuP3cG6c3z/2lS66Fs1bc1yRYseQnO+LkurdD2nLCdThd4AerRUdDQ== processed in 192ms
[2026-08-24 04:43:11] [ERROR] [auth_service] Transaction payload payload_hash=5Wzd3/QxoNKoiqExNqNoj5E+rI3MQIpopR7K6im0+RXzzt6/Kio699C204CumdvWMIseLhr+21tS57KYypIGdA== processed in 424ms
[2026-08-24 06:14:26] [INFO] [auth_service] Transaction payload payload_hash=TBTU9aEpORkn+0s8x0gyNg3p+4z7Wmgg1g2wZu5XiRE1uKsvBi5l2skaPdbDCdIBzwG9vATe/OmyJtjrhC2zMQ== processed in 379ms
[2026-08-24 02:29:00] [ERROR] [db_pool] Transaction payload payload_hash=+QBDxd0xi0C7nMkDEzIInApZEo6Z9E2TCN1NMckcmPwlKGVJ7tAc+hUodkjOf4FLKD4ibBVpOjVIH4xie/F0iA== processed in 214ms
[2026-08-24 06:58:22] [WARN] [db_pool] Transaction payload payload_hash=UM5+UQbH4C9Dm3nCmH7nhN+cKCF1xlVheiJLWpWBEQRj0IS0PCg0Qt9UYAcX23G1vS+mAVkbteP7hQTCe9cnrw== processed in 343ms
[2026-08-24 10:48:25] [INFO] [auth_service] Transaction payload payload_hash=GKM/57qtlN5ResAKnOEXBIeijNpIgj+edms/EhgV5n++ZACJ8KlNEvOj56K7clUd+tounFeM+OM7fnyCBOOJAw== processed in 266ms
[2026-08-24 04:10:41] [INFO] [db_pool] Transaction payload payload_hash=mkVCfovRo1LcTMf701Hr2ISqZB2rR4P+A2e6PeQdhKgiKL2nkmw5VIvx5xa8HFZNuUXrAJKW8cNYnkYjPNAEfQ== processed in 208ms
[2026-08-24 11:06:28] [ERROR] [payment_gateway] Transaction payload payload_hash=ZcxN/ZfliF6wQLVzimNGGIJpzAQCX8jgSKQe/t1AwhYzt0Y0oxDaLXGqK57lWWBGqSGsHjC07V4HMQGT3RGs7g== processed in 451ms
[2026-08-24 08:11:51] [ERROR] [cache_layer] Transaction payload payload_hash=Xf3rEuU41YxLN5jHw5M7VlsSr6/gVAsfIAz2CPFm9LG+fhhLgoOBb95GlHlQ52og8ykbL677NKx8LxwxoBk1Vg== processed in 449ms
[2026-08-24 06:03:27] [WARN] [cache_layer] Transaction payload payload_hash=3mEXLzM/ycKAKwl5Ou7EuIZyVL1h831wdDpQIak/AU/O5siTdphT+CJ+8XjDKT45v3LCh68Z2bQp8QYQpT6tIw== processed in 205ms
[2026-08-24 08:06:40] [DEBUG] [api_router] Transaction payload payload_hash=KzLGB13pNH+Z8JoDBSIdB+iGyPbGIeDqspnWyrcKQ9ShOaZhvhIC3w7zNlw4/rKsSkF3Qt6HuVnqj5VTO1md/A== processed in 389ms
[2026-08-24 10:43:32] [DEBUG] [auth_service] Transaction payload payload_hash=+TRNF+dqvncst2VBJ3euoXmoUVAQrVWOO/rIlPKNHCX9md9rgufrb1d/Qbnqbqudv9UTHxk6FVYfMZuzgqVkFg== processed in 420ms
[2026-08-24 02:17:02] [DEBUG] [auth_service] Transaction payload payload_hash=E0JQFI54xl4niiSArTdX6VEHyiODZfjlY6bcXwBDCuZr3WigMMVc5hHqTwAKbjQdU31DQ/+94z4lWgWv6g/W0g== processed in 478ms
[2026-08-24 06:23:37] [DEBUG] [payment_gateway] Transaction payload payload_hash=RKI2E7d0fX52rWHUV52Gr6sv9l/LYAMfgEHTTvaPEonW34WMEm6nNNoIfS3Uspf0qbO65TppF7dDePW0AmAuLw== processed in 192ms
[2026-08-24 05:56:48] [ERROR] [db_pool] Transaction payload payload_hash=cRjNxs1JaLWe0BfCetwR5mYh/SJ9wtSGXvP79d/MQoVeXrjjSxFE0jnpm1dzDS+mIyEZnz6LxNZMvrNZvwuDSg== processed in 233ms
[2026-08-24 07:33:51] [INFO] [auth_service] Transaction payload payload_hash=GG344IJU+wL7TgnGXRICH6lwycQLp9xwat16MP3jtOjBOw+AxjV8UWdKwXYGJWkV/zx+xiDC45f9UewLnWNgKw== processed in 432ms
[2026-08-24 11:15:11] [WARN] [payment_gateway] Transaction payload payload_hash=8Z0WmPYe3v8+6OpwM4nGkreYwRZAJroSMLhU9Ra1KN41bUn5T2uGaJ0lduUrlk/4o0Cp1S0RwmPn8nApuEr5dQ== processed in 83ms
[2026-08-24 08:58:49] [DEBUG] [payment_gateway] Transaction payload payload_hash=okU3Za4cSZSbUtdzBKCOjD/E1F9/6/X/d4T+3WhadkJW40/7WvpUWQl4agANytB+1/nSOxRQtz6czihcKUDDJQ== processed in 425ms
[2026-08-24 02:36:13] [WARN] [db_pool] Transaction payload payload_hash=oVm47q0W7k1Tor/aSzNoyWQZl1DEXsMYT847iJJoc5J/czPPFKZHL/eQ3NDkMercCdm9P3Ce2w061Stk7lYNBQ== processed in 231ms
[2026-08-24 03:19:50] [DEBUG] [api_router] Transaction payload payload_hash=ktTeN/O7cDZhqVRS57FScJSOtFA+UI5g4zkrv5LKU+lTgpXMdD8n6ZHImYfOIiT/JooEjT6EEXoQposOIrS0Qw== processed in 449ms
[2026-08-24 10:05:39] [ERROR] [api_router] Transaction payload payload_hash=NiJpU6iNubOeHxPWEFsO1uxOT9qX56D24SvqnQHm8Npo3JLtULQ3JZ2g6fmu/hOZW/ZNlyxay5jY/bXnN+1hog== processed in 439ms
[2026-08-24 04:27:48] [INFO] [api_router] Transaction payload payload_hash=G/YjsJSzzn7DO/OMGxBWwVQBC3I8KZrzM21OsZCRIQ8e/bpa2LEUQQQUTHl8IPsPhrlx+2DjtMmOQemMqTLf+A== processed in 237ms
[2026-08-24 04:36:33] [DEBUG] [api_router] Transaction payload payload_hash=aZpZHMKDZuQLEzvBDJpWuz4YKSd1G7B7c2nVzUi2ui8sTQH8ctkfG7YZ73qCWTFGUglo2UnDXQzEfDx1ThRcVQ== processed in 255ms
[2026-08-24 03:58:50] [WARN] [cache_layer] Transaction payload payload_hash=p2cSYjS+azesKw6Gk1L96aVWbrQbi9ORqnds1kGkQe4S4ME2gjRxIvRO1ZKyaj7KI02cqo7E8BYnOkXIAY5ijw== processed in 444ms
[2026-08-24 08:14:44] [WARN] [db_pool] Transaction payload payload_hash=bepuk/7i76OzWbeXt3vgR6ewoDoJ68YgEaXXDVFDgmoYLiGXiD5686fO49LX8Qm/YoF7TTPSVVf5TM8/+SvP/A== processed in 51ms
[2026-08-24 07:41:20] [WARN] [auth_service] Transaction payload payload_hash=wCHNkasngjoP6TTLoeJJBa4zxKqzaF+c/hSan0e9/yLuCfmbW9xl9a1BHhmQe45vXmA6dpXGhDsxTMya+LYvdw== processed in 214ms
[2026-08-24 05:04:31] [DEBUG] [db_pool] Transaction payload payload_hash=XooFN9ipas6BBYUZHFwDHBkZ4XrmO630z1u8K/jcees0p1hzafJUu+evPX7ToyLM6oohvH5vLWQEJmuvR83yKQ== processed in 21ms
[2026-08-24 08:18:05] [ERROR] [api_router] Transaction payload payload_hash=2HBJI4wf/xmZb/DZhHUYF88OMr342sN1jRCf74h6jF3aRNUk4GoQ4D3fQnJ01r4NPXJgG8cQDwh6HIstSgCnmA== processed in 460ms
[2026-08-24 06:12:41] [ERROR] [cache_layer] Transaction payload payload_hash=tcYnYo5cU4u5/B/e4s1zTrthSmpOJ6tvKI0hYTq2NilKnBi+g9m2qjMUQjA8YjEgqSzr2MJnsUm9brBzaUifOA== processed in 140ms
[2026-08-24 05:41:13] [WARN] [auth_service] Transaction payload payload_hash=GLj0neaV5dbvpAkXQrMyC5rdgH+jUGH+RsEYrl/BWR3Oo9mr8rGsH4rSRdI5HtWcWlK+tuJq5TSLLW/Lo/lTDw== processed in 487ms
[2026-08-24 08:02:32] [ERROR] [auth_service] Transaction payload payload_hash=ma2tXU/5MB41bbgkMjmQjOhjXOOX7aOmLBdxKWPXUadK78hHoB747GMxoSrfB7h8CtsZOBZFyLixOsWAKJNNjA== processed in 350ms
[2026-08-24 04:03:56] [DEBUG] [payment_gateway] Transaction payload payload_hash=vZLwJ6DZcw0wBMMfyvR7cpLQF5edzWdBouzdOq9YC3feBVnp2QCkbeQwvu5U2gS7XrkVM9t1JkYaxcKhY1qC+g== processed in 311ms
[2026-08-24 03:34:54] [DEBUG] [db_pool] Transaction payload payload_hash=+EDVKK67Njo0jPMV09xfOc5WT8Pxtp1SdqqOOXXTvDK9QbKmZ8fHbL2jb+/HRtLvV8t4WxkBaQzJsB6kukkD+A== processed in 490ms
[2026-08-24 10:02:20] [WARN] [api_router] Transaction payload payload_hash=jDTiZ8uY3ybugxIInu2qIi2644VW3LpSiGZ3n01RKEezPgX/8GM2oSk6+rTbh/5joTY/6KPXrTKiXGq4XIFfQA== processed in 20ms
[2026-08-24 06:47:03] [DEBUG] [cache_layer] Transaction payload payload_hash=rfZ7VcY/mDiy2xdJlwL2AqZlDYsRAydV1htjgw3qfm7ye3K+hxOvEY151az1BMd3k0cAzDJTvXnPxVDzfpmfSA== processed in 336ms
[2026-08-24 07:10:50] [ERROR] [payment_gateway] Transaction payload payload_hash=Hpt5cQXETCocRKY8GTDoHuziNh39McsSWM1yQHynKxnLVNGi1ylADZnTXluQCwzByKwLO9MYcg0VAhXCDWgwWw== processed in 266ms
[2026-08-24 10:27:14] [DEBUG] [api_router] Transaction payload payload_hash=83nTcbnKv/aQDacoEdZY8vOuJVgW5us3hgMY5Dvg17pzHoK7s7CS81Yi7AqDCShWWkj9UB0oN8QuiMf9Tiq/DA== processed in 123ms
[2026-08-24 05:52:09] [DEBUG] [api_router] Transaction payload payload_hash=T+IFujFDpxMJLlrBUJIwSvkwTlkmpqH4QfmKLjT1DC68If+4PUseF8odZHz98gpiCXyRZDAO5rcSClHOrxsXSg== processed in 418ms
[2026-08-24 11:13:43] [DEBUG] [api_router] Transaction payload payload_hash=A+XFRNgB7Dv4s1F3gHqqyQxtXPp+zMLBNvTdLiflkPP/PqyZYCjiluQBbZ21S06LbvSWMPO9U3CjayjQVobIRg== processed in 251ms
[2026-08-24 07:25:48] [ERROR] [payment_gateway] Transaction payload payload_hash=PLmcI5wP8ve8Kq2uYAKRFgO34vmNcgAkrQ2BCkpgIvB03tt/5l16Dx0lmc30328slrh2FppOzpQaMNKZY+47jQ== processed in 365ms
[2026-08-24 03:37:10] [ERROR] [api_router] Transaction payload payload_hash=g5tB2sODEtmQ7KB/jqMMeMF80inCg0pQ6gQguEIu+9gjPET3bIkLvhf+EJZklSr5WT+IY+T/d6PC2DdNNsyhWA== processed in 169ms
[2026-08-24 08:46:53] [INFO] [db_pool] Transaction payload payload_hash=7/rK81rUS1eiNsAbM3OwX6kEqlxB3Pv2M93ZvKwPjnaaK+bUyMYF3DKwnrr+wSScWGTSKWn9yuMKE8LCAADJkw== processed in 483ms
[2026-08-24 09:43:31] [DEBUG] [db_pool] Transaction payload payload_hash=UPzt9qGjYBVKN7w5sJlrLfiQBBG/HvJqPPuVLeE6fZBZpoN43TDZUb6RoCPJRTzRknrGZIbFYx92H4/QHodz0A== processed in 291ms
[2026-08-24 05:20:10] [ERROR] [cache_layer] Transaction payload payload_hash=ZIPHC7Gb9X8sfPckYsgT3Isb3plLwICyoXa9EJ1eml1PKNqIhzYDtl4HVIkdL0bZoC8u5qntNlQJs3NNRroC7g== processed in 429ms
[2026-08-24 05:01:39] [INFO] [api_router] Transaction payload payload_hash=HwVLgch5YaSoNFV0/qOGKIHl9tMn5zhwqMr3jlihUu64R6pBYZvFyCVblpkvqQuzqz11kvpiKjbg4Z0Iei6rKA== processed in 383ms
[2026-08-24 09:31:38] [INFO] [db_pool] Transaction payload payload_hash=IY+mQiknrOWeI0TvvFbI5iu0qKcRcbIBx8uxZeAGk1ZiUwNzO3TNvMW0WIuh56VuteDzJquW9QBhJtsqVEBrUg== processed in 450ms
[2026-08-24 09:46:04] [WARN] [auth_service] Transaction payload payload_hash=xYmgkaLL8yIGi5PRo7oiaCvIM11uFXNP2LwaZXGiFom1366mZcvn0qEI6HZLt1SabIHNoY5xva9Vk3K8yd7sRw== processed in 319ms
[2026-08-24 04:17:44] [INFO] [payment_gateway] Transaction payload payload_hash=8YaaZKpwNZhnoz1qAvuLPWS0EXZLEsEaul+wjTsQKMYwT8Q5TV6Sx5p03i/ufuTxqU9JxPzuLHVtfT5t842wBA== processed in 320ms
[2026-08-24 06:39:15] [WARN] [auth_service] Transaction payload payload_hash=bHwabqqoT8dut/n9Ek669JIZb29MTVd1dJ5x967fVgPjFlX8fgpU5Ly/NfmDbhvqiJxyAZ24MUuA3I33dZpyCg== processed in 290ms
[2026-08-24 05:40:51] [DEBUG] [db_pool] Transaction payload payload_hash=/UGD/iS81QIjEeLjamgFuiP6ZFE6whxzoAMjN2DdQTSfpXO6iLLdnIiHsJl/SfAoEEtzpYkioBftxQkBE8TBBg== processed in 309ms
[2026-08-24 04:04:28] [DEBUG] [api_router] Transaction payload payload_hash=FZPp/beKo4fkBhg3mSE7o2uZ1hfPFRSU3ayloaiEEuYqVgzcjiVM/RGQq1TEYkZ4oVImk3BW87IECSUNKmQ7RA== processed in 240ms
[2026-08-24 06:17:06] [ERROR] [api_router] Transaction payload payload_hash=GOwLpA2xx592mw2Ahz0Fcy16MjR2DBk97aTGX6gjO5YEG50WC53qFHcX5r+H85/jWkuwhLs/hpfeBBcx3zYgFA== processed in 225ms
[2026-08-24 05:17:10] [DEBUG] [api_router] Transaction payload payload_hash=Xl9UDLF1ocF7TP5UKPseTB0tL8J9y6bZjrFumuf/85nQTUo5IqzU/FHX7RlctqmPeRmQzk7bSBEv7ESI1WSV3g== processed in 164ms
[2026-08-24 02:22:19] [INFO] [auth_service] Transaction payload payload_hash=BdhP3xTO9nnEUqTBIYwwAtcUIfd2yWeaQC8HtQWcTwZqlio8UANAxEdFHIp6k00OlHQd/GjqDaCabG1ECh4OHg== processed in 40ms
[2026-08-24 04:17:24] [ERROR] [api_router] Transaction payload payload_hash=Q8PpRCIzXtkJWA432ob4JB6zKr3OfQy+exnjrazN4zn06ZXt2xL1wvBupOea7882mDPlmxLXVFkMMk65+YNhlg== processed in 445ms
[2026-08-24 11:02:34] [INFO] [cache_layer] Transaction payload payload_hash=SnYynzQKl6R8uD+2BfwktvHN7gTAVGetMLA8nRccj9MN3zRCQvS39gaznnXdUdGMvtePoGVHoyHDXTKUzPGzJg== processed in 16ms
[2026-08-24 07:12:12] [ERROR] [payment_gateway] Transaction payload payload_hash=7f2WnN2Yyx3SVfq2eFNrcye6rxkxYFC107FG19jNvUJNZJTx8+TQKhrzSEpMnP+1Ih2OaHJjQO7mFZuVny/w+Q== processed in 55ms
[2026-08-24 06:05:38] [ERROR] [cache_layer] Transaction payload payload_hash=BJLNtcQi7a6XUW0T0gFiq3IdqZM54Y0/Zwz3rvTp88rQUmay78UpsMETR4SAU1mtwzJCNDqT9pF2/yUYy2lJyA== processed in 310ms
[2026-08-24 08:13:28] [INFO] [api_router] Transaction payload payload_hash=0dJXSGyZHoNEpOswIdaAmDsNJDnIwMwCKQ8IYWhbpekuVL5gX9jgf98pesrxfz+rtEaAVOtMulmCJCRG4Yblbg== processed in 305ms
[2026-08-24 11:00:39] [ERROR] [payment_gateway] Transaction payload payload_hash=OefllOgm/NtmxPeHG7J1HL5hldegLWL4X8pfJ2C0Ot/ZSWIMy3es+X6D/zagLMmp8bfRaZ23CapzimIrdqCobA== processed in 69ms
[2026-08-24 10:44:31] [INFO] [payment_gateway] Transaction payload payload_hash=Dm9kdRwTXTSGoFzMz33cBIef4l6EboZj7QTmzDKjR6q3Bwk/G6isSYnEqOut2XXXOFJjEtXxc90vTtsB+bZSvw== processed in 10ms
[2026-08-24 03:27:45] [WARN] [api_router] Transaction payload payload_hash=JQfPEklv+Bsu84CDCG1nx5XAFGSpPB8clNv1udfnDY40TMQ+YkquA3SbsYV2vdoo9JqY+zvTxRrx6wzWWp9Vvg== processed in 196ms
[2026-08-24 08:14:32] [DEBUG] [api_router] Transaction payload payload_hash=5o3v/0YYB8PXyG1YdUJqThbRs0/7H8zjw0w5A0hc2sZ7E8PCYpuI2LysFMOKbCdL/ilhSCW6bukUVmO3UXiKfg== processed in 45ms
[2026-08-24 07:51:21] [ERROR] [db_pool] Transaction payload payload_hash=OBjisuJusZiyv69JilQKdod417aVscJX8Qc52AFd3/wSHcch707kMxp7ueMtS3qA+NCnrgI6subw5A0IW/VxnA== processed in 379ms
[2026-08-24 02:36:08] [ERROR] [payment_gateway] Transaction payload payload_hash=KBAG16NcSno5iBtsXnEsr9kJK93MUdmvAMziLG243/CvM39UkX08mG9VS+Tzz7JjtN440sI2kNo6zHgyLtjTRg== processed in 78ms
[2026-08-24 08:38:03] [WARN] [payment_gateway] Transaction payload payload_hash=YFHCajcgXjZ6jtaYlqhgGhx6A1OixONAtQ0UghyEjy4q0NLc0qIHZYto784WxKR70a9mZHy/OirOqTUALNzWwA== processed in 478ms
[2026-08-24 03:01:41] [WARN] [auth_service] Transaction payload payload_hash=L4uc3mpdjKXR/J3r2LL79sehCR8JancUn5QbJ7fgZYsdGRvpALmc73btyjXE+SN2FDPM3HGIw6G5drDp3CPX8A== processed in 133ms
[2026-08-24 02:59:11] [WARN] [payment_gateway] Transaction payload payload_hash=zyxZcfa2m9b2MaRSMPHZD2yzvPj/Yy9m0EHFr7q/qo6bmLaBjdqj67ESMbOxkOdOI4gbAL5/gHWUIgclGnSz/w== processed in 283ms
[2026-08-24 10:09:34] [WARN] [auth_service] Transaction payload payload_hash=rU4JPVFADCphkXDSGTjXweovdCDXT+mKrmgNQv7K66OooHb8+aWOgUarBALVP8fpP2+uvV/xTLCbDVPqV22DOg== processed in 430ms
[2026-08-24 11:02:21] [DEBUG] [cache_layer] Transaction payload payload_hash=vJGPaOySugj7f8QT1WYUpo/0H0Z+OlMBpb3W2aiarqK3PzFLiBWDiM0rvPY/G2BHh5v3AzBk6DxW8F/yclodsA== processed in 160ms
[2026-08-24 06:29:51] [ERROR] [cache_layer] Transaction payload payload_hash=iV4hEifhUldCjGMpzaCp9Es1iB2BUAGNbm1Zm+ntAvlFJjuW05ZdM37//2VgIzZtq/N10uF51pD5Rg7zLh1CdQ== processed in 157ms
[2026-08-24 05:34:39] [WARN] [api_router] Transaction payload payload_hash=oS5/Nk8lfxdFQWlUuykkNkR12N4FOQZlvu6U7YkwDyrJFSkblSGut+s41STCVLX8kkd+n5jfYOucvqYDcZJw0A== processed in 135ms
[2026-08-24 06:06:24] [WARN] [auth_service] Transaction payload payload_hash=b5NZB/ry5eqTlB/3x66R6K3plzpIvsXyFvBrnW97K/telvnajFXZWdOnNalng5oPoekc23XFWkvCYINuiYDhmw== processed in 21ms
[2026-08-24 07:40:07] [DEBUG] [api_router] Transaction payload payload_hash=abqkHUI5YLEsdeei9F0fJgVNYwgc0TdVrJg3QVxQkzpFPtM5VPNglOCaWejgY/HceTEfxfoSr44/rbDylUbzbw== processed in 42ms
[2026-08-24 03:39:02] [WARN] [api_router] Transaction payload payload_hash=WQibzdeCqtuNZ1MareaaDKPYTvK0ztMJv+l588UmJEndir+XfG89TjzxAgpJHM1h0wGJWt6ZXLmIVlVkM+YMtA== processed in 158ms
[2026-08-24 03:16:12] [WARN] [api_router] Transaction payload payload_hash=lXr4BunfF4bKbCLfhwdSCuBukdVYjwLJnIaKRsYMV9rP05JmzwqeKs4YtSXJOjfbJ5wY5JNszF248WRHqTTnsg== processed in 361ms
[2026-08-24 10:21:11] [WARN] [cache_layer] Transaction payload payload_hash=f2skdoXMGXzedhY5kW27sDyO/qrPuPdJT70hJRh+QYSvqd3x7FTuQyBNJC2l8n1wKWelWlXQkz+yOqLWZU8MOg== processed in 458ms
[2026-08-24 06:19:38] [INFO] [auth_service] Transaction payload payload_hash=pXt4ruAXjY8JRiVH/d/Af8BN/d1wLyCpNE+NdRC0npcvLpHev5KpXLJexqyQ/Azb+zijYOGAIKCTP986jm+cyQ== processed in 76ms
[2026-08-24 10:53:12] [ERROR] [db_pool] Transaction payload payload_hash=X63zGhrlUST7hsF1ithY9N10v54H4o6JitbON668yzgZkxmdBmSCo3ohytLu/yk0GkcTpiSf2NY4+SHSDFr3ig== processed in 309ms
[2026-08-24 11:06:33] [WARN] [auth_service] Transaction payload payload_hash=0xP3uPrRIppDpDAgP1zc3UAnXsWDpOIObCVcxEjZREA8JsLuLOnjK7tTethgnJNvSFIH29NRmjOFyMylAaGT6w== processed in 131ms
[2026-08-24 07:23:13] [INFO] [db_pool] Transaction payload payload_hash=NMJ20zCS2ChKjYMt7XDmkasRVb99YO3c+VPFOzwlAwZahVZ87jlx4euRwgBGLL43EEtcVnNYJjcKW+aBOWJmXg== processed in 426ms
[2026-08-24 02:53:11] [ERROR] [auth_service] Transaction payload payload_hash=UdvH7r+RyCliMgaKC8HmVhwESZlbMaUG28pUuLBniglhyxsNy7vNfLXzCXxNFGA952uvNDL5RJAZZ+HVdmO/Ow== processed in 428ms
[2026-08-24 08:32:37] [DEBUG] [db_pool] Transaction payload payload_hash=OWx+KfcFEb8sLkdGGSmRhErY7YquSNOoFxu5ALQTuH4tzPCvP/VoF6ZxVUdRUwohQgy2yo56M2lJHkFU64QOTQ== processed in 217ms
[2026-08-24 05:28:08] [WARN] [api_router] Transaction payload payload_hash=EHOgqgYaYOEGFsV1JDzwUEYoxSkpD51BPuPEyabBn3ccN6CLYKf1z0/+7Gf3weC5602vzTALxVQjQa76g1IZUA== processed in 248ms
[2026-08-24 08:47:49] [WARN] [api_router] Transaction payload payload_hash=blzhglyFSUq1JKiMQ7OwC8LEdfkwOcUtWTEFtnrxwZYgnLx0qVygBj1rPKi0bKHVJToIvjHQ82SwTGK1d+D0sA== processed in 182ms
[2026-08-24 09:11:50] [WARN] [cache_layer] Transaction payload payload_hash=/1L8lSaFqDXot1aDVK7mAMYqaBaswuoKtEaf77yDUSlYsHgCTAZtIgcKeqVVEF8d7Qk4QoBCc4Z0ZQlNR37DVw== processed in 288ms
[2026-08-24 11:02:09] [ERROR] [payment_gateway] Transaction payload payload_hash=4lbY9mhGPahGjVC6Re4YIGfpl/DzDL/wxgy/lEj6YX6V/0VS68N9JURdwhb50WHnVP6sCsYhTYJzAUFAzZ2yHw== processed in 448ms
[2026-08-24 03:03:52] [DEBUG] [payment_gateway] Transaction payload payload_hash=JkdzZUnp8mYk3kpRu51IrPdUDOdtzwlyDb8F8uTJIJ8Q2DG4UMsQ9fsQEEgj0rKAl29qCKlTo4ohux83hPzYKQ== processed in 402ms
[2026-08-24 06:17:01] [ERROR] [cache_layer] Transaction payload payload_hash=907OY35506FCLxgLmHAGgfPgaZ5Z2qCoiM7pkpDtmR0mHZOTkP8QlkIKo5z6xqGG2C5VzzXfg3YAXiMK2MBBFg== processed in 487ms
[2026-08-24 06:11:36] [WARN] [db_pool] Transaction payload payload_hash=NP2gM94yQSsfpHYXgBqb/QauWbvXcFGGreEwwU1ysNj8sWG5BUvuCmk4d05rh0ABRBKLz9SiQ4dfCRrEfotzBQ== processed in 240ms
[2026-08-24 10:22:36] [INFO] [db_pool] Transaction payload payload_hash=yPmOehMtZfMUSRUJRcVTiFIX9+hLNIH3a7sM5iu/NSeeSIHc5HsCvdVFJ/93C5ii0CM2rVtX0oZ29Oo3FrYT8Q== processed in 72ms
[2026-08-24 06:04:37] [ERROR] [cache_layer] Transaction payload payload_hash=Lk7zutY89lniEWD6yHPpYLi3ulY89Fsd/jK3c40pM2D2DIEWlHCtCpHEH9taUQaaDENBfc+jSh3LHbZ4yJaymQ== processed in 115ms
[2026-08-24 08:27:47] [ERROR] [cache_layer] Transaction payload payload_hash=mq/0phf8yx/5nMcPVWFMzM8tiJSEKMHWyJXneYfU+L6POlxU71HX0qI3oB5ehC2Io1dBGk9sfurql9WP9BW3uQ== processed in 16ms
[2026-08-24 08:00:56] [ERROR] [payment_gateway] Transaction payload payload_hash=hCEJul1Rurrs5MdGjAn4SyBet2QT0yfcb14Nar40FK0/t9uObYsj5tE7WAiYpvAI88r5yY3h+s2+HNDXqiPg5g== processed in 421ms
[2026-08-24 05:42:03] [INFO] [auth_service] Transaction payload payload_hash=mL/1bfZ9zCTVYPYfSggMDLD1mnWhPQutQ1dB5lO7N8iMcUW+MjhjVgBxIPufW8K33sV2/N7bYmFYGeSpNy2DuQ== processed in 35ms
[2026-08-24 02:44:22] [INFO] [api_router] Transaction payload payload_hash=m7yfuQCcUs1tIlJMPSBUiAM69q6bNY6MeyM5gmSy3fKqP36isNbsiqNPTHQYdvkt3nx5YjSKStCJ/XqJqLg9OQ== processed in 147ms
[2026-08-24 11:02:10] [WARN] [cache_layer] Transaction payload payload_hash=W3d1zT7CRlT49EfcBAjRfNhJhrrSTbe2mU01b3GHbvTasAallRoYLAgtJEx7RpMmSEkbXZ8bVmPEn5fYhfmL/w== processed in 325ms
[2026-08-24 10:37:57] [WARN] [cache_layer] Transaction payload payload_hash=hOLTZz9UgX7HTYxLyDssh9rutYPEbJRV81ITNjvR141blHpVrKMDWpUhp82J2bVP3DfuL3jYMt7ATlMZ8fvm+Q== processed in 414ms
[2026-08-24 03:29:07] [INFO] [payment_gateway] Transaction payload payload_hash=Q1VMWPzMz1JioaVhMg7Jj3OpBPwysRcpwHg+4H1cBnt4vsdlrWE5i9uXviXC/51LA4DH9WEVwD0cYsJdavZobA== processed in 22ms
[2026-08-24 11:20:55] [DEBUG] [api_router] Transaction payload payload_hash=cTE61WV6TCCtbE2mHICL/eqi1ery9nmbDizKzZBGTQL8MWgFhlaScwQV7s+l9JUlDcH6aVisUcoJigj/QtmFmQ== processed in 470ms
[2026-08-24 06:25:49] [WARN] [payment_gateway] Transaction payload payload_hash=V3iIVnMdq2asJpPMAiLae7tG6MBpW38TijE51i8GvQyps+NY47+Ye+92FjYbwWPUOrU4NKKVUimqcllU+C6E8Q== processed in 13ms
[2026-08-24 07:29:56] [WARN] [db_pool] Transaction payload payload_hash=c1Hu7M4guvxEjfBU5WgIu77XRvx1W6OvWhcnW/4G+amX6f1IjuoGxFRK8D0zs80XHO+04vctsgHf1elp7v/p3g== processed in 146ms
[2026-08-24 09:54:16] [INFO] [db_pool] Transaction payload payload_hash=QZhSLeyscGBZMoVSAYwVORFR4KZhTVn3C0FdAQhm4zBA2Rp61XQ3tGeeCFRPCXT+y9u/Y4CTIMBIjQK4qKQd7A== processed in 28ms
[2026-08-24 03:25:44] [ERROR] [db_pool] Transaction payload payload_hash=6+VrFcJsgjEZ6G5wYKx24TsPyWUEnRNmVPFNL/4fpsdzxTIMQk5BQH+G7d0mFNcCxwSOwoEAejIgLaHg7Ylbig== processed in 146ms
[2026-08-24 10:24:28] [WARN] [cache_layer] Transaction payload payload_hash=kBcVBcDBIl0NGT6VJaFMMMoDN7iKonmfMlJshcZqIb5bORo9UEyK1iH4BYqSPlw4/hEsBry9IYZCC2Rec7T6/w== processed in 109ms
[2026-08-24 03:38:12] [ERROR] [api_router] Transaction payload payload_hash=6gqao/A1y7x7BqFtw81sKAVjD5JEuCN9SP9L0/FJMIA+3xPaE7VOod2jA6pCOJHTL3PKW3NOT/M90XDJ/1lsnw== processed in 22ms
[2026-08-24 02:21:24] [INFO] [auth_service] Transaction payload payload_hash=h2d+UDtl14Bl4s2G1NOYF9z9nUcZn63N/6dd2zqtTdGnRRGyDo6DiZTo9yKOo/Eie5JmNfTTG7NRRllCrazPLg== processed in 124ms
[2026-08-24 09:40:48] [DEBUG] [payment_gateway] Transaction payload payload_hash=C3q85apnfGhU999l+EqpL1aedCt5dNrzIw7zbVpLcKpvxYDABKMtviOONzQ9N7AEimKeqOFGI3anJ3/GAWlUTA== processed in 109ms
[2026-08-24 05:36:35] [INFO] [db_pool] Transaction payload payload_hash=1d4TM23X219Bs5ZyTLPwWyy8DWtpER94KGIfFnNudpdmAfeZqkoh6nLo7N4BzGTsdgccvJJqUgNbb/r/j30btQ== processed in 425ms
[2026-08-24 04:44:20] [INFO] [cache_layer] Transaction payload payload_hash=BFt4JqWQZzlcfEghCXejQcYktuQXqDwaV7uyISTAhubJaySBvhS4xpSKQzRrIELEvdX43Nxn1qeb9ZAR0/+sRQ== processed in 174ms
[2026-08-24 06:57:54] [INFO] [payment_gateway] Transaction payload payload_hash=IfHW8SxgunxjRvZByMDjSYZ03ezUJYd795aZdrtNOIpXRL5nbDHWVWaEiCyxnrQziDrsZT0FRo2LwqOtWVnf2w== processed in 389ms
[2026-08-24 07:09:54] [DEBUG] [payment_gateway] Transaction payload payload_hash=ui1CzXjA3ENaswJkWqlWJHGB66Koi9qzAP+WoNX8NVdlKJ/3gViW++yGdez7UxqGuaqXaOyy3JN9j3vxTNhOMg== processed in 412ms
[2026-08-24 04:51:08] [INFO] [auth_service] Transaction payload payload_hash=THa6EaBIFM35/8T6yIotaDsDyVcQIXnzI1dWxyLW6R8xEhyTRSPABBZ12fVuJyUp6dI0kqVTNntDnQaXW+aklQ== processed in 167ms
[2026-08-24 07:23:44] [ERROR] [db_pool] Transaction payload payload_hash=xA2lPrk/2F3hryfYEKxxkOXd2TSdYyvcogwG6LHwvn7ZxCZisHtEpKomKrbyT/xbz9hqtUamv2CCgFywrpTdkw== processed in 153ms
[2026-08-24 09:42:09] [INFO] [db_pool] Transaction payload payload_hash=g60x1stm1LdUV5uPMwJzBAldlOpkflsM8cAwC1F3IvoUQ+QZiFCyeAvZJVYfGuBGuL5UN1KvWJDGSkb0q46DHQ== processed in 436ms
[2026-08-24 02:43:12] [INFO] [auth_service] Transaction payload payload_hash=JZ3FLnVwKKHAN30lTL2RjAr3FH42CQwubjP5K/Py/2Mbmh3D7+LiDArV61HC+qKWjj2403CB944mWkb1efhVrQ== processed in 469ms
[2026-08-24 10:42:05] [DEBUG] [payment_gateway] Transaction payload payload_hash=+SsP7/QNYVqzQdSnpy0R6fPcU3EqL0UW9Qy80dTGY6R5bWrTw7e9N7kkXG64Pbq8GhT9xM1ppgXu/3RdEzd9jg== processed in 12ms
[2026-08-24 07:11:39] [INFO] [db_pool] Transaction payload payload_hash=MELbp5Vk3g7KtIcGYvREAXa5PRcspQuwrlOBlvdhWFmG+mgnFXZwrEuS7n/zriFbRteeOa6MtgF9fyaoVl+MwQ== processed in 497ms
[2026-08-24 04:12:55] [INFO] [auth_service] Transaction payload payload_hash=ZSL48GEPWSsEjyIaxOcjUlho6Ea3UdDpxYi4OSTP1QHt/vOTkNpvmaJAaVz8aTcELPyRXEG9UCM8KrLC3htBeQ== processed in 422ms
[2026-08-24 03:49:03] [ERROR] [cache_layer] Transaction payload payload_hash=ml0RwtjVa+LfrNS6L8ctsb+TwNlEMfIdY8qnbS5O+SutPUAx17exa1HieUByr0yNVgnJkq+T6jtZX058JPG5sg== processed in 473ms
[2026-08-24 05:31:58] [ERROR] [api_router] Transaction payload payload_hash=BQPeInUokHQDfg7rRlxQrGgcy+nyHWH+EJAeEE719D0woa38rYWXB/N5Xpsvew8IR9+MaqfYHTx+pVDgE7QCHg== processed in 146ms
[2026-08-24 05:48:31] [ERROR] [api_router] Transaction payload payload_hash=9/BGfiNqMeuX5QVrgdm4TNAkRGwpxfNUAPpGznVU9wrsNbd03h0krVZNCwRgus3LDxVrgnFcpdZvP3sSVAIeWQ== processed in 192ms
[2026-08-24 08:28:47] [DEBUG] [auth_service] Transaction payload payload_hash=STMPMMTSVdS8teLRf/uip1j/QUUq2eKzLHDeKukR68LCSCxp5GbMDpcGBURLDL5SU/KKslv+qoWZkaHSaXNtPA== processed in 18ms
[2026-08-24 09:15:50] [WARN] [cache_layer] Transaction payload payload_hash=29PVDL1Cv/Y7lncfTcwYdDb0Nvq9guYOUmIRfl1IkLdj5fpyKse/cJTZedUHk2W9AXAfuz/72z5RT92eEhBddQ== processed in 224ms
[2026-08-24 05:35:37] [ERROR] [auth_service] Transaction payload payload_hash=9EkfHUFtziZg9uN1Qk7quzKHfO4UbOqMKLfqSCebM/m8d6C2bq0qTo6Lkqc7ugZipYmrpeu3FbAMHlvPbgFiAQ== processed in 34ms
[2026-08-24 02:48:20] [ERROR] [payment_gateway] Transaction payload payload_hash=Ybfz+8EBHh6nZg54vM3QuFzFtq4j7+2Bc68tJakuC9mONixC49zG6sz0ZXmotLlHUvJduk0+HerUj7TFq9ihJw== processed in 239ms
[2026-08-24 10:44:17] [ERROR] [db_pool] Transaction payload payload_hash=sE3BBUMJgLiyzofRn1xU7ZxLhJ64tk22x6Ah1N1nSdazDJ6UGA92ue7pAgiRuCRuUpWMBdcPu5vCamUj1jNLLg== processed in 454ms
[2026-08-24 07:46:40] [ERROR] [cache_layer] Transaction payload payload_hash=46nsmUEOUkFTRwTIsnjHimV/pXYfDNym7EPVk+PyC3V7wuqE+/krtQGXw3Qd5mNjVTkmoHWy3k+gbTuqIRtKmw== processed in 190ms
[2026-08-24 02:42:56] [WARN] [payment_gateway] Transaction payload payload_hash=WeRzn0RBbr1buu0nvsl0BsfWZY30phNP9UG1MNlnLNiURitjZ/tVZ69k6uyC/N8vHPOlq5gQ7M5V82acxL2EkA== processed in 355ms
[2026-08-24 07:12:44] [DEBUG] [payment_gateway] Transaction payload payload_hash=7EwhlTGlJ9EjgEu+i/klMqdDN71767Lm/M1DOt31dWtdy+eWXV1BmTKC7Wkl3qfLqx5DotT+nfL7i0P8ErRRYA== processed in 147ms
[2026-08-24 02:57:39] [INFO] [db_pool] Transaction payload payload_hash=vk99zFbiA1VHPsDTvgzCcN2McEFG/SlxLRC3xcp2o82+smuISBSkV93KUxHtsbae1c8SHBkRcnfv21BXtLAD0A== processed in 259ms
[2026-08-24 02:26:41] [ERROR] [api_router] Transaction payload payload_hash=jbNdD+sb+urvFSpeK4EbY/SmivjS7sOtihgLUBxe9JXcuVyJaPU0iIZd0cn9B9xiHoxEOzRl+wUQQ78soQJizA== processed in 192ms
[2026-08-24 05:10:04] [INFO] [cache_layer] Transaction payload payload_hash=bJfOUYpmOXMrshujxVYkWE4DIV3YK3Fyb/jDB7Aj0FI1MbLQ5e9GmjeRvhodH1dtyD/eGOVL7mFzC5bKGB1AqQ== processed in 370ms
[2026-08-24 06:37:56] [ERROR] [api_router] Transaction payload payload_hash=fQcqB4RrHS+AWAQbjuc1wMgz9vSKbae/D+GYUAwB14vJmk9au9BU2ivWSTX7jzsm7ffp0gI6BKiFe2g257/saQ== processed in 66ms
[2026-08-24 04:01:48] [DEBUG] [payment_gateway] Transaction payload payload_hash=ortREHwuUdUjxav65zQ2qj5b/1ESI4gotX1bKBOwmNIIaSMq/IKL72uw8pTlW5Z7Xi7vKQzuT0e0+DWWRrLhIg== processed in 85ms
[2026-08-24 07:32:03] [ERROR] [db_pool] Transaction payload payload_hash=mHPKUMsmOD6CaJ/s9PEvh5enj7XLG4Vc+m/oLYhBlKhQ+jidKiBePE25z/lD8RrXMN+yUtXMbIYc2egpjQ8kAw== processed in 257ms
[2026-08-24 09:48:36] [WARN] [payment_gateway] Transaction payload payload_hash=JwHPgktxiTlBZEe1y9ebkP1mfZXlonlmy4dGczJj1bzVWnKwHByX8rFazEorsugFRG48kikN/RnmB44jMHoT8g== processed in 448ms
[2026-08-24 05:34:33] [ERROR] [db_pool] Transaction payload payload_hash=bVnQAr6D0qaTVzYdcQFZjTXdaJlOJRv0fIWrNqis0ViUAKKJ82K+L6QTmb1w6hIqLhRAtUFD/tvuORxYce6dQQ== processed in 172ms
[2026-08-24 07:49:34] [WARN] [payment_gateway] Transaction payload payload_hash=N6E9Ff+v6I5Y0C8KvZVF97V2RbV2PKn3aXhdWusxiuSeHwySozsb3fcGg+2sFL9k8+rt7f9f7ivncCQu5rpXEw== processed in 496ms
[2026-08-24 11:05:21] [INFO] [db_pool] Transaction payload payload_hash=srycj+VUx/Ppx6aOhTp0JnzYpzj/iIPrA7BIPCjvevSm5F4cQZYEvf4Vbn2/whbj839oh+zRR/TA8dzy2imt+g== processed in 99ms
[2026-08-24 08:54:54] [WARN] [payment_gateway] Transaction payload payload_hash=nLZMxAzpOWe//V08Pb5E2+opZIhMK00vH9oYG3ltSuM/pRDjv7JWAjO3z/o4lScMJny1fkFi1RF+4rWfdRXnjA== processed in 161ms
[2026-08-24 05:03:20] [INFO] [api_router] Transaction payload payload_hash=0YTfzXbSRvxM+YOSLM4IgSwrRW4EorteyeMqZzOTsoUgck5L0TQYuoFJyNl2bkUZ3WqaG2xXxLpXpB1gk2VL9Q== processed in 56ms
[2026-08-24 02:27:05] [WARN] [db_pool] Transaction payload payload_hash=ZOnKlHS+KDMF479KVAcmw61CXaFru7BQY1/X7KexDkR92XK/wKVYmY3fzGyPMNYykZ5eyJwN+QsbYo7A3oQClg== processed in 394ms
[2026-08-24 06:50:54] [INFO] [payment_gateway] Transaction payload payload_hash=CJ5vafhsNq12g2RndNK3KJgwRnWWdelZ8AzQkUsHoea7r3OxA2ZDWMOydz9XDqt1yOigMG4Jv919Tzlu7Os97Q== processed in 375ms
[2026-08-24 09:52:41] [INFO] [db_pool] Transaction payload payload_hash=FZufkLdHsTLZO6oord+XlYFK4qtGyaMoAygaVI7atX8h/Ix+7l8lel1TEWBUk/5WfDO83ROl47skFthEFFuDJA== processed in 225ms
[2026-08-24 07:02:44] [ERROR] [db_pool] Transaction payload payload_hash=2vR6CatjietFKjWoaSF2J0paJNTVkqJg8OieZ5syxAOeN8cWx+enluSg+Dbx0PBo3uZnOb2RWLWpAitJjXKnUw== processed in 477ms
[2026-08-24 06:17:48] [ERROR] [api_router] Transaction payload payload_hash=MrTlSnZL4liPpZefcQ9Ddfv+gokEYlsSo5PE/kOZx03XkcrLTKobjkUlBiPKnvWDQj6Tr7EtA03zvJaoHiRSeA== processed in 294ms
[2026-08-24 06:35:07] [WARN] [db_pool] Transaction payload payload_hash=KatiQW5D0sAbDJ8nOweAnvEgcSI383EG+LnXRYdha7pUGEZ1i6RsVQk/SmC8JBwZrLncIAoDy19VK6mkPkE90Q== processed in 415ms
[2026-08-24 10:57:23] [ERROR] [cache_layer] Transaction payload payload_hash=znsXWWANla7+akcavRJNFX8DEO8TzvNuvlmJNd3DItq1E/IbWQPFJ/duE+toJ9jRQV/YimPF3oBrUIAyRvUarQ== processed in 357ms
[2026-08-24 09:30:51] [DEBUG] [payment_gateway] Transaction payload payload_hash=n+e1KTWwIe8tkLssXXap6GkrY4pWhWdfUrTFrtmXIZiutzcyjkKdS4mEqdeEMSSm8oZ/8pYEgUhJ3iVQGVzSbg== processed in 369ms
[2026-08-24 11:04:18] [INFO] [auth_service] Transaction payload payload_hash=I1Exbps42e0rf0ON/opk0IxCawYV5wrx6+dfjIO4eHVb0ndItT+Qtf/Q0pKst07tklOgf86NFeVMLrEf5GBIVw== processed in 338ms
[2026-08-24 04:06:32] [INFO] [payment_gateway] Transaction payload payload_hash=h/KbI75eM3xNrzcIqTWok10UWk6BRwQiLA87rfKjpfgdYji5hPP4kfORBT9aU7ZZklM/fpXZHrViWnrupBmlqw== processed in 28ms
[2026-08-24 04:15:53] [WARN] [cache_layer] Transaction payload payload_hash=kNZvt7CxVVfduD2t2gJQet8tUtzdtXsSFQnzioooeKyMmiYhneBPQa6BgGJqDEqEGHj3cbLK/8Wjt0L1bwUbZA== processed in 39ms
[2026-08-24 09:05:04] [INFO] [api_router] Transaction payload payload_hash=1B283Oy9EBouYr4m2O1IrGLtIIVbHsFcVu0Kb0pCea5uOeSKuQ9J3UzGrR/PqgJilnzJjqz5TXUzD97P5/gDGw== processed in 422ms
[2026-08-24 10:46:18] [INFO] [db_pool] Transaction payload payload_hash=Vs9HbWYD7IAIiesv6FDRIoJgB0iRgIGjwZBfelHSAyFhwQ0PQNFdFNywjW88zNw432gW50LCXq+BUhqzfIcFNQ== processed in 204ms
[2026-08-24 02:39:59] [DEBUG] [payment_gateway] Transaction payload payload_hash=Uo41oYkvqPWtaK7CKxHHow18Gy9WGF1W5bZdNLGNQpIn8W88cdwhpMFmQNsW+QD1h6wTCup2xJMef7apuM7Aww== processed in 204ms
[2026-08-24 06:53:39] [WARN] [db_pool] Transaction payload payload_hash=eS1GNDHoXplZlh+wmkhi87oSqOaSWxPLJUQPTMM5IHD0fGCe41221A6sfZRYlkwtgdysQ5UWjloqYZKT2+T/zw== processed in 240ms
[2026-08-24 08:22:12] [INFO] [cache_layer] Transaction payload payload_hash=Cdiuigx+kI2EwpW9CSdhnHiRM4w91OraxtIV/xi4SpCN1MpiTNwNYtsxd64c/G6g+oa/u0b9ClKPdK7MTqnceQ== processed in 279ms
[2026-08-24 07:46:49] [DEBUG] [api_router] Transaction payload payload_hash=YnT0ckGFT5Rq36DmrCV2AqN5/QNewRK7aQlUBnRtG0/u6Crw6nWa3VEJyyg9EkETw2P4XV9aSwhDqn7sFoqhaA== processed in 250ms
[2026-08-24 04:59:53] [ERROR] [auth_service] Transaction payload payload_hash=vIJpo4Aqf6dPbtCmgsC/sWqlLzoytk0ff2U9vKi5cRONel+39Bdu9foNfb7XKT4rXqcOsf0rvEYs2SCp9D0lBQ== processed in 410ms
[2026-08-24 02:49:48] [ERROR] [payment_gateway] Transaction payload payload_hash=UyRzMQmHu4KMieSQo+p09ac9jJRCEgwDkkj2/7Y7icAIVDq8Sbv4GeTZzsvjjYQC2/4b99L6WlsxqEre9N2ArQ== processed in 132ms
[2026-08-24 02:54:36] [INFO] [auth_service] Transaction payload payload_hash=KaIOC4BECPmtg4He7WpCk0l2WdQPT7tC8eIGYTy1q3s4OcN1uWF04eaU3gXQqWqWDGdYiEcMITbNQjBWC5rcaw== processed in 341ms
[2026-08-24 11:19:52] [WARN] [payment_gateway] Transaction payload payload_hash=P2+R8hSARuiuaGm+keMRRDrELucq2iluSECutnmt2kvTGiD5nICTSZmmBphsgTo7ArpuHDg14kMF9owT642YAw== processed in 255ms
[2026-08-24 05:00:49] [DEBUG] [payment_gateway] Transaction payload payload_hash=CF1tPYg/H+Hr8X8NTveFYbWdS6H9LRdGGF7h+VKc1NNtAEK8/55bB4u0d84fF9/stt/AdrRuzGPVA34gHFvn7g== processed in 23ms
[2026-08-24 11:19:36] [INFO] [api_router] Transaction payload payload_hash=9Sbap+j6/3Frp3WyYS3SmcURMRsNyerxo7JdSqRVzg9JaxWdTpBDd4yj3H2vnXHOEfCb515jNlara4CGIg3dCQ== processed in 148ms
[2026-08-24 11:12:09] [DEBUG] [auth_service] Transaction payload payload_hash=WWWuE68mStHKnStXTAgf4C/vZ0Cn+L9W22S3ZR93NMOxq7jaysf41ALKc9o934eJP9Jk7/mrphMB+wbrfHQlTA== processed in 165ms
[2026-08-24 02:49:45] [DEBUG] [auth_service] Transaction payload payload_hash=agi+te2CLVl6bc1x//j0mUSi+I5rKpwr13X5kLnfzsu00ZVwJgUz80s5NA7yNC4rdKLawCtj1B3/IUZJ5F+PCg== processed in 244ms
[2026-08-24 06:06:54] [ERROR] [api_router] Transaction payload payload_hash=QoztYHMrTz0AOjqhhultkiv5Dx9/GKWR2sTpKeCBSy0IAIqsr30itrMbyu9VfhQjrjaBxRWm7dw6fy2ygSuQ8g== processed in 380ms
[2026-08-24 07:39:49] [ERROR] [api_router] Transaction payload payload_hash=pq3P6Ez11RrLrmwHBdIm+CpBEsRM0LXU0CtwbNYly1GrADiWT2mTv9wlh+ZkkJD+XlMvBWpZk1LylSQCGHUIJw== processed in 459ms
[2026-08-24 07:15:52] [ERROR] [db_pool] Transaction payload payload_hash=RAzEMI1g82yIt9XBh7P6QhjpT+y+uy6YVYtxoQTpoPoGxCRwoKciTI+5dPRnrklC8iY4Qk9uaeurqwZtIarp3g== processed in 444ms
[2026-08-24 06:46:24] [ERROR] [auth_service] Transaction payload payload_hash=zYJdGZ9F33DQj6QN/aVelCZOVGJHkGO1NIIAIBEVznVUWNm30ldwzej7e1w/f24iZ/vhZt37P0yLdKstnLCsAQ== processed in 213ms
[2026-08-24 06:46:25] [WARN] [api_router] Transaction payload payload_hash=M6SZfT8wPQS8jxm3xkl21UnTqNmnLBhCkUnGORg/+v1x4eEGT72csM14WYbNegnxetah6yQg3gj9EsIV2TBckw== processed in 194ms
[2026-08-24 08:43:13] [ERROR] [db_pool] Transaction payload payload_hash=alQwRaiRxoR0dT1a4/ehnUBamlYiEm41gVyOrMqHdgPUsFFoXoLZdQ2vAtWmVr1yRMNUiw4bQAfIHoEwmWyMjw== processed in 343ms
[2026-08-24 09:24:52] [DEBUG] [db_pool] Transaction payload payload_hash=/ko5sbRa6p0l1F/C5Db/owjKh7PejukJbjsq/JdkwJzJW7lTXIDtU32jHZieQrRuW2Gcq0a1gEwaTXPjxxlsBw== processed in 192ms
[2026-08-24 06:25:07] [DEBUG] [auth_service] Transaction payload payload_hash=IgJwwVnf2fzrjFiIKV46C3ah6KBZ8DMeVNmDk2Isvcyz+WnHBUZTn8QoCkZHtSGb+fn1PXe89gZ8J2Bp9zVqcg== processed in 190ms
[2026-08-24 04:39:52] [DEBUG] [db_pool] Transaction payload payload_hash=3BAeUT4av7PLznNrntQLGMtu2diUKt99cFkCGdNaHB4UbBsvcHSDqGYmp8MOnJpI0jKb7yhdrSEEvQelcRaDPw== processed in 195ms
[2026-08-24 06:59:11] [INFO] [db_pool] Transaction payload payload_hash=ACkqj59T2PiF1Ycao1RdZyA7pMgnxysegqNQJEZ8S5NleUKVdQlag3RXLKimk5Ec2/EZlLt2kBSQmHVD0vh4IQ== processed in 279ms
[2026-08-24 09:10:02] [INFO] [payment_gateway] Transaction payload payload_hash=6Yb3+DjrhquZ+GPOkog0iQ6+uE4MmfkxiGFx+p+YKPqIjkjRwFITRPEJVs0aftZapDEsy4uT6x2P8ObsyTwGfA== processed in 136ms
[2026-08-24 04:05:13] [INFO] [api_router] Transaction payload payload_hash=z6S61XB6yJf314kSoxEf+3UzLtKc2jrzZAzY3uH4Dz4CBrHcJH5RvWlQZO3sDGFwvk095oga0yxgQfkMQ605hg== processed in 255ms
[2026-08-24 03:25:46] [INFO] [auth_service] Transaction payload payload_hash=Esc6JQi9aWlKWfisIgJXe3WA1C42x0BErrc431VY8gHzDagrJ7SI9vSl2yGc3RtqkgxXQLDqdssj1zd8hlVSIw== processed in 473ms
[2026-08-24 09:26:08] [INFO] [cache_layer] Transaction payload payload_hash=cErC8z16eOl2EI56muhb6RPMmQIJC6NrL0XzYmoRxyejRGjmtu4PC3bEWs2PJQAa4I4Zzt9B/j4uPv9ZN8ZUTg== processed in 120ms
[2026-08-24 04:37:45] [INFO] [auth_service] Transaction payload payload_hash=aoZg4mPnhuVCe8vIdy0MxQ1X2lO+fDRwJoF9blkvwNYf3fUuUP2mbwH7Y7S968UWiUrjLgi7ZmZGcCPeEqwrNA== processed in 62ms
[2026-08-24 09:25:42] [INFO] [cache_layer] Transaction payload payload_hash=Gd2IWMQHahbMMyJT8PTfVUJwfsyDtC4jpkieZK2Nk0WacIqcd1dpH4eeFqZcR93XDNadE7AsAhLHCdi6sSI1sg== processed in 362ms
[2026-08-24 11:04:52] [DEBUG] [db_pool] Transaction payload payload_hash=kwMqC4nlnjqY7XxfQ7EMXHrJDeYVpMVKQfNCW24HEZG/vnTnM/EO6llc2Cu/7sqCYwMa3wISd2AKzdPzozuSUg== processed in 134ms
[2026-08-24 09:53:41] [INFO] [auth_service] Transaction payload payload_hash=wqgW2va5RYeJXopP46OUB0D0YGZGeoiNJTz1ryjt7O1SAWgGiZGdDkhhklFkBrmw1/End0h96Ty7s8p9nU0FPQ== processed in 330ms
[2026-08-24 10:46:41] [DEBUG] [api_router] Transaction payload payload_hash=0/Ypq11gNXRJ6Yf6Zhu2bg3nUfbdI5wdpPyryBtd/8Dgq1fa6iPZbuZY4Ko9e9hcuGkpyJEOjMWiSOtlP62BKg== processed in 133ms
[2026-08-24 07:44:49] [WARN] [api_router] Transaction payload payload_hash=Zz8Cxs2KUOgKGOwNIKuOv3B5bWapyfNbZMeddrvTkUo7HtDeHjIn6IVZsMYuxzbHL2SiERZxHfeeSswvERjjTg== processed in 3ms
[2026-08-24 07:32:44] [INFO] [payment_gateway] Transaction payload payload_hash=/O4hRZnyI0NbmHuX16dLmP6pEHKuMLU4zZ74Xz3HLFqTIpTO32yEOBGOfsi4AzxwJh16U0JZ4+3NLq8zEOGSyA== processed in 218ms
[2026-08-24 09:14:49] [WARN] [auth_service] Transaction payload payload_hash=S4e7pjAVf1vdjXO0S34kJoo9uvwd8j19U/G5yxSugRfmBHOal7VGtsiAOYR9QTlzmK1O5uvyazbztAteW22vcA== processed in 226ms
[2026-08-24 08:36:34] [DEBUG] [auth_service] Transaction payload payload_hash=S6nX6hXxnYVEe5gfntY1XnM8kXqPuyr/Bx0ci6DLaMrV7eyRGJrPbCUIfjwhFTJnXBlDd6J/MzNl1a6fOgMMiw== processed in 253ms
[2026-08-24 05:38:20] [INFO] [auth_service] Transaction payload payload_hash=9CHgP/cx5gbhuxvqH1ntLSoPmk2tBO0np/zkHwfFnkUskgjtnLtzk50YBq2HhzNH9NX10UAeQ5JQg7bRxowj8Q== processed in 485ms
[2026-08-24 05:52:34] [DEBUG] [auth_service] Transaction payload payload_hash=dhhhoHgecpjDmM7L4EKUoUIOqOnwTMqVT/7QKXR5MkRxlVb72sHMoGE25Atxk740azq0822+PrcQ9fMiGBo8bg== processed in 496ms
[2026-08-24 08:08:10] [DEBUG] [db_pool] Transaction payload payload_hash=RgMt/+wgyzpj4BTTwvTuaqtumtOzi+Ik3oCcF22FLgyMQexkGbndUf40wH7sTqujhpznoDrdVqd+z1vMQTW1GQ== processed in 368ms
[2026-08-24 06:13:03] [WARN] [payment_gateway] Transaction payload payload_hash=Ge+dEAB3gs9iaCP59h2s3EnFZAb/arlsgYI5xUpe3O2tmEb7LQwWaJktMlq/WvGcQCv4xLpUfYdzNUasLMILdA== processed in 342ms
[2026-08-24 05:54:34] [DEBUG] [db_pool] Transaction payload payload_hash=QK61YIY1g6bL4Jy8NaWlbrr2olJBK6FhuxqH1usvx7+XQR9zBnW+efk6WYlNA3GhI22k5KJta4NuNddAq1U/vg== processed in 319ms
[2026-08-24 08:45:21] [DEBUG] [cache_layer] Transaction payload payload_hash=UvibuhMHmUhc67Clnx4Pu0O1MpKPA30j0vFmC5o7NJZE8NKX7w0nonNu+PUCsBBoO4x8Pgtt9rRJI/GSehmFFA== processed in 84ms
[2026-08-24 03:31:26] [WARN] [db_pool] Transaction payload payload_hash=Xtco2IJBSd8czTv4KwCxuxog6IJSzQtZC4GxS9obkqJ8zT11QRK4tRimeKiewg8aattaVxLhpGJKIyLI6GCJCQ== processed in 192ms
[2026-08-24 10:18:56] [DEBUG] [api_router] Transaction payload payload_hash=6sjYUzgBR2SFoR4mcyTQTCsZFGWKF655NuB3DrlD/EoiFz5bQpbXQkSl0arqR4VW49kPh2kKXHkGc17j7q1SXg== processed in 499ms
[2026-08-24 03:17:29] [ERROR] [db_pool] Transaction payload payload_hash=+G8ry2v7S69vCQIC8REc+areMdHlX6NGbLHoamjixMYOYoMcMNqHRhTx4yIUZp/D7aX4EzCvSnZVCtwroTy0kA== processed in 265ms
[2026-08-24 10:39:10] [INFO] [db_pool] Transaction payload payload_hash=ppnx+eAbTt5PK11Ss1rxJhBU3L4WRSd7eHziDi7Sq7PLtlPSOX8QF7TH18KDvF61QvohpBj/Z9AiH6Ukgu1pZA== processed in 486ms
[2026-08-24 03:02:05] [ERROR] [auth_service] Transaction payload payload_hash=cEoeyBYhtszFWmuH5N/YeYbnteqCSEC4cB72spQZPnrOZy5UxYdkzQPdrYAiUtiSs6qyYCydnNTPWLKpj8OJxA== processed in 286ms
[2026-08-24 04:24:36] [ERROR] [db_pool] Transaction payload payload_hash=pbTbf7MiZrWu0cRcbeiUoZ3aOM81RJPn+jpcz57v6c7XYzjfpPaMWhHCk/Y2m6JWVe9yWe2rHO6tPf14mWfR1g== processed in 189ms
[2026-08-24 06:23:48] [INFO] [db_pool] Transaction payload payload_hash=tXF/7NMO8KTa/yn++ugP8/4orY9n+OYy/bwsgoRJ4xqEv4jcu+LhS5gSoMQPCfaW5uPVArV7WVv4vc+myTHr8A== processed in 268ms
[2026-08-24 06:54:40] [INFO] [auth_service] Transaction payload payload_hash=Z8Z4222QbNYe+nnpLi3jzYE/lpPnC73iGnP4CHH8pML+nQ3WYIleyEvxIXVZbg3IBpGVBmtvLmDiVb8aMM1f4g== processed in 476ms
[2026-08-24 09:44:26] [INFO] [db_pool] Transaction payload payload_hash=2/HyRVUw6uwX7+ywsZ4oQkXeZuES658m+CgiElFfr49f2lOUYaJxS3PjWVroekrJf6nEh2ewzu7rG4W4tarPQg== processed in 7ms
[2026-08-24 03:42:50] [DEBUG] [cache_layer] Transaction payload payload_hash=SF51m5xBWx+awrWLaYhCbe1hBcHoNsXkYkjMIA54ni5Ug67E1xFGl6FG9kn+eBdRiBWMO0rY0659cynaX1Vc4w== processed in 182ms
[2026-08-24 02:31:15] [INFO] [db_pool] Transaction payload payload_hash=+askEsitJajAR2Nn1hpQvgaQaYDVjc9EKvJSa3t3K0+SiFX0hVze5cMo0VuMbjiK42SdrVT4TD/sJUWwLBWnvw== processed in 383ms
[2026-08-24 03:27:16] [INFO] [auth_service] Transaction payload payload_hash=YNfu+dJHTVwnWRzqcYMSL6WnEmoE78VETKrfwFI67Um0nVbDmEW3CZs+HKP3e37oSKs0DG8IDCUOpVVy5dItnA== processed in 63ms
[2026-08-24 03:34:55] [INFO] [cache_layer] Transaction payload payload_hash=kVNPrWzUnojESxCBTdFGsErmC7ev3GH1LLDgu0j1ZKE21knIFJbXG2CmuodSeVoSEhJpwTOPIN6x49ygxohqqQ== processed in 51ms
[2026-08-24 03:02:40] [WARN] [api_router] Transaction payload payload_hash=mea7mF/kKi8jhfIrByhuPA/fZHZ/AP+fpFOfSBKAfNRFN2pNoAVp74OgZfwUEflq5CgD6iGrHk77MFCRUCw2RQ== processed in 149ms
[2026-08-24 08:35:19] [DEBUG] [api_router] Transaction payload payload_hash=nPk3etOF2pk12tdUvquZaFaKPiXR2WlZpWnLbV/B9jCrKijRS2ngGqfbnZWGrj5q2DvFHsIF9FT4R4DkDeye/w== processed in 358ms
[2026-08-24 05:47:48] [INFO] [payment_gateway] Transaction payload payload_hash=r99q+6J21jgadhHofBUuIQDaJQsnK5qMuM4hxXbq9fbKOq9ZyRg/mKyva240oNKIfaqC4gRhPyEBHFH3aDLrmw== processed in 431ms
[2026-08-24 06:09:43] [ERROR] [api_router] Transaction payload payload_hash=mKxvWx0D2tQWi6TSslDWDw23FpFv/8XuQ3Fokh4wsxOm0WUUUFTDE72a7A2Eps8IDcR+5gpz8NKU2uHigpml3g== processed in 336ms
[2026-08-24 02:29:43] [WARN] [api_router] Transaction payload payload_hash=+ALOyoMud7mYP3rhimWeiMA75bqZ1zKoV3h6ItwMkhXK9Xd7LhHdYtnzVc2NXi1Bf2CGopnnq84qK6VG71bIEg== processed in 16ms
[2026-08-24 07:35:37] [WARN] [auth_service] Transaction payload payload_hash=SxdZlyG6ZT8qViFC8QDXncesIzHbJAGnNQjOVopFvCttJbl5lpeJ+Os1+VmOaG9TAzgpcQp0oV7yPGKmsCoNzg== processed in 287ms
[2026-08-24 09:08:59] [DEBUG] [cache_layer] Transaction payload payload_hash=NRpd+XPmzJKLBrnxyJhrixPwjRH7NRzbfG03phM09vp4wxmW/hGhe+0OQlgvoSoTaMGP43Bx70YW/mZq0NwkXw== processed in 418ms
[2026-08-24 03:54:24] [WARN] [auth_service] Transaction payload payload_hash=0zpUAd9HAHXXJyiwjQZb5vgXqpF3ycx9ioRIGzU7M0rYsGS6vl+vJneo8aqWQIiDDH/r6jAVb/cmyp2sqjekyA== processed in 244ms
[2026-08-24 03:00:56] [ERROR] [cache_layer] Transaction payload payload_hash=iONukSdcv+1SRXVZGDqT52JubkzYwuMpI3mX+owZR1bpqT6kBVH/A2xnGNzVSaxXZqFV8DAivt2kKvYfTdm16A== processed in 456ms
[2026-08-24 05:08:27] [DEBUG] [api_router] Transaction payload payload_hash=TgpjKqhQ+uFvWDHzd4XjfZttWq5cQE3nZMECQ/kbbv94NDdVbnGcS+YVxycqCqRU+LopaTwrbaJGQXmnwju3Kw== processed in 435ms
[2026-08-24 09:27:37] [WARN] [db_pool] Transaction payload payload_hash=mQ7OFVXwgYt5P2AfVEZbDPP82oqFIMbyY68oL+Esx5irhDXNRMi5hKbjbWf5om2P4uVt0C+Uz1493D7S1IHcow== processed in 246ms
[2026-08-24 03:10:46] [INFO] [payment_gateway] Transaction payload payload_hash=hUtZcp8lmfiG9F5pTZY2JFjVFNyyFjbZG7ABck3PCT7jTGtIQ5RHnDfjpke83yX4N08czpFSiTIxOAws1v3rNA== processed in 443ms
[2026-08-24 07:31:52] [ERROR] [db_pool] Transaction payload payload_hash=x36aByuO2LarymCqJrpiy3JwhQP0+wg/TujPCUaQCEnN51kyCqhnCsoi3pfP2BkxX5wCA4qtPPjGEXPVCsOluQ== processed in 89ms
[2026-08-24 05:02:58] [DEBUG] [cache_layer] Transaction payload payload_hash=+0VdJFt2Mhi6+3EkaIPnSEo2sUE8BybJ2ZwxVHLOXHcrHaGkP0ummv/sl/BfdGzf2sTJaCWE+kHE3tTbBB4uPg== processed in 283ms
[2026-08-24 08:50:52] [INFO] [cache_layer] Transaction payload payload_hash=3I8YJAXT2BxpWrJjxN4nPGvjWIIFtQUWqMDw0OeTJyh/ElU+aa/T232H+Gq1RX3CQnm7Y7Il/Fga7mPp0iSdcA== processed in 204ms
[2026-08-24 07:43:28] [ERROR] [api_router] Transaction payload payload_hash=nVYyEZQKd93D5XWq1LIqyvvn4faSjqsbq0EntEEOcepA8RLXlLujQZ3iGVPu0EQICcpI+pn0ruMUvTystOivYg== processed in 70ms
[2026-08-24 05:02:55] [ERROR] [auth_service] Transaction payload payload_hash=xG9Ee+FRJQTOnKx2uHR1eVX226SRfwT04jguA+BkZ4mfhe5BxlxaCdFtBysHOXb/aZMlhD2+a65LrMwfpHlyAQ== processed in 271ms
[2026-08-24 05:47:32] [WARN] [api_router] Transaction payload payload_hash=fNc/yGPeUe3VcyU8OOV+1XuwG+rDOc/E28oUN3DKGDkY218Y9hmBWxCnamgyA7YqACI6WzgmJH2rBiM0r6IRGg== processed in 0ms
[2026-08-24 05:50:00] [DEBUG] [auth_service] Transaction payload payload_hash=TVkBnGx4wxgQUZ3G5QM/T+IvzB0Lzno4fm9k+2TQX9aO1DfQTxPxiOLaXYm9ltQ89NuH+/8hylpgKsuGrwq+Fw== processed in 378ms
[2026-08-24 05:26:04] [WARN] [auth_service] Transaction payload payload_hash=vN2SXpEVXOObDU05FqWQxTjYRZddSAu+CVx0J0gYTbWCr7yQ/4ENl7KQjh5P6A+ZF2PSXOA+bfuD6Z/H31ggUg== processed in 200ms
[2026-08-24 02:34:56] [DEBUG] [db_pool] Transaction payload payload_hash=XUasPgGsQ5ITlVmPp38CZlBRbooKrLKRvd4rNfuBCIA4NFyaVWD+ZkZu2yk9OTjEArhP47diB5iH8RmXUdHCSA== processed in 308ms
[2026-08-24 04:45:35] [INFO] [cache_layer] Transaction payload payload_hash=MOprewip9Zm671+rLSUBvmW74x0Q4nbQxcl4ezQEsaExE2IIW6HxCQ+u1cQ9i0gj+M698BukxOm0aPzj9LHxsg== processed in 67ms
[2026-08-24 05:27:23] [WARN] [cache_layer] Transaction payload payload_hash=KQhHxjpo3u1c9qiIYUs0oM3+kiQ1YqRSsm8AGRXtx35QZeUo7vAsFJ3BKwwzsUsP+RgLDE7Up3DH/hbZfNTFew== processed in 333ms
[2026-08-24 05:00:56] [WARN] [db_pool] Transaction payload payload_hash=Mqj+AbbpPbcA1IryDw1inDgE7XJdEHg+8IrpIApDKcfcgpN3noPqoOdDVuIbDyRhwEIr1ZXVQMNhnhxw0MQCvA== processed in 78ms
[2026-08-24 08:00:46] [ERROR] [auth_service] Transaction payload payload_hash=rSoqeeCegFIErf3gi7CpwPweoL4+7HTbD2+ZFSsOv+C9F3FqHpllMtsUTJFWPoW7lz3vS8+nTTblWQ5N75CJOg== processed in 301ms
[2026-08-24 10:36:44] [DEBUG] [api_router] Transaction payload payload_hash=bHXbCrd4Z6syUuA44X34WVPpZO2++LQvMAwIbE3UUoZFVIA3Jv4AaZ0v2w9AgWpEJkXYxOGrLBo7X++0q+OUtA== processed in 183ms
[2026-08-24 03:42:01] [ERROR] [db_pool] Transaction payload payload_hash=1D0sZoJL3gblyL0kWOTghYWkork+/QH7eDf8Jshn+9M9o4iDIL5hKF0Oxk9OmJSOYgiYeE1/gaSD00N+/EAoKQ== processed in 292ms
[2026-08-24 06:02:30] [INFO] [cache_layer] Transaction payload payload_hash=rDrrt9byJta8k7NdX5kTOvw0rtHri6LnKBhPBhVAAr/gFzszX393a4L5Fe7bjhBKmp70s6MejWEZq7nJII3eIg== processed in 388ms
[2026-08-24 03:21:27] [ERROR] [auth_service] Transaction payload payload_hash=PGdNQBoQQUYtBZ1RVKhDlUI9GP4WEsl6Zi/9RQZZQe65mJo2Vww9bbXd2mmXDJM1pdVfaKY5Q+HNW9qFLUCkFg== processed in 243ms
[2026-08-24 03:23:10] [WARN] [auth_service] Transaction payload payload_hash=M8FlMs8H/ajI3h1c7MoAcZE660OPTzXAP3xc22KZxoIpxHqv3Sydu4fclLEpnQr1iEL4BmSyi1793W+Xa309jw== processed in 94ms
[2026-08-24 09:34:19] [ERROR] [auth_service] Transaction payload payload_hash=Dpb/RkUPA3zwB5SD/pRkzKnm+SMDz0FHApgQI9zk8IannzIppglQFOiV1rTf3Wkk+9Hmx3SkRmG7KkI7Q7+wsQ== processed in 116ms
[2026-08-24 05:48:57] [DEBUG] [cache_layer] Transaction payload payload_hash=Zh+2JXEkSRsVdFM0hFYE+d27sMwlUn5sxWCsiiVCFyN7Ze6QHjB3QxDlOwU0Q7ihJx0PyhJlZqvmSf/5h8IsFA== processed in 85ms
[2026-08-24 10:24:27] [WARN] [payment_gateway] Transaction payload payload_hash=rA8L7hAjwDWd1akUa21gzzES0ViJ8MMkCYwVkLLr1y6AN7OVXgD3iJUzwwLlMSrTiAs874e+sQFGCwTp7BjWiw== processed in 50ms
[2026-08-24 06:03:39] [ERROR] [api_router] Transaction payload payload_hash=Y45CB6fWDYBLBZ1IBrFlopgKntDEkGCuL0yO7ep92qiWEMvZwj/paz76jHAK1QMQ5/nWzY4MGMvZymflbT0tgg== processed in 124ms
[2026-08-24 04:34:25] [ERROR] [api_router] Transaction payload payload_hash=IKixh5qh7vSm2AFTN2c2OXN2HTyTfogLJ8dMHWnMEw4d5c5MZYwqqej3oarYSPTRIu8pszfWOrFB8xFHiUxk5g== processed in 491ms
[2026-08-24 10:56:03] [INFO] [auth_service] Transaction payload payload_hash=j5VAzCBa0myXCdzQJQxC02XcassHVbno6okKBKFHs+hEp1FrgfQEem3JQ43twzD8VPlLMqNAEMiuQ1RfcsuJvA== processed in 55ms
[2026-08-24 03:54:52] [WARN] [db_pool] Transaction payload payload_hash=z5pWzmw0hovopf5J1zJuCyifnQWs6q6W6JBNcNQ/zY2Mv78x8Sj+EuoibxQhCbf39Qi9WFRQNiGVjeDwX/oisg== processed in 305ms
[2026-08-24 10:11:25] [INFO] [payment_gateway] Transaction payload payload_hash=RYymXXIZjDz/opaxN68euexxHLVX/HNr/plSwkd6syxjHODrKqtRcVg3/jjlyZdklAE8Q2zVPmBpXegrdhix1Q== processed in 336ms
[2026-08-24 06:34:20] [ERROR] [payment_gateway] Transaction payload payload_hash=P4jOhED1Gsj6Rc2JRLLnwM0uUWmnmTWu+2hU1HjcM67robByEl06b6xxTEAicK2LM4CA+zAKgyiNa5aSwt0FiQ== processed in 281ms
[2026-08-24 07:44:56] [INFO] [cache_layer] Transaction payload payload_hash=iXk8X6V5cILAyCefYbmJVg9tgs1tnUCj+Kn6m2XEOx7i9Rd16HH86Mi35W993LjmUqwQyva3O0Pc4qQY2fZ/uw== processed in 125ms
[2026-08-24 11:03:47] [INFO] [auth_service] Transaction payload payload_hash=CCo+YWJVtit3+x17ldRpx0JSWsdq+zr3HsHHCrEQ66jRX/pIpW0tOeA+6CJIDhCTx6PG17ptj+Z9u/mR2/0AoQ== processed in 469ms
[2026-08-24 09:12:20] [ERROR] [db_pool] Transaction payload payload_hash=HkY24m4ccU0XPxQECBLSDMXRM+SMOsN0yeSOWc2TVSxEwGO7ifv7mcNvw3rSLyx8ArniTrGSIFEE40gImNNNmA== processed in 13ms
[2026-08-24 07:22:41] [ERROR] [auth_service] Transaction payload payload_hash=iDM1+CukhAlWGDs9XBWpnhcp1Bf2HoDwfzjvJNvvGQqUfEMpjoWBKvhDoZWj6ya+NIl623mtmLLiqEVaswqe6A== processed in 71ms
[2026-08-24 06:46:02] [DEBUG] [auth_service] Transaction payload payload_hash=Z2kXsA3jdDxEYHhYpfa4EvRk3Xsgo/0BEmbuBVe77N1ExL50V295MBf89ic0+P67QZATGq6fQGs6/MdVOPcyYw== processed in 53ms
[2026-08-24 05:52:47] [DEBUG] [cache_layer] Transaction payload payload_hash=vj5VybGeUEtgvRjH+6eNaYwvwAeWkm3nW4idD7XxWQatgc4R1ld6uKLHQaaCEm26oQ7AsmPSGHYwOf0F2NLUcw== processed in 2ms
[2026-08-24 05:32:42] [DEBUG] [cache_layer] Transaction payload payload_hash=ofDZf66qFXjQYyhIeSmAWyrgHu7Gr61PycbQH0LeoNQ9iPH2KkgnZTcQ+eM2Hlvev6rKaqdGV3gxoM68KKe1Pw== processed in 140ms
[2026-08-24 10:00:20] [ERROR] [api_router] Transaction payload payload_hash=MmmeM2tnygfHpt/JxVp2ttS4dyz9cLEXLwY3GGpdwBA/p+cVDH1IZDxl9MKdzfVdIthSjKClpDYrdT6Kafq2ZA== processed in 157ms
[2026-08-24 04:28:25] [INFO] [db_pool] Transaction payload payload_hash=3AYRdKbc2wiDnYQQ896kZThDZrYdrpElsKIM7D6agSaPm7B0rhy0ZKk814m7VZo6tMaue1n9Beuvf0nQRb9mQw== processed in 364ms
[2026-08-24 04:08:26] [DEBUG] [db_pool] Transaction payload payload_hash=P2j70p0G3ANYw7CLh7cfhzAxYWNJOWDqQuvGXakS6Xt9qZzq4fjHUfSbkJJsoWzmAzthpfl0hKqVAUaDpZfAGA== processed in 81ms
[2026-08-24 07:33:41] [ERROR] [payment_gateway] Transaction payload payload_hash=tjq5jRSf4HG1MBUgIw7kISJBc6yNHC8I7Qma+NHpD8nT07VggB60wwdmmTvadXBLsg7crW7/HevVZTw8/QPX9A== processed in 106ms
[2026-08-24 10:20:50] [ERROR] [db_pool] Transaction payload payload_hash=ziCCTgbTo8PYOlnNO6fxYwRLjzvRvDpwgYcTw1MfZhMfRaXqKIRU0He9vcXSZ5sbRFv+bkjXLGYueUNwGcfnIw== processed in 5ms
[2026-08-24 10:31:35] [ERROR] [payment_gateway] Transaction payload payload_hash=lWiAqfOcJ9cRDqCb1RG0lMoIu9m0oFRJQDlISO6php3T6bZRNz8fULL/t4hbF5EfaS2wsUubEHbVpSnMIIOSnA== processed in 75ms
[2026-08-24 08:38:53] [WARN] [api_router] Transaction payload payload_hash=3XqHGii7qDoyoBSaDirg4uCUGPPkijkCnQdZXXsS53UPouINSi9dn5n4nuwbxlSiScsYbusePaBJ4TzWDNKwow== processed in 240ms
[2026-08-24 06:55:39] [DEBUG] [api_router] Transaction payload payload_hash=aoBXp0Nn09U9FW0iZoiXr6ZaW/Da14cyR6wpO+X+HU3HFHj+RAbByf+/R97dv76YDMd6HSy/c22oklGAtAtPIw== processed in 256ms
[2026-08-24 09:37:53] [ERROR] [cache_layer] Transaction payload payload_hash=BlsuS+CUBCcwjrxUJeANQAZHrvHHEMJJNYWRp20PixmmtHKXPdGo1TdwDfRtDVwoP1xLEtPo2rkTESt/DU+1qQ== processed in 245ms
[2026-08-24 02:56:59] [WARN] [api_router] Transaction payload payload_hash=JJCP4seH/opyzGutjCQRUzvKMeHI8VlDnaI9Usbx+tHEXmUBODffrD8wwqirpHUpWXjb/+rUVt34ZrC5lYwlsQ== processed in 256ms
[2026-08-24 10:38:32] [ERROR] [api_router] Transaction payload payload_hash=xtEyKkmXny5efl/gi2HSYWHt1HfptFoHtupYuYPC1DSniapOA0vCzXemOLstgW01epKlcy2qNcHwu5tuZPcrnQ== processed in 261ms
[2026-08-24 02:21:14] [WARN] [auth_service] Transaction payload payload_hash=3AQOmtX+JQmnFYTx694an4IX3gKUei13CxWHve0n9OEgkaEYsufwR0pIZLrayWdoCRqBVjwMjc19NtkJ9b9ddQ== processed in 377ms
[2026-08-24 05:36:53] [DEBUG] [auth_service] Transaction payload payload_hash=JRIKIrFxBjisQ0/T6muJ9z4dZ99/RnOBwh6nmLjQYX/UsT3T9RLmxXWmkBGEPsHvEawfuo0QMKvqlf1/juE9jg== processed in 1ms
[2026-08-24 02:16:18] [WARN] [db_pool] Transaction payload payload_hash=NAyvCfTvm6XqgH6xEaSd2mqCqzxMLPu00aebFPvg3wBEd1aoIswIrdiv6J68kHHoCmXINHUl1Y3BQGQwGgKQkw== processed in 373ms
[2026-08-24 03:14:08] [DEBUG] [auth_service] Transaction payload payload_hash=hKnS8AUm7lFfobhPDo9o8bmZt659sYXwP3z3Y5KYnFq1fCWqI6nGaOSFX4LZuO4UUaXyAzS40ebvMSMhR0j1hA== processed in 399ms
[2026-08-24 10:03:00] [ERROR] [api_router] Transaction payload payload_hash=RnL+IZrZBU6gDxrmkzBF7OmAiY77MdQw+oDiohNPgCu4iI0MVK7M8Xt0xGe7G1OENWqFMzj8GqjuO0aY3j1jmA== processed in 444ms
[2026-08-24 05:35:09] [ERROR] [db_pool] Transaction payload payload_hash=XM5R55myi9ooPJv6Kh7HIBWZXKbPpBOnmxzBOrNEIrGjdnFzkdg0LlKxF+j11t3IgKkm2DLPd4MB/IWHdsx4mA== processed in 317ms
[2026-08-24 09:42:00] [ERROR] [payment_gateway] Transaction payload payload_hash=+1AYBRt9p6SGaVZ16jbSHFrn9TkiNLKtqrbYMD/fjq7Iex2s6OYGZ1TaGqVj2/gKIT22fWvTKEAdpnXiiM27yQ== processed in 40ms
[2026-08-24 10:37:49] [ERROR] [auth_service] Transaction payload payload_hash=bhTzz3FzqyI1dI+FW19o6nvwfd3C9ocWm+PExJFwVYc7x/YMo2I+xg7vVLWCoGzVPzTLNrPI6uRdPSFTGotVbA== processed in 158ms
[2026-08-24 08:55:35] [INFO] [db_pool] Transaction payload payload_hash=TxOGJhuvmWHz2OwzwB145epkWy438y/DW85T/FVbGFDnkUMajY+Ud6m9BhirxOYNk+OBX4WmrhROmZuY+sHUtQ== processed in 112ms
[2026-08-24 09:56:33] [ERROR] [cache_layer] Transaction payload payload_hash=+PFCsD4ww7nZfYNaSXniliTx8Cw96yG7MNIvFY28+t73i6Lxbtr9BS5zAt6Py4LKo8wuhDmkBLlirQNSz4hTag== processed in 331ms
[2026-08-24 05:43:14] [INFO] [auth_service] Transaction payload payload_hash=p4TON03gc8/fg4CFXVURTsNcMGp0aj/09fhBUInlGR+8ZceX6rWhWbbTQWbUrJB8wbOjWff48QcoX6DjrLFqpA== processed in 123ms
[2026-08-24 03:49:30] [INFO] [cache_layer] Transaction payload payload_hash=NDOSxvUONu0kcGo77bM5OKv45qi9AFGIVQk1vWzRlhGYQ3hjm6acxqYNQp5eTqM9UOZtr6QV88eNlmo4EuFtPA== processed in 317ms
[2026-08-24 06:16:18] [DEBUG] [payment_gateway] Transaction payload payload_hash=vPx240bniECtW8ZIQXf9NF0W+iLV6X0S+Vi/eSAH5UliE7u4vo/DzxKlIbs4eWj7PscBhSAK/5VFWtBZY/g5Og== processed in 221ms
[2026-08-24 02:28:19] [WARN] [db_pool] Transaction payload payload_hash=RyINTzxegJB6fCONMlzJuFhhUz2r9ahmNYKbmX+kgqGQQnoMjUcaMhgt4Ulpl3XzhT3XIVzjOxWsCg/y5WgqJQ== processed in 388ms
[2026-08-24 05:28:33] [INFO] [db_pool] Transaction payload payload_hash=TEBQ0kyBqzuFkEYi+tdJYkHN9l/UXVCX0tFC3x1FhlHHKQb/k4DTxQQdkUDuk9kJLLYlsq4aaziOYHgiuCz9SQ== processed in 451ms
[2026-08-24 08:12:20] [WARN] [auth_service] Transaction payload payload_hash=C9PLIspSYq3DI2LMauI4a6YtH5nM8Ebq/6v+Da/NsbTBVml4Qa54C5XzI04noP7Ud+RrY9VpWl5CY1RePgCB5w== processed in 230ms
[2026-08-24 07:10:34] [INFO] [auth_service] Transaction payload payload_hash=kdycK2r8NSlqv96ulapu3N5v8dF1iyRsKZxqEmNifMusQWEySKGhFe/kkhuNyE2uCPuEtXN2ENnd8KMmnZAPKQ== processed in 227ms
[2026-08-24 09:41:30] [DEBUG] [db_pool] Transaction payload payload_hash=CJwrfe1ywSU4TBULxvVWwjGrLVilsl8MLRbkpMLkPnMvUN28skqqY4hozuBgxZ2Wax2olAa90aAcrUxH9AzAWA== processed in 107ms
[2026-08-24 06:06:15] [ERROR] [api_router] Transaction payload payload_hash=XujeP1OQj5F5ZwZ/3S51PwvmgjFJ/UeHMQkCpgHFUeiTjBj5Sd3cnFpfX1blnTB2gYPO2NXg+sbYw8WIbAn97w== processed in 304ms
[2026-08-24 08:41:07] [ERROR] [payment_gateway] Transaction payload payload_hash=CmzfIwptxF2OYlMXWFhy6y1GaOibQRSMacl+pxZSshc/u28dSqtvD2Sss6Jfp6/Bq01WydUZl5FzMmWKTQYGFA== processed in 78ms
[2026-08-24 09:06:08] [WARN] [db_pool] Transaction payload payload_hash=t1PZVgEkuwFy+Wo5tkHDvMEJGDsLpz0TfJmoSdeLH9S9MeSgcjuL1MZPKc4EKqhN7qCXWoefLRyVqqUYC6aEtg== processed in 419ms
[2026-08-24 03:29:35] [WARN] [cache_layer] Transaction payload payload_hash=lj5RLXG9JNqwWNtoIO3Wirk4JzP9GsGmT++ml0VXanSfu8HdoDjh7VDBIgfe3QOK+2LR4e/1z5eIwFupYifn4Q== processed in 380ms
[2026-08-24 09:48:31] [WARN] [payment_gateway] Transaction payload payload_hash=SQ8WS9+BHWSQx4pK5viuW1j3E205F7zpeQkfOT7p8S4N89qglixjeXzjZna50EQfL0VpDIPk0PlMXle7xt0D7g== processed in 206ms
[2026-08-24 10:40:49] [WARN] [api_router] Transaction payload payload_hash=m6ZOzcVwdrzAJ+Mb3ltaR51uCm9Lv/Ulu6dNgysSrlIqdjRFpc4dfexGWNA2h6Gt3uu1P685QCF8+8e61De3ng== processed in 19ms
[2026-08-24 07:49:40] [INFO] [auth_service] Transaction payload payload_hash=++0iCDRNqpem+ONwLa3FaVYkQ5SptWnCpKqItAUkQFhtaB2/4HxhnbePtvvOYD+kAwBthYAKZNhlG+cYzudBBA== processed in 138ms
[2026-08-24 09:20:19] [INFO] [cache_layer] Transaction payload payload_hash=lwgoShq/BrJT56Rcfvv9ZlyVdnSNKnmFFT1UnSrmTjBl23Oj7HfGqDEFZlKsc1OOTVuyo0pjlJPXxcRFjPqrRQ== processed in 141ms
[2026-08-24 09:37:22] [DEBUG] [payment_gateway] Transaction payload payload_hash=3In3ycwbaYLbGl5/yNwnZJW555apvgMx+bs2ulMzoFn4t1AyZ/RjEhfBjFbZwlbqDs/lUYHsVR9oF1V6pcWdjg== processed in 458ms
[2026-08-24 07:31:34] [WARN] [auth_service] Transaction payload payload_hash=RPGqRbLWMad7iVWOi+ZZ6gH2FHPQoV11knk2oASFol1F333azHDgc+PrgcD+SQ4P/vRwpykd5YBRrqbXRP6h4Q== processed in 422ms
[2026-08-24 07:19:35] [DEBUG] [auth_service] Transaction payload payload_hash=F9++MY2+0q4eh1UGFpP1iZ/R3JgPnYmlUWkUn+oeMj15DzP0Y8GKFhBddI7WilP/MfAmGRJySHcdxh9FlElJyA== processed in 258ms
[2026-08-24 02:47:43] [ERROR] [cache_layer] Transaction payload payload_hash=Ei7ttpx7FeVHa2uHLdUmAzXaEbR3uATIZ5N1/nsdIL4BBrxcAJYiKcRwxZGc7lM++M10PtOTCBI84tcok728wg== processed in 220ms
[2026-08-24 07:55:40] [INFO] [api_router] Transaction payload payload_hash=T8EaA5JI8AMUFeSZhjxLVAItiVJXPZQc0mFFbxNrsjdJu+UH1gA8ycK0nCYaZ/YR6W2IMfJhq8GEishurmWTjw== processed in 326ms
[2026-08-24 11:01:45] [WARN] [db_pool] Transaction payload payload_hash=T7yVZ+BuYheK0umfUqjmuoAjuZfQMgbF6yYnKmtoK65isxy3kJZ6LyW+IX+KkisStpSYWxXqf7H8XmEX4TZIlw== processed in 45ms
[2026-08-24 06:32:09] [ERROR] [payment_gateway] Transaction payload payload_hash=OXQhCtPCHVagMx3UxvJJ2YM9LAl4TJI89LPfGALbw8wjwpaLr5Px10tdDGkP4ElSjRfAVs2ezbXabztzEeOkpw== processed in 30ms
[2026-08-24 03:44:38] [ERROR] [api_router] Transaction payload payload_hash=4DeSjvPE8qYcBSmj9w77ckYWjKrvQKv6DSCM2Gk549rMzmXsq0m8au4+lL9hdm7i3eqIzgqb+nR20QfFA3xNlg== processed in 219ms
[2026-08-24 02:54:43] [WARN] [cache_layer] Transaction payload payload_hash=smWVpb1pbnWlKWKLJ7bL+Nv/Um6OquMpuzQGfuetVAw+mw63rzhQqNnVwtMey1Dwbs2R+Qgis7gflFRxAzJGeg== processed in 121ms
[2026-08-24 04:01:25] [WARN] [auth_service] Transaction payload payload_hash=y3Dkz4UaDncSkzeRvji5NpcnWncrkbJzEYWakAOfqEAzllx0DY2PDHWXb2kuscbIDIoGcGlrHjtfcgvgHSbKUA== processed in 164ms
[2026-08-24 05:56:36] [ERROR] [payment_gateway] Transaction payload payload_hash=k66P41o8iGcH2K7XR7uB0cDJ9q4xmjkwpV0fh/kL0hlw4baHbKFu8+84EDZsQfSPoJx6hXef3KFWrczoTjKcvw== processed in 224ms
[2026-08-24 11:09:50] [ERROR] [cache_layer] Transaction payload payload_hash=xWdJpEF49mj24AWe7sErVz3E+ZKQRX7357qVRsyrH9xxhAapljxDeUJTJfjkMbk2BYhA8/t6n5YxF1EcCHy75w== processed in 17ms
[2026-08-24 05:03:55] [ERROR] [cache_layer] Transaction payload payload_hash=8fVm+pFd2D41KnhDyXWQECcjxb+SmoA9Us70cQTCgNaU8z/PCSTO0GXP7e8D0gZJCCqMt4iew+NXoDrcTTCvKg== processed in 130ms
[2026-08-24 10:00:21] [INFO] [payment_gateway] Transaction payload payload_hash=EYuQzCCfqhPMZ9ugNKp+PEqGcuVDCWzFIyuJXHI6fh5iwyDbwI0vviS9a2WvM0Rwcgzmr1c7eXDwPY8iaEC8JQ== processed in 64ms
[2026-08-24 05:07:39] [ERROR] [payment_gateway] Transaction payload payload_hash=C/9qIgRTwBZT2AQdHmnnbdiyyAJqkLyKBHZOdGHIt6DYYkxZlQw9M75264hR7gVkEnEZKfCsZYipbuSgJx/I4A== processed in 238ms
[2026-08-24 08:43:11] [DEBUG] [payment_gateway] Transaction payload payload_hash=Ampx2kTLdOuyHjLIZLMBCR0WCzWkN7wk9GQVCwJBIum3luYy8g5KV4CQTBM1K//I+H0iJxVvUB2qTMrWp0jzPQ== processed in 384ms
[2026-08-24 11:02:45] [INFO] [payment_gateway] Transaction payload payload_hash=7ptQBURdhBzhNJV2fviMaTezBewz9imYlpNm25GuEfGQ7nXR/5nsC86xj8Bnfdth9tcUe6wJXt8okgG6Uyenzg== processed in 17ms
[2026-08-24 09:06:00] [INFO] [api_router] Transaction payload payload_hash=8/7jJFpnlec+oS8FAPILZb8ZHGaBuZTtpb4AraMlULlCCQKx/vzihhlRhwutNKoqU+6M7P76k8WYJrKsUCFruQ== processed in 369ms
[2026-08-24 05:33:17] [WARN] [payment_gateway] Transaction payload payload_hash=2ZD43g38rXRuQyF+b9x0UMGVNE6ljRdQfoEyl3qUUP0gMZKN/qKecaQlV9FEWz5hT0ivJc8YpeqIqPPXdsIzVg== processed in 230ms
[2026-08-24 04:18:16] [INFO] [db_pool] Transaction payload payload_hash=KRXpXBcACswImxXEzmMaHa85I27yDnceYtdOqdhxxIlEA4iRi3nJHBGeI0MgK3/x/2eG24Y1TJkmHOAeYaj8Vw== processed in 36ms
[2026-08-24 10:57:15] [INFO] [payment_gateway] Transaction payload payload_hash=5zUTYBrClivdaJZ8WzFI4+V28SPLXWdYAzSvDkuLD4PqANFSjbFxQH6RmSl+/ESLi/5QtYvGgmmdvZyguAmfgg== processed in 114ms
[2026-08-24 07:17:35] [DEBUG] [db_pool] Transaction payload payload_hash=nQvH2IpwPuP9w8VgmB81ToElcZoz59ode3/nzX2ZerWeiXxK9WpkwJX4UYNKXrxmDv6hSm5zKZ0PcL3jYogSwg== processed in 167ms
[2026-08-24 08:38:58] [ERROR] [cache_layer] Transaction payload payload_hash=meljbdCSOhPBoLpRv9ZFtuVcO+FppJeW6NFLKVXVBQr+YJlAdekR3bP6ACeIne8d5YiPR/KTEL6Wwol6NsArSQ== processed in 191ms
[2026-08-24 06:58:38] [ERROR] [api_router] Transaction payload payload_hash=l4A7fwzMNV2QiHAhVdNr46cxno+sWYilKynzL5jRovoYGBbCOJ+fcdl1Vdc9QG3CPdm8bho+OHOg77dkJbPukg== processed in 115ms
[2026-08-24 07:15:18] [ERROR] [payment_gateway] Transaction payload payload_hash=nGvRdpBgEQ1yx3LSlJq38gs0xLr803lXMAhhvpOgp3DphPn+NT84an6Zef/D/PQtpN0gMJdAPa9UoUekMi7xZw== processed in 360ms
[2026-08-24 08:06:57] [ERROR] [api_router] Transaction payload payload_hash=a0XaEuHGgSquybUKx2tbWU7ehl1Hc8zy+fn+p8AelejassLa00I21Ox5E+ZzIQsWPF/RB+dfkTC4SNOE4eUIwg== processed in 158ms
[2026-08-24 08:46:10] [WARN] [auth_service] Transaction payload payload_hash=OuTOHJb1XRJF8CKspR89KmkeMxST65hnOB1lIN6u63XfQntGQBiE2AaRCr3pquBIEW0Jo+xmRt2M+mW1zBqrLQ== processed in 199ms
[2026-08-24 06:23:47] [INFO] [db_pool] Transaction payload payload_hash=sGv5NP5Gw8NWoDYDBGdUEjdeBiEmTYVRDodu2cwsw1DjKmzIE+Cwd5ZMjrdAj15rex9CKN/NtnmV3tldkVrs0g== processed in 257ms
[2026-08-24 07:27:52] [ERROR] [api_router] Transaction payload payload_hash=J3ok6xEtJL9rxiM/ARelG1TcsCKACoCC3k9VEhJF6E1QhXlkgsLwnZkQoCG6W/J9k+MNjt6ssRT/Fw0czC64kQ== processed in 441ms
[2026-08-24 03:21:15] [DEBUG] [cache_layer] Transaction payload payload_hash=VMLep6kX13w7rAkaWp3xatVJFSgvN7WAz0u39UdnU2lvX5V/Iai6+v0Mpk1QGb3v0VStWnlhqNojlwvJ/DnKjQ== processed in 77ms
[2026-08-24 03:34:43] [DEBUG] [cache_layer] Transaction payload payload_hash=8HyvJk3ksp99M/AeZkCbqEORenzO8rFanes4hHeDWR9KevDV4Qc7WBMMnbJ/YDxi2bfKvUIJti5SNbpsQg8EtA== processed in 187ms
[2026-08-24 04:06:06] [ERROR] [cache_layer] Transaction payload payload_hash=3jLhDjMfMbWuiGzmGf5BxmmKrKYSMeR3mFsn97pjvqtDXaxgvJ3yoKNsSSYaTcKlbpsagXLmaEnJUJEd3ljaEg== processed in 360ms
[2026-08-24 03:07:24] [ERROR] [db_pool] Transaction payload payload_hash=aTDXxEyNemc1QEtUaLgRQ3K9k52VzzTQ+lZW5gLPpg3Ts+AwWJ5qYf9JHHMMVSfFZk8dThXpv6MRLdasZigc9A== processed in 477ms
[2026-08-24 04:17:11] [INFO] [auth_service] Transaction payload payload_hash=+Cet9E9hRfw4T2KyQvSnMLqGUPlXH+/5z5NmgaPRvOTmuPiBp3Z1w9R56Hw2YyZSqNSgdrMom0VD7sPsTBUq8Q== processed in 0ms
[2026-08-24 06:50:43] [ERROR] [cache_layer] Transaction payload payload_hash=xJBboORx1wb2M2MkJVBp+FFrcJSQbYI1Vqd5s+aNbcGqGG6JxPVYn9HMyppwLz/bHep0RnCAtvCQnkM1s6lipw== processed in 32ms
[2026-08-24 05:40:30] [ERROR] [cache_layer] Transaction payload payload_hash=Hbmcx5K7dbT2FXesAypWVfj1KgfDFCF/ehrgj+eONHOMBDwOjTi8BfBUb9j1ZlPv+t6/enfExIMNJHAl1NG0FQ== processed in 336ms
[2026-08-24 08:10:27] [INFO] [payment_gateway] Transaction payload payload_hash=/h5SUg9kdBP8kuk+GIRscKy9aaB/mDtoKDq6BK7I9lrC+n5CBTN3mBVoVNM7F7inXBy7xAmDSQ7yJq5KMmuzAg== processed in 186ms
[2026-08-24 07:01:13] [WARN] [db_pool] Transaction payload payload_hash=tFpM6685xkkWrUKQ2/aOsFd8fV7mCZNtt4GWWjJbmD50528WUCwuFExjUo8TDmBLQNowqN8E1Rc2tGoVf5eb4w== processed in 319ms
[2026-08-24 05:11:48] [ERROR] [cache_layer] Transaction payload payload_hash=kb9u2MZwrzyCr2Y7BV43E6NWEN4Qxj9NcbYSLhbtfF56vxJENTSjjAKZP5mEz6GeHhD0W1C1nDfmkQ1XLkJ+FA== processed in 255ms
[2026-08-24 04:40:06] [WARN] [api_router] Transaction payload payload_hash=884o6tDIyVdnu9KOONueOL1abpsoFkTco+Xb9rR7m2jl6GupnwlptOEm5HTatgKOio5T+KRbEaMhhrWxRwZL9w== processed in 342ms
[2026-08-24 07:23:49] [INFO] [cache_layer] Transaction payload payload_hash=cVFM5TShhA018tjtbRCYr+sDo2GMbOOaWXybU9+plL7bkkMWsw7V1Lf+xPriiTm2z4KN8d3E8/p3KyfAQgFB5w== processed in 494ms
[2026-08-24 08:42:18] [DEBUG] [api_router] Transaction payload payload_hash=sBcs3t82uGrgZKo8J2dOZOZc8LHFE8zYWRYRR0392O5jJlT8S8xIk9IoVE6TEctJukRyo48Mp04rUvSTbbLRGA== processed in 5ms
[2026-08-24 10:43:33] [DEBUG] [payment_gateway] Transaction payload payload_hash=WxrsSbd1KZuBnnzFqsoxhdSH3xJgYSm9SE0lb96o5zc1vppaeu6VqSX6PREsG8y+RPB8Wxq/jW7wVWhzbUfWeg== processed in 85ms
[2026-08-24 08:00:44] [WARN] [cache_layer] Transaction payload payload_hash=55FbaCKA4QJhotGtM99kSgwKUDZi2/AOFRPvP4EJ8u3ZfE3bcu/yzqhSACTw9ESiSS8+ynU/aPdWP0PWPaVt9w== processed in 319ms
[2026-08-24 04:44:26] [DEBUG] [api_router] Transaction payload payload_hash=NMZojW2Lwwyyp7wUlRZEzH9KVv/XCLZrurTKQfgMU0qG69KDypq42j8HYdvej473kISnRkHHuMOwCpW5zU4zMg== processed in 444ms
[2026-08-24 07:14:58] [DEBUG] [payment_gateway] Transaction payload payload_hash=zeGSHTXpzEEgs/sl4S5jknmBr8XbVX/y58HALwF6SvmY3FVutyc50XX+Rvvk2XhCR76KrOapmv3QNZJxVdIcWA== processed in 402ms
[2026-08-24 04:58:14] [ERROR] [api_router] Transaction payload payload_hash=OJNlbC+yl6Azw2BiFOyPgFd/f+9LwsTi3hl+w8/zC6crOAD+zfvYPBIewPrRyv5fXKm8l8zwBaUSRi2HuOGF1Q== processed in 17ms
[2026-08-24 03:47:44] [ERROR] [api_router] Transaction payload payload_hash=JSuk3IEZKkJG8fmw/N/93gSiPU/SANGoDrvs8koNSyFvn5jIcvc/LB9SrwSeWoS7sD1FF60zeyLF1hN1dAvDfg== processed in 118ms
[2026-08-24 04:59:51] [DEBUG] [api_router] Transaction payload payload_hash=8lyXN0/FRJvZm8OVPKuYpyCAPTBSA1eOGV88o5KhkldXttLdGOAzgmA1wU+8U9FDRigVd7MxaaO5gsOrZyPi1A== processed in 291ms
[2026-08-24 10:57:57] [DEBUG] [db_pool] Transaction payload payload_hash=mZ5b1ywaf8n1j5ksG+nUAADBWqIlGDzq+CEOHzp5UyK9dJRqQMQ2bF6ZUcVzusrhA1dAU8obIfmk6vdZNs0qPw== processed in 486ms
[2026-08-24 07:35:12] [ERROR] [payment_gateway] Transaction payload payload_hash=8a9MyIhduuRoS2QW7UG2xUo/fLq5DykaTBmsutmTGWjy0/hM1tNcaiWcEqi8LqZr2w/pRhJVPGBRErlTDN7TFg== processed in 278ms
[2026-08-24 04:13:52] [ERROR] [cache_layer] Transaction payload payload_hash=hZ2Jwfh/CbqhQaT9Xdz0ogxPqPJJP1XGg+Kqpb6MabS3m5iCdj/YHDY7uI/advGOiy+f/rgumU6AmYQu1Ywk6g== processed in 171ms
[2026-08-24 10:38:24] [ERROR] [auth_service] Transaction payload payload_hash=Hx5H0vzrHOTyzbZg5na08ivNGxtNM7VqveBoacOs4ugnUwuMb5xadRKRDviO9d4llGuhAO6FxCebDQB4wyU1GQ== processed in 273ms
[2026-08-24 07:51:04] [INFO] [api_router] Transaction payload payload_hash=dAdqimHRA6hfirHBkDrEL05pNM6TZDkokgdnKZs1McLCnMhC0u+MMoB8wnws8q1pFNE43bvVZ/iZHmMujS+BTA== processed in 426ms
[2026-08-24 11:14:57] [DEBUG] [cache_layer] Transaction payload payload_hash=DXB2EI3BrzHGhyxWdD4ZrAYocFYhmaDr8cg50wbP3wjcF2bJ9JPTXu14GY36TAq6I6rTQna8yUuSD1Hxq/UVsg== processed in 118ms
[2026-08-24 05:31:53] [ERROR] [db_pool] Transaction payload payload_hash=ofXpHm70+nurahc/6E0JVVpmHv5j3SXvZylkpXvdX1kWYYx2lmp+jTGE8+TPPgO9RDnqNhXg9LGYNIdW7P31Qw== processed in 127ms
[2026-08-24 04:46:10] [INFO] [api_router] Transaction payload payload_hash=32o1exIh1vh1LZQSrCRG/OCBvU5IaGXIgjqmLRN76OFWyfGLkQlwxrsHMo0jQkiz7PYqTqq60oDHG3UBVK4hog== processed in 58ms
[2026-08-24 06:36:31] [DEBUG] [db_pool] Transaction payload payload_hash=qNO4vfuts8iTqxaxNlaBONdGAqFBHlZLmwXcnu9nM3q+5SnaPSJAM7K8yfZve1iiSPgzIhvVTVuWPEXY5odL3Q== processed in 499ms
[2026-08-24 03:20:13] [INFO] [auth_service] Transaction payload payload_hash=bEJ9PtDR5KUbKTp9VPRBN7spzpx+0I6JvNUNOlomUj8zFkFJDNfZxyIkLKb4RBfuIv+vxLncYFxo4gZtdIvrOg== processed in 83ms
[2026-08-24 04:46:13] [DEBUG] [cache_layer] Transaction payload payload_hash=Iml9XnB8K9Q/3ZF1uaoreIguqSzjXrIh8PHBOmkVewRPTjxpy3fiZu/JA3H5G0kJTh7eQes7y0wlqIjmO4gG6A== processed in 226ms
[2026-08-24 08:13:49] [WARN] [auth_service] Transaction payload payload_hash=aBzTGoDJ6XnDuxM0muWKkusvVyB6JUsfxoQeJ0hdp9WncmbdyEIlSXgLwj0xfiYGFEvCSVjdvvVAJOJamzb2XQ== processed in 10ms
[2026-08-24 11:08:46] [INFO] [api_router] Transaction payload payload_hash=PJ0t+mO+Ny1TB3vOBmyiT5xhVLSmk+8BG5MDKtTqfurIG4lrG0vGzeZScP50+65qy3alz/1nYzgAV++9i5BmyQ== processed in 73ms
[2026-08-24 08:09:12] [DEBUG] [payment_gateway] Transaction payload payload_hash=h6ve33W4iB9GYsFgyEJFKMu3ko7rhD3+a+SuVhlVvXm48DYnpWU+xkmA4wDrr1oyMrHa0nE4XVdQv4Rd0AKPoQ== processed in 105ms
[2026-08-24 03:33:52] [INFO] [api_router] Transaction payload payload_hash=U0U1FPuE10rMO+CkZQxp7t1Wf3ns53HKyoNjL/OEkvlp2A+0Q1PhLUIscmp9ODzadtCzrTNq0djkOAOqdjOD2Q== processed in 486ms
[2026-08-24 02:50:29] [ERROR] [api_router] Transaction payload payload_hash=WeyL/MZ4QG+IESd9Vjrj/nc8A1exbYz3XRc1pAvhQK0rYqyjX4JcnImpZxhgafCgOcQj8G1IjeX46FRAntk/Tg== processed in 53ms
[2026-08-24 03:33:32] [DEBUG] [db_pool] Transaction payload payload_hash=/rsmGMaCqPjH6JMsetqXA0WDotEbnCUGDuvNfe6LlpVUdJGPkOX4YDiOd6xhL81lYqZn4+q0CKC8Ger4lrsJFQ== processed in 178ms
[2026-08-24 09:33:41] [INFO] [auth_service] Transaction payload payload_hash=EArQ0ja3tNN1PxONl/K9L53AbJjpf1RItsRclDupjvWGuQGPFknGpue1L8EwcBWYJMGgJopDq0mDBbDVE3o8PQ== processed in 265ms
[2026-08-24 04:54:58] [ERROR] [auth_service] Transaction payload payload_hash=+jOzWoepjEulPVRMsk09ImAKi3tI0839DoBMVobYzarkaCuKLbmnRlugHvjDF+0dB7GqiWut40Hn9m84dmYv3w== processed in 402ms
[2026-08-24 07:06:39] [ERROR] [db_pool] Transaction payload payload_hash=FUxLkCL6iW5/C3cHl297sLJRBB5nK8Eawh09cPHCgmz/tnAXvXd60Jk0OP8HyhtHfdMZReN88CNlHmThHM3nug== processed in 333ms
[2026-08-24 07:18:46] [WARN] [cache_layer] Transaction payload payload_hash=9FsouBkY6W+YzsuJ8OOyBNjfQiJvntr2NKtuQcJts+nXh3dPI/n8MLLq4yX6vcNrq0rmGvpJe7btEZ3Q+aK3lw== processed in 244ms
[2026-08-24 11:11:21] [WARN] [db_pool] Transaction payload payload_hash=NykSF33TnFEGm5aWyvk1z1f+QKHszHiwHareQJG8FPLxniY7uz+VBpS7UKG8W8XyJhIKcoLcpypbLLTqv0AHsw== processed in 426ms
[2026-08-24 08:05:51] [ERROR] [auth_service] Transaction payload payload_hash=tKSwZfm0ebkANC7amniBWjEGAJ5jgkZ6bSPVyXr7R9k+C0X4OSucgo19UfhExiyGq/ZO+nhFV2JvorciFe0MDg== processed in 316ms
[2026-08-24 08:01:15] [ERROR] [db_pool] Transaction payload payload_hash=9aAYDcOiYHHIGG3rraa9OGVzbugjFLu0wvUbPUByWH6e2ejgTSOeHLaf31z2FtWhrPm1inPW6STNE2CgNTOsaQ== processed in 456ms
[2026-08-24 04:56:29] [WARN] [cache_layer] Transaction payload payload_hash=rvoamJfE8JfI/z3raGloqPOGs/B1suq2myZRjU7VxBLeoisBN/KCY5uKCxIeTHo2+tlrW0z24b+6nCk2ggJVww== processed in 461ms
[2026-08-24 07:39:49] [WARN] [cache_layer] Transaction payload payload_hash=x4Hbe6/Iai7RrdJf0IIUNVsrjhrrJzfbFMTdRvrj9XwQ7yS8g8cyxTEZGoGulno/ItehwhmMjAqHOG6eC+zmFw== processed in 179ms
[2026-08-24 07:48:52] [ERROR] [auth_service] Transaction payload payload_hash=1QdqZgrUGpNCALx5rFFw0yPe2Ojc8rv8Gj+mrYf5wzymRbtfTK/xc9rOdayBDmHUxEMYiTa8wyvPF55ZhfUw1g== processed in 466ms
[2026-08-24 03:29:18] [DEBUG] [cache_layer] Transaction payload payload_hash=HbaRx9MghNSCdjmdJeYIxQ31j1ZK3G7wrDfzxYoNq/ssD8+wJmNILRMpPv2joom2+tZLDeOaOHNnrJy3tZwFTg== processed in 374ms
[2026-08-24 07:13:32] [INFO] [cache_layer] Transaction payload payload_hash=yBqGekzBIl4Q8lGdBw5f95UyFvV7FuVfnz+Bxdzrcpp9X+LyQyqTT2odaA1OmCKvcaQUfOM9bG8wEEafer2fiQ== processed in 202ms
[2026-08-24 08:02:02] [DEBUG] [cache_layer] Transaction payload payload_hash=AgnhxysrBgu0u0XI9FHxIIl7geaRYhsnQJinVYueU8MlMdILJg0xRu+I6+vSmpb0yZ8aYd9D9DMWYQylekNemQ== processed in 140ms
[2026-08-24 03:02:41] [INFO] [db_pool] Transaction payload payload_hash=aT3Z2025yM9USqVh4nzYj0rlj/7p4EgPJuC9dQ11KmDbc8dQUsm0vChHwLEcj/EEq7CjZGzE62VrT3i8exJjlw== processed in 368ms
[2026-08-24 04:32:00] [DEBUG] [payment_gateway] Transaction payload payload_hash=qtLW3v5Inv+ciApFj0NXUduBXjLzr1CUrjOvPEHYYWs1pK0t9YxDvEJY8xU7n/JKzXnAJdImzWixISATGokMDw== processed in 46ms
[2026-08-24 04:37:43] [WARN] [api_router] Transaction payload payload_hash=CsdBgTLxazNyiUH3/qUcxWrg4Ym9g1dhWnoS9xI6W+4jAAECajKhgXPEULg7ycpOC9MRkNgttvxviY4eZEPsOg== processed in 255ms
[2026-08-24 08:48:33] [WARN] [db_pool] Transaction payload payload_hash=KK8L2eAHBez/DKw+erc9SxI6SnvRT4ldl4FJlv21aTirMAuAvAJCHu8UP6ziK0J9QgiRDDTSXTPay40NFf0M4Q== processed in 300ms
[2026-08-24 09:17:41] [DEBUG] [api_router] Transaction payload payload_hash=q6FC6gnWo74smQRLhc4C/Bfe0Xh0Wm4zxP1sDP8jF2aa7NbWtc4ayl+X/Fblr04NAqQQGvpLvUtikUmT33CMww== processed in 181ms
[2026-08-24 03:31:05] [WARN] [api_router] Transaction payload payload_hash=rTgsqy0qekwCnMZ6P0Lb6YNlD3EnD/O38dlrsONL9c6awq/ZOyyNh1wUCqhNkq6j7udXRrmuuVYnq0j8pQegGg== processed in 439ms
[2026-08-24 05:42:25] [DEBUG] [cache_layer] Transaction payload payload_hash=EWyhLJONS9CvX2Tvm18mMkhZy9xPDo6S77w5w8Gw212Pf9KvfVH2VkiqU1O3mUDayat4wo/ujKxTdxdb+xzDGw== processed in 317ms
[2026-08-24 03:26:13] [ERROR] [db_pool] Transaction payload payload_hash=FMzUI6ieCjXXP5CutTLuwWHBcs5Y8USwCt69Jawza3IqWLgKun6FI6DhZOCqbPgWgqG3o+G52FqgbofJMGthQw== processed in 381ms
[2026-08-24 03:19:42] [DEBUG] [auth_service] Transaction payload payload_hash=sSB2PAxkLvTCsJFyAihViWPVo3oITuSep+7x5+gPKOpc7IXmg6XLbyMaHu1j1A/Edru3mh3Duvlk7BFd99s2JQ== processed in 11ms
[2026-08-24 02:35:50] [INFO] [payment_gateway] Transaction payload payload_hash=FG01mytRwdPMMVwtbKX1nsuxIWcdezb2Guqmm8ojfxZYxVUJFYmwMjwkO2OZkVoqtsoigKqQ/opUc3xkxdMWDQ== processed in 194ms
[2026-08-24 02:28:57] [ERROR] [cache_layer] Transaction payload payload_hash=fd4s+somur5I54pwUZGn+O/BIhN/AXU4ypjxxjyfEutA3AZC68DXA6Hy0+XV160EhVLPKxoCkCoA4MyXo45OxA== processed in 397ms
[2026-08-24 05:36:04] [WARN] [auth_service] Transaction payload payload_hash=Ynalr6vC1zvZfy+y5GMKoGkAJ1QLz0lw4M6NLHFZPxJyg+YqxKW+i8FNHBj21UVL91AE6Bf1+Enn671J+lvltA== processed in 406ms
[2026-08-24 07:08:26] [DEBUG] [auth_service] Transaction payload payload_hash=/Jd8tvTFJmW7u78Pf3Gcz4zjyanFdfa4Yv4iPJ3MtVoiqB+o2U2X7qPSSh4hMkd43dv/KZSG6l2LmXMAIg5RIg== processed in 356ms
[2026-08-24 02:36:24] [DEBUG] [auth_service] Transaction payload payload_hash=4Y9bQwlsvcgg7JBZRi4jGuEzp3weNnpSZl7kU4PrrqeDpC2vwGDqrxk0BWQsQz/DAQmMwAq8m3mNC/Owev7tEA== processed in 45ms
[2026-08-24 06:32:24] [INFO] [auth_service] Transaction payload payload_hash=UXg/v4mxqhEtJW3WXUIRGBSsvUw60u2pDXc6Wv+Q7vFhEt6ySzk99jEsiiXHRNTobkAdInqT71DOz3/XEX/2VQ== processed in 403ms
[2026-08-24 11:12:52] [DEBUG] [auth_service] Transaction payload payload_hash=iGJ5B7fohggH5pZwAqX5Wd6KYqHjPnNxznGApC5LHCTlP4+Fx2Ot8OFqKuTzLvUP3HUWxzVtOfWpGBLdDAWRGA== processed in 308ms
[2026-08-24 04:55:44] [WARN] [auth_service] Transaction payload payload_hash=JI/U9X3yoB0R/a2IiHVNKF52Wwk2kF4MiIdoq9R5wCtrYB7NSJCy3JtLIo3NOw75oA0oilFb67+GTKZTG3F5eA== processed in 15ms
[2026-08-24 03:35:14] [DEBUG] [cache_layer] Transaction payload payload_hash=DbLBviRvP4eAbuwVigVWNKVcgJE0IOr74UyO5tj6M5LKj2NE2WLz56GXxEAQ9GURUg8vmjENYLZrNow2h0z4JQ== processed in 368ms
[2026-08-24 05:50:36] [ERROR] [auth_service] Transaction payload payload_hash=ryVC3W+Z2bcsE/+JAmwQ24l0q+tK5GvJKoA4kCOeCNYBDdvUoUmR348yEGoDoQePC6CunteRs5vTuMvE5g7STw== processed in 164ms
[2026-08-24 11:15:14] [ERROR] [payment_gateway] Transaction payload payload_hash=0DBChteVp4kQNVsgd2zatWqe6rpXuCOpj9MOTZKug3bGSvdFJPKBNUcRz4FDy2vQHDuPwHZCSgFqNXWW5WnzzQ== processed in 182ms
[2026-08-24 04:39:30] [ERROR] [auth_service] Transaction payload payload_hash=37pmRrEjtH7Eyig29nHDbxNqSAeHWFl/wwwqMBrwUxLO+rWPwIBEHUSf2w95CowatqpjnSL7o+FQe3M+uHI20g== processed in 190ms
[2026-08-24 03:58:12] [DEBUG] [cache_layer] Transaction payload payload_hash=YLZ9cQj9zuWUrJ7YXSp/x6ffWdSW56ADFoFZ2OC+dYXYi/WHJLqo4Ngq5Y4rinJCkUdfT0Wbjv61MxP97gpZrg== processed in 10ms
[2026-08-24 10:16:44] [DEBUG] [payment_gateway] Transaction payload payload_hash=sdN8+rqfZZ3PQK8V4xHQAu8Tab+kSUetm2IVfTMhU7H5v1/TIIKH2PsY9/ftUfDAFFF2d7xsujVOtkXI+0c3XQ== processed in 410ms
[2026-08-24 03:39:50] [DEBUG] [auth_service] Transaction payload payload_hash=H9bu+y455BfynMIA2+gl5PKpbVYiRZxl0spWbnZ+VMM1QfKeUIjy98ukPSfsY8/k0CrsxtBQsgC37idAhqzRcw== processed in 349ms
[2026-08-24 04:40:24] [ERROR] [payment_gateway] Transaction payload payload_hash=R/tyf9xR8iIfmxZILOvXHhpzx/pcQDt2oU8jCyomZ/IFkiAenQDYQ8NFSL7ZW5buU3TIW68DwvTZ3qktMn2FuA== processed in 363ms
[2026-08-24 04:32:24] [DEBUG] [auth_service] Transaction payload payload_hash=nBiLsfXzf6Nc0Y08atwSssDckrJILZlKiqgnlDNDzA30CD9hR9W10RTwoLghIDb1q0Yq6hud7/PkUBvL3tWLRQ== processed in 456ms
[2026-08-24 11:08:42] [ERROR] [auth_service] Transaction payload payload_hash=6qUkpNGH+oXuZDsF6rEqjbC0835h+TRsTt7p1BKI+MXNNGlQS5GEdg9tgmjL+MkWTnTC3D3ihA+mwpeIFBjmtw== processed in 458ms
[2026-08-24 07:27:46] [WARN] [api_router] Transaction payload payload_hash=JxWf3CMdMJUSP7zRqSh4CSDjwmaSYJxivmfLcgIERO9PbIL6327ipQnbGHEmp7Kyf8gKXMYLHpYVAOoVVu0G/Q== processed in 470ms
[2026-08-24 04:48:27] [DEBUG] [api_router] Transaction payload payload_hash=gmt8Lc6CmHuAhWdKF7+sbQEXjkTNO1T7DWDeJUmFtlKLDQMx6Zf2wcuX3ccz7ZDxsbdM5MO3j9Ml3JsCu8ufag== processed in 396ms
[2026-08-24 10:49:51] [INFO] [cache_layer] Transaction payload payload_hash=jZ/gogmDcJ3DZfNR6rtDBVG9pYEiDUOC9WA3BerDbYzssV+ji9e27TsAcT4mEVwyVC6RLks/FHJBUPyrYBGF4Q== processed in 390ms
[2026-08-24 08:24:55] [DEBUG] [db_pool] Transaction payload payload_hash=bbvgEA3ZeGQlxSE59ka47SeL4lOJPstnBXFc9m9X8NHY2UkJozdbo7xmMs1PlHsUU2rBJCXlB1XZQx0sS86W4w== processed in 349ms
[2026-08-24 10:51:08] [INFO] [db_pool] Transaction payload payload_hash=IEEZbWIF5iXesvit458+BfvP/DMETi427ZXVkN1vuZntJ9bLCNGxwEBTYUNcOzMMK9FAvu9pikUCor76DFN3PQ== processed in 447ms
[2026-08-24 03:04:04] [INFO] [auth_service] Transaction payload payload_hash=CumHK07R+iOkOgVHdl2uX0UuUlgsxa66F4gsql8Ekt+iuDFAgjishLi9Mz/tYhbceeaHpvaKkzLd7PTsuNvOWA== processed in 361ms
[2026-08-24 03:56:36] [ERROR] [api_router] Transaction payload payload_hash=v2BtNzPnWCEBotssuCQOlvicfIK1wncsMrbCJQt0cNVwmvwy4EagnMIN4VsfxUDm9prGwRGpImS8hSKnItiTqA== processed in 324ms
[2026-08-24 06:20:15] [WARN] [cache_layer] Transaction payload payload_hash=leP8c3vTQ/MI348+qDeo2E/kXSnBMsS2GN8tPALSNKZcRf/z95hwC3VCNaT5cTqpExJlGDNxxOnYWl4D8HwrRA== processed in 229ms
[2026-08-24 08:47:13] [ERROR] [cache_layer] Transaction payload payload_hash=JiRb3OmWvby7K6z9dinXj2lKjQ9A+y3/Exb+XXmqHZBa4os+GdZxckuhr0ZOS77Mezj1eQK4ag+S/BY28/xvuA== processed in 493ms
[2026-08-24 06:50:25] [DEBUG] [cache_layer] Transaction payload payload_hash=wMG5ZrKzwf4qh6YSzkLUvq7zwR+eKzozVK3bV8P9ph31qG3fLnJfnGcjOVZsN9bBC/kd8c2KntqIlnKfOR3e8A== processed in 97ms
[2026-08-24 05:46:37] [WARN] [payment_gateway] Transaction payload payload_hash=vTHoWgoKfaBZOx4PQ1T1nnv6ljvOagDLB664ZIlUUeNQM33wgNONECKoubwkKAP8BZL8edMBHyk6ne3Lwk+yMA== processed in 149ms
[2026-08-24 11:17:16] [INFO] [auth_service] Transaction payload payload_hash=0gZFAw9VXXaHRSDSdTJvR69rx2l7id+8kOSQ09OjCmyo/77rpgnKCj/E85XLc3Wntc8zT8j3NCHSCdwT2HFICw== processed in 302ms
[2026-08-24 06:02:31] [ERROR] [payment_gateway] Transaction payload payload_hash=Amv5iQSSsQD/vJJZqWdqEYMTHqnLjqmGt4HuwvcygYOOodvOGVa8UA3M3B/Rrcea/qVG/75mVlVTrUMmvraPhA== processed in 83ms
[2026-08-24 08:26:08] [INFO] [api_router] Transaction payload payload_hash=8NwfTKdOijRS7SmEGg89I3LX4fcLiwsfEduaJcGVExlen2U22qNDjTRvmq/quL7VDIpnioX+70vs2CZjamQ37Q== processed in 417ms
[2026-08-24 05:36:06] [INFO] [auth_service] Transaction payload payload_hash=2clOaKBiz4k8sSUEjHv0MUK+3pmaXCgwtalcYHkUtyk4N0jSi8ar5FuKV03W1zxAPj+3bEmqNs4LukFSENgTwA== processed in 498ms
[2026-08-24 03:28:30] [INFO] [api_router] Transaction payload payload_hash=wyubiukD9ZtHAVjgVoMcaP0jFFPmQqh07VSDcy07ZLLM7y+MhhpuvUnw+Rw8MViuB0Dx4sTOesOEFm5c38bfdA== processed in 414ms
[2026-08-24 08:10:44] [WARN] [auth_service] Transaction payload payload_hash=BxUznU+LHipLIH6LkRIH9tY0mbLw4XtqWRU7SpfSyGaPK0VsBDwv8qBT2Mp8Ifm3QZVxP6GMLaaGKb4GLddfyw== processed in 199ms
[2026-08-24 06:27:28] [WARN] [api_router] Transaction payload payload_hash=5e841BlwW0dM35VJVr0IR95kSgHXtXNxr9dzTSv8scginX3QKtntuql5Cp/aJfNaGRZ1Hd0ZmJvMEue9hKPKfQ== processed in 86ms
[2026-08-24 04:46:57] [WARN] [api_router] Transaction payload payload_hash=kRDeBKSQmJn8fCzh6ESOUS6lnyk2Bcsleilq80aRqQTypFc8p/ucN2Kqd6KWv0pjYtSEpEIFXry/eOhE4jqHLg== processed in 338ms
[2026-08-24 05:43:18] [ERROR] [db_pool] Transaction payload payload_hash=EHz2b/hYpa9F1uqtNnfAYSr5yq07FcTfmhHob6RR8+/MODfHDZ6rwJq5xqvM3AV0f+3QnDYpePv5QQ/38mNTuQ== processed in 42ms
[2026-08-24 07:49:44] [ERROR] [auth_service] Transaction payload payload_hash=EeN9H63tRKnh6TQx4A1bkW6im7tWPLv9teXm2TTcMleSSofDTZCWGfVD+biQ8w1hmyGA2xYpIYGC12DeYUPEfA== processed in 261ms
[2026-08-24 10:19:39] [INFO] [payment_gateway] Transaction payload payload_hash=FNypbCy6lJCHvGBAELz0gzK1wBWHwzMgeRiiz5eUCc2LDsTBdyUBzDFOdOYlxHU1zkE/03P6AYPZBm3fHUK4GQ== processed in 380ms
[2026-08-24 02:37:17] [WARN] [api_router] Transaction payload payload_hash=5+EIZTEeyQiVcrv4kRaQL1G1adgAmA7SfrzNfQe3omNjAxxHnXWMOBpiNrdXoYwxRjCBB62ywi4Ipk0fnk/YJA== processed in 400ms
[2026-08-24 04:37:09] [DEBUG] [api_router] Transaction payload payload_hash=FWU5lLgYLEfAmffg86VRzsnr8knCpZGsfSJ3ZaeuDZyvBBic/l85dpb/jLXAxCdUzKeiVoZjE5yN8bxBrFIe2g== processed in 11ms
[2026-08-24 02:28:19] [DEBUG] [db_pool] Transaction payload payload_hash=W4Bxysg0o9z+ZVDjBtbgPib9SsM/pN9dES0QQ2EHW0TImg2SVZ29xHKnuRmk3ClENglWhiuw3up0flQTR7J4vQ== processed in 414ms
[2026-08-24 03:39:32] [ERROR] [db_pool] Transaction payload payload_hash=tQkLefSxkAPjUKSj5DxKEB1W0vLCBNQoQzMlgRyQ4bIaX9MBHV1suvHgdq0kNW46hY50puLKLOwLNRGWsFgciA== processed in 342ms
[2026-08-24 03:12:01] [WARN] [cache_layer] Transaction payload payload_hash=ductyz37fwQ3ExRgPSgO2ijYFSpIOh84jgFswt0q6NXabIjLCh6Q6ZWcu96xC6km3uxjte4CB0j3QiD3bu19zg== processed in 219ms
[2026-08-24 09:55:34] [ERROR] [payment_gateway] Transaction payload payload_hash=rbXa90RR5AIFliy8iDUVQ9tInCERePY/IwMrjSVvJ0jW0FTZmP3i5Z3Yh6cqVnYeWIyNIxPMmFNl45jAoTtmPw== processed in 431ms
[2026-08-24 04:34:22] [INFO] [payment_gateway] Transaction payload payload_hash=FfT7S+mKOvPMeJJd1LhFU4eMsJFRLg6RVNrdthWaJxRlbRhunS6lt3uV6XHNWaLEYK9nsee0xnCZbrSXBsqFbg== processed in 176ms
[2026-08-24 06:52:41] [WARN] [api_router] Transaction payload payload_hash=qITWUyNHWYLr1j3O2aaXaaEH02rYxuYSTRcYvWpk1xzhcMDY9l46ug3wbulJWxFmasmVC6sbSG5M50LZj4YLRw== processed in 473ms
[2026-08-24 06:15:40] [DEBUG] [payment_gateway] Transaction payload payload_hash=MBYyku9dznpxd8IxRL1Ia5wkNQG6X4QGspU+lcZYRXBhpYcR+2xCeLXigvl4rOkI4uqqy9/m29oVuGCQ/xLvbA== processed in 412ms
[2026-08-24 03:52:51] [INFO] [payment_gateway] Transaction payload payload_hash=8B97mT83stB/d91BdyUyc40EhQ8u3CV3Ixi9zK4u02BNV/ra+t8uzBBI5S02lLW8x0ddrXdURsQ4Tae5bUnP8A== processed in 334ms
[2026-08-24 04:22:08] [DEBUG] [api_router] Transaction payload payload_hash=oesoDjqqm4j0z2LM0S4oyIC8jjqdsh/uBxg9N5HsI5vcIOzAvTGtbv5Zw55QhHQlNsqP2qiHB5kSG7a3g7ilcw== processed in 1ms
[2026-08-24 05:11:04] [INFO] [api_router] Transaction payload payload_hash=eMDyG7pR3GdzJtfE06MuGaG5tbLKNmyPRWlS73XfBmd6RHPrsxo0ScpkcqtrotT1LEJUPmxOPzg88QfpmW+/hQ== processed in 213ms
[2026-08-24 11:05:20] [ERROR] [cache_layer] Transaction payload payload_hash=UIhxN4xPa4PPUJvpVaLjoylURETrdhUutllWiz6NpdFkmSDpJVF/qSayWBKk2RD1FlPDJGK0h4OemeoHby85YQ== processed in 55ms
[2026-08-24 04:34:08] [ERROR] [api_router] Transaction payload payload_hash=iffRDSk2g0SODrcTvdNBrhuIgW/2wxGQkNQoWKqdPMvjE1TMvqkocN0OENrqMs6aR2yZ5P018dEtym7kymGXxg== processed in 173ms
[2026-08-24 04:30:45] [INFO] [db_pool] Transaction payload payload_hash=zewvRIsLTtS5fp0EfDKdMkbjTUcUUjVNQsgooU4O0vlCutmGlmX6GBOyx8xfXdZYS10xqtghUzfxKjwoaBYazw== processed in 250ms
[2026-08-24 04:16:23] [DEBUG] [payment_gateway] Transaction payload payload_hash=8EtvYtQ0PAS3OPsXeTdO0LO6211Sqfkwe9PCR0uM6yrLtLePDKId6VkQ4lBcvzHOAxk5MU1HO6/Jtq8QkEIJ4A== processed in 415ms
[2026-08-24 04:40:06] [DEBUG] [cache_layer] Transaction payload payload_hash=XVgDs+5qohssQJekTq8PKBvYmkSFE4U8Hss1okjPd5q8GstS5Q+O4N8tM9WOEEuJcA9FZ2ZQgoKsBnELKFP4lg== processed in 1ms
[2026-08-24 10:20:37] [WARN] [api_router] Transaction payload payload_hash=Yb7X5BSafEticdkmg+EThL5klCCsm+HfLrXVQIQ36Wdriw0d8Xa06xi5L2AG22yCx1JHUwxEdxPQ82TJm8SeuA== processed in 248ms
[2026-08-24 06:08:47] [ERROR] [api_router] Transaction payload payload_hash=V8y6aeYfoP3w60uLVSkzvenWC6Bgbf3oiRjYx/iwTMiC5/roxlvU92T8oBl0FATQAKOgwEpIflO06J+bb4r40g== processed in 263ms
[2026-08-24 10:23:05] [DEBUG] [auth_service] Transaction payload payload_hash=JSPz6TAiTcXbBUXL6ghTzbv/ripd1oSdiaQrBYZXuAUro/1nfJ3w5d8DJ2NhLdUzd7M6I8V3Hkwuim3FAzmkdg== processed in 136ms
[2026-08-24 07:31:22] [INFO] [cache_layer] Transaction payload payload_hash=kd0U3BOBxEMhcEuQ+95QGIl52hDYPoV/VeEoLYa7B4u0unlngRb9MkEVIHpGJXZ1Qj9CTjfIwtlm7W3OzoZC/Q== processed in 21ms
[2026-08-24 07:16:52] [ERROR] [cache_layer] Transaction payload payload_hash=DyEmcqqEw+6w6w9BjMUvzHJW+uAH9No+tOBq7MCtfguE4qD77qHP0hIIiwGI90gO1pBLWxuzdBWsGbkdY/jzBA== processed in 125ms
[2026-08-24 05:46:10] [ERROR] [auth_service] Transaction payload payload_hash=InD39ikEV/C6rhXlFuhXuErb/rXpe2GA7UALDLEUJP+k2f9k8UQK3JRRB+/1lzt69gUqZISsgCeSA/4RD+YxXQ== processed in 79ms
[2026-08-24 10:54:54] [INFO] [cache_layer] Transaction payload payload_hash=Cf5K76aMXcosafgdQ/lHhoQ5KmSq/VTE+Jn+WI0NecG64cvUtfwHQiYIvgRImEeEIjyhchI+iD/UBPJmK8P7xA== processed in 50ms
[2026-08-24 06:43:10] [DEBUG] [db_pool] Transaction payload payload_hash=HofELo0zQi/ZY4qGs1jZVrYaN7cWPfLs4QnSXIn1BC2LVybmciH2PdxN0Ibo/8NzA1qweleHPrC8DLLlGtrngw== processed in 340ms
[2026-08-24 02:51:35] [ERROR] [cache_layer] Transaction payload payload_hash=YbS7cJ5s6f5wqhQAzNaD9esrLVUw6gxTPE00/V5Q4Z9XTza64Y4odxSChIQ8+DT5BKjdwHc3X4QZanjJnxOxTA== processed in 36ms
[2026-08-24 10:04:18] [INFO] [auth_service] Transaction payload payload_hash=MmI+Y9fPl/jPn2LLSa9VIw+ffwKXWIT2B62enoZ2O11nx4kiLBlLukflvFma75jfDCI4GvXrfNeNdHS/8mJKuQ== processed in 105ms
[2026-08-24 07:30:18] [DEBUG] [cache_layer] Transaction payload payload_hash=y1v1Ugb+JtMO9COLZkH6epFjTr3CKPYLbGGEMrHVghSXWm/C3FWk1VLNDV8i17AzJK0F1O0S0Ce3aG/OCHGyFQ== processed in 408ms
[2026-08-24 07:34:04] [WARN] [db_pool] Transaction payload payload_hash=4Hv8M58LUW2bx8EEfq/r3YQRf7n7Ai1rv/A/zdgT58H0aaKd6w/Q/j3xNaTPXDsAjh1fA6kMsqyRhLJDD2jraQ== processed in 476ms
[2026-08-24 04:14:18] [INFO] [auth_service] Transaction payload payload_hash=oaoPofIamRS+VDCmGXXUkvGM/O3yYzyL731QRdWqt79ShgKBgD9jQntKgVXAJhIq+DnwrNsqzJvj0AFGdjRsZw== processed in 288ms
[2026-08-24 09:58:25] [WARN] [cache_layer] Transaction payload payload_hash=AgsVGBGlyDjB1y9FD8lcU/a5dXOt1FY3Ibs4MmxXXOkUFCfbSkdTxU9WdHirlxSZs4PAQvuPWmfzV/a1wv2r0A== processed in 321ms
[2026-08-24 10:16:20] [DEBUG] [auth_service] Transaction payload payload_hash=rd6uGvxBWcU4a5DdiOFKiL0VHbUarBFgwK5fREDUud7llYslYZ2fAEgiLC6ZsqIFcir4kUMY1Mlw6X8JbRYJnA== processed in 308ms
[2026-08-24 02:34:24] [WARN] [api_router] Transaction payload payload_hash=GHaU1MbOj+lr55ZHa2Jqn5yedfzHM+55OTcT6Ac22VX9GkqspoVvBoyjYatXtzVPwN9x7Jf6uAUOIXInT38i9w== processed in 462ms
[2026-08-24 02:28:34] [ERROR] [cache_layer] Transaction payload payload_hash=wAO1cQpMVDlh4fqnRQavEkBS7KgN0jbraW8KC7pxks3A8qNvw4md+54utzVF9HynerJoV15wo2uSAoP/wVFEAA== processed in 479ms
[2026-08-24 07:47:11] [ERROR] [cache_layer] Transaction payload payload_hash=F/FXLaJdYMT2OyZcHGh9a0TcO8HvzkwuvbDyF0Fk1QsKgGURmjQXT4isLWE+K9Ovzibq1TyU5VIlw7BPI+0gGQ== processed in 147ms
[2026-08-24 06:52:40] [DEBUG] [cache_layer] Transaction payload payload_hash=wlyXzToB6x5mcQgkUNr/pJ41r/iI9icOqhedMPzUKpSWQnkTQxg5k4XGU0RfqAoNM1I3Xw+U9mDRTwveUtaF+Q== processed in 416ms
[2026-08-24 06:59:37] [INFO] [cache_layer] Transaction payload payload_hash=af/MCGiKF4fppqVEEI83AEpzXNKgtfm4Of4pKzljUjQV02Z64WZfkGA9YCOGb9ZkWD9ia3lFR36tOj+QlFaiFA== processed in 35ms
[2026-08-24 09:41:04] [INFO] [auth_service] Transaction payload payload_hash=xqJO7HObT4NjwL2UwAeGa9JGKK0QYDnv6OARWD/MMs2Y2BlawRIH/aipf0kyGiav2kJNjWyhxGaMgHk3Gxd00A== processed in 23ms
[2026-08-24 03:02:30] [ERROR] [auth_service] Transaction payload payload_hash=N3GIzYhuhaePpPyHj7XqPMgB/hHXsTcpdhItxT/YjHefQTYHD1pXljKO+G+0dxJGY623Du1DWmYkqYkHxYkIcQ== processed in 70ms
[2026-08-24 07:12:14] [DEBUG] [auth_service] Transaction payload payload_hash=4BQzK2c/Q3eroUnr3uODfmprSOXrdxHxOn3s9ZRs6qzbrn2ppDK7opRh5A6iTYiGORFvQUdr2tIBG6Bo10bkqw== processed in 286ms
[2026-08-24 11:10:50] [INFO] [db_pool] Transaction payload payload_hash=JHDO7ALTzzl5iBwAbN4IOqTd2heAQyIQzPqsndMuWgxtlrbHmtF0L4z4GjKY+iRZ4Pj4EZ52xUwrHOfvecj1/Q== processed in 28ms
[2026-08-24 06:17:28] [ERROR] [api_router] Transaction payload payload_hash=aKBgk9/rmHUBHce+1FfnGJd1q8LaDfMCLkSNVIYt101uBvef3YvAg5Fm3ohkw34/DNlqKbpLAQ/njI00gfgYLQ== processed in 190ms
[2026-08-24 04:24:52] [INFO] [db_pool] Transaction payload payload_hash=WfpNimGAYRoNpO4JxKYtEmihbZlNbdJH8UCb2uW0m16rHHAlYHfyz4IJAwCtKOpiJV4hOndZFbc79lp1q5kTIg== processed in 154ms
[2026-08-24 08:14:30] [INFO] [db_pool] Transaction payload payload_hash=pCrBNzwwdD9Bt5eMbA6PBFjbKbzdN8+GHRiR06H568NFX5V+5WpOZdKgbI3XMhZAMYsl9iej7kVvo6ffUZ8L7w== processed in 221ms
[2026-08-24 09:46:42] [INFO] [payment_gateway] Transaction payload payload_hash=VmPnU/2jNcpAl+Sw/gIY7hyO/SzNQNfjoCHjQSMP1FBwmktWuAw/YLVM+KmmVk2b6JTQoI2a5n/WTRAs5tyysg== processed in 409ms
[2026-08-24 05:08:08] [ERROR] [cache_layer] Transaction payload payload_hash=f9Gj+STEtlGFgnCcg9nXdHo1ybCk2hajPZwZrwdcfk8HpGmWo/jcC9nsoB4D/ugqrxsjHzizYp4bzaEi92HnSA== processed in 45ms
[2026-08-24 09:25:53] [ERROR] [api_router] Transaction payload payload_hash=vBo37/OeuoDqTysafjLtjCPvzxNt5CLyJ5L5EAyBKnFVBu+nbuf0Tqh3u9jiTrtsuup2mqJauMsYEDXHODXeOg== processed in 187ms
[2026-08-24 08:00:06] [ERROR] [cache_layer] Transaction payload payload_hash=icx4FLkmVp3CiFtqySvCHQSFhT9FOHj7O8UCeAJrVvDkQko6Z55heh35SWnIAkrCz8TeE8fJsB8iLZz66YCVbQ== processed in 460ms
[2026-08-24 04:26:05] [WARN] [db_pool] Transaction payload payload_hash=zU06FabBQWJhfy3R9voInKLmSos00SUw1u+bZbj46h/l8vTLAVOa+3M/50iQoKdQSCWfWQMPqVAELUlfQYNnpQ== processed in 227ms
[2026-08-24 09:10:34] [DEBUG] [db_pool] Transaction payload payload_hash=XU9ECWblZJSXJAEtlV7pALcLpGU6UiQOC4nNiPn8qxpHVLy7mwe7D+SsEnsesAvBUH5QuFb37ejfpimD7pByHQ== processed in 135ms
[2026-08-24 04:13:00] [ERROR] [db_pool] Transaction payload payload_hash=Gw9+9TtmCaUjdubS520F2ZgrMsRNBSpuPzo0F9LS84515gcEX/7IzQcxvtTJ+6CvlqwjN49JeWT7yoJXHCLClg== processed in 120ms
[2026-08-24 03:38:27] [ERROR] [db_pool] Transaction payload payload_hash=7NIWLkaTs61OhIl137oDXX2THb0d36ScI1/UydgikagYiW1y1rQ7bifBj9Si6ZzRPaVJv3vxtrsjxJfnC0OrNA== processed in 187ms
[2026-08-24 05:31:19] [INFO] [api_router] Transaction payload payload_hash=uldAL2rlUQZAGz6Mx5SL5W9dXN+p1tqflbTiBhjrkAbN/j4iV5mJFQjMHBlSRupn6A5QkjvGnqGcWIj+N+M96w== processed in 422ms
[2026-08-24 05:47:15] [WARN] [payment_gateway] Transaction payload payload_hash=BBYNOQN4boKt69oQmJ/1uYY2y1mX70bHio+Uq4e9zWJHnBu66SjUIxg4ToHC0FAFKsbt2+pQ7fbH/R15HrI1Pw== processed in 245ms
[2026-08-24 06:11:06] [INFO] [payment_gateway] Transaction payload payload_hash=eIrA++tweesnGrklxJeZ+CWasy3wglx5QXfO2YeAc5JqhtwIoqpFp8n73NELGnPg7q48jwoPAoMEZtqcYIWhqQ== processed in 181ms
[2026-08-24 08:34:32] [WARN] [db_pool] Transaction payload payload_hash=l/uPD7Id9hIjVDbePlDsv/dPI0OuH+o5S5BTG0EQeqiykgvPO9t7xO6PUDfJRv4ie0rS6CfH1riRO9Dn6FiOYQ== processed in 377ms
[2026-08-24 07:53:54] [DEBUG] [cache_layer] Transaction payload payload_hash=ufLeKE35LQECP7acQpkW4AdshhtrMvoVjjbCsxPUuuJoJk/GYI7Rk//jBEknhCZvkut/oFUNjXCrJOlAVGGKJw== processed in 104ms
[2026-08-24 05:50:55] [INFO] [db_pool] Transaction payload payload_hash=8AbQq8W+9wlOYKwG6+AFosEJObOUYKWyaA0Xmi9VCp6JPrmt/u01AcBlvNT/7xGR8wfMlTVlgqyOn8qEJluKpA== processed in 233ms
[2026-08-24 06:26:15] [INFO] [api_router] Transaction payload payload_hash=9ZmmCW2tkbehCmHnzOWAI9yuqvNbMBsBY0UF18lTW5e0BA0/0tbaA8Fm9onwBznuWDqoQlu+FJByZXDnZ0PSiA== processed in 126ms
[2026-08-24 06:47:30] [WARN] [api_router] Transaction payload payload_hash=H09hea7IC+28FrvvHVB7GyktAk0L4AiMBDcBgaSwfph29Djko/ya9fgrGQKVCGQ8x7brKHn7ANEq0I89cHci2A== processed in 400ms
[2026-08-24 09:57:39] [DEBUG] [cache_layer] Transaction payload payload_hash=RZhCTvHxFag0KAt4XkogTOlwMZ6bXPZpYwgBXmmej6oRgtvcszH2Xq+e2kqjMxT1PR+/K4VN4jSBgox4fbqsRw== processed in 498ms
[2026-08-24 08:18:00] [ERROR] [auth_service] Transaction payload payload_hash=z7stVyR4gExAbFVDY3ditxsfev/zhRHQB/8MQYGjTL2W1mliUzUb+g6vqM5RGJsRawflZMGSxsVwaaoqedViRg== processed in 80ms
[2026-08-24 05:52:23] [DEBUG] [cache_layer] Transaction payload payload_hash=Ql4vcG7eYshDu8yUHt+GHsa1OFh4oZyTpadNd2orHgB5UH3BTU1Vrz2PBgvXBmVysD8Dty4HoztuErUJJwXaHQ== processed in 85ms
[2026-08-24 05:30:15] [ERROR] [payment_gateway] Transaction payload payload_hash=hvvV8B9ryT03XBN7MDmNlIKt2p2FyJQg7xGF3QWLalBVVC7zx3J7Mbzq+ZqdI9Bsx/7eaunA7eA3y/x/8xEumw== processed in 99ms
[2026-08-24 11:06:51] [ERROR] [auth_service] Transaction payload payload_hash=DOXepsA51szJq1Xg38ELPJxfYr5UnzI8MKKwyA5mjnW4TohL7cyEBoNjiMhsl+bPvi6e6VdTpNkaztZx/+WCmA== processed in 189ms
[2026-08-24 07:51:28] [ERROR] [api_router] Transaction payload payload_hash=bwT9wJNs8zOLaotOMneib2cZq2SSTEl9MMaxykod9LlTkhmE6bo38Ns8FpdTAENsupLgnVgIAktZfwc6J2lz6Q== processed in 329ms
[2026-08-24 03:15:25] [DEBUG] [db_pool] Transaction payload payload_hash=+ExWXn9ARafsxW10d+OkemWKF67izf1EO3nS+c51IXDBh7aM1Wi5f+wCG1TwT6Kw0NuK7dLVWZVlmz/VXJmVTQ== processed in 381ms
[2026-08-24 08:20:19] [WARN] [cache_layer] Transaction payload payload_hash=rgkBwwhzY5FIWCAb/1FnC8XsOo095SJTEDhZ1EPdiAZgyqrK79DRTegMGzqiW4To3orsagSw6+ChuXclqbi/bA== processed in 370ms
[2026-08-24 11:02:20] [INFO] [db_pool] Transaction payload payload_hash=dVV8TcxoHpP6L0eUUg7J/lzWiVVyI3EOzOhMYlujoIUZScYNc+dcHwdj5S+4pcCmpnVbavrRaY1n8uw0UV3zjQ== processed in 343ms
[2026-08-24 07:15:19] [ERROR] [db_pool] Transaction payload payload_hash=zMBmX4pslQ79/ggFEBCeH4jXmGbNcxb7fcjlfhPwGZWYYvjWtwnTa8vCSzkYEXYyyqAcOBxT71TU/X5cO6s9kw== processed in 122ms
[2026-08-24 11:04:27] [ERROR] [auth_service] Transaction payload payload_hash=ZaK8ZL5B7qA1whYLgAdZXiYYoEzU08IRNhcJFaacv0KpDzN1QD5Rdzlw0C/Cn6kAj/WpJp2+NYmAptaV2C+rMA== processed in 137ms
[2026-08-24 06:44:01] [DEBUG] [api_router] Transaction payload payload_hash=cRYvS2Cmqk3M0L124Obcl8rdNx0jqqrE89MBHJzlDpZsTRY+QuGGdst2FdEf66wc7cHijD644ej3fbhecJpiCw== processed in 213ms
[2026-08-24 11:02:03] [INFO] [payment_gateway] Transaction payload payload_hash=AbWs0KEPpAdZNe1AQSLgjfKpq1P+HsTGf5wLXUO+6NVguZpfCexefKyj1On65Ja7wUWh4TsW5EEVJYRezCOH4w== processed in 195ms
[2026-08-24 05:18:21] [INFO] [api_router] Transaction payload payload_hash=JYV/QLbgoV93+3/PTDlJxHnbQxoKGM285KPWdy/HIHrOYNo+pSpvJJa6kg437tuph43aOk6BDslQxwgXZ+qL6Q== processed in 252ms
[2026-08-24 09:09:43] [WARN] [api_router] Transaction payload payload_hash=iPojawhHl6LRbN3e0AlmWEFceO4zaNE0rfpqdKZh6F3P7Kvil0na5VmqNTJKkjBd45gNSMZWXPMJVU+M4sL4fQ== processed in 399ms
[2026-08-24 08:58:05] [DEBUG] [api_router] Transaction payload payload_hash=NyrevPNYN1UXCjpkEmsiwmteCmKgJa7x7Aur3gPO91L2yV33Ev7bAVNus7KxxzMwnGZdFR5eAnZdQ5DUONvaTA== processed in 190ms
[2026-08-24 07:27:00] [ERROR] [api_router] Transaction payload payload_hash=ir5Fl6LLxWSQF5w6R5XRxwugu3ooh8RTFBiwkr8EScun4+Caa8CHddBruaiVR8NawfVCkzeLHMORCd5C2mmKRQ== processed in 53ms
[2026-08-24 09:12:19] [WARN] [api_router] Transaction payload payload_hash=CAUkP+9Aj6hzyBCPMUWQbfBwQx3lpsv8Ph9tDXdZ0fOFgp+MTOwPtr1mD8NjSk64n3R3uOt6JiPFE+pCE5bkiQ== processed in 155ms
[2026-08-24 02:57:49] [WARN] [db_pool] Transaction payload payload_hash=jT2sTJlTYmU6JfBgHh6QgTZc9fEQ9yHlfu2BxC4OE5ob4Xj1p4GetnmDiiY06uNB9Mmw4vCkfSSJhieiVQ8rRw== processed in 303ms
[2026-08-24 03:48:45] [INFO] [auth_service] Transaction payload payload_hash=0wvsSNMxyBLNr0UNHbGkzEnx4wxIsR8G/L2pdbQeJE8czUGqA3UC6RpVYfsa6bClPgVjM8VnQiQd3rHAxPPDCw== processed in 239ms
[2026-08-24 02:34:19] [DEBUG] [db_pool] Transaction payload payload_hash=AaB4homWRVOzqlM1vNzZkDQWcJYT2wu7R+0EZ36XxlnriT8DOKynoRc+OS8Fay0W2PRvQBOqF7fdAQMz91wOUA== processed in 185ms
[2026-08-24 10:15:16] [ERROR] [auth_service] Transaction payload payload_hash=graPjKZ0JkCfqEbTMohpyUR+GvNMuXhWz+2KyecOZwFqhQDrTyDJx8HnYU8ufcRrEEUh1+v7FW74XyY5lZfF9w== processed in 308ms
[2026-08-24 10:40:05] [ERROR] [payment_gateway] Transaction payload payload_hash=QSq7LiwI4EQP9PePXCiBg3kyI5hYTctz6SzbK+0KUW1eArj1JFrhPg7OMzLnQ6Fg4egxNsRJpXEnlCaEwoZdcA== processed in 424ms
[2026-08-24 10:39:55] [INFO] [cache_layer] Transaction payload payload_hash=WxjKcoOpaMroti7Z3uAEmraKqB1cFwBvwR+3yunEmfCdld2GfNZE/NJIOGTeEHwlevlPPw61wo13lv/aYzU7Vg== processed in 458ms
[2026-08-24 06:32:27] [ERROR] [cache_layer] Transaction payload payload_hash=J2QhdGP1FWIue0xWKPGlPh8Qy2mxd2maFdWWy00ipXGFKEUQmyfiDD/T5rjdtbsI75+DEYtHxPpDP2QUuc9A3w== processed in 163ms
[2026-08-24 06:00:18] [INFO] [auth_service] Transaction payload payload_hash=qPv2w2abchkLZlr/1S8WQYZizxwgtJP+Miy4w8m+f/wbPInruOnOR2/B4J1MQdeAD+dmK2QUzzuYMzELNH/+hQ== processed in 125ms
[2026-08-24 10:02:58] [DEBUG] [db_pool] Transaction payload payload_hash=hNopFxFTb5iFnbOUt3JRqg2uJG5MtxkD5ebFYgU4ZXtcptuSuyBqOUdCR2wYHACmUNoU5vY4g1STStDlMuFQxw== processed in 270ms
[2026-08-24 03:00:37] [INFO] [payment_gateway] Transaction payload payload_hash=wnNbQfY6/8X8Tloy7o4AKcf6tVwESDrM1XVeSKO90DDfHk5sEq8NGOSiGhQfDTxbW5I8miXhbmD751/sAQEE+Q== processed in 30ms
[2026-08-24 03:17:50] [DEBUG] [db_pool] Transaction payload payload_hash=Ejp4HxeO0Het92dcFs+RUM8a/Zb05ONW3MbfEK9Sb0kn65qc96HyjlPXrSRbMGrsjkkWtqAta0Tuz0qlh6YWSg== processed in 28ms
[2026-08-24 07:39:33] [INFO] [payment_gateway] Transaction payload payload_hash=ZadZzR6asmWDkgYeIxvV35zwiFvKmOpkRVi36Nt5W9j9okV7t4RUkHU7rQ8mFgKgpgdwdCPEatc8x691FZd99g== processed in 186ms
[2026-08-24 04:19:32] [ERROR] [payment_gateway] Transaction payload payload_hash=J5xsJfRMuM0GL3g1qv71Vu+4hoxaKt3vum8layMNiqTdHXxSyhXEYI4TT5AiUHQQliTVbg9/tUxm+UEf4xBSWA== processed in 332ms
[2026-08-24 07:57:04] [ERROR] [db_pool] Transaction payload payload_hash=Ryde6SkjqjEhn7tSKLijEPxrbZOOTkXCUt5wuyxJH5eo+c75nrpTQ5DWEvkiudF8Ge+6+k3nTZ+O7tiQBECJiw== processed in 27ms
[2026-08-24 09:23:24] [DEBUG] [auth_service] Transaction payload payload_hash=AqzUr56TsMT33eY2MT5Ug2cNOGZg+YC46+T0OpVQwofpcyDMNT5aO2nQi6jgOSEzAAcyjk2iadM4pU60ifxeGw== processed in 208ms
[2026-08-24 08:07:29] [ERROR] [api_router] Transaction payload payload_hash=nqKBJQIfYvf0fJJR0X7ocSTdzU8y+d29w4mRYB8un3uk9vEM8ZQxRTmG7z82zJlfj7474jANfEEZgOfFGZp7Cg== processed in 409ms
[2026-08-24 02:43:33] [WARN] [payment_gateway] Transaction payload payload_hash=7zYZaybCpQddQihc/m7yWWq5nuRdJrNHAtcdYP70Zjg1qGRAKJiYywVRROA3+rRUOLXjO0ZklfYcFJIdRVc7yQ== processed in 14ms
[2026-08-24 03:51:30] [ERROR] [payment_gateway] Transaction payload payload_hash=uKDVx+85AKk5pq8VrKyL6FBTUaBzbTRwsK24JPrwTOb6UNxFXxiE+25HAyz4oFZvhVslIwM3PFmLXZ+RpUEwmA== processed in 127ms
[2026-08-24 08:36:51] [INFO] [cache_layer] Transaction payload payload_hash=XslWwaVckn+ds8T4iEeI1Py1VgXIxEGdewY5KpYyN2/WckVmSk0Y0m4wF9DESlUPyHP30EFlxBRAHz1iEU8Giw== processed in 408ms
[2026-08-24 06:10:44] [INFO] [cache_layer] Transaction payload payload_hash=kClsZUNqWUjqr3WqyXrT5u52OILUZsQERtoFGBkxzT7UkZtjeNtNYlbSgz3i0U2++CC0+CcMJVkIiX3kucy7PA== processed in 312ms
[2026-08-24 04:52:32] [INFO] [auth_service] Transaction payload payload_hash=eXSD4ExxHcwRjtInoTcsNg+Xrw9lWKtkt5Hm+42qRVKqUwYJ0ICqKlfOodL6s8z/wmjAhdMYu6CglewE3yMzdQ== processed in 100ms
[2026-08-24 06:23:26] [INFO] [payment_gateway] Transaction payload payload_hash=AVyO/C0Pfrj+DrdEQG2PT0EGG8GPcHbUBzCWnEp2WgoA4m9oizi3Vja1ob2uwVa2XigI/oLI7fm8fuL8LbJFqg== processed in 210ms
[2026-08-24 08:33:31] [WARN] [api_router] Transaction payload payload_hash=cis3kM8ZTmie8BCUZIXwIKnpqYxiApkK//v/L+dKB/uLsCyzEZu3M0cPSkRv4A5E9QdxsMePr2JOVawxUZQ7eg== processed in 131ms
[2026-08-24 07:53:54] [INFO] [payment_gateway] Transaction payload payload_hash=SwGsOGtYXAifBlw0QnsH0/tJNEAyH+oiqrR89NhwPB8Fk98Brm/ELHWOmuqoa1BumnROK4gmIEf1lbGma2HVqw== processed in 418ms
[2026-08-24 03:47:39] [INFO] [api_router] Transaction payload payload_hash=YAifa1TcGQNGGWnYHBzce4yi0JL54fWzdpuoyDYmfORWKzDiOZC9eQRh1gIKbxwZfdK9DZDVxgRKCAOCwOP2PA== processed in 77ms
[2026-08-24 11:10:34] [WARN] [auth_service] Transaction payload payload_hash=j80z8yJJv/rfLnaALnndX9NCwa1Bx3zteHvr08FfMbMsNanodYcA4hsW9ennsAAE/EwH0BGBVV81glLTgI9eog== processed in 277ms
[2026-08-24 10:31:50] [ERROR] [db_pool] Transaction payload payload_hash=lFUazl2nTezOPELyQ31XdESEz9w+AHpyX/UX4nexFoZ6/wTdQnz0U3tubocRxZwwePoOiPt+e+zw7w0blJAWiQ== processed in 255ms
[2026-08-24 10:13:45] [INFO] [api_router] Transaction payload payload_hash=DUmOP2/KoPoQXo+U6OdBPxDO7pGQAPbwZVAfliReeIKwu+TZ8tFvSu4TB8EEI1EmGP1wdVlmoQdu2mlzWe5FbQ== processed in 356ms
[2026-08-24 09:24:41] [DEBUG] [auth_service] Transaction payload payload_hash=CYOD3g7LHa3+diDyo9qoyJDa6CPPq1bUbr+0rv+K+sX0Vni67B7LFkEALBqTEx8tivMhAnD3lwY69xJ4DTxh1A== processed in 256ms
[2026-08-24 08:23:33] [INFO] [payment_gateway] Transaction payload payload_hash=UK5O3ROwjloWsJPSO6LV8A7A9sF+hMoM2AAPSC9QeYS/mp3mRA35gwp/8Q2k0z/JTLoCvF3b7z6zQhrE7BjBzQ== processed in 197ms
[2026-08-24 10:19:52] [DEBUG] [db_pool] Transaction payload payload_hash=6CYaJ29w0BTsBq/mmjsa2q6OuCgi1h9zEMIRmIpAsyomSkxrGGVp4s5SYTmQC183i/ZqfbW55BzwjAnY7H5kNg== processed in 499ms
[2026-08-24 07:07:00] [DEBUG] [api_router] Transaction payload payload_hash=NVjZUYPicfiyz7z5KYyzpYfPSCMcc3gokuZZ9k8XvqT0NBtz7/WhHIZmNx0lth/qYB0HFOg/A0rzUxDZe1Bleg== processed in 382ms
[2026-08-24 09:19:16] [WARN] [auth_service] Transaction payload payload_hash=E7T4GWprd7qyL5ijOxAKAgPQWrYBcoCwWA4mMU7DMopqFPQ8rGMkTQuwH6umB6fkodTvw+ffRR7pz5IeGlBVYw== processed in 137ms
[2026-08-24 10:48:52] [INFO] [auth_service] Transaction payload payload_hash=TDXB7OssgpUfcYpQzvHqYCwVUA8js4eqkA8Lhh8DMJWf55i4jCuEmuzUJXkgLiIXvQwUWIkKFHb2rBWYGvlsig== processed in 45ms
[2026-08-24 05:33:15] [WARN] [db_pool] Transaction payload payload_hash=3j+YracH9pcJ2d/ae1nO5SuEKkIoKVChg1d+ent2ATeyGDHQgXPAGN8cQxe/UkclOVn9dPPMATjlhfIsZ1J38g== processed in 405ms
[2026-08-24 04:57:10] [DEBUG] [api_router] Transaction payload payload_hash=/JZ3UFcuulb5464ALDqT27JH1/F2BB4H6vnLAHADP1wGnWdGO2iC5EaeURhrszRoi44ZQ5QRrBiNeir+o1Vrvw== processed in 329ms
[2026-08-24 05:52:23] [INFO] [api_router] Transaction payload payload_hash=YpmnQBFJEhNkAJBYIEgwrHhZDxDtp010poTdLZvgR97lIzZVBmVO1bJ/WMvvxq0y0YehjTNKXAf8vGO0KzICLQ== processed in 52ms
[2026-08-24 08:51:46] [DEBUG] [api_router] Transaction payload payload_hash=7mgn9X5ekmf6Jitc50CfoYVIzFv8GeP6bq/E5QAF6AVTTEBuhg8eTCF4m8SOAI5T4hliDGPY5EXSRrQAfKC3KQ== processed in 206ms
[2026-08-24 02:28:49] [WARN] [cache_layer] Transaction payload payload_hash=gmy75m6ZlvYSBVE0Xz8AkrLRPDdoD/0c3W4dIMZz2oFurSq2K1Eqy97NENZC87g6E/GUlql4AsHG2KBZgqWt8A== processed in 499ms
[2026-08-24 09:05:21] [DEBUG] [api_router] Transaction payload payload_hash=Zu3pfI5V801XZfn1KCmPlEImuqWUjzHkrvSt9y9uV0hWCeFePGRrJ/qCxAVV/4rsDQPea3Eal6tsiVNkRFZxIw== processed in 414ms
[2026-08-24 04:09:33] [INFO] [api_router] Transaction payload payload_hash=0Z3iU70bE+mWXaN2I3YOrcdaYylGEkTWtd49UtU/4mkxC97QmFZxC2JLDwj9Ow487vh+xHV+pjSaCvMq6hqKpw== processed in 92ms
[2026-08-24 03:24:58] [ERROR] [db_pool] Transaction payload payload_hash=r7q48a5GXIaG4FyLvsvJ1N16MlAjBTrk/rUUhIycH/rO67kbWQEEoEDuorxVxwL+qrbFbrvg4vvicAmMqgD3UQ== processed in 359ms
[2026-08-24 11:00:25] [DEBUG] [auth_service] Transaction payload payload_hash=Zm4QLr3I9CigKgYyLuYzhT8BHU5P7FTvq9LIgcxMfthIocyVHmQjZK8mGD4gwvgIh6SBzk14mHrBxPbs4B8kNA== processed in 147ms
[2026-08-24 05:36:03] [ERROR] [cache_layer] Transaction payload payload_hash=oSot+jbYMZizeWREXaMIk4BwjHElR1GqHN6MoIr3RJaA6lhwztZ3IBofhSYc0FGZi+gZ3teBOqcKnGlL8NnO0g== processed in 305ms
[2026-08-24 10:17:47] [INFO] [payment_gateway] Transaction payload payload_hash=SZvD7e72nfhW1nQsxtt2RQXLhNM3pbT2PeihG1FXvJyMs8gDRWqffrj7JY8xsjU96SUVqcCOmOLPJQL+J8sdcw== processed in 271ms
[2026-08-24 09:42:41] [ERROR] [api_router] Transaction payload payload_hash=wPEI5zqjLeqAJo27O/4thW7UZpOKPmLCNUDbJyfrvq+rXqIQnkLmH4mdPSfLhs2g3fzgIeoq5hlXB75cUQ136A== processed in 272ms
[2026-08-24 10:59:30] [ERROR] [cache_layer] Transaction payload payload_hash=kDNT0En4anlMM269OS0sK9dn2CiMaUZTiqIntPW6/o53LHnOL1W3873DbbDP1XeXzzXwpu2mdNFlCCRYxSj7aw== processed in 359ms
[2026-08-24 09:07:16] [ERROR] [db_pool] Transaction payload payload_hash=Tc+HF5EtKwC/VT4WI4qwzV1XHhRUa48r6iFaQi+qAh+AJAtiwoX2mMJw8ZTrd7XssSlw84Y2Jw090a9F6Giggw== processed in 134ms
[2026-08-24 06:01:18] [ERROR] [api_router] Transaction payload payload_hash=JRmoTSYhMpL+BNvD8yIcoLm8kJZAJx0pB9MLNPILfMMyrZBP4EMUV/muC1Rm53V9hhaj88eHXUyFKA1/7RdAyQ== processed in 285ms
[2026-08-24 05:32:31] [ERROR] [db_pool] Transaction payload payload_hash=WolaMcTA9H/ixE6x4s0Qhoj8lwLr9yL4yaWwsqepau5blhY6Ia44ckyizfyrSEES/dXki9PbBJb0uM3IyWrbTg== processed in 453ms
[2026-08-24 06:53:34] [DEBUG] [auth_service] Transaction payload payload_hash=izOmJagom/b+5ZnnmNC5diqQ5I54rQdBK8u1SI8fwTukz7ZhdpKSgtNSe3SADWzLqByN4HgdkeV0y+92N2jLXQ== processed in 235ms
[2026-08-24 03:25:40] [DEBUG] [db_pool] Transaction payload payload_hash=fc1nC/KKSd1dAsSTGxO9D6iWweFJJcqMWhofYe/3KMu0ixZvUkdsh16pvhGIcJEQ4XUEiSm8Fx+UGKH7cItlWw== processed in 85ms
[2026-08-24 08:23:33] [WARN] [api_router] Transaction payload payload_hash=OoRxCusDYahbiMmXbYDExWHy+/bfxmA1h8l5cdZMV0oL7PU+MGWnCJZOIj7C6g5R5e4rxStIPhTMwGVE+QNOZg== processed in 271ms
[2026-08-24 09:25:13] [DEBUG] [auth_service] Transaction payload payload_hash=m6jdaGmsoapMzbwNniL/h2NK/viIGp9xtx0NNhrGyOFZ6CESnYY0fh6HTzWKXP1R8Vw7vJCRrZYrGwVpwjHEOw== processed in 413ms
[2026-08-24 08:06:27] [ERROR] [payment_gateway] Transaction payload payload_hash=xSBi7EVE5ovAJVWaIbNbp8M4usKthPQ1eOFCmEvLYjqPKLTY4oZnjBwvqCdSScHyXqYRDyt0aubz/XTzby35QA== processed in 323ms
[2026-08-24 02:37:36] [INFO] [cache_layer] Transaction payload payload_hash=EGTZk27qailAYdzjLV8xDonOgWKQWX/AKTSILh2l2L33NRN62NBKfAXsHm5jIMb+s8JTDipcAOUjLRbVI1lEcA== processed in 226ms
[2026-08-24 03:30:00] [ERROR] [payment_gateway] Transaction payload payload_hash=syfU5qtNyESKuI8cf5B9x1TcK2+YFrdKzuYpKosyem/zejSH3u/SZStfXwFg+TSeFf8JxFsE0oOukhP3dJMdVg== processed in 53ms
[2026-08-24 09:24:27] [DEBUG] [cache_layer] Transaction payload payload_hash=gKz7duusxmtWmc6YD0kVIaeiGC9KzXHMErBiAXwwOuaQMakJ8VKGQhlfvvBxdQ39T1+JdYHZhKTVsTMbnhOAyQ== processed in 160ms
[2026-08-24 03:22:05] [WARN] [db_pool] Transaction payload payload_hash=PCo5G3Ej4ochjv6h1VKiFV+A6JgqJKYzqNfZaJ95LWDGFy6l0mclo/Qv7e9I4uU2QHYKf/bXq876RKUnUu6gMQ== processed in 57ms
[2026-08-24 07:22:20] [DEBUG] [payment_gateway] Transaction payload payload_hash=tkb4UTRCRuCnfbEOlwaYoVbJObrx9uKl0lXAFSCiTFRXrCpRr32DO4WEo3kXO0KiomjhhBlKJ9YHDgRQvf9gEw== processed in 91ms
[2026-08-24 07:27:01] [ERROR] [api_router] Transaction payload payload_hash=xJ6qPS7I1IGcQphDGRn/t+2R8PoMPaII32/M08nUl79roVNqQNi7e2mxrqtIYn2kxvfnR0e/C72hyK8LbrRtkw== processed in 451ms
[2026-08-24 05:42:00] [DEBUG] [api_router] Transaction payload payload_hash=zvA3SPV1pUemLmVjIMusOv5fp1Pny3QEsYsTrJgtpdd/cT7HTyqSlxtjxy/A7vXC5PpWi7ORCCvaIuf9HHoOvg== processed in 378ms
[2026-08-24 07:05:22] [ERROR] [cache_layer] Transaction payload payload_hash=ZEIJTtqehR4c1llsc1mtAvmP6oIQy+LUWqCDy0cNqJ2e9oV2ybwBqDJj9X2gJ+4oRm4QyS5Gx9bZCiToy1B4CA== processed in 498ms
[2026-08-24 02:39:15] [INFO] [payment_gateway] Transaction payload payload_hash=0VPous5RTKj6uyhRTnEQwAJD7XOe/z7xC0M0AQzXZ7VmOvl2HgrU85bMOo7WdcO0pGW9VO2nOXlgAhr1hgs53A== processed in 478ms
[2026-08-24 08:44:29] [WARN] [payment_gateway] Transaction payload payload_hash=a7ekYMSp5XfG0/Uk+d4UFiUpmzCc0R0Z0V+WaU2xLdMPLsOZNoaOVzSfxCnzxByqUX8IdLW7T5G5c0lckxixOQ== processed in 157ms
[2026-08-24 07:00:52] [INFO] [db_pool] Transaction payload payload_hash=9+psimKs2Z95pJaGdLrqHiTXlZsE8SG1SUVyPo4YmMIxA/VsId/l0KVnzy1fz2KJ4q4GCmzJ3eG5WmZKAX8DRg== processed in 128ms
[2026-08-24 04:31:36] [INFO] [db_pool] Transaction payload payload_hash=foyyR+WN5kOhfNLnWJldu4JL/LRFbNsAFSMnKpc+Xz1Vcb3zkYpQJfTdReUJoLGQe3ON8zCtmXaO1UA3wnxHpQ== processed in 15ms
[2026-08-24 10:50:40] [DEBUG] [cache_layer] Transaction payload payload_hash=RMy/hycaE2xEAj7TZvCDToxcfxh2JVpdis01KKgBB3wI/WeaHl0/uSQoFQnxyc9Mo8vg5wd26s+gQw/HoEBn0g== processed in 494ms
[2026-08-24 06:02:29] [ERROR] [auth_service] Transaction payload payload_hash=OlkcX/8KotSqH4YGNTO7JoMfBZY+nGNbh2yxJJZ/w5jMzJeYuzrVeaFijY4L9NHVJ6lf+3JD3Fca0TMTN29C7g== processed in 422ms
[2026-08-24 03:40:09] [ERROR] [api_router] Transaction payload payload_hash=kiXB0Yp4r71CB/t0HZQ6K6KSJ8kE3jP1iQdFTrqidr9p4PpY5c7SKZR8NzcD2j4LmNeW7OlDoDp3bWKf2bVwQg== processed in 146ms
[2026-08-24 03:22:27] [WARN] [auth_service] Transaction payload payload_hash=Pxs3hysZyr4CuHp9yGyrQpxIQ1e93yreS/zgC2Y9YFLZQLZ5DDMDwU/M9tzfsocQ0cUJ3uVeTUImmUAHeq5QDg== processed in 128ms
[2026-08-24 05:42:18] [ERROR] [cache_layer] Transaction payload payload_hash=F18967kZD51v4o4yyhFBb5xiSh5G60uEn+hqQ1VQeAWb++ln0VHhUYyLG3KPI+EAwhPhM2e0yy43fABJaL2nUg== processed in 374ms
[2026-08-24 08:23:09] [INFO] [payment_gateway] Transaction payload payload_hash=7hGmx0JXhTxKWwCCwnnhACw5eIY08n9pMce0euvVvmdHcYpFkIxlewX43rA5ZbIlO+YGGp5imaqARoGDmZOXnA== processed in 51ms
[2026-08-24 09:01:45] [INFO] [auth_service] Transaction payload payload_hash=q/Z2ExeGfQdBafTCM2XSMz9WkXs3TlCinM+viDTa6TXyHOx0Vnjl/VHSPiPPAunwISmcEaU2EwqiB4BBdBrvng== processed in 376ms
[2026-08-24 05:26:25] [INFO] [auth_service] Transaction payload payload_hash=evMyeWpSLexHcvzqlHAhciocYTi8PSIn97Ji9c1kS9Gqpd+kKnw+JlnrE4J8ck3MafN0HMh6oog++7ZPt7Z7Cw== processed in 152ms
[2026-08-24 08:07:43] [DEBUG] [cache_layer] Transaction payload payload_hash=oTwoIpMT1eYrqTanTrY9lDNVangqehrBqevw3xZhD1b7mvsUOMoA+6clxtNZBA32uxPnlZTvHjXyvhCbnmyVpw== processed in 167ms
[2026-08-24 06:27:44] [WARN] [payment_gateway] Transaction payload payload_hash=IwouQ24yNUtcYyXusmHqAox6BdgSg2LC0IwNvHn6jEuoxrhb8X7f5hsptGEfSlgI1V9sVhBijrUsVDzPsLTCyQ== processed in 339ms
[2026-08-24 06:49:01] [INFO] [payment_gateway] Transaction payload payload_hash=+Rt+YgY4V8QeVyn8Hos4G3tKHpwDdGr/C0jqdl0LL1Rg9q+CxIz83Nxm/C5Fwx78Nb2aG+0UJuCowVRBaVKSqg== processed in 443ms
[2026-08-24 08:33:56] [WARN] [db_pool] Transaction payload payload_hash=9DEfXKbXs3J2PiB2dqdGac0NAgFYhisQpsEC2Id4NvstMl3Y9IGU7oi+/0o31FPEVUk5EEmk0af9hNqF8vgYiQ== processed in 277ms
[2026-08-24 09:06:56] [DEBUG] [api_router] Transaction payload payload_hash=V8MWxAr80x9eDfkRZPHrKXL+4ICjqcNoMUf3ZdrVytulaB+bUm9hyLTi/ImpRbYf2OzwJatLiEUZLTeD0c4ZdQ== processed in 34ms
[2026-08-24 04:27:53] [INFO] [payment_gateway] Transaction payload payload_hash=Uv287Dm5nvmqxpby89SuViZVcHMrEi0fDJXZdINmRYQZUk5UUE3BlyfyuozNXdoiCk73b3y9QttrA6FXSyJSuQ== processed in 176ms
[2026-08-24 10:18:18] [DEBUG] [auth_service] Transaction payload payload_hash=nHQzBHjoFgEX1ZqruOEmjPnY3wLjn4aU1zaXJvs5iDs6oWQQtrkrvFV9FxbmPO2QaCaSfNGBiWfM6n9NwQLHUA== processed in 472ms
[2026-08-24 08:06:28] [ERROR] [cache_layer] Transaction payload payload_hash=BpU1dQ15zlz+Wgfln1GnBdfIVqvkeZng7E9IyDmYPyawH04iopAR+B4lpSK6U+tXB6RpoGx9sIHMipmZGjttHg== processed in 60ms
[2026-08-24 10:01:11] [INFO] [api_router] Transaction payload payload_hash=l7AG8vHJauo9IgrsnXVsrZYu/2fatov7vWESZG6uIDxulzP0UZpfFOx2ssKYgnFejDiqUsLroPSUmjzy8j+drA== processed in 329ms
[2026-08-24 07:57:43] [WARN] [cache_layer] Transaction payload payload_hash=QxuJ/NPDZ+WGEQHxjahhDASERApwmkGXdiZrls/4OXfvGQfcJtbYXpHbWAkVRgsY5zwhtdaj/iQZLxUSCVmV9w== processed in 374ms
[2026-08-24 05:37:25] [INFO] [db_pool] Transaction payload payload_hash=hJDj1JFz/K73VRD9OFUJxCc5cfTpXIgn11fbprtMoF38232XwTay5EQxjb03UDnc8zmMRZL7nMOeTRbl36tWvg== processed in 356ms
[2026-08-24 04:26:40] [INFO] [auth_service] Transaction payload payload_hash=fLjtzCFQWHnATBh4Dz9nPlyxM0Rb43quR5VVbaYlkgV7BP8zlOwu+UEon+qu/b3FAHu9/pwM9AoReIJGTJYktw== processed in 155ms
[2026-08-24 11:06:41] [WARN] [payment_gateway] Transaction payload payload_hash=NVYswBb2FhHC/UzaWXxBgVwo3dPaD39SzfUlG0jueJ1AuLTVw61k2jb3X/2Vm+1srzRwT1JnCNtZAYqGHXmTmg== processed in 434ms
[2026-08-24 03:23:10] [INFO] [auth_service] Transaction payload payload_hash=wMlJ3hViH/CJM07vVXQugKRUjfDN3/G6c8CBkH4HytkbqI9CZYWQCCvYzWnRiyEcCNRj2J8CRH6R/ngRZo2YVw== processed in 309ms
[2026-08-24 07:33:39] [ERROR] [payment_gateway] Transaction payload payload_hash=ociLEcOaCiOjgnurgLVLWWkPllZsyXWWIqPjA/Rp1dWJZP9zIKPdtB5EBs+cv/CgPeLl6gijjUziy5uqmk6EOA== processed in 28ms
[2026-08-24 08:14:02] [WARN] [payment_gateway] Transaction payload payload_hash=Ejtid1y2dqhZdPkMGd0zM22R5t9qkZ3fwnqlrC0pxQOgCss4UWhE80gVip54l4l7p87FI7pyALrCZqg9DlXo/A== processed in 270ms
[2026-08-24 04:51:00] [WARN] [payment_gateway] Transaction payload payload_hash=S1uUsHCV5AFiwmL11h3/GkrN2rzZqbcdikEssiihyQQkkLkCXdtfpChKh5LLIGfPPzExz7iTGrE7PUplv7gMfw== processed in 368ms
[2026-08-24 03:34:18] [INFO] [payment_gateway] Transaction payload payload_hash=PiGcbYUEPpN0RCOa0oekKrxbmPpurWhooOagzwPeythDxtNBnYfieV2KTqe5xJ8Z1CRuCpEIUmuJfioghku9nQ== processed in 424ms
[2026-08-24 04:41:41] [DEBUG] [cache_layer] Transaction payload payload_hash=Abz2z2dt2qXhTiOIssQkoT5vDuZyNbN3F6Nu/bYkkFfaLJbLEdyRfPgYQINMlw6E/VgJbtAl8YUlx9Clw8KQng== processed in 250ms
[2026-08-24 08:15:30] [ERROR] [auth_service] Transaction payload payload_hash=fcRfXncxU7qmCKy2kZ3+E7LOMhePb56FUbgyOSD8jNNsBMETTbYX4r80sqpGXDvYqsmut5i5Ges9j/5uF1ufEA== processed in 331ms
[2026-08-24 05:35:09] [INFO] [db_pool] Transaction payload payload_hash=BnTZ3brcKqESzuYlVdP4gLvZnxyQM3Gw6NjOMZ49NA7toneSOz8CHyULM4kbNEePif5rlm9TFUfiK0fYY6FT0Q== processed in 80ms
[2026-08-24 09:05:10] [ERROR] [auth_service] Transaction payload payload_hash=Q+ICfCRcOajSvam813Wv1SSJvaajxRQJsybBJckaMvOu5XPzspM5S0y6P7lT46yxSFVy+3U4th7LYxOat1aq9Q== processed in 239ms
[2026-08-24 05:36:45] [WARN] [api_router] Transaction payload payload_hash=eBapXMkUsTtWwalgfEyuvwMAFkp4NvIcQtzFfjfgz68PCzlJnyeq4D6RS+2/GRBayiXNZNCadoOQHfE56qA9KQ== processed in 318ms
[2026-08-24 10:40:15] [INFO] [db_pool] Transaction payload payload_hash=L5Nb7kl4V2RWTZY2Zah9PLVSctjLWSEb0bL9oPDCxYKsKFWQQG7X55AK09jcHzHu+3+NgodVc4LTwzObBxWErQ== processed in 418ms
[2026-08-24 04:28:00] [ERROR] [db_pool] Transaction payload payload_hash=VAIDvVLYvNAYa4iotHp7pnvCUaNnCeGlhpv72eXl77nEeg98APHm3EVz8cluGcEwAYSe3wdfYxFcwyFC519Ohg== processed in 50ms
[2026-08-24 05:26:28] [WARN] [api_router] Transaction payload payload_hash=tDmvlYGqGUYkSZmdOh4f8EZDETd1+KxpSITq0iyuSxdFNsFPPPnfu4nAGwwmmyMRJHprWSeUyDGRzXTINnU1Rg== processed in 156ms
[2026-08-24 09:54:24] [DEBUG] [db_pool] Transaction payload payload_hash=kdCTLjQ/65Su2sqST9HsnctbX/OnHk7t0C5eNOJ4miGz8NVsTf9v4LIF5Gb3BkUuNh8BrP/MZlCZKDPuQ3itSA== processed in 146ms
[2026-08-24 09:30:06] [WARN] [api_router] Transaction payload payload_hash=PMUCQeJC9tE/wJQ89ZxQgKHOqsQ/TTGre0gRMIjAtLK+BmBIUAC9ea1norj9PF432B8v42Bf/qNS5pBuYx4zXg== processed in 301ms
[2026-08-24 09:26:41] [INFO] [payment_gateway] Transaction payload payload_hash=+6FMJC+ErlnpRLh2uhEvTnHqQ9or3h5JzbX1GNIpkoeTiIi3AvevzzYUA7T3YGGP44wAIVX2V/im//i19bv6cQ== processed in 351ms
[2026-08-24 07:15:41] [DEBUG] [api_router] Transaction payload payload_hash=XiNpjyGKQ64ga1LHpujKHBqDQQR02qsDNNZTPKBEEUOUCk+qEvem1IqXhUu+gus9QxRDF1RAGuGpmsO4WWTNZA== processed in 489ms
[2026-08-24 02:55:24] [WARN] [payment_gateway] Transaction payload payload_hash=FLui+rSAN05loMQt8xxXQEGIn1QjhJG82gS+ZmPcIq+FruvT5uCsHl6MaEAt2zgVY6BJLrL2p8eh8fNXAUrY6w== processed in 70ms
[2026-08-24 08:30:05] [ERROR] [auth_service] Transaction payload payload_hash=/okQ68bmgwrpVTlH52RVmw5t4y0LwUx7Q86hsLhGOvVCjgE1NcKpcilAUDlGcD0zj2NdjM1nlSQ0h9qGDwPVAw== processed in 138ms
[2026-08-24 05:18:28] [INFO] [auth_service] Transaction payload payload_hash=b5Jebsdt7Dg/1tO73Uqjrb09q58GAhGsBQNxGvvRf69dwRzCAfHGrVsd2ErSJhqeKnmJJN30lzpPHfhVNui/iw== processed in 157ms
[2026-08-24 03:57:22] [DEBUG] [auth_service] Transaction payload payload_hash=RdhoWPqltESzBLBw6GBFf2GPIfD7UHmW7Wq7OFkHk+RYhEc0NjjV2h8Fb4Hj8cVopP+3fwBoMhTotVY9w4uv4g== processed in 375ms
[2026-08-24 03:38:52] [DEBUG] [api_router] Transaction payload payload_hash=Xk4J90SqZVhqo3mYLhm5SVsoiS6rcHo9NGaCTpwkzpUD975JrRohLBXkDzamtEK/HiKWXmX745YrGC4Li9SFDw== processed in 355ms
[2026-08-24 03:28:40] [ERROR] [cache_layer] Transaction payload payload_hash=f4e6/yCYNPHh7U/Fm4Tq9zDjwZlZC1Jg3l9toW+D+4TJLbc/5fprnbrUEDrNKuG3rIqg5j1N3+EIp1ZGBwqVvg== processed in 441ms
[2026-08-24 04:13:12] [ERROR] [cache_layer] Transaction payload payload_hash=EZphHWAvmNfAgyRxq5ptBt/yjnY7zsbuAupjQRC4bF529+rcv6/69fgeYZ76l2lhtLqyWT6hkZ1I60moMQw1kw== processed in 42ms
[2026-08-24 04:18:53] [WARN] [cache_layer] Transaction payload payload_hash=O04YH8AKbZ4b+IWlYN0rhL32I3woEZX+DdrtL9g/C4kpFhtL9Z4nxD/8NEGcBItQyQR8+I8Lqvl1Ln8SwRXYxw== processed in 478ms
[2026-08-24 08:11:46] [ERROR] [payment_gateway] Transaction payload payload_hash=QhviePfQk+6aXkxxTbClh9gzdJJC1/uFp+hD8/MVGne7mYSw/lMddknrlxyjfj2l/Hg5eholzuQve9WLpnKTUQ== processed in 393ms
[2026-08-24 04:07:41] [DEBUG] [api_router] Transaction payload payload_hash=5sDuVCpYIYKQccSHuaQxCquNIqsUDNL/PsrdhAFLN8dqMJLc7QEpVgw0xAPGfThSZI61pQTHM8B/woFn8ohofQ== processed in 232ms
[2026-08-24 05:25:59] [DEBUG] [db_pool] Transaction payload payload_hash=nK2SsdtfPJiUydj08KscKcvTfhTkXWhlkqIGSE2W6zli8yXT9pDJpzKzcvuTW9OZ7/MFsVMfSNz/oTjciifJWA== processed in 338ms
[2026-08-24 08:42:08] [WARN] [cache_layer] Transaction payload payload_hash=buYuZt/xeLqcQcuwCGdjzfGSJ33M4/Fm4e1UhP9wnVk7wilzZdOFgyGL5P3ZTeERsNzNjT/5DnhCakEmCZePiw== processed in 417ms
[2026-08-24 10:33:58] [DEBUG] [payment_gateway] Transaction payload payload_hash=ncz+Ouhrwp0hjlRkNFG283aPK1Qcc57S+sCS1fgLN8g1GJhmEPN9RsEXoADULq/87MuO7OX3vywyrCfMv3Nxxg== processed in 74ms
[2026-08-24 05:19:16] [INFO] [auth_service] Transaction payload payload_hash=5HVk1GuW5shvrgEaneodMhD4FQq5UF6cIFSmPkI+336OBj4s4Rh6y3NfspIUkhtjfazT1pUG3VYMfqwll0dH6w== processed in 202ms
[2026-08-24 07:24:06] [WARN] [db_pool] Transaction payload payload_hash=qClxu5DL+rzZtb6egZWcW75sme12OP25Peib352Mbkvvei7JVeu+CZXLnLi5Tir49Dt7HRyGqT9dKqZS9n3O6g== processed in 302ms
[2026-08-24 10:33:45] [WARN] [auth_service] Transaction payload payload_hash=PU0uhbD+Y2U7O9fjIZyigXh8b0tIOZ78mVU0NZ92VZw7GvcoqJ0eUdu4hnzBswzQDgCEylj3J3oSAp+UHlCXkA== processed in 494ms
[2026-08-24 02:49:44] [ERROR] [cache_layer] Transaction payload payload_hash=VltIKzzrTp1+lRd/+UK53AjdYHcyY72pvsEVaY1w5EMJQujyBrEY+TFvUtTtndDX3Jl7h11+9S+WCSzjeTwHHQ== processed in 226ms
[2026-08-24 04:59:04] [DEBUG] [cache_layer] Transaction payload payload_hash=5PjGwG8/SFXChkkrgOQpwB3allX7orUR0zsOg0hUz6k6Ph8yKxl3+J75aaBhVhOWvY6UF9ngwHWDEj358Xg6mA== processed in 76ms
[2026-08-24 06:45:58] [DEBUG] [auth_service] Transaction payload payload_hash=0Z2txM0WhO0T5s0BJiUrVpG5yOy7U/KUgU9/XYUWwlXy85aDDutYyMogXNbIhMn3eFMBdZLpfDXGaeEY0XnoDg== processed in 30ms
[2026-08-24 03:18:57] [INFO] [db_pool] Transaction payload payload_hash=W0hy63dtkI5+GnqPTpl3FEOQdb2u3RnhJOazQUhygXRTK8CoYGidH1vUAbRb+xLG7CqKxaocUpda3XBYt+SevA== processed in 9ms
[2026-08-24 10:48:16] [DEBUG] [payment_gateway] Transaction payload payload_hash=M0G7wBxqZTbWO9awCM8c6ZTWIVOvPbulwmEf/HeU9DpwfQ8POURKzUpfn/lchP+UewUYTHI04DA+61e0uqwPZw== processed in 307ms
[2026-08-24 10:22:00] [DEBUG] [cache_layer] Transaction payload payload_hash=v/nScdbZkR4gSax/TSqzRybhhfYZBXSp1Ob1kTnhRXsZEGZLvYK4guK4ucnnFutdKA9J5u0IC3VPFmphFC4kLQ== processed in 66ms
[2026-08-24 09:31:14] [DEBUG] [db_pool] Transaction payload payload_hash=lJ/aRXVCZxecCwVAnNULkvmUXwimJYLy8oMuQNH0rcvJ3CETcY+YJI33mNNyY7UZgzSTtClZEnYSwJn92fNJsA== processed in 404ms
[2026-08-24 07:19:36] [DEBUG] [db_pool] Transaction payload payload_hash=WkwZyZO3yU5wCGnz8Dfb6HWuaD0nNfMbu+ePzhTcn6jLpaxMTcA1G3jKOifiGOCBJKBZpmJDr4b4WnFgjBLfmw== processed in 129ms
[2026-08-24 08:39:10] [ERROR] [auth_service] Transaction payload payload_hash=cphuycetxgg4w2Q7GDOVftFqDP50tTAAAwuJOLoejCr9acy66aZJSF6ZNxwijTAfhIIGgKyyH3PSYT467818Og== processed in 133ms
[2026-08-24 02:18:57] [WARN] [db_pool] Transaction payload payload_hash=qzfcyI2myqq97XYTkZ6VaPu/TYgj2l2b7B7vVCWhdjVBkMm6rs3oBNoH8KNgjmem2YcHofIvDwS7Tn/t9lmyLw== processed in 33ms
[2026-08-24 06:57:19] [DEBUG] [payment_gateway] Transaction payload payload_hash=w2xqYz9xI7lKrG+eEP5w3HZVfPn7uD7O8O6d1jB9lMYBcvNTXX6JG8ijWMtfLcGqxHIIQAUbJOVUMZcRgcaM4A== processed in 95ms
[2026-08-24 07:56:08] [DEBUG] [payment_gateway] Transaction payload payload_hash=iv+jxxV/zEYtIvCjXREf2GGSALgsoWQysvvF21T+hIl/DseZdoezYfKrjwFWmmKzWVimVRpDfXnMba6wsR/ZsQ== processed in 78ms
[2026-08-24 02:55:12] [WARN] [payment_gateway] Transaction payload payload_hash=P8/ER5TEayzqUI2yCeMoRTMizszv7M6+G58tJh/6qq79imCk+Ja+r9a/OXdGLmJxzviq8DiMsaPTxoZLA4Y8sA== processed in 245ms
[2026-08-24 07:29:06] [DEBUG] [api_router] Transaction payload payload_hash=cc9RVBbAJS7pjroV2EG+FAEZqB4EteELMrkf60MZXdW7ctuXoSxU5E6wxLMI1lY6+qR3mY6a1oB+6oefBKD8uw== processed in 164ms
[2026-08-24 07:51:12] [ERROR] [api_router] Transaction payload payload_hash=29lA20YR0jVbWR0usq4/LvjHJ+S5SVbtt1yiUqgrMquTaqZkRTGWStaE0H1XtvOr1Meqa6ORABP54NpoW825SA== processed in 238ms
[2026-08-24 06:04:09] [INFO] [api_router] Transaction payload payload_hash=iHVIOzFh9D/MMEJ0k1+RxVxkZX3coqmtcJD2hsSs9Qyrg7oY18Q3R2b6sfWczFV0m5AYSAunQri2Ple0YHN02A== processed in 112ms
[2026-08-24 05:18:14] [INFO] [cache_layer] Transaction payload payload_hash=kOrQYhgX4oLZsKt7g/gPkqWgdyKpbvBWjaLTTpYeWvBsShGvYJvjHO0QT6catAANiTXFxwiEC/n9OfyDbR1bcg== processed in 184ms
[2026-08-24 09:28:30] [INFO] [cache_layer] Transaction payload payload_hash=f/4pgcrjogIYRIlnxHm5rePcMhM7JjVy1EUd3qQ4BDpLU2Giu052mzr7AKnX1ZoEwhEzLm12mwXpwY82EMgp7Q== processed in 360ms
[2026-08-24 03:06:30] [INFO] [payment_gateway] Transaction payload payload_hash=Cv5GI4eVKNnFzv2+cxD6Sea9suZL5kP971waCs6Q9lML5fj5mvit65oPqn8SWY5ixyey6W8NLVHouj6G5qRitg== processed in 318ms
[2026-08-24 07:15:51] [INFO] [db_pool] Transaction payload payload_hash=JygG4Rrqb/8m6NbTIWdgjJIlt+eS+Yf3bYEy8AI7es+c7TPLwS6EB0T0w36J63T3OKiH40yW0bqcXNNj7N4Q4A== processed in 445ms
[2026-08-24 10:34:07] [INFO] [cache_layer] Transaction payload payload_hash=9Mdv/NhSdkicsvi+WzNFN+mwBM6F7Jcv1n0g1Pu/sZd0EDDGMOrhwg9VfM1mFCf42a2973TUBJowDIGl09T31A== processed in 3ms
[2026-08-24 02:33:48] [ERROR] [cache_layer] Transaction payload payload_hash=84pInc7//QH0NrOjXcrzPpcQX7925zWmdyRddqnd8Ql2qHI1vlYiCDAr0uYPY1QeKQjGneC1z6fhx+CcyTVZJA== processed in 400ms
[2026-08-24 06:44:19] [WARN] [auth_service] Transaction payload payload_hash=Oz1zTeA5FJRpi5esJ+MHQvnY8y/D6DBK/DbTdzZV0QO7/PCSZk/jZZPrbPeOYcE+JuY9ukHYLp3ScdHsb5fzdQ== processed in 364ms
[2026-08-24 10:28:42] [WARN] [cache_layer] Transaction payload payload_hash=mdaCgZtc6T07Sr6Kzx7gExlO4zTcSO5Ky/fj087GPYxLVNXwk0rqV5m7/NwrlMBDhdHNiG/GvVlxA61LtM4kDg== processed in 310ms
[2026-08-24 10:04:25] [WARN] [api_router] Transaction payload payload_hash=NQGaqlYGKH0vrDoA4xVnqh3C9t2g4SpPBNeirpDd+2TiffIqkLHRi12nT0BQbKyYagYohryY5KtwLvy3meMgBA== processed in 412ms
[2026-08-24 05:25:13] [ERROR] [auth_service] Transaction payload payload_hash=I8qPK8j9t0OpkVMsx3CIW1o8qSzOhEeUB2qQchbh+X/E7XgpH9t5p+Tjgo9SWqdwPM9B/Iea30fO57wqC1U6KA== processed in 172ms
[2026-08-24 05:13:14] [WARN] [payment_gateway] Transaction payload payload_hash=3nbqkqCrZIvND/KtBB0Is6YK0i025gNeiQkukT6ThNPFoO/5oTFl4vXI87tDhXRMPjeV+NohfISgY/bgj/JkNA== processed in 286ms
[2026-08-24 09:12:52] [ERROR] [db_pool] Transaction payload payload_hash=M1wMs+0RxWuidt97A74GsORotAcUZARQm9KOTsdJekevFoTPGTILmsKP+O0V4+CzbNuUVEDdFNDpCV0AUi38EQ== processed in 230ms
[2026-08-24 06:21:28] [DEBUG] [cache_layer] Transaction payload payload_hash=jqUt2soyDFupVjenudevbsRRtK73/8b1rnlF/rf8LrDrNPfegaJ2wSyKBme03GJPfd6uh+id0FDRWQ0Q4p2VWA== processed in 446ms
[2026-08-24 11:17:43] [WARN] [auth_service] Transaction payload payload_hash=YDCO/NM4FOHFAU8BxlVglxwVqR7+7A7EA2ax8xGhwF9YcRwfuGJS2vY6NARPA73SXih2hUl4xUvHIATA+VOELg== processed in 186ms
[2026-08-24 10:06:29] [DEBUG] [db_pool] Transaction payload payload_hash=RQIRH33m+YAw0aqC3LShirnAhSnU5/Qs+RdfdsdahFPYIG1YW57Zu3DG7gIjnaHYM082p6tZtOV79oFw6UGrtQ== processed in 56ms
[2026-08-24 04:06:11] [INFO] [auth_service] Transaction payload payload_hash=VRjf8FxrXu7HCpC6Ue5eU8KGHSt982eWUJtJQ8LPe4sTwItPvx/+DLdysFD3u/D2RY6v5wJdtS/bKJWFp1cFJg== processed in 299ms
[2026-08-24 02:38:23] [WARN] [db_pool] Transaction payload payload_hash=zTW9WD1d/5NxZCPSkEApkfqXEGTRodufYD+eWcI/sjCX3RdXN11NF0ZwyibAHWrZQd9mFkbT7NfpygAzGalahw== processed in 319ms
[2026-08-24 10:03:56] [DEBUG] [api_router] Transaction payload payload_hash=tIEGB8ow/WkshvViBUpV71nXdYsEjTuzbrF1vg102Hzu8Zoa/IHPSW1nioR0pylyYCFhBSwDSzb5SOV4GD0fRg== processed in 96ms
[2026-08-24 04:09:28] [INFO] [cache_layer] Transaction payload payload_hash=6jxyqvD3cFaVLwXIACcXIjv8VcTc3Ns5xyPkkCQayUTSAjCUpQtr42uLxSiGrbEWXHmKDX5aYN9tRJUdTXhyig== processed in 285ms
[2026-08-24 03:14:42] [WARN] [auth_service] Transaction payload payload_hash=qu+nBaLPi76FbvbWUlVUXWsdaaEPaoHQEhZnsNLki6nHqtyeK0zT8OWXAwy1jZC6f0BjZdBFhSLWVrA3M6wvvA== processed in 411ms
[2026-08-24 08:56:43] [ERROR] [auth_service] Transaction payload payload_hash=C2fUvQYYNG9Qcl+IbjD2J2uuY+3zQg8hCapkSH6dtUQLMEa7cnwB3X0+mxEddOMMJjCZMt8rEWkZSOLAOlbvtg== processed in 316ms
[2026-08-24 03:41:43] [ERROR] [cache_layer] Transaction payload payload_hash=k9i92xJSZbOpSerHf2PXfbCcOSTxsiMqati8w/sj2WaicMOugXJMT+I7Brt/QxERs0uCqZx37ZhgaGi/KrP6lw== processed in 152ms
[2026-08-24 10:01:04] [ERROR] [cache_layer] Transaction payload payload_hash=zOfJ/kY7+mqs2CGnbSXgKxLZ7b5lk4HgLp8jvWzdskZ38ja7I/ETWsNi5sp/PsoUNCa4j0zYXtCw8tlyJQJbtA== processed in 187ms
[2026-08-24 06:06:01] [INFO] [db_pool] Transaction payload payload_hash=fKi2lFz0D55pV1iVLkf7BXE55llDencHcblk24jvg3REqOmNz/r6ko7Xs67gc9lw+JyK50qEpzN7a3ij3Cgxww== processed in 297ms
[2026-08-24 05:48:36] [INFO] [auth_service] Transaction payload payload_hash=4N5Q/6qKDRk36IKEQOY7hQyMF2ZxgKbHg59sjSp+axeM3Shs+syB88/Sw6/NkZXekg7hqA6/arEGbIyo6m33BA== processed in 411ms
[2026-08-24 08:48:14] [WARN] [auth_service] Transaction payload payload_hash=25aXiXRS6HndpvK4mQ/e2VtZQ5luyF6dy6m99723FcGr6HGpsipHXaEIQeaNo46mX7s5oq5399+xXzhQBv0KUg== processed in 488ms
[2026-08-24 04:24:13] [WARN] [db_pool] Transaction payload payload_hash=/v/JVgWZ54D6Fnep8ubCPp4C7/JROWQ4vR41fIqBBfoCc40yzIXUY6T7tpKCFDYdIaENDeFQIFTtixF+S66M+g== processed in 78ms
[2026-08-24 08:44:50] [DEBUG] [auth_service] Transaction payload payload_hash=bRQ4DKSLMImYdoTANSA/7UdKTpA5W954CyJpwVNLCqJNwgqvslzt6hsIrQGW7f7NcVrFa5gP86vS5euZxpsasg== processed in 499ms
[2026-08-24 03:45:26] [WARN] [auth_service] Transaction payload payload_hash=Ug7SSnV55mQB1oSF+Pc94qhcQJJBPjq1Oy8iF51/oQdf1SmCDRRArp+yQsNcQ2+0DWEogytXY0cU8qTaVCbKFQ== processed in 430ms
[2026-08-24 09:41:14] [ERROR] [db_pool] Transaction payload payload_hash=5bhom4pWxbwjmTKSPoHrfhwtu0LuBgyYtTQRiY8Buv09p6x8JaaRbVCGia5yQrwu5QzExdvP394QX6T8wXtnLA== processed in 311ms
[2026-08-24 10:21:26] [ERROR] [auth_service] Transaction payload payload_hash=C7ffzZZnWBfpT5yFVXoGBy4lWRHhAR9UT+PBtUdFzophBZRxYfxLY28bh1iugsr2cZ1rf45alcrLJptLzDmdTw== processed in 352ms
[2026-08-24 08:26:34] [WARN] [api_router] Transaction payload payload_hash=+nma7cKNxUlbmLRb7s9Zh6GZ+sxvRpjheuPuCtria2jxOvX7WkKVgquXO18G3KioouLJVSJN1fgD/anT3R8cdg== processed in 125ms
[2026-08-24 07:18:53] [ERROR] [db_pool] Transaction payload payload_hash=zzD+qKjyL3m/VUPGl1iFhip+r7zZRf+eF8YzrAqaXDAsNHIgG2KeRsv9YPThAaTdsxCNQwk7gxGn+cRzemaslw== processed in 4ms
[2026-08-24 11:16:28] [DEBUG] [db_pool] Transaction payload payload_hash=hTmcxrH6RGt5IM6ZNBN0a6qL3uW6f/Ooc0os1V0hySImAR3b9w6v+Z2sgB+JATeABRDLcTOLU6B4qGX1ZGbT4Q== processed in 129ms
[2026-08-24 03:20:02] [DEBUG] [cache_layer] Transaction payload payload_hash=jAJwzq0u+cdppkUnruIOy/NIzcYrpUHPaCCWQxZZcZYqTIbyGVa0HpICspvOF+8iFfZ9FVT5FhylvRoVAc+TSA== processed in 330ms
[2026-08-24 09:05:19] [DEBUG] [api_router] Transaction payload payload_hash=eQGLr5Kt2jFYzyYPJg9uH6ipX5xYotF5q+Fl9Tj+seuPBq8SOp6js4RdUKrd3+qy0gRZRbTix82xsRZCryXerQ== processed in 430ms
[2026-08-24 06:28:51] [INFO] [auth_service] Transaction payload payload_hash=qj0Thd5vDggJP5J4lWJrkXXC5ncCPI/+ONVaFsVh3CqXUzSKf1AHGXaW+oLa2MmGFAf0ed4rDcA4GqD48PiVog== processed in 332ms
[2026-08-24 03:22:58] [INFO] [payment_gateway] Transaction payload payload_hash=bVZB4mmyPRVKpny1AxiL+bDwlH6HeHoTfrAmq2+5uxpty8TdaZjO55jBBOkhWpbdL/yJPs47D1dafIxAtt/y8w== processed in 230ms
[2026-08-24 07:26:38] [INFO] [auth_service] Transaction payload payload_hash=oMPYzaT2wA+L+WB3BUQbA5+x0Crq5NzHGYg84pNf3DhaFJuj+pnxGcB+TTdkf67GvEAmM1BCz95+nmc/LdxSCQ== processed in 193ms
[2026-08-24 05:20:36] [DEBUG] [cache_layer] Transaction payload payload_hash=iBl93OqLEbheajyHCeS2uA7pBkIAsVDlQChGXV6zKKmdNiMnzLJIwaty69MdZP+qlmhUtHFdiLMrhpuNqkg3Ww== processed in 93ms
[2026-08-24 11:11:05] [ERROR] [api_router] Transaction payload payload_hash=sGy7VRJPMxvVaTJbEzN0yQeEDpdMCGHgiEapnrwag2ot3TOAulJT0RcBUQM6bD+6iE56kTMJ41mUg446FUoSYQ== processed in 89ms
[2026-08-24 02:45:17] [ERROR] [cache_layer] Transaction payload payload_hash=IjdYpVr+gSa/7/nWkPk78A3JR2Z9fyOwbxwBRs5Z+AmoW8T8q1C4Akdhn7UzcN6aHjL/4RFXRDUmWpr3G21wsw== processed in 310ms
[2026-08-24 09:32:21] [WARN] [auth_service] Transaction payload payload_hash=NrWmsUyBNrETC5Id2YCniyFu5XQFWPK+2XdODwcB2+AhZdjyvDbRRuKJYOzXsucGu3s0HyhwypZEFzwo3mCQFg== processed in 232ms
[2026-08-24 06:03:53] [WARN] [cache_layer] Transaction payload payload_hash=Myt+z9bp06jf4dfZB7lC1oN3L5L7WUqPcfST9b1FfSRvS5bTxG+mhlml6+g813hyPYaZHc5nhfTPzRKdj0Cg0g== processed in 272ms
[2026-08-24 02:38:18] [WARN] [payment_gateway] Transaction payload payload_hash=OGpMPbjyd/6ffFjsOBXte95DSt0EgVYacr2RTqebuU7FhoneKtxzXqPdylvtGdDQecmS5yoNuyqYXXq0Qo3qbA== processed in 212ms
[2026-08-24 06:52:28] [DEBUG] [cache_layer] Transaction payload payload_hash=1bEY8Mh4N3RfNvgUCe2aJ9ioMIP2X6YJkNenDybisidRvhVW0KPYEp7/Ct23ONiv2Ca/yxTMjlxUdfj9+6SYJg== processed in 377ms
[2026-08-24 11:03:44] [WARN] [auth_service] Transaction payload payload_hash=lXYhXZ2N4Czq/HdSaRKYj4ZFnR5+0nh7Kr5TC11GVQlsHZuVBXMfhHA+r/tZXa8Mz/ye5f+pBIIyP2UqXlylpQ== processed in 175ms
[2026-08-24 03:19:11] [DEBUG] [cache_layer] Transaction payload payload_hash=WXTipp5QXCD/6HZLzT3ILbGIwn7+OaJpM5/uib2ZevZEWKNMnYgmrP5bWd7mlW43/itiwKr7Vifj6uqQHEXgvg== processed in 277ms
[2026-08-24 06:42:24] [ERROR] [db_pool] Transaction payload payload_hash=1YSDKJWmGjC4lJW9Na5HGKGJE7OY7RDqqof86dmgelwSYZe6gSN9GU8l0qmCVq4/CkxtS7nZlbjIY1iQOfsy9A== processed in 72ms
[2026-08-24 10:11:35] [INFO] [db_pool] Transaction payload payload_hash=P2S0lOqhZWwj4fnQo1nvBMqiMpjvK95HS/ccXjgv13fFjo+r7ho7WoYCwhcqYV/RtHQDqi3O36kuisb4saP6rw== processed in 370ms
[2026-08-24 07:07:38] [ERROR] [db_pool] Transaction payload payload_hash=4Ufyt4cly/weMIbMtCUPe4j2FvDW9bxKm3DgaCl11ziBKzSLwVgz0Z9mpGAgajDiBSZ/8ILB6bTdAvk+98BT4A== processed in 274ms
[2026-08-24 07:44:38] [ERROR] [api_router] Transaction payload payload_hash=H05qcj4aBvenMfL6o5mMG15BUgQkjV4wQynWuKMBr2RZd9kboaYo/Df1wZzTAHabdGd9E/PZBWbpHmUiUn1tYA== processed in 398ms
[2026-08-24 08:04:37] [WARN] [payment_gateway] Transaction payload payload_hash=WJMqeTHVB2HsjQyS7QVcgLM0ilffLprNvoRO/btZUus4NG/WLjF8Bjw4zwizoRyCnZfwXJwe10A6FSDsz5QTUg== processed in 75ms
[2026-08-24 10:20:27] [INFO] [db_pool] Transaction payload payload_hash=lbCPorki4Gg611YS0uqXQYI2n4udg4BxlB6goEiywwlj+IS2q5jUZNTkWsfliVHgVhqDaMBpBEVvGPuGN/3evQ== processed in 490ms
[2026-08-24 06:45:15] [ERROR] [auth_service] Transaction payload payload_hash=T91qr/tt5MquUD7MQxHyDAMVE5DESSjJj1IkTR3cfA2iv76Q8/OGZGDluB3PF6ZSEk+98QNANHDRt2ddjSia5w== processed in 415ms
[2026-08-24 07:29:19] [ERROR] [api_router] Transaction payload payload_hash=k2/mn2TzRrDModJwoKAvGGzEuTK0pk0H6/vNyBbEg+S0Aa5YK151rr9C2/agWhCTbj0qNG0NKzaahbG6I7zoLg== processed in 240ms
[2026-08-24 06:21:38] [ERROR] [db_pool] Transaction payload payload_hash=9YKTsJUKG3p4UaTYVTTBkVV7/N8M51vEuHRcF2EvW95kGQFTXrkoHA0QZsnCaozXE5il6z99D4b2kgoPnwPkdA== processed in 34ms
[2026-08-24 08:31:34] [WARN] [db_pool] Transaction payload payload_hash=vhl8+93Eyiw/Ir194SLv5A+txTP7QvrROTcnsVtjlBgYw3kXs1IPYaG87ma2xI1NXPt0l3B+yiwhJsINEAn+7A== processed in 99ms
[2026-08-24 04:56:55] [ERROR] [auth_service] Transaction payload payload_hash=s6miQLcyoe3RgqlNc/obqU6b2u33LIKIX9IAbW+kLODhQ0PNxJ4qsPCTddKKJh0o1qNeIazAmCEqkWV1uOTZEg== processed in 414ms
[2026-08-24 10:07:35] [WARN] [auth_service] Transaction payload payload_hash=kVAGVl5ngy9MU7yp8QmSS8Buil4jj1PeqgMmLggd7R+//3g5DapQsJoYqGH6HFsSw0jU0gL/4z0b+c6py3tmbA== processed in 247ms
[2026-08-24 04:57:36] [WARN] [db_pool] Transaction payload payload_hash=KZtYrPhmv9Qs0ZR5vt1fg8c89vqlRe29pZu4d1yG5X8VNe/a93CwfC/PzR6hj5hl/eGcDIjgDO91ujUIxuy4lw== processed in 95ms
[2026-08-24 07:11:21] [DEBUG] [db_pool] Transaction payload payload_hash=qWueSGTMzOcEnSdEqM75cafC04EJdC479OOG+mTdBjvJkoIseCSV0S+ZboldoU/dH6PPyEmpzNmVNpKyPpxSaw== processed in 148ms
[2026-08-24 04:03:23] [ERROR] [db_pool] Transaction payload payload_hash=bKZ+GjbsGbtAaHkaMnU/PeMinJa00xmW0zdK4MnjYYDV3oZqPiIYpC8O0EbbI0NZRhTenTtzqKDUCrVBKdLg1w== processed in 292ms
[2026-08-24 07:52:18] [DEBUG] [payment_gateway] Transaction payload payload_hash=gBa7CbkFrw9G4+nBJOjru6Q/rXOXVwtxAMtVEtL3CJfo4D/Z9nPbdx4rVx2f5qNJDzSFJsaifxZao2ZhuQoziA== processed in 495ms
[2026-08-24 07:14:43] [WARN] [db_pool] Transaction payload payload_hash=15N7Vjp6yXHJGlcqWZN+Ps2SHnLiQhPE/j955jejXB63j5FzTnZC0jCCgtg14NWLyrfYQQUe/OtdvM+beVlKnQ== processed in 311ms
[2026-08-24 09:38:41] [DEBUG] [api_router] Transaction payload payload_hash=TXZ4rjIsyNenv6i4Ykv+IPFMiFviU3ZaZQyKu2UylOJCdvqfwIXO8CzKe6Q7BaQfLH/KwIS29xVy5CZAZ39TYg== processed in 427ms
[2026-08-24 07:50:57] [ERROR] [auth_service] Transaction payload payload_hash=D3rQWdEH7vfQpzdIcGZGq+LHfC9HeRk/IhXk2oMzxMTsbnJTqbzRtB52NpSC9IjyapZdn+HUWIdhS73IBJTrOQ== processed in 380ms
[2026-08-24 06:07:08] [DEBUG] [db_pool] Transaction payload payload_hash=uJhZp62mBSkVFkPAjNeqWFaRcUjAL8UVM89C2TQNrR+uYMW8R1lohpdH2VcMbcODp78IEHLZ4I1LLEv1v1K6WQ== processed in 215ms
[2026-08-24 04:29:21] [INFO] [auth_service] Transaction payload payload_hash=ELCDuW3IfPabqxxJ1SFyxrnFaphiKlRLLzB8AwUqB8o+uWOt9fwOlT1Iq2F4ZSQdst3xcb31g2Q7s14Y9NIniw== processed in 359ms
[2026-08-24 04:30:27] [INFO] [db_pool] Transaction payload payload_hash=CpcOndQX1OJFiUpvN0y2dsRws7uOVWwmAzshZ/UJzz/SiYOf+oNgtxqvIAsl3ERUeRy3MlRrCGwsNYllGkG4ug== processed in 323ms
[2026-08-24 03:15:52] [ERROR] [payment_gateway] Transaction payload payload_hash=QXZ3fGhykZhjVBcgbZggDDh1jlFnMBBuXNARZQgmmMg88UbtugbcgqQ1vVzl11mjPjrqanzl1iAgIN5JYL77Zg== processed in 70ms
[2026-08-24 06:03:38] [INFO] [api_router] Transaction payload payload_hash=Jtf6ISGZa3JEZUD9V04QbsmsEIHe+wNd1WSKEnk0MaGQZvDwO5dwlNVx6D9/Z93F9YAvulLeYjGBTW1svOB3LQ== processed in 334ms
[2026-08-24 02:32:30] [DEBUG] [db_pool] Transaction payload payload_hash=LeS8uAnEo1Pb6Pau6xlK1hA8jVdJwB1VGQhvBufAxn78y+q31OeynM9whZQRr8jE2XLrKJT3juySiZ71YYQm1A== processed in 124ms
[2026-08-24 07:22:31] [DEBUG] [auth_service] Transaction payload payload_hash=3qoOqHNx/iaS4ZbLf6EfVDDM9ntY/aqEDoEVJtZe7VKRF6bX4rAYrauDXwUkAJxkvPYeuvD+8voT64pW/osJlA== processed in 11ms
[2026-08-24 08:04:30] [DEBUG] [api_router] Transaction payload payload_hash=G7Y0Ojqe6WPmfBu+3oP8p8AMiW/DLH/LMncDDbfJuXJEv2TclPrPyEDcz8ryz4YC4R51tQJzNwpYjTNit7DqOA== processed in 333ms
[2026-08-24 09:13:58] [INFO] [auth_service] Transaction payload payload_hash=2Kdr1S//85NIeRK6GL8JdY3xUEYgR91B1mXfhFMcU2bspAlpN0+ehKSV2v4PIOnYuKcArG4Dz3m9kwQL8IJKMA== processed in 428ms
[2026-08-24 04:43:08] [ERROR] [api_router] Transaction payload payload_hash=1Xs/MwWaEOWlpSiSEpzaNCJ5kncO83OJ7pg5s53ZooTwfm796HoKGn9i3UWHhnavDo5lFcQfcfhROE3rVksvEg== processed in 424ms
[2026-08-24 03:26:49] [WARN] [db_pool] Transaction payload payload_hash=z9SgZiARTk/3+/oJCno5f9W/x54v4f+Ujx9juMPLT/LsfXqW0xTK5JKgnxAeSS/xn/6Ob379PZu71UKzpHQHMQ== processed in 398ms
[2026-08-24 09:58:18] [DEBUG] [api_router] Transaction payload payload_hash=scFm4jk6QscDdUFq4SSiiUzQlW5Z2vgDf3W0UXNNV0rFiwEH3pQLAIL3/Blq4n2rwMXC3zxIvK+nAElS13acSg== processed in 239ms
[2026-08-24 07:19:01] [ERROR] [db_pool] Transaction payload payload_hash=zJCxpx8i/IY8HU6K52k7gzStG4y+DW9WjRMeT3WdEm4g5xXcautxan8PRofQv19URPMFMryO/O66n14aMpnEdQ== processed in 153ms
[2026-08-24 07:56:27] [ERROR] [auth_service] Transaction payload payload_hash=+AXXvj/hQ9Fno+PjZh3t/5pKzwwUh+r3dOoE0VvqPBnCo8u5y7t1pirpKYC34jIWrJQhCubOOQ9ou9GXuncL4A== processed in 297ms
[2026-08-24 09:10:15] [ERROR] [db_pool] Transaction payload payload_hash=wGu25CjVLCEtf98Zc3ag7XlSwLFnv5z2OE1FaFtbgmY8mHjQ7JPucINAXeleYIK0c/vUVtgNc9KD/7IhRVN/fQ== processed in 264ms
[2026-08-24 10:57:48] [ERROR] [cache_layer] Transaction payload payload_hash=v7aNGpUziBq1m5x413ZkuEHASB2kRgv8OxICyWanwsxUbBUyGsTPhrn05uXlx4T8hk9vZdjjYOTrV7/zqnNhRg== processed in 100ms
[2026-08-24 03:48:59] [WARN] [auth_service] Transaction payload payload_hash=anuC1RuNik1SkD//gAZiX6L8TTUk77nf22Dvii2dasuGE81lPpU0XcTJHd45XGGIHwVK73CSxud27lyuus3SQA== processed in 478ms
[2026-08-24 07:11:17] [INFO] [db_pool] Transaction payload payload_hash=UF1GMBkObnqZ7LWOZmx+jCFzBkcJlRI8qDrHYqLlXx0UTSocboB/bLU5HZx8dVz4CzqmuKuqIsZyobJ8t92OCA== processed in 17ms
[2026-08-24 07:01:52] [WARN] [payment_gateway] Transaction payload payload_hash=8zM5zoQ9MjG/JLFe1yY949n1lz6qVXgKpHjlIxLIUjq2dtQvI722lruMr3Fi+pgNlm+w0kBasevQFPEW9tdrpA== processed in 21ms
[2026-08-24 03:05:13] [ERROR] [auth_service] Transaction payload payload_hash=zBmVY4pehHVkyJ6wqt9LjFVziDn1uUXKo8W+FUdHymfoJv10RQHh9xtHOy/hcdQGoSyRSXUPUKaRGitk04kMyA== processed in 146ms
[2026-08-24 05:19:53] [INFO] [api_router] Transaction payload payload_hash=VQogpwGOqGlfs7dmw+aQlnX0qMmJlV/gf3ntLRFfPP7MgYfF+wdikCbbTTs8jGyxbNi5xAQMxVvA4icW0wg6PQ== processed in 282ms
[2026-08-24 03:09:53] [WARN] [api_router] Transaction payload payload_hash=UTK6i3I1dYCDUzKy/NiBC5klqj4NChhpvD/iq88jHU+etKFRV3b73AztwcgZIpIFYnJrU81XMuNmX7mzp41nCw== processed in 168ms
[2026-08-24 10:10:09] [INFO] [cache_layer] Transaction payload payload_hash=B2qerde9QSZLBKYk2YBIU7c9LuTYWb1463WzYjsqGDqSUnQCVHTKhyuRI/40Lob7UDl//7BjyVwPOezETdKTCQ== processed in 8ms
[2026-08-24 09:49:45] [INFO] [api_router] Transaction payload payload_hash=U0uajAPwVwoSRotdQ3rHgCfX6BliaiVqmvag/wHlqNCDq85njA+mLwL97POoJsIqGAfZI0/gYq96W79hjpxLQg== processed in 189ms
[2026-08-24 08:23:54] [WARN] [payment_gateway] Transaction payload payload_hash=Jv3H0ZxcW5wp8VUAItJmWqz9wyRdbuL9Sx9qhMldnsS+L4eX2L1F/ImfM314QJB6jiTA8zRklG0qxblb7m4TrQ== processed in 172ms
[2026-08-24 09:41:00] [ERROR] [db_pool] Transaction payload payload_hash=F20Z6f9yZkly4IkJP1nIh5Rc5SX9jSboyQtQErw9YkWKX+B9Re1eaGKkY+WwUzsLI3ufNrTzfJYpnSEhjq0h/A== processed in 189ms
[2026-08-24 03:24:01] [WARN] [payment_gateway] Transaction payload payload_hash=h9TYRZTBISsOAjkmxTOfQT7Hq1a4L7rq5nrGAbqbDX4j2kCyTMeGqhEHoyx59wxWZGZeT+4Z/rdIs47LICPZXw== processed in 58ms
[2026-08-24 03:58:58] [WARN] [cache_layer] Transaction payload payload_hash=h11p+MX32+575ZblEIaB/WL+wvBbPrv/114DZi8DYsVUI1Cpx5KBSEBlYIWz/eddDI0d8n2/iljxouVE5U+A3g== processed in 27ms
[2026-08-24 04:47:05] [DEBUG] [api_router] Transaction payload payload_hash=v83tbQxaKdiB96FJhKZbHUqq/JBkZz9f/clYpyyBO2AtxBdA677Djn1I5zWX/qBPFF8f/hZYlPQvlnnhtmbrCg== processed in 498ms
[2026-08-24 10:58:53] [DEBUG] [api_router] Transaction payload payload_hash=01zDZxSNsBoS1aTpUm+RRuBYcc5Y63576nxgiY2M+q3MMk4+Aq4xNjRijwEGppQbtGMipraKgQNV1rw/DkFeyA== processed in 137ms
[2026-08-24 04:11:01] [WARN] [auth_service] Transaction payload payload_hash=bX66hlpanX7mWvUj1LrCsQ6bYTRw93Hjna4HoGHb+3ArxHc3qZ7Ko7iCp7ILNwDYW8jil0CJLR8KUQv2z4dqGg== processed in 97ms
[2026-08-24 07:36:29] [INFO] [payment_gateway] Transaction payload payload_hash=YhT5GMklQ5Ei8CZ6PsaaLAFgL2FmG0fTrgRMNwUGiBnO4Q3Pk3X9N7usUEzIU0rBJxKYBEkunaQgamnpf8TT+A== processed in 425ms
[2026-08-24 11:19:06] [INFO] [db_pool] Transaction payload payload_hash=cXWwL8XkeZ9k9dK5Mt+Er0veCZTLRhrAwUvdKbpOrmhMvNxcjxgYrypRDpoyofSzcbCVc5QNYzAEvX2LcP/TXA== processed in 462ms
[2026-08-24 09:16:50] [ERROR] [payment_gateway] Transaction payload payload_hash=76L5uBK8fSj3IEWeYG3mo1Xukv/9oDzyEpatCwYYvq3DpmxfVv4D0ljeKdCnREOy9R8un/7Ew5lPib0fMByZMw== processed in 425ms
[2026-08-24 05:50:41] [DEBUG] [payment_gateway] Transaction payload payload_hash=/Db6WujxPotkMWtUEaUyyY43zBtDDbaRwkBTA7q8KN5xm+eMZROhcmyEQyIdB//guynWoYW8aN/PFLkg0jR5NQ== processed in 276ms
[2026-08-24 08:13:19] [WARN] [db_pool] Transaction payload payload_hash=9SBCtmzoEZGAmQ+rtQ1OvtamMUjkbfsO3w/BI9CszxkUAW59kb3f2kGSmyS/jzNTjEw7ShBu6gEmA5M+qq3l9w== processed in 421ms
[2026-08-24 09:26:18] [ERROR] [api_router] Transaction payload payload_hash=a1s1pXTjHFnuF07XN0hFQcDwXWycY+15ooMaof4HsowZpz6HL5JPlfkZa2WekmQ90jNuHiJcgy0/mWj2d+8t5Q== processed in 238ms
[2026-08-24 10:02:09] [DEBUG] [db_pool] Transaction payload payload_hash=AKMULSUqsrEVHLabvSQ+/cDKA+n1gzLFoJgam8UgAINY3Ssy2veC1LuuIHmvujU2MjUbH8Psf9c/ruXaBOt/kw== processed in 167ms
[2026-08-24 03:03:53] [ERROR] [db_pool] Transaction payload payload_hash=vhqMjXz4CDgzXljdROrxmxgQ3GmHVTqQ74kkVPAJyUQtJdixa1+K+lLmTDf4qyM9lRe87qHNYQpK6CAoC4eyAw== processed in 202ms
[2026-08-24 06:06:07] [DEBUG] [payment_gateway] Transaction payload payload_hash=eDFk4oNKVpBN0o5x2SI5sf6usfpf6eT/nWMugRMhcC1ViJP7MvlqpjGAiHh4ZzToILfKapB9ozzYVH+07AIFbg== processed in 245ms
[2026-08-24 02:44:07] [INFO] [auth_service] Transaction payload payload_hash=IA7GYaEPxJ8/cx3Kf5gIktj08TwAS7W15AKPeLjwyuHdL2U7cM8UmraYPTlh//MUkAGyrztm4odqnw5B5qyhXQ== processed in 400ms
[2026-08-24 04:31:26] [ERROR] [db_pool] Transaction payload payload_hash=W34ZcdHt5HmXrOxoPXYdU1CcI2gyy8rHsuMKTUd9epTvmm5v+Qg0hfG/M5wXS2VL0TRQFvKzkvNtr+7yh/f6vw== processed in 367ms
[2026-08-24 06:10:03] [WARN] [db_pool] Transaction payload payload_hash=BFszWJf9gw0unE5Lo9ApngOtVfwMgB/gfSKmxNwBlJ6GXu+LZlylxYfDwZaFEgd2l0YGXX65VoTcUjnwoi/GYA== processed in 329ms
[2026-08-24 06:34:48] [DEBUG] [auth_service] Transaction payload payload_hash=PxTdErUuKh5nKl16+l6LJzY+xlItPt17u8Wvc7I/7v8YVQRqudnIkHygLV43yEoLJpr5rKNJCb++tP8ynzph7A== processed in 304ms
[2026-08-24 05:11:45] [WARN] [db_pool] Transaction payload payload_hash=BR6p1Hxtw4U+l9Ie6Tw8aqfOX23vf36cUKl/qLkBg0EBvo0FiAsrtmA55zTEsWu+GYbUvhRE4P/7wTm5k6FPjA== processed in 64ms
[2026-08-24 03:05:29] [ERROR] [cache_layer] Transaction payload payload_hash=6+J+pUgWfuUJBv4RtXvvAwyCQkfqBCsJpTkEQhPsSJ/nH/ZZ5BmGTGKbzpkBV9G5VPC8V2fKmXpADWmzfkixmQ== processed in 40ms
[2026-08-24 06:50:15] [ERROR] [auth_service] Transaction payload payload_hash=a0WFPPKcf5rJ/f/HdrArPsXXqneQvHq3igLIAfC+DQA2wSTa8aqbNNJDyjOXo+5ET8Lu104iD20M+zrwnfamEA== processed in 141ms
[2026-08-24 04:04:47] [ERROR] [cache_layer] Transaction payload payload_hash=7URNhr7xNBv2guTy8uD/jzsJ6bpSQUtGrEY4QdtF8nB1hBzJm81eHX5SpMWX8Qa+izwUIpdUh6nvMWWL55QHFQ== processed in 324ms
[2026-08-24 09:04:01] [INFO] [api_router] Transaction payload payload_hash=RFAIOPyMcKbxXiQK2J1O5e3Oq9hS5dgfmdMqZz8T5fAvnY9sxrLmKxcjHVe42gLGnTjbvLKbKJQQWFi4vHxemQ== processed in 80ms
[2026-08-24 10:39:58] [WARN] [auth_service] Transaction payload payload_hash=z5sp02f6cpFyyLK1PAZ3HGpit1hxG2DoCWs0QGPQgFcXnt03hWkFgyqRP1rAtfbVCwUdfYI7T7t857iEWCJhkQ== processed in 113ms
[2026-08-24 04:04:53] [WARN] [api_router] Transaction payload payload_hash=+QZ/VzE7owxYqCXFW//8NmCzOwPB/EKuD2y2ZEz+/aDMOoThfn3l6+MoTyTSTbR93y1PpGs1Xy/7T5VGg2ohQQ== processed in 412ms
[2026-08-24 08:44:21] [DEBUG] [api_router] Transaction payload payload_hash=ACGPZqpm+8axdz3znNrBXxwT4NlaXdJdo9MKEawu8+8DdHa/Itn0zcwj97yagBTwoY0c1Cz7QF6hmdva1CtZiw== processed in 100ms
[2026-08-24 03:02:31] [INFO] [auth_service] Transaction payload payload_hash=aEr6lnO3/n3e/o6zyizRoCABfu92/JN1gBQkXdP2TC1CSwn1IxiXB7vCDlqHV4WmGBsvi/WpN6p4djIC5DqMgQ== processed in 74ms
[2026-08-24 03:08:45] [WARN] [auth_service] Transaction payload payload_hash=YmlqS6sAtLHOjirrM0YQ3Fd/Css3niXvM2pM5B7XgZojbvVIdfZ11YRXIusK6hCc+ykvTFBUFM/JVpDuqU0EHw== processed in 132ms
[2026-08-24 04:39:33] [ERROR] [db_pool] Transaction payload payload_hash=PUgtJGiuPDQ3cGZQYpHVJ9Foc6mS7Rwa9F0/cug+Gvx/4I5oYGdOYkgWhZvl+R7RzsWlrA4n42muBntKxUQt2Q== processed in 37ms
[2026-08-24 06:01:30] [INFO] [api_router] Transaction payload payload_hash=D7AfoDLm6TuNzUGc+MgTZHbEhozZjKaAsnaB4GFjCtW/IAhf+rTQ0xoxWJUj/0TurJ77S9wvQe+ZvVwwa9ssKA== processed in 139ms
[2026-08-24 04:43:34] [DEBUG] [cache_layer] Transaction payload payload_hash=eNRHwL4J/3ckP7xH118TdVsOOLwxBA/B79IQWpF/MhQ+JlNhpwBus4izCVBYxuhd6y6QKTMQ1+tHhjBFbyb8hQ== processed in 297ms
[2026-08-24 03:37:18] [DEBUG] [auth_service] Transaction payload payload_hash=Bpb6SNuuNVdebA/pwU10Wno+JWKifE7NegUPsyCptIzVN/Ao2lgIkpASU6jA2jUOf1MDm774LNJTesyhR23h2A== processed in 40ms
[2026-08-24 05:18:24] [ERROR] [db_pool] Transaction payload payload_hash=dVbx0dfSH9NfQHxJTH1mMSOyTFqyLfXBTqzuBXsx4RxQEpo25O5W4eXPYGFApKOF2YhGLn4VKFRiu4Durk9nXA== processed in 360ms
[2026-08-24 03:59:51] [ERROR] [db_pool] Transaction payload payload_hash=t+qf2jXtyvyKJ4kZlbA6f1nCaXZ1RadN6wvy3/5Yyu/fnWnOSZ38Kvd+yeLm/lSG6FkD4aUMV8VJ1NzG3qb42A== processed in 288ms
[2026-08-24 03:57:11] [ERROR] [auth_service] Transaction payload payload_hash=xIaau9K4+m1fn9XrxK758EiEcJcxnH+1XhSTKdkUvjtkk02sekLhLcuo1EDQFWZx8G2Ue9wIkZG2cUo3OwpbHQ== processed in 145ms
[2026-08-24 09:18:08] [WARN] [cache_layer] Transaction payload payload_hash=rKFzNGmqMcAe16gL0jOGPMA6kzbEVlfS0AdcPetsVKnTiC3LX0GbpRFh+7xrMK5Cd56ifwBnagJrqaY3pdVUuQ== processed in 233ms
[2026-08-24 04:30:26] [INFO] [cache_layer] Transaction payload payload_hash=UV2PlObmnRFRA0i1iGKowHtt6LKEGMzpeDc0Vo6AFP4hTduL69uNj9kgJWZK+kukg9zAn/gUpdOiPcWuJSi5oA== processed in 420ms
[2026-08-24 07:41:50] [WARN] [auth_service] Transaction payload payload_hash=u5pLl0OMCM3Ac77pUe7k9YvNG31hgEtBjYSE5k2Fy2O6E4MbftX4hhqC3hBpNNAnCHFUAZdJwRcfkDdQgDkLtA== processed in 144ms
[2026-08-24 08:44:55] [INFO] [payment_gateway] Transaction payload payload_hash=ptlPzgiE+icY+/5+dcrPfp6Y19F078z+fPlnsd2ZM6kfkcpMYw+1uyETWO1Zy8AidC2rL83olofwfTDY8ZHWkg== processed in 494ms
[2026-08-24 06:27:54] [ERROR] [db_pool] Transaction payload payload_hash=WgOeu2PUKUOeZjOIUHjGkGaoRaU1N4PAAXdOZzdYHvNgIBdLj2fR3LrlLkmL0tyH8193fDL98u/VJhcDrjrQcw== processed in 330ms
[2026-08-24 08:04:44] [INFO] [db_pool] Transaction payload payload_hash=pJR18wrB47rlylQBPyX14emB3PNMtqOvaG3f8+m4UI8FZwmyzVzjb3HL5kV0oorrCz2gzUJWyTCmO5KHdgljWA== processed in 148ms
[2026-08-24 02:55:08] [ERROR] [db_pool] Transaction payload payload_hash=F2F4tXEc4iltMMgr9HJkCuTDal+t0Zm6nlTapRk7XWQQ8WNGHQ6XOohnh15H8pwDrctoAfZmW9XYkMmkOQVCYQ== processed in 316ms
[2026-08-24 04:58:22] [ERROR] [api_router] Transaction payload payload_hash=P7fB6D8jdh8+qYlKwBz++c3YzB2zFipKdMiLfFApgNecs2Pg8fTzsIPQ6nhAj2eZq0Tp4MTgA0Itxb/rPpqG7w== processed in 310ms
[2026-08-24 03:10:41] [WARN] [db_pool] Transaction payload payload_hash=Us2sMN6UmsY0MYtXXedB0Vwe+PF2A9qnwSBaPxlVNH6W8WlgfZPOBk94aEUym8Sjenh1sMIplZqfuDs/HhUlmA== processed in 205ms
[2026-08-24 08:34:12] [ERROR] [db_pool] Transaction payload payload_hash=wlZcitJKgOoV0Ur+Mbf0jFwFW1thrSNZcPevZCJ3T6h6x5DEgJX4zpllNHql/Cm0uELXdseqQumZOg58cYFS6Q== processed in 256ms
[2026-08-24 09:55:23] [WARN] [db_pool] Transaction payload payload_hash=6DgVN360lh8pirdOQhK8/ArCYpCd3ap8CvuzUx2uwJGZ5qHNmKHgC20lAnoSzgfFQjsvw3O2qVzI87BI2glYRA== processed in 133ms
[2026-08-24 04:01:57] [DEBUG] [auth_service] Transaction payload payload_hash=NH7B+2ZLKxMFhB6TgMVLfnXcNSzwziUE1OueywUMS/7PVxFSjfsfFM5Udj93t8Gg1lIPLzLLMQp3zZkp4EkNxg== processed in 427ms
[2026-08-24 10:31:01] [DEBUG] [payment_gateway] Transaction payload payload_hash=343cv2rUJQM5OKdfk1mfJyNqfIXJtxLQRFmODnrCFXw5kJ+3L9oP4nJwGxmmuISQoXj6mo5rgCS0mWLpEgyMoA== processed in 354ms
[2026-08-24 03:51:11] [DEBUG] [db_pool] Transaction payload payload_hash=wsL38wby/4tOVy8xdPcC2lDBysUQVxHopwFdjTIEKgB2JfUMj5yDCukY6nsSHi/S+49fwfv7DlWY+cG/jrhBVg== processed in 382ms
[2026-08-24 08:50:38] [DEBUG] [db_pool] Transaction payload payload_hash=1jtsTpY/QwSyjxuM/1lN9em3kmOmdLkyqQC+fivOzRADMg1YTdYT73eW8l/R4x4P/hFH9Oz/WOoMfqdmLaqYtw== processed in 164ms
[2026-08-24 03:12:22] [WARN] [auth_service] Transaction payload payload_hash=JHdbgGj4DaVFXv5U7B+2axfbglx0rAAgyJKRGetfYYKkF0ww8wbNyZhgCdrxC3EsgpklQhHOgIjQRvgqnPdPhQ== processed in 180ms
[2026-08-24 05:16:02] [DEBUG] [cache_layer] Transaction payload payload_hash=OcmhUVsg333XcFGIVgxS8VhVBbOh0m0utIfLxSNXs1F8DDT+idaoyxADaOcw3SKHnJH40aiLite3FIkt3wi2lw== processed in 449ms
[2026-08-24 09:53:26] [DEBUG] [cache_layer] Transaction payload payload_hash=N/0dNVUpi1ykA5jGmbXAzizm/j+RsWNhhdRJ5jOqN8DWH2BomsZiFTEVgkl74CQwuXhVQTFQWrnJUv50XXUUpQ== processed in 436ms
[2026-08-24 08:27:06] [INFO] [auth_service] Transaction payload payload_hash=18SpofqjNCwnKMdpJ5AEu2yE/g+RzcIGr3rFBHJBpYghPVk7GoQ4CpXZVCDXG7l5wlt8bOVKsRhKA4t4cGf9VA== processed in 213ms
[2026-08-24 08:24:08] [INFO] [auth_service] Transaction payload payload_hash=pBmrBRUuZphDlI4jlfcejncI4a6mkhvEHVYIkMDacUR02bULpzjH1AwlP9Lkmrik+vThLaON5LDzy7Ek3X0pRA== processed in 50ms
[2026-08-24 06:48:13] [DEBUG] [db_pool] Transaction payload payload_hash=sDvz5WUVLAmjRg2IvJgKCksYd5JRzq3Ewj8kwHjnNRjyL9bOyETXmUDW9LlyCezu9btmkgj8EC2rSPZnWCgD1g== processed in 112ms
[2026-08-24 05:42:32] [DEBUG] [payment_gateway] Transaction payload payload_hash=cVsF88wNpcpnBqRgZnaA8nXTM7uLe1Farij53mu/riYpC/Cxe07JqjTCZ7mFI5qAjul2bvjaxFoKK6sEi3fLUg== processed in 168ms
[2026-08-24 02:57:31] [DEBUG] [api_router] Transaction payload payload_hash=AIE+OiAPCvJTXmYicoJwwZTCOC9x3V6erLLk5Djhv73fneZrgCoNUD38Vy1hxigryvSvyiyIBk00jixHmuOUCg== processed in 387ms
[2026-08-24 08:26:46] [ERROR] [db_pool] Transaction payload payload_hash=eFmFN6YlFeLD7RGEagpHrvS/wJZXu89D7Xra8sZoCB3vNAsVdQ1TdZLkcrzSzuRQnJnSlJ+NepgqhayG3sSHjw== processed in 34ms
[2026-08-24 09:38:35] [INFO] [auth_service] Transaction payload payload_hash=t1Kvmy1+BUIkAGgZbcCg2yE0VfD6I7KXuI78QY1emtwKdWYUEfcUpaE4J0Hn6HAFgBjOxcpo225g6Rsx3H+Enw== processed in 263ms
[2026-08-24 07:59:44] [WARN] [db_pool] Transaction payload payload_hash=pEHt14Mm3/X4rJRR+nnYQ/chywPiRdC/jcb6on6cSD6WZ08zKoi8GARQyDw2WN7dcOxwK4RV9EZGC5/1iNBljg== processed in 329ms
[2026-08-24 09:38:01] [WARN] [payment_gateway] Transaction payload payload_hash=GeGSc3uZackJWkkOGTHF1mFA4FuPQ3R/Uor3Dtge1ErTRAerl/UNoGmZ9fx84ZOVxxmQSGJDZhv/VY2Wvh7Vpg== processed in 39ms
[2026-08-24 08:00:11] [WARN] [auth_service] Transaction payload payload_hash=+a89notcR4Jkone0FSIczpUOqRVCe4QW0Myixx+7sHjPNX+epjXfmzuivkoDy9DHktUobu4Zz2K4es7Cissa9A== processed in 2ms
[2026-08-24 02:49:29] [ERROR] [auth_service] Transaction payload payload_hash=C25BW8oIeA4Bfuz39Kf8kYXiy4b4/B//lm+UNFXYC9ulff5/XRAZsWn2kFPevY1O/KnZ1hBFwzU+toF0O0VbDg== processed in 93ms
[2026-08-24 08:36:17] [ERROR] [cache_layer] Transaction payload payload_hash=jef65X/Yz0py/pSSrJwoNLqaO5/b3T976SdOkMH7UpEktpqudUDdiiCvLVckkyVMqaRmut267TTLGHZ9WlUf6A== processed in 307ms
[2026-08-24 11:06:26] [INFO] [auth_service] Transaction payload payload_hash=pb9YMy9uJfJQGgNKLvelI083DIGuBQtGGtSpVzdo3F9Vkm1mAbnr2jwTCZUUsJXoD83UktuT3eMGsd2hHmSuvA== processed in 416ms
[2026-08-24 02:38:13] [INFO] [cache_layer] Transaction payload payload_hash=Wog2c32XfnuC7dUemHtU/O1APc+Gy7rGl8tomgDTDPlntY63UVK8BytuBqdQ5XYiqQsCYIXojnRfIuTpdRhUbA== processed in 484ms
[2026-08-24 08:29:37] [WARN] [cache_layer] Transaction payload payload_hash=zjFeDC6OSPk5Hlv1V18Z7PIhpO4U1XZ3SufDJQkvJJbzH4XyxJXmHjXrLXs3Ixy+y6pjK7rgCr4Hc8hZ3eiJcQ== processed in 206ms
[2026-08-24 09:52:43] [ERROR] [cache_layer] Transaction payload payload_hash=zg/mMpsvuzOfogeq4niLChRsz0ZgxbShDmSoxYm6HnKWpuqxbyHi/961sCaqQAzUkEmeKep58oqA7Hnb++45LA== processed in 331ms
[2026-08-24 03:37:23] [INFO] [auth_service] Transaction payload payload_hash=1izCbaOCrVv8ypdbI3EBUi1dkjoziEzmMtkjvzZKiX/mqA5JoEsA3E9ESOo6FqJlXAYQc/En8h8puTXlbf4T2g== processed in 399ms
[2026-08-24 03:27:07] [INFO] [api_router] Transaction payload payload_hash=Ec9n1fGne4rtN3zzF7BwCy+IHGwP2+6ISXwFVI7ceQoKtxMxGP9EUtEoNtO9KpTJlAetwOBgcDVjn6gV3E9lSg== processed in 313ms
[2026-08-24 03:17:30] [WARN] [auth_service] Transaction payload payload_hash=n2v9FjgfXuTdrYi6ytVJEqQqG0ex+mINV9YK+yR1aSGKl5AFmBUsU0wosX+y84NS0u9MkIV6cs+x8f6lWzcKAA== processed in 492ms
[2026-08-24 09:14:41] [ERROR] [auth_service] Transaction payload payload_hash=mF6ZiW26a5H/XgdF6564OxvajxmU+n6Ue/tSvG22I8VKA6MWftIEgL0fg7UJJDyZ3CLF+ILgGE+TwIyQbB9gSw== processed in 140ms
[2026-08-24 08:38:50] [DEBUG] [payment_gateway] Transaction payload payload_hash=kLnWCG5sgwEHanf9Afylf3y8SSSnxCKBeHYD6Bg3RylcN9Do7GZ1/Ffed1b9Zu8ns6X6Kr4yxfsruzQP55xL7w== processed in 211ms
[2026-08-24 03:51:35] [ERROR] [auth_service] Transaction payload payload_hash=7CzWXKJH2Z6ago153WKxvRFGgnIEB1901la847YwhaBI4xSYnVgo5jvcg53X3buS2Gjp4eiKMa4Iyl4t9Wtfmw== processed in 334ms
[2026-08-24 04:27:08] [ERROR] [cache_layer] Transaction payload payload_hash=ntRg57QXRoMCTGm6+ZbPmhgepg6K6PFRkLbFXCurRta8/cW4a5ma/JCWHVncq2ed6rYd5axwfylFzn7cundLjg== processed in 242ms
[2026-08-24 04:24:00] [DEBUG] [payment_gateway] Transaction payload payload_hash=DXVa3paRGTA/3t2NtV58OFqIhcrE001AacLvGSBW63Fr94xVjDDM4WgCZ4unM2cyJhpzWp8xSvOd63psDYtsnA== processed in 237ms
[2026-08-24 07:17:14] [INFO] [payment_gateway] Transaction payload payload_hash=Qfodw7cvj80JdeyPEsdb8hN+PMmjJIkOqXu4em7Qt9C3pdxNLXMu6mtI+nwrucB1s0e9yYKW1N3YjOPo2kTkWg== processed in 167ms
[2026-08-24 02:25:20] [INFO] [cache_layer] Transaction payload payload_hash=N7476xLxsdGQHFR1Bk/LKHJ65ul61OnLxVoSbExkw7TpFR1pt4C3+UWn4h6f8IOyRGLTZ0jHw69bEmeTeelPvA== processed in 376ms
[2026-08-24 08:24:39] [ERROR] [auth_service] Transaction payload payload_hash=BuZ0STBg6RLG+hftmDsREY2fwgbySHmt+fuplrSeLjKYA/Bpj4oHQalod+7gtiDts4DnaQ5lExi+yxZdnHPKxw== processed in 298ms
[2026-08-24 03:41:31] [INFO] [auth_service] Transaction payload payload_hash=sPqxGzOfdGna6S2fhUe87NScPt1TYwmPCsu4Beu+383ZJ2VSw61wUAfCQF7CEySwLtEGK09nLi1/NSK7uEv6ww== processed in 303ms
[2026-08-24 09:25:40] [INFO] [payment_gateway] Transaction payload payload_hash=5NykfHTzcrkdfdUXEpi5SeYyMwjsFRMRivKsiZUeVvfCSkCm3ujF1La+ISoPJ7GDPgGc3zPDQrMHblViz6enqw== processed in 395ms
[2026-08-24 09:16:01] [DEBUG] [auth_service] Transaction payload payload_hash=Z2/mPg4k54dfmlgzCgNciI4P5N7OmOgfQ1viZWeA1rBaYbnInKBTeHxvZ4AwYEzu21+VlMnTh4UIi67p/vwqjQ== processed in 357ms
[2026-08-24 03:59:09] [DEBUG] [payment_gateway] Transaction payload payload_hash=sMXVMwiTGvf52bMVjJJ4HT2nx86n/N78nBXXY0XY57SEIIrG/AM1tZuR6Wds39xtq9Ck18WAckQmCo/GBJWmRg== processed in 362ms
[2026-08-24 08:30:13] [WARN] [payment_gateway] Transaction payload payload_hash=rCQqRqIj8uSrlaimiS9kZaicIDu5U7gVWU3+HQxw2equh82IV9y4urV/L8r9QcHLpBuV3uqRqwUNHEaJAL1/NQ== processed in 173ms
[2026-08-24 06:49:08] [WARN] [db_pool] Transaction payload payload_hash=S0jTc1C37xqSYG0b+kESt9PBCCUBlVtvRErVRJAR6zvPY6wmJkkAR2p8l4z5iEC03HKR0TU8XZmFWz4o227sPg== processed in 101ms
[2026-08-24 05:21:46] [ERROR] [db_pool] Transaction payload payload_hash=9UjjEcKYPEFI4tzD5Pd5GhQUGUTmHV/CNw0apk2xXKgdnCT+EOF7Kxiox+21+Vdyrbrdjvnbb7M1x61jNmLwDg== processed in 30ms
[2026-08-24 07:13:17] [ERROR] [cache_layer] Transaction payload payload_hash=jSpXZK0nZ7oY9cxOZFI5qlX37KBDy+Z8MDsQaynECpsKt2llGXAECS/ZRrwpBFiKP74KGQR4VoFnRcxQuGxVZQ== processed in 345ms
[2026-08-24 04:33:04] [ERROR] [api_router] Transaction payload payload_hash=1gBT28ZHphRoXqvZ4towovip0A+hUUIva5aHI/WRGQxeJAU9gSIfK/zEjWZg3NAB8NKx8gnwvITv4QLecrc6kQ== processed in 42ms
[2026-08-24 05:50:59] [WARN] [payment_gateway] Transaction payload payload_hash=hkZJWPlmwKG4W5YvB9qdVKPI9hB2H/9idwik1QAAKoFLqMFSyllrWUpqQuXcK0k3PIhFK8ePrto9/M0dm+4TIg== processed in 488ms
[2026-08-24 02:22:14] [DEBUG] [payment_gateway] Transaction payload payload_hash=HqnPWfZaIkLkaJq5u9Xtqtonyyr1AgjShs199qCCLm7E424ufMWthSzbNnETzQXiXANaeka6PskHUo66AhYoaQ== processed in 366ms
[2026-08-24 06:08:56] [ERROR] [payment_gateway] Transaction payload payload_hash=Zh2RbFHuC98fS2WewCKuCY/I/eOdCwGI5fShVqDjTfClL/l+XhMvFjzI/Ox+QPxGfQYZXnYgUT4LiSg0d2DHaQ== processed in 118ms
[2026-08-24 05:58:51] [WARN] [auth_service] Transaction payload payload_hash=MJi1BSl7Z75XcbVkFcHu9GjY/iDvAUEKcjNXOz/5BFSChKBMvE9Jv2o3pwqPJ+CBHFP/KSaqOpjJrKN/z2RvCA== processed in 463ms
[2026-08-24 02:16:17] [ERROR] [payment_gateway] Transaction payload payload_hash=ZUeQcej7cIhv4MhFBmvJqH1uF4yzhbggv2gESBdj+VT0b6fDxIeGUsS/X/6Dl38uHvgcAHvKemTwH730unna3w== processed in 77ms
[2026-08-24 07:16:57] [ERROR] [auth_service] Transaction payload payload_hash=Vis0uY9ChbJozrMaJVJjzH2QgNTBghkDAonNlpvvZDIuRdzWmo/q39hZ0zwAl4xC6EqGc+8KutYRvXLBJ1u42w== processed in 467ms
[2026-08-24 07:06:34] [WARN] [payment_gateway] Transaction payload payload_hash=UZZWjw8jtrfsljiF6rytaXBj3QLeF36eOtnrNv5lOPCcn4CXickHCkIaB4Hj1MvT7/5/68DykhyZNtEUSwyf8A== processed in 428ms
[2026-08-24 03:21:11] [DEBUG] [auth_service] Transaction payload payload_hash=qxQh4spKxIZPUZlgS34UbEzO+2V5haUsFnna8kDXkX+cLczQfsUZd+eJKLqaWdtchBaINJBQJB/a7ENhoOIrhQ== processed in 351ms
[2026-08-24 08:44:33] [INFO] [payment_gateway] Transaction payload payload_hash=L9FQXfBlaZYam0AJSnzVDvM0htYC8Wh0BoXYiUY2wqZYWV9jxSAyciH0vLqgTQL//f2TedKCJyMCRQ8wQvVrPQ== processed in 268ms
[2026-08-24 08:40:21] [WARN] [cache_layer] Transaction payload payload_hash=uGbu3KqD3D+/PeWWiNxwRtyMhWOP5AdaAXOWPnkNGfpG4lthwNF2BPfU1qHcFkerc0jWPclcsCLPStR8C0PYsw== processed in 339ms
[2026-08-24 10:54:34] [WARN] [api_router] Transaction payload payload_hash=wGgE+I1iO7q0p8ADRE6g5z41cYLTshJpa+RjkUJTpa1WBGlEXsc8w8HUEMrji/LkxE+zmeJN2RIPSl38JjJsFA== processed in 53ms
[2026-08-24 04:03:39] [WARN] [db_pool] Transaction payload payload_hash=5j7v9IOtkeG04i5CKVerKLx6E7/Liydt3IFrDgUh6yhAKjHXz2jquN096lkMGAdW3oDvQSRDbNQWPzW8nRH+PA== processed in 273ms
[2026-08-24 10:33:15] [INFO] [cache_layer] Transaction payload payload_hash=qquB7RsEJTad1Qx/h2PokQb+dKzLpa/UAqTlhhpBwIM9gOp1gk8S+vYq00uU09QkGkFnwZjXF4leahwHPBHBLg== processed in 259ms
[2026-08-24 02:46:35] [DEBUG] [api_router] Transaction payload payload_hash=SMKQqCr6iSXl+h3VPqFNYvcPE0/x6Lckpo/Rs9xs7WgJYSK+S/gep69mowVp8la0ROgQ318mWlgghC2hp7q9tg== processed in 499ms
[2026-08-24 04:30:04] [INFO] [payment_gateway] Transaction payload payload_hash=zSG8mk6wfwS8n22D9v9vrn005A1/OCHb7ipc+nWYKItF6PZlAXraz04dAeV7PxS+eOlSNyByIRvUzH2j2jr1fA== processed in 2ms
[2026-08-24 06:20:00] [INFO] [db_pool] Transaction payload payload_hash=Mrv29RMwLnjE1QmNXhaFRILsc7vBcMYWpdMiq5+KkS1tZe9GmpCPDsiMBYyG98Lzp1fJISTBvVRJPga8Ox2LWw== processed in 484ms
[2026-08-24 07:26:09] [WARN] [api_router] Transaction payload payload_hash=RYzn9RUN2BjbO5Jwz7/K6rOG8jHuer1YUYHWIxHyBajwly9K0lBobT3/xBUpVlfLXPaxpL2OquKZ8UqxKNBlCw== processed in 491ms
[2026-08-24 08:03:40] [DEBUG] [payment_gateway] Transaction payload payload_hash=yjAGQZzRDo/HTaByQ7vRqbPWAy+YdTpzTdbTTzpIyQChC2S4dCINHr/X4Lw5C9ExDXftn0tsrznp3Jfu31yirA== processed in 182ms
[2026-08-24 05:58:11] [INFO] [cache_layer] Transaction payload payload_hash=2kt4MRaXao+IcnpuAZmtP1eXqayFwMuYH+QH2JQ318J+4dlBr9KeUyt49ijk1qWb3su25pY1NJVypqzgPfAqCw== processed in 353ms
[2026-08-24 07:53:59] [ERROR] [db_pool] Transaction payload payload_hash=14VUGRZ6bGW7e8PY3v2DAGMY/GCfza0894yF26o4X8DsHDg0eV5ewa6A9B5jTo+kpJeMC9ywqBLV54MvBzSCrA== processed in 406ms
[2026-08-24 07:46:16] [INFO] [cache_layer] Transaction payload payload_hash=i2cw0ZptxrzOJ02Rz01SwclJiqwafMGVf3cvG+6K+fBysOFZzxiFpjw2KK44gK1Et/a1Y9b9aqBalw1HnHRggw== processed in 252ms
[2026-08-24 03:52:06] [DEBUG] [api_router] Transaction payload payload_hash=I1rqpNonblZGB9fiJ/6p8Nq4eE06Fe0UdMYuQxY/bAgUeOXJ6heXG4D2+oGMBdOVJYrELjsv4zWs6wGc709JUg== processed in 187ms
[2026-08-24 02:55:06] [WARN] [cache_layer] Transaction payload payload_hash=sC7QqhqeDe0MejZlekI6xXdJNt5u7KxbjkwwY7ReLijZXZjJI9zwXvV3fFq/gijRDMB25D1bmXdjCwoCRjyYcA== processed in 452ms
[2026-08-24 09:29:32] [ERROR] [api_router] Transaction payload payload_hash=v1EI881y311mUH1afG/l56aTlzCjzkbx9pU6KafSkwn4e+KVl/EEYSYX/9wHT3QV0Ra0TXEp0jabHKWwZNx2TA== processed in 157ms
[2026-08-24 07:53:29] [INFO] [api_router] Transaction payload payload_hash=b19/ya4saGQKerogVY20+mt30MCqX195MPWYJyFW2ftLp5p1Z6Vc69VLyZdasVuYCBwPHfLybe6i0bgzGw+gMw== processed in 84ms
[2026-08-24 08:17:55] [WARN] [api_router] Transaction payload payload_hash=XtPcj3oUSnu37D9tdbkT2SNSEYs9FOHXkhOnkVvc8DJ1vnKM+IHiJvQOllSZ0sq2+OgGq/EOyXymf0GDfviXHA== processed in 483ms
[2026-08-24 06:04:31] [INFO] [auth_service] Transaction payload payload_hash=ay/+IXVcS/DMcbJEtGLR+dJ3K4bcGoPc4V8d0WpgKEX5e8k9yLM+A4AZ8HsTCfpCKy/J7wqAmuXpuOawl8UnBQ== processed in 322ms
[2026-08-24 08:10:15] [ERROR] [cache_layer] Transaction payload payload_hash=EIIR45EXtxTAuHfagj7jBuTe4gBaddVDfjU0mjE6rGJUVABnH5Nmbaj1sGZ9APT3cXgXvy1QTtCjxjC03TQ4yw== processed in 313ms
[2026-08-24 08:45:58] [ERROR] [auth_service] Transaction payload payload_hash=3+Nujzg7jsExjak0E0Inuafikkf+2k33LvaGt+mR7J2svqoYSQF+GCoLRT8nFipu/WLrkrzNUvTb57lo2O1lPg== processed in 441ms
[2026-08-24 02:39:41] [DEBUG] [db_pool] Transaction payload payload_hash=vO6WCI+W64AcEPGKKL8T7JXttW4LfSqHkFMxDVh0y2ygiGADDeyBJby3VZu8hMM2KWd2HI/zrTmxF0XUStL7hA== processed in 320ms
[2026-08-24 09:38:31] [INFO] [db_pool] Transaction payload payload_hash=BWKxrejlxx9Jz4Slo3RwdYe/CszYbl02SitsFOiwMRWykxWvcAOoxgrjOWnXNqnhPM3tVn4z9SX56FosK2ByXg== processed in 301ms
[2026-08-24 02:46:28] [INFO] [payment_gateway] Transaction payload payload_hash=CM2M44cxyukq41XP/3JawbkCRO+ctqWE+gVFc54FPfolawQl+tPJOXKZ1Kmzhv61kSnH3DSmPc7oFwQR6bzzMw== processed in 494ms
[2026-08-24 03:39:24] [WARN] [db_pool] Transaction payload payload_hash=s6SO2Qb1+ZTNbuPNQiZN0ByS6y2H49b/oMtEc3rb39A3uWByuTCtwbj2x1G+bhTz5bnIS9UwtS8Q3g2lZbj5Aw== processed in 68ms
[2026-08-24 06:07:07] [DEBUG] [api_router] Transaction payload payload_hash=4BROBA7yBEUhRxPFlBw3aguK0KsA116EzJfXVuLL5Kj1lRAip1ZmXjx4XfB9snti8/3htJ8WlMA0w880P6RgkA== processed in 281ms
[2026-08-24 09:37:33] [WARN] [cache_layer] Transaction payload payload_hash=7jTtdiv9YFdEi6MPCDVGnwLAxOjF1umSRgqJxNSjHLE/NSLXVoIg+G9nnHfOWEZNI4fATwg3lqEFrQBB6yZBIw== processed in 287ms
[2026-08-24 04:46:35] [DEBUG] [payment_gateway] Transaction payload payload_hash=/svd8bYk2rS1WbOWteMrReSHuIhkEmAJdC0zGoCPpnnT1eWQjXs3xi5K+mld2fTnayFhIG5dMZ0Yu8mgRERHEQ== processed in 412ms
[2026-08-24 03:21:53] [ERROR] [api_router] Transaction payload payload_hash=donbIDOLxvf3XRtdlw+8AwFqAQZt+8q0TPTobVgKyIuw7sciKNKZJUBGELffj83csPfuypjYmpFGP886Tgpbzw== processed in 24ms
[2026-08-24 08:48:16] [WARN] [auth_service] Transaction payload payload_hash=d8gRWxmlAKXKZJjWh29KgF2l/YLHz5AzQL6at2BWbeQ/hB4z/tnmWM5LCl816IELmYlxKUnVClazYeC7sfRd/A== processed in 198ms
[2026-08-24 04:52:15] [DEBUG] [api_router] Transaction payload payload_hash=jVAgrIS2Y2CoLjLo16ej+t1s/S8GLF70nWX0YGubxKh3XsWz6NQTlevlHQXCd1Lr9IfVWJUEgTNyFRnO75/7yA== processed in 391ms
[2026-08-24 05:16:38] [DEBUG] [db_pool] Transaction payload payload_hash=jq65fz71HvSFqH/ZAyd0ciB85eNS1VnbCiBmJSZ1oqRuaWzZelM6Tv1oq2KrQO1v3LtxkV8h9QJ8RXzR0auxwA== processed in 203ms
[2026-08-24 05:12:29] [INFO] [auth_service] Transaction payload payload_hash=2OXVcugfJNSHsqJjmuvpE/0BjJE5UrgeXJxmQjPSQLgT5Npoc/MjsJNuYE2J+HQqkKgMAW6Y/Kg/Ku8O2sGwcw== processed in 156ms
[2026-08-24 04:27:01] [INFO] [auth_service] Transaction payload payload_hash=sBWvqiyc9ntiEF01HhN52W73aKBf91rho/+p5ktRydsmeGgfBhS1SZ/Qg7z89wC+pajpovD8jiTrspZb/bdJmA== processed in 159ms
[2026-08-24 02:25:10] [INFO] [payment_gateway] Transaction payload payload_hash=Wqy53eGFtkhm4chDN37GK3W3SdAAWnz8kDYENajqPIaR970LZKiCXaHew6r2miPNHdaAn2z2NQSgVQlaQxPUpA== processed in 162ms
[2026-08-24 06:38:44] [DEBUG] [auth_service] Transaction payload payload_hash=Ie24cryZgtTJVU4B+0AuC20kXLJlVRRLqzkp1f81rHWWDwcovOyjHs/iROQwhjm/sfgZeUguzTqZgk93TRasCA== processed in 448ms
[2026-08-24 05:05:04] [WARN] [auth_service] Transaction payload payload_hash=dHk1+nRjaFHQpvCQP1oMNwwOUgpI4xLPbvImLTAjpAn1PZvHsjIEDGrn9FnTPsplu750YqeI37mkuNeCmCQvsw== processed in 481ms
[2026-08-24 07:18:18] [DEBUG] [payment_gateway] Transaction payload payload_hash=Dpyoqpv/3nqV+uG7IJJrP4E6HhfUjGsYkhYBc+1zCIR/pJfqNnGCYbJjBasmwiP1SBU3ElLDSWdq4rILzwK4XQ== processed in 76ms
[2026-08-24 06:46:28] [INFO] [db_pool] Transaction payload payload_hash=+Wfr6w/csWZXiD4oBZtLrf45UOyN1Myi4riiV28IOQUlJDBOxbw17olnsMzsXFv3h2CRt6YIhgejvQe0CzLmmQ== processed in 149ms
[2026-08-24 07:21:29] [ERROR] [cache_layer] Transaction payload payload_hash=LmhvugGrJcfoX42Zc8fzC0gmuCM+eS8XeobWyR4LqJ0Ht6torFi5hknAItcpw2Uor1oebdkjxylXcmgB/079bw== processed in 451ms
[2026-08-24 08:41:22] [ERROR] [api_router] Transaction payload payload_hash=92fEUTCFPLrvuy8EG7y/R1e7mQ2mZa/b2DxkPnVJSMshKcXf3JXFdbVp5h/CrTpQUoVT+CRJQ3e/q07dromZxw== processed in 95ms
[2026-08-24 07:17:33] [WARN] [auth_service] Transaction payload payload_hash=PthBcmGArWCCv0KVitJUl6PzFDU1QNxmjnQ1aMzwy3xt4xjCC3r7xvzvvwH5ffwci2RTMw3s6Ku2WzOBf6nRyQ== processed in 68ms
[2026-08-24 04:42:29] [ERROR] [db_pool] Transaction payload payload_hash=b+/oQNrsPveqFDwm6i9FMwp1K/Tlncps458s1B/fV8dznY75DO6V1IZ/n+qLuFbP6qLIKZ0Epubn3mt+BYk1wQ== processed in 38ms
[2026-08-24 03:19:14] [INFO] [db_pool] Transaction payload payload_hash=EpEK/nkXdfXNWvgvcARg54Ukw3j6JUvH4tFxUtfKTZvzPXKx+R1AjC5LAzI89o7fEW59Bd1ChTBs5AB8qPXKOw== processed in 343ms
[2026-08-24 09:47:09] [ERROR] [cache_layer] Transaction payload payload_hash=CABu+3Jmtfqebtw46p8yzKzvMGdyiAbJfj23vBhZWipKSQM6CZ+52L7sCrA1ElQYOoqNqkurFkh+d622j7uHNg== processed in 341ms
[2026-08-24 05:38:53] [ERROR] [db_pool] Transaction payload payload_hash=yuN9pZIIvSEmfPqV6KvihvufxG1O+HCYQ576xh5g7xeZsGvm3sJxh5tHx19O/JKjXAerD+u4vw8AXR9wzFtALA== processed in 49ms
[2026-08-24 04:04:47] [INFO] [api_router] Transaction payload payload_hash=PxVkgx27sp7KQAJ2Y2tc45FSlxUjIkFmhdLNlHS5NGvD++ht9AbgzZxS4bSuVS6fr2h5mMoR/2Jc+RsYHpA3nw== processed in 143ms
[2026-08-24 08:34:14] [ERROR] [api_router] Transaction payload payload_hash=/clg9j2p1siQC1ryocl/kHW3nv7KDXDlYxPeZ1baJgQZdTCVUXgaokf30OUERaaEp55u3tyiiQDfOL9iQWNqLw== processed in 95ms
[2026-08-24 07:03:56] [WARN] [cache_layer] Transaction payload payload_hash=BSdYURXdVYk7J19x46QnQ4re8l98dB7mG8C5FHIkc91GHVRsATE/VlxWH4V7M8H8Nswcl5oxnauyBHUOpj58dQ== processed in 37ms
[2026-08-24 06:43:04] [INFO] [auth_service] Transaction payload payload_hash=BjpIo4Exg6BJ61dUaoHtsGFynaop2yvRytsAfMaNa0rBH1Xi89gbjqi75qUvr+fVnCOgEBZziaUUGNpoXvGvmg== processed in 24ms
[2026-08-24 08:42:41] [DEBUG] [payment_gateway] Transaction payload payload_hash=5+dAUjZDaPhTVBQdzv3Tl10f9j8nISS/gTEGUlV9k7JrO1gAzth0dGMfj+D2RAIR2fsSASTw9xZAaobK5YVBlQ== processed in 366ms
[2026-08-24 09:32:17] [ERROR] [payment_gateway] Transaction payload payload_hash=7PoecHPoF7xdC5CQhLtA5AWnmFg1Ob1qQLrJiyVUlV+wox2vTmqhOVNiO5WA9gRSaX+COJXfKHOMfwtFvVhw7A== processed in 155ms
[2026-08-24 08:05:24] [ERROR] [api_router] Transaction payload payload_hash=J9j4gSanfdceTxsq3gmh4HdqKMSV7zHv6nWTEbA+B6NS6Z6VI9wYo6jic1B6S4DAZ1Rv2BxFhOT9xnFaw4QQXA== processed in 342ms
[2026-08-24 03:05:28] [ERROR] [payment_gateway] Transaction payload payload_hash=fCpXfPWgO2zXhIiPmp/xrva8NTg8Y8+5Wy4zvB7Jd3Dqnh/iEDf0K1P87ejRHrOn7LJ2tva8GUjPoW3EzP/06g== processed in 128ms
[2026-08-24 07:46:41] [ERROR] [db_pool] Transaction payload payload_hash=60I/KByh9xMEuIFnPLKRUo3+pPJiiby8eSG1nenEtDa/00Feuzt02TNSxgqDUFnvLoEMXJp8I3TbdhC6TVOJ2g== processed in 240ms
[2026-08-24 04:53:02] [ERROR] [api_router] Transaction payload payload_hash=WlsAEbzaDfmu97xLmrqyg1PsTYrhCzvhQw3dTCrxM5ZW6oaIviUI2dWI0XUQAYPYeh8aPi9nuIXyl1bv4ayqag== processed in 168ms
[2026-08-24 05:28:18] [INFO] [payment_gateway] Transaction payload payload_hash=oEgV/7KcTLh0dVf8URfkF7MYvCL71AdkE+fZywW+tPlESzKjDL3UuAwJ4y/yEAl72F4Lmp1ZB6Kp6N9sv8tGPw== processed in 445ms
[2026-08-24 07:38:42] [DEBUG] [api_router] Transaction payload payload_hash=vnFY1fSRHDRWo6YjhkMhwMIF6T1obltRWP/Ma4cKcjaRNdgGElI59g9QXcDXf7gfykDja2kYOIHyF4ikdqQ2EA== processed in 490ms
[2026-08-24 02:41:21] [WARN] [auth_service] Transaction payload payload_hash=1PBBAx1lifDkqk+C1um+ZPCusGhew3Xa86+XjywgMTMuITIm0ZQV8Yxt5Bl3dvgWW8FLv1DK9XoApTtZr1GpOQ== processed in 30ms
[2026-08-24 07:52:31] [INFO] [cache_layer] Transaction payload payload_hash=/2EDxWDFQZ8rOMwW+C4cd42IQbWhOvGrroldg7CEE8yAClsL814Kk/3Snr+i06cTXZvlS4z1dQjkB3uY9//qYg== processed in 301ms
[2026-08-24 02:30:22] [INFO] [cache_layer] Transaction payload payload_hash=NQ5PxigI3IjQBVzaPtngi2BMCitYJfk+N1y/iIS1v/9ZivJLSagQpnWJf3PYGplogLeQ080VUpDOEwKN4ZkqcA== processed in 252ms
[2026-08-24 02:48:57] [ERROR] [api_router] Transaction payload payload_hash=U7QVY4dQ/DhC0JZraog42WeZYaBRAz2fJm1OJ7tbh19mxA4XCv9dIWo37p2rXIKTpGyBe0KSfA5lIot1U4ci9A== processed in 360ms
[2026-08-24 09:52:46] [ERROR] [db_pool] Transaction payload payload_hash=OTqSFK8GocC6E3zz1tN208ER1ENR7q7yoEvXEMCa86RQfAus8rEZ77nlXy5X5fFNtOPa4uPogMiVkPO2WaXWFQ== processed in 276ms
[2026-08-24 03:24:08] [WARN] [payment_gateway] Transaction payload payload_hash=pM9F8m5Crs0SwU3amC/AV6TPqSuSo+Vq+l8MH/0gUreLJIMrBQIP1b3GHRpEVSb2IGsU8ckGr9G5OAxqG+YkNA== processed in 211ms
[2026-08-24 05:26:06] [WARN] [db_pool] Transaction payload payload_hash=rM9omNxVy5F4PjsntYGDQz3mE5OvavlMSJp4R/CfV/A7jyoOJqIQjw5FgBs4CCgD5qanVE3OcKhMJmbWmw0tFQ== processed in 273ms
[2026-08-24 05:30:08] [ERROR] [api_router] Transaction payload payload_hash=qJVUej9+8puJcCm4xj2xsxdAcjRUmDQLzTIZCbGTppu74JTENyjG+4QV3u3AK2e1Ca06gza95EupX1ZZ58ymbQ== processed in 94ms
[2026-08-24 06:49:30] [WARN] [payment_gateway] Transaction payload payload_hash=L1gEn3hC8R6baDUeNt79dqPRVJOHp65C8hJ1Z8zk43zXMuZm/i8pA9FIUNYev1qOU5sO3Y5j5JYtzYhdo+q7gg== processed in 8ms
[2026-08-24 09:43:59] [ERROR] [db_pool] Transaction payload payload_hash=MtQfyiY0yCoXheCXfvVwrnvwRZOKJMOj8+jymoYqbFSe7fitA5fyZ0xsGJoJIfxv/IJic3AsXxA9BAbP3paQzg== processed in 130ms
[2026-08-24 03:46:39] [WARN] [cache_layer] Transaction payload payload_hash=aeK0a/keRG6LKBZTADIcqRpP9pF+a3oi68BOvFavKuSWW59AfYPmd91FavRrqImx1FJVzt3qxVRuqxkj9iIGtQ== processed in 340ms
[2026-08-24 04:41:58] [ERROR] [db_pool] Transaction payload payload_hash=AC2CLcPbu+eNb2IkTOaA4JjWjzVkQ2PFIARnO1pgciiJ5/c4d4DDCFNGv2chblrHkKJjBvirMIeuo0xFpF1Xxg== processed in 81ms
[2026-08-24 06:07:32] [INFO] [payment_gateway] Transaction payload payload_hash=2xU8avb0Ls+fgPREeOxoVByvPxtUKg+zcx1Ph164u54eakRZFBl5VC5Zi+DPkvvqhdGUdXe7JfO1BsO1ir6kcw== processed in 299ms
[2026-08-24 10:39:13] [ERROR] [db_pool] Transaction payload payload_hash=+Bvk8lp5p5TSUS2cDUEnQ94wJxVBd9IswIEOAKPwhFqkneDH+QhbouwWCm7zJO87r/dC73Eyw/tI5akIxkigkg== processed in 109ms
[2026-08-24 10:19:49] [WARN] [db_pool] Transaction payload payload_hash=vkZm8Wi92mRmD/7oex4xrNLYw1JLsenp6eSQP/AjJTG1tJCb6Yn8vOsOin9zCNiYe51avGaSpgs7RNn7ZyOPEA== processed in 162ms
[2026-08-24 06:47:56] [WARN] [auth_service] Transaction payload payload_hash=hulxIjGIsMZzmThUbWoXE9DAQf50/7Xiz4feG/keMLSyUDG/CY4KQNfFpiGsGwZmDBEriagnKinSo8qLNvcpXg== processed in 224ms
[2026-08-24 09:17:01] [INFO] [auth_service] Transaction payload payload_hash=pi0CIWHEplw8cY20sSJuUKSWr3sLCjDQMLLH7SNgkJJof7vXhtu11SZNfwwcsB3md9ExegVL1k5WxUG6sKpweQ== processed in 198ms
[2026-08-24 06:39:10] [ERROR] [cache_layer] Transaction payload payload_hash=ha/sNsj1NP53VseWTfQh+YICv4B0+1tO+svkuTGIUdYbFm17O/zx+hBoVanYa1Cx2lCa58hn4n/mIz+UCoAJ+A== processed in 131ms
[2026-08-24 06:57:52] [INFO] [api_router] Transaction payload payload_hash=eKbjBVCC6C+VoZ/3BH8pY5ToZGlH/vEbj0tUVqjLXg4hTiTf9t4R0BvheuAdN+zmPg+4AmTbVDeHtsWs1Nephg== processed in 127ms
[2026-08-24 04:21:20] [ERROR] [api_router] Transaction payload payload_hash=41/sNhKwFKviY7HMOZDPcVtkN99RLjVRW46ImIy6evqSe2Srp9axa3hSE1UwBxm/7aclGUE42HnGcteTAq/gVw== processed in 365ms
[2026-08-24 10:43:23] [ERROR] [auth_service] Transaction payload payload_hash=3kwrtXXnH8MzKJZFNLt4R3Humoc9K6Yf3GoOYL+pJt+I7a1M5WfjmrVcpSIfKQbehK3XGtDbqZ+Da+kxNO99rA== processed in 142ms
[2026-08-24 02:42:51] [ERROR] [api_router] Transaction payload payload_hash=FzQNnDmrLsrzRpq0OS7+CgJwQIBRntMyDKmF23nho53O/tkMoD8FNpTD6whqYZob69v+iq8eUDaS1cFYz5R8WA== processed in 404ms
[2026-08-24 10:01:53] [INFO] [db_pool] Transaction payload payload_hash=YlE81AYn/Fp24B3xJTLFVyf01NUe5BhiNwJkKG81CTrA66A8q8SqLbdnpLtqRHtCaIFFG0Fxo5qjHifil4IfUQ== processed in 325ms
[2026-08-24 09:55:09] [INFO] [api_router] Transaction payload payload_hash=66zpHUUjorUrScFmexD78lqNsi7gNVrF06gAXZ8FsO/EBH3we3C3Uj7t9Wla1TvqTPU6dtwKd++K1+LArNCXog== processed in 206ms
[2026-08-24 03:12:58] [ERROR] [api_router] Transaction payload payload_hash=wEXRx6eHgL4cvi7UHEAKE3q/npfPvCPjv7/qbGvltU4mwdoMlJgCrmD3gTgBT2K9FFXr3FALyHF1x6hWrJd2Ig== processed in 388ms
[2026-08-24 05:24:34] [WARN] [cache_layer] Transaction payload payload_hash=2juee/1t6UE9Dq3Prk7+9sXCA4qPCCKa3EvV689/BVvPJ3gbRRegPqIvETiVhmO7cRrjNw+vZo0cFytoa+EfpQ== processed in 345ms
[2026-08-24 10:22:50] [DEBUG] [payment_gateway] Transaction payload payload_hash=FGiIgSE+U5LylWApKLiquOKiEavRU8CzXtqYxrK+tmA26Gh3zc96VvBuFPH7unPR24+GRSbvXT2IX64wdroT9Q== processed in 154ms
[2026-08-24 11:17:36] [INFO] [auth_service] Transaction payload payload_hash=u557jP5XRFpiyMxSxGSXisswuuLxu4S/43CyUZb4Yu36WugGn0s0rHEVdwvA4zPqD/wO3RZZOSZQIxO9ZvQmmA== processed in 72ms
[2026-08-24 02:25:20] [DEBUG] [payment_gateway] Transaction payload payload_hash=xdWf5loIXt/YKU8vPkd8ok8mDVkoYpv+QzHWrfkvMi3cHr/7/eo0SxcVVZEAKM5FGR2e87ek0ONpghml/TcCPQ== processed in 21ms
[2026-08-24 04:49:20] [INFO] [db_pool] Transaction payload payload_hash=375ierOOeHaaTw8dPNyuNyoSAoq07FPe3tFYeYJcezdal4q+PMTQ0V7ht3NpDB0Gok5N2voJdTE/RAH+XKiJxQ== processed in 325ms
[2026-08-24 02:51:08] [DEBUG] [cache_layer] Transaction payload payload_hash=Rkxe9IrAwYzy6CwUgHma2rn1Z6uE+sT9TI8i1g15YPsb8N+goakdgdq45lz2NUH7eiLY/g8NMaL3Xc+W5Yv6FQ== processed in 207ms
[2026-08-24 11:05:21] [DEBUG] [api_router] Transaction payload payload_hash=h+oJFKwvXobR+YFlET2p2zHGCgU8Vny0GRcRD71Dpo8FRhhcNRvSosGrnMsKRCNED8WfO4rkACdcu4aj+wq24A== processed in 234ms
[2026-08-24 06:05:48] [WARN] [auth_service] Transaction payload payload_hash=bT7Va1oFlRk82tcWfoRv/BRjISJlMFKt2LNBxbnFru95uphtRka3cvpGPsLXEudMi2yzo7eSahyGstckMLkVnQ== processed in 424ms
[2026-08-24 10:50:53] [DEBUG] [api_router] Transaction payload payload_hash=HxEkqzVzBZHAeGyhcedziakFDOHJ4SLSWisTN5r5sQ+IAxBQNmbk/mzLLlMtLBJRpsBPvkeUkYN2+uw78VPw0g== processed in 474ms
[2026-08-24 05:54:44] [INFO] [api_router] Transaction payload payload_hash=gIDJpUf6wqqp+bACBj2dqFFbPcu9KmXwipLfjXEWx6iW//rSC2A0fGSGRbVdrWnePb5+tmzmG1Rxc7sbTjypFQ== processed in 262ms
[2026-08-24 07:39:23] [WARN] [db_pool] Transaction payload payload_hash=bhezs3OmBUquR0tt7QuStCKZbZCcy7fv3HYtIqnDf1byd0A4G41fg3jbH3hQ2N6NZDgZ/iAHKVb1LeUzUc9eLQ== processed in 321ms
[2026-08-24 06:48:14] [INFO] [cache_layer] Transaction payload payload_hash=TAc8V3mL5uuPrSFy4NK6dsEvLWb3SeYaMue3upFIXneWTbGN6KdX5UZ9bLVUOu7dQhH5rUlwYq4607cG5ucZ1g== processed in 409ms
[2026-08-24 03:51:42] [INFO] [payment_gateway] Transaction payload payload_hash=hK1CAIeg44sR+Xoy4/U1hNmr6tEDkq3LsVDlVwIWPiCZ1I+YXSET3V4UG/GaWiCL1xlzbfHc51I3GLD2V4KMLA== processed in 288ms
[2026-08-24 09:16:40] [INFO] [payment_gateway] Transaction payload payload_hash=0JPnMl7BEjIPkVm4kUlNrSLgTdGP3KcdM6X0pAXTF5FtpTDo9EognLNKnswgBQ+dWisHEApy8t+PA12H+QXFRA== processed in 311ms
[2026-08-24 03:26:31] [WARN] [db_pool] Transaction payload payload_hash=fiiVhnCz0RXLzMMOCkq433V2I03MEDSK9Tfq3VcCkGr2XuCbt2w4nLHqx3FgQJZSSowxqHjGKfhb0EVcpxTwgQ== processed in 167ms
[2026-08-24 02:23:27] [DEBUG] [auth_service] Transaction payload payload_hash=rEBMSn5LOcMVKy/q51w+JHaV+lKJH8ChOzIm+HC8zIlhjhyGbpM6BGk1X6jaAUPPf4mZO2TqwkX0CaQJMYysQA== processed in 76ms
[2026-08-24 04:48:37] [INFO] [auth_service] Transaction payload payload_hash=AxOHXJXKcMQBhOfQw/g5OENCoV05tTjOQjisLnjJHRrOiqkZQJdcZpTaCp5WHqbotluq8W07s1qGsFwYl5AF7w== processed in 59ms
[2026-08-24 07:02:52] [INFO] [cache_layer] Transaction payload payload_hash=y/iAwLJwWkWpmgAShaJdgnFnXBGw782cKrIeTlDW1S7c1z3xG71M2FD8VgZq7/i8pCY7njmbt+mElSNtSYKPGw== processed in 496ms
[2026-08-24 06:59:59] [WARN] [db_pool] Transaction payload payload_hash=Ir2+4I88JcZbe4pcGYPUwYu/K6oicKJdKZ6pVLZOp0amNyRNBoUpUXTTvMpn3ICQtAdUtsQTrUsxP//VGOh9jw== processed in 92ms
[2026-08-24 11:21:06] [INFO] [auth_service] Transaction payload payload_hash=6j9cMCmWlSl2EJoFolcLfEdawokp/8cxt11ITm4A35+THGLQMaTak/4QaRjpFTeUiyiHpe9/5RbuQ4/qMwXuyw== processed in 92ms
[2026-08-24 04:18:57] [DEBUG] [auth_service] Transaction payload payload_hash=uSPorh+EueeWNeR1W89KDMZNk9anRaSyEJHrqA0/TtdMZ6xfWN3tKb3e39zXLKRMGPhQ9N7tGk5UjYx1cfxp7A== processed in 57ms
[2026-08-24 02:59:00] [WARN] [db_pool] Transaction payload payload_hash=B2/ROiwzUDJaZfHTcObMb2CdisrlRgbijLDdHMLnOUSBpNNdWRMgWh1Zc7WjNF8MAAgxFj3EIbueJoxbRMY0DQ== processed in 95ms
[2026-08-24 03:05:39] [DEBUG] [api_router] Transaction payload payload_hash=rUnY5HP6QBy0SJ1Ld8rIeInJ6HDPW+5wL5oAF9FHPrIB82s0PePKYaDzmMqD3z8DyeR2fJ7uDRwmzsIohQg9ig== processed in 142ms
[2026-08-24 05:25:29] [DEBUG] [payment_gateway] Transaction payload payload_hash=jVSq6VAj/wDnhq/7K4D1frh4YxgKFQmo77q6Onxs7Jtzyde58x9asPaaM5Ue5XuWpD+Bjv510SXMo4A8YW5RNA== processed in 478ms
[2026-08-24 05:53:57] [WARN] [auth_service] Transaction payload payload_hash=33ISaUlC92I+5CX678x1BKBsCN7Oyy9ULzmzrzCD/3zR+T3zDbi602kvE0qFmvZ7Y0gFrx+IRxiW8lP1I+tmqw== processed in 122ms
[2026-08-24 06:47:43] [WARN] [auth_service] Transaction payload payload_hash=sYW2nXl0RHq48ZvXiVLy9OtoDjAbCRHHUG0e9ePHYF/75S5143cii/yB2t5qj4uMLR8iSl0WotnL1wL5FEbqmg== processed in 489ms
[2026-08-24 04:19:33] [DEBUG] [db_pool] Transaction payload payload_hash=nGlBh5CWmr6b6/PKaa/DGhKhi7zl5VatQb7pkkf0grCvS8vVwxhvQDEm0w3Lh/k8l/WQvf2bIfJks0Q5G2visQ== processed in 275ms
[2026-08-24 10:56:28] [WARN] [auth_service] Transaction payload payload_hash=tl/p6zYT7d7lRoNbewAXnIjMKe/XPN0Tz4x2eofiTEJSeNgGVAvAkuA7AJcYUlvqrzXWeQJLvGR58g/+hIJ+WQ== processed in 177ms
[2026-08-24 04:27:14] [DEBUG] [auth_service] Transaction payload payload_hash=ODGelz258iuPEGUChNr7PXyMUUQDSfonLDMU73/Cb52TrzVuIwI8oRDoPGMbExOJywq8aPUXx7Ac7oiPOgXUnQ== processed in 378ms
[2026-08-24 02:22:52] [DEBUG] [payment_gateway] Transaction payload payload_hash=ssXy9opBx3hQv0nPT+VA9XLZFMtFgXcP4agQAfl2JxpLmqsWmQv+ovScS8cZqgQ0hN6MGB3GiwivKe9bxPNbIA== processed in 157ms
[2026-08-24 04:04:00] [ERROR] [auth_service] Transaction payload payload_hash=zY4IkRdfDeLUwcLmsQ+ADcGCa3V0IwottGQ7/uVgnruPffNXiUJ0S0o05ybR02j4Zh93pUdpx7qScs8MIUdBkw== processed in 207ms
[2026-08-24 07:33:06] [INFO] [api_router] Transaction payload payload_hash=HG0MSLj0Z5iLg0vrrVSvZVSQEEDdLNMhkxZu+DHAkKfK+4RxlgQGxjKePEcM/jm90H9yxu+E0UJrIbJg1Fa2Lg== processed in 462ms
[2026-08-24 06:32:06] [WARN] [api_router] Transaction payload payload_hash=8nwUjk8NsfN+GrXS6lfqE3sSpwuobIRpAAkEqZwC1JuMJe08mABsc+dWMz47hBGUhO3eiDSXxo9zAbTFxJ8Rxw== processed in 290ms
[2026-08-24 02:22:46] [WARN] [payment_gateway] Transaction payload payload_hash=YpbAF+sFbjsfGgj50w4nXyFyNVVtly2wWyYG9RrAhzNi/O3UWN6RNtAHmMVTEfTCWSNUP2llAwR5/+fa1OYNfQ== processed in 325ms
[2026-08-24 08:28:51] [DEBUG] [api_router] Transaction payload payload_hash=OwumK/BDq86MfQ3PnMDjJjLtNFs7u/Vet/imNijH8Ckpwanw69F5F1GsS5pEaqOZv7/dUTnpEC4EJx14HfSjXg== processed in 405ms
[2026-08-24 03:02:23] [DEBUG] [api_router] Transaction payload payload_hash=sSNw2aQr2M7gxXtLWXcaE2m90OnbSqI43fmNZUHHuXOKnAkVhwWHBsRmD+18O0POl0XLpv5UcDkjrPOV2f++Tw== processed in 63ms
[2026-08-24 07:51:32] [INFO] [db_pool] Transaction payload payload_hash=wv0ctoegxOJGOWahGwzmfcU4aEhPOgVnZ3R4kY7LcKkVXVVtzZ1hcwU897ubngt0kCy2FBlaZNfxikVVn4GCGA== processed in 482ms
[2026-08-24 02:40:37] [DEBUG] [payment_gateway] Transaction payload payload_hash=2ZIr+pXjNJuAs0Dm2EdEzYDLc5ZHmYtoHZtwjczwFBH47jGBSX7gwRL+pOsl2pxonV6DVhSEeaOAqoLtu7e/NQ== processed in 465ms
[2026-08-24 05:05:23] [DEBUG] [cache_layer] Transaction payload payload_hash=m9oc82uVpqDscb+Xp1+JdNzTOcXEfT7eY9zqpR551WO4xuQcDFCuaMP/xpjn1aKWztCSlKsKByCLJ9kEThDnoA== processed in 83ms
[2026-08-24 05:43:08] [ERROR] [api_router] Transaction payload payload_hash=GNKKBx2VTZFz572pWckDeZEQSHsQpoUjGVk2V8ZzHTBQxiX4lLdfqf1axiJRmM3eqL4RXliAXU5Yvw6+9/5/mQ== processed in 306ms
[2026-08-24 03:30:39] [ERROR] [cache_layer] Transaction payload payload_hash=8JSbcVMD4IjRQwSRENlpum2TUXfwS3QP22cYyXWOxsm7mcHUcichjgBsikSAu1gt95r8VKX+SZd2irgdB4t9bA== processed in 322ms
[2026-08-24 07:17:22] [DEBUG] [auth_service] Transaction payload payload_hash=0VzneECNJMBsfARTlQw8p+nTKVNr0sinSb8ylCROwX/Uc97VUI3rv+GGehqDeZzB4OLVnt3MzScEX49Vz5YYMA== processed in 142ms
[2026-08-24 05:44:21] [INFO] [db_pool] Transaction payload payload_hash=eCVOCgAP/8lY9g27eXmnvb/L0z9eGnvQGWzTPP/8qhfw5gM3TVuyRVG2OWp63N4Ze785vSr4zOf7Vt0s3hrKaQ== processed in 301ms
[2026-08-24 07:07:37] [DEBUG] [cache_layer] Transaction payload payload_hash=JgY5btGmYwnXh+1Wk5x5ZkBu2h4wbiWefcc1tHXbsHt/LKmXGQrv9tsIbjuiWqlDg8iqObgFY1PlC4zAm+DHBw== processed in 1ms
[2026-08-24 06:33:26] [DEBUG] [db_pool] Transaction payload payload_hash=DeN56hAwkJpfeKEYZRz3Ufgq7qgdocasF51St2qxqqSsLdQu4OQ278yH9yMmKmJvYqXbCM7IBPyNn84oxGew6Q== processed in 335ms
[2026-08-24 09:07:49] [ERROR] [cache_layer] Transaction payload payload_hash=oDZt/fNHHivG4ivorza4xlfkdl3dtiDpbq3JO++YDAct0uBYLZRcovRzH2PVJSeKoBD2ddaD4HaWrszV9sqaiw== processed in 490ms
[2026-08-24 03:12:25] [DEBUG] [cache_layer] Transaction payload payload_hash=OpwKqrXFKGoSsONOWDzSXI4um9ApECLGsl2wcyZYNQoAgaaPpXGJE96ek+4fGK3dd/XcyBPXhOiRUtxxgQub1g== processed in 85ms
[2026-08-24 04:28:44] [ERROR] [api_router] Transaction payload payload_hash=TWJNRk0MyVr8Xt1876QmVcUZk7Bcpn6O/cmQ9HYiMuRoawaV55MA4uws13V8qn11eknyK+Jq4M4efQ32m1y4pA== processed in 21ms
[2026-08-24 04:08:12] [WARN] [cache_layer] Transaction payload payload_hash=nAIP0RuFq5gxAyF85UknifA5/grD1lTPu0/rvXSfaz0zHlnGgOskF1XxaLoTr5tJ9BreHzW8aSDkHwhvbYL9cQ== processed in 176ms
[2026-08-24 11:07:34] [INFO] [cache_layer] Transaction payload payload_hash=aLfB3G7GdHrREo6hAJB1UxRVojOUC368DmId7U1oE0su4Ay3jZmmo8Y8R3eZZ+xnu99viizHO1nfWL4zp9/T6w== processed in 176ms
[2026-08-24 10:02:43] [ERROR] [cache_layer] Transaction payload payload_hash=fBiFUTbY7DEYjnyd0OdM1DfYixZ+B5PUeG+FEz30K5WmcBunlbJK55EvoEoBgwkvYCGlztIzXPE3b77JbmJmYw== processed in 245ms
[2026-08-24 04:00:18] [ERROR] [db_pool] Transaction payload payload_hash=gT6zix0p0ghzh+w0gC3c7NqrlKzZON27NhssL1UYxCToZiYWdX705PfFcMhK7jCNgGp42SAtOWhxsaI42sMP2A== processed in 71ms
[2026-08-24 03:43:44] [INFO] [cache_layer] Transaction payload payload_hash=0UPBjgpA+cRJU7tuogJzJAGW2U2uD/T0OckzgheCt5qjtUGJvZ7x/d3/cGJiqSOkJL+5tV71i82mfW329YtM5Q== processed in 324ms
[2026-08-24 03:34:59] [DEBUG] [api_router] Transaction payload payload_hash=YE1+aBg6qULMj/UqDoaHqSVvg4j47U9SXbKOzhUN0SxvIxHRGyuEJUzUTDAGJD0VxIjPZrfgX+6fcTsq9ai/Dg== processed in 166ms
[2026-08-24 02:28:08] [WARN] [payment_gateway] Transaction payload payload_hash=FF6+nXZfUW9OwQmkgMiMGCrr8PtU+KvYDIb43D6fL7OYr95pCXd5Ic+/tCQVgkStOXK3FI7gflK+7B1B5JpGZw== processed in 167ms
[2026-08-24 09:12:04] [WARN] [db_pool] Transaction payload payload_hash=iDmLRWiprIeFwitRaJ7vlqTZUBmA+Kk4oDNhzfXe0kyWvESoji771jLSQPSbOtsU8RHxou8ux1Th5q2jxXysdg== processed in 346ms
[2026-08-24 03:57:51] [DEBUG] [auth_service] Transaction payload payload_hash=b++lloA1iJlkT7QPPW3XxJdKvFTTq/84XtejfJMGiTsnIt+Vv+d3J3ojSCkXYWozThf2S8iDXCRyjvd2z+twDA== processed in 138ms
[2026-08-24 08:27:22] [DEBUG] [api_router] Transaction payload payload_hash=fqVmMGzcw0oxTZ99NUvq9G4YA54CiH7fSXPFwKvfGB0OmQPlyP+F/AFWdEq8MEPzXWRlGw4xKnVblgUKxvIvxA== processed in 142ms
[2026-08-24 05:14:29] [ERROR] [db_pool] Transaction payload payload_hash=P63t9EZu/hXoFFz9ZrbruGfLqRpapno49G3v57+WONhFaYp/9ti4PE4/eIm3xvHre14l5d2jBER1psL1S+eEog== processed in 148ms
[2026-08-24 02:30:08] [INFO] [cache_layer] Transaction payload payload_hash=tQRr0YmLUM+myXcSeix5cwGEmnJ1HSMxnTj/tGnH86MLr7Ai/2C7h/EPm002tmQpSv8nNHl0zDAK4bAXLrJQxw== processed in 70ms
[2026-08-24 08:32:40] [ERROR] [db_pool] Transaction payload payload_hash=ZWKJSzawDUsNEApmxKD3JVaFkkKTr+sy4AAjHNlEOj2uOtkRGZFzwko521nvu5z4nOrtIPPErSavhQIVX7MIdQ== processed in 326ms
[2026-08-24 03:32:51] [WARN] [cache_layer] Transaction payload payload_hash=EIFOF5NviO8LB0ga0jLR66i12z+OTidUqyWR5bg+yXvoWcXupRUrQ8xXuFH9MG4QG9BHoBlQn6knfj6MdBWRRA== processed in 136ms
[2026-08-24 06:37:21] [WARN] [auth_service] Transaction payload payload_hash=jEo8YKZwxFb54cs8r9VfWWR5KvZ3FXghD7Zr1QMdwcbDkfu8W83taH4kxNwmm/sFiwunKGje617W5bzrhdq2IQ== processed in 324ms
[2026-08-24 08:57:19] [INFO] [payment_gateway] Transaction payload payload_hash=kRYf5yKac4HgpNZXkFcLJ0dkCXxfla+EzaXAIG4ql0xYzB5k7HAh3Goo1QcZtWk6TJqaecNNX5SYCvK7Z3Swhg== processed in 147ms
[2026-08-24 04:57:56] [DEBUG] [payment_gateway] Transaction payload payload_hash=eNzwY3M6tu17gg34NeB5r+63jbO9TF7W84CryQVMFQRCJvZAkZLdAzOxemVxdLVpxmalRPM3AvZX8fCm9IJuuA== processed in 190ms
[2026-08-24 03:46:46] [DEBUG] [payment_gateway] Transaction payload payload_hash=d63UfQeAhBGdBLijXJt4hGL9NGG2UlAwUMpBSfqtOqtgGflkrnuhbUi4mO5xuW6NavLoAM7X24FO1vqXFbaiqw== processed in 108ms
[2026-08-24 04:43:49] [ERROR] [db_pool] Transaction payload payload_hash=WKA36n/7hSPh6OsnGAjUvIcBpX/QLivxsxFlbR6r+YEoJwh3vuOxbSIdwXKCMxz3Y75WedkAfFc+e4i8bQrXhA== processed in 27ms
[2026-08-24 10:02:56] [INFO] [db_pool] Transaction payload payload_hash=BdEVpGsKFp8Hm/7sIuWIbRPyI2PI4XrJlr2SbXv4wCSjDs3ZT/E1u0gqppH7zkEAxaEGxJ1D1fhlHg5Nkukivg== processed in 107ms
[2026-08-24 09:32:22] [WARN] [cache_layer] Transaction payload payload_hash=DZrkKxUN0KUNhV82IPEM4vSlbl36AMT9nybhCmj+LsV9Wa4igqXgsWuXrgt85N+lQcoxael7mf2+v++x3PdftQ== processed in 356ms
[2026-08-24 07:00:32] [INFO] [payment_gateway] Transaction payload payload_hash=Vx6NFziJTvY6do7bIUAHVUy1oLVQsV0kAaAE9SL/kwWMJTzDvh/HwxzkP9U0gaxys09sjWec+rGwmfD8QgnXdw== processed in 400ms
[2026-08-24 08:53:04] [INFO] [cache_layer] Transaction payload payload_hash=9/hnFmebbkIrG34extR8cryu/mUon3N3mREZ0T2mqwG79E1koRqJwSPJqfVMsSw6516WBCpS4kV7KuNJGGFKNw== processed in 454ms
[2026-08-24 02:27:49] [WARN] [cache_layer] Transaction payload payload_hash=RAnt6zqwpCvNIgkXu92I1E2uHMDnRl0nBK8+Ag9i4YwxvqgnZR5XKnRwlQpcXn7lcunNcKj+Z+N4eklN1hcWLw== processed in 205ms
[2026-08-24 11:04:06] [INFO] [api_router] Transaction payload payload_hash=KoQ3NOi2sdVI03Tyrs5yYee4shMSYEq1aNofZbqXix/U6dixmETVG0+MrWKBvX7Wv2sHqz6cugEXdDw7kNi2mg== processed in 418ms
[2026-08-24 04:10:34] [INFO] [api_router] Transaction payload payload_hash=CdpQZaWfIEjl0WXR03O47KPCjHkw1UGguwoRw/RwMzc9/v7tVOrjd09/UjhkTt/Fv7MA/7/DqSu8qDfTRYdplQ== processed in 76ms
[2026-08-24 07:57:42] [WARN] [payment_gateway] Transaction payload payload_hash=IRA0JVJk+g7RMzuIKT9lFSn5jgCllCBjNAKoxMhX8YAaTfi/3uDiXkw2OYPhv7g/V28grs53af1SlYjVBj19TA== processed in 238ms
[2026-08-24 04:10:22] [INFO] [db_pool] Transaction payload payload_hash=QucyaAukrX9paesalq6D1IPAt+OT2i1mwn9nUoM5aH9P4UawGZcs8XvyWiDSWGZ3sk24w26H2AR1PuSowNYXVQ== processed in 208ms
[2026-08-24 03:52:39] [WARN] [payment_gateway] Transaction payload payload_hash=6lHGy8/yhZvIFhxPC8EgVnOsqUprRJ+HhaV49mqzGs3stavVOpBAcz9rlrDshDUIEPhk+bfXUmYhJ5pgMut/ww== processed in 35ms
[2026-08-24 05:38:22] [DEBUG] [cache_layer] Transaction payload payload_hash=QI2s373kd7W3KPfv9MxreooBBXm9yOserxC3WLQLfnQrgp6IoGTLrYxueMX8Iml1PPf045NkUhdQGjJQu/NxdQ== processed in 101ms
[2026-08-24 07:14:07] [WARN] [cache_layer] Transaction payload payload_hash=IPhHD+u0S+sF9n349gbzfvVtdoimEXJ27P7bBbL+W+IphOjxxyXqdznPVOQDM5a74a6g4zvJvZ3QvFD89yDcPg== processed in 442ms
[2026-08-24 04:42:05] [WARN] [auth_service] Transaction payload payload_hash=k/1yHrjub12qO56QqzhaSeufMdEbaFXMDMRqXLO1wo/hdmYk63bR3kAVjasGOwIoxSemgdTqMX+pxU2oCpXoqA== processed in 182ms
[2026-08-24 08:44:37] [DEBUG] [cache_layer] Transaction payload payload_hash=kBmpiugSJQneU+o2HiiEwe7kroiqW5dnPyvVpl45Zp3zm0xHZOMaKLfBB97asT8A0HTMsuv3BhDn1NetRCtxSA== processed in 373ms
[2026-08-24 09:00:51] [DEBUG] [db_pool] Transaction payload payload_hash=rara9Nbb2G7AnsRWe9iTmeH8EEDFBkcZo3E5QYkVtz5Qap8Heg0g/6hDxKwu3tyutjd/b1WsGZBSK1F56yxtRA== processed in 214ms
[2026-08-24 08:55:23] [WARN] [cache_layer] Transaction payload payload_hash=vfeWUkEXSL3B5CZhTe4J0FUgCRX5xc6OEZTO9GNvcb9Ey82kyiL5g/KycJEPk3oN/ZHrZD6THM4AgA0fPzJ+1w== processed in 266ms
[2026-08-24 06:10:53] [DEBUG] [payment_gateway] Transaction payload payload_hash=l3K2K8aXFoXv1qdyFUMjW1fKgV2AnXB61aMgFBDPC7XIzYDYZl0EfDU/nSlzIcOrQihAtV27wKZdipNbWtJbsw== processed in 290ms
[2026-08-24 05:49:40] [ERROR] [api_router] Transaction payload payload_hash=8lftEwWAHo+9MYMRFiVgDNHbBiXeOodtFoqouJAXovCz5aBaGoqkVJFIc+4vcXHXXKVtJfQPIH59bct/3myKPg== processed in 117ms
[2026-08-24 05:54:08] [ERROR] [cache_layer] Transaction payload payload_hash=K89HbSw4sUDTKxr7Vu4Oveb16JmSGki3hAzhjRbUgXKWyhHkgw9K1J5Jsgg1gbrtrInH1godTz0f3R3LJnuVow== processed in 270ms
[2026-08-24 08:40:11] [INFO] [auth_service] Transaction payload payload_hash=KjiQ6J29W2++y7Gq01n3pERzcS/ZUD8kc7z6p8A0A1iM8NnNvUkG8Piw1YHjoQTYgYLUKg0lSNxfXlp43gIkkw== processed in 161ms
[2026-08-24 09:39:56] [INFO] [db_pool] Transaction payload payload_hash=FHOkJWh25uxy6N1AnKPulRKtmpz0dJS8/PxofRA9ApUL5gXYK2qusTSpDu96eqggS9QlyTpGtcViffciqMsLYQ== processed in 462ms
[2026-08-24 10:19:18] [ERROR] [payment_gateway] Transaction payload payload_hash=y0o9O2QrdZDPF4c1sL6Zz9+nXckqss9ibzqTJFBYwZIbgCcylo2Gpfff0zqoa/FOTtRlTaN154wP4uriIsdaNA== processed in 91ms
[2026-08-24 03:44:06] [INFO] [payment_gateway] Transaction payload payload_hash=k2o6/lMM5X12sg1OVcbDczsoHY+i8lhqB1SOfJ0JzH1ihsfDizxP7pIb0ZsPA/0bgXJ8HnJ1JejmgOqbNz7ucw== processed in 308ms
[2026-08-24 07:22:39] [WARN] [api_router] Transaction payload payload_hash=sagxdrtY+CjJIaleGlpuof4Fyi8I/WuWGWYmX2eldKr5TpjkpdciWZWPQPKPlRWBLJRLv3lJeUf93mcNUjvnow== processed in 419ms
[2026-08-24 07:55:28] [DEBUG] [db_pool] Transaction payload payload_hash=oLP/whOuKQdFb74mAmwzv1RH0royB1YsyOAjr7RVWfSSRtEADwy09qLf8NlMfPhk+MV0FIp09hPRYkRJsKqPfA== processed in 337ms
[2026-08-24 02:55:02] [WARN] [api_router] Transaction payload payload_hash=NBJbUvrrktBaE5f0JeRtk5WdnwyXZOGTaZj18Um/xEdOGNOgHL63rljk1+tw8nkEEme8zG6twymtN54kYghTcw== processed in 221ms
[2026-08-24 10:28:39] [WARN] [cache_layer] Transaction payload payload_hash=DZcqQgiTeSb7LA7yeeuu7AriDKaKCvaoW9yEPcT1YE3IbRajWq9RcxkybBOr0CJC+Pv4lLGZiN7z+QZ9TvwjRg== processed in 75ms
[2026-08-24 08:49:24] [WARN] [payment_gateway] Transaction payload payload_hash=294IEBroUnGFbQ5Hlex7tv+jd+JZSl1vY9i0bS1bDpP55NtIjjK1b5cyLMkV0HV2Tv4zt9fzfSffxdIoDff9Rg== processed in 169ms
[2026-08-24 10:12:55] [INFO] [api_router] Transaction payload payload_hash=egqL79RItUa0jSizgZgvIErLsu1AuepbIbUgqQXuAlPUpQn/A42hv9hVPQ9NubRWaf37pdxF9e97fVhVgwzvgw== processed in 102ms
[2026-08-24 08:30:31] [WARN] [payment_gateway] Transaction payload payload_hash=p1tlHtxpWWXsBrzr8Xw55ETyT0pGXVuBoNmrdq7m7s686hpm+FHTZ3jXBUnQy/uJxqvPxXX82QYtzEDyUKI6zQ== processed in 397ms
[2026-08-24 08:47:21] [INFO] [api_router] Transaction payload payload_hash=qt3RT/3jbpnbl2TkoF9t3ZH9JtYMMzfIPKlK8UmMPx4xP2vsTpGO+PIgnaWgP4fMzZ1CCgO9ZfAWEYj/52WqFQ== processed in 359ms
[2026-08-24 08:55:56] [DEBUG] [payment_gateway] Transaction payload payload_hash=UEhGiDVtUUuF+nehF4plGk4vJSe9wu0qJbdPFoeDv3EU9y8/D3zJI6Wp2L3noGs14Sd9IVV1YucsGYwTxfz4sA== processed in 316ms
[2026-08-24 03:20:20] [WARN] [payment_gateway] Transaction payload payload_hash=BRkR7pAvp3C6MUS7G5rRDv675KzyI/ZMy+r93EYPUh0TWM+Cci/Lf+gIuVFa3iTmSz6AQ72an3Mzsgw5FwIkOA== processed in 414ms
[2026-08-24 09:23:01] [WARN] [cache_layer] Transaction payload payload_hash=FlcptN6lWFHJasfIaDI6gYp/0H//RBmfkR5QoxymrOeiDtTVm312o+qwSgSzwAhbpCT/fSWn8ihbwJJSBCVIcw== processed in 255ms
[2026-08-24 09:03:09] [WARN] [auth_service] Transaction payload payload_hash=P3xjGKKZPFGvn/146vvs5NZTJJgbklyifzXEDuh/PbZ8lTTKTjQtSzi1v9sjNgNi20hbjUwSRWtyIaQABLq66w== processed in 78ms
[2026-08-24 03:34:01] [ERROR] [api_router] Transaction payload payload_hash=zlDCJ3fbGWZnzsqDC+ZlS+1gaR7uCpyqgAznA2ntgTFw8JnTVRDruuCWRCk2AirOhf8ph0C9d3PJLrOFtWFZzg== processed in 355ms
[2026-08-24 10:57:15] [WARN] [api_router] Transaction payload payload_hash=fh/g99Nukl4elmBcxNPRl6myEgvfFUos2jN4CjchJ+sJSrs3PGqVTe/BZx61SCMSePwOk9iGmf81i6gZpFN2nQ== processed in 423ms
[2026-08-24 11:15:41] [INFO] [payment_gateway] Transaction payload payload_hash=afIC8mwjOmW7f6MKSv2lFRKaS9Ibnp7f+07lEGAbrhl29JYWKzHVuywB4fGOpARv7Lu/fkwnebppSEslDH/M+w== processed in 152ms
[2026-08-24 10:01:15] [ERROR] [payment_gateway] Transaction payload payload_hash=8XnpKOjXhIsYDDNbLg6qlHIfhl+4s6+o20KsSCgkWPIVfNHN67J8trp7cpahLrIdwhM9mxbwqGNZHMBEPaVojQ== processed in 241ms
[2026-08-24 10:51:31] [WARN] [auth_service] Transaction payload payload_hash=ty9I2KCCf74oeEDUISrv28dOXoxInjjmHAAc02HzFA10uJRvKCsUSlEC4fbWpPvr5uG7bAAquo9xMpEMvYn8mg== processed in 239ms
[2026-08-24 08:17:07] [DEBUG] [payment_gateway] Transaction payload payload_hash=Q0GjJQHrINnmVnCGBj9iOk5mxcybAFu7/4JXA8PAeTYcPSqoSO5FmKfNGweGW8HUhGDWINYHBeiVBBF3MwhjXQ== processed in 65ms
[2026-08-24 07:04:46] [INFO] [auth_service] Transaction payload payload_hash=urdWiu+B8uMn0ga9KFngToB3fYHZ5xctD086Ch2rPCf54F8lWXpQEZQsio/naD+Fhjuo9+yLikDuCaJ9Ax89SA== processed in 464ms
[2026-08-24 10:35:30] [ERROR] [auth_service] Transaction payload payload_hash=LHa3V6fpAYrpfmby8Am6UQuqzzcrrndxOaz15aUf+UCs5uJnP8bIdlxN1htysoqhDnYghy28P9oX+7hBVE7g1A== processed in 434ms
[2026-08-24 03:10:02] [INFO] [payment_gateway] Transaction payload payload_hash=a5U0cO/Y2XLhtbhmAin4kvMjjXL1FBq4rrc6Gfj6e5+5Dw73IHt3WZ+WGsyfRP43a9Tf4IkMGRNmgmxjHQGf3g== processed in 124ms
[2026-08-24 10:56:32] [ERROR] [db_pool] Transaction payload payload_hash=/WFHg/cn0NIWP48ffQ+5fBuepYO4Myq6Ak9GaaBreXHTGa6n0cpJCjWWgjqH1CFa2nnUYx62zJqCh3MrQ0wE1g== processed in 228ms
[2026-08-24 08:47:39] [ERROR] [db_pool] Transaction payload payload_hash=OJoUjWYFyapsJNxIkn5Ew2xfeigPESJXJCJDuB4nQF6CFJ6cbZQJe3cQo2/O+AVCQXTlU3ujrSz8nkA10Nhxyg== processed in 457ms
[2026-08-24 10:48:02] [INFO] [auth_service] Transaction payload payload_hash=/Dsnnbg4Hz12BKgg1pLb5W8vronaHSN9gnizF+VyktEUeJAGw76ORJVOx6R9Y4MX9a9BIJdIBIKKM5ZAXNAz+Q== processed in 25ms
[2026-08-24 02:38:13] [ERROR] [api_router] Transaction payload payload_hash=cRuxxg6jSYOMhcozMb2rg2qsfacgNYllc/5iakr1qwAtz64Vrz4O6HGJeT3sPb5HiAIpKJ/geGa73atT8wbQ8w== processed in 400ms
[2026-08-24 04:26:36] [INFO] [db_pool] Transaction payload payload_hash=YX07uESQbQmp1LCiJ2ciRiLdetLdKioWslFdAQPB0ry6V1HMxqVY4i7V6J4XJOpF1h8FpPDWTfA4OQ5AxW2imQ== processed in 29ms
[2026-08-24 04:36:33] [ERROR] [cache_layer] Transaction payload payload_hash=ZMzXgr22OisbGTc/C2/XCZPZhXxhe5U/v4/S8C8cKivHF7ekDzIymk/pA9OGjhlksPEpWJV22Ewe5izQMp8fAg== processed in 57ms
[2026-08-24 08:01:06] [DEBUG] [cache_layer] Transaction payload payload_hash=CpcqboAyR8iYYEglJFHID+97Ly4gOJz1OUtfgRup7e1XiCwiB0SM6reL3urBA8joyZ7lcTIYO+ELwj184tIWvw== processed in 464ms
[2026-08-24 08:46:26] [WARN] [api_router] Transaction payload payload_hash=kZDxDwGCElNV0QQXhmcD81WpOj4WCy2ZUifl9tsBV9HkWolsfoPdCaaqWxhhhMinaigG2DTIW0PhHL50xeeOiA== processed in 169ms
[2026-08-24 04:39:02] [ERROR] [payment_gateway] Transaction payload payload_hash=nS4rBkBJsjIrrSHFmnL/2ko9e43EnBdSKHBzYoypTHriJD4JKPbUqWHrNFNxfnVkPxBtIb+A2FiHrqs0p6kSeQ== processed in 496ms
[2026-08-24 07:14:02] [DEBUG] [api_router] Transaction payload payload_hash=P48Y4B5zZyyot4msbOuXEbs3LqlyPqGZDtv04ZTTbs9sL7Gzyk8PvmzS8tMItQ3ZxZd98OAbWuxCXtT+CNnmAQ== processed in 208ms
[2026-08-24 04:56:09] [INFO] [cache_layer] Transaction payload payload_hash=xsW7Uo3RZ4pLR9nx8x5yc3cN0cjX1oRP5VN6n4zLnz1uyLf2KbGSD0xzIrBzehkmDArIWgUfdydNezygbDN4Nw== processed in 190ms
[2026-08-24 03:30:15] [DEBUG] [auth_service] Transaction payload payload_hash=WWM/Zb9JkktJHTA16LcvHukmBvTrK5MuBLVuJjR7xh7crLFH3NFQ+SR6mRo8XFkzLbGl94TSNdj7NU+9OR27mA== processed in 468ms
[2026-08-24 06:45:09] [WARN] [cache_layer] Transaction payload payload_hash=9ejTz/KKHSz/96a6BnIMzNhGqgoEmrD//6Wfxh+7EI6M4q6o7wRDMZHeGAhWfuPshqRKKK/xIM1kKgL0fyrfnA== processed in 302ms
[2026-08-24 06:23:34] [DEBUG] [auth_service] Transaction payload payload_hash=DH0IMjhO+QntDXWUXvVyGOfas1GvdW0tuh3OEXp7nuLQMfNDwinhEEVNW/hAgl6Ywr7TPkITjiTB5nXOJzNKCA== processed in 225ms
[2026-08-24 07:21:00] [DEBUG] [cache_layer] Transaction payload payload_hash=PM77t4EkeUEwrp79rmBN3I79hZ7z2dJQ9Bc6dI6db/stTV7wQKgeXTFdGkKZIdS7tSuJOVRoOwTUnY2IFxh86w== processed in 222ms
[2026-08-24 10:54:41] [ERROR] [auth_service] Transaction payload payload_hash=uyipjqjDZkotVhv2wiY1esy+J91KByZwihBG0MjzJPH8BKxet/2Xojv46y+k2F6nXQ/JVIcr0KEjCte5FMaIvQ== processed in 415ms
[2026-08-24 03:13:47] [INFO] [api_router] Transaction payload payload_hash=PqVI+9F8QF1Yyl07akK/2v1IzTRIZAOQ8JEiwcc4wLsVEshbNI9V8SflLflgNXCB06mAggWG4wbgmQ4yl4fC5g== processed in 256ms
[2026-08-24 04:17:47] [INFO] [cache_layer] Transaction payload payload_hash=b4cvhLWQnMoytazCDUj0OI2gIyob6EzqkiTqtJFN5YxpY4xG84lwpIJzYdfIsvB7XJG95HpaAPZEOctbO1cV8g== processed in 410ms
[2026-08-24 03:11:19] [ERROR] [api_router] Transaction payload payload_hash=5c31th/vw4tBDWoC2GMNbuZdg+4ZJ9xAW5+flNxWPRIWIx3bAGk6Y22EioToxeV9zQwwEIgRO77+fYqIk/YW5A== processed in 384ms
[2026-08-24 09:50:43] [WARN] [api_router] Transaction payload payload_hash=d+K1BRdBcCxFty5teyCa0dXDd5gnfFYQFJLkFGXL81ay8PAxtkYfai6j/atHxgvRov3Cw4SpBxRfx/Cv2jXFTA== processed in 303ms
[2026-08-24 08:51:05] [ERROR] [db_pool] Transaction payload payload_hash=x3gMC1R2WWt2m1kHzOT8/QY6yV5khGpoI12ive+l1KqtQge29u+48syzF6LWqknUAF56lQYX8sKAugYIQdbQ2Q== processed in 132ms
[2026-08-24 10:02:32] [ERROR] [db_pool] Transaction payload payload_hash=JcQk14qeSiMV18wbVuFaMxSRMiUzsifD6H8lfQKAcyYntT/6A0LdeMX2AaYqUIe5gfeWFKfwA3Wk5NORbIdpAg== processed in 420ms
[2026-08-24 06:16:29] [DEBUG] [api_router] Transaction payload payload_hash=IQUeYVXWCnCRiPwEb9PeB+Pwt/eyrF0+C8oLy8J86VrSo1Uiet4Hz2WiZiNNF/BZqLI8lkcvT2e3dA6IiWb1Pg== processed in 327ms
[2026-08-24 10:57:31] [WARN] [api_router] Transaction payload payload_hash=UlcZljVJYB7/K7m+v5AvaP5fNKBtF66l5gDgbcEaISK1Vntrsvswy7Y8pT1bx0Y16bxVwwyEItlfj2gJ1iGqyQ== processed in 245ms
[2026-08-24 09:24:31] [DEBUG] [auth_service] Transaction payload payload_hash=kqWkpleykPlw1+eTilwpXJRbMA+NSI6wQGhSw1skzqEJYp7Ty1LtCR3gd9SSfjnkavyNlolTCoJHHPYrrO6xSg== processed in 210ms
[2026-08-24 07:46:27] [ERROR] [payment_gateway] Transaction payload payload_hash=+hiUsz3jieWcYTerE2yTFj1ci2Jjo8myi1oBhKeN2vJhovJmD5qb++9N0A27zDGWjkxbGfG2Kt1j0purcTjEOw== processed in 442ms
[2026-08-24 09:19:46] [ERROR] [db_pool] Transaction payload payload_hash=kzG8WjTIzIBdkhJX20CLbw3atYSK7XpjFH7pwNHRXqq7bH3wA2vG2Vohg5WtcEIrT+J2lo1jAeRxy2bAdkANDQ== processed in 449ms
[2026-08-24 02:33:21] [INFO] [payment_gateway] Transaction payload payload_hash=D6eXe4EAi8xSRZMocsC4hHEmr3z5Zc7LvUsZ8rcIrrDpGkwPEBggo4nAvOG7EmrjWRQSUNToSHW1ibE+iDB80Q== processed in 401ms
[2026-08-24 06:27:18] [ERROR] [payment_gateway] Transaction payload payload_hash=OZwLhawBvEW6H00eXBhxgyx18kXvmJq8YmtpvbCcpp8sxVdD9nk7I8IK4ScJ9q9LGbbJh0Horjr9dURWMFBThQ== processed in 155ms
[2026-08-24 04:23:08] [DEBUG] [payment_gateway] Transaction payload payload_hash=yqGlCcx+ADvpyhG59bqbntFaKRm/UIdhObAKIDbOP6Sx8dvOTctV9YJpUhQDgEH00WfhHYl0Y5rBHo2Eg7khpw== processed in 73ms
[2026-08-24 09:48:05] [INFO] [api_router] Transaction payload payload_hash=vwi134QhH2hdp+p5dRPsKJLES0CHBDb/9PJAG6tWhMI8avZsYh8MtY2L7OIiz75t/Aw1sm8bG5RHZDHpqN4saA== processed in 223ms
[2026-08-24 08:13:52] [WARN] [payment_gateway] Transaction payload payload_hash=3L0/VXwUWBeyc9vWFMyE2dnCFzT6y6szGiqP79QAZ1lzDBYoYZqIiNLUmpjKZIlK9vSsSQFd2S3dA46wSRZ+8Q== processed in 11ms
[2026-08-24 03:16:54] [DEBUG] [api_router] Transaction payload payload_hash=oFVByhvWNBCLtUISvxxiOKmHIn9qhpfxe131x/KVCWuIugC/q0fgWJtb61BAxmmTlPS6rK59TP9M18/7AzthWQ== processed in 277ms
[2026-08-24 10:19:57] [INFO] [cache_layer] Transaction payload payload_hash=Tg5jNHgItJb2razaXcELLKlcjO0XWiizVJ37Vu9aDrU4LHrNPQvGr/o9JwkYpaWkNSpYVtlKM8dvyxo6WTG7iw== processed in 401ms
[2026-08-24 11:21:22] [INFO] [auth_service] Transaction payload payload_hash=IIqlcYTEcOzHlCUV3V2BOvVYw3jIXkyyU0jLNzM++R7r5jGyDs5RCaTUFRXm0VRQI1QldcUQKLCLyXmNVAzJdQ== processed in 440ms
[2026-08-24 09:34:58] [DEBUG] [payment_gateway] Transaction payload payload_hash=LpwPXff9Oqb1z7U3egc/8JMEY0H92EYK+TRmb7heLJS7NpDzuCXQEbXM8GGgVrMzr/JpZYMaxOFSaiOUsS4j8w== processed in 17ms
[2026-08-24 11:10:21] [DEBUG] [auth_service] Transaction payload payload_hash=2ub3PKp7hZljJ9N48obhe9s/oXbZvvWb66GGoVG9L2O7vgJZtMZ5eaYhttG+9hudzNpei9bJEp+3/xw6Cl09Bg== processed in 103ms
[2026-08-24 08:52:51] [DEBUG] [db_pool] Transaction payload payload_hash=dqCNd6arM2CkjzR0VOPmtdfxcsseREBfhkzX1KHSfI3lrNxjA/r3KvTjn1+spzgTm1Y+A8pkzMP0lVWB1VMVcw== processed in 293ms
[2026-08-24 03:55:49] [DEBUG] [payment_gateway] Transaction payload payload_hash=r3mZKtCMWH6zxnJiuy86W4MMPS1A6dqfUHaRYNexLk2Z/J+bLIl5uQxDAp+Uia0vdTC/rl399UxAw1z+xbx3LQ== processed in 115ms
[2026-08-24 09:27:52] [WARN] [auth_service] Transaction payload payload_hash=oplJA+a/ppUADY0vlkqHp8C4nk+0z+HaV4HrV1zoRljUSbLUzjAdkfWSvHyDvdnkkQ2hURhphyHFY6ceVd9Eeg== processed in 322ms
[2026-08-24 09:46:51] [DEBUG] [api_router] Transaction payload payload_hash=sgaD5/AGdEPE5lEcwZY7Xn5I2MT1IIAXObh+7thJ5caPuygVoI+85OaEhl6SliljQ7GRXv4u+jCAYHjRholZAA== processed in 455ms
[2026-08-24 04:29:39] [DEBUG] [db_pool] Transaction payload payload_hash=Rz2hMpGeOpddEDizeJP+AbStmMDab0EpRZqjaUa1+NbebZCEwskJjZzSD4yoHL6FinzxrZg5Xn8EfZvpAfLRWw== processed in 249ms
[2026-08-24 06:11:10] [DEBUG] [auth_service] Transaction payload payload_hash=q637ZdNzOo+gveI/z3umyr1R578BqFTgfJGh4oHgdyeMDCjfMSVHImju5JVK1oEIVTUmM9V3DAVbyUjNZjXiEg== processed in 27ms
[2026-08-24 09:06:12] [ERROR] [payment_gateway] Transaction payload payload_hash=CNLKodoVWriXDDPz3fbRtIgl1obOGiScklgGhZ643EKDZvIHgiSB6+LWNto1I1hJVkg0s4Qgcpvoyc1neA/mTg== processed in 330ms
[2026-08-24 07:45:41] [DEBUG] [api_router] Transaction payload payload_hash=I47uk1XI6DNYv4+vIr6GaVjniPA0RcGVie3scy1bqVuKgw2lUTUpBiyiMFjZLAoqHWhQxbtExdcgnEL9DKIWtA== processed in 233ms
[2026-08-24 07:05:59] [ERROR] [api_router] Transaction payload payload_hash=Ej8PHKd6QACsgNtKTwVw9M8ivkrL40jWXpLTt7EFoWB6ZKznAG6LO1b5vH4FG4EYxA6UltFeofzkiScqIQF16g== processed in 260ms
[2026-08-24 04:51:17] [DEBUG] [auth_service] Transaction payload payload_hash=BbCFxwXwDWl5qj1HR+2QPpviWGrD9wesr8USdVhaULpwwhCTaOkcOV3SSTJsCsDErR622Scn/G2XsJ+iqHwOCA== processed in 396ms
[2026-08-24 04:40:02] [ERROR] [auth_service] Transaction payload payload_hash=UTSdo8PLVaKwPljy9rYDnRveAyTlkP0uMSbzeLQlYBi0OlQ4hj2eicbpxqYMjhRuUInPUT1qP7W9iVMA8aPYlw== processed in 165ms
[2026-08-24 08:04:20] [INFO] [auth_service] Transaction payload payload_hash=uFE6bpSMpsDqTeC6Mfm+Z1Z0wK56s8exeIl+4E9lWrX0tkzfLUWpaHQBYdzt314XK5V4evwNbEoG9xhgevo3WQ== processed in 479ms
[2026-08-24 03:35:17] [DEBUG] [payment_gateway] Transaction payload payload_hash=bKS/g7nkSwQYcJVng4zSbmxvkbnhQ6b/WtbPqroBGSVYCZPEt8YRuyZ72qc7UmDT8/graAXJoaCrvRs0qP4eUw== processed in 3ms
[2026-08-24 08:36:45] [DEBUG] [cache_layer] Transaction payload payload_hash=mC7eYGnBBdODXbwTJ0eL09z9KYxqj3x5laSHJYH90pGzqqiYjXbA7akNU4n4l0e+fjj8JPGjXa/dmZyvMPeiQg== processed in 39ms
[2026-08-24 10:11:05] [INFO] [api_router] Transaction payload payload_hash=r1DaIPI39sjO9D+gAGctXx5/tMUcikORTEJi4SwtL6ESHSRvb0+7j1Aalr8AdoSCME+M6fRJabES3lSFjKF84Q== processed in 219ms
[2026-08-24 06:27:05] [WARN] [db_pool] Transaction payload payload_hash=f/ohjDXydUkTkwJVrn0pdyINZ3nZ4ywB2B2Zge28d1UQv8M4XYtdIOwW2kP4se0DRDzJrvbRszGkmAGOpvecZg== processed in 443ms
[2026-08-24 06:00:34] [INFO] [auth_service] Transaction payload payload_hash=HNjyMRaLX8T/W6cLiCQmj7Ss/idf1SIaM8J3VzSM/wEYxx7ZKVahALzIJDMHyC/VDOYxJKMGS2b1AjgVMxxepg== processed in 71ms
[2026-08-24 09:29:21] [DEBUG] [payment_gateway] Transaction payload payload_hash=EX2YBzrkaswfYvkIRdOaolC1Ff+Rca0xrPF6byKjzocg60bCAAlP8CPIhldTln7oEMonebVM3OWLf5Sk3D04ug== processed in 366ms
[2026-08-24 09:29:26] [INFO] [payment_gateway] Transaction payload payload_hash=UvoUZnqbVL1Y15MW/yWfwHWUh292W9Lcj0qvhjEKjsOH/kAD2prXXYHfmG3skGKjoxudyCHbCikp0eMlNnIR7A== processed in 35ms
[2026-08-24 02:55:14] [DEBUG] [payment_gateway] Transaction payload payload_hash=KUDlttRBpteAsZNvvMRpKuDy9zZkz4S4Dv9/kxrPBWegtBYpVRXwug3jhHmpG6AfzjbZIXNIXdtm6oOFX66xyg== processed in 381ms
[2026-08-24 03:17:59] [INFO] [auth_service] Transaction payload payload_hash=tQgG/OcQ7l/mLU+RD/VeVdafERERGkThfZdEKyHjlLH5MLfq5nij4MeGF89KYHhPCXD9sCd8sy2GjCVRnEFBZg== processed in 188ms
[2026-08-24 11:09:33] [DEBUG] [auth_service] Transaction payload payload_hash=it/3XjvU21ICCGyukNcvabwLgXX4g4GzYcZ0xQWmEkrYRmTC87urM0Aw9qwEK6rPM8AaLwgVHLT59PM1Mx9fIQ== processed in 10ms
[2026-08-24 02:32:48] [INFO] [cache_layer] Transaction payload payload_hash=kGmWF7x3DbcKed++xunkdhg8xUfAnvtuXM0zhwFS1xIeLZDlH1SRTpkewUILVL8UIHi58nA/Hxa3x36YdwjtPA== processed in 219ms
[2026-08-24 02:54:29] [INFO] [payment_gateway] Transaction payload payload_hash=eAUHyBqhyXTQpqhY5AkY/2z6Ydw75jMWx7tpxS0559JCMfA3YobmGMlKDmlFI4UJnoViBSYyOZgTIsZNJpQSeg== processed in 201ms
[2026-08-24 04:06:20] [INFO] [api_router] Transaction payload payload_hash=XuyYYdy9E+k7tMR1dRibKNt651gWivmjjuNyFgllqy4JH/nRHMmmC7chfSyfm98HiJfZbW1lxOJl64UUxdPfxg== processed in 2ms
[2026-08-24 05:08:18] [INFO] [payment_gateway] Transaction payload payload_hash=1zkNUexoUiKhbMpXFlQ4m3ic3lEU79q0i5CFl/qXzrBFz9OQptUHpmToPHhFQp4QOQk1zls9VWnSCIPDyhw/dQ== processed in 189ms
[2026-08-24 04:16:21] [ERROR] [auth_service] Transaction payload payload_hash=N+HmImC+d5V1q2VFxAM6ZdK/OYu+x2OURD9VDYJkDfkEr4gYs3stCBR1nw+D+V/7Zz6F3swiMTaVwr4viKP4MQ== processed in 435ms
[2026-08-24 07:11:02] [DEBUG] [payment_gateway] Transaction payload payload_hash=ztAzAaocIo0McY4/j+jsR4hMMLuV8J+N2WEz13CrOB5YTiTVigA1ANm14flwhfagnaX9wlagErM1EwnDaGYxiQ== processed in 176ms
[2026-08-24 08:18:58] [INFO] [cache_layer] Transaction payload payload_hash=lyxFH6Oj8XtbMktcO7l7ahe1adsj5vQ6xCA13YbLvTuSpoiP2d1mHsHUg34QOnLW4uejcGFH+28dLocXTldcPw== processed in 347ms
[2026-08-24 08:05:57] [DEBUG] [auth_service] Transaction payload payload_hash=fg2m+XKVIQa6LSWhBDxQaU+cy2ISXuvCGtlO6locN4gBgoks12EnpUPJzKeU7EQfmt6UDhTSnuNN7YWqpfSufw== processed in 329ms
[2026-08-24 09:43:08] [WARN] [db_pool] Transaction payload payload_hash=3lqKTRFKJm1+6h6/vnBzFRD7Ct3w8UWEPnUPzWPWtvefPw8c5LLbKY+sPfzuWJJgR+VfwvAK8TR4SQ3O3eu0NA== processed in 428ms
[2026-08-24 03:44:06] [DEBUG] [cache_layer] Transaction payload payload_hash=rQbnuqpfAEE4kk3mGgHRli/DfmJUvP4KT9Aro2yBXiANY47ApeqpTVtFRLMpWdpn0p5I4CoMJylCJ2nJuUJkYw== processed in 15ms
[2026-08-24 09:57:34] [INFO] [api_router] Transaction payload payload_hash=8wnGITNyUnbIk18lTNLbXZyHxM+0wLW2YzlVzvrCzf72SOEcUBk4xDI/Z/IK51wrIrFf/FLL2qnf18ypF+sXBw== processed in 119ms
[2026-08-24 08:36:38] [ERROR] [db_pool] Transaction payload payload_hash=Qf8R0NgCafU2BpqEb7azJoGPAsiNOrx/KiBxt3z/EjRs9pR7nqw+0DG0wk1hUDOzY4Exoxms4T1yUuqa8qHlbw== processed in 247ms
[2026-08-24 09:03:44] [INFO] [cache_layer] Transaction payload payload_hash=n+eCTyUIcKcPzZqzGYwUF+QpApBwTycQ9lSprvdSyrUGZNWR5Jo50QVioVWm4KG5g1M1T+MMwaVp1lIRRS5gXg== processed in 338ms
[2026-08-24 05:05:56] [ERROR] [auth_service] Transaction payload payload_hash=pOFCAeu2X/mG5txc2pmpHIGLaupzifuBlhvlzyhp5m+q5LOPEGYPcYuU/DfbUgRZXrZlcvTmn7C1hYqgeVG6Zg== processed in 238ms
[2026-08-24 05:35:02] [ERROR] [cache_layer] Transaction payload payload_hash=xvrz28Vpa1kgrAzVyEVEUK9lsZiKyakQ+4dHI2v8O4ONr5lC7+0Ks2Ugj2OgokaLPOS+PrX6J9XePViPJ6TKJQ== processed in 196ms
[2026-08-24 04:20:36] [INFO] [db_pool] Transaction payload payload_hash=kpcDS97Z0Ac1OJyz3XYQjEZ17Ll8H9Xxg2Cd2BQPa4vh3k2GKmpULUDEMWAXzI/YRssZi2WieFV/4CyzwPWJtg== processed in 185ms
[2026-08-24 03:17:39] [INFO] [auth_service] Transaction payload payload_hash=jCuHDsIpggRC9FXCJYo0SxRd86s+cUftImryTGMKW7vdbZTDUARdv0DIGDVGMGD2wUG1mguxFrPrbtZuwJe2BQ== processed in 461ms
[2026-08-24 02:28:09] [ERROR] [payment_gateway] Transaction payload payload_hash=/eLfkB15SimBIQSB5QDFqfnbVjLhr1P0MWzKkjYa6zkLKpKNEEaPazwB10Tx7c9Foox2HddpWItzCDVvkDkv3Q== processed in 404ms
[2026-08-24 02:38:43] [ERROR] [auth_service] Transaction payload payload_hash=2zj3esAmVNlYGnbETm8cTaUNnpmibqA0DhGTWsm7ZoQ5ejkuu3qhlUN0LU/2B299dR7UeVEEMwQEOY+LyEZ4gg== processed in 414ms
[2026-08-24 07:12:03] [WARN] [cache_layer] Transaction payload payload_hash=mtlwXDFtvWe+c3t6ciYar58EkU6ov7tlkkRi/JTAM9BW+hFwEJx1meIfOQ66VnbKA2o859sAT5a45/CqxqOFVw== processed in 272ms
[2026-08-24 04:26:52] [ERROR] [db_pool] Transaction payload payload_hash=ZUflLSCEcDHFRFdB1X8j+f3etwtgTA8n7Z4tXTL+sF02L8exzZVtZ+X89lySjNl44YQITwx4Wa2TTP9tGCJdyQ== processed in 90ms
[2026-08-24 02:24:58] [WARN] [api_router] Transaction payload payload_hash=Tjjmwqmqvv9f5PAT8q3BHTAuugAcXu0PydX/5k+POcYF4dGL7thltKCqEVT4sRhNgJcZ+zSKHIo+CCvWCQVFIQ== processed in 358ms
[2026-08-24 02:32:46] [INFO] [payment_gateway] Transaction payload payload_hash=6LYvvp/wCjZTr8nvGit6QB6LXlk3/WgwLIVFEI0f2M9x4Bhg8nlwHfPIg/D1ZCdCLK7m98BAr6nIfewwJlSD+w== processed in 82ms
[2026-08-24 08:31:10] [DEBUG] [auth_service] Transaction payload payload_hash=o/HQM6o+LmKzab41yTi387n4wggyFEFvoAGhTM9CYvtSFXYvMeG097M2RylOO/9veFNSfQBbMDlEvRGA/jXtkw== processed in 352ms
[2026-08-24 03:53:39] [DEBUG] [payment_gateway] Transaction payload payload_hash=2kv4IHGM5RBMpS9L8mR/ZtPjW3X2GbjPLGachCqM1mzpsEYopzSU3B5YAbwLi4SGVaLnfKe6Wtq0sIFLOLcQjQ== processed in 375ms
[2026-08-24 11:18:37] [DEBUG] [payment_gateway] Transaction payload payload_hash=FyneiCs3n6Q+bUXjve9+kdyZvkw7Uu2VGKG9AnZHrFtuvd0LPjEX6S6CPEjrNRsX4+xapop6aUSuXvNZemRjxw== processed in 462ms
[2026-08-24 05:33:59] [INFO] [api_router] Transaction payload payload_hash=fiGk5EMwNvda31JIY6wsoDu6jdaKpmaDB/rVpQmPFwSzulosfbfr5q7vBGQvc9MVECZPBh1r6L8HcsOKvIxftQ== processed in 23ms
[2026-08-24 04:43:14] [INFO] [auth_service] Transaction payload payload_hash=sKAyc/6mSSEXQQDHwkPPaqEmUaAqX10yJ/1LJk/yqZ9H4Jd0yEvYxSVpCQUTzGQR7qlb2ltPWjLEMDCbj77ZzA== processed in 13ms
[2026-08-24 09:32:19] [DEBUG] [auth_service] Transaction payload payload_hash=x+P3GxbjolU6h5bwShAqgtXXxPCmx6lPAzurM9p1D4ZW5UiK/Hhr54mmV1Ar2J+l0UYe0suEL1qN4gHfho1oEg== processed in 103ms
[2026-08-24 03:39:23] [INFO] [api_router] Transaction payload payload_hash=QRcMLxU5Xr6Sg6GE5Vz3l8hYiJZGnWwE7dkFh1r0SAZmf/nqN5k+fAzL/G/A6dbbOxGMEmWFAzMmHeJMjPYamQ== processed in 59ms
[2026-08-24 07:32:12] [WARN] [db_pool] Transaction payload payload_hash=IObi1DNckOqMtwafkXprbao1o67YGpROcVQ5AwpTXpkXzPSr8nXBWusQHAd/0yXtINbJm9zad8uD3MVzUn5pEw== processed in 89ms
[2026-08-24 07:32:14] [WARN] [auth_service] Transaction payload payload_hash=vHYkSioInrwbZjvDo5mHzBl31H1ol6RKmRUWHnt6LS3BJDO8mXY0t4EXeBCOePq+2iRj/ctwtW3G4P3AOv+kow== processed in 450ms
[2026-08-24 07:09:55] [WARN] [api_router] Transaction payload payload_hash=2EAgkAZC9PZhIpR55i907WFo36hJ+o9YQKSYYTddh95iVTMYiCQwu9APwKN06qw9Y6HkdGoK3tKumOXzHyNt+Q== processed in 168ms
[2026-08-24 11:00:25] [INFO] [api_router] Transaction payload payload_hash=b8JKJ5YmwCqwBtKOgHB1S0do0SYElgEPcGqN5NzyXzXvdrP3hHwTZ54mf9dsXnL5hHdqdc/0ANTArQsQQvW58g== processed in 242ms
[2026-08-24 04:37:37] [WARN] [db_pool] Transaction payload payload_hash=9yc2cGj6XWb9PIatRwserjcgcAOrXmi0GbI8m5Da4fOxlt7c877dW7s1LFKfBWYSx3CxstkQ7fwGfVxwjRPH/g== processed in 452ms
[2026-08-24 11:09:25] [DEBUG] [cache_layer] Transaction payload payload_hash=fzdBUnblEUGQL4Nd4yl+TRimsik2gXdZhKJHdmviihsdgiLZpLZmihvb0wc+B517z8CP5/MBBkdz0PhM3TqIkA== processed in 95ms
[2026-08-24 07:30:45] [INFO] [api_router] Transaction payload payload_hash=fxbZ041ogdn9qf3jc/8S/c8RYMJkvmyZCO8qfbNZViHTEupUkwO6CuiQofE2TMxrkd7b/3yksLS/9YQ6AYYnwA== processed in 242ms
[2026-08-24 06:29:50] [DEBUG] [cache_layer] Transaction payload payload_hash=WmlVUuAAYFXNTn8c0RZR9i2Drc55RuBPiBZcpVT6lVtwUdsVZx0F6r0vJpR/CfwUWDBCF/u2d0+e5VgatM+qIg== processed in 193ms
[2026-08-24 07:06:29] [WARN] [cache_layer] Transaction payload payload_hash=rhdvBau13ce0ImslYfFnYe2u7m2ZAvAQQbNBkaTdJeqMlejWDUPGPOprCkwwPVdgTulUeznROdoDIDsQf9UG0g== processed in 196ms
[2026-08-24 07:17:18] [WARN] [payment_gateway] Transaction payload payload_hash=DGmydEmUh7UgmvrpGsCJSpqMrP4bx+s+P2m++HNbebIIli3hw2Uiwott0Er/XHySOA9MWmbT6iwaTt+L1JByrA== processed in 467ms
[2026-08-24 11:05:09] [ERROR] [auth_service] Transaction payload payload_hash=r82O6W2MiDzE7DSRuY6+buPNmTlBhPPB7RNpAjvINAGCCla7G5HuZ/4GAUrbSLbdAErMo/9Ci7r9tg970e0jig== processed in 397ms
[2026-08-24 06:30:21] [INFO] [api_router] Transaction payload payload_hash=yNmYpEwQ0kcupz9E54zVXMz0waGMT6BtpklznLcgJpWGjKGtgcMgC4T8rJ/8Pw1nRPk5yfiaUG8Pr4NXlkYM2g== processed in 262ms
[2026-08-24 05:37:48] [ERROR] [api_router] Transaction payload payload_hash=fP170jkaSZD59UeHNcn3h3OzXIjqDZ5AUjHguqtgyNMkDqv6kDL9f9JDeulq4H7zLLF2KF/F9+u737vmV0L+1Q== processed in 175ms
[2026-08-24 09:09:20] [DEBUG] [db_pool] Transaction payload payload_hash=wEBdvDd8kFVsip79hFTucH1fXFm4iGTROreSaRDwqJ5J0F/RY2jjES8uSH9B9f32ceMKqkR9Gc2YSndOAiVIag== processed in 152ms
[2026-08-24 09:06:04] [DEBUG] [payment_gateway] Transaction payload payload_hash=vODdyuLntRpSMOLSVxmthTK/DLjxQoFWyiJdQjqcaVBC4+SBXW9ubLnu39gV7v0lYxL73XFmKLpSJLkUCSJxtg== processed in 238ms
[2026-08-24 06:25:56] [INFO] [api_router] Transaction payload payload_hash=/ysPSAMv+wT8FQ/ESjQXIAWsD3kV0q4vlZXXUSoHhQUid9pghtZbzA1WKSx8OUWF5PaLd/HWBV0oO9ZtgwdRgw== processed in 68ms
[2026-08-24 11:17:06] [INFO] [payment_gateway] Transaction payload payload_hash=4AenJBPLo8jhkNTIBt73WcsGzcffN5X4u0QmGBG2FIWv1GlhNxLthFSRdtttp2r/TTJod84VUsNALDobEvYocA== processed in 239ms
[2026-08-24 02:42:06] [DEBUG] [cache_layer] Transaction payload payload_hash=q3IvzwxCJhytAIzugX78w9vSwUe+YW3Hqu6HOcRKNUwfhA76vO0/A3OGtiVvtD3G3CA6xxd/xhWvtlcLzgJa3g== processed in 115ms
[2026-08-24 07:35:56] [ERROR] [cache_layer] Transaction payload payload_hash=VfDI5DonSY2JJs49yFSrtFNFYGWqCkdx2ViBCeevrL2ZKj4f88W8DxlMgvUKV77guPtdtEbUFhjnpzpOpZ1ubw== processed in 243ms
[2026-08-24 05:48:29] [ERROR] [api_router] Transaction payload payload_hash=CHGF8nWoGGQnmlrJskb+bj4AbuppGHncQWmVrYPkPv++RybLFsRVtgsDA0XM+afNQdCotcJCRK4yHu1chdqbDA== processed in 155ms
[2026-08-24 03:30:34] [DEBUG] [api_router] Transaction payload payload_hash=m0wdmB+pn16AcZ3H77m7mY4yUWZwpREgOdJ1D5scsQ5tDs7Ao86CWl8kRk3eWquouGLINJOGQnmqI6eA34oxeg== processed in 131ms
[2026-08-24 04:58:07] [WARN] [api_router] Transaction payload payload_hash=FLDmTSdAvjsN5dbXprGqTpRrUNANeDTha3vQhU+0JxjPdA/CZzau6m1ZxeIX1cxSjOlihsNAVRJTaJmRX85TgA== processed in 68ms
[2026-08-24 02:36:02] [DEBUG] [db_pool] Transaction payload payload_hash=vDSlTtRjvV9VGXPIuNvLkIFfQE7pvkkMOl4TOzzI8j0Kuwi26R3Dfyh0qJ6gVSWqZXRmt0tJVGljLoryTPJcCw== processed in 154ms
[2026-08-24 07:41:33] [WARN] [cache_layer] Transaction payload payload_hash=wGOmKjaI7f12ujagmJE3FSc/NFxEodOEWrPGgix3g514OSyb32F1jZmphU9glC4ay3xODH5YpFlhj5yBQCytpQ== processed in 68ms
[2026-08-24 09:21:45] [INFO] [payment_gateway] Transaction payload payload_hash=/pijR/FzIW043dgkh02iZ609GPAoj0fWc4b+CN3WIOw+Wgxe44LMWmEFya4SH+HrG1reEKcrZYILi1GPUK1hHg== processed in 272ms
[2026-08-24 02:48:04] [WARN] [cache_layer] Transaction payload payload_hash=GT7h373sUFUmWDhdEc9NeS0BQeuuJsc6O7LtE2p8qV4hRzH++TBYNl8Bis1+71T8gmqdoVRswJdEiBQDkaQ/xw== processed in 290ms
[2026-08-24 02:50:10] [ERROR] [cache_layer] Transaction payload payload_hash=uZTCI+I/53tegxkGwe1+bhrpQplLGuRo8gs+ECSCYn97o1MHF7+vPvgsh9VVGsbnunudhOPhpSDwD8k7uYPlpQ== processed in 109ms
[2026-08-24 07:21:00] [ERROR] [cache_layer] Transaction payload payload_hash=dfMPGgpBf8in1vZ0tK0eTTLTeOCDVGOvNQbEtGIp77CFB7muOtFfijLQyZ11jBSNdvcd+3IlmvXqLG2QsN9r5Q== processed in 272ms
[2026-08-24 10:27:25] [ERROR] [auth_service] Transaction payload payload_hash=rjD9soVASs+DtQuQfbWLPgFr0DU9MCixuIkzYz0IuMjjvEPxychZXCGQUCAmkOBZfN1sM9EDSZkfGSmz0JLXxw== processed in 400ms
[2026-08-24 06:43:26] [WARN] [cache_layer] Transaction payload payload_hash=UulQ2EKUrL3Z6MaLUJwIMV5aROPf/ZXTAgMq+A+D+TooCXHk5A60xS6SnoRXcjqkAor+VpPz13+F+PD6qKj0OA== processed in 49ms
[2026-08-24 04:37:43] [ERROR] [db_pool] Transaction payload payload_hash=8H6RbimelmQxMtX9k7IqDePi7QcV3YPec9+qceVQTDVUBE8ZDgys+LfTLClCIUdfgMf9xO3+KyuH6d5tBJ3FoQ== processed in 75ms
[2026-08-24 05:01:58] [DEBUG] [api_router] Transaction payload payload_hash=aMNtJmuz0jds/z2mxas37KF9BjtbcNzUCtpnzF5qd9zrB25h3dXf/OiQVJMyUMlOhC+JaWMIn8fjS6snIyqepQ== processed in 232ms
[2026-08-24 08:16:05] [ERROR] [cache_layer] Transaction payload payload_hash=R3poxk9MsTfYplA3xwNsw2CegjJb6WyuGdD/h4WzEgYApze9wcUhaG55OXQxSbQn3zaWwxai+ZkGLTt+mzzYLg== processed in 28ms
[2026-08-24 04:56:52] [WARN] [auth_service] Transaction payload payload_hash=TtTC/KoNRZhjlaccHefL64rWY1Fuxh/BXQQKTA8J8Ya+tXzUoraz0cydQZzTciz6T64qY/BYjv24Z8gMiYNmpQ== processed in 317ms
[2026-08-24 06:11:21] [WARN] [db_pool] Transaction payload payload_hash=L2tvJAHcGZLk+3U09xbmX2zMyZQ32SawaDRTxc3DGbQWTYFs+JISKdF5Dt6v7vjIWUDOdZ5wHgk3CdzP8cYFPQ== processed in 84ms
[2026-08-24 10:46:52] [WARN] [api_router] Transaction payload payload_hash=cVAn/GWziLi63eXAxtLaIUXDDZogRV2tkndHjaDPPfgYbCah9l2tmdg5VP3H1v9+QKyC3KtIcSwvoJ+bgLss2w== processed in 383ms
[2026-08-24 02:37:13] [INFO] [cache_layer] Transaction payload payload_hash=14jBsIXri8oG/NEj50HuNRx4uf2HZLwhfAR+LU8phOkzitztsiC2Rvx5hMdQTrdtHjSEUUKCFRWrz+Scv1r8og== processed in 7ms
[2026-08-24 06:18:16] [DEBUG] [payment_gateway] Transaction payload payload_hash=EHnSGcmmQMqNMd69eDWamDKF8O1jlQgvDMsFxFmMftn5ujRNJbJX4QoGyMOBxrJaZ3hFYNnwxtu49LWfuG3KMg== processed in 43ms
[2026-08-24 04:38:03] [INFO] [payment_gateway] Transaction payload payload_hash=MM3Ky005FArw3Bg8hpXl9MDnnuFtmBurGTdoAjm0d3avMU8KenzKKcjx8OlzXDf59YBvimGP5r2eKDxO3+73Hw== processed in 312ms
[2026-08-24 07:12:45] [INFO] [cache_layer] Transaction payload payload_hash=6TBAuz8eePtTBiJJYM6mUUOV3SPP7VwFO/zYcMSBPainUsncxXgCEAYUq5uYMIk5B/L/2PG6VW721QZjTyam4Q== processed in 124ms
[2026-08-24 09:39:01] [DEBUG] [api_router] Transaction payload payload_hash=RhH21MvM7YAqzsF5uSQnhFkOYmwy5Feh+gHq6Z1Nk3Z3dwSW1fpj3id6nLxLC6sh8Y1Xn0VPduHenyJ1jhVtjA== processed in 46ms
[2026-08-24 11:07:55] [INFO] [auth_service] Transaction payload payload_hash=d39L76VLO7nd8hvFNxDSKhPoNBqeb3e2hfMFyZoQBRamra72UPR67/Q44KxdnzsY7qJrJKxtUCvFBaunqfOvFg== processed in 25ms
[2026-08-24 07:19:13] [ERROR] [api_router] Transaction payload payload_hash=7h038Gj5GfI1057o1Yz/DHhbe+cNqBZuMsbky+v6skONIfyg4Wi/2f7h+L7QXAfGQHVjMKALVczAzHc5FfgIDA== processed in 183ms
[2026-08-24 11:16:15] [INFO] [cache_layer] Transaction payload payload_hash=Cy3B9VLozg10yIhQ7euvQRSD9DtlrXgC4iEi15UxofiasWVjVisxp447DRSTDoJrjYMHCUoM5e2J3lJvXggE4w== processed in 276ms
[2026-08-24 03:42:41] [ERROR] [db_pool] Transaction payload payload_hash=NGFm4yqupihPHUf4ty8WXQ8N23ucoQmCtnloPuXnkMW0ORfOnCTJ2uaMrkRigx9QIEoJc0yNksX/5lPaAOecdw== processed in 345ms
[2026-08-24 11:06:05] [DEBUG] [db_pool] Transaction payload payload_hash=IXoN5wcTr36d43vmgC688zizHqqiHWUkcIjmIKG+RU5mq5A/AW311wY+b8ahDP9BytdOZPFNGmdHEASaIqQdlA== processed in 348ms
[2026-08-24 06:41:19] [INFO] [db_pool] Transaction payload payload_hash=3NK4EaxF+/Z5fjN1PEPbL7akuwz7vtxuUICSW+E8FZ0Z5NCbUM8RRbRs9XglgeTM15m/LV28tKV6LELpGlZhkg== processed in 25ms
[2026-08-24 05:49:21] [WARN] [api_router] Transaction payload payload_hash=pBJiYpVzjWY06k6TVFMHysXfiSgSqFNQVE/PBd8VBKhwKZafq30zUWJ7rZZa2VuKEmAs0zcFIeavYnYaxmiTaw== processed in 492ms
[2026-08-24 03:28:53] [WARN] [cache_layer] Transaction payload payload_hash=ZwkxpynBjP0q+Yaswfy/fbiJBUeumWgUWM+NUl3C+7K/zltnEv9JIJwwt++1ffGQDFzbKs0nBoPcLmO4z9WFcQ== processed in 17ms
[2026-08-24 10:44:04] [DEBUG] [api_router] Transaction payload payload_hash=xKwJiou84QABCU+EnTyfA/q2aLHZWruywztu6Ef+CajunK+/P98yIJmS4W+1qr9wxiZZJfhAEsqZmEi9qQIuYw== processed in 482ms
[2026-08-24 08:21:23] [DEBUG] [payment_gateway] Transaction payload payload_hash=grUkkEz7MedMLQSRy9S2SejTeMb/BuR6swAW1NU9YD0hpL0pOhUgfhRhy8VAZTVZqFTm1BkHAnTfz7Fbv80JWQ== processed in 417ms
[2026-08-24 05:21:39] [INFO] [db_pool] Transaction payload payload_hash=ubJ6rTG10v6WdDvQH66nBbz3ehfukcsoPE/DyeyiFlxl3ogSyOqUXxUoeFGyoTysw5NcKu3SH9S/tsnJGWDOLA== processed in 435ms
[2026-08-24 02:40:53] [INFO] [api_router] Transaction payload payload_hash=2N9fg45aQj8M9KrLg113NmmyNWIDhuPwOx/dFB8XBCnUl2G3+z/RhZ15GUKQLwPJCZ8DBUGTlQ0VSw0iOVVbxA== processed in 305ms
[2026-08-24 11:17:38] [INFO] [cache_layer] Transaction payload payload_hash=VfgK8E8MKb5qAFvDV93CZ2+OnwRxN6KAGANyFmOyLT499a8I/EXyD40ea8JvCTUiyShkpVqdgx5o6N1K6D00+Q== processed in 337ms
[2026-08-24 02:56:25] [INFO] [payment_gateway] Transaction payload payload_hash=ecFgybOPAx4p2RtPf2kXlJOdbeEHs8y/rhn1QiLvQ+bt5Id3+n1cfSxSlqF4/w2vI2BzRVrbh7QYLNgS5dMd9w== processed in 117ms
[2026-08-24 05:35:18] [WARN] [db_pool] Transaction payload payload_hash=+/TIzQ1SiIg7t+8ORVDuZFiiDYTrWPBwQLATkBlPWYGCYtmkobC9WiYaAkPeerAJyloH+ieOIy7Hd5C3bAfieA== processed in 335ms
[2026-08-24 07:33:01] [INFO] [cache_layer] Transaction payload payload_hash=0e88CFJUWla7E5P4RaF79MI1P8vsx4X0lKROll3dqIkNq2QzAIPGHdL7W0V0+dh5EH9sRZcN9JSbXYnsX5ZMdA== processed in 88ms
[2026-08-24 05:07:05] [DEBUG] [db_pool] Transaction payload payload_hash=cmZeBgvuo3DGJk7QC18g8jQtW0GrUVOwhq3I9dH9qKunkffg+dbT0e91XeRl+9gMENgaYyO4KIgBGcAlZ3E9aw== processed in 8ms
[2026-08-24 05:29:28] [DEBUG] [api_router] Transaction payload payload_hash=quCtTW3GGXi8Rh2Ro++wpFKej5cYCMQbrIntLWNKPEz4oBNp8pzb0vtwBykq5PneTG5gmq7DGT+wK+bxAdovaQ== processed in 372ms
[2026-08-24 03:50:31] [WARN] [cache_layer] Transaction payload payload_hash=+HDxMphGpHplLN8SclTbUiCnfwqL+85boC2paaFOhOxDiqUQfL1lW7Z6SRT2Luxl/KEbDnWEE542eti6vxJbyg== processed in 272ms
[2026-08-24 06:53:51] [INFO] [auth_service] Transaction payload payload_hash=+sPb6NuIvbk5PTUVpZpvj8AS6VC9J1RGiUbxdIKxgeirLm5Mi5tqGoNHmn9HJCrtumIw87H73/OS7juVTpy0Bw== processed in 43ms
[2026-08-24 05:53:57] [ERROR] [api_router] Transaction payload payload_hash=RYn6xqAQ1yce14V6jzFI8sKu3qf+9dO0eAkN6lS3m0/5bUtDvwqllmmP2ITmvCz2AcFUqACpqGXGftHrmk4lKw== processed in 234ms
[2026-08-24 06:51:23] [INFO] [cache_layer] Transaction payload payload_hash=cTfFjVhsBUgxBkNv3HkG+nQ05Hf9hTZPscpbm77nV8EOWMCEFnEs0r09jK5PQjDSmiU38W4cm1Rhb5Lzmqm4IQ== processed in 299ms
[2026-08-24 08:36:09] [INFO] [api_router] Transaction payload payload_hash=2bqPDpI1Cl9zF8cG9pPnYb44rUa1v9ofEM+JCggJvL3n/6W8JYbQhjo5n9Ifzns2dBCnbBLB2kX1q8pH2BOyAQ== processed in 209ms
[2026-08-24 02:26:14] [DEBUG] [auth_service] Transaction payload payload_hash=yUvyhttWe1RLMojF73Emd0UqO2QkbyS3ipzY2LKsJ+3+odcD2ASIC5pJe/qdzkJATmzv7I6D0mq6CEnE+riN8A== processed in 298ms
[2026-08-24 06:42:03] [ERROR] [cache_layer] Transaction payload payload_hash=uLX3Tg/PEQ5HGfijaPmjp9yXz9+2TJushzAEFVmgG+ikqFDiR2aAwBT4LkgP0vZCyvhUMctyq7bqY1OdDV6+Hg== processed in 353ms
[2026-08-24 06:39:49] [WARN] [cache_layer] Transaction payload payload_hash=6i/1Qfw+LYUsuRoiuB1xyZRWCZ0GjnWWpNDY8v7wrFXh1tmf8PibGyUnin+KFxhJ5EUhqvY3nj+zX035Mr/Tkw== processed in 340ms
[2026-08-24 06:43:18] [DEBUG] [api_router] Transaction payload payload_hash=uX+OfJuRXzMQ0qxErTPs7EnUc7uh91kAWsemr5K+f8uVUT2ZasfpjawgHRuCBnzgeM2WZuoGnTP/yrZhfs2MYQ== processed in 271ms
[2026-08-24 09:03:22] [DEBUG] [api_router] Transaction payload payload_hash=XHkBlEG0HOHA7tTYHetCpZaruA5scVBIXiL+4cECcxdKoXmO2+p/DDkDIMDhd+KvailG3iY0bGUqbPjb5Sh+fw== processed in 144ms
[2026-08-24 03:04:50] [DEBUG] [cache_layer] Transaction payload payload_hash=IpgO5EaiO3peyOLvK0CyNklYCRUQX6M+ngJ2ISazjxWbwt39efDij835jZ5rR72FhY7BhYWJwet37L+0KHCOUA== processed in 314ms
[2026-08-24 06:39:33] [DEBUG] [db_pool] Transaction payload payload_hash=pKh5qo0LP2hPb1EDjxujPjDfqge+OwMUCV6qT+PPA1AyVnn0tN67GJZtWc4Fm2I1zqUE8YMj7p+kGDubAVdHyw== processed in 360ms
[2026-08-24 07:00:41] [ERROR] [api_router] Transaction payload payload_hash=bGxEWmX1WzHVMlps/6c4+w1P/JaiCCn8gWKIb0SN6YQPwxfgndr7Y+46/Qu1UmrgToBXo9R75PoAKLeaqbeTuQ== processed in 162ms
[2026-08-24 07:48:08] [ERROR] [cache_layer] Transaction payload payload_hash=SHaiRFV5RFYFxrysoK3B6YKQz+GdCoXVSChZgP8YJOnz+ZY+frX3li5rnEqCtTHO8stJySa0ADcmpaiqbQEBPg== processed in 236ms
[2026-08-24 04:33:45] [INFO] [payment_gateway] Transaction payload payload_hash=dPlQ8umlPZBUfgu7HPIRFapCr6un89lhzFLPTIB1N7ATSKjiijk35wKLuD7z1bjrnJrEaIn09Xd8sY8EUHCSVQ== processed in 1ms
[2026-08-24 07:20:37] [INFO] [db_pool] Transaction payload payload_hash=3P14mI/EiwimQl3dbBJonTwTLnA2LiNuUbrU68n8SvKos0SnWNPfMDVASJ1iyWT8LF873Dw3sDKySwV8K+ZEXA== processed in 149ms
[2026-08-24 08:43:17] [INFO] [auth_service] Transaction payload payload_hash=upie7UMQC+VqsJpft4tfBqWGa3w022XYyhMlQqzmuYIGkgcILskHU1opD5uwC/wSoGUeoGbVr68kK+N+fDTKjA== processed in 487ms
[2026-08-24 10:08:18] [DEBUG] [api_router] Transaction payload payload_hash=DZg0OdpTQunSfJdFX4mQonS6egcs3CNW7Bwk0JBSOf2Q4VMPqvBgDmW2GY/2jNbMTfDfQS6v6XtJOyhLsuMaDg== processed in 242ms
[2026-08-24 07:20:52] [DEBUG] [db_pool] Transaction payload payload_hash=/ugwdvpr7kqapPgKlJCy4hme8fkixz5yEdy6qwH5YmPSfRsVBVSIolQZBQho2ZDOKS7Xdq8rh8txiriUvWx6Xw== processed in 382ms
[2026-08-24 11:11:23] [ERROR] [payment_gateway] Transaction payload payload_hash=dlQ5A/FvVU5J91Oo3BZT+oqDRmHm4CCws9cTrLI3YtPJ4RcPL1mNwxTVzJsRI3mSOmPxk3SHFbAlYoK6n8SepA== processed in 483ms
[2026-08-24 03:36:24] [WARN] [auth_service] Transaction payload payload_hash=NO6T64YYeN68RRXPMLzbq2BpfUBhkT/mdyc0JhiN4E+xwEXPFiWkWIDI8YL0GilmBZNEReo7J6jmm5fqLxeT3A== processed in 343ms
[2026-08-24 03:15:41] [ERROR] [cache_layer] Transaction payload payload_hash=13JludriuEjDElV/pDKpsvvGUgs4xKdVyvfwktiDi1OFptlqnWIVb9E4ywzPzvpLeJmXIGZM8u8AkRkDhJHFtQ== processed in 289ms
[2026-08-24 06:12:22] [WARN] [db_pool] Transaction payload payload_hash=R5v58IBPAucdNjiCq5jS1RFVZ2MJjgBl7yKqKCcd1nOpftllcNyyURpLdUdYzk/WlVOyn6M/Xnn6X68p6EM2+Q== processed in 37ms
[2026-08-24 03:33:33] [WARN] [auth_service] Transaction payload payload_hash=WIL1Qu2mpB+bYJTFJDW6O5WDg6pd/noylbqb5MAq0B2KZ6ndWXZpdygEv/Dqq/JqjHyiHoQLWzN2tRQR4QI58w== processed in 156ms
[2026-08-24 02:40:59] [ERROR] [auth_service] Transaction payload payload_hash=HIBD3btXd8kpzrRl497BGGrlYvhrn2RNwTIOpIHn2Cp0SVWMSwSpzPsS0phnDd2Cmb3EwwhEvtJEjDCWTglafw== processed in 18ms
[2026-08-24 02:27:29] [DEBUG] [payment_gateway] Transaction payload payload_hash=fcFJRAOUZDH+Jwt05njvQe1M2g0gEKafEEecXEx57tW9bRShcW5w2H4L5RMpZzKtXG2tkmA1gGrFLxiMtuscoA== processed in 487ms
[2026-08-24 02:23:56] [INFO] [cache_layer] Transaction payload payload_hash=xD7+VomCkivKMoDnFZjUuuy2rTtUnIQJd4p7F6IJiyfqlPCOmmW+gqHRIhBWif6SbqvybctqU1h8aEF31G6d0g== processed in 378ms
[2026-08-24 04:48:52] [WARN] [payment_gateway] Transaction payload payload_hash=lEEzQZw3N5s6KUxYcxSJV/6M4Ku6itj9e4Ak6ngwqHtzyZau1R37sxiJ8u1bIn8kC0UPrZ+KTEvP9W/kgI+2aQ== processed in 457ms
[2026-08-24 06:31:03] [ERROR] [db_pool] Transaction payload payload_hash=sq7LAqNroGHSMMn3/7+qisX2udlqV1Q7tfmVwf0dNKYeps3L9+h4otCp/iturUaLtWHhO4PUd7BP5/oq68pR7Q== processed in 260ms
[2026-08-24 03:48:04] [ERROR] [db_pool] Transaction payload payload_hash=uWTNG2GPVg1WA+l0yif0WFJAIuVPT88PC5vmLx1P4HUYZLeAsSgOzdeNnQAEq8wHLdWMRIteXgGktp74Di86aQ== processed in 359ms
[2026-08-24 10:30:24] [WARN] [cache_layer] Transaction payload payload_hash=HH+K9mgujcG3dej6T534EWlsCL/WjO30fMDat5u/y3Kmz1RAzGl6KMieusb+7d5SACwrXB1Lw4W9qX/KitoP7A== processed in 204ms
[2026-08-24 02:21:14] [ERROR] [api_router] Transaction payload payload_hash=kiWQN1CvU8RQI1NOXBsF5w85IR9OPghAywi8PLk33El+tsrmbjpcHcvzWlsaljwoX2gh8CNVV7RMAAtNU9JHeA== processed in 357ms
[2026-08-24 10:48:41] [ERROR] [cache_layer] Transaction payload payload_hash=VuZcx5sTOHvun5qa/co87ux9fzC9mQ/Eh7+rJwrZKFxpV6FLkZybuFH5osLAsK7go4K5UNGN8VoKzil6teVIrg== processed in 224ms
[2026-08-24 09:41:06] [ERROR] [payment_gateway] Transaction payload payload_hash=zo1WRcA1qCIdD2SpROKbOQ6c5FV5pfrVKSICsl4ZyW/jNn3obwTMmTOpo+BJst2dSLoh1AqzB/bjThTlNz0xSQ== processed in 368ms
[2026-08-24 04:56:47] [WARN] [payment_gateway] Transaction payload payload_hash=6ptk73lTp3WdnVWoo9Fi1Y4lfRxyn/C4P4iZH9epprUFjL1/kSdw8d++ZQYYxqiGNw1d1TZE9vNkHhuuC9jIjA== processed in 250ms
[2026-08-24 10:58:13] [ERROR] [cache_layer] Transaction payload payload_hash=LTS/rXT29ne456ZCWXG/SSDXoRiDT6RLeC54nNH7ZyPaaIudIphYTZZloAjYrhb+QCfPuv1B+XcyfzHByC/VLw== processed in 25ms
[2026-08-24 05:41:15] [INFO] [cache_layer] Transaction payload payload_hash=4abS4+e5GQ5Vxcgrpc18iQ2wWIFeTkI7xmZUc8CoWjcoQTVMKrCiIYcNYrzeJObqdWaVrP0me99JpmcmDxp8+Q== processed in 295ms
[2026-08-24 06:05:44] [ERROR] [api_router] Transaction payload payload_hash=QTTxWmpFR6EJtx2lgwXu+aqWoyvMCOBS7XcEmhYPKyEXJ6vrysnqFLl4QyIKTXRcmBhGVhPEhoCAiMFJrLnPfA== processed in 441ms
[2026-08-24 08:17:40] [ERROR] [auth_service] Transaction payload payload_hash=AMK4iOzDn49h0Qq+u/mmbFJD/rC1mhFxrNolLr5XuNaqxy6VAYuL2TEoHobO7+Erg6ZWaLLnVQUNf6+C0eAJjw== processed in 135ms
[2026-08-24 10:35:00] [INFO] [db_pool] Transaction payload payload_hash=ZSGcgZomoO/mRb9as/CZnzLLnT5XfNccHwoZwjxEJ94rVySiFd2CdGJKk3ZjuhY/rYBbAVr9e8aHRjgOgXbMcw== processed in 458ms
[2026-08-24 11:14:15] [ERROR] [payment_gateway] Transaction payload payload_hash=qFh9jMuFv9RBYVYIMPkuek872aHRKjlAFxZPMhJVu9dRVTDVqwdFcOuDiQs3UQh2wtX4HDU3ILh3vVNsuJ6k6w== processed in 431ms
[2026-08-24 05:18:50] [ERROR] [api_router] Transaction payload payload_hash=2Sv4O29Z4OKMqhmt86dpW9F9RmIQAql1IG6ZQn7XWl9HCHBlH6ei9u1CzzmtKdlU4Rfq4NGL7xa+YDpBS3pg+A== processed in 291ms
[2026-08-24 03:25:45] [DEBUG] [payment_gateway] Transaction payload payload_hash=M6q7SSmVV/tORLNq8z1Dl3d4q58KzVxvCh5fFqIWln/WfoUtV7lVMqMn/tVCh4KSTr0nTpFpXP21UopqeFuFkQ== processed in 162ms
[2026-08-24 03:25:10] [ERROR] [api_router] Transaction payload payload_hash=NLcccNrpr40T5OysNAZdFioEPF/k+7/7bAvvgu1irrv6KnC0znppS6fhYsM4bB/B+rhrXWbfMdquEDa4F4n7/w== processed in 221ms
[2026-08-24 04:46:35] [ERROR] [db_pool] Transaction payload payload_hash=dq+sdxYzS1Oy8uQE3OiRkLbdLRjNXeJDC2jAzKXYW+hQbin+ooVGbJfSPN8qm2mHrcxUbF021nijNy8WQ7VCVQ== processed in 292ms
[2026-08-24 03:19:30] [WARN] [auth_service] Transaction payload payload_hash=Uq5nsh2OZIPh8YXGIVL7X9A1twkC1xo4hSlyF+lwUDPZ8mP5AAr5oQXHiRSN+/rNUFHKy75z7OZKVIOqSaXNEQ== processed in 392ms
[2026-08-24 10:45:43] [INFO] [auth_service] Transaction payload payload_hash=Lbne7PQrtyOYeWPjn0lmhtHVeze9HM/mr8kQckHg4pwWiPR1P1jR6XDk25HGWJW5QYnGZPCoMOiFnLJBq+XPow== processed in 250ms
[2026-08-24 02:41:04] [WARN] [cache_layer] Transaction payload payload_hash=S7hop4l+d8O2WnT7erfTpHJ/5F7YYLtBln7Hbnad9RX59fXiy6GjqwO7MCORgN/glMWUFo7F6UyBI8k3nDrJog== processed in 268ms
[2026-08-24 03:06:56] [INFO] [auth_service] Transaction payload payload_hash=9pQ2dABm6oZX8gTiO/XnslNE02aNWrJyCdvL+U4EXjkt/pZ3Dxtf+BuX4/k9kM2kJuFNqa4Zg9CioqBM/HLnrA== processed in 235ms
[2026-08-24 03:24:44] [ERROR] [cache_layer] Transaction payload payload_hash=I2JoOLCpmApwOFewClw93n1c+i+HxeM1oH2YXcUePno/tN55fIFAFQ33QWh18VoSG0wKaO9Ql+uFb6/HV5T4nQ== processed in 425ms
[2026-08-24 03:49:38] [DEBUG] [payment_gateway] Transaction payload payload_hash=h/3l8X/PWqRWNexpwJxH/RVhUEk3IjrSNhcCeOHGzihAsVGRQP7o5CgIQ/F1zjRPWkpKhnjtTOnbEq7CIdG1ew== processed in 229ms
[2026-08-24 06:15:41] [INFO] [auth_service] Transaction payload payload_hash=XSfQczvSpzMtkuFaRuprSIuPh8l2P1D5ZwgYuHrJsDBETOmxLGoZGdroRxql6pu3z+uaiRs7aZTWP0ostI5yUQ== processed in 106ms
[2026-08-24 06:14:29] [WARN] [payment_gateway] Transaction payload payload_hash=LbnKIGfzEB4cIkDViFUMYoiYyYTRPKDiQCCQj+6fKySKAJwakSirJzFf8jI1n4Iav4NfVSLoWNRBxw3sTvoE+A== processed in 360ms
[2026-08-24 06:33:09] [DEBUG] [db_pool] Transaction payload payload_hash=spY0LhjS6XNs7Bh3OJfXB0ZIJobcbFF/TpOGGU3Je+q572+98giXw94IyK0PIw8SzfF6NuPKK4MiMpVMfVNN+A== processed in 453ms
[2026-08-24 07:46:28] [INFO] [api_router] Transaction payload payload_hash=arDNJx0hinKJXdo+u0tdDBEYEiNHygArhvCBmSMD6eAQ7FyOV6v/k9noXsSH9pRyb49qdyJgZmBWCogypy0j6g== processed in 205ms
[2026-08-24 02:24:38] [INFO] [payment_gateway] Transaction payload payload_hash=g1ST3sGZDiUCmxjiZAVmyZWOtAScze5c/oM7F3oynr/J/3FWiXEq/YY5pTVoyx7+BidYTj1xJBvQ88WiTN6smA== processed in 432ms
[2026-08-24 04:59:41] [WARN] [auth_service] Transaction payload payload_hash=AVvMOfT0GqfJZ6/qn2Fp54E2a3Gr+pwwnuQWi3mYjbRTDb5GjOGl+fadV8HAwoxve3W3Xrh0mfkLr3dDF07kMw== processed in 350ms
[2026-08-24 02:45:26] [ERROR] [cache_layer] Transaction payload payload_hash=B7Uo0Qb5u33szUa/lpqCTcNllcW3rIgsgWRr4m3XwW18K9XKXHZTbSrThBDIIexwbmimIb9QDvq6NFBhXJqugw== processed in 469ms
[2026-08-24 06:46:10] [WARN] [api_router] Transaction payload payload_hash=zjeCvTHyx7HNcvL8+bzpgQC9tOFxsI18hp9qTxS/6hOT63RmLWVjGhVcMua6EVBQv4wEbOX+eA9jDgtHlbgdDA== processed in 123ms
[2026-08-24 03:29:03] [INFO] [payment_gateway] Transaction payload payload_hash=iHPuoxHZ07ZCMOFBzKPtC3091DMQArS3jqClNf7Vj7BN0cjQKiBf+veIvCL+fsNzVvJLcSL8XiJfoLILvjQJGw== processed in 224ms
[2026-08-24 05:29:08] [INFO] [payment_gateway] Transaction payload payload_hash=CTHpXLTvV6f4sniFtmrzwEHFpWU1S4BEWy17l++d5BQlT7SuPnve5J75fFSxBh8nXs9z+7JEiWO8N6fY3DKliQ== processed in 131ms
[2026-08-24 08:57:37] [INFO] [payment_gateway] Transaction payload payload_hash=zEvZ2Q80wusBhXBLGMRNmaNiuxud4Gy1COrgpPCK8bvrt/xsWE0wC6OELcCGo4NxJAK0afopGelsWaI07luK6g== processed in 311ms
[2026-08-24 06:17:11] [INFO] [cache_layer] Transaction payload payload_hash=Lz/St8Jg/8p/mBCiQDH5Sj43WUAg918WwqjS9mvRGYHs7MR9MTzcMBS1WfJ2xHEVae0JtEAu4wiEmvzKnzkSig== processed in 365ms
[2026-08-24 05:44:01] [ERROR] [cache_layer] Transaction payload payload_hash=bzF5YTRRuI8XU9xIS9ndL7cKxQKNA56jbwwhFrIPv8O3nR+MTObM/otTZ1/23c3vPlFXzrthPgiaqKX/vf57LQ== processed in 377ms
[2026-08-24 05:21:26] [INFO] [api_router] Transaction payload payload_hash=/30iCi9RHOnCouHkHvg150WQGDjJU2XhaF+La98fieb2m8q3nQSzR4whsEOR/MQkjmlarTdfoEk/Ad7BVI70iw== processed in 211ms
[2026-08-24 05:03:57] [ERROR] [api_router] Transaction payload payload_hash=rtcyFP2YeWAkb0W/Zqn8gEfFTWIqRL3lhaf9yGo2c3i5x/AB4/8XycWi+0ONB/CwsmUQfgBF4TtYSwD8GmKhYA== processed in 76ms
[2026-08-24 07:47:57] [WARN] [cache_layer] Transaction payload payload_hash=hrd6rjbQufw3I0z01UbvOiy9kLnSqLOeD+GNbW1DUjETCxyCrFuffF0YkrIV8edx27yFjHsgyVheuBtiieirIA== processed in 43ms
[2026-08-24 03:12:18] [INFO] [cache_layer] Transaction payload payload_hash=TYnVVn+pqFFQuW92tvjyTAjSJfaVCi0yxQ1kzZ8u2lqaNd6SN4+IedpOi5zcTPG5FKofKARYxHZ1IkXZ0P31IA== processed in 189ms
[2026-08-24 11:13:39] [INFO] [api_router] Transaction payload payload_hash=68qgYBG50SB6LnwIvuKfcDN1GwXIy6lMMJLTBzpc3/tQH5ddK1kTgBeySaLQPi+ErUM3ark+yRByAt53E1Zk3A== processed in 25ms
[2026-08-24 09:31:49] [DEBUG] [cache_layer] Transaction payload payload_hash=Ei9D9EMCWtvToNiAgH04uqMOne6j9xe3vMUK5TsJeWq0JnhBw5A10JccCfs7IFyeg3gQ9eUkm4D7MzmDEUHvTg== processed in 64ms
[2026-08-24 07:00:19] [DEBUG] [payment_gateway] Transaction payload payload_hash=Ygu6bJ5JDMM72Y2pHLsFXTojLlfRA4z/IhOk0TAKA614rPgevh1PG6ydmfRO32VQE8EALpor38E+pKFri0iyYg== processed in 231ms
[2026-08-24 02:35:38] [DEBUG] [api_router] Transaction payload payload_hash=JwitxgH2qAFLnKS3Fnf+lc/c34zgoYv0Ipvalbg900RbL3rTmaT9NK7fL0XXvx45OpCy7d6mVoA4NGoRD8/YeA== processed in 299ms
[2026-08-24 05:09:24] [INFO] [auth_service] Transaction payload payload_hash=x4ejo8iXK9OZRqfb4HtCXhNSNM0qsKYyic6VJLY8p617nDL68PW2UNVL/4OW8cabqOFE+tUIJ2Fpy8exxLKJ0A== processed in 394ms
[2026-08-24 09:56:08] [INFO] [api_router] Transaction payload payload_hash=kKRNHuvVXJf0od8UpY3nCpwZy836wEIRV6Sqd8qg7tAgTsQJptdTGgTHztbyKCTP+Z3ez9X0OpZU4+rfyCYx9Q== processed in 209ms
[2026-08-24 09:22:50] [DEBUG] [payment_gateway] Transaction payload payload_hash=+JC8CD+CzgdVGsv+RM8ehmR2qUhQXmcXcTJmulZO3vjyqg4cLxBO7TwwSgpo5UwdhP0/UKf0clbhXvNlh0J4uw== processed in 365ms
[2026-08-24 06:32:53] [INFO] [db_pool] Transaction payload payload_hash=RF60ljDJNPkB82dqIc+I2cAgbMSz+IURdrv9Nx1dq85tBjkvXBHk/UcrUbltlSQN5dbDRT29a/+SbTxKbqRiZQ== processed in 178ms
[2026-08-24 09:37:04] [DEBUG] [db_pool] Transaction payload payload_hash=N7J10E2jQfw5L1FiTWQwnb6Xzx3X+zw7o6+WG78Iad0rGOJE3iwMiqVEnHCDP3wgSWFkyKr3Dn/UAcp3oGQ1VA== processed in 262ms
[2026-08-24 02:20:47] [WARN] [payment_gateway] Transaction payload payload_hash=jqy/JIRlEygti5FZjncwy6QJ4ZZj7QVKs8E41YEwjyhiHU8zTnEJUqVYwwtNIhbG9fvvvtmeB1D7k292N9GD7Q== processed in 400ms
[2026-08-24 03:52:49] [WARN] [db_pool] Transaction payload payload_hash=UI4jWr9cz4XJM+Bd5wIPfutnFEZ06OIQSmJbzHtEL36FJiRdYThd5r69jhiadRjWzqs7051mUsHZW7CX9uJF7w== processed in 40ms
[2026-08-24 06:31:14] [ERROR] [cache_layer] Transaction payload payload_hash=BorjD89hM6r/0RGbopaZhRUjs/7H3HdkCS6L5Sv4xneGxmm+Duwk4VFzf/DrIkBv3YF6EQItJw9zIkDP8bEaxQ== processed in 241ms
[2026-08-24 03:12:31] [WARN] [auth_service] Transaction payload payload_hash=CCW3tBpivhG24qZH1xlnBIRKUzzQBdhFOmKOUlMPBm9Xbe0a39hag/W+uXsNIGVZh1v6y2k8LuuV3f/RmI2QjA== processed in 180ms
[2026-08-24 03:09:15] [DEBUG] [api_router] Transaction payload payload_hash=AMeTYqtsGbIlk0dR5mjAQ6DWiPUsEbYatWyMsXHiHYmCbHs1688iWN/YboKhUhS4J9CN83BLGoOxOMCn9SWgqg== processed in 80ms
[2026-08-24 07:32:57] [DEBUG] [cache_layer] Transaction payload payload_hash=/flqKM0a3+9f3M8I01R7BbW+y09tGYGtUT6inV1lx7qXfZhzOjAz3lxOl8dE4imNAW66toV/WsXIoyABpeldig== processed in 346ms
[2026-08-24 05:28:13] [DEBUG] [cache_layer] Transaction payload payload_hash=gchjnmwzdFtjjWjNCrRafvdAb8ufu2QcPVTOLvIgIEu5XLkt0Q2OF5nb9R6hbbJ7a3+HlYqqJ/XMS09LEf0NsA== processed in 137ms
[2026-08-24 03:39:56] [INFO] [cache_layer] Transaction payload payload_hash=s9Epg3RBcmnPLTWgMRgkMHjZZPQInV9RMDKoTS9+wTIlim1htFuc38KGVptWlmp7muK2CUiSKMXUsvuwv5kV8g== processed in 426ms
[2026-08-24 10:11:05] [WARN] [auth_service] Transaction payload payload_hash=YLjZ0+JzBb2AWb5S6ijSHBmIIFoWOX8PZ+dJ7SBBhlX1tr7zPh2NH/kbba9iTBWRcxaX3aiC6JCUIypG4XZRrg== processed in 327ms
[2026-08-24 10:57:14] [DEBUG] [db_pool] Transaction payload payload_hash=PaIYEOdjTfI4TrLRcJAXzDcpyhLdGmA+CCqzKBQ6aBHdHOfCmXYfqzcoXz1af4jpPfdSVVvRVV8SeFy7s66qOA== processed in 458ms
[2026-08-24 03:27:47] [INFO] [auth_service] Transaction payload payload_hash=z+XBW099rWhMbyMieLOnD41fClZi8BP7F5Do6C8eYO6kM0MsLuYtCgtl9UKdCyJ1Qbg7yc5qPTmM3s5s+O8mMg== processed in 63ms
[2026-08-24 07:52:21] [DEBUG] [cache_layer] Transaction payload payload_hash=T03cUYjbhsMRNWJWpNeZV4nqBzTKL0LUvaLMkfRoTHL9cesO+kvFgufkEjIknPcQEsMxeUTS4dO7GYpdx/y3XQ== processed in 164ms
[2026-08-24 07:07:17] [WARN] [payment_gateway] Transaction payload payload_hash=e3k+sdbRabR+sZCvreO7SKP6I/stetoThCBCFw2r7e8XIEoPlbDsXWKjOsiKYll9i1eCAjs8ltYPTfrrizWAdQ== processed in 327ms
[2026-08-24 08:21:50] [WARN] [api_router] Transaction payload payload_hash=U/htsMyF3solvqmxN1jakXD1i/FSGP/sLGK55x7RkThm6A+wX50/g0A7lFZEo9NSqBpyMqoPOkcWzQ7HZsJCGQ== processed in 361ms
[2026-08-24 06:22:25] [DEBUG] [auth_service] Transaction payload payload_hash=zHj2A5Te86+hLJhPvgdPG/MeY4OHA5XyK1hi/o9FgUQDPqNq12i6e2/4ufUFDNSOkpGH0lrzFvkwdGzzI1r2CA== processed in 101ms
[2026-08-24 07:12:05] [INFO] [cache_layer] Transaction payload payload_hash=CQIwXWynQTD4jPwGGCUsZQhTtKeZSHQcn+mOfz9nOhI++8jimdSuugmJUGusZ0Xzb9feZD6MnV2lSz0t4m/J9g== processed in 425ms
[2026-08-24 02:49:38] [ERROR] [payment_gateway] Transaction payload payload_hash=gHg7JwrwCYXvefAKm6WIyC9LSVqLe5ReTpRm88iPAazDBOCLcZFGMrcs/2bsT4N3m8G+LV+Gteltywu3BlXLew== processed in 326ms
[2026-08-24 02:16:53] [INFO] [cache_layer] Transaction payload payload_hash=Ua9B1Zoo1r0T/LYmQbvsOaVkxesgSgqX1mubMPhXAyPsH7yIG/2slGbvCGFXl2RVS5ZNUyeGbRyvyEzN4LzNcQ== processed in 57ms
[2026-08-24 06:45:04] [DEBUG] [payment_gateway] Transaction payload payload_hash=1cCZ57RRjEKurV2p18ZPKduDTK8BX5TzbPIwXQ0JdQV3Bfd9d55fHwrEYcGDyfTJ+XQuHwSMqxPiR3JsCjYq3w== processed in 129ms
[2026-08-24 10:42:39] [WARN] [cache_layer] Transaction payload payload_hash=lXz1g82o2GpnH1pCMXXb8nTcrzf4Z8y8w51sTN6MicD8idGDkF/KsUxm6N5ce8futkWPb7iTwRiCHI335pPdTg== processed in 331ms
[2026-08-24 03:10:54] [INFO] [payment_gateway] Transaction payload payload_hash=cxLkQO929zYgHa/fUeimJJYai6dK6J+jCr3O3DBZX5Modcr9vFknAKJzcrVVH3QoUTVRUOZZ7EAQ3PHeVjAhSw== processed in 196ms
[2026-08-24 07:49:01] [INFO] [api_router] Transaction payload payload_hash=GB3rDsoTyg86qHmf9le0k/3jqpMbe+VB2FLthLAUxh4RS3L/JClkoM9PDvMe6xFXRoSEjEDj0+tUor38EeXeOg== processed in 343ms
[2026-08-24 06:55:30] [INFO] [api_router] Transaction payload payload_hash=+zBJuF7rgDtn+jFHQRa8DlgFCcofo1WJJ9BaPtY1MpW5wQkUxbqkLp1vsIVkAU/sbOlQjRnUWsqQhqm2ZlUtng== processed in 456ms
[2026-08-24 08:59:12] [DEBUG] [cache_layer] Transaction payload payload_hash=Xrk3p8gUkB3g8S8y8faGFO3QWjnsufeCOoRbKl9Hc2WxWGMB/kdcb+ZQt5zOFXXyAKCQQ49zXT/NKsrhZ1NpCg== processed in 470ms
[2026-08-24 04:45:28] [INFO] [payment_gateway] Transaction payload payload_hash=BENxAyqa1FQmA3mzc+SlfbvjvPNd92oqtE/BkVQqrOqRSMS4C5Jj5rK4RaX8ZcguDTIvErWC/XU6N3Pz0BA1tw== processed in 43ms
[2026-08-24 05:42:13] [ERROR] [auth_service] Transaction payload payload_hash=XFBS6bCxOYuNwFDQuxqGej6/7Fdqs/xzUjnY0+YrD//NPfhVtWih7NKZvgoGa7DGJ73zkP/n6rRvsecMcdIHbQ== processed in 157ms
[2026-08-24 02:46:34] [DEBUG] [payment_gateway] Transaction payload payload_hash=+ipXV0JztwGHz4iX+vXkpBztcZjI2JqXBqiGcEMUgmdm0qVB8pUBD0sNWQfM2bzfqsY9NCRhBzOoytCypGfS9A== processed in 68ms
[2026-08-24 06:39:39] [WARN] [payment_gateway] Transaction payload payload_hash=WYztPMfdb0AyjHtnWxB6pHcmDpVBFrvVzT4cbcRAmBOo04qvV2xZyrGXS9NnlBD5uJPpF5uwUtxtnOAbGUTIZg== processed in 465ms
[2026-08-24 04:44:51] [INFO] [payment_gateway] Transaction payload payload_hash=WtXIJzXI/UEF0K8WrJKexGjWkETMFg2x90tLs1W7YtKgKqCMUnZeqK3aHzUopHsjwJ8+4D9T8bJlxGVC98Jv6Q== processed in 258ms
[2026-08-24 06:57:35] [WARN] [api_router] Transaction payload payload_hash=61vUJ7ECMXs9snx5r4RTr8Toy+wpg+zzJqlQ4JzDOMbdakWKglNqs+yLM9tZpS2on8Ox2IwNV76plCMNjKMwbA== processed in 144ms
[2026-08-24 10:26:02] [ERROR] [api_router] Transaction payload payload_hash=srotcN3Bw6GrqgywiRVRM9IDuiD6H+YlxQo5nNW6naz+sdalQ8p4OKlQ3wcOZ+yBxhhHZSA2f/DJyIWCwUoOFQ== processed in 452ms
[2026-08-24 07:12:42] [ERROR] [auth_service] Transaction payload payload_hash=ImvTSo6qbWJx3LaecQJahs3L9LGC7RC2IBlUVtCt/6cTPxokhseqCT6GK8k5oyXVpGma7qQqiTyDG2xyE3GFVw== processed in 122ms
[2026-08-24 08:56:06] [INFO] [api_router] Transaction payload payload_hash=Vfb1gakPhB0CWJE7bqNK7GUurcA2nbTJ/HVmfpxFGUrrR4Ats01b3khPG6CsMu/vM4g/d5b8tRZD7q3AQ/GQIw== processed in 327ms
[2026-08-24 07:07:54] [WARN] [auth_service] Transaction payload payload_hash=OnXrJ/ygov5ha8QjAk6aQ8HEgs6CwaMpWFPsRCpzpf+cjfepx3Orrg34h7mF61CMewXirO8f/ErSTZuYU6+y7Q== processed in 297ms
[2026-08-24 04:47:54] [ERROR] [api_router] Transaction payload payload_hash=MtLl+aQEpjrcW/jeY35BywvmT3WUlz2RZ9avQxThph5NaB3JfzKQDeZ5L6Mxspi78pHHksWc2iBMPT0MwZtlpw== processed in 108ms
[2026-08-24 10:38:40] [INFO] [cache_layer] Transaction payload payload_hash=yWS9Yqf8WGElWRP2QQTnHUYOxBVj6ixQXI/kePGs6YSVFCYVBnCqiyAc1lzUPl5fVdpBTHMxY54thUZsyTXx/A== processed in 113ms
[2026-08-24 10:33:07] [DEBUG] [cache_layer] Transaction payload payload_hash=FGV7vbvh3aWUNbmFkQvGp2/dfs3lemLD8tDdTUmc974rXnnYMiS7tKIJItOEJuZ2yG14Hk0FfEtpok+6fD7F3Q== processed in 276ms
[2026-08-24 02:38:04] [DEBUG] [cache_layer] Transaction payload payload_hash=6eRgVW9QFWQLoD9kikqaYWJofXYxoFGb1TqrGRIscnUPTVd+QbkAZj8zMth9IQhDR8sNgCARyio0a3T/d3Y2zQ== processed in 215ms
[2026-08-24 02:45:23] [ERROR] [api_router] Transaction payload payload_hash=RASimg3Vm8YVogaO7GfYGvGcw6JU6BBbT+XrC5sewVg5PgDF1FyPbwBc+UmuhREipjmLYpLiVXGhTlanITNWvA== processed in 311ms
[2026-08-24 06:58:02] [INFO] [api_router] Transaction payload payload_hash=4AEjI9mIrnABDu2k3nJm8vDpWs6E7Oyoe/8bUH2/N2fLiZzb64Dkpm//0dNH2W0v+ZuYdxADIdF1qYw8Mo81GA== processed in 0ms
[2026-08-24 05:15:26] [INFO] [cache_layer] Transaction payload payload_hash=Blt/gLs8OlQnL7PBgxSrQ5olK+6CdYwrQUlv7ieBJEMb7S1yH8MR+d58Yh8pQinJHvk362kZK4UfGgNP7ed6oQ== processed in 35ms
[2026-08-24 08:56:56] [ERROR] [db_pool] Transaction payload payload_hash=7EGHzL6hii4FwTsH4ScFoxjb51VrbgIU8TFuV8dEkEqBY1OwWR/eqrxBukJ3iaU5wQ5dXmHjfV0XlYSqdGIwwg== processed in 124ms
[2026-08-24 04:27:23] [DEBUG] [api_router] Transaction payload payload_hash=rt99Cj0+nHdXpO6ds7QIbc86rBt392mzh2M3ixxdCnfXbFBVm4eYEs2vF9ovxKPbHpZNaboIDBZSXD16ZzXz1w== processed in 437ms
[2026-08-24 07:26:10] [DEBUG] [cache_layer] Transaction payload payload_hash=zh/BzGQYTEfo1FlMR6H7LtKJR01bD8c6WXN8uk8cgby8IBrqIeNokI7mMdSqTyk3P1o/64ZByS+1cmhd0Wa4Hg== processed in 224ms
[2026-08-24 10:24:53] [WARN] [api_router] Transaction payload payload_hash=juhJDZbTfhDA1YjHPya5Sauu0SxDk+gDz05e5j5aTthcUzd6THK+dzBvK/x6S+y9cXl2moQeHn2eZdCI0Nv67Q== processed in 217ms
[2026-08-24 08:49:30] [DEBUG] [api_router] Transaction payload payload_hash=6D9NRzS8yVkXamfwzYtdGYiVx+gfOiwLyn0JQMz5++EZ1/7JUYhNWjXHXZeqr72+uk/CfJHmS2WyMRBRyst4vA== processed in 317ms
[2026-08-24 02:49:22] [ERROR] [payment_gateway] Transaction payload payload_hash=qxKDdzzVNv22+MVTjKnLsWF4eRLeio6Cb69z7/LZyWYkASIMjtxBSVyjVSXpw2KM0DEzdfJ/68UAdg3P5Q3ltQ== processed in 204ms
[2026-08-24 06:13:19] [WARN] [api_router] Transaction payload payload_hash=tRiGU1aiMxRqnGRQZ7gOSu1W97PEuHh9aW8s2FjajF27qCUM+MkNGJd67D6NQ90lXYBcPHDNMR9ncv/BYHCvAg== processed in 440ms
[2026-08-24 11:14:53] [WARN] [cache_layer] Transaction payload payload_hash=KJuO5CvSWW9O4/yOn9OL8xggQNHIlBQtnhTFC6CYdSQGS2K/kbnCLogDCnX7L0tfuNqAUES+BsQraolGmutxuA== processed in 198ms
[2026-08-24 05:20:14] [DEBUG] [db_pool] Transaction payload payload_hash=OWhF38Z6e8LRnVFY9X3PvYicKAAOaqPulE5Yw+0zoevlYtwHPORWdkLobVN1zwjZ8VIypZ7ELxtb/klO5CFuow== processed in 310ms
[2026-08-24 04:54:50] [INFO] [cache_layer] Transaction payload payload_hash=BbuaGqnSj0OhKTKcuebaz+s2M6FDGqZZV4zJDAU7CQcOQyE4izxPZV/lEuGEceSj28PyIhbLEZ0KcDr2HuO30w== processed in 243ms
[2026-08-24 04:27:40] [DEBUG] [cache_layer] Transaction payload payload_hash=M+HvGDj42LSsm3/mtxDo6mA0FjFR/p/5M0Wt/6iGhZM9VxYgok9KCLRO5QUy6uNmYfEVpkqQGlxnsDOQLUWvJw== processed in 309ms
[2026-08-24 10:28:50] [WARN] [cache_layer] Transaction payload payload_hash=c73WQoiZ+ZQL0bGM/5jB8uEOAcmimRxKP1tymW0h+j5NShzdL1Wo6Up+gMy/+W1QFWA0LwnmkKnGMsuVURTLKQ== processed in 121ms
[2026-08-24 02:46:48] [ERROR] [auth_service] Transaction payload payload_hash=CyedUYy9EspijsUy5PZvsRXQkg6eN7pU0zO3egMQuPyukcnSoQoCeX7PocaRVOIBW87SwXUQvzrfPM8WxUWrDQ== processed in 184ms
[2026-08-24 11:20:31] [WARN] [auth_service] Transaction payload payload_hash=YUVf3oNz8FgtHPba10conam3lxw+GeEAGAqBhUlG1AFAzreR0LZP6ZdNt3KQHOywFZSGKxP4rmQH/tNCpQxnCQ== processed in 466ms
[2026-08-24 08:44:08] [INFO] [cache_layer] Transaction payload payload_hash=qvWOhE1Jh5O00BdEtBOoWjoRF9oRDWDIjncdhFeb9ccc9YwUQdU0DhZMDPXVW82D5VYbcOUCklavsEOCsn81lQ== processed in 309ms
[2026-08-24 11:20:43] [DEBUG] [payment_gateway] Transaction payload payload_hash=SrPKlzmmlMteTLI/GyTVUZY8Ky8anT9oIJb5dHebxwJpBhvgJBk6GvrXrjXSbFi3fr1Uhfn5SDAupDf9I0GlWw== processed in 379ms
[2026-08-24 07:53:02] [DEBUG] [auth_service] Transaction payload payload_hash=rfM2/e8ah8R5ba0cDpe2G4Gqv9xLB3MSw2ECx3nA6uS2uHQg+yD73oZaSh285DcEf/62aOI52d+m5dsD4Sy7LQ== processed in 25ms
[2026-08-24 06:15:17] [DEBUG] [db_pool] Transaction payload payload_hash=KVdB69r8JdcbLhE+kOoq+lD0MKjZkXwLTxWmSxS/DPCOcwDQvImydVaYH0O+x+sr3Rd7QBoEv2izcH+7dxPJNw== processed in 204ms
[2026-08-24 03:37:52] [DEBUG] [auth_service] Transaction payload payload_hash=uFIQYAgcUxwwfkKRlXVslRUcEEvWxq9TWHGR53MNLQQDQG7T8+hEAhAw7v1iSPSa6MGe58OhZNy5G6JKNHrgxA== processed in 325ms
[2026-08-24 10:41:00] [ERROR] [cache_layer] Transaction payload payload_hash=mD6Axr5OdUjS5kIQkgCXimX0uy5WQsLKTC5ZTOYWD7VHWcfDah1jHaPWW1BDIhaWaPkn02hFXHtMVq7y3dGpTQ== processed in 124ms
[2026-08-24 04:29:22] [ERROR] [api_router] Transaction payload payload_hash=TkYPPjd2l8yaAQLRplAmi9gApFci/exe/DwBHfleFGH4OBeEkf0XOaFmEPIeoKcoJJteHv4CGVECIcpTGHbzmA== processed in 121ms
[2026-08-24 02:23:25] [DEBUG] [api_router] Transaction payload payload_hash=pLdGhql9gXdwgaR1dzfwRA6GshROIckJb78iyJXNG/6KyNzFc/IDHTQYEIP2ViP7+qFx7F116wRPLh7Ay8t+Lg== processed in 190ms
[2026-08-24 06:32:28] [INFO] [cache_layer] Transaction payload payload_hash=eM2nvOMB8fGRHVQ658AxvWS6rTkB9KEj+w8DdppbGi9TKxAH3MfeguwDLRoPyORhEGz0clZqczfPqX+riSrirg== processed in 98ms
[2026-08-24 03:14:25] [DEBUG] [payment_gateway] Transaction payload payload_hash=rfJsBsANeGk8e3omvxd1qXYbQpQWJ8Y7uFot6Wr1MoCbrkCUaSNjO4Y95osTkkZQWM2nDMwd28BMbs6vBk7Gbw== processed in 157ms
[2026-08-24 07:55:54] [ERROR] [cache_layer] Transaction payload payload_hash=RKAPa5VMUu8PKVlTQN4TGdfvLeapHEP829xbtte4LkxMWWjqTVl19DYLoBfGvdCF3PGoTa83mxdkxcXxrcbd9Q== processed in 136ms
[2026-08-24 03:53:25] [INFO] [payment_gateway] Transaction payload payload_hash=3TA6fjfhy0lT2/3f6DmX/P60ZE0Ft+jfCHM/k78TNCGbQ8CS7kbeCiTcM4kj9ZyvbLAbdZMTNo8viPLrZzOLtQ== processed in 427ms
[2026-08-24 03:34:14] [ERROR] [db_pool] Transaction payload payload_hash=UcuwcFpy5eHmUdtqneYhYtmaAGnUR+WV35SzZOCkz2YhGO2hMAimBBZj+V9uhnlp9Ir+019Qb80YXCHuB8WHzg== processed in 192ms
[2026-08-24 03:04:11] [DEBUG] [payment_gateway] Transaction payload payload_hash=GqXffv6LfdIU4s/lzCf8xcPIxEEYcSRgtnoxT+KtYpacJmi67aHWBImcvDO4P5v/+OTGKt8CInLaN+yPE2WC7A== processed in 494ms
[2026-08-24 02:21:11] [INFO] [api_router] Transaction payload payload_hash=ZUAmbRTmLCPdCMyHZFhVWfPzGufNusBqO4JzIHMP94EmYvCoPmSdLIron3JRhYna0WMhpdSzhieYdoNBKdM4Ig== processed in 214ms
[2026-08-24 04:15:01] [ERROR] [api_router] Transaction payload payload_hash=eJSmMmXtTJdGIxrTL1/RcP0XFOFlqEhPOHbquh0IlnEc9UUKSGVjqtLKvB6sUtLrp88y/rbd0NObD1aYY3Aa3A== processed in 142ms
[2026-08-24 11:18:09] [ERROR] [payment_gateway] Transaction payload payload_hash=SBYwL9VRqEBFzHqvhgDikVWf4WDq0N21ebjJ0EPY5M9S0MBAij2678a2Ls02W/9aTay8K+Vt0X4bQDqsYTY9gg== processed in 155ms
[2026-08-24 07:13:20] [DEBUG] [db_pool] Transaction payload payload_hash=BBEkAzXHYZSyW227vQV+mVq3ommLfsifjk1HoicxMn0pDVXcgLGSVyXpW6i7Q4R41vGX/yJgLZdO/LHLXRO1cw== processed in 497ms
[2026-08-24 06:48:05] [DEBUG] [api_router] Transaction payload payload_hash=f3s7FvkitfiXI9nlyn4Cmqr34SwpDRnv9NzV6+f3/DNktENdcoNK0VOHS8jfa1DBaf943BY9FCYCwnjLKPROhw== processed in 404ms
[2026-08-24 09:09:37] [INFO] [auth_service] Transaction payload payload_hash=Zz7bNUmHJftawnDVFfX8B7dF+wNbv1TZiJ1thG1Mk3ArN0iP1WIfA3UzzklpFCTP+UTRni+ijRuwTFMuyZLINw== processed in 437ms
[2026-08-24 10:46:16] [WARN] [cache_layer] Transaction payload payload_hash=Oeh8lV8dmqYNGwWMZ4exBfeutMLx1+XC6e+CnJCeyq5pqIKWr2mh7P4EkV61U8Q9mqHETqEcd+8ZFzV+INTvvw== processed in 489ms
[2026-08-24 06:11:06] [DEBUG] [db_pool] Transaction payload payload_hash=OAKb3Xe8Mxyfkj5Fy4K5IcSny37w965qFrighMoGTwFjbZrPenAxBGeysAE8YR2qBrmGurFqPVNfKKC5S1ILMg== processed in 221ms
[2026-08-24 07:14:51] [DEBUG] [api_router] Transaction payload payload_hash=wXvHsnI9wTgRNJbM4yX0TNdxyschJFrrZk6TwbxxFgR3CKbzosVrjRqBxDx2ZLpWnKRGuE1djAf403ImZiib6w== processed in 2ms
[2026-08-24 07:07:19] [DEBUG] [auth_service] Transaction payload payload_hash=Tvh64pxxLmHSAVij5S1ZZufNCFgxAnHAFekSp7kJEZzw6jQri68Sv4vwKNFncYB+S2HDVbMz7gFpOxyhwnmAxw== processed in 227ms
[2026-08-24 07:43:06] [WARN] [payment_gateway] Transaction payload payload_hash=HQojEht1r74DIZ3oGw7P+EUn71uey9ALj60o3kZW5l/4xOFmr3Orf0LKisrRCJXdh6BXQFXj2pdSH/PrdghNeg== processed in 263ms
[2026-08-24 09:44:28] [INFO] [payment_gateway] Transaction payload payload_hash=yaEeBrOIOXZmNZooJ2cTNTzy3uCFzLzLvT3V3WKqkYdYmL5CXZ+brNaK+94K9yIH5XEH7zVT79J77yAGViihPQ== processed in 222ms
[2026-08-24 05:56:51] [INFO] [payment_gateway] Transaction payload payload_hash=1VKiqPDpYEQVP6AziTCnPt3vBgpDxUDHXxE71OaAgBFXjRq203PqfUXTPuq3kwvjZPAqhQNOek9tifLxgOGVWQ== processed in 8ms
[2026-08-24 03:26:53] [DEBUG] [db_pool] Transaction payload payload_hash=w3h2wAE3l/5Q0fD1MsAxJ4Y+4M+AdGGi21WdPLL+8HsI7G/nJopyTsEcrPpmbB0ygzviyRXlqGrMhhWnH0z68A== processed in 142ms
[2026-08-24 10:42:57] [DEBUG] [cache_layer] Transaction payload payload_hash=XIPVjEwj6OmfVyP1pqbGaKMc7lbDc0RZDwgNGOAmaqQX43UOC5HdlPYCq8rC5EtPJ3P7yrpmfggunz+rNaqJAQ== processed in 69ms
[2026-08-24 08:07:59] [ERROR] [db_pool] Transaction payload payload_hash=Ff8cutLco2MOvrkqiyDs7Ol2IV0VLr1BbgvsC9isp/BOMpJlAbRE1rHpAcQ4p2OXWOwumMTP+ee0uX6XuFGe3g== processed in 399ms
[2026-08-24 08:53:04] [WARN] [payment_gateway] Transaction payload payload_hash=BmL5PHTVIz1qhsRKeGvtgajEmxOLNqPPAXl8ZPZJIaeH/3YO1TDH1uAVhsr7RaiVRDbHNKWr1PQmJXUhdimL7w== processed in 313ms
[2026-08-24 10:36:23] [DEBUG] [cache_layer] Transaction payload payload_hash=+A2CBnXGDJGh9Gp3WVYgCSLUeHL7Ic/wlJLjvWvY0viknG17Y0izMkPgJ2vXGt8xKmZmTnBZuGLnLmCmk+yQ8Q== processed in 225ms
[2026-08-24 09:51:20] [WARN] [db_pool] Transaction payload payload_hash=CvXT38S0fn5oyouODhF++I0KtmDqF17afOzRfOAoMh5vcFkFqkH32MpO344O4t5B9eDoZGb0OEqznKZEnUYbJA== processed in 4ms
[2026-08-24 04:50:24] [ERROR] [cache_layer] Transaction payload payload_hash=9Afa8xQnFX/W9ylkgz/L+U3gg1p7CfA3YBB8uXvmxX87225B7wtUCmhAvhVDQd29j3VUnWwaDGkBlcpa/zCsow== processed in 7ms
[2026-08-24 06:54:59] [ERROR] [payment_gateway] Transaction payload payload_hash=QaImOIv1Wlu3IdjGOwxaWJTHwIXJAXU81oKojefX033GWMCC43owi5XZGlGlbWuJFVxGbI90I5fL9dv9CV2LLw== processed in 477ms
[2026-08-24 08:17:40] [DEBUG] [cache_layer] Transaction payload payload_hash=AJxHAkxbfJFWgjXK9uPsPEH6C608rlLXrBvZg/p8b/1IS5Rz89J+XwP1+WbPDTXv3KZ1bf/8wJ/eBGgflAxxdQ== processed in 298ms
[2026-08-24 10:52:47] [WARN] [cache_layer] Transaction payload payload_hash=CdOuexJeV1eYZ8wXzr2rL5/tZhUmgi22KZGWYEbf8obc5/QEtvttXt2BJfByT09vhlV0edUzrpOytXTKuOzebw== processed in 493ms
[2026-08-24 09:35:40] [WARN] [auth_service] Transaction payload payload_hash=/yzxXMZ3BPVBos1DoRPUkYh947lS6jXPfS3CsagRt2rkJTm9JtUkfID6qKoPAwy2kI6vglnPXyNaNXtjTRSCSw== processed in 123ms
[2026-08-24 11:11:46] [ERROR] [cache_layer] Transaction payload payload_hash=i7Y5n3YRM0otcnuS0kVSgNBjJb/+mcWQAo3TbbpDi2oGuBQtfwsBFvN/44MvtlQsK47EfhE+zA7hU644SJBy5Q== processed in 126ms
[2026-08-24 11:11:28] [DEBUG] [payment_gateway] Transaction payload payload_hash=R9Dd5IfUhVLjE5O0Fvs9P7yI9CYHeF6OE1+fGRjh1tmsWNdbUsOWgutr2CK5VyzDr++APxZQXElrCG2uoFT31A== processed in 469ms
[2026-08-24 07:36:26] [WARN] [api_router] Transaction payload payload_hash=pz71Kmu35Q7hKhAFDD9J/u2/2OkLDuPBgz29d9DG6xFd69Y6G5toJ5Gjf8yCoMreolNr0N72ciqTboz+dK4EzQ== processed in 488ms
[2026-08-24 05:02:45] [INFO] [cache_layer] Transaction payload payload_hash=Tx26UYmvalEwzxnXR/9zeUSvDJpz7uSsqo/N9Q2linas99WXd9+9+oBH4mMfvitlY2jR4kNtvOfws44nsGIOaQ== processed in 103ms
[2026-08-24 07:52:10] [DEBUG] [api_router] Transaction payload payload_hash=uJIRzxi+MZ3eN93DB0mYXAeCEKtXpaB//sfjtasJmv+iqds8o4xKkAhakisfxIX2Cw36UBhgFxzvIWuX0wbryg== processed in 426ms
[2026-08-24 07:20:44] [WARN] [cache_layer] Transaction payload payload_hash=jpV/idsxEnXkNgX/u0VL90uzPDhsacBEk50r7KCHy6xV4ZE+Mm1eMBYHq+1CFdkpqUr/6VWfIKalhfU1zBF4kQ== processed in 157ms
[2026-08-24 06:09:50] [INFO] [db_pool] Transaction payload payload_hash=jeP+hyyEIt5agNi13dJXHQHv3NOw8VC6n8R6WJaMJgO+DNktFd93HN6D2zWKb6JqvR4ToGYKB1XfIXxv7M+6xw== processed in 397ms
[2026-08-24 10:07:19] [ERROR] [auth_service] Transaction payload payload_hash=UfEF54FCKVgHhF2nKxhKHNeEseCEhANglbomPL3vYFgiaM6G+MrYJc87dNbuaOmntAW/B40kVWud5d09bVOGLA== processed in 19ms
[2026-08-24 04:17:38] [WARN] [db_pool] Transaction payload payload_hash=Ol+GS2kX3A+1EbjmZaBrBbfmzR74xoHJ9s6kkAuplF66GnkwMYXEzwxdxW784/NuM0Kipyzb3bJYRIxnwVBr0w== processed in 234ms
[2026-08-24 10:32:12] [ERROR] [api_router] Transaction payload payload_hash=wNK0isLCoMAR3tT3If3qmCMSPFFI1vlQ5q2riseD31fFPb2WRvF/JHw9c9tdeYbVIF6D/hbT7QHuL9EmvRZFeA== processed in 373ms
[2026-08-24 04:17:22] [INFO] [auth_service] Transaction payload payload_hash=tOJjs4BgqlMLy+TnpYCSjFgsYoqXlYwCYLXA72om87wZ9hKq53og2qX7LtftXKeVLIJN6Swi127orRrXXU94Uw== processed in 383ms
[2026-08-24 11:08:41] [DEBUG] [payment_gateway] Transaction payload payload_hash=0R2HDgVwlh/Kuxn4GTo3am2FqXo8n/8gd10YWFGZC0nLCq/nvZp1NK4Ls+mKZjF5OSZWVhtbwrVsTFnd+/uMnA== processed in 494ms
[2026-08-24 04:42:07] [DEBUG] [cache_layer] Transaction payload payload_hash=v4rnjKJLp7J1XgYdDvm6eHLPN6hJp7haElCmkIlxhqj3qmhdaKNtSzhB2V9XthZHASBIewVExus0gQeOVvpiyA== processed in 332ms
[2026-08-24 06:38:42] [ERROR] [payment_gateway] Transaction payload payload_hash=1i5gGO5XQyjW0NwhcnHSMZl63ku9RvljrtOW4QutqO7Xkij7b6GoCI/N2yaPqRcG5rtCMR18zxgssNapD6IgzA== processed in 311ms
[2026-08-24 02:42:10] [WARN] [api_router] Transaction payload payload_hash=w8p7aCsTkGHOhYOlrabztOSKQKf4vGdmz8+7FppmMoW+WXuFVC2iidkjMh5K4x8y9aDMEFXV48vJa1DeWh4bIA== processed in 182ms
[2026-08-24 05:44:03] [DEBUG] [db_pool] Transaction payload payload_hash=WIb7Sk/pZBOLBcZEiMSMdUXpz1wVU2lQUjQhw+32YFbfCY/fECaofOrg4Dmky8z/gFdBzLLVTwRdX6GtrIU70Q== processed in 285ms
[2026-08-24 10:41:54] [WARN] [cache_layer] Transaction payload payload_hash=8hebeofq/RU37v9pUPhL8g1GUX30PTsRwIbYCv71LOHneCeCyOPaDPuRvLcXZCVmUIy6h+Y0ouFmX1gw3R2NMg== processed in 207ms
[2026-08-24 04:50:55] [DEBUG] [cache_layer] Transaction payload payload_hash=FG8rAihFdJnqfbwFFbDb0PheyBK9t3qydQktVt9X3EQH+KBCus1tqdBP6g3sE6EivmwQru7MQWUvDbgOpH8yzg== processed in 166ms
[2026-08-24 10:54:08] [DEBUG] [db_pool] Transaction payload payload_hash=tIzrT6cOa7V4IyXNejyJyphycPnrAXwZRc2AsNXoerfh1x53Il+INkSP5Iet8XEvSuUn/LPRk3Hf/IKccJErlA== processed in 80ms
[2026-08-24 08:26:38] [ERROR] [api_router] Transaction payload payload_hash=iVHTHfuRJgFc/U6bcDPQWKP4yagtF2JYlN1A0Y77DO2yXPmFIOLAsMwxONTcxOXcuMFZcZhlOx9Azc5zCjmvAw== processed in 306ms
[2026-08-24 06:17:07] [DEBUG] [auth_service] Transaction payload payload_hash=OGhhYJVC+zz+DARQpj8oHjvYCndI8V/3R3iUkSn69mRsdeqqisDgMZViAnpaUUSpLt6bakACeYvmbB4T8G6RHQ== processed in 328ms
[2026-08-24 05:29:24] [ERROR] [cache_layer] Transaction payload payload_hash=JF87vE/4Q3OTdqFI7GtcnRZi6tV5IIntv5BBxUGz34BrRrR7F1190wn8D9b9OdpY7BvkXNQ18v2dRWJyBSWfTg== processed in 227ms
[2026-08-24 09:45:23] [WARN] [cache_layer] Transaction payload payload_hash=06Pu5vDuCB/LMOdxouLPXh1vMFD0CGu+7ExJli+WUcyrIG6n2r6Y0Bdo7BYAE1ErLTPMj+REurpniFMAmVGaEA== processed in 326ms
[2026-08-24 03:18:17] [WARN] [auth_service] Transaction payload payload_hash=1F4xUqq+nI4IPX9JzuUq1Zz/4o4otreGmn2PtwFzqj+MtZSEhFjPhgdvXQqE7+5BBrcy/zD5udH2sOXj+lA17A== processed in 102ms
[2026-08-24 02:16:27] [WARN] [payment_gateway] Transaction payload payload_hash=6sY3aoZrhO7t0FwwuzNDUJ3N16k7iZxXzH2Hu1xua+4kGy+EPKAwjb3x3U2OpmPVJVeeYxAxZUtHn95R4EQR2Q== processed in 108ms
[2026-08-24 09:33:27] [DEBUG] [payment_gateway] Transaction payload payload_hash=guyJsAVOPirsy1VjRj/Kpv5FpBDm5JX0hzMV9rwUFqIeNJOW2tuNxgbdOQmhifCWiFaqqW3WmD1oCD02hDk47g== processed in 277ms
[2026-08-24 05:37:14] [WARN] [api_router] Transaction payload payload_hash=UNJ8k9scl0XxcVeusCgnDI540vyCJtAZPq99GYdfyVfIlVEZWHysSLRtGlpKMgYsvaE9teu3AnjYw0+riZNqOA== processed in 405ms
[2026-08-24 11:13:08] [WARN] [auth_service] Transaction payload payload_hash=LocgTcjthZU1HQG5ZOikO6FVpZbD2VcHxJ3koq3KCLRSNWcR80XGc1h5UY/lO1pB1rgMWkd78J9NzdAodOcqWg== processed in 3ms
[2026-08-24 08:46:15] [ERROR] [payment_gateway] Transaction payload payload_hash=EJ19RBDwNCKKI8//ZgXu7JCKsDhxFAcpQx2379g0Eq7VPFZ3F3hGfc/K8Jw3d+QlKs+8uAsIklYoPRtAg/fAvA== processed in 229ms
[2026-08-24 08:53:19] [WARN] [payment_gateway] Transaction payload payload_hash=GMtp0OQeRQEgJZzdhI5XHAiy7rHNmsgKBYUCTVPPpQWokDvu2zPHXfggobb4SaUYTRGc6a1KA2111WWphf3+Cw== processed in 291ms
[2026-08-24 03:42:29] [INFO] [api_router] Transaction payload payload_hash=QUYVHSbTc8YmbxRqNVMJVrm7bXPm4UA1kSy5+fEwaXUxjAeJLrnoX34sgBecPfMKF4Trl+8KRNxERTgYq5IaiQ== processed in 415ms
[2026-08-24 08:15:23] [ERROR] [cache_layer] Transaction payload payload_hash=BRc/4PLugp+h2efJeLxLrfkYyOnWyrLwWNm92ucy7N3wrELEO6mJuL/42fNX7MsYuC82LUvrWnqDrynOZZFrMw== processed in 382ms
[2026-08-24 03:17:05] [WARN] [api_router] Transaction payload payload_hash=F9nTLNC5yv2+O09pyCiP4w2XZbYQZc5bOofJKN0mGCsuivcbdV7w8nZ3SS7aso4Ggp31ToQDQTpoORZ6spCd3w== processed in 103ms
[2026-08-24 07:19:24] [INFO] [db_pool] Transaction payload payload_hash=SeQEj9EK3y8rPHakvSQDWTTQOtExrGCGAa+yAawgDbD4TXvah8X7uPNoEQZBF0a+Ux0nmBo7Rx8Z9OFdNPRR9Q== processed in 419ms
[2026-08-24 09:31:35] [ERROR] [payment_gateway] Transaction payload payload_hash=FmHsfjlY9czEKHK+2szseKwxwXxw7cXVnvrLne478RXCQNylMzD5CW+bfjlFz+OagpIm+i7a+VOFi1YXs4nVuQ== processed in 471ms
[2026-08-24 02:45:24] [WARN] [auth_service] Transaction payload payload_hash=oL9gvBH2uOHc+IiVKFo92iAEIcByv8YtGvrgccQkHVUeXIB26imijPBbUX0pjT2TtGk2YCHOH3dp13lvPcdSfw== processed in 146ms
[2026-08-24 03:22:01] [WARN] [cache_layer] Transaction payload payload_hash=Bx806O/xjKQ3F32z5MewKBtUbAZvLOCEz4P7kItyu/P2I10RjM7dnlQ7zhsI2u0fddo+wfFLmUoiTnihFXnoNg== processed in 133ms
[2026-08-24 09:02:34] [DEBUG] [auth_service] Transaction payload payload_hash=cYiK3m1rPPliMUdv43/N8sVE9M4dSpSe1wWHQrLl520EQdwDmS9YgApnUVgDMwEmAv3p9t5PkSPwYcHLHw9Uiw== processed in 475ms
[2026-08-24 06:11:23] [DEBUG] [auth_service] Transaction payload payload_hash=EQP1OYj2D93bDavE/d5f8o7knYOFGimP2p4Fqlj+XzluVspighVlNlNKZjK6diGg7fpsSp08pG/Teb+FTLtgbA== processed in 260ms
[2026-08-24 05:38:08] [DEBUG] [api_router] Transaction payload payload_hash=y1AbV9k2OkfzeVWTWqCAMW3FpEWA653euUotKmjKtXOkMymUbHEJAU08AWY1uMAtsDtQ9ezACQTm0IGq+7joaA== processed in 424ms
[2026-08-24 09:10:54] [WARN] [cache_layer] Transaction payload payload_hash=+Ig6LzKp2QYtTd/OCthvO8/ay21AsJ1qNE37ACORMo44AojITzNQHhFpPpKCPPm3HzcBKuKWkl7YuOBn3DAUhA== processed in 371ms
[2026-08-24 07:58:24] [WARN] [api_router] Transaction payload payload_hash=QAdqtPekppv8RiJLzyyH1n+uW/AFjarXbuSaTA8c0fB1Dv9sQE3KH4JKgfKBe5HdAFP3spn6B/roMG7P3CN2yQ== processed in 335ms
[2026-08-24 08:21:24] [ERROR] [cache_layer] Transaction payload payload_hash=Xx++6fFsvJ04F1q76P12najwVhaspwHTTkFkbkMcL75PX9mYmfME+oJMPzYmNMQAauKrIKsSBd2e6OirxWhzZQ== processed in 411ms
[2026-08-24 05:40:52] [WARN] [api_router] Transaction payload payload_hash=PaWSoi8X1IvKuWaVuE03zsMFOSyIBaEh86g5o1YHyUFo9z+Qq1V9Dzl7RpRa3kTABrN59I43p5wnpywX4Y6qmw== processed in 368ms
[2026-08-24 03:37:32] [DEBUG] [auth_service] Transaction payload payload_hash=bE0e3IOAnHCrwbVM8ckhW+G+b1z2uuZcsTMLh8qOI/RBS8lJdyptEJ4G4LvOTONbHWnvusdc3wrCN7iq/7oqpg== processed in 368ms
[2026-08-24 07:04:29] [WARN] [auth_service] Transaction payload payload_hash=OpiJ6NvpOjR13+b9z/P6njuRtOXL4dTS96iz003LCsQf7bcFnUovzHpi9nBZoyaIpHU3BPh+lRDxqR9fAsLfDg== processed in 46ms
[2026-08-24 05:27:51] [INFO] [payment_gateway] Transaction payload payload_hash=yCaSTuIw1s8G2oXu2LIj+V3oR4y4+tiPWn5afGM/98f4SSJbJg2u8NkxJw5ESkXsVybaARFbA/0watPuX7rQng== processed in 222ms
[2026-08-24 08:56:00] [INFO] [payment_gateway] Transaction payload payload_hash=EARsXd60EQvxbd7dreVvtH9YYM2PhTcNZnp/nIwSaKBnmRTC4ZQi6ujaBGDYcRYzBRYF+w0M01njn4JDWkH+fA== processed in 192ms
[2026-08-24 10:20:43] [ERROR] [api_router] Transaction payload payload_hash=hp0w+ylKeWlg2TVUELKoih8JOr6VQc/f+opBzb63bsNKwgDHCGr6s6135p4IBCchHuyeMOtdJNC+ZRi3qflzBA== processed in 43ms
[2026-08-24 03:09:05] [DEBUG] [api_router] Transaction payload payload_hash=c8LvRbDkT1lJNw7VbDmrDvAcPk748YpamPZxpwSzDlMf9GMH1+ZXJeoYjCCnNYiDChcX1jyoyhMn4cTVChlSuw== processed in 226ms
[2026-08-24 06:44:12] [INFO] [db_pool] Transaction payload payload_hash=VLldUPCo/OHvqJMfvEhvBh9TkGv9Sp+8Q+I6SWSPZNCyCvtJ5CotnCVrJJBoWj/w+xlYcb0jhDL9zgGPy5yjpg== processed in 395ms
[2026-08-24 03:26:40] [INFO] [payment_gateway] Transaction payload payload_hash=PHn8B2R9QNgVYkIEZV3RYrk+V2DXtg2ZXJzT/8y1YcNetwsNSQncjiU11Bj8SIuNmf6ZB2MKPB7RIiQny22/gw== processed in 487ms
[2026-08-24 08:30:18] [INFO] [api_router] Transaction payload payload_hash=nAgw2tubHKjkunvTEaaS8xciLS9dBQhUVh6skdQ0hKZo+L3XdW1lWDCPtWqFL8+sWprZkiqRRBiDIy2KBz+RlA== processed in 255ms
[2026-08-24 04:46:10] [INFO] [cache_layer] Transaction payload payload_hash=zGIMuK/EDxRFDYVOZHPvFHog6n7Y0+J9z5QZpuYG9mDErgxN0WYAbaxZ0bNJBVGmhaFrGO2+yzPDTXCGxDfo/Q== processed in 384ms
[2026-08-24 05:51:45] [INFO] [db_pool] Transaction payload payload_hash=BPhfMFBkwT8YjgSpX2xhVhZgfDsbnGuRsEshdoVQqMc/ZyIGMCxGuiSvGWaPhyDKW/tchd6ZTm5zF4S1PjyGxQ== processed in 96ms
[2026-08-24 07:14:06] [DEBUG] [cache_layer] Transaction payload payload_hash=B3CkvvmYt9Z658n4+4d0PYx+oNwIhOALvHu49mYg8+03FpsL5RePpP6CVBlSJ4J4zkbRDxp2zRWwXvuFlOGl6A== processed in 131ms
[2026-08-24 09:23:13] [DEBUG] [payment_gateway] Transaction payload payload_hash=1gQICg2+8rGdyDDlzxPXhTQizkj3uck0h79jfOd8O6nfYn6g7vIj+SMIBhvHci6ZSaqOBTf7Vfrz3lR2xGb4DA== processed in 498ms
[2026-08-24 11:13:08] [DEBUG] [auth_service] Transaction payload payload_hash=pU4r8g7tf3YNR7UmfYkSIPLQYOejZmTFAVnk5ts64FUSphMijHHvK1AsejYcEtCZGiHh6Jp6n6nyFD5K7YGC5Q== processed in 142ms
[2026-08-24 06:53:15] [ERROR] [cache_layer] Transaction payload payload_hash=gaS28ZFtHx9SGZQO2w5+Mw5kHyfImeG7k3oubaak1EL++9PIRjpdtbktBEQuESG4YVVxuc5GI0jfAkZESRQ9hw== processed in 166ms
[2026-08-24 03:27:16] [ERROR] [api_router] Transaction payload payload_hash=/G1XYRMZFdmBag9YFmNMEwYuia6bKRDfsXJVtOJxGgFmxEoqADaS+4bcMbNLCYBbsdJTyLxMdXQWqjfy0IObow== processed in 163ms
[2026-08-24 06:13:45] [INFO] [api_router] Transaction payload payload_hash=uwdNQfX9CrXm4HnWHgCPPJYfRo7iFrAaivRJ9WyQFIjuicQ5x0ZHNoADbhj7J9d4UTFw5PmRiB31GYk7ga2+uQ== processed in 492ms
[2026-08-24 07:59:14] [DEBUG] [cache_layer] Transaction payload payload_hash=BCKwm7x1CfSy8d2LNaRNxDSEouJtyg1v9BsN9htqbLoKVQ9Cs3WM5cBEV0JyD4aDYHzBH6d6uWkfdAFOcOlw8A== processed in 365ms
[2026-08-24 10:23:39] [DEBUG] [api_router] Transaction payload payload_hash=ayodZ39C9aFKikV22e1RFy1PqWlcHiKr56vHafRItxzrTGx5P/OAvnNO5mW3DecwIjnEmGje0p191Fi14uchFA== processed in 188ms
[2026-08-24 02:29:35] [WARN] [auth_service] Transaction payload payload_hash=ZEVHeWNInubUR3cl2xtSSSv/rpErZhTURRiXoYVpS0gNQoNqfAEAeeVsqFDvU7QAgQOF6R8lCekjH+5twH0lfg== processed in 370ms
[2026-08-24 04:22:53] [DEBUG] [payment_gateway] Transaction payload payload_hash=tM4J7xRBUeIaWM/3ar7k4z9/bY04SZ8DSKVkRcUGZ7PdnAR6SpcvyiIF38c38mWhukwg/oGKevK59jP4ydEwrQ== processed in 99ms
[2026-08-24 08:29:25] [ERROR] [db_pool] Transaction payload payload_hash=ZBX6FZRU1i0KRMs+gd7I7bK9Bz9tui7nRlHsJ0SQ3edzL2TViufC6l6Lm+bZ+osOFUBhP26S2NqaDOgFOrEHKQ== processed in 305ms
[2026-08-24 03:51:51] [ERROR] [api_router] Transaction payload payload_hash=+ug5PPkEz5KaRHa6LaxAs7slr1DMfvvDXlMSDMYRiS/0jmj0d1vwRKS8Dl3hhgWymZ6h0zb5CtTCgtKMyr6vkw== processed in 470ms
[2026-08-24 03:13:58] [ERROR] [api_router] Transaction payload payload_hash=FFBdq3LRIBwqjg9vVdiL0wTPPdncGIwSDprUbQK99QMcgGYeqzih72BbmplBUELAaTHNqFYhKC8sDxk2nGkDBw== processed in 390ms
[2026-08-24 03:21:40] [ERROR] [cache_layer] Transaction payload payload_hash=RpSUVNvc1e8UAWxzvK6UKZPQco+j6uTnP5v0gyrOhBCJU96dMYitXm16nouTlDXPOH27eleeouNW0XQw+iFDAw== processed in 324ms
[2026-08-24 03:35:34] [ERROR] [cache_layer] Transaction payload payload_hash=5bZIeeJuj2dpj/uyHQMLmA1xFwZ1aYPV/vZ7sa2k9GGbAvcZM/qFLORSIPGvohOj2+H38wLYpY4hmjE6H+WCJA== processed in 499ms
[2026-08-24 09:55:42] [WARN] [db_pool] Transaction payload payload_hash=FdCRAelsg+uVC9w0VRQ2TowJDu5YexGYbpZgwEOHyq73HLVt5/+vdb4W8hEyEz+UnC00iIDiI3o6yFPeMZasVw== processed in 309ms
[2026-08-24 04:42:46] [WARN] [cache_layer] Transaction payload payload_hash=is1katG+0Uh4ApgL5uUflzLcX28pWAToJrGZ1r0XBz1fTZb5x1swnlpbG7L3OE2xbKoxojEXThIZwYoLh+hbcw== processed in 267ms
[2026-08-24 07:08:15] [WARN] [payment_gateway] Transaction payload payload_hash=KQ6TBeONbZczLK9FTAvT2dEL+tK9uhSGdCfIx8N9uwcHmmXViRRLBSIv/zXAx9gQYarj2ACBBVhRFPfyJ1xROA== processed in 422ms
[2026-08-24 06:50:26] [INFO] [db_pool] Transaction payload payload_hash=ZfGJ00evSlBVcuP02sNUhpH2yOm+vV4SNLTCKPw8AJxgiPocJDmFVhx85cX3CRlfw8+8pSlDv0vrUerm/IP5ZQ== processed in 67ms
[2026-08-24 02:48:29] [INFO] [payment_gateway] Transaction payload payload_hash=mM4ix+belJhs48OfzB8UqmOltifeZtRlgo9UWqrjIKOQRDHdLue65bHzOMhaltb8vAPk/kcCug/AilWpn2SVfg== processed in 0ms
[2026-08-24 10:51:37] [WARN] [api_router] Transaction payload payload_hash=A4D5ZLjjSz1bNFZIOB0TnzqpcxewZ2+9MNitARoFuVC1TV/BhveARX+vXTLYlVowU9qRrmbh6ob0e6HPhUWmhg== processed in 481ms
[2026-08-24 09:35:58] [DEBUG] [api_router] Transaction payload payload_hash=GN6LYi5hWoS175LRPUzGudo3jwIa38mcmkoblJ3zE1iFtd7Jzzhots3vdBSNRd2zwvdzJv7KaZ/G5H7FjmcRyQ== processed in 328ms
[2026-08-24 05:10:21] [ERROR] [payment_gateway] Transaction payload payload_hash=ViEgXtcpCGwwSHci86nBQHJRoXrhPNLGb1SiW3meantozGis6nJOalf8L8upMG6dYa8qskjxVJBTlDEbHhZWMQ== processed in 344ms
[2026-08-24 04:27:42] [DEBUG] [cache_layer] Transaction payload payload_hash=TO7wNlVhddDDEoeUwe1ufijLx0CU6UQvmtV6+5raS6WgatuQ30M6IXLWkHPrA/JE8PljZ2y8STn3/k85vG6DkA== processed in 101ms
[2026-08-24 08:44:14] [INFO] [auth_service] Transaction payload payload_hash=ANXTeyngecygi4z+VR2hHCVZzjxgDjIFaaLVQ8rQFOF7PNA6otbVorMzdnDQAG7SALxtCkrRwEj//P9ISH9LLw== processed in 223ms
[2026-08-24 02:16:43] [WARN] [api_router] Transaction payload payload_hash=/oZQDgNQ6uS0vHG3n8bOkHtwLnUwTtRBhloANf/3YCUebJHtEl2YARoYa5DXd0d+YxFk5IA3BLlGXcpic3HxYg== processed in 331ms
[2026-08-24 03:06:10] [WARN] [auth_service] Transaction payload payload_hash=8tSSOawOpc9gxG9sQwEPethu4T+3Hqsua0cP2b3kj/MLjDy22H+Ek2ubCR7IqgOEzE+NeZKCnFAQ9LyBYMR1nw== processed in 347ms
[2026-08-24 05:56:40] [INFO] [api_router] Transaction payload payload_hash=+PqE9AnN774SLZ3INs9PrQb+pHi9ZbaPLDgjRmivXaglUcUFyYPiIicSzP7HK4KnUU7wrhLuLNXD6ZkTfBvBvA== processed in 492ms
[2026-08-24 05:00:14] [INFO] [cache_layer] Transaction payload payload_hash=76iLaQSMzcIy7O9MrhvcIqMmS2Zbk8t3oFyeaFA7csOnv6bmcosGlXHza3EEeXi6CGeyUZFwXHCGCdks0/9sGQ== processed in 496ms
[2026-08-24 03:03:07] [INFO] [auth_service] Transaction payload payload_hash=B3HaU55aIvNH+o9eP4Z54GXNsGPIgpJmp8Imp1NXoLhp/P7wHQdYOEADqbKTtObnlum8ykvO+GqExgtLfiFsRA== processed in 390ms
[2026-08-24 03:32:03] [ERROR] [auth_service] Transaction payload payload_hash=9czmhqxVJveJo3tieA3Ckl1fS/lmwbRtI/vr1cgYPsbq4yafA+72+X0/unwSdTqgJHAE4B24ApWalves72aqEg== processed in 153ms
[2026-08-24 07:31:14] [DEBUG] [db_pool] Transaction payload payload_hash=/IRLB/KmDYhPq5YMgEcHoDZiCaM71D+gf7yoi6xXVQtUpwv8MpFom9iS0r+PYJxAD/03DLERh2X+DZ049gXS/w== processed in 312ms
[2026-08-24 08:18:01] [DEBUG] [db_pool] Transaction payload payload_hash=xxSqcA7Yckwkg+t3pJHXBCHT5KYLIRLAYNdr5TXeNwf0L1SdO3OqCS9ko4nQVbglqU5eYnnlzs3ZQ4rb2hBldg== processed in 290ms
[2026-08-24 10:48:57] [INFO] [api_router] Transaction payload payload_hash=JIxKG9WqTGxyJQGtaB43re4e9Uhbzd8cNShHl/VKKTp4sck7KztELsuDehuHx6Z3V4cIH9PD/JTMI3ZnqN5LLg== processed in 401ms
[2026-08-24 02:24:23] [ERROR] [api_router] Transaction payload payload_hash=MepbsId3soADgK3n7sstfzDiVcaPZQbwIxaJ+Qb+qPN3xGT3cZas3wwf0jyK43O90Hiw/vkOOJh3IGB1JfL9sg== processed in 100ms
[2026-08-24 10:06:34] [ERROR] [payment_gateway] Transaction payload payload_hash=VF6BClPF87l9tbDG9kPTUZGnV5AZ14eZ1wcM5dvV1IhK8YdYMlEHxChxTDfJzdMG3m9mYqYp+uMBK2ua3subog== processed in 16ms
[2026-08-24 02:27:31] [INFO] [db_pool] Transaction payload payload_hash=ZCiLlUoraHmxwKr/3KgXdW9zlpc0mAJgg8AgZ9p40w6slX4TG61daXyp2p4OuqHhVNSHCIF8OXcJD94EeTA5xg== processed in 335ms
[2026-08-24 07:53:57] [INFO] [auth_service] Transaction payload payload_hash=nptYoRt/BRJVRPbpcPga4huN0PbSWP24T6jSGsAH3RzBqORThz2r1Y5Ja5qKorufczxvxYu1Zcidkejrvi+4qg== processed in 233ms
[2026-08-24 07:49:25] [ERROR] [auth_service] Transaction payload payload_hash=vKl6DVgpkR+p3GN3Ok7HAc/Krck0UrkhtsxTRoM60Sftl55Wk0Xy1I4ZQxU2tzSChXB9LHJlS1+S278S7x5T/Q== processed in 167ms
[2026-08-24 04:19:01] [WARN] [payment_gateway] Transaction payload payload_hash=MAVrq1q6RrrTK2ollPtv8v2IRRgkyp/TZE9A5G3v0EORSiKmPXeSQweEmvWCRmb5nELtSJTkTfmgWdQTD4C5QA== processed in 289ms
[2026-08-24 03:22:56] [INFO] [api_router] Transaction payload payload_hash=7bPEsYtAQSMWcDVbijfrMMyjRAGxgcAAb3+jmoMsCRDLbYQmbaryJKYlAIvm6ezeKMus6MGulSVF8gpT+T2V+Q== processed in 218ms
[2026-08-24 11:00:34] [DEBUG] [db_pool] Transaction payload payload_hash=jT/GzoXU50I4G9flbNNK95hPV44sdrA2rCJf8VyT0QsMEA0ZzSOH5LMSupvRq08Z6mlxme+Lc87bICDx6ptrYw== processed in 204ms
[2026-08-24 09:32:30] [INFO] [db_pool] Transaction payload payload_hash=bEp3lw6bmARrWz++kEOHGMCZ8h2ypqQm+SrlFgvJ05P8wxJBvy3A+MquxlNBGkFOcTVSFl3JV5WJnD59ow2/xw== processed in 199ms
[2026-08-24 09:12:13] [INFO] [db_pool] Transaction payload payload_hash=oQgOGf1YvzQYUIEYGHuVxdaii+hvzFB6D6obJU1NrDUN1c8YWy5r9WaMOLgGArWHgd5lt5I9BXI6uRoi1J9G+Q== processed in 102ms
[2026-08-24 06:17:06] [ERROR] [auth_service] Transaction payload payload_hash=W1BE52xvTPxYWvhaP0yLBxeaGOd48/O+KnEcVSBxQFHTAfKUAColaKIW90iMpx4lZc+4dd7sRgm2iKXQADugaw== processed in 35ms
[2026-08-24 03:29:02] [DEBUG] [auth_service] Transaction payload payload_hash=H+ySDh2QDTjyQpknaXt+NExKZFWRNpKrwtQ7LWnr/iEk4miBnisto0awgb3ojOk95yfxNvke/kH+8F7dMXhv0w== processed in 474ms
[2026-08-24 05:57:33] [DEBUG] [cache_layer] Transaction payload payload_hash=8F8eMfEPOP1BrvqAJPRzxL6Df0N2Mh2Y4DviRClATDN1G8AUkKeG934Ysc4uEcvcCz3v3ZUepfiw8gEdaXN8hw== processed in 105ms
[2026-08-24 03:07:15] [ERROR] [api_router] Transaction payload payload_hash=CKdH7fc0hkXdZrPPrH9iOWDCGaomnBOz3EVQyaY6LeiCZbbGW67E2mSHsQpzOzGPreRMZyKqN32As09iWvYhow== processed in 329ms
[2026-08-24 07:32:05] [WARN] [payment_gateway] Transaction payload payload_hash=FcqJV9Bk1lVF5nO/lbcYHjUloV7h/cavM3iw32zXLenW2FD0dtYjzeGkgpzYgwTwdG9jdvqAj8Zplmhox0NNkA== processed in 381ms
[2026-08-24 02:35:09] [DEBUG] [payment_gateway] Transaction payload payload_hash=BtfSLvtjfYHD6qrXa62lFd25ITyoh2XW909fgoKAfsw7Mf0fHU+9BMqR4/HZ/EKUdz+bvIJOl6oESyaOFmBNgQ== processed in 78ms
[2026-08-24 06:47:32] [ERROR] [db_pool] Transaction payload payload_hash=kE2OWWpbAuvM95DcfYa9MPWtj7HiiFluuVlbqhWYm+Blce19tW5ErejqxVlJnRi/UhQfbgp8QXy3AStvvdKXPQ== processed in 235ms
[2026-08-24 10:52:02] [WARN] [payment_gateway] Transaction payload payload_hash=dMRBNO9/VGXE6HcUW3MxJomgGxlNOIRYqJTh/a+GsZptxkHaTjHCbjaioHozx7ZuKJvYXfARUi8Fp3YS5qxVMA== processed in 363ms
[2026-08-24 03:51:05] [DEBUG] [payment_gateway] Transaction payload payload_hash=MfJnWLQ4zx4BlEp14++aqOJwz8LGPAhvPsxhnYD6Jkpxy7cNGsO5WMjw4+19WbPD2gmeeIhlj5oAK09DsCjY6w== processed in 199ms
[2026-08-24 04:55:39] [INFO] [db_pool] Transaction payload payload_hash=xMNu2DZ8y2TkE6q9k3OnNp13TdxMZxOwaIBNoX5ais7l0lq1H59CKigJX5X8S4uJSBrCewlDCrm8HOEMkkKq2w== processed in 442ms
[2026-08-24 11:14:18] [DEBUG] [auth_service] Transaction payload payload_hash=lKy51G9kTRp/rjtIQM73vJHxITZI4698ofCHSKdtwyK6MXF8+ZnH99g8Ohpr9gKdhCnv5505HkjIv2lTBIj42w== processed in 260ms
[2026-08-24 11:08:40] [INFO] [auth_service] Transaction payload payload_hash=WJJzv8sIelbaVvxU7EIY+3IqzPBvXViljlpm1+7Bxltl8F47pMbZZPi8H/MO3saCOGQBpjBHrThaN7o2zbA9zw== processed in 418ms
[2026-08-24 08:06:30] [DEBUG] [payment_gateway] Transaction payload payload_hash=Mb9H7mEeTVhRoaRYOSjaFubOeQf5VH3CfNgM1gzQ3QGEY+m4ACMFIPXZtsTVxi/WG+nOVEtNAR11r1vGcoSB8A== processed in 446ms
[2026-08-24 06:27:37] [ERROR] [cache_layer] Transaction payload payload_hash=2HgdCBG1pM0MyzYpoSZR7Eje9LiVVAPFN4DGHfD9UMgcNuKfrUSi8fjJM+e7ooyWWivoMG6+W6e4nlcXbSaIQA== processed in 410ms
[2026-08-24 07:02:44] [INFO] [payment_gateway] Transaction payload payload_hash=1hVyLIBDZD/s5Jt8S9uRrAS2ut0pnlZayza33dsj/9vLJVj/doXN2cO8LMoTYYI1MZl/JqywqGOr7y7V1MOEsQ== processed in 94ms
[2026-08-24 05:25:58] [WARN] [db_pool] Transaction payload payload_hash=hpM5iGQCUa3qSei4U3AfbH3mS+iIyyssTqTzVo+hQty32f55P6GN7sFfgACMJoON1g0YZtWMQdyyQpkpXVyjcQ== processed in 36ms
[2026-08-24 09:00:49] [INFO] [auth_service] Transaction payload payload_hash=sM16swtNaCEGBtAHhXK536RKOA9Om6bZVwNZfGR/m9spWptP6phtfT2fHr3U8b/QFLg7H1m0P0vLwyum+yGvrQ== processed in 378ms
[2026-08-24 05:11:38] [DEBUG] [cache_layer] Transaction payload payload_hash=HUIefo7j1iew8Cel6aR9nVWsYb1UjP1ApvGpQDipz1jA7CV/cRc7LfvfMpL6xMjkoqIlBxEEBATdf9VkjgAoQw== processed in 221ms
[2026-08-24 04:40:19] [DEBUG] [db_pool] Transaction payload payload_hash=4un0HHGoX8LXoNUcih3Sz2IvU9uSrM9M96YKoEM8XchtKDC6T+351ri04xLqOGxQRJmPzjQBkJGNWxl6BilCQw== processed in 80ms
[2026-08-24 09:08:14] [INFO] [auth_service] Transaction payload payload_hash=1t/RkuKyl6FJm1HkOsgserGnxvLkncaNT0Fdx01wKGJyyumMpeRAkJQtAFQz2TFXI+kXxBb+KutAvfrrlLZn+g== processed in 347ms
[2026-08-24 08:47:31] [ERROR] [db_pool] Transaction payload payload_hash=SZNWbJyjmwtxdNZjdmfI4xHvpL1boLlI2GpNmOc/KpxTlwBnoGs3TwdOBWPZC9jeqvyHmrFbTiLZouS/Ttk3iA== processed in 199ms
[2026-08-24 04:58:34] [WARN] [api_router] Transaction payload payload_hash=kEdEUWtgLql2VqejaYBmaS7A88BbC7ctwobI988mNYEe8ftI5BzZ/zGhgFIVUhWrfhqVhV0blw4wJ3OrDwFCSA== processed in 120ms
[2026-08-24 02:47:08] [ERROR] [db_pool] Transaction payload payload_hash=u14tLdGFuQjSGhvf36vpQdHgpVaMcD1CZKjjjippjVOCxEDF+/+j5q5UTN+PA0qndKHQl7UTKNldXyJA0x5BxQ== processed in 168ms
[2026-08-24 03:42:19] [INFO] [api_router] Transaction payload payload_hash=bl0hcJnyMwnbP3P8Nuo8go1YNWsq8Br7Mz0ad8mW+RLHrj0qlRYtFLeaNEpw8InTM1Rqi56zckgRmdStAq+B8Q== processed in 184ms
[2026-08-24 07:14:45] [INFO] [cache_layer] Transaction payload payload_hash=3+PL/hMjc9PG74+Hbq4ZMgWfCUgz3IJu6Bs2VkjbHsDYUZSEDVL5vluAz8qOtKXakUMg9sDqM/yXx+ExYiKgrA== processed in 207ms
[2026-08-24 08:14:20] [WARN] [auth_service] Transaction payload payload_hash=hY7tSpBlfm3EXOYNr2ximJWfTEgAcBW7rwc6msl1lbqJ8Rhf/vXk/++p8ihOLaYrWeMyJRd4I/sCQmudgIWeYQ== processed in 428ms
[2026-08-24 10:10:22] [ERROR] [db_pool] Transaction payload payload_hash=P2ZwXNIhuIqIDqc46xSjG8HKmp5dgn4yuwLbrBtvyvN9esn5rJZ/SZAFcpOXYKHgruWhUew8jrmbWtqjYhW2vQ== processed in 242ms
[2026-08-24 09:47:47] [ERROR] [db_pool] Transaction payload payload_hash=+74mHAQC1P9CjRL/ymv7NbnuX55kUwqh1t5KzRQxp6vsMocOUVEB36xAqI648w6+s518IqNQPc81/+FQaW1Y9A== processed in 158ms
[2026-08-24 08:45:47] [WARN] [db_pool] Transaction payload payload_hash=vRKFH7E3dKpgr0qbpe8RFJoEmtw1Te3pBI1ODRcKNC9hPfM3zvXW8xb4A9gOZjyAqy19Ig//65OvEvDPzMOKeA== processed in 260ms
[2026-08-24 05:39:58] [DEBUG] [payment_gateway] Transaction payload payload_hash=d9TVCHXyJ+QREvf7GkZsluHnv3DX0pji2OhbYrBjpqFc4/MFc02RfxmPVLceumRpsvJTxDT+PDD+uHNoLmKCsw== processed in 267ms
[2026-08-24 03:32:48] [INFO] [api_router] Transaction payload payload_hash=ca/LX5E+ulrEFYFZ092ywYGEJBgWdHP+T/bw1kJNQmm7TuAns/toVNcWtw2V63ltFfBju/wexYBZV5i6mklt5Q== processed in 24ms
[2026-08-24 08:07:14] [WARN] [cache_layer] Transaction payload payload_hash=zBiQfL60anu0xngNpltGPczbKV3dzzMPZ8kXNyPwbUdt+YNegd8jT7ck8w4vIr6J0YDZ779ySv4DfTt+QRXAug== processed in 163ms
[2026-08-24 08:56:37] [WARN] [api_router] Transaction payload payload_hash=XO5s40+nNKMlToZVVLLPSKbpve92Xm8zjBZSIQl6iovMrYMwPCEcup+cQKP+Lg+8FSPi0I9LxylIx8TQBKrgxw== processed in 474ms
[2026-08-24 05:42:59] [ERROR] [api_router] Transaction payload payload_hash=YcOsFIUzHUmAcT2UEripYGlUZtN6Spcdg6mrkJ3rtIqWPFRcCxPVWgoNeK0Zvg/74zJusNIxAwr4l7StXft0pA== processed in 249ms
[2026-08-24 04:35:57] [ERROR] [api_router] Transaction payload payload_hash=a2lrm0ORd01FPJt2jstrSmXmcy/TGp18VjruxGn5rbjl3VTQiMzyLbpmWA3uZqmGNWqz2HfYCDhvkukx+Is2xg== processed in 123ms
[2026-08-24 08:36:43] [INFO] [cache_layer] Transaction payload payload_hash=DubBMhXG0Ft300W6N1UnxZfHYegYGPQ+qIGR2HhWKzrvYRhxUzlur1mEZNAu0/6wwV9kkfjBpGdcwdrDxOrlbw== processed in 43ms
[2026-08-24 03:57:16] [INFO] [cache_layer] Transaction payload payload_hash=5pyeKjfNXl6JvDHAM/cs9OHImwifFy2CJ7ISRp+0vXgkicw5/CE7X9VBAZcSZ8b70n89mzlFo489k1IBOF/Pyg== processed in 316ms
[2026-08-24 08:25:03] [WARN] [auth_service] Transaction payload payload_hash=rOn9ROdktXXoMpR7sCiGtklZEck2Eczuc931mhFrUl+fjlnFVlnJlLNbY/ZLHz6zq++IuJnEjZtPGZEgWjmMdQ== processed in 173ms
[2026-08-24 03:25:16] [INFO] [api_router] Transaction payload payload_hash=PmebHen/PJGVjWBn7WjWctmxSWOAt/JB7gYpWESxgt2s2qrR31R18ku+bVeZbAwSKPREss+JOuUhqpn64OZh6w== processed in 10ms
[2026-08-24 07:08:49] [DEBUG] [payment_gateway] Transaction payload payload_hash=JQADLt3vuptXVXnsCkLMpr535tUFQwY05uQS/X9mk0EuazbDre3cBnK6RE5BvrI2acQQrdhKZXl4FCZ44D6yWg== processed in 138ms
[2026-08-24 04:35:53] [WARN] [payment_gateway] Transaction payload payload_hash=0lKqmaFyIHS8YAJTTMjvQ/TjbWFybGUuFi8lgNnhUOKAq/P5Ilhfc1VXYSDwJ0syM/er1c5YLnag6o5cra3ifg== processed in 204ms
[2026-08-24 11:12:47] [WARN] [db_pool] Transaction payload payload_hash=T/onHbCHBeS8CMmdGnx8jDtyxqlgPlCyk207IpZfO18rJD+mjkqQzU+9TxQ8aa7C1r5YuiAe8WVcxjo4t4RIbg== processed in 432ms
[2026-08-24 06:56:39] [ERROR] [db_pool] Transaction payload payload_hash=AqkUe45P6M1RU/aC5huI84UKz1ClI6FEbxQ/4KQYLfPV32KM3NkbZni8zsPEMv3O8n0IOsC9rLHqwCgyqeoAgA== processed in 71ms
[2026-08-24 03:09:37] [WARN] [db_pool] Transaction payload payload_hash=02CK10gcSqCylCxoSCL6VVoQaRCNleFPfm2Q+3hUcoOlAAeaDtrUomEAcKSMppmrmaRsHfVi0LXAPSlEteb6zA== processed in 157ms
[2026-08-24 04:53:30] [INFO] [api_router] Transaction payload payload_hash=qevRBAa3UCh5YJLYNuernnetaHM+YFrBHgCHbvDt7kposgitIWhmD/ts5y7sypVPWQhlaed/xQttDEfjNMtUuw== processed in 326ms
[2026-08-24 04:25:43] [INFO] [payment_gateway] Transaction payload payload_hash=Cu/IPE8fF3gk6N7i6i+KWAgPktZhi2mcQjEeACnn7gt7Kp04nGyKiIwznoNmjyhn7wQdxqGOkHO3YDSKgCvkXQ== processed in 479ms
[2026-08-24 06:27:18] [INFO] [cache_layer] Transaction payload payload_hash=jD+WuR/pvnKIBhaST/wWkxx1RB2ph6KVveHkod3I5azYEvQ6YO+2g4EmVtqonawlwCAI8wupGLokJqMr4QhGIg== processed in 175ms
[2026-08-24 02:55:58] [INFO] [payment_gateway] Transaction payload payload_hash=MSgKCBzV4/WnNUQC+HraUNS2mA4yyPclqJcUWOz5pXRMSwL89qgHyErSQbj+VqKIE8F0GGyQnhWzsguyE19j2g== processed in 341ms
[2026-08-24 04:52:55] [INFO] [cache_layer] Transaction payload payload_hash=whO5CN8tFmIpeZ+b1O3jJhtZYvMfiS99UnUSDwIz2FLvY4hZyBjqzAOSxm1FIAQfGxBYSBo171BtVqGI67mkUg== processed in 409ms
[2026-08-24 09:36:30] [ERROR] [cache_layer] Transaction payload payload_hash=+8ij6rTFD9E5ttwycVTKnlVtOSUFcFdxbVv9ZKRr8rVhxel+82zVNVIE/VsK8hTd/Tag8L2haFi2SzA4aVRc6Q== processed in 243ms
[2026-08-24 06:43:37] [WARN] [auth_service] Transaction payload payload_hash=2tiI3lnYSn4G2/EFldhgjDQCCgZlFumMD2fukgQyMJVYahsw8cYUWmSmYkN4KIi6FhCUwq63XiAB3qOLfoWOXQ== processed in 29ms
[2026-08-24 05:46:43] [DEBUG] [cache_layer] Transaction payload payload_hash=kTf9vQWWu6ULwHiUyX9/w3+BDCaHfEML+nQfBZTZ4TotoHAKrB9pOBymcdSTOY6XrqZ9YupIQUUGcmEMbRXRSg== processed in 368ms
[2026-08-24 03:50:41] [WARN] [api_router] Transaction payload payload_hash=SLR9+AAwAalIA3Irv1bqSB4O6tTIsbwVNid1MlVLd8WYvIHn9FYIX6EDgwGbtJsVdYpkbbz5lqIG2IGwxx+nQA== processed in 375ms
[2026-08-24 07:11:07] [WARN] [auth_service] Transaction payload payload_hash=kL+87uv626qG2LPEvjZyUD81cV2DliYdgfR69G2mZwMoSURPvBsXSqc079V1HS7k809ZfIlZ5NoZ3bOIr9WnXw== processed in 459ms
[2026-08-24 06:46:19] [INFO] [payment_gateway] Transaction payload payload_hash=c4CiiHYfg2I9UdFBPXGJ0qjGnJcJTKi9RW0ErxyEu5f9j+DMXKQUyE34PuFqkN3DTgAsk3swfSrx+pDwwIcM3g== processed in 326ms
[2026-08-24 10:22:55] [ERROR] [payment_gateway] Transaction payload payload_hash=Ggn6laLhTbxl7J1KRuf8uNl9a46VkjY6t+8PmpbH7OGaD2lnnitFf2t8e9s3g7g9jvAYUYCkB8sqT5rQXvHvww== processed in 445ms
[2026-08-24 08:08:09] [ERROR] [db_pool] Transaction payload payload_hash=MYN/rhopEl1EV9Xwt8j9F0DspvdYQW27DFJSb+T3NhnVijbM3TzDInyPXK9XBlKOB8vcaGJYvqowabTSonZGyQ== processed in 345ms
[2026-08-24 11:10:17] [INFO] [db_pool] Transaction payload payload_hash=Y1PDKWWAqMpIQH8t4lpzqixeOro8VyakPq8mkrpP2Fd0nTXTve9mUNJPHmYkjGhOpn/tSL8P8wR2a3oKkl/mTw== processed in 353ms
[2026-08-24 05:03:14] [ERROR] [api_router] Transaction payload payload_hash=uXUWmxGPCm4i4Zz9TRsBx616un+eEHIuGxHZn9ArsGe55uWHFqElnX0XofTiBQrLTkXa5G+WOHeCM0lL/f5CRw== processed in 350ms
[2026-08-24 04:59:56] [INFO] [payment_gateway] Transaction payload payload_hash=eg8qR87kBPCTUpD1XB79kbvfrCBm6plAFG2qPCF7H27ORaP+XFBNur+WG2CRc9aBXn636Np8Fffk4D08Dwk1Tg== processed in 303ms
[2026-08-24 07:31:04] [INFO] [db_pool] Transaction payload payload_hash=D60SKuyrO0MqEFWKB0UpsgfHJnVK9pRzlJ152LnI1ly+3cBA9LlEDlvhOKpl89dlvx0hrgICbnnftITEKdXyug== processed in 52ms
[2026-08-24 11:03:12] [WARN] [db_pool] Transaction payload payload_hash=Tht1r23DTbo0jPCyXzW4ZT0oI8N4n47i/NBPOTkFf0wPFMaqVEMncQg28AIclX9Q962oAOXtUiKCvH0tZJGDUg== processed in 439ms
[2026-08-24 10:46:42] [INFO] [db_pool] Transaction payload payload_hash=ayBrqQqLyT9rPUE+D7TfK63SWFR1SnAfrnSrooD+ZhDJJHU+4RKHe152yggnH7T9kvFRuJY+pV1uI5YJNdc76A== processed in 203ms
[2026-08-24 02:38:29] [INFO] [db_pool] Transaction payload payload_hash=eTbVi5E4VpY866zIikBX4C3glwTx0Zz7IsDySfbKeqgoiHjzMiZ68d6lJJlJHBSeg279OzkY2554hhSKEXhowA== processed in 322ms
[2026-08-24 08:56:34] [ERROR] [payment_gateway] Transaction payload payload_hash=Apa3xcz5ROv60Rn/jbxGAyI6F6THzZ+PAB1/V+KRHLFGswF/WXhPkRbhdkFQdcSHlDdI765KWPFL+48eR4lLcw== processed in 54ms
[2026-08-24 09:19:07] [ERROR] [payment_gateway] Transaction payload payload_hash=FxkmmE6HKpDDfQQ7O0EpYOg31D1OmEkRva18tmGgb6vmqzknhjQeBjSfkVGdy6q9FpLhtV1VAzQfunqx4wkTEw== processed in 2ms
[2026-08-24 08:38:49] [DEBUG] [api_router] Transaction payload payload_hash=BvC1D5HwkejQHX29Rp0t3k3Bn24Jro59BLcvOv0XegIt5cb8xKYnVC7r6U3WgoXR2H8UCDbKkQipwdAtSTaS6Q== processed in 198ms
[2026-08-24 08:15:20] [INFO] [db_pool] Transaction payload payload_hash=PBzDVn24dPGb2ZHBMWiYk64pVCIJgpIozKvcAuo9AUIR1rwM9rFBpZt96W+w8iaOxztgG2qAQkC0wYuVh33dyQ== processed in 96ms
[2026-08-24 05:13:37] [ERROR] [api_router] Transaction payload payload_hash=YNM1ARxy06czZPtjn/9IiLJH/v7bjaF3DVlB5DRd9zhySFrpyZBsu6Wu0wCV0JevsbCJuDks2VQT/ZoDO5AxyA== processed in 459ms
[2026-08-24 02:43:57] [INFO] [db_pool] Transaction payload payload_hash=wZ1DWOPcoQskakRm5CzmdLLpcPqAWEjS219pPJjnpOmiyb/0A9xX/MEs4oQlmzo6TOpCebjAfUNhbtHd/Cb93g== processed in 68ms
[2026-08-24 07:22:46] [ERROR] [payment_gateway] Transaction payload payload_hash=cvMKzohnenB4Fhlh0jOuv4oFsx8ZwCJAj13E1Ythjh9T17L6PtuSBEdrBYgFylx1oV1Y9d7GZVdSbSL1k83wnQ== processed in 294ms
[2026-08-24 06:34:53] [DEBUG] [cache_layer] Transaction payload payload_hash=dsXy64Gwve9yzvoZhyyIpKaSz5/ocoOCDArTnFLI5rg5VRbGb0jHfA5B6Chtu6/v78rZTVI4H+SvihyB4TPWNQ== processed in 420ms
[2026-08-24 10:18:29] [ERROR] [cache_layer] Transaction payload payload_hash=xDvEsfm0RMQExUxoDQYEhpLxWm9/CKKfo+d8LnHdj8CHLmKbymoTBwp3WoJQtviXJjLEoRkEXuDr3BAvU30p2w== processed in 401ms
[2026-08-24 02:53:46] [ERROR] [cache_layer] Transaction payload payload_hash=N792cL0f8tAQrNHWTA8In72vlqkzisdgmQARZHNhV+Xitb7RN4F0Pdf3aSxYsCUK5B4jtOmIaXWlqqXTf7ZL5Q== processed in 422ms
[2026-08-24 03:01:52] [DEBUG] [auth_service] Transaction payload payload_hash=mykpuFUVSlxQxBReKlhWBcnqHamMFHP07LzxxqP3pimYKP6tD4frOPjEUDq5drKk3EdrRugjApoYSGEc1Y/pSg== processed in 449ms
[2026-08-24 02:42:55] [DEBUG] [cache_layer] Transaction payload payload_hash=iYF9Xmch2H6sNVAqe8UmL42VDHVDmpfmm03SEFCVY2ydtDZa7DOUaFJt0nhKA2c4JJjEtrNEuyfF7lUi35HL2w== processed in 38ms
[2026-08-24 02:50:23] [DEBUG] [api_router] Transaction payload payload_hash=TCMvMMvvd/LIVj3vpO/dSPgraIv0GKZv3+UvrruzpmIUNub1CpFuPSjPdVexVD0Pxgt9DNeDuqYF9CIDsmSViQ== processed in 127ms
[2026-08-24 10:00:27] [WARN] [payment_gateway] Transaction payload payload_hash=hzIjMlvHLnycWWETONuWaTFxkNoz6wP7yEp0BdN+ro5HfGZquQM1b7uMSfGAeAoIMpyPK/r6STgAB0cFCklSYA== processed in 494ms
[2026-08-24 05:32:21] [ERROR] [cache_layer] Transaction payload payload_hash=8awL/01PeCrtQ6YNQ7BkTeHduIa8M1buC8Eh2n+l0G6I3avtgyp99X6PXxndAYUo6g2goCY9vjwCE+jlZMvn5A== processed in 461ms
[2026-08-24 06:02:44] [INFO] [db_pool] Transaction payload payload_hash=uAvv5/GKEtLsLlElDGku1CRCA8zqDQOQX91fAM4oVL0cKATCwUL98E0Ea8ZdUXgwvRszbvsUs2pyaLrUUdRSjw== processed in 418ms
[2026-08-24 03:07:22] [ERROR] [api_router] Transaction payload payload_hash=7teAjLsqAPaTWwmRSrHSsJFU6tqvJvyVXN5j/S5Ipu19sHcUkfoZirGwo7zEqNNQCT5WKu8A4XPtO2zEiuTOuQ== processed in 354ms
[2026-08-24 04:28:33] [WARN] [auth_service] Transaction payload payload_hash=eazp8lteY0KEwK7gOyVf6Di/pqYZ2+u+Tm5J7ABMBoxqH4RDTpiA0st1TijiaaL4h+qHsqHoHz1a13gRhYTeBw== processed in 489ms
[2026-08-24 10:24:13] [WARN] [api_router] Transaction payload payload_hash=+YBqH3XsU5pwd9uiAAxgK6NvlYUNwTLZ/cIME6LRNR2j6Vn04tHdSDC+Ga36SDmRWfYTpLq6co79y8pwOnj53w== processed in 337ms
[2026-08-24 07:10:55] [INFO] [db_pool] Transaction payload payload_hash=z8RKXPl3x+r8m2p505pJnPNm/JNjarLRPJ3WQ/GxgvRlL02NbTbnpcqSqw0VNUULJAGiSsWTBoP3ehk1c+Uyeg== processed in 143ms
[2026-08-24 07:33:58] [INFO] [db_pool] Transaction payload payload_hash=I2YREt/w5qFP1S/VWxSOWcZPoP+CpZBp01gB+fyK9SklMGBsACBMK2S8b5jbtf/Jejsc/YyKiRTCt0yRMRia9w== processed in 132ms
[2026-08-24 06:23:54] [WARN] [auth_service] Transaction payload payload_hash=qKt8H2pV5fK5xIEOnTqwxVdCELbKHY9HU9/mG5mgC7+TYcHBBy08a2zEfMpqmKbOkEg/46Kk89298pkOySZWxg== processed in 118ms
[2026-08-24 05:57:05] [DEBUG] [api_router] Transaction payload payload_hash=nwWxQg+vCp1vFUp7vnayz/V8AKQhkUS8Ha9mDbLepBoX3OJW04jvuiTWtZdVH0hRrryqIw61Dg2q5PSutCN6sA== processed in 352ms
[2026-08-24 03:05:09] [INFO] [cache_layer] Transaction payload payload_hash=0NYEjKXfxM2N+W5gG+p5cpVPVl6rRvpcYFWJkZksrXZl6wAX5CF3y2jmr9dy6xE6XQ3oez07kC/249qCGlQrBg== processed in 363ms
[2026-08-24 04:20:09] [INFO] [payment_gateway] Transaction payload payload_hash=Duao4Bg1XoMvk8L/WxmgJmkflJGlBc/UeFw2JFBLnpAYmR8bRvWO9dOerOXnParxyGPtLnHLI5PYW/1ihYQC8A== processed in 35ms
[2026-08-24 08:04:13] [ERROR] [cache_layer] Transaction payload payload_hash=atFEyY6uWS3wHwwGIrLEVl1P1vLV0Vbwkja6RQ5RDf+Emv51uXr+I1qY8SfWXXtFnRuJRIQI0ZV4v2wk5nmB8w== processed in 51ms
[2026-08-24 07:32:00] [DEBUG] [payment_gateway] Transaction payload payload_hash=2PwVUfGz6iuldFl201QjdpbGKyXyoCOd193QVBh2JvkyznrEItSVpJk7Mxh3i+fp/IXS+uF3mvLFnozh27MWcg== processed in 7ms
[2026-08-24 10:11:05] [WARN] [auth_service] Transaction payload payload_hash=5tL4BwFtFRsfXMeD5h/woW8zeJbZqyoh1U9WhWKAUAl6Sp2XggY5RJeJyD0hwcv453r8WrbNEqvAgUdzWTA3Tg== processed in 314ms
[2026-08-24 10:04:17] [DEBUG] [db_pool] Transaction payload payload_hash=FcDtTxQftMezhjvVhp9HgSpZ5dCjmbvX2jnuHOPSShmxRW/oectKTqlMP7SuplGyY9Ipv9NRd8/DJ/zrNjVktA== processed in 204ms
[2026-08-24 11:09:22] [INFO] [auth_service] Transaction payload payload_hash=NYFboZ1483LbKegLL8iG3RwbUdEy/bmAKNCJLX9yhsGI8YpVbw5iIgxOzIQypCBdX7AdIXhEdjHbBuEupFjPjA== processed in 468ms
[2026-08-24 04:58:54] [DEBUG] [db_pool] Transaction payload payload_hash=hYsYCdZEfviBR8LFPQVCRhfA0rHCKrmDW2VSpGS7b8fR7v0nEWsTklD4gYTXsslw/em/cZ8QyW7XPWe6Bn7k2A== processed in 348ms
[2026-08-24 05:13:39] [WARN] [payment_gateway] Transaction payload payload_hash=B1kBex4xyCj1t776aEBWD8kRa4TXMpiCY5SKUQCWBT75HTtH1AvCRNjg2OlgoYlR4IvDl4CRhgiYFwAj5AxUGw== processed in 248ms
[2026-08-24 05:01:01] [ERROR] [api_router] Transaction payload payload_hash=A910F3WNqQFdrMy9+7pysySoCHYZJGWTjzEu2+MAqv+9CeeQsrneZQ1CxhRq3gQOox+jmWHt+rIPFnsxsnNEQw== processed in 493ms
[2026-08-24 03:27:42] [ERROR] [payment_gateway] Transaction payload payload_hash=yOGzC1qSf+dJQH+dD2yNHIUezvqYDSFRzgsj2iikL8vaqls32MaJq33h40sGNFXHWrC2T4KvIp1MwSdHEbhADQ== processed in 30ms
[2026-08-24 06:59:33] [WARN] [cache_layer] Transaction payload payload_hash=f3lAM2xXK2FoANgXI3/q+QRdiQHk4ORuQ5r5D5F5JDMipKM0rOH8/YrO1LM8M4tVjRts0jA8+qcQtswMWZRtDg== processed in 341ms
[2026-08-24 05:30:28] [WARN] [cache_layer] Transaction payload payload_hash=VrWMlqdiDv0MvmTj09jaB7mxhsvfufKYffqBaRCR2dtO0gmiYrC+lu8suQTgf+MgFTu412sfBXlFt3vorsLJFg== processed in 456ms
[2026-08-24 05:05:47] [WARN] [cache_layer] Transaction payload payload_hash=imALIvKxFj7t9eeGXdIK8L4M6cWuz1lvkppFFbJYnbm4y11vdT0C8swe0GAP2lB6Bn4EBZfL7yd82ZF9Y5PBkg== processed in 363ms
[2026-08-24 02:56:37] [WARN] [auth_service] Transaction payload payload_hash=mItnWpVnv8xobx1W//hlsiklejbeasVa74iocVevJFF+9SfEjeKYAZ8TN+DC15PgjAi55inUq2sXNHYpAiLb0Q== processed in 226ms
[2026-08-24 02:20:00] [WARN] [auth_service] Transaction payload payload_hash=rNk2nqpTrOesj0XKPzD+LGgdiSLREk9YMhUZjXznMg0hQnm3M+nfZsOFBkaIU3jhOc4PtjDkGjGvU6ksellC1g== processed in 144ms
[2026-08-24 02:41:13] [ERROR] [payment_gateway] Transaction payload payload_hash=rKJRHNJ94xcdZUAlu4TfTgUVLZ1K1DZvt0P0nwgQmhy1FbFc5jsQH0ILsSSqUSNiTCFAAiNZVeeD4LOzgffUSw== processed in 353ms
[2026-08-24 07:15:16] [ERROR] [payment_gateway] Transaction payload payload_hash=g3Yfw6Yk6kAv9/w6fH5/5Q54QsKtrPdqzyxdPNdPnL9l6D18JcplW7inuBAHU5skAgg17iHU7mbDHO3veH8cuw== processed in 377ms
[2026-08-24 05:15:03] [DEBUG] [auth_service] Transaction payload payload_hash=4o+jCChhnub0aB/ID/D1Ul225iK8QSlCRRbKVxUjyDt6LsjCmtaM9wCxMQaPWUg+d1DI/dKX9K7gXdF94S66Rw== processed in 101ms
[2026-08-24 09:19:27] [DEBUG] [payment_gateway] Transaction payload payload_hash=8YvpUc3xbHEY8eqvrlEkHzjszDUuPeJ2sTrF0K52WLAtZt39I0mhDwsbRzdh7JB0do3mbv2140m7ie17fXQqOg== processed in 291ms
[2026-08-24 02:24:15] [DEBUG] [auth_service] Transaction payload payload_hash=+09NNZafW+LasUcX7j06LZ2h27nKrlejPUrQ304nwCb/+WdljKS4cMflE4JVtjXl9ceJLPl0aA+r0mIZJizttg== processed in 249ms
[2026-08-24 11:01:56] [WARN] [cache_layer] Transaction payload payload_hash=5ZpQZj2IVWRBgqheyaTjAvJijujXiJ/nNFpwGuUGmK+ZcdC3rPnsoNBsIKZXNxaE08QBw3OkvGgfoH2nl7Ysag== processed in 168ms
[2026-08-24 03:41:54] [WARN] [payment_gateway] Transaction payload payload_hash=C8Xv0wdYUbYVfQL1/d7CiR5mYifdLWCPY8Fm8sFa9nJr9vyxuIbHKg5Wdt1URTG+ijLBDcqT44wWlnYdRrzb2w== processed in 125ms
[2026-08-24 03:17:50] [WARN] [db_pool] Transaction payload payload_hash=+0QektDVLdXiDCMm0MfHGAoxCa0CktWWhwnLeODwXp1N8C+2fFblmZejFf8Q3TWc7YZqAYJhKw50uD3H+0DnRQ== processed in 194ms
[2026-08-24 05:48:41] [INFO] [cache_layer] Transaction payload payload_hash=mVWIYy+faZKHIMRHg/YGKl4g5gFTlK9nPJl/clAeIVXBk2wIdU7e09Yzo3/NvjBq/qPUBZzstg1K34oL/HBUhw== processed in 423ms
[2026-08-24 04:41:51] [WARN] [auth_service] Transaction payload payload_hash=v8XdAJvUCxnKULp2wviNXxZkGlVAt1d1Yqal+LJ9S1LpuMBIx2AhYEmJ3ZUv5Eu0OxKGPv34xORyl6Itrds8Xw== processed in 65ms
[2026-08-24 10:35:48] [INFO] [auth_service] Transaction payload payload_hash=tswufMnZ+RfQtAh9168Rjzf3jGM7ERfrHcKAEfLAoXV3+uE3hePKDRNRosAAWhWnS2lW/VJhlDCE+osRPHDQuA== processed in 481ms
[2026-08-24 06:04:15] [DEBUG] [payment_gateway] Transaction payload payload_hash=7ihGLrrvpQDdM5D6roN/E9LwmB4lk4HA5ddtTt/UoMWpMdB0v/JlGTzMnFdqK1PQ5EKj3KEFu3kIu/1s+rhWrg== processed in 126ms
[2026-08-24 09:49:34] [WARN] [payment_gateway] Transaction payload payload_hash=ASRctCRe6UG2yvt427atK7nBJ2CYorGEeWnna0SxIQGU/qS0g1MoGitkR1Nk2wV8N3FHsiYKi4vKi4Ow5hASEA== processed in 73ms
[2026-08-24 04:14:15] [INFO] [db_pool] Transaction payload payload_hash=UVks6QMD7U8lBSTQDZpT+iNG+OhR5xPGtcZhVKM85QQu3zZjcIrqTxQrcWLfU6BBsW2+AUheIQ5GXWgV1CLbyQ== processed in 36ms
[2026-08-24 04:43:38] [ERROR] [api_router] Transaction payload payload_hash=azB+hn8KCS76cnj8Q2T+aD0JYznNJJEZyAZp0ezKrA/m24vfpDapZEAkqYfvmHEdRX8KIX7cQFJ0ScL2tW9jTw== processed in 353ms
[2026-08-24 02:32:38] [DEBUG] [db_pool] Transaction payload payload_hash=CTnimVUXHeKPbeSYs3LBynapA+UyJVvC9v7NuQVkwEslWnHUEzIOavXxqNJrj0xJm3PzmFa63jcJIv74vrZoXw== processed in 76ms
[2026-08-24 08:45:26] [WARN] [db_pool] Transaction payload payload_hash=/GYDDXC0ckTUESZnXztyUrZ8tFnbyCya0ExmoyHQgDJj1YHpuMJYPkXpyo5ABmkiI0iCAq/uSH12F2TyFhtgfQ== processed in 445ms
[2026-08-24 04:24:50] [WARN] [cache_layer] Transaction payload payload_hash=w+HeXtfqyXu6GFZCmnjiBjTXuw7eri+KZYxR+aK8Z0UF0+AGq1/t2Sx2LKYCVB5l9nAbe0/g5j8uNPN0w4310Q== processed in 89ms
[2026-08-24 06:45:28] [WARN] [payment_gateway] Transaction payload payload_hash=EhS4k9vhgafp1+EpPtha1KzTPXpCoTFvNG/902IGAuGW7WtdkhwR5YpSAsif3qP9T4vTQ+tjwWOLmy8QZMTwFQ== processed in 292ms
[2026-08-24 07:01:16] [DEBUG] [api_router] Transaction payload payload_hash=4rmbvlcW3x8Wzy8hssih7VOc1bm/LIA8BxT4wb8qx3R2gyddYez3Ka8hl5+vKSv/hm8Ik00j0QOzeLMxdRnrNg== processed in 39ms
[2026-08-24 11:04:06] [INFO] [cache_layer] Transaction payload payload_hash=VgcpgmOBNpAkT51d1jP8WH6DFirFguFLpEDYaCQ0Z4Dc/YuNUkKXLRco0FEt9SorTHChB1wiunQqzsIOwJGfYg== processed in 392ms
[2026-08-24 06:06:53] [DEBUG] [api_router] Transaction payload payload_hash=oypaQCfYzJxCAGJu+OlCrPtFKOpb8xr6SQ0mpqSTDaJFww6jhwLzdW18K3fMr7Y2J7So3c7RPFVdcqbkOF+A7A== processed in 477ms
[2026-08-24 07:33:31] [INFO] [api_router] Transaction payload payload_hash=LooURR8lWUvYjZrXdHfbdMFSawsgx8RKHvLfr+ceSe79944wJTFE2dS5o28d+xcnJqLAHJytvPmfyCBGW2yA6w== processed in 75ms
[2026-08-24 09:24:00] [WARN] [payment_gateway] Transaction payload payload_hash=/SOjPuTRPAleV6pzwMgblraXBDhP/CNoADDZcxwDNj9+Vt9Kl/UDgSVahs+IkYJ3IwokQaSpr2blolYxRuCiYw== processed in 446ms
[2026-08-24 07:37:24] [INFO] [auth_service] Transaction payload payload_hash=PYaKqJ6jmMAT5bwDXe4KBJbbKIHbY14JaOhzu9LbL9QyUEc2KlA6v76ZI6lq3MPu11Ut0qdEH3zZ4j85Bm2BQw== processed in 445ms
[2026-08-24 10:42:30] [DEBUG] [auth_service] Transaction payload payload_hash=/KKG27Pf5p792YKTof761rS3nl9BUWPOuLqFvP2753hjUsy7UOu0YSCngFyjTRrWY+iwT/UgjLbsK/QD9h74hw== processed in 361ms
[2026-08-24 04:08:35] [WARN] [api_router] Transaction payload payload_hash=4VEth3oa26XWLZz2nJhefXc9H9H3xOWT2BFulCc57JiV6xFNcG13Ae3R0mxc/y43UsppQGAW8xISxl8k3GsINA== processed in 19ms
[2026-08-24 03:49:43] [WARN] [auth_service] Transaction payload payload_hash=mVGJr/Jm+mF48KPk6dRdt1MhJxt42Aj59+WHUqIvtqBuMGdAT7DZZu+i9GZ8tbq/9UHIKschiNNCcizzl0AeHQ== processed in 124ms
[2026-08-24 10:42:31] [ERROR] [db_pool] Transaction payload payload_hash=dcr7l5XgS4rQ/8EsSkcjNrTQEaqlr2iSgoErghNyXtjFt7OzYyjBVYP2IAltQtdZZwJCjXVA2y41WkkdVxuHBQ== processed in 495ms
[2026-08-24 03:16:20] [DEBUG] [db_pool] Transaction payload payload_hash=I509iw4VeLZiIhmFqFSTyJQH6RwwzpLsCvRraAHNkOfUqhII6/4JIlVSFVbsgU8cIysnesSHQfdfic2D4V9utg== processed in 106ms
[2026-08-24 04:35:31] [INFO] [cache_layer] Transaction payload payload_hash=zkwvcR9cGwmvyuWoLhWJ2NSXVe78VIxaShlJi3iGvg/1yW73lsroXZrKruNY8IyQjw3676EOViScM/5rlkLk0A== processed in 124ms
[2026-08-24 06:03:27] [ERROR] [db_pool] Transaction payload payload_hash=ZtcFAEQzJzmK0Pkw0ISLK6gsemNalxfI+mZDXSXcZPQKy7VCOgzwylrLb3VxZ1IeY7qK/jTyjyiJNeZFa5NNSA== processed in 480ms
[2026-08-24 06:59:01] [WARN] [db_pool] Transaction payload payload_hash=/wAiHCkgxT1YW5jhbQ3qKZH65yWXsNfdj8nxOZDR8sMsK8TcpnD9M7dkDruj0qrwUkO/WXjOVFLoSlrcA/6WCg== processed in 209ms
[2026-08-24 08:21:27] [ERROR] [db_pool] Transaction payload payload_hash=iJuY4wzsEKQF94gcBOFiivBfyxiu/FYifRQPreuUWTg15po8dhvX6na8yq3KYMCHJnbDHBBgk07mm7/nvvFFWg== processed in 315ms
[2026-08-24 04:53:18] [INFO] [api_router] Transaction payload payload_hash=8WeWLKHKX07rs+SHle+08JFNXY0NJt1c3KvB6FJrZjWLGS8ag1LHbo+jkbo+GVtfh9QBGV/qR4FOKsFY35qJZw== processed in 132ms
[2026-08-24 02:56:41] [WARN] [auth_service] Transaction payload payload_hash=e7NOLDZ6X2Y8/pfv7NeGMB7PaHgMEbjsyJ5DfBwEWVXkGXNzWNosnGoEo0B/P+HLUuXKsXCs4hvo+UmKrq6nmg== processed in 275ms
[2026-08-24 08:32:57] [WARN] [api_router] Transaction payload payload_hash=b2StPDrZxJcGNn4iLPV5SKlzRTa6dRsYaPA2mMlSW4ouO9wqCEuhRzPKF2zVoLcokky6wydfq5gnvAfg2jWn/A== processed in 276ms
[2026-08-24 07:00:45] [INFO] [api_router] Transaction payload payload_hash=OSRk0Akrt1MtMhcdcDa/gXQ9aCcb+9/pwyG3dxl6mPEUc6TTzXr8tAEba7Daseqd3YDtvTbabSUAz00PsW+8YQ== processed in 188ms
[2026-08-24 10:32:22] [INFO] [cache_layer] Transaction payload payload_hash=HmdlMpD4XzVf8fsB/LwrBoQxKyLGYi73oPleKdTOTLHLOx6+6LiJ1MVz+Y48icFr+ejMugVyIh/EVdjxO9zBzw== processed in 268ms
[2026-08-24 06:28:59] [DEBUG] [api_router] Transaction payload payload_hash=6FyTZKhxovsTuZHr15siYJ1ZyfY+bWH+SbtAUU2OZONt6n623oanehcBz8bQUU8WspWgzyj/LCpFXlph22tGZA== processed in 108ms
[2026-08-24 10:39:08] [WARN] [cache_layer] Transaction payload payload_hash=t5WyX/WMryhGyjZ6xH0kslDf4a8n22ztQgueltuWf+nMrHlZTJeWjbkP+nyTjQAQEoVPVvSHQFdXRf3ef0wbbQ== processed in 288ms
[2026-08-24 03:08:24] [INFO] [db_pool] Transaction payload payload_hash=KNvv/JPtyaItBdfMTY6fseypumr41c5dXBc+VfMpXQ+TnoTYZN8DQCjxfMnM/9+Yf+x21tRJIpyA7aQNBK5U+w== processed in 324ms
[2026-08-24 04:54:25] [ERROR] [payment_gateway] Transaction payload payload_hash=ePn0IiNlrYbNLCVAHQjF/kLpICS0Zntb7ak0lbP1juLG4W2hr+LjhFISNtdjQmhsTLFhv8czaFF7to1TCm3dPQ== processed in 36ms
[2026-08-24 11:07:55] [ERROR] [cache_layer] Transaction payload payload_hash=qHCN8eKmK9EbV/+nZ6BGob5ekyrLad1xPV9EVeZ8iIfct3MYXDIMzmFuGrAOfEe/D9NkN4KHwKW950TTJ4SO9g== processed in 494ms
[2026-08-24 05:09:22] [DEBUG] [auth_service] Transaction payload payload_hash=V89Pvk/fQhzQ41opi+/drJ2Vruw9loC9egOHGAMGMR2NqvJ22OnQsll8ss2owuuLjoKIlcDMu+rnBJ0Sq7s7Dg== processed in 135ms
[2026-08-24 07:41:08] [INFO] [api_router] Transaction payload payload_hash=qKMaMpCc+STRC4UC2yUoEdq4hSoq1AtMjxp3yXp+XQ9qmlsmfx5fQIQC7/sEiagnFJVfu4Wnnb5rw9YPEpLL4g== processed in 491ms
[2026-08-24 03:24:29] [WARN] [api_router] Transaction payload payload_hash=TWw/RdJxCJP6lqjRDDQ3vqjfyBo2AE0OfDXsXCwsOtI0k5itS8NlsBvWIBqDRbUXqyECGQodHrAeI6EvKn3lmA== processed in 301ms
[2026-08-24 05:28:36] [DEBUG] [db_pool] Transaction payload payload_hash=TVDFmqJPtU1C4UMjEFiRExySw8kkHDMcwpKJ0jAfgqi4D+M+oVRQ2gj6Tj7LoW1DRtYX8S1NbH1PH4te+8eCTA== processed in 146ms
[2026-08-24 03:07:47] [DEBUG] [db_pool] Transaction payload payload_hash=tf/y7yAj/k+COtY5w5WwL7eD0CwR5FEaJuibDPRH4c7XLZhIK253t1T8x7pyalTO7UPf9RoO6YWuGODcsF57fQ== processed in 283ms
[2026-08-24 10:20:06] [WARN] [auth_service] Transaction payload payload_hash=zasWYVi/AQGBJH9PpNK+jADjEdzU8FMKAiQ2hEZP3JWvSTbaht/DUd1D8aNSOiHL6AgkBbzDPyhAHQ7WEYr/3Q== processed in 131ms
[2026-08-24 08:42:52] [DEBUG] [auth_service] Transaction payload payload_hash=kMjpNjiZ7hsd1KFJr1ACVUIbyVgoiSOn39L9Quct1kTEtYU91Y2mK+RzaR3hUTyg1Y/wnpxb49KIns0okEeZ7w== processed in 11ms
[2026-08-24 05:40:41] [DEBUG] [db_pool] Transaction payload payload_hash=EmkzaO2sjV/m09T+ayMkeZD11NuWpvSkjhP7jbiKSYwkGErmdCHOVqmKXRxkO5+NvMwa2PIIE1UFOrF69AmI3w== processed in 391ms
[2026-08-24 06:20:05] [WARN] [api_router] Transaction payload payload_hash=W2BdV0YRhufwtecGVD0US7ICMFz81z35q37Mj8mNWxS1QfV3jAzjdLSX4QEe3h7ytQjS7VeD4zALSy67NeUjBA== processed in 229ms
[2026-08-24 08:09:04] [DEBUG] [api_router] Transaction payload payload_hash=FYTBHeIRWEw1ECdHEhX4jiIgHdvK5UzQNQsYri6EGjwvdnqs/qEcV8RVQS5m1yRPua1iu9CdauqJFOu7qnwvGw== processed in 365ms
[2026-08-24 03:10:20] [ERROR] [payment_gateway] Transaction payload payload_hash=luraHxmDHKo0hvHJi/cajI2AJdvs6MYvwnPZRU/uSyab/IMOHWkt6rq1iYpSl+mrkdEtPfvwvflTqoefzszhRw== processed in 265ms
[2026-08-24 03:20:06] [DEBUG] [api_router] Transaction payload payload_hash=qDX6bUKcO4ftDGRgbZL3yJJaLPVZChJ1EEUk3j9zB+J0svcbMGFi7iDLHMJkhsDflWry+TCtnzS95TmKPKsB9g== processed in 53ms
[2026-08-24 11:06:25] [DEBUG] [payment_gateway] Transaction payload payload_hash=uJSZTUfUGqQLKO9UI5483EPpJR9NOkpnulb8IWgbhVHHLeZfJod8Ggo5kqayw/zA+0vBHmmFozC2CIGyq5TCJg== processed in 47ms
[2026-08-24 09:53:50] [ERROR] [api_router] Transaction payload payload_hash=AUs9uLlsMwiL6MVdIQSRYf2EJ7vIZHW0Q8xjrTkMWj1bGwylY4lj9h5rBcroo/VwGaidtfkmC2Q3Rhq4BZ4u6A== processed in 181ms
[2026-08-24 08:45:49] [ERROR] [cache_layer] Transaction payload payload_hash=r7vWOkqJIB/iXzSqOmRZaAk5Y5Zo/9wvpxccZy28VCbmmjPiQ+ehEA23Be41k10sNikiZ8hPNmlYa1ZFz9I82g== processed in 229ms
[2026-08-24 05:39:28] [ERROR] [cache_layer] Transaction payload payload_hash=EkyGBKJMaBm2i83m1Sv79N+8x0jSu3ATq3lhw+nzDWDLEww1MJ5cUpPgdh9w80vWAiEGFF/qnFY4Dc72bnlpZA== processed in 95ms
[2026-08-24 09:41:19] [INFO] [cache_layer] Transaction payload payload_hash=Z/SBAr/lrm2V1QcLEEJDXSah/aHBEmCfaxvnsNflDOiXPeP29SWpH9QPKBlng+N/ID0uIJUcXVbVEEWwuox/sQ== processed in 334ms
[2026-08-24 02:57:11] [INFO] [api_router] Transaction payload payload_hash=ZivXZnT4gyFqSoHoNAOrCvGYA+/pg9z6gxTxRrEaIRuzcNccFdczULDjd9vgdje02mZs8vhmbX38tuPxbw5d3A== processed in 72ms
[2026-08-24 04:13:54] [DEBUG] [api_router] Transaction payload payload_hash=tePkm7Dj7yBUaXl3EgEZ2povrSYpxIxHDDfm1UBJswvtvMN09LoZF5GwLCKSHx0R0BzQsNZ4+sIlyd1vDR6eIA== processed in 397ms
[2026-08-24 04:47:29] [DEBUG] [db_pool] Transaction payload payload_hash=5/97J/tdRKB3lpJBo7IJNoDathkfvZSrRwv6Fk931qdwyUfX+w9AwhU3ohXYAQVZvujf5UtnTcLgYWFmOiAi3g== processed in 171ms
[2026-08-24 05:27:10] [WARN] [api_router] Transaction payload payload_hash=Crp81fOhIxN0IhFaRJrYXubjEDD6BT9xC5b5kMLWnsg2ows7QyhZdESUKPVIi52NCZ+YcbbEMBYemUIwIlebfQ== processed in 188ms
[2026-08-24 03:21:37] [WARN] [api_router] Transaction payload payload_hash=2MslgytCSXAS8/EczkAs8PT7fiW7nHyBxLFwNMBGhvxdwre45TDqmzJ9EIyqaJKtHz9k80BHloFPZV8xXz5BAg== processed in 85ms
[2026-08-24 10:46:49] [WARN] [cache_layer] Transaction payload payload_hash=dE672x4wRVxA7mL72RX0ZgGOdRHPZ7L4r31/2sjDKJiUjRnrwbJASYsvMCMvZJ7AizmA1mV0wL1wHCufwSVEOA== processed in 446ms
[2026-08-24 08:23:57] [ERROR] [db_pool] Transaction payload payload_hash=xgaZH2OU8c8hKC2wbWSFWv28FOOAMQm1+S6tZh2hU4v8KL8BffrxS8b0/4vFWjlBCgLHZgxVOI9cz/dlUZvdDA== processed in 390ms
[2026-08-24 04:18:55] [INFO] [payment_gateway] Transaction payload payload_hash=dh+w1jJl8HKjFkfKXgA6kZSz3HpESeM7UKo96mvW99hDZrezlrF9axoQSzU+OsSj6jit6TrEE+2w1fUUpR9iYw== processed in 357ms
[2026-08-24 09:37:56] [DEBUG] [payment_gateway] Transaction payload payload_hash=JAR7lkExhIMHeBlOXXXPTKlW7E+PlMtGpPtF2z/A5R6gHIcq94GoEPwpD5/Nwrh9rHQY5I1SXxGD1T27UXB83w== processed in 329ms
[2026-08-24 08:56:52] [ERROR] [cache_layer] Transaction payload payload_hash=5e419lFKaeisfAysTFWO0yZPIf6pI56hhYBhaChOr4hr4HQFZl3PiEgX4KdcJu8HnYda+J7fsan+x5EbL+T+Ew== processed in 362ms
[2026-08-24 03:17:23] [INFO] [auth_service] Transaction payload payload_hash=Bg8shvzRurX3SBJwr2UiW1NMnt8qnjN1TB7nE3m8SxUdPTO/Gsa4fIrhzC60KWVysrjyimlBMM+bjsAKsUTBXg== processed in 411ms
[2026-08-24 09:37:56] [ERROR] [cache_layer] Transaction payload payload_hash=I8sUQxzriv7o7fk99UYaVCYSc3uLs4761IWcGqqGEnPhjup3OOcp9GjvUOAdONGMcxEVWuW9mgDGdV1E5PPv3Q== processed in 389ms
[2026-08-24 03:14:22] [ERROR] [payment_gateway] Transaction payload payload_hash=0tM2+UPX6UE3wQqEg2gZc0ySMcA/CjCot/hy36TFFkkd3FzNbLMSB7Xi7fxMwhiqifwv48Gsv6T7+8muiCBaLg== processed in 155ms
[2026-08-24 06:10:25] [DEBUG] [db_pool] Transaction payload payload_hash=o/IV2RXvTW2Rg25WQ7YX2o3nK/fE1X0itP3ldezofpMDWkgNumnBplOlq7pEk1frp3QFvAZIicDI++/18IK9+A== processed in 274ms
[2026-08-24 06:21:59] [DEBUG] [auth_service] Transaction payload payload_hash=0OQp4nehSMhvGWRtef4ZzxshqHHfs4mLGLEFTcpAtReEZrggM+WiKTzyLxo7nraXAtJ4ApiuocbsAhfN5ygAeA== processed in 43ms
[2026-08-24 07:16:22] [INFO] [payment_gateway] Transaction payload payload_hash=LQuIebgYbS3Xl4782N3Rp1Nz21OrCcHpp2F3mpBM8U/aet9JImkKjLgEJvrJeGfP9X/l72nYEYd3Ok9dd8rYEQ== processed in 300ms
[2026-08-24 09:04:53] [WARN] [payment_gateway] Transaction payload payload_hash=p8ytVsFQEHaFJZnuSfm1p9WjXBjDWUQAii9MOMUNY0VqI3eZp9CuGaJvAhJc2UfWL3Aog7PSEqjvHY5OnQnswA== processed in 383ms
[2026-08-24 06:47:45] [INFO] [auth_service] Transaction payload payload_hash=q7Wo1nkB4pzTe99+vXSt1iGuSbbqZg4aGx9lzmDcE7uQGKz4+XYx67Q05XsE536SlwZDFo+2YVOdaGlsHhf5kA== processed in 302ms
[2026-08-24 04:50:22] [INFO] [auth_service] Transaction payload payload_hash=AsSH2b3Skrb48weZsuTT6LlWQ4zOCFtxsMUCRY4K9yT+y0QmIAo5gc7jubJTYpBa20AZ3XLWWhnFnzAHuQaUJA== processed in 380ms
[2026-08-24 08:41:36] [WARN] [cache_layer] Transaction payload payload_hash=VMRyvJIOWDCNUSymUw3froFXG/orVh84ItN0O8kwGhvqnohegcj5VXF3uDYhRVLZtgxa4P952+946dCkzVhjQw== processed in 291ms
[2026-08-24 08:37:29] [ERROR] [cache_layer] Transaction payload payload_hash=oHg1UKWQAoqR0C1jqr7KZf0XLbxmnvm0JsIuHaNu9XkhynnzMB2qLitfJwPfAiJL083lgglNW1d7oU0mDmDanw== processed in 137ms
[2026-08-24 11:00:13] [WARN] [cache_layer] Transaction payload payload_hash=FZp5PEWGiiWuhp8SGnZmSyCSp6A4epAN6DReyBqJGBvjHDxZMN6cbLqEjnUfBPgQnHq2Xi/FDxws3oJoWneYVw== processed in 355ms
[2026-08-24 04:34:16] [ERROR] [cache_layer] Transaction payload payload_hash=2RhR+gBemWQCzzuLiI5jMXiF0d3ODD7ZvJM2G9CQKubs6eSJboIQFrR88uchWKcP4v4+8QYy40mP+5qfYNlC/A== processed in 470ms
[2026-08-24 04:58:39] [ERROR] [auth_service] Transaction payload payload_hash=xehjMz+rEG9sA+2oYZrCaHfCzqZeJgmA5sULkDGl5p/92z3E7ml84g4/b+X/34ZCrSD0mwxpyl85yLfGfj6S6w== processed in 199ms
[2026-08-24 11:21:24] [INFO] [api_router] Transaction payload payload_hash=ViAdEmIdk2W2ioVce2CGYbMXZvoEv3y+79FDxdCpB5hycLvr6jKKrqFRD1t9FEM++DYCki8m68msBOADnBXlRA== processed in 7ms
[2026-08-24 05:03:12] [DEBUG] [auth_service] Transaction payload payload_hash=C6Hf9+2p+YZB724+rT0clMmI6syxSWwjg0GWeBpsOFd0yWzIsf07H3+WjBjmvTsjp9l5LM8RAnb+wWe3SHpjbA== processed in 408ms
[2026-08-24 09:37:58] [INFO] [auth_service] Transaction payload payload_hash=TvEB5xCvPguHIIZvMwMMg5F5aE3m1DjTN+MMqW0pG0HWAxKuNvMu8gfQUgrkpqp075iHy7wKh6VXGhCd+M5XKw== processed in 76ms
[2026-08-24 03:57:45] [ERROR] [db_pool] Transaction payload payload_hash=ccMdfZ1CHoFe5jvtnLfxo/5kNMIxyfkubEDPhfsAdfVzrRdsXmb7BpUjTU2dN0mkwsskZZvbUyveogl1BEpdyQ== processed in 479ms
[2026-08-24 10:42:05] [WARN] [db_pool] Transaction payload payload_hash=c+lUbw1Pvlug/etdHXuNTSW2QExpQL6ozWyHDFyAiRVvnZSjLpwDZmXQTp4wtBe7U7TSG1qS77nuzMCd+oh74g== processed in 44ms
[2026-08-24 05:50:49] [WARN] [auth_service] Transaction payload payload_hash=wb0HKhfq/BLR2YfdzGQAS+T5HDSYlBsKODT+/oH9KpOwUeC1QpA3oxhGdjY3K4+8BhLOgtGn8Gph1o6AJu8k2w== processed in 470ms
[2026-08-24 08:33:28] [INFO] [auth_service] Transaction payload payload_hash=sj4iI88ain0nB57D8YkGD2Grin2bTqItZbEWewzNuSUi1f3NCZlyuRcoNsnj6FjFR208bvPJr1chUrNX616tZA== processed in 344ms
[2026-08-24 08:35:42] [ERROR] [cache_layer] Transaction payload payload_hash=tUt4nyRlhbhEvqG1uxIka1VHyfwhfvzGQyjtPfSWLwIWN3mqy228HfGVD9fBub+00SL0EWNFdE+wFt8dAJ2fFQ== processed in 441ms
[2026-08-24 06:20:44] [INFO] [auth_service] Transaction payload payload_hash=/6va5UAhamOEf0g9e/K74f28i1sXrrpD6b61MVlgS7uaIx7ee9NlXfkCP7Xej/UsyPspMWKr0yNtoBQV6gJwyw== processed in 345ms
[2026-08-24 09:10:53] [DEBUG] [api_router] Transaction payload payload_hash=RckEaknsqqXfuJrOwHqVFAuydufvW9QHxbWCVxKVvcAZZLSOMOonttLbJz/GdGtkYO3VxmaHrfFvbXsDC6NUww== processed in 182ms
[2026-08-24 02:58:20] [INFO] [db_pool] Transaction payload payload_hash=1zCfB858UTDJomZdrvmpaEf1b020/ZyEvWeJdY8FgPHthF9MNE8zMsaDigE45bnAlLFdJrO5kQhz16PmK+ltSA== processed in 358ms
[2026-08-24 07:07:10] [ERROR] [cache_layer] Transaction payload payload_hash=VE/7CPE31cJaZ9xXb3/IChH2PIBJ42ZHREw8UxkdZchATJHxFd1siBbX43AKG8IdccYxKfUicpQ90DwoQWQPqw== processed in 140ms
[2026-08-24 03:35:12] [DEBUG] [auth_service] Transaction payload payload_hash=HgYHm7lrMKTaE9hOektk1jVM6JRFhNzj3LScXCXNeQEyvuVAzNc2Eaa/9J247bv9dliuXoL8b7FQwS3r8oC/5w== processed in 213ms
[2026-08-24 08:14:45] [DEBUG] [db_pool] Transaction payload payload_hash=J2cx+QkhnIxAJ3W+yvPK3RSShaOwyzTOuNfVZ2lNa2rJYtuRzielDe+UlxvWQBFkLKoB2nHevaxWppJ9F57kJw== processed in 309ms
[2026-08-24 10:22:37] [ERROR] [auth_service] Transaction payload payload_hash=MJE/pELMkxi+6ANHdzLusLsBFxniumIEqzR+91jjwibWEEqB8j+PBPNBIjH7u28107gJs0DHOLBd0kzC3sCI+w== processed in 3ms
[2026-08-24 03:12:27] [INFO] [auth_service] Transaction payload payload_hash=hkSNqxhxU1AsNKVXxAOgmjECeFDiLnBKJwGdICefUjxPD5WOBFiLqVcqeHJgZNROXajZAyRrQSmg0AJja9O3AA== processed in 441ms
[2026-08-24 07:01:56] [ERROR] [api_router] Transaction payload payload_hash=wkk58chSkZfLYru8XRtu5akAOSMYXyDr3F+CSEdKO5RUTOXpbh4vNit2kYU2QqqtJODRnHiLyZKQd1ZL/LKWew== processed in 370ms
[2026-08-24 08:18:12] [DEBUG] [api_router] Transaction payload payload_hash=0H0tatye9B/qXm43R38SblF1rhFhanoveetG5KKthDVOww4G+Dn5T5IYqArpAO+cDhKLdpuXY1vz4zT5PkcfcQ== processed in 312ms
[2026-08-24 06:12:18] [INFO] [db_pool] Transaction payload payload_hash=+UEfpOC/uwDg+gjM/oKurA0+YBG2jTlRJi7apxnGZy3FW8Znjn3bpYtCgAarA9CTheQHZPNV9OJY+GZkENfp0g== processed in 274ms
[2026-08-24 09:46:10] [INFO] [payment_gateway] Transaction payload payload_hash=xqrcDctIPCy4G9vR/IPPMf9zh6SNTDxAAYvJuekc795s9YPGzrkqE+SJVWWL0Ut1n6swi4c2RK6xPyRWWnVSsg== processed in 121ms
[2026-08-24 03:25:55] [ERROR] [db_pool] Transaction payload payload_hash=4TiXeZmvGUIEs/txznrrybFho0LByLv0mHi9f4dEyqTVW/iWfM7dslLVcCWbLsWjaWACb35IwvmxtktJ028LLg== processed in 285ms
[2026-08-24 02:23:29] [INFO] [auth_service] Transaction payload payload_hash=8d8Dx3EwdB1kyXSOrW94TRKFzX4MJvHBEAYrJ0GajLzpsRNdI6CcHsWjpcNizZKL7B0IiTnJ8EdDEtTo/1ySdw== processed in 366ms
[2026-08-24 07:05:59] [ERROR] [db_pool] Transaction payload payload_hash=LXD3uJiAt8SVPah5mOhsajMWnrK05iedRUWwAp7q7dyLthr0PfYLy3xNSneSIiKPV3ulgWEq6+ubTYts4Z/58g== processed in 162ms
[2026-08-24 09:28:17] [INFO] [db_pool] Transaction payload payload_hash=CXiWVBNLCvVtkWkC9fiXrWMIThaaVt0IOna4Ti2Fjtx1wggfOcdtq3ondBE7ZCD3nmAS2at0bvPddyOgqE+lnQ== processed in 364ms
[2026-08-24 07:59:45] [INFO] [api_router] Transaction payload payload_hash=Jri5F/+VpVdIQglFnybBx2BZYtAYJD6rJIymb9lLSk0UnlVNDRYl++r39r+e1jGQTIaynNvPGbBjcBI6HUyxTA== processed in 370ms
[2026-08-24 09:43:57] [ERROR] [payment_gateway] Transaction payload payload_hash=w0QiHaGQbT0BRF1bED0ahVdIQ3y61Sq8dg9SArDcRfvMTMQBP4kx5U2G2eP05aEQ2lMecdDdfVD9Yqhgu13BqA== processed in 299ms
[2026-08-24 04:40:54] [DEBUG] [cache_layer] Transaction payload payload_hash=QUDwaMx5OUWFx8vSwQ8Q9e6Ti9k98KWwnYHE1mkW4fUDtaUNJKTk692EJ90MOfff+kGLxV7xVEyICE61bxxabQ== processed in 354ms
[2026-08-24 10:24:58] [DEBUG] [payment_gateway] Transaction payload payload_hash=6MaLyK5WUOcEwvoEWfkqTpUZMeBUHsb+CEk8Ay1eXs8GZF/sM/aNB6jBP7MYh0cyTMRw5J11WUpMJr7cUkK+mw== processed in 412ms
[2026-08-24 08:27:09] [INFO] [cache_layer] Transaction payload payload_hash=CL1nS9mn/MKzS6KxDWPHT+Q3v7bmOc3V8imPvjB6/7VNLyTFVEWN+g9o5Ocvqm8EtjPtHkCid7K4k4z7t/cfnA== processed in 149ms
[2026-08-24 10:32:54] [WARN] [payment_gateway] Transaction payload payload_hash=ZkWLoY4e1uYtfBni8XtGmCN84GKZ7NwMqKc7QRudAV0cWp8jEByWzGHxzvyafWiWUl8d5eNzCS7lOHlIrr4UXg== processed in 292ms
[2026-08-24 03:46:23] [INFO] [auth_service] Transaction payload payload_hash=3C0KzNyvOy8LM+xFn/4dla15ZXKBl6INjRQ/ykiwlA9nnXmx2e5UtLR7xVJMMQR+cZSCA5yTFv9rh4sBZ439MA== processed in 467ms
[2026-08-24 10:25:37] [DEBUG] [api_router] Transaction payload payload_hash=mNZP6iVD6n9Db2d2mARepQf6Dl9QgYxUhI75X5OhG89/+dxdTvE6DP5sK6xcTopiZ/rACgC/iod2Ji/VMaTIBg== processed in 351ms
[2026-08-24 08:53:50] [INFO] [auth_service] Transaction payload payload_hash=65/3vvPeGgNdVyX7lDI1su9wt8eH4+HpM6lFTzZtMGbbBkd4j51cVf/7q2YG7hdm/k8x/r5ZWB8hBCx9tCchqA== processed in 56ms
[2026-08-24 08:47:06] [INFO] [cache_layer] Transaction payload payload_hash=NH67WEXPBo80/PH7tUsPDtoHvt8SEQpWBnY3pAqgjGuuX2xpAtBPsucfigbn4EBQxoiD4VxrR3x84+mF4PiOQQ== processed in 357ms
[2026-08-24 04:16:25] [ERROR] [auth_service] Transaction payload payload_hash=JARedhqOWoVPo6HaxsQnze0PGRNvIaD82bQ3ll8CHOnB05dUvcmXBM8yGHbQeYBvJ0X/Zw+p9Q4YmYfGKZuvGA== processed in 248ms
[2026-08-24 04:51:14] [INFO] [auth_service] Transaction payload payload_hash=XBFInG5TU2n/FBpj5Vljm58gmdy9kHGaqjdyYLWhksskZXmWR3MRY/hSe+9NW407g2/dvIvLWxOp7aIqqUDFOA== processed in 346ms
[2026-08-24 10:38:45] [ERROR] [cache_layer] Transaction payload payload_hash=4H4vgKtxiAnIBYtDbY0mWlTT6hBzYODLpQECgFEGMG/k0ngTrSLcsJzSZrjZ10ZOmjQEAhqLMnBHghhR8WFPeg== processed in 287ms
[2026-08-24 09:12:08] [INFO] [db_pool] Transaction payload payload_hash=LjNysHwZT4vEiaJF59c5KTZ8I9Q+cH0daoElJm77m/x3koccrKkkg+oN9WjZdLOPvqtqfn1Vwq2vAIWkr3wq+Q== processed in 40ms
[2026-08-24 09:06:38] [WARN] [db_pool] Transaction payload payload_hash=YQdMybUCyvAokULQj+fjxobLSm5n8TiKWhoxfMiiCdePi6mC9AcaVKUFH51TaA8f5Bc17LeneJCUVwVjK/hEcw== processed in 444ms
[2026-08-24 03:27:22] [ERROR] [api_router] Transaction payload payload_hash=LYiZa99MM9ZHz12id7kKeWYMRBtS+sv7WsVLbaVa2ra6rI0DORD2zGwGv/Hm8iYICYQvjTBZprf8fGtoSKa7vg== processed in 336ms
[2026-08-24 02:45:30] [INFO] [cache_layer] Transaction payload payload_hash=ZianXmIx/j5bbgJ/YLBXUzuxtzS1C548YgCvDK2TYJ2HqOj1mN1d0RFBdbXt2iVGVr35vwmrZiFtvxRuWtRETg== processed in 4ms
[2026-08-24 06:17:48] [WARN] [cache_layer] Transaction payload payload_hash=yKsiRpGxaVAq9+FzvYy6xX95jnqPoo/YMpKhekjOWp1H19yhGOhaUfrmOWH58PZ1gfa2HyxuHJ9wWFQYE0jnpg== processed in 465ms
[2026-08-24 06:25:38] [DEBUG] [auth_service] Transaction payload payload_hash=XkY8YwnqpKZMZIg6o4TdRguV1zBUD0rT5UZzNNSHt+41qhwqkhSse1qOraCxfZcfObUtBi0+DfP6x2Fh4sCh0w== processed in 299ms
[2026-08-24 05:46:06] [ERROR] [cache_layer] Transaction payload payload_hash=dC2ZPDvvV2o3jwzVCDcuwP0BvnnWUcHlrFLuVjQXkk2EQrNg8uXc7EWRx9flV3hkCu0NzTjOTPqDZyVG33VJzA== processed in 452ms
[2026-08-24 04:59:10] [ERROR] [api_router] Transaction payload payload_hash=y27bKWKzv7O/t97K9tlxAwRT/rTQpD2iiwJ//pUfVbfvoBF+8t/qBtoVtRzmyBN0EN6a2EAuM8ubEVCp99aeyA== processed in 433ms
[2026-08-24 04:58:22] [INFO] [api_router] Transaction payload payload_hash=bdoE89OAjHF9i0UtVKtiI3v9Wbjdbu3PkL9Roui28d2AGcbxIhHepxIxhtqvLrFxHhxOCVVZVagRt6IgL0shiw== processed in 435ms
[2026-08-24 07:14:40] [DEBUG] [payment_gateway] Transaction payload payload_hash=lpfFwA3wiOp9JqhXdZaOJlV2mUgPWkPNZC6vh21d8/r2LUY/afpPzjFDA+8bUpVrYgd/acqgvO4pjRqreLcj8A== processed in 251ms
[2026-08-24 06:25:15] [ERROR] [auth_service] Transaction payload payload_hash=V1w7uoBnysmiQNnLuWU5/OmN6w2OLX8z+A1xcTojWhLu/G5SI/M0Qr4RDqZAFGlucumfmJHUcYWYjBkfwvJQ2g== processed in 311ms
[2026-08-24 10:37:00] [DEBUG] [auth_service] Transaction payload payload_hash=G1CtNbCYXrlzMnFsw7BzTYbmwsUn3jp9TM6yuafJ8J8DqQM/1DL6FAlJyZXtQ1xXQwsAug9bm7azt8WyjIDugQ== processed in 17ms
[2026-08-24 09:12:19] [WARN] [payment_gateway] Transaction payload payload_hash=crLdRmAMVSBqsL0WvrpRc7+VJpWSl2va80/qBM57zpV83w7WiGTwuqUZLwUagl5IQ95fbzxijewnxRmr+7A0Mg== processed in 195ms
[2026-08-24 06:19:32] [DEBUG] [cache_layer] Transaction payload payload_hash=Mn6848u1belCYIFz7kwJElWncdcmd9jwoQgd8KbkJpGSEIFWODY0n/VYUet8a6/1gY5uDchoCyNdnW0kGvUZ7g== processed in 116ms
[2026-08-24 08:55:53] [INFO] [payment_gateway] Transaction payload payload_hash=McmZCrHiBVdPe8YppyOYmE7MJS1a5fShCF4Zd12Jh55/8q+IXGR0kmtlAFvMlQXaYNbfpVGnYpuyeVrl6HdzKA== processed in 128ms
[2026-08-24 02:23:39] [WARN] [cache_layer] Transaction payload payload_hash=LSSn6+5F4suuTy9vq7UMLaQzQmcJrPEH2AAfUegt96AXMqLjzSvQJzKHi1etAPlMJ9du7LiIplywprYXe62eVw== processed in 3ms
[2026-08-24 03:50:56] [WARN] [payment_gateway] Transaction payload payload_hash=Xr9+xnHBVVX75lBUawbs9ylKPVAjSgin6gZwSu3K0HL9kX6nT6cu+Da2DyCCoAb8N+FzVabicPJDIy1kVaZItQ== processed in 474ms
[2026-08-24 10:28:09] [WARN] [payment_gateway] Transaction payload payload_hash=28nsYADNqWDPgnexhm33E8XyCDZW20TssVs6q+kn+2+Kmrvy0rX08qcqfI0DcUS3wnBInZsXLHCbkuedvIQqGg== processed in 243ms
[2026-08-24 09:25:59] [ERROR] [auth_service] Transaction payload payload_hash=EQY6rgWPRM05SXANFwfwN1FBU7Q+i5Vd3pSKWGVgtyHgf3zjGenuP7DFjTUkjJQDhQSANKzvEahyaSRYxi7FGQ== processed in 478ms
[2026-08-24 08:54:51] [ERROR] [db_pool] Transaction payload payload_hash=I/bGennuslmC42FvUI9M2sjyyWwcRrKEtPXc6B0R83klcpr+adVuwaOwdJFYt4U6ZeDFyFMWqYdIvwck9GEHtA== processed in 146ms
[2026-08-24 03:38:46] [DEBUG] [api_router] Transaction payload payload_hash=PZNJb3bbeJSPZM3Q31uOAPHqC9CugsNMkb0ouhA3zY05qoUDIX/UQ+vVrECIKCCKKGG8386u3JR3zmG0FuQMPA== processed in 109ms
[2026-08-24 03:23:03] [WARN] [cache_layer] Transaction payload payload_hash=VoC3IiUZVVqz9B/HtiwefbTwWUO8ZaG2vtd9ZMdwjCjcRnQdIogdqwUAfxvmaek/krk0K2dbzAJhcnJk0dO4tw== processed in 458ms
[2026-08-24 02:49:50] [INFO] [auth_service] Transaction payload payload_hash=rsYjbDgdTpO+GsyCd/5A2MyhJFXeP3JEj5FqqUtkAr4IQGgJaP0aCEcum/SAFLSJ/SY30F5/4K9WAvwxB4ty/g== processed in 444ms
[2026-08-24 06:28:06] [INFO] [db_pool] Transaction payload payload_hash=g4J75B/KeB/WXNHAl6AfdxL3rmMfFH5v3QMjBIGXyIaQiMUn0UaMYhIW4YyD1tgGjYutUUgkYN6coZDBnVA8Jw== processed in 30ms
[2026-08-24 02:48:59] [DEBUG] [api_router] Transaction payload payload_hash=hGi6iSyTIQYMccyLzSg/KHUBwCAIhpt7Rd7oGA+mB8NP0Z4UWtCaL4uVONvB2msm6LABfNn6wRreZ4iY44qC6w== processed in 152ms
[2026-08-24 04:10:34] [INFO] [db_pool] Transaction payload payload_hash=BWSveqjrACzREBrGKCVIRSqK+/U/xH1HKlp0nK2432rKLeEXWUs+z9VmcJYn/DVk+wrW+T4w00Q/HJwMBU13fw== processed in 269ms
[2026-08-24 07:05:33] [ERROR] [auth_service] Transaction payload payload_hash=n9xEz9A5F1UE3NSNR16OG7u9Hg1AH3gXTP7yQw6OI5rFsc8wqnU7kIyZ7QK2skYyYgQF1w1xqp5+xaVPdThMXg== processed in 372ms
[2026-08-24 04:39:42] [INFO] [auth_service] Transaction payload payload_hash=BwusWXPnjxcWKuoADKMUML+fISno5m6WlKU101UvlP9hHxtaknsvjb9Ibkc2XWnYCyR4IY33QROaMTX1QefO/A== processed in 409ms
[2026-08-24 06:45:08] [INFO] [cache_layer] Transaction payload payload_hash=QQ19GmsQPnsm8MfaDjm3h55ZaHS8CSmB6AigcnpcafaAdIGLgwMSKcqzqMbS1mS7vadMLPRQ5ViPNrINuclsVQ== processed in 56ms
[2026-08-24 07:11:03] [INFO] [api_router] Transaction payload payload_hash=sUAB+EolOUcJtnyAknmyue/13vvI6+JhW56aI/mhUcJR0IPR9XDTit4bTorKt5oHo9QHw1Ral79YDHBDJfvemQ== processed in 180ms
[2026-08-24 02:18:51] [INFO] [api_router] Transaction payload payload_hash=6+Prq3dxWJ3MYoZBCl+m0uYf/ZOsSjUKDxeiU+SU5f57sDUadyA0bz1JQ1BkeTdXS252y8nPhX0x4BpnjOHoWA== processed in 16ms
[2026-08-24 10:29:57] [WARN] [api_router] Transaction payload payload_hash=TmzzEn0sSwkVgEcbMnMaFoA0xRxq8Bv4GXD3xDudKn2vmrLbBs2d14qUtvav79yd3NRgisHUpO9ochVU18jqaQ== processed in 2ms
[2026-08-24 07:31:15] [INFO] [api_router] Transaction payload payload_hash=7kS34QSYcHlj14ABK8fN7FVBA1BKvflheOpkVLK73HG8yAZqzsTmoxEKqj3dAH3SlXOzgg1xbutxmyWIC6ncoA== processed in 132ms
[2026-08-24 04:53:42] [ERROR] [api_router] Transaction payload payload_hash=KVv/PDG9yeVtXWJNDDS0upjW+J2BfAdrPdiLzl7imfmsYsTm7W+AWveK1FYj35HOFTv8iPfehBEwRzVBR0CJKg== processed in 338ms
[2026-08-24 07:55:53] [INFO] [db_pool] Transaction payload payload_hash=JL4BMs1n98ZcquJOZm4pI2aPgBezxRV/bxCWXB2kkEmuRwxtRoNbWDLxlF3NplhDKjh8HdoWmhhC4zb8ArTy/w== processed in 6ms
[2026-08-24 07:35:48] [WARN] [auth_service] Transaction payload payload_hash=Y7juMOyF26/hHwU6RctFTs07f9TpELtZt8d7Nj5BWcI/fFGfnsPTceMjmwVOYDmRdEgWf4ogwfxaWm62Sr1tNw== processed in 272ms
[2026-08-24 05:18:20] [WARN] [cache_layer] Transaction payload payload_hash=GY3UwDcdIhU+A4OQ69Nk/gfSdjkDQHE7NhSKXTXwtKAv6/36r6FhelfMpYRtIkfh5g8RNNuo54awRGQZCCbYcw== processed in 159ms
[2026-08-24 10:43:40] [DEBUG] [api_router] Transaction payload payload_hash=KP1DwWdhXVyKP06WuKJcLdtRjsaYBvjyZrx8XNXf3ZhRM0Wp3KD0LeH0fbi3QJMoVr8CtbqJKx/1zMhwfse6Pw== processed in 227ms
[2026-08-24 03:11:42] [DEBUG] [api_router] Transaction payload payload_hash=CL5wHtvH61al8uojroITY/0+ZGB+1CgWGrXi5tBONiOKNtlQ9pKsvHtvfoNICm2ALzoUI/Qpe5rX6vfvAjmtNA== processed in 5ms
[2026-08-24 10:01:17] [INFO] [db_pool] Transaction payload payload_hash=Q/+1sUHdwlnjSFrispOF2u25GZ+ROUyzCDjbO8OqnMA0TVqJNjz7Xv0KUUBVgRIbmgxpyotQMEGh36DpYX2PBA== processed in 212ms
[2026-08-24 10:29:16] [DEBUG] [db_pool] Transaction payload payload_hash=LI2Dy9vGQ2lie9EbK1sOHo7pOneVcbjDk58METExsxc2hsyqV6SQKQ0UPMRFyIDVklqRHpaVCUVcWUkDGoYZ7Q== processed in 303ms
[2026-08-24 08:56:31] [INFO] [api_router] Transaction payload payload_hash=iUYxafPh/DHyZRtWl9iv+CYG0v3yRmyklAJD7aO2TiTmLDZl0pvEmRJwuJomykJ1EEU6eJEbdxrSOKs10YGTKw== processed in 418ms
[2026-08-24 10:57:17] [DEBUG] [auth_service] Transaction payload payload_hash=umdJ4VjgF5SnmK8wVmsSVMnJq595ZFhEwDl6Y+Hrr5f3XuQNxbxb3Rs9YxrOghEHh3ocNWtD52c4JSHj5P3I9w== processed in 70ms
[2026-08-24 06:56:26] [ERROR] [auth_service] Transaction payload payload_hash=WY+d7NHuJ5uclB0oqaAE+EiF8aFoN8xFX9Ani4A0WM7A6i6mfb9FssRJzLALGpodtO4x1KpNE/Hmmu/bew4sYg== processed in 483ms
[2026-08-24 08:36:09] [INFO] [auth_service] Transaction payload payload_hash=vXy5zFJatI1N/jBdTAGqb9DEY2FGSfrCKGI61r7oRALp9DS/22RtLGGSopbcJDCipZZA9HEPUVEhPkRHYHQ16w== processed in 32ms
[2026-08-24 08:17:24] [ERROR] [api_router] Transaction payload payload_hash=AoQ9LJKPjLHu53JqfEjiE0XJYsCBWz5nOfnDPdY4R6Et3cKZiZmlExOdITTwa+Ky6yMW+5Z5VQwHqxFo88H0FQ== processed in 249ms
[2026-08-24 09:27:30] [INFO] [cache_layer] Transaction payload payload_hash=lGLleVxoqA5R2oul8jIEoEUbeIh3b963rhFyicuqmFTtVU/KZ1w8ejh+ovFDKwY+E4pylM4WQuuUDYGOZnihkQ== processed in 170ms
[2026-08-24 06:19:09] [WARN] [db_pool] Transaction payload payload_hash=Af5ScSDt3nPGcnZn7gOtNAQKsji8kK1qpziDpXRMKut+TjOkH+jDDREeVeCjpsGMPz/zS2bClVmTayrD/bxDVg== processed in 42ms
[2026-08-24 10:02:26] [ERROR] [cache_layer] Transaction payload payload_hash=NROsNrK1H10zUeOgfHztjPRQyDpx3X7CTqEKG2699R+mgJJQ24H6UOFc8QFVNCY/ruUImjHiX8YtthPrG+5Gcw== processed in 280ms
[2026-08-24 05:38:31] [INFO] [api_router] Transaction payload payload_hash=I5DGQg4IgcQxEOSznEgm5eFWfLr70+cU8gga2wtzahfWUz3VG8KkrPMW0V9Pt3RsmxAJX98ZSnz7vnmuC87OhA== processed in 231ms
[2026-08-24 05:11:35] [INFO] [cache_layer] Transaction payload payload_hash=8DlMpCU/xb/zUxDj6Tf+GI7Sbti8RPRzaQ3GNjVq6YMsAyTSue0V+kK3V3k7TQsv2YR5R3+4kBIkcx/dU5pfeQ== processed in 354ms
[2026-08-24 09:55:25] [WARN] [api_router] Transaction payload payload_hash=fPZWY6l47vtBxz86jqfdxduX35LlUtZT/gUnh5cZqT206fPf3DOX2nWu5IYm2B6XypORAFjDPA3694RpAIsykw== processed in 449ms
[2026-08-24 03:18:35] [INFO] [api_router] Transaction payload payload_hash=MnXAFvyE8E85yj81D4QCnwYowT4eAuXiA8+4d7c4ZQhxae7GXGYb9uoXrQ69SNb3Nsg0q6zYT3tToQ1uj7HoCw== processed in 219ms
[2026-08-24 10:54:41] [DEBUG] [cache_layer] Transaction payload payload_hash=TL0Zz4MDXdjVwDego28IvUfFb2zL4dOPXAi4pJ+VXFasgFemRs7zGkBr3WRwzam1fR9Qt4u4+hl/TmvsA6DT4A== processed in 455ms
[2026-08-24 04:42:39] [INFO] [cache_layer] Transaction payload payload_hash=yYNxwBQ5CZbaICbMrItbZSPxpXxDSZWMrIhm9yqX+M4n9dKxUprZ1WbQMWNdTNxqpRBgrYHFJMX1SdnR4l+JYw== processed in 414ms
[2026-08-24 07:28:55] [DEBUG] [db_pool] Transaction payload payload_hash=XqqwWz9aWqOWUW+STsFH0H+UlMEUHGk6NU94bqP5J0GPPWr8BwaRj0aK85zClMECU4wSUi2s7c7YEEDkOmMA3A== processed in 181ms
[2026-08-24 05:09:10] [ERROR] [db_pool] Transaction payload payload_hash=+VIBWA/KfyzC8mSgzhL9f9M1FTkDUhVN92FZEbHL6EEsIOcjbx+iZzM3mhv6BoCU45/bxYm20XhbjjEKl1bucg== processed in 458ms
[2026-08-24 03:31:43] [DEBUG] [payment_gateway] Transaction payload payload_hash=j8eMDkrE67oHYSgxEMoNNYhHqorzK4/imNYI19ZfJXT6z8jN6hCCmpf0rFAAVxextHsLo+ZXgYTHQuwpxS3uAg== processed in 352ms
[2026-08-24 07:10:59] [DEBUG] [payment_gateway] Transaction payload payload_hash=x3FXUi/C7IQDCHU5K4M7urFo1wm68FGvRmjGXnDTBJSBrGeySd77nyjiYXFVeLv5Gq0HpZ7peGKCXWMDGxQ7sA== processed in 115ms
[2026-08-24 04:54:01] [INFO] [cache_layer] Transaction payload payload_hash=RvCdfuHzOQyOjpXdmXjrOWOh7VKyk2Z3R7HoHaUIfsvV/Ramr8nG7CGIy8DLzro5fJa8qX1Gi9Sl/ioVd0u2Qg== processed in 389ms
[2026-08-24 03:27:41] [INFO] [api_router] Transaction payload payload_hash=+BPBAsifsyaySueVt1jmqH9U/LfuMshPTX9Zm0ZqgngBulndWdO6Xfze/y3vUYOVIwHebffZlz0QGXpGGSiCjw== processed in 352ms
[2026-08-24 10:01:52] [WARN] [cache_layer] Transaction payload payload_hash=g/S3EIryH8iXP478t4+HBpKdrjiLAqGOhEqt8wu6eSsSirljbw8tveqG3iGWk0brzhQtGDyLL6V+SSPugDZSpg== processed in 468ms
[2026-08-24 11:02:53] [WARN] [api_router] Transaction payload payload_hash=AaL6OEaoe3ug8SgldqwMORvTTxVtjcwxBfzfgs6dVc5atqxdP4WLnWMSjfflw/SsOx0AL7NfucpYI3xDFzW6Xg== processed in 419ms
[2026-08-24 06:55:48] [WARN] [payment_gateway] Transaction payload payload_hash=bidaAS01/p2Dm05aWmPRyc8aKsJMVG7qrpc7ii/6y/ewuTB5Fznc1AMEBrujriH9CJsQLIKVcoVqNSSINjQQ+w== processed in 206ms
[2026-08-24 04:24:46] [INFO] [payment_gateway] Transaction payload payload_hash=atrpMy/DpI8si3T+myAPj4oQDGLHPx3SphEtKXiSNjfJ9xHYKQldVKNCGHHH8iwtr9Llh7ISIO8xIjo7aWRpMg== processed in 14ms
[2026-08-24 08:54:40] [ERROR] [auth_service] Transaction payload payload_hash=OU2mA1c/kMLugyzE+esHzbkziNGB1/r042BH58ZGvAM0p+hTNFCqJoHfd/J6EL8RsotyL4F3WQntIN+JqihQRQ== processed in 329ms
[2026-08-24 08:19:44] [ERROR] [db_pool] Transaction payload payload_hash=COfpHwiRWma9ZbhnMzM6bjDagf/LcPiqH/GzZB1BePij3CK+RB0WSASo24sj+Eqljj/0vQ+cCtMToD7tnzJiYA== processed in 450ms
[2026-08-24 05:21:24] [WARN] [db_pool] Transaction payload payload_hash=3BW5bwoR/LHgVCGlxyzKr/Fmzugi3rY6OoG0+2xvkKoJbauHdeLP7uMdL1omkuxstuJs4Ky+/SjeovsEhnx85w== processed in 90ms
[2026-08-24 07:49:42] [INFO] [api_router] Transaction payload payload_hash=TZZC4rRZX080BazG7rwDSPyGKu8C4EIgKVbDg21/q60P+iD+zTbfbISWw1u6SLTI/aur4xhBUiIR4hGXklm7UA== processed in 317ms
[2026-08-24 08:53:41] [INFO] [db_pool] Transaction payload payload_hash=6yRRE0J4UvTcIBArzVkpFRjLNRPtwyx0xwtyUDby2qZIDU/5o3kzEnLNG60sxLCUrg8Yg2Jx+kBBNeT7MEXekg== processed in 217ms
[2026-08-24 03:11:37] [WARN] [cache_layer] Transaction payload payload_hash=CaB6fDRDNk71CKApvbRFsRpTqj3Cd3Rsq6hW5wtC1oVOEo7a5odBa4DLP/zRIuOV8G097gu03DJSVpN1n0aXWw== processed in 465ms
[2026-08-24 09:17:35] [DEBUG] [db_pool] Transaction payload payload_hash=ROlcaEgusLHqg1RXpQOgo0iQGoE6GAo4g1k2BBvApbBAqS0CMsSv4qBkfZORnzPkSE0At5TUiNeyWnN/LgH2SA== processed in 156ms
[2026-08-24 08:28:22] [INFO] [db_pool] Transaction payload payload_hash=kAZ1uCSh2xjsvDchtjMPPKeWWT1iAVS/Oy1PmK35yC8hsYYbyfI7jf7WmuwYH0a7U62dfTqyO0afcr0AK8+jtQ== processed in 229ms
[2026-08-24 05:08:49] [INFO] [api_router] Transaction payload payload_hash=DWnQk13mv+wD5gwGDllALC2vJfp6X9YwORdUJA5oAHD+/9jj/GX5ZbC1Fosxmyf7/nJw1VTFNbBzUijD2NzKRA== processed in 6ms
[2026-08-24 09:12:02] [WARN] [api_router] Transaction payload payload_hash=5OX+NLeCpWXI2WaZWjnj7ygIDcsuN5ag6fy6P57NPn1ITIDgy73JoGamWgJXyPPvyWzvxFSOYlLxt2yMPahFmQ== processed in 85ms
[2026-08-24 05:34:42] [INFO] [cache_layer] Transaction payload payload_hash=RYcxGoHsXycLAO8VzCuQF5zwVD4hMs9y2ZPr1x4b7afkwdXf+d0i59/xRlIyh0D2SREsOe6+wyX7ve+QaDjepQ== processed in 396ms
[2026-08-24 05:51:21] [WARN] [db_pool] Transaction payload payload_hash=hEud1zk9m+Vvws3p2iBnw9w250q0j9oX6m7VJbOE1eA/rPuiBWT0+EsnAxzWM/f1+Ts0DE/IIosS9ikrHiN4Gw== processed in 419ms
[2026-08-24 04:12:39] [DEBUG] [db_pool] Transaction payload payload_hash=RcSMDxM302+WfELquzXIKP0EWH3rI29cSe+pUQaqzZo6841UZuU9z4XJf3811lWSc6vujQzh5JUmijEBlbeJTw== processed in 428ms
[2026-08-24 09:47:20] [INFO] [auth_service] Transaction payload payload_hash=ahbN8WXwyl2RCI1L9Tt5WzRfjFc3Rzj0TMp3IxcUWEG82YUNyY0/1T0ze0TGB+Hktbg0popRCjH3ZdNEavlRoA== processed in 33ms
[2026-08-24 03:30:25] [ERROR] [cache_layer] Transaction payload payload_hash=ta08Fq+FGbv4D23PNK8P1+DkkF2f9NfxeiKHpZ5v/Hs0SckruIAieHs0+TZlyMhJlpePi5KdLpapgazl+3pMAQ== processed in 335ms
[2026-08-24 06:15:15] [WARN] [payment_gateway] Transaction payload payload_hash=Ek5ANrAYWnrHdK6YyFJAOQhiPxt3zaGhXOr1nVZqtOigE8XWNqn1ypE+3AYsT7QTflRm3Yw+PzK7o7cCbbilHg== processed in 224ms
[2026-08-24 07:46:40] [WARN] [cache_layer] Transaction payload payload_hash=t3yVM+vX5aNkQtY0ccHrDLtlLDY0NIWhMRP8NpS6kW/S04UYcTvntKtwxZAuQpbGIuPuhS3/81t0GsDVha3REg== processed in 417ms
[2026-08-24 10:32:11] [DEBUG] [auth_service] Transaction payload payload_hash=r8EoRJI+diQe+7W1hXODQlemIFV8tXWCyOsqJNPj5qjX8Bhtm9x0uxj/qIRcw/1xZv2QX6icB9YU7MU71fwvoQ== processed in 155ms
[2026-08-24 05:22:34] [ERROR] [api_router] Transaction payload payload_hash=SEPXJv9S3S44/uC/qpinBMpfs+Is0L+ifln/Q/PdNRF00M2VXvNVPiu4yCHLEt91A4gIPq8LKERDme0VgD/szQ== processed in 499ms
[2026-08-24 08:40:01] [ERROR] [api_router] Transaction payload payload_hash=r4FsDBLFNlPjZQYuGArc+DHNeClVRliPnlwRr9jggNA3De/onpAykRL5bL6v4jKjBs/ft9x0gCXcQNEKG4Oc6A== processed in 81ms
[2026-08-24 05:02:21] [INFO] [api_router] Transaction payload payload_hash=YxFHZMO38aUn2DReWuhkILp8RyNqRqai6Ka1e8W9EIikRCyn0zqbnxHC2Rv2aM8sGw1BNYPDBVR5zq8ziZ+oZw== processed in 26ms
[2026-08-24 08:49:18] [WARN] [payment_gateway] Transaction payload payload_hash=j4QQnY+ZVIGI8pfcrCp5TFpInZCL6I/fRIv1efc2sEye3L+DMq64D+flFfRVeLS0Z/V1hD06QK7lfkI3APTCOA== processed in 240ms
[2026-08-24 02:26:08] [DEBUG] [db_pool] Transaction payload payload_hash=MueURo7mfvNV0Cmtkrr+XbBpnkg4REb7rfuDTET+fxutGzLY1mBC6ddrttalK7BCh7+EPsymttTYZtiWMtmegA== processed in 168ms
[2026-08-24 05:42:32] [ERROR] [cache_layer] Transaction payload payload_hash=4JZM9OZh2GQkjt3UM7HCCVpX2OW9coGdd0lfoHyOMqigJN5GXptPNtnFksz/VqON7L8eMqsmuDgmWn2RwcRqbg== processed in 97ms
[2026-08-24 05:42:40] [INFO] [db_pool] Transaction payload payload_hash=aojN4+r9zNuZB9S/ZrQmCxqPgwBXD49FGDPBDVbY7dsHM6MSaA/YHJnMD0o6VmS1J0y78oze1abGPBdz+passA== processed in 243ms
[2026-08-24 09:05:16] [WARN] [payment_gateway] Transaction payload payload_hash=Yydndx8zIfmh1z5sqhQ7+augZQ2CslIqS3DHGhLNmQcQMGsXyVceS86s3uqjMoGQhTjeRgM+ThpnfByQ5dwHOA== processed in 2ms
[2026-08-24 03:19:08] [WARN] [cache_layer] Transaction payload payload_hash=Yb/rs9tB4sYKEPJWfu/W6ntTu6NwBAtghQwebIseBFjNNtMQ65KhwRHVfcsOScYZOUZpO3yD4nAjNtzlZpArSA== processed in 429ms
[2026-08-24 07:38:49] [ERROR] [db_pool] Transaction payload payload_hash=tR6wU0BZbORlfkGpklzOe70mvJhO9U+0uNlwiqcGLr+m5rhtNfvqRfFj3ZbDQjvhr/sMs4afPSo7YkwfJnnuHQ== processed in 318ms
[2026-08-24 09:48:00] [WARN] [auth_service] Transaction payload payload_hash=lRyljnLLDdsTFkt7fJ+njGdt1rFkfZkTw007or2P1yPG6CWVv0xlkKFsXZbn5yKv9iMkeo6W+RBCBlUoilIvQQ== processed in 162ms
[2026-08-24 02:51:59] [ERROR] [auth_service] Transaction payload payload_hash=x37Y86upujPUxj4gIAi5NGesFBgHl6R07UeLyVJZ10Nh68wvc/Sdt//ng+g2BVr7jkd4BDsO3W8uMI15uciI+Q== processed in 103ms
[2026-08-24 07:47:40] [WARN] [api_router] Transaction payload payload_hash=BKCJXZB135ricishUfSWSbgJx14CypwXQdgCDzNUmIxDbYds7eIkQgjzDnn6QfNX5zQ+KhrL2xhb56GcvTp5kw== processed in 376ms
[2026-08-24 04:26:41] [WARN] [auth_service] Transaction payload payload_hash=9UQGloxIoNNdJToEmTzi6uQ1doPlTYftON4/Nfx548hgMO5eaAF6MZtjT5U/j3d27t+kpa5wUU9jnwMtcOJtBg== processed in 2ms
[2026-08-24 11:05:56] [WARN] [db_pool] Transaction payload payload_hash=UssM89iPT0LCajCbvvaq12pXidrBnhL5BwCbsOuiDOMj/+paCN0Y1x9+I+3AKZK1o7cMm1ovZ35Obuk6JBcGkQ== processed in 154ms
[2026-08-24 09:21:38] [DEBUG] [api_router] Transaction payload payload_hash=tvrHv1xEoRHyB8v9+ULJKQYKr3f7EOECs//WZbuvhT59tz1zODzWg16JgCoViTMq7JQPYgpFzSP+9NPdDq439g== processed in 369ms
[2026-08-24 08:34:04] [WARN] [payment_gateway] Transaction payload payload_hash=4NEIMgY/ouhO0p6wFWoXZlsJCOD3o/BEipcU9eFmGg2HIrnzxjyf9KDX4/ZDzzKg0qA43joUH+BgJRmz0/9s0A== processed in 497ms
[2026-08-24 06:15:41] [INFO] [payment_gateway] Transaction payload payload_hash=ljpah5IZRBTNxBzjhz/RcMEleQu1q/BUJxNN2prrNwMg8vhQiHHYKFcOgaFguTXs5DT4Jzivgq+WL+HPFnMBqw== processed in 320ms
[2026-08-24 11:03:51] [ERROR] [payment_gateway] Transaction payload payload_hash=IvWDL8u8v3hyzLsdYwpkDZJwmR9tiHifzhj30YPLtk1Tlvv5f0oLI12SAspxH6/3IjMbgUkdNWCR1+gt903A9w== processed in 398ms
[2026-08-24 09:36:22] [DEBUG] [auth_service] Transaction payload payload_hash=lC59DeLNi7v/AqS3t75Os7v/tbO8H+tJkXgpoc6phX1Q/0AF3xEnX0Cw0gpIWe2pdjlUjKKimwbYe1ZH8ySgTw== processed in 474ms
[2026-08-24 08:16:43] [WARN] [cache_layer] Transaction payload payload_hash=akOCcogL+W1i51TXgxLm3E9jeQN7bonWh7CS6owAgzS5QSnyyEkDl60pGOiCZRJa8ChZHIb3IBBxV3erJ0K/rg== processed in 170ms
[2026-08-24 10:20:28] [ERROR] [api_router] Transaction payload payload_hash=qogpVTuEgxY08q/Tz9PFRwPEqZxHiFqGnDCu4h5p0tK8WzvghmTQCQgLmXKrGtl+h9nIa/COztGIx1UzII0pLA== processed in 395ms
[2026-08-24 07:31:00] [ERROR] [db_pool] Transaction payload payload_hash=K+WGr3dhYUgNFb0Z+r1sg+f4XgrxYuq0fRsJsFcdJiDMSwEkmXyhdubP/1k6bUBWTZm0AyMWpYbAvc5G0yyjmw== processed in 294ms
[2026-08-24 10:28:51] [INFO] [api_router] Transaction payload payload_hash=Xa3mVcT6nR14ww2Em3QUZvNfrhlYF20oyqEp4jKfKnZKH7AcGuFam2+vP2GPuVFjaGdV34grZg+T0FOoZSVuPA== processed in 41ms
[2026-08-24 02:37:33] [DEBUG] [auth_service] Transaction payload payload_hash=z4Sg38kX7wSL6i17qWacNCKsF6xtzpIdozTCLlVghMF4uc8FjYEIjcDJobMXnxexUmilJxe4MOuhvkekAinyxg== processed in 143ms
[2026-08-24 08:23:36] [WARN] [api_router] Transaction payload payload_hash=stDbIXPbj3d5TUO93hCs8Zuffk8x06Ibj2d4bEmw+EiUXlwD/ptLt25MvTgrHeQYuZusnURNdmMIJ7Y4tHBvWg== processed in 267ms
[2026-08-24 02:53:12] [WARN] [api_router] Transaction payload payload_hash=Z5jcfWQbZM6vN1054IgEZGgNL9t3iBzFJJocdxy8OpnlwiigGeXoA4o6rxsrJSjWJGM2Dz5g+e1vyAynmgtcwg== processed in 260ms
[2026-08-24 11:15:15] [WARN] [auth_service] Transaction payload payload_hash=jt6xw5E26pcsqsyIiZMS1QyPl8lrrlrrwGz8YaBxr4s8SQBlYbOnpPB57NWPVPwwmgIO5/GH3tp2cRI0U2qwqQ== processed in 390ms
[2026-08-24 02:37:13] [WARN] [auth_service] Transaction payload payload_hash=m0uEfWTmLQdD15KtcZWRb3pDXjRFN6Spejt2jXa8lQCX8qlOfKdd+p/1Ai5IQPOrW/1SJkDD7GjSBxnbHSKUWQ== processed in 150ms
[2026-08-24 06:38:21] [WARN] [payment_gateway] Transaction payload payload_hash=OPXNUXwtRvD85Sj/RnGo4SNeFnFK5SRIwtzEM6UgVC958tkSC0Pc9JEE+gbpYEpsEr6IeoVhp2Cv+BlZU+VgwQ== processed in 308ms
[2026-08-24 03:47:44] [INFO] [db_pool] Transaction payload payload_hash=PHT6cC89f/n7nTWb/gR7ZAXdwH9tO6zJc2APaJ4GILx58Y6k3rIVoG3pmZj+jnYHtCP6Ng6kDw2NorRm+jwHRA== processed in 431ms
[2026-08-24 10:59:39] [DEBUG] [auth_service] Transaction payload payload_hash=dCX95Fxzx4aycZLc9nuQJfjSJpZPzuk8pguAdMKlyeNov+dCJ6balyoC+vGIUJUE9nG2kwdRBwmNkPpw7wbXoA== processed in 201ms
[2026-08-24 03:02:58] [ERROR] [auth_service] Transaction payload payload_hash=i6RJgy/dxkhRGKtnJRuSTYhL1R6D+MqDS0peDzqnWzcxj7CyjgrsSH84V294tfFOyCQpIjm2WtgL4uK7zh/JMw== processed in 58ms
[2026-08-24 05:29:51] [WARN] [db_pool] Transaction payload payload_hash=JxXpbruRgveXHF5MmovzQTM8yAEEMp789psxmqvG2GeVJZWhLhJTP96G1TZcibHC6X7KYXgIa2PwF4/R4grdZQ== processed in 454ms
[2026-08-24 05:34:09] [ERROR] [auth_service] Transaction payload payload_hash=xeB6btGz82l5fsH7T2jtXWL6fMZPQHX3jqUmDKKEl76FHAogO80qJC/BPX617TmELc7repsZtWZKIpJvQSDpng== processed in 346ms
[2026-08-24 08:46:52] [INFO] [auth_service] Transaction payload payload_hash=ePQecjmIbZtpAEe81c8y26gbYk2SF9ng5O13PkVmvFMPO1D9RiD6zP2XqnjwfiLOK0ycx7eSdkohE0p1HuZX5A== processed in 418ms
[2026-08-24 03:48:09] [WARN] [payment_gateway] Transaction payload payload_hash=7NpeDfYjxia29JQZMeBnXLYeYLfj9V0hcAxkMfb+sRsND3cxVruCDvQ8zvCn0Zk/YTWEE/InPq5S3iT8z878XA== processed in 334ms
[2026-08-24 10:58:58] [WARN] [payment_gateway] Transaction payload payload_hash=EhLFchXRE83OPxDLyplxMK8C3Fgo1I2zYWIli0kBsROEFJlhHX8ynBwpvNHXczJhafZ4iDc79MC9Rce2ihijFg== processed in 328ms
[2026-08-24 06:35:54] [WARN] [auth_service] Transaction payload payload_hash=23rgUBa6pX2I//7kcQTP7oV7hctlbrzyiGBnqsK25efcGf//gSnsyadseL4ZDa/tUKape5EHM5U1ZpLPmBZx8Q== processed in 135ms
[2026-08-24 06:59:10] [ERROR] [auth_service] Transaction payload payload_hash=Y5QgZKKJoh33McDmbTMypOZzrs81dIugIbZCxEfpDjXxwnThX/XbZFr8cru70hr/GekaOgxD1I280RivpUPvbw== processed in 202ms
[2026-08-24 07:01:15] [DEBUG] [cache_layer] Transaction payload payload_hash=Yw6D0U15w4ngjjkq4mT0JCpXjDr8SsywsBf8BJ/AfnNtv7WDLuRGaFMy5SBHiAxv0Su28qbq6xzpLCprdEeFXw== processed in 104ms
[2026-08-24 03:49:27] [WARN] [payment_gateway] Transaction payload payload_hash=lFZb5IDxRG3RXPHciqMG9Uz+j9x2rpUw9xyG5f4Hy8AAFieGfY0KZ2dLZbM0FWmbEj21b98Ne3DM+E+W2VAceg== processed in 261ms
[2026-08-24 03:56:37] [INFO] [db_pool] Transaction payload payload_hash=skLea0htbMyfbwWkGeWRRU8crrddfzgdGVo3BKePzpf8YwNmvqZFS5LwGazRnxcY4hIMckyls4kTmSqyYPQLnw== processed in 100ms
[2026-08-24 04:50:34] [INFO] [payment_gateway] Transaction payload payload_hash=pp8iql/DWTe6mQiNt4rTlJmN1xGlEKLw2lfHfFLOOPf73FXsFAWXHtnIEW8CV2Zd70AJDZswbN8P6ijzuTZkeg== processed in 433ms
[2026-08-24 03:20:51] [ERROR] [api_router] Transaction payload payload_hash=85+fLXs/fyyFcjiglpdTcvNT+JcSmblOXQQL2XbLM/6ZNPHHoEvpcUuJbrYX4F3viSyIoqf743eSQ7GnNvuMlg== processed in 269ms
[2026-08-24 05:47:24] [ERROR] [payment_gateway] Transaction payload payload_hash=TVNdQacz5slNYbEod5mfickJn1NOpzRfVsCq5uEzFzeQLrJfTcjaLot+o5tdBHuzjG4Kx43+5Nrraf5+LfazIw== processed in 96ms
[2026-08-24 02:21:05] [DEBUG] [cache_layer] Transaction payload payload_hash=/ajcBKy7rR39PdzOiLkLaazVLQhehCn8zvi1NULMCM7lABJqZq+XIct78DUgdZ9T1apW8NhddIFn4brBP+q9HQ== processed in 171ms
[2026-08-24 09:04:02] [WARN] [api_router] Transaction payload payload_hash=0mA4csygutAbRiulgYQrUCJCqLVdz5/7LuH0B/ZR5XWl0QZSFUtn2IJ1v5TlhX7tH3EqqJbD7NgGjjNyuLs9Cg== processed in 38ms
[2026-08-24 02:54:24] [DEBUG] [db_pool] Transaction payload payload_hash=2zdQUQ9Wy3iQCeOUe3EdtnsHA/ftZl7ABHZIagt1GP7qSbtPk1I89/iJ8rGIBfeB/Mx74YtLta2AqaydnxDWSg== processed in 95ms
[2026-08-24 02:30:55] [INFO] [payment_gateway] Transaction payload payload_hash=giZFKiVPO/T73Et1gMioJzm7/1mmqqMB6kVSsyP1TWrkFIEY4rxdIgcrUM7vm8QtgoQ7H4jR5/Nvn9397x/GbA== processed in 259ms
[2026-08-24 10:29:53] [DEBUG] [cache_layer] Transaction payload payload_hash=/G/QO8tgp0Hf8Vb9lOy7pkmun+c8gIs7Cg6vXdNa+d8y60bos96gY7z14h8w6Z9l+bN72CDiCRzcz2fatwZoHQ== processed in 494ms
[2026-08-24 09:42:32] [ERROR] [db_pool] Transaction payload payload_hash=LKEdrWv8ZrlIeFbDdV8iTb2r8MU4ylptL+9STl4LrIQNM/OFdYFe6MTD9iHYcCCFTVyi6STKZw/lPUuxNh46zg== processed in 3ms
[2026-08-24 09:55:48] [INFO] [cache_layer] Transaction payload payload_hash=DAgjbuaKGSbSny6+jIvTU7HC2E0tBnGdotq6523saUGvvk4bzEW+qQZ+esiqTK1JH1VB0d0kDHsdWAk1t6ogaA== processed in 56ms
[2026-08-24 06:12:38] [DEBUG] [payment_gateway] Transaction payload payload_hash=BWk6etFH7FXL9lzKnnA2DLO/bMUcH3o34yjlfclcw7PtyTaEei3LsmsjSUWg7dBvxhuVOQdiREBTISrTReYfzw== processed in 52ms
[2026-08-24 10:42:20] [INFO] [payment_gateway] Transaction payload payload_hash=V1PUW63j/m+6X96Z3FCgIiGr8rCuTzpbqnd2qCqqFoJmzDK8TH6qDefeM09x9gpwpyML/32QbHAmzhEMPIaPbg== processed in 199ms
[2026-08-24 04:28:57] [WARN] [payment_gateway] Transaction payload payload_hash=2rWU0AGBjwdNv+CnEauvFu5H6HLmTzRi2Kva7lQOu2vlOqcXRhV1pF+VcAAeHCTrNt42jyYzAKjcQU/at5v0YQ== processed in 123ms
[2026-08-24 10:50:01] [ERROR] [payment_gateway] Transaction payload payload_hash=xfiliDV+TVVFhL4s+Powlq0ohhbxDMtIvy1wGI/GBa9RV8vE/rYUklbnVhTpnbT8BwKKm0t4hwD55FzOuPK99w== processed in 423ms
[2026-08-24 03:19:25] [INFO] [db_pool] Transaction payload payload_hash=0J9C78wN6yf2iBkGxkJxl/Tm5HLl69jlFNxFc095CU67iQbLnsv8PyK/rQEjOdhMqLrnDf1EwI1XBSPWWD+law== processed in 295ms
[2026-08-24 08:09:29] [ERROR] [db_pool] Transaction payload payload_hash=ylqvGGx7AayIMaNfTTVBlSpmSxr942PHrxiwR9hfP5xkTfGaRWca3wes9FUAjeyRrLAIgN0ho+I8DS7rcPj5Mg== processed in 427ms
[2026-08-24 03:00:11] [DEBUG] [payment_gateway] Transaction payload payload_hash=iaFlqdLGneCpYoKPuEbE/PVXtqlA6xegRPXVXH5vshF6ycJlHS0HXb/0aWxhsrAA5RyoGhE+x1FD3eBjZ/OdPg== processed in 49ms
[2026-08-24 08:15:44] [DEBUG] [api_router] Transaction payload payload_hash=6Put9GHiKVdzBCAR4FCEb+8Wd8iIJKNbG8MHHK6HCm8O9F/ApM8P3ijXOPJofJUW09OxdGHuwnUrGdGSz7C1XQ== processed in 404ms
[2026-08-24 02:46:59] [INFO] [cache_layer] Transaction payload payload_hash=PZs39crVCmWD0SH5j+j/BeIQBUivPEPbAR2qXFm3JOiHjoJE/YpDw34qBI6RyOEq1PFdnEkbcEcqoS+78yXzog== processed in 151ms
[2026-08-24 08:31:07] [INFO] [payment_gateway] Transaction payload payload_hash=c+zhBtc838Czz2LUHJe8o3UNtcPxQIAjYET21GH0LD2YrOLRZf09f3bplCnv4pk07JcSErbaZ59OvCANuhvrrQ== processed in 24ms
[2026-08-24 05:50:08] [INFO] [auth_service] Transaction payload payload_hash=Vy1w8wgxDvQ1LWoZDYb+MChUW7gbTVAPWE6LqkDiipJmkV6fLC6b4EywbIgESMWhunF7xGpmCwd2X4aV+dEXvg== processed in 323ms
[2026-08-24 09:40:53] [DEBUG] [db_pool] Transaction payload payload_hash=ewhXdegFHtKzs15+2jBqTLxmx3kHLvrxXo/9BwcjwfGHM5rG+AmhzuFMMI7yjCydbwndTEarZC5OGCyrVLgwMA== processed in 384ms
[2026-08-24 07:48:50] [ERROR] [cache_layer] Transaction payload payload_hash=VdTGky6e+PylV5+iuvEgSpih3S0EVOsZSde2JrRGqRZKRzUlHI5bL+9NesPWKDjJRDOL1LNtVVSYu9S0++J5nw== processed in 339ms
[2026-08-24 07:24:42] [DEBUG] [payment_gateway] Transaction payload payload_hash=b2tq6+g/tZwDD/Cmkwrd68MIdhVf9t+oCFOeRWbvW1bJX758g6w+z8Ny36N7lEs8whVa/gouur7Fz3gppW7zpw== processed in 335ms
[2026-08-24 08:10:49] [DEBUG] [auth_service] Transaction payload payload_hash=Mp36bY1zlIkV+fFDdYOC/EWa8slyBYOR9ZhvI3CEarGC88Tmewba7yS0HuEzAoIQWyFPHfky7BuFNX+04byDzw== processed in 181ms
[2026-08-24 04:15:08] [ERROR] [payment_gateway] Transaction payload payload_hash=J20iTH5zDpF2s+Pfqi27GRP12JnTovlYPbAy+EWaJ2algduo3VzHNBYD+HmRAuhgjT877FWK7F98B8BEd3KUmA== processed in 138ms
[2026-08-24 07:56:00] [ERROR] [payment_gateway] Transaction payload payload_hash=+iegXu4Udrzx3d/yIvuOAl8RNgtbygQXc8XgEoNPF3hcFO6mJ55hveYvMV+2sQ2TBugIdN/eAn+6N1muU4TYaA== processed in 439ms
[2026-08-24 03:14:24] [DEBUG] [payment_gateway] Transaction payload payload_hash=4/bvnea9XATV1GzeEayhQV+RjqBEBilBeqREO3ucQe32Dx9HGq2KlacaB2YmAnr5jmDkZBPUEUrSyLQ7kpgTjQ== processed in 254ms
[2026-08-24 09:18:46] [WARN] [api_router] Transaction payload payload_hash=RdFKvnErkRr2kjqVBfBg1rWs27gI7ApFOH7AtK1zLIcqvF62Ib32mZr9CdnjT3uKOIN53FDmNcjTggeWdvSVyg== processed in 213ms
[2026-08-24 07:59:10] [DEBUG] [api_router] Transaction payload payload_hash=amvk5hTks+wRo3ZzLRxUKA3h6loy/xn/C9G6QUOwUnRZWJsfEvweSUCrKOZ0wj8Gg4vXvb5aB0Xxe/0MW0BCXQ== processed in 337ms
[2026-08-24 05:12:21] [INFO] [api_router] Transaction payload payload_hash=9bc+1V3+5aNwNi4DRS101S4ix7LAE/Saz6ieDGb43POfM/bef3ri6P8+yy8aw/oZUD0hKB/sTLzPgndoRq1JTA== processed in 79ms
[2026-08-24 02:17:09] [INFO] [cache_layer] Transaction payload payload_hash=WWDQsMjq3wA51GAO/bvonFJ4nARyIZRO7RpwzBCdx+ZrgPlz4gRzqVAcspjA2lRQSALfxLoTa4rQip3eGIQbbA== processed in 324ms
[2026-08-24 08:43:38] [DEBUG] [api_router] Transaction payload payload_hash=W6tqVF9nXikwmXEJrzPtRW1PucDkI11y0JQO3oHiw3GtmfhbGts+00LooX8L7iKysNKrPtb13HEqwwVRQKw5rA== processed in 425ms
[2026-08-24 05:59:02] [DEBUG] [api_router] Transaction payload payload_hash=R9u7RsD8EPKjHIJ2qM0H+e+7b6Kl6XjhNzD35MkJenzIRTL5fMsuCBVQ/VFmbdAL/2zhhGBEM9QN3QSIFQ3ecw== processed in 321ms
[2026-08-24 07:46:46] [DEBUG] [db_pool] Transaction payload payload_hash=PaGnzMynGGe417QnVDyNghdE8in6MVOqogEH+6qRu7yhknNmZ+VaYu9krVqNznAqihRpE+/HanKM+qOFEWogvA== processed in 478ms
[2026-08-24 08:06:51] [INFO] [cache_layer] Transaction payload payload_hash=xxw5Vu9BdedssHMlG5fV4cxCdSz+4fHDdfPG4iQTvh6d4Jlm3hoTcXO7oI00SUJ7P2gL2Qw7vGXyqybHBCeRQw== processed in 441ms
[2026-08-24 02:58:13] [INFO] [cache_layer] Transaction payload payload_hash=q0j5Lqt/TM8MZ3rFvRNkVgNy6t7IlJ2p4j48faDJE8nGvATWgojOUe7Yhra5OPV2J2ku4GtQsg8EoxjfThyicg== processed in 117ms
[2026-08-24 11:10:21] [WARN] [api_router] Transaction payload payload_hash=3FeUBwx59RhfNkoqEpfe8CpbMWqkzh17BnlZah/BpMbKpAaIQzoP8Wj26kc6AIG0LWMfQOVOLNVQrgWbjCdyhg== processed in 407ms
[2026-08-24 07:11:22] [INFO] [cache_layer] Transaction payload payload_hash=d7iXW3aJiu5P/XlTi/+SymXtOaTGEHM4XJT7dbX7cGawP0nCRpeikvzdXy7VGygxKAwuHFVwcyZsnm6WqkstnQ== processed in 394ms
[2026-08-24 09:48:31] [ERROR] [payment_gateway] Transaction payload payload_hash=3jaLcpjdmFq0CEmNfdSoWAUB1M6I4mxr4gfiVzG0Ysh8cgkOmeWzu/DzDZkxZ4eS4MV3DhTmH/Qw9XesOieHbA== processed in 373ms
[2026-08-24 02:59:25] [DEBUG] [api_router] Transaction payload payload_hash=xf+oMnnZquHuX+Zmz2OiIFK51DHMGq3iGcpXHt7rB9FIkhxrp2EeFv/Qxn/0LrYcHswPq67FU7eGyjzJHdrwXA== processed in 138ms
[2026-08-24 05:38:53] [DEBUG] [auth_service] Transaction payload payload_hash=J6WE1kd7yl5Ngnp65NgNgwiX/xF9WH+wL2VdIdJSnJKxAil+cmcHs6ALenwAzTXFchpRjgiAksPnDiJItXjInA== processed in 134ms
[2026-08-24 06:36:14] [DEBUG] [api_router] Transaction payload payload_hash=z+rE0EUEFDJyFpLdBOttOL7Mo6qLbkQjaAcMWlWC6Hx8Ib4TLp0XyU3H7Jnk21FzcoHEgIJZ5oSSeINHlg6eOg== processed in 376ms
[2026-08-24 07:47:28] [WARN] [auth_service] Transaction payload payload_hash=cbABw/qX7fEV4wAWnGmpWTkjhzGN75u/7s4pJiJhbSGDIHIH2d3UaedajGmgQ5ganDZ8GBgbQ2/jXZFxi0dENA== processed in 369ms
[2026-08-24 06:24:18] [DEBUG] [api_router] Transaction payload payload_hash=FO1Ne9KnEn5+FQdNlXodZtJFfDztF2bz/jjzQXWrd6ulOCc1edgvc1KgftjV99JABDs+O7quR9W6IAy4iYr/WQ== processed in 49ms
[2026-08-24 02:16:14] [INFO] [cache_layer] Transaction payload payload_hash=uv5qQ5VsxKiLd2qqCEfDsol5Gzbxa/lgIcWLm2A/AMFXsnaBcQNdMbJUJKM1LDJOdjrzFGO3l7zcFqlqYqB9Vw== processed in 108ms
[2026-08-24 05:09:27] [ERROR] [api_router] Transaction payload payload_hash=+ECSBBmGdwdJUpZXzW/3zxKmEzj4714W+51GJd9l+UpKCccFnwgZb0B16I8gbPrs4ZWrkLimFXGVFCfGZHK3Yw== processed in 132ms
[2026-08-24 08:02:21] [DEBUG] [db_pool] Transaction payload payload_hash=HXVU1S4jkYw1+lxGd8YsMl/77H0DNZXb9fdZKpKpuLWgib+U34RB+QQ8fe6JkTxbDM9OwgeQlymClO7WAcxjcA== processed in 329ms
[2026-08-24 06:33:14] [ERROR] [auth_service] Transaction payload payload_hash=HDRvAPXpF4ayAaOGb6mPdZKLoFStXthxQGQsvJF+JR5gpOUcLx96DbHS0fXaRjWDfvfd3UPMqBMor1PkS7bWvg== processed in 54ms
[2026-08-24 02:37:18] [DEBUG] [db_pool] Transaction payload payload_hash=JTIEyrAybADqJ91pWrynZLCqqclqybprikP+wa1TBlxPx+9RYivnDF04KkKTnHcnvhrK9Agq0a+3hwPKHr1dzA== processed in 247ms
[2026-08-24 04:11:48] [INFO] [auth_service] Transaction payload payload_hash=eNT9/8XAtmc/qj1wO30Wvm7jjlajqCa9jtXnfeZwTGWTmk+hQY9rvdpXX21ivv62JznuJOHt/XlMRQ7SBNrT+Q== processed in 342ms
[2026-08-24 07:56:42] [INFO] [db_pool] Transaction payload payload_hash=5UJ/nIiUqjM48++X5kjJtBDl+F071P2HnvUDWfqMDnCminza04tMhwVMAKD8wt6vEDjNNl2UyIKZ0LMwRKDMXA== processed in 288ms
[2026-08-24 02:27:38] [WARN] [auth_service] Transaction payload payload_hash=hR+z1lORyDdhCQ+cipJNGnFH2rQn65hzc0V7V7BiC0avGtGGYFM6hAYmLzEXssoKRyoBZUKV2VwEgN0GgmkTqA== processed in 296ms
[2026-08-24 07:41:12] [INFO] [api_router] Transaction payload payload_hash=b1gi8maVTqI84Me7RElxl61HFuS2x+70gWRl9WeeWpsBk7vtoV8wjcpRVjtSWha88kCRTNrBKg9k9V54EPcFJw== processed in 70ms
[2026-08-24 07:37:56] [ERROR] [db_pool] Transaction payload payload_hash=9b9wAByJ3zxl7/JE8V7eYgRJG93NkulL+2O40ybl99a94QoqGyPrSjKM4K6JWTdcpdG6D/fWqRRZCxu20uQelA== processed in 75ms
[2026-08-24 03:46:09] [WARN] [api_router] Transaction payload payload_hash=L6dLgzGsC8nDPNNGBqKSYso58iVHlG6wvwXobTIzHO5pOy1lz8CgdZiFpAouWpcSnevuzTS0tCD83/pHdmuEAw== processed in 397ms
[2026-08-24 02:27:08] [INFO] [db_pool] Transaction payload payload_hash=kq3bBQqUFfuWoYtAinax0sSvcs4sRxv5BISioQogdO1mjEbGEJyy/V0i1/PPoQlmumGve38dcmuQox8XbDJeYg== processed in 109ms
[2026-08-24 03:12:16] [WARN] [payment_gateway] Transaction payload payload_hash=7u38sMiLPYgGTFLM+wqk7e96GGAT+tisMqqhUEQuLBCVV5Dle0kUL7KyS9z2EpeIPUZa41XBNspLdqRoeRmY2A== processed in 425ms
[2026-08-24 09:51:50] [INFO] [cache_layer] Transaction payload payload_hash=GpfkEgC2RjMfr7p9ptEk8Kk4BSUi6RoCBdBPwmckD3nIb9MGzMQHPG6/EgFinlE9M9SEMoLziCBxL5+W7CtTdw== processed in 104ms
[2026-08-24 09:05:22] [ERROR] [api_router] Transaction payload payload_hash=nIw6La/Yxsyo1drDwgJU91kgY8SZAGO9fse9vfdjztVw2zqNNzwMqC4LtpzZWycFCNTHB6/4pg8d12b4z7pzWQ== processed in 183ms
[2026-08-24 10:34:17] [DEBUG] [cache_layer] Transaction payload payload_hash=gT6pcVEXrQZfAxbJ3GQeFFHoY3HRXwjZ2LcuNUsbmOmooY7AAMvCLxfMZLCD2SOwOJUslhh5uwmegslQVeJyMQ== processed in 43ms
[2026-08-24 10:27:05] [INFO] [auth_service] Transaction payload payload_hash=i6uO4kBUB9dkfRPbBXLBs8Y2txOSeenFCRZsOXIYp00jhSp9kk76z+s5tM3+WKRBKI4dM2ZkO6clRyuyL5BxSw== processed in 363ms
[2026-08-24 07:00:23] [ERROR] [db_pool] Transaction payload payload_hash=o8gqCXEFkaW0lqZepBzWkaEL7DnqYeD189Jd6sC/gW48u0zyu6bKyh1KpRqGXS1uM/6VizdmfzXfGdShqL3ckA== processed in 362ms
[2026-08-24 06:54:32] [ERROR] [db_pool] Transaction payload payload_hash=Ege2JAvk8z+F25pDeUUIv6ieX8vTJMHuP58xi6nPFBHtTpPT+ILN3jSNPplc8TLtBDBwB2lYbDNHN0uXN+7lLw== processed in 151ms
[2026-08-24 07:13:33] [INFO] [cache_layer] Transaction payload payload_hash=UveYN+xq03wB4BONOCletCOAEU/C8wSr2uKRlbIBjwQAXmoMRGqZtocQoyQqg5eZ2c3URfCFAvsKJJ/U4uUeOg== processed in 256ms
[2026-08-24 03:50:07] [INFO] [auth_service] Transaction payload payload_hash=Ay/jevkTI86P0B8npznu9eIiBYV4nhvUeraedq3N99ChYnIUSkWx4ojD/0FJlDfH4Q/v+Ll8ZxXt0ivPU2aNBg== processed in 399ms
[2026-08-24 02:58:03] [ERROR] [api_router] Transaction payload payload_hash=AKKRJBKAxxQi2IyNCqzMSonHOput9j91kfu2KvvxkifIysvFqL4KY8eyaqjiZXpD68XBhVxwTHLqyfQ4kw2Pyg== processed in 412ms
[2026-08-24 10:13:02] [ERROR] [db_pool] Transaction payload payload_hash=tGM/0TjX+jD6/TrM+bYp1sxXAm31NdGeAqqWXDfKZwL1xNvnXbp3hel6d9w8NqpJVvec4ZCjeSVNm19kiY8kJQ== processed in 149ms
[2026-08-24 04:16:08] [ERROR] [payment_gateway] Transaction payload payload_hash=ekXhOL1/NCOiQ3jnJ4fFLxLyvhT+LSzrQMFV4TiKRUER91vCBuuyt20OFxAwh4PNIkr/AGLDBigpmDNEdU6Hhw== processed in 68ms
[2026-08-24 03:47:08] [WARN] [api_router] Transaction payload payload_hash=v1j4Orp4XGV+QH9REQ9TEEhDXIeEto5IBHhmzbcZeNBa+D9iOeyHTqURifTSfl5KkrpcOX93pT2I2Uskpa52Iw== processed in 191ms
[2026-08-24 06:39:07] [WARN] [cache_layer] Transaction payload payload_hash=UvxdZvJ8IrwGzZlYxpefdIWYe29+8VjUUALMuPOIFYKj2rSPF4kPdH571pnFoVWFi2fuN6buOhEFgxhply88cw== processed in 183ms
[2026-08-24 02:17:30] [ERROR] [payment_gateway] Transaction payload payload_hash=H9U+SbftTVJ4c5ns+m/bO05WUbwJWAqzhYONIEY1/3LYMUDWqB6Mk70usxwhYPuTz6bmujivlgtejPCh1QDrcA== processed in 483ms
[2026-08-24 04:16:42] [ERROR] [db_pool] Transaction payload payload_hash=ALbdFdowJAmyxwH1qNUkJdXF2ao2IWajJ6qlSABIqM5B/HGOiU8zt+7Yyj5oa1kwlKPmye/bQP8cn1U/htZiEg== processed in 402ms
[2026-08-24 10:06:15] [WARN] [db_pool] Transaction payload payload_hash=IH+unKyDERUzkuccZZ3AOaC20VA1n/wKsbHJrvhzdN2fXy0Act9VSKMbabsrDCnistcW/sPlmXdmKqTyLuROmw== processed in 456ms
[2026-08-24 07:17:14] [WARN] [cache_layer] Transaction payload payload_hash=/OYCVtWHn0asx8GMlvDyFOEP9VYdJgRqzQrgFlkj/oacSCH/cTb04GiGYbfccjPS3gRqv+NVmDEoy68G+NNUTw== processed in 111ms
[2026-08-24 06:06:40] [ERROR] [api_router] Transaction payload payload_hash=M2e/tY+B2OEjgNc1Fa2a+HVWdcix8R82fpRy/O2cRA0eeL0CFYWHMeyIwVH75nG+AI6SWfCHLkSFLB+MOfZXQQ== processed in 99ms
[2026-08-24 07:37:08] [WARN] [db_pool] Transaction payload payload_hash=m80r8Q0t4se0aZf74uyvNMVlDl0x02ZzlgdAx1cmA4ordGh/iBB7Mo2p3DCyfblZRpjhxKriPGRGqAPC7v3Gaw== processed in 364ms
[2026-08-24 05:22:39] [INFO] [api_router] Transaction payload payload_hash=XnmcUmfcDhpZoqIi9p4dspO3IcZUKqNojZwnHY+N/h49gDw29Jw68ATvcoDCpAEMsEqddJN2Wzns2GUvbpDKaA== processed in 171ms
[2026-08-24 09:26:15] [ERROR] [api_router] Transaction payload payload_hash=USKyHWQsn1MCkyxRwaXwe4Ua0tDBPsKwSwTY3Zjt2qXS73DDWev3yHI8mjlc98L08t78x1AmRAarqtg8TWeRug== processed in 434ms
[2026-08-24 09:06:18] [DEBUG] [cache_layer] Transaction payload payload_hash=tWmNuJIx/sIqh6D/ixKfE1EYOwaXaI/u2PvmXaRS06g+x/KpZreG1qca7POVSNjySoeibGn59B+NF3w7JlEmPA== processed in 213ms
[2026-08-24 03:32:00] [ERROR] [cache_layer] Transaction payload payload_hash=t3/bc7svrnJVvj+fF+cw26k4c1FZp5mN012awCDhZUDdfSeIo2aw8/np3dB9XFJ8EX91fvCwLSr2iz8hgy76DA== processed in 147ms
[2026-08-24 09:01:32] [INFO] [cache_layer] Transaction payload payload_hash=j2IN7wk0SnnCnRH50Lrp82dZZNoPWXxkc1hYqwdZoZUNUk/4EYpse27eG8i06EWy0AjSFdZ//h4haU4dlNkRQQ== processed in 85ms
[2026-08-24 09:09:50] [INFO] [cache_layer] Transaction payload payload_hash=vtRgeQuEs5slSyN59IEocdOPAeFcP9X+w7MV+XYF/OkxZa5a3Kpq7GJnTYo8HISGMAcqJKxZv9mEbiVSaIBYFQ== processed in 426ms
[2026-08-24 07:24:25] [INFO] [auth_service] Transaction payload payload_hash=6bpxhkWmw41DkOjqiYlbjCkzWRIiXX53baBVvg3c8F3ZrdUZr9hfAkh8Bm/AULQ2di8x8vqEtRuA2cvP1uamfw== processed in 436ms
[2026-08-24 11:03:00] [WARN] [db_pool] Transaction payload payload_hash=leD5VtdmpArfVfQU0DzNHAcEKTdAsg7/83M2RzUlSu+OEtIebgMGbCLQgVMSxM6EY7k0Hpd98qRLacLTPMW0eA== processed in 151ms
[2026-08-24 04:33:13] [INFO] [api_router] Transaction payload payload_hash=3S/ijjIDer83ted04Hw5rnsW1WhY6NlKZTuBpQ59bAxLc1rCbcUndEWSNnsFcWn4lqkEcfHleqo7WfpxO0MGjg== processed in 433ms
[2026-08-24 09:00:23] [DEBUG] [payment_gateway] Transaction payload payload_hash=M6YoCWACTDX4CQdcUfLqziH3nTQ3ntKRSJZeVppik2MvIzXNpLtJwXidCHJXnSYINazTo0Yh5BNRsCh6c8u5xg== processed in 54ms
[2026-08-24 03:32:26] [WARN] [db_pool] Transaction payload payload_hash=qetY5NYb/zuM07Cy0FnaJKJDbwDpVcQOit4gJdppt/hRcI02BSmo9n0qgNsN7juXor5EzjUtCV5cO6ailSdMqg== processed in 253ms
[2026-08-24 08:38:30] [WARN] [payment_gateway] Transaction payload payload_hash=nMt/OS+31gOgreeqrKkBv2HrtIfc/JMomNNnxzy0arwLnc7KyqvbIVHzvOYVRnWTnTz5TX3H8ajfGLrDyOSxjw== processed in 330ms
[2026-08-24 08:44:17] [WARN] [payment_gateway] Transaction payload payload_hash=OCVVnSH1KFHz1QYS99TKJYSOQz+qbOd66dL2Mnz9W9fO8UF9B87qdhp0c9Q6qBUNzODcIuBx6FohQPlHy3v22g== processed in 207ms
[2026-08-24 11:04:50] [DEBUG] [api_router] Transaction payload payload_hash=lkhPlmb5zT/8D8eT/YwNxNorVFapxvkUJY/l3PlnLgkPUIv4KA+kq7TXpNLiHKa/woci608dtzRXvkeCn68Kig== processed in 9ms
[2026-08-24 03:27:51] [WARN] [db_pool] Transaction payload payload_hash=Nivr/Z9sS26KOkmaWBucnMOSVR6aJJCCxwU6ldDr49FQ4WSWsOzpuHWGMHvuSWOacF3ZdosCWIcTSE2C6u6wiQ== processed in 82ms
[2026-08-24 08:35:18] [WARN] [api_router] Transaction payload payload_hash=feIxu6I3wDBKtljQmwzq3B4RVRkXkx1i+HV2rfXHJz1P3rZBrfvcyhOLPlCfJpRO8JBTFBgIbwnpP74+2URBXw== processed in 183ms
[2026-08-24 11:08:11] [ERROR] [cache_layer] Transaction payload payload_hash=h53ATS1vp9XIUijHc29bp3w4dbw0YytkXyMugZfF15ZUmJ5SW4pb8NblZYcbxzYUOPIlStosOBg9ylzerODvAQ== processed in 289ms
[2026-08-24 06:30:40] [WARN] [auth_service] Transaction payload payload_hash=tmVnr+HCiLiSVCxSZBFodfnQrZGUXt4jvXHsjDWhYaHeJRZQbI0gvK1LYHRTYc31VKI22x7Jr/os8hdmimAJTA== processed in 145ms
[2026-08-24 03:41:10] [DEBUG] [auth_service] Transaction payload payload_hash=4l+y8m7A1FVZhtCoVlemLHE/lqZFVJN8YwVQp0eDCyYc3kOkPn5iVBs2rctLsknr0G3YbiJKsW2T//shd6t6uA== processed in 477ms
[2026-08-24 05:24:45] [ERROR] [api_router] Transaction payload payload_hash=N4UR1FITbaQln1UPTO2QaqqkbK9mvAb/3ICpOZfLnMCDsc3X2YJn2Vs/YupyOl3IdCLUElajbr4meFiIa+W+nA== processed in 342ms
[2026-08-24 04:20:17] [INFO] [api_router] Transaction payload payload_hash=WW4eJ3CMUrk7fefuRNzc6QK8ebQfp+1nLrm+CiMZuJE2seocRIkuDRiWLAFklZ37ieBTcAX8Bv/PCfNKFBckkw== processed in 244ms
[2026-08-24 04:43:19] [ERROR] [api_router] Transaction payload payload_hash=Q+4aV9YszylWAMM9ypL+Wmx5pcBjQ7DQitIz4ECRjnUKYz59o34VxpOp8eNuEnx/puysM2ggj490ea4ypzcpLQ== processed in 156ms
[2026-08-24 06:34:46] [WARN] [cache_layer] Transaction payload payload_hash=k9UJE3MtG83ulLhBrQQAF7PMZ32mnVkXEK4aPfErAxxMZiDreJiEOESzM/1gkaYzYnHlZ4s4WiA1oWadL4xxzQ== processed in 438ms
[2026-08-24 05:57:51] [INFO] [api_router] Transaction payload payload_hash=imy1R9zqu0MSNXtKO+s2UaNkP2BKgGSAcVqYYThaG+C4pLqYGF505S5jrTJDLHiyHr1sXfdHFSjj51lo2rdFwg== processed in 405ms
[2026-08-24 09:53:33] [INFO] [cache_layer] Transaction payload payload_hash=HVYn877xGISWMKv1JlB7jjUpSwXIZ8PjK9AYVb+CveXxlKyInlfukrNpB91/KMtq/+1D3EN6m04HB6a9jAA9kA== processed in 122ms
[2026-08-24 08:31:26] [WARN] [auth_service] Transaction payload payload_hash=JtGfdE5q9C0c3pE12S0iunhOD2sE1+vpKts2YZ4hLVSzxPYugrzSCCBRFwIbEYv09g5nzIdqUmPi/fWChMxu6A== processed in 264ms
[2026-08-24 03:51:46] [INFO] [db_pool] Transaction payload payload_hash=lt4p9KqDHp4F/7XD4moykLEihKIXe45qUQf/PXYjTo4mw+yoARsQ1bdlQ8u7M3X1WSXyY4HYKk5+YwpW6lM6pw== processed in 96ms
[2026-08-24 03:51:47] [WARN] [auth_service] Transaction payload payload_hash=l/G3HQ8h9FNhJ+1fjXZVZhcv4VCvE61XU/JUZXRdbduxjj03N45q3li9CtMFEPGHrpcRC1yIW1Q4uOf0H18Vqg== processed in 296ms
[2026-08-24 10:08:14] [ERROR] [cache_layer] Transaction payload payload_hash=pVcXk3meZCgXxVjFAWWf0CGXXg8QZOYIbzmkr/Hknzc9QDSe1pBAXd9LB9VIH2NCjkfGU66p5oz0rCoo6oDVnQ== processed in 209ms
[2026-08-24 09:15:06] [WARN] [db_pool] Transaction payload payload_hash=S1OX+CdRz0LbXcxHt9BKeVeTd6qyT8RcIk1kl6nFj480AX1jaameZhtoFAkG2iX/mXuchCkKPDq+17S7g9cFZQ== processed in 31ms
[2026-08-24 03:14:13] [ERROR] [payment_gateway] Transaction payload payload_hash=iovp1uCxoC2rUBYDswsKxzuywICJFj04f1XrXeq/ZtIWhfuHbYwMUlid409CfDAAzMTd/zHNu/zml9J1DOhPGQ== processed in 360ms
[2026-08-24 07:30:29] [ERROR] [api_router] Transaction payload payload_hash=HIsWlWI2+A/JLqGNAsFdmb7HBb3GufCbMlXQ2R1vBTfxw7KwnyXHWWqoohmPIsoeLL1pIXDrqSS1ZcRgq4EGvQ== processed in 331ms
[2026-08-24 08:25:47] [INFO] [cache_layer] Transaction payload payload_hash=u0FUjbh84gjtZLvGvJF1ga8FHtbexxg4zfwA3hrEtnBWHVy515JJQR7DCHGnkHCQ09DgBnaeVD5UN0YpQ6Rn9w== processed in 252ms
[2026-08-24 11:04:57] [ERROR] [payment_gateway] Transaction payload payload_hash=O+pmNyG3TgBJhWOMSJ3aGqhsZjL3gDAYy5RQSdngCfXqMkSmd95INHD16I0HsNXTJVJ+F2s9yc++mcH0lUVK+A== processed in 207ms
[2026-08-24 06:28:39] [WARN] [payment_gateway] Transaction payload payload_hash=JsZZNG20g0ls9sQnUKZV+aAY9D81cUg12bjsmEF8N0KS03JXiD3gDWotcPJIe0Z3Kotbj7fOYV4l+OGN3/seSA== processed in 26ms
[2026-08-24 11:02:58] [WARN] [api_router] Transaction payload payload_hash=+eHc9UsumFdm1wjcZmOt/D0mj8q91nA2dJ25OAL/mRWLZ5Iv2FfgsXYhmdOhJ7s5kv4FCqlUi4w0oyf476voUw== processed in 336ms
[2026-08-24 10:08:39] [INFO] [api_router] Transaction payload payload_hash=eb3WAst9FmX+BaSNTu2QMBKct+5lnUxF2VEQ4WZ8b0pHbgAsVh3wuSbWslXu/KtU6H/GkkmTp0g7d5CtYYsB9A== processed in 9ms
[2026-08-24 03:42:32] [ERROR] [payment_gateway] Transaction payload payload_hash=lGEIlNByrI4fpHygAy9i8sDBl5v+6tuWhvxjvhPCbgpAqW2v7wbMSQQi75+1IXYLp8XcBszLyTYJDzkBTvUSIw== processed in 24ms
[2026-08-24 08:31:49] [INFO] [auth_service] Transaction payload payload_hash=ux8S8+w5RaYG9bqlzoPjPje/CniJ8zvdcPEna+JsWZ+zFlHBgeH15A/tHQU0B8g++8g7T6su2W231izfRLBOmg== processed in 151ms
[2026-08-24 05:06:43] [DEBUG] [payment_gateway] Transaction payload payload_hash=WZNtDy+E2aLjOBjyNi6AfxU8jIjvxSkxtKB1iToX5x5p/ylZaqBXcIWuctI10jNYjxDmevZNG/UkssnefW880A== processed in 246ms
[2026-08-24 09:27:26] [DEBUG] [cache_layer] Transaction payload payload_hash=5LnwJ5bNUqpST7HGhx+SQa/787mNvZ0jc6jTndEAwA8+b9zHKhuBpcU9AFvJsUMtZfMBrTLFp+zOT3QcPUEutw== processed in 232ms
[2026-08-24 02:42:01] [DEBUG] [cache_layer] Transaction payload payload_hash=0zOKZodTQKRbopdXPyuo1XFEgUusjr6zzmU0xxdDFHWweXj0MOT6l0aNqeGrcBA0oSgdcN4rZcvGDaUjyTBLgQ== processed in 357ms
[2026-08-24 10:34:37] [DEBUG] [auth_service] Transaction payload payload_hash=Jjx4LyktZ2fANLEDadKVjDvNWaLg39ApKEaLthLyKKh9YLEUXnVCB3DURcGiwIOpn2r7IPr86T3MkllJhW4vLA== processed in 11ms
[2026-08-24 09:06:49] [WARN] [auth_service] Transaction payload payload_hash=yYkFEdceDa5u2h82BUT6ltrPpz3NVw7byQDpSr/3ZE2733TAaktjAndOhBy50RrbmwdLT6uzt6nuxS6h6tyblg== processed in 188ms
[2026-08-24 04:04:59] [ERROR] [payment_gateway] Transaction payload payload_hash=tsLaqkka7Pu4VU8gxm8DUN+/n+vIzfI9/CF3i08wb+MFhsyAm288pEQeV2iOqG0OBIqVucLiolXg+UN2nREIkQ== processed in 334ms
[2026-08-24 10:24:38] [ERROR] [cache_layer] Transaction payload payload_hash=GvmOiyRYopZfw1oXQWjve56Uu3AOyruedIP7537xaa0/vUKBNchmuyVTZNW3Rr3wvJsbD5ltEmKgu0utoqEYyA== processed in 163ms
[2026-08-24 02:43:57] [INFO] [cache_layer] Transaction payload payload_hash=wTFJJ6E/bGSN7m44KBj4GDvZSUJg2UqqSXQbzD9sPaOrpzunUwQecBGtHANIr4hKDDp/All3SaFk8C0tR8LZSQ== processed in 233ms
[2026-08-24 08:44:30] [INFO] [db_pool] Transaction payload payload_hash=LA9uf9/cXV6YkHj1NQVG+8X/nr2ym6FSeWBNDl2RKoNHZg0Bl7Fpv98RsnMinxsGuIufDRyPUtTjk/ZGJzqIJg== processed in 184ms
[2026-08-24 11:12:48] [ERROR] [cache_layer] Transaction payload payload_hash=3w6ysLNVjAL1YJ00CBLQUbC3SROZ0Uwzmlxf79Wja0y/UKYtAsrSYAhjWKw+IXLtUe/UhOZtlfEPT5RUPc2ZBw== processed in 310ms
[2026-08-24 10:06:29] [INFO] [api_router] Transaction payload payload_hash=51IWmVPh2sOSQerk0E/rNftRoxC+lAvVud38Q4U9ZOE15N443C334SfUJ0nLlHilC4ZIBtZ/lM6q/OUQ84WNjg== processed in 135ms
[2026-08-24 06:42:44] [DEBUG] [payment_gateway] Transaction payload payload_hash=/piFGUwgBYG/SXVhjkdOAtPR8hwNfpfup3OpCC1vkDFk1Tzqfx1M3TLU4YOrn9qZSFhx06cvJjjEQ6P1hAj0rQ== processed in 429ms
[2026-08-24 09:12:28] [ERROR] [payment_gateway] Transaction payload payload_hash=zklXcuy/pxKNSPyXXqv7NcoQEJ786wuCgu0ZTcxO7SIB62NNzXPRIyhGRBKDUH4w1N9GjZ6fFbg0eEx6c8awmQ== processed in 119ms
[2026-08-24 05:21:51] [WARN] [api_router] Transaction payload payload_hash=acfs+z0V2q7LHgU/DSxdaW0DrTxF0vfDi03WJxJwJgkDQZcyMNIaSHZ1PsxssiOYMuYbClVZNIyhduWb6vwEUQ== processed in 230ms
[2026-08-24 06:22:53] [ERROR] [api_router] Transaction payload payload_hash=xdAhNbNWJ8fcWbdcmiJX2OpxBsKVfnWEXwtV3YAVh9q84fY3v+XGCaAiK7Fpl41ot2OMQyzPw3ETK7be2h1QqQ== processed in 301ms
[2026-08-24 07:08:24] [ERROR] [db_pool] Transaction payload payload_hash=2VjGMyoyJh1fUyyHSqhs2ZnLVT/uA0YclYf15AjamIxiDklvjc49eb+AOtYwEJ+1giP/DENItgeMxO6gIsJmqg== processed in 392ms
[2026-08-24 02:42:44] [DEBUG] [auth_service] Transaction payload payload_hash=L5lzP1jbappDj4yc9hU2+BFVKPhK/F3lfWzS9A3ZmDguMTrRa+wTyQgGZmoJAQabyghhBO7KULXwq8oFHFpynA== processed in 402ms
[2026-08-24 08:59:02] [WARN] [auth_service] Transaction payload payload_hash=Ernu6mGNGXkfCZqn+Sy2S5nRugu9C0bW1qnJzUr9YFwrg/SW/IWKjiey3MQR6g2Eeb0pab0SONj2xZSm6GWkgA== processed in 50ms
[2026-08-24 07:23:19] [ERROR] [cache_layer] Transaction payload payload_hash=R/+3b+IeEyfQ7HlKDObKvKfLMRfIyyaUaXwj/MVTJBqXPys+YpVYfYa8ujMSoxkc+KOSAogZNF19mvfYNWG9Zg== processed in 378ms
[2026-08-24 10:53:43] [DEBUG] [api_router] Transaction payload payload_hash=hG60Bfl3bs/sohnL8te+qUluE7TVjUtaLTDhxNcpMM5eBIJh1em6lU3wjKbBz1q+Utkx5Il1LKSfKFcFxoZyTw== processed in 469ms
[2026-08-24 05:29:50] [DEBUG] [payment_gateway] Transaction payload payload_hash=gKKbRSUdrwd1bqqfaIqogoaScLEDGPvQWaKd5TEAKYUl55FMeLkPPMvXn6CbKmiaG2cm8G6mqv9daAZ+nJgZVA== processed in 260ms
[2026-08-24 10:11:06] [INFO] [api_router] Transaction payload payload_hash=jQfMZn2oFgzfrgjPX2F7H3vsdQl6Hq7RDkcKqtnI/wn/km39gzYnl31yQHuYz9/TOcXGioAyhvlHyHY79ls1MA== processed in 485ms
[2026-08-24 03:08:25] [ERROR] [api_router] Transaction payload payload_hash=P1zXfo30WnRIC6A8FK1/VUC7NCPUbaPyMx+ZekZyRhlW9TXddVsN5DtfjtI5z3XwequPTOKJwePw+4woua0fHg== processed in 352ms
[2026-08-24 06:28:07] [INFO] [auth_service] Transaction payload payload_hash=/u/PiJ3ponvjhr9MlbpTOqlegqSM9OWmUEbf5Z9Fo3Hx6CeursARzuDtJbxquLmS7AUdipuCnpeeYJgu91azvw== processed in 126ms
[2026-08-24 04:51:43] [DEBUG] [auth_service] Transaction payload payload_hash=ymoWIindHUaLsWjXVKsMrFX5n9KY9vU0BTAVnNxvzC+CsP1bUebM1f+wCOYfbo80jbD89BDxX6i4wUyJiWjG1A== processed in 194ms
[2026-08-24 03:52:51] [INFO] [api_router] Transaction payload payload_hash=4ziFqSMq1n8sm/VZGS+NzzdfMV7Xzo+lHlGlB74aOti+zfQxzWRu0S9qe9rEJxubnW1mzmXjVcijtCQyOnsflA== processed in 210ms
[2026-08-24 03:26:14] [INFO] [payment_gateway] Transaction payload payload_hash=GMMdVO3xvoJ+d4/+29OSwmMiYkcvtCnwUiYk9uv632AQsHok7zw7o8Nj2c0lbPZuQtC7AGmg1mGymiIaWxaGBw== processed in 330ms
[2026-08-24 08:10:09] [ERROR] [payment_gateway] Transaction payload payload_hash=2G62Akk8AScm9V35s47PSz2VHMvtwunq84Fq8xlbN9djIfzg5kNfTMiP1914zn+H6yaUGST4h3j2kIi0pSUpCg== processed in 261ms
[2026-08-24 07:14:21] [DEBUG] [auth_service] Transaction payload payload_hash=K445na4laHoga18MjMm72cN9/kD35F6WRent3bvQsif/FKyazjCtLd/laJHe5vewLePdWm5A8qT5Nu789Sadyg== processed in 184ms
[2026-08-24 09:09:48] [INFO] [db_pool] Transaction payload payload_hash=n3XM+dYuHDiCFO/B904aULS+jm7G4mX0f/4LZAB/tDOpKlZJ0beSkXL+5Q0KRqs6X4I8mImoLAhwA9T/y18keg== processed in 480ms
[2026-08-24 10:06:52] [ERROR] [cache_layer] Transaction payload payload_hash=vMtOzS7Joq0n4SFn1yXWOyy2/e1oDfndKCXmH+4V/t91PMwUQ62B7Y8LMRAME2AD+eXSUHGaEe+FrCD/d52VYQ== processed in 31ms
[2026-08-24 06:17:04] [ERROR] [payment_gateway] Transaction payload payload_hash=Z1u8QcIwrAftY02KfY98SlNyDORdPl/pYf4NKbSEu3td7sf70oO9rSOJuCSD/HpIaE23QaohvS9YNmBMrleOgg== processed in 319ms
[2026-08-24 06:59:32] [WARN] [api_router] Transaction payload payload_hash=RkcgfTNpiQ19eb5OldM8cifaj33GEK+CAdfGt0yQpl92t4MgsZcG789anQW8fRDF2W3BaEKNn2z9GzRqWlTHlg== processed in 201ms
[2026-08-24 05:29:19] [INFO] [api_router] Transaction payload payload_hash=EfaABZuF0teTjkSQXWDAOzdAMIZ9V3cKN9bKhJAdpJrjckYZ8F2ArUf7bF9G8fitPmhPcLPMkN9GuRnLfaF5mg== processed in 17ms
[2026-08-24 07:45:30] [WARN] [cache_layer] Transaction payload payload_hash=0/bA5d5Ildmn8ZRk4APsrF5E+AV7owy2Rt+kRWZAp4jjdPuuAfV0nQkNP/7JAgNinc0mClQZUTWZgZEXQxNdUQ== processed in 144ms
[2026-08-24 02:26:47] [WARN] [auth_service] Transaction payload payload_hash=WSeyW2GgiG7MM3iWYZK2u7Gw4Zhy09/cKjlFeOPDjULleXGhNHKw2hBF4S8nTXFbNAYThtPQgU103QfmvA3rzA== processed in 65ms
[2026-08-24 09:15:08] [DEBUG] [payment_gateway] Transaction payload payload_hash=3IiaZcVMQMnGuWD8X7u699hg9cti5gNWlFgHGvlls33GxiIuGws9nrWM+95HVRrtdh6UfBSBpMtrx0KGEbixzQ== processed in 50ms
[2026-08-24 07:15:56] [ERROR] [payment_gateway] Transaction payload payload_hash=N21YjjVMJh6lgfKEeq1SauSFKsswJUGnPbVCorRy2B8RL3vUUzRTLYbNtMQrND0qWsDrQd0kM97YqsopgMv+Xw== processed in 490ms
[2026-08-24 03:16:21] [DEBUG] [api_router] Transaction payload payload_hash=Gvjm10oF+GF2JRWDCQO8ga+EdMjPgCjFeXqh/3k3bCOmWwJgzvGXgp051h+VMV1VKh/J0dh2jptIHTRuA7vs8Q== processed in 389ms
[2026-08-24 06:56:31] [INFO] [auth_service] Transaction payload payload_hash=2dFMh2OR7GE8ufE0chin8yrim/geJcEXy6z8ybNMe9SvAWIYGKyHeM73zHrHJKmQe/krUIb/3DAP+i4v3ipeZg== processed in 307ms
[2026-08-24 05:24:16] [DEBUG] [auth_service] Transaction payload payload_hash=Sy2lQaQ4MZv7h0SZmcbN7VOEQVGgCuUvgT3SBhxzhQ09LD5qQe1xDKXfl8Vsa1CIJunbAQJfFuk5Z87luoZ5vQ== processed in 162ms
[2026-08-24 07:19:05] [DEBUG] [api_router] Transaction payload payload_hash=+U7eNJUp+FMR2WI3Wzg5IzJJuC00QfPO9dUjtUnze6lusCoCWV3Rg5W0MEPupAK+7ZC0z2/ZDJeV+u4I0CLauQ== processed in 357ms
[2026-08-24 06:52:04] [INFO] [api_router] Transaction payload payload_hash=7RhOUPrxUOrNl8Q08tVsl+H3ECMCM6JL+7lufI86Kens+tiCZhFqg8eQ1toOCinSsUAW2D9N9dA57FdQA7aUAA== processed in 117ms
[2026-08-24 08:23:25] [ERROR] [api_router] Transaction payload payload_hash=doz+AhpUQRf42r22E5UYG9AjAMW/VnNTgV+Mj9pib5LwAxl8xyYPVy9vj7UPNz4R8msuPv8Tbho8Ag/945eMyg== processed in 159ms
[2026-08-24 08:53:28] [WARN] [payment_gateway] Transaction payload payload_hash=7dyoQ8kjy1RlLK/f8Oa/5r+bWcySQ2v2Y1y2awGGWIxBFYfp/y8j0gTkbdHxP7fnvpA+GnZAMiPamtBFGwOJOg== processed in 297ms
[2026-08-24 03:10:20] [DEBUG] [api_router] Transaction payload payload_hash=i0pw1heLWd4oz/4dQ1TS/C84VP+Jk/0qlltxayXp1AWvUJgnV1dk8Fh10NroNp8JyhWtp0khCn6JUySiOLIR8A== processed in 15ms
[2026-08-24 09:27:58] [DEBUG] [cache_layer] Transaction payload payload_hash=1MpBzC6WM1ANTHXG6UwIaqZ32Ug03i8sw5+QtNpZiZ5JLWn2pn5OYi/DvtPvskuV4eXiRuUWFeLmRU7e/gEtgw== processed in 121ms
[2026-08-24 11:17:39] [ERROR] [payment_gateway] Transaction payload payload_hash=nHvVG+FQojkgA1Nic6a5/0wqmP/JIokvBwzFbJilvV478RPNjsLw9epi4emU96Pg2GuCqgWTAOarFJVvi+vY7Q== processed in 262ms
[2026-08-24 06:32:58] [INFO] [db_pool] Transaction payload payload_hash=WuNQ0Ziemey7YfOjXECAPYfdWNsBTpV5KEUzAS+vUdK6pXuwh9GDMwuG5ZTpnK+HqS9tdN49Wmbn1dzGiTLIAA== processed in 234ms
[2026-08-24 08:52:09] [ERROR] [api_router] Transaction payload payload_hash=LH4wROIcT5nwaOhbGPzvaYzwqjGEblbFqRnfNhSMIxMRYB8UuEZdBYGCdmTmpg7OZaXWWhg7cD8dd8jblhSTow== processed in 453ms
[2026-08-24 03:07:13] [WARN] [cache_layer] Transaction payload payload_hash=TWt+stf0TusgsK9jzHxWn/EIN5IiI4PBM8dYDZ55+15RfXulcP0Ldlm0nWiu4EhggpSnm8gJInuRUn+nPpfPlw== processed in 170ms
[2026-08-24 08:23:33] [ERROR] [api_router] Transaction payload payload_hash=+7v00fSY9LDzsHeubUQxAxMlS1tLNXj6xdDrDNQfpG27EW8bMVPANA87TkpubhGw8QkQcoH9aXcHFGwnFSsU+w== processed in 40ms
[2026-08-24 06:31:50] [INFO] [auth_service] Transaction payload payload_hash=HbUSfkLrJjF5UnpRGSSApvNj/vZ0F7d5P9v0E1tC8BQ36TgE9g0ivi22fs0w11HQCZOct2mVAx/jZAnsDJMYIQ== processed in 136ms
[2026-08-24 03:09:03] [DEBUG] [api_router] Transaction payload payload_hash=O0LH67G1arDiG1evUv+jcelOShfJFKrxruvDd+JwCOZtc7Vs8wheRfvt8jFeT+PcFZwxXNUzE3U9ZULGc9fa3w== processed in 250ms
[2026-08-24 09:03:48] [INFO] [db_pool] Transaction payload payload_hash=s96MzUkqMzQz6oCY3nhGE4lzVYssxoe875XnPPAQURasIj0Oz3nD5zUyX2Lj/Sqi87YUMpXrp7JoMBjRUtf9FQ== processed in 91ms
[2026-08-24 08:56:34] [INFO] [auth_service] Transaction payload payload_hash=EYwSWULc09LsFvUVqsbgbGxNTE+LUnP3zN6oNV37tgW4w/ZXEThFwykoBSL9VHwqLsV7RYHDsnvZiZlWFBHb6Q== processed in 31ms
[2026-08-24 02:45:18] [WARN] [api_router] Transaction payload payload_hash=cLRIuAdioS+gIE6o7YmM6jKqTTEi+m+9sbhMxlgPxTczi2Xt49FHx6oYlFfqXtYEOqnn0swb9ErygDcEgTbBCA== processed in 479ms
[2026-08-24 10:39:01] [INFO] [api_router] Transaction payload payload_hash=kM/6vJL7JaEgBOG9W+QARYL3wZ0YiPm2xa4EvrUrqYFoMrOyw0K5IC02Md276ER8P4yipuyss+CLd1Tvhd73xA== processed in 138ms
[2026-08-24 10:51:41] [WARN] [api_router] Transaction payload payload_hash=H9SxoP2Y6p9bPDyVU9CkInLXiEsUJx+sBFeeVl2NXO3wGP2Dw05qYtPS6ANqzSucEUo9n9nV4BOarrBp/3CQ2A== processed in 126ms
[2026-08-24 09:34:15] [DEBUG] [api_router] Transaction payload payload_hash=DgOlvf6BP5itfX6aF67J5tiPRwLuru/rjOF8ZjUrq3mPpT74K+3tLONdFewDc8cIv9+cZDXzWaa9jICB4/wg1w== processed in 380ms
[2026-08-24 05:05:12] [ERROR] [payment_gateway] Transaction payload payload_hash=InA1I3p+vE5FcUkz62QlRYIzBwC/V+ckh/ENTUltPRVCxQ5YuY2sqeM3uhK0tXGqUeJScc4Oc8ECj/8bVch7EQ== processed in 61ms
[2026-08-24 04:58:03] [WARN] [auth_service] Transaction payload payload_hash=d2hyZUWQ4aIFBxsbqHRWK5qsIJlKnrinUuqg1IW6ZAPFwMH88oforp/dOE3VKgAUGQoIGxgiRviYfQSc9XqnCw== processed in 98ms
[2026-08-24 10:40:08] [ERROR] [api_router] Transaction payload payload_hash=CMEexmzotY5TMehNWF+BmsLcRD4qbavHykCxhOeQdRo4rmMaIWN75JScXf5UVotqIeFRxkcX34dbjyc+ayUIfw== processed in 211ms
[2026-08-24 03:15:57] [INFO] [payment_gateway] Transaction payload payload_hash=GzCxyT6Q/qXhCyB4Z3S3Zr1VlXFJqn4wfSpQ9VSWC4JR+njaKZhjRXLL4yFWtJHyYliwM1nluqGBNsb4f4ujhA== processed in 308ms
[2026-08-24 11:16:13] [DEBUG] [cache_layer] Transaction payload payload_hash=/pgFUXZr7XhjHntynFvYHhaynBtcR6RQyO++wfkVvezzH/iL1eeDRAR/fQzkwZPtKSil6EvWkB1IRKjLm6PqeA== processed in 323ms
[2026-08-24 07:14:35] [DEBUG] [api_router] Transaction payload payload_hash=1H6cF4uo9LS8F+Vg6mzsNYpBh7tfLFraSpE/8bTRxjy47ETM/BgmxJidoElOA2ONIUL7FAm+fvYGJA2NyksF0Q== processed in 74ms
[2026-08-24 07:32:08] [ERROR] [cache_layer] Transaction payload payload_hash=WesVrOO+AawAH6OpmCxv/Q0OYgrhH86rUEYD2zEX0+2G1LhCTbG8F1BExATvqHbdtomgW4eVSjPxjSFlkmHdZQ== processed in 60ms
[2026-08-24 09:02:18] [DEBUG] [db_pool] Transaction payload payload_hash=i4yQ0GNEcJAYzj25IV8+ITw2g8hgjKRtfh0B5S/WPWYREX5x3GsAT5H8YH9ij1pLq/GNKYxQrAoKxCIRxcbevg== processed in 80ms
[2026-08-24 03:29:26] [DEBUG] [api_router] Transaction payload payload_hash=rcAlTuItZjBZumByAPxUe1ZDuWVbYMhh7rqBXw3T2DAXsKltrAuxtDTXx3lJXcMF5grttnm+FCeehQPkkSFYYA== processed in 160ms
[2026-08-24 05:01:25] [WARN] [db_pool] Transaction payload payload_hash=4h6glI64fKJyNyxXAFK2SJ7Bv9sBTq7ByzvyKj+43NQV4XmGvhKnp/4h15mswqc1Vb8oWMnGKVheMm04idvD9A== processed in 397ms
[2026-08-24 08:22:29] [WARN] [api_router] Transaction payload payload_hash=PZaQ7ksPssSLVBAjIzEnr2Qk8uBX2t81b86/GU8/fSvDHQXs8Vo0XoOwf82fGUstKMacPI/dR634pqtJzyHCRw== processed in 444ms
[2026-08-24 08:15:35] [ERROR] [cache_layer] Transaction payload payload_hash=rT3smi/NJOw+qOv3INxdCKa3i3dF7hX+RdkZH7U89DRBwOompYoxzx0gsRjAsR8vaV8o5Wm7d50WzLewWtyy5Q== processed in 498ms
[2026-08-24 09:11:42] [DEBUG] [api_router] Transaction payload payload_hash=LvumR7+smD8NOyeeFafApPNEFdT++GXBO+nSLKhdEtwm39/9pJIdPbwgSHwlAF29IzujNcLfmi0OXw94LlWPlg== processed in 255ms
[2026-08-24 04:53:27] [WARN] [cache_layer] Transaction payload payload_hash=BIl+E1kaFIqQ9QR6owNlauHmrTZySMZie2YhuoGUn/zOp+y3KUeFaNRUAKrQd+3jE2uyr2USyvijFV79kV9Rzw== processed in 342ms
[2026-08-24 06:31:01] [DEBUG] [api_router] Transaction payload payload_hash=ZS1upsEmFefAk4EHi789MNdVHAOT17oS1in+LrFo8+5sz6U6BG4Xpjmigv9a5Dq96VNXrC3I/5LnScCtRBi9PQ== processed in 495ms
[2026-08-24 09:37:30] [DEBUG] [db_pool] Transaction payload payload_hash=LXLJtr2gPOfZNdSIiOs4y52RMPBqSSyiT/9c5xBwiVNG0nLed0+ucvoAMeX6BMmVZlmBTlxjrMPfcAkZdZpDmA== processed in 413ms
[2026-08-24 06:04:56] [DEBUG] [cache_layer] Transaction payload payload_hash=cQPRWxN4BtznxTimw++hkDbBpKJHGTI93Kp6ZeUy8n9tnG5E0lgVYUtyWS1rti6ndXpxaIbmpTcGg8Wqv5TNdA== processed in 447ms
[2026-08-24 03:16:50] [ERROR] [db_pool] Transaction payload payload_hash=Lr/C2vK0JsbuvuY6kIQl1ztPATruEHuLdIX3A+T1FamiDqrMFe11j+HXQAdGbpz6iAoyxVwRKJ80BC2rtye+XQ== processed in 415ms
[2026-08-24 06:37:32] [WARN] [payment_gateway] Transaction payload payload_hash=yKf58023QaCV1KnlU6My6RSJcdMKjaYmVPvQfL1GqaVKBJCtw64p4Yg4943Atao51laRSvzJ1DRlU+akEvuXiw== processed in 209ms
[2026-08-24 06:18:15] [DEBUG] [auth_service] Transaction payload payload_hash=cFK/PxhM41sjUNLprArR8PW6BIvsI0NCZU5mx0Dg/rqChoRjCn5kO6sY5Nw2M1BbNGe0p3wuXe4am/MVByPWOQ== processed in 494ms
[2026-08-24 06:44:18] [DEBUG] [auth_service] Transaction payload payload_hash=2xXkYf0lemFPRApvwlKhJMAP9Wx7gVm8uctXF3mkKkdbFOe4B8Y6qUJF2h01gNkXUEAQ+UiTCoCGQxDbASeIQQ== processed in 241ms
[2026-08-24 09:40:20] [INFO] [db_pool] Transaction payload payload_hash=ZTSly+ce8UGfKH4lSluoDqpENhF09CAhC0XrlhTK/sUtdT8MSiZuA4hgZeDvw2jck+HW8UM5TT82qqzq9pS8mg== processed in 317ms
[2026-08-24 05:43:30] [DEBUG] [payment_gateway] Transaction payload payload_hash=HA9422DsgufHCT0xOB99ks6YeP+ygveBfSdFI+4zeG+w0e8zjalgxtQ93iE6Finmo+CJ/OgK6SHYLfgG5pbjSQ== processed in 249ms
[2026-08-24 06:46:59] [WARN] [api_router] Transaction payload payload_hash=v7XXaLWqF8olllNnVpLJ8qKTG9KbZs45jDvIXhHyo5Kro/QWcea6u6A4OzYy3XPCYPj/p++PElLynsXddSH6oA== processed in 240ms
[2026-08-24 04:40:16] [INFO] [auth_service] Transaction payload payload_hash=8ssr2GEIXyuasrfCr8M8csinko9K2JPthqcnA0GTZuNM0KrrlSYYhm0hSPIjkGw56o4uKhuguL66qJwLxxZXJA== processed in 234ms
[2026-08-24 09:13:58] [INFO] [payment_gateway] Transaction payload payload_hash=fADhrhz+ajXdAmbGqM4ERe6wh5H4LggqnKDkVNLQYKGsPqmccE9ARD/o9Hs+xSkwNZZ7QoajvBxnqrF6tdQ8uw== processed in 56ms
[2026-08-24 04:28:33] [ERROR] [payment_gateway] Transaction payload payload_hash=gX/o51+LlAvopKMH21LT3V8aymL6vNj8sXycDrG3GmRT15or/VljTnX9GxqGfVXwMqxtsXn1nMtDF1wP4OwV2Q== processed in 325ms
[2026-08-24 07:02:56] [ERROR] [db_pool] Transaction payload payload_hash=xZBvD/8HqEOhLuvLyCq8AR8X9JOZqLMtN+Zl0zgenUArhxZlY5FmIhsJBMMsvhU9ULKOmfNwNqNoYLY+UbAeYA== processed in 486ms
[2026-08-24 03:55:00] [INFO] [api_router] Transaction payload payload_hash=uoR1ExV6NC7nfNGR8j6GZqp+g49QL8/qiDunbBYVymxeySK7E5G/1QeYV5ZoQra23HVFef6hGZB1/ELBk6+N5Q== processed in 425ms
[2026-08-24 08:21:43] [ERROR] [auth_service] Transaction payload payload_hash=m7ctVsVyTpkJaZ0wIwtFv4qyIyivI8P8BI82vjruGagQ+FId++9YaCG77rr/ixqz2fShc+63xW1ZK4P3uHvscA== processed in 139ms
[2026-08-24 02:31:22] [ERROR] [cache_layer] Transaction payload payload_hash=Nd3MI8oeefAyUT5MuvVzGxYkcFEk2CEdq0GJFMhz0+UantK+ux8xKsineG6q+vnNBVFIdOSA4vOB7FhYGSSaDw== processed in 42ms
[2026-08-24 10:46:22] [INFO] [api_router] Transaction payload payload_hash=sP5Lj11ImuwZhQO7LtaByOdgSMo7bKiFLk1LzD6ERTJjOf//2xETCy88nbqOb5RJ+Ujjz/rGS7sCkQl2+SDMRA== processed in 495ms
[2026-08-24 08:47:48] [DEBUG] [db_pool] Transaction payload payload_hash=1jvpChMsEfCkRe+Fu8LnV+mJDgOquHKgR3E0DPvgJdirgW6721SyFG7HBh5y/5MmThrOadC6ic9akScHYRAShw== processed in 172ms
[2026-08-24 09:27:46] [ERROR] [cache_layer] Transaction payload payload_hash=4cTa3ZNMhkBSsjhMzEYPP9p2K8yFa4O+1eOjyv8F0HcYw+XTffEFqdP42NgRWNBAAgtn0X2poBdV/aGN7BP5AQ== processed in 134ms
[2026-08-24 04:59:23] [DEBUG] [cache_layer] Transaction payload payload_hash=lqOouBSw6jAhL6BJiRalC57mKIXcy6+YUMFEvRRma0YYITO/R7SlVbq8fxhTK9me54Ur1408z6SJIrJ7tQ4ugA== processed in 402ms
[2026-08-24 11:07:26] [DEBUG] [db_pool] Transaction payload payload_hash=pOUgjvHkXp4XK1DyXvUC6MH3zgZ+fNyeBugCb2RASssJarzxAt+CP7yHhdOIbJQKzwDIrzd3shgePnOVMx7fbA== processed in 278ms
[2026-08-24 09:45:31] [DEBUG] [cache_layer] Transaction payload payload_hash=zsHK5k1UNRfMXEt550wPfJjoIJbxl+KsKlNWG29djfctuzvb5XDehnoLuB5Jfks+D+XgXQYd/e/OPLMYWQyFvQ== processed in 284ms
[2026-08-24 08:06:12] [DEBUG] [db_pool] Transaction payload payload_hash=4kHwVuFpEZ9bQYhfISkYQwiiIQAcZogJ7wsNWljC8SvxsYxI9VQrqpDfH0SqObHFNVoGq/RJr/6XgNYDBT7S+w== processed in 439ms
[2026-08-24 10:46:23] [INFO] [db_pool] Transaction payload payload_hash=42UJIoTprmxHc7OGVf4UruSMdPmXlP1FOHcm0ipAG+ZaY3f4TdHqDO0Jj0vU16ZDbxOWgEcXr55dG6GfinTGYw== processed in 494ms
[2026-08-24 10:20:14] [DEBUG] [auth_service] Transaction payload payload_hash=OcHgRWa+8bWKeAO+jNm1tmmDklMzpQ/P+ULE9XD45Qu/sybTgdwdIReljsxpqjVbGmjkYTM0xoYJfV/xG0rKQQ== processed in 236ms
[2026-08-24 10:45:07] [WARN] [db_pool] Transaction payload payload_hash=2F1FgZwkgW09QIiXTpxmyeECoa3Tf5rCzq5Q1LRgFY3qQ57inAi1Ls9z/rXPUt7+3x5ISW9fbHSnn1ktwgHTyQ== processed in 26ms
[2026-08-24 03:16:55] [DEBUG] [cache_layer] Transaction payload payload_hash=I/BFoAJbjuTgwXf2fMHLWKXrhG8CU5991eFVZC4G0Dh+ssRHQ0s8JkawVTd1NA1YgjpVPTDeCtJH5jUkDStoGA== processed in 200ms
[2026-08-24 03:24:57] [WARN] [auth_service] Transaction payload payload_hash=nJhYI/TS5UHAqDgPh6qKJiucAwcWeEerOW3i2M2WDrjOGf1rKqFnq4dRUOlp86JJaz/WIXWRwYAHrxdp4lf8fQ== processed in 222ms
[2026-08-24 07:12:17] [INFO] [auth_service] Transaction payload payload_hash=j0NdwKl1w9EKOJh0Tf+aR2OuU/LR8gl9T+3CTugGcxiiACM+vU8o+Sbe0ZnwdyBmsgiaWhv6OKbftuOIC6WlaQ== processed in 9ms
[2026-08-24 03:25:59] [WARN] [api_router] Transaction payload payload_hash=0Zznoyw9Qe6oa4cr4YOGZ0ICUot1gxZ41+ZN0nLojJO7kkkAgDGI9GT9uucl73u8wNxcl7Sku5L0h/Wwu8/O9A== processed in 275ms
[2026-08-24 10:15:57] [INFO] [payment_gateway] Transaction payload payload_hash=fS9iu6OS90FJU9pYYcRuS8kIyEUkAgvAfmgkCvmEBbJgYb3JkuVNyfYLnL2NgSDYockdYuXfCtZAutI/MJfB6g== processed in 67ms
[2026-08-24 07:04:53] [WARN] [api_router] Transaction payload payload_hash=EihlNWLKM7SjpCJVkjUc0hpc+G2l6bFaxWIeZI2JSZ0EwyKFshHgKprM8+d3OzpcCLKNE0k7QlcNXneyIyVWvw== processed in 296ms
[2026-08-24 02:16:40] [ERROR] [payment_gateway] Transaction payload payload_hash=6X8pG13cvxAHDixIGhMo9UkIMKJpJ/Qs4iDKd3gbk96yabQCAqDMZhSYC+vwFXOPnifWHpVbzeEKBpIaR5mQVg== processed in 352ms
[2026-08-24 06:25:08] [ERROR] [api_router] Transaction payload payload_hash=3mIHn3PWyWSivDeYOlpbbtWqWpnhPSudKK48P3RVA/9iERaAwxGQI0NgByE9ChSFpziYB9WFj5vaJFjqArqaLw== processed in 468ms
[2026-08-24 06:24:18] [ERROR] [db_pool] Transaction payload payload_hash=5osjUIvDRirGmnPFuo8/qa1SKOn1eHgM5bnmlV1emLyf8RE/STXveXLQtP9qWZxD1U5Nn3/wvjxN+de/K/QUzQ== processed in 488ms
[2026-08-24 03:32:53] [DEBUG] [auth_service] Transaction payload payload_hash=pvnipb8cLyY7MfPdT/1q99BvV5lCOJ0xM+kJa0RJVfovMCyeF+tsMy60brfY0/dd3VPwi0q9ULa+bYadmN8FBQ== processed in 331ms
[2026-08-24 03:48:10] [DEBUG] [api_router] Transaction payload payload_hash=uZtm2Dc+K4QrdBF10nBwbXQPjJBir7l08f237/aHbfg5uwtcItY19zkO5dRzt75Y1kqAi713DoyV59QXopYL8Q== processed in 121ms
[2026-08-24 09:13:12] [ERROR] [payment_gateway] Transaction payload payload_hash=nWYtPkiVM1Be5sIe6+6SHTaRs1H7H0MKH7KNyOCVSH+sLhYRadDa7VllTuSoxnNmCojkU62m45rRRcSgz79BEQ== processed in 244ms
[2026-08-24 02:39:53] [DEBUG] [db_pool] Transaction payload payload_hash=lAnAA8QyYyNsMECHCjmfJW50nmSqKX3CfM3o4cAZqljIeo/4PFEL/hHqGb0ppwqB4GyvUwJE19UuevZmiMCTSg== processed in 440ms
[2026-08-24 03:42:14] [WARN] [api_router] Transaction payload payload_hash=rjPAQoQbFE/4A85HQRpoQXBY/iC6KKS8ZXjTej2toOhAzxNH99+471QpM4frl2Eez0H1ZD0Kn4mOA5LdLb0g4Q== processed in 430ms
[2026-08-24 11:01:08] [INFO] [payment_gateway] Transaction payload payload_hash=8mbKmSK2LpZEaec3O1KEZfR5ScT9pj0rr+pIs/FHQicy2wv5jDnk4VDGBd4EB16L+/RbnLq1zSN2dEDgt3XLug== processed in 158ms
[2026-08-24 06:06:34] [ERROR] [api_router] Transaction payload payload_hash=SuB03/mREL20036+s666AyNSj+ONwDxFVjj+FoxNq+Ez64tqncPr3yb80QzODq0WNeofqXzcLePjJpGLeitWTQ== processed in 337ms
[2026-08-24 10:41:21] [WARN] [api_router] Transaction payload payload_hash=Nro4B1mD1CmUjdIcLIhlG2JFV8Us9G13BiGsmfl1mkXJmA8L0MkTrVT8VJWbOipbShlg5iOYj8H+fndm8Gwldw== processed in 344ms
[2026-08-24 04:06:00] [DEBUG] [cache_layer] Transaction payload payload_hash=47YYdputo5f3FqHjxcjLl4fS+GC3BczpLjEydpDsws3UQ7kjKoMfGLkqppHuGbfe+P5cRrFLv18eofq5gaGM7Q== processed in 354ms
[2026-08-24 08:23:11] [DEBUG] [auth_service] Transaction payload payload_hash=bqyXIGVR1qEn9HU7wq0oPpngcYOpTDD3z5i4XSDUD+nDbnbuLCTZZw1x9nYuzu/7Y7FodFh5ObBNmt+q/zj2wQ== processed in 200ms
[2026-08-24 05:42:14] [WARN] [db_pool] Transaction payload payload_hash=mZ9EbUlk6AKpUkM5qEaxsPq3XJ1TJkTxF4Np32Gk6psH5I9eaKdvm4lHUIrxYCtOICKHCh4F8QJJL61Mn1xeVQ== processed in 195ms
[2026-08-24 05:43:59] [WARN] [db_pool] Transaction payload payload_hash=SsC9lWznXxbIydkI8/77TdQ5JKpET6vN266yP7cSmJnBP5n9yYk7JF9utMPn6gcOpDvuqZ6ONbwxxWvHKX245Q== processed in 115ms
[2026-08-24 08:30:05] [ERROR] [auth_service] Transaction payload payload_hash=QsUo0+91Jflj/9cjPH52WwTzmxq6vS1Oj8eF39u0Zz06vQQavh+HVSS4EzTlp0qmDmKfkDBegedw84OZ5n7TVQ== processed in 274ms
[2026-08-24 03:05:40] [WARN] [cache_layer] Transaction payload payload_hash=oRboB8rS63A0SviLPaPvIPzFqQHUNVoJOB7ebfvB3GurGL4csP4LJq2mCXlOy2kHSw08cs4ui22/CcLVQpi71Q== processed in 309ms
[2026-08-24 06:23:43] [INFO] [cache_layer] Transaction payload payload_hash=rlbkntVXqWODbDyputeR7skXDfRbA/Y0SEDBNV3SJjAWVSQYeBh6sJzr5q9arZHtpLVXo6g3bPZ0Vt8f+5RqiQ== processed in 307ms
[2026-08-24 10:22:57] [DEBUG] [cache_layer] Transaction payload payload_hash=aYviP7dGgtPg07uGVK5PsPvP7mMmFzDtjwbc8Gar002pQgODcJDyST1HkAEbYF5s+DkW+COuxMQDwLyY9GDIsg== processed in 447ms
[2026-08-24 05:51:09] [ERROR] [db_pool] Transaction payload payload_hash=XQtRCk9pm+oDqG4okIkPhX6pSwF6XH9MAbnvWV6Xn5/7LbvxoR2d7yi+Ac7uA7r13IaSo0YNVlTlJxh156Gh+g== processed in 176ms
[2026-08-24 03:23:34] [INFO] [payment_gateway] Transaction payload payload_hash=q8xoNHHLG5a5UMmH//JK1oCOxeKkuoBJecdHs3CruLko/fljNr9FPWMQzjZ3r48Li+Kv9sgKoHMX3wm5n+lgKA== processed in 299ms
[2026-08-24 05:52:59] [ERROR] [db_pool] Transaction payload payload_hash=ii8QaDXLDgiADblQwF85ODKsojJHX7O7nVR/kaura043CUi7BWVve1YBsdkFs1+eXIdKdTmlbqBUEyT8ZknDlQ== processed in 324ms
[2026-08-24 06:25:23] [WARN] [db_pool] Transaction payload payload_hash=DOqq4mb7XNaAERafFWEydPfxaU0ItaubxgO1CqAuh8UWUz6foK9T3IgdqAFhJJFDBu6VUPmGnv0SUt/UPdKhxA== processed in 347ms
[2026-08-24 10:53:07] [INFO] [cache_layer] Transaction payload payload_hash=iRUxtYLvzmLCWVvxJ8Itmo4Xj4O1ZcFUW7I+9X+jYNWSEQSMsRc8XXsfwvJU/Lstjk30i1N8qAsGg7ZKHFC37A== processed in 203ms
[2026-08-24 04:23:43] [INFO] [cache_layer] Transaction payload payload_hash=WAM+qZTYWlWx6kcBJR1JsshGF5ttXl7SPZL7lF6RqdBtnMTgFQqAe+4GBnfc0CprSIbXtRGeiwLi0ROCMEeGcQ== processed in 382ms
[2026-08-24 07:57:27] [INFO] [cache_layer] Transaction payload payload_hash=/CWsl4l0PRMMc4BRS1lL+uSJ6MdXRP2wq9M4bznf8s0cA57t5CzNqDDkWmBZU0mz6Q7CVoU4JdgNUtkBxzKlCQ== processed in 49ms
[2026-08-24 10:15:01] [WARN] [payment_gateway] Transaction payload payload_hash=ceG4NFJCctHOwXDxFWhA4I26AL+dGHWCEP4qPzP7Mgpwg7ZJx0OjPKh0rnIzrtfST9vwehBwE707ALUEpxkoCg== processed in 347ms
[2026-08-24 02:49:55] [ERROR] [api_router] Transaction payload payload_hash=RFllMlh3C8cjK0UIHxonjRiLzEFjyylgq5h8pw8suMmaKurE0+emB1+mtX8i1VqnAN4c3qB6i+WwcCatHGBiAg== processed in 14ms
[2026-08-24 03:05:21] [ERROR] [cache_layer] Transaction payload payload_hash=c+fwSnMjhS00QIb6YfzBhfPoDbZzg8CvUa/KTFEmkb64hArNxudz2MJwJBLaxDalZHLPzMvLq5L2437Tqg6Sag== processed in 178ms
[2026-08-24 05:01:13] [INFO] [auth_service] Transaction payload payload_hash=B19Hgux+2ibLJibu6L81vjy8bag6YoChkv1dyEUCXnZo/mJfH6xfzdy4CAvAmthMrxTQEkqfF2JYlNZUOgtFLA== processed in 19ms
[2026-08-24 07:27:59] [INFO] [payment_gateway] Transaction payload payload_hash=aMdn8rDLPI5RnIlyu3E+Ow8k3t9DMb1H8hjRL66+NkIq3N/ZYcubMboOhx0BijHVj1zPNek4gZ/bbl+8AE0zaA== processed in 431ms
[2026-08-24 03:29:06] [DEBUG] [auth_service] Transaction payload payload_hash=atFmcUKuLSEqP9egZ8azTwjoogzQxD0lIsTZRsBX6TPztYaBRhapGjcshGmJJWL8c9DODNEsfhHmH5+2I1+TnQ== processed in 40ms
[2026-08-24 08:27:46] [INFO] [payment_gateway] Transaction payload payload_hash=0Q4YAhQUJJAuVwJtSqGIWyUBIwYRszGFtexUYi3+bRBr1bZHarfCaF08RwA3NlV4SwZhiA1WbhU14x0LSV28zw== processed in 347ms
[2026-08-24 09:16:05] [DEBUG] [auth_service] Transaction payload payload_hash=mj/klGjY3KDOjFTT10Kg4OB54P85bBqRjAkoz6ljP6eoS2MTbdXV3VDB3MkHQkRa3tjHtR/9J8neeuK9pjx9Pg== processed in 244ms
[2026-08-24 11:07:53] [INFO] [payment_gateway] Transaction payload payload_hash=L8pYAD9Wd15XZxdbR4gvTlwm3Tp++1SG8+gehzaY7r43Tb3WxYle3yI2RLtw6ixqzA6tghUOlJNrsBHisuhbXQ== processed in 394ms
[2026-08-24 03:33:03] [INFO] [cache_layer] Transaction payload payload_hash=ALPo1zpHnGBqhwvzup/gH+ghtMolBKz4tevmGCsq2KP5vX2DOlKkdwCj1UQBNZC4Bn6UAmG6WkftP555OsC3VA== processed in 62ms
[2026-08-24 07:27:52] [DEBUG] [payment_gateway] Transaction payload payload_hash=mpZP1tnBfWHHAFGfgs86gwGHsR4waViHYo5ip2lSeV56U1UcKP6g2AKoy9GAcXRRf+3G/8PyUie5T8POyb1LHw== processed in 44ms
[2026-08-24 08:58:34] [DEBUG] [db_pool] Transaction payload payload_hash=rDmEgxvrjB75eoCkRv47hT/Ie08fcP9btmElRwmK7ig5BjrQ7/StAjQoZqLcaZjSSteWrfl5ny3rlz4O9xDz9w== processed in 197ms
[2026-08-24 04:00:59] [WARN] [db_pool] Transaction payload payload_hash=6dWJeNNqpGw2BwrM3S2us5TgQ79rkP75bf0KiDvwiV0o3FRkzzngafiCS/o26VvD8wQdiMkYALWwC6hYhS4shw== processed in 241ms
[2026-08-24 10:17:27] [INFO] [payment_gateway] Transaction payload payload_hash=EtXlyR9nILT3ALW1k1YBv7ZBbzx2rm0+uNaM9gCDu5lu7rudpX/jjZKqsfVUbg3/h4dnnSwakUYXHdKOZjWYZQ== processed in 286ms
[2026-08-24 02:27:09] [DEBUG] [cache_layer] Transaction payload payload_hash=TtAOPUsxmZQn2Dt3B0fYTC9QY76LTzJoDk0cp6emrwlXUGDXjdD9WX9CLHF0at9c1968A4pCixl71WFicp/gvA== processed in 284ms
[2026-08-24 07:20:24] [DEBUG] [payment_gateway] Transaction payload payload_hash=eS5o8dzIGJfYMcxunJrBD5bB6ewIs9VHGwQ2csJD4hhZ3rI0M6RC6zwWK31IDlbfCPem+kJ8ZJVFhItWqBokow== processed in 336ms
[2026-08-24 04:58:34] [WARN] [cache_layer] Transaction payload payload_hash=9FIHCY4pfCqsaLukoofGKtWURg+7W32sVzIx7Rgmm+IJTr2LStROaK+FPcyXAP6GiMpZnX1W3v/PGb3rV31b4g== processed in 193ms
[2026-08-24 08:51:07] [INFO] [auth_service] Transaction payload payload_hash=h9dPHxVLC0jR6DSyfDLztSi89P7bScCRtpwBA0u4ufyt58JR3bRwSwHgCnB++Kq5os671UNFN+jmijMhOSTtYw== processed in 6ms
[2026-08-24 10:30:02] [INFO] [db_pool] Transaction payload payload_hash=iqjm4kTtND07F9mq/Kulpk890kL4xMN0OxJA9jOHJwSgxx90qdcYHFMxb1+zM/gldcckUE5tzBUMF3D3SvJhmg== processed in 371ms
[2026-08-24 06:10:44] [ERROR] [cache_layer] Transaction payload payload_hash=NyYWqcusOAlPEmwWAKulgoHQYx0DJ6l8Jfz50qFiy6EVzi55p9M7UPWVxGLED6+uCpc+PTfbopm7fYwMPVPClg== processed in 117ms
[2026-08-24 11:02:01] [WARN] [payment_gateway] Transaction payload payload_hash=9fhqrjskf//HrE61co52VQoj/lfKnVq37lTF97ijCf8ScvmlrUnFg9vkk3NeHPQa8/BTpoteBnz7SUtZ3XPQKQ== processed in 12ms
[2026-08-24 04:49:50] [INFO] [cache_layer] Transaction payload payload_hash=MJFUo8kv0b1Vc0n5qW2Ql9ZTIx/M1CKc0FJr5Xe1iZAUh79fwElH4ogIrxQWznAhstpQD66hSlC5P8u4/jOHwA== processed in 190ms
[2026-08-24 09:39:44] [INFO] [db_pool] Transaction payload payload_hash=NpWN0ZIMwpJ67qgRsK5F8I4Xh2QtNib5biOKH4qgcv9pXZlgwxWUX6XLRbA8ZZjDvDU0Cn5rJ5jGkDNBkRc52A== processed in 90ms
[2026-08-24 11:02:09] [WARN] [db_pool] Transaction payload payload_hash=FNqxCQNxM27G9G6zRCehaEOkO7195JU9ucYZKghVAyxqP53yxZrrk7s0aBpfKOapLayzmRGF0yuCFLayYy02FA== processed in 345ms
[2026-08-24 10:06:14] [INFO] [api_router] Transaction payload payload_hash=nSkwJqRlFnnXjeVkygGch+BwAbDKMDn+z7Osc3d2cWugWxNmfd4D5yWqM/loAunO76/j5wBMbGe9BEr+GBVKHg== processed in 273ms
[2026-08-24 05:13:05] [WARN] [cache_layer] Transaction payload payload_hash=K1uVFyIx8dQIETN4qXAxTY8g9s8IJMC16g5fmvIkm+5PoN1Z9UzGw7tY9+IntV23Bzd1Hfc2WpWf9P/5HCWzWA== processed in 149ms
[2026-08-24 08:52:54] [DEBUG] [db_pool] Transaction payload payload_hash=iSzyYoSycYP2whMiZjGUJOCzn7Sj3a4Z3N4Y2x1ViYDMlphq8yHzrA6zE++AZLnpOp/uVVAOuNJBuMsQ1kiqlw== processed in 50ms
[2026-08-24 10:50:27] [DEBUG] [db_pool] Transaction payload payload_hash=8l8Xwx8v5GGz/I+npQfsmSuYygqFQPkz30sBWjOj06Yt5//r+bWDnKRmh497Y9Agk7rM6SvNAlOURJr94uLygg== processed in 430ms
[2026-08-24 08:17:37] [INFO] [auth_service] Transaction payload payload_hash=kcYx9n83NOo5Es4+aK6eLYDbg49R75CWsP/rDNdvud27cCcbNzigeWlEhK3304btTrT8FuIFYq8sJu2wxX2hlw== processed in 220ms
[2026-08-24 06:37:49] [WARN] [auth_service] Transaction payload payload_hash=tLRxyONZSwJ7q3pa5r0PnhMKbhxnivSQif4ZtZd3IQwWmwlzeBwzof/wvbc/FcEqfoSYdHOum+IL2cdN+oZz5A== processed in 459ms
[2026-08-24 06:16:57] [INFO] [cache_layer] Transaction payload payload_hash=9frWzAz5wYehkO0L/yND0LaI924JoN1Ac7NjaCEO/kMQynnuM6rENAUfia5BkdGlFerNa9fS9SjzHznh/o2uqg== processed in 270ms
[2026-08-24 11:17:43] [WARN] [auth_service] Transaction payload payload_hash=h2Io65OFIeOg7Mnp1CWQ+XJuiVDMfTtaG898IkUusnerM8UKDbHq9D5voPb7NWROPPBGRmHOjPmGrq8JCP0dXg== processed in 152ms
[2026-08-24 10:31:43] [INFO] [api_router] Transaction payload payload_hash=e5NVVHA26w9A5pmHqOsHdaT0zZdxGCp7HnYoOvPHUDYRNEoOpiAZCqoDhPEDGFHMVlepZldP0fpNKvAMhGpVZQ== processed in 96ms
[2026-08-24 08:05:08] [ERROR] [payment_gateway] Transaction payload payload_hash=wy845xckw7fsFBn4Jgkj4BoMDyxRhRL5WRXzELiTogvE03vzU0r31bbe7FdPd7sp57DEFlPUOV2Dmhr2xzkOPA== processed in 289ms
[2026-08-24 08:33:23] [WARN] [api_router] Transaction payload payload_hash=L8wMAgEYuM2mJuKQko/7/zFzfqfTx0k5kG+y8JOp5z8EV+oX3jK99qbzDGFDVqrSuzRvgFoCCj+FYXiwqLCaEQ== processed in 377ms
[2026-08-24 05:38:21] [ERROR] [api_router] Transaction payload payload_hash=25cFpAz4dUVeCb89ETCQ884XslqeJMCJaUOgFrYEv1LG+AvmSEVTotHJa2QN+z7+7d/NztrFV7ZUggtaKIx7+Q== processed in 145ms
[2026-08-24 07:47:00] [WARN] [cache_layer] Transaction payload payload_hash=7Uyx6sj8E/deBH26mCkJRBmAcNwAafu5HnJAmIYdu4jqZKLTUKDPD/49xNU8Lcr4Kcu+luv1Ujs441MQmyys/g== processed in 288ms
[2026-08-24 04:45:05] [DEBUG] [db_pool] Transaction payload payload_hash=L445UTQ60p+RtQxa5XEndV4YEyTRVo/Ed5wAnPAP/fPCeFSMYGGLIFsngSL3zct2H26wrpIYw2QA0KBjhKgMuw== processed in 424ms
[2026-08-24 02:19:13] [DEBUG] [auth_service] Transaction payload payload_hash=pcPgjjn2DDOLF9T1oOTYwlHCyJbRWm6wHUYyeOAChK4A89PH6aJJUAwAcBxnjylmU2LI7P0Zo6hxhEvWK00GWQ== processed in 118ms
[2026-08-24 07:27:45] [ERROR] [api_router] Transaction payload payload_hash=Vd8cGsKEeG4Q4G3SLuSdWUQFVZ74hdacy0X1Me/eYCRhl069IAs6CZLV1l7etYt3xP1/OY+CxBqq2yjlIlZrJg== processed in 429ms
[2026-08-24 11:21:31] [ERROR] [payment_gateway] Transaction payload payload_hash=2OqB83TmHN2S/gtV99PPmJGzG/nKXEaYtKkq2u+nnGV19bMGuPwQvnoi209MR8zQ3uNxvJSLdOwb0Nndv6mbLg== processed in 305ms
[2026-08-24 08:23:13] [INFO] [payment_gateway] Transaction payload payload_hash=qRA2RAiOej9Yn1NDKNOCDE8LyEg8D1upcdsBMzPoWG/kzIcTbQF6ajfPs0Ztqo1RqtqptbpBkFJd5riDjTN5AA== processed in 42ms
[2026-08-24 03:44:35] [DEBUG] [auth_service] Transaction payload payload_hash=vUhqo69OhXQVwc17ecxz4ggungAl4BJEbtNMkZZCCdYJUUgyvBYKykJcMnf4HMF23aRJTAobjm0FDwlS/TVN1A== processed in 307ms
[2026-08-24 04:48:54] [INFO] [auth_service] Transaction payload payload_hash=+jMNEoNShtPGXgL2yXgvHcI1FN5Dhd/IN4iF/P8aXmobdfk5apaCcU4kw56O8Z1yQmLGeQDLA08l5k8Mn5wlgw== processed in 224ms
[2026-08-24 02:43:46] [WARN] [db_pool] Transaction payload payload_hash=IFkPuJmebAZ2SdcACzrLp/2A1wGilLj86PR6NnVA2vPk43k5gwFdNQbpeIMjbK+iot2JAgfDxmA7h1jD7qBYaw== processed in 493ms
[2026-08-24 05:46:07] [INFO] [payment_gateway] Transaction payload payload_hash=0oQ+QmEEq8I5r7E31K3QTM1p4KmuQtCmnJXcvbm2cwiDEiajrjsW3ZYGyW+NNv4+lEsHzXkNC9la3aVxi1d+og== processed in 43ms
[2026-08-24 10:33:08] [WARN] [db_pool] Transaction payload payload_hash=bw+sMwNdGTGOwEY/39rQGWNgt7GreXU8qtaGpCjeuz8J2qMhj1RRtiOWty12yP2sqeHaPU8qoeFAU/CM1aQkww== processed in 327ms
[2026-08-24 10:37:41] [INFO] [db_pool] Transaction payload payload_hash=VcQSVRGgjXFONSrayH/MrcOY5YdErFOQM6h59EIZw74H9v2xKYYyTOJxdwVOSQ42uKIwge2ERP9nrjk7yVr1aQ== processed in 356ms
[2026-08-24 10:04:46] [INFO] [payment_gateway] Transaction payload payload_hash=tuYr2JPgiRTPbMTsIFFzpdrw5fASXk9+JOS04RQdLYsPVt+ymiMVj7segKXLFloUwWENgg7hOcqyjODgV5Bi7w== processed in 58ms
[2026-08-24 06:32:04] [INFO] [api_router] Transaction payload payload_hash=qKaggkSaY3n66ZaQLl1UeVlPwgieQQdCXR76PpS0jo5sGZmE3Ghm+/LKUfoJr66OapOlECbnLxlfgRfjf9n/9Q== processed in 13ms
[2026-08-24 05:09:37] [DEBUG] [payment_gateway] Transaction payload payload_hash=FLYWcXMVWI152MTGODFENDdyZ6D1oBobrcB3ttxxMwhd3ZUnsgJhqdqgfh771lP/a4v6ni9LEKP/ZHi4xaJilA== processed in 197ms
[2026-08-24 08:55:15] [ERROR] [api_router] Transaction payload payload_hash=fbcaTU9cYvvAkQIPlJlwxI2ad3g36xBmmKnXZIPUhz8cFdMbEq4SE7I10FOpzgcyRBSytnfI4kBFOCxwf9lcCQ== processed in 361ms
[2026-08-24 09:17:36] [INFO] [cache_layer] Transaction payload payload_hash=BHkVIpj01ft/Zt1EdqsMnx1xIM1fxYJfzXuIR2bZjMeX7mHGrea5LjFLXGWG4RY5Z1amtVOWMLmUZdbV78AgIw== processed in 445ms
[2026-08-24 03:52:29] [DEBUG] [cache_layer] Transaction payload payload_hash=kW7DxH/Je24kTvYj7+xcnax+iiSf3NrAU42n0LP+z/qLLnsmoIvPH7Q9ppEDlwQn5snQ2+NSOKdBkb+k00FhWg== processed in 127ms
[2026-08-24 02:18:10] [ERROR] [cache_layer] Transaction payload payload_hash=0JXCwYjXXV0/q8Cx/f3KQZA/++HeU1VR/t0OFT/u3VmDBCIIzw9+RDcJ83kQzbPJ0amkl4pQNmvcgrtkW3UAuw== processed in 98ms
[2026-08-24 07:23:02] [WARN] [db_pool] Transaction payload payload_hash=cMG0xfrz8W055OcnD6FImwS8ipy4aKiBQenU209BLbUDlgqEj2/TKDiETxECV8DP3FC1X5cGFa/WYQVQnPnHOQ== processed in 412ms
[2026-08-24 05:54:52] [DEBUG] [db_pool] Transaction payload payload_hash=jobuxiQTJqtLdVEKMFStCCN9G8/ouQCzd/iBKcio+7BWAdo2dWeYCLlQbjzbo7eqgjLGkDS0uViGw/um8KTWpQ== processed in 440ms
[2026-08-24 07:11:57] [INFO] [api_router] Transaction payload payload_hash=ppfAiYQS65Bz6MHIb3eFKrEka8aXKeUUACpfVL20qVUfFnpg4VhbncF9otudi0jRbGqFz62bRC1YMT4Dy+h2gQ== processed in 415ms
[2026-08-24 08:23:38] [INFO] [cache_layer] Transaction payload payload_hash=hhu6FpOSEyRPtZ4kJagtU+3gFAGazDrrs4Xv/7A/7u+IBbQ1KdKYbaFvM9PxwHUWgCT2gutQwMhFgcP3w7Z2wg== processed in 318ms
[2026-08-24 04:58:26] [ERROR] [cache_layer] Transaction payload payload_hash=EWrlwdaz/FDsm7zO24wqBHNjWvhYXmPntal9hriSjuJ2wKoZdNIrlsv//eXDMuvAB1ZFVT2B4GBjKxegH2JQig== processed in 397ms
[2026-08-24 08:00:10] [WARN] [db_pool] Transaction payload payload_hash=b/nnGbLRseYEsrbTOSs77efWbk118ZWfw3RHShwH5Kz8e67hl9STSSNKuhTJlCN8Y+fiZZaD0gbmoqxcS1ynlQ== processed in 91ms
[2026-08-24 06:06:24] [WARN] [cache_layer] Transaction payload payload_hash=kYfOhqIZBuQS0vuwBN/aXV2E4NcUzTOCUPCffG0GKNKbimX7+QXB0c/MhPPxPVVKHAFr8vS0DjN7zI/R93yjpQ== processed in 479ms
[2026-08-24 07:08:06] [WARN] [api_router] Transaction payload payload_hash=R3JzBKGQK96tMDHpJyJ47srbiUKoNbm8mZzpAOkPQQg0ZDJWSIRBSoN1CBRlXWittdc7Hvf2b5wDra+zof8VKA== processed in 183ms
[2026-08-24 05:58:48] [ERROR] [auth_service] Transaction payload payload_hash=la43F/taDNCjvL8qPqp2CFRULKklpFomd75spIUQ8Msdye05q7eeHu44IWR6/M/H8X/5+DuMY+9AWwtft5C1lA== processed in 57ms
[2026-08-24 09:38:19] [DEBUG] [payment_gateway] Transaction payload payload_hash=8lQEUebuyz2avHfDdszpfajX0Ju0DucHFQejc7iZXUfA3hNFNnC/7nbDH2c6UW2+T+o1WbwbZdaSUpG3NsO+5Q== processed in 124ms
[2026-08-24 09:15:36] [WARN] [cache_layer] Transaction payload payload_hash=CghH3tyXEc3Vsz43xA6Yft7XwWX7LIuZpqnijs2pf8oiux6Og03ZH8w88U00qRo93heDlB1gw56LUl6duXRD2w== processed in 177ms
[2026-08-24 08:19:15] [INFO] [payment_gateway] Transaction payload payload_hash=9ApVyYc/90mUpjwnQG1q5KNRA4xyPd0bQcEoskwzabVB2k0cAoB/cp7Yhab+QPd37WD7+7CSsnubnoIeWvPm3g== processed in 297ms
[2026-08-24 10:34:13] [ERROR] [cache_layer] Transaction payload payload_hash=yaNiI2spImttSGkJ9QMk7dpI0LwxJO6ZjOaAfVJ3sVGZqgNz38CIT14RjT5kzS5d/OtlWfvIqFAl9vVendnYHQ== processed in 227ms
[2026-08-24 09:33:15] [INFO] [db_pool] Transaction payload payload_hash=2YbWfCJbwOXPg1LJMUNweR5rQiIhNbj885PBRhgm28tryqH1Q/4SQRQxj86nJ1BfANqK1FyZ5XmozE6N+ZDviA== processed in 350ms
[2026-08-24 04:23:54] [DEBUG] [cache_layer] Transaction payload payload_hash=20TA7Uqz0Df2l8RbndkIOilLTti4ceGNthe7sdfJcsBpq5or8pwh9iem7X/8NZIKMDNHgflbf2Wmp6YM/2xBqw== processed in 450ms
[2026-08-24 05:40:39] [DEBUG] [db_pool] Transaction payload payload_hash=tBXA+b40B+lap9Is03y/oQRm5QhN7i6HSriBorxN1xoTjPURAGi+32w+6G+A4OGKoyFMCgTm27yfc9vdHFl0vg== processed in 278ms
[2026-08-24 04:11:15] [WARN] [db_pool] Transaction payload payload_hash=IgjCqhCvwau1wQ9RmenI1G1YzfihGn3CB/TgiXeZyUZQ6A2x0usw04Rr1Hfg1IfKF/7IK1ZqcAnyRd+mLhvKOg== processed in 196ms
[2026-08-24 10:06:28] [WARN] [db_pool] Transaction payload payload_hash=I/dUT6KM1JFcYf5rqx+0vPVJLNTaRUOSW/TASMqKaBmlpUG+IVBtOZ/Xg9HaM/XiO9lhknlBttWAqsRKU9lNSg== processed in 433ms
[2026-08-24 05:25:28] [ERROR] [auth_service] Transaction payload payload_hash=Ghjf8C0eDHuE/cOB/fzVvvrU6HuXAWQGYX6ks2O4Kp4xepKboCtILOm5KN3WsOtbviGCHzKcdgTODkMkjjWESQ== processed in 409ms
[2026-08-24 08:51:04] [WARN] [db_pool] Transaction payload payload_hash=ckoQu3T76KjdRujw6PiuXTrVvBZefodUJ5IohsgXP3puOQXl7aM2gLj+78Uc4xHibUxy/pGkwqbq0Y6QJPxNdA== processed in 124ms
[2026-08-24 04:06:52] [WARN] [db_pool] Transaction payload payload_hash=b1iASxwRcWJWmTJRAhk5jr4yGAWpOLS2qMiYzjYbNRuNuZ7zIaZoIH4Qta0YCDAlSvKtq8iR+IgQSugHeNPxfQ== processed in 282ms
[2026-08-24 07:51:05] [INFO] [payment_gateway] Transaction payload payload_hash=nDPxJfiwuUI5mJ9EEIP/tT43ZjzqBhpXDuNosqoGfEd01ScfZUcwVqapmBlcEesqmAMSqSilDSQWroZHABMlcQ== processed in 428ms
[2026-08-24 04:36:42] [WARN] [auth_service] Transaction payload payload_hash=qzEVkGKbk3XitTRStqTg1iyeOAXnrsk3/CktFZov0xds1kaQG76I2hpRoTa2ZwhLQixq+EOrhAqYr5Us9v54lg== processed in 102ms
[2026-08-24 11:09:16] [WARN] [payment_gateway] Transaction payload payload_hash=jJSka+9uZqZLcbh+YbXxtjQKFyduokvYw627C86TTFpzaFHpyNIuNjIbQKJk1eeSQTYiSsTj5+kB6OVdh3i2uQ== processed in 173ms
[2026-08-24 08:24:15] [INFO] [cache_layer] Transaction payload payload_hash=21Wqk2x0h9C6sOGYlxZNB0KN1YFl5GS7tBu+GgfNiVcGRZwpGR4snEeRozY81wc2c9T+3P/yCTQBEcpWRwkrJg== processed in 151ms
[2026-08-24 05:26:11] [DEBUG] [db_pool] Transaction payload payload_hash=zjPp7GXW8e/jnCIs/7y3/4TXfXtHvlM385KiAw+blUT9CaJN9UVmzMAQfF8zA5ixpmjPSB/xnyGxUERXkIiHIA== processed in 436ms
[2026-08-24 09:48:05] [DEBUG] [db_pool] Transaction payload payload_hash=Jg/w8veMeNRJQ66eXRvltN//Mz9W6P6LUeDidddm7jy6sTd+daXJtzPuxqh5yzLenhd59WMCFuArgCCcgJu1Vw== processed in 103ms
[2026-08-24 03:09:14] [ERROR] [cache_layer] Transaction payload payload_hash=dmIG/WvXzLWKyM4uS49HY2RNHwPLwH4mJVmWU3SgHFPBvUNWsYPh2Un4MCoAEOsx249Q0uUiLSV5U9gdvQ7gaw== processed in 417ms
[2026-08-24 09:21:28] [ERROR] [auth_service] Transaction payload payload_hash=SS7KeH7bPypxfMWMpHYpafYZ0IKT5WkzzZjU1qpy4bv6JYKt9pmgOZkUCDDuVxc8OgfeoD1f3wshPda/iOr/aA== processed in 285ms
[2026-08-24 06:47:29] [ERROR] [cache_layer] Transaction payload payload_hash=yWxP0DKcr0pzFKn61XVCyd0MlMYfWI+Gs0eN+C6GeENv7U7KrKk7QQkX/ie6Fe7mQnFLt9KlW1z/u4nq25+JSQ== processed in 372ms
[2026-08-24 06:06:33] [INFO] [auth_service] Transaction payload payload_hash=zisLUoowrELpHZT+tckbGt9xYSlaFdv2veoH9PkfGBD3tQjPCI8EMmCmcnJiwG9KMdGN/68l9kepc/0gDXAAQw== processed in 84ms
[2026-08-24 07:56:59] [WARN] [api_router] Transaction payload payload_hash=8hksplh/+33PEHdUghJnNvQRLBTIeOtr0Nnh96wM6pvKgRkrWrs6xo1hq2pPNojieCfcMoaegbmcpmExXN8lXA== processed in 250ms
[2026-08-24 06:07:04] [ERROR] [auth_service] Transaction payload payload_hash=ZHimZiQc9vqUVKz7WDAat9HMHBee91b4k/EymaYy2UtvFXIEcQCF3p3fHHb0IJE8mflnBjOGr5i70guugQbZ+A== processed in 291ms
[2026-08-24 09:42:49] [ERROR] [api_router] Transaction payload payload_hash=zqiMUHpB9BwmkpaU7AsTkCGl00reMMYcez3zsTpKi/Y2ZlHoE9NXLRxxZfS79QvZ4NjxvOnKuIxRSoFxBU8DuQ== processed in 229ms
[2026-08-24 04:57:04] [DEBUG] [api_router] Transaction payload payload_hash=l2oaGgS2q+tJz+4TRgnV5ZXah9zhrAm093Gd19rXtMsaYFEG7AjRgUSyhPew61M64GPu9LveAFl5TFdqzVsaCg== processed in 186ms
[2026-08-24 09:18:54] [ERROR] [auth_service] Transaction payload payload_hash=FhHD54SQrwoQ5VXjYz6wOclo9jGTT+25ierVB/tSsPcnE1jrVWaL+BbNy05V0GC02HKD10c+fnQrwGTN4Knrzg== processed in 43ms
[2026-08-24 08:32:49] [INFO] [auth_service] Transaction payload payload_hash=0bTuUrioc62f8/zEEGHwddIn8GNtmb7Lbj/gV5DiNSvKGsQxLuVeIRCX0UOcH99X2g7qMQTbeu2iiVAlw8+Ujg== processed in 495ms
[2026-08-24 08:23:36] [WARN] [db_pool] Transaction payload payload_hash=SdacEHAD0zy48MIjEWtiby14dq0TIsgK9PbrLaJSnt7Mb7vyRolh1G1P1Da+uOaEi1GwZIX+lG6zPOMDGjI0Zw== processed in 362ms
[2026-08-24 06:58:08] [DEBUG] [cache_layer] Transaction payload payload_hash=G0gAONVg5jShPMJTS7iNxznGfeZ0rhF5rbdnDtG4ZM58L1JnKFlEGvCS8vEdI9lT/FVsnAqmReQn1VoyzhfiCQ== processed in 117ms
[2026-08-24 06:50:07] [ERROR] [cache_layer] Transaction payload payload_hash=49N3fXGb9qVqzMwWq9GcJ6BEVocwzd8pOpCm8oNxaN8YUAcp0eoCuuB42hN2FV4wXXJbhjMCYZ1xCqTslPI0xA== processed in 285ms
[2026-08-24 08:16:22] [DEBUG] [auth_service] Transaction payload payload_hash=5LnWKnNRVC1PHd42/PclCPToP1FYfNEKWrv8oV5yfETifdWD7Rjn7LEvs0n54yhQ8xs/9zOHU01SECE4tP9STg== processed in 180ms
[2026-08-24 08:45:26] [WARN] [api_router] Transaction payload payload_hash=+EztNoQClEiM0T5mIquevNe5h/CkC8VXIX4CaEe8GZ5lRuo1tfrJAQL08fa4XETf7ocgcseiKBScpwkgRISsVw== processed in 387ms
[2026-08-24 05:17:26] [DEBUG] [auth_service] Transaction payload payload_hash=xFMrIauRCn4dqHEtH69ggyedZ/C0Xztk4CZaI5rOvSaTxVcmV1MfEaaf0NHZWvOfNm6LnHH/4nPaajv6rIxRMQ== processed in 170ms
[2026-08-24 09:47:58] [WARN] [db_pool] Transaction payload payload_hash=EKBYFB213EpoHq+IU0RWwHipMBwlOcTkbBqdt4EECM1nbSjtXtMRGJPbwUW782HtMoJX0ErC3X6Z5e/q8Ga58w== processed in 339ms
[2026-08-24 09:51:36] [ERROR] [payment_gateway] Transaction payload payload_hash=nWOoKqLg45CPgxK3O6VCQyj3d5+fouj8RGRgm2kwqBwWZ3yEOE7cUQ9BekJdhAh8i4kk91sbJEMljYw83T20Rg== processed in 302ms
[2026-08-24 07:24:38] [WARN] [db_pool] Transaction payload payload_hash=IrCiQ/vq0L3Qb0DpqM20Jv8JNZI5YnO62m+L2f2nDoFkAbz2W2yJ3GZS/9Kg2dNbv29um67yVP4Vv66L5kwBHw== processed in 179ms
[2026-08-24 06:15:01] [ERROR] [payment_gateway] Transaction payload payload_hash=LexxCN3DsDLhTcAggvQt09depkKuj5IDCU3683pMKpUVjBn5exlBsZASIxI4Y37sCLT0y9WCXpH5fgC+bxUb+g== processed in 366ms
[2026-08-24 09:50:15] [WARN] [cache_layer] Transaction payload payload_hash=65JXp0eAPZDJgL/7B9IXng7NIuiYoTH7/7LvylWIxaMaZJoT2ElaZUw5BbzAS1BcjQovPJC6DMyy09aN8ev62A== processed in 441ms
[2026-08-24 05:29:17] [DEBUG] [payment_gateway] Transaction payload payload_hash=djzNshPsxcVRDFlObJAsuzxdESQzWW9nS6z+ESenqIIHsznNU3sy4txwkxCQI0+LweYfyFmjRR/GymD8v0zjOQ== processed in 241ms
[2026-08-24 07:52:57] [DEBUG] [api_router] Transaction payload payload_hash=5+IHdyjYl68NibbDZTFcNsM6c0RIQhn/6OGST88VrOleX3M6Rq6jPM7JAyvvrBArZR85TCO90g4AlFwchCw0VQ== processed in 98ms
[2026-08-24 09:05:56] [DEBUG] [cache_layer] Transaction payload payload_hash=/aKMauC9JvFu/vWBBKF7V333kiqgJ13CHe5U595XPnUnFefY+5Oy1FcGxj6sosLsrS/N9slb1kB4M5d4OBu3Wg== processed in 23ms
[2026-08-24 06:42:27] [WARN] [db_pool] Transaction payload payload_hash=I+2zkSaI2lBLoQqQHjq7FPmif56a2k4Z+FqZo7tHbw+SvJ2z2DNc/j75zTCDndHIGQ4HghvZ8dyr4rytrdtssw== processed in 389ms
[2026-08-24 10:13:20] [WARN] [payment_gateway] Transaction payload payload_hash=L6kE1uyDP19AxItytXg68+0jaCbv0oAJbrEQpYZvHiLWwVxW4tDcN0Qlt8rP17guJ1BCBZB2iIK4m+gXgBofaQ== processed in 263ms
[2026-08-24 10:26:50] [INFO] [cache_layer] Transaction payload payload_hash=Sy/P6Tbqk8Aqllu8hLXof8CKXr5V4RCgg3qUQxIAvAoETfi06jhQqsqNUt/V90+yokz2ljmyqjv5T443Z0bR2w== processed in 286ms
[2026-08-24 05:04:00] [DEBUG] [auth_service] Transaction payload payload_hash=7UG/5JBkRAfmymUzjo+hCN/rI7bB0Ok8jezYU1pukmbmapjpxXXPQbK1xo0Rsy3TW8LKQl4Y223wvYyjPxvzpw== processed in 94ms
[2026-08-24 08:43:21] [ERROR] [cache_layer] Transaction payload payload_hash=T59XtrcbehfGF5rqZZk+2I+8LTtt1AP+GLV6Y8zLt747aKwMFdAJdnWnEnWjTPfgjCLsr68z0HlUkRg5yPxYJA== processed in 119ms
[2026-08-24 03:41:17] [DEBUG] [cache_layer] Transaction payload payload_hash=HKdbYJtksbC9SfCYS6hooIIVYBbesYZ39Glo3qIRsg6sL/amEkEz1KJjbTjDmN5Zpx31dH1iVMHT8zUxQ7ROKQ== processed in 120ms
[2026-08-24 08:34:25] [ERROR] [cache_layer] Transaction payload payload_hash=IYtsqd/D3PeEQhdXb883fhxAfQl2Ua8HrILDwgRsd/VCOeXQoEw/Wyh1JIoKV/s5gq9ZQzFVlRv+xgg5t09wJg== processed in 427ms
[2026-08-24 05:31:26] [INFO] [auth_service] Transaction payload payload_hash=sjEzRJU/GKMEBioDVZh2j/yeQxySc5bphhzRgIVyTp6ZeSIW4ESClY2CAnRgI5QjZaX4kAKHXr3lR3OUwuVe3Q== processed in 85ms
[2026-08-24 07:55:50] [WARN] [api_router] Transaction payload payload_hash=VQ7mCBbYACH04HeQv9+p/U6R+kc3TTcG3A3NLzaN2uQSVYB08joLjhD/jNEYDlrUyWeIAW0xE2Ww4JndHKQVEQ== processed in 362ms
[2026-08-24 08:03:42] [WARN] [auth_service] Transaction payload payload_hash=NGlB/v7yZIdg/AYP8d0+A+6jlBqmwobefc+9/WV7Kt7Q/8wnRRdvAkHqYbwJNBq1cuOs8+yU6ao0lqSCjKC8ZQ== processed in 173ms
[2026-08-24 10:16:12] [WARN] [payment_gateway] Transaction payload payload_hash=Sb5BfJksznoNHFUxhaKVzqOgJVscmtbHu7THKBPJ873fb5NYiFQdr7K58luPKAaOmUgtTyCYmq/bprUw2GKogg== processed in 388ms
[2026-08-24 08:16:19] [DEBUG] [db_pool] Transaction payload payload_hash=AEURzjPrReA9PF9zV4HViv3sBAM82aPo9Zn2TyhxCxKIut/9pXG76ZnOhPafwjIxG+o5VCNJ7Ybo+epSpcIvnQ== processed in 483ms
[2026-08-24 09:06:12] [WARN] [db_pool] Transaction payload payload_hash=GmOoS6BAl3YQy+HYYq3pbdkrS081YWSVpPtvko8YDF1f+beDS1jhYI6X/x1JbiBnIF32cYkG0hP5VYXssjjBsQ== processed in 211ms
[2026-08-24 05:45:09] [ERROR] [auth_service] Transaction payload payload_hash=LrAf00BkN69E6zaC+SYKQBVKK0lzG+9ymsi7DeU50KnRY80Qv8oTR3o/92cNcTDrBvcug3ZQcqy4zZe9qCikIw== processed in 207ms
[2026-08-24 08:18:06] [DEBUG] [payment_gateway] Transaction payload payload_hash=m3FQibFeMB5qBoqXJFUd3VVYheWBNHu14YDKhkKoOtVMjb1YG4RX0DZQb+X1WmaxjphK6AW4tHWPMXR/3wQthA== processed in 465ms
[2026-08-24 06:36:35] [WARN] [db_pool] Transaction payload payload_hash=Nz49S4H4N/PTDmxSqCKzHEgG3ibCvJj5vPcY9o0EjVK4TMvjXQg7JGJvsgZIC6DJx71xBe5gX5XZ84DM4cKNbA== processed in 123ms
[2026-08-24 10:40:24] [ERROR] [cache_layer] Transaction payload payload_hash=yrtA8IF+2ZzfYBMx+Ifr7V8+K1wCPmIvUFuZ9KPHylsInRWA3TMimA2klMPkjVpuJMfU7KVnRBgKCVvN6KprqQ== processed in 478ms
[2026-08-24 10:28:00] [ERROR] [payment_gateway] Transaction payload payload_hash=dGBjHtztMgRFO77OVq4DecnpERSoKckaBblNlnY9NoOJjGApPQBfIQ2joPccfnBVQYJ+BkcB0RoN0ZiGt/WeqQ== processed in 124ms
[2026-08-24 03:24:14] [DEBUG] [db_pool] Transaction payload payload_hash=08IM6Xb55k+MPwdgAMR3TF6xAZ9SkV+QHJB4Zp3YKQBpPTvsciVSwMCqbbzBStFDiN9aDGxKJK1GgvSL716UgA== processed in 53ms
[2026-08-24 11:07:34] [DEBUG] [db_pool] Transaction payload payload_hash=04sM2tXAk0FeH4y51N8ThubnnX/SawAZw1Q2Dn9svUSh0+YDijqBdHAf+EgQuCQXFCZoR4m8fRHdD+pcVTyK7Q== processed in 28ms
[2026-08-24 03:01:38] [ERROR] [auth_service] Transaction payload payload_hash=HCJnXKehMjM99wAiBsKo0INE2SOg7fWaakDtJXSnpaq5YpUVmqPF+rDqEDa7cwE7SEXdigC3way29E5mYBcd7w== processed in 309ms
[2026-08-24 04:42:18] [ERROR] [cache_layer] Transaction payload payload_hash=IrfYoZWkJhKEchuMt4e88BfIsWMv5zQQtDrr53z2Gn0A2ac3AzvMJvTZ3oUtdE+PxcDjB5Vzjiyn9AK7BW4CVw== processed in 410ms
[2026-08-24 06:18:31] [WARN] [cache_layer] Transaction payload payload_hash=Y3NjnlRVboo8y7Wa6mtfJi9/URu+dF+0Q3bYt61+e06pymg6wwyfdQ9OpCn/Y6XXVR6BteNWC5vBSy9VQNY7ng== processed in 120ms
[2026-08-24 03:10:00] [DEBUG] [auth_service] Transaction payload payload_hash=I/quMp1MRzTq7OhNWaMT0JNTJvhP2FFrznmlHk6YrQOvyXP+oDvv5rKaRsLeA/4CEHvP16AYK48MoyousXTawA== processed in 75ms
[2026-08-24 09:03:44] [DEBUG] [db_pool] Transaction payload payload_hash=4yR7xg0uAvPe7NIVM6Gk3CbhwJQsSIImYjO38Q9/F36dHtVll2BIael9gGvo7Vi2aTbkxSB/xTEas97Tlmb8FQ== processed in 427ms
[2026-08-24 07:00:45] [ERROR] [api_router] Transaction payload payload_hash=9aFUEhGivtmBCB0TKTaone0jMM32bZhB8D39+/7KxMJ1otJW6mVSViriPKh7u2k8Ne9az+U7naLQNeHg6JgyAA== processed in 24ms
[2026-08-24 04:37:08] [INFO] [api_router] Transaction payload payload_hash=KcmwsVY1iTqSdVPVi/F1eX7i2L2griXrbdvD6gOtg6NkfPDsscBKiEnMLIxKaQXl6xk8+Jm9064PSXKIhmlp/g== processed in 147ms
[2026-08-24 02:56:12] [ERROR] [auth_service] Transaction payload payload_hash=IcOx0GjDGD43trVifP9ZKNhk2DgAhbrt59XvyjVQU1F5Y02t0UFIQBwTLudY6oxm+3mMrGjSAl3dMi0L/eeXxQ== processed in 21ms
[2026-08-24 09:33:16] [WARN] [auth_service] Transaction payload payload_hash=VOzvsFtwljB1xdSjPDG6XC9rV85bIP5JP4Oz3FDzrbSqFOPvedDLOLYM6a7detYuW9PD9BfFuf5D9pk55FaetQ== processed in 355ms
[2026-08-24 10:12:04] [WARN] [payment_gateway] Transaction payload payload_hash=Po7VzUTFcFHtwcewVwxIIz+xSVYW9aambNQYzRSbMQDT6zQqXSU1xOr9MbSdSQx8jIQULIrzUoGmy/JwUsfToQ== processed in 339ms
[2026-08-24 09:24:50] [ERROR] [api_router] Transaction payload payload_hash=QyIP4IM4dQrVS2sg1gGr28Pb6mtbewKDjoBn8oKKk1SZEFglF2oTAB/5nwlsJPiSrVPrH0ommTnRI7mUht3GQw== processed in 374ms
[2026-08-24 08:16:40] [INFO] [db_pool] Transaction payload payload_hash=sImzqglI46pmc0fRI9xMznM0/Vi6j1KjhW79SDdBo5puoTZv6dJByT+elwdxzwu46x32XCaS5ER+BIkvpQ4dZg== processed in 408ms
[2026-08-24 03:33:01] [ERROR] [api_router] Transaction payload payload_hash=2utybjOirEYGCTOSlNxVzyTvzwuUjAr+qOqahhq34dfb7pZn1dQTw/TG2Cq3NiKOcw/kkzZ3hQawoz+qVkbPEg== processed in 8ms
[2026-08-24 03:53:41] [INFO] [db_pool] Transaction payload payload_hash=fvqp2OwpevmKNNVunUV2zcNA4AdrH89h4wdmtdr15rMYBYhwe1AyzublLc7BgYsV69/2a5+QRHbVAK/FnsriBA== processed in 59ms
[2026-08-24 09:00:34] [WARN] [api_router] Transaction payload payload_hash=gnLhVZiY/eKso44j0y/buM5HBm6VddqFmMJ2vXkmDtel/bCOhdIZHw3WjGGrhOqgvLres9yvntaEwXhUkI6Afg== processed in 288ms
[2026-08-24 05:04:47] [ERROR] [payment_gateway] Transaction payload payload_hash=DXw/UFEmRJgRqnC34XFOWnPSwxUimFPdAqZhG0kxtIggEedtgOoy1XDYViX0tS7vL4yqLHyc6u1ihxanlDTiYg== processed in 220ms
[2026-08-24 08:25:50] [INFO] [db_pool] Transaction payload payload_hash=4ieu0wWIuwI/5H+iVHuKq6SpVWKqddW8nJLc+w9lFzOvTD03WUd/Zp4HRSLSG6xASoH1Nfid3JPDVkbXvT4KdQ== processed in 70ms
[2026-08-24 06:03:32] [ERROR] [db_pool] Transaction payload payload_hash=4zItbKODjiRGInBupsfgPWItHuxoJkVhTbIB2Ma7CZ8N9jSSZ2G6+YL3xFgYMF65dN2urTAMZUV7SWscdDCvlw== processed in 309ms
[2026-08-24 03:12:13] [DEBUG] [api_router] Transaction payload payload_hash=8YWkzqheupfxqw8ezhxPuMLa3Wz5eb9eHAEbWdvf+orQtOksGbprmVRWhfIh0bxMvvGTHbqz3eOcNd10UCJoDg== processed in 364ms
[2026-08-24 11:03:25] [INFO] [payment_gateway] Transaction payload payload_hash=6ZaoBMp0PL8WUxorjIjV2vm+HGnEeII8bpXDNGhH2wBNL3gKJVeyyNIxHkth1qvwScYsT1ayDH9BdW6QkguauQ== processed in 226ms
[2026-08-24 08:01:35] [ERROR] [db_pool] Transaction payload payload_hash=CrQ7tL5rNMX0iz54qCzofg97gVD87Q5N732djeCKcXModyDdz1sI3HIVoys8txCEB1+ScGkJ8Z1FqkwKTmIcyg== processed in 288ms
[2026-08-24 10:01:32] [DEBUG] [cache_layer] Transaction payload payload_hash=E8mVJMCpDLlPTjJYDJpyuIe+2M5mtWfVUi058cfVR5LnmYPqfXrmCaEmmm8XIZPoWYRV3lYEYamLwX0rgPd4aQ== processed in 421ms
[2026-08-24 05:38:05] [ERROR] [db_pool] Transaction payload payload_hash=NEhsCU1DSZnxSqd3GTWAW+kCHYTD64O7/VmRlFrsxCSGwgxIAe/8OSzpFwAGS/s46YRbqDvJtbJMeLLjmVQGPw== processed in 11ms
[2026-08-24 07:27:17] [WARN] [cache_layer] Transaction payload payload_hash=EWeBisOeLK1zv9s1Gohrbjs7cpOjDWQeM5NpMdZNNhXKlS2DeN1ekuWxAQy3336xRLonDTY0Fyw9YAktBv1yUw== processed in 199ms
[2026-08-24 04:46:16] [ERROR] [cache_layer] Transaction payload payload_hash=TtyAmVb2tz8ZC1VJRJ/25W6XwkALu+6G0ZK3JPx3OpUZ9A2u/B5dkcvHK8RXxy0NT05rg33tXo5p+POdgTx2pw== processed in 413ms
[2026-08-24 04:37:03] [INFO] [db_pool] Transaction payload payload_hash=APJndV8VA9QehKJdk0qEmsocrztN6L0nxfQAHXJjpbvhZ5ESNlUCwSo/67NehsR6gIFhC7NtfmtlXH7POtgQ2w== processed in 414ms
[2026-08-24 04:55:01] [WARN] [api_router] Transaction payload payload_hash=1HQuHgbxrLT8wHdEu82S3NVSayfk0xGJ2d2PwvOIbdnmIP3mS7W6qlluB/y+CIPIg5wgZcuN4cjvRhcpqqkaPA== processed in 206ms
[2026-08-24 04:43:06] [INFO] [auth_service] Transaction payload payload_hash=5H1Yz/MUvc9o02ETFlScwOmExlTM6BNeKxSJsataRyW5twLFx5YRP+bfLMnAh/EgowEsu1I9WEGbxPeA4FPc1Q== processed in 105ms
[2026-08-24 06:00:26] [WARN] [api_router] Transaction payload payload_hash=sg9ZRR4Rj307yYZZjgR+PEFAguJtIGC5bk1rhh2nfdcSXXTyPOsOE6a3qAjtK/zqTSfkCd498CTDtPSHFDaamA== processed in 267ms
[2026-08-24 03:36:37] [DEBUG] [payment_gateway] Transaction payload payload_hash=ErPe2hyX6RV/Y5ioZH7qqK31+Zuw4eZhPKq79g2h8TrnmHy8RxDVqrtbLuONroJc9iMoxz9qhFKqtshGzEbxKQ== processed in 277ms
[2026-08-24 03:22:34] [WARN] [cache_layer] Transaction payload payload_hash=95g7WZKxOYkk/bo+Dw2+Cc8+OvsrWTIjJKjRbDsehMr9zu61bE3uZPuT0YMV6YZZWQvEAdEwE5BSzmNuDCtJKA== processed in 39ms
[2026-08-24 09:44:45] [DEBUG] [auth_service] Transaction payload payload_hash=Hy+3rtV4iSD94+nHos5tzL/+0JHNYlhp4/v1TEa77Fsh7u+sqYCEPDuo2ZzjI0rxnBPtzF+JbBEJ/DTDGTWIjw== processed in 449ms
[2026-08-24 07:09:33] [WARN] [auth_service] Transaction payload payload_hash=pmXIkTNlzs357QmkJK0BToR5xJfbwbXorxiM3yCu99QgRB6sEO1aMg4QLRSo7fEI4FaywFA2dY3atc5pVUb+FQ== processed in 137ms
[2026-08-24 02:44:54] [DEBUG] [cache_layer] Transaction payload payload_hash=mw5z9ZvXugGWpKyeLuUjYZys9MSNQ8TAcE4BTDZMUYAXjuu4cxIATWQGjCluW+8FtcMaFg0NEgmn151pra3uBg== processed in 423ms
[2026-08-24 10:13:09] [WARN] [payment_gateway] Transaction payload payload_hash=693pY/ecXtFP/RRWAA6Y/V2/K7ZY8kIrLvq+nvwRBgsfpDBtm6l2u4HxbR4qr7N+M/EuiQOKWau7QnNCsB1Opg== processed in 303ms
[2026-08-24 09:33:49] [INFO] [db_pool] Transaction payload payload_hash=TNS6LWUk2e/sSsgiv/yqgYN+hVFOegES6Ed37eR2LsLwTI4s9TKvW2InS1zsJ/nM+V059X23r8z9dX+o+27GHg== processed in 430ms
[2026-08-24 10:48:38] [DEBUG] [api_router] Transaction payload payload_hash=G8+epzqdW4BfpVvdbz1uZq6dHs7yXT3TPxAw7Cf6k7oTnyXP+BWZZjoLJjGzGxCw517Q0wz2o4TPOlGAIWEBLQ== processed in 134ms
[2026-08-24 05:56:55] [WARN] [cache_layer] Transaction payload payload_hash=+1eYwolxHQ+N5fZgZnpGvl+aFo7YpzvmS21srNf9Bp+7YOYwyh5KVjrWU0End8wrsopcd6vtw/zKsprihbx/tA== processed in 215ms
[2026-08-24 10:03:18] [INFO] [payment_gateway] Transaction payload payload_hash=5q/oBPhB7HV+IH3RhbeiixaqeKkN4FeuWloh7oR59zqABosr6/kbt+kggWE6keC4sIyQeuRHR+RpaVwAlphBzA== processed in 190ms
[2026-08-24 08:13:05] [ERROR] [auth_service] Transaction payload payload_hash=Jl4Vci5hBwg1wZdz0tDYOF21G84awzdZQ7r6LuFuT25VWTkjR+Y8iokCEVPA4Fv/kCH2DQjMAgk1l9wbmoji3Q== processed in 10ms
[2026-08-24 07:41:11] [ERROR] [db_pool] Transaction payload payload_hash=Ccqcqj94WwBG9p4TtbASa4PEzBnL8Y6SpUjwC44CNl1FBbdRTfvuVy0i6aNAN5rQpDusuD59hE2IVL6npjwSJw== processed in 418ms
[2026-08-24 09:06:50] [DEBUG] [db_pool] Transaction payload payload_hash=6s7tbsOf89V09TiqVL0TwN8pmUcj3bSSK0w2GeQoOvhWu85vmoTugL6xGSDtGtBv0u1DOVoauwpAQjoJgURdhQ== processed in 77ms
[2026-08-24 06:31:07] [ERROR] [api_router] Transaction payload payload_hash=7Fe4xlSZZTPRboq6uPLcdN6BpgrdjcTCsoscZPGk4SPcWhxpmFe/2LPtjEaZwfdj2g76E4oBv3mq5EVq1IvtDw== processed in 146ms
[2026-08-24 10:48:05] [WARN] [api_router] Transaction payload payload_hash=0BUlCcpF7P5O2NnSFypuJ8je2AVdHxhrMjm3SkfBZZSq0FsBbsrZYcxQ2X7ZMD+s1D5yehPWfa2Bz6d5lzf62g== processed in 453ms
[2026-08-24 08:17:15] [DEBUG] [api_router] Transaction payload payload_hash=/fIfNaWg6Yahv2KqQKXH4NeKMCOMUeFNARnJj7Qtp6bktc9n2cAxUgnw0d+eR819oJVpVOJksmPiFC3nPiwVnQ== processed in 189ms
[2026-08-24 08:50:01] [ERROR] [cache_layer] Transaction payload payload_hash=pjXhALiBxFcQaUwvIdSPDaiEdAaxHc2BwN8X69ZVpBkwlnya/7LDqhpJLp2/4AkO9ZGIH/T0ccImKtqSBu1gcg== processed in 480ms
[2026-08-24 07:26:33] [INFO] [db_pool] Transaction payload payload_hash=c7B9hNGiMMza2XuW5+uyR2llAyBGh8nzZuo7s6f+KRy7NLOWoLWCNfSd3HHgzFum3NezLILli6MalaB6ocNdjw== processed in 213ms
[2026-08-24 08:20:29] [ERROR] [db_pool] Transaction payload payload_hash=V//FPWYZJ9OUyJoYb54HH174Yt+pkwvAk1VgYHhQPfNdSHFcz28In91iT7TiFyEfRmQLrMoKsYbT/I157ArJgA== processed in 444ms
[2026-08-24 03:17:03] [DEBUG] [db_pool] Transaction payload payload_hash=w/DKeYtktqfQSqvzCR/PxVAm0ifbUVeaW+Z80e6X6SRPBUCn9j2Pbz5WiqCp8D1w9CJAdcosUF9JQQpLNDBaiw== processed in 210ms
[2026-08-24 06:13:13] [DEBUG] [auth_service] Transaction payload payload_hash=/pgAqgx/WSqtS5xw8c7YHdsAilKtgdM2IimM49HSnCmhOt15ef2RSbeOpNeQP6BYz3MKN8kmVGl+zL5b41HiwA== processed in 411ms
[2026-08-24 08:32:15] [INFO] [auth_service] Transaction payload payload_hash=NIB+9a9Y6pc5ssNono4WT4IlQckfXek3Ax34Lt7+1A5zZTTutcnsN91viTQaV+5QcGZpr36fgXMsIN2tv1uHcQ== processed in 133ms
[2026-08-24 05:25:41] [INFO] [auth_service] Transaction payload payload_hash=gu7HkrXy7CvPP5Ya3Mf/MFSdbr3CDERJ+kJjo5Rkg1yXw7Fmf4ErgQqrsqxsJUh1WYSzI3ATRl2hnB8Ah3hNSQ== processed in 98ms
[2026-08-24 02:40:42] [DEBUG] [payment_gateway] Transaction payload payload_hash=bA6GTWFnCXtRxka9NXfjxTk+1dFluuMJXymc9VQ5s6BJ0Hyl8u1wU+Worw1EaDbATjuyQUXSjJq9btjxqAbggQ== processed in 352ms
[2026-08-24 03:45:28] [DEBUG] [api_router] Transaction payload payload_hash=Sa39uPKdnUKHAz6ztkHeIte7aH4hujVByPsZhi2K/7JSvmQY1hWEGhILzVtDwAYVeATK6Oh6zfc3hMHTAPQw3w== processed in 466ms
[2026-08-24 03:14:50] [INFO] [payment_gateway] Transaction payload payload_hash=uzjIuuUIuAMFDRxmgCTRTB+3mBr4vc/hR2kf7PtQcvAigv+SYynPOxuF88Z6e0LK+LMwvJmsWLmVcsLJG2yX1Q== processed in 23ms
[2026-08-24 06:04:24] [WARN] [auth_service] Transaction payload payload_hash=eb1RcJrWlWyoY/N6urAx3t6aXscL2btOnf9Poq2j4hhXBTKGlG2DPTmVJLyRJEbiFt8pMcIabLTljLCXK2Et6w== processed in 312ms
[2026-08-24 07:25:19] [INFO] [payment_gateway] Transaction payload payload_hash=rAlyt2aHurmQz2Ys9A8yeSjao4kUFWjZ95DXwFq4T28Dppe+6YDiRKpxuBY7vr0N/RHbRcAuq+kUX8eBZu5u7A== processed in 41ms
[2026-08-24 09:16:39] [ERROR] [api_router] Transaction payload payload_hash=ZUqgOAL7WG7h6+Hz7j4l5130cODtoLNCmacLVm0dofv//U/QIUGfH9TEU4fk4zMpZgkK8SQMeBthuegvvR4c4g== processed in 359ms
[2026-08-24 08:49:48] [INFO] [payment_gateway] Transaction payload payload_hash=fUrn+svr9lo0OFSw8qLmsEU72QVyIN8RoSQLCR/ICU6N9vYOoFliKdv+EcyVzfRZJoggqCYBTMLTK7QIDMNXcQ== processed in 450ms
[2026-08-24 03:01:24] [ERROR] [api_router] Transaction payload payload_hash=KbcQO6LEjly8cEexHfrTxtuVH27bU5jb+923k+0XZ0wMG8TZrXUM2PVREwhxE/Lp4HhSAgVCvJdtn4qJM56D8g== processed in 162ms
[2026-08-24 07:12:40] [WARN] [db_pool] Transaction payload payload_hash=qBWQKrtvm3S1ilkXv29tJU/3h5fuwXrhrEtRkvTswr9jIGDUJqIqye8gdfcX1im6FbvRupJcA3VKSUqKMv2HNw== processed in 341ms
[2026-08-24 06:18:53] [DEBUG] [db_pool] Transaction payload payload_hash=wy9+U4A6HJtXrXgrXbJW8ERNJqXrJIhzaOP1JYDXvvvAyuzI6SPXSuqc0ZJLxklCEAZZw6y5WTLd7rbQFajWJg== processed in 37ms
[2026-08-24 06:33:46] [WARN] [api_router] Transaction payload payload_hash=ibLE61yQ91aCNcU6MtwNGjoASCjv1YcxWqaWIQ3XTlFB83HQZkr+z3wLd/Me8jIImnyQ5BwydGdRuM1n1UqO2A== processed in 287ms
[2026-08-24 07:34:35] [ERROR] [db_pool] Transaction payload payload_hash=w0Al3CcdoVhYlBoeQ9EpuM4F3QgtJUq+LAUM7gsZK4NbKeacTZKXG8yjKPKq3zItNlj1gDdNW2eYparktM0PYg== processed in 490ms
[2026-08-24 05:28:43] [INFO] [payment_gateway] Transaction payload payload_hash=NK5AvOzt9SY73xvijO80DRycN82hGlvvXISn4jqCW95Y7dV7N1ZyaiXgxDz2K+m33klN5ixgabzdlK4Zazy1wA== processed in 445ms
[2026-08-24 03:09:43] [WARN] [payment_gateway] Transaction payload payload_hash=/7+gB8Pka63TGJwH9trhuFrf03qnQKx37J0cJHSwCZvY8xL1TdBRsJLMoGBtO7Ihz54o/KIpJOfqFYDB6yntNw== processed in 41ms
[2026-08-24 07:39:31] [INFO] [payment_gateway] Transaction payload payload_hash=mMUrjpWyo+QqGPY2zkn/JY8GJB9HouJqqbdDhyL82FiGimW/Sv2Cac9wEmF9ugqBMZUruO/kscaEo7R5Do/O8Q== processed in 413ms
[2026-08-24 10:40:06] [ERROR] [cache_layer] Transaction payload payload_hash=Ax8nqq5dB5XFkSU1xyZPpDsx4GMX/bm1JYqnTytm27zIyzhglH0bYnZy23AmhuQIDDsxd30Sv6dWzGI6kCVtnw== processed in 9ms
[2026-08-24 11:15:36] [WARN] [db_pool] Transaction payload payload_hash=oDqZbtRS1k2qTW4kU4SYTudAE7I1XZUjdxP8dADk9QDAJ9yK1LK+GkEkHLPh46q2CjAUKXDSatOq/N2tYmUNjw== processed in 149ms
[2026-08-24 04:49:41] [DEBUG] [api_router] Transaction payload payload_hash=sOV6K8Q8KrBfL83q7eTpiH8MZ8Fboue42b7pX+aagIxjIWZ7Ap2McGK2UdkdOVj3MrQLPlMGSWuGOFMBL6ExoA== processed in 371ms
[2026-08-24 03:02:00] [ERROR] [db_pool] Transaction payload payload_hash=XtpfV/Bj1YWxfcLNnYPKqpS7fpSsZVFUpn8JErUTUtc9nEpmMl/+4QHdMQnSbT7JNzOxRitRDdB95xwYoJayYA== processed in 394ms
[2026-08-24 04:10:55] [ERROR] [db_pool] Transaction payload payload_hash=uC6THBQRB1M1r4xTExxhMkTxXnsd8UQ2pnpOLRDWB8RbGBSiOi/eg1lXjgbgjCtkpoNTUd8d8l8IYNA6yI0DxA== processed in 467ms
[2026-08-24 06:53:59] [ERROR] [auth_service] Transaction payload payload_hash=VzEMayC2EjJQfvLRjlXIJaw7YAgJ3ZvRVsY1pVx9PrMCUkYtbII6L6F60Fx+NMewE7/THyRCNe60MgQcc9L9hw== processed in 310ms
[2026-08-24 07:24:59] [DEBUG] [auth_service] Transaction payload payload_hash=PhvofT+44ct/23vLlTG0V83gbdfd+tuAXJMY6qhnl9YalAyGcZSaS175+HK/7Ma1BfkGjFPphbjVNm6LMJAinw== processed in 325ms
[2026-08-24 10:34:23] [ERROR] [cache_layer] Transaction payload payload_hash=s5uE38Q4K+dm1vLKVRqZfzBRarrAimYbw02Q1WeJJ65CzxMRBrktLdNFr2Q37MFZj1GDYvhkJ+isV0YCDNvhJg== processed in 285ms
[2026-08-24 06:19:59] [INFO] [db_pool] Transaction payload payload_hash=GP1PRUa9Kz06Y/hP/UMyqzvh4b01OMUE4xtX6ZaU6YyEk94R0rnBKZtIUs5JFOtw5ppKBkhqpP9CDX1mUFQS1g== processed in 419ms
[2026-08-24 05:02:03] [DEBUG] [api_router] Transaction payload payload_hash=1IXuSYQDyDQwBCke1+7meXlTtkg6BkE63LmnOV7YeS1+qq89QjsRgdQFj+63EhmJfgvYAwi/7Do7Pco05SFMNQ== processed in 323ms
[2026-08-24 08:40:38] [INFO] [auth_service] Transaction payload payload_hash=cP87ssr4khgF+jwQ5q4tNE0z2QaWp5/SOpsEPYlVtFQcEIEp6lSN4vJzdP6dbfim8jBTMH9wFGaTmM8VI4FadA== processed in 283ms
[2026-08-24 11:21:12] [DEBUG] [cache_layer] Transaction payload payload_hash=yuDQlriZIex0kLgaKQS42yb3kUi3jHlHcGx4KfqJN6USiIumWZmr6C6Y7LFUldAsUX50u5cBFLQoCOpNpboW3Q== processed in 406ms
[2026-08-24 04:37:17] [ERROR] [auth_service] Transaction payload payload_hash=1YlskMiLcyKobF8bAUvFmi/w+GJiLWwk/Kn1x9rwr1ZuzwDDu+uBUfFtQFGOkgntbIZBCiiid1NIcY+A3v73KQ== processed in 8ms
[2026-08-24 06:50:01] [WARN] [api_router] Transaction payload payload_hash=bECpZmFlhxEv974VD+PpjGl83vzwvQHrWJs1+ccapMhne3gmQ5SMPm2ME4/SOu5JOxJeINjrqqX46K26mtFAnQ== processed in 276ms
[2026-08-24 10:35:24] [INFO] [payment_gateway] Transaction payload payload_hash=+QeKhS0bqRW4zwd4k5BWhz7mAYgaFTC7Uj+SszoQrkRjI+V7xlkeAR6SZF+5kJu2FgNBCmIyKVAUOktij85YYA== processed in 479ms
[2026-08-24 10:54:39] [INFO] [payment_gateway] Transaction payload payload_hash=TVvNm8/qU0aUAcSbjfqtKBfikJOuOPnCS8J+ApjuD1mEugzOWwYO6hl36tGWh+sIzXjcaOAf7vsj1Tb8t5gSBA== processed in 72ms
[2026-08-24 09:23:20] [ERROR] [db_pool] Transaction payload payload_hash=ISnA1Ocit5+Qyyx+cjI0TmmJZnCDrHJwsa8mCE3UY+y13tVgezbtf6jWHyvG+znedBdawKoYrgJGkaKE/M0mbw== processed in 178ms
[2026-08-24 09:20:56] [INFO] [payment_gateway] Transaction payload payload_hash=Dk7zMyH4Yx5aGidGiB3CspPgYiSVUAzj4t/83LSDG+4FU/s9EogD8FDmxZ84hbEV7f4vIM8hikK9vzh5WnLM/A== processed in 403ms
[2026-08-24 08:56:55] [INFO] [cache_layer] Transaction payload payload_hash=+IR4LjXDDd8yr+vp+jhqUBgFpw/2IKnjyCtrS31hWUPbGUQz/lEIHCZVATZoOZwR9Zg7BcOeHdVXQqy3kttbkA== processed in 81ms
[2026-08-24 03:31:27] [ERROR] [payment_gateway] Transaction payload payload_hash=UEmBk5Od63rwIe4PGSoBS+zi78OgDCGp/mwMCTaQlXOSEj043gsyplJxT5XN7oY0k2c+B213yrybpRACdolFqw== processed in 292ms
[2026-08-24 04:23:43] [DEBUG] [api_router] Transaction payload payload_hash=HQhFDXORcBE4tVMwIDkiLyWt/LQbqwcjrKRzZ7bmeqg0ya7i/MjjhSAxUu7oSOA37hZPnei0LWx56GquVwOMFw== processed in 41ms
[2026-08-24 03:22:09] [INFO] [db_pool] Transaction payload payload_hash=a9od8bBf2FJu9U0VciWp6H2F13X1WvieMNNcbzEhC4GV/k6A0K+bxM/k13n7KjzZbVJCip0/4TLwDVxl3MLm7A== processed in 297ms
[2026-08-24 04:54:24] [WARN] [auth_service] Transaction payload payload_hash=mYjNcHnXD1jvy6ys8Z/Qy5rP4eJq3JEhJTI9mKH+a10LDH63uqoe5TpbbQJhcK4ezc/2OkGIGmjuZOPCf8WCrw== processed in 403ms
[2026-08-24 08:46:35] [ERROR] [auth_service] Transaction payload payload_hash=oJqYXi13J9MnUUdVL8IgG5qSjvUy5dze3Ou6yqix9mO6uGGhzHTxCG9/cDWU4xudFsepNIEna45KdIYQ/RmWSQ== processed in 494ms
[2026-08-24 07:04:18] [ERROR] [api_router] Transaction payload payload_hash=GbXnac09vzKbDiymaHeyV+l2pEW/VrU+UnPh4b4+V5duIsanQVCB2xfoPK7fjpEpXOWcpl4i401eS42hwHsJqg== processed in 35ms
[2026-08-24 03:13:52] [INFO] [payment_gateway] Transaction payload payload_hash=n19qcTAdVwi0rSLbq4qi8xGJYWxWB3Tt4b4murcfLRRY37fp1MwV3yXOeG/peCN1XkwxPy1pZ+2o27NT7g5/0A== processed in 24ms
[2026-08-24 09:28:57] [ERROR] [payment_gateway] Transaction payload payload_hash=HHt0wYONBiAsFH6ehF65NemBALnoHH9GoDGgID8U8M8WUimqH2r1qwoZNMEW25RVz2APZ1UCVNTEw12O9rfHoQ== processed in 229ms
[2026-08-24 08:12:41] [WARN] [payment_gateway] Transaction payload payload_hash=7387/JUIMke9xeZOM44IUbYqpo6Kdxk7Uz66RS3WbjOlkC6hLrHWF9E/Gn9w9XJ28szFkGpPLGvTI+PMeBqpuQ== processed in 366ms
[2026-08-24 04:16:16] [DEBUG] [cache_layer] Transaction payload payload_hash=UcDP30CWijIR5RwcAv88vC10J96npVOfdRd7ljsSyfdKJ5SyknVOPuPy8vAh71NjRu5i07T8gCugNVYKDU9AmA== processed in 208ms
[2026-08-24 08:45:44] [ERROR] [db_pool] Transaction payload payload_hash=ui3xyx61BaJmAO+qW17aJPyCcmcXaSPeBRGCTMn2/3idZeXV0DaDK1EIbRAjWq0jpTb9sEta9LBXSWgYuSv+cg== processed in 267ms
[2026-08-24 02:44:16] [DEBUG] [api_router] Transaction payload payload_hash=FNQJV+dITHTZJdVRtyPS4VaejS7GeXMa6tn511t4sii3RpuPJwm5YOEi9e5xScST3s9q1ONy1QRoBx/4jLShFA== processed in 54ms
[2026-08-24 10:05:28] [WARN] [api_router] Transaction payload payload_hash=6ko/b1U/LPpG0i6sX4T0rAOVsvw7GGqe8wOPT7+RojVwgeNqZuSCXeaYTMOhxM4gXpDmtc+emtXS73zGQS9tnA== processed in 14ms
[2026-08-24 07:54:06] [WARN] [auth_service] Transaction payload payload_hash=wB2BERkU0LvjpLo5XVzBUywdjFzni4Ghfvbrb8GbWLSofVjQ77GPMxYRlubIdFXylS7afeDlBb5I8g+5DiCAlg== processed in 230ms
[2026-08-24 07:00:09] [INFO] [api_router] Transaction payload payload_hash=PUfn7DDpVVK0LA5KjndH3fN3wpPFFngoBAPAwoVI5SiJvr9yNwyLQfOFmRXAllJDFCeK3Mm9IFfD5Oa9nZpZMA== processed in 14ms
[2026-08-24 02:48:04] [ERROR] [auth_service] Transaction payload payload_hash=t4k4QsnKW8Edl710janLCkaFnFHPRYO80JMdWPdqsiCP/3ud1+IvcTfqO/lw1X1s8KAlm5Vj5UiWyzZXYf7AJg== processed in 179ms
[2026-08-24 06:41:47] [DEBUG] [auth_service] Transaction payload payload_hash=xbXOycnkkKkmBeXEVbhbrMseEvf6okEFapTe9Z5C1cMF+4fhNImjvB40XuQYB1HjxK+dbAY6+ukuuLIBeI139w== processed in 27ms
[2026-08-24 09:40:02] [INFO] [cache_layer] Transaction payload payload_hash=vU7HRfKj8Vx/NGnaTbxyCVYAXokgS4BJw+WZcdCU/zlaprNN4iY9Rs9n144vX55V/rc4wLa7qMxQqkvXwY7MyA== processed in 354ms
[2026-08-24 06:28:08] [INFO] [db_pool] Transaction payload payload_hash=pc9p209FQSoPRvbNA/bjp7zCy6MOQAWyn55PzyYAWb3tPRnaPO3vJMtqGFO6bJcvbWXBqFgjbN7lhN4iPzDO4g== processed in 16ms
[2026-08-24 05:26:23] [ERROR] [payment_gateway] Transaction payload payload_hash=VXSsDLWRIfnK2FsTfEw5439Kp6eXFtCJv/ngCItmx3IUWzA5QD7KrcpkMdmvOyZ7wxxlU0sLs6GtpZ+ZeODGLw== processed in 120ms
[2026-08-24 07:37:42] [DEBUG] [payment_gateway] Transaction payload payload_hash=VDeYayI7ly5KIIEd1OqEmjaEllAC+LmOzLziRrpqLbDw3RKLQTgoB86nKLHvwgVR43qsihTgNl9oP32l0LCarA== processed in 27ms
[2026-08-24 10:43:29] [WARN] [cache_layer] Transaction payload payload_hash=XLR2shHTs9h/4BLp8cSvjE7JEcFjWdP3/caBVPyqx093h10XDf9hqi/cn4e4HKjIvVEYpRY/y8CXoJZS1ZUIsQ== processed in 380ms
[2026-08-24 09:44:37] [INFO] [auth_service] Transaction payload payload_hash=Lg9hT3qcTVDa5JT0C83iYV73ubI43t1A09AeQtHUuh3aM7hr3CUYpJ2RgM5IFeVA5X3Lwu59+P3XHyUshcwvnQ== processed in 291ms
[2026-08-24 02:38:06] [ERROR] [api_router] Transaction payload payload_hash=4aQ9peVrE8WzYnSld/j31epGZs1sLo+S0+OKuS3uWHg9WP3GLL+/MGY8Q1d0U7NnimTd7aTxWOk+NHnlFSbm2Q== processed in 186ms
[2026-08-24 08:45:38] [WARN] [cache_layer] Transaction payload payload_hash=fFeUcniUFaiVq/WpcYSGVZlMOA7wCS+XpZ8eLBHVBv8Yw7fO5Vnq5MlQtu5jLrofXosVW/aVou8Fy2KpCE8IQw== processed in 34ms
[2026-08-24 10:42:37] [ERROR] [payment_gateway] Transaction payload payload_hash=AmTMWQWbX9Am8ewdnPU62To3Wf6gfOKwODBTiOQpgjbr6qasN1D5CRMIfGVNAYIP43A/7zGC2TS1Abc7CsHT3w== processed in 405ms
[2026-08-24 05:50:56] [INFO] [auth_service] Transaction payload payload_hash=7TpGCo6Zm2MCa+pDSZX3fuE2X8jMy7mk1tL5eRzf6tJhqxiRSbHD99wIY60L+eOrsE4niblhxDGgBFFYvTJ+ZA== processed in 283ms
[2026-08-24 09:50:49] [ERROR] [db_pool] Transaction payload payload_hash=Xvdf5qcSGi8F6AM+JLplTfqhTg/T/haW96PjrnzwgKBKZiLdY/2DmfBldVa8W0lYxoMurfUj1C3cmkDbnwww0g== processed in 175ms
[2026-08-24 10:33:36] [INFO] [api_router] Transaction payload payload_hash=oycb/04Kb7sbWAdlvqbAcue3oNuJ8uNdjsrC5VvMzmfISWyw+d/ZTmxlJ8wQBUDaYNYisKF3V9i+plChsxSUwQ== processed in 9ms
[2026-08-24 05:44:55] [DEBUG] [cache_layer] Transaction payload payload_hash=bZED25ruSi0DVkVIFrrnxu28gsYyTFlirZ72dvy9KMtZ2XRccJMfowWdhYf1G28RUgD4S8X3PH9P5vvgE09Hdw== processed in 136ms
[2026-08-24 02:57:37] [DEBUG] [api_router] Transaction payload payload_hash=UYAyr5GMtajyJW53rj6yCRruEbwVOl4/PquZuJ+sLEj9YDdhfqy5o+hmAsfzdOD3pd4WcN7arOf4XUO3YYXLEg== processed in 346ms
[2026-08-24 05:26:43] [INFO] [cache_layer] Transaction payload payload_hash=UBCvB12Qj7wbCRA+6rsQezedK+2dVg9QDqLBVIemuvMsQAxf6CvNkf47rvLdS8Y6U8VJGIZga38t2guHoB8k6Q== processed in 268ms
[2026-08-24 09:22:27] [DEBUG] [db_pool] Transaction payload payload_hash=2UNpkS8HgPTXTY6Ml6D0ZcYS9hc/l2/DfL0Gpl41mJ8g8u19TyCLuWyLmYF3iywchA8uHREIFCfHrlzYwZmI6g== processed in 40ms
[2026-08-24 04:17:49] [ERROR] [cache_layer] Transaction payload payload_hash=V7PUSNkxjCnLUt6VkbG/rKvEYiwrLb0sjzrOMbaVhbx1gCDMPtCjJ+xYS47d2zpgDjVf28acwvA9dyc1pGfnGQ== processed in 355ms
[2026-08-24 08:37:59] [ERROR] [auth_service] Transaction payload payload_hash=3FF3+v54xtP7sijyuxJud/jSzyjT+SyhlBKxbwzCawUTjVnqALbz1fxE9RHAJZOMcyXlNkjZYci14k9bhdvCFg== processed in 168ms
[2026-08-24 06:58:20] [ERROR] [db_pool] Transaction payload payload_hash=UPdHJ7IchE+UXaSdffd0sqS0a+fUCQx6g1VPyrFCR0t9hN+TtHiXXkAYwsrJ+2GfqmIsw6LeYYgAny8uQzn+ZQ== processed in 462ms
[2026-08-24 02:27:49] [DEBUG] [api_router] Transaction payload payload_hash=u58WbYUug15KLu6oeU2ZGN9YWUZ0QIgO9t5R0G3YO0qxXqOd4yLNi6CJz6oD7NR+qL8sw2Na969RtHsJmJa2iw== processed in 92ms
[2026-08-24 02:24:19] [ERROR] [auth_service] Transaction payload payload_hash=suhZhwcMzeKjBS3xMh+/5GUizu7AO3qLKkMhNXACcNkLu/cbmD/cAMaGSpXpS5cjF3ZeJ4PQ2iSFvwQFX4KE7A== processed in 338ms
[2026-08-24 11:21:03] [ERROR] [db_pool] Transaction payload payload_hash=+Tm93+5iapHSJaJRW1oBiAwatyh1e7tKihuj2vjrn3kpYhlsT86Z92oL+/1WiWa0yoJUiP0/dd4UXX3/5X0G3Q== processed in 428ms
[2026-08-24 11:15:01] [WARN] [auth_service] Transaction payload payload_hash=nBHnIeE5sbDUJifP3FELGZy+Q9Wo6hhvKVYPz7jPj3Iuic6cdlVPUm4TnUaGLaS32lgLNpwVKxzkdE9FW7ds7w== processed in 416ms
[2026-08-24 02:50:04] [ERROR] [api_router] Transaction payload payload_hash=O7mFkxn+U9yr2BMLy7eF1nGGCcEx0d5xZepsJdi7x0LFzzomRON2UNXU5UobBBgCiI10/0KiZHUraRSDP0zWuw== processed in 440ms
[2026-08-24 10:51:26] [WARN] [api_router] Transaction payload payload_hash=a5xpOPh7xfOTt4QQqscJrGnTaffKmbekXm4hMLg2GbF3NvsCY4sbKR+Igg5jEnPW+eVvzDdPNZshqVA7wow3Xg== processed in 433ms
[2026-08-24 02:37:50] [WARN] [api_router] Transaction payload payload_hash=Jc7Hr1nA4+qeOsNwpz4id2ZgXS0Ch8/SawTkAiPQqEffyobBj9YecZBBy3PvKKpCVp2sXLnz5hHnLLSBe0MW4g== processed in 275ms
[2026-08-24 03:03:22] [WARN] [api_router] Transaction payload payload_hash=QmmcJ0tl4bRoJ11te5iSaM2FliFIQerO5y6mQUuEom+zRVOFqtRhLLH39NZ+Ynh3XCDclUUCIT3qYob4KSxPbA== processed in 360ms
[2026-08-24 10:09:28] [WARN] [api_router] Transaction payload payload_hash=AhqjAcolkRkptP35GEaq5eRJ6xufmFeOKSDdoGHqYocF4e+WRx658AEX/YQp6X9dClYWhN2qhcp0AOdcnOFQzQ== processed in 466ms
[2026-08-24 06:17:09] [INFO] [api_router] Transaction payload payload_hash=fzXHSjZPHKhQsMo7lJ50oNvfq9pcbeL6lLktD+xU4QjLyuQbYsNHh5OHDO/9NYOSv00zGKNAMbf41NlWv0dk0w== processed in 67ms
[2026-08-24 08:39:45] [ERROR] [auth_service] Transaction payload payload_hash=jH9jEoCjcks+yJQEaOtH+f74X74oP7/gZ7tteJ8NOuwZZnLthZp6AAzY6OFbrXv85om8Jec+QcxGvz9f6IOMlA== processed in 145ms
[2026-08-24 04:47:20] [WARN] [db_pool] Transaction payload payload_hash=SJoDWiXDoZYh1vXL5jo33l8hVEhPwvfAmkl2TY/n9MVhJW06kBG1cKFfZl9xnAricWoeJUG7WmkAFH2E6SmYuA== processed in 289ms
[2026-08-24 03:08:58] [ERROR] [payment_gateway] Transaction payload payload_hash=dh9w/8EMq7BDlUHBoREIRgZdnHUOc9sP2X5nnCOUvLWciT0gsU8GgnpXLDEwELKucguzpGVaKL3W9jvicepkrg== processed in 4ms
[2026-08-24 08:25:32] [DEBUG] [api_router] Transaction payload payload_hash=0205c8a1J/JKkds8Yj1RBqV+t6fMLi4Ay8pjqwP+sxs3FXqYYGqI4QZ+9bVbaG2Mn7O4F/F4GLoBgL/Qu04XuQ== processed in 4ms
[2026-08-24 03:04:03] [WARN] [db_pool] Transaction payload payload_hash=Ta60OPOY2eQQ9sGuCTi+L+SYmVJKloNKuGXvegxxNBrguYciJ+kNfZU3W4rhCyeQMY3SDgACwq/0Sc0xGu7NRQ== processed in 28ms
[2026-08-24 09:21:48] [DEBUG] [db_pool] Transaction payload payload_hash=aiQDxJ4LjNzLMqTb4B2gTDQz9UcdZ8muBcDwDKQbjsCHg0iLPqsYVuM5GDGEt0PHENUy+uy0N7fTkXWZhkvM/A== processed in 188ms
[2026-08-24 10:37:02] [ERROR] [db_pool] Transaction payload payload_hash=q246e5vw4AixEsbswEeFQcTS6eb8tASO0wCxQwiwAc0zvWX1OvJfWfBVzAIBQDMU2lxveNtLpMnrjuk4ztbLrA== processed in 466ms
[2026-08-24 09:39:56] [ERROR] [payment_gateway] Transaction payload payload_hash=INYsaDb7SfD5RtU8JvLApgt9gZru6xYd3aZCPhdYlWA0nz2acFd46egUtlT8aH1OO3Q2ALBpa5xUsjsdZQ4Jlg== processed in 73ms
[2026-08-24 08:35:34] [ERROR] [cache_layer] Transaction payload payload_hash=o4In4qzoNGS5CZ5v7W3muNu8qS6bx2xrBVv3Xpf0rxRGhGMWtC9Q+jO84en5tRwxJbZC5+3wz65YITXwdzDesw== processed in 36ms
[2026-08-24 04:57:29] [ERROR] [db_pool] Transaction payload payload_hash=ajAQ6DbDrgcGppC02FfRamjXX9hDGfuMGdDRZSt6h7u2GhR3mY88xXcQ6WvnI+HyPg+ggk87mvVrAnXu2w5B+A== processed in 409ms
[2026-08-24 07:28:31] [INFO] [cache_layer] Transaction payload payload_hash=dZbh68N65HdyXxAGvnnNWgobxQCMnLYwm/SolGNbUZNvTJYKMG/bNW5deD0/3J7LIUedhb1brbMK4H3ejEyXPw== processed in 400ms
[2026-08-24 10:54:54] [DEBUG] [cache_layer] Transaction payload payload_hash=SIfjE+pxnJ/LQj4Pd9GApZZeXuRxikZuTiXdh/AmgQBSmpwnFUILFxi9oSTQ6BLw5/KWtEkrEeyOC62v9244+g== processed in 145ms
[2026-08-24 02:50:41] [ERROR] [api_router] Transaction payload payload_hash=B2eVRgUZTa3q1qrYZrFhkZDaeSSImblfkM5pEcl4yz4F3UjCzsfmpZniZRpl9lpbSDwpbSYrBm0+LltKz5gIIw== processed in 69ms
[2026-08-24 07:21:25] [WARN] [cache_layer] Transaction payload payload_hash=rVazXNG4e2hAGQmmk+QSPTh4JqCVOThvGfv3j1IZgREiv+/5il3RDY7D7e2QxroYJRtT6aIlfI6RnD2rCPxRHw== processed in 53ms
[2026-08-24 07:00:38] [INFO] [db_pool] Transaction payload payload_hash=cEta4V2vj/KwaPLfrgKBp0eWFXMNSuez2C5XV5OrXUiejs7X+b8JrDJ9imOmn2+3Mbbc7Dx5qNSIE0Si2OjLGQ== processed in 171ms
[2026-08-24 07:27:58] [DEBUG] [auth_service] Transaction payload payload_hash=r50ODEklsvEmhmcLMUEbrUoeqE8rTQTXP1otw7od9RFHrNsy9JThH05GUW7dDuayZs3Qm7zFx0hpfqI4V5GjrA== processed in 140ms
[2026-08-24 10:28:58] [DEBUG] [auth_service] Transaction payload payload_hash=3MXZOZU8YYDz2qBzNfHWZ6nwYMGTXF898YKdiqvMk9CYG02/CUgdBrD3qKPXluLaERDuCLjHsJsG+Wg1LfQvIA== processed in 451ms
[2026-08-24 07:34:30] [ERROR] [api_router] Transaction payload payload_hash=JM1+MBPp0OZZRW2R6WTBW4pqCal6KpEpSyvRCcCp9jBkSB1OGTzCItetWWL7lov2w5Tcv86Hc9XKWceaOo37qQ== processed in 457ms
[2026-08-24 07:30:28] [WARN] [cache_layer] Transaction payload payload_hash=FGQXc+ZFvR301+E0XgaiUnjm7wpYuPldTAcZ5wszxXf2Fg/EwZx7Wk3AMInCZpYkejiOqCLQG/reW8kria1/FQ== processed in 68ms
[2026-08-24 09:39:17] [DEBUG] [db_pool] Transaction payload payload_hash=dEPPEPoPY5M8falnkR8fFo4NEgzds53El4AdyD1ts8xYgpXI0zD93hwwZ0nXvP8bD6hzzvpBdv7+iKxjeVSKlA== processed in 45ms
[2026-08-24 06:50:31] [INFO] [api_router] Transaction payload payload_hash=3GH6H3V855HfXNe2tAldAntIyztkRNw2cW5/mNx01b7vhad2fT+lbOH3kY9tMVn0aF+eKBt4NI1r+LIWGpaLmw== processed in 406ms
[2026-08-24 05:52:51] [WARN] [payment_gateway] Transaction payload payload_hash=ACaBZ2KGSqMQKk26UDti3aCxWCMZDFyr2lCT8Cny7dHCbdQgTfAvJhRMlpjE82SdxTPedbhm6OyTYcLWIIWHBA== processed in 194ms
[2026-08-24 07:44:48] [INFO] [auth_service] Transaction payload payload_hash=9QrAfFCxZ+9C6a7vckL2yngufnWqOZ3pWTfj1fIxilt51M8jNpFZ+5J9kD5sEJ/5XzN6/4EcgmK3Mwug3uzVVQ== processed in 208ms
[2026-08-24 04:51:43] [INFO] [api_router] Transaction payload payload_hash=HLCjgIYHGWMl36F/74j0IhRMvnWNlXwI5QXeNtTcbWkNlFBhQCXaiVuYfdXGNrzrFBJJBrKP/o8oVIeC9tMiyQ== processed in 427ms
[2026-08-24 05:01:09] [DEBUG] [cache_layer] Transaction payload payload_hash=VxdDSLbEFyEAKfpCs6IoEuAXpeMfp9tYXNtY5/ZIsrDTINLdgnKeIYNkDWgkh0NDjw+M1d7Lq1sj+kbGis36IA== processed in 464ms
[2026-08-24 07:32:57] [WARN] [api_router] Transaction payload payload_hash=/YEwKl3Gu/GA9pUKjhh7foZSSERfDRecDfs9XZKc1KdZYnN7nXVVNrTZfp0ImyHMk6FJdYv82p3aVRh62yOAFA== processed in 154ms
[2026-08-24 08:43:20] [INFO] [cache_layer] Transaction payload payload_hash=PD/sm4MmMXdHu6i4n7HwxjR+WOraLcCDGdnmu5DX8c2xPyuYWj0zCkKuj/Tg2IVjV8wq0gfxk/uf9l69mam1sg== processed in 33ms
[2026-08-24 08:49:49] [INFO] [cache_layer] Transaction payload payload_hash=qRBt6oKnNtNUdSbUl9/rtJx8zjkq5vDgplRmcw2DoN694liNw/DKLa7xHqc0OzrVB468fDFrYYsilpfbRT6+Zw== processed in 352ms
[2026-08-24 05:14:06] [WARN] [db_pool] Transaction payload payload_hash=A8FMS03TQf9MJ3TQWo6ZH4y/KFoJWUfXrBrO41lg8WNy0OESkTcz3KHzYlWPJ4s5q+jIQgiuvd/8mkoFsOX4nQ== processed in 441ms
[2026-08-24 06:50:50] [DEBUG] [auth_service] Transaction payload payload_hash=sxM4mqW4UOTxW2Lf8q3oC1/Dr4awUQlvJ8wMi1VTbMkbQjkD+KQSBfP24WD4oojJ9QtOH90XDZGbhX3JOut4wA== processed in 146ms
[2026-08-24 05:14:08] [ERROR] [auth_service] Transaction payload payload_hash=Etmg0IewtItYaDjD2gktCKfkyAsyVWKpgflvPYGSTXYfCpAvGAuK0reK4dWreAYVYLjzW/k/td/2tjrTl2kvtg== processed in 261ms
[2026-08-24 05:54:57] [INFO] [db_pool] Transaction payload payload_hash=gvqiRiWAMgUwO1N6mZbcqb7/h2F4myp4h1NUkLFb8gK8ivGiTg/gIZtYMk5nD//ADqI1wPCsuoEOB1gS7L+5+Q== processed in 63ms
[2026-08-24 09:36:03] [DEBUG] [auth_service] Transaction payload payload_hash=Z59HJClfATF1/WQ+VlpCJ7mYENoSVMds/jUubPnsDY1xozMdv5qiOQPy1WBCkheuSWIskBw5q8qcOgabe1U2og== processed in 316ms
[2026-08-24 07:53:23] [WARN] [cache_layer] Transaction payload payload_hash=e04Y+CvaU3DXfdaFUAs8s+/8cZysmioVWhIDTo7Bgq8quTByu+kd1c+jRZuXO1RZl2PiDcjeV5wsd2vRdlpojA== processed in 245ms
[2026-08-24 03:18:18] [ERROR] [db_pool] Transaction payload payload_hash=wfQ+m8PO4krowQdxrlfnzlFb2N22O4ev0nWoXbl206yuencpIHtwNkdyYtwCrpxOFNWdZVnE6GN4webS93mnOw== processed in 75ms
[2026-08-24 10:11:47] [DEBUG] [db_pool] Transaction payload payload_hash=XL55ikvOEoHBp9H7K6Qup0sRyEYRdJkytZh6exYtWvyp+ptR+xd+gXAh3+cyfEUkwA/b48pkncW0vqsjVkm5Lw== processed in 179ms
[2026-08-24 08:33:25] [INFO] [db_pool] Transaction payload payload_hash=sLUrC7XmiiUMXPkWfvkvEUFbmJ4Vo3deGZhEB5Znyqxoo9OBhpAkgx6CPCt04g6SvwBwQLAuzvTIJBu7v2SA+w== processed in 367ms
[2026-08-24 08:08:39] [DEBUG] [db_pool] Transaction payload payload_hash=gaLYYNNuueV+Eg7xQ0mYLE+58zG6ycJ8gTv3uCfzWtzneUjEcz3AwQKTFQjToMzzvHhlSk5zefVB+shl2f/czg== processed in 313ms
[2026-08-24 10:29:34] [DEBUG] [auth_service] Transaction payload payload_hash=m3aq8WVi1gOg61z5SgOP4iMPCSl4FjaWInRwd7CqGeycbmnBYaTSkdGHdbm9xfsaj4r9n2kEBs60Y2g7peLmDw== processed in 358ms
[2026-08-24 03:40:34] [WARN] [api_router] Transaction payload payload_hash=G4qBqPm5kPMQH8D5uyEmMiq7pWKPHTilGaCwWqral2vv4P15bP/ykl5eePrPmb1PQVCt0QRlZqD5PSDi9dqKBw== processed in 355ms
[2026-08-24 10:18:34] [INFO] [cache_layer] Transaction payload payload_hash=uSH5pwFyw64hF0KDysDfo2b79Lta7W1etJ8JN9OtOnGC33qpjb5yWZuwxleNGDpKn8pflhD1N8iryRmoyGgVsA== processed in 328ms
[2026-08-24 10:09:27] [DEBUG] [auth_service] Transaction payload payload_hash=fiTPS75a8iXW10qhJzd7cpiGGfNx3Y5Ypqes0vo3pE0rtCCPqSPCm2bblhIfgA+G+7TuHdgn6yDwV9IxAMVSVw== processed in 354ms
[2026-08-24 10:07:07] [ERROR] [db_pool] Transaction payload payload_hash=ESzd11VIbXmE0lBVGKzD4f8ftfufsDuv6Wdqo97deIkck4nJQlns1uNbE3CpOqO6Hp+AkVrgFljZBCkVvjvIXA== processed in 345ms
[2026-08-24 10:43:16] [INFO] [cache_layer] Transaction payload payload_hash=LxtSajShLPhfeb/XdNdO/2w3uYhRxCs1m1R1dPQe/AezolWgbRjvMMLnkvSRg1dk2/ssiX3lxjBSBLLNlL4kVA== processed in 428ms
[2026-08-24 04:26:10] [WARN] [cache_layer] Transaction payload payload_hash=cvvJ0nsKq7TEY0bCHIV3cuw+cXWUMCRhdVYTMKL9u2NIIpXoMnWR9mJ4tQqxGN7MXxQTLIOThqTAUzGYtT1aXw== processed in 134ms
[2026-08-24 08:43:09] [INFO] [api_router] Transaction payload payload_hash=THrOcRZZ3CxtbMXKaBEUbYLaRy3V7ISek3qD7i8GIaQSk9YjNSvAb7Ibzb01R5KyIKTSeUVZUyQ2MvpZwcx9yQ== processed in 413ms
[2026-08-24 03:57:08] [WARN] [db_pool] Transaction payload payload_hash=7JddDfNAXQuNzQKgOo0BkykxOM315hN/OmvVZX0uIbkajcLMJAQ+pcdeLR82cXeDxgJWEUjovVjNlXCPekf1kQ== processed in 109ms
[2026-08-24 05:39:37] [INFO] [payment_gateway] Transaction payload payload_hash=/A3BFVdT7Q8Am3AQhaWhJlqXkGmfVMuR9v0mChTHgz/39RRSJOFoMn3l2HtcMVYwCavn5DKUKFpeJ32mZUQjww== processed in 90ms
[2026-08-24 10:12:14] [INFO] [payment_gateway] Transaction payload payload_hash=tXstDpvisRcH4x66o4k6lMAaw5DU5h/Vn79j2PSHZk63zSyoUqwIS6pe6uasH9tvA6NzpZQG3Qy3BehATS4tIQ== processed in 217ms
[2026-08-24 08:01:57] [DEBUG] [db_pool] Transaction payload payload_hash=yMBa4dxgW2CVrzrXNUi5zoyEFbn8bjEOVritELIgfA5lbkpVKM3m/rQgqPf1gajQjHAlAz/VVpwhb+dMGA2+rA== processed in 385ms
[2026-08-24 05:18:37] [WARN] [payment_gateway] Transaction payload payload_hash=ZPTNirJrTf7i/kURzhu7mT/PESttnnqOC/aSomT9rDWSOBJ46RcZchTE03MdTr7PGZIr19bE8KJBcIpHxwS77w== processed in 429ms
[2026-08-24 05:40:02] [WARN] [auth_service] Transaction payload payload_hash=xDt/0u26cZytNiOpL1PmoGJLGcOcmXEf0o/aFl1MPmaBg8lkx7dVEnfV2YypAeywR5nPRIeIz36J5FmZaXLo9A== processed in 0ms
[2026-08-24 08:25:21] [DEBUG] [api_router] Transaction payload payload_hash=TCQ8Us/9UnZXiMp5K8mkATOpT+MOZpBjg7PWavowRJs99TzSmh2zh3HFUNydlcoi05ElA/KmZNInA512VRO54w== processed in 88ms
[2026-08-24 07:41:17] [ERROR] [payment_gateway] Transaction payload payload_hash=BMFVMl7bpn8VBBHbVcCossILx+9OjLuVVqHiSqgN6zSym02u7OkUasqGuUFkGG48L7rY+L9J0B9Cr89lDR5zjQ== processed in 278ms
[2026-08-24 08:06:50] [WARN] [api_router] Transaction payload payload_hash=di7AKhJ30ydLmaNTwkvOaUMq3lKfIIHCVHeUabpY6z9Wp2JTMhIbDq8S1+IGUxq2z1toKBE/OvDMIaAhVhF12g== processed in 158ms
[2026-08-24 07:12:01] [WARN] [cache_layer] Transaction payload payload_hash=bE2sR51nAomtQDqZl04IsUGs62S2j85DbQccD+d8tNqgFsf0Ftb573h0RVCvNXTRbEVlzEz6Knvsy4P69KcGEA== processed in 54ms
[2026-08-24 06:30:52] [WARN] [auth_service] Transaction payload payload_hash=yVcpZTnoADIfshHq+6hf09OZqEA8lfYSYm8p3KdW3TVN+IC0FgWtyraovhosNhU5GdGUicEA9LwP5KmHZ8CQdg== processed in 496ms
[2026-08-24 03:50:31] [INFO] [api_router] Transaction payload payload_hash=CHx4c4VFO/1B++0fc6OOqS0J/moe0iiU0zMG6CJwrQsEIpDXEJEhvjW24R/TQ+NtmMP9oSTXA8vJl9Wx1lbScw== processed in 39ms
[2026-08-24 08:24:57] [ERROR] [auth_service] Transaction payload payload_hash=vASPTnrATcROsZw3Ciuu4DccJ0kU5p0G3DXWehgobB52m9HufMciuBplhmDDD555EN4+Rv4Mj1RqADg8jALAWA== processed in 475ms
[2026-08-24 08:03:28] [ERROR] [db_pool] Transaction payload payload_hash=SGDAFPF2nvwT0e6a5nzw0De6UDFQbVJloabqL+2vM+DUHIX7uSsKfrvOGxcMMOufvgQUBc2auledC0P3Lfh8MA== processed in 418ms
[2026-08-24 08:03:19] [WARN] [auth_service] Transaction payload payload_hash=vpE8Mwgke4j49IDMISrWP/Kda9XZMYv2TT38kWGgGdXRagcGUROX7C6r6P8ON3hLZ6C0omf7h8KaUx3f3rjJVw== processed in 298ms
[2026-08-24 08:36:54] [WARN] [auth_service] Transaction payload payload_hash=opXtmEs3YRKel7F1aoDl1oDJCiZNqbwrbZ4JAT/RN7aO2GRLn5nw2MT/XUX/jc63BxGImoqS+OzN4ugmKqpR7g== processed in 135ms
[2026-08-24 05:51:00] [WARN] [cache_layer] Transaction payload payload_hash=1CZ9XhVIB06QDWttahgwRUsWI+M11d1gRCDbd1N6cYO09kz3tx01FoUEtN/2dn+mrO+SrSAvh57qAVgx3LF7uA== processed in 126ms
[2026-08-24 11:02:10] [WARN] [cache_layer] Transaction payload payload_hash=wLZ3CAZJ5OmIf8sKfnJfWVR/lzcaEkIdd/q26EdhDC3gly1Jq8l9xj4hzl/pIWEgpRC5YCv4qY9knbJYds/WlA== processed in 446ms
[2026-08-24 05:39:36] [WARN] [payment_gateway] Transaction payload payload_hash=CEU/nGG8LeaBQbYdE/jbgemwbBJ8zPx8RrZEWc/wOaDT3CRGoxjYGtTH5sEqicwPxP3F6KWxS882rDggmpMmCw== processed in 479ms
[2026-08-24 03:24:42] [WARN] [cache_layer] Transaction payload payload_hash=XwywQqnWyStvixch3RZm7tMml6Ejuw2yKyL5iIQeU6Sx1j6mAXqYvWBYdXhCU4ToLL6ExM6XLgV/9Dqm5VA+Nw== processed in 198ms
[2026-08-24 10:39:21] [WARN] [db_pool] Transaction payload payload_hash=H13eTI9W8QGz63ri4g51QFlUrDvN8xvNVRjIfzSi9XCJEUlNOFIaPnCA+xWPgTNxm1uwfY+Oz3YOHQNGW0uDQQ== processed in 326ms
[2026-08-24 04:11:15] [DEBUG] [payment_gateway] Transaction payload payload_hash=p6S4pKpl4RDIeySQCEs66QDHejcpEyl4kghJx/5hwx+/S1A75mPj5a94IRunbKhLoFLpxqRBNsoPJPt/noYNKw== processed in 420ms
[2026-08-24 09:12:43] [ERROR] [cache_layer] Transaction payload payload_hash=C9USkt5OKj6iLkJWCFZEDM6sOvQ31TlgYk+8/4fNeNRXFWisvc4319hsZgrldJsOsDxT6Fr3TIaGC/QBEB0vYA== processed in 14ms
[2026-08-24 07:26:04] [WARN] [db_pool] Transaction payload payload_hash=nasZRM+W6HX7Y1TRTlGH2KA91Ue7le6wGGYLbHfTfAxFGFewQ7EEPdrmFRAwPSYXcyzRaHb9A9N8aEZMwY1tBg== processed in 334ms
[2026-08-24 08:27:13] [INFO] [db_pool] Transaction payload payload_hash=iP0FczhIb3xyfzXjS4tn0oVefbJI0PiIne3QRxAZocqFCk2A6FZJnCwXd9/iuXTRLXuOD1H7WPe0CAudiLtBPg== processed in 1ms
[2026-08-24 05:57:56] [INFO] [cache_layer] Transaction payload payload_hash=VTcHAZRY685sRjBT9bpjW32YXwfDZfJO1qNchUMyN01Q9ed+yVghH/0FdQcI4auaG1nkqtYAcmomTWwq4rPv4A== processed in 454ms
[2026-08-24 08:39:23] [WARN] [cache_layer] Transaction payload payload_hash=dRYIsKZjGHJU2b7XQqBkjPoWKKbZPLGHPgBAh5r/71yzoWfytks/aAlwBMp+rVyYyAdKuy5rmhmIUYvGMROlsg== processed in 145ms
[2026-08-24 10:56:20] [ERROR] [db_pool] Transaction payload payload_hash=dA9pX5YTS4qiclKzedpRH7q6ma0wnOzaXqd/6tUrJSvmf8jAv6GzYDOnT35PWWBfoRWctaOVUcoueBqzViZ5Iw== processed in 188ms
[2026-08-24 05:00:27] [DEBUG] [db_pool] Transaction payload payload_hash=qVuPyV2nVl778wsFA6Gl35RDtuIYjfMqoPLxsdLXJiPdTb9UbxjxS+MHNSHRZidBE05hpiY0NfhJYTipQH1eUA== processed in 48ms
[2026-08-24 03:59:26] [INFO] [db_pool] Transaction payload payload_hash=GJrNBgX7XGASMNGBJsf5VvVkTF5JJTGXQBTlnTif0DiHiDmhlMNZEd2aMPfAzzwmj9mHCRvpSFipHWdcvN5umg== processed in 411ms
[2026-08-24 05:32:45] [WARN] [cache_layer] Transaction payload payload_hash=SsRNO+/wG3DTOJRBy8cp1jXuG8fuPumx+G+qlH9Z0ScT7BehfVHrgdpKEGKkvVEBWK/b9JXMZc3bLhu8pHDqdA== processed in 426ms
[2026-08-24 10:28:55] [ERROR] [api_router] Transaction payload payload_hash=LOBV+ZaAQOTHKsvhz2mn3EL93USxuCK8a+xgRjQhKpZ51KooXX635RcxonbUzrDpTtP1/NZJ2g6LAVoIcp9Hnw== processed in 127ms
[2026-08-24 02:49:22] [WARN] [api_router] Transaction payload payload_hash=K0CMjwHYCRYcsBPOYIlgIHCu+akrRjhJqBn01fMyeCCPmwPC/HfmMwbgcvSMXBrh+DyQNgNEwxmAC+RKOOD7LQ== processed in 349ms
[2026-08-24 09:04:18] [ERROR] [db_pool] Transaction payload payload_hash=KvwI0VYNjhD1HLaeonjX0BdYg8G7gt+lI5j+bc2FvSXK01TQV3GRjSVfp30jbEUibQBAvUKaUvDqph17XQ9xgA== processed in 313ms
[2026-08-24 03:52:32] [INFO] [auth_service] Transaction payload payload_hash=kR2/Dx+4+3TmBLFDFooAjU8vSwDR75rZE6Z3K3k2p+xW8YOuftYdfs3qXNc/1VLF18vwwpu/jov18/UlMB6eIg== processed in 385ms
[2026-08-24 06:10:50] [INFO] [auth_service] Transaction payload payload_hash=26TIdgCS4kGcqj955s4M/6CC0/1JI4IKuTNukCPcxY6mFGcj5Y9w9SBYuSOCdY5Tui95Kihz8/WUYpbyF/VbAQ== processed in 339ms
[2026-08-24 06:57:41] [DEBUG] [db_pool] Transaction payload payload_hash=pr0h1SDEMhdvib+l+y9ks4awuD7sxeftvOg/h7OsqDoT+C8sSYZsZRsoeQvCz1Evw/XbyTepJ/jypWHS58gn4g== processed in 266ms
[2026-08-24 08:50:08] [ERROR] [auth_service] Transaction payload payload_hash=/o6+oMowOTH6/yvW8SadJDioh3+ly0sg+pTtvB28Owz2ejPJ2HG+HoZ9DhntA9cjfWU+jgd2+fUXQMsSAD3yYA== processed in 80ms
[2026-08-24 04:40:40] [WARN] [db_pool] Transaction payload payload_hash=JtCp/UOAk4E4RWrQDR1wZF2dnkGdNTtUYG77Hvm5fIH40Kz/6RoT9ClXL72iQ8mDzGMjiXCtcEoJ86wuaOxjjw== processed in 478ms
[2026-08-24 10:34:52] [DEBUG] [api_router] Transaction payload payload_hash=f74Q9P+TyNwbUU1lQezHAbLeis+66WQROuUJFyx0g7mil9B8fhwofSVpuCKDPFywib8IziEL3XJKsmECJFta8A== processed in 258ms
[2026-08-24 09:17:47] [INFO] [cache_layer] Transaction payload payload_hash=MnfPwCw/NKgm0KqhesDuzXCtHw3jrccUOFruD1bG2wl80KoaIuwYwgdO2oWckqGyfBZukQVyPAG0SyHtyPd1YA== processed in 361ms
[2026-08-24 09:57:34] [DEBUG] [payment_gateway] Transaction payload payload_hash=vpjqoQu2wqFi5gZjmLeRCcaMc8w85jjpjNYVLxUTasSHxEKaN/AK3VHM4c3CQETBdN+XXHWzeVnfmnx0y96B0Q== processed in 336ms
[2026-08-24 08:44:04] [INFO] [auth_service] Transaction payload payload_hash=QWYKDu34XK9mdDQcHWSNaMg0fPgDkcdq5dX28wS/g2dXTHKgiSH/xDXUjkn3VHQcJ/QFeBfjk+54biq3VZubxg== processed in 21ms
[2026-08-24 08:19:54] [INFO] [cache_layer] Transaction payload payload_hash=c5juq8JlWxC0bgFKVprfD+poTBJJr3B5F3+fjCfhy2eWLujye/j6Xz7McGh2Yzhi14R2K7tYP+e33chLU95ibg== processed in 441ms
[2026-08-24 04:00:31] [DEBUG] [api_router] Transaction payload payload_hash=eoCPD2rJ17FmIVGlz1cDsxFdBR+bIy0OrF0U35+LxwhPjWbnilB/BkqCI939B9n5JpMbji5ovJz4Cn1OHAOO2A== processed in 430ms
[2026-08-24 06:56:47] [ERROR] [api_router] Transaction payload payload_hash=vR5435PwPkohoZMhy0fNWmTqvYCuzpik9TK9ZSeYb+wFpEUpqgtkcE4Bt9s+DbIXg5cjISBCl0L2JPXNjZLbdw== processed in 324ms
[2026-08-24 09:28:46] [DEBUG] [cache_layer] Transaction payload payload_hash=bMigFaRf0w5b+o+anQ6D/DnIIMMFzQvCnvxy3UsTU+J1RcfL4LOINhYx4bbEtNZUjDvOKi2VhCrQ63iBPlX4Rw== processed in 475ms
[2026-08-24 06:34:32] [INFO] [db_pool] Transaction payload payload_hash=rNQY40uNuNszdqyguLLisV5l8NBzvh7Ou/l0rYjLpZgznZw4+T7Dw6ElSGVuXrwXK9EmsF+PVxhzyq3kseOEpw== processed in 451ms
[2026-08-24 09:33:19] [INFO] [cache_layer] Transaction payload payload_hash=zLoXtL80aBfGpMjdzz82saS8S6GQHrjVKtD5EoLYecBwrq96LKKF6yGw/9Sk/TnWFEoRfoxeZ07/TnOrlueWrA== processed in 357ms
[2026-08-24 10:59:43] [INFO] [api_router] Transaction payload payload_hash=f6vmkiMU01A2rmmpAUFKDs4ug8hA8sEgenioyJLqKLAWGrUUfZCwaxi+BTnIRxGjF1RBCaQ6olTKFq2W05vcJQ== processed in 170ms
[2026-08-24 06:37:09] [DEBUG] [cache_layer] Transaction payload payload_hash=KpXQ/B2qTh9kt6GpoyXeGlhkeChsFlrzoaeFeWkUEdbvyuStvsng2Vz36ELN5n2PN/JQ4CEko+6ijFA/6I17/A== processed in 368ms
[2026-08-24 06:50:07] [INFO] [api_router] Transaction payload payload_hash=KIl5xq9ox5NBhoEj3OCZ8qRQobv4NPW6DxjC4d5MVBOTlWo6jsnLZs/Nkdi/1WACXNFGEnKr22Uqi8R0zvq6mA== processed in 284ms
[2026-08-24 06:17:42] [ERROR] [db_pool] Transaction payload payload_hash=iGapIf0AZ5vPH9SL5tn5xM8dXLL2Vrv74GQdFw0nXTsIK+mCEREj/FJ7D8s2LXuUW/U431CNIVUu2M/00cvpfw== processed in 401ms
[2026-08-24 05:56:28] [WARN] [db_pool] Transaction payload payload_hash=WYhGyGq1BxAUGfLqKdTrLuvIrfwvxek33FviuFDD5A3sprR5BB0I8gU+KykFdB+K/W7NUTZheusabcib8j1zMQ== processed in 265ms
[2026-08-24 06:58:45] [ERROR] [payment_gateway] Transaction payload payload_hash=6tuGzGJWK8S1wcQAApOgx5ixttxZw0QCNCTddcnkbvg8NcnRVdTZhQpEqtufk+ULgE1I2N+G2VVuIAlXslsubw== processed in 280ms
[2026-08-24 11:05:38] [ERROR] [api_router] Transaction payload payload_hash=l0T5vOeLHw/1V3WKOpHtVysmZmWTohRkrL5aVFIIGC9MTkDMkN7Y3qc+6pQnWQuh7eSYHHgeDvNP82neKN+U4g== processed in 203ms
[2026-08-24 06:04:10] [ERROR] [cache_layer] Transaction payload payload_hash=TL4TXXEhQKROSOyNzHoHv8xDQv81BvvS6vbQwAQ5BAxAIFTA1Abs4YNkNWy1bZ6mhrKEB8ZU1WMawqWkFR969w== processed in 314ms
[2026-08-24 07:21:20] [WARN] [payment_gateway] Transaction payload payload_hash=zu0AiYKrWXmUM+Zi+RnasspJ3gmRN5BvUFcPeZ1eCIWigBNDao84L+/3Fezma6/eHKbeHlHC3F/Z/h+rA5DzkQ== processed in 283ms
[2026-08-24 07:56:02] [WARN] [payment_gateway] Transaction payload payload_hash=TdT+HuSfauG1gvX3igoNjxA/L17QCrz8INewbYnePGfPDU0ip78JTVN8YSCSByTlQc/IFGcdLnqrSGHwSwkonA== processed in 171ms
[2026-08-24 04:45:09] [WARN] [auth_service] Transaction payload payload_hash=KXwQ4tWxguhZya/aET105Y8BK9mV5JF2iIXGNrfxb4iS+N4/JpXrVG2FO3TnYDGm8SVRkIJwMVfrMeJshi6PHg== processed in 321ms
[2026-08-24 04:21:44] [ERROR] [payment_gateway] Transaction payload payload_hash=CgqrPg/3Go815Gjl0q6MlnG7b1uRws+r5EN3tbuv6wlSN7asAPge0Fy7DN8t4qzmIY/owj9ez/U02sgbUWjP1g== processed in 415ms
[2026-08-24 10:26:18] [WARN] [db_pool] Transaction payload payload_hash=zgm/+hPyrL6wL7W2pFn01+Zo/NBP0KooDwrTl8J755X0CkGihdnKqSED5ghtDr+R4JwowSLe76uqnJDR/a3jLQ== processed in 474ms
[2026-08-24 03:14:01] [ERROR] [auth_service] Transaction payload payload_hash=g0+07x0UXJf4v4GqXehtgQyOeygV76Yetmz14HCo/KS0PmseayLWD+H8ceTiyGvSp/Hw64p34SXSI//111C8jQ== processed in 82ms
[2026-08-24 07:06:39] [INFO] [payment_gateway] Transaction payload payload_hash=KV6KQe0wD4461IvYt0m+wlIZFapKemfS6kklMS/xcggkJoNS8UjDkowMOVHJm3Ga1gFE5z+adDIeKi1Kia0/Bg== processed in 22ms
[2026-08-24 03:38:56] [WARN] [db_pool] Transaction payload payload_hash=sGkDklkJawqLu00/+mftsE1R+CUR247RBhfzvmPFBQ3Fblo0cK/f6xw5Mo2rd1GV3a+WT9Yugo2TP4WzWzRkkQ== processed in 274ms
[2026-08-24 06:34:50] [ERROR] [payment_gateway] Transaction payload payload_hash=59L+On8giQvKj/GlrRDikVfZSsZSxaUnjIm9AY0OUpTxjoMPTnYeKSDtYj8K7JTWkRNwI/m5PfrVcFswZmE7YA== processed in 286ms
[2026-08-24 09:11:51] [WARN] [cache_layer] Transaction payload payload_hash=WqRPzGFx0oiOu9KjcRTvriMHqGDYHtrYx+Qo+9jliiAKCxoPJrFYxLUbsh8PPJWnLU/tBfKAYtNjbrjA/XYQ6w== processed in 357ms
[2026-08-24 02:33:25] [INFO] [api_router] Transaction payload payload_hash=x9kiqQiWPh2TJGc7Ih8sLhOtF8uqoJeWpNvecMcYRrqmE68qSjg7lxMOWXIoazpdTRuaFVSeoADRSn1nrjvmAQ== processed in 430ms
[2026-08-24 06:15:51] [WARN] [api_router] Transaction payload payload_hash=pWsTJkxvQKJ4zGRShKy7FlFkFd8fbWv6Yipf0xx1B94DuTsRkyvEpSskmc5ztZXKtgnBAR1Q1oNYoHb16A917w== processed in 9ms
[2026-08-24 08:27:47] [INFO] [api_router] Transaction payload payload_hash=i4rbYMa5U3/pq+E4r66vuneB7EM4NcFKH9MefMxsXyEKhCv+sRcdcJJqYM6g1Xj5jgCEnNETczLo12iJPzfJVg== processed in 312ms
[2026-08-24 07:13:29] [ERROR] [payment_gateway] Transaction payload payload_hash=beUdfp5kP3IsysgaNtNrbaKTVc/iJ4q6L/CXeN1G4jqKSE51fy9x3QWw1yhCFWsVBWyv4cZfE/XZki0QDVY1vA== processed in 17ms
[2026-08-24 08:13:20] [INFO] [cache_layer] Transaction payload payload_hash=SPLkeX2A8i3vRGHOfxx169OP8HUn5q/84tAiZl+gxerxkSAmgcHTpp0yRZKELG1WD6KKbxMjhgU9GIYhT3Dojg== processed in 277ms
[2026-08-24 06:46:14] [INFO] [auth_service] Transaction payload payload_hash=+KZI/md1Tn5GOEFReQ8EyCHN8Ikqe3UeJg/eEUTxlSYku+hVumH1ZWA8SizHt8Q5FF79miTaz7ua15yXzCD0xQ== processed in 390ms
[2026-08-24 09:42:12] [ERROR] [db_pool] Transaction payload payload_hash=YNlhkS+eUaVN4ls5ThJI7sn07OC3we0+VVdddtRsQ4x54xJiLyCT/m6qSOnCA219CzfltODpNmQHosnX5scDZw== processed in 450ms
[2026-08-24 06:53:24] [WARN] [cache_layer] Transaction payload payload_hash=23Uo9ASMta0XZTb76O+qtdm2FcLXZCuA8PJ8UkG/xbbteVZcmq8n/huaaIt6G0CtyhkZuezoW39XEcuxUv6kEA== processed in 363ms
[2026-08-24 06:43:04] [DEBUG] [payment_gateway] Transaction payload payload_hash=l3cy86qTUQf5ZZpXfWp4K970FMQDRNewtWc8gEV6eW7OundAKeAq9L/Mb75dhOEPCI/TWZccJ0nTvXzZHti6RQ== processed in 112ms
[2026-08-24 09:09:28] [INFO] [cache_layer] Transaction payload payload_hash=yYdkBqGOWFBqB9cRydlZIDpp/+dK1BA3K/IQ1NR/V7yq7jY1+Uud01rNoy3+SaW7yEhhzc/syn+JtPX1jXeRaA== processed in 217ms
[2026-08-24 06:25:14] [INFO] [api_router] Transaction payload payload_hash=6WBA6fdi8rk3O373JmxxIQMBVuKPCTpSuILLtfSjzR/w1sbOiM7EzxZvT5OVsyjroXgkClZRMulRv+F2pJ7MxQ== processed in 403ms
[2026-08-24 05:34:17] [WARN] [auth_service] Transaction payload payload_hash=Ic6gQXmj64dcb4jGjjPvJHxvvsneUG+2wJQt0pcbMcorkATFldRWBpsPX2Ki9EGvl1CnH+u16mnbI+F1g5Q4Tw== processed in 312ms
[2026-08-24 06:24:20] [ERROR] [auth_service] Transaction payload payload_hash=kvw4I6wC7uPP/y2Yq+KcH4VN/C5KBfRmtVB8i+T4bExhA1sC2+WcfMT7pR/uYvrHCyYGcDP73mrHtOjUVp5tQQ== processed in 378ms
[2026-08-24 06:20:08] [WARN] [auth_service] Transaction payload payload_hash=DwCPwii3TgI2ADdBwgiVy6MiIiDJyFsAp/2Q7bx3LFHUnBIE1ZIy8lKRlzxR8xCTztQP/iiQ606yTWzcpQJu4w== processed in 75ms
[2026-08-24 09:46:07] [WARN] [cache_layer] Transaction payload payload_hash=rW8TuMN+z1V0/yuO+5JicNaS/dFi1fuvFjAk0E4BiAUJVvTEffDvCrfr2mIcNI6PjxBpBZJbUXdQTgjdNBc8/A== processed in 471ms
[2026-08-24 09:15:37] [WARN] [db_pool] Transaction payload payload_hash=Wbh0BiOtlQd4EvfyzLOgiYMjE78Kg80Wluqd1gAGRmUOJ+XMnOWoQFnbqV2tzzxGHpD0HVcXUXiu4EJQ99BuvA== processed in 54ms
[2026-08-24 06:34:27] [INFO] [cache_layer] Transaction payload payload_hash=xHaQPYecIjukbwVGB64PcCULugNTLfTk2O7B9IEv47iUBK6bsfbA/bDtP/cDM1teQLiN7Qsz/ISgZBFXqgaHdA== processed in 449ms
[2026-08-24 03:10:23] [DEBUG] [auth_service] Transaction payload payload_hash=HzQ40dGgKzM/3x9zL3qf8eKlG2W2PzRZSoo3ET7lwtBjaZ5arqNQhydMDsW6bZOIFyVe5XsZ2WtN0igpoyh46w== processed in 349ms
[2026-08-24 07:51:15] [ERROR] [api_router] Transaction payload payload_hash=7gCFkU6ezcE1EhS5prTVxiL/0LvuwDhvq4J3EW8BzdVWyC1CiazIegqttxJ14AXVNdzE0HhY7WS2caN66IrThA== processed in 234ms
[2026-08-24 06:40:39] [INFO] [payment_gateway] Transaction payload payload_hash=lpKu77RAwfs8uu4UCDItWkiBvrryHaSMoPPpkxF+MbCEdp66u622X/+7uK1hwn/dFiyuOoCsZM4hTb2hRCdn0Q== processed in 385ms
[2026-08-24 03:10:21] [INFO] [payment_gateway] Transaction payload payload_hash=q1WP+r7xT/ZMOyF45LNetzwSfnx25GThoyTzahJVcri4m8pavlN014BXC57ROpWAVQ1Dvj/xFKbPoE0NGK0wBg== processed in 212ms
[2026-08-24 06:39:19] [WARN] [api_router] Transaction payload payload_hash=B3huHrmNzc0+LrXmPGxxp4n8U4hYtWS7VifEn5F2pu+PooPwSPd0bjhn7f6clYZGBxzayh03gOiIveps/50DdA== processed in 309ms
[2026-08-24 04:59:52] [INFO] [auth_service] Transaction payload payload_hash=AlFAk8AOuZYfOfkXbtlBOHTqkFLvJr0LdGNoXlR+06iQS+PLJruJ0XlJ1hRIdAcGreri8bezjbWqLIx9yny3XQ== processed in 26ms
[2026-08-24 03:36:47] [ERROR] [db_pool] Transaction payload payload_hash=cPgw64IRCMjV6nGo8bqingBadC5a1sjrZsJO54Vy3QOxayN18+D+i6JkYUYXO98VqXbU5njZoTTS/8lfUvqhVQ== processed in 85ms
[2026-08-24 10:52:55] [WARN] [db_pool] Transaction payload payload_hash=0g+47O7JYpS/MEDyemOQw+CPbpQJypJtDSQPKkV2Jnw5vtxtlDcbiPMOCoJ+hwRNYTnF5QPQrmBRLu2mDDhEXA== processed in 157ms
[2026-08-24 09:01:39] [WARN] [payment_gateway] Transaction payload payload_hash=vpap6xJwTlTcVF1JskOHc9pGICxAnj9G4mtq9pHyQHrDQ6ebwnGUD3ios+bdDkwpaUDjhRJ9EvONhOFy/I7sLA== processed in 379ms
[2026-08-24 05:45:25] [INFO] [auth_service] Transaction payload payload_hash=I0g70FJ2CkJG5buP8JXj9ACWag0HmeBGjtTrSNFpkjbLqvngctOmUDhQelYwoCY91dI3lGJtsrvR02hLKY7TPw== processed in 30ms
[2026-08-24 09:54:10] [WARN] [payment_gateway] Transaction payload payload_hash=q8w2RYAU8yqJa7AMIKYJrPnGkHcZtyJg8lT5BYC/9dl2Ln+uvK8Uf/WMQR9zPm3xtRZO9xijJn56Lik03An38g== processed in 81ms
[2026-08-24 08:30:32] [ERROR] [api_router] Transaction payload payload_hash=JDM8LtLmGfIX8+ab9T1RK3wEte40aeSCa7cQJu0DLw408OtemxwDj9tVuHMo+9nQ4/Yj6hSIfrTyG6Fxhd2+TQ== processed in 484ms
[2026-08-24 03:34:54] [DEBUG] [api_router] Transaction payload payload_hash=NXXjN2XckU9dA47oSTtWGljL7o0Hh4EmLfh2JeZRg/t9kuLn6/mnuwn6CvIF1L/0jDL8KNGxzrvV/zjWcFAUag== processed in 220ms
[2026-08-24 05:15:41] [WARN] [api_router] Transaction payload payload_hash=HGxFaXm1BYH0AzkDamzayc5mfzDh17DGTds5Zf4qaDw9Taw3/6Xh+vgWk1zfnY8z96vyCyh27b9LWt0lLfhqYg== processed in 398ms
[2026-08-24 08:48:30] [INFO] [cache_layer] Transaction payload payload_hash=8AyLFmy2uVRbl06ndDCqV8ZTJYxfZOtG4JLZPQEH1pBTxvOb7SLtZ+lXNsY5QLY7xyt+MPNJSW1XCA4AtcASmA== processed in 276ms
[2026-08-24 04:48:40] [DEBUG] [db_pool] Transaction payload payload_hash=ISyBmyUtl/8iL1eoZVjDTxims3m7q9RbOMUoiSvZ+OINyj0H8Sh7SrRFEeyJAbvVOXO7YcA4wZZ4VQVZpAuqhw== processed in 200ms
[2026-08-24 03:48:14] [DEBUG] [cache_layer] Transaction payload payload_hash=3GQFyLTqpmknIvByHwASZg7HZ10a1sl9GljC9mFtwqTvCqr4FZD4TWQKOBzcCc96mXVhcD1GvnHqbonUYd3ePg== processed in 393ms
[2026-08-24 05:43:00] [DEBUG] [cache_layer] Transaction payload payload_hash=NUvpOUFz82HIYGvJLM9wNSW9z2k5Ka2v7Eg21jbge3fW8/KnLTPyhP2OoStNTm4yGou2d0Z1rkfczKfLbiOmyg== processed in 396ms
[2026-08-24 03:16:33] [WARN] [cache_layer] Transaction payload payload_hash=Ov3hfahsIl/rqa40D25xXwWAlRBvmd1QvolXo6CW8tbb0wmxN8Xmxip1FaucX9QdXjeV4DsxkY/XL0Lq3Tw1VA== processed in 473ms
[2026-08-24 02:17:22] [WARN] [payment_gateway] Transaction payload payload_hash=NwGbR340pWCKSs4q6CWhoN6GOC+UJn4/WBn2J5BbMu4AO/95pi5rRu7wpOK1gk+jqRb1wFRelpJn6aiK2O7UNQ== processed in 185ms
[2026-08-24 10:04:29] [WARN] [payment_gateway] Transaction payload payload_hash=fMBY8WCy2cJcAeZGzvLewFd8eOdLG63os1KHuXBQz4pRMr5i8OHvv7ytRwl9MLfE+LociSc1TxwF4AwXFcbmOQ== processed in 443ms
[2026-08-24 07:56:28] [WARN] [payment_gateway] Transaction payload payload_hash=0rfDSGZgrDy1R7DHmKKIkZXYeODuxrdJ8wToxbzENJcBjllY8We6R9/Tpp/koEiymRcCLyTVwyha/Q3JCOzufQ== processed in 201ms
[2026-08-24 06:50:54] [WARN] [cache_layer] Transaction payload payload_hash=YEhHNxY9iTCuN25PEUupu0pZNv8hBMgLZ4uALZ2vGRCIHSVVmh0zzBTwyVxWlMmvcnMpGuNSnkCtjttxlW4DrA== processed in 205ms
[2026-08-24 09:43:25] [DEBUG] [db_pool] Transaction payload payload_hash=g+ypFBOO6v++RyPWPDswsB9jkMnfe4E5azk9nh6Q6QDUMMAs2lxvwWNMwcX5ocKFGJMnb7l6CjcEPs7aRCIZYQ== processed in 444ms
[2026-08-24 03:18:12] [WARN] [payment_gateway] Transaction payload payload_hash=7VGKK0eMX3UnZ6gmMEQVAvoR1QROEhlJoUmf4xnuIB0IUdjGVOroUYM+7h6Su8PwmjK2Oqs5XYJE4nlc+przXA== processed in 257ms
[2026-08-24 06:57:39] [ERROR] [payment_gateway] Transaction payload payload_hash=4SDGAe50fEf9j16wHP+ruippDl/Jzq4+GJ336wwy4F3BKekxPxKUhasaSmicqgZ5bljxugorwrjBNSdTg9RRww== processed in 77ms
[2026-08-24 06:09:38] [WARN] [auth_service] Transaction payload payload_hash=4QUaA28L30zW9T7TXMzLElUne27UG73Ub5NPJSN9QhK3uTNRipJx7mx8XjgC+8FPdJ7kuoFrXq/EeD+uvl+3ww== processed in 497ms
[2026-08-24 06:30:43] [INFO] [auth_service] Transaction payload payload_hash=68EDVZ9+Dd5cRV12nNJxolxtHXL/xggvlAft6eqHcL8x/OlDHtVznnD3A31bVCepeVE69mpQdREnigDo7xFJ0A== processed in 205ms
[2026-08-24 06:29:35] [ERROR] [cache_layer] Transaction payload payload_hash=X3okpJQYA01aXAb2Awe+vK75UrpQLf41WrM7596PZ7tg+kcGCRH26PlN6D/exxgfjBvCklX7/KdCx0reaDpVDQ== processed in 177ms
[2026-08-24 09:59:59] [WARN] [db_pool] Transaction payload payload_hash=rmEMDYI2pP6yF+cHVoYZ1xC8uwgMcyJKfq1ILiDAXP3PQZULyiss0He5UNgzC38qeaeR5OqeU3BUAWGTEZtp3A== processed in 7ms
[2026-08-24 09:32:21] [INFO] [cache_layer] Transaction payload payload_hash=C+9Wd1OWdMNJ/Jn/mXuIUIkzBVom5LShTBcd4Q1lvLTAU4c4OAZ03kp9InIH/zc9rcYzHxGJREEs+0fF5fA3dQ== processed in 427ms
[2026-08-24 05:43:47] [ERROR] [db_pool] Transaction payload payload_hash=pV+vnMTHzDwPFEnvJUOUgzN/eBXwRzAanO+W/fVvGPHRKTjbSyWsUBKOGhpoz5yvjvR6nJ/kgB33g9uh28UnUw== processed in 273ms
[2026-08-24 04:52:09] [WARN] [cache_layer] Transaction payload payload_hash=mDoYal8hGNfZieAIyjMXGOE17BpEF0dqWkso8hf5kkWtp6go+dTCN1xXEZNvRakj9MIueEhV+X+c3uCOVRen7A== processed in 349ms
[2026-08-24 10:31:58] [DEBUG] [auth_service] Transaction payload payload_hash=nd+3MCkypk3mcPe9iGm/yAaZG+TBZB2Kc7YbcMaHwi1W04zjfL0Pbz2qnSnVVTnN2OQIayOkI6RDQNJ0Qak04g== processed in 241ms
[2026-08-24 06:30:11] [ERROR] [cache_layer] Transaction payload payload_hash=UdkcDCcYjsmKVCXMuluwRngsqRo6ELbbNALGW/kuXOdIbWo8SuEjC8slM8n/9GGKTOSk5vaV+SOijMlPBbeCkg== processed in 233ms
[2026-08-24 09:38:41] [INFO] [api_router] Transaction payload payload_hash=0HjzPHtZBX/p61ij0PmiCx1m86sSTIWxYJigdvFfR6+Qs/rTepbU4r5foBCUtIfPKBq1iTopDld77F2EwUrb5A== processed in 349ms
[2026-08-24 04:20:27] [DEBUG] [cache_layer] Transaction payload payload_hash=h7AT3//2U4h46CE2L/pylDl/TS0BXjVAcpX8Oh0vhcUW4a5lEAYdAtIiWhOEFxiTWVIr8sqsngI5phiN42aRiA== processed in 145ms
[2026-08-24 08:29:34] [INFO] [db_pool] Transaction payload payload_hash=hrOS8S2Wf5RrxS4g0CJ7a+xrat57fZQEtizOMnfEDKbbX29qPht1Qt8ZiZ2nAWyO2BiNRD5eMnKyj+MIjQ4W/w== processed in 440ms
[2026-08-24 06:42:11] [WARN] [db_pool] Transaction payload payload_hash=rtXx1+DYBjriZcZnxK72HlCXD2+uaoZlzM5zTPqMn52kJ9nV20EXaJGtk7cyeCC+tIjha4H/Enpw5YTdzT5FIw== processed in 318ms
[2026-08-24 08:37:35] [DEBUG] [payment_gateway] Transaction payload payload_hash=oLjYOfCW/j9pgRmLCU5bkozQN5pe1AdEekIa3ZIiCk/tiQxcOtqjk7++FXyVsx1l+sU7nwc1PoxuG68fsA2joQ== processed in 216ms
[2026-08-24 03:31:48] [WARN] [db_pool] Transaction payload payload_hash=ZtCgvxPt1Mjqh2YLKKtVMhKshn/1rZ4FzXn+bdrydOxWSLenSVUBd3YZHUG0cQxMNf9ziXfjucWgAFEYmIc2/g== processed in 426ms
[2026-08-24 05:51:21] [INFO] [api_router] Transaction payload payload_hash=EZB+Tjrlf+U7pMRQmlS/g58Q17BCZ7oE+1eRteV3fhw/uMVuXM28cBBlee0eqyBfIdQqjTXOwI8hNfivMUni4A== processed in 237ms
[2026-08-24 09:17:52] [ERROR] [payment_gateway] Transaction payload payload_hash=XJmtFbJvMFaThpBW5flLCAatjK+/PjXuWOOFmI3rv+zf1/Gd3LkpN8pFj2YzHCqVP+cF8FJYvCF6aQ9F4VHknw== processed in 9ms
[2026-08-24 05:35:53] [WARN] [cache_layer] Transaction payload payload_hash=KG2vQ0bLU74po6etiBTY+iZDDQZ1YW33eO0BKPXF4LaNjhqYqcHfnbD84HfkkQyIo69c6yA4p3O/a6ChgJCMZQ== processed in 298ms
[2026-08-24 09:39:12] [INFO] [cache_layer] Transaction payload payload_hash=lMO0WcnI8y8jctbuI2pxoR+FQXPhLAwV4ugdYdAd/rDKIqhhSISB9m3iU2XuAMCK1yeXHeSlAvCSPuzIpcwguQ== processed in 274ms
[2026-08-24 03:04:15] [WARN] [auth_service] Transaction payload payload_hash=AXYeB2BJFnqm/MU9rEfeF99CAM99gwu4M2UTUHaQNg7nWdEOp5EeNTRcnGfH4On8TRm4wF1ScoJ8RZrkwQEblg== processed in 139ms
[2026-08-24 06:16:29] [INFO] [db_pool] Transaction payload payload_hash=EtVLtKujOz5EnP5vAMurtuhTARmxAdNaJeQLM1ZGiIGe2SMANpL6kvDIHNGpYVu6MpV0e7wtIukak96uPgTzlQ== processed in 313ms
[2026-08-24 09:54:24] [INFO] [db_pool] Transaction payload payload_hash=HZNPT7XxX74mrb9YshVfsbJtd6l4tN0UEJXw0I5W1LjlnIekCjgXoAYMsrRPTPyQn8w3D1jaK9TeVId8+/6TLg== processed in 316ms
[2026-08-24 05:31:00] [DEBUG] [db_pool] Transaction payload payload_hash=Lo/q4pnQ8nxL8B7i1mTahG/Qlwj5CizOXKi732f8wKOnW0Ifd1gZAk5nM663DTyHykvdm6PBpEbd4AcY/yuRnw== processed in 166ms
[2026-08-24 11:17:56] [ERROR] [api_router] Transaction payload payload_hash=yv1jNAWS7B/Qmf6BTiJsLrC5cElq/F1oUmz/tKCYdrV9J+kh9n6RjIPRVx3djIsFML5kc+kDoIVgtWmSp2IHxw== processed in 129ms
[2026-08-24 02:53:23] [WARN] [api_router] Transaction payload payload_hash=9uLRg5W41vOzHYcftlyJlCvUKTLTawZfMGbHWYfQDSXqRsc2m+szy5ZzvGAQyGB2tGGhHrji6c7c5X30gJOjCQ== processed in 268ms
[2026-08-24 09:13:33] [ERROR] [payment_gateway] Transaction payload payload_hash=j6Zqlf5JAkmuB2I5qlscx/dKbA9fZWjwdphRLSGA4CWH/jqhRb5JpQrqlkkL7DP4Ok6E2EaPxmnFOxXSNYVPCg== processed in 175ms
[2026-08-24 09:23:21] [DEBUG] [api_router] Transaction payload payload_hash=QVpaCamQJyte1IS2CYNPQ7MweUb1wkwfS3aDuDFaBXu4e7G+FI3qh7Wj2YcuUfRRH9AR+LuBubr9CEMU0zIlkQ== processed in 232ms
[2026-08-24 03:52:58] [INFO] [payment_gateway] Transaction payload payload_hash=0vpXQ3KDeRcH5hoH9hZRQJ28kAWjGoxjeNa4X35vAzvxGXbGK0HNRyhxf8i4RAI6zCFXUGyldVzVS32VhSay5Q== processed in 332ms
[2026-08-24 04:42:58] [DEBUG] [payment_gateway] Transaction payload payload_hash=cjMcn4VMXRqkokZOh86JqcUC3sc7k/+wvs/q5u0lH4KaO/lvqBkDWTgyLVjBPE1CCSk/Lq/SnWMWwix69uBuzw== processed in 294ms
[2026-08-24 05:25:15] [ERROR] [api_router] Transaction payload payload_hash=NYgB3yuzxtdFMNPVge0BjWOehGcVQxWJ5LniSPjW2gETtaa0aODTvZn3WJVHedV5Wf9+U90b1wXfo0ZU/xK+rg== processed in 269ms
[2026-08-24 02:47:18] [ERROR] [payment_gateway] Transaction payload payload_hash=YSLyGkYagHyqD+aXQRVHxROHvjiPnKOFcbkpXwmT6Miz05XTgQ23BNl5YU9Ij/ceYc5Xaj6rDGOIqIwgKOhgqQ== processed in 372ms
[2026-08-24 03:28:35] [DEBUG] [api_router] Transaction payload payload_hash=7+YE6OSTk9M+GHBIHryuPEza0O3wh0vlsycAiBXdk0SbbWQDazCGEKDIC7SwfjKGv/fuNp29Lo6AnQbsjx7h8w== processed in 115ms
[2026-08-24 08:05:45] [ERROR] [api_router] Transaction payload payload_hash=npZXkBBxWrQvi+N9pT3GmIzizl/BOcqfQ2csI/LUdhYUBkjXU65Ru8Y8db9gHQthReKd7s0ZkGT5oLhTeDR8Xg== processed in 314ms
[2026-08-24 05:55:10] [ERROR] [api_router] Transaction payload payload_hash=ac0ah7nKq9tJOqlo6M7NsuK+3EWHmSp4xIAvJKS8HzGEl/oab7YOWKj757GjP4i06PTl1munPIHTJ9m5Wl7w3A== processed in 425ms
[2026-08-24 04:06:03] [INFO] [db_pool] Transaction payload payload_hash=WMAxqYlY3Z6gULyOunGn9PqKHKRc5xtsBfNMvgznSRjxD9oQ610j1N8JHu3YFM8YPPQDN6w/YF6jbuZeGJpq2Q== processed in 247ms
[2026-08-24 08:30:26] [INFO] [api_router] Transaction payload payload_hash=g22oAi/yV7Yq7hU/pStjQlTYmtEXiv401e2v8BYAm7g/RglW+cHp06RsFzt3DuXIfCqZr+IzIpk9cpjCDvN3lw== processed in 485ms
[2026-08-24 11:21:19] [ERROR] [api_router] Transaction payload payload_hash=ucT6jiCrAnTH6Q36eX5c33urnzmLXfj4GVGmStdC6dleM0V6Tv1W8coxQKQQ4xUE+nlShnpw5Oiphw8k6XDtlg== processed in 393ms
[2026-08-24 06:25:25] [INFO] [db_pool] Transaction payload payload_hash=aeiUS/ElkKgbFBrxBNA2vTftfXzCw1/5zyiOrwDFGev7H9QO7O6rujRF2N5rYILzFpm09eAOLC2xzGGJZITtrA== processed in 192ms
[2026-08-24 05:38:40] [ERROR] [db_pool] Transaction payload payload_hash=985zCkQoO6NDHbhGGAfk68PDRR8wheu0EFnQxliU6DntbOA9nn938SngZnspTTkxQGzRMGJkZOjmxJScq6wi9Q== processed in 203ms
[2026-08-24 08:24:00] [WARN] [payment_gateway] Transaction payload payload_hash=TBx39CVH/4ySEzakaMCgbYuQPitRUwwsxkIsPpN2m23CaQaKyaiUMjwibH+I7ZQvWrprAJB5w6TTzjFXu1E09w== processed in 412ms
[2026-08-24 08:02:44] [INFO] [db_pool] Transaction payload payload_hash=q4oVlZEbhWxKQqhiKHbsTyxsRpbl2f1vWVffHKh8uRZ2gAekDJi42zRMIuKZ8MTC138PtWtxsxF4cOqHXKyLwQ== processed in 317ms
[2026-08-24 04:40:50] [DEBUG] [cache_layer] Transaction payload payload_hash=t6vBh/ETEa1/rlRj3b82uAxxzXEKL9/MDhbOiApdOg6Fls9HOrqDeiIBkEsY/I4DAklmT8hNSqYpLczcTlFgkA== processed in 412ms
[2026-08-24 07:34:40] [INFO] [payment_gateway] Transaction payload payload_hash=wG3KtUChItBtI+NbUUtJqskBfoIi7mgT4jbQvfCVQCm+pK5vv6OiJsBmQXp67DICGZ1bOZsgp7UMaXLLD7Fxpw== processed in 342ms
[2026-08-24 04:00:25] [WARN] [api_router] Transaction payload payload_hash=ejWRP8tUhCE13qYTo4QBJcPTe1Fpulkzbom6R6EfkphCylEuyEdVPU4n65rl606OAmUhaZng8CunrywCrz/BMw== processed in 86ms
[2026-08-24 10:12:01] [ERROR] [auth_service] Transaction payload payload_hash=Ooz1mfGMi44tAhko/C2TDurgiFodY7+zo7NS+IqZIA+q3xrfpsbn9MldidFpxbolJS9DqqEt00qSIH3KVDBpBw== processed in 140ms
[2026-08-24 06:37:29] [ERROR] [payment_gateway] Transaction payload payload_hash=HBtQt6TPvSrxuxQknvNhGkN1YEmqypCoHgMzvy5p8XPAZG3AbrO0rvlnJGRRA1+PwWPnPEIBl6GrlcK9L5B13A== processed in 372ms
[2026-08-24 07:44:44] [INFO] [cache_layer] Transaction payload payload_hash=NiT+GTfwuJTHVwvJni3a7jLWPTO8FTfudktl7K44nuemTLeZJ5dVwRHjgpBpN+W8HjeOihuXXehaRb2jghbMzg== processed in 226ms
[2026-08-24 06:28:38] [WARN] [db_pool] Transaction payload payload_hash=Dse42sleDz2np2TzcWyY0FV0DxjZWgY9z4ar/9CJwcZHLXCIu7yoAcoYB+xc+3mC2KgOtsxP1P9wdSUMiOrtuw== processed in 459ms
[2026-08-24 10:17:40] [DEBUG] [cache_layer] Transaction payload payload_hash=oRMpilsC5/j5qBhnEoBIYUMsa+IP08KaVlnl9AhsKQEP7KV5A5q/yxJ9PBqF3yI2uHDdSKtJyanFp84AsBATiA== processed in 352ms
[2026-08-24 05:19:46] [ERROR] [cache_layer] Transaction payload payload_hash=lyOc5XTwEDQyUMNvU+fi39HRZykmzP9sx9bjqHvGJu6ZATBKVO2EpGeleYXuc3sK1jOhEGKthl0cp8oW/KewUw== processed in 264ms
[2026-08-24 03:44:14] [INFO] [payment_gateway] Transaction payload payload_hash=YRh9IrJMT0iSNgMSKrLZqxtBFcDA7N7CJIfVeO8CtmVHaWx5zYL3ZIp0/ZCPx7yqUkUsdf2MsZI/sVXNwrAUYQ== processed in 325ms
[2026-08-24 06:16:27] [ERROR] [payment_gateway] Transaction payload payload_hash=CQqNOdSZtrT1o3rur+LpZEwtZ7DZkW7I371Ism9Uw/4EPT9uc6XynFGu9vvmxDNBulOVwDTG8n3hfgJiXs0RKw== processed in 120ms
[2026-08-24 03:28:15] [ERROR] [payment_gateway] Transaction payload payload_hash=45mSluJxO3DnwemOhuCeFPKh58FLPP7lhIQScXR+GDNnWcMlFi8Pl4lEwF8Ppn+CeuPCsGzaTE22GPRQx6nt0Q== processed in 76ms
[2026-08-24 07:19:36] [WARN] [auth_service] Transaction payload payload_hash=NXy+S9ML9w//IyxwY/xciYlTL3ElzPeXnckjN6eZNazTM/QnOIT8WXrBl8djGjuUkxj3O+PalRjJaLu4EFkGwg== processed in 129ms
[2026-08-24 04:25:50] [ERROR] [cache_layer] Transaction payload payload_hash=s+IbxcAh00Mw56io60gPixdccvfDFwpCbYQbxCjZo0M0lC2bVIjWpWyUQmITG+SUtrkfzRWLi7u7zage9aelBA== processed in 135ms
[2026-08-24 04:21:39] [INFO] [db_pool] Transaction payload payload_hash=XwBS+rnS4iQmWaU9vw0VPkYTV1RD77+ovT3RmoB2ASXAABxQ2OexFe+a4U7n/5iaNqEU7u125pNfVzDD91iGaQ== processed in 47ms
[2026-08-24 07:51:23] [INFO] [cache_layer] Transaction payload payload_hash=/fISTs+R76mVgs4aTfAdUPeeVX3aAuIjV9pNm7OtceIprT4pCMFCyHVvjWroeR4HB0h3RuoD/RqALNiBy82TBQ== processed in 127ms
[2026-08-24 04:37:41] [DEBUG] [cache_layer] Transaction payload payload_hash=+q2QqDrVXun7yxUB3CFo1cS35bdOYVjZAKXY4T+RAxAvcQQqK8/b5W/w2+mnO1i4MCxwnU0Bhnvhe+9s0Xbhaw== processed in 55ms
[2026-08-24 06:53:12] [DEBUG] [cache_layer] Transaction payload payload_hash=nGyS8+g/X36vv19rqg5WPFZa50315LbEhay+GIX6PvwEqYKOrGYFA3WilPipd5B2tgsvwCzWG2thuD2PQ6LEqA== processed in 284ms
[2026-08-24 05:11:51] [INFO] [db_pool] Transaction payload payload_hash=e+4mpsCxexW9OGiFQ76pn02nrN3i+SNOivJclqfGlZz1rgQoGLfx2Qf3pPmMXZLQbX0UG6/MMOcr1CX/aKF0Rg== processed in 485ms
[2026-08-24 05:29:44] [INFO] [api_router] Transaction payload payload_hash=IUIJ32mfNM61ErwkxafqTOaPazVnKZ7ApCPY6TCLpDfopxM9+bvGkMBv9v3BvM+uEdosR7kVPnOMQlBDD+9t9Q== processed in 281ms
[2026-08-24 07:28:54] [INFO] [auth_service] Transaction payload payload_hash=rNb6HI646TWQfAMqjLP+C+ZE2AR5G70pLquLrISiqD0hpyLUaoZBkz/712dkAT6Ud4q3gMFEvUrg0eyDpcMwcw== processed in 127ms
[2026-08-24 09:58:49] [DEBUG] [payment_gateway] Transaction payload payload_hash=5NyGUELzzi7Nq8UxEre6VdtgsubQf14mEFcoZYR/R+xRKNITv8xQDV/shUgKEh+5kVP0HDLe7Zbzo8a3pIqryQ== processed in 114ms
[2026-08-24 09:58:48] [INFO] [payment_gateway] Transaction payload payload_hash=eyAGoZb6jIvosCcxGlt6+tsbQw39JyX4+PdkREnIE6notA4WLEnL+cEOq/Vx7lPm6ZtPNf2Em4aJuHCI4uObqQ== processed in 235ms
[2026-08-24 04:08:16] [INFO] [payment_gateway] Transaction payload payload_hash=QU3zoVxyE0tTdymiaB911cM4fKAkbXJJbOU5k5KU4ZI2z8ELORZp1fH3YnSO14b85KiMyDWzDmsMpO7G2dhpWQ== processed in 29ms
[2026-08-24 05:45:57] [DEBUG] [payment_gateway] Transaction payload payload_hash=pEH6ozODl83ieGxNDZcTOraIw/y3uMr36aAmcriWktwjXf855ohb4KzVDI7qO3614Z9Mb89o9pmvfjUtFCpSyA== processed in 497ms
[2026-08-24 03:07:58] [DEBUG] [db_pool] Transaction payload payload_hash=sOA0llqvnarrIyfX5shsFcxxd4M6njVEFp1KuDGRmw7oP2p+2WXgJM67mLXGO0ZhM47UzqAuZ6jXIeqVu1M5ng== processed in 33ms
[2026-08-24 08:27:14] [INFO] [db_pool] Transaction payload payload_hash=L5Dw/xI79oCW6AA9Ee/pmZI6cH0b7xpD+MQF5Dv9n5hv8941J+8sSUCVzKISNGTLHAH1XiXHQPyKq/faQuKzEA== processed in 312ms
[2026-08-24 03:38:55] [INFO] [cache_layer] Transaction payload payload_hash=yX8fLQHHlCaaMRR+l7Ykrcx8ZsdnUjNP33zEbDTpeS05YihxU632Or+lMgyRAl7Oe11j8XkkbjtaYj84it6prg== processed in 57ms
[2026-08-24 02:57:40] [DEBUG] [payment_gateway] Transaction payload payload_hash=klxFfXIB0W2ab8BoqxCenBoggy+TldH2FHOzSRxwdPMLnfUpXEPftTkgMQ/5+BXmXPBlgslYSQfHseKw+YhL7g== processed in 469ms
[2026-08-24 07:41:54] [ERROR] [cache_layer] Transaction payload payload_hash=qGC37KC4YKT/SWnk86CiJ4hDZbUnMI+X0eAVLoamkg7VGTsLOYOnLZ5vEIrdgfrmuiqCeyAk+wNcLlGxaeFcuA== processed in 476ms
[2026-08-24 06:54:47] [ERROR] [cache_layer] Transaction payload payload_hash=BNjwna+aC71QCfCU+2E8k3ulqIdCoK9t6BXFFpJwe5kpk+5PJ9yk4AX+eGd4D0qi3R4vx+jgm00LonpSeNUF/A== processed in 155ms
[2026-08-24 07:58:17] [WARN] [auth_service] Transaction payload payload_hash=ZpvGyvNyOENhQQH/xFC+0/hHlE6xHOyvQwz5UJUzSCbEI7JLj0gJmAw06uUwOszDJSkV4XQ5+B9sXYSou+D/dg== processed in 178ms
[2026-08-24 03:22:01] [ERROR] [api_router] Transaction payload payload_hash=rtIq4LQ6cysOST1O6Z7BkwZWCzToCQSUylfeAw5nB52Zy3VEbxnesHeBUqLr8JYYZ7OkR723U9v4daP/NUQlaQ== processed in 102ms
[2026-08-24 09:42:56] [WARN] [auth_service] Transaction payload payload_hash=t38YR3XKEreUMtr+S97USdmHlCBvRWq+cSOD0HbrA7K7UGjxk0Pv76e2ckdex9LevhJCroQkYvrfrTtDuEhDkw== processed in 11ms
[2026-08-24 10:44:42] [ERROR] [auth_service] Transaction payload payload_hash=hTB/9EmbnON7jcxW0jF1XF6+HmZIg3eQoveUaD/dfW+1MzeOqpL8QL1YQJtiP0AuyBRMeALMrp+Y5uLb/Jndmw== processed in 81ms
[2026-08-24 04:11:16] [DEBUG] [api_router] Transaction payload payload_hash=yLtWrc2Nih4VpFnJovSND6si69ePsjfgAP4CZkHcS06/aAtYtOtu+dRDi8SoOoWwgm6lvvrnzgG7B5HEyxxoqw== processed in 160ms
[2026-08-24 02:50:50] [INFO] [api_router] Transaction payload payload_hash=M/tSMA1h7kpn/Z4s82e8CH9IYEPIvkHGfPttUY0eZ9Alli5o7yMTnsQEVmCxNy4SKSQv0McVGuWnIOKn86A3WA== processed in 325ms
[2026-08-24 03:32:15] [DEBUG] [auth_service] Transaction payload payload_hash=S2dwlsqiYfcmKy69qeUz+rZc/kcrApknzKkS+CbfUUyFiMK6tJqDXFzjeokQQ4VJTe7UUw7NOADRdgRvBQrnUA== processed in 468ms
[2026-08-24 02:18:29] [DEBUG] [api_router] Transaction payload payload_hash=skstrd+iaNyS8OJuZXjzWmu7Ck12ovb0dCBitgXCQ78kMgcN/wlAybuDXw2e1ph+vYvYdMPHjn8KoGOe5Dy9qA== processed in 40ms
[2026-08-24 03:05:53] [INFO] [auth_service] Transaction payload payload_hash=DOH+yG9Y+3QGypBiG0mHuTsKsnTFn4/vi1VIDt4ZPicPhyv+9QhtPxNFHPfIcdxUEZKPNpE8E8HFxTg3oMpHJA== processed in 290ms
[2026-08-24 06:33:31] [INFO] [db_pool] Transaction payload payload_hash=9gSJwf9QJauqp1vNW47LSvL8hlXiKR75FvL2zMQoDFKBBVRJlha/oxYVrqcWTXvki0sS54+Tht0eDm/eBBI3AA== processed in 498ms
[2026-08-24 09:02:56] [WARN] [api_router] Transaction payload payload_hash=z/z4UkCC07E925WBASdgJzxEFyO5GPNAQgaKLKkYw15X3Cwoslh1Fy/MLDCyzItDP9bPGI5Sq/FRNzGCWiMQsg== processed in 146ms
[2026-08-24 09:35:02] [INFO] [cache_layer] Transaction payload payload_hash=z1izu31d3H0p2N7OfIn2mIMayZV8ShzJAD+cOW5qLxIviKuf14+OC4xTOiBv2ovvbiv+jeb5yLGtocC3jtU7AQ== processed in 325ms
[2026-08-24 03:28:26] [INFO] [cache_layer] Transaction payload payload_hash=yS/MqOUByCc88SwFWvFJ28Zoe7iOyjZJ5Q3UTmCkZv2fvH4ZsD7mdpGKg1NTafGsBwih50x9Dyx8tkWNAurxOA== processed in 433ms
[2026-08-24 08:34:35] [DEBUG] [auth_service] Transaction payload payload_hash=sZu9t1WtxVmVVV/9I0CGZJz+tFQeuBuYAm2Mi/8FWFEzLkV6GAkd+y8AtTxSvOqggZCZpHV20AJdlcAkE6z1Lg== processed in 50ms
[2026-08-24 03:19:06] [INFO] [cache_layer] Transaction payload payload_hash=8kH9mpAcfaEI/fX6v02M3aOoDxak4E3YcUfbhwptG2U+lEVGMmaPGldYL60fe+NCLRzU1Or0D0n3xvuEPHcEmA== processed in 338ms
[2026-08-24 03:49:36] [DEBUG] [payment_gateway] Transaction payload payload_hash=vE5jsFvrTqO3OIbe5gYAj5oQtVFZprmZ344sZGi7DSQuBRldTcf7TxcMEjK0DNMePNnigiEN8LbQZk5oQsVCWQ== processed in 353ms
[2026-08-24 10:24:00] [ERROR] [payment_gateway] Transaction payload payload_hash=JqSkljrgYboqIWkNkODpW+BAJ98/8q1TRkKdYXHfqVbgsXZIPdEInCSCwAGkjSipMY4mImeWHTFjYKdeLI0ciw== processed in 269ms
[2026-08-24 09:16:02] [DEBUG] [cache_layer] Transaction payload payload_hash=tWqi2IZbc5LYI6oWGMIB8J5iJjxZBS7YJpKBudUzCumBsi9pd40BaBV8Uxjurh3/k1ynyhG9Mr4pCrFboWtghA== processed in 80ms
[2026-08-24 05:23:25] [INFO] [api_router] Transaction payload payload_hash=hY8vXhfBY5Z37fSjZVCrerpxm4XKdBrMavP6N2GKFfr3jTyVVppCVdxmN3VD39qmZHOiooA4ebei+i2Q3rea9g== processed in 294ms
[2026-08-24 02:28:10] [INFO] [db_pool] Transaction payload payload_hash=ZoM9PiqxPoR65k1DMh8HqAcpp0nIV3XOT6ucGZWGxS16YcL83+N56BVe56y15LQxCUfmH6yAPNQKx0X1qjDceA== processed in 315ms
[2026-08-24 08:15:34] [INFO] [api_router] Transaction payload payload_hash=mm4lIZRfCTjmxfjJjrHWZ8pJQ0/MhjO57PpRdsKEhFTBg+3ulKKymBgL9/OPjobrc4Q6AbkE2zFZvLVhu6tooQ== processed in 407ms
[2026-08-24 06:37:26] [ERROR] [db_pool] Transaction payload payload_hash=xR5iHAbsn3haw1Mhuk4IJMARTRLJvaJ7dHYhW+D0+kEIqnIv63Pxq4ZFDSd1oz8H80NelZ1AUucOSn+iIfeA9Q== processed in 220ms
[2026-08-24 11:13:04] [ERROR] [payment_gateway] Transaction payload payload_hash=lugWNuTGbhVuN+s/JlOialFa34yAyLPNW/EjyyG/qVKWvDlP8u911LJ022/2aJjsNIgBtQXg8PWh01oOk8uhGw== processed in 273ms
[2026-08-24 05:18:50] [INFO] [db_pool] Transaction payload payload_hash=UlfwPXKSYzE2hlzjlIDCfSEXJu1oiIB3CL93qd05jXSDFS0VfKe6z3q07ghCNX3HbMrdJHw5awH9ENYw66dFkA== processed in 1ms
[2026-08-24 05:51:53] [DEBUG] [auth_service] Transaction payload payload_hash=YQEaVkbBgkMRqZEpTgnFj5wQ6ogAh3Qb/GxK+iRiVNJmTdeYcumm2r3jQLvvA0HvDPBAaHztDevt5Ea3dTqG/Q== processed in 317ms
[2026-08-24 10:25:48] [WARN] [auth_service] Transaction payload payload_hash=XqjHOqAv71JdeEkCBNClmRHXzP8LjB9P17315fDIIHnTA7xo5MDEdpjLnMV1Ta/6uMgKnih5sxHoLjEcPVIUiA== processed in 253ms
[2026-08-24 04:14:28] [ERROR] [auth_service] Transaction payload payload_hash=OrLw9XVfdPE3KFfrnKAt7mgiO7JkhDE5dFh/ntkGEax6XIN6RQar5sB26qIU3kOeXSO+B/ShVvMdrcYPg5JX6w== processed in 456ms
[2026-08-24 07:01:32] [ERROR] [db_pool] Transaction payload payload_hash=dLW+Yrdn6mshg6P9BDDB5QUjcRnZdtRkQhx6UApF9qet/36Yq81Ke8wANnY++QXSCnZ3VnQsD8BAST3WKldf+g== processed in 237ms
[2026-08-24 09:14:38] [DEBUG] [auth_service] Transaction payload payload_hash=cdVrDydi0ssviGKhT4USINCcu/eD2Oo7lJl5T9hAc0FN3aud1fOn81Dj2rdzt5bM2rrrnWEp9mDfTUAYwUhCFQ== processed in 266ms
[2026-08-24 03:39:29] [DEBUG] [auth_service] Transaction payload payload_hash=585SAgzdcyrDBuncfzQr7A0nHvKPGFQt+fdEWmd0+9A4Q2aLkFiRbwv3qgi0z6f3X8OGEZHki34iKnx8jcZmMQ== processed in 387ms
[2026-08-24 05:49:51] [DEBUG] [payment_gateway] Transaction payload payload_hash=yYEwaZyjuMlg6oSSoZ8wPi+gEo1EygQQYpcDGMilUJgkgR14s3yhtcCUPn03BCAt/+9NJ2M2ZkMY1vRlwA6cEw== processed in 456ms
[2026-08-24 09:55:04] [ERROR] [auth_service] Transaction payload payload_hash=M2uKLFtxI8jzdvSktLhuATnyE1vZ7/GbdEb4u6ttSoPlJIRuNU/runhuU45p4wf59bbsWAmeCD2rgLj3eqrX6w== processed in 304ms
[2026-08-24 08:19:12] [ERROR] [payment_gateway] Transaction payload payload_hash=KPzUsRorGP9FDUKBU/Ye4EEG968tUwLP7mo6iiPTd+PeYoCs4+GXzIQFToZmXod7fpbzLXBFsjnc4gYk/diHWw== processed in 155ms
[2026-08-24 06:12:13] [DEBUG] [auth_service] Transaction payload payload_hash=9xAcOJhOVExsBV92iPd6OtbTjOHHxGg4Vfd0+IAH042jbJC9A7fzzhcE2fenHlOXrsBpf4F467hAePVA1tyPUA== processed in 174ms
[2026-08-24 09:47:23] [INFO] [db_pool] Transaction payload payload_hash=gJEQbtldItVOSPdcQ0hRuOZIxNISEsWjtTcQSzdaGQX4X5rFc92plSK+GwnM8wFhDAGJMbeLJ4/E1EWB+fQ9cg== processed in 110ms
[2026-08-24 09:16:55] [WARN] [db_pool] Transaction payload payload_hash=wTWN50K2YwAhVdBbjq8uWX6ciEzEUSyXwukcfT78wlUIOCD6IQdbw5SQUKGPZ4uXcW3oDvzGmH0D0QaaXjguXg== processed in 448ms
[2026-08-24 09:34:08] [WARN] [api_router] Transaction payload payload_hash=X+oD8J6QPY+mu07hUZtcytSaMMX4MwbvL3Vgu8C8dedKhm9iODncJQjSbZ86Y9/jdMzrzhnxyoQgWP44rZwF1A== processed in 80ms
[2026-08-24 08:38:25] [DEBUG] [db_pool] Transaction payload payload_hash=WE32x7f6tZi4boXhuh1G5Yz3pSlFCM9eNkEl1Xo/3/2ZMBa7SdxvxW8FOxp8Qdgtho5ydy9TtjjwU50qGmM30g== processed in 304ms
[2026-08-24 03:51:07] [INFO] [db_pool] Transaction payload payload_hash=SggZnvA980w06quIWvyK3iuwUFpaXOWFyDxcakk/nLMCtn9tR2/17H/8rlDl9kQRvClYM0U8l7qyZI0m780XTA== processed in 492ms
[2026-08-24 04:33:32] [WARN] [payment_gateway] Transaction payload payload_hash=0w7TkELAvwZmnfI0U1/3n4PANDjkwbAYZp1AroawERcamu3t+AZdO4j+0uLjQgb57pWDEhOozSS9dY3KII954A== processed in 422ms
[2026-08-24 05:09:54] [WARN] [cache_layer] Transaction payload payload_hash=bB6AvRu3PycWDTbQJeQU14AseccWBxoJBeSWuah2EwqpPxNwWoZ0jk0CSaXCiz6S4ItHxWDR6Iod6s2RukciiQ== processed in 280ms
[2026-08-24 03:09:18] [INFO] [payment_gateway] Transaction payload payload_hash=Aqr4w8/W/RYF854bSSLjNJw/BXajPssPvMinUW8xMNxB2tOIv90mdsvYgq/ic4ftaEPOmke8xW6B2FwzyhbASA== processed in 34ms
[2026-08-24 03:20:47] [DEBUG] [cache_layer] Transaction payload payload_hash=MTNJF7Kh+PL54K9usuhLQyvyZRY9QCwfng6+uTDi2S6skpp2OnwF/UgR198TXhOJjd5UPov3HhPrkVkZXcAreg== processed in 464ms
[2026-08-24 07:48:22] [ERROR] [cache_layer] Transaction payload payload_hash=Mtc7ZTrfcTADB167JVvclF0qTukC4Spocwc4SRrt3tBO1bYW/X0hCpnPVwDdLz/knnLVzUozecCz4lFKA3rkFQ== processed in 387ms
[2026-08-24 02:25:14] [INFO] [payment_gateway] Transaction payload payload_hash=G34lqCVEFvZwYH9kMU9gNiVU9YSTwNMIFZ0wrZ6QJN0rOvbMKmhXSF6poGx952KuZR8mlPdGFLsGwSpEFpX0ag== processed in 112ms
[2026-08-24 06:03:05] [ERROR] [cache_layer] Transaction payload payload_hash=ZaIkr6hoyPH6QBNU8o/KOJoXCNN5hpR/xLpcSS0svgGuXTyjjn0pgCiubwNqfNHrQ1rOWJIFglCVyUY+4Fui4Q== processed in 80ms
[2026-08-24 08:30:22] [DEBUG] [auth_service] Transaction payload payload_hash=lnr+nk26CkYPc82LRpuLF9uU86p66Cc9gjgj6hf9+DhIaF1Hk4lKS8iGS3vn2SR6MiXbj0crktrt6rNNBJ+1Lg== processed in 146ms
[2026-08-24 03:16:59] [INFO] [api_router] Transaction payload payload_hash=No5cGqPxlU0DisPuo8ZceSyW/ijeriGc8HMeB1ITPi34h3/3875iCPnIz67/yCvsnnN7KEJRmG6IOp60p8N46w== processed in 300ms
[2026-08-24 07:35:11] [DEBUG] [payment_gateway] Transaction payload payload_hash=8cQicIoyfEjCvitc4VaZIm2ZggPDUzd0AkEO0OZwnQrehGe4nRrzGJQsA6dP5k9sH9yLh721Z6jhe1qpM4aBBw== processed in 239ms
[2026-08-24 11:01:13] [WARN] [cache_layer] Transaction payload payload_hash=cLw89SI6io4IFYYMSyjrLAclw+kn5eYc3UHmOPwEH18LV6Yj/IA9mB/uK9FWy7Zzk/7+O6zW818anlrFUyz9Zg== processed in 276ms
[2026-08-24 06:44:39] [DEBUG] [db_pool] Transaction payload payload_hash=VQ7qQJXBx7+3Pgh+ugsmSLcEg+zWh2GYYws4TR0PVk5w6+UAokhePetDeAPjt89lBwc+rLP42ra/U7Nq+uA0Vg== processed in 499ms
[2026-08-24 09:47:04] [ERROR] [payment_gateway] Transaction payload payload_hash=OrNgNBW6iPnPV4SpsvZp2AiOFbjXJgRAu2dc8zVk/6QWf/FqeBBSWwrHBAXYcLFaMRu+gWkFkeWDFLnPjDwIzA== processed in 387ms
[2026-08-24 03:27:25] [DEBUG] [cache_layer] Transaction payload payload_hash=u8Ug0O+zQv7rIt/cDYSEG/P2jU7DbZEXAyrB9jDlRpUTnnFWMgkkE8X0PSOpVOz1WFr7J+a7bIwibZT6kw8qpQ== processed in 257ms
[2026-08-24 05:12:08] [DEBUG] [cache_layer] Transaction payload payload_hash=6zF72W1ADmpFHorUPOf3pQVbkpC0dMRuDw4qEdde+WwITs0bWfaJFSWbOx+3bgy7QC7OpcSirMFAPSQGeBjUQA== processed in 162ms
[2026-08-24 05:35:27] [ERROR] [auth_service] Transaction payload payload_hash=kECFv8/8MJ5xE0Vt47GlVdlVjBU3Ds8QZn/P8EeQmgwe+is3IK/aqSkDNybJVxoueWmVwVacvByxzBt9gFqu9g== processed in 423ms
[2026-08-24 06:22:00] [WARN] [cache_layer] Transaction payload payload_hash=+EoXIoMMstmGhAZVndxAlhWQNKNl8JZi52BV9pzY4Ajy2dPkWrqOkCrgRnbL3CgEUaAHtJZPfxeaA3uSM/cExA== processed in 463ms
[2026-08-24 10:43:10] [ERROR] [payment_gateway] Transaction payload payload_hash=SOPXyGhRIzgPgmm5xNnIvQ7M9AAS1AmtGlyoinD/tKax4SyLA0wfN01bVpQG9tuwExzDgR0Bv5ZKXCiY4wBp8Q== processed in 138ms
[2026-08-24 02:41:06] [DEBUG] [cache_layer] Transaction payload payload_hash=jgkDiujQH/FMVQi0LVLN2FhUaEghZlohSDOYHXLbi7Z/0vsr/qHaOkwEVn4empgYbd9hqOYhEZBUOjIi4sWWkA== processed in 315ms
[2026-08-24 06:54:28] [ERROR] [cache_layer] Transaction payload payload_hash=x8Y07Ysgw9pHhz+Si6uJ7EpsjxvInzh500zNJp5/SWejBDnkAjJjinPPIAhapmI8voR7Mow70HmMHxj4ic40CQ== processed in 113ms
[2026-08-24 06:30:25] [DEBUG] [auth_service] Transaction payload payload_hash=0Y71rXRgbhY+M6ge7L5hPSakB6e/095WEEA+s1nRAjKM0p/ZlzC2mVvPmmKkBfM7PKMGecJMdejzz99da1+WgQ== processed in 485ms
[2026-08-24 04:09:05] [WARN] [db_pool] Transaction payload payload_hash=8SU06MB6bN5FnP2knv+0CwNd17X8TfuH87sNLRuhp7QyqP/38g/MKHlO79LS38HYBVCDj2gVr6gM+DTgKuvuwA== processed in 442ms
[2026-08-24 11:19:57] [INFO] [api_router] Transaction payload payload_hash=m0hYlng0fPVH2Ioh8X7QMDRMZwK3KOSgVJJN7a8mKHy6CXUxbq47JvCdHNhYi2qAMp1ey+KvMQHmmLFWY12QOQ== processed in 422ms
[2026-08-24 05:20:19] [DEBUG] [db_pool] Transaction payload payload_hash=Lg3s76PHBNX4P9On5Np4D8V9QZQCUp0n3vhwV7XSrHy9B/x6NfY9EkJecUfqMQ7CNpnOiJuu+s3u3iZVDhvdJg== processed in 214ms
[2026-08-24 03:39:04] [ERROR] [cache_layer] Transaction payload payload_hash=DFbFRshyVnk5iYz306RBNNXI2A8m+mjRS/chVvbKsMVlfVp/6WYO3dr4HU5s8BDmxw8I6YCl4T2yKb2CtRrJmA== processed in 232ms
[2026-08-24 07:13:50] [WARN] [api_router] Transaction payload payload_hash=qs/4Mvcbhkd0yQpC/If3rL2ZH7c102n1/Jxgh2LJFPKfOOPtG2wTZmyk1ccQzgL5NPgT8lnunWIFpLPhlEIm7g== processed in 489ms
[2026-08-24 05:33:18] [DEBUG] [cache_layer] Transaction payload payload_hash=ZLAThpDE+4OKqC3povcfhxQSlgCiyj2xmXsvB0UItQwbbbDEZeoS3/bJAHspWd3GN2oySNwTpTrVuYMMpOSHZw== processed in 411ms
[2026-08-24 02:23:48] [ERROR] [db_pool] Transaction payload payload_hash=0kv6hUShSqe2E/MY0bIuVA+wY36vcd/JkL+2mxI3JYXF/fB9k/ZycVqk8TOHPAEiOAyWrwsrYxW1V8QuAvrAMA== processed in 231ms
[2026-08-24 05:36:56] [WARN] [cache_layer] Transaction payload payload_hash=hqoD/+IAQEscDG77XwuO7XCBGOXaVcjRqQbAxAi2ymtWWkG2U7dlSHbVW9A6+vCrEIXUGozX8/Pz8/PHQixqvg== processed in 217ms
[2026-08-24 11:04:38] [INFO] [api_router] Transaction payload payload_hash=amLKDueApyaa7+RJxc+G20K3HunL9bkpVPhH213/IbraUienE52bS/5KnXXEiylUMrlrhZedXmlE1gck47usRQ== processed in 115ms
[2026-08-24 05:01:53] [DEBUG] [auth_service] Transaction payload payload_hash=82XdsJv5p0wG0cJeyfLpzAOtdL+4j2bFlLaFGFrz3jLOoMurhyvV63FMe4azOsXstiX4efMaROLml9FRDEP21w== processed in 227ms
[2026-08-24 09:35:32] [INFO] [payment_gateway] Transaction payload payload_hash=E6QSvRubthqX3EKioCRUJ2NydoEJu259GU4VdmzGZGgNh8vjLP4NLQJFd2i+YOLOm+SsYClOWLi49KB0WfR/uw== processed in 328ms
[2026-08-24 02:54:26] [DEBUG] [db_pool] Transaction payload payload_hash=jxhLFWVTtKAyNy93nnJcP/k2B3w52rftYOBLKX2+0yHLCZkTwfzLF3+kF2lrk057eTTBLDJ6FzhMhBJEYGKibw== processed in 441ms
[2026-08-24 11:01:51] [INFO] [db_pool] Transaction payload payload_hash=nb2QTsWurgyDg25pifl4Xn5wYsOMq+QbDGcTQw4nWnPkADFTCEaAYnAK9o8xtHTJ897zjtCozZB4c7FHwVapcg== processed in 74ms
[2026-08-24 02:20:49] [DEBUG] [cache_layer] Transaction payload payload_hash=6SNzsXy1OC+FkaEEz0qNg9vlvoAqr46DgPxlpsEFXPsXzzGXzr7CFYNOMj35U0173YfXVQCZBtlFFVuRKr9uzg== processed in 441ms
[2026-08-24 02:37:09] [DEBUG] [auth_service] Transaction payload payload_hash=LhXAIltyNmMd5vGOr1VFHLyqaxRgOuNJ/jHnUbwRTdVXty9YpfQ7NV7lJOa5vGmsGN53omzKWY2Z5+aum5Mgag== processed in 438ms
[2026-08-24 09:18:12] [INFO] [cache_layer] Transaction payload payload_hash=f56bw14OUwOKu2nChIGMaqUwB5LmEShWZ9cX4TAXPOWhX1/wcWIJPwhzVZNvkS1MrKh0R0snKEW3iIUH8IYUSw== processed in 13ms
[2026-08-24 02:35:08] [WARN] [auth_service] Transaction payload payload_hash=6YdiZQuOGRNJKZHhnvpjLlugZuEYsxXi87BzyY/NS/QkbSZXi5tAImoPCyRKNIHM6KXuR+hN3tuoas0hiFn3qQ== processed in 329ms
[2026-08-24 06:10:00] [WARN] [cache_layer] Transaction payload payload_hash=/TQfw1P2b5jmEL8a1lU2Nl+5nZbqB7OS6dKHCIlaL9s4g7tl9H1kCU/LfD2aAbkVni8LDHP32zPxgtxuAvg+wA== processed in 48ms
[2026-08-24 04:27:17] [DEBUG] [auth_service] Transaction payload payload_hash=Hap+JgDQf/qfQQXGrJ//nF63t93unQAaXL2d0hzQ5GeEh0JnQKTJ3r7ni4DzBIH3we6d8Z60G/MoLNQi+mEuEQ== processed in 204ms
[2026-08-24 08:11:55] [WARN] [api_router] Transaction payload payload_hash=H0QwlII6kSX3zqnHHeo51NiPJi+DicnCsg4tDvop7G6Xsw1LzfGkvtekVgmvYhjsGkWDBxSQ9y/YUYO6E8CzmQ== processed in 221ms
[2026-08-24 07:25:40] [DEBUG] [api_router] Transaction payload payload_hash=RabSqOt0EjclYGgWQPvnWsHmnxfaDGv/f8sMQhD2mPpcbjK6ZhlIr4u/jGtEOdyElXoX1ZGDrtll9a2642CxAA== processed in 493ms
[2026-08-24 05:46:51] [INFO] [auth_service] Transaction payload payload_hash=VX5YolnfOhyt3QHXBeKv1vXQaMcT5RTTJM3mPTYkbgyFMy3h7KRK0Cu9rnBPmcG0HTWZToINWfMOhcCLILd5jQ== processed in 41ms
[2026-08-24 03:18:20] [WARN] [api_router] Transaction payload payload_hash=0B1eRn9g9Q4Petrg2GUIa9bQR8THlcTQyqvjx02FmUEdBFdVI4A1WSW4QdrpYmrTNu9F17yNNdi2yh196/jc9g== processed in 355ms
[2026-08-24 03:42:36] [INFO] [db_pool] Transaction payload payload_hash=qw3XIGJo/Jj9G38DCDKs4q2sstPqbkNTNdRXaZPDelejxFY3qTM1zd5ihGbjQKRDfitwDYGrH0h1Gmy3IsqyqA== processed in 165ms
[2026-08-24 03:41:47] [WARN] [auth_service] Transaction payload payload_hash=MymkPoQZHB1h51sWZqnJH9exW5Ym/e4y4OSUTiostfa/o47VY5cQBGfwVFIJPd0NqAJi2OcxsVTA8mBwEmAOfw== processed in 15ms
[2026-08-24 03:04:31] [WARN] [api_router] Transaction payload payload_hash=9yIwo3O/nIgoDlLVp8sM/sg2SAFtnFbamqOoQONauY3aYGIFSSAE3F4HXnWKLId1iV5L8/j/66i9VX1B8GQMug== processed in 77ms
[2026-08-24 09:03:05] [WARN] [cache_layer] Transaction payload payload_hash=QZgvR//302RcE1fle1A91qF+L8IblPvtnYK0soqgfHPOXaJEZpgilRgJ7D7gD33s6PICTDmdk/L0Qv0jJ2Lhjw== processed in 86ms
[2026-08-24 07:26:24] [DEBUG] [cache_layer] Transaction payload payload_hash=2LigQmLW+tUtQqT5Ol4XEQVl/4JZ3haNWalkLFj2nohe5xLWXx1onr986zOJ9ao1a12TaUjUhcpcejJ9fdZoSw== processed in 221ms
[2026-08-24 04:46:41] [INFO] [cache_layer] Transaction payload payload_hash=Hen7cDIEE6etGYMjcEdh4gm4fXQR4pBb4qgbwuz4wJ6tp7GZs5ZiQXeUEfQGnlghuKDsi/sE+ynvpwsWJJ0+qQ== processed in 414ms
[2026-08-24 06:55:14] [INFO] [auth_service] Transaction payload payload_hash=6uH3dguPt7DUKibr+4LSJydP6tOIDxLsCDIR54uoioolemcnjkRUUbrzmQeJEKhJ4LCT5Xz46erzVZkHeVMPrg== processed in 369ms
[2026-08-24 03:38:25] [ERROR] [api_router] Transaction payload payload_hash=egC4IPHYUnVt2+YxKcQalrfPSNxLcWyfIaOy6lqwrGRoQiwhDLXFXn8dN/+LxMvuimmXsLBr46YbtjtZY7HYwA== processed in 317ms
[2026-08-24 06:32:52] [WARN] [db_pool] Transaction payload payload_hash=zD+UMBFrYyyX73NhkBHneIE3L/3M/Mudmg/pSUQxIjNICEzyQtl4gtTM450buKFun+CoYS0DQRqEn6ax3Hz46A== processed in 215ms
[2026-08-24 06:46:44] [DEBUG] [payment_gateway] Transaction payload payload_hash=KuIKJr38KXLexTduK6zl8SwbBD05PPLH+AA1nyg1wFkJemGhTLZabjaAbQxpX8At6Iik7i9/ZBtGNfnmKE7Alg== processed in 156ms
[2026-08-24 03:31:07] [WARN] [cache_layer] Transaction payload payload_hash=Sy6xiv6AJq+8YNGVVYJI0pZEvGPm62pTlArlVKca8LfnwohUrrqDCWX2Lv3Sj/fCrETwNBlCeXm7pcte7RsLYg== processed in 182ms
[2026-08-24 02:48:24] [DEBUG] [api_router] Transaction payload payload_hash=Kw9H7wi4Xvybm15XuQYMRfNMEXjPnrgnh6CMixbJUSiRCJx/luc5FhAtd2fX2skPgDJiwjhratPfrb0uqaBriw== processed in 267ms
[2026-08-24 04:10:49] [WARN] [api_router] Transaction payload payload_hash=k/SZhTiONslMoFTE1eFmx7v4CEbGHfx12Sppk/7g4UrFL9MnYJx7C77D9c2EL9/BXzzxEm+YBnS10PMsZUhNHw== processed in 189ms
[2026-08-24 09:40:31] [WARN] [auth_service] Transaction payload payload_hash=pOaaN9hbtr0Kcyf0/TrNndSCIuGOtyJMHmk7MvlJQyuMWzP0lqCFqoOTfVBktSdqhYojgChuAOU5nK9rGLLjTg== processed in 142ms
[2026-08-24 09:38:53] [ERROR] [db_pool] Transaction payload payload_hash=wfX09bgcVMfM5JL2PJLWO7E1MDcg7H1jPMrkgRBUTZzDmz/BNcfrlXG+OGU5HySh+C/S1xGB85doX0X+8diHdA== processed in 492ms
[2026-08-24 06:17:42] [DEBUG] [cache_layer] Transaction payload payload_hash=ATJr2PAnpxfMiFwUmZfkbRhtOFrmLJhgt6NPuMYm29OhcCthHgjvZCAN7M2CrJQMVQSO74bRWYJWaCg+6a80wA== processed in 168ms
[2026-08-24 08:55:29] [WARN] [payment_gateway] Transaction payload payload_hash=ZVRfk13Ftn79CbpYtkck1X81s0GLb6IJDJcvC33ZCljWrLxq6qICGxwmFxzWJZ3TJ1uvKcZSp4xGUF0JCMfwRw== processed in 257ms
[2026-08-24 08:54:56] [INFO] [auth_service] Transaction payload payload_hash=e5/MfQfyeB9qVNMtNC5/zxD+cGpeNvir+qf1FSReVWbZ8sb0RGMKfmYq8ORj6jMrugHBP9DB4LQjgxTdep8mGg== processed in 422ms
[2026-08-24 04:37:29] [DEBUG] [db_pool] Transaction payload payload_hash=0lez2SyXmzIGSenwuQMJrHQkzweHKarYQDiuX7Uied2QIoyZ+A0R95dnZm6qx9InQDriv01YHzXKYYTV+xmywQ== processed in 436ms
[2026-08-24 07:22:25] [DEBUG] [db_pool] Transaction payload payload_hash=IZLkM+ppt+C/0+1TrmT38qzqp7hqsku04LFVVX5+RacoFOouMXEWTk2I14jjdyhaTkhHgai87Am0eUHDRI6+Dg== processed in 157ms
[2026-08-24 10:03:04] [INFO] [db_pool] Transaction payload payload_hash=jRQpEznt02FOOYsMVZeme/acNzjfoO0tLwZk+yubwnIqK9bki0I/QRffMP1TX5fW3Owh6ZBAM0qgXENGf86Yqg== processed in 310ms
[2026-08-24 10:42:30] [ERROR] [cache_layer] Transaction payload payload_hash=VTV72oYLoeTJRV2MeTACtppCjFF9x/L3Q0Evnp0e7HzQahvTJ/iPm1Y6cA4yz0G40Oet62ry8Nx79Pv5z1Ya2w== processed in 74ms
[2026-08-24 08:15:05] [WARN] [db_pool] Transaction payload payload_hash=lHTbWK2GiNcJYlH/y00nP4eq/w7eAoTDjM6CpUWqAQAIzk1L13GixlF5BGYwDzIhhEmeKAj9UfcDR2zHaqYm5w== processed in 457ms
[2026-08-24 09:38:42] [ERROR] [cache_layer] Transaction payload payload_hash=+4futULMAf6WlJUvq77sb3wEDNdGp2AWDBhQmFEpE8Z73Oyohd4/4ECmx/KFQna6fctALSRXKePEY+id7Iq2IA== processed in 192ms
[2026-08-24 05:08:17] [INFO] [api_router] Transaction payload payload_hash=lNbNsVLGbHXbDtWg456Ap845ffsI0jkXtMYqCHMvTcK1EgAE+jjlmaB+O5oxXsiP9AUzMLR08/z5bHtchtKw/w== processed in 65ms
[2026-08-24 04:03:58] [ERROR] [payment_gateway] Transaction payload payload_hash=PKHjdenv9lULtaBdLF9+WvZNPGeXfMvj0CsJbpYJ9yKcZrOvvoMnwaPNEnJg9fMD3lK25+LJjYYRGjJfrCz24g== processed in 463ms
[2026-08-24 09:38:47] [DEBUG] [cache_layer] Transaction payload payload_hash=9U+lo4AzaRtYpUYj+vSKh37+jHBbO5AlcqGRHO6olj7XtaFoVGGYJAvlW48uKzOhzoyPKII6lZjakXekhXOt4Q== processed in 340ms
[2026-08-24 08:14:19] [ERROR] [payment_gateway] Transaction payload payload_hash=If1xdZKXhnsvAmLoGpH/GqgH0eSf3z4a+sXw9BR7n+02hWcURAC3vVvZmyWkg9cKwLRTS6S9fTr8KduSyQMGEg== processed in 416ms
[2026-08-24 05:04:31] [WARN] [payment_gateway] Transaction payload payload_hash=m+2OPhTpXp4DdkyZXZJl59kmpgzB/mJeg4YPHHUUBEIlBVMzXkyaxaDXTRGHTlgDaybBUnfKCE5VCKyHYhde9w== processed in 196ms
[2026-08-24 03:37:11] [WARN] [auth_service] Transaction payload payload_hash=6KmEBrb2uX5ye4TSkJYYtey6nebegjgdre/5E6qAmHpzTUG2pYMILvwCzUBLfE1AiFcHhkOmItiepBY3T4LhYw== processed in 171ms
[2026-08-24 06:15:26] [INFO] [payment_gateway] Transaction payload payload_hash=nu2DScKgeGvsgFiCqfFc/iArlA1gieskN5JNgh9PPMMFL1E6fMpp8s1gnq5mEX6XRTD2NVL5pF3nFJWIabqL+g== processed in 164ms
[2026-08-24 11:01:39] [INFO] [payment_gateway] Transaction payload payload_hash=KDq/nBIzYcggLY2HGsANqJ26cKeKZcixnR0WKVipizieYqH+7shlW0PfNrbfz6vHWK0OurNY0TUMZUMPjYVABg== processed in 207ms
[2026-08-24 10:07:05] [INFO] [payment_gateway] Transaction payload payload_hash=8OioC1Vnqh6FWSNtE3eh9s76NcSbpEyi8cn1f/ziPuMGEgUaiSFbMTPBzJF/iN8vVdiboxxyif7Wikh14OoDFw== processed in 193ms
[2026-08-24 06:44:40] [DEBUG] [auth_service] Transaction payload payload_hash=dIsohvWhQU7SVfixzAPWc8DjKuIrprjF+oUj8Kok7syEk2gMVPp+m/RcOTCU55OaTFkRsK4XcVlvXBdXgJK8CQ== processed in 451ms
[2026-08-24 07:52:57] [ERROR] [auth_service] Transaction payload payload_hash=J4AQ48EEgy+OrTvV3w+0bV/e4l0VHB7f+MD6KSRN6QnLOa+9v9CambXS+jI8xqJay1+0eOwwJFwy8m1AiK/i8g== processed in 161ms
[2026-08-24 04:25:45] [INFO] [db_pool] Transaction payload payload_hash=EeXQobZStrrgBbElJF081tAXKL7iaX06PvpIdMl9/K5u8aXHAsvtqiNn1O9sDd6TtcoD4hulyQc7Q5jZzHTd/Q== processed in 351ms
[2026-08-24 10:20:53] [ERROR] [db_pool] Transaction payload payload_hash=AZc7N+KJ3Qk5CcUptis6nqdmyn40HgyMBJTgo/q4310UIcoQhZQJaea2APbCaaMjyvZDe9AGMdGkbQx6sdZv/g== processed in 266ms
[2026-08-24 09:49:22] [ERROR] [payment_gateway] Transaction payload payload_hash=NKI3SwfIxmUoLKBWMqjs8QuTc4MeF7YoE9sRLWYtkoJbmCU8zGK5maCjHEGfmD/J8XKrBbPIOnoqokVWgt8AFA== processed in 343ms
[2026-08-24 10:02:47] [ERROR] [auth_service] Transaction payload payload_hash=0bSlHIT9O1lDQmqUEwv7WkzoJLv3m3OKN+YkFcQb3cs/mtYoDeG1jdvevg55C6PJnD3RhWfntRZVlkwIRlLLdA== processed in 184ms
[2026-08-24 10:08:52] [INFO] [payment_gateway] Transaction payload payload_hash=X2y6EpX5ue4PiuAw3EQgtuw9VEvECoam52qlQS0TCFP2lhZ1wr9uuo4mNp73fy3B88OGvKuPG3zFPee6TwLuLA== processed in 88ms
[2026-08-24 06:05:04] [INFO] [api_router] Transaction payload payload_hash=g+UbXP4hzStTu14XM3nIjk87Z1XIqRyK4S1rh1lB6WcgwNDGj08Tl2CqgIFgZRK/U++Esh4RRQ3fKehk95QPQA== processed in 453ms
[2026-08-24 09:25:02] [WARN] [payment_gateway] Transaction payload payload_hash=vb/68xePnSvhZeY4UBLjCMxKmGEeLQLstZGpwwT/DQh4yhhPnQEd0EJ6/iWyS1Ab22sEullvh2ecDF7aXxsr3Q== processed in 242ms
[2026-08-24 04:03:22] [INFO] [payment_gateway] Transaction payload payload_hash=jaNDuZz91/rPHCaMjA5hYc0ZeJlI1GmkSqpKAVEGwEHpSXKvH8V+wgeKmfE2Wbuc/lv35sEfWd/u9iVo4XfBnQ== processed in 286ms
[2026-08-24 06:48:03] [ERROR] [db_pool] Transaction payload payload_hash=OX/v3qODRGmIUQLSH8XVqvKkpZHaApH8s7UUBIiJSDqn8lbJpFhZl/IuwOlMS3NSv4D0zBezN0v4Z0y6TJRChA== processed in 498ms
[2026-08-24 08:27:37] [INFO] [api_router] Transaction payload payload_hash=CPCPX1IouGhu0YNFcBIxyD671wb5K0mlC57k8lV7h/l0gPJ985UZBqdOftm1WFZjbvw3yOf402wMOTKtcDoQPg== processed in 471ms
[2026-08-24 04:23:03] [ERROR] [api_router] Transaction payload payload_hash=VTWplquna7sVlPqfUldNUXyDsvHGKZ9KjI7pZmXvtVn/mUBSqIWNvfQTTgkPm3r39L8kvTam2incS5fIzhYMJQ== processed in 480ms
[2026-08-24 10:54:09] [INFO] [db_pool] Transaction payload payload_hash=d3GXVW7DMWB0gEB0TVoKU55WiPldqa/v0uO+RQpFkmZcqJQ7pjp7oaX/+AWV7v38Z64N4Ogci6AbGOk8iXeXlQ== processed in 70ms
[2026-08-24 05:19:09] [INFO] [api_router] Transaction payload payload_hash=MfW0KLLvos6N/nt+GC747BQVpxb6TJFVtm7Han2kSdy6R04MhYlKmLA3xIJNwDZlfuUOnfhspXkxfAULPJu/HA== processed in 51ms
[2026-08-24 04:16:09] [ERROR] [api_router] Transaction payload payload_hash=t/Mbljxwx+8qpWLcGOvCnjT1dVCduYGz6nd4VuiWQACtDHsSjdyi23GkRUnHHPL4Khg0myh8+W9SoCUPYpfRmQ== processed in 497ms
[2026-08-24 09:41:54] [WARN] [db_pool] Transaction payload payload_hash=FVeanxlosnFC6l7dtnrjcCvXSPlEt56XJ3bbwGzPs1iik9uuTpSZomR2H4ndUbFEkTFZgSwGEVnPU+RI8sDvoQ== processed in 148ms
[2026-08-24 06:22:29] [DEBUG] [api_router] Transaction payload payload_hash=u5uFRum+37VHwL0HP8ljDUeLdc6Bxl2U8dphQfjbpZHHySqHcXBURD3COBQR7V/nSyRCN4zQmJcMdhA2NWNcuw== processed in 344ms
[2026-08-24 10:53:52] [INFO] [payment_gateway] Transaction payload payload_hash=q7MK0yrvit87s6UbrxqWdj3MSJpOcyQA37Rkjr2cHdgfIc3bCsXJsyXMDbEYxpSPuKka2Cetgj5BK+i5kaJxJw== processed in 442ms
[2026-08-24 09:36:06] [DEBUG] [auth_service] Transaction payload payload_hash=8UW86N1HY6lPFRs3ioJICv0lO0+Vkki+f2h87eewlvGYlSgym0AY1ybGGSmoyKHc5xmdBsvEUMv9VH0Nyny1lg== processed in 301ms
[2026-08-24 10:19:29] [DEBUG] [payment_gateway] Transaction payload payload_hash=Px1IoPtWyuzDAG1ZNlmL9h1xLChZ0DzlCmK8k8Z9BTuB/uJk4pfbA3zQISg/gGPU+XBOk7qITVoNjawQ2zZ47w== processed in 496ms
[2026-08-24 10:25:22] [WARN] [api_router] Transaction payload payload_hash=Uf7xxtiDfWBby5/D8UK6mEzJNrPO4oucl/AJbZsibGOVlyqCwVUbbCEiPJQ6ScDSGKTqVOK7HyCv7xEQkxQ8Zg== processed in 186ms
[2026-08-24 08:56:30] [WARN] [payment_gateway] Transaction payload payload_hash=CB8yL4xc8nEAjN/zXXQLt/gJFuYe47/FQNn8I3QTRJAxFGKQNGqa3InFb/7vdThTzn3SaQav/+PvIv6oFwKlNQ== processed in 421ms
[2026-08-24 07:38:42] [WARN] [auth_service] Transaction payload payload_hash=o4HpYTVEB0GjK5dbEdbTx3MeduoKIOQ0CkIujN6vODomHo4Q5WCm5lMcxNWKu8DEyg4/wb9r4staSFvE3XLQ+w== processed in 268ms
[2026-08-24 07:26:42] [INFO] [cache_layer] Transaction payload payload_hash=W0287jk1luEoDK55xQCQnPH4W+qxOrS6Dl0MOtcEyk2IWq989x6uGpxhT9nIlTyYP9UslzJrna+Vm3OGjLgA3A== processed in 84ms
[2026-08-24 09:42:30] [WARN] [cache_layer] Transaction payload payload_hash=K23+p7jFGMCu3YcpqFogouTUUTWIhfd2UNOh+YNY+i7I+/IEoysJcIkPM4U3HiQ/LHtUNUIaCHY5cDtNF0dqNA== processed in 208ms
[2026-08-24 08:31:16] [DEBUG] [auth_service] Transaction payload payload_hash=wQ/rTf3H28WlHCR0V6PeDp5yQOUu0ZtknzCA1Kt2Lbi1CKvzoeUKD0RZKXaBw1YLfm5o0hpNBGL3z90eYIiuQQ== processed in 464ms
[2026-08-24 06:15:07] [INFO] [payment_gateway] Transaction payload payload_hash=FaxO9JODsvB3gClZ/jNC4U8wDGe5urrUsi/FuCxfcCYzaYmDDYVEcmHQN8bSgjtRdDJuM91myBqXwTdEtubWwA== processed in 10ms
[2026-08-24 02:55:25] [ERROR] [auth_service] Transaction payload payload_hash=jCdbjdgz+bDt5pgGWaswCCZceblSEyihXoEA60v6Ih5F8i913SHmhJG3jGVZLS/hdipwfGDdvRP4gggtBjhgqw== processed in 86ms
[2026-08-24 04:21:24] [WARN] [db_pool] Transaction payload payload_hash=Xx/b+lq44JZomSw5u4I7vUOrfzwdtFJ3kYbyq1KG0PRQe+4fAv66/uLZAVG+XPJ6W5pmQZqra2NHP2vz9i/vKg== processed in 252ms
[2026-08-24 06:15:35] [INFO] [payment_gateway] Transaction payload payload_hash=4t68mcV/CsOuZJfgTMUTIAbn74c96PUkrRS5Y5CcYY9ZqCMAEnXMTRerjxBv5M/XDdlyAKq1VzmIzcrGsRzz6w== processed in 367ms
[2026-08-24 06:57:54] [ERROR] [auth_service] Transaction payload payload_hash=bUP0CyH3MmkFzrnnvKuQg21qnB1dJCyDhObQdqA1x+GLwiAszN1kz0OCp+IwTWvolcNWevgkRAVC1mizQCATMA== processed in 37ms
[2026-08-24 03:48:11] [INFO] [cache_layer] Transaction payload payload_hash=IU9t4qHlmr3E6mNrNF3VaZIE5pfQ/n/eDLpBULEiP2BKBvzxKA7oWDs0doWsvD+C/quiyUNXvGa+TC9vn9GATA== processed in 196ms
[2026-08-24 06:59:42] [ERROR] [auth_service] Transaction payload payload_hash=PWL8r4zsLGoFxkS9Jebo4BAB8JgwQTSYOaQgeXUcrt12Zd1YR4PRuR6NtDuaZUCMK+RU4uG006Tkv+hhO0Cnvw== processed in 352ms
[2026-08-24 08:52:36] [WARN] [auth_service] Transaction payload payload_hash=QJRi5+X1PtngVWpXQXWwm+8lQviuHUIiAe0ipFxJwCZiDq0+woZzTY/ZjoOA13xQ1sYcAQnaflCOz8LFJebhWw== processed in 412ms
[2026-08-24 07:11:40] [DEBUG] [api_router] Transaction payload payload_hash=v2Mxre67QtxwrV3dsyPtd5KCXoJXru9ZvwJj3WnefxAG7U2tWKqmE2xE28K78mXMa9CB9wB/smLYkQaYKH4EJA== processed in 258ms
[2026-08-24 03:45:33] [WARN] [payment_gateway] Transaction payload payload_hash=ISV0HLApYJzWDSSL9fWsFv2xSpFQliVKNBsZUrXJQt+K5wWiOLdzhWhnPFsnJzNAE06coRD9kjjoGy/pp1jfxw== processed in 415ms
[2026-08-24 07:57:12] [INFO] [payment_gateway] Transaction payload payload_hash=IwCD2CRG0r3ymPEHP0p6iUcIndodXEmrjbDoTAwu18GkX5F0XCJrQ5QCNdPWGlyYyz7wyfn0OAj9xmwXiUAMFw== processed in 270ms
[2026-08-24 02:44:19] [ERROR] [api_router] Transaction payload payload_hash=EVIFaxq2hvIzMXWdYsd5d0hbVK4wFr6xPocntKvArsrVgrV5bX6BZ3NH0FWaDxdI6LBmJBRaS9h7bmli19ywxQ== processed in 350ms
[2026-08-24 06:30:48] [ERROR] [cache_layer] Transaction payload payload_hash=WZHUkKCxhbCfFy68Aizw7xj5ZUt6S8X4z3ahb06HP5Fz1MNsYTXKT1cdvVN9NMH2YsHaExvZnqISdtVygqgOBw== processed in 235ms
[2026-08-24 03:32:38] [DEBUG] [db_pool] Transaction payload payload_hash=C2ExwHqtJcP+ls5lUUBfiXNcB5xfVY6ORKe6V40gwyAkAy5eQ/5XzVGcSjJhL8Dh4bAnifgT8Yt//PE6p2cP7w== processed in 211ms
[2026-08-24 03:26:49] [INFO] [payment_gateway] Transaction payload payload_hash=AuTs0O7k4KM3NZMXAicGzI6lW99BtZizoY4iYbFYOws669xHM0MFPPPxmGBN8Q2zeqigpOaL/TJ2ZXygGp/a9g== processed in 29ms
[2026-08-24 02:23:39] [ERROR] [api_router] Transaction payload payload_hash=3ntvtycxUBo7A03AsP50ZhCg64xDAA1FQNAOujFfZuOqLFgLEXWrC1LpDWAXcsqIx2RowbheK9FWeyu3p+N4uA== processed in 249ms
[2026-08-24 06:21:11] [ERROR] [payment_gateway] Transaction payload payload_hash=4A/FKiCbllG80+AQkZomeAViUwCnOmM/QQ2nSdJPN7O/JfcD2XNVfBqJvJ0it1eUlPfqRaNwvxtq+eVEAXvfLQ== processed in 483ms
[2026-08-24 08:11:11] [INFO] [api_router] Transaction payload payload_hash=hzAC5e3RevX/vbS/CqD/XAdRF8SRTzcXdMEAtnQ22NYShg/2eip6Dd+b/9hGG/eyQD29rIKt3bXLc8ql/Y1ZMQ== processed in 282ms
[2026-08-24 02:32:34] [INFO] [auth_service] Transaction payload payload_hash=7wkcJeS5q8EYU4zvqlU9diMOZPx/F0qlnfba8pmad1AZ9rnIBnRNq7mAhslPji7QhgHfxrURsmV3rhQWStJXvA== processed in 247ms
[2026-08-24 05:51:35] [INFO] [db_pool] Transaction payload payload_hash=eQyxD51huuhYq2VNgqx50O5bMPnb2sNH5TLkjhFhQzxyjRyZ4i+rryJPutkfQRhlcubPQpbh2tlIiJr5E+U5hA== processed in 18ms
[2026-08-24 10:15:29] [INFO] [db_pool] Transaction payload payload_hash=eCBxzUQAWQEa2rILLGF0FLVs4yPFrP9CK0uN4P85GdD+rK3vNRVvzjbV8l13URchxE1rRYD/thwqOB8MfTXzjA== processed in 281ms
[2026-08-24 02:27:18] [WARN] [auth_service] Transaction payload payload_hash=uWTmMu8lMbPKnxhzfn2pQjPLVxz0sLmHaYp9XywsoiPbLM5DyJlAL/AmCYBCPWE4SsSxz7iFxL4NJXRCSmkiFg== processed in 278ms
[2026-08-24 09:55:44] [DEBUG] [auth_service] Transaction payload payload_hash=I/cCCcgMBL6s/cO+gN9sGg5sLJJiEyE4C057io3bBCTBSB1pTZB7mjqMCn5mZ3yi7GfvndAdH0Gmp2AJnmdv2w== processed in 270ms
[2026-08-24 07:53:29] [DEBUG] [cache_layer] Transaction payload payload_hash=2EcbnbUY9pZxa+KU/4L13TfPYziCB/hnDLhqX3cZKsACJ/by2dfAyJ4v9iQHtXysDC722CO1+nbESlqU43QCWg== processed in 360ms
[2026-08-24 04:42:55] [WARN] [api_router] Transaction payload payload_hash=0sRwFEyWrOXsUQOOtQVFNsL9Hbt62KBABCl0GZbLqfr6CdAlLaVE+aEiZa+Ucdhz5csMAthtszMUlUyN3FRxqQ== processed in 198ms
[2026-08-24 07:37:34] [ERROR] [cache_layer] Transaction payload payload_hash=HeAxl6InZX8yNO2vlikFn1ceh7XKRmgLmFGDStqV1YAgi/jhRTzeJ4VsTrCkwBt3VbAIzH4jyCxMNbjKG2hfJg== processed in 469ms
[2026-08-24 07:46:22] [ERROR] [api_router] Transaction payload payload_hash=qw4eJxEPokuzvsT1PJf6htNh6sQWXBh3XJDiD3sJhegpDXv0k/FBEzKp9BhwxBvK0ny6BRi67Wk4vNxncXGXkg== processed in 404ms
[2026-08-24 07:47:37] [WARN] [auth_service] Transaction payload payload_hash=dAiuT82e92rs1sqJ011szG47vp2fwv7BQP9SRhoLhD6R6/a6yo9AHv15NqKq4K+jZx+68YVPnaa0llLttOnj1Q== processed in 256ms
[2026-08-24 07:38:19] [INFO] [db_pool] Transaction payload payload_hash=Te44iJDge83JAO/CG6GMp/3TDaFOyw35fWGR3JrwP0iZoTlD8eLgJieqZ59AQS2XMRrEZ7UzE5sc2RhIva4Hpw== processed in 229ms
[2026-08-24 05:59:57] [DEBUG] [auth_service] Transaction payload payload_hash=fDLfNFgzZxqkONQV+D8fpAUm9+1GxINWs+Wf1DLFj9/ANtCxqRD2/Y/audTub+NDi6noi2oICHWclR9FoI26Mw== processed in 291ms
[2026-08-24 09:00:44] [INFO] [payment_gateway] Transaction payload payload_hash=IoAmpZX2EubH9yVBxpijr+QImWt8/h4LJGOsCSEBG5CvYQviLiGkiMbT4+sbdIRq5Gt6exHaZvYebpkAPXNiCw== processed in 142ms
[2026-08-24 05:36:16] [WARN] [payment_gateway] Transaction payload payload_hash=ICNjUNtJldpDr2cuhHPpR4zkLnYwRLSCqG3nES8FJ8oI+HBoYC1kM50tJWRRZifOiKDYNf4/nFve8BCqAyMVdQ== processed in 364ms
[2026-08-24 05:13:02] [ERROR] [payment_gateway] Transaction payload payload_hash=VYtcwuj2oRiWCEbengYoZiyUhL6g0f1rnNXnchyBAPmPXfe3hTSDYXEOcLIaxgvGJGbi/O9lMnsQ0N7lh8AhcA== processed in 477ms
[2026-08-24 03:59:37] [INFO] [db_pool] Transaction payload payload_hash=JiGp8XdXXuFUO/0o0uDa/7byzp0pQ21TbmAoZ16lW7a5egJvBaPUS0sdjXuVtp4OGK0jiPmcGEiI+PCzPSL2+A== processed in 13ms
[2026-08-24 09:57:33] [WARN] [payment_gateway] Transaction payload payload_hash=qdeXvVsDlmg5Xxlv7CvqaULmntXDXCQYAntUJ1g+fMcA+otaFkrF89x6mX0wuZnOHPEMocFEP13wmzlQ2kZh0w== processed in 412ms
[2026-08-24 07:35:05] [INFO] [api_router] Transaction payload payload_hash=GD3Qpd0M2Qwa7pRQ9FHSqPAN9ssZAGd+on8BKDNrDaeSFuU6lcePGoiBBhZ7fShDW4xxPO0d291M5glyawP5Aw== processed in 350ms
[2026-08-24 08:04:11] [ERROR] [db_pool] Transaction payload payload_hash=UWt7kYXihqxTCZLv0X4SNXI79ulXuhLTAI3pwt+8w7mmFHNCyLWm6M6RJaX8vV3VjDBjT4t9dmBJP143wm4s7Q== processed in 410ms
[2026-08-24 08:13:13] [WARN] [cache_layer] Transaction payload payload_hash=OOCluNTPOZxhGqJFV2/z8wnzqNh37MK6Dwho7lgH2X8BM21lB/f/m3NVI/tLREPS5hV92FdkiYOclnef5eYjyw== processed in 349ms
[2026-08-24 06:14:54] [ERROR] [auth_service] Transaction payload payload_hash=GBD/Q+Q3d2xhGilnCd+NYVzRuLZPWaUOls/dalBwg9IqcRu4wUu0nF8F8ayYxCNWeROe0kKf8CsgNg+/2NZwdQ== processed in 481ms
[2026-08-24 05:03:15] [WARN] [cache_layer] Transaction payload payload_hash=rPNB4Mryk6ph9jWcAPb3NXfkTo1MCTb8GoAYs9uxzIuPEWLG/KZNEejAyXu0Cli8cH/S6Zo5sUYwtC7Tftq66Q== processed in 114ms
[2026-08-24 07:30:09] [INFO] [api_router] Transaction payload payload_hash=e4tPNblcZWvXGmUydecSyuky8uQwax2sMq9mxEWFQ7TOlCGf3ifoM02l0AHiiXZObZdC84rYXNdGniTxIYjjsg== processed in 112ms
[2026-08-24 09:06:00] [DEBUG] [cache_layer] Transaction payload payload_hash=mnwugCZ2WQ3zme8zVf3zEyRAXtp9AhuWn7RixxXVJuPTien8zbh7WLvLpL9oSEFkn5EjqQEh623L6nsYf3LcBQ== processed in 216ms
[2026-08-24 09:39:17] [ERROR] [api_router] Transaction payload payload_hash=S5K6AFWgzClJgMuuhoAtV53p6A24BpolwcgK3ngH/YxEjBA5IUorCxio+RNl+0JjM4Gjtq+g7zBbpgVxp952tA== processed in 101ms
[2026-08-24 02:29:55] [INFO] [cache_layer] Transaction payload payload_hash=UkvxllpgpIwiztjWzg1YplTSvsFFOYQrEYQ6oMw8qL/ymkAnbvWYKG0WOO+rAlCdkxVmC82VmjDlpGDWWD6Yjw== processed in 262ms
[2026-08-24 06:13:16] [DEBUG] [payment_gateway] Transaction payload payload_hash=Qo7HN1OCEYlUlqAM3Vt6mg68AIVLSywRrJu9DaPSUMfPIUOC3+robX+/89oD7yhDG6crKy1jDmCIWHTrxOEXng== processed in 341ms
[2026-08-24 09:08:43] [INFO] [db_pool] Transaction payload payload_hash=FxBFA+H/FePUz9uT82YkdaBYgZTkonhW6HQR1/aRzILo/6BaTy4wMeIei25+CR4eZcc4xaMASGBQHN6faQg6zQ== processed in 354ms
[2026-08-24 09:05:37] [INFO] [auth_service] Transaction payload payload_hash=p3uYtRwOPEcgVvFpMhKEaHrdUms0rIN2uXFaKnlHiIwR260rJQLfy6mmWg4J46wDlggvBFphlAIcGY2jFT25yA== processed in 58ms
[2026-08-24 05:26:07] [DEBUG] [payment_gateway] Transaction payload payload_hash=625IRe6YJGDIIQuXpfxCDQvFH8pZZKMCE9FEgVOy3nYqziTsQORYgttzfADkX+70Plc6H0x7To05hGIoAhhFgQ== processed in 143ms
[2026-08-24 07:11:34] [DEBUG] [cache_layer] Transaction payload payload_hash=sFuAup/xsj1+g4QaRAOym31d1XvSWmWZz9Mk9QswkOrZ3O0N//jmrjwNzqJDdvKTMKXzPGMbnPdWrsf9d+gE/A== processed in 288ms
[2026-08-24 03:57:07] [INFO] [db_pool] Transaction payload payload_hash=3rDFSN7J7YZNsOXQGUW8gYpPxHZ9a+63URSEgYPYC67CZAELZNbk/OWlFEK9EbFh5/VcImnOGdNBu4/avc1haQ== processed in 3ms
[2026-08-24 04:34:16] [INFO] [auth_service] Transaction payload payload_hash=lASNO4SWKpKt8X4hBN4mH8y4HbYXXWQQwojC2u2vvF1l++8lMymQCqytT9gVJyuyWiu0qq+L7rPe/hD18DoRNA== processed in 473ms
[2026-08-24 09:05:40] [ERROR] [api_router] Transaction payload payload_hash=QxG5MnHSavr9ka03Iof2awN5o/14QprpUyYn/Batm9wYs3in6ncZGR2+ocEOAdjsck+OpMBGihK0PFiA8KnCEw== processed in 413ms
[2026-08-24 11:16:35] [ERROR] [payment_gateway] Transaction payload payload_hash=CCp4N08cal8rql/1iC/lyoPGW2br+JeGjm5MjF/jOpDuFoSaE08b6fw8KLXT1hTtdni2xJZFiFUW3XBfax8ONQ== processed in 440ms
[2026-08-24 02:41:38] [DEBUG] [auth_service] Transaction payload payload_hash=5t3Piat59KZvULyRhEinarkqSXPQ2Feyqr4uoj3mB0vmZ5MyTu/goNpPe6S7qaRtb/OMLVA31cWbRt5ykYc38Q== processed in 334ms
[2026-08-24 05:11:51] [WARN] [auth_service] Transaction payload payload_hash=1/BZWagU5oUk7IT5+TIXNTDdQrYic5NUGurTW9vSNRvtNpDTy0T856qihp0x2k/3x7x7jtoSz/qBr/kPUYjgnw== processed in 416ms
[2026-08-24 07:56:22] [INFO] [db_pool] Transaction payload payload_hash=syAM+aFIhvkgZmSomoWVrET377UbVJN+UhWWdH9FSthGmS6kJudrcAJvHEc/BXaLszpQZjrhExQicJBLBVMkZQ== processed in 478ms
[2026-08-24 11:01:38] [ERROR] [api_router] Transaction payload payload_hash=9miHrKfkkjUwCAg06Wj0fzEIecpzZ5Ces11gdg8i9/Tg4XY5RnUpEgV7vubMOST0iFStYTIwnT9bsAPGGEcfhg== processed in 187ms
[2026-08-24 04:59:22] [ERROR] [api_router] Transaction payload payload_hash=GhHc6dUHuXDa5HKilZsUDbViRp6waST+e0wdDG58ZGYaN0Uxc8idIZ/L1k2ptrEuxmAdT2Y+autApbAWbklXBA== processed in 212ms
[2026-08-24 04:26:28] [INFO] [auth_service] Transaction payload payload_hash=gENieEfaliodnM8J6hRSC7PieAmItYGm2nkSz2vx+nNAydsafP1QJBdFLQf/wHseVCntj15BG/n+sh+Ih9XTtA== processed in 419ms
[2026-08-24 05:20:51] [INFO] [api_router] Transaction payload payload_hash=NHSNf7ZzbTtXn4vQRv/p62vm4RyAK69UMSJG7p9EFPgKqZgCon17XPKyep9mRCDnBTUZe9FH081+WL2Km8oT3A== processed in 129ms
[2026-08-24 04:09:23] [ERROR] [db_pool] Transaction payload payload_hash=TOyL9PqJd+ndcNYrMGzW3nWMmLdsaALfVwKSpSQGZlxRE8CcQdha+t6Q7muxZjj8DZ8tf2HwhoSly93v0M8dvA== processed in 347ms
[2026-08-24 10:12:23] [WARN] [payment_gateway] Transaction payload payload_hash=uoPDttDobGyyHy3F5E/+IGkoBp0xRm/DS3zFeGJHo6oid+VF7pdXF5NIqpSUS+1Auqhpf29U1BdsnNnlD+x4tg== processed in 54ms
[2026-08-24 02:18:29] [WARN] [auth_service] Transaction payload payload_hash=ubFS/NSB5edYSzSJE+XNd+cmFnF1qS1Dabl/kkh4yOtQ3Pw/36w4CW+EI+/Kqjn0mHca6d962fzhuFOFaivHVQ== processed in 103ms
[2026-08-24 09:05:44] [WARN] [db_pool] Transaction payload payload_hash=Al7XuIQuudLzjq+s4NQcvkQBDKSgCByb92x8lNNovNBwYRzOuwSBKKK9hPIIzFHFy/Nr6Bisw4uHueP/5kL/7w== processed in 218ms
[2026-08-24 08:41:09] [WARN] [cache_layer] Transaction payload payload_hash=VRDlR3WHDO50bD7gh4UYsC4ubSM7QZniH+zDhwiFiKYlmxVr9bRGR912N4Td9M3G100TxTi31uZjd1dQwp20Cg== processed in 475ms
[2026-08-24 04:07:59] [DEBUG] [payment_gateway] Transaction payload payload_hash=g21oySdDwn38j2YFjt5zbMd3uOZwdYjqwgjWMEidFuj41W/jj2A6poUTQkJpF9fEFhYNLaW1FD7YVMYx+K5emQ== processed in 144ms
[2026-08-24 11:20:48] [ERROR] [auth_service] Transaction payload payload_hash=g4ja1ajT1XNnEZI9LGpypMpebaA0eaaDBobMFCm5czUYeJJa+DGwbZ2B5zjZDtMqHeNe+P4wt3BAHGkhjODINA== processed in 49ms
[2026-08-24 10:55:23] [ERROR] [payment_gateway] Transaction payload payload_hash=MX62GS08oVLXpsDIjJiCJ0+JEPUBNlgJkjv4PruLl5pD9YhIp6L1juH41yepXnrfxreD/+AM0Lx5M1WrYUJBmQ== processed in 364ms
[2026-08-24 05:50:57] [INFO] [db_pool] Transaction payload payload_hash=1QMJghWTQMbRVEfAKK/X971fjHT46WFmEyvilPRdEed9sIpdIMhjZkVfk6Def5RkxykuNX4ml6IVF/pCF7vJ7A== processed in 222ms
[2026-08-24 10:33:09] [ERROR] [cache_layer] Transaction payload payload_hash=7FSy8+YZ1fVJgpXFTFFcfo4KX5HxXkj5cuBxqwVz+BM/Tp8Fk3M6Dy6W4gUmTUswwOFOfnfsRX1YEBDC1QbbIg== processed in 495ms
[2026-08-24 10:02:41] [WARN] [payment_gateway] Transaction payload payload_hash=fpK4WHqgqxExRIC1+t1EWrfbKHif7b5ucdmxLQnX9bN1IDg2FfMkrwqu5JBk/ztJM799GuZLn5ngFSc9SBcqHw== processed in 356ms
[2026-08-24 06:23:56] [ERROR] [db_pool] Transaction payload payload_hash=wrrEPjeGxs04Xy5ooZW5qSCGN6MJc0ABpQeEKAg+SptyyaYV0jfACkfi+Evs9f4vhqpSoHYX0d2KCPZs1XkmaA== processed in 323ms
[2026-08-24 09:44:42] [INFO] [cache_layer] Transaction payload payload_hash=QuJ/V8Fva4V7NSS3rsHM7PmKux9yGd8PZ6qrWPwkCSD0AYN5GdIRZpx76EfZM0WnvCpMCWy4j/3JLRhebBvCaQ== processed in 144ms
[2026-08-24 02:23:05] [INFO] [cache_layer] Transaction payload payload_hash=ZKsb2OmSpZFWuFACCxy3fe20iI5UoKL/ww526IT5TddhtKRC9UsfqQrC9BKwLXRWauwLMSpvKO9P9dnOdO/j8A== processed in 164ms
[2026-08-24 07:32:25] [ERROR] [api_router] Transaction payload payload_hash=3AkxzY7MLNqZMJCnYKW4z/G8j7B5G64AfvgT5pqvHttecq5JmxbKIG5zI9R7C3BvGGZ8i0U7UP6lxaMQcnCqBg== processed in 199ms
[2026-08-24 08:19:20] [WARN] [payment_gateway] Transaction payload payload_hash=HHrC6pMFetoBCSE7qtGvfEy56Jpqdl8QdFM1WZR88fn0av2W+7X1TUPn/NzmQdxqX70DkYyE3rXE6W6XRluwaw== processed in 495ms
[2026-08-24 04:49:08] [ERROR] [cache_layer] Transaction payload payload_hash=9kBCNqJtcKQtSdxLKG8wihtXfiA5RFuqT/TQwARtHexEvG45ry0W46nFWgZ07hSd8KPmuTsdcExat/l5m0iITw== processed in 316ms
[2026-08-24 06:19:56] [WARN] [api_router] Transaction payload payload_hash=m7oj39muttUPum4+KbhV4e23NxuKmBJA+jHPPh/L/CRuq+TVMCnz3D10FmYB7nNgZFE1WY0eXzH0c+MzyYFmyA== processed in 22ms
[2026-08-24 10:52:44] [DEBUG] [payment_gateway] Transaction payload payload_hash=01+/we5HYzs7cBvxklvYxL+66w44c2uVxCp0htQ2oeNEDNirurEB5BKlIUEfwN6A9uNuXgb6EM/CzXDeZHLiUQ== processed in 476ms
[2026-08-24 11:03:15] [WARN] [payment_gateway] Transaction payload payload_hash=TuYPweUmUoUfpX/5BZYFbBW/1Ub3vswU65R9edakuksKg5OiD/kPsdfYoRduVUnU7lna3xu49ffxrHoPEnK+Nw== processed in 446ms
[2026-08-24 08:44:14] [DEBUG] [auth_service] Transaction payload payload_hash=aNYMbpH9HKofEv6Gm/nZfoWiYCLS75J0qfhw77sBwYFE+aFA4C4ga3Uvsyxl+xxXL1fS03sG+q1WDctSJjdTXg== processed in 451ms
[2026-08-24 02:17:57] [INFO] [payment_gateway] Transaction payload payload_hash=9lQVFvxYCGdB6zTk9oVSSkvkms6nynKJ0D6zfpqE8yiyQqGkSjqwRBOOmA6ii3nBl9Bn0U4OuL8Jj+kuWlXxzQ== processed in 71ms
[2026-08-24 05:57:56] [ERROR] [payment_gateway] Transaction payload payload_hash=SAfqUk0LemMTHye3iU2UKlYt1UJ3kFAtg+WKu0NQzKrv3+BmpPyf55vT0DYYj+DzZ0MlDlevDGIG3k4RLowbGQ== processed in 97ms
[2026-08-24 09:08:45] [ERROR] [api_router] Transaction payload payload_hash=c8mRkV4QGtdHga5rQsoEa5qNPU/tMJAG20qVZkjqydX0zDch3AcGzXrBXsiLJuk+vZcHKmcZKe+71kls46Rx5Q== processed in 228ms
[2026-08-24 10:02:33] [DEBUG] [api_router] Transaction payload payload_hash=+e4+53Z8IZpOdX2jVR2mwyuQqNniU8DEyPsOoAFwlzmq8Zw2BFB6N7MjN3RNYh9IMo9i95k/64c44l/aKq2uOQ== processed in 14ms
[2026-08-24 08:51:53] [INFO] [auth_service] Transaction payload payload_hash=WzBjqqeJVmrqI+sZyDUNNykIB+2CSB0XbqJo01TFR3jtStwtQXaTBCySUlwonT5YjxvnUpB2hUzSRu3f67u+zg== processed in 20ms
[2026-08-24 07:19:19] [INFO] [cache_layer] Transaction payload payload_hash=uSYWaoNFo6bJrKgb1V6X1xEy7g0yFXtULKcCyjzL/vSp9MhD/N70+YI6rcZnE/zpwTUjd2/Nadi7EcASCq9/XA== processed in 186ms
[2026-08-24 03:40:48] [ERROR] [cache_layer] Transaction payload payload_hash=QlmaSslqCEWCKZZhM8/8mkiJznUV8pcUlIeFPzMK+TLX9inYM4whPOUqQpyFVf2n4oqmmz8nAGvZRc9BRaPDZw== processed in 181ms
[2026-08-24 06:18:38] [DEBUG] [auth_service] Transaction payload payload_hash=rzupxIvaMIxYVKmD4bmvra9TREkL9IT3g5YocGIhQnkZ0H2GFFe8mPLy8PeBhBK7y2Q7cRkJIq44nF9ZhYxOIA== processed in 54ms
[2026-08-24 04:20:58] [ERROR] [auth_service] Transaction payload payload_hash=sgLWSQ3a1ZXkJJDC4CEWir8DCUGKgqLTNNCjNMcVSIDcV97rRyySFerF2N4U0WSqZxMuyDwSZgsx6fnroHI3Vg== processed in 2ms
[2026-08-24 09:44:42] [ERROR] [db_pool] Transaction payload payload_hash=sjNImUi0dABTD9p/WpKqevnRlIHG1AyHHIvVfkFeJnMJTmCvk52ValvxyS6cUs5qnLfJjSG1IlPSkQPmEzKkyg== processed in 250ms
[2026-08-24 08:22:36] [WARN] [auth_service] Transaction payload payload_hash=Qfy84XtDsRQyaqrkOvKXzU9jRmpkTbqVqU3gl4Q3WvECrcxmKuhSsSJP5Llmipp4lfvU2gHd7wdGF0xNBo8XgA== processed in 254ms
[2026-08-24 05:15:05] [ERROR] [api_router] Transaction payload payload_hash=ARd5C2jbYJv/SgzmAZSFS0yAj+Mz4fxqrI+GWeUcqQLBlPUZA5yovtiCuJrCpEkjjxr1aOaLSpsYyAjesZkcRA== processed in 458ms
[2026-08-24 08:49:32] [INFO] [auth_service] Transaction payload payload_hash=o1yERFS4Mza8NleEGKfFIwI40tznRj+sU4k94C2uHKWhpFbeZXYNLA5JZ+banhDQoKNQBDSU5kCT4KD+ixOsYQ== processed in 35ms
[2026-08-24 11:03:59] [INFO] [api_router] Transaction payload payload_hash=XE0voHGMbS6ybDuxBxZsamq+7/Em3uuzfm/VmH+RIfxCFdml1+8BDIjgSNf28Y07T1WLV9FN9Nuem83LxYFmfg== processed in 335ms
[2026-08-24 02:22:28] [DEBUG] [api_router] Transaction payload payload_hash=L5sK0in3Hux83+fxSHccSU7ySD4xhgcxiBzeK14EkNBKgqB6fnivY8QqyNh7p1rBhG9JGPk1BZ6o+BJClTRXuw== processed in 449ms
[2026-08-24 03:43:43] [DEBUG] [payment_gateway] Transaction payload payload_hash=QCyhZZcvRnKPxFXmSFmvce9HksCReqE0ZXhgaUB2MZjam+UkbjoBWEwpGZjs2QhOyVGejWy2k2g+TYaVncUq7w== processed in 58ms
[2026-08-24 05:02:06] [ERROR] [auth_service] Transaction payload payload_hash=1qtfrHP+CI9fC+pUwPVxm3BR26eyDk6uaZDwYJKUfIrOQq5gNwhtuTfZa6B4DMy4rD1ZpPjSSipSYmxkXzmNmw== processed in 18ms
[2026-08-24 11:19:19] [WARN] [db_pool] Transaction payload payload_hash=W4mVOANRFVLUqc4SjkImPiRd/ZFP9Jn0vFQQC/tt/NAJJLUshLykRKhlYupfXsVABI6vB3poeKijfzmcJvrwRQ== processed in 126ms
[2026-08-24 04:38:45] [INFO] [db_pool] Transaction payload payload_hash=JPWO0E5S+/WLZ/+DkAXNX/yHbWztt5q05xuWmtBoBVEBgRNe04oydReq/hAy3EtyyuDWVAjqvJ4DBw3Ms8fifg== processed in 181ms
[2026-08-24 08:31:13] [WARN] [cache_layer] Transaction payload payload_hash=T3SW89zuFNoxvmAaBjs0GSdKC2A9Y+ygVfM9U2k9dV46BVn/0eHayg3TA3V3aENuxvtX+nMG2pCHdRoahpXc7Q== processed in 24ms
[2026-08-24 05:55:20] [ERROR] [api_router] Transaction payload payload_hash=2XjzbhSSPs37wyXBMKRPeYL8xTqzFiLcqaoTg7zy8UPU5JLi5TdS6IKH7QsOAZ80MjP6re/1vjK6d1bwmPVUEA== processed in 316ms
[2026-08-24 08:28:05] [DEBUG] [cache_layer] Transaction payload payload_hash=4mgGtVyjYQyahkw9dEEe1lEzY7qGf+uOqSgsTyY8G+xao1A+kDuxRdCyhs4skGCbL9ruEE8m3eK6LuUPAQgvxA== processed in 153ms
[2026-08-24 03:43:09] [ERROR] [payment_gateway] Transaction payload payload_hash=/4kmOyIDH+qiWfY+kvtiOA09FmJMnXiyvPDZ3nMXtEJRMnhHvYYzjo87i6a+kbDP7qgIj5MPnlL5vwRqUSoiFg== processed in 199ms
[2026-08-24 04:46:03] [WARN] [api_router] Transaction payload payload_hash=tVY66aa2p55xj7XHMuw0QsX1AwpuDNdMhze72DJEgoRWQlkLT/RkiF+gYbc1E06x7r48OLze1ktB450yh4OoiQ== processed in 456ms
[2026-08-24 08:47:19] [INFO] [cache_layer] Transaction payload payload_hash=YUywVDxo4zZIWFtl0ayI1UoyqP/KZb26fGFPbKdFqU0zCYP973AzlIAPJ/MjE2cAPNaOBD7nyaHIx9S5+cv5Ww== processed in 340ms
[2026-08-24 06:49:50] [WARN] [payment_gateway] Transaction payload payload_hash=xMRg63qdMf1KNsxaVEkwMYB+olu9gzvqyz5vo4Kt5Y9TVfhmuvF9W5lghOPDn3smyeKk79yPnT6jxMVM4Zr5gA== processed in 195ms
[2026-08-24 04:53:01] [INFO] [cache_layer] Transaction payload payload_hash=JRB/lt3yc+lrwfrijwaRNbCJ1ZdbzxmEh2RdDJd0+kYwVRZNghFMfUnHVFZ76+tirqSMUjJS4zuOsmoHOaCVjA== processed in 216ms
[2026-08-24 05:44:58] [DEBUG] [payment_gateway] Transaction payload payload_hash=NwDrNuzLhCIOrEcOgGs2DNt8dwFgT2frJDaeWgjbMsEclVMxppVFMl6OVBOC/nOO+HaOLMKLsgr74CCmqvdkzQ== processed in 56ms
[2026-08-24 09:40:26] [DEBUG] [payment_gateway] Transaction payload payload_hash=mmpxBQiZ8ZHF4OdF494AQRAoJ0SDbWqkSqslT5/BtWSN5UIY5TilmiEmfY4D3hs3VcbNXK07xhntFrqccyV5nw== processed in 118ms
[2026-08-24 03:18:21] [INFO] [db_pool] Transaction payload payload_hash=BdMzlU7KdxPN71bYORbmemfhKZa1EbzN3OB+4WOqDH58aPL1BGd5JIt5CtQ5BasQfM4Rz4ObEMrwLiB8LWgCWQ== processed in 135ms
[2026-08-24 02:42:17] [INFO] [cache_layer] Transaction payload payload_hash=zaqhMnX/S6MWn1IWI03g+9bA7B8+gakPx8OTwntxjUc3HWrPG4X22JhzOSOI3mUl/N6ZWvMZxk46slMzzu0mqQ== processed in 287ms
[2026-08-24 08:50:31] [DEBUG] [api_router] Transaction payload payload_hash=h0bTpRe7Pc6LyxvQF2QsZ3UpGk6rYeEzb7ALZyYoqG2XFFtDc4QSZ1YdZKEiZn5p5nXvz9FMPacdj03xPldhig== processed in 387ms
[2026-08-24 06:29:19] [WARN] [cache_layer] Transaction payload payload_hash=7YEsKHlxShCcM6NV2+wMmz49W5XMRB8GSD41PPQRQf+fn9OgUZ5KHniGqaAv8lTZ6hka/fy5Cvkg2GrM1u+O+g== processed in 215ms
[2026-08-24 02:24:57] [WARN] [cache_layer] Transaction payload payload_hash=7EY20kikuCdEXYyIojq9rA471sUBt2nDHD/kUCpLz97AeGrlleVPmxz2hUm95yeub5DBV9pb598D6xEphheVnw== processed in 121ms
[2026-08-24 03:08:53] [INFO] [auth_service] Transaction payload payload_hash=DrRNul1NJS3iLLgz5gz1IzJa2D8Jdho27i4I9GOpNvhe7dQ8bsxTdTq5p2f74CkxHImoL64iUYRdlB6wipqDDQ== processed in 415ms
[2026-08-24 06:52:43] [DEBUG] [auth_service] Transaction payload payload_hash=2m2PYsAU8GzyN3IAjpNSLIhaeeBYRqLUU2qKHHxYwp5l+8R8Yyl4SpEZlwSvkNBfYx0Mg0/Gc8+YbMAMhdq/Eg== processed in 181ms
[2026-08-24 08:01:57] [DEBUG] [cache_layer] Transaction payload payload_hash=jHAE+Ad9zhvbAoMtLp6DNRF4V1/OYkghrVQTKZho2Aga6gwVWnddDDLyDO7ly7vY0tyuIOc4aSil/UcU9ueFXQ== processed in 427ms
[2026-08-24 04:36:46] [DEBUG] [db_pool] Transaction payload payload_hash=hsjmmvUFbKi3Gin9A/UlucPpZne1lJ1G2tMKkr7IzkB1vx6dlXGJ5Cl7k3ULF6aGN35dDbkpxXQDBtL63q5xlA== processed in 375ms
[2026-08-24 02:50:51] [ERROR] [db_pool] Transaction payload payload_hash=4YBqVohj2BAOr6DXuoiyEKTZT+cjU4g4xyj9ydTsBjHNNiu78zGaBpDb5RZZYfqrI5QbHEE4ckcgsNhpOm40vg== processed in 318ms
[2026-08-24 02:42:34] [DEBUG] [db_pool] Transaction payload payload_hash=6U9lgZkDELp4HvoA+YRs1RdGyw7PaLebU9+yFqidgdl4yzLAVuiJQkzHJO79DhYn/z2vAcQLZBkiO6R/79gVgQ== processed in 455ms
[2026-08-24 08:06:41] [WARN] [payment_gateway] Transaction payload payload_hash=eLogY9rkIzO/nCPQ5aY+vDVXju5qZJvHJ4tXCJ9SbSdkW4IEmud1R4FzACP3kq/eRRH+8XhmPnkmtNA+TADRbw== processed in 459ms
[2026-08-24 10:34:20] [WARN] [db_pool] Transaction payload payload_hash=VgDBCxha8AuYVKdrm25Un6SI0uOE9L060VJe7R9MQIYCbxVlkIJ6gi8Y78QeKVa+SY6ZeC5e/6uVaI4On5gqYA== processed in 423ms
[2026-08-24 08:08:20] [WARN] [api_router] Transaction payload payload_hash=YJeU25Payqqz5Us74g+up50nv9KQX2Giqj84ezOpWCDdXfBVvcnuDBjX9p08I+a00n++M4kRi2Fhp6mElrYOeA== processed in 28ms
[2026-08-24 03:00:02] [ERROR] [payment_gateway] Transaction payload payload_hash=o2V3Ij4PZ7A970pdUfhmBHRZaXO4iXkRqqzpqOoo3l3j6Pywzb0YheOtqMs/V7O2+fMlHub5EGSjkyjEyq8/qA== processed in 57ms
[2026-08-24 08:21:35] [INFO] [auth_service] Transaction payload payload_hash=0AWkAavtoimMoMKpN9HODxNJMIqnLcFZ0v/Xg/n8tpnlkI6zAk4fPNv1W5RabxdC7gbRCue/QFjwxufElCKchg== processed in 458ms
[2026-08-24 02:37:50] [INFO] [cache_layer] Transaction payload payload_hash=oTeT7kqteXhER8aFyk4AphQwFQwZz0EQoy0htfAGAH/HXTFWk0Ri8ZwOQubH5ufXQJv/cf8lRaWn8Gi4pA7+Fg== processed in 223ms
[2026-08-24 10:50:25] [DEBUG] [api_router] Transaction payload payload_hash=1vaW/LJ3pZnbuUa6LwP7HNFoy8r0ktVp5dCXswF6pcNB93rrrhcW7Pq/zeFaMSG5d2c9Y4LR1yFeKIGR663RpA== processed in 234ms
[2026-08-24 10:57:19] [ERROR] [auth_service] Transaction payload payload_hash=gpIut3BcxdUgg0F6rlyOwDFN3xxSHDw8a3XMvvQxyEie+Z4dQ0yqS2bi+JNXN6ppQ3AIpKfemOC34NorIOXRIw== processed in 168ms
[2026-08-24 03:47:58] [INFO] [db_pool] Transaction payload payload_hash=ZoVYrginh4emmoSCVeWigVd6ESJ7Xs4LHLeY93/n9l3/2XClnUPmhBUdpPQ70nsWs/VgM59jDrY/Zb/mQeScEg== processed in 241ms
[2026-08-24 09:15:47] [WARN] [auth_service] Transaction payload payload_hash=sPflSgs7B8+oEp7A79i2Vs7PG7L7WIKsAbJefpXpqJL0U+6ipjsOViueQF6TSbUpNRtpO2+qWLTPuDF0tgm8jA== processed in 490ms
[2026-08-24 03:10:02] [DEBUG] [api_router] Transaction payload payload_hash=597Riw3x85NcSOLQHvAKlTdxXPmUf7AHQoTTmo4YLcGFtc9uFWsZ3mQ+KZjlKJWMRtk/J0JRBAkXVEyeSRCKcQ== processed in 284ms
[2026-08-24 10:02:24] [DEBUG] [db_pool] Transaction payload payload_hash=EWQ/rx5rQnODfjHSSqg3zscOJtFoQY4MIJk0tltadhMQ5eGfbPk7Iz3fex58R41D3acR0USEWskCcMsjOmwXrg== processed in 312ms
[2026-08-24 02:39:25] [DEBUG] [api_router] Transaction payload payload_hash=Yso9Y7onRbNHpKMlmeSEX+dUfKFZRQBFAGRlJx+SS3+qdwyyocnA/T2M9Hz2Odpld4wdhyJa1EVwtYF1hamAQA== processed in 121ms
[2026-08-24 10:26:47] [WARN] [api_router] Transaction payload payload_hash=cJhFPFn4ZEO84Ef148DhWvSpzBAEing6/bgPBdt1OVBWJxG9xCfm4OIykQEq9UehnND7ZwMipQ7ibbSGN6v+Tw== processed in 181ms
[2026-08-24 08:18:50] [WARN] [db_pool] Transaction payload payload_hash=8Rxl0RNsajsi+y4Z0K3j0EOIGCBwWcNHc4iQLBc0XWkCojUFmEWEsl07u/PI0iN8MEKj2dhZamvRxi+sEGvx7Q== processed in 296ms
[2026-08-24 06:23:34] [WARN] [cache_layer] Transaction payload payload_hash=F1eKKH87LVEGf+n0NkqMK8Yup5+N23lz4VU6rF4mBeIyZDXEzSX+yUajxKmRpuYVp6etZXEZrs4/okB+WdHvGw== processed in 218ms
[2026-08-24 07:59:39] [DEBUG] [api_router] Transaction payload payload_hash=2UTaz/2vOlZDQW/L4YWvB07/ItsZAxAmsCIujqCj8EBFuinfrFpkysYrywMt2TkJbT6FGhZCRNsuJ4hELBTb/Q== processed in 315ms
[2026-08-24 09:27:40] [DEBUG] [db_pool] Transaction payload payload_hash=MXWPYp0fGPCTnd6yLRbLVgHOvwwaB0oJnbP+aro/zqEXDdgSiy/g7H0ERHKDt5FS6htsv6ecQktaYY4XqhIGxg== processed in 459ms
[2026-08-24 06:46:17] [WARN] [db_pool] Transaction payload payload_hash=8t57BfUHij82HNm34YzhOrigsKAZFSF9cPtpyPPZCO3Zsm8NI7rMJWiEQ+8uC4sbz2lYhFIaJbYdsNttYe58wQ== processed in 189ms
[2026-08-24 09:53:46] [WARN] [db_pool] Transaction payload payload_hash=esRVrL40lH4VBuxgGsP9zOpmuUzFhQUnqbvXxOLPX3WU5XrQnzRFWYWazlzcoZRNOgH8BtnaLmLxEaetouGu+Q== processed in 147ms
[2026-08-24 06:22:27] [WARN] [payment_gateway] Transaction payload payload_hash=QLVpWWJmigWFx5jyr6Yyo5XUKEGU+d/F6XyMtVvrRT7suir3hhe5bC8tH5op7EVb6ZbnV6Hzh+I45mquWjYGuw== processed in 187ms
[2026-08-24 09:17:52] [DEBUG] [payment_gateway] Transaction payload payload_hash=EMbtpGqerRZzEA3UJjmy3Rd78EaPS7NUXrWMj9/EfWoVn+48nw1sbCt3Se37iZWcdsftGP6u6+wkl+7u1BA+qg== processed in 480ms
[2026-08-24 08:32:38] [WARN] [db_pool] Transaction payload payload_hash=V5p0msOKTjJ4TL1PjGyZUXZmslgmJzAi+5xs3A4lYq+HdJV4GNLHGlu7d4tYXzFuKyT+IYfZRpSxTYw4ehLx0A== processed in 49ms
[2026-08-24 03:55:24] [WARN] [payment_gateway] Transaction payload payload_hash=W9VHGx8pcB2rAg0dYpxgUP/jWnbemYCnljCcpUwYDpDx6tGPhpPM5+M7uX4+8v29Igdc5vEThz23EUBi4gB9XQ== processed in 46ms
[2026-08-24 05:43:55] [INFO] [payment_gateway] Transaction payload payload_hash=J6Q+BWuZI1bScDGGh/2HcdWLkMl4YJK6LIxHczQQyZkb60V8107Zp3zoylFs8L/v4TKmyLDMf3FlBedmfZGQNQ== processed in 443ms
[2026-08-24 03:40:25] [INFO] [api_router] Transaction payload payload_hash=NWGAZUVzVGZvtlphKQE7HIHykQ6gWbLqrPZqyF+7SItUF2clk7n7MJze5ApRmQu4fWEoJx+IDXhQMMcPbNGn6w== processed in 267ms
[2026-08-24 08:57:57] [WARN] [cache_layer] Transaction payload payload_hash=3za7+zOLUsBQPt16W0FuJjK8cUYNsj90TEs5JjOCa7lhdAvsloSzMWTJdLNv/sQimtoo4JOyUNKbb9cJRA3bUQ== processed in 3ms
[2026-08-24 10:44:22] [WARN] [api_router] Transaction payload payload_hash=Ou+ANldu37hVkEaTLFD9jrGQMNSrYiF+0BmqtwI12Zqhhr1RF/npRJxx5WyDKiO0ljys2VLaix6zIQ7sMYE99w== processed in 71ms
[2026-08-24 09:48:41] [ERROR] [auth_service] Transaction payload payload_hash=+P3AoPac0vlXCpNiW+2tSaNIe43r5bnhGydbnELcYXl0FUfYoWG5gNYF3C0o/clIGErRDmX9ZqD3BamoJHjYig== processed in 415ms
[2026-08-24 05:47:01] [DEBUG] [api_router] Transaction payload payload_hash=KqL4R803llqtKf2DhhC0HewVC9qF11QGdqZalcptnBZvsbpCT9qprQxKbG6Ja/2ak7AWMR89Zcvl98A3eCJV4Q== processed in 119ms
[2026-08-24 05:24:21] [INFO] [payment_gateway] Transaction payload payload_hash=MD2iAjgeI+0Ei3m0/J3qDMbiEw7+DnTStBgacg2bZ0BNbXH4cLFp1yhjh1LEf+WtLdn3GF2Gs3jon0Tc936BrQ== processed in 206ms
[2026-08-24 06:13:51] [DEBUG] [auth_service] Transaction payload payload_hash=6w5KKQ0746JEkK3INSmXGTO91s4vFy96vx6uxegLzxQ2SzriDV+qoYTnQAJ8x9RBxIeFM7W5zWX8fuy0M41I0w== processed in 339ms
[2026-08-24 06:12:57] [ERROR] [db_pool] Transaction payload payload_hash=ivXldv6zq7TgKqG3Xg4iJ5/oqUDkCO4+f/NypdTj9xr5nFiYTolQoAHwHHWRKnmzje5/IlAajKTn/aW39ot6qg== processed in 174ms
[2026-08-24 08:21:08] [DEBUG] [api_router] Transaction payload payload_hash=5bXc8Zvk7tBLJIawAB2KDhI7iMrhEuE1tWIrpmgOtM2lJaKzrLHDGPYHUtoE+Vx3tk2FB9vYGkja6Bmn2ksGMw== processed in 474ms
[2026-08-24 03:09:38] [DEBUG] [payment_gateway] Transaction payload payload_hash=9pnt+/d3+22tog+lV2nJqDHVB791kiXPyZvROr7xAuN8dqUa0RyO/Uva1YyKv2mprz842xGjhWhfbK4Yxh68bg== processed in 331ms
[2026-08-24 05:39:39] [ERROR] [api_router] Transaction payload payload_hash=38w5yJRgmoo9Mmsv2at6GFWqynZhMDpujTS5z7Vguw4fNB8vc9DA9abEsSCahhA2iU0GyiHJe69Y7K7k4MSpeA== processed in 75ms
[2026-08-24 11:13:18] [ERROR] [api_router] Transaction payload payload_hash=6tuRCevFuk1YcUIcX8BlYPg0KPKrixfTv8J5jicyK/B4F2a59RZ6hU8E6PRjSRRD9azqHWCFqxx3e7f7RWehcg== processed in 117ms
[2026-08-24 08:42:43] [WARN] [db_pool] Transaction payload payload_hash=elpFe1A4ngwgbcHETXgArtgCHA9l4XjdkAyZe7qsFiu9SpnzK4y0QffTlJBemVqYt7oH7E8ix9Q01wAuvRcXBw== processed in 328ms
[2026-08-24 07:06:17] [WARN] [cache_layer] Transaction payload payload_hash=aNe2AVtfrFYrJhae12UrzVEyaUQCytqW1OotizC/wM84+mMqMKkvR56mqXNKmB5/kdDZCro1PXBxApl/3RqKYw== processed in 19ms
[2026-08-24 09:15:05] [INFO] [db_pool] Transaction payload payload_hash=fyh23A0+Lx3i1ySn9dO1Ppr6a1MihiLys63Cx3QJrUaCAnQs67lvkDgLvs4bUvseVPMTtxzi8BezT+8d2C96nw== processed in 150ms
[2026-08-24 09:55:02] [DEBUG] [auth_service] Transaction payload payload_hash=GCrhzawkJxew+8ZCCGEIGhfNGBD7TW2yFc54kr4Go4J2s0WQPCSkfTdVZMWlVRt4lt6yf2P6lhTFWLWOzCFpiw== processed in 77ms
[2026-08-24 05:44:01] [ERROR] [payment_gateway] Transaction payload payload_hash=yThV2NcXk8dGP65Iap5lyWhPjWy99EAHHBcVymJVJ9bSCxdu+Sjx9mGBLf3HhCgJ/NdsZt+KWTa/9VL0fpKVNw== processed in 269ms
[2026-08-24 06:54:39] [INFO] [api_router] Transaction payload payload_hash=YEEGLk7qCu+6G/Nvygdq8IXilRIH0/YFNVipt0S3uzqDOq49g8jTgVMl+JfJTx2JDtkDcSBiA8SxDrAJNYSEnA== processed in 366ms
[2026-08-24 04:32:36] [DEBUG] [auth_service] Transaction payload payload_hash=WiugUWZVo/DjhDawm2/nsZjY4IGLqFKI36z4/xZH0mTp8g2bNsJ6/2qYyuCC/uI3mMqsW3C+SKSlMN2o1EHI6g== processed in 314ms
[2026-08-24 09:05:01] [WARN] [api_router] Transaction payload payload_hash=8GB5eibkGp1+US43aw5m8VMfiHsJMtKta3L4UGEMMV9cOVw1IGukw1JhiJoEh/kc80UKZtefSXDGwSEPmugNzA== processed in 378ms
[2026-08-24 05:06:43] [INFO] [cache_layer] Transaction payload payload_hash=hAk6WVHlPWRK50VzVQpeHwXXt3w+XkOlEgI9MHcXxtLYGo4zW/DmshzVXSc98txRK8/mazexHIuXsWlGZ+aW0Q== processed in 90ms
