[2026-08-24 04:58:00] [WARN] [cache_layer] Transaction payload payload_hash=o7XfmIMAzyamVqUxBMifpZwN6zpZdx5fZuCGW2QXS5ajy0InVOwVdw0PEQcSda77L3vi4iSrbKw2Laznf9nNyw== processed in 410ms
[2026-08-24 09:10:25] [WARN] [payment_gateway] Transaction payload payload_hash=ekdj//wML/zH72Y6FnH4gUBE8P5NewtQKIwIoC6gJ+OH+Zr6wMba6ZfoQyf8cPsmBW8GJZOHngGyW9m1EcEwYw== processed in 344ms
[2026-08-24 07:14:27] [ERROR] [auth_service] Transaction payload payload_hash=ngjE0qR3r7iBlg11xqjCA6gyF1TYXJjknL0n3TOWs7HjocNIRnfBf3n6YmqoHmM0gXGSMrGn82dSwPaihKO/XA== processed in 191ms
[2026-08-24 04:44:55] [DEBUG] [payment_gateway] Transaction payload payload_hash=ZMlzjp3spymjfjNJxWeJzW4LDYg/jdTuYdn/PrDjERgWwoa1jvw1CheXf3WWURt+DTltKTd0lOskmmNChhF3Bg== processed in 182ms
[2026-08-24 08:20:57] [ERROR] [payment_gateway] Transaction payload payload_hash=yWtO/fymIm44vF1F6/ryhLW8GCHI7gelP3pWfquoszH0iGI+CgeBLLLoNijUbhY5MIIurmHYXwSJSnf2ujKnVw== processed in 114ms
[2026-08-24 10:03:27] [WARN] [db_pool] Transaction payload payload_hash=Ny8Fbl/uJKCSmQR4nfcE39q+K1U+Qe3jljZtXAvcBHXIdgI43ySqwUe9CPYtg2KAHVsoKixBF7tfL/lXI1t+2w== processed in 116ms
[2026-08-24 03:05:56] [WARN] [db_pool] Transaction payload payload_hash=CSIhHc73svXnIl2NsKdOtZj+G2LtPKFTNV41ftTAvt7o2uBHUAr/BwTwWOrekkA3E2SnA/TGIIUeQBW/cMC6DA== processed in 211ms
[2026-08-24 04:20:55] [WARN] [auth_service] Transaction payload payload_hash=xy8Hcs9fD0imCFZ2fJm4xmsdYeSqvJBMKlpsnXcPEogQcGAOroPeZzHNOoOuceV9OYeFpUAGZrG6wHRO585Vxg== processed in 90ms
[2026-08-24 07:33:44] [DEBUG] [api_router] Transaction payload payload_hash=IRfPH6qJYPsZSwvBORIs0VL8o2LUOV6m3Kgt2Av0tNKQZUiODZFF/l9E6BydKaspHmnL4ZcMNOXPgyVXwx+UjA== processed in 112ms
[2026-08-24 09:00:11] [INFO] [cache_layer] Transaction payload payload_hash=inE4wm1g6IlHX1rkYdoZanQFZ6EoKmkJkV8/PCL6BN8BdOkDpgar+mcW5PUlvY5FQQvzf5iwwE+ITtFac43B0g== processed in 497ms
[2026-08-24 05:47:50] [DEBUG] [api_router] Transaction payload payload_hash=Oic+cWWKOSZ/vmIsX2V9H9L28/YEniY1YYVPaKy5RXCGvDqkNYdTQOuoHhiUqLm7Tg23ntBLqH5Y3mxegRytlw== processed in 42ms
[2026-08-24 04:26:07] [ERROR] [db_pool] Transaction payload payload_hash=ioF0x6sLL/oYeXZDoYXkIu5+IdPksAOc1/gJIfcDnQBK06cYlzQHn2yma60ih+iLGoLsoDdH1Iw540c8KP9wcA== processed in 463ms
[2026-08-24 07:42:17] [DEBUG] [payment_gateway] Transaction payload payload_hash=RV7yFJuZq3t0ZPfUEeshH0EL7/kQNHRDsu9oc2Z1QnIF3ahD6M1vO3zHFDesANjhkcrpOSYIUC9Us1uUpG8i9A== processed in 469ms
[2026-08-24 09:33:47] [DEBUG] [auth_service] Transaction payload payload_hash=iO3NwUZYCEWYfzzTT4qhy4tnhgKUuZWTmAYiU0rTDFqE0Cms8/vWWyl1Rkbr/RZuDMRBj+4kdWKQCvxPZL/gaw== processed in 417ms
[2026-08-24 06:05:39] [INFO] [db_pool] Transaction payload payload_hash=qWqIPx5BE61zqTge64HwCO+pgG9B3ITL3FGeY2dJS/shgbnWo1zXShZz2bVqwUzMyXaZ9Hn+7aWfSjKSv6jjXA== processed in 480ms
[2026-08-24 06:56:22] [ERROR] [api_router] Transaction payload payload_hash=vjT/904m36slKfpEyDYNbJbx54EE4WKvH7N5qycykC95Oo4WKehOvGRD+49BEZpxDzEaARKh5+T3MT3RzpTElA== processed in 208ms
[2026-08-24 10:13:58] [WARN] [api_router] Transaction payload payload_hash=0ODm3iHv6pW3NwWPtjdkNcGZBu1vd8p9vBC4A2VwtQNds2j8mqv3BMuhMQWCAvdfGpiaZJdDqBok61Qi85MKKQ== processed in 318ms
[2026-08-24 02:41:50] [WARN] [auth_service] Transaction payload payload_hash=kN6GFT+JHHETxPiQId+pQ/H/gWWmn62WA4zZxDMI+ddWySpi4yxBOhOotPb5VkJlSQWhkoSw7Vi6jPSps0v+UQ== processed in 455ms
[2026-08-24 09:08:14] [ERROR] [api_router] Transaction payload payload_hash=/Z7UAtGCkIEWi/M77xx5uajMbw6nFEHdjBI28cH8Nam72BRjT7k0Em6hIJeb5zsogAQbV8AGcItWIERwI5jzbg== processed in 188ms
[2026-08-24 04:19:51] [DEBUG] [cache_layer] Transaction payload payload_hash=e5C9re2xv+THJSNnOoBlOmJ+33o0UWHfKO1IUE/v9w8c5LtEDweGdCoxaFtQ+KZaj6wWfpn96y4I+9s6rWS4uA== processed in 450ms
[2026-08-24 08:45:18] [INFO] [auth_service] Transaction payload payload_hash=hdOD37C/+1vcSluKkFlr3aXtB6afenbUURLOwESR3h6uP10YVvUxaCROhyS9YbNF2yMH7nMmA74Gh9Y5yb0gDw== processed in 441ms
[2026-08-24 11:22:51] [WARN] [db_pool] Transaction payload payload_hash=JH9uWpgW+Ey0KjGcWRAsNDd8Qm7VOeIEqN6nhXak77Y0QhKiwwR4keUFWMX3GH5M/yESnkRAkOgN00R9kjLqBA== processed in 185ms
[2026-08-24 02:28:14] [ERROR] [auth_service] Transaction payload payload_hash=HdwnHOVgDgTbZ/Ou71vPtXpjl9heJrmVbbHk6UiLH1dDSu5DU1YEKEQ14nmqLcMeeP3F0wvwWq0iAOVr8231UA== processed in 21ms
[2026-08-24 06:24:50] [ERROR] [api_router] Transaction payload payload_hash=+yaXKywbib6IJXaW8/MTCWYtXpFv4Hra8Kepleu4IFtFE3pv5/SWb5QGwX2jFgy2iDkGRQBYFBJrdLj4O1vlnA== processed in 294ms
[2026-08-24 08:10:47] [WARN] [api_router] Transaction payload payload_hash=5cWZWzU1SDCJRPJAXSSv9M9aAqbUT0JkqpHis6q4O3GT2IFXJ2mAg2FJU9z/yjwApuNnNnlojJNd/VUu9xvy+Q== processed in 465ms
[2026-08-24 09:07:54] [DEBUG] [cache_layer] Transaction payload payload_hash=w4tnrjemAsyxaBQvU5Qhkr4weU/9s+YIk5CyW8J53HdsxjRthej1/T/51QtdehWpvkfR2TxaJbjBdqZaKbKZSw== processed in 130ms
[2026-08-24 09:07:15] [INFO] [db_pool] Transaction payload payload_hash=txhpgALJMEBIIUnb4ABZ7Yb04I4Bs1CIdGQ43Nse6Cq0i/bwgZpI05GX+GL+TiyhldN3apBa2/cBNDxzeu9mfA== processed in 132ms
[2026-08-24 10:22:57] [ERROR] [db_pool] Transaction payload payload_hash=8v24QMhvi1LPyYqbXD+4RW5Ui3ymrdjdsaCImIsSg9QQbnzumQuAq+GyNmI7SaSKSfE9ZHI8ILP2Go1wgeS9Kg== processed in 37ms
[2026-08-24 07:24:11] [ERROR] [auth_service] Transaction payload payload_hash=OMCuz8VVEsLqPsEsg/kWB7gT/21AcWVlUymRQ40W2c5W2GEMLiVZ+sF1TuHhEtu3VG9HJn/FCcAKzw9WxXzRew== processed in 337ms
[2026-08-24 09:02:21] [DEBUG] [cache_layer] Transaction payload payload_hash=P5OMZJwCVtx7d6A+1yUY3595XGeAFrzwt/AKncgaHHgTwHlMR9XPyqQIczj6yQ1Pbvd21JVM5YH37/3E1zoU4A== processed in 420ms
[2026-08-24 06:18:54] [INFO] [auth_service] Transaction payload payload_hash=IcyIdqJdHR1yJSvurBdRr/ND41ra6cOryaZ5gU/B5tWYV6tI/6+nLXwda34JERh9kyilfYn/yVhBgGtqAANJKQ== processed in 287ms
[2026-08-24 02:20:20] [ERROR] [db_pool] Transaction payload payload_hash=7EqSEno/NGpRB7wNLZLy5nSI5DvRHpzGqe7QBcCaZPW5EoqSnkhGfTu1j+I0LU++Hcg/3YtAN0mc2QipsSlL7Q== processed in 167ms
[2026-08-24 05:51:12] [DEBUG] [api_router] Transaction payload payload_hash=DeXGx074xXgdw7v9SioCweFHVITx44V46yZzOnntj6KNUwc+tiIYmAdfbVfwD/eYSVvn/+T3okqgm1hbIcSTuw== processed in 63ms
[2026-08-24 04:55:44] [DEBUG] [payment_gateway] Transaction payload payload_hash=lMCxbiTuJrxw0fYnnHtS4nyhdir+vT+fmKuE/RaqJi24IZscsuZEFJLs6tlnhKeGH4b3Z846FWqy94GW8B4MEQ== processed in 110ms
[2026-08-24 10:44:56] [INFO] [auth_service] Transaction payload payload_hash=Yk/qJiO1NhxDGu2F84wcORuxAu7ktt0UPjBiyzJjhyHauUjMlMugaKRNPf/UM+ER+Hwz5YbHT3yw1o1TPP0kcg== processed in 142ms
[2026-08-24 07:05:53] [INFO] [auth_service] Transaction payload payload_hash=zF8MAqJHRnLE/3wxAhXvMpBQo/7/Pe/Pwtd8a/2xf+WPL152eAQ8oL1xzxjZe+5N2eWeajZ4woWcrO7t9K+fMQ== processed in 392ms
[2026-08-24 04:22:22] [WARN] [cache_layer] Transaction payload payload_hash=LMaKUW0qqdzEcF9CdAM+jVsU5V/I7NWn78m3NVNzKcTO7WkR+a6V6zvYn1wWGE1DCiJ8Y57FT0GmizcN0AxxAw== processed in 41ms
[2026-08-24 02:33:42] [ERROR] [auth_service] Transaction payload payload_hash=iwBfGrTupzqfR/cBqXAJ5rPVSw7G+DWVusk05FSg9HEeqLcKsoKzKTj1ya2rO49YzrxWm7XqhK5OtSuMoZGCyA== processed in 321ms
[2026-08-24 08:44:23] [ERROR] [auth_service] Transaction payload payload_hash=gmB1WaiD/V0i4I4y0bXE6MnQb7FFORtUFZ3V5zmE2nE1cNnRPDD/P1CQ3CGWlqDnvacHx7Lt3kJBRT53SwYlKg== processed in 103ms
[2026-08-24 06:24:28] [WARN] [api_router] Transaction payload payload_hash=9A3Ea2PibBX1BaUyjtQ31GEHIokI88LdHx1qxjba1zHTN4Gh0mndUw1YnCt0aoNJP3zrbfWh+d/vHlDeZbCBlA== processed in 137ms
[2026-08-24 03:54:03] [ERROR] [api_router] Transaction payload payload_hash=+/ciU2olsfca1pC+jryQ79YonUaSxrl8kEzkEShxDyAYTuu0bvI6Qv729jmyZcEktf3WK2CKKGzJrQhbDZnRzQ== processed in 88ms
[2026-08-24 05:42:51] [INFO] [cache_layer] Transaction payload payload_hash=Ld663ZzqmdK15ZP6HBnS9WI5eV3dqJdEVtkjHBLUlfPtx7MXWSMbwT8JIUqGZbn+xJsAIY73xWxF4xXIzlonYw== processed in 335ms
[2026-08-24 03:19:34] [INFO] [cache_layer] Transaction payload payload_hash=GGYHk/UecLbs6Y9eEIfQVI8vAASeOXJYXugGIjaHZ1XSYrHEsSVlsdaix6+OXSgYTVTb0iyWUjxe3VI2SYqtiw== processed in 19ms
[2026-08-24 08:17:05] [DEBUG] [api_router] Transaction payload payload_hash=5TvD0uDxyL33/RLa5EyKZhOue5WABZaaA1mRug8M6iZnwWiLMxStDwOfI20kTxi8sYevkn6P2g4KDsQ+rmLr7w== processed in 283ms
[2026-08-24 09:29:17] [ERROR] [db_pool] Transaction payload payload_hash=GkoAxCVMVZJlwxM/XVSL43f/Ns0y9IUHSXE4jl1IRLA0LMvqKzHvgvh2o2AG/cnUGwSHIgdmBOjaZYzcCtgHZw== processed in 48ms
[2026-08-24 10:49:54] [WARN] [auth_service] Transaction payload payload_hash=fQFymiU88hHf/9UIqMQfn+OZ9aGOpXHeuj9+vQdQfq7a/DyU2H2ezSS1evID8d3Z4z0quvnPDFk9haAGMqDJbQ== processed in 152ms
[2026-08-24 06:40:26] [WARN] [api_router] Transaction payload payload_hash=jAvSL2k79gERHOXGtjFeS5P8ZTXS9hT1PmbiH9PGhm1AQ+64bwlksFZmJ3zcIFE3zJyPVH9ATl9kFCbBD8Pr1w== processed in 36ms
[2026-08-24 09:38:38] [DEBUG] [db_pool] Transaction payload payload_hash=v6Ni89XIJxtkT8XgG75KrAs+spUgfkhYL80BoKTR3trK3Wcu+XciCfQzxwF3I6RzVyGPfPesT4CzaP+1NcGFew== processed in 387ms
[2026-08-24 10:27:55] [INFO] [api_router] Transaction payload payload_hash=mJ4Yv/CMSuBdV+V0MjNkq9x0c0r1kL/8mEc568yPz2nSRkHG+U24tkCrDftPPdmh9WT6MZe2wVQhwpwVC+mdgA== processed in 154ms
[2026-08-24 09:26:42] [INFO] [cache_layer] Transaction payload payload_hash=WTKlJRNAr/NfVWlvmmC996mQ+iN3Sr06UaonmFY1WQ5G0UBm2hVJk6s5VqK6L3NRrJrUKQ6aJjf05jFkg69zBA== processed in 432ms
[2026-08-24 07:22:38] [ERROR] [payment_gateway] Transaction payload payload_hash=/jurALKK98OjRGv83uTTZQj1HKjeqJch6X71akXWNMcclEMxfxqmHaSGOOQQXiT4aM7d0M++wbINm2N6krdycg== processed in 12ms
[2026-08-24 08:18:10] [WARN] [payment_gateway] Transaction payload payload_hash=qET7jHyabaVkR1T77m+ACicW/6G1JR9aypzNRgbBeBsSMmjAkwnpB/xXQzBIIpRl7ZNGIkjj39gLJORC0DwMsg== processed in 249ms
[2026-08-24 06:18:03] [INFO] [auth_service] Transaction payload payload_hash=C9kDweSBziI5BG1ihc9JWwNk7m6dm4IlJrq4hhfc/n6a0IViVDJb5r2VRoPJDygLmaDMSgvXcn51cobNMaaS6A== processed in 363ms
[2026-08-24 11:03:56] [WARN] [auth_service] Transaction payload payload_hash=DOzBcS6+6rlrCPuKZOW5NDcquYw1CpjRtkeBbpYvlaqBzb/p/SxlyFn15/4V/WEaY2eXT0t+691xmci2z6YidA== processed in 166ms
[2026-08-24 02:21:56] [INFO] [cache_layer] Transaction payload payload_hash=ge05fSnqWPb41/AbrGFrUFsxVUBRYZaaN7hGQjl9xUMCjXj/Y+hR2kzEoGZIB0sL2czAkvwXBTFMlNhleiXW2w== processed in 85ms
[2026-08-24 05:46:11] [INFO] [auth_service] Transaction payload payload_hash=BHRbiVHEUS/AvWuscM2UuvpRmSjYUKhtXpjnuAYSscrHhdXqoyBl190AWa1Jpb5I1xCTK6i8azNdF/htxr3vcg== processed in 459ms
[2026-08-24 10:40:40] [ERROR] [cache_layer] Transaction payload payload_hash=4g0jyic6CoAckpyn6U92rp9f5mS296nndo4J/59r56vrv3+AclDxsxB6AP44dKg0icnIku01rrjxQJ44+9bceg== processed in 42ms
[2026-08-24 07:38:57] [INFO] [db_pool] Transaction payload payload_hash=pj+tqJ70n1r3Z0qPgoJcQ75guiJLmDGvg89lDAVfIVFVYV2yUkUaHhjPdUjwYFbBZ2o4FmArMtbW8Fh4HlzsQQ== processed in 416ms
[2026-08-24 05:03:14] [ERROR] [auth_service] Transaction payload payload_hash=FgxU8I4vMYmYB5TSH4bCXCQI36+ocZqwUWDUlhwl4bil1HLoYbC+uxml/7iX69tc13ei9qFgOcRbhvlBIr9d2w== processed in 367ms
[2026-08-24 08:56:06] [WARN] [payment_gateway] Transaction payload payload_hash=QdZHqvpbH1Sw3BZYAArhtQvObK5WEPJc0RvhvDjJsX0sh4oEPVO316F5A/AR9Mfvp1iXtyIF/dzvW6ouWnHfNw== processed in 247ms
[2026-08-24 04:28:52] [WARN] [cache_layer] Transaction payload payload_hash=UszYjrQALZxB3V9L09OAf0IMsjVliJAGaS6hyObS9B5kiNbdw20zvfhLlyyFggRc0E3yldThaeBKRHkDZiIbgg== processed in 258ms
[2026-08-24 06:50:18] [ERROR] [payment_gateway] Transaction payload payload_hash=jvq7e+zXH5jOELC0k9QL4ZRmot9Lt+HP5ewTMoeWuAOUWr6izIN3AWpaM80oxVHstjjdJ/Qavsm2tt8XW7zIBg== processed in 179ms
[2026-08-24 10:23:27] [ERROR] [db_pool] Transaction payload payload_hash=6h/xGnzSU6kl9ZioF/AWpeST7A29KLzzWd42hKG/fLgDrvOi0ki7bEmAVbzZzn3J7y7H9rGexWBL3nMTRzOUWg== processed in 390ms
[2026-08-24 10:03:36] [ERROR] [auth_service] Transaction payload payload_hash=GEyaCtkGaG8cLsxCxLZNgLWBbu1+QsyIlmbNsQjEuzodLJqemwumambq2sheAGaxFtUXH+U4Nqf24nP0j6cdUQ== processed in 5ms
[2026-08-24 03:40:13] [DEBUG] [db_pool] Transaction payload payload_hash=pqx1W8U9ClQYX7vGbzarCu0jMwLi5csKP1hzVALhLz8/uTIJgRfQCysMbZOhvuwc+kyORJkjUlI2GD+A7zeBMg== processed in 499ms
[2026-08-24 10:58:17] [INFO] [payment_gateway] Transaction payload payload_hash=qzBjqXLF6Ie8G56YvK275ET8eY0pi3AZ7nzGcAgiQmbuFfIkChdwrl7RFbQguVnDjMvKrKxQ9UQnJDq45Ttq+w== processed in 136ms
[2026-08-24 09:37:54] [INFO] [api_router] Transaction payload payload_hash=L4q3ODvj1AL6fJof4QUrHIN/CD+4gOG/1t94XCR3FN/zGWk36opM9TN3zquHbnC5WczNKZNxu26nxZnudSaL3Q== processed in 429ms
[2026-08-24 06:14:18] [ERROR] [payment_gateway] Transaction payload payload_hash=8ogwn65kKf6/5fBsDQuhfQUg/TVmjuHYcRa+K/78PL+sjCn9cvUIQ7gtMUQqR7BlEm7ztyDhrkaGnGZiVT4jJA== processed in 281ms
[2026-08-24 05:04:48] [ERROR] [api_router] Transaction payload payload_hash=x3RbOb+bosltxSikskop3cSv3S9q7T4CB1xYRU38bMRAASZ3+nctaGnd0fqATxHq7SWYlOkOGkQq0ITSzrhe1Q== processed in 20ms
[2026-08-24 09:36:40] [INFO] [cache_layer] Transaction payload payload_hash=jku5D3UsLvqX3mZBhgqAG2n8n4WimMPpVItFp72ujr7Rk6Gn8BlPBNSRK/s3991K/zXuzHpNjJ1PxVTBiLWi0w== processed in 273ms
[2026-08-24 06:35:49] [ERROR] [payment_gateway] Transaction payload payload_hash=o1wASK50jh2E6NhHbl5WMK0E1qi0QxvtKi10F6DYtgSIQigPI0QCvGtIW43R5MIBxZ+ofcpVSqIYFsg693y4Pg== processed in 347ms
[2026-08-24 02:22:04] [WARN] [db_pool] Transaction payload payload_hash=8+iAJ3yb0GuiQAAgDJ5iuXN6jktijePcF/RGm3wdin0WoVSrB26fuzerAvWjv8LLK8EfrBy7AJ2z/X7c2sPsCA== processed in 285ms
[2026-08-24 03:07:37] [ERROR] [cache_layer] Transaction payload payload_hash=coCsSRSnvI9i2dJGS/DZOnFQB9tMtrqkj/TZlGQtw5xKptfqtERs1qjhTBfQC98gNezP59jhLZkxC3Hp7kg1jQ== processed in 218ms
[2026-08-24 03:40:42] [INFO] [cache_layer] Transaction payload payload_hash=9rKJv77hO/eiDffIqL2hLIGhPssvQxJ3mCnUG2ygvrJbxVd1Hd5ZpYrBb2WVg2Ys/syA6FfeYNjulsAmLDEJeQ== processed in 165ms
[2026-08-24 05:50:03] [ERROR] [cache_layer] Transaction payload payload_hash=YgXRkszuynPSLBvt/JEGANvIMvQaR5T3jOVtvU0WDAVw/N5bFsOjF1j3UxW5+O8bzFFENeeNUV9DGUCZrHZbgA== processed in 286ms
[2026-08-24 08:58:38] [ERROR] [auth_service] Transaction payload payload_hash=ZepVi3zdvl9cL7dODUbBXgGJkNgyWzpoWXuORcAuUZ2Q+MMpztbKbfY1MsnDEgni9SwjzuFU2MrC5Ww3MxfHPA== processed in 143ms
[2026-08-24 07:44:41] [ERROR] [db_pool] Transaction payload payload_hash=I65khg2eYoWdkMEt3A2IqT/SBI9EW3n3vfUJCJGMueJ1YrjNrFJeyskhTjpOVFMw9rZbPZzecklZ/ob/Hd4QRw== processed in 458ms
[2026-08-24 10:49:32] [INFO] [auth_service] Transaction payload payload_hash=bVsu/TDuTnx1ItvmAuOs3+uMvIhQ75L8QlyCeaXWqJ1v4SKiOxVX6pEhkQ+JjDUHKgnOfn9c5P7LYiahKVLXFg== processed in 236ms
[2026-08-24 10:51:52] [INFO] [api_router] Transaction payload payload_hash=BQFQIh1O6YyzMX5mnEbg4J6j1CqqJIpZ/nATEN86ARwp0NLKoh7g7qe6uoTHPXoFgpREPSTpeR0yyK4AWqO17g== processed in 199ms
[2026-08-24 05:36:38] [DEBUG] [db_pool] Transaction payload payload_hash=Ah4luWO+2XmucNVUKuzlKeOaA2sfMR5ibkkxiLTA9qsy2oAdxEce9M8wg5ZO6lapUwWooeVtWyyd8Rxr6/MZDg== processed in 85ms
[2026-08-24 10:25:02] [WARN] [payment_gateway] Transaction payload payload_hash=Ia/vHbHQTA2ZhAC6khJtA3d4qvNr8srSGM5DDPozQccStignC7FCWhRyMOP3/eYXS/a5xCrU5cw6uIc6tLLg0w== processed in 197ms
[2026-08-24 03:29:27] [DEBUG] [db_pool] Transaction payload payload_hash=7AFy3py2N9Jj3AVoB6nDE5I4DR8V4dS5NwGOqCzYLL+pLHBqg+3EyTVwhpbPjctMuHS2KDqJTW6Qx1Jv+ZhQZw== processed in 456ms
[2026-08-24 05:49:26] [INFO] [cache_layer] Transaction payload payload_hash=E+daERuG9KEwWg6jvKRH50GW3KwWpbcuzAVe/ln2AnBPie8xL5N87cvU7o9Bz/ixes9Y1bY2i3jVH0KNqAyDIA== processed in 329ms
[2026-08-24 07:48:21] [DEBUG] [payment_gateway] Transaction payload payload_hash=Ib8jeqN3pLIE3xpuv4qIc8aC2aLoUxvKqYyKQEEHkynBaaKZmx8du2WfiA1sbzOCgUqwemu04bctxltGHiIowA== processed in 296ms
[2026-08-24 05:50:40] [WARN] [cache_layer] Transaction payload payload_hash=0mwDgEIy7hTzmoKKk6ldqyXuTTKkpuXuO+om5Ih1NwZ3pvZzN34rrUkZKE7E0oI0io2Dac7eZw9nYblEeLRYNA== processed in 422ms
[2026-08-24 09:24:29] [ERROR] [auth_service] Transaction payload payload_hash=6j+1gMS25VB8GNvYdbJgM8UdEkN0oxvFPHHqWiY1+2ggT/zwKbURrDdX9Xj4zBtSAXM7q/prZ1at9h/seI35WQ== processed in 61ms
[2026-08-24 04:03:49] [DEBUG] [db_pool] Transaction payload payload_hash=qybAuR9k3d9Wsybwiht1oP7GzlhAtRqEJ5tY2kH7rBefbtFpWqK35b8X04qdzHOy1f/KTTkqFTVePBpUXZUJCw== processed in 272ms
[2026-08-24 08:12:08] [WARN] [db_pool] Transaction payload payload_hash=ZQpHILtxh1yodM1pWQ5rnxUZxyf3qeI3BHAPrmVV9RIoTCltm7eGM7pW8tXTRyxaWsxVsv0t/UWuXu397nCEig== processed in 469ms
[2026-08-24 08:15:02] [ERROR] [cache_layer] Transaction payload payload_hash=vvGO0ozb2XR1g2l4zzZpA1VHcin8xHLOKNU6/mhh8jJ4I1rE9fX5gL3goOg80VGah/culsizpbBegaem61jRfg== processed in 346ms
[2026-08-24 02:50:37] [WARN] [api_router] Transaction payload payload_hash=KZqUkrsOrSX59EdaffbTR2wkPgQ3vp9Uywr9AUiI6CmEPdJV2DDaLBPPi8/E5Jrwa4mrAv0YPNHuCgSDhig1Zg== processed in 487ms
[2026-08-24 10:56:42] [WARN] [api_router] Transaction payload payload_hash=Se4JkJ02Xw8JaNVDBNtComJkHWclHIgAJ63Eu4aCUNMwUoSepy160JCfEGu/tEQ8M45pR41F6Fs6DD+AEGjzhA== processed in 87ms
[2026-08-24 10:36:41] [WARN] [payment_gateway] Transaction payload payload_hash=1B0TIWvF/rOVuDmSimoa0BFAWfTvDIFKo/M4pn41IHJucIWFWNr8NlTLtqF4VCxghGbe9h/DNwTA3xhdM4Sjsg== processed in 349ms
[2026-08-24 07:22:35] [INFO] [api_router] Transaction payload payload_hash=JfMoL1Z7aa9l3RlCZEHQKUvOYdZt75egtKmeuroo8kMS5M6kt/nPSWEGGOG7nWykrh+cYNX+6oZrD2bRcxaObg== processed in 197ms
[2026-08-24 04:22:59] [INFO] [cache_layer] Transaction payload payload_hash=NNYzbjW5UN5kqOQeNMn1d15YwkVpYbvT5BwoSQprVOflSsFilqdx+BH0M5r2eJHAoi0Wm21V4OfyFZ8l0yiIww== processed in 172ms
[2026-08-24 09:12:24] [DEBUG] [api_router] Transaction payload payload_hash=UOF9AdApP3N/jRJ8sZXovdavs6XXWpaUOmleFqtZBvwSj2RGlsL5AnV6iTKLyTfJPh/UuOW5sysnlpBXvwGFUg== processed in 23ms
[2026-08-24 06:04:40] [INFO] [payment_gateway] Transaction payload payload_hash=yP3NMlKa16m3h9kkVGqEz3D8TPlExsJ5MOT6dBE7Vqb8ZLNta7O5AIuCYKUYeUAT/KaqKRMM6FUwYYGeyAndaw== processed in 7ms
[2026-08-24 08:23:16] [DEBUG] [auth_service] Transaction payload payload_hash=97WuxeLv9ic3KahhGjDovz2JaL49b2v0p7QXH7GidLtcbzXIJVo+BQ9ZKv2FRl76QXPUut6srL3Nd6Vz+oETyg== processed in 160ms
[2026-08-24 07:38:18] [WARN] [auth_service] Transaction payload payload_hash=+N2NaCxibaknGyG71xzrJ/HsOErh3np8CtoQjcPd14mh4Mj5a0iC7czE/yBFvdCQJPiyVLY4rNgcyGDAtBKdKg== processed in 75ms
[2026-08-24 09:19:04] [ERROR] [cache_layer] Transaction payload payload_hash=JGfPgy8KNQvnmrIK5DwD0B2zxEQpMuha0PFvCORpA0ARN8RVlnRtw3xlmCVqpt6cbnUO4fkFZbF0MLsnonzUzw== processed in 408ms
[2026-08-24 07:41:29] [ERROR] [api_router] Transaction payload payload_hash=90rvPQHLHNiMoyqZOIF7/UaBnKmwfPRs7b9H/NnmJmNcJYrvxSmJ6B40OHFnyn5lZek7okci2VAw8Vd7/erQpw== processed in 380ms
[2026-08-24 11:06:51] [WARN] [auth_service] Transaction payload payload_hash=vLda+yojLfqM9IsnRa7BqViNTZpdpp0kJPbFd+mBbH+mSx00/vDpo5blqzgQ46UUGbkAxw/vzeVRHsUNmkAceA== processed in 112ms
[2026-08-24 09:08:54] [INFO] [db_pool] Transaction payload payload_hash=5X89CXnmVmlelOtBh/yhFrerU3cOvBUTgYq8kBkYs5jYUHp7IKUeYhQCbbPLK42aNHKRSs/K7xf3hnsPmc9eWA== processed in 333ms
[2026-08-24 07:50:06] [INFO] [api_router] Transaction payload payload_hash=rGyh6kxm2VWdgMqTVCsdPHw29g0RvwfjIyulJbdI4E4e3lQY6qth4Fnw7iiP6OYj2HKSwFEPITHewkfubRluBw== processed in 419ms
[2026-08-24 05:10:42] [ERROR] [api_router] Transaction payload payload_hash=mH7a8eupb8ld2pIbcTO6BdW5WtaZ6ro/1w7Lhxl7EPJuqr9E5VXwHoLgpeH7+0HJsQfXoXABUBuCcF48q7ik3Q== processed in 234ms
[2026-08-24 10:14:31] [WARN] [cache_layer] Transaction payload payload_hash=kkRFhlYNb1elzfzggxhAJQvvxI7DAw4wyTjunN8VAjYnIUVLU/u5uYSHpG2zJ2JH1p79hl1dvRl13/Hsqn7OJQ== processed in 270ms
[2026-08-24 03:36:15] [DEBUG] [payment_gateway] Transaction payload payload_hash=o7camaVKgmejbcrAaR/NSSIclNbFIjmxlXjbdzLJ7APNF0G9PQHi0Tat2eAr0UKD0SXXdonHwpsbjnpfmd4E1w== processed in 326ms
[2026-08-24 05:42:15] [ERROR] [payment_gateway] Transaction payload payload_hash=kKOXUYxGIi160SHfGMy7JJFZnLKwD3FElaDIqMYX33Q1ZazFEbgPW2S/8bZVRGnex5NPoJoGxrc7f1fB4aYtgA== processed in 369ms
[2026-08-24 03:48:18] [INFO] [auth_service] Transaction payload payload_hash=T6XPMfA3C9qNdCHqcIvMsBvpwGqMf/H4YFGnATl85kzgsFwF37O7y8SQFWw00aNVpJQfHnOrpl18M9j0cxQpfw== processed in 128ms
[2026-08-24 10:06:46] [ERROR] [cache_layer] Transaction payload payload_hash=UrowHChgWiwxid2GxYlzBWWVp56eJAplkoK3gpGB/4zAhKBpuG3b0sNEwls4KUALDxdpoYDC69zyGKdAeZP28A== processed in 419ms
[2026-08-24 09:33:33] [INFO] [payment_gateway] Transaction payload payload_hash=MHNobwxKHXBtjEEfe/6p3ngFX7uWSG8IfkYI96plAjJN3hLannW8vXFnddy0BZX8kDzL68yVzVRyccuIt7haUw== processed in 359ms
[2026-08-24 04:22:16] [ERROR] [db_pool] Transaction payload payload_hash=MZcVoQXypNJsirU+QAcP+EayO8MQzTdbMqq6RpipXaKS0nlWdM6pK70jkcVBRoA8gGCfoiR/LI4doRB50j2Hgg== processed in 263ms
[2026-08-24 08:09:26] [ERROR] [db_pool] Transaction payload payload_hash=bMOk+ajGXADFMzJVHXESqHshSjCiEA8SD3EVFe+BxRWzkiGTKmoqFEkrFwNQTVT0twa+jGeVkTfhCdgbA6AGuw== processed in 142ms
[2026-08-24 05:26:43] [DEBUG] [auth_service] Transaction payload payload_hash=c209h8Yza29MXUfW3ckVPQ5wJEJPiCj3HWN6POU5YCAXxxVgB91rTltTjgRGgAYQ25uvEIdHtZd7BEBmDUO9ng== processed in 84ms
[2026-08-24 04:21:42] [ERROR] [api_router] Transaction payload payload_hash=xSGbgULZwWvM+VWFTm8KXP4xaWt0VGJZSxrr1jVhVEwjmb5zdpt0N7yvowJdP0FhQSBM1kgrMhd+1lOo0Fyczw== processed in 488ms
[2026-08-24 05:33:47] [WARN] [auth_service] Transaction payload payload_hash=Zizlv9CNDKvaprYMxUVBWre39w22fMPVjXBv6ylg4XCcUc7WQi4cBvLL2aZCxlteYIrFOBWHlJ0xGRSe0sXs4Q== processed in 41ms
[2026-08-24 08:18:19] [ERROR] [auth_service] Transaction payload payload_hash=zzUtbcuwTn6CdEoNrfHw6ICU4XzVIuBmr+ely+OozKuIaA9IByf/zYOPabR89eqsEd0lA9o6juq6VMmed7u03w== processed in 409ms
[2026-08-24 06:14:32] [INFO] [api_router] Transaction payload payload_hash=i7M/kkiI16qQ/Xx362fwhXjfmerzKYSkZvDO/gXPr11uB+29BF0f0x05J1ODyeczAcALrwVPS7z/x4kqNfT/aQ== processed in 174ms
[2026-08-24 07:24:05] [WARN] [api_router] Transaction payload payload_hash=35sapPdAqNFLHqzDoqbm3+5Q6/dejpMVg+zDnSabFZVOmFjIY02AP05wLdw1JjAg5Vz+SH3o2wyCaSxFL7eVgQ== processed in 36ms
[2026-08-24 07:31:08] [ERROR] [payment_gateway] Transaction payload payload_hash=k18hPnKZELAyQ8p+7RO94lz87ILidH6wzgLIHRfCiCObICGCq3kLzFlrc3UyglA2CVjwRXEV5Xv94BpQomw+iA== processed in 165ms
[2026-08-24 07:28:02] [ERROR] [payment_gateway] Transaction payload payload_hash=0TfmRLciKGtMbPVx+OEptfcgui5nLatG8yhCVPomE7oXNb4cZAZLdJgIvPtroYtCXjsCZPWVIWST4vvDvSFOIQ== processed in 332ms
[2026-08-24 05:32:16] [WARN] [api_router] Transaction payload payload_hash=V3TW5zkUz3xXyBg47p71jY2XbX5bpwbmjroMn03CSl989iS7ca6aDEAaZRnibyIwawQgjxdjq8cnOqrmsV/2WQ== processed in 437ms
[2026-08-24 02:56:23] [DEBUG] [db_pool] Transaction payload payload_hash=jMEDBwkygxN0VvfTpo19lMEy+XdvvRIPGFNIMmrWY2B+rDSyjECicfvAj82UFtqFgaPDFVzIMXWC3LGY2KqrKw== processed in 346ms
[2026-08-24 03:28:26] [DEBUG] [auth_service] Transaction payload payload_hash=szNveiJXb0AxUqRuYlEDYxqnPBCdGisFtwvvjLHqxsmgB2aJSge2WDJAO3SHJrdOZEqTu2LPeVLH2/iTxTFl6A== processed in 320ms
[2026-08-24 06:36:57] [ERROR] [api_router] Transaction payload payload_hash=+O5pmiCxNiOstPLjVSvP8pCZ1hvU9B6Lju+Q3UHvNiQyz9WzJaCyV/ltArczXmheSDRdDjzjIQbi0Xfjd5jvqA== processed in 378ms
[2026-08-24 10:19:56] [INFO] [api_router] Transaction payload payload_hash=KB1KGUw1gl19XLRkDI1mZrAOBIJSuUfaI8Cml1B3RG0tNBWrNMIFaqh6wdqG5qV/Dtq6Q4yui5vJQZvHvd4dPQ== processed in 401ms
[2026-08-24 08:12:59] [WARN] [auth_service] Transaction payload payload_hash=c42TfckQSs3VDgATwsrpvBdRc7gdJyUeV2327b4HrBwkxIwN13kc56S53yyPZbQaQQdNT/rjMV3k1f3EFsUuNQ== processed in 58ms
[2026-08-24 04:29:01] [INFO] [api_router] Transaction payload payload_hash=oqPjJlde920fBhsbPb7Kw1XdCzFO87TYGrdi0RqdcgDl2GaGY4zvNLPohXz93b4r2ahYOHX4St5u1+K1Xuutxw== processed in 425ms
[2026-08-24 05:55:19] [INFO] [cache_layer] Transaction payload payload_hash=k5U9bIOv8JFBStgo4f3VUx654U8QnP5jp6JZcDQ4HNfaX3hxhF2vjNFTPuj+JHVstlGer/xxSGeRMfjXrk0IjQ== processed in 210ms
[2026-08-24 03:09:44] [INFO] [auth_service] Transaction payload payload_hash=JhPj4yNsye8FZ7XdDYmN5SxUfe3dnMl4OawsOjwqIp4z971oRB7LSCJQwz7HtOx+wMAET/MAd94EZn1OsdU20Q== processed in 470ms
[2026-08-24 09:29:57] [ERROR] [cache_layer] Transaction payload payload_hash=3DhsPk5vE7VRau9api4vHvQcJWj8dtIn8SHwiWkRDAJDYkD9v5FGbxtNtnwhL0wfoB6SR1NGxNfGjNvB9Ukomg== processed in 472ms
[2026-08-24 10:52:30] [ERROR] [payment_gateway] Transaction payload payload_hash=dknWrQxoddOwWxai+sLf7CvGnZQcpv9fF/QrO/O+VZ5UFdi19xfHNwq4nfMEe1AGdt3LKIObcqyHJy9rjpbjMQ== processed in 132ms
[2026-08-24 03:54:04] [WARN] [payment_gateway] Transaction payload payload_hash=GAATdDey+N2c7EWSRL2DF9ZCSKj1LNj7vu6DuDFqS6paZSNyhuXCdN2JV8fGJr4UMU5fjF22pSQm7FvgmPJF2w== processed in 477ms
[2026-08-24 09:40:16] [ERROR] [cache_layer] Transaction payload payload_hash=i/dgnqbY8rtJvVE0RxoTzlS1c5PE5n0w7oWF3vSyhMn1PvuO5Jn4dEp7cRvd92XX9yuCtCZif0ZJsuxxZYCiCg== processed in 383ms
[2026-08-24 02:54:28] [DEBUG] [auth_service] Transaction payload payload_hash=QfzoFkLxJ2x45oBoEBInprFUQ43bSSCuyUUyB/+3EJm/NbL9P63SsWQRgBeioONWwREsk7YnilHU6/p8VVMpwQ== processed in 309ms
[2026-08-24 03:57:29] [DEBUG] [db_pool] Transaction payload payload_hash=AbgqbaLo9UY3ETGofIH+tmw5ZFj2/hCvEUvja+lmlwr3ynaho9/pFpQi0ZBE7Xc1nrLEIhS9bEGJGIjT3OlEnQ== processed in 94ms
[2026-08-24 08:29:50] [WARN] [api_router] Transaction payload payload_hash=Nh0boCLe1w9yiv0kTWYrXo8JT0+O9lDc1XlEYf/mqZrLdqhfCri1PL1tPxE6yqYydBrwHApK5UVUq2CxGyDsFQ== processed in 314ms
[2026-08-24 09:11:43] [DEBUG] [auth_service] Transaction payload payload_hash=jhU8TU3TllllqqMyiJwygoaAXfux1JNbE3wnmFmOYXX7b2AuzbpDFmXhSE1B+B4bX/ZnOUGx3Z3FwEHc7E4DkQ== processed in 139ms
[2026-08-24 04:47:08] [WARN] [db_pool] Transaction payload payload_hash=mnBPkHSNfbJNjnCRLPccHJ0oyq4KRRnXkwwP864heBMz5S5CRp/tfyCd88gJtL7k7++SakCtD2Sd6awB+pSHUw== processed in 347ms
[2026-08-24 07:56:31] [ERROR] [payment_gateway] Transaction payload payload_hash=ZqBAhFvvgr/4Y5rImIVvwuF5rXbFf5FB1IOUt5B0vlD5WEV/HhwG0ErZuG1rfFMviFBuA/xMEgBEHB9Bkcq6VA== processed in 292ms
[2026-08-24 10:08:16] [DEBUG] [api_router] Transaction payload payload_hash=nVE90ptDen4GPR+14z2BIMGyECaeQC1q6h6IrERQYm4L9niHx/CngIgJdU/4COVDSgX/JD/YWff27Sx+F5zSlw== processed in 159ms
[2026-08-24 07:26:56] [ERROR] [auth_service] Transaction payload payload_hash=yUI7UpKcTFtV9otOM7Q4K5cLEVjVHpCiHjMzppiSjrkjF2huiaGeAtQkOHuBxJ/BRy40Lb65ApYAiuV59vbP6w== processed in 442ms
[2026-08-24 08:04:34] [INFO] [payment_gateway] Transaction payload payload_hash=WsKeOX2+xQ5poDbAMkzTIQ0NINACiJ0bQb9kZN51vJ08Ql54j0MRvYPAZcNIkIGcTQd0zZB7ohH04MlbBCmc3g== processed in 121ms
[2026-08-24 06:31:59] [INFO] [cache_layer] Transaction payload payload_hash=7sTDntB26IBIWuEhxSJp1WJjKo3qsK+kaiblh5iReOM+oYX2FKo2+v5C2xImRnqA3AzSayms/ZbckkjDqWbbPg== processed in 135ms
[2026-08-24 11:13:54] [ERROR] [api_router] Transaction payload payload_hash=U0O365+HoCUkeZNZQs3gBo2iCp1mvTt66eQpCzGsrbxeAaeOVXkYHV3LOpPp1HheybWVzz71cMqK1mm65k1L7w== processed in 485ms
[2026-08-24 02:49:05] [INFO] [payment_gateway] Transaction payload payload_hash=/p3FQI+Ys10R+yDU/TRf1/hRIn++5H1IUoQL/WQB8FaKwZzh0bzeKKRAhdJbu12qn7zITUu03zvztewQ5nDjFg== processed in 410ms
[2026-08-24 09:09:52] [WARN] [cache_layer] Transaction payload payload_hash=uCulkEOYbqYCDqLwH6iIvb+EIVBjMQH8kkRPa1d+v2NYTTJaRG113YAEK9VOXSMxlrs1QgaF7E/RfftJV4ndVg== processed in 493ms
[2026-08-24 10:58:42] [DEBUG] [cache_layer] Transaction payload payload_hash=Nl/67RuXyzt7RtuaFNs6HZrrZoNHU+s1y9eS08fjmad4u/OwMNg9bfbYb31VdCNXudKOLHWSlPZht93i1PBgAQ== processed in 240ms
[2026-08-24 03:29:46] [INFO] [cache_layer] Transaction payload payload_hash=iUbkUPo/3SuSi9jY13eDZK4uR0wC4q2vi3sXEbBSzMjOPN/en6TMBILOtqwrUtHlG0sJbSQuDf79wmK6BTIwpw== processed in 146ms
[2026-08-24 09:02:10] [ERROR] [api_router] Transaction payload payload_hash=tf67nvWYbz7qADS/R0lK7RAiZBVLL9YRMyvcUtbiR7Vc1C3bLUvbqAJDKjIYJDy5FTBrTnOLmkEBiM4FUt7u/w== processed in 74ms
[2026-08-24 02:42:23] [DEBUG] [cache_layer] Transaction payload payload_hash=QYOSD81NiU6jZZ3/mpb99AZ1Nb9DXIPavB+vTyz1F48NXBp8o85m9iSOqFfQa4mSWC44DDt00CRVZ3VCEJxtgQ== processed in 120ms
[2026-08-24 09:59:59] [ERROR] [cache_layer] Transaction payload payload_hash=pUS8fzYgXhv75yCJmpe0y68LGDXSaW5EqXcw1Cup6JxrfR6Gn6qHIvw/OyNqyGyvjRqMbnzV632OMH5gYoVYig== processed in 237ms
[2026-08-24 11:06:18] [ERROR] [api_router] Transaction payload payload_hash=8morLTrktPmzqwfIg+WuzraP7d8D4iVGlezibTQb2iYTi7ZXIQXVTxgEHbcs3ZMciT9zB2eVIAMVvPxphX3GJw== processed in 450ms
[2026-08-24 08:34:31] [INFO] [auth_service] Transaction payload payload_hash=wUSW6KBJtxB3piWi4iIL1IDlfSE5vcG4zJJuKpHPtReD2bBaa09lb3OnMYkQ9NCXWy6ZbC5uVIQvpPFE1/0SaQ== processed in 297ms
[2026-08-24 08:02:25] [WARN] [api_router] Transaction payload payload_hash=P5OYUjnTDMadpPfINhDGpP7e8Ofn1U9IMKuau1XrYZFm9vYM2WNpNmZPmd4+a7pa2y/6zDR1TiP8YepcSk21qw== processed in 478ms
[2026-08-24 03:17:05] [WARN] [api_router] Transaction payload payload_hash=xKWqISWOV928SDtMpSIZxXGbjFSFm6o2vTrkke9YBlFP7cn3PkOujFpizeKOJMUtVQb2HrS/pSzE2d7xIn9HAQ== processed in 151ms
[2026-08-24 10:35:06] [ERROR] [db_pool] Transaction payload payload_hash=EgzVnAKpgYcm4FbHEBHgOchgU4eaGSThW9B7M0m08B/BimdwIyOpvwGgVELbhdvaZaYiQPjqFv9q8XG9EKg/og== processed in 33ms
[2026-08-24 03:46:10] [WARN] [api_router] Transaction payload payload_hash=oqupJBrAN6wDBQfB/8J2Gqdkz7wNfTtBi8xLOczndbTjX0Ztaw7NcD7jQqbo0ahp0vwugvTrwMxbecoyRe83Ow== processed in 267ms
[2026-08-24 10:13:10] [DEBUG] [auth_service] Transaction payload payload_hash=3j3gr+3FUgq9sg8nVetwfo9fEIMWhC0yIejpVwAEl8ItUnJemwhz0jjVTdGJ62cHQEKehiIDKsra1UfyqHOImw== processed in 176ms
[2026-08-24 05:47:40] [DEBUG] [db_pool] Transaction payload payload_hash=iDBHuupXQNS5tkRG7dsNGq5UpN0beYjDzQ7L0Uqo2p2+vaLL5PR4Jl/4cmyZLr0b69Aa6pp6dcEF8/zSUDa6bw== processed in 260ms
[2026-08-24 04:56:38] [INFO] [payment_gateway] Transaction payload payload_hash=SlwcdjDgj6qPp2qrtj3t5gWY7mYkwzmW9qgT3AewQ0c69/ehymKeeFXZnazt0XCXJjrNtvaVUtHMwUgsFxwxEA== processed in 222ms
[2026-08-24 02:49:36] [ERROR] [payment_gateway] Transaction payload payload_hash=dYkEatx0y/ybUv/K5ZtFET/+fhDr9m2ju/JjBWGPncxBf1SFwyvzLOjPYeIObU/lxz7ZBtk2zGv00zlIfwHkFg== processed in 226ms
[2026-08-24 05:11:31] [INFO] [api_router] Transaction payload payload_hash=bIdc3RkVfSPcGVk22NYKIsxLIT+EGyWBjXTHVndEdr7UhoAsDQd5uricOsfsAqWytKWn7hYaURiWMN8IhDmBdQ== processed in 363ms
[2026-08-24 07:32:31] [ERROR] [cache_layer] Transaction payload payload_hash=vWyVZg8jSUhBaUbP6hXExywIIbi30FQGonohXUF59COtZ7VoRdSN5wATKu26o0sNE/tqSzCgTPH9EMaGiZPJ1w== processed in 295ms
[2026-08-24 10:04:07] [WARN] [db_pool] Transaction payload payload_hash=ONZi8fC5fYyt+TwM1g8qA9bpsQsN2Az/ZNnHIvoOaWUVCiZcugMZMXFHBIJ5giFRq9DE7dKqkYT93hnOcffJKA== processed in 145ms
[2026-08-24 03:50:38] [WARN] [auth_service] Transaction payload payload_hash=qhDS2o3htQnlBmw6l/ieFOKrh/ZbgIAu0+i9reSApjtGyIBuOsGPn4IDJTiCy5eHzY4o3xyrw5/IvheKW0Z0hg== processed in 446ms
[2026-08-24 10:47:10] [ERROR] [cache_layer] Transaction payload payload_hash=P6x8kg5qpCGQcBtrsYHIWH8olnNJFmnAr4HiXj70hRfxvPJiRaEe7+HHtVBhzp9w9cWXqEwakXgugTZfZjsmRw== processed in 102ms
[2026-08-24 07:14:59] [INFO] [cache_layer] Transaction payload payload_hash=V0kqxG5eZuXTMacI0rTP08ubcxIGzYW82HZrviUwxSUZ40aDMTPV32Y4JnnvMxarkkqkH+Tfja4yX/czUFfs9A== processed in 337ms
[2026-08-24 02:45:33] [WARN] [db_pool] Transaction payload payload_hash=v90Rm1YmapmA8Fe9bC4cZ6BcihM1Ooq56QaokXw8LqX+IOa0nscMbm5KYMIYc+alLPfi+8O5O3QlCPWn8gPazg== processed in 225ms
[2026-08-24 05:16:39] [WARN] [payment_gateway] Transaction payload payload_hash=wk+kXyVfmYO9UYBvh+VGOxyyWAXkYfrbUAB+1WMiwt355UCXbhO+P6bbxscvTIM8xOAFK+EyzL79zS0ZPeSIlA== processed in 81ms
[2026-08-24 05:08:00] [INFO] [auth_service] Transaction payload payload_hash=qDCbP0bQbxw74+sbYo2SuB2BBhTmwutRK64rzGXq5C8nqWBa6PYlCt5ij3wJyvtKn+X4jJh4DL3GF4WkKPz18w== processed in 153ms
[2026-08-24 10:52:08] [INFO] [payment_gateway] Transaction payload payload_hash=Y6ccZate+TGuZ9Iu8FrockxEcbF+rS7gWNAItoA4VsbprcMV02lqsRr6GMYSEC8leR2r5xW1Uf1j/MqlvSBFmA== processed in 486ms
[2026-08-24 03:26:42] [ERROR] [cache_layer] Transaction payload payload_hash=jl/OwNHTIK4zBPiCWmL5ki6esaJxOxkCfKvyuc7vZha6cSkKONEGtKmXe8Y8gXNo0elySxc861u7vDtdzq5OpA== processed in 418ms
[2026-08-24 02:58:22] [DEBUG] [cache_layer] Transaction payload payload_hash=WGwc5jwaSfZVFBeyr1mFFOdj/gzo75QtwMAZ3yqHSC1OVwtscg3W4C0XI67NCr2kYS6rOJjhad78mFDyZk0E9w== processed in 196ms
[2026-08-24 10:11:07] [WARN] [db_pool] Transaction payload payload_hash=RQsJ79H3wzf+LcFRhRFjMttIJbIP+/51LZRzVw+qjvZKeixA5+xwP9Fl5NS0ok4YxAZs1h+BWV7jKfn/Ya50+A== processed in 52ms
[2026-08-24 08:33:27] [INFO] [db_pool] Transaction payload payload_hash=QMsghStPs3an/DNRm+kIxUy2O0WCJNrd1F0f6F4UjUEovZblngHXx2vn6MFxAzomycr8YPOaxaMQLTWF1/Nqvw== processed in 420ms
[2026-08-24 09:22:16] [DEBUG] [payment_gateway] Transaction payload payload_hash=01aaToum9MbTrUVY0/B2vZMU7oSkAIGnFh7oz/tEcC+/ZiecbR2nQcEnOExYL6xR11FZNbjvF16cXqXPH2CGYg== processed in 308ms
[2026-08-24 09:35:42] [DEBUG] [api_router] Transaction payload payload_hash=AV7AwvRhctukxIj+fOT4mR4Gbcqa5Ycs+zJNOcAJue5vCBb8AqKMXn8/b79eu8EyQwq5jkkCQBtpgq9No5Jh9g== processed in 391ms
[2026-08-24 03:01:13] [ERROR] [auth_service] Transaction payload payload_hash=y3B1QWtXL5ZhbSrUby0rGy7Dk3DFBQ/3FV8qU6h0Mb2WbrhuTCGx8NMEurNPlq8Y6sYAFGXRfOBkADTFY64q2A== processed in 79ms
[2026-08-24 10:03:05] [WARN] [db_pool] Transaction payload payload_hash=zb18vTevVFZr+948h/K05A1vuD/zog0NNJTwLT+AdU2y+8StkY8yQzBo5q5TAzsAJUCZam2McAramrl5zDM3CQ== processed in 287ms
[2026-08-24 04:12:48] [WARN] [cache_layer] Transaction payload payload_hash=Yr/b7azJY4CNa6N6XBTCuunLzVa1OtoQtgMqrC6hjxErgRRz8JCfTlU924BP3axYupRmkJpNyDXHxZ8V6sR6Sg== processed in 455ms
[2026-08-24 08:53:40] [ERROR] [payment_gateway] Transaction payload payload_hash=3u2D3lJ7mO1l+3h31VAiADt+KAcQsG4rHe68KrzA9Tqyot3uio97AEmm3SZTnDK3RXNASBAjd7YjSoIHrMWiyQ== processed in 311ms
[2026-08-24 07:03:17] [ERROR] [db_pool] Transaction payload payload_hash=0mkUXck2LUYF5/QEI2T/GsmcfjHDATtT9/zIoKJM8KE1jlu33h5RPJZYTN//L7B5D15/PYs1A/vqfuLp0vjwug== processed in 478ms
[2026-08-24 05:23:37] [WARN] [payment_gateway] Transaction payload payload_hash=m1Cv/mpbqAHZgAlIOxkYOhRtpUVeMUnV1IzXOAuYbOiFmsJX/ozWJ1LqcHb5KJ1seMbCRy2HKKJPiZ9rBHFf9w== processed in 497ms
[2026-08-24 10:17:14] [INFO] [cache_layer] Transaction payload payload_hash=48ge6ePQB0uIU57hTNvSlnZQnybXdvksf9sAPY7rmvZAo5cZu8b1VYEasou/dbGFVDYgvw44SC17r0TGG0hnug== processed in 78ms
[2026-08-24 08:38:46] [WARN] [auth_service] Transaction payload payload_hash=uIHotS5XiiuQHOV9YmhaqvX3/XQa9BYGHACBAbqTp3Z+k4mpHetU3PN8YEahTR7m3EV3UyWMwLEeKJbBsyCeGg== processed in 63ms
[2026-08-24 05:08:09] [ERROR] [db_pool] Transaction payload payload_hash=9b6Mw7K6bx2pSixMU/uAlZ9vGZga96afDNMi2fZxdViCWyO5sOUee0Uf8u8bTdZr3q2ZMpRyO6baIhjv03S1jQ== processed in 225ms
[2026-08-24 03:52:31] [INFO] [api_router] Transaction payload payload_hash=hxWuonjdsjeUcN6dg5S9P8AN+Brh0waFD8WbtHeYqRKGFM6mlnQzQguoKbp32pKOUYZEtnRDs1iE0qX38nevZg== processed in 154ms
[2026-08-24 05:30:04] [DEBUG] [api_router] Transaction payload payload_hash=pWWg/lFThgIXgrrLGQ4WrPs6tF7vfubBdLP9XZxO5tdD5axbzx183yzhXO25ZnWCr4apjUmB1w9LikbSi/gwJQ== processed in 153ms
[2026-08-24 06:14:17] [WARN] [db_pool] Transaction payload payload_hash=6COaEizo7rxxkd/gwTc7cAk/rtafZpdpV0dAOHrYe7SGbbztOVjoR9SrTMIxXLCLeM4S0tsof8cSW8P9ZOBkkw== processed in 20ms
[2026-08-24 08:17:55] [DEBUG] [db_pool] Transaction payload payload_hash=GS4nuXJPC042Zx8E+sNmKlApG8aaPoyN7MYt9FZFvCXvB0X2aMX6BCswEZQm3H6Wa5zdERlHnC4651A56EldQg== processed in 36ms
[2026-08-24 05:32:08] [DEBUG] [api_router] Transaction payload payload_hash=eOEYoay9yviD7BG3ZWcDQu9U6SZzqTMaPIJdeNmJoJ5mORI0L3Bil2qEUYZJc9dbLk/SYbY+iOVkS++rkNwCUQ== processed in 80ms
[2026-08-24 04:38:06] [WARN] [auth_service] Transaction payload payload_hash=/2qjU5Hg94dzmwZCrmlMer9KYqLbXtqOj/2itMCl/Sz94I+9+imEU3StcBCRD/uSCrb5wfCktGeTxusGj0rZRA== processed in 323ms
[2026-08-24 03:53:05] [WARN] [api_router] Transaction payload payload_hash=8BlCyhahhUB6oeTrEp54Zx4RUGBuwQ0CNcgJOumelOAQjiin4oXu+cNrKyDIE/Dud1L8hwx19YEVKK1MzCBy/g== processed in 61ms
[2026-08-24 08:09:51] [WARN] [cache_layer] Transaction payload payload_hash=UBDj9ytC9t38jDAOFmAzVJpy4UN1xoD1/s0xKlngammiV7stHEr7CRdjs6MCztn43hDvRlmlyJkP32sjZxQFmw== processed in 413ms
[2026-08-24 10:50:10] [INFO] [auth_service] Transaction payload payload_hash=c5kuDREvxPVbqAznnuObLB8rpkBHbeBjvnAbgKRA2H3s9+WIAIUDwqxfWgJUKTuIvuNTDNRoRplmFty6vZ5sRw== processed in 470ms
[2026-08-24 09:16:16] [WARN] [db_pool] Transaction payload payload_hash=b4SkPw4ZL0DS0gGw8N91jAzM02NLnfVbNc/glePgWIdY52oGOvFm0N9YyhZqQ3R+VBKPlGmr4L+z12ZxeQIwNQ== processed in 404ms
[2026-08-24 06:24:45] [WARN] [cache_layer] Transaction payload payload_hash=nZSxV6Fi6rE9m8jMRrx8plNuvzS0xBNFgauqySs96JMcl7ixspI+NCILy4McPklsn237uxPYy0g/B7rR4AsOdw== processed in 23ms
[2026-08-24 08:55:49] [ERROR] [auth_service] Transaction payload payload_hash=7kgg3Gfd8Lf0K7NABN0ggyYnYYG1eKEVCHwZJA4zVY7TRmlzUNBtYUn7nZmsdU5NQKLh2s3lZZv0R1rZ2x9vUg== processed in 110ms
[2026-08-24 06:23:31] [WARN] [db_pool] Transaction payload payload_hash=0apzE8KcVOfgjgOBvcWmz5HNNN3nP6XlMdYksg0FylrzYBj8hf/uwNbkUAt5bKlsI1CIIjiyq1jC5+rQ624vrQ== processed in 234ms
[2026-08-24 05:55:59] [ERROR] [api_router] Transaction payload payload_hash=9/jyeoDuby5MXGSFzduMhZ8aUd+8xWUuVxHaKR/l/Lw33Be/XMvjW+892eaeYaX4f6yKJ+dYawc6tOiIUUrotw== processed in 444ms
[2026-08-24 02:31:22] [WARN] [cache_layer] Transaction payload payload_hash=MidP9BM6QNFDyO4t7JTfwxhAL7md3E870ICgCEB8apTp/TN3ItvH4DW2lejl6eHDfyVLXr2PXe9zNFg1rpf6nA== processed in 446ms
[2026-08-24 08:16:23] [WARN] [db_pool] Transaction payload payload_hash=FV6/QqcML4wfFFMij+jdDwdvXUQEcfbsKkARMyS/3YHsTJjeWAt5CVIp8lRLQk/LUpnwgNqCNJ/uIivwQXvRig== processed in 178ms
[2026-08-24 08:22:28] [ERROR] [api_router] Transaction payload payload_hash=vuMY4cJw9YOe5MfK6cXLIfpL7g5PgoO1+k0kO+vdjkVa88XH7yrr7K1SzCGEWw3NpB6GOcNWlau9Y6SktTvzVg== processed in 228ms
[2026-08-24 06:50:53] [INFO] [payment_gateway] Transaction payload payload_hash=0uhA/KRtXLkEJiyr4JlTJ2zdabr7av33FcrJuOC6s23IhixnbQkNZ+mKW04JqLbQMVH5RyolFekkEwN+nSaArA== processed in 494ms
[2026-08-24 04:27:53] [INFO] [api_router] Transaction payload payload_hash=NbSedE2IfkUeRgeLAxa6aRHCkZo5scJQ8zXaBVxRvu21TB62Yxa5fiTPv08Q9pTe/zlW1qje4NoDpE1m9Td/bg== processed in 224ms
[2026-08-24 06:04:52] [ERROR] [db_pool] Transaction payload payload_hash=as0CF5lYY3ksSKruPAbYpiNkxvDz+crJk5m7vVnlShXaRQY4VmZMoWjv8cpMuhkj0yae07e7lxJFcWC3S3ZDWw== processed in 446ms
[2026-08-24 09:22:58] [DEBUG] [api_router] Transaction payload payload_hash=c0RQjEvgDXof9pEHDRBSBTv6KEc83w6WTgkCbxpskL0Dln01sKL3k7Hz9MxP8qGJQMCOcGBbouUhb/0Bnq06Xw== processed in 185ms
[2026-08-24 06:54:41] [ERROR] [db_pool] Transaction payload payload_hash=b+hWsm3IWjTEYmZA5d0vGp0ql5Pc3A3UZi7ZKgMNIACZ4RT5W93IS7Mo6xxX5SWzXOsdwBFDCie2zLfmkvOxmg== processed in 388ms
[2026-08-24 06:10:00] [WARN] [payment_gateway] Transaction payload payload_hash=QumrIyIidocr4lQMtRwd1McSfFJyfSKCgvqA1mL9ljSWCPx/cNzN996pq0hfxJk/Zikyey3Zgm/5z6UXUNiBmw== processed in 330ms
[2026-08-24 03:08:11] [DEBUG] [auth_service] Transaction payload payload_hash=fjp2fFe7chGUjr/ShjCue8njeLV9ieiXWVzjpiD9J0n6eTyeUb/E4MhTpqK9mC07s6tYVrfFVaHSJwJeqZ47EQ== processed in 9ms
[2026-08-24 03:50:28] [WARN] [api_router] Transaction payload payload_hash=sB8eUWOEvTVB09F4GSU4LrEJTa2tLFSFmqkIS/mm8yIMfVIuwLlrsU02VLQXidUQ/kvxrxSU3r0BMlevz42Znw== processed in 303ms
[2026-08-24 04:59:34] [ERROR] [auth_service] Transaction payload payload_hash=ASw8VYiaRZvFHWsXxgx94XoptqOEwI+5GQ9iZz6JsOOWNWMcs+YZuxnvIHQ+d6W4yr62j3rpJUtUAMofcdHqrw== processed in 348ms
[2026-08-24 08:36:52] [DEBUG] [auth_service] Transaction payload payload_hash=KU3GttVCaeQCxXhMqCZRB91j2gkyk5UcpiEF//fgRR732JhS3W4qaEnddVcqvbDBalaJUgbT+MDBEk2Cl2opcA== processed in 412ms
[2026-08-24 11:19:12] [DEBUG] [api_router] Transaction payload payload_hash=e4m0vZFfLSOpBh5PZmI6xGh6O2xpP2aTLgoHo75tM6ZLPYSUf7KnWAMUPbCLn5FHZ85EadJzMh9OTulYO5E+qQ== processed in 412ms
[2026-08-24 03:30:27] [WARN] [cache_layer] Transaction payload payload_hash=BGN0lvLnL4xEDQXmV/ygZuMunluPQ+f9rQ3idFUTBk24tkupYfi1ZDYRpYtYfI0yUA6Q9q5T8CAWtEr3c9iC0Q== processed in 477ms
[2026-08-24 07:34:15] [DEBUG] [db_pool] Transaction payload payload_hash=2rYjH+UlgLct+XqHqB1K9N9nav3W8cX0rq6nxlexk8rqNQDSFmM1tDDsRZ/OrtepqL0xoskFH+dyRqit+VQS0w== processed in 477ms
[2026-08-24 10:56:01] [INFO] [db_pool] Transaction payload payload_hash=9Vw20EPoPW8o94jHj85EnvYUo060Hp2jtfrGmdjDrhQMduC7K4xkhNoI3NqERLGASIipnpIjHVdL4PNLud0bYQ== processed in 237ms
[2026-08-24 05:03:57] [INFO] [payment_gateway] Transaction payload payload_hash=ji1N9rDjalqfCFBsDKVpxPSi6WgXaYjvJhPfM29TMMcB4Q8yAgxoPbNKaw13LlA5PqxG/cFGDBXe5VOE3RzK2Q== processed in 334ms
[2026-08-24 07:53:11] [ERROR] [auth_service] Transaction payload payload_hash=CH0IJU5dt2yHbEAP8tAFtlvTNmTvFcTGQBXkBu0L9oTEFP13HHo8xV6fJTMDWXiuSESmZdClZVdZTM4kucScyg== processed in 331ms
[2026-08-24 07:39:35] [INFO] [api_router] Transaction payload payload_hash=/uK+36BLYqwAgYoYVej+PVjSuCWjo8jXZ4kURGvJ5Jw3dAb7D1gSA/Q2eYtYTh3DDbOPVt6S4QtgDP/F0Y+zFw== processed in 244ms
[2026-08-24 05:42:35] [DEBUG] [api_router] Transaction payload payload_hash=02A2+V5/hE2j9N1+ZuqDLqJGeQBCrMssD+GP76wac2ch5C8pvJUoH36AX57BddyvueysSdPFnLHpaFB1Rnj23g== processed in 213ms
[2026-08-24 02:40:28] [WARN] [payment_gateway] Transaction payload payload_hash=6lRufpU34eCHpobs9aJMZtQm+0dU5XyLOXFWoCnIOxbr17lSAAhefAmikyKcPyCUVTMzGMq1LPb+9GUrbB0CHQ== processed in 46ms
[2026-08-24 04:06:58] [INFO] [auth_service] Transaction payload payload_hash=LgfFDWDD/4MHZYvGwg+lKoGlrDaoheU9CcaEDPDK7qxzSALalBre+dswtOmFJwLeM57QKHe7fDv5bBrrMctOcw== processed in 28ms
[2026-08-24 07:19:19] [INFO] [cache_layer] Transaction payload payload_hash=dqQAhEmARBy8JgFLEtqfv7QtgReS1Nd0hWo+kFQQZGeqBxfCZxJ5MDIwhieyIRIrcGJuBT1wTI11DzrzbIVDDw== processed in 127ms
[2026-08-24 05:09:54] [DEBUG] [payment_gateway] Transaction payload payload_hash=PP+ADwC90ugdc9/DZFziJoKYGIicdwBEWLWiwchMZNaNjDD0V5px+StXX5YsAHzzPfP4uH1SPUcSc14U+NiQ0Q== processed in 0ms
[2026-08-24 09:35:31] [WARN] [db_pool] Transaction payload payload_hash=XRaAq3niHgQJENDJW0gzkeGoAUBHNw3tbMs40P4wgCU/URGZWEUUJAqJoloVHJumj8RqCnlIGE7yE/RpevG0aQ== processed in 491ms
[2026-08-24 05:55:05] [WARN] [cache_layer] Transaction payload payload_hash=9DEytt50tHFckUT6gKDgDlo0Zdh/qeUdxY3kaJNdB9k5ZebmbciAjjCeVN0aQiPZuzAk74QdFeyfyfcMbMgOfQ== processed in 60ms
[2026-08-24 04:27:11] [DEBUG] [cache_layer] Transaction payload payload_hash=dkoDm/tZid86ybmgRgi3j7xDAZW7s1t8DtXjZpkW0gu6gbP5KrnrCf5CY651raxCa87r7EU9DfwcunFB0nkCnw== processed in 308ms
[2026-08-24 08:58:07] [DEBUG] [cache_layer] Transaction payload payload_hash=m1+6t/oBE+xErVUhT+kcSBh2Xz9y7JMJLSgI8gZLM5RpKBh7YgtmkyzkN24+e8+Bs5w215Km7F9rfPwAWzTroQ== processed in 94ms
[2026-08-24 10:49:35] [WARN] [db_pool] Transaction payload payload_hash=qTObw4h3jjzxjw7Dt362etwF6MeqSwW4sR3TXEEY7JTv6WhbB1telZFKWbRIQprY21yFqM61GW4MGEFXUMUBuQ== processed in 28ms
[2026-08-24 05:36:56] [WARN] [cache_layer] Transaction payload payload_hash=f/7dl9qFiw7IDVtYygRKRHnDge6OoCuF5TfnlFYHUcjlozoEhs7iWRuMZ4Q6qeAH+SxXfxTd4DTBo40TGXn42g== processed in 39ms
[2026-08-24 04:32:08] [DEBUG] [db_pool] Transaction payload payload_hash=0DqH1MXYDmA9Z0wwk/YSl4L3zGe9+RFG2sHf/v3ksQgYwyfm8vCIOqZg919N32i9zQdERIfdeMey3+Bu2TwKaQ== processed in 405ms
[2026-08-24 11:10:39] [ERROR] [db_pool] Transaction payload payload_hash=l5pwW12hOF4kCWUXUrd596mRNyd0ZlR8FFfvGAv4ZWkk5uzN2MIXI3jvBv+ixOgp9Jqf75eVBoE4tDcsLQ65Pg== processed in 83ms
[2026-08-24 06:21:51] [DEBUG] [db_pool] Transaction payload payload_hash=tspCwRD+1qUmuAUet2aHOduS6qzaXTDm1m5qTizEulIPmPI/2rgvqqUnGcHKqMDSgP2LJFH3ZQGwvjxaUB6nzA== processed in 13ms
[2026-08-24 10:26:09] [DEBUG] [cache_layer] Transaction payload payload_hash=mq8BIHNVCsaAHY76PhVUxDH76V1cjTzn06ULDSU4ZYzd2AX2unbn9cuPkavcP6jgYM2Woy1OokPbhJyad3k+4g== processed in 269ms
[2026-08-24 05:28:49] [INFO] [cache_layer] Transaction payload payload_hash=hdJSA3yEr5db+l4OE8aq4EmcgEv+TNalCQSRpbBjUlJIXHiEOV1xrivKe5CYsmXn4dZHZGjExQKbhLwf72KhTw== processed in 60ms
[2026-08-24 04:11:15] [DEBUG] [payment_gateway] Transaction payload payload_hash=E3GyeEJRoASBDN5tzoc1u4dM1QaQZ570MdIAqmgoH2lLOnUAacyMf0+wfjtifL5FeIhsGT0qaKLDddImOSoVFA== processed in 370ms
[2026-08-24 03:15:58] [ERROR] [api_router] Transaction payload payload_hash=dSXhLt/jT2wsosE+pp1n5b3q6a7xig8qni0okZnokUPRfljH7K+YD8dSFuAJWCXW0JYNbzZdFEMqoTCFS+Yryw== processed in 4ms
[2026-08-24 07:16:57] [INFO] [payment_gateway] Transaction payload payload_hash=vxFrdt2ni9zXWRhn+QgyZvOaZ1MYyNC6BaOEhmh2IgwnM7b0blsQV4zGvwltWIu7qgLUI5Uc2ZKHIK07U8oz0A== processed in 294ms
[2026-08-24 08:06:17] [INFO] [auth_service] Transaction payload payload_hash=v57cnxPFh7/SvGIUtDSAMJ97xjYc3pMuHbic7udxChvwx/+l94q8DGpL54arac2MDFz/w9gVjqTTGx8QqfLuYQ== processed in 335ms
[2026-08-24 04:12:51] [INFO] [api_router] Transaction payload payload_hash=vVb69EbJC9bQiO1rg0CibXZwCk8moW7JHSgApsAyrEWk03jFrm4/tr4yzhrrJ9gY5zSXeLJFL4hDBozHklBp4Q== processed in 30ms
[2026-08-24 06:38:50] [WARN] [api_router] Transaction payload payload_hash=rAsin/J7/nrFs8b+UxkJyMVnzXiY1aYdN4GUChkSqqiRQtvwD+4jh5yuYRVK/OcIkZEikelcKV6J0gL/cryRRw== processed in 67ms
[2026-08-24 09:47:05] [INFO] [api_router] Transaction payload payload_hash=ltcyovzvHjRIlml7OZTWIkY4fjR5h2KRWNkpu25GhUCo6pYX666WECXCe1tIN7zoS5sNU9JrQY4ChQ6YHGVK0Q== processed in 288ms
[2026-08-24 04:08:14] [ERROR] [payment_gateway] Transaction payload payload_hash=41aiiIYaOEFGFF1eU3gJOMEkzmoHCmUTKsBhmUL5alRtuV0sTbGq1tjKaiEKxCr7peQ1vSWOh4XDq3wAKLPCBA== processed in 252ms
[2026-08-24 03:56:19] [ERROR] [db_pool] Transaction payload payload_hash=kg4khnz0lQne6TIoDleaFBWi3hOS1vWBt68xChcON5925BKpqGvxvTIV8djPaomnZjobK1iTf5+vP/AzEqPpaw== processed in 387ms
[2026-08-24 02:56:55] [ERROR] [auth_service] Transaction payload payload_hash=bBhQyK66JMFwJP6TRyCPZj1IkjEMVeFf9ycXvV/gW6mXrmqeJtkSVadH5yLRYMwoU+k8Jmt8eKypTv8pUdv6qQ== processed in 85ms
[2026-08-24 07:22:10] [ERROR] [cache_layer] Transaction payload payload_hash=30KwBL0R6VDDIl9C8xuHBpJ+GJ34VMG/x3bAyHH9jaS8ucWV3W7GnRWLjV8ftvTMafCYqWWaO5d4guQXW4/EXw== processed in 162ms
[2026-08-24 05:15:55] [DEBUG] [api_router] Transaction payload payload_hash=NHZ5QHEtwXdedLprNKRB9qfjGrTTdOqullXsqEH2dgTmj6mJbrrUBOltMS2NyH65AvW6dboNkjgMX/E8aQx/oQ== processed in 456ms
[2026-08-24 08:43:14] [WARN] [auth_service] Transaction payload payload_hash=mwe24sttrboDnBxNwN1EkdyTP/J+ApXcOzP+REZGaVS8ZQD6afz0TQgW+/u9y/FtEglASMCNLwCYCuvnWCkitQ== processed in 380ms
[2026-08-24 08:32:43] [INFO] [payment_gateway] Transaction payload payload_hash=sfHd3obTOXmlIYLblZcQpVReYvCOlBmxICkKgt0wqBS6fn/5d7MY14FwKQ3nmg3FxOuZE4UVFAWucOkxn02xwg== processed in 347ms
[2026-08-24 03:37:18] [INFO] [payment_gateway] Transaction payload payload_hash=m4CL5MOHma0DlkYAXZyav2/h+e9YlRFog0U/wl5/bv03j5IIjMO+lhbEZWA4tVb+pkqV9+i9pVUSg/LQlAVHsA== processed in 73ms
[2026-08-24 06:15:52] [DEBUG] [payment_gateway] Transaction payload payload_hash=aFLxTzWoRnj7H4e+DFCrfPPyd83/6Utvs9K1qUxGKrOxWb3AW7wt8CKcTY2fc1AXQhlwxJ0M7UIgjek7I6Cw9Q== processed in 414ms
[2026-08-24 02:31:26] [WARN] [auth_service] Transaction payload payload_hash=ZQb+JqwKa+2rvLqeZdfGa2mlplvCwI8kPsalP7Eo/l2Df9o5Pn+r27ijXT2KkCxXzrvaCWlc5qUAR09Nn+//QQ== processed in 95ms
[2026-08-24 08:16:30] [INFO] [auth_service] Transaction payload payload_hash=dnw5qpS1W2FvDtM43cYWCj6gOIwN4KfDtLir9h2yt2FIKrcLhZ7KbvoIwB/LEjRGGsP/u8dB2qnEAq/SXKwmSA== processed in 75ms
[2026-08-24 05:26:33] [INFO] [cache_layer] Transaction payload payload_hash=iD/KCQhbKD3DB30beTmoHVsmva8oDvX8rCJnjK+WZD9VCI4fVGnX4uhZwpOs98hIzSHZKIl+khGC8XIt0CbIEg== processed in 51ms
[2026-08-24 09:58:30] [DEBUG] [api_router] Transaction payload payload_hash=jvB9e3JhqOBScKYQzA8lszKOLQpMYKAA/3p85JbIBrEoNzlBQNZSIKEVNFEjjEtFT+249JYXpxdjrw1YXHMzYQ== processed in 397ms
[2026-08-24 04:03:51] [ERROR] [cache_layer] Transaction payload payload_hash=84hcHJZZDpWTDXzzk4kYDc70QwXylW+qzuDdWUKmET8/7STloEmG1KonOGbm1v+eYyaD8XB0bqzirN2mTJ06cw== processed in 347ms
[2026-08-24 04:14:03] [WARN] [payment_gateway] Transaction payload payload_hash=ZiLXNLGpMu0ROpxuAnjZ+IWtNEq2JoPnyLjBUKFdpMr6o7rFZYmA+bRcXz1+J2OUi12nXCpTbogpRAxBzq4r7w== processed in 5ms
[2026-08-24 05:40:19] [DEBUG] [db_pool] Transaction payload payload_hash=XjIfW1SeKxE3Q7jylaIeUkAr1islAHPmb0b5LljDTZfj9d95un5VuBffRp5U+Ipssnr2I6VbRGxpd0w+tmsSMg== processed in 245ms
[2026-08-24 03:44:04] [DEBUG] [api_router] Transaction payload payload_hash=rmGU4IbVCw9Srrs6PkkyvbFru2tHPLK0Hi8mlFT/kLDZ2Blv6BUhtAVPFWKPzwd7tlKLonNYK5pKg1IaMklw7Q== processed in 137ms
[2026-08-24 06:05:39] [DEBUG] [payment_gateway] Transaction payload payload_hash=PM3nWshhra+OKijf8PVxn7V9MRNtQVhfyqvQI0yEUffPIFY5tkfgNNSt7ZnWufDLt2nCl6VeXVRBOpvP+4GnTA== processed in 110ms
[2026-08-24 11:12:29] [DEBUG] [db_pool] Transaction payload payload_hash=S0ee3JTd5HWBAdW4HJj4tactyKn2VJI4rcz0UY7rZedvMtLGCYynhW4ZJXTvATAsu8H1A75sxq8VXA/r8sS6Mg== processed in 356ms
[2026-08-24 02:48:47] [WARN] [db_pool] Transaction payload payload_hash=3u+zWuSsLx0sl/vhJ58ErEL6dnIViH2rx1g6FBf72fpJWdsMwmtBlNe7qWJj3BI0uF6VXozpmzqPxaC9ed+ECg== processed in 12ms
[2026-08-24 05:05:17] [ERROR] [auth_service] Transaction payload payload_hash=8LkSHpnS5V3S/pUaJza0su/t3x/VtVY/si7ZCzOBeoZwMDrETHt3VUpEhVxgIJ9hSHnhkoXgVVHzSVWB+CYOkQ== processed in 175ms
[2026-08-24 06:48:14] [INFO] [payment_gateway] Transaction payload payload_hash=Haoky6vns20Lsfb3qV0qA13f3EGfFvVuqvEwe7H7ZsOgYN+/hnq8U9VW+E7mkVnHiXOv+gs6XODbxbOzh3VNzA== processed in 14ms
[2026-08-24 10:05:10] [WARN] [api_router] Transaction payload payload_hash=rwVl3N9eLhUFDWlzYbJTKoIXt6NwGWYaK43MYpbFRJGEHkLeTQ80CFPGwWQdmqCBw1EwFcmUdu8tDuMArI+UjA== processed in 86ms
[2026-08-24 05:55:55] [INFO] [payment_gateway] Transaction payload payload_hash=j7UgepacmkQELhe/Yz63xLwf1dY6VjCiP9AXrWwTwCYKWQG/YICgTaV2YBnRkYeoji+MclU8tV+2Ck2FzJq46A== processed in 326ms
[2026-08-24 03:50:32] [WARN] [cache_layer] Transaction payload payload_hash=CzV9JuB1KeSwVAnyAM6ATKt/BOwk1aKRfqBqSnWOJPDan9NwD6LDX6byaL9sfHi9fJSMYEVoykz7g/YkjUPtpQ== processed in 12ms
[2026-08-24 09:59:23] [INFO] [payment_gateway] Transaction payload payload_hash=F4kl96VXBfnaD1GwPzqXvr4W76VmGutOWvu3zfdzhRVDcuOe3UkLaPxajpILZvs7CwHE/ZTlkEf1EXoEz51vLw== processed in 331ms
[2026-08-24 06:43:45] [DEBUG] [api_router] Transaction payload payload_hash=MnICARy0tHRsfxgdBkedxKUnG6xwlfcb5vrutckinQ0r2c3QFzXoGneH/CrtyMvBFu52HXNvSprW7NGO5IIwgQ== processed in 278ms
[2026-08-24 10:10:47] [ERROR] [auth_service] Transaction payload payload_hash=AD7fRKZfvI7sw0IfQI68s94SzAz/gjoF/50wQ08FTHu3wJ8Ib1UScceL5IfZ5QY6BQe+bZN787i0zurDKPut5Q== processed in 357ms
[2026-08-24 06:09:55] [DEBUG] [api_router] Transaction payload payload_hash=mzZtqlCFWN+FAxuXEyV9jsEXZu9B7hJjo1T1+9lAp/8HhTKeY1xY9puvSUhkU2kcuFtV4/iysTvwCzTWWbgJdQ== processed in 427ms
[2026-08-24 03:03:36] [DEBUG] [cache_layer] Transaction payload payload_hash=bOpXrKXNj5oepf2J/gl8j8x7ZBbyog+nYf3a0M5ecJdoI9hgVTZDHosm45M1i0J+BPgvRvyy6bXSlZBBU7QyOQ== processed in 469ms
[2026-08-24 08:44:19] [INFO] [db_pool] Transaction payload payload_hash=wgsycqG2klUOmbV8bFpR57SfmPEMv9uyRG1wgbd2oGmmU1DneiLy2YEXNgSdm1S89L7+gxDH9nIDncHRat/Vyg== processed in 411ms
[2026-08-24 06:18:47] [INFO] [db_pool] Transaction payload payload_hash=jiOpCxX7Se9pV5ZKnc+gUvFJ3oB6pJEVDslidG3NmHAfRP1yCUG4nuxxT1SO8gYVRR5n3Y7Kc1E5muIU+it9Sw== processed in 119ms
[2026-08-24 06:30:15] [INFO] [cache_layer] Transaction payload payload_hash=cUuJH4SGknorCprRXbWzEpyjDx8Icry5TdWl+Zcdppm5vXW0RUBF6ZMV5/4+1SnHqLCzlwR4DvfvsDy2oMnHRQ== processed in 473ms
[2026-08-24 11:04:11] [WARN] [payment_gateway] Transaction payload payload_hash=F9eOnXECkrOSmYvdtFNXlkiy0y8gYh4sobktiDRpvhkTNGU7t2XWGO3S/UZTTytl50+74QUrfxvx2LbT5gfwTA== processed in 359ms
[2026-08-24 09:43:41] [WARN] [db_pool] Transaction payload payload_hash=fQsul8EHFIx41z+/2k6sBI1A6vI2YdZERCW6wa5fMfzDCXv0MA7ciraZOi3UNT4pwByGr5ia77A8z1y5kovy/A== processed in 435ms
[2026-08-24 05:30:41] [WARN] [payment_gateway] Transaction payload payload_hash=s8Sl0h+oyeA2HNzWYDrGFayXM3hyF5omr7zUc6OHxjOvyMMo0SAMT8jSa4Zht6oin9YqHmssN6WfcieLjLGJjw== processed in 311ms
[2026-08-24 05:33:17] [ERROR] [auth_service] Transaction payload payload_hash=xgvN4J+bZcIDwgspkJQNuQlLl+JwtWOsuO9Su7Mz0w8sMf/mLYx0QrRRcoWLuzQyBpWkLd8FNZZ/fhY9EFe7QA== processed in 123ms
[2026-08-24 03:02:45] [INFO] [api_router] Transaction payload payload_hash=S7JSGM0hK6HHB/6gycMHQQwnn+a2/4X6ySDtBj5WPsjZ9wVSOIpHZzlR0TnWWM8kmjGQChUC9dh8gh/ILJg43Q== processed in 307ms
[2026-08-24 02:25:00] [INFO] [auth_service] Transaction payload payload_hash=M6MHCjtJZrRmG9SYJT68XpZdvX4IcIeDGKdKj6ZsGGN4Ut7kIVUEBrQMUp8FOW8l/rTFi7AUj5HsrEetpUfRfQ== processed in 272ms
[2026-08-24 08:49:53] [DEBUG] [auth_service] Transaction payload payload_hash=ZJJ7uD1v9DMkbfIVUBdP9ETssecmoruya2Ni3BeZTBjjST2b+MmY5tEwjT2GVWhpp1IBXFPc3F5hWveAE2glPQ== processed in 361ms
[2026-08-24 03:23:03] [ERROR] [payment_gateway] Transaction payload payload_hash=ONSqp+p0tnV0Hydhh5SQJAvYUdpPsyFXnAxR58RHwekSA5K71G9wGfG7IQCpo8K8hrWj1W5ZFtWNdQJzLx7P/Q== processed in 396ms
[2026-08-24 10:54:05] [WARN] [db_pool] Transaction payload payload_hash=NONzSvA/fbbY8BKe26apB8OVVi4Tkgde6KB1y7GjdN2/PYSJiZkxTpweMCj+SlZIdAXzCgQkihM9aafsaxXK0A== processed in 84ms
[2026-08-24 07:43:39] [INFO] [auth_service] Transaction payload payload_hash=J2UQgxtHJGwX+a8q4NcyDFR/Un9EmZ8uaNFQvzMmqhsgCTvI1mVkdmH7d1upVk9J5cXUIRxHDngfdGPcXxZgSg== processed in 277ms
[2026-08-24 05:45:26] [INFO] [api_router] Transaction payload payload_hash=QxfFW4R/AO6yPlACFLBxqSFT2svFDRD96dZJyHud+M5BxJFTMS52v5H+Ugn0LAgIdN6/SCRSCtOeaR2OHyW8sg== processed in 228ms
[2026-08-24 09:06:01] [DEBUG] [auth_service] Transaction payload payload_hash=OdtsFBmd3Cr5rgOEu2tgdC7MEZ2R3s5mJ1jWwNhOEqFTSOZSV9TiHzairrYn0SLkNn/AAs8kVtz92G0IpH0+Kw== processed in 434ms
[2026-08-24 03:47:01] [INFO] [payment_gateway] Transaction payload payload_hash=NH1/FP7DP039z5K+Z0J2GtuNOaS1HIOMYmic9E6zKFCq8Zgsv8i+K0gA+FC6qImye8XCEiIzmbtG2XOFxnmIMg== processed in 481ms
[2026-08-24 09:13:54] [ERROR] [payment_gateway] Transaction payload payload_hash=jbl8KJNSKzhfEa562ZHIiJdfjj9I0eDIteMs6f3XUN7EfkLgUalDEqnLxjjQ+riCfSFmEy9+LEDO+N9lmLbBDg== processed in 338ms
[2026-08-24 06:14:28] [ERROR] [cache_layer] Transaction payload payload_hash=iO260FwKb5mVGw0h1/ez6WXOaQTKQDlXbQpqtCwkLh5/UhszckVgxmBFVWKyPILPcIIxxdBztttomdXGNItBYw== processed in 471ms
[2026-08-24 09:03:08] [INFO] [api_router] Transaction payload payload_hash=9bhPFB4j65ygcTv7+if5LfHMPDVjfRyuXhtR4hGA5Oweso43Ya4WK1Jyercn5sb11Xhg2/Xvp9as8ZC79xq+GA== processed in 497ms
[2026-08-24 10:27:00] [DEBUG] [cache_layer] Transaction payload payload_hash=OcMIYweO5/F4QMBKDcaF7V7R0YvdDrbEM/PmaJxpr+LqCmZzhNr9nDxbnXmubS3lr7Zr2zWjU9mvxPYSIWZsBQ== processed in 251ms
[2026-08-24 03:15:03] [INFO] [cache_layer] Transaction payload payload_hash=m1jSeHaGEjwQlvfRQftEQ75sufINqW6ZQbM+U3WoaDtYEmUTaQAgXBoHY92JRMP4TGLfBYN3UPKI1lhMFzb5dw== processed in 156ms
[2026-08-24 04:25:14] [ERROR] [payment_gateway] Transaction payload payload_hash=54J7L52MMGYz4fYueGrDaXsfr1SD2aO/8j3At1x1UjIE8lJIEXFZfL0jAwWM+9IdZh5PMBKptlzbrLB4oa7bLw== processed in 409ms
[2026-08-24 04:21:13] [DEBUG] [db_pool] Transaction payload payload_hash=wwaCW6LzKNvHTtC5hM3cCxhISsu06+Zn4cgvZbLLoQGreyrFNm0oY4ONLK0wthX/gg0EJHLbPBONFJYkGtUoLg== processed in 12ms
[2026-08-24 11:08:19] [WARN] [db_pool] Transaction payload payload_hash=8A0Eqrnpbw6SEo7y0Q1OzKOxY8JkhIsGeGNLdfLVZ87Au18NAW+ip1QYsQnspEcPssiC1HZd9KQ2bwvEh9B8vQ== processed in 257ms
[2026-08-24 09:03:18] [DEBUG] [db_pool] Transaction payload payload_hash=bRZ4/ag4aDnOHCva4PnfzE4+0eGzhRfIZaBojLaoGpWsBusthztxZccPEk6cqHdsOX2IK6geQn3Aie5JlYyQjw== processed in 453ms
[2026-08-24 05:12:26] [DEBUG] [db_pool] Transaction payload payload_hash=6V2IMnpVV0UVd4mP0sb+91oBjRnPs3RdbTUirwYBJuTE0dP7SKPsn33jIW7g6pqXxjXYSyk/7cXLOS3f/BKFdA== processed in 449ms
[2026-08-24 08:35:05] [ERROR] [api_router] Transaction payload payload_hash=q0t0EN7NWMkmlQHgLs+lhu8swYdgovZUPPYsaMuaPD5vkPZ7sXi6yMtEZjwMEj3ln3XKx7Fo4KNowTfoN/cAyg== processed in 69ms
[2026-08-24 10:32:03] [WARN] [auth_service] Transaction payload payload_hash=fDaWjwXw1pyVcbeTn1qzSAhQtlVgGF/ras7lAJbYDnN0Sd18F00kyQ7wifF7FgmPJR3F3/+6gpd418a7FbMPrg== processed in 386ms
[2026-08-24 05:53:52] [ERROR] [payment_gateway] Transaction payload payload_hash=IZrzAbccM9eVIAMESxUTeHKp8joB+CGvKxUSw0psSOxbjAPS2CjyP0RU1cfTDkJe4iONNP4e0v2NBox/0X4k5Q== processed in 242ms
[2026-08-24 05:42:33] [INFO] [cache_layer] Transaction payload payload_hash=tt9hu+BDv803P6LpSmjzcLcM6iGbYQ2NeZc/k0/0vcqZOk83mAi9JGCTFV5EktG/DjXssdjnjAQTYq1KR0zmxg== processed in 187ms
[2026-08-24 09:11:00] [ERROR] [auth_service] Transaction payload payload_hash=4BGMOrIi2WWTcwAop5pY/uptU2Njo7ZfQBs1gHJsqHFqpDC+ON/E7Kfhdal2BE/dpEIiHgwtbgX8YnbGfkiAFw== processed in 442ms
[2026-08-24 08:58:18] [WARN] [api_router] Transaction payload payload_hash=fCpftCtu8NFtrHCUl/P9qm4B9aMTIQDhC5AsxDOR3OoDMuNUS+ovK5al81Hd7nS+UBmp7gLXtdLdDHrEbkDwXA== processed in 377ms
[2026-08-24 07:21:54] [WARN] [payment_gateway] Transaction payload payload_hash=NWtHQhMcOBu7dnZxx543E/6Hfjknw+/XuyBBzCcCiV3uiQ38QMaCem51mUArngFFBiLXW25B3icc5x1xcta2mA== processed in 249ms
[2026-08-24 04:07:30] [WARN] [db_pool] Transaction payload payload_hash=B9NMitJPu15CwCW0ReGFGVLxrAppG7KvD1+nDWkbhpLFz61lWjM9JGTS1T2edHXe4KNRwOhsE69ZuTKesbBtuA== processed in 289ms
[2026-08-24 05:46:24] [DEBUG] [api_router] Transaction payload payload_hash=alOwJhQpXpOt/EayC0tNhyaz2/APLhvOPnk7IP+/FehFMpd9VPnRDgYtAQ0+G92vd0IBSSDs1J6VRlFFvG0S1Q== processed in 8ms
[2026-08-24 09:56:24] [DEBUG] [payment_gateway] Transaction payload payload_hash=b1RkyiiGH3VI16PBsc8XffPK6K5D4xRRmtcCGpK0IVp12+2Qi0T/7MC9HhDwq8hDP1NWTZZUCy2SoMUvvPi5ng== processed in 197ms
[2026-08-24 09:06:15] [DEBUG] [cache_layer] Transaction payload payload_hash=naqg9i75aQs7v09F8vHe9MjHU0Ww4Ua4Z/3yJojaA31yN+rG2cvNUqdlnfct5bU8oqV8nBgajhW5jD5rWnOwSA== processed in 484ms
[2026-08-24 08:38:48] [WARN] [db_pool] Transaction payload payload_hash=zl6pD384hZ1gFbswxsP/YqaftNRNuna9tKlJJfEx+lHyBjEJDSVZOeVEtmInExhpkjzSqyaCZmem8Go3CdHHiw== processed in 289ms
[2026-08-24 06:46:30] [DEBUG] [auth_service] Transaction payload payload_hash=BKIg+ImHoyjEPbFykCbW1yPfW8vxOnpaU4MJjhg2S+ieV9DApOh/BE+lY9ZlEJJ1TPVbCTUv6EtKnkvgs+ZxKw== processed in 193ms
[2026-08-24 04:01:45] [INFO] [api_router] Transaction payload payload_hash=bLIdxVmHs+0lk9n7L/1EX3Y77h2WfwVFbFqm2Zo979pdTN7BIZBNfB79i7c7qlFpXrgqCyvFxNPczX10AU9xCQ== processed in 441ms
[2026-08-24 02:56:24] [WARN] [db_pool] Transaction payload payload_hash=VXMBX1KD6u+Blv5uCkePmglyl9P/+iaiBBYa0m/Z4H3eZ3MJRNdV9NwLrBnXx/ZiiqXmqTGScI9eCzPa/IRGgg== processed in 40ms
[2026-08-24 09:21:50] [ERROR] [db_pool] Transaction payload payload_hash=S0nYNw0FE5XRZdqNHDGyz4aMB5pTmeOPf4zu2GJFfMrfLGlOdzN0JCS3HXvw3ZkgLqD4QeIiBQ+RPykwu3eG3w== processed in 254ms
[2026-08-24 02:42:01] [INFO] [cache_layer] Transaction payload payload_hash=UN1SBftcp0vappFbMZA4qykbSIDRb1lNYM4ODCwYScNQakE2fq/jsQ9dLeE6EbHtFJadZ4EnVqEz7dc47ll7nA== processed in 120ms
[2026-08-24 04:20:45] [DEBUG] [payment_gateway] Transaction payload payload_hash=rCvheKnkv72FEZqdnqVOnMgHc2+kkYb9Qs/HEnbZvalKzVloAUVhHYwKrCP4uslRt1hqBzLlLuz9u8Ajj/v4bQ== processed in 75ms
[2026-08-24 10:26:13] [INFO] [cache_layer] Transaction payload payload_hash=zFsguKEG61wN0PUeCAF2InhBHwdcV7udVAKAhjXzJi3J6zbqm3yPyWElX0RHuJRJG6i/2rjEgk6LZgYrHtX74A== processed in 100ms
[2026-08-24 09:43:48] [INFO] [db_pool] Transaction payload payload_hash=xyKj1lXp9uWgq/mvZKdG+JVln/4afwStvRdDXSUutw8b679ENEI5bbrDJYjGSTNAoPYkIISJvZ1wBZsF0R1rLA== processed in 33ms
[2026-08-24 10:44:12] [ERROR] [auth_service] Transaction payload payload_hash=tQA8MgYwzh9BeUkmuc+lpM2wRh7/nv15Zi3mZ+uzHcn7XjzJ8gc+W14Gn+qoPDqR8z/sfRjtzpVFSKOx4skHBQ== processed in 15ms
[2026-08-24 02:28:07] [ERROR] [cache_layer] Transaction payload payload_hash=ATKciHHrGtTZuxmDJxgvAadV/83Quu2skWf+3NKJro7IKSLQBloadjEiFknTv4aTHZ0nOnN3fG0wkhZXwHPYBQ== processed in 44ms
[2026-08-24 11:02:52] [DEBUG] [cache_layer] Transaction payload payload_hash=kabWKhvcByX6AZsxowDjWoLuoVPtvXpqSh+HpWVIKzs8DA2LIVSO0Y+Sly7vFYIhG5tP+mYLIFchlpd+pmdjjg== processed in 404ms
[2026-08-24 03:59:26] [DEBUG] [auth_service] Transaction payload payload_hash=z5qwRJOYK5yXI32E/CVh6Z9oHFp06+Las2KYAWpim46adbR/oefZehWKcsvoXbzflpu4xxxZHj82BjxWFonWvQ== processed in 231ms
[2026-08-24 04:49:36] [INFO] [cache_layer] Transaction payload payload_hash=bSojGzRZY7AvqTvjy0utFmWp5o6nfnxUPcCmekAn9WNY28sEakxQVtCfnh/UF+i7CUSCrk2wpzgLO57UeVIr/A== processed in 17ms
[2026-08-24 06:02:44] [ERROR] [db_pool] Transaction payload payload_hash=A0ElQo9k5Y33U8e2w555heIZPTamMqNw2LltzMcJNQfApQUimnPGD8qTPochqBe+Lijg6W01LNcpYwX0pvDB8Q== processed in 108ms
[2026-08-24 05:33:05] [WARN] [db_pool] Transaction payload payload_hash=SmRrmfd0tRMYgJktM6I/6Yu7FMm/xRhzMoFz292xfZzv3jb7yqgE5KwfA0rPG4U2gdK6sWNuApVzT0TlImhpHQ== processed in 112ms
[2026-08-24 04:28:41] [WARN] [db_pool] Transaction payload payload_hash=eQijzY3mX444Pc+P3URnurG3CE9cyPPpDWdabtwI0Q2Eu00OkkhAGu2oZEi8JcGo6fhr4aDpwxpdWgZkyFhX6A== processed in 215ms
[2026-08-24 11:12:20] [DEBUG] [api_router] Transaction payload payload_hash=8OVFHQO5OXszyTWfI6TxCqIbp8QHW1jWaC9A2n4gYtBVsIUKyvKQj6URiS4l+eFmTbVz/MY4rABKGsvty0F8Fw== processed in 312ms
[2026-08-24 10:24:56] [WARN] [api_router] Transaction payload payload_hash=eECNOSinvpDQ55pxbbrw1G6kU97WYQzWCmzouEPxCscuku+oY4WzKg4chBt9clfXMLWgKChCHcaexUau9P04FA== processed in 467ms
[2026-08-24 04:58:18] [INFO] [auth_service] Transaction payload payload_hash=VTAhIzy7Q2YVWHUlSYoJW2lFpOri7Uzk/kURdSFXf/6mji4cJTw+jYiSvM8q9jMJO5uLWQOZRDoklqgAotrq6Q== processed in 467ms
[2026-08-24 04:33:24] [WARN] [auth_service] Transaction payload payload_hash=0/O+CDnpp+CgXjX4r+J5GzXHWwUi/PpAuYu/MRNz16tMKm+WAbGYXl31FQaTnKRuyBXvNyhRJwHkGdQeyMkqlw== processed in 420ms
[2026-08-24 05:53:23] [ERROR] [auth_service] Transaction payload payload_hash=pJBcFImoq39nwI7Dpy6AkAuQRlyf1OOlelvqygZp4H2Jdtq2vx6olP0bEJAKwrJIaFduk2izstTw1h2A1lkdvg== processed in 309ms
[2026-08-24 06:50:45] [WARN] [payment_gateway] Transaction payload payload_hash=3XzMEWJKdvCa7CV+mJqInZyJpdo447H3Oy6gjrkIwFn2y/rwQwj0xiwrnmdziX/t7Qyg86LDf4NvBfuGy7Nyfw== processed in 182ms
[2026-08-24 10:42:14] [INFO] [api_router] Transaction payload payload_hash=fv+rsI0h3cfB20D9vK1xbc0kTjIfqA2Kbh5/E7k+wHX6lU3GAVyHLrjKbqdnqKwQMRsJIAT/1FlmiphGjwBJfg== processed in 159ms
[2026-08-24 07:45:13] [WARN] [auth_service] Transaction payload payload_hash=DX34dioBd+z9OPn4vyuxvNdNhfi5NAVMlifLr+/Hh3Sv1vrCrP1kbqq4opalmtcuxccW1aAuwBFuUkgPpB6ngg== processed in 250ms
[2026-08-24 11:16:40] [INFO] [cache_layer] Transaction payload payload_hash=a8vOuia6ArpQuTFlioGk6pTzYd85h3TxoXZQm+TWi2/4EtGnkWKPzxQuJSEE5h6DQAWF8LaY6mg8BuuwJpKsUQ== processed in 490ms
[2026-08-24 02:53:48] [DEBUG] [payment_gateway] Transaction payload payload_hash=G/p5m86BHQGBd+4Btn7hGWgQfKO7hng2ZRXzlunM5IZUcN7x5u4PsdWKNQ9+RB6kgBV63t2k1AeHnEzrNRPL3A== processed in 78ms
[2026-08-24 04:02:55] [DEBUG] [api_router] Transaction payload payload_hash=OtWyaH2GMuWP6QDyoLUXMXBtGqM3/ZTI1gBwKPuibG3pFTiDcPeVwT3PfYtG2mzmClZiTXtrbVnyqTWzUiuifw== processed in 358ms
[2026-08-24 04:45:27] [DEBUG] [api_router] Transaction payload payload_hash=otJGD3PX9pSMWU3WvONyza+H+Wkp2Jgn4at6vo958xXubcLBwNv043k1H64pfD7sg1BNQBbxLkh16kjWV34qVQ== processed in 398ms
[2026-08-24 03:10:37] [DEBUG] [auth_service] Transaction payload payload_hash=w9vEI8E27J8yXW6Ni6Hq3A8HvU4zObdci3K9FqE1Gd/A4qSK2h2ogEJHVZamVz1d9Hf4n/5ok0+YXPJJ2ySW1g== processed in 65ms
[2026-08-24 10:06:49] [INFO] [payment_gateway] Transaction payload payload_hash=MGQ9DoLRJkSatbi7xWo2Z8j0/DWJTAxpPsfJO+BHTDlgAHqAWDear5f8hpA8C0mwqbX+fDpYMIcDYa3JWTk5jA== processed in 44ms
[2026-08-24 07:26:31] [ERROR] [auth_service] Transaction payload payload_hash=bt2N8dKWQ8Ob1ictRxge5kHSITbkTnQOw48BHGNcCtysF9Z6ZGKOf7PtFuskrDWTDYD0LGs6CHWIpbIdJ/4HCA== processed in 6ms
[2026-08-24 02:31:57] [INFO] [db_pool] Transaction payload payload_hash=zSWPy5KRt6bH9Uhv92KqHbHdxaBwMC0epwYT33N6dNUS5C5Fsld4zDy5xWPyYFwB57VmdGWKOOlfRhJ71w0P4g== processed in 424ms
[2026-08-24 04:29:02] [DEBUG] [payment_gateway] Transaction payload payload_hash=twEq7kNdRRri8y+NSboXomY1o5yypO9lfSnCnzQQNOgb9rDPztbqUEpValnlV/t5xpea5E7jSIZniywJL5nY8w== processed in 243ms
[2026-08-24 05:59:43] [DEBUG] [api_router] Transaction payload payload_hash=vYpDLnTMj+genp3ZmCuQGj3rE9GsSQplGfbB+bTxwD6npxSYd9CJwP/6HWsrEWA8sLQptterH6AnNmZIZYtM3Q== processed in 98ms
[2026-08-24 10:54:24] [ERROR] [payment_gateway] Transaction payload payload_hash=lutPGrW82fFt+/c0Z1eVcQ2lEWdS7CpkxkttHjbrlc1Qj5Xwb1eRDvewDfEwcg8XjzFENdDzqSCO5DC5EAFBGg== processed in 389ms
[2026-08-24 07:40:29] [WARN] [db_pool] Transaction payload payload_hash=SjYa6BW1S97wIM84JxSe9zVc35Z2fI5WzwzFx2ExdhFRt9ikwKItb0xzdaw+0C9+D/Gfuuyh6cqDo5rG5IJFAA== processed in 436ms
[2026-08-24 08:54:47] [INFO] [payment_gateway] Transaction payload payload_hash=j2AONunUtmyhOKeKz6TGSxUlNAaF6x2Cb6v2KfcHRbv+A4z8pZxene4NzcdHcOkAN5orpRS4uobkTlwwi/9v1w== processed in 107ms
[2026-08-24 09:24:16] [WARN] [cache_layer] Transaction payload payload_hash=MHFqERss9lSmkrGEyMVhWq66hfwIeBWBtmoZrxc0ZQ3j5Q8xBc7RMrMYINrQJ8lKvkB5DWLZnlkCFqCf8jQpFQ== processed in 210ms
[2026-08-24 10:06:54] [ERROR] [payment_gateway] Transaction payload payload_hash=kJqqff9JPGCrexZmAgE+koVFzzWxv9zPH2JuQ2fMlQJBm4y9qQy+OL3bmykN5hR0VkzsAJqUaT6Js1mZe8ceiw== processed in 377ms
[2026-08-24 04:35:46] [INFO] [db_pool] Transaction payload payload_hash=0anizyZ67OwvUlwbeXga9xIuW8rMIpOOck/EYuNWUP3beWhYqrz7MVX5fHlU08rqLnjMIbEeps4T9Ww5nUJRrA== processed in 414ms
[2026-08-24 11:21:17] [WARN] [db_pool] Transaction payload payload_hash=4t5u06dk/afjj8r1F915+EMK0Fy3XDFXUhufcYPDE6DJyONRip2s+Nsx4ZTubSWwmyC2toENzjeaTwsAtv33xQ== processed in 398ms
[2026-08-24 03:49:49] [WARN] [payment_gateway] Transaction payload payload_hash=62BS772rDgqZWwwo+vKmExgXjW/gJs1rQ/h0tmICTPc3eeE7zzgfzagvoYsCE/1InrKQE9BfbuMqZ0saD/p6Ww== processed in 490ms
[2026-08-24 03:03:10] [INFO] [payment_gateway] Transaction payload payload_hash=Wc3xvJvNsgUGENyqW64OrVksIfuAXlMXV8nRgmJMNX1hcYqD8/UciG/NZAIZajWocZ1fkw7ZVrWWDjKPlQRFlg== processed in 289ms
[2026-08-24 10:54:40] [DEBUG] [payment_gateway] Transaction payload payload_hash=db0+6cR2tUiESXA2ZqFU02sCv1Xu80Bpc1LqnIap+7Hhqk0F/S1VP8OtKYcYSK/OSbXOTh2PUyC+u6RD/KSMUw== processed in 10ms
[2026-08-24 07:44:20] [INFO] [api_router] Transaction payload payload_hash=FtDnxZcTEI0TNW/ZRIoDH+e+3IqKExobo76utlqLV92JrzNbkx4W6XLqtIyXvZkpAQfmuJK2P/xgP+urWDAw6g== processed in 283ms
[2026-08-24 10:12:31] [WARN] [payment_gateway] Transaction payload payload_hash=3ysta5l8i+lemDqCWIgrJenh9mNqghsbKvQHrDoWjKX4fDQdpXMOXdSeX+8wZduA9MPUYJWhMkISlsp2f1p7iA== processed in 329ms
[2026-08-24 07:05:48] [WARN] [cache_layer] Transaction payload payload_hash=iBjqCh5aV3xoVwmF9AURMlTsLQ+uhZ8TkwVPN0QY/QwZafH4V6QH1AN61+qxweU82z9yKjhm181XlgGvIUMApA== processed in 135ms
[2026-08-24 07:04:49] [DEBUG] [api_router] Transaction payload payload_hash=o6K2gn2DLcx3WQHP17Zwp/L2+v6wEWi4RYA//+2JFRRcrrd9W3boJf9VdAklThMQSA/qNtqpjjNIxwC8HShG7g== processed in 105ms
[2026-08-24 04:26:58] [WARN] [db_pool] Transaction payload payload_hash=2thkwe+vWNUgA8Jsyqk3YQVQ8yN+PfMoQwBJIATsdcTiPnzjQkI0PoX9ODHNQntAcfz+n60PGRXsFcEpxQ5Hkg== processed in 24ms
[2026-08-24 04:46:10] [WARN] [api_router] Transaction payload payload_hash=JldH2IrMzBUIBpGtG9iucSX4vMibhPysiZTiDHsgHLDT5GhWP3T2REDqgfU7nbeGwAWWStLAOU2hMZIbVhSxnw== processed in 178ms
[2026-08-24 09:20:03] [WARN] [payment_gateway] Transaction payload payload_hash=JPE8YlRtytDZR5whMhQRqirXrm2fro54poZ+kq7GX4QpWJHlB79Rh3SnzYQ5EQH3z0MNjVMU3eHWU9J+JLTa3A== processed in 418ms
[2026-08-24 09:00:13] [WARN] [payment_gateway] Transaction payload payload_hash=LiqAJ7fdmJWSzNlIkymhP2gq++k84nbCxW89FtqVKX5weOOqFXJkrqI7m0cP6v4bVI6G8M0gn5MuCSnzV5iEvQ== processed in 348ms
[2026-08-24 06:28:51] [ERROR] [api_router] Transaction payload payload_hash=e9rqwPXhVyGvQ1/YUVDVXCTltA9gFi7rFmmBP8i32U1MGC69JjlQPJ2P2If78xysGCpSHpXGUvEzdLJ6D1wUag== processed in 122ms
[2026-08-24 02:36:32] [ERROR] [payment_gateway] Transaction payload payload_hash=Dr29uKb4cFNXvV7E6hmg2+ed0vhNnuiYJW/E6FtxhbzBCuaFdlCSWxQFRQNTUznHbU5uKvL/wCusOZud9kD5iQ== processed in 210ms
[2026-08-24 09:17:01] [DEBUG] [api_router] Transaction payload payload_hash=jqcVlCpnH2RrnmrJEHSOxY35ujQtEUrgLmng1s1paKIJ9s2ciDPaT/Mzp0Ioi3owUKmR8dedU2SRE+gNqtjfgA== processed in 466ms
[2026-08-24 04:18:03] [WARN] [payment_gateway] Transaction payload payload_hash=t3iWeofcFHQdykdotuT8vI/p7lQoBn9kWuY1mNfivbrS4syFbJUpJpCDkfrSp30Rshic8dAopMLmfkNgPTPmhw== processed in 147ms
[2026-08-24 10:18:01] [DEBUG] [auth_service] Transaction payload payload_hash=ToSAEFNzIqSjA0Fe7sQBZgLcx0Li8KE6LiJg4WFBdwtQEi8DHMt/ev/NTzjoycLcvAXtqz4nTAClNqjAlpaI3g== processed in 43ms
[2026-08-24 03:08:18] [DEBUG] [cache_layer] Transaction payload payload_hash=Ke1bNF9VVGc482KlWYAklc5G8bI6MOLkmSvB0RZ3/VINAp8/RJCzViy8uc/7Dk1LRdxNa07N0msxhJzUxX9b9w== processed in 22ms
[2026-08-24 05:27:07] [WARN] [payment_gateway] Transaction payload payload_hash=yc14GYCfym3J9NY+Hp6XC9WebdHlfHc6Y7diQqf/Y1eN0xrObGuhInB1gPbtWPszPUsrtbQM/AHziT1QduUXZw== processed in 78ms
[2026-08-24 02:26:29] [ERROR] [db_pool] Transaction payload payload_hash=FZSWYLAp3zbZh+bCzK5/G58f8oQrDipFfcT5HaAH9KjSdlx5oU3bd+elGM8hfBop5tjyiVyGIv9oEIhpC8B/dA== processed in 139ms
[2026-08-24 07:20:19] [WARN] [payment_gateway] Transaction payload payload_hash=x6jN4uIvUT31O+jYcOqsRhLbE8HKWjadu42ULzlwnVDvuD5s2WZ/bvVHISfooQxkq6W7x06y8spAcXzjRJ6lUA== processed in 431ms
[2026-08-24 06:47:59] [DEBUG] [cache_layer] Transaction payload payload_hash=LiaOn2212wksvWAc12HTu6a1ZUFJFLwVaFKrM9QXw/XWtAFgIjDKWpeF2JxvY00breMgZ8fvvZtfmmMoaAoYRg== processed in 43ms
[2026-08-24 03:10:17] [DEBUG] [payment_gateway] Transaction payload payload_hash=/cVw3g4hcowD/XRLIIRSvYM1nxYmtIY5rTeC8VS8x/zLTr+6im53mQudkoyn0kCKeTgTCLxEJGyN4HWmDdwRLw== processed in 445ms
[2026-08-24 03:40:06] [WARN] [db_pool] Transaction payload payload_hash=QgqoMFcbcEOUUqH63AZGU4zDU3EMS1/FCjF6Kdj3gNsg4sGtfCO21FjooIC4J1JM3puF0u6FV0csaRTqOzL7xQ== processed in 280ms
[2026-08-24 04:43:23] [INFO] [db_pool] Transaction payload payload_hash=Wu4+ADoU/wA54aqU6P2epNit5eYMvaDD4AmklaaG2ApFMUEyL9ezhJfQhbYsWaLqrLJ70uJ9B852/Mbu10ge4g== processed in 24ms
[2026-08-24 07:55:54] [INFO] [cache_layer] Transaction payload payload_hash=1iawCrpowEgRsFkRBPKaax2hEccvWb1s8OMTBQSJ2cFcWAw+qTHHMYrvzI81vIYRwGrgl1iZDwoeWAYtBxWpQQ== processed in 428ms
[2026-08-24 08:25:58] [INFO] [api_router] Transaction payload payload_hash=daLldJxgqYUWd5JgI8wl6bnqAjnzBfW6XfRGk76cjv5b99Ns7OFQtyB5HpqBYf6BB9eKnpD6RCml2OhDmlwxiw== processed in 340ms
[2026-08-24 03:56:31] [DEBUG] [db_pool] Transaction payload payload_hash=q/M5BsVOm8r0BmFAorzKcq/MZUTgefG5GFzHS0DRiWqRAM1xtjO14jMPRIGNNSlxNtJvOgyGleQLNfKzx4J0Iw== processed in 195ms
[2026-08-24 09:45:47] [INFO] [cache_layer] Transaction payload payload_hash=xbWaZrope8AO1qLsuUVnkj+jRGUwIEOVRXhKBLCdrstn+GHjYEHEeCuotjxnjwy7By81ib7zLkHDwQE5Te6cMw== processed in 419ms
[2026-08-24 03:09:45] [INFO] [db_pool] Transaction payload payload_hash=MO0Em5m2iuih20ibLehPHE29ufTSqd2mggkjx6awgQpE375JplnCUC5fL00iXsXmdgOGINXkVzl+P88kqIYupg== processed in 116ms
[2026-08-24 02:49:27] [ERROR] [payment_gateway] Transaction payload payload_hash=dyvp7rmpYNbRM724whOT+MsU88NuoFTSt3P4rojWSUvjc18a6DjBkZ+K1P9sC+EJudYnpDkr7+hUj/tLRhsPYg== processed in 32ms
[2026-08-24 10:03:06] [DEBUG] [cache_layer] Transaction payload payload_hash=wY4bqV260dbVdxB4/j49LL6lKzcgHEUhJt2onKVfOz9RKznQcOSCf4x0uhV/LskJBqVwMbJ+f/s3KpQiXt1FJg== processed in 47ms
[2026-08-24 09:29:44] [ERROR] [payment_gateway] Transaction payload payload_hash=HbCz7j4eu7I1QtmYfciiyEAnQNCjL15PwjIytVQkB8DrTCpdBLYZPo0Ae448+Pny9BNVPhK4gDzGzwKlbt8opQ== processed in 350ms
[2026-08-24 05:23:05] [ERROR] [db_pool] Transaction payload payload_hash=r+P3/+lssBri+TMIaxdsR+gDB9jxAvFazTH/tChAGabhh9gQaCOM3qJEkDeAHpmVtjaSXcOdN6IGNd6K4T5KBg== processed in 168ms
[2026-08-24 02:47:28] [ERROR] [api_router] Transaction payload payload_hash=kGRwnaQ/VqvUXefA2DNnXfGfBW9Q+nj6Ks61quSPT2DVPyFGD65DUXGe3KxtqXO9APcaBTO89NwTJqD/bZVYVA== processed in 157ms
[2026-08-24 02:23:53] [ERROR] [cache_layer] Transaction payload payload_hash=cAPBQGAgcTPzfGYDHjs2N5TQWyPKESZ/SYhNsjqunHZr/eXMy8d/i8qwkkBMZF999oT/wKs4YpEStLH81GxCWA== processed in 31ms
[2026-08-24 05:10:38] [DEBUG] [api_router] Transaction payload payload_hash=77KrhfdzbgzUAnUjN2IQaauSSJi8wOzt1lLu8MtN+8b4KQquGJyPP2hTUFi8y7qGdJ4rtV28OYwjJyd2Czd1lw== processed in 392ms
[2026-08-24 03:05:17] [ERROR] [cache_layer] Transaction payload payload_hash=PjbH+Ube7YgyAzAY2A1+E339V3PCNacVGv9VUHvFOFM5JHYAh79+LCjLMSPp0zsT1LneFvfC9wDTxBM5OUbHHA== processed in 20ms
[2026-08-24 08:29:38] [ERROR] [auth_service] Transaction payload payload_hash=EUTtT278hsXP3TeMvaFninu8lijLbD0zTxsUHT8FbZuyf7m7mf7u7zuSEB10isVHmCGT009+9Uur0U0gqu4tgA== processed in 28ms
[2026-08-24 10:15:00] [INFO] [auth_service] Transaction payload payload_hash=dWFejGu+iBX/KUBrMJBlPAmsxd80rV9hk9nI+k6VN2yCGwpBbCUMZ5NT+/0Rs5xGwIjDIhT5gVz3jurElNwkQw== processed in 377ms
[2026-08-24 06:58:09] [WARN] [cache_layer] Transaction payload payload_hash=CDLxL92PT7nmWPEHD4rmLb/CvyfuhwH03Vmh6b5DyGXYzDMxZGp/4qsB9jdUJo7OPBlzM1d/5v5MeCecCY7Gng== processed in 370ms
[2026-08-24 11:10:41] [WARN] [db_pool] Transaction payload payload_hash=Epfp5DwLxcMRd2oBbVSi2fQJIAhQwNflGPqHcVyci4a5MI/lhIxNTWA8GWIHLQrcgxa2J8zAJIh6xV0B6qyCcA== processed in 276ms
[2026-08-24 09:35:13] [INFO] [payment_gateway] Transaction payload payload_hash=/V4jKu1NIy90TiX1ZCci5jyyH4HCoP/kcl7DWtvoxUF+8HNl5Rb6eyMidXFuQJbSnpDfTioFMK/1qn5BYTLhyg== processed in 79ms
[2026-08-24 04:10:30] [WARN] [db_pool] Transaction payload payload_hash=XV3KNYrclkHDtvdVJCZ7l3Ck+NXIQLQkqJJvxxBnSD3iFGCb7iYadOR1Um9d/dMFpWFtNGVDUxqXflVJkujxFA== processed in 322ms
[2026-08-24 05:28:41] [WARN] [payment_gateway] Transaction payload payload_hash=TDS0rQygm7N0zUntCvqqSQ/k7phIlImddg1DyCRl4au6bJFUzlbE5vS2PcFhiEAwRTL1VxOaeYdYqIv6kVAsFA== processed in 297ms
[2026-08-24 05:27:51] [WARN] [api_router] Transaction payload payload_hash=RyUiCek0Byv0n142tbSYujziRdKGoZcR8ME966KkLE3U0+lxs9l+2FErSyqvDBniI9/lAN0VYUVzWbiefutspA== processed in 261ms
[2026-08-24 08:11:55] [DEBUG] [cache_layer] Transaction payload payload_hash=n7al1Tiyhvbmmq7uoHAzGJFzt8iwch9ZYXOxxTUcE9tK76VTdMDxk4lnOr+ojqcLGohc7R0WEzwsihxLTvSA5A== processed in 328ms
[2026-08-24 09:16:55] [ERROR] [auth_service] Transaction payload payload_hash=XqKttomwLRjt9Jq0i5bAOJ8NjwFvAmx5PAUVdI893rRQrGCi0hG1LWirmoeLCuURpMPKOvR2m60MdLShY1lUjQ== processed in 312ms
[2026-08-24 10:22:48] [WARN] [payment_gateway] Transaction payload payload_hash=Cvfz68nqxeixiu34miZWLOxL+GREhHR9Jhtvudoh+RXG6mdM4dnKBbu5pPLlN+sIwBA9ZVg6Yos15Fz+ahA9/A== processed in 381ms
[2026-08-24 08:37:16] [DEBUG] [cache_layer] Transaction payload payload_hash=0DMVuivmRtPAC7f0CVoiHWXxfZG+Yf3e0fR3T+s4NJGr+oeF+Jv8zMnA5aX7hI0TxmIRn/gD0RKje0Ed0q+0Mw== processed in 241ms
[2026-08-24 03:42:10] [DEBUG] [api_router] Transaction payload payload_hash=HaMuWw3ksGSRF/7uoF/oPICn4MgxqUd/ovGsFjpzTDtwKUsenZ73g5VGMgwgURjqX3Cj7enr4CPkhrTSA+BMjA== processed in 125ms
[2026-08-24 06:16:54] [ERROR] [db_pool] Transaction payload payload_hash=abfIzDdrcSw9aqb7L3eqPtxuhC0eWTb3GukSlq++4t44oNEhRKyuzhEEaGd4YtySIBE9Yf064iBzowaGUzPvzQ== processed in 295ms
[2026-08-24 02:42:10] [WARN] [payment_gateway] Transaction payload payload_hash=eWbs9Wau/8unY02d2yIlJqiuY2Xeo/tOkgv49FrfWKm12UibmZX0+xamCmJkJzXRrvK5VQ4uGPk5+/gYtHRM2A== processed in 240ms
[2026-08-24 03:27:57] [INFO] [db_pool] Transaction payload payload_hash=5tHM8Y+I8Igr/apq4snCpdqfH0aZwk9uz/AgBvDPbo5MxSTlkBNNerBmD919hFDF+IdpPlyVGKRJ5lqfnB+cgw== processed in 452ms
[2026-08-24 10:14:46] [DEBUG] [api_router] Transaction payload payload_hash=1uGGrkr4p+TeSbrtT4XcoL4DU7PkwfS+WLAKkRWXEcLEb+sXxG+pGFu1HxLq78Rhd6T6TVKF+An3gntojwtxuw== processed in 231ms
[2026-08-24 06:35:29] [DEBUG] [payment_gateway] Transaction payload payload_hash=GNAA+lg34rogaPB5TdK1o69ZWFGzEeH8i+RqYw6BwPbvsfj7jlJlfh+KlwukacFt2l2Ywj3pzSpv6k1B7skucA== processed in 131ms
[2026-08-24 11:15:15] [DEBUG] [cache_layer] Transaction payload payload_hash=iwrYKaPYbsGOHr/afXCQAGIIh42o6un6wlJ7gmhN1o+oaoWPm50xbGSaIBY2kozfjtTxuVdWFT/qadxu6joVOQ== processed in 240ms
[2026-08-24 03:07:50] [INFO] [db_pool] Transaction payload payload_hash=jO7MpXhb64uJQjjDHxBgJmta0qn7tBp7ZTxJaFsawsYVLusEe+HC4wWhX/tKN+QK7J2DmA0IsYEaK6runhxpOw== processed in 32ms
[2026-08-24 07:24:25] [DEBUG] [payment_gateway] Transaction payload payload_hash=AOwCfr7lrz5bnZI/LKaiE+qLtOMpZ8AwMh2MXjwrL+qATil6wzebJak4YaB0UwGw3/rO3689ofw6zxxci3OEXg== processed in 487ms
[2026-08-24 03:27:59] [WARN] [api_router] Transaction payload payload_hash=ueinHkqiz7jjeECqol58md2pouuqNxghyqcevdulIpc6J4qSRjmMqWx4Erd1mfrKYkbQX59KOcLL6BOATaYSKA== processed in 205ms
[2026-08-24 10:42:31] [WARN] [cache_layer] Transaction payload payload_hash=b8h/WpXBIcBFIzyj/Sc7y/36QaxHw0sJbqNLNXprTOuAaIiTFUoi/frF6nWJs0M1CKH2NgyCZd7Y0JNwKxiOZw== processed in 252ms
[2026-08-24 09:58:33] [ERROR] [api_router] Transaction payload payload_hash=5BmKNwHR0U5547rcUyhWxVpSghI2txxPCUHjOA83hNtTAIoQR9Ih86KAQlh8B1iFlxKTjg7uwX9Da8zVJIkafw== processed in 85ms
[2026-08-24 09:59:30] [INFO] [db_pool] Transaction payload payload_hash=tImSQlMhugeuHg2q2Kl/qLzwLGyQqftVtcrv3swg7qr0QKKsw8pMx2olIngZv1SIfT09ljPHOW6VjU2MMpwnww== processed in 180ms
[2026-08-24 08:09:55] [INFO] [payment_gateway] Transaction payload payload_hash=jLVyJuOX99dnDxbCzfnCp5akm8oV3wQ+jFmGuWMi6dvHsqZKIJrxrRlqNeE6f1ArbpMrBkWiADGRm0yhlUYt9w== processed in 32ms
[2026-08-24 10:06:54] [INFO] [cache_layer] Transaction payload payload_hash=0R5UWtkJpNKsTWjJMWWpOrrwS1mm9LloboqfkU0Pp0ZLOhFWdFoTY7RYdFhD+QNUL7B79gqLAw6ZkN/ZnZXNMw== processed in 306ms
[2026-08-24 03:39:17] [INFO] [api_router] Transaction payload payload_hash=tt0caJeRESeIwwfEMFpOTlv13uNW0BJIxWUPhH23M/ba1/crhB0GwrNq0Pzi0MNt4v13kbgVCyCxTNescOesPA== processed in 269ms
[2026-08-24 08:04:59] [ERROR] [cache_layer] Transaction payload payload_hash=cf5cZ2mRwkdjCuW82NqyzXcZkxI/xQCLEO03K3wPI9M/a9K8I7ljq/KaEFxeIgEujLH+jCs1yisr8+FAeuQNZg== processed in 0ms
[2026-08-24 08:59:44] [DEBUG] [db_pool] Transaction payload payload_hash=9VF1zvg8gfrGSlxKKf3u0hzyVFnyX6CZpByQvYkM5/xFpJy096vXeS4JqTiZb1mHsCczACT5ShnuWeeM6H/oTg== processed in 344ms
[2026-08-24 05:34:36] [INFO] [cache_layer] Transaction payload payload_hash=AnZ1rexf0LL0jnYSgsPUzft6vzs23Kl15JPeAjyFE5w4Tb00ouVsY5BcvO923xjqswZwEZ/srNmij+GvH76z9Q== processed in 299ms
[2026-08-24 03:35:55] [ERROR] [auth_service] Transaction payload payload_hash=M4ABVPUT8sMfx+DNBq5G43kA0BmK2d1FqrefcadS78SbM05EAEq7kWyWQjseFCqPr8Cl8UfrHV+PNtBRmnrlAQ== processed in 89ms
[2026-08-24 07:03:40] [ERROR] [auth_service] Transaction payload payload_hash=JLHk86KLz4KLtJu/PqIGiq/A0A2eFFR8j1c3Gra7N7WoqkXP26CWuEpZHvwVsKYtHGNqBWkaGa/Mgn4pPNQADQ== processed in 64ms
[2026-08-24 09:05:29] [DEBUG] [cache_layer] Transaction payload payload_hash=L4B5Ulws4icOGAylH047B6c3AV1zn4mDFNIGgKmU1PQGh/iOT6DgvZy8ps/f1iScgFbogF/z0Fv5PEsLd7xuJA== processed in 352ms
[2026-08-24 09:23:20] [DEBUG] [api_router] Transaction payload payload_hash=oAB7rntAoY0Sng2cvC0x+zy9Ub++SIX0SgLNmdhdD/JD0THJoz5MJqA9S0Kf/z8gSJoCwI9dRWNqP04VNOLZYw== processed in 381ms
[2026-08-24 07:53:01] [DEBUG] [payment_gateway] Transaction payload payload_hash=kjjmn01XWHLJ/eyihtqCdkTlYsibA2o/2xr9RqvPYCqqtx6KkzGiRdbcw58Mkd87bPZzgVLR8nrfP0eqCpkKoA== processed in 209ms
[2026-08-24 09:16:01] [DEBUG] [cache_layer] Transaction payload payload_hash=b7TMEsrRVUsyD3pFXaIpnd5rprYMN1bWPh2M+vaEWggT5axLnDH8Ga3IUQSTdP28AjWiPKYHMEJEnZcYgn1vZg== processed in 117ms
[2026-08-24 05:13:56] [WARN] [cache_layer] Transaction payload payload_hash=ndxrrL81S4WrjnmzDOlVsIAFlWcJEctMXZ4WgUlniUym1QCPanIW4LhH7qay8nwyQf5WO2n5Vjt4sH6qF6CFpQ== processed in 193ms
[2026-08-24 08:20:57] [ERROR] [cache_layer] Transaction payload payload_hash=4/g2n3gF/qGKHDzTEU6H67Nkve0st2I92ZOqCMjaspMOJTfqOvDRoYZoQMy7GWqEWphVVh6Q6pWlVSkTQm0mIQ== processed in 37ms
[2026-08-24 07:23:13] [ERROR] [auth_service] Transaction payload payload_hash=RVbR2DFJDWTYPFr6PrusBzWHihapuHZqab4gBSUWEyp2yp9gb5tGbwJI/Or5ccRmfRSuP+pfaLMi+VwkAjQvpA== processed in 418ms
[2026-08-24 03:10:50] [ERROR] [payment_gateway] Transaction payload payload_hash=sI7AW9UN845rVbsKmKNQ4y0LHuDzASsgmL/1MumaVWHA85U7pCg+fsB83oCdb96ajw7ifXeTT1K3K4Hi8Ee5Yw== processed in 458ms
[2026-08-24 05:24:56] [WARN] [cache_layer] Transaction payload payload_hash=4cgs+Y8OUxE0nzmJua7XVou/BlhrB7cBqY2RJg5HIeYMNxLmzFAO+05SjzRpMSzzSu3rp6Oqszy5rOOz9TUOLg== processed in 373ms
[2026-08-24 05:24:25] [DEBUG] [payment_gateway] Transaction payload payload_hash=F/VqxLkQAQuYuYWmiXGnNmlRvdIaWVnKu8QwHEAK04Ap8hFC2418KklVz3lC1R14d7L9VLTph81FTKppz3DRAg== processed in 383ms
[2026-08-24 05:10:29] [ERROR] [auth_service] Transaction payload payload_hash=oaTJgFQyW0v5H0gO77qHhAP3VNAAwS8FFptAASvE4HMrVILj8VWibOPO7kFgdBQZgvgG2/2ZmEolaVOhXSZGGA== processed in 101ms
[2026-08-24 09:10:41] [ERROR] [db_pool] Transaction payload payload_hash=5oin2wlk1aCAwqzkhhVnKo5AlEsuhZ1GbNINkvcRHB7ofCt+S1hCVktmrAYsqNBuOA8g0V6lnVl0Jf4LU4XqNQ== processed in 49ms
[2026-08-24 04:50:32] [WARN] [auth_service] Transaction payload payload_hash=UQzDI/L4LGkcuiTGmNxVO8Xy+g+Vuvc19+azYyUqc1uD3Cv4LHfCQYHIPEJptaRE8IlM/TMwngSEpyNmHLA7PA== processed in 205ms
[2026-08-24 04:33:47] [INFO] [cache_layer] Transaction payload payload_hash=vHkORoN91usxpgC13fzTc4bpVqbnvn4GsbDD1WlBL8xeoJ/GoMx7iMLqZpOz3eZ5GR7bFb0y+Ch+ZZTGlPjeJw== processed in 47ms
[2026-08-24 04:06:50] [DEBUG] [cache_layer] Transaction payload payload_hash=hlJSYwc7tGJbVeibW4y6IBRtAKMMb0C0I2FfsFQuc+eDYHvZGy8buMoDylU+NlRG1hB9NpQZOYzOd8sGSn3kvQ== processed in 145ms
[2026-08-24 05:49:35] [WARN] [auth_service] Transaction payload payload_hash=XbaApv6m9wPSy37CZr0AT8ElDnRX8DHskg4zKrg4yC59c9FuCQsGb0pFzHIHSQ8XpMN+jqPKj8/Zm5CvYjbhJQ== processed in 400ms
[2026-08-24 11:02:37] [INFO] [cache_layer] Transaction payload payload_hash=IUVIMKehv9yiLfB/7yStv5DH9JKUawdawu3rnBhU9dbZmunKi25LQhnLz6MVW/26sRAnSjDpNXnWv3sJq0rcMg== processed in 12ms
[2026-08-24 05:36:15] [ERROR] [api_router] Transaction payload payload_hash=ifzZB36Ugynd4usqcBkLQPp/cDws/KKdjKAbrzOzJygw1E4pZzMtGfl4F9uaAVPzv49wmomvZqm8PfSrSRrGEw== processed in 108ms
[2026-08-24 02:17:56] [DEBUG] [cache_layer] Transaction payload payload_hash=/xojK0Qmpb8J3k9ycup+Z/KMrAz6sQKC37oPjrwjyMAQk0Xhcww6a9F4IfcaPOq8ZsR/qWfKtWo5ql1VaNLxcg== processed in 438ms
[2026-08-24 04:41:33] [ERROR] [cache_layer] Transaction payload payload_hash=qz+eUPfNH8lLUJcSgr2EV73x/07rq85pKPkLVGFgt0CBZxmRP6hB5By7Lh7637Jms+yh4Kq3OBpKx1YwBqUwsQ== processed in 116ms
[2026-08-24 10:02:39] [WARN] [db_pool] Transaction payload payload_hash=BUCpIEiZmZPF8/k9UEj/SdP2FsdaZTQhOKtVDd4mT1EDZLAY/50HUpfB9F0YsTutsmJ5JRKnVSVjC1HZb6MLug== processed in 107ms
[2026-08-24 06:01:10] [DEBUG] [auth_service] Transaction payload payload_hash=C+41ezTU5WjPotnG5g5ikXIBfyUA8jmfY5qiUCjdUEl40BBlpyFKvwpsvwRSKNufR7W71wcUiDKS95yQ14yu8Q== processed in 483ms
[2026-08-24 07:06:18] [WARN] [api_router] Transaction payload payload_hash=ed4uKwTtRYV4sucl7dCQ4p7/xYPrB/nJ3QoleAMlk7tRHrdDmCSYFTd43fCB6H1gaT8/KtirwFuSUnWlIEGnlA== processed in 237ms
[2026-08-24 07:33:51] [ERROR] [db_pool] Transaction payload payload_hash=d3LaujfNsPSbFToJkENCPa5pJtcALVpDAxFQsxflT335y/fmys06ahwuANtZ8lZ/tTyWv6VS4U5DpYx436m6EA== processed in 400ms
[2026-08-24 04:54:42] [INFO] [auth_service] Transaction payload payload_hash=q7tyTNvr73SjAG6s6O2ePbCsKgtEpfaAPpBtiIKix388TZtg/J4MPJVkYDOyI/cvAnav7ek/rKhC1Pzdb10utA== processed in 419ms
[2026-08-24 06:31:04] [DEBUG] [api_router] Transaction payload payload_hash=d75Luu51FOHgAkECFaXgY+G9oA0dD0/Cgm80Nd4EikmdSlNcl26FBn2YOwdjhFiJT/1Vc1efwwj20EQH5UfvrQ== processed in 350ms
[2026-08-24 04:26:54] [ERROR] [payment_gateway] Transaction payload payload_hash=EHH41h/KCeCdfU3vGye6Ifm9z0ofhXPTPg/gTvMY4/UZF7pyGqti2m9J7m4F7xkNA6egzkzfOWT6SJXSE1BWCg== processed in 435ms
[2026-08-24 04:40:28] [ERROR] [cache_layer] Transaction payload payload_hash=1Ji8xjGYPZtkkMDAdSeziK60SQHLqywGASVpbwI38hK6aW55E1EMjGNBlJd1lv0/kFmkLISO9owDjrGe8TIQCQ== processed in 116ms
[2026-08-24 10:21:43] [DEBUG] [auth_service] Transaction payload payload_hash=nCRRWxDZvIgefjG+SA7Kl6xOIcMwwZQsSAy2qRyKlYFkm8huamJi+GdMBo+vzGGgnG5i/2j8txzxNhjZrANoZg== processed in 77ms
[2026-08-24 10:16:06] [WARN] [api_router] Transaction payload payload_hash=0PuTfVKwiEEvLM22pUuzHgtRo/pxx37ukXKmBK+D2SFUPJ6zOdMpiCwSFvdiNZEo0vnVz926Hj1mOWZSdrBYsg== processed in 154ms
[2026-08-24 08:29:46] [ERROR] [cache_layer] Transaction payload payload_hash=iGCjmzCk9cshmlbl1A3t6MnbOOH3WKNLodyrYm+dNtwU2g5FNO6b5dbM1E6RA+jt9U85lJiKWCg1wO3P5ulDCg== processed in 382ms
[2026-08-24 05:55:49] [INFO] [auth_service] Transaction payload payload_hash=lqT0fU9ob4cRgztHj0Y4JZS6Uepe8kWFxneS7s7VnKwO9UIq+PEMoY3gyfQgDH1rDpdsriA5Kh3QeZ0sCwdOlQ== processed in 70ms
[2026-08-24 03:39:44] [DEBUG] [cache_layer] Transaction payload payload_hash=Z8lOef5s/GE6GYIj5JbRvWzvapAyyROw5J7m0wbnl6a2KPybq3wvl6NbbKdj+KPz2fx/C9ieWC6BIOKNVAbKMw== processed in 93ms
[2026-08-24 07:02:50] [WARN] [db_pool] Transaction payload payload_hash=fz7u19AtNv+wSSMXA84lfFsANy0BLcWdGKfLzv5It0s3/WudvcqDs8VRjWUn1Ep5X16JtWaNwWnKIylBahXKgg== processed in 29ms
[2026-08-24 10:15:53] [DEBUG] [payment_gateway] Transaction payload payload_hash=6tycSNkqVj+2LDU3vaacrTiSr/kkSZYb8pyYmkV39f8PXodHH/scy7zUl5axjR8EXMmoPY6GrwolsLFp53VZ/A== processed in 356ms
[2026-08-24 03:50:15] [DEBUG] [payment_gateway] Transaction payload payload_hash=MCxijpfjKvA7N4jDmL9vOELxDB0mG5zMf3x0K2FIiOrMAVKpWb9QlMN5fn7r0DoxFC60YflFv/KYi5ciI8r5ug== processed in 380ms
[2026-08-24 06:12:35] [DEBUG] [auth_service] Transaction payload payload_hash=Ws8jwefVqVSQ39oqOSEFfpVWBHQQSDDUcbGU1cvmm7ZRrBt3P++VWS1OdSAiSXEjcPhyojU+6gDp+riByCM0qA== processed in 45ms
[2026-08-24 03:32:15] [ERROR] [payment_gateway] Transaction payload payload_hash=r2lZcuVWwA9Z933cAErd75FSoT5ZH+LI3QeQ/audCVRy+pljRYyHP7XnaVX2lQQuqCvoRR3xqXn+ZMrgQlMwYQ== processed in 128ms
[2026-08-24 08:54:59] [INFO] [payment_gateway] Transaction payload payload_hash=Xp6io9yfKFEc1n0v2wPzTIO8OheU9t8eIq8VpiA7gPr++OgVMhaM0tj/K7jpfqhTcq0Qx5b7mIC107INIKptmg== processed in 422ms
[2026-08-24 03:32:48] [WARN] [cache_layer] Transaction payload payload_hash=3nOzafJVYv222egnaZx+rz6Dwb0mrCdlXTZiMiCFtWevA4AvPTXWzUEwHOhY4VcNibdXryo13UQH0JM8463zHA== processed in 133ms
[2026-08-24 06:27:18] [INFO] [auth_service] Transaction payload payload_hash=6SzmRj+FB8acnxZJNYqOqBx4OH54FRBi+e8tCg6avesRzY1pmtHAkd1B4FQwKTdAZ9RIdGoFr8qzfP1QU3s2pw== processed in 221ms
[2026-08-24 05:34:21] [ERROR] [payment_gateway] Transaction payload payload_hash=nbslkywCXPqHahWGDTe8h6vBINNUJYjRxW4fv6MpRuSbvNixErDLo0Hs/4EPcDH5xMSYk7P2w7WIpUsW3bzwgQ== processed in 149ms
[2026-08-24 09:59:22] [WARN] [auth_service] Transaction payload payload_hash=oUpa0xheHlMw1ah3bmwPV8rVqzg2N2GSCgmqzajRvvYqF2yTFJSkM7/pZs0b8Rg42nW/yLs2IM09pH+Bb2E71w== processed in 248ms
[2026-08-24 02:39:34] [WARN] [cache_layer] Transaction payload payload_hash=dsU+yd0ofbq9iMm5IJ5T1OnpsTfRd/5/tSK2BMB1NLMP0UgPsPiHo90hVJAuE74UZTq9YPcRtjVku8/cMUFEyQ== processed in 254ms
[2026-08-24 04:41:22] [WARN] [payment_gateway] Transaction payload payload_hash=d5faixezD3sd+qqkZp1UKwXQ9aplPOcY2cu9K10pNspZxzDR/JW6oFLkmz/x1uML0R276d7onBz7lKeKFPZsoQ== processed in 443ms
[2026-08-24 03:09:27] [WARN] [auth_service] Transaction payload payload_hash=rKmsra4qgTITvk8flEYYZ3b1ythZ0L2ECDGacE+zK2NDAdB4RoFbBu8pbmaNkPlq2+Fi7+aDDD8HxjFJDhFZbA== processed in 498ms
[2026-08-24 02:35:04] [WARN] [db_pool] Transaction payload payload_hash=i2A6F3hbYMbPCo9siOfeqXByRj751EIGalOkOn8QdNVkVudVCvPRS1Zdm9uU0ZsutoKRLOoUjsEm9MfKfuYBQA== processed in 440ms
[2026-08-24 06:59:21] [ERROR] [cache_layer] Transaction payload payload_hash=OrinoifHJTWgVRYa6IcJsP3LitegS9hTf9oVh2jgVsngjI7rmuu5ez4O8gR5hv1d0i0zP7WnwwMfQzfUWkJhZQ== processed in 485ms
[2026-08-24 07:15:13] [ERROR] [cache_layer] Transaction payload payload_hash=xGE5OnQ2yFb4z9JoHh3usfi9zM2gH2mCuhXSZALNXYL1AyQNV9mQX3qmvW9kjzxAgF+0GDh30TK4x9CS8xEi7w== processed in 32ms
[2026-08-24 10:14:24] [WARN] [db_pool] Transaction payload payload_hash=yU+X+ZykMyDiWMko2TZQRlP+cwYb0lY1MY1vx2p2R4viPhYXmrVzcfhzieX2eMxxTSUekjS+eIBNxmQP3pjXwA== processed in 101ms
[2026-08-24 07:46:24] [DEBUG] [db_pool] Transaction payload payload_hash=J1w0+O9j2C5gfGwxvnX4OsUTG/hRrHybDqU03PePUINALE0VVmIeaiaEQVAyZFJwbcCEZ1C3uq1AhndbNmnppA== processed in 451ms
[2026-08-24 07:05:05] [WARN] [auth_service] Transaction payload payload_hash=q6Nht9dBc5q/Kv0YjpYibHYd7yFnEZzCaj/UX8Ky7t3P/WUq3NlkxvHKOM4RadaYXL9nXhGfBySqzMeL+UYCEA== processed in 145ms
[2026-08-24 03:40:06] [WARN] [payment_gateway] Transaction payload payload_hash=SgGyr+aTehVQ4xQy7rEj5XcZBGq8bCAyvfafRHt9PBRpn0oufnv65jyc5WZDHIICVyrxaX1LeoJcg4zgB7GsTA== processed in 423ms
[2026-08-24 08:10:27] [WARN] [api_router] Transaction payload payload_hash=uK0rvxNDpxNJ7AZECZndwsps+IV414fpZ7vy8wV7+OsUKh/RKVSb5LbZeWdctGMDRtHA/khHdtMGldpT8bq4iA== processed in 203ms
[2026-08-24 06:43:58] [DEBUG] [payment_gateway] Transaction payload payload_hash=/jJEbKO58/17CtP1gsq+gLrqalZpgcU8cXe0PXs+vhgFjFt6vL5TISp1qGRipLD82SxP+ixvsbQVNbK16KcqPw== processed in 421ms
[2026-08-24 02:22:13] [DEBUG] [auth_service] Transaction payload payload_hash=RIKIjkaCmDwgiUqjs09+4zfsCECcI2TAF/rLyE1DwIwXNawXISeJftwW2CeO8BKmChxEb//RrxDjYz9T2wPn+g== processed in 381ms
[2026-08-24 08:31:00] [INFO] [db_pool] Transaction payload payload_hash=OKq52p/4imrCF9FOcrWVqy2aeSzCtDKdUfz2S+lD54vTWu8SilgQckmSqS4Nm8fwrDN1vAC3OkwcsbHAwHAq0A== processed in 126ms
[2026-08-24 07:07:00] [WARN] [payment_gateway] Transaction payload payload_hash=7Syw+GMg9HQXh0tluc+mJ0856f+tHD/oat1L3iVwq2mmLS3YJhgc2y/4Z68du+Fi/Z4BiJFcLVjv93MtbYW4Fw== processed in 20ms
[2026-08-24 09:21:07] [INFO] [payment_gateway] Transaction payload payload_hash=R3dy4ZlU2TnNF6u+XPf6ZgwYDcZDg6TDVy5DjKfaW8b9FcuKAm3HNX77YDR8Jvy80zlVGCAVXTkQVAkuMSoO8g== processed in 24ms
[2026-08-24 08:24:47] [ERROR] [auth_service] Transaction payload payload_hash=WgvMe/YzXYVApZyMPbW8EPfFY5I0INY6mtO934raAVmOEaxy3r8Ugp5QrPNAWdUzRnnUXovkO4NhGEN3EDOkHw== processed in 81ms
[2026-08-24 10:32:16] [DEBUG] [cache_layer] Transaction payload payload_hash=CUelBlgBrTZjTkJBi0RZ7qOfg1+qkX4W2mBmjbhGFHTNg5+rsm7DxSsYoJKfdw25HLFJc8FFxuhfLXaBt0kZuQ== processed in 157ms
[2026-08-24 07:30:14] [INFO] [cache_layer] Transaction payload payload_hash=EEud2c+RAVAYCB/0uDYeclsmbJiGXFl+QmiI/Q2up47g9RDOmEP+U/gQvfxkbM1w9Ry/1iDb9ANxawnipnICTg== processed in 237ms
[2026-08-24 06:11:41] [WARN] [cache_layer] Transaction payload payload_hash=yeJkipVjhkqucx/CjshOA7hbfOWozTVSC+y/+01fLSGzOImgq3TATf8ZNO2Y6glhoh/5NXaqu39nMdTXZbFIIw== processed in 38ms
[2026-08-24 09:40:35] [ERROR] [auth_service] Transaction payload payload_hash=gRri14FiyhxJIbbqZE2RUT+eb48OJSP1XTxJIfoJBK1UQHPq6qppETEcqn6SeAd9gjjylQ0iqW8W40r2x8JVSQ== processed in 401ms
[2026-08-24 05:43:31] [DEBUG] [auth_service] Transaction payload payload_hash=cs0WL+q6JtKRkhnLgdPMQDnsGaSXx3Y1I9rXZ1nowWOiOT2l37GY0D7Zh9jffTxfsCQg4q/88R0OIp0OdSes5Q== processed in 359ms
[2026-08-24 08:34:53] [INFO] [db_pool] Transaction payload payload_hash=cMWcKCLDeVQ5v38U90OiZgOaO2Xp7ww9Hku/50BemdRAN3dpR+RyddsbOj7QgZyWZnJrX5SwQOvXWLtmazjgiQ== processed in 5ms
[2026-08-24 05:10:32] [ERROR] [db_pool] Transaction payload payload_hash=NDleB7hKSZXj8Ux9ldl1u1vdtaTO7h82S9urId8RRGZL+eyCKbsXGDnIbFWnQFB0f+ZDm+JcWE2uMPDZCFeMvQ== processed in 479ms
[2026-08-24 11:19:46] [INFO] [auth_service] Transaction payload payload_hash=qMwnIv4kcu/3y+WHU4ndn6Tw3s15buQaOPLyGcpmcu8/7Pn3wvmZUXg3KdRs2VCw7fOWJ/Re4od2vbKdwHbXHA== processed in 264ms
[2026-08-24 03:08:34] [INFO] [cache_layer] Transaction payload payload_hash=iXtb1nvNCkafw3d2zmiOzFGNf9z2OsLFZyD6doZGv698KhGlLOilDJy02Q028YsABvn0i0TAgdGCPXRIwYEhaA== processed in 19ms
[2026-08-24 06:09:48] [WARN] [api_router] Transaction payload payload_hash=RczJc0QEg6FT+BvR2cT2LDYFLT24zuBcR6jHxOGuDMWCO/pyZ79NFUMolVcyNHdynGAbdB6WOqgyPkbrg6vWww== processed in 450ms
[2026-08-24 03:31:59] [WARN] [api_router] Transaction payload payload_hash=18ppO6AdGYuBD/oGgmY/ihyINs7L17cRIzlRzc9DhsfnZylCxeJCSk3monF4ThnA5CbOwAN45r5j3T0GY/ivHw== processed in 336ms
[2026-08-24 02:34:17] [INFO] [db_pool] Transaction payload payload_hash=Jzg33elhXvk47x3J6zAGtn/jcQ2CApsml/FkzsXXWb+87bqRqqEG2uLaAt9JcEtGKRHNQmmf47YN0WYd+DNRaA== processed in 0ms
[2026-08-24 07:07:09] [ERROR] [auth_service] Transaction payload payload_hash=vfrLWNsCjrtN2Bh0UivMg+2hZkddNhFDRZNr/UTNgGFaqiLvsJBOfIy9n1MXSu8VidRRy8RW1PEOIwLu88/XLQ== processed in 395ms
[2026-08-24 04:41:12] [DEBUG] [db_pool] Transaction payload payload_hash=3v9Pl3vrosSAwO6EY0AOHJG1ESP7iJAxek2vpdLp5XPw33odZ8LclDjTH7eVkELMSMFHIAOwQu6SsZT8YhLC8A== processed in 442ms
[2026-08-24 09:45:51] [DEBUG] [payment_gateway] Transaction payload payload_hash=MzD96G+ClJFxYPxDuDXCWeQ2fjZiErq86+ouEg9QSYqJZpFsY+H2KGsFbiBNhkJSmX8pEGnXBMAArSAvN/28vA== processed in 391ms
[2026-08-24 06:06:36] [WARN] [auth_service] Transaction payload payload_hash=o0XcWgN+T8sSyfWKuoiVzz7aVpuDyIu5VBq4W8whw6J97zeAsJEFPv7NqpXgk0rvgCvHjkhtg0r8Qz6YNiSy5g== processed in 102ms
[2026-08-24 08:48:10] [WARN] [auth_service] Transaction payload payload_hash=1Ll6+A5UGnar3uhLRANI51f8HFSmP9cknG/rmhH9GMSH+7YnO+0Cj42j1R4X79ZcGaY/XhKeW+jeyuoJwYjqTA== processed in 328ms
[2026-08-24 08:15:51] [ERROR] [db_pool] Transaction payload payload_hash=GZcWtEZWW0DEcXuygaRcaAyJz+sXoAgjvLUBRQQDVKzWwLIGlKqkA0PK05gfVwRJC//83fuyRGd/W+3OpmNXPA== processed in 32ms
[2026-08-24 02:24:02] [ERROR] [db_pool] Transaction payload payload_hash=zfjlaHFXT5RzoZWZPL4BiUyKyOKr5RjBabUrEHK/YrRNbnQh1m1966j5f0gwp4VrxvvtyuKMSMcaSx+JSCv4bw== processed in 90ms
[2026-08-24 05:12:56] [DEBUG] [payment_gateway] Transaction payload payload_hash=zNgQfxSz+UJQnwOkzKJk4ftt6bZBRT1vWa+3fmJoobOQ0jVqegWbkgsf7RdDjByoc0LcXMImBWF09jXa/3WRrQ== processed in 383ms
[2026-08-24 03:18:05] [ERROR] [api_router] Transaction payload payload_hash=8xP8Mb6NBZvFYhih8UDF2KodGvtdYBVfgN05w1xs+Fdlf3QLhbnG0DvvlrUlsKK4yx2mJ6ffOs5MKeQMCLQnHA== processed in 402ms
[2026-08-24 08:53:33] [DEBUG] [api_router] Transaction payload payload_hash=H9lLLswb/Sfo4LxB4/KeEMOYX5BbEFREuXH8gYjS0/QXfCxo09lz4egx9b1xztwWhHsfwdW8NixaDhXDIiPONA== processed in 146ms
[2026-08-24 05:30:49] [ERROR] [payment_gateway] Transaction payload payload_hash=R5sZOsQ2xFzGkspfTEzl6PiwdclAvy/alqE18I2xWYDPdi//QiR6vp7oGvCuBuvJ2U6ydzOdZ7HLC0d476n9gg== processed in 188ms
[2026-08-24 03:42:21] [DEBUG] [payment_gateway] Transaction payload payload_hash=A0JPknjwjKXvaVPoqGdmLDi8RDQSX5nVgdO3fDX1xe0d2uYfRS3Maq3XcRODRKvpxiMSjPWBIlQcxHT6dWWrcg== processed in 151ms
[2026-08-24 08:25:59] [DEBUG] [auth_service] Transaction payload payload_hash=ECHQawy6WfTQMArCSRW2+l7Vv5o9CE7xEPiuBiTh+gx91HGOTmQJQyQgTY+6ydRfwYkITtYQ2JDAOquJp4qnFw== processed in 415ms
[2026-08-24 02:45:31] [WARN] [cache_layer] Transaction payload payload_hash=bnw6RHDdBTJFGPmmNnB/CB3Ah8vCscau/Xz7m8BPLAD3vpPhPTFe7Px+BqR/tDzdmmmPCNcEdKEy9Jtmv0vToQ== processed in 182ms
[2026-08-24 02:19:15] [ERROR] [cache_layer] Transaction payload payload_hash=oXZ4IxTERVnILHC2DFQsLB6MsHa83IZFHqydfWVxQD47zSglgyRfCcbZSQIXhgZRETBphWJIcZQEr1gp8SVwyA== processed in 128ms
[2026-08-24 02:33:25] [WARN] [auth_service] Transaction payload payload_hash=3z42f4pxcuQi+ZymQmowJaVLeHzYT8wubZyPFazuxj7f9q5vsCNsKPkJBqiCTxWOmGOogVygb8rP2GZ/8pPMBg== processed in 194ms
[2026-08-24 07:34:15] [DEBUG] [db_pool] Transaction payload payload_hash=cdFLYSqqU8rSczRJ17Km5WPeLldDvWU5W6Ia4EWAIbUuEp3wux6MoyvGhRODAH5ztZkkX46oj0/zRpbHLIeq6g== processed in 468ms
[2026-08-24 11:02:17] [WARN] [auth_service] Transaction payload payload_hash=u3nYP+NBEULhJkyYaSxyZEzVnzQgKPcVyjXySd5+jt9QUV2LLf83JlA/M7wcvRXw98cqHLtXdO+MnfewUTRsfA== processed in 460ms
[2026-08-24 03:20:29] [INFO] [db_pool] Transaction payload payload_hash=+f0B9PrtqOY/W/Ndbw9XbuU1XepxqsK8smYO72skOjQ5X8riiDNtf/C1s1D91mTDZ8nPZVhhp9TuVDJtAG3DDg== processed in 286ms
[2026-08-24 05:55:27] [INFO] [auth_service] Transaction payload payload_hash=4PP685Qjzn7h0YyYM9rJwrLwpUCrDR9/JM4hgXl2qoHGOMcFixNXE5KG8r1u6NV70sq1UTUK7SS9zM8+XSInsg== processed in 93ms
[2026-08-24 04:25:41] [WARN] [api_router] Transaction payload payload_hash=Jni1DLgv0tTHYz+CyWFzcZC5dp6BqoLwzKp5b82NjPfCtOktDyGXg4JOnTEP0F6ZDVj4x+5oDdAtqbFJU5Re/g== processed in 254ms
[2026-08-24 08:12:41] [DEBUG] [payment_gateway] Transaction payload payload_hash=57EUm1LT2t1GrLAoZ3ACuGyW/SlWxszvm3PGgzCSkJ0eBD4Lps05Us1qZJFXgyCUzsLNbMi7THi3R634fZstPA== processed in 223ms
[2026-08-24 05:11:43] [ERROR] [api_router] Transaction payload payload_hash=BAzj+8XFv1A1Ng5EzKWR5rtlsZsvXAZev0YouP3Bies7cHmZKFPVQrko2B1L72IeC4itUCyBWDV7T1V3edUVbg== processed in 187ms
[2026-08-24 07:15:25] [INFO] [auth_service] Transaction payload payload_hash=9bOzG953/zp0C703o1Jn3k9EVLhja/VM7lrAVLZYbFrkh0GZM9MMgdJFapYZf1qaJhqf8gg8uvP+ERYdabC8uQ== processed in 385ms
[2026-08-24 08:37:34] [WARN] [api_router] Transaction payload payload_hash=5qozoeoyyfiP3t7Z24EkcmjjS4A6kanztoN7hp2UnZh/lqcmVZC947ete2GC+hVWgWHaQ6lsQqvsWZaM80r/zQ== processed in 420ms
[2026-08-24 05:46:39] [WARN] [auth_service] Transaction payload payload_hash=k2G2bTcOO7eWLW57BPoyZIp4qSyoAkzlFp1ESqazU4cR70Q07al1lkAjYTTBNkGV/gNSyFGLxMBQZ8ACU149wQ== processed in 250ms
[2026-08-24 08:59:06] [DEBUG] [db_pool] Transaction payload payload_hash=7Wh8S49xRfEeyLd9YvlQDwU21v9BLC9P5VjPcWfV/9cxsx4COksmfnWWrc+C4Ufvv7lZynZ8cXWSODQN/rd+/w== processed in 217ms
[2026-08-24 02:19:02] [WARN] [api_router] Transaction payload payload_hash=s7c+kuCuX2uqFOhReVkRDNN4DowZnS4V5pTeE09tGtnkIvbyTHk/7xDuWrG69sMyiXbqwSET4INhNf7isk289w== processed in 102ms
[2026-08-24 10:18:11] [WARN] [payment_gateway] Transaction payload payload_hash=TWBtcmDv38lfQWA0IRMaHNlZOX/kTiaNfr2MZvGDDzgwnTUp0Hblaxt8WE4O+pml63YSe6VK5rEPfBRPnYAUsw== processed in 233ms
[2026-08-24 09:43:14] [INFO] [auth_service] Transaction payload payload_hash=uZVJEhaCIMasVKFgVIw4fH9xAXnespjQEpx8LuHERFeevLJAbCQ3+w046peyBAw7PNcyWMZO4Tvv/Z4O83G4TQ== processed in 123ms
[2026-08-24 03:31:37] [ERROR] [payment_gateway] Transaction payload payload_hash=Jb4x6Wo52e79a/JGb78fUFZD2xsgVYeUZE2LGJMD+jMqGRdQauH6EJTapQT9cNVEg8I1j7Z4U12McDpAJyWOhQ== processed in 134ms
[2026-08-24 09:11:42] [DEBUG] [payment_gateway] Transaction payload payload_hash=zGUjnduLaKeqKb35Q4TIBw+gUQc5fyRPjJuSobBXb5BVsXL6VDU0VRfEjOxJK5p3sWyKXmhOFrTb1M6rec3YPw== processed in 388ms
[2026-08-24 06:39:07] [INFO] [db_pool] Transaction payload payload_hash=3Q74quSkLzG/kR98N5cmTyv/olaaAAl67Pfwo2r9B6dad/LpL1+CxS5+L/ge7oXFb1ZsCAOH1kg+msCrPzuQgw== processed in 495ms
[2026-08-24 08:31:20] [WARN] [cache_layer] Transaction payload payload_hash=BD/jh9D5OZJOcXXjiv4owmMVYsYlbiar4gFUcKs1/NxlVJCwfQga2/g+hwJqEsXaYA+q4pGX8gO2z75CnX+J4Q== processed in 345ms
[2026-08-24 11:14:18] [INFO] [cache_layer] Transaction payload payload_hash=MfgrYuFO9A6i97hLLznLgB68/8RYXGZAD26euSkjl7cR6uwedPpdK5ZXas+YNDfkPgkUp7XrFy8nHRyrVNw2jQ== processed in 490ms
[2026-08-24 09:07:24] [INFO] [db_pool] Transaction payload payload_hash=6BvarIZXX7PZHtPNGtv4iyVVfk9XXnSnuBEVbLjxiowzrcf0EV/FMaqZeMHTVxYpq1QYwM6Ilmw47s4Wlu0VWA== processed in 259ms
[2026-08-24 04:40:26] [WARN] [db_pool] Transaction payload payload_hash=7PY0x4Z07bb+uwL+on9ADDDb0AojBm3pqqB46rSRZ8WnX6BP8ZRMMWns8jatiiGQ1ciY8W3Xv7sRUajzypAxHw== processed in 429ms
[2026-08-24 06:54:01] [DEBUG] [payment_gateway] Transaction payload payload_hash=SkqAVAT5YeW3cUnd+9h78aChAlsSkqiqrqqUTxicNiRLf3L9lkkW9TeWUGv7DrTlByBO+1P06rgPnA6mJtC3og== processed in 41ms
[2026-08-24 10:54:08] [WARN] [db_pool] Transaction payload payload_hash=3yVJsywdbFka3VEMngE61rgOo0KTAmvNRdbFp5ZEc2zFoiCEdBTA7S2NuYEkMCDO2KJbnorcpSyX/F+/myQo6w== processed in 333ms
[2026-08-24 05:41:13] [ERROR] [db_pool] Transaction payload payload_hash=J6o3ih3qToDWQfNPRxwp/eZHug3wE6sHzr7/NAjWVY4Sc9R1eieRfRjZwM8vRzb30rLb/nPKv9K4FX9iOrq2+A== processed in 468ms
[2026-08-24 03:44:28] [ERROR] [payment_gateway] Transaction payload payload_hash=hdaLlS4xLmVkEQly9nCbAEj62BRkJ8eibZ2T5bJIhoKZpi8s6aYoakjsQThybhy1Gr6QuCyaioK2pYT+oMsXIQ== processed in 406ms
[2026-08-24 04:52:13] [DEBUG] [db_pool] Transaction payload payload_hash=8kcddyQ2cAnM1EYz62WxWzMqU9bdxuJHrp73NLwv2yco8s7WxJAxOBKfIFVwr+wfwUYS9nnZ+yQi7yUGckdn2Q== processed in 418ms
[2026-08-24 10:17:40] [DEBUG] [payment_gateway] Transaction payload payload_hash=GoCy1+OxU6voO31FKrq17fFWMNy0te1OQUZMVAOltx5y8uahu+edI87QKU0GzWF/1M24rpO/ZluSTVGqbzwXbQ== processed in 467ms
[2026-08-24 05:08:55] [INFO] [cache_layer] Transaction payload payload_hash=XRXSzA0iMUnIM1RbG9Vu61M6Eo8Jd7v6kJf4ecZe51855PygKe3t0STuadIPZema2tkqq/oAFIq81ndB3w53ow== processed in 485ms
[2026-08-24 02:42:30] [DEBUG] [cache_layer] Transaction payload payload_hash=k7Cv2NBri7WJVpe6b5O11QYG2eC7e/LTYvfW2HZ5kneJJUPoB9Sl5EKbpviE0oaw5UFkfe/DZbAONzRcJaJi7g== processed in 133ms
[2026-08-24 05:17:22] [WARN] [auth_service] Transaction payload payload_hash=Ko3DG+xtb2dErgik9WDdq7pWkNA6Hk15LadEguL3z6c5Bv5vb5M9ZmN5BVzfI2uzFphJ1N58jrE8CIp6wI8yOg== processed in 332ms
[2026-08-24 07:15:37] [ERROR] [payment_gateway] Transaction payload payload_hash=ohbzvhQ15CtqF7xzQwtIWnS1Ec/7NHNcJGB6NpjnST+K4YgLA65Cn7g8jFjh/NCKACFLNTk7Rj/UuzG7V8WR+g== processed in 310ms
[2026-08-24 06:24:31] [ERROR] [payment_gateway] Transaction payload payload_hash=Bp1lvCWiIXuVoS7cxnxuvnjLQ/2cASQlqVvA2xn5QSAWK7tPjEMtWIwbFDMaupplp4xbEVYvWVTNzFIfqcSVKw== processed in 480ms
[2026-08-24 04:33:44] [DEBUG] [payment_gateway] Transaction payload payload_hash=vVvuR7/bjsJJ07aOUi10KTLodqPGyctn2mmQ1qz9niHdChZ29H+mP1CK6T+lgoNxaS9nF85AqqT7pH+LJVOQMg== processed in 456ms
[2026-08-24 10:37:21] [DEBUG] [auth_service] Transaction payload payload_hash=U/Qb1/bMvP+m+ij41vOaIsOsvgY55HkOgBnfIdtNI1XDEMdLxuSxhVuQ8kk9Gq5JyBd/m3snNwF/r6/kb11nWA== processed in 181ms
[2026-08-24 06:35:17] [WARN] [payment_gateway] Transaction payload payload_hash=NQf1ujkQxJ3QP5YA5dnIWefH6NelM03kXdfIBlVJfqbpM/tf8GI0ql1plR/UXOQCeMTMl4n6+7sGr+FvPOUNkw== processed in 320ms
[2026-08-24 10:24:52] [WARN] [cache_layer] Transaction payload payload_hash=+W8y5xxMLfE3Pw053Ut9VRNJi14VO/IN4LJCCTml1t9mGJdOboVNw7jXXEPZybwVbb2/uLZ3j4HvgDsRia3luQ== processed in 161ms
[2026-08-24 11:03:30] [INFO] [auth_service] Transaction payload payload_hash=yPjQwdRcLM+RAxjQsHQkcDyVcodWouaqrH/vmxvy3AcZl8cILcjOnX6+3Wbd3HXqdBsDFygf0CYBU0ZKT3zxMA== processed in 422ms
[2026-08-24 09:42:26] [INFO] [db_pool] Transaction payload payload_hash=heI5Os7okDXUrlDrQ64kR3TFwlp1t3ISh146d9hobG2tLfpjxFtD9NQ55s2iaOQ5WebAbharP91BwRoH04V9KA== processed in 492ms
[2026-08-24 02:58:56] [WARN] [cache_layer] Transaction payload payload_hash=mbFPYmWddk6u59MYU3LyVbIrXizdX1vEuQTYotTpDjhjposEI8MiL2U/xf6Z9QoKjErxyA2vtiQkZzzc4f+1kw== processed in 147ms
[2026-08-24 11:04:41] [INFO] [payment_gateway] Transaction payload payload_hash=ZegcchNuJK7ETnt3n8ZmIkyTXDhw1g1a/JUVmtyDOJXrDSJCHxfNL+xI1QG+q9yZ3eHE5uqCjbuYG5Qq4PsFsA== processed in 210ms
[2026-08-24 08:30:22] [DEBUG] [db_pool] Transaction payload payload_hash=IUjlYSMymiYXxZGE3IYH/Ymr2zbesc71W9mazvArigbPzl2mEih3/6DCROKIlqr3upBaip/AXt19Dk52fDBiMA== processed in 258ms
[2026-08-24 03:51:37] [WARN] [api_router] Transaction payload payload_hash=fkvbaGrXeXPTKzpKJmrG/YwpvqaKWO2cFMNT/LZ58CzyaxA84vFc3MbPvfOzyMEro0EdH9Eju+WeCuVxJHju4g== processed in 28ms
[2026-08-24 04:58:58] [INFO] [db_pool] Transaction payload payload_hash=oWkkWAjm6x2SNZs2m+g24XxyqX/Ib3EG+AVgaFYtbLWxQzt6lstxhc+/TArMmod5v4VTDDWeg2qaF2qP8qKHFw== processed in 37ms
[2026-08-24 09:54:11] [DEBUG] [api_router] Transaction payload payload_hash=jKBuUSMDVpvKa4c7TKuq4862OzR03c08glecZUYbeO+6rDPU17OBTj9kelWpkrXi35gRghLbiQw00C8DHOdFvw== processed in 68ms
[2026-08-24 07:28:12] [DEBUG] [cache_layer] Transaction payload payload_hash=Jdm5I2xl5990uXIvXz/lpvdctJE+IOlP0bBDqlMBRjmZ2+0zOB1rOudpk35qKdrizI21o7WGHfP0aPAWrRGK7Q== processed in 187ms
[2026-08-24 07:18:13] [INFO] [cache_layer] Transaction payload payload_hash=xuTn/rzle6rjtzgPhZJEYwyDhJuBsgTml5BMd2UZ9pQ7PhVsrpxKj/M5a7xmNmrri0oA+7pcnO1IY6G7JSpOHw== processed in 273ms
[2026-08-24 11:11:11] [ERROR] [auth_service] Transaction payload payload_hash=Dpt+ZQeE2A1y057TtQU1COlvUZSIpSXOAPDGtb85eRoeuPQpEL2+T2I4dEKIqROL1iSouXmWks8V2TN/LqZrqw== processed in 499ms
[2026-08-24 03:29:35] [INFO] [payment_gateway] Transaction payload payload_hash=6s1c+1QGQj+bDcXPAgs7kQfm6rE0BdaDO/0E0dIxKOsF3YYbwZpKXQgsjczUr9ewTEa3u9N9jtlL0TIh3L74Yw== processed in 438ms
[2026-08-24 02:47:06] [WARN] [auth_service] Transaction payload payload_hash=6t0YXFbPulgaZSNZ42OhV+Pta2YpwkJUCYgoBV1Q1LrucOcXCAaKU4BeOsHh6dUlu0V95+loO60cVNBqbV3vsQ== processed in 216ms
[2026-08-24 11:14:26] [WARN] [cache_layer] Transaction payload payload_hash=6rwHqK7OAsZe8uVghFArtVdbqWYWrpXDjy3iKGNCIXs+KAxIDdZg3djrHfYAZBx3msxMDoRjE+qzC37mwa6S2Q== processed in 484ms
[2026-08-24 10:30:12] [DEBUG] [auth_service] Transaction payload payload_hash=uqcnDtisf+HWGzrrsDc5IRho1bQhfBm3JNg0swbaqQv9ACoD/ROGxG19brz4jx+hrCOk7CSZIt5pQrySy+MwUw== processed in 323ms
[2026-08-24 04:27:32] [WARN] [db_pool] Transaction payload payload_hash=d6OxtijDIE4+GzPiltAJxnRlkXW/rs0uX+rKoOyOaVbmhRIoWaV9GIaXRLfU296f471FGegR5Ln1M0MhoQuAWQ== processed in 382ms
[2026-08-24 05:25:06] [DEBUG] [api_router] Transaction payload payload_hash=mZyA5sL8/G1mYxWwddtqSQyzSjQMG4cojIMbwrlIbRwsaivaGj2f6e5W6eoHz1beJ6MOE5SXrS0d/UC9F8JB8Q== processed in 135ms
[2026-08-24 11:15:37] [DEBUG] [auth_service] Transaction payload payload_hash=qSFq5aVQ+NJCWxOjHC7s+VGqJtSBHmqQ2Xkj4ZdQnPqubiROaERUG5sX8M1knCACKcc/80ryW/AH/5MFMYfpFQ== processed in 360ms
[2026-08-24 08:10:15] [WARN] [cache_layer] Transaction payload payload_hash=yHUk2LBMpIsaoq25hQlwIeFrp5Jg9oNPpPp+PXey2LVPivyM5BwPXbIZ3S9fX1UShs/PAbg3shZ4fA5aRN9CzQ== processed in 120ms
[2026-08-24 09:32:41] [WARN] [db_pool] Transaction payload payload_hash=uRJjaL6PcUxGHPjIiyH+tm4dQM0NdpZzpftaY9tO6nbzwRIrGsMOLoav19psZf4mBQ0HV2uoeUsFCIv3h4v/nQ== processed in 237ms
[2026-08-24 04:41:15] [DEBUG] [payment_gateway] Transaction payload payload_hash=QqYeJ426Jj/5laE0EAM4Zh1CpBgklvwWp8jBXSNXUGIpwwJGUtuswuGDjcTMseohUW/h4r4uZyvunP0+g237aQ== processed in 109ms
[2026-08-24 07:28:30] [DEBUG] [cache_layer] Transaction payload payload_hash=aHw0SVHd4UX2FrkkJbRq9osMSXoM0RoYkCOzRvnKlM+TjkD6k6063Wr4F/Sz208A63L5eW006E6a+/KXv/dgPQ== processed in 341ms
[2026-08-24 04:32:15] [WARN] [payment_gateway] Transaction payload payload_hash=tTWeGIttWlS2FTx702wuNGQpfyfFnt6JuX5ZfCitT1lnySoU5h4Bg/3+DTv92PPwN+kbC27f7PT2WpP91Q6YOA== processed in 16ms
[2026-08-24 11:13:21] [DEBUG] [auth_service] Transaction payload payload_hash=QvgRC1wFvE9LG0mxJXr/nPrSkUXRofZFhNUz8pXiiE5wC80ukktBFz+BC1Z7XJutnb/+O8xlCTOjrw9NQhL6nA== processed in 455ms
[2026-08-24 11:19:39] [INFO] [api_router] Transaction payload payload_hash=4xuzeYONvIEAvT2V9gTT4UL5G3sAAUOpJ561aFvdOxByj5cqavwSvkI7Io7BzdFZiJxIjArqRP9SEU4WQR+r7A== processed in 311ms
[2026-08-24 02:27:17] [WARN] [payment_gateway] Transaction payload payload_hash=xKyNFcWqfiF0Y4snE05I4ghenirU0qWGAfVu5q+oktcONqsG4If8BouPo8w9dA2hACtA5vHMYfoI1M3HfCycAQ== processed in 338ms
[2026-08-24 04:27:53] [DEBUG] [payment_gateway] Transaction payload payload_hash=dg8LDTCbiVKl/UUKKh4NFLrhxsWjc6HXgJNNVyFtYSE36HoCLJPZTuIxYRAGn67HB1QM5tQ+X5gWScp70WXN1A== processed in 275ms
[2026-08-24 10:32:28] [DEBUG] [payment_gateway] Transaction payload payload_hash=sjv6T7pzlB18ZSv6J06z6xzNHkkGmiGnxFNiIbodxfYpkSLww6PPQDQ7t1sLvg6TxtNdrBeeEwtrXkFcBz1Fpw== processed in 333ms
[2026-08-24 05:25:19] [ERROR] [cache_layer] Transaction payload payload_hash=8wurbKuxfJ7BaFaeAW7tsmaHV8bIKRv/YSd4eArNHl5wtKczp4HNYbMhmyU50aoHZXJjJCXlwD6MGlxEars/vQ== processed in 98ms
[2026-08-24 06:59:07] [INFO] [payment_gateway] Transaction payload payload_hash=PU7vvYDlmHcpm6oC+pt4+txxL0L0j/EQBauc/7nQYNNFaE68uQSfbp+/7V1iHwloFZLSFHLVQgjH3/YmQPz0nA== processed in 152ms
[2026-08-24 09:57:04] [INFO] [payment_gateway] Transaction payload payload_hash=v46QtkPledpCxjuxI3U4U1kto0jy2gK7AzgMZp/0QLgM+PfxhS75wPnycyDkvOlVbPH3/BNDaCE7fGJjO76Xcw== processed in 323ms
[2026-08-24 03:10:58] [DEBUG] [cache_layer] Transaction payload payload_hash=ox7BqeRZx0Kjh8mnELRIIgfDg6f+jypfkcGhLbOhjFrCKpWUhIbGMfpReL1ppDPh1nZBHz0oyGuJsF+JdFc5kQ== processed in 225ms
[2026-08-24 03:01:11] [DEBUG] [cache_layer] Transaction payload payload_hash=cbzqgIpv+MBWk0/HjM+Nmeckmz4m0703JCFlW9ax6LPh2/NNNrx+AtbVN1TCenyVv8Wv9IiKv53Kb1Z3JneeCA== processed in 237ms
[2026-08-24 08:40:12] [INFO] [cache_layer] Transaction payload payload_hash=UjXOXvLALiuMAAzShrhL1VdvkDIpH3zHL5gSHPsqj7m9VFNmsnhcCTCF7KgRoW3cehmi93qYTx584LxZr8xtdQ== processed in 229ms
[2026-08-24 03:40:52] [INFO] [payment_gateway] Transaction payload payload_hash=4nz84Lkvy8jDpNjLfeJvGxQJfWWLVLZkOIrBPQzLQNSKAOvcNigl2RRIHKAlBqeo9l2ODVlSZERRnLkyT6K63w== processed in 318ms
[2026-08-24 05:32:49] [DEBUG] [payment_gateway] Transaction payload payload_hash=dtaKgTXjKyfjPPf6kyOWZoIxwFFP12jX4BSNb13LxW98eFAylieQ88XCNoYkgmVuOizZ4D+VUzYbeQwAt0KUzw== processed in 325ms
[2026-08-24 07:56:48] [DEBUG] [auth_service] Transaction payload payload_hash=jriVz5+AL862REI0M+SE8wXeWIZeQ6WupqMKL24ZAPK1IM8/QFsooSMLtlCFxz7acnXXrdib9k5yxFhYNBGW+w== processed in 87ms
[2026-08-24 08:17:12] [WARN] [cache_layer] Transaction payload payload_hash=D2sl1+9Ck++KTFv+rmQ2f/Tvr6LrwUSWJVTYPOHAIZ4U2O1A0Sb1plFANHoPgOndaTmyLwtR18g71Oeh2CQ3IA== processed in 378ms
[2026-08-24 06:52:22] [INFO] [payment_gateway] Transaction payload payload_hash=lpO3HU4NhKBK5aA/CKXtEbHUMAACkdNJyLQZ2wa3TdjQmKl0ztsUvFJ3aliDqRGtqjgfJI1ACyMMpmOQiJbshg== processed in 146ms
[2026-08-24 04:09:00] [DEBUG] [db_pool] Transaction payload payload_hash=e5iCihdPDr/jcaPQXyZ97t33/N0bfgY8w0+B/JTJft6BcTj0a+0VJGnDOwyuorF1n13XFXyLBow7OmKXw1JGag== processed in 16ms
[2026-08-24 10:48:45] [WARN] [cache_layer] Transaction payload payload_hash=oRZEDinSWMPghpzXE1V4TtOSt0sdE+txcc5M+Pbh75xG5QX5Enx5z5qCybTkGo4b2J2WtVujHmRv0XYmRf48jw== processed in 134ms
[2026-08-24 03:25:07] [DEBUG] [auth_service] Transaction payload payload_hash=xJzPo4QPrC5BfBmNVsOeDLGA2Zo6NUpny0mDdt2Uu9uY98DdWWIqG50RGoKq9PzOKhYakryQJzC9iio6uHW0bw== processed in 10ms
[2026-08-24 09:20:08] [DEBUG] [api_router] Transaction payload payload_hash=aeJE1zPSCjmcsSaX8dvqJAW3EwtHA550sOr8flyImAFum6g3xI2pk/UyYZ7hQNA6I5joO72FkQ/BSFt5jyjkSA== processed in 442ms
[2026-08-24 03:03:35] [INFO] [cache_layer] Transaction payload payload_hash=uDpjpsc7dTp4IeNB0Aj00C+ABkl+PRt+g7wgmArcAIy1EEEK3O3KGtfOMiqz/2tulP5q6TqNcJkoR6//4XyliQ== processed in 310ms
[2026-08-24 03:15:01] [WARN] [api_router] Transaction payload payload_hash=3QpA43LFNKKiVLnXDXrpk0bZ+naC59i851QBvY/ITS8poxnhEMgX7JJO6rnWlQ/WXEG2ulrKFkauJDQMaxMfBA== processed in 275ms
[2026-08-24 06:38:38] [INFO] [api_router] Transaction payload payload_hash=5REHYZ8hLg3clC7GHuL4SvnY9cdAVUWUz4w6oMwCD5mNK6BZ0Xxv7PQgIosxMdLQ5oMZNuqdxBd7Ly4q9i5YLw== processed in 350ms
[2026-08-24 03:51:31] [ERROR] [payment_gateway] Transaction payload payload_hash=nEvkH+bQL6h1fQF1LxElF042ukt6SDEuLWTWwFxEhiqZG0ne0PB9tJsLHuI/7WH+KqHYTw7GsFoKj9RseEUHjQ== processed in 461ms
[2026-08-24 06:37:54] [WARN] [cache_layer] Transaction payload payload_hash=F3AcoopxGDbTIQx8uf37e1BfVX++H5pWTtrAbS071Xf/eQCVRPT/CCnn05YD6iBcV7X4SpoGYdyVRtaEwmtfew== processed in 431ms
[2026-08-24 06:55:50] [INFO] [api_router] Transaction payload payload_hash=UhJLp7KmKNXvxskLNx1QkjlVI0zKIIMvTYkPvqr71i2QL319tfQw0XUWjb8X2kSpo9tNAhy0N4vCaKfpANS8Zw== processed in 302ms
[2026-08-24 02:32:32] [ERROR] [payment_gateway] Transaction payload payload_hash=C36zd13aLEorGmh4opm8dljXh1GD8NaQiugSehAFnZRM6u7/nRxRmxQR7sP9Z3eC18e5URTiMEay7pzzIKhMQw== processed in 207ms
[2026-08-24 10:46:25] [WARN] [auth_service] Transaction payload payload_hash=kaisFLr+eO36SyuM9i7bUGtkBjSeXiRcjQOKCmaUW5Fj03/p6X7pMOD6aTJ+omertgLtiQJOUTnPEjt1n+VqUw== processed in 75ms
[2026-08-24 03:20:17] [DEBUG] [cache_layer] Transaction payload payload_hash=dvY5EOJe80OwhHS56RnEeiNl8jw+j3ZLcBbpfWLtbC3uN9OOvK+jRZ5FGzIr8mBi+0ULCcsjfDmiXLjap62f6g== processed in 322ms
[2026-08-24 05:04:28] [INFO] [api_router] Transaction payload payload_hash=2AytX8alX+001836kzm7qqrpkg17e+RrEjIGyaMC6t5XkUVQGWDXoGwX3A/mdCHimyyM6I7RrBIk3s+asHc9rw== processed in 34ms
[2026-08-24 07:22:57] [DEBUG] [db_pool] Transaction payload payload_hash=gYDUDujweBOx9FVlX0vveumZ92emexSxZcA6RdcsHDlRvSqa1igvTITgaIcDaC7f1hZ5VgEGWegUtsXfWri09g== processed in 486ms
[2026-08-24 05:18:17] [ERROR] [payment_gateway] Transaction payload payload_hash=WJIKdXHVxV+E5onTec8Wf8UGUqodBQ2EyGzn/YjElvWkbO3zzzkMaHMsfbV/3mO285X39KKPdxY8wTa9GxXGlg== processed in 305ms
[2026-08-24 07:33:13] [ERROR] [api_router] Transaction payload payload_hash=KgurOjTBfOZTmzyRmHClg0hpPoqV956Nc7BR32PE7qtsnM5bV2ZOr2ok4hpPq8/+QiH17yGo7DSOOOAt4plefA== processed in 402ms
[2026-08-24 09:15:31] [DEBUG] [payment_gateway] Transaction payload payload_hash=2D1RUytrGlvz1LF5ZXq6IrHbuYPuyxGTv6AsPKSFSIwIyFBiHeZ/2ErrAjlFUvQcMuP2FwL+kvhZbOLFXMbAtA== processed in 324ms
[2026-08-24 09:02:33] [ERROR] [payment_gateway] Transaction payload payload_hash=2z6ur79HQLASHUXJo07jqflDzUvgTzAhasWcTw36CrXlxvRgyfqON2fky/5eu1UvTIKN2UhUQtbIoCcTzwH2YQ== processed in 479ms
[2026-08-24 08:37:23] [DEBUG] [auth_service] Transaction payload payload_hash=iGJCuz/JrlfSzzEu9jIG3C//Kaz1GUG8GNcYw6zYi/Lj559gdfWGkYwlc76fFT9Kz7ktiV9irU9IqPZg3HOHKA== processed in 413ms
[2026-08-24 10:40:02] [INFO] [auth_service] Transaction payload payload_hash=IuhxbB5QwVA3NDX5QnYe9PbytxGdu7mTEMw2Zi43uoo4vJ8nDO5DPgkw1PPsBU4S0KPb8d2ezJzHsi6vUd7Mbw== processed in 76ms
[2026-08-24 10:08:37] [INFO] [db_pool] Transaction payload payload_hash=2L2cBIGfObMMvFGGR23Z8NA3LU9fuVWZCemn6b0+HqHSQJDUYmPWU74zkNyU1z+b4Ph1s0wZvzkEt/jCNkyOmA== processed in 446ms
[2026-08-24 05:09:43] [ERROR] [api_router] Transaction payload payload_hash=3e6ZSBH/dyqh2QYdQ8mr/GXsNspGHacAehWIWh/5QTvM8/5n+aIHmKHRHFEW8XW+two/6+lFTdzfyNWGVoVCCw== processed in 348ms
[2026-08-24 02:29:35] [DEBUG] [auth_service] Transaction payload payload_hash=Idd5tt5lHHLdY51ykEI2Ve02K1R7frdoX8KnnueChGNyX6f09wj1uFHdIILU7pGFdWSq9su0f2153ph2552yDw== processed in 26ms
[2026-08-24 08:32:48] [ERROR] [cache_layer] Transaction payload payload_hash=uZZ/KVRJOKo4nJFOxOHsz7Z81BSynf+H3rR4H0I+Ir4j5bDKtcF0j+k0E/rrXDLXd/N+ElaumtrL11Q1W5Z8Pg== processed in 112ms
[2026-08-24 03:49:57] [INFO] [payment_gateway] Transaction payload payload_hash=0LuPsTJlt6bzuEkj7IUr7v4KPYvvgmpMv0Y3ZhnyYWroziyqQd/t73I8mZvR5Rd0nd4qBrfXymCRKAIGefIfjQ== processed in 117ms
[2026-08-24 02:51:39] [ERROR] [api_router] Transaction payload payload_hash=QoG+Zf0FZfQiFy4Od6YSjev7jThcCSqydKkvm1pjfuNOUh9DBs1oIZAFe/NPf0W4RBsK3+sPwEPcyQpxKYDSeQ== processed in 278ms
[2026-08-24 03:14:43] [WARN] [db_pool] Transaction payload payload_hash=HWRSI4FiBsQpwab8JE6xEuOP1nUq/6swctSf8XZaW/XLJ3u4+y7EDZu/Ax4Evd14hOr+B5RS5eg/Eq128//9fQ== processed in 15ms
[2026-08-24 11:15:09] [DEBUG] [payment_gateway] Transaction payload payload_hash=ht9tcDfET5fT5ZfVNLAPW3n8ioT9Zv9DJXluedRqLbtnSglp/+eSi6KeNQKi1QbUlLLQhJ/0SMnv4bBgOQOa4g== processed in 123ms
[2026-08-24 02:23:12] [INFO] [payment_gateway] Transaction payload payload_hash=AxAnkhcAy0xkqdXOFanCK38CHS3tdB7VmtsCCqor1rDy+OXhdW4NUK/+ycbpgxsgIr82ULfGSQVO15PpchnTyQ== processed in 19ms
[2026-08-24 07:16:29] [INFO] [auth_service] Transaction payload payload_hash=AHjmgDQcdiophKy4gwswWVIFIIoK72FDN+AR8u2HZCCcOnb0GrPKtyOHiVuHqQF3C57Pu1LBtoyM1UvVRAUeTg== processed in 138ms
[2026-08-24 07:41:56] [INFO] [auth_service] Transaction payload payload_hash=h9y3APRYVl3A3V/F7pf4HCdMFu8OJy+8rj77SwrZMqg0Rgemf4eDnzFMxZUSjXKCnM44RwGnFqBJ2cIOujV4dA== processed in 400ms
[2026-08-24 04:41:39] [INFO] [db_pool] Transaction payload payload_hash=FPRYzS6XdqZeUhgFrop3fXhh36d5cbkZUYsyitoG5DGaqFN/6GPe8+SvnvjUDj7yQalNFOv1lPLqA1ILaw48jQ== processed in 330ms
[2026-08-24 04:13:26] [WARN] [cache_layer] Transaction payload payload_hash=9PMKBhPdUHObfZw4TjJd4ppOb9X8OKr65/60ReyYYmEU2ZCYQ3R5ajdbyUfg3i8zbEmRUMPsHhxRgCbI7H+Mzg== processed in 182ms
[2026-08-24 04:44:34] [INFO] [db_pool] Transaction payload payload_hash=0cEM5YEOSCsRtJ+OYkXj1uCCwdrQP23I/BFysTQ4WIyeoMrixY3Ex/OusOMMsfGTZxv5OF6pHPBjUZhpWhe0bw== processed in 195ms
[2026-08-24 08:36:30] [WARN] [cache_layer] Transaction payload payload_hash=V0PmFrGS6ITZBbKkm/mBFDZn5P+jmZzNWSfEX5KJtAS3FOv0c+/wRMt3s9VMlhN9dWzhGwfmGH0U9fogz9v2lA== processed in 327ms
[2026-08-24 09:49:14] [DEBUG] [cache_layer] Transaction payload payload_hash=5MnmklCtoFDVLE/gA+bXMIvu/+CuxCDj/sCjV3EmMUs4J2guBJOlxxHOnkjz+K8gc9uXGimnwxFsxgl8Fj+f2A== processed in 198ms
[2026-08-24 11:19:06] [INFO] [api_router] Transaction payload payload_hash=mka2c4HuBEaG08aooE8CHGnP51zKN4HsJSu7tmmxsAQt8MckCNf2wEp1OZpL6G/yCob7Srdy3DAEudHSX0c9eA== processed in 148ms
[2026-08-24 03:36:52] [WARN] [cache_layer] Transaction payload payload_hash=oapj6da4qJkw9bkI29rJrkyI+psSi5QdOyhCStAp501IeCCah+UAT6IUDaSDEmDO6LOnV0hYZmuY6PVjr5tHhQ== processed in 362ms
[2026-08-24 03:55:43] [WARN] [cache_layer] Transaction payload payload_hash=37tu7OgtAT03XNRrdqce1YZS68wkM77A4lPFva5jJjNlKv/ztVuWedJLCqSrlGFUxh1KGWwwtZeZLNuSLbkMYg== processed in 312ms
[2026-08-24 07:51:26] [ERROR] [api_router] Transaction payload payload_hash=P0s5CGuEg8PLiu0OU+f7EFNdyY5+tFlqHtfPncWHTAhQwcNzE1F34Dg38J2I0emDPjkp4JoYr5WSXX4+FVSr7Q== processed in 145ms
[2026-08-24 07:03:50] [WARN] [cache_layer] Transaction payload payload_hash=P1yt2PMxaFI95i+LLDzWbzGwro9aTkYfYBzJ252Xe9Ke/OoMXMOvyosTMzPgQ1ru0C9E72ICTu2MhzeGnkozQg== processed in 402ms
[2026-08-24 04:23:32] [DEBUG] [auth_service] Transaction payload payload_hash=uTgKC3XWre0OLd6dN13GIoS0mM6510bu5s2+fo8K4gKngUxFvP9Nl1FFB9ITgJL0UoAQ89+SYaxwmYzEWJAZVw== processed in 99ms
[2026-08-24 05:41:39] [INFO] [payment_gateway] Transaction payload payload_hash=bhY3fbidpZ3Q7vx2k5Qm2WceXC4FUgEGlRT3OypyxXvgIC/a4W6Dq4M6zEyw3fyZLCRwqlH1cghcftf+NbPoBg== processed in 137ms
[2026-08-24 04:10:06] [ERROR] [cache_layer] Transaction payload payload_hash=fBtPAffA5UvS6rl8UAYnbGtaoA7Jg3nuMEDZIAtGtCU4LnQw4MfW7xEw6yYqkK2kPIVhsRuOps4Yy8LAeGF7kQ== processed in 190ms
[2026-08-24 02:19:04] [ERROR] [cache_layer] Transaction payload payload_hash=ykj24AUmU3q16i/u9vVXwiRGDMFaruH/aALWazT+qrPYIzGuDX+TMV7pLy8MrsWDoo59DFFinEf60R6Rvz5+6g== processed in 492ms
[2026-08-24 10:20:16] [WARN] [auth_service] Transaction payload payload_hash=NCNAO47CfXp19CYH5agXtZtt1v5K0Z0j007JpNUZml1d80S7QkdwrYEr++nHy59aCFMbiuKQ4mK6woqTLEZE+g== processed in 471ms
[2026-08-24 08:33:39] [INFO] [api_router] Transaction payload payload_hash=vbvhio/8DfnMJ5xWa00WUV4DHRXWmAY074o19RXz7JRIFOX3mOHhAqgQL5t2XLc3nilSRCwhJXekY7xNveYfdg== processed in 389ms
[2026-08-24 04:18:14] [INFO] [db_pool] Transaction payload payload_hash=4LaSccrMY6SgPMEzNJGlNn5vdSdd20+HbZxfmmeFFR27i6Mfg5XJEDTwX5xOp/ZMW2cikIFYWfg6Zo5YimTD4Q== processed in 359ms
[2026-08-24 03:13:51] [INFO] [payment_gateway] Transaction payload payload_hash=vIvVjUtoudUwXS8gBhpWodNzEjnL9lkKwymvpOMOSYGVdfrHAeJs3bxZwt1OBjcn+ONuJo71X0pJ+1/AcKFbCA== processed in 28ms
[2026-08-24 06:52:51] [INFO] [db_pool] Transaction payload payload_hash=pq/bo+n6ezkUs3KPPVG/mlQ+xC+TPO78RDiINMLWMQmhu93h4qXwvkgtsPeHfPVAEUmOtA7KfUIhejIjRGCWbw== processed in 371ms
[2026-08-24 11:14:32] [INFO] [db_pool] Transaction payload payload_hash=ErKURaGiQ3QyIww9sTueZkYIO6u8baCPC8Cbt2DOhArO5oL2vtmjHL3++sxAxMjk6C6BYr/YKDQc4EoB4Kp/bg== processed in 440ms
[2026-08-24 09:49:39] [WARN] [api_router] Transaction payload payload_hash=pEga/UC/wcmfIqieioeIwFL6BIiuprn8eoHu9HEHAGUAlYymQawwqeDq+lzMYV3KSx0jOb700uOB2KkEoETuOA== processed in 285ms
[2026-08-24 09:25:29] [INFO] [api_router] Transaction payload payload_hash=dneL9vK2fORn2moD8Lr15Z1oWiPxAqoRbLwFn+3U7l/MKp7DoeQynuxZKkiqCgf9uGyYU4Opoyju9O0Lep6VEQ== processed in 381ms
[2026-08-24 11:16:30] [DEBUG] [payment_gateway] Transaction payload payload_hash=ujAU03zATZ05OHe6mX5jwkchcIna9WnCJ8XbElf9KcnZ47BsCcfChBC15WeGBhc4WzfCRC6XY0dbU3B4ZMJwwQ== processed in 120ms
[2026-08-24 10:45:06] [INFO] [auth_service] Transaction payload payload_hash=+CQVk6TDvvUgIpAmOaOLj1rG4P1oXouPGlP6dEJBMZiXaV+pa97rJRGkf02bNRnKfs1u5aI/gBzPt1O3Pi2Reg== processed in 450ms
[2026-08-24 09:46:24] [WARN] [auth_service] Transaction payload payload_hash=EYDd+MNMe2W0+cJ6xqOMasMGmX3NFEaVaVns2TsVhBN5jW684tI0JqQhZu5TefCeezQpn9jjGaF4Kt6fzn2a7w== processed in 239ms
[2026-08-24 05:11:34] [DEBUG] [db_pool] Transaction payload payload_hash=6f9a9qtykEq0siV3RNfnd+Zt2i+iynklYaPQTEcHw6vIyf7+4a0NPpnrn5wkI65ZiPYsBC8C3tl8YsWryMrnXQ== processed in 498ms
[2026-08-24 05:47:44] [DEBUG] [payment_gateway] Transaction payload payload_hash=5Ab7PM8pAHycsgrfA5bTOqh438LBGp6nBdAzycyGpR/l8J4BumWGLM3pb4RTOqdw05rc6kE7NCoM6XbuksUSEg== processed in 199ms
[2026-08-24 09:30:39] [ERROR] [db_pool] Transaction payload payload_hash=X6iVmKJQoU1qVTdESBVZpO0JqsLfSX4CrEtI1RIxylkaf8++CIJSygUQ3hmDnzthKgssMvN8BbkxeKXRTp9GIg== processed in 187ms
[2026-08-24 08:19:56] [WARN] [payment_gateway] Transaction payload payload_hash=NdIxYjPBTv6QeyvIvFPI+qJPY7VLGVD+7Mthmr5IR/U8R9GYs0IrZSDZ6bzYLRaUHwNgKluRvBI09at/4w8REQ== processed in 51ms
[2026-08-24 05:46:32] [ERROR] [api_router] Transaction payload payload_hash=obsizTaoIe5D+hkw4Wjsg6bayh46166y9gPIkyPurWl9hZ5l1MxfSOsT29qpdRuM6AZJleeFUSWc16cKcqOGFQ== processed in 23ms
[2026-08-24 07:03:56] [ERROR] [payment_gateway] Transaction payload payload_hash=76mNBxp7AsT9hZ+EN3DXPDoWlZhQZ/2xLdtvzxrJyC40LLWolwzWhsMwTAb2ZeP2ydvJEIRgMkTIB/+2aqXfJA== processed in 82ms
[2026-08-24 07:47:09] [WARN] [cache_layer] Transaction payload payload_hash=BNTKe/XIbqb1OzePyfzjd9cGwCWqphRINwafXIEkeugANhsxIEoosBk0M4lIN3uNizX0qrPauSTy9R66/wyEaQ== processed in 457ms
[2026-08-24 06:37:40] [DEBUG] [api_router] Transaction payload payload_hash=NPbBkIcf2IX9w8Roy/JpPknWPP41jsSkjbLP9DsIqqI6PIRBbZ90DV2OD3MUX1M/hlK7C9QzPOPhBfimnGmqBg== processed in 474ms
[2026-08-24 04:37:38] [DEBUG] [payment_gateway] Transaction payload payload_hash=NZf1vs9djKF1w3VXnjnI//FJHzZTLt/f0fDG3vIpc6YEzO/FfSCtaKjtd2YSH9puJlDJp8TIYzn7x09IWqNQlw== processed in 108ms
[2026-08-24 09:17:34] [DEBUG] [api_router] Transaction payload payload_hash=EqVoO/Z0jY/pAsOpJVuPbbGbvbqg+pszKOokKR/5I56BIXZLbN/euO74alsJTDtutu9s7T69ltXkkkvG5ivlPw== processed in 422ms
[2026-08-24 08:38:26] [DEBUG] [db_pool] Transaction payload payload_hash=fIHf5oPMTXhB6LktzItLcN5K7ORk+eoCZB5HY1ur3A3dgnPVWeilCTpMIaKS3sVDOzQhinLxTbem6IiE4syFSQ== processed in 313ms
[2026-08-24 06:15:08] [INFO] [payment_gateway] Transaction payload payload_hash=PzqvOgaMWqsWxr+1eA8gQw2a+yCA2iTocEmoSK45Bn3n5vOId1k1srOm6r7jw2ntRFSS7q+CWqa43kbIqJGWIg== processed in 130ms
[2026-08-24 02:20:06] [WARN] [api_router] Transaction payload payload_hash=cYGkg0EPeXQkF1aELS9oMFcgjg0ZTuGS0P2iiMgVB85p1L2WX3WCv3NNChX15VsTEOEHPv43XEqqV1qbAagHqw== processed in 182ms
[2026-08-24 08:53:05] [WARN] [payment_gateway] Transaction payload payload_hash=NSeL3zzbiDxPvz71ddfaa85fSyrEeS6p6xvAQD6CifL/sOX5dhjSclzEsx125QzhaEl7iC4ThYW+ljdcSjO9VA== processed in 183ms
[2026-08-24 08:05:14] [DEBUG] [api_router] Transaction payload payload_hash=wDjhPBNWMShvulkJ85dqj91bYwgQB16pdVfC9EcAhpEo+Vv1ra7GPhxuqKBdRA6tD/TuC0021X8RaGy2h0pWMA== processed in 115ms
[2026-08-24 07:56:16] [DEBUG] [db_pool] Transaction payload payload_hash=cTNLCXkS0No0QsnxCJNA1N7d0MaKfnUnjb4DBXfKv69YarBGjga9pjxkatm/0BWsJNlUIQpFahqzGLKwUuKakA== processed in 487ms
[2026-08-24 04:35:13] [WARN] [api_router] Transaction payload payload_hash=5gOJ2ztytba41S6w7lzpVY+5/B8AgqFEbVVAKcEdQegsa3FZLqzT89YL4XSlZ1NRk5WIbArY+4ygwOL2DWf0LA== processed in 497ms
[2026-08-24 03:44:14] [ERROR] [cache_layer] Transaction payload payload_hash=tvVEcRdlroekJfvmgBcQFPtG/q6F24x2ynUZUwJuhoi4t/qU1LXMvpLaUB2PmIl/axk8TZ3EpHq/wM8h0rw9TQ== processed in 184ms
[2026-08-24 08:47:06] [ERROR] [api_router] Transaction payload payload_hash=sz8UW0g5TkxkgYhgVZm70D6fDEG6Iu5umCIDf4zbn1OsbzTRK3ZzhUvCq+ovdCYTMvz+FhMJR+y5k82ZCXQ9xA== processed in 404ms
[2026-08-24 10:57:16] [INFO] [db_pool] Transaction payload payload_hash=Up8LJVujM8uI4fvW8fm5XMhvHX7/tIymEYjdMtZfSv0J7Pu9XPo/xjc5GnWibMUedqDGBvRm1lW8SQ1RNxm1bQ== processed in 69ms
[2026-08-24 06:45:24] [DEBUG] [cache_layer] Transaction payload payload_hash=f+ceGwcDFDy+gvtg/K5sy61UgDw0HLIyDK3WxWhpysZ3oM6WA/zV2yuEGRTmAJYV1aC1Lb6i4ZOeuCEp8APUeQ== processed in 428ms
[2026-08-24 06:21:30] [ERROR] [api_router] Transaction payload payload_hash=nhX8hwWVMURmc5oN9hHZ0B+ywmmORos44zJNF0ZI4j8NOrHIfZ7YDWRL3CrcFH2mXpd6X1TGu4pcICVw0JsrhQ== processed in 329ms
[2026-08-24 02:59:23] [WARN] [db_pool] Transaction payload payload_hash=7aknVCQkecKEhJnkwUGqrKRxhA4uYLua871cIwAHwQEnDIko24XxEFBGqNtuv2C9/mi9bo7kqHxkSWmke4ia7A== processed in 488ms
[2026-08-24 08:27:33] [DEBUG] [cache_layer] Transaction payload payload_hash=l6bzMit2ARDPUPzNpzLwX5c2mWVToVjrQiy/uiC98EnxeMQW/HWHmSh5dqGN2AKJGCWRYw/uv5Slt0D5KwpaYg== processed in 356ms
[2026-08-24 05:54:04] [ERROR] [payment_gateway] Transaction payload payload_hash=94kVIMHNQlACabZNnUvVvy0UfVdEcd7ZL74vM/L22/h2YTQQ5983XVChwF2M0RCjBLsC3b8rBvbJnLGNMRGIFA== processed in 339ms
[2026-08-24 05:50:28] [DEBUG] [auth_service] Transaction payload payload_hash=srxPjU4ZwqKNldYcOiFKKvkDIaEzCXKUNvgCs8pjey4zIR6bbz9rOHqliy5wRTwuoNqV0089moqk5751YrtE1g== processed in 113ms
[2026-08-24 10:50:39] [DEBUG] [cache_layer] Transaction payload payload_hash=w3AOHSZvAA8IHcuGReeafnM0pw8WUMDxyM/o2W+zR6zBcOYFZTDNb7w9b2fO5+hIC1i6Yq8DgiS8duoni8R01A== processed in 321ms
[2026-08-24 11:02:33] [INFO] [db_pool] Transaction payload payload_hash=WPdsB5rZPlgZqb//EObDKAh5Qg82H4chUkx3ilewQNUCafBAeP6f6ZTnBVwdtbCb8BfSCA118jVL65Hzm7J8mg== processed in 161ms
[2026-08-24 02:20:14] [WARN] [auth_service] Transaction payload payload_hash=YNbFpms7bS2dAiO6ulkwJVYzKsQz98QPH16XXLujrQPRBRcdNuTP5gMs61gOblHBMane9oxOqaFHZBp6q3o6sw== processed in 417ms
[2026-08-24 08:25:21] [WARN] [db_pool] Transaction payload payload_hash=4kZP7kz6Sh4aF950ARCMl+IB+z2C5v1FCEXzRaCIOb3PobCKQ/mOnq70dSGC2J9V8mgY6Ase9Zny6ZygFXCO4A== processed in 214ms
[2026-08-24 10:12:05] [WARN] [db_pool] Transaction payload payload_hash=R1g0JrVjVuFs6+K7nIvOjrH6Jh9mn33yMLasZUYvGFroSm5qUvrvOqer0jQudgnuqPUitjyFaPJA524+zt1PRg== processed in 393ms
[2026-08-24 10:11:50] [DEBUG] [api_router] Transaction payload payload_hash=7fNg/F8+tkvUoiV7aVD8QPGmKj1FEnrNGyNxC3Uj0W4g+harKd0DGNZxkqktCR00oSYCJAjd9GmwmCNMArh+dg== processed in 357ms
[2026-08-24 10:12:32] [DEBUG] [auth_service] Transaction payload payload_hash=gwHWGsvqvR/AgvlCsGiSkL7wgQYzWjdSR2mig/+ZgmlsjPC0WMZl43SLHNMrnS3vV/HfxvJmx9A7p5tSfwcFdA== processed in 81ms
[2026-08-24 03:03:20] [WARN] [api_router] Transaction payload payload_hash=8rB61yy5srMdcCbMHTW4cxhFuWil4fC/ubVYJO8/wpU9I95sGiaXHQbFn97XKK9gp+ueXqw+CE/J8ACOIt0zhg== processed in 280ms
[2026-08-24 08:02:11] [WARN] [cache_layer] Transaction payload payload_hash=HXLiWXvY7n+exyZei+bsCNT49obrg+C9QFsEKffDW3rOeVVScFTtR5GNySV6jhSaWaEwDhdjHSOy7a+qENoCvg== processed in 216ms
[2026-08-24 10:14:11] [ERROR] [db_pool] Transaction payload payload_hash=dkqihnH3Qrf7LXmg4JDTmH+U1xV+kmhpuiQOzzpt67WEI9eucOQoajM64DJJAZU59Wa27liH8u+1GLS3tAcsqA== processed in 176ms
[2026-08-24 05:07:32] [INFO] [payment_gateway] Transaction payload payload_hash=6cck1O5KEgEaiqaNOTNCQvJaZHkDkDUzsqdeh6CRoM3LfZ/U+zqj/1BZZBUw0Zw9v8SIQgqd/MJUJcvAay4pdg== processed in 195ms
[2026-08-24 06:05:44] [WARN] [db_pool] Transaction payload payload_hash=r+JuYwva0MfSbCO6kGcSMgCfRqusnRaWy94KZBQWUMk24wQ1ASK1m6EL5iP4IZH22QDV4kCn/5v9ziIXo6CHNA== processed in 149ms
[2026-08-24 03:36:18] [DEBUG] [cache_layer] Transaction payload payload_hash=dvrNRAlefx8DpNuENnrapkUoG9i4gM6vR+mVBhb4MOIEyD9HQ8p0ezLS6j6MyDA7cJ5CL9DW57A6yGsPLxCfjQ== processed in 188ms
[2026-08-24 02:23:23] [WARN] [api_router] Transaction payload payload_hash=8agDuaKr124sgeNp8HMpdW+9HQJPBSgyDhXum6WGeZQUEWyR1h98divVnX5XLJcl+fktMryIK+TxJ1LUJS3t/A== processed in 179ms
[2026-08-24 07:58:59] [WARN] [payment_gateway] Transaction payload payload_hash=BmqmLfiAYlcRYI+CieFcBFWa76uZJWFOXG/3c4A8iVisb/IjdRSA9mS6kR6wydqJl+njQisNiIkSAQQB9aK+aw== processed in 332ms
[2026-08-24 09:28:34] [DEBUG] [cache_layer] Transaction payload payload_hash=HhGm5/f26/KKb8ATyDlcwmAXEJ8HHGmK0VHLf8Kb4hVvxowtAwl2l7YFSLDvTQfECKPBviqMeXlXho9d0/R/8g== processed in 199ms
[2026-08-24 09:53:29] [DEBUG] [auth_service] Transaction payload payload_hash=lLE8YlF4JwqdDZszTDev05AnwIY/SLsNPqdt+5SRUYEmF58ysairFs8tp+VZ5eSnJ/LNleaH94Qq0xkcz0sMZg== processed in 188ms
[2026-08-24 06:01:36] [INFO] [payment_gateway] Transaction payload payload_hash=CPNYHyIWTVHp4tbZgDBLRMBnrmZ6QFbpX4Kd1sMoouwFy/WesNYORxyLgqzMkZem7XC2eezsUtNSgADnoIEKQw== processed in 423ms
[2026-08-24 08:38:01] [DEBUG] [api_router] Transaction payload payload_hash=2sf/S16zFtl7/ypFgDAThDkTjlScVExCZazGWARKSMINwKyuVeCIwUfLDdgjorAkvXwLesUo8sRpAIJ6gGA86Q== processed in 414ms
[2026-08-24 03:23:33] [DEBUG] [cache_layer] Transaction payload payload_hash=sNWpUb+F1dPYhuYyB9cM+OG4+ORSGePPfQ1B9h6lfvJcVzC7LkvX0DOCk9/3DFFjnqxAogbpGdl7xLbf597Vfg== processed in 224ms
[2026-08-24 03:42:41] [INFO] [api_router] Transaction payload payload_hash=0UUnOm/0T07zf/LPVpPUkg9lG7r0tcQ4OXxyKUwRTBA1xTpm+3bLXBjP5S88lt1DgoNPI+lWbwrxGn9C5gyRfQ== processed in 190ms
[2026-08-24 07:09:54] [INFO] [auth_service] Transaction payload payload_hash=1roeiQ0H5dVH/DBjwvgB/T5/zWxMFxjX7NuPYs2V5zD21pg3GDMLWtKS+tyKredimcLT1ObAkTu0l1tUipFxtw== processed in 374ms
[2026-08-24 10:02:52] [ERROR] [payment_gateway] Transaction payload payload_hash=LHGzBvQKR4Avf3Q/gvMHdiiiwrYk3+1c0/ZP/NAhxFaweDf0SpujCyNVa4GjijqITlWXYAagjziDrnUdOiPYLg== processed in 445ms
[2026-08-24 03:34:40] [DEBUG] [api_router] Transaction payload payload_hash=/+EzcT6GOlNgSM00mvVbwk/zoE/EX5Qjs8/3QRMhvudMwwsLeFh1bV9eNzLtrrRBbxpaAJ6369W/7NEcPwhEug== processed in 143ms
[2026-08-24 04:38:06] [INFO] [api_router] Transaction payload payload_hash=NhJGV7DFGSMfFpD36NuoZpp8BrdHx9CWIYfL01s2JYrkkft2h/o3DhOeU4ZKRI6VBOQ0bDA31C3QBTLQhA61Rg== processed in 481ms
[2026-08-24 05:33:01] [DEBUG] [auth_service] Transaction payload payload_hash=sJ+r1Y+OXjTRQ624ca4xN3zb+GGAziUhdM1DKFTZt3ON9tuM856GRnDHKM24UZ1vD3XfAohRy4ljHINyFkMjbA== processed in 133ms
[2026-08-24 08:14:58] [WARN] [auth_service] Transaction payload payload_hash=KlrJg3lK1JqpGoszjg33SsOIZTm4sQ/X1A47bMZ0u03vK/PbTMxufzt2tn/ekd/6+5942d/p5IS1AAP4LGfplw== processed in 34ms
[2026-08-24 08:11:28] [INFO] [cache_layer] Transaction payload payload_hash=PytlgoD7mRva+SS1e9WQpRXbwt+snGJi64v65rqfy2kgsZR7YNE7/+V6fGxpYcd9xZS1qCPWl22Q8iba4oqXiQ== processed in 421ms
[2026-08-24 03:07:54] [WARN] [cache_layer] Transaction payload payload_hash=Tyf//2CuXUv5/q4MDqB6XJDygEs1wbHSeJbODaD+Qfw4eO+h+gNJjclbl3B1tbmRDdzD2p6IlLYag0umhoRW2Q== processed in 20ms
[2026-08-24 08:18:36] [ERROR] [payment_gateway] Transaction payload payload_hash=dF8kpKSjjGNbAywYv3kjTjs53zAMRi9QXl0JWht213iZJF6K7J2YDwd94jXvfsdurAQHrjVaVcbUsjhGrA/6Ww== processed in 158ms
[2026-08-24 08:01:23] [ERROR] [cache_layer] Transaction payload payload_hash=n85LVIRblpU7YFUFgBUFbGDnDRvfoHN7sWoFeismAG1Rp9o1HaZsg0Mtf1g4oqPprhwQYDDVdITphZd/x5dlTQ== processed in 467ms
[2026-08-24 09:50:35] [ERROR] [auth_service] Transaction payload payload_hash=PhG32B7Ch6mkcPgMZpJVYiYVYGzNZ4JeehlgiFoz/YJS0aKrnmYu5Cqvdb9c+p85R3Fe6WbPmXHWnDPyrcAD9A== processed in 445ms
[2026-08-24 02:54:30] [WARN] [payment_gateway] Transaction payload payload_hash=9Uh+AtASYdc4ibvITv/8EpOGRNMi67KMXO/I3CRDp2UPrWi7lSQfYGl9fOqKYltBiWfnJxVi2kSE2f+OiqpTRA== processed in 386ms
[2026-08-24 06:36:29] [INFO] [api_router] Transaction payload payload_hash=cgdW538JfpD3dR0c2xJ+l8UhU9bwDp+rAxW7JXRi3qNxd96kU+CUKxkR1zhIZrDNFwkoEOZWIfN5c6xdQ7nk8A== processed in 351ms
[2026-08-24 07:04:38] [DEBUG] [api_router] Transaction payload payload_hash=awjMIeJc7Jh/wlSahaW4Pgf7rzBTyAyBQCyfpwkKoeZ80jir6CERhB0hHq9DMlI5VFYlsKk/jIXl4pN+/gp5KA== processed in 163ms
[2026-08-24 02:34:07] [INFO] [auth_service] Transaction payload payload_hash=sWwBAnsOJtrZ3yvDK5F9bPGCZ6LN67HaHk1nN5tjMZcFZXPrl2WsPFaPzt76qcls+w6VoFdIO83b/OMSafZB2Q== processed in 411ms
[2026-08-24 04:20:25] [WARN] [api_router] Transaction payload payload_hash=LlktCAOBWEoXYjR7uo9A2ObY8Rv2Rk+AIneY57yQmMpDPehpDGa4VMx1VEqp5z+VTDFnOGZ0u13AHsCNVh2CPg== processed in 288ms
[2026-08-24 03:34:04] [DEBUG] [api_router] Transaction payload payload_hash=LNQR86zFuo0a7Ad7eh4550b+qBdd5rWVTtRZUIHGa3LrDFtCgBaFN96UxHT5/jlVvnEjBN4mFZ1RDiNirGqAzQ== processed in 488ms
[2026-08-24 08:23:34] [ERROR] [auth_service] Transaction payload payload_hash=Kl46+pwjxrkdsZEXBNc+0nNintptjsg7D1xWVNGwcje+AEN8c+VmGOy9Ovyli4vOevHGiMsCF/IZUAreN/AFcg== processed in 349ms
[2026-08-24 02:52:38] [WARN] [auth_service] Transaction payload payload_hash=RxgBFljhK8M4IwQ6PSAsosr5Gs2Z5dHWhPx0Ng4PoBATqNVYfCXt+nPhEWx4r/99fHWNA9se/700+pG/rgUdKA== processed in 39ms
[2026-08-24 09:22:34] [WARN] [payment_gateway] Transaction payload payload_hash=QvR5urfVTLaWY1nhVsHJ7ZrKiHOgJaIG2ioLasoqvdTDzVGQZ+VeZBf/dW2r50YPZ0AyJDuhIrkHJOQSfqS64w== processed in 170ms
[2026-08-24 11:09:51] [INFO] [payment_gateway] Transaction payload payload_hash=SOmUOC8yfa1l0BnXH+Wco7kc0WSgx0Rmu01nagGIXRoX9BrR1ZVROA42bHHjQChLQnHJ4MUOq4T7SQB3y9Dh0A== processed in 167ms
[2026-08-24 10:34:41] [INFO] [cache_layer] Transaction payload payload_hash=0PNp9hHvqAwj6I044d9+RBvNm5yW5ICEdkXTRxB9DtdGJGY7Qe31WTE6y2smnpnjIVHu+VhJsK12MKbvNh/aeg== processed in 488ms
[2026-08-24 03:47:51] [WARN] [cache_layer] Transaction payload payload_hash=u2IKja65WSj76EqjyBq4RcV60FllpdkRf2KQjWRAEK1VPJl9qkvIgtnuniId31VY6IxHGcqC+X16IeChDRGI3g== processed in 156ms
[2026-08-24 06:10:59] [DEBUG] [db_pool] Transaction payload payload_hash=NCOLtUhtOmpv64Gxm5ZNQZLrjg6qnMie1zznA4gt5dTNZ1rgwkv/0DFSAmK/0/OKtW+c2eSqBXJQrhfFHA0/TQ== processed in 441ms
[2026-08-24 05:07:56] [INFO] [auth_service] Transaction payload payload_hash=GyRdjRSyatPtu7fGIYe49p3LkbENsqF539SgDKCi0CnnQKXZ003w9cCVjFnA+dXEU6pWn/A4xDokAhx0YGXBjw== processed in 33ms
[2026-08-24 06:03:26] [WARN] [db_pool] Transaction payload payload_hash=mCNLfgbHemC5uELNLDVX2cibAopkK/su7OOjYrUh198gEYDwltv+T8lG4YwMkJERJstPUy/veGmkA6ac0S3jlg== processed in 397ms
[2026-08-24 02:42:36] [WARN] [db_pool] Transaction payload payload_hash=rMSRgOve+MUeCjDjprFZoOB77VHE2iZOZ34gkg5Kr+vJ1H62hIGZ819Jn6C11L5KETTY2VIuhluuU1GJVkYudg== processed in 415ms
[2026-08-24 03:00:57] [ERROR] [payment_gateway] Transaction payload payload_hash=VNoKw0TnEXA0apJnFoAUxfX1jQ6hrbM1+YUDz5X6urhb9/kX+vek4XcWPNxN74OPKie6SnmsEBQSqZnLiRp4KQ== processed in 451ms
[2026-08-24 07:18:28] [WARN] [auth_service] Transaction payload payload_hash=sGk50fNcHrz0rhRFj7z0yvqG1M95lpHwuaS7FcEn44sV2EgKbeov8ZjdZtO9uuygmdjK9vkrA9TUk8RbSz36vw== processed in 87ms
[2026-08-24 03:43:47] [WARN] [payment_gateway] Transaction payload payload_hash=3yEuwQSD+9iykTlo3XbuXkALm1HHcEdKTPV8WjeTSbqG1o7PriV0yAcXoA9NdS3h2agb5t/W4JXqo7W0VqiCSQ== processed in 151ms
[2026-08-24 02:46:12] [ERROR] [auth_service] Transaction payload payload_hash=LCZSOx3LA92AMEpOIXHk3u45d2kpvKiLkLN5wyVYAc4w7rhJ19lLnL67e5IffTtpRGV+oxFQRvVwiiZjVTGrPw== processed in 308ms
[2026-08-24 04:01:08] [DEBUG] [cache_layer] Transaction payload payload_hash=oLwmqd37ZaYVBJqNZwHlSmmScMp4t1Z2Qy3FF1b1sSH1ix1a1+2KXjAsvy5WleW5wRYsFsNANTu2kABU7SeB6A== processed in 98ms
[2026-08-24 02:54:20] [INFO] [payment_gateway] Transaction payload payload_hash=fNLvP1BChUBn4PphMFPk4cMy/+5vAJLgBDJZE8T4aYnbPA5qGfX05FktHNZvr5Rm/eGYMBUmNDf+fFbBM93wAQ== processed in 366ms
[2026-08-24 08:21:09] [DEBUG] [auth_service] Transaction payload payload_hash=vfop5wlqqPuhZtRAYibzP2/1RErV28eXREgbau4+jriJMktMNDFdXUgIR4VkP/YJBR7QnYhK9nBpHc2hEun+SA== processed in 213ms
[2026-08-24 05:41:38] [INFO] [cache_layer] Transaction payload payload_hash=y6zs78KeKp81uG1vkqKsZKaumXpB5sp+iMQvo5d3lpCPcqO2xmeobB///OkwqzG0VoMoidSigaRjlOdYlYs4hA== processed in 252ms
[2026-08-24 09:48:17] [INFO] [cache_layer] Transaction payload payload_hash=msVz8RR//UwC11Pn7wqfqFj5Oc8vm2FKIN15cB8cB6PJbQE5LBoJizoVVlq73ZUEpKy7PKl113wlC9Y031tTnA== processed in 2ms
[2026-08-24 02:29:31] [WARN] [api_router] Transaction payload payload_hash=WqrlEonNI3OBJr4ezYnU3zpVGfqTzriDyEzhjTv2rqG1EQnn1OaXcqbdQTyt7bAjHKKaQKggXJTsAI+c67A60g== processed in 428ms
[2026-08-24 04:32:08] [INFO] [payment_gateway] Transaction payload payload_hash=/Xmd9inKV59eO4cZtO6yqdHOENxovrtuz2c3WcZKDSYznPVoj9qboXokHKiIU1r95rZPAnxZHsQHRcysTEx1Sg== processed in 484ms
[2026-08-24 05:48:47] [DEBUG] [auth_service] Transaction payload payload_hash=59inzlWy7ighW87IeyAB1sOd3tFnDCHli+/HnahtyLpaWXrqsK+VU7yEN+3uhj3G3GjqovGM2MvtuuFppwAl9g== processed in 236ms
[2026-08-24 09:14:53] [ERROR] [payment_gateway] Transaction payload payload_hash=hAyGNuw/eGGRaB2pO2gDzB4Vvh91bKbO5lRRakq34TWvNWtijnoNkALo3A0L/+0P+tZ93O9bCZYr6ngABXp4vQ== processed in 410ms
[2026-08-24 05:54:25] [WARN] [db_pool] Transaction payload payload_hash=pQUHj0+yfm7wBID6SnUSvbDduG3oHemfOKW6FPUE4nnPmVJDabk2KfCScPFS/pRgZkwmhns1u2KqSxLdDAzfHw== processed in 274ms
[2026-08-24 09:43:32] [ERROR] [cache_layer] Transaction payload payload_hash=+oJXg/AJ0YINs1+e9kw2jejaKtC/YVHwtY5Po8pk/TWir7u2m4ehIsQbvRQlXfDcJIOVXew07rvzZc4eXm9hWg== processed in 356ms
[2026-08-24 10:44:23] [DEBUG] [cache_layer] Transaction payload payload_hash=0fssdCHoIyeRnf8R/VSusc9QEdkj73jBjhVz+FEJy06a+IXJp9ae9cv9JcgPtRw4EPjLExR02vkzixxGZrlF8Q== processed in 150ms
[2026-08-24 09:57:02] [ERROR] [auth_service] Transaction payload payload_hash=7CNYIxASmMWB8j4qUkRf1hEf270qih/Drzp1Fd3qOWvhvrb5YxPSTDmaS652ha3TqD5OaYiRJxDhA9zEH1u+dQ== processed in 395ms
[2026-08-24 03:37:12] [DEBUG] [api_router] Transaction payload payload_hash=2Ht0kM+bMFuHxNKpjvxNLXzyfVY18R+68OgQGkYnpueZKkhKew89pTkSss6hpfE7WyJj887sLjf/SUf2CxanbA== processed in 479ms
[2026-08-24 07:00:59] [WARN] [payment_gateway] Transaction payload payload_hash=d7NUo96i7y5cFxWi9eHZmpLBoH8cNULMt5e7NVhJNGJnfqRsMeatnhZBwdg7GHquss891VnhDrqPV2fTD2lJkw== processed in 74ms
[2026-08-24 02:40:44] [WARN] [cache_layer] Transaction payload payload_hash=wf/Blz1j48Km4bdPExqI9Z8MyCyxTA5aLzuX45lh2bDHKS6ClPL7p6H9OwquV8i9vNx/TBJoRy0qxalMDijUfA== processed in 163ms
[2026-08-24 10:52:31] [WARN] [cache_layer] Transaction payload payload_hash=ql/pyjr7kwlpxnlqTGDDEqjQXkiSb0esN48XavQMCH9eEC/xlurQhjdQss7pwg6ytuSiAzHq6kiB5j/9qn9v5w== processed in 236ms
[2026-08-24 09:15:58] [WARN] [auth_service] Transaction payload payload_hash=x+pvF/QoE41U0+pLWVc3jbr+670n004sqrHRWBuC0+F4a/73TsgIkocyxPOhFQQM+Sl56gFDFisonVH29foi1g== processed in 146ms
[2026-08-24 05:03:47] [ERROR] [db_pool] Transaction payload payload_hash=IGWmsxG2qhF6/b8ojdRp+6gvGuY3mEnjjpdVwDixzAZ81bkKhKgHmV2tFTz5PKknKSAfMIlZSEM+A5+ug9AugA== processed in 294ms
[2026-08-24 05:52:02] [WARN] [cache_layer] Transaction payload payload_hash=jnYAZ17E6Bu+9T5+T4Cv4TxpPxq9A2qZeI/bXlBMdc81MbcTg53Pt0Y0CKoLbjcZpgzVUJox++wfgbPJX/LNhA== processed in 153ms
[2026-08-24 07:31:51] [WARN] [payment_gateway] Transaction payload payload_hash=D9EYl6VDEUvJOs6KuT2Y6wFLr65KcNM9NRCTsHgNX8pEey1zTwPvUH7fdiJeA07f8mbPhwXGQsh8PRMQsaoBOA== processed in 430ms
[2026-08-24 10:55:36] [INFO] [auth_service] Transaction payload payload_hash=YxgQZHZgoAuirfb75jeDTM40htBhNsswqdv86jwWNQD7aTljTEoss98RIOiq3VEHTUFur0AcSufsvrITbyh9cg== processed in 107ms
[2026-08-24 08:41:53] [INFO] [payment_gateway] Transaction payload payload_hash=G838hqFptBxYJYryeAv4iFGPps7l03FM975CO0xnPe/mgkvp5Xv7kwAWNibFe/Nt8WhJ2jtiJnea9fs4voasyg== processed in 455ms
[2026-08-24 08:04:14] [ERROR] [payment_gateway] Transaction payload payload_hash=tNgSmx23/xEBDUaJ66gW+LGxO+bZrgBAQq9hjh6e+REVw3P2spbLnqX8H1WkO3uq9kE9+X/NeGow3XJPv4fC4Q== processed in 480ms
[2026-08-24 03:57:42] [DEBUG] [db_pool] Transaction payload payload_hash=lHw+rG6ohQNzYVdGgKIHbi1F9vmL4WC4vWaSxeIGa/vDpEFwwdcJZojhWk0K3He7ITeS7cRLyTCUDQadQ5tp4Q== processed in 249ms
[2026-08-24 07:50:04] [WARN] [db_pool] Transaction payload payload_hash=Gsk357njv64w+DXqTmqoI2crczkDXhYPYZqGVaVRVgHJD2B7ovB8Lg4U9mQbhNOvpJpufY/Bqm1jl2yfK23Qyw== processed in 257ms
[2026-08-24 04:43:51] [ERROR] [payment_gateway] Transaction payload payload_hash=6cCu3213q8IU10L1/eWwPFHZ1qQebK/hAmtA9+g1m2HO3/gYybOamSIfq+9ww/2VmPYf4yUDiCPI+uthY2bEBA== processed in 270ms
[2026-08-24 04:48:02] [INFO] [cache_layer] Transaction payload payload_hash=ID3boE+ARmbbu1RM3Ru6Nysji63fixO+xNGR++Fr5fLYL6YLuLfe43SPEUDGhSdG62lPeAXW1lgPGe1tSqYqag== processed in 271ms
[2026-08-24 04:00:39] [WARN] [db_pool] Transaction payload payload_hash=oZuGFCgEw4Hcobmen/XCSI+gHqvOLhVOkYXfWronQjXwNX0ocwOysq2pEx1WN5AxTYqBhfAPturoo5TOnLyjTw== processed in 244ms
[2026-08-24 03:45:55] [ERROR] [payment_gateway] Transaction payload payload_hash=Mfw4xumS3Xdx0lZTImP+MRD3XAMHNxfcTqG7hpL9ocOVDHHNJTEJ6gwwciTRv4rrOJlJmK+IlD2dT6rJh2LoSg== processed in 365ms
[2026-08-24 02:48:15] [INFO] [api_router] Transaction payload payload_hash=WXESKtkI0m9gy0yAsVyYvmgoWKCB9+6QI5KGkX7tw85/VW83R3Fad1CDAtV6BaLZAVx+WDVB3Yr9dZ4HUR5GGQ== processed in 300ms
[2026-08-24 08:04:41] [INFO] [cache_layer] Transaction payload payload_hash=USdARWW3Cxkaq6TAPdVrgZDBLE8tVWo4/du0Hp0FenmJ0fOKy92wHmm9GOH1aMPjddljNSH2XJlz5tGLO9/e5g== processed in 233ms
[2026-08-24 04:45:35] [DEBUG] [payment_gateway] Transaction payload payload_hash=GQZYQYLi13BMrEYt3JZdTC0GE8yrkpnYAwXJV1nPWA6CBq9M4KsFhk66fJLBNsxkAMpw06ZmGd/JoxBo0MAOsA== processed in 141ms
[2026-08-24 06:12:50] [DEBUG] [cache_layer] Transaction payload payload_hash=7FWytwXo1VvvNd4+fp7m1dGpCbI5TO2uwvMrCi2j7psQ0pmoXoyqkLKQ+gqpim0pQXIlESbO8ZBbWHSBBjePyQ== processed in 383ms
[2026-08-24 03:59:54] [ERROR] [auth_service] Transaction payload payload_hash=Bqp+Zy0CdrS8kdNiDHtPZYWHzihZyugClNwZjsmugSRtm8QAIYYxLJoNzzIGaCvWQlI6daqkdcr/jZPSyRgtcw== processed in 264ms
[2026-08-24 10:49:44] [DEBUG] [api_router] Transaction payload payload_hash=SgOyoblMC8v56uCmuLwOw5hu08pk2W64u/t8dQyUlPkrBCOUGR75rSxzAq4wyoT/V50qcOe1nuQXpiSkZH+OWQ== processed in 319ms
[2026-08-24 06:24:26] [WARN] [db_pool] Transaction payload payload_hash=S8MRY5Cr9jZPf6w9QAiTRJOuJDB6HjrsyQ+xgSu7OinmgAf7EGkTHFObD8gurTMdYUhXQXiiakr0btrmsVk9sQ== processed in 62ms
[2026-08-24 04:21:58] [DEBUG] [api_router] Transaction payload payload_hash=FeVx9Jc/+S9+wQhKz33sIbNyUST3EEb4R0cPGiAU+8gA85cRrptbmHjgvchC8A52+B9Xg+680MsUmXCU6GLHMw== processed in 158ms
[2026-08-24 06:04:53] [WARN] [cache_layer] Transaction payload payload_hash=lhJHerDRh5du/v/Gl1OGcGhEOJgRz2e1FcdjzNNr9rWyQYF5HfADfmOvFB++NvbrrrxeAErrA49jAXJebUNdVw== processed in 282ms
[2026-08-24 09:31:29] [DEBUG] [payment_gateway] Transaction payload payload_hash=I+yty+FQ5g/3gyI5BH9wqVZwxRANm+kMqG6JqRPQHLMrUUekDzVWKcaaVIFBZvd/g6BLy/g2cHy3i5RhZLbegA== processed in 172ms
[2026-08-24 07:18:01] [ERROR] [auth_service] Transaction payload payload_hash=FEkMG3mFJohZWtWyH227RzHAxRpqaLPJS47M3Y/kCRzZ0IT7sxzZpkkBHR1xib9dhhelikCykjHHbsycdODTDA== processed in 83ms
[2026-08-24 09:02:52] [INFO] [db_pool] Transaction payload payload_hash=uZbqvIZq03QqQCg6rs0QV9HyiFKbLXDjbfY/PN633oDsT4+5gYMyKpApRkCip/DKTwzCSUbk5/lHfgKWeFVzDA== processed in 477ms
[2026-08-24 07:51:51] [ERROR] [cache_layer] Transaction payload payload_hash=Ai89zz+9LZn2HLEwjZogzDlTLcZqedSMLa+Z7JA8SSM2PkjhyXehaFWtK2iLKnqWpSVSfA+04dZjhk8lXciKYQ== processed in 322ms
[2026-08-24 10:29:11] [ERROR] [auth_service] Transaction payload payload_hash=/oAPaonBvKUM1TyDhxU4vqVfUtGFc+VQaXeef8f8/asFfpWP/b5Ufrml56eugcOQT18KJj3IgDXCHEVSjeu60w== processed in 214ms
[2026-08-24 06:04:29] [INFO] [api_router] Transaction payload payload_hash=yGuGIb9j+E1NxoQEeGpuhl7om0bkgzWvPvdFmYNDK/at9Pm0rkiuW4sC3SZfC/k/4db0nu6gbU2+aDLFKsBd2w== processed in 124ms
[2026-08-24 10:39:59] [INFO] [payment_gateway] Transaction payload payload_hash=dco7+xA6FZHb8TBdbjF44k4ESzDoXHVEN9/sWSh/Qvv6dPxIInsCVP9wl/Qg9n576ctsoZuRcIIxWcXHpZXoLw== processed in 322ms
[2026-08-24 05:19:49] [INFO] [api_router] Transaction payload payload_hash=IFD5Wy74hk4AQ5YcU+Dc9nmqQdqs+eN2BEkhRR7vhJbhZJevfTPWhhsKbAHfFO4r/iBU0XGF4rRDgD5cfxG4Qg== processed in 10ms
[2026-08-24 10:51:09] [WARN] [auth_service] Transaction payload payload_hash=v+Dpd9cwOYFbG9i2SjigZG1UiLI/TWDmQwyg6pu2QC17MKS0H6RZGmiDXliIfR9NCmZHjz0/T5Os9NjeiYVgEQ== processed in 29ms
[2026-08-24 09:02:26] [DEBUG] [cache_layer] Transaction payload payload_hash=LxRxG5OdYP80xW888EfCbsO6Fx0sfSBQ9E+EWLGpuTtccAeHIMlmZpUT7eYXbDe4YaDty+mc+3Wcpr02l+9Yhg== processed in 113ms
[2026-08-24 10:15:38] [ERROR] [auth_service] Transaction payload payload_hash=ezUGVTdMqRixoLpdM+jk784761Jdfu9N80HPkSF+k54N0dk0T715f/p1jY3hbxQaWLgRGvcK3GBP7Jf0cNUnfQ== processed in 110ms
[2026-08-24 11:10:59] [WARN] [api_router] Transaction payload payload_hash=jMRWhM5FNKC96Vey8eVoApPZUurjPLlBEHhTxK4zP0ZMN8cSm7H+4ANpy+SAfZd3DAEk42hXQWak61e+KN/stQ== processed in 70ms
[2026-08-24 10:01:55] [INFO] [auth_service] Transaction payload payload_hash=Rt7otzwwAQh3FHR2NADYWIdeAXLzRuY/06JbMlyDyHETNLm7ZKPL0I1EhH6Xx033tfQb4MW6aHjTsRpcQARTZA== processed in 87ms
[2026-08-24 10:15:39] [ERROR] [db_pool] Transaction payload payload_hash=1cuYA2LpUiYLoyEC+B8ClSFomvmirlXzOr+nybtAnGnOCRWJFm7SRxHa0/PeYH8TfXbACLEfJ13yglbOnJfeVQ== processed in 470ms
[2026-08-24 08:49:28] [ERROR] [api_router] Transaction payload payload_hash=RhfDR+pFI0OtZ3Pa0oftInWPATOyR4lghLSKn73h/TBMPubKxB8njF6wQBwHKaLnh9059I369TL1f6vZwBgjFg== processed in 62ms
[2026-08-24 06:11:36] [WARN] [auth_service] Transaction payload payload_hash=AVRl/4lmRw3aWq5qzOeUi6/kowj5E2cih64Sdmzzwhcokhqr3ELnhPfAumpihYFLhfu2BeMNk5DAPo2Zz+OOEw== processed in 99ms
[2026-08-24 05:11:54] [ERROR] [api_router] Transaction payload payload_hash=gOvX4dFbrL7UZRVmX8DLdgHvjR4LrXkeRbc9QWttKZWuoS9FT4uTndpgsKKLKOWQDjeR1jXqnEuAT0XRlcSyiA== processed in 154ms
[2026-08-24 08:03:53] [WARN] [cache_layer] Transaction payload payload_hash=Y33aV3K5vxlpD4lkucMQZSKJtcPf5YG5uzbtbHksdgbB5CuonldYk5TCarxmVjy2AI/LCDQtL4h/QLUbG7JB9w== processed in 109ms
[2026-08-24 02:58:09] [ERROR] [api_router] Transaction payload payload_hash=0m2Y7QbE+RnGIT/UGfSUm1KsPxmMLFfurC4VlEP15Ik+nMCY2x/E0+WJ1IXcmXVFhTeA9vqDDCaJn6BYSt0QwA== processed in 299ms
[2026-08-24 04:18:12] [ERROR] [auth_service] Transaction payload payload_hash=NSJiRfYErL3WV/hOeVWB//D+YpmJ9NbuXJr3wd1G7UPO6Y0ZwNklDpebfxZ0aP7t0xj6M639TOGO4AsYD97FXA== processed in 244ms
[2026-08-24 07:41:37] [WARN] [payment_gateway] Transaction payload payload_hash=4y+eBen81EKUNkPRB4Vl1F0I9JkOxLsdhIw5YSMUxAsfuYsAOxC/nwRynF3cNSD+OoOsCbaJ0zY4sH7Gtq4ZPw== processed in 294ms
[2026-08-24 04:20:13] [INFO] [auth_service] Transaction payload payload_hash=7mt3cp/oUkFU8A8TlIfeuskgisXcAcwEzFMbDsuz3yUm8OTU8CY1tmY0YV9NB3owe0Hz/1Iaz7W0lNes/brouw== processed in 164ms
[2026-08-24 10:06:43] [ERROR] [auth_service] Transaction payload payload_hash=qr6XcHOx142cNs8bVnGrwxFSA4dNHepK5vI4QF+UoGLhWk6Jm2xNxyovKQTgb++f2qyqbYP66fYcYwoAsAms2w== processed in 224ms
[2026-08-24 05:10:54] [ERROR] [db_pool] Transaction payload payload_hash=eIXYlzOeLvzRe/DexnWGkxgRCLw1LNUOfRDYX7BmpgXG/RDEeDVkTQpxQn8eORZqfuDAPiEVbQLt+Kiie8Xudw== processed in 133ms
[2026-08-24 10:36:38] [ERROR] [cache_layer] Transaction payload payload_hash=1hdhtRuiJKxY1FuKPu1AQN99XgSFVbJoQIB8hnI5ICcWMBeLhFB/f/JLYKc86Umb/KJUygZFjnLivXubY8E+YA== processed in 219ms
[2026-08-24 11:21:14] [WARN] [api_router] Transaction payload payload_hash=YCBAdT6PndKaei0A4ktTnKZ6D4+jedWJOen2Nb/YuJKhsSdTs3urEn3fLRF3M/Vpvyy82g6nnIxvFogw24y0zQ== processed in 24ms
[2026-08-24 07:13:17] [WARN] [auth_service] Transaction payload payload_hash=FWnEhz+JVErIl3W/diJaRMjvmr9AHqWCC4QVPHjOGLIAU31+St0ROaSSQqLOUIJ64vTUx24IL7K0pgq05uyqAQ== processed in 271ms
[2026-08-24 03:58:46] [WARN] [db_pool] Transaction payload payload_hash=2FV/FG9LDFNkpI1X8VuyXw7mTTFfBZS/k0sa+ncenGTVmPw3X7v2Zj2TcolJfTgkcQ6ZaCh58T7HLNE5rU1GVA== processed in 248ms
[2026-08-24 08:20:50] [ERROR] [cache_layer] Transaction payload payload_hash=eP2ryCWZIQjMvAhQpcf9Hd0WZvM7vH5ZMyJ1RBN8CFlNpkTYhE3NrAGxtlLcG8jlZd3XqchnZibZ34b42kN9bA== processed in 494ms
[2026-08-24 08:36:02] [ERROR] [api_router] Transaction payload payload_hash=UnstD2ED0r9gANVF3zOa0k0hp3Oyl32ZorjyEmh4RlcIatUBd/k/CHQzwWRraFjclX6HHC5AUc8oaqBpHRU+xQ== processed in 478ms
[2026-08-24 10:12:39] [ERROR] [auth_service] Transaction payload payload_hash=hgXPitQGs2/YzyUAK/lc+05Sed/GsR/XbqFeh3Eqzz7d12j7arQOrsWKglXKU04pgfQEnVhqNbdMG//6Hbk3xQ== processed in 270ms
[2026-08-24 02:51:43] [DEBUG] [payment_gateway] Transaction payload payload_hash=YZRgbgTxYnFQaYUmbeC5nth+UGmHyqC6Uq9H36BNBAabMTkDaf3nd3o8F4gGMMaSxs0HZJcLDdUSRtcjGSnujg== processed in 106ms
[2026-08-24 08:05:03] [INFO] [api_router] Transaction payload payload_hash=KE+kEfcRvjYLS3zY16jLFYIN6wZvyNfRsaR21RzNOY9pLITR4rnP/pr1Vtz5CdhEj/w9BtQAwaa4hO8AzyK5pA== processed in 109ms
[2026-08-24 03:36:42] [DEBUG] [auth_service] Transaction payload payload_hash=Z0dy9eQFPklXvMQuig2CNULZC5PHXNfBOQhIqsxN7W4bSXofo8IeZm02lOsU+jzlDD7PdCJpzrvFNUN86FKrwg== processed in 289ms
[2026-08-24 08:29:04] [INFO] [payment_gateway] Transaction payload payload_hash=0XZDMk2TISX9ytpGEEnvnESvB3XHh9yPYle7w0vVhXT9t00etaTtMhM6kk3qdvgiQhJADyLPOenWr+R6rAseGA== processed in 285ms
[2026-08-24 07:02:22] [DEBUG] [cache_layer] Transaction payload payload_hash=nVk1PggPT5e1Q9eey4RQjkSpRdUX/l5Oks4D7pxP7FN2JIr2SraxOVGh6xDf+PtSSM9PLRLY5ZoyWs3VMtKIyg== processed in 452ms
[2026-08-24 09:22:57] [WARN] [api_router] Transaction payload payload_hash=XABFXnItPPR1yVNOuyR8u8AlTQn11sgrZXFSRrzE2au2SUTCVqmxQ3fGvOdXB7U4PCsVQpK+yMFEDZefT6tftg== processed in 135ms
[2026-08-24 04:04:18] [DEBUG] [auth_service] Transaction payload payload_hash=QYpcVCgJfioWtb+lpayRJolJmK33dZcKFrJKjU3PXV1UeocgC8ZOzkIAf3ZeCQX9pcKnLBPS0Gyg8Xm1NwlykQ== processed in 9ms
[2026-08-24 03:11:01] [ERROR] [cache_layer] Transaction payload payload_hash=2jkrR2cY/ENQfk00RcZW4fBDgxpavR0Slll6UGizZdAV6kOXkyKSdAiU4q/lmoob/fKjDB3kzAOILEAgR26GzA== processed in 157ms
[2026-08-24 10:24:52] [INFO] [auth_service] Transaction payload payload_hash=XUlPaVH8tVAovNk0hruvv0J+nLRoSiSN/KzQHjogtS7IZ5G0W94XhqrG72nHGMYYz8gUp7P+9OQDUisuJ3pX4w== processed in 26ms
[2026-08-24 06:02:31] [ERROR] [db_pool] Transaction payload payload_hash=V+vpSWzOlOm+YsRY2/UhXOpxvMuwCrP3mrOMK7FoaUeTYHoR72cCErZfZdWXBL6LaUni6grsZXq41oidijFOPg== processed in 477ms
[2026-08-24 08:24:10] [INFO] [cache_layer] Transaction payload payload_hash=UJHnlcMgePgBNK2yIwkwYnh0PrJdXek1uFssmKNaPuKBzxuFxrrfysGyBUXWLTswdu93D8TKYDJD8gH3PMqbcQ== processed in 26ms
[2026-08-24 05:05:17] [DEBUG] [cache_layer] Transaction payload payload_hash=A6JLLTUaVX2S0PoXKPmkJmDySUwJdAMO8lQFMY+y7ruv8wFFq4+P6u4zEN0x3xy/tTdDW7lWelVhWQFQoxW5rg== processed in 275ms
[2026-08-24 10:46:29] [DEBUG] [cache_layer] Transaction payload payload_hash=Srh76fAqO3rQJmFTUrsbVQPnmPRbtPHLbJeSRLBnRWXixjvfUVCwYUBRQLssIzor5TcJKQXdf+Cn4UAOnPltUw== processed in 491ms
[2026-08-24 08:02:00] [WARN] [payment_gateway] Transaction payload payload_hash=MMcPrl+uk71YeSo/5YDVH8Rw2UmnjTfruZ8MTZ/LoBZXinvXT5N1rpt9l+dmJheRIEv+d5oibbKKx5OVc0icJw== processed in 289ms
[2026-08-24 11:22:03] [INFO] [api_router] Transaction payload payload_hash=XSbOR4JvpPng2qxqQrBPOHAbUxKpwPDWQlC7DrY9qeLTCPB8lQrEnFnt0jb3qEStJ9KA8P+MMlqp84gFprfLqw== processed in 218ms
[2026-08-24 02:53:21] [ERROR] [db_pool] Transaction payload payload_hash=DqWxWZttBX7oZoVauVzS1iEg9BoK/X5pa7ZxFrm8Yi1SoRHJYHWRlfWf+gvLD68pLymbD+rlKgW12uGpRACt4w== processed in 435ms
[2026-08-24 02:27:13] [DEBUG] [db_pool] Transaction payload payload_hash=EdImR/whDHG6tddKZb/eCahSyjBVYc2Nvy/8c4sF1eoTzuf7uJoccUpFiGFpdYup3aFabWJo/PZzNKOUy5VEZA== processed in 300ms
[2026-08-24 05:44:29] [DEBUG] [auth_service] Transaction payload payload_hash=UZD+y0GRpQ141v0wGATfnXLLrY8bZrag6Dbqn70HtWwPzovU75YuE023aG/DqGSadPS3KHz/nDzbEK0qcvgzlA== processed in 198ms
[2026-08-24 05:21:27] [ERROR] [payment_gateway] Transaction payload payload_hash=SCBzDJIWnLpOI7pXr1YHw+OCPy98D247sticCurtwP2E/V1OFkUGbGLEzkNypIc0EK4WaXSb9swIt8Nh5VCa0w== processed in 5ms
[2026-08-24 10:44:44] [INFO] [payment_gateway] Transaction payload payload_hash=GinWAjJGlT95QlNwf+Pc09cb00UW2EUoR61wFOQRloavdjQ0mfAuk03fcnhbdQDfP+YHILWOwhNUvZK01SIeDw== processed in 94ms
[2026-08-24 10:09:12] [DEBUG] [db_pool] Transaction payload payload_hash=IdmcCkeiwCBE+Nii4DzRSJzgzNZP2novd7GRXrRVRRYtMY3T40wgzPKRz4HyHozvhNuEn62VY1BBGnOL+ZqP7w== processed in 266ms
[2026-08-24 10:53:16] [WARN] [db_pool] Transaction payload payload_hash=yUaOqsb+0iXCW3qneSPrvAq1pSenTbo6YX9o8dYQLnSr9cv9XoZMZUXntWZ4YcZHoQRMaCdqL1BkDi6pEN+Nrw== processed in 110ms
[2026-08-24 06:54:55] [ERROR] [db_pool] Transaction payload payload_hash=znONaa5NI6nE1kBlcR9rSrYwfmaDPb41Yfo55A4IoXtiNRHh1dPE+uQfyEu9xZ/f8aT97/eEkCBlp1qbYLzVFw== processed in 272ms
[2026-08-24 05:12:07] [INFO] [payment_gateway] Transaction payload payload_hash=S96S9J2AwfF3SS0kYlKcbpeghcKParRsD1J3aLP3ZTS1Zin9sz+dHF/ywm6G8XHvojbv6923BdZXTdsKdU9euA== processed in 74ms
[2026-08-24 11:00:59] [DEBUG] [auth_service] Transaction payload payload_hash=lkNaUuZ3GewUgHx2VjxEdGN2yJh8Oq0tv5x3xFbH97xSs8P+9dQQngdARqo0H4gB2nyCXlxikr6P3b3wukbTSQ== processed in 163ms
[2026-08-24 04:47:08] [ERROR] [db_pool] Transaction payload payload_hash=+W5+XHXPHs98M+Ew4mlFwcObGJ4SNy4X7U8K0NtABXbRmGK14g1J9vpb7jpgpxCZvGlu9YjH9IPHZCJZspV6/g== processed in 68ms
[2026-08-24 05:32:14] [INFO] [api_router] Transaction payload payload_hash=PWWPGLwO0nxzG1RE4BQorKJB4zbn7iH4qIR3Z6FrRY7nTXn37aBKhjAYVXU0eiQjxauYLrXfORQW1Ztm8E9wLw== processed in 41ms
[2026-08-24 10:01:50] [ERROR] [api_router] Transaction payload payload_hash=RcuP7T5m04+CTuwlX0K4npXILM1YDU6071YBovnjMICGuHsA+lc1jaPcIw7nLceo1KwuoPYiaBBVMDEhif+SpQ== processed in 340ms
[2026-08-24 06:15:39] [WARN] [cache_layer] Transaction payload payload_hash=/KvH42Dkz/Ecd0H7q0ulkhpKZKxCpVPH2YZCOJ6P0mNzta65GF4o5sOIuNknE7FEyrSYnq4PByH6H1k5YJsldA== processed in 399ms
[2026-08-24 07:33:08] [INFO] [payment_gateway] Transaction payload payload_hash=fvM1rl36SyQwb+yX95ZpMzl85B07C7qUZ3MLExef+5fYTVGBWHsFWZyHYETyq1DVqLlQVXFACcDeiPjxpHwH5w== processed in 259ms
[2026-08-24 03:54:14] [WARN] [payment_gateway] Transaction payload payload_hash=trYVB0bLPtIZbhA50ADiLGMHn1dGfRFGafRJdV0UiBBK7n4hjRZx0O/4vo+LtYKP6ydXGeO7Pyz9R2Qw5LWgDw== processed in 73ms
[2026-08-24 06:15:50] [WARN] [db_pool] Transaction payload payload_hash=yLK/EdNGPzjlYn8k27qfBV6G6CBlb1OmAu68M5seOtxPneNC3ULeQOVHsRTLtyQIRuQQKGbmgRptMB/+dS5Onw== processed in 197ms
[2026-08-24 11:15:12] [ERROR] [cache_layer] Transaction payload payload_hash=xni5/pcrdy/EXxTIQZyPkY+lVqGZhTroJdJuYWoS381CNf1IydO56hDazyHRNtpkW39tlhEETyQJU00Tb78BfA== processed in 376ms
[2026-08-24 06:21:40] [INFO] [auth_service] Transaction payload payload_hash=dpsEeRCbh9r/RY9qkcCnCHplkhDAYeO1RQW3RkJIC6GGeW+OT5yKt2dAA4wW143/jSbvbbzMCwRPanAFa7hDYQ== processed in 78ms
[2026-08-24 09:04:35] [ERROR] [api_router] Transaction payload payload_hash=uPwIm75hAgMSrAp8TGYymGENYIT/9rYV5bcwGDPyhWdVWLyPn/C7Ot885DH8IiYMZ8rS7OHr+gWSqGNGMCzSnw== processed in 208ms
[2026-08-24 02:18:01] [DEBUG] [cache_layer] Transaction payload payload_hash=+xzS+iUUHKcgEYqLufKWdj0uCYZhDkVeHkrwbZswNrRAqlA1cM/Cl7R8rxA/ntrB6VSjJPLJmCer/b8+NZdDUg== processed in 259ms
[2026-08-24 07:02:23] [INFO] [cache_layer] Transaction payload payload_hash=bm7Ap3uT5c7ZiKDCO+QWyS7MF7ElZypbvyCAYHA9n7mzyYRzAo7AmpKW9KyvtgUZyZkQkOysJWabchk4wZnANQ== processed in 319ms
[2026-08-24 08:05:03] [DEBUG] [auth_service] Transaction payload payload_hash=y0aTGIWJAb7BhEAQ3wabkFIw1cWjiSSqHSJkos+aioGtiDkmhgB7HgdPEZNXlk2AryCNO4RBSrT2iIqKItahWA== processed in 280ms
[2026-08-24 08:18:52] [INFO] [cache_layer] Transaction payload payload_hash=z6iHfx80LEFef3ROmaLHid7D7FROAkOkbn4ryTb0UO3Vqc1EJFxDoz2ZzEqykus6ixMqkQkultN64SEQoyQywA== processed in 54ms
[2026-08-24 10:43:23] [WARN] [payment_gateway] Transaction payload payload_hash=JkwYtgJYb1fpRFk7ZFrU0V3nb51mLE9bcICy18gJGCrc/rHakS6RCY64sA5LVt1iwXoI0rBADtFc4CHMLHp+qw== processed in 409ms
[2026-08-24 10:30:41] [INFO] [db_pool] Transaction payload payload_hash=ejtaJJVYAMCnSURYmQHOvnGltx5QM2a02ROeJsLxwOvKu5J9JGM+dkJHy+2CQ3jtY3Y7sMKR7Ooc9SR7w/uxqQ== processed in 427ms
[2026-08-24 09:45:38] [ERROR] [auth_service] Transaction payload payload_hash=WavNWmqSG+WJhZNvYp/njZbItUFZGjtE1dmtuSpIT+ydHUZp7aPjNP+CsIFLgz+GOF7YuOOtSuYA93KzXf50pA== processed in 318ms
[2026-08-24 05:59:14] [DEBUG] [cache_layer] Transaction payload payload_hash=E1G+yqggaYu83NVXTvp5uVVlO5pxW/g5mAAwuTAjjzyAlAEfKhSozCLQrXQLADTRkM58EnkJXjz6LMOFZKW14g== processed in 71ms
[2026-08-24 08:15:25] [INFO] [api_router] Transaction payload payload_hash=wG/amzVriTgpJZyXlJy9FKTu9HxA9TqMThK5ay2YP2kqNgv5ZoPSrYLVVi58x5hrNexqBysLyTHfvLAx1Sh7zA== processed in 312ms
[2026-08-24 09:37:51] [WARN] [db_pool] Transaction payload payload_hash=FpKsvF58NdirrhvaMBtgCZNxSYFLUDpL+02Ge3Y+Vr0yHrh+ps8fgrbx9EgHHINCbaC2ZyQNo79InNvRrXH87A== processed in 120ms
[2026-08-24 08:18:22] [ERROR] [db_pool] Transaction payload payload_hash=UVHzopbCpBydIDi0oF5voXBUM9IHY5TQ/EjAnBdi1DcimtycK1LU2iYtjT0ko5LMbVeHqqQsn4ugaO3kMP8E0A== processed in 374ms
[2026-08-24 03:36:38] [ERROR] [auth_service] Transaction payload payload_hash=NguZlI9bj0AnWAz+uR4H5/FCJYdHZWB/u2t9es9mMmVlg54Hrh8H9L0bSHkN6usPSGra/HKlwp7ssDNVEsIHvw== processed in 338ms
[2026-08-24 05:45:47] [DEBUG] [api_router] Transaction payload payload_hash=d03kUt2iTpj6uAUbZMmjK9nWvJLTHgwF3lP9hwQ3TBOMaTTKh8ELhHR31bMYj0wbJDgU6Iz3hS1iso6lF0O0PQ== processed in 252ms
[2026-08-24 09:29:58] [WARN] [api_router] Transaction payload payload_hash=D1nwlROLKkA/QyMYGDS+DvYTwbebLldEVCv3a2Z46GT8jk6pliWogYkeCjokfDHcV8GsXWvWeYlLg+1fuaTkKg== processed in 227ms
[2026-08-24 10:29:51] [DEBUG] [db_pool] Transaction payload payload_hash=xmcsN8/ItFNdH2OhTmjHsYqaa6W70JBG5qZVI+25Jk9P3/wCiLGpOpwEyIxVp52U1Hd5dTJ0nQDLQSiJNQDg/Q== processed in 269ms
[2026-08-24 02:18:44] [ERROR] [payment_gateway] Transaction payload payload_hash=/hu8IPiKaL80guvaOdLpTdThs1biuyDrz253xdd1C7PW8JPRZxxwNCFxQXwu+R3m9f5+YDjwjTHIEvF97Zfo3Q== processed in 190ms
[2026-08-24 03:12:48] [DEBUG] [auth_service] Transaction payload payload_hash=9HOqihjJRTU/UBFztjftmkZfDV9uIf9RYnCoy8eRwyZsYIPzAw89c4TsQXB3RAp6gLEGImexiGs4pNajEmXFjg== processed in 20ms
[2026-08-24 06:27:07] [WARN] [auth_service] Transaction payload payload_hash=MoKcWlKUwIowgPY3AQIq+tkO2q9n5ssdH4H4kfrTdjJ/ULs4kod0fTI2m+JSrSsArPi5Kh1TiilfQi+rDInrcA== processed in 449ms
[2026-08-24 08:07:33] [ERROR] [db_pool] Transaction payload payload_hash=OB5tWEvYoZqegY3+nfAs4Mf1jiLfFvkwJoBD29P8gmY7Zr7ymkiIs0gbvu/l0y9xovMq4hS4fntD9H9KezBsfQ== processed in 359ms
[2026-08-24 04:29:45] [WARN] [api_router] Transaction payload payload_hash=eU3CwiaPfd8gtJm1ZBH2LESqxNObTcn5mpEPX14ZhZ3JYqBH9u7b8VWlII5QSieJ0Y0kZcYtXUlwlFXa90Cycg== processed in 191ms
[2026-08-24 03:18:13] [DEBUG] [payment_gateway] Transaction payload payload_hash=fzyDPYyfKhjiMBi9W1dZgETnMZjcmhv3hECdvGCpIdy/xhqmP0GuSuvohbp9wv8G7t4+J39qnVC/xwWtg88h0A== processed in 312ms
[2026-08-24 09:19:03] [ERROR] [auth_service] Transaction payload payload_hash=Rt9RGNxvufmbnaF7Z7viSPwqs2NLKrBEufUcAw1bRauzVOgS+X3kFxq6LIL/2No33JVIlwLltRgw8lmyePbVhw== processed in 98ms
[2026-08-24 10:01:38] [ERROR] [cache_layer] Transaction payload payload_hash=FreOzTZre/pjc9vQqRv7popQ+jtZH4+ibDi3VIUuwZoQ52HuXZ13K2PXx0rQsqPZHECH3QGQ3QEF1rKCx24DYA== processed in 337ms
[2026-08-24 08:03:17] [INFO] [db_pool] Transaction payload payload_hash=0ClkYEkBbUmCfvdLMph9Y0GtLeaXXnzbvFHxfSCqD0/JGF3EzKOKNMI7BqnVfE7RrXDXZU/9HaI7a2NO6KmMrA== processed in 417ms
[2026-08-24 11:13:26] [WARN] [api_router] Transaction payload payload_hash=dcvz3S6DgU4EZz26YgrR3E40xbEcP2v/rTq2AnTMnn3X2Qrgtd6z8WLOig9Ei3ARurFdtMwnPza0zatBI+oVcw== processed in 248ms
[2026-08-24 09:43:49] [INFO] [api_router] Transaction payload payload_hash=Uhem5Fa1E8acplDTeNe7GzTTUmDw9pzcKklsGuQgs7cYuAQA/NCKDuE8N+oIYLmodIeWL2IKUWUEVQ8QEbrXog== processed in 295ms
[2026-08-24 02:24:16] [ERROR] [api_router] Transaction payload payload_hash=J/k0JnRqEnOMUf3kTGwe2vFew/CplYmd1zcmuSu3FWb6aXqbmR4/ncI7FsyMaq8cQkZ9leEDavRhsUr1eTJ2wA== processed in 490ms
[2026-08-24 04:25:05] [WARN] [cache_layer] Transaction payload payload_hash=mbwTAHBTByTl3jaDsXFGjkmLXeSieYL4VnEB6SB36rY3Ikdg6RxVIMVzeOpHTPSMpZVDgKRb4SbRg5bGjzB4SQ== processed in 93ms
[2026-08-24 03:45:56] [WARN] [payment_gateway] Transaction payload payload_hash=M868QHt0s3lMCr2W1H8KzWgiNOAN/1iD2jqGaRLflIe69qzJUlrqUrSi7eLsXeVUIfh09kNmQMgYpe/FPQFE0Q== processed in 118ms
[2026-08-24 03:38:25] [ERROR] [payment_gateway] Transaction payload payload_hash=YlD4OaLF4xHNFsQdtae/clFY/H2hb5YnhXNTGJM9LWMNdIbrk0LUv6Ku0ytBd2wbIVOuqau3PSkvBXofAetgfw== processed in 473ms
[2026-08-24 08:43:59] [ERROR] [db_pool] Transaction payload payload_hash=FSNqx3nDdr9H4oNYyvqPM/e4qto5l6y3Vgg49f0kRrUUV3V8d+AWkoIqvzoQYd2Fr5SsIQes0jSv+Mp+uGvIpA== processed in 202ms
[2026-08-24 07:32:24] [ERROR] [auth_service] Transaction payload payload_hash=UWIyNNA+NmRQf+ZnKKu97BVqthvMNNJtgx9u0JlDBnl0cstcdz4wPDnR9BUiN/1Ucoi28DPN0K2mfUhWnCk1LQ== processed in 209ms
[2026-08-24 10:47:55] [ERROR] [auth_service] Transaction payload payload_hash=/WsWlmQU/k+HSOLx3McqcH4dnNhr2kf48nUDjI+NoSEZFSIOw7r72is2iy3oXYvgS9exYtgdieh4PvSlyFpqDw== processed in 239ms
[2026-08-24 09:30:19] [DEBUG] [auth_service] Transaction payload payload_hash=bSM4uvXIAJRsh7OAg7Oc31R47BAp+7piCp57fmDbPqkjCVP5ewxJgnH40+X1HmWkJAqiYFRiuUU0JBz5LYIqXg== processed in 395ms
[2026-08-24 08:58:12] [DEBUG] [auth_service] Transaction payload payload_hash=KidKtZzNQJG3uMQ2NLma4LDcowYpeW0fA4plDe1bLen9wz0tm5lFOMejCtLpsA/j6e4CqHWtq057jsUKHGhx+g== processed in 149ms
[2026-08-24 06:11:39] [INFO] [api_router] Transaction payload payload_hash=W4YLkQs0BqRTddfihoFUS1SoQ59uDOs0/2du4qM0u1wcVmAtSUP4q0GhevUoOyxkY2v71vrGicef7JiUFAgLpA== processed in 147ms
[2026-08-24 06:03:25] [INFO] [db_pool] Transaction payload payload_hash=6ZEsSw+Q7BsnXuBmSACmCLHQWhHARAKJFPiLHQXfwBYyO4ONK0GqeDK1IJNEBaB7F781Sa2aB/Hiqi9Cek/1lA== processed in 456ms
[2026-08-24 05:57:34] [DEBUG] [auth_service] Transaction payload payload_hash=RVHZcupAf731H+XTp0dFSDh3P0fGsPpAooyL8Ctyn9Y7NFlDj7m1w/dZmnJ6QNCnBVyPlY6WyYhpq3ackmnqIA== processed in 454ms
[2026-08-24 09:33:50] [INFO] [cache_layer] Transaction payload payload_hash=iz1L/k6rnZ3SNw5LX+y93WuUVPjouILjcPSqel9CrTB3uRtOSkqYdIEFZ7DewK0e8MWxgMtIo+tp+Wv6+BZa5w== processed in 442ms
[2026-08-24 09:50:34] [WARN] [api_router] Transaction payload payload_hash=YZH6gLbdWZnWQfcPaanBavLysYYWAMAYstb9dvJEiGl21eoy8WiIirUxYeviqIxzhwWWdxF4E0sfdlj27NEvow== processed in 299ms
[2026-08-24 04:30:25] [DEBUG] [payment_gateway] Transaction payload payload_hash=ud40+ZmQp9ccHp9W49Pg+O9VEMplYldhhijW/eSOKo9iGuQBZAuNQ/tW5V9jC3oOQJbPx2JkkfQN42XrLPBUCg== processed in 97ms
[2026-08-24 06:14:46] [WARN] [api_router] Transaction payload payload_hash=8wZl86QtJmW/erqulaFHkoNhsfjqgeh1l9+Eud9+JkfxTiUp7DYTN3d9dbnevyT+nRT00yFzGh79QKHyAhyePw== processed in 201ms
[2026-08-24 06:24:31] [INFO] [cache_layer] Transaction payload payload_hash=AgrTcGSsHke/G5m/TH5GuAtxHcWYTtKuGcxTDnhOoZnUMxSGiTli0j/kExYYtM/rMo1V4CDMv2Kj7KeTI7PVnQ== processed in 34ms
[2026-08-24 05:09:21] [DEBUG] [payment_gateway] Transaction payload payload_hash=ZP0TZ/1Cm6BRjt+yJCuCYjVdj9BoiphysFgB1rd84qXv6dWnBmjJOzv+BTCphxkUFszBUCKNgYr8DCrr2/85ow== processed in 153ms
[2026-08-24 03:47:57] [INFO] [auth_service] Transaction payload payload_hash=/6KU2a9mDTLdaiwmFLUkul+F5vX0JoRWD8iOKj/Zn10rHAWZbk8mGRiPahUPeN4frPAFT5iPgvEYYX/PEw+MlA== processed in 225ms
[2026-08-24 06:42:05] [DEBUG] [db_pool] Transaction payload payload_hash=U8nVLT/PmA/T+xLf1liOUpNqfxBUTohn/5KhMKflbJdM4U3uaakEmzrFL8Ft0+JAvsrxc4hVeQXWN0TTbEeUcQ== processed in 203ms
[2026-08-24 10:06:52] [WARN] [api_router] Transaction payload payload_hash=cJJBbO0nwdHgdQmKxSJHdfmP9q2gVrgvHUuihpn+AYjghzNJqssDnkUmFgXWV/FJP/HSqktqcMl9Web7G9LfJA== processed in 341ms
[2026-08-24 09:01:44] [ERROR] [payment_gateway] Transaction payload payload_hash=V7+07vfEWe9dJFFdHwvPdUfqiyyluEo7vcKyxUrrlrpUYDxaaJYfT3BTCjhUlFySmz8mNWZPQC9k8XyoXtY7ZA== processed in 225ms
[2026-08-24 05:41:15] [WARN] [cache_layer] Transaction payload payload_hash=i3TG+yQAklb+Cp3rQAsasdtIMY5K6oAM3QPGE+UP+ZhwlSdzxchFT6ljJ0nDq41t9VROT8HZLS/61vqk7C+Zcw== processed in 79ms
[2026-08-24 06:46:49] [DEBUG] [api_router] Transaction payload payload_hash=gu/YK8MIG4fa3JvLDpTI/RhOl85zlqTFE+fE+7Mtl0jTAx7mmFG63F055Yi8mgaIPE2aAmAh4NvHjS3zsGhK5w== processed in 298ms
[2026-08-24 03:02:02] [WARN] [api_router] Transaction payload payload_hash=DP2F/0p6st4q4MdvwuWlu9X+jGfJJIJEyZoeDmMVwCQeOIFQI6xu02OW0OyJ/39D8bC7SleYfkhW+DxzGlRlwg== processed in 109ms
[2026-08-24 03:31:47] [ERROR] [auth_service] Transaction payload payload_hash=Sj6Wh8/zIwwUYsFJCCO4qxMuk7BM5rZt0SehxFsmayTt8TWHRtYtHX+Z39d6baSq8acvgMRDb+MOoseZYmtVwg== processed in 476ms
[2026-08-24 09:36:46] [DEBUG] [cache_layer] Transaction payload payload_hash=UlcdlhivULsN07a0V8pKdf0RWlIHXSom36yyaTVxLcrRHv85JwH7W4NhKlKZEJLky4yAZKFtGkx0TNfE3iSowg== processed in 366ms
[2026-08-24 08:15:51] [ERROR] [db_pool] Transaction payload payload_hash=qb+H2UaxXU99Iw2ZYTcKSaabqP6p8n2a5U0Fy5skXG9Y/F27QYbqYV9XqyFwvx79gbczR7YEBEtp/rzqy/KjWg== processed in 350ms
[2026-08-24 07:04:47] [DEBUG] [auth_service] Transaction payload payload_hash=/tnuuErY/KfFZnqL9dFKcMeQYau9Cn6CjxNyCDEvh1Y/NtyZ9P6YrzNPIu3Mhrus9GTFnQIleR9E1MWAFXbTSA== processed in 197ms
[2026-08-24 11:20:27] [ERROR] [api_router] Transaction payload payload_hash=L/1CuXxBX/ZZkiYKC9VxfzpTqfh1A+MTTGFThYubNUY8zPWv3SYwGv5tCOwjfV7lSIb9B10fh57Hzxmxb3sTRw== processed in 484ms
[2026-08-24 07:18:50] [WARN] [db_pool] Transaction payload payload_hash=idofbNilnIQnwrqq2sTjV2I9WfQIQ8UoWW6iZHagTd19aCqzxOaOrYNsev3hVdIHnucSWc6jIKspb2ipyy+3gA== processed in 279ms
[2026-08-24 04:26:01] [ERROR] [db_pool] Transaction payload payload_hash=vY9SxORNCqrSeInacKTZXcBZAm+36zxg8LLgbnoxk+ggRonqg4r798Axm2xOPxPqh6bX5BIHXzEBu9A84ZBRQA== processed in 210ms
[2026-08-24 05:13:12] [ERROR] [api_router] Transaction payload payload_hash=pvv/I3sblLd4t9giJ2AKQrox9Xc6BEweMn2Kl1EQhFja1rLhYuGFid8iTLle6qmeAcAoEK5rIOVZtWvvMEiPLg== processed in 457ms
[2026-08-24 06:58:27] [WARN] [payment_gateway] Transaction payload payload_hash=O/+Mf9okExWf/u5oOs+MEao3+88WyxGHsCX7dLkn/hXQB+M2gnyGvhKlaZyqqmDuuERVnjwCckDBc9NQL7lmwA== processed in 387ms
[2026-08-24 07:34:56] [ERROR] [api_router] Transaction payload payload_hash=RwRyYVKK+d+p0Qd5pXI13RmCW6vW5AaGRAu+5lS2N84IexxLp4aS6FcuEmRJjAitl4LeyRz5hIMdr87LgxyvuQ== processed in 467ms
[2026-08-24 03:21:54] [WARN] [api_router] Transaction payload payload_hash=DQ2e3kHWyVNc5USawzDr4b/C7uOboGsyimmTheWU6bQ9xVSo/hNq3U3e8MqZFU5jxmEKtpIx9tfobeTK0NJJ9A== processed in 495ms
[2026-08-24 04:36:24] [ERROR] [payment_gateway] Transaction payload payload_hash=MzINOJaxdaSWWzlZudKn9Apd4dKrkZN5/5cgBHqyZgpWIYFPNRiyQPaHhcmNg+56rzdcwiNYoe64gmRulLPKYA== processed in 191ms
[2026-08-24 06:04:21] [DEBUG] [auth_service] Transaction payload payload_hash=B+lZPcmr19voRboCIOz4Z7ehITeLb0GYe68S98l59hXQYMFDLVSdGuFx+Y7AGMpcIFj3En2YKk/WRLpVRBOwMw== processed in 192ms
[2026-08-24 04:36:59] [DEBUG] [api_router] Transaction payload payload_hash=uUdD8plME4q2h5+xq/s0SStY0l1gHsZaoTyNssqdBUy+NgJZcLGK4YyOdtIUefPapKaK+PT38iATi50/RUzHQw== processed in 281ms
[2026-08-24 06:12:27] [INFO] [db_pool] Transaction payload payload_hash=OvmZj2+W20Qbq0xOZZo8tFnexMmjtXbBTvmdOgtFA1mD+m4DvZR1nsAo/M0XKNCAxr0n62DLpO9m8A6PRga27A== processed in 103ms
[2026-08-24 09:52:46] [ERROR] [db_pool] Transaction payload payload_hash=wbNII+JcosXJp6M0PhVwAoeRqrMtQTwkH4QBpzdD8hAb7nwQGPZV/AwPSURzNjoT/JzBZXSOZb49Wyd16f5Q6Q== processed in 25ms
[2026-08-24 03:05:49] [WARN] [payment_gateway] Transaction payload payload_hash=S1gBNr9L9d3fcA6L6FK50Z897q/RNkV8hpqCDsq/mDQdM6DRy60vLCPnMY1M/gEPwOtoEFikRNfUh6S1ov7s2Q== processed in 126ms
[2026-08-24 09:11:43] [DEBUG] [api_router] Transaction payload payload_hash=eNa1bPnXk0vH7mGOIJ0uvsN8bdyXJeSX7bIUaaowyuCj4UJfpPVXmeOy0mMkTktYiu/G28lpPR6izNNey93vmA== processed in 262ms
[2026-08-24 02:20:55] [ERROR] [api_router] Transaction payload payload_hash=sIQpNfBisBiowBvtbnARAbytrJ60KSbuHnb1JkBm54FpmDq97blIlVCbo5VdSL268aUJAg9rfSo0YH+Syu04Gw== processed in 273ms
[2026-08-24 10:52:58] [WARN] [cache_layer] Transaction payload payload_hash=LKEQuA3QtRdH62AVlq4iOvHLfWCgOP11w64aMLbP0/GG/YfA6ZF3tmlXzQikehH9Zetsvtcjv/vmEQPvpudsiw== processed in 435ms
[2026-08-24 04:43:13] [DEBUG] [cache_layer] Transaction payload payload_hash=N5Rjxc+2mxb/Y2G6NT9vrj+Ljh1xxwln2TKzc3u79jr1atm54VaDF7YyGtR6p6CrmsVdMC8tDe4jyvpBHrAHRA== processed in 243ms
[2026-08-24 09:53:11] [ERROR] [db_pool] Transaction payload payload_hash=tY6EczKZJ+FlaVOBt7BdVpHs+3r1fP8fE4d4JER1F8an3Ff8MM99njimMfFYHbI70UCwtcCBcBf0Ru6lthywKg== processed in 165ms
[2026-08-24 11:16:27] [ERROR] [payment_gateway] Transaction payload payload_hash=21YGmgITpK0aavqDFZlvJyjjTH6uELWGhR+dgPhCVdjip92Zn6GTnNPoZlpP7MYlywlL2wmYOrMJPcrxzvSvmg== processed in 78ms
[2026-08-24 05:39:13] [ERROR] [cache_layer] Transaction payload payload_hash=mzAOT41xtYcnbd3OPFoOW8JFPiMDu4EF36wtuGDpbQyssjlKveMiKRHkIEb00CdwG1QEjH+44q6fT2W+sevo4w== processed in 177ms
[2026-08-24 03:06:07] [ERROR] [auth_service] Transaction payload payload_hash=pcNvKb67ALtI7lYdHeAUi1OIZjRVpLzP9SyFfWzw0QbksNEsErD2Fyhh3k9NJ+MNg7sXIOnJLmOrUTRk1XLppA== processed in 101ms
[2026-08-24 09:38:34] [INFO] [cache_layer] Transaction payload payload_hash=nfHLDM6BRMO8Hk0UX11jiTZ3FQFt77CFvLp/djnLq84blNIMnGM5pJbdbu+StiYDYTkXPvOjJd8PVkNzusAkTQ== processed in 202ms
[2026-08-24 04:33:10] [DEBUG] [auth_service] Transaction payload payload_hash=fkzvF5t0+Tvn8d1IHP1Mvg74vHUWRMNwQr9g5s9Bhq8nU5hl6ST3kFJm+DVWMRCg53XSXgu6s72rggAGVvj64w== processed in 245ms
[2026-08-24 05:15:54] [DEBUG] [auth_service] Transaction payload payload_hash=OhdctOdrFfnWr0CrHKnoMfNBT3BAWL+yy4sszwsiPUt3qhtnBlEuGTNCdhgR/9ikr5Jr2uyJ3CN6z+pIxBbqqA== processed in 365ms
[2026-08-24 09:03:31] [ERROR] [db_pool] Transaction payload payload_hash=UV4AdwpIPIcdihJNK1iv+0hon8B1MPmx6XhoiOh5wl8/SvOJkfIUjxmibE8P3YHSfLfDmTx6gTY7nSccpiXP3w== processed in 207ms
[2026-08-24 03:37:17] [DEBUG] [api_router] Transaction payload payload_hash=TkRuSdvYBJuDEYqgHw5oKVvbMpckxYlAtPqWl+ZdsKc2GY9Nhc6j96/WaWfF9TrTIWUIhDuwEL+QDOoLz2qXCw== processed in 314ms
[2026-08-24 03:44:51] [INFO] [db_pool] Transaction payload payload_hash=W7l+6yi4NgNHCUNDl8/0lpiUk6NpUp8BdE4vrRMzBeLUa7Pm0enXTU8yzA3TQkyfLxGxzO+PAHvPF21ZSra7Tg== processed in 387ms
[2026-08-24 04:08:47] [WARN] [api_router] Transaction payload payload_hash=IKR5D5rjomo4PqrYDKUtgoXLBSnLD3PFk6Y9dgWyv4lkZ/xs3D1Uqn6/oh9G0FJC4biYB91TyahfZOnZvsFj6Q== processed in 71ms
[2026-08-24 10:07:58] [INFO] [auth_service] Transaction payload payload_hash=ZThNamvPNOQIm73bRIvNrHNw5TxILRkLdBFmkGk2ZH3nxGzjk76JGB7LSHqMB9fuf7U5oBEksvcLjYz9fKZelg== processed in 458ms
[2026-08-24 07:09:39] [INFO] [db_pool] Transaction payload payload_hash=0WY6A1I4JD2APuA9PvqxE+DWmxml416yiaCYsdLAvZ6vq6thCd0FeXCZ1J3HjYdR/ySGkDr4cNXWV+NIuxrShQ== processed in 235ms
[2026-08-24 07:56:28] [ERROR] [payment_gateway] Transaction payload payload_hash=HftECCIrrKpt465Sk7R/kO0zupkPPW2NK5gWgbk4KZzrfkTEWQo4AQiSf/AWDXijwqTr4y334oykcHbpqKg3MQ== processed in 200ms
[2026-08-24 09:47:58] [ERROR] [payment_gateway] Transaction payload payload_hash=tBTGSGCVXLLFXsZ/XwEsPX78f5ACzSKC7rJYf/EgsOYYEAFNTMZbgk5wgWMaMVZosXXHW9dweht81qiqptnNsQ== processed in 96ms
[2026-08-24 08:33:09] [INFO] [auth_service] Transaction payload payload_hash=5UX2ARUP8XZfV3pX04V+VQvyyku9DRiQT9HImHOkfz64AL/asLI5hb0dQX3hiKd4t4cKuY3l8H3LAckOMZARIg== processed in 347ms
[2026-08-24 05:25:38] [ERROR] [api_router] Transaction payload payload_hash=gAz+SHL/G1qps0flT+DhLXna/x1aOkhK9LXuJQ4irA/jf6++2ZybNhdcM9IpXs4I0CWWgQxYOXNfkZRDxxvkjQ== processed in 213ms
[2026-08-24 06:55:53] [INFO] [payment_gateway] Transaction payload payload_hash=0ShsQ4vXUfQncXjhvrFdwU9n4sna3uheEVqu6ERocNw7gJerPC+8tpEp5jyVJksrjLRzIphvMMN2QCqPwHAs+Q== processed in 459ms
[2026-08-24 09:51:25] [WARN] [db_pool] Transaction payload payload_hash=esXi7NXdcDgTAFWAKQldPS3OB9RrmUxHLGP5uGsDOzSu2izNkAPBBz3LCVSrL9zZsWeWA+r1Xu1pEkGW+gfZtA== processed in 184ms
[2026-08-24 02:50:22] [DEBUG] [db_pool] Transaction payload payload_hash=GW6vRgKcdNYYTb9T+7E0B5u8Pzc8Fy8xrdSCnnuBDlQXHrN/+zhoYKJXuDK+JOSmbwyyddCqOnU4R7XzGGrW2w== processed in 208ms
[2026-08-24 11:08:52] [WARN] [payment_gateway] Transaction payload payload_hash=YLSCBKWOOPN7e8OCJZBN77ZOiuwgqzKZfou9BaShLq1ayyRlu5t4zU7BS12YxsT3sR0zi0yqSPrSe/hBcbOsUQ== processed in 182ms
[2026-08-24 05:10:48] [DEBUG] [payment_gateway] Transaction payload payload_hash=rexikE3mmC/M0oLYr5Z2QNyrebP5LUMeRDpvpC+9jUuMTqPU7ziMEzrOF/gDX1XTbbW42JhpaqrGDZLg+gtKLg== processed in 209ms
[2026-08-24 02:30:05] [INFO] [db_pool] Transaction payload payload_hash=y4Mlej3daM8Vek7p0f99iCi0eZNhiMal7200fxYjg8q2yPHqSMzyMBQcPNFNR16VJwedrKZEChHt9QYOJus2KA== processed in 48ms
[2026-08-24 08:08:07] [DEBUG] [db_pool] Transaction payload payload_hash=KIY68h/sPum1mXR6rStCBRLyFJ9FBtQJFWLPjHLVZAu7HO0KIobwm5Pijb/hAMvd2Ac7XH2ugKGIPaS+kMonAw== processed in 300ms
[2026-08-24 10:53:31] [ERROR] [payment_gateway] Transaction payload payload_hash=p1c9RCuXofD9loKw/LxDzAWcxLWYf9X1/hx/lPAj5gzhlav4dfB3B13sFZh8iDkbU8oey1QDfymf6ssj1Chvwg== processed in 246ms
[2026-08-24 06:22:51] [INFO] [payment_gateway] Transaction payload payload_hash=A2c86DuzgRDEOHYJ7x5hcKyefau9WoGgtz4ne0nxq/szcbIpEsRFYEv+5prGHnhRDfl13P0H3eJitvyL+u28Vg== processed in 236ms
[2026-08-24 05:37:20] [INFO] [payment_gateway] Transaction payload payload_hash=ZNa/RbbavkTEY/2yLx0btsyNs2UBKxbPecgxG9RJAHvtuBId4uhYx278XwbaC4r0bMlPimpGnPiQCCr0myfLYQ== processed in 317ms
[2026-08-24 05:18:47] [INFO] [db_pool] Transaction payload payload_hash=6f+SZ8p2VTicVTV6soiJ8g0XF4EedixL1qpGnqCmcvunP9IBZ+76oOWX81/VWsEsss+n1MIG8qnR8bEt47H8dw== processed in 224ms
[2026-08-24 07:56:56] [DEBUG] [api_router] Transaction payload payload_hash=fhRXtIDLA7kLMPVjdFqeAMejOAxv4g0bxsDao9iDzhuABnWR6hm1Lo2cn+tzGSC/RftA8WdpJXqja/CkqskmlA== processed in 359ms
[2026-08-24 08:20:34] [DEBUG] [cache_layer] Transaction payload payload_hash=dSXBdloNE55xPjRdzPhw1LU7I6sCY8/FP80O1ibT1fFQYoablgGhF4XH1kura4qCfjsIGe+rgdmi7V3/WZF9eQ== processed in 176ms
[2026-08-24 06:36:15] [INFO] [db_pool] Transaction payload payload_hash=01QXFtWOAvAMx0skD8thgxJv++lO8gNSOl1gFgGa6XbTbbdEl8u0egj8dnydbzgnoETvNp/oBlR6ytjc7b//lw== processed in 95ms
[2026-08-24 10:11:52] [INFO] [auth_service] Transaction payload payload_hash=8zOnSQdZr9muU89n54RGlwvf5s8Y6+sbAijC2FkT6knNwIuJQgq8amnxGYSeEapSWsPP+KkIxuVUn5K3MNzfCw== processed in 149ms
[2026-08-24 02:24:04] [ERROR] [auth_service] Transaction payload payload_hash=gwr21ygFnajCz39/z5WIQ8D5WXVfqktxwrxJg3sVlbnGYVfbrwf17oBfELeVt7Kj7aq6TwjygPZnKo3zI/VgLA== processed in 70ms
[2026-08-24 04:15:24] [ERROR] [payment_gateway] Transaction payload payload_hash=y3dSQyKRReZrrqLXsD3EtWpYvUVFQC59/biogRKpBY/KOvdVlQbnuFgbiKltvk/jfNQQrp7cyukS/9L3VTqRgg== processed in 381ms
[2026-08-24 08:51:46] [ERROR] [payment_gateway] Transaction payload payload_hash=4OtpnS6fcDKt7g/gFKzSCMvRiJS6R761JDlTqjTz/sSQqtSKQwYZo3a7/5ni9bHGF49osgNzSjXfBR7hj7EtQQ== processed in 269ms
[2026-08-24 04:25:10] [WARN] [payment_gateway] Transaction payload payload_hash=fTqLo4+JACWK1dLA4MYNLI1OF/mxywwreGdoa8vxJimViYHLatv3A2qaepeoR8vzw6OUOHeYp33Vvht0fJkWGA== processed in 434ms
[2026-08-24 03:35:26] [ERROR] [payment_gateway] Transaction payload payload_hash=xfIXFW5yAWr3nbh0HlDvknb3K/7p/iOqZYIEa2aNBXsD4LU8VccVFYBNimgtmj03sH9eQJ8lEE74rnmDNwxoyg== processed in 406ms
[2026-08-24 10:36:34] [DEBUG] [db_pool] Transaction payload payload_hash=7H+inNDO36CgCRlyUKCpOrJBpzItj/O8G3EhBO4AVy+XZMTLNsvQChzD5rKXCm8e5bnfrBfCMpUodUnvm/oUqg== processed in 131ms
[2026-08-24 07:26:00] [INFO] [db_pool] Transaction payload payload_hash=mxqWRaiJeCSATnDn/p7jG33SKioUbsUD2R9E92lUhwC8oAnya9eUlgx7Y3TZeVSs86FuJb3S9fEpbaJ2ARO/ag== processed in 309ms
[2026-08-24 11:04:10] [WARN] [db_pool] Transaction payload payload_hash=rie5KM8eWeTvEDAXsGZRWdGcn3h8KqrSm154gxzDyqOMEI4uMFT6b8KwoKEu6evajhSn8ytxmA+3LEFv3uKV+w== processed in 425ms
[2026-08-24 06:04:27] [WARN] [db_pool] Transaction payload payload_hash=IrKBg8jdOZcPXMSGq4ywLqgWQUKOK2MK8fHq6jcjjdNBaK0y0vV8nfTN25jhtsAA/7HyWuUGcvwUfTPFYPj2Vg== processed in 110ms
[2026-08-24 05:52:49] [DEBUG] [payment_gateway] Transaction payload payload_hash=qRujcdKfool8JhUTUqb5a8jSG1/n5RQ7zfAWFgONFMO2JivkLzqS9xtq+xpByla3JGvbc38E5aAiB4+tBC2wdA== processed in 297ms
[2026-08-24 06:50:41] [ERROR] [api_router] Transaction payload payload_hash=7BYkdtIfaX2iY7JCB+oNgvq+ZHa/9Tf64foxK3m2gpFk7YrLgv1alqOvyvhLa8wZ3BdkMC2Q77g0Gh4OmWaU/g== processed in 247ms
[2026-08-24 07:13:19] [DEBUG] [payment_gateway] Transaction payload payload_hash=4skPmjXurHurjKZZx1I0bdzZCq5BXM5bTkd2KjR5SuU4fVoOkN12vvY/fBRBhY8rGvn8GNS/hE2HOd7k9uVXIQ== processed in 307ms
[2026-08-24 09:50:08] [WARN] [db_pool] Transaction payload payload_hash=X9aPCFzSFBzUgLXB5+uLViwZvJre52InUAw3ZN6n54yz0wTbaBUBdiujUGqnJmz5+jD0AtAKN7yG6/3cg2f8KA== processed in 459ms
[2026-08-24 07:51:56] [DEBUG] [cache_layer] Transaction payload payload_hash=oAMCdOeOsL4XCfGGPcEzeHOtrHvXjWdDBtvPXuCak3T9R86WtHb0qC+Y3kHZpPOOBHh6Qreq6fXs1d6HhKlFZQ== processed in 325ms
[2026-08-24 08:52:35] [WARN] [payment_gateway] Transaction payload payload_hash=W/57tNpPjgnRl1a5wjdpfI3VN3e1ekTx1e58L+QX6wdRJe5Rnj0pK+0wMp9zSpwjoAwdMDcaD0rInXYSCMMNyg== processed in 351ms
[2026-08-24 07:47:24] [DEBUG] [auth_service] Transaction payload payload_hash=fIOW2aHlx0GtFLGCBT2PeKxI1vicFRWhYnyQ+0MgZka/KCFz/jJFO82mNtlwFbSOYfwhYrWvM0dduHHeSPAWsA== processed in 291ms
[2026-08-24 07:34:49] [ERROR] [cache_layer] Transaction payload payload_hash=aN6ll8mmmxSu1t97r55XyVR15YBmCiE/VgvipUeXPqvbYZrlS4HF7cJ5kBvtkDgetQ3tJ5/AaKqF5sgEIuhSfQ== processed in 303ms
[2026-08-24 08:06:44] [ERROR] [payment_gateway] Transaction payload payload_hash=nnfWpyfShJH+X0LvdUl8goiibMtRvHQK9zGgQ9HNxiYTUj45GekbEKeeay7fcQd9uPp0hrXufo9Z4pK1GiYHVQ== processed in 124ms
[2026-08-24 04:37:30] [INFO] [cache_layer] Transaction payload payload_hash=KMS5UDbuAT2g7kgtW6fe7LFSXEO/YewOSZ4AGfe4hR1B2fZ4ldnhhSj67h3TTWjbCjfnf4eIC4IH3+J5MRn1VA== processed in 116ms
[2026-08-24 09:52:44] [WARN] [api_router] Transaction payload payload_hash=z3IFrYIBkHW9NkSroFLW50NlP1OBgzIXbq1mQ5PSU76QoZC90t5zddx8GtS3qvzJE3BzUvpdF6HY5DhMJwBLhQ== processed in 265ms
[2026-08-24 04:08:59] [INFO] [auth_service] Transaction payload payload_hash=QYdkuN9J3fsKXOsl4zwswfWzt5jOpdN+E9RXWjCC9SqboAAQ16KnQugsoNzMrswCv+NOVFwFU0G9iL5gvTADZg== processed in 61ms
[2026-08-24 10:11:21] [INFO] [auth_service] Transaction payload payload_hash=cd28WppP+Zi3DbyP1q6OYgSsdsmzipn0xQmNZGENt9TWDHV6mPeSjMctaM4nUkYzJ1VJ5OgmQ90OPXrDknJ+uQ== processed in 411ms
[2026-08-24 02:35:21] [WARN] [db_pool] Transaction payload payload_hash=tzmUdN8d7cbrfhKUpBqkCC42oKiFoRmT38HY/xa3pIvx0gxcDGGX1erTqers5y3pUJyZahED2zNOAByhQtolDg== processed in 482ms
[2026-08-24 08:35:34] [ERROR] [payment_gateway] Transaction payload payload_hash=qettnrcoLn9YYHuIfPjY5VkK7Q3FCrKY/VrWxb2XhZ3wE5Mv8PViY1gmudbPqQ2UA8FB9LfQiMWxONGCxSitiw== processed in 357ms
[2026-08-24 04:00:36] [DEBUG] [payment_gateway] Transaction payload payload_hash=l1WvCMX2NPsMyKoRedn4VEg9eL6PqTD8dgwdQp9rJIZkipRiiYhRdRiJJDYL+cDh5SFsxnApf6pvSBr6vzUFjA== processed in 143ms
[2026-08-24 10:01:43] [ERROR] [cache_layer] Transaction payload payload_hash=xrgzW62bZUA0dMXsN8U4ZHQ+diij9LrfcC8+6K1bC0QdS8HF4gwCHGbvUu5KW7/8TfNPvLxAjrXfUt7YnwJDoA== processed in 261ms
[2026-08-24 10:49:58] [WARN] [api_router] Transaction payload payload_hash=Sa/+nFKGJPGcYy2BwDg6AZSbCGkeriSHLZjtc1BbCblMeVbmCwmFOgZX/UY8leygLYCXbiuzGd4/h75LoMOUvQ== processed in 240ms
[2026-08-24 05:20:23] [ERROR] [api_router] Transaction payload payload_hash=ZyKaGH7Rz9pGIm7bH+Ss49WAMflXiqbRu+16IgobfACZ6P+qYGU/EBHbwM0dDaa1h0RkaclHvoB13HNAlWE93w== processed in 157ms
[2026-08-24 05:40:29] [INFO] [cache_layer] Transaction payload payload_hash=1if1qq9P6BKLgs8bMCp0E514p5su8pOs2Y3fuBwJSqFbY2xp/Qy/rUD9EAtR6OuOEJYzkSkiazgEH9hLyBkvhQ== processed in 225ms
[2026-08-24 09:56:54] [INFO] [payment_gateway] Transaction payload payload_hash=+LW62AE/C5Jkfn5Xmi3xnlm9OO4xNlVQHU2ADnfbXjXfXEru1jgyr7inZ8t3xp9uWxg19weD7CP71JfvStZ0ig== processed in 410ms
[2026-08-24 05:35:39] [INFO] [cache_layer] Transaction payload payload_hash=jaSE2wzKH84o78Jo2xLnoPaQIOrN1Qv/mqzPqvK3G38yLBuiqtP58taXQaBDU1miV+zleoq9G96jDNYDZLsXyw== processed in 145ms
[2026-08-24 07:28:00] [WARN] [cache_layer] Transaction payload payload_hash=qquEaN2tXL/F3tgdP6CrW31OikCGyl5PiszV09as1r7q6ahLOCIWC71PyVUTKQMR3lO4KEn59YzNzuceVrQs/g== processed in 202ms
[2026-08-24 06:44:34] [ERROR] [db_pool] Transaction payload payload_hash=crKJwGmR6Pso+RWmarxEjTIxMmjKV6Br4ZtnpCLW0HYxzfBs2UbJ4ljn3RTTrnaaqIsE5coD8rLUZbOFvepJ6w== processed in 374ms
[2026-08-24 04:31:51] [DEBUG] [auth_service] Transaction payload payload_hash=d6rbDAGHloc1TASfET47739WOs+pS0fk76hoKD/xithd0z3UnEdFsKALurdL2+Odz1z/sjGaR8s/vkU9t/a9jg== processed in 196ms
[2026-08-24 10:33:15] [DEBUG] [cache_layer] Transaction payload payload_hash=uUSwoSCK4EMtTFl5t+g25TrsDpDeyS/IgS4bWkK+pAA+fszSQuhufTF3nOu1dEFJcWRNypyUqa+y5VXjST6IIQ== processed in 114ms
[2026-08-24 06:45:26] [INFO] [payment_gateway] Transaction payload payload_hash=XnaVJCHQjBCuGdPZjWN75vNbS94tvIBN7VadEowObLi0uy0HprTOt1RGsMFcRDjEsEdRlrxER3CZ04REPAH9lQ== processed in 380ms
[2026-08-24 05:43:12] [WARN] [api_router] Transaction payload payload_hash=mcvOzo+p3kM0bd4IaeqjUy7I2icpNsgtyxXfANe7VWBlXG4KsZywBM99cQN5bP7FgIe+Vl8zhJJLz5lABNnlgw== processed in 229ms
[2026-08-24 06:45:13] [DEBUG] [payment_gateway] Transaction payload payload_hash=dsGhCUsz3440hbg5cdlfv5vdZvn/dz2Zl/9tSDK/adve0sU0D6NjqWVtzo1rxVUhS+5xVe5tp7bw9A4uF6Lqjg== processed in 400ms
[2026-08-24 03:11:57] [WARN] [cache_layer] Transaction payload payload_hash=Z7XYz0Ir/IPx2eBXsUsA36gyPC5LqIPoIBpq03p7+J1ix0dYNQdqXmRKhgN97gWQoR1ykerug4kzBvjPzyXIrg== processed in 101ms
[2026-08-24 06:16:45] [WARN] [api_router] Transaction payload payload_hash=SslJyDEWNQVQOL9HjlQofYPae5JXdouwrWeH4guH/PArSji1piCWYVW5OxhJTF/B3tRIsh88mcEhdzTC3y1qWA== processed in 471ms
[2026-08-24 07:25:42] [ERROR] [api_router] Transaction payload payload_hash=CxAHUCzyq5jLBMPIxgc2Q0yj7voTe9aetTo8W582JNWWzwRyinriJJ/jVdQTWeRZHJgjaOLAX4i1FX//tQnGtA== processed in 177ms
[2026-08-24 06:29:31] [WARN] [cache_layer] Transaction payload payload_hash=jpJIZ5xeFFIQW/XlyqxKlU+mDbSvThjhnFArDEmK43k7+A58SrTXhUaiRGFFLk9lQ9I8hYxTZnOrNxAYNRDEZg== processed in 426ms
[2026-08-24 09:00:07] [DEBUG] [api_router] Transaction payload payload_hash=4sAREQBh3FkVscIs9cwhUglJViwm8rnCaBdScIlyTzfA93nNFhKAXg8rTv4baxbcdFR/MpxkGLh4v23hR3ZriA== processed in 351ms
[2026-08-24 04:23:59] [INFO] [db_pool] Transaction payload payload_hash=kxn1MshkbS1408jYjMqlPlhTa6Q2IyTCdjH/g/zliv9icOSfNS9n32A9nFLiaJzh1Z5Rfro3gaJjQhrZvdFleQ== processed in 326ms
[2026-08-24 10:44:54] [DEBUG] [payment_gateway] Transaction payload payload_hash=FMHUYWcmDYmaUodrTkBKhkcY+HHB6yYMUIQntpdMEbWnOmRGeLeqsTKj6+ydNPjDkEDbDFt6S7yO1QSkXtDURA== processed in 114ms
[2026-08-24 02:47:28] [INFO] [auth_service] Transaction payload payload_hash=EJB3s2VsYhyQ0OF7f01TqjOBjXdl1LbUw5NBPo816r5pOfCxwL6diUuYoEWvBG/l8SBIXbhbxiyoOcA2hLpYDg== processed in 357ms
[2026-08-24 09:20:56] [WARN] [cache_layer] Transaction payload payload_hash=0jWrZpjQrwWzOEZEFcwGt9hlvwkClw2ERnHQXdCISgMVMGstaSinHLYv+0S7oD/Fn2WQnd/6iErsMKiqblkADg== processed in 19ms
[2026-08-24 11:03:40] [DEBUG] [cache_layer] Transaction payload payload_hash=Xy3MRo0UEjEVK9UEsryNM2BPWkJFsRfD0+G4fICjMwcTKkRtP6sFb8+daOAv2lB57B4SSpbhYMdS6IPaSmp5cg== processed in 302ms
[2026-08-24 08:09:35] [WARN] [db_pool] Transaction payload payload_hash=+LMwkfJ7zoeHa7FZMlsMhiJtrZrQZtmrwOv0L8QdWVcgVhgYbAnGy0XUfHVhRH0/k/7JpH989dUJqb2Bf8py0g== processed in 221ms
[2026-08-24 11:23:31] [ERROR] [payment_gateway] Transaction payload payload_hash=ozeyUMR9kWPffR+zwKZ5EckRkpq+xTY50+fzhdFN+a2IpQ6+D5oYkFQ3kMeoXJYkwImdWltnOZG8tlzfR5TUgA== processed in 484ms
[2026-08-24 08:43:02] [DEBUG] [db_pool] Transaction payload payload_hash=+qjvxKaudF2eKxvIQKBdxWGMZ9IqQXVNkdk8DpnrWyFkSRIrBZkhg4nr9RWLDekEUNNETLu2wU4IKo5V455gbQ== processed in 471ms
[2026-08-24 07:36:52] [ERROR] [auth_service] Transaction payload payload_hash=GO5SiHnhN4OcR5bPY76yXO2oAQ5xRioSl97LZ++LTvP1ggtmZu6554Zge88MzAu5iUUn0SJwIuIfZn7qek361g== processed in 175ms
[2026-08-24 10:26:46] [INFO] [auth_service] Transaction payload payload_hash=ecUnPKyLWUx7s+1sDHJ4AIfcsa3OOjhtdGWxfSZS6TRo/d1UIIGPGyR+XCkO5xcKxZWkMHg+QLUwPcFR0WviNA== processed in 31ms
[2026-08-24 04:36:33] [ERROR] [db_pool] Transaction payload payload_hash=Jusp4oZDnmZ0iwms3BLMeuOO+nPWDFJjgU/BXEJDI+1vBD4JPYi6VhAvPGiH0L2a3mTlGyztwDKwHf1EBdsIig== processed in 145ms
[2026-08-24 05:16:29] [DEBUG] [payment_gateway] Transaction payload payload_hash=96T7k4HDgImy3DFgJx3utymy164SYoTPA1JYT9mjBwbOBN/rhy5AVFYAOgpUiRZQ1J/ROZy8qG2d8dxis7Q6iQ== processed in 297ms
[2026-08-24 06:12:39] [DEBUG] [auth_service] Transaction payload payload_hash=MqDG1iHt4kH5yiAH55Pt+h05iJIVSqhV7IY/s4GQxGEKmnTMN082YcDYJVK+VjraV/9e08IVEuqF7EvojqTpEQ== processed in 86ms
[2026-08-24 07:19:23] [WARN] [auth_service] Transaction payload payload_hash=d1q3Ar80Dpq83e8q/p+GTJduEux+EA63UZBBqwgH1zexct03elFee1VZslBRXsKJQIw9YMkt/yvEfukgeYHFwg== processed in 149ms
[2026-08-24 06:51:12] [WARN] [api_router] Transaction payload payload_hash=VfR+5evLSYIxsnTHgHPpWF/bWEAElKdJgP2A3AzmHMUAol+bibJ2VCW0iqai5EQtCfAP8K5TTHqA51uFtwxleg== processed in 448ms
[2026-08-24 07:13:08] [WARN] [auth_service] Transaction payload payload_hash=gZuBS8lBxShiEiS/SOazqP0G86IjrdXwJbha6bgS9IABq+rAOWiWUlfyCgAw0h38LMJollxV7mrC17zja+6eZA== processed in 112ms
[2026-08-24 05:28:59] [WARN] [db_pool] Transaction payload payload_hash=cP8DnAuRq0jFyVkoV9y33+zfIYoTfyK3udZdpKiF6EZ8J1b4YnDm1PnaIYdJqPVVEtpw/xpXBpNRvo4kNusCaQ== processed in 161ms
[2026-08-24 06:10:09] [INFO] [auth_service] Transaction payload payload_hash=Jq5+JoZageXKguHCQACwxDDd50sLvTI4xIEJwpURLEleBqnFTkPd2h2PQnw1HGNleABDcUSgynq0SCR7CgaDQg== processed in 19ms
[2026-08-24 05:55:03] [ERROR] [auth_service] Transaction payload payload_hash=XFwCEzaJrshBZlBhRymc6FalqhGqtHUtlXTiRtSiL3RoWar+3MNVMjlilZ/wSJnwEhCC6DFCvx0PweoQRMzgmw== processed in 356ms
[2026-08-24 08:29:48] [DEBUG] [api_router] Transaction payload payload_hash=PrYFTwaxiOMPVQ1jnNoGyBFLl+8O+ktx9r37GtJbATVAqpRXDkyrjE0sd81jjXX4mcDh1SBJoae2NZUHZLUveA== processed in 151ms
[2026-08-24 08:57:45] [DEBUG] [db_pool] Transaction payload payload_hash=s8stptTDiG8wLtQcajg4jE57k3kAXP8J4JwjAy2oGrZ8Lvje8jvCyo14asbU60I3TRM26fghyKTkFAZOAHXzIw== processed in 297ms
[2026-08-24 07:42:13] [DEBUG] [auth_service] Transaction payload payload_hash=wNlYcuKLXTY+eHH+v3nkzDOCTGba2MdgfxjhtuK+r6IBBixQS7mCnJD0vEYHRE6gLReYRnF5eYjEx1OxW++UaA== processed in 85ms
[2026-08-24 07:42:29] [ERROR] [db_pool] Transaction payload payload_hash=DVimEQv40sW7E8Y8QNZi31tIiIqOCDXxD/PKdhJBvvAMoG/3y8f4+SzbgkSmJbsHQwbbZtXOzzlnvSa/wkzY0g== processed in 162ms
[2026-08-24 07:29:52] [INFO] [api_router] Transaction payload payload_hash=OhH4Ayu1bID8KfnwZaGkg71vxgZj9facqyp0uDxbs9ApPbRC8xi6z1DPU+rILO1G6p1cErHSc78RW1V+Dyuk4w== processed in 464ms
[2026-08-24 02:46:21] [DEBUG] [auth_service] Transaction payload payload_hash=O8YW3k6lcia3YN7Hblh+LIeaa5Tg0bRt1I1pT6Go68fIeVTMs0PFXq+xdQiT/ItHjph23m03z+v8Z29cNKpRHw== processed in 225ms
[2026-08-24 04:32:26] [ERROR] [auth_service] Transaction payload payload_hash=FrWxfFTFLsMC6B379lcOu3s1zuOyO6K9LLdJZEO3/6G4iMmkiAZEmAZ87yu7TUvc3eg8HJrodqtmWQl0g+YGHQ== processed in 109ms
[2026-08-24 10:09:18] [INFO] [auth_service] Transaction payload payload_hash=fc335HfAA6P1St6lQOpCwI0UlMJkadIvfYFizTKGNtejsRVvdDz4MZFVoHHjL0gNCIk3kkiDCUBiLPythPygSg== processed in 85ms
[2026-08-24 04:47:05] [ERROR] [api_router] Transaction payload payload_hash=pDMMqR8qvIyJoDeH+xyeTxwN04sW57s+aCYmHGczrY+ARMG9dxVKAiMcCbo/HQtZrVzRij4V3O+T9urc/oTQdQ== processed in 336ms
[2026-08-24 04:15:00] [INFO] [auth_service] Transaction payload payload_hash=fWHtIB+OBmO6nAlv+erk9cyfa+4jTCq7mYDsBmyW18mUnWiZMw3nvU2p32ebwFeuVAy2ZE0NrZhCbw0TW2lvjg== processed in 93ms
[2026-08-24 03:38:04] [ERROR] [cache_layer] Transaction payload payload_hash=2nzS/aROLq6XASgUi+xzQQoFzPeLlRSmV6BWeEFUp5sH0RyKV2sdcgQhfWsb3SINHu0e63OQTaRR+qnNBIuBug== processed in 466ms
[2026-08-24 08:19:03] [ERROR] [api_router] Transaction payload payload_hash=cOB1ZjbUjGzohzZrLr8zwVvNpq2l3W66ahZsO7zewrX26VFs1N89gytwEsCsvF1UtcfcVojyVzaqpp2A/Rir0A== processed in 391ms
[2026-08-24 09:59:04] [INFO] [cache_layer] Transaction payload payload_hash=bY3Iu5r21wYV2jqsYIfsHi1LziBbR11ysDxaS1ipnOcffH2E3ZA69HCI2vlxi89Cw0LG533PvrmSbFOqKjU6lQ== processed in 449ms
[2026-08-24 09:39:42] [DEBUG] [cache_layer] Transaction payload payload_hash=YrQJ3yl639cNtM+5z1bTDGtgo/9Za1wiwM5xRX+geemu5TGz5xkKQAFVLkizyAdLfOTIsHT/QixSibI8t4w0Bw== processed in 77ms
[2026-08-24 05:24:53] [ERROR] [api_router] Transaction payload payload_hash=pMqIfliRkyzbxx+J4tUs3hy5m/lYc40r077DR7ArlFUUtgCLyA4T7KxDw3lcBSJHJgnVQp6RJy5fe0MvwCJqpg== processed in 118ms
[2026-08-24 09:29:49] [ERROR] [cache_layer] Transaction payload payload_hash=54pkdP34R2u+ZULFCuLfoJmxA7oKd05CLkT//1RV9/8d9r2c+rVD42sIPstrDlJDy3Hiv1RCMVgiFeGaXfRnCg== processed in 121ms
[2026-08-24 03:13:38] [ERROR] [cache_layer] Transaction payload payload_hash=aIfOWM4jYTVwIv98pZ4xf423WhF/OFCFejk15uURMgexr9H4L7wtKBfIgq0Te7K6+2bc+FJ5TB38GvoQjwljXQ== processed in 348ms
[2026-08-24 11:17:01] [ERROR] [payment_gateway] Transaction payload payload_hash=IHQ5lbjapBcxsnDggVxeiLD9NTE8mnuvznveOfQO2E1LwBOYNi6iYBhlaZhbOy4fyXtzmfp+xpa9m+gtO+P+8g== processed in 29ms
[2026-08-24 10:43:06] [ERROR] [payment_gateway] Transaction payload payload_hash=ZTYMqnPgPUYvbcGtI4OpzqelsAbkg7f6+YNuUZmlirAcdvc1ym3NbMbLy3ykipOxh/WJhfTa3LNNIGxJQiwqbA== processed in 433ms
[2026-08-24 04:25:22] [ERROR] [db_pool] Transaction payload payload_hash=ITGk4/67R5CX95ZKgRpdlm9oTsFk9nP+9pRvDLBWYSyQwQYvHkjt+toqiH2OrztxSn0nV5jzYy5uKrOBpOAQgQ== processed in 383ms
[2026-08-24 06:01:06] [DEBUG] [db_pool] Transaction payload payload_hash=+ALX6BsbwOMseDxKzyEMD3Bn4m4v+LYHWhP0MA9irXFmuSx1wxR9fXrziMXN3kpabW8qDbTH9gtHvmpxmE0yzg== processed in 189ms
[2026-08-24 06:07:20] [WARN] [cache_layer] Transaction payload payload_hash=eszeMP8lo7wNZUOnDpnXHVXBDVEuLMTY9TS6lTrz0N/NyqKwCH1iChLMlvWHL43q/6Iez8lMq+WGaseWMXZYyQ== processed in 281ms
[2026-08-24 11:07:04] [INFO] [db_pool] Transaction payload payload_hash=l4Jp5N1VRbXkTjerPXRPlYWEHAg0lmYy9i7FQB+ZdJsVZUx/9Phwva/IWVZDwIYnyRL60VDfy+N7WSTKbXhcvA== processed in 327ms
[2026-08-24 02:42:13] [WARN] [cache_layer] Transaction payload payload_hash=giL/EZ+k1Upj0qhRu46dogeBgj1OBWHvTKJCHewQo+6JRhAfIsjS0TgWNoNpK2mG3chCreaBXGjtG1kIt+NE3Q== processed in 305ms
[2026-08-24 03:25:49] [WARN] [db_pool] Transaction payload payload_hash=iEYVqfKOxxTXBSRX9NGK8XF951gNAf9asmTqK3HzFNTtcWlcPp8ODVrEZzadllvg4hUzt3+ToI+BR5p5aQmr3Q== processed in 82ms
[2026-08-24 03:25:14] [ERROR] [api_router] Transaction payload payload_hash=yTcBYn4NDXJKPnXtnPum21PiNMUyzTgkPelxUgmzLEATeHzvpgqWX01I6Rka0E7n2cTxo5pN4O9FgSEthL2tnQ== processed in 103ms
[2026-08-24 06:59:12] [INFO] [db_pool] Transaction payload payload_hash=PB1YJwaKap5QvLm9vGLrnRstRuN1Xj3oLcrx5HNuA5M5+SDpgJu4Kxkj3u/5Hd563POrn43fvXI4wYmt0Jz35Q== processed in 172ms
[2026-08-24 10:15:50] [ERROR] [cache_layer] Transaction payload payload_hash=SkUXaaOinYOG48MO0hgNzDY24PD9SZpIih1wWpOGds0ajaMgy8dgdtTuG5cNZcKR/8NkhvqrgrqSRaxA/HwKOA== processed in 485ms
[2026-08-24 04:41:07] [INFO] [auth_service] Transaction payload payload_hash=uqXhr0R+YJn8lreYGReSb4X7CAEteMJp/8M1fQMdxIwRYLKFaVJ/Ozq5NTdU6H5EK8cJ9SJxwlmbS5GgkxeY/g== processed in 164ms
[2026-08-24 09:37:46] [ERROR] [payment_gateway] Transaction payload payload_hash=FYJKoq4JAt+WzQAxcMUmihcUtcClN232qWWXhlygGKpbkRkc5zntXIeSPWKPqhaddKXInY+iqyJrlCKxBygYxQ== processed in 119ms
[2026-08-24 03:13:17] [INFO] [cache_layer] Transaction payload payload_hash=rs82m8btUt2Qk88WKXgqJ3CqgzQSsRJbFHrp+aCZwzJA3XaSKB2NrwbJa5Z170tC5cuQJZbmXLTJJeATSjgGmg== processed in 93ms
[2026-08-24 04:03:44] [INFO] [db_pool] Transaction payload payload_hash=uQ1AKQ5ILI6VbOr2RoSgjCXDaHzW1oAsflxcs1FaM4IXcxPn8NBQMYKzq0k1xXY0N03tK6m8Y028gZ6tExNOwQ== processed in 67ms
[2026-08-24 02:36:44] [WARN] [auth_service] Transaction payload payload_hash=c6+9PyHciJg7kzelQp24zxhPd/v4cTQTiJkTextgLHJ361n7gUH88bnYz7cP2g0wkQlsImjJU/n+/LaNQOflSQ== processed in 51ms
[2026-08-24 08:23:35] [DEBUG] [api_router] Transaction payload payload_hash=L2vaCQtBPjxsnWXi58RthFOFRgEvTd9vAk5l8UbbvkBla/cNBdSpKnXYvaLIHAWjgEj9Hyt49SJD/KlpSqLe5A== processed in 365ms
[2026-08-24 09:14:24] [DEBUG] [auth_service] Transaction payload payload_hash=cICkFfdZAUNgYva+neLcMn63yvqI62UmRxnG79lCrhkoH56es3ngdTKbHQItanTYPu37TrCYOTxAZAqLSPe/Ng== processed in 231ms
[2026-08-24 11:03:36] [ERROR] [cache_layer] Transaction payload payload_hash=zPo/7/ejaCkGjzvo0LbfbzXs6Ut5WcYaGXlaI3SWbitUNu2f8nAKGjNlYmrTu2YkaJ+zK8SR0j6mnR6cIJ4dsw== processed in 133ms
[2026-08-24 06:17:55] [ERROR] [db_pool] Transaction payload payload_hash=gA22KrTWF4EbE2bQ2eUNkvjsdghno0Tj3tvbwz6MyjCopDyNbXpWobEqqvFHTtLOunJ9TwwVohJK+ucsIOatcQ== processed in 428ms
[2026-08-24 06:52:01] [INFO] [payment_gateway] Transaction payload payload_hash=J7hVZPKOI40D6JRxAgoQLzI3MTPrDsHi7FeqDRgmo9HCrNvy2MwS1VRh0SBN5Vxh7p3E0B2BNTQ6K2sCycgwng== processed in 370ms
[2026-08-24 06:53:46] [INFO] [auth_service] Transaction payload payload_hash=FZgQN4t2PzOTEQFmze9h//ChuxJGIfvElIMmsDg1oqcdZYjiPfe+ssncMWvwcTWO0Z8ANhemGTfWVTD4OKeK6A== processed in 235ms
[2026-08-24 07:25:22] [DEBUG] [payment_gateway] Transaction payload payload_hash=qy6pmXhtWfsuHxkqw+p1lDFXfuzCw4gNhHWfj3vKpI6VVAyYaz3ZWDfziuSs52XO8cWYg3EJTeFno9ORLjJLlg== processed in 430ms
[2026-08-24 06:31:24] [INFO] [api_router] Transaction payload payload_hash=wTGsefg+JDBimxU8GwWpPEDc5uoDLpqls0dHU0DzEJeKCAaOF8V9ZPSIS74Ep08W8lHvcjJ3j7KvVPl9PYQMtA== processed in 427ms
[2026-08-24 03:55:59] [ERROR] [db_pool] Transaction payload payload_hash=k00RAlSCi/so5ggt3x0fVlGYZHO8YA321QnGhgPgeRAn2B+MsrV331bcSE1wMhciBs+ehvAz/uFVlafWb7xv8A== processed in 5ms
[2026-08-24 09:24:00] [WARN] [payment_gateway] Transaction payload payload_hash=7TXltEE6j19VVudHQXOy9IYl+TSSN4YKyovM4XvCmrjuibaxWajeosDvsP80V3zEWgvd/uZMDznVSdewWfu8iA== processed in 405ms
[2026-08-24 08:34:08] [DEBUG] [api_router] Transaction payload payload_hash=OjZnV4GsSKNsTB4YSnInHGNFcjLYhvuzMpn6lgO2508PhWF5/7KIZA2zVEeIkn5I/PB4pD9VxP7lDH0aZ8gwcA== processed in 96ms
[2026-08-24 08:10:05] [INFO] [payment_gateway] Transaction payload payload_hash=dWFtXYz7ZgC+cXLRYZiyRV8t4DGqABXwh7JpMkV4dwFtVFX1woB9QdrT6GqXkE9hZG5Lvytoa/+wIFvYBErnpA== processed in 140ms
[2026-08-24 06:22:58] [ERROR] [auth_service] Transaction payload payload_hash=VHZ/bl1gn+Ia0G9E+12gaDKRRWBWa/FuGNvgptPzGhvflAH0RxvwZW8b98ocz4kmG66wa298PAQ8JDOgKn3r1Q== processed in 45ms
[2026-08-24 05:59:48] [DEBUG] [payment_gateway] Transaction payload payload_hash=cav9KTBbRVOZDlSCJZdOfzNIzXM+8Gfzj9dVBVFUKpz2eEVjT29o5WJos8qKk+SqLMiu8FCKC8yvwvOJjCslMw== processed in 312ms
[2026-08-24 04:23:26] [ERROR] [cache_layer] Transaction payload payload_hash=91Y6QutDknOI6UUKrPQ7UalvmN7yEu8heffoytc+IFToYriJmeQap2MG0qX8g9u0LNqUzs10yGF/+0yGf/KsaA== processed in 454ms
[2026-08-24 09:19:06] [WARN] [auth_service] Transaction payload payload_hash=Nh6WJvZvstBjjYbzCGC8R4anyc0ZIi9aFRQBGzJ9OwN2jIrZnaH9u8Z/bBHCT+fQ0bu48mYFFIqHlCAzo75tfg== processed in 337ms
[2026-08-24 07:43:05] [WARN] [cache_layer] Transaction payload payload_hash=I4eVUPtwFb+gVU/Mw0AmbvArbs9Izm5B0UGqLy4XvrfUR4JDh1+ejYsMQ0nidwOo9OBR9MF4iqzG52GMUmKxZg== processed in 219ms
[2026-08-24 07:41:03] [INFO] [db_pool] Transaction payload payload_hash=KvB1GWL9iC2mY4Kme7LfdeLZ7+J/aZOF4/xKeEDdcy4WKE3Fy9QBirtb0XnqLXnouU+30OuJPfUztFitXuBEig== processed in 471ms
[2026-08-24 08:17:00] [WARN] [payment_gateway] Transaction payload payload_hash=HpPYG4si+unuzA9/2fVgN1hQn2amjdN8TaitIgzr3l23x554f+GMek476HPHCkgB1xNMQP/6crWAMK7BkBpV3w== processed in 454ms
[2026-08-24 08:04:43] [ERROR] [db_pool] Transaction payload payload_hash=Yevus1o4ycVDytdzoA1frG5KNllhws6t5R7EfmSt5nIO7KMHzr+PXCBQihuWglC7k2EEp6ZtvIbI6C2ivaD4AA== processed in 370ms
[2026-08-24 08:39:14] [WARN] [db_pool] Transaction payload payload_hash=TJw8qMEhPJTSrH1EWSgU8Al/sXTY4zlYHkaB2L+A2b+cvhtGWUfqrdFnCTooEFX76SXdAY8eD472QLJFCPReZw== processed in 76ms
[2026-08-24 03:19:37] [DEBUG] [cache_layer] Transaction payload payload_hash=zs68832YX2ewFsxZCdoTCts5KRD24iwWLA3vkGwI8nu7hHDc3p72+Azn6+hTWXiYJZhZvZCmLsxixqO+gC9Unw== processed in 224ms
[2026-08-24 03:08:29] [DEBUG] [db_pool] Transaction payload payload_hash=fF7DIzTVMCCpfPpRa4L1wraF0TxOteRWVmCQ2VV5kYMyhSs+3WrFnW3LI2/5YYIDY/PaKdwZvymUnNwpaLGGKw== processed in 136ms
[2026-08-24 05:41:47] [DEBUG] [auth_service] Transaction payload payload_hash=m/6s++6weIyKBc8dtmVjR8j/sM+7V2ZWrZDLvl4H59mMDFOxpaQseOkOWDkUD5poht8TlPxg8SAex4pRp41Xkg== processed in 394ms
[2026-08-24 10:04:37] [INFO] [api_router] Transaction payload payload_hash=wb8yRrjslNX1BIVEPD/t3tht+vnCC+Hi5IPlAS7lVEVMcNP1SzGwlX3twDm0ZZsAzYrOSBf8WTn3IWJpq8rybA== processed in 175ms
[2026-08-24 08:38:48] [WARN] [api_router] Transaction payload payload_hash=TRjQrm6R4JQXkNZvNVjVRlaeOm/1kjan/WO8EFTmO11yOlpfo4bKI0UnpyEtAdAnQwWFDi0hSCit9NVXpHJ5Og== processed in 111ms
[2026-08-24 02:43:52] [INFO] [payment_gateway] Transaction payload payload_hash=IKR/PnaU09MWTjrUHVfcu0m7n0zsBuU5JfZ8dDDq4g7/T4gmEM69W3Yaljxx1A3NdR9Z6GcKouetidpd1VIYVQ== processed in 491ms
[2026-08-24 06:04:16] [DEBUG] [cache_layer] Transaction payload payload_hash=+QOjtqklWKXm2njsHkafPLbE+na0NDWRDbxQbFlo2HhvoFhkooMrc6jQNnYLOH19r7ZqdY3mJUhRItECmAoJzg== processed in 159ms
[2026-08-24 04:48:24] [INFO] [cache_layer] Transaction payload payload_hash=OkJxTR3WEQZN/oClnFPoO03XVQuMESMYZ+RP8CAk/hX7lfkPa0cJTQhYOwBMCaSJ6M2qOUJuCns2t6/V7eRRVw== processed in 90ms
[2026-08-24 07:50:28] [WARN] [payment_gateway] Transaction payload payload_hash=kPryX1bFsH94KOCQF+laMt/LJxejuDFGbettZOmlyxrMz0okNNl4R2eX6zc9RSbPx63nP4HMmIlDeVNXoyyDAg== processed in 78ms
[2026-08-24 06:08:01] [DEBUG] [auth_service] Transaction payload payload_hash=JKe+bGa5Iu3uOi2nJZHMSc/cf2f+TBW0alwyQz/Z4NX29581lPbTmEG23Scq7RjiSmNMx3pOuKScxJJMslBJ9Q== processed in 282ms
[2026-08-24 07:03:46] [DEBUG] [cache_layer] Transaction payload payload_hash=pStiJkHcJVPca4CUwu/c36fggKW0ppThteWBKGJmIy0KTcnaqnIVsja4qPGKRxJyxlOey9Y9KmvyKBI3vzl44Q== processed in 130ms
[2026-08-24 08:53:03] [WARN] [auth_service] Transaction payload payload_hash=7mafx2Xj9JlzGaxlLX//FRYnyITfJRY4pxwp+n2O0CUHQahkB/db03vCQvZFHZxq9MssWUW97Ou2+GJXkyS/fw== processed in 278ms
[2026-08-24 11:08:51] [INFO] [db_pool] Transaction payload payload_hash=36yQAp1tHI4wrcmTSEmgH+1/j1vn25ZrFtqtriYMSXKZiAmO0oO+NoLObCH+KQsYBspaEYg0n6uVZQOg+wgfnw== processed in 348ms
[2026-08-24 08:47:39] [ERROR] [cache_layer] Transaction payload payload_hash=Bzbe3L17dspHQGzBVj3MQUGyg+8yLLzI7Tetog+u0N6MqPTdbzcGPXgJk5izRvyCCxIsw9/iDoST2X/CXWqwUg== processed in 455ms
[2026-08-24 07:06:38] [WARN] [cache_layer] Transaction payload payload_hash=QoaD0YQnBCsCiaQYlekgER9HLAw/+PRo8JGYtuT+l8l8hLRBgMp6dpW70bk3LnFJ4kL6WU14D+fuRbTdaOguQg== processed in 169ms
[2026-08-24 09:49:56] [INFO] [auth_service] Transaction payload payload_hash=NWMRs2g+Pwyn64H4OiuqYeGDxtd0fOiNb8tj8FPGVb4WPOjkWwZtOCX4n8c3k7NAZ+tmt2mLzQv0bJnZu5Wiew== processed in 440ms
[2026-08-24 09:17:29] [ERROR] [payment_gateway] Transaction payload payload_hash=8spmcbflKe32635EzxHoJddp66GG4tnjXpYS0A6kzHQK8phSsprNAYorWhsrWQT3Wyt2AjY2IAvkfzbFo7nwmw== processed in 140ms
[2026-08-24 07:14:39] [ERROR] [payment_gateway] Transaction payload payload_hash=RyMl8fZHi8U7nmTBlpuj/841WrdGRQg7QR9gJLPr7r1duq4uyoyv5hAhp2kfRX16IGXqXkS5s9xuVlhTXgpKIA== processed in 427ms
[2026-08-24 05:02:34] [INFO] [payment_gateway] Transaction payload payload_hash=aKtZOSyFZCPDfp23KOx2hnNLdPyu69OxqZIHQbAf3EotT0qcwHsZJfj0TryZEfXfwU3n/nT2f6R7J3k5/HVQYQ== processed in 328ms
[2026-08-24 06:12:15] [INFO] [api_router] Transaction payload payload_hash=is88s4BpLLZq8Ov75ZZwOQTvjwalGc/Oi95diAZSoi95fJSOkVxvnLWTwrQEFnc9bANL4th4pa9eTziFkOj+lA== processed in 455ms
[2026-08-24 09:18:52] [INFO] [api_router] Transaction payload payload_hash=t9CC7fiKjtUc5Gos1QTSBxXzmfKPLZZEb0KGAO8g55TkxrLQgvbkVLnz/8TemFatSrEuMdQXTA5ZO+qEiR4eJQ== processed in 173ms
[2026-08-24 04:50:58] [DEBUG] [auth_service] Transaction payload payload_hash=5iUUyk4kLOTbdjuuc8/ByI0JfBGtu8IDETsU+hPAvJZbT4udOn8yp3f61mqcWQlCSIY9Thn105nww6xD5GHryg== processed in 185ms
[2026-08-24 04:19:47] [INFO] [api_router] Transaction payload payload_hash=C/H30ROw4a9vBrtkibm3dU8RbVaU7x+5UZECff/SWlf/JaTpru6OtgWPAd0vRSal3KknpdOGrhxXfFpxgz/IXA== processed in 139ms
[2026-08-24 10:47:00] [ERROR] [db_pool] Transaction payload payload_hash=mvkZ7ojOtePM7urUjOyFRVhwBt3EjXwEX5i7vQhkeyeLIASAH9GK0nWDbcZfKG3GBksMQnnccN5aSsJpqHNLrg== processed in 444ms
[2026-08-24 09:09:46] [ERROR] [auth_service] Transaction payload payload_hash=xzLK9uaBHcKpwABezg6kUrt7/6ne+UWt7MhkWf6Ywdcowkd4HBLctSGx5/H+0NCLO4yVCDaL4YtDV6tEegSPYw== processed in 368ms
[2026-08-24 06:33:24] [ERROR] [db_pool] Transaction payload payload_hash=SztLxANdWlcpw+AkFCBvnzxBbroRaMcTSFclkaqmNujZkgm4PrgblVOTeo4YEHD4BJ74UcPL9h7G+wA6e8+oSw== processed in 315ms
[2026-08-24 08:18:55] [ERROR] [db_pool] Transaction payload payload_hash=vL87OvSjizZo6G/RIn6C53sBrlzEL7ONJ9D1broQR6G+dZNffbJEG1iJwbOe+yO06AipRxEmPpjS/0V9di/38w== processed in 216ms
[2026-08-24 04:46:06] [ERROR] [cache_layer] Transaction payload payload_hash=86ZsBVM1CtylrJSQK13GMY//YceYP64ZZowwIDtder1Arw+JjSytNU9m0yjOQVs9PGwzp3MyhLO3IhwMFFCgYg== processed in 7ms
[2026-08-24 07:49:04] [ERROR] [api_router] Transaction payload payload_hash=R+cpCNOke3OxhbF8NVsJtrwEU59wPnyhAPrNYubErjO4dSmNWQ4LvAzWqvoz2E8joLYRcwSmgqpzORHH1sbxog== processed in 5ms
[2026-08-24 05:21:50] [WARN] [api_router] Transaction payload payload_hash=awSRnfj4Ff00jzRqCtgwmRJxqd8HLJU5vRVFrCrElPhZ4Id8Q61YL45aofZuXVtyfTYu++/EDGhXucQAqDwCSQ== processed in 36ms
[2026-08-24 04:11:48] [INFO] [cache_layer] Transaction payload payload_hash=8epli85vG255kczuSCvBGyTwvbuu/M/icebHXfsk0K09O65OB5S92T06ooth5PCNChIN8RgI/v+Q5NsiAdJn+A== processed in 319ms
[2026-08-24 02:21:05] [DEBUG] [auth_service] Transaction payload payload_hash=+16PvcMHly1iDWtNb1SYSlhY3kufiCKnOJ/NxYiQTds7h5ijAk2xt8QAa8G65YDM3Uftz8K+eK4/euEjuPx7Jw== processed in 209ms
[2026-08-24 07:25:14] [DEBUG] [db_pool] Transaction payload payload_hash=7E25KnmsiWwGWYgVkWHb8K6XA9MH+CDH40HxMDFZqugzBhDUNxC0VzLlbscNt2E1Z/R2STSJplF/YNkuUXpryw== processed in 83ms
[2026-08-24 07:02:14] [DEBUG] [api_router] Transaction payload payload_hash=e1R4tdkg3z54KFOfyYaFQqiCktPcs4bjGFg5yJT8hUrduedPL/NlNy+YJ9kkeqsjf7VZ9OBCIsE4vtFTM82bGA== processed in 353ms
[2026-08-24 03:55:44] [DEBUG] [db_pool] Transaction payload payload_hash=PAbmJI16Lv/475nRC7QtccO4hddUzA6rg8gvYeapT812jSiAClyuLE9FBPAww7Nisjo7Vutzfa4iTceho1NTRQ== processed in 366ms
[2026-08-24 07:57:14] [DEBUG] [auth_service] Transaction payload payload_hash=fjDXZLS00MWAYf2LHKPXVfK1qqXCEl/gvXdbC4j++HCEVDzGhiW4gcAzkCWK90Zkp/CRP4yQc1MJmo9tnPhtRQ== processed in 124ms
[2026-08-24 06:20:05] [INFO] [api_router] Transaction payload payload_hash=WdkVMuFnNWB8EJtf1EHlOqojKMtBuCXaR/VCUtoUV4OVCnGc5BtpwJZ1HMIznpiHN6BmCCTOiMq84upzVTXpgQ== processed in 459ms
[2026-08-24 08:03:59] [DEBUG] [payment_gateway] Transaction payload payload_hash=qGF1PB+XxLjRftugnpvjO8EYYC5KVfPahTgOpJ5GpS9MYSF+PXvdCSPv+SIk1aiOyCd5QM2q05BfhoSzqvMnvQ== processed in 345ms
[2026-08-24 08:01:06] [INFO] [auth_service] Transaction payload payload_hash=EZ1K8rM/cTsH41eF6LjaOvaYijkCWz+WB/CPqhXl8C6ab/xQ0H77d0EmLzUhDHQPC3LCJCIh0jZDXONDLcqyGQ== processed in 104ms
[2026-08-24 10:26:46] [INFO] [api_router] Transaction payload payload_hash=uAY9Gcrf28ebCS4Mg2qCE/vdw99iCKpcAeoZ15NSaQ0Qkm4xdNZVY3qABCi2ywEwE1a2N+NU8et0c45Sc6urqA== processed in 38ms
[2026-08-24 07:21:43] [WARN] [api_router] Transaction payload payload_hash=kQg7BNAiR3tHs1p2kXSS5grY1/WCicQNEJtYbp4OkAiZiNuvQhxzXisiM0f2sitVNFe0Of+OM0wVLlGApcsdag== processed in 434ms
[2026-08-24 02:53:13] [WARN] [db_pool] Transaction payload payload_hash=Yysa/+QEcvnQCfveIg7Td1rFAcIX20zo2Gd6tMy8c/iuXQVV4trI/r8/COaOGB+9cVir8glv09CQgzlmkm2T8Q== processed in 127ms
[2026-08-24 10:49:40] [DEBUG] [api_router] Transaction payload payload_hash=PwVQ9AqjqWWEJseSV/BSxdM6tEgPRVuhw9N5Hw3VUNtx1K98HzpBe/t/v3TIrG4v4ZfSSNz7AmVZNw780wBeMg== processed in 145ms
[2026-08-24 06:37:59] [INFO] [api_router] Transaction payload payload_hash=3xgemv5e9ftfPvFZmesneXXNIZlR50Hbmkn21jR/TYDX2K4kQw2vknK5VZ2nzo3rqC/0gc0zKhJCKMNvWaVmGw== processed in 216ms
[2026-08-24 07:20:00] [INFO] [cache_layer] Transaction payload payload_hash=kCOqTdMm/LfxoT/WfGJbfgFQogKc3bAOMtqaq8PhgGeeKevKnc7aYy2a284FopY8zEqrMXCeiGMHOUxCUAPZ2g== processed in 104ms
[2026-08-24 09:10:23] [ERROR] [auth_service] Transaction payload payload_hash=vbejsREXPBBUuBlpZF+N71eeJ8awyaueJ23kFECJbDzvoU/ZDx1LWnFz9QoaZQpZSPNQ3AgTRa8C8fl8esVhjw== processed in 150ms
[2026-08-24 06:35:02] [DEBUG] [api_router] Transaction payload payload_hash=pnAQtWcx+8nZSzZh+JTaiFfSEn1SqZlPZQAHbsfYcKX3ksRUEV1gKt+HYUGcVd3Y32yywoAKSgJ3QGmmaaAiqQ== processed in 196ms
[2026-08-24 06:55:39] [ERROR] [auth_service] Transaction payload payload_hash=pdArQpC/Bhv/FGEAHcCftB00bCHDAyIgbyFcdW2/haqSX/+GfMeT3ZgKYN9MQ83aBOjj6rHDua9Sn71WfsfVlQ== processed in 36ms
[2026-08-24 07:59:18] [INFO] [auth_service] Transaction payload payload_hash=+u0ZFPohJwJL9l/dqRPoR9lHbb9OcQEmh9u5OoPL/Uaers5i1NrpS0YtzmpJDpUUkwuZxqvJRESaB76iD5DGmQ== processed in 104ms
[2026-08-24 09:47:03] [ERROR] [auth_service] Transaction payload payload_hash=NP4N2PKAonj2fMcgvmroE8GqxlxebZDmAgD7EtpK8EB4yiEp0VjAsA3MRXBG+24+/8CaROKjfl1/UURIgyl18w== processed in 143ms
[2026-08-24 06:45:35] [ERROR] [auth_service] Transaction payload payload_hash=ul/QyRVsYIzhSkzhZPIh1u5jPCQ+JO/1haAuj7Aupzbo/oDO5W5g0jhWp49Kvn1qyfK8zmjDN+l2nsQOBJqZ0g== processed in 357ms
[2026-08-24 04:02:47] [INFO] [payment_gateway] Transaction payload payload_hash=JeD9DTMFae1g4BViuYbGuFctklxOvopp0QpaE2GkDBbo7W2oiuDHJScquPyvqIvUe5x4tzG4/1ALOpo2eQ1smg== processed in 243ms
[2026-08-24 05:07:08] [ERROR] [cache_layer] Transaction payload payload_hash=Axe7IuYdCXiRgZXrXiwFjPDpP68LZRbWzMm2cVZzp1PIROTwK6IaZOte5zveSFg2l7ykG7HIoC/Jvyu5su7pnQ== processed in 51ms
[2026-08-24 08:05:01] [WARN] [api_router] Transaction payload payload_hash=mRpAuBI0ci9E+mEPkbOrkpPf0xwmyLfk5a3y6XO+lZgjxjSpB/DXmGAGjd8XSKvF0bRZWkTH51w13Dndd8wEbA== processed in 299ms
[2026-08-24 11:08:44] [DEBUG] [db_pool] Transaction payload payload_hash=P4Yz5VlJuLaMlK6xh31j57i0QF729b37n4gTk5e6ht65ex2mIzjfq1okc+hesU1yNdkcahrFzqWVN2sk+A5Z7w== processed in 468ms
[2026-08-24 09:19:01] [ERROR] [payment_gateway] Transaction payload payload_hash=gZpJamv9XZq9HfobajtOsw13HCwy41TsSbNSAPW9xQ8i1QbaNFOe640NG78vhJDPeys9azmP4ltleA6Bo+3ODg== processed in 104ms
[2026-08-24 03:44:30] [DEBUG] [cache_layer] Transaction payload payload_hash=snBxhZSNG4CZ+zswKiwb7WzdXUYYlmgLxEzl6I5pd8gGUPGNLMRDr6pLUJT0ORFujtLisO1p+Jx44Lj9ZEtXLQ== processed in 495ms
[2026-08-24 04:54:26] [DEBUG] [auth_service] Transaction payload payload_hash=ZcZ6uhtdDlZUYfAnYNL/+QaDX5I0ZCr8kuVgQ+PA1U+KbMWExIf9FIoE5iX9EAjyofrsrz2iax7+0QD9A0JS2Q== processed in 200ms
[2026-08-24 07:02:38] [ERROR] [api_router] Transaction payload payload_hash=y9RFf1vi6d1w54R9hyPhXo5YArjH+jg8tuAWHS7Vl9vkX4S7EpApSoyZQEe/qgKHYPPsPB1T641GDli5wnsduw== processed in 443ms
[2026-08-24 08:45:44] [INFO] [db_pool] Transaction payload payload_hash=QYIcvLnVXsoUuRDR1wHMeGCjBOLFad+sJIwV52sGq3DHdarA+VH87QQ8NppYyIKD8xgygfLe+GgxPJaQEk6/CA== processed in 445ms
[2026-08-24 10:51:49] [INFO] [payment_gateway] Transaction payload payload_hash=yVa5n+ptmuH2ipFvLuEFqMlkz+/g+CmBhrhusQ/bL3JEtLtx6stDExcK0trfir8w22hbi4uecaNIwletCna60Q== processed in 72ms
[2026-08-24 03:19:01] [INFO] [payment_gateway] Transaction payload payload_hash=WOl7lGm0GhnyjRbuv4DSzqS0xdQhd4RvfFVY/5k64DS14C/KCMBuDkBOSSRTE6dKp5a6XlLP9LzV9e0GzqpZ1w== processed in 70ms
[2026-08-24 09:05:13] [INFO] [cache_layer] Transaction payload payload_hash=Us1OWH9gZRa5CKjN/RbtMm5YsF+kGg1X83sj9EBcc/F3/UBtgZxUcDBiBYyYMhw9tHyE+7mFHjvNMKwKo/FJQg== processed in 485ms
[2026-08-24 11:05:44] [WARN] [auth_service] Transaction payload payload_hash=2DA9m7zC0XPESmPWlXXfyfj7c+DtX9iFEmcv1qe1tCn3VCWJWbuBieRi5RJMD3+adW9psZHTfh+6+Qigwkeibg== processed in 381ms
[2026-08-24 05:36:28] [WARN] [payment_gateway] Transaction payload payload_hash=jLjyCzpqkVr3wkH9+4Qdb8eVNHiaUT53JAtOtKu06NW58bAAQk50MjrioYNBnqnplITgh3KMK1H3rFHdcI25LA== processed in 399ms
[2026-08-24 07:15:29] [DEBUG] [db_pool] Transaction payload payload_hash=vDXNpo6Dnvq15mKWmtWBV+tIYumiPEqtcneLMEIO00nfI2og6xshmcePYtkwkzTxeQpUF1OEYTikbfuZ0nfdww== processed in 218ms
[2026-08-24 09:48:52] [DEBUG] [db_pool] Transaction payload payload_hash=aY4qECwx67LJfq9oSmAf4/BLK+K6AGqmpz0uu4rDHe6h3wl31+gxPH6x2yNYciJMxXFkn6Nm8CpFo5kl2s34lg== processed in 461ms
[2026-08-24 04:40:51] [ERROR] [cache_layer] Transaction payload payload_hash=W50a7gduImVZjlBlEirdMUk9PHKSywCKq+DqP5769CuZHRDHR9DqWtFoyEhl428rZrzKJlcmGJTjl2bk7650Eg== processed in 403ms
[2026-08-24 05:05:07] [DEBUG] [api_router] Transaction payload payload_hash=G+M6lWZz27n+C36MnCkbVU2nAKfOOil6xstmNSWoCJxNfv1mUWgBuqrvwTQ+0XideLcFEvN830pOYsXIi8duyw== processed in 44ms
[2026-08-24 08:54:57] [WARN] [payment_gateway] Transaction payload payload_hash=DXN2Rr45OoSKt2nvvp8va15VYWZKC4wk5BPXLabjy5SsbskE7EMQzGOfxEkx2zalmKxUPS4uytLdSGWxl9s1pw== processed in 472ms
[2026-08-24 02:48:40] [ERROR] [api_router] Transaction payload payload_hash=Y6jDqXmomGnPLgevL8vPYSpeAdhgBgDmfAZpjjI/kyy2eq+RY0xHXQDZePmYODEoBPJ2NhIv5hOPHhWgkYJw2w== processed in 118ms
[2026-08-24 02:38:26] [ERROR] [auth_service] Transaction payload payload_hash=uYlV3AND5jX6a1+nalChzk+3RaFZurE5g770uoJFZpEpLK8giqBL481wnxKt+f7pJWS1qoz6iq5A3Ee5FiRopQ== processed in 98ms
[2026-08-24 10:24:53] [DEBUG] [payment_gateway] Transaction payload payload_hash=bTMy73F+QxXMfKV55Pj/kmLkiGhKu9hHdh2fp9khAKz3rSsRuk2zPwD+QQd76srdxbEM9zWPj6VJacS10yRqlw== processed in 163ms
[2026-08-24 03:35:34] [WARN] [api_router] Transaction payload payload_hash=ri3ulf/bpp61TwBwpMmruh+QyhuLpDFWWlTgUSc/mxdUaRdkd4U2097KWVo3MaPlslMk6x+8p2duAMwmx1+PDw== processed in 447ms
[2026-08-24 07:03:53] [WARN] [cache_layer] Transaction payload payload_hash=tb7wj0jdrQe96W1TguDlBE06r1rDWamIbDYXG+IfZBjCuMsftw283yrOHBhi5ag1LYfYl841/IwSok1U9C2K7g== processed in 277ms
[2026-08-24 07:24:03] [ERROR] [payment_gateway] Transaction payload payload_hash=RWSMrzkhF+Ls7CTuzYlMzJVYSjmNl1RK/V40Yu2sZgo/wuryfZYzHXGcprOvX4WhT+REiRCLcAkP0pHQbVFZZA== processed in 156ms
[2026-08-24 03:23:21] [INFO] [auth_service] Transaction payload payload_hash=o///HXee4rghUOeG49IscbGDs4jf8qKWxURJHW8PbF0Lu1PQVJHKn3hhzY8Bj6vQ1FnV6pC5/oeNjMq68Uh4mg== processed in 126ms
[2026-08-24 07:29:14] [WARN] [payment_gateway] Transaction payload payload_hash=BZ6JqKEcmn8+Unh4SXMZjlRDcQLHr5dey/P1Upgar7sKxbqf3EjunwCFkFMBBU4ulNvuq4MQM60Aivk9ZVmDGQ== processed in 457ms
[2026-08-24 05:56:12] [WARN] [api_router] Transaction payload payload_hash=F3XLON0cviUBqadDjPr58OtB9kGS7u0PHDDkjbNoah6pRqSREVV4MmosDGih/KZ98LoTUBtfVOzpV1uBF3gHgQ== processed in 98ms
[2026-08-24 02:48:24] [ERROR] [db_pool] Transaction payload payload_hash=8QDRT2d1lJ+l5qt/2/aXFlmlWLJ3EjZVanGJ2wOR3oOTjywKaMCLFcntHzKktAU3aJ5+/7c4Lbkw1Yywj+K/sw== processed in 182ms
[2026-08-24 02:57:22] [INFO] [db_pool] Transaction payload payload_hash=KBdYnYCN8efj2O8VJKXp9/vjibkOAN9FA5/eROMg7aTtAj4XoIh7i3DkkOS5plb3XWb0ILnzh8CVNPj1XrxnaQ== processed in 62ms
[2026-08-24 08:32:04] [ERROR] [db_pool] Transaction payload payload_hash=REkomX6RchWHAV7CBkh01khTah2tWqkQzt2GABE4lH/yRwtoHFbsbbmmu7JZiJAvxpzm7FCihWJtJ9da7s5JUw== processed in 235ms
[2026-08-24 06:54:49] [INFO] [cache_layer] Transaction payload payload_hash=8JeMYcfrZVtvMbI7arbNhLUPN/Xa9LO5zNmmw5mCjCERJf9U0Cxe2bNkwco56OGWd58C5pb03PKpBFc7g5K2sA== processed in 45ms
[2026-08-24 05:20:20] [INFO] [api_router] Transaction payload payload_hash=7MuCsB8IlaJf/iGbdyXJJcUPPvUAgr7J2/kCG+Wg+rVVczki+fnBZkw8mxGx17yWyn9mqwsUbNVMeqRNOY7c6A== processed in 327ms
[2026-08-24 02:54:01] [ERROR] [api_router] Transaction payload payload_hash=Y0XSA1I8qYJk/FGGN4n3XQCumItVmkbybsqpWoUFbQdWeSERdFUwh/VxdqW6y4CZ9tJ17leArnrRp8/L1SLe2A== processed in 259ms
[2026-08-24 08:52:13] [DEBUG] [db_pool] Transaction payload payload_hash=d7B4g95wYA6lakBPvx/n8v1Luysn6OW7VHLuv+2UpbxHAzgftHUzUNLSpx3NgeoqsRC9qw/Vtz83Ui69toQa0w== processed in 97ms
[2026-08-24 04:22:01] [ERROR] [db_pool] Transaction payload payload_hash=vqYFAcaylvibGIDr8Zxi42StyW/SzgU3iYJPBTXldVmNQxYxrJfTHeFn7O8G5nYNy1ZWIzNgjtR4acZ2i9n/4w== processed in 151ms
[2026-08-24 07:45:25] [DEBUG] [db_pool] Transaction payload payload_hash=UXlu8SUWniGI70AC4V966bO+/gMf9b41/YyAEJVQG2i9k06UWZFSXxkX9+fbInsZJY4mE+CCHrj9edxDPRiyVQ== processed in 461ms
[2026-08-24 04:28:54] [WARN] [db_pool] Transaction payload payload_hash=5jzjyyPbnit4UO+5JTwjsY+u8abRYFWvfaQyazhmzFNzBZpWgHASp0+YgidwmQBnZ0b7u3j9j8oeVu7U0tpvAw== processed in 146ms
[2026-08-24 06:04:26] [ERROR] [auth_service] Transaction payload payload_hash=Vh2+jN+uSG6y59AszAAZm51G8YevTxT29lMrYLYSk5Cqr6cB9JWpvx05hIW9ZaJGXvXbC/+Q2y+Qn9tEOnvMfw== processed in 380ms
[2026-08-24 05:13:59] [INFO] [auth_service] Transaction payload payload_hash=35I3AZVm29d9Si1pLmIxanxwBvl0tUfecufzAQ+7sahL/ix5fxAY0MArCAsQIeNpClhyHxSSVgJSAWPx9g7/sw== processed in 222ms
[2026-08-24 09:50:05] [INFO] [auth_service] Transaction payload payload_hash=Ce3wIJgYBnflEAclnIMmkp0XpAtPe/2wLDI+HdUaWldNyScgo7t7YsHL/1/8NynduVS1RxDmpi89z0C/bbBLuw== processed in 76ms
[2026-08-24 03:21:17] [ERROR] [api_router] Transaction payload payload_hash=r3Cgf2f1vTphHk9Y0haEA5MxiwfHnb07bb1QVkWMYqgaPZJM9oq037uV74NoQMzho146CB1X0JvSr/U5qNkr2A== processed in 67ms
[2026-08-24 07:41:39] [DEBUG] [auth_service] Transaction payload payload_hash=yeJ5SOIafaKqzHI6UKELihbbwRKHohMqOYzLK1qdopPnXDJ06Y3lXBfS/1PWHDjkGnFFmf5egu/ZZ49zW9qTjA== processed in 190ms
[2026-08-24 05:13:35] [INFO] [payment_gateway] Transaction payload payload_hash=O5FbkZj+wHtln2V7A1GcHWtp2LT/fD/+XPkG+9hZWk43WU7yiq5qHWZVSjSpoHL3DVxH/YaWWkamMfQtVjZ+tg== processed in 423ms
[2026-08-24 09:59:09] [DEBUG] [db_pool] Transaction payload payload_hash=XuiG2WXCO2v0rM7KTgVKbtja8z/Y1r7kxEFNwfyuM9Y4U+f5CCGUV5vUfQH+EQMMNjUUdrsTx3yIgT3zqMN0zQ== processed in 248ms
[2026-08-24 09:48:57] [ERROR] [auth_service] Transaction payload payload_hash=w1f5TT2z+1PKL4JoDEt2cNNuMMTTh5Tc1RK0Hh+P3SenboCq66gjtycHOHAxEx6GQjoHMvFr+95/TFcef5tUZA== processed in 484ms
[2026-08-24 02:56:01] [INFO] [api_router] Transaction payload payload_hash=kTekje/4IgAeY8E5YI28Mz64X5YbUSiaJ4ShDkFRBmQrlj5W7hpaCIFsVkjCVFYak7QkyPNFNQ5rSrBOc4cU3g== processed in 326ms
[2026-08-24 06:51:01] [WARN] [api_router] Transaction payload payload_hash=a1NATlg6jrFMC7WGggSWq42s0oDFMyV4HALDHPoIB6rbD3UB/OS/YCnRm/6uFsWZl3wc9rN6QPNlcKoYNOAxzw== processed in 71ms
[2026-08-24 02:47:17] [WARN] [db_pool] Transaction payload payload_hash=nKCjoTVjJNXKyNcfodWJYMtqaj81yUD6miN8ON4pA2saAt8SczLA1ZDc8bfS/Vi2jA2iyZtBqUWLYaWegicPpQ== processed in 167ms
[2026-08-24 07:30:59] [DEBUG] [db_pool] Transaction payload payload_hash=zx6xuhcLbSBy8o6agw8P4NQhfG9HaMO8nQIGS3z4sDxpZYN/BJl4b2DbN1/TJI/VN4MV0tE9neaa1S7UFJq1+Q== processed in 490ms
[2026-08-24 07:51:55] [ERROR] [payment_gateway] Transaction payload payload_hash=OHiEQHaBxor4HCzsoCbVkpZJX9jxYDuvxY1kPQooiKwK0HMh0jEVpFzEsnJnMP3RJBWacIEn3iS4766WV5qW3g== processed in 35ms
[2026-08-24 02:53:25] [ERROR] [api_router] Transaction payload payload_hash=rFfXVGZO3TdMumHQdi/BMXMIlZGIL+1Tl8hJo57W/O9p9F+N5wWWtnXkwzlnQG9rh+ivMFiGIGKGDHoBmcpfIQ== processed in 271ms
[2026-08-24 10:14:50] [ERROR] [cache_layer] Transaction payload payload_hash=gUvTIHciyORnhfjo0SN/bvHm7Me39DbFMmHw4jRowiKQf9wiW6TBJz/Th2VXVwXqi+/0jmsR1pX5Uda1pFpGkQ== processed in 81ms
[2026-08-24 08:25:56] [DEBUG] [payment_gateway] Transaction payload payload_hash=hJKqBfPa4OlTm0Vk6+3qyezMPK6wlAGb6vhtzhpMAtZbxNx+jVt7K0kRASX+BsQs598qSZ7kB3SPF1SgyFXe9w== processed in 18ms
[2026-08-24 08:48:17] [INFO] [api_router] Transaction payload payload_hash=mTmrlwmMi27JnbhpPDlbe3BnJ7h9tsqmOfngDn6xzb6VVtMd7HeE1Ssv6dmkM+M/8EAPhwMqQJsENcO5ot+MxA== processed in 311ms
[2026-08-24 07:20:31] [WARN] [db_pool] Transaction payload payload_hash=El8KDfOe4uIXZeIaXoXaeJCTOVpJFNjzzUEqA9FswuBrmnKHjxnYjSGNepfAwB4JfYzzLa83pL6u0lx4VKKAvQ== processed in 382ms
[2026-08-24 02:33:17] [WARN] [cache_layer] Transaction payload payload_hash=BwWlFemfrLzcwt02xtFFawOjDj/oc3UvWK7JswJZWkl6U+G0vOBBVJLU0P/6dUhcTp7thwRYWRF0YgMvyDc0yw== processed in 32ms
[2026-08-24 08:56:30] [DEBUG] [db_pool] Transaction payload payload_hash=PojOS4UWpVC6hRGYRgaNDIv4fX7ZBYp3NaSC8msbTyOS1hYyYDyDETjBkM9ljOTMJ3vjvNHTtmFIZe4HZiHSgg== processed in 7ms
[2026-08-24 06:19:59] [WARN] [payment_gateway] Transaction payload payload_hash=8NcGiNXTZpfMiVhiCCyj78hEJs24DhRAltdblUq+8jXZieAJB1aZMd2B3PPaGxMMHn9vha+EpFwHniggLcSwnQ== processed in 437ms
[2026-08-24 03:56:05] [ERROR] [api_router] Transaction payload payload_hash=l7LIEXDg5MuTLjtE1MKLiChE6lTJrK9XK0b0/GyODFb04FdGG6BalYnRJx+qtSIHsPu0qJpgj66iHgDxBflVEQ== processed in 126ms
[2026-08-24 06:17:18] [DEBUG] [auth_service] Transaction payload payload_hash=RLHfrOTrpXEc/4Ai6ryoECRqzNt1qp10rDGpTn0ntxLP3SJZX4Imy+5bwSUPZJE7hu3ep/AjgjjM65Z8kHtsGw== processed in 178ms
[2026-08-24 10:14:27] [ERROR] [db_pool] Transaction payload payload_hash=6aoVNZUuGkRSgX2JmCYFynLvqDb/BjioLuZNPbbvCVpEgxvoHyidqoTW/8wpS8UmfucsA07ASdC8TxKpehO6Ug== processed in 102ms
[2026-08-24 08:02:31] [DEBUG] [cache_layer] Transaction payload payload_hash=705QpcYXIL1dv+bsHvCLTUa/zgv0Cr/g8+PIpsiX+W+nwQg1suzxzpi+Udr2Vj+LeFymY+hSBTT7o0kNdqq48Q== processed in 93ms
[2026-08-24 06:02:17] [WARN] [db_pool] Transaction payload payload_hash=U6ATaJPCNnVD9HNcoyfLmW5sCgg2+p0GB2Rh9QP039suAqUH30KYnOfPBAEeLBlm46njGTGH0X6PUYf0F22qsQ== processed in 368ms
[2026-08-24 05:55:08] [ERROR] [auth_service] Transaction payload payload_hash=GPHSzYrTdwcgavpPc0NLecpGHydOEtY0gJxmKi0LNqYp1d5Wjk3Vek1x/l9OpZtqfUvcBv5xjsdOp5rfi/cEXA== processed in 356ms
[2026-08-24 02:34:40] [INFO] [auth_service] Transaction payload payload_hash=s/c/Zlbp1WE2e0TmkyUUoi+SbfTpyc6m+9CA5ZFr2JQkuFmLMr9X+TLk6abAqQNdvR988Ard7YULNe0tqYocvg== processed in 25ms
[2026-08-24 05:46:36] [INFO] [cache_layer] Transaction payload payload_hash=OAv+E6s9VhwFWs51++BHhQ43yXMjZ91bMyw/Wv6uZkzquQBII2T3EHCUw2zzXLO/0NdXNUgLmJ0dif1pXKW2GA== processed in 180ms
[2026-08-24 10:18:32] [INFO] [auth_service] Transaction payload payload_hash=og82v7qKWUE7/QYlG6ALKbgnZUvR2/dL7rnm0foli7dzGI/TGCzdGCvNiLjr1KtW6YvDzUfru7QGB4izTuzP+A== processed in 102ms
[2026-08-24 09:26:07] [ERROR] [payment_gateway] Transaction payload payload_hash=qBZJw0/g5bhnLXjS9JUjJyXTchA+MbAQfbH2SnarZWDYC2XbpTZAowMmzeYhtwSTuADaztY5dKScMn7tW+EhJA== processed in 158ms
[2026-08-24 07:36:14] [INFO] [db_pool] Transaction payload payload_hash=EqtZKdgHORMxVOjQsPY7yk3SKCUDFOjCXHuA6GJ9m444TAFkAuxdvyAS1dafQmvTS3XmdVRUoT7Hj4uk2tsQoA== processed in 37ms
[2026-08-24 08:08:44] [INFO] [db_pool] Transaction payload payload_hash=mksRhFgbmIYWXTWLJgc/ROt/0sYFSvafj9cb1w9t40XJqnI/DQ1Gyigju6BLYn7Cl2wvaBx7Vr9nc/K2JJa7HA== processed in 479ms
[2026-08-24 07:59:13] [ERROR] [db_pool] Transaction payload payload_hash=CxxoxFaFtxIiJHfaz7tpgSEDJ+Wy7MAE65y2TC433p9F0TYswmIU4OvQxd9GR5mOc7TP1IP64V/Uj/CZ78ZYrA== processed in 225ms
[2026-08-24 10:00:26] [WARN] [db_pool] Transaction payload payload_hash=pwOJ8SY7iTnk5o02XF4/bV/OQIiFp7fsqq4f8T5emeQuUsOTA4DXRud6Udl88G8Z6CIgRvY3JibHtjAq+tgebQ== processed in 316ms
[2026-08-24 04:35:15] [INFO] [auth_service] Transaction payload payload_hash=KMDyykq7qX/mlYKZxxXhLEE/fEsqkhFUGNdFDF2Isv2hkWk74WosDad4jWYBpaygv2MNiFZQ2pqG7SXySlsC7A== processed in 126ms
[2026-08-24 02:40:37] [WARN] [auth_service] Transaction payload payload_hash=Gzx38deEQR8f4BesVAyoLQpPg9mS8fas3k3Z1mUXVsFKSZ+7ahXD2sm7IJogGI4aZimP0en0IfKjZm3QwBHI/A== processed in 244ms
[2026-08-24 03:41:11] [ERROR] [api_router] Transaction payload payload_hash=wInYlBbFkR4kC6q9W/6qdl+6K8uWcDwNteOQr4fBpNR7jxObIoyi1RicWPpcrHRmAGGpWbRtV/fHf3TM1+38rA== processed in 157ms
[2026-08-24 05:45:32] [ERROR] [auth_service] Transaction payload payload_hash=y0GgFy7npaHd5hDiCwhB4c138Oq5TD4jPRm/hZBQJPqZtY6rngdqdj67ql+UCxhs0yH4dzRq//mnvCcznkhCAA== processed in 390ms
[2026-08-24 10:11:31] [INFO] [payment_gateway] Transaction payload payload_hash=HzBv3P56A2VysUAeOZnpyQEWoxMP4rg1oTlJoMqsLPqROGrYEoi+j68SVMzamMrISgCSZ90E7wQZh6g90LpTQg== processed in 193ms
[2026-08-24 06:07:54] [DEBUG] [db_pool] Transaction payload payload_hash=SWRfZ3eBvUhw35UHZPleCMamKfomHQYQHoGowpJqYct+P3Ee3TWcRT8Xo/+L7NEKtDYRiXmCgiJ18pJULf5Ppw== processed in 157ms
[2026-08-24 05:41:25] [DEBUG] [api_router] Transaction payload payload_hash=AZSb9kRcFMlX/8RC8UxbbbEfQ07E2OP4EbmebEMyVWK9sDxAx0uOgjjeKcEm8G7/e+SJ3QHrpoX74ywF1fsTTQ== processed in 370ms
[2026-08-24 05:33:20] [DEBUG] [api_router] Transaction payload payload_hash=lX4Y0qcz8jhn0JuRDNPwoHDUzQHO63q7u69TB2UeTFHuO8uXe5qJbnjOOY1sTJ4V3a8Mum7FoSezf5bbcK9HSA== processed in 268ms
[2026-08-24 06:53:22] [INFO] [auth_service] Transaction payload payload_hash=5+5CLsPC1wcIJeYZrciNxnjW3/8qlZ7N3aB8CZv2Kl013KPnDOsFo9qVX/WwOQu7TEwj3of7qTt0iU/XubqyrA== processed in 499ms
[2026-08-24 02:38:49] [INFO] [payment_gateway] Transaction payload payload_hash=5qSwmDCQaw34WvkNNtxN9T8KtBFTzjzyQN0z4+3GvvjViI4K0O3/iEvhwa34Ys9+FewmVvhyJhqtLFLanFE6Qg== processed in 213ms
[2026-08-24 08:21:23] [DEBUG] [auth_service] Transaction payload payload_hash=jo0ZCrNytdtxJ4/fWGqNgiDQgzSnCwTcTLTq16wdiXfME2Q2f1MXiB27Q1513d4d4CkYtrKQjFqPlZ18BV1uLQ== processed in 478ms
[2026-08-24 06:10:29] [DEBUG] [db_pool] Transaction payload payload_hash=RoHPzNWGDScpJwOaAaxCJMNMXFPPFYLqey/oqZYjA3UJu8N5qVxQNnMRNMpe28HGYDyDoNIllPvfghQBOnzdlQ== processed in 250ms
[2026-08-24 02:25:49] [INFO] [db_pool] Transaction payload payload_hash=3kubybtAdVbzYdP3rBeK8ZebfAbcY2DFu9pFixMl43ZLo+NwVA1PuDRPlVuRZmb/aClEPSwSIHfV8GGeVt4osg== processed in 156ms
[2026-08-24 08:11:27] [DEBUG] [payment_gateway] Transaction payload payload_hash=pNR5Qo74Dh72aCR9VtyVYyyWcef8g91Sr5xPqIsWqZ29EA8NOWDtQR4nPLojt+1mzJL8+wsV5xWtEQ76Wt0JBg== processed in 377ms
[2026-08-24 09:37:44] [DEBUG] [payment_gateway] Transaction payload payload_hash=2QsKEZG9+ewuIBBVsDNVEyGN+4um8EqVIdtuTVasUkv4oHSmD0zt6gCTONqCjRESIKgQ5vRW6s/YWzY3GZWf6w== processed in 433ms
[2026-08-24 04:12:13] [INFO] [auth_service] Transaction payload payload_hash=d/+iJV4MbzHHPsnhpzt2afCcdEBAjf5/5BTUuU5mBtbM0s/EMcmOnFvrgsUOOWtDp+FezYMMyC1e7jiInh2CDA== processed in 312ms
[2026-08-24 08:58:35] [DEBUG] [payment_gateway] Transaction payload payload_hash=yMlHdQOU1XhPtGOLhp02Tp8iQ1mCyZW54PJwhsROWQTYQSZgMO9y3nzJBbzVgcl5EZe7HmEGJgJNTBFX/JxEQw== processed in 98ms
[2026-08-24 08:22:57] [INFO] [api_router] Transaction payload payload_hash=B1l4KR5zcGS6RRDX7kDHyT8astRgzgLGavgZv1sO3ygnUEUz0uw64Q9yRTfSDW+eLXvHVMFc/O6esrdfsD8aVA== processed in 257ms
[2026-08-24 11:05:47] [WARN] [auth_service] Transaction payload payload_hash=EWUd+wkK833U9pZvPHsoPi+aFfdyyfqQOZrNHa2x/y12piGlRGnDpW4jS3JQ/Zmn8yv4QlbxIhNBcelWguPqfQ== processed in 264ms
[2026-08-24 09:06:31] [ERROR] [api_router] Transaction payload payload_hash=eoLY2e4pt0UJ03NuemP3QbcEzs2eR2VEA3bgQzuM3pTbHsMU0QqcFuctfYLyZrmlcBQnr1ixQIlGR75s/rR8Jw== processed in 399ms
[2026-08-24 09:43:44] [ERROR] [payment_gateway] Transaction payload payload_hash=2hK+gUG8b531Sv3FvgYGJA1unumVS3VcCwcMlkClsZgO7TnSkg8u1WI24YoILtFx6tmLsc+ccHVs3eQe+ET9Jw== processed in 284ms
[2026-08-24 11:18:49] [INFO] [api_router] Transaction payload payload_hash=xuksECKBKRIn38cnzTAB6aki7BKYcTB6mrCeGFU6jP7Xhth6O2GuSb0YzzPmOgBcC5ytymJE7Am6J+u7E7LHPA== processed in 65ms
[2026-08-24 02:54:19] [ERROR] [db_pool] Transaction payload payload_hash=23mFFDNLdsK7eX0aPvIQDcqlRsooSJcdfEuGQhobe6PbkZuDK52ZAaAy75o5b9BEjMkuKaS5Fj8r5joiWMILIg== processed in 446ms
[2026-08-24 03:11:43] [ERROR] [cache_layer] Transaction payload payload_hash=dzhMN6KrNEQtDsNAanIV/nehCnH0uE+ZyJO+HywTiKsnOt1y9h8+8+ddMpy9QGfp2ReMDxpQNyTtaleXS43UjQ== processed in 0ms
[2026-08-24 05:30:42] [INFO] [auth_service] Transaction payload payload_hash=OvdhF/UFeAbBqAJnj+sdbMA7mPOi/wJmWSQjZq+iy88F8QHFsw7FlhS9dXTt2NR31kw9RsWL6+vb3GcsNQLj8Q== processed in 68ms
[2026-08-24 09:40:57] [WARN] [payment_gateway] Transaction payload payload_hash=Z1LnZ2WFssLQvJeV0M31+Qvm6qo+5SVoES7Czy9yzyVngY0tHAhCGZTBNQp4Mi2bWuFrJT8j2KdFqzBP63e/uQ== processed in 189ms
[2026-08-24 03:45:54] [INFO] [cache_layer] Transaction payload payload_hash=/hHw2/CFY6aC54tRD9AwIZUWQ3eK3vT6NaUSCSwpCtoLUg1aRoyAYpJIzwoR5kxoQwcj8781gtg7qwfRYprFZA== processed in 317ms
[2026-08-24 07:36:44] [WARN] [auth_service] Transaction payload payload_hash=G1erZN8oCDKN9N+nsX7VNV9CwFssmDD++4b136mzlQEmnQK9/yeVad19IdIpxxhO1bBQGYbdDAsvIAw4fN18eg== processed in 313ms
[2026-08-24 05:25:53] [WARN] [cache_layer] Transaction payload payload_hash=WGGJXGDjacwa0OaV3pM2UFLi33okkklF9Q1EP1VekICGTq2XmJj6UzdmkqVon+CqkvTAyzuUDX9PVCwyGkLEpw== processed in 305ms
[2026-08-24 09:49:17] [INFO] [cache_layer] Transaction payload payload_hash=7PFgIU6cSnmy1SguijXj+/SStV0yGuXfJAqvoAWwfpLsBD3MigZKqEyOnNN8XJvlWdhTMzUcIxnUUk/sugR9jQ== processed in 416ms
[2026-08-24 06:16:26] [DEBUG] [payment_gateway] Transaction payload payload_hash=YbEKxJz+ow6SKv0SK4/ua+W/Dt2z2CrX0zRUqbLcmK7lZnek5zA/bS1Ts9J4nUpbRAUUa6/6ilkpizM4T3NvDA== processed in 129ms
[2026-08-24 09:06:33] [DEBUG] [db_pool] Transaction payload payload_hash=mOb8Rz1uZj6AzR7P13OT5xks5TnmSamttNw+zM9GLi/hgIjkoOl+fRjaLeMs6K/nJivWTKgyIKEOmqNVE6TKNg== processed in 284ms
[2026-08-24 10:53:14] [INFO] [cache_layer] Transaction payload payload_hash=dgEcUoPq2YJn6hghOHYgPqO1+ecvy0KJ37ma7JwuOLXj9/c9fcA7GpP/HMvIcBeIVtKhHpyi7xjQSaL8DdOLeA== processed in 161ms
[2026-08-24 05:12:11] [ERROR] [payment_gateway] Transaction payload payload_hash=NLJF6u6OS59SmbAADDftID0UmrYph0guNMaQ1uWw+yKcdHAwhy3Dn+qlnQq/km/oRdxUesyWN94iOk7dEHI2Og== processed in 45ms
[2026-08-24 09:29:25] [DEBUG] [cache_layer] Transaction payload payload_hash=fNPIhukd2Al707ZDYKh17ahXCRJoot1d1Xu03gXrziBt7S0xQbAvGDsQeyz+9CuFfdH6q2OOtd9rvbSVROWC6Q== processed in 50ms
[2026-08-24 10:25:47] [DEBUG] [db_pool] Transaction payload payload_hash=2/8MtTWu3Whf4Onv+rv5chM9pW55Gm/aaIm8qVAzlNLEudfzStha6Q+Mm245tVs/D4Fb3L0l6A905pT5hTgoXQ== processed in 268ms
[2026-08-24 08:02:23] [WARN] [api_router] Transaction payload payload_hash=03M6mNe9W5tMZkIyTfcN9MELYKn2vWH2Fa9xh4KMdlJCfontaGX+VyRtvZIE50zZWfMV2Pt/2iq47ymHwxgD+A== processed in 125ms
[2026-08-24 08:19:37] [INFO] [db_pool] Transaction payload payload_hash=EDUm4q8R8IinKjjPYTX04ThEZ2QIzg3QhX38TSD4JEcF7mJQQgIpWFR/aUGYUlMgQwsFWtswd9a/F4S+w/fINg== processed in 441ms
[2026-08-24 05:58:16] [ERROR] [auth_service] Transaction payload payload_hash=wtU4mTRM+BxRLRbvkOd7iV4g7Nf/zDmaojTh1aMLxwErWzkh9e+3tXJWRYe76Va7orwQqr3Z3myUIJzGlzLAJg== processed in 209ms
[2026-08-24 03:04:22] [INFO] [auth_service] Transaction payload payload_hash=noW7g6LoJs5gdwWwX7J533XCK/SKAaTwPpRfgapb0COdWvxh0zoeEwpK+3N5t2FvZ5iZnMK4Ioq51iDeT+p87Q== processed in 12ms
[2026-08-24 08:19:18] [ERROR] [api_router] Transaction payload payload_hash=8PyNY27HZ9wY8YIk898vQyfhR73jdfcofnaFJBj3EJeacncWDn2l/Oqfws/DFTGZ8RbIb0kEnDm/Dpx0QfaywQ== processed in 324ms
[2026-08-24 03:48:03] [WARN] [payment_gateway] Transaction payload payload_hash=jxLEP2NGAHoIWgqmBWd8IYFIPtyCEyJjMIR1f7fRehy9cQHA+z+/fWycNZCxWWNT2fK2nUGB0n6JB9Hdri4Vug== processed in 379ms
[2026-08-24 09:53:52] [ERROR] [db_pool] Transaction payload payload_hash=R332/moISfCiytmuwAjYZUO86Hj4HBep2+P43fSI+TRqzRbnoChGwN2WUfge4vPzil0NLaUa/jc4IQh0ZpETyw== processed in 209ms
[2026-08-24 07:16:23] [DEBUG] [payment_gateway] Transaction payload payload_hash=YCnrLMMTXl8on0kqnpm6DviTsK2luQPqhRGXivymCbEnEfOItkQmhfJe/WwXKNLuMNjt40H0rr11MtoDnaEG+w== processed in 48ms
[2026-08-24 09:43:51] [INFO] [auth_service] Transaction payload payload_hash=Uz7W3EGIY0tVN+16aMw9zF/CFkR7VLW4FFHkLig/eAg97M551wOMbwYkc9bL7zEhhPhsZtbTxEqeFvMMQaa9sQ== processed in 248ms
[2026-08-24 09:49:09] [WARN] [cache_layer] Transaction payload payload_hash=BkkbDRNHyI8R4fApqTfuZx4NTlxo/CjKm9j5FU1ybvIUVE0GaeBzkr1f6/n3RkzJCtshNFo5LsrlEQxEs5+tQw== processed in 413ms
[2026-08-24 08:12:23] [INFO] [cache_layer] Transaction payload payload_hash=FCB3d6EHvyQk7wfOT/IumpioOm9f9f7jm6rejpbmAouInWjXAof5n4vVhMusMCUyI+mRsedvwzZPb66s3asnNg== processed in 217ms
[2026-08-24 03:06:42] [DEBUG] [api_router] Transaction payload payload_hash=xeXPrsgWPyk4sV9eu1vxeGRuBx4SGkGxACc+Ii8I/pjMQbyfQZhcDJlGQ6Y0uY1gOni13bwkz4d7Mi0yPoBl+w== processed in 39ms
[2026-08-24 08:41:05] [DEBUG] [auth_service] Transaction payload payload_hash=03XhEhEvlBAKeHCtw79ts9srWK7LseluGMEJJWxCZ1SW2/Jl5s8S7bM4k7fl/Ee/uN6dV1ccMCSUUA1QZhh5Cg== processed in 96ms
[2026-08-24 10:11:02] [ERROR] [auth_service] Transaction payload payload_hash=Z10co9OwgCaEqx1ZqHb0Q/qi1g7DcMiZf0q2QlzoeK7Oz+4WImdOLBZ0OphPJusAPg4s4ZNcrFYU1qNiQvvoTQ== processed in 25ms
[2026-08-24 08:42:38] [ERROR] [payment_gateway] Transaction payload payload_hash=ngz1QQK9d97KhVqMEeLbo7sKYgsabY55tUtikzlaRsUIr3V+ZU3I/UBn2OjAxJmNk0kR8uiBkv/ryfrCBdrQOg== processed in 146ms
[2026-08-24 02:36:24] [INFO] [api_router] Transaction payload payload_hash=uL+W66gySUnUHcwcfvp1+WCIXgFkshOMejoleeCCIlTmkY85TY2/+r+kwDdm6DRE8N/2a4KhiCeZ6CjtGYdYxw== processed in 11ms
[2026-08-24 06:11:27] [DEBUG] [api_router] Transaction payload payload_hash=9lKeZge+VRd+TWj4l8Hf/dDEE7+C1u75q0hJaMdeGL75Ck3dHdlQiSpFUd2sa21vGg859YapOfbyvAq6qkixWQ== processed in 135ms
[2026-08-24 02:18:18] [WARN] [auth_service] Transaction payload payload_hash=NNwdNgdquapBVYg8BRKCU66tbvxZBn8g0i2jq08Bfgp0b04WSr73VjKeN1WPHYGhjmeUCV4X/Bmh3yVC3eBKTQ== processed in 219ms
[2026-08-24 03:28:04] [INFO] [payment_gateway] Transaction payload payload_hash=0RRLHBqIvYKpx0X2ajY+bS3VfNuX0Gnh/2sXM/kEbZgjHs0wHatK79Jcv+KMdunmd1SGIBlSJNn7DvMn70uliw== processed in 153ms
[2026-08-24 09:24:34] [ERROR] [auth_service] Transaction payload payload_hash=IwL+SrO5x1eXwzXwTbgKOSEOyVD4IFznP5ZluJYBV0VRS3pMupqg63ncUEpVkBuNX7LbJuCUX7+i7j/B4L2k+Q== processed in 37ms
[2026-08-24 07:55:17] [INFO] [api_router] Transaction payload payload_hash=EFOr1vKXwCdGA+QYludc4ee55fImlzmWk1jLLo+F4rjpUSYGJKDUhdn4VLppHxlUaL/iMRKiC6DIWFl01FGSXA== processed in 320ms
[2026-08-24 11:03:02] [WARN] [payment_gateway] Transaction payload payload_hash=Cme7ngGEe7GR4IWif9+FeLKPpsMQNaQ5jCIk/BQ3vDe3PJ2Q2zzMRD2hQcSkSAgzu9D/SajNkfsOgNL1/8XcCA== processed in 368ms
[2026-08-24 02:35:17] [WARN] [payment_gateway] Transaction payload payload_hash=FR3OsWzrE5sgEGPuNU89TsOwoj5Y+y0g3p7aDJu6UyeXdyvWoCstBWhYrgYlMTZAP5uJpd7aw0TeGITLiMoBhw== processed in 400ms
[2026-08-24 04:33:07] [ERROR] [cache_layer] Transaction payload payload_hash=OFV9AKzxyYyI+3Ugs9vAuHM2s6Y93PDdjqOsLfdmYkDkmU3dJrrCeH9ah6q2XIYDwPctE5oWB3gb8lwlAJYSkA== processed in 312ms
[2026-08-24 08:16:46] [ERROR] [auth_service] Transaction payload payload_hash=oobM2UfOhv29JPcgG3KJksgPpD840J+Mv1IYfz4kRrUskuubYiIOKKYdhMSblq1xohFnOoy0w+xWWhv7DIBmCw== processed in 6ms
[2026-08-24 10:51:13] [DEBUG] [api_router] Transaction payload payload_hash=YLTmDdbjsyH/ydYtlRIxYGaEgEvEeF+9ElIItEsSAX7evSgFaORjAZ/9rG8k6jl/kWINmTuFts99tjPuwvmmRw== processed in 62ms
[2026-08-24 09:08:17] [DEBUG] [db_pool] Transaction payload payload_hash=0GHvsRA9GSV4iXpncEaeMPWneNYzb6ZrKWjgkWznMqNQbqExAIIxzH25i40yAq8HdjIiVQ+7kHcj/DRuEThOSw== processed in 17ms
[2026-08-24 09:14:17] [INFO] [api_router] Transaction payload payload_hash=dWP48KMVwyTFkpvcqJ/pl1BL7IXdSJqLS+jncPpsc2mS2WNpSl2H5QP+1lMoTutMnDVcYSRTaylZcJ4iY7JfCw== processed in 413ms
[2026-08-24 05:34:57] [ERROR] [payment_gateway] Transaction payload payload_hash=BW6BlCqGhhrop1Jt5arTKnqnQ0u7j6DhV96uI+w7Sohn3d43bId+H0pK8LLrVWPNaTAJRz6zCWGRJj9tj/SXEA== processed in 219ms
[2026-08-24 06:42:14] [ERROR] [api_router] Transaction payload payload_hash=MavCDmMdntuB1BGSsaCr5N1hw/uuMzMj/Bqk76cOfDkQ2DgS+v0DqYCEbBRzEymqq/ac/WC4zVGN0GMBc2DxUw== processed in 395ms
[2026-08-24 10:46:58] [WARN] [auth_service] Transaction payload payload_hash=jFkzoEJNsCG2MTMq850LbtgIW24h8td+VkuXzj1GlE9r0DZfOEwk/p2bwS8rCh+0ilEeYNxyUgz/9UETSfQmOg== processed in 92ms
[2026-08-24 08:28:24] [DEBUG] [payment_gateway] Transaction payload payload_hash=tI7mq6n+p/01pGrVRHnsccryu2dsXQKm3lgXqe+eDdG0aMU19lOXud4jbRDuJtbHR36pwocCDhyISoAmHEGpxw== processed in 238ms
[2026-08-24 02:54:07] [DEBUG] [cache_layer] Transaction payload payload_hash=0ZWiUsm1oFmyJDu1ndbX8zLDdlXVzH/iql/LiHGmE0RIcW8FnAKZKKChf2g2XPs7F3VMibkYf6LNPBAOYoekww== processed in 396ms
[2026-08-24 03:28:26] [WARN] [cache_layer] Transaction payload payload_hash=/p/65mMYS6jj1tPIYBOJ7cH0V9mgjfwSPuDAEY6cBI+lKDhp40Skbas39b81MTjofpKdVBbW+JoB17FgeueD0A== processed in 235ms
[2026-08-24 04:41:22] [INFO] [db_pool] Transaction payload payload_hash=VZxAxhqcgbjhLa3PqeZjPMQzIw4SmfiR7E4Ncy7MErPF6SRoaGNibKdyMkkyy5RGaYfBN8ier072G5AOs5oHqw== processed in 33ms
[2026-08-24 06:25:20] [WARN] [api_router] Transaction payload payload_hash=yVi0H2cRcqqQ7bh+koZP9d+frC8LTtpoq46Uy/EP8qlXY1XBiykbc7pZF2slXx/qVCgiHmdL3I9AbZh3lAJ7Lw== processed in 272ms
[2026-08-24 08:01:45] [ERROR] [payment_gateway] Transaction payload payload_hash=DGqdTyF7dy5t5e6wJvk01uRcY5PnHwEA4OGeIAkFr8Tb1UKccnesDDmvLQ2HtHb+Z6DKZ6IPcNKf23mOW6y7kw== processed in 42ms
[2026-08-24 04:35:54] [DEBUG] [cache_layer] Transaction payload payload_hash=3aQd83b3ocdDMsjPDqR41m/L8KihzkFI2laPYtTjqKWs4qC8xL38c1/FEvwUomvCAw4fgQ0YFx8BR4ijCcsZAw== processed in 106ms
[2026-08-24 09:22:02] [WARN] [cache_layer] Transaction payload payload_hash=h5skZ7RVYuxX/AL5X6YrQAqvie7J/2XuYdq0pO4KMN11phLC23j+IgYNlmKZgUv6rO69rC14+nMZ3rbfqRuaAw== processed in 449ms
[2026-08-24 05:32:00] [DEBUG] [cache_layer] Transaction payload payload_hash=T70Yxk8nmw+E43fP4EiAG0InZIeHDB4MtUNdVwK79/3XFa8LKjyp8E4BP35JPifeO6Yhhdceekl1mJrjn/MGJg== processed in 324ms
[2026-08-24 11:02:10] [ERROR] [auth_service] Transaction payload payload_hash=5nrHc0+d63Y0/wBHmSnltLyCmBhh5/tOGeUe/VNdPxo19fr3/NABgZZ2UenICXK60ddSMQDp3wvuycysDL2TkA== processed in 85ms
[2026-08-24 08:26:11] [DEBUG] [cache_layer] Transaction payload payload_hash=H5kGlaPegSEtUwWZYMQteqNxoGWVFFUE+hykAbrJTdpw6J7w5wc4GcAwB+XI0qTo8pgmeuvZoPWdIUyhE0AnkQ== processed in 420ms
[2026-08-24 05:14:34] [INFO] [cache_layer] Transaction payload payload_hash=r9+iP5qyZOnHBtt3HQrziNoe8Nm5KfERGML18+SMueI/xwX0gIcAAgF1bB5Em0dlchVYneePNFsOnfOxjDZcAQ== processed in 320ms
[2026-08-24 04:44:09] [ERROR] [payment_gateway] Transaction payload payload_hash=dYWePfFxtA/QQbzrQoTwgkMFtsRO7x92QbTIMOWH/bNwKoFz0/irRUF1oqCeLYzMCP+L/m+SkIEmdBptaj3gRA== processed in 278ms
[2026-08-24 06:55:12] [DEBUG] [api_router] Transaction payload payload_hash=I7A92Z9et0tkIBh9iCmvwfmggYL9hdmhOo9srQCDLB0hcxFY5Rq8NFZVesahWEnGtNf7zpXlXXgjP5vHQVAS4Q== processed in 362ms
[2026-08-24 09:39:54] [ERROR] [cache_layer] Transaction payload payload_hash=hiSnL6BlyegcQELisYmq2e39iODOw8OgOKWtp+mv1WVJbdBb51tRgDi3MS2UVldjMNUdZNlrBqK8RzwhyBbuww== processed in 148ms
[2026-08-24 07:12:33] [WARN] [payment_gateway] Transaction payload payload_hash=Va3BbbFfgxtn63/9cs0N4Oda9FSb/HOlwwZjeFPa33LES/+BDrEVdYnQx4hO2ah4tSmn5ZpxEU6nRd3jt3y46w== processed in 94ms
[2026-08-24 06:56:08] [ERROR] [db_pool] Transaction payload payload_hash=znDoudvT3q4o8uGOK+D1Ntuk9yj5um8SmQw3Kr1PYBexVF0DkB95pztQaC6aW0WeuR4kPMlFd4ULh5uWE1X5FA== processed in 407ms
[2026-08-24 04:56:42] [DEBUG] [auth_service] Transaction payload payload_hash=EAyH9WpW92OQ1DhKwOLwOdc7CJXP2+TnN9Kbz8Nog2dXE6ZRQ5WzXGa1vczyE9k+LDZj+uA2NulNGFGZjC6Bxw== processed in 181ms
[2026-08-24 10:18:06] [ERROR] [auth_service] Transaction payload payload_hash=skoYVSG4qRD546NwGBSL5hvxlLf8cY1JD4f83c8RZJqX/rIoG3Ne7e9jXN7QLafH6QttASxsbUrBY3Kh6A1WEg== processed in 23ms
[2026-08-24 07:24:26] [WARN] [cache_layer] Transaction payload payload_hash=0Be5lVtXaWfkCdKdZRGQ4tabdgjL9L7Hf+9wajQmDB/X4C85wuXwvu112/jdYiTnU4yo7IJbD8uKJfJ4HpV88A== processed in 123ms
[2026-08-24 05:24:17] [ERROR] [payment_gateway] Transaction payload payload_hash=0n4JcZ8GlNcNi/k+YPZj0QlBzFs/g9NFoKay1kmEy1neGAIUFzVc48d1DuWJ27+8A6aGgfPVT8lvwj5n7nu/Qg== processed in 153ms
[2026-08-24 11:22:41] [DEBUG] [auth_service] Transaction payload payload_hash=YKkJ4nRljCCBhQrXOsuuXE4ijVBs9HUIm5bDgHgoalYnzNigRIOFMzs7EOa0YWL4WxOCbhhzCrUYzNrSP1M0PA== processed in 492ms
[2026-08-24 09:31:48] [INFO] [db_pool] Transaction payload payload_hash=TJ6Z+sjM9jikQ+8iMHgroM+can4xUfE0ki2owa7vPxQL0GSXNm/CUrYEm2S4M2vHPcjuWsH0CNNPN8NU4plz5Q== processed in 33ms
[2026-08-24 09:38:33] [DEBUG] [api_router] Transaction payload payload_hash=fJBbwhXOQbYsepZt5ZTmgaoymWJuLhwghRkNsOPDiCo6zcZR+qrOqHMU3z/7KJGcBL4EHjOM3kVNK00k74+AZQ== processed in 164ms
[2026-08-24 10:12:49] [WARN] [cache_layer] Transaction payload payload_hash=pPYQiGp1OjCGmM0kd4sI20V4wOfz1fncnqKwCj/uTpZsDPijl/UhwzbYv+7GjI0uR7jQrsE0/BUgEVZFFqXu1g== processed in 69ms
[2026-08-24 03:43:25] [INFO] [api_router] Transaction payload payload_hash=+hpMLwl9kiVDQaBnlz9aA/9Cr2lAEL9PPSRaA7ewSFxwqRM9XOIbrzzU/hBtDBzjGAerYNI0mp99/mzzFFtrvA== processed in 486ms
[2026-08-24 06:15:38] [WARN] [auth_service] Transaction payload payload_hash=KSAnl2/NjXo39BSccKKe2R4uHb7ldzPD+epBk77Bu25DqFNvhEz4a5qViZM9R8Dtzbu6aqqWhHpuVOUk06U7DQ== processed in 48ms
[2026-08-24 06:14:38] [INFO] [db_pool] Transaction payload payload_hash=Izy2AjoQ41bHdqCyDSpi2clB/L+hCirI9msqxUES+B1LLBHHaPCqNNWDGmjWG3usBoEt32BD8vRizIm25aN9Xw== processed in 370ms
[2026-08-24 02:23:45] [DEBUG] [payment_gateway] Transaction payload payload_hash=mXsHRNMeWZQxkN7TOhBz/WGczmO9kD0PMUED1Y+Px+zl7jN/A2KMLXNajFWddENHDc3QFoOOc8F/+bA50/3+Bg== processed in 467ms
[2026-08-24 08:39:02] [WARN] [cache_layer] Transaction payload payload_hash=6k3zbWFia97BOz3weDqJf5c+wDwN7itCDVmK72dndOY1cuvbNY/1ztg898OJKN/QZzH59tL++TdbOuTNKhDxgw== processed in 5ms
[2026-08-24 09:38:53] [INFO] [cache_layer] Transaction payload payload_hash=rXhaIRrzPhumBTv11COBZrsrU7QmeR6W6dJDljIXT4V3Ofy46nDRcOO+JfAMgq2h/V86X8Lsw2ixrV4YFAkd6A== processed in 273ms
[2026-08-24 06:01:10] [INFO] [auth_service] Transaction payload payload_hash=Sgxb38fvbed6O3fxmdNsz4kahol6WniUHWVtXclcowhsidbzqbQmCe00do/V7KMF3Wu/D0JfYAm5R1nIFIFPCQ== processed in 295ms
[2026-08-24 06:13:21] [WARN] [api_router] Transaction payload payload_hash=YkbC1cZqC4dvBxtqNzdaybZqZ9zHJdAdppoLclE5G6Fq8Pg9qklp5+1aEc66NsGomDX2xXjo58G1BJ/9DlTFrQ== processed in 24ms
[2026-08-24 03:47:31] [DEBUG] [payment_gateway] Transaction payload payload_hash=j8MgxvgKKz1UpVvwmFFLrRfvY8ytww0XE6hr9r1qhgSRV0xkbzawqHOTNw31ZPcls3rQI49MtGoddTwpPooZEw== processed in 167ms
[2026-08-24 05:41:23] [ERROR] [db_pool] Transaction payload payload_hash=0BjmmKBxEWNNMjqMDUvRkIcTlfVBpKp7XUsDjTbWwVjsD2pzNQhqxSG/caJmCg1dLP8HnTvMP6KCtvffIEfftg== processed in 274ms
[2026-08-24 09:12:49] [INFO] [db_pool] Transaction payload payload_hash=LLWi3zYfra66aaAWQWaJeghrVmRej9zNyKOKf0ZlPPNSNuwCh4pCFS3bcCvj0u9oq1pedqYQOsNcKiOfZBedtQ== processed in 487ms
[2026-08-24 03:08:46] [DEBUG] [payment_gateway] Transaction payload payload_hash=e4GPWZjX8JqK096E5FttEqM1lgK0xoGF07H4ukTOTA+JlZm4BGHgxi/jjY3ZhZ9sTNelMA96R22wbiAhRie0DA== processed in 176ms
[2026-08-24 06:37:04] [WARN] [api_router] Transaction payload payload_hash=co5M8IdmKFrefpmVcfOiL/m0E1joNhCRgXBdyXzgU1JTEGyGlmpeYBq1+zHTpflbslNmwECMhhyTY4ora5VL4A== processed in 220ms
[2026-08-24 06:08:21] [WARN] [auth_service] Transaction payload payload_hash=f1KZqEEA13YmpDyLs94NnQPZHVyttvXebK2/GnrkDnqZ2G5VVgeMSVmYwW4ALYuR1OcEnN5Gzy9xriQh56fMcQ== processed in 387ms
[2026-08-24 03:02:55] [ERROR] [cache_layer] Transaction payload payload_hash=qgQlQrhv8NonsE2iiJdfiDnkDZ0HEJ9Q5NSiUq6kFLd1aM4SCz00ptFTpXyCAw66LzQG1cmslehMEwMWVa7gcQ== processed in 193ms
[2026-08-24 05:15:24] [INFO] [db_pool] Transaction payload payload_hash=VKt7ccWyHEG5jf7NroBo4cSn7xG3LAW+PDQE+t8/r+FUy+oa8BhuQSOYaC3zpK9M3F/VmMCgQ+G4EnqJ1z5y+g== processed in 171ms
[2026-08-24 05:36:17] [ERROR] [api_router] Transaction payload payload_hash=DcqZghMGsb9mpUKWZjBjraVZnrCzWgu0GDU6GvtrbFYiFaJITrJMOxpAX6cedt03lNiRGN5NxvciZ35FEbX4RQ== processed in 97ms
[2026-08-24 03:30:20] [ERROR] [auth_service] Transaction payload payload_hash=/atNIggHJYwftKlVOas0ikNikvot6IzHZ2gulLDPHI5RbSBE9ezLldhz+Sn97ZAlMxNzfWJpepm2LUm9FJXfpQ== processed in 146ms
[2026-08-24 09:21:12] [DEBUG] [db_pool] Transaction payload payload_hash=XZLPXt0T4QU8+F70its6SleCT2XHY6ubJZu8uPeBYIvyuD/79Yl+knO9ctOsCSdfMrblug8QD1PPz4Et9wsUcw== processed in 307ms
[2026-08-24 07:30:17] [ERROR] [auth_service] Transaction payload payload_hash=YdSC/QyjKCWRQh2oq2NieNUIjvRolTrONF0dr1J9/mvDMiikWsMp56oLz0hBtOYnINJHAZvSMSH9JMEXL7wKJQ== processed in 408ms
[2026-08-24 04:13:49] [ERROR] [payment_gateway] Transaction payload payload_hash=C6bYJq2ldW/yodDGJk+1mh5K/55gTMkSi4oD1ttS6h61XovzbU4ouCAxfewKSDDhi69J9fDG7DQFaxaKQiK6GQ== processed in 178ms
[2026-08-24 04:51:21] [DEBUG] [cache_layer] Transaction payload payload_hash=YfWfhIaYq++gIUUGhRQugDxSCzmmWQEcFkMeEh+0ZO86kYuLMcz24HEDHXxbja7ZM57oFtZx65KWUQat3zPBig== processed in 162ms
[2026-08-24 08:07:31] [WARN] [auth_service] Transaction payload payload_hash=GEpu4iTqyDaZEYolQ+5CvKKoP9+PnTkgttL0/syPHpJStw8ClddokwrD3wIx4GSAOye9updPssxbZczFXTgPDQ== processed in 374ms
[2026-08-24 10:52:59] [DEBUG] [payment_gateway] Transaction payload payload_hash=zpoeP5+C8csJ3lkbhkN1ZI7LHpvfPGgODmjir/le7jrbd5t4lR9lTjSNSTsFJIRV2b6rLue4XihGeyebrw3wcQ== processed in 90ms
[2026-08-24 02:51:02] [ERROR] [cache_layer] Transaction payload payload_hash=ikOOXtSA+Uow7zGoKHTt01GfeOefuAbItoeV8FfOby5vmPSGOpmD64XpUSalB7wijN2Loyxr0CahCeWnp60O7Q== processed in 350ms
[2026-08-24 08:25:33] [ERROR] [auth_service] Transaction payload payload_hash=9xx9c16g0n4xrem100Nv0oMQU0S4EDXWat2RK2QjsyqRcZXAiKXUpLxJ+Xk2QjK8Z77GKeLsfIRivzYcivPtpA== processed in 151ms
[2026-08-24 04:02:41] [DEBUG] [api_router] Transaction payload payload_hash=UycZuk9w5ORCr6akTNhqSBiZ4Sw3oQ/P6SYH54dY+7UxzMwnkgQ0j7Q6fGO9VxXXmTG8M5P2WOmfC0x0aHkiGA== processed in 389ms
[2026-08-24 05:50:47] [DEBUG] [db_pool] Transaction payload payload_hash=QUVOkrmron1WN/eRQPIwDGlqAbLl+A/6ODqvprHdomTKrpaxVsn6+p0UuHvRiPnXI2AGINM5oiNeloBn3teagA== processed in 257ms
[2026-08-24 06:16:11] [WARN] [cache_layer] Transaction payload payload_hash=FrNwJokdqP/JNE147Pr7cK9ZxtLFkZYWGGi0SW/a1tDLaxs4mH/5HxWd8dKiTn7k5hPukV3WAK34DiuxNIwS3A== processed in 40ms
[2026-08-24 10:16:04] [ERROR] [db_pool] Transaction payload payload_hash=lmU3JkM7O3cFdQiYUvShIDw35Rq9jeZb0AmKqbJyjBnz+IQdIXuF5ihi6sKRungomliSZXHJLRfaKqEQmXmeoQ== processed in 335ms
[2026-08-24 11:12:04] [ERROR] [db_pool] Transaction payload payload_hash=SJXHD8H7d/fA5FCtqB8WTPzgOHE3QHRijazAJmpd/tgh1m06dHobRDCKRYHJujbw5MWPXoEvNp9+JCnSSJSm2w== processed in 413ms
[2026-08-24 10:52:27] [INFO] [db_pool] Transaction payload payload_hash=ufSTepIXq3HRgDqJfXEawKy1PYyUXKS4cujxo336AAp9/SqgoRscuLvMdrGN3jZ0kGQfcyGZKJuGN+7Oy6qZuw== processed in 389ms
[2026-08-24 03:09:29] [DEBUG] [db_pool] Transaction payload payload_hash=Pi1enOEBHj5mvMNbyC3V+pwn3+L6Wc6QSt2EPPMebu8qgmx0qFeFShgTpK6ySeC6tddbpr//dCu9i+fVpb5rXg== processed in 96ms
[2026-08-24 07:26:56] [DEBUG] [payment_gateway] Transaction payload payload_hash=tEn8nD6KwZG7XNy21uvpIqmMKli5wnhz2+sEf7ItX7SLd7urH7APm3/bKzaU3h6nqHC4NLBbeKc3IXbqSFrYuA== processed in 58ms
[2026-08-24 05:08:03] [WARN] [api_router] Transaction payload payload_hash=758cXrwdLkbbaiyZI+bw760GrXLxT+hYnGFztACPz1X/sNDz/RJz+tHtjiywo3t3n7RyA5ScHeJpIPaPrU/fPg== processed in 217ms
[2026-08-24 06:26:50] [WARN] [payment_gateway] Transaction payload payload_hash=Nu+Zt6ecZOEsANeKMl/ryTMIYJFZfex2FZ+xn+Z8ULNAccPVLx8HFcoiYxsXi90v6r+seOjODcYUZZLYmaxokg== processed in 495ms
[2026-08-24 03:28:31] [WARN] [api_router] Transaction payload payload_hash=5pSmLo0EUL8Wxa+XC3XuE2gJCPaXb3lgBOFm+/AyVYgWxhSfEgxM0q793FZsGK5iioMO2bjQO7nGWjbVm2vOpg== processed in 497ms
[2026-08-24 10:17:24] [INFO] [payment_gateway] Transaction payload payload_hash=uR8MO/7s4LTTLc1gwMTX1caYKWTGgvITf4T2/KUDA9jsYEHuxTqSOIeCjIMPt3jozxOEPJnUbU/xKKK5+ftIiw== processed in 342ms
[2026-08-24 08:30:42] [WARN] [db_pool] Transaction payload payload_hash=AvHHK3iR0E0T5D9u52IVf6/LIrkYlSEztKGzHIWWMHisjPdtYUH7MuBTyblCOQbxXMcr8uaaM1OdP2JRBfK1ZQ== processed in 271ms
[2026-08-24 04:28:34] [WARN] [cache_layer] Transaction payload payload_hash=snYO6P1RvDSdAAGHzREM9PIzEZyKQWYvmMO14WgZvRe7XyBks3ys8Qxc244U6oIDIqFVfaoT8fZ1pZHOU1nPwQ== processed in 143ms
[2026-08-24 06:25:26] [WARN] [cache_layer] Transaction payload payload_hash=bD+grSqUMxupYEW1r0L9m6nmQsbAmTw2iyJ370vrsqbq6ZtV/d8BBAxE7cREHb9m+5AElGEVnfAt4ldX6PrhPA== processed in 251ms
[2026-08-24 06:32:20] [INFO] [auth_service] Transaction payload payload_hash=0/ZxA3E4KNN7LusKNWC0q3owpI4Cy1HaDGVTLKQSzrCILYnazk3Y6KgMbsfD1OSUkiS6HYKl/vGu54NwJJCvng== processed in 356ms
[2026-08-24 10:33:56] [DEBUG] [payment_gateway] Transaction payload payload_hash=9zZVR1FzjOdEMW8C/ghdxuVFQCdDiCKoRegTJZ3pFnNskDOPpCgq6Pbvs0nN4xLY9xakFWMBR2OcyvBxrAL7dQ== processed in 226ms
[2026-08-24 05:05:20] [INFO] [payment_gateway] Transaction payload payload_hash=9+ySiRRJInQX5R+/xGGX3SkO7/X9V06YScZzHsSsAXymgca/kbZkzKPWN9h8kLvPh1YpPSrgA9XUNEJewTd7Mg== processed in 251ms
[2026-08-24 07:41:58] [ERROR] [cache_layer] Transaction payload payload_hash=hKhS1n4/M9DAjCPHW3fyZpVjfYVxXsp3zh77D+GRQHg+X7lMXlM7taSXGl4nz8sS0GAAPesFjCT5SSXk4SDj6w== processed in 460ms
[2026-08-24 03:00:46] [WARN] [db_pool] Transaction payload payload_hash=bXyzrLhLxua9bvy+gUUkzCPAr5fP90er64GFicRMrqTYSVmfcheIkMaWZUb9gvqoE2GEymfJFHey86ZMtbvgoA== processed in 145ms
[2026-08-24 07:13:27] [INFO] [payment_gateway] Transaction payload payload_hash=SgguMGAgfu429sHGyg0RWG1olVegKoY8SxWKwUfOuVmk9RpfZIUEUgDjKMvTIUfgPaY1TfLa9+k6PcNqc1TObQ== processed in 65ms
[2026-08-24 05:16:47] [ERROR] [cache_layer] Transaction payload payload_hash=Xkd8T/LHoDjMr9m464NFQaMiaayFcMKXS6xwNSfKYSA5yQubzYTrXwScOOZTxRMGYsEQcuESQd1DV3gRs9lo4A== processed in 282ms
[2026-08-24 08:25:18] [ERROR] [auth_service] Transaction payload payload_hash=pRNzwkj2AvtCbZdz33mXzsAnUbSSO4rgj8RjoGC2i3YscKp/28OIfSCmn41P9NW65t2p2uiAyo4ZL7Kz/W9C3w== processed in 46ms
[2026-08-24 09:02:57] [ERROR] [payment_gateway] Transaction payload payload_hash=ZZheyF5w54xSWZKaf0WtKkBAHIpsvccQxwOhN/RtuqP9q4p72XCrTmc1psSLpBltjf6gJP6cQ3+dH+BFFTXc2w== processed in 87ms
[2026-08-24 06:02:56] [WARN] [auth_service] Transaction payload payload_hash=91viT+3vsoUwqYeMpmFul6oL6ayIUuhvYUfX5dabQ+ezdqxeNudqdpZyQmaKbeAv/6fda8njoN/KQLA9mStqqQ== processed in 362ms
[2026-08-24 05:45:56] [INFO] [api_router] Transaction payload payload_hash=o3AVTZqv0bZZb1MFQX9BOndtydTuXPDdRixw9Hkl3RUIxkvzlt5ujhAZM/EllnYW+MB9ieYHFstFIWclEEAkvg== processed in 212ms
[2026-08-24 02:51:52] [INFO] [payment_gateway] Transaction payload payload_hash=OyKV2ycjWTKXDLV/Ra6FHsHdSZoUJZeVv1qI9UBCyUMAm6Ryx3XWX3ziieFSKdZTXFSWkzCw61MtScozeC/c9Q== processed in 465ms
[2026-08-24 10:54:09] [WARN] [db_pool] Transaction payload payload_hash=QNoIJ08r7LXtysA59pz0TLh3LWE30aTRuKGyTFhVRLzZ2zz9l2WwFTzBx/OCL1zHewN/ED4OhRtUOIqpYS/zLA== processed in 64ms
[2026-08-24 10:52:05] [DEBUG] [payment_gateway] Transaction payload payload_hash=PYXnfgEGVB8ho9bf60c233Wzx8BxBzkUp47AQOQY2KIv1kOE4QxRnpOZfyli71oSRoCqatgorluyqaQRb8EzsA== processed in 306ms
[2026-08-24 03:12:16] [DEBUG] [payment_gateway] Transaction payload payload_hash=blKacw1g2OkTO1Lo0sYsIv/KGBeT7cBLM/QGoVDTd3Ks8BAvcOZNDbWhmy/I+4XCrEdN9Y5LYhUU6Dmy01XFoQ== processed in 328ms
[2026-08-24 06:42:37] [WARN] [cache_layer] Transaction payload payload_hash=3G7B2syvpXos7pZaJHfm15VLppfTVT/SqF5wIZVsKWoX4T9AyVU1JJ79gWUfSDk5hC3uiAWVhBFGfPcs0rM0Og== processed in 381ms
[2026-08-24 08:11:42] [ERROR] [cache_layer] Transaction payload payload_hash=fCOapDU/lE/0Iqd5YMoK/gJeYq9QehFcG6Ii2fkGLMmdVWmQk6FWoslDS4pEF68aHz8uBKOl4hr79U3OHoBSnA== processed in 56ms
[2026-08-24 06:47:25] [WARN] [auth_service] Transaction payload payload_hash=AI5aJsVA5qdxI5mYZZmYPN3/KbZwOV6okwgIzHTBwRZNASnCGnyzub3TTGRXRO3sdxfVGfh11084rvyaZ5w6QA== processed in 125ms
[2026-08-24 07:35:32] [WARN] [db_pool] Transaction payload payload_hash=dtfuQbJ2vnG3+XyillCZn+mRCPJU2YZjDPKBS8U+18DLGhX3uk/FrcqwKRwuvvlT9ZvmSYeY7zhdp7UPCweGhw== processed in 134ms
[2026-08-24 11:23:15] [INFO] [db_pool] Transaction payload payload_hash=aiBsO7X0fHPirtTxjXiP4WtebQVawnJ6u3TBMZ+hnDTQE1t8Fd9loocmsrp0D5vpD1dwvAyfiruPhwSaymDkgA== processed in 426ms
[2026-08-24 03:48:26] [WARN] [db_pool] Transaction payload payload_hash=Jm/dTgavBqzACurcf2GW4dPftJQTd1kX+jeAFd+Ck//zOG97lJ+mmFboKrr0ApKvtZsoiG6i9UHQknrj/bGInw== processed in 371ms
[2026-08-24 08:55:11] [INFO] [cache_layer] Transaction payload payload_hash=E6Kv521L6pHwq97f2OBTcW2vypUJm/cOWV16POhmJtqwJrwU8luksR6ndB+my63UgmtBRGOHtYqjOzbRkK675Q== processed in 157ms
[2026-08-24 03:18:24] [ERROR] [payment_gateway] Transaction payload payload_hash=yQkU3auRcTSxNtahLFA0p71/lpXqZJQFZnejGv/CAp7+4d5QxCqzPyny51kGl+vrHh87DG5PlMhSBIsD6DtTww== processed in 346ms
[2026-08-24 02:36:19] [DEBUG] [payment_gateway] Transaction payload payload_hash=QttZ9vwuXv2nTPPjW0RfParGywNSZNoiakposXd78FiAN5aSKmOFILIsS0H3WoCKIwmEtgsbWfxh45Lcj+4dYA== processed in 259ms
[2026-08-24 06:29:39] [INFO] [db_pool] Transaction payload payload_hash=Gz1lOvHwDY3VMIZD7+xDq9/vxnCiA24CrT3TpwvwgysnJEYz/W8R5WBeJ40UyGm1VLAwtCcjawJtZ+74rScdWA== processed in 375ms
[2026-08-24 08:18:38] [WARN] [api_router] Transaction payload payload_hash=4Rr095Ph+owKBh8d6B03B1qKA9J1GsN+gJSiE5/UXoN5aleDNUb2TE0IQtqXZGKUn8bvtq7Sp5r8RXHEBzGxSA== processed in 176ms
[2026-08-24 05:54:09] [INFO] [cache_layer] Transaction payload payload_hash=b+XnrJsB2lJe0mvesnu4jf73+MzpbLfRyoVUCFoJstADSdtIUgfIzm8iFjfJnCihEZAqEPLiqKZVqXnI6BcVgQ== processed in 74ms
[2026-08-24 11:06:41] [WARN] [db_pool] Transaction payload payload_hash=H5RzqE5s9rDP0WFZDDBO/9XoXaa9yxi+sZZPvDj2xTrUQZOjuX+4AVt3eASQUKfyKWefsSu2dNUeiCjUJNsEuw== processed in 472ms
[2026-08-24 06:36:11] [DEBUG] [db_pool] Transaction payload payload_hash=mzn2lOWm7lMXaJEhb1zSMBx8LurjC3yyiHZznrgPJNsgdcPIqDU+5ld8+f3HzY1kQJG9daqy6MZW6qq64CNEwQ== processed in 29ms
[2026-08-24 05:05:32] [WARN] [api_router] Transaction payload payload_hash=De5G9JCkdE6ldPN8Tydh+hK3+sKO63aCu6xN72aY9E953vQXOCYN3ZdNsquVv0/U3kK1Q6oRicPXupeZhWpf7w== processed in 284ms
[2026-08-24 06:42:43] [WARN] [auth_service] Transaction payload payload_hash=Lj1UnyfA1We1EAZSmi9sH0sbuyl8Qqt0VsP36WvwsSFThGEEtcNOitAIBp33LQ9v9u65UVkXtNTETPYTDWfyPw== processed in 154ms
[2026-08-24 02:48:38] [INFO] [api_router] Transaction payload payload_hash=ZARcYe8Ay/x8NY88cLKnPd3iOuQegijJpPNimJ4GYqgYDpBNNBMEVMMVGfNjVZexvgP5afr8vCbuQMV9QHRcrA== processed in 315ms
[2026-08-24 05:07:14] [WARN] [payment_gateway] Transaction payload payload_hash=j2L+30f0LzuvehkyTalS2Qm2EUIen/80YdSKkjTvviAlm1sQdIRTuCMwhw2FIWdYz9aIV0o21TfRxbohYsm45A== processed in 141ms
[2026-08-24 02:19:53] [WARN] [api_router] Transaction payload payload_hash=BGw5udCjVFWffP3EjB++6AkVapwxWpotjpHKBbLPi10IQBfnYL0Bbdc1Hlae91yw1PmqyQKcf4X0xQpG0+Q2jA== processed in 220ms
[2026-08-24 04:48:21] [INFO] [payment_gateway] Transaction payload payload_hash=HU2ftdxT5jqa+enSNn8Rp36cIP+DSp+qqc5+qrddmXqM6GCHqV0o+eM+SUVyKnx5veyCg4s8aEBAxOKY3wdbfQ== processed in 33ms
[2026-08-24 08:09:37] [ERROR] [payment_gateway] Transaction payload payload_hash=QvcDNYPuoJNbkN0B9ys07OZcaDIL4bvewMqEhTRvC1Xr2wfkKu9743OOh8IudMDSzEvVjb276sxUQqi/7us9qw== processed in 453ms
[2026-08-24 06:30:28] [DEBUG] [db_pool] Transaction payload payload_hash=Gsr0lpim5ObJALHgll4viShN7YUiPKj1PcBaoomUmFPtBQGChCYr9Nd3Tcn2lltqooUxLeCujoPOov8CPKFJtw== processed in 397ms
[2026-08-24 10:19:16] [DEBUG] [payment_gateway] Transaction payload payload_hash=oEvdxypsyPFekCnky4aC1NPmyNbwgDqcklFUSivGYxywVxwUMRIQdNhG/yjUcEqWr5ijS+7t4FpgNzgoOwj2uQ== processed in 310ms
[2026-08-24 02:40:21] [WARN] [db_pool] Transaction payload payload_hash=CTCaOUAWBeqV0I2jpoJSWcaUIGAYqKq2lnOm1urPWDCFarLunQD/xCJmeeLJ7nLqBs5nJK43cJz150m/Uhpa/Q== processed in 206ms
[2026-08-24 06:57:19] [ERROR] [cache_layer] Transaction payload payload_hash=tsxrHwA0onciJsJA4ufZjDtAb8egjze1N+s9DRtr418A7A3i4vJfwmLmB+iQwDQaR7woAwyylLqMMRWxu1bOzg== processed in 445ms
[2026-08-24 03:41:20] [WARN] [auth_service] Transaction payload payload_hash=+WDHrs+EYoTSatnWku1r+z1x03uEJYeKor1V+/gu41FYx7YZLgM9GLSq0Mehj+u8xCOdN5b7z/6nptYq8WxP3A== processed in 41ms
[2026-08-24 06:19:13] [WARN] [auth_service] Transaction payload payload_hash=VkcvY2/DoviAJ5BK5n9caRfYtezAH1NaTZ63jWNLtNw89st9JoaFWT2sQlgbw5Gz8/FZSADXjl0L97wIut1OIQ== processed in 300ms
[2026-08-24 03:59:20] [WARN] [payment_gateway] Transaction payload payload_hash=qOduH3SyDF2xYlwE3j9tRYQNHXp4j1I0j8gdzF4sZVfX3kenrqHbiTqIq433Md2Wks2+el1Ca5ERTMYZWSQ4kw== processed in 253ms
[2026-08-24 06:29:43] [DEBUG] [auth_service] Transaction payload payload_hash=B/SUqw+TYB3A3kzvF76J4S+GDYBt/vqvM+CTxqgtf8lhpAG0nUwkP+0DRClOVYIIc588a/X/wOoLSqw/tvLx8A== processed in 214ms
[2026-08-24 03:45:03] [WARN] [api_router] Transaction payload payload_hash=p7XPNMx66k3k9e8kd4cYo8DSBmPgxEh95M6ICAagAcWNxda/heprz196KyoAwCNggJ8KSKBX8ybNAtCroN7waw== processed in 381ms
[2026-08-24 03:50:37] [INFO] [cache_layer] Transaction payload payload_hash=rK3lwRDs+JWw+h+yjUpRMcGBCmMjdO4aI+KnNGcdz+qXNe7g9bc2vtCGGdxBbJt54uz59Xu+FhP6TbDXcFIsSg== processed in 218ms
[2026-08-24 06:08:38] [WARN] [db_pool] Transaction payload payload_hash=dRIS94vm9BP3x+VEj+UDJ8fBU5XFqCoGmcRIeFvg/kIO89aH/t9CviEEveOKqb1A2k57b3aaSNWCH7cDnL/znQ== processed in 48ms
[2026-08-24 05:08:13] [WARN] [api_router] Transaction payload payload_hash=4p/VRW3i4ZTt09yj6qbOQkk+WsFqyNH4qlTkNncvQvS4dRgKjJ11bzcwvYI/hf/VqhBJq8LbEDogipochO+36w== processed in 374ms
[2026-08-24 11:18:42] [INFO] [api_router] Transaction payload payload_hash=4A7XPcFaNmW7v5Y+WQfW2qXJ8Ms9jq3zvbzWYp+SFdlZw6jxnPmbndaRDV7BgJYJth9/lrKUtTCpxskevRon3g== processed in 95ms
[2026-08-24 10:54:14] [ERROR] [auth_service] Transaction payload payload_hash=GeIGPP7EqoNJ+XFamvnEvU99nQdfZBRba9nK2D03kfMoWkGt3jqKOQ5DSAavRU5c1fWR52D/n9M72zHNpmdVSQ== processed in 104ms
[2026-08-24 08:18:08] [DEBUG] [auth_service] Transaction payload payload_hash=uSLbxSdBeLgAF/VeN3R6F9ciVNwHHD+rePxZC+xdmddl+S47gjBd+J2W8tcI3A6kR+qN9gM/pE3RJrHj/oiKSg== processed in 145ms
[2026-08-24 06:27:07] [WARN] [auth_service] Transaction payload payload_hash=8ps51Ao5JfnlWj6kMhCUWvFrRha9FJwy5eFWqkWokwKk1d6OtnNTvDiQSNrr7+x7c3TWp2UwMcXHwzvGUjO5KQ== processed in 473ms
[2026-08-24 04:35:59] [ERROR] [api_router] Transaction payload payload_hash=8MuNsjuzTsOv6fJ2f3PkQY9m25KGI9iWOpyrAShMi8GWRXw+k2eroiEO5OY7iMb6ISqpRQ7MCE0eYKIfGa3PgA== processed in 456ms
[2026-08-24 04:44:03] [ERROR] [api_router] Transaction payload payload_hash=ahGpuUl/rw8AS5sV909+Oo2TE2ZIb++oWhsanODQD0w3gJRILWvENecRAWGTuE23NTpon3eeZzIAdOVnNCuXWA== processed in 23ms
[2026-08-24 05:58:07] [DEBUG] [payment_gateway] Transaction payload payload_hash=epclA1uBEjnu+LPnijRBadGDb+NCF4pqGimOrSNJP4DWQdtpkKjZeXhxEi3WtmD4TdDcgHSLJMMjnHRWeDgtNg== processed in 6ms
[2026-08-24 03:45:24] [DEBUG] [cache_layer] Transaction payload payload_hash=t+XFPqAtnWE3spXwDyGvrlaIMImDnq5HMRRw67mhVNBwJY3omzaK8LEivOt9gsaBNH7nUPJW1QI5A1g74RM7gw== processed in 270ms
[2026-08-24 10:36:47] [INFO] [db_pool] Transaction payload payload_hash=N9kX33rorqKilnKOXFYo1qPnhpFfyQpGtzkp/Ftb0FIdyhSliBra3ZHKy91Mmar2nnPKb6UMSjFcLHbpzstD2w== processed in 168ms
[2026-08-24 08:05:42] [WARN] [db_pool] Transaction payload payload_hash=9wtO1JRkgYJ5sOCIPj1MqVWfQK9JcGimBJhk+kfh2H/nMh9qkgtvqd3uJv+JQeGeE+SxtkN1m41oysBzhauLnw== processed in 177ms
[2026-08-24 10:21:11] [DEBUG] [payment_gateway] Transaction payload payload_hash=KumJWsdJL8C7vhjc8h3KkGWfNGt634ew2FH2Zs/cWaG0PooSHN/DugbDb8u8KkbZBfjaZtrNqINWeFAmdusO/Q== processed in 159ms
[2026-08-24 05:43:17] [DEBUG] [cache_layer] Transaction payload payload_hash=QZcwCSb3XDLDvCLlVtvE63oWvIE3C2wmHWyKceiq9EM2+rNR5pAz7Bv3NUA4vgPssmEcFWFOScKMm2u7PqQEpA== processed in 340ms
[2026-08-24 05:39:45] [DEBUG] [auth_service] Transaction payload payload_hash=euud8wj/pFWdrO+ClzjjsCQ9qvO8SpEY/dtop52+wo487TBgFTszyI6ws++naV6YJkqjXxzVHjKd4lymlLprtA== processed in 356ms
[2026-08-24 07:36:30] [INFO] [auth_service] Transaction payload payload_hash=BlXyXv7j3KQhOWQxWjHBve7R4LudmJOXB1C5/xunTKxeeSv3vnzTON3KdKNROWVNaM5u/O5ZQuFzUfJFl66nyw== processed in 467ms
[2026-08-24 04:18:51] [WARN] [auth_service] Transaction payload payload_hash=tUGvx7lHvlnkMDQyn7M5psWJRgoXYb7MzSLuqziODe2MY4D5BNrR7nGjYYsKZSA/lNpqUb7GMLR9gMbaao2rGQ== processed in 141ms
[2026-08-24 09:12:07] [WARN] [cache_layer] Transaction payload payload_hash=s43WrW8YlAPBDwNAJSgwC8KuL2wQeZBfUZ0Zu9/zyKoHCnT1YQKaUMdCkYZyer0ZK7AVxeOJfEnUCbTZKQhDcw== processed in 443ms
[2026-08-24 05:02:46] [WARN] [api_router] Transaction payload payload_hash=cy2uUe4SEBIl/vsC/f3EmCLOU74S4QzRpf0Ag52yB/Q+3TYWgDuGc39NknMtsIytRbgX8yIG3t7s9Ke2yVNiwQ== processed in 294ms
[2026-08-24 09:38:53] [INFO] [db_pool] Transaction payload payload_hash=KXRvb7oFI8GV1l+h+CsrHLACnVmD5wlakhUQIkvrOpXz3AkjALSfwLWk/VNO5utvGEoZejwrFENLwT8IKYh/Rw== processed in 25ms
[2026-08-24 06:34:26] [ERROR] [api_router] Transaction payload payload_hash=sPHtMmnS3GziMwCdpaPo8nGSVX/mZnsHzjwR7TbKb4t0gifVafrRltdc6BpGEFQb6jm5p8xZz6LjJpCMCPp7cQ== processed in 67ms
[2026-08-24 04:21:23] [WARN] [auth_service] Transaction payload payload_hash=gD4RZuQISh06QZi193vE1hY2ZcBDdI5yKezclK99sK6CgwG3fjca5OKWPGIeeKRyFhA4spDd84u+egd+o9c7/g== processed in 481ms
[2026-08-24 05:08:40] [WARN] [auth_service] Transaction payload payload_hash=KQHLivj6vsNovrhhdWi4Y8d236SKyCkZ37quh8NRXxw77UnTX4xmSaDT2TSQI2S0MdmsZOlqVdfRdadjmOg6CQ== processed in 121ms
[2026-08-24 09:12:35] [WARN] [db_pool] Transaction payload payload_hash=fu/1LlBByiPxtSEblrTX35bYWODf7Wj9sX8/6y9hlpqzEi90C5xiOOSMzRNU4V9NHtIMgTI4moKJFQ3rYpu67g== processed in 95ms
[2026-08-24 07:10:59] [WARN] [auth_service] Transaction payload payload_hash=siJ02uZBGO5oBX/rhvLR+2/RTV77maS8JvR42GrqYIMysdyuhOiG/FzOZrUmNOKqtNKcPcHhHbQPB0eZOsOCIQ== processed in 280ms
[2026-08-24 03:10:14] [ERROR] [payment_gateway] Transaction payload payload_hash=6IGbPcZnjABP/PRBQoTnRzpzCjdVHF24M72MEWLSNVH4SzvMnbReX2gzAx1stzuxuv2lQxnYlE5Uq/V+sXj34g== processed in 278ms
[2026-08-24 11:02:16] [WARN] [api_router] Transaction payload payload_hash=hM9CmSN8av9pXi8xIKnuJywmy8BHJldAUr0WtkLJamEAvms3TBonwEPMzQ4Wcfa3jXA3P1Kayki/gx18PhxgXw== processed in 156ms
[2026-08-24 11:10:07] [WARN] [db_pool] Transaction payload payload_hash=wL/WaM3jRrYTo4+Gmu52knZdFl0CgWOzJFQc+ZpAwuLUonX4gA8wZUOKIg+QYxBpmHQYJSPaUfnpox2t+5hEhQ== processed in 288ms
[2026-08-24 04:25:27] [ERROR] [db_pool] Transaction payload payload_hash=19XSPBbTQxCeToTP8NyVHh+F5AkQkSYZ/R/b3HiO1zO+w/NQkiD48Qj75/Ok6SDPsVrSoq7qfMWmExk057qu8Q== processed in 273ms
[2026-08-24 05:47:15] [INFO] [db_pool] Transaction payload payload_hash=FflcTjUyU2O9gK1ZVhJuG4XFMd0UEAJoj1ntLVxkLAyf04MIg5kARCrRXl+vkll/FTP5juYhuRmQXJyvmiKpxw== processed in 2ms
[2026-08-24 05:51:49] [WARN] [payment_gateway] Transaction payload payload_hash=i/ANk3pcTZ/8OK/nneXZ9o5IyofOntSar06JvpEqWMAWmOLGBRqqTbKiRDIODEFuiyobjZU5tBZMA/PSh/9kaw== processed in 74ms
[2026-08-24 05:48:35] [DEBUG] [cache_layer] Transaction payload payload_hash=9kuqQ9SZPP21+P+asZyAm4K5JoQdNDU5UYrlejcHLAT5lAmf0bUUa6l1i2/S14o7bikNYiiSksuTyMmiZVYWgw== processed in 167ms
[2026-08-24 10:10:38] [WARN] [db_pool] Transaction payload payload_hash=8V9nnr7ThW3uZNBAn7Wl9wPvc1FY7OFJ1SXyqeGSoaWlIf9D3TVLIHuO/YnNpmT8agEBRMddJvCL+GdYVdSCyQ== processed in 424ms
[2026-08-24 06:24:25] [WARN] [auth_service] Transaction payload payload_hash=Si0yI5hjJ3SRYBHg++ukPW4LpabDyVgVpTzGua0O3s8t6ZIj8BKAOYfbXtTSaculYXeUAm9B3tajg0HYLHiubg== processed in 93ms
[2026-08-24 11:13:15] [DEBUG] [payment_gateway] Transaction payload payload_hash=GonWxGU8nh8Z8gJwtcnwkpffIGO3EynCpbNcDDjMoh06tewpYTYyesHnF0UPIk2Q1MSuyKckq0zORPJuaMyz5A== processed in 128ms
[2026-08-24 10:03:01] [ERROR] [payment_gateway] Transaction payload payload_hash=+9JeoSjI1kqfQaxUgt58QA1E4aur+1DInqoratvc9X8G/c588cbPeAuAo3D6DJjQEz7GX1SdcADyx3bYKjDn8Q== processed in 454ms
[2026-08-24 09:54:17] [WARN] [api_router] Transaction payload payload_hash=CEN5Xjkp5QPkEEPIklwOW+TYO/g6diB0e6pNzq4hATPpnq7XycNAb4TAVoCL301zN/PJwLr6kpMnehak7aihwA== processed in 156ms
[2026-08-24 10:24:06] [ERROR] [auth_service] Transaction payload payload_hash=NjIa9QsIAYl9Ol6999qZYa3acqSDVXBK2qjD42UfYRaf70vat96Djm5XoW+Bwwa729hC5Up6LD8eldaqiNLTlg== processed in 172ms
[2026-08-24 07:26:51] [DEBUG] [api_router] Transaction payload payload_hash=b5liXSoAq1IsN3LZ8Buq6t91Rq2jYlJdVStkETnPb+gnUxgRc1X+NVptu748A6FPAERCxAC5YXwcK1mmPzkkaA== processed in 491ms
[2026-08-24 05:35:04] [WARN] [api_router] Transaction payload payload_hash=h4baRdv23NH2/9j1VDFOEK/0y6+n40r7dCRkRyKV1TrP6TOuJJ4qNFW/kHdwPpZ9PKuSOvug376v4hYChmc+jg== processed in 286ms
[2026-08-24 11:00:20] [WARN] [api_router] Transaction payload payload_hash=nHEqO9wvjyEYrvdhx+zITA2VxAReMeCZFnxDLHvwmpeu6OVpkvpTOQX/UW3CoocN3R0JEgzODXY3wcyioFo4Hw== processed in 108ms
[2026-08-24 08:54:28] [DEBUG] [auth_service] Transaction payload payload_hash=9L70L48xl9CXp9IhB+MyDEC774ApzYgABuPcFIQdw/f3r7stcgpleD929jhRtJm4DPbMdzl9xTOiICpho76tLg== processed in 235ms
[2026-08-24 03:24:03] [WARN] [api_router] Transaction payload payload_hash=u0o5Dhj/d2iJ7Pa0mb/hDw1BfqlYhc+mc7VezzEiqh+MVW6nXjxGfjEmZNHOGDnc1fGeSnz3WGjg7UO7PS+jKQ== processed in 338ms
[2026-08-24 06:20:30] [DEBUG] [db_pool] Transaction payload payload_hash=ns0jLTeOx0KR6AuXPb+pGyeg+uTEqVSLFyeccHMSHYfHJpNh+eAolDxQtu3ftxvwMV5N/U9IIAgKTKC6NG8Y7Q== processed in 365ms
[2026-08-24 03:08:34] [WARN] [cache_layer] Transaction payload payload_hash=hKQsRybQD9WKpcWC+axxWpPfmEL6WiISiYsYE0R0CbC16qkIFwej4nI3EGIkZeOwvZi4DvO9F633zZ5IUViGjg== processed in 140ms
[2026-08-24 03:34:13] [ERROR] [cache_layer] Transaction payload payload_hash=zm/sN7bzMvpQLWyNsjuJFIQh0Lnq5N+XhEkbrgo334AZooey9phLWJls8XifRJsP2OWo3bjbVExgia/xoJFEOA== processed in 389ms
[2026-08-24 04:25:30] [INFO] [cache_layer] Transaction payload payload_hash=7OwZ8GOHRKb8eqdXmU8DG3+ZZFKSZu4M4iEJTtS82gkzZbCtV7RHOqYXvYlOc5S6egSzkTmsg+I0OenBFHxM8w== processed in 495ms
[2026-08-24 11:07:19] [WARN] [cache_layer] Transaction payload payload_hash=vMb0XyhnSGP8QtntPjSOKa6ATXCAayqv4ag9ysWTMHEDuNr6YyXcx5OVke4sY4tYOjkeLkOn9tyQ+Yj3jJG21A== processed in 431ms
[2026-08-24 08:15:31] [ERROR] [payment_gateway] Transaction payload payload_hash=G9c4WiTc11Et5S57Nvz3AaVb4U/R8pWP+43zjl3krBRgS7fu6/cxUfRGp62qeh3byxHxcfpZ+7FHxrg5VL9XTw== processed in 481ms
[2026-08-24 03:47:35] [WARN] [payment_gateway] Transaction payload payload_hash=wU2+q+s1BCKZEBf11GMj/SU36Zk2hAnAKxojI9NdnuuNkdwAU0Ov8hl4BKmw2w1Bi+7W6Q0ANfP46hR9T5y8PQ== processed in 492ms
[2026-08-24 04:34:56] [WARN] [db_pool] Transaction payload payload_hash=vGdg8NVoh5pcgNSQYa/yeMw8MxGYa+LXTJz5eO3YHmPdofDZ51qvVej6O0f4AVyZThM8n/3CGQJtbVR0rfqRiQ== processed in 129ms
[2026-08-24 08:53:55] [ERROR] [auth_service] Transaction payload payload_hash=5dxLCN1te0+i9XbxACuX5QiSnU4FXpSSzC67kEADHS/3OyZze3LZ5vPmFY7+52CIJ88nm93DQznGVl0UXDbi1Q== processed in 94ms
[2026-08-24 06:52:25] [INFO] [auth_service] Transaction payload payload_hash=G/VNwuKODqf/iylQUlkVGDw9qCWSjffdvD7x7V6YiP5w0M2c1G38yKVTCvOvbn5ES87vJjKyjxPEMGCs5aEs4A== processed in 208ms
[2026-08-24 05:44:52] [INFO] [payment_gateway] Transaction payload payload_hash=MAvHFNczhCXkUHKsL1fcoMkebSJ9eheAtDreElPitbnIrZyv62dJAYCJt0oSVhM60pSqK6uJT2GDz+IIxs49nw== processed in 365ms
[2026-08-24 03:59:30] [INFO] [payment_gateway] Transaction payload payload_hash=b7yoXDJqyPVrti4cHnsteqxtNG9jIgiY5mlpW/u19oRitV4aqq7kis03MQuEJXjIC+bX9m1FP6cDtM1P4hnhUQ== processed in 215ms
[2026-08-24 04:37:18] [INFO] [cache_layer] Transaction payload payload_hash=7i6Yuuubp9uWxWzzS7QX045rO8yjRn0PkhG8GTQN3HI5Q1E0D3sY+vdqp0mqMk0CLpVjWplllKZZFHbuliKbvw== processed in 483ms
[2026-08-24 03:30:48] [DEBUG] [api_router] Transaction payload payload_hash=K4FdstaxG0aQNes7YJ3D+hd98+g1Qh7jFqvUuuhAFpSMLFXd3zlP5chkkM6XoA1VX6H4tsWmRVUCctREvwQntg== processed in 198ms
[2026-08-24 07:43:12] [ERROR] [cache_layer] Transaction payload payload_hash=EIdVC/ngs/28gv+EgZDJE/HoWusXNsVnauyw2o/MiFqMsO4FcThdYN7EKopSWvLNetSLgahbCusVnt5nNRBnHw== processed in 225ms
[2026-08-24 10:21:47] [INFO] [auth_service] Transaction payload payload_hash=xFhlIQYdoddyL0NXXBX+tHbyhmp1htUpAsLpDzcTuYXEKw+OiH55aRXBS3c3qzX/R8VslLG1hY3+9wIkdISh0Q== processed in 92ms
[2026-08-24 03:43:49] [WARN] [payment_gateway] Transaction payload payload_hash=x7NBv6WSChViPqsShvd81QVqf3H+TN5wIYEEHr5ve7rzViHZ9ehn9jMJlFZP40qh0begtVraTAxzIXkxbW5K1g== processed in 192ms
[2026-08-24 08:13:04] [INFO] [cache_layer] Transaction payload payload_hash=IbQ/07H0nLj6YElAL0Sg5FQQT3mVeU7RKgAZlTNIekfK66XOtNwpqVjtcnXIksrvnTw8f98dbkus2n+KuftjDw== processed in 110ms
[2026-08-24 06:56:56] [ERROR] [api_router] Transaction payload payload_hash=EKTNFePdJ7m7NK40k1xhbAXExVkf9Ou7b3q6GCx0TVigv4wYhjfoYLEYzMEqTfaeASAArCohK/8xMfwqmmWp0A== processed in 482ms
[2026-08-24 03:09:47] [DEBUG] [auth_service] Transaction payload payload_hash=vt4uJVwPgUgs1wVXqRiDsJfM1cFBBif3lJpp4Qn6szwb8L8Pa3G6VBy81N0Sl7kI6sXr/UdIafPM/WvIDTNMvQ== processed in 91ms
[2026-08-24 05:26:54] [ERROR] [payment_gateway] Transaction payload payload_hash=bTZ3frOyvfPKu2kUDtxXZtuedNLGW12YNQigRVV4DdqOx/7jpuLUQV4XWfjoCKyMGVGYLcZA8dyAnIXL+Irx1Q== processed in 334ms
[2026-08-24 03:05:59] [DEBUG] [api_router] Transaction payload payload_hash=QO5xq88cvQp1ze5TT38JP9Y75lQo09FVxB5QZ/URZyymwAJNG7kbuICgQw5jqA3wNhUDereOOUuog/IgwRJu1g== processed in 410ms
[2026-08-24 05:16:34] [WARN] [payment_gateway] Transaction payload payload_hash=Q+zs2OtR0c4a0ZEVbu0N8u1k4PmmoikEuxvqZ+xnJOFOLfUwLhDEB1J2AWCHUZINoJ6IKiq+arTw517+1TxcnA== processed in 27ms
[2026-08-24 04:08:24] [ERROR] [db_pool] Transaction payload payload_hash=WsOft0wO1UqJWt+6zxTfG+K0AiDicCsOl2rvUC5kUFvGJgin+KRKKBkEt4yQuadwIWwF49Fckbfq7VRWVP9iWg== processed in 31ms
[2026-08-24 04:01:33] [ERROR] [db_pool] Transaction payload payload_hash=zfmiawWhm4KUM1KEZZSikxpfREYi7QLkjR3LRglOPNQbxTygc0fUSaLsnnocUu6jxEkDUO8w+BZs13ZO3Ly/dw== processed in 205ms
[2026-08-24 03:55:05] [ERROR] [api_router] Transaction payload payload_hash=rSvDOVoonIjZH67iTY/BdQ2Z4hsmq7oInpVDii308eooQjJZaw8RlIjOAeM1gCMrOe6vpHLIEPXQJFujOCfkoQ== processed in 497ms
[2026-08-24 05:06:20] [WARN] [api_router] Transaction payload payload_hash=ICS0E8M9QN5iJIq5mhYPhq3CGNL+ci2ePQRwdnA4029HVNwb0Qd44b9pObSNd48KCfSp3XZHoVJwf8qOyrEf/Q== processed in 118ms
[2026-08-24 03:02:49] [INFO] [payment_gateway] Transaction payload payload_hash=pKDGLKuFdkNMGZX2cSwWz4hjyhPjYdySTa2UN/HNuxl/S4og7STBzysNrZuQuue9I6V+JlCxLdh3yBcGzWSixQ== processed in 317ms
[2026-08-24 11:16:28] [ERROR] [cache_layer] Transaction payload payload_hash=Nx7rSzQRopBEgFZ5Qpkx0rQ7TfB3t9UrrxUo+gbLD6CD9JqOqIyLljNMWqimV23WpQ096wZs5465PE4HxnG8Sw== processed in 170ms
[2026-08-24 07:42:31] [WARN] [db_pool] Transaction payload payload_hash=BzWkJCkZGH0e2fMxiz2ZmK2O/1SEX+1s/40UZOlZ4R8sKwifXn/poiPHIMPuASMLxxHmxQuRTmwGamdnL0wShQ== processed in 272ms
[2026-08-24 08:03:20] [DEBUG] [payment_gateway] Transaction payload payload_hash=Np5HB75RX47XA/bhif4BXJwuXjDai0rU+0b2YxjE3xTAHeURb954HwiIzoV+eSVKprvUgFQesrpku/Urrj5bWQ== processed in 257ms
[2026-08-24 06:53:09] [INFO] [payment_gateway] Transaction payload payload_hash=jnyVqz35s6zkzcn/GDYlQ0TBhYpyBYn4fjiu0gCEV47RT8buuTaVuIYIEnUC/78v3gRTY7Xp7AFrkZ7SIG+6Fg== processed in 134ms
[2026-08-24 02:54:04] [DEBUG] [auth_service] Transaction payload payload_hash=qTrc3J8J8JPNL9LXg+ZMmlZo5xA+IcQTi12sUyLr9bQhqIxbAtZQ4EOyQCZnF5x8crQ5jX6xJACQl5J9fE4pcw== processed in 124ms
[2026-08-24 11:13:51] [DEBUG] [payment_gateway] Transaction payload payload_hash=t45BQ5PWgBVQ8JuIWMhqN3OhcF6A2wzlDkWYT/zu3mi0KXK4FN3IalVCntizequ5bl4bQ2AXLjQfNPjhiGmq5w== processed in 346ms
[2026-08-24 06:52:57] [ERROR] [api_router] Transaction payload payload_hash=Tn8sEViwK1oHbv64PIYGkig7L1UTAHSADPCMEYP7m9fusxDtq7ebtlD6MVAy3FgQzFWeaBP5fmDgA4HBd1Sy0A== processed in 294ms
[2026-08-24 09:52:45] [DEBUG] [auth_service] Transaction payload payload_hash=xmgJ3U6qhEY2MaZHxWMJPw1jTeGjQDqpXdJf8B3y5gfvWwmoFK3MeHxFhO8LTif8GrViNzb4gA/+6nZtH8ItNw== processed in 445ms
[2026-08-24 06:17:39] [WARN] [cache_layer] Transaction payload payload_hash=ycLzK9EJ06JwDTl/GFzDYQ/PBqemah15SVXwV8+LF0iVyHk9a+rjBuVZBjFnRptZ2e0qjLyG7uTaLIZmTGvQCA== processed in 212ms
[2026-08-24 03:36:04] [ERROR] [payment_gateway] Transaction payload payload_hash=DeAow2MeMzhbwLgloVUeVJ+NUuT9Csf4LpMlQ2RSmAknfgHHEg4elmqgb1gBIS6ejRv8JH6vhMUaQtv51jK59g== processed in 37ms
[2026-08-24 11:14:07] [INFO] [cache_layer] Transaction payload payload_hash=ePPhRDtpvC3/beB7z86PUhwDXRicD2UIa42imSQPLh9cR3NgskIFzCAgHwDa2YwxzPCZ5kcDuiDyswcxCNSPdA== processed in 268ms
[2026-08-24 08:57:17] [ERROR] [payment_gateway] Transaction payload payload_hash=JLglgpgOp9l4lM2K7933QvCbbYa6RVGLLArLeNpNGdIAyW4vHTCyjzbFcJtsTH/nb9UnXm0p/6bLUzE2jkkAag== processed in 231ms
[2026-08-24 04:23:42] [ERROR] [auth_service] Transaction payload payload_hash=auWgW/AfyC4YhzbMjfSEbcn9aGXi8TRNbQ/vuIJgcM1yr2/zwSzcWkHGNGTgzEWAotwZjnFDhzMlgLhWtGJLBA== processed in 229ms
[2026-08-24 04:12:29] [ERROR] [db_pool] Transaction payload payload_hash=kM0pIjS5tnn/RdcUWctMnonrqdOlqFOxn6Ppbuwt8YzP924rHWHYGAyoiQH3ZhV179Vlm9PJI0b87Ug8EEAt3g== processed in 94ms
[2026-08-24 06:57:08] [DEBUG] [cache_layer] Transaction payload payload_hash=NRAHZFUu+1YUgje/24coK3GvHXR/PvOGwjcWbji0dAM9wtru5JV30xR7jr7COBnJs49/kzfGxQ/89K5i/I6MtA== processed in 302ms
[2026-08-24 02:21:22] [INFO] [api_router] Transaction payload payload_hash=YwsuOMc4zQ89mzx/AK1Zh/lm5LDWqMgeFwQjfWIFLmgIrshQQGFuc7Ht0ro34C7f4lNpY2NyQrqtUTgX5+bKUw== processed in 133ms
[2026-08-24 11:12:37] [ERROR] [auth_service] Transaction payload payload_hash=MMz2OJHP9jDE+q3NtbJCfqApzmxCgozfTq7Uxz1naUwGXQfYQpXQzk4kVMfD5f0YGfX7klZRXi3sLWy7FtNvsg== processed in 360ms
[2026-08-24 04:46:48] [ERROR] [cache_layer] Transaction payload payload_hash=Yf3YSH2GqdOJLTeUtECOXXfB1gdcoug3V4ZT061kpcrys3IWVHuVV0DIHtqSWdkE/U5WQmZzqGSBmGTXDmnCFw== processed in 73ms
[2026-08-24 10:10:03] [ERROR] [db_pool] Transaction payload payload_hash=XJr9pdXk0XHSMQq3M2WZPESybAG9phevur2dxFJttUDLgHpf5St3wjy+I2YCJYEcMdG1nEKyMQStcLxxPEEukw== processed in 327ms
[2026-08-24 02:19:02] [WARN] [cache_layer] Transaction payload payload_hash=KEOn4CMdORF0iLIz6KEPL7ljZuJ7uLcGc3WDSP2XeYNeoJat8fXaWdWMnmbbL4ehPeOc3c6A7d1wDMm8uG0l8Q== processed in 137ms
[2026-08-24 04:44:22] [DEBUG] [cache_layer] Transaction payload payload_hash=1m/hLk8ow2dF7u3oWkjKLqVCF20+VWGxps7P00cSFBSuIbJeEpMIndsBefwXgwziBJz6erxT1H2ibyQRdjH78g== processed in 476ms
[2026-08-24 05:46:34] [DEBUG] [payment_gateway] Transaction payload payload_hash=D94dl8MM43IlG0uIKzv4SMFIvwTTp3xdAuOdvVngrYbSRoMkQup0TTkLJ5Egq9YFadWow7Kw4m3jxNeqasValw== processed in 417ms
[2026-08-24 04:21:34] [ERROR] [cache_layer] Transaction payload payload_hash=2D66tNE/qK6NH1t/y1t66oHvLJPkCISoohKa/oJHE8DhiKgzsxjC2aVDs5AsXG56p8PMPenaTZzRlZQZWLD+Qw== processed in 271ms
[2026-08-24 05:17:26] [ERROR] [cache_layer] Transaction payload payload_hash=HIk/HvZHHvhQpfJcRpiQUiLTnD4F0ut5Xy4YwDR1QRGeaTqXPhimn+5uXgffaPnmuzYNG1P8AU0UN2ev25mW5g== processed in 200ms
[2026-08-24 05:49:23] [DEBUG] [db_pool] Transaction payload payload_hash=VjH2GwOWO8ly2gx54R9tCQJIUrAaJZFE2h5F87wCvbjWVhU5Yzlt+aFOhi7Zt4ssWEzbs05hZO0H5auTeFrxsQ== processed in 358ms
[2026-08-24 08:54:50] [WARN] [db_pool] Transaction payload payload_hash=NwpaQeT8deAWCSByuDxDxk4muThGaRst8W4E/e9euULb9jqriCQ4RTDRKjwxL5m0bkRVkmMnl/UZgrUliUBURg== processed in 32ms
[2026-08-24 02:30:05] [INFO] [payment_gateway] Transaction payload payload_hash=sZKzH++JDnixbhHONr8Mman4+69r9gFT3ZngIwN9empUURftR88/NohO0tnYJ4nxttHOfSCR9gTGVMTXXgixkw== processed in 196ms
[2026-08-24 06:34:56] [DEBUG] [cache_layer] Transaction payload payload_hash=YIwTlV8TvRjiQ5VdNhxZ77Q8a7m0ps9iYIklHLkPs0dJnH/QDEAi3KqxdIYyrQqyuKW9MGKwXQyvhemjmGxHfg== processed in 384ms
[2026-08-24 05:15:34] [DEBUG] [api_router] Transaction payload payload_hash=M+UjfK++Masd9KVWkBc4Kk45BH8oPsXovdipmJwoSg3DjQE4yuxz2NLxYC0PDfAs8U0S6CFHSeGJ2sCT7+wpfA== processed in 284ms
[2026-08-24 02:58:05] [WARN] [api_router] Transaction payload payload_hash=cC5cMQ1L3aw/AimeL42uas3A/71Kpz4Gg+goUCH/+/qSroJOzubxjXu4xZ/qMR83Jlr31r6FnQCJ+BFJEoWdXA== processed in 343ms
[2026-08-24 04:29:10] [WARN] [db_pool] Transaction payload payload_hash=5e0HAK/xVhpYLBufSVMcUMtPHuyZph4HublfnyGJwq2i43nasa5CbgbBRnY/vJgdnW05IL9zoyssw+37AJFgQw== processed in 444ms
[2026-08-24 07:23:38] [INFO] [auth_service] Transaction payload payload_hash=OML3CN4TOQd17bGoFFqGVs0EG0dsaQsXFiVF48iZgE1JAie69Hq7BS+KuWoE6lGgXCyNwrzF0OBnfYHwch8HMw== processed in 28ms
[2026-08-24 07:16:28] [DEBUG] [api_router] Transaction payload payload_hash=IQ4BulYyJre8r2o7tFu3N6a2c3zstAZaKh0vtNq+837zcfKe5Lpeo4ynI19BRcmO8EVFbhTdRByyj6ux5K/tlQ== processed in 160ms
[2026-08-24 03:07:40] [DEBUG] [auth_service] Transaction payload payload_hash=TTSDtKtjzzglkUpO7L1g9TMZPfkNGIKHjFS2pyApK0di2hqan8H338L2TrCN9hmbyQ3plMEo3bLgtMZ0XhlPxw== processed in 225ms
[2026-08-24 06:23:08] [WARN] [cache_layer] Transaction payload payload_hash=KAS4tjUZV9Rv7cknYbpcGoVvDbFSPf1EuP8ocVnODGthfzPxZ8yPhoGyHK1UWqQctt19tx5A7yeoQJCe6XtdNQ== processed in 37ms
[2026-08-24 07:14:35] [DEBUG] [db_pool] Transaction payload payload_hash=iJNp/GDp2TqlNGKyUn0iLD5tfatgSnIzZlawaqtw3H9P8PH4ePobBlvsDVkIZFPXIe6OpaEIijtCZYJnu4mMKQ== processed in 427ms
[2026-08-24 03:27:30] [DEBUG] [auth_service] Transaction payload payload_hash=ynVIN0r8moM08L3LydTbbPhbssdwF9V/jgPn1buS2dyk4IMubCMZECXZhjDGrFdj3jxwvASFZVUK5RmOUpqVRQ== processed in 314ms
[2026-08-24 08:02:19] [WARN] [auth_service] Transaction payload payload_hash=mr9XGhFz8Y3Txu6fD5FjUx/9EOH6lbDkhXh4u3q4mGiZC7PFLlVRf8H34ybEHVVdku2e1/ngE/hEU70VcTcmmQ== processed in 208ms
[2026-08-24 02:58:17] [INFO] [auth_service] Transaction payload payload_hash=JaoQhcsCvHcsaMAKMXI2nkpRSY82r15xz9Zjhe6mRa9iq1/0dq8z8shteNyNP+/K7a5KPIp+GALPtzKLMhm2zg== processed in 249ms
[2026-08-24 05:04:38] [WARN] [payment_gateway] Transaction payload payload_hash=4N2wklEeFSVoSrChsyCXFCcpe6txR3ZirIEaxI8vX/mOdlY4qdjgasLRzDrYEYHR8vDmskfDfxWROPNdl49xug== processed in 341ms
[2026-08-24 06:28:04] [INFO] [api_router] Transaction payload payload_hash=9xKV6o9avCjAdBQIkc2uoqmrhbk53BZJkIJ+j2GTcD6ezlCD5d8Yie/0xe/dxbNPjCuJLESUum+k+R5dnkhv5Q== processed in 358ms
[2026-08-24 09:16:28] [ERROR] [cache_layer] Transaction payload payload_hash=uVTX3TJWhx0X1w2mk9sImJP55htZLzFNyCk5pwrCMj1XCzv9y4uVE642w8oY7mHMuErUn39LylOQ8oJVRcNg7w== processed in 209ms
[2026-08-24 11:02:20] [INFO] [auth_service] Transaction payload payload_hash=NgCmK82ZyPuKMZxEsTfq8rmnSVOP0VeooBdD8hZSzLu70Eu1UVp+f1hBDp92EGfLrI0m7dnFOGUp5DRsIxI4/Q== processed in 146ms
[2026-08-24 02:45:38] [DEBUG] [db_pool] Transaction payload payload_hash=nDz2XjH6bIsf19Qs1nB+QB4RPHp+REFMf/BFbtZb/gyMmVW2H6kD6TGnFHAORPgjoWWXpkeyGZkF2wBW2xzGvg== processed in 176ms
[2026-08-24 07:26:20] [WARN] [cache_layer] Transaction payload payload_hash=NE1nXqK/HK/ipdQHe15SK/vkRFwcfr+oAiOo9dbZYT3k95lDdn4psBzib8R635Z3FEdFJbB03FxiBZht4rYSLg== processed in 307ms
[2026-08-24 03:06:22] [ERROR] [payment_gateway] Transaction payload payload_hash=/X4+guZNLvYXn03B40xYmrX77jLg3T/+/+wmzXTMzwmb/I7lJCQ1p88wLrWvaWDjdR10isK7KFfhlstyvt59Mw== processed in 140ms
[2026-08-24 05:05:07] [DEBUG] [auth_service] Transaction payload payload_hash=ZpEVRJeO7el8+QbR+bFVRhvoGN/vipF+X2NU70/LfMMmmGLDpcHUP6oUUtq7RkEHqZEmhA8ZgppVIGvgEVwgDQ== processed in 281ms
[2026-08-24 03:15:12] [INFO] [cache_layer] Transaction payload payload_hash=zMfzRd7/zl1t1+sAFwQX984inP9Gf0k9QPP2srdhMKk2Nrq71kk7SRRJaWfsvdovhc5q74JJAwVxU6Yh3Qb2xw== processed in 149ms
[2026-08-24 03:48:53] [ERROR] [auth_service] Transaction payload payload_hash=pW7ynEzVcgQLF1uyp2QAI6v4tPWSOzJpt/TWISJ58pEAbeg9f9H5mJ/I88OG9dGendC5WXAtbAFokIYw2vKvNw== processed in 451ms
[2026-08-24 11:23:44] [ERROR] [api_router] Transaction payload payload_hash=Z1tmB3owoKdLhQlxU+fRz8fT/UnRWdgOpOguVXBUQCFBPACEPlyh8CTrQLTPHeuGftG09yzPNLSUjpdHBCFtlQ== processed in 351ms
[2026-08-24 03:31:17] [WARN] [payment_gateway] Transaction payload payload_hash=Xj/Ewz9WMlSuUfUmvQFRhtKVlZUnh9t5yJMmbr1aakAr0FuzdjDwzkavMH0ySeaTFiRdx6Zcn15DzUhrcFokEg== processed in 390ms
[2026-08-24 07:14:19] [INFO] [db_pool] Transaction payload payload_hash=zQN+lZFf8cSaBAY8gqwsxi+eMiIZ3lKnONzZoq9j1KYyhmvksu1HDrhKdl3B3TlcIC3dn0PrjXzqUZNTZgtdiw== processed in 409ms
[2026-08-24 03:54:38] [DEBUG] [payment_gateway] Transaction payload payload_hash=7ilG6Fx0E4q2+CcYPo49rLhr2onTJKgbcRtBkCSi6AOCE/q4M5HpqrrB9Ggn4dxcSKjOUoZHj/PVs+8RK1qeMw== processed in 372ms
[2026-08-24 02:42:25] [WARN] [payment_gateway] Transaction payload payload_hash=MMbyMlglzHc78D47WwZzZNAleimJmAXDft7mcM3zqY0cJvdiQk+eYzQNHDNu0MDvcs5ahHC5XJ2tX27eRcuQHw== processed in 67ms
[2026-08-24 05:36:28] [WARN] [payment_gateway] Transaction payload payload_hash=29j1htD9OEUPzAVA2xKF082JEaZDuUySzivrixCMlFUT8V7L+DYpPi8ihDn1QOqTtGLv2+BNYR9NYMQqDtyqug== processed in 445ms
[2026-08-24 10:09:19] [INFO] [auth_service] Transaction payload payload_hash=gppZwE/oIUKTRVDAMGDPrI0sncHIBgFMeSNvjkJkzDpjny3sPZXnEexYiMSkwCj+leseqrpr9nsD8yoWT1y9mw== processed in 243ms
[2026-08-24 08:36:24] [WARN] [auth_service] Transaction payload payload_hash=HIL7Y7Keq5YvhqTYI/x6dH7vB1uiREm4xYzQw8AVE3/Jaf+pDBNMtFOHgm0sqs1lPRtC5yGdaNjq/oNQvFsAgA== processed in 219ms
[2026-08-24 02:18:10] [DEBUG] [cache_layer] Transaction payload payload_hash=9JZBUZpFAIfQKtzj0WUd0HvqvYcbPB6LOZsbMGRmfHJ15+D8qHEpWE49EVHyZjTLWyYKg3nda5BaBSMwP6FTfA== processed in 49ms
[2026-08-24 09:26:38] [WARN] [auth_service] Transaction payload payload_hash=nMFxUKuAaxUQ+UB5xUHDXQGSpOKdVU2Y5BOYYn5hUmnuMgBmrgxU9EI8siHEkKQ2qr7/+y9vtjbIfZ3WHgNfjg== processed in 22ms
[2026-08-24 07:53:35] [ERROR] [db_pool] Transaction payload payload_hash=KPL4jeX1cDR+DvFz1QJ+QJQjwvEetRwTWFwJQsnkDtlEqT0FAPfNRCxky607xsof2okWDeiXrxIqe+sMjwpCWw== processed in 120ms
[2026-08-24 08:09:08] [INFO] [cache_layer] Transaction payload payload_hash=tWDO++hUiHl56RW/ZQQpMNDVC1xmRN8jL/x2qks0jcaUjatvqWGEORLt6lU01AK4xIifIYNkFreThZbkyJyhFw== processed in 274ms
[2026-08-24 06:58:49] [DEBUG] [api_router] Transaction payload payload_hash=rOQwiSddqJMr2SOprRLcz5ECqKPnUYg+gBo7zlONsTBxQPkwMa4GGjCPTCcmF5wpDD/IRmPB/PVfiF4qzi+TXA== processed in 103ms
[2026-08-24 04:48:57] [INFO] [cache_layer] Transaction payload payload_hash=2s8g7CpTr5gOLuBRmnUTL+J+aFAvosh1Y5xPzyehYdC7lstyIFtqQ4X+yBeeokt33U+13gAVizdr50MhoCScpA== processed in 395ms
[2026-08-24 08:22:44] [WARN] [cache_layer] Transaction payload payload_hash=X4F2J6GdHK7brnJ6zhl8M8TEvM/MdTmswxY+uQp7SnEbZnBEbbdDkTsYwXng0316q/CDEWHRZoDbZgnbpNU24w== processed in 339ms
[2026-08-24 02:27:33] [INFO] [api_router] Transaction payload payload_hash=OGyMgLYtg74FRGqoCssB7PFJBC/W+AiCYjohEWQBjt3BBxyNUYVRbC4nOvI2i+bCk808M04I6QuvSC992so0Eg== processed in 356ms
[2026-08-24 03:51:58] [DEBUG] [auth_service] Transaction payload payload_hash=tpixbeGbYZG9aA+SLaMHBOmoYxZ+3j5L5BGWnJL5nRWDTBTIu8doC0f1VK4ZeJdT4NC5vX/sZOwQ86qedH6cJw== processed in 240ms
[2026-08-24 05:08:39] [DEBUG] [api_router] Transaction payload payload_hash=m8g1pp3c13reHQVSJ8KizyA59iC0YeDc306Exv0enTg9SN1KCEydt7ssI66g6O+SH/MV7K8lk/p2xROnwMGijQ== processed in 20ms
[2026-08-24 05:21:17] [WARN] [api_router] Transaction payload payload_hash=1Uql/7gI+vSvSR35ykD6pkWbb6MSXCctwHTxmJAYiwqUR+ZCUWcPw5R2NlmkqU3v2VzGS7K9oG5wNgpqP3OKBw== processed in 450ms
[2026-08-24 10:54:30] [INFO] [cache_layer] Transaction payload payload_hash=FfCiJ+qzT1oOeiAy6/f50hM2G6ti4LamKVdh2WMZ7QvJyXJyymsNqW/YW9+/C+KYMUuKh1p9aQIxp/wxsAWKjQ== processed in 153ms
[2026-08-24 06:35:14] [WARN] [payment_gateway] Transaction payload payload_hash=y4R+6nwpXKCtR5TxrHWyCKqgnL/kc8bdwgWcMt4iyrh4Vv8JHgsSwqnomqeI3RU7MzLd2BSr1kBttFb/1A037Q== processed in 119ms
[2026-08-24 11:12:49] [INFO] [auth_service] Transaction payload payload_hash=4rNydwvmOWnvUYjFEDVZgLLDceUgWYIY6/lFfeRgsue8ZnoRGrkjdm4na4xKcF8MT43jnb7sHgepWbS/lEvA7Q== processed in 202ms
[2026-08-24 09:16:00] [WARN] [payment_gateway] Transaction payload payload_hash=rqAPHOji0jMJG0KcZaQ5H1wNeL+t4r/R0yI+5O+BGaLcWRRKEZA6N5aGbpbA+jOAz80eL2bDB/LM1YHsRyDZ2Q== processed in 259ms
[2026-08-24 09:34:17] [DEBUG] [cache_layer] Transaction payload payload_hash=OoFxNj3n8kJHbiX+jOgdg7g/Q1UdcQUcV5naU01x67uk8Dl0mkYW2XONa4uUWFEPoFW58D53/4LkkLNdpNPSmw== processed in 174ms
[2026-08-24 08:05:14] [WARN] [db_pool] Transaction payload payload_hash=3VuGULEd3CB1Luvt+Y2HpSfYsQW2MZqA4D1OCTznDte+7Wp1+al3J72PFy1yWijvBUJ/iIWBecJaThRThIk8QA== processed in 217ms
[2026-08-24 07:30:11] [ERROR] [payment_gateway] Transaction payload payload_hash=Qo5ZRpHXZnyCwGHiNirA2mtQJVCOXjG/FU48X+xB1bEHe+kmE4IXi/07aP2oIl0CEE2Oq2B/D/12Dt88fhdXwg== processed in 451ms
[2026-08-24 04:51:31] [DEBUG] [api_router] Transaction payload payload_hash=KzlT/2U3QotssP3X1pc8lcyFhLk8iZKMrsM0nMZ+NCjR5RyCyCz4A43TuwmidDig6BlUUT5EoNgDJZ61JZ/blg== processed in 12ms
[2026-08-24 02:31:42] [WARN] [api_router] Transaction payload payload_hash=OvE1EYphtMyNwHshLyNNYaueAeajQFxe8tKbLZyYC6A3NKzrMnaEGlBPaS0Q94gB0N6AhISIKILc9sc6KXpyow== processed in 89ms
[2026-08-24 03:14:29] [INFO] [db_pool] Transaction payload payload_hash=CGcjLjo70f5Jr24tPgccdNnf3NL29JbRNPVFYY/0y4YOuHkQitjIoWG9UAiluGyRMbCA2fyO4Xk/SkOal5s+tg== processed in 159ms
[2026-08-24 06:25:07] [WARN] [cache_layer] Transaction payload payload_hash=ljcJflwIGVp+m2CdYPsUJciBX+aLCUQLFsdEwH9/xIRNSIt3v55BQSQmNOJkOEdeydQJkVD1DU3pjSEPDn77fw== processed in 32ms
[2026-08-24 02:35:43] [INFO] [cache_layer] Transaction payload payload_hash=f98el452orLxSfJUcqozKfwO1r2ZpIqfpqm0tmnLgf371JlbABFBXs50C4NKgsS8pEMDT10Net6aO+Mx+EAb/w== processed in 179ms
[2026-08-24 05:40:46] [INFO] [db_pool] Transaction payload payload_hash=LvXM0xVUlN9rucl12h5adQgoRmW7RupX+0HwUSd2vOW+6FcDH+DOW1tUSJNUJUSUhyS9KtwrlJ+RBbjUjPRpvg== processed in 284ms
[2026-08-24 04:56:19] [DEBUG] [db_pool] Transaction payload payload_hash=xNEVGtBs4j3/1F1Z+ul5wIimBUz0Mc1eHEWGsJQQs/dQ4Xj++gZnA7XPGVQzKFjTW9YNhfJf4Cb0YSuEhN3Mbg== processed in 325ms
[2026-08-24 05:26:32] [INFO] [db_pool] Transaction payload payload_hash=aJK2dFDpU/NOIwl2EGU7PctauLs0XJbPiKSKMqmJvaTsZa8HBQx48mVEFjpOJ8VGKszLBCk5IpuXVodN+qqOhw== processed in 36ms
[2026-08-24 04:44:26] [ERROR] [api_router] Transaction payload payload_hash=hFIL3vHdi2SisiiJqMAZavu8xiMPFW9qj10hMpZAQ69oW2T3IvDSu7nt4+qrpFNtAFYSmay8w8Ba4yx62c8NfA== processed in 224ms
[2026-08-24 03:41:59] [INFO] [api_router] Transaction payload payload_hash=bkRFeQ4/OnHACl6xwCcM5OjjbpaeTzlU3fjOmb3pMtEzBS/i2e3OzsLfUXzzCs4XP/Sh/V+iuwZzkuDA7NuK4g== processed in 103ms
[2026-08-24 11:18:46] [DEBUG] [db_pool] Transaction payload payload_hash=XoEI1qd8A/0mabPNnzk+qCeTvQ5hLX+dAKat0Iocl/aZOZU0hfpawOSOLRQXio9TP8KXlz0XojwhuwBgbWXCEw== processed in 211ms
[2026-08-24 06:43:28] [INFO] [payment_gateway] Transaction payload payload_hash=GPOqlMG9PucYcC5mBlPUH/sBWkhTZINsD5FOrt8YS1BKD0wT2JnQo6QgotanLjTp+lXuTjc6zNLoYxWePo6K1Q== processed in 116ms
[2026-08-24 08:52:39] [INFO] [payment_gateway] Transaction payload payload_hash=9HCzz7hD8v8QKF+59v4MgXsvjVNiAZrR0CLoQtGRSmbge8X/94pezR4ziQfk/RUyHMETfiSocS4kn9lnA/1sTg== processed in 265ms
[2026-08-24 07:04:55] [DEBUG] [auth_service] Transaction payload payload_hash=4BjJsLGJqtpItZUD3ju7Rafu1Y15Dj5bPBACFk3PaMzQHjzOdAFp2GBBSqzVcfzNk84F2ojEY/7oTbzJhvD55A== processed in 359ms
[2026-08-24 04:36:32] [ERROR] [cache_layer] Transaction payload payload_hash=asZb1dA0SdtFuSIzjUE1CyNY6dER1DJpZvOUQRJqmcye12RYFCZQShgjbU77sCKrqe2B7WDP8rczHaH+PozJGQ== processed in 16ms
[2026-08-24 02:21:53] [DEBUG] [api_router] Transaction payload payload_hash=YGXaWj6Z4CyYlmB/CUacHr0tzTvlalo4crzITm2I0L/votis1nlv/1uPSIBQN8qM5oh5HvzpefdaW6c2/2kkWg== processed in 357ms
[2026-08-24 10:44:28] [INFO] [db_pool] Transaction payload payload_hash=l6cTLA6w1U7o63pVUN4IFIw+9teySw6LAQg42NJo0NsWuOtAWIhLN6geU9QJj915nIjaSzB3BZLZKoSTKG8aGA== processed in 464ms
[2026-08-24 02:57:43] [ERROR] [cache_layer] Transaction payload payload_hash=E40WSt/zQYlA0ccc+qyifEBJS4Z2/tEHT+aRbqm3gSK7qaqgEaHhlKn61wruNEQF4yoTqXwdW1tPrIzHzGZ6vA== processed in 398ms
[2026-08-24 08:01:54] [WARN] [cache_layer] Transaction payload payload_hash=1YMOrNnU6rQEMBZ9oALPlmKX9D7BhpzoDzsdIpozzME0DKhCN5Yp7RYDgvgTGM3ida7IahJj3Lv3Rjrbo2VGug== processed in 87ms
[2026-08-24 08:53:57] [DEBUG] [payment_gateway] Transaction payload payload_hash=4EjGBLbnjFvf9FgMNbcUEmACqqbhUKIgT8kzPV0+UqBYqqWE7bB7s8GrFWSdIOn5pcW4jDK1k5Ip8BjUFzBSsA== processed in 41ms
[2026-08-24 04:36:36] [WARN] [db_pool] Transaction payload payload_hash=sh/OHNPvLMq9p4EoxC6fFiiG8e/upww573OBQtq8GwR2jQ/vEEUxxGpl4eZlv05bLFFV6QTHqvM5bjHY6TNXcA== processed in 64ms
[2026-08-24 10:59:35] [ERROR] [payment_gateway] Transaction payload payload_hash=+dp5/T86sg3LhXav5dADReN9IeWwGN6o5r+YVx22JwgCYRiAWwvFjbZ1rEMYSDZXXj6N6gJ378JdoZxHJs9I7Q== processed in 357ms
[2026-08-24 04:37:03] [DEBUG] [db_pool] Transaction payload payload_hash=55k1G/rRWhKI86AxH5aESX1mJXSVE84rb5llZlT/jSXdmPYRhgGF9vIaCctXpHLJhImdyw1jo8uRbBYH0SoJ3g== processed in 55ms
[2026-08-24 03:19:54] [DEBUG] [db_pool] Transaction payload payload_hash=v3r6U5dTIQ2yUbj6MEUJurahwRaqyF2u2ooe2RDu6qPd0uYjHSj66atAVdvrWuGtbf87JLtVI6VB2Sf/Z5Ixmw== processed in 284ms
[2026-08-24 07:14:01] [DEBUG] [auth_service] Transaction payload payload_hash=EI+oX2IAMQFfBB+oEMtYP/fuzpMVn2Ivp7An5Lg20XRAQkrnZHaPxKbfd9Qzb+ZVHRCWMbGU+0UhR1vzOud57g== processed in 333ms
[2026-08-24 02:20:32] [DEBUG] [db_pool] Transaction payload payload_hash=SEWIKKh9XB0HCUjqKKSRbQ4rWZaYqFY9vtmtRDLXVs3Hdg9c8XCQAFiIwpyNJIoYGCga/oyVxTaGS5uI3goeSg== processed in 199ms
[2026-08-24 07:05:14] [ERROR] [api_router] Transaction payload payload_hash=NVp9Bu7ynGs7A3T5vIw9ZZrl1MKdiJzDGWkq+iPKJcc46nqE1USZlWCqY+/Hym9JsHy4VESV3N+vb3UCw7Lgsg== processed in 212ms
[2026-08-24 06:48:16] [DEBUG] [db_pool] Transaction payload payload_hash=7nx9JU5eiS9rj+k0RDVprDVRKNpxuokrBOiRer1bwkAwOH+0951FHzCS5r3vpy45VftNE4A+yhEu8fUgItbX6w== processed in 231ms
[2026-08-24 06:15:55] [DEBUG] [api_router] Transaction payload payload_hash=WUp6NLYeqhswWH4ydvUqgZbWhmzC4/6Du7LysqbRnCsm9kWu79VyfjNfuo7BsCsMqjjEuYVf/0RKEAPdXuwy7w== processed in 242ms
[2026-08-24 09:01:05] [INFO] [payment_gateway] Transaction payload payload_hash=IIniJWPlNazv/hAhxX1Ohw3A23aGpOSdo5eztYgkgb/1WHgSFjeda+48s2YSzGfP1XzOB20Z507PjRtaB2afrg== processed in 266ms
[2026-08-24 08:36:00] [INFO] [api_router] Transaction payload payload_hash=7Se6eSZAAJmBPFOmLZalvfUbkco5m5vHHSjLedKiecsPZjr6hKg7t9NpjZGXj3cvKBjKn5bvs+FCuCMulGgFjQ== processed in 322ms
[2026-08-24 03:42:33] [ERROR] [payment_gateway] Transaction payload payload_hash=wzXo1OimXTUCRhw3+PBgHnUbrisc9Qb+BxxGuLgvQAn8NpUhCTq41gS9kAI2zzxHjc6sY4dMXidzSu64EYoDGQ== processed in 355ms
[2026-08-24 09:49:07] [ERROR] [api_router] Transaction payload payload_hash=xe0+hEYwGcmvhuItKiNQQtJMpkem+Gun+9dVYYLcmH78QIQGb04WbAE2kgTC/zlN6mgBRw1ES0NkSR8nPvR0Ew== processed in 106ms
[2026-08-24 08:04:27] [WARN] [api_router] Transaction payload payload_hash=HydXtZYhlIXbSsqe234FLEnrYisvf+IBWtQF3sjg9YuiNlETAge++Ly7W9lBHZPMQS9cGQc+CPQNjfpAChbvaw== processed in 492ms
[2026-08-24 02:38:36] [WARN] [cache_layer] Transaction payload payload_hash=TvqvFxnW1wQzzMM3TYWBI2p105zS/KZMueP3hH5+LjcGW1lW/dDPdP4iPIeK1DFOJiBCAhGKi6rTv5ptvCoqCA== processed in 83ms
[2026-08-24 07:30:15] [WARN] [auth_service] Transaction payload payload_hash=rGXAAdA9Ou9JRm5q5JKefb7R9XfXjeiLEewoefsJu9JVbkWsDDRIsJUTLlzV2ljfim7Qa7IohvFUTEdL0gs20A== processed in 319ms
[2026-08-24 08:45:44] [WARN] [auth_service] Transaction payload payload_hash=0V7DpGHyExjs6pRhpmK80e65UbGWdu1+/FTqayfxW2BnxFB5dh/o20mbN9rfOdJqCHkDJUMBZ26k3ol8W/1ydg== processed in 490ms
[2026-08-24 05:28:03] [DEBUG] [db_pool] Transaction payload payload_hash=IErgFdnyK5hVfDVwOfX1+5g//nCQNiA6F4CbocJhxkd46A+1DRIxAB/56beKaiyfqeEEgG3k9WWKYh5MhXp0Xw== processed in 419ms
[2026-08-24 10:43:13] [ERROR] [payment_gateway] Transaction payload payload_hash=K/PQccVcwTwsbQS8VZJTosdLoOoZQk8e3z3+uG15Eb4XKek5tlg/IaG/lSogLBNhM87RIHFZHzXGlBiwxYDVRw== processed in 477ms
[2026-08-24 02:26:41] [INFO] [auth_service] Transaction payload payload_hash=47MB3p0UxjkbojqUjrbQMBWjO8o0x4HkX0NjZw+ePyJrPCKBtXQOzNdiWNcj0gyrulHwgt5syujz0cPWmM7G/Q== processed in 167ms
[2026-08-24 11:14:55] [ERROR] [cache_layer] Transaction payload payload_hash=xDUSyEs8Bp6IEmJ2Ey/HnoRrNv7jPowtkYb2EpKPvVqxmp+BPXxa3wD2K3k4yDRmy89J6Ou/06WE3ItZHeDZIA== processed in 84ms
[2026-08-24 05:34:53] [ERROR] [payment_gateway] Transaction payload payload_hash=JwNdZDgF6nr/IrMU0m1zslQ1RskiunVn/wrwNvQHiADzPkxHZIQmZ5TEOHAyartPtL3jwSz3KdoeTLfm2KymLQ== processed in 385ms
[2026-08-24 08:29:38] [DEBUG] [db_pool] Transaction payload payload_hash=uwDCYDk9Rr419uOZB/yUEBdSxl7FPVk8L0Uj3mEawTLkszs7GM1TFUQidfV8Hb5DETdlWg2ZB+MysEWs5vi3EA== processed in 446ms
[2026-08-24 10:31:19] [INFO] [auth_service] Transaction payload payload_hash=Cel/oypYhMc6yqbRfTgUvOUshGw9llr4qDjTR2DcH+8Cwx63rWPj1lS/q65YIIFQQo0C/EvhTdxFdGcEZ5bERw== processed in 491ms
[2026-08-24 04:04:40] [WARN] [auth_service] Transaction payload payload_hash=Oe/yST5abS1LZL4622jM7HIfnaZ607WCrDsZQI9j8EGmb2CzF4aqir5MyUUzY4ssDotJXhto1qGryrAygNKE3w== processed in 240ms
[2026-08-24 06:59:55] [DEBUG] [db_pool] Transaction payload payload_hash=mIY0Kvt0WeCuXZTxV8RdO6zeRgsTk8OsnMGbD0AmAIO0Q80bKFq4pj+h2aEhoh12L5SeHuegmrmAj3YeZQ5Gjg== processed in 237ms
[2026-08-24 06:37:49] [ERROR] [auth_service] Transaction payload payload_hash=XzYVrNWiM9vAxMtIqp38Nt8+ytRNh7GjECllCugVCzLvm0rCZQinRNe9i2N7UG3kRueAN00ALYgZq4cR44GALg== processed in 296ms
[2026-08-24 10:12:29] [INFO] [db_pool] Transaction payload payload_hash=TZNunVczRM9EHlMMvyARubGUhD4q6lyQ09rueWgj8p+sHpXTjcXTD/8LjjyJgM+eha5Mp5VfKaqGupLAfZV+lg== processed in 119ms
[2026-08-24 08:06:41] [WARN] [payment_gateway] Transaction payload payload_hash=cvfDw3vRjbTLZXK2KWQdF+9cItN9zkehiaAFxW5LzhLKvuIVrRh2yQ00mA7PuptqHvRi8rukHazTYw/0V8pxRA== processed in 71ms
[2026-08-24 10:16:56] [INFO] [auth_service] Transaction payload payload_hash=rANXV+kLYaXkaCY+K9BFy0dmovreyZyCXtRAvrJ2bPD6nAK3HR4cqdenEw9NXEDdQ4DasIOsGDDHnaRcNMIsOw== processed in 472ms
[2026-08-24 08:50:10] [INFO] [cache_layer] Transaction payload payload_hash=JwJf2Eo/3jLmvgsjPRVmEfM69t9k0PmMMoysnD7wT4CR2VYdLsFiqtAbkwMvKZbi6g6j2CARhxxVPjXOHCmbDw== processed in 178ms
[2026-08-24 07:17:29] [INFO] [auth_service] Transaction payload payload_hash=lJ0PIaXe2okgSl7j1NS1usni/KBhrUpAdZZVS8yfwm04ryUfHBbRCPM6m5rjPyoRp3JPo2CUMCjdFEMWNr+q0Q== processed in 108ms
[2026-08-24 05:46:11] [INFO] [payment_gateway] Transaction payload payload_hash=HRy+chpVC7dj6VrUo6xpw19tTuwCfKHHH8r4FbiTtlO7lBIEsYLEQmPinnLqmy2nzo8ew73Pv/Gdwn5UgjtvlA== processed in 449ms
[2026-08-24 03:16:16] [INFO] [payment_gateway] Transaction payload payload_hash=9WPVAVvySHVHAlzWaPaX67tyI7ccRcVT8EiI/DUOAKsLLr52oA8kRn4tyIIPW3piL6tk/t6pB6PWi+UTV2JGdA== processed in 245ms
[2026-08-24 09:01:41] [DEBUG] [db_pool] Transaction payload payload_hash=aoA/EIbERNdZd6xQZ4R/LbtSlyssB9BVnhK1upqLPkJIA+tPxdWVJ5D3Iydb86F4g/fiT/ihc/KxuheTkdsYTg== processed in 173ms
[2026-08-24 09:31:22] [ERROR] [payment_gateway] Transaction payload payload_hash=cKqCpvzO0VfLIklCaQ5ztERcMbmwypSEmJHd+FfVT3gwyU/RLvT7/iux9My8MvwVzFkTpN1XZHkc1C7KwpJn2w== processed in 335ms
[2026-08-24 11:01:00] [INFO] [payment_gateway] Transaction payload payload_hash=oI51prHPpdPznLEz1b4Y+Dg2p0mVS8yJYooedeBsLPxrxJp67Oblb5uofB7Ew9N8S0JZZkLu7SqIMWSspXSuAg== processed in 364ms
[2026-08-24 07:43:32] [ERROR] [api_router] Transaction payload payload_hash=5bg6TzHMztuxNnI5IhqD3r8wdKlz0KCT3wufYFeND7c1/lsWnPTiOgpPY9PjpMbov/lVooRQJnsn3M9fY/sGww== processed in 90ms
[2026-08-24 10:17:16] [INFO] [payment_gateway] Transaction payload payload_hash=yFPILwpTvxwJajjLA2zjpdHRQ1WrZRpJhnvB/pu/stTBQ6rC7ujZFbMISrfE5ZEc9XWYJUl8cHvxogzdO0bjPg== processed in 140ms
[2026-08-24 03:29:07] [WARN] [api_router] Transaction payload payload_hash=mHIxvsp62ZoI/vvfWUk2RrUPXu1/gZdClFilmov6NPgxSX7XY3LeMOePaiRVnDOWByeIfToDefffh/mmXBAYMw== processed in 482ms
[2026-08-24 10:17:10] [DEBUG] [cache_layer] Transaction payload payload_hash=yHCfge/mGwKzKjvW1V0wmwMWgAUlfV2YGHqUfqswydvRKLkPiqHv1W/mzLHTG+vpFkf2AqjISe5w3iWqsRqSuw== processed in 431ms
[2026-08-24 09:17:22] [INFO] [db_pool] Transaction payload payload_hash=/QMpKc+FCxnkoagJ4S9xsqVQ0GUgrWQTIJdsIA/ugmH7/4SmiwK8JpdCf1yz7G/U2SPoQI0YkJf93gcjHYCEUA== processed in 403ms
[2026-08-24 06:54:25] [INFO] [payment_gateway] Transaction payload payload_hash=wtdCILpPdr7BL9a0Myf35b4Il8D8DjrFFyB+miUm2VPjozwBLCqS8J/ouKIC83Oz3aYIwjnqZDzci8fGTWqWlw== processed in 133ms
[2026-08-24 10:16:19] [DEBUG] [api_router] Transaction payload payload_hash=WWgsnlzCco0vDgTerI5aIEMShl6TIWtLFp9+WpUf9mpl/xzqBEDXh7dUvLONqUruhlwj4PPCFhfZMmVhlgkeeA== processed in 483ms
[2026-08-24 05:34:57] [DEBUG] [api_router] Transaction payload payload_hash=QoLItxj4OGXTwAhNqmTpeEhL40uu6smOIuhx8hsZrJVxtvWExVApuzvyu3A4dmyVdEah30OjAz8tr/SIxyHhFQ== processed in 54ms
[2026-08-24 03:31:54] [WARN] [db_pool] Transaction payload payload_hash=ryCvAK4JLvheQBHe8O247XaaCrPtVIX9dprPYWVtZbpX55UmgP6MfWy3EXzI+CoGmXeftXYgQgsCLOFi/qWU3A== processed in 262ms
[2026-08-24 03:28:17] [WARN] [payment_gateway] Transaction payload payload_hash=N2drTZtH89fiDgy9iF/sDu/3c2AWjRYvWPVIUt26aaicI6t/rnuEzZY1fbJGSJ0mONfwxF+qqV+U8IvquLEfzQ== processed in 153ms
[2026-08-24 06:11:51] [INFO] [cache_layer] Transaction payload payload_hash=WFCFTgH7bkf5YxTSNWXIXE5Iw8whSEwIMBeYU5ltJTPuP4mFWqm0K8wr2QtUhmn9MxJcvXdTWlAXGD2rjppR3A== processed in 309ms
[2026-08-24 03:04:14] [WARN] [api_router] Transaction payload payload_hash=eI35ciErnJ8fpoVsAoFqmXR0NYbhbU8QoqcKuyBQaJL4kB3zutBWaEG8YuRCnGQJ5e833elGRJYlEQOv7eq7Yw== processed in 87ms
[2026-08-24 09:52:02] [WARN] [payment_gateway] Transaction payload payload_hash=svvf+lTSpSyN9jojbKgyToWfhOYpZpWGyE0ElsL9x0krWOg4iRAwqttHp7lWRAMVUTH4F6C8G+eMRt3C25e1GQ== processed in 406ms
[2026-08-24 09:01:13] [ERROR] [auth_service] Transaction payload payload_hash=t4Tv2WgwUXJzFotKn2HgW1h4Q8iGQdZy74eh9NYY4GBTq88e/26pldffoR/5aFqW042CjE8SFwxOdlHEfDd/Kg== processed in 139ms
[2026-08-24 08:57:34] [WARN] [db_pool] Transaction payload payload_hash=fuNli0V24ezqVSlJzKo/wmT+8Pm7GM87Och3r9Fn+aGXhjYtVUCegCOdL7jxZVhsMldrL9Ihjgnk3wvvjMbFZg== processed in 341ms
[2026-08-24 09:22:55] [INFO] [db_pool] Transaction payload payload_hash=1gRS9ron4Ub3FgaY3tfWStnJsLVJFDkGwP9g4CJl6P/tHKghtmXez5iwHRAsEs3Bp1H2GXzYSSmIrkihps8sww== processed in 199ms
[2026-08-24 07:30:24] [DEBUG] [api_router] Transaction payload payload_hash=x7AXW7zHSG7OKmZnI7uT4XId8yBwmk8A+ZtGHrWGwXf9id98bPAlcs6p0UjEJQZHyovCaxfiiw8nLNI1oHinjQ== processed in 215ms
[2026-08-24 11:08:55] [DEBUG] [cache_layer] Transaction payload payload_hash=Wc1vtWVRQXG7IfOBpF84tLNkdZmVmqYmcSZIhZbPlfbMFQ/UC1VciRYOqow/OaySZxI+YddisWjFev43mX+6TA== processed in 53ms
[2026-08-24 02:30:33] [WARN] [db_pool] Transaction payload payload_hash=iwC78qwTsx1HXp7IW05rUyZmgwKj67LXYh9crYcNF+WkP8tLhyTrfdCzSsf29CnxuP6/QY2rPuBh+dMY6g2LTw== processed in 5ms
[2026-08-24 09:38:09] [DEBUG] [db_pool] Transaction payload payload_hash=/bgxy7jIOSVlQdi/l7uj3GEKJIUrE6ZbPazdlChUZzdLK4uMxMdrmiU9KnlnuOyfvVyjXFLJ6HISNeaPE6CsPg== processed in 118ms
[2026-08-24 08:01:38] [INFO] [payment_gateway] Transaction payload payload_hash=B6+q/yXBYA8RpSm9XEPHJO7sdDYza4XaqwpJ7PX6LCo/gpR8IArdFIq5tP+yB4TTqK2Zbrxn7bazqVUjoBqzMw== processed in 468ms
[2026-08-24 07:41:38] [WARN] [api_router] Transaction payload payload_hash=LrwIYbMCYnL++m3E9vFIS7E9PyoXkywVe73oEOK925YlShDA4amJIrizmdhyaxrkhxwfXex3MkCah4hnUFidKg== processed in 13ms
[2026-08-24 10:42:31] [DEBUG] [cache_layer] Transaction payload payload_hash=c5Su2ld+hNJ0PERvW94TttPX5GRQUjPXcfuU/IGcb3MdZ+9Xl37tqrT0EpdLMg7Dtx/IdanPLjYGlu3L6lVJMg== processed in 59ms
[2026-08-24 06:45:21] [ERROR] [api_router] Transaction payload payload_hash=ZCLObUtcaW/nV/kcBW9zOeepPKEG64xsa3MFJdZSkA585nR4pZGFGThnV8vHwJLHpz9pP8TpfFLTfzXoYjjTHw== processed in 245ms
[2026-08-24 06:15:48] [ERROR] [cache_layer] Transaction payload payload_hash=XXVYAzGQSpp3DD8EmtbmGajevaBpk/vYD9YIEBRHE0M/mbQIyjfqJk0wJlKX44GRCea9tQ4CQCFlRmJeIQXolA== processed in 38ms
[2026-08-24 07:38:53] [ERROR] [payment_gateway] Transaction payload payload_hash=JJrLSh8cj0bkfo+bZEcSp3XZrA1l04Qd/XPSnd6cFBcYPNdlu70VA71wG/nImpR1bZi9lvZDztrqcbFy4qmG8w== processed in 132ms
[2026-08-24 09:07:00] [ERROR] [cache_layer] Transaction payload payload_hash=RSlfQq+q9IkfB2uRV8w8VFLdm28xk0IWsn3Zi8y08bO4SpUume9aR2eBYPUAiSVYQWcQqfg36rp6Kbxuj8ZrCQ== processed in 60ms
[2026-08-24 02:52:24] [INFO] [auth_service] Transaction payload payload_hash=J3/uTtWtygX4wRWRZh3/A3T4/a2Ogv1gM5FiED2sz+gTe/cTZN8qHghGH27iTg6/OiacnXg3pdWNz+M+verkcQ== processed in 207ms
[2026-08-24 04:33:52] [ERROR] [auth_service] Transaction payload payload_hash=MjZ48Ymh5gSnpnxVFdOBMZDRhZlfGPIsA5htPu5VKDmY+qILjLs786vTHBtu2PFL7gTPPHvUnK3onQmz1Zt0ng== processed in 285ms
[2026-08-24 05:39:55] [DEBUG] [cache_layer] Transaction payload payload_hash=LGhVZXeCgFDy1psxKKQrbWklzdQV3c8rRgbAOC9m7BiKOkUi5TZhOrz2bzJZGZCs/kQRZdVF62AGC8iPHJ1mOQ== processed in 294ms
[2026-08-24 04:23:56] [INFO] [db_pool] Transaction payload payload_hash=bICGtLPai839D0NgN5wxw6VQMOxQVHYRDQOKCjNOV6aMiO2tYioTC9ggyRu45b/QBJCnQzmjhNsPbwbIlVeOyg== processed in 315ms
[2026-08-24 05:10:27] [DEBUG] [payment_gateway] Transaction payload payload_hash=FiIvxlqR6N4r+w22FoCL4C7QWJ2BXyHNMawDKET9ZCLcmi4xRuLYinokomHviPwhtIMBWxK5Xx+PgtGNSt1bwA== processed in 79ms
[2026-08-24 06:51:45] [WARN] [cache_layer] Transaction payload payload_hash=9nnRVu8ALjRFaC9L5mqkeqauGNusp7XDQq6GmJgvpL5UrHusQp+Gf2whsTQ1Z3YNpKT2VWHq/rvLEDMGvrem/A== processed in 484ms
[2026-08-24 04:53:41] [ERROR] [auth_service] Transaction payload payload_hash=uTc9j3GGqBYxODIrwmbl8ooxoroCGEm8n/y/Lj7Yqfb8TngdSZnG3ZA/D8ZO7Vajtka69EDCKGttJk0UUTQX8Q== processed in 42ms
[2026-08-24 09:50:25] [WARN] [auth_service] Transaction payload payload_hash=qVHsIqd8w4o2AMEtvaIfFXmmB4Sqe7GBNlDTSIum1AIUw8+qWPdOHPZaN0VARxZpPtDaDWXLNA8XyylxIl/mAA== processed in 479ms
[2026-08-24 07:16:33] [INFO] [auth_service] Transaction payload payload_hash=/4+a6NRJ1/EbKILlolZ1q+fHO1Aq1hG6WGSpjb7JcDdvfn37v3VTfgG4+KfOlxo/jen8CX7cCQIGKtQDE7iVHw== processed in 363ms
[2026-08-24 09:09:35] [ERROR] [db_pool] Transaction payload payload_hash=/jo5UiBenpyjcbW5zG+gCAKNFVI9uBHL6D1lFEXrGu+lhlZO7hejTQx9WvcIwsGFBrG2FsOTHe7TKOVBKf5IhA== processed in 111ms
[2026-08-24 07:23:42] [DEBUG] [payment_gateway] Transaction payload payload_hash=M2vjbBywvAM46vvEJLMY8S1uVWDMUFjGYql+AF8+Bnm/sPRQ77p03dUZco0NMwNZVbxmNJsfjDPfPELl9eZwjQ== processed in 232ms
[2026-08-24 05:38:20] [WARN] [db_pool] Transaction payload payload_hash=YZ8IeVwtFBH8Ky1ClIJKsgpi7Z4BL+xQ9hsRzKXLwLpMgfldVHnWm9WmMH2pUIlQeF/+aLZ58TEVRLI8MKP+0g== processed in 19ms
[2026-08-24 10:49:26] [WARN] [db_pool] Transaction payload payload_hash=r5EqZzRAJqMFQ/4TFFSun1FqtwbPiD0F1Q569kxK9gxBIpChWQLP6Vfxwa6KpARysCS/7pjEocJxPdwR9ryUnw== processed in 230ms
[2026-08-24 04:31:45] [DEBUG] [cache_layer] Transaction payload payload_hash=b9A6SHRs+Dgch4PbUgdf2ERdmepUsWplhruupMQOaGmE0WbeXpj549LDXYIBMKaNvwEaUoCZZTuMsLMKA76Ptw== processed in 53ms
[2026-08-24 03:43:26] [DEBUG] [payment_gateway] Transaction payload payload_hash=AgV+nizRUH48h0cQvdpHhLqGjNP2EJoZg+qzijmILoZw+Tzdy3KObDr/IswS2Hzo9sYJXC1UG7IcESo4EJMnyA== processed in 273ms
[2026-08-24 08:24:26] [INFO] [payment_gateway] Transaction payload payload_hash=1GaAgysOhjMV22CpiNBt7+CAdaBYhnAKHH27iU8HxggH7uD4EklTBlO+IaAUQ/AZcbGCoYHyCfrzLyEPsQZcmg== processed in 180ms
[2026-08-24 10:31:46] [INFO] [cache_layer] Transaction payload payload_hash=a1Gp+MJzX6xJqkNueSfoV50SUXC+qOck2b8IwsraWZNgJ9U3vlp+gDsZ87iDgDMLO3/MwtFSuosnXznHhWH6/A== processed in 322ms
[2026-08-24 02:44:27] [INFO] [api_router] Transaction payload payload_hash=tQQAVXixlWXOYU9lDlhNmPsQm2a0y6jgWz15VhdLdcre8a4HaDXQnY59v/B1lPgDl4U/zCWR/D2OeG3xyvzrqA== processed in 256ms
[2026-08-24 02:51:00] [ERROR] [db_pool] Transaction payload payload_hash=urxMIxOc+qD8/oi8E6TOZnyxLk0qD/YOu7lGUkVpKkNc7BcRY8YnfFhxlv7No1vsvNqEzuia3r0LfBP2efLbKw== processed in 296ms
[2026-08-24 10:06:51] [DEBUG] [cache_layer] Transaction payload payload_hash=XKzXSX1Qrdl3c1+Q/9cgHrHc5gL8AHiSAsuh/0G83GpK9EXDnIodzDXVNTIz7S4FbFStN11DmC8ck0EZt4bLIQ== processed in 325ms
[2026-08-24 08:16:49] [DEBUG] [cache_layer] Transaction payload payload_hash=pjj37xOPgXKESi2YhukqPlPr81CnMHX1Xc++ltIxxGovKu6JbHmrGwTS/skKjiGot4A85EAvz1nfBF4NcoMiZQ== processed in 46ms
[2026-08-24 03:20:44] [DEBUG] [api_router] Transaction payload payload_hash=g0ackc44QUSILOy2nnrvHvOf7BIitZ+Icz3wGpNbH1USBVx3lBsMZDQScWwQthWw43Km1UshFMr9HCJPF3np9Q== processed in 12ms
[2026-08-24 02:33:26] [ERROR] [db_pool] Transaction payload payload_hash=YJKIsBJuO72QsAxQ9/62DM75QNP9TBvrNwF8u05Xkn/3XtojKBfouW9K4yrMYAhrOqW9NiIDA+QWcLBsxkWkrQ== processed in 230ms
[2026-08-24 05:33:02] [ERROR] [payment_gateway] Transaction payload payload_hash=BuzjJdrYfNAPdvTy7wBRFz/SADB4eSRurpU64Y+Bs9/vLSwsc49JNFZtkpLXiZ8hFiT5d9OyhhduFN82kYv9DA== processed in 198ms
[2026-08-24 10:38:17] [WARN] [payment_gateway] Transaction payload payload_hash=whK4QDKuGT4AE+y646i7aE9E7mBKMrl/KC1vTmKbRf4COX3t05phKTIOGthM54pTSfHiExgVKlYkkPgXXXtRng== processed in 414ms
[2026-08-24 09:56:33] [INFO] [db_pool] Transaction payload payload_hash=LSvWko/o/hyTE6BaFXPdZoLu/3s1YyzTg1JMARcbm/otly61nQgsNkleNTPT+GpTwSE11YH58yp2ckLaHJ8TwA== processed in 310ms
[2026-08-24 07:00:48] [WARN] [db_pool] Transaction payload payload_hash=yBUDx2VXYFRe0zuLf9sfGiYgWpHHelHRbNTiKhBneyPL9NoHgZZ1KzfB6iBm4BeD4HSOXL+nbHAMp/7lzKJEkA== processed in 411ms
[2026-08-24 05:29:25] [INFO] [api_router] Transaction payload payload_hash=0t57vOS5SVyUdalgelJZP+2n3Pg8ImD9cwcPbcYnn+jCny+FQ3E+wfDM3Hi33597+6P9e3tUWbO37ycQ/BcQ8g== processed in 371ms
[2026-08-24 08:53:38] [WARN] [db_pool] Transaction payload payload_hash=X16Q4Hb6LpLlwkR5bGAdCof/aSwqgkRwsavkw1rV0FSHxlhNZj0P4ALQgzm8XtqnX2TXvXOsvInZ+cK42pW9Mg== processed in 407ms
[2026-08-24 04:13:18] [INFO] [auth_service] Transaction payload payload_hash=1sb9IdZS/b55yo1leOsE/B2lZqIcfN53PiQDP2c1bXkm/najooN80asmHMXNId7gDjiqTGvBGQxlxmTeK/6tjA== processed in 436ms
[2026-08-24 06:17:34] [WARN] [payment_gateway] Transaction payload payload_hash=UoYg9ukTqoIYxUKuDiRJaS30AyrU7vw+3lPQXYC7Tmuw5BnPuYa69o/mREOwzbfjOLisTNuQuqxRrpn9uG6mxw== processed in 73ms
[2026-08-24 07:32:48] [INFO] [api_router] Transaction payload payload_hash=D6aBmpCVImH5BnNRwuiXVcB+vBm65O/+P/QncOb6f1kMQJ9Sm9OArYvQ3tXpJQEdkvG05/zLHS1NEUKGPyKM3A== processed in 402ms
[2026-08-24 07:24:46] [INFO] [cache_layer] Transaction payload payload_hash=n6R9Cc5AdhaOq5waZd/KJzBkgIMOP52x65EAD9V8awIZ0u7L5wEZcLw7ZTc6rO6A5A5KXq8WSzBTHFP3zorf1w== processed in 115ms
[2026-08-24 11:12:30] [INFO] [cache_layer] Transaction payload payload_hash=gN6kgIWAAEqaBj5sS3Whe6SCCTS+FT6HN6qGic7XAnHDCgsD7s/LI7Vm6SKzbumTVyJNXpJ3a8Pcfs5pZx0hJQ== processed in 361ms
[2026-08-24 05:58:31] [INFO] [auth_service] Transaction payload payload_hash=wQLztYq+MSuylVqbUYImW5XkifHI5/tP002dAHJpbnHgabRabIgrPw/WKy4INSsivGq6Nyx5rmt8cvQb5TOOTw== processed in 27ms
[2026-08-24 02:49:53] [DEBUG] [auth_service] Transaction payload payload_hash=Q3PK+kkkwQ7A536K6hyKtKrIc15mVwipJ4uXlMmyvQBZQIZVu9lhzSqIw7tIcTAi09bUSkKDRDodfzBfhqJSjg== processed in 142ms
[2026-08-24 06:40:18] [INFO] [api_router] Transaction payload payload_hash=nswbzLT+qDWBvMSikLxgE7YDA74vfsNRDR/zCJ9JD64O1nIVB8ZvDicMSjRd8KDyNdoZ0bn8pqDRWUiui2XPBw== processed in 464ms
[2026-08-24 10:52:10] [DEBUG] [cache_layer] Transaction payload payload_hash=wWF9s+rztEgA0m9zcFuupdyT6eZmPsupyX8v0JRCgHUQbFHYyU8XPenWAKvAmvb4cBoOnGwUT2lKgOY9o5Zqhg== processed in 89ms
[2026-08-24 10:36:28] [INFO] [db_pool] Transaction payload payload_hash=VdJDgTheJ6l7v/D/IlDn5UuTGtg5wn+MPDInTFNyclikLMWa2eZ+AL4Fv4O43R9IevwY89cmZ63GtvCJ7Wbrbg== processed in 270ms
[2026-08-24 07:46:43] [INFO] [api_router] Transaction payload payload_hash=tWJDyWivnj0uPQcrffCap1hTxM//P5SQt5v1tTZUNEFB4WFVBhx5DZc0Y7Fzr5CwKpVVBeodn2x10Ss5mJfsxg== processed in 212ms
[2026-08-24 05:05:29] [WARN] [cache_layer] Transaction payload payload_hash=AeEtFeyG34JbeFXpGu5sYcXAGHirrYtjp+bNggSiNxRiPpkj+EgQ1XyRhpqU7ttxpstKQjk5omcbtA16Q5rhDw== processed in 364ms
[2026-08-24 06:55:34] [WARN] [auth_service] Transaction payload payload_hash=KrHK4jcsBINwmaBJ/KiYLytgc4aMI4jf9z76/fqRtaYiHT0c4gRRqf3ZXO/fe7cMfwiOuaZinLnBf1N3SZKw0Q== processed in 402ms
[2026-08-24 06:29:00] [ERROR] [cache_layer] Transaction payload payload_hash=xtB40NpcCmiWupfbveCv24/c5p+DG6w96txEczIOzS98J3c4EMhhW2CWP8rgy/MpDZ+XWVG0XeN6afA86XLS6A== processed in 17ms
[2026-08-24 03:59:32] [INFO] [auth_service] Transaction payload payload_hash=cGbeQScFK0UiA30JjQ/RjIMOCUAqMvUsHjhV8dC4r3vWKvQoGJESqovBhGlTebUM4ztndQX65wI92qPtsujXeA== processed in 149ms
[2026-08-24 03:09:37] [INFO] [db_pool] Transaction payload payload_hash=GUP/oQbjPMLTcdulM1U5zX7AbA31cBfbFIUfOybUeDdNzbrLBojZTi+avktFdw3pnTf09xEQrcPsJHF1z4msZQ== processed in 420ms
[2026-08-24 09:49:10] [DEBUG] [auth_service] Transaction payload payload_hash=JqG5teDlCB86gcsKXc1sE7J79gduFUg4/67mH2cndON4HTHapacQlscy6x4TSyIISrDOVASn44Ung8MXsVcQHg== processed in 284ms
[2026-08-24 03:14:28] [INFO] [cache_layer] Transaction payload payload_hash=HzeFeFgZ70mGJfskBidR/eH+e4vXcWZzgrAufLNTLNXcwNw3I2BwxrDZ3YqZPMRJ7G+6rn5RXOhcgMGRQuexKA== processed in 287ms
[2026-08-24 04:50:49] [ERROR] [payment_gateway] Transaction payload payload_hash=F+c+EU1bxv0bDXN72COUwFklnz+58xGzAIXQNl6HCLotNcacx3lPbMb4PGVuwB5nK9s372ySDWk5wrY+0FmtFg== processed in 319ms
[2026-08-24 10:56:14] [INFO] [api_router] Transaction payload payload_hash=Xal02O/H2opOzWtl/WrJYjlvLcc1EmnBBfSIasHdpXXzHw66jY+OMoBVMG2qfFhwTYpPbTNa+StQxZ6EamkD8g== processed in 72ms
[2026-08-24 04:37:28] [ERROR] [payment_gateway] Transaction payload payload_hash=zMwL+8gg4qdSW5vCdAVxNp+mlvobTX1OVRnJ2wK5IpZM7+Aj1O81hKZKXtlWKzh4TCMzMUUN2Zy3Iv9FbGlo1Q== processed in 294ms
[2026-08-24 04:19:20] [DEBUG] [db_pool] Transaction payload payload_hash=eZaFvy3mhhQfFoYt69eCBoX7SQ0/rYprMETbGFMIGZnTw30Unh6AoIdwvEEOY2uH8NSCwRHTD4xIPKl+Vuz0kg== processed in 287ms
[2026-08-24 08:21:46] [DEBUG] [auth_service] Transaction payload payload_hash=bQazeyOwvo8TUIHPArS51r3CSrk/JGOKtYjaTBds1Mj6Tz5tFLtzRbjMHc1dgmwwrNXsJo7GfwCrSv0dMypFVA== processed in 387ms
[2026-08-24 04:37:11] [DEBUG] [db_pool] Transaction payload payload_hash=fMOFyUzpP4ncSmhsr8/NhIOZqxgtdonTaD51sizsCy55lj33zGgouioCOzCX2NST3KNvm4Ws2cGxeLPwIB4MDA== processed in 298ms
[2026-08-24 08:23:12] [INFO] [payment_gateway] Transaction payload payload_hash=PDavTEJElhgCcfJLipTqgAlrGJhJR8185czwxHmxt9CM1jt4UghNXL6iHgToxJl+cM1r4bjYvpt8cKjFHq9CuQ== processed in 95ms
[2026-08-24 04:42:01] [INFO] [db_pool] Transaction payload payload_hash=qt1mIG+5uvibsszntL+Cflj/FmzgQl2XGG3yK7N5MhZTmd7TXusxlml5oyRhJKpJ5JCSiOBY5PgEUqx9gPipeA== processed in 17ms
[2026-08-24 06:40:23] [WARN] [payment_gateway] Transaction payload payload_hash=uGrkxrRI3LzTazpGl5XILW1WTDN1MnvQxWq9/tZXtWJCw5hCna6GAFZTK4SwbfoGmnAF6lTiR0kB1FkA5NV6WA== processed in 49ms
[2026-08-24 10:03:06] [INFO] [db_pool] Transaction payload payload_hash=P22Nk4Kc4frZhyaxXXm4bWku3ULl+cz/ohpFNko6IBKG4jzIB04nQlCrBQ75R5bHAUPMhPWIrzC1htt3x+DDng== processed in 286ms
[2026-08-24 05:46:09] [ERROR] [auth_service] Transaction payload payload_hash=G2elyvjHvPu6D5vQHJEBuwPVvxmG0nuDTFUEW2eDuEoplfhjh2h1/w9YoLEUBmDBVO0dgGSAlm6osYFRMdGLUA== processed in 425ms
[2026-08-24 04:41:14] [WARN] [payment_gateway] Transaction payload payload_hash=U8ajoVjg3UR2ViECyE2Rr5mQYjTL8Jji+DkcBUxUj8LVkbjlsVgm9gTtvLCpNKshlBYCMzMUTA1CYfqVQMD1UQ== processed in 200ms
[2026-08-24 06:21:33] [DEBUG] [cache_layer] Transaction payload payload_hash=Ht7Mxb+7WWaf6BLIXAbEQxlP99pcKsJ7gncQZDHM/KPAc64TNUPiJFywkxJCgr7yd7P+c+hWbju7YQAj7NuLZQ== processed in 63ms
[2026-08-24 02:55:09] [DEBUG] [auth_service] Transaction payload payload_hash=g6iUw0pqgGcwzSBv5SJ5hTuOP3Ia/NzTcTFWbeL/g/uQ0xdrGlftWqf1cYGrLEACRCpRV07LecAaa8rnOWz6+Q== processed in 328ms
[2026-08-24 06:01:03] [WARN] [cache_layer] Transaction payload payload_hash=cRyUOlpQOG+Pyg4Ffj4beG/2bjmBORrYfFdAAswI9HAoSQRADLD9XhHMEZp5S1Rq5GhD8/t2AYXznxUwZGjsQw== processed in 223ms
[2026-08-24 09:08:29] [ERROR] [payment_gateway] Transaction payload payload_hash=XFjCsVxfdnU4O5gl2iemiFV4puRAMxJzvyfwtj+W1V+HF/BJXj32tw3GajB9L28Wl4OaufXX8mjASp8+9iro/g== processed in 386ms
[2026-08-24 02:50:56] [WARN] [db_pool] Transaction payload payload_hash=sLYK+xuQErmFgf/Fv2N/VbfLValm1ey2RSy0yXy9+eTrKh/Di+tohXxEN4lNcJuMi5L9ctgmv5Spy+VqY0lKwg== processed in 325ms
[2026-08-24 09:54:11] [DEBUG] [cache_layer] Transaction payload payload_hash=aD0trRG2YiY5hCg7nAKwX79Fui0XHm8voORoyj8e4BMruzb3Uc5xrgj9AcQu9KQOBGoPsUzjKOiUngwB9NXdyw== processed in 473ms
[2026-08-24 08:38:21] [WARN] [payment_gateway] Transaction payload payload_hash=TQ5okh02zF+zmwM1dFl0gU5CyHW6pK+8hY+xdoXAfkWx3cDESSpOwYOFg3Ct3c1EaieGeAx6xGFlaac3wtYZpg== processed in 274ms
[2026-08-24 03:01:07] [WARN] [api_router] Transaction payload payload_hash=cz4kSqVDKKA2il8cQgxEd0NMopBui8YyJpDzQMWnTz8RZcm8+Q18bLQSrMeXOUxUJbGqb0i3loiSo7Drf93Myw== processed in 496ms
[2026-08-24 11:00:41] [INFO] [auth_service] Transaction payload payload_hash=YJQPYpjd69E4ZQLoz3plVaulmMpOOdiqWRpkAmRmgr8z5bba/3N8vqnw+nX4MT5zTPsgg7jUtiyW/c0OkcsugQ== processed in 309ms
[2026-08-24 08:13:17] [WARN] [api_router] Transaction payload payload_hash=rWRP6HU1H10IUy1ozxSRICuaZXVUsIzCIP2ejxbRmV/5qVUVN7qI352gObejgNyKZ0rgvkSyX1+G3v83hsQ/9w== processed in 284ms
[2026-08-24 07:54:05] [DEBUG] [api_router] Transaction payload payload_hash=nevPGtVFxwM7FWj42bOkqqtD6/x8t0DEMiwhCLIAq08uPYBS0mikniQw7+lUoU7tsiTy0A/6/wJ93ZN2sSqJ4Q== processed in 399ms
[2026-08-24 11:11:04] [DEBUG] [cache_layer] Transaction payload payload_hash=dgTJdoWnIQrzmSycB4b8GP70YvhuErj75BYtFxsONg8jLsTxHX3wWz4Vq/gJUt12OOTo88IPDB4xvEOrR2NBHw== processed in 75ms
[2026-08-24 04:09:22] [ERROR] [api_router] Transaction payload payload_hash=i17ewJfqQwao+43E4SyJUiUAtaY2jbBwnhZKy7HlDEuLLPatonJ/Fp4cEeDCz+5Q6Qf30QcPvhyMJnvK5CMjkA== processed in 96ms
[2026-08-24 07:31:55] [WARN] [db_pool] Transaction payload payload_hash=94yWHSM1XE3Eshuh4EOSX2Q5egZtVKxkFBjrPD3+WoBx0dF+hNvDhIYaQl07lD4bEowH7w+vf+7gkwhFXwRdmw== processed in 182ms
[2026-08-24 03:19:42] [INFO] [api_router] Transaction payload payload_hash=2SxoPZbeaW3pt9QUFg0OGz5vYPtniXR2Hk+UEjZO/B5MPrmWAJVxEhlQ5WG3O5SxfajG2lS2WAjs/18izLMsdQ== processed in 89ms
[2026-08-24 03:10:21] [ERROR] [api_router] Transaction payload payload_hash=Rh90MSwASFdQ0NIu9RXoLkC+FcVRvDpy++62tm3S4z7Mrxjc4OUNxebo6p2KUnwaOWugXuX/P0T/hEMyHsUfWw== processed in 428ms
[2026-08-24 07:23:19] [WARN] [api_router] Transaction payload payload_hash=Dt9TeBA+R7MkdYG3QK7dSTd+i+Wr4PFjHDx68+Zo3njjMGDgOcsdKPzcgrX3kcRlC4ImFVbS0ZNu+uFsCiap7Q== processed in 329ms
[2026-08-24 10:53:53] [ERROR] [db_pool] Transaction payload payload_hash=8nnwj5kS5/Ad9wFgbIBwQhwrb97XXSoe1/YN5+EsjL+C2oJmpQxZyAqnc87hV5W+LV33cuA5zuGQ697ysCWj7Q== processed in 11ms
[2026-08-24 02:27:16] [DEBUG] [api_router] Transaction payload payload_hash=ipHRIFEX/7Nd22BsJ66NSF+6kH25ifNd0jNExHyEKwTby3RSl5LaE3Bm5W8chVpHcbJvjxyh82aqwGPMlPqRPg== processed in 266ms
[2026-08-24 09:53:31] [DEBUG] [db_pool] Transaction payload payload_hash=IqEyclafNO2nrxWWlSNIvCNKlPVeV1U2Q04tCs855VIyO00wZ1e8zSq9e/E41q6Vk4wcYxTBL6//RSyuItxErA== processed in 473ms
[2026-08-24 07:30:32] [DEBUG] [payment_gateway] Transaction payload payload_hash=J71UKMuv7ln3TrTFEY2WJxpH95GA2AMuT4cDJvGDVFqEd3pzufwQIs5rrP5hyrgVCkBK8JQL7p9L+kIjycEsdA== processed in 287ms
[2026-08-24 06:38:53] [WARN] [payment_gateway] Transaction payload payload_hash=QlD6TDzoe55S01kKjGCbaaylAblIVtphaUoib3xFJ0Fjmee+ZLYPbrOnRJzsEe8sjSwALzdQ6tGn3j1KaIyuWg== processed in 357ms
[2026-08-24 06:36:20] [ERROR] [api_router] Transaction payload payload_hash=xPta3HPGpAp1PLcaYzBW9QwT5PqVL8eVdFqnGeQHSE5AzqslOlpErftT4nHmIAEvO/dqYYmJq0YqBFJZ4HnSFQ== processed in 216ms
[2026-08-24 03:12:40] [ERROR] [auth_service] Transaction payload payload_hash=jDW0jdFvjUI63juI6DPYU+n4XJOwAH4+IWt3nSNGzx05FC16DfM2dvhA8DgE7Y9jcgHX7KowR71KOFR59NNhmw== processed in 488ms
[2026-08-24 03:54:00] [ERROR] [api_router] Transaction payload payload_hash=4iZzbtdPUMSmvWWQ/e/DPU3hfGEt9FBH+C/mizP3OlqKn7H45N3YH/yoitUemhdD6USkFU/BGfcn5sSJm6Yf8w== processed in 189ms
[2026-08-24 02:32:40] [DEBUG] [auth_service] Transaction payload payload_hash=6bxselN6sZyyoLlUphFhbT7HOe0TtMN9e2q17qo+G9hYpI0kPy4Gx5E22pH24V4z8R0bg4/WchP2rfV4gOT9MA== processed in 61ms
[2026-08-24 05:36:09] [WARN] [db_pool] Transaction payload payload_hash=yzHa9fcn5J47SYAipd017QN3w7dtvQm6wfwKuN4p7v11CHtYSOggr5D74Zg0v/pPKzl5aiixOM8sQmMnFSa/Ug== processed in 256ms
[2026-08-24 04:54:55] [INFO] [payment_gateway] Transaction payload payload_hash=F2FMlTNCZopYAr+aqM+liz0blksrJCB3AchPcE3Fwb/4+RHs9treS8LpNGszyitIX82Hc3CoX/aA71xpIfrvzA== processed in 308ms
[2026-08-24 04:58:51] [DEBUG] [db_pool] Transaction payload payload_hash=6ZCknHWV7kUo8ciEw08UimsGs314vwGymOK4JI08QNMDPn3RMEYPE4geQaAuNcXJGWVJj8E13wTpRZmgTa0bWA== processed in 81ms
[2026-08-24 02:44:52] [INFO] [auth_service] Transaction payload payload_hash=/TerQrZAZkVkv6Pd87JNotQR0OLhoU8w/weB3kzNKWNx3ru0Ten8Vq8n/9lTWMZKsMdqjB9O3GyiG3sOkOxzeQ== processed in 48ms
[2026-08-24 02:28:18] [WARN] [api_router] Transaction payload payload_hash=/06u+l7XgxzEDDpxtruHN9HA1xuA5aJKdV9d3qrodZZkN2fL3wDEkrUC3RDNKcWtesVuKOHWG3p6Jif1ttJeXw== processed in 88ms
[2026-08-24 05:14:16] [DEBUG] [auth_service] Transaction payload payload_hash=mbYw9YVg9ogO/6vENZPN2J+YUWvhilceOu6v80uL3Bv4YuhkvLnmSyfH31MiiPY+SSzqtYD0QS/WuUP20jB1Sg== processed in 495ms
[2026-08-24 07:46:51] [ERROR] [api_router] Transaction payload payload_hash=BjdoMM+6lmeFhSUf9U70OG2IdDVTjDr2k9U2xok5oZSqyefxE0m2gWW78FJA5r7/slG3Gf6nlZ8PsQwSP/jH+A== processed in 147ms
[2026-08-24 03:22:22] [ERROR] [db_pool] Transaction payload payload_hash=In1S+r+VVnIzPaRudabO82EbAIooaWCtArZv7UOEmlANEn6vXaoVewqmypa3MKBFjp2apqTdTR5AbvQn0x8s2w== processed in 492ms
[2026-08-24 06:00:29] [INFO] [payment_gateway] Transaction payload payload_hash=4prE2c0F6XKSGedoURfDZc565x3cC/gEPWElMifv3gSrh7INM1AN9QIQHl6loalRbXfis6pgkrswLDfpbBvU0w== processed in 47ms
[2026-08-24 04:47:41] [ERROR] [payment_gateway] Transaction payload payload_hash=qPv5kdK63kFaPhnS5iz4f69kWmnuJ0WVO8cPCT6UiUeonIDE8t4cuSjT/FBNhbR2p0BHiNNwgLYNbcoJ0NHQCQ== processed in 88ms
[2026-08-24 09:37:47] [ERROR] [auth_service] Transaction payload payload_hash=dpZMpj6UMobsYYMRtRV8LFPrjnpDrVR7dB0zzAgYxGNiAxdCp8VunEfo0tm+gDvdrW3N19k6M8fwBe3m5cg1lw== processed in 62ms
[2026-08-24 10:45:43] [WARN] [payment_gateway] Transaction payload payload_hash=ksdx5tRtrTzPDNR1tKeWS71lpLhMLIVEauSR0Myo2quPOi/rt+6no8+mhWCDIqYEZQ1tn1I9/7kJ93PUxtnvfg== processed in 165ms
[2026-08-24 04:39:39] [DEBUG] [api_router] Transaction payload payload_hash=tOaT/gAuOUjO5DtswXHEOVEppr/yZmd8u0O7Ra1AW31KG6wTB1ubiC6bOkyJxz4bIh5h6HUR/sSdhhXDkNKdtw== processed in 442ms
[2026-08-24 03:13:54] [ERROR] [cache_layer] Transaction payload payload_hash=ZGuG3bN3Ldenlwd5qAcwJcBFDnqYqRZFm3v/I+AmoDoi886dfW6SnMScGSc2QDnO8gJciYoPeFZZkgcSABAotg== processed in 58ms
[2026-08-24 02:58:17] [WARN] [cache_layer] Transaction payload payload_hash=FG/rm/FPsg+VILWmpIH3WN7ettTEdqctEdlOtPhCpwgJerzxxuyJh5b/6SOQNOoWrca0EqZydFmws2gCN8A+ag== processed in 288ms
[2026-08-24 06:42:53] [DEBUG] [api_router] Transaction payload payload_hash=PqEwp0nHn2wa8Y+uu4IEZHtN6UGoSsSPL5m5ggGMEkwnmBmatTLkFKoS4tkwxhoCigqFO/DflSYYW2f/9FWjDA== processed in 226ms
[2026-08-24 08:28:18] [ERROR] [api_router] Transaction payload payload_hash=y27+ffec2CcNjq5a2d8hPPpQEMuwp8Ep6fyCl6MH0+PxPBiJYe6r0clGciaftn66Hb83sQZupb/4Blo6KYH3yQ== processed in 2ms
[2026-08-24 09:58:21] [ERROR] [db_pool] Transaction payload payload_hash=shJ05x+HGFtSqRJ7cm20+LYjjiHx1t0zcRvtc1PafiAswvitlANKqqyOPkAqjlQI4AwAYCmOGlhXeJeUD7AQ+g== processed in 359ms
[2026-08-24 05:41:38] [DEBUG] [auth_service] Transaction payload payload_hash=ik/ibBTE+Bvmzdx4bnJLQQUbUsXgdncDJ6GJ8hoH2TijtfdTIyTzyEVKM1bedJaNe/JVZtxzjzCElAlZpZ3ESQ== processed in 451ms
[2026-08-24 08:48:01] [WARN] [db_pool] Transaction payload payload_hash=7Se/w2xlPu0wUhZeHovUhDTfS+2BR71OL1Qrbgnf2pqFC0ckY+75xl4ilTOL27K5YK2LIcYmBoF91UeCkoBO9g== processed in 347ms
[2026-08-24 03:05:47] [ERROR] [db_pool] Transaction payload payload_hash=87N+wvV6YSBwcCymr956s3gSx8bOb1gZdm7zORX7d3X/eETah1Z9go077Bs7M02m1pnmlNq/WIp5iUbpU8nypw== processed in 279ms
[2026-08-24 07:01:15] [WARN] [api_router] Transaction payload payload_hash=I6Yh0LtTLP70P3obL+1jJjt1owTXPRvKOnG7pu08VPosOXhyj8nvZJGf02ZvOyr5jdO853ONwkj3vxBnzAiNGw== processed in 468ms
[2026-08-24 07:50:43] [WARN] [payment_gateway] Transaction payload payload_hash=HUgrV6CC89iJig+IuhNLMWUglnUR0Ful5vwgCpnoYQBf3Ipzx5gDQ88kXxTWxnDLh1H20/4W/zcCvL2tlTtQWQ== processed in 499ms
[2026-08-24 11:11:33] [DEBUG] [payment_gateway] Transaction payload payload_hash=BiutfLMUxB/CPGVsgYGVEdg2s4ZFgQr4cOKzVNhDhzfuWx37C03hidDG1qQUS2+SS/RpWjei2vCBKnNt/SgzhQ== processed in 4ms
[2026-08-24 05:22:36] [WARN] [cache_layer] Transaction payload payload_hash=IopMeDsTtRSI8olCFiC0kaCuQ842SpJzaPVrF4cOh6WKi1IDTNORP0XVXzRdnjZfpnUkQKNwIFF/oW+WalN7ig== processed in 374ms
[2026-08-24 08:56:58] [ERROR] [payment_gateway] Transaction payload payload_hash=VUAsHUfAN90Za3R0gu4jjqFwUAgx9Kjft9Q8oSNlam89ri0QxyNC9/ZSm0ZpEzdGWku3X89Iv8giya037hqa0A== processed in 220ms
[2026-08-24 05:42:10] [INFO] [payment_gateway] Transaction payload payload_hash=9P/FFjD8bXNfyycwnfOO77e9B/KjJfB6Z98zuu+dRyT479qzAlyeG14iDkSxQLLkmpqQ2S+qWNoMUHNjEsGHdA== processed in 214ms
[2026-08-24 08:21:02] [INFO] [payment_gateway] Transaction payload payload_hash=p1oXdh8SaL0OFiGRI9hN5W40SK17YiLrR1w2QhCqIpvffvV1zppv6fFy2Dl993avW3eP/2c4+7NU7sGfHrxCng== processed in 331ms
[2026-08-24 02:43:58] [DEBUG] [cache_layer] Transaction payload payload_hash=YJAVqV+ZSw8hrvsUr0WRyqpyj19WN+OEctKIanL4EVswbOrfe+pAfYIpJ6wB1N/NiNPiDy+zVh5zU4Vcsc3+Kw== processed in 278ms
[2026-08-24 02:46:17] [DEBUG] [api_router] Transaction payload payload_hash=9qsVtt50BpcXFTTGiiGrLR1I7/mRgC6bPhKBxtiSfdc/kGOoADKtVjCa1+ZS+/CALkJ/x5TanFn0IY4+Vje17g== processed in 142ms
[2026-08-24 09:16:30] [WARN] [db_pool] Transaction payload payload_hash=gklQcQ/3LUTNlV1fTYQG5Hi7YnCfmddNml2jHx7oeSRNJNd5PHk8/f/LDpQI0igo9tRE36dqf2kKrBhvDMeong== processed in 462ms
[2026-08-24 06:46:02] [WARN] [api_router] Transaction payload payload_hash=+41s2TXXPI6BPPGO6rxNI8CDLgCV1avSAzV2GkjqepNoloZ7OlPPoJ8RDnJ1kz3QBmAxyTAs6WncHGG8U1kQlw== processed in 479ms
[2026-08-24 04:35:53] [WARN] [api_router] Transaction payload payload_hash=H+cqRzDSmTEXEfD9qO+XQiS8VNxmHAHjnp6bfMmdMlUhhARLIwbOMXSYBa9fD0Qh5dxdM8VlOtCCVWZinIGT+A== processed in 301ms
[2026-08-24 09:34:54] [DEBUG] [auth_service] Transaction payload payload_hash=EupmEQ+9VhFmQiYAXLfl3BgfXvHtU8nDnHwydgS2YL18WmMt+uT0lcmQD9r47hM24EYmYwkrp39arjo4Ha3/nA== processed in 364ms
[2026-08-24 03:23:49] [WARN] [payment_gateway] Transaction payload payload_hash=SMGkKVLgN28TcYFqAp140gXPiGXXO7xMGqkIsjEIRCZp/ZbR1moeZQNCb6+A3FjF5xGbFCTNMlUN/7epwdVECw== processed in 86ms
[2026-08-24 11:02:53] [ERROR] [auth_service] Transaction payload payload_hash=jsCtNmrPHY01YOAuIzx7u1/pDPEYJqYfUVBHjfyH2nWIPfSIGr9ZL6TXCQ7XbroFSvISJcMgfplZj22cQUY6BA== processed in 381ms
[2026-08-24 05:09:20] [DEBUG] [db_pool] Transaction payload payload_hash=1D5lQK/B2R3rfZ6OdSs9V/3gYVLY2TNgcX48TorYAk+izctze4m9R1bD/4gxIu9Lr5gXl9GzTXF2SIrN3zIovA== processed in 349ms
[2026-08-24 09:18:33] [DEBUG] [auth_service] Transaction payload payload_hash=pw0QWPENJeCZxk9DCJt6BxxJoNpJhEGjZeFLPSxSeSkpQu2AGTwBot0GzHYIKsVoK/g8Ns86iQJaek1C8xDPvA== processed in 313ms
[2026-08-24 02:23:24] [INFO] [api_router] Transaction payload payload_hash=hSkLUgivDjXa+q/zmSdXA9Cx0Si0/xytIurS6dKeXQO3hV7uyjQsbrjU2ffxrLiAIo0KF7uGqFcZfhx7l5v8lw== processed in 32ms
[2026-08-24 04:44:18] [WARN] [auth_service] Transaction payload payload_hash=bck8PgYdmCdVNZ5Msf8LvKL2EhfLZpPXg/UJqZwD3jgX8L6dqWoqk2hHItfrbWtcCirPImH2Oi8MwnBO9E8VMg== processed in 1ms
[2026-08-24 10:49:33] [INFO] [payment_gateway] Transaction payload payload_hash=tScZbeaHfW39y6oUGKZS2Si7IXW+Cg3Z383g9Pa4IoFF3ywTxuoBr77SHwKzeC+su2SmZZVj7HQKW1+T0WQT9g== processed in 159ms
[2026-08-24 05:25:23] [WARN] [auth_service] Transaction payload payload_hash=rkfBkePOUeeRrlwPFMpzTlt9qsSy1GSbaIfl59gBIKq5pS/3m+RPzv5vRTgAj56xeVZ7YQcOFOoZslTrmHnS3g== processed in 192ms
[2026-08-24 03:17:25] [INFO] [payment_gateway] Transaction payload payload_hash=x13UpfsdKiKWUcJA+VkLHQ661PHQHjBT1QCZrRSWL5t44U2z0Y3jOpfbo7SlOluHwvzpc2r+snPVQV9G1qLyyg== processed in 245ms
[2026-08-24 03:27:52] [INFO] [auth_service] Transaction payload payload_hash=Dqjv7D0bMtYEUn3SkAnm+etSEYHkutX6ffj7TsMNfpsXw+4dXU9WWA9AoaHAQQfBe6owQSpjbe7qyd/PdXrNaQ== processed in 90ms
[2026-08-24 10:34:58] [INFO] [payment_gateway] Transaction payload payload_hash=O0DBEKHjWAA0SwMFBzLKLFhHvrsuJiXt1HF2Lfpu2PXSLINp08YcbO7h2xl3OaqOHgrh1JjDJMcUKc0eRlqfGA== processed in 124ms
[2026-08-24 04:23:13] [DEBUG] [api_router] Transaction payload payload_hash=JrKoKBg/wtb0Tq/7+ZNpMrPV6V41HG/5ObMu5325at9cDH+Uq9jwTLVg5QhV+zCm4yMPS5n0eA9+szISqEAfjg== processed in 351ms
[2026-08-24 08:33:37] [ERROR] [db_pool] Transaction payload payload_hash=iiC7QkvdYRv0NLRI1M79dHi1Bzn0uU/V3ftZZfMFxz28BwJyAFHMW0ajuf1a46CKmg0GOASVyG+HeHkpM/mzUw== processed in 280ms
[2026-08-24 02:49:29] [INFO] [payment_gateway] Transaction payload payload_hash=Ap9SsW7ZOKpXcpU5mR/3ppz9rT2AQGBkDzxx2+qWPxG0J8N7xasU5TFjsyWzUebs7XqLbW/AzA/ZB90Uz0OFvg== processed in 423ms
[2026-08-24 04:06:41] [INFO] [cache_layer] Transaction payload payload_hash=N35PPFXw9LiWwITD58hDDBiO9UD5zhmQYwLcSfXt9SbUwsZq8IDVAfjQhPui/sZWlUEdkhReXt1UBZSV1sVSOQ== processed in 292ms
[2026-08-24 04:08:39] [DEBUG] [api_router] Transaction payload payload_hash=PLntbpxmiqsTkj9V5ywklKFpSW4CNjworKXiZ0818462UD1Hg44BfWsACQvsVAKxahQZgkEpLUwUPlBbq1Wegg== processed in 27ms
[2026-08-24 10:38:20] [WARN] [db_pool] Transaction payload payload_hash=h9J7QR3QTeFYNDHx+LnJ+y4Vt30nd3pPKjmuDWKoBWJadJzLI/OVdgU6E5L9AQkG9kQkzgI5zdiIgH1GBDzvrg== processed in 355ms
[2026-08-24 11:13:42] [INFO] [api_router] Transaction payload payload_hash=c7Zoncz70f8kebnM3H4SiUpyeK66ldnVbVYmkSvvNMCCS2Rpsj1C1/Ig1jvOfVk9UjORY8oOzCiqlTnt0Cyjlw== processed in 19ms
[2026-08-24 05:41:28] [INFO] [cache_layer] Transaction payload payload_hash=k9Kg3Y2D1iAbOP09Y1prC9di9La6KvY9xEkvTdTv0YKHILsn9r1qSjQoGtOijLd2MJ0PDKqLyZYqUKyYs5XISg== processed in 292ms
[2026-08-24 07:47:32] [ERROR] [db_pool] Transaction payload payload_hash=THPRRbwbo9WPH588AHq7w1Em8dGSmi3nP3pMe0SxRwMXxa1DBK68tqWyVEzpwZC2fcmMLoNC99Ps84sbJ9IO+Q== processed in 389ms
[2026-08-24 07:12:46] [ERROR] [api_router] Transaction payload payload_hash=23SbtrnpnzTmakisAjFbKTNcXjmeYVrLJ5RGumXBXKIH7f2XgPpCzBBQOqX7YjR4rbk7rmpz40yRpE+tUuuLGA== processed in 110ms
[2026-08-24 02:42:33] [INFO] [payment_gateway] Transaction payload payload_hash=2sjH3o6nqZ3uEIQZN/pqHSQ/ma1grE5xZVLd8bx7uZMRdUUL6IKMeHpv4fI3QCD5rHe5agKKqq5B6Y2KBj57jw== processed in 230ms
[2026-08-24 02:55:13] [DEBUG] [db_pool] Transaction payload payload_hash=bKcHsLg+Jj4eCOaYVEhNJh7EzkNVrVP0c77FYuj4+89hLPCUBDXMoxBFRJav386SDL3dSpceFrn00hqMU4ObbA== processed in 183ms
[2026-08-24 08:35:02] [DEBUG] [api_router] Transaction payload payload_hash=n7Tz2kdETPbyOjOjQKbUNWxaaMOS3WaysYIA+SNdbXRhR2qwkTmzOb8bGotxZlouYyjhYqAAFjv+meDfEeX2EQ== processed in 353ms
[2026-08-24 08:20:09] [DEBUG] [payment_gateway] Transaction payload payload_hash=We7pVX9ZoZae4m6usCl5Un9iwNNHSl8zhPeez9u9t0kWtND3BeOqesGhazNSnt3nVksoME15QiH8lnJenxNilQ== processed in 499ms
[2026-08-24 05:02:29] [ERROR] [payment_gateway] Transaction payload payload_hash=0khJBtAQ7DI+5qqA8gNMFkZSpkHL+CEYvaq6Z600W0F/yPSHHcPwXiXaAd2iGuLH8qu6/KnIo86yfi9vOJLIfA== processed in 142ms
[2026-08-24 08:19:08] [DEBUG] [auth_service] Transaction payload payload_hash=AJ0ml7vRNkcEE9prYYBDe1TpmuHr+PrMmptq1cWIJsJf1n9Oqy2ekvTOglHpySPX0Yb9G2KSwMv5kocsUHIq0w== processed in 330ms
[2026-08-24 03:55:29] [INFO] [payment_gateway] Transaction payload payload_hash=NzbQbxn7Sg/EeM78kxJ9xiwULx4L792LhIkFBkQFH/9rkSWaOuI/9EjFvEMWHcVBLHtRKXFpJORRX2SuasSJGg== processed in 256ms
[2026-08-24 06:05:05] [INFO] [auth_service] Transaction payload payload_hash=WVAYX+JHjNBEZaVau+Z6etD2Q25loSy6ewzkGPbQX1ld79sq+Pt6mLyNDsSW2/uDNZEVXahXYUp2yhKFnozDGw== processed in 223ms
[2026-08-24 11:23:37] [INFO] [db_pool] Transaction payload payload_hash=j5D7TVKtCudxpa6IghHCFemgq13Uzp1tIjJ6vA/KQM5p2YKm0+Ls4qhG2VgE1HCoXWkG9gIaLKxcuwrbMxJUkw== processed in 144ms
[2026-08-24 04:05:29] [DEBUG] [payment_gateway] Transaction payload payload_hash=9voaqxZsOmIgS4nO1F8QvGKKDn2Aob2DfiH7uH2rsUF/Ah6vEVnzZGtUe2d7FkZWuH8/Uqbl1XD1nTNCCsS6Kg== processed in 395ms
[2026-08-24 10:49:45] [ERROR] [db_pool] Transaction payload payload_hash=nfgQfdGxb+yoi7f40N4373K1pRFKnVJDvz8vGomdxjl/N/KoRaD0IX2DpYGesQeA62+PZbqYBWdBMHkDB7UofA== processed in 5ms
[2026-08-24 05:11:08] [DEBUG] [auth_service] Transaction payload payload_hash=6g0oprbq0t3l6X4fK5WcVLxs+1Vdg8k1lbxhmrDPAmwyVIXoW5y83uVpeNVgKucwNtZ5g2rFL1GMXAZ1gXSNiQ== processed in 410ms
[2026-08-24 05:07:18] [INFO] [auth_service] Transaction payload payload_hash=M+Wk+d6HkoGuADbqWELyAZ5SKL2bxtxSl/38mrshhX+54hLQTdOF/gZd6/0A9XR2glJn4yHJU5EOTX6BgHyhLw== processed in 169ms
[2026-08-24 04:16:12] [DEBUG] [payment_gateway] Transaction payload payload_hash=IGgI6K1N3HWiP+b/GfmikYuK3fJpObAszCwCa+mpRyHoYeqMYtApkAMxesn4U/Rsm1Tz2FkTib8ekqOLrz8ZlA== processed in 451ms
[2026-08-24 04:32:51] [ERROR] [db_pool] Transaction payload payload_hash=ML+X2vmg/v2HAuwHmhnD+9rinSRh0eiTTYy1TT+HQOCzBdCMsLu94qb4WMQMEJmpyctzbwXyRlQJdSOzp3no5Q== processed in 443ms
[2026-08-24 02:43:21] [INFO] [api_router] Transaction payload payload_hash=d8ESIB7HHHprrsXJ1O/PtPy1nTnC55AseiKEwBVf6M5xtDiedCvfjas2dgZG+cKazcAUB6HfT2NOUJwVrPOVTA== processed in 265ms
[2026-08-24 09:33:23] [DEBUG] [auth_service] Transaction payload payload_hash=dQVVUMh0gHQIAJDA+NASmRYLRSqrzUf6gK41wtexSELpkKtw5yuVjvkP+7cy+YanYuKDkgD0mapA/2J86UuldA== processed in 403ms
[2026-08-24 03:49:14] [DEBUG] [cache_layer] Transaction payload payload_hash=nNoyCOQUh4CA4muRKzGlGU9Cg775ii5ntYpFzihXa9Nhus5yqo9m6BavKKIJOokcld2K6uDmFYv1nLLmIRTgiA== processed in 8ms
[2026-08-24 10:15:32] [ERROR] [payment_gateway] Transaction payload payload_hash=WXIPfyDckMp8zqdxD/6E5wcGL9lHoyrWbfpvSj1uPl6TB+7sMYI9mVZVibzYR8iwm4ysr4GmvkTw4b924gVqUQ== processed in 478ms
[2026-08-24 08:08:35] [ERROR] [cache_layer] Transaction payload payload_hash=dIVUjG5zK4z51tPDYA6xzj4sEXOJxZl2sQrPELXDvzK/wbHmyLUxYiwumhahl2ZMA9lmYOuQXC2Ho/6qlPCwuw== processed in 438ms
[2026-08-24 07:44:22] [INFO] [cache_layer] Transaction payload payload_hash=n1FnIuF2c3y1JtLYH+GI7g339OCuhIY+UEJdlUQgT1DIdwsH8ZgLxL8RvoR7Z26u1zSL6z9t0yd/491q+l9WcQ== processed in 158ms
[2026-08-24 02:27:35] [ERROR] [api_router] Transaction payload payload_hash=xT0q1ms30w7PYwwcCtlqGNorumndY/XuQg5vSXD7sGA3ey9R2AdgoNGPoppKksGxSqxKZ4+fJG2xWerakoWbmw== processed in 339ms
[2026-08-24 09:06:28] [ERROR] [payment_gateway] Transaction payload payload_hash=5HDvFFk1tZqyttbci376NKlkQFzKQ6VoLvb0EVIqtw4DZlwNVuH/p+JtrT3vBXyMOLlEpqpv2MwMzYvVanqMJw== processed in 96ms
[2026-08-24 07:15:08] [DEBUG] [api_router] Transaction payload payload_hash=DHebCNS9cn0emf6bu9fpM4PtQlitu6tddGveLGYHigOBijIg616rm63wnCbA0KGJBwEpqzK+p/BYVjQoKgLYnQ== processed in 407ms
[2026-08-24 03:53:31] [INFO] [cache_layer] Transaction payload payload_hash=vdE6+muCQNVT8KMwZZzR1jUnuKkhBbzeibHjXFmwEh4lLdw19lE35jTGJEqYdQoXaKBkyym8rXMg2Pbfb7Flag== processed in 286ms
[2026-08-24 03:09:07] [DEBUG] [db_pool] Transaction payload payload_hash=e0ZcNor3uaIabitDA4XvTut8mSSitipREilPrtR5EQlgf2wvf9KqNwZVWWO+xfvYGxLdV2jDbYhPnDF0xHXQFA== processed in 121ms
[2026-08-24 10:54:21] [WARN] [db_pool] Transaction payload payload_hash=HFn7cZbQAGFiW2hVZF79VyCGWrnZOucrmhThnEZJ9i5j9AsgB2lilPQGgMk/wdOxX3WpvkHKZVcpQBcd+ID6rw== processed in 397ms
[2026-08-24 10:58:32] [ERROR] [auth_service] Transaction payload payload_hash=hDuicTEnNiAE1rTJurwzI/bqYerwuMY00EEdA5SHqJ+0fb62lenZkdEbYTX12jzVtR91FjpDpaOAvk1M19pATw== processed in 423ms
[2026-08-24 10:59:18] [ERROR] [db_pool] Transaction payload payload_hash=sulRfRNnXXYKTipRkeFq4GiFsDEzmQFn88VfQ8gkC+7ebWFoZi7PV1Uc3xvB9A+W6sz+4ODiPj7Pw9njEPv0WQ== processed in 378ms
[2026-08-24 11:05:54] [ERROR] [payment_gateway] Transaction payload payload_hash=5w2wU4EnTvNdUHidLyXKgBaInsazV31czgkOddfHkSuu0J0ov9cYyNlL0DsA2i2LONVPT09n0R9Jh0yOATR3eA== processed in 412ms
[2026-08-24 10:32:12] [DEBUG] [cache_layer] Transaction payload payload_hash=wwzgmKVKMHhS61SQwZLRFchS4EYC+FaOAk4yYgafD2u6ISdPHEhjdwG6XWh9hd8GsNhLmyQ7ivJc4JAuipFnRQ== processed in 183ms
[2026-08-24 04:36:13] [DEBUG] [payment_gateway] Transaction payload payload_hash=8Yli5LmqqoS5G/okMJeQ+VMmiyLsq78tymlBSN8dQD65w/RlLopPwy38x9gY3MlLXR+22Bm7Jts130jLPOmbXg== processed in 406ms
[2026-08-24 04:01:19] [ERROR] [db_pool] Transaction payload payload_hash=XWjeZo3aiJ75kZ3ADTHjQvaUiUS+H6H8qCisI6/AYumv80qYoT6Ashpm+BaNsqjBW07zUDvuEm1rOpEzO4iD3Q== processed in 26ms
[2026-08-24 03:20:13] [DEBUG] [cache_layer] Transaction payload payload_hash=/rYieLlBraZ/9N2gh137geUtheELOuPq8d/Lo9PtSPCE2PHqVQiU2Uavy+kMs9VZxAMW6M1mJwsc8LdSwJ0A9g== processed in 281ms
[2026-08-24 06:03:47] [INFO] [db_pool] Transaction payload payload_hash=Lau2KoFxsOU9HfyRftjVaPQCqY4N7iYfZxTgnCfERnw0YnhNDZHVD5+vD6LpbG2VFo/y29a0QQaGL3/I0jpceg== processed in 91ms
[2026-08-24 02:34:29] [DEBUG] [auth_service] Transaction payload payload_hash=O5luhuoqYJo8fxo9FjeiLdJJp3GGH7SMHK9uNg9zqR9kI1AcpqUw7PVTwPN6DIsxZd39iNAh7KZKAuspgHFyRg== processed in 338ms
[2026-08-24 04:38:27] [INFO] [cache_layer] Transaction payload payload_hash=FKa9VTXgUw7baWZ97IaUMGcx1DTr30m4lY0+E/wAZ/RVoD1f5/evheLRBzRZVPLIj95JiGRr8bcaZwsrlLTkTw== processed in 297ms
[2026-08-24 08:42:54] [WARN] [payment_gateway] Transaction payload payload_hash=uh+Bb4rgtslN9ZBqSbn4VmjpMOIPIUXL1DNm2H8qoZDHM5dXCA3unvchx+u27YngqNWFyCDUczDbEYPt0VGMeg== processed in 423ms
[2026-08-24 04:12:39] [WARN] [db_pool] Transaction payload payload_hash=sryG1Rn1uUy1lPZRgmNE8GrYoHDYfAXmN7WySYpS5cuiawUUe44zhDCTCulVMJfleq2OSVyZ2hcu1g163EfP7g== processed in 71ms
[2026-08-24 06:38:26] [ERROR] [auth_service] Transaction payload payload_hash=gFAWqyXuJ4sgT/fyCCEupXzJ1Q0AKagsH3Cg7ND1MFpTvp6VWE2Wk/cRkj7LLw7aZiVspnW0rZJsctI73XBGMg== processed in 353ms
[2026-08-24 08:42:57] [WARN] [payment_gateway] Transaction payload payload_hash=m3KddFt8DOalhuXAu8glFVYhZWEldvJUSL/xNBgoFEZNdpQfxX+sEgjoVoF23wHqtes5qRWKNiXUyVHjMv4Lrw== processed in 412ms
[2026-08-24 08:36:31] [INFO] [payment_gateway] Transaction payload payload_hash=FCA4A1PS331Ksg3rGLBL8Ch+rxQqg9wF4aKQR5ql7cGkM8lswvpJ0+02J9eEFWW+w5bQJqPhWBYuPmHzcfnFTg== processed in 351ms
[2026-08-24 03:28:27] [DEBUG] [auth_service] Transaction payload payload_hash=esLVDUqE0O+HuL9s/WMm7dzSe1fM6Ww+Zokb6LDwOk2i5yk7diqz8gHcgrQ3PoN385ChnG93hh+GGwForb/RYA== processed in 160ms
[2026-08-24 07:10:42] [WARN] [db_pool] Transaction payload payload_hash=SoG+g3nyA++M+EeUdV9ndjAvjuIg5dSXzDr/HxrfBiSLjihsz9sy7v/kTIWAEJ1R5qNnueSfV3a4aRzKNvL5HQ== processed in 272ms
[2026-08-24 02:42:42] [WARN] [auth_service] Transaction payload payload_hash=RTDGri695N7Zaeso54iPaPvGqoavwUTcRJwyG4Y4qIaTnuizVdFeha0ic7k5OIPDWgeNyy0IIyQZdNC8hWNHLA== processed in 214ms
[2026-08-24 10:50:47] [ERROR] [cache_layer] Transaction payload payload_hash=I+0n2Lo4U8N8tQFKNJbfNfPeABYgGdioI9hbBx2q99PScHCjnjkF5xh1O6lBvIXiQo91CxhsY5Pj/lyCSMWxmA== processed in 269ms
[2026-08-24 08:11:35] [INFO] [db_pool] Transaction payload payload_hash=NrjhDnijCWjs1CwYRri25j/37A/zkTPdzHYjdHXvFS73hyhk8r0+HnuhSudsVbjFwI/WM5DAfP+2iHsYf97BIg== processed in 297ms
[2026-08-24 10:23:41] [INFO] [payment_gateway] Transaction payload payload_hash=/2TdxTP367XW7B3d3CI1OUaVN4If8e9/epg+UC3GraORMy1wIFrA80G9FM4CguS11Gcdf62xKPaMPuIQKp6Exw== processed in 286ms
[2026-08-24 02:34:09] [WARN] [api_router] Transaction payload payload_hash=a/rJJFVU+STUrQ3aVC1F20F6oT+7k/TYUF8bbPpME+kD/CgX4cr864aIVqQUvf4MwwGgVoH2+RaspJev7ZUZ8A== processed in 250ms
[2026-08-24 06:23:24] [DEBUG] [db_pool] Transaction payload payload_hash=kZiglDCm/nytE/Tt5GE/QRZf/lHbrijuIZOGKdl1Hy3g2wCCxEdmr/4dzUMSCBUyU9wvOf+tYI+MCJNgGvNccg== processed in 170ms
[2026-08-24 08:53:04] [ERROR] [cache_layer] Transaction payload payload_hash=xk7EKk3ErlMEZw3k68aQvxbBvSQIg/73qzKnhxy9DQVMk0uGBAB/Z3cFiOprsc0Us6n2c0+OjhtFGA/QO0ToVg== processed in 201ms
[2026-08-24 10:34:34] [INFO] [api_router] Transaction payload payload_hash=2QB+aWFFmAh9Yf+Q+i9T5UzDnJzh5BzP+eC+RamMHkwebwF9Tek6eDewIDjMLQIWsbTTgy60i71Y5GNu3J1Cig== processed in 409ms
[2026-08-24 06:31:57] [DEBUG] [db_pool] Transaction payload payload_hash=XqtzrGuO7IlAtjnuKiysTTzpsjFq0l5GX6mPJVowkr7HV62EJZoQkCAKiFd9ySg9g7Sb80wGG5BvZzsWcPMlWg== processed in 394ms
[2026-08-24 11:23:42] [WARN] [api_router] Transaction payload payload_hash=Wghc6AJya2NOhFPf63tMi5+WtRSSdk0mOht3Xm3YewTANh7MzsjT63em7XBrS88TMYJ81FyX2Z7zE4Ek697/iQ== processed in 318ms
[2026-08-24 08:30:47] [ERROR] [payment_gateway] Transaction payload payload_hash=jPhtfAZfR/6YiBBaOyNVtxzuuHVgYznTnyBDVG6V2pMn6HigUcpVV4smhMy+3QPeEVRtKlc8uPClRV797BO0aw== processed in 470ms
[2026-08-24 08:17:50] [ERROR] [auth_service] Transaction payload payload_hash=4Ku68zot6IDyfKEYXLCCsGUtYC4jnVyo0TigJyvp3WhXWIGbxHZWKAUzcfiwgv0bgMuRwAqY4laGGGgeTGubOg== processed in 158ms
[2026-08-24 06:11:09] [DEBUG] [cache_layer] Transaction payload payload_hash=7nyip5rF8GU2XN5JY55PoAN6g+9vtTfQuaVsJSKUFjX0Z6vgs94ZCAeFu2MTC+tQmfPx1jv15YNJo9QO5YEx1A== processed in 187ms
[2026-08-24 10:15:04] [ERROR] [db_pool] Transaction payload payload_hash=llOX4eDGT1HTpTwDmridHlOVSOJsNeYShg/YAzwob7LcpmCKkL0Z2g1ByHY0S1shyFkopNDnpurdgl/v9iEVxA== processed in 405ms
[2026-08-24 07:54:56] [DEBUG] [cache_layer] Transaction payload payload_hash=EsG9Q32wKzCWBtC3eKXXRKlRapdpOStyRFVJpPkeukJeQDaZxJUourhuKjduUIJWZ8VKScrDnVydT3uFXSP90A== processed in 33ms
[2026-08-24 04:16:45] [INFO] [api_router] Transaction payload payload_hash=w2EgmiQkoQWq84z/V7phVthWN0qg5FpwzhctoS1zqgh3aV8W0jAX8GXqYSQzKVcLuER5lXkjlkywGPFgO9GF6Q== processed in 72ms
[2026-08-24 07:17:19] [ERROR] [payment_gateway] Transaction payload payload_hash=SLVvDog2FdmFwb+W1acLC16oZ0nAMaYO3ycTvrM45fNqTRGS3N8WYnRKTlWaUzeNCPydgOB5114H4Hf3T6GQjg== processed in 105ms
[2026-08-24 10:03:20] [ERROR] [auth_service] Transaction payload payload_hash=PCSIQSF1NklPi2MT4BxV52ce4bMzuINQ2daIz2xOgkT0ei2FAHiqF6boaTwO0fNYIuC/jmpM67wJRo26558T/g== processed in 498ms
[2026-08-24 11:15:27] [DEBUG] [db_pool] Transaction payload payload_hash=1BRJEn8ktDZR4AeLbySQq+t/tVeHwW/Q1Vaw8NA0GrVKPPkL16/vAD+1z+TEDQyDwtkCdOl0BJsmLuJnpREZJQ== processed in 371ms
[2026-08-24 04:34:26] [ERROR] [db_pool] Transaction payload payload_hash=fuxMaHNqVkZgWaLQxROcT0vWZ7pnpbYfJbbvUyrMKgWhb8pg/c+E/0DsSRXoQKYRbvAc/GnxoAAco6T/AMoBTQ== processed in 324ms
[2026-08-24 03:41:41] [DEBUG] [cache_layer] Transaction payload payload_hash=5kRmK2BzbIkd13wIkofG8RuW5NK3z6sUSbB0doz6PinugqDXAcYjwtDTIU3afPO9gRREoGblPqMTBQK9TAQM/A== processed in 354ms
[2026-08-24 11:11:39] [ERROR] [db_pool] Transaction payload payload_hash=yxK3xELoub3CIG56jz658VROoqGfzDeQXZ8aSwPBIJLmkrL0QX0ONOeEwwiB5m8LWQpnbS5shLWuU96vlDfxPQ== processed in 396ms
[2026-08-24 05:10:52] [DEBUG] [payment_gateway] Transaction payload payload_hash=qWVaRMDwmhW6unudNeCKr11WPapaw6VrhpVT5AsP5uKAyhFAlkM0GXK3eko6JXvHuEfYVFhGqHV4havjkzw6Sw== processed in 127ms
[2026-08-24 06:52:03] [INFO] [cache_layer] Transaction payload payload_hash=on79odpnilSV3ZXhNg1hezVwWCF0vz6s1JcSUW7V88J6LSsjrZx1Q4/mmB+bh4DRei7sd+fJTsVxOLzbC4umEg== processed in 236ms
[2026-08-24 04:27:38] [ERROR] [auth_service] Transaction payload payload_hash=/Nr93y/HoF6y/798bzI6STYwNCtGcxsOU2vDiu7+FjTSSnPBAuF5DTuHZAUahXCNhjklmvmEGOTBpfr2yibbbQ== processed in 243ms
[2026-08-24 04:38:42] [DEBUG] [cache_layer] Transaction payload payload_hash=ht/B4uijmqt0R9LBeZuXs/kSnzWp9T5eEbuRG9yrZFhVbzH1ykuqFTY7MnGeEnw/XwYrQiPE0Ah3/N1UGY46AA== processed in 302ms
[2026-08-24 10:43:57] [DEBUG] [cache_layer] Transaction payload payload_hash=aMi/wr1EDlFHL8wlavUKZ697lguqfik80atNU+xllQE1SXSGRSscBVGdi324IQK3J2rywFj2EnZqLTv8s70zWg== processed in 451ms
[2026-08-24 09:24:52] [ERROR] [cache_layer] Transaction payload payload_hash=DgJ/xyYFV08O9HGF5unwsosodXkEBY+BMjEs0HtMOxD3BSJfgzSbc/uc/RyTdi9CX0aAakKk92mak6Ba2AA3Yg== processed in 452ms
[2026-08-24 10:30:40] [WARN] [cache_layer] Transaction payload payload_hash=bwAtx5IPSBxApE+78wwXNDolkYh1Yzq7DVpsQ5KCwfk1w6rrgbBgsjbMHeSZP8WPrgj4fqVt6KPGnHESLkdHkA== processed in 294ms
[2026-08-24 05:03:05] [WARN] [db_pool] Transaction payload payload_hash=LGcraCOMZEn44+DF49tmY3kVjqLu9u2qyzyUP1REkQPm0fwSgsp8BYZOInGS6exoq39wFXyFPb22NVpZy1JirQ== processed in 154ms
[2026-08-24 07:47:41] [WARN] [api_router] Transaction payload payload_hash=tsx0uifNXt4A32B5vmpkfRclKGGroK/NkbA0RrQeZWxedfJCONykkzBe5UsGizF4uX5XjHuPg7s2+DW43HquZg== processed in 346ms
[2026-08-24 04:55:46] [INFO] [auth_service] Transaction payload payload_hash=bzWEYCsbgNRzrzZEj9X/h0/f2x1Yd5OfY6A+Qsqj3MJQu5xg7Z33lDpYD4e69M6rLwfq4pJwQScRZb1jo+alaw== processed in 339ms
[2026-08-24 08:07:01] [INFO] [payment_gateway] Transaction payload payload_hash=A1Dv5D73X2cPMvyKg1RSKhnnFZi/RGDDEKe7DXhSbzFiATDcFtODR4AHkvsnGMkmUAoHhmlfJgRkEXnAwYL62w== processed in 133ms
[2026-08-24 06:14:09] [INFO] [db_pool] Transaction payload payload_hash=rWDsOCOH7hYI8FnTZSh+2zUQC4IK9h8KTKRKaWvrvfeJpCBM2KMlRHna7JMZeakqK4IGzDt0eSN3GQVt7NmYxQ== processed in 422ms
[2026-08-24 03:34:26] [INFO] [payment_gateway] Transaction payload payload_hash=Es8fE0Oq/DaMtE/yqpq7jbJyDYr+nHh/4yPsTK2CaeEAxX576uvkXWDUyLGakPEwJwZAbUH+oXsLXSiEFqTrKw== processed in 477ms
[2026-08-24 07:43:31] [WARN] [db_pool] Transaction payload payload_hash=Pl95k13FH2u+J29CyS+ZQdDd4w1B5jOJ57OIWkphjlhDY8nYzMlcH/KTeTauYRX2IIDX+e8YixeEMv3ZHrcgHw== processed in 429ms
[2026-08-24 10:53:15] [WARN] [db_pool] Transaction payload payload_hash=+8zmYu/rSe5chjGF4Q/OsuXZ68eBIdhYwzqcisivKVs24UIw5d/piMF17iYwjjIr9Uk/v17RSCkXONnxJu6wQA== processed in 346ms
[2026-08-24 07:37:00] [ERROR] [auth_service] Transaction payload payload_hash=LhO4uX8Mul9rMK/0lYXeGQZLNqsOVJe7VdiSFXbeUaOf6LBGMYUBEj03Kx0wxHlgMBSDB8F6HKyOLsrEb0p3Wg== processed in 2ms
[2026-08-24 03:17:22] [WARN] [payment_gateway] Transaction payload payload_hash=/quJE08iLRCph1FR7JuNF8LfdDTKhuNJA2jMCgFwwaaub3vsBqhvJEQZbvnbWZEJi0H+ZiwindoZ9PmEbtSqCg== processed in 18ms
[2026-08-24 07:08:40] [WARN] [cache_layer] Transaction payload payload_hash=ePBrfQEH1lsWZwGbm9bJOzvX+pKNtEzDcOM6P2k11zlauW17JQ0817hzNgkkYNLZSpepQWcTXPGdYbOZNuiDag== processed in 40ms
[2026-08-24 10:12:19] [WARN] [api_router] Transaction payload payload_hash=vVDG/UrRMpHVyNm5KQbXVZIiC4imwZVyUydMnrtSBHgZZTn6Gj9ALDChLxJfvUsHDgsUjtxOKAbB7Yc+QWQoBA== processed in 55ms
[2026-08-24 09:52:56] [DEBUG] [db_pool] Transaction payload payload_hash=oUAQ2f/X9J0bxew+t/PLPXDe5Fly0zdgtAU9BXad+D9f1c8N+v02VG0F1rw0j5FkeI7iLOYzoQIOYu6ws6TQFQ== processed in 228ms
[2026-08-24 08:44:52] [ERROR] [db_pool] Transaction payload payload_hash=tEKoLZr9LCf6B3ofk0vMLXa1B2hD39K4zMLTiUP7qALrnVlF2ShJv+nKL4dZ7b/llOtbH8V8O28DNIi0Nmt2ug== processed in 149ms
[2026-08-24 04:18:57] [ERROR] [api_router] Transaction payload payload_hash=zqZJ+JfXMRQEhsyZBCXq3ciGdII3aABxuhUD5ZXjcd9zwJ5erte1q3j8iqS7NWokFUBjJgpVAd5E3RYt4f1t1Q== processed in 158ms
[2026-08-24 07:45:07] [DEBUG] [payment_gateway] Transaction payload payload_hash=e9KB+lpbMTFfhahhSNnk3skhuxP0WuwRFC5b79DIOpBqEPtDRVaCxXkSRPxp2quKh8okPpVS1P9v2RJGuPa+3Q== processed in 140ms
[2026-08-24 05:25:01] [WARN] [db_pool] Transaction payload payload_hash=6lY8AbQAgXQHXbCnCXuGBsJrzcBfl2d1roydZAkdTi2w6q0ib31lkAfsfNfEBLL4fn/oQM6vDbpQIG0kkK9Pug== processed in 235ms
[2026-08-24 05:52:45] [WARN] [cache_layer] Transaction payload payload_hash=Rjz5L0bGZfqTP5sv6vo94ryRLDhfRjzbUWt/95g5XxPOpzZ62AyuHDdGOtSsRjX56spLZOhl388teJbz0p7MQQ== processed in 402ms
[2026-08-24 08:40:50] [ERROR] [cache_layer] Transaction payload payload_hash=QTPuFTmCdgphsj2XRqEaiVNcPvSjCrq1Ip7WYA6EjA6+XrUpIrBua69apjtHjbE7Pz05dGQPUq/1rpNbQddJHw== processed in 109ms
[2026-08-24 02:37:11] [DEBUG] [payment_gateway] Transaction payload payload_hash=pZj1o8T4gHpyr7nExIDzV6rm74idEd3to8PMtIvoZE2uVAGCjAtAFmNiaPWH3/A53jns8xY+nZsp+V/t07Lq6w== processed in 482ms
[2026-08-24 04:46:47] [ERROR] [api_router] Transaction payload payload_hash=gKHGe8Wr7Xz6060KRnWqXlsFHOeKUm+h/d75rEbotveHA9JKGKgKAytQVvRisXC2B1FIs4n9I2Bi/lcc6MQ1nw== processed in 118ms
[2026-08-24 09:36:59] [INFO] [payment_gateway] Transaction payload payload_hash=EgLgG2Dll9rhcgv+KsIpg/T0FvpjxC1KPPcJZJqHrQUkrW3Q9ZieIMNCPiHxErGQM8xAAQPUo02ls7srgBgmQA== processed in 290ms
[2026-08-24 02:47:12] [INFO] [payment_gateway] Transaction payload payload_hash=LsL68kJ0pjiAB+IzxTETQS1wyLkpLmgf26MpapsAq9Ej1pWKivBIpGnB+DoRIgDGgjzmskYierzJF3NTG1XKwg== processed in 75ms
[2026-08-24 10:18:43] [DEBUG] [auth_service] Transaction payload payload_hash=np7bnslmVvYlr+uh8Tju2q6DGZSiaPL15/RhwZ+w2jEXMJxubdwc7gKa24uHcvcszs05+4d3roYCuBIqcbBnTA== processed in 198ms
[2026-08-24 04:19:36] [INFO] [auth_service] Transaction payload payload_hash=sgoSB3kHtTU7Yur5Q4hUce9cwg+zPAsoAGC70jumriW2Ek8XvV0WcbUHo03x44N1G6hPvAHZq9t4v7k0wqU+8w== processed in 241ms
[2026-08-24 10:13:08] [DEBUG] [api_router] Transaction payload payload_hash=A6ZAkowDw5SI2IB5Wowo7LbjT7wah4NxZ/bn1aWqJR6dFEEBV4YMbXW1N2mX+NPU8gXaWMWRYO8KUAJRRf5pYw== processed in 79ms
[2026-08-24 02:44:50] [WARN] [api_router] Transaction payload payload_hash=XiqRXAeaB+uG/1x1OT+0xzMMLJIYAXuVEaknec+y3WP3UoV/4WcPOow5EdE7J3LZ9zJOGqn8QlE7NhMplQsN2Q== processed in 81ms
[2026-08-24 10:53:19] [ERROR] [db_pool] Transaction payload payload_hash=XOa9p8b01X6Xq59cUPrDpSfQPjhWwMSF8Rl/GwqC/pGZ+Vuu8o1OH0MFDGsv4o+rCTKDPVEqdZCfmEaak4mmNw== processed in 467ms
[2026-08-24 04:54:30] [WARN] [payment_gateway] Transaction payload payload_hash=RXbipv1P6XBb7UZVje51EnYyl2Lod/i2ojx7iWrxgbYDqklX44jMh8rTuNefP/ocje4/DrY3aPuWmgP0UPYlaw== processed in 248ms
[2026-08-24 03:28:08] [WARN] [payment_gateway] Transaction payload payload_hash=YrHQ8xGHvWcVH1QWW+kecudjXdAQcnMiviipLXXV3OAAZVmVwUX8aL0CJ76+f2gLFfLt3/VkfqefB35W5q8T2Q== processed in 361ms
[2026-08-24 10:03:40] [INFO] [auth_service] Transaction payload payload_hash=Kf0VvEoQTcAWg8m62SpofiBGifst1Aw5zKTP96p07aHUU+pTBcj1GFw5JdZwkrrYqYkZX2VH9CGF+bGAU5Tvew== processed in 135ms
[2026-08-24 08:33:52] [INFO] [api_router] Transaction payload payload_hash=gK4BXvuyPmqKYlXm9hna7O59WyKnf6h2gfX9GeJHEsoRyu4ogkPcHP295ok4XwScbRkvT4Uv6AZzWJmw+zgrgw== processed in 429ms
[2026-08-24 06:42:15] [WARN] [api_router] Transaction payload payload_hash=HXBKZMS+YBk6P5XhSUIDWJz8TzJXrFHJqbaghmqs81W0GPFJnt8ZiaXdR2Ey82bxXlg1fTykJ6ecD9YPsbcDHg== processed in 209ms
[2026-08-24 05:37:40] [WARN] [db_pool] Transaction payload payload_hash=3PMlTCcXIe4UDcHurh1aM+M8ykV5Wo4rtK1JRuwmVamyaL80kb6FnZYQX9pcPJWoKe7k5kWAvgGmBd1bfBti5w== processed in 304ms
[2026-08-24 04:55:20] [WARN] [cache_layer] Transaction payload payload_hash=CNJ8mHOn7sZzwDBrrCWDYSPsepymyE5T1xp1W52aq8Rx13FOJCmsJFZ++3ph1ymT1RM4QrwtEDIDTUIKgy5iJA== processed in 210ms
[2026-08-24 02:20:01] [ERROR] [api_router] Transaction payload payload_hash=u9CIncROlP+F9bia1K3lv7QDg73hiWaH+mu414EMe+ygbk/xNRFUjBcdOiHEu0Mg84m4PUJqpZiUZFoq5gvw5w== processed in 30ms
[2026-08-24 03:53:34] [WARN] [auth_service] Transaction payload payload_hash=2t+nEzabI9IZVuDGmfxN5A9sok79n/NccSvL/z0XEffWsrE2hOT2MvPhYnUJlA9+HENIauWapycmTrWS6gT8UQ== processed in 191ms
[2026-08-24 07:55:37] [WARN] [api_router] Transaction payload payload_hash=shnHpFkznXOMfhLSzFmws1tfY/nuGnu7mtG154M3kBtapMrbjnqRe7MbVlkzvurhKkrNJBjt4LrzZwX5+MuOsQ== processed in 284ms
[2026-08-24 09:54:51] [WARN] [api_router] Transaction payload payload_hash=9mPpugThQqNJCMMMLwn32UwGxxlP5vcI+B0mocgs7PWqx3MvKglc1CZPRZ08UW/ZH8Kvl7dx2+1rtrLu/I9ERQ== processed in 29ms
[2026-08-24 08:52:42] [WARN] [db_pool] Transaction payload payload_hash=M41gGBBM9RexL63l9jehSY4o2WxYb+EeRjYR//z2JDCsLHamLWPdo53T/1g7M11GEe16R5q0V1tAQ7PCeZvEKA== processed in 218ms
[2026-08-24 07:09:24] [INFO] [auth_service] Transaction payload payload_hash=Tf+4iyeZNkHuHDX79d4rBfMXEZJWOu5gsGusegrNK/4ZwCx931N3rkEKd/kBBhlaVbL9GJlis1kK+YTuKsgHVQ== processed in 34ms
[2026-08-24 07:05:23] [WARN] [auth_service] Transaction payload payload_hash=42oEtD3vBuwNcz2nr37MZIX28mbz143mFahH9qRaQjR4UMhM2dwtDxbKZgxF/m3DEJKkExvVhBFrw05ELsNxzw== processed in 44ms
[2026-08-24 08:05:29] [INFO] [auth_service] Transaction payload payload_hash=ICQNjYXGFaEkyAqYlFt3jR6cdp0i84Qzjm5J+xTrnMce8bZ9enLF04MK+dNC9LnGsETdJPywzWp1NDrBxzbwYA== processed in 8ms
[2026-08-24 02:55:01] [ERROR] [auth_service] Transaction payload payload_hash=L+tF1FVO6SVb4cpnWHtf+fL9geV2zj+0ejocDGDzT1PCm968b5X1+R3rVqbZYNVXnmpaRl1m48NSZSKNqBqNzw== processed in 425ms
[2026-08-24 06:32:52] [ERROR] [auth_service] Transaction payload payload_hash=gdOGOhH3nKH2rXIiN+xkRC/2IwHzkBx5GsEKIUO8vWRAQMdoG0rDbGxJz+M5YKmFO0BNfdMiLWwCATGs91eZvg== processed in 495ms
[2026-08-24 08:04:45] [DEBUG] [auth_service] Transaction payload payload_hash=MyJbfnZgwtQn/WxGmOpghBKpfw2eVD407P6nkDg5MX9FkOcywMYuv+SuZv8QMfrrU4pYqUGeMC6rKcZ7a/V7Zw== processed in 266ms
[2026-08-24 08:31:59] [INFO] [cache_layer] Transaction payload payload_hash=AO+HA7NRVhLVMlDZDb4UO+eseile6rAhQI+Qopu1tfxY6JH2ufKEn2vSzIHMor4TOGdWhuupEnoNe47SvsJvCA== processed in 133ms
[2026-08-24 11:10:56] [DEBUG] [payment_gateway] Transaction payload payload_hash=NQ35GMOMC6PfsQstuZDfEBK7W8/WCZNeOFlHNMziBgGRIF6rmcwNqMGnSA+bVR72y8kDEhgWQM2ArSt29R3GVA== processed in 492ms
[2026-08-24 02:44:07] [ERROR] [payment_gateway] Transaction payload payload_hash=r1EFjKxCK6g3EbP0upDswCcsxv3QFW6SUzAwh3P0wKEQ8ElLl2yb/PuX9SrCZM5YdfNYskvZYYIbB3i+s4UJPA== processed in 403ms
[2026-08-24 07:43:04] [WARN] [db_pool] Transaction payload payload_hash=xqa0AKBjaYAH7X1jySFjxENW2/cPaA9As2CgXufl/dzfD2h/AvPlkOW+cDCVoRPxnIvan6XNYfFNnbFe5AO4OQ== processed in 365ms
[2026-08-24 02:58:28] [DEBUG] [db_pool] Transaction payload payload_hash=54oV6Mxp8ToT222riBvbloJeTPjfb8OxF+TWm/40j8//Wq8C6ai3IW2e6IxNP1KbZu8U+7KAd/pokCgwDaFZqw== processed in 385ms
[2026-08-24 08:19:23] [INFO] [db_pool] Transaction payload payload_hash=6WcUN9zzs7dO7u21lalUX3kJ8AYTw27qjC35guVe7nhByRas2fkOlVNc7aYmo6NmTyVFtMy45GZ2jHCQ/93Qcg== processed in 181ms
[2026-08-24 11:24:02] [INFO] [auth_service] Transaction payload payload_hash=UeasYN3Jh9bwfl+mn87FLTDiq3pANpA4EL0jplUihl5mgnsTUJke8pNDaZTCyWqu/rhUlI353WZdQaTqnD23Hw== processed in 436ms
[2026-08-24 09:28:15] [INFO] [payment_gateway] Transaction payload payload_hash=yLgL7HoP6mKobn3QRYyDVRP9aq07KDtXq9iRbIdRFFlfH3XjWGLV3JNfKneXsbL/mflFioIKun9f/vV0DtOFIg== processed in 97ms
[2026-08-24 06:35:40] [DEBUG] [db_pool] Transaction payload payload_hash=c01TzEdKFcSBYVxPd0F92dg7CrKonFn5TljQUQamccxhuwwKBPmk2t1yFqpEpjW7jrW9McIqYvdU0Ws+LQ8UZA== processed in 369ms
[2026-08-24 08:55:55] [DEBUG] [db_pool] Transaction payload payload_hash=SKQfCBQjHuw69/NSVaqcQZ+nz3uPhMOFUvcKW4HdzSk8GnGDRmVxB5jsU0LjyE1eoGn81CwplD196wpami9oqQ== processed in 189ms
[2026-08-24 06:47:09] [WARN] [db_pool] Transaction payload payload_hash=d89kMeYpjEarO45vhasx47OsiZvvp3Kz9zsmvTko5wFUKNtB92OFnW4tT/jnQe8kyvEt7FP9TKp0cvt/l7LGeA== processed in 423ms
[2026-08-24 07:13:27] [WARN] [payment_gateway] Transaction payload payload_hash=6il8ekxYMx6QY5/L705dEmeOTx+R9fkgSzFyys/If13E7SkPgu3NzOmUTv4YxGC7576grdNHoguPNDuB7qcFHQ== processed in 199ms
[2026-08-24 07:13:52] [DEBUG] [auth_service] Transaction payload payload_hash=ryqi8XKqhBlpob+12E8WL4K2hjO2GgoUnDiYzyj528ujLzZ9vMxAL5gAYgNgek0Fe3nyygkwNzIGtPGyT/jP+g== processed in 495ms
[2026-08-24 08:22:28] [WARN] [payment_gateway] Transaction payload payload_hash=IxgPMFEMLKaWax3WUSlikHvwSi+qdeUeTKXGLUNNuOc+yeabfsVulLRfjbdWpsd0MWEH55XEe2RulWiO1e3NDg== processed in 131ms
[2026-08-24 09:13:30] [INFO] [payment_gateway] Transaction payload payload_hash=ETkRl5zp59NMqAkKkJ2AY8yJoOgA03DMI1JQBocqPY49Zq6odNkBK434Q/MfYioGaLoDXTSys47A43fUanGRkA== processed in 237ms
[2026-08-24 06:54:42] [WARN] [api_router] Transaction payload payload_hash=yQelNBxbhVyHI6DOnA8fmYVLZw2+WkjpunSN1Uff7dHhjNuf2gwnQLp5Ct4G73XzR6wpfbZc7kYVWOKmu8COAQ== processed in 367ms
[2026-08-24 10:59:08] [INFO] [auth_service] Transaction payload payload_hash=CMAwk94XMYKW7ZVB4yGKeUpHqAd9UzHK5JIVwIs+pQKnyT8pPXaRXgG/7I7HMX9CHP1Bhc+/kqTUArGKPGFVdQ== processed in 267ms
[2026-08-24 06:30:09] [DEBUG] [auth_service] Transaction payload payload_hash=jfGJ9izey3tXM710WMtvKZNDZOjndKjne576ficvvElIcbvoWlmx9e9dqIirdfcIPqA8bqvn12XyZFXTLMtblg== processed in 323ms
[2026-08-24 11:14:28] [INFO] [cache_layer] Transaction payload payload_hash=vJNnz3JLZdCdxBO/wlI1myT1m36SYE4UC+GZXl/OxfYNrUNB19wMuOSyQvabV6ybNjwv2hS99odisNI4IvSsUA== processed in 58ms
[2026-08-24 05:14:35] [WARN] [cache_layer] Transaction payload payload_hash=Ygf29B0KldtMvDZ5Uf9HDpu9wOwFJLU1voPexnhU40FhSpAOpQXWqS25IGpDsuZxLmLcz4dl7zHpYCt4mEIjWg== processed in 305ms
[2026-08-24 11:09:11] [INFO] [payment_gateway] Transaction payload payload_hash=wbsMDAZFKd5wiH7VEqyMofIcHIaYa9rj8RCSM1au2BG0MuxRHYNaSyzUujH2d90G0H24o34WhM6jsp7AIbWK9g== processed in 251ms
[2026-08-24 07:40:00] [INFO] [cache_layer] Transaction payload payload_hash=pWb3mMkqSXFoycOmtBQJO5rarb/EuI/ebzRoxmzDtky6ozc4KMxQaa9TvVZMWi/psnlOnlVFToNTkT3aUHXHpw== processed in 40ms
[2026-08-24 06:51:57] [WARN] [payment_gateway] Transaction payload payload_hash=y+MMGG+y6kQMtP8I8aGlds6EPMRnpMjUtsJ7jJe03VVWHP9H92rKRtRjBVTnYHhon6eA6sQiivFBZdZt3GPCJA== processed in 133ms
[2026-08-24 05:32:33] [INFO] [auth_service] Transaction payload payload_hash=gt3Wp9om0gCH6G6A/6jfnAZ+lgsttwGkPvx8nMqQdf94fsGlVsJN4uJfzwkc4ThI8LmnJL+ddDa/56fIg/56Ng== processed in 209ms
[2026-08-24 10:15:38] [DEBUG] [cache_layer] Transaction payload payload_hash=G4YcDWfXOb+0PQETNyymrQmvhoNzrkfHehwSJ8sFIVca1GpOGz6TvGklM0P/HD5Y3cwwt/UVzoJrbfMQZPlL7Q== processed in 409ms
[2026-08-24 03:08:43] [ERROR] [db_pool] Transaction payload payload_hash=ymCJals0D7xXNcwATJ5/xv5RSCNW3Lr4Ur3zKmjcK/E1pH16DsCIAWbr+u+lXrIA2/bAUU+vckNF9hrKg1UOzg== processed in 406ms
[2026-08-24 06:57:43] [DEBUG] [cache_layer] Transaction payload payload_hash=9D1bsPhwcyVodOSXRPNAYTPdBMoffWntydPQ2FoeL2xHERIE7U3mt4i/SFhWTe+KLALInWXeK8sq6Gya+8g+YQ== processed in 6ms
[2026-08-24 05:04:42] [WARN] [db_pool] Transaction payload payload_hash=1mBRphRtaQKzTQ5lBF5iuC6qGD7n15ise+ryZgXE1Z6ffcigOkd4kugy+0R8TfpCeim0bvXN73RW3twVx4zOww== processed in 499ms
[2026-08-24 07:49:02] [WARN] [payment_gateway] Transaction payload payload_hash=zK9PU0K2C3jkBkDG0wL116RzT+KbOu5DcnbO0N8VkL7qMtxN2Zi3Myy6PN8lrU0c2668+XCFSKnA8PA93Wq4JA== processed in 351ms
[2026-08-24 07:46:04] [ERROR] [auth_service] Transaction payload payload_hash=Hw1sZs+c51nAB+ZDIsuKTdEdIziwhV2c6turSfAQdLbHGlzj9ETSlGBZkT+RrGuFHY0D0V/8JpZdeMCA/85wAA== processed in 411ms
[2026-08-24 03:47:01] [INFO] [api_router] Transaction payload payload_hash=k41GVrUKG7u4cdXV5Uz0C0oZha2VS7+IR1K/5QCEB914LbRuHjJ8yZ6l6GL6GfzAxlGRQNcr4Bz9/olWO8SQeA== processed in 468ms
[2026-08-24 09:56:54] [WARN] [api_router] Transaction payload payload_hash=KV+74h4acobdIiApaaiZbP747xLNRglt8YnvRXkq7oEZeLyEDpTUJZKdsCCfdjUVjU9/b38Vi6ItnuBGZaUBmQ== processed in 27ms
[2026-08-24 05:02:13] [ERROR] [auth_service] Transaction payload payload_hash=UOjHAZhbcsBsVeXDf+laWcUmensQ1tAQvWNTEw+wdfnTrwsNlWcAqWZ78Y++UaQaTEE2DFs+YLOyAw1X8QY1ew== processed in 85ms
[2026-08-24 08:24:37] [ERROR] [cache_layer] Transaction payload payload_hash=Hh0A4yvrKiaCzXohzb93Jd21w8fQB9P3vTohutzlYNhUM1ii0GqqrcbcdSCeceqLQuiqsmOOjPedQQWhRJQKPA== processed in 25ms
[2026-08-24 06:59:29] [WARN] [db_pool] Transaction payload payload_hash=9wP1MqeESLFfrH2VcHDCyPFPliJPa5hSHLUShzu8evIMhJ2BceawUS0vM0ItECjutzEbGPetm7qHbEsOuCcg0A== processed in 33ms
[2026-08-24 03:31:57] [DEBUG] [api_router] Transaction payload payload_hash=dIRSdv35cipo8xIYSqM9vFQh64l9gNl3DRSPCRHrA7fg8xyiMoCMI7lLOXI0skD+sQ9h+g75O2v8f5wv9uf0Rw== processed in 457ms
[2026-08-24 07:34:40] [INFO] [db_pool] Transaction payload payload_hash=IVLPCcHyI7qbKDhtYofES/q3P713xD2UjlARFL99M+1ZnNj721/CK47Eq4OjLcBY2hr1lQtHdGFautfiNdENIg== processed in 234ms
[2026-08-24 10:44:19] [WARN] [api_router] Transaction payload payload_hash=xb8i5drPwdViLquPiFeQacYAT1JzjZxUnim2u5BpQ/A7xX5/Nu+EHuq8BqhBXok5gSgUNOxPE9oVJq9XoMZogA== processed in 202ms
[2026-08-24 05:22:22] [INFO] [db_pool] Transaction payload payload_hash=jRkLQ0amTuHCTtpmUw9Me6S3oyVDxpbCol6MS3XccdTAE1ajyhhKeN3uvUJlSryr8dC68oW8MdrS4HKMyS0czQ== processed in 404ms
[2026-08-24 07:19:15] [DEBUG] [api_router] Transaction payload payload_hash=wRLj+s0oTYk1KHvLC5t93z0BJuVHz5TBPR8AmFVnmMq2e8cgWSULtsbFULmCnAaZDaL2tNdL9xwCqx4GZLzaiQ== processed in 260ms
[2026-08-24 05:06:34] [DEBUG] [payment_gateway] Transaction payload payload_hash=gdcZX/b82S3UjTfRYPBtHiqBKb9mO1mZoTYoehPZk57Xjv315JL8al7EF5KjLuVvyLMDXsB6kEjtpgfrpKUULQ== processed in 433ms
[2026-08-24 05:28:59] [DEBUG] [db_pool] Transaction payload payload_hash=tU8wOjEUlngcB8JxbDZvlkpOAKqIhnIWVDlZsIqpcNbOIj9YBK+7Z+mrpTEDPczBPZ0w3RvfgFvhR8mWnqCslg== processed in 343ms
[2026-08-24 03:17:45] [ERROR] [cache_layer] Transaction payload payload_hash=hsUJ3gPce8FHjuAKlcwheze/jlMq1XlV5nIMAj8ZllESvJxvZerznxkixFWFUZDdxOMu82jQt8tZ18aH06M1KA== processed in 189ms
[2026-08-24 06:07:55] [DEBUG] [api_router] Transaction payload payload_hash=o1b33KU4760t8B8QeOKfrKZzquccYvYOUpjumsmlUliTB7XYGv6rkvoSu8Y3AT7YRicQEKR+0J9F7GuIi0i0gg== processed in 432ms
[2026-08-24 09:22:19] [INFO] [api_router] Transaction payload payload_hash=RJIBfP6B3YL9xmg4kkTX92qDriJfpHiWUhYqAWFZCO2kACc9VLnI4xiKCwiExePbzmarPeL2uKfdphQLuXRvKw== processed in 427ms
[2026-08-24 08:43:53] [INFO] [cache_layer] Transaction payload payload_hash=+du/sfgDyAPbznMbSbVgEsw7ZLfB8PLzcgXrmljdLbz9/hWZPuKq0nP2AunsCc/pI/Y33cHBUynHbQW0QWkZhw== processed in 390ms
[2026-08-24 02:18:44] [INFO] [db_pool] Transaction payload payload_hash=RWE8Ug2CSVW29LLfD5tcigDel4mhSWLJx+ahzgy02TAFt7VsxG2FPkp4siInLxF56SPHFZIvocTXhFaeMeaosA== processed in 220ms
[2026-08-24 06:52:08] [ERROR] [cache_layer] Transaction payload payload_hash=3KAnCLpC9TNH+ixj3JsN8CHn6H+ULAXzRzgPXFhFuEx626PUizmLuZYA5Hw0lGwsDAeZ/EN6xyFX6nJ/V27w/A== processed in 7ms
[2026-08-24 03:08:00] [ERROR] [db_pool] Transaction payload payload_hash=mGNi4qdUhGMR32x9eHl9JduVIiFl7UjF9MazXieI/PxWYujQz7b4CRo7dxMxC7NWn/kSUopzSI5wr1wPrw2uKw== processed in 110ms
[2026-08-24 06:31:51] [ERROR] [cache_layer] Transaction payload payload_hash=bSlB29H3YU2aRJJT1WUns3GDUSlFt81T5z8NWTk5rCMaSsly0PI6UfGvU6pF7fmCDMIORxbRci+wyuKtOvbzFg== processed in 361ms
[2026-08-24 03:03:44] [INFO] [db_pool] Transaction payload payload_hash=qIMASfMzXxpnY9034Z2W/+CKqkwpCqOL5othNFUXvvMZAen1PLRdc/MHqLpGKcYlybpn8or4CSY3bXThtnAFoQ== processed in 337ms
[2026-08-24 04:03:46] [INFO] [payment_gateway] Transaction payload payload_hash=LqsFNeQ8OoQIb7neeyn8tACzlZZnvMMBOqTMJgbrWuA9NgMW6jyxEBkj31Dw/IbiSyTjpntzDWf1kK2r+tLcDQ== processed in 233ms
[2026-08-24 10:39:38] [ERROR] [api_router] Transaction payload payload_hash=D8pD4fj6rkf9SRnC+YTrBlRlBlJBfu0kwCAILT840Soaq8Ncihi7dHJKvgvNDjU5ErrDweWs9cm/yOD/JkF/gg== processed in 400ms
[2026-08-24 03:29:29] [WARN] [cache_layer] Transaction payload payload_hash=iyX9rSOmR9tUSdKwChPPPE9fZkXNm9GQRC5ThEUghwFe1P46BCEKk8h1SIroE1+wDArnleKSqCjf44I9tyZQpA== processed in 148ms
[2026-08-24 05:11:45] [DEBUG] [payment_gateway] Transaction payload payload_hash=UMemDivYduCjy7zTBVpBcNmNSOJlm2vglAXvh9Nz1VUUJGZRB3PxN76O53e4jvHIkN5TzxjRRm4BhKL6DpKo/A== processed in 492ms
[2026-08-24 09:48:10] [DEBUG] [cache_layer] Transaction payload payload_hash=ve9Y0fC34X5HXEUI8G+4U2RAWzSSAVWZy3NhR+Fze4dGI5sHgtwTMwImbJ3daismL+Admgd+Oip/8z9L/QttXw== processed in 313ms
[2026-08-24 03:52:23] [ERROR] [db_pool] Transaction payload payload_hash=cKo4hCdET9yv7en2SpdDFO0JRqZHasEZCo8p0VYTUUVcUQxOk5YcPFSsxombjPGRjYt+zHrM5gzFfDRQ0oV/xg== processed in 366ms
[2026-08-24 05:24:57] [ERROR] [db_pool] Transaction payload payload_hash=4og0C4XhJjrrzl6J4Vqxihi2dq80aTZ96pVcv2CVfpihmO0iz9y6A52EvcLG4om0RFgK+cjG71UcIsQeqgScbg== processed in 206ms
[2026-08-24 06:30:12] [ERROR] [api_router] Transaction payload payload_hash=qA/HTHS7FQBpGnhd3KRbOcI9Y4S9RYyXG8QeJdQnxoZbDhSNVzXAJqEODVEGf44t46bJxchzRRnx+8NCVkAUyg== processed in 401ms
[2026-08-24 10:00:47] [WARN] [cache_layer] Transaction payload payload_hash=s7b40QyVPpdIKb0lgqt7uIfpmWlrOYwF/nrLPmQy61qQY/ca6WrS2VzmwTxWiHOS2UQkEeCAM5aftRpIJIqFow== processed in 333ms
[2026-08-24 10:04:00] [INFO] [cache_layer] Transaction payload payload_hash=5qb3I8NyqVVy6lTB9rVcv/F9F8+t2IiDmEeB4xfvr0ThFQ4BtkrF8hJMNVcjlR3amF66rdSFej3VjKRU6fdW7g== processed in 96ms
[2026-08-24 04:27:40] [DEBUG] [cache_layer] Transaction payload payload_hash=59SudSK79jhTQ6LQA9EB7T7XK+I61S8JdqM5Vp3QubvxveZ0M37KPXd5y1ydFlEcvarNNM/EP02tQLg6HXb7jg== processed in 26ms
[2026-08-24 04:55:41] [WARN] [api_router] Transaction payload payload_hash=87ZChxWKofWqwsUOVU6a/5H+rJg1ZyRbVow0/wCAOldTT7zjP8fo4PM+2XqtpAOrwPZjQrs4G1E9vIpsmt3JBQ== processed in 189ms
[2026-08-24 05:05:08] [WARN] [payment_gateway] Transaction payload payload_hash=w6hm5gdmbzdRc+e55bzHIcv7O1KXHV/UM2w38eV4XfkKt1Kk7ufi54/sFUsbZNHt3ZDn96+2mrSGiYft40E4ZA== processed in 421ms
[2026-08-24 06:48:53] [ERROR] [api_router] Transaction payload payload_hash=9RUsMBPD7HpYnpnvHLAo9HgZ6RnvnLuv8pKpCSfb9AKC0g2t/do+02uPOoQ3O5VMZA6bqWDmQsnJMrCQR5InEA== processed in 91ms
[2026-08-24 06:36:18] [DEBUG] [db_pool] Transaction payload payload_hash=36L+J8CsJhzyj5YHGT8B9W/epN4E2fzme8rberh6UAwzyO1G9yf2/vpKhsZYXKz/CPLb0aEbKQm8VzNkg2Xe5w== processed in 312ms
[2026-08-24 06:20:31] [WARN] [api_router] Transaction payload payload_hash=oPJBvJmvoYMmlZzJwcLSLBVk0taSt3cig/cqdH6I+UIkJrGEAFeJINjNnF40ZcEUG0177UOoggHCaype1DHvlA== processed in 184ms
[2026-08-24 10:17:04] [INFO] [db_pool] Transaction payload payload_hash=jx1AmCPQM2jMtzoVWh8RrkrKsqWH36Lu/pPSDjneFwbodad+Bxy/+AfNwFPnleHE/ek/uIpUWVKNI2dko6vo7Q== processed in 302ms
[2026-08-24 08:56:22] [INFO] [api_router] Transaction payload payload_hash=t4ga5KEVPyfmEwfXv1ZSTbF4L6rw+9U+J0XEJoBcPPohwKTYfHlZYtw78jXUBOUS5RhCSShvTfz+hm0jbogqkg== processed in 490ms
[2026-08-24 06:31:47] [WARN] [api_router] Transaction payload payload_hash=6T91ZN5lDj2L9TZubLBRuzLjrhMsWbMm3mWkvHf/1TiXM9w1QmCyD4phOQiEkLt9RmFkNsaQDnXLGEsPqrmUUg== processed in 21ms
[2026-08-24 07:09:52] [DEBUG] [api_router] Transaction payload payload_hash=miBTMherMtH8Jbyj4hNOx0Wp8EDNVYb+P2APm18HzibcphJAxz4EdEUBUOgRza3JDDK6TtwNrIrI74i36JgU4Q== processed in 293ms
[2026-08-24 05:50:49] [DEBUG] [auth_service] Transaction payload payload_hash=2vL+LwvbY6jsH698h3ned0baPV1FmPi01vo9VIBiMoJzTMq9Ra6YOR7RZVmQhQBzzNULLq5ZV+xZPVrUcd54Ow== processed in 318ms
[2026-08-24 10:23:07] [INFO] [auth_service] Transaction payload payload_hash=4djwgDG2qhu8SnJO4jF9R0+5e7yWFzl0XQpHxzkmwgQVglNmgT+597Klq37dB+YXiYnxYn6u/pDAG0MMQeoD2Q== processed in 475ms
[2026-08-24 02:23:03] [DEBUG] [cache_layer] Transaction payload payload_hash=e+A2up5ODEcrWlLiG6nxCwlF1pHCHnH/JIqbOHnvTMaPthi2XSVXG+a3go3D3Zq1pGxJKRZrqR7e3IdlHJ1PYA== processed in 83ms
[2026-08-24 10:28:34] [ERROR] [auth_service] Transaction payload payload_hash=d1Jb6w0S9z2NTrOXfVcJat+TxV4E6twjBEZpXCs22JHKI4sw/WN6VY0WmaeGkWJvu4LTrQL+/tOIZH+ckUJ/Iw== processed in 127ms
[2026-08-24 05:01:22] [DEBUG] [api_router] Transaction payload payload_hash=2LJPWFIEVMOFs3G9M8ZPgfdBEjYbe7gWYEIiJ3wSly3LWGzlzd/9O6Vmd/ftk904HKYb/3V5a2JkmwehlXn2vg== processed in 179ms
[2026-08-24 08:03:04] [WARN] [api_router] Transaction payload payload_hash=JV2sX77oyAnP/HZ3NiabCk8ZR6klYW/+0M1Y35Z8ulMQPmtb7jBBaXKru+vjdbz65NGKAgdD5FIAgyO7qHIcQA== processed in 100ms
[2026-08-24 04:53:07] [ERROR] [auth_service] Transaction payload payload_hash=a398XA9og2rQYOOFcodM2GKX3V1qKhs5GWvptjfHVzlrLPZSYC1fWXEmCv7J09Yy728qc4w5FvGsrQmL3mDzpQ== processed in 193ms
[2026-08-24 07:46:17] [INFO] [db_pool] Transaction payload payload_hash=K9oWt1UaZNLm8T25hHkaBcw7MU9Y0St/ox6o49ysvo4TmusYpqgvQh7IjApIncyY1B9lTbg3GzEKFeECgu/rQA== processed in 242ms
[2026-08-24 11:11:49] [DEBUG] [api_router] Transaction payload payload_hash=0VNa1rBefw2aIyeYash7EBCcazNYQSLKLOiXDACFMRbOI3IETqKhtsK5EXrTZFu2bWQo9C8pNTCvXfvAP/UzTA== processed in 221ms
[2026-08-24 10:58:09] [DEBUG] [db_pool] Transaction payload payload_hash=oL0LLRqZ5h2bSvOWzP+fMZe5vc8Ck+Y5rQzE1wgftPp7L6qbREdlJZ3uNI/lamwbpyG/fl38OxBnuFysQh9wvw== processed in 269ms
[2026-08-24 05:29:30] [DEBUG] [auth_service] Transaction payload payload_hash=fvtkPmiWHnHVvvPBqu4gmtei24Nrja5JY5Wl7g6Jey62FIo/IxHlyl+RLWK3yd0QJTkgbVzVnQbtSqxiQ22mnQ== processed in 3ms
[2026-08-24 04:18:33] [INFO] [cache_layer] Transaction payload payload_hash=SKZTmwVCtrriBheE51x7B3Mggl+UFEGxPJ/jIqI85IDnA3GyIHz+TeKijpFJECAhrBu6UumJgEilVNmzfgT77Q== processed in 35ms
[2026-08-24 07:42:45] [WARN] [payment_gateway] Transaction payload payload_hash=BjjIs7VVkFb/S6JHLP9m/zx/QbyPuPXICfwA1Lj/kN85oBMhqDz9TmYFesitLyGTG2P1ZiO6n4B3yZMA19E/JA== processed in 177ms
[2026-08-24 10:46:13] [ERROR] [api_router] Transaction payload payload_hash=Xp9R4qs3/8y41D5xRGW9mnyAem5/GsN3SXpV8Wztswodz2c4BrPSpD4GrwJbLJz+mCF1U23ZXzRcYXk0oQvXgw== processed in 85ms
[2026-08-24 06:03:24] [ERROR] [cache_layer] Transaction payload payload_hash=27HRrmk+8JiwN/DezLTqD82snZYdYUl/MtVeE+LaxpfozlQ1vcX49BkkFy9uTRFnxaiZw7k4avpzyKja7//8fg== processed in 165ms
[2026-08-24 09:08:45] [DEBUG] [payment_gateway] Transaction payload payload_hash=7NvypgUUae2x4REDddyUqKMLqZnWMsBDgSZ5nP1NmCfDVDrPK8QAFAzyxAih3K61RPl34gqts7Wmnubw0e2l/w== processed in 337ms
[2026-08-24 05:36:31] [DEBUG] [db_pool] Transaction payload payload_hash=QTAmwzSa1/OE0LIyZk2a/l5YcJIzhHh2ynopbIxRe8mh+OnG3+L8+3vAWy8z29NgPgDDwXn09GHRu/ZxG01SgQ== processed in 343ms
[2026-08-24 06:31:35] [DEBUG] [auth_service] Transaction payload payload_hash=r2kOLBJ+ZHFHQns/nHLy8b9t+Q0w245WeCTlrVLLCaV9CmzzEWxI8+pXAIMYVVtBjARsL8TH0X5dbdX60JVLgQ== processed in 218ms
[2026-08-24 03:42:12] [ERROR] [cache_layer] Transaction payload payload_hash=sLPdn95Mmasyjari2i1kQQ8Tphh2Czs5Ofydk4mVhqUVHde1Ti3CZvQ3IcKo4xIYybqMDlzprCS8ECPPMuyyAA== processed in 38ms
[2026-08-24 09:21:48] [ERROR] [payment_gateway] Transaction payload payload_hash=+TQ5Mhw+6gmmO3wZnUIIQggblNuHLc62xia5UHZtBodPv4xkhfTpPJT0Cp0bP+JepYXoasUsaUlDsn6CVbQMug== processed in 306ms
[2026-08-24 07:23:47] [WARN] [cache_layer] Transaction payload payload_hash=Z9dyx6KsXoGisXDpCpmUfURQ9kN1UCZFhd0yegx5OXEkrNIHQkS45LA22DCbiTfXIZaKsDUj9xetXtDPr2A3eQ== processed in 303ms
[2026-08-24 03:39:02] [DEBUG] [db_pool] Transaction payload payload_hash=OhZ4lAKtHehrj0SeDMYS7LAAxLkbri723YQRCtJPQ98GuOHWYO+xhFuGa4klFy/flFMSWRFX0/6gaBMoSvvOPA== processed in 279ms
[2026-08-24 08:35:45] [INFO] [payment_gateway] Transaction payload payload_hash=mjxslXY5P56pUegcto9u4LOh3vAHzi/kk8WW/74y8tQIiBmp8wO3EkrYDkgk23KZNW/kNkA0L6ByL7w0kPEbkw== processed in 217ms
[2026-08-24 02:46:03] [ERROR] [auth_service] Transaction payload payload_hash=nN5Xo5+0RZ3tgkEeZrFHytz32SGIi0BPily38wI009Yc3zh0D8Tu9vpvTKT3HVcW/mGGBq5ryJjHgR1DVdqlug== processed in 152ms
[2026-08-24 07:58:35] [INFO] [db_pool] Transaction payload payload_hash=HABvNPwgk1f5crqbd7q725BBmRYvdx51ay8Ij3rVrPwTm6c5KaBjoW8+XJh7vBmJ2zm9G5w1gtNL+dNPAadOGw== processed in 361ms
[2026-08-24 03:40:33] [ERROR] [auth_service] Transaction payload payload_hash=jSqy8S7H9pPaCdsVHnz22clgV1J0ZIVlPp/d+Mro+fNijqbi89s7rHSgIabkf2KFH4eJmPYwDej5q8b70IdGmw== processed in 110ms
[2026-08-24 10:42:41] [WARN] [db_pool] Transaction payload payload_hash=SN7rRxv53RkaYKwhp6O2fXDEuMbdZdz7Ww1ephJOpHnIGljzepVFlrcvj/c+1DPXhO9RVm9djyH0yxDfVxKiow== processed in 25ms
[2026-08-24 02:49:37] [DEBUG] [cache_layer] Transaction payload payload_hash=aEeQS5TYC98Q8mFMw1CkNct/78+jeBM9dnIcfXzmWWfkTokawxnCX3kc971LNyxlKQwenzDM0wOT1kZuhnlndw== processed in 54ms
[2026-08-24 06:27:37] [DEBUG] [api_router] Transaction payload payload_hash=dXwmvDFHO23jHOwW/dUq+tQyaTnxG1EQFWcAHJNlUCgwlgb4j0pYhn50QIZ22xpbLWzCWMCMvt/JkpXK5fvIvw== processed in 461ms
[2026-08-24 09:27:26] [ERROR] [payment_gateway] Transaction payload payload_hash=NwmdvrwqlBt6H6IZJ32od+P0VFUTKACN6mVSUGfv6nvbcU4cxw4+L7N+tigD3j8d/YT6nVTI8J8F8+AKhwrk5w== processed in 28ms
[2026-08-24 02:21:17] [WARN] [auth_service] Transaction payload payload_hash=WTifDgWBZejFuoPIghCHwPASBJ4+j8SVgsgPRGBlf4ImWVXdULhDv1vf+8nQLf8QedqN8tgqB1C/PP/xNDrmbw== processed in 94ms
[2026-08-24 05:12:45] [ERROR] [api_router] Transaction payload payload_hash=IlTfTNfzdXzVW0laFSvpF8E+FfGe58NdAb+pSiLNlONi0orxOyJQP5jgnpPW7N4VMOTI8TxX6EmJQGvgKQMV2w== processed in 180ms
[2026-08-24 10:53:34] [ERROR] [auth_service] Transaction payload payload_hash=mTHHlf3s0ukQ5j5NNK2lOe8uHqy2pNgO+0n4AW2F3q9fiDvnc1f9h8AEds3fFK84YIDARrRaYEND9J735/RGUw== processed in 67ms
[2026-08-24 10:40:53] [INFO] [auth_service] Transaction payload payload_hash=qM0IlIx/p9gJTx0vBCrd/bNShZzqqWDdyYgSRDymZiAW0xgpHQl1yC9PkGB7qbTsravr+xnSD9UfmhIA9SKqTg== processed in 442ms
[2026-08-24 11:02:06] [DEBUG] [api_router] Transaction payload payload_hash=FK1E3GAs1KQaJurT+REzHK2l37yoCOTuyFbS/Vu3RIE9TWmzKhl0AJAV/IS0pQmnwmqF5fd66ESTO/flC7+/lA== processed in 474ms
[2026-08-24 05:47:17] [WARN] [auth_service] Transaction payload payload_hash=gNsKLSyuhaJfB3HR2YEDUZAN9kekEytZLdJy427HIf4dawSMYEbZ+SoKHbu3I8EtkJ5cV3tsUgzbbbou3kzw9Q== processed in 166ms
[2026-08-24 07:06:42] [WARN] [api_router] Transaction payload payload_hash=OssvPjqJeS6vhmp0wvnSFKe9ruij6x4JTHO6G2Qx+n1rEK484OqBWIBrD7PUC6DKnEe7ATawUtIA6FNqR50xLA== processed in 54ms
[2026-08-24 04:49:01] [ERROR] [db_pool] Transaction payload payload_hash=lvHk7ZvAcPAF//NAqSDktay2m204n0Yvr7kV46wmczJ+Knd5WQjc3m+frpFI4pEezcnERoyTOzQHO4wge1PFrA== processed in 114ms
[2026-08-24 07:51:54] [ERROR] [api_router] Transaction payload payload_hash=5dp2Upeyc5ueuFs5nB3pwQK2Vmd2dBtNC8Fmwir1QEKEcS+fDX0O6+D5Uyd1haaDz6qtT89Q8QVLJGpZBPB3KQ== processed in 88ms
[2026-08-24 08:54:10] [ERROR] [db_pool] Transaction payload payload_hash=/CG8yYkvcyxJOi7cBv/hV3Xfy93rJsLpbxg8/vTfBnfxwfgggj8GVxsw3loAx8d/81coFC8C1Vn+Le7E4/2EVg== processed in 278ms
[2026-08-24 04:27:04] [DEBUG] [payment_gateway] Transaction payload payload_hash=BzBveBvQu/y9Ml4RlNY7+tCqKjCDcFAsBJNiFYfNjT80FfHOgvH2VF0CV9lRupjXz3CofnLRVY1xLNbErC4dZw== processed in 455ms
[2026-08-24 08:40:57] [WARN] [auth_service] Transaction payload payload_hash=D2rvSgTKfNwCzTThWS5M3vfPnng6g+U9H6wXyzuaxF6Uog8Dh7uOVr0FUVeoOiyRODSH+3waqzqKlBqHQ0vDvg== processed in 198ms
[2026-08-24 09:02:20] [WARN] [api_router] Transaction payload payload_hash=1B28Nv5zVeqiWT20WPUi8eOxLCMjjfax1ZFVjitn6b+YZcgy+9Xs4y5z73f4IDQ9lQq5A+0MY0zp7IThZt2RKA== processed in 289ms
[2026-08-24 07:43:15] [WARN] [cache_layer] Transaction payload payload_hash=JEtqJF7kSjtAfJUkTdSx3xU/RwREBcEChNVGnKmiCB3c20Ev2+DsETzkbmdKJ7geHF+BMNkisJmifL1GQuzLDQ== processed in 148ms
[2026-08-24 08:41:54] [INFO] [payment_gateway] Transaction payload payload_hash=AMNU5zFM8GQLsgog6GuRsOraEKGRg0Hj8zFJKV+GQ79funV7pHF1U1cnziWKdbVIVQQLQBvXqKYIifvWsBqaNw== processed in 89ms
[2026-08-24 05:11:14] [WARN] [api_router] Transaction payload payload_hash=GjPXGnb6DSwQgVx+Eir+PjtUK7CZ0NesYGtB+YhN36/ntqs5ijb1HSY5ma90hPnINpuC8IRkKG0lDfqeJWPVcg== processed in 28ms
[2026-08-24 10:45:36] [INFO] [cache_layer] Transaction payload payload_hash=WOC5m8ty9qqFvAN2G78sDobXfmGEfc2Lz0GJoNnzIp2UayJrbYefxxI4HrSbySCfJE5/Lc6i0i+pmOjbigV1JQ== processed in 153ms
[2026-08-24 07:33:12] [WARN] [api_router] Transaction payload payload_hash=lBx3PN7zhYK+ITcMx77rwWZqSA0wrgejWYICqor7sGjv/OS+NGdYJXJvoMxOS8dZ9N3gWH63PL7SC3H2fGdxXA== processed in 255ms
[2026-08-24 11:01:22] [DEBUG] [api_router] Transaction payload payload_hash=ec8xUF8TQ4+MFx3UdQDV2pO5iz4/dcBK9K1nmLcljOCo1ys7qSWUzc6prQbBtF+0LGaknxq78YnB+EIp7mfn8A== processed in 50ms
[2026-08-24 09:17:23] [DEBUG] [payment_gateway] Transaction payload payload_hash=aceQaNWFqwyk4i6KwCv+Mx+nSm/xtkDoHArjDzcFsWSAJhBEgLFTF+RRKZVKY8nNr4d12wc0fljF14H3ZwlQ+w== processed in 388ms
[2026-08-24 02:58:58] [WARN] [cache_layer] Transaction payload payload_hash=yYwdVCrlmzB8jQiSF32Z4k7p5tp9AEsBM5ptajgfV9JpN6P/XrmPbzcuens7MUlDp8BjU+aYrwJx5V9lQnU15w== processed in 176ms
[2026-08-24 06:22:35] [INFO] [api_router] Transaction payload payload_hash=OiaVu3wGVZdEXri8TeV3PDUe64hWwoIr08mdm3AGVfjWkHkJ+KUM464IXazm59nl4bifqVsz5+baTcWEacjrSw== processed in 480ms
[2026-08-24 06:50:32] [INFO] [cache_layer] Transaction payload payload_hash=efBlUzWWt+cXuwoLewSi+GFXBnrofCgDc1XZ4cVoUrS2Dmuc18UlqaVy5WASvxu2ogs3fA6+R1Wf/W/JfwE17Q== processed in 288ms
[2026-08-24 05:06:12] [WARN] [db_pool] Transaction payload payload_hash=wPb5iB6a1BxFYPUiPsO39mmqMf+A/nBtmHhufnYnafAsDvUTqxkVR8t+kNL5TR+xRYWWsvKQziAvFuMH5Umb0w== processed in 219ms
[2026-08-24 02:52:25] [WARN] [db_pool] Transaction payload payload_hash=uEbUVa0MIdA5FA70v9LshOVd9MO6KNZLKy+/97uzyBz3bPNfIMwzj/xcNQTK6fDW45tMpHgu3H9Bk5cD47d5IA== processed in 300ms
[2026-08-24 07:26:54] [INFO] [db_pool] Transaction payload payload_hash=GuXzSQkcE7hZAJhEmoJzBqhG2cEvUMrc4wzCZFISoiTsYLt/6OvU2f3qnz6eLdyNjXAi9g8UMlUA6o58Dbc+JA== processed in 299ms
[2026-08-24 09:07:20] [INFO] [api_router] Transaction payload payload_hash=U9zp907RDzuFl5o5oVxKx5cWIm8Ung9p9nJwnIUAxkZqQpWJ1yHU8HvuRPdSUoOYwKeu2O5GwMXCLJQPT8rCxA== processed in 325ms
[2026-08-24 06:33:57] [ERROR] [auth_service] Transaction payload payload_hash=cxxIK8zxwtF1SztCPq1Ut3Ric5Zy0c+1zpHxg8YYlpIvcDICkzBaoezm9/9oIPEHbpA7hBL4xNn3AmMNr15iHA== processed in 33ms
[2026-08-24 02:31:54] [ERROR] [cache_layer] Transaction payload payload_hash=mrFN97oVlrNV/MaO41DYVdVtGoPMWfIIOsodoKNwOvuVO9USga330RijHY+SnfTe0xzIKdhNiNAq1M7wK3stkQ== processed in 390ms
[2026-08-24 08:23:14] [INFO] [cache_layer] Transaction payload payload_hash=RDd/QUPWhI634m0RlpWcPpHxL8KiYJfREnFy1x2VCuK4wQgV90ZQKXtsSNtWUO9eNLpIHlT1RNknrCZVAUfWlQ== processed in 81ms
[2026-08-24 05:11:21] [WARN] [api_router] Transaction payload payload_hash=XY5EQ7GydS6KiLQ5ablFXvZV5CPtA/Fsy6U0qnnkK00HWNBJAfYNW/c8DUgUHsBz7lWNjpY9y0qPNjUXSyyrAQ== processed in 312ms
[2026-08-24 06:37:20] [ERROR] [db_pool] Transaction payload payload_hash=MmfYN8wJCSD3yhV/ixHTFW8PMMUG3LV0e3BKVm60CpIOu6uW8Qz/poT4316lRVieC1hMwCcBYFPgQ+BH+opvpw== processed in 332ms
[2026-08-24 04:04:07] [WARN] [db_pool] Transaction payload payload_hash=q7VDk+qBacz861LWJXVbgcej3zp6Zjf5YjW+dlPDuaYNScAzOOEtzWZjQMoVtmOusKPXEr+YhWyEnnAoy8gF0Q== processed in 132ms
[2026-08-24 05:12:40] [DEBUG] [payment_gateway] Transaction payload payload_hash=S7Ejr0hXe3aeSXA1pgenf4xW/F1cBMx0LK9FSt84JxCt4jqo6f/5Jb6q7WGUk+YWFC/BGkmIfqtwkMe7PzPBzw== processed in 339ms
[2026-08-24 06:17:10] [DEBUG] [cache_layer] Transaction payload payload_hash=mIjfB+KLn3B4deHYa+YFT3HhVxZBImXzcG3HQFi9KgFOM9UjPONr74JszI5yc3Ag8Ssw67Bs7UB+oxQBlyaNkQ== processed in 103ms
[2026-08-24 06:24:49] [INFO] [auth_service] Transaction payload payload_hash=rD+RaX47trU6SPMYEYc2/H6/PeejM8wS4LoO8tEhN32h6tK3b4So/DuUVbCicaPFAPKytPaUB9lM5JzYr2A1Pg== processed in 211ms
[2026-08-24 03:24:30] [DEBUG] [auth_service] Transaction payload payload_hash=VIq1vNoFDSN2uH+01vSkAULnPwUCNWwxrpHtFiCn+E9ZQe9KoRJ+Tz5WG73lFdpRw/UiXT3CTijTrYJ5EM02eg== processed in 271ms
[2026-08-24 09:45:04] [WARN] [cache_layer] Transaction payload payload_hash=VUXxj+9YDpNJT2uawWoKUaMcwta8aIlNYf69z6JQdJMRm11EOZRMh7e64zGLRTj2Z3xD86lC6iPAxbS+jkTmVg== processed in 44ms
[2026-08-24 08:11:40] [ERROR] [cache_layer] Transaction payload payload_hash=OSSaIuxmVKBdX9D7dCBaaWtZ/szHB1w1RCYhMZKkKaAVjofb8ePH66CnRTw6wurzcNKue3Th2y3Gg7vVFhLwAg== processed in 327ms
[2026-08-24 03:12:32] [DEBUG] [cache_layer] Transaction payload payload_hash=Mx0YVrv6uihK79sjySu/zeR1x6rw+i0QK7QyYxvlWFKSNzo6ssszSfimznM623LqonYCIjGL0UFpHXCOQyrrbg== processed in 252ms
[2026-08-24 06:09:51] [INFO] [auth_service] Transaction payload payload_hash=3gQoFvYtCvU6wmqsBg66EEUGN4uXpHdwOpLqHj9JrmERg6UZta6LppFSHz+oG8CBHaPnwT7MdQkz5+hJS6EaCw== processed in 236ms
[2026-08-24 07:03:26] [DEBUG] [api_router] Transaction payload payload_hash=N564Xo1jQM7wZhHbjQdFEeTnc4nrN6u3620WOpZkbbJAgq/CJyKX47tS9B6M8blnHjGI9E2BWCIrRThmYPc4aA== processed in 353ms
[2026-08-24 08:55:22] [DEBUG] [api_router] Transaction payload payload_hash=FLPQsU0/O55kwfdTfDc87TfKsQMZ9CzdfBxcxko7EwnGbuHHn3+hUxwmOTz3Rm0YFLOFS0lrxQ51DLo+I4E0rw== processed in 244ms
[2026-08-24 07:51:36] [ERROR] [db_pool] Transaction payload payload_hash=/Ei1cSe7iIoin/cC8J3qXRP3bPRQZoJdpdnIqFhEXSTXBfZoZREZA8cpvy+sL4rI4bu13uF7iZQ1lje2C5sKSw== processed in 396ms
[2026-08-24 05:29:25] [ERROR] [api_router] Transaction payload payload_hash=vzc2O9BtUdjs32/6/QDz6vYcT/20eqYzkXP5ObSljJgxfRFdBpFOc3zIrGtZuOGWoq9SsH+qobdCGTr41L2dqw== processed in 466ms
[2026-08-24 07:27:03] [ERROR] [api_router] Transaction payload payload_hash=+dM4OQI9mRIiRFtEBBZFso0LNa6RI80nRgRec1st5XsT8v4mEFDlf9CMzScDI6cak8uVRHoiopLGDrCIFFqOFQ== processed in 35ms
[2026-08-24 11:17:00] [DEBUG] [api_router] Transaction payload payload_hash=ob93B7+TWpvN8M6BxX5kpGZeA6lh7Ynibmun/+aKKdGqN15VKYSKOgKySXDLFyTXqiRZyf8IfX9BTihsQ/O2JQ== processed in 452ms
[2026-08-24 07:34:39] [INFO] [auth_service] Transaction payload payload_hash=0p/nDfxm1MK8Gjm/XOb8I+WFdHId7VO/iRFr7p4fu6zdcOEzGNo62PUn4QSGLYRcYopEX0f6lq9nHRHWWHJbQg== processed in 52ms
[2026-08-24 04:37:59] [ERROR] [auth_service] Transaction payload payload_hash=jLn0hYMn3Gj9nfwSg5cGZ9SCabiYHbFv0VUWOSyYFfNbYS8MpMON8xyUN2L+VGLyY7xxnS40fRosJngtNo1oXg== processed in 47ms
[2026-08-24 09:48:58] [DEBUG] [api_router] Transaction payload payload_hash=Ay+yXOBrk4PX86Nd2f9zsLTWGd9Z9WaQ2lcvBmFPDPBi0YFabHCpu0bXLLRHc6lg/nk85UYjBXGLsGIup1T48A== processed in 164ms
[2026-08-24 07:21:52] [INFO] [payment_gateway] Transaction payload payload_hash=eqE77G3mSgMaa+2AieBakeSI4nKvezUQ9zCRhDehdddFzYjJ4hljiSUUCdIOAeYHTwIcZ6u3xp3vq+oFslakYA== processed in 235ms
[2026-08-24 08:22:54] [DEBUG] [payment_gateway] Transaction payload payload_hash=fUb4Cz4JNgTK0NrBfgLLUxZheC+xixE2wEKr/x9QQP2MNzA2RAsG3WuWQ4iqSgubaWWCLNIft3bHlRqeGqh7/Q== processed in 406ms
[2026-08-24 09:19:55] [ERROR] [api_router] Transaction payload payload_hash=zdpy1OTqEpmD0l049dsO94vSvhf1jwjV7x2xirkiYZAuFNYH9pg0QmnSkE3BtSmrr150HruKsplhVCI6nq5cxg== processed in 385ms
[2026-08-24 07:51:50] [WARN] [auth_service] Transaction payload payload_hash=hqHaAzboAHx1IpXYQnhr8WVRj/273NyvDUO7s5BqzfrBt7SZTXb6bPMOVWzr8gBZyvGDXKQV2HBEpelloCohdQ== processed in 200ms
[2026-08-24 08:56:05] [DEBUG] [db_pool] Transaction payload payload_hash=slq3kiP2x+lBc4THApmbjaeyhMTWrtUKrEnAyxgFwIyu3yuMOyiCfa/MZQRwRww9md3DZ7jitAVBgRB1UhUl+Q== processed in 445ms
[2026-08-24 09:42:39] [INFO] [payment_gateway] Transaction payload payload_hash=OqoYR9OPz9V3PvtrziIjyjfY37eQloW8LG6w1Kcri6tvMCbHP69AYkRzRHEwAHQbPoTp3GM00H2RUjpL/6gCNA== processed in 490ms
[2026-08-24 08:02:26] [INFO] [api_router] Transaction payload payload_hash=OqOt9mvFgbU+thI83pMsaxNm9bvUo1N7RxLG6Sd9s+9wEXZRh8TKpOoBYBQimNF0NBGEd3pc74Wk8g/LwlhyGg== processed in 413ms
[2026-08-24 07:36:55] [WARN] [api_router] Transaction payload payload_hash=jqWF+UujVSh658/Xc9VTag2CPk6JIV3NFxmJXJLKWNe2PwkvCVqA0vBvCddBBr3voOoYNZMbxJyLTSvFGGWrug== processed in 140ms
[2026-08-24 06:48:54] [DEBUG] [db_pool] Transaction payload payload_hash=6/SoSyW0Y1uORFxr3bRy7qcKxnWri7VpREvXkEXdto+RRR3ghNILvCrskZnGppKVV/5MdBYr32jRQXt9gcshXQ== processed in 285ms
[2026-08-24 10:23:33] [INFO] [payment_gateway] Transaction payload payload_hash=L9mN5MhfP2RgcJk0eNlmYYTr8OkpX3UELbBxnQAUF/cI6w2745NLVuC98iNaGBkVnYzaESoWPoyNPwhiFs8phg== processed in 23ms
[2026-08-24 04:00:45] [WARN] [payment_gateway] Transaction payload payload_hash=4rMnn18QAoTD9WwPxmsPIKXXL3BvuGX7Mch2CPPhuDWsboyg6Aq+IyOaApPABfWiqkaF99gBKhSWDAYtdBZpVg== processed in 464ms
[2026-08-24 08:35:47] [ERROR] [api_router] Transaction payload payload_hash=PkyB1WrJ85TCni/G7GSCHzNul/uYOK07uggDUTIqGKOY6TOrckB4pYSGdrGq/CvFAWYWb4Gk9j9BA7BKS0oR+g== processed in 474ms
[2026-08-24 07:46:05] [WARN] [cache_layer] Transaction payload payload_hash=Hy1fkT9B3a5W/+wnhazAGasVbI7Bu7x1gO/47nFHd0QBvdPFiBGJ0uV/XCwgvmFjaYytbL/pHp2i+s3X2agY7A== processed in 415ms
[2026-08-24 08:04:54] [DEBUG] [auth_service] Transaction payload payload_hash=n9hy3nJvlKws6UW/wzb4ohQnDJ+H4XFcNQbTZAGO46sXGLSrATVkFWloaPUQ1CrkChPFxySZTJvicV9bZhErrA== processed in 134ms
[2026-08-24 10:14:23] [ERROR] [api_router] Transaction payload payload_hash=ZT2tHX/3rA41+tkw//Ae06hsu0Jl8m8bFShDf8jpLSPlarey8V//4ewYI0mt7t3nAAPhqWchloZ3dYKTv/knSQ== processed in 347ms
[2026-08-24 02:35:06] [WARN] [db_pool] Transaction payload payload_hash=i2trwEiE3nO1a+Q9oJbxhNsGSem1GbST5B2cXDtsumvgTkODyG/zdHEhD3Np1jxxad/2/tc8Kj5xOkJ8UxFzJA== processed in 450ms
[2026-08-24 10:50:46] [WARN] [cache_layer] Transaction payload payload_hash=7RNXH77Oz6g1sCrDHzaaogsC1CW5r84mti7RMkdoMG5Urv4KPugtjBIqHKqotLxEvcICWmpHiyTvKwFN4WTgxQ== processed in 124ms
[2026-08-24 09:09:15] [DEBUG] [api_router] Transaction payload payload_hash=9PfABeu09jQaKd1OtoH/uQJnXkb35Z93B72Wm5Bq00Z7an2a6RPkEaMfKdsch/kk/QHtydOc0WJC5bTiPEPgkw== processed in 174ms
[2026-08-24 04:39:18] [DEBUG] [db_pool] Transaction payload payload_hash=8p0Jlish00UGLcieLMTvBmmsIvsvipRF21TjNTLN1A0MJMnkQ+Gbxm4D6iRgoguajWgO8g7Oh/dmNe2PCSCp/g== processed in 109ms
[2026-08-24 02:49:11] [DEBUG] [api_router] Transaction payload payload_hash=gNUx7J2xsN7ZatOvqbzZzcodUgKAOzcvqCuDZyeGkadCph7zS8yhZ7kErgFXNw43KNS/SCTtp3wh8k4LRFwULw== processed in 2ms
[2026-08-24 11:18:30] [INFO] [auth_service] Transaction payload payload_hash=2eWt0V5hzl6WnDy4EYzFAD1aQh8BM0lEZJZZqlL9CXYjJkkkUIEP80hcJM5G+nwzhpbCpYBCRzPTDspGK2lQPA== processed in 80ms
[2026-08-24 02:23:08] [ERROR] [payment_gateway] Transaction payload payload_hash=ONfxILWmKsG0kF91DcvEPsWR6JExOQClcV7HSNIS60soMRuepQN+tTli2Na7ujjorFX342nq/ZhP3wVQfPvHKg== processed in 44ms
[2026-08-24 02:59:13] [DEBUG] [auth_service] Transaction payload payload_hash=wV9SwGhufVr1+pNn0MxoG6lW6uR52wWwVtHsq/h7+VM3WaUGMebkxGst47UuK35pjpFpVGhjj3GVaorVOYx7ow== processed in 193ms
[2026-08-24 02:31:30] [DEBUG] [payment_gateway] Transaction payload payload_hash=I+wMF1S93UxP5VNL/FWfyuoszqJAXxyHI2cAAP3OSCivd3LVKytLP+thBAYHLSMNzPKlDFpkqVCk/E+UhZyyVQ== processed in 382ms
[2026-08-24 05:36:47] [INFO] [auth_service] Transaction payload payload_hash=LVHV3hqNrH6ad9VxVRQnAejhy8VmHcm9lIee/5+E7O+ILDcqW5M1So8U+a+pUySqAvu7LMgCDqUHxFmREh6qgw== processed in 137ms
[2026-08-24 07:39:41] [DEBUG] [db_pool] Transaction payload payload_hash=mZYM+7P7KKlq0CtSmLJtoo7Dm/JfFdWZUd8JSrOMYpr8DB1lpzeOLJs1x7GI6ex1TeEzjK1vai50/ux8OCZl0g== processed in 148ms
[2026-08-24 03:55:17] [WARN] [cache_layer] Transaction payload payload_hash=eh1euCJfszOSKdWvtPAEzCv0ZF1TMna8wEGRJWmQpXPy+5re7/Eqin8MuQgOocw8B5uT0Ae0cRFJd14etvUh6g== processed in 230ms
[2026-08-24 11:14:18] [INFO] [payment_gateway] Transaction payload payload_hash=7101yMQezyM1NuyyMXl11fl1sfR6DMBd5d1ZnkyKxtyFGhWwVtYxlTCO/8mdGV9vVybtfvKwvZMXZSj487Ah4w== processed in 306ms
[2026-08-24 07:23:06] [WARN] [db_pool] Transaction payload payload_hash=O85VzXrMxFJiWYUhol7X4PbeKhUdi7NVh0JbTWKvHpbY+LxiR/ukSbryZquWeIRuyV/4KqKHN+lpWQR37h2KKg== processed in 28ms
[2026-08-24 09:19:54] [WARN] [cache_layer] Transaction payload payload_hash=FWTqC0BOJRtkbysOn+wRG6Y+pzj7Wwy6PL4ezi8FvLKpYlbEfZsipieFTtB041t6zLz8uCNgHIU3/GRR/MWMKA== processed in 174ms
[2026-08-24 10:27:53] [WARN] [api_router] Transaction payload payload_hash=W3eOYJr3fpMel/rtGZ3+fiwG5VIixKIMlw1ayGHHasIDtgIhwk0cps8u1LIkEpvG6KPezRz9XMBsnrQSGXczwg== processed in 311ms
[2026-08-24 08:20:24] [DEBUG] [payment_gateway] Transaction payload payload_hash=Ur6/8XVBAlxtZER2UMqA4F4h5AbPqL81ABZYFhYNDtePyM/avcnOqH48H5h5XQi2aWlhqSXKbmYrwFoO58a0ug== processed in 97ms
[2026-08-24 07:38:59] [WARN] [db_pool] Transaction payload payload_hash=17stm32ot4bQwpWDRJSYxB/8Y6/fMVUInEPPXBeYj6eEAcieXtYmvWsdmHMKDbxWGBlCuXmr/Xu+NXWfwhtSHw== processed in 332ms
[2026-08-24 09:45:35] [DEBUG] [cache_layer] Transaction payload payload_hash=A010sH1zMa9TN1CbaRlpvPphPjUx/kbbHadnD1mvrockaGu2+bDXfiQXXIJa6lAfxVLhqFYTkq7CZ5mqoApDZQ== processed in 9ms
[2026-08-24 05:44:47] [DEBUG] [cache_layer] Transaction payload payload_hash=kEr5H7O/AgdA5lUqHaP/I2jeg/5Dx0awGLYlA+R/MOV73pDFaI8p1/ljbnMijW379F/BIyb4v+yFsoSHJNr+Ww== processed in 139ms
[2026-08-24 11:15:16] [DEBUG] [cache_layer] Transaction payload payload_hash=SuNrAE2fdwy1q8mo0ib3+AKgC+DWtUg+X/91lS2M9Wq1WK6/mCSHAdtjL8eQS5CIW1pHpKhUx2qKi8kJPd+Bhw== processed in 184ms
[2026-08-24 09:57:42] [DEBUG] [api_router] Transaction payload payload_hash=G/Wrb1oox8Gr7r9VpPh0XJFPosLpkdX69MfAXmf0ZA2FK7VQdhlksKOrM9S0j5WxRmR/G0aNXUoNaOCGOMhTxg== processed in 64ms
[2026-08-24 10:25:36] [INFO] [payment_gateway] Transaction payload payload_hash=Oh4OZoL1Htkwb3XflFxdd4Z8gxJpLOZXC+eeUBiRaTE5WJtlRafIy7u459OwKt0SCkWMnaZAPcLMk+UUaM7Caw== processed in 207ms
[2026-08-24 07:16:09] [INFO] [cache_layer] Transaction payload payload_hash=GDugZP/aGasq/d4H+Q96BQzbqVarfBJC+4OG/gwRzqnS8AFDUs+nFXHVlmN8s7phWIOA41V9qszvLr19BGDTMg== processed in 29ms
[2026-08-24 05:15:39] [ERROR] [auth_service] Transaction payload payload_hash=F2/KEm5vdbLra21UsZwa2EP/Zjcot01/S7SAE9wpgheIK3hrqsHBgDsHydx89OFUmCSBRROUyX8OawDIVLIqyg== processed in 132ms
[2026-08-24 03:06:19] [DEBUG] [api_router] Transaction payload payload_hash=Ab/WAd+z/0JJb5ohxMCK3GzBCakm1RO2GJl5FmHw9uMT6WrXoV4LPnDfxI9QyEGHsPUzMQJ8BMGEsrPg0igT7Q== processed in 139ms
[2026-08-24 08:32:42] [WARN] [cache_layer] Transaction payload payload_hash=nPHYDcUNnH0fpufhwWfK6DuLF/BGU4g0rplO9/5MRXyI+dHkX0H+knthwsRczsHcrQufLlFrRvvjj4VX38xusg== processed in 58ms
[2026-08-24 08:42:03] [WARN] [payment_gateway] Transaction payload payload_hash=mZy0g8JyAVGk78wUpyS/y4NzgrrMSlbjNg8RF25PZaJhk6hPRpBnrCYshQdPZHjEQWD+ZoOZ0qbB6jENIxRK9w== processed in 412ms
[2026-08-24 10:42:04] [WARN] [cache_layer] Transaction payload payload_hash=bGEjUQ70TRHR89RJEqFUI4wO75zk3YT/rmO3LzPDI6RUY3Gh9vAFPrkIcniLFlAinjVrOUhDW55mhBaVeCR4yQ== processed in 327ms
[2026-08-24 09:29:12] [ERROR] [payment_gateway] Transaction payload payload_hash=hzDDkY23dBUFoWph1/ySFHyx2M/UwjLIIvx34RLpcB8yyruT8Ajcfy5+BL/DQwsmlJEhdCtw4AhsZXH3qBub3w== processed in 287ms
[2026-08-24 06:20:26] [DEBUG] [db_pool] Transaction payload payload_hash=LkHmmwiwPJKEVX9197Q2KBrzl9ACOAIOYW0z9R841evJxRyuU3IHxyOiw2J3bItJm3j6RyxzOnCmxwKlWBvPUQ== processed in 325ms
[2026-08-24 05:01:14] [INFO] [db_pool] Transaction payload payload_hash=8q8sq+TP7MDkwo2iBcPVmd8NQi/X97YRY7MuDx5k484/SDwRJhXB1I5OHC96QRiTubb5PNIkM81v/x77sXk3cg== processed in 487ms
[2026-08-24 03:08:24] [WARN] [db_pool] Transaction payload payload_hash=+PhO0EUPRbFTpxNBQGEROCP9eJk6VF+eh2r1RLpIRjYWiCAhlrsoL3IvhUAoCwlSnyUM1+iIiivvNtvLXNg5Vw== processed in 290ms
[2026-08-24 03:09:32] [INFO] [db_pool] Transaction payload payload_hash=rsQ0lAtoEnJ9m8zRiU5i43Zyc4rlhv9t2skAM/BWy9cYbSySNm6IuLkm2DxvhUN9Ps7wgsEO2mD2xgrZGi+xTA== processed in 425ms
[2026-08-24 03:22:26] [DEBUG] [auth_service] Transaction payload payload_hash=uH7+VqdyP0fBUZI+a7iVqkVdiuTj2dR0j+xixHodHqKVjpU5Kct/DIZ0fLM1JiyXIQqbyxiUveCoHXPFNXtCow== processed in 472ms
[2026-08-24 08:20:32] [INFO] [auth_service] Transaction payload payload_hash=s/D50gKWuHNv7UQja+/eDdNexI7nA3EZ4VavvGtXu2s0ntWYU+AjZ+ejVe8RbefsVNb7Qrmn65sbFes7r45VWA== processed in 279ms
[2026-08-24 03:26:42] [ERROR] [auth_service] Transaction payload payload_hash=CHQ+j8vV78K4GNcIbP2Nc5iaLDHAUTWmQLy0zYyIffGcw7UzpJNpS2p+Cco/MK4PDBslie8hHBzg1l3MXQTglw== processed in 127ms
[2026-08-24 08:58:18] [WARN] [payment_gateway] Transaction payload payload_hash=x0rVX0olD7WXkeFS7/LzpqBwqi+m3+6IfzRTGCiGXhYxfskhOJPnyCIWAcO7gh1RhoY/QCYum5kZKd/dI36ggw== processed in 448ms
[2026-08-24 04:10:30] [WARN] [cache_layer] Transaction payload payload_hash=G1VMznhh36QWWf51vQ9/FU5SrIrU/dG66LXTW7Lv7rYYEB9oX3tm1hq2SPh4b2JsLqQJs2mGGH/5s7Rn/0zCaQ== processed in 28ms
[2026-08-24 07:36:05] [DEBUG] [api_router] Transaction payload payload_hash=cAjcLOu9FMnCzLDOYRGakotTzYcoGmRLIbw3yxXSWz8N+TJmeYtIvFJaWr+Q7rWDJjm0Q1gB4BMnWQtgqJX/9w== processed in 95ms
[2026-08-24 02:20:27] [INFO] [api_router] Transaction payload payload_hash=vXiCxUMBOx91E4Z5Viyk9U9EcosSFKg9VpD9Idz2vyrHmF136cOhA0hdLFGKr3RHOEPglBPSB9dxJwszYZvslg== processed in 407ms
[2026-08-24 04:55:21] [INFO] [api_router] Transaction payload payload_hash=4riDn82cfqD1Ci1FGP68l+egrs/Klk42DI8mlFfGLTOLaAxPAuAJHC62Ze0lvFbyRCIX41p0gXOZyueic/GV0Q== processed in 191ms
[2026-08-24 08:14:01] [ERROR] [auth_service] Transaction payload payload_hash=jslY/ivWMpmFOnVcIkikx2RMxaQvhv/d+k4MN7j2USNiaFmHET8/IfyVU5ClsJX1L7p7TKY3x4b0P4UTdaCg3w== processed in 152ms
[2026-08-24 04:58:44] [WARN] [cache_layer] Transaction payload payload_hash=a0+UySLCQmXl1JYe6ul8eIAjKk+43MMwRnNVebFnc8nV8Hr6n+l+fbJ6NlpDTbYX8KmXuM18EMABGUcq5y28bg== processed in 300ms
[2026-08-24 11:21:06] [ERROR] [cache_layer] Transaction payload payload_hash=FaPOpZdfUHv08bYaxF/ekg7d9Mi7TA+pzpDgkVbVK5zMeoCxb4uDL13BPrXrDXZfIWVa3lYxuSjHM1ZN+/UNBw== processed in 53ms
[2026-08-24 04:15:01] [ERROR] [payment_gateway] Transaction payload payload_hash=rwk+FnlIu9XRc35cCQust2ll7s+M06V6Ot0GfuQW+81VrqDn78vSUbudddCH4bUUBEV4WQnsSeog77lEtISzOQ== processed in 432ms
[2026-08-24 05:43:06] [WARN] [api_router] Transaction payload payload_hash=7TD1KX+39tZ/DcWfHlNQjHYogGMZ2ZJZYDniZ5LYsPLwF4Fd2e8ni2QiVLZkzWlFHSfmjT3atdZbyJl1oTWuTg== processed in 114ms
[2026-08-24 09:34:30] [ERROR] [payment_gateway] Transaction payload payload_hash=3/n5zibP7HCB3FUFlF71yAMb7S3tTzQCKtgnA5CnGntIm3prDIIXzRDMRwtlELk/cOtehYK657gSz0BLA/XxCA== processed in 205ms
[2026-08-24 08:20:50] [ERROR] [auth_service] Transaction payload payload_hash=4A0QZHA0G6VR3+IdOadYqhM9w4+RbS85GWyhhGBEuQKt5brICWOQf59ze5gQsAEkg7UPgESn7TzJwuj2f8iERg== processed in 417ms
[2026-08-24 07:41:58] [INFO] [db_pool] Transaction payload payload_hash=I7wgpWxH1CB6xZPJjmJQHVqYR07GcqMFwLSaiAAysR/ohotUpJx/0U07CIuwHjwo1KgTuW4PlTHeO/E3oWrgFg== processed in 425ms
[2026-08-24 05:45:22] [INFO] [cache_layer] Transaction payload payload_hash=shTdoSxRLySE4IQVfcqulRhmI8RbezyaHItbtviJNs30HfUhShRISd9F3X2LxCf8iJoYOiIqDUOub8yh+y3K0Q== processed in 473ms
[2026-08-24 03:58:12] [INFO] [cache_layer] Transaction payload payload_hash=1hei8WMXJyNtXUZMXI7x35FKcWkrOg5gvYbvj+0BjqoHpiEPAlm9rj2cSCKWwvn1/gi3awrE1YA8VvH3oWuJDQ== processed in 82ms
[2026-08-24 07:58:19] [WARN] [payment_gateway] Transaction payload payload_hash=o6Sd26c1UqAirjVpqxg967kIFZrLmT8eBpkEfhoLIrul9huB982JeZUHUN0gxxT5hwfwx6WYqUK86Ro6aWzYDQ== processed in 331ms
[2026-08-24 10:32:51] [INFO] [cache_layer] Transaction payload payload_hash=kqSxMg8n+gacrsAYNzNFHfSH2Y5ZKVX552HSeeQi7k0noA4+4xHmg4p2ziTMYNnjVO3FsHA9h+X0RQFD3ItJ8g== processed in 304ms
[2026-08-24 07:00:26] [DEBUG] [auth_service] Transaction payload payload_hash=GGwjnSq6so0kreKhFSaweduTKB5F3zSBW/Ai28j+k4CwUIbc0uMXuB/u/J3jqsH61DsfD9LQ6eOjJqYVQtpwqQ== processed in 382ms
[2026-08-24 06:54:31] [WARN] [cache_layer] Transaction payload payload_hash=ewx8sBKgYhxK4rBDEJIlPJb29EDEwZNxRoZg/IS4sYK39+tG5wpbBBavDCg3304V0jqy1eIFoxVqlI1XQ0Fy8A== processed in 129ms
[2026-08-24 09:53:20] [DEBUG] [db_pool] Transaction payload payload_hash=yssNHDgpC6kEBg8IqjPxEsNhu0ieQql2n8IKKialKD8bbx0c+AqGH0ypW4MG86U/zSkAWbBsBAdD1aiKD3hpQg== processed in 277ms
[2026-08-24 07:02:13] [DEBUG] [auth_service] Transaction payload payload_hash=+YAdkJjC6rYWdYxYd6i3WOLc/3wy+JEjCXGPlaMNZP2/vg4WmX52KIiB5+eP3CXRG9GST5vuq4TyoAEyu45EVg== processed in 138ms
[2026-08-24 02:23:00] [DEBUG] [api_router] Transaction payload payload_hash=g/ktIfHkIrlVxcPgeQ85TKsevY+vornN0FYF7fmspBILpAiS2WfQBv08gHpHIAvvCAceTJqSOqlMIqzRRVTXbw== processed in 408ms
[2026-08-24 10:18:05] [WARN] [db_pool] Transaction payload payload_hash=XlaPbGFTMR55PaHidKW97go7m5MskqshwLKxOroTlYugxpN3W+m281g58G6t/upYI8uRlz+ga49li9Jsq7Q8bA== processed in 184ms
[2026-08-24 03:35:50] [DEBUG] [api_router] Transaction payload payload_hash=qQQt+hYPtofLojmh9tWaG9IkSNc/S9SJEoMINY6TBWEeYBrYCryMr/LVBWNbM7b6aRQqGJ/ZwTAWB5nx0TNYpA== processed in 444ms
[2026-08-24 08:02:19] [INFO] [auth_service] Transaction payload payload_hash=f8N2p11krou/ERCr3QqfuJn1O0zSvp6epuqApQin0oSEGjbSRFYI4AOdNVx+CwXvamlJssVe0UpuD4/XBvjk0g== processed in 311ms
[2026-08-24 05:44:36] [ERROR] [db_pool] Transaction payload payload_hash=KLwb5tG6DRlebntImagPtsxYBhAe/dJJUrVQotZoia5IClViK5mkvm0cDaLnu09F2dLlh//fiNxd7WLdxiz37Q== processed in 211ms
[2026-08-24 04:34:49] [ERROR] [cache_layer] Transaction payload payload_hash=HGZEey1rBbXOerMVCIeerl2MJ6MiD2rWG0OYwQc5J7AV+XLtZwPmMFjRROwgtrUw1dNoUGwSKHEIxMkIgBxWuw== processed in 76ms
[2026-08-24 06:27:35] [ERROR] [auth_service] Transaction payload payload_hash=GOvMsDLjSk/9pNG+LuNJXeY7F5PMCcnScb/xEgdvqxKSTWk52Yfts1HFt/HJGgGkWbnKYl0wYCnuWOO1qlOkiA== processed in 44ms
[2026-08-24 02:32:00] [INFO] [api_router] Transaction payload payload_hash=KLnA8l9v0nXU9PhWUmI4e/N7qY3EFf2JBVPn49jd3v3ymCpSjtZ78Wgi8uqkxbXpWC6kxyIkcX6Wn1EHnemneA== processed in 107ms
[2026-08-24 09:15:43] [WARN] [auth_service] Transaction payload payload_hash=3PpBLBjrPXUo0g39Uov387ZMQ+WkO6W60XRbLnkM8nxqE7r1aa8qNkwUi6gzGUrxo4zfcGDK+t4rx3rjcn4LZA== processed in 307ms
[2026-08-24 07:18:16] [INFO] [api_router] Transaction payload payload_hash=+Ox/QXoZEqdTjqLwTrb56AzyVYz53V9lOW0wgd6oqifltz7f7kPkZHXDZYyd1eTslwtNcSNdUwNQN9/hVdkgKA== processed in 158ms
[2026-08-24 03:14:24] [INFO] [api_router] Transaction payload payload_hash=fML03kfvYTYjUJBCc6RBZSjK2UBY7BP10Hz6ecor9IO+3AIkg2mefglKLaV2EOofz6mWjuSCNGe8guFD5ehb3w== processed in 94ms
[2026-08-24 02:46:02] [WARN] [auth_service] Transaction payload payload_hash=peM9yTtzf7U4EYXzPKbPKpBkbB3+lEHa0kRHsZUbL4816YdUWEtdC35yUnTxgkI5MDqUBJ2c72ZV1rTTMTA2dQ== processed in 279ms
[2026-08-24 09:04:52] [WARN] [cache_layer] Transaction payload payload_hash=4afpQTeM9wHsazt/TpONrQiSVH+0MnyI+JInSq455MnWFWL2OELxp7eE2Q/gZWbKjkzUu2LMqlUMOLXLeDEmRw== processed in 177ms
[2026-08-24 07:09:31] [INFO] [db_pool] Transaction payload payload_hash=9HQnwya3Nus4Sax0mFa2K3eVFbzE6ZfmiYHrciIpU5xoQ4LahNNUGGtj1zCaJiSyDRcNiMg22X9m9ESwpN/8zA== processed in 389ms
[2026-08-24 08:56:49] [INFO] [cache_layer] Transaction payload payload_hash=hFAKvCkhfrJgAtBZUSY4MR0pZF5APydCq9Q8yy1qWjzdvyrL6OgFFffB/GG+G3xqzJUujdE53g1Ha0Fcy5zViA== processed in 307ms
[2026-08-24 09:51:55] [DEBUG] [cache_layer] Transaction payload payload_hash=Pg3hxIG131tGpZDdIZLnSfntw8sO5kqbqHfAqtTPlZTJyFGjuoLCDwnF0SO7zXg99y3mI8yOYhChN3xrQvd93g== processed in 103ms
[2026-08-24 06:41:51] [WARN] [auth_service] Transaction payload payload_hash=zplon17Zwazscqf4tzysKgyJFGKzYRWoFe5JfbNJF3Osio5O73xT6YSDU6p47w9Is3J4yMxJtKVpcHNF60+Ayw== processed in 175ms
[2026-08-24 10:02:06] [WARN] [api_router] Transaction payload payload_hash=twEAcbrTYD7Ike47Olr/hmFufTmYWJdPR/WFSLIzO10mbppTRQ35XgnQorX5weHemERE67AGZqooX66XQrmJag== processed in 69ms
[2026-08-24 05:31:40] [WARN] [auth_service] Transaction payload payload_hash=pNs45cZwh/4cK3ChH5Tgg8i2BeOOfi8z3AP1JHoeSQy2Ka4bXgI32XrMOjydsracNDQRQJHvlfLW2gTONWRKEg== processed in 273ms
[2026-08-24 03:23:40] [WARN] [api_router] Transaction payload payload_hash=r/MqrAEsY/xgPs3rjLe8/eZPNTD/ciS2WrT4RodBgp14mEAH/HYZf4VXB2sYjx6ubr8l9xr/l+8sNeyE7kjIWQ== processed in 54ms
[2026-08-24 11:07:53] [WARN] [db_pool] Transaction payload payload_hash=J4VggcHkGGQjfcCqUg+L2YxeEY2gFSDOCYWaqkfOfpFNX0c8rNfk/JIlJ2pz2bsbN7ma1VTYA9PiEHxyI/aR7g== processed in 471ms
[2026-08-24 03:29:22] [DEBUG] [cache_layer] Transaction payload payload_hash=NQi1AW1p8jpe0HdS3iVIW0kJnOweh08337S98ZzDauwbQRVFLYYaO1L55Dm5wHg3kEt77U/KkwIhRvHQ65zsbQ== processed in 335ms
[2026-08-24 09:33:00] [ERROR] [auth_service] Transaction payload payload_hash=w2Cae5xDFr7ylmkhgjP++L9E1wi4Rm5vBaa9EW5RTts2IwMy4kS2yHal+W6t8iYeRVcIfqptGernq6lRRUN8IA== processed in 233ms
[2026-08-24 08:42:19] [INFO] [db_pool] Transaction payload payload_hash=mZle41TwuCIUXa8Hw8tBFc0lBxTVnUoLFYhGTTHLawZ6ictBQZ6xVvXyl7sMV394ppckVbrtLqLDuXczprdcSQ== processed in 496ms
[2026-08-24 10:54:22] [INFO] [payment_gateway] Transaction payload payload_hash=hRHWt/oYU2qSWLGRQ2q6UimYrucgYGHXLtobTRLR2ZyvH7VIPC55rfl5zXVEJfrTIpMLVLyJRqJIw6Ss0SLp7g== processed in 36ms
[2026-08-24 05:35:56] [ERROR] [cache_layer] Transaction payload payload_hash=gO2UCFie+BcSjIWNGdC0Cg4ZWXNhmwwHxIWAyitIw/MW8JLR8PAkqf7NimBNBMya6hWbblfDx26C1wvjOzzXjQ== processed in 353ms
[2026-08-24 10:02:37] [INFO] [auth_service] Transaction payload payload_hash=kLmHO0yWjl0DgNZSUAl2ejWL3+GnYMnxN/2U0qsBtTqzXf21lGuqjWBjYoDIxi8X/CN0UcSQFbjrKKOb3GYkdQ== processed in 271ms
[2026-08-24 04:05:36] [ERROR] [auth_service] Transaction payload payload_hash=TL383uIGLrZOK/cvv+PptN1C7KUzNvjCLd5gVvInaH42hFJGNPfbFU/Hk3MwJfItwS1IAQ/NHR3qb7TLFhls8A== processed in 451ms
[2026-08-24 08:47:36] [DEBUG] [cache_layer] Transaction payload payload_hash=EKN1skRYfg9qRXLPF589FzXxYU7aZ/3aAWZ3FtwGrMdgITT5+dvYnl2KyjYxYpSNfIo7L5yADMDVhwE7HbKwOQ== processed in 198ms
[2026-08-24 10:24:37] [DEBUG] [payment_gateway] Transaction payload payload_hash=TrIroAESuNq3kDtno3PA8QnpoNb64vuAZSxC5r2ux/XCU1BaVZK91TRr3UubKNoLjfa40fMzdyfqJHuogj1f9g== processed in 253ms
[2026-08-24 08:10:59] [ERROR] [payment_gateway] Transaction payload payload_hash=TCYrgHBuBPoGjLgvbMqNPvlu2SuPa2JpWLsTdet8+2nkTAawDrjk9TeVJhfYQN0qbSEdlv3YCDinK+Fi1kjcfQ== processed in 179ms
[2026-08-24 06:11:44] [ERROR] [db_pool] Transaction payload payload_hash=CYtWjHKDdmWXJ5Bvfi+I0YCF2xRm2RyKAK/mMM4PPDxbqcJzdHX2tBxTtJ+c+Kv1yLyZnAwNtXzkCYADTm/Q+A== processed in 477ms
[2026-08-24 05:21:44] [ERROR] [db_pool] Transaction payload payload_hash=8w09QdpYUwHSLiB94dOcWp67pNCLJxpmZXRWtSqssQBEw1mqXtmFFKX3tldKdZ1zLdruwAaiecHgrXaD+wX9Cg== processed in 106ms
[2026-08-24 10:56:21] [WARN] [payment_gateway] Transaction payload payload_hash=hqqNALP1pAL/le5sFQS35CDSg6vU5J59DTKGrrLGXMk6UYGrykk++xJVA4VZvvhJfJkU4EwbybCwMLXVAjYtdA== processed in 300ms
[2026-08-24 06:41:44] [WARN] [api_router] Transaction payload payload_hash=Wr9nRb/1Yn2cMGKWFkRgaJOYgqbvOPiqGCrvyUVXIATkqxsv4/YhgLz+lNYUiFp4PBsmFr7qoZ1IWUhnBvClqQ== processed in 247ms
[2026-08-24 03:09:29] [ERROR] [api_router] Transaction payload payload_hash=4Nl9f3p4JJswcDYseyY03LwkyV0xd6sclzPibrpuqCKpoO4W0NKOM2wHsBpAikFZLVUysnleKG/59FJMH7I7Fg== processed in 72ms
[2026-08-24 03:45:15] [INFO] [payment_gateway] Transaction payload payload_hash=Tz5ZqVEifPPKsjQefhd4rP9ZIm67aKTXSUuyNipRkcquDi9SgbcsaK8j8+rAxS+B4kOaL5Ju2vsXOUhbZXi5WQ== processed in 225ms
[2026-08-24 04:53:13] [INFO] [db_pool] Transaction payload payload_hash=dsYVet6LIBX7Se0cfcDX8flebpxU0nl6FMzISygpN4Ebeqmz9kbNqo7DZWEwxhmP2tEDbusXC4RCT+O9yDgEFQ== processed in 119ms
[2026-08-24 04:18:07] [WARN] [auth_service] Transaction payload payload_hash=rjNNDVTMXLTT8mj5sm0NBX1dptjFpvJ2KxN371nZCi25FU7sZ0Kk0Mq16iQlZY7anAqgE76xFqHYWztoilY5Aw== processed in 328ms
[2026-08-24 08:18:17] [DEBUG] [auth_service] Transaction payload payload_hash=HTXf8xVWls8j2M+Swgr0IhPXntsoUuudpR1jJU15SX9RjHNxrThefKFvGF0aHIa4CyFSzc29yrviTFMNu+eBtA== processed in 324ms
[2026-08-24 08:51:28] [DEBUG] [auth_service] Transaction payload payload_hash=CxofHi77DjQ3lewffO80YyC2AwEcWQjocHDvBXGfFuJXLcN1faxeX5ItZlBvCjWxt0q/c/4ILlNOYDj6eybQpA== processed in 208ms
[2026-08-24 02:58:07] [WARN] [cache_layer] Transaction payload payload_hash=eBIaHmmH3zqCRw1iK8Rr+Dyur7DW2khr2pQomPCy1g9F0vIZmpEqhS9ZKXX/1tuBU9wQ5cNbzqqWnle9SKh/lQ== processed in 56ms
[2026-08-24 07:42:26] [INFO] [payment_gateway] Transaction payload payload_hash=xY0vp/biZfl7Aeuy8se+Uyb1AEHbRV6aitHI+yiHC4fkcovu6Hs94S8oCXwVizhK9Reyk5HsyYiWymS9Cbt+Tw== processed in 445ms
[2026-08-24 06:47:33] [DEBUG] [db_pool] Transaction payload payload_hash=iITj6kzkTzYmnqyzJEBdMcUStBOQLgyjGD2He574g6sSft/drNbfoJMpTw6HcRUKw4nQTEcXQvJoAanMKXjjxw== processed in 208ms
[2026-08-24 05:48:52] [ERROR] [db_pool] Transaction payload payload_hash=WJIfN6x2cK8Jvii2dX0cSi3EsE/KjGuhN90+mkvwZR+MUoQIxUFdcrxyDI5fLy7MYuFvCCoqvIu8Xf9mAykbBQ== processed in 122ms
[2026-08-24 04:10:28] [WARN] [auth_service] Transaction payload payload_hash=gcyjnDMFSk+FGH4RxeN62M0jBqDDY8uvC6/rsxWb01RSLe96LfrxDKWF4sNM786wgim0nkja2z54AIKayrPh3w== processed in 164ms
[2026-08-24 08:57:16] [ERROR] [api_router] Transaction payload payload_hash=fjr3mHTq6lFO9gpu4XD2+1xuMUWBk3Fox5a14jJwValm4wo236LxTa8Wz+NGFKai4zZyXmwqV0jZ5FIFgJCMnA== processed in 276ms
[2026-08-24 09:50:52] [INFO] [auth_service] Transaction payload payload_hash=1igN/fAF/URrtbO6TTyyZEBl4zPgZGdr/lVrJquy9Jo5sgER7lYLVB2q8uwCBF/1ZhcONh/UmpJ+32e+LZK3Kw== processed in 56ms
[2026-08-24 04:05:06] [INFO] [api_router] Transaction payload payload_hash=3J3abwoIdAOuN8RJteXIQ+qmO9f3FW5AKvrYLLZQSondu2JSM7dTX21S0HZ0CDq5XiUCmX4JvPEUNX9tWURz9Q== processed in 347ms
[2026-08-24 04:03:53] [INFO] [db_pool] Transaction payload payload_hash=b1+G8GD7tGUdnYnIj2iFndIrz1q9O09/8C+lEVZ7fE/Yh5rb6qLAU+8rL1OAT3F489KOn9TdiAs4kRluSbQmdg== processed in 375ms
[2026-08-24 09:56:00] [DEBUG] [cache_layer] Transaction payload payload_hash=VK/9Owmp+65tHMOkkI6P+jnALyiEDCay9hiJkvOHS39FxdlgilSxsqN3f/2Qd2B32xdkGvAwgCaKqhXiZJ/mWw== processed in 28ms
[2026-08-24 09:27:07] [DEBUG] [auth_service] Transaction payload payload_hash=L0l0ChxvVH+Gn9w1FQXzy9CG0BZqu2MH+n/IgJ/Qs4Jt0O27+XVXpSjf3ITPNdFIeuytnYvBHAtRYewnO11PNw== processed in 290ms
[2026-08-24 11:18:18] [DEBUG] [auth_service] Transaction payload payload_hash=uyDyAP5G0ta2xOF8iIIN6QGE2zCY+Oe5g0RSeV2snQN9qzmUe06csUWWBIFEUPu3HSIbawwFAe+Dsm0cDHYKVQ== processed in 174ms
[2026-08-24 07:01:58] [ERROR] [cache_layer] Transaction payload payload_hash=sRwrjRuVp+i78Yo5E8WOzxQmGS1RfjNmnSFZz9YHu/20bHKFbQX/W41XHgk1oFfDhGWxTjHzQeoUyeunDa05Uw== processed in 287ms
[2026-08-24 04:19:15] [WARN] [api_router] Transaction payload payload_hash=7p1JwdNrgVGhvIK6i7gwt5vai1Rp63DuDOBPZsO3ekfugkPAtOZrlvTZi3rPsQ06tdmFpz0BjklMwtMDuuHgGQ== processed in 225ms
[2026-08-24 07:38:38] [WARN] [api_router] Transaction payload payload_hash=DS1E3oNUHc1tK0/bOonG/Q8KfRCEhaqgInZjkx9XyaRsTLrqwX0y//DfwihjVvOAXtHnsxsI6aerfdjbTa+Mnw== processed in 206ms
[2026-08-24 02:27:15] [DEBUG] [payment_gateway] Transaction payload payload_hash=xk3vk9iVZG7coOU2DDV+rL/1P+bxmDNGGObCRLzfINFMdLN8NmzOXJK3JGcINMGTY6wAnZS+Ht5MuyVqqEkf5w== processed in 41ms
[2026-08-24 04:20:07] [INFO] [api_router] Transaction payload payload_hash=R1INlr4Jl4wIkG3B/oQefj+DqZKcza3C5uV4p5m0kHAaKycMuUMOeFne/S3priC5+TrQf4xYCM402TsbCEo/WQ== processed in 116ms
[2026-08-24 07:27:34] [WARN] [api_router] Transaction payload payload_hash=iJms3m7DHznizYE/PFPlVGR9KUNNSweM/JSVIEU9eFoQChugZrsGeqr3rLEN3tFNxVwKk/0QWtlbt8s37puqBQ== processed in 121ms
[2026-08-24 07:57:01] [INFO] [payment_gateway] Transaction payload payload_hash=SWQUaGrodvARk58R4T82F3tREro51ZT/Rj7b+DL9BzgW3UGKHQHZoBGN2JrGIn20aanN0dSEmhWr9MBQyr7wYQ== processed in 351ms
[2026-08-24 08:42:24] [ERROR] [api_router] Transaction payload payload_hash=Nzz1gx5B1PZ/qUZ4zgqQmxQvrym43eg0qyxKFdrVU0PFlkynTX0r22tZ5TppNJVHTdDrio8WXdd6KTueixgHgw== processed in 122ms
[2026-08-24 06:38:47] [DEBUG] [cache_layer] Transaction payload payload_hash=rBqYCUn9M2OhYP+ow1CsE8cL9C9N7soznJ71yZJz7UeRGUAgXQI1F61v8DtTNlWEjI0n8SokO38ULSTs2mSgMg== processed in 219ms
[2026-08-24 10:28:43] [ERROR] [payment_gateway] Transaction payload payload_hash=XDM8GB6g/LyZBlr+3xT+Z6mBNN/2dPhZlqIi3r7YmtZ+VKZdI01ZCd91fKgesG9LPyJfaGDEppNUDChiOttOQA== processed in 422ms
[2026-08-24 09:49:49] [INFO] [api_router] Transaction payload payload_hash=Ils8FncF+Fk2P9bgsae6CnrZqOIFGrjgwWnV/8ebSxMk4VfUL8HG7ZAjvk8lGi9GgXg4goKwnP6nvhEN5A/UKw== processed in 427ms
[2026-08-24 07:46:24] [WARN] [cache_layer] Transaction payload payload_hash=F/B2RGdn2WsMmWdpa+4lIuGDoz3CwISDc6KaxX8x1zi8tsn7K/BmoNJ4BD1GKgqEvi/GQ8Z9ylfu0MdOKUIFRA== processed in 178ms
[2026-08-24 08:27:03] [INFO] [auth_service] Transaction payload payload_hash=/0nM06f90MsRT48YvuSCPqui3HB+Yie64FUkReyVm8+Shl0XeQNj+dZLVjn/YnDJwzkqIv54LWtFggGLzfIWpg== processed in 60ms
[2026-08-24 04:34:37] [INFO] [db_pool] Transaction payload payload_hash=fAGiPXwo4T6sIh4q4Bst/aTkN1sj2QYRKhA3LhjLAM/aydi7kr0B6S74PrJmr/VeqKfpf+ogvVZ+CMPJMMf1pA== processed in 91ms
[2026-08-24 02:53:39] [DEBUG] [db_pool] Transaction payload payload_hash=5YqiRS77QJ9IbUKIbEnuuO/enE6X+A13LAv+pjgNw0KyFuoNEj5z+JIufmNa7H9bepaa2ZpOCUp8bUtRl86ocg== processed in 268ms
[2026-08-24 06:53:41] [ERROR] [payment_gateway] Transaction payload payload_hash=DEaim+ywr8w7RTlsrzHBnp7NGDLoxZ3CGo/8+zO2HgCX5t4cyOgI230DOjuOEVIrSMYpWot8x4dklCc+p6JC8g== processed in 171ms
[2026-08-24 07:38:57] [INFO] [db_pool] Transaction payload payload_hash=uMur8Dtkhnlzb9kRKsTxmamifFwlz27mnBNiXBPg+p4Sm+Mn15NA4xzrmbalkUDmLq4MEIYcXrq0jvd5J12NsQ== processed in 185ms
[2026-08-24 06:09:27] [ERROR] [db_pool] Transaction payload payload_hash=Ce2Ebj8PTJSDCUck9lY845sr1Dyq0VXl+V2FgHvCzW3dTM4/6RFKIIyhMhkkgdS6cQjwb01LAbOG0L1mWGuedw== processed in 214ms
[2026-08-24 04:52:50] [WARN] [api_router] Transaction payload payload_hash=QqLQhzX3uEb1hM9prk5VeeOGt9u+DYI8o0rxOwc1vvgWg1Qp0lsOaUQ15Zdi+6EoQSkOCg9akJG4GzeL4mjzzg== processed in 408ms
[2026-08-24 11:14:31] [DEBUG] [db_pool] Transaction payload payload_hash=p3t/fiIFersleZSOfMQCUFCfBuIFYHs1rsUWBiPEmNieFcNVY3qy9kO4N9Ril271xQZmZvIK5YDmJ58LTnbgNA== processed in 174ms
[2026-08-24 03:51:05] [WARN] [cache_layer] Transaction payload payload_hash=/4T9oi8JHNBSl71dWyJVEQtVo+br4taEp0MKdzYWJd9jaP1Vn5yxY0epvURNxtcerKJlDM4pMcA08/fceYWBlQ== processed in 21ms
[2026-08-24 03:58:54] [ERROR] [db_pool] Transaction payload payload_hash=iDPkgmPvXhL4PDA/Nde6OZUeCLo6bR+gAVAjDKJH4pOAH00hlfrzDCEp29LJRKsvK4qrXTwqWPleO9K6dVz9Uw== processed in 304ms
[2026-08-24 03:34:43] [ERROR] [cache_layer] Transaction payload payload_hash=6XSgkYfxYeqvKgJm+df5ponEs8wHosn4X3xe5Qawg3KLgop5MEbK1lPb6WT+/PLV6BcZIbt2irXin9fn1Itoqw== processed in 1ms
[2026-08-24 07:46:45] [DEBUG] [auth_service] Transaction payload payload_hash=tMtuPu2iDv9DpX+amr4bWe+QuqIZFMrO5Mf3kXh0JrxzR3zeSKwL3Efl5GYfD2ZpXgYSbTtYLfljdlFwWt3r9w== processed in 25ms
[2026-08-24 07:41:50] [WARN] [db_pool] Transaction payload payload_hash=cGZRXbdXjN0JOkusjFR1puNHwgCJaTpHaTyeg96nTlag7G4hvp+u4P51q7lZ8WCNYTm4/uFEm/Q02+cZwk8GmA== processed in 429ms
[2026-08-24 09:41:33] [DEBUG] [payment_gateway] Transaction payload payload_hash=Nn8Qg50bbeX20+Q3ni8znOQ16nZ8X8xgMXxFceSqIicNyHMMpF9oJxzhO1l6Al4L9bjjJ8PEUvY8aCoTd10zaw== processed in 135ms
[2026-08-24 08:21:07] [INFO] [payment_gateway] Transaction payload payload_hash=9fmY9GLpfR4/bYCdGAkYglJlXnmpJ1vyW2FZPegwL/QqUq+PS2m3+TZ0q23K9sZDLUFw9iVHNInUSxC3VMPXKg== processed in 497ms
[2026-08-24 10:51:23] [INFO] [auth_service] Transaction payload payload_hash=9S7MoUQPVOtZltvFmZrk6uWZWvfbpLuK64KDbviPFfcLRGr+1Ml0MgxAWNyw0bZr01r3iuNpLWsGr9F5qV0pbg== processed in 296ms
[2026-08-24 09:51:20] [INFO] [payment_gateway] Transaction payload payload_hash=7sg6U0SZcOqQiCvYgupD4lmFgAYc7yzz5jJgZfEQWQi1zEduqZYt5mJv3mcy++rgiMcCea9itDVtVHwIsHShpg== processed in 438ms
[2026-08-24 07:26:34] [ERROR] [api_router] Transaction payload payload_hash=1nGit/ULOC4iP143Vzo1gwGVMYZfg1fpUD+S+r42ef0pP3mqXdnvaxZFMKGcHBK3wzGZvWnJkf98QkuAE7XZbA== processed in 50ms
[2026-08-24 10:49:38] [ERROR] [auth_service] Transaction payload payload_hash=m/lRpHCakrZvoo41WF5XvpHnFGqU+c7LUKzOYxFhg6WyYRvG9642HFLePrmW5WD1HvbNJ8q/ab8f6j8vZaFghw== processed in 19ms
[2026-08-24 03:53:59] [DEBUG] [api_router] Transaction payload payload_hash=LGs1nPTpgWIqfX5Eke6OLzDOwZFVen9Hyr9YsPKR9twWrmGUKC7n4jG1RcEQ9ULaQ82duFRgSRuCRg7ghzlvgA== processed in 27ms
[2026-08-24 04:56:59] [ERROR] [payment_gateway] Transaction payload payload_hash=WJxTpAAYXWMd/ZAIMCGU1eghxEKd91dMI4UvP786KnJyT6nZk8Udo7pDzVMuoCD0XCgQWm9KxrKgqeKOv5jGYA== processed in 65ms
[2026-08-24 10:27:21] [INFO] [db_pool] Transaction payload payload_hash=K7jtpVsOmoOwwvPbOkBSWONJdfBWI/f2CQ8O1CcQuol2elPijbm0dCwy5XuPTZ6cvjRcAiLuremKRAWRjV4lSw== processed in 180ms
[2026-08-24 03:38:58] [DEBUG] [payment_gateway] Transaction payload payload_hash=9qgN32o9l9j8r3xh7GrKBRHCp7zb4CHEC2HS2zCM0dWuWkuMFLbqw03AtcdV8Q0GZUVeoAznTWkqGgAQUgWB7w== processed in 380ms
[2026-08-24 10:26:45] [INFO] [cache_layer] Transaction payload payload_hash=ccFPCITNapjLKflmKb5AABRIWY8/1NfU+d07caa3/sS8KZyJZexXSxKjjRWIGTffayhaJun7ykbpi3S3X/2/zQ== processed in 449ms
[2026-08-24 06:32:34] [ERROR] [payment_gateway] Transaction payload payload_hash=L7OFJdp6dQP6V7B+Jcl8f9IQTIGqkHjUSu6k4IE+0UjlUJoOIgewsvI7XXlk8iHdLIWfUuFK3n5UBWDjvVcFGg== processed in 404ms
[2026-08-24 04:11:44] [WARN] [db_pool] Transaction payload payload_hash=gs36FgVXjafs5BwBtseM7KJzVZg2Ok5ZDU3xWf/c2h6S1cnOTcDPEwKEVipkPkavZaiguT4xwkgs3xQm+kCuNQ== processed in 192ms
[2026-08-24 08:25:43] [INFO] [payment_gateway] Transaction payload payload_hash=fAZcgBGrl8qAwlOnwL1uvEE3nPPG6wieNnADB2mjgNRWbWyZWc5KrSW5ZK/wHbx+mdNEJgtZArr00YrN888Xkw== processed in 84ms
[2026-08-24 10:59:34] [INFO] [payment_gateway] Transaction payload payload_hash=sDLKPAWpNPuZg1+WJqxh+jQoGnVYDdA9pMTMBTRuXBE54GUovCsCQGdZ7adANOI/iUDCgSGLBoEIKrzKmsLccw== processed in 376ms
[2026-08-24 09:00:33] [ERROR] [cache_layer] Transaction payload payload_hash=jOD6sxlaPWtBYYTdHt083NGBRAxGXxtZ6W362kClkM6k8v1TnNqEFDG00JUiDyblo8zkqy+U8mFaFmuCdW0J4g== processed in 323ms
[2026-08-24 08:20:49] [DEBUG] [api_router] Transaction payload payload_hash=PNM3Kidifo84dEWmEevifY8vRIsg3/hVm3/ls5f2zCiKX+a4laFEnYq1Z3LpBpJq4m7MQ86Xn9IrTN57rQfivg== processed in 90ms
[2026-08-24 03:44:20] [ERROR] [cache_layer] Transaction payload payload_hash=anXEKC4rkJmhVw+Fmt8Jjpif8c46Hu7yNwxakfsK4wE4NyYHI0BcHkv6F0H0A/bjYhWn8Vc9PcckCtkCpQ5jhw== processed in 488ms
[2026-08-24 11:02:12] [DEBUG] [cache_layer] Transaction payload payload_hash=K2Qyua4ScmJu5H+bCvgKBZ5DZd/vJLqs3l0fxL3r83w5Ryh9LhjQ/JzBrvfuZPLCCGFLiH7F9kbj+G4Zun5ELA== processed in 254ms
[2026-08-24 04:47:15] [INFO] [payment_gateway] Transaction payload payload_hash=rn6ZKIdg41lREHoJL38IwEGm3HnRRwQWLv14nlmMHVAX7EX8CmNAG6eZDzZ0vgAcwmdVXvZWllRRBnU/nXKqiQ== processed in 136ms
[2026-08-24 03:23:57] [DEBUG] [auth_service] Transaction payload payload_hash=ur6u9jZS5+t/tmDRXG63hy5YqF6lsG3b9UsXul0L4E/2nd9cKRrTw4yNuiknJ3AGAq7W4x+j2tQBGKi0+PCI6Q== processed in 5ms
[2026-08-24 08:41:23] [DEBUG] [auth_service] Transaction payload payload_hash=0kJzUcB4mJ+NtFBT//dmsyA9CzVzTHE1egCwotwR3iisth+BLsxGwl0pvGmiIVcRPPkpsCfT4tsyeX8Eh7Panw== processed in 256ms
[2026-08-24 03:07:52] [DEBUG] [payment_gateway] Transaction payload payload_hash=Ow/r5lbk4otu3ttrszqC9BZeggmhFFbWgWRW2lWVfVn2KOmZrj5TEuoyfinXCPXPSMCVj820xCplUHvijNRNyw== processed in 436ms
[2026-08-24 07:07:35] [WARN] [payment_gateway] Transaction payload payload_hash=M7R+vftOUt5RWSWAtbrTg682HuyOk8x70ubyFOR+iiBwIcO0MUJ3y/1Q99Nbd+w/WIYFmWTsMTZ+NO2IZiwAtg== processed in 149ms
[2026-08-24 10:28:59] [ERROR] [cache_layer] Transaction payload payload_hash=AajdOSUK56Nk7QUuw27cNuKYR2ekYrJ/WAvDFgyert/BrM2oNdU9uu/HEyCmtFSE0rEUUuwZ2RWfjFVD/4e3xg== processed in 177ms
[2026-08-24 04:35:57] [DEBUG] [cache_layer] Transaction payload payload_hash=C1zhty6xSgNyoe+Ztoj8QTuV1m3bgqW5w5ShGAw8E3gUTEAkmtEiPw5X+G2kUTbZdyewLH2Yw95B+/2M1tpuUA== processed in 73ms
[2026-08-24 07:42:15] [DEBUG] [db_pool] Transaction payload payload_hash=eb/XXh1qjCeuDWMKj2STOGXisdjpskcsKB3Z7gwlqnKUEynsEk9BQXkXHBwa574TNIWZs6GDUr6d0FeoIDeXVA== processed in 331ms
[2026-08-24 04:58:01] [ERROR] [api_router] Transaction payload payload_hash=JHib1n9+A+2lNf0IYvN3yrYNjWOt1C1yZcrPUCH2ferJZFYG9hip+iqSK5a9H1PObl7aLcGKRyUa/Hz0TOHZXw== processed in 437ms
[2026-08-24 08:08:17] [INFO] [cache_layer] Transaction payload payload_hash=aDHptvyj8194o+DSTWMfL3z2iB839Qqd4oJjQGIYSKURRc9k6blQo3ep4HS+Y3oiuFUDmLtdpDJG5JUhvdDSmA== processed in 495ms
[2026-08-24 10:46:17] [DEBUG] [db_pool] Transaction payload payload_hash=q8txt9fywixlm+seGlGS7vhaHQnKgu7CfXE8Qfc3Uqzf1nuhEzwyQrcdS8ofvakXZ1eaq6a1YDGkvwndHsY9tg== processed in 8ms
[2026-08-24 08:45:42] [INFO] [auth_service] Transaction payload payload_hash=qJ6AWzyep6qu52vEgxHBVo0TsVMlWhk1tqhdBrZjNIr1hUAkDctc6rc9t/zUFeDwfTtY/eK8I0uKbRWIwR5Sew== processed in 452ms
[2026-08-24 06:33:40] [INFO] [payment_gateway] Transaction payload payload_hash=OXeJwnUSqH8zCTSNOgv+/2GXcaK9L0tT1DWisRDmgYkqqA1ZZ8igZqdMOEwD3VYVNB74IUkwQ6DbryMrw8ty7Q== processed in 198ms
[2026-08-24 08:47:33] [WARN] [db_pool] Transaction payload payload_hash=0muz7O13tFhFhY9CmB2FVtg9YnIpthuPR3o7sUh0FnsM7LZBewrrtN8dWnJUSBJZ+fSFU/31wZDan8vKSk54uA== processed in 384ms
[2026-08-24 07:18:17] [WARN] [payment_gateway] Transaction payload payload_hash=59iXVzgnnqE/yc+I1o7a/mK3t+iZ2a45zBFq126//VBcVjtEPTuaJuDIO9IIVseap8oZb01l8ZsX1eRbNGsr5A== processed in 284ms
[2026-08-24 03:19:44] [DEBUG] [api_router] Transaction payload payload_hash=asGIlCI6PDVMhtRuHazJA2vXGMmgslo9TAha5ipyAw5I92LJThjS+scF056BG+O+Z5yhxQXRm/EGxhBaCUwqXg== processed in 128ms
[2026-08-24 10:46:15] [DEBUG] [cache_layer] Transaction payload payload_hash=xj2XhVMQGneeZ1jJoi44zWd83gQBAb4ND89iWlYkI9vmW2AoLVuk66Y2HoFZ2PsVphSnIRB765Sxgrhi8vl5Ng== processed in 207ms
[2026-08-24 07:25:52] [WARN] [auth_service] Transaction payload payload_hash=D5sI2A32HP5HNG4k4iNGLCACxVcOxQju6QsBcmWUaentfYRpUPyV+989FN9fHa0hVWXK3FrOoDeNIJkNNa3MYA== processed in 154ms
[2026-08-24 04:50:42] [INFO] [db_pool] Transaction payload payload_hash=aiRekpO5nLVlgcHh7D0ur0mxXLbu5EvXRgfe3l33ZKWpsOlx7sduswZLVEDlWxEG0RcfedqH8A/9MibTZfRSSQ== processed in 134ms
[2026-08-24 07:09:30] [INFO] [cache_layer] Transaction payload payload_hash=6j3V6YPvW5lGZwdf8Tl2MWi1CnZBwIRzjz6fQ5aitmwKwYmrax+iAPRxMQai7DkTlrRm5WvNsmhiKBoIuZVPjA== processed in 451ms
[2026-08-24 05:48:47] [INFO] [auth_service] Transaction payload payload_hash=p+umK8rYfpQzvtqS5VXSSNF2f36Y+4iec/6evGWstfCTr/bTIdFcfug5/3lS3wEnqz6piTzql3bHBXQKBSIoCA== processed in 482ms
[2026-08-24 02:41:28] [INFO] [api_router] Transaction payload payload_hash=U/kiJDUmdKAOahQpZ2SnRIDaUllIw9DMcPO73jDVW7ANjwqbKdHtT3mH9U0Tz9hNzpTakZnE38INgrR6lTrjOw== processed in 469ms
[2026-08-24 02:20:19] [INFO] [api_router] Transaction payload payload_hash=OAJDUIxYqrjh+5z/WFF/w7O7qnN82oDT3LAx/oNlAwyHEjRxr1mSu+AKPEucyR0jENkYXapgaRzacmcfycr3jg== processed in 396ms
[2026-08-24 07:33:16] [DEBUG] [cache_layer] Transaction payload payload_hash=IeYz/Azc0ijvqVl4V+Upz/lp6bYV2G1gmoriTX95/JR9hs86lzNrvRXRqL7IC1AjsZ+dVPZpRbaQYojVHqeH3A== processed in 62ms
[2026-08-24 03:12:32] [ERROR] [api_router] Transaction payload payload_hash=SFlMDopzFyq4XIiu4Xo0LozUK4LhBNSv2B/9hq9vtUPiTKusbmX5fYWYEynEiR4oIw/jalI6KiMgRfjQJsWnIg== processed in 86ms
[2026-08-24 09:09:26] [INFO] [auth_service] Transaction payload payload_hash=kpbe+encju+XRhyhQrKbFp2F1S5VWPtPr1CgFc4m+gbZoWNAWq5f60OyedXVJX1spq9jXmdGlVNiyDDWzwMX4Q== processed in 155ms
[2026-08-24 02:54:32] [INFO] [auth_service] Transaction payload payload_hash=moY9IlkVpQjKkaoXQf9urjfocKW4zk2zhd9TIvhUO7PJGTC78Y4zT139NLez2UsXrLOCxLL9Uu9ERWND7LmVwA== processed in 44ms
[2026-08-24 04:00:11] [INFO] [auth_service] Transaction payload payload_hash=h3BRZ69LrrNmVSHtMS0OhA67tUddDgP+M+DZUTo3seZZUZf5SzFUTkEpdJ8wz7/OUTUTzP8eUJgO+yY+ipDx1A== processed in 481ms
[2026-08-24 05:45:56] [ERROR] [auth_service] Transaction payload payload_hash=fughqjbzqR4SP99M2U7WHpG5b3+mrpJphL03SgubvSVUDLmCWzVNjpiQ6MR/0F3tlPTvlfJMBKNNhK5N74vJFw== processed in 386ms
[2026-08-24 05:59:32] [DEBUG] [api_router] Transaction payload payload_hash=Dl0SUm9auNZo7MnMn/0s4Qmdep7g0zlVrFYGR+Z+KJCWNH+XrI1eFw6oxTVnzRX+1iwn1LeB0k42K+o9tr+P9Q== processed in 375ms
[2026-08-24 09:25:53] [INFO] [payment_gateway] Transaction payload payload_hash=cFDQa9NsqKCGYWv6acsRegW1/Bmt3QyrQullB0bkBCYurAL2zWF82mH0urZfmGPrZKZF1JCxqdUCclPLcX4M/Q== processed in 211ms
[2026-08-24 04:22:11] [WARN] [auth_service] Transaction payload payload_hash=p5pMM9Irz/OGDnWCnPm10Xxp1rTcd05bknYZMEwAbxWAOjwPmYbnUHDtFh2qgy8x6FAq/1ppsnSe8KL6fIbqgQ== processed in 41ms
[2026-08-24 06:28:06] [WARN] [payment_gateway] Transaction payload payload_hash=GzW9mpxTb6XggF6q1GkXpyvKP0jOZEdFNRHq9NN6DAR5XsuGMQhDGbcAY8Rm/22DiK1F/iQ0y9xjCmLqq0xMhw== processed in 323ms
[2026-08-24 07:39:39] [DEBUG] [db_pool] Transaction payload payload_hash=atJyaMolJsAO72t2dyWwrfqQx3TBHAF3r1gACMWAGK8NRomiOLwV9/I+C941KzY4OlXn2L5qXzbMTEjXOxJE+A== processed in 395ms
[2026-08-24 11:12:56] [DEBUG] [auth_service] Transaction payload payload_hash=XtL7j3xKJkrlhdSSV2Hy2PDA7YM13+UitHi/wktkeSpokWdDQ1JHpkHi1V8VmEgK5r9KXq/te4a8eAt4d690EQ== processed in 174ms
[2026-08-24 08:14:16] [WARN] [payment_gateway] Transaction payload payload_hash=7WLOAxuhWKgPDfg7oEcsDgCh568E6ewAUVto5O4HDtNdKQfCEbx/cUC/tPxZl8WDr2Y1n1VchPCWR0taRjdPZw== processed in 15ms
[2026-08-24 06:17:57] [INFO] [cache_layer] Transaction payload payload_hash=yA8KZMZo9KYYXjpjoe9tQeU5iDe+oqKkTXSZ7H+49A+ELLy1QCBSs3vFGzJitdx5N2BtCxCyaE5r80vHYCFRAA== processed in 121ms
[2026-08-24 10:33:42] [ERROR] [payment_gateway] Transaction payload payload_hash=d8FEUdDpLsm9wZKr8GBF9aKnnipde2RO7Sn/GHmTo3X3xmvM861xRzlU6qel8OQuGkTQm5x8TqfvHmSGMSZSCQ== processed in 389ms
[2026-08-24 10:48:48] [INFO] [auth_service] Transaction payload payload_hash=H23fw895cs64JDjKlgruRR6x25V6leeIO8i6O7VeIvHvEyonRKcxPuaPrD7N3aQzhuTGvxTRDAzuMVyN1qjW/w== processed in 354ms
[2026-08-24 06:38:54] [INFO] [db_pool] Transaction payload payload_hash=+kWK3uw7T+mp6owH/fBpSnEtc4yCw1Bqx5kRYrbFH2YC+TELFJ5z+c9rlBvijBZippxZVTZZEyFbIe922oKIoA== processed in 403ms
[2026-08-24 05:54:50] [INFO] [api_router] Transaction payload payload_hash=NQA/QI4u9MkcizuwGhLXjF0DVyeaweNcxvf5LhxIkyPTwGT2BSqWFBUuqTxDQuAYhJErSckZIdJLI9LVXnpxfQ== processed in 79ms
[2026-08-24 09:13:35] [WARN] [auth_service] Transaction payload payload_hash=tw+9A0+KnF/cscgw9Ks4OpPcLrjumFVxNBJ+asVGAjLGoFCrQhkhmwrOIOUZ9M/mo1AkUMetnULzXK97QGFJyQ== processed in 205ms
[2026-08-24 05:55:24] [INFO] [cache_layer] Transaction payload payload_hash=3WNIEUbmntqS+utg0N5UF7faAWV2NSgnBKzDFq+CYqhaMdO0ioUxHGAQjJv/Ysxoj2lqxbmWdiaDWUEzuAqOyQ== processed in 30ms
[2026-08-24 05:21:57] [DEBUG] [api_router] Transaction payload payload_hash=hME6qg5z4bU0AQrNlliVh4PSANmcPdLz9gI++FruBqachImEtsY2jxkG7/MpL09opu/rVMTpZi0FnHgGZnIQMA== processed in 268ms
[2026-08-24 11:17:58] [DEBUG] [cache_layer] Transaction payload payload_hash=I0uQVztGNK+wz6M3y93BuWLb4yjD46FgyvVbLCog9fCrxXsgsEztbJcjS0UwWEPO3IGEQH0112PwU3zyqjOJ1g== processed in 493ms
[2026-08-24 06:19:55] [WARN] [cache_layer] Transaction payload payload_hash=4tX3g8YhOyFH/8xmU6P5ciTTLuU8esLONZMgGWjSTvuy+9TmBljfj3Ri2OfRwW3KmKdISQh9P6etaqR4OpTREQ== processed in 215ms
[2026-08-24 05:56:22] [DEBUG] [auth_service] Transaction payload payload_hash=XvEStf9o/LRhHpUJOiKJzkDVEvhcxjZlGms5qzZEddFbrVLGZZMCeHWUE5C5xSugDlqNdc5bfXnyLnD44S3yJA== processed in 95ms
[2026-08-24 06:19:06] [WARN] [api_router] Transaction payload payload_hash=LrAEfDC3R2sSQQaE6BsxB2NYOeFnY5LYyS6jI2B94dIMAXW6Q+sTpo0PAJX9ex02BhoK7A1aV6jv4xTuqQfeZw== processed in 279ms
[2026-08-24 07:45:11] [INFO] [payment_gateway] Transaction payload payload_hash=bF8ziWqIsUUqj/2mEWDY6XzeNj3gCKzMetyP7WFqxK1xSKA1JsgfBK5LW8r6T87YkV77MoPoNqY1l7Wrmqtzew== processed in 97ms
[2026-08-24 06:39:33] [ERROR] [auth_service] Transaction payload payload_hash=WOYxJxX0dn//0ICEfJy3+/j3pVAK5h7VHneuU9Mdk5o4ANgGABzH8D8dhZogURzxq492jqXUA0aJZTk4/GcF4w== processed in 76ms
[2026-08-24 06:39:43] [DEBUG] [cache_layer] Transaction payload payload_hash=JGsVZ33hBBFoUoi6C9PJlSYIuVpa85kpbuFap73HyQZSwztNq03u1ZgVQ/JJqEJvPslPLYvPz77RgbhKBZadsw== processed in 274ms
[2026-08-24 11:14:27] [ERROR] [auth_service] Transaction payload payload_hash=RSe+9CGHn7RgenHXcJzrC1JUu+xdWeifH9cW+k+GCnanVoqw3VfMUYuoIwIdadwqIvrmRTghyhBrx3h/AjGr1g== processed in 58ms
[2026-08-24 02:50:43] [DEBUG] [db_pool] Transaction payload payload_hash=eVlcIkihtkvsINbkWTGMUQonwcdVyTqZKZM4kib+CLBnxJZiNwkk8oZ1MVIPrT+6jxJfNrgEnR/OpcMbH40bhQ== processed in 408ms
[2026-08-24 02:21:10] [WARN] [api_router] Transaction payload payload_hash=lN+tgx0TZWk/hZ2CGW/xPoKpfZUwDYFDSmErimlxsZKXCSd+rX3CEsHsIN/NAcTBMktHJMk7CQD0nVNZrWc1xA== processed in 328ms
[2026-08-24 10:44:48] [ERROR] [api_router] Transaction payload payload_hash=n+wxVF9sgsZ9dH6SmY+slcZ+oqYCdKIdbdkIvp5ug/Ccnn5eVag7zBtcfAkVQu1MJQHVB13uvxH/csMGTAEq8w== processed in 188ms
[2026-08-24 06:25:57] [INFO] [auth_service] Transaction payload payload_hash=KR4Tk5CwfhtrrEU/IbAgrFOreAxcqelqIy8BGKp0yCKetQ+aQQ6Vmw4qw8F8nNcsJJGX5Izf4FY9TuMIM6HHPg== processed in 168ms
[2026-08-24 08:37:01] [ERROR] [cache_layer] Transaction payload payload_hash=J/ypaHHxmgb/Ncx9uuHKaE3aOmRHhe+m6IgvX2CUotaKOhp6Xk+5008IoQR6EtcqtS0UQZu9gyX674fg76Oykw== processed in 168ms
[2026-08-24 07:37:32] [ERROR] [api_router] Transaction payload payload_hash=BAcVAs//F+qd9IoasmnAsB2ZcAehRvYYzdJVaW6ufqXMBlcDNdlcRUs6qLWw6PgrGdFK91QZs5jgabNtdU/yUQ== processed in 202ms
[2026-08-24 07:39:58] [ERROR] [api_router] Transaction payload payload_hash=YuP1Nt58RG/8ksCI6u85/bJroksOx66YRRuMMXrpURn9M0nKFrKfhAq7XEWZN4XVnZ+wMx1RDU4euXdNqDdE1g== processed in 486ms
[2026-08-24 10:57:11] [DEBUG] [payment_gateway] Transaction payload payload_hash=bOZV9C9gmtMVCGNu8hkq3VSv6eZYb/QIUmamisKpaHX61RGsvh8XEUlxrF4HC3+QlxaCFoipAEyrYUcuqMgwBQ== processed in 245ms
[2026-08-24 08:52:36] [INFO] [db_pool] Transaction payload payload_hash=oheFFe14SvIwhrwUoXaeQr5cnM0KQkrR0u4iuw3BetpKlsMn3lz2coQA6Wd48De+9tOx0mzjbHbcFQpkAhWubw== processed in 269ms
[2026-08-24 05:40:30] [ERROR] [auth_service] Transaction payload payload_hash=21i5mrOAwmk0/yG+scbxaGydpqsyCDN5Oy9TkyKb2CuXLPMMMEI3egu1tlHoCXlWbpYYm51gWNpSQ4XqHD1lEA== processed in 78ms
[2026-08-24 04:33:31] [INFO] [api_router] Transaction payload payload_hash=dWvU2Cc6lWniJ7pfyGriahKeWW7zbyEIQnFpA1LgfKsbyAn1AzFPZZAZG+sO7q0hG0H46azErgRdfJKRjM0dOQ== processed in 24ms
[2026-08-24 02:46:46] [ERROR] [auth_service] Transaction payload payload_hash=fq67SZ/hTKaObW4oCQeAJpfnyAmNgixpDCeWY4kH5MfqxHjTCcWfB9b3WFhbbh6nI2ufX1wHbkZsqTrDUdwxZQ== processed in 310ms
[2026-08-24 08:04:22] [WARN] [cache_layer] Transaction payload payload_hash=ZkWozj+d2ctaXZaCuRamNty7Y/Ui6+YQkaBS8hdunTwAjShzQ0JY4i8BQoqyNQ+mSxJxcO9WhkxVKpZgcstozQ== processed in 204ms
[2026-08-24 06:25:49] [DEBUG] [auth_service] Transaction payload payload_hash=3SRq4VWrTfanXAVp6wjgg7sqpEn8myp/YbRv8dAK7ZcesWQdUdAMz9+7WMsPdGfCPjjbcyspDieomLx8vd/I+g== processed in 313ms
[2026-08-24 03:59:13] [INFO] [auth_service] Transaction payload payload_hash=o+LN3Sf32ouDfn4VgrILuxFZUrQ7vrczX/gW+OXsffqnxUDrAXb0qIBcom5b+tE7aR0aBFvKjxnG5Tf+m3anpg== processed in 315ms
[2026-08-24 02:20:48] [DEBUG] [api_router] Transaction payload payload_hash=Jw30cuS7fzGT0ANEez0sXrnOEFt++HZugdB31idiCvFzNwn0Hu1cVxs4SiOO7bXzlYyaqSPTeqiJJFIQTZNt2w== processed in 184ms
[2026-08-24 03:45:09] [ERROR] [auth_service] Transaction payload payload_hash=SmDw72DLSVBU9Vjq5jA7Z3tvhj5AfCFuqPrQH3GWfvm5OJBK1iwiIQKR54XF98HretQC/1JRecZdbSNHiqgjGQ== processed in 484ms
[2026-08-24 03:40:00] [DEBUG] [auth_service] Transaction payload payload_hash=3ZCkcZVIaH+gNFCRhRClIIP1nQfYM6U0HXULcF6LEf/aKwZQPIaF2d7uOoW8kveXrCMySzT8ZkpMtUT80TdsXQ== processed in 269ms
[2026-08-24 02:21:26] [INFO] [auth_service] Transaction payload payload_hash=zBRAVfC2Fjp6WfgsfMEWIhD530EIyZ3U4W1pSSuwvop3BxPm0OrhhvroluimNF/m3Aas4ICxjr+SnNc2FNqXLw== processed in 189ms
[2026-08-24 04:15:13] [DEBUG] [payment_gateway] Transaction payload payload_hash=WoiPrh4YdR1gaZNmROwGsOxgMANIpVsjHWrA+FrfpuPRgc0iUniWXYaBEcoHDyoB5EYrDjV+W1vOdyXjl85bPw== processed in 380ms
[2026-08-24 11:12:25] [ERROR] [db_pool] Transaction payload payload_hash=m6r8PQAAc22vEqDZUBuYKUuM/gMxfdPp2UPDt1cDB4S99TF+AOn+86fVFclSLFWMc5Z8U+Xstl5POIABHds2nw== processed in 486ms
[2026-08-24 02:46:09] [INFO] [db_pool] Transaction payload payload_hash=T8w2il63yZT8B1N7/OwoIsz0uVwf6pE1PhsP3bwL+zUdO8ZQxMMmqH9eXW1cfDM+OW6xLwRTYHYUfa+JeFh7IA== processed in 138ms
[2026-08-24 09:16:09] [DEBUG] [api_router] Transaction payload payload_hash=JXN9jVKGopLUIAFgH4AkUfFhaLtqXkv7m+HEG9qjnfBq4vPmVojJnPRtNMNgEJO5MguHHF+vA83WTgfPpDWcHw== processed in 12ms
[2026-08-24 04:41:29] [INFO] [cache_layer] Transaction payload payload_hash=/kX1Y08kKW5wrkOq8sKCL90RUyM5vH8K1U+RW5rGYAE8VhlEmZ+aHebSIsenGXS2J1tg81j1HIYa+s2vkFgirw== processed in 259ms
[2026-08-24 09:38:19] [INFO] [api_router] Transaction payload payload_hash=WMCSaFz+ggbgcLFgNBL4kRu+K8T7fzeo2sFDLtG1JsnYOVQaxzs0OPNrPpZAr4iE2Rr+QG3PIZ+zinrJmngcwQ== processed in 293ms
[2026-08-24 05:40:22] [ERROR] [cache_layer] Transaction payload payload_hash=yaOr44EEcBUT/HNecCs4qGLKoxr/gwi3AbcrRXtVyfM6OGqX3sbVQ1+aaNoTQFDWbW2Hl4mLkScbitu/rTJBpA== processed in 229ms
[2026-08-24 09:55:52] [WARN] [api_router] Transaction payload payload_hash=ApKH0V74llhU7B/9grMPCaccR4AMDmcEkRPFuBS/IHwEClRtJmL2fUK2I1EZwYiQl+SejZ+2dWXMCp7LXTdRzA== processed in 484ms
[2026-08-24 09:10:03] [ERROR] [cache_layer] Transaction payload payload_hash=uiRpO0CnhQZVFG+9tD1d7j1/V/4SELKHDTOn1poJMRePX9LxRaS31luclGLyryIM0CRAgNOBBSlx12+934e3sQ== processed in 231ms
[2026-08-24 05:59:27] [INFO] [db_pool] Transaction payload payload_hash=37pQ1Yt86qo7inlOjtR15UZSJtQwykTSjRPGyzdlM67pLgDBu1+mtWuvFP953MPzEqf7mmADn/+LP/qu80H/yg== processed in 2ms
[2026-08-24 09:21:58] [WARN] [cache_layer] Transaction payload payload_hash=oaKxPNXxV0Cxhz22t9ltnXDOEeKN9PnonhpMexASAJnjx1usMAUr2NksRdRrrNm9UIVF3AEZPOX73iQASCSy1Q== processed in 373ms
[2026-08-24 11:18:08] [WARN] [payment_gateway] Transaction payload payload_hash=fJeX6Y1ZeoJiH6EqWeq6iwaIakWynNnghea3KLK+6j+x2FdvIgZvVz4do/bb0q0QpulPo4A+Eoz6jeJGndw1Ow== processed in 285ms
[2026-08-24 07:59:20] [WARN] [api_router] Transaction payload payload_hash=iMsZO5Qu0VzexeTMF+7HSRh7gRYKT23oxaI+uEwnPcLUO4XEQ5Qz0P7fJ2o/YQ1ZGlYEo9CnrkzLmH+8ItddtQ== processed in 43ms
[2026-08-24 07:49:21] [DEBUG] [auth_service] Transaction payload payload_hash=T7apLKOaE7zZI7IZKIMrJtppjJDWcuAVqaHoB9L6IqGCcuQ0oiGG8PsXVHnvhyG8tMisa9ivBcFCAkJewbmCtw== processed in 76ms
[2026-08-24 11:12:36] [WARN] [auth_service] Transaction payload payload_hash=qb0fS+R7FNNIT64RrM69w5Cb/ENdsTXc6PimgRuCLoJ9k9OGNAdfZna8sngdJoo4Vejqa+k72wF+Gp9TKHdajQ== processed in 262ms
[2026-08-24 03:17:43] [WARN] [db_pool] Transaction payload payload_hash=8ku4grIIjQZwa0iXHkFJsQq2qL45uXrtm6t8seh6F20dqg05acuq/XlvdbE2fLTp5OjTPUSKYWR69MIEZ/nggA== processed in 106ms
[2026-08-24 07:21:26] [ERROR] [payment_gateway] Transaction payload payload_hash=eJ24e3YkfUf600kPXAe5ovzYLtAw0+NYz/ejbZm40yrA0mr3qJgu7wMj1R1SFXhfrP2yPoMf9UfV7cN2VSiggQ== processed in 169ms
[2026-08-24 10:58:35] [INFO] [db_pool] Transaction payload payload_hash=i+o+xbGeyTiuDAvrvjIXzIgGTFEmp/8a5KuGPc9bahd0mw0C5QUXHEimFzNTqCJ0Xu3JLuQxP1dwFeF32WRBaw== processed in 440ms
[2026-08-24 04:24:25] [INFO] [api_router] Transaction payload payload_hash=I7k63HuqifJdd/++yOY3FrYNJ69xKpj9oGUUs5qDkzdqcZZb9+ZH1cpWKGUYKpnbTt2qXeWp9JiBRPfaJpCsTQ== processed in 383ms
[2026-08-24 07:26:38] [DEBUG] [db_pool] Transaction payload payload_hash=o4fX3dAW78NmCJu6OuGviKp0LYDlBoRwWjMxD+Q9bMw2q/diIpyUJMEDoLBr3fEkh9yk9l2dQWOVPVybdmzedA== processed in 423ms
[2026-08-24 09:30:59] [WARN] [payment_gateway] Transaction payload payload_hash=JRj0/q9/kYkdBcLnJs2L2PAEWasSt+yHH94RthLpEWa3Py3y8o4NbyHpY6IrzmIc2jIyhVqGw0EcKoi5YyouzA== processed in 117ms
[2026-08-24 09:43:33] [ERROR] [cache_layer] Transaction payload payload_hash=KWTR5OyiQEbtXFZgbgRnGuQs3iCLyTr+YvPt1Xids2fh7Ig5myt0z6JVXtPlN1JnR61ubhugapnA8UGqPPJV+w== processed in 98ms
[2026-08-24 07:46:45] [WARN] [db_pool] Transaction payload payload_hash=S51YW0CsaXHxTc4//1zwCFQ+Clr+iLG8cW0LlhHwThv85DcrpPNjKnFoEpv4eWkb3V+vNlJYYhQm5i4efqXpEg== processed in 310ms
[2026-08-24 04:02:45] [WARN] [payment_gateway] Transaction payload payload_hash=Ub++7eqcF4elZthqceZScfHxQQdPQs5iisT/PzXIdDwn2vKyaY/4zzUKE0TmpnCII2m9qDWt0J+r0iCVZ39MLg== processed in 494ms
[2026-08-24 08:33:24] [WARN] [api_router] Transaction payload payload_hash=BvdYuewfiRqc18csdtMARe7D7B6KVeByCxVIg1ia71EqCNj1nYgQOPQ2gCZirXqtx3eQ9Yvv+N5dJTjGhBNB4g== processed in 20ms
[2026-08-24 08:11:11] [WARN] [api_router] Transaction payload payload_hash=Gm8muXQ/pHQut2p7FxbfY0vyQyUY6hObqsYwL8kj+hOrS7jL0+4ub7ralRWC8Q81DGn0SL3MZn//u8H2b0kdXw== processed in 354ms
[2026-08-24 07:58:24] [INFO] [cache_layer] Transaction payload payload_hash=qALDdiO4VtO4owZTc3ro9t/3Qz5Y38Vjq0jvLeTUebv3nc4cW/mZp0+2tLqh44N5Z+xOxVFDBLIf0ZNjR3qn4A== processed in 486ms
[2026-08-24 04:08:04] [WARN] [auth_service] Transaction payload payload_hash=4UWeRRZR7ZD49vyvsdZQR3017qX6vtWShtxMmxssDj+sX+uhz5C8BU9IbJ8C7xovzRsB1K4EIO9dxI/t5cDCKw== processed in 56ms
[2026-08-24 09:55:50] [ERROR] [api_router] Transaction payload payload_hash=NwCk8TiweHEujnESW2ICe410ZHYAliChq+BfJzWP06ElghBA7PsjZc3X9j3g3+C6JjM9KNB1QVLRlr7HhYo6pQ== processed in 0ms
[2026-08-24 06:21:59] [ERROR] [payment_gateway] Transaction payload payload_hash=dZzK4RWlA/+qDaFalwukplrZq1PEwRo6mW6eixhxsF1nESLpcdxfloLBc1tKdIMv8Zlw5EmzKkyjLeyWTRHmeQ== processed in 266ms
[2026-08-24 09:27:00] [WARN] [auth_service] Transaction payload payload_hash=j4Naqel4XmTBuNp+NiLnEHbIi2ujxEKRqj72LQ8mD9V74IYO0U69mvLZwp2yzQNkdTSQxElfPgExHVQ6VMwLCA== processed in 185ms
[2026-08-24 07:44:37] [WARN] [db_pool] Transaction payload payload_hash=2D6U9iYramUrX0fFhZo5Bfo3abReA63SYswmWMUgzxsaOR+vG3TEzVlRuGkrURzHgowKXRIQFmgH1yXY7zrktQ== processed in 293ms
[2026-08-24 09:36:19] [DEBUG] [payment_gateway] Transaction payload payload_hash=ZcLbrfVwEkfrF4SjC+caC/vZX90D2buXklRjXGqr7vAFyG3oMOXEiU/53y6Eax2VnAz6t/A75Mfo8Yl5//dCbg== processed in 244ms
[2026-08-24 06:12:59] [DEBUG] [cache_layer] Transaction payload payload_hash=7WT/Y+txiXnBIkqBPvVizzYVLhbKwtlgAGYYvnac4mn8JN4UZiB3Y89gwXwtyjURNmytiNu7ASUbJFB8iabWQQ== processed in 280ms
[2026-08-24 05:17:24] [INFO] [auth_service] Transaction payload payload_hash=PaoaPppqA46vvMxFFZ3PZ/R9c4dGGhNGvvsNwJ+hsoL/1TpnoIg31JBZCgOmfKMZ8yrq9X7vgyxQ3wW6OLFQaw== processed in 391ms
[2026-08-24 03:39:21] [DEBUG] [cache_layer] Transaction payload payload_hash=hQUQc2l21mLUr5szO2U1UAgsnsmO99bCuIyDBhUtXTDwQSu2C/4T/SRx64cvhF4UiHm8NPUFnpO+IKX5sSOE6w== processed in 56ms
[2026-08-24 03:36:51] [WARN] [cache_layer] Transaction payload payload_hash=3+Im9IJx89I1Obof5Dz/oEvBbvDF1gI0a4+43TWgUM87G5lmox+Ls6MM97DHsrJ6PWGfzDH4PgiARTCHFi7yIg== processed in 366ms
[2026-08-24 09:48:45] [INFO] [db_pool] Transaction payload payload_hash=3iOpSbrSMo2+MtW/6yyqpE1rdxa6icTYuBTaqSh3kL0ZzrvRHDOvl//CegghdHKvLRPn6nb8lv2vEwIeYMuA+w== processed in 382ms
[2026-08-24 07:53:40] [INFO] [cache_layer] Transaction payload payload_hash=ZX/0Oi0EmG6y+VPyvwO+IvQOhx7JRcy1hmZWAFkywCd6rFp76KQBBVXUD3JAkDUgskl7a+wE6ABl4G0858pNEg== processed in 457ms
[2026-08-24 05:15:33] [ERROR] [cache_layer] Transaction payload payload_hash=Bm9hMEzq7YcefLmQ5bh2JdtXPQ96+xN56i6r4bssMTXLO/Rp42BV24ANnbAJrxFA3XngSWsGDf2Op9K5+JW2AQ== processed in 255ms
[2026-08-24 03:16:34] [WARN] [api_router] Transaction payload payload_hash=VGEWtyQploExJzRxrO35PkBymfekdm9LZ9c1Cx975XEzn7vOerz5PY/WDyM3O++FpvRPtbyE6o1LoeNFKgYYAw== processed in 281ms
[2026-08-24 07:49:38] [ERROR] [db_pool] Transaction payload payload_hash=0HYiKoe9RhmlmuxBvzLNNl5r/RDwB7aPH4aDUV8E3itp7TQsTeI4eY7HkwGw1sbvnl4TSbelTmmEO2hw3Hm1nw== processed in 316ms
[2026-08-24 05:12:31] [ERROR] [auth_service] Transaction payload payload_hash=LrUlui6ToesnuFlFpn/Lver4Uer520rY8V78tmoyT7gJYJI5/AtUL1gMzhV7WdMKJg8kriqAGGiNfk9BN/MZHA== processed in 5ms
[2026-08-24 09:12:45] [INFO] [cache_layer] Transaction payload payload_hash=pbO8Gy7z8XpQJB7r7v2uneRtP6M4WQA9EWKJKzx5P7fJ8HGWhAL9f5VhX/1OkknmFkC1UmY/rzULsGx9M8p2ng== processed in 498ms
[2026-08-24 08:22:35] [INFO] [api_router] Transaction payload payload_hash=mSnXEu7NkQ21L20kP4+TZoRoMP/TbhKzScVYfKSw21Y9d0HuoPnZPLHmddHh2O7tV9i9YvZcstGjNvBG0NNO4Q== processed in 316ms
[2026-08-24 11:07:37] [INFO] [payment_gateway] Transaction payload payload_hash=c7kySYBov7PjqHo9yf06ktm0jsqLZsDLBnW9xWDh9C8HKODUdq7ZWRRMij6GJH2MXP8mpBEapQnSw9giPn7clQ== processed in 136ms
[2026-08-24 05:21:45] [WARN] [cache_layer] Transaction payload payload_hash=7eT3FX2BMmscucwpb9ECPUwRkQ1Hxby0eyxwG2vtsIIoM7oNPqmB7unnGYiZXbv3hCUKxg9BA+2b65me5n3RAw== processed in 103ms
[2026-08-24 03:10:47] [ERROR] [auth_service] Transaction payload payload_hash=0io7QvDsWbyNLpDw4OmODong1UxwFDGiesJ9O8I4XB7EUYGX/t05FUtF8oNIekwrZXCm9jTmkHYpnH3JUGVFxg== processed in 421ms
[2026-08-24 08:45:28] [WARN] [cache_layer] Transaction payload payload_hash=qwSce2x21Oc2f9jbnVRnh8MIQZuewa/yNtKe7UMAX6Dz7q2BivbX2DhV7Zl4iOjKW637ZSQ3sFFwB+aurFqAVg== processed in 78ms
[2026-08-24 10:08:47] [WARN] [api_router] Transaction payload payload_hash=iI+ETokuGJTNHlGx8f00rhm8f1Ho6eMarIuzjHEO+soseW+3Rvpzxw65kJrSVBeSnASYlk3ZwumirICiMyMGIQ== processed in 492ms
[2026-08-24 03:18:18] [DEBUG] [auth_service] Transaction payload payload_hash=60wPAYwJcvYc3scJLwp5uu+ZAg9Zc1VBzyJNSjIxo2KoK8MaASeSj7P/zBxzm++N5OUdel0+K7NuCeqICVJ9Rw== processed in 215ms
[2026-08-24 08:00:56] [WARN] [payment_gateway] Transaction payload payload_hash=4hYLHoD/u857+vyFHIYkD7tMZ5CvXJhT7i+NRljzLSzowAxmJB79IfDEKThROQRDVA7naQp2r8B8fyxsbyhG/A== processed in 271ms
[2026-08-24 06:08:42] [DEBUG] [payment_gateway] Transaction payload payload_hash=Kl005MYO5uTQWd98DLfBCgWN26LfjoUnrQ5UBfckHpGaraLTDeVrtXKPl4VhVgfsC1AaJhdPy3+YrtdgWtTFIg== processed in 143ms
[2026-08-24 09:41:53] [DEBUG] [cache_layer] Transaction payload payload_hash=TqzJgqeKYG+0Xlzj+h/Akka30+q2bRdQBxKTRR6yOUP1xJv0fLfVASTsfjAFxw9J8W3Ym/Ty5WfPZ4h8fn+sWg== processed in 12ms
[2026-08-24 09:12:49] [DEBUG] [db_pool] Transaction payload payload_hash=35CVnewzovlOvMB9uKZuTxILaTdcEsr2otfK0CCHvxRi5KaU5ksW7S9tHOQwFFupQK6oYrHwYq/kDoQt66WhvQ== processed in 302ms
[2026-08-24 02:27:39] [DEBUG] [payment_gateway] Transaction payload payload_hash=ivJrcGgrX1Mx/xHyzYNnTdqmjbHVufjjzv4naEa7kxKBuSPdxQIBWbOsqcdPT+Lt20MH/fDfvs9SqjuFyq0YgA== processed in 177ms
[2026-08-24 05:14:28] [DEBUG] [db_pool] Transaction payload payload_hash=E8FY8rgn7Qawi6SQTOzvFhlJjUYlVVpTAQ0wjnylUZxl7KcK28PvQxeOfND7zyJNgxXlD7wa5+20VRHWI5vWBg== processed in 341ms
[2026-08-24 04:01:34] [DEBUG] [auth_service] Transaction payload payload_hash=9cUEyLvY4A+Fa4V9VTCXf+B2Ge8pB3t18nqOTOlt8/1kdPS0E9J48S48jQcGzxeZDrvAeraB9chOwQKDK7gIqQ== processed in 16ms
[2026-08-24 11:24:03] [INFO] [db_pool] Transaction payload payload_hash=1wURa6YUHo3h5EQciiXPdE4+meBW/tDs32Ebbofwd+b7YIrmF+gHlTmVAihimvK52e+62equUUQmEm3Dk24GWw== processed in 304ms
[2026-08-24 09:26:24] [INFO] [db_pool] Transaction payload payload_hash=KmkfyWuIYO0vHdmZCgDkEP/JrclhaOTuZbOwwiJNTpQzncvSnhcbThwdGy8S8u4W2EPyddfK+F8bqNx61pXEAg== processed in 471ms
[2026-08-24 09:54:51] [ERROR] [db_pool] Transaction payload payload_hash=xkqqlYX40B0j7+68dawBIHpC9+T/6h8wqOqmlSR2b0zOFj3YvVreMMMtfG/qWLyFljkGRx9OJjw7Fvcm85pysw== processed in 225ms
[2026-08-24 05:29:26] [WARN] [auth_service] Transaction payload payload_hash=eTiNQehOj1HozXOSVHiwqmd8+0Kc4GUDm02YO0YIazLMF3pn6AHJvlcpcsS1oPkaUU4hrkcDKbcYBwjdO54iRA== processed in 316ms
[2026-08-24 09:16:46] [INFO] [api_router] Transaction payload payload_hash=z8f5yLOAZoWoJchH7sk1EtGsOuIn9wr4T5/hn+nUR61WmU7IyrVusPfU2fw/TPGn7hE/p/rk+9P9Kdv+LRdZdA== processed in 288ms
[2026-08-24 08:01:36] [ERROR] [payment_gateway] Transaction payload payload_hash=9Pvca7RcUHLxMZkfFcUJSGpN95OZRWjo8YACsXnvnC6fqcXBSHu4MDkytP0Y0od6dg7ooT9z07h0UQXXukvhwA== processed in 109ms
[2026-08-24 06:19:37] [DEBUG] [auth_service] Transaction payload payload_hash=rf9uasag3Ssvx9rpzZzG+qWH9ZRxcKK0JRTJWwNO48GCzSv3/TYPR64vzcU/erRro39ZkGKqltciaSjSL0FbxA== processed in 48ms
[2026-08-24 11:14:49] [INFO] [cache_layer] Transaction payload payload_hash=6zREezKCJ/lVKhrStP8+2XWexceUEA1pFIbpUVvJ8Ec85uihNo6s8k/pEyrpJMwqp1aqPbGTKsuUb4MlWUwgig== processed in 492ms
[2026-08-24 03:43:22] [WARN] [db_pool] Transaction payload payload_hash=p4a1N8guFmNldBw2oznWugt09bvB0rEmNJ2DzE//nU0kZTByiAEE9SJyyFHopO7HeU3FrSIwQOnAyGIs6u5Q4A== processed in 264ms
[2026-08-24 10:44:57] [WARN] [api_router] Transaction payload payload_hash=DtJdlFp+T+94tWlO72tpQzzAw+fRj5R1t43dP+6FH+UvLW9jfchVp/GeKgO/5jTWlLOgL7PfHYCQrvJbuKh4xA== processed in 494ms
[2026-08-24 07:32:29] [DEBUG] [api_router] Transaction payload payload_hash=mWxpcO/OzhtiA5X9Tb6PToS2xNoPsoAqvFm5bSJDOBgsRVxzk+KmiVmTbiwHku/Hc2pRYgr0NiK5KqXR3T3yQg== processed in 365ms
[2026-08-24 10:03:33] [WARN] [db_pool] Transaction payload payload_hash=CCE3XPRCyCs5NVSv9CS7BZf92MHNI37BkmSGLL2IPsefWChNPz+TD5nO9LR8Afac15fTl4Z+jTEwBbWcyrbaug== processed in 469ms
[2026-08-24 11:16:28] [ERROR] [api_router] Transaction payload payload_hash=pV1XyGn5z9F9m/dBLKWZlyv1BFDRElfXcPdNqgHMw2JtbAN4oVw2LJMlTFmFaBKfOC3sSaTWcrcFnNSDgYEX6Q== processed in 177ms
[2026-08-24 10:43:51] [WARN] [auth_service] Transaction payload payload_hash=IrFGJU3PQlaWz/Of7v1M5ExCyt0d0IfBypfh0Nj9RCMDGzk4NF3LjbeDjKAir5Fe+v4GbFXuNsUy+4kUCwzd1g== processed in 265ms
[2026-08-24 06:28:44] [DEBUG] [db_pool] Transaction payload payload_hash=n8nHoBBOt+6XuZoI6k/XV9Yz/u5okICLcWXKMyf0yvIs6zI1PtOyoIcSQ+YX8m9VF8yXNeB+d5QcoKgtdH3DAQ== processed in 315ms
[2026-08-24 03:04:33] [DEBUG] [payment_gateway] Transaction payload payload_hash=91cA2A+0MGI0qVURLdfcMkw0OvZS68oiUsN42y16Bo72JboCLHEuZTrN5zBmnC5P92Iu0j5yakRLx6Euzrp+hw== processed in 146ms
[2026-08-24 05:18:10] [INFO] [db_pool] Transaction payload payload_hash=CI8uCKii3TaBrsNlHsHaGhToZ767AD8Ip0/uNzrSvc7ReJS+EfoSnrJpPmn5roi/ELxrcLcPVAbFCEKiwfqUGw== processed in 15ms
[2026-08-24 10:36:51] [INFO] [cache_layer] Transaction payload payload_hash=LbnZnHMHwV+Y51uF4YqHEyOEpd7mlDyAUVt7bS/xw4hHoxNQBzNa3+erLprPuwniYJKvnZ+QmUO1H2/7aGgr6Q== processed in 203ms
[2026-08-24 09:28:35] [ERROR] [db_pool] Transaction payload payload_hash=ahuKgCyHJAz7Hk5R2SI3tZxAbryiufFTMzhXbccWRDFnPdjlLPuSN8TZogZCQFyX/F2PoWArmqtT7p7fDOLX4g== processed in 356ms
[2026-08-24 09:00:44] [INFO] [cache_layer] Transaction payload payload_hash=sEIaZfJ6PXoENjVfu3G+DjE+YhJ1AwOkiL3nEVYmV9vjkQy/1t9lspuIs1qGuj0F4dTtdrvk4NyEmAl2l5uwuQ== processed in 394ms
[2026-08-24 09:14:22] [INFO] [db_pool] Transaction payload payload_hash=SBuI3F/KA2pCQWVtYyy3vk0inINW0ojsp6ETK5DulDLMYy9nNoGNq4JydNoZgPj/jY6tKTF1d9WwiNELdH+VoA== processed in 216ms
[2026-08-24 03:46:41] [ERROR] [auth_service] Transaction payload payload_hash=NyKv2keH8rCz51XgJ/iHlvPSBeQ8KRSKnOdLme6atUbuQRW/YDPQgPI2LKDZsQFg445u/HNO6n3jUk9od4YRbQ== processed in 389ms
[2026-08-24 04:57:21] [ERROR] [cache_layer] Transaction payload payload_hash=bSnAJRe0DIxB66BVKqe781m5PSpKdOnuf1ZXHqIejf0nyhRANQv+a4aGKhNJ5JglVIsI+VOj8G091AEc6AhbGg== processed in 54ms
[2026-08-24 08:08:52] [INFO] [cache_layer] Transaction payload payload_hash=DiyB/9zAYdmzmV5xmyODLXmb87r5Gg1hB92XT5KXOQFbnnyv58dynOXbda0kNOdcLqZ0LXSKuqpsRNBmHa/2Hg== processed in 229ms
[2026-08-24 11:13:45] [INFO] [api_router] Transaction payload payload_hash=0u8TjOzzIFS/U9/1fEv0scnqKyiphzPLsoUhNF8PbYHGZmGsL1CVtsZRpBMh+/wo6H4H2WhMGUCaC/SbQ6bErQ== processed in 321ms
[2026-08-24 05:06:40] [ERROR] [auth_service] Transaction payload payload_hash=GrsoR61Lnubi5xAEH/VCZjsl2yCrwZQF0Vjzqsow+dZB7C7S0eV2irTNS1H+aadHy0uHEfTWGW8cpgulETuE7g== processed in 226ms
[2026-08-24 05:34:00] [INFO] [db_pool] Transaction payload payload_hash=+ipBipi6+y79RKDJzG9XiygKuKNaJyuxT/MMNLlocKOK2W6i26/Iw+D7j5vT/ehm88moHahSy4Kxkd2fhNa1wQ== processed in 370ms
[2026-08-24 04:26:53] [WARN] [api_router] Transaction payload payload_hash=g1auMnZJ4hoBeFfKLP8mUw7bqU+VtPiUfmOh9nOrJzQUtphcbVyumEeX9MUV2knDfLBYI1+Iy/C4BkC/TD429w== processed in 449ms
[2026-08-24 08:49:12] [WARN] [auth_service] Transaction payload payload_hash=buOW0RuU7eZzwPXNd5W0I0Eei/bg6aqTYW+BV8akInEr68+cnMSKgHzGeEseggHrmifpeqOmYDBTW1F3xBVPKg== processed in 180ms
[2026-08-24 03:12:11] [WARN] [payment_gateway] Transaction payload payload_hash=Mz6DCsrF+YA/L17FRIV9AMkEohixlBXTm/f9Jpk69cbjaDVQr4/qt4kmg01IS6nGq7RW8r1j2y/d8jx+7FJoAw== processed in 350ms
[2026-08-24 09:08:07] [INFO] [db_pool] Transaction payload payload_hash=i2Rq6ISJUso/1l5cekbsYj0sA+DHtwAC2lu80eRukrJU3Hy2Jhf0IDLJ4JF2iK0d/gIakBr2KmFNxuJomrz3LQ== processed in 10ms
[2026-08-24 10:00:10] [INFO] [db_pool] Transaction payload payload_hash=HDaYTNjujsOB6Jo2sQvt/dZOlJUypBonkThiGcjbVBCiYwF02mTAXuTti21dXzLF3PfoOHa/TvwmNgTRFtx13Q== processed in 186ms
[2026-08-24 04:05:08] [ERROR] [api_router] Transaction payload payload_hash=bVPuvoNfCzxKSLmDfel0soDRIwELsyxS4wR4Jwnsq8kwnBhe/o1croBlVYda99uu+XvRgsSVC0mT/gLkDndmBg== processed in 373ms
[2026-08-24 03:28:03] [DEBUG] [payment_gateway] Transaction payload payload_hash=k236WoMWDfrkkB4cboH8+2qTBdc1Dgy7Kp/7Gs3qJMbneoNyJa5wezshqBGOXQxcGOfWEY9/wvSOuAFe4cRmXw== processed in 277ms
[2026-08-24 08:57:39] [INFO] [cache_layer] Transaction payload payload_hash=gpJo45Luvh2p45r0jFGynMcALMuCq3Vc9KFjW7O2lA5Y4vmTETsXAncIanOuypVBsCzgKHrF58zkGoThuQCrvw== processed in 429ms
[2026-08-24 09:28:24] [ERROR] [payment_gateway] Transaction payload payload_hash=wm3QyvvUh21Ds/UKUFpHaMr0lfhKpK1I4el7fkj3lLlYIX0U/D+aQTSdxZsaemS8N6mn80U2YV+6IsFE2f7J3w== processed in 209ms
[2026-08-24 10:21:57] [WARN] [payment_gateway] Transaction payload payload_hash=Oq6GRzXgepobHLHn+4Y0Gij1lIF7ue8Wt4Gp/YEfbZAi2gRamhAOPHVBgUxXzMtB7WVn5Dz0pP0hMBSUItEEaw== processed in 299ms
[2026-08-24 05:48:42] [DEBUG] [cache_layer] Transaction payload payload_hash=e8+lvhix+iqAtJMUYnantmvTOePVL1B+DJqXzhbWPCe9/es3jP4wDDuDPPbef8/BamvOyZas9qav2gy0Htba8A== processed in 308ms
[2026-08-24 10:36:30] [WARN] [api_router] Transaction payload payload_hash=ubZLJ3gBZrF5szeiVnHXhMHUDvjS8Xasy1jo1CtXky+l3RxENjM3Q6wLDOZQuash1Yu0u9xoLeJ85/GuYlaYsw== processed in 346ms
[2026-08-24 10:09:00] [INFO] [payment_gateway] Transaction payload payload_hash=kiaEZHl18yTWatAoDluM7+6zfIVY2GK5p7R0hEKaSX0CZN6dsEiCDDAkAnSjrSy+HnFodKUpJ3YV1LUgRtgZFw== processed in 381ms
[2026-08-24 07:10:43] [WARN] [payment_gateway] Transaction payload payload_hash=NdcK0l43vdh3xzQtUEx28iRJHTVDE9ACdDrwcDuJRrPYt2WblkLHZcY/qyTCnQbgIwB5pripKdXtK4+Ceg395Q== processed in 66ms
[2026-08-24 07:29:35] [WARN] [auth_service] Transaction payload payload_hash=0cA7eIJObFAd+KhCyY0kXIYz3TpS6Iw1dYbJgsiAFDyoa+4NLblE0qfayMnoJLGaksypLMteA7g8lSwO3IHKGA== processed in 208ms
[2026-08-24 06:19:32] [DEBUG] [auth_service] Transaction payload payload_hash=ikJYSr47yUrwdNonzaXdRBXT7aC8AA1gtmePBVrTCLYMYz7wqzL31UoFwdTOkPJZgA6MtO9IGmvQvWdbvsAqwA== processed in 74ms
[2026-08-24 10:42:46] [ERROR] [auth_service] Transaction payload payload_hash=7sdmbww6r/tne9VSUCCjI8gsmUMZiqEODe1WpgHI1uSHhoF8nnbR/8nrJhhVCeJiwetgv0QiBEvoLz3Z7JColg== processed in 415ms
[2026-08-24 05:24:52] [WARN] [auth_service] Transaction payload payload_hash=YM3DryduuD8BaXYcCEHjC0JkLdlWKoN7p6a7Cx7rAU9J/wM2WjpkQlrqIxmE3UNY8i59sNGwuKuWkRtVmwNk3A== processed in 247ms
[2026-08-24 10:13:41] [DEBUG] [auth_service] Transaction payload payload_hash=0e+unqLg6rgJu7DKBacwC/I1+k6EdQ+/sF33/bzIy59XIFhauBkaZtFIDFXTNAjHIp1Y7VPRmEp/wwK5U52E/Q== processed in 40ms
[2026-08-24 10:59:28] [INFO] [payment_gateway] Transaction payload payload_hash=CdxqeBm8mETGYfUhsOoRDk9SYuOcul4UtxOMoA8IL/eSdQ2Z06HGJ7/T9dqzrPfXfBTjhYu08jf9tVpejFMdzQ== processed in 331ms
[2026-08-24 04:09:24] [ERROR] [auth_service] Transaction payload payload_hash=+E4EIpsS7PyVynYe0m054yQMRzwD2hq4tIzUhd4BA89A8Df8wjAKyiD/nLm8f11RN38YxSM6kiWX8WwsmNjFzg== processed in 380ms
[2026-08-24 08:39:49] [ERROR] [api_router] Transaction payload payload_hash=L+FiYu+NmLe2DT5r2q1/JdW7VpyTXOLWOaX5PupJdBYo0Uj5UfKadOZnh/7Ao7dr9Gr3wdrV6xETd5slVxJZ+Q== processed in 150ms
[2026-08-24 03:51:48] [ERROR] [cache_layer] Transaction payload payload_hash=ANz1dyvBg7EoDw7wj630cDYQYZ0Uv0r1CZhh02L+bOLpAVc/YUDqeZ4eHor+IiizE857yWP+E3vhnUpgzjPGTQ== processed in 463ms
[2026-08-24 05:26:08] [DEBUG] [payment_gateway] Transaction payload payload_hash=DP+cdGhycpfumlr+w2ey0PrpuOPYDZtca0TltzBoIVX2ju49Imj4KOc5W1z/eKwMCsr0qtNJemqQf0m8eHQhwA== processed in 367ms
[2026-08-24 05:16:41] [DEBUG] [api_router] Transaction payload payload_hash=L00QA/dRozppBK9qqN3Iv7LZAvcqnOqjJFh4csYkvm29yMk+IDC15ycCOJEsHuvuzQSCPvWx5Iz8usavEwih6A== processed in 58ms
[2026-08-24 03:40:56] [WARN] [payment_gateway] Transaction payload payload_hash=ePNrK8kUswOZiCY7HaBt0gvOal5We2ed2mRxe8Du8vtDWmppuP6zKaMbM8MRstrjnA/jeb1av21xQ9utd5u7wQ== processed in 246ms
[2026-08-24 07:44:54] [DEBUG] [cache_layer] Transaction payload payload_hash=9D7FRdyewYu/V1NKlt+M5teTP6EFAiBNGu7tegq+k/D+0N8ooAUZ4B3pV8X1voaRx0c5hzARRmyp2wBaWRiFKg== processed in 74ms
[2026-08-24 09:02:43] [DEBUG] [api_router] Transaction payload payload_hash=aD8sBCnkt+D0sySGx5P6VYESGfy29dfLeRrjohIABvBS+f8ov3vtjXixofO65xJlOWu5pEu9OGQuWDYQ1mld9w== processed in 79ms
[2026-08-24 02:46:44] [INFO] [payment_gateway] Transaction payload payload_hash=Gr2t6AQRV9xilIg3KhgVt54m/j3IATKtmVMz8RpUExlKON4alHa8Qfvyzclyfd+m7r5gfGvWkzru6ho8+CDixg== processed in 371ms
[2026-08-24 06:01:36] [INFO] [payment_gateway] Transaction payload payload_hash=IyqJ+dkJdvYauDRc3N+sft+gtq6x40HEmg6mu/90gxrOXdZh47Raeth2j+zU459fXJLQZcilZwviu7Ev1X3LJA== processed in 447ms
[2026-08-24 07:50:47] [WARN] [payment_gateway] Transaction payload payload_hash=UdchhN3HBzFORI7+d44+eup7zCrOeEN6gD+Qr6U3TYydMPw8jiX+RVxVN1cobIlNW60o3Miljgg1DwFZisyHDA== processed in 270ms
[2026-08-24 10:04:20] [INFO] [auth_service] Transaction payload payload_hash=VTY5q6//oY9XhKSA7JLvmSWRqNmzV6JbFETbGaU5Lt9jLvPS6mjT8vZVfIrdeZUUahdd2QHfT+t7+MKT4Qwaeg== processed in 324ms
[2026-08-24 10:14:48] [WARN] [cache_layer] Transaction payload payload_hash=GJhJ7uKgmEE9aKe1sFD8zGB1PiN2cBzUXJoRXoqacunShrCxSWV17G+FkWqB4CYNj4V51adtFrqzByVRkDDSew== processed in 488ms
[2026-08-24 10:55:25] [DEBUG] [db_pool] Transaction payload payload_hash=N4plSwaeXGtNfplGCZ6vvtumuXU90DgiNUaIAjKGFOJZ8YsIAF06dSHjcx/tTBUk8jalJ6V7gzM+rVuzv2Jbfw== processed in 60ms
[2026-08-24 10:41:38] [ERROR] [db_pool] Transaction payload payload_hash=KyINSqfWEypGIdNmzQFuZ8gIDSDw9BGnEqi0c3N3OqoN315KPk8KDDFU8j7RWxcH42OAxcSbV39ohZX40gYP0w== processed in 220ms
[2026-08-24 07:33:16] [WARN] [auth_service] Transaction payload payload_hash=9K0T1XPqFPYUpOIO/vrn1Jp+6JWk0xmsbFCHMhfJZTp65HO8gPm2xnq1zTWP6lCVerprfe9F0j59zYBGhucFsw== processed in 350ms
[2026-08-24 04:14:58] [INFO] [cache_layer] Transaction payload payload_hash=a/ERP5gV/XkUiHGrnifTywdy/ZlbnYtZiPSfbv2vGuzg0p3ZbyhIWNesWP9/YC3gXOoWOQeFsIy3eHjsHZ9FuQ== processed in 416ms
[2026-08-24 08:13:16] [ERROR] [payment_gateway] Transaction payload payload_hash=Fw2tqtZ4bV8ctXfrCoSnoMV5haaEXjFfxLUvNSV94DceeRBl7K/p9kLlJEskYNQhAxhlRH0bcCBjU2tSezhXCg== processed in 375ms
[2026-08-24 10:16:07] [ERROR] [cache_layer] Transaction payload payload_hash=IQcL28sZqzoTFo7wJxOrRn6185BdPwif4woD0mLgv5F7vpUlozlgP4vmzSTO7IVYv82jIYVV3NBso6nDFnhWpg== processed in 407ms
[2026-08-24 10:00:11] [ERROR] [auth_service] Transaction payload payload_hash=UjixPV8AeybmlKWjxTmgC1IJJ4smVK/1uWsMXolbxceSSIBV97qyqPB7axjFScldphvH+xSeqZmnM4pRH5OeQw== processed in 99ms
[2026-08-24 06:12:21] [ERROR] [auth_service] Transaction payload payload_hash=huoT/FmBl66pTa/lAMDxn6pYxicC785RnosH0XxP1bMBGnm8FU+8KIePEsQWdrcSOL7SJ6GMojUxC1aPpoRkDQ== processed in 498ms
[2026-08-24 06:08:51] [ERROR] [auth_service] Transaction payload payload_hash=SlygDw4o2epYgqn9FSWTEugIwGEPH3/rh3Gki11CBStKJK+wtsnKH3STFHiaKxKe1vfdeygl0dNmX70ROJT7Hw== processed in 53ms
[2026-08-24 10:44:06] [ERROR] [payment_gateway] Transaction payload payload_hash=EuGzWeY/SANNmAiS+q3+6XdP1ry027D5zN4lNH7gA5GzjXt1wU4805DVjsl0P10Hoanqzn5OlTIyoBGKK/oeLQ== processed in 84ms
[2026-08-24 05:41:30] [ERROR] [auth_service] Transaction payload payload_hash=DDKx/XyBQcPhsccHOkyi9K26tXTUzN/qwdVgNXwtf42VgfomfSFutfr8/GmoVenQpqFLfSu9mcrfeYULt/oofg== processed in 151ms
[2026-08-24 09:21:49] [ERROR] [cache_layer] Transaction payload payload_hash=bG8DQIoXTOaiDFRL/OKQ82IlBa7Sgc8vcwUyiAalB+LVrtQI3sxqacXLS5v66Dhi2e05fgod6a2kuEit3Y7N9Q== processed in 329ms
[2026-08-24 02:55:24] [ERROR] [payment_gateway] Transaction payload payload_hash=41uwhxqaFrdxh5ExJH/WTmlD79x8W01x+E+2xYOPj1YWoZQhfJ/RGa2GPhAYvN+EA0BBqAZndE8Jf3SlcqtESA== processed in 68ms
[2026-08-24 04:01:47] [WARN] [cache_layer] Transaction payload payload_hash=uzYS5cIzMR7iVWrLd1F5iExCm4LTAYO2oHgDwYaQB7KnU15QZgPu634iptcE/bISJH7oJTNQVUXyAaio2+Pxcw== processed in 264ms
[2026-08-24 02:25:54] [WARN] [auth_service] Transaction payload payload_hash=WwS4ZDru/AYNawdGwK6GnUBa4d3Y/fBDbFjHWUnJk4s1ENJkIWDXyBhhP+P1HKIXaWXwJuxY/X7Ytjjyeu5pVg== processed in 240ms
[2026-08-24 09:38:21] [ERROR] [cache_layer] Transaction payload payload_hash=CNfOW01Oj0smaC82sHBVXPFulb30NnQ33Ee2KKwt62CEp1Hq/wyfmkgnNP9dNjxl1/5lFEgfsCZabR0oDJjCRQ== processed in 482ms
[2026-08-24 03:36:11] [WARN] [api_router] Transaction payload payload_hash=MFndq7rKrlfEzzM3zHjUDFFEWKt+6o20gWdPAB4W+8nKGTJ3suq1Sb5C0ukbQ89hNctZkFpcc4U8qeIL96/Acw== processed in 134ms
[2026-08-24 05:22:36] [WARN] [payment_gateway] Transaction payload payload_hash=/2t49zJ+OQwg6lpTo1AUUtSWBB/dOcHmpoVi5MOLlRrZt9l6R5AaKTo6U/QSvVazO8pEhOC+OpdoaoL7j5tamg== processed in 318ms
[2026-08-24 03:47:29] [WARN] [cache_layer] Transaction payload payload_hash=2onLSORQ3n7Q1wU61DvHu9RiHLpZgSiZXSGOZRzYTCWAhcmyeL/i7SgyJ96HeEfE7ysZiTDIgqL6O/3mr1F+bg== processed in 447ms
[2026-08-24 07:37:41] [ERROR] [db_pool] Transaction payload payload_hash=ShqdBQQDKS+84dh9CzEmcn//60qC2ilAuKjCMS55EdJ/wCT/xLIozxML9SSlu9AxQHvsreL7G58IqKKva3/+6A== processed in 443ms
[2026-08-24 10:21:17] [DEBUG] [payment_gateway] Transaction payload payload_hash=n7LWmBD6ZcXZ4Cs+q4s3kchjJ3t6iz9/lSuanfAO4XOsL7aYde4bF5e4wg69PpLf61F/0jj8fSWN4kvUIs1NKA== processed in 376ms
[2026-08-24 11:16:59] [INFO] [auth_service] Transaction payload payload_hash=A24S+UF3qNpfoVHJuGBnsGeeroY0l2AmT+hvpO0jH38QqKLWpEexI7f7sAbkFSLrGyRq1SKzW1/4O2EEyMla9Q== processed in 92ms
[2026-08-24 10:32:24] [INFO] [payment_gateway] Transaction payload payload_hash=rh3G2xiSdl2AKHLfPYPb7tKmLEcC/gJnrMDKZII3iNIilWR8fGbmrgP0Sw5LQMzhJ1wj5t/R2VLOht6rsur+ZA== processed in 82ms
[2026-08-24 04:16:28] [INFO] [db_pool] Transaction payload payload_hash=6d40CLG3AArjJ1Vwv8L6Uyx+uW6RN9csvYNOJ6zAiFuYjBVSe9vjqAqTWWkrbHZ8MkoBuz5DmfblyZCi1JKHtg== processed in 348ms
[2026-08-24 06:51:32] [ERROR] [cache_layer] Transaction payload payload_hash=VGj9lxfiAvAZndsu8Trgm1SogY7ernJoP8fcDyiaO7T8whbzIZo745iA1vYAN453mf+hWN1tBZ2Fxp9mlt7h6w== processed in 262ms
[2026-08-24 07:19:14] [INFO] [db_pool] Transaction payload payload_hash=KqB5CafC6rCeymw4gMgflx3OG7u5FTIQ4Td2iqyqNQNTRN2RzjsR21286AO/pgsWIR0ZBWUwkWwTO2zo11YzLQ== processed in 209ms
[2026-08-24 03:50:24] [ERROR] [cache_layer] Transaction payload payload_hash=WjxA1jAyuDfngKLH9dXjXCnAvuMCbBUtaO9Uz+QjBeLYpOSnBjKe8IKTD/VPcOMyNGt4moiF2d6T3CtL7jCmdg== processed in 381ms
[2026-08-24 03:50:32] [ERROR] [api_router] Transaction payload payload_hash=k8wOCfvW2OeE3CWvwM5Rl10nr90EetDt3njw7GvNdIMZ2vc8mthPdeYqTX9hkt3kUeXE5p5X0hzU49+qA+zhYg== processed in 155ms
[2026-08-24 03:56:17] [WARN] [payment_gateway] Transaction payload payload_hash=T+4ByTflcM4gzqMOHyMjHr/Ysjsr+AukqgMKy1njCX0f+p2BUs8bnvND7HmRZsYV8vivPxT0Nj9vV3CDbDxfBw== processed in 194ms
[2026-08-24 10:24:33] [WARN] [cache_layer] Transaction payload payload_hash=KypSnJDG6sruvj0S7gEVxEJYPQ4qcfPI7gmVCKvkTuFb+TEYj0Cswci9B9QLn8nNLbXUdZFqhCw+kWlY1obWdQ== processed in 318ms
[2026-08-24 07:30:51] [INFO] [cache_layer] Transaction payload payload_hash=Wna7kxpwoDtb2yTDZUQQoRpdpRdcJpbr6hXNFfuDT5CRWuEleSCc54JLbUrXj4RMoxOHZZcSNEzZY4RAosKDrw== processed in 75ms
[2026-08-24 04:34:03] [ERROR] [db_pool] Transaction payload payload_hash=hMtyyC8JG4VRBQ7X2LOXe943d5W8pdUWGjL3MIzlFuQSygk/AwhEVJhPxUDYrWYj5kUcabqiUBkQyN3ygPxVrw== processed in 18ms
[2026-08-24 02:24:07] [ERROR] [api_router] Transaction payload payload_hash=aymFDxqa6ppX7OPazeGvqI3YrFjVRcEH+sEim7dVOnHh5rn1LgkNWvkUcbdM/J8Uxc+qJmt674iLURsAoE9ZeA== processed in 251ms
[2026-08-24 04:42:55] [WARN] [auth_service] Transaction payload payload_hash=SyvmxXFuul+zZHj2X6pAvT/1F2wRMOtMLXsyOKaO9pbnLPMgLzG5iOrNrC4Sr0a/P2Deb/rgmD0Q69YznvKpCA== processed in 388ms
[2026-08-24 07:50:47] [WARN] [payment_gateway] Transaction payload payload_hash=5mHHaerazTTMplwAcfl8N+dP5q8D8aYJ7Kd5MGcRtNRveIDDmT+WSwL1O1gizu7HUO6tNsGjEgyyqkQ26TLEyA== processed in 45ms
[2026-08-24 02:47:09] [WARN] [api_router] Transaction payload payload_hash=du6uMjrJe9cC+Y4t3pICQEo7LtI7byZYrCy8uT615pUXqqwqC92q4yE9v8J6bnQ7kkHdDt5NPfGUl5dM6kKZwQ== processed in 186ms
[2026-08-24 05:40:06] [INFO] [cache_layer] Transaction payload payload_hash=p/4US6ez+PNlLZFQAgZ2RbsZqx6EeEh94clbsKXoJuif/LtLnxNLl5vPhUceoRnPaTOnfouTQYbvZrQeBQYwlw== processed in 109ms
[2026-08-24 04:05:03] [WARN] [api_router] Transaction payload payload_hash=+q9yb8khz+hIZUX8Dh1S2MbzZ2A8TDdPhF6w2RjrjxtbLtBB7BkGtFeEMlqzHGAIcYxaVt7TEOB/G+LDRZ9V1Q== processed in 463ms
[2026-08-24 10:11:34] [INFO] [api_router] Transaction payload payload_hash=1wecJ9YMkgk5XfBxnNyvDy5VnHviG8q4PCACLjf8z5qKt/8Wr2UNcIJAGWTtFdDGay1BldSOt/++TFc98cJcng== processed in 163ms
[2026-08-24 10:31:41] [DEBUG] [api_router] Transaction payload payload_hash=sil6rTofePbe33mfc5OI6b3MY4i46NWkPKQqwcTLwld7j+2mJZkm1eeYqJiYnAXIyVGMd1cWgs4zOhRmiyWi+g== processed in 452ms
[2026-08-24 06:03:18] [INFO] [payment_gateway] Transaction payload payload_hash=4alYHR5Zu6RSNeBnOtHgtD253xA1D5T5dtcUeOwXfzUXdncy9P/cScii5YmzU2MMvxH5VP9q/DmoEy/oNslYsQ== processed in 386ms
[2026-08-24 08:54:39] [ERROR] [cache_layer] Transaction payload payload_hash=KlW1e4K6VLV6JVtFNT/NaI0SHexzLopV/k+pV4LBLQXE4CihlbmS9RiAMEkRpW+USdCBKvNGgtc1I9S0I4wSaQ== processed in 137ms
[2026-08-24 08:42:47] [DEBUG] [api_router] Transaction payload payload_hash=A3Kqv/Sn2SaGxAbrwLFLYqk72lYyK5pjMlr/1AxVg73vTfMMj7gqGdh7SxAzluecxy33t2st+7SN6zllrKfNGQ== processed in 76ms
[2026-08-24 10:09:50] [ERROR] [cache_layer] Transaction payload payload_hash=nV2fD6/NTil3rvrWFZFH+cLBNPRdXhi9VryDyXh/e4JBYKnSgyJm8BK/uA9OHMii1OV45mgxHWz6MS1TkV1HWg== processed in 261ms
[2026-08-24 05:50:02] [WARN] [payment_gateway] Transaction payload payload_hash=pXiDlQsiZZONEHO5DUiZYHbbE6MlSnunbhbgjMo/p98zMoGJ7r8t1R6eFb0Ux0yPeEfNa96WxxhOqTbGDBB6jg== processed in 478ms
[2026-08-24 10:00:47] [DEBUG] [payment_gateway] Transaction payload payload_hash=142BcZoALSgH9oAQ3w64gnNt4Z3qnOPHwmEWe2XWFkzL7aQFOvMKe2IHPbSOdfHK5tb0RuC6OuUEEB2YbY6MWQ== processed in 313ms
[2026-08-24 04:06:42] [WARN] [cache_layer] Transaction payload payload_hash=mTYMcG1qUSWBCzLpPami6JmssjiXsGSNtEasgYHDPZUjCrPuU5EjONyMsRra32rgE5dK++qeIG9mBT45VOkOxA== processed in 229ms
[2026-08-24 09:21:06] [WARN] [auth_service] Transaction payload payload_hash=7uejfPaKuSPjulNgHRC+C6s91vnet1V7NW24qIKg3jGJeSBx200WMpGggiL0QcHP47BbregfbH2pDfvwMQ+Yow== processed in 10ms
[2026-08-24 04:12:01] [INFO] [auth_service] Transaction payload payload_hash=T8OlIuBYBSwpl72fMw7GECJp3mSEkQsMsNjbbYYJHAEm4WX5EWJDunoqi65/pzGGdsaS2jXaOQ5oHSc4AlILrQ== processed in 23ms
[2026-08-24 10:59:35] [ERROR] [auth_service] Transaction payload payload_hash=eo8jwd4gkaJXO3xvDoRCM2W72wwZ/pkdHlzwxRa77f05tWYqmgKk7SHpIw9pPalSQHJzrsX9X5NNxvaDgrF8hQ== processed in 163ms
[2026-08-24 07:16:19] [DEBUG] [auth_service] Transaction payload payload_hash=uk2gKzAVL45lmDoqYYjXqZWWvHp6OLzExW2Gn14mTyWi6/ATmCYj1HiSfaii1H0xlzOsmhQou62gFM3Qh29VXg== processed in 86ms
[2026-08-24 02:29:04] [WARN] [db_pool] Transaction payload payload_hash=hB/rwc/MNRIL3r4RTh0gf4/nZ9Eeh9hBaU77Tryr0EwrvSz/wR8MNVHEWMziZTDd6Zk83zgS4DdcIB2/ukWkzw== processed in 180ms
[2026-08-24 02:58:32] [WARN] [payment_gateway] Transaction payload payload_hash=TmYHJIdA+INtZusFZxHRaYOKiaIva7z/oFJZyJVoHEFLj102YA/DwquoyDhokCP7H7YEQH+v7s32LCKBfTzJlQ== processed in 289ms
[2026-08-24 10:48:32] [WARN] [payment_gateway] Transaction payload payload_hash=QBHhtKYTv29XONPQI8ckgRaFJTUVd1xchxxlVXRgXlwuIZu0WzKe7dQ4JZI0l5ibrxFpe6DMRmK0gMtnAqfoZg== processed in 419ms
[2026-08-24 03:19:02] [ERROR] [auth_service] Transaction payload payload_hash=w97zZHgOs6pzqRXAursQF8kyShsEceJTp7XVcu2aLgkl5uH/s2GZ0/lAYCZRXYHAuxix4kkPmxA69hN7iwrgmA== processed in 392ms
[2026-08-24 02:37:54] [ERROR] [db_pool] Transaction payload payload_hash=PEvT0h+uJEVQD6fmJUoHwKJOICBAiY21+hPRKKM7PIS24QdK4jWvyO6Ba1OSmM66nF45+7pBM6EoAeuxq6lcew== processed in 337ms
[2026-08-24 07:08:23] [ERROR] [auth_service] Transaction payload payload_hash=Rk6Rv/eyj1Ax3tUEb7zpa3oi3rS3S91TRlnNHuckE0xASkTrUKa0i5vRcl5IiFofHbMWJvj23q44opPWh61EWQ== processed in 374ms
[2026-08-24 05:16:27] [WARN] [payment_gateway] Transaction payload payload_hash=veI4MEJnyaZdls4czp959PWCOU9JpV+xeu30drtW3b691nIfuT3CsZztw21v10M55bYIV8SXXuALgcyAFJJriQ== processed in 242ms
[2026-08-24 05:39:05] [WARN] [cache_layer] Transaction payload payload_hash=mSDUbhWYl0tEglSNIrj2dRwrMez/lLD6M5c6jokseMvAAg9r1EeqCIgAHKcCNxkov/fjXWHATUNP/Qfhw9kaLg== processed in 192ms
[2026-08-24 07:00:29] [ERROR] [db_pool] Transaction payload payload_hash=KnPL4nv+bclUzxahCEtObvI591g5j8f06OhalmTsc6GTiWprnvKf6OKE+kBveo8U+Be2q/tv7+9ZPXxhwEy5eA== processed in 260ms
[2026-08-24 05:58:58] [DEBUG] [auth_service] Transaction payload payload_hash=0kAmuYkgC9eahTAn3K3CFVOLbuL9MjPm1wvD17JVQyAuQjDS68dp7Rz5zZV8lx0FMJsouEpoGOKKVeLxu9T5qA== processed in 464ms
[2026-08-24 09:34:07] [DEBUG] [cache_layer] Transaction payload payload_hash=5DsVGeYM1HXdDCuZlxCRBaMo/SN5BQWklLjOBkGAOv4lQZzbCEmwf/tDVIkzh3HJvCulemNKX5iZ9k7KOyjBnA== processed in 167ms
[2026-08-24 05:15:39] [DEBUG] [db_pool] Transaction payload payload_hash=E+ZO/W/fkyWxXurgwOkOmWuweQ2QtDUyO4xNBJ499xbGUfa/lRNp1D2wP0gtPdk26XSd7Lbj8GsNpJ41/Dhnbw== processed in 451ms
[2026-08-24 08:27:34] [WARN] [db_pool] Transaction payload payload_hash=9tATXqjCUefDePUCQZwodycwLQh64Tm7n8md4JUR7BbmLT3utKnheNFngGbpm2Q8OQXhObgMSg1UQR90l2SENg== processed in 205ms
[2026-08-24 07:07:10] [WARN] [api_router] Transaction payload payload_hash=jqhVX6dE4fFPZZZarb62pAAbWm3lLr5h5wjImgX/pGL6YEaQloIhG083iR2OblLUI7bVsIRrAV5DoMkuwrqJgw== processed in 58ms
[2026-08-24 06:49:48] [ERROR] [db_pool] Transaction payload payload_hash=9SrdgZVb9Q8UCMppro8DQSmL97+TpjmiGpff0jg9Gqf7zKCZpkkd7tzOaB/Pi4kVOTy7N6PCxOt1d9ZHO4cCLw== processed in 2ms
[2026-08-24 05:40:19] [WARN] [auth_service] Transaction payload payload_hash=q6YGogxIr7/crejCALtyXHAjQgSWpvqMFxhgJLKe/kA79PzmNjZ6jSOEmqfxpMKlezf6Lb1n11KlRHnTaVf3Uw== processed in 264ms
[2026-08-24 09:05:29] [ERROR] [payment_gateway] Transaction payload payload_hash=WYZ5xmNX1fgYZzR2LPntZVbA6OLWqJhaSyhx6tr6sPkCX5k3ib2BzJv96s+B2jb8I2/DE59IyiYtWO+o2w7V6A== processed in 361ms
[2026-08-24 03:56:08] [INFO] [db_pool] Transaction payload payload_hash=e3U45RRP0FZrIG8mvr8tb1cEWn4suJIfp2BwSuR414wU7cPin11WwL0eVeBz8mD0WRBvZ4VbUcKdAa69lnRtuA== processed in 368ms
[2026-08-24 02:20:55] [WARN] [db_pool] Transaction payload payload_hash=d9tJ0mDHHfLluWC4VTE6ekGK1t/ZXb5G+jjVaRbmkGxIf3kJKNaWub9S5B5f7fdVxG5lbNVwv9IeBQ0lbhXgbQ== processed in 93ms
[2026-08-24 10:33:00] [WARN] [api_router] Transaction payload payload_hash=WTgUfwPf2mVAWnLqq28WmupmIpH3khdDzprbxAniPqKPQfPHRukEQGYF2UYgl+1eC91d43GbUth8gC2GvUlX/A== processed in 434ms
[2026-08-24 07:22:13] [WARN] [db_pool] Transaction payload payload_hash=S86tajwreb29iVNtFuqvPXtMVN9kKJPzIJTZivgCfkOEep1C3zN/wVe9Pj/vc9zu5WKREwkWUXkEOYHCc6nuaw== processed in 66ms
[2026-08-24 02:54:34] [WARN] [cache_layer] Transaction payload payload_hash=TVJvCfmjRiH5RUQBA5PrVywZzbeHs6p8ZN26cyBVz/0oWf1vu0+9tUOOMLDmKyuIqWgxbukF9VvzHAGcrBihOQ== processed in 241ms
[2026-08-24 03:35:33] [DEBUG] [auth_service] Transaction payload payload_hash=wBTRJmJnHx3J1mdmWLENGT37co7u0LuqRWOukbrNaVfFiA7rfDosuBe9mShZGvW/felGYxvVdDPQRuRGdy+JYQ== processed in 277ms
[2026-08-24 04:35:54] [ERROR] [api_router] Transaction payload payload_hash=FqsMfY0nzPMMqjAcKoi0OXy/aH/337mIxjH8go2GHaW/XZTwm/MwQ38nihZ6xWN2SA6Mbz6324pJOlWw/31ROQ== processed in 296ms
[2026-08-24 04:48:40] [ERROR] [api_router] Transaction payload payload_hash=8W+jc8oyJzloKGPa4iJh76+dX5UyhXb3sfu09GCreJgTXvEOvvcve3K08aOnAWfRsHW1mv+tg1k/Y4riDFNDig== processed in 177ms
[2026-08-24 06:40:24] [INFO] [payment_gateway] Transaction payload payload_hash=HkGFvvNpHci+CzrKTGyE8OqM4hDKqr/FkGa6WogMEuQaIrh4DNmHMA0UK2U5f5E/65+L9CMXkgkOvpmBEECOmg== processed in 152ms
[2026-08-24 04:52:33] [INFO] [cache_layer] Transaction payload payload_hash=8otuzB+K7CqLIF7oHPM3VbTTHT0HXKzWZnp7vouWSG/9vz5Q7aHUd91I0/AN0Od+QEnj99LnOLwYQVVstpI0aQ== processed in 340ms
[2026-08-24 08:22:41] [ERROR] [api_router] Transaction payload payload_hash=dQprnbU8qDyGXdbBZsvdAnLC0djZxW1FsXdJWiHFq/J1H4DmJ32tIm4Bz2oFAR/pzOMJZ92MD0jXeZRopXFN7g== processed in 455ms
[2026-08-24 07:42:45] [WARN] [db_pool] Transaction payload payload_hash=3q308eNQI4GmzjPfsZTwjKVoAhMl/8/Zg+rxw9OAz0j/hagSzdwDND6Ot4qyLrkBYsZ1KcB6NY24Xa4lBVxnvg== processed in 470ms
[2026-08-24 02:59:48] [DEBUG] [cache_layer] Transaction payload payload_hash=wL4jLXLvz9yEWBsFbEUNHDvw7LnW8HlSUX38O671XgWk0l2ms5EIk5lKlF1gDEYUXtIe0An4dnx+A4FMgfc6mA== processed in 7ms
[2026-08-24 05:32:44] [WARN] [db_pool] Transaction payload payload_hash=21d9H+i9YV3LxHMQ31Z7Nru5qljMqSqwwWI8EnaPCMNcNVqH9CIa3q8ux4+d9VLJtccgiaEze7P8Sdeq+hN5ow== processed in 85ms
[2026-08-24 07:04:00] [WARN] [payment_gateway] Transaction payload payload_hash=BkeTVij4Zy0b0DFcZl/FgdMFYSHxsTIuVpzZI3W57qZHMQsk6GXFTw9bBywxcPXBq3qRHUVu8Jy8e8L/RInaIA== processed in 407ms
[2026-08-24 06:06:46] [ERROR] [auth_service] Transaction payload payload_hash=xrgejXIE6n1iAT16NlTMDfxv6NKsIz4qMN6qjj/xNhYUeZFPgeEQ/RCVyclkxcq3hPxUeEwfvqMODK60GJdC+g== processed in 200ms
[2026-08-24 05:45:10] [ERROR] [cache_layer] Transaction payload payload_hash=guplxJWcDBJaaPgXkbWeMkG7iVQfv4XM8QBNaGBNpaPdItu6DrRe/1zrnDUziyBIHLl+CT6hcVw2lotxsWU6ZQ== processed in 483ms
[2026-08-24 04:13:55] [INFO] [payment_gateway] Transaction payload payload_hash=4tTqmtwxBuq/lbgUfw9iamG+DSoioahjJo6w5iDIRll+4O8oKR5MZ3aPoyM5OevG9t5qK0AEQAB8jPO/gEDf/Q== processed in 297ms
[2026-08-24 02:41:25] [WARN] [api_router] Transaction payload payload_hash=IcXzUtw2bmKg2OFDkWCLUGsMLMFb6TegrIo+pA4YjoeU9L6edA4lLea82mTUPeVStZw/XwjlipG9wIXgzsyQ0w== processed in 233ms
[2026-08-24 04:42:44] [INFO] [api_router] Transaction payload payload_hash=C1niVv+7A2aNYDAU1MWuyBJSBPrEQEdtTNfYBrtcxkg5czaeUIKsFR9jWOt2tSx70qDU9RrQvVlUnQcD6EVdWg== processed in 319ms
[2026-08-24 07:35:47] [DEBUG] [db_pool] Transaction payload payload_hash=j9V4TA7F3SqR0FTdR7Ps+QzMD3KFVPDUhME9useH05Co+AZWDyaghdNBVm6wQ13MhSOfEKOoUU/XNLgUYTDLfQ== processed in 185ms
[2026-08-24 08:12:57] [DEBUG] [auth_service] Transaction payload payload_hash=DyX9u5EbdWVuQrnpTXDecfljK7Z9LNtyfrHtfb1Cw6giUdyVwfii9x1gQC+FkGxAc78Ytvt/LcMkIUVArYNwkQ== processed in 461ms
[2026-08-24 09:39:20] [ERROR] [api_router] Transaction payload payload_hash=Eygt2e13ckM1bc032/rUXJ0rw3IvL0B6zYbzK6mANuxz9/HQjHf8TpaCMtHlswKWAE1upxAGxfyU/9jlgepsJw== processed in 35ms
[2026-08-24 03:22:41] [WARN] [auth_service] Transaction payload payload_hash=H77QPaEvE4loMJhN1MBD+Wd5NT1jsJGkoI0C0DnbjRHTqpPyCLy88Jik6azmwOCEWPftBf1HfF6kFU2i9+t++A== processed in 352ms
[2026-08-24 07:03:31] [ERROR] [payment_gateway] Transaction payload payload_hash=/bGX+G7U/MUJ9DB27V0BbViqZfjbH0PgmFOYfkMMYBWwYDJjIEziW0qEWE+0QHXNdT2g+EnVrPBEyt4a5T0d7g== processed in 21ms
[2026-08-24 03:20:33] [WARN] [auth_service] Transaction payload payload_hash=tjLdpQBdauhqLWZ1QXyS+uFdSxcvoxr/N+MUkql7T+rT962tk0Y/qQ58/KDf6yrVBOZUFwxxVJk/J9PAarAIAw== processed in 434ms
[2026-08-24 08:06:51] [INFO] [cache_layer] Transaction payload payload_hash=E66a4bACp0tlWFQPFfSyvXMcuu9qvPdozUQe2uKKICjUCk2XOYW0YTiAaBcftGemM4ncFyZ8ju+iGKFUvNOYIQ== processed in 331ms
[2026-08-24 09:00:16] [ERROR] [api_router] Transaction payload payload_hash=xlJAbJIk+53lmjFz8AaqXCah7dsOVlEM8bjJmghB4WBaJ9/581lxzUG/CBC5a/dRZAOiZ2IPCb+HYEc79Wm4lg== processed in 164ms
[2026-08-24 07:12:39] [WARN] [db_pool] Transaction payload payload_hash=VEUZ+ISvoByAEqmgJHkdpKVun+wl9LToHDot/QWQlAWj9vkdMLuW7MxlJ6f8YVGboHFJ21hU/0dXSw+xdqDQcw== processed in 350ms
[2026-08-24 05:02:33] [INFO] [cache_layer] Transaction payload payload_hash=AbXB71k+6Ejk5joE4Uxfp6dAm1fays+7oK7PsUlaSnLdtT3GKfRQ/B6Dm1sVrX2qUs6YMgdzd1TqPHz+nIQ8Bg== processed in 399ms
[2026-08-24 07:28:02] [DEBUG] [payment_gateway] Transaction payload payload_hash=DwO5Dvi+Zj3i9SWPfaooClSQFOBSjjABDJXMlfmD+crxhk6nMdkyBp5g0NbT0yiWG7ZQIzESZWXPSmN/VhgEGA== processed in 461ms
[2026-08-24 11:17:37] [WARN] [api_router] Transaction payload payload_hash=3mPfC2RtwgCyditmrqBYDb3K0EejU46pQsFncQbu4RU4yrmnkQyUtyHiMFO7fz2z1TqzgcnLEOgetx9SLGzyMw== processed in 331ms
[2026-08-24 03:28:34] [INFO] [payment_gateway] Transaction payload payload_hash=oErVovM52Bm8AozwYyxDCNv9fTQH+GavsrrN1sVckPQAxje+wVFNf0VD3lVU4IK5jJmoYIGK2awqbXonGWrqLg== processed in 87ms
[2026-08-24 10:23:39] [ERROR] [api_router] Transaction payload payload_hash=mMY9gIQknlYuRE3PGwPbE6Ih9LkSrBBZbLaGtf6OrN01wDScYxa0TGO0Oi3oX+WJiSJIj3beFHbnUybacD639g== processed in 413ms
[2026-08-24 09:29:26] [INFO] [auth_service] Transaction payload payload_hash=gsRj8ILg0lEjcHqBzye/yuLWGDP21+WhkLRFDHY8igrk/1rw9Xd0sbFxWnWd2JtYjgGMlI5FcB3IOBLRmP8pbg== processed in 173ms
[2026-08-24 09:20:30] [WARN] [cache_layer] Transaction payload payload_hash=NxaXR9W6tx2g1pekf4/nSzKDemJOb4tmokxpaIk75blHL6nr8Qp41YutTnJu8iciOMIc04+q+uqV1E6CriTigw== processed in 188ms
[2026-08-24 06:16:47] [WARN] [cache_layer] Transaction payload payload_hash=wrYln8N34oTzcg/cuTPlza7ebBHif/Nw+5RWtMKbbijByPm5jgKwu/yNpT7pN5Jm+KwfMwhl0Bi8Fq+Tn+jaBg== processed in 332ms
[2026-08-24 04:07:13] [INFO] [api_router] Transaction payload payload_hash=Q1Fa7RslTtrQOw5OKfmQ+n2mrkX/XPSUp22VK0Qkotx7T3idlOV4z1blJfNPYzFtDz9K+WeReCmhki06mzmkbQ== processed in 258ms
[2026-08-24 05:05:34] [DEBUG] [auth_service] Transaction payload payload_hash=I69DlWncihOX/3En9c8Wl29gjEJrjFF5SXnOr75hGoVWsKLhuq6aVRTXp4TUSyzc9XCCLGE1wnLARkeiEZZU2g== processed in 486ms
[2026-08-24 08:24:21] [WARN] [payment_gateway] Transaction payload payload_hash=5yB541wxWl4WBKIMPH7h68wupHIo+hr3bNBBYcYxLy680DUvmMiZe4Ydv8z5S1LdO5fVVo+N79tUZBrolZNKJg== processed in 470ms
[2026-08-24 06:37:31] [ERROR] [api_router] Transaction payload payload_hash=GpH2jfmfAkhaywS2S6xqgLrb7c3UftWhBJutviZkJXoF9fjvyvJ8z6nV0OR1iNMlTo/ibS8WflxwAim4STvEyA== processed in 188ms
[2026-08-24 06:57:06] [DEBUG] [payment_gateway] Transaction payload payload_hash=uDmmUiSLVRSxd9DwVT3Pp48ScOiEnU9DcfqQBptCjsR0alENP1ClaqrhAr7XdRn3z1CcEhPAMo3DizTKAvKuHA== processed in 284ms
[2026-08-24 04:29:36] [DEBUG] [auth_service] Transaction payload payload_hash=nCj7Z0HmX6zhvPrq4a5t3kWizRE7SAbLR3R5+B2uAWXeto7G/caQW7IuOvMaSlu0agVIdOct8dzD9DOCHaQrTg== processed in 214ms
[2026-08-24 02:39:48] [ERROR] [api_router] Transaction payload payload_hash=u24JLjrZpD6gnTDpMj2vkMa9+nfWdenD790H+s3xzAw0zlK57kOCTpgHWkaFsNiyaFPdbspGZ+kL3T1q6fQ9Xw== processed in 296ms
[2026-08-24 09:44:38] [INFO] [api_router] Transaction payload payload_hash=/eKVH0utA1sLf99zt+aApgcI50vQNgj2j/fyuMRQ2Cig98Tb4JdKHco/Osy/HIU6ninbGK6Fl2qF0mrSYv2LSQ== processed in 115ms
[2026-08-24 10:38:18] [ERROR] [cache_layer] Transaction payload payload_hash=pf58pSZzsJMDAfII+CnOwKieuoOte9/YupDIs3Q3FZon5YD6SC9OO1OzU/sTuoSOSqQLubzsaMjR8I6B2TGz0g== processed in 458ms
[2026-08-24 03:37:15] [ERROR] [cache_layer] Transaction payload payload_hash=8604GvFlITkJnC5SPwjpK1SHtfqGVSmkUoigctTTvJld6iXNyTziXRvgENCHegVKnisPVEdCHfZ7JQkl1zKwkQ== processed in 439ms
[2026-08-24 06:01:05] [WARN] [auth_service] Transaction payload payload_hash=nwqCzwbbwx+p+x9bKqpWx+aCOnNZJoeyufxv51ZjHsfTI+z/5RA2o3CxtggtfqWAudH9G2WeLUK64Zx6lqLqFA== processed in 45ms
[2026-08-24 11:11:18] [WARN] [auth_service] Transaction payload payload_hash=+tw8trGYo/HaU1vAqKT+hNZ1HOxRpZA6E2GNmCJYRuS7so16FwqkjR7wdgKKQTUJH3rB1pAQgNs17dm7j71EXA== processed in 345ms
[2026-08-24 09:24:30] [ERROR] [payment_gateway] Transaction payload payload_hash=OOHLv1dBr8J+Zw43ccPnKpyt5fu6Q/VZT5f8a/sYHe6XwzFpSdHK2rmTGuo+teuQgncabwUwN0/6vYiy35v+OA== processed in 461ms
[2026-08-24 06:17:16] [ERROR] [cache_layer] Transaction payload payload_hash=+40xBmDddmYn4xsJcsgfco/UcOV7SWrGnzZSxOledFOO3rJxkEkd8KTNa/DXAwiDR/DIjVp07lPwFl0UmWad0w== processed in 368ms
[2026-08-24 09:49:13] [ERROR] [cache_layer] Transaction payload payload_hash=vwQavIkXbvaEqtxEHESRg2sXkOUyTpfirbRx/wXw/nOWtI38NijSKwlDahOjLP6xI23v6vlc1oQlF6gbz+mwGg== processed in 489ms
[2026-08-24 02:52:20] [INFO] [cache_layer] Transaction payload payload_hash=fAmc0U9tN2ZHSaW/kSOOtOCxmHlo9sIXN3ATxZU1WlqyIGGtvFEnieNwr+P+yKGwAc30X+f2KT07TtAU3SrDBA== processed in 84ms
[2026-08-24 05:12:38] [WARN] [api_router] Transaction payload payload_hash=r2UQ+frBK6MU1ICA4VJQyKSHp7tk9hr6Nux/J4MFQxzVx1h5IpGZbfLhgmJA1PafzvQoOeBZkY9vSriTMe2CFg== processed in 37ms
[2026-08-24 08:21:26] [ERROR] [auth_service] Transaction payload payload_hash=0yowXvFMOqhJ6jHBEZsbhBPPnSyugtaPh60J4oeUrfuQw1yP3APQSful4JAmKtSfdFd+a+2JsK+3GwKKB8zF9A== processed in 76ms
[2026-08-24 05:57:46] [WARN] [db_pool] Transaction payload payload_hash=xwGy/TeA+kd4Xd3a36kg/fbgv7C4d8v0ogmj795WMv7XVVGl6Agk5OwvpDFtxBp5NTjlLJzVYDT1p1f/ipJQrA== processed in 193ms
[2026-08-24 03:21:47] [WARN] [db_pool] Transaction payload payload_hash=gO1HxFSSB34WDrAvVdZgtWmjFSsIq4yZe0E3aOolLnviEIYCZeHOdo02mKtgqDfihflqwekoD9oz2+6L3F54MQ== processed in 333ms
[2026-08-24 06:24:55] [INFO] [payment_gateway] Transaction payload payload_hash=waLoYn/QwkgzSnFb52gC7NpVDbh2asDFbmWvU+TsMcIHH2Ys17jUIlTEOwxwL8qrvvPijtxWzmXjeyuLzPeyig== processed in 23ms
[2026-08-24 02:39:18] [WARN] [payment_gateway] Transaction payload payload_hash=/s4EhEtY2G+oEGd4sCuCl5IqGe0rdF4y6vlUi8dEEsXmRvl3RIoMNRBsAEL2Ji71IVS/uK7j4t9NEENPbACqmA== processed in 96ms
[2026-08-24 10:41:20] [ERROR] [api_router] Transaction payload payload_hash=f8lBxj0TtEo4DK+61XtmP8yPzef0mQb8s+dZHT6wNsyzQrWW1nY4r2pBL2M98rmQ6w82W/vzkvdOC9uHqunaCg== processed in 135ms
[2026-08-24 06:25:21] [INFO] [cache_layer] Transaction payload payload_hash=p96hG2h6ye3Tpetwx6c3mAAuL3kCzT+naxFScTVsD5K0JREoNqhBYv/qI21zEiJTHdZSv4qZA6JHjj0rOIsYgg== processed in 129ms
[2026-08-24 07:50:32] [ERROR] [api_router] Transaction payload payload_hash=rA26iKSsevOree0NeTf6Ag+UbWRr0t6zqmFTu6ryCv3pbKiNHLIz5byfncPfDH6BRvgTuFTYsN38ItQf8hA1VQ== processed in 329ms
[2026-08-24 10:31:40] [DEBUG] [cache_layer] Transaction payload payload_hash=T9ZV4CK8a44Jhw0+3FGFHV69S05eS9hVKoeA8qrhvErCOAj7S6eYhaSz9MkR41H0WVNC9e9ZJa/FrqI/bHRwCg== processed in 238ms
[2026-08-24 05:13:30] [WARN] [payment_gateway] Transaction payload payload_hash=jLOx0ZPepqnAti2lBdD+xCbfEnUhSTFmGmvUk7hwV2FlMp0s6hdpcr+zsNyUCKZgOjIMebtLWec85s6QyQ2zYw== processed in 259ms
[2026-08-24 04:33:01] [DEBUG] [api_router] Transaction payload payload_hash=jutFIwHszgkq5+skb7/hOgwQ/bVYutj+ji+7HI0KmYKqIeKuP1qUSp09mb+mAdhTR88vzBm07BK8Q1D9R1L1SA== processed in 176ms
[2026-08-24 08:54:47] [ERROR] [db_pool] Transaction payload payload_hash=FyOajXsW8DNR0Mpw1fb4TEYFL/GQ2ncNWmmM3GzcV44SF7GGf8tiG2AiVW//+puaSms+S822Lvp2hjXhqtJP8w== processed in 429ms
[2026-08-24 05:32:01] [INFO] [db_pool] Transaction payload payload_hash=Kf4xCyRrbmJ1L7Ppq8kFytN8ZKSDYhoIKVzUcHu2Cz1UOWKldCKkVIXkZBqFcpB3cpHN6WV+h+SbK+SDuB46Kg== processed in 400ms
[2026-08-24 07:35:20] [INFO] [cache_layer] Transaction payload payload_hash=AvxLLKIUZ20J2L8L7TyKCExdGBkvOMylhqHhO2ChIAQ+jIS/G/LVdDAWbfGE/mBr2xoN1wGxaAh6feOZGuFdiQ== processed in 246ms
[2026-08-24 10:41:26] [WARN] [payment_gateway] Transaction payload payload_hash=VkCSm9g8C/a1KNpfh1LKbItfUrfmVseB/LXGsZxTboa7ZrMOt14htllPHBtwMHR9EsRwBDOWeYc4zn8B5Py4ug== processed in 477ms
[2026-08-24 06:23:55] [WARN] [db_pool] Transaction payload payload_hash=u0a80PfK2UCaUoUijn+UKbdm9Vdpf9BqX+g2TbY93VEyB2nhDnzhlNSfYSyHPNN1rN88Y7Fdotz9NRd4s4u6UQ== processed in 142ms
[2026-08-24 04:36:40] [WARN] [cache_layer] Transaction payload payload_hash=4x1Ll2/J1pzmbEFBgp84PkURNXbYWlYHov4X/Nn2iy89Ym2l0ERxLqDyY9ddZ6Z0uAhvJj8G3H+O/u4DiK/BBA== processed in 231ms
[2026-08-24 05:39:05] [ERROR] [cache_layer] Transaction payload payload_hash=yJd9LQu+3ToOAtYTmYhps2FirWgMiuYy7pxSXBX0f4S3qzL8IW0oOW0CQnd3yloS4TL3xD5pQpdHnOpGcRUW0Q== processed in 3ms
[2026-08-24 02:38:17] [DEBUG] [cache_layer] Transaction payload payload_hash=1aQRu75+yUetTo3T6H2zLd3VpP0AIkRnq2CGvVDNsMPeMNC/fWPqGyva/21gqrZ6U5VopYZFWTXtgRzgepVFLA== processed in 387ms
[2026-08-24 05:37:11] [DEBUG] [auth_service] Transaction payload payload_hash=khNfqC4Pwa1KhVZoOJRs4bCiHBW9X4Guleqf3cIBBP3xXCyIiKS+nujqtR2IikKQwk95omA84QCTRWlqVIu0AQ== processed in 481ms
[2026-08-24 03:12:00] [DEBUG] [auth_service] Transaction payload payload_hash=LjqJUtC+3AiwANIahPmKa65q31biTnwcqhTL4fR//Szdaq9S3g/NPuMC4gSIXNqcKcpOVNYVE+tp6oG0TP4hSA== processed in 42ms
[2026-08-24 07:07:46] [ERROR] [db_pool] Transaction payload payload_hash=mJ2qGBw2pN0eFpFbdW7806JFWaAohlQ8ux/QwIEsCUyx1jUGOziDQlqkQA9x3Tx7bI07q/PX/EvnnkrMOegTYA== processed in 127ms
[2026-08-24 09:18:18] [DEBUG] [db_pool] Transaction payload payload_hash=GdzpLWVVn0qVvNf2QF4eL3LIbe/pC8LQHW3ItoHX9KB8e3xaFzujeE4+dCH5Malvc6hMR5CGiWotAiooGTn4eA== processed in 466ms
[2026-08-24 04:34:13] [INFO] [cache_layer] Transaction payload payload_hash=a14U1TwTnyxwJFVukglLGJMTUTYQQkYhJV3ivkCSf+25Nu8+YKPAsA8h7l9xR81EpK+oAw45aLbgq6taOmwiyw== processed in 127ms
[2026-08-24 08:16:57] [DEBUG] [auth_service] Transaction payload payload_hash=b4gXb2SMbdM96D3ONXRB9mE/gQ005u7l2G2nxOQKnuc+hns6ZrJzrs3wTU4RuBbs9Cw8wclyMPUK/ZUwxWaFzA== processed in 387ms
[2026-08-24 02:20:24] [INFO] [api_router] Transaction payload payload_hash=KLBhyv/X2SrgJdBtSrsyTe166Ddws54WKsx0GsfWTi6g7/fauACCWoUAkWS4IF4FhLU1xUdT29J1HS4QGBlVjQ== processed in 90ms
[2026-08-24 09:14:20] [WARN] [api_router] Transaction payload payload_hash=vS0kFWfLE+2ltNq3GYYZg0JIt8/pOJKrdXLQhM2ygxD4GqWWXAmuED5xIAg1JGzGlwqaIv+BShf01JwD5Ft9Jw== processed in 323ms
[2026-08-24 05:41:40] [WARN] [cache_layer] Transaction payload payload_hash=hycZBrqt6BE+YvOHgIAt1vFkJZ0ZsHIHMASrJ391uZe7iXiiW72jBVGCFGqJoAjX+mb5yFSKlCNtLKeVgqrOjw== processed in 126ms
[2026-08-24 10:28:21] [INFO] [payment_gateway] Transaction payload payload_hash=6PggcY+w3NdRMNH61vAtC5sf1Y78WhdhBcAudvF41L30DY+C70W/q6sb8nXuYTI5hpA2/0OLdoEmcAy9HYKV+Q== processed in 172ms
[2026-08-24 05:37:11] [WARN] [auth_service] Transaction payload payload_hash=B2qfcpU2ROq8zPuMIw8BILAhC/hz7bmAV+b42xC+PK6i6263Vx3sp9hoPPHEdnQ6/CMf0qgP5YfvwFnvv+YebA== processed in 103ms
[2026-08-24 04:30:14] [INFO] [api_router] Transaction payload payload_hash=A+qEK/5YGPDGfiNogZTBWPE8lCIiI9ks8l4lNMrGGOjom5xxwiqItJbmMQZncum4UZqZa833O2AI6W0wR9v/Yw== processed in 303ms
[2026-08-24 07:04:00] [ERROR] [cache_layer] Transaction payload payload_hash=Gtc62UhVOo6+yEqsbzWy4IomRpV0G1JPq7WatsE4gsVToRUt/LFvJIw8s+ygrZ1PAuS8wkZuaKJ05cQf2J8vhg== processed in 302ms
[2026-08-24 03:38:12] [DEBUG] [api_router] Transaction payload payload_hash=P+tsrZw0uvV654EDlN5jOXL+cvdxg8JcBB8jdfpfXoerPHc8U/Ha7weXvzpDm8GYya1UXpWfyWFDYVcmWne4BA== processed in 64ms
[2026-08-24 09:55:23] [WARN] [auth_service] Transaction payload payload_hash=QbvGjp+5fQhWFGL7ppARduYz5jt3zHOgdpyAomakx5AgAmSMxxnf1GvB3xRX/GJL/8DDb1Pteod+wmurhiuxmA== processed in 16ms
[2026-08-24 11:14:24] [INFO] [cache_layer] Transaction payload payload_hash=DTRvRT5AB2RTXmJROJK0QFT36x+Afr/PxzZO9VbAe8Ary3m270kuwiAWWtvystrlzByb23yrB3+BgKTmQ16hoA== processed in 77ms
[2026-08-24 04:04:00] [WARN] [auth_service] Transaction payload payload_hash=Ivu3F3FDd1L4IGR4NWMg8eUcO+wMis9GgznGf41Dz5gL2gXemnv+6z4YrS/kvLNi/XX1MceIldVAKAz3hfj0fA== processed in 160ms
[2026-08-24 11:17:35] [INFO] [api_router] Transaction payload payload_hash=ncxzCs/5YlipbBub9c8soRHrgQA9hnASSf6Hu4b6rk3+PKZNTJ3b7ilLpMWGTmF5wnnCsRz2baC2tCaEzsjT6Q== processed in 301ms
[2026-08-24 05:01:35] [DEBUG] [payment_gateway] Transaction payload payload_hash=IGfHUnrmkMC8TbG77m+Bg6XaK98ht1FpU7Fx7uNsDtY9AjAQFnE8VP0P0Urx3xQ+oKJeEJRf42B9YzZFhDHS0A== processed in 231ms
[2026-08-24 06:15:18] [WARN] [auth_service] Transaction payload payload_hash=mmVcQ1yhDLMt12xqVkndqypqxsO5Ct+g6vQ2A+98eA38OyYnRaXAnVuQytHstt8dNJ5nIC3MOtPQ+2enjC4Smw== processed in 167ms
[2026-08-24 03:51:35] [INFO] [payment_gateway] Transaction payload payload_hash=uSXwMlsYcwdH3dzPLoGuNLwHKrlCUKgQ9oA6UTHMlrDk1bwf32i2ScmG8+sXY4vMwZ9RBOvXBp6pEvJrHhcEFg== processed in 245ms
[2026-08-24 03:42:09] [ERROR] [db_pool] Transaction payload payload_hash=6uYu9nLGie5cDpsBsZiHKWqHgpgvwwJLWezQEkrqLR10uJ45/YbxbKtAh+Z1sVg6qEIqTofHvJuA/DSAFkW62A== processed in 338ms
[2026-08-24 02:52:47] [WARN] [cache_layer] Transaction payload payload_hash=Hp8CD6m27JMGMK7y4DgEvAEGtjajZAtreF0yZj2QkfaT/Gz4sENnBGlLY+RbsSxcXXclT+kzSxCpBetuNE2KMA== processed in 132ms
[2026-08-24 07:14:06] [WARN] [payment_gateway] Transaction payload payload_hash=MAGDmKS0diqEFuTkwLJQr5LKZxOws+/P0brQ3/Btyc4RX7zHJpkOARMbN9RHAN8NeYY6Xl/ebjIf6ORZYDdr3Q== processed in 209ms
[2026-08-24 06:46:54] [INFO] [cache_layer] Transaction payload payload_hash=zULGeoIkOxHFFtmb2rSXUA0QjKlCaDo6Y0vFETEzmo9Cn6YaobX9OlkzK8oa2de3SruM8/mHW1CSdserJkXx6A== processed in 106ms
[2026-08-24 02:33:57] [WARN] [api_router] Transaction payload payload_hash=ypYIc+md0sOhj7iJXaLzExcxJGlTJ/O6JWxaIsWRJnneIcFFiivfosTMNb8iBtk4+UjevI5tH9YVuTR6BKodeQ== processed in 218ms
[2026-08-24 07:19:46] [ERROR] [auth_service] Transaction payload payload_hash=RD3ytTJbicmEaXeaRyu1bBuIriao5VFpOidBhxYHe/Gj356AqMluJnQhXsa7/pexMF9cz4br//c8cZ22gspSCw== processed in 403ms
[2026-08-24 05:58:57] [WARN] [cache_layer] Transaction payload payload_hash=O4MBgwgb7gqtb0++9VqnlHTbBj42NwriHWgTvpxRcrXW0SzWVAajGlPfWE+pO8WThte22qpDoPILPLdySnDHWg== processed in 436ms
[2026-08-24 08:00:42] [DEBUG] [payment_gateway] Transaction payload payload_hash=94Bvi2gC4ORNH8C/PB7aDn7RFltiVt3vYv0x01QSSdT5KENhS8Sx64MTP5haDdiBRGCVSEnLnXFIwiuo4iHr4w== processed in 414ms
[2026-08-24 07:27:31] [ERROR] [cache_layer] Transaction payload payload_hash=GFqC02xggjPaAu16lpxciAeGsNOubGa2KYUBqQC/RzucR2r7qdLKOPOdUnGdfnt48LMSEQhSwM13OFwd3Bmm9w== processed in 345ms
[2026-08-24 07:32:38] [ERROR] [api_router] Transaction payload payload_hash=qK0jKoaSelCU9SEXjQDixf43MiaT4Ejpeah/1O4r5nRCGb2yCgu4JZ4hNpgT8C0qYCGJrgH2lQHVcszJlI/l4A== processed in 187ms
[2026-08-24 05:27:53] [DEBUG] [auth_service] Transaction payload payload_hash=XIteq/6y6sIO/qkTgTx7uFyKV2qMWjh13+jIDM7/k9WR3SkfLXs5c49L4MgcDAAWSWI+qnEe2H81zF7MCx9wxg== processed in 359ms
[2026-08-24 10:05:54] [INFO] [api_router] Transaction payload payload_hash=bisE4KY88GNdXaq8TYVk8xIJEmMSw47J7+B9zZz14U8psXD5TLVwbjVH4R9KkWB+1QF0MKMPbJNfdW9OxOqxeg== processed in 409ms
[2026-08-24 11:02:33] [ERROR] [auth_service] Transaction payload payload_hash=g/nDdf0EdSzeZ9jGyU0UmFpQlwsM7jLnftde1ZjHwjGhhbRJggqeAgqIfD6euaoiXvv6fGwvUnQ6m5sHluCyKQ== processed in 448ms
[2026-08-24 04:17:32] [DEBUG] [cache_layer] Transaction payload payload_hash=FK4k68o+trG+f20goEl8O9Ap8h8/b5g30hg44H5MzS7ltnVcUzMPPTLftbF4XnvJe7XSALrMTjlSLqgAX0HFmg== processed in 122ms
[2026-08-24 05:00:40] [WARN] [api_router] Transaction payload payload_hash=ImSyUaPOMVLxiXXFlsTCKiAJwhZrwBVYMI/Pq4toMCjBhVNDu3vN4mlqoqSjb2S49K+1Cb4tb+230W8rs0n66w== processed in 218ms
[2026-08-24 06:56:30] [DEBUG] [db_pool] Transaction payload payload_hash=EVrL6lhLZ1R95TIuJDyxmLZHvktScMtXQWL5aOLl+l9iP19U0CCfVQ0YZa+Kc+Jb3nnieGl5GyupFtXKMryIVw== processed in 36ms
[2026-08-24 03:15:04] [INFO] [cache_layer] Transaction payload payload_hash=tjW78et3ptBTw6bjpxsF2nQQTcNkvmcyes5GuWTX+mgLQ+l2hLKPuvYUfwcqJQerwab5SutGvnMAjmlm38RxoQ== processed in 418ms
[2026-08-24 08:52:06] [WARN] [cache_layer] Transaction payload payload_hash=siRoRQNbO/Y2BTIZD6MyFgbtd9WKTHmKPm00/cCcSQxQVZvXQENS6c9Y3PiM7y+CTgM9Lb/zW/QcRRFq3vRj2g== processed in 339ms
[2026-08-24 05:58:51] [ERROR] [api_router] Transaction payload payload_hash=9/RjC0t5dXc0X7/6TGjWT6qTywv7s4u7xxcIIcfZbc1etZ8g9qmFm9uBXjsZpN20Z53ZzRTizgLN9HHN/oCU5Q== processed in 247ms
[2026-08-24 02:37:03] [DEBUG] [api_router] Transaction payload payload_hash=GrrIwNfgyOlNe9PaVAxQDwuPLvpNbVZftEhnm8JQAyXr7GwRDKqToVrWyZXI3QOh0fasY1/+zuvnGFxbfhxJHA== processed in 174ms
[2026-08-24 04:49:30] [INFO] [api_router] Transaction payload payload_hash=RILbmCViHP6xHbBqgQ+c5tdqqIpnMQvs16ubz76gk7JShgOSvTE73zldk0Ogk5kUUlUz2UfQBxt51eJcz2nHXg== processed in 366ms
[2026-08-24 11:04:38] [WARN] [cache_layer] Transaction payload payload_hash=9PZN3KMPwjIOtlmuHZhz3RNTqxovxccHOyNKU7Tlc8mge1D501sfIohJKN2Q1hwOlqfd1dsiJJo8ZsFwUCjv2Q== processed in 447ms
[2026-08-24 04:45:18] [DEBUG] [api_router] Transaction payload payload_hash=NYmWvlkA7d3zshLCXNFo4cwgUYOSn5W2mUCOrDNHBkGHUhXSJ/VG69L1KiC43/iw/YjeaiEDeisGeZ+GQavR/Q== processed in 388ms
[2026-08-24 06:57:30] [DEBUG] [cache_layer] Transaction payload payload_hash=IFei7WF2i3G5gkOFqmfjt38XA5Ty0K/ME5NLFmZTCOZ/Kc4ofqjh/sPgQY395/Y+hT05BS0aAycgR/0jOjyWKw== processed in 270ms
[2026-08-24 02:32:36] [INFO] [payment_gateway] Transaction payload payload_hash=P/uGfHJNpL2E2Yrt4FbSLSSdtnAFxOQUQjvzTameElGH7aKKfbvAkx1KYV+cmyMts2ztmT4uHtC3Revqittfog== processed in 492ms
[2026-08-24 03:39:09] [WARN] [cache_layer] Transaction payload payload_hash=0pCbIi00npcPtWk/iWMGeK/KBaZ6CShQBtV0d/As+rtGxt0fGNwv0TGCwSW731zrexOBawznqltw83OHO5AlKA== processed in 380ms
[2026-08-24 08:46:30] [WARN] [payment_gateway] Transaction payload payload_hash=3JF8Qjv1vtK7QESXOmlgHroZPzd2Ay63Rp6/2ggzVHcTj7fa7dPmpdRm5enfmN6eQfw/oWnGJLV5DDrUM26s9A== processed in 410ms
[2026-08-24 02:51:39] [ERROR] [payment_gateway] Transaction payload payload_hash=9W/HzOKx+2VjD4w1Muz7EhOD4T8guK8XXs0oxygQcPilBA4n+XjZ5CMg2GHMMA1QTK51HpqH9XRqyt8/brM2sw== processed in 373ms
[2026-08-24 02:45:32] [INFO] [api_router] Transaction payload payload_hash=b0bNd/rwt85bmFRpMaohcAxTQXWhG6UFjlJbZVRNb53SkplaMBNbFsFCJK6LYnDF9nDwq9yYFBfh4Dv0eXxO0A== processed in 382ms
[2026-08-24 04:38:10] [ERROR] [payment_gateway] Transaction payload payload_hash=DUTqeVRUGXjfmtmwMzDn5rE24Ztk+cV8q1aZg44R6+E8pPV4ll2riTWAX5GoNOra1qpIIyLpxPW4Eecvh+jPDA== processed in 292ms
[2026-08-24 07:22:19] [DEBUG] [cache_layer] Transaction payload payload_hash=3cVdD/8v7azASPjcA35fcHmpDkYevFwATWhxlw2deIldIjdq0UuutqrYKwj8lGVvUws0eGXl4v0bE26IzByQsA== processed in 438ms
[2026-08-24 06:14:34] [INFO] [auth_service] Transaction payload payload_hash=3AkxiIg8u3S7XcyBm++ATA7w6IWDpQ6Bp6ZCHNg0T/t5izm8nrY1cuwjeHdWbDPgYWJKBbzcORi/BGIx45RgfA== processed in 299ms
[2026-08-24 07:34:09] [DEBUG] [db_pool] Transaction payload payload_hash=Yj5qOhRPEnSWZSMWznrRogbzwz1bq4XZe+4bqH/PH18rjlI7uS5NjOnjYHXhcR6CKVlKslu0BFPWxVxgrbGenQ== processed in 405ms
[2026-08-24 08:48:23] [DEBUG] [db_pool] Transaction payload payload_hash=B4cMYDbaCpq+NaylmMIr3eWT52jt2tUS8iUhOEUxEnN0AIFH7kUfYVAhVt5d6bsjilEN50ZUWLKLExZWZwCWeQ== processed in 98ms
[2026-08-24 10:28:18] [ERROR] [payment_gateway] Transaction payload payload_hash=4gw0JD0pdppjEPjmz1uw4tBlDIpwCMrgBKDNaaEMyx25i3gMxtIraxNsSUxOV6kPyJvBEtSuPeKbn6qSiUlPcw== processed in 66ms
[2026-08-24 11:04:45] [WARN] [auth_service] Transaction payload payload_hash=dQ4ql7E3eeYscwTMExSZ6LxcQUUhddm51Vvfhyo0ZDmzcf1FO6CRn3E2amI9pzDjjfoTAOeN/HBd2i4epYbTLQ== processed in 51ms
[2026-08-24 08:54:45] [ERROR] [api_router] Transaction payload payload_hash=8NioDgJUOfuV3GjSVlcgNHAdXI3OtuAB0oB3d/XbWznDrpowXGBTZYC/352NDDZqQwYnwqs4O4A3LtEcxfZuow== processed in 455ms
[2026-08-24 03:35:01] [INFO] [cache_layer] Transaction payload payload_hash=hQUMTSXjKfxDQYNCXvowF26DzVqkRAzlwuxv44cAEmf8qAP7I9Zr4PkCNo4JjVuUtTi78jM2Xc8YRrWLHe8ZAg== processed in 108ms
[2026-08-24 10:19:55] [ERROR] [auth_service] Transaction payload payload_hash=gXRUcXNfANR1Oj6sebTXErfLx9n8hWDCB3oJP36r0knnXB0XOeUa/cUPn4F1e/JImcVaedWI1nBQupU/8bGiAg== processed in 388ms
[2026-08-24 05:38:01] [ERROR] [auth_service] Transaction payload payload_hash=wVQqFrR6qKWKHCNcd0e8Nfu7dMYNaN5cJhc3dC5vJg2Y97bp1p5zlBhdKTjPZJ5ePZuou80LNkeyGZMpsB4S6g== processed in 214ms
[2026-08-24 10:07:25] [ERROR] [cache_layer] Transaction payload payload_hash=okhGceDSdMG5XrGQF6JYjV/6/RF1kmDgWdTAQgtr9mma2wZfQBg4Yz0rgs/OVJzJMuoK7/y25sQ4rOFiQpAI/A== processed in 402ms
[2026-08-24 08:49:55] [DEBUG] [api_router] Transaction payload payload_hash=/t3vrTuCCkK7ZFiyPFyORjvGTBkFpS0ObVgziywHfhi7v7T89xjQbJb284SwbcAqP2cibTOBUEeRd4ahgxwVOg== processed in 379ms
[2026-08-24 07:54:28] [ERROR] [db_pool] Transaction payload payload_hash=iRJM419ZSbrDlEisxkRyfDCAClrNUT1nW93as2h2SVFeglnguD2JGT+pIMy6ryNXtPWE7ncadOHlJWBIrCJ+rQ== processed in 249ms
[2026-08-24 07:18:20] [INFO] [api_router] Transaction payload payload_hash=ym3HqcwdaL+Gd/Nxz5hbXzPKMI3pcDbTDnegoop0X/Z/c4y7zBIDsav8FtinzW+bqljkjc3j3fEzF0F8NKxVCQ== processed in 195ms
[2026-08-24 07:15:04] [INFO] [db_pool] Transaction payload payload_hash=qteuxRjViQenn7pmA3ZJptalUgelJgpydkpzneANPLqeY9tPXANucl1+O2ImO0IYBbD7uqQiztRnsEzYqEqkRA== processed in 185ms
[2026-08-24 04:21:27] [WARN] [db_pool] Transaction payload payload_hash=nRI3HKnl+vCEsuamT8UZvFzcp/ZbpbNlFPC2m9f2GiyTgr8Jd0QOcSuiDrxmAUuqm8nRRKRGkftddvgiJa3tYw== processed in 292ms
[2026-08-24 04:09:38] [INFO] [payment_gateway] Transaction payload payload_hash=RkZbQxLmQM6HnN2wioEysH3LbZoMQlqfpHgYsWtUBeZS51y3UXVtSVUtNW/cj24olsDNthSxYi68atcA6L6c0A== processed in 58ms
[2026-08-24 08:09:15] [WARN] [auth_service] Transaction payload payload_hash=OGQJAdwvpzbZcGa5WpLe+GNlx4QhGa3LMRMo7yss+SCKNLbQF1F6rhuFL5CFUouPvm06UpLTFwMsyi9AtRhikA== processed in 302ms
[2026-08-24 08:32:52] [DEBUG] [payment_gateway] Transaction payload payload_hash=rjlmDv9aYh569sNmWNAVVxZ1sjIq7Wxp5+V3xXqNS7IHZemNOP+JThaP1E6Z7DtK3BNtqPd0VK/9l+h8hy5RIA== processed in 485ms
[2026-08-24 11:21:15] [WARN] [db_pool] Transaction payload payload_hash=khz2vjfTxMA0uqNq0+bV4L4ufEp9+9QoJx5eLkvQRJ42eQBpD9zwJcrXOWYwcFO4FWeut5GINd8dP7AqTgLS2A== processed in 250ms
[2026-08-24 10:29:04] [WARN] [payment_gateway] Transaction payload payload_hash=nDos/eC/7QOfPpAt43MKBcfQ8gmUaZjbJNjf4sba4LJTqpTSYvPimW5qhu+PD4AEE8yDw9bq77yv2fKp4EBdYw== processed in 129ms
[2026-08-24 09:41:35] [INFO] [db_pool] Transaction payload payload_hash=lpy+vEtJiOaaDIOPFJcOMKElktqqAQ911XyyIyjiwC6ElSudJ5Rb2qTAYbEQV3N3qjLBH2VxlERQXvWqnV+TSQ== processed in 350ms
[2026-08-24 08:59:25] [INFO] [db_pool] Transaction payload payload_hash=3cqEpjyfSb8/LgTa1+bHfEdVLMY6rhxL/tvFCxRWtSXyG4SITr1sXDX+Wwk91BZHYdL0waEM1TdZYjeu4kvs4A== processed in 314ms
[2026-08-24 11:19:05] [ERROR] [db_pool] Transaction payload payload_hash=SYj3VTqLi7qXNmnRXyYrLzm7SKgZG9CIDFx60j54rJVdoLGcQhAgsgQBYNpnfRN6bqbO43bxYqB+dcmAM0/N2A== processed in 376ms
[2026-08-24 08:30:24] [INFO] [cache_layer] Transaction payload payload_hash=QIDa8EBzicexE8BxWz+Dk/+d9DheK6C0fJMjdBOAw/Xbxs7qrqpDphiH/Jlxn9b2iVyoy5kC/9gDKWg+UwfLgA== processed in 158ms
[2026-08-24 09:50:34] [ERROR] [auth_service] Transaction payload payload_hash=wtVgGtlIkWUJlqDwgOxrB1O1zTGvazT9evxnWlYfCs1tShwD9VRzXFBYG9dMEHEkK70rIhr/CfLX4Tdr7yP+XA== processed in 23ms
[2026-08-24 09:30:36] [ERROR] [cache_layer] Transaction payload payload_hash=CkZlcw6j+HIFv1EaPW7YiNdkFwEkbKZMVuJVpJ9EQEMQb8ns0NUxFp1X8UTtnluQD3nADkmz72p8hsc3mERU8A== processed in 72ms
[2026-08-24 07:52:39] [ERROR] [auth_service] Transaction payload payload_hash=dktefEUOlylf6YE+j8Wuxo/zlyRHjie7h39at3CUC+UoNOST8Q2/icCI4Ko4/uyy2heYVKoB2QArrQWWx8ohrA== processed in 476ms
[2026-08-24 10:51:13] [ERROR] [auth_service] Transaction payload payload_hash=Vdw2h2Wh7g6Amdd81L52oInJgx920joG6dPB9HVTDskoArvuC4irSGbpteoYuVsmYUxduStSxPk259OWwzvYLw== processed in 462ms
[2026-08-24 08:15:58] [ERROR] [cache_layer] Transaction payload payload_hash=YeqFrd3OzUGdAWOHLs66VomV+H1kAZbBOEQRzgksmyHDQcYREjHWJUrL9KZDHRCMCfjISnOkYSL7oYus5KAl0Q== processed in 205ms
[2026-08-24 08:22:55] [WARN] [payment_gateway] Transaction payload payload_hash=TEIZsE367RvjMp8GqqYltIST7Jut9UkuBylyD4Nyo2LPOOG3iT+6FmDmS2uEvqzJv7FBdwaLlvV1hhsOdJqqxg== processed in 169ms
[2026-08-24 10:07:44] [WARN] [cache_layer] Transaction payload payload_hash=iUwQkCcWSej9gajlEVBQKrCn64yUG08F+UprXEoZ/EjARJzUV55FjyDsD4xIqivkIOMfyMtanDdTE0ZOHjLf5A== processed in 199ms
[2026-08-24 04:17:39] [WARN] [auth_service] Transaction payload payload_hash=p+BRtdnBYeSYE1xu0OwF/evHSCCG8UoyfZKAyN8uq9RiA6Xf+BRhslEULJKZLMUf57lTofbU/4hm9ReeLdV5/Q== processed in 398ms
[2026-08-24 02:35:11] [WARN] [cache_layer] Transaction payload payload_hash=ayRWazmoGSWKYrlJ6TZpGeRuD4q++S8Gls9BJze5whv6N4T0K/kQwCvV4PUaIKwjjX5ir8t8FhDiGMuHQR8wOQ== processed in 174ms
[2026-08-24 09:43:13] [DEBUG] [api_router] Transaction payload payload_hash=+M5D/HKZd57WMeqqXVyVnti/8gZ/0fgtW73Pk8sb58F7K9JzLGdIx4JD/rEPxz2WLj6RQPS0V6RdWAUtFSqcjw== processed in 296ms
[2026-08-24 09:27:16] [DEBUG] [payment_gateway] Transaction payload payload_hash=/8VjR9ojCqZzy3p6elvAEiSPYhU/U5VLGoO9FuvIfdyogwShyHAmZ+mA6dK5trjUuqN366p9YbDVvOwOcor0MA== processed in 277ms
[2026-08-24 09:48:13] [INFO] [api_router] Transaction payload payload_hash=lvvP5y2QYTFtCp1hWjuDNOv9oc2ut3HlsIPDZYsjMOCUo/hQCJJROMoJ9YZy55myDjwDqIvVQDWnks/P8ZU+vQ== processed in 20ms
[2026-08-24 05:25:00] [INFO] [cache_layer] Transaction payload payload_hash=bj6prSSxFs64zaaq8X+zRXLdqxMbDkOV1BbK3P2SZYAxUxB3RCk7SkkeF5JU3va/nJVqze6RFjIdiAd6kUQy4g== processed in 305ms
[2026-08-24 05:04:18] [WARN] [auth_service] Transaction payload payload_hash=qKP8mQRqh/q/XZquFfbzEzIvHkxpjv+whHoCo56J0MohgyxnhMxAHJBXL6mIAyrd/At3B59b77OwmXh4oPozPA== processed in 384ms
[2026-08-24 05:56:05] [DEBUG] [cache_layer] Transaction payload payload_hash=x8DHYSMR8bAguxmG65/ctPaLDZxKW1IxtBBkCqWNzg+lK/t6ER1Bwuc3lToCmk2Sf3ABk46KZS2KrXrEhjVQhg== processed in 233ms
[2026-08-24 09:28:06] [DEBUG] [payment_gateway] Transaction payload payload_hash=FTb8GG6WHQ8t8w7r7cF8LduLeMIxo+QuDXzSgCFDNWaj8JL8aDkKQsQpN4ZIEuVtwt05qNDPYdUMBLqyaGS4nQ== processed in 332ms
[2026-08-24 08:28:35] [INFO] [cache_layer] Transaction payload payload_hash=Fd4G3GrXOj2tjHi1l5uSL0W3b7bPkorWI7cSNuykBgzt0PoxiYPufFQoUCh4WaJiV+SioDi/XcZf5dYOU9ELBg== processed in 422ms
[2026-08-24 02:36:54] [INFO] [auth_service] Transaction payload payload_hash=UjNY0a0+V8WXWo2ZlkWc/EcfWJ8h0iiJfvi4gMMvSGS+0Hld0pHIzexsEQE3NwZNyPShKgDXc1lXgxv7gj3COQ== processed in 258ms
[2026-08-24 06:50:05] [DEBUG] [auth_service] Transaction payload payload_hash=jhOB+HDZZkQoggU2A8VyC+CXgbErYC8Y8XBRjtYHK3O1GI1+9ObvnZ0z0pkor2Zxs7ksrcpdavNEV/YYOFaWCg== processed in 32ms
[2026-08-24 04:29:26] [WARN] [auth_service] Transaction payload payload_hash=ESjNVlzH0azRq07qhCAYH7MluisfEIHK6pRRDdpJjirWIfebLZXqJon2SbLcgDcXZ6ju0VMYfx0esmU8zvqBQg== processed in 412ms
[2026-08-24 09:42:51] [WARN] [cache_layer] Transaction payload payload_hash=vGjYzhCOrbVx+PX2ywvi8IAx6WKBp7ym6nVtWkQAEkVASdvz0PqEU2CWmgmQ33qDCN06YdiK4MFL9bWevdIXPQ== processed in 208ms
[2026-08-24 07:11:10] [ERROR] [db_pool] Transaction payload payload_hash=pSjopD6xf0aU/kLPc34lJ5/J0+QUriZdN2y7G0YWqWgixhDOpO7g1APOtY2iDWhDI/FNLLmzLs59JL6r00iTCA== processed in 381ms
[2026-08-24 06:50:12] [ERROR] [cache_layer] Transaction payload payload_hash=tylml1Ss5WaZNOkiYDwcHElho8uXsRvUpGmgV6m7kRLxSqujdnWvOdnuZs3AFg/+7P5TOlbFDtuytD6WG/jV+A== processed in 169ms
[2026-08-24 05:26:45] [DEBUG] [db_pool] Transaction payload payload_hash=XUpRnomRfO7QanhXqrbIo4Cyxb3R6C3VvlCdGxemO+W3PhxcH41Mi7399vjWDpJ1prdwv3+rmvfGEvhMtaJhTA== processed in 37ms
[2026-08-24 05:42:03] [DEBUG] [auth_service] Transaction payload payload_hash=isv4nnYNSbE04IxPQH9tsFj5NhTLssbeqbOVs05z2Z6tdoRSDveI3W4VdcbkCsQ+DLVAicAqzn+cm0c6TW8KMQ== processed in 13ms
[2026-08-24 08:54:02] [ERROR] [auth_service] Transaction payload payload_hash=KScJ6Lt0aBHWR0/rm6seDXyV3EzolCFYw8x6RcAoTXXYo9q+vL/vZtkfxi1Qf1gnc0ot3KeuDv2qcZpW2Lt41Q== processed in 190ms
[2026-08-24 10:20:54] [ERROR] [cache_layer] Transaction payload payload_hash=2HWI8JXZg6YcoQEn+0L4dfw956NuV1yiJD1jbcRZicAVa0AJoIjpx7RwmbRGY5Tr0l5FMFe40KMag2o0U/MbLA== processed in 168ms
[2026-08-24 10:51:20] [DEBUG] [cache_layer] Transaction payload payload_hash=kcBI/VsUl0rILej0mEpXdjGGVSAJ1BkcDZ3UOyIVbYSMCory8qsN3w4g2CvtdzHAqLgNeJfIQogTDOun5mxOEA== processed in 161ms
[2026-08-24 05:43:37] [WARN] [auth_service] Transaction payload payload_hash=B9YAswPOpvuosUxwjsgi1aLG2f2NdNb3fmuyzrz2fsYafwlfczqRZuGUP2os0EZtcE4mj5odcO4EiuJCSa+PnA== processed in 251ms
[2026-08-24 06:36:56] [DEBUG] [auth_service] Transaction payload payload_hash=obapI/2s074HOE112mf8Jz30Q2JaLbgC/k+LAYXB+ucE+TpG+mEoFRjSVOj7DnX+eJsqDPUw/etCJdhyOtZ5ig== processed in 16ms
[2026-08-24 03:23:56] [DEBUG] [api_router] Transaction payload payload_hash=oUbwCebRpNxYKxxcz1hxNwrXhXVp03Iiue4bNm/mH7vdqK6bxQ40uS92ArACm/15Bgv1uOetGIf6ae2r9XvGJw== processed in 281ms
[2026-08-24 05:12:08] [INFO] [payment_gateway] Transaction payload payload_hash=CmGB4mydHd6ADlb1XgKWYLQQ19fRs1kZgwitILm5E8FXhmIrTxR1eaRI6HGr8B734boPWgz8sqUlAmvl6HuGJw== processed in 94ms
[2026-08-24 10:22:05] [WARN] [cache_layer] Transaction payload payload_hash=5TlLm7hzUsQs6JeH+JYCZaCXjei46xq5XnS9+NLeLIawkgEY3/ZAkM23Jxlr17zLOiP8wJxNNWu0kqIPkIfXbw== processed in 352ms
[2026-08-24 02:19:48] [INFO] [db_pool] Transaction payload payload_hash=ASNbegT1rUTtT6+0veygKDldu+DzLPeOM4LNbXDyKlL/TdjrX/82S9K3qWOeaijqjn65XV1Cm0clEu8/EKFXfg== processed in 445ms
[2026-08-24 10:43:47] [DEBUG] [api_router] Transaction payload payload_hash=kAAcSEOmnPh44orI0zmtCkbahiDLYUXAJUJHz5MZl7CF0u0CqoGpefUbojXLD2XSDt/SNTQtACSPvk2d/UbvFg== processed in 228ms
[2026-08-24 05:19:16] [WARN] [cache_layer] Transaction payload payload_hash=2j8wV1+T9x9mmDX2dM8iBSZKd0W8SPEzKryTlt3l7GiaJuzi3C9VTlp/EY4bGOMoP9bNbNHZnmuEKmbjgfInOg== processed in 126ms
[2026-08-24 04:17:01] [WARN] [payment_gateway] Transaction payload payload_hash=92lxMKSkvxgXNTuoF6SN/KhgpD6yNTusrxn82cx6IcIlqIkdFBNekD182MwcvVBc7RRMXK43c5vBzvspg9lfXg== processed in 447ms
[2026-08-24 08:41:01] [DEBUG] [cache_layer] Transaction payload payload_hash=qxtEcfbjU3hVQjhjU3SqEhE8u74xixFAivYgRT69YuI3Lm6A58lkemN96FyBEnmdoM19yVlCSNFaxcYDRWiDmQ== processed in 446ms
[2026-08-24 06:38:02] [WARN] [cache_layer] Transaction payload payload_hash=YlPw+zWzZycgUxfeADXxU18xXg6jTp75VfOtQYnpxQAXYmyYdxybC+RL9W0dafx/ZJR7WFoowoh/jxq9g5yQqA== processed in 341ms
[2026-08-24 02:53:33] [INFO] [cache_layer] Transaction payload payload_hash=QtbuIyTqBazrsMTjm+hkadA7673ACibn1LL19h+K0JUmuV5MMgkYkXAsRQc79sizBZhoxKEirJSbIGzQkqVL5A== processed in 194ms
[2026-08-24 04:47:01] [DEBUG] [api_router] Transaction payload payload_hash=q7mh0u/0b3B/ir4KQZwemmdiDGRUini8stEAmXUqeuG+yDaeuAB4fZC33G9/TJ1VdJdHc/CEhdmMV7c5odJ1xA== processed in 275ms
[2026-08-24 07:32:02] [INFO] [api_router] Transaction payload payload_hash=++qq9ysEysH8J9SGVE29QFIJdLY4pJ1sPH4u+IS3/yBD9v03uRIHy+uzxgE5zaUIOID8eRuyn/fxSHamzyFKog== processed in 354ms
[2026-08-24 11:04:34] [INFO] [cache_layer] Transaction payload payload_hash=0J+OEHI3fhbCKz9oncjGKQDMrzV/YdHRU3hwKpxd5QLGqUXZ0ucWdrMaJGCiX7f8qZf69egJw8A1W3kOqfJqAg== processed in 449ms
[2026-08-24 08:42:42] [INFO] [api_router] Transaction payload payload_hash=o2qvvLjoybIcKBy95UrgS36/6d1J4hROpVJGFdicNzePQsJZkqExjwcgHbIktyfeiD3xaXIjbN3lqCJwGGq/0A== processed in 102ms
[2026-08-24 10:59:50] [WARN] [db_pool] Transaction payload payload_hash=B0FEmxM143Baa7W7to1KJ/gGZxUqG59LZwsppU5m+c/+rxZQCCnQ0LWyQx/JOTTmMV1R+7KGZw9kkCpDPhJoSA== processed in 121ms
[2026-08-24 07:42:55] [INFO] [api_router] Transaction payload payload_hash=fTdhSknH2jTA6zz6utzs5lm7QnQiGCLFehqkmqrMAaQqXISk8Gv152bfSmahyUqLMvnm/sXQcwjoI9p+zPlbQw== processed in 17ms
[2026-08-24 04:30:04] [DEBUG] [api_router] Transaction payload payload_hash=IIln1FUOylvbM+Wbhq+I5MocSWx5uMBC4IXeX6YlAzzm/Vu31O7LUvuFZx2TxOXS23LwlX2Y9EsjhNBaZun8iQ== processed in 412ms
[2026-08-24 03:04:52] [ERROR] [cache_layer] Transaction payload payload_hash=XP0mRGxyFOuv9+qJMkbVPu6KY4woMEnl89fvheJrFEwYGOetbozyQLhNeyL8QBr+ZAZMIwlx0sM/IDo2vFI+DQ== processed in 62ms
[2026-08-24 05:59:23] [INFO] [auth_service] Transaction payload payload_hash=Tg/jCpkwe4BmyXIIZFTwdKDclwZyDrw9uES8OZngDf4Nf29rT3d5fnLlYxWcyULcVgHNt5YjuEqBxtdtmV/YrQ== processed in 115ms
[2026-08-24 10:02:34] [DEBUG] [api_router] Transaction payload payload_hash=nzjl79G+Pd/fCCoLtJuvD9jMAulI5hVzgjzyQ4OkfklTgiSGeyEGnDLnddoXfLX67oBYmsvIr1ZuDRtAh0BqrA== processed in 405ms
[2026-08-24 10:05:08] [INFO] [cache_layer] Transaction payload payload_hash=jgFjPEZoJ/hDO0gn2yPIVCik/KCEd80f/WS1CFuYQz9L+jSb7Rl3vNp5YGZi97po1teyDvcJ18rQAfYa1VbGSA== processed in 38ms
[2026-08-24 10:27:30] [ERROR] [payment_gateway] Transaction payload payload_hash=meF6DLqTh7gQb/SSCsmdz1FuyljQ56bwxelsSVU/aQ4sl/D3H7yA58ulzS9k1K18E1SG3w5XctaJknnViagFaQ== processed in 499ms
[2026-08-24 09:01:57] [DEBUG] [auth_service] Transaction payload payload_hash=ni5GVmpcefQsSttgVkpMo7O5t6lNWPTHgo530jOEzDzEC+avKiwjKnblZo0PMJIKpSbp7gyNId6HZxRfgJHpYQ== processed in 134ms
[2026-08-24 03:31:48] [INFO] [payment_gateway] Transaction payload payload_hash=+V6TlhpHIDPv5zf3hn/d/+Db+L0XBsLSqm6v7WTDBL29w4pupwK8Mu36BXSnqYu5L7iCvYQSoJynCLyVjfK62A== processed in 170ms
[2026-08-24 11:08:27] [WARN] [auth_service] Transaction payload payload_hash=hFDykCQNdjTid9KWkXpenHv/kAfkkGtuq7PT2vxLZvA5xeW8GciYF441DvWlKI/2rxKgscAWsJi2vxPqsCbnaA== processed in 470ms
[2026-08-24 02:58:14] [INFO] [payment_gateway] Transaction payload payload_hash=/g8DBHVIuzCAE25cneGNNdhZuSQhypb8RGaz5CZZXz8hk4VddnQLXV4eWFqd9F/xZ0xof1Gu0YzWyFl1O1EjlQ== processed in 380ms
[2026-08-24 07:12:40] [INFO] [cache_layer] Transaction payload payload_hash=a0irDYtHyIRdwqW7XmVyWoaeftcmQQTEy+9T6y7+LT1iryGeWxYnOF9rFtUXlnIqYcZGE3YUcRvQdnc8TuCHPw== processed in 140ms
[2026-08-24 09:41:47] [WARN] [cache_layer] Transaction payload payload_hash=7Ukl1P3yFdS9hg20ZGh0FkHfZS0I9cF1i99ogMSf44hsWLQScQ2UwkDkCzh8MZM5YJL5FC9UAebtGvBk/T1DcQ== processed in 170ms
[2026-08-24 10:05:59] [WARN] [payment_gateway] Transaction payload payload_hash=12XhFy/+9Zc8A1edjEX3qvfW9ZwHxFUvnUG+0UmTEsAFFMwPcRsxpeqmNuXP7b0KI8gS7PbQaWipebP0aroXcQ== processed in 319ms
[2026-08-24 06:26:46] [ERROR] [auth_service] Transaction payload payload_hash=qmfQOesuxXUldwSNN73NkEp7t0S4cvNmFzDS7Cd4SB8eGCC6w7krwA1llcYqnTD7RSMQpiOWeTE8N7YAK2pNrQ== processed in 6ms
[2026-08-24 03:13:54] [ERROR] [db_pool] Transaction payload payload_hash=bOHh9wRSfGVIOskIafMPOC+VG53RvQJcHFRW2PBKvZm5yaBaTIV07BqQCXOPu84F9uJarWAoBGAYD82GJah+zg== processed in 130ms
[2026-08-24 02:43:37] [DEBUG] [cache_layer] Transaction payload payload_hash=EESzUiW5/t7BROMnWbAI5EHfFSXs96ObncbQyaagzGn+hKO2xrCbK4qG/mbmyiZ/qC1I4Fxnv0ptzy2Bv0H/vw== processed in 269ms
[2026-08-24 03:57:16] [WARN] [auth_service] Transaction payload payload_hash=OgoDbn9iInz+tq0x/SDXbMVKI3lo5cS5JcI1MVeRaSzKHIMT3wmG2qOHwOVcdICVrCR5rpgRQzPdA22UcyTvqg== processed in 270ms
[2026-08-24 10:08:26] [WARN] [auth_service] Transaction payload payload_hash=vhT2+OMhCEykmUiqqrtQk/L9ryKOgnCUO3iAdTWlsWza85ZR4gIv1rW+qAor80BC9+F3dp4KCu8UpiflXQKT2A== processed in 430ms
[2026-08-24 07:14:20] [WARN] [payment_gateway] Transaction payload payload_hash=DY4rz45hiSbt+bZT7kfOucYeZpwc/gCLtRfSkBLejzLJiKnmPYrI3UHhOtWuTFpHKDAV2/vdREgq6HMVbZ0Skg== processed in 206ms
[2026-08-24 02:30:27] [WARN] [auth_service] Transaction payload payload_hash=HKz1ng5mjHc0VhD7nm3mOzXg+Ubr/ZRFTJPuvTIw3lM2UsVulLsCOGfDEeC7nAdytqZTFy+Qfztoz07hdBd9XQ== processed in 56ms
[2026-08-24 06:53:23] [WARN] [payment_gateway] Transaction payload payload_hash=2eGDx3xc6wG/Tt21J2lAikZepJLQGdiSKgfyTjqq9Bu56e192VI+/s+g+PSsokIl56gxP49bDdcF7/kc2umRnw== processed in 359ms
[2026-08-24 11:09:49] [DEBUG] [cache_layer] Transaction payload payload_hash=vWaktWb1/5VHNlTBTFSW76yZoa7dP679WpXpJwWkK7/Rnw+QZGZ5qwuMv+LsZQboFmQ6Zp/xUoPT50kXZeHKGQ== processed in 97ms
[2026-08-24 09:44:45] [INFO] [db_pool] Transaction payload payload_hash=ACCPSfWNjhAziyDUV04UDy7TMv8J+jh9FiAKT5M96tnem+WptzZxPCn8hmqRU9daSanqMdOtsyxCvCUdHLG7kA== processed in 355ms
[2026-08-24 08:00:11] [WARN] [payment_gateway] Transaction payload payload_hash=1ssfJgoAjLwEL5GJ8uaGQcumuTwUNwHbvg39n3/y7yisLQD+2la5VVTJ4Pc+acOybAf+AbJlX8WvA1SaMbi22g== processed in 181ms
[2026-08-24 05:24:27] [ERROR] [api_router] Transaction payload payload_hash=Qii6nQa6+dUk4fp89COrdDQ56p2qZo0+H9HsAg4nAb506K0hCdJLpN2GaVVCfA9RHnZErdlk1mThnqv8EohA8Q== processed in 182ms
[2026-08-24 06:37:37] [INFO] [db_pool] Transaction payload payload_hash=eK8Emrq681b5XkLpaUirVuIbzJTbP4iYYGuyjsIWBMQOCiA3W6kcBrZhPCoreMToxrz9ulszSwqeZVk2fRzaAA== processed in 6ms
[2026-08-24 02:57:32] [ERROR] [payment_gateway] Transaction payload payload_hash=mABBHHGO4HXzNqwq9RMLE9seACwZ9V4IMTUPlB+5CeLLjFh3KWcX0H3xYXfDGRRc8bE/WKq7N2dAF8wiAf5aTw== processed in 80ms
[2026-08-24 07:00:50] [INFO] [payment_gateway] Transaction payload payload_hash=5FnMhLXZmrS3/dJp3oOv9NxYz02scgeePDUi0nWircojZlzOyZVqJFDXCi8WNgvO+PZfT/2c1zxGLoef21Aj4w== processed in 24ms
[2026-08-24 09:34:14] [DEBUG] [payment_gateway] Transaction payload payload_hash=xI0m9ERZApYYLITrDbaypHAqYZGRor6m+giCMXgFws1qa1spKSwRYB/9bwmllRKj1F+aAV6Ylg+n270cLMmK4w== processed in 404ms
[2026-08-24 07:10:57] [WARN] [payment_gateway] Transaction payload payload_hash=xvUQdt6Dd5e+YxKJFgGo00aclOJCwzg2nZ3nw/KyZH+3UuB9Bbl7Q6Ahq3jzgncSePunSfDZAQp0YzrGIBxqjQ== processed in 397ms
[2026-08-24 08:02:41] [INFO] [db_pool] Transaction payload payload_hash=QcFsV+OVM0gezZmGwqIxEGrbYRnptjh5mS21YehCvmk+EU2+rOu28cZtViwM159Ctj9/cIfNnLWKNe4YIpzFCg== processed in 211ms
[2026-08-24 04:15:16] [ERROR] [api_router] Transaction payload payload_hash=g+h3vyiEkhYbYoc3dNVwDyveCIUnIj0NYKJGTs/hLdPkn0hGml8FkvdOuneZqqfiGAq7DMsDHLQ/pXrRgsNpOg== processed in 285ms
[2026-08-24 03:12:03] [DEBUG] [cache_layer] Transaction payload payload_hash=exqlHFi+4K0EIzSWiyIN+hr1UJ+mrcRvIEm+3aqlzW2EwSjw8+vt23TlhZxuYb00AkQuoFb8PB6CLazBOlxxAQ== processed in 222ms
[2026-08-24 03:54:57] [DEBUG] [api_router] Transaction payload payload_hash=DR2XIhfTf62TGqlXGncvSKdPav4wIySyU7f0M28QmaKT0hcuu5jFKlF86lMFlJyDvQ1fUgrnjCKSktSEp63EEw== processed in 366ms
[2026-08-24 07:25:33] [ERROR] [api_router] Transaction payload payload_hash=SZtDol8PL0SvrRRTSnMXEJS1s0zboGpOOWR0qx2kkO436B7EAW4MsqeS+JfYhylsplRRLJgZwtfBp8+pex+dGQ== processed in 371ms
[2026-08-24 08:51:11] [DEBUG] [cache_layer] Transaction payload payload_hash=sIcwTF2ZBqjZEQSK7u3wtXAaLHmhxxRMRcVOpT0Si2nOhPC79xHa701lwuJBgo3Egv85A2Xd82a1+PXKa9MtFw== processed in 471ms
[2026-08-24 05:14:04] [WARN] [cache_layer] Transaction payload payload_hash=3DYz8VNmxhK4+R9uj+Cepd+YnVIMpIPvBc8FfjAgE6BBfu1FCxJnuJKJqIqz6hRZc83hAEZMsGoihAgtgRHUng== processed in 466ms
[2026-08-24 06:57:44] [DEBUG] [db_pool] Transaction payload payload_hash=nsMxZgnXQp/hAimOUPHuTsFwQxZWjutMDFDhj2wGRzuRfhpPbFAQzNoISE4HQCatLLKC9hGn402IMA8trwZdOw== processed in 67ms
[2026-08-24 02:59:00] [WARN] [api_router] Transaction payload payload_hash=xgYN4uNRUBOeqCa5RXO+s5bmm66ilUOeIZu8NXCBF+nRql1MzDgAm71u06t025ZmQSGphhJXDG9IIYeY2iPU+A== processed in 111ms
[2026-08-24 07:39:27] [DEBUG] [cache_layer] Transaction payload payload_hash=ARKcmCElyjqhSksD+7rR9zkU4eOgHf0qau/jtB3qbbWF2f5g0S9W0yz11hlcXxk6a3IDigMLwHH7UdkyMeozvg== processed in 376ms
[2026-08-24 06:41:57] [ERROR] [cache_layer] Transaction payload payload_hash=EwBlR0o0hyCU5e6SYc+rmPmoubtNmf528jsyGQkEpocc2TSvZo6OjgbYM5q7MJ1X4Bb0+VhOPQdGwvHJsUH1ew== processed in 452ms
[2026-08-24 11:03:53] [ERROR] [payment_gateway] Transaction payload payload_hash=50C9UQz0WP17OAK8oCSRINJHTcPRX4nM8B49WqKUibHgmMOh2bMfV8ayYpBr87pHccJMKrleU+osVU7LlubbnQ== processed in 131ms
[2026-08-24 04:49:38] [DEBUG] [cache_layer] Transaction payload payload_hash=9MKJOk8Jbm95nrRNUMvL/hBM5bCsPsHKo0jf7vLm+Neyk0alQ5ztJtxw7q+YNf62sgyI7DTJ+iD18iK2GMPjVQ== processed in 103ms
[2026-08-24 11:18:00] [WARN] [cache_layer] Transaction payload payload_hash=tWbkaD6h15WX43q44BWWO6VRDcpFQD4EcG4YHS+wkMJmhAPseXUzYTH8OCqY6tYrxl9MBeRBj6Yrr8Qb45F3gQ== processed in 237ms
[2026-08-24 08:25:27] [INFO] [db_pool] Transaction payload payload_hash=xf6y9Et+ciF+5ZBw/5yJNP0V0WBIkxBjQIZZiE9fUq8wqGtBNeteQ8UjDHGQ8u6e+o6G78csnLnFg6HsOf4EQA== processed in 245ms
[2026-08-24 06:18:54] [DEBUG] [cache_layer] Transaction payload payload_hash=9EIEDie3SK+oL6TM3wCSjaBCLLO+ERIwbq60q3XoC1vjzY2myeMwg9qs4nuhXgZZd5ZOBXS7T06LnzoQtYjNHQ== processed in 72ms
[2026-08-24 07:16:25] [ERROR] [payment_gateway] Transaction payload payload_hash=nC2Ct25s8v5fM66VZVIrj7Gl9GWhdamqftdp1diPiW6cYlWWgl2UYIUosR+b3Obq/uShknKS9ntujBWuc4rfSQ== processed in 30ms
[2026-08-24 10:30:58] [WARN] [db_pool] Transaction payload payload_hash=Xq0XN58NTWvZ74rCqO2evAg+94FZfEzLbt/8JnagLHq4UXw0BHdvyFJbvHlQhKewkHdDFHqFFsUUcnExYrQBWw== processed in 441ms
[2026-08-24 08:35:07] [INFO] [db_pool] Transaction payload payload_hash=MO6rrz5pm5A1fOwy7d3QFTrCfGsouLuaDk8kzFCC8MvTMhEW9NqOsoy0sjuIGflHwyhjE4drAxPdW1E/M5naHg== processed in 53ms
[2026-08-24 03:22:52] [INFO] [payment_gateway] Transaction payload payload_hash=7zzgL4FL56RcHshCBKoSQGJXcnUNeTjPhM8XiLBJn7nsC30KqUssyGltHPLR4sS68cElGhMumOpq+DwLLm3u2A== processed in 62ms
[2026-08-24 10:08:20] [DEBUG] [auth_service] Transaction payload payload_hash=x2O68BjoZJwy9vC+mLoAAfz7CYLgDa/8ewpoclXd6rKsax2yXt9iv5ythtKIUBSp5HEbAihDgdCJnPWVfcvwDg== processed in 418ms
[2026-08-24 10:21:41] [ERROR] [cache_layer] Transaction payload payload_hash=gRB3k1iaXG085lD+P4WJv8okdwRtfQCC3FM9w92cqi1U7yEXo/atgRwtnlQx/3YdFVwEwKXohT7Xc7fUCi85uA== processed in 442ms
[2026-08-24 03:10:56] [WARN] [api_router] Transaction payload payload_hash=XKX7B2tsT8nX+V5kRjdC0QLyz5OuAAk3F7jNhYdnnqYXBpvUZ9oTl4qzvK7pg5mqqRDO/Qn0m/WRLFHI4FsqBA== processed in 459ms
[2026-08-24 07:29:04] [ERROR] [db_pool] Transaction payload payload_hash=HWdSmd0hJfgPZ6SJ7pAeT1ZAdH8QjQyN30OLzGr1iqSj23RX19OZZEl41c2iO/8PHHThgG0zuCJ9OdLVCJEVNA== processed in 446ms
[2026-08-24 06:26:34] [DEBUG] [payment_gateway] Transaction payload payload_hash=XxMDqUmktaOj7Sewb9jtQ+EMm/WPAC1m6kcn680UQj9UHUZ7xl0Fnc7rUfs53YrpUbxXbdz0p4K5onJq2kY6zg== processed in 376ms
[2026-08-24 03:37:03] [DEBUG] [api_router] Transaction payload payload_hash=uSXqdQhXYxYP8DJLhewlq/fhhkKdGlZJmRWroQOctBwEyAS7oDfw1kQoHFPCV7/nBPSyykyvEta+8rZvQMSkAQ== processed in 69ms
[2026-08-24 06:16:58] [INFO] [api_router] Transaction payload payload_hash=F4C3OdMKfvjzIjL6MaAcQ9Gdh3Ni6EVvp7n/+aWqzCuw7MCD++6B9mif+GhsQ9PXgDpN4Kzvx3h7wTAucYByqA== processed in 347ms
[2026-08-24 05:31:00] [WARN] [auth_service] Transaction payload payload_hash=QTA04ujsSZ2M1HIqeDiBl9Vreh3rT07jawTDGBp9Rq3CSEbW1gLIzxFUFMAREELYm6LdFJOkTHkqzYTT5MIR6Q== processed in 409ms
[2026-08-24 10:53:00] [ERROR] [payment_gateway] Transaction payload payload_hash=r5XsY0JUryInbIRspu/o/gAhlMzRZSQzNcBZVZ7AfMkltU8vE0cpJOeNeA+MufuRCBbsK7MvonRr61SLNdLqAg== processed in 447ms
[2026-08-24 03:15:36] [ERROR] [api_router] Transaction payload payload_hash=qOxzhV65ai00SoWfsA7A6nphCRZfnl//LGj1xQ6vR349HC0XfA5Fgp1ECoDqz+Yw/hVM1BcBI0wIybYVOI/6Sw== processed in 167ms
[2026-08-24 06:32:44] [DEBUG] [auth_service] Transaction payload payload_hash=nrMU5QfaWq1mN+J5mNLB12TeN6w6O2aFrtcsmRqMOZlxuQ5vHMHFtgXeHAQU6FtSta3P1WxbFX8Ym21YHrV/5Q== processed in 280ms
[2026-08-24 10:05:23] [DEBUG] [payment_gateway] Transaction payload payload_hash=5vJqVhFD6KRu1ChQlfI9VAoZh2PSzMEbVKQTmQ9pk6R8UVxcQdib9qWuWsrB1ad7gxK3kk0lwk66cidZzpX+kw== processed in 207ms
[2026-08-24 08:24:11] [WARN] [payment_gateway] Transaction payload payload_hash=2jT3jcKNzxlLe0k7xwUVyfWWLUd6hD/TFhs82huGx67zqdg2csfaXJzGMwhQZFJUmNm0TNQ9/mYC0zjwXAZ4wg== processed in 115ms
[2026-08-24 11:05:48] [ERROR] [cache_layer] Transaction payload payload_hash=jxvJ4aPriWckZTA2XxUWtl3ZRblICp1PcLLQJmL6W513F29huvS5MYqJmqkKbh4dOO5LzJrOv+NmJcuT1yk8fQ== processed in 318ms
[2026-08-24 02:26:56] [DEBUG] [cache_layer] Transaction payload payload_hash=w/XA0S1Hm3Es7Xytyuc8WmZyBLwucFbv873SIwjG8F9ksIp51bvTa50ekw78ZUJNBjRhLvAF5PEvS8QcavrMMg== processed in 350ms
[2026-08-24 09:07:07] [WARN] [payment_gateway] Transaction payload payload_hash=W/F4/cxYugfKgRlve+IywEhBwiFYoD1nI6sCue0Zx9+H5HtU5hGI7fpCFkJ8Juu+daZLA7hDhB3QMLi91Itmvg== processed in 479ms
[2026-08-24 11:19:40] [ERROR] [payment_gateway] Transaction payload payload_hash=hIe6y62+FJWDWpnOfSEKsoTZIYzbCxAVoY1JeZv9/vKlZ5Z/O1dEAO2O6ZEgt2scVXFd4G0+W2Li+v+2GXbT8Q== processed in 424ms
[2026-08-24 09:46:58] [ERROR] [auth_service] Transaction payload payload_hash=f/kosdFWS0ptbpmjTh4jx2uBgLAuT2ONdbJ62lXTfZb1npewRexEadLSQPeUtzXcsVsxYAFChtSyzy7VG8yb5g== processed in 474ms
[2026-08-24 07:17:48] [DEBUG] [db_pool] Transaction payload payload_hash=nJDq1jns510Mgn4kaLJKfFHSOhsmBqVbcWL8lSLTUSgJ5fz++inRiZ8I51zoVC0FJdo8t5QZOGf2GTsYQPBWOg== processed in 472ms
[2026-08-24 09:53:13] [ERROR] [payment_gateway] Transaction payload payload_hash=iAR0IebtaTiXg7Iooy2kGUmG6cDtvkOMTix33CZsqJdd3L+kCaVs3fXe+7zJCBLNXf6WA+RmqpG4gXK4Fi7ydg== processed in 245ms
[2026-08-24 08:48:41] [ERROR] [api_router] Transaction payload payload_hash=Mw9FEBDQogJzSnWXc5gMGVh9JwOt1FR7+F6nxyuWcHFQIXPMWPxGZd1cls7pWEnOvvNbWljpu8bwbRFb+XRcHQ== processed in 130ms
[2026-08-24 02:35:42] [INFO] [payment_gateway] Transaction payload payload_hash=NznpNLFUDtEkwvafi2tGUfuCt8FCTm99RrmKUHkc9aYoZDDAgXjhRJ8UiH2gslV6BPtJlxTagh9VgWZIWUHIpA== processed in 335ms
[2026-08-24 04:28:25] [WARN] [cache_layer] Transaction payload payload_hash=Q5YBzDPkI67s75SRdLk0LLmebWJYjluoBasHa7jEZroxhnD16DAWkWcSyIUN3pkOo7sadSQ9qnGVDXIlI+cO0w== processed in 293ms
[2026-08-24 06:06:44] [INFO] [api_router] Transaction payload payload_hash=ktwuGy8AVr5eZUJF410BpiaYdQG/LQER39/Kmr5w9OrjOIm+4u5ULB4x/0jj5P0v3yckscokSsRz94LruWyFBw== processed in 330ms
[2026-08-24 04:03:19] [INFO] [api_router] Transaction payload payload_hash=DVVn+zkjInt2sN1zc34yec1aoQTe0IY/EUtPoSZhNwrd35iGejaRo9ysVUq43KVo/TH9YzRj3D5ghnc/ey/Rkw== processed in 347ms
[2026-08-24 02:37:31] [ERROR] [payment_gateway] Transaction payload payload_hash=5hEws0n35o4yG3qSQiu726+2haOWYnl08wO9XYF7cjgw6o023ale1eKT5NNpQsbJwVXOwdB8Lw1iSgSbW3GmhA== processed in 111ms
[2026-08-24 07:49:32] [INFO] [cache_layer] Transaction payload payload_hash=cAiOYeI5r7yzfGjue4oQCMnRNhyB+nIvkaCDwwYRMUj0XMtUnr7MTk44zQXwbyQMRyUOL36iZT+mJmy9GsFmrw== processed in 373ms
[2026-08-24 10:06:39] [INFO] [payment_gateway] Transaction payload payload_hash=n4PEkk08ZUft8JMmsCQ9t8KMchcqi8rVe2f/FD5v8pqFoNQz1Kyfc8KJpFTzdg3AWwD1Qzzvfc0xcxcMBaG5pQ== processed in 229ms
[2026-08-24 02:28:57] [DEBUG] [payment_gateway] Transaction payload payload_hash=5R+TuQd4RR0ZdNwCn5BNU/g1vXjIEgUtyuOOBby+3HkvyDUxMYNL5n74dbaYu4b/hIly7EMfuQZkIxBbwkTWJA== processed in 349ms
[2026-08-24 08:41:44] [DEBUG] [cache_layer] Transaction payload payload_hash=oAHcinRtySSEfoFVAT14uwp27bDH2+J3H7GetEFgIf3cQ1PWNXGR+digsyyP3SzjeGxCWg83UpCTsvPZaIS9ug== processed in 42ms
[2026-08-24 11:10:45] [DEBUG] [cache_layer] Transaction payload payload_hash=CUwIXY72j/2cpFKUZj551R0oLP3Tx4n5IwwNolc5Gpdcotn2SkYOgsfZA/UZIPPVPGJKA8+fV3QCmNtLlP8urA== processed in 106ms
[2026-08-24 06:10:37] [DEBUG] [auth_service] Transaction payload payload_hash=Uk7LcS15qxsJnAEORpMUl7bIkkMc8XYam4okfJODLFqRQIG7ALutSaQsLYPx2GVgL8Zag+txWLMijzBnc0EAKg== processed in 241ms
[2026-08-24 10:23:21] [ERROR] [payment_gateway] Transaction payload payload_hash=QGLqevcKCloBGGHSa7xF0KfrN1zXgc92SoUDGCD3lcfkyItjIxVwF/s3hBP+4QsmbUaEyZGF06q6zfRW/0uvHQ== processed in 418ms
[2026-08-24 05:17:59] [ERROR] [cache_layer] Transaction payload payload_hash=lHkq0NHT7Ndk+2MAQbliZgRKxW1wQ8uvFoheJGUBBWKDMs+voaCgqPqXK7ViwjN2YhA9lUBTxe1jEvKeMNIjiQ== processed in 137ms
[2026-08-24 11:00:49] [ERROR] [cache_layer] Transaction payload payload_hash=TYKwUEKFcwHsAFqm71m7mIR4W5gQLEeIOUEY0csgll+uZsC+m2sGsGh6ZlSiqqBtCH5g7CiRR4BcDH5Eoj36UQ== processed in 298ms
[2026-08-24 07:11:41] [DEBUG] [cache_layer] Transaction payload payload_hash=wTrfNwI4kVWdGphjF/OCj2vOavnhwps9vuApE+LMssz4yZf6WbVMwKkf44kO8kOfs3Fg3zzBzjIgX7i3TS9cXw== processed in 492ms
[2026-08-24 07:05:21] [ERROR] [cache_layer] Transaction payload payload_hash=k+LTVILhSPYPA2/sa3BTwCnDpAnTzf4z2WH/TSOZQOTybWD4tujoVNVpmmp+UPnjC+OQUHfNhpKflVAvOeNkoA== processed in 296ms
[2026-08-24 06:31:29] [DEBUG] [db_pool] Transaction payload payload_hash=kLIoZu4zBycW5BZZKN3F3qo88V72pwEnxEE0H3wFaJUk3jrYexP2F+RLV3za5IoPTLAk8nNHJsCInmssaR2sQA== processed in 54ms
[2026-08-24 10:06:08] [ERROR] [db_pool] Transaction payload payload_hash=vys41XhnbsEmSZgZ9Z0fFtMbjLhs44Tb5B2SANhYvqUYkX76jeQcLlzplY29OQtUceDUcFa8vuFw9IQaeKiJTg== processed in 22ms
[2026-08-24 11:17:14] [WARN] [cache_layer] Transaction payload payload_hash=8fq0nn+vjTqh+VFdtMeOP0EyysRWoO/f5JzDkErC85UbKaME8QWGs0jcKFXTRFEq3r0vPc8fHzs1baSSVgMVGA== processed in 342ms
[2026-08-24 09:24:41] [DEBUG] [api_router] Transaction payload payload_hash=OqCDhrGPq+qKVv081HDadetsiWtY3kXdWPaXlUqx2QC95TGgNl9AdBxjrOJTXhfWSpYkywUyEFtWUeXY1iuFLw== processed in 149ms
[2026-08-24 09:38:17] [DEBUG] [db_pool] Transaction payload payload_hash=662t7Lrqz+qwvPC5cLAHzQ1Qle2xEgOSYqF7F+eJ+NfJcPDDiZlTi0Nyai0JYAvSlTj4oyt2y4/HnITaxfDsgQ== processed in 225ms
[2026-08-24 06:55:12] [ERROR] [db_pool] Transaction payload payload_hash=GQ1KQ4bFrtzilHlu2W1gIyMZPbOQSghu3cU8rNjoQKscFFKN+3YpYOjoEGsYnLiG4fmeOls0tlB7eS4oPXte0Q== processed in 306ms
[2026-08-24 07:29:10] [WARN] [db_pool] Transaction payload payload_hash=nd+VU8OVJoivu6lORur/bIxvDH0QQZbg941Ot7w2ryVY9pRTqY0TPCREcujIEgOu3Vl/09j+YdOBSTcls/B77A== processed in 190ms
[2026-08-24 09:12:55] [DEBUG] [cache_layer] Transaction payload payload_hash=WkXMOBG24ViQ7GT73n/Jd0Wj95SqAlKc/v1TAmaLxMHtZVhsbvL/yshWDCBBr+1UNq3aDW71M3Z910AME06r5w== processed in 14ms
[2026-08-24 03:19:12] [ERROR] [auth_service] Transaction payload payload_hash=9VHzoIJfhLtvoGJe2UaLRaZx5EhyNsJ6693YKUyTkxA3n/0CqhTMtEScCvS9l1e1cSpkg+4ZZMPxpm1dyHRP0Q== processed in 342ms
[2026-08-24 09:49:49] [WARN] [api_router] Transaction payload payload_hash=f9Bh3qDnmRu5boWaAo229tUAo5XuDVZYSKhB1NFrN3zHkmV6sDq/3yhYslrrCTVrvWbUDmh7+MFTSNvcQyaIsQ== processed in 203ms
[2026-08-24 10:15:35] [WARN] [cache_layer] Transaction payload payload_hash=Hq8kgrAifYP6E4pmgkuMyW75F97wtLXQ744qCDAfaNlZO5hoZUgibf9B5LUmcNwORQECX0PAdqwFK2zGbq1P3g== processed in 207ms
[2026-08-24 08:10:05] [INFO] [auth_service] Transaction payload payload_hash=GLn5P6JwnhdqrXOpzH/0inWZAEnINUN7XUW+8ADNwqea4D5KL90/y+xC7gjMinTFhUvmmxXCeLhnyoaUGKKLOA== processed in 108ms
[2026-08-24 08:15:40] [ERROR] [payment_gateway] Transaction payload payload_hash=xsL/p0ApXuZEAFn39z8W49YVxCaKfz+yusuGZMOpPv0+kMbi86OwuCj5Wjg0xVuq9xRSdbmb+EYdPFS7vcODLg== processed in 362ms
[2026-08-24 08:12:23] [DEBUG] [api_router] Transaction payload payload_hash=ctSxKZdVblHGP3D8af0p0MBQ8vNSE+WXreeNEVBOIXGcoBv41jL91B+SReyEbvYvmMDdMpBSaOyL7MDu/tdEmA== processed in 232ms
[2026-08-24 09:33:43] [DEBUG] [cache_layer] Transaction payload payload_hash=W2lIUHnOSznwJHcPLolOPo1wVzQdc5WOG3HCGYhAtBAjVFJME25wOHqZQw5dkNtJuXqWOfBUO+437yxV+YeKGA== processed in 211ms
[2026-08-24 05:53:26] [INFO] [payment_gateway] Transaction payload payload_hash=+a4vVkQHSPydakT+6zNGotHrGZm1fbGvODgBJliUte1yUzi69/KUYeRStPdK3FDn7Uct50POjFkq4KDZgrw9og== processed in 160ms
[2026-08-24 10:50:46] [INFO] [api_router] Transaction payload payload_hash=NtLKxOx3lquBnm14Gg5N/WjvGeN+IbZhwf4W3NC0GBpII4YoKNjiFmZgg9CJ4qZnMmLIZ5M6oBodzjGYhLlusA== processed in 42ms
[2026-08-24 09:57:54] [WARN] [payment_gateway] Transaction payload payload_hash=t17s1vtGpR7l/3A09zf2EqtWc3Gz+hSYT94BW2Gkj5cLDrYxlT4Rd7G1yHkeOY81hEdndBCIgO8tYAAK/D4VbQ== processed in 7ms
[2026-08-24 09:22:56] [INFO] [auth_service] Transaction payload payload_hash=qkU7t3JFRxvjDZRaUMNT5Q1aF8vR7JqGovToBrp8FMhE4rlELIyxaTggCHCmEhbZUmrvKI1z1DbjKQloksWNPA== processed in 29ms
[2026-08-24 09:59:46] [ERROR] [auth_service] Transaction payload payload_hash=nZApCpLACtR8CF9B+Q8vQ8xqv8w8TsBegdnzOYNlTLRBqOM+BXnNbRUULHTceZO6JGhqMoiYh6tIvtNPj2qWWg== processed in 434ms
[2026-08-24 08:35:15] [DEBUG] [auth_service] Transaction payload payload_hash=uFWydS1Iic9pqQxzcBoKjqr5gLjjwBXGAQxQRlgznzcOvOceeSIHvDI4w4YBkGTv+/mc6tVK7Iv+3UDSkhggUQ== processed in 257ms
[2026-08-24 07:00:35] [ERROR] [payment_gateway] Transaction payload payload_hash=FTteot9WmTMGYEZIlkhjugvLr1aZZnXVyPY4mXML4IHOPoJozvb+B7B3zBznQ7MfWW2YiQrdsFUJ+RyhmDy08g== processed in 183ms
[2026-08-24 10:56:55] [WARN] [db_pool] Transaction payload payload_hash=cMqvsS/tzA6X8PDPSJN2ZOkTkhkgU4fWcWqViLkBz2+Ix8wIBRtdRv/ZrCCfZCd2K36qMn3kYNW0OR34bXIOxQ== processed in 108ms
[2026-08-24 04:51:33] [DEBUG] [db_pool] Transaction payload payload_hash=WCsbnztIUPFRpm+8ZjDKEc8MF8228lM0lWTVqAskvyTazWc5IN0qZvrV9rSmT0G2FAzvaezDA9cRzOv3sQCMsQ== processed in 192ms
[2026-08-24 03:18:38] [DEBUG] [api_router] Transaction payload payload_hash=GX1dDbdbLoQ4TVfWIgFNvSzaXDP9dRlSJKgWSYanInwN3dwK5fmyu+lkGUDqQ3k+R1W0IYUxE3Pw6DDavxFcSg== processed in 306ms
[2026-08-24 10:08:28] [ERROR] [cache_layer] Transaction payload payload_hash=gU1mRurchvt2QLHxl/T+KlEAfdaArlR2OYpUUz8B3qSrEvecSxaPTwpdjHbEoOSyYext+T9v2WVSUl+zApN1dQ== processed in 420ms
[2026-08-24 07:47:50] [DEBUG] [api_router] Transaction payload payload_hash=6bTC5fCEiWa/pHCt1eKyR6CjIE+WcbYJBpqGwiuSg63RY/QoN3KpPeI5xbWiydX5d3Tpr7tESEgK5Z1gD2R5Lg== processed in 330ms
[2026-08-24 05:34:29] [WARN] [auth_service] Transaction payload payload_hash=3lfkBVeP9CAXInXCmEyK8xAkVXoV4hdVczVrKSokeKwuVfmwgOjMqQdtvLpdio4ZpoIWCFETAZp8vkAEe2X2Bw== processed in 397ms
[2026-08-24 07:32:24] [INFO] [api_router] Transaction payload payload_hash=ARPlQ2n/IIw9dLg9lLpTouyznZ6X/R1WvoHTiOctL2J0RIhePyOqdxs+eiydfl5bYYTaiy/jUaprSyzY3MRuAw== processed in 452ms
[2026-08-24 03:28:36] [INFO] [cache_layer] Transaction payload payload_hash=50MSO+cQCQIM6iBPRUVQsi6tmJfZInoVrxQWS2EvSptoxDBAqqGCTsv52JHlCbUdPshLmkL8PwOtOBDeosGhYw== processed in 9ms
[2026-08-24 09:04:31] [DEBUG] [api_router] Transaction payload payload_hash=KIsPUX3+TzZalDG0ifYnPRTzqAcFCSLs+EeNrrD5L8gfPPamqmqQt59OwFIqqwWWFV8b9ztcowAGt4Z2ZKU1hA== processed in 110ms
[2026-08-24 06:45:17] [WARN] [cache_layer] Transaction payload payload_hash=zlvt8S0bv0IpSfUqO+PSVj7KQcBapVQzjf4mFa+RqPhxltLnq6yMJcXkcUMSJYioxRX6Z17rVJCUonytMcWnxQ== processed in 460ms
[2026-08-24 10:04:46] [INFO] [api_router] Transaction payload payload_hash=ChtePqcm5k7IEVyCdJUuHGbmBfy6z65UpDrMo0Oi3o0DpIPx5b2QvrUCKgZdJ+L6+hXl1r2IcnTj1g2tSiZWtg== processed in 424ms
[2026-08-24 08:21:14] [WARN] [api_router] Transaction payload payload_hash=bbcTORjoFxJ7OZtT01cMOAA0M3T9AJkIdfL/7o3vDrXoG+va4Kq6zycor3xrWD/5GqAUK/Rdr2D9MW87pL4KXw== processed in 283ms
[2026-08-24 03:30:45] [DEBUG] [payment_gateway] Transaction payload payload_hash=zKSUy82QaLp+FjhhIZ05wLMdjaKw+TFQLDv4rB0F7ZOb/+sHuPoEu+As60+d8359kggnibwTdzqspbyDCpBEIw== processed in 33ms
[2026-08-24 03:57:19] [INFO] [db_pool] Transaction payload payload_hash=gQON8iFIZ34ROzgCS7tK9TXAshdbfFfVNB8ciqqr3WrCQgU1vza2UIod4N6W7hfAzy/RmLEACdIPWr6WVWzzVw== processed in 112ms
[2026-08-24 03:32:09] [WARN] [api_router] Transaction payload payload_hash=eczO5StwdxaXYmPi97sbK7IX084rbOaqybFHavJ+OJzPtm4BlYbb4nwFVCQp5l/86/IlQ4t3bQpaoARirQ4InA== processed in 394ms
[2026-08-24 08:09:19] [WARN] [auth_service] Transaction payload payload_hash=oxa8w7nHMI1C0P2CK9KzpNAV0tdehBuFuHhdkN/nVwQBNGiWowdSPw6lAjHdg9QC4krlS9O3JwCXNhLhWvUjcg== processed in 343ms
[2026-08-24 06:28:23] [INFO] [api_router] Transaction payload payload_hash=qilFXTNs9TR5whhyFKN9SjBvJWrsM4jZeIlSRkxssVySc0VbYMJEkh1F5r/Sg4vPGpGAVxsM9TPHS9XyQjQ2ww== processed in 91ms
[2026-08-24 05:42:15] [DEBUG] [auth_service] Transaction payload payload_hash=n7GOYIh2g7TQnelGxgwea2NqgwAfFxybkWBaJhRyF88XYPl+GglgPqngkDmfaYNx2vim+95BAdqsp9yB02QbMw== processed in 183ms
[2026-08-24 03:27:18] [DEBUG] [db_pool] Transaction payload payload_hash=9S3DBcGwav/1NSaogBxkeFvORe1P7FdfFxZp2kZjyocjJxomTB8j2rUIIwt1MDeymfcfiGpahmwpuvPryHq5UQ== processed in 143ms
[2026-08-24 04:44:56] [DEBUG] [api_router] Transaction payload payload_hash=cCkXCzxT1qbR+pIO1Ot5uLwlj6d6s+nciGJNqTF3SL4i7H7jCuuDi2bnuMjN1gV4ed9J2LbNPEuZ9/g/vbF8eA== processed in 369ms
[2026-08-24 08:28:36] [ERROR] [payment_gateway] Transaction payload payload_hash=NrmlzTrIzsV+31yDf4hYjtlbOWrHus64vJUwD/8DMXgqPcZjaQorvacZV65DqeY1AkBCWQtCoWhoCSw1goByLg== processed in 479ms
[2026-08-24 09:20:29] [ERROR] [cache_layer] Transaction payload payload_hash=/N67r3jjkN66KuuPzTia9laXWbNSHf0uR96n1xUls4ydRmucDY3DThwooC0nViGN1r68jtVhDPGA7M9MFF2UsA== processed in 479ms
[2026-08-24 08:21:00] [DEBUG] [api_router] Transaction payload payload_hash=oph4crxhFRhPRAHA7JoF9mC3Pf5/QwZsizt9hRLYCsIk59cHWlUfnV2/7DMrNd/uqAd5//8TL+e0Si7NTOTpzQ== processed in 470ms
[2026-08-24 05:48:15] [INFO] [db_pool] Transaction payload payload_hash=utcDaNqv40jVtzTwpd2tLgsuJntt0qDwq8D9jB9QLkI8dpnhlb1v8lWC+9gfxLkW9HaKMrmcuHPMZl3VWeYZ2g== processed in 166ms
[2026-08-24 05:27:21] [INFO] [db_pool] Transaction payload payload_hash=gReKE5G7wkGBISlHTY5YnJyEs6Psf6ODH8MxpRRs6CBKlkGkdEmj7COGTMYVdeIjUEEWI+u64xlmA31VSRMqCA== processed in 30ms
[2026-08-24 09:35:07] [DEBUG] [payment_gateway] Transaction payload payload_hash=56YM2Ddg0dwQvdHw/JcQwZ1ERPkDQGNzTHW9G72L09MpYwDN4ouDbHSRe53uHhvKnCMpLycL7jWaadNL7gVSPw== processed in 477ms
[2026-08-24 03:41:22] [INFO] [api_router] Transaction payload payload_hash=AkxOO/wt657m+g0vZhm04VSiHhIAKYwD5NSmnFBYGvbnFKGbdptiKEMyJSw3Lz+PT7lMhOmbh3c4SgD0xSCQXw== processed in 349ms
[2026-08-24 03:53:14] [INFO] [payment_gateway] Transaction payload payload_hash=JrCDZxXUU9TdWGIUGNPq0nKBkTdBGvPVX65ObTzP/eV8FCoHeJAENW2+uoJGpHlNgO8O8MluPkldqv4YArno+Q== processed in 244ms
[2026-08-24 08:53:00] [DEBUG] [db_pool] Transaction payload payload_hash=V+7/rQy/WONiTkhbfDNJHfqIAQmq9DjNgL4hk14U/E1u/U9krpofs6Pbp2zBmCNkfF6BLvpABXFU30n9IBLgYg== processed in 398ms
[2026-08-24 03:14:41] [ERROR] [payment_gateway] Transaction payload payload_hash=z/zyF4DhrUzzkqiRjs3olL9TwL9zuNCJBUx8R8QQOqlHgcUbAYaAB7WNfgytTxJ4A6LqfzcM16aelCecOO2QMg== processed in 384ms
[2026-08-24 03:33:59] [DEBUG] [cache_layer] Transaction payload payload_hash=pLAmIa01NUdYpY0fJOajZPl1qCwujeTPrF6gXiwYsVhUR0tQXbJbC8hxqiO7Tg9khY2zL68T3v5KN6PKDyoCqQ== processed in 170ms
[2026-08-24 08:54:42] [INFO] [payment_gateway] Transaction payload payload_hash=kMM1ePV7aR+Jk58fVpsLWSkP7bAb8ZqL+eD+EI+W53+rp2FcK+u7EDLswH5Wzy9jPkJb+KDnXVAmi1p0zf+dzg== processed in 15ms
[2026-08-24 08:59:13] [INFO] [payment_gateway] Transaction payload payload_hash=LH6B1UHpmIdyPHJj7Nu+NQxNcQDvJkrS2b0UL147xIIp6yL5CVhW5PL/Ei5iM+5UrDLeZrwmbD83DTwIqK3YMw== processed in 68ms
[2026-08-24 04:25:54] [INFO] [db_pool] Transaction payload payload_hash=94tPblnJwxKvfYQ/CoeG6/URKhmZ4CX4wIucgk5HCGQ233T5oXsvvxye/Aie3Z+WVD+eHRGH1EO2KtvdEBMRNA== processed in 461ms
[2026-08-24 03:10:56] [ERROR] [cache_layer] Transaction payload payload_hash=+IolUY6gjWll5Bhaq80uFQbd8n9vzmL7Px7/UitMHnUVjIuOBFx3TJeOliddtRBk5RG492WOGMa/J6NPiZPAeA== processed in 292ms
[2026-08-24 06:20:37] [DEBUG] [payment_gateway] Transaction payload payload_hash=9EroYJ5dgBJVXI+qIZcL+PNN5UuXUUZzyvlU1HDMrxmLfOSRwdhwZAjoOgELXOZJUv4WK8hlA8/T42xOvtCqfA== processed in 481ms
[2026-08-24 10:56:50] [WARN] [api_router] Transaction payload payload_hash=M6F5FFRNaiBqFK/PxuOnrACoaiDwmggDY9ZwTRLLmEjTF06oBgRiIm9xqww3YjKXc9kRcgAmOtLMGSfB0y8p0w== processed in 481ms
[2026-08-24 03:39:29] [DEBUG] [db_pool] Transaction payload payload_hash=uG+Blrb9++VQiRpoXCjtKlABT9nDtuJ1PqG0pvv5fc4GnXGj1Ek1nWIuVw92yk+gXzu61ztWC/dy1uK0SCe5Nw== processed in 242ms
[2026-08-24 03:40:09] [ERROR] [auth_service] Transaction payload payload_hash=EX7fmcvHAMmX1N60BRb2WpdDzXyENvJQb0KojR7ayG6jHz65VhzEhVLasKrI/IxZH3AozMpdzylvhvZ2oESIsQ== processed in 46ms
[2026-08-24 06:19:58] [DEBUG] [db_pool] Transaction payload payload_hash=4d/GKxk6xcSm6PVTquHYx2KK0xrXaPSiCwic9SrMFfluRY3+8Ko54I3Vy/Dr7xnr5iMfk5jhL7j9Zgo6Zw0xSA== processed in 190ms
[2026-08-24 10:03:51] [WARN] [payment_gateway] Transaction payload payload_hash=EMt7VOAm28aOKZrkmKX2ub2w1Jtxyo6WXL6go/nmBg5slWXms0QyN+ZHMHL5HlTlVbxsxh7REgJYxfLxxfTOAg== processed in 327ms
[2026-08-24 04:40:12] [ERROR] [auth_service] Transaction payload payload_hash=bfRqIVsJ3U+6ueotyTdIAhpWh/zFm61bpqMXJSBnR1poJiCQCoESSoti3i4jIVFTUDcGY6Z5N6gsB8w7GmKmow== processed in 40ms
[2026-08-24 05:27:43] [INFO] [auth_service] Transaction payload payload_hash=qQaOCNWSGkMqtQBTvjLZXsUjk5rjdEx6dgEqtyGggyNydekriZeNC7ds4TKDm4ELCReglQygtor/3T5C0rCdrA== processed in 60ms
[2026-08-24 04:38:46] [WARN] [db_pool] Transaction payload payload_hash=umG1B99yyWn/mZsm936xddQS+JK+afEywmDmG0YQxSwPeZitR6J4u5/yax6YYWcXucijk4ab1rLJdnVpTsrNzQ== processed in 163ms
[2026-08-24 04:31:20] [INFO] [auth_service] Transaction payload payload_hash=quQHIspiSR0WMfukSGGggKKVUNocycyloO89YRGYMf6+nOHkGx4btCnklQa8c7mNdhj6glzT6a1cioTZnom4EA== processed in 222ms
[2026-08-24 03:13:45] [ERROR] [auth_service] Transaction payload payload_hash=FHw4Pyx+DOTCvBw+GHZSQ4JrC6N6CedINMN/rYxfUPlDvSi9SJtRtxh/s/EmFxcJljUcukl7IZ4db/I/+Enycw== processed in 201ms
[2026-08-24 06:55:27] [DEBUG] [auth_service] Transaction payload payload_hash=RxnOsHjDFOl0oxbSQrcuW6gYOI4IonlMjdVFdEmqClsGik8ZpNitT+DToBLVd9Zju2S5M0OUMuxTndhrHclcJg== processed in 88ms
[2026-08-24 10:53:05] [WARN] [api_router] Transaction payload payload_hash=8ne5JJD3vRcvVzbsduByU8SAE2c0MnYLBMM0Si2GHKH6qVZQPnBYuCBHPlBzE4f96pCG+pjB9Vjb0C2m9dMu5g== processed in 400ms
[2026-08-24 04:26:33] [INFO] [auth_service] Transaction payload payload_hash=aigIFrWKxafOEKVMWNf4ucwW8M1kH3K/4jDAd4wUpuWTdHhOQTPzfrveRWA/POUt2ZFx8twSKv2ynVzmK/2Alg== processed in 310ms
[2026-08-24 09:03:49] [DEBUG] [cache_layer] Transaction payload payload_hash=R7dURHmfg7OyFPaYlptwpmJ6Y3NHMhTJrjsfH3Q5QMz4oeaVc5fs5VMHDkpedawZb75AP90vYzpFz0sqZ8yTdA== processed in 369ms
[2026-08-24 08:22:07] [ERROR] [db_pool] Transaction payload payload_hash=qmYuvJOvqsy5SoMPp/qTIgRmqOfrcK2nIFYDtxWMAIbuOtCfJ0OIt9Qv25K0VbrdaU4Ojn9/AoO56eksG1S+0w== processed in 80ms
[2026-08-24 09:37:20] [ERROR] [cache_layer] Transaction payload payload_hash=RzuO2hlblxyDcDmqS5Ew0LNImWm8hej1VIzQINNLYvnffp8xs/BagyP/9nShfjghuRT+FZZWFZXA3kQh716Jfw== processed in 14ms
[2026-08-24 07:19:16] [DEBUG] [db_pool] Transaction payload payload_hash=kPwYYgo4P36FwQTQy/I8xMyAwqX0gDVkd5QZ1R8iCVzr8PPVXu/b9cVIGOwaljtJ4o+leuJLizl94HA2hQPDTg== processed in 344ms
[2026-08-24 08:46:03] [DEBUG] [payment_gateway] Transaction payload payload_hash=Nq4rHgNdaqTGFQUDY3389vHKfhGISVA7PHofClOIEqsR3gFO6WBXwgCzdckHctxcb+vXdqtMFiMi6+q6fX3RRA== processed in 292ms
[2026-08-24 09:09:57] [WARN] [cache_layer] Transaction payload payload_hash=fWbyQqmfhQ7MqEzqcr+9kxG82PukB0vff6/sG2lrN7bmAM2LfHGlmsS9Aexy98jCjUarvIb671K0j/No/+pBnA== processed in 456ms
[2026-08-24 03:23:49] [INFO] [payment_gateway] Transaction payload payload_hash=k9wJfoGkq+b/EgAeWBEnQCuy+9faTfzTiduH8st5eQlQFOfcyoGq8Yqbc6I7+xYwUbQgiseWDm8cKDvJPCm2bQ== processed in 175ms
[2026-08-24 07:50:13] [DEBUG] [api_router] Transaction payload payload_hash=9MqK+EA4Po9CnlrvL0k3gi4J8bc4RJPQjc+Iqza1wIM1aCjBuCq9VqLYyL3wAT+S1g+P7I+Kcc++jOLE6g1/gg== processed in 254ms
[2026-08-24 02:49:11] [ERROR] [cache_layer] Transaction payload payload_hash=9xO3CCdR2MR8CyYNnPhCugR0Rctz69C+/vPF8HClGxHSmmbikmw2iWRA66HFUqAA2lpMq+kQZsKBRuDFi0Y+Eg== processed in 450ms
[2026-08-24 05:11:24] [DEBUG] [cache_layer] Transaction payload payload_hash=GIDFBclQWNRtcLEPKenq54xmboTFnbDwk6H2pNJnDXUabnccTqpu+1/d6QsSKbeKYUImhBtcD4LklvxtSEqZ3A== processed in 91ms
[2026-08-24 10:36:31] [INFO] [db_pool] Transaction payload payload_hash=V7PvtYdIvAh9k0W8RkSZ9cmnLH1IjUQU5T7g2J9HEkh9tYmDXCM8vaGt8ckqvZo9fF3nx2WzcThjWeDgtjtddA== processed in 305ms
[2026-08-24 11:18:30] [DEBUG] [db_pool] Transaction payload payload_hash=w8Mf0YPWKZOfgl0q0NWEJoU8fDFez+nmBj7P9nd9wLqMVpz2t6AaH/+KsmiMWFPadq1Rf8gtA/9PtYkXvC9lVw== processed in 262ms
[2026-08-24 04:03:46] [DEBUG] [db_pool] Transaction payload payload_hash=COeO+cL+Ewv5iUof7WvPXnIUOQwj9I3MKgrZZv+XKNagreQuRDowYB2XS17raLDw8iyq0sE/Egl80i+C2kiLlQ== processed in 422ms
[2026-08-24 09:33:32] [ERROR] [auth_service] Transaction payload payload_hash=it97dzo3+WjHYtWYJFQlZYdZohehgGpqzNSo/UUUiDfZ83y2EGXj8CZynO7cLzHXS4ZWnrb0RrlVfuLAs9GffA== processed in 125ms
[2026-08-24 09:04:29] [ERROR] [auth_service] Transaction payload payload_hash=7yoya2bl7ox7ytv7nn46hBteqwEyB35OYOrhFYEDWZSHYfLeYB8uhRUfIBp8oUhFmA48saYDqoRGxbc5RsJovw== processed in 499ms
[2026-08-24 06:16:19] [WARN] [db_pool] Transaction payload payload_hash=oJWlh0PvgslgaxYpBaHk7GQNNGg+5UYYX6o3uXcwm8NO9O6y0IjyNWvkZzGwoxaUikzn2YxXFXeNfN74NRQMIQ== processed in 11ms
[2026-08-24 02:53:23] [DEBUG] [db_pool] Transaction payload payload_hash=BAMU3V8BIjKl9jC5E12Pa+nGI8iwEVb0CoB0Ljr6txJUdWHST0wNFobSf1/U1g22KqtcUTkmtUY3Jh36RmzK1Q== processed in 94ms
[2026-08-24 03:44:39] [INFO] [db_pool] Transaction payload payload_hash=KcDwskqaCSY1tDneyN3x6jeto4OtJb2PhC0vp3DSyXAzCl2UGCUs+d9B+SqQ3bnZNhzWa7Q6hacS206C9lezaw== processed in 296ms
[2026-08-24 07:48:43] [DEBUG] [cache_layer] Transaction payload payload_hash=Vt0v49g3acikoEdaKJFWcMbIlLXipF6uBEqnn9IqZu6ToQHbwC70p+pZ+rZI2JpfLCd/gVt8l29tYD11MAVtug== processed in 233ms
[2026-08-24 03:43:05] [WARN] [auth_service] Transaction payload payload_hash=o8jZjQqrt+2J5sxNLQHQK8Cdvn+J/Co9gYnifeRezV64i75/ePz6s6ubTBzWhaWjfsVq5r9ZTAx4bv2rE1E53A== processed in 349ms
[2026-08-24 02:50:08] [INFO] [cache_layer] Transaction payload payload_hash=hcE4vBHSnu6m2Oxsf/MEZModDTIxSkEIGROFRVfLLpwGsh5m41Kkb7+J/sqNvmEGIbdpmHoBgbMDXwAaW5OhFQ== processed in 176ms
[2026-08-24 10:16:57] [DEBUG] [api_router] Transaction payload payload_hash=/cl/SMnkQVlvnKhhD09z7aT8qSqqOOemt+0gRgYp6YAIPhWgxLfQl+C2eDnfrvnG9JBpy0a68RUyaXg7eBpF3g== processed in 29ms
[2026-08-24 10:16:59] [WARN] [db_pool] Transaction payload payload_hash=AKdu9NtqO+UlBR4vgBMNR7niLyd9jEjaA5aFLdl27F8Id6ywkM9YX+uZOSvvKSGLdG9U/4e+jrg+90Qh/Jdfag== processed in 237ms
[2026-08-24 08:01:02] [ERROR] [api_router] Transaction payload payload_hash=xNghRLZ7VsY47KRS3Ql3i3aAJXCQOQ0LSbBs6j6A/1CZ+kyDQHvhqUab0CVxNSxTvUCDpftRj0adD6JPMCp8VQ== processed in 278ms
[2026-08-24 09:28:32] [INFO] [cache_layer] Transaction payload payload_hash=rSDUBpS/T6jAZw9POavt8RSS1EcSCT3bt/5oFv8NdX5Yz2H6a+UoKWVmDnOFykyzZArFVAWyCZ+I7D2lN6LmvQ== processed in 215ms
[2026-08-24 10:45:34] [DEBUG] [api_router] Transaction payload payload_hash=v3nZLdCXMIrskDe58gH89IJo741jU90szzb0Tib1iEUMYq8/403pSjaEQLzbOpO0X8jOlAkstri6rwVF9rG/0g== processed in 237ms
[2026-08-24 03:09:06] [INFO] [cache_layer] Transaction payload payload_hash=v462FiqviAT92xDonP1M6cqxCz7i2yl5sE//dqkhP36cxRAjhlIkx3yaVuKlGfvmxlZpG4YObEYQie8m345vUw== processed in 442ms
[2026-08-24 03:57:53] [ERROR] [db_pool] Transaction payload payload_hash=Cn8T9V3Jr7rZreRiEEUpg4HUpQ3f2+jeG3iAZmIS8LF0v64YBIDzkFNWf8lAatpvzEVcJ1h2q5ag4Mg8OJ5Y4Q== processed in 161ms
[2026-08-24 06:48:09] [ERROR] [payment_gateway] Transaction payload payload_hash=x7+3SnqneTgfHR9A67mnF20lrYGGF6w7onuCRSrSOiiKID8IRsEFD6syGLMcT9U9lb6ptnPGVaxybc9vRS2xJA== processed in 55ms
[2026-08-24 03:11:05] [ERROR] [db_pool] Transaction payload payload_hash=wXPLUIsUw0N7XsMPQ3DSGoEaSwDioontRRMuMEC3HFbShbtHdPeiYzl3iswr03UjA08sAEhbIqsQk5qZm0PBsw== processed in 487ms
[2026-08-24 05:52:30] [INFO] [api_router] Transaction payload payload_hash=NYqkMuYUxpeFs+tfDzeP7ea7bCqu7vhOB3O/ZRcn1Wr8tRSRPvWE/stdH6j70AIyU0X/fSrQm+jDMg49039j8Q== processed in 274ms
[2026-08-24 06:57:55] [WARN] [api_router] Transaction payload payload_hash=5hG8XQ639x6UvhA8ojQaW/W4wYcdmFdsoM7b/S217/R0sG81GZD/+1sIcgfpbuydy6WhOAfpzuUYE68BMFhROg== processed in 30ms
[2026-08-24 03:16:29] [INFO] [api_router] Transaction payload payload_hash=qqSScT2397b/ZjYhIgpLgWJ4Wo2kofA1ydpGkS+hvKTm1qHqd6FU1TyiMjokoovKl9GwI+FOUmMo5JzyCITbVQ== processed in 322ms
[2026-08-24 05:20:21] [DEBUG] [db_pool] Transaction payload payload_hash=kkSJLIgD27RbicAfUKGkgHhEQDl57qWloFfx6f9TRlkDeb/CXG4YUXq81VxSrbUdNVShnIJERUajQL0VRFXj9A== processed in 498ms
[2026-08-24 05:57:45] [INFO] [db_pool] Transaction payload payload_hash=llxr4/nNbR/DWteeG6kNb2dRX+/szbV+12Z+fVxeYV2UvlzKBNkyTrsl4L81TSAZueTnm5fd8P7v2RXhFT+eZw== processed in 486ms
[2026-08-24 02:59:50] [DEBUG] [api_router] Transaction payload payload_hash=Wwz5t0QiXdp06jHHO/GPungp6SHL4SZJK/2oIp0tYRUHOu2braPUkKQsb94kwvdQ9AEBlverq4MPEksNA7jJwg== processed in 265ms
[2026-08-24 03:17:07] [DEBUG] [api_router] Transaction payload payload_hash=JTasss0ZhcI5Hi6y+91l4zrXtAM545rmOY+Jn/3za5B3XqlhXGL4OdeqXhy1SpJm78UD15phD6TV6pbx+SXfnw== processed in 396ms
[2026-08-24 05:10:08] [WARN] [api_router] Transaction payload payload_hash=ETAQSUAJ9iTSk0uPf4n3D9Zq2n/O2tplnbZ5FDCwBodF2s/TFNiHa6oSDh10kP1dKWhUe7zmQ0bZjTSSxnbOrQ== processed in 36ms
[2026-08-24 07:36:16] [DEBUG] [db_pool] Transaction payload payload_hash=9VGomw1NXiKAP9a/f92l+JE5XcM4x8UrtT5Dxu9AzNExMOYYIRxOU2d/WNu9JNLsEiW6i2Aeo2mWfcUoegn2Lw== processed in 306ms
[2026-08-24 10:55:29] [ERROR] [cache_layer] Transaction payload payload_hash=C+HcquOJO6MCyFx/mr5/Rnl3gCJM9XNjNJYCyiECoVLWzKq/u0b6DWqNGvnENsH62rMxVVsZoonu4/oygy06kQ== processed in 104ms
[2026-08-24 04:50:10] [ERROR] [cache_layer] Transaction payload payload_hash=F1fAHsrn6SexW4Pl/jbaeU0d4xDvRIihqOEPLTAXl1N5rQdoKS7OZyoCn8gMSLxPta+9IaTw763wrG5I+zN+GA== processed in 13ms
[2026-08-24 11:20:56] [ERROR] [payment_gateway] Transaction payload payload_hash=n+Y83miDL4hCA482HVDHJAxF3VwYSOoEdebztvi/H3/SLz81PnPEcGgUP6x/dtp0STKUjt9NACQcAQIv+GzYCg== processed in 283ms
[2026-08-24 03:54:49] [DEBUG] [auth_service] Transaction payload payload_hash=GXrwL3MZbM1RRT4FR26zU1lZK+ffcEyd2llhQV8fQFXNklmWn33MHSP/xB6nSc15AL+/C93oz35K26XYFLu3uQ== processed in 247ms
[2026-08-24 02:59:41] [WARN] [cache_layer] Transaction payload payload_hash=vumgoo84vkO/JSFm232R8Ybg2vMyhola+wNEioD5zLKG2xWx41PJyiJUhSCJy3oX+fo+jTn5XLG4AsohS0V+QQ== processed in 417ms
[2026-08-24 03:46:37] [INFO] [api_router] Transaction payload payload_hash=SGHuZxNHkGDcke6PAHFeRRnGVEvMWNDiX+0kAkgf7hrgWSh6Q2P5TSWUQKSaBEotbrvD/j7T5PjRDukbk54Jzg== processed in 55ms
[2026-08-24 03:28:02] [INFO] [cache_layer] Transaction payload payload_hash=gSQPDEX1S/n+PL+G3ZFeBMu+FjcqxG915HD0db5aKF4/zIKgu1j4SzU4n0HOfDSlcpoKSznQfWNx5NLdFBQ+qw== processed in 362ms
[2026-08-24 11:20:31] [ERROR] [api_router] Transaction payload payload_hash=TZEeaVXpEaYcdu7qZfQdTqU21VGnRsUd1bXHUSih1DsOQoHA+dYOqUlb201D4mWU8PHiJkQwIOTZB3hg16Kqgg== processed in 491ms
[2026-08-24 09:17:44] [DEBUG] [auth_service] Transaction payload payload_hash=22AEAIxLZljhbF3pxWoqgJ425RnDZ8IhGJ2BaKtbPCjJvr0bVpsQfAqcKUjbSqkoP9j8O1YF88Pq4WyDjEFilQ== processed in 486ms
[2026-08-24 07:25:37] [ERROR] [auth_service] Transaction payload payload_hash=u5wXDYFR3CKA34NIx3btASLcnbkFMxOWO3Id4CX7ZhIb+b5kMocctdsUaPAFxOjilPkZAK8ImFFcyaxbtk5AGw== processed in 415ms
[2026-08-24 09:33:18] [DEBUG] [api_router] Transaction payload payload_hash=x+C8aBatdc8DJs82fkVIWFznrc4mP+EPHJKs6p3oBwTVUfz8rI2frOMhedCK28bIUzpQYn3IPeuF44juYc3pTg== processed in 460ms
[2026-08-24 06:26:05] [ERROR] [cache_layer] Transaction payload payload_hash=lYguaAjGzI2t2haykC80MQYHAU6rsb+VGg+BBGSau62frbz5cPhXYfwfOztLSEYB79Pw3B0zNUuO+sVYwYxFGQ== processed in 265ms
[2026-08-24 02:44:13] [WARN] [api_router] Transaction payload payload_hash=OI/ls0BW8GITcOe16v5oKBwax7UTJmhK2VYiV1JvhS2TbdPjFRiKqQyRRfVd1JC1dqJ0195apmQdt1K5aBE6dA== processed in 130ms
[2026-08-24 06:26:30] [ERROR] [db_pool] Transaction payload payload_hash=4YMD1JE29mmUact/ZThuGx86ihNwdM4HF5jkaGPwz1DPeXQCTSthsLllXC8SAXXnbpPwnUj4ZysDXX3+fjSzFA== processed in 357ms
[2026-08-24 02:45:36] [DEBUG] [cache_layer] Transaction payload payload_hash=jCd2GwIewyATAPVuyW+gPC+yxYuK9lHpAbgJF+InVFhu6nr53rTCX3zVlRezSB5SmTtA5vnRQw4ZAlwTeQ22Wg== processed in 75ms
[2026-08-24 06:54:23] [INFO] [cache_layer] Transaction payload payload_hash=Wmj4zvTYHwiFm6/TjnW7ZuSH8uiqbylmlAkFBtK9aXsqVVYwPpsGPBYzfFAMMsEX2Xyng1IESp+MCPPi7oqqNQ== processed in 86ms
[2026-08-24 03:27:04] [ERROR] [db_pool] Transaction payload payload_hash=qHQVNzqRGl9pjSO12Ztyseq9fX3O30GRo3M5I+gnFMjsnjim2GvHD9TcZuSfk9PvkvcpMR1Krip+hGewbMpKZA== processed in 195ms
[2026-08-24 07:07:06] [INFO] [cache_layer] Transaction payload payload_hash=Z0pTmVRtDC/jIlatoUoCH5MxHN3cQJ+2xoJDxVhJ+ErRBajXy8WkBe7k4j6HBR+3yvVwl3tcqCfglTE+1zjfow== processed in 159ms
[2026-08-24 05:10:03] [DEBUG] [auth_service] Transaction payload payload_hash=YKFuzmdsqlF79wBg09kx0UdGx+AGjWx4tykIELW/dUBlqI9nBTy9yydcPj8f8UhwFt1WMByXLblDWBGXQNQ6vA== processed in 168ms
[2026-08-24 07:35:41] [INFO] [payment_gateway] Transaction payload payload_hash=OSEeeUifI/UOSR1U4t9lNRGqNzU2lmu1E1yHmpMpd17rmT+43ZoeIyY7Z2v+tMeM1Rg29euNvedeaMvKmKcUfA== processed in 427ms
[2026-08-24 07:39:11] [ERROR] [db_pool] Transaction payload payload_hash=YkXKaCa8+ixcT5XUbUnq0RnaOUqGrMqSxihrtOJV2A6nXze2zLbLqi0Xgxo3FwhgGLZxLpJrwMh8mPrD8IvzVw== processed in 70ms
[2026-08-24 10:25:06] [DEBUG] [db_pool] Transaction payload payload_hash=/I7wDQ0ghO/7Ipc+zQ5O1G7my5e/uWfCAF7RAt7RhrBQYrMs21myLj/br4D48nvoQwSJVsTifx9BaU7uWoI74A== processed in 117ms
[2026-08-24 07:57:51] [DEBUG] [cache_layer] Transaction payload payload_hash=J8jCd3tOeBf96mXnJoWjzCL6ZawE9jm/AGonLcarTVit0CTL1QrBzpHKlBX71nvRLITdVUPTaSO9CkNWJQwDVg== processed in 372ms
[2026-08-24 07:14:54] [INFO] [db_pool] Transaction payload payload_hash=a5oTxahDsWj3zT5msn5cICjtU9bb6Cf4zMkENX3VuYJh09QK93FL8pV8C3dSlF9T6BCzBfttdms0todJT4AwuA== processed in 311ms
[2026-08-24 11:18:04] [DEBUG] [db_pool] Transaction payload payload_hash=xhbN4iuhTUPIlihmXN2craXPmfyCxEUU2jLbQWkixLW/XASvP8d9cLZ6LHtyNDSfV09yoEhYiOtGISlyM6BtIQ== processed in 209ms
[2026-08-24 07:07:27] [DEBUG] [auth_service] Transaction payload payload_hash=Lai3Y+hGr0As90SL3RF/8wGBtT0KWsLG/7589DbsU4f4AxaRJ2i/KgxSI/1kPEo2Em6W+JXCJ6Cqiwwn/EDp6g== processed in 442ms
[2026-08-24 10:50:59] [DEBUG] [payment_gateway] Transaction payload payload_hash=0gHWUurtrSXkHZJeTavhFtW/X57WanhLsUrYiT7apPkEFqSV8EBGMrsvK9SAfVSrsUoliwhfpBT70FG5GZJKLQ== processed in 179ms
[2026-08-24 08:14:57] [WARN] [db_pool] Transaction payload payload_hash=Efrz8Frj56xvQb/jMPdBIhRPWCYzZoHrMZIVaSwq+s9RebmWpqco+f9bEq2HW1q14IdJcJoyIkyAyXKrYuqH/A== processed in 303ms
[2026-08-24 05:07:31] [WARN] [auth_service] Transaction payload payload_hash=B4ekMd1PNoDHqF9aHD65qlAFbU6NeFRma24AADM/PRU6rEuJjSftF4DxGIyraNbt7wrbiK+GREQHkh7/FysBzw== processed in 165ms
[2026-08-24 06:12:27] [DEBUG] [cache_layer] Transaction payload payload_hash=2xxnLbOQVquzPYn7y+hAMWvZxUQHaFpu18Me+nw2NgigWUXICeMKK8A9bDamieSbovtDVRlLtAiyNFkEnVzSXg== processed in 272ms
[2026-08-24 04:20:10] [DEBUG] [cache_layer] Transaction payload payload_hash=pf77e2lU0b9MI86kOl61aJD4Mt8K4H6RtiuqN09nNr6ZWf1RIZ/LLGce9L89tbbGQLVmJ9piNQ29HsWuzkpl8Q== processed in 233ms
[2026-08-24 04:58:33] [DEBUG] [db_pool] Transaction payload payload_hash=18tS8zEufn/PYMFkocid6w69aw0soOmYuOKs0sIQPih/ludeyGQZXOR6IsiaLPXyNaobUXLuG3XdVYcPqXFx6g== processed in 121ms
[2026-08-24 02:49:47] [ERROR] [payment_gateway] Transaction payload payload_hash=c8LvJvFU1S5+YFoQcfWkG1ZDtl3d1jLaIG6ubYg4p0WeoJk3ebk18pSRAstZrq0owgaJ9LeDji76pNUNgBrg8g== processed in 145ms
[2026-08-24 06:22:32] [ERROR] [auth_service] Transaction payload payload_hash=DzL5wqTOc1jz1ANHtQwin1g5fYpmcLGQ0SPAkjyptPqPa/eCcJ/9TtkFMiCrZon1PwCZrVErr8vaZ9oM61uUng== processed in 466ms
[2026-08-24 04:12:50] [DEBUG] [api_router] Transaction payload payload_hash=58jrP5IMBoFP/gHsPmLsjVxbx4p+CU5dWlhlqZeckUjxgBpTF86ljnkV5tJLpl/QZJdyGT+qFDqYFhRTRny5LQ== processed in 227ms
[2026-08-24 07:32:22] [ERROR] [cache_layer] Transaction payload payload_hash=e/Jggoi43U0d+N2eSa/9z8mJt/+gHrRLdgOO2foUz5/SGBSvENPzIoysz7C7txYCl5pl4CVSOkejsbTyAkK/WA== processed in 147ms
[2026-08-24 09:11:39] [ERROR] [api_router] Transaction payload payload_hash=lUoy28J40MZeb5An9mGUHFiyapkTSbdHZctCjweCWY9W5Sw7twaB1HF3Jn4o3ZUYmZ5mYoJQyXsdZXqtn7jfgw== processed in 213ms
[2026-08-24 03:57:49] [ERROR] [payment_gateway] Transaction payload payload_hash=TsztCyw0Nt9ZdQpcrO9KT67wtBENLS/y+zy6G9XRwXnR3A+rufC5epwf9MsJAhoVwj3Z03ulDTvf32JNZJY7Lw== processed in 190ms
[2026-08-24 05:00:47] [INFO] [api_router] Transaction payload payload_hash=O+pQLBFW4A8r2udjGdwu+ZkUOo89WU1oGqIqxWiVLy2GoOZX4yRkbG6urM1FA9WszShejoZoe54CgP5G70IO9Q== processed in 80ms
[2026-08-24 02:44:28] [INFO] [db_pool] Transaction payload payload_hash=6vrcjc7oOI+Yvi1/q/u2m9lFksUQwEtQ6HraWY5jmhV8deX8R2K2NqteDc738671iz8Mr5QlMOhJC4DfvZEhdw== processed in 189ms
[2026-08-24 02:45:52] [ERROR] [api_router] Transaction payload payload_hash=R7Y/lRyrVNv2cJ4JtIG3iYOBE2ewvRLKMXfzVjQGdLIkknuC1vMbo4y7kb/no1LGiGUxEWP4AXnPaplmTIqSOg== processed in 352ms
[2026-08-24 07:11:59] [WARN] [cache_layer] Transaction payload payload_hash=gmhPS6k8TJ3+g+0tGC6fF6IkY+SYi2qrVi6mDt1zqdlZ0zcPQYjheEklGa4yp0xAhYt0V4HkcJ4/NRp3hLdifQ== processed in 359ms
[2026-08-24 04:15:14] [DEBUG] [db_pool] Transaction payload payload_hash=EKBan0+eBIoPqD4vtAuRMj6t9t6UAis35XGykVgtacHOI3mlAANaDfFi5Lu/SRjrU9zKPDcTz6GYzc3ccsbbVg== processed in 363ms
[2026-08-24 02:21:59] [ERROR] [payment_gateway] Transaction payload payload_hash=NCZK4s/5tkaGKE6ct84fJmkQ6OXnhJ499wrwP5vreQ9FfVzHQPCSrQSNQSdumBkL8JTlRXoIqqqfM+zr+h9+og== processed in 12ms
[2026-08-24 05:19:37] [WARN] [cache_layer] Transaction payload payload_hash=Fs90RX/IZthGpBC83n+1FzESOxgkCMqs51QDjr+6DC7WFvS1hZszfWdhOIZsNWffcO5JJMe3YS4cc+4VX+75NQ== processed in 123ms
[2026-08-24 08:17:15] [ERROR] [auth_service] Transaction payload payload_hash=U37/xV5UWyL6nQaeKa3xGzAEhWmJ8acPvJMux+4a84I/XIqhtq9NZBC3NG3UtTgP5mxrMteTE71yC2xSVJhdCQ== processed in 123ms
[2026-08-24 02:40:07] [INFO] [api_router] Transaction payload payload_hash=u+I3BLdWBMuHfOVqWKLln0pQAFd9SLBl0bgbcIqw44UnjlvWkWaZxhZXBLojcx460vInZGa/JQw1jcjcgn04vA== processed in 472ms
[2026-08-24 06:44:54] [DEBUG] [cache_layer] Transaction payload payload_hash=r68RiT/go0ZbTYaF881Ty3/wRIJsehKogJvSe58jLkOjNESIpiJq9YmtHf6zq/5/WL1pwI2hPP7nsIAcideSzQ== processed in 268ms
[2026-08-24 10:39:47] [INFO] [db_pool] Transaction payload payload_hash=v2QaSwyt/TMRGmBsb2lCkYrc5usD3EX0/lZxzBMtVCVilI5Tr97D2DZA8mhKyEpkbkAYLdWM8j8FDKgqMosIHg== processed in 36ms
[2026-08-24 09:19:29] [ERROR] [api_router] Transaction payload payload_hash=6zBN8ZaFz+tkxqjHNZ6DxFfhgwEW2yESB7/atHqSbenud5M3jGkDpfGQdhWrvYGwuI8vbtmygINBgL3SOpn0vQ== processed in 409ms
[2026-08-24 10:23:08] [INFO] [payment_gateway] Transaction payload payload_hash=sLxoQsFCPCFWrHGaCYLuPjiFxXLoowiwPtvzsXR33M5+gfigq5t9uU6JuCfr2LZVpuO/Nuf+iutc4ugNjiduMA== processed in 33ms
[2026-08-24 06:23:28] [WARN] [payment_gateway] Transaction payload payload_hash=bPRNGyaneqC8OvT2YEsctQB7FfmVytPw2Gri0EimJrM1l1EZkNgp0H0XXauP4oWZ09Yesd5BqTo1hR926L045g== processed in 438ms
[2026-08-24 08:49:57] [DEBUG] [payment_gateway] Transaction payload payload_hash=ZV3aiZWudKSDLm4L+0Jr0hTDHqUh67itGOdSFahzhnMPTcHHC6fM4Rpn7kodyr7z2EMQdl6vph6Xbl8V0Rchpg== processed in 62ms
[2026-08-24 04:43:59] [DEBUG] [api_router] Transaction payload payload_hash=8gIu77Uc3zq8WfcA0CNL/pEJ2MwQ8Yg2X5fXiNa21PHLlIA44ibAP83Jf6vafSaI8Sa4uj/RHWMr1MaUjuMngw== processed in 339ms
[2026-08-24 10:12:00] [ERROR] [auth_service] Transaction payload payload_hash=Px56oeYx3qujmHKqhrFi9axp91GKjMO+beq8qTxA/vLBd55BUZcfzO/FGInB4pMFKZMkhkqEhs7AyfSHQm9D+w== processed in 341ms
[2026-08-24 11:20:40] [ERROR] [db_pool] Transaction payload payload_hash=S2KhFfTl+M3U6FR5h+AB23peel7rzgrjeN4fUHZAjcFMT53lpF2wfTU3aImz5Fj44x2miI/ahcx0tdhoBrAkdw== processed in 367ms
[2026-08-24 06:36:49] [DEBUG] [api_router] Transaction payload payload_hash=vW+UC7dKqEUb741oOlHoN8HUGKONDLIBTRpUNP7nrf+xc/Rwmz0QhWUArhGxlNHXLYg/xL2P7fRlO2oUHdYJtA== processed in 258ms
[2026-08-24 07:38:06] [WARN] [api_router] Transaction payload payload_hash=wSBLL39vRGltC7fBb3tX3kLVdftEKBckGIktbnEKA51OQYUH3Eql6yyN2QbUZj/Rj8qGugv9d29ewY7wYAup7Q== processed in 360ms
[2026-08-24 09:29:07] [INFO] [api_router] Transaction payload payload_hash=dHFQfwI3u7WidPpQzgu/ExNRHqPv8bGX7j6XMmdye1bvW7aRZZZLdmV3eIKmzzl1CdMNzHFm1ulK+0zukw2YBQ== processed in 183ms
[2026-08-24 10:37:01] [WARN] [db_pool] Transaction payload payload_hash=mXsholgDaA419dKwmpCGwGBjRwHWgWp6MSbrdAJ8V5Clt3gdXli44HXUbz8Wb2RIUYkrf55qZoE4gKT8mN5xWQ== processed in 152ms
[2026-08-24 08:02:19] [INFO] [auth_service] Transaction payload payload_hash=4qgeZHNrhaims4UNFvP1BR9GtPVZIxfF4JDEQH0hqTXvgepDEhnNBB3By5gAD2EHo8P3vWnBsooAcJhhZq1f0g== processed in 173ms
[2026-08-24 11:19:26] [INFO] [auth_service] Transaction payload payload_hash=NbPFdw3RpnxT92eEJqq6KYbkNJHsxfrGdeVtExBP6ADpTS6KHPyIJ0m8N6Px42BzTsxiQuyyfBegcTR0gdeoMA== processed in 280ms
[2026-08-24 10:20:40] [ERROR] [auth_service] Transaction payload payload_hash=lOuS/htgdDawY4lPvOaerR031HMtz2dsvjopCrtgLIqTqKNs4TNCDQQz3yc9665D+WxecgUq4mODauGSAZchrw== processed in 140ms
[2026-08-24 08:00:51] [INFO] [api_router] Transaction payload payload_hash=NaqmYeP/l6R9KLCmJhqYqBKdDu8rdnWkVhofQSNN6q0SRY6d/0DCA5NL+499U2c0S3Fquo5SGkd9XLzqOPEQcw== processed in 87ms
[2026-08-24 02:21:25] [ERROR] [payment_gateway] Transaction payload payload_hash=OTJtyWuvhyWpeOarp00XmwMyeLdSZ0Y2c4jq4s1uTv1r5Gh2ITIIGnIknwwqPhS4ybDum5PlaMcZUlvHI08H0w== processed in 10ms
[2026-08-24 06:48:42] [INFO] [cache_layer] Transaction payload payload_hash=jMz1oC6kWOdckMtyi10nbPhfWZlDLbLcMIJGWsONJafaFjSnfWQXzGapWS4fe9vYtafzXLtBXIsk4kNcaO1thw== processed in 257ms
[2026-08-24 07:58:43] [DEBUG] [api_router] Transaction payload payload_hash=QwF5YCw/eiYCPmbZkEAVxCCt+51Xn33QFeO9HPHUmEw1BhMBAxpW8ZLJLjZeWraAxPFqEwevNERJBpBkZHU3/g== processed in 478ms
[2026-08-24 10:18:51] [ERROR] [api_router] Transaction payload payload_hash=Pz12/kG3X2697YP8v4Nuo1fbH7FNXbWNaRTssHgqDjF0jneZfMp2KwQpDbodtdgaZey3Kz1e+mER3qhevrAosA== processed in 292ms
[2026-08-24 10:39:25] [DEBUG] [api_router] Transaction payload payload_hash=QL6wwQlfj1B54SvO/NxmlBFYVCCCVE2O909heFEROdbhwuX44gGc+W7RXI8iu+pyl4Oh7x8BHiBtXmfCB7/R1Q== processed in 143ms
[2026-08-24 05:54:55] [INFO] [payment_gateway] Transaction payload payload_hash=qoImTBwNyk7O3KNy+pilDtGM9ndNCf7FrtTahxzZTAWTRqv+5kJuKkeMjz6KSsUTs9vcuo2YN4Fb+hvSCZDFpg== processed in 14ms
[2026-08-24 05:03:41] [ERROR] [payment_gateway] Transaction payload payload_hash=FILa2FKB9D2cC/j4zCtH7Iqhg+B1wnVk+R6aLWg6bqK4xvTBhV/LGlFh3loXdlvERv9e206yl/pS/OdyyLUt2Q== processed in 186ms
[2026-08-24 06:58:03] [INFO] [api_router] Transaction payload payload_hash=ghHPkOZtQP8FUf15+Wc+8SIAD0KwbJg5kT8HlNhTi7HDv2ip8S061ztXvU+ZVCB56dDdCS0NP3n+THEH8k43bg== processed in 351ms
[2026-08-24 02:54:48] [ERROR] [db_pool] Transaction payload payload_hash=Arou1PZMopGFAt1Eun97ZnsP/h8TEia9vF3Y5kASjJPzkJ62AEpDK5t2uMs6QOuJzzI27XUBBjzRye3plPKfnA== processed in 466ms
[2026-08-24 04:47:35] [ERROR] [payment_gateway] Transaction payload payload_hash=0WAVstq/JcFGphhBrxMbGW6oySdwneT21Hjokp2i445H0Gqg7V0AX/sgVPummASGDim5cVbxXwIYu7jF2miJjA== processed in 497ms
[2026-08-24 09:42:48] [ERROR] [payment_gateway] Transaction payload payload_hash=2RzsnDzzAVIJchLbmxo8fcf1cHjSEfFfMHkZ6xcI24Q9I6XowH3r713+/fBBtFfkYwzvYihsrKQQDKDCrQaCQw== processed in 333ms
[2026-08-24 10:35:58] [INFO] [db_pool] Transaction payload payload_hash=7xzRIHG2ddw3BmhPiJjdVe0M8BghsFy24seHqmPq9OQpXG8CnG9N96nCnGgqa/RLwNIdN1jO86lr7cZXD2sjAQ== processed in 343ms
[2026-08-24 08:55:34] [INFO] [payment_gateway] Transaction payload payload_hash=yrL9ClzXSUI1tqaAQNrqcI9RY4n7gfcjY0xjp0muUHIg4RPV0QeEbT7OJYZYpaiW/nQLNI+d8WYrqN/L5XjM8g== processed in 196ms
[2026-08-24 04:55:14] [INFO] [api_router] Transaction payload payload_hash=xLNG4Grykt7yR84/r+XCTkV6Jo//JE7w2NGT1E6qeFvC9EkM+n8fYL9aKEkbbXMMVGgqI7DTm09K3yFb8YfVNQ== processed in 432ms
[2026-08-24 09:39:29] [ERROR] [api_router] Transaction payload payload_hash=YKJij84chQzHCIJKHfSB113S6SAYtQgQftSvC2jLpWPIHalK/+dZyyebNStLXUZ02UP/zreB+TiiEyfNrz9/nw== processed in 308ms
[2026-08-24 07:11:44] [DEBUG] [auth_service] Transaction payload payload_hash=HBawbKwIhZOQXskJS7nf4zpwUSKDvcrF1yvJwlHlp047p2T9MDxbaq15uQci0mYMmjBlwp0FsrTxPijeAnQP4A== processed in 99ms
[2026-08-24 10:31:13] [DEBUG] [api_router] Transaction payload payload_hash=MpU0FXs1EFOnwOg4HjUIqi3/zQKifxgeFRm/bSJk7Om6YmNQH1pYK6LtZQr3wJcoNssSYh6+Ecd80OVyiXGU+g== processed in 272ms
[2026-08-24 02:35:46] [ERROR] [payment_gateway] Transaction payload payload_hash=Htuo0wQy984psYa4rbDl5UBOrifanmg003gGhCgs6PracehPRhnIW/lLn+O0tcbcSCRP5Kkf9LsnrFMA89Ks7g== processed in 343ms
[2026-08-24 11:19:39] [WARN] [payment_gateway] Transaction payload payload_hash=sSzwaEzQECGurJDPxRTR1hpG7C29PPVFYm952jWTgCLP2TrJNbZmnHe+GE0qSiFaz/cI1cGF0AENp4xBnc6ltg== processed in 300ms
[2026-08-24 05:18:14] [ERROR] [db_pool] Transaction payload payload_hash=gwz8kYKNWypf+HtuKfWR3++16gSRubwcEIjLydEnQRN3WjMmEroW4DSVyq2U+yEN+xaSwmIgja1x85JP6Snocw== processed in 446ms
[2026-08-24 03:17:42] [WARN] [payment_gateway] Transaction payload payload_hash=rlOhntuFkkJs64prUnP63zTX3cebEcFrFm/qtDIIhxT8gqnDxcMBR+ICkwXgULG4928md43W3u57piJtCKlcJQ== processed in 320ms
[2026-08-24 06:04:56] [INFO] [db_pool] Transaction payload payload_hash=8fM+47+xtqDe1WwxzWrV80bu/nwEpVL/wp4Z2hyESO1bNph3QrnAlYpbCjzHXsror7aqXBm8qyeVqXthxYFTqg== processed in 32ms
[2026-08-24 08:20:05] [WARN] [payment_gateway] Transaction payload payload_hash=HQcc/Ft+I7bpm+iQdx2Y0yZJWgy05cyJjHDOCphVrR6bEyTl27AYpfUeBuUOsJdgUYk1qll2CRF3qxuqH8EBTA== processed in 85ms
[2026-08-24 10:38:03] [INFO] [payment_gateway] Transaction payload payload_hash=XUkui6XHDdNCApKz92xpLc3jJe6+VWfjrA5rEFDrSThuRkHONK+0MJDhFLv4JzBUf6iD7nYAHIap8d7rloWbkQ== processed in 489ms
[2026-08-24 08:27:45] [ERROR] [auth_service] Transaction payload payload_hash=9Pk3H49QSoZZFpYujB5lMhHYhcYu2knJMZ7FE4L2LNuWIZohduk+nclb5rvx6bj2CjwbtuaVEcm4oKVEnPL6Nw== processed in 154ms
[2026-08-24 06:25:48] [DEBUG] [api_router] Transaction payload payload_hash=YMIoCJqLcabJQHElUC30srEqapugke3PT7GTR1cSsXZ0GPyBIsfaeuFi1zYfMku9vnXPHeRFDLZaUP+Ckd+Oyg== processed in 148ms
[2026-08-24 03:04:36] [ERROR] [cache_layer] Transaction payload payload_hash=l1xB9VEsL4xZX3TXhfD8OIHp0PwycTNbJG22t1MNxjPCzN6aCTkFtq3t+Ia3fUocIc7U5nHs8WZ4g+WEiaUTvQ== processed in 143ms
[2026-08-24 05:41:50] [DEBUG] [db_pool] Transaction payload payload_hash=h0PjU0cojw4eQCo2d90L96a+x/vDxGAI9QLWrncHcBssWqaCo5vfHTfAG7mK0oUep01DWI9YKNoTjuE7AdSb0w== processed in 54ms
[2026-08-24 11:17:59] [WARN] [db_pool] Transaction payload payload_hash=0cc5ZvvZKWLL9uKS8pwxT9cG0lZQqdV6SRKZ/FGe8Jm5OkYTCtHa16Ce7mOQEjsDX7EL8sBOIEiBWbet6zk4vw== processed in 297ms
[2026-08-24 11:16:16] [INFO] [payment_gateway] Transaction payload payload_hash=6D3EJOq1ZOoiT0VNwFB+5yRq/RCB1SMgNjvBvvjGJapohqLOneGVHbcT6JZDp0MRa3vNSqBEIR524il2HKHNtA== processed in 249ms
[2026-08-24 05:47:29] [INFO] [api_router] Transaction payload payload_hash=rGCCRFvK/LzjYS7HoK9wHaQLCtBDtj3j/o919s+eJI2M0E9o//L66gZxrH78EQLFm+2Knwk+Alh9lenRMFh8mA== processed in 232ms
[2026-08-24 07:03:30] [DEBUG] [db_pool] Transaction payload payload_hash=civkyEZ0IHfD6bB5Tjh8ddtFJBHNzcxQzIVZfTRMuw4Si0qn/cyc4FSpbfrQE7xZKhRNIKj0cbsqMsV35ZcRHg== processed in 213ms
[2026-08-24 10:29:08] [ERROR] [api_router] Transaction payload payload_hash=7SDhDUiWISMzcsmMAXTvZcAouhXtDKwzI6DBK6TnLTKVb5gpePgvF9JpafL88l0xFpZhDRxqe/smUnQ1KRNjmg== processed in 41ms
[2026-08-24 09:52:45] [INFO] [db_pool] Transaction payload payload_hash=BjvM4KIhVlmeq/TgFJadwoZHZrs+KUakb24/zBrnVRSw+87pQEMUC+SQRhMghfZxgR/W9V6ndA3s84MU1JeAnQ== processed in 175ms
[2026-08-24 09:36:39] [INFO] [payment_gateway] Transaction payload payload_hash=pH0oB+4WENW+GSTDZvBCNOaA2DORMhxjWv12QdJNs8BnKvNzXmn6DGSz+VHRlOaAPSMgM6wch6/zai9V+N6MVQ== processed in 66ms
[2026-08-24 10:50:02] [WARN] [cache_layer] Transaction payload payload_hash=IUn5ZaNi6mzogRidNA3Ib206gSXYVPNbbHSdgB0nfRuuDz1hJ8eJ1kenP0Rew1K6Uy4xW8Yw5U8ETt0NsuZ4cA== processed in 219ms
[2026-08-24 10:08:50] [WARN] [api_router] Transaction payload payload_hash=O6AKz5FhhiwboSctGhjOGmzYU6uGzyu+jM0eJ8BqRTniu54pmsyHtX3jVmvBLfFOIgIsDB5VZGmpnWm+yTwdzw== processed in 308ms
[2026-08-24 10:22:11] [ERROR] [payment_gateway] Transaction payload payload_hash=Z+TqNjvFrgjO4jibabDQFiel2scddY3s0KRST3O5nIqao8oErPje4KQD29ehud/qRfJc0456OBAN8cITdR1iew== processed in 222ms
[2026-08-24 07:14:20] [DEBUG] [payment_gateway] Transaction payload payload_hash=HJMrmkphOyff46t2CJNBEXHT7t6aGazqEkRALv+Xj9E8E/C10LXfqgpzhxz5XrFxX5J/2OlxRGa0u3alPUrvZA== processed in 441ms
[2026-08-24 10:33:30] [WARN] [api_router] Transaction payload payload_hash=3MW7j6z1TFIv/pxw6rqQ936FiZbtSYD7SxB82Zj+AmmARZl2zRNx+NuRr3xdmcXSx+ZSexsQTUkFsiYwkHxlFA== processed in 1ms
[2026-08-24 02:34:06] [ERROR] [payment_gateway] Transaction payload payload_hash=6gATqKKBPH2U9AP2h5Af2BZS0ZmGTEzcLU223Qg7LXZiQdnI88YfbETyCFqQvr0vgyD+zzLqXCO/NUKM54yRsw== processed in 298ms
[2026-08-24 08:57:56] [INFO] [api_router] Transaction payload payload_hash=jKUdxi9q2MHxGf0lsfwshu7nOxc4YGvNtzf6eolFQ6cIjdsmSd4kfB1MXp482SOgi6+vooISAJf5P8tlr+5qYw== processed in 400ms
[2026-08-24 05:48:51] [INFO] [api_router] Transaction payload payload_hash=T9/c1a0KSVgd8i/2Q+g20ySyo6rhPEtYoKD1mTUJnZEy9STVVriBoi718DyOZYca9Mg58SJtm+e5fasp0z4ZHQ== processed in 182ms
[2026-08-24 06:26:15] [INFO] [db_pool] Transaction payload payload_hash=zFZdeOqxN0IeHt+CntX3+6dH78pTn5S4syiAap/ZFdbg+L+PiOoFq/8H3kmYnTsrMWqCqJoM8ftKehDJbmjGSQ== processed in 106ms
[2026-08-24 04:30:45] [INFO] [cache_layer] Transaction payload payload_hash=wcyWdy7B66Y2heIZvNLhEwDBUyWZ/UIrS3TNkkWcyrJlJlsiAWKWTgt4bP2k+xmXqs2uzGCDGTDiD2P0D6cl5w== processed in 431ms
[2026-08-24 07:35:55] [INFO] [api_router] Transaction payload payload_hash=z3wooGEOgVjah+d5cR5axl67gmSxFS7eJl7+MbiVmA5rUwIJxOmu/i7Nw7KKZZ5ASKukX2nMsxze0kV54VGnag== processed in 301ms
[2026-08-24 06:18:07] [WARN] [auth_service] Transaction payload payload_hash=3R4HuOagzhm/YphsIuRmrQmYBreSll7mRHiCdOsj2Ygo1vjpZn+JLSOB7xxLpGys23O8DUW9iccdGUJyPryhHQ== processed in 221ms
[2026-08-24 08:57:43] [DEBUG] [payment_gateway] Transaction payload payload_hash=iEKNVg5Rat9/VI9uWGReSb54Z3LSS6UcRBs1DZp+SQP+UEe8pvS3SM6yOJkONyKAiv+fe1HWBFWOf+Cm77aDQg== processed in 109ms
[2026-08-24 10:47:16] [INFO] [api_router] Transaction payload payload_hash=dvMGD/TQL0o9/b4mu3FO9bg9SM5WGAwIQcKT1u624Z4OCgDt/tr1P2lwQRSXz5jREzMGvUIptu3QJkTigSxvnA== processed in 196ms
[2026-08-24 09:16:38] [ERROR] [payment_gateway] Transaction payload payload_hash=oglEpoCVT/tXg+ehsphfYe+E8JGadFweQnQITsBMOupMxFq8T3DjpTMMdiSarzqNDkbTJw07HKoARXyMB+vkFw== processed in 154ms
[2026-08-24 02:30:59] [INFO] [auth_service] Transaction payload payload_hash=Pe84GC3w4Sk5ZFB49K0fWCbUq1OlBpsZiDoTqB8nBzmx28DIiCvu8Nn2CdgO73zojDcHLXNrLnmiO+ZGUFiOwQ== processed in 373ms
[2026-08-24 04:43:14] [WARN] [payment_gateway] Transaction payload payload_hash=76aR+F2j1wqbN+cIdFc48oU99gScex+mOiiPwIP9QyO6Da22363I5wcKSKubWqrORXy2p2iXCpvqyQ6X/rPIAg== processed in 321ms
[2026-08-24 04:11:49] [WARN] [payment_gateway] Transaction payload payload_hash=ZgXKFzAbrPQH70+fpf+njvfZgg2NTu9sR0Qtx3LIbtx1HAs0V9hcBXMF7ZSPfULKixOLEf8Nn6CDtZWH52i5Sg== processed in 205ms
[2026-08-24 06:31:13] [DEBUG] [auth_service] Transaction payload payload_hash=+P9TOuuqphbZBLzaSXcvUfrqo7xrNx7MxaPeVnuJSyvAw8UKS6nLJ56wPcP3tqYewlnX5/c9R4KM9YGO07QQhA== processed in 137ms
[2026-08-24 04:55:39] [WARN] [db_pool] Transaction payload payload_hash=OGjyZ+NTXQ9KnEnaYnL38AIETYscde0/c/fVwscMuF9GcrlHflEzwgT5TfB9CpXwqXCBl2YpgoDoMZ/g3mYUZQ== processed in 254ms
[2026-08-24 06:30:55] [WARN] [cache_layer] Transaction payload payload_hash=5/Cl1Dt9m727G258H7/iIb7jwMVeq21SRa5ZzYwHLbXujutqJmKqCty2sY7GAgQasiU7x3nATnuiOLrbLIctJA== processed in 334ms
[2026-08-24 09:00:38] [WARN] [api_router] Transaction payload payload_hash=1dJD6IhOEYEJDfrq01n2wKJiYiGH8xqpRz27VJXUp8LTMPOo0drOHyz6EqKqqd09YlMa5pjClLkgYnvmy88oMQ== processed in 214ms
[2026-08-24 02:21:50] [WARN] [cache_layer] Transaction payload payload_hash=P5x2vrysv9pk/55ZLpDoIfL5pm0A6hrM1saqtnKEpSjADzK8XiGFe1Ol6oUCQQaY3wZIbUKTQFpOG0LVCD8WaA== processed in 336ms
[2026-08-24 02:48:41] [WARN] [cache_layer] Transaction payload payload_hash=W6ABdhniOx79bkpt+BQCI7qb+4n6ONAaoQepTezs92rjgwiKq8OyVZCcWypzXPVuLou+DrlfSBo/Jw1T7QLBQQ== processed in 135ms
[2026-08-24 02:45:42] [ERROR] [api_router] Transaction payload payload_hash=RfDxSYEp4g8/9mXIn4YWlh0mZjrrJwOjvIkfwiJGxH0kL6bmHSJw4XCA7kDpYdOPo965vcfg/3RIxnpnAD8mpA== processed in 1ms
[2026-08-24 10:44:55] [WARN] [payment_gateway] Transaction payload payload_hash=JDsXOFVORqyIWRffI9SC0+SdGzsk3Sd8B+0Kgz75KqWO69a6b43P6OX7s0AsRYkF9PBCQR8kbxtjhdjbOJyleQ== processed in 468ms
[2026-08-24 10:33:20] [WARN] [db_pool] Transaction payload payload_hash=pAz1sPn9y+TEPCTwbIb/++F5CQcQwDUlbr5EP15O5UTtoyr5EB4hz0WRr7fMYq8FN08gzQA94cTBO9KHuhwm4Q== processed in 16ms
[2026-08-24 08:25:28] [ERROR] [api_router] Transaction payload payload_hash=vNKaIeTzSiBTxO6uAlMa9a/MRpgihprQQRR/A71AbaUXwl7cEagVhsotp0Ldj/EKoqaR/GZIXNYR9mJop6EM6A== processed in 297ms
