[2026-08-24 11:10:27] [WARN] [auth_service] Transaction payload payload_hash=ykrco+Ai7MxrBaj8TB5K1L8y2eWf9a9vqRAydfrPjB/tRnNz65p6Jgfm0tSPSo4hATcgOGkd1JUfi3ip2jO7sA== processed in 120ms
[2026-08-24 11:06:05] [ERROR] [payment_gateway] Transaction payload payload_hash=lslscBK+W6gKdB4lNMtociLz47Dft/OfhdmxcKldQqP256UZCdiVibyYJnWj8BwVfvSc+AJW9QEoI9igf5z6nA== processed in 375ms
[2026-08-24 03:00:02] [DEBUG] [db_pool] Transaction payload payload_hash=vF5G6w6WBmUMiQiSuppiXDq+mHHpG70qCTZhD3KvtaiSDB/1ZdzqgkGX3uMotNbxwjGzdNewe+pmh0GjRdvpGQ== processed in 20ms
[2026-08-24 09:59:24] [WARN] [db_pool] Transaction payload payload_hash=XnDuTsq5d0Esm4V04X/Msb7dQrqnVxeEx99JObXgXp6G9HLf2vFqhnutTCqW0W3hy6NKFUdiM6Fjm2GGMYOo1w== processed in 145ms
[2026-08-24 10:59:59] [INFO] [db_pool] Transaction payload payload_hash=uD3Rz8yaTItYlKKfF60QjQVJ234fw2jagHbO/4L2xcTsEnaYqm3FPEDFmYN1NyI5bbDXiyyVFXhyyrfXLm37Zw== processed in 485ms
[2026-08-24 09:13:25] [WARN] [db_pool] Transaction payload payload_hash=VusSnk6yqGV3XmNzzApFBK3YEo3PkPWICArHc026b+A0siG7AfNZpNGLJRseftuoulEig9/PTExHbG/eb1gOEw== processed in 319ms
[2026-08-24 03:18:23] [WARN] [db_pool] Transaction payload payload_hash=vD8ScKGOlYM3KEJNcJJAbTJZg9xD0LuwcExm8nmLtm+Ea8hcC/sROrfdXgz9AbknTiin9QwmnvG+aoGWjV5r6Q== processed in 39ms
[2026-08-24 07:20:58] [DEBUG] [auth_service] Transaction payload payload_hash=V2L0Of/vyr2E9+UM+9+tDsrGjvbJYmmM5Z0EbNrPrc6fmCBOCw63yzEm0RV8mFyYRLuhyn9CqVmEl29iAGq95w== processed in 243ms
[2026-08-24 09:33:48] [DEBUG] [db_pool] Transaction payload payload_hash=H0AosIWpVZ+mdaLGSmwTJJ275KVComtldlKS76Yf3VujjS2h4w2ZBnXve/ShKRrd8H4MqiEJ5jzTVmR9XT7F2g== processed in 34ms
[2026-08-24 05:52:51] [INFO] [auth_service] Transaction payload payload_hash=7JIxiWdkcqcp06U1HmIwuwG6ZFhVBzmz5DxPDqRWYASEADqMhKACxC2UK+CkQSCn+W0FzD1x3dY/W0WtDbf3wA== processed in 159ms
[2026-08-24 02:44:03] [WARN] [payment_gateway] Transaction payload payload_hash=VgQjaFiPmmx8+Frd02ld4Ve0XSlQGFZZs62lHDFrWWhLRBbWEG5aMRRSdb0+I/dXPm1zLuEATikUq/DWtvo4hw== processed in 41ms
[2026-08-24 02:30:18] [WARN] [api_router] Transaction payload payload_hash=p34O6/p34mPZIKSy2dqvk+C2yodkuXAsyrgGX+iseifWDTpxku1VeB5mEwW1Vwzh3zc0FIa4GallBRfk36Uiwg== processed in 379ms
[2026-08-24 09:05:59] [INFO] [api_router] Transaction payload payload_hash=YuP7zonRLcavc4xHh87uSED7pSI9LKnTPAW3h4VKuY9IFSAmCz3QWHbHqZ1ddDkv2b6Rw1MxxdVbS8MdZTaLzg== processed in 152ms
[2026-08-24 09:16:08] [DEBUG] [api_router] Transaction payload payload_hash=NaahSicuYl9EmsEsNW4JEGjUZc5CCvXb8XYXNO9VovLafo/8L72dVslf5xE6VyGumB6xuHrsMofClLV3gRIxOw== processed in 343ms
[2026-08-24 08:19:31] [INFO] [api_router] Transaction payload payload_hash=W8PJwYbQBYJkMdK4MruSuBvKl7kF4Mo6uADlvzQLm8Ot8v3qBrjF7h5uCswzaR1JeR37ya2cB3au10AI36W7jQ== processed in 414ms
[2026-08-24 03:06:44] [ERROR] [api_router] Transaction payload payload_hash=UvfsALnhmFA6tf5nKkp02Kqu8ME9OSjZyEXbrWkzYwXmwDURVUzn+4EsaGhXzf9yMPWlTvnKbHNkQrZG69H8ig== processed in 427ms
[2026-08-24 08:37:20] [ERROR] [api_router] Transaction payload payload_hash=abTpxjwV7EUL6/MD6BmPVauoyAm+ZnM3Qytz12rR3oO0xb5/zaDaBuprRQOGNXlA/whfySr+828Wg44DaD4HRA== processed in 245ms
[2026-08-24 08:51:56] [DEBUG] [payment_gateway] Transaction payload payload_hash=uNZjrU1YL/Q+Orb5N3s9n9i3Mo7Ym/4AlDa3AQ7qkrkiHzAYXJdZtmFlDDgbPOzCUZhIL836DEwFj5FYOt7bxw== processed in 427ms
[2026-08-24 07:43:02] [DEBUG] [cache_layer] Transaction payload payload_hash=wr2aX5sCaNU4xqFubDFwoubkM3f1Mo3PLArv4foP088dAhWDzDYzPMLd53wjpo3eIwz1r/4lsDgK0nrURZThMg== processed in 14ms
[2026-08-24 03:07:34] [INFO] [db_pool] Transaction payload payload_hash=Vk78lOCHYHbH+zll8FGqtydz6jatMgu/Ms+Jb1LvE3e+Nlmfv/2SycLOOvO5IdymooDWVePJnE0pBdIomLzSsQ== processed in 93ms
[2026-08-24 11:07:41] [WARN] [payment_gateway] Transaction payload payload_hash=ABTIIIezIwx63t/cxdfUUlwLX0quDYgYBslkQF8LOmIge7wgJwpnd6tESd164q+R1+/fSWTPfoPTLZd1QcxJ2Q== processed in 245ms
[2026-08-24 09:52:21] [DEBUG] [payment_gateway] Transaction payload payload_hash=afziMHEtnY99ABrmIvoJneLx3A6WBQPXpGXBfihpLbERRacEKuo8X7Djhy8/OMX5n1zkZmGe3QsEPG7jC9fIzA== processed in 79ms
[2026-08-24 02:39:10] [WARN] [auth_service] Transaction payload payload_hash=12IHxXGp5S2H5bzGwcEvFjV7wqXbiOOQnBzuAUnlBP4MMgk01N63Y0tARsqMnjvel3zIP9MIPBZ7aZWHahcJWw== processed in 219ms
[2026-08-24 03:18:27] [INFO] [api_router] Transaction payload payload_hash=09inOQ4kyI4/UqOJMoGC6vi3YPgdXg3s7YvMeRKZDVAMyYak2PTqE/I0Mm/1fXe10eKmO/a9dzC1G+dJPLsKBA== processed in 433ms
[2026-08-24 08:14:42] [INFO] [api_router] Transaction payload payload_hash=MSHHQu01ccywwGDrWXAc7ikqaJFPy+7asYwbmxlOlMlWpIoZz1Z51Tg7XVqXEeT45MQf46gSI4GI+oej6Vkc4A== processed in 53ms
[2026-08-24 03:14:35] [DEBUG] [cache_layer] Transaction payload payload_hash=eNaexu4s/ySvEUU5h/OjsJwCJM2CwfPZTutEd+MqwWDIRXLTfKZw/oYkpF++J85a707Ot0F0pi9wEZLE1MMJXw== processed in 223ms
[2026-08-24 08:48:26] [WARN] [api_router] Transaction payload payload_hash=CWBSHyS/XV4foXPVqY9/a/NKUJsEuurBmE3SkUc6qO7bkum4LUlKbPFTaGhtn/39G56JMA1kHYsBbq3mMlhyBw== processed in 40ms
[2026-08-24 04:00:54] [INFO] [auth_service] Transaction payload payload_hash=Xw9/8NfI7dU80ZL9LluImYXJFfoqqrHRXlXrOZSMQwswW/bf0NLMBIzKvRtRVW97OuIo9slXY81ZwvCweeRPfQ== processed in 172ms
[2026-08-24 07:07:14] [DEBUG] [api_router] Transaction payload payload_hash=l+P+zcWlWpwrjC9Fdv+NToE16v1DMKyHWn5snO2XV/GT4x5TI66roFTzs280NZisBmWgkk5uqNzUoV7eSYxBsg== processed in 161ms
[2026-08-24 03:08:32] [WARN] [payment_gateway] Transaction payload payload_hash=avOt+Tdq2Zg6D2HtT2TvgK/VbFKvAE98x0264zghvnbzxYJT9ux3kdlgQSEilTgWI3kNwJ1OSLH3kOxfega74g== processed in 31ms
[2026-08-24 03:19:49] [DEBUG] [api_router] Transaction payload payload_hash=HceW+Z+6579mSlChoPJbqAa6yL8vcn6KCVrWgp0dcWvArQCQpCbey1UDLcHtkqNGOsKSusiBwHSqIthn+RkLHA== processed in 455ms
[2026-08-24 06:53:35] [ERROR] [cache_layer] Transaction payload payload_hash=dcr/JCYeLeXxhlJBPKAWl+duyvPMM54qGFlegtfVKaj6BGyz3y2y3hb2IVw1MbA7mzhea8Q1xADCnag7AbvhKg== processed in 281ms
[2026-08-24 08:57:20] [WARN] [payment_gateway] Transaction payload payload_hash=gI3fUCoGNNwlPN5whPfAbuNXtoX7Z2z2lScZ400aLdYe7AEUAaG1PMH6Mf6wsfkOzNWGpkgudDjb9aqD9sQvrA== processed in 180ms
[2026-08-24 03:32:43] [ERROR] [db_pool] Transaction payload payload_hash=5d2s0RPTWMdHMqiwo1UJvEpo9nghHa77USjGSFRM3Q7SBmPmGbKfy2Uxderi6vDPEdjy76hXJ/qy33oFDXSxaA== processed in 282ms
[2026-08-24 07:50:25] [DEBUG] [cache_layer] Transaction payload payload_hash=S1GSRYQkKd/9KL122VOX6GXbr3z3j/I7hok3A7+jJHYmA1iTDISztumPgoSo7mmyko9JHFdSpH4/q9SO/I6TJg== processed in 131ms
[2026-08-24 10:29:32] [WARN] [api_router] Transaction payload payload_hash=n/mo5yEs2Ap+p/shEUPASzhrOlXGUIuyDM+skl8ECd8GOnPT+BsjnsPF6lGgqMjh7LahdAgRnL2LiTpnLK8RMA== processed in 80ms
[2026-08-24 06:30:16] [INFO] [auth_service] Transaction payload payload_hash=iXZIkhSouOTgBbtEsF8GuYhoMsvEDSeWqLhj0QtUJA6GLL9wsJ/qoku0GI/tQPaaHrAyDWFXLKDU/HNAB8QGEQ== processed in 498ms
[2026-08-24 02:22:33] [DEBUG] [auth_service] Transaction payload payload_hash=dHxd3KrlpEPR5OqvwjQJXztZdFOwUbhc9AGDytR6xuqniOdZnOhkxV5YgrhlepmF4D+ng0SrnILFH4IgFgFtVg== processed in 91ms
[2026-08-24 08:06:19] [DEBUG] [cache_layer] Transaction payload payload_hash=Ceq6OuUZCkaGFrI7at+ZDOfVmK6cLC0yjRaK1r0BaM+UQ2KAFFqkden/MHd3JpVBpZMFCmY0npbS1GqfYSnMMA== processed in 131ms
[2026-08-24 03:12:27] [DEBUG] [cache_layer] Transaction payload payload_hash=E2lx5U6/VusFSWFX7pbG2iOg8+exyCZOSdl/f/UugER1v9mpG1Z5BvkhyctglzsQqUjFTC1ZmFyQT9Jw4cCO4w== processed in 55ms
[2026-08-24 06:08:42] [WARN] [api_router] Transaction payload payload_hash=glhQx1T4CHKOwQU7Y9aFKbYcxhRWAX8LHLk1NwtNGynRSrfJjOxuKTmHNDZx935WgrXecQ1mXXFbbC1vd9C9xQ== processed in 136ms
[2026-08-24 06:04:56] [INFO] [payment_gateway] Transaction payload payload_hash=v17Ob8EMSIEuudvsw9BBRkLN9Y2PttQlULpS0qd2H/4j9VeNoCBtQDKoVs/GzHHfqEuF0VhK/RwAzwyFXjckpg== processed in 487ms
[2026-08-24 03:38:49] [ERROR] [cache_layer] Transaction payload payload_hash=w+63UXbHeG5UAnt+BEq76q96J1IS/qNzoFjyKSsnphu+CPlVlfYHsXsYZ/Xqur+so6+r0dnq9DvzlgH2ffca5g== processed in 383ms
[2026-08-24 07:10:54] [ERROR] [db_pool] Transaction payload payload_hash=barqoptnyQbzwNMLWsgQdjpfgnRFq66Ys+Ae4xma+xgTgu04Ix0/tF3dsH8t+80dg8W+LpFIi4wVW9/eNafkww== processed in 493ms
[2026-08-24 05:40:53] [INFO] [api_router] Transaction payload payload_hash=02qUBWbTnWkD12Hi6QsAW9A69AEC/iCdPXka5BAxtayaAAllj15tSZqEjRp8jQG86pfIzjw7L2uT2eYxnu9zpA== processed in 266ms
[2026-08-24 11:11:34] [DEBUG] [auth_service] Transaction payload payload_hash=1o3IDDg2GG6ymOOBYe1dLwiHixobBsdmsczFz1e2fa4lpfnLJZmomve1BrhYTV5XZJr7gN8OE7graHJTg8ZsXA== processed in 489ms
[2026-08-24 09:04:46] [DEBUG] [payment_gateway] Transaction payload payload_hash=kRZU3raD6lDoCpL78GXD80hW221oOZUPor3JO2PIeX+j5WX0shwygnLRHyYnxubHkLSyet7VR8JIKP2VxDZGMw== processed in 62ms
[2026-08-24 07:57:38] [DEBUG] [api_router] Transaction payload payload_hash=qc8pPfS0eH3JCQpZuXFEjXIohvqJsorlbTGm92B3pXVjRF+QF892PUX/8QtqfQJTzJNg0z5vXezWK7+58LWUqg== processed in 371ms
[2026-08-24 05:01:38] [DEBUG] [api_router] Transaction payload payload_hash=qd0+jj1DcgDKROB7dXzmXpNRnPEvgETaBk3qGz0Pail56yLPOkdyHfgXU2mNfK5XBl4jmiI4gY33PdThsGvvTw== processed in 125ms
[2026-08-24 03:31:02] [ERROR] [api_router] Transaction payload payload_hash=zTd14EOGXMl1mZRVsGuvAN5ZlQrsOi9zhWOPOKnD4iP796loIKomDhSFFuXwirtje7usTssU8pJxaJR5RHaOHA== processed in 124ms
[2026-08-24 10:34:25] [ERROR] [api_router] Transaction payload payload_hash=D/u3+sRhRk3kDWGl8jk8j5YZO7Dum75mEO3CXK0m9VbmKx7eSKjVal5DOhzpOOqTTvOc1KIalY5dijYE36BIjw== processed in 339ms
[2026-08-24 09:35:44] [ERROR] [cache_layer] Transaction payload payload_hash=DtRb7dWMmKd3xJVGElIQAPX3lDcwE5vLPBB/ro29/3Aqmm3gJRwGUkOLrhS3cTkM7rRe4SFRR5thQpBsXGtluw== processed in 213ms
[2026-08-24 06:56:24] [INFO] [api_router] Transaction payload payload_hash=jY6zrrlR/E/tSHNdCuv+935Yvwm7Fnl2snWTMtpz/eSGyZCvYQdm208+3eyZhxRuK2XE+mOhGd2RIp6Syd3+UA== processed in 359ms
[2026-08-24 07:18:48] [WARN] [auth_service] Transaction payload payload_hash=V5MEA3ZCfcEvEosRdjMbvMFEUBeBflQxezRmw5nX8ySQWEKjvV4L6O24FXCkph+HGTi4anIuRN2/ZoDG5EpofA== processed in 249ms
[2026-08-24 05:09:49] [INFO] [db_pool] Transaction payload payload_hash=wAmZUgUsDPupsvdh99R8zBfmE59mnJxk0ELsJ2ZzDWO0+x4UP035cjxIX90FwDWXzaJyClkpG0JjKvefPIMYeA== processed in 368ms
[2026-08-24 05:48:31] [INFO] [api_router] Transaction payload payload_hash=lve1TUFraJw9TiUkAOXTITmH0TZ5S7v85CD/gkP1QMTgm82hzFl2WQq3DkkJYOWn7G2dZePklp40q2sgKJuwxQ== processed in 497ms
[2026-08-24 08:53:38] [ERROR] [auth_service] Transaction payload payload_hash=XROPeB0CQB1VNzfTBiZYtng0TzQSzcINpXjW8CNxgmjCuGKeJOWrTAFmdunKTVuyEWDHdX+xeoDXdCnyD0474A== processed in 409ms
[2026-08-24 11:11:06] [DEBUG] [payment_gateway] Transaction payload payload_hash=Q/AWca2tI3D8WidAr7eZOmXP/RDMaRWGmOeQZs4P6WcIvMDaLerZjQl/x2t3GZgqo7r3K6spnGhHKbxSBbJsVQ== processed in 299ms
[2026-08-24 05:52:38] [ERROR] [auth_service] Transaction payload payload_hash=xlUNj0MkPSBim5RMb17/j9IJ3Og9PdtVSdLO3b+Lboct2vn4WnWStjQwgR2vb5o3qv85aUF9zDug5OFRiuhVlA== processed in 287ms
[2026-08-24 04:37:00] [WARN] [auth_service] Transaction payload payload_hash=m3Cly7O9c/Qjm1mritT2uQ6DW1ZNlZ0C/d0tCNGGBwVixE3TS27Zpr9Xu0JpQAP1uJmN6VXI3IcVswI1uHibpw== processed in 466ms
[2026-08-24 09:44:07] [INFO] [cache_layer] Transaction payload payload_hash=4zPOC8Hm6z+m7fC9xvuYJK9X5w8jlgWVTnKGRqg5TFF/tRhyGIwAPC3nHxA5dd5pLjt8hExuO+tySdxtgw++uQ== processed in 38ms
[2026-08-24 07:41:44] [ERROR] [cache_layer] Transaction payload payload_hash=zKRNe12auRAWCbIHF9FbM1NxB9mqgJaVDYmQqmyqX8av1KK4+SbQBxnGIjKeZNuKWGr1luyqiFxLf0nEYTQ4Lw== processed in 153ms
[2026-08-24 03:22:58] [DEBUG] [auth_service] Transaction payload payload_hash=U88WsCKSyywkWVAhuCFXQ03axpVig9l1YX4Dtv5FT17zZT7O0n07R5zafO0ZbiHlCH2CSUeZS9B2zr96uDfT7g== processed in 30ms
[2026-08-24 06:37:06] [WARN] [db_pool] Transaction payload payload_hash=jymDRAs20gQygAHY3+97dfJQqK5dVW3gTbuv/ACw4s+bAb84eOKxt97jNKPbh7oL85tJj/hfQdpKyV8NKjkNDw== processed in 317ms
[2026-08-24 04:25:58] [DEBUG] [payment_gateway] Transaction payload payload_hash=Kf756zawgWD1kC98XXrrODcY1LZoNfV823CUFPgsGjhFamG9MKSjBI++ryeQbHTqe0IV5oMlutzUNl9m/7xlLQ== processed in 370ms
[2026-08-24 06:29:37] [ERROR] [api_router] Transaction payload payload_hash=Xz3EQKXNq9bd/qqbswOouWXhtbin737QUIB3DXiv4dd1lFDJESX5h506Rpasd5lKhf4ucI1w82PNF8ILAscszQ== processed in 352ms
[2026-08-24 08:24:43] [ERROR] [cache_layer] Transaction payload payload_hash=C7xOut5h+0VdbefrKD6HFOi+s3d6emFC1hG+IKv+k0wfEspEwPKVZbTUhZWJPtR4dmgLC4Je+0qxvbp0UF9/GA== processed in 56ms
[2026-08-24 07:01:51] [WARN] [payment_gateway] Transaction payload payload_hash=i7HeYujgRGMQCC//O/LNND6ja+oGkh6NHbqgKle89m1FSw5z2RlmATA540tycbqals6btxvQA3loy2LPvvx8mg== processed in 146ms
[2026-08-24 05:43:43] [INFO] [db_pool] Transaction payload payload_hash=jEeLMEnAU1wafkqM5scp5SoyY39SqcPDxRDjJOey8SAvzmkA5Pf93XdycUCuIaYM2fVI8OQrPDagUTCaFboZJA== processed in 248ms
[2026-08-24 03:22:22] [WARN] [db_pool] Transaction payload payload_hash=FIVUeIrpHc+skn4/4jyLhAZdRt7d23qLBYTxm1Mt8+s37x08QJKvIX3XRsYxD2x2G4BDwEpgP5m5Hz50GGNAtA== processed in 344ms
[2026-08-24 10:04:22] [WARN] [cache_layer] Transaction payload payload_hash=gIB7m9nJYhrNyf8PJFCCHjScmnJgOTkfyLkeAOjmHscDnSld8Pn+kxm06fwCEJRmP6/9dIrEAuWWUnCTzP5+BA== processed in 375ms
[2026-08-24 07:33:34] [ERROR] [cache_layer] Transaction payload payload_hash=jbT6PAdKF47kmA84a2SlhOfYNNnrd19B1WPBKBfOOYB1O8MS57NU7RQRhEuFXgtuI1G6tkRENy61kUy68NE3yg== processed in 20ms
[2026-08-24 09:56:05] [WARN] [auth_service] Transaction payload payload_hash=DY4LxTD5vOeanggbeP8tXlcd6DPZA7icLdC6XRUUlk1BAsVjuk7xP8huca337A9vyGOMHHkeTy0t84ij6w62QA== processed in 168ms
[2026-08-24 09:45:40] [INFO] [cache_layer] Transaction payload payload_hash=sSnQgLHBF3rXO3TIzQhKnRMRcymGrwwT28aY218xdo+X5otDus+421+BnmmqbNkMjRUXibP6UTRqiY175gokcA== processed in 162ms
[2026-08-24 06:37:36] [DEBUG] [api_router] Transaction payload payload_hash=kC27T9wNtt4jV9O075baUVqxqe07jJJ7RPdNuYQDoAkqg9Kj9+smmg2vvf7dY1WEHOjmVelB62Dy9SFdlEoXwQ== processed in 32ms
[2026-08-24 08:30:18] [INFO] [auth_service] Transaction payload payload_hash=RNX1EUypOXbctRowacCzcJumhtVu4fb4Q9dN/YWr9pSlWwrfHWP4/Im7itCB8RBB9lagcpKqJFUpkME+Hh6cdA== processed in 163ms
[2026-08-24 02:41:50] [WARN] [payment_gateway] Transaction payload payload_hash=Wd6aDFIplL5Bh54uGntBcqWoD4qO1+euuRnElLXKgFvtnrgizNq5988MZUxdyUkKYoT/CvoSXVrrAvpt1HpATA== processed in 468ms
[2026-08-24 06:24:53] [WARN] [payment_gateway] Transaction payload payload_hash=YBWEexymivikzH/1WM15NiFMwDoJsDQMZYrCOD5j3YjYG4VIZmr/ti+4/9kcKdtLyDvPZfX098mIxZnlgRJP5g== processed in 306ms
[2026-08-24 07:39:56] [INFO] [payment_gateway] Transaction payload payload_hash=I+4aqLaNhzKL3+e5PvgUSBTGzhnOaCMB+pxPYkdTwYOPe4XDa6f0TB2e6+CNRX51BmZv6i+E9hkCqxPrssO3Eg== processed in 118ms
[2026-08-24 09:57:39] [ERROR] [auth_service] Transaction payload payload_hash=BJfkAoJQK6EmtTXVxiJRPV8GVe/Zx5FsNKu0hPFykYGsLBmuGjXXk2rXwEn8olKsb8A+Q1wD1l7uNc0An+iGog== processed in 78ms
[2026-08-24 03:51:19] [DEBUG] [db_pool] Transaction payload payload_hash=WceEo0YpANDjk4SuDe42oCrE342NkABzkDLmyZ0qfRZMnFMMIQy0OTM5zX7pmv0w6q2x3wwKb0YXSipCZM3VAA== processed in 98ms
[2026-08-24 04:19:36] [WARN] [cache_layer] Transaction payload payload_hash=uOeFAYFq7tr1ClOKjMWI8Cuy9F9c/IHF2LngNMAajaV8fBqNL/Nb+WMFLMbxycdlebvhbJym1t+if0MfFZBolw== processed in 104ms
[2026-08-24 04:06:12] [WARN] [payment_gateway] Transaction payload payload_hash=KIofIOMF0s4CowO2i9ZZVYGeHIp2OJcmJYvkaE/PhltesDus1ctgMquEeQXVhqVRVKOTF/9XsIC/3FWf/C4dUQ== processed in 415ms
[2026-08-24 05:31:23] [WARN] [payment_gateway] Transaction payload payload_hash=AHNiyHQltPEqi+9r22js5dYJBRSqB2+3UTCYgZggaei+Bb4yxCqd24ff/kdzAOlmuAtHFORSvmoW6Xgw4idiOw== processed in 2ms
[2026-08-24 09:53:49] [DEBUG] [api_router] Transaction payload payload_hash=zBHQqZpzQ5E2RbYrbB3g+52j2zNn6SerYumWi5FMgLKrAiyJXtJ/42nky8rGCBrEGMe340Iq2ZK7fNEdYuPLyQ== processed in 102ms
[2026-08-24 07:18:59] [INFO] [db_pool] Transaction payload payload_hash=9ivhjw6Bl9f1fLj2zc1OBheJZaOVRe29IsevtWtJLTEqyA0p6eqk9X4ES0WXqxExhkLvaPvKvr0Eb8UIzufwgQ== processed in 80ms
[2026-08-24 09:59:00] [INFO] [cache_layer] Transaction payload payload_hash=2VoKGmekQFXDCz6CgbMtRJqXFFFrW53BX3KYvO9CsYoPLMpQCMcMxYY0lvyLxuQ37FFQVvzcSYZ+5z495uaYiA== processed in 358ms
[2026-08-24 11:09:49] [ERROR] [api_router] Transaction payload payload_hash=3V+AK/hFTj0C9hDboHTplvGoXgo6EPFGAcpJvKrhyN0T7ffYM0j4WozMegmTJPJyvhj3Wvg9k9Vhb9erdXhPSg== processed in 243ms
[2026-08-24 04:17:42] [INFO] [cache_layer] Transaction payload payload_hash=pmOZ6pH0bAP6FpxnckTdWL9EQu3olnokLFNSlJbGm8jkZb4T0HCv+yIkQc4rOPzuFdjn3Qxeq98PkRikCdhcbA== processed in 317ms
[2026-08-24 05:20:34] [INFO] [payment_gateway] Transaction payload payload_hash=ZCEqm7gfZKDlrDsVLOX7KcsEvWKfkdCBYlBOF/j3m6ov/zEpjylA+nCK/ZjjBNxATDkL7jvVXHkw0jXf/suZjw== processed in 314ms
[2026-08-24 05:42:12] [DEBUG] [auth_service] Transaction payload payload_hash=Ih4ZNtEt54rTbULE5r3X7Gz5Xvm4iyLjX7BO/IPtr/APaZwV5UdXyDT8+FKsLPHADl3Hj2/2/j2Pi4idqs7chg== processed in 443ms
[2026-08-24 06:02:20] [INFO] [payment_gateway] Transaction payload payload_hash=+j+I5sRu30GK/OucaOc6IdDJSN1B7rciMD1B45YmUk21fua55j8mh+dbYDi0J7RvPH+/rwhIFxYZzipbtwwjgw== processed in 386ms
[2026-08-24 09:41:19] [WARN] [api_router] Transaction payload payload_hash=XQ/V07zCOVrjof1nZRzhx9fgwMS19azYaEdXO2bKi7ET8MoPET20+2p8NRxvi4z6E0sjeGE7p0cXviyOEVdsbw== processed in 186ms
[2026-08-24 10:09:23] [DEBUG] [auth_service] Transaction payload payload_hash=6HjNw2SOe5FltJyyuQryrlZnIhmNkSbe34/bDGoIxkV+0egMz7EsYLMNNMJguBk3KJ6LTtChZzwc0wzYAGdWjA== processed in 279ms
[2026-08-24 03:19:30] [DEBUG] [api_router] Transaction payload payload_hash=HyLkJuSOZKcezOgqTSnO0pitSECwpv5S7wW/4sez1MNyxigiiGsn4AO7suCE/rZRAyRJCPHJeuEUuPPM19dKcw== processed in 475ms
[2026-08-24 07:13:42] [WARN] [auth_service] Transaction payload payload_hash=WJcvtOVJnjEFPtkmrEp2Xb8y3Twgi41oanWqQzgmLCKyWdwuxLi6cETaGjhTPvx111SpYrFvXdKhZOK4jyAsoA== processed in 16ms
[2026-08-24 04:21:50] [WARN] [db_pool] Transaction payload payload_hash=wiwERclgRZKXBMa4waM8/vLtWbBmtsqEDOygm8WHVCEA/dr/pIOUldsTDFt0EoWGozwoaGBDkxdCuqGz+cDVbA== processed in 485ms
[2026-08-24 06:11:47] [WARN] [payment_gateway] Transaction payload payload_hash=aI5Z03o9/rbz1c2RjB68ntotVAOD138SSgNvHrsRzyzBEXYYXpHNpBDt0gnGNAYm6//VLj7BKqxvw9uaHkIq3g== processed in 327ms
[2026-08-24 08:01:33] [INFO] [auth_service] Transaction payload payload_hash=C7TzlMugMEyl1IeEnzT2FG9QW4fy4S5dh3QOLAW4GO6cEeqFpApqOHhxSFYl72Th/1mIc2kQOjChlEYpA8FylA== processed in 19ms
[2026-08-24 04:38:54] [ERROR] [payment_gateway] Transaction payload payload_hash=+YO5DTvDWlM3in6fJfMm0dFpqSSRyZgUl5l2nPmxOhLpI8Fvmv6PfWfZYmbsnMwfHOPyU/rMyqgdaZvQddQRdA== processed in 187ms
[2026-08-24 04:41:38] [WARN] [payment_gateway] Transaction payload payload_hash=kjm7zvLTZXaI7f9jimYoOzbl58LS+jQZGc/8D6DsIM00kxPNInROm4otNVOlQxIsImsUQ8tLRQJylJi6OxBzIA== processed in 65ms
[2026-08-24 07:41:52] [ERROR] [api_router] Transaction payload payload_hash=0OhbblBD7MOwpDLpSG/Hzp1OCXVpaHNKlokAW6Gjiaa816YbvHTxHTJ9hF03azCs4zy7sqvhUA6ZvjmhsHXqAw== processed in 64ms
[2026-08-24 04:13:46] [INFO] [payment_gateway] Transaction payload payload_hash=Y1p7D7U6JtNGo95+moY6qHnYaiciShrfL64SXIu081EfFwgDwrE4YibP2xzJnJ631OB8hDLVOa5GJCM9bUENfg== processed in 340ms
[2026-08-24 11:15:42] [INFO] [db_pool] Transaction payload payload_hash=Vh1H1cOIvIkAp8rRjdZ6LpjpUtyE6H0rLHekcJdPD/4LmngCRDgzGqIyukBC8gxWYCXw+rdjV2gnqhJl0cMlRw== processed in 455ms
[2026-08-24 04:22:48] [DEBUG] [payment_gateway] Transaction payload payload_hash=ZMsSUP1hcbnWzzlhT0XJppW6hKqP3cYIInxvwN2tjesjD0HWk34eRwlKSWn7atokUn204rqDQ1QCeuwADKGTkA== processed in 214ms
[2026-08-24 09:17:18] [DEBUG] [api_router] Transaction payload payload_hash=+MdaMj/Xq7eRZXmDaX12tNIbLlx8wHX0ROLAqlX5uSciNMWkfB991ng7xd2A9JnXKe/JnUTvY5RgGbx4tUmhNA== processed in 359ms
[2026-08-24 06:28:52] [WARN] [cache_layer] Transaction payload payload_hash=Sk3moxph4HdYXg9oGEy6mgDtQqtJITYdwGOvDM74pu2YQt7cfsCYIIqnNQexyV41DFkQFFafS746pMz5390Jag== processed in 49ms
[2026-08-24 02:39:37] [DEBUG] [cache_layer] Transaction payload payload_hash=qERxeavGMp/3HQEs0aaXqKyPHRQv1gftwd+AhOYogWQCHBAqiCqixpXNPuY1LqfHDL1Yi/j+9vOK54I2oIZCgA== processed in 141ms
[2026-08-24 09:02:59] [ERROR] [cache_layer] Transaction payload payload_hash=ldm87nWFn0/7B3cX1n4U6eXjLn6XFnumzSu8exj8Am7i9Ed1TFHK7O9zvhDxqgQ789r63ZolaIjxY9PVNYfICA== processed in 21ms
[2026-08-24 07:58:23] [WARN] [payment_gateway] Transaction payload payload_hash=xiezKEMj+keFcRCuKNaavwKnAiOV3KYX9SpLzxP7Rzfg7YtXyamdPWU0Chvobyb6x/HgAGch27GUvopGzqsXTw== processed in 334ms
[2026-08-24 09:08:08] [DEBUG] [cache_layer] Transaction payload payload_hash=Ckz4O5PyIeCrWK0RfHzohTP1lYKMoQLqsrblQobPW9GckMHWA8bu2vmRW5xu878i+Yu48tIIc/vAOMb3zHQx4Q== processed in 489ms
[2026-08-24 04:54:28] [INFO] [api_router] Transaction payload payload_hash=u9JVgu9qDZfJeBLSL0KcSCRpyiaShgJeh7rGuwD2IOI4t5WK7DFOOlWcuoINxuQ7lz8yTewiVsP73eic58q4OA== processed in 73ms
[2026-08-24 03:51:58] [DEBUG] [auth_service] Transaction payload payload_hash=sEJbxnkck/4426IUBouHpQAco1BQMslpRs0pqtgoeM4c/bU9PyfycCvOiV8JMwsOVceP9hfwCdzB0fMxbXnJeA== processed in 190ms
[2026-08-24 07:54:32] [ERROR] [db_pool] Transaction payload payload_hash=De2A7s5GUsH40MM2Q1mPwVb7KiI+O9dfYdPa8N7Iy6Ce+y9W6r59KK1y5XCCuDDynYudLSou8PKIJsgMPfmNvA== processed in 369ms
[2026-08-24 08:58:47] [WARN] [payment_gateway] Transaction payload payload_hash=BPtTCYfSg3YGVGHJLSQCrPlyZJADAKUlOR4rBbDyz+tHzvaDfJienpbs7QXsLJmd3KZ3hvxPIec99RSSt1GIzA== processed in 476ms
[2026-08-24 09:39:06] [INFO] [db_pool] Transaction payload payload_hash=g0oQhyDkwSqvknVLZRvcAmiLfHC1Mjim6p9pNZtEfwsjGxFNfHg3eJMRbqMRJJJNOsq+osgzD4sgvFzC8AJcrg== processed in 352ms
[2026-08-24 08:11:21] [WARN] [cache_layer] Transaction payload payload_hash=Qke+hZCiEH4L72SmPlqpPCJSoyCt8aa7XO23njPcLuTnv1AtPzDhhmKVTE3vvh52UPo8+bdzXOPYDaK++RKb+A== processed in 100ms
[2026-08-24 11:19:20] [ERROR] [payment_gateway] Transaction payload payload_hash=+dkXB3RUBSV4cJVylJlwu4d8P5H6eZ5CAtpqrahwDPFgF0VbrNiS/sRx9lZwRfOUPSesGClE9hE+03RGgu0xkA== processed in 99ms
[2026-08-24 06:02:25] [INFO] [auth_service] Transaction payload payload_hash=SuQSkY/P82QR4G1kqehLVYJwObrFRDeLTCeVOhH8MTWYKYjuP8FugbjurIjHaHcsoUgAjsEN7wYh9nEgtweFcg== processed in 440ms
[2026-08-24 05:21:11] [DEBUG] [cache_layer] Transaction payload payload_hash=+59x6v4OaLwYn+M9sh/YilYlo1UA4OX/XtMvoIBXBmVmXbhz5070XgJQHshl1Kp/D5VZlApXvaqIkYfgE3RrFQ== processed in 265ms
[2026-08-24 10:17:45] [DEBUG] [db_pool] Transaction payload payload_hash=nOFnVTrEhIoQ7YuwhPSv7xAfs4gz3LhqUpamGfXsF+5EOTtXQOKoB6HwZah9qVmntCA5MFVGJ+d8VdztRB/O7g== processed in 127ms
[2026-08-24 06:01:46] [INFO] [db_pool] Transaction payload payload_hash=iOr9jc8W7u4X0CW+fcVcmZzxbeRCejez4yL6bIUblfwVQGl63iQvx4ZYngVqebVx+GJwML/OWHiWOQ7TvGEEsQ== processed in 130ms
[2026-08-24 04:46:07] [INFO] [auth_service] Transaction payload payload_hash=0ttlw8M9dyG/kmAYf/ne8x5XZoaq48ScZZK8Dz3rGvdMNk8nDvj2uaTiRr81OUzOV5fxYlTDuLGnj8RrkRkNXw== processed in 25ms
[2026-08-24 08:30:54] [DEBUG] [auth_service] Transaction payload payload_hash=BZ7R4aXGg3JVx4+kJweIuJgWmaQr4Oi+u8hAQTyykp7G4HwJKhCd7jNQvqM0A5jhXFV9f3M1LJvhu8tXeMhcFg== processed in 200ms
[2026-08-24 08:56:48] [WARN] [payment_gateway] Transaction payload payload_hash=cZj1/nmMrCT+PVi5nPOdRqNiwk2UZSksGbqiboSbmYKddNDRxapzoc5e0/eXQG6PxAVvJH2GWILprKakZ4O5FA== processed in 430ms
[2026-08-24 09:28:09] [INFO] [cache_layer] Transaction payload payload_hash=4oLFyyjyWQhskaJPCXiDoAbmEr6FTTQ/4mX6OXgwKyTfL6mxjvbsxx00Rfmnnq5+1nmspQ+kD7m7Z3AEew30Yg== processed in 358ms
[2026-08-24 06:43:18] [ERROR] [auth_service] Transaction payload payload_hash=OUQarJ3EM4dWkBUVZ1NJesFyv9fmKBsWicOd6+U6MBKFdKQSKpxnvpiDMMM9WUD4dGxnbJ8pi7SXWGNovROV4g== processed in 329ms
[2026-08-24 09:38:08] [ERROR] [payment_gateway] Transaction payload payload_hash=t9jZ2iycoJtqPiycI6H2C5yOCqcGFbggThOiLDitrxtUG4DiPUE+MmGI/OAcoP3svJqI9ZQpvGLzPzcIPPsC4g== processed in 125ms
[2026-08-24 11:02:05] [WARN] [auth_service] Transaction payload payload_hash=aTLp3b6mAyxIhPUwy7p3K+0xzkTgLA4SuKvIKvBSxcHsatEJwx7MF3wOOLhDkxS+KwXG+iJDzk0m6Ly9Y3HbUQ== processed in 496ms
[2026-08-24 06:57:38] [ERROR] [auth_service] Transaction payload payload_hash=1p7BHpMlbOGKAbV3GmX2Ywv1ZnYRkPXyyiqYhJWEktEforRQZWuYatMQ2CgAhDEk7SV34vF3tfTu6BMK6mOk6Q== processed in 298ms
[2026-08-24 05:04:02] [INFO] [db_pool] Transaction payload payload_hash=48jyqpHYkZAF/+G62ytORnQ81I1lgZRfNHwoQjvNJWDErT0sGMyAHsnizPuS8fM6MwcLNlyrWA6cAmZx5nvgBg== processed in 307ms
[2026-08-24 10:07:37] [INFO] [auth_service] Transaction payload payload_hash=fzcMZqKFSBzwbrq/VJBalkg793EqfxmRjSKFGzWMGvnWrcgbHqusXAc+I39i0IwfqGyIB63PhHxq+XKJRhnd0w== processed in 41ms
[2026-08-24 09:22:24] [INFO] [db_pool] Transaction payload payload_hash=aI7XGpo6w3gYunPsmsuGTDE/u7L0h72TTK2ikCFEdRQ5IQhdbCoFCOL0E713qUwN4dyvJMf5znKjQErLXj2hRg== processed in 313ms
[2026-08-24 03:22:47] [INFO] [api_router] Transaction payload payload_hash=JKQdvu3Mx7x9e7DFkJrJulLP2CuqVhdeszQRuRYfRFW7p2uvmHsd/T80xu7RemqKhFaszcPjjhgu/BsNSfsWxQ== processed in 178ms
[2026-08-24 04:27:05] [INFO] [cache_layer] Transaction payload payload_hash=CpXqem4zS7fIcFfQu8P9KjhGFIsEwCzAMHpccYBCSrh3bqPIFTf/RDtwegmN2NbPrPqh1ovf3L7+GqFAlbRoyA== processed in 88ms
[2026-08-24 02:19:01] [WARN] [auth_service] Transaction payload payload_hash=fDULatG6YMBh0KXEZu+Sgy9gMB8aj+p0xqtQeQ09YTwv47MOO6QlbRI03q0hWfGnn0i91loGMlnM4wxInrtk+w== processed in 283ms
[2026-08-24 09:54:35] [DEBUG] [api_router] Transaction payload payload_hash=dpHtlQByTH7jqROBlwYm80SAK5hGyKsjR+ooB9tb5OW6eDM/PAvWNEndF+s504uujklvTM0CihwtDfldZeJPjg== processed in 468ms
[2026-08-24 09:04:10] [DEBUG] [api_router] Transaction payload payload_hash=u9/9gAYn8fmh7k1fyO1quUXHoFWDIuDrYelaqCxk0ChIUgWOApt6wVicrU34uHVSw/RSxeZ0Xcp4GNbXQ8bC7Q== processed in 371ms
[2026-08-24 02:26:46] [INFO] [payment_gateway] Transaction payload payload_hash=rfMmRcac+Vmz5gQ7PkzEQzetqjuWyN61Uiz2QFZXysKe2iFj1zOTRsPRJMmvSwUSKPuwYBURXoRB/M1f41RZgA== processed in 50ms
[2026-08-24 03:32:54] [INFO] [cache_layer] Transaction payload payload_hash=hiurTy6Z300ue22cD7RjOTLJmtwTFBARZ4MP77yxNOdN9ZpMM0FlFro0gkYH8HRiQKwjsihSvSU8nfvlaKqY1Q== processed in 441ms
[2026-08-24 05:18:16] [ERROR] [cache_layer] Transaction payload payload_hash=RrxiBx6CLuWXfSehQU7TLTcm+4QQslwKVQMmJmDILp7t3v67tT/fY9m2+AHukLhJGYyhurJoK9niWtztruVPmg== processed in 297ms
[2026-08-24 11:05:28] [INFO] [cache_layer] Transaction payload payload_hash=ehESo3OoBDqLZ5yAo3XtZothkY+vsP+JgOtC4p6FB4h2h9SmSkW/iJ/ZUyrpb1wOwOIMaeCPVqjc1XBBAUHJsA== processed in 463ms
[2026-08-24 05:57:52] [WARN] [db_pool] Transaction payload payload_hash=UJ52mJ5ZmeVX//DDkT8/s/O3hiuEzPEr7XZp+iudWGTkyUGhe52hCMVFLRGiVX/Pxkm03XprNJY6wkFwdnK9EA== processed in 313ms
[2026-08-24 04:41:09] [INFO] [api_router] Transaction payload payload_hash=JDfcxlDpIGofLYwppexO2XzLrTVnmyhrTvWBTF74TghLonaXtCk+Ednv6gfM6btumcog632SU3eQAbO4NSnSyA== processed in 365ms
[2026-08-24 11:11:18] [DEBUG] [cache_layer] Transaction payload payload_hash=CAOZVoeKeerJOtCkaJrYLyFkiGgXsibQGw1hg7N8ByinfhvQnga1EnAEEIUkL0bocCajVo4EbkP3s3pQ+qxOHA== processed in 324ms
[2026-08-24 07:00:41] [INFO] [db_pool] Transaction payload payload_hash=xG+6YZiGWDW5zPiuIVu+wYuSj0b6nJDO04CRWoHdrqa+LoJGDTLF58deyXxaK0f98kmYrALUXF/nMgnVhovbSA== processed in 407ms
[2026-08-24 09:19:17] [DEBUG] [payment_gateway] Transaction payload payload_hash=NtRRrnnc/bycjnmJGfJ8bgKxWHA0IPBTYrMraS+hXC9Hbjm8s12ihiu7KAvgN77siYU7OmouoRwkYfxUpdSoAA== processed in 312ms
[2026-08-24 06:38:40] [ERROR] [payment_gateway] Transaction payload payload_hash=cgY1P2YEYvZf8zilpkjNcYLWbcB4Ja2dkrLZdEk92PQDcOYWihrY6+DKhv8t75BSs4PmiT+VjQIw75YPu7EqyQ== processed in 113ms
[2026-08-24 06:59:52] [WARN] [api_router] Transaction payload payload_hash=LrT7I6tWeVi10BTS/yfRfNam/WWjDvtcudIfBt0oG0xu2Fu7jVCWexxkUSByD3rga7hNTI7shl6p/heyx4x/8g== processed in 379ms
[2026-08-24 02:45:30] [WARN] [db_pool] Transaction payload payload_hash=j0RRA3zePVgzebehI8nTK3tZwGE+fUSgayx7eRhxoeBHeSwPnic73YxVYOd1ihe9hz/XBHLfNq8tf/8knKPJsw== processed in 408ms
[2026-08-24 03:43:42] [WARN] [cache_layer] Transaction payload payload_hash=JYXKqoeJeNPSqknjBcEnYjznaWT8E9vodOVRF8Pjr0izjMeiijLZh+L78MMSZzwY7gsaZtb234EGoHSn/sl0Lg== processed in 233ms
[2026-08-24 03:23:00] [ERROR] [auth_service] Transaction payload payload_hash=vG+m4iHmSY1CowfGF8qioQ4yXO87IygkdQc4KNOydbNYlXoUGZCfy8Hr8pt/qgnGNp20IU3Ez0jrnwQgPDyf4A== processed in 317ms
[2026-08-24 04:21:38] [DEBUG] [db_pool] Transaction payload payload_hash=aUUmuTBXKtXcta5JesxJ2MPDUdnnuC1ZyUrARsKOigxnWfC+j8fb5F6fF0SlSX0uVWGkML/CXNmdUO6LWzrbMQ== processed in 455ms
[2026-08-24 06:28:48] [INFO] [cache_layer] Transaction payload payload_hash=8m40sPBoL95icu1xasGBsW2MtRdTfboN5eqjU1F+gdHs0RroYqEpo1RFyibtKtPBC0Aou1kohSC51VKyPl0WPg== processed in 152ms
[2026-08-24 10:57:13] [INFO] [cache_layer] Transaction payload payload_hash=GumWW8N5OOxR5m1vDdTPMCrCFLb36AtopWrPeaVI/FwqADwb0QtWK0v8eyrD9eiU5mZ5IIyJ4BsUGc2P1FBNow== processed in 324ms
[2026-08-24 05:47:20] [WARN] [db_pool] Transaction payload payload_hash=aXBFaqHuuz7jWyIF7cWZ/h85yyRauQUlIsKh4WsNfSPTxEDyzTpQNBPCWsrL1o73PBaUrrCmI8SI+VsPy4JttA== processed in 451ms
[2026-08-24 08:28:39] [ERROR] [auth_service] Transaction payload payload_hash=Nt1JUitYHuGnc6FSDjpGTAKIbhDIz4Gg10cksJFh7AjHOdbIAuHhSJ9IAmmKoZ1dD915LB1QWQXA+K4LLu6WYg== processed in 363ms
[2026-08-24 04:57:59] [ERROR] [db_pool] Transaction payload payload_hash=ufjiHy4Fq+TgS6QF+y9R40h2flUO3uRBl8ISfdi36E246dTilhmHIIjso9ukeWxULYkztbgs/gCdKrFY4xw7+A== processed in 470ms
[2026-08-24 05:52:15] [DEBUG] [db_pool] Transaction payload payload_hash=DUnA8MHBCHAOPav3CfSMeW+7VkGFUlTqjsQ19m3+nWMtuW77U2SFXut/Ip3uAQlPxXCMYWdprwiWZTo1O9oFqg== processed in 119ms
[2026-08-24 02:21:00] [WARN] [db_pool] Transaction payload payload_hash=gqpZv4MxxQTjzh/OtRJ7tBYuEE0vSiBkAKzv8JI75tn+oR8ZcHYhlnkSC7S+3FXf4ERH2Sl7K2T8StPllu508g== processed in 461ms
[2026-08-24 05:31:24] [DEBUG] [auth_service] Transaction payload payload_hash=A3fcgMiWgdXf2YOqNV6s7HOSrpos3oUhYgO+Bj2WdqwsxV2z1zs6U6eFTd0upBfV+UGspBwWhuyPzgbA4C73Ww== processed in 202ms
[2026-08-24 05:11:33] [DEBUG] [cache_layer] Transaction payload payload_hash=vzkqQuYhgcc6H77LyY+apweLcTG91zaoPMN0CNdYnrxqLMB8ThLjI5IHARBpS4ZDbDhj7Ys+1USiUFLnu6Q2zA== processed in 97ms
[2026-08-24 03:58:45] [WARN] [api_router] Transaction payload payload_hash=uPZ7pvMvHjE+EEyynZM1SGY/RyTc8PhZWqgraUkUqiyncyzVzlI8594lVBdtv/gLr0Hzfa3zdyfLA4DJ8p1/4A== processed in 4ms
[2026-08-24 06:15:48] [ERROR] [auth_service] Transaction payload payload_hash=iP62XlBJMOhBWAqpUC+u8iT7Y+PhdciPCpDNU3SBps+QaMvpOIhA7UvFRU+jpmRdkOWrb9XXucdjjknOjeXAxw== processed in 76ms
[2026-08-24 11:00:52] [ERROR] [auth_service] Transaction payload payload_hash=V7kWExz62woZhyHlQ09p5CnoMOACQhXsEAy2t3z1WkaSoQzu9gRbWT91Fm3aKz4hw4F+X63ZYVK9+z6TCODesQ== processed in 124ms
[2026-08-24 05:23:04] [DEBUG] [db_pool] Transaction payload payload_hash=7WK5UyKe1wLgAD5czQlNDqlpPE0a3co+Y+kIDPEbku7cdg90NH00Bu4U8vwBUSIYsug1nUfJT8CNmTGXMHcUcA== processed in 362ms
[2026-08-24 06:30:38] [WARN] [cache_layer] Transaction payload payload_hash=P7NyRFgWV+YJjBb46uQtwwFuB3ox+qyDj7Qhh9rMhujHryly0UvSU2MNDuybuc4Ww+BzNN94H40VdCI9RvCDqQ== processed in 85ms
[2026-08-24 05:33:41] [DEBUG] [cache_layer] Transaction payload payload_hash=Px4Vg8WRkOcUwBpV62sbstVsEcgXSdB2ykA3fnvkkdPRdHLLPLGUCQtxOvXIWVxj3m59n1j+V/nCGCHRR2sVXQ== processed in 274ms
[2026-08-24 11:19:16] [ERROR] [cache_layer] Transaction payload payload_hash=H5vT+oJ1s2dERAWoDWyMstAkwbRGcLt6uqqOFX4NzvTvSp6NuXklmEveBpv3WJoIlR7yLusLZV9IC4dB3dzilA== processed in 144ms
[2026-08-24 08:52:30] [DEBUG] [db_pool] Transaction payload payload_hash=eoyZtIrEupx60qKcYZYpZP7WKTl2dpSSkXGAjX8A59h/QMSrGec20ob/np4ukoQ7vZJIZuVNS663Pf9SF9xmmA== processed in 209ms
[2026-08-24 05:29:06] [DEBUG] [cache_layer] Transaction payload payload_hash=bjso28HgD9YCkPm/mTPgageqD4j5lUBCAu+T76dald39Q04hMnhaxljG3f30APM7cF9TbsgvC/vLOtxGP6ZGkA== processed in 149ms
[2026-08-24 10:02:13] [WARN] [payment_gateway] Transaction payload payload_hash=Yy+7xbGF2lqhN1MPiH7R8Ji94q00UZn0VPS3n/znTuKI6A13TD/bVAcT23R00OYIXrPLR1IA5mdcDs5+eoyExQ== processed in 418ms
[2026-08-24 06:14:38] [ERROR] [payment_gateway] Transaction payload payload_hash=e2oQ0vwZTm+aKqCnxa5ZgtgFV/KLcTZjoSZbuM6OGTfUskRbOaAN9aj6Y15i0QrSS+aDnz/XN9s9Bd0dDgV5Vw== processed in 140ms
[2026-08-24 11:19:56] [INFO] [cache_layer] Transaction payload payload_hash=HrIoeh4qvaHr7zZkKeg+TcnmPjeI7yXX7O0VXhqnnN2bXrsc41t/U8ShP/24B0yzWsp1+4MNkLQOUfymmCbppQ== processed in 376ms
[2026-08-24 05:23:17] [INFO] [db_pool] Transaction payload payload_hash=+WB3tjA48l6OBoz0zM8M2x/cD7Jcox/5RP1+YFDbg3xx3tJ6vgBmKHy5LlN3YkT22d16zisdnn1Y69RumPrSgw== processed in 273ms
[2026-08-24 11:11:53] [ERROR] [db_pool] Transaction payload payload_hash=ujfJwSD7JY6RGDjm+4tYwMj0JliPg27iJu2swa6VPfmUWtlPDhAPu1bVntV8PQqlPag5JacWVIVT6oprOgTVFA== processed in 341ms
[2026-08-24 11:14:31] [WARN] [payment_gateway] Transaction payload payload_hash=EmJ5klWYDvG2FPF2ktJ9pB+G5nIUScZYRQZlH8uVe96Ik2EM3nGA4yBTYFptUrjl0bPpSIuVTq8n3wDuVWbnbQ== processed in 43ms
[2026-08-24 03:30:52] [ERROR] [cache_layer] Transaction payload payload_hash=OafIpQmiqj7ZLN/z0KskitPyrH2WEjRZKW4yWhJ81kE376KBk0S2FG+nHm88iIZPonevi7wHmwzyoylUnrV/Fg== processed in 456ms
[2026-08-24 07:55:41] [ERROR] [cache_layer] Transaction payload payload_hash=Agr71nLVxUSW4zrvQc/KjLrrOt/nszbwQxaZFirEeUijebCXQGz1b4PRqlHzu4mGyLR7c+9Lj2vQ4+S9abIehw== processed in 120ms
[2026-08-24 07:49:14] [ERROR] [payment_gateway] Transaction payload payload_hash=5QT579OhM1A4bNJRyY4Fs0Lkb8EgYkZUmFOT3fO3ZyC+yj5kKych2ZY7Z4XlJjxZtNbXdsDE1XnJ3cqCz8iwaw== processed in 11ms
[2026-08-24 09:16:59] [WARN] [db_pool] Transaction payload payload_hash=6NHAzu+9vudc48o33i5hS2E2I9el1R+CCEx96LoEc9vaZXjx3hUOYU0A7BmkNPSB0CcNPNdfzUzT4ZtRYiPzpw== processed in 162ms
[2026-08-24 04:04:29] [INFO] [db_pool] Transaction payload payload_hash=ixISUfWZIVHvQi0jjRepQHHaa7YGjs33ZHi2eGmc5Wg/CGfXhuAhXXG6rpUbIEExE9JjiHtTr5SFXnA4vF1h6g== processed in 118ms
[2026-08-24 07:31:49] [WARN] [db_pool] Transaction payload payload_hash=danTkYvLzHaZ0se3gD27TNdkb9tzDmgpWRRWSRSMFSMknk3n1fFZlrP3Zy+87NQIjXhFAchtujEVsS7ND7gU8A== processed in 310ms
[2026-08-24 09:00:40] [INFO] [payment_gateway] Transaction payload payload_hash=Hgl9YH0TWQqZcI0mQ/zzWkIANwkzQKob4y+PybztMZpITTfh0RpXIsYPLnK3j2UtJUrt4Iu7OS6PohDKfC3GTA== processed in 188ms
[2026-08-24 03:09:15] [WARN] [auth_service] Transaction payload payload_hash=zqF8vROCGaKenGK5fmN3JCBfjou6+4oNFbHfmZletwnrNZrm6PER0ZFo8DgMq1BE4Q5Zvn/Zb2UFRJoVoFymFQ== processed in 361ms
[2026-08-24 08:28:19] [WARN] [api_router] Transaction payload payload_hash=/RAkiK/4WpfO4C1qOB6zASnQhJwHTttqxZvGSk+jPjkcj2Gn2wDrtyXNr1TK2f72aRj1ABehLVVHIvl1DUnRmA== processed in 262ms
[2026-08-24 03:41:29] [INFO] [auth_service] Transaction payload payload_hash=1Ij+sY8JAfFWbEECpeecQEOg9hfgIzALTui1IEDoHjgBElJR3mEuGB2hJj67S/LE0zXhc/kZmSY7dFartD8OIA== processed in 77ms
[2026-08-24 06:23:58] [ERROR] [api_router] Transaction payload payload_hash=WBlXgDdiSB9wNMzss5O3HZ5j4IeUB8KwIVDkIOo18zz9QwaOQ1h7SWQ/3axTVjhXAmUFWWu1W3LnOWSezvmIng== processed in 212ms
[2026-08-24 05:42:31] [WARN] [cache_layer] Transaction payload payload_hash=/NwYyCI+jHH2xuivYAwyifU0jfFowKA+WKKnyrdmE169KVzTg3aHK4X0TSK9DWSr/vE5Ymqp+f2q91ApSROuiA== processed in 348ms
[2026-08-24 05:55:18] [WARN] [payment_gateway] Transaction payload payload_hash=LKicQFzxCB7UE3UxqATLWiBjq7sdE7Jop0NdpiudJjsfBR/5ewXXIYS783MOD7thPQ45vlCU0VFdmiKqawNiLA== processed in 417ms
[2026-08-24 04:03:41] [INFO] [db_pool] Transaction payload payload_hash=Dt5UlaBFEZrW1MCxtifNm+efNShITw1ejKdYMgasvjQSonlcOSkb6Q/UD9wgpaTVB1g3mZ/eR92vbUe9KtEogA== processed in 116ms
[2026-08-24 06:02:13] [DEBUG] [payment_gateway] Transaction payload payload_hash=fDjoyY84EJfS5K1K58MLgIRcUJ/7URvg8SMPrFg/tNODBuVOea/YGost5z6qAdn2oV/aFFc3liui9OFDwxPVzw== processed in 69ms
[2026-08-24 07:04:23] [DEBUG] [auth_service] Transaction payload payload_hash=KwV0z9hA9BQSBIhqqucxKhA56XS/om92xGcAfHZWqpDHmXlNFFxStgLPvhvqWIfCFzR/utLAvq98670V/9JZBg== processed in 368ms
[2026-08-24 06:51:52] [INFO] [cache_layer] Transaction payload payload_hash=7gYkySU3iL6Inwbatua3C2iUUwUBIvbztBRkvzp9Pe1BklqPGWcD/svd0NRtPmBnj/nLITj8Ks/erjNE59RxMQ== processed in 34ms
[2026-08-24 07:13:10] [ERROR] [db_pool] Transaction payload payload_hash=/FpyRoOYw9bRsIXDQyXMmvx1BvFyG9Nq/T2b0lmhPr9jXYk5W3/ga3ND74MTPFRcMS4ugsIZsXi+mCeU/hV2Kw== processed in 484ms
[2026-08-24 07:50:30] [ERROR] [auth_service] Transaction payload payload_hash=5Lj8BRdlfDy40NOVwEob0SWdcviPQaLTnZowACpKH6RyjY8kxDr6tTa735aOZFCVObYxlw0OVVTJOnR/LpJslQ== processed in 134ms
[2026-08-24 06:45:02] [WARN] [auth_service] Transaction payload payload_hash=3g7+U7gC84l7UD4UFgaJAMzPbA1TEIJ1kORh6CT+775zSiWCojTz3XXoMn7d5v6HqwFqxjHl8dxR243o8OydXg== processed in 424ms
[2026-08-24 07:21:18] [INFO] [auth_service] Transaction payload payload_hash=2lsnPHihaPTeK54kF1XUM3F8cCmIOVitvJFyfry04/mvRU/eOVK0lKVruj9hj8BocUTxLwbhvSkNXNiCerTJhg== processed in 29ms
[2026-08-24 09:52:26] [INFO] [api_router] Transaction payload payload_hash=jF48O130LRcmHYKualL7vVvwh4dI5jlKU40epBQMJz3bscqPHjCyESABBZtq6iWVjRxWgn9Qyg5QQq3NpLOXCQ== processed in 249ms
[2026-08-24 08:29:08] [WARN] [cache_layer] Transaction payload payload_hash=uOba+a2oamAAmAIFLK1sV0Nxs4u3DOift/VyozIs6i3K4JuW5bj9Nk76acQC29ZxqSsVZCpryytVlRat4fPFDA== processed in 385ms
[2026-08-24 09:45:41] [WARN] [payment_gateway] Transaction payload payload_hash=Zt4EnC/CVl0fjJHm9Jeb4iZbYqBFUyO1rYIj5UXmip3PMRljVOw0ovXd+gzqGvFagNUy8z03e7S1o/DlswlehQ== processed in 96ms
[2026-08-24 07:34:52] [DEBUG] [db_pool] Transaction payload payload_hash=Y5QhsaBxidOySKDD0E9AgCJLMNidCfhtvx3Cy+YPWJtLPRwow+baeNHpTOmTNBsiseOq4xrNfZcduSQ8HRssxw== processed in 481ms
[2026-08-24 08:40:41] [DEBUG] [auth_service] Transaction payload payload_hash=rYIZwsvTZ0RtEbId04xkpUNUrge7TBYoIlUmWxT4+WkwC7f8rDmgHU/AfQ0wlWqbFVEWZv2/MV5I9Jl6D/KV3A== processed in 308ms
[2026-08-24 11:21:37] [WARN] [cache_layer] Transaction payload payload_hash=qmhFdaVpsYjXfL7hxROxC5UYRkgsqnKPCaBuWH6JJdNvBaBjkGzdlpZRHFaqlueROfutFbzIxwyl9r0HaSMtaw== processed in 263ms
[2026-08-24 04:10:21] [WARN] [payment_gateway] Transaction payload payload_hash=/lzKMKmmXYwRQLQjHruQnXZ31wqdy54TS2BFi3hWvGqigj8N41EJ0xzSOhuowTBlZ5LRMYxvEy+9jcxHiCk/GQ== processed in 104ms
[2026-08-24 09:03:34] [DEBUG] [api_router] Transaction payload payload_hash=J/5qSIuK/Eme+DVau+Na8anGj4To5Y0itFMTO8jVViyX1LvXiL7zVcFJJ8ugJWFAGe5rcWKKnBLHWXKsC2z3oA== processed in 293ms
[2026-08-24 07:15:35] [WARN] [auth_service] Transaction payload payload_hash=AA0MK8n5VbOoyPm9NB52TLcbZwn3HXEnvN64vkr2uxF77J1b0OmES0JhYmXH/hHdgNZnWLvxoHbBDd+mfFoe6w== processed in 80ms
[2026-08-24 06:58:07] [INFO] [cache_layer] Transaction payload payload_hash=N56jAOV2Z7s1ukmtNOT8jWhDIBHalwUGllyMnMEWItSkB4/uKDUK9uJOLIrPayOyDgWoZdr06bPBl5l19KORSg== processed in 48ms
[2026-08-24 10:20:01] [DEBUG] [auth_service] Transaction payload payload_hash=RLN12txvL1d62I/AxgXTl3IyzspB5qpPpVXGaEBtJb/T2n2jdjGvxKdv/gD2ccmQiZZF4AnTM2/dFUYR0Gm7Og== processed in 139ms
[2026-08-24 07:38:13] [DEBUG] [db_pool] Transaction payload payload_hash=g1926I0qXjneLtuRsJjZpNgZYxPiPVJb82+Sq24SpBo+O9oFGhwnx8v4mcLC1POzIAyOJwXZcNZHOUed/RfZHg== processed in 68ms
[2026-08-24 09:05:17] [DEBUG] [auth_service] Transaction payload payload_hash=+gOAPo9QWYngM84gOi8IfttKLX1JnK0VwpJSsRDg8678aj3vBooqSTb0xl3t8q7ijvHiNjSCcy4IX6yf4D1Zhw== processed in 233ms
[2026-08-24 09:54:46] [INFO] [payment_gateway] Transaction payload payload_hash=IHHhLcGh3L5MfHlf4s8kkBRXrEv1JScYMO9zwZlb4ho7/9i1kcmkCIaPtaiPAV0tHD00TaeQqc1KK75lIxS94w== processed in 160ms
[2026-08-24 05:25:13] [INFO] [auth_service] Transaction payload payload_hash=KAWrQm6cNMdWptXgi7nN+FZQF84MLPKWRzIo0FKUSpKB2n4lhTtqJGEQtqtpnSrsCPCj7akPFlQFNzRzW9Q2hg== processed in 136ms
[2026-08-24 11:13:23] [INFO] [api_router] Transaction payload payload_hash=GzUShn9h7p90HOQgWQKsfm/I7UY+ewQxwB7EY/mfzYEkVEQBurC+N9NSgjM3hUqJBRV0bEzafCJ9QAiH16zc8g== processed in 455ms
[2026-08-24 09:52:42] [WARN] [payment_gateway] Transaction payload payload_hash=Zfd7SdCRTAmQzEkhe90tVyrcTWyY42/YXHkloB5Q8StDA12c4FiGv8L7feV8SM2yoXJwqWQhlxmryL5H9BzaTg== processed in 208ms
[2026-08-24 03:37:51] [ERROR] [db_pool] Transaction payload payload_hash=I8cufci+fgS+1iltcICnWJBbAbZjuvVgQPmAEUQbTcliWNd8/rf+sNiA0UFOfNawU7DBGV9og9BdvpSIAWnkvQ== processed in 482ms
[2026-08-24 10:48:57] [DEBUG] [db_pool] Transaction payload payload_hash=rjLRGxF1+Z7KjxO2aaAWxQDpy6OxufsqqGD5Ye+L/3NOvN2uwPUCRMZhwUJ3KQXeIvbzJkNA0lf43vHoKEAX1g== processed in 474ms
[2026-08-24 06:09:47] [WARN] [payment_gateway] Transaction payload payload_hash=V/beEbiy3SSDIjsQV8UEVenEmzhBmwZol7mjBE34Oe+EzUDzZXFZnKUr+Cc7l206RgZKmefn5/og5bANRoHjIQ== processed in 292ms
[2026-08-24 10:02:42] [INFO] [cache_layer] Transaction payload payload_hash=a7NYyVY+ZJpVeFd9VZ+fWvEg3pWdebGl2bu/S1cBJtoREBWtkwBhaXZH86GFPu90L8ix40EpNxMSqNmYZUHURA== processed in 186ms
[2026-08-24 10:26:00] [INFO] [db_pool] Transaction payload payload_hash=7J/gIHHwJtogjeEptdRjjWa8Msm2ewGu1CeKs2/jpFOft6cnaCCeaUslsKj5rRJaAHds4sknVMR9zWjhRMmzTQ== processed in 423ms
[2026-08-24 03:52:58] [ERROR] [cache_layer] Transaction payload payload_hash=SyNPubXPfIZEKZ57JvVyfFZkdquF6O/XBd3UZMjzNw0cltdVzeAWWL3kj0XFEtUSecRaTr8GX+1h74dj5l6qQg== processed in 32ms
[2026-08-24 04:31:16] [ERROR] [payment_gateway] Transaction payload payload_hash=XzGBY/gXX0+Sf2CyqHhSApGMf+jEBOeww3ddPwL9xV2c56IIOQme8MqlwfbAIO4TRyRWrfgQNXpMQmpWD+9OBA== processed in 18ms
[2026-08-24 03:12:10] [ERROR] [api_router] Transaction payload payload_hash=1DcpEWbfDJTz9jXJfCClAZm7LDcuvl+Kd9fOCA91V6s6i4ihER6iQJQE0IETheZ9W6FdpDlLv8m33dMd7LEySg== processed in 380ms
[2026-08-24 05:09:34] [WARN] [payment_gateway] Transaction payload payload_hash=t/dTUDlgd88VL0x8tpSN+W2qf3G7wo40sHk+lN/bNAVR/wG8hsNldolagkH33rGkeVEwBD9dHznwsOF/YfCJ3A== processed in 130ms
[2026-08-24 04:12:00] [WARN] [cache_layer] Transaction payload payload_hash=mSs36ZYoFoRRuP0pAJC3hMtX3ukAXZ5XsipHLeWrDNHUNDO9FL846Ns07pamNRE/4Atu/SSfN1E4SPpZvijSSw== processed in 31ms
[2026-08-24 04:36:07] [WARN] [api_router] Transaction payload payload_hash=Q3VGUZ+iofLhp36LHnFSroT9e88/tizUxDeXHky4Or0QKc2W8h4VewIIgjNl6B7bL8kLtZKqWLF+CJANcMnQ9Q== processed in 415ms
[2026-08-24 04:25:50] [WARN] [db_pool] Transaction payload payload_hash=1n79X+rSgqCrafgnxMJtZArjyPtwbCsgB4KnWrIsHyGxR0CrwhP13KgHlLLj5anOIbQIkkMkMWPawoIBjS5HTQ== processed in 272ms
[2026-08-24 03:47:20] [WARN] [db_pool] Transaction payload payload_hash=+k6y0lF41OHhJsvbrc7s6EAb2VgmItCOt88N4f2CUO7LUWdF9Q5ppAL3x6o0qNtoitb9xocyxG8ua/Sc9vCfYg== processed in 133ms
[2026-08-24 08:32:30] [INFO] [auth_service] Transaction payload payload_hash=QJWJ9a1Lw+E1v3Z5TlmdeBe6LKMtlXijEyZULTByLPvLiOprWfYP2NVsFbO2ecFxhRQjN0Qlwi1KaBHPimlerg== processed in 445ms
[2026-08-24 10:31:19] [DEBUG] [auth_service] Transaction payload payload_hash=YfeKkj4AorRhcuM5pNzIOW0ViiPKnclI7DpM0T21kA5w7EuPLPQLVhla4c5YjT1JiGUNMC2xQn5NMM3+/ENF5Q== processed in 276ms
[2026-08-24 10:11:29] [DEBUG] [auth_service] Transaction payload payload_hash=T4+Oj2ONuThDq83MZ7FxNKiEtdQ00qUi5wqtRrJxx5CuIjsijy29AhWPSProfRH4vNHgDQfGGjZAOg4OiWjxaQ== processed in 311ms
[2026-08-24 05:31:04] [ERROR] [api_router] Transaction payload payload_hash=59vx9fj8BsOgow+CtEjKjon1mMJgWAv4QaOsyMgDVE9iRds7l7Zo2BpgJHTzrrLxljh3ytf+6QU0X0o26x+IEA== processed in 427ms
[2026-08-24 10:01:52] [INFO] [api_router] Transaction payload payload_hash=/UwQ988ruFSAdL3uO49dM7VJHxr/90kQltBemdZZezXmFPlgGmD4GwUJUn0HuLMxHxfqeKQiRi0qywYM1/CYpw== processed in 81ms
[2026-08-24 03:34:45] [ERROR] [auth_service] Transaction payload payload_hash=owMCsYvdrjj2BXLHln7kqSQam6PUm079kpActPVFqso1yaxGG39pZGC4HCCyn8M42RYI/hYFnUAF4O46rvMi6g== processed in 98ms
[2026-08-24 06:40:05] [WARN] [cache_layer] Transaction payload payload_hash=U4jg65DZoJTw2Yg0bXkxkgwBi9YiXnXBACJJTU3pwrTw9c5ZzTvAPLUhhl2p+05txUaTJwxFhTgeqEulrDNLAQ== processed in 398ms
[2026-08-24 03:06:17] [INFO] [payment_gateway] Transaction payload payload_hash=aQt3Jiq4bvDU3fj4sMOwSfGuoioNIaiSLsqAQe2ucsQytJvHrCPwYlTc964wPpNVf6ObrgaQecSCoyM+Sh4avg== processed in 395ms
[2026-08-24 02:44:15] [DEBUG] [auth_service] Transaction payload payload_hash=n5jFkYS754TlInjrGcxyF/BZbHJCWMeuyp2rDp/ykwFFtqDLpQAUVNslyUkM7YuOBidjuLP2jUg4SUfBHwRF7Q== processed in 102ms
[2026-08-24 10:38:29] [WARN] [auth_service] Transaction payload payload_hash=hSaOvsykBqWmBeuTKQ3AMOqUdpp4sVvJgkaV+ygz0gNWFuPF7lphYxM8Am1Ee5joJIMiRthiJFcYS0+6mjkB6w== processed in 311ms
[2026-08-24 06:22:11] [WARN] [payment_gateway] Transaction payload payload_hash=e4RIDfqPdupsnH8wy+0LUR6Z8lMDYakRYjGFWvv/3dptcWjb8WMKehqSjvmT0L7Uk6EeHn4cBkE/MkES0E7/6A== processed in 119ms
[2026-08-24 03:23:41] [INFO] [cache_layer] Transaction payload payload_hash=fbXxc1iiTM2UiU41UW/+5RIdAYwwucJP5aeAnOB3hKwh93YYR6JSeOCdR0DMkBEcngsKt5jYfGK3BChMsC/UZA== processed in 60ms
[2026-08-24 10:45:30] [INFO] [payment_gateway] Transaction payload payload_hash=8+8ct+Fb2fFElsnVfJxTvUTD/lQKxO5PvIa0rf4nyE10le+y/HoRjPwsfOAgO6HmiELeCFgH2ROMHmkV9BIilg== processed in 51ms
[2026-08-24 07:04:46] [WARN] [auth_service] Transaction payload payload_hash=3u3GEOX02qbvyB9JdBGMf8EXg1ZZJSv1vci9XtYzckqNvBw+lWDuJUsszPLLo/radEmTDA2x449MEf52rue1mA== processed in 198ms
[2026-08-24 08:14:57] [WARN] [db_pool] Transaction payload payload_hash=K+tprUDSpblk/fMTfHKq1rcCxqMIDy0PXOjOhhBVoYJJg398pM/ch7ACHSsx9dN8Blg2MHgKfV74CfW2rVDl1g== processed in 72ms
[2026-08-24 04:13:39] [WARN] [api_router] Transaction payload payload_hash=5ofG+VgYHZe+X3Bb12YkG5vtu++QOWIa98YO9PXL4RYCztq0+9O0Y4pdmMwXCu4S1zT/083gwJ7vSeZS6Cl+fA== processed in 318ms
[2026-08-24 04:08:26] [WARN] [db_pool] Transaction payload payload_hash=xzGOj4WpEuXYSZaLrdKNoUOBp1yy/8QQDBRPDNKxxk3Pgqynwj1bYR8Za3V2ZXvsphm/VdTMXqn5DO6ek3r4Xw== processed in 246ms
[2026-08-24 02:35:54] [DEBUG] [payment_gateway] Transaction payload payload_hash=4tgzNXsRP/ekcbt8bRDD48b7M69JzbnoK0cQaI8DHi8pNBo5sAQN0TCHej7SPJBhN51ADDlgtUja8pC1gH554Q== processed in 476ms
[2026-08-24 09:09:17] [DEBUG] [payment_gateway] Transaction payload payload_hash=/jLtZ9ijxp7k252GUQA+PYcNuNEyQ9ue91kvh1pukZiAb2+ApnD1j+UjtIHQEETsARhMu/8awRtdBrOGcseRRw== processed in 306ms
[2026-08-24 04:47:12] [ERROR] [auth_service] Transaction payload payload_hash=xR+gaBCgznGM7qRt7ELhGdxF68n1Dpp7W2axSrsk7XlL3h6G6iayStcVL3/SYORGhJ0yUNT4OQD5NTzHfQoOWQ== processed in 420ms
[2026-08-24 06:09:30] [WARN] [api_router] Transaction payload payload_hash=ydr3vhA1RUqh5DIa1g6KR33GnKfWeF6INnUI4w9uaPaaxWpTtGyUNC6tj+olD1vz75mhYUlRzUM/RV8/gY6+rw== processed in 233ms
[2026-08-24 04:32:21] [INFO] [cache_layer] Transaction payload payload_hash=SuQHEIiG3JM/NkmMo6O/HyTb7lZSAivGHwtxJXA8pI+kBMlkqZX2+RPGuY1cE0Ixt1kwYRK6EGFC1ZpMhlk9oA== processed in 351ms
[2026-08-24 04:13:18] [WARN] [auth_service] Transaction payload payload_hash=Euvf6/gS1JaxuhxK9d3KsBeNGHAbCZ1AUZeMloQcCTVCAXv1ROdPgDyuDFVUKfXK8ZaeWx1wuzx24T228iy1Xw== processed in 231ms
[2026-08-24 02:59:24] [WARN] [db_pool] Transaction payload payload_hash=ObwBdr3kt0Fgu3Ej7GnHa645mPnNmbx63PkF7sAgWPmYAsZYpAan8OFk4xXeOtD1SBqKH9CarlE504DJvgxCSg== processed in 140ms
[2026-08-24 07:17:50] [ERROR] [auth_service] Transaction payload payload_hash=X+NLitjDFuBx7N2ZnrXM7h8lrVFQoZTL6Wr5wrTuAHvGOvQNzhCtvCsWJbh7dTlvfyBbnTXNezn6bmVSgG0tOw== processed in 298ms
[2026-08-24 03:47:28] [ERROR] [db_pool] Transaction payload payload_hash=5UM9gy/XDt7FF0MDOwoAuolIr1gjzPlg2Ul7+yA9vu2FYup8WUEkpuVCvNc94qSsG4Eu9lU+IUme+DUyr7Z5ng== processed in 160ms
[2026-08-24 11:11:21] [ERROR] [db_pool] Transaction payload payload_hash=m3wKTvNFl3hjhAAsOaIrIaRlQGmxKWx7BGwBts0pr9/CeQRaoy/X2j1kAUg5ZDni3fwQ4GW3tRQR9DK0s6P6dA== processed in 458ms
[2026-08-24 11:07:13] [DEBUG] [payment_gateway] Transaction payload payload_hash=zGpB1L9bP6Ch1QWCXjDqHvyI1yGtVG5Fim2tW6fsgtyHA0ciMc0h56EUtjAyy1LET1If6y6XZ9ZDqG9d5SN+/A== processed in 458ms
[2026-08-24 08:23:58] [DEBUG] [payment_gateway] Transaction payload payload_hash=S3ljOFDVcu9KlY09s1c/KKGLiEoYtJBZjrFwpEMGYWY9uFNcaZAQOrHNIUSjKvMFd8Uoh+BuZs8ETJt4pwjQFQ== processed in 493ms
[2026-08-24 04:04:57] [ERROR] [api_router] Transaction payload payload_hash=4iOxwFspdTgBQXgv0IaUopFUOL+C8gg0ABxp0TuO+x6eO9uRU+Fki4nvv6eXWu2L3Y6TTq8g/5Iu1oJnx3Rodg== processed in 65ms
[2026-08-24 07:40:20] [ERROR] [payment_gateway] Transaction payload payload_hash=RImNPQ6Nc0rz/H9dQZijYrUCZPi11ic+9eoG/m6DAbDQAU1M7bSxHP9bl4Hjud6s0+ScTAks9ZNeBUYh80X43g== processed in 434ms
[2026-08-24 11:01:18] [INFO] [payment_gateway] Transaction payload payload_hash=aFsNvWSQ1TYIjAqwWwO3xurKMPRKAsBLKbkuNEbJE34cxudUhIqiexTLJAUf91/RaCJVxNY7I4WVdOBLBjv2qQ== processed in 254ms
[2026-08-24 09:13:31] [INFO] [cache_layer] Transaction payload payload_hash=vg/z6L+wUY/i6a3+K3qoWuK5pD81QxIga7xQsm1HAq2mEK705p1wWxFsB3ww8lrFliwomOKIGsgGf7ohR0iMUg== processed in 87ms
[2026-08-24 04:27:21] [DEBUG] [payment_gateway] Transaction payload payload_hash=jmbW6bVIkYQTvhcHDNqVqUlCUCBR2hivwLtD1/0ZorlSvYIFRrzWwZ341UJW+6ZbW8QTjiMypVxtqwL74KsgIA== processed in 450ms
[2026-08-24 05:30:09] [WARN] [cache_layer] Transaction payload payload_hash=RMJ1Ee8dvP7R7ikPqtQ36Dl6HhKHMTz5DbLyIwFRnlYU3fzpdkF0qBisMGQ1TiFELmje+R4sUjVydlQ3RLpzFQ== processed in 273ms
[2026-08-24 08:27:14] [WARN] [auth_service] Transaction payload payload_hash=tj2dWO3OM06CR2ZTJfcXD8YTuONyFUxlQa6RkrBoTz8l1S+UA8qS8WL3jxdDrcA+eG4lctA35Bgbu/00pkVjnw== processed in 66ms
[2026-08-24 08:23:21] [DEBUG] [cache_layer] Transaction payload payload_hash=JKT2zanRFIP0qpqpqFxmsUjKoGiDpvWDmQmm3TYr1k6LW6KyyDYM/EDBDzXtT6qEKaraLIxXJq5RwAAOJiEQAA== processed in 271ms
[2026-08-24 08:26:39] [WARN] [cache_layer] Transaction payload payload_hash=luBaLmno0d54TBt9fp80yu0ovBrdV17MsAVl+qLg/vMhlc0sDl5H/YFdrn5FCh+5SZDHKhCo6zItvF5a5MqMIg== processed in 441ms
[2026-08-24 09:16:55] [WARN] [cache_layer] Transaction payload payload_hash=cIGhU9LL36UV0RGB8r20wQdAFJT5xVjnyV6SyJ5u4ObEnS6g6kZBvkVGRL+uauMuaBASe9XTpgvwk3/LOWlhQw== processed in 242ms
[2026-08-24 04:43:46] [DEBUG] [cache_layer] Transaction payload payload_hash=S9k2q4BsEY0tBRglfxy7SXV4ZJ8NCCguFzw5s+0uDCzkdSI8FpVvSVYSgDJUy1nlsou9S96MbO+Mq2fCOnLqPw== processed in 100ms
[2026-08-24 08:05:00] [DEBUG] [api_router] Transaction payload payload_hash=J1QABkI0Yok2NfTrTinJsMOLpuYYO/QkyYN0QAZOBZcmmpwqj+UV0wgMtRFmjG9E44k4tGoDR5Jqr9rb3MB1xQ== processed in 318ms
[2026-08-24 08:18:25] [INFO] [payment_gateway] Transaction payload payload_hash=N3J2MG5hF9ToZtx66gb+/MLoxb5BVbUWKXSRWltLLCKcnlFt5b4fpl+OjYtprrjqVknGuRka5GpwQeCdRIfrdQ== processed in 27ms
[2026-08-24 04:52:34] [INFO] [auth_service] Transaction payload payload_hash=yDc52p50GOjEmkEq9QW+af0AMFacV+i0NFzYydQVZgH7Dtckg2DskE7jxHiaGGTmhLlzqZ9hE05NK9mb9xm7dg== processed in 479ms
[2026-08-24 08:38:39] [INFO] [api_router] Transaction payload payload_hash=tQTv7MvJIO53e2OZLiyLsNgbdNoT+qxVQVKhnQu0vLOX2DTGx84FtiBZeuiJ4jm/FTW3dTQPWN66PG4YdyiUIA== processed in 487ms
[2026-08-24 02:40:56] [ERROR] [db_pool] Transaction payload payload_hash=tImhJ40pLYZlUjgO5qj6OZhjzwMnV1rXZ0Ss6aNr3zS3N2bnfiFxyNI3VdSw+NZ/mDhxATFyPppda+wZDX/TxA== processed in 177ms
[2026-08-24 10:01:18] [INFO] [cache_layer] Transaction payload payload_hash=KYLrvRIy685IsgVEzpJfP8kSmqo9YzYOzH6LnUs0sk4pu+602uARCi6XWzdUShZ5J8BCSPX/wCIb4r3IqIuXHQ== processed in 230ms
[2026-08-24 07:51:27] [ERROR] [payment_gateway] Transaction payload payload_hash=Di6OjbwTNcJBTIKP41ua2eByy4K0TUr+rXxssxTXuUGou+/rzxHtwdlRGjt+2ec4Eu4N+hV+FVv9e1KqLyEjDw== processed in 68ms
[2026-08-24 03:13:25] [INFO] [auth_service] Transaction payload payload_hash=kdy5cadagZdB7VB8d+UQwElEh1ImCsW0hIBaT5lM301YeflgOFtF+dDHzUZNvcFMBpf+2RhWAlXn/UfIWwqSKg== processed in 410ms
[2026-08-24 06:48:37] [ERROR] [payment_gateway] Transaction payload payload_hash=xYhIxiYUhwnMRadBCfe50IGbaPwKOEByK1uUzZOOv66ppvmVOwib4e3Q1JCKR7fJCOekj0nVbUIGXjQa2FTSew== processed in 56ms
[2026-08-24 04:29:42] [WARN] [payment_gateway] Transaction payload payload_hash=2HIjwPyM5fwaPajLIEzN8/ZAAqBB4Am9yrlJ7z0Yq5ZE+llxfhB5I5wnbqnHU91Ny2UlMvGfHq2KlkNZfvthpQ== processed in 55ms
[2026-08-24 11:17:11] [INFO] [payment_gateway] Transaction payload payload_hash=OmH0A7ebYW+SjgiJd4Y2iD1oVsSwbALXbXtFrJK1/ehQxS2gFHqt/toAdjrqA7nalmlO83b4nD5TfXCFnVjKBA== processed in 131ms
[2026-08-24 08:25:07] [ERROR] [db_pool] Transaction payload payload_hash=A09jrmy1PYQ9TolBYp+m00jx+HzKQ9CvudgNEy8WCYFfeP/WXMJIkwolRoypLxOfx5hpJdTM5flTeomiPVKa2A== processed in 387ms
[2026-08-24 10:03:23] [INFO] [api_router] Transaction payload payload_hash=mnLmb4h5eGstOHWUaTMQzBya122GaOonHTExoKhaZtUHWzENo25cDEy7DZ8o+txLykFClP7N6wUPDA9YFrMHjg== processed in 226ms
[2026-08-24 07:09:07] [ERROR] [auth_service] Transaction payload payload_hash=kVoNcClm7zXefOtNg9ntiyYxLFw+9YD6ASpnCyrXf6oJbk5GhBpR+ixolUTXpQK+venntLpdkk4GaAbpYuxlxg== processed in 400ms
[2026-08-24 08:54:52] [ERROR] [db_pool] Transaction payload payload_hash=sngS+UAaGBUFG4aT+rAQXGq1CjPyEN1Dzl+5UdppqIiBCFPmp0CSyIq+3jSw9IZDpAa0zT3uku3rH3J01Fde7A== processed in 400ms
[2026-08-24 04:36:59] [INFO] [auth_service] Transaction payload payload_hash=HbWMvh+0E+B2AtAOnkj5ryTDKO3YtW6RGgX9pg+BAQXs47HeBpcXYAf9O6r915645TxaadakoJztfUR3zdh2oA== processed in 1ms
[2026-08-24 08:09:37] [WARN] [payment_gateway] Transaction payload payload_hash=bguViH/vCt/IeuxBI5YlDTROWKODeNRODSfYf157XlSH/1cWCOTsR9aBsuPnYnLgfIXB+fqHnXMpqZ6gVYiisg== processed in 232ms
[2026-08-24 03:23:54] [DEBUG] [payment_gateway] Transaction payload payload_hash=x+t7C8YVBMRlqNrbRm3PxhYmBUXWHQ4PC0Zfd6TKlazliowKesI5JWuHTXvufV7WbUwtbbvtH34dQWSgFRFpgw== processed in 440ms
[2026-08-24 10:27:25] [ERROR] [db_pool] Transaction payload payload_hash=V/lYGyly5vuGdE6Jn3DXeabq06tI4Z6mvX8AB8l3V6IJm4FHauXbaMHU65gA5566F6QkHn0kWfMApJKAhvPc6Q== processed in 99ms
[2026-08-24 02:19:09] [ERROR] [payment_gateway] Transaction payload payload_hash=sma8wiU2WQLLxiNBku7ktkFCsdl5rFqq+j47GTeinEcQRFawM4BFgVkOxT5K+/DEYh0Mqdx8l0OnM9AHz5dm/A== processed in 382ms
[2026-08-24 09:37:41] [WARN] [cache_layer] Transaction payload payload_hash=C1IiOB1KnZPdTX2sCwtk4ralA2pE8KR19CL6my2KW49jlCDdUaosmV9gMLDgPcwi5/u9QClFgvyp3k8/rCd/Tw== processed in 124ms
[2026-08-24 06:32:37] [WARN] [api_router] Transaction payload payload_hash=BBx+H01FlNOs1tf6MC6M7CfU6vRTKmCTM3O5cUc2N730izVg8eHJnOZFG95/J2CxtljnthudCw0oWH53x4IrwA== processed in 389ms
[2026-08-24 03:03:32] [WARN] [cache_layer] Transaction payload payload_hash=bmwz1DujDOZfFlZ61xDFX6usUCgSCKh98Js3Swiostb2pOu7RF4uXnaYcXROERBAt6vf8wcxq5u/TRcLwEjB0A== processed in 13ms
[2026-08-24 08:12:58] [DEBUG] [api_router] Transaction payload payload_hash=T+x4Q//xJ70z7ua3XVIHfHOx0ZP5jcDXPXLPfGxxoi7hdUsNaA+xNUgs3KEu3T3LqSywYfCJ9zDxdc/wcAdWdw== processed in 177ms
[2026-08-24 10:35:59] [WARN] [api_router] Transaction payload payload_hash=XUr/r1kw9SovpWFvfdH5jraWuSCbuttp3oupRjKaKV5SacHkFUyFrnaLUlYhS7a0YuGJD536Zut8CNN/TsnH/g== processed in 260ms
[2026-08-24 07:53:37] [DEBUG] [payment_gateway] Transaction payload payload_hash=1Oz//6ZaZR9BS9NpoUg4hSeXaobI0neLN+ODmChTLl2XD5Yx8ETgwmxwNuRmjRiHzeIJsbsmT2Vrv4ZQCetpWA== processed in 499ms
[2026-08-24 03:11:37] [INFO] [cache_layer] Transaction payload payload_hash=tcQXw94UxWIPo+GW1LtSqsXITJ+qk1WEh8A+v8D/vhTW6znwMb+3Ti4pLG47592VVuu+mtjevJ+5hwt5CfQxQg== processed in 12ms
[2026-08-24 03:08:23] [WARN] [auth_service] Transaction payload payload_hash=1e++6PH5UXlRk7D0Lq3hXCZKVEdu6UbcBlnRuZ9unzvLQMHosbrsdt5o+XqrbHyqCl2O2tDTAhuakeR7r4UP7Q== processed in 452ms
[2026-08-24 10:26:55] [ERROR] [api_router] Transaction payload payload_hash=UhPPgcbcaIzVOG5GYSadpiXwd2TQlRWsveW8q6yDBz/HGo/hKQKgGR84U8+Za7Y2GHURFNrCMHmf98hB9STfmw== processed in 359ms
[2026-08-24 03:34:33] [DEBUG] [db_pool] Transaction payload payload_hash=2+bSGm4TgZdCQ0Sv+gRR+qTtqVyF2KiFakjf7wpjc/D0sKnnRfSt6PujDoKOFdo4mdWL8Wc9lXgEnGRqoNloCQ== processed in 324ms
[2026-08-24 04:16:54] [ERROR] [cache_layer] Transaction payload payload_hash=7UH5KLAN6yRwMOhxvnI2ePVcn5etLO3/YNsc3daZp8Vz6lxFRbkeL0SiGKgxu7yoKeM738JOPdEwt/enkNN38g== processed in 90ms
[2026-08-24 05:25:19] [DEBUG] [db_pool] Transaction payload payload_hash=aVtptAGS7A1EeZKEB8cPDlUUAfUd6PKuxPwGcGIPO9b/QTxtM1kpkttgFLKKhNyKeSpefQmMxJUa2mtqHLnCfw== processed in 14ms
[2026-08-24 06:56:48] [WARN] [cache_layer] Transaction payload payload_hash=g4WYRJsaqyoh9XxYYTeqvMJyQBtmH68WmJJeKdqy0n+4L8pi1YEuJXkmhEJx56ZtYPGJalyu4hDYF9MpP8//kg== processed in 114ms
[2026-08-24 02:47:31] [ERROR] [api_router] Transaction payload payload_hash=fw9Vbp0P0hX4X6mU5RE7pB8W4r8UY4ykqZ5DRNK30dR5KBzzl4vjkou9MwvA4tom4vI6BlzjdV/NDy5IFrS51w== processed in 255ms
[2026-08-24 05:27:38] [DEBUG] [api_router] Transaction payload payload_hash=HiT9y68hEJ5qE2psVWcZUNGk1tSPeL4G/fQEPFQ5nQVAWzP9BTDTM5PtWuhxUrUTFFwoEF7BF9C856SfI4i8IQ== processed in 474ms
[2026-08-24 06:41:45] [WARN] [auth_service] Transaction payload payload_hash=uREwfUn5ixY5TrukXcMFGbUiIebi4ZCqDPbr/IIVrguB5Q9dKpl+tHvFnEM0K5NRXRIVVknCkawTNGjU0/FvBg== processed in 343ms
[2026-08-24 04:44:37] [WARN] [api_router] Transaction payload payload_hash=B5PgnhqkstOKRrMs8FU1zBwa4vHf1c7VuqY31tu1EQCdWFH5fs+uWGlKGLgvA7M7KO7aXYTyB4y4G/tgJUooPQ== processed in 118ms
[2026-08-24 09:31:12] [ERROR] [auth_service] Transaction payload payload_hash=M+D45/9m6daKRNy9E8icamnYa/Q7gSEzGMAiieYV+28wpD27cVYYsSluuleuSMB8A9C91wErwfrCRuLD90ziVQ== processed in 146ms
[2026-08-24 04:41:37] [WARN] [db_pool] Transaction payload payload_hash=Y0XaseePzxc6N9TPTKJNQZlw/MVVU6M3XIgJcrMDdX/xjVzbznPtdy7deefIiZN6MOm6MNDlMes3cSnJKjC58Q== processed in 478ms
[2026-08-24 10:51:30] [INFO] [payment_gateway] Transaction payload payload_hash=ULXX1CUXY7nS7C924mc+nP8alAbnB+NQIpIwe5xPL15Qv2IKAla0bAZx4xCbVAN4wf8URaKHstyBkVIssdWWiQ== processed in 259ms
[2026-08-24 06:01:24] [DEBUG] [auth_service] Transaction payload payload_hash=fTTJujYo5iJhWs9vsWFZQQcv2iackF0C3AYwrctcXi93DeqHGAL5y1wwGt17rkQkTfIr/I3VyhiOSsr5gH5odQ== processed in 417ms
[2026-08-24 04:48:22] [ERROR] [api_router] Transaction payload payload_hash=C50GouvMrEBhfO8xyki6SuThVtb8CnwQefrEINMHVBxlMYWDjHf1gX1qMmiJ12AiRuzC3XtizDbEYA6S50AYjQ== processed in 415ms
[2026-08-24 03:14:22] [ERROR] [api_router] Transaction payload payload_hash=8KPrBT6UcTX7uSH25FRP6Ac9D9rqR7hY7q6hb7Q6MTU43g8EnY4WuZIMgruUgufYQNCd97pgGH46lFjzY1KePg== processed in 407ms
[2026-08-24 03:58:38] [WARN] [payment_gateway] Transaction payload payload_hash=K7LQ3XI+XZqJz3KWm2yy6ExpabTZkldAA0JfJUsLK17LFFH8k1loZEQjSAZXHLFiG7Zp5VkOwNh3zXqczks+Hw== processed in 369ms
[2026-08-24 09:46:05] [INFO] [cache_layer] Transaction payload payload_hash=b0NCbFlwrFJ2NgyVOhXy86bo4bO0BuQFdlKOd+QMb5x2JutIKaiJJfEQKx236qwmTjTqwZtcNvKkEx+3PbTGfA== processed in 196ms
[2026-08-24 08:45:14] [INFO] [db_pool] Transaction payload payload_hash=JoLK0JftyhvMVy6JSBsldZNRYgvm+rlr4frNsRlbSV3qxXfZFnqOpopnNqcnNGhir9m4IL6xqt6sECaosbUffQ== processed in 151ms
[2026-08-24 06:27:31] [INFO] [auth_service] Transaction payload payload_hash=PbMdCTBJoU4T0/lLeW0jHxpHhqZpvDfLJIFOm/g9AMGvp79yAnFizuSjber1KEhj7GOt81DEtVfousFh1EhuyA== processed in 157ms
[2026-08-24 02:58:14] [WARN] [cache_layer] Transaction payload payload_hash=OBB+6wKE5C93LO8sOLledAOQW/LklXcP1omWCjjNJHcZ2KFI+0tg/yEGwGelXF1+QHPDp8nm/pZbOoARiMp0yw== processed in 143ms
[2026-08-24 11:20:32] [ERROR] [api_router] Transaction payload payload_hash=7jzL79zoMwhZds4c1D7a3jnhOBh+Nd3OtP0QsDQsLYt5K+Nii4oXFhB6Zt2I8xkS1DZytA+SXjOOofkhH4QQvg== processed in 98ms
[2026-08-24 04:36:29] [DEBUG] [api_router] Transaction payload payload_hash=MWQNuDFhHBzB9n/h4JKv9T+WeP6qvzEJZmb+ph1GG5Bf7VbwpQXMehecnFq5X5bXTYW3lnukeAIhY6XXPIVFUg== processed in 447ms
[2026-08-24 10:55:36] [WARN] [db_pool] Transaction payload payload_hash=bO62wmxbBsa0tystWy8eW4ZSZNgfeNXnLo5BoPUrhzSk0IO1ce1S00G7M2cjfEkAOZh8fyxu8ufq590MwTgQ2g== processed in 115ms
[2026-08-24 08:17:56] [WARN] [auth_service] Transaction payload payload_hash=iPspFNd+L1q+31XOpUxBOWZ3Ww/8E8RXwmfF5sof8gCyqjm7Bw/phHwcaAUGcrehZAG/ELHPV751jbTMqeSaaQ== processed in 258ms
[2026-08-24 10:48:24] [INFO] [auth_service] Transaction payload payload_hash=Rj4jim5xT/URwD3axyBmZZEP4e5VyIMYBtsy0jZmFqsBtEPoEUz04XDnBEKcAkEOw1fBLA1PI8i5ZXJx0u1NHQ== processed in 469ms
[2026-08-24 08:09:55] [DEBUG] [payment_gateway] Transaction payload payload_hash=ueCb/Eg9oPQUNb8qtA+1H4MvcsoIpYIof45/j59JNVA35160Mitv7Zbd6UoYuOUansnOO6kMYUAYo4aRn2u2rg== processed in 391ms
[2026-08-24 10:23:39] [ERROR] [cache_layer] Transaction payload payload_hash=Fb7ZiBvomEaZm9qJc/iRkfTMA7dmRn+1TmBkpDR0ANj9X4lj6mZOzuShRKoAUTUfUa0p9OYxZ4FrdIpW5AQ44w== processed in 19ms
[2026-08-24 07:52:46] [INFO] [payment_gateway] Transaction payload payload_hash=eE1bbOd7ML+L0lCqMPcNij8UBwkldgDZPSWkpEDPbfEzyMeKKw9uks2fKrO9732j9J1hI+ZiCM0rJRvUB1ZfaA== processed in 27ms
[2026-08-24 03:57:46] [WARN] [payment_gateway] Transaction payload payload_hash=TVrXNdvO5tWpCMStdS9Ieq4kx79THE3zzDSH5UE4/cULJ7vbeJABuN7m+/CVBk8BClRbmpAaw1RCY+jPHgsT7Q== processed in 207ms
[2026-08-24 04:17:19] [DEBUG] [api_router] Transaction payload payload_hash=tg+9JPMrUTb3ifTKFj7chH/RmAVZCegiFV6mHZCcc9ryuMhB/UeUUSE6RCSosJLmKQimdD6b8WEh5c94tUC39g== processed in 355ms
[2026-08-24 08:11:02] [DEBUG] [api_router] Transaction payload payload_hash=efajplqRdtFinL7+Ji9Xz8pcS3TV7oUijrN2OGEpwi/yW6eXToDmfvFhDmG+OuEQylW0i8OeNp3bKabNZTmkQQ== processed in 331ms
[2026-08-24 04:15:00] [ERROR] [api_router] Transaction payload payload_hash=3zVt6slsdC/GHQ5dtp6/j7cW0UBpkWBQog/PXyJrJdpORUMNa73l0E7vdiQNtnEmwCCkgwsqZPOPLhcbgu04aw== processed in 94ms
[2026-08-24 04:20:07] [INFO] [auth_service] Transaction payload payload_hash=O5Eb4VOzWfOWqGHDoSwWKsvLNvdg4NlwGfEdOdvHiRN2ulOKBEJvXCPG8Hzzn4VSJI5cPZ+XShBz6SWZ7Aw1Qg== processed in 454ms
[2026-08-24 02:34:28] [ERROR] [db_pool] Transaction payload payload_hash=i/17a+M1YmNWbrm1hq6idGJ3lCHQIofaggHoFQeP4moRyX9qkS2LWRBWHurJpA+cZCEUqw/vQIhvZfLKGniSTw== processed in 104ms
[2026-08-24 02:20:20] [INFO] [api_router] Transaction payload payload_hash=Vch2CS8CV0GZHrbqq3okdXfs7k93DHIa670YBJiFg5+87ekXgKx6i/D+CTOe/4fYtV/mOEflb35mpkvt/ZzG/A== processed in 205ms
[2026-08-24 04:40:08] [WARN] [auth_service] Transaction payload payload_hash=+mNqVvKntVmE8pTK29SwTB6gci5MRZ6zJG6Oi+XxlkMneq2zSa4BKgeH2qbBCWCZgCi0wTeQKOwxiKpWXFM8ng== processed in 248ms
[2026-08-24 03:44:32] [ERROR] [auth_service] Transaction payload payload_hash=WgU9b6X452FUYN4Zdh1nYiYtNVuPF5TRLwIHahQ/ovo7cnpxv9AHHavyC8ZGwc4exZMEV9//RR5KmW26zRqJEQ== processed in 117ms
[2026-08-24 10:45:43] [ERROR] [auth_service] Transaction payload payload_hash=3K44VL7XdUPansYcG/j7Fw1hS4iDn9cSw1HpI9gwXaBKmgPWFRBsALI/gZl1Hsp4xc3vcYhm9aBfSgOnPr/DsA== processed in 193ms
[2026-08-24 02:50:00] [ERROR] [cache_layer] Transaction payload payload_hash=B36GRr6lT3UcWHxFxnM/9LaGDKB0f6v1CMR0yPUMn3/3jarwuCZrFr1xr4ahrdDSeufUrEH+deCj3rC5s0CMLw== processed in 77ms
[2026-08-24 10:31:52] [WARN] [api_router] Transaction payload payload_hash=ioy0gt/h/MoJVfr+qbOHHyaPlrdQmTt0lWclWXZXfjbuu5whOelmu+oY74PjSSW/1goxZFfv0SnrVPVBGBnk6A== processed in 425ms
[2026-08-24 06:00:00] [INFO] [api_router] Transaction payload payload_hash=ix7iGubzcrHx04PsUZtlDDgjW2G6BI3s1pE2Dr6i3yjMtyi9yXaJX2hd/NCWkP3O4MwnmC0VLsccMa/0+f4JQQ== processed in 100ms
[2026-08-24 07:05:16] [WARN] [db_pool] Transaction payload payload_hash=zLLo43k1MosB5Ma2gi0A/6r64PifMJl9wUa6WlxICXx3TVDCEjDs9eklmuyj6AdSAlkCICz9NqzTdy7RYIpbyA== processed in 287ms
[2026-08-24 04:21:55] [WARN] [api_router] Transaction payload payload_hash=bVCwZWnssEaqR9RSj5XX/S7ZXcn4yCuL3hRgPoNfBuEO3RGC+Lhfh9LjUNamdZgzcjDXBGWwbmfvY4wPmL7vKQ== processed in 413ms
[2026-08-24 07:28:12] [DEBUG] [payment_gateway] Transaction payload payload_hash=4xQT1eqf6R/p2IVyQQ59XzCehAVP8Yzf2IWZWnNjSt111IxN3Eb5x6hdYsp2oVohNlV9EKmEZgaGAvgHY3YPGg== processed in 354ms
[2026-08-24 08:38:37] [ERROR] [db_pool] Transaction payload payload_hash=mvA9khR1Z4y2lxt9WkBfA8pAspPm1ayqxXLMYB+Nqbymm4FL80IxkS1i3Rpj/Id0RqqNhQs1pKxqh8zQO6Mlzg== processed in 315ms
[2026-08-24 02:18:27] [INFO] [db_pool] Transaction payload payload_hash=qW9FtMa4xEy/M++CqBFU3o2oDmzDcSDnmt7iV5jHbWe5FuVBFguewCzrtd5X265+DH5FIfscsNS0OUEOxKse6g== processed in 243ms
[2026-08-24 06:31:06] [ERROR] [cache_layer] Transaction payload payload_hash=ii3PCayGQldZ/cmmWBQrtufvNlvay+MqX0AXnhMpBG4k6lSp4YIugQyFg2Go19MiHsLrkGClvJWme4NvHIraYg== processed in 44ms
[2026-08-24 03:57:06] [INFO] [payment_gateway] Transaction payload payload_hash=qdBlBEowdRTJoLB6y1RRiLSs/5RL0i8dfbr/B14Wamd9eVJyd7lGgUYUmcSJApqqF3LxIPNYF112qwLLTr1HIQ== processed in 431ms
[2026-08-24 08:45:25] [DEBUG] [payment_gateway] Transaction payload payload_hash=/AT7Wn2YVCsujf6pQbeGkyG859E6VMpLc6t08HTpEAglbPqkn8ADKmN2aCqsEJCGYOe0WmV+FPfqRdVinWRQwA== processed in 85ms
[2026-08-24 09:42:57] [ERROR] [auth_service] Transaction payload payload_hash=CFhI5XPVY5EvVWDjzD+W3S1AJmJhpbKNE8jnn2GsWWLwr3Qx9i+vuSIe6KTUq0uOwZELenOEGCj7sk/rzLX0hA== processed in 104ms
[2026-08-24 04:24:34] [INFO] [api_router] Transaction payload payload_hash=xBBrQAVFBZQUxuEN/+L8ngLpavF+/MDvjVVJ52KSZoC0/ExAWorM2yZJEj9yxl9KrKzpKFBSix9LWwQy6UFKOw== processed in 286ms
[2026-08-24 03:21:10] [DEBUG] [auth_service] Transaction payload payload_hash=7I8AJ6f60CE8ortjX3/jplmhELIPQVNo2n0e0GfKfKQ4Raz+c0qFb6apt0BlUhqyQu8pEhYo1w2V6n/mAHlUHQ== processed in 323ms
[2026-08-24 07:01:03] [INFO] [payment_gateway] Transaction payload payload_hash=N/VQWUI8KdIiQ7inTw6IzJJDzQVDtg74qFRpOy+iFxN0RlKHEB5iqwjRLteZjNz+cVBku5WntzCOF2JNavTRWg== processed in 122ms
[2026-08-24 05:37:12] [INFO] [auth_service] Transaction payload payload_hash=UN4imI/APaACKy5NzM7BirzHBVLwTJrmUQyKJ7RLZSQx4QaQ8CLIcd39C7ss0uJ/e5zvpQC+1pXtU7etfVJhYQ== processed in 386ms
[2026-08-24 04:09:02] [ERROR] [cache_layer] Transaction payload payload_hash=HtExayBDGKUG2+Jbz5ImbfNlhFlFOgf8n3/zAdC4GSEJLlkX5yY/gjlph/xY3dqjJZzKtLv8BatV6u677dzDSQ== processed in 141ms
[2026-08-24 07:06:00] [WARN] [api_router] Transaction payload payload_hash=kF4t4CBSdsrSewFKmX6WYD4BLf0kDAB5ybdOJ/+wkjMaBN352CfaLeFxDy80HUOjXpRCZOkcdChvtoogEKWXhA== processed in 390ms
[2026-08-24 03:00:11] [ERROR] [payment_gateway] Transaction payload payload_hash=7DhAeBPsYumjJXrJjfT6ntHRvNzqAqSTokg+xfu/hOLN4IFuQXEk35k4EoGNHAIrJaB/ny6RyOE+kIaj1ocRKQ== processed in 405ms
[2026-08-24 06:52:30] [ERROR] [cache_layer] Transaction payload payload_hash=+A5gT2R6+4Cjk4a6zlrJQGk4wSSVduWN7gWBlsF25rNy8cWC4viern0ij0sOhcoWMcfiInvFO0UhrGD6a7kapQ== processed in 227ms
[2026-08-24 04:03:57] [ERROR] [payment_gateway] Transaction payload payload_hash=45Q3CKU3rJ4raL6gMwRqOiaw660eLpQ0A72elb8h3ZJuG90ekdPbn/nmRVnC/l7lMQm9k/07O2hCE67MIoACMA== processed in 373ms
[2026-08-24 07:41:37] [WARN] [db_pool] Transaction payload payload_hash=/g/ud3SBVW8zwXKPISNKQu8sH0RSMiCGSxu+IJK0ynjkfy7Zei1H2gRtSCMRFYl+JR++uRM9W+Xk4pAPllNE2A== processed in 228ms
[2026-08-24 11:10:09] [ERROR] [payment_gateway] Transaction payload payload_hash=rSArxTtVWCFw9q+/3BHfvwpIre1I9Ekkf2xB69JA8UJP1Df+LDXjWkNPDMx8OtLGYOCqWjC9m13sP2v9Z8mPeQ== processed in 287ms
[2026-08-24 09:20:54] [ERROR] [auth_service] Transaction payload payload_hash=H1hOzzvOAWdamNh2o/uugw7Scdmzfxn/Ma3xnQpHQvLxFF5bQu7V7oCEYeUQcS8BnUrzBbZ0bc4w+0s5fHqecw== processed in 488ms
[2026-08-24 05:17:10] [INFO] [db_pool] Transaction payload payload_hash=S9o8/Ax3omkV1C8if6t+bdUrCDhL+HWE8JZloqgalb8YqYXFuaZ/6Mzo4xaVVhsafrF28qH8S/3EXqRfVhO7CA== processed in 174ms
[2026-08-24 11:14:24] [ERROR] [api_router] Transaction payload payload_hash=LECA2Cf05EtgJqFtdOBuosJtjtAA0uIDwupKYoSk9EmIvrAsf7/2l/ZXEm4KSEUtnPyRPNSogbV2O8FlNE/c5A== processed in 360ms
[2026-08-24 07:00:14] [WARN] [auth_service] Transaction payload payload_hash=/VOxUoVTdHp1ZM7IIXll50Xgm57m7LRPO10vCxiCn0i467GmmaPPX7EGatNi0Py+2OUq0bSfAIkd7cNXJ/UHQw== processed in 299ms
[2026-08-24 11:20:48] [WARN] [db_pool] Transaction payload payload_hash=F1cpJUuvv6HpGygNL6zkyuSKQOBuXLifJmAQfc5Xv/snycwwbo7J7Z5Sn8Kmq1rU6xIHrRQw/bxxqPV6aUKW0A== processed in 157ms
[2026-08-24 07:18:23] [INFO] [api_router] Transaction payload payload_hash=/D0afXBR6ntnlrZ9KKpG64PuH7fKNNgwmGo3itrxQo/bXDq2YQGV0dfyg9XNcRAydyLBIZ4ymBQsAawC1Hn1bw== processed in 78ms
[2026-08-24 08:18:18] [WARN] [auth_service] Transaction payload payload_hash=RuGw8lGJnxtYvodHqBLM2f6iXJTwGirPJRRQzdcANvH5rdP0HObLisb/hgtBR3R9Q+NqCBOGPDBtlg8YDteakw== processed in 258ms
[2026-08-24 10:28:31] [INFO] [db_pool] Transaction payload payload_hash=LJFzsjfD4Oz9/mXsjkQiCxphdpFGsmfyq3r9HyZtWkYlprFfaWi7mKEuj2FtD1JmwQpBPXd8/t/0vjhDJynURQ== processed in 198ms
[2026-08-24 08:24:28] [INFO] [cache_layer] Transaction payload payload_hash=kSVw72iKMW+DaVnYPmiqNkFRHvR5BjFt8nt7QjTgMBOT1Hg14lY6Iy68r/JMD5R7/IzLSRea5+UyY0AFb1OUbQ== processed in 303ms
[2026-08-24 10:59:33] [DEBUG] [db_pool] Transaction payload payload_hash=8bV6b7qu1cMr2H5ITwAilbRHbxuKCn2KinwpHWUfoVqoPBzPcdbnlWYf6UMihIfDwMZQcZM3m0gR1h6W5mr0xQ== processed in 51ms
[2026-08-24 05:54:43] [INFO] [api_router] Transaction payload payload_hash=SbnzzMXnjXSBZ1PlR62dPOkHn3TDc/BWCd3aPZH52FiRWwS3S1PeUl+KErcZYOiU5A5yLXqFAxRlH7V44ED/FQ== processed in 136ms
[2026-08-24 05:04:35] [DEBUG] [cache_layer] Transaction payload payload_hash=hXX8ndeVmLsMROiIbSb1U6Ypq0Vn/WykcKs2RW0L6Bu4PkFy5XDomXs8QWxys4dXFU0NmamRXhzibVCp+Oxcrw== processed in 334ms
[2026-08-24 07:11:52] [WARN] [db_pool] Transaction payload payload_hash=yjK8w6XVsztNi8FTDDb5UOP/vZw9+IOM+3Da/So3wHtgy3+tHZToiQ9L7Q19tt/ZHayaT7K2CQVYqJQfky1wsw== processed in 448ms
[2026-08-24 05:37:45] [INFO] [auth_service] Transaction payload payload_hash=1/sZgUwzTtlwYT5OSfanu5GqIhqHaFiQLbqZhAM3RKs/dIEBVpP1qilbQ7vIMDnTF1CLKPGtIVNNhhJlywYMzw== processed in 119ms
[2026-08-24 09:36:30] [DEBUG] [payment_gateway] Transaction payload payload_hash=N/v/PHdHJg+ysC9uyVju/pL4V1td37frT4mWwEekMzJnQQ0ZZ8kArwcsCEYqJMsUl4cvOU8Fl1m1DGqj3VFxoQ== processed in 135ms
[2026-08-24 10:17:32] [ERROR] [payment_gateway] Transaction payload payload_hash=ppklhceak2shLU+jsL/42HnAD9wlRd6VE5+LXh6VUkfRatto8o7YeKT6cUD61KoZn+kdSwHZ01EhWCxAHsrvzw== processed in 151ms
[2026-08-24 08:54:09] [ERROR] [payment_gateway] Transaction payload payload_hash=lpoA3XxISteEcDzP1ip/iQNKt1peNrEIPiv93UkDJZkU8J8xEMg91FDWnXZ1lhXWj6bC9XS3OcaGrhqVWCZTGQ== processed in 481ms
[2026-08-24 07:56:45] [DEBUG] [auth_service] Transaction payload payload_hash=21FN+ppLQrMmZD+nn89ZxarWu7Vi5Ky3a/07LmpzZHo8a8+nc1nkjgQG2xGIQFcSzZq66N2WZTIaaA6mXu/VrQ== processed in 272ms
[2026-08-24 09:13:27] [WARN] [api_router] Transaction payload payload_hash=seSeO1PaBOZlUMH58TvyI++h1HZgVChjd/Sb/kaS5+K1dzLPUnCuOJIvJc1sd9W1cGf+VNBwo/dvk6pu0B7fmg== processed in 397ms
[2026-08-24 02:55:12] [WARN] [db_pool] Transaction payload payload_hash=k4QW+mrW3PJDdc1c1cpJIn0XqozowXzkfnhxpJBbkH/Rw+sWajBbsy6FmI7bFqGsn5a5OLw+QWiusPzobI/HMQ== processed in 132ms
[2026-08-24 06:10:19] [DEBUG] [cache_layer] Transaction payload payload_hash=RUsWTkX8eVntidjv7bLaMvQ+zdf6KFOPr7mccrmwv5fuvy8MFDK9FJPp4+B6SmMTxo+rcheLSy2vtGCbBk1Xvw== processed in 113ms
[2026-08-24 07:24:42] [WARN] [db_pool] Transaction payload payload_hash=nNQyH5NgTbySU3/XNg8rlZkFqnQYCLzXnsDqG9a6ohImKz8q00Dwbw8Lpg+kEWu0xOUdXiBBnEGbzmKyLQHIUA== processed in 299ms
[2026-08-24 10:02:17] [WARN] [api_router] Transaction payload payload_hash=Uogpd9wHfdt6GxGFOhlFJWzdQxdpHnnhSK6hX0HeWtn8YEIzrrCp+unJ5zRDfR7zEPmX0PoS8eoNFRbtTbu4pg== processed in 432ms
[2026-08-24 06:13:22] [WARN] [auth_service] Transaction payload payload_hash=/eSdyt+8lQtasEiS6IBqJ5GzDd6kMfWbJJ0sGD7aFGj0CxU9ivwog7fo19etIYu1K5qGfbrd6ofmAVbzwaM//g== processed in 156ms
[2026-08-24 03:01:24] [DEBUG] [db_pool] Transaction payload payload_hash=EXPIMnUjDIUv1PO84LMQirdesan3RddhIrPV24EE4KX9HA0ijEh/y7IInTc6rfWZ6L2CCNmDSeO1nTeDUHoYFw== processed in 473ms
[2026-08-24 05:30:44] [WARN] [api_router] Transaction payload payload_hash=GLs7nwF/2REIRoZuL3lNn9S59ZQeHERbzZQk5FCLtt39wu6fY/my0rid1usczxWUJ/TdtXvi4jUjDlbOZfS/kw== processed in 138ms
[2026-08-24 07:53:35] [INFO] [auth_service] Transaction payload payload_hash=6cCuxjmyk3UNi+Ul6bwUcqAsL7NjceXVjmZPFWR3xRdn7k55OryEE4msHyHw7f5LFSKQh1Iwv9MphYC1YeUPWg== processed in 194ms
[2026-08-24 05:45:35] [INFO] [auth_service] Transaction payload payload_hash=tbsOfz4GwW66SFx1KhRKply6Be2cF84Q9EKjRJNQOriuFd/97EGqtjsgXI5oIg+po8qqZOdHyTO+ZkcPW6tj8Q== processed in 30ms
[2026-08-24 06:58:56] [ERROR] [db_pool] Transaction payload payload_hash=8N86HfYfGt3aNpRSRLdEid5sVNOd74yd+XxfJ6ldjdn43Qk7cfdfbeQUPZkzPk+NF9wtJA1ZnJNb64vHklWiqQ== processed in 166ms
[2026-08-24 09:23:09] [INFO] [payment_gateway] Transaction payload payload_hash=iqDhm6TFAsGzfe4hkwftsf4rnNa6ntZO613kXM5foWLJp9BXUaHsIxjgDF0sGYYjTaOYHuf7DXltFiLfI9H+8A== processed in 248ms
[2026-08-24 04:07:30] [DEBUG] [auth_service] Transaction payload payload_hash=e9jHhKgozarJxQSSJIYJGFjl7A5pK4Q2wWDiLhKKZPN9Q9IU7f4T8hFDCBcc2LRIIZcCH3PtIrS50ZUl0jTJzA== processed in 34ms
[2026-08-24 08:45:58] [ERROR] [api_router] Transaction payload payload_hash=e3W9v9/eGihjzJkiQXdF3o4Oyz+vYJoDlUMTR1WMbFhgf7KOgjRdpndlIDOKHyc6fHjBoIJTlDmc3fHyztb+Cg== processed in 161ms
[2026-08-24 07:59:12] [DEBUG] [cache_layer] Transaction payload payload_hash=ASa57uM5kqi0fxgyPUA8Su9CjcsPQ/HkGWqTjP0Zvjkq+ksDLfT4OO4TZokGjlBBsUlD66vZHiTyTLE64Tvdhg== processed in 401ms
[2026-08-24 06:24:42] [ERROR] [db_pool] Transaction payload payload_hash=iTyUYhbJtHUDqSvAvG4PnzHdRFLUdcYWUfwE8fKt9PdpIxHo8gCxcx5xjuNoWvBessAxfaggRDB/z7H11k3adg== processed in 174ms
[2026-08-24 11:21:10] [WARN] [payment_gateway] Transaction payload payload_hash=Zg7JM38L1ZFS6BO5F/nkdGTOjDS1KuhncwFCudCx1na+TgT/JT8Plx0Ryl5rIsWOCxnH0CNbwclr5lNmvvdJVA== processed in 316ms
[2026-08-24 07:42:56] [ERROR] [api_router] Transaction payload payload_hash=eNeHmSQ/+a7JYchwIUhvURpjvOqeAQmAShed5a9M9qeb4sVG6s2LDplB2X1sM7c/QYeYhzQjgVbvz3i218uW/g== processed in 389ms
[2026-08-24 08:04:41] [INFO] [api_router] Transaction payload payload_hash=/Alsj6dfi9N1wSoMhxPrA98EDjh8HVQKRo7OkirpRm2VMnoiRDR+uWiGGurBduNsFqmGqkfe+nmLyjTaKxuXmw== processed in 180ms
[2026-08-24 03:01:51] [INFO] [api_router] Transaction payload payload_hash=ll0HrvCOInSP88MXjcNI7TNpEAS6ZcchoWvPn3lDzV9y4E4r+jsHvyXNdOzazlHr9kUowQLl1XBCTqtYZ1MlVg== processed in 360ms
[2026-08-24 05:42:57] [INFO] [cache_layer] Transaction payload payload_hash=/UGJxvTA7j4UV2LOP2DLJmApjvA2rHA+QLfU1SmeH4pq7y4fGWZ3QMrlSZq4t8xrM6De5BvpX9Xf60bVDElz8A== processed in 369ms
[2026-08-24 04:28:53] [WARN] [db_pool] Transaction payload payload_hash=FhoquPBaTiRvDWlyvz1CeJE01Kfppqh+Od7qIOF025KUs5tFGBpxvdnwhbeJLQYbbczSFETNK5YQmkWsl/b6EA== processed in 87ms
[2026-08-24 06:56:09] [ERROR] [cache_layer] Transaction payload payload_hash=DocWosZC6+zLGwDsvOFv4wGprJIOFtafAt/vo7G/tJ2FwUMYxs6UuK8xU3bJAio2sqsrHBqSxVFWNXkqs6pjkQ== processed in 51ms
[2026-08-24 10:02:34] [INFO] [cache_layer] Transaction payload payload_hash=IzgVGDWQuv4IPOxBC95dc0FP3S0BIKnBJFyj87OHMrxIZAyJ9kzi3t4OnvCDH5Gsh91FdLD4ToYDXo5yGcqg4w== processed in 374ms
[2026-08-24 06:33:34] [INFO] [auth_service] Transaction payload payload_hash=s0eRTbU9E9sHHFPBEOlHzDSVf6xEywbSWNzEmSbe/6Tmxlqs9BvWdMvzKP5ED5n5CIz9AQWPoWf2YdoxXeaqRw== processed in 26ms
[2026-08-24 06:53:42] [DEBUG] [api_router] Transaction payload payload_hash=QmW+a5tKREvSuoK6HvACaxpYQIUlrU9Hd7pMR1bA4QjFjtkpruloNZKCPCHxT+BFiwgbHjVXHS6Xsb8AF6e2pw== processed in 445ms
[2026-08-24 03:13:43] [DEBUG] [payment_gateway] Transaction payload payload_hash=KtwNlI4a++WrgjJm2iw1AMyExMFEYH6Fz0Zb9JAiiToyRyLSL0cR/Exm4gHxGE8lBPC7IffAqm+1bWylLeurEg== processed in 116ms
[2026-08-24 05:44:42] [DEBUG] [cache_layer] Transaction payload payload_hash=CEgzu1kPEqcbUhu32KWFovbJc7y+OgwhkpWfFnso0+RS3Y0gyHHHtUcnuFzrkboMVRr+8Pl2jzagusDXs6l63A== processed in 408ms
[2026-08-24 04:24:43] [ERROR] [db_pool] Transaction payload payload_hash=kQpcSpf8+4I7EIcw8/03w3aQFRQLQKFPlnblDm8UClu7P9ucqSWuPm40gxYLd7haKwgtsoRid8HDB7ReAMi8eQ== processed in 144ms
[2026-08-24 03:55:48] [WARN] [db_pool] Transaction payload payload_hash=h/6VjJaelsUfiREKvU+W1kKQMeEUrrB7U9NVTLS0EUxgGlZEZLUsEdF3HuUFqkHFEgOtj6WqXB+PeQlC5PR+RQ== processed in 290ms
[2026-08-24 09:42:13] [WARN] [api_router] Transaction payload payload_hash=X6dRJk2F8XyLwBE1ao7u45A2o5PrzahAVqO4f/XnZCn3+ph8aTxtFBhjhObHmGiLXYf0xZuURvcg9FNgybUjPw== processed in 317ms
[2026-08-24 09:53:45] [ERROR] [api_router] Transaction payload payload_hash=RwRqEdhVHCXTvBObaqDPgXb/DzQh9UsfHwbQZpI9nf1yr0XEJ7g9tg++DZbPhDuzZ4gudNo0dppJDJaNKO36jg== processed in 445ms
[2026-08-24 08:07:47] [DEBUG] [cache_layer] Transaction payload payload_hash=2MMqRnr9XuEnK4lAdtolx8spglm74PH57rQbfwS1W91/HyYPfh8aDBX+ig2nrcRswKK1PhqhI+OhqZCOvYkowg== processed in 350ms
[2026-08-24 06:37:18] [WARN] [api_router] Transaction payload payload_hash=SImwPhw/9/dO/UY8Lk5QkcTUL/EnfCBeegcshjJxxk7gtrtBYnoGRn5XECFV/4LUbqgI16hWZ7i5y79tdHQpAw== processed in 6ms
[2026-08-24 04:58:46] [INFO] [api_router] Transaction payload payload_hash=GPKbueJZRzm8XpTUmK1POtewUGAWMlwYwqImU0sSQjytmxrQ88VLQhF+OGr0fYs9dmC27mDIt/sVSJH1h49AnQ== processed in 74ms
[2026-08-24 02:43:53] [DEBUG] [api_router] Transaction payload payload_hash=8mbzZCapZjAwBmb5BY3mPxPso5R7SPJA9O+E/CRecz47h/yMHwwIzKHZc0OsD3O+2VoWwG2CwE2plWOdtQruAA== processed in 14ms
[2026-08-24 02:25:40] [DEBUG] [cache_layer] Transaction payload payload_hash=PjveWMMVvikZObaS+JaAg4mZNbj7anc1sWaG4ayV9D2NOhzeaulKRDrDQ/k2G9ucrlhQQFid8d4pQWUEHJfSyQ== processed in 96ms
[2026-08-24 04:59:35] [ERROR] [auth_service] Transaction payload payload_hash=YfkXgKlltFf1evqDvJwNYk3dQparuCVh6sO1SR26d/vTHkqPRHWeVsLYDSWbn2Bf5snSy21Zd67wgpWDymJJOA== processed in 82ms
[2026-08-24 10:53:55] [INFO] [payment_gateway] Transaction payload payload_hash=zH9qJmBMB9dicFZJIiutW6v/fwsD5wROfkaEeu0A0TPyE8MKk92u19o6eMw+CxAr6iKXRbe/McsCkqWw/eE0jg== processed in 272ms
[2026-08-24 05:13:27] [DEBUG] [payment_gateway] Transaction payload payload_hash=c8doxZFvwWPtcRB4bBkN+1hFADo2SkiwUSWkzTlDCzIuWXCVuVqPAQkJFeqGtOEz0yXh3UajXkQJbpsvqY0icg== processed in 371ms
[2026-08-24 03:54:50] [ERROR] [payment_gateway] Transaction payload payload_hash=ChbYv3eMEqIbKbUojYITJq9HseBUVPAP+zIGhSktclAAVmwGKNjYfWhE2jEw+WC285/Twv5xni+SCcr9g8e4kg== processed in 401ms
[2026-08-24 07:44:43] [ERROR] [auth_service] Transaction payload payload_hash=gXIGB/75V5PKLd0yk9FY0J3kiKCQss7IHgKeJMH0VChzyYsKupW+GTYOIsSmLdC1EPGC6QVDEQ1xRT5U3fK8yA== processed in 143ms
[2026-08-24 05:28:20] [INFO] [db_pool] Transaction payload payload_hash=LtfR0gK5UmSEgiWhr06UJh+F1acJKZVrJKKwqJwZ92wQCYfPGEsASNVGBpAd6CzALsP+u4p4B/IjSK7Oaj0c4w== processed in 259ms
[2026-08-24 10:32:43] [DEBUG] [cache_layer] Transaction payload payload_hash=Ny/4QGqAN2z8QvWNwqF20OXK/Nx0ZsC0WL/KfgJPnTVu7dRCwqPxiv/5EG5r1d+qy6sskfhivVBJLYKsfmpLCw== processed in 24ms
[2026-08-24 06:00:17] [DEBUG] [payment_gateway] Transaction payload payload_hash=ToPibwfb9Ido5accmgn8PZXQYOKED3nSiR7RjhcGGTs90Fc0V6LfwMKsPnWJ7awL92IXEzUkmYSZD+qHfvkoQA== processed in 120ms
[2026-08-24 11:05:35] [INFO] [cache_layer] Transaction payload payload_hash=0Qu7rwSHGzcb9mB33yDUuj6zTmoxyqWYYJeviUQKimnqdofCs04JijgE/olUo3E1gNvLB7LAJ2cRzZDnhAMFKw== processed in 410ms
[2026-08-24 10:15:25] [DEBUG] [api_router] Transaction payload payload_hash=JArx28GfCiNxKzzAAa1GAWGuOPrKGCx0vzvPL25q/0wGXxqMkW9lxLcH6wAGaepCm9NsjcdYNbbhGrScGHfU8g== processed in 253ms
[2026-08-24 06:05:11] [INFO] [db_pool] Transaction payload payload_hash=fm5iqA7bJOceeXGojaMj9WpsCfx9ZI8PnoGBPTiORHvXqvUqRP0D4ga1sRtvgPaV8sGPFJy2VGD3yOIYER0twQ== processed in 59ms
[2026-08-24 04:52:36] [ERROR] [api_router] Transaction payload payload_hash=64VEcTk7P6D4+0TUSj/CIYAUWiCQiRfQ1IdTJ0/yTbynbg3LhDtXsK16/mVrRnhV4NKOtAzFuMmpYrRNo9LioQ== processed in 31ms
[2026-08-24 10:02:47] [INFO] [payment_gateway] Transaction payload payload_hash=pirHmoOORI7Jvd9js647bfM51gwMTnm0ey2S4J/+Ck/jVXiGYH5EFiOBfnHXMuRqglRHYXBnNgSfmVKR3ZkxJg== processed in 402ms
[2026-08-24 02:47:16] [INFO] [db_pool] Transaction payload payload_hash=YYhX4OoUF3l3c5R7GL2rLowORn5uGioE5DaSE7LwewBT60x7gbOWJK5L3WYZ8G44x3nabclRfhMVKX1wxwYKOA== processed in 50ms
[2026-08-24 05:35:42] [ERROR] [payment_gateway] Transaction payload payload_hash=i7eqJqhvfF+yl5svrSuDbKlzST9P3Z/iJ+4Qb5UdoBjs2L930Qs1jt9oWNygTq2epL1prCRzCkUHsf/W58HP3Q== processed in 397ms
[2026-08-24 10:06:57] [DEBUG] [api_router] Transaction payload payload_hash=uUgx39dodDpCgLIrqmtL/fP+GSdChYJPVltf/otXHr1E9JDqHfX8BNtDdNGj06Q5ZOY6+CVkOuA/sEkDMWbMTQ== processed in 445ms
[2026-08-24 06:18:18] [INFO] [api_router] Transaction payload payload_hash=JFCv7NyTP3c41qZIoX7+ZoDiMtmCGlzNbjXpF3f4/m04K78C82U5fJrMc/t6jlnC7DYSHE+JGi1KSe/Ys9DQWg== processed in 253ms
[2026-08-24 04:46:52] [ERROR] [db_pool] Transaction payload payload_hash=FCv39pX+1SKVk4I0WqXv6uD1E336maERZWG6AmA0rCveFeD1MNsc+1jmqADjIhX66mmOIc12sNnPSJy0QwoWCA== processed in 67ms
[2026-08-24 07:49:29] [INFO] [api_router] Transaction payload payload_hash=WO81UYsnxSR2iHTc4GjgWh3qu0/k8JTu1TpA6vdl01Q/uB/p9bJBAeXI4XmlKimFxQNCJwO3gFwyebh+jJRQ9g== processed in 134ms
[2026-08-24 10:17:25] [ERROR] [cache_layer] Transaction payload payload_hash=oMRxNzsG4hDWsf5bwNIklis4VgKEbqypUaxyYoT00WqOYjWNC7mCIIq79r4N+TCSli8PYmHKOd8JOdrC0ouByw== processed in 385ms
[2026-08-24 06:26:21] [WARN] [api_router] Transaction payload payload_hash=SlLUsxIB6gt1UIwEJJkEPKc89hrGHlPl/v9qe6wnfo/8yIDilb3b7AjD7bXngL/0cyTzicXJ8azOo+zBrN1vYg== processed in 445ms
[2026-08-24 11:13:04] [DEBUG] [db_pool] Transaction payload payload_hash=QrdwaRtjEFFJJI3/hTWZ3LdgirB7dbK23GAOvfyj5O4S3KsatalwazUJfUXoIVxNItN4t8LSOAlylLCKiBg4GQ== processed in 280ms
[2026-08-24 08:10:28] [ERROR] [auth_service] Transaction payload payload_hash=XBEKvNrFuSnGlRAux5QV0qER69XOhzjvsDIICyi1xV+YcuvRvjHJ0zGS20XMpTJZJ1GKEYkXSFJqENnop4ZdBg== processed in 231ms
[2026-08-24 10:08:08] [WARN] [db_pool] Transaction payload payload_hash=fyAFAX1Ko9vHZSwfRhTRKtlXfV1LaNE+xUSkUFMriGn7/LDkJo7oKuA4UvsXRzm3G4JsZqK9AABPiL64+0f+jg== processed in 100ms
[2026-08-24 05:13:21] [DEBUG] [auth_service] Transaction payload payload_hash=Hww8BF0m+vNP3NlACa6fOzm4w0htpVD2K+0crF5C8usx9DGoXLydJ24Uo/OAwaEcWPhIHGu/+Oq9lN9rYFE+bA== processed in 377ms
[2026-08-24 06:43:21] [ERROR] [cache_layer] Transaction payload payload_hash=6Z43sEtLkYDJpOXBhiYQPXoDAVm9rn+LiZPyCvoVh1h+CK/ZL99suflVghY7C5rz5gfL6Rzpc5zXf1p5noVgEw== processed in 1ms
[2026-08-24 07:38:18] [ERROR] [payment_gateway] Transaction payload payload_hash=XKrumO0BP3M3a6fJoSw9Cz7pvGlsNkJh9Q4qxmESYvZA/I5X9V1WE6DCBN6PQH6PCM0xhvBTuatom/Ha9s/aLA== processed in 173ms
[2026-08-24 04:47:37] [INFO] [api_router] Transaction payload payload_hash=YJ/GHoFAs2C6biJ78U5fAnVTyOiODIEZV9FLo/E1YjIq4X41E9JcZV0nUBz5LQHRJqPtT0Nh1unmRaTfJM0LCA== processed in 223ms
[2026-08-24 08:21:30] [INFO] [auth_service] Transaction payload payload_hash=yKxdLRFD7eblM+h9kd8WDn6Ga5FNqzJPCsaIxLgOtZgsveJTBJas9qygxEV/ZNZK2p3firUKCV0gO/HlTRJPww== processed in 214ms
[2026-08-24 03:43:47] [ERROR] [auth_service] Transaction payload payload_hash=mO3gLWu2xm6pVG7clnU3RM3p8n0ygr5TM62etRkV/wpbQuqcLNIMcY+Sqe1z1SD0uzW2KYJ0aOcCq6BBtgY9DA== processed in 259ms
[2026-08-24 06:22:16] [ERROR] [api_router] Transaction payload payload_hash=nY/D60WGYMoktX3V3xEWQMVAoOS0E8EjDW7MtEOIyduCI6MbjBXgV0hZxH38xwLXzwD8sb8ZABgS7IdyyUfYOg== processed in 231ms
[2026-08-24 05:13:00] [INFO] [payment_gateway] Transaction payload payload_hash=F/hF12zhnm+KUC9xftzESA61X/xUYmxoenGgQrHzBEaCs3QaGbj3c5QQWbOWJEMi6JdY6TOzS+KP0/BiA7TALg== processed in 139ms
[2026-08-24 06:11:56] [DEBUG] [cache_layer] Transaction payload payload_hash=264XhI+kXiTPdxcgmr1gKxQd9gEGfT/YalPrv/zz1RTRSk9Mh/nInA6CqoHJ1HWWaS8EBTG2QXQeSmcw57q/hw== processed in 111ms
[2026-08-24 04:39:32] [ERROR] [api_router] Transaction payload payload_hash=wYQ3crK61lHpdcp5vZsbeletsyIWhXDHyjkQ0X0ORLQCn/8LnBc08QbP082285Cj01GMEdjK7Jp0kPKsl3M48A== processed in 495ms
[2026-08-24 11:17:02] [ERROR] [payment_gateway] Transaction payload payload_hash=6+u7P/2Xowq9V7OjXF/Wsa6NQrBgq5U9NyDRxRW4VFadJbLwCuz63Y7+38Xc0w0Z7/vZNzAbeYqWDHpbMLNfQw== processed in 311ms
[2026-08-24 08:50:29] [INFO] [cache_layer] Transaction payload payload_hash=PtE5CnZ7MLj7y88GqAt3KUhTfj+0nywSCvpQGw7SZmbooTSHKJxvyU5l7+1CYv4H6uKuhLkSp9b3RudNaMLHsQ== processed in 52ms
[2026-08-24 05:39:44] [ERROR] [auth_service] Transaction payload payload_hash=c0xYut8BaQWy4gah1hzTqPVM/JseCUKgD9IFQe8OhDAkOnZIJ47XUDpqLu4XEBmzYidXIesHZwCfYNcr+genxw== processed in 331ms
[2026-08-24 08:53:01] [ERROR] [db_pool] Transaction payload payload_hash=pxcT7Qhh/uXCBSFQ4bSXhiBMbsqDWV+Tv5gIkcmlxXlcHr0chZsDtNwO7DGnTA3332mGNqKsuqufVyyhXNoKCg== processed in 260ms
[2026-08-24 10:53:52] [DEBUG] [cache_layer] Transaction payload payload_hash=AmIy/2R2X2X1LAjLdJ+x/+X314BxJHeyRdETRb0++AgDZG3qfvDmSITjOcIzKVN2yRxyzQcphOg2ao0Si+UCGA== processed in 200ms
[2026-08-24 02:21:35] [INFO] [auth_service] Transaction payload payload_hash=MoYb5Ff7ReFuxhWmEpNpZ8/+RDLAcUGYUZeAw0bXsaTgAfU0QduL87Q3sdVaJs8Q5HvLvFxDh6MuYBn6XknLUw== processed in 116ms
[2026-08-24 07:37:16] [ERROR] [api_router] Transaction payload payload_hash=qcXs4XXtVqVAGnjzQCZ5E5GepqDNWIdV7ez0Dm6YQ67CetASps1ghfaTDkxrNmnrun4wRTPoflC9u/1sDW3JyA== processed in 310ms
[2026-08-24 02:45:46] [ERROR] [db_pool] Transaction payload payload_hash=iewq65t5EDMKpXaIyX/8kzMW4Z8TA+/1hOYZeUl/bIgkTBdv/p8LzGsEa8RWfBdMEK9uw9pFGzL1iJk1wu+Haw== processed in 85ms
[2026-08-24 02:35:14] [WARN] [auth_service] Transaction payload payload_hash=WEL4OWSg4rfil1YNdlYbPT51WgY8JdSHgRzdI5UVZ88bXXB3/XfpLvwNSUkXApTqOdWR3hkj6GCwRS/POPkyGw== processed in 143ms
[2026-08-24 08:00:30] [WARN] [auth_service] Transaction payload payload_hash=l3lW7cDMXyAeWbDYJ3IryDf1pZGsRZVIY+gklz/DzKh998+w4jUPEciZn1altd9HArQGY6vmsUr5ITOmKHIlLA== processed in 334ms
[2026-08-24 04:32:55] [ERROR] [payment_gateway] Transaction payload payload_hash=zQSB2WoLytmFQIB5boOPXPgJEFNNgRizN4geNcRVuHZt8NexIQffVnFZ0ewMNK9yGGpe7/PtoSNZKkw7Kdo1aw== processed in 303ms
[2026-08-24 06:17:04] [ERROR] [db_pool] Transaction payload payload_hash=MEN++wKLvEap5SSOUNgiWyUfIxKhZ4+JQ4KCOow+4ItnGdSpQdBTFb0ZaHy19/dVoKXzaWHpV57XfnMNy0T99w== processed in 2ms
[2026-08-24 06:38:26] [INFO] [payment_gateway] Transaction payload payload_hash=+PrZ9h/WXtUfFIXB+56ujeKRnaU87o88ZWMCPWnZd3vjfPKBDURJeRrit2bWhWuIgapX5UfyjDY3rPZd64SFNg== processed in 167ms
[2026-08-24 05:53:22] [INFO] [auth_service] Transaction payload payload_hash=/mXSq66OJVFORQh08S4sXDOMzB+62v5XK1P2YwCpcwDxFIiNMhMxA7HylV6n2n2J/XVpbADozq6Z/5CwKQFlrQ== processed in 272ms
[2026-08-24 05:55:31] [DEBUG] [payment_gateway] Transaction payload payload_hash=ZByoKOVT+pewFYmrToXKzJe+obSB4/uiGpqg/JLCaE+VCngK4on9fg7E0Q555ySxnTmKXd9k3XU2s2WoW+Q+bQ== processed in 43ms
[2026-08-24 09:33:39] [INFO] [db_pool] Transaction payload payload_hash=/EK3InGJcd2UA0hLI1cH9D59kbFbOHb2X9hFUOHnn2fog6axCYDD9Gi1E6xVYHSHsTlicSGJdf6i/mLNPbAmPw== processed in 186ms
[2026-08-24 10:48:13] [INFO] [cache_layer] Transaction payload payload_hash=Z59Tv1I00ED+I6J1wIvl1woA5KKvH5NH2uNPI9XlelVghl3F+8WJ15Dnf857xSV0i1LLDNzJBjlubx3KIhmwNw== processed in 365ms
[2026-08-24 10:05:49] [ERROR] [api_router] Transaction payload payload_hash=VWp701Hnh7HnQvH+qnYAiqN+lC62uB4wrnSGyYcfipSRNIpCG9RpHJ2g6LH85JguYRwPXqJcm00Ps7iuNLyHhA== processed in 8ms
[2026-08-24 06:00:29] [INFO] [cache_layer] Transaction payload payload_hash=2E7tnN4qygqBvI5rfhB9LDQ7oSp1O1Bbv6LK7Eety+kezSWxVRC1VW+if0SZ00kS15bPS430dNSfCuyjWBpblw== processed in 491ms
[2026-08-24 06:46:53] [ERROR] [payment_gateway] Transaction payload payload_hash=8GhknjmI9l2JHOzUUXV6jKG/Htf7ZVvQhgU554SJLVe5nzVucpJoy1C7frhQXJgKefyJuhv5xwwutj1Cg2M/8g== processed in 90ms
[2026-08-24 08:47:07] [DEBUG] [cache_layer] Transaction payload payload_hash=o75Vwgwj7wEFdonOBwnJl03mbOIvZpn20gr2QODOqzFt1b6XZV//XlhlWiPa2iJRjNb4KOm8KjH8t69snmemjQ== processed in 441ms
[2026-08-24 02:44:13] [DEBUG] [api_router] Transaction payload payload_hash=0ux/eWXFBk6zd3ThhTZwQ1z7b6VUmNTQbVOeYOO4JgIzLfz8/+sG3bfHMfaKiwxOlYGXmOWmfMsIJm11zn0dXQ== processed in 371ms
[2026-08-24 05:33:37] [ERROR] [cache_layer] Transaction payload payload_hash=o1dJu0ni/E6fVt0BCwuBep11bUvoD1NN23UHACu1t4JX9y6+QazZUQb+RT/PRFXCT9FAkVZbr2VIUgLHbba85A== processed in 68ms
[2026-08-24 09:36:56] [WARN] [cache_layer] Transaction payload payload_hash=ghTFaw25X0PhnuMPWwmEvtY2WSEmhnO1bs4Jw0ijA838bNxSjghW45ciB8VR8dTEHflI8YSe9jaM+5cwSysWyA== processed in 410ms
[2026-08-24 06:46:58] [ERROR] [payment_gateway] Transaction payload payload_hash=uLKlmvz1kSnuw8FO20gkW+JuJ4rj+sz9P2rvk08gcksUCAjHui/ZETz8d2a8i/I7D4nnCVKehHFFz8JMGo80WA== processed in 425ms
[2026-08-24 08:39:09] [INFO] [auth_service] Transaction payload payload_hash=tkkDzy9DU12FVvujt/L6ORrCzmSlwGBh/1j4JBACSIZbZs7cjncGA5otNkcx3rl4VYm0yEpdJsvb9EYiM/79Uw== processed in 417ms
[2026-08-24 09:39:31] [INFO] [payment_gateway] Transaction payload payload_hash=CQf5r/kihhUAnVWN4I4eqtzShhoGyBf92X49Li+kvkwFK+BFVctFPiZgkU/1nYg85Ciag9SO5a4+CutKFuqbEQ== processed in 468ms
[2026-08-24 09:03:41] [INFO] [cache_layer] Transaction payload payload_hash=WRgb4Pu/1UN46TvSLiQ5/otOkPUkrFxuffXQ7n0J5q+VEArAwqKLD6vN0Cpd/cfdi5YhK1Ot4HB0SMaDzT71Xg== processed in 378ms
[2026-08-24 05:28:27] [INFO] [api_router] Transaction payload payload_hash=siT+8OAtppmAe3qLNiF1oKPMg5JFAAS7sb+tX5QYZXzlHqjLSkM6cPfcHla/PazJ1oI++Xj61qtQoBLQU+XmXw== processed in 260ms
[2026-08-24 04:19:49] [INFO] [payment_gateway] Transaction payload payload_hash=iR4Ua9APbo9fi38YW3X+KMddm6hOjpSioA9oQE+JnBYdmA6pklCBrFDUkamN3iv/EOn6kP0cxvAuRgt8L3Xywg== processed in 451ms
[2026-08-24 04:43:11] [WARN] [api_router] Transaction payload payload_hash=CfQDbZn1kT2okfzUpkV9/V1WsyEl32SOg7evpuWkoB03av+yd61fTzdlokqxDEYyPvE+KCRAjSpKwVzFQHSggw== processed in 130ms
[2026-08-24 05:14:48] [INFO] [auth_service] Transaction payload payload_hash=DObvg3NIL+dyh5OSR/zPg8cfi7PXkso0chmAGwmGMohXrhoJ021ZAlhRKNCuHiQogeMYzWEBjfoNSUTmkZFlDg== processed in 165ms
[2026-08-24 09:43:09] [DEBUG] [db_pool] Transaction payload payload_hash=P0v9Q3JHztvojrCITGEYeUT8+9W6m2W4UIGEVa8ZPQh/EvzYNo38tfLVDG16DDT+M9p0/DOE/qBae0tNBNmvew== processed in 41ms
[2026-08-24 10:06:04] [ERROR] [auth_service] Transaction payload payload_hash=ybB8B4YL6RqmNWbPjajqNznoYE435kNDO8ZmIpuafjGyT7Rg89StUoXsHtNak0cdN2u0Z5HbW7uMSfBKmYe9yw== processed in 199ms
[2026-08-24 05:45:03] [WARN] [db_pool] Transaction payload payload_hash=HZqXfS3aN+Vc8fJrclJ8cZZIQT4Z8kTSH1GqAikQoNZ+hi2odbm0yKl8Dx03nsZzSqSPMbUVeKuFV/tmJPIIAw== processed in 222ms
[2026-08-24 06:27:10] [WARN] [cache_layer] Transaction payload payload_hash=37E+RqFuKKckO2L8ulpXs+ibqUSwOKaiicicUmn6+UphnDEe4Jfj2tY2TI93LMwUrYOrrrT0ZsKlJmeinBrrNg== processed in 231ms
[2026-08-24 08:14:58] [WARN] [api_router] Transaction payload payload_hash=FPkFTFwlTta77aSlG3IGqrEDSqWtYIvQ/tR0lZccf5MEy/ctY+KM8IVNqXQCfGF5AS1LOJ2Bgawqd0hycLM16A== processed in 390ms
[2026-08-24 04:16:19] [ERROR] [payment_gateway] Transaction payload payload_hash=dOFIMAyGLcycM7t4r79iRb51kikK+TVE5FgnLL1eAougQ+s3fLzzGBWDfGQFTvszpyP6WPGY57K+a3u+ofFkQQ== processed in 109ms
[2026-08-24 05:46:07] [INFO] [api_router] Transaction payload payload_hash=ERV5KjzSaeWkRMun0+5ciwS+orBVLiwe3HV2PSvSFhuUBgNNLpr6of4wvkGlZV5AKOrm/XwMDuNKSFKmCucdvg== processed in 493ms
[2026-08-24 07:48:02] [WARN] [payment_gateway] Transaction payload payload_hash=EHuyDhbM1r0OQu9OfL8o/PwanXXGqE2PfJ5+IahYQ2Qf6u5RqgzTbPKavscqE7aiiq7PLzd+3qLvPEHeN1RTlw== processed in 294ms
[2026-08-24 05:23:04] [INFO] [auth_service] Transaction payload payload_hash=0FcmD8tjKEOcHq/jInb9MeHikUU0BI1XO2+bJImw0+AsiLVlr1/pV1OX+lCWk02J1++hlCeFsW1NjlIoaT9SoQ== processed in 269ms
[2026-08-24 09:38:20] [ERROR] [auth_service] Transaction payload payload_hash=zHeT97PUYMwsuhBVkhNDpp+IdfNExdiqn3HvFYo/oMW2QSUcX9LbdfYHnxHYL3Lw1PWDC41eMMfXT+iDR3Orew== processed in 109ms
[2026-08-24 04:05:43] [WARN] [auth_service] Transaction payload payload_hash=84tatdExBPK163X6SuGZ41UZ/BCM5QgF9jiYfAS9WXn/HhGMXqwHhBy0rz3OoyFjtAw3GNkhQzg7hFI88486LA== processed in 199ms
[2026-08-24 04:18:48] [WARN] [cache_layer] Transaction payload payload_hash=Mr/5HGt+wDtdJHDjaSc0VsCNZUXWpZsjyMs0BGwUwRcIp7iK6ygZe7JqgLn4DbmRxsqVbfimTsv9Ra7S/jAw3w== processed in 68ms
[2026-08-24 09:27:01] [DEBUG] [auth_service] Transaction payload payload_hash=AApD6CkYC9/yIHVtLjdOEziw9Pm1n4PsgJlYPn/LpCSmSLU1VlfBzzO++z6HUn0x7GFlU0tcltV8uWrHccm19g== processed in 53ms
[2026-08-24 08:39:32] [INFO] [auth_service] Transaction payload payload_hash=KP6coBSRVsUcLMOey9GfO5Yydrt4SVkoXogDmVexupoVXtQR3dA0Kf7KjpLmBEzWIT9gj+xjoAyHxL47h5glaA== processed in 471ms
[2026-08-24 05:45:18] [ERROR] [db_pool] Transaction payload payload_hash=kjrpkbXc+IeICc3O4/CDopsuWtytLUQTKQuiHSKPWwP6H/pYdJCN+FEp8qCBuk5Twv4cNq6GYSCjJ4gChoMEkA== processed in 399ms
[2026-08-24 08:34:27] [INFO] [cache_layer] Transaction payload payload_hash=u09idj65q1GN+ns+VA492TyLYUPCMzUyaBLBJ49c/PJYIOE7IL8T/PjHgodAKVO2hUdGYvvxE0uLZu6DfrVlcg== processed in 34ms
[2026-08-24 04:14:02] [DEBUG] [db_pool] Transaction payload payload_hash=J5yRaxyofbe/tyljWpbKhpHlY/P1wU8j5mCwFbyfwzfIxOM9IgsVd9Q2p+6CnbVxfz60dRoW4P26U8hBnrDRRA== processed in 125ms
[2026-08-24 04:59:40] [WARN] [api_router] Transaction payload payload_hash=fKB6DzIqEEL5+0kOIk9AN6D9bx3cY6jmt1LTCYR/LlA82+eyO7HGFt6OgYV6b31lGmSuO8xUQk0bHQJY1GiRBQ== processed in 242ms
[2026-08-24 02:52:30] [DEBUG] [api_router] Transaction payload payload_hash=B0EjFGLOhlQW2xQgEGwKsIKecTpQ+u7xp9li6rGy0hgUgcBkxdUYY/AAPYoOLP8NLoKIpbHSHdssPMizWeYnpw== processed in 131ms
[2026-08-24 04:32:53] [DEBUG] [api_router] Transaction payload payload_hash=d/+NIrdTvS5B9B6CZ2QsV/QTe1VN7EMIaGddwAKDuEuWK68A68tmDM3FVM6diPqqhDx5PGcfOCq61DcU6GSr/g== processed in 366ms
[2026-08-24 09:39:29] [WARN] [auth_service] Transaction payload payload_hash=2mNle2D0BQ/XtMNan5aDPYDDz8fAdCndajKpuJxku7BJ/NTwftM+BsZsvZ/+h4zRS9Ijq8yDOdIfSl5+1Z2ZBQ== processed in 2ms
[2026-08-24 08:50:07] [WARN] [db_pool] Transaction payload payload_hash=DILBafJwwWMZQz7N5e7zQfv5lU0gBFSU3sLPCpsR/g/0+Gg63B8kqMAogNkUlvR0CALHLgx/dS33ufNXsHwcCQ== processed in 222ms
[2026-08-24 08:22:14] [ERROR] [auth_service] Transaction payload payload_hash=USkr9qI+jnso6dCYJ9i8cDiqew/n47T0tBX0MJ4hRh7TyZtJBtfuYdmXcmFtPnqI0U9Q8x+P6mb/amqQKQOq3A== processed in 449ms
[2026-08-24 05:21:58] [ERROR] [api_router] Transaction payload payload_hash=o2FAP1gC6MmiqIzOk+clN+OQs0rIAK7dwWsaH7iDPlPxPPA6UlVpKSPYrTLFmUz51J/HXQOp9FOv+DpKojnJ+w== processed in 57ms
[2026-08-24 08:45:56] [ERROR] [db_pool] Transaction payload payload_hash=UDBcyYXVF9VcMkG5tbmqqBqiKVBI6I6H5sVp81nhnyHg/6ceZMWuhM7wVCFJH5bWYUxDt/zk3kUdgvtTQkEVAw== processed in 196ms
[2026-08-24 06:59:26] [WARN] [api_router] Transaction payload payload_hash=sB8CU8NpHqiQJlkJNt0FaH4fnqJavCiBglETyJ7CxPE1VuVwFoMV4lEtgOKMwywqf1fLWTkQ/RBAYUWWz9JlSQ== processed in 360ms
[2026-08-24 04:09:22] [INFO] [cache_layer] Transaction payload payload_hash=X9tW5nmX0I9TK9aO5EylQCNRl+0AzZBnevJMdJ5bIGvQIEv42p5TyP8aAfY9LTJAxDpOaN2yO36s4eWkgWDIfA== processed in 77ms
[2026-08-24 07:46:59] [DEBUG] [payment_gateway] Transaction payload payload_hash=AKdOwn58HYM96fXcpMWeGJZBie3Y1e2ovMw1BjPnQfoRgmho7rW4KaO62bC8n1UP4bVnHLSXxczvpNd8yUL5gw== processed in 142ms
[2026-08-24 04:37:30] [ERROR] [auth_service] Transaction payload payload_hash=PHyInaWs5fuXgjqtCFTAo2wYgp2wMP+EBzj8zSbM59ANLwzzpdlRsy8p1W9AdoTmcl10QPZkJHkjeInG8p8JoQ== processed in 391ms
[2026-08-24 06:54:27] [ERROR] [db_pool] Transaction payload payload_hash=ETdADoW1FvpwYHlUOf2cE0gqdT0z2xocWR1NfqsfDtdBP8BYTBH4o4gOmBVL0J5ecFCF4OiB/njAlkmK3j96Qw== processed in 455ms
[2026-08-24 10:12:43] [DEBUG] [db_pool] Transaction payload payload_hash=0GfsxOFO0phj3imyxPCnqF2SX4ge/KVm8hXvbtNJ1BXaAvjFEh8jk5zZLnRgLEvwBOxye2RZLn7CKyi+UBGrtw== processed in 127ms
[2026-08-24 07:54:21] [DEBUG] [payment_gateway] Transaction payload payload_hash=GsBDuPJJ3c9Msa1LHItRrcEqv4erBf63D/+J++JDezuf3pnoUCfMc3itF7TCF+TlvoAVP44qXtG42004aYpTAQ== processed in 453ms
[2026-08-24 03:41:19] [DEBUG] [cache_layer] Transaction payload payload_hash=mDTcBMXoYu3EDZaSAi45vQAu5ZJYfREUw17hGprkeu7oxqV9lN82LhI988tjCR+V0f3giyLDm8DZODHXbASycg== processed in 242ms
[2026-08-24 08:16:08] [ERROR] [db_pool] Transaction payload payload_hash=0Nt+QsuKSzesCMoffHdx1wVD0QIXc+Gke8xXB34i1R1fK4g9okDzvicBjKDpdObS4Xfi1NYiUvF73SrL/azVFg== processed in 392ms
[2026-08-24 03:22:50] [INFO] [auth_service] Transaction payload payload_hash=8H2X7tXP0LyTECohu8n7vpNuHH80bn6ilt3IHLA75aH0UvfwWF1dCY3K3gMvjy0bDg/jRbZ2A0atLjVS+Sz7Iw== processed in 154ms
[2026-08-24 07:23:30] [WARN] [db_pool] Transaction payload payload_hash=F++14eV7j5i+OxiW7Mqmcw1C2FiBDNj6saBUY9cFwtzhvsS7gRKFiXoUDzrrc7ZI5wPSwZbvURJcZUufxz9zMQ== processed in 53ms
[2026-08-24 05:05:43] [WARN] [db_pool] Transaction payload payload_hash=d5HNgbrmB4YOKALj0cSkf1E1TYxCY6a6jgG6ownD5S+oMDhhlRZOPObuYuan/JQ1JBmyruonk2JA5mHS3gbLjQ== processed in 267ms
[2026-08-24 08:49:01] [INFO] [auth_service] Transaction payload payload_hash=di1pvZtr5EbMkGRStItHg7s00pT5FHs9kZ7OjIFXUnfnarv2ihNDkBta6Biijmxq4fVrD+yhjiMXkMhZ3IgxKg== processed in 359ms
[2026-08-24 05:51:42] [ERROR] [api_router] Transaction payload payload_hash=4qLZxvmpE3EGgw1ho6f1mttVEtRZB1HSE2kXZWClbacKfHC9F1uQ4HiJFbNVlxjgi+3M0Eip8M7pMTcUquPPbQ== processed in 66ms
[2026-08-24 10:00:43] [DEBUG] [db_pool] Transaction payload payload_hash=7awwQLtXuaCnyOMrBYsJF2bFkuRWGrVfaJMIXW5uHiTi2DmJYfLOtKYhcLnrU9l6rCiklahAmSDHY3P0ZT+VrA== processed in 154ms
[2026-08-24 10:35:47] [ERROR] [payment_gateway] Transaction payload payload_hash=RIt25HDDsG8ztXJZjl6WyeNEJq+J5Q+SJUiXLx7SV0yIbu+fQmCitnHWonbcYqLw1462DWBTUIVk8XFW/xUBVQ== processed in 377ms
[2026-08-24 08:22:08] [ERROR] [payment_gateway] Transaction payload payload_hash=0jtlUYLuZaquJaS8o/RJZEFvkoprZRYvLE55Cg9peMWWYLtRJcUs1bKKZqCe02wGmQ5JcVf76ETWtJ+Zo/OqVg== processed in 29ms
[2026-08-24 06:37:02] [INFO] [payment_gateway] Transaction payload payload_hash=AXVqJ/4cLKi0/uHxXbIGTRPsD0loTqU1Y6AmYaLIl6K66E8VdGx+rLbXWtB++lCTlQsjHDNKsgJXr1tQsrF1tA== processed in 21ms
[2026-08-24 09:09:04] [ERROR] [db_pool] Transaction payload payload_hash=A2oRqVKjhvTsLp5N+qP5l2wHwSBWJDGOdUfBOR50/636xftPgHhfF3GNmX6pVfZpD+ZS/ct3sMexh2cTloT0pg== processed in 161ms
[2026-08-24 07:37:06] [WARN] [auth_service] Transaction payload payload_hash=fkbF7hrtv3t2wddBILCrnu8+4ey2n/ibNcWErG9y3DUutCO46ui7jadMDwIK45mu5EDFITO7BNLDjGILZ5wHpQ== processed in 155ms
[2026-08-24 08:10:35] [WARN] [db_pool] Transaction payload payload_hash=jG5wJd8LrO1MQHHBipFIFcRGCsLTnbkN1EFnnFOra0FqnLLgbzt+6kajMnUdY6V6uAQVzKFt2Dv3SR7vSsJB6A== processed in 400ms
[2026-08-24 06:45:10] [ERROR] [db_pool] Transaction payload payload_hash=lhhMuogg6DbXVpTXFpqr1taixhmpVi908RVyE/KmWEWCXVfebJ9O2K3bDVBmGYiwrOX0PJiXfffvULCgBe0wwg== processed in 107ms
[2026-08-24 07:32:46] [ERROR] [cache_layer] Transaction payload payload_hash=Y9UVzJaP148CKq4CJwEYuoQOWYsQvxcmjASoAUZMhXTJHIkDQ3p9jhRVJQcVZEobH4730Jse5L0AbMgj8LzvKA== processed in 25ms
[2026-08-24 04:16:41] [WARN] [auth_service] Transaction payload payload_hash=Y2cZpOCviC9aGnDFPsxsrCocFF7sTXoATLdt8Ipthznw+AYHF6JwbpCTGiv8E2H5EHzc+nB+QNv3Ut2AXyxaBg== processed in 100ms
[2026-08-24 04:29:03] [WARN] [cache_layer] Transaction payload payload_hash=PvcIbD9PaNH9Mj0R+paJN8sN4RYB4F3ar6UurZN+VJJHrKgQWel8CUJuKWsZd5FVORZp/rwNrnoz8VG1ffAn6Q== processed in 463ms
[2026-08-24 08:09:39] [DEBUG] [api_router] Transaction payload payload_hash=dXex/OKYFcct3AsmTh9AEy6BsYFl2pcSVpNruBwSKjewzit5j6o8scgKKnn+GAZ4id6AIoDXAiOFINrMuuWAOQ== processed in 206ms
[2026-08-24 04:06:24] [ERROR] [payment_gateway] Transaction payload payload_hash=bSn+a4EnMQAWBM9ZmAn1zqntjy73P5XkfBw+5gQT+ToajxIQVJRx5uC5JsoHphBUh1qaAjDEtBQnzMrxuLKwVg== processed in 335ms
[2026-08-24 04:02:32] [DEBUG] [db_pool] Transaction payload payload_hash=ORRRxnlpfAhDSy5iwHfqxSFRO3yoLaN23jdVg+fDKnqYEEp/ti7or06VsIMxVOya81XmZUaO7mR4kL2sZbplEg== processed in 256ms
[2026-08-24 02:54:20] [ERROR] [auth_service] Transaction payload payload_hash=hIs3jEFnnKQhfvr+Fs+hYyVwcbQMbTSFTVxOTb5KyyvGZC+Cq9q9DvFyV7mMAmE4ic4bA+fbf6ec1yN9ir5KsA== processed in 39ms
[2026-08-24 05:50:08] [DEBUG] [db_pool] Transaction payload payload_hash=QfVWYRSfDXozkMXh8cTI7U+TuGmW7pmbO1uIyCgBhE+RGGBYvN35/+Z9SvnKT9zIQ66DLg1tQybySnzv21xu5w== processed in 498ms
[2026-08-24 06:46:25] [ERROR] [payment_gateway] Transaction payload payload_hash=Xv7zaduKTfhTyehlD9LeQQDAP/c5GLKeg10ReuxBDRPe1dEPSKlvFe2VlTfJ5oEWqWUj6KKMLKm8OYNWOCFj6Q== processed in 86ms
[2026-08-24 10:35:35] [ERROR] [payment_gateway] Transaction payload payload_hash=K2FWjbeougHu89m6+Xm+hNBnYgjfgYDvtqtN215M8UfgCQGkUls2wHpE1V3gfmqTrP7eYd/GOjGFniMtWicimg== processed in 166ms
[2026-08-24 09:38:46] [DEBUG] [auth_service] Transaction payload payload_hash=ba2AQCO42SKw7vU7O0cd+mr1hj31/LgkKrgcejlIKMl/1+TP64hboOsWAhMt8mPyMdNbkyChAx1voOtq0Dby4Q== processed in 351ms
[2026-08-24 03:15:59] [WARN] [auth_service] Transaction payload payload_hash=GA6FqqhP5YfipAnyAyFF33YwPwj/jaDVKrXh8V1jJTPGuHEIHNRl5OfNrNxtc6nKsPkKarNqDowJuQo6Chax0w== processed in 496ms
[2026-08-24 07:42:35] [WARN] [payment_gateway] Transaction payload payload_hash=6ThYJas4jGh7b3EPZ5VMJ+Zko+Du+RFsuXOKMzVFRsnLEYsojjNawXeDQQ8YMzQwt/fQvezCCbC+MVc3Xbpv8Q== processed in 494ms
[2026-08-24 07:57:06] [WARN] [api_router] Transaction payload payload_hash=Nps0wkRFxLTq1aCx2eOjfjYQC24jyLuTtkCpKm8zxLNb50IZ22WAMHZ8NQB8SHBgqFwFMN/PXtT7d1iMRtCilA== processed in 318ms
[2026-08-24 06:46:52] [DEBUG] [cache_layer] Transaction payload payload_hash=JpaHljVKnI8sjPvZg6u3XEKndpARP8eWE/kDFT0HDxdcx9psHxrH7grGKVv+Dx4JE4lQWQWyBXzuxxZLSw5ROg== processed in 165ms
[2026-08-24 04:19:30] [DEBUG] [db_pool] Transaction payload payload_hash=LplT29uEdCRp1iuovHBIC4GitDqlIIZUEfEhtmsSsNUnm0B0nP9Klot5EEkRJraA2cR5zntZrgV5DtVvM8oX4Q== processed in 144ms
[2026-08-24 10:16:52] [INFO] [api_router] Transaction payload payload_hash=TUQYIhOA+YE5qyxYZ8aAjqC+V8ATGheYBrmiZZe5ll2uz17qXxKC1cBrIr5cikcx+TsDXXxRn7j39epopjx5Og== processed in 145ms
[2026-08-24 05:45:29] [ERROR] [auth_service] Transaction payload payload_hash=yEOJGLNIBN3Bz4U2bXrls1sqByQvGS+cMjIkG6ILX46P1HfLJTbQH1+G+l5iolHOYyXZ7KxDO52bOaTMxXCz1A== processed in 490ms
[2026-08-24 06:01:10] [WARN] [db_pool] Transaction payload payload_hash=1XHB3uU5kdmb2O9u4Nexyf6KHdXI+fNaEGXqAb+W1J5L0Ul43o+fn0tuOu8/w+hZ4qVO/J+lbvhlavx9GfR6/g== processed in 445ms
[2026-08-24 09:43:18] [WARN] [db_pool] Transaction payload payload_hash=BOgdwIcxFzcZ61vkt3YmtlwI9wH0nh/pXdN4ER/4iFAcKnPxRK3uajnCpQziEReShjwyagO1nnBy67NFyGV7fw== processed in 100ms
[2026-08-24 05:40:31] [ERROR] [api_router] Transaction payload payload_hash=EQHwaPq2nkcF0qRWOi/d32hfyAmJ63kA7PEvlXYCINkCLPI5b2rVyvT8BpTY+uAC2FsNfDurTubaLMHKIchR3Q== processed in 356ms
[2026-08-24 11:06:45] [DEBUG] [auth_service] Transaction payload payload_hash=7yKQcKepiTaQwZ1dywf492kOBiiTdJDJPbsQHgWH71kKohHOTr8bQaSgMZABqqBL2GKyFmbcDcSDK7Ink2tq9Q== processed in 171ms
[2026-08-24 05:53:48] [WARN] [db_pool] Transaction payload payload_hash=9tfFmroU6ktI8rjhrMCvGxiDgXBMZxX3J2Z3llPELhk1xgudXgvfQSUPLtMDDNnI1l08Z+K+vn9TFSIRDlsmzg== processed in 199ms
[2026-08-24 06:08:15] [DEBUG] [payment_gateway] Transaction payload payload_hash=j3r/OaWBDoMU7id7119c2Q0PtjY2GgrW4QR+4RyIEoGNVzrdBpI4+xuiWQ1gRPmzLql2qvS+ulp8S9iA+yVC0g== processed in 331ms
[2026-08-24 10:11:39] [DEBUG] [cache_layer] Transaction payload payload_hash=IKTipgSFCFcabbEdZq5IpsBFMKJLvkwpX5naK2aLVEF2GUGdeTyCNpBakv5Lz0kWHwjhAozlMjzJLccyYUnGJg== processed in 464ms
[2026-08-24 07:48:53] [INFO] [payment_gateway] Transaction payload payload_hash=ERoFIdxnlm1v6eYyjFh0SCFJog3urztty8Ay4UD7AYHulHzXClYd/eUZcB3Cqod2eDlK/tTp4D4/7qHHwti7kQ== processed in 59ms
[2026-08-24 08:17:14] [WARN] [payment_gateway] Transaction payload payload_hash=En+8Fd03hgjRHyTjzSeuMOIylLfbMZJwuuwUaS3qLXtl3uk++EeHnIIjagzV/x9vF5jnhcii263ijbFBi2Jj7g== processed in 456ms
[2026-08-24 09:51:52] [DEBUG] [auth_service] Transaction payload payload_hash=qHDiUAGdAbIL/neDGWrROa8ymx8W2Dg29lQcnpR2SVtUpcFM4jpm6ZVJFz+3pr5u+rxRDx5O/VrJRpgc/W00KQ== processed in 328ms
[2026-08-24 08:21:22] [INFO] [api_router] Transaction payload payload_hash=F+lSua28qsAd9OoP7u5rI2sG276STxZPMJ901ATRJvfQ6Tl/bizpNo+6psyVX4kzyqHau7Wp4VQ01F8ivdbGTw== processed in 18ms
[2026-08-24 06:27:40] [ERROR] [payment_gateway] Transaction payload payload_hash=KwtF8kpOtwbdQy5nQz4w2m4YK92RfZv4fVDzaQ39oHwIhiOehG3xCrMiLYIYbwhGz4pNy2y12yTta8toFEdKIQ== processed in 219ms
[2026-08-24 06:14:56] [INFO] [auth_service] Transaction payload payload_hash=dLJKTqZu8oXOid9JB4DMwsHpEiB9PeY5tBsE2ozypMzixsubUPXwksgEy4WAF79bXp9gKj5haTjKrkg5yE2xpQ== processed in 46ms
[2026-08-24 09:26:13] [DEBUG] [auth_service] Transaction payload payload_hash=2y5ECsjsFSsgF5DztySWJV8e2fkqLRWwEdsWCEv+XScB9yy/lBATP24QifbnwqHzPGNXyl5rMtOdnrBOYprZqg== processed in 463ms
[2026-08-24 04:55:42] [WARN] [db_pool] Transaction payload payload_hash=wwSJPpkPYQGrO4hDLYvjKV2jQSFtkMpuiBUGrguupJD556dnHiHPDoYHQBIoRmLNb2AVvN/x1MYlaoegXHdbKg== processed in 231ms
[2026-08-24 07:17:02] [INFO] [db_pool] Transaction payload payload_hash=umjiDsO8xBA1BcK1WP2eJO7tiyQHpBAGV5t5TWrswjm1pfGGyJiLFcxhpR9vrbOszIoOWDZUgBxtJSSD20eQkw== processed in 7ms
[2026-08-24 07:11:01] [INFO] [auth_service] Transaction payload payload_hash=WM+Rv0CKa02Y+UXFoV/t2JJlNOxMTfhA8+VEBT0yM8eXCAuqd9Ucq3uoqNo1hVVIzcjKBq/ZBPkVZJch4epvZg== processed in 83ms
[2026-08-24 11:22:31] [WARN] [api_router] Transaction payload payload_hash=TTcl98RMYsNv0t78if7GaTzBwWXCrV6UnL6N956NX++BESG5yNL6/M0ClizMPxY21sc/yBkrI7/xMxPgMRv25g== processed in 105ms
[2026-08-24 04:14:32] [ERROR] [api_router] Transaction payload payload_hash=2TzaE8faTLCaYs6FvQORqic9PD7aowi3WxY8Av8lKAWt4jPopE4yxpi1msGyxDDDtNBh3TXRBFpkBAzLyvP3sg== processed in 395ms
[2026-08-24 10:57:24] [INFO] [auth_service] Transaction payload payload_hash=ui5IOnNSy15K3pm3OA6xB8dVluidJSyU0JCQEFLG1++LXJ5+IJ/bZr8fHl7AGh1alif/ika3moA+woQ9Te1fJw== processed in 422ms
[2026-08-24 09:26:37] [DEBUG] [api_router] Transaction payload payload_hash=dnqclhwwNvZsa/e3Qa2f/7rhYE28NOq25a1fbsOp+uHBMiv8mVOE8DqCx/lzPMt7ujmWQBfvPkczIrooW99VpQ== processed in 492ms
[2026-08-24 04:10:45] [DEBUG] [payment_gateway] Transaction payload payload_hash=Q2LmhjvrTmJndKu8J+8/lYezBS4e1bX5u9K8mPt4ZtLoY7cuFWbKLP6No6RLkuYIFG29mYRFXxwssUhvzTcPfw== processed in 215ms
[2026-08-24 05:22:39] [WARN] [payment_gateway] Transaction payload payload_hash=AVIGJCzIBaYNxYjFfdcvSlULHVH4CjrynW16ejXXLchAogK1eJP00wtifx5JpyfNCi0v8kyIT2MzyBRIDF5ZYg== processed in 245ms
[2026-08-24 06:19:54] [DEBUG] [cache_layer] Transaction payload payload_hash=EG0hziN3MGDwyPBvUFdybCxfQJeU8kfD7jhTb8i0Ep/T5elAga7jzRbV7QGQBC46vkN9rtJHRKRnhltbI8JLnw== processed in 316ms
[2026-08-24 09:39:53] [INFO] [api_router] Transaction payload payload_hash=aZ+K3utoaH+aPRKMgZQB/Ffv5DmBnSpKeOEJlfXPJ2aINGhoi8iVj3bAccnS+ZUblU2rBbql4U5NOdJb8RzrTA== processed in 189ms
[2026-08-24 07:43:22] [WARN] [api_router] Transaction payload payload_hash=vxeVXdkgxzvMlokSCNHiswpvHgoRoJu0IzdeP+bnEJR878yUM93c/2kjmxgi1rZtYkdcKRviKIu/Q2c/xXuUnA== processed in 149ms
[2026-08-24 04:09:03] [DEBUG] [payment_gateway] Transaction payload payload_hash=CLByuVVX64avzYZTPkjbeyl4OAFGmd1O0XHRLwDDIQk3lMpPYcQH7OLZqfiAd6GBy7TZsZ6+NTfoYf8YyhvdiQ== processed in 368ms
[2026-08-24 04:43:02] [DEBUG] [db_pool] Transaction payload payload_hash=675QrQQetVOmKLyJLdMyFSoDtN+3IxpsbHCQ/jha7UXj/K1ElthA3noRYdA7ZvVB0v/I2hY0HgISgGk+evg/Jg== processed in 274ms
[2026-08-24 09:52:32] [WARN] [api_router] Transaction payload payload_hash=0YFQd+BeWMvhOoMmTUjL4w3coWQggapOsGKzEBKn34tHlAO65STns9z/wIr0y82zniIuz5zVsnCnHoAsOvuJMw== processed in 455ms
[2026-08-24 02:43:16] [INFO] [payment_gateway] Transaction payload payload_hash=hKeK3G1evC0e2tqLX/Od8AQ76lO10aovJ1lpfkdWWztQ7wTVKNKgqC8qZiLz2xJHZFZQN8mD4fle4w6fpY4Rmg== processed in 218ms
[2026-08-24 03:49:16] [DEBUG] [cache_layer] Transaction payload payload_hash=gLoge4NQjiOtfxw89GKD3vZN36Xtr2E4Ws7kbS3q9yttsnepyU0vgGvoC9cUkTwT2Zce2gAYAzw5lKpw1tCN1g== processed in 138ms
[2026-08-24 09:03:25] [DEBUG] [auth_service] Transaction payload payload_hash=E1msmsjgx/QdBklDYM20hmnCBE7lpSqX8K1rBX1Gb+5+Kipw4SGUPXO5/EFl7+rpXngJ+aVZguXOpzAL8oA/PA== processed in 244ms
[2026-08-24 09:27:13] [DEBUG] [payment_gateway] Transaction payload payload_hash=jtUIMk+9ZUngTBJYrARHJ5PRhy3EHROEtkUdVDSqCmVQQgavsP/uXLZTJf+s0Z4HpYX5SK+7g8dQKD+qSGxulw== processed in 159ms
[2026-08-24 05:33:23] [INFO] [api_router] Transaction payload payload_hash=PLdt9k9ZzMxfm0JL3Mqx1HriPsElpQQS1QjINWGT2lc15j3Ye6h583LO6imSi7uhKnLq4wKXwI0pfIMcucdsog== processed in 260ms
[2026-08-24 06:22:25] [WARN] [api_router] Transaction payload payload_hash=MIP6WsKoyrEFWukgkEdXyazA0bX9e5AsJnhmRF16eFZXhwuGpFikUymqNbA8wvYOWDfaAZ0kAifDT55RTgJ1dQ== processed in 340ms
[2026-08-24 08:07:49] [WARN] [db_pool] Transaction payload payload_hash=3SC1lR5IA7AloIF/P+xlfjVbzur1jhJ2CwIRH48LDMN9IPb5h5s5nFLRDXbeE+QUhjN1Q/uWIbhgBI7G5z/xIg== processed in 314ms
[2026-08-24 02:55:18] [INFO] [auth_service] Transaction payload payload_hash=9cgyE6j6693fxds21Wg5Fy6GL/t634C/1fi0Y1rk4ESdYhLloV+cG8ineyRzl+TAT/VNg/eikoYAAB8SveP/7A== processed in 163ms
[2026-08-24 04:14:59] [ERROR] [api_router] Transaction payload payload_hash=ZW/JIpn4IB41Dr1xMQW3DR3v6R5xlHeG9izPiqD5iFHbSFjYGnMRWMuy0fmzwdlKYHrN5g8wpwVAxdBdZIedog== processed in 101ms
[2026-08-24 10:59:58] [INFO] [payment_gateway] Transaction payload payload_hash=lgzIero1HuJpvJZr5/KXafmcpW6lG4oDDKYlxwLVvFDhLjR0EgQzDaygw2pyQeR1GCS24qHFR1clFLWIOvgOrQ== processed in 290ms
[2026-08-24 07:05:07] [WARN] [db_pool] Transaction payload payload_hash=X0MOCalktXjbtlE/EeH3LmSxChvL1HY6LoYYnxsDIx43HUEhn6FAmCdvRuX5nXWssZgJxeAgnZWmiYBZDcqgqQ== processed in 316ms
[2026-08-24 06:09:03] [DEBUG] [cache_layer] Transaction payload payload_hash=FenMQUT+dnaNxwKP7HMuu+fAb+r6lW1j1kiMcvv1voenU8Z+wlKx9luwT99+Ucjv+Ldp6NeFFDRCfUIWE90GJA== processed in 212ms
[2026-08-24 02:29:17] [INFO] [payment_gateway] Transaction payload payload_hash=X3QxlP5XEWXrav5uG52rs94pfJt9GdP1HAzMocSR5MrvdsZbzBgKlNC3dht1gDvdCNI7VwB7GmMDM3vmzXfyXQ== processed in 6ms
[2026-08-24 09:48:50] [DEBUG] [api_router] Transaction payload payload_hash=Cxb88HFegeblRdIViIsdwNXgevO3oHc33OX7FkrSbeQykB88KsNzFaZ5xEVPDq8D71I8jGJfjPSEey/gkce7Jg== processed in 442ms
[2026-08-24 05:23:07] [WARN] [db_pool] Transaction payload payload_hash=lPd53pbeWOAabv+OLuGG+uGDIJzqcRDUCbgc0hEPzX3JZCCDu2hwLcPP5Twb7cxnzkoKRS/6f9TEmk/NMSAvOQ== processed in 343ms
[2026-08-24 06:38:51] [WARN] [auth_service] Transaction payload payload_hash=57EK0RzZy1eechPx8o58GjHLbVukfJniIeItN2ViWjN0FTuAYvftkeeYthKNbNc+oncGZJuYcBIjGQCVcAQWFg== processed in 354ms
[2026-08-24 11:00:18] [DEBUG] [api_router] Transaction payload payload_hash=4Z2zb7vRLkvernGuUN2rUTPNg6EZwSoSgT+VXjZfb08iz4jzVo58+0iTZ/D2son9+07E6VDIlLO1IKREf1YhIA== processed in 150ms
[2026-08-24 07:15:35] [ERROR] [api_router] Transaction payload payload_hash=2OemAff0ivfjXj13v0++rZxi+QeSrgFTm6jkjxCxrIkpbFhzPHufzTFlGC8jbW/jkYIsTegIYBQ+JFjG2nHeAA== processed in 389ms
[2026-08-24 11:04:36] [DEBUG] [payment_gateway] Transaction payload payload_hash=RQOy7iZgzWdc+LZceaUBMjVcuphFe402nCBChdk9ivnhksYq1L1KJV85tCNxBeu8Fdkcc9r6KN0hFu71gnoCEA== processed in 330ms
[2026-08-24 03:30:38] [WARN] [cache_layer] Transaction payload payload_hash=n05k04EWBbWvXQkwJ5TkCwuoB+PH/bjwFAjrXWW9yUJ7NSTH7EsCLLS8+Q21bFFj8dNDVnJJbpAobAhJUUL/Ig== processed in 425ms
[2026-08-24 03:51:23] [DEBUG] [payment_gateway] Transaction payload payload_hash=Sm+kAUYongWfPEqiB2lSjkH14xURskdqW35Yp6gSz2KLZ6Dwdb9nDcUgFZ15Ix1CybRvUQ5+Y6Wt9cfBPqFGdw== processed in 213ms
[2026-08-24 05:15:18] [INFO] [api_router] Transaction payload payload_hash=/JgMIdT1eQXAdGBEMpSylRygi9vAAbzPErsfLYAQ8L+1UVpX7LGvN+iCCAwNwK0KoecZuOz5hVtDCBsdEcJyMg== processed in 139ms
[2026-08-24 05:19:07] [WARN] [db_pool] Transaction payload payload_hash=XjlmZHXo3pNtvdWg7vy+QkYj0uLPWt9uOenmYUOoqjna6wEjPj8QFdcuMw2ytsXZtLc1LGks9Pho+LPZBywhbQ== processed in 454ms
[2026-08-24 08:08:40] [INFO] [api_router] Transaction payload payload_hash=mwRDWfHygfdIZ4F0J5b6r3V3wWC8N0W8h9LDReKVcEXC0S34OtMOcEorn4LCp+F8V7qsbeLpQYa8GPfqyMNW3A== processed in 25ms
[2026-08-24 04:24:00] [DEBUG] [db_pool] Transaction payload payload_hash=W6rF4Ds8byhIsnqX8Km5VggXzE5bXcDA3otL4TA80yuY5l6mVw0Uv0Whf6vTKmOJB22ftg8h2WgofckxnKWn7A== processed in 371ms
[2026-08-24 06:57:08] [INFO] [db_pool] Transaction payload payload_hash=IyZG2TBVo+jEDTQbNNCgOiyCmJlsLVHJhVD36rBUMtMabJanPnXB5hT4oONBm0ZVZoVZEmOOt/U5+SB/58RmkQ== processed in 476ms
[2026-08-24 06:46:38] [INFO] [api_router] Transaction payload payload_hash=WsmbCurs9aOdDCcmbKjnvNS7rgG/0DgKzlP73fpzqZHKgFb3o7yMmVu4N1QRg+e7RSidFzqwvdaXl8yVJUyHNA== processed in 487ms
[2026-08-24 02:23:15] [DEBUG] [payment_gateway] Transaction payload payload_hash=p3pnn0ING/gV2CrgHK5iGZoE2p6a/u6bPcF7r9NW5YZKH8yzd798jXCqz/rGE9BkePCmH/eG0/6T9QKP+jP9Eg== processed in 322ms
[2026-08-24 07:12:45] [ERROR] [api_router] Transaction payload payload_hash=JYGJ3LA8ZJT/ROcdkm+i0qgyKYwz8reVoF8XXnPxt1SAps81idrCwo0jcV7q70YfJOox36u/7LOnZuG4KunNdg== processed in 268ms
[2026-08-24 05:43:40] [DEBUG] [cache_layer] Transaction payload payload_hash=VeDc/KehrqF818ROcgTt9dqRuURZihFUrL4gvtMBh1MoTAKUudG3ehefK7j8kvmZQ4rUVuI+IYAzECuJmMA3Qg== processed in 436ms
[2026-08-24 03:49:15] [INFO] [payment_gateway] Transaction payload payload_hash=AsSWB/+BdaDvaXRZbZvG7PyHJnPAqjVLMW/yL9Rx1aMtUZ2GO0+0kaMUSMN9F2d4pr1L+QO1vrYBdZXEjn2Wrw== processed in 218ms
[2026-08-24 08:20:33] [INFO] [api_router] Transaction payload payload_hash=kUjpuQbHJvrSziEPSHWvd+8uKtpfJU/TcqMQg1hJecb9RxzdwsNGX3iIYeqpXMLKsOkInG6AHunM+PiCccO9gQ== processed in 423ms
[2026-08-24 05:55:26] [WARN] [cache_layer] Transaction payload payload_hash=4vkKGiaI/83azu78uxkGAx2z2qDIJlkoWFu9w8LzMBpYlAvF0c5wJpCB0ikHjiUyhgBV+YZGTVISfGf8MpRByg== processed in 67ms
[2026-08-24 09:08:19] [ERROR] [db_pool] Transaction payload payload_hash=VkE8RviNVUqkyXQxJ5DKNg1NslV4/KDZLGk7sBx8orVknxXFolPfoKS7et98iR98pnikTubY6HASYjQYTVEeUQ== processed in 353ms
[2026-08-24 07:36:18] [INFO] [auth_service] Transaction payload payload_hash=ldMcM8ynUz7rzF/FlrEslBXSn/UtqEyRPXwtGbzQv+YcgxwIH9GeTaDoS4rRRM2vhn3Sr2MxNwfjS1Kpyhg8vQ== processed in 91ms
[2026-08-24 06:31:57] [WARN] [auth_service] Transaction payload payload_hash=R/4K6BxF0ZtmMP3Kbb01HK0tGl4KEu35jbj+Cd/4YRpX+h5my2ixJ2188eQiypBvmcNxGlYI28uFwjzKwSHYmA== processed in 251ms
[2026-08-24 10:27:13] [ERROR] [payment_gateway] Transaction payload payload_hash=o0LDdiCUQtGHsYyrv9NDwrvgic/z/hDt0ScIM8XjEl9HmshZRI9qiMbna8KVjarfxj0S7SViA2SZW7GLJbxFgA== processed in 150ms
[2026-08-24 09:19:05] [WARN] [auth_service] Transaction payload payload_hash=eTdZHrIafvosyF8hHOAY8UJDA+G5XiYnywPUjf6L7gjCOYjogA3ibUqs/PRJQwztFlf+QWd0RwMxaHq3uMBRKA== processed in 331ms
[2026-08-24 11:17:46] [WARN] [db_pool] Transaction payload payload_hash=x4tS4nsewlfHyAhDrwTo6D8jq77csRGNZIVC2TOP3NSziVSF5pbRfNbxBTd5wd/bo8ONDCOsrfaJ67czrhvqRQ== processed in 184ms
[2026-08-24 06:43:01] [DEBUG] [db_pool] Transaction payload payload_hash=HI0p7lPtxsno6UdvYeRjzH7KnIEIjTTz2v0tl4Xmv0rVVdzpEFXZSnD6zCgWVTn+A0aGqqQoIA+Lps/moSZlyQ== processed in 83ms
[2026-08-24 05:20:05] [DEBUG] [cache_layer] Transaction payload payload_hash=DlmHC6+prU1mhew/AoLe6eVP6I9sb4ujlj8GZq08p4qxBV2fOt/3jveth7NSu9AVl5+0cB/UsgxORBS7cf+lTQ== processed in 19ms
[2026-08-24 08:35:42] [WARN] [auth_service] Transaction payload payload_hash=ZJSNxEDPu0sfgDuhwb99ERq0VFp4Nc0y4ChcG5RJdp9VvX2VJCo9C3hUWdHnJfrPcAF94egavlhXYMGPzjymUA== processed in 278ms
[2026-08-24 09:23:56] [WARN] [payment_gateway] Transaction payload payload_hash=QVYeY5MfLJN3+MlMdVZLIul/zH9Q/1Tz16gzlXsWut2qlGqAodbAOFrH1/tQwBxqgO9r4k6adGeqvStnuN09DQ== processed in 319ms
[2026-08-24 04:33:34] [INFO] [auth_service] Transaction payload payload_hash=5Iz91C/OJgON0y7nePaMY95vcstNTZTm37Bql4kXSbWGv0AUIlgkYzklw5FRLlQ4vBZQ9iNjGRxW+VhltxrXLg== processed in 276ms
[2026-08-24 03:30:12] [DEBUG] [api_router] Transaction payload payload_hash=p8U/JMSXDc76D7vSHndabk6Y+E89VmPCBVTxn18ob4ptOajyrtqL4PbgWpqN3Uur7VAo2BJDkqe9Zm8n7gZsGA== processed in 62ms
[2026-08-24 08:56:03] [INFO] [payment_gateway] Transaction payload payload_hash=uRHT+k1R8iHda3GTw/igsYopuQCmUT4kVnunbc9mgaEVF4/0amdCMPZZy1y4X+e+znlvCZ7p4Vh8kbabC9ROmA== processed in 264ms
[2026-08-24 02:40:49] [ERROR] [db_pool] Transaction payload payload_hash=3v1/bPsUcZ2VAWmzJaAwqzyHgUHO7+QLUjMxIjK/nA9vDlztTM4t/ZYeDVG9Zw0NHhY56nARpjT+SdtfVBHgvw== processed in 408ms
[2026-08-24 06:39:57] [INFO] [db_pool] Transaction payload payload_hash=6B3CNNXaSD2CAQSqWkSM9X0AdXokvuZZZUATRRMx3xCtVVu5w1XxTJf+SrcRcOMmOwFwuYxoZsSHP8otf28QiQ== processed in 237ms
[2026-08-24 02:26:12] [INFO] [auth_service] Transaction payload payload_hash=zAVgm1wbOLSPFo0rhEgXDQOaOcep3ef49gbuRMW8/wh84VciNINeupO/eU8uRCykN+SpTQ1Gtq10eeYDL06T9g== processed in 132ms
[2026-08-24 02:49:20] [WARN] [api_router] Transaction payload payload_hash=q40zHLo9LhHPL7PCztRCU9z10oJCbRTMiqV28Tfj4VOKP5KilKH3m7A75KR8r2sdZmFTtDEVK2Mqn09caAADXQ== processed in 13ms
[2026-08-24 04:33:29] [WARN] [db_pool] Transaction payload payload_hash=dJgbYLuuINOjvgl5z6MVXkqvkCUF3k6/6tqS39i/GIIM3sMybYmJkLlurjggNy9TKDe944QKjKlSur0XLYZQsg== processed in 248ms
[2026-08-24 05:47:08] [WARN] [auth_service] Transaction payload payload_hash=YRkjxuE4fENXlJU5kVhIikBFlRuQ8ipsXJiMV4XHMppfNxqfQbEcFZ19lkaqnLzh5FdeqhM/OXpXcPGIrJSr4A== processed in 147ms
[2026-08-24 06:06:27] [ERROR] [payment_gateway] Transaction payload payload_hash=zTQKAz7HrmLRksRrseHn+totd0Bpa0EDkEnrcTkIn5APFpVZanLVGAkVYDq3V//mPNISYYqZ/P3KdjyVDwOu+A== processed in 310ms
[2026-08-24 09:45:38] [DEBUG] [cache_layer] Transaction payload payload_hash=uWQM1XqYsV379P/5FvlBowH7c4L+nSCScaZ4WAWeHArdWpCNiGiWwExaeHU3+VfwMeEybAr0n4wRA81KC7Ht0w== processed in 470ms
[2026-08-24 10:53:53] [DEBUG] [db_pool] Transaction payload payload_hash=JcG+DuGlLVFl6A+aAYSeIttULD9Vvf/u9J8Mr3d2/gYdAWiKgf1xn2elbgaqCPlLVmLVLrnb5CDSM8YIb+Hk0Q== processed in 88ms
[2026-08-24 06:44:05] [ERROR] [cache_layer] Transaction payload payload_hash=2XKmxYqI4E5tH6IXKltzJeerc8tUWUAwdkp2XZxiyT4CsVlXHLSwzRWoT9KpuHEww6ouMS2PVqQsyn+WybceeA== processed in 334ms
[2026-08-24 02:48:45] [ERROR] [api_router] Transaction payload payload_hash=RB8ztGBASAmIcRfNrNJXrMVh65B6iDsRmrxR+iK+u3FCZldKSosvvr51rr65EaRLymVFGKC5GHy47jE12eAGIQ== processed in 432ms
[2026-08-24 04:19:08] [WARN] [payment_gateway] Transaction payload payload_hash=0IfxQoOUXzxiWF4E3BtYIEBNVhXj1tGj8+xw6Tt05HFpsnchXq1kqfPxdSOffaFTsBLfbH3MVHsKFiZn4JZN6w== processed in 434ms
[2026-08-24 06:16:26] [INFO] [cache_layer] Transaction payload payload_hash=bBBB5nIw4s45MwgPoBFrmQYhNpg2KSov7HZDycN1RGyo45+FlQgGhTXvvc81seyUxITjAPC7k6HCmubJW5gv2g== processed in 62ms
[2026-08-24 02:44:06] [WARN] [cache_layer] Transaction payload payload_hash=V9Q40MIigxT4Pdz5TVZwmrgQgy/0VYQki6FRetgA779W2ko3TnoGIJk5LX0QCDbj1HI1TmDWvtjUxSsoi/CloQ== processed in 298ms
[2026-08-24 06:02:36] [WARN] [auth_service] Transaction payload payload_hash=v0HN5TtPEVkKlsF9fvBykS0XZYm+4xUP1dEI5cAaYMUfPdRJuS0egsCrOFZUQ51wQhaE4iww31E+Kr095qswXA== processed in 47ms
[2026-08-24 08:38:10] [INFO] [cache_layer] Transaction payload payload_hash=lIPBKtgkLAxvOV+POkIuvrmXc8bBlhFg3jTh71r29AjkqbOn0DXYQXKy4KI1rSK6pgPiI2zRRVqsw1bzQC5n1w== processed in 472ms
[2026-08-24 10:27:02] [WARN] [auth_service] Transaction payload payload_hash=ZbSFOcgRgom4I2XSW9r4t9mVQPUaHmUhd/9fTabeEG/3imgzdPgpNCsCAEagxYEtryvDSUu7SkHKWDJG3qN0ew== processed in 374ms
[2026-08-24 08:42:45] [ERROR] [cache_layer] Transaction payload payload_hash=MngOf++8w2sHmT0C8NQQoDj51BjN8ovodYCEq+i/qnUCp3NL+sbSYOzx0fJTAXzEMaDE7I/HhnTpyv6kbSH/6g== processed in 134ms
[2026-08-24 10:26:01] [INFO] [auth_service] Transaction payload payload_hash=HUOaMh65UBqsDd5SY6uivG5oVMWacrJKAwb6SnDI33VhwvRACDtTFEXb+db1oQOJ1MrAEKiPHOcfhH4n6QquZw== processed in 451ms
[2026-08-24 05:02:28] [INFO] [auth_service] Transaction payload payload_hash=PvMrncPqDLMn3+evyVTGhA0QbdbPkmoHdY9sGmBE4YqumBYQ9SUfp7v54lPxNK2ZzWSoBbjprVkWctDJrNTSpA== processed in 43ms
[2026-08-24 10:48:54] [WARN] [payment_gateway] Transaction payload payload_hash=lGh+TCy/6e9FagB4PaUob92qVTW8W0wKr1koj96CX2JpMMh6OtR1QVvqXmKb4vNcX5vQHX2VW9fn0F3ErRVLVg== processed in 12ms
[2026-08-24 09:21:21] [ERROR] [payment_gateway] Transaction payload payload_hash=Cg1mkIAsNEcvOI4VCMhA+qzItgMXCW2MlNgxGhpNkaeBFtg9E2nxanEJT8pvP/YPsoEeD8yo6dYnX3Igq2jcww== processed in 78ms
[2026-08-24 08:28:58] [DEBUG] [payment_gateway] Transaction payload payload_hash=euD7Aea2oTqG5QaMbSPI/7KCY20KJbIvZ6hWfjuEUWnAovIQ1Z4S+dv//Qnf00wXWgiesnSdp++UMSb36p4ZwQ== processed in 391ms
[2026-08-24 02:29:35] [INFO] [payment_gateway] Transaction payload payload_hash=EhorljzTv2xIVWNycLB7IOJCe0NppbdduI1jO89xtXyg8IthjhxD1S9WbCOpJHxjs2TYWiOu+VgEGUPZWKFa6Q== processed in 91ms
[2026-08-24 06:22:44] [WARN] [api_router] Transaction payload payload_hash=XH6eIOAner3Bj9oBfpmDIRJDLP2TdkDPIZtJ6bbzwcEmaehc2b1P3hdiQ5hX+waVeP5W90aVJ2D2GsKag/X6GA== processed in 371ms
[2026-08-24 06:43:05] [WARN] [auth_service] Transaction payload payload_hash=/kf9L8++9PdZSPIZ/yablX6N+D5sBw9p6lMHmDTuYwfkj+6V3pUbcZE3/uV0+M0za8VxfsgMfch9ZQxFxjaNwQ== processed in 271ms
[2026-08-24 05:56:20] [ERROR] [cache_layer] Transaction payload payload_hash=P1wSUGox0pw0gBqUCdQbAr9bql4ApdS0zEh/MkByfQvL63j64k2s7zWYztRgWs2f5TIXDrRtG4MUllof/5zvwQ== processed in 209ms
[2026-08-24 11:19:55] [DEBUG] [payment_gateway] Transaction payload payload_hash=BEzh23x0Q4/mXaWmmhpSDPYBWMZCai50p5p+7lE4wsOzQGY/LwbGvWr/kiima7LVjfwF4bNx81wGcFBANPY6Jw== processed in 191ms
[2026-08-24 03:40:46] [INFO] [auth_service] Transaction payload payload_hash=CLpPIaxexH42XpIFihi3N1bkFWYlC3p3OYXDShycgLFsRtpaap/zY/fGs5s1r8PqoI6oUV/3e1Mr3MwQbCSMGw== processed in 52ms
[2026-08-24 10:12:56] [INFO] [auth_service] Transaction payload payload_hash=/P2/7J2rAAh4r/9m8NQveVTaF0S7tCU9i7DQk5/qy3+66Y3y1aHJbO70RDGH6oE07cjoOn/kj+jjgUAfLtsc9g== processed in 46ms
[2026-08-24 04:57:52] [DEBUG] [cache_layer] Transaction payload payload_hash=ZGHJL3Ev/4B9lRTh38JlH5BSTz79M1GWiJlx3ANTtD/kaLGsPpN9RGZMxXHBZvfA78oWSus7H4nn/ij2N75Csg== processed in 146ms
[2026-08-24 10:37:15] [INFO] [auth_service] Transaction payload payload_hash=TBSPIzEUYJPOzXW5JMe9+YUdgoh3VVhpLoIG5vNguZzqGbELDHIpQKVd2tjzELwWoG5DDYeau0/wrQDhur64MQ== processed in 329ms
[2026-08-24 09:40:41] [DEBUG] [api_router] Transaction payload payload_hash=mWeOZN1azFkAWUiw9KWDL3Kpz7z530Af7QJLPslo1leu1RzhzLR4OU5cZNuTHm87qN3qn1CVRAfJcj8sbvtwgA== processed in 300ms
[2026-08-24 03:35:37] [INFO] [auth_service] Transaction payload payload_hash=cxFflqIJZqelRALGiIwudNsIOY7ikXb46885fRRujwaMauhSvO0M+RmzlBMc4mnkxQmnD24KLJfRch+HyFisog== processed in 304ms
[2026-08-24 07:41:03] [WARN] [auth_service] Transaction payload payload_hash=7ttPJSn3mAPW3BHNPJ9wkY4KoLdibZtdnXE/jDn2JxtHyt4jE5UxRf7054Dwcx4JLYiZ2Z24McAOJzVSTlf5EQ== processed in 142ms
[2026-08-24 08:14:24] [INFO] [api_router] Transaction payload payload_hash=DPBOiNDnKzR2G3s3Ep214eieG7W4Xq6gl8oQEiWAzvqsimA6E5fwNQSIhuQKdA6n6jpxiS3kzvqJseYdgK814w== processed in 423ms
[2026-08-24 05:39:31] [WARN] [api_router] Transaction payload payload_hash=sK3QNTOpTL2D39sDto3IOy39eV0Ea1+G7y/Gnma8b9kd5MgTAbJrTlQzSAM7X7dUOrsGo5qaTZ819tHmSyqbfg== processed in 297ms
[2026-08-24 05:47:57] [INFO] [payment_gateway] Transaction payload payload_hash=tK+fKp72RFgyWsAsM78KGDIBQvWwSziaDx4dELyWCjPbqyivRe5HAUiCeV02K2AM0Y4x1frzRTlq7L3luiPNew== processed in 354ms
[2026-08-24 03:07:13] [INFO] [cache_layer] Transaction payload payload_hash=CRPS39vU3tm1Jb1txkRdWSq4PAmMyJBr2BKhn+mZXn6peQRSUoaWGbubStV4GE1X+tFYLSgv66XDf6PJqOX/gw== processed in 312ms
[2026-08-24 05:27:06] [ERROR] [payment_gateway] Transaction payload payload_hash=R+30FcdUQF/mx+q4YONgkqRrqyqRIff+wf4K7baI4YWT/0l3luTHf/MDaiAJaYUEqcKayDJ97oSi4R1hC7gyoA== processed in 125ms
[2026-08-24 05:37:25] [ERROR] [payment_gateway] Transaction payload payload_hash=h+AitxaWmet7AEnnSbqxrQAomn84C2JI1k6bcrjkzBavOyu5EjG30Fey+7tXtHOJlKHxeW2qc4gtl7uNdB67wg== processed in 108ms
[2026-08-24 03:21:36] [ERROR] [db_pool] Transaction payload payload_hash=KUCqV7jtux9/mf8Zj4PXNfEQZ8PAHQLHZqBGLaq7zldp31DylafgYO73kvNeU4yhmpAv5VKAECZKaq/GYaDpHg== processed in 39ms
[2026-08-24 03:14:54] [WARN] [payment_gateway] Transaction payload payload_hash=7AHctALGnoEfWTLisizN0OeRhJMj4Er8WieMIWAJ+wceElY+TVk7z/ml2N5qi6iOOhP7rYNj4TBXQQ+wXTetSA== processed in 55ms
[2026-08-24 05:18:50] [INFO] [cache_layer] Transaction payload payload_hash=gBS+ZDPGLgIQW7B0GKoN7dAE8LYiaACn/965CVpS8mFMBspc0dTKcUa/B/TZ6tdelL7gflJL0nkMvnYzzwAFFw== processed in 56ms
[2026-08-24 03:18:41] [WARN] [payment_gateway] Transaction payload payload_hash=PDKJNr3DV7GwtCgbCWvlUhGruRyFriHeBuTWz/5Ca4rQccarkJDZLdhS8stY5snBzIXkjBpFcWI9QDVnKX0m9w== processed in 72ms
[2026-08-24 08:33:58] [INFO] [payment_gateway] Transaction payload payload_hash=ot87yZ5XJ8Zy9EBqRe/PPWSFiYQOno4vgYozctZLTJ03+G962dqVdE6e8yf1sOszxtwFZXgukV07LjuqEjQIgg== processed in 449ms
[2026-08-24 05:22:28] [DEBUG] [api_router] Transaction payload payload_hash=nHsKSc1XGV1krC5P1HQYmpg386VoVl1jZnBTlNGHJDcRLOftU0ZZZfumwpnxI/u6BpWKI5ZqsQtrgVEpUBaz9w== processed in 435ms
[2026-08-24 03:23:21] [ERROR] [cache_layer] Transaction payload payload_hash=OaVl2XOhxkm0dECx7d9322WEFgcxbN8lh+g5aqP24xDM9kP428OXHK3txhOTdnXG+xnCStZUOBV3CN75DLEUEw== processed in 359ms
[2026-08-24 06:13:37] [WARN] [api_router] Transaction payload payload_hash=0EmZ51ALJgAvQenyyFL9yauYWfdo0EhGf3/YR7USpwIBpBcKNlkawK7if8C6qxllz5CNw1mGrRzwFzWZjy8gZw== processed in 311ms
[2026-08-24 06:29:36] [DEBUG] [auth_service] Transaction payload payload_hash=mq+A85ieYUNLgUxhHeQR6BXrYUsg1XOgV/WHNNmtBvEOWMxQ9RaTduFOl2WRrBG36/8A2LN4sDbuqtqzAjVCsA== processed in 317ms
[2026-08-24 03:12:29] [INFO] [api_router] Transaction payload payload_hash=VHPDOGMYFsedb2nQoDPA/64tVLbgEXbROCzuz5ovKssNEHMGThX+6DpMEv9SLlKWeQiKkI4zufufG6JYuAE+wQ== processed in 461ms
[2026-08-24 04:33:26] [ERROR] [auth_service] Transaction payload payload_hash=0rjXafiMokb58NiaROjjsaH3kfuWC8IUBJymgB40MPf4bpQTOlAVfud7I1ox4n1sUo7kqBEnFmTr9MPCQzSSeg== processed in 44ms
[2026-08-24 10:58:43] [DEBUG] [payment_gateway] Transaction payload payload_hash=fDHEUkRdrywuDKQ4FR7cXmJNN0A3lsJUUfBR+zTsopGsPOmNhZnzPgorrOAwwK53kN3haQQBNPNGZTSiEMt7Ww== processed in 89ms
[2026-08-24 09:25:02] [WARN] [api_router] Transaction payload payload_hash=V+lvv5j97WjP0SaxorSv+ReluSIXb01ja3/dV56cevLah+/Y2STvIwcnU8zoPaHEIybIt8RZPlEUE6yIWRoKEg== processed in 275ms
[2026-08-24 09:00:03] [WARN] [cache_layer] Transaction payload payload_hash=RQtU8tCLXce8a9ueXlJqxbc+yAC6WS5N+f9eeQwNEpECwazv1ctJOrDvd9m2/Z9C+hOP7BcCEVcj4aBnAhN+IQ== processed in 294ms
[2026-08-24 09:10:11] [WARN] [auth_service] Transaction payload payload_hash=23Y28MnAfg3w5mnHjCdjf6L702UONrK5663u2rwPPyl6rUgDeeKdBkkiekttFpUBuhhgY5cMIpcw8x7Q4O4ySg== processed in 464ms
[2026-08-24 07:20:51] [DEBUG] [auth_service] Transaction payload payload_hash=eHUS0Gm6XjmrctCHOri5nd3FGO94aMRNftGNBs/zjSt9mmMpruAJCFUuLHWlsoDdyoJJRh93RjeX6+dTezpZnw== processed in 122ms
[2026-08-24 11:15:34] [ERROR] [api_router] Transaction payload payload_hash=1UgluCB3zPmaDu261isEv9/4dbQkkylMxcBd0RD+bxsnIQVT10cNVgg/a1BU+iIJ1QZxAKO0OBVMXzL82wMWVQ== processed in 357ms
[2026-08-24 11:06:15] [INFO] [cache_layer] Transaction payload payload_hash=yRJ5HH5xxG5RQkcYD1O+64bJ/hDZf5IIzZRJNexTAojq54RWvNoCDYKcoSdCvmn5LMkkUEy3YvEYYJaeJy2XTw== processed in 481ms
[2026-08-24 06:40:18] [DEBUG] [cache_layer] Transaction payload payload_hash=XI0kHFOgS3xme8eeiBf8wrzDAdapbBDnmLnvXIgP+BRe0+Ua3LV8PnL/TK0lyS1MjLpF9jXLQ3FO9LYxiYZn1Q== processed in 365ms
[2026-08-24 10:31:36] [ERROR] [db_pool] Transaction payload payload_hash=dL4mtvnJ0CWtZ6Mv0BUIKHTXiU0En03EBNv3gOfV86GITHtEBuQGM7zmveBBnl85WJmDTBjkfiKqVpo3ZANt6g== processed in 403ms
[2026-08-24 04:54:15] [WARN] [db_pool] Transaction payload payload_hash=q7xk+KRQg8G4rp/NRO7q+9S/Ph7YTcl18XXSvejqZwC8y3NS/RzWosNrg5z6+r3MugoiYnX8l3pIBqaJJ1yOHg== processed in 428ms
[2026-08-24 06:41:09] [INFO] [api_router] Transaction payload payload_hash=8S8I3zuR2hUv3rjQZIMC89TolbA4Kfr3qNaG0euioQhj3BIyao2pNZvSlc+Z112k02IjZaAeD4CYiCgh13gHYQ== processed in 472ms
[2026-08-24 08:36:16] [DEBUG] [cache_layer] Transaction payload payload_hash=sfhBlQBcizGjZVj32u0JIwWEqR1MHi0oSupeBVkLbTUngwCgAMsZeWYh/S1WOMrrS1UDL7GvTpXiuZPkTQ1Fpw== processed in 97ms
[2026-08-24 09:08:55] [DEBUG] [cache_layer] Transaction payload payload_hash=pnyrb7xrJCf0t9x/AeWZukOrd9fZwk6pgE0wG3X4S/ZZZvfwPoJUel25nOKnXc12bHY4PDIFhp27byIGWjyEIg== processed in 380ms
[2026-08-24 03:15:20] [INFO] [cache_layer] Transaction payload payload_hash=vb8WAwgwntMEwHZNRNj82rOSunevuxdLGbMvxkToUnNFOEruTpNvyi44p31Ta7FG0qjcWpYaBXVM+HsMae7+JQ== processed in 386ms
[2026-08-24 09:59:22] [ERROR] [auth_service] Transaction payload payload_hash=l7TBRCEzx0lYRHzDBmlGJ7SMVkp1ovbhtMnB01MPWcUfSKUKMPzlBpKj+t9nKDfuQ6Hd9YLOit7yUyUjnNC5OQ== processed in 8ms
[2026-08-24 02:43:46] [ERROR] [api_router] Transaction payload payload_hash=B6BX37ObSZ8noxvxlMo5KtiNUmy6kr/pkI/FQzDxLrC9PUM8NGoWiQWRLCpe9WXnGx7No+z60hW4Hawhy7BJkw== processed in 413ms
[2026-08-24 07:21:43] [INFO] [db_pool] Transaction payload payload_hash=4CfZUiV20i70mXMgBJtloYort9fpVBjsAwpMC9ibkulXaLaaCIfonqgyu7t/GV8gTt29scp4hK/3hvV2wVe+0Q== processed in 473ms
[2026-08-24 10:54:06] [DEBUG] [db_pool] Transaction payload payload_hash=z3bJOsTxDuT7YbwNRYr7E9ZPZHvpMtJjYJk1NpEkKev5ee5IcV+MSBBqfhDBeboEoX9CSZhLTLpD0vz5K1B/kg== processed in 460ms
[2026-08-24 04:08:03] [WARN] [auth_service] Transaction payload payload_hash=WJG5sG1jy9Q6Fcm3cBgtL/LsPlSQfoWNwSZCVO/E2cMOIba/G4zn+yrzwR9c9I4fREogR3fXEXj/5CQFsYwkIA== processed in 81ms
[2026-08-24 04:06:00] [ERROR] [cache_layer] Transaction payload payload_hash=gsi4EiUJxnHCuw3sB/EblrQ1n5RFRxVYE/RYCYG0R7IJ+I3JUpBdnt3YXO6B10odTOdYeIbrxU6fvrXwgwmROA== processed in 399ms
[2026-08-24 04:10:40] [INFO] [payment_gateway] Transaction payload payload_hash=WcX8joXI0cxkTXyf2sLvZ6RjXtah8HKHWZK236Bp1MfMUOeX4mBmZQbFoOjJ2UE9eXZLCLOz/lKYUgv7ECEM1w== processed in 128ms
[2026-08-24 09:50:50] [INFO] [db_pool] Transaction payload payload_hash=QeBEqtXjhMuVRVVNdm/dd9G+OOoKDX2IPlL3gjzeL9xWQzvPKleanPdcKxLBS4ebC+qfrQPm6lj4F1u+q9CpJA== processed in 349ms
[2026-08-24 09:04:30] [WARN] [db_pool] Transaction payload payload_hash=caB4618GsCcYjMXlNxRVp9WrV3tARRW8qNyP0cmawyVFQOycHFOAH+kykgbXueo4y45oEjEUc8qcapMfT1OVEQ== processed in 325ms
[2026-08-24 10:33:06] [WARN] [auth_service] Transaction payload payload_hash=cj6sTItx0Sde4i5uwsrBYbwfIqNAniJ27sdUCT4s/TvLCHfB3yuJsAlzB9fpuZNcDWHgOAomXS6MfD0vruQvLg== processed in 159ms
[2026-08-24 10:07:31] [DEBUG] [payment_gateway] Transaction payload payload_hash=ElAO3odwxrEfUzKUZfCqfZ1JLLMYPYpwDben0okkuP+j8F+5fQo4GOQyHuucMjXRKczbeKeYScQi76CEoPNqhw== processed in 449ms
[2026-08-24 03:54:27] [ERROR] [payment_gateway] Transaction payload payload_hash=SAV7h7eL6Zj24eOijgVXxSklJXK49LW97UrSyYNF0SQjAmWwr9nkLieGTl337aIHnKEfBPLrTyFO212OsO3aqg== processed in 11ms
[2026-08-24 03:47:13] [ERROR] [api_router] Transaction payload payload_hash=BwCpqEXOEs0l/4hmzvkjw6CjTayd52lNn/mAgFh0/e3+cAKf658V1e5SvVo9ziTikZSXumxNQ0wmTBNQX5CORA== processed in 368ms
[2026-08-24 03:17:07] [WARN] [db_pool] Transaction payload payload_hash=RMwwf2kr99Opms08zRv4U5GCJMpZpbO7VAfuHBvIMZU61F22iwMmYHATWQ+5YIAGdsq7Npz24l1GmmtFJWIxjQ== processed in 97ms
[2026-08-24 05:09:44] [INFO] [api_router] Transaction payload payload_hash=NLh3EypKnAXmpjF9jGmfRY9fVIV7k6tq1lVzczX9qjJVzQ/22p+sa9W3WHoDL4kSu4qD4qCBtX8niHicPVr/Mg== processed in 258ms
[2026-08-24 06:46:25] [ERROR] [cache_layer] Transaction payload payload_hash=cbyzlsTMs9ADrH5p5TFDHsz12C5uScUH1GXLkqZKhVGIo1bucxxxN3qonXkSeR7ZovQwlFO6Zhs76QhYJaq/4g== processed in 318ms
[2026-08-24 04:12:14] [ERROR] [auth_service] Transaction payload payload_hash=dkvwoMxp418DNbByDlqDM2oSoif0RfKZYKfzM4+MbveIV1Yjh2AyrNaw5sTy1d/DITI8MCzY7vJ1HwhHhGX4nQ== processed in 262ms
[2026-08-24 09:35:40] [WARN] [payment_gateway] Transaction payload payload_hash=ysQMAs52WvlZrL4BeX5sbyRLTZjmAGMqfjei+b+SVOhqRri1PivVeJdcFvqPaWKE0rTuU3TKFJ5o4YbXoJeHXw== processed in 455ms
[2026-08-24 08:25:28] [INFO] [payment_gateway] Transaction payload payload_hash=EnT0m2LKhZYpqU51EcxPVlhrWMyR4WMzhvwxasNZKYYMbW1H/HXby3ePoVSspWMot66Lz8WT+W8RJ5zuZi+9Ug== processed in 142ms
[2026-08-24 06:02:22] [DEBUG] [cache_layer] Transaction payload payload_hash=DxBoGLHhecuvY06E/DiWALdmRvb5ZKuqr2+LEV6Vwf5mGmMYImlKGBfwtYw3srLMhgl4ZErC3fWXkl8PL00l+g== processed in 84ms
[2026-08-24 04:57:05] [INFO] [payment_gateway] Transaction payload payload_hash=b/XM528OgOmGw599+Q/jnV6b4ludUOben6FMpVBsglNK2YzPY180n7e0i2SZ+1iDVVpEONhOhln7rfTS4KVSzg== processed in 117ms
[2026-08-24 05:24:02] [DEBUG] [db_pool] Transaction payload payload_hash=3FiTxotWnizSgHcRp/yGbDpT6nAno5DdHCEiwjgRc/1IXIw+LHMSkf2aQAH7i1oLEKmV83pYJSiKC5/tGKqNLg== processed in 378ms
[2026-08-24 10:26:58] [INFO] [api_router] Transaction payload payload_hash=oNj6UkOFvukgpBu51r4dMPz14ykMro24pjo9iVLV2Db4AE0WRUSQYQQ0UF7RcG6dNGRdm9BqGz5Yc1ZWFmBc1A== processed in 465ms
[2026-08-24 05:27:22] [INFO] [db_pool] Transaction payload payload_hash=R1V9L+6LHBsCWi+VYfAQmXF4hWO1OsU/h0pCiHjgZ+gAB/+5lvAo/Rsyx+BIoeJ61/kczxUBr/EV77cpjwKkFg== processed in 457ms
[2026-08-24 07:57:59] [WARN] [db_pool] Transaction payload payload_hash=X76swZs9jWOV4NOWVQUz5cUZImy9viWdWKg/lClvreLe+KieTqF42rTMEcBGK3QcTy8G27uqHCZ1Wyn7iz1szA== processed in 434ms
[2026-08-24 05:10:15] [DEBUG] [api_router] Transaction payload payload_hash=dfPXh0/5oyjz/1yJ04Ik1ltfU107EIEPRGb60kZIfB2totxVlR1hmOPvKGnaXFuEeGvqWQcfL/ZLHpD+vpWD3g== processed in 132ms
[2026-08-24 10:13:27] [DEBUG] [auth_service] Transaction payload payload_hash=raIjKiG86OkjiZIwx4ln/nrEThV5/tnsf5yNz/NMRDSMTEf8JllWbvsFqpfeIuox1N5NR2DragJa/5JSC/axSg== processed in 222ms
[2026-08-24 09:37:08] [INFO] [cache_layer] Transaction payload payload_hash=ThByce/035E6f1sC83FhV503di4p+fS/HHptVWqg24kITt72c41tVBOq8iDU9O+smXXWKc8sQtxJYS9EjC7z/g== processed in 190ms
[2026-08-24 05:42:32] [INFO] [payment_gateway] Transaction payload payload_hash=qwS5A6P5pKiurYa36B6j8nU0wvlL2IHswsNVuR1fnT+BZOTp3YFRH/99wWNbufMhtEkaGkpv1ObkpHYaI8+FIA== processed in 364ms
[2026-08-24 07:44:35] [DEBUG] [payment_gateway] Transaction payload payload_hash=7KbMHRQJvGHQhC0misKxVtLcpA5x6NODJEpM/1PwisHohbpsKdWh1st8hQF6ouIkc945Z6LVnCPDzGxABv5bdg== processed in 51ms
[2026-08-24 05:53:55] [WARN] [api_router] Transaction payload payload_hash=sFnN2rQ6Cs5/GAddq1oDvh4Rnz/IOr6O8xmMx6koJFL2s5USQBo9FENxvXgHZU2UU4o4/lhj5zaEmyBJ60z45Q== processed in 497ms
[2026-08-24 07:50:36] [DEBUG] [db_pool] Transaction payload payload_hash=EBEt5etv9cUYihVoMfvVKNI1AU6Ux8ARV7MnAqVCwzlauNI4OPz49A6n/RRfB/wjikEP7iQlNptP6LS2JWvqag== processed in 281ms
[2026-08-24 03:17:32] [INFO] [auth_service] Transaction payload payload_hash=2DuRJVJYubqrTbL+2Gf/Jtdl7tmSlGNvwgVInyTYgKbirHaq/uqzoFf7X3+hzrlqIpgTzpBWYqMmYi9nHtC4Rg== processed in 234ms
[2026-08-24 07:03:35] [WARN] [api_router] Transaction payload payload_hash=+9grtHSEr+RBMWm/ixqlzWrbLYKMNybO75/MfiOzn2ezTBnaBY0m6ImHkY7g70Wn5r47d1YJ+cOsfBi0yNbPag== processed in 456ms
[2026-08-24 07:04:58] [DEBUG] [auth_service] Transaction payload payload_hash=hrFBV6JcoSgOFT7a/fvP0dW2lkjNYC3VlPseoNyTosRnFHWn4fF5JeNv0sDb4D6zYrlBNB/MaKmLazM8aF8xtA== processed in 72ms
[2026-08-24 10:39:50] [INFO] [cache_layer] Transaction payload payload_hash=tpUIlZwIh1lDCvLZnHUjt65GmIxcvLsK9ezQIkpBgJVlcdnFZWNnDtja8m3XQmyEmtICcMEfy+K/ZhVJBrOIvA== processed in 297ms
[2026-08-24 04:26:16] [INFO] [cache_layer] Transaction payload payload_hash=KASzy3oBaNMB9q6OWpG8bCAx/fBGMoTAsrGykFXyZ8HKk6AF88HK7SRsuC7bL4lUm6z4fcE/tAuazMAjGButpw== processed in 42ms
[2026-08-24 10:50:30] [WARN] [api_router] Transaction payload payload_hash=BTkr+559HxpcWGCZAhHUqwa/dG4ACabJgpWEVw4B2ZmePlHbMNHYdMyi3pyvO3uiip0OGZxuyaOxfdFrqKODJw== processed in 400ms
[2026-08-24 03:04:15] [WARN] [api_router] Transaction payload payload_hash=/FSIRnntHx5lvsAGaT2FRVLQaualUA/qGauxKVNTJyCL5sNCNASUo4l9R92BpbJzKE1qEor2bv+/dvizVcZ4Rw== processed in 321ms
[2026-08-24 05:00:38] [DEBUG] [db_pool] Transaction payload payload_hash=J3cQNQ9f5EYpNMtbnx3T05upFiaVn9FWt61oKXZWYFs93czvNOf+nzyTAiRgAYqwaebAA3KOYDmoLEG+obRTfA== processed in 487ms
[2026-08-24 04:27:00] [INFO] [auth_service] Transaction payload payload_hash=8grogSEV6JIGEgRq5tP6j6EGgRbbXb0SflwCUlHdxVv3nUX4p9L5ecrCNIayDqKAwE5LnWrIY/5/wuPZreEaMw== processed in 212ms
[2026-08-24 05:18:33] [DEBUG] [auth_service] Transaction payload payload_hash=ip+OlDiQ6qkKORvctEZZTKghMOWicObdZkD0T+uVWZusVpP98RNVJE3RqIR+GdxGhm+ptlIkkgM+73Mvyz6NrA== processed in 393ms
[2026-08-24 05:41:08] [ERROR] [db_pool] Transaction payload payload_hash=U326y6cWKV+qKNCLH9m/EO2L6TFvT1VEa+RAcCd68QwsrrUZdS+RWSr3OSL9kLXeEPJxCoj0tsSyrSnDIHq7sw== processed in 272ms
[2026-08-24 02:23:51] [WARN] [auth_service] Transaction payload payload_hash=zIVOtpMt1VVNs733QSCOlKrL2AO6DRTpZ/MHs4//FKq3b43eXjVmd1yLnMRqO2AGpAnCjZGUMl6F2WpARuDsCQ== processed in 29ms
[2026-08-24 03:50:20] [DEBUG] [api_router] Transaction payload payload_hash=5DvfUGHdGW+Z90mi613SYfP2SGs34pGNYkwwZGtzIf1yDD6MqkNbtmcV9yQYCqYthSISml5aOCIdJ9unNta8Fg== processed in 116ms
[2026-08-24 06:51:37] [DEBUG] [cache_layer] Transaction payload payload_hash=BX6RI6J+cDN9PEnDmDNC5AqbOmZ1G9sNhAH7Hzf4aWkUjHxydvo1nQTtBKwt1jedRWl0trfm8zqWrd/OnaT/dA== processed in 444ms
[2026-08-24 11:06:21] [DEBUG] [db_pool] Transaction payload payload_hash=xfYLxVJp75GKf3giC2ZHw01W3WGfLHCI7F3cmLbMtUHWMQET8mWkbmWIak/waqdq8d374TzAayj51TJJhsj9fQ== processed in 282ms
[2026-08-24 09:38:43] [WARN] [db_pool] Transaction payload payload_hash=/hUMM4bIhvWNht5KbIOKEWUBBTpxAGtRu0cUAOYyogOb6BFaEpKhBABa+wzbjBG4YCYoCsD+L/DOy/BeCR1fFQ== processed in 495ms
[2026-08-24 03:25:04] [DEBUG] [cache_layer] Transaction payload payload_hash=bWEZ4yuYnCoxkSBEOcZsBbnRIgn/fOB30Wi8SX2hVpQQBIco8ZMfRpd3cpBNsYU75Gxyv1EtoEbbS0Dh7iydxQ== processed in 78ms
[2026-08-24 04:42:28] [DEBUG] [auth_service] Transaction payload payload_hash=eb14f91v526eNFYrfcQAKn8jqoWmveBC/otLXL6+jhdWjcj0QjkMykw+1VSaKkP4IgGLddyP7fL+92qIKHFqkw== processed in 215ms
[2026-08-24 04:03:43] [INFO] [auth_service] Transaction payload payload_hash=VeTXC4XlQxLW12wviqpduF4YcngQvv8iGQ+2xcvbO4S+fb5QJ1SMogyDMQg4nGGtwMnYSN++AgCi1B8un0MC7g== processed in 397ms
[2026-08-24 10:37:12] [WARN] [db_pool] Transaction payload payload_hash=/0f3PzPmS7a+qyVp8Oth21mvctVZQqlUxKZJLGqQO+6f/nWaJXictVPI48EA+sEDj2fcbMt/78+9aIVoQk/XnA== processed in 206ms
[2026-08-24 02:31:15] [INFO] [auth_service] Transaction payload payload_hash=5E9IM5bKmvOJnED8RvBwm3crPgp4kVca8BRHIWQuaOCMif7bnsQSYNtxVHck5pDJEiK3F93FnPiYYBMFiEI8rg== processed in 251ms
[2026-08-24 07:51:58] [INFO] [auth_service] Transaction payload payload_hash=zOdYd0jIVDzMCN54Qjc1qriWZDPSxs/rhXI5lyX+wm65yE4DUYbep7YQtYrcqxweTUo6yQjrW3i3D1jtnsE+AQ== processed in 399ms
[2026-08-24 09:00:48] [DEBUG] [auth_service] Transaction payload payload_hash=Ueaj54RV/NWcMV41dJcOPr3HXcxVgrJqO56CdWAfNLe6Y4QeATZ1zaGhm+I/Fzd4KsF1UWga/6+AtMUw7Zz7VQ== processed in 165ms
[2026-08-24 02:38:08] [WARN] [db_pool] Transaction payload payload_hash=3boFcgv1KMcXfcubEaBdPem/cPLeqn3eYn60uFbBqohX6UGzwcDC1gJiMzYUuoNXJN2Egmj55CerIUddslg6gQ== processed in 1ms
[2026-08-24 07:15:33] [WARN] [db_pool] Transaction payload payload_hash=keBNM1GeMjWcTXyC7nJFK0Decc5YxKKMPr226MGrkB0STDxLSqCkfu4r4zL0i93WSTq+5fO2eFhR2ym7aHf0xw== processed in 139ms
[2026-08-24 05:01:57] [ERROR] [auth_service] Transaction payload payload_hash=BMzhZAxbeZWa8dWpGu3HN7FPgMjVTxcRTJlby/Uo2yiilk+GTHoFa1PUSryMlDxDb2WpFJV1EJqfKxDnBAUz1w== processed in 194ms
[2026-08-24 05:28:23] [DEBUG] [auth_service] Transaction payload payload_hash=TTvZD7iUogAxCmiPJU7Sbr8BX7i7EL+sZu8LG+/ouucXo5G0suye9elWsktWqANI301R0Cfg7IdbNCYM5cgZNQ== processed in 101ms
[2026-08-24 07:47:11] [ERROR] [payment_gateway] Transaction payload payload_hash=hNeJijPP70+v14bmazTVOR2pnGB42Ubmn69qJFa5iL6L5oBLTtkQb5o70UjpcqV6jBo7NNx/VlQlZSgDO64k+w== processed in 378ms
[2026-08-24 10:24:35] [INFO] [auth_service] Transaction payload payload_hash=S9O9myfxn2Ov2DF6nWwE8QERAa4vPZJjldf9ysFDu7CgHg9IAaFQZyBRmzvwW27JrWXMyXrDRbn5pzOFK0eCTw== processed in 421ms
[2026-08-24 03:33:08] [INFO] [payment_gateway] Transaction payload payload_hash=DyTEG64qxIfGw8LGHq3ytHgN/ZSP65GA487cQaOEYrztTvCeutRY4lt+N+Z7JwhM6+mx2mpvDiyhHHzYGl6UAw== processed in 69ms
[2026-08-24 02:40:29] [DEBUG] [api_router] Transaction payload payload_hash=TTKp1wMSRgSD+CxumywRhOwJObuunx7Td2I9RdQ7Cu5YpRFSko1RptNfkY2TC9/H0hSVPcA1AWPO2iQFm03c8Q== processed in 147ms
[2026-08-24 04:58:42] [WARN] [payment_gateway] Transaction payload payload_hash=BpLN674UZ5r1jEkO7FXcg7JmmaKGQXijJWSSL3ylWhPanqP0RAgscwnjOhZxqITwU7a5OsX5ktd1HGmzXsKjag== processed in 72ms
[2026-08-24 04:23:30] [INFO] [cache_layer] Transaction payload payload_hash=SRz1eV/LZV6BQqOsLhH1DgM7aIkh+OED6PDkQD5alVBGEVwp8w15/sPo1Lji2o90jjCKwBsnSYeCVYceLYB4Kw== processed in 145ms
[2026-08-24 03:30:59] [INFO] [api_router] Transaction payload payload_hash=BimjHSEouyuzy30D6sR4F5jMUGdzMOvwsKJgZ3v6vTWYyftcLWcAyjR2M33AkE2Wt8f0zjK0mi2yIgCCNAiDNA== processed in 8ms
[2026-08-24 08:35:07] [WARN] [cache_layer] Transaction payload payload_hash=fR8tfTx65SZFTq7NVh3Rd4EIQJUj8na7BqCoPpcSFv6GGS57xlGIXp8r0si3a83u0Dx5MjHU/pvQLkDfeqN+sQ== processed in 394ms
[2026-08-24 07:03:09] [ERROR] [payment_gateway] Transaction payload payload_hash=4DcncN6SoD1qQ9CQ28anj9lxqYZiNCQfSMeAYipAmrejtLyXX6uvyRDferkdgbJOg4UQ+9Rcgh89Hmvjr9crqw== processed in 450ms
[2026-08-24 05:42:38] [WARN] [api_router] Transaction payload payload_hash=a8bS+Uv9Pz4Gf4T3UIRlPcZepafnEybVt0fLWPpaN81SiXeJq72cOQAt7H3Y3cLNOzs3o8SdcgJl17xGlgVTAA== processed in 109ms
[2026-08-24 07:32:15] [ERROR] [api_router] Transaction payload payload_hash=Ri87wW53cQQehuG7wEt/qVFtHmlnh6hVjFFOVFhQI6TDmOZeH95DVhHJiIymJj6WIrEKDNJlxkq9YgxOncrwIw== processed in 368ms
[2026-08-24 02:33:23] [DEBUG] [db_pool] Transaction payload payload_hash=JqkSXtz5/yPKbAoDvKNoKGs/+AInDuihkpy6PKqpNb6/K4MR61Oz/JuKV5SgzdcvNA/VUNViJEF75+iH3HC4nw== processed in 444ms
[2026-08-24 05:48:47] [ERROR] [auth_service] Transaction payload payload_hash=JKmHMpZaOFh8GnYUHpb2Tx3vHuzQI63SBUF/K0jMYZN1XdUA8PqEuHbb/yoXHEQYwZxmqxz4njK92UNtE0NTyA== processed in 63ms
[2026-08-24 02:56:59] [INFO] [auth_service] Transaction payload payload_hash=PpmAsiK2MlG0VxrPQpoiOrwVzRHXt0LJXBD3fqpNBvJvGntjJrIbKI+xKoG6XFwUQbgpaRooZIawcMzWWDYy7Q== processed in 349ms
[2026-08-24 11:19:33] [WARN] [payment_gateway] Transaction payload payload_hash=jqVIKeXO0G2IP3q927dHFQsi5ll16CwCLmKGOipQRZWhARq1iA6d0GRyr4hmoZ0bsCmC9XpiaIJ7eEc7b85uNw== processed in 291ms
[2026-08-24 06:59:21] [WARN] [api_router] Transaction payload payload_hash=/ptHJfuAqxNB1v4wMasiJNx0PpHWp9D3XmTf1yLAxE5lz545W15tLaGGwD9uat3CzusjTNV/vAh9Kisew1hD5A== processed in 182ms
[2026-08-24 10:59:37] [WARN] [auth_service] Transaction payload payload_hash=g3b2SbzIKthdz53YlTDquPUpRqcpoHevU+BKrstjZ2+2WdUbtNTi0nfK5CzNUkrQZRIGqTDS/bFWapdz/MGBOw== processed in 405ms
[2026-08-24 09:19:10] [ERROR] [payment_gateway] Transaction payload payload_hash=LndwX/p/xwMpu58JzBfTF0IKHEsoF+Usqdd266qCBMgKnKcEflTmVl8ZVo9QV/1EXR/xO3mXz3V/BVXIO5bH2A== processed in 411ms
[2026-08-24 10:20:22] [INFO] [payment_gateway] Transaction payload payload_hash=ymd4W9Y80u5wx0W572KSyRsfvxINXpe7f5FuuTBcMPYcNqIlOoxZ4V9N+wq+1uqc8i49ghzoo39WtezgYdXukg== processed in 278ms
[2026-08-24 08:21:24] [WARN] [cache_layer] Transaction payload payload_hash=E9XUK6zGFkCquInj/BS8iifFjWbFV4T6QYgQW+GvnYsr6ETNX/E4MXGX+S1QBc/v/2F+zT4xbsx3pRymZJSPGQ== processed in 246ms
[2026-08-24 06:17:33] [DEBUG] [db_pool] Transaction payload payload_hash=azCKcUQ1tvx4w71MYQ8HkqhdY6w616crY9kS/+Dj8bFNXZV8moZyrC33/zuY95/DUOSOMnPnWPf9sFBJskP5qw== processed in 115ms
[2026-08-24 10:45:42] [WARN] [auth_service] Transaction payload payload_hash=n9bRSoVmHvMp5B4MWhqIy4I2Dc8K1DF7EfW0ZYUWqc75Jji5s7Ui2a6yvYv1zjSYgqnCjpCwzeBMcwnjC0AiDg== processed in 431ms
[2026-08-24 05:02:36] [INFO] [auth_service] Transaction payload payload_hash=o8P+Y+0SxHWd/ThBbk9GyCJm9L/oxEygvyqisNf/ZFe1s1qxCw812mIuGdZvIIckj4CADEparlkMaiWZK6j+Sg== processed in 22ms
[2026-08-24 09:20:13] [WARN] [cache_layer] Transaction payload payload_hash=ZxdClszgkMPooqU1hyUX4M3ysppCBpNyPe22CdYs7PV6Mvme+k896zLQ4PxFWixSe2/8RQvTX+haHPbLobZ71Q== processed in 453ms
[2026-08-24 04:46:55] [ERROR] [db_pool] Transaction payload payload_hash=+v/dhpsRva585piKUlZr+a/Xa+8msrvaN6wHwafWW5z/iUUrXN1RIUY2mRNTStOvi58/VUSmj4UqgpAM/lSTZQ== processed in 337ms
[2026-08-24 02:40:42] [DEBUG] [db_pool] Transaction payload payload_hash=nzY+8vm0PuTJQc5ZF7smfSOx/9xSXIKYXoNDST0PFETvQ4+Zh5Gmrg8Z4WhKX65V48ZI8+uKyhfA7SZ4Fg4KDw== processed in 112ms
[2026-08-24 09:18:11] [INFO] [cache_layer] Transaction payload payload_hash=vGbKTPAThQAh1Bf5FkVymtf9fK3qB7lvuXw3+zfHGrT97wqS6++K7KEOjfekJ+yuEk+oiqGanEnmDGupjFw0qw== processed in 126ms
[2026-08-24 05:24:43] [WARN] [auth_service] Transaction payload payload_hash=aT3hQiRVQAHvkXotkJ7aqTFhxwUyboMFZz8TWt5N8rJxRTQWMmjxuebcWnLSO4In8Zdqsv8g/kzi3hOdC82LUQ== processed in 395ms
[2026-08-24 06:03:33] [ERROR] [api_router] Transaction payload payload_hash=FrtGSteLen9xepwetbl4WrRv8cMenrY6kLNwl8ClvnzlVMXcvM0Gh9C44CiJ6RFo21Ne4I2vahe12qK/RKkw8Q== processed in 317ms
[2026-08-24 06:15:24] [DEBUG] [cache_layer] Transaction payload payload_hash=6Ht+85SYMaToTRD6LPY1aDBPor/YSkfxkxKGCnt//JNLpAE5zbZkAtLQ96rh4i+PtyJ12yt2S0FkOAbsogY+7w== processed in 307ms
[2026-08-24 04:38:08] [ERROR] [api_router] Transaction payload payload_hash=8xGyd9Yg0rdlmr8mIjjhJH5+dSu+nhxiUF2JbqeAHguEEYcwpmlmXNFv8tkl0s3dfw2Ta/pmA6So2s3A/06qVw== processed in 47ms
[2026-08-24 06:16:21] [ERROR] [auth_service] Transaction payload payload_hash=MO2RF2Z+sJCQz86iMVD7n6i3oe6KgTM9aZTAZNnS4H22D1q7sEeTdX+zt6vaHaSRsUHWMhxQ/Ki37RMIGeehpQ== processed in 284ms
[2026-08-24 07:39:54] [INFO] [payment_gateway] Transaction payload payload_hash=ycOE5wXyRtPoLDse4m1ity2zFijXNkzXOmzMkypvkhl4tHtP3BkfpvizZt/xZBTVUXtafxDVuvTwFZFqrrsx0w== processed in 473ms
[2026-08-24 10:27:09] [ERROR] [db_pool] Transaction payload payload_hash=Y1YMJH7gxIxz78cVczoHUgsDANp2JM1QEMQABwFZtVfRNsWAPiYFpyjkx44W7ZHtRAft7Z3FkejEGiqfMAYhPQ== processed in 285ms
[2026-08-24 03:47:18] [WARN] [payment_gateway] Transaction payload payload_hash=r57dj/ZI2x4/fvexJYAFLXNug06ErpezfXKQu6Tt+K366bqqcjXvb3VDwnHd6wU+c17aosbsvmXZ1Hi0XMR/qw== processed in 288ms
[2026-08-24 03:02:30] [DEBUG] [cache_layer] Transaction payload payload_hash=5W9bQjbGdBF9IfX6BqabWdB9hcmmBVSwLsLoN/K8Yv/U47tCgnGi53j1JeIkwiO0cLFMB1DdrgwTrs8bZ/vriA== processed in 21ms
[2026-08-24 05:24:48] [WARN] [cache_layer] Transaction payload payload_hash=5wc/2PBx3Y6e6kBVuOHyqCvMVXW0RJIiOroO5ve0uPfWxuDyKns/XZmG4FdFxJSQQTz0JdjqEL9toDroRmntkQ== processed in 482ms
[2026-08-24 08:38:55] [DEBUG] [api_router] Transaction payload payload_hash=3thKpH/5kRRKH4mmatb9FsVMKUwOIwGm7UBQyZ0/nBrk5mPJCDc/1135Whkrt16mnWikBTl+N06UD0KsdTCDMg== processed in 124ms
[2026-08-24 09:33:45] [INFO] [api_router] Transaction payload payload_hash=XOE5C+11Necvah/OrWBE7LXQUCMpLa5+k4C2E/baCW4zhFPfkHUsOxetab7SRiGtpY96cV9lDPzN1zbouD1gEA== processed in 31ms
[2026-08-24 05:36:02] [ERROR] [auth_service] Transaction payload payload_hash=0CLOWEiPTHVLbYJX9HmOMFgXn2HMo17ziNZozQUb4pGTbS1nfWjRMssUUjWkj0U1n7bFeCoPD33hIMqlX4RinA== processed in 88ms
[2026-08-24 07:06:52] [DEBUG] [db_pool] Transaction payload payload_hash=JPOi/UVzixkQrAEr4H9af57M2lL83ZoUYS7o4w4nUzioprbUT3COwDUQ5I93oXz6msqV/y+sgH9C3GfOEpNfDw== processed in 375ms
[2026-08-24 04:19:35] [ERROR] [payment_gateway] Transaction payload payload_hash=ZnRvYru9Lv7M/JTsj/w0NnwyyqGzvrIY2UJ2o/E7cZyuUmfjJ4YZ2ZGVDPHLGmpzkwgRKofmClg+Slx9pwUK2A== processed in 241ms
[2026-08-24 06:08:51] [INFO] [api_router] Transaction payload payload_hash=CJq/h/bevMTmPU+dYYIYNXU6EZZmNHqHuqtzqaFfXmhcaEYiX2F2LLLz9y1OruGET5kNscvxcTU2Q1a5e69jyw== processed in 60ms
[2026-08-24 06:38:12] [DEBUG] [api_router] Transaction payload payload_hash=xPXa5xV7ugsSWVXn9xOkvGAVslVrEOdQ8foDhuhbsSk6EUhDuCl+xKusmp+OmypniIBr6f/lFOqP5W3Ee65CGA== processed in 63ms
[2026-08-24 03:01:55] [DEBUG] [api_router] Transaction payload payload_hash=239WVLTTUjbfm9z+FTCtWe006RMLGLpXFT2PmwZ86jfwDp5/3AYuS9oNKF0EJ79+kgqqigB6hM8fgU2WJpJq/A== processed in 178ms
[2026-08-24 07:26:22] [WARN] [cache_layer] Transaction payload payload_hash=RgzdAMdFJBgDY9U4e8Rz6klfCMPlbzQn2PlnK2C77pMUUALwNsezid7ybX7g1uD0lCgIi9grw2Htqse0XVWmMw== processed in 338ms
[2026-08-24 02:26:17] [WARN] [db_pool] Transaction payload payload_hash=TP3HHnZKZNpAvm/gILADhOe7DuERsdc0NX/IwPUgy7ni4r95qAIQEqQfV+8jtydAoUuiCqJ8Ne+XXyTQarbVQA== processed in 43ms
[2026-08-24 06:28:44] [WARN] [payment_gateway] Transaction payload payload_hash=gj6rmK390HlE8gSwqv0iq3hU1bsTq92uxN2AuIFW8b40JCg8jmIm6YpbENypZhFTBtuPSQDihNcFB4Cqw5hY7Q== processed in 381ms
[2026-08-24 02:55:44] [ERROR] [api_router] Transaction payload payload_hash=+Ah/dNyjmOfqpHWbkPmH5N5TU9s0Gbob5h8qsDeFwQD5Anrnr/pwgtm/6eba6ZmYYz7KVHJ9eQFlU8PRyTIjlg== processed in 65ms
[2026-08-24 09:16:37] [ERROR] [db_pool] Transaction payload payload_hash=wqstct409KF9J9I6Wtb8YhWmIO5YJeTVSfOSK63SxTBzlqZXlnSWJt/3r/5wnBhvYC9zi7dt7vuTdZ21llsrqQ== processed in 89ms
[2026-08-24 11:01:31] [ERROR] [cache_layer] Transaction payload payload_hash=5jrU0wWgPXL/nrtX8n+niCDIg7ZLHojvJDzAjBJWISejnKVkC697FiyTi2d/YRBYQhVIMRKZvEyXHVjFrKlilg== processed in 58ms
[2026-08-24 07:41:28] [WARN] [payment_gateway] Transaction payload payload_hash=MDKr6ZYBRatrZaeRkL0zxSPrsxuR0nb2rRNT6+AqnMr2EJrcvXinAn7IVyVNTWsr0Ud7MBl355U25rDSPto0JQ== processed in 373ms
[2026-08-24 06:08:06] [DEBUG] [auth_service] Transaction payload payload_hash=+uq3M2zcBh9k45SE1wDkR3U+wg3lPqS8arvEznz+IiTMZBRrhlDk/u3rbYWjTNifdgjTt+1nCE4F00R2dj7HMw== processed in 45ms
[2026-08-24 06:00:27] [ERROR] [payment_gateway] Transaction payload payload_hash=c9CqumUg6cwLBhUczlSKPGzuuSRIQQVpPsKdhh+qnZI5yCmvyFk496A6VRu6z44EQTdCil6lwkt47qVzRGCl1w== processed in 1ms
[2026-08-24 07:11:37] [ERROR] [cache_layer] Transaction payload payload_hash=niI94dmyyOXSpaJA1yCQva3mrgeP0fpkHS11HcblRViAhJ62KcHYUQQcuxb0JGWQ+q/RXjqBASk4q/IyIjX73Q== processed in 451ms
[2026-08-24 04:03:41] [ERROR] [payment_gateway] Transaction payload payload_hash=bIR8H1w/2QnQPW++AAN8UqK0Gfm545dkrByjn0AjsOuaNhxbUp5Ep+qYZT5MnmLEuOveDi869YXIRgfozKNLTw== processed in 84ms
[2026-08-24 09:52:50] [WARN] [auth_service] Transaction payload payload_hash=M0t9HLTvn3pVy0/s2aMNJyufbjH7IYbLHH2lp3Q/AEbGN2xlrPil3HV9++40GYQb/tf9GxTHrujFxOuU/jv40w== processed in 253ms
[2026-08-24 03:14:59] [DEBUG] [api_router] Transaction payload payload_hash=nqsslmG/0yZh3J0PAXG0Av5zYMSF6KP4nUjx4eg06zOHEsgrW+cRSG+Gq9/iw1LmbUeZK2+RoCXOcf+3pQoCPg== processed in 32ms
[2026-08-24 07:04:48] [ERROR] [payment_gateway] Transaction payload payload_hash=uDa1zn7K+g/EfZdGzJItI2TzH0qMWcQOoagFsi1r6/DtapQRFWAfBoT6YgvIwpTx/cA0EH6DWr0GiDVsmXwjOQ== processed in 146ms
[2026-08-24 05:58:25] [DEBUG] [auth_service] Transaction payload payload_hash=1pNypquRRkxHgSluD+eL2yt9aSUdRIZLsWbGJJj6J85/J2HJPtTDJmiNhu/DFWu+mZSXgWVjQamPbyGqATp2/w== processed in 345ms
[2026-08-24 11:10:35] [ERROR] [payment_gateway] Transaction payload payload_hash=ZeuPx1PfYB/TuGAAKa1LdV3gCnSt8r2PKFRXuEJ+ECGfneyWeCcc7ckRLHd2LylX4tSVlOuLw5PiwviTuZhAWw== processed in 259ms
[2026-08-24 04:17:11] [WARN] [payment_gateway] Transaction payload payload_hash=l8OFCTn7CAMeQ6SfrZ/ORcQfRm3sMlekqcvjfFDG9Tf+hYUvxVKea0HrM6CjfiVAq0D7f/wTLSSdOLQ+FtilXg== processed in 284ms
[2026-08-24 04:15:27] [ERROR] [auth_service] Transaction payload payload_hash=kuhanRPIlXIUJQVg8GVEcWXZAdDiEul3+Wn93p/PEDbOBmyuIPzzssIclOkd6K23tNjdAvAaa6bTteKy47bjQg== processed in 234ms
[2026-08-24 03:05:50] [ERROR] [auth_service] Transaction payload payload_hash=I0owNV+1WbUG7rNsE8i5l9EfB+1RNkFySRkgP1jpJRxV/p64CTQsQp72UXi0Hh0vlvCzBZ9qrSto647aK6TKpg== processed in 391ms
[2026-08-24 02:27:25] [INFO] [payment_gateway] Transaction payload payload_hash=Ad/3Bv4izkS5wuxTb8jms8hmaXl1i0c5kSW7zGHAj1JH7QwTs7lb/K6YXI0YRfjwc7VgTPoSSy4JQIEol7T2ww== processed in 431ms
[2026-08-24 02:45:20] [ERROR] [db_pool] Transaction payload payload_hash=4bylSyYiZQaU3nw8iYsuOn4poCUZBnqZ7nUAG3x4YAAHzXiaGDiaIlISBn6DtyDg3+nKzYdRYfWgEFy+WJU8Cg== processed in 188ms
[2026-08-24 11:10:49] [DEBUG] [payment_gateway] Transaction payload payload_hash=Fj2zFn4pGdJY/QsUm1ZgmiQDsacgIC5tMKDJnxVjX0E1LgSupgdEvvohxmTVYQFH7yuCjQ1ofvFPu+KeyDR1nQ== processed in 329ms
[2026-08-24 06:07:02] [WARN] [auth_service] Transaction payload payload_hash=+f8O2ai9mcwJajrrzKjusq7nv1lWeiNsLoW56JTXq2X45We66ASCBaoXa+pGRvEQQeqTnHJhBKxHCqCj/9uU3Q== processed in 254ms
[2026-08-24 09:18:39] [DEBUG] [db_pool] Transaction payload payload_hash=uG44gQXC/+vtaOY4O6l0OjxWwdWdBChzkFOAcSQyRt6vh8Aw0+2DsVr9gfdMEBmSgK6mdk9KPirp5Cm/03rJSw== processed in 324ms
[2026-08-24 03:42:19] [ERROR] [api_router] Transaction payload payload_hash=wyPFqWMZiy0dSqXmVutHd7imwR/niEO0glKaHeHt3U8HF2ZPnvfbZ2THgkIx7mgWcFJzWVWPG9bohhmwr8pc1w== processed in 47ms
[2026-08-24 09:10:24] [DEBUG] [db_pool] Transaction payload payload_hash=2ZEj+c9Y5WGrxzc+wpr9VuoHaL+oCRctPsgTAx2xJ9AN1131v/yAtu5H63TFMK+VYeYe+LHGz59wVMIEXaRRUw== processed in 384ms
[2026-08-24 08:39:16] [DEBUG] [payment_gateway] Transaction payload payload_hash=+gzAB9Agqg5pYJ5jZaWqg1F0pqk1Kit1XcNYg9vCo0kBmD/KkgZOMXVSXLWQLFLOXXPEZrLuigYddUkva9zTsA== processed in 365ms
[2026-08-24 03:00:47] [INFO] [api_router] Transaction payload payload_hash=KH0ynkiz5am6TGYzsacUnfx52IhlTcrrVC47vrEsAX5/YKQKBiFK3vHqt2Cnqx4Wjo99A1uo9YlHSX/wPyyoaA== processed in 211ms
[2026-08-24 05:53:04] [ERROR] [auth_service] Transaction payload payload_hash=Mm/Gl2Hsluw14NPAwsELNECn5tslOn5kd917xwtBhtwrx3DYui2BjvTNJzaMBFelrSozM6MITDx+jQEbiB3y4w== processed in 255ms
[2026-08-24 09:28:56] [ERROR] [db_pool] Transaction payload payload_hash=u5EVSb3dAzUdbH4P0J41sY+/xZFJ/BFd60EdasAFiIVwMcLp/PkyPAAoIUFZTLIcEFYqzKGowjPtg2FaOC/0qA== processed in 145ms
[2026-08-24 05:37:03] [INFO] [payment_gateway] Transaction payload payload_hash=sfNNxkn659nbCoaWujw3yNQ3KluLkMOUpf8kYO/co810sKKvml+RwjBnYsXm+fdkXo6c1vV/itPR6lNyf9i2wQ== processed in 232ms
[2026-08-24 11:01:24] [ERROR] [cache_layer] Transaction payload payload_hash=oT2mtoE8rVJ9F/QzwxgEIz2HbrRVWRkAX8cRgcGMeZrO9nHabu1fJaaAbTNSNpnRkFDnv4c0xgeggavnD/Yejw== processed in 311ms
[2026-08-24 07:25:11] [DEBUG] [payment_gateway] Transaction payload payload_hash=DQbV+rOQVQjMQmaWWIdIuJtQlg1eHeZAvXDa8xPmO5FZhgQOs6k3fgvKm+8EiOlbun/cx8jFcb83k3uABAmVOA== processed in 282ms
[2026-08-24 10:26:33] [WARN] [auth_service] Transaction payload payload_hash=sn0eXmcpFe0jnn0ZiKAwHTstCsTDXuC7JMj+pJ3AJ9m3VYjRVyKbgRceTApLyB3Hd+YUyaQpa1i+3YfFkKavmg== processed in 80ms
[2026-08-24 03:29:04] [DEBUG] [cache_layer] Transaction payload payload_hash=ZwaprxKzl74pARaMtb0WOkkZvrj3oHbmQo3eBHENfYYcNUwT4CAJe8MqEyofKq3EjwyAXUYUKeUuCwzdf+65tQ== processed in 472ms
[2026-08-24 07:42:20] [DEBUG] [db_pool] Transaction payload payload_hash=JgQ/1My0pG+Io5CK5paaHFNMvQp760ZA4Rfss00t8qrBd65DnLNABGCJceImMzQJMYvG6np1gPwyOZJ/8Z+g5w== processed in 17ms
[2026-08-24 04:09:13] [INFO] [payment_gateway] Transaction payload payload_hash=nWDtml26vSIBgbWcrfYN5YkXUY5AruLp6mBSV6eMKB+OTPgPOmWe+zafYGvkR3damE3HZs9mSQrmf/g36x4oOw== processed in 21ms
[2026-08-24 02:27:30] [ERROR] [api_router] Transaction payload payload_hash=yWND4baSoT1ihuFf6lakvvkZI+WIH0TNaIR5iVFZUa3ybRwqkY6XvGNk0FhaWpJP4zhwJJMZ3Lg/Tq9rCn3GXw== processed in 447ms
[2026-08-24 04:15:43] [INFO] [auth_service] Transaction payload payload_hash=qkATuuA86zE7Ic3KT4m2STAPuM4eUpC22L0Ec0ojrMWXQfJC8vFT68EOhCf4DhPkIRYAOlksIb4nCd9juBF4+Q== processed in 302ms
[2026-08-24 08:19:56] [DEBUG] [db_pool] Transaction payload payload_hash=Ue3y2eWuPIzhlNVewUewQ9u+Hu6fwGtQAEIBLEkoCfvhkLd2CLkLSNQyPymajPi6GI5GImOsiWpfAfjVHzpdzg== processed in 338ms
[2026-08-24 08:59:19] [DEBUG] [payment_gateway] Transaction payload payload_hash=vPCFaZsOs/uEOhpdvliDBHM1j5uyelcxNXwOOCiPc50Vyjn+o59LGZfL9VHQlP6d1qOMJ9GJNumW2qMsCZA3YA== processed in 457ms
[2026-08-24 10:13:25] [INFO] [payment_gateway] Transaction payload payload_hash=iJccub4RaClIJhCwXCzzQVrKyCFIOBWuUSsIkz6WYuAcxI6jo4dyT8c9wSqFxTF4NozKRnFPccCb38vmtmab8g== processed in 252ms
[2026-08-24 08:44:20] [INFO] [auth_service] Transaction payload payload_hash=UiXG1Sz+6QJN+XNlObhMLHsk80nkxatYxRw0HLPnmXXElZbtjMMgerdJplYYt5n2d/+stnf+iqY2yo2Aitq+LA== processed in 120ms
[2026-08-24 09:45:03] [WARN] [db_pool] Transaction payload payload_hash=maVcoqAqjBn8inJQfGd7TtF5kywdCMAOVibokwxlDyGlSu1V6OM1Rwd3dMhpmDf+WOjpgwkIKmlHzR+tjBg4Zg== processed in 49ms
[2026-08-24 08:01:53] [WARN] [db_pool] Transaction payload payload_hash=gValQP4VRx5gcLqY+RV4nVprBEFLFDjhGzX3TJ+rYlp48SqtPZEpdKTUZEHigKV5ZJOb4TXzLrVuyiKEgzPs0Q== processed in 308ms
[2026-08-24 05:36:36] [ERROR] [auth_service] Transaction payload payload_hash=4G04ZH+VKhdYUkZiJx0+3dF5bfAm1+KZF/I4tsBCvyJZ2BOLHrSeeBZXO1p6UXHMyIo49kxIlYrb7sUCW6O0fg== processed in 342ms
[2026-08-24 05:39:49] [ERROR] [auth_service] Transaction payload payload_hash=he/tbUf+xkzaxl9tf2GNk7aatVTEL2NhISwp/z3GLAIl3+iy5jw4sNKg4Rb10wemNLVyNfBVmzdNIRKUwNvusw== processed in 366ms
[2026-08-24 04:32:02] [INFO] [cache_layer] Transaction payload payload_hash=Is0/EX2IZ4GWtN9SbJ2je9J8eGTHLnqKMgJh8GE3LUh9RNnuPVzvjdOarXCHd/68FksnNPg2xzGfJ8648RPTAw== processed in 87ms
[2026-08-24 11:20:11] [INFO] [api_router] Transaction payload payload_hash=Z6ugwml5lqjMCxFwXyv0k2PNpi6nX+wf0PzVc1yUi2L/UuJMEiO1Y+dT83VLeupo3XeGjzF4aoinoPxK9D85uw== processed in 246ms
[2026-08-24 05:41:31] [WARN] [auth_service] Transaction payload payload_hash=P7SvaIzxQSpwFaska0iiWsb0OMDdm5a7PZRPBXc1yE/2OCiOl5nl/wPccpilLlLodnm5LGBrZ8ZfMCbpV2xMfA== processed in 484ms
[2026-08-24 08:15:25] [INFO] [payment_gateway] Transaction payload payload_hash=lwGDBOeDebxbI51fc/6ztF4a75ZOya3sB69Xa+3OGwAjeWss9Dv6FOinTsBOMgjyTqVeDsLgEQnn2t7bfBvIyA== processed in 445ms
[2026-08-24 02:31:47] [WARN] [auth_service] Transaction payload payload_hash=xU+VP0OOX2nDj0rKbiJDuqlT9y56kLr+4N0SUw4DoPUBqzz319jpCvxhknEpeOVcuTI2zvp4KqeiUE5DZszdDA== processed in 133ms
[2026-08-24 08:01:03] [DEBUG] [api_router] Transaction payload payload_hash=ploJfC3HyG++QTrcLjzF47WJ1ICe/eJzmqduGy3RiDh2GNNLePzExAs75LG3hbJ4IIGIv3vATIZICccSJxGZkQ== processed in 391ms
[2026-08-24 07:29:56] [DEBUG] [cache_layer] Transaction payload payload_hash=0Ar3fBB/JxR1c41jUac+Kb9mKaoZ33+eFhEA9vxhqNpUFHh/1JQfWDpJz7o3ioI54UBI31wmeet5oRwF7JMNfw== processed in 462ms
[2026-08-24 10:16:03] [INFO] [cache_layer] Transaction payload payload_hash=olj8UHosR3mx9cwQmM5csIGrXtrf84+OVFPpxHQ5qkQo8XrkLlOByrzfG3BMlo1a7wJaGeaGj/ahm8BVrJ9Yzw== processed in 499ms
[2026-08-24 09:04:47] [WARN] [payment_gateway] Transaction payload payload_hash=emDIAN+YIES2BXJbHZSBg6bfUOC8X0/m8h1/zEXjxAI3NhyIM5rEQc4Us9PFFMq37nBYal4ZgU66kQyvhWAD/Q== processed in 197ms
[2026-08-24 03:25:14] [DEBUG] [db_pool] Transaction payload payload_hash=GyFMp1IcGLcrGwI1nO/VM2oCBvIV7J24HGGnIji1sBC9LIuGdZtu8ynsOM740IZsBOK1X5cL2AgRX9yPDB3Agg== processed in 357ms
[2026-08-24 05:29:46] [INFO] [auth_service] Transaction payload payload_hash=NI4RB0fGLemyrEldCrlE33/c63gwyi5nSJsW7P8VHs1181oo1Im0I37BJN579SXHG5lYGSlaTuqaVIujMMKZrw== processed in 236ms
[2026-08-24 02:34:38] [ERROR] [payment_gateway] Transaction payload payload_hash=qmv6ByismJrkZ27n8zvxwcAHLBHyOEX2zyPCFMO64/c+ih09WGysV4YrNmz6/mcJqZs4noiHjVb58QFZEV9i2Q== processed in 310ms
[2026-08-24 10:14:25] [ERROR] [api_router] Transaction payload payload_hash=cVk+ObUZUt+ay2wn1R/2MiXC1arS22dPlgyD4ICMxJDr1MWq9PPilSl6tm5M2zu70wiSwSE2fsdXwGZBoHEeGA== processed in 98ms
[2026-08-24 07:42:39] [DEBUG] [auth_service] Transaction payload payload_hash=mL9j9xmuZeLew69iKCJfQ3wKthtNIgumZJ5P5ku9XLCKXUNzfVX8nfhtvo7Sy0ZzwhC4KRjxhjtq5RcqsGgKVQ== processed in 408ms
[2026-08-24 07:22:30] [WARN] [api_router] Transaction payload payload_hash=1dKHKX+vGhZ8OjatwRgPLZ6Y8+Ldahyawjvnpoxt4HM05MCJTtw1LWr9pP2QkEbKQcE31wdhCJfkEsVO1ADdWA== processed in 122ms
[2026-08-24 09:01:17] [WARN] [db_pool] Transaction payload payload_hash=DRtwmcr5zRevY+zYNSHMCxtwWJLXYeiK2ay+G/VuAa6Njrodl69aZPtnzSvyBs0wSP6CJL9DM7DIpqA9ihAGxg== processed in 315ms
[2026-08-24 06:51:43] [DEBUG] [payment_gateway] Transaction payload payload_hash=9uZ8IVP7RYWuLZWUWf8GFLEWc8QZH2MNaQv4bAsJtiDDXkhsjlSJMsHq+OLZ3aw6MnKDyCrG+P7r5tonO99Gjg== processed in 464ms
[2026-08-24 07:21:28] [INFO] [cache_layer] Transaction payload payload_hash=U7DJIdiPwbAGMmbg1PTI+CtwC/oQz2oRY9i2LWAEkLKZ0mx/ry+SHmeGuJmdCbxvdt324jgM34ZOi9dl0eWiUQ== processed in 150ms
[2026-08-24 10:11:39] [ERROR] [api_router] Transaction payload payload_hash=BzUam5KsInGuzamFxCTdgalNuCFx7HFWTf14YVCCWs/sH+hxlp3WcQm0wA0376OIpMi8rME90j7rLtSdiZpObQ== processed in 479ms
[2026-08-24 02:24:14] [DEBUG] [cache_layer] Transaction payload payload_hash=Tg0K8oU7tPy78iyzF/i/NkbrZbuguGJUdme8Idn/gfeYkf+eWnPALSzruQw4RcAMcuqNEDe6JYz7OBdEicmExA== processed in 139ms
[2026-08-24 03:05:41] [WARN] [cache_layer] Transaction payload payload_hash=6yJdPBsgMjEqNmPA/1JBMgodwf+8lCOKp40X2BFV4x56elvJ30X4Fw6wQ6vUoOzUTJTVbHPHtRll3qdC9806+A== processed in 276ms
[2026-08-24 11:20:56] [ERROR] [payment_gateway] Transaction payload payload_hash=CeF9mjgjExUGacl+IU2FqFaGYuuabVgNDMUWMuh+79ipt38KOUucPJoexDhgKTDa73Gel6l7/W6kRvuWQDregA== processed in 374ms
[2026-08-24 03:13:02] [DEBUG] [api_router] Transaction payload payload_hash=7dTbR6tyubwueCqaTNrSb1FEtPUc173f6YidoJmzPwjOoogOryfOH5WKKZXMjDAiJNRJymwIZstN0bh+0LF90w== processed in 251ms
[2026-08-24 11:12:40] [INFO] [cache_layer] Transaction payload payload_hash=AQdgWLzT+Vi520BC5UpNIdMfbHlr7ihJK/cHiikxXN1BcNSN8e7fySkh0t1KJxLKbLSxJf62+EFHETOuaA03GA== processed in 393ms
[2026-08-24 02:50:05] [ERROR] [payment_gateway] Transaction payload payload_hash=ZxIPI4UQ7rww85fSu4siSMyW23qgeERktyZ6OXM82oUhwZYtV0DHcy3PDOiwoPE5WZBeA6LZ4OtidcsDGZ+F8w== processed in 488ms
[2026-08-24 09:14:19] [WARN] [cache_layer] Transaction payload payload_hash=VicFlDcZeyKutQ7YYr+oo7lI3xgiZ19hwgYXYKy2REGxdI5bVVZFMM9DnbnnaxdLaDt6bPyxMMfR1MYawND87Q== processed in 406ms
[2026-08-24 06:53:01] [WARN] [payment_gateway] Transaction payload payload_hash=vNIEACF/PDkHfy2A0BE+1VkhvPm1xkBKbGFYUYPassTouXUAQiGPd+VlDpK9mNzBOS5Bv1E4i6vNbM+beDarYg== processed in 382ms
[2026-08-24 10:37:54] [INFO] [api_router] Transaction payload payload_hash=2v8eIJX5orxAFMS0Dt9FaXbZ20Q6lD74kWWudvfeNfs4zctkFEysBK4BiVRmrlUEaEU3ACB9QsUeJxksSE9l0g== processed in 307ms
[2026-08-24 07:21:27] [INFO] [api_router] Transaction payload payload_hash=erEjT3R5LR0rhumgtFZBCRAxVmyiHQfj8M8uo9gnkL7V7CUgNuMXjf75IuSAde60InoBHaEwa8OdjiFq2FQELw== processed in 261ms
[2026-08-24 05:10:41] [DEBUG] [auth_service] Transaction payload payload_hash=GDjL+t+GEbx46pV6OEKmF7dqY4nIFvPCwBLquKiaD+N2Ic9XVsaN/ABpdvpFGT2chPO3AObpxnvIiKkm6U2d/A== processed in 344ms
[2026-08-24 10:00:19] [WARN] [db_pool] Transaction payload payload_hash=LRVkYbRW8BjMxz3cSM02qGiU2bbTdQ7MqiKWzXhtsv6kM1ptGj0CWbYhhkiClFhZ1TmCEyQ47MVbim+tAejtyw== processed in 390ms
[2026-08-24 10:28:08] [WARN] [cache_layer] Transaction payload payload_hash=/Ah3dkc9IT6KETG71jb+KPH2wfibBB23CqgnW1xYLYC6PJcMUfijAEjG0zhf+jK9wSFVUL4ZIIBQLMSQu8B2yg== processed in 372ms
[2026-08-24 09:48:59] [DEBUG] [api_router] Transaction payload payload_hash=IjHHFTWx41d9cOkyCK/bKkliip6ljZWYUxI4YlFP0kVVyfiLj0+dH2BFAAeL+9bVdFHSrrflewYjmhQngVInAA== processed in 12ms
[2026-08-24 03:43:27] [ERROR] [payment_gateway] Transaction payload payload_hash=b/s+YUXVDHqKofchTWKKd/+4zL8JboUcaAgspbwRBKFsuysQPJ+pNeGNFZbOLjWphnl8KgZZA2P+UsGCzYrysg== processed in 153ms
[2026-08-24 10:35:51] [ERROR] [payment_gateway] Transaction payload payload_hash=sF80CoIlKp9xHIfeaZomF2S66r3jC63drcN+a4ZKVPnwzOmYYdyKyqD7DAtcnRUjQA9++VQW8Kv8zR7bqCwziw== processed in 332ms
[2026-08-24 02:52:44] [INFO] [payment_gateway] Transaction payload payload_hash=Sh/eHyuZNi4381ERVmjMzeUT8jSQxT7YmyF6CZOBQYNct/t0Zjuj4yGisbHfVQ/jIzeb9wuud3AKiBt0r9KumQ== processed in 193ms
[2026-08-24 09:17:52] [INFO] [api_router] Transaction payload payload_hash=4DCyRvt8MvFfksA9DpTMFLJWiI6KqBXxAKv5X4l+r097JKQSr5Rd17NcH9SgGVEq8QrxkVDs1O+fTqD1Eaf4jQ== processed in 367ms
[2026-08-24 07:21:29] [DEBUG] [payment_gateway] Transaction payload payload_hash=UOqbEICI48EnVVFQlVyKBZ811fAGcgOXI2JnNvv1ZDrLL4ntB3cCMNiLWPgGNsFpFL/EesbK+rEs60juMjLAXg== processed in 269ms
[2026-08-24 06:18:45] [ERROR] [auth_service] Transaction payload payload_hash=XY7NL9yWzgSqOs/+QSngSh7itNnNQeQjkDlxiq56HuJ6K5Xd6nSTwzv3mdDy0GQBskwVf51x2rHyLSyV+Yfc/w== processed in 205ms
[2026-08-24 11:07:56] [INFO] [cache_layer] Transaction payload payload_hash=+GVnVSOFKRHr9Nj76KAzMRgaY73jn3dPHmmGvxQfRIxQOKJdwF5ulI4Vy8QjVpQYLQaripXBbHyaYuioJoQKHA== processed in 330ms
[2026-08-24 08:38:24] [DEBUG] [api_router] Transaction payload payload_hash=/KEbuMuiJdzuWK8m7yULHhK49asKJuTR1bddaJWgGPujC/WxoBxUxB+1yYKRaOJ3lDocMM3KyRGy7rfVyIwrQw== processed in 26ms
[2026-08-24 06:54:41] [ERROR] [cache_layer] Transaction payload payload_hash=1vPhkAoERp6kTxQINOx0GAuc/QhwLPaGvhiR5VhpWzSaXrvUwJsOsk1jIbyZsNxVKMr6++G7ZI72880xpLaq0g== processed in 168ms
[2026-08-24 06:08:03] [ERROR] [cache_layer] Transaction payload payload_hash=0/WbGo1FNQ6OyWwh/qVY59P7JmUxx21krQSDjJD6TRpmSAPsHcBz8TOtOEG7qBGp3ghq9d6hYEwlNF7ffA5rgw== processed in 421ms
[2026-08-24 07:58:55] [ERROR] [payment_gateway] Transaction payload payload_hash=M0O9I6l6QllvWoon4zt96hcNNnIFrV6ywOgucq6oPbISANrbH31Id2HWd/gUZ9G7VBrd4p+WF+AIqa2RQPf4qg== processed in 425ms
[2026-08-24 08:13:51] [INFO] [db_pool] Transaction payload payload_hash=Abt3qrDkqdAx6o56LHf9wlPmjXnDOK6DrPjXp7yl1OoJa8U2NNs4Oib4RmZdNvWTXO0Wb6LgTRgCWRZyeLTL3A== processed in 178ms
[2026-08-24 03:35:05] [ERROR] [db_pool] Transaction payload payload_hash=hV2Owb8KC+14ozrHvR65fbkFSi1RM1NZLCk3q3/BlftM42m6GoJPLH+zjHwBT8PDhaW76dexsyuFlYC/791kdw== processed in 260ms
[2026-08-24 08:52:52] [INFO] [cache_layer] Transaction payload payload_hash=gfUYdXWhhMLi/lTrATb2JnYsRfGFPFXBsSw8nTuWkdWMe3CBxOhfPOqIK03rCMY210k8SW5xzy1mFnhcmCPiiQ== processed in 241ms
[2026-08-24 08:55:08] [WARN] [cache_layer] Transaction payload payload_hash=bWiGrCmFAsRnleHcSfjrPYVm1qyWrDKYp0txJLNG9pD4c09x8YxKkyBvVcmxH7fY8imr4n6fV4z+p6eTeQyhWw== processed in 489ms
[2026-08-24 06:33:36] [WARN] [auth_service] Transaction payload payload_hash=kv8tc/QV6tjKj/8lq99OmzbSYgiMRDhI0WqA+Cnah3dtSJYcEaPWVeFa9ejMYl5oMsEPfCS8K6Rt/GJxVBvmmw== processed in 54ms
[2026-08-24 10:58:58] [ERROR] [auth_service] Transaction payload payload_hash=RbcTJ/htHJz5h6CYqDzKj1+xzdXU7uy3EN31MS+VFiIejQbCUSd84ZiYUr7kMKUElxkIn7BnZD7nbzcrHuSHMg== processed in 197ms
[2026-08-24 09:02:36] [WARN] [api_router] Transaction payload payload_hash=5Cd2GX/FNzC9YKOrKpsMjbWJTEM7SXyXp81wBGfaWQDNh+tEqVUNsKZn1/2AO/Bp4bqXjBt0hytskv7Jwr0uJA== processed in 305ms
[2026-08-24 09:27:59] [INFO] [api_router] Transaction payload payload_hash=wSk2fDcpod5brMVhaKISgTaM5VoKP9YDuHjh77c4G4fCl9A6NELzFSpZUTg6s+oqliHUJwlgZf3Rten/1fwr7w== processed in 403ms
[2026-08-24 08:18:38] [DEBUG] [db_pool] Transaction payload payload_hash=jpEmiZ9CedtvalGyi0Jwxdvf5oDb1uv7jHnVXbo62+nelasjA78XdTml67Z2sqBYDYE/lRQAZ9JxG/qBVOMScg== processed in 192ms
[2026-08-24 11:18:58] [DEBUG] [cache_layer] Transaction payload payload_hash=w17JEGkEosWersNkvxDP3U1Dk2LJdZgD+zn5S6aQMgmiGxncO/0U5iv39Vbci7oefippuZFpQdcgFMMN65rYvw== processed in 275ms
[2026-08-24 04:25:01] [WARN] [cache_layer] Transaction payload payload_hash=07pPrVumgyOfTBAanNaeq5w0kGw1KmAW/NjxTz/a6cy9UFcDM7qC2DhjyI7oOQBGzI39QuSj6y4td0fIanV+JQ== processed in 59ms
[2026-08-24 04:04:46] [WARN] [db_pool] Transaction payload payload_hash=/s0n665FsATTLQCodyiIRQohxHi2tIlfAdmIWrAycNEeTI+ccKWrlN2ZYV9qW7DM585rBJ445jXhaBoXZvLtqg== processed in 351ms
[2026-08-24 08:49:50] [WARN] [payment_gateway] Transaction payload payload_hash=R4efHsS06iAKHloUxxp28u8JAU6eMqE2rJQEtGKm8RvceoAMxFaDKaugyAA5dQWM0LlCWEcNMIcBteQNkFJWlQ== processed in 333ms
[2026-08-24 02:23:30] [INFO] [cache_layer] Transaction payload payload_hash=EafDyMcrYCvMTUSl9+S+wFIjogIlgvuRrVf63SOAzjsZMHIs4NQ5J191pTfRu1UXvOHWdWo1ZoYVmnjbLVbf2g== processed in 176ms
[2026-08-24 06:43:05] [ERROR] [cache_layer] Transaction payload payload_hash=KMXn1Jz/YzjawdJorDddb9SVye0+xINXR3mgC/UguA6Q2coC/+/HWqgBhljo/arfX0cnqbsugFDW503CgigWyQ== processed in 277ms
[2026-08-24 08:47:47] [WARN] [db_pool] Transaction payload payload_hash=PivYvHGfzlBisAsBomfifVS4qZKTFBHn9zrBWEWQ/eMLnaMLT/CgwbyqjspBWhCEKU2Mne1JNEayeogdftYkVw== processed in 14ms
[2026-08-24 06:33:02] [INFO] [auth_service] Transaction payload payload_hash=bO0FYgUxig0Kgtx3OEM3fp5mMYlszJk5zWYGB7fmZ8OjG7Sug+p056ZrbbU3uch4Czqsj/KyfVzYHKqHKG2+xg== processed in 186ms
[2026-08-24 09:30:10] [ERROR] [api_router] Transaction payload payload_hash=cUu5Oqol9XADSfTTsKJzzgehSXFNd6OrTX9kApbjL27nu3gR+4qBIDV5hG80ZN1wBUvwNkHOEQ5vHilPMOYl+Q== processed in 198ms
[2026-08-24 08:04:01] [WARN] [payment_gateway] Transaction payload payload_hash=BS+a2lFQUn91m2cjm3ODhzsA+C9K25XDtSHaglVIGnubBlHIu8xz9fIqLz8XPGK+pDe5skqwM0SATcCe9Yfv7A== processed in 485ms
[2026-08-24 05:32:05] [INFO] [db_pool] Transaction payload payload_hash=IKMmphAtU77POIAKFtlHE+9iTsuiD4vT2Jrqebq/q1d4wFjckfcLrbXqZOOpjlZubzkSULdxxj3mhG0yLNBiAw== processed in 135ms
[2026-08-24 04:02:26] [ERROR] [auth_service] Transaction payload payload_hash=AOQQUtrdvE14oEvCj4vD8HGMwAklDRU+k9e3O5VGw29CghJq+gbl0OsW9h+u/QlRUXIrix8vxAQxSSswzAKiDg== processed in 317ms
[2026-08-24 04:32:00] [INFO] [db_pool] Transaction payload payload_hash=uD8RehCtpMveAFGiux2h0VLFKYPBAyoa0nEKLF8EKk76DetidlSEmWGMqQ6WZalpAQh2MF/buCPr9mU3suNrgA== processed in 121ms
[2026-08-24 03:18:43] [DEBUG] [cache_layer] Transaction payload payload_hash=siwCU2B8zS98Ynv7rKYPzdwCDJuhvFAUGGikRp+KA0D/hgetpViNPGwkatMIi98gCp5JA+b/MFCT9Pi9u/RWlw== processed in 108ms
[2026-08-24 06:32:42] [DEBUG] [payment_gateway] Transaction payload payload_hash=wfGMTXJ3wdh+S/P+kO3byluNyQ1atZh2iHjhhhrs443HGD3YgK9CVP3+CVb6a7OxCBqNTClccxvbGXvTGO6iyg== processed in 426ms
[2026-08-24 11:23:18] [INFO] [payment_gateway] Transaction payload payload_hash=aXv1FCQCQtpDC+rR4dmzIDhnt9k7STxpnp6oliN3RBCkLvAYbVJjQURTTfX8nSwth5yzFx2/sPfP3ILzGMuG5w== processed in 187ms
[2026-08-24 05:10:24] [ERROR] [auth_service] Transaction payload payload_hash=w30h4V3GvVMoxt52dSDpIdiPRqnJwp1R52cl+uIStvmGqupDL1Cucdav0J/i/mVfhWrYS9LLH/QqHeUIZ7b0FA== processed in 430ms
[2026-08-24 04:05:02] [DEBUG] [cache_layer] Transaction payload payload_hash=CW0/rNdDJnhnWW/PL0Rcj0EG2jCk4TV6alGNGj/2F/hXEHTB/c64YbfDTzR4tRraovyyldbnxzL7wXA1SW/tWQ== processed in 77ms
[2026-08-24 04:11:51] [DEBUG] [cache_layer] Transaction payload payload_hash=X8taAXXabtq/dUEufXzNHeXGTF3a1cdX1SgWjs5SeemiTBAR9QSrrot72AeB98sLJqREuobYhIIONJG+C6fjag== processed in 266ms
[2026-08-24 06:17:42] [DEBUG] [cache_layer] Transaction payload payload_hash=4VADZBfx0ZuE5Gthk86KLl9Wm6MCTSPy7Je9iqrflpB8+O7o86AqqTzTnscegKLjJyB23amysAPG0WwUWJlLAg== processed in 143ms
[2026-08-24 09:18:31] [INFO] [api_router] Transaction payload payload_hash=vwx9OvkDes5ii6bifrul/S4Eqk1XMEytH4cWp3j0h4rH7xNh0XMlqYjurOz749IOpKw9xntplIbnYBZQI0PGBg== processed in 377ms
[2026-08-24 06:11:32] [ERROR] [payment_gateway] Transaction payload payload_hash=TKkGoy+op4LGqR5jU3KXZqInKoLlPXT8zdmzPo1xWGXEm7lW7IpbG6tbYNwIekLzsCLy7Q5AgBXkR+u7rfBY+g== processed in 222ms
[2026-08-24 07:29:06] [WARN] [cache_layer] Transaction payload payload_hash=tJ8RtijnVbUPZJHx8JC1mKJV/0VsBNpQKuVrmbP/3hpblatbxhsBM9oEhlecJo24SEjMofkYSsC3TiJ/CojfxA== processed in 490ms
[2026-08-24 06:31:46] [ERROR] [db_pool] Transaction payload payload_hash=ev4V3lFyzicf2I/PtanWcaUCb4RGGGSIyotQQjrU/pPeGMNhb/3ZHxKUIqUrCOWy/rvXxhi895Wh1iViTCDTog== processed in 223ms
[2026-08-24 05:25:38] [INFO] [api_router] Transaction payload payload_hash=eOktDZD1lzk0fbb+9kw0N4nbhbkRhumSE2alwlXt1Egf9D+Xx5r7lFjdbU+Hyx+HNuPlsh9Vxy4wpWw59pYCsw== processed in 144ms
[2026-08-24 10:30:56] [INFO] [cache_layer] Transaction payload payload_hash=EO1aPehB+80hI/BBxZETLfaZ8LQ7vPTju3ZFetrn2YnVRdlMVP15tkt+JTG97nlna0lPCvbR8CBUivTJ5dBvPg== processed in 480ms
[2026-08-24 06:07:00] [ERROR] [auth_service] Transaction payload payload_hash=inSaPZSJ7zgpiZUNlHdU6F+tMKVtNlsLIhQLO6yoE6hOJ6zof6Fqd9YKN9feRqSH0Y1WQ/HO3ulvke1JDTg/qg== processed in 101ms
[2026-08-24 04:41:43] [WARN] [auth_service] Transaction payload payload_hash=tQAcZw/6tg2snt7fGJbmU4pNbSmz+QRBdTuaYUSAXqEgXarnytDoJAXSNjQBWNy3Km8dvYFY4YIjWoETmhxUEw== processed in 343ms
[2026-08-24 03:42:52] [WARN] [db_pool] Transaction payload payload_hash=dtkuak8bYI8TNvkDkOnHQFrxzSyYqHt6u6SZFyojGUsi6OqusvlYG3+czTZKbjBVYPO4FQzwqDdVO0d3GUrRDQ== processed in 457ms
[2026-08-24 07:56:43] [DEBUG] [cache_layer] Transaction payload payload_hash=u7t5w4+JuDScEvUCZOEDHlil96XnQwjMoiMyH96EZw7c7VWiTR10la/pTbtwhlKevBI1S1BtLt/B24Z6QzrG6A== processed in 97ms
[2026-08-24 03:20:43] [ERROR] [payment_gateway] Transaction payload payload_hash=YZCUs9YXwnKDiACSxlmGNefku+E53UnQnb7WALnOt/llYmNSOev7C8iEXfEf6peHfOKUA7UjdNKaOdHa1dVcWw== processed in 439ms
[2026-08-24 04:18:15] [DEBUG] [auth_service] Transaction payload payload_hash=eOqGaHQ5Vyr99jduQvvRQBC9w1hkAa8kCgVlT7ZYWYfSxmoKfycHG+NvWRn9PccGAOaVOrCPerTnWJOgLETvRA== processed in 162ms
[2026-08-24 04:37:00] [WARN] [db_pool] Transaction payload payload_hash=4Nm1ehIPDdjQhb/g2QFKCRGzb0e6BIfKJnvQDPpUdyQ+fUkcPGTs+0YG547jMUtyxUxFYardTK3fpCSCcYfang== processed in 326ms
[2026-08-24 07:03:52] [INFO] [api_router] Transaction payload payload_hash=uV2eUJGmWJFmFIwMIUIiT+sZyGcu2hjveqtHZNHzCbShhV4kmiQ7w08lPomZmksyhgbstRO0gv47XaDa298GcA== processed in 57ms
[2026-08-24 11:08:22] [INFO] [payment_gateway] Transaction payload payload_hash=oCgpaorxOmBYl85CS5riNB8X5D0O+UoOnyJulg8qJQO4c/G84X+pRqu5xeRtRIWE4RQaYw7Be4uzNWxVTsk/JA== processed in 463ms
[2026-08-24 06:38:10] [INFO] [auth_service] Transaction payload payload_hash=NKbrHzsCUG7HCgGWyLBUBQ+0lzMWdofP95K+bUp1fQeqzG74dCmsYMy4GhZ8BMgaMv2qxeHvPy/koozCA298Gw== processed in 17ms
[2026-08-24 09:09:40] [DEBUG] [auth_service] Transaction payload payload_hash=OXK2kOL68cl4huoP8blAOYAXKf4U+IQQI6Kl5U1wuAFcr858noFdd15E16kq21vOBkWvj9xxfYT1mC7iEr0VbQ== processed in 135ms
[2026-08-24 03:38:23] [INFO] [payment_gateway] Transaction payload payload_hash=VLa6ADtlxoK9VeV1HTdoEXivEeGB77wge5bPG+ZpQYliKeIM4O+tzzn7VhzBlbWFYQBUn0Nzc3wVOQUOz61ILA== processed in 202ms
[2026-08-24 05:05:52] [INFO] [api_router] Transaction payload payload_hash=FiawZsZCvX+bDnXRwk9kS7aJqnAwTp4j4Cso1hA1eOEcDu6C9EsNb7BQB1l6KjTO5Dxty+Ih4WdXytqlnMa/Bg== processed in 304ms
[2026-08-24 04:41:47] [INFO] [auth_service] Transaction payload payload_hash=v2uGRO9yPkSPuc5F/Xomy8xETjCzMVScIcvHqTd/JiyLzhm37v37m778tNHLf56BlJD+/3bBlnFvQCBUICMQgQ== processed in 10ms
[2026-08-24 06:50:18] [DEBUG] [api_router] Transaction payload payload_hash=FDCCya75s118FiKFSzQyipHQPH0L+6+67j27tkTz/Jd2045xyPDSkVvdGDZjJmXr4I6xdLVup3qAhgnwT2ZwFw== processed in 345ms
[2026-08-24 09:11:32] [DEBUG] [api_router] Transaction payload payload_hash=MvjRKewqU4v8VGiPg/BMXytDJeItvMEfvmM68S9wNdg//ehQTPKTWx8/UiDD2ZPMKhLRB6GkBy1d1yL4SVKu5Q== processed in 184ms
[2026-08-24 05:54:43] [WARN] [db_pool] Transaction payload payload_hash=Tl9zV5pmQ9yq03lAz1Ac8nesJGWj9S3ExT7ivJeORKowc9bx1AhzydyedTJG1e4pzRsa5v7bun2zO5KMbNsFEg== processed in 267ms
[2026-08-24 08:07:23] [ERROR] [cache_layer] Transaction payload payload_hash=P7RfCiyXHVRBN6yibIPjW+iq5VbuXf/949J6wkuT3m88/tKY+gylmMeHlNNfB/8IAQ9IsnCITG+0wbCVpaKfTA== processed in 428ms
[2026-08-24 08:47:11] [INFO] [payment_gateway] Transaction payload payload_hash=wpcv6OZEmLtdD6YjmasDMvPAt660JL27Xq665rHJR8N75nFWbJU0YNrhlR4kv/CHE5LbvYLnOK6gDAxfPwMENQ== processed in 406ms
[2026-08-24 07:22:22] [DEBUG] [db_pool] Transaction payload payload_hash=TkvxGuUOteQ3Y8LfeWuO1tOBmFsYga5d5GZnYtxRsU4mZTMnYvqdDYZU/ioMq1M4VqytUwXje7R7n4p6AOLqtQ== processed in 149ms
[2026-08-24 02:37:38] [ERROR] [api_router] Transaction payload payload_hash=ec/CMdu6oYazdT9f32/F3mg9y2jBIS4QpXgHQ81Q8lItKV4L1/SHi2JDwYErvn9TPC21Pxkdf+qZSf6Vlmv9bA== processed in 423ms
[2026-08-24 09:12:24] [DEBUG] [api_router] Transaction payload payload_hash=HFj9hfQfwFlAitROMF09vUkO8YSDWT1wM5F3fB2Ui+QJx5jHas4wAKOjZUy2QspBosv4Y/O96UFMr7s/RL0hLA== processed in 8ms
[2026-08-24 10:23:44] [WARN] [api_router] Transaction payload payload_hash=9nTUIiedy+l6RhMU3539gEDH/qKFRC8vDkZoFypptM5/PnB9yzfYUx64h20vOnWm2bb1+947z6P5H2WNz+0kmQ== processed in 215ms
[2026-08-24 09:59:56] [WARN] [db_pool] Transaction payload payload_hash=NemlFYQkCJB1Z2VoignlhnKUH2pJq04+vLr/YKbKNAO9xaYKeAJiR/FjMAHvnhajZ1RF178jS2e0EngD9AIctA== processed in 370ms
[2026-08-24 05:31:37] [WARN] [api_router] Transaction payload payload_hash=jXnO+V2EavmLn41GKiFZ1iPz9Pan8TZqvvyertIQTfhcLOLnztwoMGaZok6GjNfbJn1bsiLmwWY++9DB2wrhPA== processed in 396ms
[2026-08-24 03:29:29] [DEBUG] [cache_layer] Transaction payload payload_hash=tnvLErkuG28KfVvm7htKFvZQ6gKS+nIUFLHluQPc5jSpp3g3G05eWwYDInXatq0NoC2uvFlbXCME06ys3RikyA== processed in 178ms
[2026-08-24 10:54:25] [ERROR] [db_pool] Transaction payload payload_hash=LpMvQJJn7pu9WluGOcHpK0YjAaU8MHUtKIiLQbUDcJNbQBpa6lsHRQvDdJ2SJUG1ZhawWovUcpNgyhVjMu1wHA== processed in 290ms
[2026-08-24 04:46:04] [WARN] [api_router] Transaction payload payload_hash=5rDzMHctL0sHkCDqO+LQ2XqzlmZ6yBVjHWMDhKm3EpJ0l5C2SGJG8eEm58K7dG4CAXpW15joge6NWbMFZ9oPvw== processed in 156ms
[2026-08-24 08:19:39] [WARN] [auth_service] Transaction payload payload_hash=32fv13e64kLx9tT0S+iTM7ExHqroRBG8MKGuhKz6oU7z1ziAP5T5J5jvsRJ/J3AIzB1R4KdByvBP1V0WB9NlPw== processed in 470ms
[2026-08-24 05:20:35] [WARN] [auth_service] Transaction payload payload_hash=h2MdkAb5ZRAstzJEK7lJfns+Edvd/Q2xuQa2oMaeG9wLiz6hwsmAj1JkLBl5o0M3oQ7q9wue/ZZ4yoiDV1dllQ== processed in 71ms
[2026-08-24 08:15:03] [INFO] [cache_layer] Transaction payload payload_hash=Kp8TW22vW/xZz6cVsUf5NCfUVQlucZz++3uMwzBMQXmnBW4p2sMbt9Es42Unck8snFzLodm6EsWq5dUbrDGyZw== processed in 310ms
[2026-08-24 03:27:59] [ERROR] [api_router] Transaction payload payload_hash=iLOwKg+DkbLifVsdUD0EcOI+2j2Kxa1uVPO5jZW75x2OfvCuCYmT+AhBi5Go4SJOvFTKKKEmYlI1GkGwGDm8mQ== processed in 312ms
[2026-08-24 09:57:39] [WARN] [db_pool] Transaction payload payload_hash=PYzYS2OMAl3FV0/Um3gAg2oMvP+WNprGPN7qzUItbK/tx1eKOi1YtAf1uXHFTNCVMqVNUL2yj5kqmhceUmdTBQ== processed in 431ms
[2026-08-24 10:42:24] [WARN] [db_pool] Transaction payload payload_hash=8U0rvfdSArcLymjdt73VaRttPXZRSp2qHEFJ37TVNF04W5A4vs9MU9Jc0BTeUuFkPhUes487mHgxS9td1Y18mw== processed in 497ms
[2026-08-24 04:17:46] [WARN] [api_router] Transaction payload payload_hash=F9StDA/tqSpemZrAi3Z+W7RhI/ou5QYvG8aafhGgvhtXY6ycKPnOL/syHGYkyyfhiDXAZs8orYSsnHFWkFHF4Q== processed in 300ms
[2026-08-24 06:13:44] [DEBUG] [payment_gateway] Transaction payload payload_hash=rnmGt/NDK/DmEDO9Ws6WC4RuRjnRW1ntDs1VoUvEueW4Pv02C52nyKuyR46uZMB0hWsV33Gaj/IcwE234IrLVQ== processed in 482ms
[2026-08-24 02:46:27] [DEBUG] [api_router] Transaction payload payload_hash=AoY+OAb8VCNlnAUMUzQ0GnE6YAwhLu81WWZdCIIiZpongJqo8d2GSNxgyvPsPDNuYAca5uGUnVFYAh6OZx2TyQ== processed in 392ms
[2026-08-24 07:09:09] [INFO] [cache_layer] Transaction payload payload_hash=zhuN2h1/9RNjaTCDLeIIigPiQxfvZtcxH3XpMRKwYHRvbG0sGrYd3kCtAwvPNpNUmXP3AyJwYwPdlE+6NHoyog== processed in 219ms
[2026-08-24 09:27:58] [WARN] [auth_service] Transaction payload payload_hash=ViBwuo666pHP7QQf+KT2zFDMIEhQZj9dHhrrcauIanQ0b7SFAskLivlaE/dzQVWuV+r3Hxc9LMiPW1hqtXOg3g== processed in 486ms
[2026-08-24 07:46:17] [INFO] [api_router] Transaction payload payload_hash=jvPxJi6QcqQrETmb+yQY84ILrkM0d6dSEhHVTLBrp6zazhj8b/DnWGXBsrWG1ccko840PgCt4ApZXyRyks2Nzw== processed in 347ms
[2026-08-24 09:37:38] [DEBUG] [payment_gateway] Transaction payload payload_hash=OWmaf7p9P3m0EdLWo6o0CXERJ7l/xNx1feaox4Ir7zMEknKd4a1S9nXFEGsS0vbpuGk1/Q8Mn/xv2lqI1efS1A== processed in 397ms
[2026-08-24 03:38:31] [ERROR] [db_pool] Transaction payload payload_hash=p3IlquuhadlDzHesqCdQU0sK7+Pw4TAaCuPAXK1/vkDIpFxMspOh/Fb5JI2kxdSN1Jxz0WC98JZ9hHQyyVeQaw== processed in 202ms
[2026-08-24 04:59:10] [ERROR] [payment_gateway] Transaction payload payload_hash=Dvp5PoKPaOmep95R1KON8DOu6Af+JPmoKt3sRi8CbgiARNxnpaPpP6RjP+9sKAjR3p0k99U36fs7aB+I8krhqg== processed in 486ms
[2026-08-24 07:18:03] [INFO] [api_router] Transaction payload payload_hash=qaGFZSfQolVMkoC3J4/StaT70watEUoBdMjZoYCq46duHPO8TnuG7JQsca9DlDWp7MwZ9VpD9KhvF8ailIl2Hg== processed in 114ms
[2026-08-24 04:11:32] [ERROR] [api_router] Transaction payload payload_hash=azRF8oSygxPGiRGPzJbMpqB1T0V5JZ70qWy6SzHTYiJqSwVMP8/JoUNaqPG4wIgHGGET3iTrQU9e2UIiCUARHg== processed in 322ms
[2026-08-24 06:10:05] [ERROR] [cache_layer] Transaction payload payload_hash=maYy5ohBNcyw/9Wd7swrsQKdJQBEVWVcriWmVW1WMTzfb27m6xkBlYX1wVo0iivM3MgYjvmb6iapKwT7ZyAFgw== processed in 141ms
[2026-08-24 09:04:10] [WARN] [payment_gateway] Transaction payload payload_hash=cLdh20DR9VRDPPcWUvbB0UNjqCl0dfTPre4fjXcHVHycVpwIHF5ylVy8LSC1CZGPHJx8wlUsXKXCUX/q9bNFng== processed in 348ms
[2026-08-24 11:06:01] [INFO] [cache_layer] Transaction payload payload_hash=XwkaeB6mxk54kn+L06ssJ0iWHmNpkMNpqxxl2JwU9/GMlMbK8K+zB4sXSxzMkHRDwpMwIGC7oKYCgCFZtyN8gg== processed in 379ms
[2026-08-24 08:08:40] [ERROR] [cache_layer] Transaction payload payload_hash=ritDRt+ZXxkb7onaF/tYthfV8Vwli/0LnMfXdPUZ0usiBiILebInViJd+NqZy5bEzSIsa8iah4cYWliRd8uFtg== processed in 475ms
[2026-08-24 10:44:40] [ERROR] [db_pool] Transaction payload payload_hash=+EDCITAqUzrdm/OTMBhmlfvbjYGkPC3TNMeEkUmbJH7lYJWzJ3eE3man3EMKwvYF7kV9JrzIgYxwt56gwJfQBA== processed in 4ms
[2026-08-24 06:29:18] [DEBUG] [auth_service] Transaction payload payload_hash=nTqfdXYOsWH01MKCNrtIw+d8s/ptKrRfXMQw+X5hUryHbEp3L+wuuA3T9c95bEofN2bKkZsD3NghRGm3lGvcXg== processed in 306ms
[2026-08-24 03:04:30] [INFO] [auth_service] Transaction payload payload_hash=UBueXAKTwzYSP4JpeZKUUdGeLX3Lzr2mqMSrahNpaxRDTk8iA5ZjsqO7REQwKDUdrH/jpUIwO0cbUr3hyjNjCw== processed in 474ms
[2026-08-24 08:11:51] [ERROR] [auth_service] Transaction payload payload_hash=mu07h2wsNVNS6WMWKPiF5oGufvnj7JQCpXh8uwJyM9Axw/zh1Se21yg3BfnRr/tSgtmHGz13mZfkFjbnG5y3TQ== processed in 68ms
[2026-08-24 08:25:20] [WARN] [cache_layer] Transaction payload payload_hash=0BJVyQt7GZXjKFcM61puuM1M72iQzk7oqh9WIcebbJOkICju/x02RX6XenW9CMwd5ci3BCSRDM6UVmHX6v6SAQ== processed in 451ms
[2026-08-24 09:36:10] [ERROR] [auth_service] Transaction payload payload_hash=eiYmNAnn1A4WzlmTSnwb44Rd6Y5Vw4PcevUzL+jKIMBIJlGJ5xxtGWrX+ne4bZpoiVaWqACABaOTGi78NNH9KQ== processed in 129ms
[2026-08-24 03:39:08] [ERROR] [api_router] Transaction payload payload_hash=5Krl2McBi6vXd16uB0t74431EClohOEUYax/oq794lNTh2tzMBcz2xcNK2porV9iywwOpwI8z8y/Ix4py3PcZg== processed in 437ms
[2026-08-24 07:34:21] [INFO] [db_pool] Transaction payload payload_hash=Ymq/xqonPQybVowsYDHT8RCVjudE3q/7CN0STPANsQkB9C/KL9/HsPgAhtJIe9EcfzGtoR/NoQ+314c7od9Z2Q== processed in 349ms
[2026-08-24 02:36:29] [WARN] [auth_service] Transaction payload payload_hash=ThMwAMaKpQGEPX9Rf9zqZ/3R5/Aj0c7ffSCdjpk7vZGQ9MzbG6DVW4i8SxgDUnEIjsreVkmioNR8UrJ7qYiQIA== processed in 331ms
[2026-08-24 07:24:27] [DEBUG] [api_router] Transaction payload payload_hash=pJRlJRR0SdLgG6hODvliAYtnVLGeSO86Nh9mijj6nAoxRZFv5klWyocgTyN70MEpjux+bIduetbqLOJlCptg/w== processed in 486ms
[2026-08-24 10:18:32] [INFO] [auth_service] Transaction payload payload_hash=69Z3g+LDn4AVdEy7f1xNrx5+L7PM8Biu/xpY6z08qex0kumq3PlipRilfwYrVqZiTEJyQHsdlkqWVQu8nanHNA== processed in 334ms
[2026-08-24 09:16:27] [DEBUG] [api_router] Transaction payload payload_hash=ae76tuc3M36KBib3D2FIOPB0VQI5vfxcmYGxEiIzcGb9VrN+MBo34DuL724aBRqJ5UZi4QjoVEv9fN7UkOs4PA== processed in 301ms
[2026-08-24 06:13:33] [DEBUG] [cache_layer] Transaction payload payload_hash=m05b/SXGczluHjx+MB5PIClsuakfBCkkTVIMp9Aq0NlMVhoEnlJS2ZssEHvJ/SNHtBTFO1nHggXxos35qnie4g== processed in 153ms
[2026-08-24 07:57:25] [INFO] [cache_layer] Transaction payload payload_hash=YOCl1E9ki9GhKfk07pFlZTpvy9aSvvfyFQ65BCwSks4WinonUziP9aESyONhPTnHYXKssEOqXhvllXFUGSaUiA== processed in 363ms
[2026-08-24 02:35:45] [WARN] [payment_gateway] Transaction payload payload_hash=w6Xd7bOGCT2f4mC5YiCCoq4irzj38BMQvrb6liOnnxhBa+FkKGkkDLNxJc5rWbpd4PeJKC94ctiR1Dn8hcLt2w== processed in 344ms
[2026-08-24 10:41:32] [INFO] [db_pool] Transaction payload payload_hash=TDdjqVlk8iuRHxtyqDIJ9QkKgI6PGBU6saYVQ6/ySW5rzrYrDfBP+QdnVIIGtCniZjPs8ArEiy5XTJeLHFLF3w== processed in 385ms
[2026-08-24 07:52:34] [DEBUG] [payment_gateway] Transaction payload payload_hash=Jvq+Xrjz+euUhf29ZVUARfTsCab8KBR/ih9BuNEyhNR+WM2Lr1QA3u9qqJnF4XQRFnnGXi6+EzbYNMkPgMY9xQ== processed in 257ms
[2026-08-24 07:01:34] [WARN] [payment_gateway] Transaction payload payload_hash=YpEPwruvFrTCNrokEyfUnio5GNPHUpOOCeUxpRoho2vyzOSAI6+ROVY9IRxtfEoT93dUojsFrKC1fjictEDCow== processed in 41ms
[2026-08-24 09:48:12] [DEBUG] [db_pool] Transaction payload payload_hash=PTCfAeERVbrCr9ol/xlCN+aXLvLwJj98GK3UeLjZdYhG2z5f3AT2rzZ3HJXBQtL6IBciH9Gw/SB2H0TTFyqIiA== processed in 152ms
[2026-08-24 09:33:33] [DEBUG] [cache_layer] Transaction payload payload_hash=9kqRXaC4iVyHxzfk3gvudU/6P1kDu3AZz6K9SPQ/QevMjHCZ323S2RwxaqFYj5qqIqari6EdI81b1KJ0my4wYA== processed in 420ms
[2026-08-24 03:49:11] [DEBUG] [cache_layer] Transaction payload payload_hash=Psrex7YXtliitGZfZrUCq8eZmvFok1KvSpwf/EtGGcVaNDF+VVt0XNRS613ZmoGYtGzVE4zhWKfYyJaSmWUi0w== processed in 339ms
[2026-08-24 03:34:46] [DEBUG] [cache_layer] Transaction payload payload_hash=lfijgOrYo8EWUcC7yjqwzK4UBFrSUvGdeImgHuwMKGSIyQwe74gNHO4PF84W5xZUGiv4yoj5tssd99jdFC1gvw== processed in 33ms
[2026-08-24 07:58:20] [WARN] [api_router] Transaction payload payload_hash=AeK3qChCk34nfF5oYU93DuBe1YCCNzkVuZ4JXkYTwbywjlM63HcwvcxM97NPGv42R3bDRRaL8/nmL2q5wBecXw== processed in 206ms
[2026-08-24 02:57:03] [ERROR] [db_pool] Transaction payload payload_hash=RznrnWAzevdEUTeelVGNNTVauWOuqdfwaZ7zaBjiZg4hP6SNG2uOm7TgMK5cQloKGf/ZRXfRZ5COifgzEPzAjQ== processed in 218ms
[2026-08-24 03:10:35] [DEBUG] [auth_service] Transaction payload payload_hash=apf7NMq2b18rny3sPpxGZvz9m47TISbYbNEaVcsJGpGPeLlDpL0QZBhKPaRGdhxJPCbwoVxkvxgVLa77RO1W/g== processed in 324ms
[2026-08-24 06:10:10] [DEBUG] [db_pool] Transaction payload payload_hash=8ldMWyxg5024JrY4u+pCtBWOAR0CDo3TUdkztmdF52QQm/hqdnw8iH/RLD7317ta8Zy6baIZGAS+UZwLSIrPRg== processed in 372ms
[2026-08-24 10:27:10] [WARN] [payment_gateway] Transaction payload payload_hash=CyZjsKvVovtzTQEBiM9PTbe+abMvzobfpfZuRFc68zY+zhfz7k7+bZilpjfGduZ6xIjwnVaW4LGNNZrX2SWdoA== processed in 338ms
[2026-08-24 07:41:17] [WARN] [auth_service] Transaction payload payload_hash=C4ntXPRl0yMu+2RpvzZnIkpYx1QWS2e0gvVIq2ehA/ilf9j13zu9DfAFe/e+68MqTLUBwRBUZwy+gKPaGNvPbg== processed in 325ms
[2026-08-24 08:15:44] [DEBUG] [db_pool] Transaction payload payload_hash=UIUeOiHGeaQJ1OJMH6CXwAxmj84J/KoftzJwV29SQqp7v+l4a62OvpisKUGvhZIzsGo0oTHBgBc+CLAT4tQthg== processed in 116ms
[2026-08-24 07:02:09] [INFO] [auth_service] Transaction payload payload_hash=frv9HGyZpNxjDc0ACd+hHgYxfmnz1SLe5FbFi0hIm0IUfllxuzdFnjLoiQ1T72nOHWTCN0GUJf5/IC4BJQqoIA== processed in 161ms
[2026-08-24 08:06:07] [WARN] [db_pool] Transaction payload payload_hash=wyem0pJTkAu6TyRkC66fgR8UgaXA3ZPnVpmGHxap+SBDwpoTHhf4R3Bjxh9TpP9ynKIeYoZyfxTlB4T5tux87Q== processed in 129ms
[2026-08-24 06:21:10] [DEBUG] [cache_layer] Transaction payload payload_hash=TYxpo4lBmGO2zQ5T0/dax7TKEsEliyfVtfG4DdsRF7E3icnPYzObT/9dZ1gACDuDVR9l78BNNXwtbcLiwfApiA== processed in 445ms
[2026-08-24 04:48:18] [INFO] [payment_gateway] Transaction payload payload_hash=ct+o4j80rcmwG7Vq7ug4Krvqr7h9ROQgUJlxSbXoMJYwzHSx63USkUNWVsTyRjRxBv5XpQ3copLKOTbA2Fx13Q== processed in 122ms
[2026-08-24 09:08:09] [ERROR] [api_router] Transaction payload payload_hash=8kf0AmVKI7tAAWmL44U67hx2Nr1dr2/GGY7CyGG0mUc3YRjsr15SfInEWRjM+VIF+WskzI33nPgLWC13ynahlw== processed in 308ms
[2026-08-24 08:30:37] [INFO] [cache_layer] Transaction payload payload_hash=tHgJwTH3Fq25iJgXCxRWDo7ydh86zIr6dBp/UvHI7j74Ol/GlThl9LsSYXwaJotLbZICLwvqSZbeuycj2s1aNQ== processed in 265ms
[2026-08-24 06:21:34] [DEBUG] [payment_gateway] Transaction payload payload_hash=UxtcsPdACq+U81Ag1vLUbE9SlRum1Juho3lflj8LYvth3SHinwSkEhXCedkKyjC6D/ciQ484ooT2Aaa1OYlRqw== processed in 293ms
[2026-08-24 07:46:30] [ERROR] [auth_service] Transaction payload payload_hash=g+kyjacx2iZ7QrwWL4zbk1Kn3OEi84SK1IzhwVuBLJ6doaCNHzoQW9yl0j0WuwMb/JDvKf7FXEC8wP2NHkIS8Q== processed in 372ms
[2026-08-24 10:26:43] [INFO] [api_router] Transaction payload payload_hash=5U0lzDIJvZYy1ETM4vdDWbzIS5Yg1xN4Cdo914bgjNyc0oRWcacN9DJj2vrP4ieDIIURB4ZBumsU6w490tlBlQ== processed in 332ms
[2026-08-24 05:40:56] [ERROR] [db_pool] Transaction payload payload_hash=DKCeZKau09XFvx4MJDVQUHVxQiGcgG5XtU3F3viQxbXWRyNnhw8Uezn1voac2iM3j8yTMt0lpWivbYZXvlHi6A== processed in 276ms
[2026-08-24 02:22:44] [DEBUG] [auth_service] Transaction payload payload_hash=VbA6orOZX2H5UZSkPSZl43eFph2MJn2yDRI2CJ+oHkq0VhTVhIZzFpmGERGA3oLaqRgAgI8gMJIw7/5sveJA0Q== processed in 487ms
[2026-08-24 10:50:20] [ERROR] [db_pool] Transaction payload payload_hash=5W7EHH/L++KlHPzZ9Lay1cDTaHHE/kdKdcNPu3mgcdj+z1WPOdcgMOef+1xWskiJM7qJVo94hxo32GPjkwQg1A== processed in 75ms
[2026-08-24 09:26:16] [ERROR] [db_pool] Transaction payload payload_hash=PEtnZVopmy+8iaNNTndfCusF10uXGjCK9A37mPu5mF22S8cRdZK4T7/iSzjcfLm0ZlaaTYx8u5f1igT825zbNA== processed in 416ms
[2026-08-24 05:40:21] [WARN] [auth_service] Transaction payload payload_hash=9tO/3T/Gc1bcGGW2MwVeh80GuInnpZ8sYYfV1zHW6CCx+O0/4zOr4KrjMQXuKWpmIhampmzHOr9o54zE8qOCwg== processed in 358ms
[2026-08-24 06:18:34] [DEBUG] [auth_service] Transaction payload payload_hash=rqljGCJKd5rm+J2579AHDb4UDHbd7jaba8yEC9I8wfrVgL8weE9q24QIs5XC3S9iDsLUWu8E3TDbqxUNlvdSDw== processed in 51ms
[2026-08-24 03:08:42] [DEBUG] [db_pool] Transaction payload payload_hash=X3eKHfaAN9cJi/EKcIF7pia721leoLYtIQ1900QR2BpCWAQ7I9Hr6ZAYzsbY55txvwN/nzbQlJupeV9SfhxVVQ== processed in 280ms
[2026-08-24 09:54:58] [DEBUG] [payment_gateway] Transaction payload payload_hash=RWfg7uOnalJw9GnxaOXGnBniXtmAVfkAZW5v9caynA1VeFKaZTLOynEvb1qmifCT8HFvI3qp8j6A42CHaIAURQ== processed in 228ms
[2026-08-24 07:03:53] [WARN] [payment_gateway] Transaction payload payload_hash=KYmbmHAvy9fHQrb3vk48Wk7aFbiVaa9Ga/7jkXEDAN4JrKhdSctFecooGmFjPP5EzBTBp1YIElBlJXDMcDS8Xg== processed in 328ms
[2026-08-24 07:56:32] [DEBUG] [auth_service] Transaction payload payload_hash=yE+b7ZHLYB6s/oKtwWdBI6jByHGrxn0o32Op3cyimcV/eT1HPLTuzQmzP2qYMkQLlciaLXM1B5Sj7cRTkQcSfA== processed in 110ms
[2026-08-24 08:14:33] [DEBUG] [payment_gateway] Transaction payload payload_hash=eG8jl/N+JTlI55Xdy+aB8+e2jgrmP8JYV5TR38zItax2odcbT2WyJqwtcz969GWoZ+mfd/DvVRiclSKAV69DFg== processed in 321ms
[2026-08-24 03:28:24] [INFO] [api_router] Transaction payload payload_hash=x9pO4dkxlj85B8w/2ToPFikWFUQVq5Q3JO/NLZPZ9EGKXelijb9KRYlhur34g8DZJrgYYI9HXcClnM6XbBkMZg== processed in 93ms
[2026-08-24 10:06:19] [INFO] [auth_service] Transaction payload payload_hash=jiestz6mkhZgUxUaJ7XLECpQdZ6czE/NRHlON+kNW2jYPcVshwJCmTJIpo4IVRFPRS5Feva5/LN5+csmPy3/jQ== processed in 461ms
[2026-08-24 09:23:14] [ERROR] [db_pool] Transaction payload payload_hash=CUCp+9V2a5oiMvmE1EqdhSMFUgt74HxE2Z6gABdvTIPsaO9fqXqyCdkkzhmc0EQdbl3lYfXFzn5ntTZEDpG8fA== processed in 447ms
[2026-08-24 07:44:49] [WARN] [cache_layer] Transaction payload payload_hash=7uGCX9ueKyW3m/Vsc/1TmvXU9S/OETKtpapLxqQUyFr+8WLt96ZpIpATx7onJi/sIvp5dXIufPcTAHIxsrTgWw== processed in 176ms
[2026-08-24 03:14:50] [DEBUG] [auth_service] Transaction payload payload_hash=tO+lDX0kur2lD/LxvHLwCW8gPpbSlz47KCeCvWtX0860tVEvQbTimppumBGJ7x1PuRnqrfNYtDW9cSOtgVzqrw== processed in 316ms
[2026-08-24 10:00:59] [DEBUG] [api_router] Transaction payload payload_hash=6fG3qcpFCQ02zrTbtHU2G0RukcsOtZODaCbvutJXbK8vX3ljqh0juNnTnq/jpVK7/0IFc8w90o45kRVM5D5jsQ== processed in 38ms
[2026-08-24 06:00:33] [DEBUG] [db_pool] Transaction payload payload_hash=6WpUUJaS/m2m/3FSsJZKGyA17oyn3JmN/9+jYsBf1fSK7X6mE1sJXrLOvfFuWQkHcJ8Fq+SuN9iVvRwB74LqJQ== processed in 335ms
[2026-08-24 07:40:00] [INFO] [db_pool] Transaction payload payload_hash=X6MR3U+O+gBX8sCOBlRxSJtJgga29AntO+ZgxiHxO69GK7P3Q6BXNWw9DIpo/E/JoejNBOEyUtwUVUpdKAEYtw== processed in 123ms
[2026-08-24 07:52:53] [WARN] [cache_layer] Transaction payload payload_hash=y556bAiz6ZpArVcbKfVA30uxlwXkxMV9qFXEIi4RPzln2qoYRio0G+Nw89pfWbm3yLrXtXK7bGXlMKvyPWqUjg== processed in 302ms
[2026-08-24 06:21:21] [WARN] [cache_layer] Transaction payload payload_hash=KWLEFI0vNPa51Y4g/RLNMOOd7PhRDDz06jCYaus1UNcMxt5u/oLkttZxwFVsvht5qd6nV948bV/33Do2HPTSxQ== processed in 124ms
[2026-08-24 10:25:56] [INFO] [auth_service] Transaction payload payload_hash=AnTkKD8JRDJTlynaKupMYGsuN6hd0boJsJttNcw50o6MPvzz33xdmDE44T9CUR/BtdJcWNqHkS6lMEeNwQ5uXg== processed in 314ms
[2026-08-24 06:09:27] [DEBUG] [api_router] Transaction payload payload_hash=PfRhsoyTzx9qXZhK7RDQqfhRW+WbGBpg07L60IAaHRM0GtmuVfaH1Zbn0tq+i2heuaFzOpFxQy2LkTXvTzn+pg== processed in 391ms
[2026-08-24 09:35:32] [DEBUG] [api_router] Transaction payload payload_hash=z/X190r+MUqTxw63AnRaipYSKx08xWh0CWJPjF/0le4VAqlytaHV4G+Ris3J3uqiXWVl/A54Bm/vsalSw6QhDg== processed in 495ms
[2026-08-24 06:17:44] [WARN] [db_pool] Transaction payload payload_hash=8C4K9dhye42KSr9a+xvuqei94xdS1orosoHymGIQ6nI+OqfFkgIkpHD2s4XjottNcg1pt5x4q9m3hNDpYVdb4Q== processed in 458ms
[2026-08-24 11:17:46] [DEBUG] [payment_gateway] Transaction payload payload_hash=eWPTzqGdpIjd2Mo1vw8N2Uzqtr3Ch5rigJxOQxS7Y3lIPTjntNvsJIkwwMtdR3gPNPHPUpKLuI1sKCGbWl3uyw== processed in 28ms
[2026-08-24 03:07:58] [WARN] [auth_service] Transaction payload payload_hash=qFqWErS4uhszGrfuk5PKcczq7xv0+hGOROmL7by7DOgjMgQvX3cp7GCD0cG3rHs2yyIQG8ZdXBwgMWhgMpl9zQ== processed in 393ms
[2026-08-24 07:02:01] [ERROR] [auth_service] Transaction payload payload_hash=N4syJpUlCSdIugM7Bql+0ZcUwJbYp2lwLp/4vcs1GGt0hS4hIY0HRG4PL+zT6Zbzcm87a2q8+dO8P5zuaxERfg== processed in 113ms
[2026-08-24 04:36:00] [WARN] [cache_layer] Transaction payload payload_hash=STHvzBUQzSdP0S3QaKuGzLesdEQdmGOmYltVgP4tgUbirCPg4gUucKIFwPGbsBdPFVHvFwpQUuRioa+58iTT7g== processed in 216ms
[2026-08-24 02:25:30] [WARN] [db_pool] Transaction payload payload_hash=E2a9TNT1GmpV2ZHPR75p6vrPVRPolvqzFgAs9/yiSq/bSKR3WD/T/KGrsyGuBhPl3XL3DjOcVH3uocZJ9juksg== processed in 371ms
[2026-08-24 05:50:36] [WARN] [cache_layer] Transaction payload payload_hash=KZHb+NHN/KS6uE19Q0nPpSR+KSwJjxnnScioDE2+h5AZ0faGZT7Vmuj/obzm93TUYDTfFtholMZp1e5PtUsutg== processed in 8ms
[2026-08-24 06:19:37] [DEBUG] [db_pool] Transaction payload payload_hash=HAMfk38k3G/1LDJiBI2tYDWmOsOdZ/1Zds0kCsiFPYlCYv9QxnqApFkmvblFogRigOHN7Q3ZPzv5aMp56vuwGA== processed in 296ms
[2026-08-24 03:29:44] [DEBUG] [payment_gateway] Transaction payload payload_hash=qZFgLQQDdmVsCnqMS1NgRGgR4kg1N6v55FksMfUqn2M8JpT5gY/gvTLu5bvugkVvXTZ8F2UreJPkFNDV9pTjDw== processed in 76ms
[2026-08-24 02:36:45] [INFO] [db_pool] Transaction payload payload_hash=BPsEAywGvOu14VCS1Sc7yLQVH9VxS2CbqdnTpWbb6IDGfIbTrfhuC5Y8ZZiCkqmON9tz0fIpePA8XGHRu/j09w== processed in 193ms
[2026-08-24 04:18:32] [INFO] [payment_gateway] Transaction payload payload_hash=E8SdW4IBre2Gs1dP1CfKS+gwNJb0xcksWzIwTZaNjfU1t7K00oXXgx0xlT9ZEv9t/LcOWRmpz7jFtkXOEHYT1g== processed in 233ms
[2026-08-24 04:34:24] [INFO] [api_router] Transaction payload payload_hash=X346mzCFK3hEHaeFkLRqnT6FIB0dc4bwFP9FA5ft8eKkX990W2ThNIAnjtReXDTFqX0NZpHElsVyuZzyW9q+FQ== processed in 207ms
[2026-08-24 07:12:22] [INFO] [cache_layer] Transaction payload payload_hash=RP8407OPaFIhma3AznpMgXW1OhWEh1S/MyUhCmXEx7xZ7tmhCTk9Rz6q0K+N/HUOkEiR0a0LoFo0Aguay+nGpA== processed in 496ms
[2026-08-24 02:19:36] [ERROR] [payment_gateway] Transaction payload payload_hash=Yr/yKz5IuCcr1YukpmJdi7RYx+aiHg7gap1Do7y+9uW2UEH/N8QEXHid2zfl0hc9l68X0c/xXl8SwjrdJsdT3g== processed in 56ms
[2026-08-24 04:55:05] [WARN] [payment_gateway] Transaction payload payload_hash=TPyMfUmMGKr4KXNji798oBTzNqa++m0FUDGvUD5GBIh7sSmmSJgvDxV+eAFyaDLRzNF5mR3Nx/mp1x/0IemP7g== processed in 387ms
[2026-08-24 07:00:12] [WARN] [payment_gateway] Transaction payload payload_hash=Z/qOYbJrwaeJ/zVQBFgJXnkaMMSDjlNRMm2QrG6PKHxurE7BZIbguz1wFv84wFhKOiQ/wQy83jV0CNuR+VDXBA== processed in 454ms
[2026-08-24 08:43:59] [WARN] [cache_layer] Transaction payload payload_hash=VHxalT4f7ggTDgNTTpd3N7KXiMrAZbxY1BcF43XLNqrDE17WS7SF382KgTFAIVYE5PdgXLIYnOSdlz2OoNwAdg== processed in 302ms
[2026-08-24 03:36:11] [WARN] [db_pool] Transaction payload payload_hash=C9E6DahGJLaUGsjz/TAjt+hW/BfWfqt++eZINw+cGRiKadNGfFJ4ubD+yf4bwnWHRLctdwg02HfnvpYatn8KYg== processed in 108ms
[2026-08-24 05:36:04] [WARN] [db_pool] Transaction payload payload_hash=wkRLr1oy8njUp8KdwHcby6BKSpH5Z3hsnWEmbH4PG0dOTeI53RIW4l8wL//rQX3F7kgboGExMAIwRBZKY70jLQ== processed in 152ms
[2026-08-24 04:01:17] [WARN] [db_pool] Transaction payload payload_hash=QOcKstYTx0be+VCtStYeuRHXd3KiwTbah1x1nVRow+M2xGx+r7ro3413dVO+Tgv64DLIvbBWkmrxNoTWP4eOKg== processed in 331ms
[2026-08-24 03:02:07] [ERROR] [api_router] Transaction payload payload_hash=95PRNYdCUefsUZWw9bC5uDN6JHD1lY+mysY9IxM9yeldsHO3nKQX44/Ih2GbZbV0cWB4QGO+aA+vseMTmp69rw== processed in 388ms
[2026-08-24 10:01:52] [WARN] [payment_gateway] Transaction payload payload_hash=P93RhWXaxkb1sCu0oLsSh5Lf15RoVvqpq4TofNwWkddsRoRQ1+hIoKK9oRP8ep3XP2fvLCuh4pnFs6R1or5t2g== processed in 46ms
[2026-08-24 10:01:08] [WARN] [cache_layer] Transaction payload payload_hash=hrsWt2Nlz3Iefm8w7DjLwKXIzIjItIAJcpfCKl+DrK/CgH/SJXUlT6JhO71nYF7qKhladm8fx3FAwIJy7OM8Lg== processed in 293ms
[2026-08-24 11:23:16] [DEBUG] [cache_layer] Transaction payload payload_hash=UeXKLhMNSkQ8ZTmKHJZGXPmH8gg4HZ8EJU5bJRvfX9VOTY9EMOxKqeWORU7248kSsLvysm1hmqjlH1uY4awT9g== processed in 31ms
[2026-08-24 05:10:54] [INFO] [cache_layer] Transaction payload payload_hash=AXZnzyw/jeNjVOvBDMPtCtIanyWiOXITb2eqbnmlQyfoFEi/U2aC1gmLbSsVQ9fGbmjPBfRJ3GJ1O3mDTu4O7g== processed in 385ms
[2026-08-24 06:50:39] [ERROR] [payment_gateway] Transaction payload payload_hash=hzNSQ5/CIFO3cfu1u1FyLmNUzosZ5sAxySoFMz5iYENBYPR3iaXVoET+hZVH4Cv1f5KlTqP9GAHOqfcn6eGZNA== processed in 148ms
[2026-08-24 03:31:31] [INFO] [auth_service] Transaction payload payload_hash=HUgkQ6JzZzIpr0uLcQEREyacunqvPD8HBkrc5ZXDYyi0seO9jTzIeHFer2PRAkEUk0og+xQ2Mh2Thtr2bx/a4w== processed in 281ms
[2026-08-24 04:55:20] [WARN] [api_router] Transaction payload payload_hash=xiSa4EKbuGGPGi1LlxWhSd9EnT6kTidf7dz/5X2FHRXKBgcxjr68yt45WAxO6DMXAmpifUIpEnIb8CZwnjPs9w== processed in 391ms
[2026-08-24 09:55:04] [INFO] [auth_service] Transaction payload payload_hash=MrOZ1T79j0yP+6APHZRkqahoZNZ/F4+h2y7WPHmXIdqex14n7GkvxdQmjPrUcShYKpTxS02nfRIjVPncdD7PhQ== processed in 360ms
[2026-08-24 10:10:33] [ERROR] [cache_layer] Transaction payload payload_hash=mrItbEMhxj22P+sxPFyyZmYiRNRfs8pJoLrxjg/TKTMPL6aa3KlLwd6o8BHxvUGdBxL4cdSH5+2zpL4cZU2nKg== processed in 335ms
[2026-08-24 08:34:29] [WARN] [payment_gateway] Transaction payload payload_hash=i43Y4JYUMvTZq7YQCjt01Wmfda7Z6k/KNBQzvRWJuhjjJh2rzL5LFRwchXJxmKpMA+j+js+ncxGZ6jcsqBotdg== processed in 488ms
[2026-08-24 03:07:49] [DEBUG] [api_router] Transaction payload payload_hash=6En9tw0LkvabJtOQDCVyQl0oHi5DpxbhEleBQCu/RdRkYWtUAbb04UxojO+ASAwOF4bFTlc0/PJGP9gwp/ONZw== processed in 483ms
[2026-08-24 08:51:43] [WARN] [db_pool] Transaction payload payload_hash=BHO+f1Ye+cRWQcBgkcLH8cjtZYH+1xejywyHkhY2I/YQy9FHiZ807NIuakLEwYu/pibhlM5dk7Lhgab7d9oOBA== processed in 396ms
[2026-08-24 04:37:42] [WARN] [payment_gateway] Transaction payload payload_hash=ZamUY6toRz0uL+Mh5is4SsQqQFRzDWbqNP/drsKhInzeqg2zfMUF3hhG+XWJcnCYzFZxJpihFAuRM5XzuPuxLA== processed in 155ms
[2026-08-24 10:29:52] [ERROR] [payment_gateway] Transaction payload payload_hash=dkGOboaykbb2CDGH8TOW8cC5BH+Ns/59xN4eFMCCVECz5hYBCsH8W4nEsYedEHV2qXjjMx9igGJNFxFnufy9OQ== processed in 287ms
[2026-08-24 06:00:56] [INFO] [cache_layer] Transaction payload payload_hash=wa/ziSFm9efw1DlWKBfhUotQe7wqqYEj2pbNDeD2O94+cZd7fe4lh6MccmQkN1+ULxAXfMeLVuAUGCqTcY/Juw== processed in 110ms
[2026-08-24 06:12:15] [WARN] [api_router] Transaction payload payload_hash=oPgSn62+SQyEPo0BqGQawoB3absn+7JnhSC8r+6gG3oywPAIrDd9YAGPedT1bqtdHKVTG2patRpo3UTWkhNbxg== processed in 354ms
[2026-08-24 07:13:56] [DEBUG] [payment_gateway] Transaction payload payload_hash=BzaYhaXQX5izAzeoQSXYAycujdwN/mqpJ3Qc5BVvWcYvFAcHJA41C+q6F+MedjxUNpmsPbNxwAzT59+x1tOtHg== processed in 162ms
[2026-08-24 09:54:14] [ERROR] [auth_service] Transaction payload payload_hash=6u+FLuWXAF9TOkHilsCJb2SxVmfctblEmLTvbTeED04gfvqhAMw3ZQ5DApFHDCCGOGlcEzgCWF/NlZcvBOd+hw== processed in 356ms
[2026-08-24 03:18:15] [INFO] [api_router] Transaction payload payload_hash=x8TmYF7jdBsRtUggCjrx0aaLli5rO9AWIFPoeAanHTXooDCKmzFWAunuRC1XxmQ4m1Gu2BzQHweHOtFsUMaOJA== processed in 168ms
[2026-08-24 04:14:42] [WARN] [db_pool] Transaction payload payload_hash=rz5tXr7tK5YhSaacWGev0OiJCNzSOzEj8vsJvYhcpC3nBzYaSQcMR0PP15yFZkkmWrYto7YVKL5Io/77F3TaFw== processed in 105ms
[2026-08-24 10:53:04] [WARN] [api_router] Transaction payload payload_hash=+vvQn5tRCm1cEpR2U7jXVcB5swl+FZ4j/t+UzLRhlhPSLv+mW87v0i2/98GUmqBeAOVSCNS8Lzr994HJG276pA== processed in 251ms
[2026-08-24 11:00:10] [ERROR] [api_router] Transaction payload payload_hash=879fJKsElX6NZsQA87GD8Tt0wA+GBf9n4Kexrlmr56EKzQ6LDgrMgbWsvd0AE1AOnrTWugwgpZSVTQZeb819tg== processed in 494ms
[2026-08-24 11:19:35] [WARN] [api_router] Transaction payload payload_hash=bCexDgDGBFHv451S3muT0UEhCrcw+SD2JoZWo2DVw8f3cus3eUNAs6GbtB5Awfr08h049AOTCA2zEncHuXOOrQ== processed in 30ms
[2026-08-24 07:46:45] [ERROR] [auth_service] Transaction payload payload_hash=2RBzQ4SO8jirT7eAshrBTVekT60/EKZIBqNxBHrL3ezxylqG2awYADFwnH0ZTGhxnvcLgiW9tdoJjua6gGapOQ== processed in 353ms
[2026-08-24 05:32:51] [ERROR] [auth_service] Transaction payload payload_hash=RhegkN+vgtWbteRhd+eIihbXA35MhI5FKQmNbsnMuOvr68Ok6EmY0Y4aq7VjFBIwEthREJTvHkT1is65Ee/bUg== processed in 140ms
[2026-08-24 04:36:07] [DEBUG] [db_pool] Transaction payload payload_hash=afJSaHR/95u5iLzFmjfLePlGPPCV+h2ZeiiYKGM95NGIkTvJxgjwG7Jm1v5+54U5Y598H+1Xf8NzEBbuSDmUcA== processed in 340ms
[2026-08-24 05:37:53] [ERROR] [cache_layer] Transaction payload payload_hash=h9p0fFJdXBoSVvDwgI+ArFk712VyGcHRzpTfVUalhD0fwG+wORwnJ/rfchr6uU8qYKZgqHy0SBlVmzWsreNtKg== processed in 403ms
[2026-08-24 07:32:40] [INFO] [cache_layer] Transaction payload payload_hash=V3Aeg4FofiqTV6JZymH3PatzK7tnUef1NIaRvN0F0N3nU+X7LJBXqFpK1KREtbPN3/ngNOr943BvJJiypqcCsQ== processed in 68ms
[2026-08-24 02:40:31] [INFO] [db_pool] Transaction payload payload_hash=itHDApkHgeBO++XVYqOya/lFKx26DhzOhjvmEcpJGPwOtRsDA4HP1M+0kcDPxnobxAJnM0uzAZlIv6lxSW3Usw== processed in 147ms
[2026-08-24 09:08:45] [DEBUG] [api_router] Transaction payload payload_hash=jM/ung9mZH228BhLmFN5EAVTbgzvvjid2zerdvKVh++yLBrf+5QS1HDATd2Yzx8Wzx86QDXBsxQWxYMQn6nLEg== processed in 133ms
[2026-08-24 10:41:52] [DEBUG] [cache_layer] Transaction payload payload_hash=yUowZNyEWpXY8JQNg9A0V7hYuhwgQ0cROc9ihCwH4OhZGToAQoJaDxQfwzcqbqeoODa0grO2Ceu4xVKI7STR2A== processed in 385ms
[2026-08-24 03:48:03] [DEBUG] [auth_service] Transaction payload payload_hash=7fx0Dh9siSJ3JiXHbtbJHA+el8DX6aGOqu8gWgia8YNM+g/vEb1tFiZ00PrzQWX3TdSnZ0Etl/Km1zymkcK3EA== processed in 339ms
[2026-08-24 06:35:23] [ERROR] [payment_gateway] Transaction payload payload_hash=RhocfXX5uctwZhqVxul3+QEZkbo5Ucq19lcQiKHzoJtxSI3GAApMD+20HjY7VExHmXhPrY7cwoAPnSz3LFkCuA== processed in 100ms
[2026-08-24 02:58:24] [INFO] [auth_service] Transaction payload payload_hash=8i/nsx+Kr4qWdjZ9TUHav2q8PZSfVqgvw0IetJrBzac75jPWxtusABuded9Tis1KC1bDQ/JgTamaBlDOuUwMQg== processed in 199ms
[2026-08-24 09:56:40] [INFO] [payment_gateway] Transaction payload payload_hash=vYf4q55ZyPe2fuPwbHmzSNQ5ambfp2bQRcUPYXRrA7sIllSg9IsYR9mXa1sh5PgetMpQRmWfU+Uh76uxUIOeJw== processed in 386ms
[2026-08-24 07:36:47] [WARN] [db_pool] Transaction payload payload_hash=/uSMJwON0FQ8ZRz1ndn5lmJek5O0HhdHJ7CixqpTCOBlLeU/ExmydIvQAz7tyWLac2VQ/v2WTgj+4sBhJPzfog== processed in 412ms
[2026-08-24 05:50:25] [ERROR] [cache_layer] Transaction payload payload_hash=1JqCI8Z/53Duo5O6+f1uxpnfbC/9eiwQtXJ8zPFB9piYN8iGjcNREwYaS9my5x+ho4Ti1kkxkscCA3P2qg4mRA== processed in 127ms
[2026-08-24 04:20:28] [ERROR] [db_pool] Transaction payload payload_hash=K8iKCJEbRzuPgLiNqm6VGQwaD7cx3SGKgpg3e8JraMXnORRFJhF/hUje7nySc3q9rwTCESN9REqEwjPuYL7Hdw== processed in 278ms
[2026-08-24 09:22:11] [INFO] [db_pool] Transaction payload payload_hash=H7lVvqxKtJTdf8LJ9NKUizqaglJHGm/G/1T72X3uX2pKE152BLM7JnoH1cS/5k/z4aULt3kTvaIkJ+gMJc63PA== processed in 74ms
[2026-08-24 11:02:07] [WARN] [api_router] Transaction payload payload_hash=9x/94OIKAfSEvYtXBjeido0Wc+Jqi7xg294/1g2zQUq7hQCMUysW4GC0MIYaBY0FiitONjB3Fg5ZFgAu+gUjEA== processed in 214ms
[2026-08-24 09:39:17] [WARN] [db_pool] Transaction payload payload_hash=RUfba1Q0o9af/4mKXHRjmPFKyw+PcTNBG7LMW7nlUxa5Y9A/1tlOynQkhmqp2JyPYapuUJPQqv3xEP67AZF8TQ== processed in 120ms
[2026-08-24 07:45:12] [WARN] [payment_gateway] Transaction payload payload_hash=P3SxIGNCSK7pk7xvoByByXHt/iOr2W4B8EiQDGJnboLRG7AK9Z2x7U1Qa6YhybVjcQInfkpxrUvnGArjorFV8w== processed in 26ms
[2026-08-24 07:33:27] [DEBUG] [auth_service] Transaction payload payload_hash=g/gfn6C6Wcux76B2QvSkr8hVXCmJOFzQq3CO2CnqIYA8rmsMT/xnnIuQXstYWv/kU0ti8EguM+9/B2yAne3vBw== processed in 262ms
[2026-08-24 10:38:57] [DEBUG] [payment_gateway] Transaction payload payload_hash=80HQyuL8QjWzHiV28Kduaao1bbuVDpb7ZGA6l7QEhcVXYfxKGsmF0Ycz1wV2oInWujK46gcH/Q6Y8HxK8deHbQ== processed in 417ms
[2026-08-24 05:01:24] [ERROR] [api_router] Transaction payload payload_hash=bHcK/1h78+BxfDEGODA2IomVlRWMMipNvYGXgAt24yEmxWd2bIhZ1sPlojXdPFwHSZJWvEAGqpbCPAGMeyJxug== processed in 470ms
[2026-08-24 04:16:36] [ERROR] [db_pool] Transaction payload payload_hash=TkoLckLaNK387PyQ6Ecsvyq1EV0PvW/FV5zovccX0saXIn8weGstB6nezCxS3M14eyS1NkDaRUKm3zc8uy2CDA== processed in 292ms
[2026-08-24 09:41:15] [ERROR] [cache_layer] Transaction payload payload_hash=cMe5bHAqiNhRgG+ss1XGKhfWVgSmJGXQdH4QwaVPfU1UYPsc0ypW9N5tVWqkeJbkeVslrv4Cta96t/sGSIDBUA== processed in 204ms
[2026-08-24 06:38:34] [ERROR] [payment_gateway] Transaction payload payload_hash=YxpUyIahoBAfMj8qe6OdBOv4DooyIPxoBWbdr/mtIGKRHWOheItJ2dqi/vyq6Ni4CyY3wjF7/T1q3xpfBxwPLg== processed in 457ms
[2026-08-24 03:16:31] [INFO] [cache_layer] Transaction payload payload_hash=gQXSBq2lFHI2IA8SYihy2rEdcDOOCnrcDq7AKHKiNB10uf114NfD3tqB64veV3uPTyLlqnyD1ozEaSp1RvComg== processed in 126ms
[2026-08-24 09:50:50] [WARN] [db_pool] Transaction payload payload_hash=bXuBUXKoO0m9mp0iwepxWjp7bHcepRHHd3ougmDOI1jC9aa48WWNkBrx+3G4fa0Pkh3KFkyebqeFrGveuFDmsw== processed in 244ms
[2026-08-24 09:50:33] [WARN] [api_router] Transaction payload payload_hash=/RnpTFn8tRSrVcirP7CvX/dJK3vuZE8aM96CqWKaYRRhHORGt6AwddMgz/DpGBObuniIFP8iD75CCgPjp/WQtw== processed in 463ms
[2026-08-24 04:41:41] [WARN] [db_pool] Transaction payload payload_hash=ybdHu4IfFlFmBx9x62lCYCQPleO/uWW2bcNkJbTpOZwA3Bo+urWJhG57sotY4Wx2xcznbcTzmkRfGYOPKTnhjA== processed in 405ms
[2026-08-24 11:02:46] [ERROR] [db_pool] Transaction payload payload_hash=74Wep5W2MIRzwpwUGM2l7GRBF9FRuVZnvf03K7sLE410jRBbMz36mwtnd4jiqfYNFJSBV4cyam0KjNMQCNRneg== processed in 86ms
[2026-08-24 08:37:34] [DEBUG] [cache_layer] Transaction payload payload_hash=WN257M5PAkKcrx9XEUcHAgGAlNccLO2S6odRpLJNFbgKHYA6uYXLBBjxuiUxoduRCTq7N8p0nFwjg05V087CiA== processed in 462ms
[2026-08-24 05:20:06] [INFO] [cache_layer] Transaction payload payload_hash=qOJaghTfc05GyUn0nweJCXfWp5qmyD9RSgKkek3/UXDkJSTJ3jJGBGJLh1lG4ymd8YOBOVdnzIK7FlHa6RJjbQ== processed in 126ms
[2026-08-24 06:32:57] [WARN] [auth_service] Transaction payload payload_hash=ZK8ntTZtTX3PqzidsdUF0MAWLA6geSKj6JZRzebilpyiZ7/sNpxgYoLyV/VkYQzzhjP3Vk9Wa35sNTlaRT4DxQ== processed in 79ms
[2026-08-24 03:37:32] [INFO] [db_pool] Transaction payload payload_hash=Rqc12KZQKVeuyBoJWkNVFkoGltBjnvIkFIS//+yI6ESoXBOOmWb3JDHykrDrE2cAWxH9hml21HYJJSg6KDL+TA== processed in 16ms
[2026-08-24 08:48:59] [DEBUG] [cache_layer] Transaction payload payload_hash=RVuv9WC3zq03WEXEh8YPKw4r2Kn7w24Oy+Clpvw8pQwgeBaz9AiK/ZlpYI3E0MJD6uJwUONIUJTsiE0mX6NdeA== processed in 92ms
[2026-08-24 05:42:43] [ERROR] [cache_layer] Transaction payload payload_hash=juykcVmprMIgIx5QtFgE30fY6PNgbI4JYDPdvwI+s5xg0e0dVpwdSkalPZIhB0rWPVc12UJi2hBu9N5QB12aSw== processed in 372ms
[2026-08-24 07:47:20] [DEBUG] [api_router] Transaction payload payload_hash=0InBTsGrpcKMmlFRKQfYGz59evN1ckvZ+YNZSlHtdM8n3i08ahQvI/uLEX3dXRR2uCBf7Ub1GwE0dF7dllIisQ== processed in 178ms
[2026-08-24 10:54:29] [WARN] [cache_layer] Transaction payload payload_hash=gf/aKoBPBMWcFFxq/LYeyksWFoI4fZt1X6xjWsN5lDMWPATIdwwuktboxeDvrYjZfbhlCYR8OHiHp+9HJ/kO1Q== processed in 203ms
[2026-08-24 05:48:37] [ERROR] [db_pool] Transaction payload payload_hash=AJnEOGukOL93xYyUy7sPMjtOdXci6O6oXWcWJc/CDmPjzHGKz9wRmfSbBLwAx9FyAP7aj9QjzOW39UdixaNf9w== processed in 166ms
[2026-08-24 09:37:15] [DEBUG] [api_router] Transaction payload payload_hash=Hy1HE/NZ0lLl+ArvSAbF6FHozeESnTDLa756pyOUEqoSXdgxDYgTF/pseqePL318MVT4jFkXDnnfIyUsn4z8gw== processed in 419ms
[2026-08-24 09:19:50] [WARN] [cache_layer] Transaction payload payload_hash=u1obAbyspFNQZ/AkNpjqLAgohA7uPfs/mOyh5qpKkzxO4+bVHCHtyLOq0i7PSlRoxsgfgipMaNJy1AFwkvveig== processed in 78ms
[2026-08-24 08:26:17] [WARN] [cache_layer] Transaction payload payload_hash=hgywUMpDiB+4R/vlr+H3iRPWW3qo2IJ8lOPozpWKEOU45lo41YMbTH+s6qMS1wWHyA+qx0sZvxYfmSl57fjL1A== processed in 233ms
[2026-08-24 08:47:24] [ERROR] [payment_gateway] Transaction payload payload_hash=Gr8B6H8ghiMmOdrHUxV53HECV0OVls5hLb2zR9Z96Oiac9rp+RGhMtNvU5XSBT3zAjZUyEqcfzwTaQ3IuyLytQ== processed in 363ms
[2026-08-24 08:19:04] [WARN] [payment_gateway] Transaction payload payload_hash=s+qkY6DfUJ7Cs/OrMLjneEJGaPdsarAqJtaye304V6m3B923s1Y0W+T78PeLfmRP48JKbpIPNcyPt68GszRd2Q== processed in 131ms
[2026-08-24 10:27:52] [WARN] [auth_service] Transaction payload payload_hash=19tKixzeQhUnbyQ9r9O0Bpesz48S+GQnLGPtkbcFjowpyV9uD0IVCztuznwHcCodUKRuUkHJP1CO2nqv0UK/lA== processed in 355ms
[2026-08-24 04:23:54] [ERROR] [cache_layer] Transaction payload payload_hash=K2vtXUseoCMCMeJQCYVN1JKqUALRElQXV307ZV80ctDrQdLyjGnpQIBZy+R+8GJuuRf/P/wdb5HTTZDU1j6orQ== processed in 11ms
[2026-08-24 03:37:43] [WARN] [payment_gateway] Transaction payload payload_hash=EaHe0oQ5XyUylKdKB4P6B0gDBl2GLQHNRciwMrqEuKvJ+Z7fOj2H5TCXx7KaUbpgGYyik+nwqTNrdeHI3LY6AA== processed in 328ms
[2026-08-24 04:21:05] [INFO] [cache_layer] Transaction payload payload_hash=j4S02u+y7p9VfUQ8GeYFtcrRV7vqgte7Gtc2bAEIpa3avji/omJ1dfeRCy+xeLmlzXGPwyyBf9TStCRM7d7LvQ== processed in 475ms
[2026-08-24 06:00:00] [INFO] [cache_layer] Transaction payload payload_hash=PlRBNm9vnex5QVjnr4sRCDR7NK5KWC/LgltHHl1XAibsva337NtCQAwcOfduGY1DxY5ru34iYXxuyPjST65ntw== processed in 417ms
[2026-08-24 06:05:52] [ERROR] [db_pool] Transaction payload payload_hash=7zBMlPAG5Ljx5PZLeHwok0BzH88KExARJKRGGxHObMKQNscAKPV41qI3XoVsW143+sWSWY9REEUO+VUCq0moQw== processed in 142ms
[2026-08-24 03:30:29] [DEBUG] [db_pool] Transaction payload payload_hash=Oo6NdUW3KtVSSCUJryA7pZrUIN/kFXryqs+xwtW4V+oKru5Y9WX5uP0fKQubqlbjdAKNRFm2zQX6cawodXpC/A== processed in 94ms
[2026-08-24 07:45:33] [INFO] [auth_service] Transaction payload payload_hash=D6QFs1C5+sYNax1vQUWLSzoMan3XnwEiU+5I85PHgo+/mRV8AnfNik7sutSVLiAvbeIh1pxYAZOcr67KDyU6Wg== processed in 155ms
[2026-08-24 10:08:03] [INFO] [auth_service] Transaction payload payload_hash=WKsXx4rEMH02/bgjwqnGTkDYxHAgG4qoqO4fex8qiLhSnY/GA3CApqH0CrBUeD9BWoucnlXrjqBDBNV9TF+MXw== processed in 273ms
[2026-08-24 06:30:33] [ERROR] [payment_gateway] Transaction payload payload_hash=o8ZLH/VKXHQo4kFJg3HjqTsFp1AEUdkIcA+4Xz+5laWZrrXWGhevoIxegRbcctf0r2ELO2AH179+Fmj66xEVdQ== processed in 491ms
[2026-08-24 08:22:23] [ERROR] [cache_layer] Transaction payload payload_hash=fLZvwPaNRJ7SMAW1YuPw0up9m2Ftpemq+LglEAmQEwscIoENDD4Tplryzu7fFFsUFAqJJd5muw39QH+43GofUw== processed in 156ms
[2026-08-24 10:23:58] [DEBUG] [payment_gateway] Transaction payload payload_hash=8d2iYpQve0yYpGEglwFdjDtGRHxYHKa/m9/MPzdgc7iY8yHz1wG78I3tn+ZA1XtiaEmcuYXONrpEJEI08j2Vqg== processed in 320ms
[2026-08-24 05:48:42] [WARN] [api_router] Transaction payload payload_hash=8H4+HQ4Ugby3wan5nesQWTv84roY8YWES9qDWc6BUlQKdHFcBA/jE4yeczQd5LbiU4PHMA2OdMJEX1XE9FDtQw== processed in 141ms
[2026-08-24 08:14:00] [ERROR] [api_router] Transaction payload payload_hash=vdlhJ4uWEMFWR5W0bVw1SqamrVS68NnpODG/d1EGS5T0/3/wPxAN2d161KmwXyJqkeOU4qJBM18kXKH1NV1Q/w== processed in 102ms
[2026-08-24 10:09:17] [WARN] [auth_service] Transaction payload payload_hash=bVg6DBHeXZC0QaDWctSiqgRCRtEE5YR+0FFjRUgIyjHcrhNcfi4JdWnCK9EUNxr7HdN2c7sDpeKh6iHmAh6jYA== processed in 35ms
[2026-08-24 05:58:32] [DEBUG] [cache_layer] Transaction payload payload_hash=oZI8wp4X5StoZ77Ty0+rOKaBy7qBvFD+RtEGwzfYKd61Pkl4VlHYUxUSNXSpVHx5ycoHHW3Zmwk2SCMHzj/dHA== processed in 258ms
[2026-08-24 05:01:51] [ERROR] [cache_layer] Transaction payload payload_hash=/dy0zAbCJWxsCLVzA4w4Lt1D4QmCd5F/6fdQsw28YmTSWgb34A2I2N2YPstgILPfKoN0k5+S74rK8iltpUE1yA== processed in 187ms
[2026-08-24 05:51:03] [INFO] [cache_layer] Transaction payload payload_hash=xsK9+tueodYVBzewFy3qPtD1LZURqMHbFtrdDl9VmFP4JrKZAYbS1DlmI6hwjpPEpP16NSKk4W5+53ZkuDGrQg== processed in 98ms
[2026-08-24 06:15:18] [INFO] [cache_layer] Transaction payload payload_hash=Mtg3Ghx9aRL5cpCugFOTkt+MwwgD1dlTSK3UBgbV33IDuRH7mQ4K1dlwDJna3PHMhNoB6kLX3alKCUBihL5aWA== processed in 375ms
[2026-08-24 08:18:35] [WARN] [db_pool] Transaction payload payload_hash=IlhLKDyzxbw52k4E/YutSENwCy/ddh9kc52/rOryBq9LeWdtViIQF1kP4VHYYKN0Qf8V586C9uy8AblU1lUw9w== processed in 399ms
[2026-08-24 09:25:54] [ERROR] [cache_layer] Transaction payload payload_hash=6bZg+GYkJXZxCfPG0AKMLkM7W4B//qSjTxYIJj8+cXhj/G1Q84sRuLl0aUTu58BbpkZsB/xtjJe7eSJ3hP359w== processed in 410ms
[2026-08-24 07:23:03] [INFO] [db_pool] Transaction payload payload_hash=+T9gwrv8C0vrlI6RyFJm1n4G8z8A/ce6ybd5VIDenqYkmiED1CW23RfCRoUCRp/J+hRTEBAIbdZOeqTiwL6GRA== processed in 103ms
[2026-08-24 08:58:40] [DEBUG] [payment_gateway] Transaction payload payload_hash=/FwhqnY6pk0OXUXInA9JBB9gb3lir3f+wjU/Uah4LBwivM+PpAcRwJPNHKSNYKJutQiZalW9ayj1HasFTyFcjg== processed in 231ms
[2026-08-24 05:05:39] [DEBUG] [auth_service] Transaction payload payload_hash=SNUvk9jcvXgYuvZgkD3uD6p1L4/vZPYCg/S4YTJQBPASBX00RBjl6chidJQajJDKuZB1TZwUjixgIrz2NZGVgg== processed in 421ms
[2026-08-24 06:27:21] [ERROR] [payment_gateway] Transaction payload payload_hash=d4tUvIl+xFrYAHcpZrI6Q6It20H7nKKLH4D4+jBUTrB5eGBa8ABj9szqqFWbnxnkaQ00A8mDY+hs5lkOKxFNxw== processed in 366ms
[2026-08-24 07:33:49] [DEBUG] [api_router] Transaction payload payload_hash=H3+VDxNtkf+6TVbI7mkWJH+5qQJNIMGR0shNj/lM2SZJyjIBa1vD2s95gzWnR7U1HUXQziz9KnEqsuDvvpcJfQ== processed in 113ms
[2026-08-24 06:49:06] [WARN] [db_pool] Transaction payload payload_hash=6zPhoDdgfNcL8Q4aRuVROcNsvqAmfuHTALdIEvL4dgImlKuAyOrkzUhfDOZY3mPS/iQaWeNx2feoQS8WngGH1Q== processed in 347ms
[2026-08-24 10:06:11] [INFO] [cache_layer] Transaction payload payload_hash=m3IoBVttgZgbibrlKCVB01cN6W8FScfh/u4M8zKk5wPOgpqZiHkVS/pdC4FXdrPogdKpeYx86N/yU2QL+ENQIg== processed in 419ms
[2026-08-24 06:42:08] [WARN] [auth_service] Transaction payload payload_hash=HiaN+uGvwC+SGhSutt3uCAVypt/WLNklxWvsYZQ1ATel7n5UZQUUBSHaKZ5Q+XZ2BFi4xDMyjq+HiDQpaZCmGQ== processed in 475ms
[2026-08-24 08:11:32] [DEBUG] [auth_service] Transaction payload payload_hash=mLX30L2cXiUFOCSuNPdu6RhT0k0D1P7cZtdeBDAJv4Qd9Lh+80Vcpeicr9+z4FuevL/+ekf8KbEb+okWVvE5/A== processed in 422ms
[2026-08-24 09:18:26] [INFO] [auth_service] Transaction payload payload_hash=e5p/MLtvK5eXLm4tMgfuKAb0gobXCcYncODe7Zag1Lu35RUnLWowDWN2pqHQxqZs6IbzF8jdO46xR4AaFPpeMQ== processed in 115ms
[2026-08-24 03:30:18] [WARN] [api_router] Transaction payload payload_hash=SUsL2sjjXWjtCbjj9FLAnwVfk+70mwdfi7pRX+95cX44aqxqOo8Z2o7aGLcJnUfYD1SzRf+e7CMlWl/uqACQyA== processed in 84ms
[2026-08-24 03:27:27] [DEBUG] [api_router] Transaction payload payload_hash=lqjmmBVMUa+A47I91kUnNRLM8j+dJMLSf1NZK7lEnhqaGeJUxBp96Ah9FHEV8eo7qDqPkOqNfxGRF6ztcQBlVA== processed in 104ms
[2026-08-24 08:26:10] [ERROR] [api_router] Transaction payload payload_hash=36/AiuRXkqa0bAKodCGqekgMIbmml6Y1rFsMwrWYaqtkj7+BZmqluVzjGYMXlwYYalCTlEfUsQVRb2Ds79tvbQ== processed in 349ms
[2026-08-24 09:10:52] [WARN] [cache_layer] Transaction payload payload_hash=1JUZJ4KWFr9lSdey2kNho+AW71BwVdWGTZRfDYOes3SxrSSyVDxD0U80PvCpOSwfsXhIn0r6b9+p8h6O4Fy8Hg== processed in 184ms
[2026-08-24 10:55:03] [WARN] [db_pool] Transaction payload payload_hash=KcBxX9NSr+M7HWTqjMt/o7VJx34YM8dOZFJoIPYOVS9ojWxIekGkgVShKg/4FTMZXThIuN0Vh/FDldR/OXFHlA== processed in 430ms
[2026-08-24 09:28:01] [WARN] [auth_service] Transaction payload payload_hash=lrVlPinU80Xw3g8OZC9hd4kv+CVJd6DYhwXHJS9qgvtnAJIO/DiJsO8nve/a8fnwAFYUGIcAdzlwT35w9TkNqg== processed in 298ms
[2026-08-24 02:40:12] [WARN] [api_router] Transaction payload payload_hash=EMUOTbq/b9N04B0cLBAz3Ca9Fl3/fvaKG7zvGrANtsTSgg9HdIu4O0OELj+XzDdMWdW4+72lUoxuUuzhj8FmjA== processed in 76ms
[2026-08-24 05:16:09] [ERROR] [cache_layer] Transaction payload payload_hash=TeO9k9gLSoSWzA8YR+xcwzRfnk6XhTLrjnL1TjyCM4U1/G0KBz3ekLt2DAdUHdnK0ry5Tiof2oczfl0hZhsGKg== processed in 222ms
[2026-08-24 09:34:08] [INFO] [api_router] Transaction payload payload_hash=XkywVehN9BxMuhEMkbYo5rKw4AWFpVSJDjnh9aJ+uhan0GuaYWVNaVGCgyJ1xSJh4u4WGYSib5UGxkeqiqEImg== processed in 372ms
[2026-08-24 09:57:57] [ERROR] [db_pool] Transaction payload payload_hash=2YLTd1f3hRUrTkCFpHhQJKeq3X33aRReVutq1ttNHvy4jpwbGOoE3s6INi2yb7s9oiHShGVSdrmHe3XFnYBHLQ== processed in 0ms
[2026-08-24 02:58:57] [ERROR] [payment_gateway] Transaction payload payload_hash=eMwCga+X3XzBMeXNAwZfoncQV6sX+XE9loRrvOCZEk2w7oBPMmQxch2jwf4gk9RzQsNOt23MuYZ23a7aRfxk1A== processed in 465ms
[2026-08-24 06:29:35] [INFO] [cache_layer] Transaction payload payload_hash=cYvHmEqNrXXnfCWVGglODlOQR7+njtPurzRNXk99LxMLT4wrRjLBMVWaw+Hk7f6rTTt7M5B0NDKYieVfKKsuPQ== processed in 82ms
[2026-08-24 06:51:33] [INFO] [cache_layer] Transaction payload payload_hash=/ooU8V1attAksj1xsOnWd9Ddr9WheVKQjAAljHBedrw+9Z3/beAxK91dSdlaZfMBf5Qtm0LkCFDj4h9qe11zgw== processed in 113ms
[2026-08-24 05:53:14] [INFO] [payment_gateway] Transaction payload payload_hash=a4V/92lLsZsJ6oXMJD+GG9MCeU5UCrgcxx5J/7E5osSVrsqu3iltzxoxEvPuN8O8Ao1mDuh+AyrX6cKXXqfYaQ== processed in 259ms
[2026-08-24 05:28:05] [WARN] [payment_gateway] Transaction payload payload_hash=oBIZYlU85UElZrPrxNFU0A+SOBvUP3fp0Jc2wJ5qMBvFFm+VHqmSNVvmYbAYhI6JPODG5YK9cxNO5UGgWKx2lw== processed in 247ms
[2026-08-24 10:27:14] [DEBUG] [payment_gateway] Transaction payload payload_hash=LLd0ILVF6dvNFAkGF23tfuv1LhdFljDs4ZFdKzaouVlKXYA/RVSkgVncD4fVQBK/EVKn4T6bWgwpc1u3rA6Mzw== processed in 428ms
[2026-08-24 09:02:50] [WARN] [cache_layer] Transaction payload payload_hash=Mymmc4UKRSgm3k05ckbjAW1nztLp1s8kkyxZibOFdOnj7mBiEtZVd5Dhv5FBvAJTnaMO5ADhVpXJ7AQcWVjbNw== processed in 35ms
[2026-08-24 04:43:19] [INFO] [api_router] Transaction payload payload_hash=zKCaEzApBFPxoF65S1zt/H3upf0dfWGp6REOAIPTqTOf7mM1BV5cBKNsMLzuJ7TOlQYZzNAM7IXzt39QrPShDw== processed in 450ms
[2026-08-24 08:20:12] [ERROR] [db_pool] Transaction payload payload_hash=WbSxAYj/cQ3ODDGbDjyKcy5GvcIZKg+0fOWGUKGfV/50Bxx0irj2x1QeSIJCfjVVF9tLlseLct1sGLTkZNjPNg== processed in 74ms
[2026-08-24 07:17:52] [DEBUG] [cache_layer] Transaction payload payload_hash=f/eqmywoGzcAXV8CR3PoSiPSNlJgLnmPQJp/QtJl+z08s13YpCSP614bYW+Y/qdrrpM0A8Oshr9EG8rJFPWTgA== processed in 486ms
[2026-08-24 02:38:46] [DEBUG] [auth_service] Transaction payload payload_hash=P8kdAVcwMdqn5+IDlfxQut6DdH1yC1RHyO6tfZJ0cu335nkt5yTEoIc8OPrFMYEOoZ7JEdyHjSgRn16SS7NViA== processed in 315ms
[2026-08-24 02:41:12] [INFO] [cache_layer] Transaction payload payload_hash=/vpv13RaiwzZu3O1Pt0CaeYK56cpP8lKsRYc0mgG/QfszzW24n7k3eK+sTzfe5Gf+AJxKMjfFG0TkBav7qwPTg== processed in 318ms
[2026-08-24 04:31:23] [WARN] [db_pool] Transaction payload payload_hash=2iPB2fP6JkOxrDJti9r5d1Zm9Nly/YKqOluxIiB5z5zmUMzlxT51H3BmGBOIWI9q7O/P5zUjHsEc1r+iNDBlcg== processed in 486ms
[2026-08-24 06:04:39] [WARN] [payment_gateway] Transaction payload payload_hash=RZGNqzTZi2CemLsYTMhEwsPhZlhLY9/ay2JaHJNqilj6XqOf4r3MlDalz0I0StqnzdKhzjlkTnvZTStI3Miz/w== processed in 453ms
[2026-08-24 02:56:56] [INFO] [auth_service] Transaction payload payload_hash=3qFcvI7OfyuqLfuKgNa1yxJpX+b6hNB0qHaKIo8QalZUz6sCfldwpCyKy/NgA0MxlkYYe7nARXaMJDMsW+Bl8A== processed in 413ms
[2026-08-24 10:43:21] [ERROR] [payment_gateway] Transaction payload payload_hash=R6RnPHWXI/ubcwQGTiSCjwi8rTFCPHofjRR0olelGY1F4n8VXTv2/b3LyahYYpUwFAIlpPL6SxnSFMApZweYqQ== processed in 68ms
[2026-08-24 05:42:40] [ERROR] [cache_layer] Transaction payload payload_hash=FSD+UjCOru3geSgnInWLBHUp4DbdQ/2m8oaI9TlKwicb3YvDb8VkpLfxf1gRKoEi/eCOiNNR4sfsPAd4/FC3+Q== processed in 165ms
[2026-08-24 10:34:58] [INFO] [cache_layer] Transaction payload payload_hash=N2+V5U4X22ENonWd/5GeUhwOWD2gSz1WrsKqfodQW1lygQQbp4VFQ+PCyvbN0ibmWD+VW5N8IiV/TAdEnwzQXQ== processed in 61ms
[2026-08-24 06:47:37] [INFO] [cache_layer] Transaction payload payload_hash=KtNc/E1M+pvGZZmHqIP045XcdEwCQckn7PjoAs3a6NohfOknAUl5H2ODBmx4MUk9t1Yy6F4kKelOZDp2lFVulQ== processed in 354ms
[2026-08-24 10:09:37] [WARN] [api_router] Transaction payload payload_hash=UjUuEzyYWM4+UQTXDJ5KYaKII8tLabRevTzgnBSvYxZNwZvTm/F2x3xmP9pYGbKzUbNbGy+hKPJyPrs0z++aoQ== processed in 499ms
[2026-08-24 06:31:43] [DEBUG] [auth_service] Transaction payload payload_hash=T5dTNwKtXBBXIfzqbyfFLkZU4FOY/L3+BD2nZi6yivtbukKbKXT5tFFQh2yDzzPCO65Txg+v548GxubmGmdvwg== processed in 249ms
[2026-08-24 02:52:49] [ERROR] [auth_service] Transaction payload payload_hash=70mCMovu0VZLLW9iJeZa89TlQfmrVCDkjEwat+Bvjsb31QEFyd/0jG2KoUA9ltaPzCHepbgTwR0v/zY7RlGrHQ== processed in 44ms
[2026-08-24 09:17:03] [WARN] [db_pool] Transaction payload payload_hash=8eW10P4crWi5eCDAEFdnK9YIag4M6c7IId6a4eoi3fRsnM7uVAyDWBF4EZuaovMdDBCpx+Jnkx502GHBTZOEZg== processed in 135ms
[2026-08-24 07:54:03] [WARN] [api_router] Transaction payload payload_hash=xSWyUBBAX2Xf9gGIWG9FGmahZbmvk8MRZcqXb2w9/FzsV01om4aWb3jwoYkXaoFXxhL9QUKq4OkQQ/6cRRZ+5w== processed in 261ms
[2026-08-24 06:21:52] [WARN] [auth_service] Transaction payload payload_hash=WslQBhNwF9CRyoOBGnUhQfDp1kC6+ikLyk1va46HSwLR0GCZcQDNlRjErapNDBxPnFhiXI1WraQU2Xhd2/DTuA== processed in 48ms
[2026-08-24 10:28:16] [WARN] [payment_gateway] Transaction payload payload_hash=sCenTNU4K1RyLEAR8M5YqiGffvePV5PofduZYURhT7Cu8sMHpRieBPk0MssqIlNMP7nHqQOKT2JvMLNNoei/XA== processed in 181ms
[2026-08-24 05:02:50] [ERROR] [cache_layer] Transaction payload payload_hash=5hOLJVf+VsfUZKTi8LdOaPiD48sWhUx9vLCpMM+YHXxYd68EwbCKHDuipV8REjudzoC/FLRQuExUtgg58KbsXg== processed in 127ms
[2026-08-24 10:58:19] [WARN] [api_router] Transaction payload payload_hash=vkZwI3QMLV21r/bTPph1oKJz+/xByjci5BJ/DGCPFph9v+68wh1mTQ1qTvYVCr4COPltEGU07sz4fkN7Gc2VTQ== processed in 37ms
[2026-08-24 03:17:08] [DEBUG] [cache_layer] Transaction payload payload_hash=o3UFxrddQcJ4hYuYLg8+qgkO7jjUSqQPp7v2RmnesXUGZZhZsMlctjmGIGsZYdtDJtWKv7+lWK2iJjecXtlgbw== processed in 221ms
[2026-08-24 08:33:18] [INFO] [db_pool] Transaction payload payload_hash=AL6w6amzfIsg60jYvWILa5RhjSbutsm6H5h0Fqab+7Fk473hLsZQBqxRtraNs/O1k6njxrleW4XBp7CCmog7xQ== processed in 200ms
[2026-08-24 05:08:30] [INFO] [payment_gateway] Transaction payload payload_hash=6lheHBe1oMCbmQvGfNU0EIZ9zd58zOittbAapZbShSmoMm8SXIRSGOI9JzYh9/GvulbHX112N+biRXA03NdcIQ== processed in 391ms
[2026-08-24 05:13:37] [ERROR] [cache_layer] Transaction payload payload_hash=Lqe2cLJXXlQ63Chondch/Zt7Wk+nAKSQhTzlC3WNQs8g+LyRR6EkkPs8QhALJlwp9JIUI3iPoeBKfc6TpfnqBg== processed in 349ms
[2026-08-24 06:40:58] [ERROR] [payment_gateway] Transaction payload payload_hash=96+WHrnoY8FaaKyxsnsY2VXVwphdfUDz/3EYLQ13lui29YMFFsHpPmy/byPFPd0+Wmx6NW7HGYevFM1VY5qhcA== processed in 118ms
[2026-08-24 09:49:48] [ERROR] [auth_service] Transaction payload payload_hash=3JOYapwfGHejHGo/mRDREAINxcwEcNlK4eWrvQJRR+jMgDOFBxOmg7CP7+AVUDJZPzovAVvdE6n3uzsSGnvsbg== processed in 103ms
[2026-08-24 05:01:42] [DEBUG] [auth_service] Transaction payload payload_hash=uRQCkGkDkulMjqYjKMO4tJK4Cpzkt87i24Ndm278lYT8Ud8aSidccQDhhHgooeJt0LUdQ41rqCBlbTqjDndcrw== processed in 410ms
[2026-08-24 07:16:56] [WARN] [cache_layer] Transaction payload payload_hash=hwZLWmhVmb/UXOJ93MRc4wOSA+0ATyuxBd7FceSZ60mW+fWmBPnq+gYrm0HBJMXvht95Wz/7Dg6bNt8mBn2DXA== processed in 294ms
[2026-08-24 02:43:11] [DEBUG] [auth_service] Transaction payload payload_hash=u0GLla0gF6kQbBh6qemyHXTeiY/hvk3BLZjv+cxUM5v9ZPL9BFqXrApKw1HBSLnWpD7y4RS+FO8/MwhPMF78Nw== processed in 177ms
[2026-08-24 03:15:02] [DEBUG] [db_pool] Transaction payload payload_hash=k4qD0qWPfXa7UXi9jtroPRovq1ORH9t1Z+mGXcDrXTiJ18KnQakgp0kTs3wygDI/Y8yFCBmbWSGpzGBb1qQYPg== processed in 329ms
[2026-08-24 06:09:46] [INFO] [db_pool] Transaction payload payload_hash=izz3Z7gcf2JpE+aMI7hPzxkzNLLBbHXnRH9+m1RaSek9WTLFl44Q/TLLpIGH4czp6al7+GULJesmJ5sGciqj0A== processed in 258ms
[2026-08-24 10:51:40] [DEBUG] [cache_layer] Transaction payload payload_hash=R23JEIvfYRJMnV59fKu6dWZJa5x3F73FgyWisNsfZax0CcXPIGI70gKLM/qfVvUTYpKxAysozZuVV4UhRdu53A== processed in 150ms
[2026-08-24 04:26:36] [INFO] [db_pool] Transaction payload payload_hash=WsjIU5DUHpuLkNJSD+KOeUvcAcJ4OUfKYg7sFR/EOyNhp03iKzkWZjNJsO2w9qler6lq0/3TQ8zgA1bdj/HEUg== processed in 444ms
[2026-08-24 03:03:20] [WARN] [auth_service] Transaction payload payload_hash=PyaT0fcYvSnlt/eu3R9Fl/6wi9uR4B3xsuNqAo/ZkjGXdltPoFYUOvKogwNFLBGuk+LizQX5yODXJCzok7wl4Q== processed in 39ms
[2026-08-24 06:16:35] [INFO] [auth_service] Transaction payload payload_hash=s80Zse18o63tBWmGuOnyysT5xAaqEheNjtOCqn99SxLt2tJ3PIWDUrBWBhDMPjkhrI/6jiIagPG4AJFhVUrWnQ== processed in 88ms
[2026-08-24 05:51:37] [WARN] [api_router] Transaction payload payload_hash=62WyPqkcHvOdtN8VWPb0HuEGMWXDo2hN3a8tgBNYNV85d0c8+o2dxLmaf/PejQEpiy7RZ1/A3pOjbEpdb6JZcQ== processed in 51ms
[2026-08-24 09:15:11] [INFO] [db_pool] Transaction payload payload_hash=mJv2DjCAaePUW8UDYU8bVd+pTyFDTcnckwqAgI/IQOvfkwo8rwI+tyqzQLQ9Jf9NDYn6Ju4gPi4wCf2Tk1qAdQ== processed in 107ms
[2026-08-24 05:52:32] [ERROR] [auth_service] Transaction payload payload_hash=avRcE/wyBlnQyH+joewvp9AJxLzlFZowbMzebgGh7Ok0o4wV/idSLQETnT4+fEn1L3hh/I3FeJRdSsJXatIiNA== processed in 254ms
[2026-08-24 03:13:55] [INFO] [cache_layer] Transaction payload payload_hash=WrAKETgEv0BwIhMd1ezBiPUF38JItC22A9nDPo6wppUtcjMTlEcgngMJi9yLk10jDUpm0JJAUJb+9AYYcxszAA== processed in 321ms
[2026-08-24 10:58:20] [ERROR] [payment_gateway] Transaction payload payload_hash=OCJdqzEL5HWhrfmpqUFmB7UwLYSV08Ms903Ep3bwyVwXC1AGVajhh1z0yjtbrBq21RxVSOu4oUtNJxQtQ/q9UA== processed in 114ms
[2026-08-24 03:22:36] [INFO] [api_router] Transaction payload payload_hash=0AM3Qwwc9sQgLU84TrpJYafBoAbG56kCkcrXSCb/t4LkcLkkIYutBySP8IHBw9lcAgEUFX78CxzDaej+HJ1HpA== processed in 358ms
[2026-08-24 05:34:11] [INFO] [auth_service] Transaction payload payload_hash=L6h1sDP2xvM6hgoCGaPd28TSiYioxHjaFQldM7+hOiFWys3RDRgVoSlS143ZPHKrItwWjP02wQp8zr9vtHa40g== processed in 445ms
[2026-08-24 04:25:36] [DEBUG] [cache_layer] Transaction payload payload_hash=XLLkf1lRqjYbYRcNhtZoFNH2hFaAy/8ZxtdF3qxZ8CmZq2QNadnqX/S02e8KE/8tSCYFMqa+5gmH//8Dk5xi1g== processed in 489ms
[2026-08-24 11:10:53] [INFO] [api_router] Transaction payload payload_hash=dnyFdr5taoQ9CFlIOu5h5jHSJWBH3CsrUQVNIRs2xKhOI0LZJlGFsuC9igx0LmCZUM6QxFtThzTwYp0Kd7PvKA== processed in 137ms
[2026-08-24 03:47:07] [WARN] [payment_gateway] Transaction payload payload_hash=dxWvhq0vWrk+70DBV6zD02sRMgkIiRbJBFDzb1Fa5NvknNK5VhnLcwmlWoeMbB8zsA0gh2aqU6erk/r0r2CiIw== processed in 126ms
[2026-08-24 09:14:18] [DEBUG] [auth_service] Transaction payload payload_hash=U7XgyyxmqVHcAqjarC+xCYZb7LEeRr9WEgjOIgiUHvIC1gGZGUgBfrJbjLqR8jZDjeO6XOhfAUedUh5MWzRCOw== processed in 427ms
[2026-08-24 06:27:54] [DEBUG] [db_pool] Transaction payload payload_hash=1vd+vCgXgECXfc3PcS6s4Qm+f+ZolSxU95SIg+IWFSyRKvLQWB/qxiRH/YJLVoWhQCo4RRYoBzT31l0WALhmGg== processed in 494ms
[2026-08-24 10:55:20] [DEBUG] [auth_service] Transaction payload payload_hash=es29tUM5wUMizTPZUTZhAD7sNgRzKO2zUsLtAOBRy6id7QZE4loZ0ziBCR71e8E5RAHJ6O2wg421RE1jq1QswQ== processed in 451ms
[2026-08-24 11:05:15] [WARN] [cache_layer] Transaction payload payload_hash=+ugP/ifH+AaI7QboQQpjSsNBxfp0d1rTt8uEIyT/+smFDJZhC4Hbd4f9nX19Pw6UVQ49q/sdM/YFA9SRblTEow== processed in 413ms
[2026-08-24 03:22:31] [INFO] [auth_service] Transaction payload payload_hash=T6uCBSgnFKZi07zQscLj9wRCmApB8U8JzazE4RtkYOjmOlX37sOmDACt/vCqx+AqRc4lW7OvztXQZrqe1TkkQQ== processed in 327ms
[2026-08-24 08:15:01] [WARN] [payment_gateway] Transaction payload payload_hash=4Fdp9HQmfkpIrPAasl9O+DSNr1mNuzxeFgX4C3Fx9iOwhCKud21KUebVazWi2CPlGVhCe+eUnCmPQb4k1GqHRw== processed in 472ms
[2026-08-24 06:49:34] [DEBUG] [cache_layer] Transaction payload payload_hash=KCjPhO5W+B2wBIWKIaLBQgyjJmZ1nidLu6cYsizUqE6CNTvokX05mP4luB99kYghuZRtI9d8fMpsc+fmcEo5SQ== processed in 445ms
[2026-08-24 08:21:05] [INFO] [auth_service] Transaction payload payload_hash=S6e27D6VNB5CXBI7ZhdIQgLROenoMiMa/Af0Yn1d722kogbsWtfJFaEyWpQCojgEFV7gSVSGss7PR1hJ/YoMrg== processed in 178ms
[2026-08-24 04:36:10] [INFO] [payment_gateway] Transaction payload payload_hash=BRaiGbaPdFRdNDpBkklougrCK55sYWa6Aeng9nOfJqGq3FBSQWsit6Vq3APGKcOzcP94Xh6ycPUbF5Tlu+yFaw== processed in 354ms
[2026-08-24 02:19:05] [DEBUG] [cache_layer] Transaction payload payload_hash=FoNp8Ydr+NvAvgDRObdltXIfMi+b2oLlOU3/OlLR9OooC8KS8o4xoh83u5qwmuBc+b68wBv7IKvNnaRBFLtgsQ== processed in 19ms
[2026-08-24 08:48:51] [WARN] [payment_gateway] Transaction payload payload_hash=6Dj4FXz51IdVsvEcGpZTzE3CP3sVc9CPhr8oPqlgABZt+ILhxHDTltWXu5UBwWu7clS4hCP8LWC5cqoMtsbbvA== processed in 176ms
[2026-08-24 08:35:32] [ERROR] [cache_layer] Transaction payload payload_hash=Ct+VFePLxmmkx9PYuRS9RlWtWgvaXwGL47oP06ZPYXOuVOHo4ni910AlqErI0vwsNEYER6JMxKKLs/eBUe63fg== processed in 296ms
[2026-08-24 09:00:29] [WARN] [payment_gateway] Transaction payload payload_hash=es1iqo8Se255MyGgLyPajNaPRjgKxiB9LtQS8egCeillOanNMAlWVzcgTakAv+tnB7SWqLD7nMmG6mRY1w6zyg== processed in 352ms
[2026-08-24 10:58:08] [ERROR] [auth_service] Transaction payload payload_hash=4U1alBN3lr+9Edh5oNVELPVWrsKCYpSIBvowikMBM2KFeQAmNHBTEHXVqJ0LSWebxqJhxWTAKG4a4QICZDdInQ== processed in 327ms
[2026-08-24 11:01:16] [WARN] [cache_layer] Transaction payload payload_hash=un3uVH7MANjGdmecz3y7UkD/hIVtmjM14R/tlkoX0J8NT4jv5AgiBPJcg0Gf1bES2uxpIqgfyYWCt+FV/Mim5w== processed in 383ms
[2026-08-24 10:45:35] [INFO] [auth_service] Transaction payload payload_hash=YE3pJwH+hh3PrgHwv4wZi5AJvBbnIKNpc1rov6p9Hucu5fz6Y2TRVbdlRUpbZB6t+Jh1QDb9QkOttTduGiUFkw== processed in 110ms
[2026-08-24 10:32:36] [WARN] [db_pool] Transaction payload payload_hash=1Kowt47eXeh7hYrSvzn1rRp7mPJQ9YWrESO4tLAaoSfQ9/6OE67n4F10r+E3UZug/0qRL0ZLzUHlWpIU+g8JOg== processed in 173ms
[2026-08-24 10:02:52] [WARN] [payment_gateway] Transaction payload payload_hash=S8ISyJY3Us8YX+OsyWoNlpRP0bN7wYIKMKNvGeKJdCMoZejaXlQcYaQ/SeNwR/D02c7g/Pn9uCAtTWEUHflkjA== processed in 433ms
[2026-08-24 08:20:56] [DEBUG] [payment_gateway] Transaction payload payload_hash=f9aNKdjyIxJ7GyfRmEBs6/VoDIQm9qjzM9dmEQTQO2Mcihg3qX0ljOF4W2zHaUyXAsPB9eQoxhhOzeseUfSg5Q== processed in 128ms
[2026-08-24 05:14:30] [INFO] [payment_gateway] Transaction payload payload_hash=zHDgQ0TqW6AGFmJe8yp/5PF82dyc5dCA9Zq79LnVaBZvBkE2wnLxZxWCjQvW2lPIwqnYeQVkemBLr5b98Qrdpw== processed in 62ms
[2026-08-24 02:28:06] [DEBUG] [payment_gateway] Transaction payload payload_hash=V3JUHg3l8pp6DNy+QF1DjguyIwz88YbVt9OswjaArQd6NfIjUWgNpCBs/cLbfFKQDlXfOM6jTtQU3C0eAh2iFg== processed in 303ms
[2026-08-24 04:40:06] [INFO] [api_router] Transaction payload payload_hash=9XKGe6gQinRof8OtWZwiGfWE7ORLdWTFQKLZi5iG74X9BtS8DgIgq2SONs5zI7T0OQoNz691aQCRHyXFOyJozw== processed in 231ms
[2026-08-24 10:46:57] [WARN] [payment_gateway] Transaction payload payload_hash=ZHZ20daZXnUfhs4B5F50I/NI9eR8uQpD/V1CmLrDZH4AkAAx0UZ1R6y3CyYhSzz3myAaI84acoJm7FZg0kDPzg== processed in 143ms
[2026-08-24 04:12:13] [WARN] [api_router] Transaction payload payload_hash=a6fpdMiXjrPEWOQ62hG/KkyeWuSKUqJxZ00wcIU73cPh/1Sq0ek8IZ/UB+GJ/W1RYjemX2b1dssQ6wkB6IsN6g== processed in 485ms
[2026-08-24 09:38:07] [WARN] [api_router] Transaction payload payload_hash=u7X743Mi+bQNefcJx1Ca+2f3Uxgo5BGtV5ZKjCxMtGkCfDkmaBVtUjTmyS9K60Fysmd6voyMJ5ts/CqMCEQbrA== processed in 88ms
[2026-08-24 04:53:03] [WARN] [api_router] Transaction payload payload_hash=IcAbLo9K71F+D0wBg9xM0EPSNW4YEvAP0ycH0BktOynKG21aRzxMGgxYKiQbU6cCWliaaMTCFXazVeRvypsXsw== processed in 175ms
[2026-08-24 04:43:28] [ERROR] [cache_layer] Transaction payload payload_hash=EFo+QdRqDKXyP/D4HKIrqXPJrvdNaBb0SOrEK7MgmoSQowJNBLuST9zqe96SLJ/L8tVQ+CE2vfqUVyd70yNNzA== processed in 177ms
[2026-08-24 05:46:30] [WARN] [cache_layer] Transaction payload payload_hash=9LzU0Et1HVZ4VisNiqUn5ziL5GEgIQYz156pVOZN+g8Fx1dhYea2r8n4NljpeAqc3tXaUlM+RMctVXuUD2nPDA== processed in 113ms
[2026-08-24 03:57:40] [ERROR] [auth_service] Transaction payload payload_hash=wYU+NeKcdk/VSS0E7APgdbVgAQwYYQlJkQA25mrPU2RiRb3JxRcSm196T/lJmsxNaLwct32xmlPtDIwzJcq/TA== processed in 162ms
[2026-08-24 10:22:34] [DEBUG] [payment_gateway] Transaction payload payload_hash=59F/zL5BvBVSCF8zea0N7gsK3BHG5Fpq9ywJY3KZaLENo43g3xp6q+Tk9eJpy8W0jPZOpOfzHWkHzv9uwea2YA== processed in 148ms
[2026-08-24 10:32:30] [WARN] [cache_layer] Transaction payload payload_hash=FYbZNUul6TKG8qZwCgfYfFS8uAerOxAFNwHlto3JCk46/YBoTeOhyKvLXfURT3a7P+dDFbH/WD5iVAIJtJRqxA== processed in 382ms
[2026-08-24 05:27:40] [INFO] [payment_gateway] Transaction payload payload_hash=eA5UvZkPxI4gD6pCF1de2GK/KouKlF6VUG/JstU5cAcRtgSNWGSMg+GNo2YD+6FatUYQBSwNOBvr/0n1a2MvMA== processed in 393ms
[2026-08-24 08:45:51] [INFO] [payment_gateway] Transaction payload payload_hash=ax4iuqrGc2H4dpJ4fFIwRfjpuQ9xkrLNZuRKBjuzYk9fa6JxmVPHLQRr9haj5XM70hdtqD5KfzCjjeOe/d022w== processed in 434ms
[2026-08-24 03:41:00] [ERROR] [api_router] Transaction payload payload_hash=LicCpHWjNE4U4fnSyrSrYhU7Xr1x1gQzwLm9PvVuwcLS1knC0XMyGWfVCSLalEh2rQXT1PuKvM5sHXQOTDSLEg== processed in 158ms
[2026-08-24 08:00:59] [ERROR] [cache_layer] Transaction payload payload_hash=h4yFfX/46Ue8hX/MuB7qRRgxa+JpgZ9N7D9C1znMhis7QlEohofwEMiMtTRuPQk3mA4YqwPelL3HyXa8YtVqEQ== processed in 417ms
[2026-08-24 09:23:20] [INFO] [db_pool] Transaction payload payload_hash=fjJpVnkKzVm8AIDfXJlhj4PMTgQSiiXwUyeNquviwZvjyurGF0gDr8os2WiBQjNFgsK5o7JhSSxfG1Sq/DFtVQ== processed in 335ms
[2026-08-24 03:42:26] [DEBUG] [db_pool] Transaction payload payload_hash=Y3gm2TE97bEY/TJHt/seR50b5Kwj8vPo+FUjSrXcmCrDGgS3T5LgArMyKrTREiIPNqC3FIvf/iManYyMcBvNqw== processed in 492ms
[2026-08-24 08:48:24] [DEBUG] [payment_gateway] Transaction payload payload_hash=aryVh3hvRqOcDiAhRbuJ8Xj0+I9y7MCgvbxmlUJ8/8jL0z6Ssy3oKqGx+QcBnQYdmRXPzDUpTlZk1iyYscKLiw== processed in 153ms
[2026-08-24 04:52:14] [DEBUG] [auth_service] Transaction payload payload_hash=3WlyLDXKgQAfP3nlY6DZAEd8pvmpwto0Cr+RZjOlulwQGgFfJlMZ9wjM/WHbE9N714pi5qlyv1+RU5amme9Rnw== processed in 47ms
[2026-08-24 03:43:01] [DEBUG] [auth_service] Transaction payload payload_hash=+ABaFgXZ3k966GvlmOMdHE8F02Rt3T/W1TXVBwwbZqZAmfNfj8ZsfxBqHSY3cSjBDUsn+IuqEvnLFmhEBKp42Q== processed in 108ms
[2026-08-24 02:28:54] [DEBUG] [db_pool] Transaction payload payload_hash=XUGjTKvPBZ9oSWYlBhNH0iNAmUu3FF3QiF4g/LXn8JQQ0Jg6NWoDAMdOkXm+Vu5xVKppZAJ7njl7G8qcDI1HVg== processed in 200ms
[2026-08-24 07:46:33] [INFO] [cache_layer] Transaction payload payload_hash=TGYEvXfdOGkIM+hYPkMf2C/KM3uBEcGdiNwh87KI2ocIFaGhHzd2FVjRVhQmpM2bwt8mWgC5kU4iwq9JzhZSIQ== processed in 218ms
[2026-08-24 10:04:06] [INFO] [db_pool] Transaction payload payload_hash=gIm5FqBp7LEnl2Zn+U7JXWLD0GjE3uqNo58Oj3JtSZIwyknQSm8lgX1KbVj3RSZIcoVuEaHOvNbbLSh+K06vlQ== processed in 204ms
[2026-08-24 05:46:29] [DEBUG] [auth_service] Transaction payload payload_hash=8Z/hCuX4Nw3+yHbf/hxoJs51QzFFuJt6nZ6q8xi5jUw4iDNI4Ouas8b/tyeED4tX83YtEAyqRl4oUNw2lk9vXQ== processed in 115ms
[2026-08-24 05:13:35] [WARN] [cache_layer] Transaction payload payload_hash=vJ9mWNbH6B6mE24gwTom9lhdoZ2IvAAVJNKe5Mx/RbT0r0CKTRIRIcAUTpXg84ZxXkDwal0bGCuV6WT1bcgr3w== processed in 28ms
[2026-08-24 08:43:43] [ERROR] [db_pool] Transaction payload payload_hash=aUi0sJO/UQd0O8OZdEC7vM3M50BYeviYfn5G5TeuYNxvbPbgOPChBAhR9C02x3zqelMhFfiRfvg/SJZyjeMRUQ== processed in 302ms
[2026-08-24 09:51:41] [WARN] [auth_service] Transaction payload payload_hash=6w9ChjFf0JH7UIJ0OdvjnDHS8r1ifc9tyJe8AM4L2bea5g8SBtcsvz6+MIusXPbnfA3gNH3iMlQ6fX/sqjM1lw== processed in 225ms
[2026-08-24 09:33:23] [INFO] [cache_layer] Transaction payload payload_hash=jb+sKEk/wD0Uf8tti1pjHN/j1i+Akv/SJskeBpILksqljIGMao9ypcn8DOmoZLiPwrozEsXCoK8xxmyuNosdNg== processed in 314ms
[2026-08-24 08:24:32] [WARN] [payment_gateway] Transaction payload payload_hash=saW7dOtOp4EnP7g0q7kWPg+6a0X4bAZsIfGe7O1JU879OeUMnPf2d4w2PkdDlLHTiTwgZ9j39rMaD+3zADIoxA== processed in 255ms
[2026-08-24 10:38:00] [ERROR] [db_pool] Transaction payload payload_hash=BX/mJwkDAHc4t4GN2SEFQHpAYubXFBZ79P61cZwCiYzPzwobXqEIPko/rfuRNTdVgi8WeqMf5BhXamAR8l9KxA== processed in 361ms
[2026-08-24 10:57:41] [WARN] [payment_gateway] Transaction payload payload_hash=PfBIlngy4fauM7X4F2OpyBAWtluNXxhhThXEALsNrzxRLbdj7OzrzxbZkMLkVWha+g2ooUnAmgvUIZP05oIo0Q== processed in 359ms
[2026-08-24 09:44:41] [INFO] [auth_service] Transaction payload payload_hash=oppYC0h0rJZCYqTR04FQDU0YY2ZVQ/AJ4J7JIM1oTregMs45q7UQwPJfEvU9EDgeVJaQTLNTCzaUlBHq3crNVw== processed in 494ms
[2026-08-24 07:42:33] [DEBUG] [db_pool] Transaction payload payload_hash=apO+SZjNbYReGnuvCtM6ZJNbe2vYnFAm0m6xF4hIw5xzhZraHmMtC2uIKKIYUDV9d0wHhkYEdcotDVSp0Cf7kw== processed in 470ms
[2026-08-24 02:31:41] [INFO] [cache_layer] Transaction payload payload_hash=jn7Oj0xrXODOyHrZrmj6B0NbYsaf+BStwyeMMtGd4pW10b1ahuN+wNvyyWoo2q+GVr4iA4ko9vuzsjUbsikaYQ== processed in 486ms
[2026-08-24 05:18:56] [ERROR] [auth_service] Transaction payload payload_hash=mgfYVYbXTPR8Yng3u0DLYWxOEE6+M0xL1ZQTPC9yyaFKEp9XjcK4J/NBpo/4W31WSQEExxqbmnszKvqgAsYjsQ== processed in 212ms
[2026-08-24 02:27:45] [INFO] [auth_service] Transaction payload payload_hash=l8znjv+Shrh50eIk1xFLE1dI0AO4kskG342HKafVSXpOKxMw0TfJHyZ+GAS7QlzeTMay5HSujgMoTCHZkhN71Q== processed in 85ms
[2026-08-24 10:42:02] [WARN] [api_router] Transaction payload payload_hash=S2aMagG0b3jC/KdmXz+BNObMZpJbHkU4vSNFPPiwc2l08/q8ZQe0uI5XfgdZQkncowhD76UPBWwEXUtauP1m9g== processed in 82ms
[2026-08-24 10:30:03] [WARN] [db_pool] Transaction payload payload_hash=PtzI4POBeaeF387VvyCGIyHvdA92/pXnUG/4pijynnufpEp7QZiLI/aUVKQNVaLOqM9tgDyzRMZOgDBiNNeihQ== processed in 99ms
[2026-08-24 11:07:48] [INFO] [cache_layer] Transaction payload payload_hash=gBjPmOZ7A87vitfK3i3Bho+bzopBWifQqsPNsU62WmD1NFnriucnevaW3Q7DSXefSTDuhRR9Fc5mb69dcAgpAw== processed in 26ms
[2026-08-24 05:11:13] [ERROR] [auth_service] Transaction payload payload_hash=TlKPHyn1vftGiRxQwGOXyitjTiLd4JH1kry+NASa87q2SMOZEsG4YkGu1mNlFVjTzlAUtj0veFNLjVFRQQ2CFA== processed in 139ms
[2026-08-24 05:16:54] [WARN] [api_router] Transaction payload payload_hash=u5AS9A4l4uimtN7ti9+nt4ersML63cb4hOc5OUXYspUYpuBsoJGLUoKg4KQ2fwD+aEkmEx8pJse7aEIg8IX4cA== processed in 389ms
[2026-08-24 07:18:32] [ERROR] [api_router] Transaction payload payload_hash=z0roXLwp3Dae0NKnmR3oGb0IjUayYD7G+6laB9KKBYNURphX+/vm0nRjRHy8NV0kDJyO4a16qL9UuujdAV0cpQ== processed in 192ms
[2026-08-24 02:42:16] [INFO] [api_router] Transaction payload payload_hash=d19XxIPbCLnWPUfHp0UOCvJXGJqzL7R0neBiq+2MK+o31lRELQMGUBR2vRtZjnZvvESonofk5GDYqAwkgUQqsw== processed in 128ms
[2026-08-24 09:25:36] [WARN] [db_pool] Transaction payload payload_hash=MzskYlSaWsn7nm1pLApy3S/e9JAJ1Mro2lMB9azqW8+dnQJnAAqRo2xNO9JZQVfZjSVSdYOf4LBdxu8Yk6SsfQ== processed in 212ms
[2026-08-24 10:11:17] [WARN] [auth_service] Transaction payload payload_hash=a51vofNL4RQGyiDZITj15QljboFpUll1ObZ0XWaVBJHLa2hU+8Z11s5Pme/RSWbz1PPT77X1SSVfLk0c91mcwg== processed in 347ms
[2026-08-24 03:28:49] [ERROR] [db_pool] Transaction payload payload_hash=7RM081FHtQ8AVaUxdNuf2DxHXkOzWW9KlTXmb+dO8rl17UlZIM5v7BFPOYZKI4arTWMWlhyRQhSVa8QFGyFX0Q== processed in 428ms
[2026-08-24 04:49:32] [ERROR] [payment_gateway] Transaction payload payload_hash=poL+9fzxSsYE7sqOvQwqbmAZB5X3ohdUooOx+S5sE7hTttXaj0qSC6Izm1E+6zwxeT/B4Yh4EA6AEZ3+JwazJA== processed in 65ms
[2026-08-24 03:53:31] [DEBUG] [payment_gateway] Transaction payload payload_hash=E445Pey8vSlpa5UnuqzTXEG3KaDf2+5xwi2joK2+9PI83iQdW1TstKR+EX+GZWZWJksdEOWu974cXCAM4SlvFQ== processed in 383ms
[2026-08-24 09:31:19] [WARN] [auth_service] Transaction payload payload_hash=Mj/CvtC5RbWDFRCtAKbp+AfsSjXeF0dO/3Bj+SoOGyTVYLuwWq9HgU/8aq28DtYpxZRlJkafO+Uvhlr8oR6DvQ== processed in 68ms
[2026-08-24 05:28:55] [ERROR] [cache_layer] Transaction payload payload_hash=u9iyxAfrCpUIBCEXsxVZB3aiK+59QL87/QYxDedkPhJcC26gHLO0r5uE7H2sEva1b7qNu294en7mtDl5VyFOWw== processed in 415ms
[2026-08-24 02:43:34] [ERROR] [api_router] Transaction payload payload_hash=qlqoMiTDRDNnHO+lPOEIsoKNXyep7PfW5OcJcPM5/7W6UF94IMaAnEuGHQJqNFIUeNfjpoqLE5gEZ00wouD59A== processed in 312ms
[2026-08-24 05:44:12] [INFO] [db_pool] Transaction payload payload_hash=vDXSWcCayeEeEX6vb5G7rgqx/o8G1M+DIyxaO3AZHsUMoxvrsrueappUnPLnIOs0cVWTNZ+T5hMHXpR8CuCjiw== processed in 414ms
[2026-08-24 04:21:43] [INFO] [payment_gateway] Transaction payload payload_hash=mf+i9BsXGcczB7WOHd7DXDf4y2q3AZGRPse4Uuq3CPTg+FK3QBKM3jBYVU+8eLXGiDEX+USAjcneJQANur+U7A== processed in 326ms
[2026-08-24 11:22:08] [DEBUG] [db_pool] Transaction payload payload_hash=mzL8n+D78n0YVHqQtJoLHsxJ2lo1sWllGsrKXJF/VSr0/VV3oHFqgjxjxGSXs9oV2aF1iUesJmMAK6FKYbCeIA== processed in 386ms
[2026-08-24 08:26:21] [ERROR] [cache_layer] Transaction payload payload_hash=eqzp+++SStTIpcF1VVIUdj0q3rFl3fn64LWNsi/ojtRWXBctZLyqIVGGa/b7rme5jmFqV6e+DXp9eOCbVL8n2A== processed in 104ms
[2026-08-24 10:15:53] [ERROR] [auth_service] Transaction payload payload_hash=RTCoy2cmfO3kBqiYS2lmp4FDAPIKiud1DEzXesRyS4Opwo/WEDUBwHYHG7xRsi2WoP2izHRBSZSUowF649ccZw== processed in 472ms
[2026-08-24 06:39:05] [DEBUG] [payment_gateway] Transaction payload payload_hash=gpVp+LK98yx1Syi3oKfc9w+d1fH8qIDwrVURWuPt8AeCx/Ub14T7YsIvJNnL1nbwkSqMyGVXsEmkI/e1TjhyoQ== processed in 70ms
[2026-08-24 04:20:26] [DEBUG] [payment_gateway] Transaction payload payload_hash=Anr42CJYMmb6FDXDsK3h6DvEZet9zMdGGH0H/yyJfYy3HvN1PmtrFXBOvjru7lsNt9K/7m5WFCQtcPEu7sdqSg== processed in 336ms
[2026-08-24 08:45:48] [ERROR] [auth_service] Transaction payload payload_hash=ju+heCK4eui2GPahYRPPKHkkkY+7q5zpNGGbCf+o+cBDT36eb3xP3RfWvPoDuYvzCtxXUhK6ORlgBbL/88NcJQ== processed in 86ms
[2026-08-24 08:39:29] [INFO] [payment_gateway] Transaction payload payload_hash=2EZ3OBnPY8UXzDWKOs2tuBVGBpuayZchTUo9Txrcfsu5zp4HDPy5JwNmXQ3AXz2ZlLwpKbAOzeZ95786TSKvcg== processed in 198ms
[2026-08-24 03:26:26] [DEBUG] [auth_service] Transaction payload payload_hash=HihLfK5MNquoVvThrddIheVY9LQAnqG++IFJkDOqLTIUPSIv7H+s/Pxn7+V/YxU6uXA1NOmdyiWEC/iF9JcDVw== processed in 344ms
[2026-08-24 09:16:32] [INFO] [auth_service] Transaction payload payload_hash=46rOenGI0saapM7C1C+piWGgAc4rxYHffY961gX9zgG8NLrC5kSOlyKa19aTK3QFURskeINIEosIOt0DbjSeGg== processed in 204ms
[2026-08-24 05:21:10] [DEBUG] [cache_layer] Transaction payload payload_hash=dQjvlxrcD9ut1E5r9uH1gNW0UpskPyuYiNKq9E3SeAERzu53mnNn+sulMssNWL1vy8JedzkCd6wyCGWKl8OPGQ== processed in 85ms
[2026-08-24 09:31:57] [ERROR] [payment_gateway] Transaction payload payload_hash=fm9BKYpQsZZWSdHkVkgO6RSK8S5FymR56BPH8bH19HM6LkT2NiKhtUpeDbmupDLvnFXvz57N+jjlM0AZmq9rrw== processed in 219ms
[2026-08-24 10:31:13] [DEBUG] [auth_service] Transaction payload payload_hash=116KzOFT0C5VULa0nx2IKynZ8nLyHIWvGYzsMXbt93zkBnnfA1Z2PG1wRmLj2IWpGH4+KEezwrxGbKmV4nOmXA== processed in 48ms
[2026-08-24 08:41:00] [DEBUG] [api_router] Transaction payload payload_hash=IjhjRlHvlAAq8gWVWVUrzHr6PDOEycP0ndmwLEbSm86EZqmlfxA+IuJnCQI3hLsuvbkJ22mWGIWk0OuTKTdqmg== processed in 80ms
[2026-08-24 07:44:21] [ERROR] [db_pool] Transaction payload payload_hash=D8yQkoEs15klqN101HQ1GB2/ok7ychw4SBd0hzSQnnbBmykhSBT0UbCYjvSFy01W0sZwBR7cXPyh33kC3qIUug== processed in 386ms
[2026-08-24 09:02:22] [WARN] [cache_layer] Transaction payload payload_hash=BXFopdL3DT0pVOeNwS4ae9TuGMvt1Pj0Ey9Qc6eUHj/pY1DOEQdfllJJQ0kcB1asuHxlgtBG57gclB0e5zW6Lw== processed in 107ms
[2026-08-24 08:35:43] [DEBUG] [api_router] Transaction payload payload_hash=z6J+v1eCF89JR8YUJvyBq4xi5Xt2FknMiGMZKfWx43wIBQDX5RFRNqMmG6NKD+VlawGqrmrnf3YdJV9TN+pMIw== processed in 475ms
[2026-08-24 06:24:59] [ERROR] [api_router] Transaction payload payload_hash=Z1Dkb0FC8njEOJ/MGfad0veomvgbqWVHNR6QVECiZNHgvUPo+vs9yj6K67TsAQNWZ+yGGkxWHzYNc5VXqRL3hA== processed in 201ms
[2026-08-24 07:37:13] [ERROR] [auth_service] Transaction payload payload_hash=xpKkocbAp/pv/HXDL/+8Crzi8TpmRTrw/5G+vxLzNIsKs9bUywYmYyh13JBp+ITjdwuHmUsBhUMI9FxsBVAf6g== processed in 62ms
[2026-08-24 07:36:41] [INFO] [db_pool] Transaction payload payload_hash=oSabnHoPWKb/4mfA3c7Xtu1fqsN6VDEpGCV3SvzszkRbkesIo5+tWkD7h2mvhoWK/jiXrU/NpAS/5FHG+u3OYA== processed in 428ms
[2026-08-24 10:57:58] [DEBUG] [cache_layer] Transaction payload payload_hash=Eql8EZidnOjWAZ9PiMsg587ssR5MdoTGHi6lVvuEYsCMGy2+Td/I9XhFKaZxBkMuorcfP32/DMuM2KUsGTzZQg== processed in 299ms
[2026-08-24 04:31:11] [DEBUG] [auth_service] Transaction payload payload_hash=gLfNw475e9gyXU2crPLQ9o+1L2hiFMcgiQX1hr+ijlDgqYfX8XuVrjDSlmBmtSPsKHhDx2m2OreHC8O4fp/Kkg== processed in 3ms
[2026-08-24 09:38:11] [DEBUG] [api_router] Transaction payload payload_hash=xf8Don9ioCjfL9cs2CJzTxjf8JuV1Rt7FpOBL93KPoANu5AOeAvR0umFdkkaf8ZCYpOo92aNDwKUYrKvkV888w== processed in 135ms
[2026-08-24 08:41:00] [INFO] [payment_gateway] Transaction payload payload_hash=w9RPv0aA9YAz2w7F+9HOscNlnJQJ8uTW8kypOj4STQhC8G3zqnYRG9U9aiX7AEPfhIOOPjvMOg5R7fqHYq8OwQ== processed in 147ms
[2026-08-24 06:42:04] [DEBUG] [cache_layer] Transaction payload payload_hash=3gR5wdc60hfonDAygNkRq8TbhTiH25oN8VhMsEbXWBYTbMdi2Q/1hvYzxBlopWbL1YtbvQA/H4LRehmvJnZWXA== processed in 211ms
[2026-08-24 06:13:54] [INFO] [cache_layer] Transaction payload payload_hash=Nw+ApqvojynqUDgNpJpS4aqDzWTfXtYf8dS5cfTlOGxRUxUTftJmLt5sBlFchcQPkvVU7sQkXgOkYoxYMZQLiA== processed in 112ms
[2026-08-24 02:58:20] [DEBUG] [db_pool] Transaction payload payload_hash=PxX28ehxf1QcqougnG/40KwrshunH2l6k7biKXfrmi0fUU4XUrVS8lCODvNF+57io6dxIDaWK83LyTT1GNBzTQ== processed in 143ms
[2026-08-24 05:13:07] [ERROR] [auth_service] Transaction payload payload_hash=Qds0hp0oziR63DOt88Ak4dKdHbmuLYjmRBEZqCYHhgf6K+8CkjGiM1E3AXOWOWdEmZnIgNauTxr2cHwnCjzstw== processed in 40ms
[2026-08-24 05:05:00] [INFO] [payment_gateway] Transaction payload payload_hash=t827k1X2GmlH08yd6QM7YZSEOedroFwivrY19HPjHR26XbAtOdKSS34KinZikVlIsUFyw0alpne0TVtRkI9tIg== processed in 176ms
[2026-08-24 02:39:02] [ERROR] [payment_gateway] Transaction payload payload_hash=ayc7TP1TVrBO171xhJbKIYT++0KwgfXx6RRPakwXL4Mb+9+uWu2oKEU5Sna5Q6moJlMVQaeLKAZ957RzX48yMg== processed in 256ms
[2026-08-24 06:34:07] [ERROR] [api_router] Transaction payload payload_hash=OnP4a49mVsG3KaSXy/K5uDRVSDf1sljBj6pN3RgZx24V21gQ0lgWlxpExWQTQM8HuqvKpyYNggK0ceS2DdEhbQ== processed in 41ms
[2026-08-24 06:16:14] [INFO] [cache_layer] Transaction payload payload_hash=/vWFeQVIAwWLzi3R8LPfVbAUB5eGtCI/CHSS8jl59m9yW+4tY43+freDMg+SRTmwLzXXn+ccdhFU1ymQ3ykHXw== processed in 417ms
[2026-08-24 05:32:15] [WARN] [auth_service] Transaction payload payload_hash=mZHeQw6FNEF4CaaypbDWOePOGsk1a9hhTGfGqiNl61EK6XjbNLuxrVRNu79D7vA363OdSsFPFzfON6WW9rfVvQ== processed in 234ms
[2026-08-24 06:24:19] [INFO] [cache_layer] Transaction payload payload_hash=Uz3gRPsCa0v3Vq3FtTYf9K1GRWUD71nL943+vQpezcIXQadOVdmgQHkpvQG/RCXnswY3V1HA8byq5QASPFqIhw== processed in 356ms
[2026-08-24 05:18:50] [ERROR] [auth_service] Transaction payload payload_hash=Zr+vlRJB/0bPa5HKxCD+Lr1frfCpxIgxCgzI7taC045KZC80pp5tVDquJXEtWJ8YM9mMaHDSRNKbN0RgdImV8A== processed in 239ms
[2026-08-24 05:22:00] [DEBUG] [payment_gateway] Transaction payload payload_hash=ifcvatcHlpt8NOJFb2CixRkxvQrt0POMxGs7uYr5WJKr9/234UUZSYBXcjebUv9JZS1ZVcAVR8ZGZoii3qYK4g== processed in 73ms
[2026-08-24 10:29:50] [WARN] [db_pool] Transaction payload payload_hash=haUcnXmPlR595kgslc2sU5le51fAp1ydPW+0TvC2l0VwOPuVNKpjysV4yUUEKrOJeR3twyKcRagW7qhN/MXC0g== processed in 269ms
[2026-08-24 11:09:21] [DEBUG] [api_router] Transaction payload payload_hash=WMtPafzMKw/3jp/1hPCtPrel7lOeSFhqu6SvviIH3FvsZAqeWujMn7h0Rl7u79BQJQ3GIS5qg+4YI5SbBAzCCg== processed in 118ms
[2026-08-24 10:13:41] [ERROR] [api_router] Transaction payload payload_hash=TcRI0G7ORPwNrdcZb4ZIyIwFWSQRwM34UNOpG+pNktQkZt9YF6gMfPGtLYR2BPL8TJ3z+sNvV9HdHmvuw2YVtg== processed in 463ms
[2026-08-24 06:06:02] [DEBUG] [api_router] Transaction payload payload_hash=h01HemRFpPU9lAveLEWZPdApXY1j7Horcv3czHUumYe5UGdo2pWmzs/xrMgokUJ3G7+b9EUsNrTvkECo/6ugxA== processed in 52ms
[2026-08-24 05:22:36] [DEBUG] [db_pool] Transaction payload payload_hash=sDmB6Xcxlv+MDD6Bb7cIa+O7jqGWPIjW+VIoPJankbQsIh1fysmqGtL1EfSFOudI/Mo6umPcCzHh2+I4Z7KGKA== processed in 423ms
[2026-08-24 09:15:20] [WARN] [db_pool] Transaction payload payload_hash=F3iw5/vCG0ElnJ+m0PGulNAuNVivxJNA6eSLg+CO4WTb7OI0/i+02OmFbP7Ki7n8r6SU6Rfy8CwYe0ZAq4EgBw== processed in 27ms
[2026-08-24 02:50:27] [INFO] [payment_gateway] Transaction payload payload_hash=1jl3YH5amMMYslE0Q0GxO0t2yshdGL6dFgoyG83bciPATfLu+SUvNO4HxJlOOjmeWCghRsgdFPCdLspO7gqlNA== processed in 397ms
[2026-08-24 09:12:18] [DEBUG] [payment_gateway] Transaction payload payload_hash=YaqrefZ1IoySuD+hVJUXdEG1YYBkUCdBfgBFESU2fUgOFqNOV8CbWkTTmgug6sH3/Bz3mzYZFwIbYe7SAHKn9Q== processed in 378ms
[2026-08-24 06:58:38] [ERROR] [payment_gateway] Transaction payload payload_hash=JNyKO1exGbGXf0x9qIHl+WqlHLWt6XgVWZU4tixQtmn5n1Ab0xdFOYZeJDDYwqGt0vEXfnB5WG+qdQRFkk+VPA== processed in 194ms
[2026-08-24 05:59:12] [DEBUG] [auth_service] Transaction payload payload_hash=iz4QjpfYDv+MDfZpZEZyzZW99/GyxnSWKrC9FUyX/Tbo2umX87sao4L1crE1afyrlVsniCEFscGJy/ZSFHdCfw== processed in 288ms
[2026-08-24 04:16:09] [ERROR] [cache_layer] Transaction payload payload_hash=H+mLlgpnrG8DRZ9Dpk7QLnAoSuAQ0XR4oKtPzMjjPkF577uiIozZJcnMIetOS6XUx7Lz/9u04fMrxyi4wnIsmA== processed in 342ms
[2026-08-24 09:12:28] [WARN] [api_router] Transaction payload payload_hash=40EVTyuGGKSGZMk79HlkjqVWABgXG44QHdpIB3oVSOZcYJjjrA6GfN3Qm+kt+8sPZ2eRxsfXp4iN7TBKcdxuQw== processed in 237ms
[2026-08-24 10:54:26] [INFO] [payment_gateway] Transaction payload payload_hash=YsDxuj7VzoaFFhRtxMeasNyKCCw36vriiugZ0Pi+3+jAdO96nDfXdYu+8GwO0zUp48vzlXAdpW+3kczDzF8vgw== processed in 0ms
[2026-08-24 05:52:43] [WARN] [auth_service] Transaction payload payload_hash=wpX/b7DY++8yVvTf3x/Nox62v4+59oYQ5bbbJ+SYrR+bJp7jHMZvDpViEaqDDMML+txFc4OK84pIahnz9dcrnQ== processed in 234ms
[2026-08-24 09:00:27] [ERROR] [auth_service] Transaction payload payload_hash=Zd6Wg1WccRiV0VKdWEuHgKJqGdekdK8yCzAFr53Nr3qbX0uaxtLDjDSjCPCUFvHCR++DUnidNAHsSgcxah7LSg== processed in 459ms
[2026-08-24 05:51:43] [WARN] [payment_gateway] Transaction payload payload_hash=zGnYWxPmKliWYmru2uA+nOyaXiGv245RHGB7UwlYGvVsx2CfqZGMH2A8acqb3XNciNWRsIvCZIhVoi21+M1rYw== processed in 64ms
[2026-08-24 09:19:27] [DEBUG] [auth_service] Transaction payload payload_hash=X2hg/dpeKgGdUjAlg8+qWk8xASDAoLlq7yYsHc4LBkEq0ibZqP4NFv1PIdSx9/rXLwex426SRBVmY/GptKTJCQ== processed in 215ms
[2026-08-24 06:36:57] [WARN] [payment_gateway] Transaction payload payload_hash=/ivFlU7fOTK4InUZSXH1UkcKEIbKz82yLh/4cfXpXdCwkdZMLBMRFaLkNu4qj4wbGdJCy5Idfr93Pf+fdlvN4A== processed in 400ms
[2026-08-24 04:21:59] [ERROR] [db_pool] Transaction payload payload_hash=dXJ9hpuh4npsRPEWlc7EwXdU/LI69oacu7MLPvKZbUoJcHNWQo3mYk/NC/Vm9sHdGs+Sf+YbjgeZoqeT1JFL4A== processed in 18ms
[2026-08-24 06:32:46] [ERROR] [cache_layer] Transaction payload payload_hash=6Y8dJKHxNd0/Rpp9GzWS7jJRy6qkXlEM3+2LkYgfA9PvdpTCvZMRPBt6VDJBQMQuFV6/YdGhTnWpPbHDDMuJUg== processed in 36ms
[2026-08-24 09:49:11] [DEBUG] [api_router] Transaction payload payload_hash=fWdXCKIvTJu9IrjhL/YO4/fjlEn4j/zLmpXRNFznIKZBnLm6AblIvxMWPbYb0PJzeobcyfsKqadjKvktO+1BZQ== processed in 285ms
[2026-08-24 02:36:05] [ERROR] [payment_gateway] Transaction payload payload_hash=EpvG0sJI5fEytlPuEP5eX4h4g4hwR9m7vdWQ4UhslFCJebV13GNrqIlhBkJK3snv4NnfTs/Csvf+5W14ODUmpg== processed in 418ms
[2026-08-24 03:01:13] [WARN] [api_router] Transaction payload payload_hash=wfBga71iUN4guNYpvxy2fTV1nX9+sKfhBn9JQttl3FzJI7KDMCU7MO0/mboGHs9OwkvM9b8Mbv6RXo10Qw6doA== processed in 493ms
[2026-08-24 03:28:32] [INFO] [db_pool] Transaction payload payload_hash=b8Edp+1QHG53bciFLS4+9Y9fOvAqUWNLMeow6+ALI+dy4D2ea6a6o+22yl3X3ELGBoejHNY6RCT8D0NBs60R+w== processed in 175ms
[2026-08-24 05:24:58] [DEBUG] [api_router] Transaction payload payload_hash=wrdlCIzVD+/Ul0/c5oQPG7Pdi3ZcGrYKIxuyhLw/HQB5GB5Z2xQ1bMRvdT5vS1Z4E0BqAJ+DUK/VWs8W4q5+ew== processed in 45ms
[2026-08-24 10:48:55] [ERROR] [payment_gateway] Transaction payload payload_hash=/a+R1Snyb3d/qphC+U+hnwucucWRSjIR6W3BXl0/kfeOgDTWoC9KGARSphFYNYbKoG8ScQ6Ng640r7ZmncghxQ== processed in 337ms
[2026-08-24 09:49:13] [DEBUG] [cache_layer] Transaction payload payload_hash=uO4WyXupUHQTmoOA1qHBL56gjv306WKqUDwf4vPj5MCvxw1MKJUn12U6oSm0Kp2iIDx04B6IJ0YQ96YqG9O0oQ== processed in 272ms
[2026-08-24 08:37:17] [WARN] [api_router] Transaction payload payload_hash=O/SvOSYyoCFzw/OkGmo6RNx839PlMQCR7kYgGDGHPMXF25OOXFkXJdz2m2J4lF3Rm3xcPcPwychFubZm7XyMzA== processed in 304ms
[2026-08-24 03:44:32] [ERROR] [db_pool] Transaction payload payload_hash=8Ie70Xib5ux6vYJmHi6aoIWXVK2XuZZyc+jxzJuj8MkEU0biRQk2bVAhjsaCAatrb4wsR7KQuT6jVQAU8RfbQA== processed in 302ms
[2026-08-24 03:54:57] [DEBUG] [api_router] Transaction payload payload_hash=IyUbYLTxoJkDISegbxn1J5YVbuCQh85xZk9pew/cUDEGBVRd3id8uddQUHO9rFaBvQu4UJoegqmSJU6SnshQNQ== processed in 191ms
[2026-08-24 03:18:43] [DEBUG] [cache_layer] Transaction payload payload_hash=u6f7/YlPJ/JOXkw3EYmYFY6hxVMXebhq+qAQtoN+fTlES85tMQJqGGE26uEXx5G0IGy5hWbHfiC7FstELffOvA== processed in 356ms
[2026-08-24 07:03:25] [WARN] [db_pool] Transaction payload payload_hash=uaIbDXLeklUN979ixSmZXUIhAui1tztTgWNPa27msfv3dUr3EDzy05MwtftM0mEoPt1cfd/eqmnlVMFcGTRfHw== processed in 195ms
[2026-08-24 08:28:06] [INFO] [payment_gateway] Transaction payload payload_hash=XW3oGNFFNvu1gJB2d8PK8+bV7/alrrs0R6L/0F103AynlZduY93LHxdvk6+U3crb1+nTCOb9BFiJecCpGn/8/w== processed in 498ms
[2026-08-24 02:22:14] [INFO] [db_pool] Transaction payload payload_hash=T2yI9Sv74FW4OhyMkB0z8WQeAE1vy/n/RCd0ezahWMAaB/hlBc5u3b0pWAR8HNH6H6eauxWjdxSZlmUHIvDQyg== processed in 250ms
[2026-08-24 08:31:12] [WARN] [db_pool] Transaction payload payload_hash=MKEs0LbXuQ2v3Dy5vStXa0DBcFv2YSRxHuS4kEVqnfJMw+LrSgC8wpt8Ge8PliEkccmtCVsmZ6pVBLpkB19Cjg== processed in 46ms
[2026-08-24 08:58:59] [DEBUG] [db_pool] Transaction payload payload_hash=5YwfwHj+s1pdu0W/HpqNDlxwQ24UFN/rFEPJns0xfR25+lXK+d2SNrAhXyHjWZduyc5SWdLhTSnMZGs+4t7oQg== processed in 27ms
[2026-08-24 03:15:46] [WARN] [payment_gateway] Transaction payload payload_hash=XPA6KFT4ms5QSTrdPw0D80pQdTiJ4GyPL0vH6zO9pozvNIfDE52BiTANFdFJJus/WJsbcnt+I3JKXC9Kcl6HAw== processed in 174ms
[2026-08-24 05:41:43] [DEBUG] [cache_layer] Transaction payload payload_hash=qNKw+ZbiAme+Ihb5qpcYCnr78NKMTFywVkF1RCs24Z/uLLhIf950EY8TTi9DDOvua3/+7jDflNVSVc/64rkL3w== processed in 293ms
[2026-08-24 03:26:30] [WARN] [auth_service] Transaction payload payload_hash=JjV1WrLFMpynzXRUUKTQ0N4Lik+qfKiV58iOyxqX6V4FrU+rscVGNQSM0g8ErVZTO77lQgwfMeDDbXHBydSPAA== processed in 466ms
[2026-08-24 04:25:21] [DEBUG] [auth_service] Transaction payload payload_hash=//e4XdRMOTCajLq3XnWujdBgmc5pcctVIpe+Ca8qEqp7m6TEpQf/6F5Wgk+OMq9nQ4r62fTt2zzDzAcOfvPLmg== processed in 263ms
[2026-08-24 04:07:41] [WARN] [db_pool] Transaction payload payload_hash=NW91fyeMaOX4U0bjf21eEo2Vjhk0AfrnMNRwYq+rvNiRZomLp0A6IM0EJlhzNpXI7e9RbQ6I65giMgsf6W34fA== processed in 427ms
[2026-08-24 05:16:34] [ERROR] [db_pool] Transaction payload payload_hash=hnPDmu0CMKA4ISFTiMF7SWTQ94HOAO16qq4Ej3CnwonasmHt3QMpNl8aPP7aG4YtYkA6X6/6Spyu4c7/GWt6xQ== processed in 299ms
[2026-08-24 03:35:46] [DEBUG] [api_router] Transaction payload payload_hash=msK/Tjx0h9XlXcMQkL+eueWdfjhYZ4JdLZ6oIjx+dYttNM7LR5AHHgp7lwhFAx+JJZpZf8P0RmZo5r+4dgBfWw== processed in 121ms
[2026-08-24 10:20:02] [WARN] [payment_gateway] Transaction payload payload_hash=Spdoyvs2DLsineZnd1q2v7s1RMUDN5BOtK2OSOAKeDPHaDKT6JduPaQUd8NOW8ydIbOVQaAHGf2Eb9+UZHx2Ag== processed in 284ms
[2026-08-24 03:36:23] [DEBUG] [db_pool] Transaction payload payload_hash=KBceZKebMHrIP90F59vAzTq1RzFXw65xNgSN47viuS2LGoIXDZicwovxetQXgV8/gB4rVzdn4oTyw3x5idIkmA== processed in 335ms
[2026-08-24 02:25:56] [ERROR] [payment_gateway] Transaction payload payload_hash=2CvNCv0lu+hw6wn7NCGzEoObIGX0oqq9gGH0VZDKib9UGj75GwZiLVU0wOUfyI//20cl05t/3rYbdfyyG5mp4A== processed in 257ms
[2026-08-24 09:17:16] [DEBUG] [cache_layer] Transaction payload payload_hash=KrhpKVoivNsDDtZZtbdNWxKJQLV2DzUifIR61fpnZF3syrnOqJg+vXaXjtVR6SHqyXpI6K9TJKBclDizLQ+7Fw== processed in 279ms
[2026-08-24 02:24:40] [WARN] [payment_gateway] Transaction payload payload_hash=T9y78O8Vj3GEY7Vu7FakMLnD9p02QQGW4xzJbAJBi2nZvebUDjRpYyQgJH17IB+Hte9e04XThdLQ1omcGcoO2g== processed in 317ms
[2026-08-24 04:33:54] [WARN] [api_router] Transaction payload payload_hash=52ojSpM/1nscfYZsFTCUMiw5r4w7BtINWsVWXmvPYSqR5KxQVxF3sXZfZoa9YF/4cMCRssdtdJk5t4tKDKi1dQ== processed in 82ms
[2026-08-24 10:08:44] [INFO] [cache_layer] Transaction payload payload_hash=c1dZCMwTfxt20k4KJ+TGiUVZjIbi70tCraYJzbTmlT6ShtUA10lxebhJaP/38gyl58fqwhayCtObJKKs9mxTew== processed in 166ms
[2026-08-24 07:16:35] [ERROR] [cache_layer] Transaction payload payload_hash=J/3ypj5CrdhCn7LjHb3L38Y9d/uXCxD8wlhBDZDCHpcGk+3ozyeG5MCp5uOTrfUXKT2Pi+/cpCOYjb1Q5+KEuA== processed in 134ms
[2026-08-24 07:56:40] [INFO] [payment_gateway] Transaction payload payload_hash=LgseKS1CnDmlk/PknAYed+VHlLBbqI4HYzKOaH5uTpxY/ZJ4RU2BQ9uj26IkU0WYtpuBPwF76OWvxX4U9A1kYA== processed in 317ms
[2026-08-24 09:32:11] [DEBUG] [payment_gateway] Transaction payload payload_hash=BtolbFf7jV0fnWQ2d0VGwX+unOs1OkYawu/DQmdqkRpAtobP/pf8IPBUdiUhJVaSVlawyHAZR8cGFgIz1B9evA== processed in 374ms
[2026-08-24 10:21:50] [ERROR] [api_router] Transaction payload payload_hash=GjdGmMNRezyWNxdlPTzka7oXiM4GUnHFzxyGqacXpv0eLV66FNtc/REuEx4kJ6xaETM1ZunN68TJYV9R2Vpgww== processed in 27ms
[2026-08-24 04:47:18] [INFO] [db_pool] Transaction payload payload_hash=DfvgenSG32vib22gUCBhV62V2Ilgi6sdnymFH088D8djO0sgF+CONp5tyk/PrQ2jwgvSEDp9DNpbeN1QOMVgwQ== processed in 0ms
[2026-08-24 02:28:05] [WARN] [api_router] Transaction payload payload_hash=/Qi9LZgPivxlqsJGWPkHt1HQthXLD3XZ18iZbw/bBGxNRQt3qI168xe3hVWwXnj4JEWDYVovy2SMxWtBklcW6A== processed in 29ms
[2026-08-24 03:25:50] [INFO] [cache_layer] Transaction payload payload_hash=3dJeLU+vgWvNGPvJqagctS49QrdOi3mwELsyldvrLIlwvEcujw2ACU0DVnuY9IOblUO7Lm7u+BC9cSD4zUdrow== processed in 64ms
[2026-08-24 03:10:14] [ERROR] [cache_layer] Transaction payload payload_hash=UUkccGZ9Lo3yjaLCua6UaFUBPrw4+/WsiUnqZ+wyLCOCU0exP9nkf996FfeTbW2kRpWbwduRE1tUJeoMfNPlBA== processed in 319ms
[2026-08-24 06:23:05] [WARN] [api_router] Transaction payload payload_hash=qcrJV6D3we4wimbM9i1jNR/fbmnD2bm30g/c1y/Yl2eUy2eUPyi3BaNZGI+Hq3mjSllz7FQFppQBvtfsJx5P0A== processed in 67ms
[2026-08-24 04:06:42] [ERROR] [payment_gateway] Transaction payload payload_hash=dBGguRNzWadnHX6FXuwe30zJUQl1NdC7K0yfGMGrSnqXuSAFO7mFsJwnQ90sCt/u2Nl+mnGaf1QCJealLg4KZg== processed in 324ms
[2026-08-24 05:46:03] [WARN] [cache_layer] Transaction payload payload_hash=NJD33xDSmMO6S7t+s8Drz6uxSSF4f6ZYxWk2fYJ5Z8rMNKvfzeWf3URg1xzIMy66X57ajZuzoGJwvkstjAwwJA== processed in 357ms
[2026-08-24 06:47:44] [ERROR] [cache_layer] Transaction payload payload_hash=jDQGNBafinEBVGRtK9eEXuXdhtIZjpqlU5PQYZPCOtk1Zjq0kErbFk1O9ODZx9jNkTuoVct0cIjLHg2KMtvang== processed in 223ms
[2026-08-24 11:11:37] [WARN] [db_pool] Transaction payload payload_hash=YU3G/geU9UbrBsEBEe+sXhEr3Jx6d3ynJmFR3CP2x9KyuTlnX04wINTEhl/wzAVDZVLlSV+L8qsBdBGIEd4YaA== processed in 216ms
[2026-08-24 03:02:38] [WARN] [api_router] Transaction payload payload_hash=c+viuqWnK1cFwOEZZMxYsk16N6N4Vt+lKNcg0oSFcRSLWLUZyhaRXmdA97662r+36tr0jZxV9ug6zMq+K7jEkA== processed in 231ms
[2026-08-24 09:42:44] [DEBUG] [db_pool] Transaction payload payload_hash=3XBm79nynk/JiNBJib9hWCPN5j1l/B5LbgsMrYcBM0FkGYtA3LRiL7zrLfqCsZ1fAdoOSZ5NbfUd6rxt6Ayb8g== processed in 339ms
[2026-08-24 05:03:13] [INFO] [auth_service] Transaction payload payload_hash=tZS3+BPcJbO+txl1nTGPWkPLEdMswULWfrfvStGE4YcB+jHeId6t1a3bHmVdb/3IUX1zBNOmZDj7Fo0mFDC6ow== processed in 320ms
[2026-08-24 10:59:03] [WARN] [api_router] Transaction payload payload_hash=6m9OG6AwiE4y6DUspGfuxyVzbVNzRWFUtv+T+UMmuDkK95V3K8m91xmWFYkwB19AxbfC/H95WvxO8Rh61AdViA== processed in 448ms
[2026-08-24 09:14:29] [INFO] [db_pool] Transaction payload payload_hash=Y8/pEhAj1VbQnr6MAsZWq09ufGjVckV6bLxJzxkaA/DSwn1m6sUetK3zdvturxpPEBSkJIoHDU99u0k6a7KGTw== processed in 170ms
[2026-08-24 08:10:21] [ERROR] [cache_layer] Transaction payload payload_hash=12mQdpJEIm+j02LjrtrUzFB5StlCI3D9feadJUEVOlLxvNTW76Wkcq659g5VnAtb8VKHesAvfzW6o41ow9HSQw== processed in 218ms
[2026-08-24 03:08:03] [WARN] [db_pool] Transaction payload payload_hash=nF7QXEhMApjhrTUD4UxA342pHDaa7lCAGmyW578RFEthlKJbMrAN7Lbq0IJDd2GyjLPyb0GWUxlEfv6WCCVuSQ== processed in 122ms
[2026-08-24 07:54:20] [DEBUG] [db_pool] Transaction payload payload_hash=DWlUKGMsiEMh7Sd1xCsyi/8qpA7BVl0heoRZ6K8ZmJafvEhKU+A7SS0KfthHb0pkMxhLyoBhMmMZASKA29LJHA== processed in 174ms
[2026-08-24 08:30:58] [INFO] [api_router] Transaction payload payload_hash=qI5pxw1z4MBqG/D3kRP0ytHOaic6mSMDZqh1WQ3CcI1UQVcahjCWlvWTjYiRnEXikUNk0yCADNZqnDbGIL4w/w== processed in 427ms
[2026-08-24 03:21:31] [ERROR] [payment_gateway] Transaction payload payload_hash=7aJmnqWq9bNUnK2HmNxOd0ymPbEP7cmBaNBaPdj1e7XL+G8ZHl+SWjdkjj+vBxKPBqbojhboSnQZTfg/124FuA== processed in 208ms
[2026-08-24 09:53:45] [ERROR] [payment_gateway] Transaction payload payload_hash=OjJC4wS3S+vdaOt2RW+esdoxeJc0q1Tbz55oOjjamRz3dRZg2zgzzwX00Zc4mkWtMOvJdsURfsaU1rE5ZeTi/g== processed in 194ms
[2026-08-24 02:20:55] [ERROR] [api_router] Transaction payload payload_hash=01AszqpbijCjVMqG4PR9DSQhDhX5dyLvH/mYMONy9Z6HOJEFYgy4adO2DSTHh2oSVi09uRm39huMAx+kCBnrRA== processed in 16ms
[2026-08-24 03:11:05] [INFO] [payment_gateway] Transaction payload payload_hash=GUn+OrGBvsEiPV3lkIXPw3ue3a9BGgc8pZHn3mEnKAiplnphqSj7QqJfsy1f70+2KfwYQ91xTeJ0TwCW8oS7Ew== processed in 404ms
[2026-08-24 08:40:07] [WARN] [payment_gateway] Transaction payload payload_hash=YZTUS07SZzJ6Hjb4s9Pf2GwMm8QXumcDRo8LfgKzwB2hvsUtpIKX0Wcuqqo/JI7zx6a3LKZjAqHB4B5PeZlO+g== processed in 270ms
[2026-08-24 03:16:59] [DEBUG] [db_pool] Transaction payload payload_hash=I1P+jKt8iy/0skP3g3aKzl3bUhcNIg4Te/efZ/2yqt6QLIXmv4Aohmm2BJ2O/BH2ZrARdqkFUsfunQSSTgSY1g== processed in 92ms
[2026-08-24 08:48:05] [DEBUG] [db_pool] Transaction payload payload_hash=pTTvLPljdLrpWannDj/bxzDcRd0PbgtYthPocx1pswxHtSE5Bz6sdaCKezqmnNXWBnWNVFWRwLKhEaVhJDpUng== processed in 271ms
[2026-08-24 08:29:20] [WARN] [db_pool] Transaction payload payload_hash=nJ7SXyXiRLzhK3Bc07vZB76cOXqGt8Wsf83HLDeEu/PWjCMfB3QCDEjfgSw88DsDHAElqjJo4iOyri2qUJ6j5Q== processed in 232ms
[2026-08-24 09:16:58] [ERROR] [payment_gateway] Transaction payload payload_hash=ZS3Tutojfz9qMTbfzl9UkX1CfBo1atVpYc7aW4BopOfXq1fXECPKPt2Y6Wbc0hYcXa8cAn86uj1Lb//tIh4zlw== processed in 232ms
[2026-08-24 06:01:59] [DEBUG] [payment_gateway] Transaction payload payload_hash=5fDicL4R1R7bbgs4bzTWWXGpHf5tVUXbUQ2Y1NbqUYaeM2U4bcskbQUnwYLRhPUwbAzjFVECvXFxhcggmeXtsQ== processed in 175ms
[2026-08-24 04:04:39] [WARN] [payment_gateway] Transaction payload payload_hash=FgmpItEzZG5qNOS1/ZuJ+7yqyaHQWis0rZzKg0Drq6IkH1Y+WOcCRg1mKho3vQWM5jBuZzOPJx4qSXbATvoFCg== processed in 437ms
[2026-08-24 06:59:08] [DEBUG] [db_pool] Transaction payload payload_hash=wRmOU6FJmFivGUTWSTyJo5TRYilP0a7BMoaxtSYA1lHe49y2vKicWe/U19vgJXoN0l63TzJm48WphvohaFVPoA== processed in 132ms
[2026-08-24 04:21:28] [DEBUG] [api_router] Transaction payload payload_hash=q1J74N7mkViy1Fipy7Q2vrhZGbIBWcw6ziaipnGsKKVMHTO4zzXuQYOydoIFGlMIo2t2j8+FgdtgmeE4Rk+Eqg== processed in 47ms
[2026-08-24 09:20:20] [WARN] [db_pool] Transaction payload payload_hash=0JZyNsw55qouwroS7q/8uBDDxjshMaQtnv4x+MZs9TnlFmly/8l+67EDab33Jos+txM02GUytpnxzUROfT2mdQ== processed in 296ms
[2026-08-24 11:12:08] [INFO] [auth_service] Transaction payload payload_hash=dDB5t/GmMtRWdVxBtC4JdfnrT4eRa553u5SaSLd/zg9eoLAZrce3Ne0bKGgzy4KaluesFBP+2sWANhESndnxaQ== processed in 373ms
[2026-08-24 10:47:32] [WARN] [db_pool] Transaction payload payload_hash=Gd89P/YKLTFVv8q+aPeuTVS2mrzAL4j6Up7CRpM6JYdg8N/RZ9T2XCyt7oEaKDFxWRoyKOSPoXBNn1+IZ3TSbg== processed in 88ms
[2026-08-24 09:31:02] [DEBUG] [db_pool] Transaction payload payload_hash=qrB9h9xCTmi2ZCxZ5pdH/TQTldZtF6jepZL9u7WSxCpYj40h1a9V+1/e7Rm9bfH+CPnMZVmyfjUBLKp9XQ6XnA== processed in 112ms
[2026-08-24 02:46:59] [WARN] [auth_service] Transaction payload payload_hash=rpume4D6wNxz/E5BSrz37afg3+SCxZmeGpgvY8uQjOH3hohPtwf4AQ2M6oGZf0wuWY075j9lmp0SOXHnBbbR3g== processed in 423ms
[2026-08-24 11:06:17] [INFO] [api_router] Transaction payload payload_hash=0Z758QNMqE3Hag7YqZ8BN/Efsum7qcYCIacyvFqBsFisg2kRL7Hn/3SRByB/M1zQjfwe4Xfcq74IUzfyOxZbCw== processed in 232ms
[2026-08-24 04:17:05] [ERROR] [cache_layer] Transaction payload payload_hash=6BMvgJbVTe1oJ6zelaHgehX/xhgNPvyjq9mXdAgBDUP5fgWS5HnzE1dEr/Fl/PQDdlfgjnAJrGxaSMW5oSY2QA== processed in 454ms
[2026-08-24 10:47:02] [DEBUG] [cache_layer] Transaction payload payload_hash=IwXAK0yAPmDpIR2+jxXMuEK7GRGEWrInti8snD5jL/mxrE1q8gk1DQ7xpVlnfZildarsB2GT9KRz7O75DGgoHQ== processed in 382ms
[2026-08-24 07:37:19] [INFO] [cache_layer] Transaction payload payload_hash=IPTafvU3P+jo/f5aNb5qH6uQNw3ujCQnTnx5hAGzpS2VEvy0o6jTRFl0UEeD0tWQwCzhhFeIJ6ROnmTTX52V4A== processed in 32ms
[2026-08-24 03:30:14] [DEBUG] [api_router] Transaction payload payload_hash=7TX+9R/BPKK21vPobmHTF0waaDFJGUiaLFksBF8tac1yD7GJ/GqCfWMYcqpOMaLSEEqqo7W1MCpgo2ExZSEUDQ== processed in 378ms
[2026-08-24 09:01:12] [DEBUG] [api_router] Transaction payload payload_hash=qa5RaaBzRstgCh0Q7cSM5tBMdg3oVqokVPosT7D4YvYaSmVRl4anQOlbHjjg9lyaqEjBoGuF1PdJ/8rmgLNOmA== processed in 41ms
[2026-08-24 07:55:25] [WARN] [auth_service] Transaction payload payload_hash=szYtMZseBNSFEBhmob1PwnKNMq1Mz2efnHGWbVSROVETtis3gzlzHOZLpR1xuyc4j+fx23FVi7jME5Mh354njQ== processed in 221ms
[2026-08-24 09:11:09] [ERROR] [api_router] Transaction payload payload_hash=ei3Y2ZELr8SmObHQYhtGtHVXaihYOGhOdoxONcoXdg+fwmCxn/UW6drkPOT7XNCTEk/9EmHGOhmwg9YTn8cxaw== processed in 91ms
[2026-08-24 06:10:13] [INFO] [auth_service] Transaction payload payload_hash=aH0LL6VqafBZ0x/AMTamKJ/VueDRqJGtmltBQyZm/Xf0KHWD2xV3mkoN9Pk98R7MvnV3Kvl8TNpZOfPMQ+TsuA== processed in 267ms
[2026-08-24 02:34:07] [INFO] [api_router] Transaction payload payload_hash=JvZgQKRP1Or5lAx7RMpArytP45Bs5EduakoUHTBTK4/7YSInvP/vAReMX8kp4ZCaQPhSaJY1cD1OCJ9TbMr0/w== processed in 448ms
[2026-08-24 05:54:23] [INFO] [auth_service] Transaction payload payload_hash=Ae8a4vwJ4y7ad8ixAMemI2xAGIR9vLN7uUbpapm9VqTz4TH4pmjaBEJ6+VIL9soyUeEpQycdDyvjMDI9gNat2Q== processed in 67ms
[2026-08-24 05:24:45] [ERROR] [db_pool] Transaction payload payload_hash=0rX8KTR3tFtSmOyQU5WT3Cw5Hmhupx94WQhZiotnCzYlCp5mv3YMb979qT1vSuDHSE6IK38y0bZ655ERtNEHhQ== processed in 474ms
[2026-08-24 09:01:29] [INFO] [api_router] Transaction payload payload_hash=jtx2+G2Ym/d3uof/O4UPI742E7Yuk9i0u0vgY8agvesncamMYdF5GIcvMCP9UTE/xrKsvWQubFqz64SW7hijuA== processed in 247ms
[2026-08-24 07:28:35] [INFO] [payment_gateway] Transaction payload payload_hash=OoVCgTuVWlL7GlJXnkgD0YhT5dZ0MVfn6SmRFl73Kn/PUDlTlDmEHALG+q/0i1OaC+PHKSlxvacV/+QPB/g+9A== processed in 323ms
[2026-08-24 02:35:31] [ERROR] [cache_layer] Transaction payload payload_hash=iSCXMfEdzhlMS047k8XyJaCVTAetESMKhGmq4TlTv87fnPMw85+YiSJPKpu3ZMYoI2pLhNFl3BAdgawMkxk9mw== processed in 427ms
[2026-08-24 03:26:50] [WARN] [db_pool] Transaction payload payload_hash=BR5gsMSkIyTHepGxWakjYmXHmuIs67zoS6f7/Ie+lo07FsdZ789kMdAXdXbwyF3vJhBC+IGrxhhxnp4DQW8ARQ== processed in 434ms
[2026-08-24 07:58:53] [WARN] [auth_service] Transaction payload payload_hash=50f9UHljxkatqzmwXIAau747CTBMEgLJmCsJAPgVcipRtYuBaKECETNDAy/d0b11nhv3bdSNUWvEqdoPct/Mvg== processed in 271ms
[2026-08-24 08:29:45] [WARN] [api_router] Transaction payload payload_hash=IwRBZyQw1I5rDI63y87FGbBaZdu9Fon7DWJv99JMUEsnJvPyfTIVmWW9Z383fIaKk3sYtIH1RgNzv7q1J2Bfwg== processed in 148ms
[2026-08-24 10:17:43] [DEBUG] [auth_service] Transaction payload payload_hash=2uXE5j1n3ZdQUKUr97eIHgfOYmieSOdiykFTj6wrQ/JMeYyFNgrBWY9mR1cTlMbZFR4fFqMTtuldkmNS/9BgeA== processed in 345ms
[2026-08-24 06:17:57] [INFO] [auth_service] Transaction payload payload_hash=KvKkKXqJ8qw6yM8YBp82wZ5DLvNlg0a3ugD6EBHijRI8SmrR87Om+oPXEmTflrFvNSGX8flcy5aVK9CGnEl9FQ== processed in 52ms
[2026-08-24 08:16:35] [INFO] [payment_gateway] Transaction payload payload_hash=SqJ5OT58O+8d0OZy/0KXAna274uWqYQbF5F8rF4UVyEJqp2wqOI/Jc+2ZUJ7VTwoj7j8H4ozOapqV+tYl8c/6g== processed in 426ms
[2026-08-24 07:11:07] [ERROR] [cache_layer] Transaction payload payload_hash=WZF+LJ1My6wMTVPONTWV96Pou5st/9fq0gc1qZaBmHpglv2iGLjg3Az5aOORbzHTpPYP9THAl7qPnIrIYhsIBw== processed in 253ms
[2026-08-24 07:08:13] [DEBUG] [auth_service] Transaction payload payload_hash=FjN5omYbFd9sz2IfPT1u6rL+8YIIRQHVdNfZJgc6Z27G3stP/gtYWGos8RtWu2QpajBFt40qfNnKakHsflRpoQ== processed in 88ms
[2026-08-24 09:34:35] [INFO] [payment_gateway] Transaction payload payload_hash=nBVxuF099hgxENKiCBckMxK7744x74vpErrdpLnHT0H/UyQDIxzbBWJolcVn4dVzZHBlJ4HQwNamhOcnpxmZPg== processed in 60ms
[2026-08-24 10:09:00] [DEBUG] [db_pool] Transaction payload payload_hash=fAg6ItPKqOSEkY6B5fwxAeIDdBeUFXlWGzqUFLod7nwvI/OWAvAPvGEsrmwH3XQ+EwoJgawia5uAVgAvSSNVCg== processed in 68ms
[2026-08-24 04:14:38] [ERROR] [db_pool] Transaction payload payload_hash=nZFU90r5PIGP4oAzmlu/ySQW62y9RFbH1KbbrxrdnDL6kAy588yWXp7wi9G5YQi8hbbD3d0dJO82XFgbaq061g== processed in 113ms
[2026-08-24 03:04:18] [INFO] [auth_service] Transaction payload payload_hash=vKa57DpsRCopeGOQM1M7/9vG9vs64quxkLHqp6xUhyKKVt2+KW2aeZ8OAtTe/tEAu9Mb7Zyq8W7cXsGu9pnseQ== processed in 213ms
[2026-08-24 06:05:50] [DEBUG] [cache_layer] Transaction payload payload_hash=SLsZvIfwnSApToDQPGv3I8yjvoO1ZZMyUGb9+Qqp5TFSNy/7yigjaQt/PYrHYkRr7OKT6lzsec2+VblJJZuAgQ== processed in 314ms
[2026-08-24 07:14:16] [ERROR] [cache_layer] Transaction payload payload_hash=5BZqAX30YDXCVZBtYLz8Gl9/lzvARwVDalgoEvzUxcLEiH/td1zZzhz+5DGKu/TV7kGK9dzfvCBpWMVXh1Xnvg== processed in 93ms
[2026-08-24 02:49:24] [DEBUG] [api_router] Transaction payload payload_hash=VyaZwIK5j7KEiEhNBhT8NmfOmYwFjI5uvUoHlyHtGRr8PCxYl/eNx5oU3H1eqmAVnslxVFhQOgcBxre2VfSrnw== processed in 139ms
[2026-08-24 05:50:38] [ERROR] [cache_layer] Transaction payload payload_hash=1YMNK84pCLZ9f4x4KTLnUDhJYFXuP94DOINULOyU2WzEL0FkHVTpJYnYNYRcGmQsEyodXnSMeybIqUS283a5TQ== processed in 200ms
[2026-08-24 11:00:01] [ERROR] [auth_service] Transaction payload payload_hash=CaJni4EetYd6MOEK9VA6vTnOuIMkajk5g3P7/D3j+P9ZZtEbFvu4wtak3OaGUCWhBGI1Z5aidFrzbnfBTYL2Qw== processed in 269ms
[2026-08-24 05:54:36] [ERROR] [payment_gateway] Transaction payload payload_hash=2oWtyL492/Kf6JINLMasT/JwG6NErU9d0pYQ0OMxDWpeIBvAR+WuKWVr079kamPe0KbED5IXy6GTS9l7r+xVpQ== processed in 408ms
[2026-08-24 06:48:22] [ERROR] [payment_gateway] Transaction payload payload_hash=jnopaaJcT7zE/D3rIrsRGNFSq5XhvjsyAt96zG+Aup/upNc16whmfPugUPzYalRfnZ3DR6zZJtiX28vVHBha8A== processed in 243ms
[2026-08-24 06:37:06] [ERROR] [auth_service] Transaction payload payload_hash=P520VVIBpEvTJIKc8Kf3se8nbkYOC6TFswV/UFm2M4+3xBaz73pYBRaMorhrlfq8wkwsNlOliRoJN+y70Nz6mg== processed in 101ms
[2026-08-24 05:53:22] [DEBUG] [api_router] Transaction payload payload_hash=QlJsG9FpYrKckkdPSyTErhY1GWn8TzHqmgnwTppK4ZFlZkpObcYpC8smWAdu6I130G3gCLtLUguAWc80jZThZA== processed in 332ms
[2026-08-24 08:57:00] [INFO] [api_router] Transaction payload payload_hash=MUXI8MlDUxzOwoDZbMBWxiTj5k7cpVHMbvMSvG9ct0fN+68+WLcRIJc0rLrji0iNc3ASNNdfjuz7IDoP/yErog== processed in 121ms
[2026-08-24 08:45:39] [ERROR] [cache_layer] Transaction payload payload_hash=mxcfN824XmJ7pNHz/d1//MvBDxepimJKrWCYbBxw+Gr2Q53fIHTcqM+hLX2f5fojjroH8qHuAQLQ5n1RkcpkEQ== processed in 436ms
[2026-08-24 03:10:47] [ERROR] [auth_service] Transaction payload payload_hash=SqRw350JjYOXLrg+hxsQOv55Vj/7B7L+rSiqksqBWk5aJhFOzozqFJDCmaV7c6wR7s0uF1i/nVGINZ25PHG05A== processed in 136ms
[2026-08-24 03:43:57] [WARN] [db_pool] Transaction payload payload_hash=iGptT0JzTOh/n44Zqa6n7mxevPah8JL/AF/7BKZrSv2CeZltpSRKtsQLG5pdjZfrbnfNRIAhrlTjO+N3Wa+E7w== processed in 395ms
[2026-08-24 08:31:55] [ERROR] [db_pool] Transaction payload payload_hash=Vc8QEEwBAPN1a4+n3iBB/732gJluwLPSgD0qcah5wRSAd50MkadPXsi5kVDrzzZzQEZVVyzBZhqKr7JNY8ltJA== processed in 261ms
[2026-08-24 10:13:14] [WARN] [api_router] Transaction payload payload_hash=EqY2i2QfY9jIO3g+GCvV70BOiocU2RGdug2al2PAO1lgPWHsDaVpjYWD6xYXU4scv5XN3Hd8eNlwq/tb71rYcQ== processed in 236ms
[2026-08-24 10:42:20] [ERROR] [auth_service] Transaction payload payload_hash=iL41TAB+xnDPvbz0w6dxyClyS9/jEL0UPv78/AEAWlLS1ytMCcUOSA8ktelHqevVEiuQ88VQqRKKYhIu/I3ESw== processed in 403ms
[2026-08-24 10:33:15] [DEBUG] [db_pool] Transaction payload payload_hash=EB/Rprj7F5jiqu2A0y4gc8Elz69jTzuEW//fAc7NOjY6kLUoFc9PdA8hG6QI4KxlTpiFR1cskNUFhoLtGNWFgA== processed in 143ms
[2026-08-24 11:04:18] [INFO] [db_pool] Transaction payload payload_hash=oeYd5lA+qyz9cdln6jG1yD0I5lAaSRIe+h05PLuV7UUCmikuyMCU9RVMIi8p8WzXM7otcN+ICpLvnshdkqluHg== processed in 418ms
[2026-08-24 05:38:12] [ERROR] [payment_gateway] Transaction payload payload_hash=sZRa7WD8b3KynWMuzKYwOgvXsCALZKBe+Hz8MnWGVaw69BYsMhCaEnSbQwPQQbVAd2yauVVm8RX0aKA+6IVSHA== processed in 173ms
[2026-08-24 10:23:58] [INFO] [cache_layer] Transaction payload payload_hash=zjxCMtMvvldRtPFyA5OwvXzQ53d6WYn9Kkto2CAYP9ba9wf+Unw9lv9MHxHBrN5ZWuZsvy031ordTfp78zAIKg== processed in 156ms
[2026-08-24 06:34:07] [INFO] [api_router] Transaction payload payload_hash=i7OWPdh3TJi/vfqFVP99gTL3s7VC/zp/POYMe1g5i3ueCdg76yDFGnDsK2bNrmmwY6nzdW30lqhxZz7rMilInQ== processed in 118ms
[2026-08-24 08:41:48] [DEBUG] [payment_gateway] Transaction payload payload_hash=ywGDee2hAxH8HxZVlDLUlwWpfowKsovKF/EJtM8vZlguJYGGM5QJM9VBe/mdVCvvQEh6AeDfHtnx4/BDSCTm+A== processed in 340ms
[2026-08-24 11:21:06] [WARN] [db_pool] Transaction payload payload_hash=AEthWiEUg25mPbYdtuytJiMj5UZD2wEbVQDvhA/YFzU6Wbjvf8e8PfG41GkY0VHx8axVpXVnvz4rXNBLTW8BYw== processed in 319ms
[2026-08-24 05:48:54] [INFO] [auth_service] Transaction payload payload_hash=nY7gQhCy7C73MeTq79rM5KupUsHppEL/A6PFZYsaIrjgR0k/1lNacmKVevKmsE4S/OOF5RFIDu+sEahqy3pSSw== processed in 101ms
[2026-08-24 06:30:59] [WARN] [cache_layer] Transaction payload payload_hash=azruRm4RTpOQuxjUWPbfMSuIab9FR1Ns0w783GYbYwjFkPyiPajjOBTEjVu8sHqbm8cnvMZNU3ziSkVrlwgFLA== processed in 32ms
[2026-08-24 09:58:57] [ERROR] [api_router] Transaction payload payload_hash=yufmG7V0xISKOULMZgZwxRbN43fM7JK6NEh4MsFvyU96sVffDm/iB3bva6Ge9Zp3mTNdMkhI71s+cHlFW8Jl+Q== processed in 38ms
[2026-08-24 09:56:04] [ERROR] [api_router] Transaction payload payload_hash=oNaYP61lWtuEmSuyXQTkzz6/5ZoNu5fx0/WIXrlZedxdVYbTa/o4//QEsXd2aaaZJ3esmegjWtrH9+oMYQ+vAA== processed in 453ms
[2026-08-24 07:52:39] [WARN] [api_router] Transaction payload payload_hash=15aVGtyaz+/ZRJafHviJTRfEtO0YfMSgkGCVbS0Wjfg63BouXxznuHAtcrCGvA57SXe5LlHEldzUfYrtro1LIQ== processed in 72ms
[2026-08-24 08:11:55] [INFO] [payment_gateway] Transaction payload payload_hash=LszE+Dkm/4AH4swz8XDrw0BrfpVSiuIQDNvOLuUGdkHoaPJL7z2h9+QW7tJ+rMnKXQKaZrhS1Simvi0Z3jLK0w== processed in 464ms
[2026-08-24 09:32:01] [DEBUG] [auth_service] Transaction payload payload_hash=58HFnSJbB/uXL+BC6OwFQM0Oy8JFvBeD8EqRCKtbRSS/jHbNyLbkOOha2q8QvQivHS6UepAT+ACei2bHQfejeg== processed in 26ms
[2026-08-24 02:26:12] [DEBUG] [cache_layer] Transaction payload payload_hash=GT1wXKo5kfplGB2o4SEIuHqSh6chqRecaAxPtXvmZa8LKpupwJWKtgCrvHi1/Di0k/SolWSOIPs95Bnw/4L9hA== processed in 103ms
[2026-08-24 07:16:23] [INFO] [api_router] Transaction payload payload_hash=1JdPp+Xe/w/frYVqazHMOccjJtdk4E/2NEskzn6VMYFvnbb6Uxlh+QGlVYRFcvAFf7J8XMKbWTL+JKMKiod+jA== processed in 455ms
[2026-08-24 08:54:09] [INFO] [api_router] Transaction payload payload_hash=DQ0xAg5X79+KCwOLLGo6hTW/Xz6stybtdK0FOpE+55PuB7433QTExUkyKSr2AV+P3DzJZHLgoKB02g1NtVqR5A== processed in 387ms
[2026-08-24 09:36:14] [INFO] [cache_layer] Transaction payload payload_hash=IlD3f2MGzLavUuKg9RmU8NrDXE1/uNXHFPzUZikS/18exasaaVLANopVDIHZpY1qrNK3mYlGgZ1kaS7TAgknKw== processed in 496ms
[2026-08-24 09:49:10] [WARN] [auth_service] Transaction payload payload_hash=clqPVTrud86JGed5xlH66sRl1A27Ic1QeWGkr6xPrjua4FbaG8eOwsMNBnyF7tMuXhXllWnTWtFz/B/jqnCoPA== processed in 36ms
[2026-08-24 06:26:55] [WARN] [db_pool] Transaction payload payload_hash=dmAxSxKVmByJtnDib7j99KZp1wMpMsrZibKGEj/PrKKFv/LdihPNbu+fDhhAWVrm7TKFpLHmGjyXsDXQdfTArQ== processed in 414ms
[2026-08-24 08:07:42] [INFO] [cache_layer] Transaction payload payload_hash=Wp3oahypRwXT9eRWerE5TC6lrn6Fib0Bznx0a7wQISBqxwkBBxg5tj2xUTjyvG5Mr5iOT+Qwkc/+q5pDkAAV0g== processed in 475ms
[2026-08-24 03:51:14] [DEBUG] [payment_gateway] Transaction payload payload_hash=pvlE53ZrRMfKEkt0UridiaNv3BxHgHD86AFJDUSIzryQH8LQhbWDiYRyYxWvMNhe6qGhNg6nfODjzc/QMiabEA== processed in 320ms
[2026-08-24 09:34:30] [WARN] [cache_layer] Transaction payload payload_hash=sJ2RBisLo+OV44fyjfJvJcpcxq1Hmr7xe0wB1bpx2b+Hg/uKjnkLhrwXcJtu1tBmA4X87lmKPjOoCJKfi2olkw== processed in 246ms
[2026-08-24 10:37:44] [WARN] [auth_service] Transaction payload payload_hash=IG1f+r/7ZHHE06T0R1eGKgBWsOJGeuHA9ffwMb4pugLafnZZykRq8c8txAOogYuXiqcJekyZm5GVCXiURT3m8w== processed in 286ms
[2026-08-24 10:11:43] [INFO] [payment_gateway] Transaction payload payload_hash=Ni+7HRFe2xLCVDuoMZcDnOAzQb+AHH9dXPiFMqI4RT0Jbpd88OgV9c5iUSVc1Gw4wP2ehKgMtPdhxPWfnwes7w== processed in 173ms
[2026-08-24 09:16:25] [WARN] [auth_service] Transaction payload payload_hash=ZolPyUcp547v/FYm15pk3v6WWtl7uXyciIydZVQGQ3AGamKReRPz7ny/ZFKIUyp+KDqoDQjUxnvkEyBTzK9Y0g== processed in 410ms
[2026-08-24 08:37:12] [ERROR] [payment_gateway] Transaction payload payload_hash=SOh0TypxayAAJNjdLnHJgXQlJJm7qFERle7bI5cSwGK2e5MkqLSVWPzbgTSpcNcCAw5PHkJQxEA6C0UAnNG3pA== processed in 238ms
[2026-08-24 07:02:43] [WARN] [payment_gateway] Transaction payload payload_hash=WVwya1EXCrX1xkvo71BwPYlwMLeWHL51SDX/MFbmHxkpIBl47GWiFAtdBhI5axFV/Ktz0z5StvJsWttDQHl/UQ== processed in 300ms
[2026-08-24 05:31:08] [INFO] [auth_service] Transaction payload payload_hash=IGWw6vLBk1hbvd4SQQuj3CntzWpRFVUioUqOvg3eLEHB1tzFXnrvnLdd53o78+nMuenVW4Vf2wZ5HRQNPSDWQQ== processed in 56ms
[2026-08-24 05:00:01] [ERROR] [cache_layer] Transaction payload payload_hash=Dy3YbwQEysnKrVnfqQW2XwB+y8VpbP0DQOwiwFgfNsZQL38LpJbmVfKtuX3DBN/PSqOPsUbEjlwH3GbA2TrRSQ== processed in 160ms
[2026-08-24 06:29:10] [ERROR] [auth_service] Transaction payload payload_hash=4W15cXRgG5fS+0f2Vlaprasjm18FPcpvfrbQnjQqUeJbHAB3VkkvBcbZ0IGZNVh3MHD5ec0kID6dMBCxeJF8FA== processed in 445ms
[2026-08-24 03:04:34] [INFO] [cache_layer] Transaction payload payload_hash=fEre8f0h5Ky+QzidMgjB92r2cwQeI8nrFc0sH115LwgbjaK9KnH3rzsVNfYlhDSXa81rOGDm5X1DuJC5iPiTDQ== processed in 68ms
[2026-08-24 09:38:46] [ERROR] [payment_gateway] Transaction payload payload_hash=KteYxMszrx4qcmaiek1zG3vNL0DlfgWQMFsLUxAqu24sqBUSC6l3UVHPun/P9vtr27+2mgToMclPcC07kVPYKg== processed in 374ms
[2026-08-24 06:35:12] [WARN] [payment_gateway] Transaction payload payload_hash=wu3D5O0sVcgx2pR2MKV8rrq6iXSh4Ijj4KD9FBr033Qb4Ri7ppN5rdyKo24L+t1l/PVANbPJKhzc/WHQEKKlgw== processed in 35ms
[2026-08-24 03:18:01] [INFO] [payment_gateway] Transaction payload payload_hash=WneNpcLsMLpDA5c4rui1tK/jOqag4pQZfOoYNmHieJ0IQNN7dOb2fPDhjRo64AhGVcuT5O00CvbKHM80ssO8dg== processed in 204ms
[2026-08-24 02:33:53] [INFO] [payment_gateway] Transaction payload payload_hash=hUBMdYMsha99WVBhfVheX75Ecf4VrFMv53WToaD1uv9dj7ZAoLSpS6txKL+i+45nrFWRiYCaxSlZu/w21APAoQ== processed in 6ms
[2026-08-24 02:50:33] [ERROR] [cache_layer] Transaction payload payload_hash=iVZPm/AJq3znHNKL9ruJ1/Mi2avEMycoLriC5jbt5qAP9eRvzebW3D4fCHm50x/h5ixMIE/6mvmeg5cPnLmGUw== processed in 208ms
[2026-08-24 03:12:08] [DEBUG] [api_router] Transaction payload payload_hash=9jKfVvL/pZeg7Uk/wuN7C/2iyMt6ea8H8nPvkl4yCEUT/rF/h2tVrafYYY//ONMCG3Inej8e9p7s888ZflCqxA== processed in 166ms
[2026-08-24 08:16:30] [INFO] [auth_service] Transaction payload payload_hash=46lwRiP/QCgxn8JUTqvEflYFM5gtZQTdWQSeSTcOFtXaeetBY/a1sdtthDsli3n6g0bmCNO0Fy55Kl8ytDZo9Q== processed in 193ms
[2026-08-24 04:34:07] [INFO] [api_router] Transaction payload payload_hash=i2su+ehH87eNjrglSljnaj6WTvSkZPxSXisTV7jI5OUd3DsQ2nvR+l5SczXhCa2GKO0Ry0SpL+7M1SiccdOtQQ== processed in 387ms
[2026-08-24 04:32:29] [ERROR] [payment_gateway] Transaction payload payload_hash=pGcKZvR94zNbiJC8pB6+NG3SJKUC7Wdbjy/K0deJKXKlmqEq+l/QnDPVvoJk4T0szB99/dXzMBmSCRDfcEsjww== processed in 283ms
[2026-08-24 07:44:57] [INFO] [api_router] Transaction payload payload_hash=IYFL75Tz2ZooXYJnTeNFo36nLSMS7sccJ2mz82xZ441FPtHdk+ZrCK5O5N9a8/JOFU4s7vtvh7vDCsZM+d3skQ== processed in 167ms
[2026-08-24 05:50:26] [ERROR] [auth_service] Transaction payload payload_hash=60Veerx02LUM2D6/0a96mOfr8SYYiu+wongtpFz/7feiuW0vwKHLqPXvSFi/K686NJDoCsOIFY18S7aUiV7/6Q== processed in 78ms
[2026-08-24 06:19:42] [INFO] [cache_layer] Transaction payload payload_hash=gap75hETswni0oe2Z9nO+OIKfAb4vFQvvrzvbHzp83RhaPS3KcKIq0LOxFo41C6IYIpKAP6ZTluqGGVy9KURZg== processed in 305ms
[2026-08-24 03:39:15] [INFO] [db_pool] Transaction payload payload_hash=D7MS0SFielMfrQNhB1kzsH1OFn5YdXmEBTt5C4VRfzJnzYNVaqIzO7pKbtcGEBNrlw4/m3W/rPaJNZdRXwrHrg== processed in 405ms
[2026-08-24 05:31:57] [INFO] [db_pool] Transaction payload payload_hash=y1wJwwoSZg6fRzCpH3oejj/BBN2tVViWDu36aKzwlWNUcQiKOZn7JY2TYX4hg18KVrZ06qs3DVMLw/D2cHM1JA== processed in 196ms
[2026-08-24 09:07:37] [ERROR] [db_pool] Transaction payload payload_hash=0HaQD9joGZzxTBZZk3YaUXn+yBq9rISmeP605fGR+ahO5aIQKDX1X7K+P9hS5rCZWSLrwb4bs3F82lLN5b0j5w== processed in 269ms
[2026-08-24 05:46:19] [ERROR] [api_router] Transaction payload payload_hash=AAo9dMK97QFi/rwKzqZZU96vxLKSb9zCWpXlNJxXnpzWWFdDCt6hstmjtg/cyqoDlkXmaltxSMETNWCRq3vAmA== processed in 126ms
[2026-08-24 07:14:55] [DEBUG] [payment_gateway] Transaction payload payload_hash=CnmfAbSrpny82W5WqcBnlWJja2IocAO2msZOOVLmIbgcPymP7QRWUUooc2+UbFitaNbVXruLuZ+oOuLiSTNskw== processed in 215ms
[2026-08-24 07:56:36] [WARN] [payment_gateway] Transaction payload payload_hash=XmhgAUdly5sMqSn2gOzQcc7rHrVdf8bSCYfo6ymk9r+OZ8MD1ws1Y2Wg40cHCeVOLRo1kPr612LHjIy6wK0fwg== processed in 333ms
[2026-08-24 08:52:27] [ERROR] [cache_layer] Transaction payload payload_hash=ZCit/ly7Ne7Zya+1oj6HBUfUoesUevRq30u4soH1qfhA/sl19wC6HGESsCgmKdQqwSsWea39FQJLH6bLRMQNhA== processed in 285ms
[2026-08-24 08:35:16] [INFO] [db_pool] Transaction payload payload_hash=y/DfinCJeaihtpWcuoONJGEUQkdydmXcN7HxP/MpkDe9uEX5HPU43oD73vlGnFK/pNQM5w5djE3fXziaNp4OJA== processed in 408ms
[2026-08-24 09:02:10] [DEBUG] [auth_service] Transaction payload payload_hash=WnOhCLT5+FpE0oBDeLCJpG57f+M7UCYCQwx7WDxzvr5HCPAd9+VtbbIwQI7IrQWbc8izrtAADFOw7SVEOLW/ug== processed in 158ms
[2026-08-24 06:37:54] [WARN] [cache_layer] Transaction payload payload_hash=aVa6KaLhjQOFoCWPEsNPddQRN+9OKDgyBp5rRlyaeTjR+QYqer10McnHpza94KgxuYqqxvX+TAjwEfJwOfklZw== processed in 419ms
[2026-08-24 09:06:08] [INFO] [auth_service] Transaction payload payload_hash=Md/H8d4hGiwRdWMlgVCXRszqmdRl5aPBjf2ngCB0HvqIuiQtQURueMoISRvdyTbT57VINVdvNcy90xEusJK3zw== processed in 385ms
[2026-08-24 06:32:06] [INFO] [cache_layer] Transaction payload payload_hash=ePSSLdglxFe1Vtlarb+wx972wVOT7cqrBb6N8IodA/8FkoELf/8lvD7UUukfllYYFwB0RORPpFaR/8PJSHVwIw== processed in 281ms
[2026-08-24 07:47:50] [INFO] [auth_service] Transaction payload payload_hash=do5smlTC6rxe3VgGzAC7uvCRsQuDcThAbCbxBSTTaxwoioed0PVwtOxzGK+nsiCt50rtUbBhIRzNp+o8FmJw5A== processed in 258ms
[2026-08-24 04:52:16] [WARN] [api_router] Transaction payload payload_hash=HoGUIhLuwuuOMtfzT49wrvh0+k6AFT6xnpTWenQE+QzWHcjQqXpG8MLuBy5ZO/nyXsP2S186WTR9gF8iKvUIqA== processed in 414ms
[2026-08-24 08:23:51] [ERROR] [api_router] Transaction payload payload_hash=uKEM+/sDCoik6nyMHcvoDyC15nmwSmeYQj3q9KqCrUsA1N+2FgRy3xTEPItBNm4NAb2ShVnn+Ekbasy0osFU8Q== processed in 100ms
[2026-08-24 08:44:19] [DEBUG] [auth_service] Transaction payload payload_hash=dB/9HaLg/Dou4LYjz8rGg1OBTJNa7A4oYMCdInsRWkz+XhcPSPu7BLG/+eCuErQKnluV/Mxuu1M+RBUHpTSEMA== processed in 236ms
[2026-08-24 11:04:04] [ERROR] [auth_service] Transaction payload payload_hash=7kfAssUcf3H4ITt4pxjTIRPjI9d28s941GdcAsMIVFf/ahVTTVDo7U1pqE8ObiotZY6Bvlv90iN0Q6Fy2tT3xw== processed in 41ms
[2026-08-24 08:35:12] [INFO] [auth_service] Transaction payload payload_hash=Qlb2AGmigotEZdbeZtwN58iKWwAhCmOZkxoe+RXjOiqU2807IIpUVmeIPU3GzBj7iXSt1AT/GIdQIBCRa5Y6HQ== processed in 95ms
[2026-08-24 09:41:18] [ERROR] [api_router] Transaction payload payload_hash=wRtvVPiZYOSx9NRhbuQ70aVZKiqD8pHo2Fg+LDN/IGWrggzBWz1MZodm1PoJBRWMaN49i8U66C0/B/gKSzJeWQ== processed in 235ms
[2026-08-24 04:11:20] [DEBUG] [cache_layer] Transaction payload payload_hash=c3+QfQZettgc5o6rC8eXRU69pwYEbguUCxnxwqNCN/1pfa4FMC041DqwLjSjQRZMHHdjrgP6xSonLzwQB/wnSw== processed in 452ms
[2026-08-24 06:55:49] [INFO] [db_pool] Transaction payload payload_hash=jVQIn+PlbSowcyri3H9dLLF1Hej6nxHcFhs4RG8RCzD1XPnYveamNORpepcmozaiUt8y9e0LhSvzXBkXlXwysQ== processed in 322ms
[2026-08-24 04:32:51] [WARN] [api_router] Transaction payload payload_hash=3d+AdPbChed54GPwV7fQrGVbA1eoNteRuAV9Ckxit+E3PDpgD2SwlfWcLZ9Dc/ygi/XwBVNJX8Dq/idjOXQPJw== processed in 189ms
[2026-08-24 08:19:34] [ERROR] [db_pool] Transaction payload payload_hash=USwuSvm6nMi9Jw2Iu6ssOmEEGYnlH5LVYN117Ved4MmYv+26C5fC7vhvQddL7HzwqUT1g9Y4SgTHbQjlQM46mQ== processed in 478ms
[2026-08-24 08:19:53] [WARN] [auth_service] Transaction payload payload_hash=jnznuz1xMcCmyG8fJILn+gu/SmSfO7/U1O5yPok03eXvITDXv9TfjSrdJUvfpaWRNlOF3AeTVkkdPdWXxIBxgQ== processed in 208ms
[2026-08-24 03:31:18] [WARN] [cache_layer] Transaction payload payload_hash=wB8qcKDsAgCeNwd85nSs7o3dZ7vYFFkHga7YTVwLiGe+MKeFIvhMVt2gwlT1CJYHbnWFXsmjW6wofOdyA2i1Rg== processed in 232ms
[2026-08-24 05:49:59] [DEBUG] [db_pool] Transaction payload payload_hash=FIdz0zXv8gB03Z+MEmadtNFSJWRIvNp2grzMOvwevP/jgNGYMurGV/zGOB1/+jCTiQ7Sz497yJBmyoCwDezaKw== processed in 269ms
[2026-08-24 03:34:57] [INFO] [cache_layer] Transaction payload payload_hash=Dhx1UOQ23v6UROrLBb4j09mJEqh34T+NzHUL6cOC+rKBNgvEsYuyIKbrSEp3qhlTKXj7moDsPMYIFPBgrDV1VA== processed in 301ms
[2026-08-24 04:24:07] [ERROR] [payment_gateway] Transaction payload payload_hash=0r+ibxrli/89zUCCFvlZJ6C2vVSrlr1QCYAK2xPQnzfJYDtplYMWgc3cPOw3Sfp61z6PZCPbCoLb3oDZFgjtvQ== processed in 248ms
[2026-08-24 04:48:01] [INFO] [api_router] Transaction payload payload_hash=nzLLRxPYzBcn/+IsFnQ/i9OuUcsMicrk8hmsFJ+xM9sfyRPm3S7QCEZqDPyEcP5jAJvICAEYJ5/jLSDPzAZZHw== processed in 259ms
[2026-08-24 06:16:56] [INFO] [db_pool] Transaction payload payload_hash=3XU678SolRhohor9aiDeNmi+FmXtYeIOEn+YwF5pWYFHNXQC+P4V2i5mZuicZ+YDZ9xa4ekWRMR+ve5US5Le/w== processed in 235ms
[2026-08-24 11:07:26] [DEBUG] [payment_gateway] Transaction payload payload_hash=AXTw9qOJHuor4L8kKzJV9pH4aP+o/K7r+UpJqXWIpOLFIW60hP9LU3O8BptPlomMAGEuJN3WkcfXpkjDm2vOeA== processed in 326ms
[2026-08-24 10:48:38] [INFO] [auth_service] Transaction payload payload_hash=ZjFQjLpKK+u58N49pme2q/waFxLl3nUgZNAHeVR6RUOiy9mUDOs1KbJhIMVtxk/CBSugi4Bp+3oyB77abPA/NQ== processed in 113ms
[2026-08-24 02:47:51] [DEBUG] [auth_service] Transaction payload payload_hash=9Iu1Tgmblme801Mz+EWQZjJIkSa+V4KC/WsAZeOh7X6UQiQD0Zp8Fmvd2UFNxv94gY5HQMNBOgJ9QO/kYJSfjQ== processed in 6ms
[2026-08-24 03:47:51] [ERROR] [cache_layer] Transaction payload payload_hash=rYK1p/fjryPoZgVMZs48hxjEfZlMjJahbiHf6rRCHqEhknavEny9aAJAY0uF7zI8ZiaQGU6Z3JqL6X/HRYBe0Q== processed in 356ms
[2026-08-24 04:22:27] [ERROR] [api_router] Transaction payload payload_hash=rHl0zw8/8st9MCHlmf59Pp9LOcezGUPyi4rISBQjvaPrGPoVSJeEzJrPl2mU8d1jW1Ev5BILteXa76A5EktIDQ== processed in 41ms
[2026-08-24 03:26:09] [INFO] [api_router] Transaction payload payload_hash=tKKeYse2vVKGC/0Jk1I+xIvqTxt8E2svumNaqt2lIzaJ4Kj1qV+kVXI4NB5MCX1tSs3EZc8nYsaI6QleYoOsgQ== processed in 170ms
[2026-08-24 11:15:42] [INFO] [cache_layer] Transaction payload payload_hash=UoRRQhXDiS+8rJ4lZcCejrnkp19KE7m7c6fWizy/Lo+jf61pxNaaIaYWayBxaBWBqw6yq5E2i5XXS5fRRRz68g== processed in 435ms
[2026-08-24 10:07:42] [INFO] [payment_gateway] Transaction payload payload_hash=GLSuEtScWgEfy2oFHxq8L8d5BVul87c6cyqvhbtK85ngeNR88GHjrz04qj8EEz+cb7tsOnX5omNlhOYRYkFp6A== processed in 481ms
[2026-08-24 07:53:49] [INFO] [auth_service] Transaction payload payload_hash=Sn4FcbkxKwVz1piIYyF9bEhiO2vhHaSiXgGrCrLMeloOz5YuSC+u3nU7ISBWWnhouGr7MyxuYy7cN5BYE443hg== processed in 460ms
[2026-08-24 09:30:07] [ERROR] [cache_layer] Transaction payload payload_hash=K55i2PLVHZjxJkUrg1lx5JeI5u76SiPvQ9z6oRI3uPIIozDo68fb5bfqVcV5T0zWJ1AR9cB575x4v3GpkbjdmQ== processed in 161ms
[2026-08-24 07:13:15] [DEBUG] [api_router] Transaction payload payload_hash=PgOvzCTh+18AkkiaQdZTk7poMt+LwYt7hs20EbVxspBzLzDhT2NyHV5FLgq/cE2ATMqpos0ybGOjP7qh5smR3g== processed in 161ms
[2026-08-24 08:41:49] [WARN] [payment_gateway] Transaction payload payload_hash=uxAEVDdkmtHGUr0oI5xRkfkNqiuZC1COH6/MCRj8zBHGzDjnCXEwYNrOhA8+gbwwGoYM9AFWVOuc0Rrpx0ZNfA== processed in 142ms
[2026-08-24 04:53:40] [DEBUG] [api_router] Transaction payload payload_hash=nBxz3uJNBtiLp9tAphmks3o+V67xBhzPLXrgYcMtn8XOo4eJCQnaHTgYYjV324S2A3KVsxp9YoFNsUxP5XFOdg== processed in 266ms
[2026-08-24 10:50:11] [DEBUG] [auth_service] Transaction payload payload_hash=D4sL6AfGna/MHjarTUHu90r4UBNUnpSvCP5b3ZcshU24HHrLaZt053I9lv1EIgEUKZN6q3wJvJ+UlU9GKXtKTQ== processed in 121ms
[2026-08-24 07:07:45] [WARN] [db_pool] Transaction payload payload_hash=qrzDs80Ijc/EWhXgKIIFYYOl+bAnOVmghpNJwyiUhGJLVYC02DpAAz2ngvHOUR+/8MVgy9mbsZp1xpvQK0oXpw== processed in 235ms
[2026-08-24 11:19:17] [DEBUG] [db_pool] Transaction payload payload_hash=1JVri1HfozfXmvr3dKgOfGxCAp8BRl/wnOYBWQBxrvt/wiKVIkKI6ocvtANpklpEke1aU1zzag0Kf47uO/1PUg== processed in 170ms
[2026-08-24 04:53:37] [ERROR] [auth_service] Transaction payload payload_hash=8dhjRxjvbICqWCsQS2qPbYIB13+hzzZ6HEfq1CsetMBl5ql8i0tQ+AX5sOmTUTkhwOAKG4fHavcbO86U8SGztA== processed in 126ms
[2026-08-24 05:13:30] [INFO] [db_pool] Transaction payload payload_hash=eAqFjwiTP26A0fQMqlBr83fY8VmnbX1bTdXrgI5XT1kmPJsV6jIbESa6q3IXfUz1+Qg51O3qYauBgVNJpDchlQ== processed in 106ms
[2026-08-24 09:14:28] [DEBUG] [auth_service] Transaction payload payload_hash=i0ZcDa4qgk8k/Vw9tL+mXCMhjhwp5bDkzhMn7RF8xUMYRnAMbbKszfuVY4SyYBeZHLoGtFmy9JCiRs1YUtkr4w== processed in 78ms
[2026-08-24 04:58:28] [ERROR] [auth_service] Transaction payload payload_hash=S+HZodPp02yOLg7gKadbtQMxAuR09pAxoCximaqWnCmqDMyLsiJWRCj8Z8RgQHQ7ukpVi42ZoTDncGRDcdm2rg== processed in 178ms
[2026-08-24 02:33:06] [ERROR] [payment_gateway] Transaction payload payload_hash=XXLfVUOYxDkYSWA+CYt0Jyxu7pDKciCESufnWG5BxOy9oNEQgFfH4zL3QK468L8q2qvUyYC60/GgNfhl/S6SVA== processed in 452ms
[2026-08-24 08:41:19] [DEBUG] [auth_service] Transaction payload payload_hash=K5S0Iet4YmCKB7EYWfP741TwPqpBY3LAFadn1RXzwCLNFqxvcavCvrxlq8T33CoypGn+sMrXkV8okUsN5PK/0g== processed in 36ms
[2026-08-24 08:02:53] [INFO] [db_pool] Transaction payload payload_hash=oWHwy8WDfJXGv695ZP2SeZLoAGAJAa260hf5S6fKeKFcwjrr9hfzOE86eMB3kGyjyWSI5lX2CY6t5EeNU+6qAA== processed in 201ms
[2026-08-24 05:35:05] [INFO] [payment_gateway] Transaction payload payload_hash=wapCxNiRckY8JSRGAh3NhZ0q4XK8lZvkTjhKOB6bQH0MzforT4WMndlvd0lDFVGxrUhWkNnalGsJow1oK5u/MA== processed in 380ms
[2026-08-24 03:59:21] [DEBUG] [api_router] Transaction payload payload_hash=OT3z6wEnKJ9Wc0qZwC5qOfrBjBhczvrI3VtYjDK0ia5lvGpWhsu97ragzprxoITH0Qgm8qkgqy59Ma3dTZZpYA== processed in 327ms
[2026-08-24 08:36:02] [WARN] [payment_gateway] Transaction payload payload_hash=nlSm36/ewP0n/QNOuBWJITM/Qlgt2Czvw9aLsD1p217VXU+/plgxNKQm4Qo6ydJhxQrqpPfkkZefso8NZJyQCQ== processed in 91ms
[2026-08-24 08:10:07] [DEBUG] [auth_service] Transaction payload payload_hash=XxwpnEm2EtbHoZOo5EDsKOjhZ7V0QN1Ivi5pnd5w4E4LkZiVwn1uS8lLxfI/z9suyu2PETZlJUBvJyBTiY86WQ== processed in 394ms
[2026-08-24 09:43:38] [DEBUG] [payment_gateway] Transaction payload payload_hash=BRIzVurJ4ZjBQi/vlxV1Duotd53YhSKD6ZxRGY2bn3B30vHgsMOGaVSsOrKFI5f6DYoJmamCwqxhzuj5uy8lmA== processed in 164ms
[2026-08-24 02:51:11] [DEBUG] [payment_gateway] Transaction payload payload_hash=/+4EFS2eQy5bmwB6eXMSUG/CKLAKgW0tI9Xy7vjQt8Gq7f6YdkR9CNDYSMEfPmsj69B1LhDgWuuiy5eRmlvUMg== processed in 395ms
[2026-08-24 10:00:22] [ERROR] [api_router] Transaction payload payload_hash=yPutpMJafhLihD0NLpXoO1mTH5w9Mv07n2eTismPWWYiVqkTehnQq5VJvslTjy40F9QTX2yL96nGaBwet9N2/g== processed in 92ms
[2026-08-24 05:02:05] [INFO] [db_pool] Transaction payload payload_hash=nE6ruex0FsnAHrVJB9GGkz3Z/tQPJAKHes9xamQpql83uCqLpd9dBnan/tjzD+F1DrXzzZ5AiKpKpRiSNEAbfQ== processed in 90ms
[2026-08-24 05:01:45] [ERROR] [auth_service] Transaction payload payload_hash=94xz6u6iv/GbBjyhIg2ERiWUxY1ovZ3YGS3Auy0CufTbpjjTxp44Gar/IUTwO8HVjWgoPmY+j0ZZ5gbCAh2KFA== processed in 430ms
[2026-08-24 02:37:22] [INFO] [db_pool] Transaction payload payload_hash=tTz2NyvWc2REv1KB9yk0BWEOGieQ3/k5dyzAjSQxZvkqXVp04FqJBMq1V6USBERxbNnWyTEmhFdI9J0EKPNHQg== processed in 332ms
[2026-08-24 09:33:15] [DEBUG] [cache_layer] Transaction payload payload_hash=uDVDPRm0ddyoE62KbWSGVlVNE4miKZiBPl8bMsHGYpHyNNrFvNB73Iew4hT+CNYL0WXuH8EmYYZBcgwlxC7d+g== processed in 350ms
[2026-08-24 09:48:23] [ERROR] [db_pool] Transaction payload payload_hash=0v720AlHyhTRzSVMVOVug1XHkYM/UFBzo9+sYFUIUKHzT+VTABJHz39ZDG3EnJRumADHKc36ozRGPmG4Uw0QiA== processed in 25ms
[2026-08-24 09:15:32] [WARN] [api_router] Transaction payload payload_hash=WXE77P/tCMr4LSxqH1ScvWvSskADGb7pC4PinZXZcBqLgB/WG+cZV4QzE0da+NH0EyV6ZBaJgPEK9LN89Uhe1A== processed in 355ms
[2026-08-24 06:38:30] [WARN] [cache_layer] Transaction payload payload_hash=qzTjCbEKRbG28/Y9oEc1cAxTxLtg+SkqrEtZvrGmCf7ZvLGwhtmHsnRbd4VE5zXhggYftTljT7eK0k8upVxr7g== processed in 165ms
[2026-08-24 10:18:41] [ERROR] [cache_layer] Transaction payload payload_hash=No0pwRodd89Nvyqg7KIIJv+g0YJajGSMZc4olAK2/igmKokuelno4LAUK4LzSAHBgQD5R0rWQFCLImTINNQP+Q== processed in 389ms
[2026-08-24 06:23:39] [DEBUG] [db_pool] Transaction payload payload_hash=77CFb8dVjcDLENYk/pWIJdqUPBpg9I3wHkkli4yHYtm0zpZ97QWXlgsutWf0AtophAwtn61dmBiiN4xIcrAXyQ== processed in 335ms
[2026-08-24 03:08:30] [INFO] [payment_gateway] Transaction payload payload_hash=6EStkWSYyzx7lRBskE+Yu/Z5Ei1y686AfXjFTYb7D54KbOO8pTesFpoxgV7RQVwxJe97FpfkwU06plfthU09hg== processed in 212ms
[2026-08-24 10:51:25] [INFO] [payment_gateway] Transaction payload payload_hash=weJuPzJE4HJpo77eFTpMeeiF1YXaWccYk4aCM7vSiJ1kGFDOVnfW3ml0bZEXinaCJFNZHmPeJY7RMXCttySJFg== processed in 136ms
[2026-08-24 08:52:17] [WARN] [auth_service] Transaction payload payload_hash=9UIAybcYvSS2i4KuBqPBGGBTHYlG3kKUgPdU0UAyTfhTe2LJA7/2G46L3I+TxiKS4PcHLhpdGXcQ4hT6emMCiA== processed in 99ms
[2026-08-24 10:13:04] [WARN] [api_router] Transaction payload payload_hash=PdKgguRlEuPI2q9SOr7+7J9LCdj1+wC2GIKBShylRChprFywgzccAK5lAWih32yRskMatn9+hcR0bBC/DfH9aA== processed in 52ms
[2026-08-24 06:56:48] [INFO] [cache_layer] Transaction payload payload_hash=vKj9jeE9pXwVZ3nMciZn29hxhDhulH2vj+oe3wbtBIuuwB168p2ijkaQVs6pL809yaQ+8eBoY/na4FcdC0DmeQ== processed in 29ms
[2026-08-24 07:58:04] [DEBUG] [api_router] Transaction payload payload_hash=Xx+j6dPnN9AZTxwfzriIZ3nGwzn6ivIVwl1KGfjWZUP4EhH6dRvin72NjiTUfn7k0+69VHFEs2IPlz/LxiUyOg== processed in 25ms
[2026-08-24 11:09:36] [ERROR] [api_router] Transaction payload payload_hash=K9EwYXmaxnXYhZS2G+9tgMwc5/tay0jn+0+AvI/7wmWblIwXgEj68QDslU658LJKi1fX3rh03kTTHGCPPn/tig== processed in 22ms
[2026-08-24 04:58:12] [DEBUG] [auth_service] Transaction payload payload_hash=k6lnVplTZxKERYJEV5bx1ujJjV8ynG4AHyVzHL+XuYsyCBO5ZM01gedHLAYY58fxMYpK/QRwpqn/uhPQ7rmLcg== processed in 440ms
[2026-08-24 04:07:24] [ERROR] [auth_service] Transaction payload payload_hash=5x+/Bsb+JECwMJRmaLzgrlYEKNrbFNwaPPXpW0MmsXOi8EkEW7gvYIwPFSbak/vI+ZqM8bSpAVeqGWyhu+PMTQ== processed in 120ms
[2026-08-24 10:27:31] [INFO] [auth_service] Transaction payload payload_hash=lQN8AuF9KKnpKvssAIFRrZ62eRvJf6yPGTQwpNPWBxOcQLYYYl04BarCh/dqghC+92ZopTXiynp0o6DEfparqg== processed in 351ms
[2026-08-24 02:45:47] [DEBUG] [auth_service] Transaction payload payload_hash=MAcdHcIWoNi281c+UoidGVGlu/PXwBU24/CMWM1PbianF2cWLZu3GC+nwZcPwO+Z52EBuSrsfpEqVj8PWbc8DQ== processed in 74ms
[2026-08-24 03:10:02] [INFO] [payment_gateway] Transaction payload payload_hash=ajgH92iHAgLEVvqhBJ2N4wx6Zle0cjf8fW5h9dJvvGZQVI8W2L69dwWjgUOqyTuBg6dsXsY9OnkGQhirNYWXMQ== processed in 146ms
[2026-08-24 02:38:03] [DEBUG] [cache_layer] Transaction payload payload_hash=wLyEDHNAFFABLeaH/QMBU75I788YvojgrqAjdSfQi8itFFARcolr12cgxSZ45UINrwGIxZQxTJjnK6dIz4THfA== processed in 411ms
[2026-08-24 09:01:15] [INFO] [api_router] Transaction payload payload_hash=ynWSKVmXw3x4WvW4hqKLzEUoItU4bIZhMcW1GuytLbl/KjHEv8/0DyVD6TtyH2QMBYp++PqnoEPW9dCXMEycxA== processed in 175ms
[2026-08-24 05:39:54] [INFO] [db_pool] Transaction payload payload_hash=FlYnRFNKZvG5FoF6KEdFDJQHktqV9XLHYVXvATt9vHa/uD2+qcmWEPHg6Bx1G06mVD7xl0D23l6aDo63jPVwug== processed in 47ms
[2026-08-24 04:55:24] [WARN] [auth_service] Transaction payload payload_hash=69TIQ+QAqqduO/uVdUA0C8ENTf2uyKCdwvFYS5Z+l+FUeouq6vZYKdDl73RLjivFycPCWsxmrfg8bKY6OXyEMA== processed in 107ms
[2026-08-24 06:36:18] [INFO] [auth_service] Transaction payload payload_hash=NbwL3bcH+GTy+ejNKxGoswUKi2yDjPxNJq8Y4SBgeFVccx2T79xWefxv4SOu8ahEhMOTqmr+/wgU8QZZCYFMEw== processed in 66ms
[2026-08-24 10:38:30] [ERROR] [db_pool] Transaction payload payload_hash=tux9WwRby9qB4HaB1tAkZT1vjN3QrA3Azee9K4yTzASebubFyHhLnf/hchoHH4u3WyS8SlOC0kD6wMSMBf2bdw== processed in 43ms
[2026-08-24 06:15:29] [WARN] [payment_gateway] Transaction payload payload_hash=C9FkGH1QIKcZFvOlOF7L0pWACRP9guI9/mDVKs1pjvkxQ1ev9VmRl83HnKza4//zIMaWATKovFh2Cy7BEAn1VA== processed in 194ms
[2026-08-24 06:41:21] [WARN] [payment_gateway] Transaction payload payload_hash=zq7X4SVWQU41BA/n4R42yrkQa2N9nzNNCMwliCbtOhV07r/4HTa+0BKVIFf0WIqBWkgyHTTscL+7o5+dqKDMBA== processed in 233ms
[2026-08-24 10:15:05] [ERROR] [api_router] Transaction payload payload_hash=Jt7gra7qcj/JGAlOBSYNk7PDUtcjYFp4/WdY/5ciiDIBq/0s1iCNcZCAqUv7vuNWjrFY7ctXvUFnXoAO+aHubg== processed in 117ms
[2026-08-24 08:57:04] [ERROR] [api_router] Transaction payload payload_hash=UdL2ISyzIqH4TXNAuEmTkWF9O1VtShDbkOaNiPKXr/hayiF+7Gsw+mhKzohQWd8QhMLcWSpjaNnt6b2TLsgG3Q== processed in 446ms
[2026-08-24 04:04:39] [INFO] [api_router] Transaction payload payload_hash=+uahTvN2TOJh2s/cIyNDS8Y3CZ3Y4C2JMBicldwrbTXN1joFPs6Sz52fybJ795NJpXLlYar76R8X2YVNsPxpdw== processed in 1ms
[2026-08-24 04:20:32] [WARN] [api_router] Transaction payload payload_hash=gQ/WHD1S8wBFsz9YhQ5BttvWtDgGskcta5JFH3gJEWj3XXoMdktE++o0gWZiqTQu55Bqd3qDz0TC0NsWl4P42Q== processed in 202ms
[2026-08-24 02:36:03] [DEBUG] [auth_service] Transaction payload payload_hash=L7JkpAD2jVhxYsvB4Xz4XWPEwcYukn1aW7NDEtJLvyl/VXHneLG+jYb7NNXmT540xEQxGsjqiBT6uQUSKPxD4Q== processed in 347ms
[2026-08-24 05:01:10] [WARN] [db_pool] Transaction payload payload_hash=qaFpUoRdAMzw2IrJZYhN8E/uRIvIQyM2SsUYro3SFJ3HOnXb12386RaRaXJMMYJT1JHZWZjDPanRGRTMFBaL6Q== processed in 9ms
[2026-08-24 10:35:57] [WARN] [auth_service] Transaction payload payload_hash=bJ0D14TUR+ykC0HGZTM37XMfKbBji0F2ZbQXUETzfkHYT075AxZisWZ/5Rk/MNBtVEwXl7jlXvrymfUYnP7+Mg== processed in 96ms
[2026-08-24 09:57:19] [DEBUG] [auth_service] Transaction payload payload_hash=lfoEWhHeEey/QF0MoHvgjmyGlE6+L7/8Lp/4+cyVCCq8r2FLD+30MFS+i7HV6eWGDDVj+6j7td6pscCU7Og8+w== processed in 253ms
[2026-08-24 08:40:36] [WARN] [auth_service] Transaction payload payload_hash=SsGj+jan/VSSwRTGljlZEsEPJ6w2QrGL4tcYsPJABcjLOeSwlcDnJ0l7MvITTkiwiuADcLc3GSYL4d6k2LRyVw== processed in 331ms
[2026-08-24 07:54:15] [WARN] [cache_layer] Transaction payload payload_hash=AE8pI4TwDDRmuhKDNwnWvry0u0+MfT9HhWZqx/7eB7PlGUw6/Tc4V8nw+zEApNzzjtJa8YcHVUhSREVW/iO+pA== processed in 118ms
[2026-08-24 03:45:25] [DEBUG] [auth_service] Transaction payload payload_hash=CMnK2hyacoh3283emy49Qx+GbrxxkuNHjwTds5atbge9VaIPBH+4UsS2McdcnmP5oI0CJ4Y2ksXNSD4zfxYEtQ== processed in 62ms
[2026-08-24 07:39:00] [ERROR] [api_router] Transaction payload payload_hash=JFBbJiDx3qxLy1zUj7eTB/2j5iQQ7lf/PqQRf8I+a7EZP9I/UkhvBD5bwJzpYU1CmkimgPn7fZR42DYxFS7iXQ== processed in 179ms
[2026-08-24 02:38:30] [WARN] [cache_layer] Transaction payload payload_hash=32OQe2SwcYbOwavNkyritJrY57QRiRNxzxGdL4JiSlKmO4BmuiIiFHLvK2Oe2+CQBgQ+oOXjSPVz0scMVIHrYg== processed in 118ms
[2026-08-24 07:50:41] [WARN] [cache_layer] Transaction payload payload_hash=Pkk7VochUy49rOxahwYWWUEfrTKqEJZsgWhYun93hpO6rw1QgJI3ZQuIO65DvPoIDJsz/DF0jwnChGfLwoO7fA== processed in 264ms
[2026-08-24 11:24:06] [ERROR] [cache_layer] Transaction payload payload_hash=TDVUW6pDav7Ffi1vgkE3feu3wWRXso/MIJX306XSFNLb1Tm7CbOFcc4xm54eO+3l2FbeZGHuGcFOdbNo7tKnXg== processed in 276ms
[2026-08-24 07:16:26] [INFO] [payment_gateway] Transaction payload payload_hash=42NcEgrlxJkok5/rzE98q1Ed7fDHVk/HEDj8rZxC5viEwjrL/+7lcynOhYLRuZFnojQsbM8G7pDO80UdMBu0Hg== processed in 12ms
[2026-08-24 09:33:32] [ERROR] [cache_layer] Transaction payload payload_hash=dUgt+4XvXwgaMIvpr3zCy1Gge3PRK2NIoNZTag6Jfi4FyidoTPnkb+eJzScxT48Hs+DwPKaXcB60ZgtR+VOD3Q== processed in 59ms
[2026-08-24 10:15:40] [WARN] [api_router] Transaction payload payload_hash=/guuZZe/5raRai9a4gU+6P7tE01nHIQ/HOFBLFV58eW4wqfuA850kmla1IBhlUEyBEuadH9JELZThbkL7A68hg== processed in 229ms
[2026-08-24 04:22:02] [WARN] [cache_layer] Transaction payload payload_hash=JiIQGgd/5sUis0E+9s+oeFEvpRMFvXKOGJ9rhW27MqpeJ3H1Vhix2/wyq/U78jHR7v9btJ6hIsnz3n7dwP29XQ== processed in 403ms
[2026-08-24 03:23:59] [WARN] [payment_gateway] Transaction payload payload_hash=Zj+E/jLL7SBldoFl+npG9rAShD3I8p6AZiKqbCz3Zc05yzhi7w6qrdUHQRnO89wOthpV2Zp8FAufyOV3GeRJRw== processed in 221ms
[2026-08-24 04:51:47] [INFO] [api_router] Transaction payload payload_hash=NVpmRmaP2n+LDnNgf6Y1iRhua7S8R72OxYYySvAW00Gvc1A9NylmuGcc6JCp2KeICwE4CLjBpf7oYF5WCIcllw== processed in 118ms
[2026-08-24 03:00:43] [ERROR] [cache_layer] Transaction payload payload_hash=PaHMQApxDGnUGb8VfxhFDVICpcXeKPjaIinwUuDsAMRwO9u7MupLrXWCNvMBgDtSx62sX4DtnYErohgn8P++VA== processed in 123ms
[2026-08-24 10:10:14] [INFO] [payment_gateway] Transaction payload payload_hash=y5t8hCWwD5xMkwknEO6KxonaRkbttc9ewtbtED70d2eJ8mFkgQBcqDFHvrEmKTiC44CamQWyl3NW/qygZFSRkQ== processed in 253ms
[2026-08-24 04:24:36] [INFO] [payment_gateway] Transaction payload payload_hash=1z9GjiaorzPs4eEJZ+xUqPxSWcPEhFjVcGzOuKXbwMbwxn8dKGOslylWYQQHUshKtosh5BEpKnJICRMDOPmsUg== processed in 264ms
[2026-08-24 07:16:26] [INFO] [payment_gateway] Transaction payload payload_hash=CLtbsmZvvmzXF94MMhhblXt4tz4G8LQO+FHZN5byzVbo4k+HNE9rt2GmKNym61o/g1cbZdJWc1e3r6QoDeGuqA== processed in 61ms
[2026-08-24 04:32:31] [DEBUG] [db_pool] Transaction payload payload_hash=kG77rXByzWLRgYKyAc3AdmPMz/jktnumvNXDjlGvqpMbuk9XPEbKGt7nhQQQ12QA2ogXTSDlf0viNX4ThbEkTQ== processed in 476ms
[2026-08-24 10:59:23] [ERROR] [payment_gateway] Transaction payload payload_hash=QUUZwPmEWPNMUaUi4eAtdrWRMye8doPyZLyH6z0mJ75QFLl5JkR1ACdf3F1DhHMjpPp9u2rKUxe7c5GkwGlPwA== processed in 40ms
[2026-08-24 08:23:19] [ERROR] [api_router] Transaction payload payload_hash=75PDetJXuy42S0cfOypA77upDg8fIDWM6PoN7d6NJVIfQbSK0HGSR41mXgLcFL0/ID1ao7Ru/rSzYM2HtN+7Qw== processed in 402ms
[2026-08-24 07:56:54] [ERROR] [payment_gateway] Transaction payload payload_hash=b3NUw0q8nvjFdt3Z9Qs/cS95vJXiFKXOIp+Po+hXU4gvssgXe+IbOgNmHs8q2ovHGrq/4edSIWIgg3J22SUHCw== processed in 447ms
[2026-08-24 06:46:32] [DEBUG] [payment_gateway] Transaction payload payload_hash=eCTAZDnOvMFMnLbQ6FPGjfDrs/t7fyYtuxhHvWE9FbAfl1BbOOxbyjK2UWsDrM9EtAuVBhmvkpKzu9Z2kQEtdg== processed in 93ms
[2026-08-24 05:17:05] [INFO] [db_pool] Transaction payload payload_hash=psGr4IbVze8lynn5lUs5zDGnpjnMjfixRD1W4ikQs79mOpYWhO4vi4a0KhRmKiqxU/uHzJoqx7G7DeF11bn27g== processed in 14ms
[2026-08-24 05:08:42] [WARN] [cache_layer] Transaction payload payload_hash=4ht7yqU/0nt75py4dTAjLtE2M2d4vUSqP2QIaI0Y4ZDH+gKhaVOyJJPDb8gb94AzsroKO83mwxxGbl4av71Qcg== processed in 54ms
[2026-08-24 07:59:09] [ERROR] [api_router] Transaction payload payload_hash=RlYCcAmghyT2cmpWtKLFqafOXN9y8ir1b+hPnZOcPrN/YWN3Sik0VEKQr2JoqaiKKmAoG4oi6Dq+/AfhhNkMKQ== processed in 73ms
[2026-08-24 10:42:46] [DEBUG] [api_router] Transaction payload payload_hash=Y23vEAdPo2Ok75HvtyvH198Muy3WDJY6K4Zt7erV4Tv+eJbKn/+FP0qRGibbeAD90MRKB+KvpVKAYTRxQ4s1Ng== processed in 158ms
[2026-08-24 06:39:16] [DEBUG] [auth_service] Transaction payload payload_hash=2Iy7LxGD/9k52EOKfzGJ11Ux8OmgWRA5iuqmsWJe9wqp9clqjb1PcnWr95BZXTUvDN/OT4HILyl/4+KLhkGXbQ== processed in 41ms
[2026-08-24 05:48:27] [ERROR] [payment_gateway] Transaction payload payload_hash=i8H1W9J86GkeFPX/2+O2XBmj1iGaGm2UbpURVX4Og6cv03u1lr1EJC34SaTbod7VQosNfMJUwjmUfUOOjPlXIw== processed in 307ms
[2026-08-24 06:56:02] [WARN] [cache_layer] Transaction payload payload_hash=MVLV1YE/OZGShtQAWxwguwmLGY/PUdE7Xx8xnuwMzvzj2sAqgyboGisoocXELUzFvOMgNJPV6RgzhkcDvSZ0Tg== processed in 320ms
[2026-08-24 09:47:32] [ERROR] [cache_layer] Transaction payload payload_hash=gGnBIqKbyEiWiZNwLw9AzckkA9dKngsRVfQIZ0BORvBaQZdSz8JMsmCIaw4pIcTJlCIpUe09kgW8L7UgIVu4vw== processed in 103ms
[2026-08-24 10:38:36] [ERROR] [api_router] Transaction payload payload_hash=ENPfMiHL5Lytnh03TTdlUFHo1PzQUCyiYmbeHNLnGMT9gE1WIntLtZQUPnS2HfSnmZg8fkhnkzp0rNNlRJ81oQ== processed in 59ms
[2026-08-24 10:00:08] [WARN] [cache_layer] Transaction payload payload_hash=s4hBIdYWLoFdMhie7TCxs7vbOq46nMbl5nRPm4X8upLqq8uCp0oV66GwU5z62UoAGIv7LerO42Ap5cQ4bh343w== processed in 51ms
[2026-08-24 09:11:23] [DEBUG] [payment_gateway] Transaction payload payload_hash=agoFSFineaPKtfPI8Jo2r0zM73k2OHXsn2VO4PZPGXD8gUFMxuUgv+TPstllkArAFQXwN1ZH9aDP2Da8a2ttqw== processed in 291ms
[2026-08-24 07:13:40] [WARN] [api_router] Transaction payload payload_hash=v6C5BvF8cZEf94F/APAnsfWGTKH/Dpqnpiy3mdF21CWpohgkZ2p/KEdoWcX8PsUFFIAANFeEPdRUF0itDevUZg== processed in 171ms
[2026-08-24 06:09:39] [INFO] [api_router] Transaction payload payload_hash=GTVIOfWqNQV5ebOYVZwpzhojgJSMUgeKa6GfFsSbixdte0OvGHgfWy7OiI5jkCcCbnT+3sKzU6dPW+ZSt+kFFQ== processed in 78ms
[2026-08-24 02:30:50] [INFO] [api_router] Transaction payload payload_hash=kb0CTKfcdQBJJVHetzhNiOqnq18twmfoTUevBwnc+2Moo1cauLFYyJMJDEuToQ+BMS5EnTz4e+2HX+l1/2gC8A== processed in 153ms
[2026-08-24 09:54:41] [WARN] [db_pool] Transaction payload payload_hash=sXpvG8768CVEN3ku8LZk3LlWzV7wXwxTR5VuVkOA9kgew6Fa5mH6AcJSq8IZXdIs9RJg52QfxUl/sOeOP03lFg== processed in 469ms
[2026-08-24 10:22:59] [ERROR] [payment_gateway] Transaction payload payload_hash=MO+wyogCGBI5bQhZRQSRhfRf+519Tpp+fAZ3WT9OVywXQlKyHA/l2LUfFXUxMVQUU0NBeNweOnUtjXyShysGyA== processed in 240ms
[2026-08-24 07:34:30] [DEBUG] [payment_gateway] Transaction payload payload_hash=jCydldYjIoHm801rWnkIW6DXaomPYkJFrVoFZQEsakJSMOhuFro4L0NHnv9rmq51J+iGcE2/W6Oilr8Wu/ZuJg== processed in 326ms
[2026-08-24 10:59:05] [INFO] [cache_layer] Transaction payload payload_hash=wXQBTWZqeZhKM8TQydjF+wG16QPgAxpd1Ptfqqk+MWS0tZHu5cN8Exkf0MmC0tHPt3UQOuAOPV1w64xw2xjLRQ== processed in 167ms
[2026-08-24 07:20:21] [WARN] [auth_service] Transaction payload payload_hash=SVOTqjg97CGO9iSd2YNaZZ0ck1zygeqpvejyZypwfvQZ+3gZWZy2/sKXrGrBUBVJLrBvkqyi4A1jy1V3Sul4bQ== processed in 182ms
[2026-08-24 09:16:06] [WARN] [payment_gateway] Transaction payload payload_hash=c4WuFSf9XaVhUbOA87pVoPHRcoqA2bEbglRH8WNoNJoH4rqzF+KDt8rTG5xs3X7Y9oLSX+J0kapTZ113uzx9rQ== processed in 389ms
[2026-08-24 05:00:34] [INFO] [db_pool] Transaction payload payload_hash=/MqCr/l185v86WBxUhbS9It4gRgJv6Vlzy2D+66MJmskRml9mFviqADgrNGYRcxxVy6xOKSN4R738hwsQekReg== processed in 276ms
[2026-08-24 03:43:55] [INFO] [auth_service] Transaction payload payload_hash=N2Oi0527yYa3m9qlXwHHLvlNdqnPQqwKR9jiDdes3vY1yVsoxLKQJImM3587Y5jxzuDJgKQJtgInpTtnrc9UWQ== processed in 73ms
[2026-08-24 03:47:37] [INFO] [db_pool] Transaction payload payload_hash=00vIOY9JzMH61HkWJyqAg1/SIoV74NZCEUtp4oFkOGEObwvMpuypgPKKWHVMyzEqK9PCz0deQ2nMNxftnQpTzQ== processed in 97ms
[2026-08-24 08:46:32] [WARN] [db_pool] Transaction payload payload_hash=uujRbKApwWqrFTC7VCbLfwlCjLcBA9oY5gIpgqUJE4k8KLfm7wi8GNSIYcFqrRecI5nIw/3fNgXCHQ4siWMsew== processed in 477ms
[2026-08-24 07:54:45] [ERROR] [db_pool] Transaction payload payload_hash=bhkPJOtGlOUayTYkHr8G+2OzE3qayUfPaPe7jpWs+pdTes8mS2/gLEoRxkmgxpf1NmUp3TN16l/l7jpR/Eo4vw== processed in 177ms
[2026-08-24 09:23:43] [ERROR] [api_router] Transaction payload payload_hash=SwfGuyiPDWNXj0mHtUZu21Vo5XbmAO5wVD17lYSQf/veKKLhn78eZXoe9r/DAHkwSio56YeIfU1mpCJVWs0s3A== processed in 49ms
[2026-08-24 04:49:08] [DEBUG] [db_pool] Transaction payload payload_hash=Ozo8mDkY8APMEB+akiVbablu1uEQeYOhdFw7Qk5L42pzaa3yUKgIa+JGI8h3Bo391mhIvZZ6ljsuFWk8lMYARA== processed in 154ms
[2026-08-24 04:48:27] [WARN] [api_router] Transaction payload payload_hash=w0j9hdTXcNoz47WXPYcaUk/ZshjZziLh9IV3wBqZmmTdF5jlMQmXHrYVXChKSLmgXSz2sYIz1lAXuNCR+RhvxA== processed in 454ms
[2026-08-24 04:34:57] [DEBUG] [payment_gateway] Transaction payload payload_hash=XduO/4FQBS5cmxpFsFczRRKxi5jKYd7LO13DNVQsgyPDteV6fJg2PPpBTFgKefQyc/5zwRaSY6sIozHXQnxPsg== processed in 347ms
[2026-08-24 05:48:26] [WARN] [payment_gateway] Transaction payload payload_hash=T1FjHP8BX/mXEKg+P/CDFRc158ZptdiClgPRF5rta4F4z7wgXeO4Kn3Z9WrdqdURqJJwNIgieSGG6fcS3BBAXQ== processed in 459ms
[2026-08-24 07:40:39] [INFO] [payment_gateway] Transaction payload payload_hash=6pTExdjxxGZOSkAhn3kGrp6MRdOCYLtjvYBP5t6zxy5BFWJYUoa7Ay5BJZF/HT81UVZ4W39enDpY7Iy2EnrV+Q== processed in 14ms
[2026-08-24 09:40:29] [ERROR] [auth_service] Transaction payload payload_hash=Uh5zcgTMvGiT/nd4TNTCYhO3s7YZ8Bi1Cs7dCd43eTF4vKH8QO6dJeT+TTgaTej5JAmar4+Vr8oFXQWSi1az0w== processed in 79ms
[2026-08-24 02:27:19] [ERROR] [db_pool] Transaction payload payload_hash=XRI3dh0et9OZBRtAC3N1A3nqJoGEzeDuF9Pd4aFXP7BJgeN81JkFflS+RCyFdWn+h3gs9di7C1I0uaPevY7LUA== processed in 272ms
[2026-08-24 08:40:09] [ERROR] [api_router] Transaction payload payload_hash=bJBgNYdAaDCPb5pKvFLO1I4WgsCVJSic15WvZJxI9joGAAi5T4VKnt6AMo3WM4tYFlIeIZtGCkakpuTMI2qhLg== processed in 481ms
[2026-08-24 11:09:56] [DEBUG] [auth_service] Transaction payload payload_hash=VSIuxqZT5IWEsv9hKtHEErBSto5cY9XeNZ7KJn2KLO9brXUrOb9iGNPb6401s99MAIIdjRZjPfW+wbL/A+HpWg== processed in 433ms
[2026-08-24 05:10:22] [DEBUG] [api_router] Transaction payload payload_hash=g+ELneaow7r4DGSqZBD8PMYdm5/2rSK72BfBSSrQKPsC6sFl0tB/chg6JKXd9wZ+CwLCN2cu1TseH96L+iegFA== processed in 128ms
[2026-08-24 09:18:58] [ERROR] [db_pool] Transaction payload payload_hash=duravTKyu+ho8F5D+QLsLL+dHeyzVw0mS3KUtifRdSEC5VeljF+sekzJ30goz0wF7VYDlm8KAsbwJ/AXitF69Q== processed in 460ms
[2026-08-24 06:55:13] [ERROR] [auth_service] Transaction payload payload_hash=YxxHU0TjkRiZKweVJivc6yTnC/mHRGgrbg+Ujp+jBfv7L0Hh4JVVLv8dUgnhqtY6+HNy7FgZhNhuu9hRWDi0Fw== processed in 271ms
[2026-08-24 07:11:40] [ERROR] [payment_gateway] Transaction payload payload_hash=voLD4q8hXPj0CMWIQhBUa5WVZFHKUC/09oLvCVOATGMTaPvAn6UB3AuaHjg9AEdkDRaZjf+xwvrfCz/WIe9Bmw== processed in 426ms
[2026-08-24 03:24:46] [WARN] [db_pool] Transaction payload payload_hash=330cy9qo8bRTKHlc+zB65b/UALUOUzxMnfbJ/s0INKXBvI/tYlvsks/VuMjWNtAHnWUi+aa8O32/ff3XHClvig== processed in 435ms
[2026-08-24 10:02:41] [DEBUG] [payment_gateway] Transaction payload payload_hash=dAmtIV027M7cSNSepwH43KsL5hJ3N9cu64SB/fucyjPgtnBq7VxgDVy7PZoghjngOIc/y+wzc605uGB52F72VA== processed in 320ms
[2026-08-24 05:33:23] [DEBUG] [cache_layer] Transaction payload payload_hash=t6O3kLq8P30Q4VcrJwKil4TZJ8aSvYDomx0NjBbafEpS1ROqSU0xCULjtd5SqmPnwNL+681mTPI5Mg2mkI+whA== processed in 360ms
[2026-08-24 11:03:12] [ERROR] [payment_gateway] Transaction payload payload_hash=qbanvYrW4ZyyI3b+95CIuHgQvSYburLHrfWVKf+jLjEkJFfUdYgbjgxNLTIXnowUzQpFE9d/ku/2JFCSp57DEg== processed in 311ms
[2026-08-24 05:00:04] [WARN] [payment_gateway] Transaction payload payload_hash=1hd5GxOHLA1yrcnZgUk2RkdTkhJXYIIcJUM6fPld634jHJLp9kXEG+z1yhyY36818EkqaHGMhlo6HC6O1XYrjQ== processed in 158ms
[2026-08-24 05:44:42] [DEBUG] [cache_layer] Transaction payload payload_hash=GqzwUEbuFUvbsNf5I2D+R0mifJrwnD3bdiB0SmhO3qWBfQdHd7Pg3W0mFB8roxa2BBTox9wiKwPwjw27J+2Umw== processed in 123ms
[2026-08-24 02:23:33] [DEBUG] [db_pool] Transaction payload payload_hash=ESfZ2ja+k/O9NXkEydUDTqe4aWK1tY1OY/r33IhmG/B4LZoqAFVEefUtf78WcHWgH3vZcRuoXZ+pP0cUVavGdg== processed in 433ms
[2026-08-24 07:48:45] [DEBUG] [api_router] Transaction payload payload_hash=+FaV8AQxG7TVi2R08qu3E1m6ozk1XQH77V6P8/ExYEPJPiCrNxPS/c2JOJzbez+2HLXAO1CfSDxIYmhiOCMCLA== processed in 420ms
[2026-08-24 08:41:38] [WARN] [db_pool] Transaction payload payload_hash=g7P1gjplkept39S5KL9i4ANqPDd7ciAcl/HArC+LBBr2Xxgxl8TR/KWXaVx1ru/TRSNT4tLs+iOGZwl+Mioswg== processed in 144ms
[2026-08-24 10:14:12] [DEBUG] [cache_layer] Transaction payload payload_hash=fW351jzGfzKMmrsY0i38w5b2ZLwYbnBT33Nk1cbVvTiFNEWo3/pmggW2fEJ6iMQLjs4oXzH1j2o9Fd5l51WUVw== processed in 476ms
[2026-08-24 02:56:33] [ERROR] [payment_gateway] Transaction payload payload_hash=/Oj9UQ+hMCdk3E32lE9Yna2w0OiI8yr9qy7muvgYlsHyXM7BpmiGsx2o0FlTq5O6yiPwgTXfW63fRgsxdQ1riA== processed in 273ms
[2026-08-24 02:52:30] [INFO] [cache_layer] Transaction payload payload_hash=bi211TPtw2/nsl2Og7ZJoZfHocfUa2wdy6Xd3dbJxQ3xknuStitlr0DtUCG5pSQPj6Xqq+gdiVaTL7ZdoWC9Gg== processed in 317ms
[2026-08-24 09:53:43] [INFO] [auth_service] Transaction payload payload_hash=pZbaUP5xE4R5Tej/sKmPKx2CR9GoBbpH7g3whM0of3PoDJVjLabr5Yej9RFhtrfM1FmnazQ0XrSjdiyyUebrYg== processed in 497ms
[2026-08-24 05:29:40] [DEBUG] [api_router] Transaction payload payload_hash=uXhZUTlImuL4hNQdxFynJ8S7enH3HHcKDrEWui5FYeXoRis9nPxdvHs6SbYFOLRwwd49fIPNC+zOnXlwqRYpjw== processed in 42ms
[2026-08-24 06:36:24] [INFO] [payment_gateway] Transaction payload payload_hash=AGSTH4I5c4mNMD7Ufw8NquA7WQWBcxJ/pRfxoU0tiWEdUK2DaTuWi1G2/0VJxAWHVh6bWecvmEtUfdPxmAvYTw== processed in 465ms
[2026-08-24 04:30:06] [DEBUG] [db_pool] Transaction payload payload_hash=4oOh8ZXUtsdjjmRRQPEPkGpIiXhaC3dQjBZhf6CHulucbgRs2abJe9kzoMhEcMCol7qvBSGpYTzTP47rVweDJw== processed in 130ms
[2026-08-24 07:59:20] [ERROR] [auth_service] Transaction payload payload_hash=C6pfGUYBSOSt/Lln5p0ddMFJA6zfRyKT4JeTmXhrJLijX8jYmJ4D3MIU1blR4tyosE+LtcjSYPiSj5CxyCBQRg== processed in 65ms
[2026-08-24 06:27:55] [ERROR] [api_router] Transaction payload payload_hash=UczOQd9AlXIXUbnfIFE5CkVS5OpaVrSm3GzwzFljRZevuD/JrK2KBBUKjjv2XiE6rJMcN5S/7AjHIMAMpBYLNQ== processed in 144ms
[2026-08-24 05:03:12] [DEBUG] [api_router] Transaction payload payload_hash=9w6JGudZk6Sw5ZKorUvH5DAbNbR6qCHea4ifhrjgjeZW79HmSnfz5kNNKEIuLA4tB3BsUcVm185C1XeDH0GgJQ== processed in 34ms
[2026-08-24 09:26:41] [DEBUG] [payment_gateway] Transaction payload payload_hash=7MTEQB+a1/xACELDfCCEDcOcvl9v54eFil7GftrjG8dc3s38nCFSxdrDGlWq3IJMnvVGeae0Mx83EPOj36SLrA== processed in 432ms
[2026-08-24 05:02:26] [ERROR] [api_router] Transaction payload payload_hash=mtMwhSVPqkgGA1w6l3QgWWuCmtJ0ZzZ9dJgoB8bAqzKEiC/N3iSNE47W1IsoS5iFdNcyZ8Miox4ZNuYwShqFYQ== processed in 230ms
[2026-08-24 07:12:05] [WARN] [payment_gateway] Transaction payload payload_hash=fIPYpCvHUV45XB7hSvGAt+KhmSnF27s6ymwmN+eV5z+C52lxXiFVhTEnBz2KE4KXy4DCVil6k8L+BTquSLmxOQ== processed in 50ms
[2026-08-24 06:46:21] [WARN] [api_router] Transaction payload payload_hash=orFcsjyPJ7SHyO87iSRNGARMcZYyNpszUz/Wk549LzI0DlmRgO15PUKBHFlJRl8ZTBqR6hTXm+hu0clf1P5rfg== processed in 323ms
[2026-08-24 04:43:09] [INFO] [auth_service] Transaction payload payload_hash=Dq+LRYT6+j76umP6ztGzex4TJT43JRkRcSAG/qcvhXFzHApb3MPXNhEDt8bb0jmbo6dXU93j231KKwAKFDk90g== processed in 453ms
[2026-08-24 03:57:23] [WARN] [auth_service] Transaction payload payload_hash=Kr13KTF1i42wv5Z06+4BGErPWnnGdd8aKdluXlTO+F+i5uU9mqas2zChh9QVB67aBzjKIITtT/N6zA8hWp6Q4A== processed in 242ms
[2026-08-24 06:34:39] [DEBUG] [api_router] Transaction payload payload_hash=fQ9zLLpLLHXJy/TmbvfqXVWCQpfoeLKXkONqWHVAgmNn3JGrSagXSnw9fFs6YNknA5ANIYGIWx2m+E45ngb/lA== processed in 64ms
[2026-08-24 08:48:38] [WARN] [payment_gateway] Transaction payload payload_hash=XJ0ovbRqogp+5TGHqHSbBQ0h/3IiSAlqM8o7vM/g7uNzm94rIfR88OS+49Kqfagd20YBNYWvk89wR3lXRc4PPQ== processed in 249ms
[2026-08-24 04:11:07] [ERROR] [payment_gateway] Transaction payload payload_hash=/YsOmzgndYpLOuYfI+oniA0vb0smOWmsWhrYcGfra25rZgEJtX/yWd3nkqLP2uUSqrsxrKPwoS/S3xHMtrluFQ== processed in 466ms
[2026-08-24 08:17:42] [ERROR] [cache_layer] Transaction payload payload_hash=l/e65ecaPSMhI2NE9rA1+U9S3XHApeuoHPTraqiDF12/xK2MHNdmK4VMQ9Oqeggi+krriz3qIrO/FHEWE7szaA== processed in 337ms
[2026-08-24 08:06:20] [DEBUG] [payment_gateway] Transaction payload payload_hash=zSJ07/kiDn7qX+Ig3eVpK+ypSZtu/bVvMDoprd0+0XiDMsl2Fo1oN2sWo8F4VCKXI62VXFBd0u8ueQqgbt8W3w== processed in 247ms
[2026-08-24 06:10:28] [WARN] [db_pool] Transaction payload payload_hash=W1z6DFm1LIexau/uv1qRo8C6f2uIubaB4nYGwCQfexUVUYZgyNFE5gpENhEj1NMx1Stal4lLaxLX2fgGlZOyEQ== processed in 452ms
[2026-08-24 03:18:54] [INFO] [cache_layer] Transaction payload payload_hash=qDjh7eLytAA7LoHbd0NwmgWrq2u0E8XnOoRSIolCWmPD7d1ke3ugVYQvHAqUIwOx/8EY+E8Z3TwCTbGHpTBVVA== processed in 259ms
[2026-08-24 09:26:25] [INFO] [api_router] Transaction payload payload_hash=8F7Fbgcnn2SHstnvxWN1F7BQaM54HcdAyo8cQ8Rt1Bkx/QR6fBwb/wMuMQwGGRO8xW+9nsvxK1C6aAxvyAP//g== processed in 146ms
[2026-08-24 02:40:11] [INFO] [auth_service] Transaction payload payload_hash=MAEKInz4LslWHByZTdq+FlhzzZcmCy2e172gi1FpS3nBfwgEbk43LSi1Ox29lRSHEHHdRuDnF0AR38NpDLgVLA== processed in 329ms
[2026-08-24 04:33:51] [ERROR] [cache_layer] Transaction payload payload_hash=SpItJcpm1agEnLDCHP6R0PkFcZ6hl2B3Eg/r5+5AEf0pplr01dprYoRW63wMUiCyF+oJ969PKEPb3QfNPG06XQ== processed in 169ms
[2026-08-24 03:22:35] [INFO] [cache_layer] Transaction payload payload_hash=m0rClTSsdl4xjTM+2ALrG04ArHT5HdcKvXGkOM7Myv/uQ+nC7y+1bauaoRGmoxR5qG1C5KceTdsnQ1NK2QaRog== processed in 163ms
[2026-08-24 08:01:50] [WARN] [auth_service] Transaction payload payload_hash=aeCu7eNFCkkF+0mZZdXbKO5Eg6szqJtQzhsplpdenCMFCgCEY2NCKW2pYdisYYJfs6Zzz6t3ZuYINwttFOuakg== processed in 399ms
[2026-08-24 05:56:07] [ERROR] [db_pool] Transaction payload payload_hash=A96sUH6F1avnsS/2PYrPTi6w2/WBQqRUj3jb1pWSO+mvYrS8xudfX0Fwt3xnUh0kUWUSTIQfBIz7MwTP4XBDvA== processed in 178ms
[2026-08-24 09:28:51] [INFO] [auth_service] Transaction payload payload_hash=LlrZ7p4HZ0FjdCxA9dRB+HqH0jAtbFwBrSZB/ci12uUm/z5ZGzxJBlTjykbAs9kSsOTBYVCN3RKu0WSsTwc7Iw== processed in 299ms
[2026-08-24 11:22:38] [INFO] [cache_layer] Transaction payload payload_hash=Z0bVucO7uwMFpgAYwu4N9ZugGHSbhriAlw+2HlACU1vhmjkL0kuuahlV60Nk6QGWqLjUMEnefsP8X5xvzVApbg== processed in 343ms
[2026-08-24 06:32:43] [WARN] [auth_service] Transaction payload payload_hash=/NnydDtX3UJhYI4r937CZ9U0lc4lXMzuCm37Y/divdPn0mv2CAUNHeOY+zn5MjHalFJuikI4V8Y/gm9moXkchQ== processed in 328ms
[2026-08-24 10:28:21] [ERROR] [auth_service] Transaction payload payload_hash=36C2AXPKvMIjHz3iyzljsmfAfBLsKuGNC2QK1ZxsRLo//osILQIMgS+i6Yq4qsLO1sQfXL1We7LFWz1o7DdP0g== processed in 45ms
[2026-08-24 08:24:52] [WARN] [auth_service] Transaction payload payload_hash=zEFIKYQ0oqyWU+OWrIoZPvoO96lSj4h7mNd8vo0CWCWNXkzP79KB5o5gQx5bE1Xvl/mJFG+Ah28ovz2RtpXJsg== processed in 75ms
[2026-08-24 04:34:13] [WARN] [auth_service] Transaction payload payload_hash=xUI5+bYXG1pE3kGVE8beY4n0lrZ4js/14gn7Nw46MDwRv99copph80ze8KSOrk+r65i9KaNbu7dJfahEcVvHmQ== processed in 383ms
[2026-08-24 03:09:02] [WARN] [db_pool] Transaction payload payload_hash=jmbiRh9u9ICxOfgIoHDevGi+PDVnUMq8aVRovjjU3Kg2D1MPY3Q53GTWAwM4WXaoh8fZW6SWmBz96jIqyCpXXw== processed in 105ms
[2026-08-24 02:38:57] [ERROR] [cache_layer] Transaction payload payload_hash=kyAjPkgHVIrOANcuEf9XSpr/aOVfdEKs47FOTEYV6CjZkcxYuwnWWszu8gjVbY8sh6OB7FW6C3SHDPI9Tjp/Qg== processed in 365ms
[2026-08-24 06:38:34] [ERROR] [auth_service] Transaction payload payload_hash=7cPhtZQKkDYDxSJh9bJspy7QHDHETnNJurVRDcP9Z1Ew+7VoffSAMn3nIj9y2lfspwdvh18a2Z5kDA47c7E4Aw== processed in 420ms
[2026-08-24 02:46:18] [WARN] [api_router] Transaction payload payload_hash=AZcwhYgwmdc18mKUMsZW4cXd34AbEpXVz0FSZg2x03a/1UyGyWqMBTrk7vknZTn4pSlnUWsutuIpiCNSEt8cVw== processed in 490ms
[2026-08-24 03:18:32] [DEBUG] [cache_layer] Transaction payload payload_hash=ATkJkYvPLNF3NY0Cn/lFSkJIQo8iAnp+gUC8xuEHmnEaOMSxh+B0gcnPhz/G3LPE6ovkoE7G3VYSXaCA2Xthdw== processed in 455ms
[2026-08-24 08:42:54] [INFO] [api_router] Transaction payload payload_hash=E5oseZdWZ6tdpBvajGg5rR9m+79CxE6eWLVMbC4MmwZOtGCAvnh4mqu4L3z+eD/heU9mM244MK1ZzQ79CNm+kQ== processed in 323ms
[2026-08-24 04:27:12] [INFO] [api_router] Transaction payload payload_hash=FemnX8/B+YZ2AgS5J1AmagQ4bw1KxciS2EiU5nEUzG5G7ecxK73fc4TApP3FW5N7AXmWSq8syLWB2OcUyWHn4w== processed in 488ms
[2026-08-24 07:24:24] [WARN] [auth_service] Transaction payload payload_hash=t6TNFHJr0SZMeZq1wCVNWqqgsegVkrKh6aYANCJ1bwCi2Vp+OV6skPlzSKqzlVZM3y0t2LJXsXPcYgnnkYLiTQ== processed in 174ms
[2026-08-24 10:42:39] [ERROR] [db_pool] Transaction payload payload_hash=OrEwb2focdHYnVX/bBr5J12I19Tvhr31SETb6C1IOW6eogVk+8KyYl+eDlMTbyJuCBL83PMrR5UchpFsEiH02w== processed in 302ms
[2026-08-24 06:19:27] [ERROR] [cache_layer] Transaction payload payload_hash=m78XtCvo61wl61ja4dOdcYkkovbM5UTKkPUnCerinvdhbiC8eV7Yz/JAzT/r6T0pfNwTziCf1sEWOVLDi6Q/fQ== processed in 478ms
[2026-08-24 08:53:20] [WARN] [payment_gateway] Transaction payload payload_hash=vXm+00wdlIYfBaTaB+uZdPDmqjkOtsPO+hazFWpQe7E1z4ISsjVcs3Gcn4fxLNz7tcjaPqWUPc8AWdI39lb5jQ== processed in 315ms
[2026-08-24 09:20:09] [INFO] [payment_gateway] Transaction payload payload_hash=NOfu8Bm4D6H9pdsmkfibQ8dSBdT9I+FMZnqcK75wp8X7rqZHM5dehHBAYyJQQRF75RF6ZXyCy0Aa++HMtcDoSQ== processed in 79ms
[2026-08-24 02:33:25] [INFO] [payment_gateway] Transaction payload payload_hash=Jx7i95gfvI/+27hZnNn6rpZtagH3iBXs3T0Sr45hYruL7astaoR27ulgw+5HXi36Gq+UVvYvi0dDRMRdjf7H5w== processed in 286ms
[2026-08-24 10:17:47] [ERROR] [db_pool] Transaction payload payload_hash=9lR0GtB0zOLs78c3x+0gbedoOBEQTxOJkim3gV6zNgqeo15Kqae2Qa3bc5iR9RZqY9TDIRhhfLsah871YbFZ8Q== processed in 382ms
[2026-08-24 06:34:05] [INFO] [auth_service] Transaction payload payload_hash=9JANEKlLo3+eegfE9xnJiemDCI2mSaxC0Z0cw/XyHgUrjZ7wvooIEa66e3hnFvJy5SuPbKBdAZR+K72hnQ872g== processed in 189ms
[2026-08-24 08:02:43] [WARN] [db_pool] Transaction payload payload_hash=eDuKyuLty9WklFtMq0sgzmWfwVvvlcxrSmNrQyiCx68A6EMoMtnefjcvB1AeSMPbSVv/+g+/76SSWru0nIrung== processed in 308ms
[2026-08-24 09:43:24] [ERROR] [auth_service] Transaction payload payload_hash=J3aFCJiuLgXh6em/aB839tnOUsngbb/1eWPNTEL7dbIsusvz/TC8P4XmfBQrJyYeWpUQCZK/EAmA13qKRaXqew== processed in 476ms
[2026-08-24 08:22:26] [WARN] [db_pool] Transaction payload payload_hash=8P4biWzxSE9b/FeG09bIEMa3KnHPtAXjQCvcv6EQ1yWWarJcAWanORvfTIhdkf+8q5CIFvHBbrlC8cZpG1p/qg== processed in 401ms
[2026-08-24 04:32:28] [WARN] [db_pool] Transaction payload payload_hash=wlONGohGJyQwWM3DkyVKe7pNvJ2fmX5Q13QH5ouxVXtmw4ljR3SZ/1elQWX9VX0PSOGQa/DFS2HiYJw/MMeJLw== processed in 422ms
[2026-08-24 10:20:10] [INFO] [payment_gateway] Transaction payload payload_hash=Tx8LRp7p1gdSYcGqg7gjPNa//HNbmbSPm2mTJClgQvDy/c1OFjX5KlTrLQ5dtEm8MG3uN7p12s45hyuEq4vInw== processed in 484ms
[2026-08-24 04:36:08] [ERROR] [auth_service] Transaction payload payload_hash=kS5rg6gjFAtORL+FXim2Ug5Bae1XSaIFj4H01xgJ+OlPZ6F+rOnVnPQ77e9ij4adkLctxBbSLwsXnM/gH9xT+Q== processed in 212ms
[2026-08-24 04:37:31] [DEBUG] [auth_service] Transaction payload payload_hash=KJRJ5U7ZWk8ixOkveU0vibzSavIp32YzfJ9EKlywn6OM06va6lIEXrELjRFzwlf7xURYMPi7vCttbBxyKLKCCQ== processed in 141ms
[2026-08-24 06:07:12] [INFO] [cache_layer] Transaction payload payload_hash=HuRN2UC6frOWJhPLo5xHuI31kFHDGq/FzYeOrHeiKtqyol851GQpNTezHcbUc+l5ylSQbj+qx67rt7oz/Sgpkg== processed in 255ms
[2026-08-24 04:30:26] [ERROR] [db_pool] Transaction payload payload_hash=kqYKQ6NsQrDlmC43tsCglA6b48mWWiszXKnAQi0UV4RwihRzfGqPRG79Lrfkmfd0v8gV9Z/x6ULKfyC5Q/xTPA== processed in 332ms
[2026-08-24 08:04:40] [INFO] [cache_layer] Transaction payload payload_hash=HnWURZN6mhasZ1PC1jVxlkWsnfn9NLxwZflvMkCgRgL0HarTRuurh7l+KFrCCcDHSoX9UoNN3NRhRBVGIWVasg== processed in 106ms
[2026-08-24 10:52:37] [DEBUG] [cache_layer] Transaction payload payload_hash=tSYD7LFOgijDLibNjZIk6lTMV8V+ZMkTtGForzDrwJ8MCG1+qt5VfBOIZD3MKk65z3M19hfaDr3JdhSmNhdnsA== processed in 41ms
[2026-08-24 03:43:34] [INFO] [cache_layer] Transaction payload payload_hash=24PCb9eVlyzZTu2atND6HFZCGVR3YNUn/o8SvjWnVjDE2ZbSAUpvhkP8wiG1OcRUKaf1MfaxHTJHBaeMBDC4qA== processed in 453ms
[2026-08-24 04:29:46] [WARN] [payment_gateway] Transaction payload payload_hash=b7cljgH8gHJWlGiokoOCxXv7nOxYvUhIm1aY7xvQStvLodrzhQkE3wtkFyHIb2y3gMIb9XPfnff4ognR5Wxz0A== processed in 409ms
[2026-08-24 06:15:16] [ERROR] [api_router] Transaction payload payload_hash=5W7OQfr5VPWEFkp54rWB7zh8XYKiKKO0NiYEEiPGAZahn9tpbdyQLc8fLCqSJMOyS3tj/WlXTlyBLfggzDFDXw== processed in 30ms
[2026-08-24 10:18:26] [DEBUG] [cache_layer] Transaction payload payload_hash=4hy+vucq+VuOjYq1XbaR5QoPRpTpDRkr0vfSgF8qso91M0Qpe+2l/OlIG2e34p/JOXwOaCFlJCNdGGzZ6szTQw== processed in 384ms
[2026-08-24 11:05:31] [INFO] [api_router] Transaction payload payload_hash=QB+e8QGaBwB/yNLC7VGTi6diiGtRzdlX2+F/wyiyy4+HyiKErIlVA19VTF5Ff9aKMJM1gFEWgP/mVyXjKXW/Jg== processed in 191ms
[2026-08-24 09:26:23] [INFO] [auth_service] Transaction payload payload_hash=r/4DZe7eixxi/LwR/wwT5+3jWTyQjZAJCVkcztl7cO5lcMh1LJB+W8QGfjfdKcgBKmWS9l49cvpwZ6G8Q9LdMQ== processed in 86ms
[2026-08-24 05:34:34] [DEBUG] [api_router] Transaction payload payload_hash=9kM6NIuTbTrjsDZyx1rvFwsnq9hfJG4hyaiK0zSJ2t5E653+kFT2YDwP7cQKPTTtJrO125PFD+J0P4DZk13P3g== processed in 338ms
[2026-08-24 03:13:16] [INFO] [db_pool] Transaction payload payload_hash=oPWRsdlYZSNcux6ABlSC6SSjFIARG9rZzCgMpIwxmEELXE4jULsKvdkVDUvGQC3WyMK8yxiuCgpqy2rjl2ptGg== processed in 153ms
[2026-08-24 09:27:31] [INFO] [payment_gateway] Transaction payload payload_hash=h3L0R1nDJcjZllyZ5Dtcq0eOGHcppkF2KD5FMDeoznjVTW1QpfxSwLgr9egT610Jdn2TGaEZOHGJjQdjbpxsfg== processed in 70ms
[2026-08-24 10:14:25] [WARN] [db_pool] Transaction payload payload_hash=fwONMvqp3DdDgF+qrS6rBmoZyZTLgVpjZn9UaNBX7ELSuzX9UwHCS384/df22KPdjfpx//SeRPnPkAFbziZpew== processed in 456ms
[2026-08-24 02:22:48] [DEBUG] [db_pool] Transaction payload payload_hash=JCuVHsclQQ+kSf+86F8lPteJS3zEkLFq/C75qFHizhWlwcLkB5AlLr/sOvvVY3vHODlYZtVHpRMVg6rtChgvzQ== processed in 341ms
[2026-08-24 08:13:49] [ERROR] [api_router] Transaction payload payload_hash=P2ObG9T8Pq5K/dVJs/TemyHhjihiFtsU2vh51EPBnLC7Q5fGGqvBNaqZz33MsU3DjI7+RE86jrp7f1N6Qozksg== processed in 193ms
[2026-08-24 10:27:10] [DEBUG] [payment_gateway] Transaction payload payload_hash=plZkUKw2zjnseZFeCVLI2R728BrHonPpkZF91uZKlREzdfXU72y2sqr3jFPHiUwMPFxKEJ2LiD+OmV9eCNdvHA== processed in 490ms
[2026-08-24 06:10:08] [ERROR] [payment_gateway] Transaction payload payload_hash=lD0GzwuJ+2Fv3Iwenc90ZDx1OlvmxEgdF/AoAkqseo1HdT+xrHXI6MlA8gfYIIhuPW+npwBBH7u0uc+drisjXQ== processed in 387ms
[2026-08-24 07:18:12] [INFO] [api_router] Transaction payload payload_hash=qwqkZisxdiJd/B+xrd9QfzScN6+qy5x3pqdpTOTDREGgdg2wDCrIx17xSvjnCzr4xtahgT3LyY8SZy8XUleQ2Q== processed in 231ms
[2026-08-24 05:30:20] [WARN] [payment_gateway] Transaction payload payload_hash=i0HjqCsX1MN1ZrmscUOLcdruut1llbcBD6Rh9Zr4ag+zLf5yjcOT+mdkdGFNm2o9BnC/nfU/X8+kxePHm93MTw== processed in 231ms
[2026-08-24 06:00:02] [WARN] [db_pool] Transaction payload payload_hash=nvIa9G1CuAH+9uzlE+uhiq0iSWW9jt90QUz0ggqOmrld9w5AvPjwJ6gHzyA9dMyRc4N1AxzuElHMQYtJwE9s1g== processed in 429ms
[2026-08-24 05:26:38] [WARN] [payment_gateway] Transaction payload payload_hash=YizNzJrGSngIPAZZNmiZj/1tEDRIQyK+nhdoQQ81GLlxikJ9cR1JPto6WaEDw+xyui3sC29AWVUH+eetDoNHZQ== processed in 281ms
[2026-08-24 05:18:28] [DEBUG] [auth_service] Transaction payload payload_hash=5UNWc5jxTf51g1FVnnUCqINgpNyHy5M/XzoXwO0UOD1M3z3JxU0nm6khYDXQ40kkTyAtr+AxTWKqNRlOJkR0Gg== processed in 184ms
[2026-08-24 05:42:59] [ERROR] [payment_gateway] Transaction payload payload_hash=JuevO+um5MRSNpv7I4+VHxSdvoYyXwxtJluH3ss+m2aY9nETMUhClRIalvsiav0ImQ9ugmCftz6D7eCC+r4x8A== processed in 141ms
[2026-08-24 08:04:36] [INFO] [api_router] Transaction payload payload_hash=XXx4PA5O7ec9lhSwNuK4YOWxC2PwgWZsSjZnK9pQuMjClYg37cvw66ZVhYrj9MyHAJzdmXVROyUiby8u+N9LGw== processed in 107ms
[2026-08-24 03:42:17] [DEBUG] [payment_gateway] Transaction payload payload_hash=FiKKRGzGI2EguCunaK7nITfhJBRLCwTAVkxtmxjnSKCjGsZCw/VEukfaJtu3EEbUpZ/JGLCDjgs+xTXWZqs78A== processed in 303ms
[2026-08-24 07:47:21] [INFO] [payment_gateway] Transaction payload payload_hash=TLdjgmeYkzFDh+Q8CJ4aakaGeaIQTrdLnKBhu6mo3Ezk6/YliJv/RNCY56e1/Ci6XvVzckAAQ9+Y+NjrtfMsNw== processed in 225ms
[2026-08-24 05:27:46] [DEBUG] [cache_layer] Transaction payload payload_hash=18Y48TRxEyhrn6tPPzZIarBalyigJca5+rk+Iu8dqnmieuK9g6j3bAShAQybLNt/z+1H/oeJh8PdVGuKJG9nKA== processed in 359ms
[2026-08-24 10:45:08] [INFO] [cache_layer] Transaction payload payload_hash=7Jy0sztKRVgOxQWVXmkYr3xiw8ch2SNFmOEW28a+JIU63AZNjNPUDm6qSk6ix9SVKmqPejyJfMxpmhNcpOQWIg== processed in 498ms
[2026-08-24 07:32:02] [INFO] [payment_gateway] Transaction payload payload_hash=O2oCVsML8pIvOiqD9/DYLWbR4qN/0fGAgnh/vdJliryY4F0OG2XGnwPHsk8rCEXDXfJLBBaIdo4k+Mj19l/vtg== processed in 350ms
[2026-08-24 07:03:21] [WARN] [payment_gateway] Transaction payload payload_hash=Jr22QhiHJJh7qThAYCPAMpgho9yxxVNc2tXKIuyKW9AH0l6irS/bdKvPGb481soewzGzZXxK6EWnJAdYg9AmoA== processed in 5ms
[2026-08-24 09:03:41] [ERROR] [auth_service] Transaction payload payload_hash=9e7Dr2LTQ6eG2PY3e8D5yTxQ6Aq1nWETLV2ZJoKG5Xrr6dsSyg6vKcQHPpvMgSaPBtSZHi2Jt9Q7aF74wreXNg== processed in 270ms
[2026-08-24 08:34:40] [ERROR] [payment_gateway] Transaction payload payload_hash=ObhYXMKSw2i5Bfzx2hzCM6/Wr7ev1KsrkS2EgBVeQncZ25bARPcuOrm5U7xDcSd+dCaOknPFsCDN0o3Ay8CXcA== processed in 450ms
[2026-08-24 10:03:03] [WARN] [payment_gateway] Transaction payload payload_hash=+aHIYBDWRbGTP9X59Y02z8eqaItTbE+wW5x5z0lEvA5/W5HOHvtBJGIGBun99s8yGkej3kginfMO0h/200y3IQ== processed in 125ms
[2026-08-24 04:31:19] [ERROR] [cache_layer] Transaction payload payload_hash=txiSK9ZdvsgpBkz3aIgj993Lp3AdCyLZY28D7rPK3qsm7fLxbgqW+MndSTjzvyf+bepqnFBSB8E+T3RKTZEetQ== processed in 151ms
[2026-08-24 07:39:46] [INFO] [cache_layer] Transaction payload payload_hash=bzQn/H0Kp1R9ggG+fouD6473gWP/Bbg6F7s0X7uQot2DWYm6gTiovmgakyQ60N5FdiYw85DfrbvSOdpSuk/Fvw== processed in 364ms
[2026-08-24 03:43:10] [ERROR] [db_pool] Transaction payload payload_hash=0oMGTv9d2e6LCC/auEdLgh0SYqmAwXU0NZXJNfuUG7/2S8BStKM570um4HFsqT+vHBbL26OKOYUS/pXZUantLw== processed in 430ms
[2026-08-24 03:49:19] [WARN] [cache_layer] Transaction payload payload_hash=wFEExfIc6A7ncqe1gWjlDcZ3RjUjd+LtKHWXSpIItqGN/iLaNmW58kQDLBMv6buwymAK3+TXhN/Gh1QVIM9fhw== processed in 258ms
[2026-08-24 08:57:22] [WARN] [cache_layer] Transaction payload payload_hash=Y7MisOwEG6j/muKu8cFMsTL8uhz/ViQGhPwNo0HQxdGjwXDlpHuxXxzHgtIapuT1pMu0QhMfaJkxSJeJQHnw2g== processed in 92ms
[2026-08-24 09:57:10] [INFO] [db_pool] Transaction payload payload_hash=5K/KEtDHdo7Kib0A6qiT32umbFp7mdBidExuVkhpYciv2vU5ElybPzqELrQ8SVFjfn19HQabsWoBIm3OdXxj1Q== processed in 141ms
[2026-08-24 06:07:53] [WARN] [cache_layer] Transaction payload payload_hash=DW+prEYnEZ9sEtgwpdFBdiuXgbY8tF+QJVF+BQs94Vqp5IblMt1nYGoZfxGH49V/7DVKp/tU22MwWs50GRD9dw== processed in 303ms
[2026-08-24 02:39:41] [WARN] [api_router] Transaction payload payload_hash=HfD7e2NHfrcpz5mOTS/WkjcnkrJa3g+CkNTazBi+pVosrsf+fWQnXU3wgfSvycUMuAuOyqSYTjvZuBdBzEOrgw== processed in 109ms
[2026-08-24 07:21:46] [INFO] [db_pool] Transaction payload payload_hash=noAorDjLJwca3BEKvJ07xI3W2JaFbZ+AOempRGInxeiqedLHQi36yUyCcXaV5bADQ/vLgmML0WUBMVCQPXmaVQ== processed in 337ms
[2026-08-24 08:28:02] [INFO] [cache_layer] Transaction payload payload_hash=zP/vYDzakkhPP1wkaiiPSFStmQDbVaK6Jo3hYx8dS5ff9xhlT4ZOec92MTIDTW3/SFOAiRnKSzlO3OzYIuDBYw== processed in 253ms
[2026-08-24 06:18:33] [DEBUG] [db_pool] Transaction payload payload_hash=cAkITv6LxBDx79hnDtxLC7MUAklnSHvSPR8/BvF63aM+ibT+atn5SXtpWhdMkgLC8DhBZpIc+01atrrxb6rQxg== processed in 53ms
[2026-08-24 03:55:20] [WARN] [cache_layer] Transaction payload payload_hash=fO2yROM3WZbwED+8VG5qnThfeRW/XNFl1XYPjkl4CWVHpsS/iJSuWfZh/ngXU91NRW0cj3Kwmvoxgmlemvcjzw== processed in 438ms
[2026-08-24 06:48:32] [WARN] [auth_service] Transaction payload payload_hash=4qLaG3yKwZUAJHs7dYPCzBX5GlAt6ehMoA84goA3OuFfrbpMJ2V4aP1O16xqFb5zE5acTtjBqTuw4J0NFXiiJw== processed in 27ms
[2026-08-24 07:29:06] [WARN] [auth_service] Transaction payload payload_hash=IwvBsoufs2XDvoA8Kum825BIdcTuo7n7pwKm+YzyLb+860/Aen/KU1fsJ4xt314NiauxP5wveEb6erHKw0iXpA== processed in 64ms
[2026-08-24 06:39:38] [ERROR] [api_router] Transaction payload payload_hash=1hbAkWKV1QiKcdhBbLR6aj8Ww66a0Zncnh+yjuBjLPptI9oqpSH0o5/BOSgFNQjYrhj3uY9JJ9pAspQkKV4TzA== processed in 461ms
[2026-08-24 04:24:02] [INFO] [cache_layer] Transaction payload payload_hash=fVGMa5OKYqVoy0Ud8PKKWlfoSjiPfo8U6n1B8lwCdRQYW8QYHisz5uc7S01TualBQxwkYTXiJt0Xp8UxP2ZS7A== processed in 327ms
[2026-08-24 05:25:51] [DEBUG] [api_router] Transaction payload payload_hash=sZcJI7mwAGKIr39Lp6Q9E86yQcdbeD8btTsb1fzK/fRCXiRxkAb0BCuTpmCHVihb9t4q+iSKOlr1y/LydOFoPg== processed in 72ms
[2026-08-24 06:32:35] [ERROR] [auth_service] Transaction payload payload_hash=nGZTHvcYs5+qPMlLfoc5yxeqTKeaMMTfXgd+QKpBezwEv5Iu9Cr3S3MMyZeGw1WzzADVIeDkfKedHdvvi0dANQ== processed in 447ms
[2026-08-24 03:07:38] [DEBUG] [api_router] Transaction payload payload_hash=fn2zAyY7iBrFHsPLesnEdmWfo2p5WXMW0Vh3/GkejbU3gudwPOc1gOXXwh/ISqVNzf9knH9mbw+ESX+KQnKqAQ== processed in 98ms
[2026-08-24 10:26:53] [ERROR] [auth_service] Transaction payload payload_hash=BXILLMpRvZZeHUInormCNgQIamOBELU4ZjTNgX1etmsCt/Zsyj1lxdqlOkybD3RvB2xh+qSKiB0o/ML2Z3Lvqg== processed in 302ms
[2026-08-24 02:23:28] [WARN] [payment_gateway] Transaction payload payload_hash=RfUBCMcvU/FcCKYZk2oHdJS1mfjijfmspworki4OKmSFWQgRNdFUTmRMA4VMLx3yPgaqFVKzrDtptDxNkw/ilA== processed in 289ms
[2026-08-24 09:39:14] [INFO] [api_router] Transaction payload payload_hash=E5bl7ub89sh73N9BTa6hiTHGcnkTEvUNK1yF4O3+PbU2dISi6rXzhdPmpzecY/C2mzD6oqCwfgjZy7Hial6bAg== processed in 406ms
[2026-08-24 10:19:10] [WARN] [payment_gateway] Transaction payload payload_hash=WIF1WUAMwC0MH/MXp42kIa7UwZUSwCyO8xGHawqtPabcCmzTl8ReLeGT1QBHs97e0vcFtIXXQCq3NqzcUEfB3Q== processed in 304ms
[2026-08-24 06:41:35] [ERROR] [api_router] Transaction payload payload_hash=2YZwOGPd/1lUAuW1deh4Z47s4KzX29Z+YL52vwiWi7FSvz/9a85G2pEuRQJYTajLJWmQCrHwqE2FsQUSdZe6EA== processed in 94ms
[2026-08-24 10:08:12] [INFO] [auth_service] Transaction payload payload_hash=mDVxjwqoeqhVKyXPWzKyCMcuc2ADcm7PfBnJXR08duHLcBcYr19VsGhNxjcjB4RYQR6ql43wKndgKRM+D1c2Qw== processed in 232ms
[2026-08-24 03:26:28] [DEBUG] [auth_service] Transaction payload payload_hash=m35HDPT2RJu7jDnJJFVN1T9bc52Oka0jZ9QSLSAeYBfeLyeXgqehiu5BpypEXslaIBmT5vs+E0rHgWF2tExM4w== processed in 7ms
[2026-08-24 04:19:04] [WARN] [payment_gateway] Transaction payload payload_hash=uOyr6QwsU+qJ+2yVN/KK1ifEzbpOyXQ5+PYI3wAtvJLi1OVbyh6otvUb5MlyJgHpp03MKe6ok2NhPD2cMUfqog== processed in 167ms
[2026-08-24 08:12:23] [WARN] [payment_gateway] Transaction payload payload_hash=EyQ72HpE0qYRP04DR7IebX4auCDMwEJ7vxB3g3gZjNcjUVGOEZS/FiEp0TGFpkBX8RDxdp0YBWi24RLQynPlBA== processed in 226ms
[2026-08-24 09:53:05] [ERROR] [payment_gateway] Transaction payload payload_hash=zl05BvI3KQP91gtMMlZWJDX1Mo17HO35LxXKs/01GMQ83dRnv+2Ed5USR/5NoDoEJllbvApiup4qWqyszJMolA== processed in 239ms
[2026-08-24 08:42:51] [WARN] [payment_gateway] Transaction payload payload_hash=Arpry5mNUjfdobNtpcL6zv+tvXcSokHHvk5JLeTQNelVn8q7tgfYQ17huKgrS6hgty2r8FC9pA8nUUcVElORZA== processed in 55ms
[2026-08-24 10:26:13] [INFO] [cache_layer] Transaction payload payload_hash=GenFjwkTkmcc5TG1PX/J/nUnMnI3bj8Ke2DZrKO2lDDrgBEuFMPj5zI+aU0DgapLk9GjuTWQJjUNcxrUEimjZA== processed in 116ms
[2026-08-24 09:01:08] [DEBUG] [db_pool] Transaction payload payload_hash=Jro02TW4LLLXn5XIskRwkBg5A5N2BhqTt8CLPT2nkURfYlawPv++Es/HDlc5Elai4fNYlldh6pSCkw8qq1Tvxg== processed in 483ms
[2026-08-24 04:35:44] [WARN] [auth_service] Transaction payload payload_hash=r9rN/oEyYwVHp0wCb5kB43tqBkCrctj3w2x4bx0Cd+IPnlBZC3G+nFf2AAJ/fuReIcRLy/tO4t1x43cO+LK37g== processed in 376ms
[2026-08-24 09:26:45] [DEBUG] [api_router] Transaction payload payload_hash=EeftZhgiDKCCAnXlowatwd+kCQoG5nLztThXzp1GkY85ePIKBAxBWoD9Elbw+ahiKQB4NnMoL7WeX6NBNH0QCg== processed in 144ms
[2026-08-24 06:26:22] [ERROR] [auth_service] Transaction payload payload_hash=W35umwvUkRvXmAEfiaUC4/2f+xjP4VL+3jdzF+w+DkYYf88qMNwuRTNJVkVca8IcUcdrsW3gCK9/DGTdmWIkVQ== processed in 165ms
[2026-08-24 06:22:56] [INFO] [cache_layer] Transaction payload payload_hash=17GcqvQ1UhETTJF+8Jr3g+1Ja95Hi+ILay+ES8AbC9IKB/Yb/R6Mz1f66qIkKXQYr/em0qHK5stGVfXrbSWAfw== processed in 314ms
[2026-08-24 02:19:31] [INFO] [payment_gateway] Transaction payload payload_hash=BxmeWqivMz+0kZriqpv3+EWmFPb7bIMH+B0x/khvqX16YQQ3MbPxDaAHTl74ZbITz5oFL16pysC3RNwM2XvPQQ== processed in 246ms
[2026-08-24 04:27:29] [DEBUG] [db_pool] Transaction payload payload_hash=WP/UeVchxkZDXcb96vX5glGrcl5M2FvnnSGPtbYsOc5cCF9PhcgVVytVqo0A3BQKMFTsA5WqpryxqL2HNLuKYw== processed in 352ms
[2026-08-24 08:08:31] [ERROR] [cache_layer] Transaction payload payload_hash=YdGaIWHGssC220UZpPImZEPrzSjWG9r2r/CMlt+oGJrZUy8sxRYh5x3YCx0EQ27YK0wRr+DnFpHxnjd6NTdS0w== processed in 198ms
[2026-08-24 08:01:30] [WARN] [api_router] Transaction payload payload_hash=L7jGdMSAOq8Oqe6nIerNHe6zVgm6Ea7Z6idjxImE7bF8GGldGjRj3mbHbDxLahUxaY92P5WSgpRDnNFiR+CUZg== processed in 160ms
[2026-08-24 03:38:14] [ERROR] [cache_layer] Transaction payload payload_hash=R12AZKQezTQ7A7B3XBIMvQkiD85FpE6gfzUkJSW1p5iV7XqxcBTZNPufJeFWMU8xTLrZoQJA0cFaGohu7ROaHg== processed in 125ms
[2026-08-24 10:48:53] [ERROR] [auth_service] Transaction payload payload_hash=exz335KzEud5uI4kbCmY7KdsQzZK9L71qI0ZO8R3/Elz/p61nr9stdaW9kZQrf3ertlY0V+yqFjpxwcXRhFbmw== processed in 52ms
[2026-08-24 08:44:53] [WARN] [payment_gateway] Transaction payload payload_hash=8vCtW+j3DCU188PDKfwVFVm2JEkRRh/KgbEAmnxzM0KRpoIq7MdhNSY51xDyLasrKXo88pzA+dSJ6sMe5zgYSg== processed in 346ms
[2026-08-24 08:49:25] [WARN] [db_pool] Transaction payload payload_hash=xeNmBZU4WLtd8stsj525tO/DwHJviKGtofhO/fUw8sh0N/TyzbdnwdhOgG1u7IN6rrtH9bE3dNumEHg77fZHTA== processed in 413ms
[2026-08-24 10:09:05] [WARN] [auth_service] Transaction payload payload_hash=s6lvpExOvocPH8c9TjDRHqb0wZAx4VHDadKn9Wcap8LPnKy0xYCYFji4IpN2ALYh205X+/0WjxeykDscadJrww== processed in 463ms
[2026-08-24 06:07:15] [DEBUG] [cache_layer] Transaction payload payload_hash=8VacaqscwCeWCN/4WMz9e32YwyHMCGuN2NfM5f5Z++DdKMxwa5MGSo0JM/u8FQLwHZuDVD+ZtRtHBTDyGpQ6AQ== processed in 276ms
[2026-08-24 02:25:45] [INFO] [payment_gateway] Transaction payload payload_hash=k6ropqRftow1cZWEVdvgBrdRuaSU+Tgmp8HLPD3pTTAYodOm1p2w+nUnEBb8G/DcH5UycdwnlJTzpYe3Dns35Q== processed in 171ms
[2026-08-24 02:38:33] [INFO] [db_pool] Transaction payload payload_hash=x3ot2tcKocp3FXY8XTrPYnOfwCN0FZ+CvRg49dTesrJ55oON+QCiVto5wlqK2B0Nvh8u0SzDPw88UoTfvRd35g== processed in 348ms
[2026-08-24 04:26:02] [WARN] [api_router] Transaction payload payload_hash=lLtkm24RRb+Q7rX7k98VzDOdOq1VONgyoLQNawA/omzytLF5rY4D1SYcbaS9iaDcfTiclCEl6F+AjRPGkkTLWA== processed in 209ms
[2026-08-24 03:02:08] [ERROR] [auth_service] Transaction payload payload_hash=BC0pq9CNuhCcPuOOPFGIQMtA7/12Cu2JHNpjkgCqkFBAAmJRoI1lb8g0+YhmfnoM0Y6bdhzjv18NyQJYVDlMfw== processed in 234ms
[2026-08-24 07:12:42] [WARN] [db_pool] Transaction payload payload_hash=mCCepHUmj9BjGFZNmfVKPn3kIQTPbzA4wVRdNxdss7O8juua+5ZtemfTTuxLEtF5j5ZTPIg0xzDFmtVL6qIeig== processed in 40ms
[2026-08-24 06:31:24] [DEBUG] [cache_layer] Transaction payload payload_hash=LMWie3tFoldqGXm7+MQoTjP2W+ZaH5ZYaumWeYzAu7krUX9sZHzFXWwbrfqhnSVpzazt6j4azLYGLKs0cq84xw== processed in 303ms
[2026-08-24 07:59:28] [INFO] [auth_service] Transaction payload payload_hash=u9DHJJ/jaa9FWyFkJp9lH4IOrEShyo4wHJ4f0eDFuP5/nKRuiuTPjn7MFnUok7+ZTceQZX9Y8dI/rZO9dqIkbA== processed in 16ms
[2026-08-24 11:17:27] [WARN] [api_router] Transaction payload payload_hash=mI/sTTcCJADlZbdvEZKb17Y+mtDmegdSHi3SqcMOnFmNHoMeFO4e1Of/OSG8h3QEnb+75kBUpeoCpKtIEVsL9g== processed in 248ms
[2026-08-24 08:54:14] [WARN] [auth_service] Transaction payload payload_hash=AX/qQIC5EF0CSOaL8CBjxKCOX6PYAxmDP0FDCCkM9pQbv5QkaaznMblBoX0Rvq55s7G0UpdFko3A9t2y8A0jiQ== processed in 278ms
[2026-08-24 08:38:26] [INFO] [db_pool] Transaction payload payload_hash=6WuEnh+Ph97L+jzlqcOmX7sj4SclpBWW4Zzfied7eaHpcv1mLMlvzye5d55rz4uWCWNv8HUJUPzHtXTQ5HJ39w== processed in 301ms
[2026-08-24 09:59:06] [INFO] [payment_gateway] Transaction payload payload_hash=U01PbfWXJAHOL8vRbxHWV9qupXZbQeLCubsIWJqKdrjX/8flPVDhAokNpPthvXpjUFkZ9qkulcuFu65vM7MSgw== processed in 404ms
[2026-08-24 06:01:51] [INFO] [auth_service] Transaction payload payload_hash=ZQyDmqnOl0g+nKC0mwaJrd5GqlRBoFpR2XLI/to1nm4UzIV5CWkBBFu0dYrKr47XRSuMlxnUDuD8/+yxJ4TB1Q== processed in 13ms
[2026-08-24 05:51:19] [INFO] [api_router] Transaction payload payload_hash=K/FbgUZzzx9zL2XWW23oyEePxumCMqhLbuqbP4bvmEHXV/NvsIyUnkzzkqnGKXT+SdgQfr6Dw65b0iWCB3yupw== processed in 290ms
[2026-08-24 07:56:49] [WARN] [db_pool] Transaction payload payload_hash=4sYm6khrT5PxuXIjlpgoHwI6WrX9Jp+OVEZkFYzu/3Q13+mr54attz3ivLwLkfsZ+4sF3ofKu75D8ccyvNZwzg== processed in 385ms
[2026-08-24 02:34:19] [ERROR] [db_pool] Transaction payload payload_hash=F6+A2ySfCEy1rdcacKFi2oxOoNVsqTYw3vK3Psw2l5l9Xm/306rOfPMYpfFD9FMKaaFFzcGHWMc3B/dK66zusA== processed in 343ms
[2026-08-24 10:54:03] [INFO] [auth_service] Transaction payload payload_hash=zVgadCRGrTytQsXTc1yXGeJokP5frxPDPEIPmuqDl6/1pRJQJlTQTR2XNP73fzlspoZSLFdArktqafReTnAhTw== processed in 285ms
[2026-08-24 08:36:46] [ERROR] [payment_gateway] Transaction payload payload_hash=38LQoCR5HFdK4h2L5a+0iZrZAYxu3+llmOj0kka69SWBCwZZJND21Xa1wdheqA3/UMW5ai03nz/SVXzIuq9Cmw== processed in 387ms
[2026-08-24 07:29:14] [ERROR] [auth_service] Transaction payload payload_hash=UYg8Uw3kdpS2QbaTe1vbcTVvPuiNvtiHDXPlqQzaTvFKKn2PaK9z1HMl0tqWDns8vv6h1XxViBDrp1pJHE0s5Q== processed in 173ms
[2026-08-24 03:02:21] [WARN] [db_pool] Transaction payload payload_hash=8m9z6yWKYrD7kdL8gHzx/g7i2bSB4Y7yt4xIJT2qjnT3nGeMECsIzDN+hq34Qv3oBwFs+Jsb1aOZ6xdkRRDyTA== processed in 469ms
[2026-08-24 06:52:18] [ERROR] [cache_layer] Transaction payload payload_hash=G4x0jIBxj/WgghQPvK1cFdZ3lMUmbeSnJZxX2KXbkxF1iq/KhpZN1NeU8xDtDjlgwaI09PN0pGAsoThIz2MwUw== processed in 220ms
[2026-08-24 07:54:14] [DEBUG] [cache_layer] Transaction payload payload_hash=un6JtpdTE3NtCYRmF4Qwb+UGwZrzbxdB4fS11hg9GFraMd7lQmaEyC7EP6Wfh9QACP5MhhhffooKtl6dMQByug== processed in 416ms
[2026-08-24 08:46:35] [DEBUG] [cache_layer] Transaction payload payload_hash=QdGF/LmlvtfqZJ7XDrT78LujCCQy9FGm5A7PBmx36b7Jva9QKa1Uy4jhE4n76/wUHL+CpYiaWh5fArb6149exQ== processed in 88ms
[2026-08-24 08:22:19] [ERROR] [auth_service] Transaction payload payload_hash=BxRRsCDXoOkyn8wx6zw0lkz4BTkEvRpDQV4rLBh7G1BIrMppzu+4FUdLCBp0nMTt3mwaqONWTQKcBz5dMDxomw== processed in 17ms
[2026-08-24 04:38:32] [INFO] [cache_layer] Transaction payload payload_hash=iaG010Es/8sH87BZbSdkWQcUWOxHgh/4maCu5Y2/PMt71HUvSoiXZrjy/LOJdiM5QTGoe3Nx4SKC9OgteUu7gw== processed in 226ms
[2026-08-24 05:58:09] [DEBUG] [db_pool] Transaction payload payload_hash=vr+lbDeqI2uLt5TaZMNzN3GN+o0AIdIfLPGQZzn1+ij/MyfaL3lYeMaHx8DZCsZs4rlifQaHcwjKV4AA9nyJNA== processed in 430ms
[2026-08-24 03:18:31] [ERROR] [payment_gateway] Transaction payload payload_hash=n3kwLdtxW9izbcDXHNiB8weL+e/AYqjruR9xubcdE+7RJJTMbrKrYO4AgEUCKfqN2FN4dQuDtI5gPjs5YCid+Q== processed in 227ms
[2026-08-24 04:56:10] [DEBUG] [payment_gateway] Transaction payload payload_hash=YSYAlV2LD/LuRL0v19XTzqKzOOu/RTyDo5+YbO+yp1sZ7W98c4whZMA4jho83BenpQWFokxqA8fd6Y2n9tETBw== processed in 121ms
[2026-08-24 08:47:51] [INFO] [cache_layer] Transaction payload payload_hash=o8fkb/I6lPs9yZh+/WsoBLksfRrLxDSw6sPDhNwsasHj6jivK3KdyNsMuNJvqJFxfJhH++xEGd67Bjk1MdW3mg== processed in 120ms
[2026-08-24 07:40:14] [DEBUG] [api_router] Transaction payload payload_hash=ZN3T6estbzJzrNEn8fyZEH4oudd9ofqZICAVuvT5po2XJRNzxIHiAutPp3f4ZlfUb0dp3PrIBxFzo/6s5OG8pg== processed in 313ms
[2026-08-24 03:24:55] [DEBUG] [auth_service] Transaction payload payload_hash=li/l+9a8748Ao9hrUieCIxoDkgNya51/j9hxaI9H9Qcc2imhAuDA/jy04TONhCLIhk/95/2WEBuup8O44129SA== processed in 353ms
[2026-08-24 10:10:33] [ERROR] [payment_gateway] Transaction payload payload_hash=WUYLRPNHfSDMOg2CMLAUG/giAy0QLjbvbUa0pbGE9H53QfxCzkkfz1WxoSmNuKB9i6DmYcXKNfB5Qsjl84PZdg== processed in 468ms
[2026-08-24 05:15:32] [ERROR] [cache_layer] Transaction payload payload_hash=va3mgOBO2sJEenLfcCKENQMXdfNf11EVBQ1k6VW4tw9HYrHyjnp/RKlEUHHU9oCHwgE/ZMJXjf2tzVYNfB5uug== processed in 317ms
[2026-08-24 11:12:48] [WARN] [cache_layer] Transaction payload payload_hash=kQ0mchHsCdeO8Yw/Nl2w45aQD68nlWoqgS8lWK0kPJrfrs5rKYawzMABRVlYrDMe/LUvM96SSgzIFlmZSanzyw== processed in 489ms
[2026-08-24 08:10:22] [ERROR] [cache_layer] Transaction payload payload_hash=dP348chESH/T2acM+Rl3CZPF8IvzGEWji237X2OsnUJ0BIvAzSTyEYUGe5/lPr5tT2UUix5+C4G56qEz5/jFQA== processed in 385ms
[2026-08-24 09:48:08] [WARN] [db_pool] Transaction payload payload_hash=+OX6Tw3+Opgg0Zh2trT2tYjvBD79ob4Dl46BXbHCUoJwhblEIqqI9lEvEiNgEMAF+R0/GUOYAvUo2/BWTMaIPg== processed in 313ms
[2026-08-24 05:52:47] [INFO] [cache_layer] Transaction payload payload_hash=MUwj2i26I9s2LqV3E88YcE1aha0OQa603K7bw1hpw8n2AAg9Xaagv0v8WTPjVGDx9p8gd59+LIza92K/BHPNeA== processed in 460ms
[2026-08-24 05:42:05] [WARN] [cache_layer] Transaction payload payload_hash=SBOrv0LHD4UtSPkFFIWQGhkB/JZTQYlJkoz6/e2JQk/kzukIudIlVrYQ5f8vzYZWJB/xm5yK58utOlIgeXKc8Q== processed in 218ms
[2026-08-24 08:19:30] [DEBUG] [api_router] Transaction payload payload_hash=/S3gdIJqMI14nVDvfnmVL7NpDqyGiZ0gBWNiMNY551yw5g1eKe0Vz13wv+EAG0NPQXiMIzejSbYO/XSnbZqITw== processed in 137ms
[2026-08-24 08:22:48] [INFO] [payment_gateway] Transaction payload payload_hash=TvJT1q33Y1dmzjbNOuMV3Bsr7CGc4Df1LPwX29vS8Mzv1ypNOMe2Z+E2do0jRL97jRsruJtie4+2yIMKsswHhw== processed in 215ms
[2026-08-24 03:18:58] [INFO] [payment_gateway] Transaction payload payload_hash=XQ/E5u+gaGv2fgfKVGbeq5b81Ej1rjZMDzzcdw+KkQBx/yGYc/gQ+bykS4sm+sZnhfOsihfcTWHMdkiBfwCDOQ== processed in 164ms
[2026-08-24 05:13:56] [INFO] [db_pool] Transaction payload payload_hash=NcXr4JYdC7uyObWRUrW2YgUFj3Zv0dEoI5z5O7iLPEmkd7PVxFeUV/JZC4/yUiIyIqzAPFJl+URnIIjI99Q6NA== processed in 346ms
[2026-08-24 03:58:00] [INFO] [payment_gateway] Transaction payload payload_hash=RoujtIRH4oketBHBUp3vk+6SUfu+JyyqXjRiG/1e6lYpg55vrXEM1+wdxbFXOp9/GzkBDaPuOehNOmcI+dqiyg== processed in 197ms
[2026-08-24 07:02:28] [DEBUG] [auth_service] Transaction payload payload_hash=Ne2f/aDKp6uSB22VMkLk7xmHw4Na/Lww6qaKnxsnv4dCKAf60/Hfg2FCHQqsN2GQU2t7HENVehX4PjyDlSrKdA== processed in 167ms
[2026-08-24 04:30:28] [INFO] [auth_service] Transaction payload payload_hash=M8HxeLqJ+CvKux61a6B6TeFylT+PIpnsAOt+WSjV0ffd/3BawJZ3gy6w670w4nbNFb4980TaRWIm5fNchzuvug== processed in 177ms
[2026-08-24 08:38:25] [WARN] [db_pool] Transaction payload payload_hash=crTjm6HljQNzHDU8uWS1/3sa4NQjjCOG4FTfdG8Hta1r6EIcw6EqZOAH0LvUi+Lwhmq6wgCvLOjBrEjp2/0Dzg== processed in 393ms
[2026-08-24 03:33:29] [ERROR] [db_pool] Transaction payload payload_hash=yiMIDTxqcOrsiYVxAEgRTPsYH4gD/qnlpcjGpjHC4XEWBhLWkJM2ybdMpXeHkj6Jk/uWuRRRwpxY6Bzz5xN6IA== processed in 96ms
[2026-08-24 08:08:03] [INFO] [auth_service] Transaction payload payload_hash=G6YORQgai2GeS/z8KIHRZ83BS6naygiAzNU5BHaZz0dcuVocTltqMkN2vt40e+HbKKzzOnuDKGhw6by+XSjZcg== processed in 362ms
[2026-08-24 04:10:01] [WARN] [db_pool] Transaction payload payload_hash=QcFc4xS0wBTJqmnRqmNzhds2VQfErHqU3h1xOrTj8RbjUyTDILw6Mp7D4e4mVPEFYERZCI0Igz9mhcXKL/L41g== processed in 441ms
[2026-08-24 07:24:27] [DEBUG] [api_router] Transaction payload payload_hash=k1HUsyN0oJAjM9xKSqDRpV1q93sVbTnk9k5DukVOhffMYSQcGK5UBe7Ava4Op3uBYWTV+aoWG5+WUwOfszsuFQ== processed in 86ms
[2026-08-24 11:14:29] [ERROR] [db_pool] Transaction payload payload_hash=eVdv1XOwPcS6R5X9xoKyTqpr6nrFbLEAqpqtfx6SJcJKvdBsG6BkBlxsAlFapaD0JHSzA/ExdTZQgeqFWa0spw== processed in 28ms
[2026-08-24 02:41:36] [INFO] [auth_service] Transaction payload payload_hash=e+Is1l/PdHq0DaCGp5apt/xk1c3xW5Cg2EH9zsxGe6+2MS9DtHfAVOBE3ScFO9mWSyP/bENY/U3HI45YvUXUiw== processed in 214ms
[2026-08-24 06:08:50] [ERROR] [api_router] Transaction payload payload_hash=9RwDQ3CW6RJBSAyRFROea8IGihXY0MFMyVpByBc2ibPcah60+1iTARzSFbedM0O2BONcUKLt96ZWYO0qrh+U1g== processed in 468ms
[2026-08-24 03:23:43] [INFO] [payment_gateway] Transaction payload payload_hash=AxG+PTJQSJ/ggw07vhDF1I1Ga6GtUCqG0TdYA1jvGSRgsne588g0DGjN7jrUQrDF6/CtsaEHupdPbmSclBDDFg== processed in 249ms
[2026-08-24 08:42:00] [INFO] [auth_service] Transaction payload payload_hash=ZF1ijBsGDv1zWu6p5xMAWrHm5fUP7rDWkuQCPonj59LS6x4Rn+Lp4rKO/ZYyZ+cp5EYv5SMpjC+YHoINVV84XA== processed in 483ms
[2026-08-24 04:42:49] [DEBUG] [db_pool] Transaction payload payload_hash=f50pesydLnzDEZ0tfwFkFQvEukLCf73FxNoXwejINEZEwIMRyxGleJ9rWTC2gxZ0lcZv1Ltc6PH19yJ5VeiSXw== processed in 282ms
[2026-08-24 10:34:13] [ERROR] [auth_service] Transaction payload payload_hash=XS+OCC3Ki4HJnuR+5x7q4LGrI18yp90JEJhhAvH8vmLThBsyGOWgZciBrCK06gAqN0Xfs17mT7Wc150xnbLWKw== processed in 448ms
[2026-08-24 05:57:41] [WARN] [db_pool] Transaction payload payload_hash=kl2AJN2/AP4eTXOZ3zGmAhrZFafGaRlHRqTpha0Ae5SY4VDa0xPM/nb3jbLmuKWviY1ND5d/N/oHO6cJvvhlXw== processed in 303ms
[2026-08-24 10:05:54] [INFO] [auth_service] Transaction payload payload_hash=Rm/0C5QMEZRhxOque44FKOV48cnWXES7shGttlrE0BaWn5FKeCnMb2ekGvh8hZqDMfCYLhdMzXXevmf7h3NA7A== processed in 32ms
[2026-08-24 08:32:16] [DEBUG] [cache_layer] Transaction payload payload_hash=gjhmd3fzMCOiFptar4OiO+9JrjYq0S/nE+0tOzdSGAmGH5a542M7JuhfmmFwSWMF7jrbv3ej9wDNsd3H5TVLJg== processed in 62ms
[2026-08-24 05:27:00] [WARN] [cache_layer] Transaction payload payload_hash=JVvLowvUpge+ujN7e2Y+/w1ypTQwlvo/cFmS0CPChNMlP+Lw3PwX7U+30s47bE0ommnlNPE7SkcjJWceaaPy1A== processed in 61ms
[2026-08-24 10:54:38] [WARN] [cache_layer] Transaction payload payload_hash=1XOkLUzFLGOvhXmg3cXwuPNlejSC8mozGbGkl+0dKX85YZJ/xqIdGKtDlZg3VeOmc/p35XO3grYYPGzaXC+reg== processed in 80ms
[2026-08-24 05:02:43] [DEBUG] [payment_gateway] Transaction payload payload_hash=BIBSsX0VYRCqE5DvRfZNBfMvS3c8iB6Pw+F+1GfkiQvHOqMU5i2ogwZCQ2OMJnGD98nDX+K4iZE+NcTc/lkpaw== processed in 329ms
[2026-08-24 04:19:51] [DEBUG] [auth_service] Transaction payload payload_hash=FHMjKEImTN4u+iWrIdH6Kqkwm06aaL348hfoxSQmeSkf28rBZuGb5+24TLg+KvMtUeQlCR+KakkJneEgU23itw== processed in 249ms
[2026-08-24 06:31:17] [INFO] [payment_gateway] Transaction payload payload_hash=Aon/Y1GAJlN23IXxk4Wd+Lbgpwa4efVXI2CG94Ad/cs9NNynFuuw9kS6fX5TvkiN+VLrPwEbBJLODp216Nzqow== processed in 268ms
[2026-08-24 11:09:06] [ERROR] [payment_gateway] Transaction payload payload_hash=Gj+b+r3RQddBX24nyI8WFb0po4RmgkGAPn2okMj6NHsFJlbskD+IOvkmP+Ywux7of9t9lS96n2Wfxl7GAO0Wfw== processed in 316ms
[2026-08-24 11:12:20] [WARN] [cache_layer] Transaction payload payload_hash=q5fwC5VSD5Y0Ig2pumOyBtbFkTlYncxXcDqeyztrduZBA437faJxnkDZ4huIpBAcOO7MwOlp/wm13exsKGnvgA== processed in 136ms
[2026-08-24 06:55:10] [WARN] [auth_service] Transaction payload payload_hash=aeTcoC8DCc2N9zOkjv99BVvGMY32utqHlCYldF+fiDQMrNZR9iB4Puy071/Wx8lgcTcyGGh45upI1PTAjjwZIg== processed in 353ms
[2026-08-24 05:10:08] [INFO] [db_pool] Transaction payload payload_hash=JbHhElmLoPJO+YUwP7PK1rHIJ1zJflO/kkYfm7mNhwts3Ls7MhihJZ/e7sWfoLl6j+UKkwcWYwMMge+aHRfTcw== processed in 409ms
[2026-08-24 08:02:52] [DEBUG] [api_router] Transaction payload payload_hash=W1eA8OjJ4CblEvn57sfM98UaaJyeYcJF0dh0u8UBsGMTx5fvH5cUvLacJupCNH+WUyUb/yWpI74Alxhk0ylYjw== processed in 175ms
[2026-08-24 07:36:42] [DEBUG] [cache_layer] Transaction payload payload_hash=O2/l0AGfL511e7sUTMKoOb06RPXqborh5jH3NzAODzkCizGXEyGGlZ2C4hyTKjO0O7aXNO6JT7+ISG3z0zi1Pg== processed in 171ms
[2026-08-24 10:58:05] [WARN] [api_router] Transaction payload payload_hash=lzal12ngJcwMnuPjbV6tJeYlLT7kbT2FQGkiZu4mENEWEtDHNAo8yXBQeCFQ9WZuzwGIdv1BLBlV6W8g6JxKwA== processed in 32ms
[2026-08-24 10:02:25] [ERROR] [payment_gateway] Transaction payload payload_hash=BgASCWBWHR/kpoFHIBate/Qul9bjNEhiw0+eG4OuewAlo14aLZVwaZViuER0y4n7mfVxy4Bg0waiexckfHxWBQ== processed in 275ms
[2026-08-24 02:23:33] [ERROR] [cache_layer] Transaction payload payload_hash=Dv+Irvlp2azJJwV4zuA9F0A04KuaXL/g/bC6RQqxPn4GKHRbxm77/p+3IuDNlxU9vO+OZZ3VuyPI9JeZ1Zyx1Q== processed in 73ms
[2026-08-24 10:17:25] [DEBUG] [api_router] Transaction payload payload_hash=ROD5pp+pabMOvn/VfEULsd7GUK8LVXC97/rg5Yfe6bLQINv004M8emtFjuPTvw2cVtjp7D0A4FIuQJ2dTxnvSA== processed in 60ms
[2026-08-24 10:38:17] [DEBUG] [api_router] Transaction payload payload_hash=txuoKAvxWBPWYZPCpHKME6RXAJOuPs00KTRGZcFWjhIsmJ1fN7En+TEdPAMFy9yrt70fqst9qjOVQ0mM6d2s2w== processed in 354ms
[2026-08-24 03:17:10] [DEBUG] [db_pool] Transaction payload payload_hash=FyVNPDosBaCGehh96bXjL0BZ6N5sr9ewsnzmVc6SIFpDBD9+bMkwwecuBoIcHu9PTb5EPZNo9K42gRM5gWNhkQ== processed in 223ms
[2026-08-24 04:36:10] [INFO] [auth_service] Transaction payload payload_hash=Dc3T1plKqb/Z6vGh/PxkDkYhtcx60kXz1sERfr/3xOLP8hvEfAoRPr/6Ndp14IQNzplmchrkS1a7Ntccb/SXPA== processed in 440ms
[2026-08-24 03:15:14] [WARN] [auth_service] Transaction payload payload_hash=iu5s5jZLQUcqRLF8cfQQ++T4roFzRyoKJIlVCzqdYoJPIqRzVlDqpXBHsohohLq5DqqaIszszASjfiMaxGgWww== processed in 225ms
[2026-08-24 05:01:56] [WARN] [cache_layer] Transaction payload payload_hash=erWk2w6PrlMC+JwaQCg/DjUG8IZjBRzlJXNiB6mnEqK7zQMhRcv1T6gtgdAm0gb0zVZZejBhEC1FCemoI5Qohw== processed in 82ms
[2026-08-24 07:48:20] [INFO] [cache_layer] Transaction payload payload_hash=TTThTkAl0CFUjhI47ZzAQOE8bjs3iePmsLtko9KGNlZRwGa3Ji5813xHHsP/XC89IWYFATH86MjreNnpEjF1PQ== processed in 66ms
[2026-08-24 07:47:31] [ERROR] [payment_gateway] Transaction payload payload_hash=sXWwMOVB9y7I7q45873fJh8EegfIkA3P+baDdQ9VgcyRX0RduK6GqjShnc6mej1gbG84LLZK6mJ5+IwDP/DiPw== processed in 282ms
[2026-08-24 07:13:36] [ERROR] [auth_service] Transaction payload payload_hash=5LEz3BF6Itbmp39cKBpGfxgbOCbK7Pk1GTXqxtXDmz+ypww+A3ze9ZfDEZZqI2xX3dZS9gfQx9imEvI9X3gGww== processed in 302ms
[2026-08-24 10:08:26] [ERROR] [db_pool] Transaction payload payload_hash=3jyZbt91XOICDoCpwDT4pyfcLcDPb0kVE90ou9CyD3Ph0gqJjbPtTQidaydgC5SJ9Pv2W+AD12jbDLVYr56qeQ== processed in 418ms
[2026-08-24 08:10:19] [ERROR] [payment_gateway] Transaction payload payload_hash=5oS5b5ZnZDTq4QEM49T8IL2S+nbkxt2W1v1vysGSPmRVoiTgd5GFrPZkrbBibtuuM1v48g7Z8z7gXfqxCjw90Q== processed in 457ms
[2026-08-24 05:38:51] [INFO] [cache_layer] Transaction payload payload_hash=JMgh1Z3hrl9fhxZWUgv0xVNenmnDTw04MRhwveq6D9SR+2fWlbtKVOC0S3p6TsDQO2gAFJaXm1HKHGF2XUdVOw== processed in 84ms
[2026-08-24 04:47:17] [ERROR] [api_router] Transaction payload payload_hash=ed4ljvr9b4O+iKhqHY4yUW+px3UnZcnKgWSRYa3KdJ9uwrudnb09PRRM0EeL22ph3l4wCXZoXLNNExb8e4UURA== processed in 18ms
[2026-08-24 06:02:30] [INFO] [cache_layer] Transaction payload payload_hash=ufEyP8ELqbl8YhUMYEGxNtq8B4PBOHGs66hmCSrUx0qoXNmfcuh5pgyNyD2xHOY+BeY2Pu17OsufGkqCzSuYFA== processed in 326ms
[2026-08-24 10:00:58] [INFO] [cache_layer] Transaction payload payload_hash=2e20x+OprwtU2Tqj2uPkzBSiWhj6xo2WSpOlEHLpbrSeL2rLEVSwjhnk7mfDea1QvETXbYIFK1df0yDUTL1w/A== processed in 257ms
[2026-08-24 07:48:30] [INFO] [api_router] Transaction payload payload_hash=h9ibejACMh5Ut94rWlkZNWWSTS1gPJGeQJLYF1aOE2esaJTueW5OhUhZ47tKWh7XaFVFfoxzgFP8WzheVyorlw== processed in 483ms
[2026-08-24 05:29:42] [WARN] [auth_service] Transaction payload payload_hash=4C5kgxlXSXQZsWvYNAAiHbwStKrVBnD4wxRXEjNp8u25yH7HLqtaPSTd73Oc1cmayWBpCFGqEWseSxc1KmxGZQ== processed in 307ms
[2026-08-24 03:43:45] [INFO] [cache_layer] Transaction payload payload_hash=n6gJQWYX0FNC/ue0/kZw2RQDH5dCbWrvZDaFsX3zA12FNq+b0zNEihMp03/PTxNty1LttRR8ZRqMshIqV5zUvw== processed in 418ms
[2026-08-24 06:04:56] [INFO] [cache_layer] Transaction payload payload_hash=6fMRABKbSYjDiUGyOB2/ufacTqFEmIKJVqdxLzkydJ38/pUce+brYdEiBY03HGPhOQVixy3kII7j+73PwSci7g== processed in 71ms
[2026-08-24 09:40:35] [INFO] [cache_layer] Transaction payload payload_hash=ZTSxwGaTVJwHfU7hIKpM7KWJBYstParTqxKyaXvPHGv+wWQBHB+2Wbi7Zsp7gtnGNHHhPY0bgA5AEDBML98AYQ== processed in 149ms
[2026-08-24 06:35:29] [DEBUG] [api_router] Transaction payload payload_hash=I8VYxBMvtjsjtZBl1+9j/mantb39MSh4QJpeknxjkJEIled6KQeBpuN/kV2FFcnj3+sP/osS+PVGcmURpdtUbw== processed in 356ms
[2026-08-24 03:04:35] [INFO] [db_pool] Transaction payload payload_hash=TxEQsz3gjicMntcdnukJaKcOCqQrZpxKu3pi0u97wBa0HMyrPbrccCDWPVn6i0WaIlGODaGBapCL4fmAAWF/Tg== processed in 5ms
[2026-08-24 05:40:18] [WARN] [cache_layer] Transaction payload payload_hash=0DjPF9VMZYw0b26/66p4UNPUrJfHRQydACyS62qg754XNVkhlLwXg7Nj4sW/I3za8HNLL8wfEICE5kOMAwfLTg== processed in 451ms
[2026-08-24 08:54:53] [WARN] [auth_service] Transaction payload payload_hash=OFgMijGJMxiDtGet/wPAe6kWyDSVxqUJNoIwM9ipodCnYXOurtiaJQDmpAzSOj7Gd8Z3tv2RDVYMV2wfdW7dIA== processed in 164ms
[2026-08-24 11:20:16] [ERROR] [payment_gateway] Transaction payload payload_hash=Kdy378G2T+4bDbNdIqLpX1m/R7n2kKqxOUQM2bLV8TopDvF73N6TA0hQOOaFrJmst9C15/8B9zkcTN9ruHr/WQ== processed in 62ms
[2026-08-24 07:40:39] [INFO] [auth_service] Transaction payload payload_hash=BlPdi4QF6yFDT/jvVLPQAMYenWKvPEYhb/KJS7Ek/1W1FJBIUTyXTQC5FR90euBuCQku73t9pRLTpXEUbdMsjg== processed in 215ms
[2026-08-24 04:17:32] [INFO] [db_pool] Transaction payload payload_hash=2Rb8Mhsqel2W/5UCNBnzrbZtU0RfP2f8c0nw61JWs5pQHh9yFnlccyycJbsARx0Z3ihXeavD14WlD4+Ol8rrMw== processed in 347ms
[2026-08-24 03:25:12] [WARN] [cache_layer] Transaction payload payload_hash=jImsT1QmzSRJ3HmUxi/bwemxtBJ4hAHYoQjmZb7hs5sJOYVgFFn+6zJXE9zDVjd+Vf+hbWOHjXtk0O5EV7HvAQ== processed in 156ms
[2026-08-24 10:59:47] [WARN] [auth_service] Transaction payload payload_hash=Xr8tQVIY/SxK5esX6OnqoyNR5Ky5wlWSccSlppod017niP0NgZfay/DrkktXMJpU8JxBlF++ywERk4SwBTdSUw== processed in 77ms
[2026-08-24 07:03:33] [ERROR] [api_router] Transaction payload payload_hash=UuCf+NuQzKukXDB6DZKZd3AULrae8+mkTGRBt4/lZ3xigHAKEHdihPoSr/axJhht5tQ6nlg70tOtwdQAtkbFMA== processed in 489ms
[2026-08-24 09:24:20] [INFO] [db_pool] Transaction payload payload_hash=EIslhXIXByy5IQcHxSASpl8kq/+z1qczX56eQFgYrnPodDrWVDyg/Fdo+DmLnaTvQgumVVlFcNEDme71z3B0xA== processed in 101ms
[2026-08-24 09:09:31] [INFO] [cache_layer] Transaction payload payload_hash=TPG/Aq7zf/qSveoOnqD/RRidGV/2sQd3Aj5R1OznNkebCjmZ2236JuaFk7STRrJsY50WeSiA8CU+70XXQan2Gg== processed in 139ms
[2026-08-24 10:03:59] [ERROR] [auth_service] Transaction payload payload_hash=nMlBNe5yGWy/ngzvdO5hj0hFeA3yS6jBXpywt/HLLvxuIea5LqSS7zDWza1jgtqsfmi+AF0IYDU+kW/WgdQ/eA== processed in 258ms
[2026-08-24 10:14:23] [DEBUG] [api_router] Transaction payload payload_hash=Dp6Q7l6S8R1OSLWNquhLf6x6BRH5I5C9vswE6DQBe/d0Ffh/igzTYf2bpt5ptaQXJ+G1sJeB91RIdd40uXCU4g== processed in 113ms
[2026-08-24 04:09:37] [ERROR] [api_router] Transaction payload payload_hash=e1mGmvi4cBunujRecWm2H42dzRXIhQ+urIKmVDPVUIJQOkvCDF6MyU59PtlqD3SDdX4xkGZSZztmr1wXP6NkFg== processed in 13ms
[2026-08-24 05:17:13] [WARN] [payment_gateway] Transaction payload payload_hash=BCuuPqxyqGpoMlwG2BOnODcLRZa/Pyz/8XS0x0dIyoGrPGrsaMG2f/dEoOqQ1OVJWlS9RG/B/5q3nY425YyfFg== processed in 414ms
[2026-08-24 09:47:09] [ERROR] [db_pool] Transaction payload payload_hash=73cYr/LRxIM7mXd7YiVCroZ/Dhq3Kg4fpd8Ixcd8yOVfCe9ZhxFui2m8g2K2zh5l2BDybco4UDlYRr5Mu19HlQ== processed in 281ms
[2026-08-24 04:45:48] [DEBUG] [db_pool] Transaction payload payload_hash=hraHEUNrl2CdZtRyVpjmeoE5nfAq6oaVEWN/sOaSeOeUYo2QGYNihwTgTgttqesT5uPFxYI2p0IhW9t2c9475w== processed in 324ms
[2026-08-24 11:16:19] [WARN] [payment_gateway] Transaction payload payload_hash=OpyeoCnvlW3lzBm/cEzDPXoxwj3F/lvXvOWIo+5RDt3CPQE4Z6h++IFE9MWFHs6zY0BfmlhjbJk0tmMJNPldTg== processed in 267ms
[2026-08-24 02:32:15] [ERROR] [db_pool] Transaction payload payload_hash=AGBlpXCPtHUSPbxNHd0T0XZp7MBFLhyRdqOofKn5NgGw+CJiyqvnSX8RgPrYM+vqnnMzJFGsLdRlCGkXkMVHyA== processed in 392ms
[2026-08-24 05:02:55] [INFO] [auth_service] Transaction payload payload_hash=zTJqcP9HCNe/akk2AtflSQw54qQQFIwHlMW1Ke65C6LN0zOJdkTnI6HzWoHnsOq9WBUXTkrAEJW4auqdJENF9Q== processed in 34ms
[2026-08-24 08:28:47] [DEBUG] [db_pool] Transaction payload payload_hash=e4IpkM2tY6/aUJifsF0Z1GUQeqm8KVbZU0Cw0XJfBzIwE6/9XlP5RGutNYOtAWp3eP2Qz4Lr1xBAYHFqQOkzoA== processed in 341ms
[2026-08-24 10:00:37] [WARN] [cache_layer] Transaction payload payload_hash=coy70fVJxsFd/fwKOD/CTH6A8W0w3poGhBfUqyER7JsmPHs0vYqh7ZvYkjYfxwA+9oaPBOOpMv5S4qZ5OqlJ3Q== processed in 316ms
[2026-08-24 08:10:06] [ERROR] [api_router] Transaction payload payload_hash=hXnPKgEUT68GqTSWgshTQ/BCR83EgzPHc141C9W8cGbuYSnoQ8tBfo6yg3PwxuD3bldpIJOyW5LyMw4KbYRrng== processed in 221ms
[2026-08-24 06:46:05] [DEBUG] [payment_gateway] Transaction payload payload_hash=1sw8bHoHBbSdnpZaBowGc0jNDWIeyNmDvmCNDhp32Mq2djJ+8/0gw1yHBTLFP09FwV0gCPiBxw+EzKHWOHb6Lg== processed in 122ms
[2026-08-24 10:32:17] [DEBUG] [auth_service] Transaction payload payload_hash=RyDjeKHXRfYIWliJNWKlwjFqzUOi8I8jH0boQr4K7BbPm22pLvt+w/CEnRs+7FLa62u6E7oxgpYDoiXUfWwDRw== processed in 327ms
[2026-08-24 06:43:23] [INFO] [db_pool] Transaction payload payload_hash=4p6TT+PWACFMXQO9DlK7VkgYR9h8Nnt+pOnoNh92D3NXg1xm3A485qmHU2eYYmM1fx0xg7eVCtChQnLEgXe2pQ== processed in 384ms
[2026-08-24 06:24:06] [DEBUG] [api_router] Transaction payload payload_hash=JhyJGJRlGcun45cemIDhTw1kumnO3nzEOjjo3vSiemTXHEEC2VonJ+ta+bHzeI6y+3PR/00U+VmlVp66yzRQQA== processed in 482ms
[2026-08-24 04:39:30] [INFO] [cache_layer] Transaction payload payload_hash=K4ZorD5EtI4jbyq7vWRGun5DULb3XUWlNurJmNgKyqd3WSp8615DXOmtH3dSvUuyKdGOyCyNiZuHKl8Ga6G3xg== processed in 392ms
[2026-08-24 08:18:13] [ERROR] [payment_gateway] Transaction payload payload_hash=xhjsq1LbafxNtS/TdIY70qb8HXd0PEAOxotuAE0njypH7qwRheQsltTr9bgr3CJPGUhn7f32cg0uITxXbgzl9w== processed in 111ms
[2026-08-24 03:47:40] [ERROR] [payment_gateway] Transaction payload payload_hash=sPaBGjHQu5F14MiaicNq/vl+ghdtuP9aAbFU0JPrBlco1q2BIViHPklX1ZGsesGiHzY88YvJI8Zhao4u4LVz9Q== processed in 86ms
[2026-08-24 03:37:05] [DEBUG] [payment_gateway] Transaction payload payload_hash=kDIVHzT6b9fJs6lKDN/NeDl1eITY2pQIgayCJ4sb57gqBGgNttfWJ9e+CJ/LQ5eMWbDtcgq+qM/w/tMxf+ayKA== processed in 445ms
[2026-08-24 05:05:43] [ERROR] [auth_service] Transaction payload payload_hash=f1N9uzjmf7RAdcYreyaHRBixuOEn/Xz8/WQOOxwW4+XbZuixNKeZEzKLsdIb+Jeza9jK1fGr7EoiuKW91ZbVgA== processed in 295ms
[2026-08-24 10:01:50] [ERROR] [auth_service] Transaction payload payload_hash=Nb88kEvPCYQhBIYNxK5I/6XrvaV1FGwpo+6CnsKRn4rXOUHseUL6WhlyvVAMSRyBPiib5VbHJMkA6kVHZ9TCNg== processed in 193ms
[2026-08-24 02:30:29] [INFO] [auth_service] Transaction payload payload_hash=ItFYhwrw6MYu26D94MEHoC8bbl3p6h5q3cf3wwXJVIdqfniaHMMPzUCzeTodBgwgypeefGavDXXejHqyrhPOfA== processed in 423ms
[2026-08-24 08:45:19] [WARN] [db_pool] Transaction payload payload_hash=lhIQ/Ag3qvOzrP+jWP8zBDdpAI2YQz0TRjNHX53bdgqgo8B4B9HRW8nuaK1LQXakn7OSkBts83Bvzqk4X7YXTA== processed in 118ms
[2026-08-24 08:27:09] [INFO] [payment_gateway] Transaction payload payload_hash=pEfXPkx6B3fGfAd8iYU2WP2VSmL2JHVqBQkxMElzMP38JW6lIbulaAMmY/IQ61zeeAzvIEtcNiSQ7YjYx1CPeg== processed in 330ms
[2026-08-24 09:08:17] [ERROR] [cache_layer] Transaction payload payload_hash=jKcUp8UVz0URXZa8CjplqSOiIlf/AwhtMmfZl4no5lMrX2RNUEOvFz4e2anpJv1u/zf3SQ54ptd/joj7J7JiaA== processed in 165ms
[2026-08-24 04:21:59] [DEBUG] [auth_service] Transaction payload payload_hash=qyrNbR2LgYhgPio8Ni1REnyhH6lHhD1njC5gVqSx4U/S9xwz49GpVhRg2P/Ga8sFqZGfV6N5fZBRetLJUKsNhQ== processed in 140ms
[2026-08-24 09:03:23] [ERROR] [db_pool] Transaction payload payload_hash=ZnwbIu1JQoiAO/dGxfP7tlCJAERjwS8i7T1aj5BYvKegIAI+A6yVqnb861wCljQIjZl7HWk2wZipU7QgRp90TQ== processed in 61ms
[2026-08-24 09:22:49] [DEBUG] [auth_service] Transaction payload payload_hash=DRk6qzJtKLvcHedLhgBDvN5oWuYBIZmmLewnN8U5db7mOrZwK1F2USEDPVmkmTylbmlpsdNGzhHSqHula6u3Tg== processed in 309ms
[2026-08-24 06:43:44] [DEBUG] [cache_layer] Transaction payload payload_hash=X5SIaDk1tsnmbsyUOfI7zuiFcv4VJZyC5KeS+BBCrYW5QqnwO3l4b1pjg9ZvmfRgdL9HMZCELYJRG9chiyfAJg== processed in 250ms
[2026-08-24 03:06:44] [WARN] [auth_service] Transaction payload payload_hash=IGXT0dlQ/iBzoNLmvDWtn8ezMbb6DSaxBaGSNG/DcdMB7gcqQUw/gt7mjC+9KWfSxXvppgROklwTP8bEvPQ+5A== processed in 397ms
[2026-08-24 02:34:10] [WARN] [db_pool] Transaction payload payload_hash=A8EBIl3/zfo59Z4ggi8WNfh+khs2mZVW4Zyio+8QgiqwrukHqs4jQ9P0Q3B+4wCB44TsD/RjAzVWoDVvplM65w== processed in 371ms
[2026-08-24 09:44:01] [WARN] [db_pool] Transaction payload payload_hash=k7f2E7rum+Zd8VCBtnNstQp8iX9f4t+G9V4RUJ8be/nMHPC7Zw8nID8NfZYFhsss1Z5Halj5ZeQa8BcwwlIofg== processed in 483ms
[2026-08-24 11:21:57] [INFO] [cache_layer] Transaction payload payload_hash=udWhad5Qbk+nGKXE9g1NnMxfD3USH2RRv7WHseAqJ6R+oUjXUXO8cGI1IE8lOVHl3JWoDsrzXZSonMtZZDAVHA== processed in 29ms
[2026-08-24 10:23:02] [DEBUG] [cache_layer] Transaction payload payload_hash=hVqCgpNw/u4UGtdpHrrE4IoCExCS9sf1jugTnR9Uzo0RdQ8imtYhl0AXMM4EtdtrbRFeFlG+o9bYRM7RdQCK3A== processed in 362ms
[2026-08-24 04:47:43] [DEBUG] [api_router] Transaction payload payload_hash=q+oXVfUSd3up3vCwh63fWqC6VEb1P9RjUMp6omgdayHF5Cn93aL1PYPux9DgA801PNjeWd/U2YB/wg4FB5W0dw== processed in 498ms
[2026-08-24 03:34:38] [INFO] [payment_gateway] Transaction payload payload_hash=9JE8WROW2a0iYfxNlM7Dj5YBp+CQcvF/jWhuyctT27FRRN3paW253PzVLXzzQBiMvNMMkpxvykgr6NNMnGhs+A== processed in 156ms
[2026-08-24 05:09:17] [DEBUG] [auth_service] Transaction payload payload_hash=ZSX3mZMP6aQ/sLID2MvtHk5ypOsj2k2JdKTYqdd0C0taXedZY2EJJbjLXoxrx1wukXcDfeN/pkpObqdhreQ3Bw== processed in 193ms
[2026-08-24 02:55:24] [ERROR] [db_pool] Transaction payload payload_hash=vq3rMuSh6HxGMlom+xMR3AlLlkfVi7Cb+jHROZIjsAvs6bG/FcpEJjaN3Oh0H1YXArPedu42Hxmev3VHEPPqEg== processed in 468ms
[2026-08-24 03:24:04] [WARN] [auth_service] Transaction payload payload_hash=aCJ8dD4WfGKXjtbVx2/NT4fY/hKGGNNcTB2eWQkDT8C627vMxD0fnrxlggkDtabfBS6k3DHKVkUsQwpW6TYXXQ== processed in 112ms
[2026-08-24 07:05:44] [ERROR] [payment_gateway] Transaction payload payload_hash=gJOlK7TfYYvnTmctzP69+cBE6//SWCb+S6NrD9Do6oAPKxiv1QnFCrPdGF33pri0K5NDknR3ubM1+toqfLNTCw== processed in 427ms
[2026-08-24 07:54:42] [ERROR] [cache_layer] Transaction payload payload_hash=Qbfd5wyVwZJZQJvqRPGD9lGh5jOivLdVFRzCIztPesoQW0bzHgx5uINa7WxhGG80qUBEdCGyMdEfQqls6ynLbA== processed in 362ms
[2026-08-24 10:56:40] [ERROR] [api_router] Transaction payload payload_hash=iCZ5rPfPFUID5nWM4FvbIiwIYxCacDky3X9K3xPMA9Q3xtiNg5spaP+XSrqNuJF16tViKHTCRnM/pRp69u3/RQ== processed in 67ms
[2026-08-24 03:26:55] [DEBUG] [payment_gateway] Transaction payload payload_hash=8rGt5MhidRSzD1vBALjKRSgaRVkQm+hG7B/Uony/zlr9cxlMe/th+1LHQWN7uHX6CVr5xcpIq1okAYsJmDUL9Q== processed in 262ms
[2026-08-24 04:06:02] [DEBUG] [cache_layer] Transaction payload payload_hash=cPaad8b1hH5+TfwvFw8gNMFj9rQTeaR2tIF5U4n9M1P3Y4vc8jA8kcO2VObKzunj8tA6BdkPDUIzb6g//JoGOg== processed in 49ms
[2026-08-24 08:05:55] [WARN] [payment_gateway] Transaction payload payload_hash=Pf2Yl3xSl7282dlVd9Cb1O9FDuVkLcuBsqxmDYPC955crphcymGHA6t84vzhjjzlPmNMaPtu4fe9Khvda0nauQ== processed in 272ms
[2026-08-24 09:11:11] [INFO] [db_pool] Transaction payload payload_hash=Ptj6KiYECALekd4dfb+svf1AyuhieFRVdD8rNquJUmfLoE58KTTvSNY+8fPcHASYB6qzm4lEvHh8ea3a923vyg== processed in 426ms
[2026-08-24 08:05:47] [ERROR] [auth_service] Transaction payload payload_hash=3eOyTjlOAkJshmjeqngB8eg8XeK0Q82NHZvtXUHCV656+sV9iQRFPZz9xcS/VAUTL++656kshniQGpVPOvbZyw== processed in 436ms
[2026-08-24 04:13:56] [ERROR] [cache_layer] Transaction payload payload_hash=eGHRvvpjsSTY+zLQKxoPFQmzFV+W/ABZH13Tzi1yvjUf3+yN9JOIkQTxfgurChkH4NjTrhXODg5Thrx1GG6b7Q== processed in 229ms
[2026-08-24 08:17:17] [ERROR] [cache_layer] Transaction payload payload_hash=xnNHIAp1YsAPYaOSLuSC7OZe7rRrahE2PZTbAndQTbDkEcHFSdTGu28W8zPqsxUTOqDyPJL+RkjAOSEMy7m3cA== processed in 321ms
[2026-08-24 02:50:49] [INFO] [cache_layer] Transaction payload payload_hash=BeakfGfSmBsGXfof1pyf9p855hCf0lEbcz2ODPrNy/1uVErXpGa+BEk13GxzLSE+9nupltwt0EUS8IJGzVJXkA== processed in 192ms
[2026-08-24 07:34:45] [ERROR] [api_router] Transaction payload payload_hash=+7rgkWCebEgTK5Up85inJVlpKHTeRJArdpBamEs9iuKhBftPTbZ1KYgERHMAa1uLhrsVzhlU5X/pNqd7POUvOg== processed in 372ms
[2026-08-24 04:29:37] [ERROR] [db_pool] Transaction payload payload_hash=mnk1c5ZhHgqRNAi5QxA9TC0Gz1vBWPouh73CLw1L1se+pOir64E39JcKTpI3LpwNfpHvEBOC6AZLKBuHsFUIyQ== processed in 220ms
[2026-08-24 02:41:25] [DEBUG] [payment_gateway] Transaction payload payload_hash=UfsrBH4I4EiKIezvmGFWE93ttQykbS7wNm9VTUuWq30iKgHMpl6mesD2hFbQq3B7x1xh2Kbgkfo+h028/TcFAA== processed in 204ms
[2026-08-24 05:55:42] [DEBUG] [payment_gateway] Transaction payload payload_hash=clQhXf+V5ECfhN0hgfZk92sSSL6lbDZ98hZNHpgr0PV55cYrwfG6P600eovoL5RRZ0lK4GNDOkuVjvvABEkjPQ== processed in 412ms
[2026-08-24 08:33:05] [WARN] [payment_gateway] Transaction payload payload_hash=R8MmEtEBHzTO7C67lkFpZWIIFxVanbLnzO9NrGNKIMvvn1HFYCqiIQJkaKly2A8jSn4jYCiRT5+vvKTzKXX+oQ== processed in 488ms
[2026-08-24 04:15:00] [WARN] [cache_layer] Transaction payload payload_hash=Ogp4n7QAVDmHLaL6XSw9f8+OXATwh2QzCyg56UqSEb7gS+Zai2tjbjwRho9dvoFo2k/RI1LbuiC++U7TN3kyfQ== processed in 108ms
[2026-08-24 08:44:35] [ERROR] [auth_service] Transaction payload payload_hash=TBFzBlBmgmz+ZYLLytojTR2dQtdaeR+6gs4GdkgudquJWp5A8SWz/oGTQpszTH7I5zRPxigHyLWMSgPF4Le8fA== processed in 57ms
[2026-08-24 02:39:12] [INFO] [cache_layer] Transaction payload payload_hash=0TiRr//HeW0duoS23ylFKw8GUNBQVn7UCpjAER+vC8dIbVtwqNPK17f7Tedso8GpfA/sgtKfknkkEUoOH37EKw== processed in 298ms
[2026-08-24 02:31:24] [DEBUG] [cache_layer] Transaction payload payload_hash=T+5xoWPpvHM0yrFOQxo6C0F+oK6WrOhlqYEktGDEOruXrWEg1NlvetR1NJpw2EpiSq5QPNOJz9FXluTUeFYGnA== processed in 176ms
[2026-08-24 05:26:53] [INFO] [api_router] Transaction payload payload_hash=BozrbKovNXfhEIvUz5ay7lGh8Wbg/ku5mdti31qhGYXgdbs0EkeSXG83DhtOo58Ny49RRpNJO3csm/H7WlcBfw== processed in 125ms
[2026-08-24 08:25:30] [ERROR] [auth_service] Transaction payload payload_hash=qMuNMDx1isDoG5PJ++0YEpopz2UWPdRleEnqh/w2oLMHiRzC4iZiPbjU8yvsQFXRYS9XF5kBH7cVUBfuOcJIFw== processed in 39ms
[2026-08-24 07:41:34] [INFO] [payment_gateway] Transaction payload payload_hash=I7padYo3tQQoF7PpdZ+RaKSC0tKx4gNDs1zS9I0IoJZkbWj3sZWbN4t/4pIsJsz2Y3Tk7vQBZH+y8Ush0OJH/A== processed in 63ms
[2026-08-24 06:29:45] [INFO] [db_pool] Transaction payload payload_hash=3RxZO6oSPixBPCuPPZ8ru2xv6ScEXScFxad31GZJDvVCbP/hE5l5i/h87wkBlF/GhXevX7u3srtQJw62YfNlgg== processed in 217ms
[2026-08-24 05:37:26] [ERROR] [api_router] Transaction payload payload_hash=cX8tsvFFXIkoTbvVeqB/mKbfjK0pcOsk3WGgo8xfdTswSBNw8yivZubNxwSliTmukjN83G7Vcc/9OrBhYxzJ9Q== processed in 389ms
[2026-08-24 05:44:32] [INFO] [cache_layer] Transaction payload payload_hash=Ft7FHUSYmCLUL0s3dgX/OuG0/Ws0bDC0YGJqnHR+9ihkKFI0qZ9m88IGHSildc4qg4YCZzGsoYN97OjNKfdRug== processed in 259ms
[2026-08-24 06:49:17] [ERROR] [payment_gateway] Transaction payload payload_hash=vh8zZKzCOzpdrPEZLd+LK2jJTUjWlt4XKAtDNJubYf0HIiCDCGYU9ChfpuTWDRrC00gVuJ5TVN7Y3dlcCcAtYw== processed in 235ms
[2026-08-24 07:21:25] [DEBUG] [cache_layer] Transaction payload payload_hash=V8+iQ8dl6lIG3DZGa8Y0CN10l43swlyGWqh4KMIXr2b/rAxgBhB61av3sCWX7L6SYBhSC5W7vfp/8zArQD5lRQ== processed in 292ms
[2026-08-24 07:45:54] [DEBUG] [db_pool] Transaction payload payload_hash=j5Kyy7rnHDbbzNVdE3fpBj1uC8u1U/DNpy/Dc02pUEvStXM9ECDbj3RKKeE4/OJ2BdNG/qCGvlKowX4JjOyCLQ== processed in 131ms
[2026-08-24 09:23:31] [ERROR] [auth_service] Transaction payload payload_hash=U3F2W0ZuDIwqbHX07hAKpyrU7ypvQ+AxEli8e4pPhu7em5DVx+WkyVHD3kUVoSO6XOzHJ47WsLDloKSY86zgFg== processed in 476ms
[2026-08-24 02:46:05] [ERROR] [auth_service] Transaction payload payload_hash=PAqdIWlcN3El5bMU2Wwt8NqQDVAnoDCHvkwEBrNBXA21ebG1YIW43/ThXMuUCuHPqg567rpfIxD+bbLGOEMwwA== processed in 79ms
[2026-08-24 08:41:13] [DEBUG] [payment_gateway] Transaction payload payload_hash=zHj9icpC3ZQrV08USFv6nZCE0lL+0U3lfqQSGlgIS/mg5Ro0XxdMzlyijbWmZG1mKiDz6t2/dubSuKDaATGUfA== processed in 407ms
[2026-08-24 09:17:49] [ERROR] [api_router] Transaction payload payload_hash=6Wgv9bI4rNarVeiZgIoczC90IzvQQwJetsJAMcWZbWKZSOo4ZtBSOd9t+i0DZTu42j5va9O/KlsYuxIxJOcM0g== processed in 484ms
[2026-08-24 06:20:23] [DEBUG] [db_pool] Transaction payload payload_hash=Ne+P1ZLfGEHTHSV2gq1c/FOGhFvdI8H3WwBszzO/ZOnk4JsLFFXoukIKIyONTjOFUe7y6orrUhWudtfrBBlXjA== processed in 446ms
[2026-08-24 07:59:20] [INFO] [payment_gateway] Transaction payload payload_hash=5ySJfcOygisz/k/CAFelhdr4IF/AFHh5fzzj9lts5mF4TwQuXnW9RTrZAJQIBvvSwgayBRfH8hbB9pERd/r1MQ== processed in 40ms
[2026-08-24 06:15:59] [ERROR] [db_pool] Transaction payload payload_hash=hTdhvOmaB2fj45Iw1cVpwuIUQkJBU3kim3YOacbj7falI9JMbOyn+HFJzwFvNmcriFv41UWm6QcuuGlGkfMSfg== processed in 251ms
[2026-08-24 11:14:40] [ERROR] [payment_gateway] Transaction payload payload_hash=SI0qVXS7hVYjbJkIEwxrXsqgk/yNNgtAWzYKFcaXDD5ZogQtz9HziZlgXOsEz0aFVyoArdUD4THCoRHOv7ksjg== processed in 344ms
[2026-08-24 10:04:42] [ERROR] [db_pool] Transaction payload payload_hash=DqDKCBtvoaZw2PfL93rUziNQlzDmU8xHqfax3L+Cb0c4X4E8EnfCBYEoK71z4US1HuyCZ5JTMXU/O6RBcKDs2g== processed in 136ms
[2026-08-24 02:41:58] [WARN] [api_router] Transaction payload payload_hash=a7tAD2odtDaxFTm50JMGlbTEr+B7TqFJfwmIkGFhJtuRZpxjtRA+HYrTZwKh3HiXMAut45pe16l6PfecvX91zQ== processed in 334ms
[2026-08-24 06:11:36] [ERROR] [auth_service] Transaction payload payload_hash=aQBIUPQV3rebiXQrMylfCFqFm6CFkQ7SLW3oekTSIDATn5F8MrA8qQDEvFbqxMdLjfhC+FEQRxaVmfdtpNoTTw== processed in 396ms
[2026-08-24 06:54:17] [ERROR] [api_router] Transaction payload payload_hash=w64eF6a83gzMD46q975nHsLmb+ZyKUUxz7huux3vs1bNlSExF2ofDj++QJq18WwUl26gXz9jxHwvZX2YlZNiiQ== processed in 231ms
[2026-08-24 07:58:58] [INFO] [payment_gateway] Transaction payload payload_hash=rEt29mBq4NyS4I+HUn5l0D71zEwY/BLeHqQakXaoD20b1G5yNJTMb5MKQPnRcpKDIkHp1nff7wWTDzHO65PouQ== processed in 158ms
[2026-08-24 03:01:15] [DEBUG] [payment_gateway] Transaction payload payload_hash=Z3W3/A2oxc2yUYtPF4fa2T600/qoGpdAZn2GM61qfv6wCfRw+h7zZu3a79W5eQqQjAFERxekQPZ1/4C/Y4OgWw== processed in 429ms
[2026-08-24 05:23:50] [WARN] [api_router] Transaction payload payload_hash=Pik12n8ykvLFBwtZ4446BhxwH8eEcbQTXqEkmMI92eftdqB9HKgUZZTb/oECCOkYl0hkD1MWQYhsA/P+EzZCrg== processed in 173ms
[2026-08-24 11:18:27] [ERROR] [api_router] Transaction payload payload_hash=v+o43HQ+Msaq/A+DOSW+0zOkkAN293Dj7CrjgjB5Hr+OZXxk4mdd3PjFIPtDZOFYRMSE5xFDGCA5h+H4c9ZNWA== processed in 236ms
[2026-08-24 04:16:48] [INFO] [db_pool] Transaction payload payload_hash=h9xuXypAuF0XiFZ5ZeRaB+OQqFM/oBPgz/BTk2OH03b5Iz40o8YapgoYRvDwwWak+2NDMR2HW4tfLbj4aONnYA== processed in 489ms
[2026-08-24 10:40:46] [ERROR] [api_router] Transaction payload payload_hash=3ntLnJByM/ETjhu6eJVp0qGPbg8W2NJs8ZS2C0JG8caz0sBieaRJi2+Cc2BkHHsDGWsBtT0TijwcEnKFpxpnHg== processed in 83ms
[2026-08-24 10:49:30] [ERROR] [api_router] Transaction payload payload_hash=K3K5XzovGzXrNS04Db7Fgzn4B1RHt4XNApMP6i6JX5qb3yuspgmEj/x5UEJ2d3PveCsHejpzlfoDbSf93OHpxw== processed in 236ms
[2026-08-24 04:19:36] [ERROR] [payment_gateway] Transaction payload payload_hash=V39ACdceoMunVcSkq0UPC5RKv2zWC3jXRH4kTAX5GTCiY1rJE4tGRoKXD89NOxXGMP1P0f804ahLsGi187noBw== processed in 478ms
[2026-08-24 06:22:55] [ERROR] [db_pool] Transaction payload payload_hash=RXvfA2BP6jCVN9dGi+3TeiKCVr8gqfnSNWAFKoNyvQ2zLmVY9u5h2NRjbMg4gUQgWZ0YqIw4emW8u/Bu75jw6A== processed in 436ms
[2026-08-24 05:41:56] [WARN] [cache_layer] Transaction payload payload_hash=6qVDuRCTNZuWVuRN5OrYnUemVAoxCVFqsWTJ30CW5ZWttAmAmR++YFIhFljONsUem6amQWJVtze2d/tgCi00lg== processed in 328ms
[2026-08-24 10:56:28] [INFO] [auth_service] Transaction payload payload_hash=D+vW3f5/IxlagnpUYaM0FELSsxISURoHX9RtTVoK3xRZrXhyFb6bzxsrxV04BWlipGElJM2zmuA4AUtZ9KRxHQ== processed in 472ms
[2026-08-24 05:14:17] [WARN] [cache_layer] Transaction payload payload_hash=exhCbwI81g7PVq0p4licGL4yIw0TJn4Ptz/huH6iQ60x+U4ZTjYZ6Eo5sJiETdv2IoEBa615iPq9kzw/3onz+g== processed in 336ms
[2026-08-24 10:27:50] [INFO] [api_router] Transaction payload payload_hash=D6OhC7+IQ48CmMCraDTO7oIproZtCNwPHXgRmKOfuARf5Sbk6cQl/7QyBXSAwCLtDM+Fk8qyQoO+4c9SC3A8Ww== processed in 54ms
[2026-08-24 03:37:54] [DEBUG] [payment_gateway] Transaction payload payload_hash=YMyEJ3nqwSsN3ghbwTe8M2a3I0vJed07m/s5IRdHY2bozp4+jgvm96RhQIMGdGcSf1YTMgtLpfN4ybQE2aUU5A== processed in 43ms
[2026-08-24 07:52:43] [INFO] [api_router] Transaction payload payload_hash=QxrDMPJvP7i0QU+d2CrvNtetoSImYpS+8Tc1lfemFl/sk78vFljDvESqH23Nn/Ox1NVWPlvUr980rXbTF9bKIw== processed in 389ms
[2026-08-24 05:59:09] [WARN] [auth_service] Transaction payload payload_hash=hRDIazmlBi1uDH6xTgb2EKBwOh/Iy/kw6nVnwlRHnhB9c5bX0Q9Wic6yH/YCFs0kYALK1RpFNL3U+WHZqNuXtQ== processed in 32ms
[2026-08-24 07:53:09] [INFO] [cache_layer] Transaction payload payload_hash=rHr61yGLnWD7tr5C3Y9WI9+9k/LFS697wklx2Jyjh/Wk5C1MeIjWK+kv9XiIdzHrxG21o8X2LyF13L/lSdFiTw== processed in 328ms
[2026-08-24 03:25:51] [WARN] [auth_service] Transaction payload payload_hash=hVMeCpY3uSPY1x/HjLpM9IdTxbE/7Q6TXmssZ5AQGk6KmPCl8Uig3uxX1UROnxN5v6j5CU30qNKkXDdRz91WSQ== processed in 158ms
[2026-08-24 07:32:09] [INFO] [payment_gateway] Transaction payload payload_hash=kBXRhtOiDvPtb2YJPSiaRNjzbf8vxO3a/oXpgkxRyPTcY1m4AqTWlR9pFp1eSs2gCsFPCEO/fXQcH1A2De3+8A== processed in 121ms
[2026-08-24 03:45:03] [WARN] [db_pool] Transaction payload payload_hash=ht4BWQ7W0x4Q7zahl527oSuZr3DDWQLhRDPTtx1oJZBS32lW/nKAcRx8Yqi3lP5BrIUoLG5sV9DR9nbRFiUANA== processed in 277ms
[2026-08-24 05:02:23] [ERROR] [cache_layer] Transaction payload payload_hash=mSO8sq4HfERS6SHWZvExGQcrESHc8IP95XeMGzYeZpe0ng6SNQyTFPWmvz0wnft5QJQiSK8XB6yh6Fg5seIkyQ== processed in 482ms
[2026-08-24 09:22:08] [WARN] [db_pool] Transaction payload payload_hash=pWjwNfOgYBKA6DxhEh0e9vWie56fjMYsaZ1J1uBYj3bP+xlAJBsLOkkT3HjA/d6xLIUjABpHLOOSknQMZGHk4g== processed in 71ms
[2026-08-24 09:08:31] [WARN] [payment_gateway] Transaction payload payload_hash=SW/OKR+QmpqU6GFpHBrxlJaWvN9t6WSD7YxuRnWDxtbLwCLiF3qwrcPHFUkzfh/v/zsAqs1rP8ssKQlJVWZZIQ== processed in 62ms
[2026-08-24 08:08:49] [INFO] [db_pool] Transaction payload payload_hash=ko1bJJDbFLmN/TV6PJaCWJRoHBsoo/tx64jHpZTVWr8kyKWTtbpouHXwP43qTXTpNQwGBWi6Q+22gRiVN6Tz8w== processed in 208ms
[2026-08-24 06:57:45] [DEBUG] [payment_gateway] Transaction payload payload_hash=jfglRFb/q9OFWtAeTAn3DNZj+q3Z5pX+j5ghG5ZuLKU07B4nU1KlrepPOovJ57DDXSbQxrUmvryVNC5VUP+hYw== processed in 174ms
[2026-08-24 04:17:47] [DEBUG] [auth_service] Transaction payload payload_hash=693fWK2pWUEyC56B9Lt773BnzB2v7HkHi53igGHXyVZeFLGZe8KQ5B6buXuXXcc9CHnM0JypiZckajoaybUMUA== processed in 35ms
[2026-08-24 09:21:20] [DEBUG] [auth_service] Transaction payload payload_hash=eyVjUpuqDz5LgpzbbFrS2xW/xcV18JQJ/zjcahiD7dA1ugI6sIpO3jjsjYcjo5CvZjcY8vmw+BHh6EpvMdrwoA== processed in 85ms
[2026-08-24 03:02:28] [INFO] [db_pool] Transaction payload payload_hash=bOVEloTIB4YuWpeDSLvWTbuduK9y2AJgjnLtuOeHEjR5mIK+GU+bkcibnLsetz6ZvofvuoCnBzh5uAlkSOrsDw== processed in 201ms
[2026-08-24 04:52:23] [ERROR] [auth_service] Transaction payload payload_hash=26j7Qnvijtnemfonp/8jadcPKYxC2s6/TCDwHOVodiW8YWXEVZWeQQTJtnvwYITrn+Z7rdsJzYBlxRP58cZ29w== processed in 296ms
[2026-08-24 08:00:26] [WARN] [api_router] Transaction payload payload_hash=JpUZ9rMsADNK1hjHExSTsVdRRpV6N8r+lI1RItSBlvBX5UNwEOz1CS+cepPDfFW80j7SDpn56y2REdUkTvHoJg== processed in 268ms
[2026-08-24 05:27:55] [ERROR] [cache_layer] Transaction payload payload_hash=Zw7gy2nZBYoSgeZhoErsKnHQi82VoPuJAmcl++qckEpVItDx6dgIvxAaqJsikkemY8NF1lfsyPOkseBfqBOUyQ== processed in 24ms
[2026-08-24 10:53:13] [INFO] [api_router] Transaction payload payload_hash=HVw7cGP5Pki/D5EOe8mcRRiICH4R7y8zD0laT4zTSUe801Oc5I/rpB1901Cfdygaot6d5hannNVLgkhmYCuU+A== processed in 57ms
[2026-08-24 04:48:31] [INFO] [auth_service] Transaction payload payload_hash=5V3FmeV69BmNJfxtriUr6P6dh85nhsS+7H39CW7YcmXWK1WOMb1iqtG/sqYttlf/PxAYHCC91B4aOI9dQNYmnA== processed in 418ms
[2026-08-24 03:22:10] [ERROR] [db_pool] Transaction payload payload_hash=5KardNwFeGadVd8uIg9Jrzqma8jC+LC6VKHMelf8oUGWJnXkGED9SesqoxIC2vr6Cc0oG8oYEtsj5lFXeY/KAw== processed in 273ms
[2026-08-24 06:15:19] [INFO] [auth_service] Transaction payload payload_hash=SWDYmMT9V6D993q4BqcU7JpOl8wcPEFUc4bRyJDJQUIm17aODTTExt1tqEZvC1//RQCs0WABej1HUDBwrxabkg== processed in 408ms
[2026-08-24 11:17:30] [ERROR] [api_router] Transaction payload payload_hash=EnNNkxSLYiTLE1E4QjWBL3nLq4X4A/8kAmXu837BYs52yeDIM4sQEmLmtBoZDh4nZ9ycz3amteojQT/hswI/vw== processed in 187ms
[2026-08-24 06:58:00] [DEBUG] [api_router] Transaction payload payload_hash=iTVI4QlfuzycDqktpb9F1EwnmCpV9f+SxqDxjrcc5WNVA0IoTOTDG82RpvAxoPRhS8rB6/hTSPDv3qqRUJXe2w== processed in 444ms
[2026-08-24 10:27:58] [DEBUG] [cache_layer] Transaction payload payload_hash=LVe7pUH7MMBbNa6ifAOJc7XZ9Rfw8mY92fq2E2AZymKJb/ASIbZ+C1r72Wk6ZlmzyJ3RQydOdDtRlJmxMvYGQQ== processed in 31ms
[2026-08-24 11:06:08] [DEBUG] [payment_gateway] Transaction payload payload_hash=6eYhai4XIHt/SJUUvaB09ao3/1zeWLG/CiXBXgrVo2UR4TlfRYGYQadtazj217qDOjQ5dNr/HpXParehOIgzDw== processed in 11ms
[2026-08-24 07:19:51] [DEBUG] [db_pool] Transaction payload payload_hash=BMcY24qIHTp6iKJNfwF3xRfns0WmP2EAD0XREEr1G5PVTI8Uo1z1PtDn/6B8M/sFH+RknxwjyiC3ct7Ecr0PKQ== processed in 222ms
[2026-08-24 05:44:22] [DEBUG] [api_router] Transaction payload payload_hash=RxrCDLl2WQ0mJJtXnloZFH8LoornObqlJCrCMhThS9aApLP9OjpL+3aDIqVr8bbUsMqKS4vrxsOlGm+pPe5H9A== processed in 434ms
[2026-08-24 09:46:02] [WARN] [db_pool] Transaction payload payload_hash=z1Zg4egCtNo+Y/JM8QNWglOjysqzItA+D94cX5nm/3Yhvm4qniI+Dq/hhhvUJsgItV0ihzhq5kGfXJgv02HavA== processed in 473ms
[2026-08-24 07:08:04] [INFO] [api_router] Transaction payload payload_hash=mmCaIGbuHEozRoB+Iez7nHvYt+Z9bAEXai8hEaSPX3dSBvcTUh/2upQ8rXFZyqNKOfhhySaRvF/iMIJVEhZ6hg== processed in 93ms
[2026-08-24 09:07:18] [DEBUG] [cache_layer] Transaction payload payload_hash=z3o6vlpIOf9deDIvlloyoBbPHqU7YBCbyzKH0/e94gO+R5tTSv9iES3bNkr0dgTgaI/2iTPTI0WxDjtgOEK5RA== processed in 203ms
[2026-08-24 02:41:27] [WARN] [db_pool] Transaction payload payload_hash=z1ck8ve3VHbf4slQD2BCdfai8XMycAb7dgVRroY1qGEj7XekughDf0ch6WV3EuPoT/fFv6tpAXwsDigbycAsXg== processed in 182ms
[2026-08-24 06:24:29] [INFO] [payment_gateway] Transaction payload payload_hash=gwIL8Y9kPyYtGWqUTMh/5aRh1TDvC3rVMw0fH4DDPY0sVrc2vQPqXysC95xj/G8MVi3s4g/rAcSNvyCzZao8ww== processed in 89ms
[2026-08-24 04:25:34] [INFO] [db_pool] Transaction payload payload_hash=DHMmZVkecQTKcmNeUhxkhcuELKEqlEHq8gTtpQr8xlO9RwTnTbV7U/ZSfMULW00ts4OQsqvNdb8ReHcsCBlIcQ== processed in 181ms
[2026-08-24 02:50:50] [DEBUG] [cache_layer] Transaction payload payload_hash=gcIaDBmSf+VvryPCx1k/EXqD/J5HOhXP4IB2nWhbSn9FeoqfiPci4pNQhC5fDtYm6LbvZN8P2ZI++iKlghJPww== processed in 142ms
[2026-08-24 10:07:06] [INFO] [payment_gateway] Transaction payload payload_hash=jd8ac27QUlENAsQR6FuyHL5xZcwDR+LZilXyqYwtOUqHKaUJGeYGoZ/OFasOme1O8jhGfYdZyE9USys1e+g9Iw== processed in 467ms
[2026-08-24 11:21:52] [WARN] [cache_layer] Transaction payload payload_hash=odqGVzIEkQe2Gu7ePpDTrdKTWJthv+2fFZd89dszbjiudcSZV2jlH20K89GjXtNLAzn7gfu+WOJK134Ai/r9OA== processed in 437ms
[2026-08-24 11:17:02] [WARN] [payment_gateway] Transaction payload payload_hash=is6QocSkw+CY8tAsY9XjtFs+oo76bi2EdJjm8pBYWfqRKAth+Z2uHjHOGEhnZAmPFKYLiLZey/P+4LVR06Y4Sg== processed in 75ms
[2026-08-24 03:06:07] [DEBUG] [payment_gateway] Transaction payload payload_hash=z9U+Vx+sRkoQdH1/Goo4mkMy0vNT3GJ+vfNj+r1D+zPCUhuIL944czr8wLGFlxl4f3rIYdWTV8K7J4qQMd4JBQ== processed in 428ms
[2026-08-24 02:52:07] [DEBUG] [auth_service] Transaction payload payload_hash=A5ZxvV85RgLQh0UUz0SW4eDZmgOHQLcbYtbJ6ZROtS1btO/QDZ1/vVGwCJ0KbTdeNfsi2msSgQnuhwWdud06Mw== processed in 18ms
[2026-08-24 07:35:13] [INFO] [payment_gateway] Transaction payload payload_hash=3btlZGif9GHMn4U+jYX74X2tH74o6EUWjBxsWSp1i15JdxC/ro3l6ffWUn5D/U8Kj3R4xkP7YRbiq2jEVo+lAQ== processed in 63ms
[2026-08-24 04:29:27] [DEBUG] [cache_layer] Transaction payload payload_hash=C2WhbmpGs03E8zdMLxcSKs2R7ryUKAlDKdlUlfsr0cfmMjuRk2KW7itHZi9ts5+WHxPJy+L8r+QsET3NVoROig== processed in 257ms
[2026-08-24 02:29:54] [ERROR] [auth_service] Transaction payload payload_hash=fcUyt+5fkJd4S/6/wOCTv52VPkQ9fjIXcZRPPrIiujxL8MYd4XckPaxrf9UTakiVfS2JLX8JtcvExhR5vcwXIA== processed in 352ms
[2026-08-24 07:40:55] [INFO] [payment_gateway] Transaction payload payload_hash=7rOR37wAZeuvnTFOv/y/LZK+v1glods+v1VfutgZLu0uP7k1e4coRuNJ52O8gDzLDbzcS1FXj61C57gIPR758g== processed in 172ms
[2026-08-24 06:36:40] [WARN] [db_pool] Transaction payload payload_hash=iyHdrK0YSHCiWaEpZltGQb4ljaxvjmvGZojK5/6iF7ZG7M1NdUaFGIyP78T7XCJxy2Ob5+rTUcw94qDOopNi/w== processed in 153ms
[2026-08-24 02:50:38] [WARN] [cache_layer] Transaction payload payload_hash=TM7jjDZRwxB4EmD2C6C/GTs6Oqvj3XLrzMT1nYmCuJTq22PPZ99Lid9K9WlxhEOhSMj6BJrmz+OO1K7Yz6xCUw== processed in 70ms
[2026-08-24 03:36:49] [INFO] [auth_service] Transaction payload payload_hash=6OF6zghXVR9pLrilxGu+X9MrYqKLAL9G3rpqymN087+R/4V9vyyYa6IDh7UqpNBwLP42BD7lc+BjGjOOxu9oHQ== processed in 114ms
[2026-08-24 08:39:31] [WARN] [auth_service] Transaction payload payload_hash=o1YFoBsAgyI4l/OzvHW6jm29cH0TGIJsybjUjvA2BqUDH7FmaZaYTb3aVINZOWeZHx0WGU681s+AwUZ1G8O8VA== processed in 143ms
[2026-08-24 11:01:12] [DEBUG] [api_router] Transaction payload payload_hash=GUI/OAtwPhRedCKa09QNzZrFUn/mH0Cepy64t+HSiGYVn14XXtZ8Q3gYnEYbRsWfgERBUX2haGN7T9RIwzVx1w== processed in 12ms
[2026-08-24 05:22:17] [ERROR] [payment_gateway] Transaction payload payload_hash=9Z+ino85CZKOcfgHKRDUY3S7zQzxxoZVowfQBtWex4GyzVx5q0UnekJ7HHuGUiZ/A2dqAmyQbCC4bgjh+Ps9sw== processed in 227ms
[2026-08-24 03:22:00] [INFO] [api_router] Transaction payload payload_hash=mSwGzvNswbYQ0new78JIzpk+XGdHcDhWJBZ5g5BZ36M0a8/jUZFoH9vY6Gv+BxJU6KoXWa6Wzv8lQAXnY7VxBA== processed in 466ms
[2026-08-24 07:37:04] [WARN] [payment_gateway] Transaction payload payload_hash=9P2m3IqbQM50b0/E8ShonJ6rXTp+9Rt8TTpQbjlzlXxr33lwyb0kHjgJB7GA3DwDFqLd9Es/oOhyPsUuWRR/LQ== processed in 456ms
[2026-08-24 11:06:07] [ERROR] [payment_gateway] Transaction payload payload_hash=NASRdl2E19FuMeeZ0zEfDpqRe+xkUi0VMlI1cb9mYaJgRo7NBMG9JHjWuEaL6F0/Ozlpbl3LudwS1Z+Ukob9MA== processed in 166ms
[2026-08-24 10:05:10] [ERROR] [payment_gateway] Transaction payload payload_hash=+nKEfG43VXf98uANP9SP5e0IVwODL7ewiPEXuMleiwNzbAsfStKQwROt+rzOy5PX/h6JbHUqsxAhtxv7RtKedQ== processed in 149ms
[2026-08-24 10:27:04] [ERROR] [db_pool] Transaction payload payload_hash=wBkTebybZbW18t0xDbHJM16ShtRcbjXABa417LTOZeh7ONBBDQW5uTwdZYkpYVFQGIplgd8yEMl9vMNqy1nKVw== processed in 38ms
[2026-08-24 04:20:38] [INFO] [payment_gateway] Transaction payload payload_hash=kEVTIpnrVbgDDzH/hgeALNuSilNTk72Cji25zIsg+0cJyvTZfMrGKhZVhd9yZeENfRNboX8m2GYaRbmQNVWnkg== processed in 232ms
[2026-08-24 07:33:57] [ERROR] [cache_layer] Transaction payload payload_hash=cEHhiW0u6aloPC2BPncPUHufYYqw9otlI6mnVWV0t7IiVPPp4QM2mOezOV3jLlBAX/Q/rzvDwRl47VebHjcXsA== processed in 447ms
[2026-08-24 10:45:21] [WARN] [cache_layer] Transaction payload payload_hash=r5ECDU6rOI+jf6nKUhmx1c2i1PdkzxN56i1aAfov0RHf/rfBVpOgXKa9Ap/0Rj0XCdIL1qtXGme6xS9G1xYM4g== processed in 309ms
[2026-08-24 09:11:04] [INFO] [auth_service] Transaction payload payload_hash=3+95mXUQ+R6uAHDMBaRyMtx0O5WhLhjjM7JTl3v8CItXpjG+/oXVzcanQTUSR4doJg98KcFcQq53km1qW1g4oA== processed in 302ms
[2026-08-24 05:11:13] [INFO] [cache_layer] Transaction payload payload_hash=GEmVBtcK+1uoo1BvDC9hfpYFL2ltRXrhDeOB3mRJmQc0R9/zctJ4s4BKz3QLBjVcY3MBcEaD1Nm74KRWEtCQkA== processed in 204ms
[2026-08-24 10:27:40] [DEBUG] [db_pool] Transaction payload payload_hash=v+Nsy78KhoQCTk7H+8GWcbxsRxy/mGMNd1uzYJsJrUl/uKhZkqcL8h0Swo6wzutsi2peuQnA0UhGbjO5VqN+4A== processed in 240ms
[2026-08-24 08:51:18] [WARN] [payment_gateway] Transaction payload payload_hash=0H0YO6hHHpEjtMVDhg+rr63JIiSEUxoZ7vNWG0vKVDZNJkT/wchoT2UgWHdjEvpZPkg6iwH3zOM/L4VFBRiLCA== processed in 481ms
[2026-08-24 10:36:16] [INFO] [auth_service] Transaction payload payload_hash=EdsZdWyeelWMAeHs45j+fcGGREa+bUM3zqi6BAhx1sQBu/nE4p2MLVR17flPUXO2N2IyFxMD6dXlVtdunAkNow== processed in 306ms
[2026-08-24 07:48:16] [ERROR] [api_router] Transaction payload payload_hash=sw1U+BrelUsk/BJazi7UhzrA9JLWd8oXGNnL298Zeu+cc0bZ99IwdpwfYLEtXJ5pJGovttZux7Cj2v9jymmAkw== processed in 249ms
[2026-08-24 03:41:03] [ERROR] [payment_gateway] Transaction payload payload_hash=RG8WRYcQ3m6+nynyhs+mZD/nAiGLzbSVVzJjGG2tatZNgrMdPeSau4MYtth8myj0gkNPko9ZkHyraXBii4Gu2w== processed in 266ms
[2026-08-24 07:03:54] [WARN] [db_pool] Transaction payload payload_hash=titEnFOxaYRLgcSmE28QQLNFmFFvhD1DBVYTAj/iWhLtSkCo8Qzzo0zU/dVTQHi4cVjVJRx2w0gJQO2ElnYa9w== processed in 186ms
[2026-08-24 10:35:06] [DEBUG] [cache_layer] Transaction payload payload_hash=ziFOgzyxoXgaI1GVluMSqy/hPGR4mV/F4ivSCYgHFCUSFn8/UVDdlT88wM7xOeYE5N6lX5+2WKe2pyOJ0wyQtg== processed in 91ms
[2026-08-24 02:58:20] [WARN] [db_pool] Transaction payload payload_hash=OXeqy9SFmbjKj8BpguJqyvYkJn4o9diLHE74S7agwLO4AAho64tPAR1vCy6Ij1lbxfFxS/hkeC0Bo9v12ZVxTg== processed in 227ms
[2026-08-24 03:46:09] [INFO] [db_pool] Transaction payload payload_hash=yHgtrv4r8KuI6R46eYuAStEyAW+Y51jVsjv9geJTBvwW2UUwm2JY0Gu62KL4Tm48LQn9Y8XCtco/zNzpvr9pHQ== processed in 441ms
[2026-08-24 02:21:15] [ERROR] [cache_layer] Transaction payload payload_hash=0Z6beirQ6poDOo8petMt4qBoxw1NQlmi0qiHJRs/OiGK6pkCKR3vE7jcaNHXRrlqRAQ5HrQ/Oi0z9W3kWSR0gg== processed in 473ms
[2026-08-24 02:33:33] [INFO] [payment_gateway] Transaction payload payload_hash=nuYgAJCDUhTX7qeWDoTT9BBz/b0kYTZ3e/0xg9p+0MmGflkq/G24nTFcTUbgD9ms/YoUCCSUPGL5gFaHLX7QpQ== processed in 191ms
[2026-08-24 08:34:17] [WARN] [cache_layer] Transaction payload payload_hash=8XFIqbOywjf2IX17FKAxpL5mYDZMT1XZgo78Ku9lBhnf2uBY8uf7fxUlMRZnD/hrfjepqUZu+JH0yXwt6KdiWw== processed in 344ms
[2026-08-24 04:02:06] [DEBUG] [payment_gateway] Transaction payload payload_hash=vChuiTmSuT7UjILyxqjdC8/IrU5H+UO3/X4x8Yqx2u3pMOOHhZJS4EGVgM+aCePhFtd17f3a+sdl1uuSRy/dZQ== processed in 173ms
[2026-08-24 06:44:35] [INFO] [auth_service] Transaction payload payload_hash=iB810CokunpfwCVg5wi628cogqLssMfFx2/NIJF8Az3S6zWoXlGszHvbBC2CAs/T/Wq4iMeF0nsj7rmG0J83dA== processed in 443ms
[2026-08-24 09:17:44] [DEBUG] [api_router] Transaction payload payload_hash=Cdd/gFUBY2Azy/OOXNL9lMnICIRaKPU73ady8Ic5SlR4FcQjHQeyxubWCfBIz25fu3Y59zDR5e0yXIEvp0b7Sg== processed in 199ms
[2026-08-24 02:49:01] [ERROR] [auth_service] Transaction payload payload_hash=dOwpy+fwrzPyNWawwPYcfGwoBhf8Rr8pd4WIFPGklYD2ROJQrCSzOCGIR+g9pa75J2fQ91+oi8jqoVnvHiH3pQ== processed in 404ms
[2026-08-24 09:37:51] [ERROR] [auth_service] Transaction payload payload_hash=SsLb9TRggSlr1KYR2eA2ct97Zc7kIWRieR4I8Nl3c+iT7ezuMSBhDT7kBKKRki1723mv0tHx9EdS53xFSfmmow== processed in 182ms
[2026-08-24 09:55:39] [WARN] [payment_gateway] Transaction payload payload_hash=RounlQWQtCrXo1ISeDwKt7AVJ8Xeq09X3IIVY+p4VyDyiTQXxZI3iNNEAuuY1+ddV2Am88W4gRVKPv9GnjhpQw== processed in 99ms
[2026-08-24 03:21:13] [INFO] [db_pool] Transaction payload payload_hash=nSeQSj6484sjWrsgy8pVn6mDP9wqhoQi4Tj/fxsRwa93F/KNNZSKRmN69HZXTQHtuDc0xnUU1n50hu9wd2E8FA== processed in 141ms
[2026-08-24 04:17:05] [WARN] [api_router] Transaction payload payload_hash=cATpFwR/n+iS3nUZhtNKGYauEFbOLTck+um4z9Zt+eux5jN1QzLW5aNhENmKv1+t1l1DGPgeJ8K46cWNKLfjsg== processed in 194ms
[2026-08-24 03:57:27] [DEBUG] [payment_gateway] Transaction payload payload_hash=Nae52feO06G6mgkBnecG/2wnY9ffz7VZYSzBzQzSvpo4hPi3PyrV6UFd8tiklC8C/pth9G1GqHjtKzvvokhKwA== processed in 213ms
[2026-08-24 09:35:08] [ERROR] [auth_service] Transaction payload payload_hash=UQ3qTpbfF5uTr7FEeFeoJZ0IDmxCR/3wwArOTbYrI9GgZ52XJofFwQ62PHxwsWe47+2yxx9u0ys7HNDNi4paQQ== processed in 349ms
[2026-08-24 04:54:07] [DEBUG] [db_pool] Transaction payload payload_hash=8qG8JCnHeDjjedfZvwxaanlkpEZHD/DH2OP4cIvH/lxNl2vmTl+nDZlGImZYyE2fJA3dPw6CsIPVfuh2twHNfw== processed in 179ms
[2026-08-24 03:58:58] [ERROR] [payment_gateway] Transaction payload payload_hash=CRNplwjWsOegOquoZqC0N/t+FEoNJ1cgUoDt87LkVwKEUFVN5Se7c+tHJ99vwNuhUYTB0mpI6eOCzQleZm7LNQ== processed in 18ms
[2026-08-24 04:35:02] [INFO] [auth_service] Transaction payload payload_hash=5zU9SL/QaD57C/AJ2dxwee16+s9aDbFv6hwvrCcDwvfqAGd7qLI1nywkXIB74XxA+HeyUtILdHKOcChdltpsLg== processed in 398ms
[2026-08-24 06:56:22] [INFO] [db_pool] Transaction payload payload_hash=CFrYTkwQJp5YLq+vXWvnJiubrz6lMHwAEU5gQQKztbR6fbFDdPIboQlAKmUr/rDtyJihWIGZvWGwqGLGpeLT3A== processed in 198ms
[2026-08-24 10:02:25] [DEBUG] [api_router] Transaction payload payload_hash=XH302tULHicKzrISB+d9sUrClnqXdRu+QWOD9nkn3yWhbNBqGzfELnJxOv6zaLDPetqBbDfwh56E3qVbVSOmBQ== processed in 249ms
[2026-08-24 05:04:27] [ERROR] [db_pool] Transaction payload payload_hash=5kHciiOjGmU8C37PWCthI0lQo1tZz2TZPxmxnPX0kUVGNhZv016x7lJBtdyxS3xQ2tnMuZuCpxqZ6oEsvY2UOg== processed in 32ms
[2026-08-24 02:23:52] [WARN] [auth_service] Transaction payload payload_hash=3rHFm2LbBqhjQ4pqSrlusVk970/7k5NiylH2+ArbDG/4UjrJZMwZnOutxu7/rdXbEp2GaX6tiKVZfdXjKnWrdQ== processed in 450ms
[2026-08-24 10:12:12] [INFO] [payment_gateway] Transaction payload payload_hash=tHMOhVEsmXAv2LRlD19AHnAlnKQJhmESq1Dysr6qMzPXqC7XweTy1xyfxdV/hljysPGwip6C/Ipmk94Gj3ripA== processed in 43ms
[2026-08-24 02:27:43] [WARN] [api_router] Transaction payload payload_hash=ejxZkZP1X9u39nvit1yIZRaHN2E90G+F5ecc927zbFJRrcGd5X6xlh2vHiLnyxxcStn78Fc8FzGXx8cZWLeoWQ== processed in 74ms
[2026-08-24 03:33:17] [WARN] [cache_layer] Transaction payload payload_hash=Z5JjErHAALwzwNV2P161zG/42kTrIPrfvdoZ7YqOpcWxDUQHG2AsA2+bTX2INoY/kriJaKdj8fgTlPsDOUrWcw== processed in 254ms
[2026-08-24 07:17:18] [ERROR] [cache_layer] Transaction payload payload_hash=EImfZBusO3NZ8sFi2bdDxurua4lbjK3+j/4U42SH6XnWtKgl6e9i/PatvW6SxiqRYz1nPnLuW9iLmLrBThDgkA== processed in 320ms
[2026-08-24 09:36:06] [ERROR] [api_router] Transaction payload payload_hash=gheBl0mnzT/y++/bf41S5Rg389p2rM8Yy+DPUDtuTElmXv3eXaIu/gAcRamHEhNOAGFQJISYR0L+eQSDcOzsOg== processed in 154ms
[2026-08-24 04:44:16] [INFO] [db_pool] Transaction payload payload_hash=rEMDfTVGYDSQyAPYMmzGpyYLFDUEGG7xrnTDXyMzV6ERRCSIGtXcG8G7tNvdhktIpDPP4Bl8csUv1PrOlTpq5A== processed in 356ms
[2026-08-24 06:51:04] [WARN] [api_router] Transaction payload payload_hash=EhNBuICG9V1HOl+Caw45120laB5mXkfIo4FKb8X/FwJ5faLRKLVrBpKTcA4zKK8NyS3NRS1q8FIOX1zUeSlLWQ== processed in 309ms
[2026-08-24 07:37:15] [WARN] [payment_gateway] Transaction payload payload_hash=VtXDKTisDgjepB1rVfLLHp1GeTjvfLkmEL2zxiiNPcten6yDAY6qvHwgouYmUHM9aPd7P20BarkqJrC1n86WEQ== processed in 16ms
[2026-08-24 08:04:26] [ERROR] [cache_layer] Transaction payload payload_hash=wOUqDOj/uPI8l8ilJslumVJkD25O429SiPLVX7R8VM9X8tnkNufQMk/ibwYZ5Li3NPezCk3vtg3UJRXX/v6E1Q== processed in 457ms
[2026-08-24 03:47:30] [DEBUG] [db_pool] Transaction payload payload_hash=ok/i404Nx9sIFDIVzRCZwXAM2SzOOx06ofrBXas10lfIFGfxI/l8nh+NaceQAIIKqyw+FWID6kcSgnIJGiR81w== processed in 449ms
[2026-08-24 04:50:36] [ERROR] [auth_service] Transaction payload payload_hash=k+SMrWBUZik3pchxuhlbiny7zHUiu9TXtJdaYt8w1ACMGhWXfD2lmh84oS3U3XJVdD6A0zej6vFCThbmM++FpQ== processed in 354ms
[2026-08-24 09:54:23] [ERROR] [payment_gateway] Transaction payload payload_hash=8EemzsfdFqf0QQ+YIUI3f2HzWatiaas+b+yWeVqOuwuXy+Hfc3hz200VXmYn9pkUOOKlqkY193Thp3otrReokw== processed in 174ms
[2026-08-24 05:03:40] [ERROR] [payment_gateway] Transaction payload payload_hash=99iCY4WZ7e39z8GynMCnR80gBQakCI+2ULXHOiGaOEJvBwPyhLAbRoeuocn1nW1ga6ev9s73/qzrg6ji3er0Dg== processed in 197ms
[2026-08-24 10:47:56] [ERROR] [auth_service] Transaction payload payload_hash=kFBrTjbVX6dBqQPRCbXqyrSA5kmK2Ay8QWyZcdkPbSw0yfCVWaFc6LYwpqZZDF3Wnh8i2NJwHY9cC4Czzifzfw== processed in 335ms
[2026-08-24 09:29:09] [ERROR] [db_pool] Transaction payload payload_hash=YFWg/WcLGQwc9EEL1CGS+ThEJ1Q5VnM/Ol9XKkNk/hcp5JFjoXq+RYzxtWW7v67vV+WW/k3bVpo8UYedJ7UhlA== processed in 148ms
[2026-08-24 04:21:52] [WARN] [cache_layer] Transaction payload payload_hash=D9I2jg07s/8WZ8M6Rh2xfFMa+6EowI80MMXx+yMGHkFhmgvOjxrFesYXbU3d2Dq9IQ1dPszkRkvOJF2zOi2LkA== processed in 247ms
[2026-08-24 08:38:01] [WARN] [cache_layer] Transaction payload payload_hash=sdA/MO3IdXbm2PWovebIoLbZsp2ot+EXo6W7LghxIKucRJJy9b3kDXEN9Oh4d9Ks+gX1r5BZwPZkYny7cYf8SA== processed in 100ms
[2026-08-24 08:31:59] [WARN] [payment_gateway] Transaction payload payload_hash=bSoCCMfUvffxdUnj4hT2bdP6Bx4Me49OhM/evkFm2ZWxgiqvmq7QGtEHZRszT9SSgWGemLpjrlNldYBkAhVh8w== processed in 345ms
[2026-08-24 05:10:52] [DEBUG] [auth_service] Transaction payload payload_hash=PROLnQRFGjRk73UPll2mJ9F3a5XgaU+cYGeQhevV4wVLtFviVXNPByVf24RS9HcS2PbdMx96POKudFjHbqYACw== processed in 286ms
[2026-08-24 08:38:54] [DEBUG] [api_router] Transaction payload payload_hash=UQUkJpSteQSLmRLOaQj2TEKbl3arcRhAkCdwvmNnuHcxP7vR+qOu0JJlnOsHIOoUFOFFagRV1tftaMeWhwBHHQ== processed in 99ms
[2026-08-24 07:43:26] [WARN] [api_router] Transaction payload payload_hash=PFLC9SedqZMHpat9hJi1Bhm86FgyUg5kh21iG6tJMBUB9KeyDXRckiqSs/1sDFiJlvYxuWs1oPZwQLJw8xgmyA== processed in 386ms
[2026-08-24 03:57:32] [INFO] [db_pool] Transaction payload payload_hash=xd9QMf7Gd9PxPLK60mKRjD2r6bnvjEy7eQ4nuRrp74bV/UMzw7gRCAaMWidApXbpzsE65ep5K8z4uyD2xGEvrA== processed in 298ms
[2026-08-24 03:36:08] [DEBUG] [auth_service] Transaction payload payload_hash=FeYZQ7eq1ZBXaMmAWAU+vhJB8LeSFevnIBrkvBLlyporw3Wq0dXM+sBrz4R4vKqQKyou8bz+y3XjESxnEjYnFw== processed in 46ms
[2026-08-24 02:53:51] [INFO] [cache_layer] Transaction payload payload_hash=qnTWpOdIaQKKZDNR65PROdcgqXx0KmkDxCdq+9ckev+tRPkKcgFycok05w4ixIpN5+n2yIYiLVhGHBX24CeFBw== processed in 200ms
[2026-08-24 10:37:23] [DEBUG] [api_router] Transaction payload payload_hash=HeHDDlKZwKzglD+D20n+EfZaICpljKjedaEJUJIow26a8+lfcN7/PotXSPOwlNerIRwQTyJ7HsvSW5Ky9KPoQw== processed in 335ms
[2026-08-24 04:33:39] [ERROR] [auth_service] Transaction payload payload_hash=QACkR0VJEsRSg0qfCxu/YtzpjsN1qtCAPHBDtl+Vqzp1B2VqRBtuOcA4uEl1QBtmrrJsa0tlbVQkLHoba32m9Q== processed in 317ms
[2026-08-24 10:39:58] [INFO] [cache_layer] Transaction payload payload_hash=rPWiYZd9AUsGzpbMjY87V021yw7SCULHewdyOVfgpO0MLkKKkwJru8I3GdQ7+XlU/3SXmexM//rnbOHLCnb5lA== processed in 204ms
[2026-08-24 09:30:25] [DEBUG] [auth_service] Transaction payload payload_hash=e7RBoYpsd06/UZeK3Yuhyqr6HAJImaKdl/INfiVWCgBRZaGx1hYm/Xp5XGxAUmvLL9qpChCjOHrTdZ108ykCgg== processed in 380ms
[2026-08-24 09:04:50] [WARN] [auth_service] Transaction payload payload_hash=9P/+LQs9FiXayLkCO6MNRIOSHfoXtrWKFQMIhN4rhVavJXKNt1IFy4Jsd65YNhnZZk4penSL/VWzJx7O7Tdiyg== processed in 109ms
[2026-08-24 10:55:17] [WARN] [api_router] Transaction payload payload_hash=GAu10WVLlAQUvHFFA1p3be6HtDnkcq6nGHDCGbNLpJBkCUrSYPa0Mu8u1H1G3uCtwAetkH6b0n0NwfRL8r7NFg== processed in 428ms
[2026-08-24 04:36:36] [DEBUG] [db_pool] Transaction payload payload_hash=ff3DpeBL2S7Ph7BEppKwbVMgGJd3uSX9YMUDc8XZUXeTte5pVDW7H0IugdDZ+gaoamr+U08fXxCzejcWPcaE1A== processed in 23ms
[2026-08-24 06:26:08] [WARN] [cache_layer] Transaction payload payload_hash=Sh0wlUar12jzL0qlrAdSYeTnSG7QpLAhw02lC9MBjasM5N4VcaeJdtXcXQ2+YGWcuQMPYKFqXGbrG+KSVPb4Yw== processed in 417ms
[2026-08-24 03:31:05] [WARN] [cache_layer] Transaction payload payload_hash=A1iCoro25m6Hrr2+BkMJWEk8DjdTTXRtO8Xp3RJVprOOf1qnftsicjMjWVHS1ck1GJSNW4eUpZsJTgpM8XjDFw== processed in 426ms
[2026-08-24 06:59:05] [ERROR] [payment_gateway] Transaction payload payload_hash=12cYD2T3MPky4oWCC7kOulaEu1O2GjqfYI1mHNjiKQroDF3/33MWP8lHswi66TQD5Hxfx992lZo1xMVKSVGBBg== processed in 117ms
[2026-08-24 04:57:13] [WARN] [payment_gateway] Transaction payload payload_hash=u6adAesrzzUAnEr58qKB1AjOps8L4ashYV0X/COMp88Cqgl/XllRTwQiGZNh/M1K3ZS2TtokRlBREmeO3Acttw== processed in 150ms
[2026-08-24 04:47:48] [DEBUG] [auth_service] Transaction payload payload_hash=jHvSzpAyxUwVfV8LqO8uCqzGjwA0HNf66RGv4YljAZTbe1SW3xliW4fAaST6+o1VqojTlcKNThGDWY/8ChBLbg== processed in 347ms
[2026-08-24 03:07:14] [INFO] [payment_gateway] Transaction payload payload_hash=KYuPEkkv72Gn+/xN0Qz7vJtP2pAmDl53PdfAUjhvhV/ZgiVIWkPwMXt6gIz4U/Mnyouhs02+54GuzHAu9B7PMw== processed in 206ms
[2026-08-24 06:32:33] [DEBUG] [cache_layer] Transaction payload payload_hash=HCzVvThnRl+5Rv6wMqidLNNLpdmEUSmvauYMvQwY0sNSRmJcjEtV/yV1Vi7fxgLlP7g/YreA/AMAJFYpN7xZ2Q== processed in 332ms
[2026-08-24 08:56:51] [DEBUG] [db_pool] Transaction payload payload_hash=CgL6SeTOOCep5iyAlr2/SgPdzKRSzFqRa5i+vreuR52vXFyyIlbLATrpi/no5Y7q22piOXLDz5WSptF9/Ao1vA== processed in 471ms
[2026-08-24 10:34:34] [ERROR] [cache_layer] Transaction payload payload_hash=zloqhxLC0Y+84nPA40T2FTBz2+JEIegTeNJnfdBhe05u9CYeZec0CEj3FtOUbGxyjuRIgbmrtq/zVaaS8j8OFw== processed in 108ms
[2026-08-24 08:15:11] [INFO] [cache_layer] Transaction payload payload_hash=AFvI4UDYI0lQqIyYtLdFAde0ZyZrNvcWOzr5qiIFxjRTRgjqGqOpueTZgXENUfrUgayGabULQOOi3oXkPvWFEg== processed in 390ms
[2026-08-24 02:25:02] [ERROR] [api_router] Transaction payload payload_hash=3u0cHKA/zMrGp2LdoXDQQcN6Ho/IWdPDVsoxArvDXgSAfD6tcKdxqKHVAPJ4oaRwdPw+/m8+jq2taJFaU8AJ2g== processed in 331ms
[2026-08-24 07:35:55] [INFO] [payment_gateway] Transaction payload payload_hash=0pKCkQO5cPpiOR4StmhSUFoyOu5ON4oc4iPI7Ncqem/EBFlqAftuzKR34xW+/gvnySKHgYnNlPqfPQPv+lrlOg== processed in 313ms
[2026-08-24 08:54:33] [WARN] [payment_gateway] Transaction payload payload_hash=bsG1s3ClLSyi44G8P63f4Who3QWePBgXKCHgguycsOd62p2C0hJDSg3WVpYIZ/T7JwKWuL6h+KP8T4DSh5mkkg== processed in 391ms
[2026-08-24 03:23:32] [DEBUG] [db_pool] Transaction payload payload_hash=rh64+xdcn65BkUid0+iK0d0YXWWlc7wIxaI1fVWdlT+ZsXXuBcWCvb70CWOqtjU5/qXULTVD95KChS5BW2OM4w== processed in 487ms
[2026-08-24 06:08:31] [ERROR] [cache_layer] Transaction payload payload_hash=yNt/ODeDNC5Qh64Z+2OJIRSR+v7tNPlNW29JASeb0Cd4ziCKjZqHuPafAghD42PjhUZj/P7LHpaZbQtRoScDkA== processed in 277ms
[2026-08-24 08:24:49] [INFO] [cache_layer] Transaction payload payload_hash=K7oIUvm1+qUchK/4ePlHRYpchoQnobnJKqUF0ZVKN3DxmWJtGx3xIiezG5FfBhDi+m4VLsy0RqOyCEN/sYnPjQ== processed in 129ms
[2026-08-24 09:49:35] [INFO] [cache_layer] Transaction payload payload_hash=2yCRHMxVs4qGLMx1jBTJUuqrGvpjpdzIoRrj+IxbOMAna7PMnEsAscdGbRjX6Y/z0+hocg8dVHy7KG9zcsfunQ== processed in 357ms
[2026-08-24 05:33:27] [INFO] [db_pool] Transaction payload payload_hash=YJm+vTI9cswiDuatqcDd+1AxdvqHzEjxXPVeWUHOWpV17CJeqYAW2beInEeaUlEaewFEiHfh+JAmtoBWnYOCLg== processed in 310ms
[2026-08-24 06:09:24] [WARN] [auth_service] Transaction payload payload_hash=Ic6vw8yLwiwrEWBKid6kZ6RtTy1IqPwaRAO0AR3ghDx32tDs3jDOI8Ncgjmp/WjSxJxIOK/JXVzW9epwouIwKw== processed in 243ms
[2026-08-24 10:40:27] [DEBUG] [auth_service] Transaction payload payload_hash=GW37u+7pR/Xgi57JE60imWJvfXBa5Qa72EByN5jIsKi3Q3cRYJMLRRuZfBXXMRSs+2UptYDeSBiE+slbCW1FHg== processed in 159ms
[2026-08-24 02:24:23] [ERROR] [api_router] Transaction payload payload_hash=7OsOmdob4K8PNbraqy5gdYlEE6I1NeNqye9ZXl7Nou/R4O1gypBxhZ8iGQqloOy01PHgwhsjUs/BMUlgmZE7JQ== processed in 461ms
[2026-08-24 05:05:40] [ERROR] [db_pool] Transaction payload payload_hash=HgSnJSm2kS0z9XUmT55jgePyolvB9zToC6+ximBWFcGlI1ZOS5VS0cihNL5PAAVMAoCCFaMXPmPi5V0TX8SgCQ== processed in 402ms
[2026-08-24 11:02:57] [DEBUG] [payment_gateway] Transaction payload payload_hash=exRDNCLHMPoneOsb4fhuAWNfXEXMZPvicic51+iREJYj6Q60qyh5q3Yl0ypMv5AbjCr5g05zgw+MxQF1YgW63g== processed in 398ms
[2026-08-24 08:56:44] [ERROR] [auth_service] Transaction payload payload_hash=d5W9LGmbk/D5dmXaZ1TemFd9E1vIrMFEt5DjIR18hiL7nbH02AvzVtaUOKQ+B0/qFS+/P331e5wr+afrbUn0+A== processed in 223ms
[2026-08-24 04:31:01] [WARN] [api_router] Transaction payload payload_hash=WwCM9zk4Z9aN2V2fDNHCS9j8ax8wBzipbBDnqfmGP/BQOWvNyZ0vuW4tUVU4cgq14DjD3IC+d0NFP+lubSjloQ== processed in 305ms
[2026-08-24 02:23:47] [ERROR] [payment_gateway] Transaction payload payload_hash=0RDToAchBQrXF5Ak4ZVaviiN5GaZeJqz0P84P878WH9sKrXIS8xfZiHTjZYCOflOkq9fsc3ZX82sTsdbGiqzJg== processed in 473ms
[2026-08-24 09:34:30] [WARN] [payment_gateway] Transaction payload payload_hash=Puf5gzsEuddeINqc0303EM9TfHpRMnc/H4TDzfzFc9YvB7i5q/ioZCAU5FD8+DPnvId/lYPj40ZX5VqCaf8vsg== processed in 257ms
[2026-08-24 03:53:28] [INFO] [api_router] Transaction payload payload_hash=88fTmL4YDhdPZi0LNjJPSQEp/oY31OoLSa0uewfkNq8QDz1DLEd/go0yKzVPB3gTcDNt4QedM2Nsy4cYKnxPFw== processed in 392ms
[2026-08-24 03:35:09] [WARN] [auth_service] Transaction payload payload_hash=a/BvVCTsreZ90CEkt9XrcfjLir4VgsOnj+am+qYMgjoyBTTi4g+2exLYphrtV2Tw5wAkD9/i8wUkKA4zOhSa+A== processed in 109ms
[2026-08-24 03:56:36] [ERROR] [api_router] Transaction payload payload_hash=91KGMO6nn+yk6gp5eg2EPXIxapdHWMeHB9937TZ/vAgqOpqfSElOkWw9LvSsu1f/Xhoui8O+HG762gVt2TdQvQ== processed in 93ms
[2026-08-24 03:31:45] [DEBUG] [auth_service] Transaction payload payload_hash=i9hRNLuubVc1oN1VGNh61NXz4Y9QgQjm+ToNOCtJGFwE7A8K8vyhf+uouG0Nj7oEJ96k6CGc7PHVjjGLe37Xkg== processed in 282ms
[2026-08-24 08:54:12] [INFO] [db_pool] Transaction payload payload_hash=OwCg+RYX2CdrmJk8Cpk/ewwyAy3MQ53LvjVEVZXfUC6HJ/Yfo+oqi+6k7mI4FkU0j6br6dWlqy/EDzyAqpoMeg== processed in 75ms
[2026-08-24 04:54:26] [WARN] [auth_service] Transaction payload payload_hash=lF98UKo1q3JJBf4+sb5hpVnlF1/A5IOtE7ofCJHIyc2TlaTcA4o7V24eFwcPe3S0pSIg4q6t9Q+QuNmrYJgoNA== processed in 332ms
[2026-08-24 05:27:01] [INFO] [payment_gateway] Transaction payload payload_hash=RgkFxrqz8p8S5FGeMIYzCQ4I4gNku8Y9au5hz/r5paXNXLhWFCCW2PbqJUEIbuVTZUzKyFcVpf0CilyykUtzpw== processed in 26ms
[2026-08-24 05:55:48] [WARN] [api_router] Transaction payload payload_hash=hTYrBSC+jQRjXvaONEVWTXpJn+eMjWRbL16gRq2W9EqV3tnDtiL0IIJo5Dcfifb+gYSjE+odNNsNH3m5wwgAXA== processed in 455ms
[2026-08-24 07:14:13] [DEBUG] [api_router] Transaction payload payload_hash=fLldXNynLhC244ruT7SFYMdif6nA1zidFu3/WTrXrDtCsfyiR4VXel/XGgXbAktEy/CZA4DvG6Dhu0g/aPthwQ== processed in 135ms
[2026-08-24 03:11:27] [DEBUG] [payment_gateway] Transaction payload payload_hash=3p+a5nm05Wl/nOywWqFslyw8C7MaLZTPFule3vkvfeYYaZlb7Jdp50IRDxRuat6wGM7X99+wNf3OstsQNW/pfg== processed in 422ms
[2026-08-24 02:42:04] [DEBUG] [cache_layer] Transaction payload payload_hash=03xmm2pLbGyUIUorS1v9ebITJT2WMS5KOCddySLIOnA879k3s8l+FSKlWw1SXXY2sIlzLaUXv29eS2bx8XKNOQ== processed in 452ms
[2026-08-24 06:23:20] [INFO] [api_router] Transaction payload payload_hash=GLVBTrfwdshqhRcdYfB+naZhrcEkfW2D6ACaXHowZaFgq67Si9cqODe7oT0r5bUXwN3FiECCpLZ7PpO3bnxJng== processed in 400ms
[2026-08-24 07:41:13] [ERROR] [db_pool] Transaction payload payload_hash=LH+/rLa7DAPXT1pDxmwRsLvaPWLS4rlO90iCAXH6fBqarQJzB3iFwnrrJzYwtX0ryDnstpE5uz6y4CghTfGyFQ== processed in 21ms
[2026-08-24 10:14:52] [ERROR] [api_router] Transaction payload payload_hash=xmUrWWr1Q2BCyG1IUByfnbTypkZgfop4q4NBORgUSoZk9y/0+4SlJ5xCHZUsn0jkOpegB1yInzkRqIrvWAPrJw== processed in 197ms
[2026-08-24 09:34:09] [INFO] [api_router] Transaction payload payload_hash=z+tM7wSa9BoWIVv3/PqynhnNpqTstcIHLQJUa4fyLvvasf+F3+uddm4p0sSPPnGUM012XbI9s8mWX2SFxIm5pQ== processed in 128ms
[2026-08-24 04:58:35] [WARN] [api_router] Transaction payload payload_hash=1za4nZakfvx/Y/3jNTZm7xQfK8/GnKTEWO//gd443sZApWnTTDSszabYQA07/Mw7P0pX0sdQagksw8n+PoQTNA== processed in 219ms
[2026-08-24 02:33:06] [DEBUG] [cache_layer] Transaction payload payload_hash=yPwhyU8+Fk/d4uIwZnb8xY9aVQzapuzFI/HN3piI9yZrLWE5VVJzWWRGpiPW23L+P8dtGJWwPT+4h9A3fQg94Q== processed in 71ms
[2026-08-24 07:13:17] [ERROR] [db_pool] Transaction payload payload_hash=1OhP7PU8/yfcKpRSJfTh/pphf+El3NCrz5s/J+8pbBvlmSdYz655mxbHvgZFU0JERfYpdhIlbF9T4ebdoVhL6w== processed in 41ms
[2026-08-24 06:44:01] [DEBUG] [api_router] Transaction payload payload_hash=hJ0Word6SxOVEuIAzCgf/R//ETLQyoQhunZgO+vcn2m6cPrfScZqtn77td3xrUGaAr1l0LwrmDElWa5LCNRUAw== processed in 208ms
[2026-08-24 05:52:34] [DEBUG] [payment_gateway] Transaction payload payload_hash=MXUexCm339LLGDaVDk7UToNqWQDsQhFoAeFG9MmF47a+q+bW8EZVo8+4sJkfg1vDqxIwDCZQEGZDDqOV7CkM8A== processed in 54ms
[2026-08-24 02:54:52] [WARN] [cache_layer] Transaction payload payload_hash=W0wV7jMN88J8jlkMYnr3RYQ9IW8a23Vm1N523lwvfSJmdGAvaI8Lg6JYG5r8EPrTeREZrm2+mMljJXXuJlzwlw== processed in 96ms
[2026-08-24 10:26:09] [WARN] [cache_layer] Transaction payload payload_hash=Z39Y4oR+wiqiP37Nw9KS6Frpmeu45ULG3MgtkvN7Ryi9/zHBPhVUFxJSZMzAVTJ4vW8mrJdLf8U1kuWcych9TA== processed in 62ms
[2026-08-24 06:05:03] [INFO] [auth_service] Transaction payload payload_hash=lo7CBaiyu4w4x3SU8puq/upm9rC5X2h1mGLIzR05dERYTPszzHiCL2pjRm8rGdJRPJLVtZzJtioap9E512FE/g== processed in 394ms
[2026-08-24 10:30:43] [WARN] [api_router] Transaction payload payload_hash=C8m27Ab9HEPzDHC2ns52epO0snC8n3GWHoG2/lT2BYS0PLWryTFPidJpdZGThX9+hYX28xEXICEYL5c0hJm+8g== processed in 203ms
[2026-08-24 08:09:38] [ERROR] [db_pool] Transaction payload payload_hash=xvGDMMpHqNC4k3LnX9qkMcxslXA9uvGnbb78MRT0k4LUWalf1cUQpLcaBqtyllQ/vu0WyjAUsAoEDibr4XQRSQ== processed in 476ms
[2026-08-24 08:32:48] [WARN] [cache_layer] Transaction payload payload_hash=OogEiL8wEzU5SpXC2GYOcNRqGzYtAWl22gdo8kRLTAwiH1QEeXkYKmzo+UbK4TDE/WTzPE45Mmah24IWIRJLMw== processed in 16ms
[2026-08-24 09:32:28] [INFO] [cache_layer] Transaction payload payload_hash=a1te7I51oM9TbM1T0zJQlAAQTA+78OnWiN49fZE6Z9GeH1o/JZJqAWOvk1t8V2CX2EMLeB5lvYSES5Et3etdpQ== processed in 488ms
[2026-08-24 04:15:15] [DEBUG] [api_router] Transaction payload payload_hash=r2anhBLAQZqV7gP8/9VvlNPGcWPdRcpmpsLSqWdLA3YsnbhiueD2mldybHJIWU22Y2s3Q3iRCSnn+pyo9LETfw== processed in 485ms
[2026-08-24 09:16:01] [ERROR] [payment_gateway] Transaction payload payload_hash=FLVP9eemJ8VPoM8ZSfD9JrC9s0DWkm4DIvrkQLb2u8xv9gk04otzGSVsEoTsJ6V/v663XaSi0VRcXFj0+Zagpw== processed in 498ms
[2026-08-24 07:09:22] [ERROR] [payment_gateway] Transaction payload payload_hash=ZYLkn0LFN+Flou/0a+hafCx9dElLfaDGVaKpLzVjCMOdjV2UB0acln3TC5gh8/XcpJM/eGTETkTTO+wLPJd/tQ== processed in 294ms
[2026-08-24 05:28:40] [ERROR] [payment_gateway] Transaction payload payload_hash=kgF/Optqj3VqcObMF5mo1m9kVkX5dNwqK0aBVxFPc2cI+b7xvDKDKTJNXSp+0cMgmddpJoQWoLup4+hA1eF7Fw== processed in 18ms
[2026-08-24 10:56:27] [INFO] [db_pool] Transaction payload payload_hash=uwwK0d4Hpd5dhRueveP0GicRgBUyf7/YttX9I7tKrHNHQYMga44S+BjAA3d/QMk7jA74nfz+m97MLf5hVtM/Gg== processed in 297ms
[2026-08-24 08:34:23] [DEBUG] [payment_gateway] Transaction payload payload_hash=8ia20g2jf7FclCvTUGGBiL/3NY/HL6XYAm5VilmeI+SX/Qum2Y6VkBKDID6Iw8NtUhM+KdxYXtw4j5EVJrVjOg== processed in 111ms
[2026-08-24 09:28:13] [DEBUG] [auth_service] Transaction payload payload_hash=XWUZF2VuVw3pslmuAzLPan5ANVqfy9r27QGiGuhTB1S+jCLUreSYNKCwpqt7cs1D5v1GLssNYnl22STTZdq8uQ== processed in 498ms
[2026-08-24 08:35:31] [WARN] [payment_gateway] Transaction payload payload_hash=AOoTntG7UpuxqpDtrNDlhd+hmSQ8xUhTwCpfc0pvqPPJNsBNRf1svPJnGgJnPpz7w8u7IvfZKD7ccpbQQc0vdQ== processed in 441ms
[2026-08-24 11:19:21] [INFO] [api_router] Transaction payload payload_hash=tY6IhUXTy2aQi9SxR8FO9v376bIGQupb/NwaJ79jg8WltuM82FlzhK1h39bnaXY448lcnH3SgKbldbBfl7O7wA== processed in 0ms
[2026-08-24 07:47:03] [ERROR] [auth_service] Transaction payload payload_hash=5NkQxnX3x5NZNLjbgU2XI8PPVhCPKdKJFQO+jLoqp8RpLjkNZoQ/94g6TkVctIXIVjv0n9BoXeuBBDroB4BlCA== processed in 458ms
[2026-08-24 02:46:37] [ERROR] [auth_service] Transaction payload payload_hash=NLwMADOEx8L9ODZHUlJAbzl1e8vgzG8CJTyb/dmKoyM6E5eZNDh0wrJxmhslrfuutaX7Y4keSPZSn6M1Z5NykA== processed in 402ms
[2026-08-24 07:38:31] [DEBUG] [cache_layer] Transaction payload payload_hash=xAz4P50x0FgcFeariqBMZ3mTvVbneJK8ALVhGX3G+F/Jjx3eERijJo8svAzlm7ZFBJuEzKLFxjhYCTkvlzfPHA== processed in 124ms
[2026-08-24 04:06:07] [WARN] [auth_service] Transaction payload payload_hash=KHenz6jBpF2QnwjVEPqW1sr23cFUtUAu+qMEM9AayK0aCi6MU9TGhMURQ53taaBOjD7GtAoaRTYbII4mp/xivg== processed in 86ms
[2026-08-24 06:17:17] [WARN] [auth_service] Transaction payload payload_hash=zAntaoCNY6EJ4vuy/p95EiBItWLEP6Pi72rp7lylM1vtEr7fHG027BM3U3eN5VXutilJdWbCk8t9MaTq5Ijsew== processed in 484ms
[2026-08-24 07:03:37] [ERROR] [cache_layer] Transaction payload payload_hash=SYhO2qyrzbG6lcNVxwxxQ63IqBOA9iVOv1UocV/a2QtSum+65OyLv6E7KVNYrmMMiTqigjPhaX0NdJHe+nYtkw== processed in 393ms
[2026-08-24 06:46:25] [WARN] [api_router] Transaction payload payload_hash=zTrv8fLt5Y3weZm9z1mdQb+Y/bZ0SSPXp78CvOSb3YyNo1bSoYdg4jaOKMClmktVIL74SBYGV+yUZbZTwOexGg== processed in 163ms
[2026-08-24 05:36:04] [DEBUG] [payment_gateway] Transaction payload payload_hash=bPs816q0OPEJb/jh71AupOK2DSXpeIPLXt6t7YEqeTztu9QTNu9DbKPAy2jW7pnGoKmTj4RCW0d2vfryPCI6WA== processed in 30ms
[2026-08-24 04:18:41] [ERROR] [db_pool] Transaction payload payload_hash=Y9NcaFlrY5DQ5aHtbAcvf/t708JmyJfCzLdxYVbPP8z+F/8BdY5C16ACvnnJa1bFD60qJyb+95tcrkDuG90sNg== processed in 83ms
[2026-08-24 03:53:26] [INFO] [auth_service] Transaction payload payload_hash=c0PXDOlOgoyMdDKIgla8dVtf97941HMhwkLsssCo51Dxxa0gvKTDbje7Z7qaDsIQzkqkEfdsl1CXdQUdTWN5Gw== processed in 113ms
[2026-08-24 08:22:39] [WARN] [auth_service] Transaction payload payload_hash=ys7qa4m0BsuYtaiZnw5IYdK4ihj9+qXRlPg6460B9mt4VjX6CVEu3JpYYSUL1jx3bACQjBhcZvGJmDm9drD1Iw== processed in 434ms
[2026-08-24 03:32:45] [ERROR] [payment_gateway] Transaction payload payload_hash=efH6n8BvpneJqoUUnuIAKJyMBeyGjQ082+wC+Tm6izafbvhEkqwnFIJ5n3n3Y0WSLIMjOMDK+m5gWzH1t9GsuA== processed in 116ms
[2026-08-24 10:14:14] [DEBUG] [payment_gateway] Transaction payload payload_hash=9Th1llwU8fTUsst85wT67t4ZmS4ZjK8x/sLfOKvZ9XAGoy7vQWZiT7zcD5bjZJvnOPPiyAndvVgECaHdXouXmg== processed in 482ms
[2026-08-24 04:15:48] [DEBUG] [api_router] Transaction payload payload_hash=IX77QuHa1cRJvDtdkTvmfwk7tkvZnEiIXhujmHxaJeHMwaXdMta2vB27xFueu3a6aGN7d/PbfwHCLa5KKbTbeg== processed in 55ms
[2026-08-24 08:01:56] [ERROR] [db_pool] Transaction payload payload_hash=y4ZXyrqpzyjL1hGnBjRTtLChKFAV8W8oUoYbJxETmM/UToUWXBxvgxjhwHsQrG2slBUe3GEZzOqpbWF5TmOQDw== processed in 413ms
[2026-08-24 11:09:19] [ERROR] [payment_gateway] Transaction payload payload_hash=RMmNdfCkwbIvrDcMPpO6x4M9uaRqSFBSAf3HF2yRbRpkkIclTIQ/zYIZQ8BJCg2Gw6ziFOdJYM3DjhNWjMwneg== processed in 171ms
[2026-08-24 09:37:50] [DEBUG] [cache_layer] Transaction payload payload_hash=ui3YYAAiYI8TSJLnV8nGvjH4W6ZcxcPTV8WxD+z60VIqtcCUx5nNbXWA19oCHsDV4Uw286COkVg3A+dJHe4vtw== processed in 57ms
[2026-08-24 05:32:50] [DEBUG] [db_pool] Transaction payload payload_hash=MGCXfQjnjRiSjetvFE+msIU9Hzl8lIhQoCfkpvX5g2v2D/cqx4PYOFgUtEXI4Yn0BaUG6/D5weseqQRozuq7aw== processed in 301ms
[2026-08-24 04:24:49] [WARN] [db_pool] Transaction payload payload_hash=ZltwWrRMJRc8EQT1kiwfh655X5Ac2bQQiDLzHt4uoR9mR8YSZOucVY+53DQYuqwhmnLpc3wJpNoMSIk9oxu2AA== processed in 58ms
[2026-08-24 09:16:26] [ERROR] [api_router] Transaction payload payload_hash=ydnV3pqZ4jtWekIhuvGkqBN+2lZCnK65uZKWQreytFNdHjfgte09mz7kL/2ZfllKnKER8Ht+yAcIITt/NmKnBA== processed in 376ms
[2026-08-24 06:45:34] [INFO] [db_pool] Transaction payload payload_hash=CyAxTtWfCcfTzQgokXJFHbCSH169OEoeXkRuNp86yDzAWoFsA+VQRJhsmH9JMpDyte2ofIy58stPtUWIGVz3zw== processed in 381ms
[2026-08-24 11:19:17] [ERROR] [payment_gateway] Transaction payload payload_hash=qr9l7GnuC6Jniax5i3gmixI+vexrqOYt6STd0cNhz+ufYh0kBa0zBGmElAwi5eET+U88Ww+dxitYJ9XxV9275w== processed in 481ms
[2026-08-24 04:04:42] [ERROR] [cache_layer] Transaction payload payload_hash=Xs60uCMOox7Drjy9pdESaZ0gGq5jrGrhPNr1ZUAffy/ag/gqMyED/a7nNZgoFXSM/BObCS/Rc1sLw8aG3caO5A== processed in 116ms
[2026-08-24 03:36:31] [WARN] [auth_service] Transaction payload payload_hash=3xk4KwrJMAuONanhVYaADya4XrJzIAAJyrcr/ySQwnALkiB8liNlXJ5RhocmwQiLI31Rbd9REJk9uMmpV/yZYw== processed in 150ms
[2026-08-24 02:55:47] [INFO] [payment_gateway] Transaction payload payload_hash=vETcn5Vz+bMBau4HUzBjP1gHFg36atMktmGtqBqnhAjYR5rWsopfb0pefDDK0IpiKrcVwPpVvUgViHFrW+XjKA== processed in 0ms
[2026-08-24 03:16:12] [DEBUG] [db_pool] Transaction payload payload_hash=2A8h2xaDwWMx81s4I9xbPnrVncpaSjFax/AOdJ7pn0Ua7fixwgfnSGT5+B3QsiltgtrryV+TXz8KW39w6ncQAQ== processed in 34ms
[2026-08-24 03:34:19] [DEBUG] [cache_layer] Transaction payload payload_hash=H1CtZa6bl3H9WOJVRCEPlb6L8lYFSbtb417DJK1vV8csiHKjqVNCbMyfCk5EY4dXdmvOOt0NNLqoej63rEh0iA== processed in 200ms
[2026-08-24 10:56:50] [INFO] [payment_gateway] Transaction payload payload_hash=mh8KXQz7yzZ5T2c5FOmuG8AI2F+QJOF3NUf9JkSMS/ZSCM+6uTHzwTlgZ1A53uIjeoln/4qG8j4Lk9yAkzaewg== processed in 126ms
[2026-08-24 11:22:58] [ERROR] [payment_gateway] Transaction payload payload_hash=kaV8vqPHpwjLwYSdZA8rO0Hu6TeeXDjIqO+VojF0O1XhNTs6Nrz/IuK8TEfgC0I9jJ3fgBxHQKijjew65nVt7g== processed in 128ms
[2026-08-24 03:22:28] [ERROR] [payment_gateway] Transaction payload payload_hash=LW9m9N/uJILPfuldt3Zn4LQX75gPWRs5B0pC8IDPgP78wq9yGCGamIS0ixwKoqp7nT9HCAl65ZAyalXFEtJjAw== processed in 410ms
[2026-08-24 06:17:22] [INFO] [payment_gateway] Transaction payload payload_hash=l7TEBPy3MtDLzJ9nXBdNAOw/TCdEzq8CDdGyA3bnzYBbgGm8Sa8k4efdCHychZbKjK07ZMK5OSIO8M//HGogOA== processed in 8ms
[2026-08-24 03:23:23] [INFO] [api_router] Transaction payload payload_hash=hKL7UXAsyaBh91a2BA0TneelmAIz2YQdlaefuvGdEgaq8D01uVepqbAORhH7qm4s8/rCtauspvQjS9LUT7cIAA== processed in 91ms
[2026-08-24 04:02:17] [ERROR] [api_router] Transaction payload payload_hash=3sEToRMs+StWhh6FPCsL0mdv7xNGHP8mpKjGBaGxhZRhfESBVd+HjxHruoXe3Oid4c5tyVkGObg0TqiF4J6xlg== processed in 373ms
[2026-08-24 05:55:56] [WARN] [db_pool] Transaction payload payload_hash=m4xjS+GX5g1vTOoLMJeJAAx7IIUwD2S14K5uT+heKOpuv4eN2hadJnKNDBHg2QguPyJC+QMq8L6kVidu6FPVSg== processed in 34ms
[2026-08-24 05:34:36] [WARN] [payment_gateway] Transaction payload payload_hash=mkaECh5qwpBMvfctXiTf65h4uaTR8HF3sSbBnEJzGtGp4Ap8kP2Zwg6tgXV1bXZS5it0gAw464JmVG3iODiMSg== processed in 154ms
[2026-08-24 05:55:18] [WARN] [api_router] Transaction payload payload_hash=G3o4ouRFtWSruThKa/ZG3MN+YgfzxI/PSFz2kT0WDixJEeL0C4WRZgn0JT0u0+5ll2lhXEoFDVwY9w2TeyocXA== processed in 493ms
[2026-08-24 03:01:32] [WARN] [auth_service] Transaction payload payload_hash=Jk3Oox4P3s+0GNLar82g6Zg8YpR9RKbGn1f+4H+FKt+KzB70SZ+7l7G8SjsjCj7QhfhT8hRLTB1Ph4aOaddCvg== processed in 128ms
[2026-08-24 07:28:29] [ERROR] [payment_gateway] Transaction payload payload_hash=jZH5je0UpPYBdGT1NmEthiHvZ5QKbBkC6eKanBiFo+W0pt0xXU10931yLG94jfks8LqELo/URdPznpXF8VgR1A== processed in 51ms
[2026-08-24 08:46:54] [WARN] [auth_service] Transaction payload payload_hash=FPzQT9VxdcQQbiOb/LqEAuF5pzcpynqBLFCqZE+xOgCoi7zWMAu2WJpjpBAFjiqSbcFxmq17vn/ENImEsz2t1A== processed in 255ms
[2026-08-24 02:44:59] [ERROR] [db_pool] Transaction payload payload_hash=8o6ZQfFVgNWmX0fM9QyarooAvyaJSYwef4DeCqc2i3otB3ZyLjDu+xawhDr/lDQyP6S/zCTRyJpyVZHecuwhxw== processed in 193ms
[2026-08-24 06:53:35] [DEBUG] [db_pool] Transaction payload payload_hash=slgkgsnbWI3Ahs4bUIrkEqjYuOO5nk26gPS0DpmyHBnTX4H5KvFulkt+LpSea2eHxjWQr97vKGuxjAz17RhaeA== processed in 194ms
[2026-08-24 05:03:20] [WARN] [cache_layer] Transaction payload payload_hash=54x3nM0G9L6VSlMRGGHs1WhobFzAg3rTzlfYLB4gUP4GcKFakgKVEUB2NISV5OU33xbtUupFn/G5CbN24YhnHQ== processed in 284ms
[2026-08-24 09:58:16] [ERROR] [auth_service] Transaction payload payload_hash=1UEaD4Ux9CgYv2xVs27MLvOBTwhjxYTwbj4beM2Lw3FjWD7tU+M/rgoBhVicuzMKJUXzTcrWfMOYfL72GpgADw== processed in 203ms
[2026-08-24 02:32:20] [DEBUG] [api_router] Transaction payload payload_hash=ArmpqL76Y2yvoCZkAvJ1NfccZEflrgR5PG97axURukURVCKDBTlxgdRvO8h5e8BOjkhD9Ynn4QXlvYm8FHSxcQ== processed in 8ms
[2026-08-24 05:21:24] [WARN] [api_router] Transaction payload payload_hash=FHUzLXaVdFjk9YlPwCfl+1Pl7p/P+r479sY/+MNtAcNbFnlhTLDAmvr6QQxUoIXNOvzch1N56wGbpi2Yq0DTbQ== processed in 40ms
[2026-08-24 11:08:14] [WARN] [auth_service] Transaction payload payload_hash=w+43+NeGfEJD19IAc0cm5t3lT3KD4P0RbysVL8lhjMaUIvZO+yjnbz3wzHq166aLz2+ukKQZpJ08h7Fz8M30qw== processed in 172ms
[2026-08-24 02:28:38] [WARN] [auth_service] Transaction payload payload_hash=2CIWSX3nInf55HSA5CBRstbgAk4femLmXYMZ4cfD8iR8oClnhgydH0zofA+mxR7qLtTe5zcRuMRiZlvZxnnBhA== processed in 410ms
[2026-08-24 02:48:22] [DEBUG] [api_router] Transaction payload payload_hash=dQlJ+dv9JaIB30ENwl8+Nv13Wcn2ZvvsSI85+uzt9fj8HFZgv242TPMWAqDcqghHcMZ18ZFnRQfX8fNNndOBvw== processed in 199ms
[2026-08-24 06:14:00] [DEBUG] [payment_gateway] Transaction payload payload_hash=xOYRVH2nWmEA1nJXocc998BFk/mB+cymOVUbr2D+KbvhfqZgU4b3IY4xbESInrWwCyjeopG2m14W8PSID8yKqw== processed in 219ms
[2026-08-24 09:34:04] [INFO] [cache_layer] Transaction payload payload_hash=fHfSfHXvmk/hoyV+hQFHdgIdJl7RAqXkWc0DJBdIdZ/soI4UHcAt4YzlwO9ba5p98pEv5DoOja8EG79SnhYA1w== processed in 315ms
[2026-08-24 02:57:25] [INFO] [db_pool] Transaction payload payload_hash=H81kJFEc5m076x0/9jifF7qTbJG4uqBXZzyyoTrpwedX6GnSyVdb4vxJG/CKv7AyACuqEp0jKsJ2D/CaYJBYKQ== processed in 73ms
[2026-08-24 05:03:06] [ERROR] [payment_gateway] Transaction payload payload_hash=UmdX0O6tpMagCcRXXJiC/P0zvHg1ovMBRLHlq6W2fNYjUgea2xkXsMrvAJunx5nR0SmVoaDqUC2+sh1BeIbr+w== processed in 103ms
[2026-08-24 10:33:06] [DEBUG] [payment_gateway] Transaction payload payload_hash=1k7xkbiT0mXseqr/tHk91pMYcO28CDDwnCoUox0gh7Au9claYm+WpBNCd9y6jCPU5GkvpubK1LF3T8dHHStX2Q== processed in 65ms
[2026-08-24 03:08:40] [DEBUG] [db_pool] Transaction payload payload_hash=nzvX3dPs7yt2HSs9gpqV6E9Y6A1DcC8om97xqvTrm/Fjdc3/DMcOhPeol84h9+GFhTkc4oeulR1uxgGOcHfdSQ== processed in 226ms
[2026-08-24 02:49:27] [DEBUG] [db_pool] Transaction payload payload_hash=73umhctg/d+DU5fZq+qACg12MeYfNz3Lh87JxkSNQ+9b7vGPUxaNcaTdUO68RZL0rmx0S3ofTrOvKkONjYcwbQ== processed in 317ms
[2026-08-24 07:02:28] [INFO] [db_pool] Transaction payload payload_hash=RTwnFwaOmzbsANDZ6dIL2JqxiKhsGiLWX/lutrQ+vmum86SAwZoUla68MWm7+2+1g60AP/m8B4TTMhOQpqqnqw== processed in 83ms
[2026-08-24 11:13:04] [ERROR] [api_router] Transaction payload payload_hash=UDOeDVbiuJaKmep2qll/PEATl192sZ8gK9LqrTI7OV13qPStLG830yM7vN3D2jte/zEB64rR78g4xKtrr0iobA== processed in 175ms
[2026-08-24 04:11:47] [ERROR] [db_pool] Transaction payload payload_hash=zZAalN0HnpdBhXmm1rbyGZPMMQ/7LHAjZUSlQk76C0JyR9E90iPnmdAWX6v6pTxddpxN/cwtd+qAdX5r+9jlew== processed in 443ms
[2026-08-24 07:12:52] [ERROR] [auth_service] Transaction payload payload_hash=pn8T+UieGkKA7h2GzYQo4+LRHvCkw0uZhwOG40cvcLlzAM9C1reht6UGN26KXmhQObbFLA79yD2lFYEFuMA8kw== processed in 425ms
[2026-08-24 07:53:31] [DEBUG] [auth_service] Transaction payload payload_hash=PUupBZQ2zTz/UYKL2ZSX9sLKX0WweJI+oULNBhBlcLPfTl3inud62FKHmDNA+DFIPRTV60Fr9rB75tTHEPZ3ow== processed in 452ms
[2026-08-24 06:55:21] [WARN] [payment_gateway] Transaction payload payload_hash=86f2oS9/bK51U8R4XFx/v5cOhNPQl9lEusZIUZW5XU6K4jw/ipwjW3E+2jAXTZqf263oitGJLCs3YzolTkThpQ== processed in 313ms
[2026-08-24 06:01:05] [DEBUG] [auth_service] Transaction payload payload_hash=VjD2x9xa4Gg4i/V15Qto+3D7NmQYI4L1KGKTkmfokikGyZ/aITDc8H0iEoQBjNp60A24eMvGV63ISFyg8FPKDg== processed in 113ms
[2026-08-24 03:57:49] [ERROR] [payment_gateway] Transaction payload payload_hash=/YpjC84p3a5/jMX1JDxW+KtqpIW/bLmSNNEO3U5XjPlbbVskDxf7eXNm0tS+xvbP3ubb+je/XZZ6eQ33vHMfkA== processed in 468ms
[2026-08-24 09:39:48] [INFO] [cache_layer] Transaction payload payload_hash=6ayp8Gm/3ojg3sSGDWxaFy8CqAiFu8O+HjvjOq8fAxwMFmfGliwjEZKPgFf/bnR7hHht9TmUgDnJMvc/DmJALQ== processed in 78ms
[2026-08-24 04:27:30] [WARN] [payment_gateway] Transaction payload payload_hash=ujC+IF01dCxtY2qWRjRIuD8msd0kbNdNSLf9POCw9NP8fb5e923UTFOSi5yr+KmHLRgBEtwh4C1VPSWmuRA77g== processed in 255ms
[2026-08-24 08:25:12] [DEBUG] [api_router] Transaction payload payload_hash=X1q4q3O/vEPQOMAubrdFLCZ/eQTxbCJfx6pSYDpq3EwLm02eEC2pVilffzW6zWOtXOnh2D5hkpGwG7SWoiaZ3Q== processed in 470ms
[2026-08-24 08:52:36] [WARN] [db_pool] Transaction payload payload_hash=xuX379nvoRYhblZPvKrmfQQR3xesPDJBLd1XT5Ovbm97xmqzId9u/r3YaEdZLzBcclwucypYp030EtlgvNbZnA== processed in 135ms
[2026-08-24 02:42:46] [ERROR] [api_router] Transaction payload payload_hash=MqHPTLwYkp1SiCdvnTAtnDcuLt+p/4kINt9p5kWKPoA7wL8eGSVyzD/n9flpuCu75AQU8tp/ZwoCVLYYteMS4w== processed in 130ms
[2026-08-24 03:28:45] [INFO] [auth_service] Transaction payload payload_hash=yCWTmE0Ag0XDGjdCw4AmLt4A+ydn9WCJvz5F+LZnv9NSnt6SOGu3qpeH5Kz0w8/+1md6ta082luURZdXRI1gKw== processed in 162ms
[2026-08-24 09:35:05] [DEBUG] [db_pool] Transaction payload payload_hash=GKJkHV4B9jl02URcQ97qQAzdfmB/iuYp6XMk15EmxNg3QOMG5OfVm4+Qu5LPKg3eOniAPeaf3KTE944OKi3rHQ== processed in 157ms
[2026-08-24 06:29:44] [ERROR] [auth_service] Transaction payload payload_hash=x5CKWLAC0xmrqfM/o7G6OPBTFGjldM/lhkX65ABUcQXV5I9oVIB7nfL9Eflv2CMVXDUklVP0aIe+ayNl+9+mPw== processed in 92ms
[2026-08-24 02:39:53] [WARN] [api_router] Transaction payload payload_hash=WNBHfHsU9lOInlkzqAjbwyS/Tpf0OJUgUX3DaCeke1K60kX/EDF9y8FxOtC1MXOCciIgATRra7yMIhd4RaQwIg== processed in 298ms
[2026-08-24 05:43:56] [WARN] [api_router] Transaction payload payload_hash=Ki3DriHvIlyoYr1muoa/oa67FdarYPIOPDy3dZOwllUHdl6qwk9bjOSQyptTt/30WW25nefgS22ogZHQZpk6Bw== processed in 253ms
[2026-08-24 10:29:12] [DEBUG] [cache_layer] Transaction payload payload_hash=+jtpd3HKn2vdNWG8i7YzH+uyjJAgKzmIqChPZaux5/0ZvkeAyqL3rsVR6fvSf0uAsRO//NtO+zVjLlA+Tm8A7A== processed in 18ms
[2026-08-24 05:36:28] [DEBUG] [cache_layer] Transaction payload payload_hash=C+fnaGUNuX1BeuYS7NDUgX8OdoCHWzrFMF1Hn9zFGo+YPukri2/2IXArRJq08cO2I2Au74lmgGTaq860YgS5Vw== processed in 131ms
[2026-08-24 09:01:47] [DEBUG] [api_router] Transaction payload payload_hash=qdMbQfdIJR288sWFoMmKAWlVW+Oa72jZsARvIYup/E5L8LjLqOzybMRwlC8ww37fBrRbMS4zpaxC8wDftWXVTA== processed in 172ms
[2026-08-24 10:28:23] [WARN] [db_pool] Transaction payload payload_hash=QSpidRqyb8rrGJqz4aum6VuhmWFnlKBZxiM0D+ne0Ae216bSfL70O/Nl1hTMKNl9WHVX6PPX+zjTvYwrCTNHOw== processed in 274ms
[2026-08-24 09:24:31] [INFO] [cache_layer] Transaction payload payload_hash=D59IVs9HiYG7iukXHycw4i2hXc3uOMrnFFNDeRe2mJP9auuRs7FXLdBAtx/hSOWk7MpX0vo2zf7AVkNIt2qoNA== processed in 461ms
[2026-08-24 04:49:44] [ERROR] [db_pool] Transaction payload payload_hash=mBeNNMlLM5S7QGt3WOw1yRJMITTe8P/GZE/bk1GY+3f1RJYvx+YdBjQqbc3KHzDTxQdzOJAvT4ldjrDnkjVGcw== processed in 386ms
[2026-08-24 06:38:15] [DEBUG] [api_router] Transaction payload payload_hash=GX6fvXmtNeoXXqlO/ZC8lZzbVAOe083h0LAEsCFr1e0wnUjiKl5mwIlX6VxtLu6fumGGQq1KQdPNJZwuhv9PqQ== processed in 465ms
[2026-08-24 06:42:16] [ERROR] [db_pool] Transaction payload payload_hash=CctYAqwR/F+gSP7jcsm7wCpPnb4/53uVA5CHECz8nKdX/3+OI70QxdWGkUhNAKLpH0lFxYZifdD8pMt5psXXIA== processed in 157ms
[2026-08-24 04:39:18] [DEBUG] [payment_gateway] Transaction payload payload_hash=QumYsZCaHndThzbhdHeDjfUpeNKFFtLzRgmqhzTkq/QsIIF7w6uyJZsz0s0rpPTRMCPmfnf0BChl5KKlbcz42Q== processed in 266ms
[2026-08-24 07:50:53] [INFO] [cache_layer] Transaction payload payload_hash=BgREm/9u2FwmMyXDWp4syfX+0lxTU/uia16ocpi/iSSBIeJ3gnRObr4irvI5ydim+2B9BOh/iLnaxsV5vI2RMQ== processed in 413ms
[2026-08-24 04:33:14] [WARN] [cache_layer] Transaction payload payload_hash=VpvoGaj5Pi6OTPbaQoZvbUs5qi70MtQ1QmbNNF9Vzqn/EPXM++BspHMSAZgfotoEzaKzKuM3AEncNVmTPE8Cpg== processed in 240ms
[2026-08-24 03:18:44] [DEBUG] [api_router] Transaction payload payload_hash=4BcPJpDhgmCzfjao4GRNGKZY+s2hw2xj0gH4Fc7pc8SS3Pad9nFidKthZhXPyHc1HU71OFb/iWeT864u6SrfZg== processed in 80ms
[2026-08-24 08:04:37] [ERROR] [api_router] Transaction payload payload_hash=YnzHt964f8GeEs7xZVAqUbo3g3FAX39JQmwXcwGPTCCdIg0qtsHwPY395NDS0mJXM3LorQD42WM5/LDGRauJBQ== processed in 187ms
[2026-08-24 11:23:26] [ERROR] [db_pool] Transaction payload payload_hash=3IOQU1ZyLzMXlDFMLkysBjXY83Ukh7d0K55qFJrm+78VHuU5W8XoqzfFOnO6UFA7sEW6fBfrO9RRBdqTN9ipfA== processed in 482ms
[2026-08-24 08:55:07] [WARN] [payment_gateway] Transaction payload payload_hash=1xEqfi4Ip7Dj42iM/vzzB5vb2i8xyZDH5YptCqlEkZaMAwM6ezvtY/b0/DMl8viSzCe1i7/2fcrmE3zdc/KMeA== processed in 32ms
[2026-08-24 10:41:54] [INFO] [cache_layer] Transaction payload payload_hash=bzSGbg4nikp2pQqX/GFDsVSSoEhnJycb3kJ1wrU+W3IBLcJlz/8TTt1n//66xTtVQEL87QPXLO/tVdnqgajj5Q== processed in 128ms
[2026-08-24 03:15:10] [INFO] [payment_gateway] Transaction payload payload_hash=7xrPwmg+muk2EIVt/sirfy7s8w1y6zbuZbgk58hPJGJX8xV5hsFhQOJS7VdnSKhhEac6tO1EDsHyjUn/AcTRSg== processed in 40ms
[2026-08-24 10:44:13] [INFO] [api_router] Transaction payload payload_hash=vrH0wgUudTc4l7ikl6aOu8rxMmAx1yL6l+O71n0mv2eBRKVTxDvxjWIAj1/Of+lwjJSqJJDxiQZGDTFTYYIW6g== processed in 259ms
[2026-08-24 02:30:07] [WARN] [api_router] Transaction payload payload_hash=1vGm2TdhFubQHTVFB9jhfEMJy1zftOVjkk+D6jprrnc2PytHVmLps7mCXzn7tuTMhd9D9Qpc8OPHnywXnnVeiw== processed in 5ms
[2026-08-24 07:35:34] [DEBUG] [cache_layer] Transaction payload payload_hash=6US8Ox6ns/gqBDpLTyFLJ76Z3s6mHIuEplcalbmuOwwp6oPCKttMCYZ5arQiETQ4RYgDAzdvRocXSrsE8eT3JQ== processed in 38ms
[2026-08-24 07:18:21] [WARN] [cache_layer] Transaction payload payload_hash=JdzVtH74BvIzRJzk9zfSfcw2u/7URnC6natXGt2Z4Ym+9zyWduZMU0m8VZYrwxrSMrYZQszw5IRHgUgDDvOQ7w== processed in 265ms
[2026-08-24 10:13:16] [WARN] [db_pool] Transaction payload payload_hash=QIAvvPF2eU2NjI5eZrSyHV2CXRYXabntF4GpLb12ckBRxwl8QxZcKV3I1hbL9kfZNLejxvVLFVHOKPyamrDilQ== processed in 50ms
[2026-08-24 07:52:10] [WARN] [cache_layer] Transaction payload payload_hash=0mlQJAhXyg2kt8Brmpl8uzgQzjQAx6ePS2TIfGmpHGeMby/z1geRzgWZ9QOG/hp0MLniVShukOHPUqO07xVRcw== processed in 284ms
[2026-08-24 09:21:33] [ERROR] [api_router] Transaction payload payload_hash=G3aNZd3Ma6mifdlQUbSy865c+U0eZhx2Q8+f33uq8cuj6/BfDdRVfxIrSbKQUIAoKHBBRrXxJDg8Q8tGJCFB5A== processed in 379ms
[2026-08-24 10:41:38] [ERROR] [auth_service] Transaction payload payload_hash=xbdytFrXJi3Z7+yvfwhR96bYd/96YvbwVsgtM0IXEquIg0GvSdUd9lXX1tnoGmrey+0bUX9AWrWdsf7LmHP9KQ== processed in 12ms
[2026-08-24 08:46:08] [ERROR] [api_router] Transaction payload payload_hash=nDOwR+ycUAOcLhsk4WTS7C2yWscM+kZ/YAgU+qIjV/9EpofnDQycQE4/KxQNcHfPPOhYXU1uOZWw4Nro5LRyMw== processed in 454ms
[2026-08-24 03:47:07] [ERROR] [payment_gateway] Transaction payload payload_hash=22xO3BDiTXqLhCLcNULfD4eZKp3k3ySHzk3luaYixLyBHOcNhHtqTSUKKWH9S2jJiWyRC33enN9+Z8yVxq0wuQ== processed in 332ms
[2026-08-24 07:52:08] [ERROR] [cache_layer] Transaction payload payload_hash=bC8csDOuDTC71HWqnT6cvbrtXnxdF6k7YyxMQ0sXhkaYMo/n2+VpT84+Uvhi9q02BU3TCGuO5DOrRhda/SkSuQ== processed in 121ms
[2026-08-24 10:23:13] [WARN] [cache_layer] Transaction payload payload_hash=iAgK0KBAL1IuBm/d02L6OG548SdTBUCuZ4MwL14+X1oOLvjwpxJLgVgRtcBobkaDurduv5w4yIifgpUXT99s9Q== processed in 154ms
[2026-08-24 10:56:57] [WARN] [api_router] Transaction payload payload_hash=tB2i53nUB3BwiI2suvLPIQLbFyzrztITBXGk4NAsJWsb9dPQnZ4DaxeE6eV0LUgg52kQm0QXvLP8mK7ZjmQ6lQ== processed in 446ms
[2026-08-24 08:16:56] [ERROR] [payment_gateway] Transaction payload payload_hash=TKJhbMvF6nOi6pFi90YHE6veaYHPOfVEQ07e7eN0Xrn/ZvYlCYV1Yf3ZUCw08jnYGUFdva1YOYgA3TZwvNj9YA== processed in 117ms
[2026-08-24 10:46:13] [INFO] [auth_service] Transaction payload payload_hash=GZxeDMQO3KDu4nk/lU9py+BNOBmcvSJpsI50lDkOUg+ryz8A8xVNbG4cJv4f8jp0Lnn/xEfVVaDv4TY4/GwJfw== processed in 24ms
[2026-08-24 05:20:10] [WARN] [api_router] Transaction payload payload_hash=vbbcwPG18PQ/NKjXlenYcnpw9SF9ZDq2vWJGglw0dgeKruwK7K5QSjYwgrm03bLGEQt8z71V6y39KZUIlduM8g== processed in 208ms
[2026-08-24 06:43:54] [DEBUG] [db_pool] Transaction payload payload_hash=dPUFhG3h/Ht/Z7BEk9H8KnQLwJyfe3iypf+3a0MydBTJObe1D9hQsUwTEuXaxllaKwTVd7bzh+FuiBgWf3qvwQ== processed in 121ms
[2026-08-24 02:28:50] [DEBUG] [api_router] Transaction payload payload_hash=QObdCFjL0UAfTQI9gb4KErgJ+4gXq+QwWHnYKnIpbqegAZ5/uML/D5xi9MEMCu6kHK0OhKH1qoZ2F8aCgXTaaw== processed in 213ms
[2026-08-24 10:40:37] [ERROR] [auth_service] Transaction payload payload_hash=5CizIvzNImi4V5OKW/yPgFCD6pRcNw1pU2VCeVd6Nh4ct7Gn9Z6L6KYHL0PUYnTmakzpfUivkUWbz/Gxruaxyw== processed in 64ms
[2026-08-24 06:52:46] [ERROR] [payment_gateway] Transaction payload payload_hash=6tFDJCYVaOKEq22lqd9xljmRWJqLyMm5qVlUaaVCIUC7xfHFSy96X4n9kz1AayyxfjBKjdD2L78DdH5k4hIbKw== processed in 445ms
[2026-08-24 10:10:13] [INFO] [payment_gateway] Transaction payload payload_hash=7xLC1AYzIOT8LaZFPy3tfxcJBe6W9EXFmEOtAP0hL3yDJOf0osFrL8k2T4n/hMzNPUxIYo+MTaQ/aAN/ut477Q== processed in 204ms
[2026-08-24 10:26:16] [INFO] [api_router] Transaction payload payload_hash=SFBX8v1ddUQ7v9UDMGoQQ6ydWuml8o3eIgJFvWEMSALYwGCo/fxUsJst3Mkt6rvAr+OjKzpYDntwRl3nAgiOqQ== processed in 435ms
[2026-08-24 09:14:33] [DEBUG] [auth_service] Transaction payload payload_hash=/v4ipNpiScNuqKZ582zouDetP7w3W9aTU8E27262BHEuedQT3KZ2FQyRDn/Bw05vE6s6eje98ub5CR2tKfhm6g== processed in 158ms
[2026-08-24 09:30:39] [DEBUG] [auth_service] Transaction payload payload_hash=VTMxzbMNp/PriEiU4wgt274xdnyQKziLV+Zobydj5Rtyj/HthqgAwOCUkK4yMx6I1f63sna5mSCXr0znplgq/w== processed in 61ms
[2026-08-24 02:47:00] [DEBUG] [cache_layer] Transaction payload payload_hash=2bs/KeQbh1hg8KEQGNoxROGO6BpmrPW/9562PBtBaLFP+AbvPHyeWJKpFlfMhR7RZikbtB7/T1jAfb5njzQ4tQ== processed in 499ms
[2026-08-24 06:03:42] [WARN] [auth_service] Transaction payload payload_hash=v5yf2j45ob0D+1CNejRxhvdqJdfaWlmMaXgtfKexJkeFaAS0famVCYJcAKVIwM8T3WtSM3acfk+8nkOOgSIPRQ== processed in 150ms
[2026-08-24 06:05:46] [DEBUG] [auth_service] Transaction payload payload_hash=nV3MMEM08yFwpg1I7wchXpiJePGraVplGyznOoRKWZBbcFimjJ2gvuP0j4HTWNYhD+1Im+C8bjmBrGTSB6COtQ== processed in 455ms
[2026-08-24 04:59:34] [WARN] [auth_service] Transaction payload payload_hash=/mNUSghzk2GEShtDW3TGRoOFIsuELw+qrdoMyAZn8lY+JT9RdnWk1yObSgpBHYMfAh9N4v0K3AP6MmlR0rG+MQ== processed in 469ms
[2026-08-24 06:32:21] [WARN] [cache_layer] Transaction payload payload_hash=2PDBsWL6CaPm+oTGj8B07F44H951H9boEjfiW3EWFhKR8RAnE9vMUbmk/WjftVBpsh8eOlRKepPEjbzcLR69zQ== processed in 281ms
[2026-08-24 04:09:50] [DEBUG] [payment_gateway] Transaction payload payload_hash=2EicqxczgFfut3LW+YkTk5KAYKRLAFBs8nufv142phlX20O++WzyLy+8U1yeTzm+tG8rjzzkwy/rxIFMCCiJeQ== processed in 376ms
[2026-08-24 04:33:22] [ERROR] [payment_gateway] Transaction payload payload_hash=MRusIRww+wA9yeuGObYpKPEz9jdTxLnjdeIOVgUhF3QUELxnvwHfxppegk///HPaa2hX9TqLvu8LKTzS1g1l5w== processed in 178ms
[2026-08-24 08:01:09] [ERROR] [auth_service] Transaction payload payload_hash=hGCVAIw6wjlkLIUd6gnY/1xkKGd5jAXf9o4WcCLHqTvv+Aryny7QTLpLIVvDfRpSbM856l7vxMHrP8o3k9WweA== processed in 424ms
[2026-08-24 03:05:14] [WARN] [api_router] Transaction payload payload_hash=pYqzZic3WGjAFfZpoLVWJzKpPyeDPxJ46pxxCiPcdq+HASsNaWHTM4BA1JTRvE2ii5QUp1rrX5b8SYJCDcd6gA== processed in 263ms
[2026-08-24 06:35:32] [ERROR] [auth_service] Transaction payload payload_hash=XzV7eRKawSXD62UPnq53uHdyV6PApYZjfd2sJ1lpC95u5fh2nEc+cDuAh28lSgeVEP7B5eRJI0u5JyL+kg/hpQ== processed in 138ms
[2026-08-24 02:22:45] [DEBUG] [api_router] Transaction payload payload_hash=u6RmokWckojvWV2XkHmnfqesPYL/9bjA0Pjv0FCquKZr15fp2xyL63ndZiHnpug+0CrZhl3rHdF89bhKskU83A== processed in 304ms
[2026-08-24 10:22:18] [INFO] [payment_gateway] Transaction payload payload_hash=aYWKD3hLqL3rhuYQJ6HE6+aapQiFskDe2U/4LADA/p7D7RuXG8NwZOnlGjP0evZVDxQZzpG57fIfWI5ys6fgDw== processed in 59ms
[2026-08-24 04:47:20] [WARN] [auth_service] Transaction payload payload_hash=Rx/fbeKB3Vxat/AUCoulHMyCO+anAXqbf/ls2GWKU39c17O9OOBEFm32w7JglaaqaS62wiZVy/fAvrB+zGfi7A== processed in 465ms
[2026-08-24 09:12:39] [DEBUG] [auth_service] Transaction payload payload_hash=xcc6+K4LQdM4ytnQNbw52OAV3Y4CQ+H47gIIze16gtwewHkSnPal2YTSpfSHD/ZcEB/gDmntWMPRjfzUM0Kwuw== processed in 428ms
[2026-08-24 07:03:55] [INFO] [api_router] Transaction payload payload_hash=0q1SukTCErds8gd5ouRKamLZGyeb+ivfcgy5LwCkTu8eS+KCkIkKrnkHdBGzuKoB1gR3XDSCqfIH4SRIqu6QYA== processed in 264ms
[2026-08-24 03:20:37] [INFO] [api_router] Transaction payload payload_hash=RqJhq15KAdlekq1UsOW86HTZPFKRWKeMCj2y4Hxw56AP41bJS852rNrQuXS5TfI+n2FUip1i29BUIkwyHPFf+w== processed in 456ms
[2026-08-24 06:51:41] [INFO] [api_router] Transaction payload payload_hash=Ypy+rITG80rJZpM5X/xk3dyj8ZiSxnMJswEXLDqkZgMLaX1xPMtT36pTJPslkdylAwbsLxD6zalGDICPDX8Gow== processed in 407ms
[2026-08-24 09:04:45] [DEBUG] [api_router] Transaction payload payload_hash=DZg8ZIYkeG2BG/mlAajeJ+fDlq03of5ZE1HrKcDX/XPGGRHJqInusagLLxogu9IH9SNTR/P+gVu/q6wntsvRLA== processed in 466ms
[2026-08-24 05:08:03] [WARN] [auth_service] Transaction payload payload_hash=BvRl2VfmERcXyCxcQEfi4QUXIAYNoWIWdiaiq+88P/kEFeM8X7MUtJIuvAvXTo2hW7VmAka8PuUw3WgMULqhrg== processed in 269ms
[2026-08-24 10:42:08] [INFO] [db_pool] Transaction payload payload_hash=AcqcOOHAD6vHMK/cZBqBuSwwLPa6RgbzCFfJja58RpAQvwFrThgsatOMBxaaoiVIs6dShQztKiO7fTWN7E+hoA== processed in 39ms
[2026-08-24 06:30:50] [WARN] [db_pool] Transaction payload payload_hash=iJOxOml1sbjOaL2FvJolL7uM2QyeIvEiS++/XswcH0K/GqBu6Eo8qlUbr5aLaDx7j9DT8pbS4vRkT1k7gPB6UA== processed in 249ms
[2026-08-24 04:29:47] [DEBUG] [db_pool] Transaction payload payload_hash=E3Nqwl7V+aSgkIRXt1DGY6mmhQYghWXbLuW4gosecJvZzjTZ7OdxTy7MA6+sbOEpkh8tS8L3CYf3h3/TMQvwaA== processed in 304ms
[2026-08-24 10:23:47] [ERROR] [auth_service] Transaction payload payload_hash=fMxzysBA6xgvr2+f5QHBtPPTFDYMzTEAD9n1mKXDHvjeOwi0tzhgOl587U+jXktwUlT8awxNQER8F42D7TqkBQ== processed in 368ms
[2026-08-24 08:18:30] [INFO] [payment_gateway] Transaction payload payload_hash=10cfoVsrRrIyzzHWFgEhUYFyMyjwjYkdaoZ9ucD6zaiCR4XCcUMU8/CrU/96/r9Ozq1E/+ncbFXZgeNqZi/knw== processed in 393ms
[2026-08-24 03:18:11] [WARN] [api_router] Transaction payload payload_hash=zKQ9XnB+ysBsHqECwMhLs4tvKtdvuiMj1hYWp9IpNqSjjm3B11m4LZFgVWW19aFnvTjwaitEd/uE5SNOpiPHyA== processed in 56ms
[2026-08-24 07:01:24] [DEBUG] [db_pool] Transaction payload payload_hash=NKyfUUCo1zC60bfg3OGBIMQDM5zInI1qIIDImqQ0DZ5I2v0MupyNLZwwnDdUtb+j5o/CUoCkA/5Hyt8p1V6LOA== processed in 218ms
[2026-08-24 04:49:57] [WARN] [auth_service] Transaction payload payload_hash=vaG5ultVNkKFetz69MHrVkjRnEN99JpW60AbUBsU/B6jnygPX8r5kcaaCmvR2IGLj+tbrbUzfrEuDyUUYnl3Hw== processed in 469ms
[2026-08-24 06:35:37] [ERROR] [auth_service] Transaction payload payload_hash=84i6kFk6ja3aUBnwvBEm8XLuJZ77WtiGJiFUFNstjQmJXShLLzmDribokdBsKA7OUbZxDnL4sVH/oHKAJr9Vog== processed in 132ms
[2026-08-24 02:28:14] [WARN] [cache_layer] Transaction payload payload_hash=DCC05IjUa60qoIO4zGDNSKEkJ1efhmFNTojadIsFgrWgNZN6mCN6DaDwLBY6BApBFrOsK13jhyXen+AW2VvZTQ== processed in 398ms
[2026-08-24 07:22:51] [DEBUG] [payment_gateway] Transaction payload payload_hash=s12IY3UetWHwYiED+iDlLPB/P0GeD4V7nkQTdQ4A2gnkiRp13pOD7QDb6fuUkW1fe1WtInoY7FvqtEfPuRf78g== processed in 55ms
[2026-08-24 11:18:34] [WARN] [auth_service] Transaction payload payload_hash=LN9oHjUk5FicNJQlbeGaKIbh9+JTyORrXg+OodHTg5G49E826vx5XCvw+aOHvClL27h0sqpFuAlg0vVatRmu6Q== processed in 149ms
[2026-08-24 11:15:45] [ERROR] [api_router] Transaction payload payload_hash=VJkj4nj/JMNs9yVJMe817mpNNg+lr09YhbmYLWTqwJF81L6/C9ciLswosVqBgXPQ8oBfoW4ZnVw5QiCziBOztQ== processed in 334ms
[2026-08-24 05:28:39] [ERROR] [db_pool] Transaction payload payload_hash=ozwCK51BpmbTixo4H0sMcjELi4Uv8sU/kpvqcYXa9fGK6Jtz6hhHi6nxAAZkrBieBSitaA2hX3NHz3oMboGcaA== processed in 90ms
[2026-08-24 10:27:30] [INFO] [api_router] Transaction payload payload_hash=06O1CdIijKgkaKcoE690DC7pHRUfzZkhENt+4IJiXzyIp1cygj5OIAJ01G7rEvaNTFrYbvjUcHagWSChoSQ70A== processed in 113ms
[2026-08-24 10:26:08] [ERROR] [api_router] Transaction payload payload_hash=BZn8vxtYXU2tinDEriTJ2Zqq+uiLeC/8r1sm6e0GYlpjjELYWTRm0sp3Kk3L2jdNeoKb1BdsjcFt1svFXtE3EA== processed in 177ms
[2026-08-24 04:12:32] [ERROR] [cache_layer] Transaction payload payload_hash=TyE1uy3kQwgFPbuFLZDIVmIrG9Nsrao4MX1FH7Ery/b+7x/YMB67x8zCDdCWCqxPjlMaD2wyEm/emEshtD6eAA== processed in 452ms
[2026-08-24 09:03:38] [WARN] [cache_layer] Transaction payload payload_hash=HpUFyKjrASvjXrVN+5MpooYthkKO43B/VC40iQZcc2SOud9D0ibJDrLGNF3eN+uCOMlqJ641E9bKx/q6WxPPQA== processed in 232ms
[2026-08-24 10:15:45] [WARN] [api_router] Transaction payload payload_hash=spvW9GnVH9Zz88IrOyjeKHa9/41/lnSTedrZhOHSfzFw8RbeBeSKIHu7stDwmtMn2sYmuwNbcy3C3E+tw16jug== processed in 431ms
[2026-08-24 09:41:42] [DEBUG] [db_pool] Transaction payload payload_hash=jFn/BnPI2LjCYy4MHj7GRT89zCYNvc5Hh3XojjTwzSQmZdRQATt4iPRFxlQGo63wL7HIXiLUmwAkKOF1T3Mr/Q== processed in 490ms
[2026-08-24 05:13:54] [WARN] [cache_layer] Transaction payload payload_hash=AU1OltNL4ArzQFH29GuL77NKq50klJ9PJHcDpk4F20MyhNSR8hhUriJoi+POVG49Q8j/UQF3x0Fywx1ZG+sVYA== processed in 108ms
[2026-08-24 05:05:30] [DEBUG] [payment_gateway] Transaction payload payload_hash=6NNJRyUEn2nZkEf6LDBKUPHrSKzUpph6u2QtIOSQ1GXkzwmj+8/FcBwiSrscutcO8m/3rh1aqBjmU2Wqw91IEA== processed in 182ms
[2026-08-24 11:06:27] [WARN] [cache_layer] Transaction payload payload_hash=HazWD6+13nDFN/hwQxE8HMey0hyLyjrkO8Eq4vK8oz0ICYKVHOq5dLqWS//PjZ7Akpi625mOqIHyk3ftVr7b1g== processed in 226ms
[2026-08-24 02:50:55] [INFO] [db_pool] Transaction payload payload_hash=KKVdvDxXt0cNnrj4lqt+J7+kL5BL/svDZyRtI9O4Gy8d72q3ZjJ6Z2lv/AQIAp/gh3y3HzWXbKHyCr34Fv4ARA== processed in 445ms
[2026-08-24 06:10:34] [WARN] [db_pool] Transaction payload payload_hash=F/9kehrfFapjKwGcylkCM4oxl3la0mCaVkAIl0KBgb5p4ote0AXDcEgCeQMiPV44U3SygbDpCITnTjTXI7QDlw== processed in 434ms
[2026-08-24 08:42:28] [ERROR] [auth_service] Transaction payload payload_hash=VifGOwtAJx/E1wjpf2m56DepPpB+7whQTPqDRvRuWP0SheSc6kli5lHZzHQmz33zeZKp7mFXs3VLyTs8mdU7ig== processed in 237ms
[2026-08-24 07:56:58] [DEBUG] [auth_service] Transaction payload payload_hash=/fjL0u2Xq4FUJV93jKO1hdyE8pv+QfA+mVC+DkBeGQ4Wew4UPieN4kH9K4ZSL/MSUMkwcwCJ0H+wTQ6rK8nwPw== processed in 148ms
[2026-08-24 10:11:40] [WARN] [api_router] Transaction payload payload_hash=pK9JGoNBguwD2G+tCNUAFKZPsiVJg+2YBdPnYMU/jPdARakOeTT7XfLsjHC08dtKhA1dD/7mqDQC9syqnFh42g== processed in 91ms
[2026-08-24 08:12:15] [WARN] [cache_layer] Transaction payload payload_hash=tRGrbZcsHRWS/MzUYB0PCmJNFAhAX0+NPTTXDoaDoOIt/RirVmt2bfuHr76r5i1OhA0ZrzRnJAYNewgH3FoIAg== processed in 146ms
[2026-08-24 06:32:40] [DEBUG] [db_pool] Transaction payload payload_hash=JoTk5pRUfdzZiKmSPYOLiPeYF4eyOyRYIg5jd9QMTi+B8DIE+reIfG6xGeYt5gfzCCkn550jkev7bI4cwdL+kQ== processed in 245ms
[2026-08-24 03:53:23] [DEBUG] [auth_service] Transaction payload payload_hash=LWnDVNbGt6OXIMD05sgtuW86fqL4+vUL7/HOuACQSksBtco5LhzOMUCAsPu5/uYQT5Nzwfx2IJ0nx4fiLS5IWA== processed in 353ms
[2026-08-24 07:12:56] [WARN] [cache_layer] Transaction payload payload_hash=hNJnWBIFnESb5swBZQd7q/ZJc+g2TqI1mtmIhtfbmvmHRD79ANsYbN74EMaj6qD4m4WEymGbxfU81HZNjhLrOA== processed in 179ms
[2026-08-24 09:33:20] [DEBUG] [auth_service] Transaction payload payload_hash=tZHOd+4l0nHZ6PQYeX0+2IQdn62ep+RODF/mW7t39GGRQ4Fy/qZacOnGE36dQjPqGjU1YkcMbnCjGWumNhForg== processed in 313ms
[2026-08-24 09:14:55] [ERROR] [auth_service] Transaction payload payload_hash=Ctwvl6i03noljP+x1YiH0NPMVqQTgsSwBDW7DJ8v3YD8spxdwnUCTiYU/x8BL4BZvgad1KKGPqQAvJDXIT6A3w== processed in 398ms
[2026-08-24 09:23:33] [ERROR] [payment_gateway] Transaction payload payload_hash=ZPTkq0PFIle8Mamlqvl+oTGX01VBRJqTQBZFQtEoORsjXjqxJ1FyMEOpELl1ZIXWjZFcU1BNbvX6KUCgkVBpxA== processed in 462ms
[2026-08-24 02:57:26] [ERROR] [payment_gateway] Transaction payload payload_hash=qZEuJGvewkuxDw9JWZR109sDh/VCvMOSB633//fajXj6yrFn28X1pxlGSu32DCsL+eGe0RV4DCpCKSuca1zAMQ== processed in 146ms
[2026-08-24 05:26:33] [WARN] [api_router] Transaction payload payload_hash=FhHk3gJaEnpNgxbHtDlUOuiDc41jdbrFIp1b6Qm8TS/Vozs4Yp/1c2Wv+q6fjwYG+k1vi6svuZbyeVn0/nVu/A== processed in 274ms
[2026-08-24 07:11:43] [WARN] [api_router] Transaction payload payload_hash=8AkZcSueRIpkh+jGA0oi2egH1DwepA5lKq/zxMlvMQ6dCHTHnlUVUgPG912vQZQ/rB1hIEaDdloI+v1uIvJnBA== processed in 319ms
[2026-08-24 04:36:14] [WARN] [auth_service] Transaction payload payload_hash=saQS9IoqqNA3Ws3p4MefMdlGNP4hzIfFQYjpZiSxlSzHfBGbSt73Q1sNu/nPzb4kU2yOjNdAfGLyxU7kpEkzYw== processed in 179ms
[2026-08-24 04:11:06] [WARN] [cache_layer] Transaction payload payload_hash=08OxaNEUW7Y0SIRgU+WcoaoKmi0WssCuSR7/mmvPSwkwoCCRa555uCVrjvLB/Y1TUrKE5/9MsQ8S3xuYrgqhEg== processed in 135ms
[2026-08-24 08:46:23] [INFO] [auth_service] Transaction payload payload_hash=bSSDxsdVmbCVxF3RG5rmns6uuBhBPRrMdqWsIyj7Ho344BrcwCvCrloyuMPUYeSuCMD2rG7qN82hLLBxC2v6lw== processed in 253ms
[2026-08-24 08:08:59] [DEBUG] [db_pool] Transaction payload payload_hash=y9L8SA515u1/5MWzGUUsciEnEmtr6Ei0RfKiXJj4xrZSbgyKn3jOqB8emnv648x7kkKaU5m15jxK4rJjtrWDww== processed in 444ms
[2026-08-24 06:10:15] [WARN] [db_pool] Transaction payload payload_hash=TyACDqQbZ24Jn1vUdtbhXVGAH6zl1PpMh0VdiysVozQqnJ3WjzUOtgnhSpgAgvenBkqBC/E88hRX+WZ7pGQP/w== processed in 197ms
[2026-08-24 05:48:01] [DEBUG] [api_router] Transaction payload payload_hash=+o/5DY6we7ytUV0BU2SqBObvrsBDC2jtAdIfgX99ksL+PDeQNu1AxsL6ZMSfdHhsc/pwKHArAhSBpTUPL2sGvw== processed in 302ms
[2026-08-24 05:28:56] [WARN] [payment_gateway] Transaction payload payload_hash=gjAG4WIYj1MkuVF4Hmt/mzh/MfTjCaJfI00wRyZsbyoAAfoLGCw9cs2W+kgMTGsZZVZd/6wBA1gMHazOO0PvWg== processed in 157ms
[2026-08-24 10:38:25] [WARN] [api_router] Transaction payload payload_hash=/HonkkhoQhZAn6S63rnP4QB3dAx+4py8AgJe+XhUMoCCmR1TMZul5VgL4wY7XatHnJrcArz69CZMNBoUtnUIZw== processed in 121ms
[2026-08-24 08:14:26] [INFO] [cache_layer] Transaction payload payload_hash=BMTPGBise9YoABR8IGpGDpSJGsakdGg0hOVTD/XlleJlyNwaHte4zNZtRpEAEw0SqIRgZOGMUVRi3FSg/gwF8A== processed in 226ms
[2026-08-24 06:06:26] [DEBUG] [db_pool] Transaction payload payload_hash=4TINvBRRq+U9LNkjMtBPdcOzTmGa5yR5llvHc3IU1wfeybaS6p4H9rddad95//DtjWHcOs7wKlZazt3XCSTYpA== processed in 261ms
[2026-08-24 03:56:54] [WARN] [payment_gateway] Transaction payload payload_hash=yiO3RFVCDBGsjYtnwANIfg8h07ZBHvxFTQi3d/iR4ywaEVFwNcLa+C8CeKTxJpdOnBJqVbGQuXyhzzWz+gpFjw== processed in 496ms
[2026-08-24 06:28:40] [DEBUG] [cache_layer] Transaction payload payload_hash=3m/A7obQ9DCkcMWP1n5yiFlANRt8OqQ2SQIUD38Aj3LRDf6VLwEjK3O0Sj+lYB3Q/gHDlYNtSppfbwX4mgtBpg== processed in 26ms
[2026-08-24 09:53:58] [DEBUG] [api_router] Transaction payload payload_hash=DaA9jVQsWYAyUe35tPUMHxQx0uaq/7/ni7G3d/2aDRfq9VMVKnQqcFxEa7rXLBrXy9fzaSew6rMJIfdGDDJCbg== processed in 159ms
[2026-08-24 05:03:30] [WARN] [api_router] Transaction payload payload_hash=cqFggZjlCa5LuOjwPIaG8BTRwqxcU4vir+eBmC1mkiWQiz6MEXAMF0EJ4PSoQWnPvz+h8pgdppzzPg7jRjag/w== processed in 461ms
[2026-08-24 04:58:07] [WARN] [api_router] Transaction payload payload_hash=5f1fA7cSc4Il013EbSE3qb48fFfLAucF0tXaDEpHwVUNAoPfxv7E4LgpttICpWdJXKQ9ZwNCYTTgrvHEhiPD+A== processed in 156ms
[2026-08-24 02:24:05] [INFO] [payment_gateway] Transaction payload payload_hash=KHjnT6ipHhXi/MXn1MfSlxHCfmb4iFgqRdK4ijMW+lDJLuvuJgk7YAOd5Uwhd/qAjdcW13A0FTN12Jw6RtPfTQ== processed in 111ms
[2026-08-24 05:39:15] [INFO] [db_pool] Transaction payload payload_hash=W5y3sH2BR1KIPOHhvIcxcGdqDROmcBQt87iPOZBWFd97wLH2sC7AAPkSilx5gWLR4mp5S3KPpFTOaKI2fvYm1w== processed in 379ms
[2026-08-24 10:22:33] [DEBUG] [api_router] Transaction payload payload_hash=ShtZzLLCmW24mhDKwMBX2UPtGB5dRd0C9Zdai+ZMoyidMY3NiyjQ718gn4jfQryhamUZsklFH2bgWf3iHzkf6g== processed in 244ms
[2026-08-24 06:17:50] [WARN] [auth_service] Transaction payload payload_hash=1cPh017/SfTjqVNQOjcyMsuH7x+iL5zPUtvd5w81FkVZSVp5kxoQECqLmJRoXCCGizefLmThlHy6EchSg4wvvA== processed in 17ms
[2026-08-24 03:41:11] [WARN] [auth_service] Transaction payload payload_hash=8HB5tPpM85BCfGEzyRbzjI8zOjP1SNSYWKaXh56ln1cYRHuxJQ25hbl8JsTAmdxhbmFTLm9/CXx12xpuA3NwCw== processed in 56ms
[2026-08-24 03:08:17] [DEBUG] [payment_gateway] Transaction payload payload_hash=B/igGV254iNLyuFEcF9hA2slxFaDsMXR4JYlfrsbPygw7OmUHwf9I2zGQnp3uQLwzk8IwaV51ZOegB4lUGZ8Ew== processed in 462ms
[2026-08-24 08:55:15] [WARN] [payment_gateway] Transaction payload payload_hash=cAZnp7xTYiQ8pEMEwwj16Iq7yIOWwI0ddNqntUqGMb9LlNZmrNRQaiHM3L0df2xis4EPdieKumtG3IsOy1pbXg== processed in 157ms
[2026-08-24 07:11:38] [DEBUG] [cache_layer] Transaction payload payload_hash=gAGugqMA/G0MwqmXvl9zkJF6ssQSOnjCtx7hlHuSxLvdKqkTZVEzrHOGd8S8Jqq9zWCC77UH5GK2d6GMwGIJKg== processed in 134ms
[2026-08-24 08:04:44] [ERROR] [auth_service] Transaction payload payload_hash=98rqnuQet0xpptmxSA07TjDskeUbrPw9rFvvOkD7UJ/q2rr0aRSS4MRUOGiwPt+hjmR+wRehSmmihvoe3wqfKA== processed in 65ms
[2026-08-24 10:21:53] [ERROR] [payment_gateway] Transaction payload payload_hash=hD8PISGASGU34UeoV4uyZUa6b2bJ0g2XtgiohiacrgDKACoRKkDACNYx/KvbdRZBObDgYfHsH4PT9CFyUzqkdw== processed in 152ms
[2026-08-24 07:27:26] [INFO] [db_pool] Transaction payload payload_hash=kai6FoxPYF59X08H0fyg2ezWbB5QT1NwnCH/maOaG4nWMljACAvdbzya3cnisRWJGcEeVaxu13WtCfIMOxx4zw== processed in 418ms
[2026-08-24 08:02:30] [INFO] [api_router] Transaction payload payload_hash=vtsjekVOBKUt/sGdApwAApA1xi4pgF2D67R44ZilrxUPFAZyvkM1E816kLbHatfsAW+IskQ59MTezZAYyxdfmg== processed in 268ms
[2026-08-24 04:33:46] [INFO] [payment_gateway] Transaction payload payload_hash=b31qnXKHcoCv7RKWarJ1jujQF1MG2YH5M2+MhKQJTRBh6PBcT+XxzcRcvFJ52GPazyU5xTwZjjMq7KKzRE3NuQ== processed in 136ms
[2026-08-24 05:07:31] [WARN] [db_pool] Transaction payload payload_hash=BPNTD0r+7Rl4BFzuLU+XzbathZfu6G/JT0KebqolRxI9fV5mRugNAUpfZmDc1w77Uu9tmlaeRPQ0mqheigOyPg== processed in 163ms
[2026-08-24 02:44:01] [DEBUG] [payment_gateway] Transaction payload payload_hash=7TLnBSiAPGmNHCT/kNpMdF8i156y1R9yyPKJTkC3PDURByymzKBRZVv/OIYOgu3C4MPBgHcwt5rrDzZqpqcpYg== processed in 194ms
[2026-08-24 09:56:36] [WARN] [auth_service] Transaction payload payload_hash=zD+X0kb7txY9s0nSxfUBVisMIn/f7g3G6dGl5ybia4Vne/GTxJ9pZ0c06MM77rHGLzgeshtWZAyeBBDLuT2Eqw== processed in 289ms
[2026-08-24 03:57:12] [ERROR] [auth_service] Transaction payload payload_hash=Vc4tZXf91+gUTFVVu8iqFM7rOLsJW3sCBPleWPXczccoS4QbTa0ET4KYjgYIWh7L3iJ3fH3BZMccKOGB50p99g== processed in 349ms
[2026-08-24 09:01:05] [DEBUG] [cache_layer] Transaction payload payload_hash=6YMYvd1GKeY2ByfT4AvP42ABdGAYxX3g8a4lmrC5XO2Q6kjSpTMqvn/SpVAHmeJM8QwUlxNmbq0BYUGDHRc8sA== processed in 471ms
[2026-08-24 04:18:20] [DEBUG] [db_pool] Transaction payload payload_hash=BBppl1Z/lihaLckua9QFuTGvkEbuGf0Fy3MVBTvmEfQQLCx3MdjfXJvLJhqYggh4qkobtK6JnYLjnen6MWJ4pQ== processed in 74ms
[2026-08-24 08:40:43] [WARN] [db_pool] Transaction payload payload_hash=v96Rzy8zOc7yp2mBoPduUc8s4DnWbgfxCseWEwZ1KjVsO2HOV7Sa5PqXtIJMWsh5OLAuJ4DaDM5/ouMrzycPfw== processed in 430ms
[2026-08-24 08:48:17] [WARN] [payment_gateway] Transaction payload payload_hash=leDE2AvtINrHaDCHBUoXaQk1S6LXGX8uORxQD1V3VILv+jyKodyhiDz4U7plN0LFC+143s8rYgcdpNOK36xdIQ== processed in 153ms
[2026-08-24 07:13:24] [INFO] [db_pool] Transaction payload payload_hash=k5kVvkya8OSsI0X2E0ar3MLRsBALUwB2M0dRQECxiT2ZTvE11gBW40De7xck8T6MCdCPMQaAscn5yWtmRbZPSA== processed in 85ms
[2026-08-24 06:33:57] [INFO] [cache_layer] Transaction payload payload_hash=Ko0M7eTxBAeFkKAhi+pWc/LO/Pd3tdufzs/2Nkru8wuHAWmGGodO/kwhtzVk01Xsrr6HZji498ECyzEx4bDABA== processed in 471ms
[2026-08-24 06:28:18] [WARN] [payment_gateway] Transaction payload payload_hash=MyfmemF7bxiC8Go0EbeXH9IzQW0xWhQpthKa0uM2mASFuP5ycIwZQ0jP7hwBaJtOSXIdK4CS93vcloFPtW0kuw== processed in 226ms
[2026-08-24 05:06:28] [INFO] [cache_layer] Transaction payload payload_hash=AXN9UO/yf4DW+K3PujdjZ7SUh4GdYDv3OeX8Bcu5Mmn9+cYgRg0UjPz74ZWTu3jrNH+WAIvyID8wmT4bQHmBdA== processed in 233ms
[2026-08-24 08:42:23] [WARN] [payment_gateway] Transaction payload payload_hash=eRerJLFPafRXlNF+U0JdHdjHp1LqVefAMmWAokcstI0naV65QRzdjb3xVFgr9pblM3Ru9MsAdHg9EpROy9fNwA== processed in 35ms
[2026-08-24 07:30:02] [DEBUG] [payment_gateway] Transaction payload payload_hash=yuVXEtqn+l475D+pRyfZA8XzydvVQ/JL6SEMRK3e7+4PemFqZUoZF9b507Ilwo9rkVlEiXaW6jZWojyfoSHn/Q== processed in 25ms
[2026-08-24 03:11:09] [INFO] [payment_gateway] Transaction payload payload_hash=WxgSgWcPp8AWKzmWA+CHi2GurHSmH2hI4OpEsTrhRu+IxlRjhRRMnUg+L6ZhaASLbEivYT5fiMG6SOBjaw0yCQ== processed in 445ms
[2026-08-24 06:02:18] [WARN] [cache_layer] Transaction payload payload_hash=SWLP82tWApS2Go/YUje9KDP7209XS8nR30THytN8OKKTS2trKi9yLwl0y/QqQdg8cTbvTY/yG2b25BTP3/HBjg== processed in 468ms
[2026-08-24 09:18:51] [WARN] [payment_gateway] Transaction payload payload_hash=kyHeCk7CT83pASn5hvI4cF8FAVIIW7X10ZfeR3pBVqAeQSjgTwIGJRnPUHUsjUrz9NBhH5JTYRfYhVxXtJdTtA== processed in 251ms
[2026-08-24 04:54:16] [INFO] [cache_layer] Transaction payload payload_hash=DsplKAFIAQ+8RwtJHPJmGcsXbgG1PSwYo+xzKsijPCIL/d12bkcWA3mIXkHpB4jT+ibM0ZumTjbe4pXh5S85qw== processed in 118ms
[2026-08-24 08:21:10] [ERROR] [db_pool] Transaction payload payload_hash=7aHZInXCERx5eHTItpFbAhxRRNgVNgpwATgPo/QAE9rA4o2aQ20iSk1OYxBp0onKIrpJTqSB4hKC2AoInWS2ZA== processed in 119ms
[2026-08-24 03:42:16] [ERROR] [auth_service] Transaction payload payload_hash=l6awd4UuQqS3ujAF2MkVyqthDUbu6hHfCHcwpwyPW/1chlxwQMkJfYuKIbqbwUu32no5bb3uOKIU7L65neIZpg== processed in 316ms
[2026-08-24 03:26:06] [WARN] [auth_service] Transaction payload payload_hash=LZzqeM28SC9RZvKgQmmf7FGWsrkasjGwsDi2twgaGIa7tKN7md+FIIUjOwlmwyC2cV+rgQ0jk3pxoEP+jLojGg== processed in 33ms
[2026-08-24 03:37:31] [DEBUG] [api_router] Transaction payload payload_hash=C87vezCztbZbav230xefJOMH51jgMOOIj+dY2go88n0t++n9V+hrm0EwKeKYQ2ie/BFFGVV8l/HQbzmlZnPrlg== processed in 77ms
[2026-08-24 03:28:34] [WARN] [payment_gateway] Transaction payload payload_hash=Cfl5hTaG8NszUa3w+2TsNt2Wq+hpwLDTJyzXyaLWv394fJrdvDZdUOSNKDKhMK4FGbkUGPl+48I5Aj0D5+41dQ== processed in 483ms
[2026-08-24 05:43:20] [INFO] [auth_service] Transaction payload payload_hash=xIQSan66EWZe3aFLjG/t4c/cygCq0Iv5qBD9dx7RG8yMWteZjca2yg//Gqb9lka7QNBfCBWyXDrCyHZYBTdZIw== processed in 274ms
[2026-08-24 02:46:56] [WARN] [auth_service] Transaction payload payload_hash=BPKK3KODgJ13YCO14k7ECXkp9huwKyCey72y/PvRZEgfehrbETljk7R6SRfABqtexLIEam8e3PAlrI8eSqiQiQ== processed in 57ms
[2026-08-24 08:19:47] [INFO] [api_router] Transaction payload payload_hash=vHB9gIqeWLqSwrqq4/sMVJsuvhFTYJruxOrEFCrQ0cQD5ys3sxHyRsy7t9iNwLoNHEEi0uAtPSimOAi0M3XbHw== processed in 203ms
[2026-08-24 04:06:12] [INFO] [api_router] Transaction payload payload_hash=cj9y+FRr88agewElNXQbeJq7oS5bg5zNWNGQU4VYy9O+u5rjc6PQ5wOOZUR+72oQLOPj9DnCSUWpjR07XJTTHg== processed in 105ms
[2026-08-24 04:34:18] [WARN] [db_pool] Transaction payload payload_hash=C+COWnqctF/b+eklkp64O9Jsldt4wv2rh/ZzXNhxlAsJHjP1htgJ99sXGEi0oTtY6Krd5OFFjGIo3SGsXEdGoA== processed in 494ms
[2026-08-24 09:35:37] [WARN] [cache_layer] Transaction payload payload_hash=I6qAlycA1BfP5A3iPmAkhMG8xPHJpzx3WmpXzf2G7Ppa12K8PKM6ZJzKWqcPgty2RL/l13uYmdUlrTgblDyAVA== processed in 46ms
[2026-08-24 08:37:33] [DEBUG] [payment_gateway] Transaction payload payload_hash=TYQXrj9HhRcB3dxBFgfprMKs1D2vbI2C9XlmY8+6xRV/niJd/nVFkZJJV01eQrDlumMCuXMQZdz96HB3wgV4og== processed in 280ms
[2026-08-24 06:22:15] [INFO] [auth_service] Transaction payload payload_hash=ThfZMbyhh7/xWoW57p2TyZj/Wii4P4FKT41Q2T3psdW4Vv2sz1bKIV010ei8mU8TTKLCvg67z7qdUgFWfGL/cQ== processed in 60ms
[2026-08-24 07:40:22] [WARN] [payment_gateway] Transaction payload payload_hash=E169J5+mHxLBzrukX+gkENKnPxqDnpHwTwSnBo6nuM2s8EU1Suoy6ivE8JHfXJpyrmwtg23fnncu8N9npnNNmA== processed in 301ms
[2026-08-24 07:51:38] [DEBUG] [cache_layer] Transaction payload payload_hash=uVEKwE6rThqYFP4pUx0XdtR0AYzPUoAgyiX6doqSKPoFdb7EH52oAoNCcld2UPH7x4CTGmSnaNlJlhyWlw7IiQ== processed in 93ms
[2026-08-24 10:11:41] [WARN] [payment_gateway] Transaction payload payload_hash=D/yHk68AqLtWvnWvKsfNZhdePpBAkeY1XZoFdhe0+322fGUlpiuDvaemnGHqsv0YHds110u5zlSG3a6wFWHbEw== processed in 362ms
[2026-08-24 03:10:44] [WARN] [api_router] Transaction payload payload_hash=rDMb+Mj3GXXQ8RwBLZ9la3mXy/x3TgsV6xSMn10DrYvMjGoNsj//JM6EovTeSRz0vD87rNVV1czlrbBWWLVbLQ== processed in 278ms
[2026-08-24 05:07:58] [ERROR] [payment_gateway] Transaction payload payload_hash=RpjV+nb6cmvf+oq9vLd5xC4NPPMStUxJkxEZ+oCruPZO/rpydtX1NLSy7TVdL8WKNdjrtV8EIL3+fWyWnYYRlA== processed in 85ms
[2026-08-24 06:15:49] [ERROR] [auth_service] Transaction payload payload_hash=yNJlaRH8cZv1bPw0kytCj2n8EQ1oe/RwLSJ5fHWPRRNTlpgznSmK0Oya9c6xPZReCTG3F8Ke+Psy+gbNv/r4+g== processed in 216ms
[2026-08-24 02:35:19] [WARN] [payment_gateway] Transaction payload payload_hash=aAcZO3kipsmE51eX1dtBknifXWWJyQJxDaCqCKGqw5LP7p3D7rj2jv5AUBf3sAYXdFIJ5ct2EIxoiYhkOlsFJg== processed in 77ms
[2026-08-24 06:07:35] [DEBUG] [api_router] Transaction payload payload_hash=2isLtZV9GdRhyiZxUJ2CTIZNUI2kiM2iYsn6nO3xdnNB+Pn28s4VVtmJo5r0r8GZ5AIj6WfugH4GxqZQqvbqPw== processed in 54ms
[2026-08-24 02:29:46] [ERROR] [api_router] Transaction payload payload_hash=mCWCiR1wYcnBQ0hXpI/ZgFGdFiAqudB/UwPZ4aWH3mmTXDz7Fv6h5sbPNZhd0OkAPGINF6yGqLOJSB3riyF3wA== processed in 405ms
[2026-08-24 05:16:20] [WARN] [auth_service] Transaction payload payload_hash=ozLEnBrAB85o+hUJHGStxqzQI5Nh8Bc+QOarLsGeaZA2tDqUXg2aenLi9CRvOBZZXWb1tr3ti0W8Fj8g1A5bCA== processed in 75ms
[2026-08-24 08:54:32] [DEBUG] [auth_service] Transaction payload payload_hash=wne6w/cxpfruv21oY2/uXTWWwiQdPGXay1Jy1JQwKysnRxcxyW0odvLW2BVEXfT59Rw3PuQAvVbQSn1bE4MdIg== processed in 450ms
[2026-08-24 09:14:59] [WARN] [cache_layer] Transaction payload payload_hash=iNS4NjD4ykC4JwWoXHBMgeL1ChLMXlW2HgHvDsYg3ezbFDjXiFx7N+zhWfmDDeBAviAqB4MPys440Yruws1kLg== processed in 32ms
[2026-08-24 07:22:52] [INFO] [api_router] Transaction payload payload_hash=CvSSgO6cr9GHI1F57Xs+IBVkdQ2nhESoYlQd/qZPIvt1DeKp1bpfKfjB1U2rHSn+5tJVx4+AQcXbgQuae6pu7g== processed in 361ms
[2026-08-24 06:44:58] [INFO] [auth_service] Transaction payload payload_hash=RikoAwUDfNzgWDIF87ZOdmJ089jeB4cM6rsmkGdU7aYROkdy/kvFe6PLDTrEXgdBW+OBL2Q15U3arBYBik/+qw== processed in 203ms
[2026-08-24 09:40:02] [ERROR] [api_router] Transaction payload payload_hash=Qd17EUqUEGSrdXkLgkKDhRHtZskzkZJBdLjuXDVmKCltUs/HA/WHWsYIz8OFFWHrcTjaAotLVCMChJN/KAQYCg== processed in 206ms
[2026-08-24 09:03:25] [INFO] [auth_service] Transaction payload payload_hash=d7tdNY6mUMZT45jMY0shjFwKCT2mTpEVJ5QC0bUsCYwgnHslAt0eBcA5yvE4/cQws/74qh3ezmqBnUIEeKH/+A== processed in 421ms
[2026-08-24 08:40:00] [WARN] [cache_layer] Transaction payload payload_hash=UA/m8Uda8ERo6i4r4PLhEjUAV+a4im2OBNgRG/5CQkn06eWt9eHrBx2RGiBE03TJZNN+9REZFzHbPd7kJQnb/A== processed in 34ms
[2026-08-24 07:13:28] [ERROR] [db_pool] Transaction payload payload_hash=wvAzotbekwQ0qS5awLpIS7M6iYvJ/ljocVu5sCcevuSxMHL9mEKxVAVF+JFPR6dsn7C+ZuPZvNYm44VySUS+sQ== processed in 39ms
[2026-08-24 06:42:20] [DEBUG] [payment_gateway] Transaction payload payload_hash=mAaG5yOrGlfPej9/xzSdQz0g0ZK7Zhd72HF0bxOUyDDwkQ6fC8XXA7ihKj630Hd0IkMBIzat88cziC9Dbm0vow== processed in 493ms
[2026-08-24 11:20:21] [DEBUG] [payment_gateway] Transaction payload payload_hash=4l9u3zl4Qh5+oW38+mTkN5QjY7/HchDOxROQ0w0u0tlt4WnSKkUALyYgIePSZ4CMlbr4uyJO/dcN/29Lp5tafQ== processed in 191ms
[2026-08-24 03:13:16] [DEBUG] [api_router] Transaction payload payload_hash=8xub5SXIEh2NuanbWxHqxt0EJWeFubOCIWQoJNt8p/Qa45NGerE8JH3bpSJAhh5d4h0DQ3EZ4QWDbzqiD0Gntg== processed in 414ms
[2026-08-24 06:26:03] [INFO] [db_pool] Transaction payload payload_hash=HXFkPB5aZarvvDUVRXGWW2HbE8tC1knFHeHqVOLFFf3TdNNIDFukn1azKU9Wwygdl/3UibuJWpUKYY3DVDVeLg== processed in 262ms
[2026-08-24 06:29:09] [WARN] [cache_layer] Transaction payload payload_hash=yC1OV47Y68axtUxqWJIgUdXAEjXqhxNnbm6UyRpPMNXVbTJMadnBssesuAAL1HEjs6Nj65+lQTjX8hn4rF47bA== processed in 496ms
[2026-08-24 02:28:25] [DEBUG] [api_router] Transaction payload payload_hash=mhFNjQX9oMR3lU+3kLvYX03Jm3Ql+Ys/1B8LhN5jayk/fzX7wMo5/tEL/a6NpGokICUYKDQJ+r21H77HeX+wEw== processed in 34ms
[2026-08-24 05:47:55] [WARN] [auth_service] Transaction payload payload_hash=/2VuAei2E6DilBA7IAOzkTG+sqyqCqfx7xtflYY4aI9KKlcrvhy+QXSIg4HqFdjuZxKKUJVvH+LfckeTfZCALA== processed in 316ms
[2026-08-24 07:07:39] [WARN] [api_router] Transaction payload payload_hash=jj/+NvnUo2CTMuYw0eMSVax3g44IC0EpfhuSwkS13Gyn203rSoP7ECKW/74gfveKEVB2ReC6Bd+pILdMeNcOxA== processed in 86ms
[2026-08-24 05:57:12] [ERROR] [payment_gateway] Transaction payload payload_hash=X/J0ZkHbJW6aZnVaMvOuv/Hrg1+givJuFo7aXnhCdu773/Dg28J3vVLs7E2Y+MUULKoVk01Hg1VFy6F18peNrA== processed in 493ms
[2026-08-24 10:08:15] [DEBUG] [cache_layer] Transaction payload payload_hash=cZw7hj8loiwR8jVHBek47mghQrkDfsC6KmLvLLb2Dsaw1Fv6nxVpX9/PVL+Ix721h6/IRsxLd7VjlXQ+l82gQA== processed in 240ms
[2026-08-24 10:21:15] [WARN] [db_pool] Transaction payload payload_hash=gz0MD74feoW5jOnsX6jNd6HqlibrYRVyJoMfPT80MFJ8uWicrcWeBzpXcM+BBDqV0G5lqO/jS2brEB+X1l2f+w== processed in 220ms
[2026-08-24 03:11:30] [ERROR] [payment_gateway] Transaction payload payload_hash=LdD5KnoQ+OWe4ey14pZsP53BU5chRR8hUPNIOaErxSZ3AzD1sZuDstlUiA7uxZ/IQ7pDD/bNmca4tULdcz3Epw== processed in 106ms
[2026-08-24 03:17:51] [WARN] [api_router] Transaction payload payload_hash=16yvEO6sCXUVOjHIFRY8uk6Ijfb5mWVvDOOpBNHOl4ebbon1v65EDfQojtvEp9UWD47DpZUxUuS531tCNJ8vog== processed in 444ms
[2026-08-24 11:19:20] [WARN] [cache_layer] Transaction payload payload_hash=MNfkSVo6lqBGLqe/zm33A35gllhjVWWl2PtiaqIiB/ljZ2pK3V0n3FAnlnFOpMf3QA7fR3prfmD8GHEqF8ziLw== processed in 136ms
[2026-08-24 06:33:21] [ERROR] [payment_gateway] Transaction payload payload_hash=X+AgTlGNp1kvXcRRoM9ZQ3Gxm1J4OpMnS6TJ0G3Xsxy9Jw2JhGJGmSPWSd7WUSBpJvMa1X6Hemtj9AN5QtK+1A== processed in 267ms
[2026-08-24 10:47:13] [ERROR] [payment_gateway] Transaction payload payload_hash=3XEVHPBddvtbAzFProPBPk52BIOAbyPaPGpKfnahpYZXj9IEjsdNI7rIq4Jj4Qy+XaSRRwpNYtE/x+EV5Mx4vg== processed in 193ms
[2026-08-24 08:15:21] [DEBUG] [api_router] Transaction payload payload_hash=pNamr+WiXRtumKoIK4OvJBvY+dVlrD4Ws/ftbOFZRzE3plP12xXdNERaJdDcm3C//a6J6QjJHV2TVZlCENHA/Q== processed in 146ms
[2026-08-24 04:42:06] [INFO] [api_router] Transaction payload payload_hash=zM3fP+kaCW0P8SnpQA9Gc0TGZs97R3ABD2fyMR3obWNek+Sc9Dd0m6fzCR1t5Qx7aTIsxQ2tpXYR/AuzxrrOVA== processed in 305ms
[2026-08-24 07:45:34] [INFO] [db_pool] Transaction payload payload_hash=z52PT2gnT0/WFxKWrg4uJR9Zcv9Pj+VcFoNRNNvXToTHl77xL/HpbH3xfmZy5G7Fz0q4dLWJbCFBlZWIX9L7IA== processed in 178ms
[2026-08-24 03:37:11] [WARN] [db_pool] Transaction payload payload_hash=yoy6ECWk8o9AWF2dXzLzZLxrr/Ukzdf05COLiU9TOiMsryww2ZohrBMlQqk5UjFy5A8eBtaq5ha1N7H+Kr6KFg== processed in 200ms
[2026-08-24 08:43:36] [DEBUG] [payment_gateway] Transaction payload payload_hash=OoqnsivG3gyi13cmEO9hF47CfVUPRKyvnctYW1BQ4Uf/a0id5WJTGBN411osfb3eCFDEJxMimwcdx55qGNiibg== processed in 88ms
[2026-08-24 03:38:18] [WARN] [db_pool] Transaction payload payload_hash=Xfcpqu25mtz3u1q59WHFOFip2uQL4qwGAsZIOVTYTiCwC1RazrrQZxX+erk9vTB0OAq9jOUa4sT7mH2HP+YMgQ== processed in 151ms
[2026-08-24 09:40:59] [INFO] [cache_layer] Transaction payload payload_hash=W2Tz1Tbc3T6bEWo/LCR0qjvwj8o2/EgbNLr773GOGC5TytejK1PAu1akZzCjoR+NY2R5Ceuk4rtH1j6ktjJbSw== processed in 84ms
[2026-08-24 10:56:03] [WARN] [payment_gateway] Transaction payload payload_hash=m59MoU7reOYqsLDSPeOycn0ixbAetlyU1yJx8Kx2KhoLtsMajVW1YMqEAwiwMhkcFf028n27cpz0jsDTw8L9yQ== processed in 268ms
[2026-08-24 11:08:01] [WARN] [payment_gateway] Transaction payload payload_hash=FU0jT0ccp2Ytvd8qgws/aOpW21bnkPTs+5U0lBso1rorLHQ0ctPF3mleIacpeLYenpQMcQ5O0t6dXUpq9924Bg== processed in 139ms
[2026-08-24 07:13:30] [INFO] [db_pool] Transaction payload payload_hash=fBsTTPZ/xNlvqbn+txtOAmfWRcwMNWz21PPHDwuVMn0xPsP2bkQKIDfOvRPdmO4r4U/PIA1WtDGymwvUZSHn3g== processed in 373ms
[2026-08-24 10:34:25] [INFO] [db_pool] Transaction payload payload_hash=jt9KWOC1FneGDLaYfdak2i9aIkh+0NQ2BEr/4GV/fVhTSmTErMRJN13yNbL2KChklOaqK6lKNcOFwo5HCFvVPA== processed in 76ms
[2026-08-24 06:05:09] [ERROR] [payment_gateway] Transaction payload payload_hash=SmrSRvNXUNUloQMnzh73XMCFuYEjDau/yJ7jElitdlsqIvDQp1NPPtqiZmhlsQaKj0cBIhwertPLEcX4cbZpTA== processed in 235ms
[2026-08-24 10:20:12] [ERROR] [cache_layer] Transaction payload payload_hash=IZvD/GsHnGDssuX/llSUZFMlZ35WWGoGyT1wvgniszVBGgI0J6XfG1lAHSmlCM4sKlNYVnePzblyZeDzFBgF/w== processed in 168ms
[2026-08-24 04:53:30] [WARN] [payment_gateway] Transaction payload payload_hash=/ILHowx5GyWdOfwp5pl+NMvgN9wEYuQM6p05o/8lPW/fD9CmKWnOw8LenMsOCZjEA+cgeDDtfyfkQm2eRzJAPA== processed in 101ms
[2026-08-24 04:21:21] [DEBUG] [auth_service] Transaction payload payload_hash=z3RC49daITNp//c8PSzb7N2GJLXhZio5DZX+lOxXdlXrbkVLByrIx1E76/K/eAlqhU6rQ5we8THxlIk2dDkGUA== processed in 316ms
[2026-08-24 04:28:48] [INFO] [db_pool] Transaction payload payload_hash=kDni/0zfmZjwmtxTO4SgYFXbFnWOeDfDlHV+9IBXR/iXL3jdUZ4FTCvnR+H3Y55n4G3qTF5Ep6GIflLXQcmGrw== processed in 37ms
[2026-08-24 06:42:06] [WARN] [payment_gateway] Transaction payload payload_hash=EDpOQeUc1D37xTFGZ2U9OQ3VQY+6P2V1k48xCvRB9SUOvIqvJdAUFMQRqWD3309AQWynjNewVrgnepuG6ir0Hw== processed in 153ms
[2026-08-24 08:44:17] [ERROR] [db_pool] Transaction payload payload_hash=t0spmji+juPrztVxJcD9fx84HZewVlrZZnFvxmbZbF7Igd7gpEdjXB2At7eJmUUPIh+MMaTLaTaApnPbREMppg== processed in 13ms
[2026-08-24 06:30:33] [INFO] [payment_gateway] Transaction payload payload_hash=o8R8UqOtlJzhLpib8aZtzANxej+Zz5ySpK1KjaMIbn6wh6Y+Z2Ms89dmPb9nXb7ROFxMHUSKHDhPht4exRBgOg== processed in 493ms
[2026-08-24 07:54:43] [WARN] [api_router] Transaction payload payload_hash=+W4CtPZyY8EwCndS+oZ2LQmjPXnF+TjFHArDVrgulKyCmVyXfQ8L+YgBnaR9AYT9arQrhsod2EtCRPobBliVxQ== processed in 328ms
[2026-08-24 06:13:00] [ERROR] [payment_gateway] Transaction payload payload_hash=N4b7Cdo6PXZikWZXsusqQ2XA3gwnyJskZsD459n5fdd+LH3FN3I6VLuDf5wiZZpzJJaIMhEATVL2Ivzxlxew6Q== processed in 187ms
[2026-08-24 04:40:00] [ERROR] [api_router] Transaction payload payload_hash=GtqvnegpedjLl3ZGzGpVgsU9mxGeu2rhYtYpnPX4+5DO81jro0QNFZ3N7ziB6M3Hsy6WBdpBqTiRfh9X1rBcMw== processed in 241ms
[2026-08-24 09:02:15] [WARN] [auth_service] Transaction payload payload_hash=C9hW0VLpqzXP2gKlwgxePaeU4VqW8e4hZLvbr5cCqkiTWH1Zt9Gh5OhyRhGdpAf1G2t5CH12qaZjPAWWvyREZw== processed in 202ms
[2026-08-24 08:58:33] [DEBUG] [api_router] Transaction payload payload_hash=vt52bUWcUiay/bz7WgmzPOIvFicxJCwxGaV/7v4WFgqxgHtgVfpfbt3T6SntzChws0asEQgbUyoJwFK+luRpLQ== processed in 495ms
[2026-08-24 02:45:46] [ERROR] [api_router] Transaction payload payload_hash=2dSxjZM3uCnSYtmmvmCAC9NGXDj6gkuTgM2A1gLFYLg1ZiD+SKLfBxstdDU/IdVd4wIxWD/dUM2DGCu7JlZmmg== processed in 30ms
[2026-08-24 02:44:32] [INFO] [api_router] Transaction payload payload_hash=eQxn9jz5u/pZlGPPr6KKICmjIfxSJ6nA6mepsIXpnG8++RMyRnf9cnJ89qXhdoz2EZAfm6j6Si2Q3MMycejIlg== processed in 462ms
[2026-08-24 07:41:18] [DEBUG] [api_router] Transaction payload payload_hash=V8Rb0TrJdXnircw1834xnNhSPNkSMbGlunWHCx7iahUUseZItcdXlDXmXQQ4wcgji6BJiphZD0lFX9EC5UonRg== processed in 417ms
[2026-08-24 04:53:00] [DEBUG] [cache_layer] Transaction payload payload_hash=tzXXEmgHAWKIQxtHJFJO7f+i/pd7wqVqpGbxwXbWqkr8SVG09pHVr4eeM05/FljO6gWCynFLyKnt99Br6KnGZA== processed in 307ms
[2026-08-24 02:55:47] [WARN] [db_pool] Transaction payload payload_hash=bt3GmfSbWJYcCt74tDF4mGmNNnhOWT+v6ApGTdelZKzSo3Dxi6L7zypL5sP1PqQIHM08P5SUMu4jYUeoxx3MKA== processed in 480ms
[2026-08-24 07:16:32] [INFO] [payment_gateway] Transaction payload payload_hash=fXnRxxaXUvvS6ocqquwW+4ZJvodkBwlyC0l6wbJlFwQiGPZOiEJwX8gc3d9u/4dgXN5aNWtGc7PzAw7rO8Xocw== processed in 435ms
[2026-08-24 05:43:30] [ERROR] [db_pool] Transaction payload payload_hash=Vyy+7TpUOZNcSBKEqccDV17IaBVH9neSC2HbZkOO6a3k83F7+uyIoV6SLnZX77qxd4tIW7FDOSf7HLoI/qDA+g== processed in 463ms
[2026-08-24 07:59:59] [WARN] [auth_service] Transaction payload payload_hash=1qhrDelHpOLnwRRcX+swji5c0sT7MqOHUBvac7cPx4wYAi/jrmku81OTtgPt88cUtXDEScyLxGGpwrVYu1ukyw== processed in 42ms
[2026-08-24 08:46:49] [WARN] [payment_gateway] Transaction payload payload_hash=n+JLtfpjSeEdB5e6ol+ta9UENoVe0KyJ+kWtzV86CPX1K0n6QTuIoesQT05XLW5brkilrvwmFVFgcrKrQxLMsg== processed in 187ms
[2026-08-24 09:44:28] [WARN] [db_pool] Transaction payload payload_hash=y1kJNAIJGJDXErESFgeC7u3JnOBkH6aOjcAyX9BjV/EAhlXamtcgeiWz5jThqf6nRumou74QBE3PU0pRpOMhZQ== processed in 283ms
[2026-08-24 10:16:16] [DEBUG] [cache_layer] Transaction payload payload_hash=Qafsk+whxvciWozvt4fwxjzKRX5jygwAllwje11CxQSp5FUIllLoEnidxXr644qIxPywsoMZhIFOqqiqA2k+TA== processed in 11ms
[2026-08-24 06:16:09] [INFO] [cache_layer] Transaction payload payload_hash=U8Ey/8bDytih+CEPlTQN7pb3B+ehurZmCcdp3GxsQTgBDDQzC0RERjVW8urMxroGuMHebZ84A7mE5XXxF0RvlQ== processed in 465ms
[2026-08-24 04:35:56] [ERROR] [db_pool] Transaction payload payload_hash=pjD9/UdKYpjdg7Nxj7KjPaGX/MJwkArKCXhld9p4qGcZm/RK9+crvt+UgweUXhZB4R3XnEa4U5GGW9p4ZfzXxg== processed in 376ms
[2026-08-24 06:36:48] [INFO] [auth_service] Transaction payload payload_hash=+pKFKJOsmiILTx1y5dylQ7qVm3xroDZYZJMzOXcFhuXz7sLUzulBQLghZtJ6jtecMRAUSF00u/4P/H8v9+z6MA== processed in 491ms
[2026-08-24 03:28:11] [ERROR] [api_router] Transaction payload payload_hash=at5yZwRUum2tbphXM6YufmADXWWVBFW/akI34OeYs6MVzXxrx0A6yyv05Gr0XMbda8nEsrq8U8ZzrqipKJTgjQ== processed in 321ms
[2026-08-24 07:22:03] [DEBUG] [cache_layer] Transaction payload payload_hash=cTz442ngG4uI4RdFlYrAlmZxwd8rExTqIjwV9HxgICaGhqrLwbrZRiWHghzC20Oco5ZAKsZF5HXpYYOgMgNSXw== processed in 185ms
[2026-08-24 04:34:46] [WARN] [api_router] Transaction payload payload_hash=Ltjrx+bL41Gtv8XBtqI5yd79uCfZTbt3s1LkAtLY4ndsw/F0XLWhZKHIdTw+TOYjNwfBOfQ1AXViN+rPV591gg== processed in 262ms
[2026-08-24 08:40:39] [INFO] [api_router] Transaction payload payload_hash=vK6BzCwhqEmPJgXIr1zXFzvX2nKOcRmYlNvjuHNkTIMSEuwN87UpiBkT0T5PnY2BLgfZa69jXWaUlgPWQ+xhFA== processed in 292ms
[2026-08-24 02:19:18] [ERROR] [cache_layer] Transaction payload payload_hash=mKbgbhrcSRsq1eVtGU3R+mqknR7mU2SJVhiDGG1NzSVzlQLOns4cHOLn2N0Kf3NiblWGWTafztQ85nEEHd+mqA== processed in 71ms
[2026-08-24 08:24:11] [DEBUG] [cache_layer] Transaction payload payload_hash=XaJnwiGU+CUYgdJmIzOR5Lt0TGRwZz2T97V1Ze0tDyHwVEqC2Ca7+XhpQMQNrCSmQOj1DQ9EjQ/WBMtshRI5Vw== processed in 218ms
[2026-08-24 11:14:02] [WARN] [payment_gateway] Transaction payload payload_hash=MT7QNjXNyik5ZZ4R0AwTyy+IkSwV1ZG/HTeJ/EAW32EwEFYjv44xa7oXXdRxcJqGSVqPf5PenEFIP/DmTgIP4g== processed in 435ms
[2026-08-24 02:50:02] [INFO] [auth_service] Transaction payload payload_hash=yjhWbasStpoy5Cc88XpxHdLEMlrZl8CICkQqTauAzLN+oXmf/MB0nCYGcGXUtl9ZKqHV9ObzTuRFZqdUGldZbw== processed in 443ms
[2026-08-24 03:57:18] [ERROR] [cache_layer] Transaction payload payload_hash=pGcqH7P8gwY+cw3c/oWNs0QDANIRePTu8QzptOAg7kPXPPn+R0M+kUXH1sUgt+ebP+OjFHC83vvPXEhPCsfn2g== processed in 235ms
[2026-08-24 07:31:57] [ERROR] [auth_service] Transaction payload payload_hash=wS+YJab5lG+uHs5Ije+CrZgeaVPc05fBr7GkAuK+TpT48PGRhksrOUrCsk+An9dT3b5I3aRzeq4ty9V+ZuA5sw== processed in 198ms
[2026-08-24 11:21:59] [ERROR] [cache_layer] Transaction payload payload_hash=/mxJwBGUrG2J2F6zfeChJpkxfflZYMtQJQZZingPkW5emwrLAjnQgfgi8Z0cRXrUmeYbciiGTzqaViYqAqlvng== processed in 314ms
[2026-08-24 09:13:34] [DEBUG] [api_router] Transaction payload payload_hash=urT3Vac+Z09hCd/2wtKr1Mgl1wc53CUe1npCDKcjDEbEGzKwDOUCgXL1NoHV1OY2kgZhk5TiBS3B9q5JIH2S4Q== processed in 221ms
[2026-08-24 07:19:44] [INFO] [auth_service] Transaction payload payload_hash=2sWOgWSZVWIq/oOK8bW5JuXaTtwKn+03CCAusGWpjH11LRKBjfcXvrRGgOuUfz7JlG3oCmq9VNkz8H2Ebq7Kng== processed in 118ms
[2026-08-24 07:41:05] [WARN] [payment_gateway] Transaction payload payload_hash=NmdctP1HG/UOeLllfMpScyfRCMvcCkvZ9Ror6giV2Uw4/y/AFeXVZJBo9N3+vh2No5dWuLGtFtIrKb5p39/0Jg== processed in 209ms
[2026-08-24 03:43:09] [ERROR] [cache_layer] Transaction payload payload_hash=A5dLsWlScSUc+lPT2w8iTjGySKHHYS09blPugRH2j06TW3QNp93NMjkzctAfbBk+KDRT3CtFKUJS4+1nPILtbg== processed in 109ms
[2026-08-24 02:39:23] [INFO] [api_router] Transaction payload payload_hash=GRplqIIS/xPDElAKAPiCspjTxHlg77ixN1tzVGsN0gXtQMnyQ4Yg70oLamUNGdip7ZatLMrUNT7O+pRaK1Aycg== processed in 351ms
[2026-08-24 05:04:41] [INFO] [auth_service] Transaction payload payload_hash=ljHxP1iZdUAfLveRQA/fLokgQ/vFpKucxoc+vZC+K1ffyLBv7sPuyv7mgNjZMEIQoB30bhIrPYSUFkM2LQ/sZA== processed in 142ms
[2026-08-24 08:58:54] [INFO] [auth_service] Transaction payload payload_hash=4IrbGHwNA2eVSxDscMBlSZvkndDUu23LxISUXvFNBHfyHoxptlqyhJhNN/wFHFPPPXDrVPjUsBad6ZQWni5drQ== processed in 137ms
[2026-08-24 07:14:34] [INFO] [cache_layer] Transaction payload payload_hash=MzQloDiconbd4IX4Klje/y8Q7eqYrsYdTY36bgknqHCTTjjntOYjrUCK+qYi/xhujSeIMv54xw4Xm+1pA2myOg== processed in 462ms
[2026-08-24 07:17:35] [WARN] [api_router] Transaction payload payload_hash=HLFbOKke09DCPwvhgHvzesIQAI++8lNqxnB01WNLobexm20abnZYSz/xwIfEoT1Ow4ozTL5FdzRN0znFrzZubA== processed in 108ms
[2026-08-24 09:16:50] [DEBUG] [payment_gateway] Transaction payload payload_hash=rhLeYCZFO0VODszcjleTVR/K31uWDNfj7X3PptqNSh3Tt9Z7j/+Obs4ojkfK6dS+orzLUKEjXjjY9nolPn1Lnw== processed in 134ms
[2026-08-24 07:42:53] [DEBUG] [db_pool] Transaction payload payload_hash=2XR5Qolf2iKvu2ddMQ3BGuLJvL3Og6mA6H8MHWcdCFjfdddWKkzDt3wNr4ZkLJqAM2YGcGqnX1lIknLvijNRKA== processed in 260ms
[2026-08-24 02:47:41] [DEBUG] [payment_gateway] Transaction payload payload_hash=r7MKeFQSoz2OHiT9EwbLDpQvCSa5whEJsTg9vrG9oQZ8xq+iqQuirdNxLkqCtdqybIvdL55Bu4OY5fHqaROYtQ== processed in 307ms
[2026-08-24 02:38:34] [WARN] [cache_layer] Transaction payload payload_hash=lFAPr+k025erPwpL+adVquL3fzsF77/BlYnB91cB4q8gTJ5L9T725+wBqmUcmORnfvTgj727VudpC/fOxv5W7g== processed in 409ms
[2026-08-24 05:12:21] [INFO] [cache_layer] Transaction payload payload_hash=lwR3S7FKFBjwzZew3ZAzZaDr0AFOUfc3NPWjqVe1t6fUeLzx7puZrIAhH5utslAcEjQSPL7lPXmeSGXwMmjBJw== processed in 498ms
[2026-08-24 11:03:22] [ERROR] [api_router] Transaction payload payload_hash=fjg5PL7yiKtKG/SSlNF49Ssp/+fB075TIornADZBuS8rdZzGp+2HgTz1N0I8fMkr5TM+sAnSYQWxzG9t+R51Sg== processed in 341ms
[2026-08-24 08:42:57] [WARN] [api_router] Transaction payload payload_hash=TelNtnbNM0LeXn59Dy49bA5dByQgsypeoaeYWH24LzK/AM30a3P8JG9Ut6pGpzE2vQICh9HFln7TA2oVjI7dNQ== processed in 167ms
[2026-08-24 05:21:02] [ERROR] [auth_service] Transaction payload payload_hash=ixLJ3hwXM1af2FEC5pKIv2zJZwQN2sMGKGlO9jkojnMpQqB5eehlx5pRgobOYHnJAV3cCrVyIre0qVpr9lg5tg== processed in 161ms
[2026-08-24 05:48:26] [WARN] [db_pool] Transaction payload payload_hash=fLReluXHTi3NdPiYKnvETT/O+wPYM2PyCDwwI0Vx2A57iZpfiYo48PGsymRXegdAYjm4O6AgCP3WblLZ4L67xw== processed in 284ms
[2026-08-24 02:46:51] [INFO] [cache_layer] Transaction payload payload_hash=6qsm3zE+15aOJ4ygYqo7R44kmo7YtGy2uwKP6dwzmGzaOu54R5v0kUIzd5wXA55A0AWXTHGlJvi9QcQo+jJBHA== processed in 25ms
[2026-08-24 06:33:09] [DEBUG] [api_router] Transaction payload payload_hash=F5i6KMx0U8rtIgd0Ke7R3oaL8tWayWpIo5crR7YUFhcBuaYhXraEmhn+PIDRdpdA+dwTFOAUhBADNsHW/J7fdA== processed in 148ms
[2026-08-24 10:57:32] [INFO] [api_router] Transaction payload payload_hash=+psbcaoM991ca2x26rTuoGqIBQvBKEBHUb3I9ED6UiEEpLokij3yTu3PTPjcr7ZoKwE7LcuFFimkDqouVCLNLw== processed in 76ms
[2026-08-24 04:35:58] [ERROR] [cache_layer] Transaction payload payload_hash=KkyXwvU5eCQwsvK41bDDcJmB2D5Ifwz5xi7fCagGAyelGyaO7h/S62qHf0dOtb/cS9SBWhQWcgIW2bJJWeTcwg== processed in 93ms
[2026-08-24 08:48:53] [DEBUG] [api_router] Transaction payload payload_hash=1DsrZNJ2FSmzVOIAs+0hutOQtH5UuH+lKSdvVlLZGlmdLWNXtDc0heev/L2QlUwLnF7tXMeSK/6cLEy4U9txxg== processed in 18ms
[2026-08-24 10:08:56] [WARN] [db_pool] Transaction payload payload_hash=kNgVNYHqsmWPTC6RS6/kFa4GCg5Tdqi2Q10JoXr/BXwb5rBzTottA1I6anb4sH2vYdkx/Qf8oetwuv3aPvSw5w== processed in 394ms
[2026-08-24 11:00:35] [INFO] [cache_layer] Transaction payload payload_hash=k8UtJdR3fhckJ2UXNMC68123HQnjYCfAZsyMJqdlBvsvFc6kp1e9d4QVA6E3iGhbM5iZPo9JR5yIPx4DI4BbDg== processed in 367ms
[2026-08-24 07:03:25] [WARN] [payment_gateway] Transaction payload payload_hash=TBdg+PQHv+uyhW3OP+ryQ7WDoEFlQxUUWjPiDadiNN1WgT+ve0BwIfPr5QzGoK+Z9afE5ktKvgp55Vx01sphjQ== processed in 215ms
[2026-08-24 06:24:21] [DEBUG] [payment_gateway] Transaction payload payload_hash=EZD2+7vuistPzg3lnzdBdlRKX9qwzqZKqSNLleyJ15U6Z4oRH8TUF4fLsIPFnjGuKRL72XMBTVW8Nnd2IijBcQ== processed in 193ms
[2026-08-24 08:23:28] [INFO] [payment_gateway] Transaction payload payload_hash=a8BFbyPHMerFD9TSvaQ5xlT4HWk6yN7x188CuVoydDlQf6L7OdgNnM4pv8OEbqHAVX90fRVExI6JAE7lZhptLQ== processed in 45ms
[2026-08-24 07:10:04] [INFO] [cache_layer] Transaction payload payload_hash=xTHxCdhZ2XHN1+GwbQCeMDWehqxLkiZYrGM9UL6f21ThUqgkQ4iMDOlrzQlreIqAOmAuMt82uQGXvBb1N0qOWg== processed in 324ms
[2026-08-24 10:19:55] [WARN] [api_router] Transaction payload payload_hash=F7C6EGSzEk8pjwiBxF+CWNInHiXyo05xS5ZBVyPgkvvD+JDw2WYs6LJl30ckeyMCrouG59bRX317hE2FxBdijA== processed in 264ms
[2026-08-24 07:39:56] [WARN] [auth_service] Transaction payload payload_hash=uSVz1l1p3xV+ur3EMDy/s+snYAMxmac6YoOawBXFlQjEfIvPc/bMHFnrRuMbCwwfTY7cX7ygYN6tc8QQ4F8dZQ== processed in 243ms
[2026-08-24 07:50:14] [ERROR] [auth_service] Transaction payload payload_hash=Q7fWWV7sMUCbiThZs4mrBNDJLPJJIk/3U6/So8WJI8FVzGo4a0NyFKKg/6aoNm20EQKMf6fnTpRVPi9FUyigzg== processed in 140ms
[2026-08-24 07:39:40] [DEBUG] [payment_gateway] Transaction payload payload_hash=ft3gcwylYxdNhQVQ+vFTT1i9PX+oQdi7GOhualEGcJCxLAHD2aqyNGtxk9HuJC3j1K7/0QnWLs/j/bV2ouHIoQ== processed in 55ms
[2026-08-24 06:24:41] [WARN] [payment_gateway] Transaction payload payload_hash=1rQ8sqy3cr/ntxxjrJdmKj2pS297+l4o2pJjArbUjF6b/BjQYKJs/q6ud7dc8LJz9qV3WJ/SZNF5JLLEomg8yg== processed in 152ms
[2026-08-24 10:25:45] [ERROR] [payment_gateway] Transaction payload payload_hash=4zE4bDWyC0Z10LDYwIh6hY6F63dmJRRM3VLH5Fviowe9E3euClUExAoKAJaMtUvsSMJuBKLXRQHikW1Al+wjNg== processed in 39ms
[2026-08-24 08:51:28] [INFO] [auth_service] Transaction payload payload_hash=+fEqPWEEkeaoSmWHcsLiU8Ap+/ldMDegXDM73Sg4qsJVEcFATXl2+uCF1dUk293UNEcTK3CNmg0zvj/JLNmiUg== processed in 235ms
[2026-08-24 02:52:13] [ERROR] [payment_gateway] Transaction payload payload_hash=EmmRmEY0WEAeAu61oooM4iqPciEuqCd0r7icVu6Ni/CnbpdATLGFsdbve3cQplqZC8GbNl8Nd5IloAltr/l7FQ== processed in 56ms
[2026-08-24 10:17:49] [DEBUG] [payment_gateway] Transaction payload payload_hash=IanNpY2v6qXssSGPrMNCzIaMyr6gCqkiSz+cvQNJQ6LOq9c9nO+CKADclx6eB/12nZZA8lcIqD2sEA6MWm71xA== processed in 370ms
[2026-08-24 05:03:32] [ERROR] [auth_service] Transaction payload payload_hash=1POm19glkvPVCLvjYpv1Sh+5Qe0JQJwJgzVaubCkaiWoLIamS2C1I4tW0w26TJbtBmDkbMRPPvcVCvYibHgqIw== processed in 251ms
[2026-08-24 06:12:25] [INFO] [api_router] Transaction payload payload_hash=A20rLfp6lq/xl+TH+iBbjGIrXa67cfX5KaKdlq8UlAddfWu5pMrHDXck5RhByC8VW7+NFOqckff/kAplMcy6Ow== processed in 492ms
[2026-08-24 05:29:59] [ERROR] [api_router] Transaction payload payload_hash=g2HcrPADnAlLQtvuMWeH7yzyIan0Y1LaaOokHbrbJlDH/VBp+tHneYfC+bCZiCyvN8Hn1fvnWGXGRui6f6sp0A== processed in 97ms
[2026-08-24 05:32:43] [ERROR] [cache_layer] Transaction payload payload_hash=ME3+45GjQjk8jrh4UWcJYPSPwqF+whISewUXW/Byme5iAvqQh1/IymKejohxCXdQLcZb8QLK6X8NCp6m1ZQyWg== processed in 84ms
[2026-08-24 09:21:33] [DEBUG] [db_pool] Transaction payload payload_hash=x2J9czSUWTdElXPhNzw8MWvhc06P0wdcTuzCW5vlEyx9RtYsg/brhyxQDmA7xusM5+3Eb+5q5MUToimX6KUrkw== processed in 421ms
[2026-08-24 09:06:07] [DEBUG] [payment_gateway] Transaction payload payload_hash=aeY5/f1bX1UiJrK9aTefT1r08pKOLnl1hFRveyI/y93oPmMQGflvQYP8l9t4LLrqBCiDXPOtwhTQXsgbU/KTJQ== processed in 460ms
[2026-08-24 04:07:22] [DEBUG] [db_pool] Transaction payload payload_hash=nr40NliWyR3/d+u5TxmsAQ1Jpgbi5p7uIG2txOCYjbYi+qFrT1tXH0pdPlUF5FuXqtghotAFnjiMNBS3GJFhPg== processed in 283ms
[2026-08-24 06:12:17] [WARN] [auth_service] Transaction payload payload_hash=gbwf6OG5bO1wtFVKnWqpeYIl/KLYbh3U0cir4P2O0t0BMAGu91aZo1t7hCKNy18gmXU925yYD3yqeqGrydusVw== processed in 424ms
[2026-08-24 03:30:05] [DEBUG] [payment_gateway] Transaction payload payload_hash=IlfB9TniGmJNjzRhq82hWkoHiPTMn3nPsAiiavjRrgGrJCdkoDBj7YeEKNv/VwRyLEOyIjA3wwNOfwcWs0gx3A== processed in 269ms
[2026-08-24 04:06:10] [INFO] [db_pool] Transaction payload payload_hash=8rc6U/dqfcLpDVZ7QLYJimPJbsQTVq/fBvPsMUb1QAqD4p1uMHr2QUbaGS5LlYDyVrY4iNMkJmjOnb+yEv5gfQ== processed in 45ms
[2026-08-24 05:51:44] [DEBUG] [cache_layer] Transaction payload payload_hash=4BbXMSXGwZauLTuf5yVHYR+Ajd+UESY/onlkxk1YE+utKyjzsx+HD2ugWq9guBgjbQd+goeeol/W6OM/mi60hw== processed in 7ms
[2026-08-24 02:55:51] [DEBUG] [db_pool] Transaction payload payload_hash=s4Xo0sKiQTOg18IzGU4DyjcgSHUkc6B7JmQPDfWA4z25kzhbLYQ/1KJHYHndAEmPaYQLG0eI+Lq0hsaTYwXaRA== processed in 324ms
[2026-08-24 08:52:23] [WARN] [db_pool] Transaction payload payload_hash=PtFE77wOTXcnYljtlGt4iCawp3QLpf2RH2TI8DlX67ePFOnFle83la1ab6pBEgGxDy+Q0HNl/sij8JZl/GjQBQ== processed in 422ms
[2026-08-24 06:33:41] [WARN] [api_router] Transaction payload payload_hash=1PPPORgJ0hEFngYn8EMEQmFW3eT3VWPgJZgEer5TDvCEYR7rUWcQiEYq5sRRIUbGxCSPQVtq8fFgZ8TAThH12A== processed in 300ms
[2026-08-24 06:41:14] [ERROR] [payment_gateway] Transaction payload payload_hash=agISCCqatA/myDVO1IlCqd43petv/F5cqMZlfnHpt2YgY64QXeaxn+o5iEWznV0O8G9XvpkfwKod2uL1eGbVRg== processed in 460ms
[2026-08-24 11:04:47] [DEBUG] [db_pool] Transaction payload payload_hash=z1PAapjWZUFEV7CI9hZ39oYMl7I/2/uIbVXcSHmuQ8x3NFnhXnb+4jg8ifkooLlpV/5INR/s8DoiZD0bekboZA== processed in 10ms
[2026-08-24 06:22:04] [INFO] [auth_service] Transaction payload payload_hash=yVuiNh5Jc4EE3HSkKawe+kTgsrNJjaP9BK3MBKzlNIsFOi6jcX4J8qJdcRSIksFIUG7p8p6EZ0wBB9CLJH+g/Q== processed in 448ms
[2026-08-24 10:10:51] [ERROR] [payment_gateway] Transaction payload payload_hash=LRFFwZi28u9iVCsSZbpsKUqhreLUYKRWU2DHRYmmAZUSxYerweK54KuqENMqPYCqfBgpjx4vVdrdbtsMYCTRbA== processed in 168ms
[2026-08-24 04:56:26] [INFO] [db_pool] Transaction payload payload_hash=ixaGlvV6/OiaSYlRzHl11iDV0LwBLZef9xyAIxk9kgiMSpr/4Q4OE/1C8hIf8Et6bybNlcLJb8EOmJ1tzj33rg== processed in 355ms
[2026-08-24 10:43:48] [INFO] [cache_layer] Transaction payload payload_hash=CEd2pOgg9PpI2s4/Xx7MPoSzjCDhx62ajs7NXUTgvqRL9yLKqd4T+Uc6zIiX0O8igorxrQeRDA2k6sDqqv9wBg== processed in 335ms
[2026-08-24 08:29:50] [DEBUG] [api_router] Transaction payload payload_hash=Z2VOlC+Onv/0aGCXutUG7eYDojcW96Qnc1kJRaRq9JHwvwWiAOzqRHAvmColdrnJzCxydHvdObWPxvkP1jsFHg== processed in 264ms
[2026-08-24 06:17:54] [DEBUG] [api_router] Transaction payload payload_hash=Ab3gvdoxa/xu5TMvXj8znUdB6gGzg07ojvUMFxQVe/r9+XOE6tgR+vKExpBySW8iMIoTaXN70fuKV9jN96c9jw== processed in 21ms
[2026-08-24 07:43:17] [WARN] [auth_service] Transaction payload payload_hash=CQG5cTGDdViH1BS8Rz6uEjqnIo9lQ1Muiivjq7vGHDodMq278nPu8i1BxviFR38PoteHBYem+v1IrzUDSst7Sw== processed in 77ms
[2026-08-24 09:33:06] [ERROR] [auth_service] Transaction payload payload_hash=vj1xbXmjGvkz9binW7mk8BvuNgQ0s6bHnerdVe8JKP0qikmIQqtFbL9eNIV7Ou68nssiq+sRenWWhENUrZxl4A== processed in 395ms
[2026-08-24 06:17:29] [DEBUG] [payment_gateway] Transaction payload payload_hash=CfgcS6NeiSzou07rHG0wjkz5FDv+i3Nsxhv3La8cbR82X9ZcezRdrx75P9SKSUABJbxnpbVYDYWr03SnsQ2wQA== processed in 419ms
[2026-08-24 09:38:58] [INFO] [auth_service] Transaction payload payload_hash=B8YJt8WZvkpPb9rpvxMnXHbX3UTS1ml0j2lSCA22UDFjSaeFj32ltETneyLpGN4SzlUgk8hRbDaUGwDh2EoSUQ== processed in 218ms
[2026-08-24 07:52:20] [ERROR] [auth_service] Transaction payload payload_hash=6/xUouFSUPrQ5ezji1L+/C2wK/5rITxb5Q0b0hV6xuv6YnFAXQhqJjb57iI5LYUQA+v6VJrTnOGYuW3t4rmVWw== processed in 316ms
[2026-08-24 04:53:43] [WARN] [auth_service] Transaction payload payload_hash=15nhE/c8BX45oSg/ijeVwM2kb4VmHumIebY6uLbyVt5IWCjyHDbjlGujH5Gjp69GLbmAbYZP8NKg4zx3lByDbQ== processed in 369ms
[2026-08-24 06:35:45] [WARN] [payment_gateway] Transaction payload payload_hash=xfRZjsJLHnItIYrVhhodIFVT/XooX+j2DA2RNLzaYx50RFPnMdUT2h3oaL4M8EQzRfKIIzYDU0b52FLt3lOl7Q== processed in 126ms
[2026-08-24 09:47:02] [INFO] [cache_layer] Transaction payload payload_hash=ctT8vdzjqfDLKs7vEZdXEyalU63INm47Uu6LleFA2O79HnikpDgx+1tmTlCYDjKLGeDpy8Rb7Wdg4M74bD0dww== processed in 435ms
[2026-08-24 05:19:21] [WARN] [auth_service] Transaction payload payload_hash=ocO26jZcAf7xYGZF2Cj1/e2t1W8kYHrEdjkKrXiP0ua2BFDg2X67oU4mca4BhTosMMcwwbb8MqHsbaSReikn+Q== processed in 461ms
[2026-08-24 07:39:32] [INFO] [cache_layer] Transaction payload payload_hash=C9cc3b6zMUpbAjXiblA02QQQbpT71RQUS0gZa1sOUysOz3jzF4ZZADBai/4lT4NkTO+N3xltCOynlT9e5XCEnw== processed in 202ms
[2026-08-24 03:46:54] [WARN] [payment_gateway] Transaction payload payload_hash=1eVSJKZSdsCs8tqmzfJmoDFdh86nyitJQcYDBVWAPxTHnni7U4Nk6BBDuCUewtrKEGJbXtcIVH1/H9FC+NJKEA== processed in 54ms
[2026-08-24 02:25:26] [ERROR] [db_pool] Transaction payload payload_hash=QIR7KCVrDnHntCaNMRf3INVDgXAPzxxxm5QM38x0tcITKLdZ6koMYm+ZVJbFJt/8Ifv4hfpTundE4tb8jyjXxQ== processed in 310ms
[2026-08-24 04:31:41] [WARN] [auth_service] Transaction payload payload_hash=LNNnAIBNbHS6/jWhy9cQUBWSdcZQ3CNNG81gkO5LsivmyujOR3uXzF1IS+u9NWrrkw34PP9swgHOtyf3x8thmg== processed in 173ms
[2026-08-24 08:07:43] [INFO] [db_pool] Transaction payload payload_hash=SCmocx8r5QPpLgOP+Tmqv846TTr7lCkusRtJhm8PYIMge20HS/uv5KjgTUb1wGFPw7LfOjFpkjUmSy53FTn/ow== processed in 409ms
[2026-08-24 09:22:41] [ERROR] [cache_layer] Transaction payload payload_hash=7LuI91alLNSn+hMHl152RUavKSe1NSMf6fVl0CTFP1auxMpimyxCm4HZnY5XJWLbVjCciMbJIpdc44byJWBTKQ== processed in 41ms
[2026-08-24 05:41:05] [WARN] [db_pool] Transaction payload payload_hash=95S4d6Ma1iqKWUgW2pFLwgNTw52zWpzqon8IBP8nwk4e4NK8i6T41wHL4hnYPvY2ZQ3rL5S4mOk4LHSpsoG9Cg== processed in 421ms
[2026-08-24 03:05:32] [DEBUG] [db_pool] Transaction payload payload_hash=cS3G+Tar4g8auOx3a82s+p2oodXrsPIALqN2BoAoDQuMx4erStWcMXcWlSTWiqkEmcMFcjG+4e5lZdAQ7oplgg== processed in 365ms
[2026-08-24 07:46:37] [DEBUG] [api_router] Transaction payload payload_hash=TAhj/E12pULo2SZuaRu+NxdqcJTPY6Ds5j8N7HBC4XtySiuk+PbEm9dxE3U0dmAf/3Jes/dnoK+89Ei1K65I6Q== processed in 246ms
[2026-08-24 07:32:49] [INFO] [cache_layer] Transaction payload payload_hash=zrM2qjtPEQGG1G3558f1cGdY7iyTjKWAtZLPgRfdWoHmu3/WGlkl8QX1C0Oop6TP6EOGWn1NjAKfp+g54r5BtA== processed in 339ms
[2026-08-24 05:04:12] [ERROR] [db_pool] Transaction payload payload_hash=r2h5L+HT4rHVxueH8GDEWLOJUHqRNqGlHGRG8PFZexQ5dFW0sUFOC3gfiHxBBOfl3HtkiIZwwjB/8hWWzq8xYg== processed in 191ms
[2026-08-24 08:08:13] [INFO] [auth_service] Transaction payload payload_hash=1/a2X5a6h7D+K8XjHfh0rtkA9MM7eOE8MBZ4lps91IKM8KYumz7S+8e914TpGNuFgjwxDRoVJ20sJjsGtdDCqQ== processed in 51ms
[2026-08-24 02:21:46] [WARN] [api_router] Transaction payload payload_hash=mV1lsvvO1rtwBYnRLX9sMKxqsAigiilJlGzgdZF0sVUMr2GM9eRAXNed90aUDXdmste9y7lac4e2pNu1QkFLTw== processed in 477ms
[2026-08-24 05:04:51] [DEBUG] [db_pool] Transaction payload payload_hash=X1U+yNvG5uglkL1hZ+eI/9D3n5wgFe4dbdeJc44/WKcdqg04R3hF6iOCl6Tap3q6bdDoIYzEvZUK7VdnK87Kwg== processed in 162ms
[2026-08-24 06:17:53] [WARN] [api_router] Transaction payload payload_hash=DscXxQoFKZovZDzyhl1dJVOrXzbCZZgZf+5Umgvn04QrBe4RV5HLq2vNj2L1hdhTX/5gqB2gC6GNiJWdCMjqDA== processed in 123ms
[2026-08-24 04:51:22] [DEBUG] [db_pool] Transaction payload payload_hash=YjHZ4rvSEGP0rhEu4g5h9wgDSD3EW7XGtZ5PzIU4u8h8dNrLrscFTmiGO7sZnNyAXzeQej12QCxxxkkdrqt/rA== processed in 129ms
[2026-08-24 07:50:44] [WARN] [db_pool] Transaction payload payload_hash=Yfqkk/n/EKFhoCKtLoAH29m/O8pqdY72e9Hf3sEn/3fmleb6oKWitu9xuqi6ulU+G73Fl3ljFALTxcBoUAEfLA== processed in 57ms
[2026-08-24 09:57:43] [INFO] [cache_layer] Transaction payload payload_hash=tr7SoFYqLF3NdZm0tYirRL84/f9BM6p1wJH0rfsS5qHDYxbCU2PfKjAgSZyZPEX+ejkakUoothYE3/puXxKi8Q== processed in 322ms
[2026-08-24 03:07:26] [ERROR] [api_router] Transaction payload payload_hash=gIKjfs7d/QzP0SEsS999f4VTlnXGwagEH25ihcEM0tugpDs5iH2KyNRyEz+3vI8C0TqGNADhMUFp0v1sUoGiLQ== processed in 158ms
[2026-08-24 07:40:37] [WARN] [api_router] Transaction payload payload_hash=eziDOvZG6YWhszGbX+2myKICFsxOkH/IKzXfu1PH4ujswT+AokMcizdpN1qV8MQLjfGfl6NplOeJY2EuaBMNrA== processed in 401ms
[2026-08-24 05:02:23] [DEBUG] [db_pool] Transaction payload payload_hash=La12J2zf6MH7Qcug+zuuWBx2HxdzobeW2pN1OBSPOcOYG7fIp5rT5F7wmW6jodMHK9cL1JnXuwXBRIGxbjhyNQ== processed in 254ms
[2026-08-24 04:50:56] [DEBUG] [auth_service] Transaction payload payload_hash=o07IWge4U0k5BVt+saJSnZCYdIsy81dyw+LtafA9jDxbc8ZLTfSX35al6FLIIUH0PrXuPyxjU561b7QbOI6XpA== processed in 237ms
[2026-08-24 05:04:27] [WARN] [api_router] Transaction payload payload_hash=G/+586FRx/hIsRPV0iX8mYgykzIchsw833FBy9V0BJtCcou3jqkfF2hdxFVdLDIdiBHBRK2t2Cq/gsOgggHZRA== processed in 450ms
[2026-08-24 05:16:17] [WARN] [auth_service] Transaction payload payload_hash=X2/OTZXCsaKlr71Ncxp+SUr5SON14ETIeX7wSzy4DRkVBrt8sVe81kOxCtbJtLXP1tk8aXO7Sb60Ye3kIYqaUg== processed in 101ms
[2026-08-24 08:22:52] [ERROR] [db_pool] Transaction payload payload_hash=Kzc4+asm853EDQBzD7ErgVL1Y0XFsJ65KETiCfR9Uhp1G37nHoCCROP8JIE0w8/PXDnsYr6sCgZrQVKatB9sTQ== processed in 488ms
[2026-08-24 07:29:50] [INFO] [api_router] Transaction payload payload_hash=v0ibiX23VOoLzB9mSE0HfFOemVNGo3RFuhVSpX4yAUOwaswE2PZAECaiwTj8ei7jGRBUO2hb8dmjroG/XllcXQ== processed in 357ms
[2026-08-24 08:24:26] [INFO] [db_pool] Transaction payload payload_hash=gVWbCJ6PYkkfJLG2VMhKtoKl8gk2m4QCWx5z0Q2it44wjQQDUbY7RYGwQsADMMkBaxsRMHAqWHJpmMF8oXLMMQ== processed in 170ms
[2026-08-24 09:31:25] [ERROR] [cache_layer] Transaction payload payload_hash=B+ay24I13pUjUKsDxypkuefDeC9WcAqneI2tt5Z/To/UMZBCRRNemtK/uKHJ4SXetuKQGu5xCN4daPw8g9QqtQ== processed in 107ms
[2026-08-24 06:09:01] [ERROR] [api_router] Transaction payload payload_hash=3Ej2owfUQUFwE+v229GhjoPomEXMHTe7Uh5MWVKaQcAK+8HK64btPL3SGgACZys/kbpalL+KaV1PDER0i80QCQ== processed in 487ms
[2026-08-24 08:47:33] [DEBUG] [payment_gateway] Transaction payload payload_hash=b0oJMN9iC55B69DmjDMN8ubnd5fXiDxo+2RUZm7ZugT2EHlw1+cJMpLgZ1To7NxsJqr7gV90RLP8FA5i22h95Q== processed in 376ms
[2026-08-24 02:24:28] [WARN] [cache_layer] Transaction payload payload_hash=RakTFtWa3Y2cWcd8anrJK0a+xJ2zq8wEXmZiE2+ZQy3tWZHlUCBgI0l0l4/yRNuV2ODCsr9nXLxFVdqq2n5VJA== processed in 237ms
[2026-08-24 06:14:37] [ERROR] [cache_layer] Transaction payload payload_hash=h+97Pr5dniogGyxQBDlyK1lxO3f6Jro8265QjZxuqborh4FCQ7tY6d18YI9LjnXX/BCEMOiBAi+5V5Tya8NmoQ== processed in 451ms
[2026-08-24 05:24:58] [DEBUG] [cache_layer] Transaction payload payload_hash=u8L0p0PHXi/90LjhSYwk5DceFbPK3DDv6mP1dcKaXhEZZPpco3bVWHHtl8IJw7C3/zf9Iq62vhIJZja7IbMRRQ== processed in 343ms
[2026-08-24 05:07:31] [INFO] [payment_gateway] Transaction payload payload_hash=3V63cBOLMLs6O5P/qwROQK1pf546wUtciDt3q9+tc6MNCws1UdRd1g0nyYr243YnPh1hjgqGZBg4Di+RUTMZ3w== processed in 454ms
[2026-08-24 02:22:33] [INFO] [auth_service] Transaction payload payload_hash=IARBWEAZKK6XR/Dt4kcPcYLQUM4Yqqp+tNtWiN8LIf4z1+OWgWlSrNZp8KpjUg6B+2WbiT3pSj9RsXrGbb1XdA== processed in 265ms
[2026-08-24 05:03:59] [WARN] [payment_gateway] Transaction payload payload_hash=EXiJREQum4jkFB+s8kRR8dRlid8lTX/T91M5iTwQTKZeArPlN1142f+vrndKIWyXfr6b1dut5Ue5f9ZH/SjWVw== processed in 178ms
[2026-08-24 04:56:20] [INFO] [auth_service] Transaction payload payload_hash=K9IMrliSAT7BQt8SjJV7YZ2elGu2aGJAw2F7VEOKPxst9vUteipaNVVOuslKQyDZPQg3ESsquGyUj7YuSv86Qw== processed in 249ms
[2026-08-24 06:44:43] [DEBUG] [db_pool] Transaction payload payload_hash=f2Iii53IMia3EyEdDkCRa9pbDz9d/CcMuQw1yTSVN9BziS8dAG5CxnaU8lvCbYyDFwSHbBSLBMpvOLmOHpCN5Q== processed in 419ms
[2026-08-24 02:36:12] [DEBUG] [payment_gateway] Transaction payload payload_hash=YA6zQUal59DhlNBnFtf5I9DiacFILviCXQz80iH/Svhqt+4+V1XjXO/MWkFy4+ZfpQpBnYeINpfjDL2ry9ScQg== processed in 359ms
[2026-08-24 03:23:15] [DEBUG] [cache_layer] Transaction payload payload_hash=DSUkeE4XuMm0Y1qRS9sSGSvX79qYzO/VXXLarl498ggeiBrLy4irqh3+7oHX08FzT+mctACXvv0dY7rPztS88A== processed in 1ms
[2026-08-24 08:59:00] [DEBUG] [cache_layer] Transaction payload payload_hash=vH22cKUGL8kA/XIyZhe5TT0zsNtaED3hSEH2dJYlJbSa3EaEfMBjeX7j5JDyNWU1TD4y7tLehiSOK21R523Ofg== processed in 92ms
[2026-08-24 07:26:03] [INFO] [payment_gateway] Transaction payload payload_hash=HNX4bYId1CO6eurmSsNE5FLs9b96Fev/fTXBU8azsaWvNdaECEIHdpzf1AHtq6R+GWNFW2VGteujP8+R7qbV4g== processed in 201ms
[2026-08-24 02:54:25] [WARN] [db_pool] Transaction payload payload_hash=7qD4kvEQKwzMyRHSurwTUlm2CCG/+4OV48Pscfys3qxFFuEv3ZXyIW2x5IwRu7UrKziwklpRfm1Tge3Q1idzjA== processed in 474ms
[2026-08-24 06:43:01] [ERROR] [payment_gateway] Transaction payload payload_hash=qxy5MswKzRBPXO41kum5kz7uTl1J5St6H0h1ep4JFgQbWTw9sR01gUbPXgxSKeMRRndojBWdNAAO9gJhUDZ9fA== processed in 161ms
[2026-08-24 05:41:52] [DEBUG] [payment_gateway] Transaction payload payload_hash=qw1abP5pFIYzMDaf/6zhIl0MAKAvomrwAOU7RZFEOyvt0y3UJDG1sv769Zy53tPYkrYZmD6menYIiL3rPzxc2w== processed in 33ms
[2026-08-24 04:19:45] [ERROR] [auth_service] Transaction payload payload_hash=eFlZeuVtkHL/LYZCE6CYX+WORETw6yP4pCGvFWVOwXH8u7kxvrTsp1ts2z4ZPK7/U84VOS+WYyAHwA7xcyyhXg== processed in 60ms
[2026-08-24 03:56:52] [ERROR] [cache_layer] Transaction payload payload_hash=ljIvoPu442NkX4rHvOoObTZ+eRaC1KqvarxLqxosZ2dOK+QPzi58XacRA9dyerkjBHF015fpWNDh3f+VnuMx6Q== processed in 117ms
[2026-08-24 07:56:26] [WARN] [auth_service] Transaction payload payload_hash=ZZnqmzptwXL8koPdk2V6wCe/P3dMKY8qWFwxrAxV6Wod5aZRV3ypuRuSuOoiaj4J3TJV+swbR8uO1gh+7pjlIQ== processed in 54ms
[2026-08-24 08:52:05] [INFO] [auth_service] Transaction payload payload_hash=g4N7pKOaQw05CEYu2byE2sjRov5NgGefxoYQBq1kXd86HzsfZzNlliZsRR6362w7Swc7fUUxW5AsfRxBYgWAxw== processed in 292ms
[2026-08-24 06:55:13] [INFO] [db_pool] Transaction payload payload_hash=5RMiQcGRKnAvz6bjK/LS1PKJExYmR2OgKnBVZrtMFyY/VDV3D0Qb4kbNx3rESnBaZ+8C8Ru2wddLo3IaC7aYhQ== processed in 328ms
[2026-08-24 07:41:01] [WARN] [api_router] Transaction payload payload_hash=arjgTAQ4oxfJRC+1N7N8sXOEi6eQzMXNYF2VdIwHdDZ6Umdm3e+xIseHNgjL7ihr6uBlX1JeJSwywneKvwiDIg== processed in 443ms
[2026-08-24 06:25:11] [WARN] [auth_service] Transaction payload payload_hash=sGzfcM5gKSZ7A2BiNl866R/FOYsDw+gENC309RnPafjA3SPfMYVf/SQd+mwcdQ/1NF3abM04XHH45K6bsqo5/Q== processed in 183ms
[2026-08-24 10:36:41] [INFO] [cache_layer] Transaction payload payload_hash=Yp0XV2TP+1UTNlMaUOBa3AWuCcZXHEyBl+P/I+dtomnB7LvEfGGdxQw+lHE28ZJxIiFHB6K/2YdfnoBywsi63w== processed in 100ms
[2026-08-24 08:02:39] [WARN] [payment_gateway] Transaction payload payload_hash=eP/uStMKc8CXoY180FOvkVJk5EwpUbJMKXIvkq71rGGIh7Kwwtn1ol6o+erAS3xcQwilsdQMv/u16ivUWVuWXw== processed in 365ms
[2026-08-24 08:10:16] [ERROR] [auth_service] Transaction payload payload_hash=LG2gE6YJepRmJ7G0KuLVGu61zwlPPp10DqrJfqKv4LCzOBYWPEMEpep6bOIFkepgFzU7GkaaP/BZ61vTHN0Rrw== processed in 397ms
[2026-08-24 04:21:09] [DEBUG] [payment_gateway] Transaction payload payload_hash=fMqpaBdbN3+Q7T3LkaEbAMH3Yfx/aWgO9/+sroRGq40p1Ixe7e8ZYIovx7KDIglBmz/UzdEk1KYRZjg3ID+URQ== processed in 379ms
[2026-08-24 05:52:00] [WARN] [cache_layer] Transaction payload payload_hash=Sh/81gsljgEVm2zhl5QbUTnfP/pe6jBPTfIvDxymSsFDNe920Obsc8gUlIDIXpMU+4julO5Ef1fUOVHrkroS+g== processed in 93ms
[2026-08-24 02:55:15] [INFO] [db_pool] Transaction payload payload_hash=WTk2Qki9Vma+FrRC5LpeGJ2yQOquXxIsVpkzucSF+bczg2uv+L84inHeQtizUmurSfeFwFiA8XrkjLGeSLRZEQ== processed in 488ms
[2026-08-24 11:12:28] [INFO] [cache_layer] Transaction payload payload_hash=b9iQGLkc4DJsHzJOuOfsuTZRgvHTxA6NwdUsQ2vn9du4N40j5Y/zfB/f/+MMYw20NL5rDKqNPM+9tE1H5YZjPg== processed in 115ms
[2026-08-24 02:19:10] [ERROR] [cache_layer] Transaction payload payload_hash=TIxWl52UovBYxK5UbGJL983gd/egLrxLiWPizu0VIVwK9glN0ANOZyO+1q20Bqf0T6yoCxX25pUvFJquAd1C8A== processed in 355ms
[2026-08-24 08:25:43] [ERROR] [db_pool] Transaction payload payload_hash=x42xhYor3F8voONm/da9tYBnGKE/UWJvyW9wtybLsFp/cI1u82ZNy1aPXQnxhOh0NgIs4xck/XPsQviur6EnYQ== processed in 105ms
[2026-08-24 07:22:40] [WARN] [payment_gateway] Transaction payload payload_hash=rZPnoLgWtwupNFFrll/izMswmh7ScQEFy43jX8PLR77dTSTlntS8peq864K+IbktXP3mZ81H8rjA2YKm4zSetw== processed in 176ms
[2026-08-24 10:53:01] [INFO] [auth_service] Transaction payload payload_hash=I5UNDA8eR9QjatsqQEvWAZdtJyjZjSJXL6uT9FnMRNI/GnWi5hQxwedaQhQMsAos5BpdADfVJ3ki88PIokJqug== processed in 196ms
[2026-08-24 10:41:50] [DEBUG] [api_router] Transaction payload payload_hash=1wW1lccoSsUH/wnGwsghsveq+kTHfVCMF7uixdcmIbUn97xxlVbbv9cBECvAIXDFAWIoeNMk+bFfMc57eAMlMg== processed in 359ms
[2026-08-24 10:44:32] [DEBUG] [payment_gateway] Transaction payload payload_hash=AeyOIuiqSbOiBwC2jMwMCkBXabC2aU22RIht5c2UI+lcCxfUUe6d4vN0Acuz8eeZIOI+HMvWOUoEof1H0MB0Ow== processed in 131ms
[2026-08-24 05:30:48] [DEBUG] [payment_gateway] Transaction payload payload_hash=Mp4Yg1Fuzvml93nH6+b2talovKSbchmVf8xCJEpKmVKuTr+YAWlQT0rEOVsVsN+eEAuDGkZt8TG1cMRAr8qRzQ== processed in 199ms
[2026-08-24 04:26:23] [INFO] [api_router] Transaction payload payload_hash=RY9i0vGYcr6FUrVoygo7sXEd2pvNyvYgE0aVEb/1CU/3Fodx24dnbAgwNy+CBWcr/DE272bqx0xc1+SYzU+g7w== processed in 334ms
[2026-08-24 10:44:34] [ERROR] [cache_layer] Transaction payload payload_hash=n33WifEC8p1QTBhFTOeIvWrNhN9MIZeEmFRMkNQepNSJVW8X85zs2bbM8S7s6eifXvIbwB7MY8BULVQ3+Rrw+w== processed in 158ms
[2026-08-24 09:30:36] [DEBUG] [auth_service] Transaction payload payload_hash=lctoNW3VJ57zBO9Peqz1O8Cce0zUlEzNmyWdrhZjs3fUWp35iBIqYn8MYkoOT/DG6tObVsdtAZY9E2MZUi2tcg== processed in 103ms
[2026-08-24 07:17:39] [WARN] [api_router] Transaction payload payload_hash=9j3CM0jLCb4osW06hJv/VuyxV8FiWESX43mKuju+7Tq89pBps7ExDUoZCRLbt1YeryBiH1nePZEMf/ukik+L+w== processed in 402ms
[2026-08-24 02:20:58] [ERROR] [auth_service] Transaction payload payload_hash=bdnU/5T1i4zsqt4ltx5zBTfzpoeCo1VlupMHVDUQhOkv1xqXF6GqQEAmg3Srzz00h+IRiyIac3ieeh1TVUjhWA== processed in 359ms
[2026-08-24 08:17:21] [INFO] [auth_service] Transaction payload payload_hash=vfDAHBbhqKCygClzjHQ14ECtSxviiMFloasUsowdSQW4L6NDmtythgQQgkJPg+YFMuNgQ0HrB4ZNfgdsLN6IDg== processed in 4ms
[2026-08-24 06:22:19] [DEBUG] [api_router] Transaction payload payload_hash=RvSVKHnepLbFC3DFZmjW72VZWO1kJkig1CDLc+ztgAXsVEWqjYr8fg5FYo+xly2/EXxk/mM443e5Q3YygRCang== processed in 351ms
[2026-08-24 05:13:29] [INFO] [cache_layer] Transaction payload payload_hash=zkBsk1CyjlSQiDm/AiOvpzmWig9GwxY78dzp++VSXhRwWf+sTUaO66bQGC1FDifR/A7UOveQzRH6KaAC0vB/cw== processed in 436ms
[2026-08-24 02:29:01] [WARN] [auth_service] Transaction payload payload_hash=EADN/orvsT31DymbM4qgxKJ1TB4t143jhhB/rxd9xnK7Xz4pBkKuXgIVM0cPxQ+lDqaBraj6cHKDQGnGlWcDCA== processed in 333ms
[2026-08-24 09:44:18] [WARN] [api_router] Transaction payload payload_hash=ceP009h4VoST61ZKJ0omDd6OtlJCYl6j+KgjK4EoYH6J5FhZgJgf7IW4RY2/N75Fvt0hpIZ7WsO76Yhpy3La6g== processed in 434ms
[2026-08-24 06:31:26] [INFO] [payment_gateway] Transaction payload payload_hash=bijT7JmB42oW6ZxNSm3gBoKMG9VIAMxFeSgOylEP2LfF9r+wjGcXMJWBUF139l93rt8d1Q+NrIs3xN96No+1Qg== processed in 177ms
[2026-08-24 09:29:49] [WARN] [api_router] Transaction payload payload_hash=yy1dR/qNsECu5O6tJ01yuXM6SuBkxUDOdxozKSV0OBohomp7djUMDFqjOCsHWuo1bQdJpdRkkUHVwiIx0ATh3w== processed in 187ms
[2026-08-24 06:38:36] [WARN] [api_router] Transaction payload payload_hash=bNrpWmBKHbndGRy9NybUzcDxr6lHMR0NRjjZ+Jb5hsz3zG6fuETLko+bo/BIjS0r6VCJpD7L/rTWRhEYC663Mw== processed in 245ms
[2026-08-24 11:11:26] [ERROR] [payment_gateway] Transaction payload payload_hash=YxuMCbw5RQMMKUS+E88NJ0tAiptJPNI5fZeALhvhkWGiqpKjRvD4bcIR2Ozm2wIIqOTRIn5zs3S7dfSF8Oigtw== processed in 106ms
[2026-08-24 07:58:42] [ERROR] [api_router] Transaction payload payload_hash=Xmv0zNzxZZpdWAzr1wQSRwiwtmTfYikyoXDocKFAhnrYWdw9C7reQKwpWRTVV9j0HheZKL5/y28xGQnZfn7IZA== processed in 474ms
[2026-08-24 08:49:34] [ERROR] [api_router] Transaction payload payload_hash=R6ljpXJ9qEEkHREjpp09HykiX5WFwBX3D+g9CCP4WheJJMddIdPSLk8QfOy5v9rUIGY/lignir/CYyBH4kAtgg== processed in 99ms
[2026-08-24 10:01:56] [DEBUG] [cache_layer] Transaction payload payload_hash=ZXTcnrCc7FBQBd4UlfDqaiNUcfnlRHzGn7U9uyzRTZWUVdyilHjijxNvwE2osAxcWXw9fINQoLJYbKHjiV/JNQ== processed in 462ms
[2026-08-24 07:28:09] [DEBUG] [auth_service] Transaction payload payload_hash=K7oO9ZlGKwhEfzNmpcICBY5tEixG0gIMx6ieKN4Hjxh7/vBM5mcqdBfaJpSa0OGRl1EGrUq+uQgvSZKoBlStcA== processed in 475ms
[2026-08-24 07:56:13] [DEBUG] [db_pool] Transaction payload payload_hash=Dafjzxg0kK2D1tNM3uezTVBJdFpHimM5O8ZBKTSDzUZCr/RWh+ADGPN9jprkkDoemgHAhjuzXbNcHJL+sX7xzQ== processed in 16ms
[2026-08-24 04:41:30] [ERROR] [db_pool] Transaction payload payload_hash=AtDla9qdjosKTKVUGGdqSjXtEILzMPoO9wJZwZ9KJgo+Jq4/b6B2OF/vXfQsz0BZMtTNjeyHmYxZ4LYftofwnA== processed in 297ms
[2026-08-24 06:35:53] [ERROR] [db_pool] Transaction payload payload_hash=dYHOoVh1fJjMMtwj8F+RXsLa/ngeGQ6jvmfAmjdW4+zvHo/esxx21bn4BbPxudwv9aXf/Awl6QaRzhDh2gFiqg== processed in 12ms
[2026-08-24 04:42:08] [ERROR] [api_router] Transaction payload payload_hash=iMnlngqYHn3PyVU2tLD6ILd58C+otRL1+CfaNiHINIqmwyIQgUxePlbyi4l2AiUvGOjMkrSIUGoyY6Hq8Chmpw== processed in 364ms
[2026-08-24 08:28:31] [INFO] [auth_service] Transaction payload payload_hash=wq2xWOg7Rl9EhEpIFaf/Z2ZAbvfyfdhms6Y1/751Fc1ZhRPKD2OCCmuu0wO2NzTieWq0YCjmmfrjxht8zfpe6A== processed in 431ms
[2026-08-24 05:46:36] [WARN] [cache_layer] Transaction payload payload_hash=5Yi+R4gojL/0Dd73s9gkJa8lUq5+DgtfxBip5HmmPgMZyouZpDeeEDOdd2XZ3gN62takpCxkJDt/8Ea74rOcyw== processed in 338ms
[2026-08-24 04:07:23] [WARN] [cache_layer] Transaction payload payload_hash=covBCuWKk3s1vgL5olvxxp0PHbGs6hiRqU9yJldzX/+lcSETFkAQRb9bV6L1eCBsYlwAWoxnIzIstd3OY3AdzA== processed in 178ms
[2026-08-24 07:44:19] [ERROR] [auth_service] Transaction payload payload_hash=7wjE/OoCWAYu3C3V28NTBpBOTudU/h+3jOjHnp2a1zC0gSIYUN0l3Eab5n+kJOltxHFmIw3dAygBcMgFQQTX2A== processed in 259ms
[2026-08-24 08:32:08] [WARN] [db_pool] Transaction payload payload_hash=SpZYaokhxqyVQAY2fSLn+qsoMnHehSNM3JqZuj3EwpYKXqK1SRGQkVqpGtl+cbAYvI8sfiUPu9hNW0P1ZuAYOw== processed in 97ms
[2026-08-24 08:02:38] [DEBUG] [db_pool] Transaction payload payload_hash=VsMoEWvIf7NylYUiuTV636f39WkQyvkYvB7IfYj40iQf/8VBOQ0e0enDYg6S93Xn1R642ntDxFJeKN8px00JGQ== processed in 383ms
[2026-08-24 05:42:32] [INFO] [payment_gateway] Transaction payload payload_hash=29lyY4VuMD8X+AHKlmONaBlO3p5yV5HcQOKJFnJTNez2vocv8109e3vdFPqOhGPCZuVSpP3OkXj8U6dPgxnCnQ== processed in 32ms
[2026-08-24 04:50:54] [ERROR] [db_pool] Transaction payload payload_hash=H/cP7wUdI75weuv5yyRQ/e19JEyPXqw0ANqR2PcJ+wS8kCd/ppo+AZA90hvQLqXRsUABz6orux1KRG1oqjblMg== processed in 54ms
[2026-08-24 08:50:27] [ERROR] [payment_gateway] Transaction payload payload_hash=B52TuyJZhaWbMuZpx1plrMOEgjMqIJ5SaFlMGZIzLzH/HyzGBFpM/gYjyavpfD2MbB/XTcR0Cq/wNGjtZolSiw== processed in 245ms
[2026-08-24 04:36:30] [WARN] [payment_gateway] Transaction payload payload_hash=C3eXrNqjZmTlccXNdi1vPJok+9MGh6K3UdNYdVA7a1vZabHXrN9ViqAYvMDBcbwHywFfB8A0hiUKYlDdK+EraQ== processed in 411ms
[2026-08-24 06:03:04] [DEBUG] [cache_layer] Transaction payload payload_hash=CJub7WniZhlysNbV6EmgfX4WzATuK32hXtJdGKIsmL2NDclyAGZYiV3cKr441XcS16GiD8tMW7PAtccLCJGsTA== processed in 463ms
[2026-08-24 09:37:56] [ERROR] [cache_layer] Transaction payload payload_hash=WsBdGeQFPt6c2Qtw4P42MFPZ3HvObGhc3mztdUyWIS/0+bnoOUw7aO/pX+0VOLZWiquYT/XZRMnap5hrVrAddw== processed in 227ms
[2026-08-24 03:55:51] [ERROR] [payment_gateway] Transaction payload payload_hash=nFDddalO9IdTOUtvr7M4IzXDdRKSXbE61vNKIHs2Pr09FWyvGxFk3bAS1w2rfx0piVuKorMAHrcUogMhmuUs6Q== processed in 498ms
[2026-08-24 08:14:14] [DEBUG] [auth_service] Transaction payload payload_hash=YByWu2qEeQSrXvKX4Q8D4ct6pwpwsBRPINg3ELomMDvLH0QAExtBZNacNjGtoEzgzcH6w0gKzsIpN/dYS9cLGA== processed in 270ms
[2026-08-24 10:56:51] [ERROR] [cache_layer] Transaction payload payload_hash=N898IlckcuVnisJfkLXQ0ZfvcgvW0Hx7vzlcqFciM6i+A8tS7MFriH570eVYjDGusX619CoaxzJBkTiG0UuSSw== processed in 366ms
[2026-08-24 04:05:07] [WARN] [db_pool] Transaction payload payload_hash=yFQ1mKythAkF661lqzMkw6+q9mdDSBHiVfO3vhD6ZkhsV5U0YxW+TpPJ99EG+X6xNWD/znSqv5LFX7nYkQ/suA== processed in 24ms
[2026-08-24 11:01:08] [INFO] [auth_service] Transaction payload payload_hash=BxPXEOpLYDodzjgLLzjZT1+NoHQq5JdVBpJYHOZGMT2zo9ay2oe1WVq5vF01IzRoaehsv3eUlE8IWrHyb+2LuQ== processed in 100ms
[2026-08-24 02:54:32] [INFO] [db_pool] Transaction payload payload_hash=ugcX1/vSi6K5FJY/se1yTlGd/p8nWui+SCK3KL2AePNoEKyekAObJMYZUMAnzDPi/u+Me2CofLdkNc2Z5oX1ZA== processed in 325ms
[2026-08-24 06:59:04] [WARN] [db_pool] Transaction payload payload_hash=jn4LfI0z++HI44nJjCTQtgbyb4LpXt9EXcBssRanWmFgVlBoMJBCmnJVXLcfIwI7ARIa++2bB/2vEl4IqWiFdA== processed in 410ms
[2026-08-24 09:27:16] [ERROR] [auth_service] Transaction payload payload_hash=nU/L3z0mznlEldolK5G/Jtk/1maY8cU5k8DY9Y9mHOFsS0lkGtvAD2KiDJSO4um0pV2ua0szBCXb1vqtLW5gew== processed in 10ms
[2026-08-24 04:06:47] [DEBUG] [api_router] Transaction payload payload_hash=kMqamomNTXSAVbGCuiF6nbcowdXPM/PqCkJ8gxLEFgkg8XZY31yVhfFCpmaEeb2sJ1Kku+O50rhlPoEvwmB8fw== processed in 453ms
[2026-08-24 05:25:58] [ERROR] [auth_service] Transaction payload payload_hash=pySv4OSDCcNd+oOy5yW41uSwY5/4DDjpSsRxO2rmIxGCOZMmTxQW1TocAkjU0eaNPbWRalpzddTMVUEzPCp+Yw== processed in 487ms
[2026-08-24 09:08:27] [DEBUG] [api_router] Transaction payload payload_hash=Ddm9DWPJISwuDxkahfwUtwDPqZZl/aXj2G8Gpj1UGc8xKmHQ3F0rXQ3U/G8qiOoDnVpHD94e0wx8t98icS716A== processed in 356ms
[2026-08-24 05:47:21] [ERROR] [auth_service] Transaction payload payload_hash=y/w8Lmis1+lyxRG9ft2YtkejvM4+pnnrbE+UJphllcEHcHGmAQ9VoNSxZ/OeOpqnrkO2WJyFx4ML0Cye4ao5sQ== processed in 125ms
[2026-08-24 03:56:08] [INFO] [api_router] Transaction payload payload_hash=aOsBdDxpCmHoFOGw065qagyATUDvqm2hH7MXgnysaeY7E9AXEoHIxIzvyy64ntfwKf13MgFm9rs2N9im3rdf+A== processed in 419ms
[2026-08-24 07:09:14] [DEBUG] [cache_layer] Transaction payload payload_hash=BbLGKWqLWIvE1zwSpHbAC/uSgz3UTL2F8hjkWWs0FAa0sA4IMzlLOlPy6CY+wtcK//Od4+ZEMxtU8qK5hXOPXQ== processed in 115ms
[2026-08-24 02:31:01] [WARN] [api_router] Transaction payload payload_hash=gwn1AdR6f0hC+j/8G/yTZYnHdwyMQSJFjuBhwQuQyQIZWOwy70lKxgNe6OYlMIXnNebbGUV3zf/PWox3t1l7Xg== processed in 483ms
[2026-08-24 02:56:59] [INFO] [db_pool] Transaction payload payload_hash=n098SRjmrIMnuyQVmzliMUxlEewxnEsxHL4YUmnhHnznxE0eoQ8cvjqLNN/1kLtVX2+YKVMWEq5PG6tgGZM3UQ== processed in 391ms
[2026-08-24 07:46:00] [DEBUG] [payment_gateway] Transaction payload payload_hash=ZGw84rU1rb8jHdWhUpkcndQbaPYsbqLfJDvl0kHiO3p+FEjJ7KrQOI42QzVSQhnhJBOHu2VZsPeFZt+vOxtxUA== processed in 480ms
[2026-08-24 04:37:23] [ERROR] [db_pool] Transaction payload payload_hash=xsCsFjXrWb1d8Dmhmibsv5VXXJc/PYkGUr2eoj2Qiepp/YUOFzNQQDjte1DnI2BgzU1rPwu9cATwBKR7FZ6NYw== processed in 423ms
[2026-08-24 06:44:58] [ERROR] [api_router] Transaction payload payload_hash=YXCzDRdZ2NIYnLFzfFgkc54EnMR2gsjo07ZOs/IhP2cJhuy19FgVUWvNlSGhBdzOaOtndsu86eytda3Ua7YQXA== processed in 263ms
[2026-08-24 02:40:20] [INFO] [payment_gateway] Transaction payload payload_hash=BpgCi1LUaFarhtr8nXl1sips75Ku2O2r95+nEwAGbF1b4gMQ+bHBFqLDRyFp4NeGM2SJLJ4iBWSHSRHhlTWGug== processed in 123ms
[2026-08-24 09:57:46] [INFO] [auth_service] Transaction payload payload_hash=QlTuLb4MfjAZ3J5wUNATUJjrR26PcPMFAuUT6o0UiLnnxUgvGAI114GxYK1WTqKkxWN14HvXFp+dFaV1GM1kOA== processed in 23ms
[2026-08-24 07:43:49] [DEBUG] [db_pool] Transaction payload payload_hash=bPOOzF6+Z1bsiF+kUrA0SFkTLzSf1mSnjrdIAnlalku6btzjtjALWiurxEbjfRLH0d2+J0WBKYf40yxeu42IpA== processed in 130ms
[2026-08-24 09:23:38] [WARN] [auth_service] Transaction payload payload_hash=8/h0bvBRhVuf1QEaMZsFxnfHPARJICvfLT/C7kYtgvQYZkKo3qi1x3remBt7MTnGn5ZC8yITNmUaI3WsRIchlA== processed in 71ms
[2026-08-24 09:41:00] [DEBUG] [auth_service] Transaction payload payload_hash=CQlliT1lDEaixqybHLNsc6lGDZDSLhGv03IRS3JoiNWylJmuixUNL51VBeH2Ih4TwoKHldz8B5RZV7ki9QnmDg== processed in 54ms
[2026-08-24 08:44:31] [WARN] [auth_service] Transaction payload payload_hash=IWoD09kCTCZenFcquvVE3uE6vYL2I5V7pe0A+FdFvtBnnrapnJhwoEiiU3YZSMa9A/InQuZ526/Dl5UqqNSWdQ== processed in 31ms
[2026-08-24 09:14:07] [WARN] [payment_gateway] Transaction payload payload_hash=zTlT+C0OrJOk8M1p0TOi/xzwAsPfE1ofQ7uXlKcn6/DOqtKL//zR7sCUP2csAHVL9CA083BjgS8+bDb6WBActA== processed in 404ms
[2026-08-24 04:15:05] [DEBUG] [db_pool] Transaction payload payload_hash=hm2gXuEVMw8VCP/2WhQNbCIoK9m7lo6yDjiZnB3cMj8rvf0Gwig7UzqxNPSZtd9Bp4eABY2+jmN1LVSkvjym7Q== processed in 401ms
[2026-08-24 05:10:21] [INFO] [db_pool] Transaction payload payload_hash=mKFvkMaePXAxbwhGlvSRvpm8bCtdXe9kd9A1E3mnBidgDceLyrIBPF0izAE3O0CjFyd5MY3qgUtUkScFaPXdUA== processed in 8ms
[2026-08-24 08:07:33] [WARN] [api_router] Transaction payload payload_hash=CK/HCi+f9kqaDT2oTUygG0glzvyqHMmjsrTsnv8xqHwrteK4q61UErpx8ECLIIk0aTdfm09kR3tkYpIe0yj5uw== processed in 305ms
[2026-08-24 07:18:07] [DEBUG] [api_router] Transaction payload payload_hash=auETmja4ZNCPWlLojtsZueKmnl817sQF3p4ju/Eqaa1nK35QywPZxjifoTEyR5zzEauTM5PeU+iBqlVezJcpdA== processed in 434ms
[2026-08-24 09:28:19] [INFO] [api_router] Transaction payload payload_hash=S1P966f3xfxL4X1VGvq8CnXpZeJDGA+zeB0kZbD4R/v9Bn8EPDG2Qw5/4cD/4infFoKeR0G9RdVmFhN0Y/hDCw== processed in 473ms
[2026-08-24 09:49:50] [INFO] [api_router] Transaction payload payload_hash=Is/yV2+XT6ZqBzTamM6AyCzcAi/yfyBTWLC+H9xvaj3b36m2UHyrXUPMJa3NRpAmdGi1AIFZHmG42ydnvcG5Tg== processed in 210ms
[2026-08-24 06:57:10] [ERROR] [cache_layer] Transaction payload payload_hash=lLB0LUMfPI4DE5hUml5Y4NZv8nEZu9G+BXihYbY9YAhVUeGUz1JKiMqof9sErcK//m2n24p/4cxiZIKBeZAPPg== processed in 489ms
[2026-08-24 06:36:11] [WARN] [cache_layer] Transaction payload payload_hash=5b/cykN0CHcba16D2K5++3+RWpG10Yq8zmS1WXIOWx9WPtpdlg5HGBlGosveagYR4Tl66IHUmpNOswwL4edO+g== processed in 0ms
[2026-08-24 04:56:14] [INFO] [api_router] Transaction payload payload_hash=IDPoIPI3UzHGmVURI8ywo5h8Gdikw3E0+D7iN52DzAq2FL+V7l5WzLSp27liarC5jEbGrXoNKQY1Mg2y3qG2hQ== processed in 111ms
[2026-08-24 04:40:26] [DEBUG] [db_pool] Transaction payload payload_hash=5wak3c+ZJ536B9NdW2MsapJf27JEueBrvqJC97+q7j51al+uugicBJeRixjyz/Mj72mfMEiJLfydS5rPg8SLdQ== processed in 130ms
[2026-08-24 06:04:48] [INFO] [auth_service] Transaction payload payload_hash=pKmHdTEfsD7dksZwT8HwYHZWqLRxKfpJicCAHYM+Iy2WbkVcfRuWXnipGaBgbh3IvxEmZ4i8jOGgVDe2vxEuVA== processed in 328ms
[2026-08-24 06:27:36] [WARN] [cache_layer] Transaction payload payload_hash=WKjgnDXprvgWI1gjNZNG+zoE5HkYUjK3HBnU+gIwItPXVEcamBfpd3GnzyZX28KhdKhGBycivOj2wiWEZeuDOw== processed in 249ms
[2026-08-24 05:59:10] [DEBUG] [auth_service] Transaction payload payload_hash=WSqAopsiDOxI8OGELEOoAIQKY1BsDblPTYanvk0SV5wbHcu/yPUPiDyfnsBN5ywkVh6kHe5OQ7JemCmUjHnZ4Q== processed in 107ms
[2026-08-24 06:12:45] [WARN] [payment_gateway] Transaction payload payload_hash=L9LRUB98vszyQpAwgzHCFUVsyu3M+eN2uUrH6vcVN0tKxPW/mz1x87SVo+CuI6mL1hiiGo4RtQNdHbDIaKYeJg== processed in 386ms
[2026-08-24 08:01:29] [INFO] [auth_service] Transaction payload payload_hash=0J5V/DefTR+Q/Fh/YFLFMDC/JHQ3/vPuAbtvbxWnLRxZwF30dNvQTXTdCIynBwrm7xtLJ2Tg9kdfpOB00UGfZA== processed in 379ms
[2026-08-24 09:58:34] [WARN] [db_pool] Transaction payload payload_hash=IsxIATHTCyUZLN7atio4GSHwuEwZoP7MkxdfTiAyfLy5b+OJlE94obniLVnubAgX3Xf/MwvznkGipITW/igL3g== processed in 130ms
[2026-08-24 07:39:43] [ERROR] [auth_service] Transaction payload payload_hash=OSev1aUx7r1rbGLCWW/jA9+0pubeDahQuL9pAIUKEZdP3lhOJkGQLLy2oZqJLo4C6D3JbozIRMsosGFTLE2YWw== processed in 6ms
[2026-08-24 07:38:07] [ERROR] [auth_service] Transaction payload payload_hash=cQS6hhMYJFvHtuFgSc0XAI4VmyFe6drMn8nfpoLWlnf0z3BwZQ6AJUyIeg4hQZMQf36mZEk/ihDAGwAaLRRb8A== processed in 90ms
[2026-08-24 10:57:54] [INFO] [payment_gateway] Transaction payload payload_hash=eT78uhYJHYt1xv/f7Alx/T1U1BDdmt5axYeBM+gSm9e/2XNQNzfGC8+VAU6ePqdLyBA4pYXcNp86buIsJ6ZjfQ== processed in 164ms
[2026-08-24 09:37:13] [WARN] [cache_layer] Transaction payload payload_hash=mn0C9sq2zVofYtA2j9m4mGVlErhaA6aaSLTQUrJGOGr3InePZsCQ4o/rP8JMQ+aXjYRmmdKukQ7IqJQ5uyns2w== processed in 141ms
[2026-08-24 09:20:15] [ERROR] [db_pool] Transaction payload payload_hash=I+UHvHlB8lUnR2SUECVf9psGYin3bgP7FDqX0zJTwmTSXckg9175Z2Eipf2h7uQy1tPwCBu7p15+cjhBly2yEw== processed in 128ms
[2026-08-24 09:53:08] [ERROR] [payment_gateway] Transaction payload payload_hash=qvmS07Ab0WuxiNKwxf0wzwjFmBm+cSwVoAlrYLO8x5xz8AiiVlTHtaAIVMIXPRm8YUyubkcRWzcqGO6bL2U/Yg== processed in 184ms
[2026-08-24 04:26:25] [INFO] [auth_service] Transaction payload payload_hash=wLrpKTyapNWSob50csUscwez434NWVI6OlaomtzrufUAAGSDIEoX1B+aOfCO6Xreu/JXcAO6xtIjzn/yX6LAPw== processed in 402ms
[2026-08-24 04:29:04] [INFO] [payment_gateway] Transaction payload payload_hash=tv7GNg2RVvgjCpHr5XH9mS8TDbaaAQsbDRNqG64LKZjJXhrpcazRbbKMi/xgaA3tVhR4Nwca24vChbPF+yMxPQ== processed in 485ms
[2026-08-24 06:13:46] [INFO] [auth_service] Transaction payload payload_hash=nd4xb3+RsIsyKx5gU072B8lG6ZYk5XoBLOK/32LPOwI9zhIrFH94eBwhFWIxO8onrQiiYxoEeuWgToOgfaEcmA== processed in 362ms
[2026-08-24 10:57:07] [INFO] [auth_service] Transaction payload payload_hash=wSZQFHcRERJmNpordBkWNPCqkByAUdbU60JlVXOQngS8/8FmZkgu/4MCcmVpzuMq2CFqLwEf43SeWxdsbwXNdQ== processed in 384ms
[2026-08-24 10:35:52] [WARN] [payment_gateway] Transaction payload payload_hash=/NnDRj7YIzy5rIksyvwsj8V+FDe75q2d2wYRlh/Z0gCYnZukLnLdhai6bCOHdcYQS7Wp7R9+bzp9pxhxtEfLnw== processed in 190ms
[2026-08-24 10:43:31] [INFO] [auth_service] Transaction payload payload_hash=4UKBYwW/Fb3wqhuV24vq+FmPMRCWzDnCyM8YWTAnWfUqMCvWqmFzqH2qDK5Lr7HzcCtWWE9EGL/ZlvT72lqVuw== processed in 172ms
[2026-08-24 08:15:56] [DEBUG] [payment_gateway] Transaction payload payload_hash=fqaF4UJW+pEm2NaGX6973JUV09rGhWSiFpIfFunosiqIYCl9m3e8C5UI8fN8WFGFsHFBW+vHLaO6RlaeMcKxsw== processed in 365ms
[2026-08-24 06:46:27] [DEBUG] [payment_gateway] Transaction payload payload_hash=0ryWXMU7DcJVDWXRPJC7KlO1JC0EFuHiL9poqEbWo3wVrxChjLovvPtxOdzXkQvWzalUhh6evyadwU/nJi6Rhg== processed in 251ms
[2026-08-24 10:52:45] [WARN] [cache_layer] Transaction payload payload_hash=R0Op7cFFnIUsWvyJN7H+g9agrCujCB1UM55aMJpzBtVa/RZ0FfRSKFc1NaPKaqH/Ins1OF6l3tJq2l81BJjmRA== processed in 476ms
[2026-08-24 03:33:33] [WARN] [db_pool] Transaction payload payload_hash=TFMimPDH6DA7F4LcClxF0hVc3uczn9a1GdQ45I9Rrdap10g+9K4cUVr9JYzQoO/ze9IGxkgW+6Aw2SJIDCdihA== processed in 395ms
[2026-08-24 04:32:53] [ERROR] [api_router] Transaction payload payload_hash=3ZtDW7KSlJu1FgsxPDSfb1Qp1tTAktpPUOxSIVbqL+aryL3CGl3JvJAmH514U/ZPDgR2UPJlSfOI7SBew0gBTA== processed in 465ms
[2026-08-24 09:45:57] [ERROR] [payment_gateway] Transaction payload payload_hash=xG2EdPikt5FkF6m921IoF3WyokFcZaA7OFWyLSQTFCme3o4rrSIdon2uDug7HPV+d7vTkElLfNeEK2VIgXzxYQ== processed in 462ms
[2026-08-24 07:56:36] [INFO] [cache_layer] Transaction payload payload_hash=rQi9YT6jQKCCqQkm0BS8ES2ofFIPNdVKFzyJYGeKIebnNyLLVJrmpX8EofaoRZrzbmpUVxQpfADkrYmtjGaT5Q== processed in 13ms
[2026-08-24 10:07:38] [ERROR] [cache_layer] Transaction payload payload_hash=BCkLE4bO9rPasoPK+4qPmy0ZmRimU1gwJTASkEoYXQ2Lyw6p1ZiJcBjLIVRjWJ0WKi0JUXFWqmkx3ksXzAmL0w== processed in 333ms
[2026-08-24 03:11:44] [WARN] [api_router] Transaction payload payload_hash=9zWSug2b0CVtoyFVLJfRj5C4ltiYeF43BfZUgi/WUWcx5Dagf3UurTc8W3PR2i3I0cJjSTFhfS1o+yxyFCuMvw== processed in 431ms
[2026-08-24 05:56:22] [ERROR] [cache_layer] Transaction payload payload_hash=G2Q+V5ZrN+imFsan99A1WZ4ft0K6GSZMxJ3npLKKttePXoIeUEbabltkddC+8bqe/7RpXPyjLhvh5Z+GQEoyTA== processed in 317ms
[2026-08-24 06:44:59] [ERROR] [auth_service] Transaction payload payload_hash=c2K3Y3Xzharha9zYozVes1o9t35PuVXFuIFCdEhyg+d1lhRuqhthXiRcjV7dolWGOKj0KWl2ATtduT6DZF1ViA== processed in 12ms
[2026-08-24 09:59:48] [DEBUG] [api_router] Transaction payload payload_hash=4GxLzA/CSBUN1AHIn4eknLoeECq8eCIkrQedJIxGTM9z/WREl53Sbbk38UhxZuxUu5dk80YNXSNGB01JpjsmTA== processed in 77ms
[2026-08-24 02:36:12] [ERROR] [api_router] Transaction payload payload_hash=+2WSfOqrWZ9v4RXfaJ8h4877uOfY5v2Qv5d0x2xxnM3mfCB1L1jgGyQvSDT8MqnXsUHgVN4TQ2Tv9lpFoBIZEg== processed in 136ms
[2026-08-24 11:11:12] [WARN] [payment_gateway] Transaction payload payload_hash=OCY3/UXSRsLSc1p3N5pA2BVpCM+qqYjrszeXkV+7NP53mdEf5BsQ4SxLiTFbdg5Sa8NSY+OrUdS2mJ+d6yjFlw== processed in 433ms
[2026-08-24 02:41:24] [ERROR] [db_pool] Transaction payload payload_hash=oYIscjcdZ/CJO+Mx4Ao6yIBJy6zY8SXbaJENewA1AL6fiTF3z5Kk6ffQT4NXq67kqqNIUbpHDdZGGQwQsTkv7g== processed in 374ms
[2026-08-24 09:35:22] [DEBUG] [db_pool] Transaction payload payload_hash=MqyFRUD6PLhOdWIyuAJnGv8kQYspDPSfDS4cnw56W9jJMzdjkeLI0D/RN8+fxe8qyzY1f3UnEra9CdIUeCG/fg== processed in 388ms
[2026-08-24 11:19:55] [DEBUG] [db_pool] Transaction payload payload_hash=QZTPijxP3czbuMAOV9dWDlJ8OuXksLUwxprwjKAs9Wivw/qHQJX0flKj/Pndr0mZHrXAIedCohW6Y/iRlY+Hyg== processed in 247ms
[2026-08-24 09:04:00] [WARN] [api_router] Transaction payload payload_hash=jVhaFsGYbpPwmaj+MxuVdjTzl4gR1CXEw7Zr2Lior9I/Up9Qdcsx3f1NL8wt+BednJLCzpaEeNSxyprh1C56bg== processed in 309ms
[2026-08-24 04:57:39] [DEBUG] [db_pool] Transaction payload payload_hash=ZFFAliLHmjKwduiHsYD9sYdoapdoMD6470r6Ym5UUBgDWZouvdmRijjFg/gPIjXqGV75l9dJyHlIooTBFrMg6A== processed in 50ms
[2026-08-24 07:33:41] [INFO] [api_router] Transaction payload payload_hash=k7MozpIesQymilDh1VrwPW4UMpReep6hqYSNCEoMGrbmOzTKkOd9rjzPfLVlkDXFZEXJ1T3V8Po3oJObMcMW0w== processed in 3ms
[2026-08-24 07:29:25] [DEBUG] [db_pool] Transaction payload payload_hash=mP1V/Qs2psiDSSsUlDHRfaqqCuY+jnqfgYsHZVFUIXY/1PHcp5rLMMtXpWpl/rRFmB82oqUzPuzG0M+RkOBdgQ== processed in 334ms
[2026-08-24 06:56:31] [ERROR] [cache_layer] Transaction payload payload_hash=dEw+Ev9IGe/KU/Zq8gZC/6SYa8Y0i9RQjtYzESHkX4YfNCjsCzfdXqZyNkK6K/7o1VHiGrjDuvpyhcjjYjnUhQ== processed in 291ms
[2026-08-24 10:49:02] [DEBUG] [db_pool] Transaction payload payload_hash=0e+JGKklURZR3CafNSkvt8hi757JDvyGwbshonugE/NMrBkI4NLGe6oB7dKcZ7OiJTF8+DgqQYd2+w6l7FvlEw== processed in 238ms
[2026-08-24 10:55:26] [INFO] [api_router] Transaction payload payload_hash=KiF1lsRxisrYkObFyFZVmnd2fgPQ0sdF026x55Yl0htBL3senPaW6pomJBGTPjwytJl6n6sUzYsV/hOl0tOkhg== processed in 194ms
[2026-08-24 05:34:53] [INFO] [cache_layer] Transaction payload payload_hash=3C/j1S9/uqikvUz667dQFSLEPQm3/eW/dGVh/7E4KJCvBrTiP2MUPGmdPUbE+JDjB4uGk0elbWxooDIIgbJEdA== processed in 13ms
[2026-08-24 06:57:33] [DEBUG] [db_pool] Transaction payload payload_hash=HPYs2rAwib5Hbfp3dlPN09KcHn5H4/CfEcgCt/yp6ikykoxCEIdK6jhD95qGgmyvaZPuOcRtEXhS+ELKTgK/WA== processed in 46ms
[2026-08-24 07:57:20] [WARN] [db_pool] Transaction payload payload_hash=CnEDp9sNoDL1V/EKB5eRqYSbmWUL0BtU/G3C+DjZqOXH2mR4nTKvy4uPBIuc6oFY+441CjQ7UxUFsTrasETbZw== processed in 468ms
[2026-08-24 10:55:33] [INFO] [db_pool] Transaction payload payload_hash=LKY6MAnqzpNBNGHnDRL8oaOftywZK894ZCjCEZzIrhrOiAzWJMjfSTf9agf4A2tKPxZp+8mxfts94OJkud0P9w== processed in 468ms
[2026-08-24 09:39:21] [DEBUG] [payment_gateway] Transaction payload payload_hash=DZz0zC80ALyGV8qBWFQd93sFPoVnt+r4QgtkAadQZcsurwWdB7JIS6obQGsF1pPy9IdqGoI/aoqZSbCMCQbVNQ== processed in 131ms
[2026-08-24 08:20:43] [ERROR] [auth_service] Transaction payload payload_hash=xG8OBC078FiZltmKNnBLIstF2fHveqsKmsscsZSYY5O/t9C9RILtw1CfWOT8rBuWS+zbhCBdfM9jt8DbALuDTQ== processed in 54ms
[2026-08-24 05:38:35] [WARN] [db_pool] Transaction payload payload_hash=KPZWi3at7GGmflDfhhIrVPspbDNXA7npAnmOdpmLbswklj3LpCahFFIPUf2jTcSFlHnso2P3/d8uskcwLHU1pg== processed in 345ms
[2026-08-24 03:31:50] [INFO] [api_router] Transaction payload payload_hash=0RF8R6PktzKZn+PUTCCc8ckS8AvFcLAfAUmvZEenLMmudLKYFREctsRFxZ9HV7umGqx0DmK+JLH8ljNO40lrSA== processed in 127ms
[2026-08-24 04:48:10] [INFO] [db_pool] Transaction payload payload_hash=nUCld2K76IHugLT4Cc2bOR3jT5iKiWoLTCbKWnWzWTeF4zQY1/z92bk10/L+fISRQ51v+0SWABhoIM3ls0B6vg== processed in 332ms
[2026-08-24 11:17:39] [INFO] [auth_service] Transaction payload payload_hash=o6F/Zt/J9DnYF4WE7xtjlmcwGY4dOdEeKQ69+FX2bvs0ESF2OQ4sURZLV8d7zOAjMFzrVxXS4yrNtAx0L/smUA== processed in 403ms
[2026-08-24 08:56:09] [INFO] [cache_layer] Transaction payload payload_hash=Ef76tO424ONezr/GbHsAIfrl7RqgKUOQDm76Ln/feoU01W1wmWt+90g4tbZqH3FY5B3LCFlGBx8maXNIkanyhA== processed in 424ms
[2026-08-24 10:44:47] [ERROR] [db_pool] Transaction payload payload_hash=mnPEWjOnyR/KmGE5jgvhCsylY7JOduwS/K7kAq0p/zOpdkWg413/6I7eElLSolpg+EAY3fB/jps7GZUHehvCZA== processed in 322ms
[2026-08-24 10:26:43] [DEBUG] [api_router] Transaction payload payload_hash=yuTRImCnhhspC8Gq9aBibp+Ir93Tg14V+CikSZNTs7R/z3hd9FL+ebxx0/lOXi+pWMkI/nFdniPgmNXMJGQT+A== processed in 382ms
[2026-08-24 04:16:14] [INFO] [payment_gateway] Transaction payload payload_hash=sMuab3lRc5gFxMJs/JNOi35SlQHdrKEQiYxpSchWS/xQCcCY9/uG1KIiJ0/dhD7qgI5qyVfJFHP9LxAxX+xwlA== processed in 158ms
[2026-08-24 09:15:53] [WARN] [payment_gateway] Transaction payload payload_hash=QOIXAgTE4Y5FXlI+30Ljy3EkJ9+HcCwSg0lte9HSg1v0zHg0Sy5KbXqvvTEWRZqXC0zhjvAuw8I78dbYjLOVIg== processed in 242ms
[2026-08-24 06:59:04] [DEBUG] [db_pool] Transaction payload payload_hash=qXrnRHDAGr8yNka7AY9Lq8i97x70BWQDS71FP8BI4s8Lbnl1Ae6uCmrnsPre4M9TEpPMvX+uYN2YhvE7B+aYhw== processed in 182ms
[2026-08-24 05:41:50] [WARN] [auth_service] Transaction payload payload_hash=l4Xt0i/+CesAdO/X+D5tqG8Oub3oRe4LuzkfNWrYMQdcl+2mZPv4Ut2pjBmezwYpcuEC3V3gMKqu+Fa0vBHsrQ== processed in 167ms
[2026-08-24 03:54:30] [WARN] [api_router] Transaction payload payload_hash=HjctGXX1/KtoVNdTLhDAl6//YOT/9o3lmTIBtMGTOfsSdGFDuBOGgkPostXjle5kdlvIOdcjz4d3AHVZJTTT4g== processed in 333ms
[2026-08-24 08:20:33] [ERROR] [db_pool] Transaction payload payload_hash=XXFvjD88Aek8rhQsl5rRghuQzaubm36oVInOLUqv6XDRpt8X2gxUBwFShKjVVCN1RFfq07CZrVxlnZ85N2wUCA== processed in 353ms
[2026-08-24 07:21:25] [DEBUG] [cache_layer] Transaction payload payload_hash=p1pXZmctaQEFYgUc63w3ZtmXd3ko9KGoP5afOpUIMu2PkewOVX+b9TCe2yRr7KR2TZKDrxdib+7jWWNrHvTroQ== processed in 330ms
[2026-08-24 08:14:42] [ERROR] [api_router] Transaction payload payload_hash=3P7Pmbkjyw5MvDZX5x9FdM09XP76uzNjo3XnK3bzlQDsdcix854ThpLR+yCrOf4hvfRbw6J27dd+cAsGHN8j7A== processed in 372ms
[2026-08-24 02:33:26] [DEBUG] [auth_service] Transaction payload payload_hash=5QFK/Q9644Pp2yzKKCP976te6zmclYUoKrkm6Mh6dynXJl4W8zAj1/eBLCJmVtJSnClNmE0hLFKDvR41g02PVw== processed in 364ms
[2026-08-24 09:07:08] [DEBUG] [api_router] Transaction payload payload_hash=YIDc8Z0ff/LhfjTZCsqPBKAYFzK0CS12wUx1rsNn2MJU8RY2ef5hY/ZSDzok1rvFM22NEWVbM931IkwJfPoUaw== processed in 111ms
[2026-08-24 04:15:53] [WARN] [api_router] Transaction payload payload_hash=5cadMBhTg2aEALgO8hKdHWbpxP5/Wzpyt4GSWgoWwJ/towFZwrjz3SBDrKGklNc7DgIbuEpLeVrwxojLnYD4AA== processed in 57ms
[2026-08-24 09:35:47] [DEBUG] [payment_gateway] Transaction payload payload_hash=qWAZAh0jCOrNv7z45T4p/19t3azaEXcgUEJIK5GQPvddGCBJfeAUKckgUT9Y6fujjDmEAqu/MTrqrVL9fPM+tw== processed in 486ms
[2026-08-24 10:09:26] [INFO] [api_router] Transaction payload payload_hash=YHOoin5jq/a3cAsiOd7l7GzNco5gd7rkQLIYho3ltddCwSV1DaVaUgO5I8gT/guUdPxw+s7ebd34vrN0ofTxPQ== processed in 84ms
[2026-08-24 06:08:08] [INFO] [db_pool] Transaction payload payload_hash=y/wl0ELznzBuQgndUwbooklhc07nlk6dAG70e3P/W844zKFVq2XyWqsXGawM6vqJyztNAVjMCFkzJ0xy6ZhIQg== processed in 165ms
[2026-08-24 04:16:27] [ERROR] [payment_gateway] Transaction payload payload_hash=KxcB0fjMBNXv6MQTzeGKnYS45yfXF7bjG2f6XhBzHAyIKgQKuqCYFxDJrGYlSgh3b+anAiwqxfF3iSDDkAHZTA== processed in 306ms
[2026-08-24 09:15:22] [WARN] [auth_service] Transaction payload payload_hash=PGQEKiNOdlGHTuhbRjrJSnmludfuoGGIS52fSdA47lRAKS4VRAI1eDlIa65Gw13ISK20yv3P+HHt4T3cy+Gg8g== processed in 372ms
[2026-08-24 09:13:09] [INFO] [api_router] Transaction payload payload_hash=D59jfmluR9TDS/YychbUzQ3z90KBWbSpdBTJFJxYPgsbGvgCpjCeHB6b9AagRrDnbpNfnTbzFee1GpjqZs8TGg== processed in 44ms
[2026-08-24 10:11:10] [DEBUG] [auth_service] Transaction payload payload_hash=htDbpVh6VBT7wyhdrHCwfT8DMkZ8/1etnYIo3gxb6di2nR+nDvtKlbZTezk8j7gShvxodiGM4JHVhd/6FMlGjw== processed in 66ms
[2026-08-24 07:32:22] [WARN] [db_pool] Transaction payload payload_hash=ExrPdQrszelkiifPtV0r3wX3nulZppzkLNdMmUPx+Am7/D+WM6B3tbrYAMfo2/xq63XTz8d5YNnlK9tKdGkoZw== processed in 11ms
[2026-08-24 08:02:35] [INFO] [api_router] Transaction payload payload_hash=Ya6+QPekfLeryrVB57Df1w0/QYXP7SvAvfF0qoG8XwwC6LFnRSNEzE0QgLRSOGLovbHFpqOLxRPIyDUsC50KqA== processed in 283ms
[2026-08-24 10:18:07] [INFO] [db_pool] Transaction payload payload_hash=S/mxOqYANApSTWWZTb+zQWGKhtAEut2syh6KmtmX7PKUcY2nItwFCSHTSa2z1Xnoxxjkq6x4M8eFhCPuKucmAQ== processed in 65ms
[2026-08-24 04:03:44] [DEBUG] [api_router] Transaction payload payload_hash=Ozg99jxYPVOvhhm7iDqT7YLXON5uzHIhjAof9s61gJYjU7SjzsFpxS6EF9Y2HlyFGUFytDy7wR9Y/rMbHqYMBA== processed in 463ms
[2026-08-24 06:06:09] [INFO] [api_router] Transaction payload payload_hash=UuxLSZJ+SaKjVGsrMMdvgrlKYOP126kdibC+x13SN9XS4f7khwIgFuq6RY/FFZV4ldLgcZbNQTJj5DMY2u8qiA== processed in 180ms
[2026-08-24 02:58:43] [INFO] [cache_layer] Transaction payload payload_hash=2MybYQrzzqnXE2jp/NMvkB4ndWwp0REh0xQKcAQPMaDLyEgHgQjCdit5ws7bt8r7IDwKUnKBCwQzLl9mEBktlg== processed in 192ms
[2026-08-24 10:28:58] [WARN] [db_pool] Transaction payload payload_hash=JH8W1WpQwmmvcdZeSoPLnTq8Gp3ke7MRZ/qFoNUJXb8o+6I/AB0J/X3jVkc9du75QNIvEtNEPmQsuSRZBq5Iuw== processed in 45ms
[2026-08-24 05:19:28] [ERROR] [cache_layer] Transaction payload payload_hash=Rw1qlGfD6FO6tqGkyiEnOdUp2Z/ESH6OYfcOAyvTi6YCasfNr6mbgJiVaLbTsD5dR4jv3XMEa+mkLXItPcmwhA== processed in 481ms
[2026-08-24 10:53:53] [ERROR] [payment_gateway] Transaction payload payload_hash=TVsvSSkkMnMZcG7lLbMjVsC3yDZ8NJulFyG8f5FxRxCpIcoQh6g2SJ0pJg0AdmAAahEQr3NYfFLszfJO6ec71w== processed in 198ms
[2026-08-24 10:37:59] [INFO] [db_pool] Transaction payload payload_hash=hJnQicajN/eL5CoI9QTIn789YjgDEZR4tsAl7/HwY5MNT6QOUVsS9Ar+9V3bUUy2ROnmIQ3wK2ht6a3WxDGfgA== processed in 191ms
[2026-08-24 05:38:14] [INFO] [auth_service] Transaction payload payload_hash=whMnfymBjYBxQnHBd2Wjrhlf5tRWVeMHGhXwugtwFTFhZXqzmjSMlFk5Aa0N+wSzt7sIM9MJpXuA/hRaGm8JfA== processed in 201ms
[2026-08-24 09:13:36] [INFO] [cache_layer] Transaction payload payload_hash=PyvTHl5yXItHKmfSaQTKwyW2LXXcpj7FPbsgQq+/Ma4R+tdZ1JiH9792bo0W1uC9uHIABu1O5O6DaWyxKRAVgg== processed in 325ms
[2026-08-24 04:29:11] [INFO] [payment_gateway] Transaction payload payload_hash=nwm+a6Rrps+15UWvuwEYip/qGCVi9GlOlK4zNpkYD/rdyc9F7T0JzTrREuArWWvPlskv6mMvigPIeh3WjLc4yg== processed in 345ms
[2026-08-24 05:00:58] [WARN] [db_pool] Transaction payload payload_hash=hwohOFeGHslUvPA22CbNgAJS+MK/mSZtSVCQdnon298Vn4eJMTfAqTBlJ6IazxC+YfyFEykDfypVVKeWU1kxPg== processed in 163ms
[2026-08-24 05:12:58] [WARN] [auth_service] Transaction payload payload_hash=VWn0dJxM1+aJWqYfd6YucVEILDI652xZynieMDL5QP+zwXWP9kDpYYgk2ue5QkHjPPhM2spGXQMcfFbXd1/k8Q== processed in 102ms
[2026-08-24 06:44:45] [ERROR] [api_router] Transaction payload payload_hash=Q86z6d8zi+i/vYxiwUunVrwzPei1xin0jMImQb1p9aRbE7P2REH8gaGf7Var3TBslnonRbqZ+Dd7nwnYUt+tfQ== processed in 236ms
[2026-08-24 08:16:07] [ERROR] [db_pool] Transaction payload payload_hash=UwzcvHcU3rP+1Duap+0PaRmIlAD2zIAikckJjSzQWvoBztT3Ks//zAZbydP9cXhgvmrphzEJd+AByF7GLsFIqw== processed in 94ms
[2026-08-24 05:35:05] [WARN] [api_router] Transaction payload payload_hash=8+ocL9KDbRsdkXXyhtX4fy2vjfdHugobdLwHeXsc72TDgxh/kxKo2CZXzZYgCN3j4xM2LZM0lAZPTE08O5jYCQ== processed in 313ms
[2026-08-24 05:12:48] [DEBUG] [payment_gateway] Transaction payload payload_hash=2JxvDnN8FwIQZd0JrBMoafwHRtwgoit+ng9eUSmYU6bVoiK83eOXYbhx/QcgfToOfe8uYNLEhUg0CV0JZI4IzA== processed in 36ms
[2026-08-24 04:43:00] [DEBUG] [payment_gateway] Transaction payload payload_hash=MTE24shw95kKLNy0QgYxU+VtvcA/6DTP5OloJI9uhBTXWZ9Dt11MhgLHiXjDSYF2xf91on3h0I0Y8BiVZv5HHQ== processed in 330ms
[2026-08-24 08:37:29] [ERROR] [payment_gateway] Transaction payload payload_hash=K/J2bC7Pm3sh+4JEW24przEI8jYWeWta7nlgHNT/R5PpnvtvihotQbOYAM3Y3K0VTubkPM4yh88O/f2/7cLxcQ== processed in 238ms
[2026-08-24 10:56:50] [ERROR] [db_pool] Transaction payload payload_hash=k3CU3SxBt+ddugCBjREKr2CWQiX8mCXlSTmGhMP+PdPG5FsNoTLEBrnvbRydjv6naYX9Kr12dujkPl5xs28ZSg== processed in 190ms
[2026-08-24 07:27:34] [INFO] [payment_gateway] Transaction payload payload_hash=ECx/1em0o5YshZ0fs2zZIVunQTYq3rHzGbhoVbXv06lHiZesyWc+sQ7rtXrmb6MLoLQtcuhE3hiilfydH3xMHA== processed in 298ms
[2026-08-24 07:43:22] [WARN] [cache_layer] Transaction payload payload_hash=rQV8LXuCzQ1xJ6o7tzxlpPixJ1XFs94re4+t82I5+ZPf084T7Yt8+2svMW8vXpmzcuCS3A3aTgDsKm6+M9Z7Yw== processed in 282ms
[2026-08-24 10:03:26] [INFO] [payment_gateway] Transaction payload payload_hash=CzJdWPRcn/gWDVIdij0Hn8dcV1FMt++CCRIgnGoVY0935EgkbEgXdKRKiKuKUrqrEy72lvNOOE7stzdvyz1FiA== processed in 369ms
[2026-08-24 06:27:11] [INFO] [auth_service] Transaction payload payload_hash=HpBPwM/y1bCwkBB9YH7AHKU4r+8ePz1FuHX+u4sVsgW1Ccwrkk+0Wa8yTG+rZnJSLlpc04S1lttkVJ3rdGz0rw== processed in 235ms
[2026-08-24 02:23:00] [INFO] [api_router] Transaction payload payload_hash=iP/Gba2SDsbt6FK9OIXihYYYbuOmGAADtI0B7EPeTO+6D7egqTyEcrVvxiG+r6Ip4+uK39euuExnZB+YwLoX4w== processed in 16ms
[2026-08-24 07:35:51] [WARN] [auth_service] Transaction payload payload_hash=w8ydE5tUXcNxYoLuUPpmjwF8QpBUlBRYXlosuOnBv7okD+9r4gwzlo731CSLiHxtlOeNlMrDOJR1YhLsJ5TleA== processed in 238ms
[2026-08-24 11:16:05] [DEBUG] [api_router] Transaction payload payload_hash=vS3aCmQEspP0zcv9/uzW2iAzK4UiS/qNQFqQE6frRcXlHpgPKfH5hIHet1IoOEcAebJsonXkB+ffeha+7yL8tQ== processed in 473ms
[2026-08-24 10:36:31] [INFO] [cache_layer] Transaction payload payload_hash=NSsXcHMnIv9/nDrmw/KMma4SNi9Q8bDjKLAx0mnWhUPGH1yCK9pZ3OMLkjKbPcgPahWVu6Gb1uik+t4VovC/Tw== processed in 203ms
[2026-08-24 09:31:14] [ERROR] [db_pool] Transaction payload payload_hash=vam+Hb/WL1wMidGXVmlAwqib8hKv5FjgZReAl/loNPgCoEuZXRLSLUGUd1nSVzT/qF6OKw0p+b7NlkALTGn+IQ== processed in 359ms
[2026-08-24 08:04:36] [INFO] [cache_layer] Transaction payload payload_hash=bvyQyuacKOqqCuSwu54p90j5e2WuOVaVdtslsaegFHEKeTlgEZCkwbLFm8Sm/KitadV6ZOMvfqzfxHlv7w1kvw== processed in 217ms
[2026-08-24 02:49:24] [INFO] [payment_gateway] Transaction payload payload_hash=H+ByuL5vyzrSA51FFlyacTs9soAXNgmYSPiC2BdotSEZgOY+uyFO5CDJRyj86zdiO5scaeFh3KCXd70vOljpWA== processed in 347ms
[2026-08-24 07:19:02] [DEBUG] [api_router] Transaction payload payload_hash=Y45/tijFdpLxg9y1xjNVB7kMPkna+7GSTHSjGAUdalIrsRDjbwqQd49JAT14a5vTmqQ2lQBZcFexgEofpXIT4Q== processed in 293ms
[2026-08-24 03:32:20] [INFO] [db_pool] Transaction payload payload_hash=ZGuo9ia8G2YzDyzzi7lGzc6BIqiPwstJKBr6thzALFTIQkH6pV7mV5IAjzw60liX+YQi5678GVOiVYExWk63iw== processed in 90ms
[2026-08-24 09:57:07] [DEBUG] [db_pool] Transaction payload payload_hash=ubyzXfUnWvv07NBuvL2NOOQqo5KFwFrhOaLl/hWC5fjtZKbrozbEkDswp0Wm9XULlQi3wPYUl33W+y0SgYlljg== processed in 470ms
[2026-08-24 02:55:24] [ERROR] [cache_layer] Transaction payload payload_hash=ctSu7ZI0nK8FfbX8/GFfPaGTH4qOsLkVKyw4KF3bcx4AvX4IsGnfv2YQ7yBL53PrXeBzZqgEm4kOMMx5EtSuqw== processed in 51ms
[2026-08-24 05:40:35] [DEBUG] [api_router] Transaction payload payload_hash=hpbSWwJhn4avQPmLpBHae5zYgu9Nz1csXPljIIpdBFDr6t/g6wwCwX5yF1K4RGvg0c/HWNpfOepwBb9GW/QHgA== processed in 207ms
[2026-08-24 06:06:18] [INFO] [payment_gateway] Transaction payload payload_hash=Fl0kYOlRKFXfG4wEd46y9UmNVSWfHSKxgyXuhqMyH12hFuzrBfa0ET0vcKvbPYY5aNANbqyomuyu8u+gDKesJw== processed in 463ms
[2026-08-24 05:42:34] [ERROR] [auth_service] Transaction payload payload_hash=GZqRoXLMKxRKRHmFYpV3yhTh+GEOfq8FTqqfqM96JjRwY8MwGdhfoUjYE1q9S00fZwLcbINp7X70GSgYqY+agg== processed in 270ms
[2026-08-24 06:22:15] [ERROR] [cache_layer] Transaction payload payload_hash=MtmkKa8Hwf35aXXz23kWoMDBJKLExIKhCboNoR05UtKbTWlnQ92KClawZbtGmm4rdR7M6VSndqSwRfi0+cxZrQ== processed in 215ms
[2026-08-24 02:25:38] [WARN] [api_router] Transaction payload payload_hash=sNtd2esrkC2ZFFOp3lSqTWsvw5uy0Tbh79jK/mPq0KXfjGneHU5Sx4OqMu8pQiZmITN814pnZov6dZEesxjjQw== processed in 194ms
[2026-08-24 06:56:33] [DEBUG] [cache_layer] Transaction payload payload_hash=BnOfJzmwgH/w+acp6wTvWyWJk71adcHpPE9JpjRJ8NrL6z7iJdi4X0Hy+cepN2KFQO6rrZtfi/OoNb+yFJ3GYw== processed in 436ms
[2026-08-24 03:40:54] [INFO] [cache_layer] Transaction payload payload_hash=BjJjcNCxT74QcfmfGldMprKBZElCAITvCcNAYzOVbdHswc+336CZ/qun9NwI1dUUGBwWpO+l4zc7z7C2Z/Ymvg== processed in 55ms
[2026-08-24 08:36:01] [WARN] [db_pool] Transaction payload payload_hash=AP90cbJf5nvLSwmlBLrYB87DLp2AAlaUTP2s58qACj/MjyVnqBZxSnl557mipT3zbB00KYWDPiHJOz+a/E6SAw== processed in 120ms
[2026-08-24 05:32:55] [WARN] [auth_service] Transaction payload payload_hash=DccmbIyj0LwnoO7Ua6ybHyPVjoDwEV5hotmGXNWcrT3c+mXh0e1Ttr39H6bC6pBWUoj/TPs6vojzLHpnOjA19w== processed in 389ms
[2026-08-24 11:09:48] [ERROR] [auth_service] Transaction payload payload_hash=FHXwdRFVQUQlFPUILrmCDpAvtueRef6dxONN9VeaBhqSCvCEuAWFqrWU9OgKTK6AscU/iZkn8SGZaIQslF5qgg== processed in 336ms
[2026-08-24 10:45:31] [DEBUG] [api_router] Transaction payload payload_hash=GHxTOR4rgkkH+SI/9CpTqr61Rd2J5Yy0cCdsKLDxgqcbHUgPs3ced1ANH7uFj9OV2A1Omvn4N7PqIuL18aNlWg== processed in 34ms
[2026-08-24 06:10:48] [INFO] [payment_gateway] Transaction payload payload_hash=P90JxSdtdXymlZB+T8/2En6Why5QyKbNn8BemAzZrXSsyahZ7JyfmLqIE/vFzz7YX7ElLa/G7lKymcS4wv/4GA== processed in 52ms
[2026-08-24 11:15:35] [INFO] [db_pool] Transaction payload payload_hash=gQhdHoEA+sC5BKFd7v8+NcNh53fQo6wqcDPphFK00g8KzGr0UW5aXq8z17Tq/oXxNkZLMjkN7+D3fv01iiqVEQ== processed in 238ms
[2026-08-24 09:04:47] [WARN] [cache_layer] Transaction payload payload_hash=LK4eq6hBqb1k3ShF6M7+hU0BfbOfxt+2rFUgKeK3L2r4WVscKVciJByyT2WS/SXK/0uAtK43JkfDPKO1n7jrqg== processed in 47ms
[2026-08-24 03:11:24] [ERROR] [db_pool] Transaction payload payload_hash=jrUdn7gFQq96ujmSkFsuQ0s79bb18BjUX5J4lX8y9moLd0boKYYmy6OG254CUYIrqroHvgFUsnsOYvsVA1DP9A== processed in 390ms
[2026-08-24 04:48:20] [WARN] [cache_layer] Transaction payload payload_hash=5x1i+V8gwjJnHPbRVT+C5kz90JcWg6TRHxHHELlMh8sHIVq9yimaTgUR11qhQKaL3NAuY9CfEwgH+MVcJfE+qA== processed in 472ms
[2026-08-24 09:52:22] [WARN] [db_pool] Transaction payload payload_hash=9AP1IKA1v4UYxdyPM/TagUV4AsNo+7U8ZGCQURHXper0OMtxiY+fNhtkOtpFeKFu2xcrOUhD1CfDmD3vNPahpQ== processed in 323ms
[2026-08-24 10:17:29] [ERROR] [cache_layer] Transaction payload payload_hash=MQobJ6zyIZ2cTZMXd33sYVCOpSWrcLBnDY0Af+FuEWWkXqqGWwN/KnDuynnDUymIjLG/wF8kECdAj4/B2dBqBQ== processed in 259ms
[2026-08-24 10:38:46] [WARN] [cache_layer] Transaction payload payload_hash=luPGikYb+Hvv0/O+muMHCbp4mMJuxhnzG/SR8lMv47KMdgmbeOCtFonyG9BTt+pb/10lxH6ZRy6IhQogTJLacQ== processed in 234ms
[2026-08-24 09:17:49] [DEBUG] [api_router] Transaction payload payload_hash=R8QEPDMSS1k14IwuJrGj0RQluf1Idh7EuB+Kp1olAnD5IMJxs1VrVBzjTZiGVbvqOfrH7uKi1FoO7fngYndchQ== processed in 332ms
[2026-08-24 10:03:18] [WARN] [cache_layer] Transaction payload payload_hash=w0AqM3OB0pk92ug4tehVPvPwniWmynpMi1N+OJAkaeSQEbsmFvfCcund1TXBFqReJmdR8TNnmb484Z4yWPBw5g== processed in 416ms
[2026-08-24 02:33:20] [WARN] [auth_service] Transaction payload payload_hash=QZrMPHZpBCJm4JANraSRdSZyCtKIPiPq8y47IXb8wjiaHXaXKMAEUTikkgYQpbmPnIXpDvskG7Z79guAXl/ifw== processed in 1ms
[2026-08-24 03:30:36] [ERROR] [db_pool] Transaction payload payload_hash=VkLofvd8KzaneUAxfjY6jejiu3JbxcBkp/Cu+rK4vJZM4Nw8pqHuygQTYq1Gmkbqzyc3PLeEfNcy0UidGhVqVg== processed in 35ms
[2026-08-24 02:51:45] [WARN] [cache_layer] Transaction payload payload_hash=ltM4XAOjI+cUoIWbc0Uwh1HMqh5EVNU1MEGBRvB0kQmc1A8lyAXJA/LcbYM4zo44JUkqrbPOE5alGqWHtTMPHQ== processed in 44ms
[2026-08-24 06:42:41] [ERROR] [db_pool] Transaction payload payload_hash=FwOYtYvnk3u/CsnFlZkHszA50m+xcB8cAtOZQYnlRDbgsK5+v4Fd0XX95raTojnpzuJzYQ67p8cadEafT9XJ/g== processed in 362ms
[2026-08-24 03:31:22] [WARN] [api_router] Transaction payload payload_hash=5Fb4HORLnbZh6homFg4yG4P1CE8c+P/AjP4T0Xg0Wng31rhocg0sPfxDclMa+VNE9gqlDmlx0fqQBTOM4b0vZA== processed in 431ms
[2026-08-24 10:45:28] [INFO] [api_router] Transaction payload payload_hash=Lt4k7S/BnCdWjn6v0/Wq3g7d+yZ2byDoiEcs7hfplzwaJekbp7p/5ivCyz7cLNWnlvX4cwBz1hhi4DINiKdBGw== processed in 195ms
[2026-08-24 05:03:18] [DEBUG] [db_pool] Transaction payload payload_hash=6VeYqTraxTZrr6csuGMxVlgK9HikeR3J0HS3LQV8i29G1UhcSVU4Qru0/pOxAByphObS+s3Hyrzv4Ahqs8fliw== processed in 232ms
[2026-08-24 03:48:15] [INFO] [cache_layer] Transaction payload payload_hash=x69k7WfAVVPtdx5Swfdbq3t6V1jxAcGmfEhqCSHwmKKJ8tK62Nwh8Bqhkt03wsTFGD5EsvBZ8ZhIlG793jzpBg== processed in 337ms
[2026-08-24 10:01:18] [WARN] [payment_gateway] Transaction payload payload_hash=2Vb5gAi+iICjD60+FrGF3DUGlr1Iw9+DN5Hnf3zWFQgsI6xTu/sXL23HhkC9mTvSzsv6UnouQkdmTCWqKXG5/g== processed in 402ms
[2026-08-24 04:03:02] [DEBUG] [api_router] Transaction payload payload_hash=8a7d7NK33EbwFUmSZDdyt/awxq9BeFHMG+ekhvx1KVbQSO4lyWS/Uf1O/tT3ewDszgKFI80T6Oz72MkyyEnUEg== processed in 272ms
[2026-08-24 04:25:35] [DEBUG] [payment_gateway] Transaction payload payload_hash=K63QbI3lA1FuI8wVrqDR88/ZYLek2bq77tYEkzlMXKNIhGQXEjU7eC5A0mWhNAbxTpzDlecxfHc/BQ0AdFsL6A== processed in 180ms
[2026-08-24 03:35:07] [WARN] [payment_gateway] Transaction payload payload_hash=GXcCNb/FOM5Uz3VeNkgvimlXzTmd5ZLgOJLruEq+u174tiE0VWbkik7cpvMKSjioxx2CwMoO/QopcjxRdCTKPA== processed in 402ms
[2026-08-24 08:12:18] [WARN] [cache_layer] Transaction payload payload_hash=ddC4c+WlfSw5JeSadWhRwUm3bK0CmTIkUBlyTUj9PuJ13JvZxviCAqeBBwuAWR3k4l49frzUjJT57+T1GhzyzQ== processed in 70ms
[2026-08-24 08:27:45] [ERROR] [payment_gateway] Transaction payload payload_hash=S+gTAuyaalPof5SASqEDLcoYvXssXCYaEgBJoOmq7d2UyFadVHVVdEPtm82NkxUKav3NGsMH69L9aRk2lJ145A== processed in 337ms
[2026-08-24 06:04:54] [INFO] [payment_gateway] Transaction payload payload_hash=RzJRmNVrRL1xX+CqQV5B5RCy+ZQSZ3Fi9QHFliHkn5FkmbsHgxjv6NBxDqfkPXTZWy7GhSOjdBzEdibQVdbE2Q== processed in 451ms
[2026-08-24 08:49:17] [ERROR] [cache_layer] Transaction payload payload_hash=kDt6Ow+dGTmgvCm+cnBTMVTPVdyjEoAxspT3hrPbBYLqe6drOaMEdKM607h1FSLj0BYGrHDQiCYgzjIIQ7K2Yw== processed in 166ms
[2026-08-24 10:07:34] [WARN] [payment_gateway] Transaction payload payload_hash=x+UqDjJ1dqScFTldvQSVMDfqo/TomGtFh8hjL9hz9dNI6z4FasSufgwzgHrZEhb5RJz2KjZqP5ezXYzYJWbazA== processed in 118ms
[2026-08-24 09:07:40] [WARN] [api_router] Transaction payload payload_hash=nHYKV6Cn4Mg7WANARfkAZPtwPtcyXXeWxzDm28tYOabHUfkQYQbfbRRAR41yVNwXqylXgqnmnwDr1j8hRTphew== processed in 211ms
[2026-08-24 04:25:31] [INFO] [auth_service] Transaction payload payload_hash=quLtduyfLLyKp5MYAGIF7PfratxWbfiXNYv00eI4Uto4uc5maSROl67FBxtlwTw15f6kipFIhaP7do91KSW/1g== processed in 229ms
[2026-08-24 10:16:00] [DEBUG] [payment_gateway] Transaction payload payload_hash=gpj6k3mT++RfEg0kKORUSJIYyvf7bYnxoQKM3wtyeR+3Vpib/hHeFsxj/7ldk3ffbP0Q7m71xrcVE6liJVGkpw== processed in 32ms
[2026-08-24 03:41:23] [DEBUG] [auth_service] Transaction payload payload_hash=GlQwn7NPc4pMdq8bAfYYu4NJz33EV0/rssoPc23zyvKntzAxw7rgjU/qqq57AX8zErJPyBLnmcxjlZeZ03bbgQ== processed in 172ms
[2026-08-24 05:12:46] [INFO] [auth_service] Transaction payload payload_hash=LTbSgROyV07v+VtFjDzt5QasuIpjgEu+AxMdLNMbVbpiLiq5cG9ku33UOyOKxmWkzHDtq/pbhRXzieWtxuGFHQ== processed in 457ms
[2026-08-24 09:28:06] [ERROR] [cache_layer] Transaction payload payload_hash=iLpj52UFPe/yCZVCgUN4pBMk57Zg2nWaquxTu2y04MXph9yIkpYKVJHhPz/vT/m7F5Szz/O599vYmAvPxqOehg== processed in 58ms
[2026-08-24 04:20:26] [DEBUG] [auth_service] Transaction payload payload_hash=0cEd/CrT7R/qmj4DssgpBzw/G/NJxIidYb+091o0j642RVDGwXNRJn6qjnroEO2WytUoItfjfWYqFGzJsHW6Bw== processed in 335ms
[2026-08-24 05:06:29] [DEBUG] [api_router] Transaction payload payload_hash=kYjXDfAGc+M2pEq7JRD76tp31Hc0A6KnHuqAsU5I5qF55mwYNceTmP/QwF7UEkopLgqu/kupoQ1EVdFoA4tQ+g== processed in 456ms
[2026-08-24 06:04:07] [INFO] [api_router] Transaction payload payload_hash=0AecNX+0cSHHkvaUF0jBU7tcNsLngDHt7jyqVS6C+8ya8eX1uqjvtymF29mrmUggSVFYfZKKXMa6UGdwvNFQUQ== processed in 238ms
[2026-08-24 02:34:30] [INFO] [db_pool] Transaction payload payload_hash=CeGRfpRs6wTV4TPPNWvodgqIgGUidlb5cqWTPbecb81Y5BpsfULluUM2qO3wXS/9A4U+Mq+Ka+aJ3Q9diLQzPQ== processed in 374ms
[2026-08-24 03:08:17] [ERROR] [api_router] Transaction payload payload_hash=I++jTeupvjinYyz1o9IucT/+4uPSIpdRUnRcsanCWIiMOndbi+6+VM+b9r4fQKynkb7qlP/+T/n/wUyyHru8ug== processed in 336ms
[2026-08-24 07:39:55] [WARN] [db_pool] Transaction payload payload_hash=Iju+LAsjZSJ0pXuJjmrpD9EnLEskB4LSiy7F88ZiJzQ0Eflg418Gc7otZCYv0ZMiehhTmNoyyny8XhBNAMJ7Ig== processed in 471ms
[2026-08-24 03:57:28] [INFO] [auth_service] Transaction payload payload_hash=NXU9brVgKr2Zmzhd0azAFNnD67Nk9SoCXzdYlxCrWSuBeIKPdroA4jf9gQPHkh1OFEryZZNEYZIXZXd1VZDDZQ== processed in 499ms
[2026-08-24 03:03:55] [INFO] [auth_service] Transaction payload payload_hash=njvAf0qvxmbGZpU0MGL7RCwjb0XqlmDWaN/oHg3f+Fux5tWwCC+2uekqIR+Gd++TxP2mpb5wonDryski9+WfCg== processed in 293ms
[2026-08-24 06:21:02] [DEBUG] [api_router] Transaction payload payload_hash=LM6JzdOQ6h5m3ulbh5z2An5yIOHWlYXSgG9EWBlAi0PtV1wNUAxurkRVOSlenUBnxSwg4q7nk3MydDUdKg8/7Q== processed in 69ms
[2026-08-24 09:38:50] [WARN] [db_pool] Transaction payload payload_hash=4Tqy6+vUTzyV8KYevNa6kVWpHGvZQgPkp1oq+VRmMygYtVLe52Yp4bKJrqVR8Rx2OovHhsQJTBO1AZDMvut2YQ== processed in 144ms
[2026-08-24 11:16:36] [DEBUG] [api_router] Transaction payload payload_hash=9jReFOE3naL0ykFtzQ6H9MGoO1EDGzNMiGOOUDseHTO123dILW2LNPq5XTVLhqkaaYjejncRWxS4LgfHk2JQGA== processed in 94ms
[2026-08-24 07:27:15] [WARN] [payment_gateway] Transaction payload payload_hash=hBDWVxTdJltEW62BbdnNpikiNDaeduxeVk2KSQDGJFzW7Ao2TEnrVwlloH+qntQ5gegwvSQ77FoZaOEonDt/QA== processed in 100ms
[2026-08-24 08:20:51] [DEBUG] [payment_gateway] Transaction payload payload_hash=BZtjOfakhAa13oxXSU9sXBbZ7ouZ3qL9kw1bLE4GVG3f1HEzKyA34YUr4nuXOjLq9pFOd1Nhj0wgbE94XiFECQ== processed in 383ms
[2026-08-24 06:48:30] [WARN] [cache_layer] Transaction payload payload_hash=p8s8gn89sagPvitTdF6kyAyzSwySMVQsrOgF+3ptOfLrxSKOR0UVAwdAqLKq4ZYvDkeww67dfFpvHcDcNxDSow== processed in 406ms
[2026-08-24 09:51:52] [DEBUG] [payment_gateway] Transaction payload payload_hash=54NiW0kcFPjev+wMtuoK6DYJNxR1oPH0pbYnjtM+MK6rTgPr3xEQs6lYLnqeYdo+c/+saYxtRZFKyDkHJfMJwQ== processed in 375ms
[2026-08-24 04:43:31] [ERROR] [auth_service] Transaction payload payload_hash=/Di82ywNMyklmpEuCeLje2cm6+/QkSx+JavzXoL9O9ZHGHUMUZ3amNiBRa7W/xx74bxdALcWozx7+zRjk6Y0rw== processed in 104ms
[2026-08-24 10:58:48] [INFO] [auth_service] Transaction payload payload_hash=I7O72QSIEDXmf5yCWnpK6YXIbnzxzNrWnHm4brxYwXqStYGaq/qRi7On2W8HGu5VD/D4cK9aZiNTKu6wvO8yuA== processed in 430ms
[2026-08-24 05:41:49] [DEBUG] [api_router] Transaction payload payload_hash=29AEb0dyv1+y/5pCNBLDWqqZ5mppCg4jdA2Su9ybd8GCsDvGvLLjUBKYT29jEioh9Ln0Qp0UrLtkEH8ZrfmHkA== processed in 391ms
[2026-08-24 07:23:53] [WARN] [db_pool] Transaction payload payload_hash=TXPop40MCoRB5vzByzK2PTFy144q4TCi7/L+Doto8UcEdyxC/vjkhjkAJ8AxbEDvm4HJ9eMKRQhBnakztZi3gQ== processed in 400ms
[2026-08-24 09:24:43] [DEBUG] [db_pool] Transaction payload payload_hash=WSYlieozsctC6CQknH3kukGOYyy9zbtWRkG9UgJEKIDiIM5lr5mcAJAq4mHU6FXX3N2lR1yb9s/npi8pvh53kg== processed in 120ms
[2026-08-24 10:42:59] [ERROR] [payment_gateway] Transaction payload payload_hash=zOdhe91uVexGvt7qsQIsZadEN1oI8z3HiodAlQnDAI96zrOAGbrOvR2e7mX8Sv6c/9oraFgtgFZYPuR9mmUZaw== processed in 218ms
[2026-08-24 10:55:32] [DEBUG] [payment_gateway] Transaction payload payload_hash=mkrKH/8R3wYcnZOKjfRNMgLcbN+O7stSmn9X4r9zqriUZEvOSrH0XysupVJ5s/1EFHyRHs6zMv/RTsV8U2Ql3Q== processed in 200ms
[2026-08-24 08:26:40] [DEBUG] [db_pool] Transaction payload payload_hash=smUpCvZGl305M5aiwFtXmYvf48yCL4kxcZHFM69eGhP+Lm5HJXKxPU6Q/GAU8iWdpdjnb7v1qV2rT86oF1c8jw== processed in 253ms
[2026-08-24 08:03:45] [WARN] [auth_service] Transaction payload payload_hash=qbNsx0XeS39WigsRsSw5TOTiH/i9qJtsoERnBE3rNNcSK04JHf5dQYT19nw5H5wYSinIHaz0Ja++xyb/xOG4HA== processed in 463ms
[2026-08-24 05:52:57] [INFO] [cache_layer] Transaction payload payload_hash=m+Et7uWv2jQWCkE03xkO7Vfxctk0uqqwe77RtrysMJIhZ7YMHOhGRBIQC1Z0kBqB0zhEBFDPDu1f8ctrjz+R+Q== processed in 153ms
[2026-08-24 03:29:38] [ERROR] [api_router] Transaction payload payload_hash=Q7BkIAXtzn0/0W0GaakNS+5ZaGSkwmgTD0Zq2dQul7CYL/wGUqwbyoeBS4F2getf50n1NbovmFum1IdEmXOyog== processed in 90ms
[2026-08-24 07:42:01] [INFO] [payment_gateway] Transaction payload payload_hash=x73cEgaYuUbja8YZR5YuYdMr8CLOnd4IbPWAndtuMw+V2hD8gwAwnO09LIY7zDUNk1XQQZDRcTSGZBtu2c5D2A== processed in 44ms
[2026-08-24 10:29:29] [WARN] [cache_layer] Transaction payload payload_hash=deq1l1gpFmDtkNn96E35TufmXfDzyPHnQju33ViziyXrnHSBjm5dtcQktyGeJ1wYzzX1Kn/S1EYXJsf8TVlMrw== processed in 96ms
[2026-08-24 03:11:24] [INFO] [payment_gateway] Transaction payload payload_hash=PKDatBk/zMao6v2Ajkf5FzZ5aUhkjxfRuPGSxiRyN2giboqykYJh9QbQKGjN6enkJ5lCwKmxAieTx9IycJ5UvQ== processed in 39ms
[2026-08-24 04:21:08] [INFO] [api_router] Transaction payload payload_hash=6HgZwQbVu8P4X30fef31fm2wSm1eCFfDQysKABbqFZakR8m0o3t02EVPTnaNH1grmZZmwmGiMbm2FxfXp465Vg== processed in 85ms
[2026-08-24 06:55:21] [WARN] [payment_gateway] Transaction payload payload_hash=PF/nia95TA2R/6oqQh9ndK07K6hoMEyojjdX82kNEwqkMnb0AdEViUzEso4Gx76M+1Ebd3qm4Z7SEW/NMRGWzQ== processed in 145ms
[2026-08-24 05:13:09] [INFO] [db_pool] Transaction payload payload_hash=NgPysSTHevw7UbgyeyDmyz0Xv7jKFe67v8Mj/561NIvzk5nuLarDElYn3WiiNZ6mswIaPk8llqSqQ+pUmxRNpw== processed in 436ms
[2026-08-24 02:41:41] [ERROR] [payment_gateway] Transaction payload payload_hash=vpvV2V6n44IUH/onSvCMYvZ+1non2ED/q4d6mCQLLywXcf/V7CJ+sSjpE4GpdgPZJCc46+SeQEDXfSGX3lyV7g== processed in 109ms
[2026-08-24 02:52:31] [WARN] [api_router] Transaction payload payload_hash=4fXhjB2BA0Kqk6niTH+iDpPVkBlIVz/Fg99Gi3stH+czHpRGWMum8MKWf1OcEo6uxptcAtDsMnp+xVvKpK4VvA== processed in 71ms
[2026-08-24 11:24:20] [ERROR] [auth_service] Transaction payload payload_hash=81uonuwG3sUu363vvdQ4itoRk3gBxWhYWtOJ12PfUtVl/8fZrLRNefD0UHaqKexAgZcZGYO0mI1bYINLMxCnfg== processed in 305ms
[2026-08-24 03:05:23] [WARN] [cache_layer] Transaction payload payload_hash=TsRXzMzif0tTMNK0o8Yej7pjDeWFnhdG1hdekzXiUyx9PwLt+G+YqY6U+FwZPYQiGmxFILKDG3AmR1F97rETHw== processed in 431ms
[2026-08-24 06:43:28] [INFO] [db_pool] Transaction payload payload_hash=zCQFPTuvcyM519Zr0C/GmHzREwR0Sv9Dm9vyMhKd8HmFjUFH1OnWqt/cgpAPGSwo/XB24nXn+VsCK1jPyEO2rg== processed in 350ms
[2026-08-24 08:36:50] [ERROR] [payment_gateway] Transaction payload payload_hash=ozF+4I2glVVqJWhguVSa+m9r/tTND3z2bl1vXGusDnvLzhlhEi9w5F7ivJp8xPwmU7FcOcw1r+xWBxwMq7PJVQ== processed in 395ms
[2026-08-24 09:34:06] [WARN] [payment_gateway] Transaction payload payload_hash=7l2Ah9TPJDvEETCryP4ViVXFDcASVySlbGD0mGJWmW4pJO5V6m4qV1GOnWnrKdXMDk9UGhoESoisA5wUT2BDDA== processed in 282ms
[2026-08-24 08:49:35] [WARN] [auth_service] Transaction payload payload_hash=LeL0H9ImhgltXblMX5VeTfNRAXUbpNwixDJ8Ud1UTKSFbF+Fr4S8n1Jjm+yBqYfxdVuzvHRv64e2Zyx4eiwMGQ== processed in 326ms
[2026-08-24 11:02:52] [INFO] [db_pool] Transaction payload payload_hash=X3MXEk0fyCNVjWOhmTp2+IMxikgZkN0TXR9Hp6TVc66NT1nxRt6U0Ou9RwfAjyIaH8i1qFag5vK/8wesar7H9Q== processed in 285ms
[2026-08-24 03:22:50] [INFO] [db_pool] Transaction payload payload_hash=fPTimmOGf2mpNl7epDVd/DZcNPPlWnx4bsh71VaoVKde6K9pCHqHQfChlAB9x1fws57BS8YzugxFhlwBQw9vmQ== processed in 158ms
[2026-08-24 07:39:35] [WARN] [api_router] Transaction payload payload_hash=g0wRqR+U3VBjpQyPP/sOvZwcDTuWpJ7xBuO5HlsMk1wjswFGBL3mbCVhq2pNCJD4uG/IzV+VQNCpUtMDtuny1g== processed in 292ms
[2026-08-24 08:10:31] [WARN] [api_router] Transaction payload payload_hash=1jmt/MrhhWWQwyxG9rN0dxpIgr63xgomh3EltdgMIL4l04eCgfVTZ+FT/athHf7XE6AUOO3YAjbK6X7tPPjteg== processed in 438ms
[2026-08-24 06:43:02] [INFO] [payment_gateway] Transaction payload payload_hash=9cJDrkuK+XtNWzORQRGkYFBRXExCw+eiIBW7oOFzYSiL0W4eCSYPAoXsMEn3O8UGvs4VsiWXImwFMXEtMA2D1w== processed in 295ms
[2026-08-24 02:54:26] [DEBUG] [cache_layer] Transaction payload payload_hash=CdWIjjNBuvQxczZphxatXZdXulvwyvq9g/vZ5WyIUgBk2xxT1kA+Bnk1Dgqr/J+s9AojSIg8+wCN4Rdk5ESMWw== processed in 73ms
[2026-08-24 08:52:57] [INFO] [cache_layer] Transaction payload payload_hash=cd7rsmEazfXzK9x4oKiI8VQO9Y70WlRj8ZTj5buTK4wJEw+JVRXwXIQnN8M7mIQAg3sVXSPXd6Z2BZinOTmTsQ== processed in 255ms
[2026-08-24 03:13:24] [ERROR] [auth_service] Transaction payload payload_hash=5W5JhLwoSycFaIesWw45oSh5rSJtKt3yIbBFpVXD0/PJf12dvGRitO6StJiHHC1SZulx9pydSUmkrzCWL0JxYA== processed in 300ms
[2026-08-24 04:03:15] [INFO] [auth_service] Transaction payload payload_hash=zwWTwSCZLaeNZ1ZuqpfwspeYCUdVR5ZS0eeAOGXzkRFrlHmwDd1r6fZP5sN4fqxesUR8Hy0QVpVeybMM7ioFJQ== processed in 321ms
[2026-08-24 04:34:18] [INFO] [db_pool] Transaction payload payload_hash=mRFHu10RMRVFmythfETBmfdbYlo2v3fdC+Ps0OJmG/FKD2DsxE7Mmj/TF5jYbbSfUUF7iQxSelb628leiQp+sg== processed in 58ms
[2026-08-24 05:16:39] [DEBUG] [payment_gateway] Transaction payload payload_hash=4pmeSTXtqMkxqDO5Sd215K5Swaw7cKkqqntGa7u9aAs7jfmpzTg+UeJ4lSGuNqQpqiWJ3mbDMjH5YJGQTsRSMg== processed in 101ms
[2026-08-24 07:34:00] [DEBUG] [api_router] Transaction payload payload_hash=As0H1PSzqU5LHdZFo9pXE0gSn//ebgnjcPNkOjN62WNfRt35Mad9dj0JoKGX1/rf+SPM6BB9934cc+t7wpn9Pg== processed in 4ms
[2026-08-24 07:00:23] [DEBUG] [db_pool] Transaction payload payload_hash=x/lyQ7pKXp6B7F+qdZCdm5jsw1fqQpPVsQVrx9gm5o0AleboY/2z7qJhnJdcPAWbRO9pyN8EmVjdAS0miVNtcQ== processed in 166ms
[2026-08-24 04:40:17] [ERROR] [auth_service] Transaction payload payload_hash=VeYEJYd4D49cOxJqgEvo69XKt8HlDg45gXYVKy7QgIt2SJ7oO2r8YhcsNUo40PoRDlmyPrPErCKZz4xGtv0s1Q== processed in 97ms
[2026-08-24 03:31:23] [INFO] [payment_gateway] Transaction payload payload_hash=bGY/i7BM/GmJEobtsliiDBELTy4n51r0j09RtJ5Y297qGwdtZtK6pwhmFHfoLKKIAFMGhdxe7j+ChtxQBtzhAA== processed in 416ms
[2026-08-24 03:39:07] [WARN] [cache_layer] Transaction payload payload_hash=4ih/h3KB8CzxxexFDY5XZxY3KVOSgmxILt6/yqOY79rA4QcNM6qggzSogZuEfxrTSj7hD9/yIT9PeNEOgIaVwQ== processed in 245ms
[2026-08-24 11:20:32] [WARN] [db_pool] Transaction payload payload_hash=w/T8/vWax9WEfvWVk5p+IV1vlZbB5Ng4JKSxaIbdQGPt95zMF/ynt0VFM9Ktyx9AVwbCoVwzsCJgkJe3BEzWKA== processed in 168ms
[2026-08-24 10:39:58] [ERROR] [api_router] Transaction payload payload_hash=D3jQDQwo/ryyHb3xaGSapMmWqhgS125VUQfWZXEF+hgX/eEm7udFMYg0TaKOI/tmUjT3GULm/b+3HnoIy+6DCQ== processed in 265ms
[2026-08-24 03:20:50] [WARN] [cache_layer] Transaction payload payload_hash=q46yG8BkLCuy9VKpYfXAFYe90ZJGltutN+LOfkYtP3+NiRIDZCQH1lRNahkd7XVRWWPuftBI1gL1cBSoSN7Qow== processed in 40ms
[2026-08-24 10:18:27] [INFO] [auth_service] Transaction payload payload_hash=yS1YxrLde9Fzahdb/97t0KK+/qH8d54tBlKFHr05Cm9l04JHRtNdaevsTRBytZMVF8CxBdOMuGcozPJQp8uxAQ== processed in 92ms
[2026-08-24 08:48:28] [ERROR] [cache_layer] Transaction payload payload_hash=EnR1hPETKJilslML2pqEJRT3J8gJqd6s9wkW8YEJPVxjKgp0BgyBJ5fmvMnd2TgW5BEYIXVTJh+s5uZB5NLLgw== processed in 198ms
[2026-08-24 09:54:06] [WARN] [db_pool] Transaction payload payload_hash=KpLDstXGGbzghmsiC40wPbU/P5DjoYXc/9jZwgg5CkGs/0nUQVbuE1+pocGnWv35pRaA0jeITsBs7eCIfoti1Q== processed in 145ms
[2026-08-24 06:20:56] [WARN] [payment_gateway] Transaction payload payload_hash=9k5RtTyaGiNUceCqQoAINrPjJknk9k1aStwionYav6fGLM8aXjv9jcAoMrzQkU41G+cKS7L7os7D0vSl80H10g== processed in 45ms
[2026-08-24 07:10:03] [ERROR] [api_router] Transaction payload payload_hash=hisq1Co4x37Hm8xJmBCs8CykBlzAwChpr45uJzpPXR7efXj9d8SgRRoZyHc1yuEalcqbKj3Yq6E1KV3AgYM6jQ== processed in 471ms
[2026-08-24 10:51:06] [WARN] [cache_layer] Transaction payload payload_hash=/HEcJIozHTFCUtx3DKCWhWSGCYkdufO9h/CzntRHG0HFiEK2fr+1wRd+kxLGlQoWQcOuRSBEJHYSxdv353vmSQ== processed in 76ms
[2026-08-24 06:40:46] [DEBUG] [auth_service] Transaction payload payload_hash=d2DDtZSx1h47Xlk9dzph6ziUKMMgruFaOrCXQugWF1nQo966Yp/XqBPNtYNneKv+uDXjzycTYgQbBNEV8edHSg== processed in 134ms
[2026-08-24 07:58:34] [ERROR] [db_pool] Transaction payload payload_hash=JjLm4Ib63Im/Z+PuGi6N/WFLmGdyOUozzBZEj3FZ51oTli6Szo59IIjslkDW8Ec43UqtwkmDD5e0yH+gbBzxDA== processed in 101ms
[2026-08-24 04:35:14] [ERROR] [cache_layer] Transaction payload payload_hash=1lgJI8kPF/kqZndW5ToPVd0yJpy2POLCqqL4uhOe7yxIpVC7CsaCQkdORPnVv3YJvUhbXI1i7gci+NJ4PvBUdA== processed in 290ms
[2026-08-24 05:20:24] [DEBUG] [db_pool] Transaction payload payload_hash=OrxsqyQc6sTE8bG+COOUc+tnPYgIdrP58svDjy6Ua5GvLp6rpnJALyfK6ceAfUEurrzy0P4ThWWpqIoDS4eh/w== processed in 314ms
[2026-08-24 10:11:18] [DEBUG] [auth_service] Transaction payload payload_hash=XsrQ6QVjogjqMruzmKpABFZot/ANcGl0UUxGEuE5d3BGr6mE3LeazVGazncZOWTQz0ny/B3kNdXpUK2xlTMZWA== processed in 171ms
[2026-08-24 03:10:04] [WARN] [api_router] Transaction payload payload_hash=xwOLfB7imNTYlX9IAADzIJBUWtoa5zxxbSHkIT4ye8v+xHhha/cv46E5mmw1brt1dtGQ/x1jL6BwKpjVPuUnAw== processed in 253ms
[2026-08-24 09:37:52] [ERROR] [cache_layer] Transaction payload payload_hash=wyalY17U9BTtJiI5qxM5h73G7RNOZeXprMne8Ng3v+od+vMITRT0Re7uTC/uSm48fEJpnsSl2MYTdaWdMIlwPg== processed in 350ms
[2026-08-24 05:10:41] [WARN] [payment_gateway] Transaction payload payload_hash=BL5gk0PIFixScrsLd06l9aVq/IiaxvYoU1N6v3o5yGT5D15ZSiljp+1yayjMzThCmLNQmE/Vnvaq8zew3ZjWKA== processed in 204ms
[2026-08-24 10:14:29] [WARN] [auth_service] Transaction payload payload_hash=DG18tZEjLUOlZsTjO5ZCDkx5aGBdFTqvIcicQicfmmQpL6yfDD0BX2CjfINErxcQBOF1nluFobvuwLcixadyhw== processed in 102ms
[2026-08-24 03:59:47] [DEBUG] [db_pool] Transaction payload payload_hash=OvM2ju2dQhPDt+nAdUvi34RM7Vf67UP/62lRKuD8mNFGze6LxVcTcnybr8bPpCPhy4c93Py90Qi2An2rAkusCQ== processed in 109ms
[2026-08-24 05:25:43] [DEBUG] [api_router] Transaction payload payload_hash=5XJ73THn+QyH/wmYxsEzPbPZBNJ7VlQUWiCZu6I8wj4E+r5GmGl1DeUVJfJAO6oTRBQUW6+9v8EqETWgbqKIuw== processed in 38ms
[2026-08-24 05:10:58] [WARN] [auth_service] Transaction payload payload_hash=EcnEubL32+rmMKoBzue5YhYSa6yUhUJcHZ0h9C5KqE9wUKdtt9ui9vkGJQI5hKHU8dt9JevQAOLe8fG8qlhR7g== processed in 403ms
[2026-08-24 03:40:02] [WARN] [db_pool] Transaction payload payload_hash=ocZLMH4NQbNsVmZY0zojDz+1brF5bsq/LLp1Mir9F9JW0jXMzkSo+nVAvIXK9whDPL68bysh0gBSefYmiyN6FQ== processed in 140ms
[2026-08-24 04:57:10] [INFO] [db_pool] Transaction payload payload_hash=wEIAFxBduK0Af9+TDfGJCMHalGG0VL16WV4YsaDcGmB82Ez/vxkvcKrjVgS9006a0d1EFdFgsW4v0KrAC21V6Q== processed in 304ms
[2026-08-24 03:20:48] [ERROR] [payment_gateway] Transaction payload payload_hash=OHOe9sydqi4XyE++R3w0zdslBpsYly1sI62xZGKzmSVgRx8DPMxmKW0ahqBw4U1t5vbO9k4ED1woGlPIZMn9Bg== processed in 453ms
[2026-08-24 03:11:05] [DEBUG] [cache_layer] Transaction payload payload_hash=S+kzs5kZ3cVtx8Z+mPu5ifyX31A2hkePeDuNSCwsL/NDIsHv3Zn41wDh3mxQNbXc8iDAXYSVR0/g+2F6fclw9A== processed in 405ms
[2026-08-24 09:29:38] [WARN] [db_pool] Transaction payload payload_hash=ujDU9AOgAVL2sc2H3nuU7qjns71tNyNCjahyI9s9o7BiuPLykMusHjnGhsiXs9OfDyD5ev/g3oTtNVvd4XkdyA== processed in 303ms
[2026-08-24 05:29:28] [DEBUG] [cache_layer] Transaction payload payload_hash=e/EhHh7TJKRzVDUb+9ShhQMzMoG0+jmgwHCCQaUqaPAwrIM5Q+Yvyo8B8/vZDgAqev2xxI6d41NxQueQSs4nVA== processed in 114ms
[2026-08-24 05:04:48] [WARN] [db_pool] Transaction payload payload_hash=FW+RVP3/xUdqLEsZCT+3xLlT8ai3BAN8py98zPKum8xv3pfEM0pxeLwQo9a2b/dFtheIb6ShbFJNLtTPoTT45Q== processed in 290ms
[2026-08-24 04:36:48] [INFO] [payment_gateway] Transaction payload payload_hash=/e/lk9ucbSBxng8YJSKLPUo/ihQzo2WX9Oe2Ybx/6kGbIuyc0/h63Hb3f4+nKgG9OPRRZxD6FUMBOhYcD1EemA== processed in 221ms
[2026-08-24 07:30:36] [INFO] [cache_layer] Transaction payload payload_hash=CaB4QmsXMBNepeLTxhRRnGpwsowTY0rOFn8sESZ3bZ5bXij75mCnVgpXTRwsEE8vtVleKEiaWtMG1GHMhfmZfw== processed in 165ms
[2026-08-24 06:11:42] [DEBUG] [payment_gateway] Transaction payload payload_hash=7x4IiH6gkCi/aTIJEcpBUJhZXIxs319t37WnPgqMWiHFEDeBsGy1VzXTz1NN0NT1/V/psEkgyhYGwqS3okQ0lQ== processed in 445ms
[2026-08-24 02:21:24] [DEBUG] [api_router] Transaction payload payload_hash=xVbROWBvfTbqSiykk3vUo83cfFaW0UpHgGMSZKQoCCjlHMFSyF7qXlkPkHvv2lYx6BTHrMfU8wRn1I9Ci85q1A== processed in 202ms
[2026-08-24 05:17:00] [WARN] [auth_service] Transaction payload payload_hash=SAmuWuh7dcNsCJj9YkdtkIMkDvq/tWZmdKFZ+B/VK2KGYnXi4YWXqGnnbbU1JggBpn14K86EvwG/WGY6VOREbg== processed in 148ms
[2026-08-24 10:55:23] [WARN] [cache_layer] Transaction payload payload_hash=HtzHmQZlSLaqa8Seex4V/ipRO/+iN3FWAayQ0KUsONf1kxc6HjNLY6oBnvDJ0ImZWplImL0Ovm4m/OtjWJFvgw== processed in 307ms
[2026-08-24 08:32:53] [INFO] [auth_service] Transaction payload payload_hash=mseRHS2a8rwnTZJqkWk7nkY9ARHs1pyEAJbOyO/2EovP6MrrIy8DV2FIDmCMuN1WBCH6udOYLQzND5jbcmWijw== processed in 327ms
[2026-08-24 10:34:11] [WARN] [cache_layer] Transaction payload payload_hash=kn9aoIWe43eWzqPwo7PZz7OaGsLfv3w0zwYyxARcZrlF6oyBJ8hYJ89QI3mJCC0FdXO1YbjXXRW66D+g+03pzg== processed in 88ms
[2026-08-24 07:16:25] [ERROR] [api_router] Transaction payload payload_hash=sByh6DTC7bzBxbfQ/EPrDX40KTXbkdNKjqIUTwr9Qnpj6Zho5vevBoe+llhs5GmK1SVOdfboTx8xliwM0URkvw== processed in 340ms
[2026-08-24 03:42:30] [WARN] [auth_service] Transaction payload payload_hash=JAi8zrZ458Xle3mFv6WbMh7IH2KJSVlJ6n9RbUFSG+AdsFW725oe0HqDSHwYbak3wYukEiCkNWJjQjyorrrpEw== processed in 74ms
[2026-08-24 07:08:42] [INFO] [db_pool] Transaction payload payload_hash=UG4GV4XSdKbwO7NtS7p+kkUcU7UrXzxhMyZpqKtSD9gPJfb4XC794fMvzCSEoBuOuywL9htXi9zHpVWMs7LdLQ== processed in 245ms
[2026-08-24 06:32:24] [WARN] [db_pool] Transaction payload payload_hash=oe018DJL7K0qIVAfaoR40fpv1jKSSz46KQofbQpf+bHHTCgpat16mlUl4So5K5id70S6z/wSaFdre6xv67g6sw== processed in 178ms
[2026-08-24 07:41:33] [WARN] [api_router] Transaction payload payload_hash=GXz1Yrtchp+NyJaFs7K82fQ6iR5LMpnUBwqQbelPPhAMrONveTgZ4r6hNI96IhP2Tfe0YGOzmXEf85TaxByoSQ== processed in 322ms
[2026-08-24 10:10:17] [DEBUG] [payment_gateway] Transaction payload payload_hash=n4MDclzB2OOvhLOr04QGFFJZCeK6L45Z0aAA0WwZzzmeSu22LnRPEdOp6mQG5R++ZWW5X3XWBkEqlo5yWeE/Jw== processed in 493ms
[2026-08-24 07:11:19] [INFO] [payment_gateway] Transaction payload payload_hash=J83e0kY7tH1IrR1OQwhBwsuD99LWMfNgR1tXuBQAhcDG2ZVj3Wm4IWALzmuwXfeHx5edLqP13+rcyEM0Bk3IWw== processed in 481ms
[2026-08-24 05:44:14] [DEBUG] [cache_layer] Transaction payload payload_hash=6Yi4Kh4IjD/tqdmWen6BWDXR73HgPctjJtEa9zF73PEKaFjNyPd5AAo+Y501fgTjJMmA4EncxKNtpZTjk43SMA== processed in 3ms
[2026-08-24 09:33:51] [DEBUG] [payment_gateway] Transaction payload payload_hash=oIGBZWILGeu5NbsNh3myxSOnjNB/7csvHC8hDQKjt+rVmuOW2ivRfy/Xo2s9Lv37DwiyaWRwW0QA4WgrbhlSPw== processed in 357ms
[2026-08-24 04:09:03] [ERROR] [payment_gateway] Transaction payload payload_hash=zZbodhUTSh3On0WtQRYBD8FFvlvTDVc6+Sy3ylESdlZ6cKR+oE448UFTHc+4Zktl7IDxeX6a5M+h4xhF0TkyqA== processed in 99ms
[2026-08-24 03:19:12] [DEBUG] [auth_service] Transaction payload payload_hash=VCN1O2Hdq8GABVk0CWiHk1Y3U98up9zkYKbNVKZ7Sz8ujSFqc7TVViMQ+zvdpcgIisfDP+RbM6/w14RD2vY0HA== processed in 394ms
[2026-08-24 05:31:27] [DEBUG] [cache_layer] Transaction payload payload_hash=V/etcrJHCdkol090CpabQ6o/34DvvqG1Yf8V8hpI4AidIjtTC8H3ovE2XqzzA525s6aDr/ZAWEN7WzQ89keZKg== processed in 215ms
[2026-08-24 05:51:45] [DEBUG] [payment_gateway] Transaction payload payload_hash=myP4Ijjpq8Gb3I+0lGM8XqnLB7yd0PN0oMPr0pa0OGY8vSrCon9UgAZd1Ef6UAbtO+5Gaor9WEEa0CEJJDHgFA== processed in 358ms
[2026-08-24 09:23:31] [WARN] [auth_service] Transaction payload payload_hash=TH72Vup8q4js/kFXJf0Lci2h8jGDt4aVgqnIZzMpulP0gQqjsLrE4tZdIOnILZf/FE0p3l5bKSEFbsRNHylerg== processed in 22ms
[2026-08-24 06:52:51] [DEBUG] [auth_service] Transaction payload payload_hash=I266mVf5rXI8V1MVamw2LrBF8q99xYl0m0IoAPfcNEGgpAyEYk/kWLOMI2hkwjutE3HVehAxxzdY8FmiyZRwkA== processed in 150ms
[2026-08-24 07:59:18] [INFO] [payment_gateway] Transaction payload payload_hash=noi5GmZZ7zAc29juY6CC8elfiHQRk0taHkAJ8CJQpuNFHXXJs8F+xqRE0sOURV0wR7Zm2PhKxpITlkw0V/lRGg== processed in 396ms
[2026-08-24 10:22:36] [WARN] [payment_gateway] Transaction payload payload_hash=jjF5ce4Xe+EfRVrF1ncLx1Aibz00/RWb4Lc/CEhVoQAq8armaeGvjyBSRD4HZ+YW+I9WX9B4QcopDdO9qWADFg== processed in 24ms
[2026-08-24 03:31:13] [ERROR] [db_pool] Transaction payload payload_hash=fSrTfsW0P1qXeakwGrjxFNNM8WOgXXrRNIA3pcpZvxDAuM7kbQIjj50XJ/lLMxhgt5nhGD48JsiThsIXEtzBsA== processed in 246ms
[2026-08-24 08:27:30] [INFO] [auth_service] Transaction payload payload_hash=G7wXugHfmYFfFHvtJsYXA3Ea3B05zOuv68am3Vg16J9qjvkWJHs06WrioBRBdH/c08XoSuasdizj3yGgrodLtw== processed in 444ms
[2026-08-24 03:23:23] [ERROR] [payment_gateway] Transaction payload payload_hash=KuDggn5DXByUzV3C8Q7/Mfpga1JHh5r+kRPAi6qL7VpvGQmt7dXJZiztOEgHED0UY+J14jVJYl79ByxLYqneAw== processed in 146ms
[2026-08-24 06:16:30] [INFO] [cache_layer] Transaction payload payload_hash=hA0CNzP4beOvyzqWxiycpIdDH28yQYOhWJj4R7hp+tXjT+JOgr8GUKTfCa44vFhQen53HUl89ZVnLnXSALLWvQ== processed in 323ms
[2026-08-24 10:28:35] [WARN] [auth_service] Transaction payload payload_hash=QMFsJmjdEi8R5oJ+N0YVzDzcxTpQTxpkTMGcNOn85FKl5O2KiI8dW64Z+nPqV4HR+DpS423pVli5QuZ8uytuxQ== processed in 383ms
[2026-08-24 07:46:16] [WARN] [db_pool] Transaction payload payload_hash=r4iA/wyIuinncQgRyanVoGwTIUC2g/trsuX8RvPAZxLJjpNcDTkEh2Ij7q6WKGJH8gcZ7ioD6VGGw1oMKzju7g== processed in 186ms
[2026-08-24 03:36:45] [DEBUG] [auth_service] Transaction payload payload_hash=9tevKu5oyH+5KkQ0fBkjYMX9XW41prEeZM25/l98U8R8me/AH4XDcSlnUKaHz4pBiBqenzAXoIKJJxkKe0zp0A== processed in 405ms
[2026-08-24 04:55:25] [WARN] [auth_service] Transaction payload payload_hash=OHueBuPmQ3HJi3ElDSzm+OqnhyyUexcys90+FfMbyG7XkDUVygwV+D+Mi/CUwXqDq2tEbWI7YqynVuZ0drGQMw== processed in 285ms
[2026-08-24 11:04:04] [DEBUG] [db_pool] Transaction payload payload_hash=DKu/Ob3KnTNDPnYXLDUcjVrLNlyPjJUupe7P/xyReX65Cw22THknoLFlczwzMJdTyMbICJBZU/gmUwcek5GYYA== processed in 53ms
[2026-08-24 04:31:28] [ERROR] [db_pool] Transaction payload payload_hash=q1KbmAkLVm+a2uvl5kBErNlX52kKquG/dKsHb3V64KFIJ/4bB3xkVsGhckB3+U2sEiezOgOOYwNAfMWqo7pYjQ== processed in 238ms
[2026-08-24 06:16:26] [INFO] [db_pool] Transaction payload payload_hash=dvi/RBzo11JXyfsH0US9Z791en40YUBuFZlla9S9B5z2epTde32f4X3qcK61B5yC3y67j62Y9RKiG8mZGXDqQQ== processed in 341ms
[2026-08-24 02:55:10] [ERROR] [api_router] Transaction payload payload_hash=DBoBgBeoYHYIRZmMwccscZa1diM2GTNPn+yLGAGOeZPEFs9SlAUrqhJzhw6LP2xjSSbOiRWCmJV1HwyShlhJ2g== processed in 201ms
[2026-08-24 06:04:48] [INFO] [payment_gateway] Transaction payload payload_hash=zfkdLsQmMpkO/SkrFa5RCX6f4REz8RdQ8cwF+fL5x/HM9af5sePEO9ZdTDwTPRxfIEwFQfQQy8ZNLA49b+R9Hw== processed in 343ms
[2026-08-24 10:34:02] [ERROR] [db_pool] Transaction payload payload_hash=PNzOVLdSoGtnVJN84b9hQDGNjRI8i7y9PhG1FG68pYVTQqivB/w0BZDtqjud4/H6JpHFBbOpsjrQTSrbdZ0glA== processed in 11ms
[2026-08-24 11:11:34] [DEBUG] [auth_service] Transaction payload payload_hash=5s5x4i0n7rQfTcgn2CCHiXrwfDCEZLFMtT5rP5OjzJin1hT9b4UvzVuIq8L9qPc4Gva+6A37nKR8a1SB1DqXCw== processed in 55ms
[2026-08-24 05:35:47] [INFO] [cache_layer] Transaction payload payload_hash=deppm5nmjuZuxq8g0AzvH8dIm5VcyfOF4jh3rrNDWhivDfhOgNOKZwUlglYc2anHOtmb9zv9DMkB3QcItg6S7Q== processed in 387ms
[2026-08-24 08:25:51] [INFO] [cache_layer] Transaction payload payload_hash=noBrvXX+BrzxmXFZtEqGYYMQ8zQa7zuFaVf1BqDV2hh8FLNRQfOq7w1qmZmpM/tY/NpeFsVe34lDqnWlA20gVA== processed in 66ms
[2026-08-24 02:55:36] [ERROR] [api_router] Transaction payload payload_hash=ONyh6pDV/c1IoDmnEuBbVGuMG7D6sP4JoyuDGv1qtICBQF4gNNi441+pKHI9ou5Ftl1dr/YVq5ai3dTOBZuziQ== processed in 228ms
[2026-08-24 09:09:37] [DEBUG] [db_pool] Transaction payload payload_hash=8SaKWF4D8uvLWxm+AbTU4UHBUE0DeSDmEqywN2R+FmJhCia+m/T6ex9VnG0hhT9iYfbQXOo+gqrmdKKWrOWfuQ== processed in 298ms
[2026-08-24 05:56:46] [INFO] [payment_gateway] Transaction payload payload_hash=pQuxJGKoSjwuG/IxMtKLhO4nBaE04YNgy0CjpbcHg7dteIgwMf07N6fyzT+MwUT7R3ra8Y6md3SXkGcNBWD/6g== processed in 233ms
[2026-08-24 11:00:14] [DEBUG] [cache_layer] Transaction payload payload_hash=GLwCz3mTuxmporQhbdy9nZwfq7mIZ8pFvLJdOrHPePlpGUjDw8j6L91SyEoL3XnB+c5DkUTU0jWYChI4G2Cocg== processed in 168ms
[2026-08-24 07:14:06] [DEBUG] [db_pool] Transaction payload payload_hash=Bqm+7mm5F/zC3UtWhbILpBNI0bfrJ1p4TAqb03yxwo6/24iJSrMaj9+qnWawygOwbhcgBzDGPAjXHEkgG6CU1A== processed in 479ms
[2026-08-24 07:14:11] [ERROR] [api_router] Transaction payload payload_hash=8FCr78WvYhXb95m2+I8t57+HhQ4I3gGQaJt9GR9EZCwG6yS641Yn3E7K4ZgyMKpZB2doPTMBPq9ccfxfUf4NOg== processed in 22ms
[2026-08-24 06:22:33] [WARN] [cache_layer] Transaction payload payload_hash=jBzUNZc/pQv1TWB/YeHR75i2bo6bB9/QDzHVlczcF3aG/0El6xpbCCEmGui8RJJ1oQqlgusQ9/xWFbPSX5JSvg== processed in 221ms
[2026-08-24 08:02:58] [INFO] [db_pool] Transaction payload payload_hash=dgdZFAGgFguycMQSpBSUY3fY/MkJ4dLmMilWsE9ssXSldwtJ/R9AS1pYJUs+fEWEGide+76yaCVKeUFa2zyxVg== processed in 333ms
[2026-08-24 07:18:52] [WARN] [db_pool] Transaction payload payload_hash=zwCXUjcJfop83mZmm8AjSIzID+OU63H0mPwpNpmSdCSFnzRALqjb6QrQodq8IPLYbZ0laAjVY5z4PS6FxQ+Wjg== processed in 395ms
[2026-08-24 08:18:48] [WARN] [auth_service] Transaction payload payload_hash=pbGBNukZW6fN/5PBAEgQ1Tal5ehD2tJxSxiE36O8yOLft9b+noXkUpOeRBEyihnUb0fC7YDWqwfZjgeIg0FNJg== processed in 273ms
[2026-08-24 08:37:12] [DEBUG] [auth_service] Transaction payload payload_hash=oLvJWJD0gORCNwGKA+P4qxDLPBNkXLbpjDfG601oYs4DaYeeryppxkopTHZFY4HGrL7SQWLaSgfu5v/m+scL2Q== processed in 66ms
[2026-08-24 02:27:28] [INFO] [payment_gateway] Transaction payload payload_hash=iqHFwdZy1SDU60akDiDoPAb87fuTgWY4AFul8hAmooA5xn8Jb7cxVd+iCtFcZK9CCLwc4O8GwFAPozwUZezSwQ== processed in 51ms
[2026-08-24 08:10:40] [ERROR] [cache_layer] Transaction payload payload_hash=PtvEI2Q8d1zYoUoHS/RJlYR1sgMwil3gLep6OKt9sO8AH0peoB6YD9y/nDDO8CpTUCmGVfxSImELxRWSn7CWAg== processed in 454ms
[2026-08-24 05:00:15] [ERROR] [cache_layer] Transaction payload payload_hash=cNHAtzw8MBvnGTS6TNjsB4KO+n9PNbVLTRf2ZdSuaTGkpCPGnxoDJ3xqHdKMfX6I+umnuNnXDUL9+nV7OIL1Zg== processed in 234ms
[2026-08-24 08:59:46] [ERROR] [cache_layer] Transaction payload payload_hash=Oe1Nc1qfNzuxpIbGgy/I8ZplJpNOsrKKWQiWmJo6/xP4ubHiPlsNtKRvikMlDGf4qFB20RI/GbCyzjxcZ1r0oQ== processed in 271ms
[2026-08-24 04:27:13] [INFO] [db_pool] Transaction payload payload_hash=oT8F9yy/lhNNvG9zjrqVjiSUZHDgAXWVEZyBDNZ0gwpd08oVawScf2jBruKJFV+iQEuqaQkAZonshmBvkVU1AA== processed in 232ms
[2026-08-24 07:26:29] [DEBUG] [api_router] Transaction payload payload_hash=yLf7MeYOkSjBdcMJhhPf9gc65P3BqLEqMex62tt+Q7EcRoN5gQySD6gkbuhvf91XpCbjit6mGZMJW1Hum9tdHw== processed in 110ms
[2026-08-24 11:03:01] [ERROR] [auth_service] Transaction payload payload_hash=Pc1LwKS7nUNfeidKs0ixTRFGIIRdxmBZpUKAWJA3+lVIIVn41qvXeju0GuxhdNY7wmly2Vl2NtTy0KblFoOGYw== processed in 266ms
[2026-08-24 05:44:06] [INFO] [api_router] Transaction payload payload_hash=Dapnlm6uWroG7NyW54xf9iMvAlh5TQsL69axea+KBYgVToQDJ5HJGNrRFi6b/6HEOZgtfaGZxexZAw9TCtoGUw== processed in 24ms
[2026-08-24 10:17:25] [ERROR] [db_pool] Transaction payload payload_hash=zy88OBXv3uInoQr/piZcAi4U5SWp7drc8xOPqDW5Fysz47gWwfmrsVIzlZqraVPxjcqaRAzGFKE+sTRfg/khPw== processed in 246ms
[2026-08-24 08:13:31] [WARN] [api_router] Transaction payload payload_hash=rCgdLJdeHLzz/tiK2YYoHq2rvhCKoNez4RHoV7RR3yYPxP002uWFq1+uO6R6R+7vvjl/c/9eZWWta9SW0RwBsg== processed in 327ms
[2026-08-24 09:19:49] [WARN] [auth_service] Transaction payload payload_hash=rvNwDTU3z8wsr0ggMQgmkS+GiEeNeCIC1q0y+8OmcBaKCO6qmJ+qDkMbEZmtMUKGb+9zs51QbQnBuXyF2Vjsnw== processed in 320ms
[2026-08-24 04:10:43] [WARN] [cache_layer] Transaction payload payload_hash=gb/si7AaqNrFeBHu7G0wwVaUDtMEL+5PSwgrsLeoKG/ais3oR/l6n254v5NLWnPpMpShI11cyPw7bS5RRec5nw== processed in 124ms
[2026-08-24 04:00:17] [WARN] [payment_gateway] Transaction payload payload_hash=iNbhK3Cf72pWBFvgZXjqepxGGSK/BhuXtLdpv5HYb9CkAfxT0nTSSesGkkAk16kLBGEMD++1KIwIe5sK8hyEbg== processed in 49ms
[2026-08-24 08:57:35] [INFO] [api_router] Transaction payload payload_hash=TjIkvu7qd1PcMeRVP5asOkZR5ABD1cBmSNcBT08qn0lrQLzb87KpVQVfnSyRs2IZbGxLNJ3jgU0dHh7cM3+0EA== processed in 58ms
[2026-08-24 10:56:56] [ERROR] [api_router] Transaction payload payload_hash=Ej+kFvViRSNVjaMQn0H/Epr3wN2RhkuyCGzNlHK0dP1RglDkWSIZ8UqeZ1UHA7z5OKZNrcOM/p1ia5vGGsBKJQ== processed in 335ms
[2026-08-24 10:36:55] [ERROR] [cache_layer] Transaction payload payload_hash=rISIvsckfPtmua0RDJ5L5kslU0rttNzAJNJHILM1+IYCW4fF3ZpVmHBL7Kuk4vUSYj5NgXqFFxMaVmurrStssg== processed in 148ms
[2026-08-24 08:19:01] [ERROR] [payment_gateway] Transaction payload payload_hash=SbtabUcL4eeKBKabTo/ieJqZJuE6AOvJQTytDsWPfeKoHtpnuuH2TbBTFZPC1Rarbbfmal8sK4ql4OOACG6BjA== processed in 287ms
[2026-08-24 03:19:00] [ERROR] [api_router] Transaction payload payload_hash=CRn1Nq97LNva73RE/pFduzp/0n/p7edw45iZjrYCvyrZ3jbgj9Z/35H0NuNdg4SKRMryyMyqxH1KmRW8WAmFSQ== processed in 136ms
[2026-08-24 02:42:48] [INFO] [api_router] Transaction payload payload_hash=SVX70FiURxFzLfSv09ZnRx8WguTCdEIPUTjiV+mHGWRGsPdovA3RyXuzkYZVJS+ulIJxbLMB99e7BcdYdQUpkQ== processed in 254ms
[2026-08-24 08:16:48] [WARN] [payment_gateway] Transaction payload payload_hash=BYPXLS06VGQSHkmM2aUyrLG9GFzN+W2Sh1rToCYlenpvtYZZmh81167rkQGTp5abyYbL9wf0TP9XrPCzn/SDiA== processed in 62ms
[2026-08-24 02:40:50] [WARN] [payment_gateway] Transaction payload payload_hash=yaA0Lo5f4D3YvzvoZxZDyg34rSnFmWbrIOGbrqD4AMdG28K+fgxI+B9yWKUsgCguKoOn2bBdeIqhW9/5rCQOyg== processed in 408ms
[2026-08-24 06:16:25] [ERROR] [auth_service] Transaction payload payload_hash=gzesVLHLgS3Y/Qt/kr0Q7Vn9aVG8eESW/89p1AWKUu8tBSmrYdWpIuoPuFfkj3+RwPyO0sACegBNAi0tQXleeg== processed in 345ms
[2026-08-24 06:56:08] [WARN] [auth_service] Transaction payload payload_hash=34DEYfBcz/QkeYobDhsYKG2pchKD9BIR5puDPszC95A3YZb9G1RYjQ0wYi52Nxy6us1UIHGRiVfveOj0FBstjw== processed in 483ms
[2026-08-24 08:57:52] [ERROR] [cache_layer] Transaction payload payload_hash=X45dGqn/1KK5qiiMT+wpeufCJdloGwShmfA2PGgcubcG+RCsWgj9kEw+q6TqVT/1GIWtE2nilGGivaao7W70Bg== processed in 473ms
[2026-08-24 02:28:29] [INFO] [payment_gateway] Transaction payload payload_hash=zfoytjMkWC4urkK4torGT9mSHMuysw3A4aJ9+/VmkpN2X3XYxSeIV/0jmIkpZCBBhD+WC4jAMr41lYCDb87YhA== processed in 215ms
[2026-08-24 04:25:39] [WARN] [auth_service] Transaction payload payload_hash=sA53e2Aon/H9siMq+les24BFMi+/8qdST7KCWcmZP34qiWN3PDfhuEUE7vnxOO9kxk+U/ZV6DXeTIHN9uWfV5w== processed in 422ms
[2026-08-24 03:29:23] [ERROR] [auth_service] Transaction payload payload_hash=Ll3E7xtPA4ACXhEk/QCSWgKxxldYKYBKwzz+OP1xi7tKfv22g8gLK+fr0G8lsepDAthQZUOpWwajw672lfI2dA== processed in 111ms
[2026-08-24 09:05:55] [ERROR] [payment_gateway] Transaction payload payload_hash=WEiGBvxfaxlIXMXFYM5vRnejtutYjrShMWWUm3PrxoEO23S0b4EZf0A0VjiEeweQbRsROUyZ8DY0/okgH2gs+Q== processed in 167ms
[2026-08-24 02:50:08] [INFO] [auth_service] Transaction payload payload_hash=h0IM4c5T7Tmj5wl8ri/aN+MDRdq9KWuf1gyJXcHV5y7x6yJubbKhC2fOy3K2hLyutUptkw7tkMu9I4a6a1SXXQ== processed in 180ms
[2026-08-24 07:44:54] [INFO] [payment_gateway] Transaction payload payload_hash=Vw0GWs2E6TdXLrSDQJHyu8UYhZNy4nMGP7En2nnYMaH+Gibx4M1qkYEOkgc6MGrnQnMBNzQY0tKFK+0X6raxQw== processed in 497ms
[2026-08-24 09:51:40] [WARN] [payment_gateway] Transaction payload payload_hash=dCs4ThF5V7+GgvdZ9+CGq01fCGvxFlGMYcAXQ8FA0Mpf9R+0C7R1Dfd1RYnZ9mu6fN9mr7cX3s//GH86ZC4GFw== processed in 169ms
[2026-08-24 10:37:16] [DEBUG] [cache_layer] Transaction payload payload_hash=gNKjdroU1UaSVbutB7XyyaXC1zTlbcr3tmzInczXvDXQbeUpBOb7FUCjngvVsZnb/lXbN7s3XcFIg2RToLN5Ug== processed in 259ms
[2026-08-24 06:56:35] [INFO] [payment_gateway] Transaction payload payload_hash=8JwJdLz77pNsqX4C4UXKpcQQdBpm4yHz7YhZloBpDv74WTCgUQuWS6WREImc7pt06tuJkyQX8Z+WmKg0+uFT6g== processed in 255ms
[2026-08-24 05:26:50] [ERROR] [api_router] Transaction payload payload_hash=KkLdDGyVl3kigEmvErsy7AlO1iZCzZDBwo8DVIOC/8xYaewFeuhsnqSXCxu8yfXILYLC2TKvDDLCb634Nnyj8g== processed in 288ms
[2026-08-24 09:40:16] [DEBUG] [cache_layer] Transaction payload payload_hash=GmqngbT5ylVTXk8IP7n7eylRjPcQKdt0VcdIAEW8xHlpwcoBWKMXPYhawZ7EFO9/tuCAMr/St1V4LYEUONC7iw== processed in 192ms
[2026-08-24 05:50:18] [INFO] [payment_gateway] Transaction payload payload_hash=JEEtUU61Ekb3bs4yXijacVvqEAZVvhOW28U2j1bDL5rFD+peasocA93VI0yGMT0zRxW6OYlPqagrqoZIs8kk1A== processed in 99ms
[2026-08-24 03:58:15] [ERROR] [auth_service] Transaction payload payload_hash=dQg4hINSSeY8uA7aeTLWmmMtS466ISl90rEk1XWndhzoeY6f+N+gnI2DS1iwmBCP8Fab9QnOR77FcJBG+SZymg== processed in 492ms
[2026-08-24 04:07:26] [INFO] [db_pool] Transaction payload payload_hash=amUkELVtaxvWm+gHeaWGfFiT6P70aGKDwUlN4TTLF7qbh6hs6WfuvRZfGsS/eXYGgNWRUw8K6REpnLPNv26ghA== processed in 154ms
[2026-08-24 03:48:26] [WARN] [payment_gateway] Transaction payload payload_hash=rGjQPtc0nvLfBdDhbOyE9ThPTq7VVNCVV2NC9r1LcEl2tulzTvt2YP/s97vC6RcbjScxLCKIQw7kdYs5dra3Cg== processed in 243ms
[2026-08-24 02:20:25] [INFO] [payment_gateway] Transaction payload payload_hash=SC9MpcsTaRIDHzw8pianog50eykHIzmBV6u1o4rZ1EwCaT4B7uHSZGpd3k3m2XXjuf5yhcrUBNPWilAOTGTXHg== processed in 426ms
[2026-08-24 03:08:49] [INFO] [auth_service] Transaction payload payload_hash=NW3CzSwNxM0oIudrxB9VBUDxu75QeO3t1YrBJnv8+CguXpE74qTT1/kSY6Y+KDFF6h0KPA/WRnt6MqtIE09Jfg== processed in 20ms
[2026-08-24 05:15:48] [WARN] [cache_layer] Transaction payload payload_hash=ZyNp7BvCVqAWMYuMgFPQEk7NMUpODNK7TdBBwaiAKvYXrmvhquQ3IOQhd8q7eCOTmqr9S5t65J6CWe9HRLNctw== processed in 221ms
[2026-08-24 09:02:41] [INFO] [api_router] Transaction payload payload_hash=pRK75MnQEeB4RP/sFoSoVI6FmnN7QEDixbMLB+0lyDN1mpiYUkQaR0P0QJOh4+iuruZDYLB653cyJW2Jf6TmAQ== processed in 54ms
[2026-08-24 09:07:43] [ERROR] [db_pool] Transaction payload payload_hash=yIDu+YjM4y8kf1bKEJ39shbwWWlgaOiNmoMoW8q+aGKGjrm/XE3jf4BAdf8Vu+PVkpJsrbpIYRmElEG5DkGCgA== processed in 107ms
[2026-08-24 09:06:27] [WARN] [cache_layer] Transaction payload payload_hash=L0zF+Q6/Ei2IP0+o9LWL6x5Bo7Hn5JPLID5x5OVe6Tgv2g5KCVVe1cbkRaTdJdy8bZu5U0W40eh72F0OFVd5+A== processed in 4ms
[2026-08-24 04:02:11] [DEBUG] [api_router] Transaction payload payload_hash=GzzqRQD2qtw8rbNSuycu2R8ibnuqU9S6nNRRqs8xec8dqUR/jhdRS2BrCsOilolN0K39uO17UxwKiKUiQKuIzg== processed in 369ms
[2026-08-24 02:39:50] [WARN] [auth_service] Transaction payload payload_hash=kKAUiG5m6syocaKLd1iRGep+PSyI5Co8HrADz+M2Rgc0nK7XN8WKFBpveb1hT701Xwb2jTBvwCLmu5+R3Xh77g== processed in 401ms
[2026-08-24 11:09:26] [DEBUG] [db_pool] Transaction payload payload_hash=oJGrcsApFUNEXdNmr8jGDOxEQF4C2cOep/sddfD9Q7eBrC0IOfDlNgT8MXHKR8vtGTlTlqMbR5wBRqe33QLzVw== processed in 445ms
[2026-08-24 09:08:16] [INFO] [cache_layer] Transaction payload payload_hash=3xqt0/F11KD+icmbq3caIWpAGmSGxeh9nsWWnKh7UlrrU3CWSiAjldURvA/5oVKyKZUddbCVOsi5JA2PwR7Wog== processed in 152ms
[2026-08-24 02:55:39] [ERROR] [api_router] Transaction payload payload_hash=ezTd3tcJBc6Zjz2nWf76ycVT/gQKFsQhu1dZC0QDEZ2+988lzqxwous1IqpvGc9Scr2Ch/ATGWgMY1LgicT9ug== processed in 12ms
[2026-08-24 06:54:42] [ERROR] [cache_layer] Transaction payload payload_hash=9D62xpOJRTUbKi+eeM8uAJjowL2EaEs4Wie9gjeJJnGd8YcuIaqu6gv/bWe5bGmnLF0uNBKNlG3CKLVJyIQcaQ== processed in 251ms
[2026-08-24 08:55:34] [WARN] [auth_service] Transaction payload payload_hash=Cb4wahdzvLqQ5xvzSbrl+9ZDgJgdvNanSmkq58CG6J9hrWf84VcYjypNJgKPDnRJhvQT1kQlYPvRUQb0bKnqxA== processed in 116ms
[2026-08-24 06:16:49] [WARN] [api_router] Transaction payload payload_hash=YhMYkprc182WoW/B02CelFe49HsyBttHED+KPMU0jIE5yT/V4KYD3NuskknsKQPBeI6GM52NtxA62jtbbY6Vqw== processed in 210ms
[2026-08-24 11:01:36] [ERROR] [api_router] Transaction payload payload_hash=KDwQyVeJnPKy3xrByGib0lXgZggSSCyxcGS/KV1z/EUKgJ0D4+yOcmiVqRK7mX8vFGkiC8AdGgLrQ2emmhhDgw== processed in 252ms
[2026-08-24 10:14:01] [WARN] [api_router] Transaction payload payload_hash=SxNm8uCIXmWw0PoChhQLKftjpqU/uGsAR34ssWbqN8VBa54u76bKqlCZn3cndbz3otVwenmto0XsYu7B1fsXEw== processed in 116ms
[2026-08-24 09:51:06] [INFO] [db_pool] Transaction payload payload_hash=nB8ZhEPRUHLo3BUsQ6JZWbxDVl7CIQFIkdjSp7uvrTW4ZLgMHeOrUqEoQXSVEPbtIk017fHhfn/ZJzDvqi544A== processed in 24ms
[2026-08-24 09:22:55] [WARN] [auth_service] Transaction payload payload_hash=mGAoWMQMGcg1bOcQWeEBv99OjXWGWvV8dmHm6IFN4W3ddnP3YtsG3O6X52G5amyLZDjHrIAqTMqGry7etj2H4w== processed in 270ms
[2026-08-24 07:55:36] [DEBUG] [payment_gateway] Transaction payload payload_hash=X4mk/k6Kx9RuuF2e+HYuLJboWq8pL9SxkR4G9dKWPif/a/StwsXteVVrsDn5T3FIgzVS4Bu1Ct5CHLuy0wbFsw== processed in 242ms
[2026-08-24 07:36:02] [ERROR] [auth_service] Transaction payload payload_hash=gRQlpIviUrnZFuN0hgEX7Izr1vjGadsY32Sy1LR86cZez4VXbi9IGjnBkPCkU71YbpwolEEl0bc6w9Om/LhOeQ== processed in 101ms
[2026-08-24 03:41:23] [ERROR] [cache_layer] Transaction payload payload_hash=qjK6skKoH2BGUKZyyMPAoFJF/2P50Tdl63ljZIFcbX8nBcip5syKuPRV+IQ3NeyN/tmbNPwsXsJErnMPPBUABg== processed in 364ms
[2026-08-24 05:29:35] [ERROR] [api_router] Transaction payload payload_hash=btqN78omlK3uwp1HZp0zZqoOXxq9dVmkZR5p+BBWuVsydSxMRZtkYw06jorslvAG/oaxzMptYUSZ2KW62I7ZBQ== processed in 367ms
[2026-08-24 07:25:58] [INFO] [api_router] Transaction payload payload_hash=FSXd/NY8xJtZSorxYviDguPYshsMghb7q3ky/im1nflq9GpnXS0tmjELogq363rePWL6FvZ6rPy4FyNb7Kz+cA== processed in 140ms
[2026-08-24 06:34:27] [WARN] [db_pool] Transaction payload payload_hash=ALk3g/SV7qqW5Swxmg+GQ4y8hopVtdfzRekLXak85b1fUNUojWUx2TjE8VQC987tkhqjs69y0C7K+HvhpNHriw== processed in 234ms
[2026-08-24 08:58:14] [INFO] [payment_gateway] Transaction payload payload_hash=QTmNI+sr/oj2KrsBkgF3AlzHhdfZpcAf78fT8cEBdiL0FqmQUrHeTlQb3KPzrhCYd/I1PzCBqpOSC+TYvIffVA== processed in 316ms
[2026-08-24 07:03:13] [ERROR] [payment_gateway] Transaction payload payload_hash=QGD+Ci36Hp5jFUWUxzLLyEJrRgbemiTeGbfJvdi3lpk+Unn6vrkLIEUfeo6fb6BmJmtaBsMvK2tYarTc8j9ymw== processed in 318ms
[2026-08-24 06:18:25] [WARN] [auth_service] Transaction payload payload_hash=uAF7y0TyZv5jmlZnmTK/J2WCc14hjErFNyYzK9ZiVZkJrIA/kNiO5Ed9zGu3MuiRObe/mchGB3EO8E98eoo1KA== processed in 393ms
[2026-08-24 02:37:06] [DEBUG] [auth_service] Transaction payload payload_hash=+P60Kdhd81LVRRuY0jY67cIdpZhRDdpXM0FdG0UeJ5jKGFKrygGqhPwTm8DQH76CnpIw9Ha3qkuTivqshE7tEw== processed in 267ms
[2026-08-24 06:19:33] [ERROR] [payment_gateway] Transaction payload payload_hash=yoqZSW5UPT4BDTPdEzInMDHkPBdSMjowzetWQuhv4iSJ2dtg2YTpuWM73fY/JnKpk4j42n8gWFgriqdr4aF2og== processed in 301ms
[2026-08-24 09:18:46] [DEBUG] [auth_service] Transaction payload payload_hash=5veAgdEcVd89qIVz7yN+51/zJ7yOGkUJb7Tf0KQkXeqtzqbB4hmBSfgxm1ItX3SEGWj8Oa1rWypnHeoQgDobQA== processed in 80ms
[2026-08-24 07:15:44] [DEBUG] [api_router] Transaction payload payload_hash=bx7MGufVGElnTJAPX0iM50XG8dbwlbeS4nyvRPcEYy8FldKPYdfLMySE+8zthBOJhXCTw2+IgDx9bzhPUM5OXw== processed in 5ms
[2026-08-24 06:10:41] [DEBUG] [cache_layer] Transaction payload payload_hash=pnTl/wgbFJn+sKUCWoTtItP90fd3ihFZBng6/G08cT+dTskof7N/94jg5ezqE2i+o+KV0SY4MO/sdGDewK0/9A== processed in 96ms
[2026-08-24 05:53:12] [DEBUG] [api_router] Transaction payload payload_hash=LiUnDpQN6hny0zBHOhor+9LZYF6SBbfC5hBRAJTvErYwpP6ldHU3Q1Nq+XlxsFVCOlNsycV2sqYl1Wa3Kw5dWw== processed in 31ms
[2026-08-24 07:59:42] [WARN] [cache_layer] Transaction payload payload_hash=kLJFDbNfpuA4ZWkw+tGnRsj2sCJYGxc5UkAN+I335/2wcAUHRyYaeJyidExzo9r0Q+KFNldEGGkf2X4WvSkfpA== processed in 313ms
[2026-08-24 03:54:21] [ERROR] [payment_gateway] Transaction payload payload_hash=/arH/6vfg74dtjrW9cIaMO1ILbYCBwvp15WKm5RlFHu6b8j/QdkFQVWSIaaUVs+Kjl5JTJBUSLvi/n0RZyMbDQ== processed in 257ms
[2026-08-24 06:40:08] [ERROR] [auth_service] Transaction payload payload_hash=tK+bUNV5AXkXhYSqeiiJjD2XKJVpx3JmlC43J8FbVdvd+kVTUMPaCwuI8et/J5X9W17OVscGViOuiK7Ilpyhzg== processed in 116ms
[2026-08-24 10:15:03] [INFO] [db_pool] Transaction payload payload_hash=N6EODIJB3Njj2KSbSeVfvCo/PsbxVPA6JmQGDhOLRDpyARMbxMWsqCAjGBT/V/UPolFyD9wfxWWuuS78iZ1tzQ== processed in 396ms
[2026-08-24 11:16:02] [DEBUG] [payment_gateway] Transaction payload payload_hash=4gZoQfjJ5pM2f6O/c9vQuqWMzbNIlgInhdnbwiHPSTGrGccrii5qKzhzIFDy1QBnKXEL9yvyMGtJ5RrNSjUsyQ== processed in 94ms
[2026-08-24 08:14:04] [DEBUG] [db_pool] Transaction payload payload_hash=6qoS2OvljK6NBR6ZgBlD+6gdgvmfTbnijiWVCHKpgwUTNJc9f/VbBV3iF+WzgOOoF9oZU+Efh+deGw7y2YRU8Q== processed in 118ms
[2026-08-24 06:00:22] [INFO] [auth_service] Transaction payload payload_hash=/xppWf9Bm//cKmX1ACYPJUEMfQKc0/9nmOZbzYLSVPNrD1fsO9UjmxFCTnZmHAyQrmA0J8tXw4XmtV+tcgGi/w== processed in 245ms
[2026-08-24 09:22:42] [ERROR] [db_pool] Transaction payload payload_hash=amUxfHrG9ABVLmRFFy7X7SWQOYXzTp/Y3zaDEPw82N0U3pf3As/UhV8z8W/oxSgQWn4bdfLe+uv/UJQ3chRXcQ== processed in 331ms
[2026-08-24 09:41:19] [DEBUG] [db_pool] Transaction payload payload_hash=mNP9R4cmHuDF+MjX8NGkGvkFmcGwknPv57HkPEiAsLw0JVVvxL2xX2d+L39aPZE5Ne7J4rx6Qda4uAqEG3273Q== processed in 111ms
[2026-08-24 08:45:40] [ERROR] [db_pool] Transaction payload payload_hash=taL/OGtDM61H3Sal1oZ2FKOS4pQhAa42ycxbHifuAfKupw8gt4vpvFZi1dgt4lVByfkTaCfOr5D3s1QZMPa/AA== processed in 249ms
[2026-08-24 10:08:52] [DEBUG] [db_pool] Transaction payload payload_hash=9gR56lMPUzV16J9C6xFmu5Zbfwr48L5TtCLySfaoeX5/qZsABU0wAFxSEfEO80qIdg0UeCGJoJYTOI6KX4UPNw== processed in 15ms
[2026-08-24 02:44:47] [WARN] [payment_gateway] Transaction payload payload_hash=0RoRc6BMho6e9lcUZ0jxorjk4e31IW+XtnPNFEtzSg5No96BNfwgECO1P1ziL5tyUq7xV728ckbVwCToxQ2dLg== processed in 205ms
[2026-08-24 10:00:36] [ERROR] [cache_layer] Transaction payload payload_hash=dZNEtIk+ciqosx5gRbVN+KUjz5SCtyin1My4idxj0gK7GaaqLuaGEG+EuzbpElPaQBIRKiePpw5FbjKKZjCfFw== processed in 261ms
[2026-08-24 02:59:48] [INFO] [auth_service] Transaction payload payload_hash=/G2E+yhUIeShsH1xxLdVZDogDDHDGzGJ+WRhpdUr+7pDH984XdW6Cg1XYW2Kl5RkOxROx1hhop0bb9DLikJtvA== processed in 324ms
[2026-08-24 08:53:44] [WARN] [payment_gateway] Transaction payload payload_hash=RT64KQHwwtyNWHVasikIx8/gECvDuXe4H1mQXBwK0fw5Iu3B9RJ/BL92zW84S3FtVCTycSxJwucVeMShq5pPsA== processed in 290ms
[2026-08-24 02:21:15] [WARN] [payment_gateway] Transaction payload payload_hash=6I0/rEvU7Y82T4ZZ796Brr9uZxAMsbB0gxqf8dRg84gDW3Ym4B6XUEb2Q7Re4gGj6p7se54ivAdf7VQT6q7VZg== processed in 482ms
[2026-08-24 06:37:09] [WARN] [payment_gateway] Transaction payload payload_hash=b6oe4cFeRpFMLOzmopYQRomtydEjK7hnPdTeron3Q65kftHLHdPN+f4C+cctyFFDMuLJbVmchs3hoBoFkotvhA== processed in 97ms
[2026-08-24 04:53:15] [DEBUG] [cache_layer] Transaction payload payload_hash=7dTRrEZ1iLPh6HEiD+1FxLXWl6/rXkQyDzLH3YyLcrb4UmbwnnVUUCrk77erhXvS/MVAx4kFKfqbMQU3c7CuSA== processed in 160ms
[2026-08-24 09:55:34] [ERROR] [auth_service] Transaction payload payload_hash=tF5F+x28Vp6O+hbg83t1K7np3vE79pHmJBo7csP5wnJ5DXqK84zegzmt8mF4pP0Kf69Xznwvu9jHz2jPw3Z1Qg== processed in 78ms
[2026-08-24 03:43:45] [ERROR] [cache_layer] Transaction payload payload_hash=3ukJM/kjcV+AyczQ34l4RZoKcKpxwdusE4GS3A4i2zo2xOgcFXs3+A2OZmyXg4P7EG4evfp/xCes1s4pOyXHbg== processed in 92ms
[2026-08-24 10:14:23] [DEBUG] [auth_service] Transaction payload payload_hash=MuB73uNGd1Ufuk6aPZZXQjp3dmi16shPBGNEVV0dJu2YqcoZNKTKZBh741WfoQIFnn1eG+aJr9Jda/rWGF1k1A== processed in 355ms
[2026-08-24 10:32:17] [DEBUG] [cache_layer] Transaction payload payload_hash=w2Pg3NKPz+5x/3W3Bl170RJKo3TCW7jo1WRx9Em1mk/c/dN9GGJU4uGagbTyra2RYiLjWFaabvdtmOTPiaOaMQ== processed in 207ms
[2026-08-24 11:08:36] [WARN] [db_pool] Transaction payload payload_hash=wXwOJ69LWqbD4/ZCt+00EmOw9p3+K0GayuE2LaepwyCLob4jy1JqXk4il1Q2kZP78fgP988YAjJlE0Hi0qOb3g== processed in 132ms
[2026-08-24 08:12:44] [DEBUG] [db_pool] Transaction payload payload_hash=X817tEMJd5igp2C4OJ16HaJh5tByX4Z0qqaIKGtuGCidkS9/V+a6Y1z1s/p5nhceJWzkGtmRnz3p/9VAEoYvFg== processed in 378ms
[2026-08-24 05:10:49] [WARN] [api_router] Transaction payload payload_hash=a3n6Py4Rn6gYlTvsLgdsIfrQ9PTS1AygqKcg0WpZEy3IXoZ1jja3Z+v9s59R6ZgqH9xRI7zk3bnuT2N5SecAuw== processed in 386ms
[2026-08-24 09:53:23] [ERROR] [auth_service] Transaction payload payload_hash=e2DFoLREYeRXnsJjxZfvc5aVYjS7aSPX+AssmXQYp+PIoiRuNOpWmyvaFCd1dr9S5ZbPOUXZ5faA8WXGmBMtsQ== processed in 212ms
[2026-08-24 07:19:10] [WARN] [payment_gateway] Transaction payload payload_hash=f0tBNeCnnWi56BW8pk6lSPIPo2Zy5/T93/rUtIIAy4iqcSTRi3HCLyxUqfzuB1R7lpm4ulFzVbM81LC5Wf3HSQ== processed in 118ms
[2026-08-24 10:43:47] [DEBUG] [api_router] Transaction payload payload_hash=TIVBTO7zLpn63IqB9wvP/i35qE4kHC4drU0r4vnec9eKtoIxhqBrniCYJHQkfLFE3ZhJNAIhfh7sObm2UNrDOA== processed in 325ms
[2026-08-24 05:38:36] [INFO] [cache_layer] Transaction payload payload_hash=cLuFKDUafQ/lqp5ETdRPp/5ajRPiOpqEhEmUJ7+SoQegBuHYLLG8PdMnwn5JBalDcIMsPXCbZsLqVxnU0GUAlg== processed in 132ms
[2026-08-24 08:41:09] [INFO] [api_router] Transaction payload payload_hash=bnvkPaPPe76FHJ8SyZCCZELJPscNimTPrbbq4TiwrrTYluHmCK2oj7tQMUIXuHQJnS/94VwJIfrFIP7dg+1tnA== processed in 247ms
[2026-08-24 06:28:08] [WARN] [payment_gateway] Transaction payload payload_hash=sSrkeYWLTFiKmclzWTVVmMnxmaZKmb5ofHNSu+r86Uq/hlsOAaKF52dl68C6ltzdSmU9qgnXVDAlNhU/qbG2VQ== processed in 13ms
[2026-08-24 05:52:08] [DEBUG] [api_router] Transaction payload payload_hash=N+TPMbFyRfdvoHZH8Q5FB48rMwkKqy9LU6FCMLdwoqWXuKIbaACs14rcjQPQbfKa8CbEtJPUktW4EoqLbg0BBA== processed in 69ms
[2026-08-24 09:49:21] [ERROR] [cache_layer] Transaction payload payload_hash=wX6YYdTwf0lEWstc1s4cPj1k9tKoNozorr3uQVF1BhNRAKnKw6lPi607ByCfejzOXGmRqb0dwjYyrTl9id2M/g== processed in 233ms
[2026-08-24 09:17:52] [WARN] [cache_layer] Transaction payload payload_hash=BgH9j6cUMnb+yw2wJdke/hF49SQdVFQHCx52BzKhL84ubwW0whB1EPal83WKAW4+wkL4tqndnN036GmZIuhYsg== processed in 192ms
[2026-08-24 03:33:48] [ERROR] [api_router] Transaction payload payload_hash=JqsWLxolE8/SL6MaNbXwZMfAq0W2A+t9HI83ZG7neea7iWdRfWjKmJzKCIdCqlmcQaXMWo/rkwCZ1nL4CzS7xA== processed in 9ms
[2026-08-24 02:30:01] [DEBUG] [db_pool] Transaction payload payload_hash=eECUSjPBQC01+fiEQLR1s+wdRUMqRnriWOCRPc6Q5OUBwe8IImEbfvMJpb48QbXKyjJ2jnWhqJP2meuXRXAOQg== processed in 224ms
[2026-08-24 09:13:52] [WARN] [api_router] Transaction payload payload_hash=weeMc8i/RnORg5ct9GG6sFNSplmR6F1mYcUAo57TS2XjAcjKw27dFZUXCP9Lo1tQYoByrOMb5x3Um88Nd7JEcQ== processed in 338ms
[2026-08-24 05:38:11] [INFO] [cache_layer] Transaction payload payload_hash=T5ifURsjgJSFE1AglL5L0bSOC1w8Bzmfff3ouMm0DoxXzTLNqByJSkjDujtiDfaEZVC6ErxvFm+CO6ho5Njlpg== processed in 429ms
[2026-08-24 04:18:48] [INFO] [auth_service] Transaction payload payload_hash=qEciN+ul3ZIkmXOmtXBRejVTJ8v9uCq5UjHvFMVIcv2Uk7FS9o8JrrFQfXBjhLlLmzwcmC8FXwPw3b+MoAPahg== processed in 370ms
[2026-08-24 11:11:40] [WARN] [auth_service] Transaction payload payload_hash=WBmuMRWqJBW4MCixVUWvE+4LlGpb6c6K5cSEaM3bDYHbQHn+PrplT2XF6oAqBSH3X+PBSm9p4CGhr8+iqmuKrQ== processed in 307ms
[2026-08-24 02:43:16] [WARN] [auth_service] Transaction payload payload_hash=l8tNtilHOuyO/mdxkdhnLhwyU2aXPlz01du0GzslJKlBXrN3MWkh75Kyyf+LYNEqcZ4yfV6jUPsP+fBH5l7oPA== processed in 423ms
[2026-08-24 02:29:31] [DEBUG] [auth_service] Transaction payload payload_hash=hXPqN38QwaueW0YyfEEh93PLH3n45E4jhVMh9dULxD5GHC8CYLKywUnlsRkwFbP02uhhEqDhQZ+ukVcnrgZ95Q== processed in 272ms
[2026-08-24 03:41:16] [WARN] [api_router] Transaction payload payload_hash=z4RIvuVhQS3tAvIY1aykATPjYDj+E8qVW8KT8IC6GUr+zGRVm9v8NAMCfnW6L33a0EHxtTTzVTeM3mgmThZahA== processed in 58ms
[2026-08-24 03:08:28] [ERROR] [cache_layer] Transaction payload payload_hash=P6SENU1fZfP0UWMv4bUfOwlpuzzmH+jXJG69MOGlDhQDikOOaH//T1KvaNI8IVk8onsqQNnf4XUkaqbIXcNlew== processed in 157ms
[2026-08-24 08:27:19] [INFO] [auth_service] Transaction payload payload_hash=oJDYQvzCoF+NooyUQZBrd2jjM5Tacf7Vv7IFUxf8U5Uc7+GfbXR5Woa9gnCo3Cs0tlEUjWYFN8B8uprgw7YYfw== processed in 151ms
[2026-08-24 09:07:42] [DEBUG] [payment_gateway] Transaction payload payload_hash=ixFjBJMsK1MTezFEBhBHupesEfWBog9AZefgc3rY3PrVWBd5/ZwJMa03hPVr3CdCqqvk7T/yI/x9x43B5oW55w== processed in 36ms
[2026-08-24 07:08:35] [ERROR] [cache_layer] Transaction payload payload_hash=5hRqHU+6zJMIcvNUpun5CuteNwA/bzbtT0mICZmEQoYK4pXfKi7tRWP/LRufEFqfL3QwA2eDr9aTxyDM8Xtcsg== processed in 310ms
[2026-08-24 05:39:25] [ERROR] [db_pool] Transaction payload payload_hash=5TXnvXxxcC8Vwy7qsaOAb900ybgIAuaA6j6AZb9zjcHd3ZM1LWNvYNk5DdhDNwix4Otzio0SLluGuQ53UhFPeA== processed in 91ms
[2026-08-24 02:56:24] [ERROR] [api_router] Transaction payload payload_hash=dzXTj4C08qBlwVDbCg+wscjhLGukubTHBABTFkEg/xpL9VXKBvW5Ne7+qVWQ0cx59kieSB7SdtFj5afIfw7OXw== processed in 344ms
[2026-08-24 07:29:02] [INFO] [payment_gateway] Transaction payload payload_hash=Me/REGKTNdLtnW7fHctAXf6RYEcl1RdWJdMzdZYmux9iet/slKrhW0luLnVY8RWwa7iBxlySNT1oFn82EelUTA== processed in 100ms
[2026-08-24 06:01:25] [DEBUG] [db_pool] Transaction payload payload_hash=I0Dm7GQja9/vR51Oa3cHAZIY69k+9a35YC0JhlB4k41nafrQiJtl/+TSAqIPwDK08eckItzi0ebEfU1NpN71Rg== processed in 249ms
[2026-08-24 10:33:09] [DEBUG] [db_pool] Transaction payload payload_hash=kFlBSlBImdcG9MlYJSnu62oY/P6RAsPnmf5m84zy4eTGb1tVsV2wOdIGDlchGJmJwhCcOYUEUAryyt6fS+DEkQ== processed in 387ms
[2026-08-24 04:52:27] [ERROR] [db_pool] Transaction payload payload_hash=z302+kMlDzXBamM75csllPZuFV+wWYKJ+IYUEP6btvtAlvECa5bqLKl2dwZaGyr3xcxvNwrkRQiTYWPy/rl+2Q== processed in 490ms
[2026-08-24 09:57:49] [DEBUG] [api_router] Transaction payload payload_hash=bHO8WlgM30pLjcFrRtMeHnmcIQjy+tGdUw+X1wcOYxSnH3+1mg+2GWzY9mL+EPckgLuGI4fueGtqJK0AD3gtsw== processed in 479ms
[2026-08-24 04:19:31] [INFO] [cache_layer] Transaction payload payload_hash=w3fRsX6xbRPzuIQ58zuiIwll1EZTJ6SBImNVbT9B411Ws/TDFF4WqalQ2Au9yr+FXXlS4rSHQurwGK7PhBbCnA== processed in 304ms
[2026-08-24 10:56:56] [INFO] [api_router] Transaction payload payload_hash=IRtwTIGutJiKiEIXUr7AoVw9PBMD2jb9ccCVgQB/a2h7CTM3k5vRpggSSfaX1wxjEjDe92cG6qREVgBo8fSTcA== processed in 136ms
[2026-08-24 11:15:55] [WARN] [cache_layer] Transaction payload payload_hash=Yc8UpQpFgfs7jn6vpDSPvzfw8lUq/0Kvx+1SmWieM4t4XKN0FUFDkToMwoz3NEsCiAD8Wkl+KHMkN97Ak+1a3w== processed in 435ms
[2026-08-24 06:38:35] [DEBUG] [auth_service] Transaction payload payload_hash=u0eHDNb6ekUbZw9Si77VEj9+NFOHvkqGKXB21Rsmzv0tAtywhvf+e8la4z6rijaRviw+Eagyw8jhaEaoIrFVQw== processed in 4ms
[2026-08-24 04:35:24] [ERROR] [payment_gateway] Transaction payload payload_hash=SJiFnfdrthoFPlY3o5CTxRlLpjn0bAVaSGJikAP0QnmL8pqhfcBWtIo2HEy3Bz2z823p6gh3QRpJg65JEEvpMw== processed in 345ms
[2026-08-24 08:59:32] [ERROR] [payment_gateway] Transaction payload payload_hash=1UoD69KuH5Lwn8igUKZ439/pdE+Y3oeRTNHhxHy5eLMoMl06E46widP+PWK56Kww2bdWuH7C51uyt1xTaRf/Dw== processed in 475ms
[2026-08-24 10:46:20] [ERROR] [cache_layer] Transaction payload payload_hash=hi9uQgHTELMgQ+GaYx1r75ni8IZ4ElExzEmhM7s/NKhE6spuUiJspI3Sa/nkHCaWRoSe5kgFZB5eQDwyXdF5gg== processed in 36ms
[2026-08-24 04:27:02] [ERROR] [api_router] Transaction payload payload_hash=pwl2sSN68qpMSS3Rz8v86uu+GMCwxS3Wi7EEbBETZ4BL/dU9l+nd/uVgAggCtNYOnUcodXn7dVGqp/JIk7gNng== processed in 458ms
[2026-08-24 07:38:37] [ERROR] [api_router] Transaction payload payload_hash=LPAscpnJb/JNhVEvtP4U6cw16tBgcHkKrENUvIPQajvxlCMHUd06s8LY02k7wG3zmo7iAs+sv1l/jeYzUDsgHA== processed in 13ms
[2026-08-24 07:04:04] [ERROR] [auth_service] Transaction payload payload_hash=TrnEz9tr9EqntbzWEQ/NIjLERhqNYThsi7Km1LN59fcj6L3tzIhwZmABzawVJ53P6sMOSIOxw31wSlRjIJalsA== processed in 240ms
[2026-08-24 08:36:44] [DEBUG] [api_router] Transaction payload payload_hash=dRNHLtRKE14LU805dGC5FeHcB5BmLGfPMcNMd+C8VY8fYpK1W7tli+PBaasrcpKlK/A7b/Qakj0kA54C61RTng== processed in 6ms
[2026-08-24 07:59:37] [INFO] [cache_layer] Transaction payload payload_hash=Iqy6hWrsc1qA5DTU4U4qs96z4+3DvNDXgERCOxRQI4mRok36ZgKOL4zg8T9VIWiiN7QPoh74cJ2IA1FA6e4GxA== processed in 380ms
[2026-08-24 04:41:19] [ERROR] [auth_service] Transaction payload payload_hash=FgQxyYabMfviwMMQkq/XL2RfXXwdcPXbgbyinOZqjsGYOFBAeP6mglbqyZKj+iRQQ6nqdTFTpmHJWvpMtp3psA== processed in 384ms
[2026-08-24 06:37:10] [INFO] [payment_gateway] Transaction payload payload_hash=sEvXpPg19EQAMW74VXCIuXRIucVIJB6VpNDxiKBCphh2bFRXrTW0I4mB421wyTNlOXA2L6el+HBsrfdbTRgHtg== processed in 496ms
[2026-08-24 02:58:13] [WARN] [payment_gateway] Transaction payload payload_hash=WRiYxnhaCTm80QraJ1WfOYA+CwjpmDf1Qvz2wBNYudDoDn03OvxKNlnKlD1+PEEUO3NnNRRIXnhkWMGD/C5BPw== processed in 200ms
[2026-08-24 10:39:13] [INFO] [cache_layer] Transaction payload payload_hash=FFGdncShRo3KuDj5SuzqlJPcOQW2j3qLMIBH+TkLHhKU7C1vEn7rRj+5xEof2Ia7wtCj2puRBWr9sYgAZHG19A== processed in 64ms
[2026-08-24 07:26:08] [ERROR] [api_router] Transaction payload payload_hash=2z7VnoRh+WFi3FoOZPhARSz7dZrpK8sq0qmxHVrA3MXcnSqeCZK8S2McInbycLhGfWGH2Dm/3NipXtYEkJ42rQ== processed in 262ms
[2026-08-24 10:34:27] [DEBUG] [cache_layer] Transaction payload payload_hash=xpr2DEQ5ZXNQNocsGfIHjAHC8al7RdEznlMPuakgNtRmBhxh4xac4m2s8r0tEncFjwzQdZna0UXB7sB85f849Q== processed in 68ms
[2026-08-24 10:29:54] [DEBUG] [db_pool] Transaction payload payload_hash=56Uww2qyMjPBVpZ0lCWZ2B2ylEXYM6oJV2bwB5tU5AqEZnL/J8Ylm1DiJDKo2g+NA3mFblALVpodpM0FWVAUBw== processed in 12ms
[2026-08-24 04:36:38] [INFO] [db_pool] Transaction payload payload_hash=KSUymrJ0LdiOdzNYjeOGS5mRPTc1AgVJUeM6F+I/xtRl6HQtgo304SIgddTWwcyGeEgye0x5ElcKmYeuo0kftQ== processed in 315ms
[2026-08-24 08:29:36] [WARN] [auth_service] Transaction payload payload_hash=jcgVF3rYR+G2kx+mZI+5wsYcPcCd/JlazQOrxF9amcx8iRAY7tUxTXM+ZBG+CFF/Td3oizfB0HBx8dN43CqYow== processed in 381ms
[2026-08-24 02:46:02] [ERROR] [auth_service] Transaction payload payload_hash=lXZxRACGOpUgWD91gM8QRqgZGl1z4NALKurjxALeK9WvRJAyqqWtraXlso+5/FFeTnNeln0qd7Pt0teoilL7Sw== processed in 105ms
[2026-08-24 10:37:43] [DEBUG] [cache_layer] Transaction payload payload_hash=eUFKv8Ra354K6Z7s2QDu7+rZs+sU4yeYEWnQmg0kluEzDNYezOfvfzkvWE6nwjkNzzKyZtX6HCbPmufglwa5zA== processed in 316ms
[2026-08-24 07:23:00] [DEBUG] [db_pool] Transaction payload payload_hash=OgVj26r6NLeDeYRnyIS7/byhHrtT3MI/7nmCTMMVz7PeX63MGc/Y0X4ygzYrN2/Fwdv3g2+Lm4qOfNdZanYCvA== processed in 268ms
[2026-08-24 07:59:48] [DEBUG] [api_router] Transaction payload payload_hash=kmmnVFlOtsXGtlfXf0CrB84FILW4wfh9VZn1ShZ62TICNVhJHnm/d0obRUJ8CvB6FeYZJOJXR24ZuS9DG+1zLg== processed in 320ms
[2026-08-24 05:16:29] [WARN] [payment_gateway] Transaction payload payload_hash=HA5yBbmffrHF1ewe1Xqjvw2n0Pd1LPIqkCUYtvsGouk5py4M0J0hEea3/pUXM/iL/tL7DER7tiBRcwOScpWkrw== processed in 38ms
[2026-08-24 07:25:04] [DEBUG] [auth_service] Transaction payload payload_hash=WPPLo9oBYB0SdU1IWETTXuMAg1Sd9WJisYSRe7W+IojU5CkvtIlOtPaiXvf2PXEcVcu2miFd0sUzjtjWBS8bJQ== processed in 432ms
[2026-08-24 04:19:07] [WARN] [auth_service] Transaction payload payload_hash=gjRYBY36yjIiebXz29tD6xzse/GqDPBppb74UXyAV3UYgXd5vT7/8dKeihSW4+5PT31Cu+JvcqOhR5VnSm6Ghw== processed in 181ms
[2026-08-24 05:21:03] [DEBUG] [cache_layer] Transaction payload payload_hash=cRIy0F5Yuj7qHa9mEJDI/FC7DarxO7aYT3WGw3S1Io2g0nfBOOtvGEZUGT5zqCFISt8OrxYafV3SO+3mzaYzBg== processed in 202ms
[2026-08-24 08:47:15] [DEBUG] [auth_service] Transaction payload payload_hash=89vNP1Q+fdbzz9X6Jz/kRK20ZeBVPh+en0EvmjEISEEXdX58gXjhDQjW5BqdZLQowfUzcOILycIGVw15cpEyYg== processed in 296ms
[2026-08-24 06:00:23] [DEBUG] [db_pool] Transaction payload payload_hash=ujFRcpPaXm3Gp3r9vhwZzktwbOMQRkJlcs4iTRT7SWGK9fjo/2MeobbmKvPEu/QS719L4WgWIh1wlDNAEkqflw== processed in 209ms
[2026-08-24 10:46:36] [DEBUG] [api_router] Transaction payload payload_hash=UqP0lwAThXsso0v+eYQ56k22h8Eo/xW6FpyLISgF1hNBNNFYCh1buuwzTvcChuWuj9ZPUgTAGIT6gb4nwHXzoA== processed in 309ms
[2026-08-24 09:06:04] [ERROR] [payment_gateway] Transaction payload payload_hash=lixLpw2aeh2tTgVU6731SmzzoSPoRqeSesnK8ybuiErQ1dFKicM6T9n70COwUeRb9bXkggHul2dZXCH37rJM3A== processed in 381ms
[2026-08-24 09:14:16] [ERROR] [auth_service] Transaction payload payload_hash=LwaDyU5sveFU16py9bqesn6zsW+JliYjUOvj+KUqwlLzHfb1/usb40vsMfD4xrH2M/5XokOQveajn8QJklWnJg== processed in 30ms
[2026-08-24 07:21:10] [DEBUG] [auth_service] Transaction payload payload_hash=sIlHzXRDsgV9VEjjLzg6pjHNtaoArOOrLodpj68RESQtrr5yNQO65aWlgCxZ1Sw5mL6BSvwbt5HK5SOwQNgKow== processed in 213ms
[2026-08-24 08:31:16] [DEBUG] [payment_gateway] Transaction payload payload_hash=grISO/QlLSnF/7xNtF+E17SdHWLK83g0+YQy4DA9feTEprk54qwjvCyKabVks1Yd0mqA942Sto5S5aCl+7G25w== processed in 174ms
[2026-08-24 02:43:18] [WARN] [api_router] Transaction payload payload_hash=EdB46hDCIntSgrD+gzsz7hA+w7yY25gh/bXNar7kvETH0SjGXZAKXMnRXz99Kg+2yuYdSLSt7F44gN6zpbiZYQ== processed in 339ms
[2026-08-24 02:30:56] [INFO] [api_router] Transaction payload payload_hash=8ouX0/tVTpgZ81IDWF293waO2WCk/O0cjmMhN0b5Qdj8a6PcH2hkOYmP9/Xjp5QXV3eYmLMhSysgXNIHsu1VZQ== processed in 466ms
[2026-08-24 05:46:33] [WARN] [cache_layer] Transaction payload payload_hash=dIn0L757kp2pbTHzmegi0x/mibcNr841kKD/xRXuMc4u11SzPXnKwcBfaxceXDpyJwJ9MzUPwTmPpwW9Mho23g== processed in 302ms
[2026-08-24 08:16:17] [INFO] [auth_service] Transaction payload payload_hash=+6pIDkRx4MSyCq1Gqwfd4RjWo8IAAKvqPjAN55PgOElxvWrOefmWQcvFhkGiM5ds1nY+g7eORaN1AL0RZMiwSw== processed in 356ms
[2026-08-24 03:53:56] [ERROR] [api_router] Transaction payload payload_hash=Kx99mWqr9cRNO15KOs5CAdcyO52vaQdbO2Ea+Rg3bySLXYPrOjoSbYUljjQxP42DZJaAgnQjtr2kLT/har3SOw== processed in 102ms
[2026-08-24 04:32:58] [INFO] [api_router] Transaction payload payload_hash=Evp00CGo8BFj8Mie+UIT5bjM/sGswRz2jgronNwjsA11C3roeI93lUr8V+Njfencm/CGLcY1RKHxTZHH0kZdEA== processed in 372ms
[2026-08-24 11:24:43] [ERROR] [db_pool] Transaction payload payload_hash=XK4VejHrnzuVQMybe193lr8unb54OsqNwJ8sgkNLhd/VCKkimmK9LQ4xHvsizqBTvy+CeFHCfc7WH/oPSM0JLQ== processed in 181ms
[2026-08-24 10:26:32] [DEBUG] [cache_layer] Transaction payload payload_hash=d+DG5yfUotzDFLZswcwixu737gL3xM0wh4bwMRpdtOSQiutzLviBvJMHDLF3ttb2jJo31M/7Kp58aX7+57yoMA== processed in 293ms
[2026-08-24 07:50:28] [DEBUG] [payment_gateway] Transaction payload payload_hash=/ZVKLEpXQoszgtRehUd+bg/jmwcCXePbpQokJooLTU4Lm9WtLp3HRJxf0+ACnHugfX2H1xdHKBkCRX5loSFZ7Q== processed in 77ms
[2026-08-24 10:51:20] [WARN] [cache_layer] Transaction payload payload_hash=RiLKyX+j9SYwXIyEr+s//rhIUKlMF2lOkUNOSltDrLKV8Kt7+UcyNJuj9xHSpLDGcHix+zBJYYOIy8+f+AZfIg== processed in 102ms
[2026-08-24 05:40:32] [WARN] [db_pool] Transaction payload payload_hash=83ycTFcZpcf2OSS/sXZPsAaF/51EH8fVVB2eoD9dg52MFz4HCyU0AGHfcTj7HhLcbm8AOL0xkdD1z1svE4L5HA== processed in 361ms
[2026-08-24 07:35:27] [ERROR] [db_pool] Transaction payload payload_hash=ssftRRZMHXYYLG5uJkrvMK41VCS33mlEmqjsDJfz1l+WHvKVXm0J8+eH1iYKjbcedxkHKUfLaqDsuXHLriG32A== processed in 494ms
[2026-08-24 03:24:50] [DEBUG] [auth_service] Transaction payload payload_hash=4GUz5OfSlF4+HBuk5KDiiRZG5jnTfSWQ9noF3vCjN0hK5kK7XYQXU5m7qQgp5AKBVtWEz4z4AUvAFRHLq8wbDQ== processed in 110ms
[2026-08-24 03:37:58] [ERROR] [db_pool] Transaction payload payload_hash=bM2C6TWFaegi7pxCWRPQcKhIBiOpyJx1i62uMBADqQeVKdEwgZ1To+e6IMBHFN00+ogre6SWsadjRUxyjnw44Q== processed in 338ms
[2026-08-24 10:12:18] [ERROR] [payment_gateway] Transaction payload payload_hash=5RnGhpokMWFJkRsIsM7am0PLM4IOxQKJ9IOXHs+WAqW+gi3hebXUEkCJg9JYiOw1vis0n03krVGBHpjmG9nlqg== processed in 264ms
[2026-08-24 09:23:10] [INFO] [api_router] Transaction payload payload_hash=eisvOtxV2RIKuByRm/lVKdUD95prhl889IHL0uARa+xcqX3AWuhjBHCPsX58a7ua6pTydln6t8fk159EhQyR0A== processed in 5ms
[2026-08-24 04:54:33] [WARN] [auth_service] Transaction payload payload_hash=h389Dbd9tG3H4Pf2I/btaXCHyg02rfDHzCDJ6Y9HSDeQz4i7tqpr9++7n3s1eP8cge9OJ+hufAoIudwavaXx8g== processed in 15ms
[2026-08-24 06:45:35] [INFO] [db_pool] Transaction payload payload_hash=pzWpYAMmaht//pmdQwd5YlqirhC4fVUvw5RNtYLi+t3I3VxJt4ECtRdWTzGaKZQUjmCr2gOjHieycwmq2U4kFw== processed in 30ms
[2026-08-24 09:42:18] [DEBUG] [db_pool] Transaction payload payload_hash=Aq3gQh9vYghwwor0b1Re2FyB6du9JoJRc8qO1MUj1ix9pe6AGoys6dVq9vI1OA5Rf540SpWn1Ya09m8vMZKVzg== processed in 430ms
[2026-08-24 05:45:41] [DEBUG] [db_pool] Transaction payload payload_hash=t2ZgKbMVnz8Klu2KCqBLouyhp68Q51XJGAKA4HhhgHD6iUothOD7PSxmWvI/uvN350De2VItM8qq4ff30FnQfA== processed in 255ms
[2026-08-24 08:26:49] [INFO] [db_pool] Transaction payload payload_hash=fzui7xikBsrIzYUogZrzLv2I1zYmx/9z8r+hq7Kkh7c2BooLHf1soU8AEwy+H/AhDZ4qzOIRYwF2VPS4s1LZmQ== processed in 369ms
[2026-08-24 04:03:16] [INFO] [db_pool] Transaction payload payload_hash=hnE++5n+we01dnWd52vo1Ezl/dQVUkKAAN7Rl/pOn8aI+sg/42y6YmQMRV5SFiQ8ufRHpCEKgn4MteK1dkiQyw== processed in 198ms
[2026-08-24 06:46:28] [ERROR] [cache_layer] Transaction payload payload_hash=9chwBTo+7hSoMyPYgbHHz6a0x1g/b3p2MJrkY6g/sKumkbG7zgwhZwB+bfQuaCvstzw07ubsIK1Ps77wSM6kbQ== processed in 227ms
[2026-08-24 04:24:54] [DEBUG] [db_pool] Transaction payload payload_hash=srQ3gywtZrsHGmVpieZvTOh/xeviap6iyZlm5RxjphRyyM+Tbj+lrzdMnBLo7VUJ8gRQqA4G1iBhMkY+UL+WGA== processed in 63ms
[2026-08-24 05:54:14] [ERROR] [db_pool] Transaction payload payload_hash=QoyF6Azlm8qUIVUHO4wL6EEz6xzZ/h8bsg5W6XRmwqV+66PE+ZKQAozziLatNrDs2XVSc558cVzorOCh+LD2NQ== processed in 149ms
[2026-08-24 06:49:20] [WARN] [auth_service] Transaction payload payload_hash=y7NLhN+11q3/NmkzVTregMoNadyvWeUkQYgE2meGQuXn58XwS0/av5FLyEoXkmWjUIyY1/WhFn7wyc+mng2VbA== processed in 328ms
[2026-08-24 10:07:30] [INFO] [cache_layer] Transaction payload payload_hash=0bimoF8H+B0PA4Abauy2S20VBLPoqCLZMI6TPbeR4EGZ/V6taURulRtgmNFqp8NDx6Ozk5NpBsFfWC4/FCX1AQ== processed in 183ms
[2026-08-24 06:42:33] [WARN] [cache_layer] Transaction payload payload_hash=XPNWB+LQq3emcsm+m5U8BIvGrTtbPbdp1cNvFnuLTf73tEMZN2YTDUkMc4w3FmF4GIJlgOe3gDrLVypPtqo6LQ== processed in 232ms
[2026-08-24 04:29:34] [WARN] [api_router] Transaction payload payload_hash=40CpEMN4PMWxfSxFdaaZ5YEasUdHFMCkvExC8ab+Utx6exbTBV9v2aMjxhUYgfepI6Bij6JH7s9u62rEsKz5bA== processed in 16ms
[2026-08-24 09:53:03] [INFO] [auth_service] Transaction payload payload_hash=cn02nfat6mcgSZbQRDoPBMHqmydV9Kur9ykaBVx2eJqhTL5c7woZ97N+Lbnm32ilTrZ3NXxrQkDw7DJ0lopNmQ== processed in 490ms
[2026-08-24 09:57:00] [INFO] [cache_layer] Transaction payload payload_hash=t1Mj+eyGRpajH2p7L8A900dioodI8U77F/tYNzjDzBywuB2/+d+oKbVhy+IlO55uatpPng8y9U217kxTcO9sAg== processed in 120ms
[2026-08-24 04:49:04] [INFO] [auth_service] Transaction payload payload_hash=/wlbIQUwWl8yk/JP3oOUgJgBN43ZggUoYz6TXOWQEG7pTKIKAKcT2Ni/kZegMFhzVvXP0bzLJrhdfkHv+v4bjA== processed in 299ms
[2026-08-24 07:23:29] [WARN] [cache_layer] Transaction payload payload_hash=oV40xiZIgAGjsKUzCBWukrzqwnGIbSklHzyc23TGuZ4mUlJrpkVr3FrBEHqotRl2yA7IRmBEkGcTzqPO0eXpQg== processed in 240ms
[2026-08-24 03:35:57] [ERROR] [cache_layer] Transaction payload payload_hash=Me4FC8aW5FASyjpQNw6X+D8uaPsAC71R6dDZwA2zVbs51TO1jauijuuV9OSw7mQ/216aVlXrq3n5XYIyUfB0mw== processed in 230ms
[2026-08-24 09:44:59] [INFO] [db_pool] Transaction payload payload_hash=JLoGrw5zRSWRC7mLJTCrAHmfdWOjEwbnxNe44jQA7HUOEp3ZhjRz/EyF/4Dy0VlDy61rn3dim/+VcGD+ka8Rjw== processed in 25ms
[2026-08-24 04:18:23] [DEBUG] [auth_service] Transaction payload payload_hash=sbEgdW23FtDdu14rglqNfLkr2IXZi8qF2BhbhVBvsg9ExtTwLSS4ApbOD57TX17OD9owdacWDLDqGSPGFitvww== processed in 174ms
[2026-08-24 06:25:05] [ERROR] [auth_service] Transaction payload payload_hash=RaEyBZc+z/mKwtTW4XHdbsS2xI7JxDFt75pr0gaslFGFHwDJKZlFMw8Tbh1Go+mx6q4zHzbL7LqaIZOnXcqtxg== processed in 398ms
[2026-08-24 06:30:50] [DEBUG] [api_router] Transaction payload payload_hash=dXVpy/gbMlq/eHUnkCgu6MX33ty5KPxVVi06flNc7wKf0C5c/FrMSkFyX/beR0DOiBPc3tYEbWATTlbw6809qg== processed in 169ms
[2026-08-24 10:48:58] [INFO] [api_router] Transaction payload payload_hash=P1x//GkkROHNn8lKPy5j4FpeLIU/UGJLj3wFtltXIgzypMApCBO9CJl/A5McFlobAtEwfoeCtqErxjQd/bOoFA== processed in 173ms
[2026-08-24 11:11:03] [INFO] [cache_layer] Transaction payload payload_hash=mF/FnIgACXXBRQ6BbY0THdmfNjdHnMVnMpIR/asILa3iOACbMqvE0glX8UMcs5lmenCuZp6S0xFoBaterxaXJw== processed in 4ms
[2026-08-24 08:29:55] [DEBUG] [payment_gateway] Transaction payload payload_hash=aToIjLphxRnNbls8e9kUfxv/QmV6HVLMKVoG8RXRg6nD2mVVEP8UFNQaR//MalEYcbUXvjIak9iHP8tHwDk5wA== processed in 385ms
[2026-08-24 07:35:10] [ERROR] [payment_gateway] Transaction payload payload_hash=/dq0Quz02BQQpEniJx0FW27ujfXp3xG/TMyktclMiMRI+/bdnrbKCybUM2MUIpPbckNJgsAKgyo3vERa+o6xAw== processed in 414ms
[2026-08-24 04:55:19] [DEBUG] [db_pool] Transaction payload payload_hash=ZRSUoKK54J2rqLBRbJDpRKOrA8yauWWXqLdtbyGypamiAUgCA0RX+Ewj5LZM50+VS41N2vlkXi8G4gEW/UbxeQ== processed in 219ms
[2026-08-24 06:54:05] [DEBUG] [db_pool] Transaction payload payload_hash=VexaCnm0DreDUyD6YfPy/ALDrt0OgVYTs2I835RQP2cPUhalu4Umt0smwhCjiWXT6LE+APv9uhkz6cmBm1bcIg== processed in 237ms
[2026-08-24 04:13:32] [WARN] [cache_layer] Transaction payload payload_hash=nXNucQ/afGnKZ8L1brhIOvuSpqfVe9usF6v49wM78s220ClSLzkr438F3eEoG2vuQ2NOSALDC0+7qQcFltHlIg== processed in 377ms
[2026-08-24 04:19:45] [INFO] [payment_gateway] Transaction payload payload_hash=PYR2qLx9abmFySQlIsYozNRiwN+CkJlBlImu0COMbYDXC0gtC1ngG0MooWsXSEgwC+LNm5/TD03DRtOS/puonA== processed in 114ms
[2026-08-24 04:41:09] [DEBUG] [payment_gateway] Transaction payload payload_hash=nTqmD5DY45mcEhyBXo+ul+63IUbe7Xrk4hQWQ3D+VDpfy6hYLvLIj5nzyEnqbHJw79XWmhsHCkbwkUtPkgeVzw== processed in 287ms
[2026-08-24 11:16:41] [ERROR] [payment_gateway] Transaction payload payload_hash=6Z24Ur3zQ2uuAVgmKu8GiEBwf1GnKf0SWxeT73wj5roCSjR/1FAmfYfwFTev2+qQT14NEImogp6a52qYhQbuBg== processed in 394ms
[2026-08-24 10:00:40] [INFO] [cache_layer] Transaction payload payload_hash=iyEUqeYeWWHFAHc2bybt9maRmHQImoVaigyNR3bN9e/hA1KgYsS6HQHe9EymE1/B+4pX9BRwqm57vbRmSR3WyA== processed in 482ms
[2026-08-24 11:20:17] [ERROR] [auth_service] Transaction payload payload_hash=XMKEs7ADnwCUaGJItwmUxOKeiY+2npStlBXOzETxPvTrrYu6SwsQ7qgMpvoXs+geJ2ftN/N60Jd4JwiskQL1ZA== processed in 323ms
[2026-08-24 04:45:44] [WARN] [auth_service] Transaction payload payload_hash=AT/FR9jc+FCJ9uT40/HGeCvo1msqv1lBYg1MkvQYmHsj4ZschNtqTXP1b3fT49TTpcOOYnu+PBVUWnXp5Rp2Zg== processed in 449ms
[2026-08-24 10:32:52] [ERROR] [db_pool] Transaction payload payload_hash=Au4ubEJ6SFSLOMQu3VQzDJTL1hbC7MwQ4ZAanW4vvXX0F0jabGHPZJCDpoo8qce+/PjnhKH1Kbteb1K76PZ+hg== processed in 94ms
[2026-08-24 09:31:50] [ERROR] [api_router] Transaction payload payload_hash=Q75SRfAZdJwWqY0esgbBcV6EkFAF2t0dXXicdpfxDvxWRXVVYDxSXc2dFhGPSW38c15YQD+pcPR1hDH18OabIg== processed in 108ms
[2026-08-24 02:32:10] [ERROR] [payment_gateway] Transaction payload payload_hash=zMcQwJP5ZUCW8VDWaS01LE6Vq6PlZvjYTl40YR7W9DMo3ImlxP7eN+oKMm5W37xVNZ+kqC72iLARAOEJKEUQ/g== processed in 298ms
[2026-08-24 06:50:49] [ERROR] [db_pool] Transaction payload payload_hash=HMGs91K9A3ueX5x+tXcpHyzA53PJ326z6oxIMGABe4y8sdrW3niYmk+UEYss31PZ4yda7KsjCiVqglp2iawytA== processed in 152ms
[2026-08-24 08:00:36] [ERROR] [payment_gateway] Transaction payload payload_hash=/2h+GbbkFbhsFSBOUWfy/yKRREms5JT56l+aLB+xf9emo7zvYEUCiHpkuOCm9OjaajSRhvTbYjpK0eZyhrAqSA== processed in 235ms
[2026-08-24 07:11:25] [ERROR] [cache_layer] Transaction payload payload_hash=TTWyoaSPxs3dGhJvX3t4WOxt0Sm3WmlvMZUkFU7vos9TfvIMP4qnMH10vN8RSbs/exm+b9hodBU9oc/cybNjaw== processed in 462ms
[2026-08-24 04:36:04] [ERROR] [db_pool] Transaction payload payload_hash=zClm0LWAxbzu9cRexmvmlgJ5UDVZS8gpHV3b0pHSw/LW1DZFi+qqVM9NsZXEGI1y2duNm3JmGlVXWmTsmWhEwg== processed in 445ms
[2026-08-24 07:13:18] [INFO] [cache_layer] Transaction payload payload_hash=E8p9tTiPVy41YgIibubm9BfP6byv3MKl8kfTAVmYvPTcXcK4+GJyLO4qLQTMJdXHTzy5QMaYD9ZyKPn3E1vzgw== processed in 394ms
[2026-08-24 08:35:44] [DEBUG] [payment_gateway] Transaction payload payload_hash=TVwd6uHHPJffRgCbNfGRf1lCMwO9URCocJF/3dg8WyACuoHgDh+F+GS9rpBlZKxnltuZNY/oJej2Ls0UUvtSrA== processed in 127ms
[2026-08-24 03:23:12] [DEBUG] [payment_gateway] Transaction payload payload_hash=I6DOsS42pwEZg3mxrIDATVCsPGUF8yx0d2NbPfxclz2mi0R3134As3EwCbJ512FMOmTWLhN+cdM5jS1G3w4QYg== processed in 343ms
[2026-08-24 02:54:07] [WARN] [api_router] Transaction payload payload_hash=QumFpx4B6UMBuzm/PqoEldAD6EOfBPDLltguJpSWLXnpvOVdyiUwsygYdb8Ms+KnaU4aZXW5B6K//d0M8mc88w== processed in 235ms
[2026-08-24 10:04:05] [ERROR] [auth_service] Transaction payload payload_hash=1BuKF/Qsx4Rx9Cvw5l4pq2TTp3TPaJUZOOR3n0G+YAKWSNLjjxxuuG5tE2AkiMaE0GlMp5nyb+WUmDDa2hqKJA== processed in 290ms
[2026-08-24 04:03:43] [DEBUG] [api_router] Transaction payload payload_hash=Y1imUlAG3WkfCPNlCm8fHQVEC8gIqYUV3eiYrdwaRKFhoWEViI3e8XPq7SdeuSSqFJdOBOnfUMZQRIm+NpzB+A== processed in 482ms
[2026-08-24 05:26:48] [DEBUG] [db_pool] Transaction payload payload_hash=nGkw9GeB+3pmhq9ODyXWTV6x8UNKUAy9Vk9Mri8i5AkJhsBrUbRtHhWj7YXDx01umsMO4YmnwREM6+6JHhQy7w== processed in 54ms
[2026-08-24 04:03:22] [INFO] [db_pool] Transaction payload payload_hash=lFzIbhfzwwIPPXXvVpZBgzHDNgI6ca+cXxY3q8MHCC0u50wjlbQFRCFM+fkM/2rWjj54mu1vvmLj24KVcI16jg== processed in 106ms
[2026-08-24 10:36:04] [INFO] [api_router] Transaction payload payload_hash=XISc7Do9eo0GpdvNGEqvYmaIHIOBOCU4T8yB+U/3SvjbNCgSnLImbympw1pRkhpaeqLujgir1XH+i+bWFzPAtQ== processed in 254ms
[2026-08-24 08:28:01] [INFO] [cache_layer] Transaction payload payload_hash=akyL4qU4ALoB2/9UGaV9++mhKa1cJwtaQu/5UPQV512kAnFiX3YeOVJn1rs5LoQOS9njC/CXbu9pwU0/LJzVGg== processed in 12ms
[2026-08-24 06:16:06] [DEBUG] [auth_service] Transaction payload payload_hash=jWPXrXkU//66TClODfmUNRwoobLpN61hxVxblh5OswdGyzC4wUi66k76WeK7ppj+IZlM9wTitrOwAEiGDorezQ== processed in 118ms
[2026-08-24 07:31:44] [WARN] [auth_service] Transaction payload payload_hash=jandtPfa7NVKMWdv3ndnzZ/Dw+0cgzSlL+ZPKL955Yy7ftdQSpPuURBavG/RSpy3XFmBi/JF9SUVToZh/6w8EQ== processed in 302ms
[2026-08-24 11:05:35] [DEBUG] [auth_service] Transaction payload payload_hash=ZMdoOZYSe3PEx44oSdLJ4EeNtA2aDPCrchQ3AQS2ijrkXSX2lJF7oPh/HLe6oDwkh6BNJP9sIcOtqFGHtvZXrw== processed in 108ms
[2026-08-24 11:02:27] [WARN] [auth_service] Transaction payload payload_hash=IHv47ldKUMktKMPjcCN9LSAlWVHu8YCN+IWYDH59xCoC+ozR54I4w2FYiyhmj5XPymLvTG/DZwj76ak925MuVg== processed in 199ms
[2026-08-24 07:33:49] [INFO] [db_pool] Transaction payload payload_hash=1jSkZ7tccFpjUmSbhhWEdRtWGb8MMSCTEh8wu1mNv4NwC/6eKn4za44+sYHOxR4yVh+AZJRyvIMDaDviXdRNGQ== processed in 419ms
