[2026-08-24 08:15:06] [ERROR] [api_router] Transaction payload payload_hash=Q45N3YUI1uZUZVd6s/JQQjgUKfY6JdvWTS9xQvTod17DN1fcVuoeaW6PumhjkJXl4K2ftxSvbgwWzUFIktGEFQ== processed in 39ms
[2026-08-24 07:28:37] [WARN] [payment_gateway] Transaction payload payload_hash=McjP0c8ZBtbnCnl5FzXqwio3SkHFrk5HB9RPBO5MwG0SKWUaVzWdN/JQ2WC9jHNQ464m5qNntV7RqvXoPCsxYA== processed in 48ms
[2026-08-24 09:24:13] [INFO] [db_pool] Transaction payload payload_hash=FuG+pzbZ54TtKmlmA6TcScXOFkq5t9Irmr3v3GKXQmz0p4D2dQTgi79f38RfBCgrmpkBOOaygdhkQrmoJk2Rew== processed in 266ms
[2026-08-24 10:24:47] [INFO] [db_pool] Transaction payload payload_hash=HffbmB6k/jBxHLYRp9Wu0PZ5zmm3mckNhyNyMrM2152feir9Y485UZhwM917RWGZOqGmYROonIoCvYWgAXPS1A== processed in 369ms
[2026-08-24 05:36:43] [INFO] [db_pool] Transaction payload payload_hash=khK6Z2G0sEZJ9aIGsfmMUpDQBOwWU3dRLRYwLYkZG8Hn52Itf6UexGj6vji7svMu59mY/4AwgkiYdUNbc8S60Q== processed in 313ms
[2026-08-24 02:38:09] [WARN] [auth_service] Transaction payload payload_hash=IDupUJW1bveipGcfttxyJa1vHhwNYGXtgkitqb1cqJsHKOv9BrySIlfRfyFdlXo+M6Hll6BoUEwqLLmHAqrLYw== processed in 196ms
[2026-08-24 07:47:34] [INFO] [db_pool] Transaction payload payload_hash=TRKXdZNG43lSp3xBwaGnKADrEw2U6v2HpFydgbFr/LlsXQ18X/teC4EHYQTq8exV3ZbrdY47rP3ZTF1ayH7gEw== processed in 346ms
[2026-08-24 10:57:24] [WARN] [auth_service] Transaction payload payload_hash=MCkG86c2tJLKeuUY6ea+SvRhxLHSgnPUXpc9I8GKtK5jDNcHuJqVr9hxGB0iIB7E++/TbNY9CSWX6VYa/zX1ZQ== processed in 397ms
[2026-08-24 10:04:17] [WARN] [auth_service] Transaction payload payload_hash=FutkmsSKY9nsCvM52RncNUBNAqlcMid/0M+QxIWM/G4EEEBLc87vAwG6VV1nLwU9u8evnB10fAeJCpPIxrDgjA== processed in 256ms
[2026-08-24 09:37:17] [WARN] [auth_service] Transaction payload payload_hash=dNKbUzq44s2uq7vsJhiUP7WvwAT2xyxIndEIRtWzwalWnMTxTVs/sP7byQqFmnpgsIUnd24AgAKdskerd2xEpg== processed in 228ms
[2026-08-24 07:27:50] [ERROR] [payment_gateway] Transaction payload payload_hash=ZtiyUEX2ZiYXv8ICcsj0yCQkVnB4IiOoeBXVCtT19pO+di36cT1PwvIFMAo57Z1LS/yVyT2TuDPBaYQ0HSLf5Q== processed in 388ms
[2026-08-24 06:39:01] [DEBUG] [cache_layer] Transaction payload payload_hash=/atNd0DpFkp3iDBwzfn1lsKf+W9MBAhdRyTNabS9j3WxDV3mrHu0erqrpr+Euhw7fxAsZp3cvZ+SQQ3NzZRDcg== processed in 232ms
[2026-08-24 05:33:13] [WARN] [db_pool] Transaction payload payload_hash=j4Yv4c2pbB/zDlbLs9RqqTl4u2xTNQYRCs9HKiW6+mS5vDaoayZI1E6otVciAybDVj+XYn5iOnohDxXpkNoHLw== processed in 92ms
[2026-08-24 06:22:58] [ERROR] [db_pool] Transaction payload payload_hash=/3ZH2Ocb2gdQIsZ5/rOraGnM+/v+EthzM7tIaLigGmJZWqzZpcL/pzm5bAhO6HKq0/m2JThuoCVHzkhhgTRaNA== processed in 306ms
[2026-08-24 05:29:24] [ERROR] [api_router] Transaction payload payload_hash=l0UGc0Ex/9nTTClQHG210FuppFxOdPKdFJOU+rEg2qGhXjJEiUbPwCzWUobD63azsCcPDdTZpwCVSDFbOlMAVA== processed in 395ms
[2026-08-24 09:20:08] [WARN] [api_router] Transaction payload payload_hash=bWlistt6/B8N3cfEf6VQ0+XJq7o3Esr+NdGcOPEkl7m3zlrmEPgQqC6gwtJp7oojTRxz7G+TgmZluDtfuoIQ5w== processed in 381ms
[2026-08-24 07:51:05] [INFO] [api_router] Transaction payload payload_hash=qcFiqmQrUeNXUVgS4sUk5gzYC6OyDWm/wWCsOO00pa0oTEpg+0JmfjhNOE6vx+W7dYLhlId1PeMQZoEm81jF7Q== processed in 355ms
[2026-08-24 08:06:19] [INFO] [cache_layer] Transaction payload payload_hash=IRofKQJWP9Zal//FEE/2RDO4G/YfYqU8Wr/fsbsyzaIUuprQB3RvAc9iW/zuJsIhxM3GgZLHcGrMap/Z8CNbsQ== processed in 347ms
[2026-08-24 04:54:49] [DEBUG] [payment_gateway] Transaction payload payload_hash=cKd41O6WOEIlINaf5zVEdbprGr6k3a5mjGcKzzHZO3P+eFGvu5UxsTGJjtBwaG0DdDDvtl+mUIybDqwt2entTQ== processed in 442ms
[2026-08-24 03:10:57] [DEBUG] [cache_layer] Transaction payload payload_hash=u8L/BVeqkIo/wAFZcZVYhOnf03rHXfSMwIq0gN/nv2+dumyb5GLk3jAghEy4L2L1/prFACZM757O+mxh0nWYNA== processed in 46ms
[2026-08-24 08:58:15] [DEBUG] [payment_gateway] Transaction payload payload_hash=NJW5Hsv53ioUsIU7HvUFFtxUSz8Upv5vseoYyPZo4UrtxpvMhuXR5wu5AshGDbmAvQAGfTKb9kbiJW6+eJcfPQ== processed in 470ms
[2026-08-24 07:32:39] [DEBUG] [payment_gateway] Transaction payload payload_hash=QChjdDTqQkpnx5L3H/vFcf2AjEmSNg6lAGMXut1yzHSzRGx5yVgQK5VL0QulUMVvbC5iCXNgqwpwZ2Zd+VWdTA== processed in 42ms
[2026-08-24 07:40:02] [WARN] [db_pool] Transaction payload payload_hash=i2S1n9T//9IIkZRh5FWS8RyLUXebMkJymfE+xOByfW9WkR4umOECkxD3PafpnLjxMQORpUUZ6UHeh9tS8FIujw== processed in 73ms
[2026-08-24 06:21:26] [DEBUG] [cache_layer] Transaction payload payload_hash=NGWcPSWa2XPpC+XksZ3/RNvvuBA1B9tsYyAI9OPpe63C2HvVUQeLzdS0si+Kt0MKysjBbIGZH/6kVOG6GV0Qvg== processed in 229ms
[2026-08-24 03:32:58] [DEBUG] [cache_layer] Transaction payload payload_hash=kfTFKM2GiV6XsB2DcT0P3tvhK7B/634OnU7tcOdet6RG0FlrJWL94mRbvfLlQApFM2C43VNNpp3PnNvmSYXoTw== processed in 246ms
[2026-08-24 03:18:58] [INFO] [cache_layer] Transaction payload payload_hash=BosLX4FcflovIwuSW9Kzqvx2qtFNYixvkFCXeFJHjN4y9Fpo8MtMmA0ZwvK5Uc8wgKBkZyGFG8Cl4CxOCUCwVw== processed in 31ms
[2026-08-24 02:58:14] [INFO] [auth_service] Transaction payload payload_hash=iVlI3IX4npA9S4ZThBt4wcFuTD+nGwSRpCfL5pXFLHpyUsA5+B56xxAJi/7iGfixCXH8OdH8w+D33PldsXsTBQ== processed in 301ms
[2026-08-24 06:13:05] [WARN] [auth_service] Transaction payload payload_hash=S8sLJEX6P5WOXUweq82cUw/ilWr2s88GFRxPDzrJiuRveP2aHroqcw8rVp2pyrxGz1M4jvoj3ltNQxyu5NK/7w== processed in 292ms
[2026-08-24 10:32:39] [INFO] [auth_service] Transaction payload payload_hash=fn6RMzcGDd9EVjjz3b3Yo+hjq8JLl8gdQnEMytg7vPq9s/2OdR6AOupK253/V/geBkS5vzdTa8YtqcGXiyxO1Q== processed in 479ms
[2026-08-24 07:52:00] [INFO] [api_router] Transaction payload payload_hash=qVjRYU5J6YQOiJZPvEsNb2FuknVjgqekZ9wTBeADbkv8sxuA8l3AnYH8xyP/1byYggMExUFgML8R+sGJlViCJg== processed in 29ms
[2026-08-24 04:31:14] [DEBUG] [auth_service] Transaction payload payload_hash=bp8n2y96mYelHMkM6Hb8v3zX1YDhh+w/rdL/ycwtZ85+lQ25FM/gxO3STkn+LvrDuOBS5AqBr+NvzNIqodasNg== processed in 179ms
[2026-08-24 04:14:03] [WARN] [cache_layer] Transaction payload payload_hash=UcvtyG6Ur/JKtguo+oVGyNxZUVMYzIRf4Pvti9er+IlbleH+iuuc7lRJpbbBjItDvQliSTJWPq9Jwzbqx8hGUQ== processed in 470ms
[2026-08-24 08:38:40] [DEBUG] [api_router] Transaction payload payload_hash=K5AvipHSiEoHNQD1RZt/IoIbYAxY9VRRQvW/RC02or+jaIa41mjSptEcAazN4rESSnZzt8Cdud0Y0HdB+lNaoA== processed in 62ms
[2026-08-24 03:18:02] [INFO] [db_pool] Transaction payload payload_hash=lYXsEuKLHnl6AY3bcKczBv/Gysv/aD4gvjgpB5K2YNu5RkFcjE++ret8qNz5fzXbzop6G14H/W7b+2RGI6kvEA== processed in 308ms
[2026-08-24 04:53:37] [WARN] [db_pool] Transaction payload payload_hash=cH3uWe20o4ooco4VKpMQYbaTH4qMuc9Tx5b2LbJ8C7cELXIKsOv5HbtkfTqViAXfCPTwMg7oTknTCL4WAJImhQ== processed in 286ms
[2026-08-24 05:34:27] [ERROR] [auth_service] Transaction payload payload_hash=pIWAt37Ed0qyE5OhwESf1XuG+9FwB1uJn3wshTLOtYc8CMfIlOFTmjqp1GBTmaXrE0JTUwIc0YRTZ1BT5CiSJA== processed in 432ms
[2026-08-24 03:38:43] [WARN] [auth_service] Transaction payload payload_hash=jjr/JrIfGRAHZGJpY2XCWy8OfZs+k+WaZYJjPmk4ZCf891TsnH5NrffqWHUcVkWaIQgpBYpUtDb/2P0jIVmxDg== processed in 189ms
[2026-08-24 08:01:33] [WARN] [cache_layer] Transaction payload payload_hash=2/2tWP5n06cu9KFYorROXP6G4gCdhBZnfSQonisrmHuXDoZFLIS0vBJI9n+guoJTW2PXni1r72uE5engBWP4mA== processed in 418ms
[2026-08-24 08:59:36] [WARN] [auth_service] Transaction payload payload_hash=ntxzjHe1edqFtFYExCXSHCpaDeOWwQg5emL7klRYjyeYyKPF09tMjIB72t9ycEFYcNtFvzbvBBvpwezIl/bdDQ== processed in 468ms
[2026-08-24 06:03:08] [INFO] [db_pool] Transaction payload payload_hash=MQtV954iNkczmvHqJSUBrbNPB+YZr9XFuPorCeMVM4smMWceL3CS5aMG+wXvEpK1/z0aeh6inodqMbdTSATaYA== processed in 265ms
[2026-08-24 08:05:46] [DEBUG] [db_pool] Transaction payload payload_hash=d4RdokwWTV51Py1qeOJRLgCO+Htft/2a0UDTtnftvr3csxOG1jy9aOXZHOn2mb9x+cnbc+n6x2XUME0n+t0GTg== processed in 105ms
[2026-08-24 04:18:51] [ERROR] [api_router] Transaction payload payload_hash=zequOMuc1cX5bl1C2IYr5IaM/Y2pcCfiecVbsLOJt9QXZg72wLCRt2JI7+MZoT9f4ptzr3RtkwWTKVS7/AgxdQ== processed in 19ms
[2026-08-24 04:49:22] [INFO] [cache_layer] Transaction payload payload_hash=iDp1d0/YujSLEUTsGgcJY7j6oZqmPiq+QOKbiS1S7gbXL/G7jds+wIAHWUBrCPYz2ukp+2Leg1FhT7Er6HHkeA== processed in 193ms
[2026-08-24 07:12:06] [ERROR] [auth_service] Transaction payload payload_hash=UUlHuOf7Vvhy7xV0PgNIRKVsHirpcL96qiil0uED4ud/w4+9pIA9Rle6x2l8DfPkipejlU7CS76y2HaW9/i9Rg== processed in 334ms
[2026-08-24 05:46:48] [ERROR] [payment_gateway] Transaction payload payload_hash=MmeHYqLDaGVDjmrbJWwfqUY0vp/EJ3bVJPEgw7eF6YQ01Hg9OBJb0W4BNH+l6jqfKVMyLxcnYtG3H9kwHK1pmw== processed in 380ms
[2026-08-24 04:05:31] [WARN] [api_router] Transaction payload payload_hash=Are0F6kfWjuD9EHP8z84yy8Y8vTHmiek6PV8/8gptxdOIqZ/YdUB00u2+NTBRpQAbD1bmPltZIMxBijr3bPDTA== processed in 478ms
[2026-08-24 10:51:27] [WARN] [payment_gateway] Transaction payload payload_hash=YsCBym1KODZMyu6An53NiZ7r2PzBX9p0bsLr9YpYgW59lOzKW5u8699RY/NjgT5sp9uPPu3VHsD85m6Cz0sMJA== processed in 312ms
[2026-08-24 05:51:28] [DEBUG] [payment_gateway] Transaction payload payload_hash=BjaOOkvgqLgH+LwbBA1kY/oNdYmUU9KQZEw/9HdiKKaLPI47lRECLXOpxgF9DRvULbOPtZ7uIKaCt4cO0rJhLg== processed in 22ms
[2026-08-24 07:53:54] [WARN] [payment_gateway] Transaction payload payload_hash=w+72c3qlvHSxXhYW8dUiVmwwvMSbpx9cxxOHoA+aNZb6CI080t9I8FjUzNDPbnHXAkRQ48ukI6mpN9TUNkfbWQ== processed in 26ms
[2026-08-24 08:00:28] [DEBUG] [api_router] Transaction payload payload_hash=H2IWJtD7eLJKqx6mYiZ1A2g6iguCBPiZmrxhwgSuI9EfO6YREP0HxtPcl4wNusPpbpHwE2qpVmaF1BSPoE+8ZQ== processed in 347ms
[2026-08-24 05:55:33] [ERROR] [db_pool] Transaction payload payload_hash=GHeKWJx2LSCLA7KNvOVIx+IDMXD63MJl4EgX7v15M9BeLNNYnUAj2NmhPJ7fgeapU+mN5V33cGVtP82yabyaOQ== processed in 168ms
[2026-08-24 08:40:56] [INFO] [db_pool] Transaction payload payload_hash=OiZm04iLnpyF4UsnPil6NbaTGMBD3zvRP3ybUBpEkuXUORQw2ayklLyzwkwen0bJcZjYEnxP89qcGOx+X3jZ+A== processed in 411ms
[2026-08-24 06:33:32] [WARN] [auth_service] Transaction payload payload_hash=AlD37vA8WCvYT0m3N7wK37gZ/UBoeAV469WI7Ojw9hd8TIFW+Xi/7vGukk0AXcDUUoLDc150PrFmP9otKBwKFg== processed in 426ms
[2026-08-24 02:53:24] [DEBUG] [api_router] Transaction payload payload_hash=J6ZejxiduVhtC0NO4I8XYLsHP7LEvG116cP6pXHe41nyLsNE1Zbn7DLeZkos/LaCzrznR901F+oP7nJjpO/sIQ== processed in 382ms
[2026-08-24 04:02:54] [DEBUG] [db_pool] Transaction payload payload_hash=6sVCKLjFehQE7DihLsFr8qL3Rw+WrYr7sk76hx/8fmSsIaM3hlJrdLRwLfgo7ApskyCxWx8whCeEvJUNAbiA4A== processed in 265ms
[2026-08-24 09:47:56] [INFO] [db_pool] Transaction payload payload_hash=3oNF8W8otFzOrrdT/r49qAhTovnMa2Z4B0UmU7JsLHz6mNEg0GZKywVBd/2ZwIpYNbW/hA317sy8unZQlZhQNw== processed in 284ms
[2026-08-24 09:47:06] [WARN] [payment_gateway] Transaction payload payload_hash=guLl3vTS2ssFk3N6ATSIGH21FseuzHkEOuEzgaSYHYUUagynaJFVKOlX1V39nNWhgtS51DylFzagFX9A1qDMCQ== processed in 310ms
[2026-08-24 04:32:11] [ERROR] [auth_service] Transaction payload payload_hash=iIj8LWyrmRRbjWgbDwwyrk7YHuB8o9vc5WQViXYSxuxKIPyi+jndy3sPlRt+18ABD0FTDDFIiSU8XMoKFlgFpQ== processed in 24ms
[2026-08-24 04:50:24] [DEBUG] [auth_service] Transaction payload payload_hash=o+UbS3xC5nqn2taaUSXTzl/hFFSnqphNShZAkA0NUUkcmBBt2DaO6X24pY0aY4z4F+qksJWhJQYllyagky0Qmg== processed in 48ms
[2026-08-24 09:22:09] [INFO] [payment_gateway] Transaction payload payload_hash=We283avtkv/1AwfSZhLODRVaqxZc3WAueyfy+fN5vjy2hvbRXeZbFx9k+wHvXXu4DHRTRuW5K4jeugtTg0ZLLA== processed in 32ms
[2026-08-24 03:43:00] [INFO] [cache_layer] Transaction payload payload_hash=rCIpQcCwSq6JbF3daSqkBMHxFEWJpefk6C1MFmYDbo4zBR+FhWuvIx1+/HRHncJNF7cma68i+Eavem8Sya1huw== processed in 364ms
[2026-08-24 02:45:36] [INFO] [payment_gateway] Transaction payload payload_hash=fe4XGt67vEhRRYxwdl5iry6xvy28Y5/PVqMrVDtNyMZO/Cqsem/BXAQ+2tiSeZ1wh/RmR5yD9VOtuFyw/ZnpNg== processed in 441ms
[2026-08-24 05:52:02] [INFO] [payment_gateway] Transaction payload payload_hash=yNTEeUKx1QcKhNSZPkHKK1HPlwMzN1tSkRmZuoLG0MOyfqFmu85cKZRsj9DXV7bikfYHR/ZsHh2Y7VcJBxC1NQ== processed in 238ms
[2026-08-24 09:29:29] [WARN] [cache_layer] Transaction payload payload_hash=0jhWgVftJuL96VvdqD7PAtNeQ5H4oorHGbIo/XTh4hbvRCA961FY6d+FwA95Ch0RWKahAbBsiAZXpqx51ZP5vA== processed in 439ms
[2026-08-24 08:22:43] [ERROR] [api_router] Transaction payload payload_hash=XqywG4b0AZ7hbJ3Veos7LB1rvt9XJk0MMBfRhEydE9Fav5TYflBvp5f6v5GFYnB1HUYZ5NcqTgLd16nOOtAfag== processed in 144ms
[2026-08-24 10:48:04] [INFO] [db_pool] Transaction payload payload_hash=0oIqa92ez7yYPIBKcbRYyMNN6u6K/Y/kwPGJn1KVU/3DsbLJxSy5BXEaYMoyRp2DVgB2zg2X0aMb7kXCYucm3g== processed in 263ms
[2026-08-24 02:32:10] [ERROR] [db_pool] Transaction payload payload_hash=hvlNV8SICH44Xh/+cE/xkmiMGqe5MarNPNEsoDHrRt7t45dKhI4tpdZALATn844ut6JMwsRAFurb3ZxMIKGaKg== processed in 79ms
[2026-08-24 08:08:57] [ERROR] [cache_layer] Transaction payload payload_hash=0z2YvYt0ohcfw3B5nFQBtSn8teLPo1TJBPg8zJ5VIrz1SixcD1/zi8qjhIA9fYlamAMzu6mufDzFbTILvn8Aig== processed in 150ms
[2026-08-24 03:25:11] [WARN] [api_router] Transaction payload payload_hash=BW6hhwjq7qeMjs/p4QZvtE+E8Ou/8NKd+jx0xzaPGzj1EBiM6SJHtf41TtLl+O1tqNjlMLWBqq+znoVFvduygg== processed in 56ms
[2026-08-24 09:50:54] [INFO] [db_pool] Transaction payload payload_hash=+jlAAxN624uz2s+kACo7dDwK1z8U9IYh1fJySH9+lMLadcBYvaqwIIVVd2ElrpYduUeAlnetZLOsV1YUBiMRgw== processed in 210ms
[2026-08-24 03:30:20] [WARN] [cache_layer] Transaction payload payload_hash=QMD71g7I+tUPBCWz8yT6zJb1wko1l1OaCL2nNyU8DGV8Y5BpKUIT1Q3NGLfjqzLwO6gyVmxvsQWCblIjzKaC0w== processed in 31ms
[2026-08-24 08:34:56] [WARN] [auth_service] Transaction payload payload_hash=95ArOISAntEV2j8vBFhl+sMvSYKQWb5vg9tw/iOETiymi7w3Q+5z+I6WZg3EFpxr6dh2DTEKqC1R6tSSr+68oA== processed in 201ms
[2026-08-24 08:32:49] [INFO] [api_router] Transaction payload payload_hash=beVUmHCt2+k6Z/yTsyIfjbjlEEP8GpUCmrVTASkoGWAdt1H5bxE4e0zM0DaliC3ac4S1d60LHEx30diUlguIdw== processed in 91ms
[2026-08-24 04:39:16] [ERROR] [auth_service] Transaction payload payload_hash=KwC424/27k7Oplv0mwADAeakq/mtS/ZUJTH2mamP3ae4cxLa3FBIJ/AHwvxH5crGV3lEWaQdWmt+0HiX8YmVxw== processed in 452ms
[2026-08-24 04:22:35] [ERROR] [api_router] Transaction payload payload_hash=iTLy/mq+olN9Rqj5QpLpnl5xlW0FiLQXGmzeE6VxwXLVIWjKTTxXwYDYBDB7FznpCHFcCTrZqW0P4hx1I4TwZw== processed in 56ms
[2026-08-24 05:49:02] [INFO] [payment_gateway] Transaction payload payload_hash=Dlc4UGry3aK1iJNLUFQT2hgsHMWP5zrkbuRIfE69F1xGTTQ3cz9jUtUlwGDchina9cJswO92FwwOaEjPFNVE1w== processed in 122ms
[2026-08-24 09:53:48] [WARN] [auth_service] Transaction payload payload_hash=CRbqQBcHT3ruNeokh9MJBM+fIngozVGOhd/9jzhxif0t+pwtXj0IiCucQxZpeAZqiYsBBBrIGxjJu45vfP2wzg== processed in 68ms
[2026-08-24 07:06:53] [ERROR] [auth_service] Transaction payload payload_hash=tOod7Qc2b882M/l5jFsebsAGKMNsY2CAYGbvxUaOJirX4qM5ovYCWf7rS8bGoeUhFxNIE8vjs0G7ItTnHjumSA== processed in 415ms
[2026-08-24 04:09:21] [WARN] [db_pool] Transaction payload payload_hash=qTw3iSERCauExD/VnbKGUpgvPWptmndVHQx0uN/0eFOht4YadrCilLMlSrXh6tFyFTTHukD2jsmLLU0CzFfHqg== processed in 148ms
[2026-08-24 05:13:01] [DEBUG] [auth_service] Transaction payload payload_hash=WWSP52Y69+Mb1lBpz2hnJJoEpSCCCsp6rjBWeau2JjHura9C92AC5dl8LxR0CP5HJK+5L1D01hcBanQ60qdcjg== processed in 51ms
[2026-08-24 03:55:20] [INFO] [db_pool] Transaction payload payload_hash=zgOGXeMboupQGU4vtn/Q4/RKTECUO6LdY5to+SesvYWEjWFYZUYe/P21olHFh4wot9uh2Qpsr2i6EeZ8V46LTQ== processed in 28ms
[2026-08-24 10:34:19] [DEBUG] [cache_layer] Transaction payload payload_hash=VH+zlgjs4dchhCII4QgBtTlKnilGXtQEO1Hd+/DyptMVRJqun43dkDYamuGha1OYGKRpzrbCH86lCcG/dirL6A== processed in 146ms
[2026-08-24 06:32:51] [ERROR] [cache_layer] Transaction payload payload_hash=2gfG7cNzdHu0Z78kQo3pzsRj2nE9KKz/y5xavZf2K/h6eIIqa6GB6esJBrMXgE7AtDpe+u7N131tH56gZ+rT5g== processed in 480ms
[2026-08-24 08:13:13] [DEBUG] [auth_service] Transaction payload payload_hash=PbkJESJHGMXZWN/gK9luU5cJngnQRlzoRTzrOnBLtKEzJTOCWmQfFOiQXXgq2JDQdj4luKlApdFcCDgz3tXZVA== processed in 91ms
[2026-08-24 04:37:48] [ERROR] [db_pool] Transaction payload payload_hash=a8jrHuVxO5Opw4KnpEZm9w12oZJBFTN4ea+umdyYqWUqt6Ioti+BDYZPwbpT9oG/TCxnEq1YPWD76E1lepsAYg== processed in 385ms
[2026-08-24 06:25:21] [INFO] [db_pool] Transaction payload payload_hash=6YDAQaOPg4vOc53xOZoYcadLJqknKRtfi0J+bvuE83PMWw1PAJ0gu5R3fhl0gHmM5SC0wepudtkqtYs2O7IzJg== processed in 130ms
[2026-08-24 09:06:23] [DEBUG] [auth_service] Transaction payload payload_hash=RqKVe/PwbdwePdoF1nsBaVPYFxNguiiED00U4ZuTgvoQUeWTT0yVFjyGbVIFuwRik5XvkxnKFzKmvpczlee7XQ== processed in 289ms
[2026-08-24 04:57:54] [WARN] [api_router] Transaction payload payload_hash=vhcaexnTcrEzY3WF0AZTcpmx6KKMQO5mygAZX30TX8wW33/jMRG5ZeAlKDgZnwczpWLf1aQaDb37Y8EPe+jaXQ== processed in 299ms
[2026-08-24 07:55:40] [INFO] [cache_layer] Transaction payload payload_hash=31RvLn9qr8uHd9Ms/DXjlb3uBJJw9DvP49CIoFsWi1WDPqS3CXnuztxq+oWCsNG4+SeiyDf8XvIRJFpyokpWeg== processed in 79ms
[2026-08-24 03:32:57] [ERROR] [cache_layer] Transaction payload payload_hash=/2IMuVsuWKUz8JnX6Wqn7xwQt14edGYRm8J0WLVP7pkMjVWxbnFds4TmoMzlDVIQBJ4AyqZA3TTlgj0i8d6uwQ== processed in 203ms
[2026-08-24 05:28:00] [ERROR] [auth_service] Transaction payload payload_hash=Vj4swTWkgCK7llsEO3UrXGFBzd3kvdbydfdwYqF5ZI/D0NsUZezXuHzKt4vyHw+KxUjSLii3NHNTNyFAdVVjkw== processed in 452ms
[2026-08-24 06:51:20] [DEBUG] [payment_gateway] Transaction payload payload_hash=N8okhsr3OQvAOkJCU2+NYxdSh16RuqCmIg41yjN7QV261WDw1B8JNRxDdCT0Oos9V4bcJyPMqn8hSAQettPmvw== processed in 222ms
[2026-08-24 03:20:41] [DEBUG] [db_pool] Transaction payload payload_hash=mnpVq2wEg0uui+4tqaNeV7grkY8OIUUuBZ0sTejJbi2oQTsCSRVgM2ktM1w5Eoyw+vhG1Y9Bv8+9XvqDatwZBg== processed in 368ms
[2026-08-24 05:56:40] [DEBUG] [auth_service] Transaction payload payload_hash=uCWWrkawoP1D1eLxq1g6VobapFAiG1VXRdkrhzpqy4v7FlDmQE/2emU9MNL5eUVj6Elig9hymDPKDXwp484Jug== processed in 347ms
[2026-08-24 05:58:01] [ERROR] [api_router] Transaction payload payload_hash=Kw1xDe5/7HCGYSekH577s0X2v1q3aEapKJoHGnjtEv5M4mYoVJMWLfvaJG2xxGL3ZMBdpWe/zF89kzDXwBm4hQ== processed in 88ms
[2026-08-24 05:09:29] [INFO] [payment_gateway] Transaction payload payload_hash=YLsrC5oW471Iz52FRcrL5SLvmUaKggsJPqNhW8JX9HZwQc+KdRSASIgx06ODFZVFXwy2tfET9GBGkfFH4Wj8aw== processed in 443ms
[2026-08-24 07:07:48] [ERROR] [db_pool] Transaction payload payload_hash=dVvkWI0dobaRwOkGAnoeJcpXerLJvebamYvjtaBWXk7bfHbfnsC93TsiQwxc/8d8cixO657I3LyfTRamvHD0CQ== processed in 189ms
[2026-08-24 02:24:45] [INFO] [db_pool] Transaction payload payload_hash=T+get71aTmFyPowRBd/wuKEGHgnn8AdrdEQH4jexAOXGUHsqWsFIG/UEE4SY+ZxjPxU3qvQmuN6fFBfv98KRFA== processed in 170ms
[2026-08-24 06:38:07] [INFO] [auth_service] Transaction payload payload_hash=kC/+H3l+GwmCh3A6kYy0rkHopDcLKd72s4DNO9O94HizC3B9rxTPV+I2UHhoDvnGZ/4ysQtn9WvNdbjtWKM0lg== processed in 15ms
[2026-08-24 06:07:42] [ERROR] [cache_layer] Transaction payload payload_hash=e3t8wE6ZDfK041G3RUk9XvR06BGKP8nQmdJVhn/ZmtThrH7AymLLph/X7R27tfuOOI17Uf28pso5AeLiZdlwmw== processed in 288ms
[2026-08-24 03:07:02] [DEBUG] [cache_layer] Transaction payload payload_hash=YABMrYXR2k+tzOIuvLZLXrYCt68mKB8rWBR9gnXhCFsNDCqUuMicfP+YU0/VTom+TL6rRIbmKetEMic9TtSmzQ== processed in 90ms
[2026-08-24 03:54:01] [INFO] [cache_layer] Transaction payload payload_hash=6dazntvdBVBpXFeZAynP0IWqQDiZeYXviYS+rZ3Yd9L0Kt1kapt7bi9mIELcezYss1g8tXu1ZFslzZ5R3ALNRg== processed in 407ms
[2026-08-24 11:19:12] [ERROR] [cache_layer] Transaction payload payload_hash=e3Z+sjHUdrKC3evwIzTQjMTJ6wGftEBaLoeuxzUt6TMNTPX8g+3my8GQp/AEzSpl1Gj0NBathPMv/04uTF3CEg== processed in 402ms
[2026-08-24 05:10:19] [INFO] [api_router] Transaction payload payload_hash=KJwzLWTFfzmI/m2JIXYxgDI3u1QOsGKm5BJRELksNDMjWOZUxOJZGhIFQ/WYyiJl+qf9Syrkude1BQBf44KyYQ== processed in 90ms
[2026-08-24 02:37:18] [INFO] [api_router] Transaction payload payload_hash=3u4KejWeckLdubjVbmaa+O+83+ssrbMt9fRJrTpitm44sWlcLPUPFhRQ9V1NER7ff81IuSonY/Sx9uhxk7AFEg== processed in 138ms
[2026-08-24 03:03:06] [DEBUG] [api_router] Transaction payload payload_hash=M/OGHQb8JlR1V7iwTjwSDYLjcTLgL0No8n4qgc7M9TF20sSLEjG0gqpY1MNeCMfUCs0wEAZTniZ5ivwJG1Jc/A== processed in 434ms
[2026-08-24 05:29:41] [DEBUG] [cache_layer] Transaction payload payload_hash=4zAg1xmNTo4vrqZVqe7TOsFhq0naJ5emsaySlRWw8d5mH9UBeJ530gicXGYFghWcYOyof2g2DXo9kOAfDwKhlQ== processed in 103ms
[2026-08-24 10:58:33] [ERROR] [auth_service] Transaction payload payload_hash=1nCUlJGyNQzf49XYzLk7aLA8O6Nhp83zAMMFPSrbo+wDUOL81hvDKheix3o9j4BI8q++XlBn+B5DT2ArQ09/AA== processed in 59ms
[2026-08-24 07:07:08] [ERROR] [auth_service] Transaction payload payload_hash=A6YhXfGHMw1vPi+MzhI50/FQV1U4LlyhynjN326J7EBQnqyuww71IS1GTaWn8WaZxklyv7VSRvaUwwCysXZPlQ== processed in 247ms
[2026-08-24 08:56:38] [DEBUG] [db_pool] Transaction payload payload_hash=3MwMWPY0oqeG3AgEdAiQFLiVZ9meAGr90so0LXNWEF/OubYh6kHtQhdtcXdjRRa+V7vTtKIO2tX7dF0HTOQieA== processed in 306ms
[2026-08-24 04:25:20] [INFO] [payment_gateway] Transaction payload payload_hash=oNozXyYb1xV5nH4u7+rkIeoY+/DlAYHFA+j/hGpsTzGVT++cTDgQRrI/7GzdFxXOKcRTO67Uf0RI3SAH7QvNZA== processed in 406ms
[2026-08-24 06:31:23] [ERROR] [db_pool] Transaction payload payload_hash=QaS6owccI2xUC5kANM5HKxCrZ2NXUgdzNRqezTch/6uy3yzHlMsA/B9wHVp9pRvhP1VzTjg0uYEE/EHU/iLTxw== processed in 2ms
[2026-08-24 09:35:33] [WARN] [db_pool] Transaction payload payload_hash=65uRbdjIiMY9u7t93luCSU/uAQJ+bZmSIC/mAXm5Gqw+THiguxR+E07j1r9LTvdwYc+bPkHE4LZCBj7+P3qKcw== processed in 272ms
[2026-08-24 09:55:14] [INFO] [db_pool] Transaction payload payload_hash=5QseiioUm5dqsVuHkTqbWqGmQzFsuXGnzUyGpA3xPoMms2QJH80UbG45iWnZW2u9nKEBH1zJI198xuq9GiNs0g== processed in 274ms
[2026-08-24 05:35:09] [WARN] [payment_gateway] Transaction payload payload_hash=D0waqISB26LkNAo0w8NBVGtjAWZMkKO26D+xDYROqhlMW9szwCOHJRalXbaDdIUbgc7tC6J7ohkvGi+VpAY9cw== processed in 210ms
[2026-08-24 10:27:30] [ERROR] [db_pool] Transaction payload payload_hash=Gqf6qn/MiDOKCT9/rjjboLvqbsMZ3+nMWzwIBXaL8DQ6VXzGkhQ9JtnyLrdzpl0Rn/wgNqSkguMBdJigtpFvvg== processed in 485ms
[2026-08-24 08:39:12] [ERROR] [cache_layer] Transaction payload payload_hash=KhYI2QAvFTs8/KH2H1sok6ChY/Wm4lBd1zk8n+qD3AzryGB1WTkMnfhqEqazzR34D4+jalHQZM/25HhvgP1jqg== processed in 361ms
[2026-08-24 07:28:23] [WARN] [cache_layer] Transaction payload payload_hash=pzXzbQpYK/I/Ug2VriWZqSUhVxFT1DEnDMN50ZgEZ+3LWpiJmU4TADN+H0N57g/p/QyOsnfa5jV4Sq0a9Xij1A== processed in 8ms
[2026-08-24 03:55:38] [WARN] [db_pool] Transaction payload payload_hash=HtZ/VHiICYhAJtstfZFomZ/2qrgaYA+6MpIu3qyo/B8/ADO5uz+9qVOUIPLJPv5Q09tV+NsSe6SAGw9gu3GGZQ== processed in 372ms
[2026-08-24 02:32:38] [ERROR] [api_router] Transaction payload payload_hash=89dr42bt2tF5NZQ1LOJFaKFIkZVIwhicX65GIQV+p0vlrjUlbb5yLyezZudqWzS+yciMaw1Os+I7lVJWBSvqjw== processed in 248ms
[2026-08-24 07:08:36] [WARN] [api_router] Transaction payload payload_hash=W2hzy0re3nmu16ksZgDmbsj21O0uVseWNzarR9Ia6PpYrgXZLmQIsLTzgMTA67Kp8BfoWWQ654kYqVP4/+MAkw== processed in 181ms
[2026-08-24 07:35:49] [WARN] [payment_gateway] Transaction payload payload_hash=Z/MhE1M2UGitLKLyRvRMDQTp+y37SnKOFBacWlf5fYW4FZk2K7SLdNleYRsOb0ncMW/It1AngjcjDzuYG4goGA== processed in 301ms
[2026-08-24 06:50:47] [DEBUG] [cache_layer] Transaction payload payload_hash=nEHBzBmKIlsLqbUIxENE/ysD2nxJsAnPQohSvGwRs26GOFXsfAGYvA7aZwpTpoKet8Hv2EDDnw1fKCW7B8tbig== processed in 208ms
[2026-08-24 04:11:16] [WARN] [db_pool] Transaction payload payload_hash=k1IoW/h1wq0dpgqVPgiGs8jDtjXHc66rNzLUElE3cqet3O8ZhsTKv8OOij+0xnw0NktlpCzN0SkcZ/ao3D2GxA== processed in 160ms
[2026-08-24 07:52:17] [ERROR] [payment_gateway] Transaction payload payload_hash=PuhqGsEjA6nuOPRG29IvhYv26O87nG3pFs/PMv6CBdLIc3MlRa2nDMAZp7Ud8wUkFf0XKlAzf6AL9/KTf6IgGQ== processed in 42ms
[2026-08-24 10:55:37] [INFO] [db_pool] Transaction payload payload_hash=1FDRTWJD2XeIsBrIPp9v6/YJBBGhJE+mk6THhnjVXAq+tIsJAPTveFmMXqYKCcylXbaGPm0JNLercjq9BIH8eg== processed in 103ms
[2026-08-24 10:31:52] [WARN] [api_router] Transaction payload payload_hash=GVjPTRfmp3s2TtFy9kpkcZgJLqyf+wUn2L7SS+GugJunpeTk5XC6OVYoXVzW9AKmy4HpnOG0LC9gREKbYR3sSA== processed in 229ms
[2026-08-24 06:47:14] [INFO] [cache_layer] Transaction payload payload_hash=On0ro0XOqY5UO/dDy2XCizWuSOjUsxi+K15B/NgIPHL3X6O8Ii6hAn1n8MdZsKgekbk3DZ3W92bcedrcjbETyA== processed in 431ms
[2026-08-24 07:21:07] [WARN] [db_pool] Transaction payload payload_hash=UKjlPmjZ5iw6WxoFSzqIq2JFnaYNIVjls+FFHT0euPhN+6zkXPYlWlZp3YRn3rc+ZZFptBaZgAdsCZmtHxMO8w== processed in 219ms
[2026-08-24 10:58:40] [DEBUG] [cache_layer] Transaction payload payload_hash=I3bXtPvkZ9MJsbrwpU628imjqoGH+CezAFX6/w8VPoxJ/sJFm+nJ7tgEdUjvWOhMcN+ZCXeol9Q5zRpx0O0XHQ== processed in 366ms
[2026-08-24 07:22:03] [DEBUG] [cache_layer] Transaction payload payload_hash=e3B7v3RJ9dltz1+2dZfP9bniBhc7/B6c2kUqT3nAn3qYKecSTGnsTLDFXHdMyVKPC1pgn7KyR8UcXU2wttCwGg== processed in 13ms
[2026-08-24 10:05:15] [INFO] [payment_gateway] Transaction payload payload_hash=+RAtyZHhQmOXq2N36B6To1RfzwqgvjqVp84m6oh4ikqCybUUTH/rXiELVWtNQuXJwAucabWMknLi1eRYLxI86w== processed in 293ms
[2026-08-24 07:15:27] [ERROR] [auth_service] Transaction payload payload_hash=FwCn+l4SH9iEgbFUydPnY1vQl+dV5Mydk61Mz6o1mlpYwG3Hzo5whjx+Bx5GNV6HccngJEOxiTrlCR8YqHAfWA== processed in 168ms
[2026-08-24 03:11:22] [ERROR] [db_pool] Transaction payload payload_hash=egCQV2LyT2WgkTRQhQlVg9WYHB+vYKE245EpLRdDxEfQm5YBOVyP54UqmNYoP6kNgtriIIZN/HQd6unnpU4rVg== processed in 113ms
[2026-08-24 10:32:13] [ERROR] [auth_service] Transaction payload payload_hash=sMYYpvONi34ezawJMZb2VrzRdMmmuNnP3PS1M8IRQNqRc5h5Og/WMm7jAW/Av86+amDDFUV0vNaqsazaVYoaEw== processed in 19ms
[2026-08-24 03:47:52] [ERROR] [api_router] Transaction payload payload_hash=SQYozlA1wIZdmggRkFR4K6EOZ2OMcp0rIxGHhhBCAdwe4VV5J8DuvctHmDzAu60i10UEe4raF6VuVFdUU2g8kw== processed in 474ms
[2026-08-24 11:03:16] [WARN] [auth_service] Transaction payload payload_hash=+nKaTo9WK6T2QvhWnPgBOom2tW4NAAvlEZF9o01MOdnclNoP5qFflpyapouLQgzWYO0HRN0qHFcpPBZ5ye3Jmw== processed in 133ms
[2026-08-24 08:44:41] [WARN] [payment_gateway] Transaction payload payload_hash=UjAoKXnIi7UnH/OszUhUwTynRFlVo8j2ofNI3iSoLlUSciiDuzQNggBWghew8sKQUzj25KtzZ3X3xtadRjB6pg== processed in 36ms
[2026-08-24 05:58:43] [INFO] [db_pool] Transaction payload payload_hash=veP/oPc820pTY1MKuo18quDOO93Pr8zJUAuiufrMfj8elW+ZAQU5ime3EXK9q+5UtzUQP6spclbNpp+mY6Pr2A== processed in 113ms
[2026-08-24 06:06:31] [INFO] [payment_gateway] Transaction payload payload_hash=fdDc7o7g9X2pPP/qo2/8a/2u+EKQdvH7rZ9KZjVP3AuOvvlDqJfNTHYXUyiag4t7E85et5NkDLqXChK0JiWdGA== processed in 288ms
[2026-08-24 03:44:29] [ERROR] [cache_layer] Transaction payload payload_hash=5lr20q418aQXBdBf5INvBJCA7eEyPZBge+xuXl2Nztu2uCTO/yPCfeg1PkjKneseSKqpPhE1V0ZJ652kcs+alw== processed in 17ms
[2026-08-24 06:46:55] [INFO] [db_pool] Transaction payload payload_hash=434ql9jVPUKlEkML6eViOr4yTn0k7BwxhTbkRlLkUczXFa+qknA0+YR9+wo/oHaB1DepiNTDI4L2EgMudDSXGw== processed in 69ms
[2026-08-24 05:09:19] [INFO] [cache_layer] Transaction payload payload_hash=qfoH5bkKB4UoRSm7G/26TE8LOopP5NY8QdaMiX0YLpPsG61xAbGkhoQH/YkQNJAQcuvU/lGp+YZPk9qOHvDpiA== processed in 464ms
[2026-08-24 03:21:48] [WARN] [auth_service] Transaction payload payload_hash=kMRVLEFShTFJr9n1D1VjSdxWR5qhLAnOUhoDd3C0vY3M4K1uEej0L5zJdONQS6IcyNSkZZNFXKK/R8ZLpUeeag== processed in 287ms
[2026-08-24 04:19:06] [WARN] [cache_layer] Transaction payload payload_hash=miPFOS8pGbn+xFnfQi8fXd4JtugzY8nvH48rk005iyvJy/YxNfVl94XOrr1nwqddQWjVwgVQ5Y1GqkXIAxBUTw== processed in 282ms
[2026-08-24 06:24:18] [DEBUG] [api_router] Transaction payload payload_hash=Ux+poSOYqJAy2J1bgbK6dxPI9U4eyaQh/0Qh3wjT7PWW2fxjsYuO/pzaZPnel8WmPAfqGjlZb9cKUaQfyAvSwA== processed in 168ms
[2026-08-24 06:30:15] [DEBUG] [db_pool] Transaction payload payload_hash=NlUT36KSknGCrq1pgdpsTlTCaDMUK7rKk7VxuenLNMSRy37gMSp0exTzj4v3jmXC+p0Twp876TzJ7H/KpcUPHQ== processed in 462ms
[2026-08-24 11:06:06] [DEBUG] [api_router] Transaction payload payload_hash=dPy56RPb/st9Pn8KG0Wcvk1eJXqWL0iUXta8hf5hpWFs2cch28udSdXE884sjUaE6MFSVsVxZvoJDo8Ye8RxaA== processed in 203ms
[2026-08-24 06:00:21] [WARN] [db_pool] Transaction payload payload_hash=TCCuQ/9q5qKQTgJxaSrfC0zwEv2ICDq4WF6tzSf8I1dJzuHF9r6PD2LXXeGpGNMLaX/NIsRL8PL1614/5LyVqg== processed in 352ms
[2026-08-24 05:28:35] [INFO] [api_router] Transaction payload payload_hash=Fsy5XXB359HpyO0JgEa5GeP0bPJXaa/k6Us5gX1x46tMnItOAC8BCMiHHSGWi1hQ5Es3XYwYxeRb1/FNqx+ltA== processed in 127ms
[2026-08-24 07:15:57] [WARN] [api_router] Transaction payload payload_hash=XPXBkJqipOYElGrCd2VYZDntDzOnwXT8LmIdh38es9tLDIcJdvVD5Ygew0fBK/Ug60dVxBKgrQTccJdOkItj5Q== processed in 460ms
[2026-08-24 04:02:08] [INFO] [db_pool] Transaction payload payload_hash=p4DkwlGB+G/pYgrtsgADnRn22AksPINtBdHB1mqzoWIrPKpowG5o0P/nhTcArlE/Gbs5fyyoJubSPxrV1YtiTA== processed in 21ms
[2026-08-24 07:14:12] [WARN] [cache_layer] Transaction payload payload_hash=kjR65g33ZliYfbCGkY58qw5vfU/h8dtuR7rugt9/rM19j/G/J3VvCCACqiwuiLRgjy/qkxkEqtTmOl/rqEzuxw== processed in 267ms
[2026-08-24 07:47:58] [WARN] [cache_layer] Transaction payload payload_hash=4jbaYRPKkT3mT+ZK6OBUzZwXOgRhQ1H65yguP9YwqhOJX6d/OkiO8vmmnfxkEa+2cA2e5FCMz4nUZfTcK1U93w== processed in 197ms
[2026-08-24 11:20:13] [ERROR] [api_router] Transaction payload payload_hash=VAZDrRak7XslKqydVPihnys8eOoB8Wo5MWk3B/qbLnEHoxdPEg60BvVhepHi5lRyNZzfKhB8g3Kc3YuyY39t5Q== processed in 355ms
[2026-08-24 04:59:40] [ERROR] [api_router] Transaction payload payload_hash=e/IjRLckrFh9dAQdwWfXilBbpxcWyvWEhIYAae2E3BEhA6e6H956r70arsqjEIeh8apQnCqqeeYINDffdGkvEQ== processed in 321ms
[2026-08-24 03:20:57] [DEBUG] [payment_gateway] Transaction payload payload_hash=HgVtc9JePy2A+J7G1Qpuo0MI3Wfi1z6usLVnzosNaEb9g24LECYGugRh9T9dSHZ0KmqnmsHT2jxUfluwTAU84g== processed in 321ms
[2026-08-24 08:59:50] [INFO] [db_pool] Transaction payload payload_hash=r0fa6r7eDB3UIntzfmiMGPk13wnpOlNrm9kdpT4FUxzZfNzPrMYqw5dpAXlxqAG7TOsAef8lALySfL2PHpQ2yw== processed in 73ms
[2026-08-24 02:37:22] [INFO] [api_router] Transaction payload payload_hash=axvOeFiug7RFwPawOyEImiM0IxRcZrKwlxl0iMG3ebG6FjaVpLYWz+9/3c6GHYrv0Dl/BbzKYs9FheO+s0+8XQ== processed in 306ms
[2026-08-24 10:17:24] [DEBUG] [payment_gateway] Transaction payload payload_hash=tXgnYwBbzXAhO395KXQgpfwFKnhLh46dIJDb6rN0PfERdPd5I9ZvXdonn03pOgv7fvwyyvWy3niexu89TXUNww== processed in 195ms
[2026-08-24 03:47:12] [WARN] [cache_layer] Transaction payload payload_hash=enVAS10bze1osKd0nh+/coLngbA/gGaQK1zf1NPJDKph444XVsm+GewrYC9MvEgTXyt06Uf/JsKL7hrkeIWJig== processed in 445ms
[2026-08-24 07:18:12] [ERROR] [payment_gateway] Transaction payload payload_hash=h5iWCgATX/DyrFRF/xfGm44P88fwE2UtbmLldUPFtv43QUHNHgcBu4zLhdFldwnykPb51O5Xb/3pTiZUy66a8w== processed in 436ms
[2026-08-24 07:14:30] [WARN] [api_router] Transaction payload payload_hash=1rATLpwMpbkHPlFb0ZMFhl+7t3CrppCsKJbHUZc4rDlEME+ATfqzebf1MrY4Q9BV1mM+ibzCbnrIk0Hs4nZFgA== processed in 367ms
[2026-08-24 11:14:22] [WARN] [db_pool] Transaction payload payload_hash=FFLIBC+KE2XbUnzIjHtJzgAaRnuMgkDgVWIKLprnwdfKK0yuh07f+p18X3gsyVKDCJMnE//hieMgVp2UKkZ/CA== processed in 423ms
[2026-08-24 07:04:00] [DEBUG] [payment_gateway] Transaction payload payload_hash=HKRCGpQhc5J8ayYUb1K8itY/CSHrhz2deBrzrPJnmUj6hYZVmhUJ0TQpM/ZUo5G3orgOk+MCFpBYM+25WoGOSA== processed in 83ms
[2026-08-24 09:17:55] [INFO] [db_pool] Transaction payload payload_hash=FEomzhyfVH/jfeXw6GZwjSjzTXtSfTwDVxo5/HkpAfk0x/OH1GdUj19FBPPDh2EeF8cDT4SOzUJ+Kiv5WEuMZg== processed in 139ms
[2026-08-24 07:06:11] [WARN] [db_pool] Transaction payload payload_hash=AOABW+Zt77zqg/JUiN80BfkX4OB6gBpcZ/kOjqJwLFC/tqa70Rj+Pggk4/pAJdbh2fE81izxkQPWT5rVkWto4Q== processed in 95ms
[2026-08-24 07:59:12] [INFO] [cache_layer] Transaction payload payload_hash=Nv7UZ3KGQv4NqiU3SgUJiUPOL1qsaN9U72Bzb7GbOCZBMc1JrXbVglY6n39JN3ucutr2hsegGqAMveTS79RfjA== processed in 472ms
[2026-08-24 11:03:35] [DEBUG] [api_router] Transaction payload payload_hash=W7+zqe29R9xm2IMYu4rqzLt8eWRVisO4P0WMMhga4vsD73S3iVqa/hZVq+MSRXy0WtHzmm5pwoEIGUrmm16n4Q== processed in 442ms
[2026-08-24 08:27:38] [WARN] [db_pool] Transaction payload payload_hash=FbK/P005szmsXKXOG/zNFJqCeUDyJi61uXUyTwjyRJpOkbA3pJFsbx/ajte2ACpYxY4jIxtD3jeqrKvqzWnOGg== processed in 498ms
[2026-08-24 07:22:42] [ERROR] [auth_service] Transaction payload payload_hash=YepJACUTn3hDdwUUnR7cufKJZdCpyhA2IYrWur7Yu3FopW+VJ9f+H4gyDXlqanB/umS63xVYA26gab26qo8i1Q== processed in 211ms
[2026-08-24 11:23:15] [INFO] [auth_service] Transaction payload payload_hash=AEOpq83CalB86fsK2j2kHi8/cd+cNb/1pAmbgNUHFWu7wGE6IAdfaUbh2K/KO+Zjalb+ZSWKaYrfa9c9YWRnCw== processed in 51ms
[2026-08-24 08:17:27] [INFO] [cache_layer] Transaction payload payload_hash=w9A1RMNOWhbzxODIiIT4ARZMMa7L/W1J3aY7HP9y+sfYCVx6UabS1X0amhcIHq/izK9NKOiOXjBrL4BfaE2vpA== processed in 9ms
[2026-08-24 02:43:29] [DEBUG] [auth_service] Transaction payload payload_hash=zE7Tyct1a9Ng/3+jFmLCQKgJt1bX9d/gUWZo751li2fLh6wBfMaglGbhUm4t6V80t2uooL/rvWORUUjG6L+PbQ== processed in 368ms
[2026-08-24 03:01:05] [DEBUG] [cache_layer] Transaction payload payload_hash=kVGelKnEDVwJKmV2QJflENzOMMi8JoHiee3Liug5WyZL3vI2w/2APqY5wTOq+nwH/ptlL4uf+g3FYR0Dp3L4Yw== processed in 490ms
[2026-08-24 09:23:55] [DEBUG] [auth_service] Transaction payload payload_hash=Dr4AzUFnD5e2S8nzVlOHqQEAdxMYxf3Ai7TN3C5rLLDgmStQtVaXVodCEBlOqcGe/a9IWd50dTYKYgenRLgjUQ== processed in 158ms
[2026-08-24 07:42:32] [ERROR] [db_pool] Transaction payload payload_hash=MxqbonK0+kAa9ahOkVi4W+y1SMVN+DjrXkgpwjzkgNG7wiunkKgzgF+gkW3OGSu69adXrZlrZka6KODvuAVOmw== processed in 400ms
[2026-08-24 05:34:30] [DEBUG] [cache_layer] Transaction payload payload_hash=h4Clu/RZnnlOUz+l/MLbMYP8FaS42rNpI4CwCPWcv76o1qt+08j+6FiS/wNA407wzFjVX0OoisTwxZTW8S6yVA== processed in 125ms
[2026-08-24 10:02:19] [DEBUG] [cache_layer] Transaction payload payload_hash=Uu4knNwCH3FlPbl6Wy6lfp0R3lEa6/kLRvuuKuFsE5vRZNVDgYALEDyovzucKNkgqroM7g+TUBS6GmKKYWc4/A== processed in 140ms
[2026-08-24 05:53:28] [DEBUG] [payment_gateway] Transaction payload payload_hash=xdTRlXjzijv9EDyigotHO9h9O1d+zWvWExh+S4+llusJ0f+EQKUd5FdwAPMVaxj3ZJDAMDaZyxg8mjZIzYs8tA== processed in 113ms
[2026-08-24 07:40:49] [WARN] [api_router] Transaction payload payload_hash=2PBC1ezG8mZxmjrYY5SZy1fas7oqCv5HcWB6k/zl8pIW0rMTvJ6tTgIaIk8nMpmqnIvMJlDZ1uoQLkDIpt77tA== processed in 405ms
[2026-08-24 10:18:35] [WARN] [cache_layer] Transaction payload payload_hash=W8HwtLeG4PmelI/LLs+EsyQRSPQ5sCrCFqwj4LsEdbTuHTfZPrNr+TTQBi7EXnpTEFqcr84gXeykgRndidiVAg== processed in 299ms
[2026-08-24 02:20:36] [DEBUG] [cache_layer] Transaction payload payload_hash=h8cbO6Qw/guexITfWj4HQX+Xm7ejNUiv5gEL+YvPyX796khgFCC2heeH9t+p/Xhn29PJv9lwk89fK1RFfsVjlQ== processed in 493ms
[2026-08-24 06:08:32] [DEBUG] [payment_gateway] Transaction payload payload_hash=dHOtSJjJ57h/g5KTtB48OsospVOLwzOrQ1OoB0X43HZTaoSlZ7HKaXnB5uaqmA+Loq9A1itG+DB2Cy9c2eSpYw== processed in 446ms
[2026-08-24 10:04:38] [WARN] [payment_gateway] Transaction payload payload_hash=yFWURDlQJX2cMO5pEEksy6M6iUZDatfl19bSwjamNYv5ICn1N71xScB1Tf/49nth5tvWMrGVLnoT6SWhkFEgNA== processed in 117ms
[2026-08-24 08:56:06] [DEBUG] [db_pool] Transaction payload payload_hash=v9Tc1nQCRCkyI+hDoWNRKI8gnm6IMLPJNp7nbDf91A+bM4jhWsMmNJAuGWkVhHTi50b5tCjrBdKcYj4+jClZsQ== processed in 454ms
[2026-08-24 08:00:32] [DEBUG] [db_pool] Transaction payload payload_hash=jRipVLavnP/muaV+k3eszpq+Z6p9+1+4CaVBzkwEtZwvgvGz4csUQg0bf8ZKz8KBDWhPKx+HP8YE6x5YzjTo6w== processed in 50ms
[2026-08-24 02:44:24] [INFO] [payment_gateway] Transaction payload payload_hash=pXeXxbNSAaQ38oxBS+2yEmFqCWcoSAX/uZJP9gBwiV0R88ly9ecf3Y7fq4wSmoRkaTLNt2ISgSypUasdzoSHWQ== processed in 402ms
[2026-08-24 07:21:15] [WARN] [payment_gateway] Transaction payload payload_hash=N96A5rbkDRnDyMIo4I6gX2FfVYu7WfdVP9Uq5X6bihFcjDFoJanomj//7jbyLCoeemnHl2AJGVRZ9IY8E+NR1w== processed in 196ms
[2026-08-24 02:39:55] [ERROR] [db_pool] Transaction payload payload_hash=rcewrSzx1NnoUKU5v8X90+nrs4k5p648Tlb4G2WNLEosljw6HGqCHPfl1rv01/9uR8hpXcUpzAUj8gS1qBy4Nw== processed in 417ms
[2026-08-24 08:08:44] [WARN] [cache_layer] Transaction payload payload_hash=qWkfc75VL2ORd3aIACkc8Nl6PWSNq4tcCwmscIbMQsXzlzaJdSXsKRzDLybCBtvDnkaw9gdRBMqVgEMXrsZacA== processed in 197ms
[2026-08-24 09:09:32] [ERROR] [auth_service] Transaction payload payload_hash=q2O/t33QjAP1a63oUXliTdJ6Fq5BFTqmXNR2vQZum7YrmOnAQzhRz2c6XH05DC6n6HGeXfUS2Cyw/NNuNL70zQ== processed in 51ms
[2026-08-24 10:43:34] [INFO] [api_router] Transaction payload payload_hash=1HYcSz1PHQlmhhyejo+ijaW/plnsAJQo6iDugyDa1NJ1Nqhqg7uIqXssm8wSCIiyKxivDPt70usWTEPvma+imw== processed in 138ms
[2026-08-24 05:47:22] [INFO] [payment_gateway] Transaction payload payload_hash=jAKeLGx9bA2wWNiR+k9guGjuJkpOTDw8UAB32AkjPE9L1tOlpGKqKqYX2kHwkDFY6R4WkWNEtjG/HYh2plcFpw== processed in 44ms
[2026-08-24 05:39:57] [DEBUG] [db_pool] Transaction payload payload_hash=cfmFSVrr9a2p2FUyPmDAC+C7gHC7+xOf7FQQa4KIjDU7z+qegCsJ5kP0bNEnMF8n9ERn1GeqEBcNIUS8L0+a+g== processed in 357ms
[2026-08-24 06:56:18] [WARN] [auth_service] Transaction payload payload_hash=Gt3mGuT6eWIVMmPBgaotoaAf/FCr7UI/2dqYWL4UUUhaCMk5ZXEAhZbkiMoqJaMB+wJg331LHASC7MlCZQ7HHw== processed in 289ms
[2026-08-24 09:21:19] [INFO] [cache_layer] Transaction payload payload_hash=fOT0otqvFWw2DFCLyuFKuvOq7zDH6cOsnXr4cGD2gGchHsyESND3SF4rI11TDRO66qyt2b5ZuEHPXf76Ujtcmw== processed in 325ms
[2026-08-24 05:35:51] [ERROR] [payment_gateway] Transaction payload payload_hash=eb1l+xKQzHtmzeeeQJHsb4AxojKwmhSqS227ewKa4SmiB1SZ+v/rWE/uEWOTJzTNQqjlcw6afMBvjVMk28vU7Q== processed in 256ms
[2026-08-24 04:18:35] [INFO] [api_router] Transaction payload payload_hash=kWXQGo0oLd/dVc0G360Z1KvxJcvmmAIMCp7KCmByDAWS9tI8p3Pe4V2pfkPOjnBUCxwAUmYRbztF0vPMvj5gkg== processed in 439ms
[2026-08-24 02:37:22] [INFO] [payment_gateway] Transaction payload payload_hash=ZhzaK77XkNIAVxSnD20gmEOsut4r/zWqKzlF+Js26EOPghuWjn2Ua+9ta33E0RPt5InuW+h4bVRBNvmHDoHMQQ== processed in 195ms
[2026-08-24 05:30:39] [DEBUG] [db_pool] Transaction payload payload_hash=dS6Nzg7LQgz/V/qDoliP5VJd3Tow8E9qMAf+kgsZVKkmV+fZD1x6otHUfvjVFL7cMHVHWfU9bBrfuyQ9sWV+rg== processed in 61ms
[2026-08-24 10:28:13] [INFO] [auth_service] Transaction payload payload_hash=5gwU2Xps6Ef58ODHAxHbt9/k9LlEsTX7NUoqKghuOQ5lx7ltnMoSrp7QT5/1k0mZdbPLcY6mNpjEWZY16hjSqQ== processed in 398ms
[2026-08-24 10:04:44] [WARN] [payment_gateway] Transaction payload payload_hash=3hXjNX8+f2RqOi/fa3EuCPkM0XBaYfruaAIcUScZDZ3dxc3+L/SJJqux7GpimBl9XaunPbFVSk8Op569owFIFw== processed in 452ms
[2026-08-24 04:12:34] [WARN] [api_router] Transaction payload payload_hash=BAQpX6inrZ/lxSU9WhorBZ0Uq/3rYPEEDZqG0MJyEIn4RmrGD5lD6QO7abL0NSc75lz3aVxrTgBX3iK1UhVe1w== processed in 104ms
[2026-08-24 05:04:52] [INFO] [payment_gateway] Transaction payload payload_hash=/mWtqjPe/tfObrzkWcbeb4HKKVN8N24nAnX0khnk+kW8WW2g2KLKhUN6dM3CQBcByCi7a7ehJfhn9rRB34t53w== processed in 80ms
[2026-08-24 03:31:14] [DEBUG] [auth_service] Transaction payload payload_hash=ZRb6sk4KgRuNsf0UreWKa9NZtOtee6ddHMpVf/1HJvM2tIJOWtWeN0la7eiRWkuVtOMWm8/KgWo98Gbw8tcFvw== processed in 373ms
[2026-08-24 09:09:35] [WARN] [auth_service] Transaction payload payload_hash=PPBPzS5nGyznf85+X70c9qnYLuIUtlgSWg13ROvOMX2XyTCEcqH6tpIrJbl9RdLk741jBHgzBxDtCbnHOVvBzw== processed in 147ms
[2026-08-24 04:47:21] [INFO] [cache_layer] Transaction payload payload_hash=CSZ9zk1rhSZrf4sOh0mgxEr6b2yQa7NuICFFU7auy9oony4ff93vJVNzfsZzVnuOQMBMPLDuhJUFoOMVcYCAzw== processed in 72ms
[2026-08-24 05:45:26] [INFO] [auth_service] Transaction payload payload_hash=4seY3TvwE8sy17lasX/SwgLGHFzj+r49lfR+Z4Nq9TZ8kBo4aluSe20F40CfPe+/zbJWV++egQ81JUyaIzZIcw== processed in 329ms
[2026-08-24 10:43:15] [ERROR] [db_pool] Transaction payload payload_hash=UNGMQCdxZmJpG8hf/zbN/OP3WLvX2kbeExd/5Uwz0FQ3g4Mf6v6XiWtfW2SufWoG1KbwrHVy9GwqEaobO1fx3w== processed in 247ms
[2026-08-24 08:39:18] [ERROR] [payment_gateway] Transaction payload payload_hash=/jIohTebtXAZm/BO2A7+NeYekTQF72idlPwBvZFjSx0x4uIvpNj6xI4R478cUpE0YMzhvaBGv7Sdbk0uXEk6mg== processed in 379ms
[2026-08-24 03:30:38] [ERROR] [auth_service] Transaction payload payload_hash=xKcKksX17oixtPTip6jKgEOGKdiaCKkDGbQTFgPfjhAyMPtofDGZBPw4iY5CFE/7S2/Xu++4ghMvG3v48rwGGg== processed in 477ms
[2026-08-24 07:09:40] [WARN] [auth_service] Transaction payload payload_hash=o9Dc7Kzxbh3ZkC4hqPEw1KUKSFU/wVvpuU/iGBvIFkVkG2G2v72wnI00ZcQ2UKg/K6Te4rUQWzRo1ClTXZ4vxg== processed in 280ms
[2026-08-24 06:42:15] [INFO] [api_router] Transaction payload payload_hash=vREjRHHTSfrcCdyZkl0QC367k2zQbrjyZ2UUeaRTInXvbAh4/tmrLjeHkdbanHR469qo2D5mGujvbkXBKAkIcQ== processed in 256ms
[2026-08-24 04:19:57] [WARN] [db_pool] Transaction payload payload_hash=N/G7Q+DwvmJd3qMo5S8xFhcULm3knhlhWu8ruf41uuzNnAAHZgq8Bik6BXUvth3+KE8n8bkO3dKNnhuOjnYEhg== processed in 334ms
[2026-08-24 04:44:23] [DEBUG] [auth_service] Transaction payload payload_hash=s+gyNNDFDlnVkfkyYBVfAH1n0fddj9zwlM7XnsOpMeZ9Ep9Lm2u9ABOeTr1DUGP1yo/GWSR6mF+tsm4JiDGzaA== processed in 316ms
[2026-08-24 07:06:59] [WARN] [cache_layer] Transaction payload payload_hash=EWQDQUh1nvkLWMajOt1CnwedrQ60rJ5NzXufEQuUXUbRsiXwr6pW1JtmijEazXR00tB0bsrdeyx5XxTqJS/PyQ== processed in 65ms
[2026-08-24 10:35:49] [INFO] [auth_service] Transaction payload payload_hash=rbIpyODBqH3llg6ABDZX+b8VVQR9WV26nEMLwZRrXZSRv46zCMkxs/I4Bc5f81juFjSbGh1Uq5zya2PpbPD5uw== processed in 305ms
[2026-08-24 09:22:38] [ERROR] [auth_service] Transaction payload payload_hash=94O+CD1f+m9jwukDOQucajM1P4e778sZD6weRxZjO8i5+qaiOV/zzE7UnCOZcuAfSZuCEIZu5jdnnoqqtBQ7BQ== processed in 15ms
[2026-08-24 10:59:08] [ERROR] [db_pool] Transaction payload payload_hash=cpNUGx3xm+HdYhHS1N4aOcRV/C9PIBTzAM60SxlN5Rxgz3hTMGxLehIVxXRq96CVZsACYRtDQxxwU9VQJVq1hA== processed in 238ms
[2026-08-24 05:22:21] [INFO] [api_router] Transaction payload payload_hash=ut8FJYS5/z43wMa8gye74XVrI6mOa5QH0Sb5WNVplFVSb98ZL4m48mvCUpreGkpAmLvMRAuIDA+lv7q/tsFFiA== processed in 83ms
[2026-08-24 04:50:07] [WARN] [api_router] Transaction payload payload_hash=WfpQYoDy/WJk1DMG6HFfBmTgfYvYLRlQbd7mNXw3hMD8KpwT2FjRi1/nu+BayAr2Gt+cDbIrp/mosDp4ZcU4Lg== processed in 90ms
[2026-08-24 05:07:16] [INFO] [auth_service] Transaction payload payload_hash=Szr/SrJfFrhZz33PRxdlmPEwgMGeAEZZ83mj7ofFNDYsFOB4IeEd4x6o87qE96YZt2HZjeUP25OV7XxnUoiP2g== processed in 145ms
[2026-08-24 05:16:56] [INFO] [auth_service] Transaction payload payload_hash=V8zmJNnr7HJLJBdjByTCBt6B3Wk/ZKw52fwyf15qYAizqaN4vZf+9nfWdnDTXUOy/nzp3Hdxk0n+E6NT11Pyow== processed in 324ms
[2026-08-24 11:19:11] [DEBUG] [api_router] Transaction payload payload_hash=ShN0LL3YUeOQyz8kSvE8ySPISggVcDCjhGMCGm4v58IOwTEGeZ+df0WoQcdCcisd9KxPJcuUp5SUQ6xUDD1nTw== processed in 146ms
[2026-08-24 02:20:34] [DEBUG] [cache_layer] Transaction payload payload_hash=Ku7BrDXgSvZKkrZhRNYUtlZS/LK9FVRTCf+g9gqKfFYzJTCsxQ5CK3q7qknREfUH6HN025uFMSA0V2ovuQWo0g== processed in 122ms
[2026-08-24 10:40:01] [WARN] [db_pool] Transaction payload payload_hash=BP/fpMGWbbmS5nCjaW6yEtKluGwjDpzBFgHJBZBggsLb/NAr3if5peZYif9uTyrv7+NFQD0EQtJTqb2/+8iOZA== processed in 437ms
[2026-08-24 10:59:56] [WARN] [payment_gateway] Transaction payload payload_hash=55PGVvenN4jpHOOqjVFT7ypHR/X9sRra3UKHIZMb0jilEi8sRjWLN93PsjTAld7etJakrWkw4PvNFkojeLInkQ== processed in 296ms
[2026-08-24 05:54:09] [WARN] [api_router] Transaction payload payload_hash=FF7kt+88BOunOUo0lty9+2hrtPol2UMX2PdYpYuZgzUpjy+SsWA9YJUSZtFMksBxIgMxhQs2YTyOu7IVR3eUjA== processed in 155ms
[2026-08-24 11:04:18] [WARN] [auth_service] Transaction payload payload_hash=4T1HGUIRj33VUeNZUWf4OW4IvLTOFdmVotH5q24DTu/4tqz1zU0/NPlgl39JmWg6yObxt/LexAB8MP9lE2b6JA== processed in 307ms
[2026-08-24 03:41:05] [DEBUG] [auth_service] Transaction payload payload_hash=MIhNRl8dlEk8pC2MzOjN1aPcAwB7ePuCgpBlle4dW2cICQizxu3rPbrN6hDasH2bBSUE8AdoRLieEGJpw/qaWQ== processed in 259ms
[2026-08-24 07:33:45] [ERROR] [db_pool] Transaction payload payload_hash=JyobdP9dFVMhL3faJLsqBjhWuRHEZYsisTam9Fure9RRyzh/vWASfwANHtggxjYw7OScjD5AaZn2TvKrG1VKYg== processed in 145ms
[2026-08-24 05:56:31] [WARN] [auth_service] Transaction payload payload_hash=CMzUfzHdoWtenGsmQluk8O8X+j4dTTwPNu4taZkhgsbtH1s37kYBgJIHBg3QCRlym+PFsICewXhKdsDbY3Yi4A== processed in 109ms
[2026-08-24 09:07:40] [WARN] [auth_service] Transaction payload payload_hash=UnHJF537xg63Di5DNWBQRCWYnOD2IZAbLNBHsqfcPFXua/AUMJtYwYjeBfptq7ZmP/5XavTWKQ1zQzyCweS7Rw== processed in 120ms
[2026-08-24 07:18:31] [WARN] [auth_service] Transaction payload payload_hash=uNPuPV+rOVqJOr6Z6jog1qjOH2UOCCHDqxQB47hxY/YlLyRrN1yvMDgH1WV9ZMQoxEA4uvYyYdU+VVpkTi2rlQ== processed in 202ms
[2026-08-24 09:37:36] [DEBUG] [payment_gateway] Transaction payload payload_hash=I474C1Hhpg/3KAVJ6IbbO/lTsdQFv3iMcrxBIc4W3SF16+fGBFs+c5JvFcBbz0vc3NbH0tNsiXJXufsiofTClw== processed in 40ms
[2026-08-24 09:23:20] [ERROR] [cache_layer] Transaction payload payload_hash=3hDo8OV7rGtkRxamVSimxcoqAAV4mfkxUEYvT1b5VexP1DfI/MPKe3dQxiF3v5i60M6zLQ53aollZMFmtFx0/Q== processed in 225ms
[2026-08-24 03:15:42] [INFO] [api_router] Transaction payload payload_hash=N/GQf/tjHTqUFPspdV222/0UgGMzD2g7HTnoymWmOLHekCAPROuk5Yo4rJwBx+vIovTXbQOQin5Flzft/dgBNA== processed in 153ms
[2026-08-24 05:24:11] [DEBUG] [api_router] Transaction payload payload_hash=0qZwqhDq1orDY3fu4WXU3NMIl8I+OrB6rwVE2jrG/rVmBdXXjFA8Q7kadPrit5wv8nCxiH6vC3fiMkvkMeiVkA== processed in 353ms
[2026-08-24 03:57:31] [INFO] [db_pool] Transaction payload payload_hash=+C5s1tPjRsXtZdJRlUbiqT7AMF9CAI5/4MB95TS+wHrGn3CAPkMR506u2r4YbygloUr79ykaHvSd0JFeW0mV3Q== processed in 487ms
[2026-08-24 03:42:15] [INFO] [api_router] Transaction payload payload_hash=W1kulE4y7zgMKALay/BGqzCWuad6ABTG1ApiOIcuPBE/Ubv/5h0aA/EO24+mPi1aD9hHISNcihO7LASBT8fIhQ== processed in 125ms
[2026-08-24 09:56:58] [INFO] [db_pool] Transaction payload payload_hash=gKVx/i6aiVz5/Sx2VqOBtzBf/KRcu4UMRsn1qOpzRl24reACxq9HsnP4+u+RiAnuS51C95m7uv9Rj4CanTsTKw== processed in 43ms
[2026-08-24 09:33:35] [WARN] [cache_layer] Transaction payload payload_hash=jPurfDJTaKy3xa9QHAqR5NN7l+X94oAHxqWMT5dXE0q4D27qIbse0GakxHoVKT6++k/UrmyQT2xpojCvfGO8qA== processed in 310ms
[2026-08-24 08:47:14] [DEBUG] [api_router] Transaction payload payload_hash=B0QuCow8MO+ZiyGsy24uU7IAUjxSQm6OJdrAZKoK5W6VGv4Nwh9ltRCIiWjVy0P1YkHGQ0Ki8DVRasMPOvpq3Q== processed in 43ms
[2026-08-24 05:49:22] [ERROR] [payment_gateway] Transaction payload payload_hash=fRfeiX1TNMVeq3z52Bvw+Wa2+CdMyFd/LvDNjO0zxFaHY7H2fB/FVXwiGBfX/FMnR89lNRPWu+dwYBuAzYs86w== processed in 337ms
[2026-08-24 03:23:41] [ERROR] [cache_layer] Transaction payload payload_hash=64N3VHSppcvg6AfwkOdEwZiUc03XOlDw3+djcr3L3gp6RhYfSPKWZIcwCEAswPivO4S6EdMSLCEaS9m5/8MLqw== processed in 254ms
[2026-08-24 04:44:45] [WARN] [db_pool] Transaction payload payload_hash=Yqsc4xpW1kq/+vBmP5nbEkbrjewEOMmyMSbyupAZUhOraYAeCn0nU4wPaTKyrLOWJboyMiAu8OqpD2NoSaUw5Q== processed in 203ms
[2026-08-24 05:26:08] [INFO] [cache_layer] Transaction payload payload_hash=RWoZzcSy96OWjn8zkNL9BsYGzxclO6ALVXdu8qaKYmKjMhRH1TlMBvP4+d+Q/Hut8sIHbZco3aKIsoA1B678UQ== processed in 4ms
[2026-08-24 02:46:01] [INFO] [payment_gateway] Transaction payload payload_hash=pmL61gTkY5kI8mT1R0yBxIUfjBveqOJ54QWi/87/5RjfzKigdgXn3TdAdgZLM7dhCW0WTlxRFxg18WFApFxXFw== processed in 430ms
[2026-08-24 08:03:22] [WARN] [api_router] Transaction payload payload_hash=3hRB8csHiR6zAWeOb33xcn7IC5iZlQvhmcSV2a/PjfNhUkNbAD+78H6BUnK1LOLoW7D5pKi05BzKF1cuQw5QLQ== processed in 144ms
[2026-08-24 09:57:58] [ERROR] [cache_layer] Transaction payload payload_hash=tEQmJEe/XFXGobFUdtKfzQCcmo9JRmrue4q8fDoAIDq6PbMHkoCM2NH+LAV2QFUZTPTKmh4+Erk3oSZEteE+Tw== processed in 274ms
[2026-08-24 07:07:03] [WARN] [db_pool] Transaction payload payload_hash=pNtz9OIULeMO4+v7mYOmhoSd1TYr7idBijSac0Pq34H+yPyxrD++CbSjFLHoPmFZXuIG3X1GOzkJHdpCKXJvhA== processed in 483ms
[2026-08-24 08:39:36] [ERROR] [api_router] Transaction payload payload_hash=uvrtxjBkgAgwBb9YDlzDTskx621PZCSbifIUwimAsuy7GpQg1hUltx2M+j1P+wYSvlpBuzSBAp7rjtsZx3k+Ww== processed in 445ms
[2026-08-24 11:03:58] [WARN] [db_pool] Transaction payload payload_hash=KEESbxyA3+9c8Cdvh6MTB3ThO9uYRUmNSteROkLcCD4Ue2Gn3l5vrJ3eVVdgP6no34zt2FQ4c/iZbJveLufm8Q== processed in 123ms
[2026-08-24 11:11:58] [DEBUG] [db_pool] Transaction payload payload_hash=a33s09zQgou5Pdn/eWktWv+p3iDGbelWaIcJOFdOtuedH4hpxA81Pqi8NEDHYfvEpDm4tUarCZt6q8IICacz+Q== processed in 153ms
[2026-08-24 10:31:16] [ERROR] [cache_layer] Transaction payload payload_hash=zoJNhFehpN2okxk+mFK2Zk1Ek++uJffHYM5b+sF3whmax7LIqkPAhi3llZk7e3p7q9CSUprHdIck77WvOrU3fw== processed in 361ms
[2026-08-24 05:01:05] [ERROR] [api_router] Transaction payload payload_hash=jyZBQGnVfbJXGTxLUHCeJTlpZiHelDpGPUYp1b2wb/QfpSYYn0sNStlsy6SoKOcT0wmD721e15QPi5t9cKKjTg== processed in 415ms
[2026-08-24 07:45:41] [WARN] [auth_service] Transaction payload payload_hash=Q1NNcwkxFa75De6ebrfur5vhAkiNcO9FWZb0Scl+MNx4NeZy95hJglxq11TBK0pnOR74JBbk8ocpDH05WWm5sQ== processed in 59ms
[2026-08-24 08:54:17] [WARN] [db_pool] Transaction payload payload_hash=PQJHLdVniUzNyfNE2vTleG0zzfciicMR1yVRT8yMCmmXdYntf1SALZapUYzfkV8brNCMnNM8Usxj6aGO4mTOQg== processed in 182ms
[2026-08-24 03:14:51] [INFO] [cache_layer] Transaction payload payload_hash=x2ud3v5Yi8UlNrJ+ej4cx+amL5ODxwD/89Z/ybOOGLYJjdSY43jpQ+qCdSMG1dw4LTjYtZAOje9jIE5FCkwfUg== processed in 375ms
[2026-08-24 04:29:48] [DEBUG] [payment_gateway] Transaction payload payload_hash=dN0mJZ1gV+xhkZlX3FjPVToGmbmwXgydXuY+EySd/xJCFQ31uSq1An7ot27FRn3uWSxVrSBpCKJajDB9SG6Dkg== processed in 223ms
[2026-08-24 04:46:38] [INFO] [cache_layer] Transaction payload payload_hash=AS5r8Wl6DvZdJsWIBZoXIdgaJ1WsTgL/EMIrCoN+EQrGRTlPG3OLFe14HyAGrqSAelGPqUv86QgQOmlQG/DqXg== processed in 54ms
[2026-08-24 10:38:56] [INFO] [db_pool] Transaction payload payload_hash=YuyS7az9F60idlb+qGxW9c4Htx1cuGcmQtYi5SHynnqJM1oVwi75vBAYz0dbZADyvy07m6mL1DltU9OiYvHcFA== processed in 466ms
[2026-08-24 11:24:10] [INFO] [db_pool] Transaction payload payload_hash=8xp1I8rKPQuZMae2dcLPYMhzcHozDJwibVuPRE6/SxFwFaLqS+IL8d5Ko1IUaMZKJaoTLddGz0vvHkx7reYBDw== processed in 188ms
[2026-08-24 05:28:57] [DEBUG] [db_pool] Transaction payload payload_hash=CwAdtMCcpbfJumb0s1J15yJ8gWKnTc2yFcl6gHWN6tsNCdwDKddIvXBS8mY/ExFya3N9YtKCkEOwLarIPLA2DA== processed in 461ms
[2026-08-24 05:13:10] [INFO] [api_router] Transaction payload payload_hash=UQADgNuiR4heYwjezQlx1+JHnBYTIK0plgWmyS1srAvir8PRbCVAUNwY9v4e9AroLaY6rFVSia+3qOUGQdnTMA== processed in 187ms
[2026-08-24 03:40:34] [INFO] [cache_layer] Transaction payload payload_hash=s5Yt3JBj5uCNtGbR81R5kDq4uz4pSr6nGvlb2d0GHEIhxDt8Sni2JTlyuC1X8ZskVn0CHShvva3JAHrS7gF7vw== processed in 320ms
[2026-08-24 11:00:37] [WARN] [cache_layer] Transaction payload payload_hash=fmVyd2F7IXb9JiT1n2WYcBQ1otEkswJvR3kCnztrH2rciY2x4ZPosc+CD/FDxgLbh3dz7z6FezSFJ/zzKYAiAQ== processed in 349ms
[2026-08-24 11:22:33] [WARN] [db_pool] Transaction payload payload_hash=GxQrqvp0xy8OcLCAaYP9mCWgnZY8VDy3Ty6qi/heJQzXGL428jzKBweXad/OS9v+s+Jg+VOQ0UJNT998zEOWzQ== processed in 448ms
[2026-08-24 04:37:05] [DEBUG] [db_pool] Transaction payload payload_hash=I24K/rQrm+lfyywaNX0qPHTMQTkdhin/MXuvSJuHp5U/0fABf9C8pHYMNF14dA0Ju9+ggeE/SIy3aevaJBWN2w== processed in 376ms
[2026-08-24 09:40:01] [DEBUG] [auth_service] Transaction payload payload_hash=2RYyvn4eQXWjlXEuk32NW2WZRIq1K2fJvkEsLboqaDuxAPwi+xZcSc6oxa/FyE+/vov6Mr9xI3KIalOKbtDj1Q== processed in 165ms
[2026-08-24 08:55:25] [DEBUG] [payment_gateway] Transaction payload payload_hash=mD363U9rJ8emaynGmN8uMFBFEvSokvpi3pF2Ar0YQcBUP6pPZmd+mVp8/nVAy+3IZVCO/FbbAYOIxKXbMhZMvg== processed in 198ms
[2026-08-24 11:02:31] [ERROR] [api_router] Transaction payload payload_hash=LktFJ/f5vobYUe+s4dPQEKnUrv/IHEc0WL0bb8KyyF8opHogvFWVY8iIcIiEhDls48R8TZiwhNUXX0U9MqQL+A== processed in 57ms
[2026-08-24 11:23:24] [ERROR] [db_pool] Transaction payload payload_hash=dOckCFYbfr+tIwgL7Ci3ij6CSZbRFcDohLnAh118Rt2VbQhLppJVODwW8cqELLbhh2kkLfS5v0aygLJpufvPbQ== processed in 492ms
[2026-08-24 08:49:20] [WARN] [payment_gateway] Transaction payload payload_hash=9vL1Z5KFdx4jiKKw5aFzv/kZ6F4CXyA7NVJJn0qPF3F25VS773rcClpdhCixq1K006clxqNt5T4hBaaCqQ2Zhw== processed in 181ms
[2026-08-24 02:55:32] [DEBUG] [auth_service] Transaction payload payload_hash=lmzAtekqFp0tUJNqSb4OrL+Xz+v/IjEfdr9SNTQE6xOVkxQnl/hTMDn/squLhtl0iiYKmd5Fs6+9kLlP9rLs1w== processed in 40ms
[2026-08-24 09:15:26] [INFO] [payment_gateway] Transaction payload payload_hash=eeHsmVr2Xq3pXVuJUKbZb0CYjb0p6OV/yNCNXDmf5xxXrro/aZLBBdu2FUJUxsq+qETeutaP8fX0pSDkFpO35A== processed in 383ms
[2026-08-24 11:01:14] [DEBUG] [payment_gateway] Transaction payload payload_hash=EKQuhaWb0o2vi+qbeO50HVU01XddkbFL+GWAyJpovasc6cIxw1lOUq5qEVCNdw1Ti4rAe2tYNetSY1UjvknKKA== processed in 302ms
[2026-08-24 03:05:11] [ERROR] [db_pool] Transaction payload payload_hash=VG4JKur7pajkIkHIn3jD/h7kUlsUR9dqcCSlk6EoepyxC6CJpZeJ4w0HrJGmUcK35jF/wpJs2798ULVjRhp4vA== processed in 58ms
[2026-08-24 10:18:23] [WARN] [cache_layer] Transaction payload payload_hash=ddnFML43DnjNKzuHm+D0FO6Ib5waDM92siYm83aSnn79ouTDhU2ypd4er89tvNEdbhPVmKIu8+ZF0owyGWc6Mw== processed in 285ms
[2026-08-24 08:10:13] [DEBUG] [cache_layer] Transaction payload payload_hash=7p3l6XS67EURwzhoMKgO6lv5aNoDtxmPDknr1p1cbPuU1MBEVbJgPOKuboLifqYxwj9sg8tS4usrE6UjLVC8jw== processed in 398ms
[2026-08-24 02:45:30] [WARN] [payment_gateway] Transaction payload payload_hash=cofXzSjXubCJ5QPKRdirNCleKfj/wosJvV2ntnwqV7VstCoFvIhofXNVQVuSs8PqVzCp/623J36ozQCdPou03g== processed in 455ms
[2026-08-24 08:00:45] [INFO] [db_pool] Transaction payload payload_hash=6jijKwFVb35ZlNSGH+5To2icbizAEPdRIk7D59UVgC8q7pPJB6RQVr7PTkgAKKzWuN0RvjMnFNrc4xze8U6i9Q== processed in 260ms
[2026-08-24 08:48:50] [INFO] [payment_gateway] Transaction payload payload_hash=ZyjQTmPInZJSRIW747fFf9n+M0BayafgXoiX0VCDPqJTUjmGyGK2dhrFy4k3cGLuH6jhqE4HykGFv+WPK8OyuQ== processed in 438ms
[2026-08-24 06:05:46] [ERROR] [auth_service] Transaction payload payload_hash=0pqVs0hyzSFzPwhzEiq4VDo3JiF2hiVG8glb4PrqNuYaBtUl32Q6erzEIjX6pqqAHwa8E4H5EcM+vLMUIrMlzw== processed in 440ms
[2026-08-24 07:11:42] [DEBUG] [auth_service] Transaction payload payload_hash=SXG0EO0iKj0sGfVJVhxl+eXA9LRj91jUPbY5fsy+cZD8oG/Apr5PF21iz99tKPNXdM3MkBzQRzncRYQcz3iL2Q== processed in 157ms
[2026-08-24 08:09:52] [ERROR] [db_pool] Transaction payload payload_hash=mjRE+44kz0I5jtW1eVMJLtoolZ/zsKF4cCxsaaX1DSyTRCGeGMtZQGGAJqHE49EF41IaQ0IGVni0k2JWJQEpBw== processed in 182ms
[2026-08-24 08:06:23] [ERROR] [cache_layer] Transaction payload payload_hash=QFbR9LFBTI5peJ+N/lDRTdaXAeEcpKOGeHqRwbcf+jmh4gfY0s5+9NiMmc0tRWh2x3h/shXJhkXgbnL5iFKlRQ== processed in 217ms
[2026-08-24 06:19:57] [ERROR] [api_router] Transaction payload payload_hash=JQ+8okxb/DVsk8fYE+AnroHn1lgHxlFKJljqSb8T8GsbGSWSbKJmrQ2YuEuAMPXuggg/4l/rJp+HSqWYrV6prg== processed in 166ms
[2026-08-24 10:21:26] [DEBUG] [cache_layer] Transaction payload payload_hash=9Pd6UVnn7PZ7+/wIc62kp4pc377g66DbpyJt3lVP0J0H0qkyEIxbcdpPzJt/0xVToyA0bFOR5WoRxTP0Zr4Isg== processed in 287ms
[2026-08-24 02:49:28] [INFO] [auth_service] Transaction payload payload_hash=vwu+iXt3LDQIJqz3TCVuqz3iMNcrRHvFU/qF+BNmjREwegch75UEvUmgwh1Yr3LTYHGkZH7ESrZ6o5kmmrH9lQ== processed in 178ms
[2026-08-24 09:17:18] [ERROR] [payment_gateway] Transaction payload payload_hash=FOotDO2TWxnPd+DpbDShDcHhnaDjvEboRkwBjhuoax26PZZZJ8i2leqole/QAg75hPZaaS76SVEg9ML7K1qfCA== processed in 120ms
[2026-08-24 05:46:46] [DEBUG] [cache_layer] Transaction payload payload_hash=cS9owneI6mpOKay8g8quFk9Iyg13u/iCEMGxqU27XeUqwFDZJni96rJ8TFCSGUQu0vVGofxBHU730X1N3i4Ldg== processed in 170ms
[2026-08-24 11:16:07] [INFO] [db_pool] Transaction payload payload_hash=EK+HZAXNoRN3DPAsKwUYBz9klqwdQhjOyRCFREHB5L2UVkTXyboUtA/quDtBCnLEAT6EZumFQY36a3/RwetB1w== processed in 331ms
[2026-08-24 10:08:40] [INFO] [api_router] Transaction payload payload_hash=C6blE5rQi8N6L9Jn5fWC50POE3chlLjOLfRj1tj629ihtDVLqU2SBIW0+DrrLdXrQnZT9MBlD/90JfSPFTl4Cw== processed in 151ms
[2026-08-24 07:56:27] [DEBUG] [api_router] Transaction payload payload_hash=18BA61iTsZUPErHnB0H6aoep9NtNIKoyq2kZRJrCvaLPPSikbXVC5rOOmGyeSGAk4P/6B7Pw+9GloFiEeNYo5w== processed in 354ms
[2026-08-24 09:41:17] [DEBUG] [auth_service] Transaction payload payload_hash=tRMRpiGEi9jiEq1F0gw2f5JhDoDYzDJT7zqHflv11UYBn4ENwJcjlo9CeopXESq/dD8stmYl4YC1KSfCVVjdZQ== processed in 490ms
[2026-08-24 05:57:49] [WARN] [cache_layer] Transaction payload payload_hash=N/BV/B7ErKWu672DKuz/F+D5n0orDTeUhOahTtu6qL12vIpnbeeuWHYmj/YRL5mZytoSTmYtghIjTNQc8tsG6w== processed in 80ms
[2026-08-24 03:57:35] [DEBUG] [api_router] Transaction payload payload_hash=2ukIljRSnustzx5BfXiAi/kzpgMMDIs3m6LkfAYTQM7xKwilBhrDDIKoAwKPH+BllD8USqIoVM3ASf0asa/LPA== processed in 394ms
[2026-08-24 02:26:58] [ERROR] [api_router] Transaction payload payload_hash=tnbsdnrMssV6KwHHVk7fkI8UCkBMLOu7yKvn00L9MhdS+dggL/9kJvI/PBCys/3JwCESYLVhYZj73UHEicqyqg== processed in 29ms
[2026-08-24 03:13:01] [ERROR] [cache_layer] Transaction payload payload_hash=Tgh+/rXrNQ/A8Bpmi467WFd4xuqrvuzm3DnwQ6i3EL0zmR81kS5dOmR5sweSU+wM4AH0Cp536Q8SPR7ocUC73w== processed in 388ms
[2026-08-24 07:52:31] [INFO] [cache_layer] Transaction payload payload_hash=LuyAT/5gVfHDgm65r5LcYQFWygyWsT4PyA+v/2MXeNMoVBYuyir8MtUG06F7ha/icuQwX3Ced5Y9ccDVx3NIdg== processed in 361ms
[2026-08-24 02:38:25] [DEBUG] [auth_service] Transaction payload payload_hash=pX0lDVTby7LPrhVigUAm9tUVEzjkwMDgH+y5sWhWl1S0ruiNS3GkbCZ0G7H0bgmZ6008QKSUm/wPAApDHD2leg== processed in 247ms
[2026-08-24 06:28:22] [INFO] [db_pool] Transaction payload payload_hash=9hbgGseEtfwUKPDBjcRXt6JNGI5k0TP6U1D3j5Mfi6FPbQN5yLCxG4yhbwFrpHV7n9OemjoaH64gJJpe7bF4ow== processed in 443ms
[2026-08-24 10:03:05] [ERROR] [cache_layer] Transaction payload payload_hash=TSHMx99Vqbvl10Y/kWtJQnRhl3G9IWHDg0kGQDE5Gl8w1+KD2021n2sPsFS8NqAORhtv5jUf44mY0fSqwfnnAQ== processed in 462ms
[2026-08-24 03:16:39] [INFO] [auth_service] Transaction payload payload_hash=rm+T52lbuBK3vaPkKBxSZZIpsDuNFnwfKaklDMUV+hf/ZlRHEIGOjMBBbxPMnOGnwieVqblR8f/LH/tFMvF13w== processed in 202ms
[2026-08-24 08:06:24] [ERROR] [auth_service] Transaction payload payload_hash=auGqbmtKdBQ31qJsJFeOqvRsgNVNIN7+wPgnyLwL9IBvLIsyqml//USnC8UgDWZ2jkv5EssonxY7en7MqlEmsA== processed in 229ms
[2026-08-24 10:46:59] [DEBUG] [payment_gateway] Transaction payload payload_hash=lLnF+UMeMh0OhQwY5+G3TN7a5Nx7xGkMxzydVjeeaW28SYqtf4mPN51RNf8hll776VZ0RbTWvCl9WoAwGuqipA== processed in 101ms
[2026-08-24 06:55:38] [DEBUG] [db_pool] Transaction payload payload_hash=541HIEnt3ADwaUfAaCNtA5+8V1W7/UJOJYeqZs3QU3EmPW3q63Ftl5OQxxf2CJ7Cs6fSLEu/Ofiy3vnargfYuA== processed in 433ms
[2026-08-24 08:18:35] [WARN] [auth_service] Transaction payload payload_hash=mI+ncxsYkNZ1F5KjgHiW5M0xfVq00qN2C1ImklOk0jFnYsUB0W8TKqV0pOTRcyNg5t/Ea5phm9TXXk34keyMaA== processed in 285ms
[2026-08-24 05:14:06] [ERROR] [cache_layer] Transaction payload payload_hash=mYXNXtaacBu1X66Wb0xj8iWKAZH8o9/fjNJ0Ffsfs06MBO5kKgeST+l3o194t1qicFvUydpRgU42CP2tWO+PEw== processed in 268ms
[2026-08-24 03:27:13] [WARN] [cache_layer] Transaction payload payload_hash=pDUXeyeRwSuzK8MzbCBwWc86j42fucTP7CdKGvP5jZEcAd4YUjJc+ekoRwhvA5D6S+kYV8IuW9oPsXHeOlB/WA== processed in 51ms
[2026-08-24 03:08:56] [INFO] [db_pool] Transaction payload payload_hash=UdV22e7SxhAvuJNxoiAQJgEqZ+6Q5G8AT+0fvEVWuavZE1h8jnJAQ4pbj3l64G34CwM7gmVFgGGzWfxrnnda+A== processed in 107ms
[2026-08-24 03:22:51] [INFO] [db_pool] Transaction payload payload_hash=9J2QamuwsTcvZ+f4Abtd3i99ACEC6piRQTokIVGFvqNTzifqRBHF55ZKjIgpa3S+M4Qrq9q8+mqYb7ZByVgrdQ== processed in 230ms
[2026-08-24 05:53:53] [WARN] [cache_layer] Transaction payload payload_hash=BXPuYkk1k0P8LZ0074y67flV3h25aFtLNdGhVLXi9rUVE1p+02aoRiZdx/2gkG7hsKn3eBqjNPmJAZze+W5Nig== processed in 401ms
[2026-08-24 02:32:57] [INFO] [api_router] Transaction payload payload_hash=hXr3nTN5l1DYmnYA7B5qxnuNb6XQB4noSEwft4FeOJKYDT8JqgbOHaE2ZQCMEYpdTFhsaX5FZd4J0rhmD0beHw== processed in 11ms
[2026-08-24 11:18:37] [ERROR] [cache_layer] Transaction payload payload_hash=HjJ5VmfeJPKpmsokQQ1o19ATdugPBYx7iothul9FWcPQVez02Cl3JYRSjINJ2m0DQ/b3+2+r2AfsJJtUk+7Rlw== processed in 307ms
[2026-08-24 05:17:09] [INFO] [payment_gateway] Transaction payload payload_hash=tsK+Mh6gf5qVwmjuBwU1gLL9gLGN0NjePjvrVKtcvucNmbM3I0u6ST1qxpmwyU0MH3RS/BvpfYwyJm4WtmOc1g== processed in 332ms
[2026-08-24 02:52:06] [WARN] [api_router] Transaction payload payload_hash=OnsA3kMLWW+lsi4WypMEgg6dDJcege4mDDn6wmkswl99ANe/9RfWyg7ml/fjgGPGmprkzV0Zj5IeVwyyp6e9jA== processed in 392ms
[2026-08-24 11:11:12] [ERROR] [payment_gateway] Transaction payload payload_hash=iJI2h8+isaFT8LL43OGvZWQ3uGY7YtqZgq1dLQTzgbs8vUA5kYo+PZHcIyfpRJPRXDCByneczI805qZVg3L4pQ== processed in 181ms
[2026-08-24 08:57:09] [ERROR] [cache_layer] Transaction payload payload_hash=zzkGLbuNVVrSEvPmp7lJHbvTnha7GAzd8J+on7MAPLWNqKAJyAeA8ZF+3iI4H0YNli1EUHaaPftBGKvo6mf1cw== processed in 285ms
[2026-08-24 08:03:28] [ERROR] [payment_gateway] Transaction payload payload_hash=plPzKm4ZB7/+i9fVt4shqPXMwJyTbt86YzjijWdWMQimRZH3/7wf8dU04hHN9brzK2IbbMhYbyNk8USYyIjaBw== processed in 40ms
[2026-08-24 09:09:59] [WARN] [auth_service] Transaction payload payload_hash=4jlYu3C4LFw9WP/Qud/D2/iurT8QC8qX6Ukgth4keExcI3h1hSI3HXOnd/TwCoRqcvg2mY6WmjBBeMLsuJe5kA== processed in 9ms
[2026-08-24 06:28:15] [DEBUG] [api_router] Transaction payload payload_hash=ZGdZGBRMr1V7Xs9Vs1e6wHtaVMeMLdL+nylXAWDPG4wCjqhh7ZbpxdIKRl5ipVj3bk1nnhfHCHdBs0202YV/GQ== processed in 122ms
[2026-08-24 05:21:55] [DEBUG] [payment_gateway] Transaction payload payload_hash=yD5knayFxBftRlB/M1i2EdZXaAnKOur0BuR4Zfbt2//55mAXClqIWdD+qxUzHlb/pqIu2mxJG1cjW/YcoPSJHw== processed in 58ms
[2026-08-24 05:31:24] [WARN] [db_pool] Transaction payload payload_hash=RuvaBx8nOL9q1vB/QULIdRnMXu1o6LR58tqUorwwf57FWqhvW/U7Wi2yrV2WKAly1K47V9xXuGxZio3BFfABiw== processed in 181ms
[2026-08-24 02:55:24] [DEBUG] [db_pool] Transaction payload payload_hash=7kkT9Z3vyq58ePX1GcsNdCnNJCY0qlYnLszQ/gVoe9Br2Nb4KHS3BFujlF5ZJP8hcvmYKbPNAHxomsArVPB8Vw== processed in 201ms
[2026-08-24 05:16:49] [INFO] [auth_service] Transaction payload payload_hash=2YOns2sULKRS/nK6bNUG9rPoxbsgpS+/SKxTu2N7AW7Dj6hoUi7abuppuQCfVt0Qk0wTD0lTxicZuQn6tXZyBw== processed in 159ms
[2026-08-24 07:32:03] [ERROR] [auth_service] Transaction payload payload_hash=nnt4PpWCnHoPepBn02tG6OlNW7Gtlkxr0m4ckb2FLmcCBwUOzIR4N5zpeasFc7p0lQFncifJwSELscCzyLtzzw== processed in 298ms
[2026-08-24 05:21:12] [ERROR] [payment_gateway] Transaction payload payload_hash=XyjQBx6+z/tvCsFWdM4tqagNKo2tW2UlU4LpdoUmstVatUChHepFq1ty5oKS3LK7MvHZfr7TpS1mKTIZHuYt2A== processed in 110ms
[2026-08-24 04:07:18] [INFO] [cache_layer] Transaction payload payload_hash=cskkQdc8Ap9ALaTEeBDYPa+NBN9oj/wE0a1kDPaHq4kSz8iUg7ge6L0wZHMHYtQpTZgIi3HESKbcI/vcxNXGJA== processed in 257ms
[2026-08-24 10:16:06] [ERROR] [cache_layer] Transaction payload payload_hash=pGU3dCR8Xb/FlRRBiMXKo/1TResthdPZtZ/6kW32YESCrYMWgWQSB0AQsY67qS89+woYSlqdTI5SXOISNmGzxA== processed in 224ms
[2026-08-24 04:14:46] [WARN] [cache_layer] Transaction payload payload_hash=YnJaR/LkjEMx5mEsQp1IMZ/CfKJwdsvRr876b6GiPWVH4AusUtvDIDa0XpqELflCNmYIXxCX5xaBrsNNCuf82g== processed in 7ms
[2026-08-24 10:46:51] [ERROR] [api_router] Transaction payload payload_hash=FLljqvUxE4vq9LPHnVKtD4Q2mEsUDSa9adi4Uk0x0CDDJjqtdpDU3KOCJneMQOrYK+A8L/s8DlvfseTOjaYW1Q== processed in 374ms
[2026-08-24 02:59:47] [WARN] [db_pool] Transaction payload payload_hash=HvT+42RnRtEAya9uBu9RYGbUJQ3DSx3CWvYA69vHYzlUrNnmvycZA/M4kXQ+dIOZ6zvA6moOzNJeufIp5SYGTg== processed in 153ms
[2026-08-24 08:57:55] [INFO] [api_router] Transaction payload payload_hash=ord04zOGObd6lqn2mxPyAy6LgeWAIDCwrmsOMP/gwncjTq+bVKiJ6oT+niL8FBlPH96TWwsG4WDRcQOYGpawcA== processed in 139ms
[2026-08-24 07:05:36] [WARN] [payment_gateway] Transaction payload payload_hash=kWki+3FGzKO77VzIbsF0rx86vpMCB9I19+QV3DQTxK1exuucFm87pQ8yu3IEoVzXerBVT3HUZYwHGGSeBahRTQ== processed in 19ms
[2026-08-24 07:23:13] [ERROR] [db_pool] Transaction payload payload_hash=k6358So7IpKVbMSFQC5rn0nZnguzsGZeMyYvGPNmqkddby3zlIuPDjJnxZQxDSZ/5La/1jjp24ZFVj39xTHFhQ== processed in 96ms
[2026-08-24 11:07:16] [INFO] [api_router] Transaction payload payload_hash=UH5AkR4GXHm/UVzLllpQsr1nPzIR0J+girVVFmFK1uhg7GyNcT7Dr1mIHHWftKVRh7rxhxVhWuUK0lB0zBklyA== processed in 79ms
[2026-08-24 02:34:30] [ERROR] [auth_service] Transaction payload payload_hash=9CVFJCiLdYv+yz3g0Nc4+1TZ6CUVqno6ldtxMRpD75itkXrCcDuf9ZYIRfcNyHu6PHLPCNvIimxW7M66QHa0Tw== processed in 2ms
[2026-08-24 04:06:09] [DEBUG] [cache_layer] Transaction payload payload_hash=LAwyeqyQebr8jhpcn0tYeGyAebD6rAPN6P4QoG57+pzMGuJGN/kPqBPATIL+4ZM27OFpGmhPK86E/IJYOBWIEg== processed in 176ms
[2026-08-24 06:31:23] [WARN] [cache_layer] Transaction payload payload_hash=81OWSfmwvG/2HdSBbiaXcgszfbj/Zx3R9P2hQZAUfyz1nTHeIptdKnb+2VQq/r/KUYzOIsZPGnVOr350s/JEDA== processed in 253ms
[2026-08-24 06:40:57] [DEBUG] [cache_layer] Transaction payload payload_hash=qPckzrVKeM0JWhB0YGby/eTD6zCImmDpuG0q55x/zW1RSq7yCJbuznKH0vNq56Ccw7MFR9/puJLZ97c/tHzTQw== processed in 414ms
[2026-08-24 02:19:41] [ERROR] [auth_service] Transaction payload payload_hash=awFNkAZM8OafljtOIOlDtSFANsGtCF2kueCW0rNMh3YoWAKnhq1BQQOE97iiR+ek83g/MgQG8d/2S4uc1PFBhQ== processed in 297ms
[2026-08-24 04:13:16] [DEBUG] [auth_service] Transaction payload payload_hash=TKORZzDqXZd17K521tWew+jK4psromghkJN08a9JiukaDbL0wIjXbw2s/mUF4D3H3rNz6AjYEZrf315OMk3V9w== processed in 485ms
[2026-08-24 03:16:14] [ERROR] [api_router] Transaction payload payload_hash=Iy7P1gBxNPVNla97ZsGuwdCcIA4t0GOIafLn5qouSOK2CY1cmF+Y4hN2NsW8eeRLbmt+evb9KiWTO9SJOsaHtg== processed in 2ms
[2026-08-24 08:50:44] [ERROR] [db_pool] Transaction payload payload_hash=3zOOI1COKkVwN9Ts5dYb2znIp2D+GgCck0PCBAq1/FalfTPaTcUQLfWaWh87DEsZ/wv6O134sV5VNGYFS9DFIA== processed in 232ms
[2026-08-24 05:54:18] [ERROR] [auth_service] Transaction payload payload_hash=LWoWtBUzqdQsusD9vrCtoR779Fw+FVu6CkcsbUE7bF3vj+GG0yacAIxQaR/sRjkn8gZWgd0JV/J7nyfF4rzr9g== processed in 437ms
[2026-08-24 08:06:50] [INFO] [cache_layer] Transaction payload payload_hash=JM4rbdvop3juDjoPZekM+0LH6xvSHrxu1ulTYzOEnE5gSeiAqxCHio2rRy+tw5T6mcgGRKQRRCQmLhKzN3W76A== processed in 337ms
[2026-08-24 07:55:19] [DEBUG] [db_pool] Transaction payload payload_hash=gbPJO8Kv20gF5c+XcdWUKIsn6TRPoHh+dwB5RrBirKfs6ZlnkAAo+aI16ajWXRVdthfJXKHr6nOrJKlcpGmDnQ== processed in 7ms
[2026-08-24 04:27:57] [INFO] [db_pool] Transaction payload payload_hash=PYIp3zwzSNQyB3xgFNXTnzjy4csCs9vS06Tj2I8EQ8oF0iQN4J9x7HH7SasMN+y6zJfzD3L77MK/mgFH1I6nXA== processed in 152ms
[2026-08-24 09:18:00] [INFO] [auth_service] Transaction payload payload_hash=3laj99RoYZ7I8Wize/D6IcDaqcoURLx3W4A650FO7xaIrmbibNlkUPU7UGvn4AV80sJoaV5H9UgJL/sM6v5vkQ== processed in 299ms
[2026-08-24 04:25:07] [INFO] [db_pool] Transaction payload payload_hash=QNrChao4wfxx7pqgcJLhgdgAHVNGUQSetM80BFexe0FuiPpoMGX9xjXuHZtXcjc6FhGk7iWPIeRPj846StudtA== processed in 140ms
[2026-08-24 06:26:43] [WARN] [api_router] Transaction payload payload_hash=zucaTibAFm4vdhLYewVB42qMT5Gv5u1jBpfZIx8+nng3iJc4ccIAerSZYBgnolIlcg3w+ESrLkbHC0DEmei7bg== processed in 485ms
[2026-08-24 05:59:40] [DEBUG] [auth_service] Transaction payload payload_hash=Kmb/eBz0hxyzkTYZzpK4CHxIFzge0ECp1D86npaonLr0f/FONrh23CgPDC8J83/td6RSAHdy/nyh3LyTCPZC8g== processed in 275ms
[2026-08-24 05:39:57] [INFO] [cache_layer] Transaction payload payload_hash=NvwWLwoVjGPBxpHKUXKFYo8TG8jb9Uymp7f2M6MaAeWZ+Z5KHun5YLshm/RQJL+PXO0oxzFuIfoU0ECRL7dFKg== processed in 364ms
[2026-08-24 04:27:23] [DEBUG] [db_pool] Transaction payload payload_hash=DHZdYyD5rlkHFhWB6BW1k+HrJUgDYMbWQuCKMbdvAC08W0mxqd+XIj/ya+6H7aYl2kQLufm9l1USjFnJ3yboEQ== processed in 405ms
[2026-08-24 09:38:04] [ERROR] [cache_layer] Transaction payload payload_hash=xe53PKgavxx8jmYf6reUEEI2VyGAeU1Q6G4N5m5p8gGuJZR7pJ/ZOY47eD+MeWeF83eBcIeAza0wsBqKyDFPOA== processed in 33ms
[2026-08-24 03:02:19] [ERROR] [cache_layer] Transaction payload payload_hash=ceH0SPqRztk5NtIHrM3tq2+V1qIhe6U90jCYrJW+R8FdSl8z9PM/hq/CLVgiWgoK594vJMQc+OdbpIb9XIGPpw== processed in 118ms
[2026-08-24 08:33:05] [ERROR] [db_pool] Transaction payload payload_hash=0vB2zDhKAFfkmL53IZYESY38pW6pdpORkJ1RKU0Sw2m25wT+qP7sOZhh0vgYvt31RjsXpWkxR+MK3ppzN2j80w== processed in 355ms
[2026-08-24 09:35:23] [WARN] [db_pool] Transaction payload payload_hash=S8tF17udb1ubEtTzwbcw08xPCMd/NnNS6MVPSfcTV0BWAUPnTirHckX/nKUXAaKG4+SXgoHajBUnEx0AXJ0UXA== processed in 419ms
[2026-08-24 02:29:45] [DEBUG] [api_router] Transaction payload payload_hash=mDXScBY/HSHbnqLyILwqcRhdXhIYlXCP15cI8o2VTYOynx8YerjJQd1xLpuTrbR+SKWbO4Azjy8stos9UHLcPg== processed in 340ms
[2026-08-24 09:49:05] [DEBUG] [db_pool] Transaction payload payload_hash=3Y+flwX66/Tram7xx1V9vX6TpmlLoVs4/1Sc8iulVwu1djlvtBJJTxG+fZ6FInC4qqA3wPuODjwTbe4NHic9Gw== processed in 263ms
[2026-08-24 10:11:57] [DEBUG] [cache_layer] Transaction payload payload_hash=eXfGpAkVi5OIS+2lOi17uC7T53iu8yeZqemvH7rgS2ryqjr/crYm6o/mmW9CRZqFHhaulTaXwrOnm3WTx3NUoA== processed in 174ms
[2026-08-24 09:24:23] [INFO] [auth_service] Transaction payload payload_hash=zX+nqZhpXxcyEvX/XehuV0ykWIDnle0j2qwu1Gc9rp3PHIVmJozdAEEy4y+9UxtKaAelkWhTA4bMrQHUQ7t++Q== processed in 112ms
[2026-08-24 08:24:35] [INFO] [auth_service] Transaction payload payload_hash=VSFPTgsQSr3sXuNL1w2yoDFRxXJXcUHPQAXaPnAHKhuXxMrtjOqMwvTHIjTwqFvcG4jC4Wsb2lTNFLgqz/JTbw== processed in 322ms
[2026-08-24 09:32:36] [DEBUG] [db_pool] Transaction payload payload_hash=1ECBmjB9ryZmL20GR4/g/rgxC8dV3p3fQEomo+G+zJrHoHE7HsAx0MR9A9aQ+Ah78pfC3XkOr6K8XmWzNS+pzg== processed in 13ms
[2026-08-24 06:22:42] [ERROR] [auth_service] Transaction payload payload_hash=tblslD7edZmiO4o9KD8OMn1TJGyDZDpE3ibx3HwffuujTP/uxTvPX1BL5BreInOGzpmM/d9Nq9OmXvikCGvhPQ== processed in 378ms
[2026-08-24 08:37:34] [DEBUG] [db_pool] Transaction payload payload_hash=3vMNA5lf26DZfd01ZtkFiRo7HfH2hyPUmgaaydhAWR/8nUAg5m/YCP1q7qjsg/Y2f6q+2BK9nITNb6e9OYeCYQ== processed in 177ms
[2026-08-24 10:41:22] [DEBUG] [auth_service] Transaction payload payload_hash=JJv1pKnmHP6O23wlo8tQV8Tee7I+Ry1STfiB46AufE0uZKr+A2jPrglYL5DaF5TxfcfMvOyjT7kX+E0RUHVF6g== processed in 5ms
[2026-08-24 08:32:44] [DEBUG] [cache_layer] Transaction payload payload_hash=bvdmvkef1o9toNzDrV+vNEbZjqzEFjoaAdE01fSTLda0mhaCHEAPYn/P8tdsqgzVlQIjy/qux3D8BwIZV7oucQ== processed in 317ms
[2026-08-24 02:41:35] [DEBUG] [api_router] Transaction payload payload_hash=EABfYqwkXH5FYJpaIRnP+cF385sWUkMohwH5O7oYbGruUu8UnVldJvT8hRazqPE5PsxeHpT5v6W/rglhhYQHVA== processed in 279ms
[2026-08-24 08:13:13] [WARN] [api_router] Transaction payload payload_hash=dPrBl33xuLDUrkvX/KoH3+SmygBVSien+ywyuSUAkO72fe1g+sL0BreRMoA2y+qER7FcFxCzFvEYu2WQ2ioIvg== processed in 124ms
[2026-08-24 06:04:28] [WARN] [payment_gateway] Transaction payload payload_hash=ArL51PIub+DfNB6CemqDOa6TAIjKQCPiD2fL6kxWK5LUbB9VPhKYcTp0xIkdd9hVi4fBOMe6Nw/9HgUDQh0QFA== processed in 229ms
[2026-08-24 06:47:57] [DEBUG] [api_router] Transaction payload payload_hash=xy0UNmln2uRzgGD/d7hkjRvHJSG1hHNznEADCVOzJvdbisfV9RQ8ihCgkz2yxUGPmzPzIVvmyVW1llTlRvY8cg== processed in 377ms
[2026-08-24 05:27:45] [ERROR] [cache_layer] Transaction payload payload_hash=0p/eslKTTc37jkuO/xM786c50lUzl5USTMKjVTV9VxCQldCCjpqz56iZ6dPsgdUuMXBLJ7D8LrCiPLbSOQIOyw== processed in 141ms
[2026-08-24 10:26:46] [INFO] [payment_gateway] Transaction payload payload_hash=/9AAQFkq6HwVJx4P7uze0FG8IRY9aMANmTUNu7wAoKfk7Wm9TIAJITy7pddgLaiUTuglOt2/rGjlmBD55aKFZQ== processed in 202ms
[2026-08-24 09:44:59] [DEBUG] [payment_gateway] Transaction payload payload_hash=ejuGqP4QQozRXuJ3+bCES9+wI2HzvBPrkSD8iF7eby9521fxhU6YGVSLj+18k5aRb2qjwUUWOlgfsa0rCwgIkQ== processed in 464ms
[2026-08-24 10:02:18] [ERROR] [cache_layer] Transaction payload payload_hash=HjRaTUGOToplP3uyFAqEgOLMrTOx5HudnvdVj9kx9/5OFmkQ5AqqEOAewcVQA5FRthG+dHspTKPVwCYHLDoq0g== processed in 448ms
[2026-08-24 02:54:35] [ERROR] [payment_gateway] Transaction payload payload_hash=J5RUYgNt7ez0/wBYePibutFI8JwIVUzV26Hn8aWe09f3gVQO629G8JVWcuAi1tZi/8UtywB7dpl8ugBGYzImnA== processed in 8ms
[2026-08-24 02:25:14] [WARN] [api_router] Transaction payload payload_hash=h+nFxWzT5iayaQq+UerT17WAoS+fjj6HOg4QgvQfCoQFPXdNDR3znBX/w+n6kq7teAPlsl1TpZUuUhtaZzIhVQ== processed in 9ms
[2026-08-24 03:52:15] [INFO] [db_pool] Transaction payload payload_hash=0Mzlf/pGuNbZD4aUy3QsyVtg7qUGDoCPDgXkrhwmQss7SS5tiMmesOyFkW39p+1PrlQL/6CKenBG9U2uhg/yUw== processed in 141ms
[2026-08-24 06:03:06] [INFO] [api_router] Transaction payload payload_hash=vNZuc/mKDSRH1HZDKZdYI08wwL7sYXdC7RnvMhpxa+rqZYAgnQHd1eZPQXLo68cmhdUMzvLNuWBKN4f3U8ssRA== processed in 217ms
[2026-08-24 06:06:48] [INFO] [payment_gateway] Transaction payload payload_hash=qig+z6cFrbuZDraXTeQTNw356pND87RVGHXkIgn9M1bkVz7lfPdG7kjj2dLMWxFQTwE0TrWIz8nOt3F3KLc7bg== processed in 25ms
[2026-08-24 11:05:58] [DEBUG] [db_pool] Transaction payload payload_hash=z9+W2H4ryxDQN30nwEGM33hxKd5HXUVOSzLS1koLJyaGFLG5WvSJ/NnMbnHXktYUMckRzECkIcwSD8rsoCFi/g== processed in 205ms
[2026-08-24 06:12:43] [ERROR] [auth_service] Transaction payload payload_hash=S40bsoAtNOeVdv9ovTB8+sKTYM6Zvjg+7p0MvrxkzSB51atuAGO4eMJmntRqE9EOeRi9sIerAMFqD/t11k2lUg== processed in 113ms
[2026-08-24 05:31:32] [INFO] [payment_gateway] Transaction payload payload_hash=36T5udYFvL/tzj4J5ZtU9JgX5FORh8WHOIO1Q8a1TU9VWIQC9J9CQ8mlfus88z9NXj8VN0TCI5gsjvDXMUhMdg== processed in 248ms
[2026-08-24 03:43:46] [WARN] [payment_gateway] Transaction payload payload_hash=QH3wKD5r5PFVSYJZFD4kJjHtd6ZAR0Vv5sGK7Vuo2IQUwg0Ygi9o/mpIT/0Lm6bOBVfxUntkvpp1uPkGY39Tkw== processed in 194ms
[2026-08-24 06:19:25] [WARN] [payment_gateway] Transaction payload payload_hash=Tt0w1GH1r7y61xLyIlEGJHxC33nxu96VlTbFSBtBKGrLJjg35bGimMzYbDmQCGRelCB2vkn01rruCYT5E9rIhQ== processed in 265ms
[2026-08-24 08:29:35] [WARN] [auth_service] Transaction payload payload_hash=pgh7ONtdkyHPWBLF+ICSujzgxuIiX3Y4lj7YEe76Pf95HHoTXW1+oAE63uLkKDczvQETy0STuwFpeY2u1VT9sw== processed in 111ms
[2026-08-24 09:49:22] [ERROR] [auth_service] Transaction payload payload_hash=u9FGxb8assnka9yCwC5iCNpvmQh3JgDY5s1mi6om4pDG1/vZ84G6u3yH1wNlfFELELxlrumNq87IrfRGs2CC+g== processed in 172ms
[2026-08-24 06:08:32] [INFO] [db_pool] Transaction payload payload_hash=D70cugl4TEP8L+uD0Py2vWI9ebIhzZKeQVqfeYwFSlR0ZzgpqZ1X/mbpJmWedJgA3xPOkn0L/Higd2eqtnjc6w== processed in 219ms
[2026-08-24 05:51:48] [ERROR] [cache_layer] Transaction payload payload_hash=a2wnJC2o03BSosIRbXIBSoZ4c1a2D6Z6t23nJ9g2BY9Ib7r+Ud230yWI8+f/1TyjRVXZ0bIln21Mx/XW2gmwUw== processed in 215ms
[2026-08-24 09:54:30] [INFO] [cache_layer] Transaction payload payload_hash=bTyMa5jRLtJFxr/8IGAoaFzIrCgUJ0BWFuCZbrVpOHnv2kE8BpqgVcjaGJxZirdlh8BseDE4IhBvvA6e3qUbEw== processed in 472ms
[2026-08-24 05:52:07] [INFO] [cache_layer] Transaction payload payload_hash=+wLFZ65Q4R+gawocHWspjAATeLioHJtHe6Z8z59TRKy4IP2nRE9SINKs5IfIZeRIqVU68yOJXtRErWG06EtCyw== processed in 169ms
[2026-08-24 09:43:52] [DEBUG] [api_router] Transaction payload payload_hash=BryKPBU2cakBtwCOhV51eP6G42ozlV9r3EXvugTtaHn+7nhRZKs91YDz8eMU0GQwq4pI3Unf8Ie6pCugOV2idg== processed in 26ms
[2026-08-24 04:08:54] [DEBUG] [api_router] Transaction payload payload_hash=VsNT3IUoQDsvDft5tZdKr8DJqa0vfgdEFEsHKpLtbCX2f/1w8GHnK3G5erSakRfxXnFbMlEpWYa8ZuPLEQ6BZg== processed in 109ms
[2026-08-24 05:35:27] [WARN] [payment_gateway] Transaction payload payload_hash=cEznD0uwsXupkTHzmPQKA8nWPtSZQRpF1OOg6rk3up+/CnWcFs2ugZtbTFUORDhkB3PJ6c/GkdEwBKejdWfbqg== processed in 36ms
[2026-08-24 06:29:25] [DEBUG] [db_pool] Transaction payload payload_hash=1+/cs1x7iiCgPt2EFWg4w8H1M52X8j5NEFxOdaAkL0m8sOCaCP/JGo/F4bgEgY/gLUZLIRVUPArJ4ViyIrxE8w== processed in 232ms
[2026-08-24 06:50:24] [INFO] [payment_gateway] Transaction payload payload_hash=NzOx99Pw4PzrJRXNpmZjkrnqa1LlJ3WonNoR0NhP2+2dA614JN9+iNuF3lEfa9PH0Am87wQcGrKz8MtPPrAurA== processed in 480ms
[2026-08-24 11:23:42] [WARN] [payment_gateway] Transaction payload payload_hash=Lv8xhKAmBp3rPuU2uxjY33ttl9s9w5wHWgApUjH3QCrixHPJ06eJ0VzLo4nD06hYvJ5SFE3x2/eFh2/FoKFUoQ== processed in 117ms
[2026-08-24 10:42:58] [DEBUG] [api_router] Transaction payload payload_hash=O7ohqRja1NOVukdgFZZuAP0UapJfwqga+NEPUooBwK8+HXoYQTNJgssr6mzi71BrSQShf7AHOjbCxNELS06nyA== processed in 22ms
[2026-08-24 09:39:51] [ERROR] [db_pool] Transaction payload payload_hash=5/BuQa3ip4gYsQD3ACBufWe1ZaAVZZx+zQKwI4z+H43RH5A11qKwG2t8UDDG0HKnm3XPff7g9fw9wmIrweOD/A== processed in 237ms
[2026-08-24 04:20:00] [INFO] [payment_gateway] Transaction payload payload_hash=Xj0dXcbWCMdZDsG5JWzdqoIjC4p1ahcdfdHMdoQXuWGYoA5q2iOGVqBMg8ipPoP15FCfsj8N9GmKs2tGCn8c9w== processed in 217ms
[2026-08-24 03:10:32] [INFO] [payment_gateway] Transaction payload payload_hash=6/cZ+JIpjE9kL8lFyNAuwhEAukd4Mp0lEtQ/Oc0yXhLV/ZLGehkx2+6tKQ3ZvQe9AAqYxRJYu0zN75i1ISOloQ== processed in 111ms
[2026-08-24 04:49:46] [WARN] [api_router] Transaction payload payload_hash=DXdqn8vcmrI6X3CR3uU/iEy02cN6HvWMQKwLoIZygqZazP12Tjp0eWQJXc6JeDP8TEva2OuO9/vUOemt0wMGPw== processed in 35ms
[2026-08-24 06:58:42] [WARN] [auth_service] Transaction payload payload_hash=JkxBmxcniHDb8TA496FrQfun/E7XAyAnA3bVsiVfWXlTwSRGOSEl5IHfDrjWQgKGPIdq7esFWR65vSPP5smqBA== processed in 494ms
[2026-08-24 02:54:57] [ERROR] [payment_gateway] Transaction payload payload_hash=u/UKcr9JGKwjDEeGZF8dL5r1aqab/VFTUb3i67TdhvrGSszzU5FuKE4UKX54p/Z3eHH/dCisVEzgthtPmG0xAw== processed in 324ms
[2026-08-24 11:06:42] [ERROR] [cache_layer] Transaction payload payload_hash=ZLhGxco46JqGvOIgPzrlZZymUg0P6a9FdymF+D8D4rKVQ+B022AP94PbxBONWZZZI/cttXxYS+0weRn8oFSJsw== processed in 336ms
[2026-08-24 10:01:30] [DEBUG] [auth_service] Transaction payload payload_hash=xvnivMwWBXCdVVibkmnmMhSb2JIDaTlr3tFStiDvVnLAztluTD3BfZ9/zlWCZugyzS/o3bjRkY57iN9Ex4ws+g== processed in 454ms
[2026-08-24 04:21:25] [ERROR] [payment_gateway] Transaction payload payload_hash=zWhodsto17wmyMgNbyMnXSwfXA09PBq8CuMKOK2B7pavj7JOGSJO455EhcFkA+IrFuP3GkW30MYo92xFLJCzeQ== processed in 58ms
[2026-08-24 09:30:22] [DEBUG] [cache_layer] Transaction payload payload_hash=XyQaY78MrtoafE2NvwzeTm3cLnB+gkDnr75PJagunaScA9uhXk2b2Pyd/T+0YgjRCWWducLxosu0TRI1vEXwWw== processed in 369ms
[2026-08-24 07:38:09] [DEBUG] [api_router] Transaction payload payload_hash=LoXtQKjZlmGCLkE4xKqU7kFV6VXF0fUq3e8b3kiP7FMc1b+hWTyefBGeuFTGyszph1boFrHPyfBc1f21h/O+nw== processed in 346ms
[2026-08-24 09:58:48] [ERROR] [cache_layer] Transaction payload payload_hash=Uedun/tkop+xIi21aQIY2MS4KT5IWV4KbQ1mg6skJksmmF4ygCWLiqonUAT+24oLrbWisLFECBs/R2GBPIHe3A== processed in 209ms
[2026-08-24 09:07:54] [ERROR] [api_router] Transaction payload payload_hash=/LRf8vSTJJQzzqSP0xc6Oq8swloNuFSXi46Wei3Qq9cPzyqRR5+JeeCFEr8BgTMp27Um095lEfx7t2qOA+qKWg== processed in 0ms
[2026-08-24 10:42:30] [ERROR] [db_pool] Transaction payload payload_hash=LrBRtMsSyYCLkx6RLSkZT4ZoSiknuOaqlzQ2FMKltHRT1zR9kRsfMh/lOkBWR4MY5jyAQxa4s8cnPTmy+y9Fgw== processed in 219ms
[2026-08-24 07:13:31] [ERROR] [payment_gateway] Transaction payload payload_hash=ODhKQmK7+R+UeTbJZstpYhqn8x0wo66Vsq/CvM1SjT0SwBa3Ta6D4vcvu9PY/u5iMw0u/6Wgp2pj/t99T3i0Eg== processed in 383ms
[2026-08-24 06:19:43] [INFO] [auth_service] Transaction payload payload_hash=KE6qH5Xu3IWujCdY63eSAGjpK2CG2B8BvJLatjhuUidl470lWVV/evck84VHO34JKQbZ14SGmy7qSrM6p9zgmw== processed in 296ms
[2026-08-24 04:57:58] [DEBUG] [db_pool] Transaction payload payload_hash=XSAWw3cUUx/9XoAKlTStuuhFEZ6cH4yDKE4AqVhDAzP1sE1oGDSr19PIs/VPWAz+HjWBdfplvkHUV8d6RnpNGw== processed in 1ms
[2026-08-24 09:35:06] [WARN] [payment_gateway] Transaction payload payload_hash=j8myG/sIordnhit4UVgfD7IGQ5gjZTWplAtdwVv0zq5nZwGzS6jzrBLATRXVUXZb1aJZfwxx3Ap77wx7RNG5HA== processed in 5ms
[2026-08-24 04:40:54] [DEBUG] [auth_service] Transaction payload payload_hash=xgnp9KhQM4lCHmedHOVZTeDKuC8X+OLFPT/JxWRRegM71KS4qlFMNBfHVAhK5vlqwE0Z1M2Ap9LZ4bi/JngGmg== processed in 70ms
[2026-08-24 06:07:00] [WARN] [api_router] Transaction payload payload_hash=Zd13RRiaKDaO+8guXfr5sRDfrNiUmF40ZOlRnWUh+Qoc5ge8yD7TqrjpD5dbpsAuYe1jopvcYvBcJPmElE/vWg== processed in 164ms
[2026-08-24 07:35:38] [WARN] [cache_layer] Transaction payload payload_hash=R3bK2V4O6ze9FpLTN/q3nQhl/hOYUY+ypcrzDV8wXLeAjnwALjmrfvK+hdzuwPd9zzeqTZsZ1+ic9U67jr91Wg== processed in 95ms
[2026-08-24 09:27:32] [ERROR] [payment_gateway] Transaction payload payload_hash=8a+UrkIq9mI1mELX/6nPWq8Kp44cN098/Dsp5B1I1HB1jJ+H0/LaLiWAc6G36mAKGyn3qSJoTZ4VGrrimau/WA== processed in 117ms
[2026-08-24 02:19:53] [WARN] [auth_service] Transaction payload payload_hash=L1swDe69n8B0N6zTqWPVuMfuRUFZzGtQnd8UtvRhZEEqgYuFJzucrpKiY+RgpJicW+EdibBrGhHRTs3wY8kuXA== processed in 216ms
[2026-08-24 02:56:20] [ERROR] [payment_gateway] Transaction payload payload_hash=SUb68PVzCKDgWF+ep/3no6LWLVPi2Leegsobv2uP3/Jt2veRoEVEnyh1nbDIE7IhwS3B7C3TYlv6YNIpoUSZmw== processed in 191ms
[2026-08-24 07:55:10] [DEBUG] [api_router] Transaction payload payload_hash=fmmkoWs1OrmFmYfE3dXBifIh6lEgmADWvVIPUkBDPnYHzmVAgcpkDqsepZmRXvghZIqQ5OFjK+jf6U6xsgNznw== processed in 69ms
[2026-08-24 03:03:21] [DEBUG] [cache_layer] Transaction payload payload_hash=k4SS58IP/dZDPw9xcUuy8rIIQF+trFI6SQ3IafNXlgYGRtxO6SIq3AU+SrqHUn6WbtZ4AQC1041r7SFhpiiaJQ== processed in 316ms
[2026-08-24 05:14:06] [ERROR] [api_router] Transaction payload payload_hash=WzwCxiRwezbtRC7K7IbiH6Ote3yz7YWunkn60DUoRaDDbw9RAH2t8/O+0Wm5el1iBdTfNNf6/pI0DTdlaJJw3Q== processed in 184ms
[2026-08-24 09:43:45] [ERROR] [auth_service] Transaction payload payload_hash=a0IhU+APOoPeVhpoBb1UuFRhpnWAT8iHmWeaZF4Swbq/IqKEzdg3YTq/eITHeIpp0Z9bR73wJAg0IhKwDDGLdA== processed in 481ms
[2026-08-24 08:30:47] [WARN] [api_router] Transaction payload payload_hash=xisHbAQoB6oNdRolQrEaMxnKKXfSPdNe+QVZM7w+W9zlkpTCQZRMTMq+NcjOPL+Wv8QT5CUNZePc5hR8/2RVjA== processed in 188ms
[2026-08-24 09:55:40] [ERROR] [cache_layer] Transaction payload payload_hash=V+U8R20JsrGTEdo3NYC6yyacm8c0zOJ3MviXVapQmZfvOxtrZ7EnsvtwnEDB6YXe1/kcknEJkAMJhPBFBLirhQ== processed in 414ms
[2026-08-24 05:40:00] [WARN] [api_router] Transaction payload payload_hash=H8MQHRd3HmUWqMQK5AKmvPSQNzJkWy937pqWJ+k+XBmbKV6g9SxWmdvTkXbZdPwO46Zxe34QjZttNRoGTccDYA== processed in 225ms
[2026-08-24 10:28:26] [DEBUG] [auth_service] Transaction payload payload_hash=oQkKOY+rI0rTNoduOJFuc5x8dYFLyn8bbC+EP7gFZwa1yrlfOffckyJQILe1cuMN7lbKiD/p9kKT6wi+KZETTw== processed in 251ms
[2026-08-24 04:37:02] [DEBUG] [auth_service] Transaction payload payload_hash=AX76FEBR/9UBrWgP1C6rBQB5tfQYmIsKaEbfccYlPUFMOrMBs46K9uaOuvqdzxeKgnPu7nFKw+SJKYkBAu+nwA== processed in 346ms
[2026-08-24 11:13:50] [INFO] [cache_layer] Transaction payload payload_hash=ycViy0yUt8Zb8Ft0TH1SjMmWHYWmxMeuQEV3SX5KgsTynCAH4cBYjD1B7qJdIvax5SmOiDwPwubhYvC8p0Oobg== processed in 348ms
[2026-08-24 06:28:33] [ERROR] [api_router] Transaction payload payload_hash=l+UvwSmvD17FDG5nBkNbDtIuh71BKLkpGalUkHd4USiuJuyFDYFI+ZfvvoIOSOJxACMoY2jkC2+S8DkHQlt/Eg== processed in 376ms
[2026-08-24 03:56:03] [ERROR] [api_router] Transaction payload payload_hash=yroJZE7MA1EsfRg8UaNeCTSDdlOq6O3TjxwgvLFbej9sZAzdQvXXMHpIELzxwcegVS/Z1n6qfpJLhbljvalkCw== processed in 384ms
[2026-08-24 09:14:41] [DEBUG] [auth_service] Transaction payload payload_hash=CzTGcJDkYC+CkzkfRuqyiOr7t9fOnmUq0F6igYtF+o8VUO6twV5/8aV8CgcaEr9PM7aIESkeAwGg8qo1qYySyQ== processed in 183ms
[2026-08-24 02:25:17] [DEBUG] [auth_service] Transaction payload payload_hash=tlId6cSZ+FU1yUIhBw7MO+bYBoPSGKWLl3M+fj39g48VPYrOEht2eoQ46ML63Y5RGR/1hgD4xc4HNwGwAexNgg== processed in 218ms
[2026-08-24 02:58:58] [WARN] [auth_service] Transaction payload payload_hash=S5ztvgMjPGa2vw78NH0OAti5tGdFY+ekVvHUYEZiHnlryfkmR5/GRj2Ta+K5JsVR4MP/BOALvjdmh4kRcYK5Vw== processed in 169ms
[2026-08-24 09:29:28] [WARN] [api_router] Transaction payload payload_hash=jOyUEn6l2HOlF80AXeVxF3IfwmPwTprNkBEHSRlAZ46zAQ5n67wuxgshspFKTMuvstpOgtpl7Asc/EyuOGW4hw== processed in 120ms
[2026-08-24 09:22:11] [INFO] [cache_layer] Transaction payload payload_hash=ZYGWtSbtiKP8cRUTZk56ghNN11hVFF3U/EB8/sqypH+2Fl7pbsh+U3BKyfrLEJvy2LuLLu8Upo8BVatwzhyKbQ== processed in 53ms
[2026-08-24 09:37:49] [ERROR] [payment_gateway] Transaction payload payload_hash=0OpA3Ql27kA8aEV9YdkhhSglwn1Wmm0eSB8fJsY3fDx/K+0MJ2Nil00KlVvqjm6OTcqkr56tnQ2gpUJhp/npZA== processed in 355ms
[2026-08-24 11:21:56] [WARN] [payment_gateway] Transaction payload payload_hash=ykC6eWECwP9s1VPWrhDYmSeNG/+IY8e3RE+9czv9vSff03fe3aT8Mj8x7y+5Zc1OHGUDvv0ae6T4Wv695Zeo0w== processed in 106ms
[2026-08-24 04:48:48] [WARN] [cache_layer] Transaction payload payload_hash=gWupNWRrWZ0+m4BtdEKZzk/k+wHO9+PdbJ7A8YLC2SdVuRmdiUa6Fr65vaTmAHAMX9za3UZzBJPRN6kaKjgbdA== processed in 200ms
[2026-08-24 04:38:27] [WARN] [auth_service] Transaction payload payload_hash=mm/FVZT0llKc8ox8ZKgKTAnhSktJO5LXYpmArCVd96GQISwG02NNGCY/s/5e48P9XcgGfR+ky3UKQEMZeG9sPw== processed in 220ms
[2026-08-24 08:36:18] [WARN] [auth_service] Transaction payload payload_hash=PtNexfqFw8o0EEUDOE4c2DNWlb2CEz2W5bGST13le4y/QyLZr7hUjxWj6FDRrANvr45KcRrm1vrJnozIZYmHmQ== processed in 358ms
[2026-08-24 09:44:47] [DEBUG] [auth_service] Transaction payload payload_hash=zQLObCXZ6xLy3bobpHwgzApJCCHzI3msoHq+0B55bHwSyUih3C6Un9Alxze2ytTjCkG4qcU4v9PS0bgf8wcYig== processed in 243ms
[2026-08-24 02:27:22] [ERROR] [cache_layer] Transaction payload payload_hash=YMqEe9wk6Hs+3sZVjcheoeG2dWoqyDCBg7WKsslf/s4fy+UkNiYn1ZWGX42rD9Vuo5PGxrUDIwHLEQeqUKc79Q== processed in 51ms
[2026-08-24 07:30:04] [DEBUG] [cache_layer] Transaction payload payload_hash=6PzuCqVmh+tpPLAY1EbakMf1dosor5n6kt1IWIfyofjMsiIjZjvNJYOkx2w/hOC7GFJPhl/XfO1lwx0GkaBSsA== processed in 184ms
[2026-08-24 10:40:05] [DEBUG] [db_pool] Transaction payload payload_hash=vQjX1W5oItNJpYaEmifrWFl1VRYv3/khmFOb2tYSXiwAIn0/Tmvig95IrfPJ+yrAiRyBQMU+3ZxRV23Taq8kYw== processed in 314ms
[2026-08-24 10:37:03] [INFO] [cache_layer] Transaction payload payload_hash=DDKeVPueOytY4Nqss1ywF9CvuUC24kfXgx5UwPRWXPDPTiW6Bc4w8xhN44oGcVjQDSHZkKGgLglHkstlaKt+sA== processed in 456ms
[2026-08-24 08:46:11] [ERROR] [db_pool] Transaction payload payload_hash=/v2Qow2AwKUC+7uw4pqDws8IhG8gUVuOtcbmh8QodPs8J5fEA2KsHgtH/K7VMSJsYMSY9YttIaQzrC7VIVpY+A== processed in 419ms
[2026-08-24 08:57:25] [ERROR] [payment_gateway] Transaction payload payload_hash=cA+xmsJizJF8k4SEGeKTPZfkmGuqcXEGJ33ahXhofjL9+UM7hhmXeaYcI7vXNDGkyLoVRskEStWYqpEoxBvBcQ== processed in 100ms
[2026-08-24 06:57:53] [ERROR] [api_router] Transaction payload payload_hash=S2yAo7dyQA3BPF0VbS/YzomTBVaVTx40RR7m481/kZC0d4xNxHhbEF3TUgbUqqQJPN68ApU1Gxy/B4lY76OBDw== processed in 392ms
[2026-08-24 07:16:57] [WARN] [db_pool] Transaction payload payload_hash=rlvwieI/BPCUCitAV1ya0R4CbWM0W5ZPEDtM/B+khnuzfgDszTLfL7ujCBu/nrxvE3abvQLXRTIVGN9/eDormA== processed in 229ms
[2026-08-24 10:07:20] [DEBUG] [auth_service] Transaction payload payload_hash=kiA+XHMRx97Ayl1nJUSuS9TT7Tp/10Souh6io5Ay01T768oJIdWn79WNKTAJVTEr4oo5u5qdlpnQpH4icGMb/Q== processed in 353ms
[2026-08-24 03:03:08] [DEBUG] [cache_layer] Transaction payload payload_hash=WOYgRUDfyCmSHD901T1wMzVfnUv3UD2NWQ/nVoAvFvRVaX+e2weMI6RLotBmK2aMKwg/v4mKa56QXCqNlyq8xA== processed in 84ms
[2026-08-24 05:36:59] [ERROR] [payment_gateway] Transaction payload payload_hash=URIgrWYiH+Nt2eGfmdWUnAuqCbcZ9ika1nP8YOGx/kyODJJ6KRUW1b7m99aAMBJUX+VjqSJlruN5rUo/aG6qsg== processed in 220ms
[2026-08-24 04:09:40] [WARN] [payment_gateway] Transaction payload payload_hash=/r0M84aOwHWx1cBbRm+q/ERNOXZ5ANfDfchBT62xkPzGOfhdE3qJK/cxSXD2pp+6rPYcktXt2X1C6Af/z9OkHw== processed in 287ms
[2026-08-24 09:43:58] [DEBUG] [db_pool] Transaction payload payload_hash=xzjw803MrRrs9RNuN0roVtGFqjFzNdJjrn21qIzAKwVdWlLEvE6IvtULG+LqfFn1xniQDHS9amXtOxLiceXGqQ== processed in 419ms
[2026-08-24 06:58:42] [WARN] [db_pool] Transaction payload payload_hash=dFys0rOolMwyO6AaZpUl+tvyZ52miEX3G8bpbeAvpJrUO1j4Nr9OtjQJMNOg11tZWLuA3jUl6WDqZoQkYfB9aw== processed in 285ms
[2026-08-24 10:48:31] [ERROR] [auth_service] Transaction payload payload_hash=YQgMRCeo5fWHe4wCjexCuq2/aoUAzjtBxedkhQEb1eKU1nIKwwJkbeYQceY4ta9+srd9bxsqYi5zi5mXJIqg2g== processed in 358ms
[2026-08-24 10:55:49] [WARN] [payment_gateway] Transaction payload payload_hash=8Q0TLi1EKp6zltiED6oovPTL+0AXwzidthgkBeMASgqAyMyU3K32M2iwnsE68USrhMkO5LL6u9rj/Er1sPot6Q== processed in 68ms
[2026-08-24 02:32:59] [INFO] [api_router] Transaction payload payload_hash=NmQLioFne7BqxgoVFNQWnUllNKMbj9GEfo4+LJy2NdS9Cp4VMnXbuArFynD1TnM1aU/D4Vviw32yTRwWNxEjnQ== processed in 345ms
[2026-08-24 05:54:14] [DEBUG] [cache_layer] Transaction payload payload_hash=9fKsKhzZm6xSWUrSUhZkm2MrQ2r1v/aKADJlCIP0fiSif8XOkHLCOSmAuNo1WUp/XzqybXn+JNuVparxeCbmxg== processed in 27ms
[2026-08-24 05:55:20] [DEBUG] [api_router] Transaction payload payload_hash=DvrwubVxei7cjZuZ6zMZJ7oVAS4uPU6AGGREPwmlOyafy/OFHwjodZkUa90KwNrGXLxeocIrMYtdSEDFTFg1iQ== processed in 27ms
[2026-08-24 11:24:51] [WARN] [cache_layer] Transaction payload payload_hash=bmzkIKX8qKCReckL4esrEt4lE0c2Zv/47KpeJ6qp1gg0/RUiR6T5VI7xDv5nBnbsl2133CJReoPUKlJKc8Vecg== processed in 44ms
[2026-08-24 04:49:31] [WARN] [api_router] Transaction payload payload_hash=+oecLL7PDSR7+yoK3YyL/X9Q0hNKlNqLthY000bi3r5zB4zJWKPlCqyosjXmqsesmhwIWLkWXcYACxxOJ0NJdg== processed in 330ms
[2026-08-24 09:19:56] [INFO] [api_router] Transaction payload payload_hash=jZOIrqEfRrWxcs/H5/JHJoaqe00yh/Fbq26NuwzVJJ1xeSJXDLMY3VhLibPl7LG2NWEG2b+be538WYMwWAU/nQ== processed in 260ms
[2026-08-24 10:32:45] [DEBUG] [api_router] Transaction payload payload_hash=pFVldlbujFATzmJ5+uQ8EesVcfZxngLn2Yui3H1Di/PNtk9x5nNaNtjIOEMJbHRuvC9kLx0iuId9y+Zw+oYZxg== processed in 324ms
[2026-08-24 08:28:07] [WARN] [api_router] Transaction payload payload_hash=XvYrUSwb+1IKekYa0JnXDNssAHcGBflVyYGFMWqearQJyar41xNUScjH6w8o/Oo9T697z5POnP/RKV+vJbClCA== processed in 267ms
[2026-08-24 07:35:40] [DEBUG] [cache_layer] Transaction payload payload_hash=yR+RB3YpVJRWEwtzNJwnyFNO47gY7HFStXHlVU8KMm+a1IA+dW5E+5yH7NwGmbv/UmQMHg0gW4Z6bWHC2CtumQ== processed in 379ms
[2026-08-24 08:12:14] [INFO] [api_router] Transaction payload payload_hash=rnPzw8In6PxypcwA3FSCxFFXH8CUjO5MITmzqomr84aXyfIr1qIcEL1AdPBeupuLtUD3+fnu+GFjWaIQ6mH+Cg== processed in 435ms
[2026-08-24 02:57:17] [WARN] [payment_gateway] Transaction payload payload_hash=TWBdx7UX9qfuHjzdoy84UZ9Oezqy0zIuaQzOUEKQsTO2KJkVbmmA3wQtQdK6e3VvVvwx6zD7C2s8rHQEWkWsJQ== processed in 472ms
[2026-08-24 09:07:10] [ERROR] [cache_layer] Transaction payload payload_hash=DlxPpZU4n2Gzq8qyK5UhL5CgaCygxSVNuG+23r5lcd/HmimQJbqfyHIQee49c7WZ4X/7gmiAXe2wcuSU+C4uow== processed in 204ms
[2026-08-24 03:23:14] [DEBUG] [db_pool] Transaction payload payload_hash=5Yx4MHyoF6iu+nX2Edaxa6eiOecz6Q4URDtNa4L8nWI+NgVYY1IzME99wGf6f+yPcJpHf8Co08e/YRWGIZSGpg== processed in 347ms
[2026-08-24 09:51:27] [WARN] [payment_gateway] Transaction payload payload_hash=CELyCpAKgdP7wIGrYakTht4WomXYk8mIa6t5SLWcp3goPP46CQFNQQkArIxpyy9qZPRBTqcb7MfMIjwhx/Iviw== processed in 85ms
[2026-08-24 04:22:36] [DEBUG] [cache_layer] Transaction payload payload_hash=+W3UpkcArlZwsh1EtOiDvV7xLKEsnFGIw5nq7iiSfzrrZt6kFdR0Xv/vWXkEyRzrdHqVo1WdIswRYSgCPkHQEA== processed in 186ms
[2026-08-24 03:52:32] [INFO] [api_router] Transaction payload payload_hash=lXCyPshrDDlwIH1wbudn9uaVRvoOqIn7m7cAXNiqchhdHwIImz+sTvizxRofOI+SD8G4haNBjm9givWOHbhbMQ== processed in 157ms
[2026-08-24 08:20:19] [WARN] [db_pool] Transaction payload payload_hash=9/LNf+I1SOfu6Muek6SeD6yuyKC4wvnZfxUp05ypCo9XD7FaGpOiXzwGak551m9feTiskjwMPGN1wB7LN2YUPg== processed in 269ms
[2026-08-24 08:50:48] [DEBUG] [cache_layer] Transaction payload payload_hash=UEkMX8DLWdPOeu8SRUC1rkb828IPuZ4q9VGWPV2TvIJN1ajWUWjumwkGwzTPI2ygSu5Wq4JvjPtFOGTVJ141oA== processed in 441ms
[2026-08-24 07:58:54] [ERROR] [cache_layer] Transaction payload payload_hash=zC1j6Ic1uxfGNZcGfsWBxt5IzHY0PCcNvg03FTyPbHmRf+NxdX4SqkKz060l41kLEcin9wjDA7ijosZlJExOyA== processed in 389ms
[2026-08-24 09:15:10] [WARN] [cache_layer] Transaction payload payload_hash=qJKjtJWFS2skgrQfQA/AyU/1G6VlePWEMcYiheHiNZB9IvOp01eJIBhzf1YC8r5wGe0Y/vuMJju/vFeG5gSYFA== processed in 102ms
[2026-08-24 05:03:47] [WARN] [auth_service] Transaction payload payload_hash=F33LqRd3AjrBy1tLyjqT8IRCmwt/qpY2wQ82+ZuUlu2tQb8P5SgbiMZ3hUP5qaNGsnYX7ZjfNVvFQeky1uZSSA== processed in 7ms
[2026-08-24 04:01:17] [ERROR] [cache_layer] Transaction payload payload_hash=k+T/8wW7jKkuvDbnmqf2vg5HhrTAMPWRrwAPIQehtWue4jb7uamRMbESRLVAM388udYpr+t5l/79YPoUeaF5qg== processed in 52ms
[2026-08-24 05:42:59] [DEBUG] [payment_gateway] Transaction payload payload_hash=xGuC7sj4Hv6xu+AVH0ipUd6dRyY7BoAgJ2SfExFd/FersVYsgQl9TlmB1ONiNNX7crmihyiPS61EvZzP2myPiQ== processed in 20ms
[2026-08-24 09:51:11] [INFO] [auth_service] Transaction payload payload_hash=UEuylvE6NbAgqpyZVtDsh55T+pxsUeFx1ZvIfmjRa1tuGwEjhKHKRPr3e/XqvsNkUb7IxLtp6jP9MhSscyiu7w== processed in 173ms
[2026-08-24 08:11:32] [WARN] [payment_gateway] Transaction payload payload_hash=MmvYk1ex1OSs8Ang6SzK1nv2U8Pf0xlGrwg5AOCwFmNF2qWH65cwlwGu+8VJnmS+PsqiGpiPcCWkOUSYOPILzQ== processed in 317ms
[2026-08-24 03:22:30] [ERROR] [api_router] Transaction payload payload_hash=fWpyLKrQjoqP6iD2W0c6JPYjElXoxexT/cpv+4nYlQ8w9SkrTYGtO8QDAkaAkkLEXXGhpfvzvtGKSCCVPt+Lyg== processed in 18ms
[2026-08-24 10:06:25] [INFO] [auth_service] Transaction payload payload_hash=acVDK/csOhfhKUCZbym9LBDUKZZjiJZyy+9NeiQAw15yiyD/QoyG9cFksZdzkSkHZCjL5lsG/YSHKJg3wE0Z3Q== processed in 437ms
[2026-08-24 10:08:36] [INFO] [db_pool] Transaction payload payload_hash=KNEpRrCeb378lfgr8/vkG9x/3bi/iTLwuBA2IYWTRJekXVNYoGZu1Q+OBuhEUnaMCdNxPvgfTvTmf98ga448ag== processed in 176ms
[2026-08-24 03:20:11] [ERROR] [payment_gateway] Transaction payload payload_hash=3Km8gmJsE64MsX6BYVJ0YZ0IQP+nnbAuCvWrfLFiNRGFlwEu0fHZvIXqEuFoUr5MsjgmrPjN3gYz3KAguBqRmw== processed in 166ms
[2026-08-24 10:51:10] [WARN] [db_pool] Transaction payload payload_hash=VZZ4vUPHVLy4wJ8mWaW6o48bWpVdG5J32/uO3CUZ7hSaR01qMX1rQsaFgSqz1WrCGriIj9+H+CUScVppw9kovA== processed in 383ms
[2026-08-24 06:26:04] [ERROR] [db_pool] Transaction payload payload_hash=4QO7t4ufTvliLmXp1R9FDHPF7V7jHRWbbqvZmSK34N/ZByOUffVgulg5oTuLvw7iwpJKL4a14w31YPrTOP79pA== processed in 390ms
[2026-08-24 08:54:06] [DEBUG] [payment_gateway] Transaction payload payload_hash=v2ZmiA2/1gM2HcQ7S6KxfZe+eKUAqEA0OvD7QyvCU0UH2T3bXYibY4qXVMh1v1gcJuNfy7q+kDnqbUWch9OeFQ== processed in 116ms
[2026-08-24 06:01:26] [INFO] [api_router] Transaction payload payload_hash=ErtdMbYABC8+5VbEhqa1Ao8FhrGkiurexKg0on/H7sINr/kwPI9aynup32R9cCNBq/JNjW0VSOweWsPxYb38Sg== processed in 472ms
[2026-08-24 07:41:36] [INFO] [auth_service] Transaction payload payload_hash=F5hmXGQSnsL8hjj+iyeAFg5F3/9mXpwCbjjwt/OdH0kIwNEMjdIBQWna67DdR6OPk4Skr71Q4THP0j2BMBWo0Q== processed in 432ms
[2026-08-24 10:56:54] [INFO] [auth_service] Transaction payload payload_hash=bIuAbctgUiVdc9n7nXqYMAGwbKJMoELZs5hB8InmTaG+F7ps1h8I0fzW1EJwbZJpHM/Hx8o+Ih0Lw7zsYA3mYw== processed in 155ms
[2026-08-24 08:00:11] [INFO] [cache_layer] Transaction payload payload_hash=ZTvSMoBRGsy4C/+ku1yvXEXuyUC4PBTXFAo8gCQRzgjjWDxc4bEKaVNXHowUeJa6l4vxJEAom3nXiTYdhGjO0Q== processed in 0ms
[2026-08-24 03:35:44] [ERROR] [api_router] Transaction payload payload_hash=jk8XZ04D1XUT45eC1CvY99+jiTpItnPF6dppm/7U/eurSciYQA66jww0/CRPrV8IR3ev9DgPf3R265MocCWVZw== processed in 490ms
[2026-08-24 03:33:36] [WARN] [api_router] Transaction payload payload_hash=HwE//DRExzub4A3IDX635Cn2n1FhbK4amR1XIGGGZFsSHZEh0Zqu2YrpQmdZG+ya5O36Qrpsx6XZL72djZtgKg== processed in 120ms
[2026-08-24 05:55:40] [DEBUG] [db_pool] Transaction payload payload_hash=nklfBhhReJNSVcs+I6cW7OPhrzQVaSMuApcAU9rFmv9LpAOBbqlzFpvHHbz3SHC7SBJyhBbzldxD36FLOVxZ/Q== processed in 477ms
[2026-08-24 08:50:08] [INFO] [auth_service] Transaction payload payload_hash=GV06p9OJroEMX/+5IdHb7SJeXKtUIrC3vjM84BhbZwD6aKApViDg4gG0fsxtpyn4rq32d9R48oiH+UahVRZwWQ== processed in 197ms
[2026-08-24 11:16:12] [INFO] [payment_gateway] Transaction payload payload_hash=xi2wdRSvlyQIRiwR0yukJSjB/mj43+Ya/6mmvYB+G6SgFN0jB0DrGjGh8yvlrZaoEenudaTwqGuaVmNosyzzmg== processed in 234ms
[2026-08-24 03:59:50] [INFO] [db_pool] Transaction payload payload_hash=xPnOij8fEKXTt77rbrhvAguvaw9//KfybYMasooKgK7blIWRq6oW0yZAqrMP/SE9h5hrv+mVWdfXL6wjjgaEhg== processed in 152ms
[2026-08-24 02:41:22] [DEBUG] [auth_service] Transaction payload payload_hash=RLOwIXIIAuEo3edv8SliK1iOWKwYlLg3A10qGPFFDEHnZPCrEheZJuVRKOKzD7QytnbjpiJAuEynBlO57GFd9g== processed in 141ms
[2026-08-24 02:34:09] [DEBUG] [cache_layer] Transaction payload payload_hash=+LDI2XomUEvZZeIlsqSHhLY9TFMYhJNAibw5kp2RpspVZL/j3gtSDN5omWv6Mgrwz4Pkm2SM1tb05RQwqupH3Q== processed in 394ms
[2026-08-24 10:27:03] [WARN] [api_router] Transaction payload payload_hash=9YeWLF477uN9jSiIpN6DpLkdMFIkBZJvkPuo4c7a716+tkBvN50nsPs7kNzb8P33HC9J0DqPcd/fBEHrp1xmXA== processed in 55ms
[2026-08-24 04:36:05] [ERROR] [db_pool] Transaction payload payload_hash=x0DRmcTtB7YOFPNL++d1If8UyjycJj3CoRydn+eEa0xecdIw8+XsXyEKQMD/klGtx7t0PPLCWHr7YFzwVftYJA== processed in 265ms
[2026-08-24 10:52:57] [ERROR] [db_pool] Transaction payload payload_hash=zIF9+Dmzi51yD0ziRz52Ho+z+A80+oNlLLUNSKCOQZD9GVxcBz89Xv7BQ7SJoLbJUOVmhc/dhOoJqu5es18NBA== processed in 433ms
[2026-08-24 04:18:23] [ERROR] [db_pool] Transaction payload payload_hash=aHUIwOeJGm5zf+R3RmrzxFRVz3oOvFBHpDiFVHmx3ozj3xnN8MMZhoXpDnp0yUKfsu/k6BTwW+kVeG8xwYZ8hg== processed in 493ms
[2026-08-24 06:34:57] [WARN] [cache_layer] Transaction payload payload_hash=27cCFpjRv5M1VqfrRYMLqAulVuxYev4tagwWMxe6OxibGZhsxuD54TIB1DabewlMsUCFxZ4x6WA0SHcBBnPrAA== processed in 137ms
[2026-08-24 10:51:27] [INFO] [db_pool] Transaction payload payload_hash=e+f9iuhEINwV1eGzYxi6RpvdXLe9ddXVZGTuBp1B6NSfCtuyRp8WOcEDeOfLQ4LoExZtTylyECKRglwlRf2kjw== processed in 396ms
[2026-08-24 05:25:59] [ERROR] [payment_gateway] Transaction payload payload_hash=ohf4aXxudyv4whqEVETXCaO3JTONqVw01VhcSHuJ4dFzgGUovjJlQg3lCQJtTR6L787DtPO3KsPsrVL7lMkXHg== processed in 293ms
[2026-08-24 06:22:56] [DEBUG] [db_pool] Transaction payload payload_hash=gOZegr2L+3WH+hQOKCDR+Fh6p9auMqn8NS1qBdjd+Y1JDLrBxz07uR7o+RCFHzyCMwq378nbxBHgxUGs9IBKUQ== processed in 64ms
[2026-08-24 10:43:15] [DEBUG] [db_pool] Transaction payload payload_hash=6JZUH0cnXWbVpFjh0zM9Ho4OZoFpCfigoRa8GAWOOaEGJ2vTdrIiTZSV8k5WtPnfutCO10qybr0h5ydoXFLegQ== processed in 387ms
[2026-08-24 10:54:02] [INFO] [payment_gateway] Transaction payload payload_hash=yIZKnfYAw6rcCoptpxEYjgdz2WltjCbphoUpB3i//DgTU1WMBJGYxJdaKX3coOHR5P0ELnQjJzGixPDZa7oRfw== processed in 265ms
[2026-08-24 06:07:08] [DEBUG] [cache_layer] Transaction payload payload_hash=9kSRb7tadLLjL9SIGB4lNjK4chpoZv5yKM+GH3ct5x1bo4kE+NnuJlQrjDe8cUt79RAkx+0bNEHSRREvNVQP7A== processed in 408ms
[2026-08-24 07:27:36] [ERROR] [db_pool] Transaction payload payload_hash=x1I5WEnbR/icZ7xABFy9p7RpSKEp+ia5KNlNJ25V+rK19g5o+Gsldt+NhXQvk/lhkuLWd7cxw3iUIxkNLfzMXg== processed in 23ms
[2026-08-24 02:37:30] [WARN] [api_router] Transaction payload payload_hash=RgnR1Md214qtUFU5XZ6DxPBXyaGJkw6+zj5lCtanyPvxwtbOAyG0Hw/F1vKdMkW74Xvy9DBnUw9b1AD7u7627A== processed in 313ms
[2026-08-24 03:23:48] [WARN] [db_pool] Transaction payload payload_hash=dFMWtKnTCtEGW3FCRiMRLJJeZt49teQtUXyJSswsVIRZsa6pIm5dnf4oT8myZxfBprABlaIQvyN8HHdTg2aqxw== processed in 262ms
[2026-08-24 08:25:18] [INFO] [cache_layer] Transaction payload payload_hash=xlafLkDgbjmPtpxN/p9Jcrmuo9VgBnv1PEVT40HDJ39LUEChJ7+PJYNXYTRtIqU8k1uUYXRWRUVbDHR8siWvlQ== processed in 195ms
[2026-08-24 10:25:24] [WARN] [api_router] Transaction payload payload_hash=NVKQpQlbDY+whZmNqyKK7nAUYQ9SRYP3pqPg61XupfVGQ1I1YtShCRXJmEoOqn3FaZikOd/BPgJqBINMOiCYFA== processed in 256ms
[2026-08-24 05:57:55] [DEBUG] [api_router] Transaction payload payload_hash=WP/8+BRk3S7y3KM57YyYgkF4Uzan3OGMVQARLpJHDw5kTV2v65fSGNBh0gYln6OY/qIPMZSlWKDC+oeo9yJapA== processed in 472ms
[2026-08-24 09:25:37] [WARN] [cache_layer] Transaction payload payload_hash=H/2aXA2yJSQz+BPIsJ8E7F+zRgkMvOBus9y0WqzGi6kVYgQk1iv2FU2MpMqXBiJeu8akZ7ilzaUYBfFDnFXGHQ== processed in 294ms
[2026-08-24 09:44:19] [INFO] [cache_layer] Transaction payload payload_hash=QHfEIkW35czZ+Mnfxv3Tu84xD7w+wVpyFcErHQ/35u4BYeUVPIRvEkidkRYartxL81QWtWFcRg5HJ6Y8Bf53rA== processed in 371ms
[2026-08-24 09:45:03] [INFO] [api_router] Transaction payload payload_hash=RLdSAjaVC5boC6JAEzUdb9tma5Cf/pWDUFsPy9xwRxE7j7J0l1/GId0XrW2qUt2dvj9Xn62VC41lRVYfqboWqQ== processed in 304ms
[2026-08-24 08:31:05] [ERROR] [api_router] Transaction payload payload_hash=A/GQOY6JfvrZxj520mRkUWg5+oGG4wKloqNSFETIZoc0Jt+vRWvX0tqbjPnxb37U3F9Oj9dDk/ix8Ak4UNdtaA== processed in 212ms
[2026-08-24 03:15:34] [ERROR] [payment_gateway] Transaction payload payload_hash=ybajzEEWBEbOl7QdtQEbIfCg/w7UOElHYYuLRho4pcxthnsEex5eHs33Ob+NKTpujKk0TyXd2w7Dh1jJycIg3w== processed in 60ms
[2026-08-24 03:31:15] [INFO] [db_pool] Transaction payload payload_hash=NOgiRGqA8eVnye07W1r1BVUXn0AjqiN1X4OzQWnpKRyC0YzBCKWALSTAm6F2Oh8b/aqf+Em9VkDcP0f5CY6PJA== processed in 318ms
[2026-08-24 10:01:44] [DEBUG] [auth_service] Transaction payload payload_hash=XiiICUlbLFsYpy+8b4QV3GKenyG64yd+0mf1+PvZkxezFYGqEJerAE2URW+1Q21MPhopoS3sizVF6nmIDM4VdQ== processed in 248ms
[2026-08-24 03:21:58] [WARN] [cache_layer] Transaction payload payload_hash=H95iI2PW6Ev4XTJdJWPQ42oJ/jhxSxjCPU8jrV8UOGqEVg9onzACWZz7ZQONIPvdMb7ued9/DHPmOKIk8m0taw== processed in 232ms
[2026-08-24 02:47:37] [WARN] [payment_gateway] Transaction payload payload_hash=4agvV0CnkZIfbAVY0hJO2p9cNK8+i99QKe5dDsTrXrszZFLk6z0jiWwkIXditky93/NvEBOVg3yaKpIH865GyA== processed in 488ms
[2026-08-24 03:23:52] [ERROR] [payment_gateway] Transaction payload payload_hash=qulVGNFBXQoLPy8snczs0Vg8q34thZtJigu0mgcG8WQl6ENgovXZotZ6KrkSEHg9pua97xIhqFOqcMEYUisxVA== processed in 53ms
[2026-08-24 09:02:06] [WARN] [api_router] Transaction payload payload_hash=QMXwaHhT1bLZpLmTZpU2g+0JPsmnD36v33FXjxOHUtdazGZfUYC8Dzv/yLn9biqtX00mVYZEV2bLVlDLlgCvWA== processed in 349ms
[2026-08-24 06:41:30] [INFO] [auth_service] Transaction payload payload_hash=IfJzv21b7PpN33s7k4dhlYiIUa6IDwoSQY+UoBZ2ZYB+kh4d9OqQpf+uHbRm62uH3hTIyVcwfU+IwUlDMx5vKw== processed in 188ms
[2026-08-24 09:55:59] [INFO] [payment_gateway] Transaction payload payload_hash=bPYfKQ8qHDiByki9t+n3wj94xlW0zPaeyniUd+zGaOYLLPDwftVxwYjppSX0+AhaiDk6VXwmYXfe2LMKOVhApw== processed in 109ms
[2026-08-24 03:40:44] [ERROR] [auth_service] Transaction payload payload_hash=oSwFFCNj2wpMPEuwcJu2A/fetRz8Hwz2SY6WqwTp1T52jgXyMjCRfVFK7htd+354aW9xxUZek3+lap182PPcww== processed in 399ms
[2026-08-24 10:50:01] [ERROR] [db_pool] Transaction payload payload_hash=WjUcc4NXYT9H+qgSfR4wonHXBsRTjYb9TlXSaxQ3nznkLOR7BHcpW9QwX1tY7sPhG0pIq/t7GCqCOKB/zO5dLg== processed in 317ms
[2026-08-24 02:55:00] [INFO] [auth_service] Transaction payload payload_hash=bx804ER3iFxdV9ySrbOoJtUScMP8Yfqnrfqem4AkEGCeZHKI1HZ38eZsFr7GDi8sDDzJKSOGlyn/T1jCWTe77Q== processed in 189ms
[2026-08-24 07:10:54] [ERROR] [auth_service] Transaction payload payload_hash=XZLaOgF7zzTymwIJawJ7KX+H5p5Amz9SnJWsfKf5hpSfHbsDrvoySUDIveZzfcpvItfjI3HSR5B8KtA19Xo+og== processed in 428ms
[2026-08-24 04:54:39] [DEBUG] [auth_service] Transaction payload payload_hash=tlwKrZ7FTg0Z9tZY0qdAtZnVcLf6DuI/WuXFK2LDQJhm3F3ni9EK7KDSVTJa4joKJx32dF0+rP/iqGV0WsYEAA== processed in 185ms
[2026-08-24 07:15:35] [DEBUG] [auth_service] Transaction payload payload_hash=uruM5qscKkAstyc+v0eLoRKYltve0bnllnWCwNetQYb0WuQAeYu3mcuOmk7OvugSLCir3vEiW08bcY6BEv9/aA== processed in 332ms
[2026-08-24 10:27:58] [INFO] [auth_service] Transaction payload payload_hash=zHE9wBt0B7mZLzohlQTkrkeUbJ3uNN45e3dfyleAZOMQOGls4755nhmcYSGsljI9lVsEFRDvnaM63Efd5Gp4ag== processed in 293ms
[2026-08-24 03:04:52] [INFO] [db_pool] Transaction payload payload_hash=AvtoG0SeEyVdmD/x73eaDMGzMU0Lo9Voy3z/SSbsxUYJMJAMwb68f091U1BobjbHdMS8mScg3SpMtiJ/oBzKmw== processed in 184ms
[2026-08-24 08:41:13] [WARN] [cache_layer] Transaction payload payload_hash=pxzZYvFZe4TolPevCJ30/w3Ex160zvfU1qqeT2y6EpXsD+eYj/dhlxpWv9xze4zu1kvS3sgkyVmErsEsEB4LMg== processed in 115ms
[2026-08-24 07:38:52] [WARN] [api_router] Transaction payload payload_hash=bnZDZwJ7lueJ9s3aeIVZ6ZYotSfSwQD0eW6RKEdGjWVNu1+keYbv6wErxLN4JddlvnV8p8V9XlGyD5eaHdMsQw== processed in 142ms
[2026-08-24 08:22:39] [ERROR] [auth_service] Transaction payload payload_hash=qCiUKYXKrIIhE+PdxH3ijJzD713UjOvoJK33fHI2mo6OvGtHvbOvEVxKX1U8gEEdan4boyE51gP+oAYwBJAF7w== processed in 333ms
[2026-08-24 03:54:27] [WARN] [payment_gateway] Transaction payload payload_hash=2l5F+HT6pimNaZypIw3TIbGMlIVKP0/W/XjYtfZYVm1vKBz/JmeCatPxnLDNcUx8K3CyYzpdBLUdrxyin8pW7A== processed in 349ms
[2026-08-24 05:47:03] [DEBUG] [cache_layer] Transaction payload payload_hash=MbJsgiydAtobwVhzcbBuXHh/ZrtFdKOAGb/jGPWoyHr3Ybd0YjxhhRfJ3RKxHNTgz9CHPtRp787n4epBhoDvdA== processed in 228ms
[2026-08-24 07:04:19] [ERROR] [auth_service] Transaction payload payload_hash=qJCDoktxIfr5KKzWATxtJhudO4+YKDlbaLEv00a9LX7FxPGmM83scI8m6w64GdlbFQXfUPPUDqtp3d4ZtBGdiw== processed in 494ms
[2026-08-24 09:55:10] [ERROR] [payment_gateway] Transaction payload payload_hash=jt2XotwqPr48H/YDRB/dQ+pe3Ysz/gK+tLaK4h6LgxIpTKCbez98c88j4Hg1zIkIwpy5xJ9JAiv7alvzH+RaBQ== processed in 69ms
[2026-08-24 05:52:07] [ERROR] [cache_layer] Transaction payload payload_hash=45uAAvM8+mnWwDaIIaDxkI2ZuziO+NzG8v6cpsCHxYbVUtoAIARq6kLLJDRcPHTSLY4umLZGzI56VYhwHi6XWQ== processed in 430ms
[2026-08-24 06:29:27] [ERROR] [cache_layer] Transaction payload payload_hash=gK16RRaDna6R8aKkf+gHxxEEc4RzatA263tAyzWt8nkXkpCbWtw8fB9om8RqdVLQIvf0tq2UHaprDJYgjppMmg== processed in 214ms
[2026-08-24 03:13:29] [DEBUG] [db_pool] Transaction payload payload_hash=3bikVn52Opegqc5PL09oHrmz55B4E5iStUl9YumH7x2yHL737fd155ohWqz7y4PI7pZNexQkbcCDrj8pZeq6ig== processed in 193ms
[2026-08-24 08:08:11] [DEBUG] [db_pool] Transaction payload payload_hash=qjUYdZrIZvkDdvG4SH8MIdmpd1TD60r4zsHdZvETwXPlfe3KmD9oBgLOiXI5zxzRuMVPt6cuPDeKKE8jWyJBAA== processed in 383ms
[2026-08-24 05:29:18] [ERROR] [api_router] Transaction payload payload_hash=huLhDfedeIq4hyqhXISaKMCizhOgnf4Wp8YeTueutzl97TEgS+eJgdrvVd1oxgRMFKoQ4iyzEtExut4RL3mrFg== processed in 288ms
[2026-08-24 10:01:15] [DEBUG] [payment_gateway] Transaction payload payload_hash=f7lSmMmEw5bSHZJLtDHVVZjTBqMZVX6jqb95ZaiQhXmi2tLeUXMdBrTHGxNq5KBK+mPi4QT61M+AFFP9tmbqdg== processed in 495ms
[2026-08-24 09:41:52] [ERROR] [payment_gateway] Transaction payload payload_hash=piWAhbvBIOvnMi2A1xnci7ltAOve2FZ9IXJb+BRDPBzZDEUH4aPdvX7i1u3EGunL0F0Ru3Bw2pH8AQ3KtQK+oQ== processed in 276ms
[2026-08-24 08:46:39] [WARN] [cache_layer] Transaction payload payload_hash=9UVpVan1fScDtM3+Bpm7i9mRgddTumLoTzUHb72RlAP2MxktiKU6/MEG0cKUUzex4KI0I5+phYhrHQVeOT4uqQ== processed in 91ms
[2026-08-24 09:44:01] [INFO] [payment_gateway] Transaction payload payload_hash=CenwR/pJC3A/XkBvPj1yWf2iBWyxetSLf58T0jQ6svp7hJZskhrIlg3dfx12TuolQs2rx+dV9e0AOZTEIIgasg== processed in 119ms
[2026-08-24 02:34:28] [INFO] [api_router] Transaction payload payload_hash=RVpijDO95Nb3MBpDZkUnjShZwa9qu5H4ICERSbQdr8CTXZ43Brd6hGMq8Zi+EKu+No5xvnDzNTVM/n/EyDIbDw== processed in 248ms
[2026-08-24 11:25:21] [INFO] [payment_gateway] Transaction payload payload_hash=6y1kOzTCT2rh+jzEejvz36hlZeofll31GLgNoAPMSMJFHQNNuQSNppZzcan5F6Uhpy8hqYxctEPSJO5buXeAaw== processed in 371ms
[2026-08-24 07:30:04] [INFO] [db_pool] Transaction payload payload_hash=cYwGzj/brpm2NqMtoJtIr1GA9dfX7vn0Ypw3URenWqAru8vuvHqfu5b3Vz+jL5AxXXtnHYpmTPXitcPEn1j/jQ== processed in 74ms
[2026-08-24 11:25:07] [INFO] [auth_service] Transaction payload payload_hash=UJ0rMV8EQkVXFcXs9VBBsdEqEZecrUPXtu87hP0vQROij1GYisqBgLV/8R8C4bTZGM/FH+51Teb4OrRLIz6tFw== processed in 293ms
[2026-08-24 06:42:42] [ERROR] [api_router] Transaction payload payload_hash=LjrnLK66Ds9hcKmqRdbwfTnS4iD7/kaVPzZdVqse31UOaJoJojiococ98QHcXZROrGVxkryIeoPfcOvbaBY4Ow== processed in 329ms
[2026-08-24 04:44:44] [DEBUG] [cache_layer] Transaction payload payload_hash=+8ekzX2qK80BCpLOuVSdSnb517dDgBATxNsCT8APdCfBvwOfF0LpMIci55a4v2Z6OBWgSilWSRIyi0XJoagq2g== processed in 234ms
[2026-08-24 06:17:11] [ERROR] [db_pool] Transaction payload payload_hash=/rrfyxfXu05tees1hKA6ryu4S92zkyI2kjUotiBSGdq7ed/FzumT+CNJDiku3q3gOt92zv8f+SpXpqsSfYJSRw== processed in 217ms
[2026-08-24 04:35:51] [INFO] [payment_gateway] Transaction payload payload_hash=zUbspTd4TYiBtctEG4AJC1PAbcJydfs0WCOTWGhN8++u09X9MfIohPksdOvsHq3i+Ta+bFetLth4lOledXqGTw== processed in 355ms
[2026-08-24 03:47:24] [INFO] [payment_gateway] Transaction payload payload_hash=zdR6LYE9WP5/xzoBlqrO3/rGkaGr6jsE1GEwBdNqRw0d47F9XjySeZ/EycStsqNviHPQndegBWyuVsNJ8Larpg== processed in 416ms
[2026-08-24 09:26:16] [ERROR] [auth_service] Transaction payload payload_hash=NT1vddBHA5DYIOuWHBsyQLxlMAkTmfJx5w4grX98L1GbciCCGNuJTfoZBWuItyBmzzSpkuB0LJsYmVqcDjgo8Q== processed in 101ms
[2026-08-24 09:14:10] [ERROR] [db_pool] Transaction payload payload_hash=KK9XzyC2ibm5U0XSUC3uixny+iA5SF5AUOcvU4Jjq4BmZh+CDbPCU/wT39e9rPd+eyYsy1NmapnE2pjlYFA/Bw== processed in 448ms
[2026-08-24 06:50:04] [DEBUG] [api_router] Transaction payload payload_hash=aDs0g4cStXir1lY9q4T1djeOpO8hRNxOJVjXiQKGnLwGM7WJfqcuufimt5iO1D1hWfDJEXDB5qgN2j+N5c0y4w== processed in 178ms
[2026-08-24 10:39:56] [INFO] [auth_service] Transaction payload payload_hash=c43Q2dOiJ8bQCyD+od2VfrxDa44qvbkUC8agLCP69oAEFtfspKrXxs2lOcnHwCGxlDXdvl4OPqqeVOoQ3DawGQ== processed in 221ms
[2026-08-24 04:04:32] [WARN] [auth_service] Transaction payload payload_hash=OVl4OISFGpiGKJ5alvGNHjzUniJzGbNx/+LWicPeeec7hZIjiRZvXumwkLbVgelavXq3bNJ5pOr425Nbl7M07A== processed in 329ms
[2026-08-24 08:27:39] [WARN] [cache_layer] Transaction payload payload_hash=RsC4LHu8m/KFfT+K1vYC1dUXSZCiKIkmInAmNHc3uDgh4D8oBdB6SkM5bWrgt5FSDu4n7P0XqoKtUTRbuT6Pkg== processed in 228ms
[2026-08-24 06:25:58] [WARN] [auth_service] Transaction payload payload_hash=mLUfKQLrSv+CcTrzzLmKHIErnUnSESq9PoFQCKHvvkLoXgYxLhcvqLceBlvknVvpTimYTTlqMIP0G1rhMw5DLA== processed in 148ms
[2026-08-24 10:57:38] [INFO] [auth_service] Transaction payload payload_hash=FcPiYK8I8IVcc4hFmQAqkwpLKsHWF4a9ti0H/HPWs/BsIggWWQXigbaXHGcHfj/pPuIT0NcuXhDmNWWu0rPcSg== processed in 369ms
[2026-08-24 05:59:55] [ERROR] [api_router] Transaction payload payload_hash=zkuHhmEXepEhuBHfgkXSE6scbwGkyNC/PSdfgxPjjdxsOkO+FEn4GpFadzOPcKGa9VQ/kWtm0bi9Frw/ol3Wqg== processed in 446ms
[2026-08-24 08:32:09] [ERROR] [api_router] Transaction payload payload_hash=oLYeEcsG0jp4rhrInPhH4AggtWzQcf4msOkkA8IThdebNGdZiPJ/yMkCSMrstKzLIqlP3RRUMcR1fTJd3slwYw== processed in 487ms
[2026-08-24 06:28:24] [DEBUG] [auth_service] Transaction payload payload_hash=M1q0zde1LG2xhUkGIypJ0V0/Yg2mNSLfDeYASWsAwlIBE/em/cs0Y7Aw09gj90VdGh54NCTSmI95uKdTiuBENg== processed in 313ms
[2026-08-24 09:22:02] [WARN] [db_pool] Transaction payload payload_hash=wTFAcEuhEOZ3MDekDb7/GVNeKjtg3ZZpRDvW5HDx8Gq9A8qL5zY6waUyT7qnhUSYFKUorj+1EotQLwGHvXrx3A== processed in 206ms
[2026-08-24 05:29:55] [WARN] [cache_layer] Transaction payload payload_hash=Avsvt3zkNsytZbAaYAnqWs6AICvyo5CulBCTroGT6GWQux79s4O1uLvZBkQCAlNtaGM525GfELez0BIxvxFaKw== processed in 254ms
[2026-08-24 07:30:57] [DEBUG] [cache_layer] Transaction payload payload_hash=GjQGxIpi5JpN31Em0OagJsfLNNT2bfCRNYTdbgllLXcseSbHTWBKHPUFnyfauRWaHWu1hrCvIENx6venpK3OCg== processed in 37ms
[2026-08-24 09:43:38] [ERROR] [db_pool] Transaction payload payload_hash=EWS8fiCD1FII1C0IpK1WUUiIvMwU1v8i0y29HtjnxalyxlgPbitB9xifxzZoLg2QCRhV0FQMqGNQBQN1RTb1fw== processed in 266ms
[2026-08-24 06:12:31] [DEBUG] [api_router] Transaction payload payload_hash=hYY5x+kQepUUfhIldM25ftqiqEsyl2X7TuEuLF5AnOBWR8R8Y2iFOYlk4l8eKmzfTws/8a1UmZSjWAmEs+nevQ== processed in 480ms
[2026-08-24 07:37:23] [DEBUG] [auth_service] Transaction payload payload_hash=gCt+Ah570AGO2TwssmT9LZe0e+2ceJF+YVH8tApta9+m0UMMNbxG07RkkaQNBhKwGitHzdJPRFvFPfdsSulkkg== processed in 441ms
[2026-08-24 04:58:40] [ERROR] [payment_gateway] Transaction payload payload_hash=QOtMwgjtlFgaq6DMic3WodokEt/Dx8SXPW3OYrSobnkmVBpPlwePa/WiQuSNyrRumXu2es+ukL/ZSgsynd+uhA== processed in 217ms
[2026-08-24 04:19:48] [ERROR] [cache_layer] Transaction payload payload_hash=FDBPz/3DGRAy1ZRl0xYwy4HXKYqKByudaQJRJSlHXs8rodNlyzR04MoUPdm2C1DaBJDNWkc1QHYGFhhPL0Pmkg== processed in 201ms
[2026-08-24 04:00:23] [DEBUG] [db_pool] Transaction payload payload_hash=R4qExqUxM7LtUnMKxT9QNnMFrtmDsCdex4Fwf62SvPUjPuYTfpTBZr9XwuHfpo9YtMGeuX+I4Jr+Qu1CF0IZJA== processed in 316ms
[2026-08-24 06:32:27] [ERROR] [payment_gateway] Transaction payload payload_hash=RXMOgrdwPx2oOYsvw3I6CZjBEVl7mwSvoDN8UBveZi7b9FeG84ONUkY90DiKML8qBfI624cj97ANueMeYssKNQ== processed in 193ms
[2026-08-24 02:28:02] [DEBUG] [payment_gateway] Transaction payload payload_hash=BhVA9OSB9E9dry6yXFEr3tR5k6vHhIbN2osHIHWYpk8F1+XyYW90EPlMoemAVNW71yl/W1Hgcv9BdEQoAhPXvA== processed in 86ms
[2026-08-24 02:41:33] [INFO] [api_router] Transaction payload payload_hash=IZgKDwwVe4m/G5aX8nJJnPnl1+E1Xf69nxyMH1cF8MBeUUPjwH0kyoa+l4jOUXvzEMGsG93g/GG4+49jYU3lrg== processed in 400ms
[2026-08-24 05:06:24] [ERROR] [api_router] Transaction payload payload_hash=BtHtf2Ls4mA2UaMvPt1oRJ0A1DZyEt4onfThSZ/yRhVdyAvb2v6p27ZAkLBtJJdhn4B4jWqtvGi1S9UDpBg2iw== processed in 66ms
[2026-08-24 06:26:52] [WARN] [payment_gateway] Transaction payload payload_hash=5YFJ1cbm/1wexRQ9Eoy8HECgxrCyvtgbpH0ymMP9nWpCG/U7dRn6Ko9PMtvMlYWFML7HMY9LfJGC4snVtRkDVQ== processed in 272ms
[2026-08-24 03:44:19] [DEBUG] [cache_layer] Transaction payload payload_hash=RwtE7IAKLhCz63cV3loxLz9cKioF6RpMPXpDKrsbIMAlrPN1K+BcVcIvPmrTyKzIFdCacXy8ThTGFEeh2e97ng== processed in 150ms
[2026-08-24 02:31:01] [WARN] [payment_gateway] Transaction payload payload_hash=qpC3pVSeCPsj13aqeDt4zaxSqzDoBkAq4PVDAb37NuHs3WaDuhYHOOvMJFxNJdG01W06Xbih/T4r+jc/AVEeFA== processed in 198ms
[2026-08-24 04:16:26] [WARN] [db_pool] Transaction payload payload_hash=SfP9+A31djitegSvk2jcRlWQVamnvtnvliPmlUaqCn1rW1rnOUmHrS2woty0rAfTO+4R3TPkahLC6O/mAyCkJw== processed in 63ms
[2026-08-24 09:24:00] [ERROR] [api_router] Transaction payload payload_hash=olWK6g8ubIktQNmnH272px3qVI/DQTdf4PFJf14jRt6zlKdhR5vqHONKn2zblFhz1I6bT79jNiXf1PpmuLixxw== processed in 52ms
[2026-08-24 03:31:47] [ERROR] [payment_gateway] Transaction payload payload_hash=1S2N7PI/8t6R+WaGOGat+Y/A57Kkex/QwSaA6PkHx3tS+hFMM12eKjDEhK6LW+8M7SjKSmLeSdjcbLbp43DYLw== processed in 113ms
[2026-08-24 08:50:36] [WARN] [cache_layer] Transaction payload payload_hash=5+gMzGaYyuTPc1Osj7564NOk2udrFbi1WlBZN+gmLFbESA3OLzMN8J4jDkfmHt+DpBYUfg/9eMKVbpuQ0Vezmg== processed in 448ms
[2026-08-24 05:31:57] [INFO] [auth_service] Transaction payload payload_hash=oFPZc2+yl3NsmV/UK8US5GCEKEPzYkRvvGPteWQi60lIKq4q6Ruxw+2IHMx9OYfna9GCpLccZdrZZ0zVGs4l2A== processed in 326ms
[2026-08-24 06:17:16] [WARN] [cache_layer] Transaction payload payload_hash=XogOCLJ5FcTIL7qeLjIzXMbiY+KFjvAjWx72GTTcnmy2d3q3UijSxHQnlfM43rEVkOPBhDfyTz06Ahw8KUU4oQ== processed in 93ms
[2026-08-24 09:57:25] [DEBUG] [cache_layer] Transaction payload payload_hash=+3KrWtrikFxo4M1PkW5OuT4HEssLMI//gWUtBB4dtxKnqkAal/JAH3dkHCQJGmUeylB4lICut82LjmwWrn6xMQ== processed in 240ms
[2026-08-24 10:51:18] [INFO] [cache_layer] Transaction payload payload_hash=3QaunnbwSvhZmlR49NTF/atjvxpaRQJyQvaFar+bvKfFezmdHRJ4tiAUqDPAkyoEptAusmAbDx1DFXUZ4G/UjQ== processed in 434ms
[2026-08-24 04:44:25] [WARN] [api_router] Transaction payload payload_hash=UCnMBuSPZwpdfLLy/i8cfrpCVQVLDxkyig+pCjS1CGRsezTh7O0U5WbVZmwUthAyxgje858nGCsgDzdWN53SRg== processed in 392ms
[2026-08-24 10:09:53] [DEBUG] [api_router] Transaction payload payload_hash=oOLsRGCSiePBoTvVzrxAQJOykzDUG9bkIbRgDevQshZrDZx6O5F72UEssz1GrrrVg9brWn+l6XpY+v4BZ5f7+w== processed in 92ms
[2026-08-24 07:46:06] [ERROR] [payment_gateway] Transaction payload payload_hash=TKE1EjaNbH3mq0BAYGlr07hPsDNr8S78IzVyrfWVbtxYlvz4aEsSOj841sZeVuQCmAnfSpMwh2SKISE11v72Hw== processed in 454ms
[2026-08-24 08:29:02] [INFO] [payment_gateway] Transaction payload payload_hash=S6hdUds7IT/hMIJey0kviJUs3WCnIUKfyJvZ1lgPIcOu8006990wyPopZSlluXXfDkaYWAU5UbdIbaFcjPi30g== processed in 26ms
[2026-08-24 08:16:04] [WARN] [auth_service] Transaction payload payload_hash=fr2LbHbhF40CK5uQm0gUFocEok83qJwpYly6R8/D0oaX4xwkuqol5g5woQ3Xg1b1uu4PzNzcj8Kc9gP6uScW4g== processed in 80ms
[2026-08-24 09:59:35] [INFO] [cache_layer] Transaction payload payload_hash=+j7r/OSWbrs6pzxOtRUXCz5DNC9VdFIsGSmzqaOyN/PUjtckRKGw/hGp+mBwbhiJTKTTukvetNiw57vlUFoZqQ== processed in 110ms
[2026-08-24 03:36:51] [DEBUG] [cache_layer] Transaction payload payload_hash=5dz8jRaAagEa1qllDAQ5UmCzwJuvypDh1rmtHdnm1rC+P74DuBKYKPMWf44+TkmRK9qQlM+Dkl+MXMhlWRNHRg== processed in 155ms
[2026-08-24 02:42:41] [ERROR] [db_pool] Transaction payload payload_hash=fxcaf/S/3e2LP7GE+194+v3cYk7EL7j/bqflvvDxH0h8OCMBCzHHgGqBpTzHyr7/IzV7Rql0H4/ICyIiuKdxJw== processed in 318ms
[2026-08-24 08:27:51] [INFO] [db_pool] Transaction payload payload_hash=p7TcdZxOXsljOxWWpikLutT/mN68xm+fzDGaztbHPmH6VIavPkHKDMMEDLsTA9AyF3NEAScDWQJQPz1IZvLMgQ== processed in 424ms
[2026-08-24 11:03:37] [ERROR] [auth_service] Transaction payload payload_hash=X62iB4HiuwYyiof3yQLBhcJJ+U522yLaIEU1fqQ1+6jb9JO2zgFo64nhYcpy2b/dxe7KFHnfFIxzeeEG+2Vf5w== processed in 340ms
[2026-08-24 04:47:13] [DEBUG] [db_pool] Transaction payload payload_hash=QFFpqlWxDw+5Lpkct+9HbML8KvfRezKoWZzQPd3symV4l1gbZAeMjly0Lhk3JwpKbZ9nn2ByDdPaGtFN8+Tyqw== processed in 254ms
[2026-08-24 06:08:50] [DEBUG] [db_pool] Transaction payload payload_hash=NETca0tsaEVJJJSJsHZWhFd1eIPZl24iZfr0RLF0xECw99/7Q08BzmSDbDrH5eeMeOkzihfF++iLTtcR202ZuA== processed in 224ms
[2026-08-24 05:08:32] [WARN] [auth_service] Transaction payload payload_hash=0UDxFnz5/Ytv4X4RGDHi26LE5QIY4cyU+739ybhZy5hFyUiH7KIJQU5stWvtkdR4bKjRl90qReIFmJF2/boxHA== processed in 458ms
[2026-08-24 09:00:03] [INFO] [api_router] Transaction payload payload_hash=TPy8VNCMvInnRwYZDyMZq5hN+t3nDDPFoMSQoKfcKWuQa1cG1zt4LDwUN8aDFRW3UotwWj3qd4b6VK3LJijBVw== processed in 49ms
[2026-08-24 07:27:34] [DEBUG] [payment_gateway] Transaction payload payload_hash=s9B0rPzlqEVeqSXo448OiGZKrij8vU4sH4DFtJay6gpUGR1Efvt01JdMtFe1I7QAgb/x9EfRBBnMRf2OLKZEtg== processed in 291ms
[2026-08-24 05:40:33] [DEBUG] [payment_gateway] Transaction payload payload_hash=ohP1BQ47SNyTxpO/NCAeRI9aY+scBzcGxIUopjdHl45SXCQrH8/h5flrufyeM8+Tnf6cCX+1uKSE0HDcKGJjPA== processed in 330ms
[2026-08-24 05:48:47] [DEBUG] [api_router] Transaction payload payload_hash=wB23KrRN/NrBJuhlKxLEq0o8xh4aeOHZpV0FTB8Lg6S46dV/7n8EDyHsOYymg3eZaPnatjfTCbNIXY/+WyrUnA== processed in 282ms
[2026-08-24 10:18:37] [WARN] [auth_service] Transaction payload payload_hash=rwiorAiub4FNhjVf3KQgYS2WW6CJJ/ikeD9wOGKJc8pYcnpgOgNZG0+L8G1Vsoy25/Aa97KLgLogz7QDzvbJIA== processed in 463ms
[2026-08-24 09:33:08] [INFO] [auth_service] Transaction payload payload_hash=btgJ+oHnB2Co5F7YXwrBJiT0UHUL4pX684SOoMgsxjYIUlasTg6ydlzXQgxiIWL1wOi79WZdRSBUgakHKk82YA== processed in 270ms
[2026-08-24 07:06:41] [WARN] [db_pool] Transaction payload payload_hash=B89qDMA308Guef67jY/I7BvtB84uUm4DvBpy/7j6HEHKnUuF48fBuBeaOQzWgw875XfgEUs2GIvcSLEHJk45uQ== processed in 456ms
[2026-08-24 02:20:42] [ERROR] [cache_layer] Transaction payload payload_hash=oZ/zG4dwVKD1rOzRYuYIbZVZVHG9TcLg+j3qp4cARBrcn6lAbtsqQOGns3pD3HrfIL0PfVwJzB4zGKkwLxdcIw== processed in 238ms
[2026-08-24 05:58:47] [DEBUG] [payment_gateway] Transaction payload payload_hash=jLgwTplnQbB70a/EU0bX7cdn53lVtMq4whNMOZNB+atRa/BZMPhsBWV4OTzaQtZrfrt0XOaitXbFUHTU8EiFwg== processed in 252ms
[2026-08-24 07:01:28] [ERROR] [auth_service] Transaction payload payload_hash=UIKbu1rnwdhdjiRfzSfwPxtPG/BUGP/XKRWndTKPOF8muD/GCTZ1s310o62FKx3MNs4LiN8g8pgpvvj9uzQl4A== processed in 57ms
[2026-08-24 10:38:17] [INFO] [payment_gateway] Transaction payload payload_hash=b7Ejs2X0ISJjl/OJZSi50L159NslH+bqNXkutbK8qDug1yPQ7utG5z1IJCuMtKbKN+WRxikaRCHi6nVVbwHyCw== processed in 255ms
[2026-08-24 10:16:16] [DEBUG] [db_pool] Transaction payload payload_hash=k8UcHsNhtaLdlakzurDJmvPfmeJaAgPNWqy25TJqv/HGCfH0Fzkc128h8aq0yBffUu9S8SuypLtJGXiiVF7/+w== processed in 37ms
[2026-08-24 04:40:51] [WARN] [payment_gateway] Transaction payload payload_hash=IMOYQDQhkTVmO+y7UQhjnHJexy4TL8f4clDuax9QLwErLmcrpaQ1VscJvayI6/waffB80E0W8WtnJfEjnk10UQ== processed in 421ms
[2026-08-24 02:20:24] [WARN] [db_pool] Transaction payload payload_hash=4w/1aCaFeiBkS8nJwHYtzQKbBiNxIvB4oO0T7lYY5GxQnvc0opYXz/5j2tJtml858Ps3c050o86Zuz5pyCG11A== processed in 478ms
[2026-08-24 05:07:35] [ERROR] [cache_layer] Transaction payload payload_hash=leeYZISEdEOVy9j+1gJn6LaSrBHkm/Zw5hhQz2Qg7QC9ArSIQoKpbmGoKuy0PPgx6E2tnjmI738QfyEwQsjk9Q== processed in 241ms
[2026-08-24 08:42:25] [DEBUG] [db_pool] Transaction payload payload_hash=R1872NfQgY16aC66NFK81u9RibpxEneCNFNbf8BB2oAT4JpSyxBIQej4qkAQMVVEyCTd6/F7HiCtX6h9JCtXHw== processed in 153ms
[2026-08-24 08:34:17] [INFO] [auth_service] Transaction payload payload_hash=rwOGOXR3rHO0n1eNRCO73zm5pPW8wS5JiO4+sCmgffpsVg0HXYxlwmjttAokSsKVqI/CYmlDKeV5syTkbc/xNA== processed in 1ms
[2026-08-24 03:59:36] [DEBUG] [payment_gateway] Transaction payload payload_hash=V/fGWJXtA5WDWJS3+tq2DERpDueK4V578ffmPNa9kvC56ehzLvOk/Jlqa7X2Y9Yc1dn8D71vgVCWT0SbI096kA== processed in 286ms
[2026-08-24 08:03:42] [DEBUG] [auth_service] Transaction payload payload_hash=O2oC3i6TiFJ2oRB9ITrbYtLNLG1llcuCBezU3z4iGftuou+8tknIZyb2r3RGpyX+huHEGji6K7n8D9YNdEcPBw== processed in 65ms
[2026-08-24 06:10:13] [ERROR] [payment_gateway] Transaction payload payload_hash=5JPGr1t0T3+qhtbDU94pGF84iscqdyX+yJeJ4Xg+lyA5rYFyXfG3sX68Wo1AY70peDVPq/9rQ2oAoPjWhk/+Dw== processed in 314ms
[2026-08-24 09:38:42] [ERROR] [payment_gateway] Transaction payload payload_hash=r6AUUQOtDEwBvlDsSTPN3Yl1kxHL1Xu0H99hz/0lvI15mOWEzhMd7SfwtQ+pTk5KXSnkNcjUsujXrFH7HDyGyg== processed in 306ms
[2026-08-24 07:25:45] [INFO] [auth_service] Transaction payload payload_hash=dIhOVBY1aKdkfbd1T89Wl0/xT0X7i8BusdTzCZaZh3nfBqznatyshNav+BK00U913hwZTF1xe2ZAT9ktxUvkpg== processed in 301ms
[2026-08-24 05:55:30] [WARN] [db_pool] Transaction payload payload_hash=1iPTzLrLSc8Dy8jSsN7aUg5VGUaDHjaLhOxSaYupAyvZO21kGpNGAuoZFswXasfROMvfecC2DrfoEKOigv5Qmw== processed in 243ms
[2026-08-24 09:43:05] [WARN] [auth_service] Transaction payload payload_hash=FtDQtrSftUt0GegRA6T9jhtOECOMC8CyqJHY/eSQOaR+9P4y36YEpwEMqPcdGmcV4KhMROlWMNssL6ZVPGVThw== processed in 382ms
[2026-08-24 10:17:33] [INFO] [auth_service] Transaction payload payload_hash=jlA5e3qZQ68eSlTNZ6K3gG5eCgVxlZGd4XPSZrJIqhpX/F3p3oHG2h/mTO4x9GGCDd+beFLX9GE9/4v5dnPIgw== processed in 212ms
[2026-08-24 08:20:21] [DEBUG] [auth_service] Transaction payload payload_hash=UKZkYNF95iCwYloTUUVTvvPkfQwhCVwXtAJ3Vj47nZdU+3ycRTQKBEU01vkDwRRtQpCkMNI8EIhzNSMGHi9L9g== processed in 302ms
[2026-08-24 02:52:07] [WARN] [api_router] Transaction payload payload_hash=sB5aw3qoMngvqJzUFiKExIq6HtSNzbJvff3K0r1O95fLu1em9PP4jtg454PRtPuKDuvoOeoZ07r83hkRC4haGQ== processed in 145ms
[2026-08-24 08:59:22] [DEBUG] [db_pool] Transaction payload payload_hash=FPIFeNDIavd8quMbF7IkddkB9iUSSFNXnPZyCFMWenaeP6UQiPGN6pP892B1OvMB6cTHPuVal4DNo5HKkPk87w== processed in 271ms
[2026-08-24 08:21:44] [DEBUG] [api_router] Transaction payload payload_hash=GPs9K6JLuO85t5KVZJu/4sFQKHKXaYWB5z9FwY89v4GPk7s58/bly7pK4K8UNGtvFEcC6iUYDw/Og2Macu0WOw== processed in 217ms
[2026-08-24 02:36:07] [WARN] [cache_layer] Transaction payload payload_hash=yllJSzVx41v/movoZwY8l1MUMiZw0vLoy5AKKYCLkfu7HMUt1DV+d12BxiwPnFGlmxPjDvdJ+DF112L+JXTSTg== processed in 265ms
[2026-08-24 05:44:25] [DEBUG] [auth_service] Transaction payload payload_hash=aWKHBeUU3kU30ZfBkqBarYqEL8vLLlU07ABfNgQghwKHKwZwmZwLkHiHyuhpkM8B/mJ5lnHof4vW/AB73X5uZw== processed in 292ms
[2026-08-24 06:20:25] [INFO] [db_pool] Transaction payload payload_hash=gV2KvKKFoovPbx/losUQV2z9kfs+N9hrWQaYDKwVNV2loEn49+xlVLCnDSQxthRA0Eq6ZF8hC9FUlpXbGdo+bw== processed in 427ms
[2026-08-24 03:20:48] [INFO] [db_pool] Transaction payload payload_hash=sqDanmj3XFsuduQk+oy34p4KiU3utykbZcW3q4x6NPlS4017yFeA7Kv7DKHU+jx/9OqKC7vLyw9U/DDSWnSHeA== processed in 207ms
[2026-08-24 06:07:47] [WARN] [api_router] Transaction payload payload_hash=v3YqqOxZsPZTx32sdq9sCMA5dv5hPX1rjEh+Rj3Tih0ilM3qw4aKj488NCu1THx/n6GTJYdvV8KtLGXBGDhrpg== processed in 401ms
[2026-08-24 04:08:26] [WARN] [payment_gateway] Transaction payload payload_hash=jqf+8v3BgRdbbv3CnO2gp9sBe0U3as2+MGpMBsBywdkSxQV1Z4YLvgK0NvyYl+YyXu2rfeR9PvBTnuH5K7ksjw== processed in 394ms
[2026-08-24 03:03:52] [DEBUG] [cache_layer] Transaction payload payload_hash=jUQb9/HTkHSu/xFhbO+66oD2JkvLdInXvkADvo1hWg9VQHKA3b71gLN8LZqXsJ+Dy0AGxKh3qALK/kdz+12gnQ== processed in 147ms
[2026-08-24 10:02:10] [ERROR] [payment_gateway] Transaction payload payload_hash=0otpFuoshao3GFSAalFqybQ/wsfjqT9OO7MkGXWnU8qQcrDw51wicO2W7Qxj0113tMJkU7mXx0Q6e+e+BfUVBg== processed in 338ms
[2026-08-24 07:26:51] [DEBUG] [payment_gateway] Transaction payload payload_hash=B3KkLQdyUJpWY6Hpxx4CCLE8q3TvTE3gNio36P9U38oUgzhUDJ8N4mQ0WfOoXAQQoR2VyPG7ytZ2rlgf0U4cIw== processed in 107ms
[2026-08-24 05:58:46] [WARN] [cache_layer] Transaction payload payload_hash=7r+vKUzRTbtbLRdgpN3QeSqrTPsLVEpQP+T4L3S0CpgtlMaQOmGwKctUBxQmcNZ7Vg0lff6Yvv9lUibjq+8InA== processed in 8ms
[2026-08-24 08:19:52] [DEBUG] [cache_layer] Transaction payload payload_hash=gQcV5AhWZqMJW2JPMRYXIE0TFSIWggRR0IaXWYCs4CeS1NJmdjpVerFUZCMXQJViY4xvWaGpfdAm7En64L0GtA== processed in 486ms
[2026-08-24 11:14:30] [INFO] [payment_gateway] Transaction payload payload_hash=ZTXRRDVvG7KeR69Kzkd40QTUayByAFz33EZPu2ZvfCNTCBc1peIr+e/0osL3HqMjTI8jrNKf1Po6f3t6LUSLzQ== processed in 451ms
[2026-08-24 08:22:24] [INFO] [api_router] Transaction payload payload_hash=7jQWuag8tGzOgZAnw0Cteo0flrrz5OC1YiYe2A2mKiSJGaWmC03NCf/c1rRcfS41JxxNK+96GoFm7DaHP9p1vw== processed in 498ms
[2026-08-24 11:25:17] [INFO] [auth_service] Transaction payload payload_hash=9CozNlnCSIsgaPXXquO5P1sFNC8vG/sy6wfOC23lRdNDjXY3E5E3aonWC9Qi4bpO7iNTfC1ZZdFuCDL9Nz8Wvg== processed in 29ms
[2026-08-24 08:29:30] [ERROR] [auth_service] Transaction payload payload_hash=HS0zfLNCNcig9/yO18kpyH7xAiRTnRIcWwhG8AWCKya1UHN8Qy+wkx1x/H7EqnPzNtABTqHZIxw7i7xqytn0fA== processed in 367ms
[2026-08-24 07:38:05] [ERROR] [auth_service] Transaction payload payload_hash=3GylwYCdwngrHc66H2dV5LvPnHpitZpTAkUaFcQjQLim+ADC4UfiPw7l6pi3OPLIC4gr58925XKtqTZd0//ZDg== processed in 26ms
[2026-08-24 07:04:50] [ERROR] [cache_layer] Transaction payload payload_hash=Ih1uq14IdnGYxEzZ7P4dsQbJBQTDaBwAaqIAdf+1mvRz/o5SenbnzkZ0dU1qr2PddTNgPfjwIaT43DU7aQw+Xg== processed in 155ms
[2026-08-24 04:11:45] [INFO] [payment_gateway] Transaction payload payload_hash=9FyPRnj868+Z7+39b00/Yy1Uf7NxGM5uKQ0VuQp6eA9UNB8+9s54UGPQvrmm3Qme1WrwSVzHFMffL02eNMcttg== processed in 110ms
[2026-08-24 11:05:48] [WARN] [cache_layer] Transaction payload payload_hash=EM8rA+GwZOlodoNPxm1xK5dRox2GDdX8hN2CF7WmnNPwFSrulN03Jf0kd6ihUYGn7WhT+VFuU9CnxlzYelnkVQ== processed in 71ms
[2026-08-24 08:07:15] [ERROR] [payment_gateway] Transaction payload payload_hash=JyY6Cbfu1jFfY2RbvqO0ATUSu8FxnBl4DhSHNvPjDwUaVoT8Rk1jXsRn4N4DXiPbf/9CsWa3ypt7fdYHUA+pIg== processed in 292ms
[2026-08-24 11:13:54] [DEBUG] [api_router] Transaction payload payload_hash=EPUaVMEHQZn8rP5j/UuW1WDtD9AEW5izNileaH1pizhYS6rN9XDPNw/gtuWcTim4SSSVEe1IFZcvXDgZk3UuCQ== processed in 40ms
[2026-08-24 05:15:14] [WARN] [db_pool] Transaction payload payload_hash=50Wl91cZSLPDxoc2aYaejrWvanjArxeDhfvMJhUWUQzuf8cH3RsO3B/QNXsii2gjiYIqCa0HooU2q2XvbP7VKg== processed in 185ms
[2026-08-24 03:44:50] [ERROR] [cache_layer] Transaction payload payload_hash=++yITNiy32rsdUcBGeLgGrQ7HupQraXVChR8ZNRd7zZSrhP1DSfGuD4lU5/zZP9Z/EMREow/5dk9JIV1mOnA/Q== processed in 360ms
[2026-08-24 06:05:40] [DEBUG] [auth_service] Transaction payload payload_hash=1p7zZwP40Hb4BIPrkFyijez9QCiiVmFchka8kCOmoz6V7Mbo1cYAlWnpQ1MLgsnIdx9c3F1lEy8qwTICTmtSWQ== processed in 10ms
[2026-08-24 08:10:44] [ERROR] [cache_layer] Transaction payload payload_hash=UQ0vm/A9AqFw9vR5/Dd02GNZM6szJxZV1r9HTrXAh8o3IH8INwUKVj2fyItO5KxlOn8HsZCpkn2yGVVFtsJBVA== processed in 109ms
[2026-08-24 03:06:10] [DEBUG] [payment_gateway] Transaction payload payload_hash=R3nto7x89gksvdhT0Vr5LBJs7lT24AYPl8r42bkVQ3e5c2Y1t8JnzX76gNEDpxBDsXRWDHmZGtN7FXZ1aGLFgQ== processed in 299ms
[2026-08-24 06:44:06] [DEBUG] [auth_service] Transaction payload payload_hash=SX+X8PskAhVddvUgBmX2p/m3BCcct21T9qqhFmE2iS0peLbPE8Ch9kFzDA4Y1KCS81NyHQ7APpbnt1ssGnn23g== processed in 258ms
[2026-08-24 05:39:30] [ERROR] [api_router] Transaction payload payload_hash=5xUbqYEl2aagQUZ3V28/m5VKZDWp5Pyb8zD9KMk7ey19Zp101R9wQJnvTyaSKG9+ZACTQ1SNgxQt/sKCMnxASQ== processed in 71ms
[2026-08-24 10:40:12] [DEBUG] [cache_layer] Transaction payload payload_hash=kcKLvScgn3iRPlgK+OWIR98YDz6pnIxAZewX65UfDxaIz+NwIDhICRzri1gkVer2VyCBlmrhYOYmHirULrNTmQ== processed in 136ms
[2026-08-24 03:50:35] [INFO] [api_router] Transaction payload payload_hash=oJ37/fsElkUejY6yH0NPkdJE5D4/i2baWEEhkfDcdu52EEjYupObQO0CGhmOrOGr7QjGjS5ftzWiS8NRNNI6rw== processed in 30ms
[2026-08-24 02:38:47] [ERROR] [db_pool] Transaction payload payload_hash=C+AlsAfhq4utmXDEKAc6irjYh9ZQ4Xt9FAt/GWfV/Y2+/7YipLm5aoq6WgNu5QK9oYSYgsiEG1GF8fr56lSekw== processed in 438ms
[2026-08-24 08:02:28] [ERROR] [auth_service] Transaction payload payload_hash=0wEUr9zEHJJxV0H0hgQn9erc9K1q4sHCg1l67/CFmCII/2AG4zvBDzt4EmRVRS394PYQKuz0+s7+o+afb2HErA== processed in 452ms
[2026-08-24 02:36:32] [DEBUG] [payment_gateway] Transaction payload payload_hash=43OjSz8cwJUnewHrcPSP9aA5lELvQa+/7Hygnnhq46EeRkWHabVRpD1NQbTAHccGAob6ct28mHD8YodFx7pBfg== processed in 321ms
[2026-08-24 05:15:35] [ERROR] [payment_gateway] Transaction payload payload_hash=w2d89Ff0yt9ELwuQvVNEpZJ1vI2twU56VaokgPkLXqhUQzYyYZO0y3r5C9MoLw3NdCgH/SIFlMlKAc+W7NWtOg== processed in 303ms
[2026-08-24 07:31:57] [ERROR] [auth_service] Transaction payload payload_hash=2HpIFdaANxzRUvhKH5wPpJ2/viUyfjvxKVzjtP1iLR4m16hbO8aKtwm51If0cKmRU/Z296tLQCFZXby2bGirgQ== processed in 262ms
[2026-08-24 03:31:33] [WARN] [auth_service] Transaction payload payload_hash=r5WyZyG1Uq4Hn6aZ+XYotvlq1E+jm7htFMSuJ2kzx4y4f8RkwZCePvWXME4EW7RdWOnUj4iqf+a05BQmebLWDQ== processed in 223ms
[2026-08-24 09:10:54] [ERROR] [payment_gateway] Transaction payload payload_hash=Iv0IXA0l1SSYIq92lOfE/nWYVHuxpMFKecLmm9hBfx5BtCUFBzp2ARj7Cm/pWBMo90gBWwhIRhYXzBYl3wOI7Q== processed in 40ms
[2026-08-24 08:32:46] [WARN] [api_router] Transaction payload payload_hash=VBuOEK2LGZfq6COaAbTaZMyzB26tBpPYhWLp1hK3krah6xjmBn5c1Nr5jiWcmzO9Yi3p9QD3dz3IwViruHTZqg== processed in 110ms
[2026-08-24 07:20:06] [WARN] [payment_gateway] Transaction payload payload_hash=u75FEHWppm/BpvIpJwKvgMZD4kmxnIrx2+ZWPx/CCNYr2cAxPjgwXEtTvaAXsW1CMnEKoYiYUmtIPpel9kDNYQ== processed in 349ms
[2026-08-24 08:28:10] [WARN] [db_pool] Transaction payload payload_hash=iqKWKnajah3WUONnWfaFxigpcAZ/SQ4ah8LuM3ANcJxJ2K6IYlXd4J8d2eVYWeTidmJ3WStrjEnDwO14WnfAYw== processed in 244ms
[2026-08-24 04:23:37] [DEBUG] [auth_service] Transaction payload payload_hash=GkJVIri0vj+T6Mbxown6q5CYadLdFXE/Top6VYyRXEWeSbSTaEScPRlBxEZLWFZm6ER3+c2eBZLFFZHzzfYvnw== processed in 298ms
[2026-08-24 08:32:52] [ERROR] [auth_service] Transaction payload payload_hash=s2mOqZV4BhwASCHmqd9M11YZv/hOIuzH1ybFrDKJWF42PSF9E28Hi6DGzITrYT7fccJF5LR1qXUwc0+isuJNWQ== processed in 489ms
[2026-08-24 04:55:09] [WARN] [payment_gateway] Transaction payload payload_hash=9wRDyYreDeFng7T5VfnfCJ8oSd/BjqWxU4EoVJRMiAsTNEBAoR9yo4IGRHIIa+HoZCGyqIsvT3abMOOIhrV0Uw== processed in 142ms
[2026-08-24 08:55:39] [ERROR] [auth_service] Transaction payload payload_hash=n9doy5sQAAjZlQQGg7l/nCfdu5izXANp4M22h5imAPBXC/wfy4SFFi5FGm7T8MGSDA92sQnuzRjCcFu0RvXYyg== processed in 414ms
[2026-08-24 07:14:44] [ERROR] [db_pool] Transaction payload payload_hash=f9JLrWn+NvwTGNNH9Xxdif+NcfTri71rlQOGR3IxC19/LCShimEpa6gdqEsYejvcUKtG7CHj+ATzmBB55vgYKg== processed in 440ms
[2026-08-24 06:46:58] [INFO] [auth_service] Transaction payload payload_hash=f4/R1hlBbCZrMSJeXfjPeF9rITgppmwje9+KhPMtFSopRop9d4pNFVBDsoNdlYceAiqxB8XhQUmBZpQX11OrEw== processed in 80ms
[2026-08-24 06:38:06] [WARN] [db_pool] Transaction payload payload_hash=gZ1mHsl6LvXduxGhN+9/UDkdBD81nWa2c3z3Aon3fU9Ly/+65ADCObDvrWoL76O6W2lpzIhzZ05NXIx5NXcFtQ== processed in 323ms
[2026-08-24 09:39:44] [DEBUG] [auth_service] Transaction payload payload_hash=cil5+GD4lSnBXkMgKHRVvchpNteWAZAUgxDxdRyErTCHQIGKAbC+yqEUkgmp2V1raX3lSsSKeRR6IIEKYiPI/A== processed in 374ms
[2026-08-24 08:25:29] [WARN] [api_router] Transaction payload payload_hash=TVru9HhsGsXDRfT5RzOQ6N5DpfpekGXOsxwwd7iGbH2Y9kZ7vFg2oY/ahhaKzUTYv/ncyS1PuoTDAodK1Ipz7g== processed in 325ms
[2026-08-24 09:20:56] [ERROR] [db_pool] Transaction payload payload_hash=451ydEZctXNGRNGnJch8Mx46ibaUek7yMhg/Pz1EfwM5iw9bNKXj3GZaamPERZg6CCkDsCN801dD856n8EA8Gg== processed in 5ms
[2026-08-24 03:17:08] [ERROR] [cache_layer] Transaction payload payload_hash=H0eD1DDOaGArmt6Z8+aCMJpvJpiLHQ5W5B10AGYBvNmPKsHT1KX5RcCWFdasyaatvjp0g1ImrTKYYcTM9TF5Qg== processed in 414ms
[2026-08-24 08:27:11] [INFO] [payment_gateway] Transaction payload payload_hash=1pIBISQOOOF3vN/EJQI21C59dQow58qGVfV4B6pqrlamBM+HvTeHOumRoPzuldjICVpnKLwV7dWnaetH3ynIRw== processed in 9ms
[2026-08-24 04:14:38] [WARN] [cache_layer] Transaction payload payload_hash=b34UMPLmDT8AgWpxW1YrTGqEScXlYeGnV76QwSXzuAG30cbhUI1hUm2firQvb5D4f5zcRqXNfkk/PYfYTBredA== processed in 399ms
[2026-08-24 03:29:33] [INFO] [cache_layer] Transaction payload payload_hash=Wv41PxUBybKMVmBOqEw1DPjAe2JTASuTuRKaRGUz+WCv1BieC133p5XlTYNb0CGyHzeoGWv6DLgKALCnoSFAXg== processed in 189ms
[2026-08-24 09:16:34] [ERROR] [db_pool] Transaction payload payload_hash=4u5Bhhq4OLrsnVNAQgOlch9HKZrO3OJcflg1H+XisgjpCYM15LuG2Yk2f2kVyccDRnrosrqdx4/76qZcqF4zng== processed in 218ms
[2026-08-24 08:42:51] [WARN] [db_pool] Transaction payload payload_hash=xvZNOCk6rvMXcyJZclC+5rM6kU6PkR8+/Buz0nzct0O9ledmFzosFPWesirAN1PTibZJmIlfxsq72KXjVJYpzQ== processed in 436ms
[2026-08-24 03:23:21] [WARN] [auth_service] Transaction payload payload_hash=l6uldP5WFNPEirFbHVGV/osIyBicWd0bFGcskCXL2hESm3T4uNEeKM8hs4QnHsHaBoXWBDHy/jRlXf+4dvlZJA== processed in 242ms
[2026-08-24 09:22:27] [WARN] [db_pool] Transaction payload payload_hash=YX5+ltBXhc/WIC2TuuAEYNBAlbSbFkoSHhnHDDdCh1/IG7S78y7kbpdxQ8zptvDjfJgYSMcehRuRu+a2ugQIiw== processed in 428ms
[2026-08-24 08:19:02] [ERROR] [db_pool] Transaction payload payload_hash=aXz1K2PXbp2T1C4ruohLggHqY31pK4gcASYDzYxHIt9ua4Hbn4XduR7Q/+flKKRQ9D/AxQzB4PZeDb6WpaDoNQ== processed in 20ms
[2026-08-24 07:56:58] [WARN] [cache_layer] Transaction payload payload_hash=WtYbXQ7qasayn5n/UeUuVMBod2L15zPJknR8QLXPV/W4P3mwS/0ceI5wTcZG8emOUYXxF+p7YlZFhHqTd9tTsg== processed in 149ms
[2026-08-24 09:07:32] [DEBUG] [cache_layer] Transaction payload payload_hash=4qQQmrQIEYwPy+k1WFWnajntiXki+4N4GEI92K/tKL7oRREc+UxnnYhMn2J3a6uSRuf6E625y4ls6laPgjQRsg== processed in 398ms
[2026-08-24 05:26:56] [ERROR] [cache_layer] Transaction payload payload_hash=8OfYokKC804YhpAGDlMf8SvaWPFwdYbYLJoMkXD3ai9hFWxxBQVi9iZpqLUSv/PpC75ZxNAnu4+Uwdcb8YXI6A== processed in 103ms
[2026-08-24 04:17:03] [ERROR] [auth_service] Transaction payload payload_hash=1nZw/e4MZzBi7KYdInOeiMHZffJtWaFYiG+8RCGW0lgl2YI6O98zmhdtwxyYWrC9d+R4F8yVAiAhV6TTD9VZpQ== processed in 312ms
[2026-08-24 03:06:31] [ERROR] [payment_gateway] Transaction payload payload_hash=Doe8wMr6YqbdcHgz2Z9Y5EsneIlVza+pCbE99WMh8XMwWTV39enqF4Bb5UtvKyGn9zLLRBgVPncOTZeJs5F0lw== processed in 436ms
[2026-08-24 06:20:06] [WARN] [payment_gateway] Transaction payload payload_hash=I97QQ+7SlBAXsCdMW0WHF+fjLvDab/q922Zoytcn6KYc1WJ7TDONVOvkouiXmrvSUg0Qs/aSRYyeZH+nXpIYTw== processed in 86ms
[2026-08-24 04:25:55] [INFO] [api_router] Transaction payload payload_hash=1dRRlHfHHDzEq+/AKy+UOQ3uAvBsi5qVEg9EHGzc/sNiasghYmWb0xFScBiawW+Fzh1yhNbp9J0/B0UYgy/qfg== processed in 368ms
[2026-08-24 09:39:44] [DEBUG] [db_pool] Transaction payload payload_hash=UyNFnLcfCXFokhoPoZn04tT+HtNKqBWTOZJOKmCZlzZV0P4x49AmA/hVd1u82ijNqORbkc7kjEXfctqqkhZ/Ag== processed in 421ms
[2026-08-24 06:53:50] [INFO] [db_pool] Transaction payload payload_hash=umZthDGnIKhWDBJpzHaugpYn8v5wCO2hJNA9axTYaZPxiqw/xABkS4ScHrjcmKWu6komFDUAW0Rpv0jPtggvjQ== processed in 65ms
[2026-08-24 06:22:08] [DEBUG] [payment_gateway] Transaction payload payload_hash=5CnIcEJwi5D/1Y4SU07dUbxFTH1rya1GJNGjXTIgtRdxxhoNSE4DpqlQm/rXKMBUyT6DCsLQeLUyc8mCdOE31g== processed in 225ms
[2026-08-24 03:53:28] [WARN] [auth_service] Transaction payload payload_hash=xRzujNIndyxC0KFACdDMwBiSsZ0PreeBTDT9THg2RVw4D22Njar5d/RGkzPkGX+1tHdIFc/gwEBzItlh4nuRyA== processed in 381ms
[2026-08-24 07:20:37] [WARN] [auth_service] Transaction payload payload_hash=Gk67SS/ZL8ij+bVZ1qbSGV3EeFhOz5OA84nsEJ6+HAk3kBYhHxiGlqgRIRUbjW4Wz8c8sR4C5OPD0YRda6Ni7A== processed in 411ms
[2026-08-24 10:35:10] [ERROR] [cache_layer] Transaction payload payload_hash=WPoGGrsVQvuYVbzk7jR0CKF7PBa6xS6xgZyphBIw+bz9RubTW5XQFe9K1TDHw5AqVCigWHKRnAY96Nun2FVK6Q== processed in 203ms
[2026-08-24 06:01:41] [INFO] [payment_gateway] Transaction payload payload_hash=1gxzzInU2s4kjibn4/qDuBWylmM2osKZ6of8TJ1ZoodJdJbWLa31EtCurb7u3KIn+2OiSlTwqINqR3B/x6/yUQ== processed in 490ms
[2026-08-24 02:52:07] [WARN] [db_pool] Transaction payload payload_hash=iaDxNnPUTyrxw98AAaW9rs/zNDGs3qiqj07YUnBCruRk2jeWh5URlUizcE6HL7MsO7y9YTus0xUofXNWjC1w6g== processed in 203ms
[2026-08-24 06:05:14] [WARN] [cache_layer] Transaction payload payload_hash=e0FLEan9XjueUiYir4RMdTkHXYVXc8T9EqKT14eoM8wTRkjI7FjSgn9cnYVVyp5j7wJ1fyVF4W+a3bHgCmiVbw== processed in 290ms
[2026-08-24 03:34:29] [WARN] [cache_layer] Transaction payload payload_hash=NKi+0dKA0j16OwnfwkikEObdTD0IEWqS95zZO1+0d8aTvACKAWPCReqk4KswOJ/BiaCPZf6EI/koulBclYfL1w== processed in 356ms
[2026-08-24 05:21:06] [DEBUG] [cache_layer] Transaction payload payload_hash=sQL11B/q9iQCKEkyBlKbBplR4i47ccxNMkxFOTNUXZukjoeUPGkw/KU3WO7tnHcL+JGRvSbO8qVS9gh+jmujEQ== processed in 420ms
[2026-08-24 02:34:56] [DEBUG] [auth_service] Transaction payload payload_hash=L0/k/XSg5rtVINL+/aI2NI9KnbeTXZlH1Nvx/6idf2uULWv8L/El3XHrpmgK23ucBNcmAlVrzDNtR5VUoNRMrg== processed in 274ms
[2026-08-24 05:48:24] [INFO] [api_router] Transaction payload payload_hash=dEVuvyXDgqJlHALBf+3TpqKkZZQYWVnf4KBTTejABTQZWsUx0gcPdZlgsk4wpxRu7bnLoHH0uW45l1fSA9YlTw== processed in 38ms
[2026-08-24 05:05:12] [DEBUG] [auth_service] Transaction payload payload_hash=YIhicPlgkTizNwBy9IOqmozqSF6gZFr6RZXm41Au8b246SXG/ogAVJhf01eDDIJgJTQBHVuNOnC8RIiwCZtPHA== processed in 167ms
[2026-08-24 05:31:54] [ERROR] [db_pool] Transaction payload payload_hash=XtYwHucTOzuQbZuo/3kFtrMvNokGjaeejt5qyNF3naZmLZLSDmiDjck014OY+EuySh9yCRIf0eRRApx94s01NA== processed in 452ms
[2026-08-24 08:10:19] [ERROR] [auth_service] Transaction payload payload_hash=qCi+MnN79Crm7nQWjcrIUc3AfSST6D0HzY+nFbDBQgV0K/SEOaTG66LIM8KuDCHxuO/e45505ie0Py0N00LICw== processed in 296ms
[2026-08-24 09:14:48] [WARN] [db_pool] Transaction payload payload_hash=y9Y9mLRf3UMScA9FTMBqxQHRRmWKw5/h9pZurUUJoJUBFWbAD7Pse10SIwRWYBZAEpfNOWXZIue6P88Q2e5YeA== processed in 420ms
[2026-08-24 03:34:35] [DEBUG] [auth_service] Transaction payload payload_hash=wL3egAPTsRpTYmvlKLQ+Oh/NRgA1BdqRgJqihZByhsG3/30M1smsv+FtTXZ6F9wNlHzdBbSmv2Egen4OzS+DHQ== processed in 298ms
[2026-08-24 02:43:49] [DEBUG] [auth_service] Transaction payload payload_hash=cEr00UM2hfP6fEIFCqSfg6wS+SfCO/9yggFQvr8cGq0Qyv1v6fIj2XPn9JRI3sYcBUTWPJqlQdKoCxnBo9EYyg== processed in 234ms
[2026-08-24 09:42:28] [DEBUG] [payment_gateway] Transaction payload payload_hash=sdojWcYGMMLbWiN46ZyNw4Y077FjQKVgSGH0QOKZSstiM0ggDs55ECqfVKe0Lef4URnP4IGZQbT/xw+2mzn4kA== processed in 149ms
[2026-08-24 10:49:13] [WARN] [db_pool] Transaction payload payload_hash=9CbsL0SWD4I2WrJU+et5jWO6euQ/wF3qE8R9fQn9ebFrUN6w6rG+sx3AgpRZb1rI188gJgXLU0kqLVziBE0Alw== processed in 381ms
[2026-08-24 10:24:54] [WARN] [cache_layer] Transaction payload payload_hash=LBOgoGmUyHzOzvBTIB2etW9lyn0aKY7mNKV9mjh1UnnhX9Jrv0lyCquIfo0cak5IVEFqNmW9QgSvR7BkD5ixXw== processed in 437ms
[2026-08-24 06:07:23] [WARN] [cache_layer] Transaction payload payload_hash=bGLoy53veMxRnCz5r+5izNTbJYi6A/J8jr36fKBItjxMjkCLMGZJizz9Ukm7bOCiMNRJEIVFt/UbotxxYQw9Lw== processed in 115ms
[2026-08-24 03:24:54] [DEBUG] [auth_service] Transaction payload payload_hash=DAyfh1mAuid6Nz+DYFJiJ+ATSI3sWWYJZ1eP585AaLGiA/DD4lG8qtNcwkfxfHJqoIQkD4fkZajKqMSN/IyTaw== processed in 73ms
[2026-08-24 10:55:20] [DEBUG] [auth_service] Transaction payload payload_hash=Gqnr8yFX8hYCzEzsx+WjveYaAoR8lZT3/qX832ktCUFW1fmKYeRj9ISN4Mzr250sYzVj/P/WfT53/4C8nkUOWQ== processed in 73ms
[2026-08-24 09:46:05] [DEBUG] [api_router] Transaction payload payload_hash=QhmnaYzL05itM05P8GqikIQ+ZUGymP/iVD8PZ9NMWRv3FBSxg4QsEZWnzWJUueEI46v2mA0naUDfc4q4+Z62QQ== processed in 290ms
[2026-08-24 05:15:54] [INFO] [db_pool] Transaction payload payload_hash=nxu4fqDwk4cols0DNjESdCTq+D8A6/jvMKExaXYkeH4XDuJ2Yrk7T4x4Gh6QUVrEps6SM03wtzEevkZ6ExUarQ== processed in 228ms
[2026-08-24 02:54:30] [ERROR] [api_router] Transaction payload payload_hash=NzhaWRuRlX50chjLEUEJicW0yTUH6r1HVaTJDWO8wYYAGZSI/ZEr71aKIlRgXUYJyVw96IeaAAtCIaeJDQ+Olg== processed in 146ms
[2026-08-24 03:37:36] [INFO] [api_router] Transaction payload payload_hash=enu+vsfkIPlgMRxn9hh+kA6tEkoC7GCuV8NXSPruQvKSC5dRmTyBjn07eqprfT/jrALosXOJAQ/RA/QyR6aFwg== processed in 485ms
[2026-08-24 10:39:43] [INFO] [auth_service] Transaction payload payload_hash=2gTKbYzAcqJNgzMyAdvGlTazw+/duQth3IiWchAYGo9XqR7nIyltGS6Knyx3GYiP455N3cQLSLyB3Oes79UUoQ== processed in 285ms
[2026-08-24 06:01:35] [INFO] [api_router] Transaction payload payload_hash=EZrl0K44mVEIuaYNypFD9DMhNp4s/nEO2KcSgFVWvgspSpHy3aWXlXtqBgRgCwhC6VcAqu2fxzumP/xv6nbJIw== processed in 266ms
[2026-08-24 10:35:30] [ERROR] [cache_layer] Transaction payload payload_hash=KBNDJXRLcKUfMk60rUpHMs6Z1LkjN8AJjUHJOu1YzOPEhE8YuYOZLkW1WnhFB903E4eqP4Mngv2uJHH7fkrllw== processed in 61ms
[2026-08-24 09:59:30] [DEBUG] [db_pool] Transaction payload payload_hash=5kWXDk3iRIUIyJakNFln4Jl8c4uJfDxBpVcvkSW44kMZN5SF5DmZMu1beF0/dTFdokVm7vk0E+p8MmRFzhokvA== processed in 458ms
[2026-08-24 02:20:29] [ERROR] [payment_gateway] Transaction payload payload_hash=f+ZydbItv596050PeeiNUZUpOzZUExNO7eNvRLRd5Vz8cv6LT3R/a3HI2Ae7fMirHi6Bn4aR5QOycUqec2iWHg== processed in 11ms
[2026-08-24 07:26:03] [WARN] [cache_layer] Transaction payload payload_hash=Y/Ryzbij087WE/YpJ9OWm2eLScsV6dtMvM1gjTnFJi36z2GOHU5FzExu0W6QuQfxmsoNvLHhpeF7N7XzTKnAfA== processed in 86ms
[2026-08-24 03:06:23] [ERROR] [payment_gateway] Transaction payload payload_hash=tZNDkLzwZ/txHL5tmdG3zADY4xaLx/GAbg5A1e7zl7zNd8FZLirAtjOI6sXh1XJW2DY0ZspwdeY0kfzaprWUvw== processed in 302ms
[2026-08-24 02:47:36] [ERROR] [db_pool] Transaction payload payload_hash=/624THLVFnjb8g+XcP9FjULLKtMWfFIGNsSh3xc9J7ffIO2B2tbdj2JgHSWa7b3BwN8xvLrcHot4aFEVM+ejFA== processed in 50ms
[2026-08-24 09:04:27] [WARN] [db_pool] Transaction payload payload_hash=wtYw1VgZuPT4/niorn11LCKjE6ADfl4sd6Ezx6hoMqSmMUVsmlFYIB+vDMuJ8QA1xL90qwstMjpH577M5+NJXg== processed in 258ms
[2026-08-24 05:57:11] [ERROR] [api_router] Transaction payload payload_hash=P7iz+GOGdmnbeTzniXIQLfiOp5RfidKDeeiDBxfpxxHMLpjr6H4ty05MWEaFl6a1v93LdiH+fcux0Q7aZZaqMg== processed in 407ms
[2026-08-24 02:53:31] [INFO] [api_router] Transaction payload payload_hash=FfllAA2sB+7Jt808D/rCx3UJXEBxe2+/rTPdVxYtnZOGPOa1yN4c2hTYSo271uA3mxlQ7PS5Cc+hG/NkFHYrXA== processed in 280ms
[2026-08-24 09:32:34] [WARN] [cache_layer] Transaction payload payload_hash=Gu+KvWFL895KW6NLFdWz1BUlqUGcvuAKVKW8Kp/WuhlRR46CVysrKdRCGMtb8kyLIGk1Pcn7A/QqF1mqFOY46Q== processed in 212ms
[2026-08-24 05:40:11] [ERROR] [cache_layer] Transaction payload payload_hash=OeyUQfC88kM/gA8NdW32zKT8DUZ0OYBTFdjK0Jd9/zmukTnlmCsmBTiixS3SzNX9y9KW3FddHb3QFYy+hgkNuw== processed in 118ms
[2026-08-24 11:21:24] [WARN] [api_router] Transaction payload payload_hash=EkQXtZOBrC1/XB87XWCLQW1ckwYyzdO07hBbQBV2ByfPYE2EntCdLhiq138XerDRyd3sg5jVGvpbMmmDA3M63Q== processed in 139ms
[2026-08-24 11:16:08] [ERROR] [cache_layer] Transaction payload payload_hash=gz8rNzKKk330DOcCD/ITNC/Atp0MyO5Q17cs7wBoGA07bBnEklbLMO03cJc1kxIhx5pp/smpy0A7N13eLVylqQ== processed in 476ms
[2026-08-24 05:44:27] [ERROR] [payment_gateway] Transaction payload payload_hash=z/gEFGvW7GtXQRLV0GwzNQtyLTSO98PIljVVJxwf80qh5u4jibOvpKXxT6dQ7XHQ++SrTToo/G67zrGAu/IuBQ== processed in 436ms
[2026-08-24 10:17:02] [INFO] [auth_service] Transaction payload payload_hash=4VoBhH5tGKEN8AiLVdXUaHF8PE9Vx4uoOaQai81mudajTFbyKRvARquGsPUloSxNUVrdOBQ4gWc+uoLwyaXQLg== processed in 249ms
[2026-08-24 09:53:44] [DEBUG] [auth_service] Transaction payload payload_hash=CRKmF/3BD71/qV1fbMjiIFPloZeeQbzkAiOu+G0X8Ma/ktl2em0qHu7pH0GcKPc8fk+ZiRxqanCaq4EOoJDS4w== processed in 202ms
[2026-08-24 07:04:38] [INFO] [payment_gateway] Transaction payload payload_hash=qo/dCzKcqDzPSnlh2tmO2dLrDhc5Ob2TnD3VjAcOxMhXumKKQofa1rBI6/oUGI5dAVB/3Fb5YLmB6/arCjNszQ== processed in 51ms
[2026-08-24 02:42:26] [WARN] [cache_layer] Transaction payload payload_hash=LWYMPs36jXx6+LMCS7bivjBn5BZfsDc8OzwiGb9kftpCyq0g9sQnqf4+8gctixy3x+7h3wYK1+bT501ie/S1rQ== processed in 264ms
[2026-08-24 10:00:07] [DEBUG] [cache_layer] Transaction payload payload_hash=4UXOSpRofcNIjRe2Y8l7RwFm90P1M+EPfP/No0RkoB4FV0sm88HJ82XIij7mDn1NOp7QUv8exK62FskusFYJ7w== processed in 238ms
[2026-08-24 05:43:02] [ERROR] [db_pool] Transaction payload payload_hash=fzWhTaVgkyWtl4osDJtrGYV+JN0QTCuMMigmR1byeZSpyAa95nGlhXEhrKh87M6igvZrRc8SGz9uZaZfHwYRzA== processed in 346ms
[2026-08-24 08:56:29] [DEBUG] [payment_gateway] Transaction payload payload_hash=UpX8CBf8rsW5T+Zm+sbwccP4QNq5z/2TlU9JbEvYpnKKP0gNxQNx/66FW3YnN0J9+9YPyNp87yRdgb0W6+IMOQ== processed in 32ms
[2026-08-24 03:04:57] [DEBUG] [payment_gateway] Transaction payload payload_hash=1RKwFRL9GodbP/hviPOw3mqyAhEKU7KbjP9NBvuazTXPiI/j1ehrCIitWpVsWq2Tek6DvfPg7Y9NO8/55Rk5Ag== processed in 367ms
[2026-08-24 10:20:38] [DEBUG] [cache_layer] Transaction payload payload_hash=kNVZ3Jcyub0vQaG3z0o5UzU7piW+MkPcvs7PyhkkaDF7toYwSqFUcJwb7kuoSXJXMoRfJIIo/Tm6uTPZPPQBeg== processed in 37ms
[2026-08-24 07:17:44] [DEBUG] [api_router] Transaction payload payload_hash=INMB6aQcKU6g2QS9Ww9grZsdiWsuNhT7PpTxbEt6wqfdS0vde/aNE/nUrQM1zST3pzMdHszX1WtG33oW6QfZuA== processed in 99ms
[2026-08-24 06:36:13] [ERROR] [api_router] Transaction payload payload_hash=RfM70d/InYTVGidY+1Z9Bne7fZMb7Tb8KRcc1rdOmRnSK9S92urAMX8c+fSAW/COWVF/Q4FAS82k1qIX6b4l6g== processed in 337ms
[2026-08-24 02:51:08] [INFO] [payment_gateway] Transaction payload payload_hash=viUEF0+YWnt1tLd9k3QZ49+0iWJDa5d1UWztYXsoK+wSlMkrhJacO6ONiIyARL2wi8jlm0QA1HWWVLKyjLJJjw== processed in 428ms
[2026-08-24 03:55:46] [INFO] [cache_layer] Transaction payload payload_hash=UUmgyt9h93jkmtnIJlmihYl/kHmUyU11FXOEYLzJLG5grWH0XLNK/9qXYNuQ+2Iovm1X3+ryiRKShH6RJ3vUrQ== processed in 415ms
[2026-08-24 04:02:35] [ERROR] [payment_gateway] Transaction payload payload_hash=vtiUL7TpE8etVVw9kGxMtNoQh5Dt2u1aZFmJWmgb1JLms0yehZQK0e/vyM134np1n+3742+csD0IdW7siJRJ/g== processed in 55ms
[2026-08-24 08:53:26] [DEBUG] [db_pool] Transaction payload payload_hash=ad3Bfhl19ldHMARNCqh3vGPEJyjtGutqFdSzDQ3ccQXyLEAsTtQD79euhUZQqU04QOK+kXw5XpuOqzmMXu83/Q== processed in 69ms
[2026-08-24 03:04:12] [INFO] [db_pool] Transaction payload payload_hash=CjaQCHUoa665Bv5WK0rvVgiMSSNDYHzbYU0mjOU/2h2GFNKR+zSUP165UemGJTOg6W6H/W3O9Z4XKBR9zBk2ug== processed in 208ms
[2026-08-24 04:57:35] [WARN] [auth_service] Transaction payload payload_hash=4q6GuPszWQcrn0Dx9bEPwM+HFOtiRY/NXqDN7OTYyaD30Lp8KhK4ybJpSQg7ldEn/IQaHAhyJFGnGq/N/7Vf4w== processed in 444ms
[2026-08-24 10:51:47] [DEBUG] [api_router] Transaction payload payload_hash=SXuMU4sAz6YkeBl+fkUF93w6MpxAKVUln8InR3zXEfQfHA0zxZP/wCdIM8sH0FfShp46ZFKqI9RieiJcDLyEZA== processed in 310ms
[2026-08-24 10:29:56] [DEBUG] [payment_gateway] Transaction payload payload_hash=9azT1cDjRKVWgZ6OMYNCim9sxFWEjPCCD7wGgP0AW5LkmVoU9L5HeOWZCpUlCkcuRNfVzCwOS3CMzqXALOXT7A== processed in 130ms
[2026-08-24 05:06:49] [INFO] [api_router] Transaction payload payload_hash=+yzSWcovFgc6O6Z+44SnWWX6TM4QHHNRts/aXFNM6pVMbzLB+doE14rkp3+p4ZykMwXbS6h349/Yg87eCzRfng== processed in 279ms
[2026-08-24 04:27:56] [DEBUG] [payment_gateway] Transaction payload payload_hash=zpwWtpdaax2XocNaHEHCyPlqVNVPSsv/TQECKL8JZveyLEK5f+hakulUUJrO9OztBQY81QaJlNoK5wr7i4xjgw== processed in 262ms
[2026-08-24 10:31:42] [WARN] [auth_service] Transaction payload payload_hash=nXf9hV7MfWB41Nq9YVAlrDbvCJE3xcvxozYEh4OP0ZlFiV3jDXNs0q9Il6RREANDJuj+wz8QT7vHMVaIPCKmCQ== processed in 298ms
[2026-08-24 05:56:55] [ERROR] [db_pool] Transaction payload payload_hash=24EYBKX1Anxr6B3R/yw51slHvEmc8w27Icpu8YFzC9WzKPt0U3huaesIDlVn/flmucYKldMB4JobYL/zCTX+vg== processed in 73ms
[2026-08-24 03:37:52] [ERROR] [auth_service] Transaction payload payload_hash=gtXXmY9Y9xjdsiE4P1FDV38jpIZ/jWzRZ4vGBHURH5/A/5e7iqpTjJPx3qCSN7T1yW22BWQWoxeqGNMdwxHvIw== processed in 162ms
[2026-08-24 08:57:58] [ERROR] [auth_service] Transaction payload payload_hash=hIvKbiReQ0trDYGI7u0ai/TNKZ4XpU2EcmRhYmnz8ggmUj4VSKHsUem3rcF32u/ADIUwbJE6vaboCEfii4p65Q== processed in 31ms
[2026-08-24 10:13:37] [ERROR] [db_pool] Transaction payload payload_hash=Kfn6lK4FcZdFNQPUAvmyMGXD6+ID84TnIaEYi5pVw3Sjvf7biMMibkbRCz4OWjc+WksfI8OWxMY6uddQkIH2YQ== processed in 257ms
[2026-08-24 08:40:00] [INFO] [db_pool] Transaction payload payload_hash=yCwDM4xkevwfNoGPTywt9rSHq5lTFcjMDXNh//yMhZK4rTXgzIlU4xFnBmiVGZQirlIcHiCNGqnajjut6S/ECA== processed in 299ms
[2026-08-24 06:25:48] [INFO] [api_router] Transaction payload payload_hash=+90iNkA2SiuBV8HUn8DynqPKjRVPhc50TDdPKs+hWEdMfgY9deUppvV903B1SvoKjI8Bx6LbZEk7PrTWC8E0Mg== processed in 429ms
[2026-08-24 08:13:04] [ERROR] [auth_service] Transaction payload payload_hash=+cWfzZN+XaFjC8DQWvrGCoblNmM1uf/k6E2snod9ilw900ddTQlFauZmpcy46jyaOriVmuphr6Uk3WTdFlFn2Q== processed in 481ms
[2026-08-24 03:37:46] [DEBUG] [db_pool] Transaction payload payload_hash=5tp7T5LrbLmuuuk2mDE7JIKyYgRKUd4ZX72G5biClP1CT7KFSSD/wR/TYTI99058X1JcHZw0yxctY9CL+DWFkw== processed in 479ms
[2026-08-24 06:15:31] [WARN] [api_router] Transaction payload payload_hash=jp6rNCU93l3qnVlYgRG7Z837krxL4Wc4w74JGJARLMiMe/eWZPERX9C6d9Wo0Iqbc4z/aMW6D4N39Ts10wbspA== processed in 183ms
[2026-08-24 03:19:23] [ERROR] [api_router] Transaction payload payload_hash=ghaxzWgLCIGD6Xi6NwSu+mX/YKm+2D2wKGud1A1FFU2aTGBRTr8e1QpdWOllHCwdFJrv98OyzBIOPbyjGJw2wA== processed in 229ms
[2026-08-24 09:47:27] [WARN] [cache_layer] Transaction payload payload_hash=Giheb7l9ajupc3HJz1QNqaPeFAddIyjJL1Er9MoMniGkHokHOGHJVCBZj/PxQeky64gXA917i5mqzJiKoG6UQQ== processed in 391ms
[2026-08-24 09:19:51] [INFO] [payment_gateway] Transaction payload payload_hash=5p5YiXKbz8j2KWa110jDOzCX7mwOAtJm1rxBJmMoWVGgpjpP4vlbbDEIYLgi02Gx82AzC5XwdAnjt80RuQAX+g== processed in 170ms
[2026-08-24 03:30:04] [ERROR] [api_router] Transaction payload payload_hash=oHRswLQdyE+UgCLPeG2Q+2OernPlOjnNBbFt3yhF6CBeqXSAwk1BdEIMVbb+L4PYEUxzW+r+S3w7S/YlwwCFQg== processed in 395ms
[2026-08-24 04:05:32] [INFO] [cache_layer] Transaction payload payload_hash=yuLAHs5OxfNGubvaFp0Ad9R4CAJw5g4Sl4BYsNO0wiK7vt89qTaCy1OWLhc6+8kw7mA6I0/LFlxO6IHa5bZf2w== processed in 209ms
[2026-08-24 05:13:41] [INFO] [payment_gateway] Transaction payload payload_hash=EZLKHbqxbNmmXWSnJ8KjHYFJ8X6iPo370m7sNAP5wG3K3fOHVQ6BZyZt9YKZ0X3bO5IoRyk3PBMbKkNM73kltQ== processed in 486ms
[2026-08-24 11:05:07] [WARN] [cache_layer] Transaction payload payload_hash=qIgzj/vCR1Z3kQaBxOuQfBjs0SyNSnO8WLyBy7CigBYkAHqkti6xbR+FYtNt999m0W6jSl0ZvBEybE7tOXYWmQ== processed in 393ms
[2026-08-24 03:21:06] [ERROR] [payment_gateway] Transaction payload payload_hash=oTEIgEQPHSaFWkLCCsOm+bvWCvENzUW6AEOaMHEN/gEbR2HgdXQn/7CuXKf5/1IpaNO4hOLRY6r3S904TKugcQ== processed in 15ms
[2026-08-24 08:05:05] [DEBUG] [db_pool] Transaction payload payload_hash=3GNq8/q/fHdPuJke1iFDDiBQFnlwu/2QbRftqUip2yteYDco/ri8e5NlIYO83EJg57IjDvD1ZXDXDki+vDynaQ== processed in 349ms
[2026-08-24 04:57:15] [WARN] [auth_service] Transaction payload payload_hash=8qN8YElD1CX/78GoPGW5rKOrNifZIgkl4f5Hyo5H3dAsocnTHzZOu9RrFIQYiFG6zGLVis6G4I7r1MzOfLdcsg== processed in 221ms
[2026-08-24 03:37:27] [ERROR] [payment_gateway] Transaction payload payload_hash=FZnN+WxtyaJgAvdEtNDLuRrL70UFTKHkwgxJFqhs7Sm7JqNXdDZwy9PQJrhgZ1++tOv/qa4gbaaRrLbCPZUsKQ== processed in 132ms
[2026-08-24 08:54:38] [INFO] [db_pool] Transaction payload payload_hash=ZGnp4G3QY0anWnNR/I2ZONGAYgO/XylChj5zQ3UvSrhuCJSFaf7zKsB3JnH1UiLlVPEclwQqDXkA5XluF06qew== processed in 435ms
[2026-08-24 04:39:17] [WARN] [api_router] Transaction payload payload_hash=CYqLcLsd54PjlEmbs3FzNnAN38Q0zVAwzdlRkCGMdHNGRdG9JSr7yzv1TSVLZxDpAYYtF7ekRIgfIa7ZCNMvHw== processed in 447ms
[2026-08-24 10:43:42] [INFO] [auth_service] Transaction payload payload_hash=+u7/N6ZzMSY8gdfafP0hLufQtv5teRR0eHwe5/XM3CGiGJ/XoVag5im5QAThHKSNwy9oP/tH0do4ILn2YN87yg== processed in 75ms
[2026-08-24 04:12:00] [DEBUG] [auth_service] Transaction payload payload_hash=GzKLjCp/eWlbLl1d9y5qPNXOLQZRKLFVB9k7uDUnk7UW0FjHrdfdVqVkj+oJzEfuAxIkVjcy4ui3VjrsR/o+gA== processed in 91ms
[2026-08-24 03:52:38] [INFO] [payment_gateway] Transaction payload payload_hash=aPK08+EwjHpDq9dnoLYaqyKvTmru01tFo4QgmdQFb987FbeSxlSNSv0XtLt1rVQ56TwIHEHflan9mbJLmqx3jA== processed in 35ms
[2026-08-24 09:03:57] [INFO] [api_router] Transaction payload payload_hash=HRY+UzZeI7DCo9cbPOApaHbq0A+oSXe9Y6LTs7sNlQqNoaTOhc93gq7Uw5GT86EegYF9k6gSUYhJ3NzNZ2jrCA== processed in 143ms
[2026-08-24 06:47:06] [ERROR] [payment_gateway] Transaction payload payload_hash=H8lr9VfAzfkL2OhksXXE/ZPPi7wphZ6L/GLr7d/UQ/cCirtYHlwlMIQcIEl0Q6GQKhwbDu/0ddKmPbIRCakFqQ== processed in 242ms
[2026-08-24 11:13:36] [DEBUG] [cache_layer] Transaction payload payload_hash=KePoj4NIhKYvpLXrEehH5n2gvgDuXMEYXdGhkM900ETNOTgtGssh3yn7hOsL/+/SpHIHzC5A3h4OAxldWHwXVw== processed in 38ms
[2026-08-24 03:01:29] [INFO] [cache_layer] Transaction payload payload_hash=5x6PEiSYdIvuDw//0yUzUWIG1IhUayaeablZJYQ4TibZQmGTyLnfW1PIrvYCzp8SGsBgorqqCoD4IJyIHeN05A== processed in 82ms
[2026-08-24 02:44:14] [WARN] [cache_layer] Transaction payload payload_hash=tv+0wQ90MlUTKMGIihVvt0E+Q88VsYScmJSPy+bgP7tkJIvg/1SY9legITlO3KK8UJFML71lx+mP1Uzc//M8yw== processed in 252ms
[2026-08-24 03:06:41] [DEBUG] [api_router] Transaction payload payload_hash=UASg7Dqa9qRNgKC9pLf3higtXqQJ35lG3LGMWad90CbRpQo3FnQjVDvc6g60VG/6KhYDi65u8yUM4umvLoQYyw== processed in 153ms
[2026-08-24 07:44:28] [INFO] [db_pool] Transaction payload payload_hash=ihHwupcaziOW4rn7wI+LgCu9nIm8J1svRov4byRO+ZeJMEBaOoioT8mDLX63gcg9Cwy7xkdPtjx/zekWRLz0WA== processed in 352ms
[2026-08-24 11:19:00] [INFO] [payment_gateway] Transaction payload payload_hash=edq4/LZ9WGlTcR2WKZvmIf+AXFsd81Y3OAlL2Z0cA5DPBCjoiQLqABO5qZFgl8Fzcsr2NUMylvqAqG2Pei+yYg== processed in 348ms
[2026-08-24 05:36:22] [INFO] [db_pool] Transaction payload payload_hash=OtYQV7R6fl6C2GGCjg1t6e9pAUrFGpOj6u3ZmmrBpV1k4luZMSLXtIiWoO/xNdElW5MUlyb7eBq2CvLwZSxhFQ== processed in 28ms
[2026-08-24 04:09:24] [ERROR] [cache_layer] Transaction payload payload_hash=/9aWKDy08fK8VPrtQ+iHwuigRgMRe3SuZp8dWVB5gIXU04iLWlWNjtWGq29NHwPxpmB83YQ7bkdtYkJou7jwdA== processed in 132ms
[2026-08-24 02:55:48] [DEBUG] [auth_service] Transaction payload payload_hash=o+Vsb8cSJbHyIHlXRsSSmzEPlc7jwloGRWK5XInTRmBy0Tw6aq1f+jhPGQY/gDUb98i/D5oatxr4BJFClKZjvg== processed in 201ms
[2026-08-24 03:37:52] [INFO] [db_pool] Transaction payload payload_hash=yBdo+s46I3bML53myfY+DrxHhpDwPGLZAVZ9IZt7LFgkf7ICQs7ZFuxUGY6PW46MGLrSEFEm4ah4M2TTKX6ncA== processed in 249ms
[2026-08-24 10:18:23] [WARN] [payment_gateway] Transaction payload payload_hash=ZsIcknF/Imt3GgDMmIiseFokk3QI5yvwkY3JYXLB2G+5rs0Olp+Q1PQD4y/B8cKnj7yglzILexIrU77beFPv2g== processed in 255ms
[2026-08-24 11:01:41] [INFO] [cache_layer] Transaction payload payload_hash=GFTJHjYdIvE4quGT0hLuCS7VbqZEe7XOge7V0WbR296OUidLnjl7+oimuhOPf8rUZlS8HBPJVFaEKqYXT9Dr5g== processed in 276ms
[2026-08-24 08:41:34] [ERROR] [api_router] Transaction payload payload_hash=Pqu8mUrR0LWBgGN8Z8QMUm1o+W0F5F8NgTS9G9KRjoUoLn5ZWtKKK7WSH42RwGcaxU+JJDY52Iry1YLMwJgTTA== processed in 205ms
[2026-08-24 04:10:36] [DEBUG] [db_pool] Transaction payload payload_hash=h1Q/6ASK57NY+MgG/+qyL0Qi+ugmBk7EZEHDCwqX2l3DE0ZMacPmrbYd00/IeBiH99AQDSOSnWLXH4u35evK+Q== processed in 156ms
[2026-08-24 09:51:38] [WARN] [api_router] Transaction payload payload_hash=L/mozaF3ZLgh9hfRW89Q9Rg6xWXdTPk/KCizuVVE8x6Yi6Tk924q5ewh8tFvLwsh3tUQmVtjcTltCZZwG+Vl0Q== processed in 112ms
[2026-08-24 05:07:48] [INFO] [auth_service] Transaction payload payload_hash=X+XFkg37TfJv+NTmV2HS9L6Zp0SUrhJLOAgLROroJYyNQxyfDSbYgbL9tu3AXYiV+JtOZzRQ4+xBUmXEQ+Ff7A== processed in 434ms
[2026-08-24 04:20:29] [WARN] [auth_service] Transaction payload payload_hash=cZcvIndxM8WfuEqUbza7t//WhvLBYfvyxzYGAf/97R9y51zTl8754ZjbNc7qSRe4KYsnjIiEazhJnEzDWVbjRw== processed in 38ms
[2026-08-24 05:21:27] [ERROR] [cache_layer] Transaction payload payload_hash=pQY+lKuVlA0Ro/lXLLkJDsToQntBSVwmpmMJR3ih79Q7byW0cz9jgOVjpo/HWw18Hp1z1Wx/Ql5CnzBTnFhQ8w== processed in 313ms
[2026-08-24 05:09:56] [ERROR] [api_router] Transaction payload payload_hash=nn1lKEulW+8p3G1uJAVA4TwVfpFXi1uGia53g6lDd3bv0wu6XRpaEZsmpnXeFQYbSdrcDkzCuKJkJPiduy1M0w== processed in 481ms
[2026-08-24 07:54:43] [ERROR] [api_router] Transaction payload payload_hash=U0A4sptAPUiDjzvdLaeQSYk3mphDzjutKsyzxaRT+ixe5MS38Mxh8iWKzuTkdTXU1P4HX2HpyfE+HruBjBgfZw== processed in 81ms
[2026-08-24 10:29:48] [WARN] [auth_service] Transaction payload payload_hash=FapJEOKn3peHSRBZC3ZrYs175celqAMtRor1824abCKBpcZH7UaxxYJYMtUWMW4TELeLmTGSyyXh0ypP8/mHGA== processed in 58ms
[2026-08-24 09:45:20] [INFO] [db_pool] Transaction payload payload_hash=NUPvATiSjjrQO7cxk/fmy7Ewl54hxFgUFBDlaFoE2JXoPeAccDAzkh0moF/JjqscojIvY709fNDgSl1pWI9U2Q== processed in 484ms
[2026-08-24 09:13:31] [ERROR] [payment_gateway] Transaction payload payload_hash=gOE9fdah1VWm7BrUk9utvwV8qqWTOgQy5srJRdNCLObplsauFiyH9qE9lmKyT6qQtW8iif/11UsPoKaJQZgHKw== processed in 248ms
[2026-08-24 11:03:01] [INFO] [payment_gateway] Transaction payload payload_hash=Ytc+GUtEuSGoeZJMaLf2sZZgigLHa4sGre2a0KlNXsY1edNuwBZq/i17z25B2W0PCwHj2pJMbv/JJxvpOxK1fg== processed in 197ms
[2026-08-24 10:45:50] [WARN] [auth_service] Transaction payload payload_hash=uzJGiLJS0lEalz0m9g1SNXMTJDegegawCVqNf8cXkHQWw5vRmz31sQKJFkGPuEf9MN7aysMS6MrLtT5N/CLoaQ== processed in 383ms
[2026-08-24 07:44:37] [DEBUG] [db_pool] Transaction payload payload_hash=M3c1X9scFQo4NmDAElm87ZmdRYnUjntO40waRK3Kla8gzz6l0leuTjP65YC2HJ63qPdTKQrFTIFEDJNWOprbPg== processed in 425ms
[2026-08-24 07:37:45] [WARN] [payment_gateway] Transaction payload payload_hash=/QuMySdRDqDIZT33fMNkJ5GDHmPpGq8Mrf4ElPzv3WZtXNXDTs7mycLmaK1M46N9f5ZzinXtq6u29uBKBlj81Q== processed in 212ms
[2026-08-24 03:09:35] [INFO] [cache_layer] Transaction payload payload_hash=9+Gs6oLpsG5gjWSy77GCUzzvBHfjCDdxM0Yx02wckBP2/ehSeUjrPFYLNWgFcP5TdVJ0OVGz3J0cdu3Vb+gHHg== processed in 486ms
[2026-08-24 10:01:37] [ERROR] [cache_layer] Transaction payload payload_hash=wPittvZcLrWAYo1b3o0a4lGMmS0oeuN12A46g3Q9m3lGec0nGSky7yeIuDNljnSYkPQKNz7F52tnTKIcRSOijA== processed in 97ms
[2026-08-24 05:33:11] [ERROR] [cache_layer] Transaction payload payload_hash=LwRVyY+2sAKlvGs4qxum1gQ1wkKOecZgPnsbgNEugfWhfPuumzwJ6d/pF78CpCDm8uIII23veCZlRqfF/pQY1w== processed in 67ms
[2026-08-24 10:55:27] [DEBUG] [api_router] Transaction payload payload_hash=D6EThFvEcGheZ9iWsTu977DxDSX0tXjTM7fFVETv9rFdI1VCw41+vRdrOyOFa4+8KvGhcUrD+pVjaaZLBvwvLg== processed in 148ms
[2026-08-24 09:23:39] [WARN] [api_router] Transaction payload payload_hash=/t1GOzN3/S/GCKexF1Q/rt8uTynbetandQS2MQ1lrBtqnZ2KRqZrim6sKFtq6MgoOSO1ehdnVRSGibe5FIrktQ== processed in 392ms
[2026-08-24 07:29:53] [DEBUG] [db_pool] Transaction payload payload_hash=LR8G5Yi6ZCQ01MAQebb2j+UEZDzRvAO7+tyZeBGY4xbL/I1LtL8UOvsPott/N1HCVDo+qGgJVm2frLScBtFokA== processed in 305ms
[2026-08-24 11:12:58] [INFO] [auth_service] Transaction payload payload_hash=gcbPgJFSSSSRoRoEwCnlbL+kVh/7dP5Ce5LQlA63gkjTsMHG8zWcXntzS/GUg7EFpVqCpfi6dsgiE2g0jWQVhQ== processed in 366ms
[2026-08-24 05:10:25] [INFO] [cache_layer] Transaction payload payload_hash=kbVOuAS72x91REWo2c373a5fJTwdIqA3pR1Qwxfyr4hMWiyMENdfrCmwZRkQnm3EAgZ2xxgvZXvqwweFnBT1rQ== processed in 342ms
[2026-08-24 08:34:35] [ERROR] [api_router] Transaction payload payload_hash=ZdSCmX7qmNA9Pn2pQizLiSaaLtTzDcjgW+aK2SFUBrjjtqkLTn6JAXDtA0UQsSC6bgQ7Bsm0mNTQYOgzaZehSg== processed in 435ms
[2026-08-24 05:14:38] [DEBUG] [payment_gateway] Transaction payload payload_hash=k6p5diHFBx1Cpjf8ikusMa3IAH6OT+cVBgBpM4nb7Ynm1ALC74kWvVDr7IgY9A6ywG9a9SVDzPzsTGGWwCG6IQ== processed in 192ms
[2026-08-24 08:06:22] [DEBUG] [auth_service] Transaction payload payload_hash=U4bUuGu1CXVP4JGEp9r17vXtW4GD2LravN/j8/lLU4ugQ40yLE55z0uYUF4Z+tfn3BlAO3yOMwc8GF5jAM6tqQ== processed in 383ms
[2026-08-24 08:55:22] [WARN] [cache_layer] Transaction payload payload_hash=cSZedyhds0/nHpCRjst3nx+qogrLd8xTUQZbFHMpu47De29gws0B/4jy8Q+WG8EpIRpk2ilg3Wu+iIQo7ZJVGw== processed in 34ms
[2026-08-24 04:51:19] [WARN] [db_pool] Transaction payload payload_hash=n9MALrv4tdrYqD58xwngFyUzDIgafODkWpM7A+K9e7/7l7vvqiQUUgDnX7/R9tyhzQ9CzKrh5kzA/9G2P6uRCQ== processed in 152ms
[2026-08-24 11:13:59] [DEBUG] [api_router] Transaction payload payload_hash=OMGggSI6znxxBmB8ouMHxn5aOAdNG10m2b6gZBTzPzqEhxpXyVCTdaYW1CTWOwUlvDuGcUEzf8R5Ql2OZoblJg== processed in 343ms
[2026-08-24 02:39:53] [ERROR] [auth_service] Transaction payload payload_hash=vofGv4fz434v3iJygrCGjGeH7/87CudQRinMB0Y73ieU91C5G7PJxvr1MUuyPrAasMbO8RH8a7pWBfh6hdHRtw== processed in 161ms
[2026-08-24 04:48:32] [DEBUG] [cache_layer] Transaction payload payload_hash=rz5x5QYxHsvl0Tuq5qFbT2nWf31ElYAchMoBGzjNuNjQL5bpEY4tctiVDDL/CLUL8DsLExGhAI7VNi4Q2n4Oxg== processed in 453ms
[2026-08-24 11:02:46] [WARN] [db_pool] Transaction payload payload_hash=pbPFN3pDDgtnmaTi4f/y+Ns/GBHu3bMB+Y4VwV0HCNWTYbW39+Ns4OcQaI9LyIjOpemGHaRaARPp9W7iCWaySA== processed in 239ms
[2026-08-24 10:08:29] [DEBUG] [cache_layer] Transaction payload payload_hash=xqkVLOfeMMiLYHQzX4Lhz1yAf57D8Xf03FZR2JeXsuHrwqGjw240no3IOPJaPcCqhMk49SHcJaJvfdz/ScbxzQ== processed in 185ms
[2026-08-24 07:06:54] [ERROR] [auth_service] Transaction payload payload_hash=6vEhkdLLClEWOY0RyCmFYF1jK53iYK7k/FH9zqQsMbq5g8dFjW9v8pEjzaSou4R7LGR8QySns6QE5BknnB49Ww== processed in 419ms
[2026-08-24 03:15:09] [INFO] [auth_service] Transaction payload payload_hash=7GVHQA9dqdGpZivSoXkSqiwrsc1+fnQsfDTmEcoyPno+2GVIGROgxN1RiMMGCFVnbIAunydWBNzUaFipQ9Nrew== processed in 271ms
[2026-08-24 06:55:43] [INFO] [payment_gateway] Transaction payload payload_hash=zzB3kwDhB+ahC9WL/KzQPBTP4c7Ed18JxoMuZVVVJ+VQkGd9RjLV+pKW6UHwywh9bejYOfElmiskFlkvOiniug== processed in 123ms
[2026-08-24 04:58:57] [ERROR] [auth_service] Transaction payload payload_hash=KRpkD87I/Zq0fdH/pKyDEW9jxID4Uwx6hVoIN2+5ra1hx5TCa5CHF/ZY2FjLHNWrI7tZX5/J7wusBAsY5vZmHQ== processed in 99ms
[2026-08-24 04:46:10] [ERROR] [auth_service] Transaction payload payload_hash=fQ7aj1CwWXyGk5EIyFSi1sr5i77nDiWJG5v6VWH9KBAiXB4NrkLizGjQrzQVFlsRpSiQ2mH/pCCM6pZ7SSrf9Q== processed in 276ms
[2026-08-24 08:42:50] [ERROR] [auth_service] Transaction payload payload_hash=y/5UbKZMW5ugF8/mwEjVukjvfy3/9wJCvj+3NqMwgSSvTeVx5IRztPSTnczy4EkcQPYg/2TKAuY5wP3bk8kuMA== processed in 458ms
[2026-08-24 06:01:57] [INFO] [auth_service] Transaction payload payload_hash=iA3WVP3zMfJNdOUzpX8gezNc3IYhwP+UuAIQN1F3+0LhkySF68u5H/yTClRk7ONQRxrnSzgUIDLtpOyOFNQ6yQ== processed in 259ms
[2026-08-24 02:40:29] [ERROR] [payment_gateway] Transaction payload payload_hash=jkdM3xZFSbaYk62acnEzOEl+ljh6Ov87Tu5R2hOBM5A+Y+YxDDUSEdl18X2dZH95Lg61Pl3qjq3OdwWF0TqpvA== processed in 111ms
[2026-08-24 07:47:37] [DEBUG] [cache_layer] Transaction payload payload_hash=IHZZbqh1RGWNm6ItNIQ3O+gilccxBY6iZE5jj4dYrxfJHhTNEacFpJICbKK0OkBxx5AeUMOd9u+4gHGlfN+WDg== processed in 128ms
[2026-08-24 06:19:37] [INFO] [api_router] Transaction payload payload_hash=zVAchdFDX3CPL6H1K5SugNaAM7aAqXsIpOB9Y5XrP1fFL/HpFTCODixVNXlocDzgArbAjXEk33E5tU7vFCiSVA== processed in 448ms
[2026-08-24 02:34:48] [DEBUG] [payment_gateway] Transaction payload payload_hash=sJ5xt+70XGbQBc5kro6uOK0c+/NtbTFMWBhnI5j7CR06StaJVSbYB+7GgjrHgSTyn4Phe9e6qQZz0wcE8GQVpQ== processed in 169ms
[2026-08-24 10:11:01] [WARN] [cache_layer] Transaction payload payload_hash=DfDQiwPAYzGV4RWAgIg99ZMfluGh5c1XZj5RCTAJncmjd4yooo8Cp5YXkvNcB8jcBHtnJd+3Ewq7ezfjhN13fw== processed in 33ms
[2026-08-24 07:59:21] [INFO] [db_pool] Transaction payload payload_hash=0jvevVNhGkJlp1JbWpD7PW08g3GJkuK0kStXjHBQjoKfDHxrBdOYR21VW7vcsdQ4m7Ahl6j5xwZ47EqrdbHHRQ== processed in 82ms
[2026-08-24 03:03:06] [WARN] [auth_service] Transaction payload payload_hash=aHh1EGBDbLvr2HNc/7vclPR4YbHeNyDYu+85asjiDzCYsXHcz96g5wJUjmDZViAlqcHqBMjEwsXGn6AIFmGkuw== processed in 421ms
[2026-08-24 06:33:59] [ERROR] [payment_gateway] Transaction payload payload_hash=OrULaymeD5q3BsE5dnCh0fRF67AYxXIxXf71s4T0N6RqJAOmuUBTIllqIMgVJVjQvB92js46MlZdJMuzaaotAA== processed in 410ms
[2026-08-24 07:07:24] [INFO] [cache_layer] Transaction payload payload_hash=BnBHsZR3/sJvDb8aEngi5IdUYVv2xNXCLxwOBtBIE9zTl535VRKmkujDQwM6Ps3f7FPl1VlXgtAl2oB4G3QFHw== processed in 210ms
[2026-08-24 06:57:59] [ERROR] [cache_layer] Transaction payload payload_hash=de9Zeww0/aecASl4HLcW3UsjgfCeJDSWbbVOaBSlpOZBmBmru/FEFcqXP3Vnk+lQHcHPGTenZ2okHbbU9qKjvA== processed in 36ms
[2026-08-24 08:08:37] [WARN] [payment_gateway] Transaction payload payload_hash=qbIBSJAYX/m3u9UEzFwCKw3zIsSHns5aNS0uUOnO+Ikdh8Msvu6aOgn3UA1wPWL9VOvE4FfooOkHrluevBAagA== processed in 405ms
[2026-08-24 10:45:14] [INFO] [auth_service] Transaction payload payload_hash=FLLXoZ+47kwSEKgJuWQGkUN9i6qLEkJWy+5uHbmdaSQfwZids5eGOPp6jEK5EfWp/Eh/4klk0pmWil5e9KmA5w== processed in 302ms
[2026-08-24 09:51:39] [ERROR] [db_pool] Transaction payload payload_hash=MJx1Rb2irQezUVT8ppexXDvGuQ5zA4WlexnB7CYwmO8BUteVyOIjpltwn8Yx3rsx9ZTZf7BifSwj8uueQQgfkg== processed in 123ms
[2026-08-24 05:56:36] [WARN] [cache_layer] Transaction payload payload_hash=T1zcYWfHzwR6AwoDthHl2nAmuNPncpjw+lbBEeIgYpTpK8dsyLmxnqBJZpI4AXe+UHG6u6nJfsvoXBfogH5+fw== processed in 253ms
[2026-08-24 09:38:45] [WARN] [db_pool] Transaction payload payload_hash=ISgl0UjMZokBeuSvA2nvpmr0ztINuwLD7GZVMbIyTAiOAF3uF/2b/poR2TuCDyuHrm30kzNmWRRwsPheLDKElw== processed in 281ms
[2026-08-24 10:55:26] [DEBUG] [cache_layer] Transaction payload payload_hash=WwenoJ7cko05fQH4WVAkLLdi/EVCGkS4pdgsCK1i8vyM9ZsGXK953+R4Mp25pV2LQpGIB7uzuHdiwXLdGgLhuw== processed in 50ms
[2026-08-24 09:00:38] [ERROR] [api_router] Transaction payload payload_hash=VkVMoJH8JFqx4gJRQTcmTeUQO9M10Y3q8rITF4cyGGFevjCxWCtLhkMGQ/rytJU9HJnr7N2uDy8o8adpo3RoAQ== processed in 93ms
[2026-08-24 09:01:55] [WARN] [db_pool] Transaction payload payload_hash=Dre6rUDFY/DXC0K3XuO4z2sYq2ifeMicOpoZjG6xqZ2IWZ8DuIrYM314t6ADMFs2PABBo+sup995WYNTXxvu5Q== processed in 30ms
[2026-08-24 08:17:41] [DEBUG] [payment_gateway] Transaction payload payload_hash=xIJE1Q06lgC6eMh/oQfv/mFsPYTR+E1bq1PF6c/87VkIgxNe1LmyXXfe0kVrj4hsYajwr3jp00Z2QohZXuVDyg== processed in 338ms
[2026-08-24 03:12:09] [WARN] [db_pool] Transaction payload payload_hash=SOdREFdxSQwu0quk7vrnH/9U3n1UmYmHkkvIY1b5d9sHEJGfFEb5AfStjFnOUQETMpCdqoBSCVScbqd4vtUwJw== processed in 164ms
[2026-08-24 08:11:53] [DEBUG] [payment_gateway] Transaction payload payload_hash=YI8hFywznpiqzDF+Vm2QMDW7bRyGYZDJjsIsmtRXFX5B4RbQ4VIpPzMAhmaaSILQOAO1R+fL4iIszTETV35ipQ== processed in 499ms
[2026-08-24 07:42:43] [INFO] [payment_gateway] Transaction payload payload_hash=PKJKO4hhDE/SavBf3Vky0r5VJNzq1irZRvb3/CjP18kCrEmI137d77Geh25egK4y+OhPngtiF/GUi4g6zzYNkA== processed in 288ms
[2026-08-24 08:20:24] [ERROR] [cache_layer] Transaction payload payload_hash=1x+NiDb2K8lfJLf4mTmzKC0wLduuZS0YL0u+eaIUyHh3pn6c6QhDO7Q1hFMIn5hKNYnx6JMgyjWrzbIBbYL3Yw== processed in 469ms
[2026-08-24 04:55:16] [DEBUG] [cache_layer] Transaction payload payload_hash=KK2ysmobjNNfMpIlV2YD6jlNAXzUg53arVZoTbp+zrfqZC2Cmh0ai91roPTtyyd9aoLJgLfSrs1bOZxXR3u/aw== processed in 55ms
[2026-08-24 08:04:38] [WARN] [db_pool] Transaction payload payload_hash=+INg5LiR8Pq52nN1hM4BbbfwCI8Ks68vw4nuVydCgVxkjv8hn1Gx0EPN6iElV7TUa4SRN+3AJY4MjM5doymhzw== processed in 163ms
[2026-08-24 07:02:36] [INFO] [db_pool] Transaction payload payload_hash=ImsPeUrBDpE6gWdDD3a6k0D0DwaYgtF3E024Ggz2S2FgrogxYJQEMfFgOflp4IU8g2/cZ6T2hxg0aVyRyNqrxw== processed in 469ms
[2026-08-24 07:18:06] [ERROR] [cache_layer] Transaction payload payload_hash=MFtjtTIX1NGTJd572XjT6Zwt38RSkWkCrfQpOhNNoQqdpeAuCBYx2ARrq1tl0hmP6VMGnzPVzbnQy8sk3hTZ6A== processed in 288ms
[2026-08-24 07:21:11] [DEBUG] [payment_gateway] Transaction payload payload_hash=L95uSST1wIPVUzVxF0lvzWh6Bv/9hsZVYnZPLd8RF44VSY10QJyFgj95OTXM82gbq+kxNj3FlaevDa6vhmIvBw== processed in 252ms
[2026-08-24 10:03:27] [INFO] [auth_service] Transaction payload payload_hash=4ARAiqLInVhvow88pWYmPTP1JZ3f57tsw0J4tFMN7Xu1esTRqDWYPE8bZPMVWR24pmgeVvF0mrjpstD6D9t7vg== processed in 475ms
[2026-08-24 07:05:16] [DEBUG] [auth_service] Transaction payload payload_hash=OgNtQw4Cl5SAwdY39zUnM0LF2dKAtjty3xa7DsVUv8dN935EOa4J6UTP+p4NK1ltLlBjnmCMpEV79cr8HuiA/Q== processed in 58ms
[2026-08-24 06:43:24] [DEBUG] [cache_layer] Transaction payload payload_hash=BhHydWxCrv9TSFCXVV9n57WA7Vt7zfijOx5EH9ws71HGYfvZSbCdkHY1JNu19B6tpPOrJLxZaPos4tpQNYus8A== processed in 294ms
[2026-08-24 10:23:35] [DEBUG] [payment_gateway] Transaction payload payload_hash=lOhTqEoQ5HPoVfONBunjQlIKeAcC0Zqg1TQHExQd+2DHICC7zi+3Glau8R5a8ChMeQQEf7jq1zrcrGX849VRLw== processed in 389ms
[2026-08-24 06:08:34] [INFO] [auth_service] Transaction payload payload_hash=1+sltVTKMqOMV+9/VPwcfpxymtuOqXL7c8YvvowUtY3Uf/gHzQ2W/hbf8n8iKOXj/KI9TTmYLIqtJaQc3JfuGg== processed in 404ms
[2026-08-24 03:07:26] [DEBUG] [payment_gateway] Transaction payload payload_hash=/sBNWD/pEjr6QVsq7gNRg9SYsAqFe+MW6FJISg51bvD//oPkcNj15acFHfkiFfrHs/ZpPbhS6CNPHqS+gF2ynw== processed in 389ms
[2026-08-24 10:46:09] [WARN] [cache_layer] Transaction payload payload_hash=JsQIV1kTGoJ57gKkm1o2tbw7Dy84T1jTGwCF/XO6To+QPR+dgtYjZFyfOLS+lYNZQEOIld0QjTzixcmwaO+ATA== processed in 16ms
[2026-08-24 11:20:21] [DEBUG] [auth_service] Transaction payload payload_hash=y0fHG6VUfBRYpNPmHQPW0jeMaQ7APDINNtfbozo7z3u/1C6vMrT/fm2PAtrT+/KiaOIJPu+6ziWz7axABi6hvg== processed in 327ms
[2026-08-24 06:50:33] [INFO] [db_pool] Transaction payload payload_hash=As8O+8TOu6MsiWfosl2lSIcDdgSNgFvkN4a7KG6Num7ZA464N9nRSP0ElFTkauohwZcNsjWuIRbIMrWlIlEb5Q== processed in 62ms
[2026-08-24 04:08:30] [WARN] [db_pool] Transaction payload payload_hash=vyQfKbIBLA07KnHiDDjEYv8spULYAoyVF99QPwEr3xKI9NQQ1CVFWfJTJzgv6whHWEBekTs3Aton6SpWPi0w0Q== processed in 130ms
[2026-08-24 02:46:07] [WARN] [api_router] Transaction payload payload_hash=aFIvAE7az0TvLw2ofR14cmxcoYdoGEF3yiAOdVob/eotIPRiyQMC5ueyABhmw9KjKV9YzLqmijrrp95+DwTjvQ== processed in 7ms
[2026-08-24 08:19:17] [ERROR] [auth_service] Transaction payload payload_hash=dMuytQD32oZHE9KABzIcP4x8J2xSSaL4QTRjZZcBZZxVVjP8/ldOfOWORzqsamYlk4dTzPRwzNv8B/GkFxEThA== processed in 208ms
[2026-08-24 05:31:38] [INFO] [auth_service] Transaction payload payload_hash=wku5pH57rp1TV5Rg7DSbPrkvyrZJR1MEpd0GQWAcvfVF1sG/43hl3QfWT9HxGy1KZPcislRdACyWIqu8J5UD3g== processed in 156ms
[2026-08-24 10:16:56] [INFO] [cache_layer] Transaction payload payload_hash=VtcmxOUS2mZHVKyCNgGbkOzY/Y/lkO9R49Wj159L3H8FyRmXNJjTDADBv1QFTJwuGWO8wniChLpmvtgtGcnIuw== processed in 279ms
[2026-08-24 06:16:30] [INFO] [api_router] Transaction payload payload_hash=9zNfxrdCpQoV2fhoMkEc8ypmiJJCtLuTwi9sJvq5/1arIpLmzPynk1r+Yn/u63aVv/d6jzY3W8Rmk7F2y8UxTA== processed in 397ms
[2026-08-24 02:36:17] [INFO] [cache_layer] Transaction payload payload_hash=g8XgBk1+j9/FPTy5X7U9HEtMM0lp6aLtKWCKTyy14lNMtjJ8zxHO6380OAP6LwjrAIiJ42CkEetwiO4J9ulAuw== processed in 499ms
[2026-08-24 02:41:37] [DEBUG] [auth_service] Transaction payload payload_hash=pBqst4C4B3cYoByHrMN8Pfh1xYu6Ji0o8ur7HUXFz3W/Bhv4pdRo8HknvQI/jLh/M+B0t6ppjRBzzAoDL3J35w== processed in 200ms
[2026-08-24 09:57:56] [WARN] [payment_gateway] Transaction payload payload_hash=vBjxGah6vxlHq9BoaW92mSYxj3EzTKZP/MkfaHdS2rTEZqZTRVnLGA3obUmRyN/LstByptj8vT3PwVia6e10Ug== processed in 251ms
[2026-08-24 07:48:51] [DEBUG] [cache_layer] Transaction payload payload_hash=DUtyt+QMriHrlnpDKQx5Qv6TTtG27530+j90iXw33RzFWrAM6fsl4uNUFqBORNyPvrXVa2x1T31ReWhnaIykow== processed in 154ms
[2026-08-24 02:35:41] [INFO] [cache_layer] Transaction payload payload_hash=Ut6BiwlQQQcQkBODnnbp1QJMUUub153agBV+szgHslPhNF5sdLulRj7vUTv2hKcp5DukByF0ZjdtmdbzEu+tng== processed in 212ms
[2026-08-24 06:40:45] [DEBUG] [api_router] Transaction payload payload_hash=EebBRZj9ndLA5sAcbb7E5IqMB3Eu+6yZWc6IPTo2MpWa8f+Usrb45Q3ORtKJoBW08p/nJ+A3DXa4TuLbNYw5yA== processed in 433ms
[2026-08-24 10:24:38] [INFO] [cache_layer] Transaction payload payload_hash=ADvtC8VmrOYgMu6t/pMzp8hZeuMhxoi+i/wvXPiu0btBzD8uH+1dGyXCpnNIPFRvbMSLbXAh3ya6kDIc7lWE/w== processed in 156ms
[2026-08-24 09:45:36] [DEBUG] [db_pool] Transaction payload payload_hash=RSH0PUrzpdqicfFUGM3RfNvi8ZSywbhyJtUv4sdgtCmJEuc6J3WYBrPz2Gi/8EhV4huFQnlPJoT1fIllEwMzmw== processed in 489ms
[2026-08-24 09:50:38] [WARN] [cache_layer] Transaction payload payload_hash=MnUV89NCB+9D6ObHSyZS5+iO6PaEdkbmBfABHqX6uWNX79SUUpMO0y9V7baEVQJCLZV6f0bAbZM+gEuRgPITHw== processed in 223ms
[2026-08-24 04:34:56] [ERROR] [auth_service] Transaction payload payload_hash=qP2hCYnhbR7ED+1dHfRlIZLTaGTq1pE4P1yOLhdDYX50YhdcwMKHf2g7vhhD6kdBxvN0wrGtG0eOWYjtJG637Q== processed in 7ms
[2026-08-24 07:01:05] [WARN] [payment_gateway] Transaction payload payload_hash=hDUn966za5FGEGrEwbbBQSpzin3+yjMIvv3pxRtX9vhXedpKm7KjvYj3O2Ju0bsFcCwhA5QEnmjrCckxsHwiBg== processed in 297ms
[2026-08-24 09:06:07] [INFO] [payment_gateway] Transaction payload payload_hash=uyAQlMeSg2TqSt1E0HqKnS02s4RLhNLIfTPIEuD3+Qap5lQgvvWqtMBncwYQ9HWuNi2WX/SrY5l/f+cpDTOpxw== processed in 400ms
[2026-08-24 03:28:32] [WARN] [db_pool] Transaction payload payload_hash=AFO2tE01irNwW+79Cbjq5PsfugBZuhw8g6STK/6/SAMmvqqOXUymANsUAPQ1lrt7NlkPXbsIQkT905EpOmRPQg== processed in 448ms
[2026-08-24 09:34:14] [INFO] [cache_layer] Transaction payload payload_hash=o9GjY3IQ/wLT2GADBvv85IoezZCrfxJhfJtLmv48Bpp1mldUjdTasrGmFhLzktjRXChglVRzxcRhpR9qP1UjZA== processed in 414ms
[2026-08-24 09:53:47] [WARN] [api_router] Transaction payload payload_hash=jXpm4ziOvXCNvvDBi052zE9hV2+HIIMVgh4QUOgkkPpTbsaIxe1igvMEgbnCIWKMSmtmTihNVWslu/v0ZMywZQ== processed in 190ms
[2026-08-24 09:59:19] [DEBUG] [cache_layer] Transaction payload payload_hash=DokyZ+wp5LN0lOvFzA/Jv+rP13Xo8FxlQDCvsCzlH59vx5mys+k6ieG8PubUKXBKV5sGtYSbzuAlrhJqRAtWbg== processed in 427ms
[2026-08-24 10:53:10] [DEBUG] [auth_service] Transaction payload payload_hash=muQnwYoEcmnLZfT8s3RmZpELjsrno2VHXMio/eS30LyY+EX7UztyI/xuCCcgKkp0N1EgcUzfHzjmFMjU/8c56w== processed in 458ms
[2026-08-24 03:34:49] [INFO] [payment_gateway] Transaction payload payload_hash=/NTQaVOVxB3JgRHRg96R5uAzqHCnNusxn7GYdrmWmX3eWkqGRN0kBfxWxXRchZzTQ0iAEYSQ9n1i3MFp5E44VQ== processed in 394ms
[2026-08-24 10:22:34] [INFO] [auth_service] Transaction payload payload_hash=lXP/53FksvT9SGidZrTRL4k06gMSt6X5Rz8JcN0rw+DeK125U8s18Zv5jFo68N6DbyDHhtTnZSeFAYvra9Oq7A== processed in 123ms
[2026-08-24 11:23:42] [DEBUG] [api_router] Transaction payload payload_hash=wsuVnJJAutHBeZ8oxrXk32zIn/vZJGli3FutTz4jYQZAxCR0o3c4dnH52KzzURcwJOIJunvlxPVb6wUsZXlHFA== processed in 166ms
[2026-08-24 05:56:48] [DEBUG] [payment_gateway] Transaction payload payload_hash=rDi7Ar1RdfHq4kpINkK3A62p7l30Jcf3asPc6B5jFvWnsh5PsFqRsGKRUusvkA3QHb1CvfZHTBR5OQwUEEuyMw== processed in 309ms
[2026-08-24 08:26:56] [ERROR] [payment_gateway] Transaction payload payload_hash=qy+r3pjceBWtB47jg3p8FFNqD9BFtHyjumyYxdYxR5UsSUAwkgms1J0OcNN2Wi8Nl3cavMpIY+518RjoBYQJdw== processed in 342ms
[2026-08-24 10:32:13] [INFO] [auth_service] Transaction payload payload_hash=8IkJqMK3OU5eIas6o7/Ht8FhX5VlqBYmmTt7e0L/xAcpxzqqSZcrUlEEsNH0z7yeS82DbTeOEgPLnYDRhIoT2Q== processed in 141ms
[2026-08-24 07:08:10] [ERROR] [cache_layer] Transaction payload payload_hash=qQZZmp4ECi5qO5SAJJuEI1abFG2En6JD6FZyyW7sN5RjHeyR1sBLG/UixH59fXtxB+I4COs6O1NlFnKigOEQPA== processed in 65ms
[2026-08-24 05:15:28] [DEBUG] [api_router] Transaction payload payload_hash=PovTB09PqhDZbfxbW0CdXu2hBa6vb+8cTZgyxqFRPECn5zcWtWBNcxE1VXl7jUY4bbiNVkPZ2jFapu4t2fofiQ== processed in 283ms
[2026-08-24 03:24:52] [ERROR] [payment_gateway] Transaction payload payload_hash=tTn4S1KY59Q5rsDT8q/GPTgkA5pCK6VtfgfWIWQcrT2ita5PpM8cQF5UmiuytdJTLmJxFTn2xiwWYUw4wp4QlA== processed in 148ms
[2026-08-24 07:26:05] [INFO] [auth_service] Transaction payload payload_hash=cmkejtWZC/SZpqWdZv6/F+1P5gaqZ3ZpSLpizAYJNaIomrh8L2Fzu94w+h4Ouf+6aa+A88GimPiu0G3dC70e8w== processed in 188ms
[2026-08-24 06:22:21] [ERROR] [cache_layer] Transaction payload payload_hash=O1eYlhEM5Vm4+HH69LXl5rDas916BMMh3W7QtRh/GXnbQZ1KGQTg99Pt1HoKRf5vEosKlmTAzXlCsdJLWImhDw== processed in 207ms
[2026-08-24 11:06:09] [DEBUG] [cache_layer] Transaction payload payload_hash=puNk6RflhwNL7YQJ/w1BCQR1p4dV2ZBRw9pQghVg3V9rX7+BNkJybdyHn2JOa47cN8wC4LFuF3oikRWehwzytg== processed in 324ms
[2026-08-24 10:18:46] [ERROR] [db_pool] Transaction payload payload_hash=fZgRfNoSaRckKlK7677v1KBQhdqZoo+6FkZC+jbr5oLY2iEQn9LK97f8T9mX0TQGbJCquKdTDXqBjqEwVMM2+Q== processed in 440ms
[2026-08-24 06:07:57] [INFO] [cache_layer] Transaction payload payload_hash=TZPa5a4xiCn//lSY1wNuG0RLlA3d2Ybb/yuuiIUjlCqiPuzKuH4owAvXobyWA4g6/dei7Cie98XUI05Vn9fghg== processed in 30ms
[2026-08-24 09:37:46] [ERROR] [api_router] Transaction payload payload_hash=X1IAQNv+VX65Ar826VbCc6SKWeocwzfZn87XqDy2/h1SiRIHsgoxhPwep8xxeY+4dU8ni3+s3U4So7RN80hRxw== processed in 380ms
[2026-08-24 05:21:01] [INFO] [api_router] Transaction payload payload_hash=MoPbru0JlzlqeuRWOt37bE1yx4ZX1cDgD2Dd7b1CMZSjrAJPaeMwZ8gA+0lzNRgtcHugaGAVgbQOp6Y+VuON1Q== processed in 484ms
[2026-08-24 02:33:20] [DEBUG] [auth_service] Transaction payload payload_hash=5L+mNgBX8kMeGCIp7YKni+3qidI1ykDkkHwrup6uLt6dMZnajsHtW7lpCQ7uKvTpiR0m7Cxd/vtG7TvORoJaBw== processed in 318ms
[2026-08-24 07:14:06] [ERROR] [auth_service] Transaction payload payload_hash=gfEjeglqgO8emrOXa03q772HJ/jmwf1oD7iCR781SCnX78efIlqQaC2ua+YHWRGvNu2Ykq5jyQKCHi4nGhDF/g== processed in 146ms
[2026-08-24 08:20:23] [WARN] [db_pool] Transaction payload payload_hash=BA9xwEeMtJul3sWU/rZlv3j8Q/643s0oa027fl/FCj0b2eS4piM5i+tO7sw/JQhUqfT20uQkUQHaD5lTsjvZEA== processed in 385ms
[2026-08-24 07:23:29] [ERROR] [cache_layer] Transaction payload payload_hash=1+vtmHJAz/Ku9kgJ5p0OIICbju9s9hxMA4TDUnd/g8vVmK21il1EWvcPKr4zInKdyU7wGuNm0U6NGuaQ8zODXg== processed in 77ms
[2026-08-24 04:00:10] [ERROR] [db_pool] Transaction payload payload_hash=MXiBvzYybbSPRapNrk3f8rjJZUMqWK6p2iwPUCstqlAIi+bDMhlUvg7Ix30mMOp2jg+fjE2OoFaUxFpKF7jUIA== processed in 485ms
[2026-08-24 07:09:52] [ERROR] [cache_layer] Transaction payload payload_hash=r99rvMEkXNMWHNR94lwR3uX3sVbzwjjE1r1WLedPpOExHjcmJ1XkhyM+Wv4ci0Bw6B6vetMIoK5yt2NEs4DPSA== processed in 44ms
[2026-08-24 06:39:02] [WARN] [payment_gateway] Transaction payload payload_hash=KnnDEuk2+qICt1tNUCrRb12Zs+X8cthhOX/EmDtkeqpOd7SQLHO2qnsa7AIO9fzkU7CuG9Bldehaxo9dBGmVYQ== processed in 366ms
[2026-08-24 05:41:15] [INFO] [cache_layer] Transaction payload payload_hash=/eGtIZDS8U1a/8LzDKeZ/axjpTQj3JwRpHSo6UKBbfoTu6uzyxEM76SkytTFjbVgBAqx5VrME8xxXa4iz9X6hA== processed in 331ms
[2026-08-24 02:47:36] [INFO] [cache_layer] Transaction payload payload_hash=pnfH12tLsY/bJXvxbIn/n7LdlUqe2Z5XS9nEaeYdRjmqGXIEARPgmijFwlojNQ7QOkT8zksNikLmdctBnrhs4Q== processed in 387ms
[2026-08-24 05:53:20] [WARN] [auth_service] Transaction payload payload_hash=xPrFAv+Cp7HsjDwdSVbhtRplemL7hUQEfB3WiEVXWsCwogO5K6ZUn4uKYPDc49tzhcg121p4MoToWpIImFc82w== processed in 45ms
[2026-08-24 09:12:17] [WARN] [payment_gateway] Transaction payload payload_hash=XupoAonGeVngngce8j+iwaezyu0EXrd7C3WLnt727JH6Utsz6U8z4ysKXhFQLWdl68s+s87qZR4B/x7MJyAsnw== processed in 361ms
[2026-08-24 09:33:57] [DEBUG] [cache_layer] Transaction payload payload_hash=7sAIgIRy47m0hE/EJ4fk/LZ9pBqT5p6A1OQHfAANQW3vA72O/fxS0tWM8juOg4I7nlGzmNMMgs1AKYe7PBsqoA== processed in 498ms
[2026-08-24 07:00:28] [ERROR] [db_pool] Transaction payload payload_hash=yHZax0ckBtMQgo90tYUgT4fw0Vj8YAIXno1+BmzA/enn3ghYn/rR9vseiyFyBizyXr0n7PucMUFgl1W5z7ROlg== processed in 202ms
[2026-08-24 04:24:08] [WARN] [db_pool] Transaction payload payload_hash=ngvXlSYGJ/neRSnTPp0b42cFTFf0mITV4VpesPi+9XbcIHXK9vd6giG14VMSFE963emEOPcrKy94uqxcWaTWSw== processed in 119ms
[2026-08-24 08:27:54] [DEBUG] [auth_service] Transaction payload payload_hash=xSODAG3x4Qn0rcpKJZ0/dBGYuTWcQmbx+BhCdmug7/uuwbYkZ+la4hdWD7rI+rfsXzVMCC9TE8ATMVWIgO/TdA== processed in 363ms
[2026-08-24 06:11:55] [INFO] [db_pool] Transaction payload payload_hash=yd9l0yIZOjp/OjgRKw7YAajK3Cgzr+c3Khh00kUakBQmr2qWGW2czAv5S3SB27Wgadl+OPgFIvTP8h34u+bZjw== processed in 16ms
[2026-08-24 08:59:57] [WARN] [db_pool] Transaction payload payload_hash=CDdjmLsuxfrqpZfnVwL8PGAzwxYtmosI7o+OnpBIaMeQM2jiMyK/5PmzgmpbvRyIC3tISHSqSCnp1spTb4gr1w== processed in 431ms
[2026-08-24 06:37:19] [DEBUG] [api_router] Transaction payload payload_hash=YljkvNLtZbe4DNmbREKaj6ehsoa8BXdeA0GH70iwt2vytrGwONtiNxfXY5vgY0esAWxlULTHSU8XUIsuYvtDlg== processed in 382ms
[2026-08-24 06:18:44] [ERROR] [db_pool] Transaction payload payload_hash=3BcowPsGqkOdYndLROXt8M9N0mAUfhxz2j98Z8pmO1f+AT4PIP2WUt5kpzM3ZQeJW3VQr9Xd0ibIDDem9Vw2xQ== processed in 455ms
[2026-08-24 05:17:17] [WARN] [payment_gateway] Transaction payload payload_hash=RT/myVblJhi5EHwJPhF/6UhEO5gOKIuvjasVgUwbMSMbq9Hd25lTzC2mcSMgMHIZHMEiMi/96oQYO+SrmE0Srg== processed in 76ms
[2026-08-24 06:31:41] [DEBUG] [payment_gateway] Transaction payload payload_hash=iq6a916865949+R/FiBJTCSTsaFLuI4s8XtroVAI4SLFNqx63JHxunLKuabh4szK2plHDFaYKfbEV/Xwt4Y1HQ== processed in 79ms
[2026-08-24 08:23:43] [ERROR] [auth_service] Transaction payload payload_hash=ygZgjF0sf/wqKfW1W9J2ei9OuOkmQSRfvUz8FDMxSUqEfxEPxQTEsio7nljpNtmNtiBCBMztDAxzks5FOd+cZQ== processed in 436ms
[2026-08-24 06:10:16] [WARN] [payment_gateway] Transaction payload payload_hash=4bpw1BJDcXKxZR0XZfqMjCJ19YjsaiwXf3DItkTD8QhTBv32v7E3VM4kl93PWfOroxNero6ZrZ8A1J9pyFu2dA== processed in 165ms
[2026-08-24 08:03:36] [INFO] [cache_layer] Transaction payload payload_hash=N6+VU60rxyaPOZ5gk9JttFVqn0RVdQQhGLnMCthn50MM4/5YcdiPMR/nz9xwSlxRereUP9yDYmMquCs4ojfe4Q== processed in 304ms
[2026-08-24 11:09:06] [DEBUG] [api_router] Transaction payload payload_hash=jPTG4rmxV6aYmoGwXeTEDRrPH8yYOilDmIzVwLhxGCDH4BR3lsX4xttEQyc2IFd/41f1MciFSQf9kJxqmD/lLA== processed in 270ms
[2026-08-24 08:16:34] [DEBUG] [db_pool] Transaction payload payload_hash=aBZeOzKBSmEFQKCl+7JNh5dKDpCzV3IpXis0VaHm+g0srNOpdix077Y0hneuUia+IAMYNx6d06z1XVi3wWw1RA== processed in 36ms
[2026-08-24 05:18:11] [WARN] [api_router] Transaction payload payload_hash=IDXxGd5ZPmUswOHNyF3RAWxTGWp3WkzHK/FcJGQE/Y/lh2qCSPtOWz/tpjKLQFdSaKrkCP/deRT9Zi2cSMnofQ== processed in 75ms
[2026-08-24 09:05:25] [WARN] [payment_gateway] Transaction payload payload_hash=7qi5SceSOzCSFqOisfLNy2pZuKLcfYEStp7H0gmibK+iVQc1UCobYWMV3fSU6EZlKJHT+sqQHHoJ8jHkaum6rg== processed in 180ms
[2026-08-24 02:47:05] [ERROR] [auth_service] Transaction payload payload_hash=yoe1RRL7RS2uDoTdV5koIZKs05qwHO60IO8fALDmIFauYFdF6edLZqNAg8F6q8gpYWa0fhG/L+JmBJMIu2jO5g== processed in 198ms
[2026-08-24 07:32:15] [DEBUG] [api_router] Transaction payload payload_hash=rXvDgCW0sjt93NOv8lddP2w5avM3wovES5pHngqhMl/ZD0lWQQ3avEy9KdBXnXktRHVMOjNS090HeOgXhaHP4A== processed in 185ms
[2026-08-24 06:32:25] [ERROR] [payment_gateway] Transaction payload payload_hash=a8L5dLQbTHfiK2QH5XBdO/2ORq7PeZ2c1FQneGL0+ojNcoDiRI5+w6wCj8saBRn6Vp14yxRSnHRthmg2VxNSig== processed in 472ms
[2026-08-24 04:12:42] [INFO] [db_pool] Transaction payload payload_hash=jeIyPWzdMZ3OET8/0qR+n0o121SBBgQRMArzod4g+NAoMNZ3E1XUQnE5AtLSpz/8WgWi/+EpDEedn/G2XBaZ6Q== processed in 94ms
[2026-08-24 07:05:33] [INFO] [auth_service] Transaction payload payload_hash=esr1Pl9Goq1vIZnneUKBSEz5v1F5t9p86f+epZFUzG/4+0xjx1X4dD0cEX9NUqC6F7Fy51NtsmPKzn7kg20bVQ== processed in 431ms
[2026-08-24 03:31:08] [WARN] [auth_service] Transaction payload payload_hash=8Zdk3F78edZO99pRWyIQkCUv/OPIxvgkGni4ZvcpZkXH2CiPQY67dCSmcyfhdC7L8yRV6GItUcHp8N3ldHn/Pg== processed in 91ms
[2026-08-24 06:30:43] [ERROR] [api_router] Transaction payload payload_hash=+393H5j4mp0KJz/iDe60AnUnhmwOm4nCX8C3fUp4nQSd2ryd+F6pzQZdehS9F5jexFY5e4+4A0AAb+5bf4qYjA== processed in 402ms
[2026-08-24 03:51:23] [ERROR] [cache_layer] Transaction payload payload_hash=is+D249/oyai3339LM13M+KrSsjwkeagxnhRP8rD9r1kOYNjA2tCb6ma4ON0KjZHCzMjUiHqOgCveSPgwc6jYQ== processed in 111ms
[2026-08-24 06:38:03] [WARN] [api_router] Transaction payload payload_hash=r/adSlDVsBlo9+Jn9dc2j6LIwNmufoR+8Z/6BRWlhACjqouHrLMOEZGdoKdWT9U8KP1cZKTY6wI1VXMdF2DDWw== processed in 176ms
[2026-08-24 11:05:23] [WARN] [cache_layer] Transaction payload payload_hash=7TMvx8p909s9lQBUVBlhiR7x2M+9U7HAWCms7UrnQ4fTKNZHGqK2+uLOpePmVgEh9duhFXjJjF40YNUz5wcy0Q== processed in 426ms
[2026-08-24 06:05:28] [WARN] [cache_layer] Transaction payload payload_hash=rGng/uJmBuzhpX96mMoA/a+52Nj7BtB5Qwn/rVqCbQBDVxAeW5GVAlJtwupvGPnc5aq3PBL8O/X0CjLx9eM7yA== processed in 368ms
[2026-08-24 02:55:28] [DEBUG] [cache_layer] Transaction payload payload_hash=ssEQ7kYxhauR6Hq4TbtD9jHWSTQTFlzqg+pzhPfC71s2dwkiB7Fp9NHvzJTSuBgwmnI3QaVRAUSsjYv6ORUnAA== processed in 242ms
[2026-08-24 03:03:50] [WARN] [auth_service] Transaction payload payload_hash=GR6ckN6DQFAgHizUBT7mK6Sp/zPHF+G4A0uH5TV/6UT+KIpLqqqJ04BFiSzm8Re9g7VuI+6XLg+hATuV7mTIWQ== processed in 142ms
[2026-08-24 06:23:25] [WARN] [auth_service] Transaction payload payload_hash=/BCN6sTOVSDZNY+aAuHGbTLev0H6wzexs05tI+feHPVRwxWxix3KdpOxeen9K/U4YdzM5CnyK+guC+pJIA5SZA== processed in 420ms
[2026-08-24 05:46:49] [ERROR] [auth_service] Transaction payload payload_hash=HkjEK78r9Fm+tBhPNM/AHrFW2iv8j99xoczxTZCH+J5RcKsHoORdxPRZFq8d0oaEOG9xDZFFB3TmY4sCfMeibg== processed in 418ms
[2026-08-24 06:26:29] [ERROR] [cache_layer] Transaction payload payload_hash=EfLZdfM0LeMWf2RbpPgjSncLTIiRFd7I5rfOaGqwwukA4AkqwytxxIIVSNHBW861WFF7yYtbWZt5vwWCuwELDw== processed in 35ms
[2026-08-24 09:47:50] [ERROR] [cache_layer] Transaction payload payload_hash=DNTyq8o3APmBaPwwpZ/zL0IxdBCpGiKDxkk9iCbMrVf2CU9QffioPi8Kk0aQYEq6RKPuSxa2vi/XeIJdAiaGXw== processed in 306ms
[2026-08-24 05:59:26] [DEBUG] [cache_layer] Transaction payload payload_hash=mbY5cAaZgh9dL1dzkkn03ZTaVE1BmtaoFx+llFstz14Gifk88zeNa0Nz1bF7rhcKYKy5DN7XyiEovFgku+sb5Q== processed in 475ms
[2026-08-24 04:38:07] [DEBUG] [auth_service] Transaction payload payload_hash=PJJgMcFUu27dnUFWy+KQlM3EssFl8BTIIE5VJ833vu6ID8wohNzg4174wAXhptkHQThMrxdK7cbPpk7zsVQ1Ug== processed in 396ms
[2026-08-24 03:24:52] [INFO] [payment_gateway] Transaction payload payload_hash=EnsdYHsIXkHYI15aBNcQNevB8oh3kMfDCbLiTx2vJfpSOniE9/4b/Fs5t1eyVxkBFBqBRgU8PWK0oM9kJFo00A== processed in 219ms
[2026-08-24 05:13:58] [ERROR] [payment_gateway] Transaction payload payload_hash=/jtJKD4TWgC4LO/jf6kSbG1sJPKwV/ExbFGla0WOnXoKg3IG3bPhyKVpbe3rBlmcd2mYdYuIjRne66nNOzOW5g== processed in 223ms
[2026-08-24 05:48:29] [WARN] [db_pool] Transaction payload payload_hash=+wme1zpdNaWdYCR0uYqip/RtTrdJcBQ8eWTGSufbbHcXv3k4jIJ5zLaf+FIvXKXYZTcnJ0IaT761BUyqDI/jYA== processed in 328ms
[2026-08-24 03:28:27] [ERROR] [payment_gateway] Transaction payload payload_hash=dhs6QGMF443T3IPcwrsM7z2HwgYK2ApU1QjToy6Q7rTuDc8Nr/JMO9NKcpuRvH++VHWvRytV6/Pdh28uCJHrgw== processed in 146ms
[2026-08-24 08:06:11] [ERROR] [db_pool] Transaction payload payload_hash=+LE+yk/0wt20wUuPm0BNvzRJAn/pyrO89DjUYP31E3JVCJYS9yQox28NHVizSHvwxjEMFawM16a4a9D14IotZg== processed in 265ms
[2026-08-24 06:08:57] [INFO] [cache_layer] Transaction payload payload_hash=vAwgZMB8LyNqQfkS1EeODcCkOAVQi9BdC5pySb4+yaasalz9fNjdXCvaPXj7gy1qTnGLBACqdMx6S9+FMWwCZA== processed in 350ms
[2026-08-24 04:26:10] [DEBUG] [api_router] Transaction payload payload_hash=E12bheYAesYpu4je2dFPem+/75BxkoJp65VQpEgOHYyHJccpDoULcneTHtrIvQnHyidvf+ATpsVWbkGmeyn8NQ== processed in 449ms
[2026-08-24 02:30:10] [WARN] [auth_service] Transaction payload payload_hash=Z5wOtTtlAXOiDxABJWl6A9VpdppfXT4UZiBuEi9TzyfigKeJlhdARBXbJCW3Fpfoo+Rk6h8UL44H9L5v6IjKsg== processed in 55ms
[2026-08-24 09:57:29] [WARN] [api_router] Transaction payload payload_hash=/gXr9Xrvg1Kd2dM0cK4D4JTi2oeInkdIeOcJuNOVvj04m6wv1zLYqH2XJyianKyaWn2TZEx3kdNbQ3YnmUejAQ== processed in 175ms
[2026-08-24 10:42:53] [WARN] [api_router] Transaction payload payload_hash=ao0zOEqlSuRL6ywivOfTbqFraEhYLrZ6CLZufgumxUKkRsxfVVUJu+LWlqtoh04/RU6HBmRV+Jxfu+pGmG/PkQ== processed in 102ms
[2026-08-24 04:03:42] [WARN] [auth_service] Transaction payload payload_hash=4lHA/2LNsUBzbgv37YEfiCsmKt9DYu+OpMr/4fAOFV+ROuE67WwhH7LNxIaLMS+igvTzI5BUWsYgcGUorYdEGg== processed in 297ms
[2026-08-24 09:43:40] [WARN] [db_pool] Transaction payload payload_hash=qs3Yp1fJokqK7Ov018XmPnF8RT2d1bdZXItzbLTmc/sWUIZPRSpc+m4tqzMHlbX88c9HYlC6w0SoWQKDpfxS5g== processed in 33ms
[2026-08-24 03:24:10] [INFO] [cache_layer] Transaction payload payload_hash=zxE8fbILUe/hdTWea+4FXXniudUX5BF9ZxRn+Dl7Sv69Bdfud6F/c1a0Zdz6PURhCmSh+XmVlhdFfn/Rh8QvDw== processed in 421ms
[2026-08-24 10:19:24] [WARN] [api_router] Transaction payload payload_hash=V2+Ofqrxs4bjfYAooTDBCKAGla7IzUWyWr+hoz+QIgn+CtIR1+hBqF0s2FQxzEEI/KAiR/1X6+KouIN6iQJEDg== processed in 58ms
[2026-08-24 09:21:40] [ERROR] [api_router] Transaction payload payload_hash=pE4eSfqMEE+wcBWzPJtNRq7AAB2FR0DxcjIHRk/LCWG848r6SGpplu/zAz33T5ZbMyCmggH/U9AdSc7klRwOpQ== processed in 60ms
[2026-08-24 06:55:53] [INFO] [cache_layer] Transaction payload payload_hash=HDHfTHXZAcCGHLbByGerl3v34FV/XYUz9NIhlCtpHEz0DYzPjizPXzbP13REqM7rsqs/tyH25zL8qlPIID2p1A== processed in 20ms
[2026-08-24 09:34:43] [ERROR] [db_pool] Transaction payload payload_hash=sgZ7T3cOhT6BKRJgiAxIp2pGss36zGyrPKwax0qGkpnLJL/X9/le4yVp8eBouuSH8q9DekV/Wzj2p76jd/G/1w== processed in 59ms
[2026-08-24 03:54:53] [DEBUG] [payment_gateway] Transaction payload payload_hash=Kto+f8X3bIMVhP3Hd+OEc4tGoCwjSOyY7oSSLSLGLbpjSt6Ez15whc/mtLEc7NF/mUGYtYdChYPitCqdjsQlNw== processed in 31ms
[2026-08-24 03:52:23] [WARN] [api_router] Transaction payload payload_hash=iEFKIOupE2iF6n9k5cbKXRfmI67cikada86bFleB8tMt5zOfP9wGh17bGJLx88Uu/PBsWRt26IUhZF5ehBE28Q== processed in 418ms
[2026-08-24 02:27:44] [DEBUG] [db_pool] Transaction payload payload_hash=tcruE88oUVgM/XoSnI4f+9EMRY28B9F+iJ+9P21bzasKyobNxFfvwcTQnBoctv1Ai5G3qRvymBCdnRMHk3iMlQ== processed in 315ms
[2026-08-24 11:07:04] [ERROR] [cache_layer] Transaction payload payload_hash=wM+PrUSxAutCqOxlhlDzjwfGxfy5yufDsuv64Kzf34dzZEoRhN2Jhe1bmsc7mv1MuqdwdGQywWaE04+qLGiaaw== processed in 119ms
[2026-08-24 07:33:39] [DEBUG] [cache_layer] Transaction payload payload_hash=1Wkhzzshnds/RU9QcKsbMmtWTUz3Qvlvloy20WF6OZ6x879Q2fn59I19eoNocQItNQqKE1KWEYFgu5xrfTcAiQ== processed in 84ms
[2026-08-24 03:56:55] [DEBUG] [api_router] Transaction payload payload_hash=HHpugbZGtniw9vm3bktaGD+B4r6lR5WNJEwGDR2fgIHS1iV1fbv87yXKx23GZQunNZtdPYcJ0d05GZdWNtWNHw== processed in 447ms
[2026-08-24 07:50:15] [DEBUG] [db_pool] Transaction payload payload_hash=sRxFN0bqqq7PwsDOrfmp4baavnjVmtX1p75XvE0U/sNUT8w69T2mJTNaWHyiidfP9rcUpqKhXCzm2qgi/6tzjQ== processed in 176ms
[2026-08-24 10:51:54] [DEBUG] [auth_service] Transaction payload payload_hash=5MbZ5+EEoG7eTxOtCYHzImJxVue4L6rnnOIr8A9z3V+pOSxOp3rcqaB3ppqXlb6nhx2wfEXTteSrOL/LgqtSBg== processed in 261ms
[2026-08-24 09:48:56] [ERROR] [db_pool] Transaction payload payload_hash=KekuVxPIB/6nl0zEiHU1MmmSpzROYTQH0bJ9FrQZZ4SVB3WcHHnZz/jzz/lmEjz2wi6QiTB1JihXf+eRnrga1g== processed in 207ms
[2026-08-24 07:10:59] [WARN] [auth_service] Transaction payload payload_hash=zH7jPGuYHFYcofYY3vYDpWY8O595A/HFySBKCPeJ+XGNJDge6j/+bVMk8l3HFGRawDuwScNpHihfu6F7x9o5Eg== processed in 224ms
[2026-08-24 02:22:20] [WARN] [payment_gateway] Transaction payload payload_hash=Ipl1dX03LpTfTIM8EMbAAkik69nCPRBa8Ych1jpBtc0melIw71h5ZnPPBmpI0C3FpJ1sxkgAgMuohGQ55ZM38A== processed in 340ms
[2026-08-24 03:24:19] [ERROR] [cache_layer] Transaction payload payload_hash=tGtwsZBq/h+VrVic1mQam89SJXbTN9unDcL8BbykC9UbuQEarOC+0ZPU7biafPisZKsuQ/0lC7+XC2ZQa9pt5A== processed in 61ms
[2026-08-24 09:04:35] [DEBUG] [api_router] Transaction payload payload_hash=p7sXoHzUlXYmu2ax2c4sGg27bdy89RgUO0BLhoDYTsZlSNSWQsoeQLIWwh5gL5++Fyys9KR55QBbaWDUL6dP2w== processed in 32ms
[2026-08-24 02:42:57] [ERROR] [cache_layer] Transaction payload payload_hash=YJaE25p+zDP2mXDBpGq0IDbEuvKXhPvEsefkG13esdsi+cGJ4r+OM14wZklNmwd3LE9if7+d24y+uvXoAFfBxA== processed in 153ms
[2026-08-24 08:56:22] [ERROR] [auth_service] Transaction payload payload_hash=vYrATAlQc1l0oORLGy/hnaFzxPYJAP142MeFUUsS5+ktZtkD0WxH2SXrWUUHCVSaeOqJA3CcSM0IrkBKweDYJw== processed in 321ms
[2026-08-24 03:14:25] [ERROR] [db_pool] Transaction payload payload_hash=oCpo4DLm3qK7KFGBOR85dcQc5AvH+FxmXSxBN2dPZHxjGUonltnRUxpLtOZVkgp+9twOy/h12Y5rTGlWEFVLzA== processed in 431ms
[2026-08-24 10:08:44] [ERROR] [payment_gateway] Transaction payload payload_hash=++t46KUU1bw+nNqHWaHrXa+x5hGklX4CBxWevk1YrlejoVyfg06yoMFJVJINjGm1wExhe/MdcIYxpOH3sAIHTA== processed in 10ms
[2026-08-24 05:31:54] [DEBUG] [api_router] Transaction payload payload_hash=YRvjJgSBnDW1p6kJh9RMrfxunF1j7rsms/GpkcEZkHjT8s+vDWY0Df7SVZH3rvey6/WhduOhggdjTzvu5lfXKw== processed in 168ms
[2026-08-24 03:30:19] [DEBUG] [cache_layer] Transaction payload payload_hash=IjJzxP72v7HnpESXaA6M1wPQhlrfJx9IL29YA1DPUkiRcpNfIEX5YS7AYKWDA2jsniRrM/ZN4ouBPRZiRWgxtQ== processed in 127ms
[2026-08-24 11:20:29] [INFO] [payment_gateway] Transaction payload payload_hash=HppDUyuF4zwAnyyACr1B0pKh0G19iWyRiYeiI/uc8GqddLB+zQdf9nb1Ly0uIqK9KqdxjBu5d88Q+EWbMSfoeQ== processed in 224ms
[2026-08-24 02:21:03] [INFO] [api_router] Transaction payload payload_hash=hEC0PNmEP9ZkCmqrLK9a86G0FR5NjSa1CP6csp7LDgtU86MBvlp+T6Xd3Z3nagm3TKQMA7KBZrWM6k2yR6r4pg== processed in 224ms
[2026-08-24 09:14:40] [WARN] [api_router] Transaction payload payload_hash=Wg3awnUTQqex9mIgBpJrO892Aeea+quY/GU9dghNvJkKynySvfhntnEkBJXn2BbZSNRyEm443+lFgTK4GoFGzQ== processed in 474ms
[2026-08-24 09:46:06] [DEBUG] [payment_gateway] Transaction payload payload_hash=vERY6Ql36qYIsvuSrgEBLAD5RkxmZ6lDRp1+bvI3OBtexvcvcEM1eyjRQqKD2zdcTLN01V1i90e9REpPkp2GAw== processed in 176ms
[2026-08-24 08:05:29] [DEBUG] [cache_layer] Transaction payload payload_hash=CO7W58w7chnUYizGvmQ/mYSMagXo6tSYLLo+yyT7o1p2xLd+/M26CDCunXvn5EUP84XDsZPzy4LgqbY0j/YcWA== processed in 385ms
[2026-08-24 04:54:37] [DEBUG] [cache_layer] Transaction payload payload_hash=otdTKkYqa7vbrFwsZXh3y1z41QzAXR0gPEaNkm8/A5eoRJUMkNU1mn/wHZ2RUVm5nVFSlWIsfbwbpxODjm/Hmw== processed in 29ms
[2026-08-24 09:59:45] [DEBUG] [payment_gateway] Transaction payload payload_hash=wVbVP26NJrpOuj9rhmRZoJ0UeVcbc0ApDYh6ZNrmibtqay5nBmZa5jEFUtkD0AXjCAH+6IZhYZBM1XXLNdX+EQ== processed in 472ms
[2026-08-24 06:20:54] [DEBUG] [auth_service] Transaction payload payload_hash=R0Ug39bkLa+j722ZPfXhMQxFfcCXfYN/KluK3AIu+Ddo19ZTiiXHRJ9us81Lzren/RdFWUyfjEilqNuBuBU9gw== processed in 470ms
[2026-08-24 05:16:50] [WARN] [db_pool] Transaction payload payload_hash=GfEknFItqIQ6oceGnsUQqMAbizcHMv4+SLb7BPXjDzjxQDLFRYsguNuVihqX5lR9UQgMFX8dRTTBvD8iKOtR9Q== processed in 36ms
[2026-08-24 07:01:29] [INFO] [db_pool] Transaction payload payload_hash=oUwMJaWbfnLPNK0h1l319krfRN4BnRCGMPt1mEH13gQq0n1uxPPmQlknPwTxBrYmbaYsi8Xb8GDE9zC5YNHCTg== processed in 309ms
[2026-08-24 10:10:33] [ERROR] [api_router] Transaction payload payload_hash=pDqX3U6wP0MqX6EX+OAvp9RKF2gCFrMLtt7bFMMhP1l5muLXWcBvAqOqxABPQ5fLlsIAbEaUtHawemipuDh0MQ== processed in 25ms
[2026-08-24 10:25:59] [INFO] [cache_layer] Transaction payload payload_hash=VfuvYmadnGg07Amki5kdZSW8ZCHLMqvgULFTXX7tEog8zfNqxfZTqmRRO9Q8FO7zKpezAfeNAIvJiT6h1fRCQA== processed in 227ms
[2026-08-24 03:03:50] [DEBUG] [db_pool] Transaction payload payload_hash=+EiH6zNoKvVfCF34JGZZgjAsogCtoup2N5SRjZ3AyHDvzEwMdmVaWeU1Qehdffbh2VswQ9Uvwocsgi6vWzZS2w== processed in 163ms
[2026-08-24 02:32:46] [WARN] [cache_layer] Transaction payload payload_hash=kA7NCrGU0M6+FEmrqckaJMCtp7VdbVkDm4Vg/YQaLieMYkZFhq3ITEpEMY0desZbxG5PSIEgAqK1X0mms0MnZw== processed in 161ms
[2026-08-24 08:43:53] [ERROR] [cache_layer] Transaction payload payload_hash=zugwRnxz2GzYW5ISNYYEjvKttl1I0XRNYrWT83MVmAHaVAFawKSzX2Sx+/xhynzv66BB+xjHJ1i74bM9bfIxRw== processed in 287ms
[2026-08-24 04:52:10] [ERROR] [cache_layer] Transaction payload payload_hash=+SDHRqSLsVjREGQdC8ZHXxmO6dM+bYrhg7DtxtvyYJhRKnUJu5TzAKhc7fBcgjLBQuW8uInHqqGEjHPrhuxc9g== processed in 317ms
[2026-08-24 09:40:28] [DEBUG] [payment_gateway] Transaction payload payload_hash=0dNVuaAjDTGnxNeiuBvhZPDU4kTg/h0pZkoAmX7xYikS4k4Ws4XA/E21ZhPGGtIld9f9wNJnM8XWkCwFGLZwMg== processed in 470ms
[2026-08-24 09:23:58] [DEBUG] [cache_layer] Transaction payload payload_hash=e6voScH3Ka/DUomhOsk0wlxlIIVigENFc3L4XnrCvwOpjTyy3r8QKoE8dMnpwyDl8Du/ReHK7vYRFnnCw2ltKg== processed in 444ms
[2026-08-24 06:58:54] [WARN] [api_router] Transaction payload payload_hash=l2I3bqJu3LMssPmSw9CO/hjEZTSgTiza0Il8o79DWRy8vu4JvHSFjiisGzTZ7UQyuRyav5vZz6KK3tRZn++P3A== processed in 171ms
[2026-08-24 05:35:59] [DEBUG] [auth_service] Transaction payload payload_hash=vT5X7keuYxxiwOALHOrLr1cXPy3ltFKeH+/Owt2AjBt+FaPzL4IbGd8RckMwtprOWPbVGniuzcYnHDCReieFwQ== processed in 152ms
[2026-08-24 07:58:37] [DEBUG] [api_router] Transaction payload payload_hash=pvVz6MlZOafgjZ8+YQErLZF8grsxBR8CfHZyTDP/cC17W7ZvwG09E/hYyAD2JaLxOkBrAbxR9Ux7JbW5BflFXQ== processed in 242ms
[2026-08-24 10:45:02] [WARN] [cache_layer] Transaction payload payload_hash=wO/7Ku3Wul0U3ZgGkMl5KV1v4IFkoOwRATFBgMCAfobN07x36a+ahMCSEQzCLBq6ULQnQqJZdFrHAIHKHNrj/Q== processed in 110ms
[2026-08-24 05:33:44] [ERROR] [auth_service] Transaction payload payload_hash=kRlcGcjx55V92qqzOT+7cM0e2KHKEWrFetH69RADWIHbiv+0XVD0cYM3AddJluZ1ZeHu61RsSwjlQU9sd79n9g== processed in 349ms
[2026-08-24 10:48:13] [ERROR] [auth_service] Transaction payload payload_hash=IFjdbrR5r0XphVRuZS+4yR5M/D+cn7t57jaoCTKoorUPV4bCyudkpDLeZJVvlWJVACJh7MNunNTsxlLgnHYA4Q== processed in 384ms
[2026-08-24 09:17:39] [DEBUG] [api_router] Transaction payload payload_hash=kyZIoObCLSnmfrUFQNRcpxli0rifbZjnlmtsCjN/sSPhjvHe5viBSWXWqFn/q1s+zcbKCIM9QL2XwaFAjA9nog== processed in 489ms
[2026-08-24 05:32:51] [ERROR] [auth_service] Transaction payload payload_hash=e70p95HA6vA+CgxGXSDMKPa230jMfYOLcP/W4YiL0tZ/Yen8Nd6aFQNKsXlS2cuTm+Nh+2x7kNx8VQiRYHs/Zw== processed in 485ms
[2026-08-24 04:06:35] [WARN] [api_router] Transaction payload payload_hash=FQgAYMvrjmYyzS1oxA5vDF1E4QCojhDqNUmigmPPfa2xSRop7w4Ljg9BCvjL0SwHHoStxpgOWw4N+qz70io2jQ== processed in 147ms
[2026-08-24 07:35:59] [INFO] [payment_gateway] Transaction payload payload_hash=VvtNG4+9ZteP5duFFZu8dGk9yLiWNoxsqOW+ESh5IEC/nLpMzNDmypltK9/d991VDOx8R6WAUBo9E3BWFEX0Nw== processed in 23ms
[2026-08-24 03:13:49] [DEBUG] [cache_layer] Transaction payload payload_hash=d6s1pBqOJpT1rGl5OLiJYJnS2DN03RQ1ZWtUB9ipEiTJXXz+Gsbxmp7laeEDAX9Fx97GADVPZ1g4WUXN+JPoHw== processed in 315ms
[2026-08-24 08:12:18] [INFO] [cache_layer] Transaction payload payload_hash=V2raIeLnIZKUw0bWiFile+Cv3JSXOxLM8bb2JaXjBtTQwKWomaYxydEI/ov0qUF0aEZH8HBrKJ7mrDxSf2W/Lg== processed in 300ms
[2026-08-24 10:15:39] [INFO] [payment_gateway] Transaction payload payload_hash=2yGZSVdH1gqTj+ko46vnrYnKwCmPAnv63N6jsiS6ttwu7pchrhEBkWJkSdqrNCIEmytcgKf7f7aZZmGa8ZHc1g== processed in 230ms
[2026-08-24 02:29:02] [ERROR] [db_pool] Transaction payload payload_hash=q5Ad6juRDx1ZUAvPLM+UeD2KPtevdo0X3FA565sdcJiGE6Lagu12Cya3J7vq88zVR+0Oo0CyF2oKoNxb7qvibA== processed in 113ms
[2026-08-24 09:48:13] [ERROR] [api_router] Transaction payload payload_hash=4ykdl6dl+EOrPl+t0j/uXfrw1TpvxH8b0DGjOuJFEK93eZWSURw7Q41TmaO98HObDKNgst7akQ53y2IYPQIGAQ== processed in 35ms
[2026-08-24 07:27:58] [DEBUG] [cache_layer] Transaction payload payload_hash=n4Yirs1IXXYSIJLiURAan2wom/9OFB+VFl6dN9XyrX/+v41VD9G0yujg6ZbCGNFZ+eEMo1k4b8Nm0TCmUbOQgg== processed in 7ms
[2026-08-24 02:44:51] [INFO] [cache_layer] Transaction payload payload_hash=pn45L2QPMJ/fbFAZqkN21hKYwmTRDoyEGbtRGlBkgzlX6Uk767k1rhSiEPPNq3491Rn8h/evJ05SnPfqgRT/Sw== processed in 98ms
[2026-08-24 03:59:21] [ERROR] [payment_gateway] Transaction payload payload_hash=UNw/Gv7DBXSZpC0xNGGq19ub6gSdjXpisio5vYDoRXJK0+D1Altya6P5EOe50i69SebIdzWUI4kkp1WEHgq9yQ== processed in 292ms
[2026-08-24 10:28:33] [WARN] [db_pool] Transaction payload payload_hash=MGcuwbNiAiaG/QDEuLs2FlnAUPR8olMYNIlFmIX5FJBWbOK0nXmlmLuH0kQbowUqyPz5OuyvN258bQpucdkM7g== processed in 264ms
[2026-08-24 05:19:02] [WARN] [api_router] Transaction payload payload_hash=30KMBWiuJtLlqznm0fsgpzSegUZe6SrgTJjfz5b+n8age8T3LQuIb7MxBAKN0ztDKZSN0uOYWMo6ClSO0JgQ+g== processed in 311ms
[2026-08-24 05:22:39] [INFO] [auth_service] Transaction payload payload_hash=7EZlbyVWFvJo+CiC/Bnb15fAyTPMlUQ4bytJJ/0Fhc7DH+ztOglC3ULicayKfK2vDV58F9SHj13XQc1ioDO7Qg== processed in 124ms
[2026-08-24 07:56:28] [ERROR] [auth_service] Transaction payload payload_hash=C5ahWi5B6wn0hsITDY8y/4wO/Lncr82x1EGeV8YLsFmvWqniESuIPpd0pNQy+dgaG/R6LESGkf6rou6QehMU9Q== processed in 387ms
[2026-08-24 04:15:33] [DEBUG] [api_router] Transaction payload payload_hash=J1wqHFZx49NbRHgkucIBGJlPqftFilhko9yYVW/qnpXIglTCJ2fKyWP8ZtrYK0HSII/6C4wAEwLy0GrjUjq+dA== processed in 51ms
[2026-08-24 05:07:32] [WARN] [auth_service] Transaction payload payload_hash=MjI6E9gtIOFmSwtMAnDLgKgfsmBFNSHL80fhRMLboBYNW9AOfja2HrPbrEsSz3RVPFUSR/phr9EsjMVrG+eLvw== processed in 402ms
[2026-08-24 08:10:29] [DEBUG] [db_pool] Transaction payload payload_hash=VOMfT31EnWg8EMrBOnPtqB7R2+Xnr9dA5EGDfSRvtPP0fLfDfMoNgmR4qxo6zJfPWFv8R1alx8IMklXNFRs11A== processed in 359ms
[2026-08-24 06:19:25] [DEBUG] [payment_gateway] Transaction payload payload_hash=KwKLi3UkJjAnCfHK154UzvFykPkK8NImrAw/B4dShE2VfApOZJR+2ZF+MwB/AvbhzeFKdoLzguU7ANooIKHCzQ== processed in 94ms
[2026-08-24 06:59:58] [WARN] [db_pool] Transaction payload payload_hash=Jru7nxy2GXKwVKY5DdwtyrGjHwYAa7tTqOjJw5/XUAJzNlpuh7XtO8dxWxOG46KwBSBitZHKBeXTbaVPuQS93Q== processed in 163ms
[2026-08-24 07:36:03] [INFO] [db_pool] Transaction payload payload_hash=Hz/WRdZHzmT8aXsxOQEaQ8GlBKTJBBIeo5B96FlW4UFCgpZIr/9gwZQpefr0Bho1ycKIKI1MiSuRLIDwAj/SeQ== processed in 325ms
[2026-08-24 08:26:07] [DEBUG] [api_router] Transaction payload payload_hash=7lNVy1mDY8iGClxmg7rtT6csF9Ou5u8jqE2jAd5LrcUvrIlZTso884gI0g/8fh/2hqwGS5xvXOJ+y9a4Q0E82A== processed in 338ms
[2026-08-24 08:20:09] [DEBUG] [api_router] Transaction payload payload_hash=SDTlxX++h2ElNo9Ic+l3GWhzal4140tng6lzPuBpKJLyJ56ruVrpnx60dik9Rys3EYmpCxw51c7hulQjfvj+Wg== processed in 441ms
[2026-08-24 10:29:04] [ERROR] [cache_layer] Transaction payload payload_hash=aPMsFCC63iap/TGjTT9O+hwJXpUxPAgXbxIRAHuFJn8fku1SpWx2n5iH7T9STo+yO9Lspn01UpiSCA10cBLquA== processed in 489ms
[2026-08-24 07:15:04] [ERROR] [cache_layer] Transaction payload payload_hash=BCo7IQgABFHosifjAtxFBBKBfQcWqTapJnduPCXFF3yWA+80RLz99w+Fk00kgC4Lb8YljZo6OYXjrJNHKtO2Iw== processed in 41ms
[2026-08-24 03:41:58] [INFO] [db_pool] Transaction payload payload_hash=FMjdUyzDJhEViVJS1RPko7Ef3Icr0lgmNV36y3Jb1wG8s3Trr8WF1iKji4tMzRSPc8rvWOBX2shHJl2F4nBHFQ== processed in 237ms
[2026-08-24 07:51:09] [DEBUG] [api_router] Transaction payload payload_hash=xRVXxlz9W6vglRWmh+0H7n+HF8eJm/EB3Q0Fy1Rszpcd1+f/QltWUYd0t2l2wNxnAHbohi47EylQEphskUDpFw== processed in 111ms
[2026-08-24 04:37:00] [DEBUG] [auth_service] Transaction payload payload_hash=8Ga5SDzu+hMJBHzUmU8apwdPEW7udUakaGRLzVUZVNvDLOoFHKTteHE73T4KxhMMopWZQ14YzYoyeRTWQuf/jQ== processed in 129ms
[2026-08-24 08:50:57] [WARN] [db_pool] Transaction payload payload_hash=/99Me6WeWlbgO21S34JRuKLvR92Ovx8ta6kJEbX+ldnTn0dlDV4llqDYQ9Dcr0k8ZUYB4gFt1PHtvYJ79717eQ== processed in 162ms
[2026-08-24 02:28:04] [DEBUG] [cache_layer] Transaction payload payload_hash=Synpb9de1RJiLXxAmQRIBmcH4eTpoeYL25dlVWOPBQruqiVkjITSuufH/0Yrf0nKG/UhbDuT12V+HFsYRZLvOg== processed in 83ms
[2026-08-24 09:45:33] [DEBUG] [auth_service] Transaction payload payload_hash=K8urO5KQrkEMNqtoGWqWbJOpgCj6W+BiiiwbpSUSUwapIDX00OktKtD01fyW+XX6QGWE8Fi+Tm7ty6jRzF0Kkg== processed in 213ms
[2026-08-24 03:49:35] [WARN] [cache_layer] Transaction payload payload_hash=cvVOujtag6kyl+Y8w1THWe2186/RvMw/HDCGtSTuR3QJitG7nMJZwB9qztU8DzRIkBDua/NrvomMBWLWfVE3HQ== processed in 327ms
[2026-08-24 07:33:30] [ERROR] [db_pool] Transaction payload payload_hash=rY6eTaZngt+uKFjSJM7gtrdcFEv5v/EeqJsIBDUEDEHU+2pb5CA4z10F4AdeArpBAV1uYt9mXN1cCi6kb+35mQ== processed in 344ms
[2026-08-24 03:19:14] [WARN] [db_pool] Transaction payload payload_hash=13mqJzBLAPvQ09RiDXxIrotzmB64XB0EA2aj/xjFfEG84KbJdU09NOs+L3rjcVkZBcJDCZdV2QZYTF/aHZ2U/A== processed in 242ms
[2026-08-24 05:18:00] [ERROR] [payment_gateway] Transaction payload payload_hash=5CBuWndXWp44bb2kkntlqeev9Cc1lMXY8al4yil1T/Rw65FCc86UEG+dLNliEOE8vO/w5Srp4iiZVKj35v6Low== processed in 456ms
[2026-08-24 04:40:44] [INFO] [cache_layer] Transaction payload payload_hash=mUlSAzjbLaUG82gdgf96Z0PaN2YVTJzvPH3NksWQZHcQ18+URZRDKen5BZgGb2Xv5i0T5CF9VdrBmnOmFS06yw== processed in 444ms
[2026-08-24 04:59:53] [WARN] [api_router] Transaction payload payload_hash=7FVbWlVvdpfnB00zJJaRB82bulfmCuhFl2daj0m8hx7l3Xd4iabn2lOp2NpD7MDSzuIeWZc9k6dgp6hCPBEeUQ== processed in 61ms
[2026-08-24 09:55:18] [WARN] [db_pool] Transaction payload payload_hash=eZ++tO9JbGB2YeUy0/62B1I1qMyb7QspeZtxgpcrDI5mO2j8Eq3irVH1bbiYfpbI2iXwTzJANiagKCntVf7yAA== processed in 112ms
[2026-08-24 05:48:36] [ERROR] [payment_gateway] Transaction payload payload_hash=UScSt5p+VEUw5nCCObqjWIzzPfIJ3vq3/IaHDmYrTT8gQU5cGJ2Lj4LXQSPWnTvGMUNDERfTub0oVmpxFAoRow== processed in 137ms
[2026-08-24 07:45:22] [INFO] [api_router] Transaction payload payload_hash=zarocZCSPpHpzTg3mV+DBnzuuYG6krs5kydB16KKLRZ1yBj0dN6xuAsXx9nL6/Z/NkpvbR7s1KkC2bn8BTnj1Q== processed in 205ms
[2026-08-24 05:27:29] [ERROR] [api_router] Transaction payload payload_hash=VaKPrpI0Uqx8f7Ahj/WrtVxa21BkqRFHgBRxfgIXE/HMKkE6iLrOUIU2sHzNrtnWQexkY4QuRB6G/a2emTmd2w== processed in 170ms
[2026-08-24 10:46:58] [ERROR] [auth_service] Transaction payload payload_hash=uwp4Loq6GZRR8A1EZL/Njt/wSgTLx19coiELu9eSShAPPlM4TGcWA36Q+gtyfmCBZWtVDb0CAiXdrMd9EltbEA== processed in 476ms
[2026-08-24 05:51:08] [ERROR] [payment_gateway] Transaction payload payload_hash=DBaY76vcPJ6BcCwRj6Ze8rW2oFIMqmvGXu6lXT1boZLNQS5XzX560dyKVE74xUrqUsS4Er0WgjR98Fu7wD0lpw== processed in 287ms
[2026-08-24 03:35:51] [ERROR] [api_router] Transaction payload payload_hash=jvvvXRUWnt/bat04wrM+lLYqk3rflq00ssVH29kKlf2kA1h6LDRjeLhOlPZaQcShb8+OOWVp66UEPdXCJBBhlw== processed in 43ms
[2026-08-24 03:39:26] [WARN] [auth_service] Transaction payload payload_hash=abUw4D+eTzHgvzLcmJnURcsDZvz75XhNMQnc38mKf0pFIhLQbDEi3nuhdioXRFiMXqUGsU24l+SVhT1cdQftXA== processed in 135ms
[2026-08-24 02:37:14] [ERROR] [payment_gateway] Transaction payload payload_hash=9WxcrvFVfFSruTnAOyHk+xWkxkWurzBlxvCqm/rAXzu7MKSv9iviub6CtUaohTisrhpGnC6SZRJezKXXCXncPg== processed in 404ms
[2026-08-24 05:45:15] [DEBUG] [api_router] Transaction payload payload_hash=mWZWLxXB1HAxOz572V2Cw5QFUrbG5P4xPrLMrZ4r410QDlpUrVEDIhV3AMc8/6TOyIcDOnObLlrrJin0rDQ0Sw== processed in 219ms
[2026-08-24 04:57:54] [WARN] [db_pool] Transaction payload payload_hash=3tslUCz/MnRu7IxZOqpv/lXmMTTX7qiwzxY9VTtrw9XZxjl7bGBXaa/QwPlZrFaUw3owOoSkW2ZhHPhsteCk0Q== processed in 31ms
[2026-08-24 03:08:52] [ERROR] [auth_service] Transaction payload payload_hash=xh9M/79fqjtJTthT1pyM9BvQqg5DhJvhbKxmOTnFOpPZ/x/26tlgpk6Q3mBjrSqSmjX4VE52vMAapZ9G7Gqr1g== processed in 170ms
[2026-08-24 03:50:43] [WARN] [db_pool] Transaction payload payload_hash=S5kGEymqJVw1fgsWI/j56XFLFWMiDrG9/54a5+nOeA4yHQYctXFZP/skvd9YZ6gmB2O5lzx+ByuKBPhFijIItw== processed in 341ms
[2026-08-24 05:55:49] [INFO] [auth_service] Transaction payload payload_hash=nTzoxnPSWKihWysrGNbrX2l2sKTIFlNadXJOpX954BUuZKpZ/PsioO/qyll31JsiCO5409EONJv1t/d3p/5Jgg== processed in 463ms
[2026-08-24 04:59:22] [WARN] [auth_service] Transaction payload payload_hash=F9zDBxG/b+7oWO5UXf+b8EC5xsrIuHZnFEK3FfszuMLe2LLSQIIfHXQGswstarII5zdJoUbtMZ4T+uYvDK5n+Q== processed in 227ms
[2026-08-24 08:53:05] [DEBUG] [db_pool] Transaction payload payload_hash=IBNx64GC6pg1facz+84WSJ8NOkKnpytG+nh9Q0ZwL21ugH/1vzoIsXRqO4dujjNmZWRTihoQmvaXYehPCLOAgA== processed in 293ms
[2026-08-24 07:07:46] [ERROR] [payment_gateway] Transaction payload payload_hash=7oonCIBBeSN9NO1feYSZCiXjkNkdVH4TPgbELGAtPuxVeZ6WuZyEQsBaPLBfjYWKgkoxpq5vF4j6mWaqkjmfoQ== processed in 145ms
[2026-08-24 08:43:49] [DEBUG] [auth_service] Transaction payload payload_hash=kq0IuG9rotTw+0dlCXsvUJNq9DqSxZfwXNcW+mpJQYvwk2cRR/FA2BINwOEjzTGsntSTuGikqbwNXtkwokoM3A== processed in 220ms
[2026-08-24 04:17:15] [DEBUG] [db_pool] Transaction payload payload_hash=mrYfHlkfrK1//SQlWUFGJe2mioXhqy9+JKwq4RYCe1kUyMhVyxYlwJHC66ekGOIZMAGGTZVTBekMdrNQFUYsGA== processed in 47ms
[2026-08-24 09:24:39] [DEBUG] [api_router] Transaction payload payload_hash=0cH6cd8tpwbPgkJDE75UsRppVk2BnWm3p2aqGwTARki6ANhzGGBVyoKSCqssLaw41Q4UKHgn8LXFGqfIbsvLmQ== processed in 274ms
[2026-08-24 11:16:00] [DEBUG] [auth_service] Transaction payload payload_hash=G8L+KUaJGERNuWeKsfHePmae72NEoH/roCc4/JYDxJt12tpTTp2rzTEhFV92j2NrTGwi7S6p5Sj+m0qMTu7C7A== processed in 264ms
[2026-08-24 06:50:51] [WARN] [auth_service] Transaction payload payload_hash=6C2ExHH8M6qJ42Wq9grQxXRpmjbbssqPTAN1XAxBCZ+4y1r9YlQ+iymJtIM2gmht8mIikCTTSj+rrapsuec1Xw== processed in 124ms
[2026-08-24 10:15:47] [DEBUG] [payment_gateway] Transaction payload payload_hash=1lzgIA8MReZUf18mTiisiwThIaPvHrcRVTNYbfRUjYbPVss6XSb9Mmyjhz8QnfKa4uIyIaGpuwZinYRTJQ00dw== processed in 92ms
[2026-08-24 08:45:31] [DEBUG] [db_pool] Transaction payload payload_hash=2UbC4/re+UQSGdcTN3j3uGJu3jOaSaYwVRpXXv7mqclNb4G4UD85CQ8JBsahcpoO5xUBCGeXC94RJT2XLwmpRA== processed in 217ms
[2026-08-24 09:23:57] [INFO] [auth_service] Transaction payload payload_hash=9OIkzzxrrdfHlTU7/TObQ/pR2ziiLN3paJT+anvls7gIWQsjOKOJTXCAtmM0AMOrGXgxDrwTu0sfDGb99Ek+Hg== processed in 206ms
[2026-08-24 02:31:02] [INFO] [cache_layer] Transaction payload payload_hash=6+OvVT4FMB5s2r2WI8ZDDRIBEWjjq4YA5K+R8mtqfMIo7+9V8cBc2ic7gULxMNL1GErpWfNqNlfC+qZjhh7D4Q== processed in 421ms
[2026-08-24 07:00:15] [INFO] [cache_layer] Transaction payload payload_hash=grf/crWrf2k/yOwMSNU93O8onKNMVv8d+1lKXCyeBHy9wh1geM0UQwsjra0xaxXBE6p3suy8lyz1tBbSM2UN/A== processed in 254ms
[2026-08-24 04:29:48] [DEBUG] [cache_layer] Transaction payload payload_hash=8Ys8TDy6Ja5DpF/iQlqAOZ++yz1mpD/+HtS4K3nqgfp8pb2f+wgGKzSI1MPj6Kb1QonlEvDZGmO16x1agtlwqQ== processed in 456ms
[2026-08-24 05:54:57] [WARN] [payment_gateway] Transaction payload payload_hash=+PbwD05R9YOP63uCTzs4pPBoxKQiqX5xo6N1C5bruhDhGvJmwgvgpIjE2/qRr/VS5ZUCIXbsxT9ttE9ugWCkcQ== processed in 142ms
[2026-08-24 08:28:09] [WARN] [payment_gateway] Transaction payload payload_hash=yIFd+PqhRTJmfPDFA4cqBdTbJch0G1zcPvBg9LjFTbtpBwipvFuedzVjfItK2OMOI79NwVsBjCpZae4rdbvCiQ== processed in 31ms
[2026-08-24 05:34:20] [WARN] [cache_layer] Transaction payload payload_hash=psPfyBH3ZIdZiqXR5ZrHxchUlNrGVjKFbgygoXaMhv1Tc3VXMEeMVNr+pT8AIsJuQ/ypQKP6tvdhbGbOpOFAxw== processed in 308ms
[2026-08-24 09:46:56] [INFO] [auth_service] Transaction payload payload_hash=AZm0Yh2ZZg68EF5k5WC1yYLPiDQvVVlPYR0BRiCAXGdDqnWEcOclHQTiSHONBxsfzEScePzV9/x6IVnvYcDBtA== processed in 85ms
[2026-08-24 10:38:02] [WARN] [api_router] Transaction payload payload_hash=/f/+2nb6hoNlxMtvvFBReuJRLC0cVe3M5LvECdJiBheevmANemssJzpSa4OzO0Rnd9TPfIIQQU6qkQuQXt1HkA== processed in 295ms
[2026-08-24 10:51:49] [WARN] [auth_service] Transaction payload payload_hash=mpY7B3S0KbvqW0aHoqGJoN8rMpVWbuzmHxQRhEkIn/x5J+5BIC1pl5vJP6EQDbhjfgaMf5UayCX8UOyH/UC6nw== processed in 368ms
[2026-08-24 07:53:46] [DEBUG] [cache_layer] Transaction payload payload_hash=SFo0uXzipBOf58HxIDezLfS5P5Hio7unnUOKR+2lWHNYIO18ueC9aocdDfe26MJRtwWWxfjsHfJwLNbbO8+YzA== processed in 200ms
[2026-08-24 07:05:59] [WARN] [db_pool] Transaction payload payload_hash=9UFqvQFyOvuTQBJBAib0rKp3lRbpOvqgazx6tuGIwgtSAWbLTAEp/P/Ll8zt3Gnxtb6Sqc1rpgJBske5pUGt2g== processed in 313ms
[2026-08-24 04:38:41] [WARN] [db_pool] Transaction payload payload_hash=7GyeoqfCE9GRAMAd9ghg3Ex8z26kg76FsHhJFhFAgNwNcjRporYhVPWAEX2XQuNxuC+sntiM0LqpXK5THV/W8w== processed in 147ms
[2026-08-24 06:08:00] [DEBUG] [db_pool] Transaction payload payload_hash=7tPwwAS5fCAASVHOe42zxb5KWEddz90DT6u/R5m7KyITZANBmvN4ZsvgvFHbvedbjN+qqM+bD3OWFepZZi672A== processed in 70ms
[2026-08-24 08:15:02] [WARN] [cache_layer] Transaction payload payload_hash=1aTUfsX4erlGCV7q98pmSED+sd8yhhS2V3oKNLZh83VV/2pncErXJfwsf+3QewheZXAzkczWzhv+A/yrcACVpA== processed in 360ms
[2026-08-24 05:38:53] [DEBUG] [api_router] Transaction payload payload_hash=bvBU2kulvcnmVPqgoN4LjYpNjcv62OgHVAmVs07KefFrvT7w+ZD7wdob431NDLXL4H176uQ4rpkg4AHY6drLIQ== processed in 458ms
[2026-08-24 09:42:38] [WARN] [auth_service] Transaction payload payload_hash=+RgLjpMqr/MpFbxmXFqXv+ajfDdXVodrXyxTOizlRNy5E3kqA6F/FelO2YUrYy4MXAVOBnEft93WHHyI+VgVxw== processed in 404ms
[2026-08-24 11:16:07] [ERROR] [payment_gateway] Transaction payload payload_hash=8Wec6wE2XVB2Vl4YszXvlaEUEy+loAJ/A/sJL1+TIzaDk/N4ylvDMWIGoCOl0o8flLMf+4KO9U0xAAj0yYR/jw== processed in 435ms
[2026-08-24 07:48:36] [WARN] [db_pool] Transaction payload payload_hash=m4oWjSpF9dGamXYB7Q37AZpwHAQqjECek/ekfCfymoxpFQ3fr7pieFHjGTK2VCXii7Q9lT6Zxwkg8q9AJ63c6Q== processed in 149ms
[2026-08-24 05:49:59] [DEBUG] [api_router] Transaction payload payload_hash=lQ699cLHGe/D/RHixkVSa7XTLigUyfzejUwPDUWM5ipKEDFWoWbDqp1PkfxFtiEEcA8day3gn5vau5x13k77Vg== processed in 424ms
[2026-08-24 03:33:19] [DEBUG] [payment_gateway] Transaction payload payload_hash=KN0O8xCR2CJ37UrztYRdnxlYEANvBd0eYcCP/HigpFj2m8FL8Y3KWfQdy9CkRkdvM/r+miwYtyxqU7gXR6QdEQ== processed in 358ms
[2026-08-24 04:21:16] [INFO] [payment_gateway] Transaction payload payload_hash=5xhzR8hKakn06+yS28s3TwQAH8e1b+zCm2CyTjZiu2Pq0U0S0bvUdPbfviIaqlxyXk/61mhVLVzO2gCmfp+A8g== processed in 293ms
[2026-08-24 06:10:00] [INFO] [api_router] Transaction payload payload_hash=hq5sEDk4AxIOPaw50XtYzYInXlJly6ltEZj1LwaU6g0Oo68/Fy4lGwcxDkuiiNxOVZbAPyuVoctBVmpvePzHtg== processed in 59ms
[2026-08-24 10:45:16] [WARN] [payment_gateway] Transaction payload payload_hash=o3xRvtuxAP98+XTRRWJNNhN6WuGOlopwj6DQjnsk20bLvMsOEbXt6/n1O/j+IBQ735EXD7GQoUNfjvjnO+m1HQ== processed in 318ms
[2026-08-24 08:03:21] [ERROR] [db_pool] Transaction payload payload_hash=fE0cO5At8mlNAWw3amhlxe2XN+800vW2XnYS1x+19wvey0nLEAZJk0yrGxLYn+e6Z+Ai62YAnJ26/Wb1N5DA/g== processed in 189ms
[2026-08-24 09:27:49] [WARN] [api_router] Transaction payload payload_hash=EsoLmzdbUpmOCaqX9QH1Q41BotoJIRYnhSy+2tQbw1hdud8Tz/U1Ly5Iqs8gsOQmZTrDF2pSZacKBO4ZPOP1QA== processed in 7ms
[2026-08-24 06:25:25] [ERROR] [db_pool] Transaction payload payload_hash=DKsZMx49JGnmQQ6bT/lT8yJ2sOkSBuaruGqiNFqbGLW8ce35c1YL6x/d4BUoRR7PIE0LrcJgFN0CuR/0zSYeQQ== processed in 269ms
[2026-08-24 02:58:16] [ERROR] [db_pool] Transaction payload payload_hash=NRom7G0YsD+r/lHSVZqMC7siwgaDBOpFS+L7eQAvJnMSFFH0bTnTWiuWklK6TJWcrlLpuvDsWwaeHsqEd4t1qg== processed in 371ms
[2026-08-24 02:51:11] [DEBUG] [auth_service] Transaction payload payload_hash=351Qj4aPNETeBlSEsmD/A7XxEHji+Xbz8yMDbpkZHrf6v4O4c5lgN1EmIWIMx36K0nqnX++ysjuFCIzW+tiSNA== processed in 412ms
[2026-08-24 05:13:15] [WARN] [auth_service] Transaction payload payload_hash=Z6KM/K8shmQYkqHLNe8SQWiSGKIMauNPN7SNMbb98G0ekR0YZ8+339izpzvpPEJGZtXQYOxMPhSRNyvlR/EcNg== processed in 73ms
[2026-08-24 08:25:25] [INFO] [auth_service] Transaction payload payload_hash=nkDf+Dwi/ePnLdQQoSMKFxyd4hRHkQ6cFm02nFFBGT7rZcJo2X8PCfFjTplg0wT9mx6cWJjWWTZEdb0MW+xRKw== processed in 348ms
[2026-08-24 10:30:05] [ERROR] [auth_service] Transaction payload payload_hash=rjpdOx74hekEqnYEzQr1sn8QSRnuTFTCF+tM0v04z/7KxoLgYMh9UfQw8JTorOxZlaf1LQAYlnLQ2j//l3H3HA== processed in 113ms
[2026-08-24 03:24:16] [INFO] [auth_service] Transaction payload payload_hash=T8ag+UI2CZiXlJjMEoL3QNa2o9Yj477Q8d2+nZMWjKn9kPJRzqXwHb/HSMKOtykNc5amsTJIrNt6eoBh0naDJA== processed in 307ms
[2026-08-24 03:08:19] [INFO] [api_router] Transaction payload payload_hash=9TtGDKcG0a5PHzawnbrH4U2Jf3QvQva+2KFw00iwl6E5IuYMDOM8/+Aydy9DQrJOqwFo61DGqXbMosfdX9lyIQ== processed in 249ms
[2026-08-24 03:41:35] [WARN] [cache_layer] Transaction payload payload_hash=bVJQo0MqGVEGGWd7T1cgP9fz1MdHGK3lF5n9lkPJJecdq2lYO+oI+FF79spf6ISpl0elUVxI7vvi1nGjFfqC8A== processed in 380ms
[2026-08-24 07:23:26] [INFO] [payment_gateway] Transaction payload payload_hash=KpxCT8I7yB1H22F9bbMqTsXZ/oOABFgQmQnS6NeSzfpFVMhPjkkenk5uHg5pA1n91GqqlSi9jmYvM+qssabQ2g== processed in 238ms
[2026-08-24 07:33:30] [ERROR] [db_pool] Transaction payload payload_hash=3ypBAyV8heSHlGTgN2aybW33d9xTQw31Gs7Gc+zl8I7/+ALAwhwu5bZtzs/uQ7AIdzUIewjMqB/NI1rKkA6bZg== processed in 206ms
[2026-08-24 08:56:49] [ERROR] [auth_service] Transaction payload payload_hash=D5drkdnv+Dyg+bBUrOnAojF7CW9FvFl1Gt47VMrQSz1LT+Fpzq8FdFidtY2k1FD593Ed3juS7yLdFQJzOKs4CQ== processed in 474ms
[2026-08-24 07:52:27] [INFO] [payment_gateway] Transaction payload payload_hash=XSWXm1/KSfEjRnbBcpp3BHLxSb6av6sT3HNc1j27nniWZSttFjwAutGDuxIM71XVRS3cW4jrFUAoM5EjiEMp1w== processed in 132ms
[2026-08-24 08:02:51] [ERROR] [auth_service] Transaction payload payload_hash=W4vbx1VHCopLnmTl5U+kTJePiwRRb5BicRGjsvx3k+jK/cpr9VKXFXP1q17/9z+gzMVp36iB0zDhnd641pAx3A== processed in 158ms
[2026-08-24 09:08:38] [ERROR] [auth_service] Transaction payload payload_hash=XoZpq4emi5gcqx5paj0jGsZTZ2XrTDu8M7l5/mJnor/NZq/YUtNFwO4UoZBSXOWS5SnRXacRlQVrCsEwQRBKHA== processed in 335ms
[2026-08-24 10:19:29] [INFO] [api_router] Transaction payload payload_hash=c8tF0w8+cLN2QPRgZjWQ9peFxbG8hP8cJZGlt37lF3Ksij5zCB5bbcGX/ivoKmnndV5ADn945IYdVMOFrbXU9Q== processed in 444ms
[2026-08-24 05:36:52] [WARN] [db_pool] Transaction payload payload_hash=hXSjqRgF0ezGBZQRZlEdejTLZZoek5YiBbwBnHVGy/HC/PRYUjnBodfjHA2afCHh3zBRVyJ0EMTkuiPXiZb2Ag== processed in 326ms
[2026-08-24 02:29:14] [ERROR] [cache_layer] Transaction payload payload_hash=/8V7iWwdoQ+6LSg1TXhwpLkoEKQy7R+iRkGYvDfHJuYdiQZqN16oFxtplmRcFCRA2YJ9oBjv6GR7JUeJGvSvRw== processed in 24ms
[2026-08-24 09:23:58] [DEBUG] [payment_gateway] Transaction payload payload_hash=wLiR5tgAUREM0xq5HUoD5LiDMAOINDjLZ7ElkKfL7nxvUQs8zDOI5O83P82+HOhmkIatkar4VtTwQxSWaBllGQ== processed in 111ms
[2026-08-24 06:57:39] [ERROR] [auth_service] Transaction payload payload_hash=j+lGI56CbjruNdbTEHV5s8wUlVxTzP4eTqTisWIZWIxUyWxUcemafYu8ClSAquLK14Ugj2LPSJWIImm72vB64w== processed in 171ms
[2026-08-24 06:57:08] [WARN] [cache_layer] Transaction payload payload_hash=aKLFwuoB0cfyVky5HEm6uNJqbQysA+qj6FTBISw9BQvC7UVw/hKOXAWQFTQhxv3YeWwp6l1+CCmRW/8StNd2zQ== processed in 162ms
[2026-08-24 07:40:13] [DEBUG] [auth_service] Transaction payload payload_hash=ALlgPH7VdO1Euylc+PPcLJEnhEytDgdR0DLc07dV9UCqVPR6WomL+wtCWwszPhoVnGC1vL7f0x1/cZ/UK3trPA== processed in 497ms
[2026-08-24 07:02:44] [WARN] [api_router] Transaction payload payload_hash=B2oTcp/fKMsJsBA2C4KZFsH5LccJNI5iaUTzuyZr8V8DY4TPcfH5cSwSVhdmH/us44lBj1xxuejaALw8kKlJpw== processed in 360ms
[2026-08-24 10:20:43] [INFO] [cache_layer] Transaction payload payload_hash=9SQIVeCKt0qzDsmDQniBb20Ci2l7HqJeS+HTXx8C6g133M++TGD12cNaV84wNjOgQ9j5015XpL0emgm8ySTHNQ== processed in 97ms
[2026-08-24 05:31:48] [DEBUG] [db_pool] Transaction payload payload_hash=19k5FP9SwkRzg91muaztgdLGscLsmeY9FGEDgP+ajYqRGlytrOvb3U6+jOiXUy44cafqHRFK9xNJN5BjeDKWUQ== processed in 91ms
[2026-08-24 03:39:57] [INFO] [auth_service] Transaction payload payload_hash=08/2C/GhBK82ZI8epMcBSPSKOv0RdZvxJXl1BRI4/E25ojDAYubGOD8LUcbUhZND6b759QxPcHVfzfNCioSKjw== processed in 85ms
[2026-08-24 06:12:00] [INFO] [db_pool] Transaction payload payload_hash=S0Kk/wee9K8hbC3tW6WuEVayGlbrCtwSdDvq25fLo98cXONylDInv2YNulvM9jfYJFl6shDXFpvV3KCC0i55tQ== processed in 62ms
[2026-08-24 04:08:22] [DEBUG] [api_router] Transaction payload payload_hash=LZYCJQTNqA2OT6TJIUO5Gk2qQHT3RFadbeCxzYTearEbN6dd0lOblTXkDeQuX2G+fc5H6bGQmMdGWejeujNrkw== processed in 208ms
[2026-08-24 04:06:10] [INFO] [db_pool] Transaction payload payload_hash=vU1N/1aQPQjX/c8OJUh3RIqwOGegNdBB5yi71Z63VvP+xTVXsBx3r+w5EjZNkO2Dt0oVuPP7HtE5XZw3kRJzuw== processed in 308ms
[2026-08-24 07:28:20] [WARN] [payment_gateway] Transaction payload payload_hash=bA0xah8rJFgtoO/R24KHfDekEYQwrHrDPo6UWzogAzANEjhSdECGwpPhJyg+hn9cfRb5k/nqdIkMFfyfIHj8AA== processed in 461ms
[2026-08-24 06:41:33] [DEBUG] [cache_layer] Transaction payload payload_hash=TpTmT8obuP3bHiTkDDKEQaKYToSZqlT56rNQemn7TATcE6CkSS5x6PyJT3drndiPJQgJQOHIXc6vkrZVTVJuIw== processed in 122ms
[2026-08-24 08:38:46] [DEBUG] [payment_gateway] Transaction payload payload_hash=BKD144mDGn+fx6kDJ45tCuGU/VzsuQ/L2MYSk47tqHack8TfRpH2IClJEX3Oi7zolUNu98L5Xo6H6wSjg+bEPQ== processed in 196ms
[2026-08-24 06:37:00] [INFO] [db_pool] Transaction payload payload_hash=KfMfGPyaV1mWnpXUYe9K//ceainmwrWLXgPo9/ikUclJXDwHclR5Nzxj0P16nKJpOcbnTUmOc4lcbat1JDmfWw== processed in 58ms
[2026-08-24 02:23:11] [DEBUG] [db_pool] Transaction payload payload_hash=CTrLfGnnh9HyFnx7fC16gsgSj93CODRSoD0CsN4W7V1tvE3BVc9EvS4ms0qGZkSHI9kxlWHoTESRGqmMRgnLTg== processed in 11ms
[2026-08-24 08:02:50] [INFO] [auth_service] Transaction payload payload_hash=kV07Uf7bQ/sJKjjeScdyj3/Xa0o+k1YnyCSUtpKBYE7HHE7JV6NBSkfrMB785wB5xuqVvz7GEERlCLOhV5wAOQ== processed in 267ms
[2026-08-24 07:55:55] [WARN] [payment_gateway] Transaction payload payload_hash=a+vrvM4Ewg2RliRGw/CesisN9EL0yP5f5wJXPoJrVfm9/f2Ys1kvi32RrvODdnKTw6OgK/XT/8hmAdwNsOTp6w== processed in 484ms
[2026-08-24 11:04:49] [ERROR] [cache_layer] Transaction payload payload_hash=6RthU2CB0A6tp+sH175MjdvfpNNfjSy/aPB6+AlGgUQnkIWcixrcaItw3ElSWTOrDXGBj4e7b3uaXZNX1FZpZA== processed in 188ms
[2026-08-24 10:38:23] [INFO] [payment_gateway] Transaction payload payload_hash=l5zGWbCKckd+W9HPMgWRapZ2mv2uUzaTwXEaYC16EYbyGwymx7SfkP8ixkWsdrFBIEDb0DOH0471zilKru5OTA== processed in 126ms
[2026-08-24 04:56:02] [INFO] [auth_service] Transaction payload payload_hash=YmmqtJzKJ8e5kfyHev0+QaNoGBSQ5ZoLY4S4jx/BjFI69hasnIX7EbCnUm2+RlPBbGbyQHyDK6+P4IpunN4uMg== processed in 174ms
[2026-08-24 07:04:30] [WARN] [payment_gateway] Transaction payload payload_hash=5LGnOO7u3ArbpHRuQSdGdW+k1D+R+iluy92LAh7FFROwCsmCWwVLfq93Vb5mdtjnqWtECh9GItB3N+YxTHrDXg== processed in 340ms
[2026-08-24 09:42:32] [ERROR] [api_router] Transaction payload payload_hash=igXNnS57CVDVUcbZDHvIKrV6OoUSzZ+4hUmMVknKnP0L79SxSSEj16gbIUoYGh8YkEWxW/jY9+VZhJnbjFYtZQ== processed in 234ms
[2026-08-24 02:21:02] [ERROR] [cache_layer] Transaction payload payload_hash=jYyLj8RUGK1w+BcwJl7R7stz9ChsjiK8CS4Owea+4h461WXX8xgwgMvELYDQ+ZaYF/uRSqsNQ5xN+r/tPfTlzQ== processed in 104ms
[2026-08-24 03:24:17] [DEBUG] [cache_layer] Transaction payload payload_hash=FlRCC14SAFAM4Rd5LDGlHAvtl7/thivwewjnsn6HaJRm4e4pjf6Y+5p6ASbtCT7WDgnmbNxYQewAAzhGSi6mHA== processed in 308ms
[2026-08-24 02:41:25] [INFO] [db_pool] Transaction payload payload_hash=RhX/X2Mn+mLRXb/IuXsZRUbG17clgRTxL6wFbGBun5ORlweUFZY1JxC7PCHrzbrzqRLAb6ayq++2fcYMr1jm3w== processed in 125ms
[2026-08-24 09:04:39] [ERROR] [cache_layer] Transaction payload payload_hash=euDSrNCCgNR1BN6v9lCYWqMx35toBxTs5gt8awCzseoQmPPrwD0uSQADdcLLx0dhiYLSvA3n1iZFE/NMclnFDg== processed in 374ms
[2026-08-24 06:59:37] [ERROR] [api_router] Transaction payload payload_hash=FazSR/r90zLBjHwZQK2WFWwHqYSk+vUp3YYr7EBkHbvInNFBAFS0uVWwY9+1x4OdLje2o0KKdv8XP3gmyP1QeQ== processed in 40ms
[2026-08-24 07:34:29] [INFO] [api_router] Transaction payload payload_hash=MqmWs4dFzsmaTtjbsL3IXP7AiLHcny4ohp5ruN9eDL0QOoagK1cBwP/KgDv7SA8/oZH4wsag3rNe8Io7FiwtTw== processed in 186ms
[2026-08-24 08:45:19] [INFO] [cache_layer] Transaction payload payload_hash=Q6N/010kS1PvaWuG98nFQcS28nZx9fCPHuyUv6mjEXYzVOOFogduj/rrpfjc5TUlgBDSBHD1GAw39a6ves/UbA== processed in 148ms
[2026-08-24 10:54:43] [WARN] [db_pool] Transaction payload payload_hash=qKvmP5VGa4Vi1A3X23NMJ5ZdeBej0Ck5B0IXg1IFRm6bt0q7XvFUwk2R9d00wKAfvG+Rv5VLRczWyN6H88tzDg== processed in 492ms
[2026-08-24 05:02:44] [ERROR] [payment_gateway] Transaction payload payload_hash=Fe9KWRlupQ4DpHEv+8eKHWHcHBaKjYFLkHpbqo7CHvVFqj4Z3VgKy3BuwhA2ZdijB6pixJS6C3qlCNzrf8gp8A== processed in 447ms
[2026-08-24 07:56:15] [DEBUG] [auth_service] Transaction payload payload_hash=/f5aYeB6ez+lXnABS8E2jEEDrkFCQrhySHwTJwv3wxBNKmUlelq/Dw3JBQCP5qQ8ZsTeg7Cmo5Uq2tZZWKMpXw== processed in 351ms
[2026-08-24 10:33:05] [WARN] [db_pool] Transaction payload payload_hash=+7l9N5Wc5YGxd4UnCb0h+/gOWW1Jy0VSivXZZMd4MaN/Wy1d7V75DC+abv769SKQ36+xTlKXyEbfZZhZwclzaw== processed in 36ms
[2026-08-24 02:59:48] [DEBUG] [cache_layer] Transaction payload payload_hash=pm59FsMTRvVSFbrsi9NGEdSQHruxx4XfvV7NxmBAc1hzBXNd4v+asmrF/OBxJNQiFfiyx5etspCK6llg0Jdiag== processed in 200ms
[2026-08-24 08:02:38] [ERROR] [auth_service] Transaction payload payload_hash=vMmualsu3uNrpfZg4+TWf256+uRMqamv6q1LMsKmbmHqqXmmO7/J1UsL73U9aS/3J7IUouDnhhY3BqvHnaQ7RQ== processed in 324ms
[2026-08-24 09:18:43] [INFO] [auth_service] Transaction payload payload_hash=qFWG7aK1UBEN5xhtY/cuP4vGHUaSYoMpE8M4xLxZzyqZFw9a4zZTp75imZfRD5cuolYKRwKB7bsFaBDHLgkdMw== processed in 96ms
[2026-08-24 09:10:32] [DEBUG] [payment_gateway] Transaction payload payload_hash=3hvrSTCYAeyKfZKN+sE5mB8+cjsYxliXcEWbK/72da4P53aIzc4/8cQ2GK0pLooYIemrEJ+JpRK98b51tFqE2A== processed in 20ms
[2026-08-24 09:01:02] [WARN] [auth_service] Transaction payload payload_hash=9Kaiv7CRIVgYHuWq1AGrf/WzB93+ykWobE4YPkGVJv0UFH69zLHMXASK6Q/sL0utLu+EzOF3qxQiU0MSXwQXxA== processed in 331ms
[2026-08-24 02:51:40] [INFO] [api_router] Transaction payload payload_hash=O8VXNeTNbDHzOTF4PA2lfuHSR0SVAJLfySl16u/IvXmfE9Xt7HFQoEDjqkyBCO5/XyZeOMvbxtph9i5tEkQzaA== processed in 240ms
[2026-08-24 10:07:57] [ERROR] [cache_layer] Transaction payload payload_hash=P62FlpWkLcve5fnZhiGOxgjCYRWqVirnJOO9WedY15xubBfFd57mXH3g9mylc9Bqim1grQk9edqeyq1OiLl3YQ== processed in 391ms
[2026-08-24 11:18:31] [DEBUG] [payment_gateway] Transaction payload payload_hash=FNDxzp3FRGHCvFOKVbIJjnUN4P8SDphsXnXgGpq92ivx53MrOGGcAkX9YAqOe8pTnC6SRc9pCQEmCWu/XZCPwA== processed in 8ms
[2026-08-24 08:48:23] [INFO] [api_router] Transaction payload payload_hash=2PSC26h+A8VtKQqjiVlvQOsyWgq9nm50PY9M9qIh/u0mDeew0tPrw7JOSA60jWR5FkS37/lM8V6JdRHxjgNvwQ== processed in 88ms
[2026-08-24 07:48:53] [INFO] [auth_service] Transaction payload payload_hash=4s+IxHsIMzgFWAdPp1ErVgm6wcTuG/eHaiFgKRq82KZqpBDg0I4WG5MdyDo4bSRP+Y0panQKiZ/9FkCt7YuX4Q== processed in 258ms
[2026-08-24 06:08:22] [ERROR] [api_router] Transaction payload payload_hash=p9zFDfWBDTZkEDJb+ACEXZebh1LGFouvjh08hRjj0X4Te/XluNvABkJCEpmeGtGUetARa3kZ/UjxS7p9Ci2y3g== processed in 42ms
[2026-08-24 06:39:57] [ERROR] [auth_service] Transaction payload payload_hash=uEY5mUkw92ACUzNaDF+Iy4N92vSLvSMBLsCPDj+Kzbh/Jae2jo+zD5einIlLpw9aMqGj8m2OR7FsAIi9c3/S3w== processed in 425ms
[2026-08-24 06:32:21] [DEBUG] [cache_layer] Transaction payload payload_hash=NU11qJOx+jpoeB035a80q2l5QbWFSsbovsbTnJxed+L8PkzZLPhGm2dLdShCAzZ2tpm68qHga+7ZGeoa9V855Q== processed in 106ms
[2026-08-24 03:37:49] [DEBUG] [cache_layer] Transaction payload payload_hash=WsIi6m6Xhmu+2Ilep0vG/Xf+zMmDKIlQ9WdYQmuqE9YXUPOSc756qpdeWn6GU7DwNO7+qhdgKnWXELQeiNO9tA== processed in 153ms
[2026-08-24 03:12:36] [ERROR] [db_pool] Transaction payload payload_hash=N3+v9uWTZnby5eVHkTAQwrl5DytgPK6Elv+3Az613a5X10HEwSqt2rFxvNuQDj/TC3rZAbPl+2+w3/aW4O1MkA== processed in 268ms
[2026-08-24 05:18:10] [ERROR] [auth_service] Transaction payload payload_hash=mELJmD6CjXHXUwzLARweF5H3mfsHZ9UnwpqqKN+95qqdh1d/j71LT5Kive/aTpw+TXzuSjtqah8znaWUV9KbBw== processed in 88ms
[2026-08-24 03:11:53] [INFO] [cache_layer] Transaction payload payload_hash=2yd/nutNtQWP+feEZE4xKpZvLBI9S9P24FdU+6nF/Z/YrPcQ/VUJ4pxyy+JorVVyCUuuiKngg3I/62QMMBrnYA== processed in 86ms
[2026-08-24 10:22:59] [DEBUG] [auth_service] Transaction payload payload_hash=tlfBBci/jfyHO+vd3iEc9akwiZJZ8TL+45HBSnrOJuiO8+la6hsX7sLEhSRILU4ALxCBb48Pwbchg6oB0EUvDA== processed in 46ms
[2026-08-24 08:19:38] [DEBUG] [auth_service] Transaction payload payload_hash=xja/rcKyznPZB2Lw0lWNa/dB9nUL8ReGrzozINMTQrUOlfUjjrQXZfDPXFfsJl3GM4sc7fAS10fP4Z5NoO97dQ== processed in 356ms
[2026-08-24 05:59:32] [ERROR] [auth_service] Transaction payload payload_hash=39PoTzmwZuJPvSe3Qw+kwGOVFrqWR+PuwV8PwglHQz2TgjYXrxg56GAlUkTlPgFjibsp5cITVTwHmcrQ4nSOPA== processed in 123ms
[2026-08-24 03:08:16] [INFO] [cache_layer] Transaction payload payload_hash=ARLBoK8IdaRBoZAnqmyVqz2+7XamsEkiDB94X8ErFEN/PQX4nKctnl49F9xZjsxPrBDSG/xdAdqsa38xjqGJzg== processed in 230ms
[2026-08-24 02:51:19] [WARN] [cache_layer] Transaction payload payload_hash=pRVqaQgkUuM0AzI0dJPB6M8u16zst9+dDxgToCOxplFKgUF1pxu7FqixzLl8TC2Mb6GPgCCw8UwE2OiieQ7Z7w== processed in 213ms
[2026-08-24 09:31:17] [DEBUG] [payment_gateway] Transaction payload payload_hash=K1nwcc2gbmmMaeF7htiw+E1KwyUtXOQEzbBGk0DTu6e80AJjM7dJX3xQcyCSVIRdqLCL+BnIgh8WcKY641FYvA== processed in 27ms
[2026-08-24 04:17:11] [WARN] [auth_service] Transaction payload payload_hash=mPvBSfszDZGLNLejcxJqvif26oW+UDrA9mDG8R+emnoRthAZ5OMVDuY8GrWfV1blWo6rVvqW0UUonQPcJvroSA== processed in 331ms
[2026-08-24 06:41:04] [ERROR] [cache_layer] Transaction payload payload_hash=OlnYAYcTHuHd1Pk8fk8W8ZLeaC+Kixdxrgt03UahgW03r14dZHjwU9uht4hnAITna94JoVu5y66+mq9Acq8oJA== processed in 230ms
[2026-08-24 03:14:11] [DEBUG] [cache_layer] Transaction payload payload_hash=t36meVdct2cKca0mAgtvdJqTgUoOyghZh56Ntd8gpyXfn7jQ67bgGZjz9DkwKD46tEpeeS+4X4aZLwePWZy5TA== processed in 316ms
[2026-08-24 10:46:35] [WARN] [auth_service] Transaction payload payload_hash=YrFkATFLAqGgyaknA9UWk4v0Vn21O0Q2SOwoZOtiYsFRWS4lt+pCuBn3lZYU3l/v1FyfVlqUPDqVME3DYJIXKQ== processed in 218ms
[2026-08-24 07:35:43] [ERROR] [payment_gateway] Transaction payload payload_hash=Wl1WTMwxVxYXwjf6BmTl9Ki//ywDWeDuDsLegDzOL92btliCbxfW7L8MLwc3ub3xCOb8X6F6csUAkWbf4zXB0w== processed in 216ms
[2026-08-24 03:34:29] [DEBUG] [cache_layer] Transaction payload payload_hash=r77+vl7MPTchMVcPhRjGdoE32BtGTM503kX8llvq7YBbmtxRevDEjypIYlf1iU1gA2gN1gVD/Fgu3AanH4MJ5g== processed in 408ms
[2026-08-24 09:04:53] [WARN] [cache_layer] Transaction payload payload_hash=QCv7a0qQacJp5yhEmyzEc+4cGKq0+0caH9VS1W+WPf2TZZ0qZSHLuXmd3ijujLcc/iD6tjLF9azBhiStqRfQ9A== processed in 97ms
[2026-08-24 03:24:22] [WARN] [api_router] Transaction payload payload_hash=wSfHft0Xn6lbUWjHvZ7Ly0tutYeEnZU+nAfa4jR5GkyChBzJdX0aAD48u12nzdCVuCkYeKi6g7MNIMJawy/L9A== processed in 94ms
[2026-08-24 10:33:47] [INFO] [auth_service] Transaction payload payload_hash=4WihgQ92WtgWaiCZBSyMAYvhuIeSxqiaKRA2nRxba1BDe6kJ6uO+N7i8etRf5hMOGQAdo073xtT8X6+b9yx7wA== processed in 180ms
[2026-08-24 05:32:24] [WARN] [db_pool] Transaction payload payload_hash=4ONFt41VDAm1sXROcmzgoHnqG+A79LEa39ib7GW0NYQ7bcBuAzqU6qFlIJMDkKskEYYxNcqWO58T0ZmCxlbHUw== processed in 135ms
[2026-08-24 05:43:51] [DEBUG] [db_pool] Transaction payload payload_hash=RgRzqbpwNuzppVxD1rVb/O/gAqV2UjORD8oZJY7CUgZ+p+5kDqtGWt6KB9bcMseKMexdtQ+IOib7SXwxSCq1+w== processed in 80ms
[2026-08-24 07:32:02] [INFO] [payment_gateway] Transaction payload payload_hash=f5dn24YaJKxz2Hfpu+E5pwi8A7GH9eQHAvxqxP0z7oZefmZza0bNBy/C1QVpY5Hd3rT/PTi/qgt9UN/Z9tCyjw== processed in 305ms
[2026-08-24 04:15:39] [INFO] [db_pool] Transaction payload payload_hash=gppeTnXgjQ4nVNU+0HaXoUCn1L6V91m1a6mDa2gEENgzIBK9earMYtB7+mhy4GmBYpApgyyyjZ3S0edO4qZiYQ== processed in 313ms
[2026-08-24 03:57:45] [ERROR] [api_router] Transaction payload payload_hash=O0155XNbf+5uqLvO5XlBqc5pEdXWngUBsLF4ccMShKm+i1G9YItimk26EaJI+rZye+wVb8p3J0ajQPg1EOfFqA== processed in 213ms
[2026-08-24 11:17:35] [ERROR] [cache_layer] Transaction payload payload_hash=HwlbhONiNOaZsE5RL7jbg20Erl2jT26K9zVc8RdHShfbim+J9OQKfgnFlo75SvpcbfwyCsuz58Vtu3vM2Ei2tA== processed in 195ms
[2026-08-24 05:53:19] [WARN] [auth_service] Transaction payload payload_hash=qOGmuZ+98eXhd+M1en05/IIzVU0f0NvaZ8yLv2OUYkJ9I+gsCO4BZ2jWKKDVkXocGDIWRpCuE6HTI1sZpLl09g== processed in 159ms
[2026-08-24 09:17:49] [WARN] [db_pool] Transaction payload payload_hash=H+njfM8i+JpNrmrZXkw0joQRQvOpkEFCAhq8kVzcKels0s/c50we6DVQOjI4DKFmJPLyu5rLa2968e/jQCzh0A== processed in 388ms
[2026-08-24 05:41:39] [INFO] [db_pool] Transaction payload payload_hash=0ugKNu+PTPiozd3mCXDQOZdINosyHPvKIjXMs6xurN7fyqTOBCIJdBmOI9k4BBIZgzWbfus7XZfA+pNiCZBD4w== processed in 89ms
[2026-08-24 08:28:01] [INFO] [auth_service] Transaction payload payload_hash=L+UNsHWUYhTqkXXU5EvDVadbCL6DZ8cK87FAczB8CQx7h98BeYzc21hoOl7BimNYcMssknIVw2scT5DFIzxurA== processed in 145ms
[2026-08-24 06:57:08] [DEBUG] [payment_gateway] Transaction payload payload_hash=sCzaUbeTMGdY78KRhDW/wEYK16z1SOmisKSiv/+1Doxx+OB2DtpHp5v3/Q/gCYK5ooEPKlCb18lbQu+GIAwvsA== processed in 341ms
[2026-08-24 07:29:08] [INFO] [payment_gateway] Transaction payload payload_hash=ONKimiSRYhaQIDF8k4gPgyDivJRnSvoRpxX1ap4QYfxEKy4GWi1TT4otPZ+maw9B+qUvuL2wTzmVKYzscZSTIg== processed in 84ms
[2026-08-24 05:52:11] [ERROR] [payment_gateway] Transaction payload payload_hash=R2tp/0mkVEFrTZL1MO7vBVV/Vt6/SPuU9Lh5Ab2AyuPMt4iE9ko72OQZf3CFioEDjBr0zkBTHuRBrJeUwESlhQ== processed in 23ms
[2026-08-24 08:43:55] [WARN] [payment_gateway] Transaction payload payload_hash=wD6jnWXGVD9zMheDWe+J5eQshzT01bEKXQn0gCJE7isZ6UMnBkq8K/75TdU/HjE5/Tra0wFwPKyijmLsz4H42Q== processed in 211ms
[2026-08-24 03:59:31] [DEBUG] [auth_service] Transaction payload payload_hash=Fepk+vJtGdBArTFD+o7dHHzEobCZodDypoerlGF3mrWysuFPfbaDLuP6XDXZzGyWUqJr5pWK3HWyZwnYOTICBA== processed in 196ms
[2026-08-24 09:34:01] [WARN] [cache_layer] Transaction payload payload_hash=HvIx9r4VC+j/5B8sSR+OjiYHg3Y+YZPv2o8w7o2bLSw/U0Lt2L0nt4kYh5VW2e4UPXdxHOYJx84eqPcAHHwq/w== processed in 196ms
[2026-08-24 09:36:51] [DEBUG] [db_pool] Transaction payload payload_hash=nvtB16J/kVDATSmmQ0tqiragYp6L+VSa1QRKTEgeKIw5SXnRJOpp2LgTIjlcXpdxC/uGel9yKxWlP6sHp2kxpQ== processed in 168ms
[2026-08-24 07:05:08] [WARN] [payment_gateway] Transaction payload payload_hash=SWZNx2nsjcZ+HXyJdqHIqByD2RAptMxdHxVDv/h6hFrUek0KRIHlQzj5iEyg4WX7RVxqqGmtdqhC5Zco1WLp1g== processed in 82ms
[2026-08-24 09:21:37] [DEBUG] [auth_service] Transaction payload payload_hash=CoGj/AfEl0PrjQgc7HkId6ojKIcpIKIJNYyUmD8stRSMshwJ26e1gBJ/am1rFArIuH5Skj/Z9XgyGZU4goLL+g== processed in 427ms
[2026-08-24 02:56:51] [INFO] [db_pool] Transaction payload payload_hash=HyEwLA4BLcqH/Smsc5wEAsDkmxqiTd2gNRaVkJB692t271AtnZ4+L3tEQpa+YqIZk2R+8qfGc7Xo0VFfGo5mXA== processed in 286ms
[2026-08-24 05:46:12] [WARN] [auth_service] Transaction payload payload_hash=qvcqFdurcgVT470lZb5KTC04roYnjdA0WuQDjlJ0pjFDC4NSZeOgtpepFDcnQi/SoPfMbxSNHEhWGLCgFfz0aA== processed in 37ms
[2026-08-24 05:44:28] [ERROR] [cache_layer] Transaction payload payload_hash=DOD9fajiw0KLjwNTB34/BsAXyJqJVFXlPdNxUN/CMbazJqoSg0HZHMEsV9L5Na2H94gKHld0FBnnsCc8Tyi5Og== processed in 364ms
[2026-08-24 05:19:56] [INFO] [cache_layer] Transaction payload payload_hash=O8TsC086KPgeRuumVKI22L9HrX+mVdZEJhEUu/buoWE5SaIGpdWtBYnxmaWd+N55MU3NR4TDqZS/R4XoLozvww== processed in 100ms
[2026-08-24 04:44:16] [DEBUG] [payment_gateway] Transaction payload payload_hash=Xc2hlzrvh1oFtjINwsQCNr4OXGaIyYwfqvz7xap0eyAerKsGP3f7aVllYFWt0yumOEw5m1hfsX9GbO/VnojD5Q== processed in 277ms
[2026-08-24 03:58:04] [INFO] [api_router] Transaction payload payload_hash=3DgRB3AYla4Lj4vVCjOQYgNC6ssrVWSIa5CZk4BtR00sEBU9jZ3WYrychqoBI9vGa0+g0i4Y8Y63HM8cEUQ2Dw== processed in 491ms
[2026-08-24 11:22:21] [ERROR] [payment_gateway] Transaction payload payload_hash=1L8bgxd1/tpXmREdvie903ErO9q6RJjCDnhRARXaSXjjVYByDhNaeQB4c6F410FEdxRCM22O9rph3GXfVC3KxQ== processed in 289ms
[2026-08-24 08:19:34] [INFO] [payment_gateway] Transaction payload payload_hash=snMaQ8qN6PFzHDaL+mcrTjfI1WTz6ZqOehWhNp9OWbpSYoa1D012ak8F3QXQzzWrHIbgZLhAaydySlVGKAbUjw== processed in 440ms
[2026-08-24 10:18:36] [DEBUG] [auth_service] Transaction payload payload_hash=CdbLRVtTn1f2VhGtWy1r2ktzfkB/4J+22qvS/IYuscMQzGTLBUgS4rKJin40Q915VHUznpfIUsS/5eekQNyhwQ== processed in 453ms
[2026-08-24 11:14:50] [INFO] [api_router] Transaction payload payload_hash=Td+TXckoqbch/PgBpMStBxaCbjZHcyxnyDGRxHFDAv6YDphPjkRsPlgHeNyal2FgoV4GwsmzsXbHEIm1tDqcFw== processed in 307ms
[2026-08-24 08:20:42] [DEBUG] [cache_layer] Transaction payload payload_hash=3sn1NmVFap8YHlQBXZAgL78EGSz9STDhSsVPyBJw53a9XPr95jP9k0yQefYXUq9GAg5Kwry78lh7etV0UEyRcw== processed in 261ms
[2026-08-24 05:52:01] [INFO] [auth_service] Transaction payload payload_hash=3756234S1ccbA7xoXXygqYPbzxl/KkOFx5VH8xYfj1koSqtP801LUkYb1mTvACQ8VhFVM4hAtGVPIbQoMVFyyw== processed in 96ms
[2026-08-24 05:04:46] [WARN] [db_pool] Transaction payload payload_hash=8CiwENABEettmzIBFXNdhsKXTGxpj8TXX9xQ+2ATOHPUkGhQet1BLUqa2E2W3e5kP+F8AXnQsS5EoX+wNn2DlQ== processed in 239ms
[2026-08-24 08:47:48] [WARN] [api_router] Transaction payload payload_hash=2IAtl7TT3upwgiFpRpjgAb8FC0281iwy54GOH0Oa2vcNjvhikR0AZJImXEcLWsUqssbdiSyzUi1a7ifmRL/w0w== processed in 367ms
[2026-08-24 06:08:07] [ERROR] [db_pool] Transaction payload payload_hash=v2XSDBXELyj5aAmx7iWVYJ11BmUGOqRxtIYpL+0lfHe4H4n4ZVvPim3azbDlXrzuA5k4RZLP1ZxzuUfPv6aK1g== processed in 399ms
[2026-08-24 09:02:01] [ERROR] [db_pool] Transaction payload payload_hash=ZGsmVMa3k8HO8N056+cVu8XnEjSe52vcZZILe/EzI480PU3XFatHwPmyDBt60bik+eerxP3J3mI3LCh9yK8PEw== processed in 283ms
[2026-08-24 11:03:09] [INFO] [db_pool] Transaction payload payload_hash=bMm/H7Uln1BbjU6s/XcMyj9uXghPQV5uQaXc3BMiyHg0ah+CWCFhstkbsST1L3L5ucjTKXEIaZjCjFNgL45n+g== processed in 379ms
[2026-08-24 07:49:12] [ERROR] [api_router] Transaction payload payload_hash=SGCj963o+EOFN3mTGzTvAiLPEglCau5gNWJ3xYlK7YJR9rJQKcUwZ0qlRWE2xP21L9Q7hd3hDivFwq6mOGkX+g== processed in 78ms
[2026-08-24 04:31:44] [INFO] [cache_layer] Transaction payload payload_hash=0PBbEfkMNbMhA8ND/3Wy6gMNHxWtXDUgRRYzU1QtlG76mG7tgh0GY4xE0RPid6JgXR2zhjtZWRA5lF4MtEMjxg== processed in 1ms
[2026-08-24 03:17:10] [ERROR] [cache_layer] Transaction payload payload_hash=mWRClRfj8cqTb6CmS9n8nc4Sp2tKyO2F1YTIfqMb4KUQfjKYqphpOtKgwVhBfnp5M5+g/2SkODLpp7H5+22mSA== processed in 174ms
[2026-08-24 10:13:24] [ERROR] [cache_layer] Transaction payload payload_hash=oDg1tjUpscuqS1RFXCYGAhcNFvhKfad/Fz7omNqYOO+2pmMs/mU9aBa4pdskt2G1bzJbhfm9Muy2NK8Zabu21Q== processed in 477ms
[2026-08-24 05:38:35] [DEBUG] [payment_gateway] Transaction payload payload_hash=xHaVd1/2LYNoV2flvzrvFD4DI/DZ6r6Xzwq135OLEMYYrXiW5E1cL9jym8xTSQcFTBXfIbIGCobpMHctGeB9Tw== processed in 308ms
[2026-08-24 07:43:23] [DEBUG] [db_pool] Transaction payload payload_hash=pX9msmTHIcab2QkVR59FWtzHRjX0fOEiRcSOoULvudg4jR7iTXKa1FzMb/tO7pWSk9qb92NdKLOCX9jEVwa7eA== processed in 407ms
[2026-08-24 02:33:40] [DEBUG] [payment_gateway] Transaction payload payload_hash=EPS2rlZbKksh2q49jwZNSctrqjsDjTh6xl//r/dYII8kOvKKF2EtHrj7QI30HVdI7AiFtYZLFMl+Rv0IB9dwaA== processed in 40ms
[2026-08-24 03:53:05] [WARN] [api_router] Transaction payload payload_hash=YIeXv1lPCA01JHFjPUjq98xBhRzM7wcmb2SZ0pYUCospCW0zlp3goGt8pZk7JH9640WSA1nCfD7zHB5vdg0vbQ== processed in 183ms
[2026-08-24 04:14:23] [WARN] [cache_layer] Transaction payload payload_hash=ck1sGwCcfDjDK+eO4rLHN8Rey5siZfObhgyI788bNPs7Q1K96MSbDLtocna6DhcGZpYT19EAxl+prr/JdSLqMw== processed in 357ms
[2026-08-24 05:42:13] [WARN] [cache_layer] Transaction payload payload_hash=BM974nGRdNwCD51U09RYnRDvo3h6N5dcaVJgoIrrZjpatR3Ibff5uSe6HWB1DkoOxAulS7wvuAGqIzX2dF2OVQ== processed in 345ms
[2026-08-24 03:36:54] [DEBUG] [api_router] Transaction payload payload_hash=BBXtC6KXeBrPi1CEpOxD7INE2FxT5+v2uhW+nrssfg022KwTWCANCQ89m9FsIW7nZebwTRrWDQxNlcdKXRJKyQ== processed in 173ms
[2026-08-24 04:54:32] [DEBUG] [db_pool] Transaction payload payload_hash=7MyesCRKskCMCrVYTpLWGgKmfk+gFGJUZaXzZluOtTIMUfqkZ0L+RByiExCcVrMsRvuEMaBqjQIYPWigtcnygA== processed in 495ms
[2026-08-24 07:00:41] [WARN] [cache_layer] Transaction payload payload_hash=bvuhSY723QUl+vKNcOA/vp8LFX9HzLfRzeml6k8soQEu3dgyi/NF3ohgcyWRX5b0P/IDY8BZMdHxpPYf/al+Kw== processed in 37ms
[2026-08-24 06:12:06] [WARN] [payment_gateway] Transaction payload payload_hash=eQeMGfUFgarVQjrHrJsaDiCJOtrZpmsF0c+kvjMSRpgo3IuM2ATgEKhaNUzvFGQkGH1NDhngIxC1PNhsGpft5A== processed in 404ms
[2026-08-24 09:26:01] [INFO] [cache_layer] Transaction payload payload_hash=NKSy17WIlkp1tiO53y8JkFecpNSehOY9YLTRXqJTKYUGpiygEX3LPT9bKpcay6pkxJNRsUDWVyFefmw/XzsvqQ== processed in 492ms
[2026-08-24 09:07:02] [WARN] [cache_layer] Transaction payload payload_hash=DrONKb4RFjDXgobpUXQf9+0fKk27M2pyzFt2QLAni0IAD28eNILsw6HJzIuUV/jd/YM0fnM46umU5LQ/l/A3gA== processed in 408ms
[2026-08-24 11:04:48] [WARN] [api_router] Transaction payload payload_hash=pIYzLdn+biHOIQ5X4mPkQmFs/0iB98/l3Aew2WE8WZvE2kBAsI9Oq/+Ze614oEfxL7hQM+YW+Nc9iVNIm2pOHA== processed in 53ms
[2026-08-24 02:37:23] [ERROR] [api_router] Transaction payload payload_hash=/MFVev208R1MkUU/nRBGOrhaTTTMHY4Oi1epbrkCsOWyzBediXnwyiLOJ9UOvhhEFZ9/rZEVIw7DKzLQKHUDxw== processed in 431ms
[2026-08-24 08:39:49] [DEBUG] [db_pool] Transaction payload payload_hash=tUpMCCUGQKgMPUJ1x4lg6jmsN9vRBXXuwecF6IaXHjqtcHt8HA9Zhz9g1LNmmYz7fbz1NZM1a8bB2CIAyLBhDg== processed in 320ms
[2026-08-24 03:33:58] [WARN] [db_pool] Transaction payload payload_hash=UiXfwK45lxYsKMnDzeF7vcegMr7wL6WFTY2XKtEkSprpFH6G7gphCTV8g739A1CO3m6Zw14ZfEVi7DrxkmjvIA== processed in 399ms
[2026-08-24 03:52:17] [ERROR] [auth_service] Transaction payload payload_hash=FF3YNaB0Ah1uYUF/U7qYB9NwVDeTWt8XT8dn8GPPPkdn00pjyAbO7eIBNT17FFYGnbbRoE49mbv1X6GPhEPFLA== processed in 250ms
[2026-08-24 08:37:57] [WARN] [payment_gateway] Transaction payload payload_hash=OyMBSFYDjXua/XxEtL1nbresFceAGqR9ZgJ1UHjaGTL/PR626IegW++M41YZjaCu2aTCc5BS8rjuXNWmWk+dPA== processed in 370ms
[2026-08-24 06:26:34] [WARN] [db_pool] Transaction payload payload_hash=4cNMMvZZk01+th5CcXTzd87I6NdDKJSRQYP2NDgePz2c6UuC7QXmb+Os+kpvBGxa/Ypqnb4izC2u+WlGJRtwDw== processed in 180ms
[2026-08-24 04:27:23] [INFO] [payment_gateway] Transaction payload payload_hash=wc0BdwMzXqekLEXmRCR1q8W3i9EktxBKfpXnqGuRBl48o4R6jdyRtcnVCKPO7hG+i8DlePZfx/HtulfEaBTp/A== processed in 297ms
[2026-08-24 08:25:33] [DEBUG] [db_pool] Transaction payload payload_hash=eDsHpY0fFiXUr/NdP+ny/AmflPl3K4YCOoG5+j2yzdXZ+C3wtiZHICwyTMZqkMx5zbn3WlecEB4CnTGGUbzzHA== processed in 83ms
[2026-08-24 09:53:20] [WARN] [db_pool] Transaction payload payload_hash=Zw7cAZDx6amVfcubyooen9Pg04po3K13sEpdrJZksZdTg8MHv8AWXSGZiAIRFsiXMS9JyjWsdlhszNdewtpH8g== processed in 241ms
[2026-08-24 06:36:51] [WARN] [auth_service] Transaction payload payload_hash=jsicouUOrpmbRBJq/9bZviww1YJSv/Ccp/E3Xx0q6ZTzMWkjVecZ0Tt02rvqtY66Tn6kOKHQ+BTxwC+TqpI3cw== processed in 469ms
[2026-08-24 06:19:23] [INFO] [cache_layer] Transaction payload payload_hash=/EvjhDtliHx9Tx2gEeU35NwtGvEPS9ECOz3YVkbMh4x6OSxSYOqQSL0VB1BXEMDGmb19yPsDNQqo2FwX2N5SRA== processed in 86ms
[2026-08-24 05:17:57] [INFO] [auth_service] Transaction payload payload_hash=93dSg9s2ZTtpjlfDkFtWXHUvGSlDNmgBCsFMG4F+hjcTXVWzWqW169yMB2vzh2cya6tzTd0F64fpfgV/qDR6qA== processed in 357ms
[2026-08-24 03:44:31] [INFO] [db_pool] Transaction payload payload_hash=edXeqi1we9EGHpqos/pLI/JBvEVfKcXzNAn+sgEs4ldaEIbk5u4JfOvJckrOBj6AzLzwW70yRd0hFFwwfCAYnQ== processed in 361ms
[2026-08-24 06:56:09] [DEBUG] [cache_layer] Transaction payload payload_hash=rBEzhXUB6aXKU49jY0llCYQVVmCdydP+9FTi0VLRmGyW8Ha0FVjjHa+YVaZXGB3tsSndUjpJmGTTuZ+e689z5A== processed in 353ms
[2026-08-24 06:47:17] [INFO] [db_pool] Transaction payload payload_hash=e+LHbLPcB47H5PZ2lwhypOejUnal3OJzf1+yaaUGRGXyqdkoG0j6aJcJLCIiQSmstQGesE7tN+Y0vkn2oI4HTA== processed in 340ms
[2026-08-24 07:33:09] [WARN] [auth_service] Transaction payload payload_hash=VDbrm5zHoKkuxkMx1V07o3sQttuAicmwhPEyLuJbgO95pFmukLkaKz4nLGu/Yd5cRgLTpljLCDmTf3DSwCztFQ== processed in 141ms
[2026-08-24 06:22:35] [ERROR] [cache_layer] Transaction payload payload_hash=x+PwV2l9lnKLosbtlvb8PM6EfvVvYUjMPx/4dPAMf0PfgAMTpUo7gy2C+vnozwDuO6rTdss4Pf3qg71jKfINKw== processed in 58ms
[2026-08-24 09:18:02] [INFO] [api_router] Transaction payload payload_hash=5ZuvX6J+L0M4ek8wSjZdjuimEfBb+UnsqEEPVLgwbSilAMzKumXZvfffQJCQ2jhWxrN2Kh7w5zqA2zbSahHXqQ== processed in 5ms
[2026-08-24 03:56:34] [DEBUG] [db_pool] Transaction payload payload_hash=p+8xuDUhAU4FM3UJDwDG0rXt9m23m5canqsV7fLEMf2CcabnnwUoKxi5hMgwBJ8/1vAjNBWSU4hv/KW11+Aigg== processed in 79ms
[2026-08-24 04:41:21] [ERROR] [payment_gateway] Transaction payload payload_hash=yPnTSEh8/hXOLloFyD2lJM8P9U6Q68ayduVkb+yrluf26/OApBC18mMi4NgqWJ315NeRe3PU4NxmMKTHYnsFSg== processed in 487ms
[2026-08-24 10:15:21] [ERROR] [cache_layer] Transaction payload payload_hash=6vL49dLh9mBdHXtAOw02zc780Si8hVxJoR5cXjXlpk9xEtYpx7HfuyM1gDDG8j7njfxoN5cxzQ4wMzDmSiJhOg== processed in 28ms
[2026-08-24 05:04:36] [INFO] [db_pool] Transaction payload payload_hash=ZNEJpIfeqivmRRsql55m7nFXtnvmG1eZRbV+cnafd6lELVftIek+SPuPZ+icYiVBbzdUHvWTx1XjH5W3SBEFug== processed in 79ms
[2026-08-24 02:40:32] [DEBUG] [api_router] Transaction payload payload_hash=4L1O7zz1FSbDtbWUy5Aw0ZGRHTta60u3Z+shQol1US4MtaKGxWXo6fZxUuxR7XAFfQ4bjjgXDfSSaq3N2XHOgA== processed in 282ms
[2026-08-24 05:05:36] [DEBUG] [cache_layer] Transaction payload payload_hash=qPE+09+MBgtBOoqXyJzNvXTWPbjnlDHusrMQMpA0xD2KR7dyICHUc8jlk/wry9CdXYXk5JMHgM7ETABAV2uNiA== processed in 416ms
[2026-08-24 02:27:32] [ERROR] [cache_layer] Transaction payload payload_hash=pi6j6xdyr1sdyEeSmDdq4OYH79aHEVATOOOSQ66oEm7tKPnZasDpJoVQ2xFZ7t1uo9HKv6AzlRMbm3LyWgS2Ug== processed in 398ms
[2026-08-24 10:54:51] [INFO] [cache_layer] Transaction payload payload_hash=BWENp+seOi8yyeUBqnNfcwh9YObKwbARTtZeAjypZ3dSm5aENPV8h5ZbnfSDUakgY4ndgG+6O/khLLFRGc/hPg== processed in 481ms
[2026-08-24 09:16:15] [WARN] [auth_service] Transaction payload payload_hash=FWZcIocj2a7DBprT2+Ac37XGFJ4lCYyKcCzJLwVM+GaHSXj3RKiQd/WiBC7XT9WqKtOegjyiJgjxb+yfVrzOlQ== processed in 325ms
[2026-08-24 05:56:45] [DEBUG] [cache_layer] Transaction payload payload_hash=1DvMcfz11vQamNJx7ztpZc5TNxX7U0lMoTpTAbWW2TcMy6WVaRdUcNqTfbpehnSbZZASh0m8vpZUFtUOp+ibAQ== processed in 290ms
[2026-08-24 08:55:39] [WARN] [api_router] Transaction payload payload_hash=j81PuIXEySrC7A0TONvZ0mh7e2crow+nvTvZWVy59MczBGDHovYHa/u+tgNUAgoBhfsNnulBxCAd4yw4dL+ppg== processed in 30ms
[2026-08-24 03:06:05] [INFO] [db_pool] Transaction payload payload_hash=Kd2nhJ6/kbskgP8xUmtFR47ySTNyBj32kglhA0S5Ho0/HHKvzHaUGFSShcqaYUQoOMB4yMcNiDQjb7zFuWNHJQ== processed in 60ms
[2026-08-24 02:29:55] [DEBUG] [auth_service] Transaction payload payload_hash=hz/ctAiUFbKJWq+pN+mz/Fd2F/mZfKaXanfI/vZcmv3wn6D9Weyxi9LdyaGMN/ysorkWjZxDa+gwJKzdcym5QA== processed in 427ms
[2026-08-24 10:59:01] [ERROR] [payment_gateway] Transaction payload payload_hash=I5FJwetxP7d0J+CbmvObskCOwvHEtISVIv8G7yNvIGsgQ3aY7HqzHRvofBNEhel5G13Giwio0KG0LUDVRGMmYQ== processed in 36ms
[2026-08-24 05:12:38] [WARN] [api_router] Transaction payload payload_hash=H5c44K4Ly7rKx1SePYpj0ARTX8cfbYc3XDw8+BEBDDTsWfqPAcFzQHUzZvIc+yrPXXIYIWCTtC/lUnlPo7uG2w== processed in 407ms
[2026-08-24 10:27:06] [INFO] [db_pool] Transaction payload payload_hash=1/svje1fQE3enKHMiUJ2xmG+xaTnT1FWbsiT17NIzUpRmlh1PkdB/3QYyDy2ofieEbOmaApiM0XZYK/Q9Aiztg== processed in 397ms
[2026-08-24 03:14:23] [WARN] [auth_service] Transaction payload payload_hash=Xyjet3HhmoIsrmeNRBdgvxH0KUW56hZPZfEFXLufzRUieiWk5VlPw3BgCTSOhRVjtf96uBMz12RaU/SQEdHRSw== processed in 257ms
[2026-08-24 07:12:36] [WARN] [db_pool] Transaction payload payload_hash=L/h6vnALFgF5YsABqD/iSCTmqxi2t/SbQyhhxpQpWp37c4WSp1LDwg5BCk2ciljl719uGH6cwqb5ud65NIQTVw== processed in 31ms
[2026-08-24 03:18:26] [WARN] [api_router] Transaction payload payload_hash=MXY35C33hN0MOfb7eeKqrHme/yXktA8zXzVLrL0BvTjsu4MjKRxmgfwys+yGGAN1K0QhX/eDEQYxFU3rg5ZGhA== processed in 452ms
[2026-08-24 03:04:36] [WARN] [cache_layer] Transaction payload payload_hash=pwfmLiQQCeoeDlLr+ukfa1z/h4m850XpirXNstlKe8VQg9AFQZNUJO9MFJ0IDAioqoLVxro5paZd19m5TIhMug== processed in 274ms
[2026-08-24 02:29:17] [WARN] [db_pool] Transaction payload payload_hash=o9hIfxpV/JdoyzTVcDgDyEBbOtshaQ8HKKJhZmPQstm51z+ADIWxHFPuluoN4choSecu8VjKkySlmm3zPdPZSg== processed in 328ms
[2026-08-24 03:40:44] [INFO] [api_router] Transaction payload payload_hash=uHWKW8lyOE4n1Yc0bdy3cm1IXmRrL1km+5CH6XgaxT/MKxAJ5kZ0nZ/Y4a8GCHAuRYl35IJAqtpcBNHRhqJFmQ== processed in 52ms
[2026-08-24 07:45:57] [WARN] [api_router] Transaction payload payload_hash=IqLYe1O8tSeLAH1p33/ibLa6duvSdZsqrUA3mtgGDiDIVcMpzZxLnidBVAzRq3A9VZ+N9zN00xzTKDJGO+SqYQ== processed in 93ms
[2026-08-24 05:36:58] [INFO] [db_pool] Transaction payload payload_hash=QxidkqEemjAW2PG79+V4odk3RzzOeYlRsqNmquQuQXsQQlK/JlMn66GORFmW0gbNGXZVdKbr5ah9TO0eZD62fA== processed in 156ms
[2026-08-24 04:56:36] [WARN] [payment_gateway] Transaction payload payload_hash=UF4zOO51oTF1IOsUE97h7E0OlPmyg5fr2ksz8NTdVPYhUihlX9Bcy6jlmX2eG+fPl628b3q5lZYWQwLBHN1siA== processed in 116ms
[2026-08-24 02:34:20] [WARN] [cache_layer] Transaction payload payload_hash=DzUTpLvTZJZCmxtmYmNgY2eGpdKoUkZEt9ZFGQNG+3ONRyIbDS+aPnr2nYJ0RZTvrCKrp2PJ9Dn8qdeqEYxkog== processed in 348ms
[2026-08-24 09:58:55] [ERROR] [auth_service] Transaction payload payload_hash=JEOXI06PKMAtV5VUPeHCBWXiuPdXwS5wiRcBePNu3uSd8nZfrRwPz/BWLPEAolsjzmbcibPI1MGL7Iicz7HXsA== processed in 348ms
[2026-08-24 11:18:09] [DEBUG] [auth_service] Transaction payload payload_hash=1gx2YjZMiI5GzMmdxtduoHaBfjVFJTwJx/sqZ6riAVg9wiFV5qzxvbLTTHAoTfdK84YPdf9t+pZlv8U4GW2Xrg== processed in 283ms
[2026-08-24 04:26:27] [ERROR] [auth_service] Transaction payload payload_hash=DI/JgxcMuIOmNshqEaJp2K3NB0ufIlwqrrFHsJ+ZBm40sVioWjuQWxZCV4xENyEoRpuuIkBX6V7wGq/UwBLONA== processed in 359ms
[2026-08-24 05:59:15] [WARN] [payment_gateway] Transaction payload payload_hash=WuF9tp/nn/njpZDcunwwS0ad14NNV0vrtsuy7W4xMeKtjv8sAcS5OknfVq/eJyLJpXfZl+WeeT50DPY7WNgzgA== processed in 264ms
[2026-08-24 07:58:06] [WARN] [payment_gateway] Transaction payload payload_hash=p3gRChqx5cpdBuO5P3bdqSZzpoiLO3wc96NLnxiN9+k5d2MoBeyEqwdRXdeEFsPFwuZ5hn4cBY3Ym0gwvj73LQ== processed in 64ms
[2026-08-24 04:55:58] [ERROR] [cache_layer] Transaction payload payload_hash=fh6SjZt+3BCzKMmC96g5MliBQoDSzNASXjPu4W0MTS48I0dwzgLnaSzxwY+Qu1H4mNwTe3nFXblHAlPnUluBUg== processed in 115ms
[2026-08-24 07:24:00] [INFO] [api_router] Transaction payload payload_hash=fFoCpVHoWnjUspLOFZMXwHP9Abfw+lKnzH4ft/U4hfH5X4xo9mH44apKr31o4AaTyTsHW/OK2cW8DshQnShx+A== processed in 165ms
[2026-08-24 04:59:47] [ERROR] [payment_gateway] Transaction payload payload_hash=tWxiV/3p86wtFYmNs95y0yUP0Os50Ia/RmG8AJcwe2ejuNKICbSDfTd2N0dFj5QH9w4Fmch6v82oHNTp7WScIw== processed in 385ms
[2026-08-24 05:31:36] [ERROR] [db_pool] Transaction payload payload_hash=T1ezBcIkM0JDpUDd5U3iCs66OzgNxuIwoP/2C7YHvnJkIIlWuUURoVSjB5Q9byaqPGA+2IX7vcZOaRjSJbB3wQ== processed in 324ms
[2026-08-24 09:47:26] [INFO] [auth_service] Transaction payload payload_hash=cTYkM36gG7rkPbDhPjJrRaQLI3vb0XzTznpD44JxJC2/DmSabDxfVxZsMWscu8YpeGkccD6gXK73NcTpSm8SRg== processed in 125ms
[2026-08-24 04:27:30] [INFO] [payment_gateway] Transaction payload payload_hash=5r15pfuPD12pGMGTVEsXRZ6mXEBBZMrsAZSufiR0DKBTQJaSJXLfwIfvKgeY7U4LLs/fH+J1wOH71zKQITf1TA== processed in 242ms
[2026-08-24 02:45:19] [INFO] [api_router] Transaction payload payload_hash=TTj4QAGJ+RMwKtZKOQ6xZZ87L7R6dZ0PmTNxrFFyK2aF+3drJ6+FqwadxB/tA3eYj3/iwGDVPo2sA8dazOcE/A== processed in 234ms
[2026-08-24 07:08:13] [ERROR] [auth_service] Transaction payload payload_hash=PjXN7uQFfPPAsJ9i6iry/8GYxzzZaQPb6g0dQPiB6RtRkKcjyw0OOruqEcaxlkFbcoWkkLMw/tOWCeaIvEeZhw== processed in 289ms
[2026-08-24 08:34:12] [ERROR] [payment_gateway] Transaction payload payload_hash=atBxqq2W2kiidyE28hCGb0gQMfejwOl6Jnbm6AW/g5H+iOtxQOOq2CaQMqwuwhFEMzwvmBWlfdt0G0Q0Wk1ngQ== processed in 252ms
[2026-08-24 04:40:40] [WARN] [api_router] Transaction payload payload_hash=Cgq7kSS9mtRV3DyHE18WVit9CLy1gR4Cx6T0DN38xcuBiJ5fL98sQPYeJ06od5/wTYTBkYoj5ZKzUGuZPeXWzA== processed in 5ms
[2026-08-24 07:48:54] [INFO] [api_router] Transaction payload payload_hash=6EjSPcVvfT0Cdxa+Yjl08yITJHHPzyDVOg909Hcjcf0K1lS04mvXPr9uN/aBTZcvgGm6zwDKTXMiuhPT69fGlQ== processed in 318ms
[2026-08-24 05:35:14] [DEBUG] [auth_service] Transaction payload payload_hash=sQIf5rKDlWCu9q6o/PIKWwabUKarXsQa1AQ37ZfvPURMy18DqztY0qPsv2UcP2Y1FZ3lS0XkiFJBP5L56/6s8A== processed in 412ms
[2026-08-24 10:30:32] [WARN] [api_router] Transaction payload payload_hash=Vbx0zKBe+hniO1ngvo4JNGvYuE8x5YUxY3H1pOLtHBEzjxXFeKiQGsAPUtX3B3gPP75++qHfbgYRSuufcWDGhw== processed in 256ms
[2026-08-24 05:47:10] [INFO] [cache_layer] Transaction payload payload_hash=856p3rzqciCQt2CqQw6mtjgbwGtugV+/3xYwO5IDuLpwLSD/6WUlHQvpzTt/TCKwlV4F/xsxZSbyLeNFDLmRwA== processed in 48ms
[2026-08-24 10:13:22] [DEBUG] [auth_service] Transaction payload payload_hash=xvFqyt/yrbYIceNGlDf2JmwWrSiqCGvw+b1rtyCUooWVj7ZTKka5unUP5YT+gH/d4uRYVKnKafnFL1TbxOAwMA== processed in 227ms
[2026-08-24 02:29:01] [DEBUG] [payment_gateway] Transaction payload payload_hash=sJPMgTjp4DkbylNeFdxn/xIgXBlmnSS8thL5aBGhVzbJdGDY7+3RFmS5rIzwhC7ffPDGfeQ8TsOO97a62hHFQw== processed in 314ms
[2026-08-24 06:00:54] [INFO] [db_pool] Transaction payload payload_hash=J6HFRkSN3tl1d+DB85/k7oaZceowYccd4NdRHRlCBdcoysrfPuAMD+RsJ44e/QP9haC9Qu710NoFn4QyLxQVpg== processed in 494ms
[2026-08-24 06:33:56] [WARN] [cache_layer] Transaction payload payload_hash=kdaRPf487dDAIxabxo1dcMVi+zrUUBiuV0Eb0aO1NDt6P9BHOjy9FxFTwLTOc+0jaFDsMvjf/aeveISzI9zTmQ== processed in 34ms
[2026-08-24 08:45:36] [DEBUG] [cache_layer] Transaction payload payload_hash=+3/L+r2TipOpy9BUdnBbFmjiWbYcVqWRjZCgsA9tXu1Sm2TRHEUiJr3KEfuKh+VoA+QZOev9f/VwkQgjVXw/1w== processed in 304ms
[2026-08-24 05:15:37] [WARN] [api_router] Transaction payload payload_hash=bQIHjFGVQPMbr6xXYNMyruORHz90T6CyJQqP8ZIRzehC2RHqiXl8MTWElBxHPgbc1+btJlK4FUTM/cUefzWz5g== processed in 439ms
[2026-08-24 05:02:50] [WARN] [db_pool] Transaction payload payload_hash=qUHNdgJCXXu106N8ceYCTwkd61UK1+pxNP4PQukLUASeZEeKyYXXqQswAhdlkOxNuYNUmb1fEO3tNwOryWbjqg== processed in 309ms
[2026-08-24 09:06:38] [ERROR] [db_pool] Transaction payload payload_hash=w6WSrR7HnUdl232qXTuTAdO8U+M57e1RMXAnjLGl2Go9WlxjqwmNmwaupXFBe3sx32s/G61khUCOwUmm7Ck82A== processed in 398ms
[2026-08-24 09:58:02] [DEBUG] [auth_service] Transaction payload payload_hash=Fh8s9WWoHTUzUNC9YaxUyDhokxG5XRf/uF58z2Zqb+5CIJBBe5zkCFbtePnViyzJHsoBKlL6/q1oU41LAQNUyw== processed in 398ms
[2026-08-24 07:22:43] [WARN] [api_router] Transaction payload payload_hash=gI17OHNKK205U0ogiJ45XRq3cDZvCxlh4GHgYMiW+Yo5U3jWbl5qLqjMp3hQTBFjBIOnbhUPlwm2+fZU3cgoOA== processed in 245ms
[2026-08-24 09:35:27] [DEBUG] [cache_layer] Transaction payload payload_hash=96vwcERSpMIMwD+Dhrf1384JK2Q40pyruzS6zDBObPjxlVoD6RQOkdPS60bLcud1/dE6ktHhYdEtlVOWSPTP6g== processed in 427ms
[2026-08-24 07:34:08] [ERROR] [api_router] Transaction payload payload_hash=x6+21eBGIFU+3L5k68eNveASAV0Zva4orCGW/gO6FMdSTXf+ywHqwXAPUS+fyyzgfHTibvWWBsn0sB6G0EQ1mw== processed in 102ms
[2026-08-24 04:39:10] [ERROR] [cache_layer] Transaction payload payload_hash=R15SEyDzZvqae4kWW4LcRyhXXJxWPLUCXsYOSQeTLTVchQS9MD5fB9t+GDAJgUXBax3PDqojdjXkE157FZB3gA== processed in 285ms
[2026-08-24 09:56:09] [WARN] [db_pool] Transaction payload payload_hash=ohhUpF9n8ekJvOTHBJqEulOL/EBPxkyBgXYn7irKgtYrPp4nHepc/1psMBKOfY8bQkryqBA1qcezH6/B0e8Snw== processed in 294ms
[2026-08-24 08:03:20] [DEBUG] [auth_service] Transaction payload payload_hash=n1q9ycQiLzbnsg8s3Lb5YXiDA3Sv4mtYAfayVPTFxzW+cGyKAiW6eYoOeH85XKNmwVtDRvNT0Dhzth3eZDv1wA== processed in 267ms
[2026-08-24 08:46:30] [INFO] [api_router] Transaction payload payload_hash=LbhMzImDlzbYX9dP3dKHyN0WCM8AmRqwkLZyXUeMm6DW/onmSYsBcuZUN3iYaFOR+Tg9xtwWY4xDBocestA8pw== processed in 321ms
[2026-08-24 03:52:19] [ERROR] [auth_service] Transaction payload payload_hash=o0Of36Dw0fkfJ3JIaJF/UF6aSveGnmg3KeNI5O3OFLO2DBFwSpAh3ebKCongleYOfXN3gknNAS1QawGG2XLpkw== processed in 158ms
[2026-08-24 06:55:42] [ERROR] [payment_gateway] Transaction payload payload_hash=VCLcbbwHb+9Be6buqIDtfsknMBqO1b/BmcAcvfG2BcPxFxJLqzNrwJsAKV1XroNxVcEhH37q9o0R1zCDCCLZTA== processed in 367ms
[2026-08-24 05:15:08] [DEBUG] [api_router] Transaction payload payload_hash=zCdww57IpNI5uh1M/yc1c8u0FsMihcrQ8lZ4EMwKtGqABAObXjK2bd/T2s3q3ThQbjQ3xKWxK0GLumW+ECk7NA== processed in 314ms
[2026-08-24 03:04:40] [ERROR] [payment_gateway] Transaction payload payload_hash=shNbCVkHkHVNWKexrUDT+S5I1Tww6GWGWAPkVO1ipSgAIjhrsX9xUJihuXMfE5z60PKojLT4QhMLRW+UAmtjwA== processed in 332ms
[2026-08-24 04:13:25] [WARN] [api_router] Transaction payload payload_hash=An5QFbHojRR5XqOaFC5z8w7vSLmnkq/UhE73loB1x6t7MbhLRCIZnvb+XDCPx/DrpdZ05GUZII3OtnPkppq2ug== processed in 319ms
[2026-08-24 02:46:45] [ERROR] [payment_gateway] Transaction payload payload_hash=fMqdsSEz3sUdgnQ/LWCHnwxCV6RIIbcbz1XAA0YtPBVaWWK+ac+DAP4pFk4dgFypbVZ7teSsg0GmQT/EfOzfyA== processed in 331ms
[2026-08-24 08:43:46] [INFO] [api_router] Transaction payload payload_hash=oYiXBWzjxiXs76bBwqQOTxgPhn/NzUyiEN6cvvPDTDFkKeehf/Mk4TF0jeHXRMHC9OGEI46Y+YtZ4VIS/VoKrQ== processed in 403ms
[2026-08-24 09:31:49] [INFO] [auth_service] Transaction payload payload_hash=5cK1WjM8/WfBAXUcnhi0AwwzAQYMsY2NPaiH5DvbjF7uijkd9H4RgmsHeXlm6/ombYGOm0aAW1CLhfmoWrCsFw== processed in 100ms
[2026-08-24 08:11:43] [INFO] [cache_layer] Transaction payload payload_hash=DZkOWZKf63h42mEo9e2bkCBI5hSgPfylDxlIzCt4g9L/BRqXw7yUPoNcZ5ByyR2r/QcAGBqEj0gNGsJPd6XrxA== processed in 305ms
[2026-08-24 05:21:55] [DEBUG] [auth_service] Transaction payload payload_hash=2wON/TXYlGe8r708o6FAQ4UCb79JQcOOdNZb2a3gH9GZM+Lvxgo2EEvzmIxZ2rd4HnfL1J7s4n1ao94WWYOaIw== processed in 166ms
[2026-08-24 09:58:03] [WARN] [cache_layer] Transaction payload payload_hash=dEQjJGfHbGr+fWXrGCH3DXZ1qU3gagMtm7zwJbHZc/iTX941XUgfYP03WIKviBe37eLXC9nsTLgoOZLm3f2edQ== processed in 348ms
[2026-08-24 02:46:14] [WARN] [auth_service] Transaction payload payload_hash=sZbG3tJy0V5c1W5VKNjnqZbJaUBNizk6V57LOnTLEIDdZBK/sc5qCNTxE5cqls+Lexn0t9FjI2BYsAHiXxnmEQ== processed in 236ms
[2026-08-24 03:44:58] [WARN] [cache_layer] Transaction payload payload_hash=F+IFL500SUO2obrpWV7uqzBfzf6ygVYsLKoMnftp1KiuuzbeD9fzDBEcxI7eykdRqr5uW/hDy7fVXcU19ak6eA== processed in 455ms
[2026-08-24 03:39:07] [INFO] [auth_service] Transaction payload payload_hash=VdHAb//otZk1VygjqrGpsmj3MLiL3rCc/NXRUarvAKsEuqPocQ/bXO0FRErWokUjTw36OdWNripUT08HKtrCnw== processed in 127ms
[2026-08-24 07:02:46] [WARN] [auth_service] Transaction payload payload_hash=+7G+HdPJOMmfVw3PlAsFq4XyJ5YaA+rTi28MpdrL/qqaPa+U6PEC0n6jtsVDh1LO2ycS/WG9uxV/7sQDE947zg== processed in 374ms
[2026-08-24 03:33:42] [INFO] [payment_gateway] Transaction payload payload_hash=3ADlKba5iXaFv4ejoP0Kudrn3g8g2XTNfy2Q+Qnzb+6SC+lhloCwtEq81ef7+x2e0QU7LF/k/bj7rXbGm02uWw== processed in 320ms
[2026-08-24 06:24:21] [WARN] [cache_layer] Transaction payload payload_hash=DVqLL9AQojMlm7mqQFF690+D3sWQX+bmUHTUQOvqm08mqFLIP8R8o9yheWgHZjvfGeh8AF3iYIAsfEH9P3btZg== processed in 35ms
[2026-08-24 08:31:16] [WARN] [auth_service] Transaction payload payload_hash=THMQnNN9OMARmugchDhwcTSdtJxvmIGjBm0lwClrFExY2SO5QDYUpTXdD6PqtBPyUsl2TLMjwvTTTO4SeIbhmA== processed in 419ms
[2026-08-24 10:00:11] [ERROR] [db_pool] Transaction payload payload_hash=oHQmkH4BKz614JLAXnGluyo/jWEiN7C5tp4amWWRb9KLnRPyPcwJx26RNbTB5Ak9tyRFr93H6Wt0pCkIirNeuw== processed in 307ms
[2026-08-24 02:53:23] [WARN] [db_pool] Transaction payload payload_hash=WQJeLGiG0n2EgP1Fp9rzbtEWE8sCRqu8cGWiTIlUeHL56G+gp4HLyh78A4sgruPHevoh1Q3xsOHw72GQn9tnKg== processed in 432ms
[2026-08-24 03:56:40] [WARN] [db_pool] Transaction payload payload_hash=0+Pxc361weX0m6zSiBMZqDzlSwL93s4gUPC8vbUWRMm1axH6UUaGKmYbD73iLomwDdwDPhhYaeAIEqO7Jw3sVg== processed in 317ms
[2026-08-24 09:42:52] [INFO] [db_pool] Transaction payload payload_hash=mWLxuuMP3Inc+943vAxPyZcvm8Mtk6+Pc4jCea2gFTeIPWQSBZ07MluTJBnTw3FtQkG+UbsQsnEJecH6yAWLBw== processed in 19ms
[2026-08-24 07:19:00] [ERROR] [db_pool] Transaction payload payload_hash=XT4HwnV/hR1VSX1yvwT5i7nfzfGy9E2dvDbfxXevyjQDrOnzqmP3hcxytL/GqOoltH0tUt9rIK+64vCcsC7uuA== processed in 275ms
[2026-08-24 04:54:30] [ERROR] [auth_service] Transaction payload payload_hash=Uj/4iLpglrhkMYFhIWykX0Y0s18qWw7nT9XcGYr8qDiDxwMGMOtf40Ib7jZMrY5+drelIKs5cHqAi1R7Szs0Ag== processed in 350ms
[2026-08-24 08:52:35] [INFO] [cache_layer] Transaction payload payload_hash=It96shxyCdEkvQcU5prm02QEww4Lw98n4tiAuXbhRIr6Ny+UQmeFjB7IiopydoiRgW9jX3wRbivVjg/A/oVK/Q== processed in 138ms
[2026-08-24 07:14:09] [ERROR] [db_pool] Transaction payload payload_hash=3b5cZJvrC6ve6hTfOJb7SdQ0n51TV+9MLTgGzs9qo9BZf3F9aoFt9d263L2yG45xmJ+4vFh3fyYxycd7NA9+Mg== processed in 40ms
[2026-08-24 09:05:10] [ERROR] [payment_gateway] Transaction payload payload_hash=0YhM6LbvVsGKBmryI3IH0XU+DXus2M4HiNtcqgYGVSQ6oH460LcnkNo5mOeKWEuLp6pQtzGcaqvDf9lmw8/nbA== processed in 289ms
[2026-08-24 06:14:52] [WARN] [api_router] Transaction payload payload_hash=9Fo1cxcky18fBc4P5KuoIWBsudHYyVHPkHr0mivYRtwlg71SlLfnbCKPRuo+tx7QWyRKI8WDx2eSCU2noaJehg== processed in 324ms
[2026-08-24 07:28:59] [DEBUG] [db_pool] Transaction payload payload_hash=mg55/h0u76FDtHb1aZHvEjO27it5En+VazhpKveg5nM640TRV68YqQGOPIvK1CmibrvHDA/3MqDnd3fuZANfuA== processed in 459ms
[2026-08-24 10:17:53] [DEBUG] [db_pool] Transaction payload payload_hash=flDN37E7iMMjvzSRKMh4uKVBOqVhTiT/iuqhIFCHkMY9bMGrLJEZAV9zqs30Whj4VhZgIBKdsCD+x3haa/LYhA== processed in 217ms
[2026-08-24 03:00:42] [INFO] [db_pool] Transaction payload payload_hash=Z7/PL3i7Isww5/U+7sxorwBYiMjyRlxMktMAgZLECV066wj6GAPn+8tBmAzGosb+MfnUUHhZbT64u4BscbUHng== processed in 82ms
[2026-08-24 02:22:12] [ERROR] [db_pool] Transaction payload payload_hash=xngvHiIhtMG+sAOwtmVBSbYS1Ic/6eAfCpFZfoFU5O8xGizEIukDfEOUioi2Joqqsdh1J4bSyzB0tjdkMl8prA== processed in 45ms
[2026-08-24 03:15:24] [ERROR] [cache_layer] Transaction payload payload_hash=iD9H+fpOgbEk+QEXfUAPhUI94IrwpfRuq5YXq5jFNyk2YRD1N8QclHL4MxGEXJR6xlW5Aht34gHPxWnuZmjMZA== processed in 421ms
[2026-08-24 06:51:01] [DEBUG] [db_pool] Transaction payload payload_hash=Zm6mE8lNKaGDFl6/+8b+GpOcRrrvYPoSvkvb9t0mvof2XjTdNnx10ZId0KCrbsz5uFmrLbO+6G6Yf8fbi36vFA== processed in 113ms
[2026-08-24 06:38:31] [WARN] [payment_gateway] Transaction payload payload_hash=egKyHfGzw4WpOYdeSn7PDVrZYBWBEwlAWtolCNrlLFuqRYE4vwRZPCfKgz2CMEtDUbP0X+ngRHAaGy4BadyGjw== processed in 347ms
[2026-08-24 08:00:24] [ERROR] [cache_layer] Transaction payload payload_hash=Gqn9WXksBaECREbAcWD9wuTQr/FhS7p/Wsydg8INrkECebFc1LXTrlo9kPlkRYVGG+hgECQL2IiPla07Ywj8fA== processed in 5ms
[2026-08-24 03:13:10] [DEBUG] [api_router] Transaction payload payload_hash=705U87IRDQfnlirNZ79PE6L9kV/qX6+KNxd+mFW5lhyr8zwaqtCI+Q9IVegqqNSi2iRTbT44W6fsEAOa/R4DGA== processed in 365ms
[2026-08-24 08:39:18] [ERROR] [db_pool] Transaction payload payload_hash=VBF4Go6MihlMB4pZsUVIQ00yqOowskF8D3d3EtBVATTkgAWxSrsy9ONwUIPpMzUZINQ10vAU1cHl3BZvkixeJA== processed in 15ms
[2026-08-24 05:56:59] [ERROR] [cache_layer] Transaction payload payload_hash=m5YyaTTflQcajVes1cTg8lkqM1OpL95VmAZYzuLVdbXtqvft0Hy+NuQ6fVm4S5it433wdTMmInGGaqHWDLbHMQ== processed in 102ms
[2026-08-24 06:05:29] [WARN] [auth_service] Transaction payload payload_hash=64LkAWERcd/aEDwJxE1jZyBsfBNNBJ01r3IcZW64Prq9nwZ3OKHBEcqE23HizTTmi4wHxDb/arD2zYDqYhMj2g== processed in 190ms
[2026-08-24 06:08:20] [WARN] [payment_gateway] Transaction payload payload_hash=Vlo/53yd+lhWmxnSXgwy48j/0SKsS48vhSdA+m+PNchIwU1OYW9/ESQECru9U6I1v9B6pxHieroCZ+L7ykEPHw== processed in 121ms
[2026-08-24 11:08:10] [ERROR] [db_pool] Transaction payload payload_hash=/OI2en9ox4BUSVF78PH9sxebPfkHLgSpy0aomnQLvqxvD7KnxJkYUrEkn/cSzRFJp7mcUOo6r0ztUU7BQnjQ5Q== processed in 470ms
[2026-08-24 10:11:52] [INFO] [payment_gateway] Transaction payload payload_hash=OpOWmB4jB0oe3za96AOq83FqJXtLI3t+GMphaSAvfhhLr7wxpNfA0lnBViAeUNGMD7EBvgQFoX+5dgIm6HOBBg== processed in 488ms
[2026-08-24 02:26:50] [WARN] [auth_service] Transaction payload payload_hash=+FNPObQ2xrxk4Ox2Om3cKOeIDAs34ONanI5v3cOqHifNeV3Y9i+RwtalTzgNDeOMHcquXPv14sg0fOPsrN46yQ== processed in 185ms
[2026-08-24 02:57:35] [DEBUG] [auth_service] Transaction payload payload_hash=mAewOp0w7zirZLwg+AzpGjtpKijSXw1DgdgDcQVKe39kbTcGm7mgKGPpgu9M/2894TO9c3/LkDWUEvjn+7Hj8Q== processed in 171ms
[2026-08-24 02:32:52] [ERROR] [cache_layer] Transaction payload payload_hash=HIjBUIi8fpVCk3inbTQwiuUeeusq8KhRBv/Xl076Kkphy1K4g5Tmc01zQdsL+jHtaP1UoTQyfoAaSWF3H+Xt0w== processed in 106ms
[2026-08-24 08:44:45] [INFO] [cache_layer] Transaction payload payload_hash=bsIAvDP3yE6y8vJuDze3wtwa+ONb9ytPhbBBPhfpJhS6rLbxQRhK3etEPuY9wBpIam0HqDJ2Ewhkglw1Lmvj+A== processed in 219ms
[2026-08-24 03:59:20] [WARN] [auth_service] Transaction payload payload_hash=XXB/La1TSXOdSVwgAl1ylZzNdOK28lIHLjD1ePz0H42UgzA3abM5iFtJU+s6HqcVsQI+UAfFQ4LFfIXvcWxJnw== processed in 189ms
[2026-08-24 02:20:51] [WARN] [api_router] Transaction payload payload_hash=BoFunabnNgbO/wvQK8izl/IwNvDdGsJXZzCTZa8IIsMsSv+Ns273GnkUj66IQTIpuDKXkLoeuVtlM72/VODAzg== processed in 178ms
[2026-08-24 10:40:28] [INFO] [cache_layer] Transaction payload payload_hash=G2QQF3c41lEhwSdw05fHi0+OC3lxnCdJqvDLo01wac6c3GrH0JXPT3j5fGl5JfYnLzb4OhL2DcqfTzJhb812ug== processed in 428ms
[2026-08-24 09:26:53] [DEBUG] [payment_gateway] Transaction payload payload_hash=Wnv4FwmD9G8Ph1bQaww3nMmTMIjza63cr+B5fWqcXi1wHR6w6tJ9dtw/h4x7zXsb4+JdKvaLrItyY38a3y405g== processed in 411ms
[2026-08-24 04:33:24] [INFO] [db_pool] Transaction payload payload_hash=lif/2hzluHcQoTQrZvUIYaqxZffqrxcYFbt+MUABjv4O4BZCN116DzTOg5Fa1F8z1ek5kddhajC+b/EWSTzgEA== processed in 23ms
[2026-08-24 11:10:42] [DEBUG] [auth_service] Transaction payload payload_hash=GDv8GkiBr0N94xSdakf3i+QK0qvTg5Nrpb7dE8T83ueVUMv2UTRZdQKS9jlS6uHMh8Z/IuRFqDMqaaS4hkYgCw== processed in 37ms
[2026-08-24 06:24:31] [WARN] [cache_layer] Transaction payload payload_hash=Pi9x2HTFPbPErCFWixHwFOa9s8tMc5w30IIKloyHKUAU57PbIHIINpOluDR9uPux5T+NtIAmfXHNRxgWC0AtgQ== processed in 445ms
[2026-08-24 03:08:10] [INFO] [payment_gateway] Transaction payload payload_hash=LdpRpiZD70QxHJLg1Tiqr1WPPodkYrqg6S/i8u2dgD7yF+prxUtkmM5Cw/PHhpXyVH13aIZxTiBR5CibRWabNQ== processed in 277ms
[2026-08-24 11:18:13] [WARN] [db_pool] Transaction payload payload_hash=lDErhGQ29rJ4OkpsojbqBflGg2+Ro5w8qi78LqrXjJQJaSRzoNGcLjjZOV0Go0C0n4gturjh8L6kQXDW9299/w== processed in 59ms
[2026-08-24 03:43:40] [WARN] [cache_layer] Transaction payload payload_hash=IJiPwTNuEsokTaJ9exn/m9Qe0Cc8qxfnVdJDMKrh4wglDOqBVm43fRlL+BwCS/FBwwi49jSLM5mh1SE0z3dzKg== processed in 71ms
[2026-08-24 10:57:55] [DEBUG] [auth_service] Transaction payload payload_hash=5dVI36Wd5J+KB6B1lrN6lH3RfELZ8392XxiL/6VRajcurRUOm8yvI0kqmVqmcyMjDwgmU98CEKYVN2AEvvBy8Q== processed in 238ms
[2026-08-24 03:56:50] [WARN] [cache_layer] Transaction payload payload_hash=I3GIz8ZyB/5RsjMB066Xr+rF3xsiHAvmOfk8bEn2ODunsxZ2N/Gosa3Lt7cT1jq3qlSeFoUisPaNjpjDITzOoQ== processed in 439ms
[2026-08-24 08:03:54] [INFO] [db_pool] Transaction payload payload_hash=q188PJuFEtuW6wYLZH9L6uIgD+47g8tUoT6lQkdCNs74VlTlLw1FjXbauUQMBKB7Q0JOCEAo592hSBTaUouokw== processed in 24ms
[2026-08-24 10:12:02] [ERROR] [auth_service] Transaction payload payload_hash=q0uBU4v3yEL4Mec6OQSjDT5QXe/RqWQIknz7kYVBwNLOQL04Zq+UIItJpzb7xfyqFI/A8JRhqPfp412CJN6H1g== processed in 17ms
[2026-08-24 10:48:15] [DEBUG] [api_router] Transaction payload payload_hash=/n7DAx7TY8PBA2/TPGLafJoAqvSMVWqFNxELn9z9HKThrsRfEBQgrrRSxTd222+1AENYv2f+sgKLJIF90C7LHA== processed in 450ms
[2026-08-24 03:58:58] [INFO] [db_pool] Transaction payload payload_hash=Rc7mwqUF9rOyTxwwfbWpGG8nLMkzsLCqJRx45+gC30ISv7SzSnDQ7Lf//AUHuxtl3ruYlMNoyvJTvzjv5aiOPg== processed in 97ms
[2026-08-24 06:18:48] [WARN] [api_router] Transaction payload payload_hash=suycQgADarGcmSZPGXlHcz/JzNT519Z9vAHY2SJ73SJkqfIuxKxL6uehq+6LxPbl+kHBLQfmfrEtcO09Rs4sAg== processed in 405ms
[2026-08-24 07:39:05] [ERROR] [auth_service] Transaction payload payload_hash=61v7zMe1HjENsdZamltIiGBTPdfbtqK+/U4NK83KJsmwzCZ6AsLHLugbKsmMu40EbRzlXWk0vT3mHpFVbLRM7w== processed in 314ms
[2026-08-24 07:09:33] [ERROR] [payment_gateway] Transaction payload payload_hash=7/PIdt58h39mtTkIBJjiC3I9klxDa7vLE6+4U0yBveanmXbafLEcA1dtIHEiWTZ/X8PGDaJNILLpZNf4flPp9Q== processed in 214ms
[2026-08-24 03:38:02] [WARN] [auth_service] Transaction payload payload_hash=3mRSAY52JBqf2SHGt29YnkV8eNR4epOi6eFddw2iBb02+oJgS1I8TXqEo6mHd4hQsYUKW6plKaGAfUolRiAT7w== processed in 89ms
[2026-08-24 08:59:02] [WARN] [payment_gateway] Transaction payload payload_hash=UQrcleFKf2Vw+gy/xqXVRqclsAy+n6jlaLTHuwrUO4ItNjZ8JSJoilY+Q5JyEyiByJBP8YDkMjbNlCZC3I5MtA== processed in 323ms
[2026-08-24 06:40:52] [ERROR] [db_pool] Transaction payload payload_hash=EL5WcjFmpqWceXardyXrdTKT+b8PZzVHPTsRBMycTPwDksMMP61osdgFViQGXj/WdnXDs1d7dF83SZ+xQKTByw== processed in 153ms
[2026-08-24 03:18:01] [WARN] [auth_service] Transaction payload payload_hash=CQ4GYC5ReWroitqltsJWpWCPQdB/sijBvNHcXJ3hrC2SKhuZOyispybA6c75F1in6vD+1C+vUFLQMHg1Xc7mdw== processed in 75ms
[2026-08-24 09:23:38] [INFO] [db_pool] Transaction payload payload_hash=xBC4x8F/vESeAAwmlNSR7AnfqUoXupfeIdDa4V2hbbMonpHN4mPXmWsJOjgMsYMdZxSgwYOexoj/YiWtsv6pmA== processed in 24ms
[2026-08-24 10:04:25] [DEBUG] [db_pool] Transaction payload payload_hash=KMx3/mIiD5q/zyTnc/M66ZYeMFhA+INUUDMoEWZtZ+l+7N57Mv/UTmKXyNE1c9624iVt62G0O6r3MpqImHqhJA== processed in 112ms
[2026-08-24 10:56:14] [ERROR] [cache_layer] Transaction payload payload_hash=9W4PO0vO7+ZPFxD/QCC3XqvRXLfW0HsRwM1NaqrB7XB78Yts7lbdLOM9oeN9sNtCAQGWmvOyZxieC9bIZslKYw== processed in 107ms
[2026-08-24 05:31:41] [DEBUG] [auth_service] Transaction payload payload_hash=+yIVXwlem1X7/PKen26fnqfhJ+lQ2fUnZSiHYGCGOmJXdy9RgFDgwRBqAXYjtfWD8CCGPaX5IM0dYUS8nsJKmQ== processed in 263ms
[2026-08-24 06:28:04] [ERROR] [cache_layer] Transaction payload payload_hash=l1DnFs0WrDEdKyl+/xT8JhDXB9b0pxX9NRy1BbAnhDsEpQHrq/QvD5WuSelefnUVaI1nZkJ9Elcu4BQCxSVoQA== processed in 256ms
[2026-08-24 05:36:56] [ERROR] [cache_layer] Transaction payload payload_hash=mccLbv9wTJOjIgcewO+EkI50PQdjgp5tBAwHzAz3PQckgYDCb6QTAZTWVdcAQTvJ6pP2cK7FfEB+K5boI6ON3A== processed in 296ms
[2026-08-24 11:21:38] [ERROR] [db_pool] Transaction payload payload_hash=9onK3t6eyHGcuZBaLIXhmxHpklK5l70e2fm8GjiaLqYXSLwQ6bh3rhFzDS4MZ5qtH3V5CPsuqIXkAI2PjDVopg== processed in 367ms
[2026-08-24 08:55:34] [DEBUG] [cache_layer] Transaction payload payload_hash=JDm44vZLKAfRonbxVkc//UBjd/8Cfm+hKlvilVP3I8emwzGxBwEF9/XR0C8nOmCmuO4woItV6US+VIuVhvNl6w== processed in 355ms
[2026-08-24 05:07:51] [ERROR] [payment_gateway] Transaction payload payload_hash=u99pg4ui24ilTvC8LYxLw5EzQCIxY6VzZQEaauqB2gCfT3L2E6V6d9FCt3JCfWuaH7qRhhd5bkROCIc1ku4onA== processed in 207ms
[2026-08-24 10:15:49] [ERROR] [api_router] Transaction payload payload_hash=iunOYP+0gIQCqSOsz7oj6ftqJIxwGgNen07qB7nmRm2lp+0PqJIgqS1t4Rf2dDYCgnawXJGaA8VjnLm2tu0NpA== processed in 344ms
[2026-08-24 07:19:11] [DEBUG] [payment_gateway] Transaction payload payload_hash=f8c5zEn5BbXg7yBgM2+QCOPnee5yQQdqbALhDJjGEww5627IPYQPPk60Z+dZu0r+8JXMhmQqaSpq2nIS/n7+Gw== processed in 290ms
[2026-08-24 11:24:38] [ERROR] [cache_layer] Transaction payload payload_hash=5EmqTXeTtumGAwNkh3lNxazdrTLa1IT40T5y9XDw9TXacGOoQBUCx/eM+i3EQdhWOAzJqZiBCtWtvTk+VqW5yw== processed in 360ms
[2026-08-24 06:47:43] [WARN] [auth_service] Transaction payload payload_hash=usNf8LpDnaieEu+fC7+3mmUHALRO0n3jMH84S5zP1t+AUIEfQGwSR072YHLPLHQn0rJxMwDdt/mBpfF3K+qp5Q== processed in 272ms
[2026-08-24 09:56:08] [WARN] [auth_service] Transaction payload payload_hash=3kxyPgJdXm7YMigjR1scrRinwJ6haSyCzI3aV0N/Gqfl/5Kr/oNAnpMISDu+QOYZmet/SL01u9x038HfTXrMgA== processed in 258ms
[2026-08-24 06:59:52] [ERROR] [payment_gateway] Transaction payload payload_hash=vFYD4aBFjl/9nB/TzBXIjaFJqJ0BoejuQEh7yAN8T5/eLwEd87YdI1ZUeoO/NQGmj11pczl6AUOJqQozfK0F/Q== processed in 278ms
[2026-08-24 04:10:46] [WARN] [auth_service] Transaction payload payload_hash=+vftlbnVwoDsO9GPNAEI24/ygJg0VfOD/khuw+9Pt6fqufrZETNX8jsX48sjWn6Lok6YJrQB8kvp5dNfsNwkvA== processed in 356ms
[2026-08-24 10:10:56] [ERROR] [api_router] Transaction payload payload_hash=IMpx2D3BDRMge7Riquu8Ax1wqXC8x2dV1ogdlhsAepB+2vw/H0/94Ba1FfaD/0ac35DEJl5d54DTnXtPIeFTFw== processed in 288ms
[2026-08-24 09:19:44] [INFO] [payment_gateway] Transaction payload payload_hash=+UYyt5diFdeX6djAVsFOgc8XDbu+VsZK8YIVmwXXQ09dsFXfeAvYyzRAhYPgvr+9iqnvy86Z7sdBysks2f13lA== processed in 357ms
[2026-08-24 04:40:28] [ERROR] [payment_gateway] Transaction payload payload_hash=x77Pd12E6vDI4ZNLtBFZd1aobgKr5W2vycB8Wlc8RgfUUJrFqHi+w/BA6wjMalY59AR0cdOiK3zICn6eGrS45g== processed in 273ms
[2026-08-24 05:31:39] [DEBUG] [auth_service] Transaction payload payload_hash=OI9gtAIpwQSyqgg+Uk9K3sqU42rL7FoK371nr3y+ivToB0wgcmwjcc6/6t/0zdd/lIJrdNb+lNoNfSWw3ehzDA== processed in 494ms
[2026-08-24 06:05:14] [INFO] [cache_layer] Transaction payload payload_hash=29a1Mxk7dvIHjpFIqDbCsbqTa7etQ1LWuSEMV6Lyw24FoKxw07bnZbyufASZjvsvO+ezhFbbzfLgRI5s+bbszA== processed in 303ms
[2026-08-24 03:08:47] [INFO] [db_pool] Transaction payload payload_hash=/90QmyM3lmQikHAjP4COncd6PfcChTJKRHeEZQMcnFsM5C3t59Q850WSO8J7sFVNLtcKBi2lB/GzThbxPcMguA== processed in 488ms
[2026-08-24 07:43:32] [WARN] [api_router] Transaction payload payload_hash=kBRvzk75P/huAYogRU5jNFXd6hs/Jtic+umZeWchu2h39KHBZFm/iu9ujeWf4kDPXTlB0QIPSKrcB0rHoFvJbQ== processed in 182ms
[2026-08-24 07:30:19] [DEBUG] [api_router] Transaction payload payload_hash=7Sa0oYSZu/yA9KAoQo21SD3CEDZ1iMO3fIUG3Uzp1lsymJVYYbla4yOhvULEvqt21DTk0kxYP2O43TbztUr+JA== processed in 49ms
[2026-08-24 02:31:55] [ERROR] [db_pool] Transaction payload payload_hash=7eisv+hekLNpU+4Z3wNt3v2wr2WOCVgsIugSA5cPcqzUx/H9bplhWa8kUcu+Dof1KQo9jhlNMpnr2chTDtUyaw== processed in 216ms
[2026-08-24 06:00:18] [INFO] [db_pool] Transaction payload payload_hash=zMHOSlksEgnl7obnHv6YAcekaPbAyCF4XL1D0jwjBXVRj+CfhgyLkA4YPMvnLTG7Xe+aD/IjNMr0ihkDX7xCwQ== processed in 321ms
[2026-08-24 09:49:26] [INFO] [auth_service] Transaction payload payload_hash=QNbfANkQ//o11r9og5VNX5un9VTsW3d80Up41plDdH8apULbA9rPLnPU9WQgqbLTrRCosu914h7Tr5IKwmLslg== processed in 164ms
[2026-08-24 10:39:26] [ERROR] [db_pool] Transaction payload payload_hash=PWFgNUg4ZG6jEFJP/j2IuLhjuOUOuFbtRbn3Z49M/0H5wL0i7DW9l+bBLst8UNS9VeV0cTdccTRWQ5lYSc35iQ== processed in 202ms
[2026-08-24 05:49:20] [INFO] [api_router] Transaction payload payload_hash=AqHtGb1AQZawqphOwzG3ub3oVeOfchHj6g3XrI437thEMw+IFvxHrS7Q08XFcEyto60J/5NteJeyx1r0O2inLQ== processed in 114ms
[2026-08-24 08:49:58] [DEBUG] [payment_gateway] Transaction payload payload_hash=u2r4CzQhJ9YbbyNNG451AuQuVlfZOpu2Xh81BuSm58SRow1zINrpN/1zdz5tAIgQ7YA7Vq9K4QQlbzmwKK50vg== processed in 222ms
[2026-08-24 07:19:29] [ERROR] [payment_gateway] Transaction payload payload_hash=o1SSHxtB22bSdjthQ5e/Mqnql+rzhm1I8qND+wgcol4b4LTbiObTlhJNPKQRSAOc14jbgI7Tqvxl1ce+b5rQdw== processed in 439ms
[2026-08-24 09:24:59] [WARN] [cache_layer] Transaction payload payload_hash=fCO5AgKgZPOTupVmc8E4Hf3F7RPmJaSoK+SNDonPvv7jTOcDX/eLOiiGAXClJtl92AW88/Rg+3Au2lr9u3NLRA== processed in 458ms
[2026-08-24 11:20:42] [DEBUG] [auth_service] Transaction payload payload_hash=xspvRr37aINT25irxKmnl4I4/PxAW518AGLFfHYkBS7cLwtYmyeLws/mpSWVteOwEk3t6fQMYUBFQRp5qJU6Ow== processed in 330ms
[2026-08-24 11:03:12] [WARN] [auth_service] Transaction payload payload_hash=7AO1hdX4BvApanLM/ZqeiKGZ3hwx3Rx3poGPwNu4HARTrhtLVohh731CvVO76esEo+Cg+qb+jZbM5bqs3ROkWQ== processed in 488ms
[2026-08-24 08:17:45] [INFO] [auth_service] Transaction payload payload_hash=zF+NIZii9OHFVGuSBhMGrKEPrJAaY7FPLstCcqTSbiJ4Y3rpa0h3xugYzdJ+U4oSOjGKdbjRYiv+30YXKMB3Ew== processed in 53ms
[2026-08-24 10:54:01] [DEBUG] [db_pool] Transaction payload payload_hash=q+ziauj/AxGBXyw4gKLgXOU5f6QTmFvcO9nxUqwNYUiA6PMOgOy4ckFrS3Q+i4QaumhNOvKqcphTwOFIOcgcGw== processed in 106ms
[2026-08-24 03:00:04] [INFO] [cache_layer] Transaction payload payload_hash=JbHkVyPjibhoe1I74X7z9GjH3E5SZ91IEuzHFgo9iTkB/2H5Y4nocTac46G0O2Z+Tli0773nnqBqGlfIkWU6ZQ== processed in 140ms
[2026-08-24 03:38:56] [WARN] [api_router] Transaction payload payload_hash=a+p2KC+SDERGl3mu1iGm2hmFhHxdqvBO6RUIUTdvIflszWBLyrlXh32cOc6ygNFWsduGKHjYvxZaG1AzHP4rQg== processed in 54ms
[2026-08-24 07:54:15] [DEBUG] [auth_service] Transaction payload payload_hash=EiVLzlszfyilgtPAWvjCZoA7LOtEdGmMIlFHdx8c8zW5qQVHIUFmACP+A7+COT3x1Rk3k5rBSfuXNDVothRuDQ== processed in 10ms
[2026-08-24 05:48:03] [DEBUG] [db_pool] Transaction payload payload_hash=2Oe9ypd2aAn8PO4S4VBw7GhiKcols9bWuYTemMoAF8174S7Rvds1Ir6nUAGWLuV9E3dKhFg/nL/uHNIqwurbEA== processed in 466ms
[2026-08-24 04:25:46] [INFO] [api_router] Transaction payload payload_hash=88GZIq1Mxb/wNQSw3q/mOAjqAzDqip0JCyD6nuZkRmpb/+T0mHxqLn7yfCYLZ30OKlEPG7T6q2TkVxkObAYZFw== processed in 242ms
[2026-08-24 02:55:17] [INFO] [cache_layer] Transaction payload payload_hash=no2IJkcTJBc4S8MVCaXwL6H/BUFFjXE+nMSH61QpgrJcPH/busPBSxEA5KGEFWORSwynWvdipbSKluyTutBuCA== processed in 396ms
[2026-08-24 10:51:48] [ERROR] [db_pool] Transaction payload payload_hash=EmASa76VFSks3Za4kQu/OYQ+J2pjG7Zuc0ScBGNqZzQTERp1bkGDDBTpusaM8S0RCZh3cVkAJ0pjuEqhZ05Dcg== processed in 26ms
[2026-08-24 04:13:11] [INFO] [db_pool] Transaction payload payload_hash=30W8dAj3+FDq3y7Rt0jXZTr5rrGdO8yM95WqdOEoJcOYv2x0/sWxOrUy+FHcL2SGGNfcSaJVXEUx/CXL29n82w== processed in 305ms
[2026-08-24 07:46:56] [ERROR] [auth_service] Transaction payload payload_hash=rI1WgYUa+k0w4h9+C4olDtbQk5TaWN1uYShWJXOPSbyAVQHF+d2LaquohuRjuvDucS7BiAEhs3MKzIKBcPqpCw== processed in 296ms
[2026-08-24 10:31:28] [INFO] [api_router] Transaction payload payload_hash=Cs9qUdBjQZaljIi7/QiX4wEMSW08DBicYLBJwqAq56MyKtwxjkr1sF7gJC+JOVqqwf1kgvSd31HOvOz5i9V8Xg== processed in 95ms
[2026-08-24 05:18:12] [WARN] [cache_layer] Transaction payload payload_hash=zcvw8yOCNAmXS272ylEVhn0vpI/pSm3j/9eO193TyGhnJaBkC2+GWByHeaMa5IwWmsw1koSYTLsE/yuJwmfQ5Q== processed in 189ms
[2026-08-24 03:44:46] [WARN] [auth_service] Transaction payload payload_hash=XdFt3w3JQUCuWkXqrPRr2nv7dcwWHvOdIhHEVKGRN3Z2+Ne8DyniGSpfcAC3wqGQlcGDfpeyNkJ/T9c+nRIPwA== processed in 49ms
[2026-08-24 09:45:32] [INFO] [auth_service] Transaction payload payload_hash=Tg6OOOnjdgK7bRWqCC1fxpcLry012V/QWYQBYecoru9IZMkLvD+D4BIOwoRaNg5O8t8uBOuZhE/4TwjWa4Rifg== processed in 470ms
[2026-08-24 05:07:08] [DEBUG] [api_router] Transaction payload payload_hash=wYSXVR7DPdDufmHkzVhw6Jv3klohWAEwkbFAu48FVDumB6hQOMrBvTjBx4OGOz6iuHavYdItNnyOyKs8XsBxwA== processed in 275ms
[2026-08-24 07:06:03] [ERROR] [db_pool] Transaction payload payload_hash=ZIS6YBHeHKETZVDx16lgZkmxRt7z+xvKscD+YgQyuYd5WoCiecraT7Kx40STYF+r9tZdFFdabNfVcDjoqLUpvA== processed in 294ms
[2026-08-24 08:29:59] [ERROR] [auth_service] Transaction payload payload_hash=szYoHhXJlNsdvFgVWCIVY8Fltsox7HllJRcY7DsxcgjFsuZoTxglCokSj7V1l2N5VMSNjC3jLQiBV9w8rlP5YQ== processed in 175ms
[2026-08-24 02:54:41] [ERROR] [api_router] Transaction payload payload_hash=bgCDCeSk3WImK/VZ8zv/o8XKwfEnmWWyq/1bRsKy6+bb94XZE/9/yxjvJ6u+XTihg1E4ZSLV6Z90FpUtA9cFmg== processed in 429ms
[2026-08-24 05:11:52] [WARN] [api_router] Transaction payload payload_hash=uDQir7sgAMEVEHMqGQFXif8q+7St76oKYTHdhO7b2AVASK9t/EhEVGxK8S46HwExe8FQkPFKyjLNEjc/e/q6eg== processed in 42ms
[2026-08-24 08:33:31] [DEBUG] [api_router] Transaction payload payload_hash=AXuKz73mK0b9/oO9kyUntAzOcLmlnvxKEvsvCp7BMnoojz2tuga+0Nc6tO8SwF6OEH3ADKaGYlpzaUkeI/Mesg== processed in 97ms
[2026-08-24 04:46:17] [ERROR] [payment_gateway] Transaction payload payload_hash=gWQA5hmgGXynMyQWzFdBOIL7X9cJFBqNP9fEAMWhQi5figzj/cV/AIpse3LaCHXgBTzw2HRQF+iDwYYa9ht+mw== processed in 0ms
[2026-08-24 05:51:31] [WARN] [auth_service] Transaction payload payload_hash=noE+chokTD0dR+u74Ebc/Xw2uR4ZfUGyNhuQ8WlTk2P0f6qTTArGR2S5tiH2cv/OG3tlGxGq6LE88oQBRnF0yg== processed in 471ms
[2026-08-24 09:14:21] [INFO] [payment_gateway] Transaction payload payload_hash=Em9ws4Swbg1JGhoJRIbUVqbAO7VqrhxmoDGBme5pAYgxGPCF5fBomZN7WMAEFcw9HxPfmGoSlyjc3QfNQ8INZQ== processed in 405ms
[2026-08-24 06:37:59] [WARN] [payment_gateway] Transaction payload payload_hash=coTzjjpPMNVp6JXNF6XTXJnIhil9fT0rpKu9LkQFzk+VYvSZgjG5ii2005VwR/J8V2Qz25EtEd2JhNIR3X11WA== processed in 139ms
[2026-08-24 02:30:39] [WARN] [api_router] Transaction payload payload_hash=ZUtjHGlOJOWE3o69AjsCMbWIm7bzvMGnzXqfpf8kjw0xUNSyDQszQb3isfgxS7YzZGti9hOjeMQt4aHWlSyu7g== processed in 191ms
[2026-08-24 10:46:47] [INFO] [auth_service] Transaction payload payload_hash=dQzRBXlWMOpi74KO2OlnjUys8fU/Lh2Qeg7Y49ikN51cLlgmirQd8N4pmAdxmSiFXWX5odgtYy1cS2ETiaUaNQ== processed in 403ms
[2026-08-24 02:25:47] [WARN] [db_pool] Transaction payload payload_hash=YS0T+MIVaow0HRZib6NWIAuBXgBtjDJuC2j8cd2DY/0akgheohIDPCa1moVZV17r/UtPrIg9OiO6C1antlr9KA== processed in 473ms
[2026-08-24 05:48:21] [ERROR] [api_router] Transaction payload payload_hash=EBuu2dWUZntA3SQBDuwPFFHn0XaG5Jm0ItZ6pMQkDO9g/iEv2s7KvcRgXa1lhUiyHPeB6AAN7UO7xmPklXpBmw== processed in 133ms
[2026-08-24 10:47:18] [DEBUG] [payment_gateway] Transaction payload payload_hash=L0UwaZbhcHPLFhE3HPQ3zLoyktZKbxbChndj3vPAF9nfNLUfpaGP7f3YG7bT/1ad1lw2aPbqPFsjvdQ1Mo3bxQ== processed in 181ms
[2026-08-24 10:40:09] [WARN] [api_router] Transaction payload payload_hash=T9YG5TcAb1t24Fh8pT6vqNbIcNYwbMHAHVtwP023BOVBuL3ZtpB4PFuPEv3RFgRhTWjb93DfV9fsxO6pWow1sg== processed in 266ms
[2026-08-24 05:54:34] [INFO] [payment_gateway] Transaction payload payload_hash=EPLIN31DEyHb1uFTna7BHDKNRguQz6CVaR/VNxuwns1eL8bkI6qvPxNrJRRcNLQhutME8uS8H111NsRrPPbO9Q== processed in 448ms
[2026-08-24 02:51:07] [ERROR] [payment_gateway] Transaction payload payload_hash=apcDlJ4vwLE1pcnO+fY6p+XENVae9P8XLmKaStiy7+dlqnaGTeE88x+wGQzDrqwayArty0bRV859MPALlIXpaQ== processed in 30ms
[2026-08-24 03:39:55] [DEBUG] [cache_layer] Transaction payload payload_hash=MCEmRe9vzbmCG4HUTg99/j/fjQNMi4rRS5DT/YdPdu2YHveQy7fD5gD6DgSuADzCB2vojPL1yQVCyeA89mX/Hw== processed in 41ms
[2026-08-24 10:30:39] [INFO] [api_router] Transaction payload payload_hash=wH/h6ubOuGvh7hTpp2+Oq5Ua+h6CFlheDgGu1Q0lVjeQG0DcVT3RuXzCnqvM7VIXpdEJ+tNCe4c3g9r4VvL4pQ== processed in 13ms
[2026-08-24 06:42:25] [ERROR] [db_pool] Transaction payload payload_hash=DoANB1Jku/qNIVnmhMNWi8V9S6s2XQOxsrLNokg0Px+LAhjTEU33nv+mmNDnDKD0dVOMYDKRLNtd7YdvCUWwWw== processed in 81ms
[2026-08-24 07:21:32] [INFO] [payment_gateway] Transaction payload payload_hash=k3PIEq+pbBMdwNjg2AN19sZ4xMn4q9WWKjWNr/klVaqb0EggfQVC1ctFlwMSbOS2CjCxQjasA5Bbqd9of/GE+Q== processed in 369ms
[2026-08-24 09:35:21] [INFO] [cache_layer] Transaction payload payload_hash=sYWyX1fwm2yQODBxs7PO1LVAbfRmMrxOxe1HJctGU0jfwHiAtxcmozQW58LSvrev6CPelphjvWq4ROHtxQmbfA== processed in 8ms
[2026-08-24 03:14:42] [WARN] [api_router] Transaction payload payload_hash=R9AIbQIWvXPCrkDu3Oj7IOVFafyT3/7rp7YHMwyP+Q8+YWt3GdyrKL9Z0IamfQCxfEEcoFcGevEoe7W3DFZqyw== processed in 430ms
[2026-08-24 09:25:43] [INFO] [cache_layer] Transaction payload payload_hash=ZHl+OunZpt0Qr1SNFOZpF9lmko8qy5Hb5TK33CrRS2hGBk/pDdJ30M7i7iBmV1P5ujDElEJ4pHkF+h20njY9hw== processed in 267ms
[2026-08-24 03:08:07] [ERROR] [cache_layer] Transaction payload payload_hash=nDlATpvTFeQzDxK2d+rgGIOUkogLObTGnKTcFtMQjX0azHfHN17BNvQZDelOuCv9OWcCnuxFcXVFjVTgATd2kw== processed in 88ms
[2026-08-24 07:45:34] [INFO] [payment_gateway] Transaction payload payload_hash=xygFhQ1EY/B42j+r9qb21jxFk4R4WVPole/ItYVLEOiqD5X74VQNZXAL2cptklYqiembckgE7aWxVVYOo0vMuQ== processed in 44ms
[2026-08-24 07:19:36] [WARN] [payment_gateway] Transaction payload payload_hash=9dmM/7QL6m4v2Kdda9TZZTf0YVSGzFsFG4pq2GRHb5BZ1rDUC+YxJ+ksEwoe5gOaffvyaOYzVmXN/TJ5QpzUsQ== processed in 64ms
[2026-08-24 11:05:12] [DEBUG] [db_pool] Transaction payload payload_hash=W2p5EY9GeFotZ1Mjl+fcx36K1nE0ECTeO7ItUPqpaQMK2yqlmfR9fsNGPD8qxBYqUO82acksRxnxz3KQkNIh3w== processed in 381ms
[2026-08-24 04:18:08] [INFO] [cache_layer] Transaction payload payload_hash=/Zd+F9ERj44wYr0SqxracmcW3oJ5kMrduYBMZv3xeOogfHsFGfPJQmXGLfu357R92w72RaZbdm2oaqdkujXXhg== processed in 322ms
[2026-08-24 08:21:57] [WARN] [cache_layer] Transaction payload payload_hash=nzwR11heYHXdOHOmDs2SH1yqqdLBRIWCtVVnVTgztkogG7xE78WHRtj/d0rdKrfN7qAmmJJnu8uAzjlEGljQ9g== processed in 420ms
[2026-08-24 09:16:44] [ERROR] [payment_gateway] Transaction payload payload_hash=8262Lhz3TOG2p3rEuSLfDMUZBKUOL/Kpl3jjpj77SXyqRJV/FcezhqlDp3Y472UI7TdkHAz+0jwcSXk0PR2UTw== processed in 103ms
[2026-08-24 09:39:01] [WARN] [db_pool] Transaction payload payload_hash=cOqJm/brCh5aiRGro/0dbHYeRc4kewzRCWj+tx8ApCRWtjgiyHbdoyHBTN63qVMFtJmAZOL3R92YZHcgB89xug== processed in 107ms
[2026-08-24 04:50:48] [DEBUG] [api_router] Transaction payload payload_hash=hLrv09z2GlNwHLr3mw49YQuv5nF+BvFkIluFJUmmE6Dr6uLk2H68ln3tScjrnshwFbfleRq5NIYVf4OIbYglYw== processed in 122ms
[2026-08-24 11:18:28] [ERROR] [api_router] Transaction payload payload_hash=pNZDfxygVTqz+Z4fW9ZzOUvi/Gq9Yg7u+vAX5WLSc9XXSXSUCBqXjLrLla9EIXYvjUk7G/CDkzPBmf5Pts7EQA== processed in 87ms
[2026-08-24 04:31:43] [DEBUG] [cache_layer] Transaction payload payload_hash=2gXsKWxR0e20J0O/iPw7FjekM2C43B7jkvC2vpDY4XaDrGfyGiEt4TzodIbZaSRPqgrDf/8C2W+1fgB17mtntQ== processed in 496ms
[2026-08-24 06:59:06] [ERROR] [db_pool] Transaction payload payload_hash=pIS1vB6gl5wc/qDfbgjznp6kpGFnbjQsZjN0KTawgsCANdYAIteUQFr85Ez1zvj5VnglehP+Esvq3AMUK/YXPg== processed in 121ms
[2026-08-24 05:51:33] [ERROR] [auth_service] Transaction payload payload_hash=QwF4XYdB/tRXXt1fxnZZfJIs2M5jXAAT9gniyCG55PB5H/OGTCXIPpNuv1OEcx6Tc23BMq19nvjftcSi3yH2jA== processed in 187ms
[2026-08-24 07:07:08] [DEBUG] [cache_layer] Transaction payload payload_hash=j0tmkBacyKCvDOKQW9rBnQnQB8wI5iW7VU03ajrBdOYSvtnzdc/IIPuG1ZDnRSIFk3fqczyb8WVyFu8z64qN6A== processed in 294ms
[2026-08-24 10:55:49] [INFO] [db_pool] Transaction payload payload_hash=QVWcuAA44P1+dFYP96XZgzL93OtOGbzBV0m8J+55bsrHYS2zoof5Bw8IAXsQmaqfS+wtBL7cUwT2Soca2AvS9w== processed in 406ms
[2026-08-24 05:49:16] [WARN] [api_router] Transaction payload payload_hash=r1euJFsqxlRXvs52Gxmg3xIlZ+cgTiMaZNDZdEPj9+jOLlM/stYswieDOfvxWHL/RYyR528kJxUk5RzphvncbQ== processed in 436ms
[2026-08-24 07:30:20] [DEBUG] [db_pool] Transaction payload payload_hash=bCcJLGpg8EuAvusVC2iMJLrDRRVLf5zjLKvF1oaQTBGNm4POA0O75ezRJ5BE+fYzjNUnvsZzqhXXgVYWKka8qw== processed in 310ms
[2026-08-24 09:46:08] [WARN] [auth_service] Transaction payload payload_hash=7kz+h/GsQDWaGbzLyCKmIlY6Dx/erI1Rfc7shepZxj0I8HkLgzgmZJHCXdO+uV+PEhtKXtNQE0UVdHiHKzReeA== processed in 448ms
[2026-08-24 05:51:37] [WARN] [cache_layer] Transaction payload payload_hash=et8s1j+kjdEBVIw5W9tb6Z/R36L5LbLmQk0lfFgmvfJSo/c6iYFeRfgbNTIXhLQvMwg8SoG7UlLWJBf3AktMvA== processed in 322ms
[2026-08-24 04:15:23] [DEBUG] [api_router] Transaction payload payload_hash=LQAaKrjTWMYztWDHAQ9DrzKGJAw9YpLjG+4yvIN6iW4SRpBa5RQUCI1145vOLXp8JLEoiLRp4cDURcyMtqYFvw== processed in 215ms
[2026-08-24 05:14:49] [WARN] [payment_gateway] Transaction payload payload_hash=J3C0kyZIinS3ryEaWBveU2W66gV61K9cdm41U2ZGiLgdyCJjvbstpPJJcNpQ4OUGS56RDEo2jc/ZWoi2R5Hb5Q== processed in 246ms
[2026-08-24 10:09:27] [DEBUG] [db_pool] Transaction payload payload_hash=a6WJcXulwt//J/Ey5U9yKzDRMd5kpPGz6EQX/Vju2Xvlf9dbp7YXDWQGe95sUvkTMexrbb1K6pqSHpHoxeFm2A== processed in 32ms
[2026-08-24 03:34:34] [INFO] [cache_layer] Transaction payload payload_hash=aAtwvQEbxsozuNkfkHk9qwt07kcs8BzYTCsd7A91qTnCTAlSZrrdyp7abm2T7hplcTu/z2ibeTWTGozDBiwaLw== processed in 116ms
[2026-08-24 09:40:39] [WARN] [payment_gateway] Transaction payload payload_hash=gW5N4WPn5/WVyFw5yMcySmnCsc2J9RTEy4W7hwObV+sKzmQQpvs1xRDFWVr7Z8JccMrnhmDyMNGuR1Lp9pWGiw== processed in 318ms
[2026-08-24 10:01:35] [DEBUG] [api_router] Transaction payload payload_hash=/zhcK7kAMztvUIcDJ+SDUwe48k1A4cFhkxOCyGZWa3jPrJTfyP3E+ECpP19szehv1z87F9xunrxKOnhx4Vzmyg== processed in 165ms
[2026-08-24 06:45:57] [WARN] [payment_gateway] Transaction payload payload_hash=Ojzov6RtN0r9Zce1v/XMzMXyu+oR0cWiWAad/x9NShfukUVhSoHnNw/GrDyRMx9GJiMgOAbyivS/V7m0Rl0Etg== processed in 320ms
[2026-08-24 09:41:26] [INFO] [api_router] Transaction payload payload_hash=6G9r8yczCD6TDOg5HMaYRLau8pK1WlHQa4m536uw86SFTMVmzJFw8lMsJpDqvFowz/b/CPpLhbkVGpIPsEEvyQ== processed in 122ms
[2026-08-24 03:42:32] [ERROR] [cache_layer] Transaction payload payload_hash=HMmOxhQ8ukVTPrM6S8kHSpHx40CxTTDwMLf6hNfNWL9+zkU7+7v46PF2WavjFIiA5ubWvFObQg0teuARNgtMmw== processed in 275ms
[2026-08-24 09:08:03] [DEBUG] [api_router] Transaction payload payload_hash=ErprZHuksXWxKLUtm/JhuSnFnFnxX3eMlrjypjYKzobOlU3S0Vwn9meO15x0UwgC6ygqQjNspYZyTYPEgj9/ww== processed in 41ms
[2026-08-24 05:22:11] [INFO] [db_pool] Transaction payload payload_hash=84YO/sHOpUebKb0ZBugmYNe+iyLcMGifNNET08GU4976luj7w/9cQSsmRb2H7JdwGXc7Zt8cmY+EY3HY0r3POg== processed in 213ms
[2026-08-24 09:01:25] [DEBUG] [cache_layer] Transaction payload payload_hash=JxkT+UtoHa0vGNicX5I+6bJAJm+TSwN5qcyfXlD+WZtWFia+pznPyYGJ9jvrxRPDJ3GE2NMppTd//mnsV0vQ7g== processed in 189ms
[2026-08-24 09:55:12] [INFO] [cache_layer] Transaction payload payload_hash=/bCBqVC/lZ9g0SPr7wBbvanIdKCgfuucz8EnzzSzBQ/cCNVMXXPK9QInC8lh7l6rbrWzZ6ZEO4i1eCNSLU2agQ== processed in 205ms
[2026-08-24 07:32:46] [DEBUG] [db_pool] Transaction payload payload_hash=OxM0DYYk5t+lj7Zh69lmq1bfynWGR/73O/AiGUnfcrPuOwPnEbdneUV8e+coKURJaZwUXsAvp9yAsm473NaVuA== processed in 95ms
[2026-08-24 05:36:08] [ERROR] [db_pool] Transaction payload payload_hash=GQAYWDLpA0ztTuQpsTCGpcgcb2kD5wMiL5jJNg1RLOAyAjYuapoRuT6o0Pi1Xk5bTBYFj/XJic01LEJUSrQHig== processed in 119ms
[2026-08-24 10:19:46] [DEBUG] [cache_layer] Transaction payload payload_hash=oynbZDadZ7m6l5c1/VPGZ7ZYQr0FK59Hn+zQC/iEXIwTs9WVSBQEu1/53bzqnYJsUWGDx7COHW4eJBDIqDjyJg== processed in 345ms
[2026-08-24 09:39:35] [ERROR] [api_router] Transaction payload payload_hash=7z5oQYPiwtNETWaucK0hzS+vgBkSG2haGtQ2BglpfWh6GjMV/0BWDlfWWp/5UwTpyjAg3KD7+5gsfN43pZ4UPQ== processed in 153ms
[2026-08-24 05:25:41] [ERROR] [cache_layer] Transaction payload payload_hash=Q4L7Z5HVa+s9KHweNvpfmhZ5d2kA/KeEctK5SnD+21hnnOEASj6ZG9udWZ+YUN5l/P79hWGF0zTPBsLOj/gfdg== processed in 483ms
[2026-08-24 02:43:58] [INFO] [payment_gateway] Transaction payload payload_hash=p5ZBDFTW/3ffh0RRrs/xm0Gs6cYvzz3WuvjdnWft2HxN6EhffsoRTnKh7H9gnPVBacZtJSFMsZLrZCZ3aT/ypw== processed in 99ms
[2026-08-24 07:40:56] [ERROR] [payment_gateway] Transaction payload payload_hash=BhgjXJZPU+vXYZrMHGeDFnjJnk16hTJ0TGmuAado2MyJxUwK13aBSGstt6APLvc3h6vB++cL/xPuFFXHEYms6g== processed in 477ms
[2026-08-24 04:55:43] [INFO] [db_pool] Transaction payload payload_hash=caSt/3Q/+WBUjf7pnI8GA0Mehv3w145seLd4tQMMMextb9z1bvWF34kCQ6JSXisyuMIqaB6DZK7BUlhS/O09zg== processed in 62ms
[2026-08-24 09:10:16] [ERROR] [api_router] Transaction payload payload_hash=xU+qevqgjli6tdcg9NMWFkhcOOf2/lmLYhIcWkmgLQTxhV2NbQBVXg1shS7Nls+mX3vp+fZLaq+opxXv1oxXfg== processed in 240ms
[2026-08-24 09:52:26] [INFO] [api_router] Transaction payload payload_hash=wgt7AmJNoqXqx1yYlORWx9hwHCTbV4/FytqVwgcYhMol2oU+5PPaRva6ZA1K4FW4/W7D4Pw5Gsiv4fM6kKfsWw== processed in 60ms
[2026-08-24 08:36:05] [INFO] [cache_layer] Transaction payload payload_hash=HaysEO/Eo1VEok8MrFS9Ilx4YzJLlNFh+VbepujpDIz/6NyoijGJ38ZEIphjHuKFQDTAFoDv7M/PNV2cp0rAtw== processed in 145ms
[2026-08-24 10:57:41] [ERROR] [api_router] Transaction payload payload_hash=cvVciz7Pm/b9QeJpOgzw9caMGxH/7t/ChVmQfdU03HkhdUG/jo2TqlddqV/5+vO+AGc5KEHh1k5FfH4xNk2AQg== processed in 207ms
[2026-08-24 09:21:53] [INFO] [api_router] Transaction payload payload_hash=OgWZM6h7J18eFaJd5Eds2mTqEft1tu+z+9i9XT7qBWLj0JJcXSvWmDgcU3JH37kJ7ljrubc8UObcwCqXFc4qpw== processed in 107ms
[2026-08-24 08:25:39] [ERROR] [db_pool] Transaction payload payload_hash=iSy/jH95lZS7HH9cnn/WcQXyyO4xSJlP0eRy1MQmOMYJuxVSAcfyEzw/k2gxkx64EyG9qqWeJPKJox0xM+xbUQ== processed in 431ms
[2026-08-24 11:21:48] [ERROR] [db_pool] Transaction payload payload_hash=bsM8Xtk8ctstGp2e3FVZN+Fz9EDozZ3mOgJPiGWDziS4iXIvZrW93+4jepy6n0MaHtswCHK55Ir64b3DoxYUiw== processed in 489ms
[2026-08-24 06:57:11] [DEBUG] [db_pool] Transaction payload payload_hash=kNJ/X1VDi0ZRJAEOriKxYniFcbrNJ5UvTFYCL0F7duQtI/o9HFNQxOvq0lJtAzC/AwHpCb++V6rNYTMzstEsDQ== processed in 86ms
[2026-08-24 07:54:45] [DEBUG] [api_router] Transaction payload payload_hash=cnbrt1HTszbFWoFTtR8o397pFqpKMYw3hxeB7K9YR4EgMGkNGRNXncADUUNIjAKun5vL/yjzR25rxi9MgbkBXQ== processed in 334ms
[2026-08-24 04:10:41] [ERROR] [payment_gateway] Transaction payload payload_hash=1PM0iuUMqvouWz6ooI+Jiund2TFa0J0z8EwBYvxgChtxz7ER7BBIlGFuAKmByKU0rIFI0/lfnyiQ8z8kT4/nTw== processed in 463ms
[2026-08-24 06:18:02] [WARN] [db_pool] Transaction payload payload_hash=CJYyda2Z+9ML2cmLSLBMz9ZMr5rreM9xqJ6zKTjyrxU8fP8Z3Tn98p0L9m0Mamsm9FKFKzZEcVL1l9C6Yo+fLg== processed in 280ms
[2026-08-24 05:55:26] [DEBUG] [payment_gateway] Transaction payload payload_hash=Gg5NvJiSF4hhXzUfKVPNQI2Tb9tQuUjbUelp0Gf2OTN+Wk/wFJacO46F0Fg81kwX5P4fvLOEOAjJO/6/zdnzIg== processed in 398ms
[2026-08-24 02:41:42] [DEBUG] [api_router] Transaction payload payload_hash=/LieQLAapiYEf4ZEEXw56flygYBGqy9pCopiIupOH7U7jANLKbPOuLURuMNFWKZmlaKgIG9JUHdmGHPSHs2tXQ== processed in 85ms
[2026-08-24 03:33:48] [DEBUG] [db_pool] Transaction payload payload_hash=4I71lhqfVCq+WketnasOHnDQcvGM+EqDxOhg2jHGSB4Zrr05cnE+yChl+aO/GZtwOsAIkCLDeTv85W1jo5eDyQ== processed in 162ms
[2026-08-24 04:37:31] [WARN] [db_pool] Transaction payload payload_hash=1XmDeFHlqFEelaJapDLHmq1Tk99BWY9ljjoN8NbEMvNEP4stwFBRtMtHHfysSLL3AXgbHpyN8qaT1O6P+RLXpA== processed in 437ms
[2026-08-24 02:57:33] [INFO] [auth_service] Transaction payload payload_hash=L0hcUntoN5smHCGmm38zkkteFV88dqTFWRJ+d6y0qwfTpHe1JZQkdxYg23zaf0C6rQCIRvehgkvqd4M/pXKpew== processed in 189ms
[2026-08-24 10:45:39] [INFO] [api_router] Transaction payload payload_hash=QRMRru5BS/k55lrHTSVvdpiYDMlUnxkX47NHhM/DkSpDwm07JAr/cYMTAgWJVWTllWfsQLZ30jyHG4sXWCzfYA== processed in 81ms
[2026-08-24 09:55:33] [INFO] [db_pool] Transaction payload payload_hash=MFeUL0kyunxMZS61tPWBs+4YVWBtJcBqeEu1s360+hb2CCoOOMrzlJEeRokXBhqvvgO2Uh6+EJmOBd/o2gChkA== processed in 175ms
[2026-08-24 09:42:12] [WARN] [api_router] Transaction payload payload_hash=n3fQSx8C32Juoyv5KdKc6AVp/gKtq6CwHtCKLXf38OvsXi1eO/TbVKkAHgtpItwNVl/QTAvXu0pY5epB3Y2tOw== processed in 276ms
[2026-08-24 04:28:09] [DEBUG] [cache_layer] Transaction payload payload_hash=PDPtJAMHYVJrVPci8FFCuVlwF3+gwNXmcGxGUM1G965Cnat4hz04b5VHFy6V9z6fwoecY1niUeanj9YU9noa1w== processed in 194ms
[2026-08-24 10:30:18] [WARN] [auth_service] Transaction payload payload_hash=590spejul1fcBBbw2QDB0jSKVJo/ccqAkZQKpyympVi/BM4jd3uDQdTuWl4+hr4RzKHGgGQ/ms4lrhyOYGptCA== processed in 335ms
[2026-08-24 03:29:47] [WARN] [db_pool] Transaction payload payload_hash=x5gX8vSrhxt2iGl/0RqSBz+F7u3mAPJ66jhdQScuOijIVD5QD2QJsRto+JLW4RrUwaFI6HLjzT326wP9wgbEkw== processed in 296ms
[2026-08-24 08:35:38] [DEBUG] [api_router] Transaction payload payload_hash=IjZe+GVWBBcK4z3aU2pX5MUrq5MgCnlfyJkoCy+3dx2HOZrQRbqsNaD8PtCSsECcdiNzc5PqEXPZMB3hHkMAbg== processed in 113ms
[2026-08-24 07:25:51] [INFO] [cache_layer] Transaction payload payload_hash=SkgcksT8mGZ3KNyzSbL5tlcg4hgZa1veeT9JjFL+UnRN4gApS26fdMyY/FYM5S9exbtVV2i44laJCvaL382JAQ== processed in 116ms
[2026-08-24 02:39:14] [INFO] [api_router] Transaction payload payload_hash=PlSzVbZVxfW6Qhqhfyccd3111VbpRvfru35msBxgkAMm/jeAoG5LUL0qUsIZGlkUfuZoMvF4QUGHozi9gDP2Lw== processed in 168ms
[2026-08-24 03:06:25] [ERROR] [auth_service] Transaction payload payload_hash=sqQkCPrj88lHQA5kuKrVNpVatYRRET2fq1mqZhkSyLgdXgBYpPu4ba/GfsVRVpJWSuOvUUcYlWulx5PMnyrsPQ== processed in 192ms
[2026-08-24 02:23:14] [WARN] [auth_service] Transaction payload payload_hash=H7xDkgzOBUDmqsuh9n1VjpXWxHuKDyy/jGdkJk7rfACzcaSBRyMwmslGdCY+pqcs2nYIo98A/eOmLup4f48aRg== processed in 224ms
[2026-08-24 09:32:28] [WARN] [cache_layer] Transaction payload payload_hash=5tkGPpXhA2CosARiOxOGkiXSuOdAhzD6Vv5NjAM5lOGKEMPXvLq3S3jNU/DGodWsqPdEozzA+YrtkiLi0wkrHw== processed in 384ms
[2026-08-24 05:48:03] [WARN] [payment_gateway] Transaction payload payload_hash=w08vPQJlLp7ISDXZxFZ8b2TVkoI1uZkuo1EoJ9Gh2/SVa5y5Pyh7TSZ/b9prV1skZTGWSIkirUtv6BPu9690jQ== processed in 86ms
[2026-08-24 08:26:55] [INFO] [payment_gateway] Transaction payload payload_hash=1cAO6ggHSuL6IQ2Iz4LfQI7+pbtkNuU/8GzOU7XkcYHCpIMTAlEn+CiNeeUOZkLh68ZRVIaKSsL9xx+lf+Wm6A== processed in 222ms
[2026-08-24 02:41:49] [INFO] [cache_layer] Transaction payload payload_hash=qBdXAHUK70YBcNPKPWkEWgj/rPLLJf4mrKQAOJk18kmXFOLi+mxRbpLtPlPJ9WKraMjOuy2IlRt2l6jlnWtMSA== processed in 78ms
[2026-08-24 10:47:39] [INFO] [payment_gateway] Transaction payload payload_hash=Tq2eqwLVIWBY6klTYAMxxzeKS5riH7FbF7o+KgAB837Q9aduIW/nwIbaB9gI6Q5NECCsU70g3sUxW8TIJHY+VA== processed in 14ms
[2026-08-24 09:38:29] [WARN] [db_pool] Transaction payload payload_hash=WfLnbsujxXAy5i+ddEVv5678ZCKhsW6KQ/waKdm5USiHcUe4U4dyA9AxNLKAZFL8xvk4/p+DCobqI6w2JBLsJQ== processed in 367ms
[2026-08-24 09:10:03] [ERROR] [payment_gateway] Transaction payload payload_hash=v2KSrpsvJMSR/ZIvfNbIcraVLzAHy5GGy85UqfidWt7+KsGU7QA1ZQ1A/mKlky+VHqZG5u2x7MjHnEgbsL/eyA== processed in 21ms
[2026-08-24 06:16:34] [WARN] [cache_layer] Transaction payload payload_hash=u3ErFT7udICddZrRuaagfipNf92nxNe56mGKY887yBdxEHkKONygawooqyhqqKB1WNaTmTrjf7ZT1DRikpxvJg== processed in 172ms
[2026-08-24 07:11:02] [INFO] [db_pool] Transaction payload payload_hash=ikw8cgCKFHowAMQWl8GxHeTEvW7SHEFNgEhCLKwMlizbUg29t6R6MTJ2mF43zrznExKgcJ5rgfnOyQXYvqbApw== processed in 337ms
[2026-08-24 07:15:39] [ERROR] [cache_layer] Transaction payload payload_hash=493S2SIZHfSIV+MDFv7NcuJDuwGboDNa514zEMAMiBkil86pUzZc/9po2YSm+U1eudcZ91RMC9Ga/qePjhXxDA== processed in 345ms
[2026-08-24 10:21:58] [ERROR] [db_pool] Transaction payload payload_hash=tGAd1pYtJdg7oDWMUbwL+Me/nAOVY6KxRNJSM+KxsYPQNVsBAsXOP74hpta1e57+y7/HTPA99+rFGY2wJuMroA== processed in 291ms
[2026-08-24 05:47:59] [INFO] [cache_layer] Transaction payload payload_hash=o7y4CPbDuui6aR5a+uMuoBulUDBv13NZFbirN+3gr5q6ho/rl49F4S+q9WqYeYCrRPHOqm0/buvXbrFU6ajmFg== processed in 29ms
[2026-08-24 11:21:37] [INFO] [auth_service] Transaction payload payload_hash=Qt/nNf/P3zDmdAofh3z+tTfqIMqZ4+iLCw2sxHMOkg6uN6KJYW4nrW0h3PlbmT/hgh6/8pZYt9l669kkr8i9Xg== processed in 459ms
[2026-08-24 05:02:23] [DEBUG] [db_pool] Transaction payload payload_hash=PalIhXEehWYty4MZAM6//y6MvKTsE+iLlkCN2yPmKXTYkEBFigTAUn7whGuixzszIOexS9oitIG0aqmANDfoYg== processed in 316ms
[2026-08-24 05:06:27] [INFO] [cache_layer] Transaction payload payload_hash=Hgihq3H34KvGnltI4eCnahxJf4nT6ydOL6Ia8ANCfU2ANnQDBpsZWQKv5MF7FpgUhKG/nITR2JcrGKMaVE02Kw== processed in 359ms
[2026-08-24 07:03:35] [WARN] [db_pool] Transaction payload payload_hash=MDBorIt9opDlBE1wFK5XVaiihlQ59N9CNZ6IEoy92M36ALBZNpocYkdtRzU7MpWFuwWxNj4Y64tcYYK2+TEg5g== processed in 10ms
[2026-08-24 04:13:35] [INFO] [db_pool] Transaction payload payload_hash=XwIOuomvhFLRTtM9x1QGU//IE47nYgSVbhRKIDCzTOgSZog50bOStZq1jsgiPzhpcBC/K+5LuDYVTl+cpsc81Q== processed in 259ms
[2026-08-24 06:08:01] [WARN] [payment_gateway] Transaction payload payload_hash=KUkF9et0u2ckRh+5+CDZdd6qd5KLM54DzwH9QjxCj1mex3JMHFI4jg1pU1LK9MR+0tRdA/DhQIR7ETSc/2/32w== processed in 67ms
[2026-08-24 06:25:34] [INFO] [cache_layer] Transaction payload payload_hash=FNLz6d3eDCgy8PU/2+l85UuvhrluncDOv63HqXWh7Y9u9mJ1NZGVSaWAYosGXbSfKm88RogfZprCFr1JpqK86Q== processed in 377ms
[2026-08-24 05:09:07] [ERROR] [payment_gateway] Transaction payload payload_hash=MYQnGhExr64xz6q64U2PbXx/OmgwsXU8WwEFFr58Are8kcZOV9ebqCYtRTjy0arPabv98Q9jUMVjecKmspQVvQ== processed in 128ms
[2026-08-24 10:55:39] [ERROR] [payment_gateway] Transaction payload payload_hash=z+fohJ9NMvnJZRnptd6Y8IsRC7dh7K4sXABzvJIv407FE/D/bHDIFUl1YVV25/PjUGs+fzdI43R+IWI24lPyYg== processed in 211ms
[2026-08-24 04:05:09] [INFO] [auth_service] Transaction payload payload_hash=M9XfALt8y4tlp3vKMTAT51RmeuMaoUyeNRHsg9zmY7oYuA5Hp/OcX1dphWMovFFgwK28cmi9FSsbwEmEf1xt8A== processed in 12ms
[2026-08-24 05:48:48] [WARN] [auth_service] Transaction payload payload_hash=cTni9W0ezvLrC3BuV0eu4C4WYs4zycWYAzcCudFdXyJlek0JxaPaIeRtJjtrdjL2+bVrg+9VVMlChkpnvUObIA== processed in 110ms
[2026-08-24 09:46:51] [INFO] [api_router] Transaction payload payload_hash=enBr5iPIXy3LOrr6ApSb8BKybD1ATd7tqxTb8CQyEoEHCMp1YO9vIcFryYlNx8ZK82Pvv+PGzHr+e5xBdWjYdA== processed in 167ms
[2026-08-24 02:38:18] [DEBUG] [payment_gateway] Transaction payload payload_hash=UBHBjCPIUmcBqQa75MYShZ7gaELUhg7GAOU+s0GwHpXoH64yb8smHW+YS6NWjrY/qaMlj+hrFb3ZvWiIQsixjw== processed in 183ms
[2026-08-24 08:32:57] [WARN] [auth_service] Transaction payload payload_hash=csKbPxWFprDEaVPJkyJl+sdx3s23ld2Ai88YfdG0HnHhr5OH1KDMROymEVW+RiexxoS3/ldjS0+nrm7NVoHlCA== processed in 298ms
[2026-08-24 07:33:58] [INFO] [payment_gateway] Transaction payload payload_hash=Kogv1G2VRbUQVnpU+bM+Kg5y9K6/r3YAjMQGWHMRziKDXdVrZKy5Pk3J5ozoj+S8PsijRLIpsdtL5+frz7cvsw== processed in 173ms
[2026-08-24 06:25:24] [ERROR] [api_router] Transaction payload payload_hash=RC5BWQRvAeD8xAQ74tY07G7KUYh4mU3Lu6fkX/nEGXke5cD+eOJWaT9MS0AflYIKwzwIDwhTU9YESNUz6fc3vw== processed in 433ms
[2026-08-24 08:28:40] [WARN] [auth_service] Transaction payload payload_hash=oH0NGbAgGx1ckbNmP+Ym2R+2fr9bFxo/I44WdPG1ZDSvfpfhGU6A3OrwqxcQoYZ/YS7QhHXfB9r6MqKszV6Bbw== processed in 423ms
[2026-08-24 10:04:07] [DEBUG] [auth_service] Transaction payload payload_hash=4r83LoJkJCv8/HyFMKTR7yHh3lcihzNpep5NwI6BPLiqRhll7IMotFAV7e8q1DxeE0upvi9gtgQkzYKrL3ISgQ== processed in 324ms
[2026-08-24 02:27:35] [INFO] [db_pool] Transaction payload payload_hash=3QNUM3Uosjw5ig7QIkpBYNBaB7ZJj3VZfbQvImGqSvHJv/5mJ6HTx35k6eZ8zYz5QTzybHs2JDTx2BgXuvF+yQ== processed in 231ms
[2026-08-24 05:24:14] [DEBUG] [cache_layer] Transaction payload payload_hash=NZk8WJERIgGnfXKOMqBUkUiayNWb6eUDCOriIZCheGsU4O+WYc2gzVN4iNGuuWb2ItUhbF7yRgRAL/nzLhsP3w== processed in 479ms
[2026-08-24 10:49:31] [ERROR] [api_router] Transaction payload payload_hash=+0M93L3JAcxVF8zgv6nDpzQo4m7On/CmD46bxPtRvbOUB7QqGaveXg77Wruz/LUXOu/1cS8Oqnk4WCrHYyhvEA== processed in 458ms
[2026-08-24 05:50:52] [ERROR] [api_router] Transaction payload payload_hash=5BHCobQX4G9yzmgeXlDQ+ih0QE10jeb0GZ4RT1tcOfbG/ia9tNus5amauBFChnT1OXXfsVdQAUIqDjUumdikhg== processed in 410ms
[2026-08-24 02:46:03] [INFO] [auth_service] Transaction payload payload_hash=r9k3jH6bcCzTWjZtiJZq6K06O8k1e5cwKiNLG0rxFU/2so6tIwHK40MWeJu+kQ4Ey08lwJ47hW8EwMpkyG82Ew== processed in 297ms
[2026-08-24 10:22:39] [ERROR] [auth_service] Transaction payload payload_hash=+qS9iki0zbP71eilIr+eARIEA89tPgTnotodRViAArCNMBG40cRXs2h3kioDH2Wd52iGcT7ahgTUX7kMl3njWA== processed in 244ms
[2026-08-24 09:56:08] [WARN] [auth_service] Transaction payload payload_hash=gBjmRk533Fcl1ERkk4YwhxOxODcnyrz5oDrnHtfzHmrBuzKMwfnr0/hhYajOEA6kxAyCpgMQs1S5zgwJg1h0eA== processed in 491ms
[2026-08-24 05:19:14] [INFO] [auth_service] Transaction payload payload_hash=Bqq+M1QxKmzIW8PEzZMRfYLOBUu5SlZYgTOnxEh+ptAY/nKskHdNDcTkDM2hWmNnttI7AQz0z5Y5lOB/nwbGLA== processed in 76ms
[2026-08-24 02:33:08] [INFO] [auth_service] Transaction payload payload_hash=5UWRPxuRe/SkGML8tPdMHy3MveSgobXWeeMM/Bmy1UZ0XhlHdaBLlRLcH0aDXNCWBg7X+OjAD9GodM2ICBkVWA== processed in 42ms
[2026-08-24 09:41:22] [INFO] [cache_layer] Transaction payload payload_hash=y5/zBb5VCWcyIfjhozr/kaG8GnMf0h06rwwP3GGgVZu+DjBwW5gJ/vA9JhR890Z60HcET9nTWmnoL8Kz8zH52Q== processed in 318ms
[2026-08-24 06:34:53] [WARN] [cache_layer] Transaction payload payload_hash=A4jtbA35pbFB9bacVuhtJzrOT1TsvAS6moKGUSn4IOKUxEJyBqcsIUN2/107/5+mC8c2CbxZ6Af/KrfRLTfEcg== processed in 487ms
[2026-08-24 05:08:09] [INFO] [payment_gateway] Transaction payload payload_hash=xKsxj5H1/UXsnfPOA4ynkoPllqiqJgM1UscKMJPe8K+RQ8bxdsGRQJOZg8gvNNVykqyKltSbjPEQIOBGBs6DEw== processed in 123ms
[2026-08-24 10:53:16] [DEBUG] [auth_service] Transaction payload payload_hash=xUVFAgk+MKARYP7epWgT5w/mdKtlS/QxCysuQzgImxZTFcDbkS3FhN+OFcEni3QvNY78M9dPC92tsYmAw4uc3w== processed in 473ms
[2026-08-24 07:40:38] [INFO] [cache_layer] Transaction payload payload_hash=iytOSzmEYhaU8QpSWeJYJQMBTTaWWK26mxooyYFjgGDCFflAr0WVMX+UW0NrnMcEaggm8WrTJUL1XLYkTenIJQ== processed in 227ms
[2026-08-24 10:02:29] [WARN] [api_router] Transaction payload payload_hash=d5WTpOG7mhpJBjqIMJtRiiwTLyKCi4D9QxyWmy1MYIxNJeQZ49fNE+EGPjA2XFFLBfNgMrNSea+Cz1HyOZa5PA== processed in 263ms
[2026-08-24 08:32:27] [WARN] [cache_layer] Transaction payload payload_hash=lAwJe8lOA/CNAVBS0duTPUFJPlWPYgZZRitH3qTGF1904DpjMEmjsOKAyIn4qQGEqfkScoFwUaroOCo/l1bNbg== processed in 304ms
[2026-08-24 02:22:27] [DEBUG] [cache_layer] Transaction payload payload_hash=aNwEuioGs2s3X3U6xxFZY2u9rYHopHP6cdb0PHC12u1tFryYtvAhX4FWTXV9e6vpFtl3yKmF50fDy+xeKfor9w== processed in 436ms
[2026-08-24 05:14:20] [DEBUG] [auth_service] Transaction payload payload_hash=hUO2Lswdxcm4RMiwANlz8xBFbS6RGciuJbCnOfrht1hxHxwaJzVqkpmdmsSlUIWBIgGKEJKuDjk5F/AkLbDeMw== processed in 92ms
[2026-08-24 10:46:33] [DEBUG] [db_pool] Transaction payload payload_hash=4sDRxLBJA6pQbhZW7CrDEaqJNNe8U5oZLD3kNq9YBfR2yLKFByiUe1EZLoCyRVSq39elfIlMCQcplDKWVeO+9A== processed in 421ms
[2026-08-24 03:00:52] [INFO] [cache_layer] Transaction payload payload_hash=gWD6MtxbcURMjxVn3e0s6mNIKSlw2c7y/2qNm9x8YmdkU5DKIhiBxvOUVDh2MkhJcKUsAV+rigueqjz7ZEqRNw== processed in 288ms
[2026-08-24 09:50:17] [WARN] [auth_service] Transaction payload payload_hash=P56W+YRtF4stf8KO0uN4BKWPWtRSzVR6FZrSPwKuUQwbvfhEwg/KrqPdwgclzlKJ2bBiNqEOGDL/u85lmrunkQ== processed in 319ms
[2026-08-24 07:28:05] [WARN] [auth_service] Transaction payload payload_hash=W15EB5o9MM/UJhjhYY0D3kzIELgbHmioo/jVdRzErFwp5jjIVaJqOB5wkwxUB3/7xIS+wqOExtFdFK3ttTZEBg== processed in 442ms
[2026-08-24 02:47:05] [INFO] [auth_service] Transaction payload payload_hash=fEhlt9ZQ/X5SFe6bi8Z7lDLY/GYVkgPU+G6TUgAanAzOPWtKnk7mwkHxC268zadovg6e+CRDvttYiRhscp67OQ== processed in 367ms
[2026-08-24 10:59:17] [WARN] [api_router] Transaction payload payload_hash=pJkvThyNF/+0tfeuJeT/n4s14iAxhIGjDIeLranB4opW82MKDfz1M8Kk1lLHPzUVEOb2fFLFi7zEccRw6In7aA== processed in 187ms
[2026-08-24 06:02:07] [WARN] [db_pool] Transaction payload payload_hash=gKyfbN0Jousfn5eIU6Tqsqd+Nx+QAOmwRDwpO2xYPcllubNKKQDKehWWeOdeADIW8Y99tfa5ZtRQKzQhHNDK8w== processed in 202ms
[2026-08-24 07:15:51] [INFO] [cache_layer] Transaction payload payload_hash=I6a3bTsk2ZcfvVcXlSYvwT1THF5TstN9Gu+6X8eR7VsvWUqOZDGIHDMZw1z4Gfe95MZafj/khBHrBFCGMohL2A== processed in 490ms
[2026-08-24 10:57:08] [ERROR] [payment_gateway] Transaction payload payload_hash=O1w+USCvFXnS+LfNFSZAVZIlF92HAnpFuMVgvk7b6i+QoaI5HVq1jEh1E3Oq6malAXo9fu3XvllpE9q1e8t9Qw== processed in 61ms
[2026-08-24 10:44:52] [WARN] [payment_gateway] Transaction payload payload_hash=iS1hM30qF5osYxbdg0FNEY9kXfclTbRIa5egcYH2eSrqoCrPrj1VyCW0vPKMBAlyCdmlmM78URvT5FZ1tz0QfA== processed in 217ms
[2026-08-24 04:09:03] [DEBUG] [api_router] Transaction payload payload_hash=9+p6JQOGzU710Sqb/lSIASRIUdLVp3aXmFOYOcECdS+oHdRhjCQJuO6OY4dL0G09tSQPLbqWXtGyKoS/oplXhQ== processed in 285ms
[2026-08-24 04:14:35] [INFO] [cache_layer] Transaction payload payload_hash=PDy5UaMv15w/OPB8m4cHo7VR8+PaDclMXSMeDioRz4qyJfmlBOwBitFoR+NcyZYRpLUC/WS2kzD/nlsKLP9/cA== processed in 80ms
[2026-08-24 10:03:39] [DEBUG] [auth_service] Transaction payload payload_hash=XwLlWEoG96Pmfxn6VADEgvTJLLTaB1eDjbu90WTx5gV51t39bYdFRLv0sfxu0PNXi5lo+7C3Mya9RnWtGzoukA== processed in 161ms
[2026-08-24 03:01:31] [DEBUG] [auth_service] Transaction payload payload_hash=0D+YXNZGhBQmMj2JXUJ2tp5oHc+8i3oXDQGEfojiuy3io1RJnjmMf9t7LduDLwE+HVnOFOt1Kvw/3VBoUNh1Dg== processed in 347ms
[2026-08-24 04:41:18] [WARN] [api_router] Transaction payload payload_hash=Uh20dOquBE9cFH+1bpLEPAq1Ozs5iVFsf8IiMaxpsiDwnzrwcoAHjcoHH2M6o1fiyIIv6zYDHNk6y4fbhK8Yxw== processed in 383ms
[2026-08-24 06:53:23] [WARN] [auth_service] Transaction payload payload_hash=3ABJoaly3hbS9HuFfVzv0XlPdntLoK2H0ecLZO6eZ5aM3mkMMAasiyeARggCBfM6DeGUdbB6vdrIo3J44SQKkw== processed in 347ms
[2026-08-24 05:09:04] [WARN] [db_pool] Transaction payload payload_hash=7YMGBQhC9e4peWio0q7T3TA/Gu3vfpbFza2gwwLSNe3pP2Vm4mkI0/aQrQVQEeHq/Kdv8JICaTwoRytDdrpb2A== processed in 194ms
[2026-08-24 02:54:34] [ERROR] [auth_service] Transaction payload payload_hash=cUJUnwFOgWYjHqQKnurzs0OCyoC5oII/Qy1dRqe6VTVgxMYdYTMWnkNK32o/NlH2iaZC6GC+taREhqZVQWSh4A== processed in 267ms
[2026-08-24 06:44:51] [DEBUG] [db_pool] Transaction payload payload_hash=xJHnSFqUhgWCOMDxzWuhWtkTWzvgrigrOrD3aeJl6IBP+mL8r9uiouIjekvAGtbxCPiCt8pLp6IzCWoO0wbxUA== processed in 176ms
[2026-08-24 09:50:54] [DEBUG] [auth_service] Transaction payload payload_hash=W/F95PNmC/xOsKm9Y8viFLjF5GZ1phA5UNY7FscjjVibmpsOFwADdXiTb8OSkByAlP/cRpThnnj++vOf4w0akg== processed in 492ms
[2026-08-24 04:31:51] [WARN] [payment_gateway] Transaction payload payload_hash=9VrHqIRxDW/KxzT2JtG2QNGUcgnB+H5Dx8raEqnAutPb1s4w4gL6Vy8W/9iavp/y7p+hQrnpKTVlb/jhpMow9w== processed in 64ms
[2026-08-24 06:06:12] [INFO] [auth_service] Transaction payload payload_hash=dJ+rXJ4eKFpKPSgd3PwTcGkJimwISk/3f+ipziuXA2mJTSpwv8yf0DEDMBGVK5eO4PJ0pfuIgghmEDI6dOjIbw== processed in 475ms
[2026-08-24 07:02:13] [ERROR] [api_router] Transaction payload payload_hash=AURbo20dK6fV0AARDg5AF3A/kN01ZUbZQQsGAhxsDiOTMfBddE2Wyh9XefAm4lGoPYtH2jWdo02p23tNgyJVDQ== processed in 36ms
[2026-08-24 02:46:42] [ERROR] [cache_layer] Transaction payload payload_hash=juzZ3PE2+ndM54K4840FZg4ruteva5bUwYpymH1fxMG1yRYdOXiFQXskD+CqEZdbuzmYE/WiRqmJorJs9yhGfg== processed in 431ms
[2026-08-24 07:13:54] [DEBUG] [cache_layer] Transaction payload payload_hash=Whp5B/3rBeVgtXHMq65UjJuPPqYMjeWsvgvtarB3lu8n71k5BtgmOxGUll8xI+TtrpU686GrASooOb+Qa3lbJA== processed in 271ms
[2026-08-24 10:01:19] [ERROR] [auth_service] Transaction payload payload_hash=8CH5B7rzB/ZYESfv2HhUWEDCkY87jzoISeLjFyrHNWBy2XBlurkoVpmwZNMXSig1TN24aErnOJrJLJTKJpnP+g== processed in 130ms
[2026-08-24 09:04:34] [ERROR] [api_router] Transaction payload payload_hash=naSq5XTnqXNCC+6x1lbbxuKwcITEn06bH08e9mEVf7wIQqq7cLpTzGl3HylWHmbHlco70L685b38KlNEjk1hFA== processed in 481ms
[2026-08-24 05:57:26] [DEBUG] [payment_gateway] Transaction payload payload_hash=py1MjwRk4h82kKEumEmtLtk6LXYc39X3gCZg9CYYJTf9ETMFtC4TbG3tdlD+B9UUuGWwbXdXd9yJzOtoFk47dw== processed in 50ms
[2026-08-24 07:45:01] [ERROR] [payment_gateway] Transaction payload payload_hash=Sx61jeO6VjnhO1Zc+gM3iu3civM0WV8J1epRYWvsF+TnI2aXxnxEK4djr+HCygZHy/sODiyHt/UFSye6k+zmHA== processed in 412ms
[2026-08-24 10:37:03] [DEBUG] [payment_gateway] Transaction payload payload_hash=U770mUsyc7TX0kELkS/00R9mOqRZxdVe7zEPIX6TMKy+6noRrlvTUpZvSWwLm/1sd3ksbtCTPJVkf3teRUeUdA== processed in 77ms
[2026-08-24 05:20:51] [INFO] [db_pool] Transaction payload payload_hash=so4agANeuPtasU0QSHxM0agNBR6N90hjhj1hPPCeN23CIiWX5yXp19Kl90STw7EPsbe53J5JW5CaP2UG+0uRpg== processed in 81ms
[2026-08-24 02:23:27] [ERROR] [payment_gateway] Transaction payload payload_hash=5AMCw4aTWNsqtkyBjfrrRfigklcHX5O2RfsCp4CXMnpZvXqNXnG5SKh3SqLGTcjxElWf6j+AGfWq/lq8PT5XqA== processed in 375ms
[2026-08-24 08:13:09] [DEBUG] [api_router] Transaction payload payload_hash=4Q88ZnZLL42lBj5+VBpodVtKBfLLExuEIVseTeT6iIVzJbmjkkJgKyAE0G1v9rimPVmW8IZ4LOicYkNv9ZGRtA== processed in 258ms
[2026-08-24 02:20:21] [DEBUG] [db_pool] Transaction payload payload_hash=LnMgFgU6cncpTgOxXLdrS+a/A3ZifvkmUapihnKQARxkFEo7wr8694T+IicCxUXqCeVkQKIbxd2z+JPQdC4Mrg== processed in 401ms
[2026-08-24 05:51:50] [INFO] [api_router] Transaction payload payload_hash=t9LjpIN+CG+U+Dxko4Q0A2DGPJnYo10MXDMxnVl1cjW3QiEyUQAaoiybAUEzqsc3t7PJ2F7uQHTRx2YMiGVz2g== processed in 277ms
[2026-08-24 02:36:48] [DEBUG] [cache_layer] Transaction payload payload_hash=YpYd9jmzMUolecNHUkvJrcWGddbV95dzQ/5Z+6umpIX2Vl/UqSc1JhCYm5pXy6tTPvI1rHig5tK/1GGiyIMkTw== processed in 381ms
[2026-08-24 06:53:44] [WARN] [payment_gateway] Transaction payload payload_hash=PBPbNlRw8NYQEHSqIGryWH/10QyA8Q2NkQ+k5secEA4m0dlE7xJKNIPOnP8JNjqY4qZo0RWyS/qyyZxdWS4zig== processed in 30ms
[2026-08-24 02:37:31] [INFO] [db_pool] Transaction payload payload_hash=QLV7t9qzKVOwJSzwfBbbhEzFgzgfA1+boomiG3PRAqzewJFZYX3AEwMRvGSNIM8hVbmJtKRSB81DMTLc8Crftg== processed in 439ms
[2026-08-24 03:40:56] [INFO] [api_router] Transaction payload payload_hash=Wnl80W3pJwJMQjRCNK2NfmMLgI35g9V5WLxkVuJa44y7TzCjPeh6H0tgzAe4UZS7ajY3Pr038wM3Gf52XVBPVA== processed in 371ms
[2026-08-24 07:35:11] [ERROR] [cache_layer] Transaction payload payload_hash=LGOoo6o52qVPeTt9Sxz8yBB/LN7+SYOO2EgRcJX5FkTZTrjr+WKf8IsAhjaiBhxthzd4qucqHCvWzh5O2BszOw== processed in 229ms
[2026-08-24 07:22:53] [WARN] [auth_service] Transaction payload payload_hash=WYO5UAgX/3zoWM5sZpChrYu5V6SfHeadOEVg5INWKJXcpcY8xLzxfKnwHlHNOrdgzM3v0v9bu4odA0wk2UmiJA== processed in 411ms
[2026-08-24 06:19:29] [DEBUG] [cache_layer] Transaction payload payload_hash=YmYyUUEpbZ+yr9iQN5M9CaGSD2YiMcyvrNJ8LUCTYzXJi1KZ7TaKDK6CtlsCbL7a6/3SrbZLIysQ4gaOq8AFHw== processed in 279ms
[2026-08-24 10:28:32] [INFO] [cache_layer] Transaction payload payload_hash=GPM7gJgV7ri0SDOQ8ztRlpkY/auWn9Ht10ug23tyVmnyrIGYUwNnQwjBLvnrMvdu5RAO/KNkLqS5Qxk7DERT9A== processed in 268ms
[2026-08-24 04:27:07] [ERROR] [db_pool] Transaction payload payload_hash=EJMIFWFieZ5DOG+2ghAGlUu/VL7IQELwgamzXWo9mAROaJe/Opn1vsxU09cVwq/qmvCMsQ8xwvNmJr4ZJetxmA== processed in 304ms
[2026-08-24 10:43:59] [DEBUG] [api_router] Transaction payload payload_hash=ukVwAyR57FL9s56if3R6LwVGu48c8EidnihUaCNaCZ+BNp0RVXJMhJkp9bb1Kl5R0Qkeyt0QKsn7cTlcJRme9A== processed in 113ms
[2026-08-24 10:13:07] [WARN] [auth_service] Transaction payload payload_hash=itTUaC5aVxOvtDXucX8cCWHpr0+azxp9H5BYJjShsnVfN1gxzcOJIkb4aqgKM4h2rKV1vKtG5JDZgOhgvKq9kA== processed in 331ms
[2026-08-24 02:38:41] [DEBUG] [payment_gateway] Transaction payload payload_hash=sH7DgzQ0W6a5xx716B1hcCSOu9vHtFs3rFiod22n1ZGHluWq3OqtCNogHE1mVF6BhRzNGIGHyapAT/Dno5PXTQ== processed in 431ms
[2026-08-24 04:23:49] [ERROR] [payment_gateway] Transaction payload payload_hash=v/XKbzoQyvNdfnw1S+rKCWZLtwYCubP4oV/KWKrE1+ANZanTyY36qAqLEjyrTNVa0TrWo5+dkBfKhDNROHCU2Q== processed in 174ms
[2026-08-24 09:36:07] [WARN] [auth_service] Transaction payload payload_hash=Fi46m3hGWwRb5WnB6Yz0eSZ8JWo8m2aSTvqVvEd1vRDzQzMJHHDwx/XtfoGyosXrAuJjawdsRw6hsMuQ4ESCPA== processed in 108ms
[2026-08-24 07:30:58] [ERROR] [cache_layer] Transaction payload payload_hash=/N9BzNn170rTdMteOH2YmbXwY+mT3NyT4DVb+yIRTK3GarXqLVG0HDt/2Yjd49cjBrxeiKRhRqzqSbv4XRSTrg== processed in 471ms
[2026-08-24 02:30:04] [ERROR] [payment_gateway] Transaction payload payload_hash=HZ1WZcNFsqjIjnw9y/VxCf1hXkwkkEfWAstwUOu6Y4O5TbTsRhJx05d7iLTI5SyDyBwiuafbXrQwIDFCXJoYmw== processed in 49ms
[2026-08-24 08:34:03] [INFO] [payment_gateway] Transaction payload payload_hash=mSDgbXw5Pfbl7rWFCDxvfWNa8e7yZTeXc6kTkvjFX3dHytcQrJi1PHRTQ+ldWHC+RF8Lbahul6dUGim55/gP1g== processed in 60ms
[2026-08-24 02:40:14] [DEBUG] [db_pool] Transaction payload payload_hash=mA6YQ/EtpEtJFnU0rYAg5n4EBsHFaDnE/usiDQcXB4Et6M08XZKRkamSRkzOCMW5pB96kcu7FhR6O+tagLBk7g== processed in 442ms
[2026-08-24 08:54:02] [DEBUG] [db_pool] Transaction payload payload_hash=2ZdhNeX7MmZ1raJ/nyk6F1GTcxX+yW4AYn7l1Sg5a93nOGszEAzoHemUivQMaqrgH/7yFzAV3L40itwddWxXDQ== processed in 11ms
[2026-08-24 06:57:15] [INFO] [db_pool] Transaction payload payload_hash=5qt4X/69gwZfDYHYZ9zd4bGJrQTbcmAgZ04JFhNBbv9rbwTbg32KGgq2Fs1StYCRksuspCuOGWMoDzjXymDqPA== processed in 374ms
[2026-08-24 09:49:45] [DEBUG] [cache_layer] Transaction payload payload_hash=o6PPRYM9+PjTF+GCWfB8UWOjyZClM6fNRGhjRAE0DKaF62FwZ7QbYogKN/pXEg3TIJ/XPJj6ViGUH3+M/jUE9Q== processed in 402ms
[2026-08-24 09:46:54] [ERROR] [api_router] Transaction payload payload_hash=3ya9RpkTW0VsexyzQQh3BuGL+djF34Y1ZzKi2V+m6wlX/y4UI6c+9yICD+D8A2MyNz+4Mect5HTG+JwNdfCBbQ== processed in 48ms
[2026-08-24 08:34:37] [INFO] [cache_layer] Transaction payload payload_hash=49HBhjnoohgr9djllAnC23fpgiCtqZ/Ec0E2vlNvGG6c6L9TXxOrZAzIiY7uBk68pAvoUPB3BaOjDCkqL4cNDw== processed in 472ms
[2026-08-24 09:48:37] [INFO] [payment_gateway] Transaction payload payload_hash=XNdifmODXyDINgjkeufGJMwJUFb4JrmF777YIxXWoLkx/pUhr5DSx2Vem6i7Z85MFe0MfOmgATdCB7porPdcAg== processed in 412ms
[2026-08-24 05:11:01] [WARN] [cache_layer] Transaction payload payload_hash=uikeGi2MfqNp4+vYstfzbNU0FDoDOZIDzIxij/b+uYNCWqohEfP22YuM73UCKIqh7aglKcqdMx8NAE6OuWcEfQ== processed in 199ms
[2026-08-24 05:32:07] [DEBUG] [cache_layer] Transaction payload payload_hash=uA7qECWPsFJvhyt2W35nZcklL7K9UYzA7ciVLpMJ/07HO4YzO0dQr/khrxGZwzrnxGwPazY85sHCmdLPlMiU7Q== processed in 25ms
[2026-08-24 09:04:31] [WARN] [api_router] Transaction payload payload_hash=aJCbmL5APJ0ImFHjfYQfdyxIEiTBHMJwJLXBeyC8n9RHOVFYceg4LiLPI942+EeRLOY31SaQzLutAEK5CiieVA== processed in 60ms
[2026-08-24 02:30:51] [DEBUG] [api_router] Transaction payload payload_hash=hpMj2ztlYsgB54BUCiDeNRQ0ngOJWNqNK4qFvKn0RrHfv6oAgH5UmwLI1x6qaqftrkVe8KlLxW6Og5O0gW6V9Q== processed in 291ms
[2026-08-24 10:37:22] [DEBUG] [cache_layer] Transaction payload payload_hash=F1ZHc07O/nreTqQBS0jpWx7/EYVyPk0suZ9RigLm2AR7Qa255XTxQUUtvYc7Fv5F9q8E85f/9v6p2RIH63ai8w== processed in 85ms
[2026-08-24 07:24:12] [DEBUG] [api_router] Transaction payload payload_hash=TOt986aH2jfoA5KGTuvYQvlHryVMppfjuZka3n6W0UMlun2+6u0ZJyY6qiMd/NF+1ghW+eLsbQRhNRyzlM38LQ== processed in 347ms
[2026-08-24 08:37:11] [WARN] [db_pool] Transaction payload payload_hash=OE34wH+7lBoMnN5qtZSm3ZRWSz93v+wCPwGuHI2/eW7v8llIW6FjVkLz5gtHUSS/XiAPOBhfzGMRYLqQSDim3A== processed in 221ms
[2026-08-24 10:35:49] [DEBUG] [db_pool] Transaction payload payload_hash=jr4J88/0mXrlVEzotG+OlSi+MCm0Uf+rvQ4ullyqAo/8TmXPixSgy3Vn8w36DA9ayD8Q3S2vxmWfPdte8kl4aw== processed in 242ms
[2026-08-24 06:25:02] [ERROR] [payment_gateway] Transaction payload payload_hash=zCbGynvt0I9I3TJOGLNjQHPy+/RSO84/FmNShw9ehGMwWt3j3G0Q9EP0QWlQVRCvTwjKa4UkBwTcwMAdZ5vfWA== processed in 439ms
[2026-08-24 09:32:12] [INFO] [cache_layer] Transaction payload payload_hash=/aQoldYFKmYZTBmX++PsnDSels7hTfKtPw/xIQLh3rMPoPJegu2Nn9lKsbcPt/t+sOCU2x+LlEpGtS6cnQV6sg== processed in 185ms
[2026-08-24 08:28:23] [WARN] [cache_layer] Transaction payload payload_hash=STP9qExc3alQeBpPbSrh3UUpeATr5MVjXKjhmSeJvLWjlm4V6kPblKudK5uQrgM+nwzvVo7JSygs3vrBecNT2w== processed in 1ms
[2026-08-24 09:45:49] [DEBUG] [db_pool] Transaction payload payload_hash=nPHsHp/mEKppusUxNk24UhSphJTvBUvRJRZSpby+rZ8DOstUDDFor5eW2waZ6EeAKZCE8sFbvKGCwooZ44GgjA== processed in 207ms
[2026-08-24 04:24:52] [WARN] [api_router] Transaction payload payload_hash=gfRPWpJADqb8LBdT+eZL2yArvU1wuoZyi2ZtJ+hn4pOt5LFB85F9OPK7F8NkcYOQvHKIzyT7BjAAqqOedpPXzw== processed in 149ms
[2026-08-24 05:01:10] [INFO] [auth_service] Transaction payload payload_hash=HcVCAlGRdqHlTX78CVGRX1i4O8FfjfzCYEtOpzqh5CmzY+ENcrZ7Ifh8gW1jGBGDjzZSvZJuBva+NvRTVQwfIg== processed in 234ms
[2026-08-24 06:50:11] [ERROR] [auth_service] Transaction payload payload_hash=gmfzIq5Xbmgpjihzdali6emsxwDtiI0dmkEOPyCm8nCbkzEm13aJ4SnjBqd6TN9O1+Uhoq+NFcgzeW99wB5ioQ== processed in 495ms
[2026-08-24 10:27:24] [INFO] [api_router] Transaction payload payload_hash=MGjGTzzdJI5pifXwNzXl/aSuGdtZlB+kGZcNH4iBfjzQ3dpR+910+fW9wIYRXEAH6SvZncn0sdZqtayzzEplWw== processed in 290ms
[2026-08-24 11:16:55] [DEBUG] [auth_service] Transaction payload payload_hash=0ZdE38Bmdncto3ALiePeUWkcN7hTeCccTASkzBNMt5SZs0YPxeXV5FnLW4a03cLuDGGFzzyZmngYMwGVBUE1pg== processed in 61ms
[2026-08-24 05:39:08] [ERROR] [db_pool] Transaction payload payload_hash=q+R+UBih5/yfzqa02ooT9oZHjYjlsfMw6HU8gvb5HTeXL8w8m1c9dy9kQckw/EeG6NiPQs92wPJHVGEdqPmTSA== processed in 471ms
[2026-08-24 04:51:29] [WARN] [cache_layer] Transaction payload payload_hash=eUwPWefcS3mTeYAjbIFNibsiYtZp7yLDt/p78DhveCOYAXOVIlAt0Lc4BVJpG9Gk+A2eq8pEOXK0Hjk5rlrMKQ== processed in 161ms
[2026-08-24 07:35:06] [WARN] [cache_layer] Transaction payload payload_hash=GwFs045Y8zLXiS53rmm24sxYfdtZFLZQE8KQibIWwpOxx5goL30z4OyBBbs4fdsoSm4CzmfkDKN0dQcQF0hpYg== processed in 3ms
[2026-08-24 09:25:11] [ERROR] [db_pool] Transaction payload payload_hash=n4djK3SsaY+IbBOXf/FL97wJN+lFzrJMq4PZIBxMgvZZnD0EZoKtYTXCuCpsT2fvte04XbPdxBbZFjel/xILGg== processed in 69ms
[2026-08-24 03:06:00] [ERROR] [api_router] Transaction payload payload_hash=jFKWVgTUxNEeq3kFuk3FzbR3ZKg0uQ1M0nI8Ox+jY8kUk0m1MSDSmHeU3bk8+Kk9YNuQoDJYvxndkYWvzIlUgg== processed in 420ms
[2026-08-24 10:35:51] [WARN] [auth_service] Transaction payload payload_hash=8OymMCtxMtaxePY2jG5/zAQ3rCMOmR3OTeGhvEDF+gi7LECeIe4EdecgXMlbRiXKJkrylx0R/g7SpodJB+6NBg== processed in 275ms
[2026-08-24 11:07:19] [DEBUG] [api_router] Transaction payload payload_hash=i+igJKE2S9gPBAmARARrjAFJ1mgbVq68Q4/qh/k6M3ZaPbBcpt/bnT8hBPbJpgOE/m11yoORrz+1gRo/CSI8nA== processed in 25ms
[2026-08-24 06:36:36] [ERROR] [api_router] Transaction payload payload_hash=ar1bbqZzdw6wkftBpM/Csys1VX0SIThz1IQL55VgHnNYZOpICZuq1wP/Q5wFCQZ62GJ7aIn+FiGYH5RUNlLM1w== processed in 443ms
[2026-08-24 10:15:32] [DEBUG] [cache_layer] Transaction payload payload_hash=5z7q5RNw9fZhnEjnjDsv/ScZTh4uZUGgdhLOmgq68wpIH7GZD2MZJw6tvz0pLBJSvVULys7kpd/WbbxtONosFw== processed in 436ms
[2026-08-24 08:42:28] [INFO] [cache_layer] Transaction payload payload_hash=Nnznf0aPlv7UE5W0od0z6D2dzzJcVPIZKwV9jmqKSMBUKniUJIQAIHpXuqTIrA+fpcCs2bc/G+aElhZVIURmaA== processed in 131ms
[2026-08-24 05:48:20] [DEBUG] [payment_gateway] Transaction payload payload_hash=6uCP3t1IsmJRa7KC/MMemrQOjK7bWQZDENuZuqyNfmkecsL78jpY+JI9XPoXcNnlzA31CAybcrcqmevCpIcxbg== processed in 372ms
[2026-08-24 05:19:53] [INFO] [auth_service] Transaction payload payload_hash=Qc0DuVa31mz3dXKDzoi1DEFUAVsepy1G1ooh2944Pebcx9nxdVixO8GT4vCw3gDeyIWHn4j3iqpWIKBxyPuRZA== processed in 203ms
[2026-08-24 10:12:40] [INFO] [cache_layer] Transaction payload payload_hash=g1QADKVI9xAFIXzhWgNtDbxO2TjG8EN0DcGpikt7Ts7W82A5GKeMwUqeB7z7FT4GJC39P0cHF6ta7A7Ht1CnRg== processed in 14ms
[2026-08-24 11:15:44] [INFO] [db_pool] Transaction payload payload_hash=2yeZ1ZjA/fb82DFMWfWDG0Vl9aZVbjcq93x1dw4wzZQIwXrARI4xvSFa0Lr+OrVu/SWOHuTg6e4FF2ZtOedczQ== processed in 430ms
[2026-08-24 08:07:35] [WARN] [api_router] Transaction payload payload_hash=CH2fpk5cM6Q4uXvrbHAYpSpGa4TSEos4k8fLQWlJ4hRzZvIVnZ072XwQ+X+xEFqkjEFS5U9l44BW1wp+bdsViQ== processed in 416ms
[2026-08-24 08:36:30] [INFO] [db_pool] Transaction payload payload_hash=x3P+nygN1acSbXGi986N0FPOgJOcTHFjCD1rhBgZ87NJHlrVtlLaT1jlnrwIyl/peNFGjSTVmNhNO+AAqKE5ug== processed in 303ms
[2026-08-24 03:22:48] [DEBUG] [cache_layer] Transaction payload payload_hash=BaE6QiLuJF01GmHY5c6MQe26VsDu9WBfQwuyxUkTqdfRx3sqK2rZvhfi2YvYoUgsAEaP+0uLvtxyq9KivBXbqg== processed in 403ms
[2026-08-24 09:37:51] [INFO] [auth_service] Transaction payload payload_hash=GbQ48rTpr5xxQ5QmoCB9nTDfV37eIdts1y5lPfS4IIsatKTgXRGGoJ+WIf3IYdij6zS5BZ277O/JIdiXPkmwNQ== processed in 410ms
[2026-08-24 08:12:34] [INFO] [db_pool] Transaction payload payload_hash=Cw95krYzYjLlvDP70+JQH/HPqldQS2kGI5X8SAa4qMJwG506l8zV+txzVzlajz4wVdEILlWvWsM12TnBTqv7Kw== processed in 463ms
[2026-08-24 06:19:04] [DEBUG] [db_pool] Transaction payload payload_hash=t83kCSyh7ivg7epluRLlyP4mrYTkjVMBgtxYJKIzW3KvDIVabSMOUBOHTMtrwdBfIWKN0xywoly2GSehokcVSw== processed in 346ms
[2026-08-24 06:06:33] [ERROR] [db_pool] Transaction payload payload_hash=sKQFgPnOUAEItH8mxfwcsNL4LPjU2PPuZ331aelftC37fx4kApOKL+CQ3MC1zuysXuqfcTcYfzWJhaOAAR6hMw== processed in 80ms
[2026-08-24 06:36:32] [ERROR] [payment_gateway] Transaction payload payload_hash=VwlzS709E4oYf1yDOqdPLS6G9saa7zI3m75/paeQt4cDN8s2aX//eRaiO5F1pheYL5sU/pSsTWTEh0YUr+y1nw== processed in 382ms
[2026-08-24 03:05:31] [ERROR] [db_pool] Transaction payload payload_hash=anV/2sZtYpSb4yUrZAfIBlylcPQZeEPCAHU9JV6tc6dTCAHFvfYvCPtxfU8eTOzNP1WOgGHnj/JLzspYR80/GA== processed in 22ms
[2026-08-24 08:33:40] [WARN] [db_pool] Transaction payload payload_hash=mSUlkIl4tXnUN5TY37G7XggPbAfYjNQD4C95/I4QWplhUwx9jEhouyiokxy+ctWxQab2LD7QDLFT1KoV4mRzuw== processed in 39ms
[2026-08-24 04:24:15] [WARN] [auth_service] Transaction payload payload_hash=mjfW5o4pr2FDWEj9GlnejLOHqsPHljcPLSGCD4v+sbPKffnONGUMSQftqn29luHZp0+b8KRcJpPxc53plwhEMQ== processed in 104ms
[2026-08-24 09:01:09] [INFO] [cache_layer] Transaction payload payload_hash=23Ddr4GpjUW/TQY3pzCgCicC1Kvk522L6U21X1sIZpx++sXIMnKskUbDq4yljfVEEa6s6Pgp4lnSc8PVzkYcnQ== processed in 423ms
[2026-08-24 05:22:39] [INFO] [db_pool] Transaction payload payload_hash=TZ8nOpv+oa2MX1McGIy2US9qOKrxvdNXq8CvoCbbNbe+2NTFhX2yMf8ivl1NcFYJhbZ/iMEYYxUdxZLrtqv0Xg== processed in 343ms
[2026-08-24 04:34:02] [DEBUG] [api_router] Transaction payload payload_hash=CvKL9JnZ/mWwc+wwo9IvB/mydTo1AU6fgfVA6HrAHrlXn61B2ujpVZ5Igln6c+I2bZ0+qMK51MsHArgGrAkIaQ== processed in 418ms
[2026-08-24 05:48:37] [ERROR] [payment_gateway] Transaction payload payload_hash=I2qDGrJHj43DRI3qlOBsrFTpzF96kgf83TA+PWjNgWpeSFjvKKEez8RGmtLcebc0edmglCBzM0QFvkYk4og/UQ== processed in 329ms
[2026-08-24 07:11:36] [INFO] [payment_gateway] Transaction payload payload_hash=lLolUrjdQazCACWKUZBuWwGocnbUSsZhy8TUxzgpPRQGyW6iH7FaKCXISvceWpVMRwolKbdlgmCaOebGdi5WvA== processed in 175ms
[2026-08-24 06:17:35] [DEBUG] [api_router] Transaction payload payload_hash=8w5bQVjbgYf4Y3ip5KpZrGWTjjCjfcpQU6q/SAWaDZq15IVBJHUnn+L1SH5WjvhjpnVLOJtpsBwDTSvRDLD/kQ== processed in 34ms
[2026-08-24 09:13:50] [DEBUG] [api_router] Transaction payload payload_hash=xWTsXoVU2A/DUM6pQVrvCRElwQReF0NfJWLTwBt0qC8e5O/ND5X8WU8sgAk7l58EwSgF3Ox7gFd1e1i3LoFalw== processed in 273ms
[2026-08-24 08:06:56] [DEBUG] [db_pool] Transaction payload payload_hash=hbIs6Yi/CF6xEiLAxH5xb0Zdm27fpCcE7ncDTZfUrkuCZ0gsFgKqoEYQHmkOI5NlwocXGjrWibUUN54/JxuFJA== processed in 2ms
[2026-08-24 04:42:53] [WARN] [db_pool] Transaction payload payload_hash=e007/T0YCcdpZY2HHAGmo/4KWkUD7B0tdjAxGaFZbLZpI+kLy9B3Exx7UFglolC52Cm/SI5QrMt4ElCBtefX/g== processed in 267ms
[2026-08-24 09:52:17] [INFO] [cache_layer] Transaction payload payload_hash=uHXTNgyQWTziQXx0HPeKPXcvE/8op9yCD5Tu9uXCofVwxq7SuPoKhhryPERYNimMoj7eDuHyS8eji0sLvmHOUw== processed in 358ms
[2026-08-24 08:59:09] [INFO] [db_pool] Transaction payload payload_hash=niiGh5sTxR7EaQ7mEORqvUMXCjoTjKxL7J8F5irGSpcXpTEK6OIRX/LmiR3e4mDn4Jfqar2DjgqNFg7TaM2XVg== processed in 11ms
[2026-08-24 04:35:31] [DEBUG] [auth_service] Transaction payload payload_hash=yCzVuoJjJj4jGQO+QjVxeYDT2NkTNlTWX6uLwDv6s7GzWjDFEZzqaAgH/DJck55DwdbTxmr5mTzCq6337bnf/A== processed in 32ms
[2026-08-24 06:13:56] [ERROR] [payment_gateway] Transaction payload payload_hash=To/vRodWPJnwvO4zivaL45nJx795mbTkqtDvxT8UYhxGvPR+alh8of3DhnAzH4AYzTbq3aU06q4vj0nTw4FWSw== processed in 182ms
[2026-08-24 10:07:00] [INFO] [auth_service] Transaction payload payload_hash=qJd2PvwJ4nfrzerJJJxZnrg7GKzsniEPhF6VWCFEegySs3Q21+1lh9ve4kE9H6Ve/B5DpV1RrmZQL+BtwpkwGQ== processed in 7ms
[2026-08-24 08:19:26] [ERROR] [payment_gateway] Transaction payload payload_hash=UNbz9BhJKYUN4APka7jyL4mQrzVnPKvOClXdNI/W6bXM/HNSfSYVinTeDUB8Z/Fr/FgDnQpgFWBoUir4lE3gBA== processed in 141ms
[2026-08-24 05:38:18] [WARN] [cache_layer] Transaction payload payload_hash=jv2Sf7nOqNhXix1RzewtJ9dMCgi1wPhU2s1vlugSbGoRtZrWK3WtPqGjd3d1RI3cbwS7uWUalDerBE0VDfMgkQ== processed in 375ms
[2026-08-24 09:17:38] [WARN] [db_pool] Transaction payload payload_hash=RwJVrPbPTBv/nTk79hO4119dzy4S8hdJjbvGorRt4ww576sTWPnCTyDTLDlxvqTM5DF/bfx86KB61jdOYufRWw== processed in 191ms
[2026-08-24 11:08:26] [WARN] [payment_gateway] Transaction payload payload_hash=AptWkhn2M4F9aa4hw3Of0QeeFR7c/GBKQYMbFPIg5Z/gURIsRA6TD4/QVpme6FgxEH6TGgkQ2hte2yS2ZgBPSQ== processed in 209ms
[2026-08-24 09:07:57] [ERROR] [auth_service] Transaction payload payload_hash=zjsWcxJQvPp/j4kYAtHFES+YAH9VA2nFHJGk2niPBKqqeWO+SZIX8oINWkRojTgpZ7KRfl3LvmFH73Cx+aNhYQ== processed in 40ms
[2026-08-24 07:13:18] [DEBUG] [db_pool] Transaction payload payload_hash=+N4yZ/CAlFE/rb8Jl7BJtWEWY7YI/03Cbp3twqtuq5UL+4wD6acHX2fYbTlne6FChT55WrIK0jH2O44NLoV17A== processed in 112ms
[2026-08-24 06:54:34] [INFO] [auth_service] Transaction payload payload_hash=KkHW/gcaOTXuNiU+i5xpRxNai/w/2EQaPcoUInyWmzzosFoa/oS/r7p8lmtdNPm/JspODmqIHk7gYZKdKeB/IA== processed in 287ms
[2026-08-24 09:14:29] [DEBUG] [api_router] Transaction payload payload_hash=S2VpGNPyUQMJcW3rOL2MySL8GgA0I0uDi/jLazHfLkAZ/xjf/3i0OwChdtLIjuFhR1tHZpW8XzWCVvmajFl8Nw== processed in 460ms
[2026-08-24 07:31:15] [INFO] [api_router] Transaction payload payload_hash=+kx2hjWcuObfhV2dVzOvnsNUouyz9EwpV5bBWQ3yoDe9C5Q+W4Bkj3w5bCWQZAioDjyWfHL9WlxBvSBCAjnG4g== processed in 131ms
[2026-08-24 08:09:54] [DEBUG] [payment_gateway] Transaction payload payload_hash=KSksM/watm+RyQY+cQMnm9UWSb63F3l6PhCbo9glB3VpHsy3hOtZn/9Zr1Gkot888AAJtBhBWFqxmWeBUtqRNQ== processed in 269ms
[2026-08-24 03:19:13] [ERROR] [auth_service] Transaction payload payload_hash=tNjjrjwGZP16tIldIEdZ0CZFjkgUWtmqCyz2Gi1sbOyUX5xqzKqHilOmNdqnIgQUiEMX+34FdLCdeLyRnxOZuQ== processed in 18ms
[2026-08-24 11:14:33] [WARN] [payment_gateway] Transaction payload payload_hash=Pkvks5FYk/Y2zyY29Zv68NV5hCjBF1EVd5iFMu4XEOiKNRlTiaR/r/VzLHdArPgzmk3MFnPiEeb1bpeXzDUVqw== processed in 487ms
[2026-08-24 04:56:11] [WARN] [auth_service] Transaction payload payload_hash=uYAzaHuwTx5Eq+w+jSBT6b3fruu3fv0Mx/kFdHzAJTMHKcSxy20/84/J2KsnodQd8x5P/QRTaw1zLPImo1dDsQ== processed in 289ms
[2026-08-24 09:10:05] [ERROR] [cache_layer] Transaction payload payload_hash=1arOlbr6cRECDSYiMc84lJw7duBT4RO9xTa1PWnLt0wCCneJVQCZCLTivbLJOeQd9mYrLS7bLpKQVy73gy2jcQ== processed in 199ms
[2026-08-24 11:19:42] [DEBUG] [payment_gateway] Transaction payload payload_hash=xpfs8tjxGpOLrVYapuB2n4Vp9iHKBUe7KgoDAcJCEukKp7lpJnyq+3CGNk6Q0uLCclL4Pb58b8T8wF2TOyNtOQ== processed in 162ms
[2026-08-24 03:35:27] [WARN] [api_router] Transaction payload payload_hash=b+NgBOi2COmnJTNQ5Vs2Ea6gyBrcofbUV3XhddgncIh8N3WqWyQtFCbU3phfSMOxHac9n6Zu/a4nJemuX1V0NA== processed in 230ms
[2026-08-24 06:19:26] [ERROR] [auth_service] Transaction payload payload_hash=67rjuvoQULYGKxtbm56ysVQx0zgTIPQAriAnMNOF2B6yYRkQ+WtvnYXrvZLEeZ3CCjLbJrEpt3IMShh10ZbhwQ== processed in 139ms
[2026-08-24 08:37:47] [ERROR] [db_pool] Transaction payload payload_hash=xcIKPBzCM6kF5Ga8QAcXpoIGWhwfmyQRexsTpaztL4EVODblS0GPy60xrCuM7cOMoEE0gTwcnBzMvdzVYNOMvw== processed in 427ms
[2026-08-24 08:02:10] [DEBUG] [auth_service] Transaction payload payload_hash=mJi9/ggoRIeBQqzu62I7LeY4U+B2fv2fb6gRc6gmcpTzkrKq862KYfyv6//r2hDsOsqksqNozsPjcf4l1N+pKg== processed in 169ms
[2026-08-24 07:19:10] [DEBUG] [auth_service] Transaction payload payload_hash=FhU9GQrDhlUmcv7Jmw8gQGDDE+jik6x5yN8kd4AnSFSgpHoAG54c4LurqMlyfmDof9140YFoOOJDpw4aTuaopA== processed in 480ms
[2026-08-24 08:10:44] [INFO] [api_router] Transaction payload payload_hash=XYhRKOp/M0kFZ4ShThItbaSpTvJhh6wS8WPg6hsykL9ewTbIehgPmb/D7EOD7nb4Pniq1MgNh3qI/vqwvlRlXA== processed in 32ms
[2026-08-24 02:38:17] [INFO] [auth_service] Transaction payload payload_hash=DB+JVESxLYaIdU9g4CvxH4tFIImwJOkq6EYQe7Fy+lHmnthO2s9c004cVTn94PmvcraFty9KIWgiVLnXGYlW9Q== processed in 61ms
[2026-08-24 06:29:56] [ERROR] [api_router] Transaction payload payload_hash=oIgnMj6QERE7prIihX0AIoS9dqXiHEfCMWb3Hp6Ya5yULsTQwCsz0GrdWrpYgk0ww0YJ38svkXk4CsTQI3hOIg== processed in 385ms
[2026-08-24 07:57:32] [INFO] [db_pool] Transaction payload payload_hash=5lF1TsFLaGI0jPQb7QrA9rL3Ig6gJEgEdjvCVYYLlBczLeChdCzOMv6ImafwdwbsYNHCNn4lVJtqX77tpuA6Pw== processed in 194ms
[2026-08-24 08:10:20] [WARN] [auth_service] Transaction payload payload_hash=zh7lb5OVRk1UxobGjbCWHMcBxz/QfYVAvxHOx2b11rZpQKM0eQJCmADod8pRp4EDG5lwN7kWWV5pnikZAqwMXw== processed in 286ms
[2026-08-24 06:41:59] [ERROR] [auth_service] Transaction payload payload_hash=eLodEejmX0EmqJBy60qVf8CWu55OhY1W6jPm+QCW2k+TjG1T3RYm3JFd9WdiQB4rm4Ja0Iy7iqfX26zAmPpiCA== processed in 204ms
[2026-08-24 10:23:13] [DEBUG] [cache_layer] Transaction payload payload_hash=KdigaMLebIp6xoM19iXuZhLF9xTpzKd8LAysF+iqkPQq8NgE8p7WQIf71CbNAYqBh7+ivjPKXP5Pg1LsrGbbXQ== processed in 150ms
[2026-08-24 07:56:39] [WARN] [auth_service] Transaction payload payload_hash=1dPrtNG8hnWqGuFkMtK98E9zQZ1OqhvKiRNfYZtmKeeKl3nzpuU6G4KE6rdGSwBfXKoUyJUpUFZkc8D673V3DA== processed in 110ms
[2026-08-24 06:51:18] [ERROR] [db_pool] Transaction payload payload_hash=UEO++4Kszxfrwz9qSYJG4AtupGWhCfk8fNGR1Rs7KjkJihiFL+jmwcyQny2YQs8afTpQtVbUxC1enPeXuEu/gA== processed in 456ms
[2026-08-24 04:08:10] [DEBUG] [cache_layer] Transaction payload payload_hash=A+D3rcceej7o80jjw2jVXtlfeHc/SQ5hmOkYAmD1EMAdcEn+CUkBguuhqGSQy6+zGU2Gxyzrn8LVINN6UhiSTQ== processed in 312ms
[2026-08-24 07:53:14] [ERROR] [db_pool] Transaction payload payload_hash=NEx+SQjfhL4+tqAz4p1EcQIpkNOnlJWE9ZpVAxol9uji0rScZFhyHuKV8mXu1QFNqnHFIPp/jQCDMzLgUiFucg== processed in 261ms
[2026-08-24 05:50:01] [DEBUG] [db_pool] Transaction payload payload_hash=k6Zq7cVslQJw6VXbzALv60AC+stW9Mt08dL4qkFLn4JEPOKcebd+mUwUBYrU2CRfCwE2Snf/tX0ZUh5JS2pYpQ== processed in 300ms
[2026-08-24 02:59:09] [INFO] [cache_layer] Transaction payload payload_hash=xN3PwhuDvRlJ46rzLpgQvvd1wkwlWOIo8dnc6a5GGApgt3ecLxbBzc2qWctprFCMT9YzfPRu1IU8dIbzw46VlQ== processed in 42ms
[2026-08-24 03:08:58] [ERROR] [cache_layer] Transaction payload payload_hash=BpQGAY54qNI0SPyEqFFIpuPQvYx5YYO4G/hIBPBWgsXG+BzZ7HJfUP98y5vL9VBKb2Sm3gFgn4z7ra7Y1K/DQA== processed in 369ms
[2026-08-24 08:05:12] [WARN] [payment_gateway] Transaction payload payload_hash=e05kBpIRJDZirOeafOj3vQGEUkooHe11j/FQZN9s1ktha/Fd36AkQbv2GrioELOwfhj1NArqNn6W+TS9qFDbTQ== processed in 120ms
[2026-08-24 05:11:54] [DEBUG] [db_pool] Transaction payload payload_hash=XUe3OTktoAJnKHpF7ZWvqvxgspztNmeuErNOQz1ZjnF8PFs986Op/aVdiuRTZAuYKcnyJgLhk4ySUYOT34BHzQ== processed in 424ms
[2026-08-24 07:37:31] [DEBUG] [cache_layer] Transaction payload payload_hash=vrnFT2jwnAftceUSZvkdxYHhl//A2pjM0LSkv4EIk92HdMc39AZX73JUbssdZKQU3+WvCWFPfZI+q/jU4NuqtQ== processed in 455ms
[2026-08-24 08:03:03] [DEBUG] [cache_layer] Transaction payload payload_hash=53ruK6aDW5aV2jXkawdrqePWBJmdQlVcAjFYZTVyy9puepfwC4duUYeb7y5t0Eh/tbAXqe16JdTsfCtWWsMzIA== processed in 115ms
[2026-08-24 09:00:42] [ERROR] [cache_layer] Transaction payload payload_hash=lYeWNejO1yOF/9H5IFzUCIfdiKVNlXhRZvXlrEX3dsdxliuGCA7vtKd9jWpHzhNgTGZk/1r9h7Y7wlvwdQZ0Rw== processed in 494ms
[2026-08-24 03:35:50] [ERROR] [db_pool] Transaction payload payload_hash=OGnpeksZtLXQbef3pSCIf7vpgYFhWJhELFUiHqVrhUzcpOqMsizT5dalQEcC3YzUC7Ycnnw2touCv/EaTP9cOg== processed in 138ms
[2026-08-24 08:43:15] [ERROR] [auth_service] Transaction payload payload_hash=qsyfH7kWOAl0HUeefFoBXc4AfFPVvQZFs1uTr5C4kkR/mVSOSj1rMljD8ooDdwNVmqCR52Iwr2K0I3Dh3CX8mA== processed in 182ms
[2026-08-24 06:10:47] [INFO] [payment_gateway] Transaction payload payload_hash=y1hPYIXWStfafJxxZQRJsCf9JFg4rk3YcwRoDNKIbqO07KtfmpNJ3edDx2w8MkFz4FAMF8uOTa+A0jgEXHY8Lw== processed in 70ms
[2026-08-24 06:47:59] [DEBUG] [auth_service] Transaction payload payload_hash=7Cp7ifJIpFlbGBE/eLWmWK4qu2aXbz+Rw8gPQSDv+2lNq2uMofMb3OJwsxMuB1OKWfGximsHA15fbF8H0c4lPg== processed in 59ms
[2026-08-24 02:52:51] [WARN] [cache_layer] Transaction payload payload_hash=BegK8bN+SOCbrp5V4pLJV8PN2msGA1buhaAR4ERoPyIFoPVpVRs+DWlmZ5J45o4JYwmo3Gh2mY8oIBpTfsThww== processed in 269ms
[2026-08-24 05:12:46] [INFO] [auth_service] Transaction payload payload_hash=TNGo+xJVueD0RXkxhn/Up01tQrUUrrybY6iF4y/2yqYNAAZ3vsbuT3zrmTSKIoD2344gvLPy89Zm77SopTh19Q== processed in 92ms
[2026-08-24 05:21:41] [INFO] [payment_gateway] Transaction payload payload_hash=Ix5neg+eZZTN4E6nwrtq+/G4orZQs/u/K6fF6KvLva2clopeLzO9RemD4PgWycClQcU/YcC8h/XE5Kmou1N9Dg== processed in 284ms
[2026-08-24 03:46:13] [ERROR] [cache_layer] Transaction payload payload_hash=HQprI8BsOP0wtvycR1cciR+1fj7xGq2juU8aaAw/jV9WcBu9s9kEameXgTU5PQ0xqME4o16uX7bbzpfSGqcsvg== processed in 480ms
[2026-08-24 06:43:55] [ERROR] [payment_gateway] Transaction payload payload_hash=w2iBHjoGSXnB7qOCcc2VpDTg7TPJL6hr2dSbGU29cpIHQm3YELrWwOzdKYzaAObO5lmCIF+U/SfJ9ZsMTpEpLA== processed in 398ms
[2026-08-24 08:23:14] [ERROR] [payment_gateway] Transaction payload payload_hash=oMus+dyWjWnUFFdBvhefCxfAKk6NoiXnSb1YuOt9S7NIJFVmfZQQZnwnfPyjcUHhZDw53+1LpgoV45eNuepDNg== processed in 314ms
[2026-08-24 05:38:19] [WARN] [auth_service] Transaction payload payload_hash=KxDsBILEng/KxOrHRmJOI+3lz+mV9IFXea68Etx/6260BtV5hvixdnGPWbi86FbI15yg0GNj9pp104OE3Ejhcg== processed in 460ms
[2026-08-24 09:04:15] [ERROR] [payment_gateway] Transaction payload payload_hash=VXTY/aN04ZSFIqk+JXyDYRhyze8SSPSFPA8c4aDymYC9FBqSWtcgbQpJtFB6tBqDItJx+wh/je6Vr1YaqkC6VQ== processed in 346ms
[2026-08-24 04:24:21] [ERROR] [api_router] Transaction payload payload_hash=2xFWbtaa/RGJ/2UYbXHnNTMrcy9v0WN+vVf1VOAhzp0sX+ITgu1GYm94gWym9IdGRwgUX7BnV6Y7pIDCNCmKKA== processed in 363ms
[2026-08-24 08:02:52] [ERROR] [payment_gateway] Transaction payload payload_hash=ZFZBkGWMxMfwbUCaQefs7hsw0zh0KujF4QFGmHPIFHXGIKGOYV2Y4+brWgKrXzSZl/kaMHUA5Scy2YY/RQpjLg== processed in 246ms
[2026-08-24 06:45:53] [WARN] [payment_gateway] Transaction payload payload_hash=smTkVc3tAwI62r1QgaRUQw9D+nIvREvUdryRvnYw0dtN1V4gq5nZyWwJDIsyygoKayAWL+TRRoHLY2uejT88qw== processed in 126ms
[2026-08-24 09:37:11] [INFO] [db_pool] Transaction payload payload_hash=p3/nVViAJgnIzpGrtaCvPfCS2po/3Ltm74n/Cq8CwcjYJfQpnqr8PEcdKycxmk26nVgSXkkIMB2aSm970ICxFw== processed in 95ms
[2026-08-24 03:19:39] [INFO] [api_router] Transaction payload payload_hash=PGeLcbzsIAynXvERE2+bu4sfF25VUztf9UL9H29/oX8Ij2SBgRH0VGv7Z1PmjucQYQAbVnQXJwrW7F8k5shOjg== processed in 179ms
[2026-08-24 10:35:11] [WARN] [api_router] Transaction payload payload_hash=/axROnEjL5j+1gIrG5A/wYOE1rgi8UJ/AbjEHGoKc9XOLl6AncJoZUkglOOHV9RXlaW+OZbSloGRZEXVjcowwQ== processed in 178ms
[2026-08-24 08:14:30] [WARN] [cache_layer] Transaction payload payload_hash=XX2HCZApzXEwqUkJrVcOt+y5z1dwFMI/fzSFI8Fq28Pgc/gvDIef0/Kd6txO6wOvYXc5F76ewBKC0COcSIDr3Q== processed in 468ms
[2026-08-24 08:43:04] [ERROR] [payment_gateway] Transaction payload payload_hash=oF4oFN1aHyFi0rlLTZ5R6ApGTR5VEgETg55VUzzR3hP1y25hzLHbU6I7Q5kYAod38hnvVq32W5XKqUutoiyB2A== processed in 112ms
[2026-08-24 10:26:38] [DEBUG] [auth_service] Transaction payload payload_hash=+dytjFMITMjn2g1v5GwXWy3sBSKhh933DMjXZ0E4Q2LxqYeTlmghu0VXDlY3zZftOmoi51YccKUVrzeln3q0kA== processed in 165ms
[2026-08-24 09:56:52] [ERROR] [api_router] Transaction payload payload_hash=1RNIjYLhlPbdauSRP0dvybdWqpMUey3FKco2HsVRH0mufRmSziM7K7bSSHLr8dBhQ+vvQF4UrOMR5PPzp0zXDQ== processed in 486ms
[2026-08-24 05:32:19] [DEBUG] [api_router] Transaction payload payload_hash=HRw4A0AHe8wl+7MjEAmSBeJw0VNqa0xcqIvXLAsiAyApjsca68ip3hfGESCHDh16YVuRLsh0wzMA1jMcPsP74g== processed in 73ms
[2026-08-24 06:50:10] [ERROR] [auth_service] Transaction payload payload_hash=n/vbpJzWtmyRiB/HgLjB5/1R8Ftza5PwoB2NH2WKL6x9jlv0fWy2SVOQg0rAOkolgEkhz6jJdLcU3ReTCEhvsQ== processed in 179ms
[2026-08-24 10:35:34] [DEBUG] [db_pool] Transaction payload payload_hash=2/XQCgvGCebq79RarOd2JkKrxmS8bLcF21Gqo6irEFoswKlVvR6dqB0WFdvDcH/bg8oOMACBnkeXNwC0UNTfpg== processed in 115ms
[2026-08-24 07:07:05] [INFO] [payment_gateway] Transaction payload payload_hash=jfs3k3c3HXfH+zVWqap/8ywl3hgkZ5YgM0higN6J2jrepO+k9HOOyiujd5Ab0YiUOOvyDkXPPRVCfXhmWWVDww== processed in 31ms
[2026-08-24 03:31:35] [INFO] [auth_service] Transaction payload payload_hash=Dt8I6Kc45n5hq496IJV+AFbAyzUwHvpvEB4x/ObYRvrKs1gYxpphyUDojzLSpsL5i1FzHuoIVJd7vsC9Fn64uQ== processed in 83ms
[2026-08-24 03:44:50] [ERROR] [cache_layer] Transaction payload payload_hash=MgoNff+h/HfSbpKEWZBAZA1IVUkXms7jkardW3bBNZcRpibGIh2zLpIBx/0NYHpi+7TMs8nxYztoQaNacPmAjw== processed in 438ms
[2026-08-24 04:54:00] [WARN] [api_router] Transaction payload payload_hash=Rq3IrlBZt9Egp7sd2j+W8raL9VlyDAwTmE6NxgySIrhssXD6XvRilTh0m+AKoRdWVo0LCUgAXm4OQLrwfTmfNA== processed in 189ms
[2026-08-24 10:40:34] [ERROR] [db_pool] Transaction payload payload_hash=oEyxbbExXEfQ/gG6Y9Y/Qr82tuuRNSC3br6pnd7XJRFUy18hrp8o1qG0dHc3T0fQ0Hhdgdbx/IpKHRZmIus54g== processed in 479ms
[2026-08-24 04:31:36] [ERROR] [cache_layer] Transaction payload payload_hash=yGZA/6cWt4mfkPnzxbzzlTjssDBqQgm5hwTtu4bwFJVbSRmPCQwZyaDLN8rrP17Zb2HV4aFfkE7/IB1p0j/crg== processed in 436ms
[2026-08-24 06:33:01] [DEBUG] [payment_gateway] Transaction payload payload_hash=Se5nQEBmnb6zEroasvSPk9nRZ1Ocbrbrje8kozcmHghlRgt/iP6PZWA8nkaWwpY0WrnVvW9X9Oc9Xi/SsgNX5A== processed in 220ms
[2026-08-24 03:51:52] [DEBUG] [cache_layer] Transaction payload payload_hash=4e0m79JCIqAWkbYz0bwa9YSsFZqUsesFbjvbqPC3EBwR89KwyW+PvgDqlH/x/egVmSDI5W9ybJ1SJJNhArIfsQ== processed in 387ms
[2026-08-24 09:09:58] [INFO] [payment_gateway] Transaction payload payload_hash=UAceuleu+a9jTTbxbmPev/er/BKqADRF8NOHLROQmurc/6DIVnDJ9UOyoyUet5pqfsWONBN6Wwik4BYdV12jmA== processed in 404ms
[2026-08-24 08:05:58] [DEBUG] [cache_layer] Transaction payload payload_hash=/js4087hYhiscX8vX8DCiiV9bzRwi1JAKWstzgmT83oCxlxl4nHeAJGhXIu/vj28iNAPfbht1XLh8R2mwiMdew== processed in 482ms
[2026-08-24 04:12:15] [ERROR] [payment_gateway] Transaction payload payload_hash=f/TrJazon7puvSeexLHIFID8UIN3qPP4gEx8VbgmwK6jq/yQ8s3eqd0Ei9H9JIijJheS46E87xWfbJqEiXHxoQ== processed in 262ms
[2026-08-24 04:56:06] [ERROR] [api_router] Transaction payload payload_hash=lEfObA0fTWbP8gualKR5oSCKy05qJJb9xC7hvKKIrt7HaVTh50SSM1NNnIdU0Givw5qog7XLcfEmk8xi8TuOKw== processed in 107ms
[2026-08-24 09:19:58] [WARN] [auth_service] Transaction payload payload_hash=OklO78poAKmAMa5szlfotO6PhYwbPMB6XDCGIhP8GCCZuyNuENH7d3i0XK59WToMd6pIMMuZxiefJshOEbkfGA== processed in 82ms
[2026-08-24 05:16:25] [INFO] [cache_layer] Transaction payload payload_hash=bwFxOQksa+DEXzOwNM5FzpEaLEjS+ofUgB0q+HAA6bMdVXD7Py9NCDNLhxpo407P2YG8TPIstrlcnuJxSfBQug== processed in 466ms
[2026-08-24 06:19:00] [DEBUG] [auth_service] Transaction payload payload_hash=HGS9SFLifF1pXxr/sNKkPqYBZdAFl8puDVuZ81vgVkBOFWqQADRKMK42xHcTaK44x8II9PQ4o5VnojvG4e60eg== processed in 137ms
[2026-08-24 06:37:19] [DEBUG] [cache_layer] Transaction payload payload_hash=ex3KasPW6R6kF4gezUObMylsYIglr97M5nOVfW7+HIuqHE1mcjow1fAcyh45/bQ/pROKbh9QM2MPumOEwNgeIg== processed in 322ms
[2026-08-24 08:06:01] [WARN] [api_router] Transaction payload payload_hash=wg8AZ/tuUEAMt0bHKImlQIwynWGE7zfSZSZI1uSJ5kGFxjOEY0w98dzVtapcQzov2BLOoVwnQZQExO5R1GxwZA== processed in 484ms
[2026-08-24 05:04:29] [ERROR] [auth_service] Transaction payload payload_hash=Er0dhPJl1rDAYNUKi/SlPMn+ZK6R913VYl9h1JFVdB1cnJrFRrL3eTpDizk0ClmhB5wW7Xhc/eVRW4qBEQ7DXQ== processed in 427ms
[2026-08-24 06:55:16] [INFO] [cache_layer] Transaction payload payload_hash=HYh6spKyqb2wHGuJQuiIJPSQV+0Nz9Fe6jKoFvijOTIw9+Ij4sFKhnv2er7U+bgrYpcxZVQjaFEE4AOO9nRTBg== processed in 314ms
[2026-08-24 08:42:58] [WARN] [cache_layer] Transaction payload payload_hash=EC9AdX9LCP9UnsNTvGigLYlbBfBJoEFTeVWzY2QW5Z8Y2cihWRDKRNYALbkN4iHxXKOUbGTOaYK/GzpcTE5+qg== processed in 345ms
[2026-08-24 09:22:49] [INFO] [db_pool] Transaction payload payload_hash=r9nHJL4+41Dw1UaFugaZSBHXoOLUzFAGTy29Ic6M8hsrFFHVkWrbSmbGN/nkNQs1egShCFGT3/ctPDsb+dMWJA== processed in 39ms
[2026-08-24 03:24:26] [INFO] [db_pool] Transaction payload payload_hash=n87puD/W3eACblTMyEcvw8J2+Gj6KejVNYsnXP9APXSXLuhydavmc7xgpLxY+72+KKzLZilr9jlkupYxQOmyNA== processed in 358ms
[2026-08-24 02:31:21] [INFO] [payment_gateway] Transaction payload payload_hash=sIsVthJ656iPK67Oop+nWnFA/9t3Ee13rxsJ9NA3omSQ4KMc0sldQhsUrz1FTuZXPw7qgVVNmVGLqLlxldBwUg== processed in 264ms
[2026-08-24 10:08:09] [WARN] [db_pool] Transaction payload payload_hash=FF43TLvHB84jZOSQWg8rCq9w0jhNRcPUzGXDg3v3RmLtElN2MCLFrDvGIw9XOi/ee9yfPlYTGSew1OQludgV0w== processed in 287ms
[2026-08-24 09:59:33] [INFO] [api_router] Transaction payload payload_hash=j7OCmy5jdg+Q9K+5r9IeBXxvIgcG40TFTv3TZ1iZJXd5PSYHshiJKDwD3ITE6fFtT0oRJxCyhuYpR42BoquOyA== processed in 303ms
[2026-08-24 11:20:21] [DEBUG] [api_router] Transaction payload payload_hash=7qLhoqqjBWsG5eM1xKfAQj0KPNk/IxDPBd7tegAHp8Czna6fFbdRC0TJJ3Tgne9lSuPE+lMIcJ/O1ERXWWvk+w== processed in 11ms
[2026-08-24 08:38:06] [WARN] [auth_service] Transaction payload payload_hash=eg6gZdYoGds1NVybn42ObU2WDRhbExMugEdrb8GodroR2Do3vacgh2q4GajtNR2Sc1G30SSP7uQt9i7+9ZVVvw== processed in 207ms
[2026-08-24 09:56:31] [ERROR] [db_pool] Transaction payload payload_hash=JDcVg89ufK36DHwfhkgjNS9TNyDas6IBvCztJEBJjy+988pOt3wU9X2xopfO2A8fLr8oogbH7MpDX5KbqL/0RQ== processed in 52ms
[2026-08-24 04:30:40] [INFO] [api_router] Transaction payload payload_hash=aEHt58mlt1x/33/I84oCFu0eUBgXsLxTXYnoW6pD7JKvvcUIOh+Nre7Yrh0KU4nfUgI/pYFu+IjEdx17P6LoKw== processed in 49ms
[2026-08-24 04:46:58] [ERROR] [cache_layer] Transaction payload payload_hash=44UIDu0POsgmyNTTOdQErhRpnx9IB0mY9Y3Pcu9DaaZNLXUfwG35lIUZq3HaZv1w7Ut1f9nflDsWAiTuIBK9nA== processed in 356ms
[2026-08-24 08:34:19] [INFO] [api_router] Transaction payload payload_hash=NntmAxA7AEvPFpE12763SBqc+o0tiFCo3lCvraJoDUG0xZ/ghlIWEjRSLhu6oXEg55dumJrOdkgo+RhqzP76dA== processed in 217ms
[2026-08-24 10:03:23] [ERROR] [api_router] Transaction payload payload_hash=yUSsVF/jytTlHA7ijj7bjR6VVcEp53dgnQbyQSm5ROUKKguBhd/cGVYljjswQfMS4tR/23EWHgNW8SdR77Pfeg== processed in 325ms
[2026-08-24 11:23:08] [WARN] [auth_service] Transaction payload payload_hash=M6I0qCq/iU87kenwifXRPN9LNPhhTBlBa8NKQNEkfOKMGkoWmGFKDfOE3NQIDmh0M9MShbkLeZUjINJAG8VDfw== processed in 177ms
[2026-08-24 10:15:03] [WARN] [api_router] Transaction payload payload_hash=MAqN0l8ewxV4W5lyZxEUg0h6QlQrgToPyebXJ87diCnpoQmqEFvBqaZBSy3TOjL91hSpx08X3KH864oM7FbFLg== processed in 3ms
[2026-08-24 04:24:57] [DEBUG] [auth_service] Transaction payload payload_hash=Rv447S9KXxTv1GWPdfb0ozGPUw5q/HhJ4GqtLUIrg4eJX9sJWWUcWugYjaZPBBoBK8HmkHCe/qyw4W9GqErmcw== processed in 316ms
[2026-08-24 11:21:40] [WARN] [payment_gateway] Transaction payload payload_hash=jCfUh+8x4fauVaSKmBkbt6dNs/Az4+uQeibPywJsD0AcjxRovz+jseojZurZHdQEuuYcU5aUHvloydnbzri07Q== processed in 426ms
[2026-08-24 02:57:48] [WARN] [db_pool] Transaction payload payload_hash=dAxv0Drhsc0iT/wqxhvTiiWDkCyGuhpsFHi2QWJKUUlpZrTxUquA9/YQzT0E0OyxyvNzynsoZCWiSG7EZkskvw== processed in 261ms
[2026-08-24 05:30:16] [WARN] [payment_gateway] Transaction payload payload_hash=4Cg+eQHJev3DWy32X7gMBgrrFZdKZSrh53AGlWV1CaYJkHi724iMfhqT9Ja3Ef4T4oQAhi4nOKR4/uGCgsTNIQ== processed in 67ms
[2026-08-24 06:21:40] [WARN] [auth_service] Transaction payload payload_hash=lKPBNuO2u1UFpKV3cg73LRvkSfviVLykRaxbjhR4VtFZwynGKafGxUD9eW/wbT2Far3pEOfWe4liyvZzVAP8/A== processed in 26ms
[2026-08-24 04:22:15] [INFO] [db_pool] Transaction payload payload_hash=YgJndUwnSPe0O/xRxDEDzcetGU/hQ5fsqLXp25xYOzLWHmkHQA9lklrWKGEGigCxK/ZlqlI9tHiyE+uAy1LF6w== processed in 464ms
[2026-08-24 03:49:47] [WARN] [db_pool] Transaction payload payload_hash=zt2G1kS7VjoHkbmGrN00AF1L8GnMwl3r5FuQCJg7uVKVBX7qHq4nOQ1dU6KmbK3tpbP790jEiH5pF8rNjt04xQ== processed in 94ms
[2026-08-24 04:15:49] [INFO] [payment_gateway] Transaction payload payload_hash=eQg5JYsuzgi+cYiF5FYm5AJN7sIZlxYOOm/L/hRQ63OCV0ClJ/tW4X+g1sOHcLTGTxppv/dHe4F26zhUV8Sy5A== processed in 155ms
[2026-08-24 07:53:14] [INFO] [api_router] Transaction payload payload_hash=VVnKnSODjTEiF573zQAWpAXLJO4XAUT4ZITacdyatj3fVEc7bk9QmU0J+sW4WxqOfWXIMWw1wV/rg9SkCQvcDg== processed in 411ms
[2026-08-24 06:30:37] [ERROR] [auth_service] Transaction payload payload_hash=QjGkNNF1fj7RAOWyNM5ch+iNd4KS7IyCCpbBon8edo7lRP/V5ds8YkGzjAdn2gj3VgaDdvoovUpJn7Sy9FJ5WA== processed in 314ms
[2026-08-24 08:02:42] [DEBUG] [db_pool] Transaction payload payload_hash=hByb2JQwRswTrZ+CqLCRrQBsg2w+6+8hLbRJQPeWSs2shfRISpVdtJp7m1zYlBfKSvTT/LP4VwOtiYtImuKd/g== processed in 105ms
[2026-08-24 03:56:14] [WARN] [api_router] Transaction payload payload_hash=cmLFr7zh3R3hCbu0bbEAqkGtvAb7qLVqdUc2kgy/BQAtF5dkcriHfJFODmoLG+TuL1bQeAzvorz91okIB6vAeg== processed in 289ms
[2026-08-24 08:15:46] [ERROR] [db_pool] Transaction payload payload_hash=c5jTvFUYOJGdaAypfNsG9YhlLiMtfd9W8/kBDVFzTVuorLjfTvEh8lmX3XO7gLW0PUETP5o+AS0Eeep+w2uHzQ== processed in 420ms
[2026-08-24 08:29:01] [ERROR] [cache_layer] Transaction payload payload_hash=UoyHTU8/pnG4GGMxAK4x31ShPHW6eY3T/F6P1Nu6kRjsANJMhJ3y3kG4zB3xtOhkH3ttNutF3ZwpEnKwrUcA8w== processed in 191ms
[2026-08-24 05:08:22] [INFO] [cache_layer] Transaction payload payload_hash=rg1fHujHSRFIf1Gmm+diRKxNtxWpPnUu185hbt4Co/dX20+PyTyhLPIwoHe+OXxmDi2dJGqMDjLXrZPSSZiaZA== processed in 30ms
[2026-08-24 08:51:06] [INFO] [auth_service] Transaction payload payload_hash=GN024pPFEOeeAW/aTn4yDscfZlvm5sjpuMhvMLUMdOX9//r5c85teq7opwSKGq708AzMezvUHQjoVO6tC56daw== processed in 141ms
[2026-08-24 03:57:05] [DEBUG] [db_pool] Transaction payload payload_hash=I3UfcPQNchgJUU4QjdOiyvlq//ArEfZVTvWqLgdJB6Aqcgm1z8fS/nsaOiP03dFanEkvUkd03fNtC4wtz0hJCg== processed in 329ms
[2026-08-24 08:35:51] [INFO] [auth_service] Transaction payload payload_hash=26S4rVcyU5Exc5kvhK0pxjx5gM1aDD/01wm4EAnKy9zF7ldJxmovR0tt+itLtO+OWU5psheVG3qMQaslpGbhFQ== processed in 325ms
[2026-08-24 04:03:53] [ERROR] [auth_service] Transaction payload payload_hash=fHlUjrXZ2H+lQJbPaJ449IhCzqVZ7VJfMGaN40YstZWfbu+xdzbl9mMc6sg34BD4jILfFVtjZK4GW/9p5rZE0w== processed in 108ms
[2026-08-24 02:58:43] [INFO] [db_pool] Transaction payload payload_hash=+teOLb/oQixknXe/D24KVFhfPRAgSVFKczocHYW4+qK3/89L4EkSGIlY9kWIN1m36i9MD6aWJT4fCuFSXYaZpw== processed in 387ms
[2026-08-24 08:36:54] [INFO] [auth_service] Transaction payload payload_hash=HUT+RvUkzCGSdpd8P+A/yn0xIhBdwHOz+2JBKdoP+Z/Bh52K5uSxnmzlDRFvmTlVIiDQccxr+XMtkoo/w2WJQg== processed in 316ms
[2026-08-24 10:33:24] [DEBUG] [payment_gateway] Transaction payload payload_hash=/Wgmbiu6iOk/bGCGkXnUhg67VGXDxd3VrN3GQZ7fAHRMh849LJ3buFL+lLySFvjXoJrKnQqoHdVdF7gYKhDKSA== processed in 143ms
[2026-08-24 02:27:19] [DEBUG] [cache_layer] Transaction payload payload_hash=vs1bzqRCgBy1qFiFjm4cjjpjrLbn6fobXnli9GmWK75EJpFLebXN9bTjxKQ53HDhEyIra5W4zlQUHLReX8UpRw== processed in 22ms
[2026-08-24 02:30:19] [DEBUG] [cache_layer] Transaction payload payload_hash=vhKxXR7GW6Sh+bigg1wvvLt5wbQwjNjANHlsIrsl7X5SfOZkIT6E9IY4GcXYGJH4BU+GJzLJl3nAgrk/IbwXBg== processed in 44ms
[2026-08-24 05:06:10] [WARN] [db_pool] Transaction payload payload_hash=sXh2nSkyQtSjCTB4nrOjXyiPJYtK7OXzym6wJAxR3MAJkZT2tVQ9hhG/5QwpFszpWj0FpHepC4vd8M36xCVuxA== processed in 145ms
[2026-08-24 09:05:40] [WARN] [payment_gateway] Transaction payload payload_hash=/KiNlXvmy2vDqUaFQXPfrCyCkzodMjzetOjHrlXIwW0JMRSyKAcZanP36jFUBNodsvB1TJNmbOpia5HcUTwY0w== processed in 469ms
[2026-08-24 10:08:49] [WARN] [auth_service] Transaction payload payload_hash=6vlms23pV6Dqa3q3CS6uYio50JTxm6cZnZrhVdudEBZWsgwzpEgI9q/rcmrbtE7yTJrmAl/RvMuD4/wqDfMqcQ== processed in 45ms
[2026-08-24 03:29:16] [ERROR] [db_pool] Transaction payload payload_hash=Ese1k/JkLEYQE5yiX8vKHVZB9CM+9QtLePvr8Xl2Rmp2kGu7DzZKHg1s32ndJtV/vSpkV+5AW1Jzn2RAHvHf8A== processed in 81ms
[2026-08-24 06:22:01] [WARN] [db_pool] Transaction payload payload_hash=6lTvZUTdR7nu5Onic4p7rrBSdyzhRKjdV7ZplxVR/KCQakMZQaUl/e3xK9s5/vwQgxYMHmPoR/BzGJQJ7pAxOg== processed in 12ms
[2026-08-24 10:51:31] [INFO] [api_router] Transaction payload payload_hash=/Lz4hqnlIj4//XgDHxN/sLOk5FdJBuJWGaD1JX1rUiubdcVDtg8kTyUBhgkzRIDR5SVg9AM6pyKkAeWoJSG5TA== processed in 420ms
[2026-08-24 06:28:00] [INFO] [db_pool] Transaction payload payload_hash=ieAyRqSDxUQQI/SEZQxcVnfK5pYNOYwnLBYgKZpRtvpFl3A3yCOhgB8gUL19JVtUOxir0lkPVQ4IfyJn3llKAw== processed in 438ms
[2026-08-24 08:22:08] [DEBUG] [cache_layer] Transaction payload payload_hash=j+BcqSdnevpyy91ZxEFXFVoWGoR4c0iCFOesYp+KQCWoPedBOou6fG/nrQa5/9L0dA31snhLVlIX2s8XaTj7bw== processed in 142ms
[2026-08-24 05:53:31] [ERROR] [auth_service] Transaction payload payload_hash=DT1tZSH89zezAfnAgLJHi+vmgYC2ihXg/5ckvLgwxsq2nmVewqihruqxmHtuCG0QUnf1nByP5J3SA17t/Evwbw== processed in 166ms
[2026-08-24 06:50:12] [DEBUG] [db_pool] Transaction payload payload_hash=qk4u7WVe+5bO/IwoELkYygccdKQE7AeMwG1CJx8c2bR2WJ0Jb9h39foKizWRbm5+qjvJrROhl9bTIpk8ozqP0w== processed in 20ms
[2026-08-24 11:17:48] [ERROR] [payment_gateway] Transaction payload payload_hash=Dz82gEnxDJMKNYl3fsMvCmyWISbrkyWU6i9cXsJ2zeKpO4Bb9qMmQ8jg5S44z/GNgOS2caAfO2749fp1pCcTVA== processed in 487ms
[2026-08-24 02:38:04] [DEBUG] [db_pool] Transaction payload payload_hash=iS60RFNyXk1++6I9rbtv8KIIWFJv6fs7gBYc8EaNQ5T8r1gb0gkQhitgUKCRsQe/qbHG3pDgutv2J5IxLbghqQ== processed in 242ms
[2026-08-24 04:03:08] [DEBUG] [auth_service] Transaction payload payload_hash=vT9jTGYlOjaFs/Ft8+Djfp26RGQS0T0gfpI6U9WRZiX7xfWqj4kDBWHXLj+RbLAbMDvz4ipbChLjkwEETE9cXg== processed in 332ms
[2026-08-24 10:42:51] [WARN] [api_router] Transaction payload payload_hash=Nf5t9pVu5pz6AiXPk7J4N1EmITPQvaGLV7LuQrEDJobGPc5DxxkL+1Mp3q44By2W/+zVRyMH0GqTGqqzybAXUA== processed in 300ms
[2026-08-24 10:02:48] [INFO] [payment_gateway] Transaction payload payload_hash=8ht2lEu6ARt0e2Bv3VGF5mmAa69P+p3Q174V1AwWLCqQei4nQN5XifP1cBvj7BiseP+WpKzGlHpO/MO2vtd9vA== processed in 273ms
[2026-08-24 04:48:57] [INFO] [cache_layer] Transaction payload payload_hash=CHR+4gL3MEIILW4/4UiJLw4aGtm4p/9SqtzHJxgZeBOTV4qVoyDoofyM6nBTFJC/4whE9v/6ilURLVnwM2qExw== processed in 333ms
[2026-08-24 08:11:34] [WARN] [payment_gateway] Transaction payload payload_hash=Xkx2A80EDxn/ZkWyY9zQbIbe6qc56jQFWYEdgrGJaLcUXEAsQzvs3DVdc8tExmYe5dA6W4ZAvmBLNnYYnnXoGw== processed in 374ms
[2026-08-24 06:28:39] [INFO] [payment_gateway] Transaction payload payload_hash=WUSrurH3PL+YJGm5DAoEMBbjjYTGNyfjKOKkY+01N45Ot9J7YNDMitzD4YDfTUojyJgCz1HPd+Qtm4Y9NAs2FA== processed in 341ms
[2026-08-24 04:35:09] [ERROR] [payment_gateway] Transaction payload payload_hash=TO7QxMv1OMYGvy0k3kN1kL7A4YuawNaIZO0xvRZTk8yAtmjyr6hpRuistrQ+mn9qoA6kQ5NIyfUA5An3gZBijA== processed in 261ms
[2026-08-24 04:24:31] [DEBUG] [payment_gateway] Transaction payload payload_hash=0x1mojS6bWBAnF1CrvuPfPbJLrdcOotkkhBZyfv7d8EZqCymqyODwNe6i4Hfn1FAPylNW4bX4MwIMuUkprsw/w== processed in 359ms
[2026-08-24 03:16:11] [DEBUG] [cache_layer] Transaction payload payload_hash=zo2lsUve4Bbt4EMfcBtBa1nZeM7dX3v+wkoufLRef2e+Wn3qZDEKNVWpuosM3LSPEI1Skc3c9rCgN2E+pxruCw== processed in 18ms
[2026-08-24 03:39:47] [DEBUG] [payment_gateway] Transaction payload payload_hash=rtfjajEiqHOGlC5uPQ88xSJckVEh8TmFs4AW77c5J1rsFgtDkzmjLA9dKiHHiKSCRtzj8TkdrysZBgftFLjgbA== processed in 432ms
[2026-08-24 08:19:53] [WARN] [cache_layer] Transaction payload payload_hash=T4GnHk8vkuPLjjszuBQcJt+aKJ3VzcizBo5AQEwFagVr71VeQ23pEuCKsI3hoMM8Olf+adKrjtM28h41zqnfhQ== processed in 417ms
[2026-08-24 09:04:01] [INFO] [api_router] Transaction payload payload_hash=YzUhSkBpRDOnFxOC4CkxZPGEcEk5fkg3IpTdxlGrHOXXFbKWHN+RPiD8hFMVKRgxFUqTmGYvrAuvbzy+3pIWJA== processed in 142ms
[2026-08-24 06:50:55] [WARN] [payment_gateway] Transaction payload payload_hash=xV7c4uP+mRyB0FpLF4jPyT6Ee+3M4WqII0LcCYL6dvOUt1N9BTdE2zzL111tf9pltg0tvYPQ2o7mp7uKYPkKlg== processed in 96ms
[2026-08-24 08:30:26] [DEBUG] [payment_gateway] Transaction payload payload_hash=XkALfJ0HdxltYQWMYF65I+4HwYWVjIKVLgxXj1tYKDnFJbx1cHly+nPLfz59uxkHuWD0+oc3+Ur+qglZopEEmg== processed in 22ms
[2026-08-24 06:33:31] [ERROR] [db_pool] Transaction payload payload_hash=03qzAqrljcbZQQNmaJUDlbJeDd3jaHIMEOFT6DCPdgsva1nywAbTQmq8EoCTdLusKjgvzGT54lILfghDtlbjXQ== processed in 87ms
[2026-08-24 02:36:25] [WARN] [cache_layer] Transaction payload payload_hash=/VEMwP4UnEJmTM+WApnWRJl0qoD3+NksttqrwQD/t6pvxoBJb14V/NhMw2nyIgvl2Sda6KdaZmOLhSZ7CoPGew== processed in 15ms
[2026-08-24 05:18:55] [INFO] [payment_gateway] Transaction payload payload_hash=GQjoVWiaPFpfVTuqdqfLHZeXJXmLMjPUtLIaGGEaW1mIGEReqvkn7OhjO+jmCMY4SyVZusat7aRtuQb+G5oxwA== processed in 45ms
[2026-08-24 06:48:22] [DEBUG] [api_router] Transaction payload payload_hash=kDPxjcwYgWNiNEmGCXORw1ClGPHYiOHNr2kIeBMYJVzRx2ZJX/zRwLQ2rAha3wb+BTGx/z97pBpu0w5EyJOM/g== processed in 332ms
[2026-08-24 02:38:20] [WARN] [db_pool] Transaction payload payload_hash=vcpb8VQ3THZLpr+Gj1MPk6LBI8XSJwVCV2FRHtn0ux8QwPMwjbN6NLrViBLVuJ0GsbcY9B4bFd6073j2BvxiHg== processed in 300ms
[2026-08-24 05:17:48] [INFO] [cache_layer] Transaction payload payload_hash=vtk9OcgA3spAnPOaFJX3Ou+KnHLGoV33d/Yzl5TXSeJzBarDqEYsFfziRDIqPVWgrH4pFiW79PFMt8RVDVSWlA== processed in 41ms
[2026-08-24 06:03:45] [WARN] [payment_gateway] Transaction payload payload_hash=vZVeogyaUnlEfMQ5v/STMStp4JejuI4KJlHoWpOVGMO/Dn2mf5oa4nFuV5oFiLg36eQMPAeYUNWpuOjScNc8XA== processed in 393ms
[2026-08-24 06:07:57] [DEBUG] [payment_gateway] Transaction payload payload_hash=BHBh6PKLefdx6AXdraZOJe54M0JgvNhRR/xxMjaF4IBGgpP8xbgfjuLqDqNaNfLuq7g2HGkZPNuvB34dh0jqvA== processed in 261ms
[2026-08-24 05:42:58] [WARN] [auth_service] Transaction payload payload_hash=fH3fG05KtP3lXQLLL1rIWJh7T9oQcenNIj3YwRDJ0F78s+mpAr1WEzWirOWu5kvPU0pSU4SYl24Gc1a1Hrk1ug== processed in 490ms
[2026-08-24 03:52:16] [DEBUG] [payment_gateway] Transaction payload payload_hash=6gccTPsKKorFpHZlqztkKw8RBFyn3hV6wMHUrMaZJBRibpjBfQwuz9Z8nA5evgd+joMDd8D8AM7OQ0sldIuawA== processed in 417ms
[2026-08-24 08:46:05] [DEBUG] [auth_service] Transaction payload payload_hash=CppERjpvLdH22PjRktHMSUFNtXOJsKpnehpfOoR+GLAAQ0y7qZ5z6+LTYzu4wcafiUliGRHqYsRWR6eEF4W+QQ== processed in 167ms
[2026-08-24 10:22:23] [INFO] [db_pool] Transaction payload payload_hash=oVRfl6FOhDIY7oYfnmeys/91UgMu5manZruCaTNPiLXzqDgEY/fJKL6WdtYquRyjppA+py5K8avu/PCUQkPu+g== processed in 19ms
[2026-08-24 07:07:47] [ERROR] [api_router] Transaction payload payload_hash=QsHccqVOQUkw5iawGK1xFisaVoRrwYY94LdBdOlytYw4SuC+ielOW5jBeF1dWbZLyCEfx5ZQJN4Mju4D6HFHRw== processed in 302ms
[2026-08-24 04:45:30] [DEBUG] [cache_layer] Transaction payload payload_hash=jX9ohrtZEQBziqCmEddOfqBfaG/nG8HfFh/7Pavn5fgR0Vwc/wjoPUjq6KDh/oAObDbTmY/4cdY+h+4NmfUGbA== processed in 104ms
[2026-08-24 05:45:37] [DEBUG] [payment_gateway] Transaction payload payload_hash=YJnPCyYBPnuSxVO4e7n1a6F1/WutMnoi0Jgn9XRuEEXci19I33LAoNXANi5XS/tiBlbczHY2KpTzKA5dvKRzEQ== processed in 189ms
[2026-08-24 07:50:55] [WARN] [api_router] Transaction payload payload_hash=cCUzwHF12KhlFlYQiVnqZM3ucR7SnYt1YNfO1degH/L2aOK8eOaAXKLD7iaFxp4A2YmH6+8k/tPZeWffLfK0lQ== processed in 477ms
[2026-08-24 09:42:12] [INFO] [cache_layer] Transaction payload payload_hash=GK/uRaN7mwel6NtAhmln0gucH/8VWQSHjJeZ3NaTi78kV2ms+WsNOmQJs9sfHa/YFm93kLxJ6qr1+NDqrNdBcQ== processed in 180ms
[2026-08-24 11:02:23] [ERROR] [db_pool] Transaction payload payload_hash=hup0aI9qKnIjJD6b80rI1HEsSwl54UCsASh23wdu6D4NqN5pz0dBlpvfErz88HxbsjVSyT+3XuoD7QftA04kcA== processed in 101ms
[2026-08-24 10:09:17] [INFO] [payment_gateway] Transaction payload payload_hash=F83UWjtvROk1wcm+2aXVUUwt1NGFH3V6dbhXXwaIh7nYoH6P4klooOMySqkSzqo7mbQdgEqXT8g+3RaERPxrhA== processed in 132ms
[2026-08-24 07:46:56] [INFO] [api_router] Transaction payload payload_hash=tAckaBGbhoT94XvZF6L06dgxUpUJ/Og/8BD0H9999+mUs5btfeSVF4ElDzirl8cZL1vFE8LDpWTT43Wg8NdYDA== processed in 406ms
[2026-08-24 09:58:47] [DEBUG] [api_router] Transaction payload payload_hash=+xQv372VculfLGWAS+92JUbu6W127xUNf9JEMy3TBEDIv2MUpXMvYiJ1ZiT2wXTpfv0el+8rbF0aIobshG7Eow== processed in 41ms
[2026-08-24 04:00:26] [DEBUG] [cache_layer] Transaction payload payload_hash=Ag78oXypoKNaiOAB237KNeHqFJsJ8/b201MM9GqJ4Unlv53CT0jyC2+pROeuOQkhKcltRZNsODTVhp7jyCf3ww== processed in 305ms
[2026-08-24 02:31:36] [INFO] [payment_gateway] Transaction payload payload_hash=DGE5gEHj6VfejKtNL0ziPhd6GeQaT+wdg4mcaGoO/p39I5Q970J8+SGPRJu7D4HJDCMtT2gwzHkURL6TTrwgVg== processed in 12ms
[2026-08-24 03:09:21] [WARN] [db_pool] Transaction payload payload_hash=SJ98rGMOhf3gIN6A8RnZWwldXCGzNmNVZ2pBuKqo9mwSWAmo2YdQty/77qTxooKqLbLrWCLWP20X3je/jegaTQ== processed in 241ms
[2026-08-24 08:53:02] [ERROR] [db_pool] Transaction payload payload_hash=4GOK87yh1X9F7rctZFSUWVNIKHMluWJuPfQffetr1hCGcc2TVVr5A2E5+ud6hW1Jo8HjCkv7SpQO6KmmS7XvHA== processed in 186ms
[2026-08-24 08:20:43] [WARN] [api_router] Transaction payload payload_hash=Wenb8PTG2zp23XjtKZCNVXHdYm/UywKoGEtUmDFYaGwyljN+iTMu2yAR000dEzysrcbdHSWQK7uxfiCa/zE98w== processed in 347ms
[2026-08-24 06:37:11] [WARN] [payment_gateway] Transaction payload payload_hash=oG0b+Okk3EbtridF1WcDHDj0375MNpyt7k0vyf0ilUJO69RbC4VaJWbAnOHCDySsC4wBDlkkfARLW5lyxLuK0A== processed in 172ms
[2026-08-24 02:44:24] [ERROR] [payment_gateway] Transaction payload payload_hash=lxmZ8J0QlfDxB/zKfIEU2hi70oR5rbMDuJn7aV0P3d6SGVD4OzA4iaPuErrOYqLwEJgzjPqbC7jpOj+WT/Pr1w== processed in 448ms
[2026-08-24 06:07:41] [DEBUG] [cache_layer] Transaction payload payload_hash=8BbCJsUilyGkDyg9zO5Vw5CEsvNpN+q7Q6X9TanTphnzNY+C+T7MhL2d1w9s3t9QdAs2uqk1iNJ9cjWpCFJWTg== processed in 140ms
[2026-08-24 09:53:33] [ERROR] [auth_service] Transaction payload payload_hash=IHrxhWRPvmbHNmsFywjcNNpIEbfvwIzMwv438YSxkDr7d5CmT8G76aAF9DUzlnfbySjdkXRREkhQq8v/m9jucQ== processed in 494ms
[2026-08-24 03:36:09] [ERROR] [payment_gateway] Transaction payload payload_hash=QHT7giVwo3Ifm/51xdmzTfTFioWQvQmvEQtKaXyA112W756Uq494I4GPC0m1bnOS/TtmAXUFt/QB5mcwDPYpNg== processed in 208ms
[2026-08-24 06:23:27] [DEBUG] [cache_layer] Transaction payload payload_hash=BMfolOeQ3QS5himn5orQ+IOWduYcIM8DZI1qrNP2EQR1K4FDNGJNOimXbVnTJUH/+0d5Fao9p9h5/+2vMgCxfg== processed in 3ms
[2026-08-24 11:04:56] [DEBUG] [db_pool] Transaction payload payload_hash=+ctPIGWZYffoO2NiT4nyvngekja/7guHa10YCSQw1XuPlDnDI+i610rWce70vCVc6lR2kCp+gOlrll9fXY8fmg== processed in 112ms
[2026-08-24 03:03:18] [DEBUG] [auth_service] Transaction payload payload_hash=v/eWUY3IpLh3AcL7zWyF6Jb73zbefCdCmr4ODhBx9pt4kVDKsNVNxN5Jcu8svRaEm0mEsYuXcmacNF1sCbYx0g== processed in 293ms
[2026-08-24 07:25:37] [INFO] [api_router] Transaction payload payload_hash=2mv1uQyZYqk4Pxs3sW2BrBmUsaaDfC8VgW8GfknUtWN2vK9NLDagWU8WH0+LgDayhsLg2HKubH2yLSS7rhGF0Q== processed in 133ms
[2026-08-24 08:46:41] [WARN] [db_pool] Transaction payload payload_hash=eSRcbL+Yr/eKsz2i70orSCgvnPSF+8jcvgEjYdOWASKyHG42IZHl/yJNiTeEOhLKK4q31woCPfB560KbU+gLVQ== processed in 352ms
[2026-08-24 02:23:19] [WARN] [api_router] Transaction payload payload_hash=bq081ZSiObpaUV4ewVeNJXFiaCGUrNd6b3fwqUjgj79m6+PPVsyVNPEzIH9vw6j+g8P+KtvwMBe02fnPb+MBow== processed in 98ms
[2026-08-24 06:43:36] [WARN] [api_router] Transaction payload payload_hash=47wy0NHInTV6fdaQVRf42uWo6i69ThjsGsYDDSVhIPMGyCOM2viQiZGn2flV/6rH60Ogfr82MGXn9T27jZKCBQ== processed in 32ms
[2026-08-24 04:50:29] [WARN] [auth_service] Transaction payload payload_hash=2GRMzDfx3Nk4RO8rB+nGSqIcCOIw3nW/D/6j1144qf5WayaeSw0bt2CwPR4mtk/xkD2gyjkTSwlvmdpOot/s0A== processed in 449ms
[2026-08-24 02:27:21] [WARN] [payment_gateway] Transaction payload payload_hash=O7fhxP0UUo68EbUOEVLg4taIcTVEwcL/DMdEKFPPZzyHNZC+2YWVJMHtbk/X/NIytB4ZSWRyjqYrjMIB/PJUTw== processed in 458ms
[2026-08-24 04:42:35] [INFO] [cache_layer] Transaction payload payload_hash=jwOb1aJhfc90PWbb3q03mdTdBJbv7xni8ANkJfsxyYtZJkWQwyzv64r9E1hJW/sOuAex1XvoA6/Sj+EVvxHcbg== processed in 50ms
[2026-08-24 09:04:27] [ERROR] [api_router] Transaction payload payload_hash=9++SW17Il1XvVxFtt0x+m58O1W62V8WLn43uLvo66wTSNZNVdbojwFQb6vY0Jt6TZkyeuybmDEyzkL0L605uvQ== processed in 45ms
[2026-08-24 06:21:29] [INFO] [payment_gateway] Transaction payload payload_hash=oFV8wnuz299aQHi3uPXDgMC4zRDejY+IzFsBhHgb/C15zYOdqFEsI8agwDF2e7WZnwLGQe1dP2dfMhbDRPtRHw== processed in 377ms
[2026-08-24 02:36:25] [ERROR] [api_router] Transaction payload payload_hash=xPWdFh2KH/J7A94FYIpYcVLPBxVO2E/S8oY2YvNnIrAKYJpqJIoTzhAdS14n12GxwA5drHd0L1DftimJgOCIOw== processed in 242ms
[2026-08-24 08:07:26] [DEBUG] [payment_gateway] Transaction payload payload_hash=V3GXVT8543D96X3ClvXaNWhAgBoinaer2StI+FLTuTpK/aV+LWq6iMqDrmjS3g4VJ7+KGv3rkVCKATVqoXTyBQ== processed in 499ms
[2026-08-24 09:27:29] [ERROR] [api_router] Transaction payload payload_hash=GqjYWXUTWPw3F8nzTMurvDs29B7LktKrLx8ivy1+fHFLjQmIC1TTFY5JZWiyZ18wB6ajG70SFBYtGR6gYbtVQA== processed in 210ms
[2026-08-24 04:37:27] [ERROR] [auth_service] Transaction payload payload_hash=/qQzgxTHaQc+/in7kQ2rGHZKB2BpsXmlqjtks308RHW+eL2VX0/c6whs7X3+Tei1CRzG3AKtIrJy4ZfaR48FjA== processed in 386ms
[2026-08-24 10:09:59] [WARN] [cache_layer] Transaction payload payload_hash=a38ZtlK8WTIK4QZNUjFdL+QntMGqART3rEndGERxOeJ5EX82Pntq5Ua7GQUC3C1cXuor8Zi5VQlYCHZuY6hwvg== processed in 83ms
[2026-08-24 05:13:09] [WARN] [db_pool] Transaction payload payload_hash=aPMOeeJytuPDbLVFKJY+vYrNJfmdMvoT4+2hdVJhB0eWX+YVFposKXgpA6QrJzj4j5bqYfw4ij7zuRN+ZVwEmg== processed in 400ms
[2026-08-24 07:29:53] [WARN] [payment_gateway] Transaction payload payload_hash=+gnnBPXZLxF+Ft8m0kh8fOAaBV1RPzucViWWexyIkW9O2WGGImDfrgKnTRdlwjOtq/4a4cijFwNsCkU2+GHVvw== processed in 223ms
[2026-08-24 09:08:29] [ERROR] [db_pool] Transaction payload payload_hash=9m1lRBdupzCVDAFHJlHMB0VHfVR91VNlH39bDD0mQa0ldWJq4xc+24WXry8dD+7x8/nE5TzXf3LruHBGsV4MYQ== processed in 180ms
[2026-08-24 06:52:06] [ERROR] [api_router] Transaction payload payload_hash=O1+vBchVMkOj5tyfz+FgQXL0aNn+llYOzuK3lPSsMsEaz+Ytml0q4Nve4W1KigtalWElz4hM6KH2sUILEbGbFg== processed in 161ms
[2026-08-24 06:07:51] [WARN] [db_pool] Transaction payload payload_hash=5rlreAxaIJGGMqE6Stw2wn8g+3qm3vqRRxcOBgSAXIhYS4wQs7tIfH8Fxwqwr7JOgP2yUzjlG6sHd4yvnS4+aw== processed in 56ms
[2026-08-24 10:19:53] [INFO] [db_pool] Transaction payload payload_hash=OxAaxPEt0CbrspdcsJzP06dvUeHxKltZf9uA4MrYZEJhgivFG5z7fp6ukhKBsyiKI1pue0Zq+f744F7Z+eQI/w== processed in 250ms
[2026-08-24 05:22:18] [DEBUG] [db_pool] Transaction payload payload_hash=SiB5Nr4QTO9UhQ9o/KnrmAxsl7PNDdZ7Q49GlWx54PR/G2Xl4D9hn8GxQxnkW2WTCilKOFi+uH1BSwb1fUYgfQ== processed in 224ms
[2026-08-24 03:51:07] [ERROR] [api_router] Transaction payload payload_hash=L7NrB+4rUstK3qdIFBnoFe63JEqkmDI/DslLwiSR6KItvvuX+k6WlBU64Q2gxjKX7xeeQ1yavUBybL+bHinRbg== processed in 371ms
[2026-08-24 06:24:19] [INFO] [cache_layer] Transaction payload payload_hash=8TLJbh48zNXTRZJHZN0lC2b6DLbtPg/LiNEg77VuSJhuwwrLrj5BhDsUnZDkNMTA3RvC8Z3bXzmSkSJGhULNIQ== processed in 418ms
[2026-08-24 03:22:33] [ERROR] [cache_layer] Transaction payload payload_hash=GGyGiLSn27/JC3dnBKH1Wrxe0wRI0cEBGgTNyyA3ejgi/MDnP7eiSo1ztU5rq1ATc/FutfuTUFI7pe1KWDD8Qg== processed in 437ms
[2026-08-24 09:38:23] [INFO] [db_pool] Transaction payload payload_hash=il0dlChjNxpB7bLmxcE0KtEz9K2V9DXtLkl35R4EHmofNEGtgfKARy4jOq9HZpoRllctqLev4ksz8G+iYhdIEw== processed in 447ms
[2026-08-24 08:52:13] [INFO] [auth_service] Transaction payload payload_hash=pZINqYjnqTvAX1SLK81enKAPmLYVSXJHC0e1DKpVM2r4J7Eirn5sEgsg1VfkNrM6cx79W+ZpfpZCPbJpV3a/zQ== processed in 377ms
[2026-08-24 08:07:00] [WARN] [db_pool] Transaction payload payload_hash=ykHVRjkg3zz6AtHuLXRGBN8s43FtOvvbznjGq81wGfqmtosQV5mkJbfkkV6KUWe3Tx8WcAQaTvVkDytJ54FEwg== processed in 134ms
[2026-08-24 08:18:00] [INFO] [auth_service] Transaction payload payload_hash=stka0/QBygAjRsbOX1MZFSj/Qh0lslqrmVzbMkysZn41l6lfU+v2/5wfAWKP2nIANESinwT/FBZfXoSi0c/61g== processed in 416ms
[2026-08-24 09:18:42] [INFO] [db_pool] Transaction payload payload_hash=GHQIyUagx5yykW1MQs4SgBE9T16jUsGaB8DBVgXp1gdZebazQszGjZVdSMaK7z1v/GinQHi62Ijn+rQENzXGkg== processed in 101ms
[2026-08-24 09:39:38] [ERROR] [db_pool] Transaction payload payload_hash=+OdVtK8EomU8Uipl7/3Krs//RzjLXRiZ6wpi1m1T/hM+1pTPl7DAZF78Ybr0XuyX7LO5KZHlv+Qyehkgrg+C9Q== processed in 448ms
[2026-08-24 09:12:07] [ERROR] [auth_service] Transaction payload payload_hash=hUHhZ7ZDZg7rs+9jrq9riJ7lNINakxuEDEfOcCIF9KKK/7foxCVQikEq3YUBVPg7dcjJuj/2z9EUhNC6g4QwhA== processed in 159ms
[2026-08-24 02:27:12] [DEBUG] [payment_gateway] Transaction payload payload_hash=ZVTaCmrCiDBKKoGBrb1GJxGDutnALIB3Fk4DgzkG1lXnnbBPm8YSZqwV383GZ0SysuKLiq6WhUWInqzKYSP2oA== processed in 315ms
[2026-08-24 02:23:47] [ERROR] [db_pool] Transaction payload payload_hash=/IFOzJl0A+8otJYHRe/2HiYKs3KyP9vKKv5/mxUDwSkAylMocxflRqSl/7AWuBWupQzrEe8NNpnG1w7R9xq9cQ== processed in 110ms
[2026-08-24 05:27:11] [ERROR] [api_router] Transaction payload payload_hash=Q3DJ3dkVrHo1qp43nTW64nAzdyFpDtLDlGpikuLJsjYs7DgF6TF1PXZ1ECYS2Gtd/leGjRiaecj4MdypJj+6Ag== processed in 66ms
[2026-08-24 06:06:07] [ERROR] [cache_layer] Transaction payload payload_hash=gHJe3YcrKRZ7L/Sh5El572kUvFyzDP2dhcCvJz3VLNDsdWP6TcJiT5t2WEzHUjFA1pMrV/yn/JEjmo6Y5/hhaw== processed in 120ms
[2026-08-24 06:53:18] [INFO] [payment_gateway] Transaction payload payload_hash=UsBzzZROgnVwIkq7rYitpNcPiTooOzJZ7fdIl2d21HfKOD5IVLRN4ohe9tJ/nGoQBRFFGzZ+y1GMlhaSTCkcnQ== processed in 174ms
[2026-08-24 09:03:55] [WARN] [db_pool] Transaction payload payload_hash=sEbkNYM6fk7BvPj+xMxb4Sjf0Q25iUO1J+55ozbcMwVR3C++Lma2LRc1NwVc6N95eV440Q9TxDwfNxuxWNE3BQ== processed in 56ms
[2026-08-24 06:41:54] [INFO] [cache_layer] Transaction payload payload_hash=vgUB/eiWDq5T4Uf7bj7h7SAjVERLYuar6ZJBqva2f+MV3Kgg7UIYtJPrejxI4xdKsGamwrVJ1uO1juuYd4E3yQ== processed in 377ms
[2026-08-24 03:34:45] [ERROR] [db_pool] Transaction payload payload_hash=IciOBknGl9Cb9QflsYU/o11HWEsTo2ZthFUuH+MO8tc6S3LaQZ8AjgpXy3WumgE7aXsIW1b54R6MV7QHzi0/jg== processed in 36ms
[2026-08-24 03:08:08] [DEBUG] [payment_gateway] Transaction payload payload_hash=2mxiBnYpbj8XV2yeEySzMVg22FhZIZY31nINwRoT2iuiKOetQugnimeQVreXTOUn1VqRudy5/8AdJXssSIzNRA== processed in 34ms
[2026-08-24 09:32:10] [INFO] [api_router] Transaction payload payload_hash=/tHrDQ+1znmfe1XPY9piwKuLv9pRQmBUD2NwrPB33DNUyt4o/LPg9nprRrWn6N520MDfS0rDB74bX4TUK60r4Q== processed in 77ms
[2026-08-24 03:11:43] [ERROR] [payment_gateway] Transaction payload payload_hash=Fi3ItwZTYLwR7H4Ynpal3wpf0j3bUYkJJIGK/2z6+w0YZ6c+DihvYOWw7zk1br5+h9qLa98VRiqQywCsXZTVgg== processed in 205ms
[2026-08-24 07:31:22] [ERROR] [payment_gateway] Transaction payload payload_hash=ir1B5cKt97uV90dsODOzGnH/6vEH1u1DOxsMdsBSJdq7tyIln2QjfWsrJdVfq7vTUzwy26wMU/Ux7zM5fr1AFw== processed in 251ms
[2026-08-24 06:20:42] [INFO] [auth_service] Transaction payload payload_hash=NmXAv4S71M8ZNVIY54Eyk2VcNJMyD0LYgXHKJvovIt2FExYvzUtpZQ1XhOKBZsBsKcqcdsJ+NT/y/feI8ku37g== processed in 174ms
[2026-08-24 07:16:12] [WARN] [cache_layer] Transaction payload payload_hash=TjoAhF7RjGhCHZE6pOxJCJN13v+yFe8cVe02JulQhPlIPUZ/NEI54HQr738y3LxyjuMIM5IznY1d0Vc6ywg7Yw== processed in 248ms
[2026-08-24 10:53:39] [DEBUG] [db_pool] Transaction payload payload_hash=Y8cb96DDlHnfjUrtxdzGiuKK5rTlJUL/2Y++OHjqdUuTdbotDM76S5Z1d8kKYEZKLgp/Z+ayS7zl3hFmnwtTZA== processed in 461ms
[2026-08-24 10:48:44] [DEBUG] [db_pool] Transaction payload payload_hash=eU4GcH1zuAIo2ZN52U43uY66U7gWcKWET98c2hL9RYDBSmFGOpLX6fMMQ8/7hxqPzyn8/zsvGXEgeca0l9M31g== processed in 295ms
[2026-08-24 06:54:46] [ERROR] [db_pool] Transaction payload payload_hash=20d50ZuRpVlvtF48dVJG2Cw+yr8IcKTY3gA/wtXamHTOzywfqP2nUF8JBtX+nPdla19BtXodVVlnKeJfnNKZmQ== processed in 33ms
[2026-08-24 09:38:07] [WARN] [payment_gateway] Transaction payload payload_hash=DfpiMqdpot1zlzd5r/4PKcM0lQV2xRw5GCG6BtS66nYUHa0O5kn91BkWnxQQaNG2j/S3l4ECmEh8ckud5oG1PA== processed in 335ms
[2026-08-24 08:59:44] [DEBUG] [api_router] Transaction payload payload_hash=mmyAeKXm+jrn8xQVlk4x7Bdt3Mby3835vVB/zN5pbi//fEjZvAc9ZQ4a9xkSxaajcq1ws6ROji7Oco7U787O0g== processed in 442ms
[2026-08-24 08:42:03] [INFO] [cache_layer] Transaction payload payload_hash=OpWq0OlFupOiEvDFGbNoGnLhKoTGf4IShqYb6HxkKvL/1jr7p8Aa4IkWzaccfXxXwZY6reu3x1Ni2LZwNWBwwQ== processed in 474ms
[2026-08-24 09:45:37] [WARN] [cache_layer] Transaction payload payload_hash=DwKZkgsxY2asHCc8sky8L/Im7ydYKuPf/lY2ujki5lx9CMBV3DRb9Quj1knnlR1J8q9VT+UwvsywyboVGwoQfg== processed in 75ms
[2026-08-24 04:34:40] [DEBUG] [auth_service] Transaction payload payload_hash=+oV7ngroUAVV5VZ35VHlfwfUeSm0v8rVTFxxgwzTZzF+jnetOwoPbr5hLdbkIE4KAbG02o4mWzPaTn7JCuatkQ== processed in 9ms
[2026-08-24 06:25:48] [INFO] [api_router] Transaction payload payload_hash=H45nI2gaFCh8FqddNvWPeSnvtOEaTkVeuRDBl2+9owHCCWd18DbdvLh4E+kjkvW5qoFPf1YaTpxnu6FnQ+y9nQ== processed in 490ms
[2026-08-24 03:57:16] [ERROR] [cache_layer] Transaction payload payload_hash=rEha1RP44JcvWAUgXJv1eWBOzIHkOEUpKoXq6J7c5yBQi4GZNfF4Lpd903mnzdIWDbUaaXOyU+bevrZ7Cb3hTQ== processed in 229ms
[2026-08-24 06:32:33] [INFO] [cache_layer] Transaction payload payload_hash=OHDhAeI76q+Ppq1KEmh0pqNo7kvhenbbWCD0zf3rJCTpVbDEvylptu8NyDNOETOFdXOXsHOMISARIzBegYLEuA== processed in 233ms
[2026-08-24 07:10:06] [WARN] [auth_service] Transaction payload payload_hash=NCPd5FD6gRLGATTiCjEx0HAeaVUn0r6AAhjKgBbAtR3yGuyCxNnaw73C4sG6kgdazPBDJ0zRv2aOEIFE8KMpTA== processed in 190ms
[2026-08-24 04:22:13] [ERROR] [db_pool] Transaction payload payload_hash=3AK3T/A49bvm0YoYFGLSOR0aOmRLiNIk5jRwr71V9ooC2GMPRMVffDaXrUFQntJUgH9hDMjCPiwnvjJtXno1YQ== processed in 174ms
[2026-08-24 10:28:18] [DEBUG] [payment_gateway] Transaction payload payload_hash=aKOYdVxttB1RKew7G4ef5Uiw17mpVy4xje48p2dp2cVWiRPuAdeFtTe9FluvQR1/hkwJuZQbt9fxpGZpZZa4vA== processed in 465ms
[2026-08-24 04:45:33] [ERROR] [payment_gateway] Transaction payload payload_hash=KYuAzkQ3PKuZyKN49iBz0qpAK2m8hRdUZ4ke1mtcDj213n/CaHXy12AB4ISZk/GqFT71Jmomt/UUpfrM+A9lTg== processed in 356ms
[2026-08-24 09:49:15] [DEBUG] [payment_gateway] Transaction payload payload_hash=fJBIg152Dh9adGxxO/Amk2pIGcoy37UiK8SsQYznlS2I0ArMEFakNliHhnVEApYU3vN1XpT7EZ0gDyjcyzhJLw== processed in 109ms
[2026-08-24 07:07:06] [INFO] [payment_gateway] Transaction payload payload_hash=9IchvWV+lZ7a2DNxoGR6FrUM/gkPk4SvRskUsdqu02PKzweoTzubeeaTb5T1BUpp4HVxr/pxLXbI8GvBLLAMXA== processed in 145ms
[2026-08-24 08:34:08] [DEBUG] [db_pool] Transaction payload payload_hash=y2VFhMcQXoYa0AM0aKTmR36wzKpL225EY/EYsWoysMPORDrH8yz93/vy65NBMkP6q2bzthbTw0M1llBwU2kujg== processed in 379ms
[2026-08-24 11:03:12] [DEBUG] [cache_layer] Transaction payload payload_hash=4fKIvubrd9LA6mUI+enihDJPrann5L/KtV1aPXErR99MHUs/HXLzdHjlwTGbXxl/PcecXMm1b5xuPl2gk1vpEQ== processed in 286ms
[2026-08-24 04:06:14] [INFO] [payment_gateway] Transaction payload payload_hash=hgbZQEdLYuGP62kaocZT9tsdGMooK5PwvPabHH00JqYmRB5yBPOE8M8H2E6oDZGxrfVIraEJ1PC+RY7jH5Ac2A== processed in 237ms
[2026-08-24 10:39:43] [ERROR] [api_router] Transaction payload payload_hash=GIrzv7V+g4xpWss7oRpqOy9Zn83uxe+cbcH3OMBi7KaSoq1RzjZyFbs6g5DFPDoySzurUAbTXpxX/2Whi3z8rQ== processed in 417ms
[2026-08-24 08:32:53] [ERROR] [payment_gateway] Transaction payload payload_hash=DNi89YqZccvPJGU5ixVbBPwX4le6sH3H92sBKNfyzKrifOdfmRgaEGgjtbBeHxGxJELzMOh8mrU1iidMdDbP0w== processed in 126ms
[2026-08-24 05:56:46] [INFO] [cache_layer] Transaction payload payload_hash=bwXTOPP6oe0idnd9TCaRbPaMffHLvcY1hwp/O2ok0UPvpPQVsgiJoIat0l8/xXVn/FSQNjkEwmmTmocmOJVAzw== processed in 321ms
[2026-08-24 07:06:14] [WARN] [payment_gateway] Transaction payload payload_hash=Ba2b3KHMNbk78nn1MKypfrE21w06kep/eOOhHS9cg0Kc/XMdGz4rZYclxEFWWRc3kZIFDqLWVDbAuOS5b9dcIw== processed in 277ms
[2026-08-24 10:34:12] [INFO] [cache_layer] Transaction payload payload_hash=7j+lRhAX3aMzSne/JUvG2NRTQOv/ytQLjmq/RJbA9q9WB7CdVovPjNKZ7PukV5RVa0XWZsdkGiV3qIiWclHrJA== processed in 432ms
[2026-08-24 05:30:14] [INFO] [auth_service] Transaction payload payload_hash=bIFASTV6dmiNui466L3ZvaeSSvRPpEuPpfCohoykf6QotKpEUh9i/Yj67UDg2lzAaFQLavPbP6NRFxcAgC495A== processed in 310ms
[2026-08-24 09:23:48] [DEBUG] [cache_layer] Transaction payload payload_hash=Z/36jsQj19s/b3npEXOOlHWqZrSBmrXD8aPbce0ryGKqKoPayjUxlvUNRE87zaNovLn1/Ycra1jjDZy1MIpqYg== processed in 0ms
[2026-08-24 10:04:53] [WARN] [db_pool] Transaction payload payload_hash=GMbm6x7FAjvJaCAz5jVSCLnfi66xUsd7ofEV2VW9jPI65BHtr2tuZbepk02pRs7I2mjmhgzL91v+l7gRsJlRDg== processed in 312ms
[2026-08-24 02:20:14] [ERROR] [cache_layer] Transaction payload payload_hash=ey0TifpOhZ4gGLHJFsyr4fy2HLKnfuqAIa45eTZhV2edU+zWP1J8KpdgLjvgm0IhzQlhq2+Oi2/XfcoJeroUag== processed in 55ms
[2026-08-24 07:46:32] [DEBUG] [api_router] Transaction payload payload_hash=+O2YrmrOaQUSZb/sBVnUAln8OZ97NO2ZOXjJluWGCm0kPR5DiL5huvf4v/Q/WgGUYYT8Y8AKzjGEj6nt/bmAJg== processed in 190ms
[2026-08-24 07:52:40] [INFO] [api_router] Transaction payload payload_hash=g7H1Mss1rJlp03NOfRpWepWm9a2nhajzM7kIFPaK+uK9l63F2UWCOEVblv7V8vtRkrkbRk+EQ3CRoCpohM/oxQ== processed in 433ms
[2026-08-24 02:41:46] [DEBUG] [cache_layer] Transaction payload payload_hash=XnjRhqjxXj34/Ww+MkyhPzJ+aB/e42Eony15df95VwrMn+tLR4g/KQnpQ4d71GAmDS3boN+i1w6PGk3iNjsPAA== processed in 218ms
[2026-08-24 04:19:17] [WARN] [payment_gateway] Transaction payload payload_hash=+RsOmGVUTpX0PA4EPR5MEZYD63dHiIoo4nQoAFhdYzyeXD5Gz/S5siZIURjYI3WXErG0VB3BKwHHdzBUdLoOTw== processed in 347ms
[2026-08-24 09:27:41] [INFO] [payment_gateway] Transaction payload payload_hash=3Qdq/pjo9KvDMek0Cz788q6U0ZXTIpfH3gD2ngI0k13LNBWXTgnKV6u2wbmAon5/ZAvl3udI5bx0+WytHNqKGw== processed in 46ms
[2026-08-24 05:19:02] [WARN] [auth_service] Transaction payload payload_hash=m2Y8BzbMpHd6VrQmkvaECrujiYfyLeQpTDw58MGcq4Pu78tKLH4QTVfDAbAegqEMmJyPmkuNpUsJrZ3rI1Dszg== processed in 339ms
[2026-08-24 02:53:29] [INFO] [db_pool] Transaction payload payload_hash=VXgWhxmLKLVHguHqM6+tZbut1tE9cLc6WOzIZ5H/YPTFn9LcQKkxeRFbxsk2y9/YmIP85AZRrH9SUqWAUk6J6A== processed in 260ms
[2026-08-24 09:33:46] [WARN] [cache_layer] Transaction payload payload_hash=Os1h0qD/ecaj9M9SpVU8rtBP6C3sC2bDkjviurl1en43VePbcfoo9KD1MBbe8J00Jp4f2J4LQoOn1JOWPnNr1A== processed in 127ms
[2026-08-24 03:47:18] [DEBUG] [auth_service] Transaction payload payload_hash=75UMOCfc6ZZc5mGHy//9acBdbIzCOYHlUfdbE/kKEmLTxPkdumCqdC+PXioV6k9PP6D5tOl8+Bl1DJctbek5gw== processed in 183ms
[2026-08-24 06:56:58] [DEBUG] [db_pool] Transaction payload payload_hash=ZL9yHGv4Yk8zRYul2496ZbWrBYayIU9JiG0ZzecPIEjZMiNO9TYgoBJPjt1f1nOmUxAi0Rbgj8wrwVw18pLX7g== processed in 434ms
[2026-08-24 11:14:06] [INFO] [auth_service] Transaction payload payload_hash=pNwpRY6D/Ez1g1Whj91ofVTA5BW8i/AjK1GD7VLrff7gBhxsgtPg1c5MFkH/9fK/PB4qcy69Ntj0FX6WPdgGRQ== processed in 366ms
[2026-08-24 11:22:56] [ERROR] [api_router] Transaction payload payload_hash=NhlIM7QtzyEC7uGUDZsS0sY024Xl1ydNL4t0l33OHtt5+K/TvP7oEVtemFevYxzC2BMB+8FdmLpJmmtFZa+DLA== processed in 276ms
[2026-08-24 03:27:31] [ERROR] [auth_service] Transaction payload payload_hash=QMVYwVY6yBJY4ml3mrl8/jhEgRaYJrpr4MmU7tkAHSHwtxhZtk+Z5xDRSHzKBMMfbdceXU5ThimreXcKFJTz3Q== processed in 387ms
[2026-08-24 08:46:29] [INFO] [cache_layer] Transaction payload payload_hash=ZnMi4TKPMXsOXpHzUmsBQkvNLMtNm/albJQeZF9KSqVy3qkYngbdIEpgT9pKzcK4zT31MWA9WvLWzTbjac8Ntw== processed in 302ms
[2026-08-24 09:38:57] [ERROR] [cache_layer] Transaction payload payload_hash=pRO0PC7tsaFy2amrORnKh1iZYOHg+QhzOFVZdxM/TMjgHXAPYX1u3dQ1I+PjMbYBvtNi8P9IHKWWDcIh3wsDNw== processed in 419ms
[2026-08-24 09:27:24] [INFO] [auth_service] Transaction payload payload_hash=HRGUDe7tn+pyk+0g66X7jq910EHnhFjNMRduRB+wK/YgCI4EHSUFdeMhNLhgBUkZPux66vb2DP0qvJ7xprQNLQ== processed in 397ms
[2026-08-24 09:13:51] [INFO] [auth_service] Transaction payload payload_hash=sOhchInv5rgAl2Kxes6OZXn8KHFyjfLEu/jRFLbJIPOn9c1TL3HqpWY26LCtU6zj6MtkmiHYGcIrZWvSS+qsQQ== processed in 499ms
[2026-08-24 11:12:50] [DEBUG] [cache_layer] Transaction payload payload_hash=7KwFS+q6DW1hqG7LAJQDgf+uHjC472ppDn7o5Zfdq+H1Qq4t4E0t6mvzNLGbrR44WLj2asN2IPFp4ESbr6GCXQ== processed in 45ms
[2026-08-24 10:29:22] [ERROR] [api_router] Transaction payload payload_hash=VF7CrlLbyemRa2p0K2NpxU0+BDzQgKjg1ErP7gjzpIOvEyMsAJYcqT5QabDjzW9Km/lnRnJrk4qQBr5oasw9ww== processed in 3ms
[2026-08-24 07:08:43] [ERROR] [cache_layer] Transaction payload payload_hash=JJfHiD/c2MeP8k2BcgUdoGXf/Q4/o80p55QvV1h/pf8odBMR9XOaQ7egDSiwj2SEIrZJ9iv5walJ4lxY/AyfvA== processed in 215ms
[2026-08-24 08:41:03] [INFO] [db_pool] Transaction payload payload_hash=J8m0m8P9QJ9HuooYdtvjqIUGfDcz1/KEKTJSv7VY+UlPOtEpGgss8WpBU84ywueYIAhm5O3LBDIw5DaPG5QZUA== processed in 402ms
[2026-08-24 07:27:43] [WARN] [db_pool] Transaction payload payload_hash=U5IlmaRP/OAp0GgijT1cTbwGU9siwZ650U4nBgvvk6Rn+gEI64DTfelfVtzZ2NzZK/sMqALkpsMuyFSe/FWU7Q== processed in 405ms
[2026-08-24 10:46:17] [WARN] [api_router] Transaction payload payload_hash=xmVS41IEzcAhR8YCG23HyV/85boCSjfbg9rymI6GhmYmLRrY0Lj35K/GufpZYd5vldgUdoRLzZzDo83eQ4/0Ng== processed in 441ms
[2026-08-24 10:24:53] [INFO] [auth_service] Transaction payload payload_hash=nOoAvafYG6NbgPacM0HuTErhmPrzGbMRkBvcMcIXd5ezH+ck2HdJMM7onQ05Qbz/risVufyM+m5ocGA7YkqZBg== processed in 249ms
[2026-08-24 05:33:36] [ERROR] [cache_layer] Transaction payload payload_hash=rAT6RZnCJNc8rkqJQKy66oIbLf7xtAToppvBLcSYxaQ8xi3iOa82qzQg7x6HNduQDsJrsVUTl/LFrNoOdXrVEg== processed in 359ms
[2026-08-24 09:11:03] [WARN] [cache_layer] Transaction payload payload_hash=HH2a9z+kjxoXXzfWG3bTTzPv1Y0W/0w27UD1MWFKXe7qWN6f1EH99XLI5hnwH2FxHVR6m1N6ovzl/+EBBI9uHQ== processed in 57ms
[2026-08-24 10:04:16] [ERROR] [cache_layer] Transaction payload payload_hash=cHXdzpGKmg/BB7Syn2zOjvJp6qYbJ89I0xH63Jv8JIE11MxSSy9oos6blMAJsltBfIOZ1yTZSEpGcHm2i6lPpg== processed in 218ms
[2026-08-24 07:49:35] [WARN] [auth_service] Transaction payload payload_hash=q49iY4HWW56ooAPFHmU6r/F7tqiG+xY7joxFqasW6krg2YcZJMoOboocKP3bTKc3UKG0RuH2mgTUDRmdNGY2hA== processed in 21ms
[2026-08-24 06:59:21] [WARN] [db_pool] Transaction payload payload_hash=MqGf83yx3A/TEj5yqJlffUo7FMXM0Y1y/AD3lS7oBr1tjdUzeZC60cX1pPZzWsD8HB3KdMOKjvihJIi3JqFu3g== processed in 346ms
[2026-08-24 11:10:34] [DEBUG] [auth_service] Transaction payload payload_hash=OSFSvBUbxRUiNYGYfJpcwb98+Osg+klAz+YA0Z/E8AVxU+iTzIpJfxW+Q+9tclDz6jk8PM9ZiIs+7hc8cINVIg== processed in 470ms
[2026-08-24 06:26:38] [WARN] [payment_gateway] Transaction payload payload_hash=RmaFKLod84U5azS+elXaiXogz9mQZwHq5wVcnAhdBQ11D+AOcua+rALIpiCz5CT2D0oIYECdSpH9bEaHwscfHQ== processed in 390ms
[2026-08-24 03:03:39] [ERROR] [db_pool] Transaction payload payload_hash=Yu+8omd0RIPJkcya8xesbrrVrN+zlUAwUSGyl6MdaE33B+uoDEfTgfh5koC4onb4kK9b15uv+TBRCbBuYH1X2A== processed in 285ms
[2026-08-24 11:08:22] [ERROR] [payment_gateway] Transaction payload payload_hash=iupYUTHZxq1TrcB/vjXyHvn5xdb3fjqlmkkglfcXfgiAioo5h0biSpREcf2dAyfhehTb6HbNVsqaSZZSVYwp+g== processed in 442ms
[2026-08-24 06:07:33] [WARN] [db_pool] Transaction payload payload_hash=J1PhwHlONPMY+hxc82/B8ehWDlgGD+odvnk0T+q+kGQlYiILDEfWpHww9UxCWp41Vx2WdEJ8FDIJf946fdJyLg== processed in 482ms
[2026-08-24 03:32:20] [DEBUG] [api_router] Transaction payload payload_hash=WVIdYZDJQ7TrGXcWnt5gte299tG6EAaJ+SobePrMzCQbw32XL3u9o8OOub4/3tCCyAzRKiw0bS5w1eBPNS3fYA== processed in 368ms
[2026-08-24 05:36:01] [ERROR] [cache_layer] Transaction payload payload_hash=q4nV38vYI67uybvqztDFG1kAfo+2MMXKc6YISRVsG/2Ebpj0LlCuJH0+UmJDpsCUULkCHvApuOd7G0mWwAs+mQ== processed in 179ms
[2026-08-24 04:15:53] [ERROR] [cache_layer] Transaction payload payload_hash=rdHGvGDoMRJ1aKte6f1mcJep9HOkPpWFwEEy8x+VwqLfMEDr5ypI+1DSrZT4ueU89FwdYXT2xdKgxbVr7Z20mw== processed in 440ms
[2026-08-24 06:21:19] [WARN] [cache_layer] Transaction payload payload_hash=5qlZydKa/PDbMxroqVauk1UD+qG9uos2bbts/T/oY/zlhE6LceB7XeMiOJ+bM9kxhl1gJFvzOir6EgXNMninwg== processed in 249ms
[2026-08-24 09:23:50] [INFO] [payment_gateway] Transaction payload payload_hash=fXgcketqQG6YrWAD0ue0sXkUW3GoXMZgIIn1gFh8Gn00jsHcQOjPzqZk8ciXGv8Uh41npt8E2tgi9M00t1qOJA== processed in 492ms
[2026-08-24 05:06:44] [ERROR] [auth_service] Transaction payload payload_hash=6R4QGj1zyK2GodWSk6a2EPz6aL/BZAiuR1p2iHK20A+kngf5MJBdrwHXVIVLY8y8HOHispDRJfllaAIATh9YtQ== processed in 450ms
[2026-08-24 03:33:11] [DEBUG] [cache_layer] Transaction payload payload_hash=vhK3wT5Vmlft1e0jGJDmZSpL8WKzYxK0l+6dGalIu7Avwzez/OS7+xsNIc4zWlL5nDBU6TruiwNX9Lec1wKi3g== processed in 485ms
[2026-08-24 10:41:42] [WARN] [db_pool] Transaction payload payload_hash=HdhPyykGigTOLJtJjDL9ISPGihritAy64DZOZEJq4wqHS+0v0OQWbkc0XI0OBn8PAUW1zCoqx7ihY0DcQlqqAA== processed in 213ms
[2026-08-24 04:54:47] [ERROR] [auth_service] Transaction payload payload_hash=DZPoRP2DmaOiFNelkbLKm3PdXQ/tbUZRpyEioqtulyYplF+n2k/bQ4JyAoQyq79aKG4y4bIOHJP/LcGpSEoNXg== processed in 179ms
[2026-08-24 09:31:22] [WARN] [cache_layer] Transaction payload payload_hash=C9k7xnipbN5ErLwjIv+aLwHcgB3BGaGl7YfzGFGRRjSnrz/uDUmj2zDSBOeX53BIb66nlrOATq9hf2D6yddIUQ== processed in 270ms
[2026-08-24 02:47:14] [DEBUG] [db_pool] Transaction payload payload_hash=EkP1IyvZKVqt2jzBDPFD/0e6lvu2Gay97Y8zFcmJyH+9gomA8hsDFsvBjJ+26Ys8tS3mw3lZNWobsCOuENXLvg== processed in 312ms
[2026-08-24 09:43:57] [DEBUG] [payment_gateway] Transaction payload payload_hash=OipAgbajtxb4lyDm6X1iu+syyqkbKbrRZMSU6s/D+CJjjzo4qocBhvOfbCyDMryzxVAvtQhtTHZYWUGAQSJg+A== processed in 203ms
[2026-08-24 03:16:45] [DEBUG] [api_router] Transaction payload payload_hash=Uo4p5OaxpoRRLHeoMF0ASGNp+BmDRenwFiQC7YcVNPNrZRO1sniApD2pKPZFu18EZhhNy5/JZGyeV1eJWnlgQA== processed in 161ms
[2026-08-24 07:47:35] [ERROR] [api_router] Transaction payload payload_hash=gE5YhfTq9ufqJw1U/QIfItB3iPA1DqqZmy/9aLD0iNTkcV6QAIEAqjeUMJVn4sYrxkHJ6p19JXIgjBk9kDIiGA== processed in 213ms
[2026-08-24 06:51:50] [DEBUG] [auth_service] Transaction payload payload_hash=nMqnhJosO0HVsoZ3zHON+eYD4tdQaTvSoSZQsQTgolRu53efoUiCHqRPbADGY/Tvonq2eXW9ubGo4Yv99R9WrA== processed in 448ms
[2026-08-24 04:43:38] [ERROR] [auth_service] Transaction payload payload_hash=yKQuzsKt6puNrmdEUk8WEP+icKL+lhA4c/hu3yfG5DOfDbNWiEuF9X1Wp3LiLRjLFELxF/tZt12+LkqU1vmqvw== processed in 259ms
[2026-08-24 06:51:44] [WARN] [db_pool] Transaction payload payload_hash=a5avA0qO9IFumCp7Zk2kba3TCBXJuGV+kMKbGnWGs2NVkT8g2sOtRXBF8uPWMLit4A3nUhl2I482thdEuBSD6w== processed in 231ms
[2026-08-24 02:21:34] [WARN] [auth_service] Transaction payload payload_hash=6XrBKqhIAQV4XxoqO2rAxP6xG/JODj6c+mUrQ6QD99WKgzzoGhwPywBUYssLtpEdrLtQ5ebR6g1xAD9Ky1xRZQ== processed in 329ms
[2026-08-24 06:47:03] [ERROR] [api_router] Transaction payload payload_hash=s8lSId9uF2w//L2W6ibHakU0RiyjPiRqK9gC2sYR0aaAU7JzZZo6jM8iBsq0eDB6xt++lYh+edOJ/vhtaaTFsA== processed in 205ms
[2026-08-24 05:04:27] [DEBUG] [payment_gateway] Transaction payload payload_hash=TFfNAQK6tzBvPac87SnT8sZa0JgB5Z2hm6Y3lKp7/+NKWiB9xp8P3B1zyxkpvXnsRmdFdSoAutotoD5wr0+gnw== processed in 455ms
[2026-08-24 03:52:29] [DEBUG] [api_router] Transaction payload payload_hash=SagIKGs9HZ/yvc7zdJt9FSOf/AVemSPeZboGyRkH77aG0rHtX90j52dXqm3dVJ7UAn75XpINBhnpa7IAkEUInQ== processed in 398ms
[2026-08-24 09:27:58] [INFO] [cache_layer] Transaction payload payload_hash=A2AXJ79fKzQAc0qghbMWnFVY1GwDrO8ris1DmxWWY/TqZluSOrMntH7Jg+0aAkmrw0XqGjpTc1XF+OUc3XolXg== processed in 278ms
[2026-08-24 02:28:31] [INFO] [api_router] Transaction payload payload_hash=PP/a3TSDdPUUyTRcoImXCwWV1uqShtObfqypNf8L+sWOU5ub3FWYR+UkOsfifMU69NlbYh5dvd9dGJ1mzkqNSg== processed in 18ms
[2026-08-24 10:12:55] [DEBUG] [db_pool] Transaction payload payload_hash=TKQXq50AHJONDEcsLupnYFV/GY8cG2n0CPFg4FRnScCthpcb9zDHaxS/4Z0qZ1MVFMRXvIPvWVFb425HyBUlbw== processed in 172ms
[2026-08-24 10:07:47] [DEBUG] [auth_service] Transaction payload payload_hash=vIvjjXXUExmm5fL8Szna+EMqxEArzZMacVX1YhHUs6PsMC93ETE7gMqjgSx2Et3um3uahXWcw9eund54J6t3+A== processed in 217ms
[2026-08-24 07:47:41] [INFO] [cache_layer] Transaction payload payload_hash=BkFn6ShX6DD22N+/TQmxCTw7JOHyqt8HkPBJ2LnfSMcaKBaJilOD+2FY8xqgsG6B2Itfyd2VhDhQAEMv4D3Uxg== processed in 300ms
[2026-08-24 10:21:14] [WARN] [api_router] Transaction payload payload_hash=GawDmwx+7+9QluA0Ja84gJYwGmpXui2EXj3egoI59IhPVMNEZ+XKJoPqJ0A8jEqLl0U7zKDhYtvaAh0AI2QuLg== processed in 99ms
[2026-08-24 04:32:09] [INFO] [cache_layer] Transaction payload payload_hash=ma1LV1U+6FjT6VIB/4C5/jjOQM2NnQ60xb9cx/9FmE8ThlPZa31xfM2EAp5lKmt2YmGXRRmRfZ5ewngf8sOn0w== processed in 397ms
[2026-08-24 03:52:26] [WARN] [cache_layer] Transaction payload payload_hash=yEbV3aNCN/jy59kZDuOQ4XsDkfPEFc00V0u8cZm0vZLWO1kuKN2fn+4M7MgWoRQz8Nkb5IejSVbKRVX2sy3sZA== processed in 417ms
[2026-08-24 08:40:31] [DEBUG] [cache_layer] Transaction payload payload_hash=MqqFRGgGFEs6SkvwQuYLO2lSKBD2bbwFEZOQAFg3RlbaQsJ0vbYH6VcemaQZrNfZL+Enti3YGcXK+gmlHuLBfQ== processed in 236ms
[2026-08-24 03:55:11] [INFO] [api_router] Transaction payload payload_hash=OeUQHe/7NQmDBrltGW2EgJT6pmnOqHuNoOObkLaRj94Y89+CidHn+OK+9y1z5z56R55K9TR4/3GUPUzTZcAdhg== processed in 14ms
[2026-08-24 07:16:41] [ERROR] [db_pool] Transaction payload payload_hash=AV26tKyE2SuDFReDwiprWbn22GsaN9Ja1Cxdo9eHh+nIgD2JL+LF/3n7ao0v5jR+RdUpV8qyvVC3O3aHOsSVtQ== processed in 364ms
[2026-08-24 02:33:28] [INFO] [payment_gateway] Transaction payload payload_hash=F5mLiQ7BjirwudgthfVNQfFGVwFZKkw16yfBYHcMtrOicPZAxFRZrmP1KAG87NlmNPlWc09fsRdzwpTgFnX6FA== processed in 160ms
[2026-08-24 03:36:58] [ERROR] [api_router] Transaction payload payload_hash=Hm3nTnUiYJhQczb8wZ+Oc5iMCLbWz2gZb9bH8jbxczq/ykQX4aOB6ZGmVHCO85WiETgjSfjzeq4SECnD3wtHjw== processed in 423ms
[2026-08-24 02:59:58] [ERROR] [api_router] Transaction payload payload_hash=CmwrvXzicj7q1kCq4NBU/fZOPhoLdrpkkA/btct5CJnZ+zPRJ52WiBUIMgC4J93siNi278oxfCM1D5SuCCuQHA== processed in 145ms
[2026-08-24 03:00:52] [DEBUG] [api_router] Transaction payload payload_hash=bC+68yQJVb1pGaR9qt2DC59QY6WDRQ6IYmJC9gwEunAIG0s2gV8CjqYq+eQelsBbYgb0aEyo2Yzq6Kv9kyoalA== processed in 147ms
[2026-08-24 03:04:35] [DEBUG] [auth_service] Transaction payload payload_hash=UMnKJi2xirxn5qYwBoigTsW4a7BGLe7cqBJwBqlSNQ7D5BR5taU0ch+ZBodqnzRFIm8yd157rljzaiFpNH6/NQ== processed in 117ms
[2026-08-24 03:52:48] [INFO] [db_pool] Transaction payload payload_hash=myjdBMvrJOrkcXSauteZNnmRYn0bGwYNTaU5d1g0NvZdn+HnX0+vPEdudnnyChayarhSX9eP77aW4UVqmVI5tQ== processed in 170ms
[2026-08-24 06:43:37] [INFO] [db_pool] Transaction payload payload_hash=5LRQyiDKgnj8PafgcBLFydkg5hkZr1opi9He4VI1RGw134zmH754QkKFAYL3YFGCM+ubU3pRovbjtEBZlMwo+g== processed in 456ms
[2026-08-24 02:33:01] [DEBUG] [api_router] Transaction payload payload_hash=cZI3hG+UA5D2yQZRUiCsU6tKSGvVmHG6hHoq+Tcp+aTn9SdusnVvTqtKcpXE+3ie/I2+tF/thzEsFMv9d5jnfg== processed in 81ms
[2026-08-24 07:22:21] [INFO] [payment_gateway] Transaction payload payload_hash=QPOFhy1WnFOjFNNpF+vKME6k4a7itYnTLIfWqpx7yyo2R+j4DeXNlh3MRaQwC03GaDWIswK5DjEH/IFhn7fbRQ== processed in 478ms
[2026-08-24 08:34:49] [ERROR] [api_router] Transaction payload payload_hash=oy4wUc2FqpVG9Ytmos+7TGW2XfcxXvvQBBdmligySTs5mixrkyt8zjfv9Hsm/6+x5OzRGRz21ciKLYffYDgxRA== processed in 1ms
[2026-08-24 06:34:17] [WARN] [api_router] Transaction payload payload_hash=d2e3l8zWrIq8RkbLGEEUun4nFrrXrtcZAeoRJYGRuvMhy7Qxh+eEsFS5AwMV2WE/PkYQBrjtBaUMH4hZ7OHyGA== processed in 289ms
[2026-08-24 07:15:29] [DEBUG] [cache_layer] Transaction payload payload_hash=hZtU8Wdw0dDKsQxO5vc9+44zh+qxbqt6+uSmbwDC0TNzmoaPNXfiBlt/uWmfGki/grcHx0C7gFNVnGtpgNkqwg== processed in 6ms
[2026-08-24 05:54:26] [INFO] [cache_layer] Transaction payload payload_hash=jFgM9SSVxbefGq92pFAaHhuo7j4mUOAwoi1uNL8mH1/myywTuxYZXlmbEIAbykpCMOqk8jFzvaG5IRDfZLPF3w== processed in 388ms
[2026-08-24 04:34:29] [ERROR] [auth_service] Transaction payload payload_hash=qhTAQbtYp1p4Ucjh7kdaSw+Y7+p6gVKrIOxvKAc/oMRb/PM434LubuFDrTaHaQrdakjgpVZOEldwDMowAhfxiA== processed in 135ms
[2026-08-24 09:23:16] [DEBUG] [api_router] Transaction payload payload_hash=k+TkFFpNapXQGfSgQP74dIGBRGimSLnywLi+fl66kY4f+5iHT0CN5wh/KOyzHIJJCLL9klEwiwauRAHn4VUQLg== processed in 136ms
[2026-08-24 09:33:17] [INFO] [db_pool] Transaction payload payload_hash=X7Li6iSqc7v5pY6poEpTsIDfsvfB0u1TSOfrRMnk9S4nZkUSCnzad7zmp5jFBZ8klxUyB9PCA2rfqRuso9UJaw== processed in 289ms
[2026-08-24 04:20:23] [WARN] [cache_layer] Transaction payload payload_hash=O08IP+S/cnXgGKfjJvCEMa3TBx2n03V4Kjeo5hCZ87RWfu0SJpLipZLnEhJ7TqxHNIpRZDb8duyiVMWP1BBRNA== processed in 328ms
[2026-08-24 05:47:12] [DEBUG] [payment_gateway] Transaction payload payload_hash=mrIvKQH3eN40pFuFJ7b6KqllyN2ity0vy+T5hva0rRv3np9wSfEawrjQRhCwbuHLkrbjobfAP5wVUKsLZoPgDQ== processed in 305ms
[2026-08-24 03:13:33] [DEBUG] [payment_gateway] Transaction payload payload_hash=0EHxcWM/Cg05W8ETP8KSKgfV3sIWDI6NtGvt2Pn2zbRyOnKbYhw6A5xSws78ly6WuzZGZqUR0zozCScqpIVMMA== processed in 235ms
[2026-08-24 05:57:02] [DEBUG] [payment_gateway] Transaction payload payload_hash=zPfwSIUE6l17jmwwoycfwYRjwm+4dkgH6JFSXcapU8FNIj97XkpwoHoztCMACc5Yj2JO0Pf0IiRCum+Bx2wxng== processed in 133ms
[2026-08-24 07:43:18] [WARN] [payment_gateway] Transaction payload payload_hash=jgxs4DaEnw6cswjh45PgxNUwub/LpbrvtPAL8QavBxe8iglqm9ckX5KpxZWMwDN9dnEu+Dm67IUMLk/lMJxL0Q== processed in 357ms
[2026-08-24 05:22:08] [ERROR] [api_router] Transaction payload payload_hash=Q+yOIOG40p1qle0ZPuZ/pxnOKlSjhI2z6Mt0Hm3++6iYpqDJOYFVsEJDNZvpzWuFSEsEYwGRNzaWRIbW0vJSFw== processed in 78ms
[2026-08-24 07:03:31] [INFO] [db_pool] Transaction payload payload_hash=vcHELSdIbeczXaluWi+VnSsBW24HWfjOkIfVyFbh3L3gwj3sjmp54lCNnoqA0xZoR7xCNlaRKv8XhmZWoiBHVg== processed in 9ms
[2026-08-24 11:08:20] [INFO] [api_router] Transaction payload payload_hash=0AvAGHgrhjgwgPBSkeAmh89oPdz5XIL2G+2DaZbsdVX/v4AprhtIwku6I7sOCMJo5N1uQJOy2Y6S+0E+wVzb5g== processed in 172ms
[2026-08-24 05:34:39] [DEBUG] [cache_layer] Transaction payload payload_hash=Y9bajVjhvqUnRHeRf0iTt8x3mihRT1Ri3Yfi+9FX6NaNuarM4kmPbQzVF1BRPl3c0Pg77SixUUtTumAzijoqmA== processed in 496ms
[2026-08-24 10:21:09] [DEBUG] [cache_layer] Transaction payload payload_hash=W6lzwfEWGnrLD9B7HFwb5pgxt/HC55n7bt378pKPSV55HpHXziTzXFMfgVsmpL8tUofUpAcY9Hl/HNgB7zO2Pg== processed in 12ms
[2026-08-24 09:02:20] [ERROR] [db_pool] Transaction payload payload_hash=SyqysyowAPmZz6OewmH6YD7hIQNABVDvJi+8pTDfbrOAtj/t7nWW8Nvb6BhI3ZCqwAvr04ParlUrCKLQlyt9fA== processed in 206ms
[2026-08-24 07:36:02] [WARN] [payment_gateway] Transaction payload payload_hash=kMb9f0If9KKUG7q8BKIns1kJLNWb8KBf/ZuySZsbxg5zixUXgRZX66QUCL4mNJO62K6/3Vq3spCVi6Sx0HOgDA== processed in 114ms
[2026-08-24 09:13:11] [ERROR] [api_router] Transaction payload payload_hash=+ol+UOxOdb1mZtQ56hMBfiRM2ZlkQJW7/l0CLAJudsBYh0tixAMA3BqY1jSORQUA+lIT5PCYMIUfO6fTiZEWRg== processed in 95ms
[2026-08-24 02:46:08] [INFO] [auth_service] Transaction payload payload_hash=QxqpK/2Fg/sJPeYseIC8CfZxWkBxnY6dPjEkf8p+RKmbwMJ/iw/jzO/kNwrUhIs4+Lh4AywHKFngI9EhKQR6lA== processed in 261ms
[2026-08-24 11:08:11] [DEBUG] [cache_layer] Transaction payload payload_hash=qBd7TZu57VuYszz7mCOBfjLl7zhpF6ZcuwQa66nzHnDsFiWNcXby1W56apA59GgTpgolduwDYx+ApyhiToRh5A== processed in 331ms
[2026-08-24 02:29:52] [DEBUG] [cache_layer] Transaction payload payload_hash=oe5GADSt/iWa0kuO0msxQ5Qk6NeGreIkUbRh0v3CD7Xv4YE03q0A5xPqik5RJTyJJXDzH99XdwabPC2H7Dml7w== processed in 405ms
[2026-08-24 08:09:35] [INFO] [api_router] Transaction payload payload_hash=ew7cxNbzuITIPqTGp8uAUHUpTf1V+1SZyzyMTjRwFpFOx1PIVhoCZA5xdyk8oGJY7K3T6Q8+TvY4tEzZOzIGaA== processed in 121ms
[2026-08-24 08:29:03] [DEBUG] [payment_gateway] Transaction payload payload_hash=E5Rkrxuywi+aGyQD/81GMcFE+PVGQoQJulCtkRG7Kdmymk2E1rvoVQT5HE3ICkWMpM9h3FcYiu41q3RJ+kV3pw== processed in 337ms
[2026-08-24 09:52:21] [ERROR] [api_router] Transaction payload payload_hash=bIVLHFqqjE2dbIOYLgoSdtBnikd25GOce8AKaAhEp1tM01dTq168lHN8wjkLDDMQbzsphFrdWDFuTfPl7S4Lvw== processed in 435ms
[2026-08-24 04:03:09] [ERROR] [api_router] Transaction payload payload_hash=Bny2ELkN81wa9dk8SCyv6v65Vpqkhf1dYncG1tchVqE/87wAkdVR7gRqFTrq50fCXeZfVuxiqsZzEMURmNousg== processed in 313ms
[2026-08-24 07:10:54] [ERROR] [auth_service] Transaction payload payload_hash=yLyBh48qManUdWCKhRSJxrGc+eVKwgh8VN10yelX+Oj0tBZZHPFdaY7tmjSWEekLUqd+Gc/MtmccKhGtA0eExA== processed in 196ms
[2026-08-24 05:43:27] [WARN] [api_router] Transaction payload payload_hash=h8tKGEEsaNLhSTaAjKGQNm280JslMhDiXpLq/vxDQDHP/NlHxj5ZWB4fjTLdjo4Y4hTYSTyA2DQMcAOtIXRG1Q== processed in 322ms
[2026-08-24 11:21:24] [DEBUG] [cache_layer] Transaction payload payload_hash=WtHIubmeFgwxoLy29YT+qsdTSDwn74LkqR3acjJ7RWns9YbAWzFJEebfgWCWYeDguPrpP0yOBzwu3OQ3gaE+yQ== processed in 43ms
[2026-08-24 06:06:58] [ERROR] [cache_layer] Transaction payload payload_hash=Ttmkb4f0ksv9m+g5YAAmAeT2eVVJ5Egok4rWfVxETKFwlMbEtv+J6LOnTE/WdRw+MeVzLoIMWTT/9NAYbQXpYg== processed in 138ms
[2026-08-24 03:12:03] [DEBUG] [payment_gateway] Transaction payload payload_hash=DKO13J2ryPvceFJ/KxoIL1MHFx3oYQ68BTvfQ2N7n7llrnnwSnFy1LcYiyImkL+xnc7ATDwbgAPjl84lv+RDIQ== processed in 212ms
[2026-08-24 08:23:27] [INFO] [db_pool] Transaction payload payload_hash=RSqcO/1iAr+7klU67j7nLF5fSKML/Z9PZiMAVZCyRaoM1Jh477pBHfiGP873eMzcfVildvvykdQGESzobmXOxw== processed in 140ms
[2026-08-24 02:50:58] [ERROR] [payment_gateway] Transaction payload payload_hash=vUDe5eb4jCZFIp8aE5KaaLxGlioh6mywo4iwI0sVRIAS/V3U37WjLvM5T2xVMXr4hL1FwDwAUmeMAlSCnSisag== processed in 19ms
[2026-08-24 04:58:09] [WARN] [cache_layer] Transaction payload payload_hash=YV2qN6oLSNq2GaaMBG3An1YJYY39zqhyyr2P02roFXuNW0LcZHWgEPJghAjmnT43mMzqiDQeUh3P3BrvEara1A== processed in 102ms
[2026-08-24 09:30:49] [INFO] [db_pool] Transaction payload payload_hash=O2BVWQHxdRyNaNod+VCMcfLSXWdsOs9TQuBhLn9IeJ8oebfBtQ9/1JwYQ9PsnCZ26vYCPn/n2fxbKZKw6ID3jw== processed in 80ms
[2026-08-24 09:06:59] [ERROR] [db_pool] Transaction payload payload_hash=xWgXD+IFVKucb6hWp+/AnjRaXtdnQ8infO/ZAx9omdpErDGCKexb+hpRIjUeHjMdE/zDBW7c5ucKzVjC00SPdA== processed in 274ms
[2026-08-24 07:15:50] [INFO] [auth_service] Transaction payload payload_hash=6GnbVO7sRPlR9HimqtLeSJxkrKPaw4GFVsAdzOul8GQTDO9EwNELkZvFmy07EBK1zgzO6V7ERrhMQt9yfmcx5g== processed in 169ms
[2026-08-24 09:11:49] [INFO] [cache_layer] Transaction payload payload_hash=Si7HYoJZU6wCNSOFHoxn5dUrZL7kk4DJUHr7b/JDrR0JrBA5QS9dgS9kdFosHu3qL4coZCvIkCMN+ZvvIK9JSQ== processed in 464ms
[2026-08-24 10:33:06] [INFO] [auth_service] Transaction payload payload_hash=W+N2jkQcqxpouGx6mMsvAL/fJt9x9lY0nA5cBSX/Wd20MLmGdD2fEd49/DoO1OdELfg/lGbcNkC1SYkrKK0NXw== processed in 400ms
[2026-08-24 03:19:15] [ERROR] [api_router] Transaction payload payload_hash=phsYbHvHS7L4vClZk/9RodPg+rUFXmsupCrKs1siDFIpw942a1+dvRe6seXYWcVvK6hUApxAYRCg1gpWnX1aAQ== processed in 264ms
[2026-08-24 05:08:34] [INFO] [api_router] Transaction payload payload_hash=G2CSXwmpt0/Y0aQSDJvg8oHOTb7LtNqEpM55ufmqa+YJAgWPSZNQMIuQvmF3pk3EA0nQOuE8nMynh25/Z7+Czg== processed in 35ms
[2026-08-24 07:16:04] [DEBUG] [cache_layer] Transaction payload payload_hash=iuRKRcEU0Z3Yhgw+MeKb33n6x634WzNEuZBJ9/zhrRrFZoHwmNHPZxBAX7L1NsTSrAZreGHbp1CaYKUBh3SOJA== processed in 121ms
[2026-08-24 06:29:16] [ERROR] [api_router] Transaction payload payload_hash=Dr1gBTWB6x88alw/wDtnXx/xHzdpvAUr9Df0d7KcYIEHQyrl/VlgzU52eDqa6qajimFciZIZUvgV5vtMy3Qbiw== processed in 159ms
[2026-08-24 02:41:32] [ERROR] [cache_layer] Transaction payload payload_hash=1Kz9NCcIbptjrRWmKf5ewg2Hmlyrcu9ZVu4huKndNqyP1GuvEQFuZ0iWSGSpJBBlTuHhJ6DpeAZe8RSnd0XkXQ== processed in 31ms
[2026-08-24 09:51:19] [WARN] [auth_service] Transaction payload payload_hash=1dsP1KdEbcxZPSc3SYwOOLpP2FEWHz5V/J20rdMbITMp4wksXQqFqgtjFbyvlFRus/JiB7WhcUkMCXbwcdkMjQ== processed in 122ms
[2026-08-24 10:20:18] [ERROR] [payment_gateway] Transaction payload payload_hash=JnjqPLmkFCTgv91k+5H899bPbbrTFgosWued05NHAHIp/6RXm+FQx5suZ4oRtMJufHoP8vD5YY1Ugy+obg/Fsw== processed in 431ms
[2026-08-24 09:55:49] [INFO] [payment_gateway] Transaction payload payload_hash=fJq7E4FbT0lsogtovv450INbaKI/Q+2+dHpx6RwP7pMwWyK9oTi0Pv5AubZuTuUZsMgQ9/uG6YpSG4kuDih12A== processed in 348ms
[2026-08-24 10:55:19] [INFO] [api_router] Transaction payload payload_hash=duWHVZN93h/CwwS9xvs6lkH/TUboPErLMTHEc8XxtUmVqL0VYPT2Qe6n8yBEL9k1ZTWp3q9ukxy/FUEbrOHqYQ== processed in 196ms
[2026-08-24 06:38:09] [INFO] [payment_gateway] Transaction payload payload_hash=ZYyle8Cp+axfVbPHNtxbgfHXsqBxgTkeTOI1xqOXalPNw6CXPge9EeR3ln0B5gRRS6FLalhik9t1JvKzPUdEPA== processed in 370ms
[2026-08-24 05:50:04] [DEBUG] [auth_service] Transaction payload payload_hash=ETqtH6HSYgMX92SvYj0UWEQEWZQytmRlcQHYqoEBUKhwcS/bs4CoutKOdQEYK/bRsyLGZTjaPRtHT1dvOaTkEg== processed in 190ms
[2026-08-24 07:07:55] [INFO] [auth_service] Transaction payload payload_hash=nMkyMjKaSFtFQ3YG6Fsx/dr11h7izQ0RcUhq2HtBe2m0PtCPHflomdfyCc1B42YK5M4bMKpvKZW27FRDTTiY6g== processed in 26ms
[2026-08-24 09:25:30] [ERROR] [payment_gateway] Transaction payload payload_hash=gdHF3cW2SQdXwjPCvOdL5HtGzap4wows5N5OR/U8Js7nj3mb/RThMc3d2dIPNtUJXPMRZCsyG2ysebEPLi64yQ== processed in 373ms
[2026-08-24 04:10:32] [DEBUG] [api_router] Transaction payload payload_hash=Sc379y5obclKZNIP31sZTZnpvr5srRvBKjJpTLD9autxEex6FnepVHFdNFddDgw7OqtalEs9XtbpjFv+9Vaimg== processed in 396ms
[2026-08-24 08:40:49] [ERROR] [db_pool] Transaction payload payload_hash=ydEMx+UkxlXAyyfuviORI0y12ZF/HDvn1GfNtYrHCYxEWNHkp2IVTWPI6187pSQXFfQJbGOYPju3ETEes5OnfQ== processed in 381ms
[2026-08-24 10:48:41] [INFO] [auth_service] Transaction payload payload_hash=EKQs1oTXO/uo4omgo6XIiSVWq/HK7Z740WGiFrCPaOvBvQTDlqcpgZk8rac57L9ueTcAifACWz2IaEa70v2S/w== processed in 468ms
[2026-08-24 08:44:21] [INFO] [auth_service] Transaction payload payload_hash=2T95y4aB7qd+HHjLgCLTkYUXY5DKzYNwEUhWq6nKj5+hJX3B4/0HlT9OLwuN1xGOfImY08qPDh7/1kPvGcSxYA== processed in 104ms
[2026-08-24 06:15:12] [ERROR] [auth_service] Transaction payload payload_hash=YVlprIuCuje94AEicaTy4hZLti1WuJqAIAomjAtJ0f01GDX2UnE6Ab02GVPdfokWZsBdA3/Z5VtF/peOLNufkQ== processed in 44ms
[2026-08-24 03:21:42] [DEBUG] [payment_gateway] Transaction payload payload_hash=WrHyfs/rgU2PXAANdsICrrIXMu0GAnQwFx7aUbX58rzcf1kZnIrFXsdf3LNgMYXauPjTjobpgADrUMf1qaOO8Q== processed in 82ms
[2026-08-24 09:46:29] [INFO] [auth_service] Transaction payload payload_hash=6etE1VsAZM2sQ0HttF6BBn+qPluBACFFE1+mneAAVDhfakeiB+vzq6tIRo4tKZMLATkPVdnnVLK1GYmXNKgDtg== processed in 62ms
[2026-08-24 07:05:40] [WARN] [auth_service] Transaction payload payload_hash=5WAEHVnRbEiVUJweAXWKjsEqdgV4Jlaa/6ster5sw3PdKK5LYsoct/St8wfsqRnXJnGq+JACPBsbEQpQLi/7jw== processed in 356ms
[2026-08-24 09:53:01] [INFO] [db_pool] Transaction payload payload_hash=1ZZYz8pgyZ/I3PiZA4dgCB+ihLPrgTFg4vN5hSH84YCZ7a0ScJGaOWrSlX93AYEuHmdYqhFd82wh4oKC7gsDpQ== processed in 166ms
[2026-08-24 08:03:28] [DEBUG] [auth_service] Transaction payload payload_hash=y63nNQWm8IIuYJST9YpBTB4q+CUklryGnmlkZNK8XYwXED7Zc/ZNpmhuwzqUCW4ZCTTT92fbZh0fLG377oboiQ== processed in 233ms
[2026-08-24 06:37:22] [INFO] [auth_service] Transaction payload payload_hash=uki8/cynGIip16nAUYjDmUu4Cm7n8tpPBxwaeJ7CraEaW9ED5S1jDxfrJ0PRC5xmN2/KtFzEwdDA6PqDkjVkdg== processed in 212ms
[2026-08-24 07:58:20] [WARN] [api_router] Transaction payload payload_hash=e67bJ9QijCcamlhX1O/MhTGqn0Ys0PGu7qFaCqZJ+ZGnikQe6iVOnAjZd7w9ltSBI2NWnraj5NXEwjNx8zX0SA== processed in 13ms
[2026-08-24 10:23:08] [DEBUG] [cache_layer] Transaction payload payload_hash=PPibsJFZfyJuqH9mfqU+tFF2yKT/1XOKABD/MaFePUdSgApB8ZCUFffLZfgZbLtMQytHRrDCu788WZsYffa8tg== processed in 31ms
[2026-08-24 09:07:47] [DEBUG] [payment_gateway] Transaction payload payload_hash=r/E7CQb+9OVsVSfIJ+OIcvIsndrWgc1DCL2lc9Iis+F08AKyQkw9DcR+OKYOli2u5WdlYDPdDWpNnX4n/oN3fw== processed in 478ms
[2026-08-24 03:30:09] [INFO] [db_pool] Transaction payload payload_hash=bLDW9qqU6VBAkI/jwM9IoOGOyUVOZax/RTyjUeeWWCPv/361YThW0r3kHJH7uRHsV7n/KdhM4/2aDQGqjhr2Ug== processed in 343ms
[2026-08-24 03:14:36] [INFO] [cache_layer] Transaction payload payload_hash=XbFBWZfSHFJpkPRUw2ABRYQQYA5d2Cr76o4LJslNsyoZcqpzOWakjjR7xEadIXc3mm2xMU1hrxoxEnOI3tG6CA== processed in 43ms
[2026-08-24 11:20:08] [WARN] [auth_service] Transaction payload payload_hash=7uEaobg3QyiAsKgk6aQxAarZSIiTWVWlflZqsvc2PvXFH0W9K9No0mG34N/a+pCxONMl8sVdmcOEUsQCz/twtA== processed in 162ms
[2026-08-24 11:20:31] [WARN] [cache_layer] Transaction payload payload_hash=j2xPg3F2+visS3znULxmcHM/XqoRxlfmFGafWMsgTpeSvhFa2Trl2wRu30Evz686lWdajOGBLN3rV2OoGoehCQ== processed in 313ms
[2026-08-24 08:14:14] [INFO] [payment_gateway] Transaction payload payload_hash=OX5FY+zhorx3GBoepd7EF/xm87bdD1i5EY41HkYWQ6fJCg3EcK19Z4PwjydeNZqL4PsO0Dga88KS0vCdUsbTQA== processed in 147ms
[2026-08-24 06:54:29] [INFO] [payment_gateway] Transaction payload payload_hash=5IlsLMCc1yluMzEoBr9VL+fOUK7B0BC/PvGHY/4VKBWsH0gLO4Q/AUuAazZuK3yDlnjXFY19oN7OmIKAG3aEcg== processed in 268ms
[2026-08-24 03:49:41] [INFO] [db_pool] Transaction payload payload_hash=0pOTMichGt/AqplMa1hOZakwN7Mp9yGrk0g9XlvWbUqmgUAw0TuKCEVsvQsaOoL4+Z1yuhesuO40czTD2iy5JQ== processed in 76ms
[2026-08-24 09:37:25] [ERROR] [api_router] Transaction payload payload_hash=OIIkAT8SJXGtY4neazgDdMcVlbj1jkCXIpLuql6u4t4csKuAMWtllo0S0Ba5t0xNtZyyD0IMltO8M84jGSpgeQ== processed in 78ms
[2026-08-24 03:10:28] [ERROR] [db_pool] Transaction payload payload_hash=j6SCD1zUopsDg/Ee6+RcL2AadJTGJ2ey3Lg+kFNILGuQeKb+mx5fjzmtS8n45iIOXDKVEhtcKDSWAk8ZyZi+3A== processed in 396ms
[2026-08-24 11:07:43] [INFO] [db_pool] Transaction payload payload_hash=Aw77b/Yyqr9l9XZLwhnX25oRm8mKzQq5A0d5r+nvYDz1+QxWfIWn5irlTsygq76OKr2xY731EBUs84xJdg/Ipw== processed in 45ms
[2026-08-24 02:56:24] [ERROR] [payment_gateway] Transaction payload payload_hash=PmXja0i3YZtZ7roDkEzx5cVfPcdNZINk9LnWBuOx4sOyktqCHzu7UfbrdVax0H9kUUE7bXd0P5gDirBcbvdlMA== processed in 125ms
[2026-08-24 07:53:19] [ERROR] [api_router] Transaction payload payload_hash=M84Y+mShN1hJMZrg4sEkqYjOz15+x3kcDgHv4Wmu1koS56lzBA2n9st/11ti48xatLRD0Qnekliks9DtHUbljw== processed in 78ms
[2026-08-24 08:08:31] [DEBUG] [cache_layer] Transaction payload payload_hash=Del268hzRPcBPZzrQyL6KVvowsVfK6By9Pw3G+XiQSDrqUxbptsP6QCivDwWaJEH7AxXCk/F2sv9wODfwqZCyQ== processed in 181ms
[2026-08-24 09:43:12] [WARN] [db_pool] Transaction payload payload_hash=WhbJlOU9lAdTEzTH2ChgQzU/AN6a6pH9MgPF6YnEPm+de8D0L2Z+1bfDI3rti9OSqC0+8o7yJIeVDnrHdi1eiw== processed in 98ms
[2026-08-24 09:22:30] [INFO] [auth_service] Transaction payload payload_hash=MJXso1Vwc+4lO7+nIasQR33Wf6cHW/XjXegcepjGIKtMQkqlAfui+R8bQN8ZH7cjjqI9h8/Z9g9NJSXf6XVkJQ== processed in 245ms
[2026-08-24 02:57:09] [DEBUG] [cache_layer] Transaction payload payload_hash=NcO3/rrSjZGSafGJZX38X1KxMD9t8dDkmvaGbqkNcLUE0UOmy5ix7WJEA9OA0aKSNVvxvThDmZ3R+IYwE1PJTw== processed in 377ms
[2026-08-24 06:44:20] [INFO] [payment_gateway] Transaction payload payload_hash=g0qogzc/bkgezPM0Bo0OWh/8zin5lPx5mtFEhSK+iK9VCgU30MKeQsxPtffitAq6tg1xW5kzwa+vuu2Ecnt2yQ== processed in 241ms
[2026-08-24 10:49:07] [INFO] [auth_service] Transaction payload payload_hash=MI0fsGCsLVu4Xf5vnsREHfdUTqRxD8RzwdBX8wj1zr9USKRMdOB8W7h2MDiz6kV5nW3iGFS4mfofdt6v/BBlYQ== processed in 324ms
[2026-08-24 05:11:04] [WARN] [auth_service] Transaction payload payload_hash=M5qdEacw+7DCxpws4z0wm/Sf5/m8OKbKtwz284E/MYMVbG8m4OSUge8EHxygUf6nCCc/cOA2U0JJDp6imke4EA== processed in 35ms
[2026-08-24 03:40:15] [DEBUG] [payment_gateway] Transaction payload payload_hash=y+2f69DjmNzqYdU1vy+cNgBVGR2qjmGS1lfIcSCQzuBZH2IJxzI+SGt1z0dp/vN3CkOFqZXkMdA9Aq+fS2q2bQ== processed in 58ms
[2026-08-24 10:27:19] [ERROR] [db_pool] Transaction payload payload_hash=48EhG5XSaHQJXJmvuDJl6jX4P1eqaRJa1sn6XU1zj+oI7dLJNeMZelYHp09xleX4Ogib1G50BAMl6/YtAuO/jg== processed in 190ms
[2026-08-24 07:51:16] [WARN] [auth_service] Transaction payload payload_hash=z2sKmRmSbAJyzpc2e49JNC2NJKmxK7CpjswCW3r7czCGDCL17mJY0oAgrgZ01s77m8iAgSPqgta6URr2rW43LA== processed in 255ms
[2026-08-24 10:13:29] [WARN] [api_router] Transaction payload payload_hash=ThSpUtPkJhxVNT1LSEzjsLPTs3m6HIDexTADqmdvMXVU9sF8gsffW702bs1w4pkIsZRtJ97WrUhFyedXK9D57w== processed in 32ms
[2026-08-24 03:39:56] [ERROR] [db_pool] Transaction payload payload_hash=0u8yDS67Sh4qaKz5M9dLNe0gb3o5nBj1IUxKztZWN4aXgp0SrCr9ncD7fGMM1vs7Bk8WAeGwM8a9MkD8xFiJnw== processed in 93ms
[2026-08-24 02:43:40] [WARN] [api_router] Transaction payload payload_hash=UtLfRgDwiLQjvxBFc90L6Br2KnEoD/chgbVYFUSbJ7XG5LWZqbdDX/4ygLDgkKx1xtiVAFZzVo6UpSo+ePs7WA== processed in 178ms
[2026-08-24 07:13:50] [DEBUG] [db_pool] Transaction payload payload_hash=p+DuADtWQA+Lp1geDE3HvBZEu3XSWY5hciqW/MH1QthmUE4uUYYGgnvfFqrW+nwbWw+ARyyFyXB/A9OK2UbMgw== processed in 189ms
[2026-08-24 11:05:22] [WARN] [db_pool] Transaction payload payload_hash=d/Uu9oX4ljplqSOsVvAEgPseK/ZygzPL0YByZvCnZyhspGu0MfExJKdOhj6jnspP3XqKxzdir2OMDZ59AgD4Eg== processed in 332ms
[2026-08-24 10:32:35] [INFO] [db_pool] Transaction payload payload_hash=Ra8B4dhFBJqllIJwSE5VSmlGEsEu1gxEkvVmSMuVMt0/bO9gvQfvDMo06BuOKGDUqmxCLqHaLCRov4FAnPQiKA== processed in 208ms
[2026-08-24 03:10:42] [DEBUG] [api_router] Transaction payload payload_hash=yGjqdIiHRcMZ9MxCPI6MSARy3dPbjFJEb4gnNJPnVDHBwezxwfJiBGs27ZUlT/VMESMkIspUG4xAB7DQr5lSxA== processed in 339ms
[2026-08-24 09:36:35] [WARN] [cache_layer] Transaction payload payload_hash=KDJ8dDuXlpgUyWmk2nvLtSgJDxeIqnSOmA8XVPhop74+zNDuFDMeDuqst7y1dyDUmtnxmkFRHdd7SYGn3eoYHw== processed in 384ms
[2026-08-24 06:23:20] [INFO] [api_router] Transaction payload payload_hash=0EZudyqTUOMOka2RDsvZXdtYL5LHLhp1nNJS2opcHtO7Fd6dAOkNSVTivbF3dD4FdmAcyBNXjZSR9UjOTdEyAQ== processed in 120ms
[2026-08-24 04:25:25] [ERROR] [auth_service] Transaction payload payload_hash=DJWkFSSvlJVRch4ibkbFtNKCUwROTNRE4FPrc8eNNRTw67eagAseYZRYty6ucgDGgxHOPpMD12df9Q4qAOc1gQ== processed in 322ms
[2026-08-24 08:10:07] [INFO] [db_pool] Transaction payload payload_hash=C6BDlPAG1Hje/13jtrQLgQ8uDvmiNZbODCQ7AVz01yCxOzeg9JQzTFtq8O5rckGrwieezD75tD7xaSvbGaQ1lg== processed in 44ms
[2026-08-24 06:43:49] [ERROR] [payment_gateway] Transaction payload payload_hash=tc1cxvLr1EI121hzlK5se8rnXXsluFn5P7HYjJKQPn61sZxCN/TTVIbUB9YfOCNQ4QHxNC7SKUzaD//uecIgdg== processed in 186ms
[2026-08-24 07:40:18] [WARN] [payment_gateway] Transaction payload payload_hash=swTYt8cH58hZQO4GyuJgEnBOHWeaWErDU31llQ8Gplb06oPU7qPFAbFG2l0p5PMzKphPtZ7JtLwnQAoFK35E8A== processed in 104ms
[2026-08-24 04:41:30] [INFO] [payment_gateway] Transaction payload payload_hash=ffCuZMbsBDc3xTKOHopCRD5IfzP2oDMPQF0MXrVDrcLB3yA/n63XPlqRUfodN0o00tZnRgqe07Zyg4KfherZeg== processed in 68ms
[2026-08-24 06:19:44] [WARN] [db_pool] Transaction payload payload_hash=QHzxzmtZCUm94JvEy1bMHa7b4vORKDQme2mI5siyyffov+ifU+y4b8kEuBd8qXPr6hhgHekpE0lBjtwAIDuEUQ== processed in 130ms
[2026-08-24 06:20:44] [INFO] [db_pool] Transaction payload payload_hash=14T5N89T9Kur+fqaF6/YKcpScAUBR6HbcgsckpBANhO02VGGjUlT4sT5pRph7eHTFHa1OfOoF0zxTU8c8ZjwGg== processed in 438ms
[2026-08-24 09:22:42] [ERROR] [db_pool] Transaction payload payload_hash=Lgr+4v+JgSLUOJXDulKt1orRsVHsf5NYRzTf3bEk5pD07txsR+SMXkXaD9MGfNjYnDCeMRpLnDfuwtuwbW0h1w== processed in 434ms
[2026-08-24 09:54:27] [INFO] [db_pool] Transaction payload payload_hash=ihc4Yr50NZMcYDmulRTDqpo3UNq5kV2Xym6zyYkLd7SDpkSvF+3NE4jU7xtjYrN4nOn0I1IP5wC7+Z2Fltv1lg== processed in 327ms
[2026-08-24 08:43:17] [INFO] [payment_gateway] Transaction payload payload_hash=ubZ//R17nCjeR/4mv1+L7DeNvsnSWYfERaZY2q+NC8ndEMkviAK/2As1/IiiaCYoEC71NxAVgvGtFlchvZb/OQ== processed in 388ms
[2026-08-24 09:41:55] [DEBUG] [api_router] Transaction payload payload_hash=L0MmmlYb6pHjCbe2PAMdlQrYNgk7yGnprAsY701l4/nsVI0kEuLsRqHOkkuM3/DW3hT/hTCO7C4k8vhTXnnhMA== processed in 22ms
[2026-08-24 08:01:17] [INFO] [payment_gateway] Transaction payload payload_hash=Tue3DT/M3+m1vJTZ3eM3b8kPKIWHqqRJ8C+4BFaPAfcsDlVpeWuljXgkhPiD3c5TjHxRmYGDLl997vLCW6tDyQ== processed in 231ms
[2026-08-24 02:34:57] [DEBUG] [cache_layer] Transaction payload payload_hash=zFIVH4aAM3SmFQMUpIroRrhrldnbfTimciYi8zdGfndK2BUBDyBRP4bNMh6JCvHV3Vam6kWWgxoToD5zNVQ4Yw== processed in 176ms
[2026-08-24 04:07:55] [INFO] [cache_layer] Transaction payload payload_hash=qBwoUg9aL8jHcjUryNKLi9VTVFVVMCzI0n/3ffbiZ6JUj1bTLcGsmrkFrqRK0cE+MprgBIem7EK/WUOhsDYKVg== processed in 86ms
[2026-08-24 02:31:55] [WARN] [cache_layer] Transaction payload payload_hash=NAs5bHp4Mhq5w7bmCYI6tYPXvUihGDz6EOhUeIx5SSRVhfDyB/MvdwF6ZC1NEmNnRLrGkxJCDMCPtknif8Rglw== processed in 258ms
[2026-08-24 04:00:06] [WARN] [cache_layer] Transaction payload payload_hash=Bmvlt0zhMhF6Wb+IqClcPn7jT+eQx8KNgDT7OSqvPvrrpX942E6J21AihquGPc30nqh9eKgpbjMw/SiAVoZCTQ== processed in 418ms
[2026-08-24 04:17:15] [DEBUG] [auth_service] Transaction payload payload_hash=c4Ch1GmpIfx34UGH49fUhxx5mKuw1JdRx41cGzzFZrHBBk1C93xOQn6LhheX/lNgp5RQWDbE5CX1ernFBdqhOw== processed in 439ms
[2026-08-24 04:33:42] [ERROR] [auth_service] Transaction payload payload_hash=OtulBWNz7j4I6c9Gz6KZXjUQpNfK+btbkHz7xwBRANQLIKuQnRT1IqfERpA6Zluiuya8VNE52kL/hd5SPn63cg== processed in 410ms
[2026-08-24 10:34:06] [INFO] [auth_service] Transaction payload payload_hash=M3LqXVwHO6ldL+ahbV9rtv366g8r++wNRk+4ja69X9HdLa5UNdK4Nv2kEStPdcbKNuP72XMVmdzAAM8eKmiK1g== processed in 397ms
[2026-08-24 06:36:53] [WARN] [auth_service] Transaction payload payload_hash=+SzXErl2DGFLqj8yMQry4c0Q3OcPCarMzvYxFBxVKia6CERyjoRqVMemPl1rVnDnWwY5O045u9nWkoM6bPkxxQ== processed in 484ms
[2026-08-24 10:57:22] [WARN] [api_router] Transaction payload payload_hash=7QwlHvDJPxzOs388y5pvec9Rz4uZI4oXUgrEZhtjmXgV3viAQteGMu5JlL/DL00Cv2/nbCLyzCFNLeKRO0UtUg== processed in 160ms
[2026-08-24 11:00:31] [WARN] [auth_service] Transaction payload payload_hash=K4UnWt5kUH3vbqXqIZ3ly0K17CVrqeRvYMgp6g/fUGq/Kp13vFjICvSXyp/oRMn9aEaIRP9q/b/GjpjaP1d5rA== processed in 29ms
[2026-08-24 05:39:15] [DEBUG] [api_router] Transaction payload payload_hash=5ILDbmmu0tzvG0axYfd3YPMtrxsoD+xlECMamVikBELZDqCYAz+Br02RjEUu0oE1tYoxl+wybD7YiceKFf0uXw== processed in 279ms
[2026-08-24 04:33:55] [WARN] [cache_layer] Transaction payload payload_hash=Rq8RR9c516jtbK+ckjTgUKpqwGoPrGIZs9qG5DkFv00aYFNrUAxSBMNtkPyg1QAIi2HbADYq3ltkkXsBJU+UpA== processed in 149ms
[2026-08-24 04:41:49] [WARN] [db_pool] Transaction payload payload_hash=LMFxq3YQkiQSGbywSa17AOwthnsQpdRHG5IMC2ctdzYaajG6IuZpr+3rSjbSWT92RmWQb5kYjW/PTr/Hj7dY9w== processed in 437ms
[2026-08-24 09:44:10] [INFO] [cache_layer] Transaction payload payload_hash=YTKtVyy2/cfAga5Es/0DvjsEsK+bR7pZAkraHVbi/ZWUYhKYPZwgm9gPA5IrosMIrLurM021BIfWPKFvesrc7Q== processed in 217ms
[2026-08-24 04:16:54] [WARN] [payment_gateway] Transaction payload payload_hash=2Kf3odW9r8Snp56Pbdj59EPbYVs/KbNTa8vMrDUnH4qQPqk9cB4vSOr3GFzud7ex0ejcXvyr6qZPCgLAQkf8Jw== processed in 38ms
[2026-08-24 09:44:04] [ERROR] [auth_service] Transaction payload payload_hash=gJno79m6rizxwDLfcllAGJ5CkGRN/EK6FpJsKTiuxDEWDDQ3dHRyRsTfndLzcKnMHxPVgR7kze/B/Nkc8LPmPQ== processed in 151ms
[2026-08-24 06:44:53] [INFO] [payment_gateway] Transaction payload payload_hash=hTmUXmTF+LOuQm3vyaH6iG8huW1fpqg4SJY6JnVB5crBP0BKLtQFx0Yu/aQVcSHokxVK20UNeT17LHUgklhk+A== processed in 172ms
[2026-08-24 10:48:16] [WARN] [api_router] Transaction payload payload_hash=F4xKNXn9uEP4oEeqsNiQ+CUOtzVQxtvP/nYACeEnXNGmMTDVTvdE1K9wp4XBopaJ/2Bmkq9tw23vrZi72BvQNg== processed in 263ms
[2026-08-24 03:25:38] [INFO] [cache_layer] Transaction payload payload_hash=wdoZtBflh7zO0Wo1iKqGYU/6CKYuvJkENjC7ilu3GkDVwy6UsVsn/Crvrdh2N1uZhYEPOUMpyqSVe5wNft9CIg== processed in 406ms
[2026-08-24 10:05:15] [WARN] [cache_layer] Transaction payload payload_hash=FnLOrPYhLZcZoK/NgeuPmfXIwrGPq3s8XMAo/FMMXW7de8B4b9QZDZ+CdC4cg2sI+aK+QJvX2daLVHVt+SD4Ig== processed in 409ms
[2026-08-24 02:55:59] [WARN] [auth_service] Transaction payload payload_hash=68LfwOVSWGqcOSwbhLT3nTkYKzknmRWIG71So4bLPkJKOM6oIpNbOSWVwmnaFVo/jzNBZQ90973kh1Pnk4qW0A== processed in 282ms
[2026-08-24 09:38:24] [INFO] [cache_layer] Transaction payload payload_hash=CRAvzB3JXsnvV1EzH5ptMARAOQAKSV/UnkCJWCLGueOZRANjmNdyJsKToSZCyp8blouyjgvtDp/JUrkG/2GqhA== processed in 85ms
[2026-08-24 11:07:00] [ERROR] [db_pool] Transaction payload payload_hash=Q6UVik0lbP2JfiaS5Ts9D6DpPWY0NmeQkpUqhSRjJC3b00Xod9Fg+LBCaHmkbmOFZpX6g/Jt62FXxbdQEWqrmQ== processed in 461ms
[2026-08-24 07:52:25] [WARN] [cache_layer] Transaction payload payload_hash=VWurnWrK5cyBiNNVmBsIKuXModuEXDrs3gH2gxZKp+3SXltlfRLLF/vCXlj6TApF8mxT+YKio80dpmvNKqtn8g== processed in 64ms
[2026-08-24 07:10:34] [WARN] [api_router] Transaction payload payload_hash=lHWtc7x/VvQWpeQAMrigxG0oCPMm5ZBkc92VgXCuWfJKwD9xWOYWsJ7vrpHXJzZ8Zl4Jxy4h9c3aCErZ8KEOsQ== processed in 362ms
[2026-08-24 04:19:41] [ERROR] [payment_gateway] Transaction payload payload_hash=EFLOeZ4p11CVIyMEOotM704KqbMERws596FojX7mFh5GORi+z+VwSAzvczNhLkic0Ti2WnzJVt5s8DBrceVMcw== processed in 291ms
[2026-08-24 08:05:07] [DEBUG] [api_router] Transaction payload payload_hash=JIiMOvyqrG+r6pOz7wrCfvrSzvRJBAcheBotdgrGN6hSeN9k26N6nf8aankR8ixExnNvxDlYHvmSKGihCEQwnw== processed in 36ms
[2026-08-24 06:32:00] [INFO] [auth_service] Transaction payload payload_hash=INWAe8qsE1WTEJGoJ9bhcNm0Tz5SGt6FonGyEJVbd+EH55uxM9QvdKNuHzk87HI52wKoSYp6woJwu4t+sVI0Qg== processed in 230ms
[2026-08-24 04:08:18] [ERROR] [payment_gateway] Transaction payload payload_hash=VIeBLDH4jfHtqBqMAvA3tAqCEUI09ovgGVz2KGaPNJAyjgtrG0Vs1GzQUyI2BsD/gce2IXAXdkJsk40ok29nEA== processed in 324ms
[2026-08-24 07:59:18] [WARN] [api_router] Transaction payload payload_hash=wYnsD30V0yoErZHaSsdXNj8eVO0dYP870wVAAY1tl2Fedm+dLzGIVs6SXil0mJKn5en2ye+eAMJuzzBNSE3cWQ== processed in 284ms
[2026-08-24 03:36:58] [WARN] [db_pool] Transaction payload payload_hash=CHjC7lF9/gr/xMfSkHkVS8SpR/v0tN6AptvZz2paCBuhLXiH87s+mL8ruSduLaHtfBcMt4hpDdLr6rj82vHyjw== processed in 314ms
[2026-08-24 11:09:48] [WARN] [api_router] Transaction payload payload_hash=EMYvd7ivEB/sr/s8PoKRNB8rRNX9F8oF8kj8ribZX3O6Ktxi6FRdlK5qrY7D0VB9DkacU4YgmxcaW+mLqUkkdw== processed in 427ms
[2026-08-24 05:34:10] [INFO] [api_router] Transaction payload payload_hash=v/itcCkcBU6c7bU1rzMeCTyvNrBbLAacPALmxzkeVqj4kgheFRWVhq8X+uzbc3ee5PgSfYPzQF59VFB/rAub8Q== processed in 15ms
[2026-08-24 08:00:01] [ERROR] [payment_gateway] Transaction payload payload_hash=aD/bRhAIwQ5chj7Z+dSTTMY1l2+NUF1MZDztLVcU7xECj4ff9FkulTE1/m4NXjBjOKGDGeDWEt7GUgQj3+1ClA== processed in 299ms
[2026-08-24 08:14:15] [DEBUG] [cache_layer] Transaction payload payload_hash=As9oouFtoeLhTGU6qKyVCKXNGPwRmHCGVkJ7Lmu5K8GZKDQx1xgPruEDcQHOS3d55jeWmibkLeyVp/8gVksmzQ== processed in 78ms
[2026-08-24 03:51:43] [DEBUG] [api_router] Transaction payload payload_hash=6KrSRP1bU1C+H+KFlnWBAewefr2hyp8kk4pl05Fc1n2t06A/sW1fYhcDPvu+zRhu7Vy0Sl6YDEHdyIoK9C05kA== processed in 67ms
[2026-08-24 04:19:30] [DEBUG] [payment_gateway] Transaction payload payload_hash=HRQXKYRebH4LHfSFR3rZH7lx/dBk2OXtLGbEDlFnAmATR1hvm57sFAVVFuaXZOOQviHagNlnuA8k3wAKbm/PwA== processed in 307ms
[2026-08-24 02:56:54] [ERROR] [cache_layer] Transaction payload payload_hash=PgcGcizDngTMut8pYr82IfZx2WosxMUV4zWuAckqsdPMpqqL6BBWRuBgxTBbG0mPHpHfs90ARyoPYykG9WUjJQ== processed in 292ms
[2026-08-24 08:59:57] [WARN] [auth_service] Transaction payload payload_hash=sFu7xve3L3GjYUlN4/LoP7+VDBJ4CkdXq9hHu6XTLSu5o/anu7oC2YfFzV20SOk2oo/0A35R9g3dpCGM/WYpeQ== processed in 386ms
[2026-08-24 09:33:26] [DEBUG] [api_router] Transaction payload payload_hash=3jKjxjp/+X1Dxy8zd4gpAtj08GzT6TbiLWG5em1DCkDx3sMW0uOvqNMPFx8I9NhHUhyKGcL9lpRn2FUKcXaAKQ== processed in 472ms
[2026-08-24 08:33:23] [WARN] [db_pool] Transaction payload payload_hash=yXZuzNJAEkOY3slMe5R4OvxsI7AtIjV17eWRJIR+F2lkcm1PJ2HYYfpLZheHdjw1nyUg+ph6xe+Igz1SWEWU+g== processed in 198ms
[2026-08-24 02:29:08] [WARN] [payment_gateway] Transaction payload payload_hash=BBrIEBT8P0IZhc1IWWx+gjAkcZuN9AuPG2GTNK2xzytzhdp8yD75sA2zjy6LXSesaepI7iCQJrZEadxZzwfNSA== processed in 62ms
[2026-08-24 09:02:24] [ERROR] [payment_gateway] Transaction payload payload_hash=FKhLECfsKNUWiAhq3Sid67N7XTrtIWwtX+textJChB3Dn1d2ujW5cvgh9tbWDQyT/bEvPlIKLu5PoXU0jpbjJg== processed in 133ms
[2026-08-24 11:07:31] [DEBUG] [cache_layer] Transaction payload payload_hash=5PVjG8GKaoL/HusPv9JIKQ7IlLqVuQHKaXYFOP0k/SZc0tN8bmVP/j5RcRF0y0xeIwyCqwdRjvkcCKIZToEHOw== processed in 244ms
[2026-08-24 04:42:32] [ERROR] [db_pool] Transaction payload payload_hash=o6neylCSZGD3VY6O/HNZsq7Vqz/oYBCj2g8WJPLnQI9tIJM4Fk1qH0mMYn8/FqdDRroVX25M4lsIthIQX34uCw== processed in 98ms
[2026-08-24 05:45:01] [INFO] [auth_service] Transaction payload payload_hash=giXe3sNgVikx4V7ahtwwhpMScJFL99jCDqrLVahyGc9xBlxz3VJ70x/OnXgN+ez5TpyQH2loLaUHD8YtGxqq9g== processed in 331ms
[2026-08-24 03:28:36] [INFO] [payment_gateway] Transaction payload payload_hash=iu4qiQgGmAVXUOLMZgLxCb2mJXZhVWo9j4JPEDPz171FzycxK3EqwcORZEkNDUnN4nU73i0JN8K5fZqPHqKOfQ== processed in 213ms
[2026-08-24 04:38:15] [WARN] [db_pool] Transaction payload payload_hash=DPpyINdcC0XQspvDXWlCViMLIIldIOXNyfQ+xpEMQsozxfxcMNsuSC9YaRDHOxsal4mcENKfaROkGBOB3DN6MA== processed in 41ms
[2026-08-24 04:39:49] [ERROR] [api_router] Transaction payload payload_hash=pyE6BV9rA8yn1SM75oQti4VVaQb2SnKjD8tq3mwS5Yn8Cug+iKAGz4ilKf8a/W0tR705n9qlUnIl7AS5NUGK2g== processed in 266ms
[2026-08-24 04:51:12] [INFO] [auth_service] Transaction payload payload_hash=k2VbHE3Nd9FB7uW1a9O4cqrFM2oQ4RQrE0lbrbwiJZEC+nWTdLm88+fil6JIJtpRwYDXtpudaBP8T5JfBSA/og== processed in 302ms
[2026-08-24 08:22:47] [ERROR] [auth_service] Transaction payload payload_hash=WSEuOV49Ys18/Rh6L2UJCdEHe0+gV8Z6R0s7IDDB+FgS3BanlbYJz/9zrW/GvP7KwO0JwdYt8X723ZB6yrH+Yw== processed in 52ms
[2026-08-24 09:03:56] [INFO] [payment_gateway] Transaction payload payload_hash=ZKtYUuHX1BKn2hAyoNBo9QSJDsWEAp5dI5Z0zSmdgRT4jMs5qd7VY1r2EGUrmLy2qaU8wbbclZpi4phmAvC0nQ== processed in 320ms
[2026-08-24 07:13:51] [ERROR] [api_router] Transaction payload payload_hash=tYs8beRsedjTZgUbmWwXOSPy1tv1MyoRatR1nncYaUGkbmgwpDgfu847IS7PI19YsK4JyiqqaR30mLWvmVl7fg== processed in 199ms
[2026-08-24 04:49:22] [ERROR] [cache_layer] Transaction payload payload_hash=86uJ3mZTgjCVd8FwP0/jHIc8JqaASEOcR/TT1SKkJODST/g+qqQTgP8sYybrKLdUeWm7bEWFP41M8o6JSis8yw== processed in 434ms
[2026-08-24 04:53:52] [WARN] [auth_service] Transaction payload payload_hash=4QYYg3tBqtax0OTWxmEu4iD2eh9LA9yxRdN2wEBB3niMazjjfgvu3gr9XwYNVzuMeEaT/QNHPmEfR9F5wdaAxw== processed in 483ms
[2026-08-24 09:50:43] [INFO] [db_pool] Transaction payload payload_hash=ShXm9n9oGH3B7zFNrEklS4DrcjDYdttHwrOubi5oI06rVbwdjGYKIdZ4dSTbzsF+qQ/xcdw3YZYl85QOc0M87Q== processed in 419ms
[2026-08-24 11:00:26] [DEBUG] [db_pool] Transaction payload payload_hash=udUyN+mN1xH2UnwhxLSpmEUtO587kh4OvSn0OUa0mC/LU8TQVztZ8rTtI//zz7Qbgf3BqmoXAjtLuBySYA0qIg== processed in 405ms
[2026-08-24 02:58:38] [INFO] [api_router] Transaction payload payload_hash=E5Mk/kA1AMSv+ip+tQAQf5FDEU+4LG5Wnq41OwwpdENJxMNstPQWbDCcYr01/IInMmoekd0bRad6KmfuPM/Bew== processed in 25ms
[2026-08-24 03:12:28] [INFO] [api_router] Transaction payload payload_hash=j6K+3rotS/Osv4CBtwa+WQjqRxA7oYX64F4XYyAIJK69nFiZ0zAaHeMh2VE5j77QXVa8T1OpdtcJF8iqMp1u7w== processed in 288ms
[2026-08-24 03:51:53] [INFO] [api_router] Transaction payload payload_hash=1wXT6b7ogxp+5eDouv+kDGaYSN5BZ9uJS6zpbEBpFakKVUiJrkidI+UMHRyTvJFIYS9XErOHCNJOKe6pfUZ5cw== processed in 182ms
[2026-08-24 09:21:41] [INFO] [payment_gateway] Transaction payload payload_hash=vlJBbZs65FiBz6EHeAtv4JwkaLrr0/CHvSloIMneZ4/SukkMmObSQr8xurFFnW80YRqM/a8KPinVCwAyjhwA4g== processed in 29ms
[2026-08-24 05:54:54] [DEBUG] [db_pool] Transaction payload payload_hash=HZ0V94HltPDAJ8tYZivamGzQIZggHIu1pbc3TDEpsFZzoN1Z2iWDerqjITAUMundunCR8Nk6r/Fani5Yq2R4+Q== processed in 38ms
[2026-08-24 03:47:08] [WARN] [payment_gateway] Transaction payload payload_hash=iYt0L9/blk9qALd9RWQoNqumElJPJf+w+vrYd0HQmfeMBiUgwoRE0k8l6NJ4/6e0zunbdq6GZFPsxFH6lyxTyQ== processed in 481ms
[2026-08-24 05:40:11] [DEBUG] [auth_service] Transaction payload payload_hash=9i5cd6ikX5FM74n7RDTFJBzc5lDFUtyFYQpu9eFM7PZSKX0XIjRgtdREM84jv5LXyWmSez1L9tChwO3C+xDQQw== processed in 25ms
[2026-08-24 09:45:57] [INFO] [payment_gateway] Transaction payload payload_hash=BtA7Dd68r6+EhJSa2UuWJAIlzzuHgWLs1bhsQinKf9niH1FNc0KKrOey2MDuGkluQB1MXDbQqIg9u1+Umh/K0A== processed in 16ms
[2026-08-24 04:31:38] [ERROR] [db_pool] Transaction payload payload_hash=4nXMNoQOW1xlcKn1Yem49yuqJhpcPpS2psCBMjNfIRbCWuz4RtT/ZNGtvTPbHaot7yPkwb6IidZxsPslsIhnlw== processed in 271ms
[2026-08-24 04:11:00] [WARN] [api_router] Transaction payload payload_hash=f+Cecnx/tYfhQK00oRUa4Onk6AG4UfR2ArCBYIKAH8dtd+dpGeP+6aC9VdmfSA7J0koQV7VvlLt+RbelzBggRw== processed in 127ms
[2026-08-24 06:18:22] [WARN] [api_router] Transaction payload payload_hash=HL6vBW4NDmASJKLYJLTDths+kOgFWExzrXSN9gU1Ikl9A/EAbcxjU68tn4B2O+jPzAo1BhTnyNdTo9/h7uWTtQ== processed in 306ms
[2026-08-24 04:38:46] [ERROR] [cache_layer] Transaction payload payload_hash=GDCbgs3dDKKNo0BNOtpVznnKLdvt15TGBn3Tasm8Yfrx8JkwiX2bXkBW0RUbkspN6vex1tTW59Fdw39QgeBGrg== processed in 149ms
[2026-08-24 05:48:37] [WARN] [cache_layer] Transaction payload payload_hash=EPadt6lYdUeIViEBYKcDN+P3CaAMWNUHX7fmj26KscpmdegmFceJVRkEtgdTj3SEVNDFXL/SyiICtzhDi9ljiA== processed in 246ms
[2026-08-24 02:56:36] [WARN] [auth_service] Transaction payload payload_hash=v3f/Vsf3U6bovogj0UyySmXRg5Ty8IOZa99t3QHyMunmaokB2VIwgGyP4Svs3HRsPUZuFicqAWZlyOOwRl/dJQ== processed in 410ms
[2026-08-24 10:51:41] [DEBUG] [auth_service] Transaction payload payload_hash=8J7o9MOhvrZxBOTMj0AfDKBXjTHGRCf9eup/BXwkJkvUHSZqH/S29SaP4LQyqR8+OR5Zx1YvGeFHThskJf2gJA== processed in 261ms
[2026-08-24 09:24:09] [ERROR] [db_pool] Transaction payload payload_hash=NfnEX0WtSh5OcMuZVFE0EFoVsrG3GRmx1WijJ0FIF+CttsXAxDoN+ihuNHLHaXI8v61SY8vKYag3e7qzlqEYgQ== processed in 296ms
[2026-08-24 07:03:06] [INFO] [payment_gateway] Transaction payload payload_hash=555jW1j27Z96WxXoFq9BqRZdB5n41Z8cYOfKCJe44GQrbbWkAcDqeV00oaRtWom2E52DBpyRkhnXr6VKWs+e1Q== processed in 122ms
[2026-08-24 05:43:57] [WARN] [db_pool] Transaction payload payload_hash=GqTHjnP/t2GeuCgqyijBIheocHiZH51p6rJEqtMFR9G6eEsdqkxRpNBlajNphli5qPZ5WNlhH/d49fpUI5r2Kg== processed in 386ms
[2026-08-24 06:20:01] [INFO] [payment_gateway] Transaction payload payload_hash=zetuxdTlGJmb5u3jku7Yom/1wHWqUVQA7IbjtQIs1FNcMTvn0Gd4LxCKXrzB9LDYkg/dCsG2ti5NO3xwcIjEuw== processed in 374ms
[2026-08-24 07:43:34] [INFO] [db_pool] Transaction payload payload_hash=95F+CiSOvomfPPdxq03h4er3U2yibt/ZKMAq0Aw+0jSexZC2m3pWWqPLyRfDYm0n9KCvPibYyO+yXoBpu150hQ== processed in 23ms
[2026-08-24 07:04:05] [ERROR] [api_router] Transaction payload payload_hash=gdHw2WXmtRjk0yzJp45s8OOBl/wbhnGpAUgLbXH3eCtSSZzwKnEQ25Fic1isgyfkb+vAVrzRnlHeACgNT7yPmg== processed in 118ms
[2026-08-24 11:11:18] [INFO] [api_router] Transaction payload payload_hash=MsaQoykrExFqTXDzxsQt6PmvsjitplakC6zRAIW44VM8IjN/RZGpsAZUSgt/xnOf1lJh1yTpHjNINano/lpSDw== processed in 77ms
[2026-08-24 07:44:00] [ERROR] [cache_layer] Transaction payload payload_hash=co5miLbNgeVefyjOKKOgXcx5uiLE7nH0FZhODwMpAoOrnjxQX8zHITMAjyYVGJEVSjJDnRf8NcJeq+Z0RpmbQQ== processed in 263ms
[2026-08-24 05:39:25] [WARN] [payment_gateway] Transaction payload payload_hash=K6rPDmrmNqXcALj4M1xESKdalUvwtXueed09mfIxMy9dDlGbVrOr4G2uTKrFseC3TODCjZAlD46t6iOvI9Z/SA== processed in 10ms
[2026-08-24 04:09:40] [DEBUG] [auth_service] Transaction payload payload_hash=yGyighbErn0xm25yj0xxedonH65J7AxDwqhbcXGLF/FghButAA6wGEKC3PbBNovFHYGo/KvKSz4714mS4SPb7A== processed in 69ms
[2026-08-24 04:48:51] [WARN] [api_router] Transaction payload payload_hash=xZBIfbpjNCHmlZFLBGQyCoZleC8juFTpd0rX2WCr61Fl8ynzM0HVOufBAQoJjAGs/6e6f9ZzFmd2+iJi2fQdQA== processed in 37ms
[2026-08-24 11:22:31] [ERROR] [auth_service] Transaction payload payload_hash=SFyEhF3zixmsYzWT2Ozm5ip1Kl9XNxu0ajv40ExNAg+yCCse2LPZjJLdKNS17JgzdBcvtNKZzhbBEE+NW8We/w== processed in 146ms
[2026-08-24 11:17:33] [ERROR] [api_router] Transaction payload payload_hash=B8ZNoBxafj0p3gaw4I1dnvyqom7SyzDAg28jQpqjhH0ubD5jvmUrosVESUR63cTf/qGxcwyACL3ID8UoYYGg6w== processed in 108ms
[2026-08-24 03:10:09] [INFO] [db_pool] Transaction payload payload_hash=6l1kUNR0YdHGbVC1NQYAwmDnsOSqD7NvCxEXjZSz6E77eyGJfDE3TjffvFuS0Zzy1g2cRbtZ3mhkm/fY57DVJA== processed in 173ms
[2026-08-24 05:36:04] [ERROR] [payment_gateway] Transaction payload payload_hash=Z8+V/HOpE2VuhYnAGlMhW4FD3P2ZVeSUE1Mz1beD7yFJbT72SP4GUoDwyWBj5Zjx6j3+ZHX8+pZ8QsiY9vtDqg== processed in 45ms
[2026-08-24 02:29:37] [INFO] [db_pool] Transaction payload payload_hash=FThKTRKDPdmRc/1QC3Cld3sSmzhelqycjMULoCAc7jJek2z1L+CqOMhrO80sCbfdg5jVrWOQ52KgbHnLtEBk2w== processed in 34ms
[2026-08-24 05:11:12] [WARN] [payment_gateway] Transaction payload payload_hash=Pt81bM5TmG4VouBXVW7G1OTrcZ/VDPjwP6GS4qjaQvA7oVdwK2xSwlXHHEwy4wf+ESnkO1lIzcPwv4TFR+bEog== processed in 94ms
[2026-08-24 08:13:10] [WARN] [payment_gateway] Transaction payload payload_hash=AAiKGSA/5vyB4y6jxlIrWLabAdyPqzxGCW+kIUPKNjiuDop8wz2syx+zvktS47sHAhh26k9E6VNvGdUoxhzraw== processed in 292ms
[2026-08-24 05:00:58] [DEBUG] [auth_service] Transaction payload payload_hash=oAaTH8Cq5l1e4D+aorYE08JEFZfJBK+6Xp/nRkjfSL3ZG3wcN+AROimISn1yDGK4b2MwrUH2KGW6kXqxUNS1Sw== processed in 313ms
[2026-08-24 06:04:30] [INFO] [db_pool] Transaction payload payload_hash=I69+T/zxbbw7vyWChZ7ocPA9D9k5VSj89YVWID/ZZOOQ7YyrZN7smVd1GMLrClinC2Pm/3NWFuvhgs/5CMiywA== processed in 197ms
[2026-08-24 10:56:35] [DEBUG] [api_router] Transaction payload payload_hash=Oynr5zcr7nKHcXkEp0pQ4heZRjkJJDoe1I1mI/ChN556FAZxZZa/mdOH7cVvnZ2DsAkS2JQZs/y6YcOSiS3QLA== processed in 33ms
[2026-08-24 07:22:10] [WARN] [cache_layer] Transaction payload payload_hash=g5puP7/Z6YVc4A2eiG8I1m1U+BK0r9THt1R+ucHieFqF2utinVrwA3sA/EySB5yZHnQbsO6yXC5sVxL1MieKpg== processed in 383ms
[2026-08-24 10:09:37] [DEBUG] [api_router] Transaction payload payload_hash=a/mBVNxAX2QwBAqFG+5WvXJS6g+Aw0t5TcsfR9nLOd7Yg3iGQpk8yvermQcJ3JTX3IM0ZzrYDKJjewJY96YLFg== processed in 487ms
[2026-08-24 03:47:20] [ERROR] [api_router] Transaction payload payload_hash=vpXarwjWS8ewc1hB33PIb1ZllEVh3VS/b02XslJaZQv+9W3ajrcOvsm1pdUqp9PKE4psLeBm01/tEvH993BsWA== processed in 363ms
[2026-08-24 07:23:26] [WARN] [api_router] Transaction payload payload_hash=DRuy6laxKlKBekpLDiswj4erD8srCa33B18Gyaf+hGZpua/ABEC07Ly1Ybfmo5/kDDsHd73YAnmeOiDnkI4NyQ== processed in 34ms
[2026-08-24 10:14:00] [ERROR] [api_router] Transaction payload payload_hash=S+mZCJ6PbmOAFAVjpfMSytDdveqbA9KKoc6Tctd8BUpFH1NFlRmWJ1mW9MdgcJHkG6R/bTB5i6Biae9YSI3mzA== processed in 88ms
[2026-08-24 06:06:35] [INFO] [api_router] Transaction payload payload_hash=OhT1J0llOkEmK0mFv39AqyLTdYTuI1bR9+OW20gO0IOX6Djhx+1n4X198R0knp+q4tN/hDg+JwQVFNvt+3T2gw== processed in 452ms
[2026-08-24 03:41:32] [ERROR] [db_pool] Transaction payload payload_hash=xdZGhPOL28u1wvh/Q1xuWnj5ibCZ5TXUESUDIJW5y5gwd6eujNs+uNDiPTj+yK/WeLiR3Rz9RNXP/o0TwdZoHQ== processed in 302ms
[2026-08-24 08:43:31] [WARN] [payment_gateway] Transaction payload payload_hash=DKAnq1q/0cNT1gDbELKdba6eUGJrvyjcgGVcAa16bo0/4YRa8jYW6PjivC+/PS4x0thRYvwa+Uz1wCrYkqr0kQ== processed in 395ms
[2026-08-24 07:07:10] [ERROR] [cache_layer] Transaction payload payload_hash=tClbwETCuQVEVdwVQvzPE1fdoTsRRWtJlcx+sE8YNbUAkjn2N9fUJHF9oD740v7k+iL1rodNvuj/fagG5IMYhw== processed in 406ms
[2026-08-24 03:42:22] [DEBUG] [auth_service] Transaction payload payload_hash=cwIUnihNApMz1J0+bvDoAJZzxf4Gv2n0qJXDQyP5vEaOVNNms+m4XnPK+kCEYsa3TiOvFY4hK/1MbaEtd5kVbQ== processed in 350ms
[2026-08-24 06:25:14] [INFO] [payment_gateway] Transaction payload payload_hash=yhlirEqzK23hEvmQ2yBcB9IA4zDZORvG8bGMoNWzoxqM3LM5Z5wYBSo3d3mC5S2SQ8MJ4RRmgAR6lOAUNGc7VA== processed in 18ms
[2026-08-24 05:12:11] [DEBUG] [cache_layer] Transaction payload payload_hash=wymxI4nl5yHDFSyqaxdTn3JaYj7IYLjwd34GnUc1HqjfXKBh8h7P9dDMrWwWV8e06av/n9OrzxKXUlBp1WVhxQ== processed in 323ms
[2026-08-24 03:24:51] [WARN] [auth_service] Transaction payload payload_hash=b+T5sw7vfNBpiKSGUWy2Vat1ahZ424UrCIt6RZ1ZP0ZjlMwGC0Sr+9XwytXDuAbdDRQrAlriIJ2K3sGOvITctQ== processed in 415ms
[2026-08-24 09:20:42] [INFO] [auth_service] Transaction payload payload_hash=aZ74euJ05hWM4C0svi86P/gUgITX0nuLSxG2VYGJY5/Eg70itJn7+UKMY8HVBVBB+wyUj9/jdswL3soOREiY1w== processed in 43ms
[2026-08-24 09:43:36] [DEBUG] [db_pool] Transaction payload payload_hash=HIb7qyqbUswzJGv+wGnwIoc5xUlUNnfTGBdioingHlExOUPl4iZwwNUIpjdmqjo4XvwtvoWXJumO+fKaBu6N3A== processed in 476ms
[2026-08-24 11:05:25] [DEBUG] [api_router] Transaction payload payload_hash=MHr9F/DJtmEhtXmIe+6F3AiKv0Y44HZhuy6wMIh1QeN8mcwPB6KdRXK4RHJbZWdtdRkRXsGACLWBfIEdmuPq6g== processed in 14ms
[2026-08-24 08:33:56] [WARN] [db_pool] Transaction payload payload_hash=zzAHpdXLsPPPysPeLGNF0hpR4VjSx5mn6hs0OBk7sP95vpZ6CVl1Q6kSUtyoJND0efW+zbL4O4IX1U1vofqqpw== processed in 452ms
[2026-08-24 11:21:56] [INFO] [cache_layer] Transaction payload payload_hash=EQHv5VwtwA2JLl4hGqnjjV8X+FD5XGPANx2Hn6DMxeBjYDXiwyRxeOiV49YFOTAlQYg9PeZOY+mxLXzy4Dd5MA== processed in 463ms
[2026-08-24 06:10:57] [WARN] [cache_layer] Transaction payload payload_hash=mgYUngu3N31sru6hMD4FGdVMSu+h9KH7P1/NbCIby4VY0ReQ6BRRQVhgF7vR0fhstmklQBdj/ZZNsxtlAnD7nQ== processed in 400ms
[2026-08-24 06:12:25] [WARN] [api_router] Transaction payload payload_hash=sEnmrKNVxZ6gWLZaHI2eApYW43nI+mycxvJxENB4gAILrEHrNou1SHk9gbRuFZfUX/Sdc/juyH40seDFvO2KLw== processed in 222ms
[2026-08-24 04:01:15] [INFO] [cache_layer] Transaction payload payload_hash=Khgv6qUFraMBhTVPUBJR1nEZ8ITpy2QxbaHsdaZs8S5Cfa891eT0gtZQP+3eN6s220Toyc8YvkZ9wq2nL8U1pQ== processed in 76ms
[2026-08-24 08:09:39] [DEBUG] [cache_layer] Transaction payload payload_hash=ylXGSTn0T8bFFT9wc2xXxfqDA7EeQ+oL4ehCTtV6AFGDQyXTFN2ncYVV0T5YV5CZp0Dfw0emfAzjBSK3BgudjA== processed in 371ms
[2026-08-24 02:53:36] [ERROR] [auth_service] Transaction payload payload_hash=oqxJtIEU6QK6+1SxA+Pyk4AaL+g5WlPF6Oqe2a7HanqhusgOPZfk4ONx+pmgrvNFOCLNDziPqscwhyZhyMlS4w== processed in 482ms
[2026-08-24 09:29:18] [DEBUG] [api_router] Transaction payload payload_hash=/8xKF5Qk3fUi65u9r/uqJ1+FXR9IJG4USi5L+ICIQ8+oaY9B2jFZx1xJIN9PojTBGIvWaztxfljfTH+zL5lVRA== processed in 316ms
[2026-08-24 06:54:42] [INFO] [auth_service] Transaction payload payload_hash=uJYrh632jIASB0Z1h0zO+fjyed2ylQybcYImy8CJt6ODctdq+jB5XgqZWivgpTX0x7g2QRmmtpNEyjp9yzN4UQ== processed in 474ms
[2026-08-24 11:25:17] [INFO] [cache_layer] Transaction payload payload_hash=fd1LKnGPBHegKoOvvPxVbx0LGrt9hkNODzAoVYgFCGjpjod6FtwJOMzmeNnJ5qL0qhmjfBEV0jvfwMIdwg3ZLA== processed in 11ms
[2026-08-24 10:46:08] [WARN] [api_router] Transaction payload payload_hash=ILdBYfn0ym+/byObViNbiT20YpbCHgUyOO8IqPOu9G+Y4GmaF2XQBURtVUmManF9hR2P+ZcdOnZVdA0XPVbbFw== processed in 67ms
[2026-08-24 03:18:58] [WARN] [db_pool] Transaction payload payload_hash=QJRXbVx61M4JnzG37oRZaihs/3bVuVeVSk2LDS0KcgSqtPu1vCJv4DUOcIdXDdlAVt0elQ2TyYBHPNwknn8K5A== processed in 135ms
[2026-08-24 10:20:12] [WARN] [auth_service] Transaction payload payload_hash=taDbaMJbnf497GXD1IiqzKAcNM8iyzU61TEEUc4fsHDeB62meX/smvJI7IdWNs9EDwWoLwrl+HB4whFKCtFAEQ== processed in 90ms
[2026-08-24 06:03:38] [WARN] [cache_layer] Transaction payload payload_hash=WJd2LAPp6FMtnsmXLz/b0MGptjE0n07MA904Wf0vsHgCRlbtNczYeeePMWqMUA6iJ5MuY0RmlTU6qUD2ssU0kg== processed in 155ms
[2026-08-24 10:06:41] [ERROR] [payment_gateway] Transaction payload payload_hash=bcEkDtOBCB6ptj1F9Bu1O1KSPUXOTpGqANw+YYhQ9Hh17Kc78lT6gc+zIMoLCSuiCLmw6An/2XYeqATM5XPrEA== processed in 340ms
[2026-08-24 10:11:05] [ERROR] [payment_gateway] Transaction payload payload_hash=5chYs1N7892hL9n7WaKX53ZpWRl33vuBJ3XEqkb7+A0vBuuJHTemjUKd/l+hwAk+9Jip9IHpu6E6xrYYzgRkow== processed in 111ms
[2026-08-24 06:06:40] [INFO] [api_router] Transaction payload payload_hash=o99P6+JpZbFsO77mAUz0qmrpP0MzGX/89gQm6pHaRVaCbGB7eAp1NOh3UEbvvThw8Go6RiAOZdGPUDcpuKrvJg== processed in 234ms
[2026-08-24 10:16:18] [WARN] [auth_service] Transaction payload payload_hash=Ms6NebNllv+BS2UxQe8tPYrUr7z8rMAZ4E0OAh1imBCVubF8LV4QF5isGjCch4JBo+z3YlO0a7UoiaVZiqqDAA== processed in 70ms
[2026-08-24 04:08:19] [WARN] [cache_layer] Transaction payload payload_hash=t07K/VutZyStEA2r6NCrFa/M6lcyms7mInqy6ttFPGzbdKfpGPOgQsgdLifwRHEHMySLegngSGigkSWjyPHyHg== processed in 8ms
[2026-08-24 06:59:40] [WARN] [cache_layer] Transaction payload payload_hash=mtLHXrp/cDnNlUVhW1SPCib37nNewODWSwoRwaTn3FvHRsCdnCNBW9MpLcSqRq1tn2UwdijdQrr/mfwYcPvg3Q== processed in 347ms
[2026-08-24 10:04:23] [WARN] [db_pool] Transaction payload payload_hash=rrC2mGGui/WdIR4T/mM9wFwE5u0a3kXLXjVXqgRygXlTfGFPG32FLi3kLatfWx3Kz9zwHkIYSwcCXp1ASVdXYg== processed in 92ms
[2026-08-24 08:55:51] [WARN] [api_router] Transaction payload payload_hash=yIRSkwNE2/jCKbMOAjoBJOl+PgG6imuNW0uASAZ/zowSI5xoye2Hc3vV/JH5Mps96Rm1Bs53bJh8J6umGZHHeg== processed in 266ms
[2026-08-24 07:00:56] [WARN] [api_router] Transaction payload payload_hash=zh3fm0qG5ZfO9cghs5c6RPmL6sDNvyYx7k5YaXyVgSCHTZEK/QCXRhrDym29YA6ZmHiVRPazqqk3Fqh7gub3Hw== processed in 251ms
[2026-08-24 08:25:16] [WARN] [payment_gateway] Transaction payload payload_hash=U4cCQF9icGl4Z5o4UsnGOS/PPsPjK9M5yrYizxpxXB+oRVJ305Yh2E6ZHSZPkkDeiFSa8gH0J7kblQdV889Uzw== processed in 430ms
[2026-08-24 07:19:58] [WARN] [payment_gateway] Transaction payload payload_hash=OwsxEvEF3QGHhk+K2KALv7RDnTnXsG94GIdP65IqsJt8KtdV87lIxnMNB8d0w+lqoVXAZYnGlOhpwqLEb6tvPg== processed in 326ms
[2026-08-24 06:30:02] [DEBUG] [api_router] Transaction payload payload_hash=5IdfdUM+6tLOrnHvmZnF0e739MXev2OE/DFHLrxOoKfRLDFnKX6fomze6ZCCwIK7TJJ537nfmQu6Qd9avgtYIg== processed in 0ms
[2026-08-24 04:20:06] [DEBUG] [cache_layer] Transaction payload payload_hash=HKfIv2LGU1fuAZE03jl0UW+NP0o8QTwmem6ki3lRP1TsLap1lNVEvaf67dE5GMNK0CGhrpIbx+R6WT0az37UXA== processed in 215ms
[2026-08-24 09:19:54] [INFO] [db_pool] Transaction payload payload_hash=SUYxKNpnGckJGSdjnMF2IQH/aY5y8lq0kg4AFcf9tZgClEe+hGRnbvo0xIiPLhci72iG/OD5Hhs76K1KweOo6Q== processed in 408ms
[2026-08-24 05:00:47] [WARN] [cache_layer] Transaction payload payload_hash=TaAPNgZCpejgeAHl8DVq/4xBKrsa5WoHYdy565Yrf+hJ+Z/m8WeVh40LJb1s/Eix9dZaPCO4HfS7R25fbMsFwQ== processed in 216ms
[2026-08-24 09:39:45] [ERROR] [payment_gateway] Transaction payload payload_hash=wgsS0obd4Qr4e7OQaibHdyetNpr+cS6dKCBIlRhrGLEQhIRC+XpRmOw8FMNgo/eDDDGzPHPGTJXo7MFBneE0ag== processed in 76ms
[2026-08-24 06:11:59] [WARN] [api_router] Transaction payload payload_hash=AdWkzfyBswMexT8AO5T6+oIBGpCNcNECBGR4jv3ZXxpwlG03YF407kXx3HQ9tE7+4qhxk0KAnXmlsGkZv83LeA== processed in 148ms
[2026-08-24 03:44:15] [ERROR] [payment_gateway] Transaction payload payload_hash=Gzusz3uYX5bxPUMUf0MV7JK6S45oqjnOB+wAyB2amSgQPbRJSNOjKhNZ/SdvCdUUybxxj8u9yQ+E8/SGRZwAZA== processed in 31ms
[2026-08-24 09:20:09] [INFO] [auth_service] Transaction payload payload_hash=vU67Ae36bAzIHVZUYWMJPy2v+/IDrP4gitPv3gQOiKISdgHo3qsM2CewfOz1uGM0VjsruchSuPKkyjVluv8wUw== processed in 251ms
[2026-08-24 11:18:29] [ERROR] [api_router] Transaction payload payload_hash=wRnoKN6sYyH5Ys7/UyEfuTXmvlHBC48M/wFUSjhdupenyaK/9HEEbhUeOi/e2+Kzp84XuaA0v+de3zgfH0Cpzg== processed in 218ms
[2026-08-24 09:11:04] [DEBUG] [db_pool] Transaction payload payload_hash=aEjtu25ngnyMPbJPG7wI/zJscdY3S7uN1erFAlqVD88Qg0ra1AYo641j9QLT/FXXKWKouaAPOz2ZEvogczM72Q== processed in 150ms
[2026-08-24 04:56:21] [DEBUG] [payment_gateway] Transaction payload payload_hash=qGkIyjUmpMRCdE2qIKwwFXAqX9ndB6dWFOpZ8ixKFIwS1x8LkVacJ1k4wXBsVeL380jmMHTiIZLsiHgdqfAFKg== processed in 35ms
[2026-08-24 07:40:19] [ERROR] [db_pool] Transaction payload payload_hash=cwk0X7tPfn43BlVTwrGzB4V8J5YrYleR6wk3n3LdHA4I6P36xI9olBSIrkjEpqA25x48w+JownA7gwfNdGlQHA== processed in 467ms
[2026-08-24 11:25:00] [DEBUG] [db_pool] Transaction payload payload_hash=/7WfUBkJe7L8/a8Z1Et5UY2WvDgshuIRNQqIBCVyuvX8Bt9yj8vilqULn8Dz82y9RzGrSBdbDre6ziqiSivFUw== processed in 250ms
[2026-08-24 06:56:30] [WARN] [payment_gateway] Transaction payload payload_hash=V+zXvyO74feQLFbmuO8LCDC5rzHkFln7B/T2Bx/QtkTHmgIsfW+4A9YHDt4hBj0nyAtc04qOIa78u2W5fftIfw== processed in 132ms
[2026-08-24 05:41:54] [WARN] [payment_gateway] Transaction payload payload_hash=IL4em1mKhEp7+G/IBOXbn+BDeGrjbzrpXJhYe6zLjVBBEaWrmtj/JGcVNYfqDCn7LuZYuesCyYusSFiXQmtNwQ== processed in 321ms
[2026-08-24 07:04:59] [DEBUG] [db_pool] Transaction payload payload_hash=PqVS+Ponu7bDOhCMTYm23dQB8T9hdYhxpYGfM/+ouUTD0+Sg6yr3JvHDSuyfPlMMaL0b7/KYCkYD9JNd80w7Ng== processed in 357ms
[2026-08-24 03:56:50] [ERROR] [api_router] Transaction payload payload_hash=eVI8zVCYpj5kIi6PyU0fS9/gq9RJ0S1Ofnf8FGJoCu1NArO1/fWPsu7gnW2EW8G9AT0AnAa+vFux0BEmrwawng== processed in 284ms
[2026-08-24 07:59:12] [ERROR] [auth_service] Transaction payload payload_hash=/tjifrIP8mns/GCKsPn73mEEaLjjYKg+usIjd1YwnZivZIdxHCZ7uMgI//cqHYXsJnn3a0P0r0UdpEbI6Ue7JQ== processed in 214ms
[2026-08-24 08:08:13] [DEBUG] [auth_service] Transaction payload payload_hash=61Bna+UyNr0koMiQZ/ZutFhjLcn5R2T21CHFo9gxuks/tA8KrWtRJkd3HuHOLRULSkNF8CS1YLsAhVWzRIQdbw== processed in 78ms
[2026-08-24 05:42:56] [WARN] [auth_service] Transaction payload payload_hash=lt/FfRStESzRqa94BJkiQGoICZTsCQsnRoRXRjEySoRDMqn7/jarWK+hGX1+fB9NDy3vBHHWcnAizY9b1GkTyg== processed in 431ms
[2026-08-24 02:33:29] [WARN] [payment_gateway] Transaction payload payload_hash=ai4x8CholIAKakA8vLojGDC6+elzD29IM9mh8wfTHFcDOUNmhsO4FnrabNRY10NwTUrNLfnfsms+lr7FdyoG+g== processed in 242ms
[2026-08-24 09:33:35] [INFO] [payment_gateway] Transaction payload payload_hash=ujghOfIsNMhe698SVamOY4GZ933+VbvtjZFnNqo6eezYEs4DZCwKTeErwcKrwJ2p3ytYCblUUkF29eVLw0qXCg== processed in 442ms
[2026-08-24 05:57:51] [DEBUG] [api_router] Transaction payload payload_hash=YfRfjkZrDUPfWMG0Fj8Yr6zb10xE7MimITFaII0EU6pXvIAxj1YGsRmKPTFacvCcnTr1lPooWCEIw9qrDtMIIg== processed in 221ms
[2026-08-24 03:12:35] [INFO] [auth_service] Transaction payload payload_hash=Mor6cpAz4rUq/eq198JFzvVZactTYwY09L7TnvQw/z5ET6BUxQb4JMCBUsYydoKhmJU4m+gyS4/sf3tCA3Xb7A== processed in 358ms
[2026-08-24 03:34:23] [INFO] [auth_service] Transaction payload payload_hash=7p05q0pSkQjPcsMvUZa1zNrc06nSjZGOyoSrIv7ZXontMlVDTL/8fRtxOVlvBgsMoXQvDfgxNKHF4s2zqJtiJA== processed in 444ms
[2026-08-24 09:24:04] [ERROR] [cache_layer] Transaction payload payload_hash=nJUlX3I1/UX91yQgJbDH1IlatcKoWUhWtANQ8voDHUh1GOHdTFftDRSJxmzcvCAmLrfdfg0rTlsyZyeRgTOUfg== processed in 80ms
[2026-08-24 10:25:46] [WARN] [api_router] Transaction payload payload_hash=AJOfF6uKTherwcAjXWLQmGA0M9q7nQ0fUGTAWY4wkzjgqKbwQLb6etQVmt7D9swAcFdD6yZAUV5ZWBC/jg3k1A== processed in 279ms
[2026-08-24 05:49:55] [INFO] [cache_layer] Transaction payload payload_hash=cS/Xc1jg081tTKnlhyiGL/tnKUlStPXcVOoKdteSOKkiGyY3cyc6YgRXvGJygPHeffNXs9Vbv9/izLpfN3guaQ== processed in 154ms
[2026-08-24 11:20:14] [DEBUG] [api_router] Transaction payload payload_hash=PhWknBRJSpMEW06Me/BJcKTujzwp/QzYOU30hxag6SPBjwWxGsWKXoGBH4NT8o/mRbF5oyZrILPzoJFMtebzxQ== processed in 179ms
[2026-08-24 10:19:39] [INFO] [db_pool] Transaction payload payload_hash=cW7qyocgLbHXjRM/I4ejfieK4dMZQw3BlCLcEd/5GerTd9VX8+IsXNUPuQYb/89FNH9T4xFRQP0SbuUDKhbVHw== processed in 325ms
[2026-08-24 03:15:04] [ERROR] [cache_layer] Transaction payload payload_hash=4yB5YVLlhFZYDPff0mLCprkbw0Xbp/6dTW98YHTmKQbyHD2sHj5i+y4RnsF3ze9uUH6FSzk3opcFGYNB4d1Rhg== processed in 447ms
[2026-08-24 04:08:20] [INFO] [db_pool] Transaction payload payload_hash=eZrbZCWd5jMWcd47MvuzIE7WYcXrWHiOQ/5Yk7pJ2DjfDy5AeQfey5+OtHokS2m+gHAbSvJps5fm+0k9ZUZOsw== processed in 453ms
[2026-08-24 03:32:05] [WARN] [db_pool] Transaction payload payload_hash=tFx/kPMLjFn5yd7Ha6lUcVPsqe73MXhYtobt7Cdi3a87E0d86XtbBED4gJBE8X7HhkYjGZbG0fKaPBz//xTJdQ== processed in 200ms
[2026-08-24 03:39:51] [WARN] [payment_gateway] Transaction payload payload_hash=UgyezY9dk/Q5di+TMLAB5qXu2Ng0xYJEoa0BPrRkPL/TAPXh7awo7tImtD09p1/zMfgaO/wYASedZSqHov1cXw== processed in 176ms
[2026-08-24 08:25:59] [DEBUG] [cache_layer] Transaction payload payload_hash=B4SM/HWJAdmVNdw42IK+zT+HbsCcUFebJ/sFmBIakFuo6YFq+fD3jxBHBfcPEwLINRytKUHB7OUVxojRm3qRgA== processed in 311ms
[2026-08-24 02:38:52] [DEBUG] [api_router] Transaction payload payload_hash=yx2R4pcephSxaXbaaHsB5n9yo94rgVDnhBMQUWvpwsg+oLxm5KVn9IFXhB0srgEpUuwJlvGyo0zXB6grFLrV5g== processed in 457ms
[2026-08-24 09:15:03] [ERROR] [db_pool] Transaction payload payload_hash=mwIX/8yaBm36zG7r/sH6ZQv4Zom9bpDE/NFtpfB0jXuXDBM340wIYsbq3rQGuD501dP6B10rOHSCMYKvtAqfVw== processed in 353ms
[2026-08-24 06:00:40] [ERROR] [cache_layer] Transaction payload payload_hash=9H+BF6+/gVEKp03GO9bIE+WuKb63WovgORi9Kosmvy1j3IB7TjpCI96VWrDGsylltG5x4blO1bc4C/WM3xGUZQ== processed in 20ms
[2026-08-24 02:49:36] [DEBUG] [payment_gateway] Transaction payload payload_hash=eOZP0Yul85cPwNokFqod49Ydc4IeyFoQwTA7izfUzBfrSmvBWLNYiW057i4OfeyvYfQgvsVFXXsBf47R5jd8hw== processed in 436ms
[2026-08-24 06:05:55] [DEBUG] [payment_gateway] Transaction payload payload_hash=HQWSQBMblI+c+N2V2CTVSxJvl04RVDXQZyKRE8crbVYiI75K2sZueClLld296yl7zNNNFpjfRw9OA1tQ2zzRuA== processed in 193ms
[2026-08-24 05:41:55] [INFO] [api_router] Transaction payload payload_hash=RdTbrCujqp8HP5wSBEVG8cBg/vm8AJGUplV7By3pELmbozmW0ViHfKlDfVhLGez2dW7xDRHt01e7CxsSdoYkwg== processed in 63ms
[2026-08-24 11:11:43] [WARN] [db_pool] Transaction payload payload_hash=DwAXYk2nvUTBMA82zq6au4CSapWvHwvBy6rGFwKM0OuVucf3esEQ8TJROffgTMkG7yRohr/qqZ0R6HufeG+HaQ== processed in 392ms
[2026-08-24 10:05:45] [INFO] [payment_gateway] Transaction payload payload_hash=DLV4NFc7zvx7priI49MqhAsteNdQ1At6w8giKUsuM+IV3Rzjl+hfIBLaBDmdnlU25vzUC+UzntQ+pzGP3zUO7w== processed in 38ms
[2026-08-24 07:22:39] [INFO] [api_router] Transaction payload payload_hash=Ojfzmv2Skqx5QNKybwqrKPe84PWqGvA3utDY2cEcAD2l9cMRgijWIJF9RMHf/hOyxSqigSBiz4mNbN6zl/M1+w== processed in 116ms
[2026-08-24 06:34:06] [DEBUG] [payment_gateway] Transaction payload payload_hash=RaQg/QDmAWI3u+A4xlbWhp5uX9ZVdFoiCI/+NS1knljzGmGjuR9m3lXGy8EzIgPhRoZzyKQg7bHBi4mO2RFaEg== processed in 436ms
[2026-08-24 08:53:48] [WARN] [cache_layer] Transaction payload payload_hash=FRMvVHvmVdUOZAHcVvpuCyzP0tFhTKlkhLP/u1Cu94WyrJ89NlUshFRvzOl/FBu8ii8oqyo181jFwFzCYN6nLA== processed in 255ms
[2026-08-24 03:49:34] [DEBUG] [cache_layer] Transaction payload payload_hash=R2r8Lob7HX7bEbLE2f7Y/UWRTqH/iiVp5koSSuNHwZIcrpSHqeBqhlVqCrKowKyyE5uOo76glqUuv24eI91duQ== processed in 290ms
[2026-08-24 06:14:31] [ERROR] [api_router] Transaction payload payload_hash=/gfTWvTtcpP3P8v17ZWmYBwcKwL05G09h5Wg/z4g1UIW8lCkZxj9Hx0k2GHilkzjhpQGBMeqGJg9+PlPDReGUQ== processed in 88ms
[2026-08-24 10:41:34] [WARN] [api_router] Transaction payload payload_hash=/e13KJlA3OM2mYnoLC1oZw5SYZ6AkQNYCMeSPtLGrwvwSQYZjOCdwv9vCgw9ikICeVHlY52HRDd53mHV3bmpdg== processed in 482ms
[2026-08-24 04:13:41] [WARN] [cache_layer] Transaction payload payload_hash=HMGi3613F5Jy8zvlO10dHlnLGEs7mxta3THpHFr+NED6ElxEI2mYctaR+aN98h2P04UKZNkmCcDrJr4a8tpFUQ== processed in 112ms
[2026-08-24 05:02:33] [DEBUG] [cache_layer] Transaction payload payload_hash=F1h8Xv+wS/zT6pINBTgeyVjMyKjTRI4dto4MyGq2MnmMpqWH+QOm7Lz8sQFfjzvHP/u7R+lttcPrmPGIqnvgGQ== processed in 313ms
[2026-08-24 09:13:04] [DEBUG] [api_router] Transaction payload payload_hash=SDy738Z8B7UmREejRlbvc2nkaxioMAVbFEoJk6eRlvDod7bb80fdI4+VVgG/fLOr8U1BW1MDUuiReDaSufwcNA== processed in 452ms
[2026-08-24 10:48:04] [WARN] [db_pool] Transaction payload payload_hash=X+bW6nnapnKkXZ2Ffoqw0nDK5JbZUwah/pIGigUJ8ke2PfmLzNLPhlHuPPseSVr7JpKUvn/Od+DH/Ygbe1u5ig== processed in 477ms
[2026-08-24 10:31:26] [ERROR] [db_pool] Transaction payload payload_hash=p6J9IPlHqIeDKafhFmrnu901wEV5DzFEFPjZ8af6G0/SxNzRqCKGT114ozHa7XHNcOSsvhKw9UrPGrbMNunehQ== processed in 141ms
[2026-08-24 11:01:33] [WARN] [cache_layer] Transaction payload payload_hash=Lfsewsp+ySdfP5XixOgaFWN2Ugr4IoZFuLwvoDz4rplFshaMKRlXKruydiXNeXA7vgydgO4dOKkbJuNCuNFdYw== processed in 449ms
[2026-08-24 06:43:09] [INFO] [auth_service] Transaction payload payload_hash=iedLAVUiK1zIV+pee6wsxLJ1po7zRpHHM8yvx8+DXp336N+N4e2X2SVc1EQ6VjY1KKNq1a6Z3vE9WoIPGH1imQ== processed in 77ms
[2026-08-24 05:32:08] [WARN] [auth_service] Transaction payload payload_hash=OSEP7qJGfOqfVVKEsTFRfIOUFNrrjDoeFJ+DzReBTo1fCQOPzUaYthEAExPOPOKmAieUDnkuoGsfH9rS9jLwyw== processed in 23ms
[2026-08-24 06:43:21] [DEBUG] [cache_layer] Transaction payload payload_hash=SZUr38ljx9V+fGiLTn6IKSv/kHTsTZc63OOjWDc1MxBriN/+vVnJATJJHIrCt84N/kMhcKTpdRYg1HAW9KiIyA== processed in 146ms
[2026-08-24 04:34:54] [DEBUG] [db_pool] Transaction payload payload_hash=13nR9JP8DPRW2Q3/IWlfYBlLz8e01nr63NnQPgxvr+DkZjwi3WsSqCr7PBMiWQkv3iORzfBeW3w36udcSVtqfw== processed in 490ms
[2026-08-24 07:25:39] [WARN] [payment_gateway] Transaction payload payload_hash=3ESOt22//r4qR9a8VsazhMUx4OX0Eri4Bz/eupVKv6l0sGSX3C6cSx7gqWH/e8yoGdh1V9TRAPoFA65MfZ+pmw== processed in 464ms
[2026-08-24 06:25:02] [INFO] [cache_layer] Transaction payload payload_hash=1ZC82eYsrijCaHdsK3jbvTY4CtDX+k0vAd34/sdD2qakzhouKOnXJxQYHsM5kv4fj0mmFHWcBF+kBD/m/HRyBw== processed in 215ms
[2026-08-24 09:10:23] [INFO] [payment_gateway] Transaction payload payload_hash=Svw/qWTw9ekSac3n2sjyInwwKVXrnjFBQgrikVu0mdqF/0g4mRvcthOlRpW/74W+0esE1iAsN2LfikA8taEfyQ== processed in 335ms
[2026-08-24 03:05:29] [WARN] [api_router] Transaction payload payload_hash=DJdXRCMIe4n3WXVO8x3fdMEVExOTGSZ0xm4f2ucbq4kKi1wmVtRkU5KEHPjtHEFIyPD3wMtSLAlnDqAJ35XdIQ== processed in 274ms
[2026-08-24 06:03:30] [DEBUG] [payment_gateway] Transaction payload payload_hash=qdmvbolHQD0VImkLdpS1CuPMx16or1pf9M9A44WLQKacVoQE6bUdG95zOAm/UyV6zgLRko2jaMUtMjl7zNKhaA== processed in 402ms
[2026-08-24 04:36:02] [ERROR] [payment_gateway] Transaction payload payload_hash=lY1a+e+Z5svGnYgr3LmurjSXPwKn4ZE09Ri4C84LR3e8YVLJ2ht0QhAQ7eQOihXog+h2vc7SIo2NMcvl2U3BlQ== processed in 86ms
[2026-08-24 06:56:52] [DEBUG] [auth_service] Transaction payload payload_hash=ogCR8K7RZ9ZQoUmUyoUaLC0eNTftnzbkD8Ymvc0vk3yW1lXBKUzXA7vkAF0cO6nmQdBaG5L1IBmJSOkFp1Ql/g== processed in 471ms
[2026-08-24 03:15:01] [WARN] [api_router] Transaction payload payload_hash=wu/6zrnqlwID+hjiYoALA8B9Sp1JxC7Vdd4nADgGDCL2O8l7hS2F/ZsPH1Nrg2MxmgvKajROtYY3KfMim+0LGw== processed in 223ms
[2026-08-24 09:04:06] [WARN] [cache_layer] Transaction payload payload_hash=FEF3XT3vj/jjF02jKYk6WMTczpOCEv44lZJZ1Ka8qI2Alp3mbXdQ2Q+uVAZtJTRsY3lfYa3JRDrk6k4JgdVTlA== processed in 199ms
[2026-08-24 08:14:07] [INFO] [cache_layer] Transaction payload payload_hash=FAfj7jmwVQiWKsmES6c3jZIFktFnLS78PGPwpFRAimOK6VCe2ibkubrj7aL9mlseq7eGGavW8i1VM+kVJ2i5SQ== processed in 243ms
[2026-08-24 04:04:49] [WARN] [db_pool] Transaction payload payload_hash=Gy/Nf1uScDhWuT8N3VPX/p03/+nTfCjF3XBI72wzYA5f8hPFlp7CWajlKoJ7MS6eHrg8/L2xpSLfefYrnzecJA== processed in 404ms
[2026-08-24 08:21:12] [WARN] [db_pool] Transaction payload payload_hash=xiPv5sTxVPahs9dnP3SwbNyRDHEfdSJwD6kfwl6UAV9UqdFqySFkHzESU14ITeKBKRF4YODXNlCITMBYqf3d3g== processed in 193ms
[2026-08-24 07:42:34] [WARN] [api_router] Transaction payload payload_hash=1OZSe/PPDymnYANRiJfyIVsxKlKir5n/7agZwApgFsyb3E7ltExcRGCcAtaYkaQtcs/bldwuc8pPZuf4Ljx0Vw== processed in 15ms
[2026-08-24 04:06:16] [INFO] [auth_service] Transaction payload payload_hash=9SVr2cbJHx/W9BVNOUQZXixgJZmPMDP8mTHcfGS0JCXdWMB6fpetJzWyEHEOcP4dMGQw7KkpZiv++rIHbXVrSg== processed in 348ms
[2026-08-24 07:33:27] [ERROR] [cache_layer] Transaction payload payload_hash=C4SMTDo0wpsqvi5MYChD6XLGn+qlH2Kl1qdeUXm/XZ0om250aOH2gcEKo7cdDMFpj1EJ4JaBDDNKaUMgaMvlQg== processed in 475ms
[2026-08-24 03:29:03] [INFO] [api_router] Transaction payload payload_hash=/2XMe4JlIqQ2RkxHP85UAFtVtQ98im/VoTFxZ1KoFpbE+rQcb2Kc1bozEfU+H6y0eFOIz0PC9hFT2nJ9qj2hsQ== processed in 427ms
[2026-08-24 07:45:33] [DEBUG] [cache_layer] Transaction payload payload_hash=Xxaco1/VJG9duARERPniRyJrTVq/M26a4Q2NTR+9PTiHl1Ufbhnxq1hzonscXR30+qNTVwB0/iNYvIulHlj96Q== processed in 21ms
[2026-08-24 05:33:09] [DEBUG] [db_pool] Transaction payload payload_hash=E/1lYaBznJbRKF1Co8pCn5Aw/tWsUEk2/6EaX5KGr/IGuPBwMG75TsQew7yBeaHo4M2hHLYEsOwG4iD59P/Dxg== processed in 62ms
[2026-08-24 05:18:11] [INFO] [auth_service] Transaction payload payload_hash=xB2DM8+Jgcol4ES8sIKS7PryEQGk8qUtmdn9XHzQMFtXekdc7HJYj1d+W7nvhjEGBsOI/6+mk1NgoEQmmlgz4w== processed in 290ms
[2026-08-24 03:30:39] [WARN] [cache_layer] Transaction payload payload_hash=zXxNUAHYDoryqu5t/+cvsqfnpNvRiBsKoS57HbvP6TM6TGCSSfnmgbDbjy3g5DE0w+o2Qtkc7jOsexj5hfFo6Q== processed in 40ms
[2026-08-24 09:21:34] [WARN] [db_pool] Transaction payload payload_hash=wLs5CIuNXaIN/eOEOrAf34r9oZRx6P3PMGTAba/p6Tdy3MjzpVPhlDpAIRpndSubFedWBiBoLUTmUbmSU6VBAw== processed in 443ms
[2026-08-24 09:14:27] [DEBUG] [db_pool] Transaction payload payload_hash=cLi0EwkZdRAMzyGq39JdeaP60L77i1nZGXmOiNtC7SaMmhKjULrrN1aGM+WS8Hn0cHRynyiC7zpNuLsc4McyGw== processed in 376ms
[2026-08-24 05:49:39] [DEBUG] [cache_layer] Transaction payload payload_hash=rvYTErXzOtU8MGjB8XuvT7OfBwUa/425/e5sZLexAypnrkuJTJnMmDBLP30sZCedmqbjhaIp5IP/RdbRYm84WQ== processed in 197ms
[2026-08-24 08:44:58] [DEBUG] [db_pool] Transaction payload payload_hash=B3lX1hbHO+nk6bTqwWVYo4pgd1UV7igfkJkRjWgchq/TcBoYoAe2VA8GF9w3GB6uU3eX5VZ3XpnR/2FmoS3elg== processed in 183ms
[2026-08-24 04:46:32] [DEBUG] [auth_service] Transaction payload payload_hash=R7mXWH6TBJILrzyCAdiRwJPdxo1JgSnz8PXw9KVsjezATPg2M2DfU6Rdis45oOSzVPv+4OICkPCU/DdLxhUY+A== processed in 66ms
[2026-08-24 09:41:13] [ERROR] [payment_gateway] Transaction payload payload_hash=h7ek2pvyT3aOH2MZWTyrrJRaFanp1cUlw2OBQdYiEcHaeuUdL72rbPzAlm5pPPNd3oxXvV77RtAQ3BDgHcpU7A== processed in 287ms
[2026-08-24 04:22:47] [INFO] [api_router] Transaction payload payload_hash=VyEjg3WWCxfKE6e1kLSGogabzJSWh6amO0F2sBhJsMrL6DCe3vHQc7tbI90nD2tjZwB0rVpd6e2M1ksXPu9grA== processed in 69ms
[2026-08-24 10:05:39] [DEBUG] [db_pool] Transaction payload payload_hash=u9epq1EDIAacE65iluqVbiShpH7WZcMt2+BU244N52E6ipatDj5TYoSeDEpNAAQC9dLDP8Gi1x+NElwrvt3r9w== processed in 469ms
[2026-08-24 04:51:09] [WARN] [auth_service] Transaction payload payload_hash=6X6PhlTxQCvExk9Zr6kx06u1iW0kR0IcR1LfhGBHC3u06FPlVJ1y4Ozj+cdABV4SOjWCEua8kHX5PtAX5t/pEw== processed in 337ms
[2026-08-24 08:31:32] [ERROR] [api_router] Transaction payload payload_hash=uwV3P/Z5lPo/cQOXVEEaWZNTut1KSnZBMDk7Jk2Tz62QNqZgMIingJ/9JrushIs9dYq/Lm/YpWW7I6PRg7Hq7w== processed in 348ms
[2026-08-24 06:41:42] [WARN] [auth_service] Transaction payload payload_hash=dtaj9r+uZzYBg0LVx8Ah016Jvq38fV8LKVICljOvsAPdSYh1lJ+yegnoeadjcHqsa+9SNwTb8LvOBmqtHWQpdw== processed in 210ms
[2026-08-24 10:37:30] [DEBUG] [db_pool] Transaction payload payload_hash=WbymgNA3YpUOgSvsXxnH2YH/Sx0rOpHjx+mXk1YgaAM4w6ahvZe0TXMKt6V2cdSKiPyTlYr8qltKH3vH+WNdXg== processed in 137ms
[2026-08-24 10:58:40] [DEBUG] [db_pool] Transaction payload payload_hash=BJSy7aKPuWu1xPLFvJdBqoXuNIIyxzqHQTiX/375wZX/UCi1C8Iaps20Ufvf0cAgpTU761AxdAXvBGFtCCfHPA== processed in 353ms
[2026-08-24 07:32:59] [DEBUG] [cache_layer] Transaction payload payload_hash=48jbqXdlky2xgd/YmeoA5UV1W2d/lAjayzAaiG6t65cxvnOjpwCyuXjxXe4I/XF5grmv7xAOVjyCKXD20jl6xA== processed in 153ms
[2026-08-24 05:23:04] [INFO] [api_router] Transaction payload payload_hash=+IuV8rRV4q/15d8Ue9M5yvlQf30hsifBoaArH5N7fQWOP6HYmoXTGsn8DoQTc+IhSuWDRny4/yzoTm1IrBvmiQ== processed in 454ms
[2026-08-24 03:47:29] [WARN] [cache_layer] Transaction payload payload_hash=u4JR93mHmFNLYXjecG5xpswHEMJeAnd3K7sx6wAOvOU5QlLc1dohjfhQy9sOYOBN5s+SKhQkLaIZYlWnhIKKkw== processed in 92ms
[2026-08-24 07:35:09] [ERROR] [payment_gateway] Transaction payload payload_hash=fL4+/qcgGHq60TXUzKYItf+GVzWcvXUdP2vp0+prfXsEeIqxJK30vGyUt5VYDBW9HznolPpHmNF/GTfT4y0hDQ== processed in 317ms
[2026-08-24 03:28:29] [DEBUG] [auth_service] Transaction payload payload_hash=biqjeEFPgF3yltwiB+ispBT4gytAHO+gTAzCYK6TfxeSbhzMUDdktetTG6gALcCaDXLKZoXQiML14rv9cckcGQ== processed in 37ms
[2026-08-24 09:11:37] [DEBUG] [api_router] Transaction payload payload_hash=2XugE+VDAeOSuqawCyhRQiau+ZtjPYwLSz5sAKyfU5iS5KOsM7nN9J1lcZ0CVZLVrWDkFuWC6QkhNY/aORqHWQ== processed in 416ms
[2026-08-24 08:06:54] [WARN] [cache_layer] Transaction payload payload_hash=xwcm6TAL9zG/dHtFdeR6RyIGCSvfHJnluVtKY9RVm7UfyIJ82XsG0GbtqHzFrCteCm7aQDCB2E9CXZHLdaCNtg== processed in 23ms
[2026-08-24 09:12:15] [INFO] [auth_service] Transaction payload payload_hash=C4gL2HDt5ToQZG/jQ7wwJTd4quCCu8wmsWdfnS19j+cFw4DkmQGqj30Rj6CSle7F1Sg1tbz11zj/WLQB4/2qBw== processed in 360ms
[2026-08-24 02:59:08] [DEBUG] [db_pool] Transaction payload payload_hash=gMifrhE2UxnEqYO4/twG5Eo6qJxEfcS7AZLeGHkd10jflJf4UAb9a2BqNEOIxVmCQiSZQuR+UC2sxTXapxynpw== processed in 118ms
[2026-08-24 09:45:23] [ERROR] [payment_gateway] Transaction payload payload_hash=+2gDbr9dtvc+/v34bZf37q/axKZnAkPBlUKccQz+6MKrin4EjGqCh+ZnKLOvoCibBvgvG1U58N20IZ+5RkUk8A== processed in 93ms
[2026-08-24 02:29:31] [INFO] [db_pool] Transaction payload payload_hash=U6NmVyyMTa+2E6kVvup7RdPN4Wzowqmfh2RKWkl5EycIyFUj/sM/WPqn0wp4x5b+CCw0RHcA1PF7/nUz1VwNSA== processed in 277ms
[2026-08-24 09:55:58] [DEBUG] [api_router] Transaction payload payload_hash=w8Qm5cTTkrmvFrHuT9Tgujna4k0gr9khcWiJo9c89tFgwt/7BMSdSqts3ODhGp++GIrBMV8pRNzz8LnVrlL/CQ== processed in 361ms
[2026-08-24 03:42:02] [WARN] [auth_service] Transaction payload payload_hash=PKU1NqdeJEBKkHFgdao7ZfgBWtnEBRX+HYWN8mvzWzXpYRFUNt3zs1RWEdblEvMKU5lUxQBokgySMj9OhKFuGw== processed in 160ms
[2026-08-24 03:28:53] [DEBUG] [db_pool] Transaction payload payload_hash=1gho1optD3d5ECM04nINJ2bLPXw9UTlN+crADybGX2qTIIF/y+7hSiPWuFJXXbE4P1UDgKMP0Nij/ibnPLwuVA== processed in 64ms
[2026-08-24 06:18:45] [WARN] [cache_layer] Transaction payload payload_hash=/PtXuCCO66inudl1eJfptrvFjd/OIISoyE/XcxcoGrlTtRkdUkVDcufUoDgoFOXR0skH7ZqCAuHt1aSv7DapAA== processed in 255ms
[2026-08-24 02:49:28] [DEBUG] [auth_service] Transaction payload payload_hash=uEXkTowtUkB4mEI7Qp0InH55Na5rpli7EkapUgfmHg390EtZSss43ZBSfEmfii0aYqCUQjVJGBPYLb5tgW5rmQ== processed in 354ms
[2026-08-24 06:04:07] [ERROR] [api_router] Transaction payload payload_hash=jQ7KLE6ghEKrMqBJieegGYG0qPEL2zFll4iANK1Mg2VJTlA4ypBsfLlNIIT1ivJwh/v+aTIFTvVQyYY3QnNWdQ== processed in 35ms
[2026-08-24 09:47:16] [INFO] [auth_service] Transaction payload payload_hash=/zK6fnfbwwOxvrgPgYj385Htk0Eb7ureGDUXk4lU4DrzBMZhWuC4PSkie7PFPdjYQH8cKdV3Iu04x3F+llFxFw== processed in 137ms
[2026-08-24 11:06:09] [ERROR] [api_router] Transaction payload payload_hash=yDOMDNxxykcoxLwQ/7kybhYXNE/psL0dgZLg7l/wtm2vJ6PxdW40PVGmbXbN898AdyNgrBFoeje49M0xjdmz1A== processed in 303ms
[2026-08-24 03:14:49] [ERROR] [db_pool] Transaction payload payload_hash=aP4oK+lJxzqjD+Ft6ystjHP/F0ezVWwhNx/Vm4yIQZCYrfpK837IIuTcAQhN2+n2E6WihsO8SFksTuhS2sMXzA== processed in 384ms
[2026-08-24 10:12:22] [ERROR] [cache_layer] Transaction payload payload_hash=jceYpw3MAnMkAAm0meMQbW0YeFCUcSueZp+1rWezyBRXF/CU7f6qKbocVhIExY9+nalv1ci5LYSloOTYQsI+FA== processed in 57ms
[2026-08-24 09:53:53] [INFO] [db_pool] Transaction payload payload_hash=P1qlpqEH7wZRe9x3wjb4egMzkOmhzyg9qhUziIUndJLfhb5rwqx99wav64ba82SUUMdE+HMvdtfeaYzw/C0BRA== processed in 223ms
[2026-08-24 04:12:47] [DEBUG] [payment_gateway] Transaction payload payload_hash=w6GO4VBC3kWfcapVudyQEkFhLzyrZ8bWdxOspE/lDRnwiGS01bhbjD0VcM4bnwyKI4MLARoJCUMBhV/PCBRyPA== processed in 236ms
[2026-08-24 03:30:00] [ERROR] [payment_gateway] Transaction payload payload_hash=1VItECZioGbTwmDvGRyYi5W1EWg7MkeGikXewOG8lLU5rCVEJeeEdQCPtiG807zoJHzV3UkVUITMKndpvsgmJA== processed in 352ms
[2026-08-24 08:41:39] [ERROR] [api_router] Transaction payload payload_hash=+25GoUnNOCYQTTki/tDaopdP8kupCq1vf6snv+g6iAZ6yHw9XdQMnz8U87h7Tg4wqjFDwQbzTu3EHS3bD1sYAA== processed in 131ms
[2026-08-24 04:21:45] [DEBUG] [payment_gateway] Transaction payload payload_hash=Xl6sgU4VgxZdOiZe7q2LG6t4zpKxhqo5Avh7moJqQG0tB/ZOaQ0h0jnO2RNKn2jMSYxSIyyMESHTywQyCyMgkg== processed in 294ms
[2026-08-24 09:19:00] [DEBUG] [payment_gateway] Transaction payload payload_hash=tcI5I0fz0cY147LZZjm951YMgYycw0CRXxcwNcN+g2qQhe/Q5s5wVpi+6wMKy5nkKKTGAzrqrFhz2PaPhhfLng== processed in 425ms
[2026-08-24 09:36:34] [DEBUG] [api_router] Transaction payload payload_hash=aJW+VZvm4qIh5MgSA9xSd+EuRhMD2J3L1U0BfbkoBssNryUaCMwG3s9kxYCpYBh2eo+KfykR1YXds2SRsgCz0A== processed in 388ms
[2026-08-24 09:22:07] [INFO] [payment_gateway] Transaction payload payload_hash=JLklRSaxcdKUyp53P8+E5DEgd1K/AV9Jp7lxh6064nolZdkdVYnSEQL/sNA1+J1HM7pbfg2w7NNVZ0k5WxSAZw== processed in 110ms
[2026-08-24 05:14:15] [WARN] [cache_layer] Transaction payload payload_hash=Q3ctZHMqViTIVLJmY3BvxbXZrvkxYp18Wt862Fd0QNemMWhzVoeZHZ8eFu2+/bnKuu0hmY4e65yPjj5/eYN90w== processed in 20ms
[2026-08-24 11:13:09] [ERROR] [auth_service] Transaction payload payload_hash=JmPS1QSPKofExc9fyUK2Hjrz/6s4EJeW4wvFn+vgAyO5V7bOnKdtxjxt2oXqi+xWMJxz+nD7F/Fd0lGMKn2Alw== processed in 474ms
[2026-08-24 04:42:50] [WARN] [db_pool] Transaction payload payload_hash=MT37bEj8o1CMeE28DT0YrGpZOuQw832ODvIZ9y98epa7kkHzqX2WsUoHJbCG8PJ/XZnGLvpymjmOPC9Qg5udSw== processed in 184ms
[2026-08-24 07:01:40] [ERROR] [db_pool] Transaction payload payload_hash=mWCU0CpL9MSxQS9jRkeQgLXhAfJgW9229r3x4gLZyv/xVWgFExKDBcAylIPTQzNT6lTu60vckgBwZO4LIOP5WQ== processed in 246ms
[2026-08-24 05:51:49] [INFO] [auth_service] Transaction payload payload_hash=KQwhNaBQ/+VGtolc6bh+Z41FQyTl4ZaxWQ33cIfJg9yQZmu/2P4eWw5KwG6wEpKiuV+04FQAK6CITnUXSGBSgg== processed in 139ms
[2026-08-24 07:08:18] [WARN] [cache_layer] Transaction payload payload_hash=PYqiDohueHa6f9P6z6ZO24TSKRpcdleunqT8lEzUAPSh92NgYwoWDifQteXWAqOG/MgjEwizsbSaPyEVxuLbFA== processed in 465ms
[2026-08-24 11:08:26] [WARN] [api_router] Transaction payload payload_hash=avaCs1qQ+u9QSM8oOEzJrUNKOa8PsujPnPiatKb9GVUZuaZYEAdw3yIpIBbI2BcTAGxO7ZA+WWMQoOCkWU1YOw== processed in 497ms
[2026-08-24 08:09:36] [INFO] [db_pool] Transaction payload payload_hash=iVzO7zmPhF+ldZC1hc6ou5+S2Y02psCYYqRJtYXZoZxkX4iH2udjBa/3JXU+MtIDMWmq3eO/DrllnsNDy2oW1w== processed in 34ms
[2026-08-24 03:54:45] [INFO] [cache_layer] Transaction payload payload_hash=1hWxEchlkvlPU++RXQ0jdTfwcAPnIhfL60eh8vrJ50KjUnhPW682JJx+H1buftWGxvHSQjXlGYwr6T+Lj0Jibg== processed in 191ms
[2026-08-24 09:34:00] [INFO] [db_pool] Transaction payload payload_hash=xEpJDxYeIZdCKeTCbhdddZ+Svk6ekFjx3s9oAtNa2Zg1S+QgMIEPiVZqoejSSjyV12JwLGuaulqfuex6yfhDZA== processed in 178ms
[2026-08-24 04:41:54] [WARN] [api_router] Transaction payload payload_hash=qWb0mMCuZITndT1A5NRuCmglm9STH3JDDAf/unOeV13hJH2rl+vgIka3UKQAo5pPeGQhzJq4o9KGgHNyffD4dQ== processed in 300ms
[2026-08-24 07:29:15] [INFO] [api_router] Transaction payload payload_hash=blvDT8xtyLOhXzJAEAhQHis0blL2j/U+3eebNlYfE6gGN3UCJhYEVwcNKHthwf8uK63wOJGn866eXXJOAst7Rw== processed in 323ms
[2026-08-24 09:09:11] [ERROR] [auth_service] Transaction payload payload_hash=yHH1RdIVSsFt2LLi8j/4Cv0tq9Z8TH8jKeXC2Yskacb8NkrNqAjC26DHio2EEsKX46xwSPFnncYNfWWUqdg52Q== processed in 343ms
[2026-08-24 02:57:22] [WARN] [api_router] Transaction payload payload_hash=Qs99wrWezYKKN8JrbCOE/bk1HnTQZibmbBokD1KB1nGpVexmZQ0p+iJNdZBv7Q+nNJ/vXUZRKrBLgnipi8GghA== processed in 176ms
[2026-08-24 08:41:06] [ERROR] [db_pool] Transaction payload payload_hash=bQnS6y/BBMU6xfocPVWBloZQKaN5CWfnrWwAbtG1xiQket+B0dshtHU7YLFr09Y7TaqEZ1qJ8ujYIr49Cfxq0A== processed in 267ms
[2026-08-24 03:34:19] [ERROR] [api_router] Transaction payload payload_hash=4DAuly1lWB+ATYKM23m6pTJR/vlAcfne4YxuUki8H41GEbLqvRh06p8CgKi9E+FwNorl7EIUDYxAAqErYv7U2Q== processed in 439ms
[2026-08-24 09:59:32] [WARN] [auth_service] Transaction payload payload_hash=VLljhMI+R3NJsy+nh5LH1paxw/9RCiSiNOesWoJrHCL+RDDKnCycW3TmqmcIpI3sJ/7fdZ5BPhz/J2R4UEBcRg== processed in 126ms
[2026-08-24 05:59:38] [WARN] [api_router] Transaction payload payload_hash=F4pdY4v/T+C6sHjl4oPm4DceMqnHSn78cU2qEzv8QESoGz+MdAU0dyvRqEBkbDOfpYlArAexyE13KHEdJp0c2Q== processed in 217ms
[2026-08-24 07:31:04] [DEBUG] [api_router] Transaction payload payload_hash=vlm0zsInd95/5vaoHtbnRZSc7OqgYIz9y/KlnGW/aIbIzOxdOBv4QvcN8yOzGMNK4ei8Fhlj+Ps8eRlke694DA== processed in 314ms
[2026-08-24 05:14:19] [WARN] [auth_service] Transaction payload payload_hash=670GEKwtCk/pUH/nk+OdqEaEpmzpg+vqLvXjic2H83r9nRKUu2gfzRDLNzItSw6ifHXEExMN1yUSQIWibBPNYQ== processed in 71ms
[2026-08-24 10:20:10] [DEBUG] [auth_service] Transaction payload payload_hash=uzB/UzcRV4p55IN0z1H+Xc5NGqUXQ80GKv5Ld3xxlh/GF+DFspaRZ2DQLHPqyBcfhELU6Fq4+szphY5vlgBpUw== processed in 204ms
[2026-08-24 06:18:06] [DEBUG] [payment_gateway] Transaction payload payload_hash=pB7ilCC+YtGJAeC2Dr+05wNdiz/8QYHDN4HSvSNNAEqUMt7KmaZ7OgdGk+JVANlKR/EQpOK3z/B3RWM8B5zOFg== processed in 437ms
[2026-08-24 10:35:18] [INFO] [payment_gateway] Transaction payload payload_hash=rg85S4q13o4H+lqcfx5HTtZZjvKonU3o2Mp5vwn/FddcKa1IdJqjYKiLKlPEWOlROJ75Bk+sVL1hwmi1q8kjNw== processed in 95ms
[2026-08-24 05:55:44] [WARN] [cache_layer] Transaction payload payload_hash=M0dYwZu6N+4Z1YDew8pC1ph+e8NQk6NJacHE64bfus2nfwNjDgFpPCU6cKQj+czxomgfPi/Po/Ybr4A4NQ58PA== processed in 27ms
[2026-08-24 07:22:48] [INFO] [auth_service] Transaction payload payload_hash=kYSVz7njhD7ReOo9tjGYMCNt/uRoyMvac+RZk2eunKW3hlhDyFjQTab0kt+7GMUczxqauGNvLWMhJcnmb9knJg== processed in 498ms
[2026-08-24 10:18:20] [WARN] [auth_service] Transaction payload payload_hash=CZQLyKMlyb9QYuigYrycSYIAIgBhSAbaBNEAEcb1BdbgogsphxrP0+KTtCQQBuGa9QjZPJviJbAR8R3h3WJIrg== processed in 30ms
[2026-08-24 03:21:31] [INFO] [db_pool] Transaction payload payload_hash=R6fmYdCBMrT+Ovtu8isDXdCUE9o6q6laO1xJRjTApvKFXIaEbyZFdih3lZkqz+PbYYCL30dmTXuUROhNN3z3Ow== processed in 50ms
[2026-08-24 02:37:53] [ERROR] [api_router] Transaction payload payload_hash=V/ti3chxqGPXC4oK7+gYbxqoCxFhSJ6CBQ6+Ky+OBJqHK68K+4fIUM3NcLYb6eQJy/5UhO9EEw6rQzsEZq8PjQ== processed in 422ms
[2026-08-24 10:09:32] [WARN] [payment_gateway] Transaction payload payload_hash=vsz2DJtdPkJwDHWRDTKhQCVlsHNd0BICzAclyQAWfITaqCNK4wXrhXKmRJTZxAUTYAOal5ji5zo1ngAm864sTg== processed in 364ms
[2026-08-24 05:48:02] [ERROR] [payment_gateway] Transaction payload payload_hash=w/Yae+pv+33dhQRTZ+ntvH26SQOzS+GqNWBn0dvboTo7/OIzmmH/NVBv5rb6+/bSMgLQFV2HQdGM1NLGSCty0Q== processed in 460ms
[2026-08-24 06:28:32] [ERROR] [db_pool] Transaction payload payload_hash=2eIh1czZv8w+2rEWBesKDsyo5GmasLrGuGyI08kb89nfaI1BhVNqUE5/M4ZKMGO4BGQJ5ah8yJPw9r2xoQkwmQ== processed in 122ms
[2026-08-24 04:02:19] [INFO] [auth_service] Transaction payload payload_hash=pgYfLTDiz1gyZqQfUupWSRzs/ZDl8FkHzORSvvKQY98Bn2e2yH2a8S7yvmSh52tYKkpBuGd1//95JciwNrnlCw== processed in 166ms
[2026-08-24 07:27:58] [ERROR] [payment_gateway] Transaction payload payload_hash=XE9C9drQ8k14v/qNeFx8J9c7RDlnaQ0rGkbLKYmMVMNDenspGI0OLgmhhZOxLW8iDg3TnMqlx0qBKgExoI4zNw== processed in 332ms
[2026-08-24 10:02:56] [INFO] [payment_gateway] Transaction payload payload_hash=c7/YoSwaNG7bTCqXMsIhL3djvdX2S7LEvGiPmZ2xib5RzYi3fD26AGlwalu6IqL49tUHY/6+cd0qdgKIWGw2HQ== processed in 487ms
[2026-08-24 03:55:52] [DEBUG] [db_pool] Transaction payload payload_hash=Ry7aXthy7EhokuN/yvZRJMYAOHoRL79qQp1zQ+xIjpCFDrR5oTzgY3Crj2kBuK5R0eO6j3yHZCdLPGhKPrldDA== processed in 426ms
[2026-08-24 04:09:18] [ERROR] [api_router] Transaction payload payload_hash=a0L+tjs/UQqY2uO8v59jIVf+qbrSUYWHXr+RtIaycdpJioGgFusJG96ea8/T6VKK+bztMNkeYlJL7976IoMXYw== processed in 261ms
[2026-08-24 05:35:01] [WARN] [cache_layer] Transaction payload payload_hash=NIYgMK0lKrTF7Njp4I35fk/UYqXzYB0QAQSjKjq0vJzigMZ3WqZphu6Nle9iGSsbP0TT4jNfCUvQIYUIadHRbA== processed in 281ms
[2026-08-24 07:58:14] [ERROR] [payment_gateway] Transaction payload payload_hash=2aboduVVK10R+dWV8VxoXtTT54bfWPHaOJZfJqXOhEb9xlbY75GkJ5prQS1rVHeAI4h01HDkDlkFxdKbdhf3YA== processed in 80ms
[2026-08-24 07:08:12] [INFO] [cache_layer] Transaction payload payload_hash=oEzdJfvuJg93bOaEfam84vZ7aNtBzhY0vg74zOHroZZ43/i3+aW6A6i8nqgyyxPmrB9zjMPyPw9JsSvJ+eLEAw== processed in 134ms
[2026-08-24 04:18:21] [INFO] [db_pool] Transaction payload payload_hash=y1i1xeFvMOjpJPRVFCXRO9eV8zyXZBJ+zUmM8DkGlhKFfxD13abEqb3/2NwtaBHfBgzMDGGgaDYDobPX+edA1Q== processed in 156ms
[2026-08-24 03:20:20] [DEBUG] [cache_layer] Transaction payload payload_hash=37F99JKA4i8z+AFY36NBv6AXv6HOFGH7eV+fLuirk7CoVwAyzuKE0kXXCXrXnZ0RWWvj3zQjtgnX1dEZmvmuow== processed in 103ms
[2026-08-24 09:06:10] [DEBUG] [db_pool] Transaction payload payload_hash=w+XbrujB1uL2Wt5eD+vSpU3Uw/h0ZGoRolqLgVDd84fxkG733KnXBjnkdgnt7Nw5vCGFI3n8x2VVAYVj5AOVPQ== processed in 219ms
[2026-08-24 02:23:02] [ERROR] [cache_layer] Transaction payload payload_hash=gY88dZrXqxo+aNCm+YtwxyCKHfJGJJS0AOv0uymn1i2seX+sxACm3ckuxACV8wxCNfJBkX6UotLnyGW2s6HGGQ== processed in 62ms
[2026-08-24 03:35:47] [INFO] [api_router] Transaction payload payload_hash=eWY+HhVcPlxlahn+GO+Sr0GMZOoiqAGdO6ylcarwGGdSNm+EZtRdTbVZBufoyyXANp54yhK3Sty7CjKuL38zkg== processed in 27ms
[2026-08-24 04:10:46] [INFO] [auth_service] Transaction payload payload_hash=C5j+gEtJEthCe+B42XZ1nDV26dy/HK9ahgvridgW8bkB7dySXhpEhVgF/FrlB0fEMa8I4EdJ9DE8S9TAtTL0Ag== processed in 116ms
[2026-08-24 07:18:46] [DEBUG] [cache_layer] Transaction payload payload_hash=zWRBfcWwggIqw/tSPdrcdFL2FzcfXvqMCnhqmemhh7mFWnfLU9ON2uGamXuoA7R0iXlp7e1UpbNKgli/hitj+w== processed in 28ms
[2026-08-24 06:49:49] [ERROR] [cache_layer] Transaction payload payload_hash=+gdz6QI9HWQHQMkHhY9XXAQKl6GT2b4/By6LBjLdAC752MB5OUHP95Mk2RjJWYTiCbo5CAtCro7AvmpfIJ8nYw== processed in 474ms
[2026-08-24 06:12:58] [WARN] [db_pool] Transaction payload payload_hash=v+I1GMvRgO6x2CD63iJZzJ4Uft3kKQl1JWN/NafuzUBHOtApzp1NrO8hkSqqmaRjcdEsJZqQ53biQQNpHHcHIg== processed in 158ms
[2026-08-24 06:04:04] [INFO] [api_router] Transaction payload payload_hash=c0k3xsZTsikxj/PRLhRJBl7SlrPg4ytaicG1tozXPn1lYqitHx0EjTOrXp0oQjos8aFQ1+Sly41PdOCxZKmpBQ== processed in 243ms
[2026-08-24 09:36:34] [ERROR] [db_pool] Transaction payload payload_hash=QFGqZiV6MyL1fZ8qMTdAaF59e74Cu0lOSUOUw9/aoJnxlSiudRHIo+nYS1MybSsJIkI8+dDr/SEw1n5l7aahHw== processed in 16ms
[2026-08-24 11:07:40] [INFO] [db_pool] Transaction payload payload_hash=SQlELskA44OMITu6pzkIFpdC+mSzJ0tLmz7HCHUmZVxDqJSshQodvmD94k9RaFletIHBqdw+Ogo70x6OngT3pQ== processed in 368ms
[2026-08-24 10:26:01] [ERROR] [cache_layer] Transaction payload payload_hash=uq5Ri78j0NNJcZMyZJ0nZg5UydjLP2C3rkQX5E8ZUN4aMFT4yiWEDtXuVtdWxqTUH/DKEcoZbUCtxHt7rNB7LA== processed in 233ms
[2026-08-24 08:08:21] [ERROR] [payment_gateway] Transaction payload payload_hash=2c8VjVJhbuc/sehzYkvueToEWRTcJHqZhudxXyb1OcZd42a0MDvcugF3GKDR/fQS1AugBcSFmtSdRbO1AwyvTQ== processed in 491ms
[2026-08-24 06:08:30] [INFO] [db_pool] Transaction payload payload_hash=AvExGoNlqjjfJAyX1pdFuLbeQeIlOTvHsMhfpWVd0RN/FoGEnEJ0nPpB3q1zhjf4zPyUHj59bWQx8OfcK/R9yg== processed in 235ms
[2026-08-24 04:44:04] [WARN] [api_router] Transaction payload payload_hash=6L7hHBRdhBfZ8I09SC8DDG0k6WmG2b1JihQ8UjIy9dCzQOeJTpUcu4us6fJIfJg2R6ejsTkTbrWnVpbOMDdXpw== processed in 52ms
[2026-08-24 03:00:04] [WARN] [cache_layer] Transaction payload payload_hash=qZE7Wgw+f41Kq6qV5Qjbzay5jf0aOtrVb4N0Bspq2CL55wVWKQhPPrjbm7dlxYlq+GlWbwV3MPnmt1fheD5AiQ== processed in 363ms
[2026-08-24 07:33:15] [DEBUG] [db_pool] Transaction payload payload_hash=bS4eV/Od+Yh1Ly0tpTY+gwo4rwgt3v6x6GMTS3ufNcRY1ZPFAO/tWvnYytiwq6SHKwVFhydaNEI+I5wU5jLQkg== processed in 290ms
[2026-08-24 02:53:36] [ERROR] [cache_layer] Transaction payload payload_hash=qe4lHo4Np4IvIwjdsL2jnsc/n8r8sOHxQABumFH/Ml/XmsiqXJov5Ib+w5RWvb2gHGw7RtJ+Ns4Let12AOgCww== processed in 161ms
[2026-08-24 08:41:01] [DEBUG] [db_pool] Transaction payload payload_hash=KF0fak4aD2gErYgtq9SHLjDSrkFmKjC98J/KXtsvuGOkM2J8TMt8OAzM2Vn44M7PlgvrDTU7X7ulnxS0BBNgKg== processed in 50ms
[2026-08-24 02:21:41] [INFO] [auth_service] Transaction payload payload_hash=9HlOnNS+8ZcNYGrRy2rbtz23RZM8WoV5/OFVeN5FUna3QgL8JFzTj6enXUEmXK7m8IzKd9H6gH03xwZdMjiV8A== processed in 367ms
[2026-08-24 09:31:14] [ERROR] [auth_service] Transaction payload payload_hash=hVx5zU1yz9GPr7+/bJLm2LgrQ0ZWdNC2munxHcMOBYtZpkKMqqbUrnnbdF33CAOyTPHKH/fdEDO3e4ap8Ah0og== processed in 295ms
[2026-08-24 11:21:24] [INFO] [cache_layer] Transaction payload payload_hash=BNv1mfjC50HcUNnT7cBQGx+jdSIhSlocvPdrIuGWbZ4XS0GHeDEadogAN6ICIO0m739X4ec+o/3wEgKs2K5oXQ== processed in 113ms
[2026-08-24 03:40:46] [INFO] [api_router] Transaction payload payload_hash=uGOK8YF7x5fOvjcBGbulFBmAd4+tlayQK/0bzKXHXhbjC9R4g7b55vISq00trcp1FxAWzNhmhqPxFOe9jRBmxg== processed in 90ms
[2026-08-24 02:32:18] [WARN] [cache_layer] Transaction payload payload_hash=oVVLXXN6xKB7xegi+Tgoz47PMNmYKv0gVl0BJwOkS7eMX6cj7Hn8ipih7I+rE1B1qhF3ZhQrEmA66SzjSk1+LQ== processed in 52ms
[2026-08-24 10:24:38] [ERROR] [cache_layer] Transaction payload payload_hash=+lF5Lyq6wlyF1mEP0CoctfX4j+zy/MqiBofB0PE2pkBVsdXTybpaN7TtquOI/HCl3t4UOoZFyqATCDSinAUrzw== processed in 11ms
[2026-08-24 07:34:58] [ERROR] [db_pool] Transaction payload payload_hash=vnjVZypwm+z080NyvgDIa4OFI5bQ3/ScTUNcWU3yF4+uGE6DxBcDReZPVUrLmAysVQ5UZlRoOe+AUMdRjKUyvw== processed in 378ms
[2026-08-24 04:39:38] [ERROR] [api_router] Transaction payload payload_hash=ow5QUcm/6PFcqL3hkyNVN6pVnad5m1OVIA981QUmgqmIA9d9cF1Ssh8s9o9KPbE2nFMkIE3ddojZ+4JJC76RLw== processed in 373ms
[2026-08-24 06:55:49] [DEBUG] [payment_gateway] Transaction payload payload_hash=p0O7D7dGs9ptCEF8d0tnMb853xdKPOfrZ6YGcvaNP29dnFDEfAmVaZ4uPopQH6hJRCvsWvHy0tTVLpV5dRxZbA== processed in 491ms
[2026-08-24 10:55:18] [WARN] [auth_service] Transaction payload payload_hash=X9SwO64p0EG5v80vwLYDhV0jNwPU8arWmh97v3lQhHJJ/vlOihJ6Fyhb5vlfoRZxHNbERuEgUvgnviWxfNPtUQ== processed in 293ms
[2026-08-24 10:14:37] [ERROR] [api_router] Transaction payload payload_hash=givBbQebZQ0Y+D0ydM3qNzqVSn737Ey3YZyd3PvJqznjqxPlWdTE1lpBMIrlqI5LIKdtP5Ak00ZB1XIVgN5Vbw== processed in 233ms
[2026-08-24 08:24:50] [ERROR] [api_router] Transaction payload payload_hash=4YlyRnY4qxrvPkdCbNqr29qbSBsvyF3+91Qk+aZiaPEdpY+jmBko/lI4idxVnbnDkkwSUpUsCCsOfhOTJ3xZtA== processed in 208ms
[2026-08-24 09:21:31] [WARN] [api_router] Transaction payload payload_hash=cX8/Cl9DLf04xoTDGga7c8jV+qfn9be0RvtlxVmwxImeLs8DO040G1uk6azTj7gLmCKOdFHPvyiboi9ATqyVAQ== processed in 495ms
[2026-08-24 05:25:06] [INFO] [api_router] Transaction payload payload_hash=OTj+oATPFuf0AIyrtqGJN2+FPEM0H9SCx+dh2lNGaziLgTx1PvCSQUyS8gQlVD5LL/wc6AFqjLxHYfhrpknHGg== processed in 482ms
[2026-08-24 05:35:37] [WARN] [api_router] Transaction payload payload_hash=p8Db6MCV3fiYWtr04G80Z05MRUBCUaDkisGMjYKZggoXj9s3oJ4Br5UbTVGuN1UMugESohosnV2222d4IAZUzA== processed in 309ms
[2026-08-24 03:44:11] [INFO] [auth_service] Transaction payload payload_hash=YrAXqWqAEcYlZXphMBnj/OPPh9aD0xtmYDJ5s14vXLh2mFdNUdLtK/htOz8IxPdgnSPgEmsZ+3SpRcGDO6hXdQ== processed in 434ms
[2026-08-24 09:01:12] [WARN] [cache_layer] Transaction payload payload_hash=7dGpu16rhDR/EGrBL2eQXMz3bPltiDHD/t9jU5SsyINJ58t1vkYf5QZu/AoE7mfTD/zGA2PvLBeyC9MbM6Z3rA== processed in 98ms
[2026-08-24 02:41:44] [INFO] [db_pool] Transaction payload payload_hash=BagDKByYLGCIb+H3AchqST7Kx902zBBs05c4FN3CuwqevTfEPUbLPUVlS/pXGb7sVxz6/JdTfRA3GVTIteEwvg== processed in 157ms
[2026-08-24 09:25:22] [INFO] [payment_gateway] Transaction payload payload_hash=BIfvj2HcPX+uxYOGJVeFMq7ff4zsnfwWF3J7SeeYGIn2CNO5TZjuSYAZv9knkNU/DxxVVOoM8AHaHbPQWZ93Tg== processed in 257ms
[2026-08-24 05:21:58] [INFO] [payment_gateway] Transaction payload payload_hash=02gj9Y8MDUOA7ygmIwjagP2oZBS0vtPMxkkaAz/14gssKoPIkxt2GTuGUW+hSIRYovD0LwwD7t7oPa/8pL3f/Q== processed in 299ms
[2026-08-24 08:57:17] [ERROR] [payment_gateway] Transaction payload payload_hash=IFyOzrtSoY15BMpHCQj9TGbYAsH7WHYTuGUIb5PTlfhy+SHEzo1LaAcX+H/atEKm/CWCYYQd3h3g3qQd+M+XHA== processed in 411ms
[2026-08-24 04:24:07] [INFO] [payment_gateway] Transaction payload payload_hash=U3+j2l2zA1RkrDj23UPvC14kRaBZPGdEzJ3HChWc5SaDx/uWi9AQNUSZCVDGBNYzj/e0nq3XwN+LmP3uku6XhQ== processed in 11ms
[2026-08-24 06:12:57] [ERROR] [auth_service] Transaction payload payload_hash=Eh3PdW+oo4Zfi9e6/04pgNq9wrq5EGAZKcv5Qap90JAQo6p4gO0elTfQlJPrPoOjRzU2hJ/OJFhDvc09BA+NHw== processed in 288ms
[2026-08-24 04:38:55] [INFO] [db_pool] Transaction payload payload_hash=AvYPbQLMXecEEVeeVgevey2AMFJnFYOFIXXM/8b6nQjhVdwEBUheraFYqKFdjnhQZWBwMJkwy5wG2I61gBZ5cg== processed in 414ms
[2026-08-24 05:01:00] [INFO] [cache_layer] Transaction payload payload_hash=CUgm0PE6EEVb3ARQ0LsNfLsX4qy2oCJIp7Rnn3z525ljZCBy7BPZiygNkjBx4bUOAdhZsbQuma4VKCj6fdDvyg== processed in 134ms
[2026-08-24 05:25:15] [INFO] [auth_service] Transaction payload payload_hash=KimmqTDzo64/1+nl4LZy/1MkEiGablP3OCAKkDpe/pWb/FsjG1lvVFwFYTxmUU6xquj3EeFSC/7inGaVk14+fA== processed in 62ms
[2026-08-24 05:01:34] [ERROR] [auth_service] Transaction payload payload_hash=QQhUxnCjGSbcrhi8ot0avy0UWC1sxpNCKNPMji60nclq+AtvTzGWxyFMbIrGaZfILEd9UgQOwHW+u9tivubpXQ== processed in 78ms
[2026-08-24 03:33:25] [INFO] [api_router] Transaction payload payload_hash=b+hlEiVbsWI32IlVAAZsy/5lXgVMLJdp8ME8DvUBwqx+xgwA/L1R3QVAqq5e78qWMD4k4uRXTv5vOhlKa0y6JA== processed in 330ms
[2026-08-24 06:58:41] [DEBUG] [db_pool] Transaction payload payload_hash=ayFuZ1JsvSXw005HEGHahjV+NurkjOrNtHXVfr0/h4N4x7sQlcslCHmUXweAY6H06yE+KRyAQnGbmX3nPQM84g== processed in 250ms
[2026-08-24 06:13:15] [WARN] [cache_layer] Transaction payload payload_hash=0ANeDwdi2JpsU9tNMORkBy6clV1IVGnZxcXwL4ibN/dtIkZLN/8wGY5KVhMiiynT94ALtE8rfoJ+r63E4byc/A== processed in 52ms
[2026-08-24 06:49:25] [WARN] [payment_gateway] Transaction payload payload_hash=CNwR25FksqZLeqQ0K7CLuUwVF4DqRbV+upTwHubGjOsZnh2GcbZldUsLVYS5SX0ukZ1q/LyJT4g81k/tgxCOKQ== processed in 461ms
[2026-08-24 09:09:50] [ERROR] [auth_service] Transaction payload payload_hash=q0SeQwxd3oD7m9R1+G03Om5hB0vB/dD0SX/uHNSC+OtMhF8UB42K8NWE3ywtwWPl3NdzseSM9rDJCV1vdul1kQ== processed in 103ms
[2026-08-24 04:31:52] [INFO] [auth_service] Transaction payload payload_hash=VwnEoh6qDD18oDIDVwvNRXDyjHC3iFOeqf4cu/DIsPxECAxaD5ZgXHBAL7zoY6hXbcbXR6iK1PC6RrchZhcgdQ== processed in 296ms
[2026-08-24 02:24:37] [DEBUG] [auth_service] Transaction payload payload_hash=PFrI2vPf4qEp+uaME4Q8A3DlcjTmsRRaA8XnHx05X758cz5q3l7h6TU38hNjfakqLkwb4wY0aELNaZwzUnVS2w== processed in 285ms
[2026-08-24 06:40:26] [WARN] [db_pool] Transaction payload payload_hash=yitfBv6gVcWp8/GUjHWbG0LBAs+X/lFfxBN9RQ3n4PEYfozBuNFi9sIeaqrGc7TDBH5zMANoZNlqMz5z+bCHVA== processed in 158ms
[2026-08-24 05:01:56] [WARN] [cache_layer] Transaction payload payload_hash=jy7qKbne2P7mcO9dbNEREqFGyU49AjHaxznptkspL+bKExb+2Q5ITDZC/pKV+s0+ugrQYb7PP9a2a2EwohmiCw== processed in 251ms
[2026-08-24 03:18:08] [WARN] [db_pool] Transaction payload payload_hash=LWhxQEU47T2k3h8lNjCV0jiHqo6ntei8DL/WVlwzflnqavPX8n1Jiplk+ky+l1XzgDkWLOZNPIzM5shCpdWgYQ== processed in 275ms
[2026-08-24 06:17:04] [WARN] [api_router] Transaction payload payload_hash=rkBHXk73mC0yb1fifMbwgT/lfHmZn0+Ux8uuSEUOPVORm9KtSAGPQH9C9c9FqNcHsdkhR6dFEhDe4g4ga3uLlw== processed in 294ms
[2026-08-24 04:58:15] [ERROR] [auth_service] Transaction payload payload_hash=JsFbEz0zvjqjWtkyP055TO1DWd6EBN2bUoujpR0UCsUHnm+bbhdkzZ+bPMvjxJ+m+iIBavsxxXTAy2ADA8aN9w== processed in 343ms
[2026-08-24 08:31:00] [WARN] [cache_layer] Transaction payload payload_hash=RWdw22SmFc3yYfz8E0pshjyzdu1T4cXcUzwGpj9Sll9+SSirOReirRM5MkyuUMImsmcf29X85aoXfgAOFNvlgA== processed in 16ms
[2026-08-24 05:13:57] [INFO] [auth_service] Transaction payload payload_hash=mJi3MkCtKdomC6s6SfolozY1jOyGSdy2upZ4sdqySmziALQmk2j1lxGu2+KmwANaK0OFoIkvfNdvuluuSGwhww== processed in 135ms
[2026-08-24 03:53:53] [WARN] [payment_gateway] Transaction payload payload_hash=+6Ufdbs/rdzuoSGne8XeXViiY90TdiEx+adNYer8gVlhvklNGsxFAevkoR0FxsoKTYbF+ynRzLDmRocJEsozSQ== processed in 263ms
[2026-08-24 04:07:09] [ERROR] [api_router] Transaction payload payload_hash=zIalmaoDfAgoMN+03v+kCT3rtUsaDWvGe/+1MPUsIfjE6r4YECrvYjwQhpMBrF6htr/fzXVd4RJG8IGLa7HOPA== processed in 312ms
[2026-08-24 04:27:41] [ERROR] [payment_gateway] Transaction payload payload_hash=AN69EUOs6JWReHRD+ENzC/qQMj3i1dVMAyu2os2lq/+IduxJIdxlzAe3PWCtR0ADapbHgsTXmLB1medEsPuIIg== processed in 470ms
[2026-08-24 04:17:42] [ERROR] [auth_service] Transaction payload payload_hash=5Uvi/SY12l6Mm348/Dya2E7m9WVfkwQE1NhDOnXniEV62QOKlV8QWoPnN68HI7mAwiBckhCR/j2oTTdt8yb9mQ== processed in 127ms
[2026-08-24 04:35:41] [DEBUG] [api_router] Transaction payload payload_hash=/K8MMfTovbOuu/gSqM21S8S6wUY2t9ZkynK7BQEpZ6lbV62lSM6Ih2Pgqk4bs+C+SJrlyexw6je/FppnYiZO5g== processed in 326ms
[2026-08-24 09:17:22] [DEBUG] [cache_layer] Transaction payload payload_hash=f2U0A6veYudhR6jAiNoFB70SUCAjnNzb/7eMILuI/wtvFgQXJH1F5HLSKc3HqopYaamDatY2+yeX4TS11FuSHQ== processed in 175ms
[2026-08-24 05:40:58] [INFO] [api_router] Transaction payload payload_hash=rOgOcFsi8twp8J0251yvvn9DQ7rHXl/2vDU/vHo7HMgpAqam6YUNcXr+U9Z/hgJN2/BgfV/WCLZ3ETTtZvspXA== processed in 497ms
[2026-08-24 02:20:42] [DEBUG] [api_router] Transaction payload payload_hash=gjXz3zVwLKRSZHwsn5QKJKYSsxMjkdux6mfpGqXv19x1VEU7+Xyx3D0hlT809HwV6naSEfCQmldCe5Sf+Dn/CQ== processed in 311ms
[2026-08-24 10:35:43] [ERROR] [db_pool] Transaction payload payload_hash=C68pOXZ8CesW4dHI6CeyiCOEZjTc9r8gy/glydx/8SgurKIVLJo8PeeXJRiCIeA5YozwDr5/jNH97/FYJUjYqw== processed in 47ms
[2026-08-24 06:37:01] [DEBUG] [db_pool] Transaction payload payload_hash=T/JAG5gOTWYo0fK4cHRjuojaP8hQiEIZPQJMeLDwbe5PinWwu3HK3g2F4A59xUQFGqRgWuq4YR56tcOp4U5G9w== processed in 444ms
[2026-08-24 08:37:30] [DEBUG] [payment_gateway] Transaction payload payload_hash=gfeY71fFGMr2xZGA0oc3TO9UguHg43mtpHXHQ+q/mY9QRlDFiRMVaTv2YaG6eN9k2D63sClTgT2uHQ5aVgIOTQ== processed in 279ms
[2026-08-24 02:22:23] [INFO] [api_router] Transaction payload payload_hash=w/8YaDhEVdI93MkQ22/FPbfflohki1lpK7iMY4JyJ/v+0bSUlInPmfzVsp1J21CC621yTH+6NyzmaNkGsniwVw== processed in 226ms
[2026-08-24 11:23:18] [INFO] [auth_service] Transaction payload payload_hash=7nRkPlrmeus9FwzojFn1xCA4coEsA+lUNmBejEgCBjh2KZuKT+PjfFFUBudqF9ZStafxf45y7SjeIXu/xH51Qg== processed in 171ms
[2026-08-24 10:33:22] [DEBUG] [db_pool] Transaction payload payload_hash=sB75sXi/7j9nJoFbvWaF3XSmD1MyVVM6aFrSPv6NBa2NHBoZbbGZ5svxFLx1oah3/cpd/4elg7MpFfbqdOe1pQ== processed in 387ms
[2026-08-24 11:03:53] [WARN] [auth_service] Transaction payload payload_hash=2r1lEo6yifkHEMQVyMrte1YCT7nQapDMVuWtgIHJ+opK3c6gDEQ/MeQmkwogIFH/IU7CEtiZD9oNzaR0GdiGSg== processed in 485ms
[2026-08-24 05:05:44] [WARN] [api_router] Transaction payload payload_hash=ZRc8FqntjEtrJzwVT8hBg1KKexJEZJfcPTh9jmbzzUfWDyTbR9S3nw74l03buXEw+3nxpqIQ6mBSO8jVdPGG9Q== processed in 454ms
[2026-08-24 10:10:17] [DEBUG] [api_router] Transaction payload payload_hash=WwGKOeXO7bUjaw1g0RfGJkUNqmRz4eXioi8jsoP3KG8qNS1hq0D0QhHFuD+5q/mgxBzpGcDsi7JNb0V+VRkz2A== processed in 304ms
[2026-08-24 07:42:23] [INFO] [cache_layer] Transaction payload payload_hash=J7+biF/5GgmbETcikILMsWDcOUISFpHMYs2GrZ04t0Q0cL7zg0DGFVFJ/nQRBZO+HooI/D7333u3gEaSmudAng== processed in 230ms
[2026-08-24 10:31:18] [INFO] [api_router] Transaction payload payload_hash=IaUmpbG8hAGh6P1RZj6Laa9P28juxHf+SCL3yA64XccGBcwhSlTIx96Eht6LKqhZttMWynHZfcrnFi270YOTkQ== processed in 365ms
[2026-08-24 09:03:54] [INFO] [db_pool] Transaction payload payload_hash=hlPJP4zGLneIc7+hS5duHSfbs5zJ3eBno6IyH1dk8QIedcD1PR/AriCLr8R7lxGk02k+FFM32pqsknKygSjIfg== processed in 256ms
[2026-08-24 09:06:54] [DEBUG] [api_router] Transaction payload payload_hash=6P+MzlxWDcfeE3Gr5lSNVpe1MQ0LV9PHuLRf8WZ4MG0ALwHV4ehJLMBOfWHV3ajH1kTRcpvDnGNpBlrMQ1Zi5w== processed in 126ms
[2026-08-24 10:35:47] [WARN] [cache_layer] Transaction payload payload_hash=sJ2r1FN2b/d7YHwG+3eYxsPSl7QV0GnoO3WhdtuA4izRuiOMPslMXpmlHFD15mgyYXfna1pIR+3ST/5FAG508w== processed in 261ms
[2026-08-24 02:28:07] [INFO] [payment_gateway] Transaction payload payload_hash=Pt32QFYgtzHw+sCmiRE8xdX19Vw9rVFvaPtQtPKSj9fezKx9x1N22KbsdxOGSKv5GQcJrb38A9/8dpIy6zKaDw== processed in 116ms
[2026-08-24 02:59:07] [DEBUG] [api_router] Transaction payload payload_hash=soL4b461LIdE96C9Cs7uJfJY2lYpQE9zqzunFURIw+Z648EJvLc+3RgxD8WQct1GzQAQaFOwObhectHjslgZ/g== processed in 469ms
[2026-08-24 08:22:07] [ERROR] [auth_service] Transaction payload payload_hash=m0XXFZMZOQVTwM0nWbxMeWLmw7Et8ERlxwou79tVMgs7DFYd/t3YN57igRSS4+vNHR89b15oj37Eh1iUTYY92w== processed in 487ms
[2026-08-24 04:23:04] [ERROR] [api_router] Transaction payload payload_hash=iysHfgjYxBbgCMZ2ldN9A5yNWPqMg8hjnhGJaP+KPPhR5fH6sIY+XhN0MAm8TitfUxzgq9Ep8hkNZOjSvTSVlw== processed in 210ms
[2026-08-24 08:19:45] [ERROR] [cache_layer] Transaction payload payload_hash=UNHzS5yJxkMot8nI6ZIKg/RVQ6rGLwUZHhWMFMdvpsdzjivyVYl6l3R/TDigpHA7lAgOJ93Ag1WidjnwWzfApQ== processed in 59ms
[2026-08-24 10:20:46] [WARN] [payment_gateway] Transaction payload payload_hash=knBUjo0y1TWyYbgxGpyvHaKEtEsLwgPCDyt0xS/ETBzJ2lL46kLacLvLBj1AQYSq4O/G8dAHGBNLMLC73Rj3EQ== processed in 13ms
[2026-08-24 06:47:35] [DEBUG] [cache_layer] Transaction payload payload_hash=MUcoNMCCvuaAtt1M+M9I10KUcc0lFggjBpTiriU5lCeVD3v0L4Hr2za6BKpDjGwPGWbNnOmis7eVhRCDW/FX/Q== processed in 120ms
[2026-08-24 09:23:29] [ERROR] [db_pool] Transaction payload payload_hash=KcoT0nDTX99pl0tfiqL3rVwOfUBK2HJBRrlRSpKOgD1jcTxS+M4xElfrmTmdtBl576rqDcAGH8v8SLcnv5MG4g== processed in 401ms
[2026-08-24 06:55:05] [INFO] [api_router] Transaction payload payload_hash=30BkNkJHUiRISwjKuHid/5wv9Y4WixKJxoNTN6wy3yIa8ZfgzS33K+o67++4soLU2aSshkjUxBSztfLWlnvF7A== processed in 231ms
[2026-08-24 06:18:51] [WARN] [payment_gateway] Transaction payload payload_hash=OMK/UKrPdbcO9+XSgzYlsd/odgfEj4Uij/LLZTbu2/KIsGsQVM+HbZVRywisNMghbDf68fiy3hZ736M40983XQ== processed in 26ms
[2026-08-24 07:42:01] [INFO] [db_pool] Transaction payload payload_hash=H7Ry/DpMuPOwHw8EU1+E2Zy8018x40MV3WH+dITaTwalkURh8JkcldxoO0/alRbgaZYJEAgtvIrOtJlgIc9Qfg== processed in 359ms
[2026-08-24 10:19:32] [ERROR] [auth_service] Transaction payload payload_hash=7iHtBEsGedNx8DGRI7ISKzJfvsV51U4remPjXHWXJmw9Polhh85eBeLbLvgXhcl+TTqnc4OtkYlBTsyLumtCrQ== processed in 240ms
[2026-08-24 08:10:02] [WARN] [payment_gateway] Transaction payload payload_hash=6ABVnQT+MJE6x4gG002ZDM7+wPpp2djBBQRM7qxonjJJrsGxxIygAiEZtrTgF8A6M+xFvxqK9aCim5KVXdGOyA== processed in 177ms
[2026-08-24 03:16:29] [DEBUG] [cache_layer] Transaction payload payload_hash=eWZILi9F2C7dfeLgekgU8HGaL5juLwj87s2SfoZN75M/ygoNtT6rWij5iIIlTA85CxNuT6PIvZVak9N7fm8Ngg== processed in 492ms
[2026-08-24 06:16:49] [WARN] [db_pool] Transaction payload payload_hash=vfTWTQB2wcnrFciteDfw0z9XDJfKwpIFm5gHTgTm4EITBu+BGIvFldXwriEHasVD8tegATtf69kMAl99QVf52Q== processed in 245ms
[2026-08-24 09:38:49] [WARN] [payment_gateway] Transaction payload payload_hash=3kfW0voi9/Dfg0RcLhMlWzNgMSACr0kQWXCZiSSPV5KoRSIYHMujqjbOlwXkuC34/72Xu4yS6XzptZtv2NEeww== processed in 430ms
[2026-08-24 05:27:13] [DEBUG] [cache_layer] Transaction payload payload_hash=q2uZB89n95pf6sE3VEZe5LJSsKt5Y070VQpYyJ5rRc9gz40KzV5T+lqy5BXrlZPatJNE4HqmGnmQoStGd88h8A== processed in 76ms
[2026-08-24 05:43:59] [DEBUG] [auth_service] Transaction payload payload_hash=NT/tpycbnhGzgB+l+T0ccn4tAGPxdmt1vY6MxA24+EnxxqzTcWYk/Ee5XnV1n7OgIbyyjSnQv643dZLs/R554g== processed in 209ms
[2026-08-24 07:04:04] [INFO] [api_router] Transaction payload payload_hash=5VT12rPy0aioU096Y2io2CIKy9DrD1Ahr9ftc3nS1VaHKH6eKW5haJHuqlAlZwOrJ6OprribnHytt6bBcw9VZA== processed in 360ms
[2026-08-24 02:26:49] [ERROR] [api_router] Transaction payload payload_hash=6fKhHmR16I3Rwm7fP7Mz1jmJQqdscYq816dNTp8BV3Aa1KNJvbaKuHlmY8IN+7igDoQ3sLGd8oOjdP6Ug1fOEg== processed in 439ms
[2026-08-24 05:23:49] [ERROR] [cache_layer] Transaction payload payload_hash=LbTjk7iy4nQmIT1iiAtQi0oPT8JAAQvwvbAFGCH6k0HZ9bcRT+amgfbvxvbnFRhw89U96jZkBZTARJ1DKW3pjw== processed in 326ms
[2026-08-24 09:37:55] [ERROR] [auth_service] Transaction payload payload_hash=0hA1r0Pvunprjt1kBTSohXPpoN5WbP+D4bcDtMJx6THeeem9a/fvroiBQZ8daigV26TQTNTG+qB8keXrfEvKLw== processed in 120ms
[2026-08-24 09:30:23] [WARN] [cache_layer] Transaction payload payload_hash=E3jsLCy0tymoM+Fp+W7SUae6Ukudvv60yOBVVvwvS6INUOdQ+6qfjkjrqgpHU/ni+VRSQgsczSR/wxubmgJiVA== processed in 422ms
[2026-08-24 03:26:06] [ERROR] [db_pool] Transaction payload payload_hash=rmoEL3s057k/fkax/P+Y72Pg3wt8muIZKKSTlWj4oDYHZYaUXhrSSKedLWXWMeVlHkvSYRPhYx84jv7aq0RDUA== processed in 428ms
[2026-08-24 09:48:57] [WARN] [db_pool] Transaction payload payload_hash=Y3KuPOfa4wVP7La0wSNE3igYVvEpMbt6EQSlL++Ju1qXOHL5V+yJKIN0Q2KoWRlxvwwcql4YuNZOFpkq+a3uvg== processed in 76ms
[2026-08-24 03:04:20] [WARN] [payment_gateway] Transaction payload payload_hash=GUEjjrgb6mYfFPaKH6jeZ61SgAX1UnV6Lwi/9bkdNZwHHDasHus15yEB1ffkQVJDFzVNiipR9k1UImVWnbI6sw== processed in 464ms
[2026-08-24 07:35:47] [ERROR] [auth_service] Transaction payload payload_hash=B1OZ97eQfmjFIJsfDV6eedxaODcYIpUOxOztwN1KrrS/T5OZvzrkU69tg96JPobitgwg3bADYDN4t/hmDTYJnw== processed in 231ms
[2026-08-24 10:30:44] [INFO] [db_pool] Transaction payload payload_hash=52F+LtxJ084e1MMjYgyGDV3A/0oXMikuj1tNDsyx9PNh0gPEPOP54x7S61ykYfMDuaFW4E855xMEkwZOQabrSg== processed in 387ms
[2026-08-24 08:55:12] [WARN] [api_router] Transaction payload payload_hash=RjWRFoDmF6z8dO2VuwDeJTRKkVUMd3mAyPcm7CT/qdyDe5EdwTr34y63T461QjuwpeS5GWbh1Ouzmg9D+A+BVA== processed in 53ms
[2026-08-24 04:33:28] [WARN] [db_pool] Transaction payload payload_hash=Caw2VlcLxjiPWsqs5L9U5bmqqZqZtJEijj+FGqOGD+ZCUrV8tkS9eXAHBgeWb4a7Mbq5/m/znZEITxpYzKFhig== processed in 18ms
[2026-08-24 06:12:27] [INFO] [api_router] Transaction payload payload_hash=bMmYkcCNyrSH2fue3WRZ5v6FN0/fNWxs7ELlaHldwdOXlkch+5sUxWeIkDSK/9bTkYj9vZ4vWIpnfs81VayYTg== processed in 373ms
[2026-08-24 03:05:55] [INFO] [db_pool] Transaction payload payload_hash=LiE1nlyT2JpBTg/f5yfblWXY7eusGKZjL0vcjExaFgpolbKwQzvDcCF5jub33FUQEVXXkgpYd27DY1flVGCytA== processed in 487ms
[2026-08-24 04:35:07] [INFO] [auth_service] Transaction payload payload_hash=N8rrvVx6DwhcCrPORSCzoRkfz8/bk0zBY+5554+Nb/0kaS1ck4oeD6eRl00/kXfgcyxcCghl8qn/VQ6ZTm3eVQ== processed in 457ms
[2026-08-24 03:36:42] [DEBUG] [cache_layer] Transaction payload payload_hash=z5ErHz37kfTofiFEobRukTnK4CzRiAWlqMg4Kxy/IiC6gFkxx72BVAHh7yFMlJaVYikZ2TU1IhgxyS31sI9PLw== processed in 299ms
[2026-08-24 06:16:34] [WARN] [api_router] Transaction payload payload_hash=efN4N/z1hwSG121Z7+JcM9jY8rg5PaB6EPMC7xnhhx6iyBsktJ6rlvcXYQnMM8x0ouMdyNJC2GlVt2OACC4BYg== processed in 6ms
[2026-08-24 03:27:59] [WARN] [cache_layer] Transaction payload payload_hash=ZBHLXlhzV0AtkGWhoeUCefDQbz2uvyWZeHW1bUJCZYDq/h0/tMMGqGufH/yW7jVraVPoMCHsBwTpWdNxzUKhww== processed in 470ms
[2026-08-24 06:15:52] [DEBUG] [db_pool] Transaction payload payload_hash=PVLAiZVRmq188rnd3kxTNHNI8WsxPtqMmJjHd3j/4Ga9j8cvk7uG1RsEU9D9vgGpCDN6BjfAvtOhSM5v9qHN9g== processed in 466ms
[2026-08-24 07:16:10] [DEBUG] [auth_service] Transaction payload payload_hash=fVs3Isc+jgRSjrI7g0/LazdgD+bH+R9VcUylosH3qIgnoZXqv2LegTdgmtsNrLEmeAUV1z5Lrezb0JeJ6m/gsA== processed in 281ms
[2026-08-24 04:54:49] [INFO] [auth_service] Transaction payload payload_hash=IPlpf/+M2czJWivf5rNvLUzyvCDwpJEMqwNhBA6wM6A/uQbIwAKzu7nBnl04wwX7sjbhLJ1dWzIdoC88Xle5Pw== processed in 400ms
[2026-08-24 09:43:52] [DEBUG] [db_pool] Transaction payload payload_hash=FCh7cmJNd7YyO7rT3ZwiW0l+qHh1+Ku4crUuPYns5QvD8oqqrcWJI0VjTq/pxk132New0+f8Dctm6MDGubGNCw== processed in 320ms
[2026-08-24 05:51:13] [INFO] [auth_service] Transaction payload payload_hash=lfMoT4NPzqGMvx0HwU+OXG8+S8BEPVUGjSRE5ZFr3snVp+TEWYEBx/0NJD0UGfX77tfRxAkj4wr4zWFojYHrUg== processed in 326ms
[2026-08-24 08:34:43] [ERROR] [api_router] Transaction payload payload_hash=AeAguUigC6siUqm0NISWkeJnC3ieFzOFRycJSRrhp5KvwkjZuE71sIsi8WvIf5J7YsHjRd8IJBN5pPD19xWgZg== processed in 142ms
[2026-08-24 04:18:35] [DEBUG] [db_pool] Transaction payload payload_hash=VzT6Gtle0YJXp2IDDqCPQbonsMf5zonZ9LrHi4FHi5Z0tnNyN9ymva1Qpq+ydSTkcPJiENbJmKhTPba8ZJKj9Q== processed in 16ms
[2026-08-24 08:02:05] [INFO] [cache_layer] Transaction payload payload_hash=w5VD5NAqc4xKgZmDMlorm1pQIVN4F0UO53c1VO/WOMNdbM1KioffTDg4map5SUbTae3/EwiRBnb8lnu9iyekGQ== processed in 16ms
[2026-08-24 05:27:41] [WARN] [auth_service] Transaction payload payload_hash=LmvVQaio9VKnFM1OEtYT0Ra+SC5eNvUwRVfqNu6GizvkqHQ8bcie/Q2vtjSNAiXAPQJXVYlTVm9Zpy4bV+Deug== processed in 240ms
[2026-08-24 09:23:35] [INFO] [payment_gateway] Transaction payload payload_hash=T+4/NY3TfxNswqpmGWkSqyrKeCM+N4dLIZ+0B9sSeSStjNGI5F4SPRMzwmHfwxy32XjyTcvZPZfUysS9PAtIfg== processed in 90ms
[2026-08-24 07:19:19] [ERROR] [payment_gateway] Transaction payload payload_hash=eNtILkKZh7w+PGQigLfJZkCp3ZtpU1iX6KVo5T4rTwdOcEdJL8RzZUaGkrjiG+qnsOaWMxmodRAtaRHeoGTfow== processed in 326ms
[2026-08-24 10:47:32] [ERROR] [payment_gateway] Transaction payload payload_hash=Ag0eeKaSE3kinn+wyh61IU18okHso/B4TjMDf/2Og7W9+RkqtAPRftsoDemcimFmDSqh3L6S3+ARqvMc0YXoTA== processed in 85ms
[2026-08-24 03:44:56] [WARN] [db_pool] Transaction payload payload_hash=KO7xnXWnm0F/RXIxTst1G5oHL3vbCuDePzDIRV3Of6V2Axj9jSSZBja6dek21lBMNio/Yke+ni+WA6GtNcURvA== processed in 97ms
[2026-08-24 06:41:32] [DEBUG] [db_pool] Transaction payload payload_hash=q/aPg7vYSe1bWcAUmt2lRelYvuz/TBKcQonjmn4P/Kbd2eRP9n3vG51kS55ST5VLoLTzwK4qhSrTwSUfEtSIRQ== processed in 445ms
[2026-08-24 11:01:19] [ERROR] [db_pool] Transaction payload payload_hash=TDItORjR4d0TLnzvstNLJCm9ep7/+J33CX13UcV0dJ8aRFdn/yi+6cVepxvBY2yYkT9Li7YDUxPFlm2qfqS2Bg== processed in 305ms
[2026-08-24 05:40:24] [ERROR] [db_pool] Transaction payload payload_hash=cXlNouHv7gECsOzpDH+jyhlPytx2brvgoXS/Xjbfp77lMiRdExX0lrPQ8HUSIagScJZqgbmAQ57hSm75y2xi8g== processed in 324ms
[2026-08-24 06:27:23] [ERROR] [auth_service] Transaction payload payload_hash=SiYk+pjYTdyspmwzlbC7tfYvJ1T+Te0H0zCu95oSETR4ms8L0jP/UdSb8zsJoBdq+LEr5qjTwm0s4xK2aowFTQ== processed in 464ms
[2026-08-24 06:15:37] [DEBUG] [api_router] Transaction payload payload_hash=mY6wtkdLmTFh3sA/p4TkLsw16yLwOrx37BQ4JXs7Iwh7869voUVzFdWz4RI90VYToz8AaKwXHir8uvabXCTybw== processed in 119ms
[2026-08-24 10:26:11] [WARN] [auth_service] Transaction payload payload_hash=8OOobBBJVII78emqtuat3MOO8+x0tGsKk+2Yfpc0iHTLvtZ2C6ObJBFDrNAL6mnzNASOJMgEGH09Jt1nMA7UCg== processed in 127ms
[2026-08-24 07:43:21] [INFO] [payment_gateway] Transaction payload payload_hash=KuamyZ9e44nBC7TCjvNrCwDKoKANn2ljTW/0RnunUr8mzSCXocZm8VzicpMlSarkAVugJCSueezJFlMEHk/42Q== processed in 23ms
[2026-08-24 07:17:04] [WARN] [api_router] Transaction payload payload_hash=UO7LKB6gIz2PB/MsG75U8sqHBV82rRyRHuG3nUW+uMHHaxdTvwIXa6LfqbNfUl0V+IeHrMpuZa+KwBFg9fzIFg== processed in 260ms
[2026-08-24 09:33:34] [ERROR] [db_pool] Transaction payload payload_hash=dmkxuPA265uaxMcQ2SOIvimbGT9C1f4ZgDov2pnGJxvauh2p4r/9RiO2aVSU/CK2ngEqpulf/IVe6S1d+zDp1Q== processed in 338ms
[2026-08-24 04:23:25] [DEBUG] [payment_gateway] Transaction payload payload_hash=LoaV3uIL+vrKnOorRvX1yBROiWLUyvIkpSwqNBuyTyHAzYzt5WMjwX0JfhdIJs+DbJmIOVmGDL55Tu9c7xiPDg== processed in 135ms
[2026-08-24 11:14:02] [ERROR] [auth_service] Transaction payload payload_hash=qt7iHWH8fB3Z6ddkdaGWs7RB+Z8O6YqteBvjQYa163u+Uts3qb6otaQ3IoHuiJ+yCkDZd8M9oe03Zm9GRhbw3g== processed in 377ms
[2026-08-24 10:31:21] [ERROR] [payment_gateway] Transaction payload payload_hash=KNvbyGWBixit+O6gR6QAjKqVsRxHWRlHeiBp8NArsVqm7Mk9WfelT+MlVD2Znb/T6G3yJEr0Lo5kv4UJEMiL8w== processed in 224ms
[2026-08-24 10:25:13] [WARN] [payment_gateway] Transaction payload payload_hash=jtQ+kmU+g6ZIoPertp8GnwT4AQEY/f645N9LVFjiJkhBs6cbQLCPH16YTllX0qf714rGh/2mofYolIjr7v3FeA== processed in 116ms
[2026-08-24 04:54:31] [WARN] [cache_layer] Transaction payload payload_hash=ArLoGaf8FAckit5wNt6zkWq4DkvxyLIv+QcyBkI6neRc9HrIeN4L6lGwG6zcvquZtd3NlHjjdND1MSJPdeD2Rw== processed in 349ms
[2026-08-24 02:54:49] [WARN] [payment_gateway] Transaction payload payload_hash=SigW26bGH05uA/qAgZieA+k+aqjIz2ckng89RjOJdOIJNQEk+VMTkYJo//oL+qarLx350CwxAxww6T5VW2bdAg== processed in 136ms
[2026-08-24 03:42:40] [ERROR] [db_pool] Transaction payload payload_hash=W3wogd4UuS96g9fQyOnBQlE+iPKeNAvHL0hxGsAXZEujGk2JEu5wi1+7KU/y7ufWAYBDuPElj5+aH0/rLdFNIg== processed in 77ms
[2026-08-24 07:56:42] [DEBUG] [auth_service] Transaction payload payload_hash=L92RpMMwqyC/XgyeAgjm0pH2RMS3zewpqt/rS9yL12RHVYVwl6wUQSIazv65TYSYxrD5ERQ2iXYyuwpIPumOIw== processed in 225ms
[2026-08-24 07:08:03] [DEBUG] [payment_gateway] Transaction payload payload_hash=zS7rzFyR5EixOiG37gQz0UceG1yuJjN9DqBXnh6QoHOJXx8Ic2OZdg3GQnCjagjbxrtDLfLiXLvLkPMVM8fuEg== processed in 242ms
[2026-08-24 08:44:34] [WARN] [payment_gateway] Transaction payload payload_hash=BVnrTcnG+fHcfnH1PT2Dha8QZiVp5+jS9DYznDMC6B6XZpkCw1xWm1pzWZKjbkgdRiNkTttcbSII5x+xiHpJKw== processed in 322ms
[2026-08-24 04:59:14] [DEBUG] [payment_gateway] Transaction payload payload_hash=ehPMqDDh6Z9A1iuF1duOghY6xmLntAOgePz9u5dmJwIZsI6Pu0AltwPJw+XG7rIHl0cuAPUHfsLpL4fejTWPXA== processed in 258ms
[2026-08-24 08:06:13] [DEBUG] [auth_service] Transaction payload payload_hash=wBrbb6B/DLTyEFZiHiVCqiWSVKkY69sjx3WzIJ6RgbNcwP6xOSw3E7NqyDLm/FEC4QcEp7B/OoAI9HR4K462XQ== processed in 253ms
[2026-08-24 07:59:24] [DEBUG] [auth_service] Transaction payload payload_hash=6TCWbxKFzwDVJW8CGBgolybXIfK3y9eb0ivXs0UzdVEZovzhPhxr6kE237RPpuB7JJ6Jr6W9USmTaYixUP9QLg== processed in 130ms
[2026-08-24 10:17:35] [ERROR] [cache_layer] Transaction payload payload_hash=+2CITcR8+4Ajt91I5EVRU+PvlA24ar/NLZAeKXTnGbcIijl5mr339dkhrRNG36sqpHj+3Pygfz9wlF4/nA23dQ== processed in 484ms
[2026-08-24 05:29:47] [DEBUG] [payment_gateway] Transaction payload payload_hash=K5Sf1KltQT9YA4FmFTvuoo17X9JX0bUX9FnSLoDw2aiLAOfAuofZJxOUi2St8klrJQuteqeue8ZRkJSJEdY/CQ== processed in 94ms
[2026-08-24 05:47:11] [WARN] [auth_service] Transaction payload payload_hash=4sxCUIqIUF3GhqdnFhF8XmGlgfTZSqtvN4ecViDHX1dazF0Sipp4M0+M/aqnuwyi/XejgW+nbALbN5qrv1yj3A== processed in 332ms
[2026-08-24 08:23:09] [DEBUG] [cache_layer] Transaction payload payload_hash=rrAA3pNepZEACHIhWSaYm7o0Eri82Nx1hifCd3yfq9R77XJiu85nLyGnlSOzRsHiBcYc//TX2Qdctm4K1KETbg== processed in 192ms
[2026-08-24 08:37:49] [DEBUG] [api_router] Transaction payload payload_hash=c8FogByqWpMs30Pjf1hrKWPm3GnG4iiIYx+2SpGYN6Y3Zvx3lXHzwAlr0Tc+X5O6MYASa86e5j+g8ITzs3Ij+g== processed in 104ms
[2026-08-24 10:13:46] [ERROR] [auth_service] Transaction payload payload_hash=W6XWPhyye/a0dou7Dg3aKxbKyRK4zO4jA9DDVK/THJpbds7PNUBcbuCf0lHY7gFXnLAb+gXC2Tbhf0TnS3iG5g== processed in 377ms
[2026-08-24 08:22:30] [ERROR] [payment_gateway] Transaction payload payload_hash=sPAWg1+3PPckMHjXD8O2PjrXVYY7JJYRQKP0zfRcB6jf5eBfKTOvLA3If6XQC34JwRQ+RI77KxFN3QNwlBMfJQ== processed in 105ms
[2026-08-24 11:22:20] [DEBUG] [payment_gateway] Transaction payload payload_hash=fQxQbks6Qn9EAYWJu4l0E2j6EcQzkSgncpspT9pX4Ikgf3AexaRJAQ+JbL20wQ/dv1obQdZ0aoXErEY8rqZc+w== processed in 454ms
[2026-08-24 04:30:50] [ERROR] [db_pool] Transaction payload payload_hash=E6WYk7YiWpVpaH3im60cQhP7N8vmInc3EkwVbneTd/qT+8xchkoskXsa3HvqYPRpvqJMu3JRtj1t40TG0gwd8Q== processed in 380ms
[2026-08-24 03:23:36] [ERROR] [auth_service] Transaction payload payload_hash=EKiKaDmVZM41lfJpCisUxBXiIbUJmkHunBtY/HDpLp7y6S+7xWIHuBgh8+6euD2fw6QVnWALbiq0WIkuc0ar/Q== processed in 445ms
[2026-08-24 08:41:39] [INFO] [payment_gateway] Transaction payload payload_hash=qDMaUd4+jHTM6t59F+lSvIHLcy0BQbJj0tIP6zJAdJ6NVib9ZkPHfo8NzAwDFDPoYZYwjR8EfedFsnlIvhYlQQ== processed in 76ms
[2026-08-24 08:15:20] [INFO] [api_router] Transaction payload payload_hash=VJI1nZ2AZ3/PY2ng85djzGH4tNrc/3t9obe2gocFoLczdUz9KcMlilZUwHyhcJsas99PJ1vBvlDTQYJAUZn0vw== processed in 381ms
[2026-08-24 08:05:28] [INFO] [api_router] Transaction payload payload_hash=f7BpL530ul9EGdNmV9VZBzBoXBeNd1Yj4MuDSg9T1+MoAq5BqDzBrLrTJ/40ly+Q4x2nrnbFDutTAFxCJnZGYA== processed in 276ms
[2026-08-24 09:46:08] [WARN] [payment_gateway] Transaction payload payload_hash=RxntHWPbbETRpFZVAeXyYEmkmpdSILi+LpOlDo0PjOZW11tgpFSl28cuNAh25eJmrtUmtznPqWTrCXE4KOrjGA== processed in 59ms
[2026-08-24 09:08:42] [WARN] [payment_gateway] Transaction payload payload_hash=iTP9cBM8OrAlNZwckNrRi6kuj4bI0jp+rFa9wFq1blBc2vv2rJ0993SeXJrdJ11JoWUBOqXEEfBJFEwY9/59dg== processed in 290ms
[2026-08-24 05:33:21] [WARN] [payment_gateway] Transaction payload payload_hash=BM19kU1sX2RmsVrussmTlgIY2GkSeXqS5FMU+hkh53/hVXHlDHh69NKl5kStDEPXwUPbH/HkdMdjRkDi8YL1ZA== processed in 403ms
[2026-08-24 03:49:32] [DEBUG] [db_pool] Transaction payload payload_hash=r/SvhDeUGgeHZ2e5io4FUh7ZZm2U8l7UL4ksxye0db+dR9HNpfzAIQGzu8xBOPWxBZWuhHy9ctWJp4BSxSKbEg== processed in 404ms
[2026-08-24 06:09:10] [DEBUG] [cache_layer] Transaction payload payload_hash=G2iOcJ/mkVgPrncXYSqEkIg4V/6HS9rg/8cH1BiBjeLO2j6yonTrZhCh7mtHrgJbwxzA9BRmC0q0yEPZ9CtrHw== processed in 424ms
[2026-08-24 09:22:13] [INFO] [auth_service] Transaction payload payload_hash=PWrrDLRRxrPgXzEiyWh7yTVKhbPTjuYQ1bdG16l6NHX5x2g1Y6m8FcX2MWYyzvumDjRtPtxkcEOm1fQYbbNoQQ== processed in 41ms
[2026-08-24 02:29:00] [INFO] [auth_service] Transaction payload payload_hash=nRPvdyJKCbNZIaz4ohHU4zyPI/uLRzBX4JUahj1DqPq/7hAOAe+p7fEAMc4EJXUhBSCizpAVGVK9saF1pSkGwQ== processed in 5ms
[2026-08-24 06:26:06] [WARN] [api_router] Transaction payload payload_hash=uCs5keBCGgeUOgjWR0fW1gpqZfyfhPHzjGp3WHQ+Jn+fSCCHtdDAzHqwaPl0S/iR54KY6U4RgsX5/clFHmMKYg== processed in 397ms
[2026-08-24 05:55:42] [INFO] [api_router] Transaction payload payload_hash=SLXLnPiYUKH9B7bnF1kXmHtWPPOIyXu8Ni7hv2C+2RqVgeMidxQ4IPY9NMHS+pBM3ViqUQiUfxR7wVaGGcxj8Q== processed in 441ms
[2026-08-24 08:26:51] [INFO] [db_pool] Transaction payload payload_hash=wDMyUb9Gu932wKN1q1OsUzTOJcTnFUXKAT06A9LTJjdcglvhf/f0b74fIurLBRkyzRbqVZo+S+GW6URnoMMmEA== processed in 321ms
[2026-08-24 04:07:46] [WARN] [payment_gateway] Transaction payload payload_hash=FlHuVgDR7J9qcV3086xKYu5BNGH0Ai5FdQFVYX+JW8JoQIgrAFCE2ZFp47BNy7ilbDFqNJfyTvJ0wzfCUucUrA== processed in 497ms
[2026-08-24 10:52:37] [INFO] [db_pool] Transaction payload payload_hash=I85xgb9yWvJv8HZlaHyQ2h6BO1vzla7coKC9wCBjt2z2IdFJV87Le5ZfiQLcaCdz/+SXSV3gU4jSsXrD/TgIJw== processed in 207ms
[2026-08-24 06:54:45] [ERROR] [auth_service] Transaction payload payload_hash=4gSNXCtXd++RnMy1WQu8M34iKD7bMn68+pVkryO1FwhETbTghBbYd0QZ7ISF1cZjL5jkDvGxQgGJ42B04pLPBQ== processed in 56ms
[2026-08-24 04:10:35] [INFO] [api_router] Transaction payload payload_hash=l1rVbUJBPR/P9bwyYuU0eTd9B6t6rHXuJPgs0v4tMeL/xjH7fdpfI4/a9xAnCzZYPaqb2YKkXfVmz5wKARxyIQ== processed in 282ms
[2026-08-24 02:52:51] [ERROR] [db_pool] Transaction payload payload_hash=uKd9mlAVdaituSSWjzpXB++gOldRMcMQ72sQU7WKEzGe/vEL+BiSX/PRa98REyJo9g2f3XghFGQ4lFL/vuXvGg== processed in 201ms
[2026-08-24 03:54:40] [INFO] [auth_service] Transaction payload payload_hash=VCUNwQIe8K6DYer6QLNaZsvBA4Xbr3cu+tRzNkW5oQCpWLeqtTTAx+Gxvwg0Hq/jAbuc2kyRJc+rLC8091yJ1Q== processed in 442ms
[2026-08-24 09:40:10] [ERROR] [db_pool] Transaction payload payload_hash=oW6F8Hn6Pe+1JMq4IjiVeWYeFUnnJVd5q82QYFNqhMYhThBfBkZ5IjSZly2pcj1E4eOvka/DcFpptzKB1vw2rQ== processed in 352ms
[2026-08-24 07:22:11] [ERROR] [db_pool] Transaction payload payload_hash=0Ihrdn73XJzAeZmVkYoYCcnlotDbfjxws8UHYGqJWi6UWjD1kEgEuq2L+1qfEpL6SI8jpxXPQV6Sw+3V2KOzyA== processed in 26ms
[2026-08-24 02:37:54] [WARN] [payment_gateway] Transaction payload payload_hash=AIpW8XGb6hufZ3J4+01JYzwG0IILYR/YL0aOL/OKa1aCY8FC4+xHMpzdxZIGlJcPLoLypXjTf9nxKV+Y49FxKQ== processed in 398ms
[2026-08-24 06:33:00] [INFO] [payment_gateway] Transaction payload payload_hash=VI08mAEA/7Ier6CuiMI1mlR62aEeSKkZa/tsAz1EMOUUCugr91EXAhQCxRrc1cy3vK/nMB6gvb+E1WYTX0oyaQ== processed in 252ms
[2026-08-24 07:38:36] [INFO] [db_pool] Transaction payload payload_hash=C9Efz0N1Xkyax/cahdw6UjoTZrVaBxTndkSZIKGosxoSontKkPta8Dzh39PyEvbPCisqrRkuhBwgVOtZUcLnUg== processed in 84ms
[2026-08-24 11:24:52] [DEBUG] [payment_gateway] Transaction payload payload_hash=F/LJIPM3pv69NIUI5FAJm4yAH8X0CboLXqdnjT6QZeF09uxAo7goUIxiWjI9YzFnTRuWlp+UnVhEfKPkl1Wc9Q== processed in 484ms
[2026-08-24 09:30:40] [ERROR] [auth_service] Transaction payload payload_hash=CoAbaXXxwbPGDMtfVwlCIPROCG8HNlcQgFGUsxON1zS1o4udAGkyw5XNjaG0xvtDEEl1CVpwf+V7itxB0EU/QA== processed in 470ms
[2026-08-24 05:17:01] [DEBUG] [auth_service] Transaction payload payload_hash=0hwShM6DevlfcfEYdyk1ftBml3aWNagwzZ9hXt3UB13jZtOOm9XREUFA5ObBIybLwvm1YgJl5/QvIs2kU07KGQ== processed in 386ms
[2026-08-24 11:18:33] [WARN] [payment_gateway] Transaction payload payload_hash=PtTvlTJY44+0oWqTJyls5hJ/pxUfxtvr9ZmRTk+CFk+rgtJe21debEpBg6+eAg3fRfUTaCHaaUj81ANP/AGGRQ== processed in 333ms
[2026-08-24 11:20:00] [WARN] [db_pool] Transaction payload payload_hash=HM+uUDgXKCxiz/8eMg9GoZIyb0TOf+b/4g0ihtT0S277AC26fktd4M+bux7MWfKP9nhPL71FUppdl8ue3ADx1A== processed in 294ms
[2026-08-24 09:46:28] [WARN] [api_router] Transaction payload payload_hash=hEtWhOkHlDtvRVS96V+IHck16aptmySus/FLafL9CY8R0LjqmHPz5tLa5BZjmipUupNmrY39xk8daXsgRjtXmg== processed in 436ms
[2026-08-24 09:47:23] [DEBUG] [cache_layer] Transaction payload payload_hash=QXsHXbsedmw809h1dkSau9DMPaEWUIzyZ2WLI2CLIKfj21u/qQCb8GXQNv1pbN9yuFujfCzWxlhaKfysxNKwpw== processed in 40ms
[2026-08-24 05:07:26] [DEBUG] [api_router] Transaction payload payload_hash=PsHLjVCtDKIc0OwSBfzJUBHWJu7zyeE4NUBDKvu7pPDNYEbCJAbwgo4z+1BPBq978hjBJ6WYGI5Nvps/D1woUA== processed in 144ms
[2026-08-24 07:41:49] [ERROR] [cache_layer] Transaction payload payload_hash=Gidr33ydTa4SuQ7x9UlvEnGb6fFc9hAd/JzSYd4PADpTGrNJEcU1DtVwawhUpm7I6J1pDs7UvFXTKU/nijMioQ== processed in 421ms
[2026-08-24 03:29:09] [ERROR] [cache_layer] Transaction payload payload_hash=Led3WUy+MSUt/5NJoK20VljXVOwffRGaqoA/TU3+4VSdLYt70vYWxDUnzawr0WTJiygOgWihWj+Z2Sk8MyYr2g== processed in 254ms
[2026-08-24 05:27:43] [WARN] [db_pool] Transaction payload payload_hash=QwLEpxKJIuq++Amv9X4LbH+2UNuvltjFk1hSzJHriKdfv9nJaaAF/WYzt6/tZDVwU09vubl00uruW2neEkOsHw== processed in 476ms
[2026-08-24 03:54:14] [DEBUG] [auth_service] Transaction payload payload_hash=B+pXNy4QcUlktSnxLaOZZA17N/XHpcMxgxAedRUBUHb00Nd24bb3Y6IC0ZRLVwn7uTCanp5NwPepKtVz/2aXVw== processed in 301ms
[2026-08-24 02:47:48] [WARN] [auth_service] Transaction payload payload_hash=QEC5VIfNQ/81LobHxWHJDtRgEVAvVvZmGNGZ6WDy4nCwKxRlZ7faGVhoJvpU4vjmSyAUQG5v1uQ466wjdjRWlA== processed in 353ms
[2026-08-24 03:39:39] [INFO] [payment_gateway] Transaction payload payload_hash=tpy+KIfOmtccFvweLiNRdM3jSSVLdYN3/BFT0Ez5t/GqBT3kv5PBHQTxbXeo91nM/5xtRQ4g1b5p8aXLKBh5oA== processed in 92ms
[2026-08-24 08:25:05] [WARN] [payment_gateway] Transaction payload payload_hash=YtgEixOVtf3TF4n6ZvN6N0v5YK0nrKMc0Lm9nwA8/WMMG90clCUA4Xa4jOsCRdx4FLolPAAMWCd2CHHV4882VA== processed in 163ms
[2026-08-24 02:50:41] [WARN] [auth_service] Transaction payload payload_hash=7x6tzHGTfjtRyMxPYmVwY3jEoQV+e0TlYvJoTxY9JvN4k5h2RtjEnk6O7WnsTLURRAu2JFiakxWfE7dHyqwDbQ== processed in 244ms
[2026-08-24 07:40:11] [INFO] [api_router] Transaction payload payload_hash=9CTp4WIHm5RK9zK355TRpNb5kYKUHml7QHLLMoJqvKWJ7qSckyjOUCyd3kVlqvz5iGqYGgqlhgYvX4dMNDa5cw== processed in 366ms
[2026-08-24 09:00:00] [DEBUG] [cache_layer] Transaction payload payload_hash=AzJanUvBe2uRKLruW/YLoqx6HthcHYr8CBuiMJ4Gc0zUYzh8l6waIawgQzpmpoaIVp/wAX6VzZL1iNn0XxKhGA== processed in 308ms
[2026-08-24 11:03:40] [ERROR] [api_router] Transaction payload payload_hash=+uawiMDo5VHz12NnjeLPidfIa+u9R6jYhTgEIIylX86mekP/M/mbERBTwprtHyCQhVanPiHrZvqU1WWK3Gla1Q== processed in 72ms
[2026-08-24 03:16:01] [WARN] [api_router] Transaction payload payload_hash=Ye5ckLTiS5PPvi8qHDB+ZVSZ0rvgcBlC1Wt1Ylk4kz/LFfmQiSlDnzCtZIpRbT+gPsjGKCebUtXBQqfw8IGpIw== processed in 139ms
[2026-08-24 07:33:59] [DEBUG] [cache_layer] Transaction payload payload_hash=CVpHw0IuTY9kAWc4FkfvWpL/slmbwJJlM1tn1jvVsXYthztiT1+kbzoiCc0xZImMD0oms9vgSdjaD+m9b3u+ig== processed in 481ms
[2026-08-24 06:08:23] [WARN] [payment_gateway] Transaction payload payload_hash=oP6iNcg6+oPCl8IWnC1Gs8WKzPIA1K6KPJrxmPPo8lBse97hJZb1TnlsI6fhDGKuRZlPxr4Xif/NAu1gspnHQQ== processed in 127ms
[2026-08-24 04:13:52] [DEBUG] [api_router] Transaction payload payload_hash=9rRc5GuAmEdP6PQqjrIhaWVqpLHSnHjAexBE9IRIPrGvzlPvCFeIRw/Vlwa0io61n/BNlQDABXzpWP26c4dHhw== processed in 278ms
[2026-08-24 06:53:28] [WARN] [cache_layer] Transaction payload payload_hash=aJlpbYPuZeQf4HQzNDGoCmSjrQk6W0zd/+JTry5Cnxa0T1xNXWqPtEdHyx5F954iCDGx4CyCyCxzHuzze7wtVw== processed in 145ms
[2026-08-24 08:25:07] [WARN] [payment_gateway] Transaction payload payload_hash=pIh+tnIrcEHzFl50zDFPP1VbvZgy75ZOHQI+ei/YeD+U0Qmdj51sw0qBjVICnjqUgQERsjzE4ORzLlf+O9UmCg== processed in 306ms
[2026-08-24 05:11:24] [WARN] [payment_gateway] Transaction payload payload_hash=3/zUi/rFmjh2Q75utvE0VBh0UV/GUI9yJ5vN5dplaH05Kk4U5oKb6z06zqqyEDxs0dShKsvSboT4WKocTlNd9Q== processed in 184ms
[2026-08-24 05:27:39] [ERROR] [payment_gateway] Transaction payload payload_hash=5QvOUEM5sc9EYGhzLQ05E/aC1gg4/+u7AahK5qKWqcsYPDrJgEHqaJXaFccK/OiUlh4A4FdRe/6Xh7Iyee694g== processed in 116ms
[2026-08-24 04:36:51] [ERROR] [auth_service] Transaction payload payload_hash=WBNAweKTFBK35gFN6B/4Ar0XbJYgNA2Aya9etT4SRVXDu+EPUAa+Svkm6N1EVwUUihU3AjyE65keG3Qqbp8SMg== processed in 17ms
[2026-08-24 08:16:17] [WARN] [cache_layer] Transaction payload payload_hash=PbAlTK7h5F3PrBMlhpGICTRDHrs6cNfufvMYQ4NuKiZK1B1GdAQ0izguix5ev7eAF1au2m1BfT8CNqExvh805g== processed in 250ms
[2026-08-24 07:05:54] [INFO] [db_pool] Transaction payload payload_hash=ylkmK8jzHHbfrZvnfGtCEAlmg2QfzFiCPPk+Bly+y/WR45DH305o3LV8cqpMxkMaQ4Gb4lxIkpvHsoiG1tSY9Q== processed in 181ms
[2026-08-24 03:35:34] [INFO] [api_router] Transaction payload payload_hash=I47x23S0Ja8+69Vh3Pz8DAUG/Cv1reS6ziOLEyb/sp2uG1KL4r49xddv+scN1LRDxtE8GSE/1PZM6bujho+dhg== processed in 497ms
[2026-08-24 07:27:26] [DEBUG] [payment_gateway] Transaction payload payload_hash=IlvJsMvqZ+XhTOcwscaDqnF/yyScQyb5zX6iNmMPi20+5mGOAyzmrgiYp9MkoAZzLQgx9LNPR6tVKxGRabD4Sw== processed in 186ms
[2026-08-24 06:12:20] [WARN] [api_router] Transaction payload payload_hash=6ro+u+/UzIGrVut4fDbWUwX5C1aE4g8r/UK87ka170eT2EkbNqMQHYKNKO/U+LzmLVMecmG/hvssu4KHugjODQ== processed in 380ms
[2026-08-24 05:04:16] [WARN] [cache_layer] Transaction payload payload_hash=PVdxHY500H2Eqn25A/KSM4x2Dlaf68qUwODyzK7lnnCMn4/+JfWeDJ7ax1SBq5L+n+5QVZ3A/6LMT3YgfXTjjg== processed in 130ms
[2026-08-24 03:10:54] [INFO] [db_pool] Transaction payload payload_hash=buSfHxqCwp8lKRqhY6QVGZCwoTns4QVaia+jp1Rld2PA0P9AJGnuIilLvqVdKMkm5pEAEdn5caon6XZ0sqqflw== processed in 33ms
[2026-08-24 03:07:04] [WARN] [payment_gateway] Transaction payload payload_hash=5vKpTef0mUH4jE4txWq4NafMWQOEemkGJsFKTdIq9t1z9Y2AKPP4/R5zGIVrRsGUwlmae0ibsl2dUSr1Gh7ckA== processed in 72ms
[2026-08-24 04:36:18] [DEBUG] [auth_service] Transaction payload payload_hash=4VKsaSOm0a2nCrbjXktGk4A4xs/Oh/u3hpAAX8izXn4YPeyxXBWfDxeC7YBZhIbaON0jI9voSZsBMPtoi96hww== processed in 212ms
[2026-08-24 08:47:41] [ERROR] [db_pool] Transaction payload payload_hash=Y4nlLBe3iGCP/bv2waCsetMSNGDtsPFF0g7yPNOmmIx4DD82d1Wi1umEroFjzcuYwy6mILVOoahkF6ubJzO+RA== processed in 118ms
[2026-08-24 10:40:10] [DEBUG] [cache_layer] Transaction payload payload_hash=5/iqkE73yYYwmGKqmrVhH1MJmtMWO3SxsDZXWnYbgibeKqk12+xTx57ybG9p/xPhFze4M+a/jzJ4uDOlkpOo0g== processed in 353ms
[2026-08-24 02:45:06] [DEBUG] [cache_layer] Transaction payload payload_hash=mvx6BizzbVA7MNwDbotFQptqjhrqx/FImqr8stOz0erHSdtQRwDBnGPlF1YVyIQj/Mi0tvg+lTs61zmTe8lYmg== processed in 395ms
[2026-08-24 09:56:36] [DEBUG] [db_pool] Transaction payload payload_hash=g0w+XsuMxNRxGMY1MygzBw8FSD7m95wXnBEESn+yCjHnG1HD7zll3YGLjZd+o95myjBIR1haeOe3NJymRvE3Ow== processed in 199ms
[2026-08-24 09:07:56] [WARN] [db_pool] Transaction payload payload_hash=CxRffxCOjeHb+nVO9eSGwbnZVdCQm/yfn0xJugJ2JMPHwKaATiKmnqdBPLvxk0ISzRShIytC4eRXxFjCjemsZg== processed in 247ms
[2026-08-24 08:18:01] [WARN] [auth_service] Transaction payload payload_hash=BBIi7RaFcRZ6CLe60McbwZ9c8Vp8WEK4IR0EXsQXP29IpI3b/+xqKi6JGVouUOu/EhQpWO1a/O4teQmE8pj8Zg== processed in 327ms
[2026-08-24 04:54:43] [WARN] [auth_service] Transaction payload payload_hash=OuJ3QQHZTXZuayj/5OTo6EWJa7H24mEW0+GF1rZTKoU8Fx1/Elfimt/nE4+v9nnw/LmiRKJr0TS9NaDxdJaPWA== processed in 276ms
[2026-08-24 10:17:21] [ERROR] [auth_service] Transaction payload payload_hash=ymsZcc8cez/06V3YJun5R/sRQGCH2SUzI+BPZlFEXGYcMY2vsV6uqqNJzShGJ80O8S4ogmZWBOL10krYfEfI8w== processed in 179ms
[2026-08-24 05:38:20] [DEBUG] [auth_service] Transaction payload payload_hash=L8lYFbeJJaeRCM5XjQlSN3uU5cOkLZC7nhVWS+l8CXO/3C2r0SuGmRu03H+yVWcYRwRMTEuar04IjASNuiHPVg== processed in 305ms
[2026-08-24 08:26:33] [WARN] [api_router] Transaction payload payload_hash=BJBqzbGvxII6iX59AG2IE8i1EwJT+1llMvD9kyQZqMRjQbbxoLEjedyRNPftajKH4A08ynxiHd/+bx9l5arHNg== processed in 65ms
[2026-08-24 10:21:55] [ERROR] [auth_service] Transaction payload payload_hash=28W96TOm0g3po6/GZreT1wl9Dh6ct0CpCyssFdLc9H6L67SIaZrAbWtuQZ9HMPdqXr99QSH48NIj3yYuTC3woA== processed in 433ms
[2026-08-24 02:58:45] [DEBUG] [cache_layer] Transaction payload payload_hash=FHGChBBrdxHmeF9mh6o2GIODspolbSjQcTYmTdohRhHJ8+JYaU/qqHa7DUhJ2zZDbvutlUxx49z7sSfiIBOQzw== processed in 237ms
[2026-08-24 07:10:25] [DEBUG] [cache_layer] Transaction payload payload_hash=nBNk36n37A+GCiE+Cv5EtHCnANVsx7sCXtOdVA4B4FKDJY+8v/m453PzOv8umQuVwPqHdMOhQEO6l8duVNHGgg== processed in 378ms
[2026-08-24 06:00:00] [DEBUG] [payment_gateway] Transaction payload payload_hash=sbRYpcretcfABXAgXaUIpITdquEBquN8GPd6YpO93NBr/w/My0ZgmkE/9/QaK5Y5apLIOUX87VOR2iUdVo22/w== processed in 162ms
[2026-08-24 04:01:01] [INFO] [payment_gateway] Transaction payload payload_hash=8jldf1uspzGEMNjeyuajmkJr9XLQS9P1zZl27BxlSlb8kwKQ/oWYitxHDc9OQykpXKm7ScOcR3rR/5fKT5OjLg== processed in 361ms
[2026-08-24 07:38:47] [WARN] [auth_service] Transaction payload payload_hash=7MAzncEhW+TZETLVoJMEp7y2xQXa5S/gRSjJdnvlMCbHRKsND6djUx1o/9+/NKLc3CrhhBjhJ/9Ti1p179//PA== processed in 312ms
[2026-08-24 05:09:50] [WARN] [db_pool] Transaction payload payload_hash=edw/fQW+5UBL7E/bUAnMQyd8TwBRhRt1x0TqzUc/CdKEv/wNPUSUWzkPk8ZX1y4M6FZtjH9z+N8vCer0+xLq7g== processed in 496ms
[2026-08-24 03:44:49] [INFO] [db_pool] Transaction payload payload_hash=TflWWLQrBDUYJYR2GxC4sYzY+LifINBTzRKCC//bYTH1vbKSKbfCno8apad5W62EdlBzWvrvPzo5kzgWzvIAbw== processed in 49ms
[2026-08-24 08:19:41] [INFO] [auth_service] Transaction payload payload_hash=vKlCXBlpaEhzfL9Hs+LNevyYSrmAlUtpmt5zMH8dZGFRcCisk82GuwY36T6FZnFcPLrYuBFWptnEXzzFev/C0w== processed in 359ms
[2026-08-24 03:07:06] [ERROR] [auth_service] Transaction payload payload_hash=WgCjECOsrzyOXem1DTYx3+mQ64q0Ml8z9BTgULLObvWFAWmy+mWz58csmNoLTvghHsu3y3SdocQ0Zt0KuwuMEw== processed in 474ms
[2026-08-24 09:00:55] [ERROR] [db_pool] Transaction payload payload_hash=nfvuhrgQbXu0HGzjyv2PZdY3AQvLf5vfWOzycBTfmokSidzU6tJQB0+2yOantpUq35dquBOdmHAhzp+P/kCXBQ== processed in 289ms
[2026-08-24 06:11:16] [ERROR] [payment_gateway] Transaction payload payload_hash=V9hz8gqnB7/+fhilIdBfAODXl23XdJZCeIyRb6dNA00vkQwZTu6ZkM30+WeAB+FxQwAq0O/PdWFTnUQGdpVX0Q== processed in 433ms
[2026-08-24 08:42:08] [INFO] [db_pool] Transaction payload payload_hash=3Ymv8S/C2f6uyCJ9fuKjziduKYz9kmYHMk4lcuukS6/cZe/4E8XreL/emEeT1/m6z/8HnQPu5A8dGZw03krE+A== processed in 42ms
[2026-08-24 07:37:57] [DEBUG] [cache_layer] Transaction payload payload_hash=JVt+5qjErKqGwTyEFXd5XA6mmZ+k3t2wcP4qGX7QXMdf1icQj7APu2/l46kBHO9PomcMd7ZAYvWOC9dBFK/arA== processed in 250ms
[2026-08-24 09:57:16] [DEBUG] [api_router] Transaction payload payload_hash=oHtekjJfxM1SenmVTGA0kM8QvTtbqcZdYiiLyoAYxOXqWmuHrHMkBllTSNLQYNOXZJM8n9myrLEh+xdXaXGKHw== processed in 480ms
[2026-08-24 10:26:08] [WARN] [payment_gateway] Transaction payload payload_hash=5K5ypaIZVQ1/iCs36ChkFhJFWeeTzD+F69+fVKenOQJfpP4b3PKv3C3qQJP1AB6ElTzRZYIxHght2+YNXyVNiA== processed in 250ms
[2026-08-24 07:49:59] [WARN] [payment_gateway] Transaction payload payload_hash=FZAI0zpPL878CvnwcCIagf7cWuemEZYHAr1ChvJHg1HNs8MDu+DnCM0qCV/RqxoIm34Bs01c8q5M7NBMhwUFOg== processed in 78ms
[2026-08-24 10:29:07] [INFO] [payment_gateway] Transaction payload payload_hash=tBRdxaYTrMLKoIeKj9IIlXzzea9/DbIALXpIzvIHqxekwAEvXgXvfaxpRVDmN7gksgHx4vbQXR8SW7YKbUZymA== processed in 349ms
[2026-08-24 07:42:22] [ERROR] [db_pool] Transaction payload payload_hash=TyYsuo1WOqKAzUQ1gqjWqVCel/J1DewzhJrAJSsdobEW0r1F+J6YFPzmUWXJM2MN2VNxDedIAFpJNyFJmzqvxA== processed in 203ms
[2026-08-24 10:12:01] [ERROR] [payment_gateway] Transaction payload payload_hash=bDhqvuCzQYKKHd5y7b8VNL4Yz3LYcoAMFg/At937FKkvdqVX7dJgDPkk/7xnievy67q8CNjrujykWcfw4erPZQ== processed in 359ms
[2026-08-24 06:00:38] [DEBUG] [cache_layer] Transaction payload payload_hash=4H9xCb5iBvpIoPHIz/t0vHh5/BUm+MsV/af5cAj0o4PybczL1D6b0S9+UXFt4d7Yua+turFD7/J95KfyBt56Tw== processed in 237ms
[2026-08-24 03:07:44] [INFO] [db_pool] Transaction payload payload_hash=/m588cE3XUaJlQgU+6Xc75NH0zpySFvO1yruzdmysdFPq6tHXY+yySv1qS7IPL5fF14Da5djBaxw+fOQGXh84Q== processed in 224ms
[2026-08-24 04:37:03] [DEBUG] [payment_gateway] Transaction payload payload_hash=WgLCNl0X0MZloHT5QQDRv23P4i0n7ykWZhoyrSe9Cbh8ICriJx3zSSawYf5UyKlyGlHmHD4xb/z/epPOQYgxLw== processed in 410ms
[2026-08-24 02:52:06] [DEBUG] [auth_service] Transaction payload payload_hash=xj1nLfPmmQvMEIQIzi4JyBl1E1F1G8kwG4Q5jywN1ecznGJzbRdx3XmBe8c1oe0ybBiDEQu5ellWm8KPVcpZuA== processed in 265ms
[2026-08-24 07:29:06] [INFO] [cache_layer] Transaction payload payload_hash=CfOW9ExK4rZbwgLl0CyH02Iyk3D+a/otpp59lXiaqeCMOX5o9W6nRBBHLhbjSIbM39hQ5KwxCn6TQbTduZsyXQ== processed in 202ms
[2026-08-24 05:43:31] [DEBUG] [cache_layer] Transaction payload payload_hash=8d3JKx9XQ2yK89zye+DEEiHv9EJjNdgtxUI7QvqF0Z04vNIBzZdxUQgf+Hi1e8cukekekHA62PPO35QUyQhlSQ== processed in 432ms
[2026-08-24 11:01:16] [WARN] [cache_layer] Transaction payload payload_hash=NOmEjx30PlgbcW83XQUwST7q6fZa9JU/CI5jfFCVB2wWshPbTA4nl8q73GDDj6oGOtd/MbPsrIeSNBmWMR6EMA== processed in 321ms
[2026-08-24 10:32:59] [DEBUG] [cache_layer] Transaction payload payload_hash=74Dvfiq3V8P9yCz3L8XOWEWtG/kjQpVgiEbU1s2JetL+PES/OlTHafvQ7RTN99Vxd35epWnObjTlDVntfmkxFA== processed in 220ms
[2026-08-24 10:47:15] [INFO] [auth_service] Transaction payload payload_hash=5BzFruYr6LE7GKXKiy+SNUMTXhrIgwcvUnf1cGAttfiMYEZ0B1bTJwVwSLYHr4bmnBE0QNdTpFW6VLnMMDL9AQ== processed in 109ms
[2026-08-24 10:42:43] [WARN] [db_pool] Transaction payload payload_hash=8+RfWkjNNPGxv9lhzxOvQ+KE2gJVKD320rXXotj7gFjnQOKapV86TVVB2aaaNIMH34l75jmYT9E5nWYCAiT/KA== processed in 336ms
[2026-08-24 02:57:42] [WARN] [db_pool] Transaction payload payload_hash=nkAMKjIAkEvvK37WEvWaTRVv37fTp+X6ZjZLk0TTfvyNZ3MPRLnoAU0sJ4XiY8rmZ70k7HwfXJliQS5LZLj2+g== processed in 434ms
[2026-08-24 08:40:31] [INFO] [db_pool] Transaction payload payload_hash=q74o0H+pelyZUvk3I/B9T/FX3WkOOeT1dGh7vSP9dofdRlWSH0k48wP2dPCgcqHYPUHS3HtlRzges/LF+zVV6Q== processed in 223ms
[2026-08-24 04:16:31] [INFO] [auth_service] Transaction payload payload_hash=SitbI0s8cQuhmD3e1IbC8VSFhqy1D70AXQJ3a4GUWGsiPWU/7cRmKQGoJhAldI+HN4Ji91yfVt8vWPFxRrdmuw== processed in 413ms
[2026-08-24 04:24:28] [ERROR] [payment_gateway] Transaction payload payload_hash=If7DEC2NW3Wwts5PoiE+kWlVM9HTIx3RrL3ziiC7v+JDLpQPz5llUfn4eqjLE3RxOLkaZj5FqXQIlrYRLba1hQ== processed in 371ms
[2026-08-24 03:38:33] [DEBUG] [payment_gateway] Transaction payload payload_hash=j3KBMXgCXIHJ5FjmT/EX6Q3MFt3AQvIQKgXSn/+NrJqW6ZcCkoKYsRk4W4pnYP3jayAdBL3Y7vhSToT2KhrAWA== processed in 126ms
[2026-08-24 11:15:46] [DEBUG] [api_router] Transaction payload payload_hash=tWUdT+pU8oz/SvCH3TdFWAJoDU8Rk4Lgq4TRhut4gTTTesHrLiflY4cizqbwHMFjWter7c2MIi6oHq9o/WE2HA== processed in 33ms
[2026-08-24 03:25:44] [WARN] [auth_service] Transaction payload payload_hash=3f1WGAhrjdUYIaW8z2KCwkjJmCQ0kSLuN4vAEUOovJ7ER7Uf0CzEmK40wcRx8e2c5MgckuqCdHSfp19ZQK4UNw== processed in 201ms
[2026-08-24 05:42:31] [ERROR] [db_pool] Transaction payload payload_hash=ZcYhiNussAoU5DujoI4fc0/4c2UGmjTOd7LGUoJpQnmbsvMTMTtY8s+ftWTXwLDljnRtPzcLa4j7gc9kJNQ0xA== processed in 317ms
[2026-08-24 11:09:39] [INFO] [db_pool] Transaction payload payload_hash=CxFjuMtejoyxvRkFVSEgRiURHHXoCUMKyob8F9q4nN40mxccieeXsU/6lNY/i7KLu67d9/kkDsMe5kUL9mTNkQ== processed in 357ms
[2026-08-24 07:48:40] [ERROR] [cache_layer] Transaction payload payload_hash=LngsboHgi6JPBRBvREnKcm4B/oiPv/eN/h+IHg9xP2HQ0MYChLPrGuFFTClt7+GwQsN04AvU4iqxPtTBpiv7Dw== processed in 264ms
[2026-08-24 09:22:35] [INFO] [db_pool] Transaction payload payload_hash=t15WF4JkcG+GyLbbThX+fGW2GzEITgNtDdtxW7asn/c+mcLK9oQ67ZsbpJtAS/Sq8JTDkmWsBiGMc5JOOYESZw== processed in 99ms
[2026-08-24 02:24:28] [DEBUG] [cache_layer] Transaction payload payload_hash=bwHqFhs6OQPWb04Hgjt6xiCijyiiWjhG8SyX04XpB9sPDNK05Xx7MZ4fLURU8Rqo2LPVPGLrXqFA+pkGk7q87Q== processed in 299ms
[2026-08-24 07:59:57] [DEBUG] [cache_layer] Transaction payload payload_hash=vx1ee50vcV6YPM2pVGjzinGyBJ8M/S9N9K+5kgp95VauvkBj1K962XZUdkLCxKf5PkO5duCYTOd1H/7eh25pYA== processed in 164ms
[2026-08-24 03:28:04] [INFO] [cache_layer] Transaction payload payload_hash=H89LZ/ro5m168NXnzNdLfoq5P2UbcneTjFu9ApwQ9xtJK6mfXCevbA//c5XRGA+V8+AJu/ZhYJIhJoyo2oflKg== processed in 331ms
[2026-08-24 09:32:57] [DEBUG] [api_router] Transaction payload payload_hash=ztN17UmhY5O67B+dcG6BSl/tJlbn51tBzWj8u1l8XyaSdElX60QKPAtG9ZlyrvjJFikfD9u7DUkiAOgspvSy0w== processed in 497ms
[2026-08-24 04:47:29] [WARN] [api_router] Transaction payload payload_hash=vGbI0Mcm3PX7kwCehqXss5rQYLTIfo86huwMY23sRkdlnNH9UwTdJYdad4rJu2jjRE0taN4WtXerhBOfKeyoNg== processed in 34ms
[2026-08-24 04:26:41] [ERROR] [api_router] Transaction payload payload_hash=BqUkcoGr2JpJXZhID7B+Tn8sPEESiNQjd/sNvn2lM/sS4yI4XWl3LGocRYYR+srL1WQRTP4OSegZapE+0Nix2Q== processed in 257ms
[2026-08-24 05:08:58] [WARN] [api_router] Transaction payload payload_hash=RJvIdYanay6hVwHspCtczizK4Fl1qnFE3WD2mJ8uoqYKEUOLQjbShGzDkhvmYLvY3k5HzkJIFQ85D1S7sJmUEg== processed in 371ms
[2026-08-24 10:16:55] [ERROR] [payment_gateway] Transaction payload payload_hash=0kNA7Zeq7fH77RpSTd5BBzsU9qy05O10hlF7X2OU2zqrklo1UR4Zb8mpLLsxK20h3+a4Dj99hgpcTEfDVeYFzA== processed in 399ms
[2026-08-24 05:26:38] [INFO] [payment_gateway] Transaction payload payload_hash=KWeC7Vglbp5PPPLyT7UxeZh85JVy9rBA5gj5VOasca3lEa5yjEkE1Wvof5Z6K1lEA1bgSRaBvdIww4+rf48o1w== processed in 45ms
[2026-08-24 04:24:36] [INFO] [payment_gateway] Transaction payload payload_hash=Jzyqa9HhMdcQv27gLohNGtPoB4DTxNK1AZWDk4S8W6JwNpnbrooZbnypwwhDUYW1nbkJ6bRFMDAkHbY+kyCLuw== processed in 132ms
[2026-08-24 09:24:56] [ERROR] [cache_layer] Transaction payload payload_hash=y/z7ttHcpfeod5ge7ShwtrvuaI2I83wqhjrYcomp/LVJlKMqv/07mDXXzsMKn1SFxIZf0iWOON83BKgPLv5jbw== processed in 350ms
[2026-08-24 04:47:51] [WARN] [cache_layer] Transaction payload payload_hash=HsEyYggu7Xpc0RShLGPBFTwWsSGynaV5xYxmioQlhP6cOVZsthkdVP4X/kNIhR6twB7vCqhWfS6M0G4vrMHnig== processed in 43ms
[2026-08-24 07:21:41] [WARN] [db_pool] Transaction payload payload_hash=IbF6d2sql6J3eqb35G/kjE21bOhK0x9tg+qA8zUYmf8MA3w87cVmW20Q8QO83L4gXRgg7KZ34T+vw8615wh6Kg== processed in 248ms
[2026-08-24 03:24:34] [INFO] [auth_service] Transaction payload payload_hash=TRzvXgDWHVZcge4u8i/83bHB+stisYnx2Cw8AjHyLDhAoFPkJVYe+n4NvysH3Znnifk1d2SwjTJV5EwSF61Kaw== processed in 353ms
[2026-08-24 02:22:36] [WARN] [auth_service] Transaction payload payload_hash=+S10WsBQxBIwGhUMihUOBEcXs4MSUlshYhgdp/9oDEBaMEIkQoMuIM7aaZ9sm2QaNwiPx6s6k1KJH48jZR+FWg== processed in 318ms
[2026-08-24 10:59:54] [ERROR] [payment_gateway] Transaction payload payload_hash=HnAfC4h4hHzGfb3F0ia/mG6xSy6QGNgx8nGXfMaXpyb4gqQ23Yc0LZgQD0AOrBiruBzwVsI8I89F5vseyqpwOQ== processed in 22ms
[2026-08-24 11:08:05] [INFO] [db_pool] Transaction payload payload_hash=ayJZD1cmgKnj7RalKcNVY+1c+gpYPc+JNyGpR6ADoA31/QpKwgHHxUbcJ5yah5iPkOz5CO7ZVWO7uW3iwhEtNA== processed in 466ms
[2026-08-24 02:43:33] [DEBUG] [cache_layer] Transaction payload payload_hash=iBXkkysFPzJdM2eoQ3HO3L0kRklvIVvF30KwcQcyVulIiXB1/OsfcE8RHs1wEqZdP3BnkCz7oHVelj025wbZxg== processed in 312ms
[2026-08-24 04:15:58] [WARN] [auth_service] Transaction payload payload_hash=yOuUK/zDa11wRiYKiR6skA21SE7PgLNxHZ2uYWNj8hbMK03+Yfd99nVACdoK+/QAPbeAxi3IRArcxgBv8dF/+g== processed in 438ms
[2026-08-24 08:49:34] [DEBUG] [db_pool] Transaction payload payload_hash=nAmg3CHA6meQ7H5R0p9t/7VfPV5se6MsVUf0JgO9f5X6AXh9hvHT1PcMm49UeH0Xp+JaIj86yBSqOVTgDL0bMQ== processed in 426ms
[2026-08-24 07:15:09] [INFO] [auth_service] Transaction payload payload_hash=CXgd0keZZYrgEcqjWBI57ttIRxW//n3U0EMba66Kw8Tq7rhvWsaxpR0FlZHqi9fPp0uUhGGOPKLZ3jKtAXgfTg== processed in 178ms
[2026-08-24 07:12:21] [INFO] [api_router] Transaction payload payload_hash=AL60Cu7FCFeVaIgXLTcfe+6R3UhV9kloluxQC2+kNL8iHWU7+J7CX3DwdLa4gBKcbUfSZLmZE+synU9kwzvrMw== processed in 487ms
[2026-08-24 11:21:04] [DEBUG] [api_router] Transaction payload payload_hash=FdOT0Fb8bsNFi4LaOcOswT7YTcv8hrpwwzOFy8RIAP7wfEmuh+jgWuxi86cyB6b3BVWBf2NnF+8FrqeUn6Y3QA== processed in 170ms
[2026-08-24 06:58:44] [ERROR] [api_router] Transaction payload payload_hash=tQ4STPTkx0/FGSeOwn8I8CuPMaOSomOSgne9j0L1lRKI/TWL25BPd2h2oTlnfxdwdMZMExlI9pHiCvjCT1IdZw== processed in 148ms
[2026-08-24 07:18:12] [ERROR] [api_router] Transaction payload payload_hash=I9qhPQi1CpdKnxSkNYTJU//ghwC477Zii0tZJDmELksPAlSGzMFZxDboY1WUqx7b1Pk/8kiG1ctNRb8LAFDVjw== processed in 418ms
[2026-08-24 06:12:27] [WARN] [db_pool] Transaction payload payload_hash=SUnnVRMEaNoKsNZmu26Zq+S9TSGZJhSfHOt28K05XHwL9m+mElY04XE5LIKi411APLE+PLs2GU/OsuEFshooEQ== processed in 40ms
[2026-08-24 10:29:29] [WARN] [cache_layer] Transaction payload payload_hash=wxTi0i9vzPp2+HsCgzxSKvTDLNpoO4K1x0wIa5/8ROVkToLIVJwzK+ioZVNSdiTj5esboKOPACAel8NoHK+anA== processed in 451ms
[2026-08-24 05:30:01] [DEBUG] [cache_layer] Transaction payload payload_hash=kO/Oo9zK0PbLgnnpVn6E4atNjRLL8GhaApcdHtT3IoZQdc62/Pklt83T6CL9RyCuQBgsKeZDuBLTj5vNzLg5fw== processed in 155ms
[2026-08-24 07:46:42] [INFO] [cache_layer] Transaction payload payload_hash=I0XdvpyJA1pUyw9fluB5d0i31Zl5lAq+rTyyLj3HsOS5SbxtHU6XUzfHTvTdZC2nDm6L8FFF1YScY9tliNxfNw== processed in 216ms
[2026-08-24 09:10:57] [DEBUG] [payment_gateway] Transaction payload payload_hash=yJvH2jxiLl2Bg29KofLAEp259g5ANw370pwyI3Zv+L3nKkVb5if6JtnPYRZxhiOnUzPAI6rf6wce7Z+N+wV27A== processed in 140ms
[2026-08-24 08:51:44] [INFO] [api_router] Transaction payload payload_hash=Jb79T8ryeQDhp+22GlqJUv5A5TLSbgCNqURE+2DS26b5X4oDHTcy968Pv7XNnIw0CQDpkp/f4w0yofNRL+WFRg== processed in 469ms
[2026-08-24 06:08:49] [WARN] [db_pool] Transaction payload payload_hash=PRWmrGu4dJj3AkwUCufDaJuIVXJiNL3FtmkY5wxuktn//OLTJu661FsDxt73CHH4+mZuPOdxrFsY12K8R3NFhA== processed in 257ms
[2026-08-24 07:00:53] [INFO] [payment_gateway] Transaction payload payload_hash=izeTUqZR/Ok2cjSYQFYBN3fGLF4BGN6cph+7i7ZU7XWQy3YjKQmQ/kuaPpm7cVxqatqLBiDPqYyEDTd6nlogGw== processed in 423ms
[2026-08-24 07:51:12] [DEBUG] [payment_gateway] Transaction payload payload_hash=H6OTO+3dRaE9Ead5Kchhj8iN16x5a1AptbAiqPNVvTbGvRsiyYuKiA2GHGDTWlD9eqT07T5cOilg7a6uNPOAgQ== processed in 126ms
[2026-08-24 07:32:24] [WARN] [payment_gateway] Transaction payload payload_hash=He3KKkrnHz1lKYj8Q6cpuls4HbhLTgIleiF8RC/QkQFB66PJoYttwX9woBOgxFEKGmvjWovezqnj25ieFsuuyg== processed in 303ms
[2026-08-24 05:02:56] [WARN] [cache_layer] Transaction payload payload_hash=Qpji2nmOpbr3jqnQ1b7pAKHOJWJxa8FJ401/gd5UqulBojoGcqaGFHRQiU1LWIT5NcAuAN1eEub9VG/qkQ63FQ== processed in 295ms
[2026-08-24 06:13:45] [DEBUG] [db_pool] Transaction payload payload_hash=SE/ecupjXnfy4M8MTBAnOrowymzIe/ArcG+SW+pgj5iPIyu4xqMh4LZIns4goLDoDyjg0s0KzYSA+6B7vWFEdg== processed in 284ms
[2026-08-24 02:45:03] [DEBUG] [db_pool] Transaction payload payload_hash=NxpkWmnyz8Y7MZArjDz9t0r15MWfHr4THMHso2a4QL0P6s8n1Qm7RayjBMzgAgM+wjoTeJKZ4EsS8qI5qMfwvw== processed in 482ms
[2026-08-24 10:03:02] [WARN] [cache_layer] Transaction payload payload_hash=VHv9H0huExpNLGG3p1zaDAjkUFunvRQpPLf4VhxEduhYiYBOahYx5gPS0QfP00gTWvpRWSmztlIQuuC3q9SkuQ== processed in 86ms
[2026-08-24 06:23:19] [INFO] [cache_layer] Transaction payload payload_hash=yX0XI5M7dWlcOaHvhOgY23oa8q56ohHULf72i77EE+eC5A1iAHUHo9qGB1Zq8yXTEd2TjoAAKuxRJMrLDVgOsA== processed in 123ms
[2026-08-24 05:15:58] [DEBUG] [auth_service] Transaction payload payload_hash=6kqIfgkCQu3oc8m5aY4wZGO672YXOVUAKn9+jeJSYso60GMM4Pe6cn9XtvmRf13jr2blUX7Akiq0pT7m8ztdFQ== processed in 136ms
[2026-08-24 08:48:31] [ERROR] [auth_service] Transaction payload payload_hash=MTWYbre20Iz5IuZ/rfGPhRxEYJrX/u1MG0+UwK/CpBZ5XW8YOuFYofRWG0x4I6nb9zAqCO6fNZTQPawUgUz9zQ== processed in 184ms
[2026-08-24 06:54:54] [INFO] [cache_layer] Transaction payload payload_hash=NMaGUR0EWrNbOmsIlFnmu471hZQ3BJf9/M49GANRES7oLXF5X4rVHs28LrQ7v2jX5358wVDJrGm+l4H5rmPyDg== processed in 418ms
[2026-08-24 10:13:14] [ERROR] [db_pool] Transaction payload payload_hash=wtXVqsanEJTiOK6Ru8xYDjVasfSLg795eD3ZukrCV27djMrsgdUox1bH/tm3jt7l+aAwP16bXg8sTbSqukqUBw== processed in 402ms
[2026-08-24 08:55:37] [ERROR] [cache_layer] Transaction payload payload_hash=X0uN7D6hjObzs/0Ux1I5SdnHbiUlEh6Y+P7++1ho7XyH9YqBknVva7cs8iXakd80HVORZANImQcEn1BebMYD2A== processed in 121ms
[2026-08-24 09:08:17] [WARN] [api_router] Transaction payload payload_hash=ErkIBRwyT+tYXArikRSqVIROboBp0UPFy8VF+yuGPsFKawMsxoDEVJB46liC0CVRtcyAkXLFdNSNYUlhhFfKwQ== processed in 257ms
[2026-08-24 02:34:13] [ERROR] [db_pool] Transaction payload payload_hash=Cuc7l9kX53ZeHxnFpso4NpPTtHt5V5KHQHB7S8ekj4P/1P9u6Iqk49NVu2atDWBuRzbGLdzi47069IZ7MTkVPw== processed in 352ms
[2026-08-24 06:16:12] [INFO] [api_router] Transaction payload payload_hash=YnpMIhQsTCDT3uRx9dWCUJSl7W2/BjGd98ASZcrfT4zkZqh8v+WI9PW7+fqU/ZHt9TbRS1D5L1NddcRCm+afiA== processed in 159ms
[2026-08-24 03:44:45] [INFO] [auth_service] Transaction payload payload_hash=iTpA6GEFMIrfTvNC6Xys3JbYIJrPzBaVoX2NYs9eMT2up72zfrsSzU83Qz+n6dVCnGxyGuSJ6Bqv4rlp6G2zvg== processed in 484ms
[2026-08-24 06:34:36] [WARN] [db_pool] Transaction payload payload_hash=KgeeJOiBXFfYJC4EeAskOKsR/Z1o+S7lBipNeJIcBvm4lzggIAu4sm2nXTEknJzYHEq/p4D7Lbsfgly2lscVDg== processed in 46ms
[2026-08-24 09:55:24] [INFO] [db_pool] Transaction payload payload_hash=vVMO4iMBzhLO6voweVKnLyLnsWtTmn/dkIRnyYsB59jNSTD9ANmD5RxNxke52rAAqwDZWmXnHU3fkmC004qi3Q== processed in 196ms
[2026-08-24 03:31:29] [WARN] [api_router] Transaction payload payload_hash=5gi7obee2+5jEBQoN2UIHexxTO6lhTfMPpd317Etzlf+qaj2Z/RFaB0Ng/+zvh3KFY4JFZPGil6Acev95cR+jw== processed in 493ms
[2026-08-24 09:57:39] [ERROR] [db_pool] Transaction payload payload_hash=Xh8g4W0gbnRsu8lgRaH3eLOlYgcTYhqqSopWudLpHzf0bhBIKzgLzpgzXDkjU44T13ovEqbIoIB9vRvzF5qT6Q== processed in 430ms
[2026-08-24 09:12:32] [DEBUG] [api_router] Transaction payload payload_hash=QonmHhdPupr5qDlYf7GZetH+gZY9xzxZ0+o7sQx6aMVSs/KJGAwYhzJgmo5n/3alL21+FFzm2e78K//kxJcbmA== processed in 437ms
[2026-08-24 06:25:43] [INFO] [cache_layer] Transaction payload payload_hash=D/hi4anmt/E2Pxgc5pABHzsPMi4/zKm4TeSR1AjCq4PMfXrO8ovxeDiuUyEJ297xcPggv/TvO2HTXyd9I7qSGg== processed in 11ms
[2026-08-24 06:25:00] [INFO] [cache_layer] Transaction payload payload_hash=xAt5MPbYNFJ0SSmMB02MWIi7tlhcXxrY9/pbsI2XCrwnM66QzsOsl94Bc1uNNjNVa8N33ziYsvGHYIQpXthYyg== processed in 495ms
[2026-08-24 06:37:12] [ERROR] [payment_gateway] Transaction payload payload_hash=egdM9K0iDJGy20gf4//JDIV0qd5mqGvqJAY6gcSvoaQ3e7gehmQFBnnaxSVGArX3p1UYeK3IcgKR0ANMQXV52g== processed in 377ms
[2026-08-24 10:49:27] [DEBUG] [cache_layer] Transaction payload payload_hash=ZDaABrOP96zzW9dF7t9Vqhp8H33YTPL4kxlGKloGK/ZCdWmlSJ9QVSaLY0h/7DD9ESHm1FvfhdX+t3qCz7sOqA== processed in 390ms
[2026-08-24 08:42:38] [ERROR] [cache_layer] Transaction payload payload_hash=kQ41Orfq9u0FaejQ3XgMpxadeGhETMeRAQcAPliHdPV3jGtydWBuj2bXUf32ecSu8JIRT63CcbYWn9EBENQmxQ== processed in 219ms
[2026-08-24 05:23:24] [ERROR] [api_router] Transaction payload payload_hash=qlFuN6EiGjRvpk4ByZXtztXReHhRcg/hdvn4nQUQivt3lt17cBELDwM5eLn0b5QqJl2PozSXCEPmzzKMLNXvzA== processed in 143ms
[2026-08-24 03:46:29] [WARN] [payment_gateway] Transaction payload payload_hash=dVeUGbeVBqmxk94AKDX2nQgcRLuC8kDdemkmZIkIpG9Oichjt2f8tV7z0H/t19Q0R+gMsYxdCp7Wg5uYL+7EmQ== processed in 99ms
[2026-08-24 10:16:07] [ERROR] [payment_gateway] Transaction payload payload_hash=UjiN7OsTE3EGN7cOZ9gG1P8g2IEmftWTSSTdKB/H3VG2MxCyipvsestkufPfLzTyykXj0mTrXrLVuGA6PC3xMw== processed in 410ms
[2026-08-24 03:51:23] [WARN] [api_router] Transaction payload payload_hash=CQqduIhaxRoMHJOOz19V1iC7pBWpWmqVi9yPBMYIcKcyBd2WwHZ23BTWBCts4nJzl4if//FLznz+GGZPP8wizg== processed in 103ms
[2026-08-24 07:15:26] [DEBUG] [api_router] Transaction payload payload_hash=Gvc+7zyisqFwC4gMvubge+NrkXiD2qK3kc8wK49TwqK0+crolMLDGCbTooPOlLO7YPlhcxYDTm1yiVMlAYV+WA== processed in 176ms
[2026-08-24 07:49:30] [WARN] [cache_layer] Transaction payload payload_hash=M3ZkZJVfGd5PMvbhfQF8GsD5vS3eYNedBnX6tZDBcWQWzlLRvv341gK+kvY4U7lBFxjC6tlCjN6MQWtnF2z+JA== processed in 482ms
[2026-08-24 10:46:03] [INFO] [cache_layer] Transaction payload payload_hash=8ZQihS9eobNTA5qDwaVtZkRQHXL/HPSoj9C1yeK6OpMiGk5aDbzv66cqGQ9RU/o1rNbd9deJykUA6HCbXATphg== processed in 118ms
[2026-08-24 03:45:32] [ERROR] [db_pool] Transaction payload payload_hash=QHb9p5qRvNTvJSsvWTzR/BdN2Q/uhBdD2fn4iTCjK+LrLFeX+S1lIOnhAeJels14pYCi90x/tlq2H6fzgY5wNA== processed in 161ms
[2026-08-24 08:08:29] [DEBUG] [payment_gateway] Transaction payload payload_hash=r1w6obiSlYXIauOm0nCFktxO5CUk9AMdlzM/z96I7AySa2QS/tUJBO6RUHigSHY++rGWytjoYWHhNQzziLHUxA== processed in 324ms
[2026-08-24 04:54:42] [INFO] [payment_gateway] Transaction payload payload_hash=1FCHNLSXFk3puFL43JbZI2DncqwnMSIwaouy6HLUwvFvoBTEDVl7vBhcYs5WvpciKN/B+f3+tuxHARgMbFE/QQ== processed in 206ms
[2026-08-24 11:03:20] [INFO] [auth_service] Transaction payload payload_hash=+HeHdNAcKkPEqLqFXTtPKzJSwXCA8qqJADRrgEhUXr2CrLOAMo+KOIVybCV4YM1lgiyxBdzHT7MAIEaA4gRuIA== processed in 190ms
[2026-08-24 07:58:54] [INFO] [api_router] Transaction payload payload_hash=lTwprViOMAaVf13QRMQ1dGmpQdFV69HrSredfg2U2JhYCBAMOCV3JbqgN5epgfja4QBlZvPWuV31gBwfX1NWiw== processed in 282ms
[2026-08-24 06:33:38] [DEBUG] [db_pool] Transaction payload payload_hash=pAdWQFknzwWjR3cTOxTZlEpv5OOo+m73teEEJs2QCNHkjQofXOCA5Vu5f26fyvmVVnkg2i7h7lNRT+d4phxxUA== processed in 313ms
[2026-08-24 09:11:47] [INFO] [db_pool] Transaction payload payload_hash=YWCKJVQ3hmITaRYwYqjGCBiHdkiNead26kI6hO6MlMJEBPpSvuu3h4vq+8f8jnUm8zUOxZ9ZuhRlPAHPqsS1iA== processed in 353ms
[2026-08-24 06:29:54] [WARN] [payment_gateway] Transaction payload payload_hash=UlH7l2pMTFTd4Z08WfZcC/ONdpHxkaldrfQGGy6RR94VkxNTFBtzJ/KEVeUdGhdChnItIH8tjj7P7bwcy0A/kQ== processed in 276ms
[2026-08-24 10:19:53] [DEBUG] [auth_service] Transaction payload payload_hash=6Q5ph63YyLy0uLqQK7Jam9rBfsKOCbVq+Gllk3LmNvZKIf8ZZsLKy4k/F7CzY2LJBy4QWrC0iEtAsFJt/Qtk6w== processed in 113ms
[2026-08-24 05:17:56] [DEBUG] [api_router] Transaction payload payload_hash=jehoz8FsJPZnXjhjrvl0XdpyhGrGrZSJF0gSYANgLZD1sJ/MMr08GU+7owCTepLmjCGCXFcykGqVdOMj71TVnQ== processed in 143ms
[2026-08-24 08:30:29] [INFO] [db_pool] Transaction payload payload_hash=Paj6GjW0dhO0sXa/NG9Q9MF1np5q2ZW8Rhadp98jvj0ydtuTUr20/uhHLVrDM0gyw4uAxQe+w2+PQBY7JcJs/g== processed in 98ms
[2026-08-24 02:23:09] [WARN] [api_router] Transaction payload payload_hash=/Cd4d+tLYMFrcl81Nx66ievbZf9gJfF4is4Q9m3lCqKnaurHRt8XVmLWLAskOqAKoIlFekXT8Owe0xXCO2/fTQ== processed in 446ms
[2026-08-24 04:42:42] [INFO] [payment_gateway] Transaction payload payload_hash=YGGb2Si14q437zI4P4LCeAq/8MN0YPUPZonYT0eUkaRUWsiHn8B1S9jHTG9hHaIWFyvGSb0LTV7QO7d3fAmsdA== processed in 27ms
[2026-08-24 05:43:16] [WARN] [db_pool] Transaction payload payload_hash=ZUXQA7va6yn+/mhBd6MQIWe3FjPiDeV4Wkb5Q7G/34AYGwEBKl7i8pqS7WNrEKBOxJERj1b4CjrYEOp7zPma6w== processed in 119ms
[2026-08-24 10:11:01] [ERROR] [auth_service] Transaction payload payload_hash=lONFfmrEmRyKyl1pZ88YWqG9i0CuGN/0T8sS+dZnt+NimutyBeeRktrUMQ3EuJB5/VNonAbEGX/LAS41l+eS+Q== processed in 426ms
[2026-08-24 09:55:44] [DEBUG] [cache_layer] Transaction payload payload_hash=uKCQERWzfXFGTp9eV5Oh67o+LNpBntGaPwatpZL6Jl/+SRqphusOg/l4S/75li9UdnJtTki9QabYDo1Sbt2yzQ== processed in 414ms
[2026-08-24 02:48:19] [WARN] [payment_gateway] Transaction payload payload_hash=locWIEpBdGWPMFBfyhX3E87gwMesxXD2yvp/TyNZVWlRG3MI47aDyKcby+W5s85IiYWAXERZzrTemlimbcW57Q== processed in 313ms
[2026-08-24 03:03:50] [DEBUG] [auth_service] Transaction payload payload_hash=YIKeP1Vtv9RYnzODGTN8bbHsq7RtQcIZdFfURpcucLkEHl3/Xkg0kW8WNMGR/zn1sFDzyCD3fA6aUwlif5LoaA== processed in 281ms
[2026-08-24 06:43:50] [INFO] [cache_layer] Transaction payload payload_hash=rI6q1HK2zOzDMCBkKZmvCIaZct5IvhT3+VaogIkLh1jGCxFt4IT6bFaWTOXl4GL0shj/rxGSZo+pV1H1du7Usw== processed in 202ms
[2026-08-24 08:13:23] [WARN] [api_router] Transaction payload payload_hash=O1BQwE74UeqcjJOLmG6TTS2jTvhe8eq/Ti0KdUMd35ka3+SvZ6DWASy6xM9KsUKW7GxVKOoON1dz5hv3qVny2A== processed in 124ms
[2026-08-24 09:28:12] [ERROR] [api_router] Transaction payload payload_hash=AtxTIahskuQnrrZ22tcxcD2kVJW+0b3ldEEGzKLC61MRbG5e7zkKEabbnn6wooyMiqo4gZtX1Ltd6u3o51iCRg== processed in 135ms
[2026-08-24 07:25:16] [DEBUG] [cache_layer] Transaction payload payload_hash=lwvfqUTngw+RbpeybhdROPMIEhRYhtpipZt5TlbzilbP0AHyROfcbdkx4DbYpCRriOnICjhRxcqZWVs8QvJdKg== processed in 478ms
[2026-08-24 11:08:26] [INFO] [payment_gateway] Transaction payload payload_hash=wmwuy5/Sdy7cvDn3BpmdKK8kEH6KKWU36b1S4c8b8XxyIH2MWPgFhLGeCei29rCkZxV8LoCpAciIXZrapd2gEw== processed in 141ms
[2026-08-24 06:27:00] [ERROR] [api_router] Transaction payload payload_hash=ePJEBMjwFjqc0rwoffFEUkECFOMWtKqInYJgBlX201bYtU2MlU3jbYYEhq3PPkqCXELK8XgVMQy8Jo4TGMOKRA== processed in 75ms
[2026-08-24 03:25:15] [ERROR] [db_pool] Transaction payload payload_hash=62PfEadc+crHjVaymgcQTTfnxCijrJTtyfh9MMwqkw6HWA1v9IjgjIgktd8lc/d9Jek3Y4nW5kr3Dw0otjYrgA== processed in 141ms
[2026-08-24 09:55:03] [DEBUG] [payment_gateway] Transaction payload payload_hash=i1u1bmmY25MY4pJh7IX4PDjXh4xKeSp4AlhPEsUb4i0UmrdCZHSz1/YSV7U66ZV30YZzGJGKiFLOiMvWlMtVmA== processed in 412ms
[2026-08-24 03:53:29] [WARN] [auth_service] Transaction payload payload_hash=3++DHOptr/wfhHfo7LKSe1U6ql9UsAZ2Gsf14xjK71ClrdrLAKapSUJ/WZX8s5mXEvpdsRvkLl4r+vHs912/iQ== processed in 407ms
[2026-08-24 06:10:12] [ERROR] [auth_service] Transaction payload payload_hash=AFbVDg1gatcPUNrKZEWNtLA9CD8a0E95dRJAjr7MDwJclNY1HLOlC6hdMtLXPrZy2wYEDxKhBuiRVDmQ+n2Tsg== processed in 473ms
[2026-08-24 08:29:09] [ERROR] [payment_gateway] Transaction payload payload_hash=OB2VfUfpiElWE9Nje/t2nIjLKDjJeWxdExm4zQznB/L6lHqpVp8bD+K3xUADcWkhOiMC640XsE6Trzy5NxLvVw== processed in 59ms
[2026-08-24 04:52:23] [INFO] [payment_gateway] Transaction payload payload_hash=/spIGmL22S8RfuRWirs5KeL9obTK4T8/97ENaH71LeUz1vwbXH7/Fy43VqFbhcdiBVgQAoRiSVYGLu/BN8HE2Q== processed in 201ms
[2026-08-24 11:01:48] [ERROR] [cache_layer] Transaction payload payload_hash=lBA/Y8WmaZ0c0oU1A/Nu4mCVoYRp8192zSyQ2nFc+gAzW4bOKwdAIp7hN7+O+3QvLjPal7AtHMVlLN2QIv/cHQ== processed in 87ms
[2026-08-24 08:36:13] [WARN] [auth_service] Transaction payload payload_hash=bpXxCaSV9aBr7ho7LJ2JUJECpfaKmoeCx3Ow+WZqB6LG/SE7MiOTh+LDeg6L3Xvg0SFIakv4jMNpJ3Zf2HP9Fg== processed in 315ms
[2026-08-24 07:28:33] [WARN] [payment_gateway] Transaction payload payload_hash=K95VkjkULAd0AYmjz4CwIi7utHeyjUCW/Ab3fNUs1T3oSAozmbBkZ1bWsWUviIyVqoRSAVSQBVXqi9msazWg0g== processed in 257ms
[2026-08-24 10:14:32] [INFO] [cache_layer] Transaction payload payload_hash=OlAGwS3qwK0+FQW0EfW+H/q/YG+mm333izvQauLaQcW3VT6JvXlNzRhPv/d9lzv5mAo/XI4CMbGcYOoNLil8nQ== processed in 256ms
[2026-08-24 07:38:25] [WARN] [payment_gateway] Transaction payload payload_hash=+fDkJ2LR4lwHZybajqTlhLKIZdn9BWHanv88cs3dfqmaDMjcd34cqPfBLPC6p4pQlhsga3bZYZGa12EzdMKQtA== processed in 475ms
[2026-08-24 06:25:46] [WARN] [cache_layer] Transaction payload payload_hash=ajbbxv2nGbHc65WSdZVSGOQ3Vq1k4CvdPDHhzapgUyCP7rvHVLE21/sQvXhE/JHz722VD8G4O+vvL+KpakPWdg== processed in 357ms
[2026-08-24 10:05:58] [WARN] [db_pool] Transaction payload payload_hash=RTb0kl03ZmDLrvZvGBN+DQKTgrHkA4igd05AOc88RjTHviVT/9KW8+42IPyqoabTNmPZK6bHFHVzpa2y62I2Ww== processed in 191ms
[2026-08-24 08:26:24] [ERROR] [api_router] Transaction payload payload_hash=EFM7hokiNoMVyLI/dlf4vX55U6NMWK6kIO459lFEVOd+MXW4GwCa+KY9wpGvPYlJ/6zlq5xuyouCu+53nQMqXA== processed in 351ms
[2026-08-24 07:50:50] [ERROR] [payment_gateway] Transaction payload payload_hash=6Dsygq5yZ5pEdEfv/dVuqkE32MIaG0OqI5F7ZnC2+znFttKDb756mbkOZpb/WtMxh71fYzDlnnWoXTTpMuyEsA== processed in 266ms
[2026-08-24 06:31:34] [DEBUG] [db_pool] Transaction payload payload_hash=jBa6NxGIarEXbLHphVOucKBl/8a70NXdmKA96HoZ0NpKpdXydfHAHyaqczsPKbVzhUlzLk3HxFl0tsJBMtqC3g== processed in 67ms
[2026-08-24 05:25:37] [ERROR] [db_pool] Transaction payload payload_hash=d0z69qZohZTaU3DD5Zpp/H2xjH6uy0tHOAA9sySLymZuoYoALiYSgkR+xLEgAR13AIEdNMuQNuuVvAj2Va8DoA== processed in 44ms
[2026-08-24 05:55:41] [INFO] [api_router] Transaction payload payload_hash=uzIrFpomQfbZeQG2CFe7wUY8HRDz/jUXCPAWvEyhrOFzRNBS6Z2aDoUKm7ORelyJ6TQ8nIx5kvslmpMY11U1WQ== processed in 435ms
[2026-08-24 03:39:17] [INFO] [payment_gateway] Transaction payload payload_hash=EsgN3L4JZ/sjU2jJqHOR/cHZAUdF8yyF3uFYX7Mw0qAoIOM4xH9UB70Y5UU6GHXSaWmg6xWPHbkOaXa3ivEqKQ== processed in 444ms
[2026-08-24 06:04:13] [INFO] [db_pool] Transaction payload payload_hash=Tkr+W32uSHDNUITsHXU35w34L9luNbVeMSkqJ9ctlq7qG8hzIuvKERBlNwSliK0cSr6XBq+fAONSBd9NFzc+bg== processed in 468ms
[2026-08-24 06:46:21] [ERROR] [cache_layer] Transaction payload payload_hash=gCMUHUwiyKMQYDWFzOMn1qZ0i5Zuz23VRFkkyDf6O9ybLaPi7kavJZqqbBv/+cDhSqAUdWVIj880CCgwH7Zanw== processed in 196ms
[2026-08-24 03:27:31] [ERROR] [db_pool] Transaction payload payload_hash=4EDXYqXxfduaybK2V4F2pKJtkuuG9lYedR7WFVPE+gBx0UsczPOm3YG+5CQZoeykJ/NOokLe/WRZe/u5F9ig6A== processed in 9ms
[2026-08-24 05:36:16] [WARN] [payment_gateway] Transaction payload payload_hash=fNcdeRdm0U3rNcd+H9/3y5Hkp/Vq3rajPRX3NX2rRTp1qnKdsoITMP5+yJbZGw0qtO6SbgsLrgXx+sAYx5vmjA== processed in 224ms
[2026-08-24 10:45:35] [INFO] [api_router] Transaction payload payload_hash=fJcoUHtbsf5wwSlmLzYZb2LCJLMfyBhh/2qPVaPYHFcNBROZB1ixMTZFP6TdZ/3KK+IPUY/EBQuM5GKeM362hw== processed in 153ms
[2026-08-24 07:29:02] [INFO] [cache_layer] Transaction payload payload_hash=t5RmJkEmdJw/qV4WpgysOyka2MuOZX1C7633mHb1SjNhMV80H0cGfFfR1Mh82vounqmqPlhIDD/MP8R+AbFedA== processed in 133ms
[2026-08-24 03:28:12] [INFO] [api_router] Transaction payload payload_hash=ZhNIq1VoTG5NQYMvNuczwEy8uTeXaRaUF5Y4GVs0L9PNY6VqMb5Qx/cIHV4lFPtu1Mn/mQ2YYaQsncNe9e1oSA== processed in 194ms
[2026-08-24 08:43:27] [ERROR] [auth_service] Transaction payload payload_hash=gqvEKIIpMx+DKCVNPwzJA0sjhihiyb8qU5VmkAPBrXOA7CSzdW1tE4YG7Dsp4pUYEMOveKvpMwic0+ue2Wl2yg== processed in 354ms
[2026-08-24 02:40:26] [WARN] [api_router] Transaction payload payload_hash=h8F9vKZEbzwFDh2qUnbxqDTWX6TffXp5tc4YBfsA1Tj3Y+LFqMvS0orM7rYrYn6DolY9ol1Ul+WEy29B9MkclA== processed in 213ms
[2026-08-24 02:50:12] [INFO] [db_pool] Transaction payload payload_hash=qAbocxeE42In4+x+M5kmjUc6yI24yNC6Hhoe0X/r17PQQSf7AKMwJY2t9zJn/10PKYEQHplWKpzMq0VKM+77tQ== processed in 296ms
[2026-08-24 04:09:23] [DEBUG] [api_router] Transaction payload payload_hash=J6NQi0zuOUXrAMexpQmDrww0vYN3fOm8awd83DGVwjsTMgd7L7ynfFjJHnjzy3AceT13nKNw1AQE8H/tVZuNQA== processed in 235ms
[2026-08-24 08:38:47] [INFO] [db_pool] Transaction payload payload_hash=9A+MJA7Oa5SL33vYIZLh7a79jx9W7RsAO89O8gYzfPXxRGhdY6GHYyLPc+nZg9NZoIya1Gmd2aHCzUR1ks2nDQ== processed in 267ms
[2026-08-24 11:08:43] [ERROR] [cache_layer] Transaction payload payload_hash=y7mkUVo0Su2ckZLoHAMbxTm7+m4ICZrN3CgoxDBKRie2P0DoHSse95cFuWE6XpjsmJNo6SnG2p+GG9aF9+kNYQ== processed in 30ms
[2026-08-24 02:57:19] [ERROR] [db_pool] Transaction payload payload_hash=TtZEstKcwOrHljI16oJm7EdpMwrbQvHtRDi7DkzAFGuv596IVYrGanrMPfpbR5capmPzimgmM83PypYGGN5lHw== processed in 224ms
[2026-08-24 02:26:21] [ERROR] [auth_service] Transaction payload payload_hash=hodXV/wmRpkL97C1SjFbdM9nLAzjNwycoHiKHQHMvGLAXb8mt7WVCvfktlQgJ1Lrszg8UVQNR5bcmOK37LiUJA== processed in 33ms
[2026-08-24 06:08:45] [ERROR] [auth_service] Transaction payload payload_hash=CgCNmVzoM5hgxlK4i3g+aCFbrVEdf+9gSuxRvizjH1ThELD4ibPMlxpWI1/AsEvnS2ZWv78WAYxyvuvDGMZ7gg== processed in 226ms
[2026-08-24 11:01:57] [DEBUG] [db_pool] Transaction payload payload_hash=oerhlAvOij7o0BtgXsC8YCgQo4bG8M5K79EVOxRWo/X8t+h5PiHMm7nLynuUfFuGOdfSX0UWVzi+3qrY3gRBag== processed in 218ms
[2026-08-24 10:14:18] [WARN] [auth_service] Transaction payload payload_hash=2Cij+I2OpHYWLMYVDM6BpzegA3SfESE0K8Fo93Dt7rX5qKEb/+uvgA+D9ep1OnNhjX/Iu/srbdN7MXVHLjz2+w== processed in 190ms
[2026-08-24 08:57:58] [INFO] [payment_gateway] Transaction payload payload_hash=87brc6itGDI9JUJsr5eOdALX6g2d7Sc7qqBa9aaemOFxaSJyfQA2GHkWTwxWN4qbk0jzcpjyFe/9VN7gAAhKUg== processed in 340ms
[2026-08-24 04:56:43] [ERROR] [api_router] Transaction payload payload_hash=4wqBe8ffpkXXViQiTcEaGisszQ7+xY73Et7ynAQq9wwoQtpoeR+ZQCM56pp1aBJbHZPdS4ZLcL3P9azCuXJjuQ== processed in 441ms
[2026-08-24 03:00:04] [WARN] [payment_gateway] Transaction payload payload_hash=r58gf+T5f2UKJ+a9ucok5L0v27crIFXJY35PJJomwDoVvJ3XfhP1K7UFQ9bnYlE3bKJWhznrXAJF2VoF7/pwig== processed in 468ms
[2026-08-24 08:09:10] [DEBUG] [payment_gateway] Transaction payload payload_hash=B0FApMpyvnfmvCPR11wqTmWGf6QCSJ+Tgss38hRksYoFENrckHugwEpi/aIpAch/lUjzaNLFQNmrObiMWtH8jw== processed in 180ms
[2026-08-24 08:11:09] [INFO] [payment_gateway] Transaction payload payload_hash=T0SPrjMI9wXC+m0cCMhEkJzoyWJCFI3Dre5tHJ0KSumISVx4vgoObtESxlcukOf62s9c26u/irWUeeidLJ6z/A== processed in 44ms
[2026-08-24 09:09:05] [DEBUG] [db_pool] Transaction payload payload_hash=E3pmpRTR3GUym8XDUmavos6MMmexeAmbj34s+sbLmOD6YgddhCCjD5OZdbZPASO1FYrEW8BhcN4srNywxsQxgA== processed in 272ms
[2026-08-24 06:50:15] [WARN] [api_router] Transaction payload payload_hash=mQjTJtphHwNxxDzBnA4Um9I0hGQ0XUUsVC3O/Ok+qonLJytwfqAW+MutjzcbUElYpQPpXd9PM9ot7rwfMAJ1AQ== processed in 297ms
[2026-08-24 05:31:15] [INFO] [api_router] Transaction payload payload_hash=1uew2sYsIAMS7gHd2PmJlM33RnkAANLgtQJcKUKJQumzW+mgvsGLoLsByJw2C0xtSLXGR418Bo8Mt9s6Skp0dw== processed in 439ms
[2026-08-24 03:38:38] [ERROR] [cache_layer] Transaction payload payload_hash=BCXRWNRbrSVQ0hHMumKzoFn6sFKenoGGwoFa+0M3J6Mt9YUNV+b1yDVPuHVZTz1qBWmJbpYKnvxhNA8g4ZbJkg== processed in 427ms
[2026-08-24 11:13:45] [WARN] [payment_gateway] Transaction payload payload_hash=YFVKCAyJNF7aN+cVgbvFfwjSKhCUG4gCvHso4RR+eLGEo/Q1cEkSWorLGJs14YXQsJ/6MmbhEzOXUwotKopOGw== processed in 209ms
[2026-08-24 10:18:40] [INFO] [api_router] Transaction payload payload_hash=kaDL7LHXEAZbLz5h24/B2P8eEvjD56KTf1+8HDPoApeMjRD45VUsMNhbiSWye8GchXPr6CxgwdMxOHQaA99BUQ== processed in 96ms
[2026-08-24 06:55:27] [ERROR] [payment_gateway] Transaction payload payload_hash=TfAXqHhBVlugoGISEVhf3Tw3vcfuP7LBYyl3hrmsY3Sk/33Hy03PnFHA3MLjRMfkrZqBar3R1u/EzNXLbhQjUw== processed in 214ms
[2026-08-24 07:50:29] [DEBUG] [cache_layer] Transaction payload payload_hash=1z06xO1eeH7zde/45c2eKapQe+XxjBUTuxBC4BbwN8YX9zKYKGmhamSFzfS1xhQhAZes/yTuT4AfWkrzXEVJqA== processed in 6ms
[2026-08-24 06:01:56] [WARN] [payment_gateway] Transaction payload payload_hash=WD3S2cL/pP5qQJXsv7pCqG/SYmWu0e71h3Xcnc9A1vacXjJ58ipLZtMbdhrAehXO6n2022UtUSl0kV5hPbx78A== processed in 342ms
[2026-08-24 06:38:53] [INFO] [db_pool] Transaction payload payload_hash=QhYNoLLwZCGJ2KOud6jXHQqVgcbo7ut6CZzhxUmBG7wyAf5mmnJADgU09HJ6+IQJFKyHsuHQ/psK15NEk+bt+Q== processed in 111ms
[2026-08-24 03:06:26] [INFO] [api_router] Transaction payload payload_hash=LvBjB0RvU4leKtyD56l7JXKMOAf7AoS9t8RKPNIz/QLktJgA93wZqNVZ6xEGUqnRLniG6AxRdry6NXv5gMS2Sw== processed in 436ms
[2026-08-24 08:36:56] [DEBUG] [api_router] Transaction payload payload_hash=YzFaI+1cPv5wkYbxXXCEbZQqPRD5LKCqB65FvpwCjiMUipqVf4CocqM5rGSmO2vBgXfNKzAxjVlcQtWy1Nis0Q== processed in 159ms
[2026-08-24 07:26:26] [DEBUG] [payment_gateway] Transaction payload payload_hash=NhmoaTCDARHi/2Z5TpUSi8LJGQBe5aqz7t9y0xyHUNWPUqJjtFvoFF9ZyrEMtUy7fK1fhm9m9GlMr6PUzvh4sw== processed in 343ms
[2026-08-24 03:32:13] [ERROR] [cache_layer] Transaction payload payload_hash=ppTYMWkWFlWkDxn7rYOomtARC482isZxslF/SGx5UK/UYRHxqxyFjXl45lK+Myod/Z/RvRTENkG8WTAsIm0+Pw== processed in 97ms
[2026-08-24 09:01:48] [WARN] [cache_layer] Transaction payload payload_hash=wGzh9WRY+zaA6uXgik6DvAl0de9GDmgSxek6beGyTfQT+3OTxy0CLsoG46JBsEfIWaoJzCQGvLyuE9ZseorSzw== processed in 199ms
[2026-08-24 10:31:41] [DEBUG] [db_pool] Transaction payload payload_hash=pObOzx35p+hiwssOC+h2XDWXs+r30W6DU+oMqDQm9xCOxiIccj8BELczqosy3hGvLdKIPDOcq74gw6NkvueJIg== processed in 192ms
[2026-08-24 06:00:24] [WARN] [cache_layer] Transaction payload payload_hash=tCawEzrVcArL0hkmwJ+xQRQevunP2uHyiG81voq+weIpYAaYq0JCAS6TsPqQH+4lZL9B2Gz/1/nxtesCOBEhzA== processed in 59ms
[2026-08-24 08:33:53] [DEBUG] [api_router] Transaction payload payload_hash=caYUrlGlL7hTUDO8d1PApSXMJ6N7Q2PSm/76mHzIC/p1lpi/CpMReedeS5fp2IZ6EeRU1b26kAjZTGDwW2gm8w== processed in 443ms
[2026-08-24 10:43:23] [INFO] [auth_service] Transaction payload payload_hash=uoc1bQ4u2L6EQ38vD3ZnujKPAiUmk4VsWtqsz7rjhHe5gqnTE+qDICYg6PXlzjtVr/brjYks2Ed8Vo65km+2FA== processed in 360ms
[2026-08-24 03:27:58] [INFO] [payment_gateway] Transaction payload payload_hash=Rae2f9s5ymQUkwIhAD/kR5sAjjsD87DipOKh/k64gGDXycDlbomPF/JbMDSXykHHhitghEeK1Ah0FZuV7JK9BQ== processed in 302ms
[2026-08-24 03:14:28] [INFO] [db_pool] Transaction payload payload_hash=UzaHdxq+ECzM+UJPeG/dMGMUMhuN5Vo9Kaftra4232hVMi6yWbAk/6srrUNS/Jk96IoV4D/0SQ65BZUztenyjA== processed in 209ms
[2026-08-24 04:06:00] [INFO] [cache_layer] Transaction payload payload_hash=o7MSmr552kC/rfEIHZvLip0Y65rfk0i3bpItFkg+xYu/hFvN/bHMI52Dss7FJBsOCVUghJD7kqGf5xdoxgSpwQ== processed in 461ms
[2026-08-24 10:28:36] [ERROR] [api_router] Transaction payload payload_hash=SlBGXsdsSYfX8MuRhC+UOd5jCfeIdISLFD7znj24JyW3AUgjrRJo+OY1SCmSVExzUNkWV9OHG1m26l5j9MxRQw== processed in 157ms
[2026-08-24 06:35:44] [ERROR] [auth_service] Transaction payload payload_hash=eZZwfDzocWyUnDRgmP+ZeEyAd/qR6wxHydRGPs+5BPVCzaDJUyXl2FKf/TiISch/wNAL5ov9mRe5PbVURx/pXw== processed in 210ms
[2026-08-24 08:01:24] [DEBUG] [api_router] Transaction payload payload_hash=hzLV2XNgQ0iQZ+Y298qI0H2MsMtCTZHz/LB6oQCXbV+7qH5KEHvfTY0yHsKMM3hHBznPzJFVm6KjAEaiYF5WMg== processed in 180ms
[2026-08-24 10:08:47] [INFO] [db_pool] Transaction payload payload_hash=XCumT/FqP1/276T1YQsAOSV2/xdtsQMZH9E4XRSTXHcpdh4/IlhopA+7werL8slkAoYDnV11WtX5HDfE4z1Vsw== processed in 222ms
[2026-08-24 02:59:23] [INFO] [payment_gateway] Transaction payload payload_hash=+lQu11XLKbEWHHdM89+eidvRqPOEzUHgz9q5dWX1UCYgy0HTPpNRrcXgb4dGrarSLvjd/v8nRVkYEHR8O18RQQ== processed in 499ms
[2026-08-24 03:40:28] [INFO] [db_pool] Transaction payload payload_hash=KHM6gSPHu9hdMdI+3a1xt7bXN6EGdEXSbP8Tp8cdTCkGp9EXEPSz0uVHddZLqaz8KyM9mV0EkqAiFn16F9YX5w== processed in 198ms
[2026-08-24 10:31:08] [INFO] [db_pool] Transaction payload payload_hash=JdTaVFu55bLmugTl8rvmy+xGLmaoN+Pltiq7CFWsAMdvA4rKVBx2BMz1w0K+fx46wZg15ZanLHFaF6yfzGuwyA== processed in 491ms
[2026-08-24 09:35:35] [ERROR] [payment_gateway] Transaction payload payload_hash=PXhlx/KJJGtZNyS1MC9aZas10Iy/N4VQoFQ+MCzERLUoc+k8tsZ8ncTZGtNkvUgOhLglKOojsPjBRH1io1YC1A== processed in 162ms
[2026-08-24 08:23:26] [ERROR] [api_router] Transaction payload payload_hash=aIMC7upTg345gcgufcOnAhYJI7cbWUb00k334fXJlCLx6rN9U2nJKxxuAHN4j2UU3UfioWzVHic3WPwdQB1E+Q== processed in 239ms
[2026-08-24 02:59:29] [DEBUG] [api_router] Transaction payload payload_hash=KSZ61jFYVk26CUtCGDD+JxW++/IF7ci2qYB8+p/415wB5a8HG0Y0ZewQCakoH1PXNGyl01kNiXQYEWueln57KQ== processed in 256ms
[2026-08-24 09:27:20] [INFO] [db_pool] Transaction payload payload_hash=YkMWJMUuhEEcB+dBs1Pxvi9VOjkzE9ngcSorGAytIAJq/Fe2aP4nCROX14fLodZWNXMGNXV9if2f5AIoYIr5hA== processed in 199ms
[2026-08-24 06:53:56] [WARN] [db_pool] Transaction payload payload_hash=GrU70nb+FE3W+qIWITT1WldNZe3VCj+LcbnsAF4K6YExeSP42qbX9TsMoq6H6EgZHmoVT7psB9b3st7mskWa8g== processed in 336ms
[2026-08-24 02:29:44] [DEBUG] [api_router] Transaction payload payload_hash=TQcZw9SUnZZ7nbpkybHEfm7DVY6heH/eT4cEkyEvV//yZ3of21ibnkJ85EuXkeo4s2BaOP/dpMGyEdBJvs/6dA== processed in 403ms
[2026-08-24 05:41:25] [WARN] [auth_service] Transaction payload payload_hash=4aZZ0BvevSwhAdAkerhtHJYmKuWtPdcj1nS3BQdfyIwsWx65Mzk00IUzbDF+l0i7PPYS4xu/ccwt0ESRi6j4NQ== processed in 295ms
[2026-08-24 08:14:14] [WARN] [db_pool] Transaction payload payload_hash=QhPNyEaq4RVW44DykSVwvZKWxbN1sc2ELj26lGJlC/gcQ7kWlWehVOcayg6l9VCcnIBlK7v0ZKo3mrx4ZNhxGw== processed in 333ms
[2026-08-24 07:25:37] [WARN] [db_pool] Transaction payload payload_hash=rIbMjQaUkl803fU6QjTZTV1SxHd5j8cO7JLMYR73h5jIdJyAl1TyxnbAtBT7S9aVv9abtH3pLNa2VT/uc2vJ5Q== processed in 402ms
[2026-08-24 03:29:49] [INFO] [api_router] Transaction payload payload_hash=x+lSm84Yf/xW0FPPkr28TCacXsn09mf22wsvHJAw7lgWiXAYvAhStLZ0BgkxQ6XwgqQqhgiv5+iAyOVrzKbvcA== processed in 78ms
[2026-08-24 07:07:45] [WARN] [cache_layer] Transaction payload payload_hash=2DuKI5eRaAoipFuTHyRhQZoIkUY+Da0M2UOC8CRX/B9toW8mliQ79L4KjMScnG8MkCzqldp6kNDpJgNmXtIzLA== processed in 188ms
[2026-08-24 06:16:18] [INFO] [db_pool] Transaction payload payload_hash=ZiLgROkiPgj4+XjvSOGpnhvsTmPTaAr+xba4PJffV7PwiOc9kCe3ja+lR4MfRb6tzII/ovxgw58W2x6KIaq9eQ== processed in 157ms
[2026-08-24 03:35:10] [INFO] [payment_gateway] Transaction payload payload_hash=9zOYk1kbfxUgq51YT6659ncefttnj7ojF4dSJo//XtyPkTZwMIHKK13vqWMw0tFXiDfFeahw7s5YWJwGj/+sVw== processed in 21ms
[2026-08-24 08:05:30] [INFO] [payment_gateway] Transaction payload payload_hash=C9EJ3UFCh64/ppvXSNBtPmV2KBCXUVxbngpNa2bZRYd9YI3YtXTiyVH3Wcs40crXUh6yarDIFsQZ3lwFjF645Q== processed in 375ms
[2026-08-24 06:47:44] [DEBUG] [auth_service] Transaction payload payload_hash=Y/qmuZocUdaUG3ktOHvJN+c783dy5wxLsE1bpZLXULdrI40kGWPSlaG3MkvSO2B7wPBdeYDgxJyeg2mlIkEMrA== processed in 372ms
[2026-08-24 05:43:50] [WARN] [payment_gateway] Transaction payload payload_hash=BM4r/bzoUOy50j9PEfg6hWF2Inm2gN8JJRgBC7BWI2Xm3ge2MQy04bLdPhvC/pknslZhCnrjahjeXcUN0+3IlQ== processed in 424ms
[2026-08-24 08:43:08] [ERROR] [api_router] Transaction payload payload_hash=2hUY/1jqwKRW2DyF512Q87nQJgnfmPEDWupmpWSz7X1Ius0UmB2Au4gIxFDlnT9r0yH1KFQRcMwyEymeDrqdaw== processed in 275ms
[2026-08-24 07:26:03] [DEBUG] [db_pool] Transaction payload payload_hash=+trRgBr23vFx+WQkI45+4juGb/LhDHI1EnXO98eSKaZoJEnLEHSA0kf+lYSZFs+W0JgaDQKXQ4vI2OQK95gJ1w== processed in 169ms
[2026-08-24 07:57:58] [DEBUG] [cache_layer] Transaction payload payload_hash=IC6FvgEJoA8lkhDM24/0IDyplslsn4VxrOt6iyV63v55IjWX6euYaKESY11eYxyfWNNzHPMoVYnpuIG+KUdt7g== processed in 477ms
[2026-08-24 10:27:06] [ERROR] [api_router] Transaction payload payload_hash=mL/JUt/jVn3vyoXUk7+FJusoseQ6um7a80kfStUqA2xG0Iv6OhZS5IEe/0qUNkABGIBM5eu1JRNfR3hj61oliA== processed in 364ms
[2026-08-24 09:57:54] [ERROR] [db_pool] Transaction payload payload_hash=1odiU+tgepuYpq502YaA+vdGUOSY1zl/qfMyv77/LmYOhh0qo3TO5cSYsExJiVASl369h50Ua0Y35GH0nGD7mA== processed in 371ms
[2026-08-24 03:50:37] [INFO] [db_pool] Transaction payload payload_hash=fIH8pF3L7I5Jyyv7SeHeruLYy2R/FC0jOIA5hoXeHOTF6v37krixuiRKs1L4CX7SScKTTXELxoEtS2LxtSLudw== processed in 179ms
[2026-08-24 11:05:56] [ERROR] [auth_service] Transaction payload payload_hash=P4sHUBPmz5UDJhm64apnG+2vcytSWD1uOeh3YrRaQdrr0FMJVAu6IZmObgxj7Znf0AFuu6X1n2ZiCh53Z+mB3g== processed in 119ms
[2026-08-24 07:23:22] [DEBUG] [auth_service] Transaction payload payload_hash=Gr7JYivP8Yjin3KtOAHK5sDJPCncDu6pg8yvH5oxVxQfbgIG6BXJbEa9rf4sZmw3ECt46G2xcs57MK+0tSUhKA== processed in 148ms
[2026-08-24 04:06:59] [DEBUG] [auth_service] Transaction payload payload_hash=gjOquhBd5WSF5P7jpVo5IidErMj7aEZMALBV9mLezpRVdV2fVdgSHY9f8mvBNf6w5B3w27ZxkSjxTfZ0SF6WVA== processed in 218ms
[2026-08-24 08:54:02] [DEBUG] [auth_service] Transaction payload payload_hash=q12ObMldeRgz+NILapKwYYZuU/dcWxTrFaw/dGOtNza621OuwaX9MCaOia6u/oU9xlLVwKTWS2IShxjpHoiIvQ== processed in 432ms
[2026-08-24 06:23:44] [WARN] [payment_gateway] Transaction payload payload_hash=o9KhGL7KNn3ARQLz+N+M204H3XT50hPY9M6XF/Ry4OYB+0DDLIhbNCvFiE8bxLGd3MWZJTxmDQDgmCLHEXnnqQ== processed in 390ms
[2026-08-24 04:36:32] [WARN] [api_router] Transaction payload payload_hash=z7cZT/JR2uSZoAY5f/x+Pj5zhIGRf5IgWH476ZqYfwffDYLChoIOuhaDu9w7C20VzyMi8BnwWrQ7l8hPnWXpbg== processed in 1ms
[2026-08-24 05:15:44] [WARN] [payment_gateway] Transaction payload payload_hash=Ois/OoWx6nE7Qnb9BwXczumoGK8DKhwj+vluabG5aknXk6tVHqUAt87xnxmEx8ENB6PKHAOPPLNjrt+mDnbS2A== processed in 166ms
[2026-08-24 06:28:55] [INFO] [payment_gateway] Transaction payload payload_hash=JbxXl745vMYiUvIHRWKBa/6YJ/9rnqYg6syExLTQbT7hYCTdea/VvA36jBXKHaRc9d1L9YasuLfegYm4rLD/Pg== processed in 88ms
[2026-08-24 10:26:06] [WARN] [db_pool] Transaction payload payload_hash=e4Bz4ywkqtk+uw2OKVWObRnDTSw9OYTJDrmGVYdfTWymns8bs5QCl2PNNyFSazr0oMwEZVz3kOqXBYa2S27mAw== processed in 360ms
[2026-08-24 03:11:28] [ERROR] [db_pool] Transaction payload payload_hash=qA9qHqR7wHJnRc12AIYryzsQ5YkHSOnlfcYDP5d+gP5sSh3bRndARgGGiC2bTpmzzGaP3YXCbvPs+m83CmMFtA== processed in 42ms
[2026-08-24 04:17:02] [DEBUG] [db_pool] Transaction payload payload_hash=NxJqcls5w99DDALkNVMnwPc6TssCbm39C7zLJ8Ildn8fcev0m4jY42/Z4QFSGTlvbVrKXXVueOFr15G9n7eMRw== processed in 356ms
[2026-08-24 11:05:36] [WARN] [cache_layer] Transaction payload payload_hash=YS2Nh8KfcnyQ2aBjLpi4VOMgBllzUYnxy7AgGN6MICkai+L0f1o4Ae581NyKimCIYI3s5UdoheHBCAkRDqsF6Q== processed in 461ms
[2026-08-24 06:13:56] [WARN] [auth_service] Transaction payload payload_hash=lbz31IePD0Oskww/s9NGPDofUwYP7D9fFHK+o8fcW1j589szfBvCMchiAz/L/1x54C7MhcRfRanz85numXExPw== processed in 16ms
[2026-08-24 06:58:42] [INFO] [auth_service] Transaction payload payload_hash=h2q6LCstQjrt2iWQdNt2IEAnVhJUNTRTt5fjg2dISLEnzZWPNSt/arot0kQEo5Lnrd/K+dPghRf/UTZ9Sd4E6Q== processed in 317ms
[2026-08-24 05:56:49] [WARN] [payment_gateway] Transaction payload payload_hash=6J9r2vUtwBZyVk3pU4jk8XgVMENRREaz0mFzmIN3y5+eNIPStChWaAx5c2RQ1Tuj3xWXio2VTguld2Smoa30gA== processed in 84ms
[2026-08-24 10:56:21] [INFO] [api_router] Transaction payload payload_hash=BKItQkn6p/5xEKrEIReP0vI2Itc7ATCXmsvc7mi+BwO+DxPUp0vxKCuyzdsuOan2ZXfqfyAYX8kOzo/1QkrXfQ== processed in 462ms
[2026-08-24 07:34:39] [INFO] [cache_layer] Transaction payload payload_hash=InZFAF5rvWoxMpSD2eXCViU2yV16EpQGcU1YNJojO05X3C8ovdI5cfAMTeXZCSvrlFuqYcq/5MW/s4IabkDntg== processed in 445ms
[2026-08-24 03:34:14] [DEBUG] [db_pool] Transaction payload payload_hash=hA+/pXDhWuiF6mEvhQ98EfKyGijBOX1g+qn/+KGQphGDZHqnkr2kenTNa7NO+H2kgPArFbIAl+P7zghBsflyRg== processed in 304ms
[2026-08-24 09:01:57] [ERROR] [db_pool] Transaction payload payload_hash=tQS+6JHwWmD9w7AjkaPiqTuyO7Q5sV1QE4TkKXKqgrGYdaiaD6+TcjcFsmFY5jOJg4lvK24Ik0BzySUIgy2r7w== processed in 134ms
[2026-08-24 02:52:31] [INFO] [auth_service] Transaction payload payload_hash=JzoeEBhy3MMMXwNNCPa2SSmfQfS24ThC0+gtHnwHNJEaELeTs6FyB+dU4UMoRW6flwYAAbNdHzpqUuHqMvh4SQ== processed in 328ms
[2026-08-24 07:51:56] [INFO] [db_pool] Transaction payload payload_hash=mTueMCc+UzbqKDfuHzgpni6nhYAo9LVyae9SGnjesG4FjQ5xpiSyWlERDnlHm8gW7LcOsBjZc1XAJk3psqrq4Q== processed in 189ms
[2026-08-24 04:59:14] [INFO] [payment_gateway] Transaction payload payload_hash=r0eBOJYuIV8+UDKI8OpKv1QHkcRO12ZvaxabYKFGBGP9lv6QCUS01PO3iq7zs3sryQA0GgyXHVh8RfgCtzhpkw== processed in 55ms
[2026-08-24 09:59:26] [ERROR] [auth_service] Transaction payload payload_hash=ldr2OMygasikjg/W4v4GnYkyCNu8oV4JYGDYAuzqeT7k81pg6zwJqWje3O9Q5ix/W9WzYhwqpwDFeGr09ucgLw== processed in 244ms
[2026-08-24 03:17:53] [DEBUG] [payment_gateway] Transaction payload payload_hash=oiSQpxf9jO/pV+DetlQCPyvBfLOFJ5V3nNNEf/h5Xj/2q34RaR8tnbL7GWboTmo0Jn+xQBpT0FskRsZK1cqHGw== processed in 188ms
[2026-08-24 05:04:32] [ERROR] [db_pool] Transaction payload payload_hash=AoXjqE5G8ur7fwRf3J/qL2Sl9ngG/ESWSo1Y8aMQple25mNAqCF1Gh4r8boDOhNKlLfuDcBC/rMwr9N4X7dL1Q== processed in 340ms
[2026-08-24 07:13:13] [ERROR] [payment_gateway] Transaction payload payload_hash=Axlgo9yEVO0w2U5HNBj7dBLJWtnI2KusalV/7yfZQGtBnA37T3lfVkIH9gEVqAKVw+H9XaqCNR4l7f1chySEiA== processed in 426ms
[2026-08-24 06:52:26] [DEBUG] [db_pool] Transaction payload payload_hash=d+ccTpR4kcWH6NljV44iiZK7Fgsg7eBD9FHqUiRUC4uNgoHld8mK5QPyfu2uMbLWXW9oodb5bOMobpu7j4UxLA== processed in 199ms
[2026-08-24 09:51:28] [ERROR] [payment_gateway] Transaction payload payload_hash=duk/t/4NwWg5WmMHh4gI7AkB3Ml/bpdYuguuQPVd/fcV0H3WkBOIMPiuWihJaOgexRdDryW8W4/gjNrDICBQ5A== processed in 48ms
[2026-08-24 03:47:17] [DEBUG] [auth_service] Transaction payload payload_hash=xzlF2rwB0aTqZ4K2khSOK7IJFgLxvoX+gV+PHYRYRDiiV6gVs7R6eJM4fysMHOXqgEV5UOSDRfnD2BtJGMAsjg== processed in 305ms
[2026-08-24 07:30:55] [INFO] [auth_service] Transaction payload payload_hash=/Q6ue/j+JbEBbIO3iTgoX2c3fS7I/dnUoCQVwSGECinPu9MCzLb+4tZ1zpm+fLczRHLGzx1u1id4kwLcy0Y+Vg== processed in 354ms
[2026-08-24 06:29:00] [WARN] [api_router] Transaction payload payload_hash=qHXMgn9o10cjYtbLSCKSTP0Bm94ZmNfZBdCSojmNrwYDH9OLM3DLOGiuaHhbhLA4xbmI0Cc74rCw3c8r5PXULw== processed in 50ms
[2026-08-24 06:09:19] [WARN] [payment_gateway] Transaction payload payload_hash=6TGUZJzfwIpV+sgFdIp2ZfafE0ZeTOx4hRLUAuGK2sPfpxOX+peI4wgUSZqBxf92xfhix4n1JnRlo2WAl0uoSg== processed in 139ms
[2026-08-24 07:35:49] [WARN] [auth_service] Transaction payload payload_hash=j70Tg0b7db+0HqGhK0oPtZUf6ryiNQY01IWKdLNXKEGwB6QGF9vD8ucwdp8E/tg0/AH2O10hZPGoqCcpXz4dUg== processed in 369ms
[2026-08-24 02:28:09] [WARN] [api_router] Transaction payload payload_hash=+B3iWqtRcIGGfF6sNVFp7bsWcpgJD1eLmYEVpWjDDuOnbHfM+q1EbqX/V/VrocQ2DndYgrT0bFL5A0adryH5Wg== processed in 357ms
[2026-08-24 09:13:27] [INFO] [payment_gateway] Transaction payload payload_hash=guqQAZQcPg9z0HRofTCBVbvQO3Uoo06AV/QgcU9aYSbjSavQL9LGb0Z+VC24eZyx8WQnX1lKRdp6v73ssONj+w== processed in 432ms
[2026-08-24 03:15:34] [DEBUG] [db_pool] Transaction payload payload_hash=n9J6VhJ0OQsJEAKlJmANolnvny3DPqxbwdEzKjNzbO/DsTxdpEpc4lh4Eq9kFCcr8oV01XUcZgnOnfCoG8RTJw== processed in 131ms
[2026-08-24 06:15:24] [WARN] [cache_layer] Transaction payload payload_hash=cEkWNDQPz9W5EMNzM+4M5GxKzCKeTC7oATn4ujP+Qv3jpV7LLnLSir+pSH4cfnJA9Au07GYGZBfd+tRIJZMDOQ== processed in 201ms
[2026-08-24 07:33:10] [INFO] [auth_service] Transaction payload payload_hash=tlSDJFGc1JvPsLB1PF38SW3iKbnirx9HMrx2Hc/HG8Saiqm5kx8hqyEAwy6I3TaPlqMyCeYz6nnxTOEq7FiZ7g== processed in 315ms
[2026-08-24 05:14:40] [DEBUG] [api_router] Transaction payload payload_hash=qASVqZCODvFPoG+3zT0izddMDKYzigeQYCqA4e30weMeszuBtEEUBs5yaHl/9/6bvxzHvBDPa6glhgZ3sxqE8A== processed in 122ms
[2026-08-24 06:19:14] [ERROR] [cache_layer] Transaction payload payload_hash=iIGFmlmrNc81QZy5xc+wHMnr2U44nhlfed/aZXgqG/DpA+iIv7dhAgfEz4NeJfcnOerBPVk1p6JH0tZ4rbFEQw== processed in 250ms
[2026-08-24 04:25:06] [WARN] [api_router] Transaction payload payload_hash=Uj/PbLFxESBsszrhOjv1C4ELOfoFMANe+m9L5Za7JB0co5kVggb8qB1iPz5qOfuEL2WY1Jekt9+20RdtXKU4BA== processed in 27ms
[2026-08-24 04:55:55] [DEBUG] [auth_service] Transaction payload payload_hash=559bIO0cJGApq9WHzPkeOz2XsOM2xglVUpvYR7iMop29/W+dYsxi3C6xv6o+eqOh63mcjBQWjA7J6STP3MvMXA== processed in 488ms
[2026-08-24 04:17:52] [INFO] [payment_gateway] Transaction payload payload_hash=kvL8DrB5CWM6oSi6BL3Yk+Pu9gkdo5h9ZFyN5HMFpwBPcm/aEohShy+eNJok1xOfjz7wj4JYYc2W9MhOzwaKQA== processed in 255ms
[2026-08-24 10:46:28] [ERROR] [api_router] Transaction payload payload_hash=Kd0QNWzDnSq28y65aN6847Qc27QD/t2pM9hTPenceeiURaWMWavN70FapU8LV2sf3mW6ETigX7/LMJFZ6Veg6g== processed in 160ms
[2026-08-24 07:56:25] [INFO] [payment_gateway] Transaction payload payload_hash=FVH1Rgrlt636gDxZFXk/uKYHi5My9xc1ojELFTIJs3GmBCL5nkpw2FdVIL1xkDeCu3fh9OLkJEY0WAKrf1mq8A== processed in 239ms
[2026-08-24 08:47:34] [ERROR] [api_router] Transaction payload payload_hash=K4BkCQgwPRt8zfYbeqvOw/piy4/vLbX/sA5rQ1Nc5a6mwvezoontXUZs3jKjvZUO+YF8OaZZaED/ppLVGub/ZQ== processed in 481ms
[2026-08-24 08:23:50] [WARN] [payment_gateway] Transaction payload payload_hash=s/oRcWLTNAZ4Wc8CNms/4wFPCgCehRGeO/RrxfBrzUphpxlfs6YCWxZHGP/wUzij2eyTsL6LhnEGyERsQTC9YQ== processed in 75ms
[2026-08-24 09:16:38] [WARN] [api_router] Transaction payload payload_hash=hVzsmgUApFHtqQv4W+Yx5vR1llZZMOkhp0o9bgUJsReQ4albCldlpO555KRoQPHfBQ32zd36xcv/nOPnpznbcA== processed in 476ms
[2026-08-24 11:12:51] [WARN] [api_router] Transaction payload payload_hash=vNOecgi2XoCq0RJHG9Sy78MesPUWvqG6Cu/kC7n4tiuRDH1HGqerMZ6kYV3zr5azq50IVQRMvRt7TtpL/uKuZA== processed in 73ms
[2026-08-24 09:02:25] [WARN] [db_pool] Transaction payload payload_hash=VFc3CixpcXo9E9UeYlX1hqKsb3Q5RHmYZ35ADs4kIR7qa88lg/CgIIRScbj7mrIU7pUO6Cks5LczwqiWR1oNeA== processed in 79ms
[2026-08-24 05:12:21] [ERROR] [payment_gateway] Transaction payload payload_hash=8nt8TrfFO9hIdZFuFdWH2f0Na7kxuQhvQKip/F2MnEjRY8bYulvNxCf3aRQnSmyVCFzGfleXb9JGlXB6I+Vbmw== processed in 260ms
[2026-08-24 04:38:44] [WARN] [auth_service] Transaction payload payload_hash=bDIRRJoqY5rUFLnWpBxElIOLi0V7uCu3G/q4Kz+3DyAwuKA4lvMzy9JQloHIOR38by8dpskw9Q5eick2GtjcRA== processed in 392ms
[2026-08-24 08:27:40] [ERROR] [payment_gateway] Transaction payload payload_hash=JP63JgpY3ZSOdI6td0ASjJKLo1Wp/os+/9rdvaSV/5usAufQ0/wXi38ARZU1ZxK2PbD2att8VFwTNqqzBkYsPQ== processed in 447ms
[2026-08-24 05:26:23] [INFO] [api_router] Transaction payload payload_hash=JHdEu6W3cD2jbV1XDR2Xv8jgUPqrKf8qyVHwhZvukpGo1K8jQkp4Jc537V//OYUPSEmKBgIeECi4J/8gWBAcYw== processed in 96ms
[2026-08-24 09:12:19] [INFO] [auth_service] Transaction payload payload_hash=06YrroKZbeOzmF38nHWNSvlNPjgiEji+/vhGH0eeQ2Ykx4B2PQ1+7DaPnNJoRYt+5RGHlRCChwcB7o85GADnkg== processed in 438ms
[2026-08-24 04:23:44] [ERROR] [payment_gateway] Transaction payload payload_hash=O3rYEqZzxW+FP0MxJoRImZTjP/x0Jo/urvFCViVOhYrxcyuV7BYzp1CIFXpThihpjaaZS3M3EpjgYOUiLYXpVA== processed in 240ms
[2026-08-24 08:11:08] [ERROR] [auth_service] Transaction payload payload_hash=nfNZedzMehMGAHmhWFiSJg/tVVSNx0EOUBmdRkg4eNqI4a/JvYmgdGsL24O8dZOfk4/DeKPqpKRMjZNfzPbb0g== processed in 103ms
[2026-08-24 04:02:58] [DEBUG] [api_router] Transaction payload payload_hash=TzvDidsrSO/wXhu5U5q507WXEn72fndAT6pVwvYE7uzRuQ0xRBw+/wLsPUCJVYiaOgZ4lWnkbudtjOkr8VS64A== processed in 445ms
[2026-08-24 03:31:25] [INFO] [api_router] Transaction payload payload_hash=LLHgNYzmnKgeiGn4pm40NfyelA4S+UKTiiVJs2tGDYFix2oO4d0SeND5r6vtqtqlie+bmtSK8DOGI1HYewj+pw== processed in 184ms
[2026-08-24 04:46:10] [WARN] [cache_layer] Transaction payload payload_hash=7Nq/8/I3YSmfm+Aor+WIBUSm8LOw5/XD2r2Tg+uCGfapTAlL9QxMo27CbOX08wQYsQ/yJClX3VDPth6kqItngg== processed in 187ms
[2026-08-24 06:47:30] [INFO] [payment_gateway] Transaction payload payload_hash=pbSzAZmzbfyOl9Bxtn7vcUy2MToPMkWrN4B9a8Bgvs27j+OSeuqxgIF2lBue9ZJIVYO2ns1F+BFUSCjaGFUMww== processed in 42ms
[2026-08-24 04:57:53] [INFO] [auth_service] Transaction payload payload_hash=npBDtCNOBloX4rfCBD1PVNksg298w1HPtQhDKaksLZKcJKuivEJFFLesUrhxodn/M2HfsJcWXzxzZoJlySUCsw== processed in 240ms
[2026-08-24 04:14:26] [INFO] [payment_gateway] Transaction payload payload_hash=1PP7e8100ahAgvmcy3LvZE9PDiswgc3Z+lZddnI3DFnUcEOmxQDOTZsiy6RiwuMcOyCCOROWgevgmdGU2x6lJQ== processed in 235ms
[2026-08-24 05:48:57] [WARN] [api_router] Transaction payload payload_hash=KGZdxhnAGOTfO73F/ibF4ecaMZOKSF9yVAsjo9blaw0Ob2Li790oADTZ4EYYQPizn/ct2bKD99WnezX4WhQjkA== processed in 476ms
[2026-08-24 08:20:50] [ERROR] [db_pool] Transaction payload payload_hash=+IEp1Cg7T8UIdvo+TpmPhioxdZBNQeWWtMXnjHSeq25hzA8Xjj5CQTV6jEj12rIkTZ4EOX9c7Xf8VZotDl1cMA== processed in 11ms
[2026-08-24 05:14:27] [DEBUG] [db_pool] Transaction payload payload_hash=jC9p4wBUnR6vNGkiyPLzRFBgrSr0AGtVUhWmcdbpxSZERJw/d5iKw9iw7TU0LHYsJEurPGOg81T7Cku7zg0MbA== processed in 155ms
[2026-08-24 10:37:13] [WARN] [cache_layer] Transaction payload payload_hash=zQkAYFre50vKPigT0Xm5gUz3ODC6s1SV6xgaMD4cx+rYbKxhdFnMxkskjw3xr3XEQUcuRDliCYjd5HBQey0EMA== processed in 306ms
[2026-08-24 02:52:06] [ERROR] [auth_service] Transaction payload payload_hash=uqx71eF6J0PGCaJh8pwifY3/dBDZ52zS5urMBFMuqi0XT1C+Er2as/7elaPoIMAIWKRy3hwWPfjChIuQ0jFpJA== processed in 485ms
[2026-08-24 06:58:05] [WARN] [cache_layer] Transaction payload payload_hash=DXWoKc6i9iBYiQg9ajYMh1XLYSQ5gFrthnZ9fzQbQrRiOfoNhD941lel18BAGia0SiRXyz5zQeZ/hbRV+1LZCA== processed in 22ms
[2026-08-24 07:53:02] [WARN] [api_router] Transaction payload payload_hash=d75wi/nVYqvweAIeWWgwHgvngl04UQ7keD/swAFaZCBHriuDgXAAO9FxcBoXndL5jxMRalIZfuKbYwo05bVqxw== processed in 75ms
[2026-08-24 07:44:18] [DEBUG] [auth_service] Transaction payload payload_hash=L65iq7CgfAAKuvXEhxtHgSRlEj8LTAXYtu7HvPNpVM/xyQ88m3ocIoqchUnaBjxIR+s/19YZTXJQN/xTzPIEtQ== processed in 375ms
[2026-08-24 06:04:43] [ERROR] [payment_gateway] Transaction payload payload_hash=8i99WpviYyiFvNvXeUjKQxzW2G6OdBE2iJMg5TheGYJ/7aSVevasxCk4CMPSwJzIYYE8Gke51OaogS//PIFahA== processed in 426ms
[2026-08-24 09:44:40] [DEBUG] [cache_layer] Transaction payload payload_hash=85QA6z9lYZmuToqtNBYD85Ro5ApiMPM/zz+QAEcmCop8csCvzFuq3teY+xCfGw+EB+2rMVWg88he2J6qCEVB1g== processed in 180ms
[2026-08-24 08:53:05] [DEBUG] [payment_gateway] Transaction payload payload_hash=dfonwcfmg+gYbBwaBfmRO1VyLwubL5dWMbibWa8EBZNzFksxmaDVqmPIxXKhpILLtxhU0VC6GI0pwS84wFOZCQ== processed in 192ms
[2026-08-24 05:47:54] [INFO] [payment_gateway] Transaction payload payload_hash=frss/6ufx0+iGJMoWuXJmPqek0NqiwUhgB4pZ44yZTqcO+YL8jpap3LsJ4PthAtlHUqcHRQxpOIVgriu0tV/xQ== processed in 178ms
[2026-08-24 04:36:58] [WARN] [payment_gateway] Transaction payload payload_hash=xpYcy1SeUg0MKAUS1zU1nPEiu9AESymr2vtNMPiC3fXWDL/bn3oNqXtPgARZZfSt5p1w7YMSpoIB1PLiY//Bdw== processed in 232ms
[2026-08-24 04:35:28] [ERROR] [db_pool] Transaction payload payload_hash=wnuN8jqiIE25YAqXQMbDMzWGwoElDPortwQFURskgI0rsSl1NPE6pu8mepfHXEFemdoSxijRJQkdBK7izhkBbg== processed in 368ms
[2026-08-24 07:44:41] [WARN] [payment_gateway] Transaction payload payload_hash=YDuP5MA/NqNelD9uMkncQgaJZXQd0t5+AATSr8yxfM7gnVWxN5VWJbecNJWuvqnJkglK75uNFHxjbKl5QKBNaA== processed in 231ms
[2026-08-24 02:25:03] [INFO] [api_router] Transaction payload payload_hash=oMVCsjGbZuD1aycuMrmo7Xx42XNY/dca0qdNIhEnsdkpXj+8YVGsncc9bhNq1qGkb1f1Rfd7m+0LDsxDSQtPVw== processed in 95ms
[2026-08-24 07:27:15] [WARN] [api_router] Transaction payload payload_hash=nFE+aH2Wp0t5PGhSsNHRgAIVBuH0VqO8I98Q0Lwb+cy9IeJKHP8YSz22M6wiCEs/hdEIus1UzWvS3vhJxOYapQ== processed in 484ms
[2026-08-24 06:21:10] [DEBUG] [cache_layer] Transaction payload payload_hash=Jvvjo8l7aihoZchwEP2/2mHXHJEd7yLLMvY5mRYNx3Ma/Bu/dWom1wtwD7QvpkglsucbEaJLKnC86P1DLVFqNg== processed in 371ms
[2026-08-24 06:04:30] [INFO] [cache_layer] Transaction payload payload_hash=8EBj8dUg7xg5uw5cGkcw43OA/0UZP+jVAiX6qWEeR42JnlqS91KJF+kSM/+aiA8VzaJgf21/Rl8qS0cfMi8RvQ== processed in 364ms
[2026-08-24 04:10:19] [INFO] [api_router] Transaction payload payload_hash=x4+UIm9zWKkUGw5DL1mshjiG8U4pWjDlT8wjDtiql3OyFd8XMYblqDDNmENtlt7z78JWwFdbQvYUorJs/+ue7Q== processed in 155ms
[2026-08-24 10:19:45] [INFO] [cache_layer] Transaction payload payload_hash=c9lgJ620DxW3lu2trDiyI1F3fe3J0jIW12lRPa+NsLwXWFzyKZGskS6i9KeHNLhPXBGSfpKe/ENZXVUrpMb7QA== processed in 491ms
[2026-08-24 08:43:37] [ERROR] [db_pool] Transaction payload payload_hash=IRUk7Egr8friSioP6kFq3xiCl0YkmmSp1mhgL95ffSRVyxyg+CoUoZdFGoc3mczV3simpmV95Y+JsFRtwvm+fw== processed in 198ms
[2026-08-24 03:07:24] [ERROR] [auth_service] Transaction payload payload_hash=tt99uIDEKIK9swsfNLsTX4lCVjRS5C947kuDVBR7RfvXIEQMSRZl6wEmVNo8gELPxuaEXtEkAbAgYpXKbE8Z0A== processed in 257ms
[2026-08-24 06:34:09] [DEBUG] [auth_service] Transaction payload payload_hash=CyyFdT5dOC/Dl13vZ09wF6frguUJrNcg2DldNFaf6pPgoASkgYdLVwcZlewDVAkiNFuftXJ06IfLSDGoKjlWSQ== processed in 223ms
[2026-08-24 04:28:32] [INFO] [cache_layer] Transaction payload payload_hash=JRO4/BrwTmQyNjyOAKJBKZI9bySSB4PfPK5Mx4K1iPjwrEkeHnF96ni7xLdzWNNXV377R26JRKi2bZ+SmYfMsQ== processed in 459ms
[2026-08-24 06:12:41] [ERROR] [api_router] Transaction payload payload_hash=PdcxMFAWpn/vPXtNBUWg41evwpzh8L8OrhxWyeN4xS7nqouipuk13wUCAt9w23TZ94vFcHHjGmuz2CnPoxNJ2A== processed in 241ms
[2026-08-24 06:04:32] [WARN] [api_router] Transaction payload payload_hash=PWZR6E9hfgdtatMEuDCbjX8SCVCA5msyGryFdjObsSD+TNwDS/obaz0CeIpcABace4O/yag9ZaWM93FevgOa9A== processed in 175ms
[2026-08-24 08:46:38] [DEBUG] [db_pool] Transaction payload payload_hash=XH73BzLsPkBh6HUU29z1DRJEZ5euPV/XOOMaFzdgHQoq3pSkxFPqoeT8Sq/ylakP7u6gKH+7nstXECBqofeSRQ== processed in 204ms
[2026-08-24 09:19:14] [INFO] [cache_layer] Transaction payload payload_hash=v7v/a31ZG6He/O5FEZDHAoMcGuDZw7Scy8EUy9LEXnqSPydLcmVvGsT8SG8LE+6KdexQEKXPIBVGvOrVcp5KhQ== processed in 68ms
[2026-08-24 06:00:44] [ERROR] [payment_gateway] Transaction payload payload_hash=Es4BTAzMSsnRMxCEtsX01fmJHoc7/k41yw4lWY1Hzm5WeO51Jmd2YDQaFOPVjxfQCKYQukRLIRIGfeRgdsmQDg== processed in 423ms
[2026-08-24 07:23:26] [WARN] [cache_layer] Transaction payload payload_hash=pPxVm4U5k0Ga1/19M1O0zCCG2H2WuvmMg07XuSFQO7QPUErHR2zoeHAMbkQEYBcSRqt0bUzDZAGg7HECjWK3JA== processed in 248ms
[2026-08-24 04:24:25] [INFO] [payment_gateway] Transaction payload payload_hash=exuj3ZUE4L/rtYLHuoeL3kWrmFnCJrZLIZo3EEbaN87AjxkaJhEGw7UHCngCXN1FeXRz0n/nVNKOwErbmrXE/A== processed in 338ms
[2026-08-24 08:09:02] [ERROR] [auth_service] Transaction payload payload_hash=L8ThFr0s73ZCuZJHkJ35lFlwUioQP9GPcGDBFp5FX4YweiTwElnsnyIbvLX73pie79xp5O20prm0K3+YqwZW4A== processed in 111ms
[2026-08-24 05:26:00] [WARN] [payment_gateway] Transaction payload payload_hash=gdHiAspEUG+JDmXuJphIqXwK3P952VujWXcQ690PBD1OPbmAg47BM4AKsc1+lfmadEOUNQ0sUde6yQQVr0FCUQ== processed in 200ms
[2026-08-24 04:32:44] [WARN] [payment_gateway] Transaction payload payload_hash=AJby+UnES3D0a+JiJ3t0xU5Z3OW+qXs68gCMvFdfdKhT7NqtOwCTJx/1FbhxdE39D4Jqo4tizIybsTX/kvYdMQ== processed in 498ms
[2026-08-24 10:46:44] [ERROR] [db_pool] Transaction payload payload_hash=CfjcK6mj9wyKV5RRVfusz1SUY64L6su/zUZMXvil8vF8uMd1vQPFa/H+LtTSPrsVQio3kPjDwSG6YZ7+GUnKpw== processed in 14ms
[2026-08-24 06:10:10] [WARN] [auth_service] Transaction payload payload_hash=H81pt4VQXonwMhhKj7jWjJx8OmU+RWZEC/MtZIN71YBOft0B9+divGTPxHCUPRblZa6ffJPNEK1tPsyK6H8a+g== processed in 383ms
[2026-08-24 10:18:37] [DEBUG] [api_router] Transaction payload payload_hash=WZlxlAcRJ2ZfpgGL9XFucbYMt1u0wLLJXl3Mz4Uan12RTy1M1WANo7qOP1S0sO6lGkLVuhVrRD7hAzO1A7vmOg== processed in 391ms
[2026-08-24 05:42:54] [ERROR] [payment_gateway] Transaction payload payload_hash=CgCcOOUBZLFZafDlERTWecMiTNdc95o+eZfuBOIgOqO8rHNLmikuSCcZlM4x9fhbsUpFbIi74gNBUZ73iVt2Ow== processed in 360ms
[2026-08-24 08:52:19] [INFO] [db_pool] Transaction payload payload_hash=oWdPvvektlXC9UDdCb/kCn03+S4NCzKFfMrkCvb5K9mQFDTdzk3tXoyUtd+LrihpLSCZMjGgMr/XKYptLY66PQ== processed in 408ms
[2026-08-24 03:32:03] [WARN] [db_pool] Transaction payload payload_hash=VY5efAYEz7R1J9imKalntI/XxIOz+ufpzOompMhRPQmAd0sUYtXF9IjsViX5cRAvK27DZcDTEGNV0J7AyCvdGA== processed in 179ms
[2026-08-24 09:43:21] [DEBUG] [payment_gateway] Transaction payload payload_hash=lr/b8pkyzzyDGMWP8IB3fj9SVrX+WZlBAFWM8pGB1UXb44E0MVNA4OxUVr2q/06CStDJ79AevJ1lAGXk+1tRug== processed in 85ms
[2026-08-24 03:05:52] [WARN] [auth_service] Transaction payload payload_hash=JrgRAl3F/sDCodK2AlUH51oGJMDBHv/itJRSGW/3fGhQJHUW1qP5LB/bxkq0ha/zpBdwW3uDxXNHCW6oQrNbWg== processed in 327ms
[2026-08-24 05:58:01] [WARN] [cache_layer] Transaction payload payload_hash=dxjdVh3JTjgw27ZdEn8LvyhCkW84qBKOZ5r9sumfx4+l7271zom3hAV/HgXuD2t8BVm9tx77YAjE2EO4VoS/Ew== processed in 461ms
[2026-08-24 05:58:01] [ERROR] [auth_service] Transaction payload payload_hash=vgJlNQ3u7c5LcLNkFWawWYlr3ZUrdU7s0UwjoXI6lSLbcTzafaJlgBQ+jb2Q0XikNKtspDBdBwPzwQ1Lh/jciQ== processed in 201ms
[2026-08-24 07:47:51] [WARN] [api_router] Transaction payload payload_hash=RMdD4Mgby9RxKULP1XJu5i0rXblDxGPoGvVl4wzU+wSAzxO9hyFmI4VcwGTQorrmxJA0iFAfScL7tpEuVkzm5g== processed in 200ms
[2026-08-24 03:22:49] [DEBUG] [db_pool] Transaction payload payload_hash=DyGqSsz7U5h6Ek8lsANcP2tTqEqUY3n7hzAFFTTaEUMU6ySSpI3ryYOqQ1SEDhVuw0p/h6bglxiNmQmBHrWIOw== processed in 411ms
[2026-08-24 09:52:40] [INFO] [cache_layer] Transaction payload payload_hash=nHB4CfTnGS3NClOzZ/W/a2uX6urRJaTFcgdR9IbNoKIU7p/iSnTh/bWZYYfrFu+wi9hbX6lgvYZYxgsWTCrEVw== processed in 282ms
[2026-08-24 07:00:24] [ERROR] [auth_service] Transaction payload payload_hash=99wzf0B8btFrvGxWE0bE+sh75epL02L58TmAao0NwfA9mhiztNMSdhIOINCXIempr6vSCWc26U7/PokF1aLZuw== processed in 385ms
[2026-08-24 06:54:21] [ERROR] [auth_service] Transaction payload payload_hash=p/UVgOwBi0AL/+uF/m/Zoq0Elaiq/wmhbd3SnlML2ENHM5VOM+NwfQWxs9VE0YVg8TTVW3KBlMD0282KQAvvMw== processed in 135ms
[2026-08-24 04:20:26] [ERROR] [cache_layer] Transaction payload payload_hash=VQB93ylnvznOqsamX/DlHy33CVP9kC6C2pZtoC36O2Ptil1686/WxWGIhppcau/1popJ6Kx1/7vlhkwCPWba+g== processed in 53ms
[2026-08-24 08:36:49] [DEBUG] [db_pool] Transaction payload payload_hash=wMR53OFE8eN+cgrnjt6Va8tZ5en9HqRfBi9b7g2lI3fVLd0HIvmHchb2Xe1kRIVOzi3rGdwFkvlFzJK9kM/Cfw== processed in 169ms
[2026-08-24 10:14:59] [WARN] [auth_service] Transaction payload payload_hash=lT6WXx/yNFo2+Aybe7X3FSeAZUHA15bNQe+ICzT7uJJJNBp3OL7vtdP4LFt+iHTGTfUOTOFdtmOLSoRsnsmwFg== processed in 404ms
[2026-08-24 04:40:16] [ERROR] [db_pool] Transaction payload payload_hash=eaky0r8pvOTEPXm3be8LHXriaBK+Z5ay9V2KKiSq2rqGYExrKaaii+iwpSZtHW2yLqFY2XHZx4KeKI0XyjusJQ== processed in 439ms
[2026-08-24 11:22:56] [INFO] [auth_service] Transaction payload payload_hash=nrpNySyua0o65KZB6Ghbwuan8hTs+zNbVeEmmoS6Bedk9hqgfN3bOkWfg0crhNwLbUUyDLUCm8+6UbgE7bDSUg== processed in 216ms
[2026-08-24 08:57:04] [DEBUG] [cache_layer] Transaction payload payload_hash=GqPq/Eu5HqwvFxB7szYQZZciHQqIJ1fzLPMuq1Kbeo4AICkaizxNltZpFU5oe1rD1z3xJN1cwVZIufs4rHkF7A== processed in 417ms
[2026-08-24 08:59:57] [WARN] [payment_gateway] Transaction payload payload_hash=6f/f0JgRH5A7A+pR17EfJNLZ9eZfjKIfhKeurbQkDUnGWF2SCrAuCfpN28JflEAphMs5OE7zxLpS2kBhaGNXcQ== processed in 174ms
[2026-08-24 03:58:53] [DEBUG] [cache_layer] Transaction payload payload_hash=Ta9KrWUqenjVKTIg/+7SfDtqmC6jlBkXOwxZcz50Huwzv8gzOUUc1hGB+8LBYOkAzGO7vzCJN0E7X0NINPRyjg== processed in 279ms
[2026-08-24 06:52:43] [INFO] [auth_service] Transaction payload payload_hash=/Qpx3jXhSAlNiuDSip261WRrZKnbYRjMeKUike9l/HBDUApo46M8tzxs5xbK+sRIILzGfKccu/uqY1clQMcOTg== processed in 488ms
[2026-08-24 10:23:16] [DEBUG] [db_pool] Transaction payload payload_hash=4Js5jSHu/AEKb4X2jdu8/QADPkj5eF2FPBchAvnQAw/2r8UV+cqtxm9KHGs3x16PIYO3IMbM/HIVBZoylMW5sw== processed in 349ms
[2026-08-24 06:57:37] [ERROR] [auth_service] Transaction payload payload_hash=0Y0QPafcec0RgyglfRcBpwVbs/B3zex7DaJ6XTyODpOYtO/YC4K945fhtUI5JMpBruSHaAdJ1Vpb8ObVqFVo0g== processed in 482ms
[2026-08-24 05:37:51] [INFO] [cache_layer] Transaction payload payload_hash=FKQ2vSE522zYYveeCpjp+PacnxzUax+mdOAIYmYON6F4vztHOHUvtB7CQfBkPyJSPcHNUYmQnn1s7yvskfvRew== processed in 17ms
[2026-08-24 09:59:32] [DEBUG] [auth_service] Transaction payload payload_hash=K0js0V8nju4e36yqmgnq+xLoOgMHZ3X8SwvLqUB3ZC0AH5AJNjhSCVVtbmJiU0bz2LX473zhn8vdJ1d/OlPhvA== processed in 393ms
[2026-08-24 03:56:48] [DEBUG] [payment_gateway] Transaction payload payload_hash=RZRUwKfJ5P1DQ7PaC7a89ZCmLlsIQAqOn2eUm0Tw2FYE05mH5+/Hr3HgPG75WU5+7AsCW/1SWKXDpoxBzegbNA== processed in 375ms
[2026-08-24 10:07:41] [WARN] [payment_gateway] Transaction payload payload_hash=ox9Qy58jxs1jKnPmGrpyYA4EH4XsiMOOSi+51RBzIx94TlDcZb5P9UL9KMmVY8MpITUejpMdkYQSg5ZDKdfZfA== processed in 91ms
[2026-08-24 10:43:40] [DEBUG] [payment_gateway] Transaction payload payload_hash=xznw6JljRs1zLRNarfXOrcw32UceEj/wwAE4V3rEkS+9vN90p3mgAzQufPHvzpBii7mypw90xz6jBe+4Ia/d2w== processed in 372ms
[2026-08-24 04:44:54] [WARN] [api_router] Transaction payload payload_hash=BBA6fVa9J3CCPh0hhXlIpn7ZgBPh4o+YvlLL59EYGYn18Cl5J7piuVGTn8T6gONe3aeuAERWHgOAag/WMC/1ag== processed in 49ms
[2026-08-24 07:12:11] [DEBUG] [payment_gateway] Transaction payload payload_hash=NG9aBJAv/igEzbRJ3lB3HDzvmdL2EA4IKRvDaDgCwYRNI9C4U1RbbDCZC5LfmV4Xv4jTSFgdMj4T5W0V7fSYlg== processed in 149ms
[2026-08-24 06:29:31] [DEBUG] [cache_layer] Transaction payload payload_hash=wQrrE0q0nE5ATSrnWCLRduJ1Y0kzhPU5e4ZJ5rVdzGx3GJTedFmYizW/21A6AxGlvWrrD63ThY8cOXmP0JRq1g== processed in 129ms
[2026-08-24 06:44:34] [DEBUG] [auth_service] Transaction payload payload_hash=tRGq2fvL3ZaP3F5eQZ+6Cmx8IBbszezjfqQ4KyAZ4fwrttuwd9saDnptOwvpyYzzrw0lmNgXIjo3jwUQ6PynGQ== processed in 86ms
[2026-08-24 10:43:54] [DEBUG] [db_pool] Transaction payload payload_hash=QAR/BcXajHIRCXiiVm/dI4ufNGmAqdWBWyQHhw7UgSMPP89KdVMnP/H3yHvgspPvPgx1SH5MZ+snSOl+TgZqog== processed in 59ms
[2026-08-24 08:24:45] [ERROR] [api_router] Transaction payload payload_hash=bInCNVBVl8f6xsYsY5/xO5EmggWF567/EqytV/zxmjRQwYpN/d7Cfcf8mzuDy7DSMo5dzs4UoMPMNZnv1oX5SQ== processed in 338ms
[2026-08-24 03:57:26] [WARN] [payment_gateway] Transaction payload payload_hash=rib9Zkh3kLehY3kPzceNrkCCGAXLmLbx7YltjeHZpI2eYIa94EKMD3BHfDKL4kmEwBhOD0w0hiX6cmmUQ3ucMw== processed in 338ms
[2026-08-24 06:14:11] [WARN] [auth_service] Transaction payload payload_hash=EktNzmBQwq0s5OI2j60yq1aiB60KvvEVweDQAmPWz7bkIl7gERdcshfXs4Yxvzmp01K6d0PTmqR/bd9hPoYM0A== processed in 105ms
[2026-08-24 04:39:50] [INFO] [auth_service] Transaction payload payload_hash=+4GAsgD/xDUzWQWzWwDS5HDwdoMP35AP/ECZRdecMdWItHy5WiLdZULMenSh2vL0zBKdXgDriv8vjcmmUYZh/g== processed in 200ms
[2026-08-24 02:58:44] [ERROR] [cache_layer] Transaction payload payload_hash=GbqA9CtQQtVM6rvB8IazKLIeB6HjZjFZIMaIO1KrfhbB4Xaa0T9exqdLATVimxgZ/PcadKtC6eKpmuNKJVHjwg== processed in 52ms
[2026-08-24 08:29:00] [WARN] [db_pool] Transaction payload payload_hash=PXEBoO5oTiHjUXwRg1LBJFWYbIc17opDbjqChER2ic1Pu0iUBoiiHjRVXAye0GWFO1bbtf4JcT6LLc9P5ihNkA== processed in 306ms
[2026-08-24 05:30:34] [DEBUG] [cache_layer] Transaction payload payload_hash=i5k5MfTn4ftj57MHI2ii8Bg1NASk3m6vlrq2Gir3vt0hcNZpvBqWVRWdTaorLebIaSDFHSQvjuBUSeY4hAsj7Q== processed in 53ms
[2026-08-24 03:13:03] [WARN] [payment_gateway] Transaction payload payload_hash=5h94m30vpcDE9hUzfko6fY89uiTfDjaXLAt8dfNTT/bWHHCvmMppgoGIRqPHtnu8p9+/lhm5yuG2cx5BXCE0aQ== processed in 435ms
[2026-08-24 08:55:03] [INFO] [db_pool] Transaction payload payload_hash=whcv+Xg70tkIfylhs5b6LJRR8q4vrTVX/syj417I8h91cAur2VOf0q3PF+aZUAe26TGAAK1EcuJDsgMTLNbfYg== processed in 146ms
[2026-08-24 05:31:32] [WARN] [auth_service] Transaction payload payload_hash=51MIQnOLWtXxjMQb3w+DD7er0z0kn438docjymFI0KfmeIl41KbUKKUwBa/fH0vbdLjD70GUM79kcH4tQrsaag== processed in 338ms
[2026-08-24 02:20:42] [WARN] [auth_service] Transaction payload payload_hash=lPnMOE+xHaut1ZVPkTbEDrrxNsHW+4+29DtIetU5BiykAF1hraBydQAACIcy2Y8a1RDyYeulYDeceBpEpher4g== processed in 420ms
[2026-08-24 06:36:33] [WARN] [payment_gateway] Transaction payload payload_hash=ekMAZ9NNAB5E1ZHtAnQnNBGdWPMRE8ZXUAsWvWcMlNweq2XVUD4Zb8TeNizzuSj1Cplud552bv93G/tDdHLV/w== processed in 268ms
[2026-08-24 02:40:20] [INFO] [db_pool] Transaction payload payload_hash=ZbrXutH8neWn0+T8SFeN8m1mpUfQNoLtgC8GoKXdgkgl9AQLD1xmlNHDmeOhgzZ/+okKtC2Wp7/eF0Cs/tnxyA== processed in 255ms
[2026-08-24 08:13:21] [WARN] [cache_layer] Transaction payload payload_hash=eo3flamt4aEvKqTn76rpXHc47quZGRz9g96ixKerssHScuDKrOPH53MYmEQr3TFpnU+3Kfi4sSd2eNkY7K4L3w== processed in 131ms
[2026-08-24 02:49:51] [DEBUG] [api_router] Transaction payload payload_hash=DPyjgBvc9SocXVJUTyFfrgvyetZctIkQ89vi9paitQ3bIrmYLgEVkt3mDPMneo2sOnphYwRrPeUpcSp+jUq8Zg== processed in 372ms
[2026-08-24 10:22:03] [WARN] [payment_gateway] Transaction payload payload_hash=pWoaRDJ3gB9iFA/2fIP4jrsV4y1Cs68wtz/U9FPiNily0YFL2SazSLHGlO3F/64gWpwW0VgTDYGbuDaG3tXLnw== processed in 250ms
[2026-08-24 06:30:44] [INFO] [cache_layer] Transaction payload payload_hash=5ah/WHvAiz4rW2+A+Ld+GrkAcU68l/UwhQ7DJbqpAHhwxUWCM3A6ZM9mEmKXqrUGX3sELXYdjkmbk4fhRBlDfQ== processed in 467ms
[2026-08-24 09:02:45] [DEBUG] [api_router] Transaction payload payload_hash=4R+A+zQBJp7PfOc9PKRqCmtImlKxMTBdhYRd+Sdxke2gKhtU/Kv8OjYRAf6BQMCpCvIdeKStfx/2AsrebRFD9w== processed in 420ms
[2026-08-24 10:46:51] [ERROR] [db_pool] Transaction payload payload_hash=ECe1kXhJW+HsaNpsE6m1nxOWTsR8ERF3Im+2ayl/pyPcLvDWvSIhaqjYntSc5jIXxn57ZzHSpxjGfoCiGeoWjg== processed in 37ms
[2026-08-24 07:04:08] [ERROR] [payment_gateway] Transaction payload payload_hash=9xHsJKGVOw4aL+HzWzRzxRLzPt418JYSBiv4AyoOnVwutAMjuy9i64iNyKAOg7YK2V5KDuAWPabrE/2Wctl3YA== processed in 192ms
[2026-08-24 09:13:29] [DEBUG] [payment_gateway] Transaction payload payload_hash=i8EIjJiek6RWEJZWjvrW0c/G2jLV/TWWwANgxPMkIppTtEtyKKa086T1OAxLyi+teSChm6xQ05rDSPx8N9Q2DA== processed in 157ms
[2026-08-24 05:43:43] [WARN] [cache_layer] Transaction payload payload_hash=HKWggTImVRi0KZ095vvBUoLy7Xxz8IFH1bFGcSx2CIg+Au7ojl+bRA7Qb6CTIb//c+HlU2PSAXfG4DrDNdty5w== processed in 73ms
[2026-08-24 07:49:08] [INFO] [cache_layer] Transaction payload payload_hash=JpWaLaFtsFzOu+ppPWInYo0Rs42W++w1sdxqnuN+IJeqdtS1kSe4X+ktsWpm5FXJdWpiwbOLQnFhbFxmiPVTgg== processed in 289ms
[2026-08-24 07:18:23] [ERROR] [payment_gateway] Transaction payload payload_hash=2+JVTdWX/tX2+EldrFXdRlHOXnHNU7LzCOnh+iYnA7ehNxmK2YDO5cvbONlTF7B8wsICHK9texAkM2v1+BwLAw== processed in 209ms
[2026-08-24 10:25:48] [ERROR] [db_pool] Transaction payload payload_hash=Ugu14GBxeV7E2zNiubGsi1ewODO4AwAJo/fz7EnHdz+dphKGwRqWEXu8VhpoSP4uknbTB2t+3SboJVsas4yOzA== processed in 90ms
[2026-08-24 10:07:45] [INFO] [cache_layer] Transaction payload payload_hash=F+LTdpogmYxZA5XF8exw1UpFe60lM+1bHW6Nf3xBxvt4N3PJQiNtkvl9xLB0E4qf5g1L8ZHTsvh626GrJz/t2Q== processed in 287ms
[2026-08-24 07:27:38] [WARN] [auth_service] Transaction payload payload_hash=hhUNWoF779v+zS4ToLrBDVkqaztEuCupm5dMYkmqLc48vkEmK+xhBgUbgiDM9CN42bAnKJD7C6tFDSDNkgl7Yw== processed in 404ms
[2026-08-24 02:36:20] [WARN] [cache_layer] Transaction payload payload_hash=puvJcrwrniMc11kUuXENgbaLnWcEN3+1ZsA2YT1Ye50D4XLm13UsMzD7A7Py+8C77fyY8H5S0rhShos1miocjw== processed in 302ms
[2026-08-24 02:33:12] [ERROR] [db_pool] Transaction payload payload_hash=LDzK/IC8hbp5ZMhdSEMoKsRLp+5BQJYEUQkAPIs0wGDHSRWxvFLRGlrJQj9lGfN+2NiQOGX4KZgNl7r/AVH4iA== processed in 479ms
[2026-08-24 09:57:34] [WARN] [payment_gateway] Transaction payload payload_hash=fA3MiG4zwsRSWam3+3nXJKz36+nbcUNAPoALGqunBt55APMZLrMM+PEBJ97f46Kh6cgpD9DsLBZ6Jpl8/3Zgwg== processed in 178ms
[2026-08-24 08:38:26] [WARN] [db_pool] Transaction payload payload_hash=XFdmYnOOV84vpp8lEcbXM3/MDEogwur8RpoHn/7lm2RHGpWmm7U3qQQ7wSwefMu4LxZ9xXSLDLE/JSi7boUmPA== processed in 379ms
[2026-08-24 10:49:35] [DEBUG] [cache_layer] Transaction payload payload_hash=78CL3hM77+vdAXK3oz7au2ia/UOuzLXOp4N3dc9Me1EtRwBgeMOJ7nAOLVzX2QcGkvEXzM5CUjfIzlU0Ki/6YA== processed in 102ms
[2026-08-24 11:10:24] [INFO] [auth_service] Transaction payload payload_hash=gvBQZX4yNAZM/IhgCtKJEMzg8eNQdRcF0wTqhgy8kqcYe4oZei0ITGJV5MrlMuns13PnwFWoyCVDRm60MDya5w== processed in 304ms
[2026-08-24 03:52:02] [INFO] [cache_layer] Transaction payload payload_hash=aeO/jodSHpmV6nn4l2dLSwJ5XNyWprnKWS+FhdIC0fpOM8aM4RKknapv+S8ucR0aTE82mmC0LQOOLew8U4R+sg== processed in 474ms
[2026-08-24 03:10:31] [INFO] [db_pool] Transaction payload payload_hash=Cf6ZwNUUuYglBDEm8TSyVfQxfY3bQ6dPAeY+Qz65HU01j55ybJEcNNomRT1Nfdhq4NKBUoejNnLMXB47NF9c2A== processed in 278ms
[2026-08-24 02:28:13] [ERROR] [payment_gateway] Transaction payload payload_hash=9taMqAuWM7Q+0uLV7gevgdJO/7nXLg+/H6A3Alkp9rJXbzFC8x77EzTSIjJomBCClz5kBWGDFW/i7vciLqXQOA== processed in 73ms
[2026-08-24 05:52:18] [WARN] [cache_layer] Transaction payload payload_hash=i7GgvQfm7oPmoJkLqs/aHTAF4u4U9xP2HXsrHa3m2JBcuZ7Ooi+eAY41xJPtk4GtH73KqqOQR/G+fAlVNvIMag== processed in 38ms
[2026-08-24 05:11:28] [WARN] [api_router] Transaction payload payload_hash=PPYdf6UxZNpqKXBoHfhj9OU1NBgNMrJjAZsNTmoiLkOng3C+zXMRkZcafMPgAWVDzGkLFtj8kh7ugUzQ5KWQuA== processed in 495ms
[2026-08-24 04:10:48] [ERROR] [cache_layer] Transaction payload payload_hash=QzzjGmkia95C3LoRjA83D8aR7e1WQoz5JT/H5SS1Ecy5EqtTx7KuCU3TV3wwYFmFMEPEdujp0wofgCsEIdU7Ew== processed in 135ms
[2026-08-24 07:28:31] [DEBUG] [auth_service] Transaction payload payload_hash=2m3zwVpjI6EIhTz7N1/NFu9Ng7OxPbwM3y1ys3thj1Coj4IXm/xFtGMpMGGv+OYvtxzvLegPNNaXP5bw9a+Ilg== processed in 405ms
[2026-08-24 05:04:12] [ERROR] [payment_gateway] Transaction payload payload_hash=pcOm2uy+Z10CDf0PHhDEEvOEZ92lmRxLltsrjVwHwyWuS7N7BeNR7B9mtA8W2HHS1vaZG3FglULn5J7IVjUvlQ== processed in 144ms
[2026-08-24 07:34:11] [DEBUG] [payment_gateway] Transaction payload payload_hash=iC/zW2NapEwjq/NPflMIuAp9jRDarbGTYXN677Wx0l1ZwZwwYycZhkJWjt9vstfjp8l6Q30UPIs7kLwgcDFNDw== processed in 30ms
[2026-08-24 06:41:43] [INFO] [db_pool] Transaction payload payload_hash=kToYqjAjUvQHbHhL3oIinHkn6qWfeZaCyqVuP7XFUiyHg/uFFNMC1pbCgaEPVlL4omYNWnuwxCztqlg6lEGnQg== processed in 122ms
[2026-08-24 02:32:15] [DEBUG] [db_pool] Transaction payload payload_hash=s13ugHZww5EmhUdezk9NUfs/ZuAD7mdrQfxiby1kVOBWIXRYSMy7Xd9XxVm65IoVZRYthTAPfWabDW+6xE1LWQ== processed in 299ms
[2026-08-24 10:30:35] [INFO] [auth_service] Transaction payload payload_hash=3qMDK6NbPlcVkk1Be3hyBFgpMW8m2BwPgoLr9AgjZCJWiQcRAkvS1za8wdvJdqCJ5yqCc9oPo0eSdJkFP8zyxw== processed in 419ms
[2026-08-24 06:18:13] [INFO] [cache_layer] Transaction payload payload_hash=kN8/35/SSJm/xV3mU0YKCMnDB75WTyPSo7SLAfVxaZ+thPt0pvnB1xA1C+VqW7kJWB820xlJ1PLSPWg3ow1gbg== processed in 66ms
[2026-08-24 08:02:38] [INFO] [db_pool] Transaction payload payload_hash=u3xqm6U/R4eQt2uJdmoptX6yaiXueCC6ZRn03eXfi4lwl39Ux0XlfjZbJfYX3lWlRw+wPONJT35mtnjcykxC3Q== processed in 43ms
[2026-08-24 04:24:57] [DEBUG] [auth_service] Transaction payload payload_hash=Hz5xa8l4c6CpL1hdfQX7xBOkPapMJmrQbP7GFdv9sAhJarsD1q/HHmNi99jvkfAP0D7cMJhCHmGnoB49sEWqMQ== processed in 207ms
[2026-08-24 09:53:30] [ERROR] [payment_gateway] Transaction payload payload_hash=k4UicmaZ7Ds60Cb6rRFPen95P2ZtJ3BQU7LTY9o8YZ8oHH6cm+z4z3r8sFihcACOmd67jxCv9FJxKvcwvUVnuQ== processed in 455ms
[2026-08-24 02:24:54] [INFO] [auth_service] Transaction payload payload_hash=WxbYk+VE84dxj3IBifLwIeNLNeBlfbqd8Ig2jljF+ZLvY6Hk0PPHs/7hMKmTVa4lo7fl19yWVOKeBB79xHptJQ== processed in 488ms
[2026-08-24 08:56:17] [ERROR] [api_router] Transaction payload payload_hash=fzG+42PXlxNbaXN7y/b3mVp6wEgTrfE3MCAf/LAa1iTdaODj1X3i5X4gXJkYgpXE6m9iJX85YJboujPixb7o0A== processed in 136ms
[2026-08-24 07:58:13] [INFO] [api_router] Transaction payload payload_hash=E7OIYVSyPE0Ld17gJS+bUAPdIN/R75ZYsOR0rMJfXpripLbO3obHmpNt8KS0aStkAR0vMul85vzP3aFMA3m3bA== processed in 42ms
[2026-08-24 09:59:03] [ERROR] [api_router] Transaction payload payload_hash=zObUCthae9smikI1YZZXPS4ozS4nYiNPeZa1d2obI4iu2Ae8LcfcNCC9zmPbh5DH/Cz+PXJM33XQxAyQe3qpkA== processed in 13ms
[2026-08-24 03:56:58] [DEBUG] [api_router] Transaction payload payload_hash=58OrDgky9FOjv9GU1crJeC8q8WOKIkRmNfms/MSxPuL7GBxWbANaVgUDAyvW5UVdEp+b/c/7DxVrvk4KjiRPIw== processed in 445ms
[2026-08-24 08:24:07] [INFO] [api_router] Transaction payload payload_hash=7S5GbenSds6Pn+jMZ3A2ukh8NkAYXmeHSKZ3evaNziRQWt3OgJlIPDd/ogg47hv1bSXCZNTaJhl6Vj7Nrn/Z1Q== processed in 358ms
[2026-08-24 06:03:39] [ERROR] [payment_gateway] Transaction payload payload_hash=7fwPzXudkIUKNlofzAIlbCttBgxc9XtqnORiB4DnLacCJk1COoZAC+N5ah3ix77p52plzjEsiIQXpA/VCQ56aQ== processed in 257ms
[2026-08-24 05:27:48] [DEBUG] [auth_service] Transaction payload payload_hash=YbciRPTpDhieFbmCC5egiGi7NLpzbowEMa/qPaS2iY75QkuumDfKHxcwek00yXWFoVj8kSsuEdOCyqP9cmqjXQ== processed in 208ms
[2026-08-24 03:17:21] [INFO] [payment_gateway] Transaction payload payload_hash=7RPoTXpKN1HzxmcGyXP8251IL2/Eu4wWJScLlSZxodRLoOJVQZwePTUf1qH4sWQrjovRUAg5lHK4gYqNbfimFQ== processed in 161ms
[2026-08-24 02:22:58] [DEBUG] [auth_service] Transaction payload payload_hash=D1EO9V2vOEqCK+XtDe/EWMjaS1UGjwis6TJDyiF6E8VExnkPE4zN0NyMcapt46sRKR7xStti2ScbwoYzugUx8g== processed in 446ms
[2026-08-24 09:22:10] [WARN] [db_pool] Transaction payload payload_hash=MT4mqC2AdPJZdVturKU/3P9KR+iwQwLUv8cxQkoF3e4NExs1lkIb/5NALGWcTquYgi8AIQfXowoduF0nwrcaNA== processed in 447ms
[2026-08-24 03:03:43] [WARN] [api_router] Transaction payload payload_hash=pQorgjd8IAdn4rX3s3NGC7BicgWoqqvEx1Ue7PeORnB78Epitd+UrjLWuB09fYrCWqz81RTqriQpNg1Zj/o/9g== processed in 100ms
[2026-08-24 04:14:51] [WARN] [payment_gateway] Transaction payload payload_hash=UE4i+VgKkW8f3bT2+5xGsn9jbEDOyDf3J3nQzYqqzLCgjNoiY6qNdDjuj/D2LTQ3sS+7tCHztoBvuQ+e1N+HAg== processed in 136ms
[2026-08-24 08:17:41] [WARN] [db_pool] Transaction payload payload_hash=LokdjLE+athxCaCa5znbfWxmZgB/q1Bi8HKDOsqyLsQnQnGuGAeGkdkgwYDtXBGqDb7fDGpEBOQhYgoHtXq0XA== processed in 236ms
[2026-08-24 09:20:46] [INFO] [cache_layer] Transaction payload payload_hash=ivGsIuHshMk0bit2GodJVIwyyra7xCGn2x+O8/ttm2tGeDNpq70louMmgEQqfk/SEJ0P5bij/GR4Bo1cri5YDA== processed in 446ms
[2026-08-24 02:21:09] [ERROR] [cache_layer] Transaction payload payload_hash=XiNCCs79LvH7f/0Oj74huF/hHfb4lCO7XqPLia+lnoxe0fKPC057wMxf3GGz1RGiCfNpRXx6PXRkT3e9GN4EDw== processed in 388ms
[2026-08-24 03:49:27] [DEBUG] [payment_gateway] Transaction payload payload_hash=BO3Azx1X6wuhf1qlxBcMu4XCZvEsYTnXUurRpGMpz/ChQ6wbGp7tT4xPYExJiuQGmU/XSGGdkcPnvX+TNqZbLA== processed in 206ms
[2026-08-24 10:59:47] [DEBUG] [payment_gateway] Transaction payload payload_hash=hW47KvZvHePYF4Yp5qJNSqi7h+nd5ABJjywtFn7ysZTfXNO7cbIMIAxH5iVj7bpZhJjuGBdrOoQ3QQJ10o8XgQ== processed in 220ms
[2026-08-24 03:19:39] [DEBUG] [cache_layer] Transaction payload payload_hash=as8xtesRwXe8SbIvMsymg2W+kJaN1amD6Uk8Z25bc4mN5peLINrXWzKVv5K1YBNFSyX7/DQgpbxiFmcbtj5Bvg== processed in 242ms
[2026-08-24 02:46:34] [DEBUG] [payment_gateway] Transaction payload payload_hash=sJBkuLr35vyiTKH7TtnJaGMefo6zJwc+oUXcHa6E2KBfPCwBNdbhtyK+48mOgWnEYI1B7PA1TKPVMhlODVwuWQ== processed in 309ms
[2026-08-24 08:46:08] [WARN] [payment_gateway] Transaction payload payload_hash=zIbLog/OOWs2feXB/E0iQ3eFaUgkmKV4rrGwcARJqq2sEata8eelLG7n0XGhV2CLZiYE7GL1U79ohzBhqULBPw== processed in 468ms
[2026-08-24 06:36:10] [INFO] [cache_layer] Transaction payload payload_hash=0i/PN8r99n1Q9lzH3nJ2yXilXyZSt2s3fmOcg/u2882CcIfz/vCBb27dErLbQLoYc+vJTqAWank8z4tltUqPcw== processed in 357ms
[2026-08-24 08:24:43] [WARN] [cache_layer] Transaction payload payload_hash=KFyeVivJLTWPEW/wArE43NdGn/6+FRTSdEl8sU+pUjDabqXqc1igcx1mHXOSHe3/z//d4VKdySR/PRzrtfJJFQ== processed in 88ms
[2026-08-24 07:39:07] [ERROR] [cache_layer] Transaction payload payload_hash=+XKbyU0SOmRLrKSn7wWPKc3K6wwTR960oFcrSbGTUy3JPZSGzSyFb2t1P/vtwQO9+lm1Q/3aOR0nl8aZVlBMLQ== processed in 274ms
[2026-08-24 07:55:00] [ERROR] [payment_gateway] Transaction payload payload_hash=gN+wffMRUmXYQt95LGYC39mBPPCby+/g+mUvkbWm7VfhG5c/uVHltWNlLlYhBEUmFLtqFdGUPaiPik9dEyKhnw== processed in 46ms
[2026-08-24 09:12:14] [INFO] [auth_service] Transaction payload payload_hash=LH5v1Z1wEisJ9n0wZ+CRdjB67b90D6hSOfNnq8chqjBMA8G2Wcx1KeFhK4c4byUrbrMamAJCJ8o5fe1WfR9l6w== processed in 155ms
[2026-08-24 03:08:10] [DEBUG] [payment_gateway] Transaction payload payload_hash=9TSxxdst2Y1Zqk1bl90M4hVKaMnw5ZVwhC4KpRXPwrH6QWTMLmEZepbl5tWDFHYe0z3zucvTkGzsWydMDlwsvA== processed in 217ms
[2026-08-24 09:23:04] [INFO] [payment_gateway] Transaction payload payload_hash=+uBkrNum7cTGJQg1DLjo6Nt/9yjKZ1xMlT51tMXBfVlSPV/Vi5JR6/5y5vYBVhlfcFMXImb6aF10tTfSG7p40Q== processed in 427ms
[2026-08-24 05:06:11] [DEBUG] [api_router] Transaction payload payload_hash=PtqvX9kSqf8rgym3upo51m3KLmgdsOwvJ4Qcx4iNpOmLQhtfc1L4qJurBaItKEdhBZHEv0qFJe1nUS+U1o0BKQ== processed in 469ms
[2026-08-24 08:42:26] [INFO] [db_pool] Transaction payload payload_hash=rXuVfrQmVX3NXtjBtUWZJNfdmCvvKIcivySdHp4AS34MrvAp6ajg17Mo/jKB6yvQ40L3/MjXHzA6jzD8W1noRA== processed in 4ms
[2026-08-24 10:00:06] [DEBUG] [auth_service] Transaction payload payload_hash=U1ID6NP2uZEJ82GVcRR01YbEZaRJ6ZJ7MLHFLmvko46bLeqaBp0YSpcEcvkHvfoeuRSNN1xVmio/ZdsqZYvbhA== processed in 208ms
[2026-08-24 06:43:44] [ERROR] [payment_gateway] Transaction payload payload_hash=LKJ75BeT+90ik2H10OhY64JK4v9crVgrZHzL/1ehoOcbVBphJwwA5lmHXQ+IGQsFIfgr4mYvEQ3aXpGynNn48w== processed in 13ms
[2026-08-24 05:15:54] [DEBUG] [api_router] Transaction payload payload_hash=Q8uOvDlvNYB73d08HJB+r6Zh//fv+Etz8u/BAiKgho8UkYQvcqvvCIsbP16uREMl4/+tx1ry6x0jYl69FR9t8Q== processed in 258ms
[2026-08-24 03:10:05] [ERROR] [auth_service] Transaction payload payload_hash=vkMxhQ9xwUsnUjWaLpxcoy311QTr3uml5hRKQiZHl9lFEjPIv7TQ27H93GNLZXqjxB964nEy5XyduznQ0AgHsA== processed in 346ms
[2026-08-24 02:31:32] [DEBUG] [api_router] Transaction payload payload_hash=phNvvvsX/6cxPmXqM9M46GPEID1UDj84g+o//UCchIrtvCPs3TB1k/jCzBzC4Z7PXo6H64hgN0P8892Xh6G08w== processed in 132ms
[2026-08-24 07:10:41] [ERROR] [api_router] Transaction payload payload_hash=QfAtCBy+UmtYL/8NIP1RX7jbAvVCoHtqaK4H3tPIHz/nMq/bM67+By+pR27i51EWxm90B4WonBmIEfIVp/T3xg== processed in 6ms
[2026-08-24 03:43:37] [DEBUG] [auth_service] Transaction payload payload_hash=RhZxNFblUgGJg9uuMQ/Jj7NM9j2ylqCbkr/yuDfj9fzTMEhp1FoiyH5vyhy0wGt5cJWTFve6OZboVbfRJhEY9w== processed in 339ms
[2026-08-24 06:47:13] [DEBUG] [payment_gateway] Transaction payload payload_hash=QOiIT85nFAQcGwZt27z4Kq9srcplfroBPN5YROIQiiExQCfBJWhEJugJYOkK/55+5gQSAEhVfmuDBmQbffqrng== processed in 351ms
[2026-08-24 08:55:46] [ERROR] [api_router] Transaction payload payload_hash=/tntzI06MO2O0Vh7WeST4m6xWkVpIOJ85tACTo76nNGpL0k9+ajPK7m/QYfAmRPamqsThTV/XuZV3xWeBZlv7w== processed in 123ms
[2026-08-24 07:43:10] [INFO] [auth_service] Transaction payload payload_hash=P4MpPEQfKvpHVA+czOAW+pOzSN+I+cNv5epys6QbJnWLBEjbSze6xUnqUupC+SCNva0HvdVUKBpfZduveTiWmA== processed in 81ms
[2026-08-24 02:44:36] [ERROR] [api_router] Transaction payload payload_hash=HjoDluXHr9DHK4Sv1oRoN3BnB1NkwuCig2f1mIH4sFji85MWn0EB0f7SurR2SwiBBMvMPiJ7scdBhOAG1ME6GQ== processed in 117ms
[2026-08-24 11:04:02] [INFO] [api_router] Transaction payload payload_hash=9Z0zqt2gdpX7f6NGIzKbzOWT7nm7Zf9eg3ON/lbJOoafaSmuJiLxPNQ2FWOF1dFeTs7risVqmwDobPKRMQKnxg== processed in 396ms
[2026-08-24 04:25:03] [DEBUG] [cache_layer] Transaction payload payload_hash=dXvUo0EDBKLOzwvDypfNzvyamnd+HF61kQ142nPIxXoC9sx7YAXe5qGWOGwJ2vbJOtR1VVpAysWMYCegoNh7hQ== processed in 5ms
[2026-08-24 09:28:04] [ERROR] [api_router] Transaction payload payload_hash=f1CmZuRZf847Fv7s0blVNasvDslsVJwEq8AXIHrPuNF4GbCAZ8Fjz3sbWieK+jTPuCvk5XVJGkOJxPk/UlH1Ew== processed in 14ms
[2026-08-24 04:40:34] [ERROR] [payment_gateway] Transaction payload payload_hash=MTD7AzfRzH414YPXumRmBUZB6RF30mVVafGONjvyHQP8IFyh0k2HwNlBCesp9+OGqPVpxIMWA3vkbcU8Mxi6oA== processed in 77ms
[2026-08-24 10:59:36] [ERROR] [auth_service] Transaction payload payload_hash=cvAEBoDVOv6uAD2scjkEWIpvmVR4Hk7dyFOQndML6hWERiZ9De2ewoIzBlCYdUzof2W2iY6R90WDEX+ZRLh6eg== processed in 56ms
[2026-08-24 04:38:17] [WARN] [db_pool] Transaction payload payload_hash=EFid05cYGavoizpxMq5sW/wlu5+O2EEPtUORybO8UrDVKHQRLf7OcqvCCnSqJZxpEFL8U31jTqaRyJo4UBdk4A== processed in 57ms
[2026-08-24 05:14:41] [ERROR] [auth_service] Transaction payload payload_hash=zAKhuD31foa9+FQelWQ+vncL+2L4x6y5vc2TTcrSX5F4NQgyZrv1Az5pnGN8drW/0a2bxaenkIAfIa2ZBRMtAg== processed in 477ms
[2026-08-24 08:49:17] [ERROR] [payment_gateway] Transaction payload payload_hash=1ApJfiG1A5DVyI9BTVCwsnjb2bxGB5kDSav/h9zNRcPNN827dofD/AZ3LlGJYDInqg56ZTUPX9LETbIFpXfv5Q== processed in 471ms
[2026-08-24 09:31:27] [ERROR] [payment_gateway] Transaction payload payload_hash=U6KtLrtNiv+6gtLZB6U9iL9u8AJVMpXqK00m3miAfI/NXico3bZJ26aYuNwcSQczgJ9dub2AMiqBwZRU/cQmMA== processed in 24ms
[2026-08-24 05:20:00] [ERROR] [auth_service] Transaction payload payload_hash=YgE6IbzCuzekwTstwkyMr6YHb0C5Apb9oC73zzydlhtHV2HVJK2xjESvntKsXdSCpoH3blGwdp3BKoozTQnPGA== processed in 282ms
[2026-08-24 04:56:26] [DEBUG] [auth_service] Transaction payload payload_hash=bcsTynpHYg/gYiDpwrq8Tr5tdzptRJVSH4ijwjojN9MboIv+OgZUyh5lL1vKdij6S0UIQ39nc1oKwkRb+JY9/w== processed in 55ms
[2026-08-24 03:16:22] [INFO] [cache_layer] Transaction payload payload_hash=/fEU0qcvVZDPqdyot1z/mx/1aSDc9+PuSgQq1Jo/DFPyuLrkotNOWYMp8MLtsz2FJQ5Zas/KkXb+nVEwAKwv7w== processed in 264ms
[2026-08-24 09:38:38] [DEBUG] [api_router] Transaction payload payload_hash=G9nu5IRPByIulT7Z8gvnWMiJtzLWIwYIuaqIg1JnIVVtXrZ6yEkfY9BeipY4GPJiG9ZiGL6bTsHgk9uef3TWpQ== processed in 295ms
[2026-08-24 04:17:27] [INFO] [payment_gateway] Transaction payload payload_hash=lG2QmtkGceAA2NS9gCKrIxkctZinNs8/2EX4OjH1oWdl2oQK44giEYgQKlZ/ieFTPw6DjI3SxLkUj0Gdcz2wug== processed in 409ms
[2026-08-24 11:11:36] [WARN] [cache_layer] Transaction payload payload_hash=rGxMG7PxVaNl0G0xNV00LeHsjh/xJi8dZJd5dSV2wnMd7zopWy3FrTwkakGIuWJrFueGr/UPKwwXV+xYvSP4pQ== processed in 498ms
[2026-08-24 02:44:36] [DEBUG] [db_pool] Transaction payload payload_hash=aFRxy8pr57LQVihjcQmge0fkGvw288LZJfiioyaMS1PlWfuzF3V3m9wUQaMXnE8+Mq/yjVjqLLLUiVXg/p4Hhg== processed in 383ms
[2026-08-24 09:19:40] [DEBUG] [auth_service] Transaction payload payload_hash=8Fq+KXsm7V9dGqf9pH8y5KKW5DCFTnVXuOAgAOyFjVHhlulcrayJnm+Jb2qxAKoJX4/UFONBGcGq6sGAEgPhHg== processed in 264ms
[2026-08-24 09:40:21] [INFO] [api_router] Transaction payload payload_hash=EZKg9P9NARgyqir9GYJ5kLWRpEOvEpY2Jj+S4w4IWvzSRuAaN+VnjivU0LYtLjdeU0ag1tw3jLUXxxKrq4vheA== processed in 63ms
[2026-08-24 03:17:40] [DEBUG] [db_pool] Transaction payload payload_hash=JqjOOG8MTebKooyz35CuYSkLWVurVUYDCso/MfpbYk3qG16QzfT5dNMc49jzKxJ8xDch7eExKwDkG17dFzbVTw== processed in 432ms
[2026-08-24 08:47:15] [WARN] [cache_layer] Transaction payload payload_hash=cOtdUhT4Rbyh7K0DboN4mfJrTe/hpbyW5woTonpo8XDzR8DSKZ9Q4VIEBi4gVxUT7/QtTN5fQ34mF0icS+gg3A== processed in 96ms
[2026-08-24 08:20:04] [DEBUG] [api_router] Transaction payload payload_hash=BENaiprJ2RWBO3P4li0OC5cxunzXtK2FGVUH2xnwGGIFB13grYc6Hj3RA4hX7DnLzncQwawmijWMvwCiuKvWCA== processed in 183ms
[2026-08-24 08:42:55] [WARN] [cache_layer] Transaction payload payload_hash=+9XhR+kz3Salqhn6wAUw9DcABHhjHqK4EUz9SDa65kzn5CRA4NoXLwDZrfqG5spDY00hiZdxV6sQ5/EURT9ppQ== processed in 257ms
[2026-08-24 03:27:31] [ERROR] [auth_service] Transaction payload payload_hash=hSC+DliIjIutbMMuX7q9cwDY4MToX36DPdGIaaBzEqXPADDuvUL66M9R3sSZZQDpO1v50XUqpOX3JCOfe+Ehfw== processed in 65ms
[2026-08-24 04:42:58] [WARN] [cache_layer] Transaction payload payload_hash=HOCthl969DCydkhacdD4EhJ9aVnEmvxykmqRf/niQSc0YoMIR5BdgDA19uLNSsWRBB4ACE5Ka3QlhquJ8gRRUg== processed in 162ms
[2026-08-24 03:58:57] [DEBUG] [db_pool] Transaction payload payload_hash=mTTCazNP+2vzfj2rQ55N2bjNV8pkDYiL37BPmNcF1boCYm2Gxgw007xL9p8pWLZeHzWEX7t219DMYqKhwcEuSQ== processed in 294ms
[2026-08-24 09:26:30] [DEBUG] [db_pool] Transaction payload payload_hash=dexOrI/QDt2b0aY7oQIoqmOzzppASCTrsuSVVLKbHrVBtBDBZB2FIdwmn0YHiSdjfgAp3jSELOJYLjNmfHFS9A== processed in 52ms
[2026-08-24 05:07:31] [DEBUG] [cache_layer] Transaction payload payload_hash=d8x3mNFH/StOfPH6RtM6O8+9I57aJYfGI27/lXVooiWWPS21IRUP7emE/1p3XDAr27yMmLAHUNPhR+zZhcU4eA== processed in 72ms
[2026-08-24 06:40:23] [DEBUG] [auth_service] Transaction payload payload_hash=hxPqCMhFT3mvSmSzs3dwdce819t+bHSt93x8diZQUNa9gDEBwN5G7m+vuUR1XqjFao4EgYv9r6jO+QlHUtmEiA== processed in 398ms
[2026-08-24 09:02:02] [WARN] [db_pool] Transaction payload payload_hash=vHsV+xJzOCMKHui0dq6IZt0XoqiF5foc0KHm5VwJXM4h/nSU8ed3/T48y5wQLhl7Rhzwsua7F3h2qOZUjIdfsA== processed in 188ms
[2026-08-24 04:15:12] [WARN] [cache_layer] Transaction payload payload_hash=j7Ckmqu8jhdSJNW1f0zi9+srFPiC1fmgxLjoNC7zMQcuK3BBNt/Vncw9AyP22Xu6aBve/4c+3DCG02K7/jqvnA== processed in 100ms
[2026-08-24 11:01:19] [DEBUG] [api_router] Transaction payload payload_hash=W4QiL6UBEidE8vs69ulNu5vd80zoeNGGxV65uXoRiLd5yzoMsm68KqBX3/KQgJJMSkTbuiMsCtBHeBWOIusE3w== processed in 216ms
[2026-08-24 04:43:50] [INFO] [cache_layer] Transaction payload payload_hash=dPRSYn27ejogMRzu+Q6aeaOez2mlhItKjxem0bZZT0qMMCSTcGZcbYpMQ1HEgEDKHEJoMN/cUpm8FBsNFXaXQA== processed in 257ms
[2026-08-24 11:00:06] [ERROR] [cache_layer] Transaction payload payload_hash=T4bqkzj0FEvhbH1UcCDa7X3UL+Q3du4ebuR+JAeMLMyQlHcu2CLPnMFbQRuy7Y1BqsOmX0S4gb5CdQbp4Kx7xQ== processed in 320ms
[2026-08-24 09:10:27] [WARN] [auth_service] Transaction payload payload_hash=X4YSc7CBtjSIKU2WdHld8vw4fgZmh7F0+BljO/JN1C83/aPs33izQUsKuJN5ouxwkVegQnZigTVxfdNTumYGRg== processed in 332ms
[2026-08-24 09:03:58] [DEBUG] [auth_service] Transaction payload payload_hash=AT2jx18FotdO2tk9Qi3dOTwYG6p370KVGp68hoUSKRdD01PY1azpArpyuzIuqR4qDHmyo+S8JJKtK4xRuiOE1Q== processed in 196ms
[2026-08-24 11:10:51] [INFO] [api_router] Transaction payload payload_hash=dLA8T9Mbn+uopW81mpd3wJozNp1GRQLaNMEjt24BVUo0+beP/BDM4w9jjqMyRFG5CnwxmGTrIV7ZbP48G0uFQw== processed in 383ms
[2026-08-24 04:53:43] [INFO] [api_router] Transaction payload payload_hash=ErpCDFrr5q3bp6dnjrPMFoIAQbrZoYEmdSBSWStv1gWKSXVcz6YJpjX/OVeXk8/81w8kLhE+DnsyVlMOMJ3Vtw== processed in 140ms
[2026-08-24 02:42:22] [WARN] [api_router] Transaction payload payload_hash=luxDGhfQE9HWmWE76FGgum3z1bhv3zbgATldwLKA4kEsZY7NlBZ/QGwOz6ZlJT0UJBvyKAJGFU5FTf7GUXrk1g== processed in 416ms
[2026-08-24 05:15:03] [DEBUG] [auth_service] Transaction payload payload_hash=TBxrdylgfun3peXrFVYgi/CKKePukdHOi6urIQHFYkqUNEtgG/JVolBm5O1+2AptUcpx2gaahvrwzIZERP4FOg== processed in 319ms
[2026-08-24 08:44:47] [INFO] [payment_gateway] Transaction payload payload_hash=7HpEFe/gM60Mnz8GgZKnuxZXb63shNWN4LQunoVRIhZU3ZdCvOJYD10oPIXmEvtRi858m4h5zJaOSxWp9LTp2Q== processed in 242ms
[2026-08-24 03:45:50] [ERROR] [auth_service] Transaction payload payload_hash=oodwcIN0uHXHPKi0pJYXqfzvmhDzx2pFEUKz0a9LtRhX6xEUzDDNpMRHCEuvc6ggg71XNNaEvzmYzeSq3HcxIQ== processed in 161ms
[2026-08-24 08:41:44] [ERROR] [auth_service] Transaction payload payload_hash=Gj6ckvjm8+tevEYZfpj4OsauT9+j+i6uR2OKX2jE9nnCqk1AptawnR4yqMfICRy+T/SJosK+hQr2ZYOQ/h5Kpg== processed in 432ms
[2026-08-24 06:38:17] [INFO] [db_pool] Transaction payload payload_hash=oVKQBLq6b32QGrwZyK1wlmHvimamcKW1WmreetczY0W08c/D17JIzRgnzclMMiRTVk+jvL+AJ5o4WouHBmHjJQ== processed in 351ms
[2026-08-24 10:36:31] [ERROR] [api_router] Transaction payload payload_hash=+i7SQzK16blvHbGgPacqwiauFCnlq8batUsf1smIBy8LZ38KyeV8GXPTZztXVFWax5gpBiWjkqKBd1KI91VQog== processed in 218ms
[2026-08-24 05:21:15] [WARN] [payment_gateway] Transaction payload payload_hash=EO7559vZvy+X4I399AmeMLzmoK32rAGk+IaxOWa7K6yKTkjTB/NEMHzWkZHeN8xfhXKy97Yqh0pBjOmC3Rw1vA== processed in 15ms
[2026-08-24 04:51:08] [WARN] [cache_layer] Transaction payload payload_hash=UWl9svTao+wwqioK/rJYksV9rXS0IdS4ZLkYwTIkx04MVuqmN3pmtvAQfsZCAs7GSGljciX5gy74/fOwmwIs2g== processed in 56ms
[2026-08-24 10:29:44] [ERROR] [auth_service] Transaction payload payload_hash=/tfOsxZBChn4t6zkel8uHCnIl2/qTI57jcc9y9teYvhKV/wvSfNDhFmVk0JbWvCGyYN7wCo8+XgQ69w/7nKUWg== processed in 162ms
[2026-08-24 03:07:03] [WARN] [db_pool] Transaction payload payload_hash=FST2Vj3nSwfGnQS5msQIitwUMwMi8D7pLdz1M83yAajhNtrv6bYBZjAlZEQG0uRdny3Evi+Ema/v29N8+3DXsA== processed in 409ms
[2026-08-24 02:39:51] [INFO] [api_router] Transaction payload payload_hash=PIop0MbO5RGicw0cDiYUzVdpK5F8dmq4JMEaIq4OcGMGCwz5JDflvA/M9/VZ05UXri9I2jOTXpirKCxJU8rfcw== processed in 219ms
[2026-08-24 09:27:47] [ERROR] [auth_service] Transaction payload payload_hash=ElxdMGdgMKWmmyhLeb/B5cl9EJBFx+6g5NDt3QbfLEZefpmtd51JOZqzk53zxJIBQKxJzjz+Up51KxiFin+5bg== processed in 450ms
[2026-08-24 03:31:57] [WARN] [cache_layer] Transaction payload payload_hash=gtniGc962JeXTybsqo/+4+MqHzL50+Yq4g/RkFeWrewPlQZfpyhM89kPuwSzuqor0t3wvE73cbIgz8RL3ZXFFw== processed in 472ms
[2026-08-24 05:07:53] [INFO] [db_pool] Transaction payload payload_hash=8dqfyxBTjTH+NvNsXlBCv/qg8CMMROdHmR4gYlHhvnucaD6r9IT7HM6rvaa8P+NtzJNsKilNDcJJU3Euzw6pAg== processed in 205ms
[2026-08-24 05:01:11] [ERROR] [api_router] Transaction payload payload_hash=fDemwyzOnRbW5N4LdHncKUiZl8L4fKqG2wRH0nlLAhDQ8plZB01oEWGtLPZ5lTwqJhIIamf8cZsg+Wkv8YSbmQ== processed in 122ms
[2026-08-24 09:48:37] [WARN] [db_pool] Transaction payload payload_hash=+cdG+lVUW6C9asCzZts3dUZf2E0B4VQKseUanSVRhXm9zJxw5Hp+NL7tav3zCHQopnV+esvFTqCUuwTV32FyJg== processed in 126ms
[2026-08-24 05:46:19] [ERROR] [payment_gateway] Transaction payload payload_hash=mLXI/UztZyHAp2Eev3vpea7I4DWH4eoTinjJWkqaMisAINP2k1cpDuA3amlELIPgwF87sQKGcW1f/S/qFvA38A== processed in 192ms
[2026-08-24 06:59:12] [WARN] [cache_layer] Transaction payload payload_hash=CWgx3UpiwteTd3HaST2AqMnJfkeAgcJ4PIguFcaMRVW6oe9jvVzJnLSRZpSguV8IEXJ17bCL9nC31D+PvMa5FQ== processed in 295ms
[2026-08-24 06:20:03] [INFO] [payment_gateway] Transaction payload payload_hash=F9js2e/2jR4WzMN3R7JzrR6HBI3FHudkKlvMviiqqOoCA7B0j/0PwoxOmE4clEIXHwixAuQ6dSuxxJrYcwOL+g== processed in 154ms
[2026-08-24 07:50:37] [DEBUG] [payment_gateway] Transaction payload payload_hash=rzsrupwqUu1ZagUsJe5IUUmDucOUUQ8PBentpeuT+jmVY6U3/uOB54r3e2bUv0/IaKeNwdfOEJjhUV2C7b1gVw== processed in 491ms
[2026-08-24 08:12:09] [INFO] [cache_layer] Transaction payload payload_hash=2OZEDOXmPPrebVIivPrt/fGJKetPsNK+yN5otfO4IdjIofeOJ6+v++nBKBewlCRGKroG86O2E9XXfEzBhH1Lyg== processed in 481ms
[2026-08-24 07:43:51] [WARN] [payment_gateway] Transaction payload payload_hash=aUYf/o7GFyYyk4HgDLjuhvzSnf0La23l0eHaShIbDsYXt/OHf++o7UozHOk2WXc8zqSOZYIuy3krM0z49y5FWA== processed in 480ms
[2026-08-24 03:35:16] [DEBUG] [auth_service] Transaction payload payload_hash=g0fv064rlWP5mGS/CKVQF1SO0JxtnUnnls1dSAZYF/j0ViQIC/AG/3GFM7+0rxmsJAXIey4AJcmpBdgGB1Df9g== processed in 476ms
[2026-08-24 03:35:00] [WARN] [db_pool] Transaction payload payload_hash=Tx5l3T0g1SA8mF+kjgyaaLKwvFcRor4ctkABfSgkt8uuHKsCwyvV0lm38XZnNi6XRHBAR8O6uTzuQrr5N/BJQA== processed in 212ms
[2026-08-24 05:10:24] [WARN] [db_pool] Transaction payload payload_hash=DV88dJhTXD9OFdkvu8BFBYC0xYTV/jevjCXXRgHWwd4su1TApAjkhlH0wis5JAVl3CAWr0JBYamalXh7E+qnTg== processed in 228ms
[2026-08-24 09:55:45] [WARN] [cache_layer] Transaction payload payload_hash=jzKgub3f2T1wlAll/X73S0FR/jNV82SRFLTON4yYmgzNjZ3Hnt8yzy7sZoWXGBbG6PFrpd9RGIHI4W9n2lpaPQ== processed in 60ms
[2026-08-24 06:53:11] [ERROR] [payment_gateway] Transaction payload payload_hash=qmWezpzrAgJlt61ajJbAFRgj9ZgdjIYjGNKw22b2U4/7sDZ7lqygChHTXB6HM5wUDgsYH4vDIKxNKlFAVE2vrA== processed in 383ms
[2026-08-24 10:12:27] [DEBUG] [payment_gateway] Transaction payload payload_hash=ldqM1n/OOrqgs8l4tWEhLgpke1EPI3WMuRrbQILDRrxfWoQREznoeP9E0ES9P2Wc9RpL80p4ZL8GjIsW3eRDpw== processed in 184ms
[2026-08-24 08:43:32] [ERROR] [payment_gateway] Transaction payload payload_hash=PBAq3KT/7Uez+gIx6AIbNZQhUgOXsyCSLRW+zALD9Yu2qVMlva8liT09aDHpvm4dfnZvWj8vqqldIIaJjId7GQ== processed in 428ms
[2026-08-24 09:25:52] [ERROR] [cache_layer] Transaction payload payload_hash=fe8wUI1vdwlfCEOz18iHyJEFm1kRjQLsW+8aiHJw21i7awOXGGXycU+uo6sRV5E2bdxWJs66qHJ9Ot3ulRbOlw== processed in 198ms
[2026-08-24 03:25:06] [DEBUG] [auth_service] Transaction payload payload_hash=CcejAgMFXpzUv5jRxspr9oEJf8mCGn8rNoproCrzlU6NH33uTqamQUoDIhHWw0QxARLDHZpOqF1LEilQrPsOTA== processed in 101ms
[2026-08-24 05:04:54] [INFO] [payment_gateway] Transaction payload payload_hash=V5pV+uakmxKGzwScROT4lM0uQPQe1xr0Hz5/7IubYxD1aymZvWx9vXQnnFnysl9gWvrKxq8CQSr8EtI4n7Xstg== processed in 128ms
[2026-08-24 08:09:45] [ERROR] [db_pool] Transaction payload payload_hash=0yTqdw6Pfus0uNHYF6bH1e0eOFewJh04jKhr1yiwXjARSbOKxcg+aY6L6+hTJkif0u038oeqeAxEr8NJnMjaiQ== processed in 130ms
[2026-08-24 10:03:53] [DEBUG] [payment_gateway] Transaction payload payload_hash=9Z08+dke7a696kqprjIE/kBulkI1txIN4lc9NBeKZHZqGBsWwQYQ3u9ilAkC4hC72PXkqfY7KTPAbeUYW32WFQ== processed in 311ms
[2026-08-24 06:36:53] [DEBUG] [payment_gateway] Transaction payload payload_hash=jhHJnkN7oAsuQKXuEEDdgmp7orogNKQfSS3a0OX7VHQ0FseoLVdfphyIsMXj5piI2O/aXWA6CCQXEr+kEM8Lcw== processed in 413ms
[2026-08-24 08:18:52] [INFO] [payment_gateway] Transaction payload payload_hash=l3cZyUYkFO1DyhxtORbnpULLh0QVJN0R7YJyp8WDwAkTYmSab985yIbwICJO3MksBB0h6em8u1v4dvvkwEYjAw== processed in 181ms
[2026-08-24 09:29:45] [ERROR] [payment_gateway] Transaction payload payload_hash=IluoZfoeORfi7JHrAdW93QTrR8Gy3XnJ7h4n3IWL26eyRcFaomS5DezwY6Lb4Lk5A8Vxqy5HvLhVOYySUiJ5ug== processed in 327ms
[2026-08-24 10:37:59] [WARN] [auth_service] Transaction payload payload_hash=0R6qfDG2kdTlaASiAa1ML8JHF9hapkTHLqs3ESf8Heb1drLy1Bx3DacWFxAz4GfNZsXJKF+6+0zXXBfOhjTXSA== processed in 50ms
[2026-08-24 03:54:41] [ERROR] [auth_service] Transaction payload payload_hash=fc+J4tf3QmntsWUSdre77auq3nYW62xgKqBM2wI/RohkiA/U0lk1K+soCx82rhaHNVoeMQ2WOmb5oemU0NKTWg== processed in 2ms
[2026-08-24 03:05:19] [DEBUG] [db_pool] Transaction payload payload_hash=+SvajN5E54SXbBKy4CcsYht6t1VVtJ6TgxKlqjcXb5nMrg1JM/FRIJxxxerYzG8PblFgcLo+vx3grwfmgyk/oQ== processed in 443ms
[2026-08-24 03:42:01] [WARN] [api_router] Transaction payload payload_hash=piqjx8agHINkD86WzOEXssAaeOLVJWt3nQxuwQ7f3jbVUCNJYeYf3ZeKl/7j6hT+eCbr8WZN5OhD0hzJsFcXwA== processed in 74ms
[2026-08-24 03:49:33] [DEBUG] [auth_service] Transaction payload payload_hash=Jtb4n8bh0iIHc1tuUEbStqykxKZ5XPZI9LrsVFN8lG29bn4m7gF9kZqQjPBZo5NeABKW+WGigNetteFVF7jD4A== processed in 106ms
[2026-08-24 05:38:29] [DEBUG] [db_pool] Transaction payload payload_hash=w4D/UWm5bjwsTFTRWrW2h9YH0PfOd7YDS0FC16b07AxdDtzfWWivkVldSJjynT+MlpFQIHHyLFhPbHvUqeX34w== processed in 402ms
[2026-08-24 09:35:31] [DEBUG] [payment_gateway] Transaction payload payload_hash=yIPfeFZbwI5c3mOCxDzEs2Bk5AeFsOkP1++Pxkhtq9Kh1PutTa8Bj2RtmRNuGT77tfuw8OcomcD39SYdkFmApg== processed in 177ms
[2026-08-24 07:51:33] [WARN] [cache_layer] Transaction payload payload_hash=XecBycc3Az1fzECW1A07hWzhUmVSbZE2dYWjQxfN86JY5AAdGsn4khQ0ZvNkOibHaZcq6ItiOlcptCUsr260ew== processed in 180ms
[2026-08-24 10:10:41] [WARN] [auth_service] Transaction payload payload_hash=fgX4VgJ+eyAOYJdJyp77DFdjAYwFHKQYHqxHmq6CUh/y47PF0ighF+5j3+VafR8BQm205OYtphVFc9vYCyoVcA== processed in 158ms
[2026-08-24 03:08:38] [WARN] [api_router] Transaction payload payload_hash=3jiK9nqE5QL4leUYLnV0jb8Ta8QZxPihFBTpTqK6Zj7arVap98DzOv1Yf7VsmYswyPBYrl7rkb5pkU/ENd/tJA== processed in 113ms
[2026-08-24 08:52:39] [INFO] [api_router] Transaction payload payload_hash=Aqwv1SIrcYaRzzpFOPXyb74FUjYfhxwe8/vZRW2YTSW4QcPNcFyJSzVvDOrBoQDjnz4IgFfO9cgDMFMwH5Sv+w== processed in 436ms
[2026-08-24 08:27:58] [INFO] [db_pool] Transaction payload payload_hash=2jmqbsolsEQcDrdBzEiCNLoulihwnm+3D9uhVPR7KViLibQ+8q/FFeqItdZHLoJ6Od9aDXX18U6seZfksDgx2w== processed in 6ms
[2026-08-24 05:37:36] [INFO] [api_router] Transaction payload payload_hash=bSAi/zpuBq7sTb7vl8B0z6HtZr0Jjp+ePL5riuONqiGiow7rH0jVEei0DFrIOR84xTY7l62YzHbszwKppo86pA== processed in 370ms
[2026-08-24 08:24:02] [WARN] [api_router] Transaction payload payload_hash=mg0rbDuxeSzyM/e2gewvvLVNhNu1B23oqWrcqfvwi8RNpSkheBzlo4UIsqKgsFZj2YKkiUbDOfLFS/jNJfqkNg== processed in 233ms
[2026-08-24 03:04:02] [WARN] [api_router] Transaction payload payload_hash=2CFCKXzLMzNNeE9DjZuFksIb12KoJo7L6iQiWKauiXMNPn1H4DfpB1lEgywjfn4nb7rOYlUhayXD6Gzsyv+7JA== processed in 358ms
[2026-08-24 07:18:15] [INFO] [db_pool] Transaction payload payload_hash=emKq0dVX7E3xL9ZLpLS8khsQXQVMviAAz345JPlzmZRQlKOPIN4GQClID1RmC0J+eRotk3dAk2bGFSmEIM0Gag== processed in 18ms
[2026-08-24 08:42:15] [INFO] [db_pool] Transaction payload payload_hash=gcWx4m3CVyaUHylZ+cuoV/Sq/Sc53zf5nWtJkKgEXR0He0KbPhiRXeGKjkCByEsYc6egNrTAN0Mj42eWyRB8KA== processed in 340ms
[2026-08-24 09:52:24] [INFO] [db_pool] Transaction payload payload_hash=LABQ+pFE5ZrQmSLNaHN0qAcbor1JF+P1d7iHMbbrrefW2DL2r1iEwe8M/RVq7thJju9A5Z5fZLqM3U25RHSLBw== processed in 186ms
[2026-08-24 08:46:58] [DEBUG] [auth_service] Transaction payload payload_hash=Dxixr8pjcXBGRtX+LFHRW27PDGZTE/q3Oflf9QK77aTKqotgZeMOVuE8BjETVWsDeZmcM/fZyVY5jZXxceoaUw== processed in 373ms
[2026-08-24 03:26:40] [WARN] [auth_service] Transaction payload payload_hash=XPmi8ACtQN6ssvF+LFj0nBrJDv4U9rQzQYvwzHs4/tXB0bcsAQOIrKBUpqGEJysXsWpb41MKMWvuw89Wn2WICQ== processed in 42ms
[2026-08-24 06:28:40] [INFO] [auth_service] Transaction payload payload_hash=PwPXhunGItWfk2pq1XuWJZK5fZcCHBRydcSS8DBK+jqrvhpv02HU8puSNrG8OufYQPlWvyR1o1WGigIvQ1LwTw== processed in 393ms
[2026-08-24 02:20:36] [ERROR] [db_pool] Transaction payload payload_hash=n5nOjGFUw8kDnetK8v2FKAM46v1/4phD7pACAS2Sb95VWtmqqmUh5NxBS4g7I4LDQJfUO6KlnQUK5NceROTmGQ== processed in 439ms
[2026-08-24 11:04:30] [ERROR] [payment_gateway] Transaction payload payload_hash=T+OGa8vlIPR1h6cWM//Mxar0G2DnVWmVaLl6gmlvPtVXxZxyqGptNUiktXFgP1Ymumual6tIixqPsI1Gvns4yg== processed in 421ms
[2026-08-24 08:28:18] [WARN] [payment_gateway] Transaction payload payload_hash=lUBg3pp+0mKkKihidmr0Ezd9+GSZTDPP5+uZNKjMGukrN+/uBUkMSp57UlZh+pacTbGCJudbFHLDPcbFK18b9A== processed in 142ms
[2026-08-24 05:00:34] [INFO] [api_router] Transaction payload payload_hash=VRRvy+qZWP3tdl7u4nEwso5F2GinnU9HMprvLlj8C9EnUv4g+yc9SBmLUeqnQAgIrAIc/dZVfjXdkpFrtIv7lg== processed in 458ms
[2026-08-24 05:20:30] [WARN] [payment_gateway] Transaction payload payload_hash=rj2HkTC5o2LkxE70P6OxT9fw+ZIFLriJ6GUwVL5LsY9jsfk+2C5c0w73HSbrvrswcGfzFePgx6sDIS9ynnu/kA== processed in 413ms
[2026-08-24 02:49:17] [INFO] [api_router] Transaction payload payload_hash=m+uFvnTO7bgffzYvqp8Yw95+moQX3GDQu8bIxR2MPYEW7tqPHyV/p724JcGaHiC/prPA8yQ02jiQG/5/HgpEug== processed in 344ms
[2026-08-24 09:54:36] [DEBUG] [db_pool] Transaction payload payload_hash=F+J9ZdxUjQJkTnpR6y+jhdCGGMho6lxODiIlML+d1/SRthPfFghIab46HHko8Yu2US1edysLp3ax0zPhSq1Kig== processed in 254ms
[2026-08-24 07:29:50] [INFO] [payment_gateway] Transaction payload payload_hash=lWtXJiDoTGTnVekwdJKq5bTuzwBqh4c7eXJF4UeRg7FPisvzj0ICie3T8bKW85/4GUV9wF/QANXJnh8wFtPgeg== processed in 76ms
[2026-08-24 03:12:40] [DEBUG] [payment_gateway] Transaction payload payload_hash=KOYMKyCulYXAnaWQW4thIbQXezJ0tuA9+HOOUdPvnnK/iuknxvw+G86jqc6ywF2UrvDG8qvET4hWLovHJ4B06w== processed in 228ms
[2026-08-24 07:41:48] [WARN] [payment_gateway] Transaction payload payload_hash=fydLoHfx4DL0oFR5DOmQ0XhQJ663cHr01yWYwodMZVHVTbHeczFXQ7XtYvcU9PN2ungHFj4U186DQGSif0sIPA== processed in 461ms
[2026-08-24 10:13:12] [DEBUG] [payment_gateway] Transaction payload payload_hash=VSBlcP8Ojiyzxa9MaENgp7kOFD86WcCOP5LSVWZb1Dtrl96AhMw2piAzLG6cfuHVs9YGjNPKixMqgWCIT7anrA== processed in 316ms
[2026-08-24 04:33:52] [INFO] [payment_gateway] Transaction payload payload_hash=6G2N9gAT5xYlAnfkC6okoLsU7O7Dazam5MLfstijIXpskxFCE4pnFdWpmiabVWz5ulm4YS7SU7HRZbwXMqgIgw== processed in 110ms
[2026-08-24 07:26:07] [ERROR] [payment_gateway] Transaction payload payload_hash=XOIaLhsPlfCrOsncQmwgciCxFtRVsHSPsgVkUAy7R3/Ir+3ec68siG2r5Hvq+VqeKr9EgkqD4ILlsarlrHLQXw== processed in 435ms
[2026-08-24 04:21:39] [ERROR] [db_pool] Transaction payload payload_hash=dJ9dnzD/YFYgma5NciuANYqCqNJGgQq2kzKMAnaWEhsxeefs8FY7ijYevcH4/LQzldi55OMOvi3CxELXz18OoQ== processed in 131ms
[2026-08-24 06:38:24] [DEBUG] [db_pool] Transaction payload payload_hash=DVHkOrKVYInb96QIRwq1rr/OSLZCx2uM0atGgurw/fp8D5z3lE6aDct5RMHM4hk+5k3+oDZdk5qV324DLCR9cQ== processed in 232ms
[2026-08-24 04:01:53] [WARN] [payment_gateway] Transaction payload payload_hash=yiiJ2LNTNvGh2DxVJEZdjXN86YK47Zb9N82HOoyjC6k6qSORYSMT6JpOfc5LBoc7IvM+Bq2o8cjLS3I7X29AEw== processed in 352ms
[2026-08-24 05:23:41] [DEBUG] [payment_gateway] Transaction payload payload_hash=NooISw0cQ945M4X1VJrzPOrSJvM1f5tOJRnzvgps0vmxJrFT9XLKGjc+0GcShERlyxDkihPH/Vr1YmDCBLMjEg== processed in 320ms
[2026-08-24 02:28:38] [INFO] [api_router] Transaction payload payload_hash=cXDB7wmNppT1ycbEirbK00MZS6IpSQ6ARmwctdOibG8o2dy6nQabNMdYSPjD3e8YbLXEGWt+d42V4vcqsOlm1A== processed in 188ms
[2026-08-24 08:49:16] [INFO] [cache_layer] Transaction payload payload_hash=Ax/A2ab6QDKWJwChFU0XBhgoNoo3Ri38Nm7TeQNHmLgN8VihN6VC1nCCnk/1ENtx88rJZM7OTlW8imjIlqcVmg== processed in 313ms
[2026-08-24 07:47:45] [INFO] [cache_layer] Transaction payload payload_hash=4xUkpY46h8YyLKqVeIaVLs2NwTVk4dm97MeJyTaQeumknlY+6Gt4jEPBbm5pn3KN70uhIsrDi0OfHM6NGg6iPA== processed in 252ms
[2026-08-24 10:35:50] [ERROR] [db_pool] Transaction payload payload_hash=R2oeeRAG+zYP+SFdR/KpviI1DijhROebhFHboZOqe88hYpKw6Rnzo8k8uRI7wEeraHBtBYJTiwjDvUp7pdE3cw== processed in 285ms
[2026-08-24 09:40:43] [INFO] [db_pool] Transaction payload payload_hash=ZzHqli3ZjLBsaEaKMxTYLVcx3bSExP+IfmYD3phWN98gFhMJfzk1iPHK1si4ydBmAJR7Jw+fZ7dd5aW/YMaphg== processed in 251ms
[2026-08-24 05:41:37] [ERROR] [api_router] Transaction payload payload_hash=YLnOGVudK9B4h9YkkOJFD5Vkvnl/C5pc97TaMzoUsk8BYYrUiiz4Rx2T0TVGdlE9xe632LGvyv/pNtERwiaOZg== processed in 178ms
[2026-08-24 08:37:49] [INFO] [api_router] Transaction payload payload_hash=FutIHmgBApmhsap4HtPFGlS4XdA0Im31cZuL+6gbyFEEZzrY2XElfzzJYb85WuKiaeV9032Qa+aFadGBCDrtng== processed in 346ms
[2026-08-24 09:26:28] [WARN] [payment_gateway] Transaction payload payload_hash=qZ5oDK0X99HcTP4YC0umbMDpk1XgiKSTnB6DtWAy1li63J9cXjNJ8GNLueVdSvNS/utUmY0gg8UeKEKANwhAfg== processed in 85ms
[2026-08-24 08:20:42] [WARN] [api_router] Transaction payload payload_hash=uTk20UuyMLJzNG55lOQK0C6fO1dnsUJ8NbBwN95eBaxRP2omt9bFWwENT9LHYNToft2g+qsKl2eYBsPKxFm8gA== processed in 137ms
[2026-08-24 04:57:39] [WARN] [cache_layer] Transaction payload payload_hash=fQhAFj8Lou68nuWuQrILps9tbWda3+P2Wy8dUVgGlrrCqDfpnyz8VwPE61dww8g36Y+22DQYSt8XXxakmEDt0Q== processed in 380ms
[2026-08-24 04:05:33] [DEBUG] [cache_layer] Transaction payload payload_hash=O6SicgwaYbI/ZxRp8LDahJMJURferRCjhTbnlEWPIJyKakR4eggVh+Umi/gfjbsm4lQqZUnkbSS8fsEeA4Jwvg== processed in 486ms
[2026-08-24 09:14:52] [INFO] [db_pool] Transaction payload payload_hash=hLO4D7LNG39H9rIDHr3AS3bt+z4lB4gjuygfpfjAsoT+dbOe2mqO5tMAZzem8xuBV7ttLRgAsCUkC4BAxdri/A== processed in 307ms
[2026-08-24 10:36:26] [WARN] [cache_layer] Transaction payload payload_hash=GXclLX2kwfGKnAO4Fm76XoomlJjqrZ02XbiiVJzQCM+sXUGM0NR5JSBCrmyt0wVLN/zAyKyVERSwTNLbTlWEnw== processed in 151ms
[2026-08-24 05:27:14] [INFO] [db_pool] Transaction payload payload_hash=5z7PmCRe+BMQD1m8CjK2TXCNCrjIQDthLLz9EAri+TwrnhMucR8z3mjeslGPm+HdJAG2+m1aG/GqJzY9+vK+iQ== processed in 350ms
[2026-08-24 02:49:29] [DEBUG] [db_pool] Transaction payload payload_hash=ewyshJkYMG9P98bA/H6MORoSf5YnHWquSKBVAO6TMyQ3m53A1ZqVHhSlf+Zva1uH6HrHhXz8cMcTTcEyHSft5g== processed in 113ms
[2026-08-24 11:09:05] [DEBUG] [payment_gateway] Transaction payload payload_hash=eBW23dkiSR20ow1ZlEblUmD1lHbt7geDhIZ8IXzSlHSHKiGMIJNlrwxh2BGINTlXHvufBhJpCxGaOhqKKoGmKw== processed in 119ms
[2026-08-24 05:30:35] [ERROR] [db_pool] Transaction payload payload_hash=QK5IlB6uDowwf29gbnIvMw/Z9l/09v7yeuDNGbKt4s079zHpw//o9I1hJVX4MSzvwge85rXqRFi3BZsj9vwR2Q== processed in 256ms
[2026-08-24 06:25:42] [INFO] [cache_layer] Transaction payload payload_hash=M8RHAYMmO9jvrjf/4BQ85D4UPlPWW005mVBHILsnLx2PVrvc65U1iJZNxQ++EXPtvyfqHpy4ezIS0TArh7YNSQ== processed in 25ms
[2026-08-24 10:21:10] [ERROR] [auth_service] Transaction payload payload_hash=hx4/ct97FhHLp86WJXgGezbfdwuFLTkXWbC6IXzzftUooOPtxKq8iihWA7UHInhwqTrS3q/ek9dn4R8rVrZQog== processed in 60ms
[2026-08-24 05:04:31] [WARN] [auth_service] Transaction payload payload_hash=P1F/Jj+Nf0BSsPb2urWtfMDFBYfJQwiYewXNuBqhXyNMViznB2Kdr7rm4TgoY16h6SJupvWM6ly+eE3oZEikUg== processed in 456ms
[2026-08-24 08:54:21] [INFO] [payment_gateway] Transaction payload payload_hash=IG7HH8oNS7EzJ/mtAHKmC7m8eOwX5+0bBTinXTeWM1fG5bMeudWT4xIeTBHo2CkhqS/RALApKp9toZ44bvo8Xw== processed in 184ms
[2026-08-24 06:52:42] [WARN] [payment_gateway] Transaction payload payload_hash=d+IS1csBZ6d2mj6Q4r4FR/w2OkQ4R91VEtGeqpRzNwICfndHjQX4Q0Vgqrw5jDcY4Kq5HJeqt+SUL+kg1Z1bFw== processed in 7ms
[2026-08-24 03:04:47] [INFO] [db_pool] Transaction payload payload_hash=46z9dND9RF3urZ9FHTkilOwPfpE8ExPqNg4VdlbU5D+1/YO7utUa6X3E3RWvF9wThBiWokSvtI7rTKFMAYQYFQ== processed in 445ms
[2026-08-24 07:00:16] [WARN] [payment_gateway] Transaction payload payload_hash=9ikEnue+B0AzH8Rdt+mDerWbfTAIJ0FqY8KqD7ALbpiMjYBg4QkNtdr8sb8QIML5874Po08oOHogbzyVwe/iEw== processed in 123ms
[2026-08-24 04:56:22] [DEBUG] [payment_gateway] Transaction payload payload_hash=pW7RRjVPeEBp3ji8L07Lko6dmbHjir65x3vcv22BDlPRktHn6qGDrmfXyEoPydEsHFyUX6smxf83XWr0BKF/Qg== processed in 498ms
[2026-08-24 02:29:29] [DEBUG] [db_pool] Transaction payload payload_hash=wg08SDATtbZBNg8uBzeA7XBUztCy2Antz5odoeyeYSwYV9LbVXyLFj8ZAD62LyJbTxqNC0w0t9aZcILUr9/Ixg== processed in 107ms
[2026-08-24 06:17:02] [INFO] [auth_service] Transaction payload payload_hash=7PMOL2nrgm7HirtaVTToKiQ4iwONmzJYfWdS0ddQJUZLPnodFr3ILv9MfsLvKF/POkhKkOjhJOLaX9lb2c1vGw== processed in 385ms
[2026-08-24 07:10:47] [WARN] [auth_service] Transaction payload payload_hash=Ke9Ywoarv3RHGkpUnRnGs+gTXCrpUh/B0N01Uah4buup93ZPzjGa+OftViX2FC4gTm3TgGrAxT5Rf2rQNpXJtw== processed in 352ms
[2026-08-24 09:15:14] [WARN] [payment_gateway] Transaction payload payload_hash=7H1Hqy0iu8/tBZgifTIXw5xkx4jEMgBtZH3jxYobdUbiMVr2GrsR7XQhMQYXX0PX+mCAuF3dD/LptXYZcIRlcw== processed in 497ms
[2026-08-24 05:06:56] [ERROR] [api_router] Transaction payload payload_hash=H0X9BrAPBv0IzMxBSMMg0MrYLMMzI2AHtTB+5qDBbdrrVh2eXCppiYfjPtHvDwSjaa8LWMQx8WQ+CYbK0BjKZg== processed in 96ms
[2026-08-24 06:17:26] [INFO] [payment_gateway] Transaction payload payload_hash=QhdR7gP5wEa2A5vQXtPpv14ikDXIHGbLvGppH7Amfdl/scsXuXYtvjMYdAhgE/GMFGleyt6n7OpRZCOr/enJ8A== processed in 81ms
[2026-08-24 08:54:44] [DEBUG] [auth_service] Transaction payload payload_hash=uEIbg6m8z4InQtbB/IIGHw12aNP1Ugq1exXmsBToVPl9kcqO4NoMA6oTLiDOF3SiP34QEBdDZnNtHelnwnWK1Q== processed in 79ms
[2026-08-24 06:26:20] [DEBUG] [db_pool] Transaction payload payload_hash=XPe9UWXIFin/hIjHqQWw87T7nUCkA5EvW0llWRtluqwUIK99J0m0qnoKLoK7LrfmhQeg0YgYSGV8YlA/9v5uRA== processed in 293ms
[2026-08-24 02:47:21] [WARN] [auth_service] Transaction payload payload_hash=eGfkx+f+uHMP+clfUkTvNFGcJvSu1QJo8gjVLTkKjCVOHfW0f6QT222rCme/voYGJTk3C0FNVKzCY4QPRVFL/A== processed in 259ms
[2026-08-24 04:39:55] [INFO] [api_router] Transaction payload payload_hash=dJoWtZ3qyJznsmsLmZST9kRFBfhmfrO5kV9TwfWvQ7VXAVMc+JhJQ76kvJxdytePTxET9fZ4koLflZ4QT4h84Q== processed in 20ms
[2026-08-24 06:19:22] [ERROR] [auth_service] Transaction payload payload_hash=C5yKWfTF29oL9m0adryjfDNNkdX0ctHFs5F9QjCA9KpUEdkp9lHBcDDO9Mb90gBrTAChUysHenojFQZPM3qEEQ== processed in 292ms
[2026-08-24 06:24:48] [WARN] [auth_service] Transaction payload payload_hash=SCBsKo1o5LSQsbCm/WGr5kxMf38Lbr7oz2ldo5cCHOOuCr+tTpkay2tDajYhREj2MxiWR1xK6RU8IdQFXA5Kqw== processed in 473ms
[2026-08-24 10:54:23] [INFO] [payment_gateway] Transaction payload payload_hash=3C+KLIhIb262PlNYJRYscXFF9dwq7uXKoK4sI6HlbW6nj6/1pWqPx4/FXMpca/wiWlYSYQ8AXaEtPskvqUr6mA== processed in 325ms
[2026-08-24 04:45:20] [WARN] [api_router] Transaction payload payload_hash=+AFvS04pWBwrr3xzpcYRwDgYMSZp8AK0bl8bcINjnxAgLikyAMSD+x/P+Lsxl8YnOnk1nBC7RnDDUHxOrPQXYA== processed in 72ms
[2026-08-24 04:08:08] [DEBUG] [db_pool] Transaction payload payload_hash=2RplxEcCBFrHGKceeLdCJ3lp8AYdpxYqfpKr3dtnEEUBDk/THKMgG2pxHXeM4Etof0ohs1aG3QWJmzMK1ABYow== processed in 51ms
[2026-08-24 03:10:49] [INFO] [api_router] Transaction payload payload_hash=MyI1/MvswYMVhJ7E684G+vKAmlI3+u//iPqI0R59XL8+VSIr6TOoFvImQZMbufOVkpuvEfntx0gUltRl/GoxmA== processed in 332ms
[2026-08-24 02:58:11] [DEBUG] [payment_gateway] Transaction payload payload_hash=C3pQlitOo8fprv3i3Rg+pBQQQFP9MGIlIZO41wfO3Iip5Pyd3TNKHTN0VYjefxcKwd6CwNNtTAouquO2N/bzDw== processed in 221ms
[2026-08-24 03:45:01] [DEBUG] [api_router] Transaction payload payload_hash=KhnoZaB5cGcvIdKWr3Vw5cteeZrvAUe2aapMH8ljgxnU5vS2rksaipgJt9JvysfYMP1fuLicK3TIiCUXI1hVIw== processed in 55ms
[2026-08-24 06:48:48] [ERROR] [db_pool] Transaction payload payload_hash=H1xHPlDQgcvHop14aPyzVlf+JEIBDcH9Plfon00dBEZ6I06QNNmUVtHAmlz6d78Se87QKqnfu+jDFvVr9vN+qg== processed in 74ms
[2026-08-24 09:43:51] [ERROR] [api_router] Transaction payload payload_hash=auBW0B7UYJNXlUXPt4rcy8cDmz/uf9urdgtZR/KewtfulyFdo23KKI05fFjoJK3Iwr3JPLGdDzbKLp+nAvmHBQ== processed in 461ms
[2026-08-24 06:50:14] [INFO] [auth_service] Transaction payload payload_hash=tdN9HdqsYTYZcMgqTKuy+Nk7XW0CXB+zF+fm+XU5oTAdQoHIASRJdfSR7sjmBuTvKUASJuWP4NU8MHO5kuBDPg== processed in 169ms
[2026-08-24 05:07:05] [WARN] [payment_gateway] Transaction payload payload_hash=mP3EFi7hnpSFExyJO2Zmh2uT11yEISDZqwrSTV0mvnt+SWepMrIE7eyl9mpHhUEJD4fYYJyZDy+RqfY3XBaZDw== processed in 210ms
[2026-08-24 06:02:05] [ERROR] [cache_layer] Transaction payload payload_hash=bWovAYKlqvChYPoRrGxu0lb/6a9f2SWI+KGrcN9ZrHLIeMdwvlueqxQJvbImUc4NB53iMUoHh98Itbna6OJUiQ== processed in 217ms
[2026-08-24 05:38:18] [DEBUG] [auth_service] Transaction payload payload_hash=aWik5ODuxavzSPFjrNSDfcj0gulKtfZk/P959ahorZCDIeQz7eR5O6y4HP1UlSwhrcMhWxpZihcAcdGhvdRgRQ== processed in 481ms
[2026-08-24 06:26:42] [INFO] [db_pool] Transaction payload payload_hash=9NAu/Y33Yc7o1kKnG22FVea0MMm+wFNGyWcZx1TuvMr+qPFMF+T6JLb6NAPTmnonckBvBfNkN+k31CggFAs4jQ== processed in 126ms
[2026-08-24 05:21:32] [INFO] [payment_gateway] Transaction payload payload_hash=igexuLCQbGX+CCTnuoJWZ6ilQIRc3YF1dgstQDq/zKwhn1BTCnr4neo3fs2+04S/ENhUL1osDWnPDaMKN9GRDg== processed in 11ms
[2026-08-24 03:55:31] [ERROR] [payment_gateway] Transaction payload payload_hash=/1S07zYOeIimUH6+QPiMPeceKLww8CJ39sY/MTQRHVVF1+wMb/5UPv3Ko7e9rCLwx4h/GF2rwSaxZK3puTqZTA== processed in 319ms
[2026-08-24 02:46:59] [DEBUG] [payment_gateway] Transaction payload payload_hash=sldT7z6BeP7kCf2WDMewzEiLcRPNl8eNMpbLuiL8rn4fneWmtke05RPp7Rh6HO66iFrURjtd6aQft2d0R74lxg== processed in 238ms
[2026-08-24 03:01:26] [INFO] [cache_layer] Transaction payload payload_hash=pTv16Dh3nLIYQu8As1zcpkyH5GNYAxycmaoJdGEbKfpNt6p3xAXgYFcUSewp2e50jYzG0dVPgafiwfmimDtOXQ== processed in 469ms
[2026-08-24 09:37:55] [INFO] [cache_layer] Transaction payload payload_hash=x3EcrH29UUzgu9SEcL+Ev7NQpooXG6sh2PlOAEJtkeYHAeigZ5v9mOUruRULuRZExWtTJ7lmNxzcxxQbhioFCg== processed in 195ms
[2026-08-24 06:04:46] [ERROR] [db_pool] Transaction payload payload_hash=MrWT0CciMLhqubUsLxDdX+UZ2/YeirF2JkhPY03f08ZrbCcXoB8ui2vrKNPz1NbRYrK/767xE6sRDpUBhRl8PQ== processed in 237ms
[2026-08-24 11:07:21] [WARN] [cache_layer] Transaction payload payload_hash=dSe7V6901HoUijSo0Pj2r87216PSbDgpGW+vxZoafdGuwZZjf1Jc7tdZXfyTKUvDc5aDq2MUf3nLJO3hcyONMQ== processed in 194ms
[2026-08-24 07:00:39] [ERROR] [payment_gateway] Transaction payload payload_hash=ppxDtzwK73SfwveFaLmlAXu+fCyN9/70GeXLj25bISvD6jR4meg+efTHgHgVlsxVtCGZ3BKP0B0T6Oyia6u+ug== processed in 195ms
[2026-08-24 09:18:43] [ERROR] [db_pool] Transaction payload payload_hash=N4FhkDxdD1AzYH6BeIW9XFnSibJ4JOdUbI6b3ridjN2lqKHK9cHCtq5NdVOeIdtVOEFgJaj42QB63VoTyg91Vw== processed in 49ms
[2026-08-24 06:16:25] [ERROR] [auth_service] Transaction payload payload_hash=TL79Kcf7iWQpg4cWSsAKREoj+rjpBPQ5MEZr376tgKXqbSddmB0PeHC1LIfl1JpqlWHntXf3RJyQkZW2E5MJCQ== processed in 348ms
[2026-08-24 09:38:01] [DEBUG] [cache_layer] Transaction payload payload_hash=22xE2VtxqrJhjSMtwjl4JNCxIACkBTjnAKC4MpY6bIBq+HgX6LWCCrSYXstGzdj3UcMGTvZp9eB9rNhKXCYeNA== processed in 302ms
[2026-08-24 04:36:48] [ERROR] [auth_service] Transaction payload payload_hash=MrcUL9TTAnQcQ7KhkcPB5VkprdhBl4SD9OnRNz/XIcfGjNeF5ETwMdY4sfrWGDaZhkEm45E7OdZwf6TsVTbCgg== processed in 92ms
[2026-08-24 05:06:43] [ERROR] [auth_service] Transaction payload payload_hash=c6/aUi8ThPlP/5gXBYb0xWszHsd6cVJ97u8ki6p8IIoh05DoqZKoSKlAjWhSWYD0+4CTSx/mhflF1hgXB64EXw== processed in 290ms
[2026-08-24 05:38:39] [INFO] [api_router] Transaction payload payload_hash=ilLEEThycKPs81I+aRMeNdi9yNYMMkFbHZjBsfmuylKfkfCoAcCyFWzJ7Kdve8tZm+ltLqno7nc8m0CFcl9u0Q== processed in 314ms
[2026-08-24 06:48:04] [ERROR] [cache_layer] Transaction payload payload_hash=ChoiAWbcY2AEOlifCXnM2oa+S4SH03OiS6B5YkyDbV68lBmrwPBIaLcc9C7FwgWp0klv/+TTtX2TqoN4BHlmqQ== processed in 364ms
[2026-08-24 10:17:00] [DEBUG] [payment_gateway] Transaction payload payload_hash=hF0VQ6P3K2pEEoC07MRTGmhH4oBy9X7L9Xke3/+++6VR+Cao9aB+2MzsJ+XfGr6N8N+Lk5tWSLXojtEXlBQNwA== processed in 250ms
[2026-08-24 06:37:57] [INFO] [db_pool] Transaction payload payload_hash=f8fXuwr799695ZaP4HTPMXcl/AHSlZjXYOpafkNNC2dEor6V+c6U1bLLJPy+LY/noDkG8UVtdzMUEm5ZqpewVg== processed in 377ms
[2026-08-24 02:39:11] [INFO] [api_router] Transaction payload payload_hash=8vI6WeIIQKCQhlnibLGKFynA7MCdVXAGKW8D4l3XDsq3dZ4SEWdf3XIJkxFkHXwhvbBP8ttv1sIRwQqGcRYm9Q== processed in 126ms
[2026-08-24 02:21:35] [INFO] [payment_gateway] Transaction payload payload_hash=NDRfqYbzgg7bC7JI285N37VKn3nyHu+60Sme2wzoyarIQibE+HjlSaoZZHfZrqn8apOxSoOIuickPSbML12T0A== processed in 344ms
[2026-08-24 10:52:07] [WARN] [cache_layer] Transaction payload payload_hash=QxiFQ9nLQhsBuJG5LszmODyKZqmp/qrNV2WTfAAtcnvQT7mZ08OwTm7f2Xut01+3fLm/PqJ5FvyN6/lhKkqvyA== processed in 373ms
[2026-08-24 07:31:18] [ERROR] [db_pool] Transaction payload payload_hash=v963fVngDGTDKeuWY5Y1epr8jg3Q0DjVLa8TYwpB1pLqRtSDoE1jpQMu4UmuHkFDIQ78qH//JyPmWPtr/HNixw== processed in 485ms
[2026-08-24 11:03:06] [INFO] [db_pool] Transaction payload payload_hash=2DjVG8LAeYPnnyYLQkp1zXZm3ixNw5KXwnDwkQ+D39jpoMWYRC2EVLfsOUs9SXHX7G6NehkApoTgRujHzArjHQ== processed in 8ms
[2026-08-24 05:30:28] [ERROR] [api_router] Transaction payload payload_hash=LIa0e28NVnIQSfCIYdXiaq/Rf6Ik1ULboCaqTkbHWA25p1LE6yI34NZQTfwUIoxIc7ifDtfMpXdPD1DAdlSyzw== processed in 436ms
[2026-08-24 10:03:03] [ERROR] [api_router] Transaction payload payload_hash=O13s3OsC9qpt15wFq6XBLZe9ruU1lHk2ZaboA+7j3d68LytpBDWiApWohoD2nzj26QiPaNpLLlM4O4sWYJ8UGg== processed in 238ms
[2026-08-24 05:43:29] [WARN] [payment_gateway] Transaction payload payload_hash=MfhScMtCiTWMhAnWpt4BJhifJhGmvD3mdvodMv5l5HyYpSjp1Y3czEAkrQErBYVEKOZLAbS9fJOtNmbuAPSU+Q== processed in 323ms
[2026-08-24 07:05:23] [WARN] [api_router] Transaction payload payload_hash=+opaXcxqR3H+q+G0v4fVt2+4h6CXXxbMM+nQ7y7ApvemV6ZyCOUBAVg33iQ2a0CALGH5R9K3G5EqV0CxxRVhAQ== processed in 421ms
[2026-08-24 03:18:04] [WARN] [payment_gateway] Transaction payload payload_hash=q/3LlcDt6onwRgTO31l2Wonfbp71jqTE4rgwiFopkZo4TT8lhkwtd6RAGHY6jX7dtahmRpNKFNkeJFQoUClYjw== processed in 270ms
[2026-08-24 11:21:46] [ERROR] [cache_layer] Transaction payload payload_hash=TiVoS6zINE2jVnlFoN84P+mp4gyoMG0XcY/27mxcoKOO6jnUcj3XK98S1y6cbSq5oZlzRmokl3DQH+kPxmoNGw== processed in 118ms
[2026-08-24 07:48:06] [INFO] [auth_service] Transaction payload payload_hash=dIraKf6qi8SLQeqdCuSkpUXoRcih0DVHfrMwGGlRq+8fhJPkUuIcQvJomf/IR/Y7GVHSHBPRj1yflvJNzvr9mw== processed in 247ms
[2026-08-24 02:57:41] [ERROR] [payment_gateway] Transaction payload payload_hash=Hjr3tEW/gJRRmn2UN/aPa3EISRtNWv1nHFP3oNi84Btjzu9OWTpWbcAXW5x/OWPzFVFoWYSzQCsawbkWrFu03g== processed in 295ms
[2026-08-24 02:34:01] [DEBUG] [auth_service] Transaction payload payload_hash=5/l03g62LdLjqTByM5HNQusbmsO27Rn7lDe+q9bcrQvR5UrUBpeNRM+Qs0QexazG+8NP3EDGfqcLMyGZcIM86Q== processed in 66ms
[2026-08-24 11:24:16] [DEBUG] [db_pool] Transaction payload payload_hash=FRCDnHWRJcJEwF08e2NmSY1md9SBepYFqO98YyRHUYn3qZ2JibEimKahiN65pfYm+Z6+dZr8J2zsMemOCpYUxA== processed in 7ms
[2026-08-24 08:24:07] [ERROR] [auth_service] Transaction payload payload_hash=Qj7v4YP1lVophu0mSS5U5UEujqIS2x0vWyd6qtsMBIWOMIAWpRSTuZlXah3+I88ED5qT7NutVPvmxJ6gWahKkg== processed in 346ms
[2026-08-24 02:56:18] [ERROR] [api_router] Transaction payload payload_hash=JxuT+bA6lfc/WIErC4YF6zQGkGCmqcqPY56SpLVbEwSQeZRHoMMVNplu8DS6UwBBg8QE75drJTyBziFnRJf65g== processed in 63ms
[2026-08-24 07:38:00] [WARN] [db_pool] Transaction payload payload_hash=c9VMyWphk8idfDqCAp13GWgf8ptXI1Ji5Y0nNT28lK8Glo6jfVvvv9FmyK5MDhb5/kx3PIAuhOUuuuTsTd1PGw== processed in 150ms
[2026-08-24 05:06:22] [DEBUG] [db_pool] Transaction payload payload_hash=oRWpaEmnloz8SZst0ZHb0HAhBO0IU2zRtiaO+EK2W4xG5ogGvcOrzZOzmG+adJtQ/U85L+EKBSB15kV4U7uPgw== processed in 367ms
[2026-08-24 07:37:02] [WARN] [auth_service] Transaction payload payload_hash=THUjRKOen3QDRcwpZ8t12e3tjob8N4EX+JajRSpcVtAEDh3JnCygGkjpP7iPrFGNswEM9Jjyz10OtQ3ElCsTLw== processed in 276ms
[2026-08-24 06:55:41] [WARN] [api_router] Transaction payload payload_hash=TLzzpwBhlSQoZNWIpl2jZ3NfKjHFgknXvgJKVdxuReuvipyq7ucfUABp0XqGsXCuyYladiGsdopxb6kof6vUDg== processed in 334ms
[2026-08-24 09:29:50] [ERROR] [db_pool] Transaction payload payload_hash=YMjOFkjALMTgxgSU7uNTP6hDzjxJXFUOW8nGb+t23cNs73ICiNtMpDH4GO5naTBAb9VmVTIWBmxFgiFV2ksKtg== processed in 217ms
[2026-08-24 10:38:38] [INFO] [api_router] Transaction payload payload_hash=3EyBFmkhlcdLBzbdrbcoDG35rMx3gWh3InXXubL6W4/uHL3sQ3qFzZpcJHOQyuM+p9gkeKPpH4Qz0roNNCPKwg== processed in 339ms
[2026-08-24 09:17:56] [ERROR] [payment_gateway] Transaction payload payload_hash=Wzl5nXen6khHNc0RdyR+o7RE9Wjn/fbTP/7RhwRAMtQ/Z+yDp7gGbNuyujIdKkmZGbZkU0/VohB/nQlu/lBpuA== processed in 381ms
[2026-08-24 08:13:30] [DEBUG] [auth_service] Transaction payload payload_hash=dJBBrLVXqkHq9OGntD5HLKoslb/W6DLhEzeBGhbBjG4DjZH/J35hudkNAZqm0TUL9hqZbBgDGcRF6bLaWcDUgA== processed in 498ms
[2026-08-24 02:26:45] [ERROR] [payment_gateway] Transaction payload payload_hash=k8yjlI3W0KLf+sP/3NRFCQaCrlXG36s8MrRjDjN70Phwej3pblO/JFUP93jKLpL8/n9Cm88nZh24wtz0m5GLug== processed in 110ms
[2026-08-24 08:54:46] [ERROR] [cache_layer] Transaction payload payload_hash=tQ3a3yKRm7BSLkXPPDfpaN8i8ggQYcFOoDnSwwxRm8IKY0I7zMRQN4Q5D0bcdD7ogCCxGuILRd1xrcC8ZCLjqA== processed in 407ms
[2026-08-24 07:25:28] [DEBUG] [api_router] Transaction payload payload_hash=jjEOgXEShOuMRlMiYQB2Mf5dz3rY6gDW2OipC9xeufFtIgXEXg2SyNCPzdG/h4LQRo/KKrtJRYsOwy/ep/vMIQ== processed in 385ms
[2026-08-24 10:51:35] [ERROR] [cache_layer] Transaction payload payload_hash=S6K8bOqKNIHtoc/i+dKi5Mpc6bYhJ7KgjIyb/aCBRiLjFZAsuZ+R6OBNdMuOD86vW0Jojbkl1pNDs3jnmDgjzA== processed in 437ms
[2026-08-24 08:56:28] [WARN] [cache_layer] Transaction payload payload_hash=wl3Cd721vxQ9dU+SPAEJcBJFg9LarxC6zCOCLbmcpDVn1HrtoBmh6fDj6fyv4YTRgSA41sXtLBoftjePFrILFg== processed in 292ms
[2026-08-24 02:23:51] [INFO] [auth_service] Transaction payload payload_hash=lBTWoXpFKbUNVpkQsKYAjaUNXDtoJ9bEq3wusz2SrDhGjhdGdTT4WqRecb959/K25Yq7avhTR3IKAHhKaF/+Bg== processed in 333ms
[2026-08-24 06:36:30] [DEBUG] [auth_service] Transaction payload payload_hash=9hOo91jVz1NoU0hMkOl2UtftwDj/zxucAqr3L6/08YxGuKlcAVw2xll7c8DjDoBZjbfcHVLaycSexwldvP0cLQ== processed in 483ms
[2026-08-24 11:15:07] [DEBUG] [api_router] Transaction payload payload_hash=dEeIuhFAXVOGj5No3Dqlit3bIMtkPwmi61E7xK9xTn3uGokUk+fgTNQJTgbKgBHcSEHg8VITgEwdj1itYXV8bQ== processed in 210ms
[2026-08-24 03:56:56] [DEBUG] [api_router] Transaction payload payload_hash=ACjbmXorWBBYRc2OkJuXVyalD3o0C0RuvON3K78u3WPcz2zXpJEoqoaf8MbRsh5yeePTAbRSjHBhiQBeZQxupQ== processed in 326ms
[2026-08-24 04:17:28] [INFO] [payment_gateway] Transaction payload payload_hash=lN0jC7CBw9rUwzrIixzJmMm/R7pScGZwhY6UMMfjKDY2uO00qPJF9DFxh2Wc9Y2B0MiZYCRMRkedl4wPtxNPMg== processed in 368ms
[2026-08-24 09:48:06] [INFO] [cache_layer] Transaction payload payload_hash=EyuY5rS9cRZmLgAzBrbLQlty6mTBvb37CdDKaDj2rwthOE4FcyaSLa/c/Oa3NKqUKnN/bHVU8KZy2kLfST5RlA== processed in 427ms
[2026-08-24 07:42:37] [WARN] [payment_gateway] Transaction payload payload_hash=ky3PFnkUQKVpAZLW1NUM1E6a99S3PtzpUH3lTEBS3YQUS6Hs0ZAkFAwbAKRqwsYsX7vpOzXVrjTEWdhBcDF7RQ== processed in 359ms
[2026-08-24 02:31:59] [ERROR] [db_pool] Transaction payload payload_hash=OMKpE2/ZguX+VxyzOFSf9a1XILENR0GTecPcs5Iiyou85xQixtlX64hDzsT4DA5QrYGVaKmRllQKhz1n8fgfiQ== processed in 489ms
[2026-08-24 07:41:36] [DEBUG] [cache_layer] Transaction payload payload_hash=Tf5vKoRyRcXd6O38tGi/G3VfyKpqE/YwOZJpdxfHOUhtgMw9rOHLBdTxcukHz8w/LGieHiajv+Psgd6BKHj8fg== processed in 146ms
[2026-08-24 11:19:56] [WARN] [payment_gateway] Transaction payload payload_hash=ECwIjf9RKXVdymyzWxiLaJoBbyP+TaRtqBf9BbP7LEpfWWR/iee07oqP2pKwmUk2PGSrSYXsgmD4i/HYqSlCuw== processed in 326ms
[2026-08-24 08:41:54] [DEBUG] [api_router] Transaction payload payload_hash=xsqH8TW+Z0egAOQ6aDe2RFi3qNQgsJpmYbwQKKhTT+cPm79zX4oqiSJH8k48ZFuV2l8rfYe1BlcXGU2X4CzH7w== processed in 37ms
[2026-08-24 04:27:17] [INFO] [auth_service] Transaction payload payload_hash=1bJysvmvfdGhiNM/AxvGJZayYVRw1nYTvFqILO3tDiIq3v1Wgc8tukwmdbfgymq1ntktdSFQhWzLVzFE1IR2Pw== processed in 451ms
[2026-08-24 05:25:58] [DEBUG] [db_pool] Transaction payload payload_hash=5ESXmtgim8phjTeffjZ+7UbV3TTkENiMdXJTEr0oq+TW6eQEzoexMXPQUpuSwC8bd9YZ1nfFeL+qiO3ybFDZyQ== processed in 374ms
[2026-08-24 05:24:18] [INFO] [payment_gateway] Transaction payload payload_hash=viVPvXQo3PQiS1QkWetpq+4dVKZudUdE2C/bjlq/TKOtxinemwZz1z38StTY018Wm87sMTWo0gEQSzNwrtvIXQ== processed in 427ms
[2026-08-24 07:31:58] [INFO] [cache_layer] Transaction payload payload_hash=aRmEaUlEYJLPb6RxuwHO/T0Iz316FQq0rveH0JXKm9/dhNqsI/9SWIbKuuwzgAY1yNsIAaCYWnUdjFG6ID2wJQ== processed in 230ms
[2026-08-24 08:55:59] [INFO] [api_router] Transaction payload payload_hash=t7VvX/XPirxZhvHIHLrIYPz5KTfLTaNKYwZfnau/rtkmVtZeVbn7P/rouOX5Lg+e7NGxlehJs8JKiTT2vp+2qw== processed in 253ms
[2026-08-24 05:31:39] [WARN] [payment_gateway] Transaction payload payload_hash=+XHQZi9gA+BoNxjYiFrQlBFmn6XU/fEc5WR1QB3s0iJGhNhmOpeXT6+uFpaY2ot4KCNcKBYu4QJINr02F6YucA== processed in 442ms
[2026-08-24 07:09:08] [INFO] [api_router] Transaction payload payload_hash=6kFZx15zepRDXLZkiWg8fRsOIoBPnyO//fwl5dYHUzgE223bjmA3inSBRGGB08Na6ElbGMfY6hC6KPzqaIfONA== processed in 392ms
[2026-08-24 07:37:13] [WARN] [cache_layer] Transaction payload payload_hash=j3TI1JR4BLSOr2q05xGe+29PwFmhfrLm5G5aGLtYvzNqnXFXjhDltyQ6KJWQKmwLb+XI9WPRfYG3VD7oNe+FHg== processed in 373ms
[2026-08-24 06:41:56] [ERROR] [api_router] Transaction payload payload_hash=6TuNsF0P4B2rp0g5DwNWgy40z/tpZXBWq0uxDmlxSXPtM/hTCFpE3IZcptCMnyHDKA5vMptlJN+WsTUOIURuGg== processed in 464ms
[2026-08-24 06:39:37] [ERROR] [db_pool] Transaction payload payload_hash=QDwS68FgxPpDGvUsQ3IWhTl2GhRRGM5G4j/DMcLttz6wVhBYx352Hxb7ALmNS0GFE16T3MwV0HeqJ9MMUXm4DQ== processed in 262ms
[2026-08-24 03:05:03] [ERROR] [db_pool] Transaction payload payload_hash=QBqUS7j/GnBlkUsv2OCifaQNsbAaH/mWWkR+Eq5IZQDps0ySVoBJUgSV1rK9sPruqe4U+J2drQglqLzkwNPo3w== processed in 172ms
[2026-08-24 04:59:08] [DEBUG] [payment_gateway] Transaction payload payload_hash=lkMP5xZve3ItNKq3BC0RoVSPT4TM6p2XyH/iXs7iPeJDq7/dQy43ZgMEBfKHmMFatTCTZHNQPqcY6LVeEyu7+Q== processed in 270ms
[2026-08-24 05:59:28] [INFO] [payment_gateway] Transaction payload payload_hash=I+Oeb5tyMs3qs2X7pi4/uIr8a5GribhFYrf5EhdQahrHKsOPFP55HJmh2QmZkqm8gkRB/m9/XlQcvBhHSvdRHg== processed in 496ms
[2026-08-24 08:16:23] [WARN] [api_router] Transaction payload payload_hash=ZUKw993q5sfKhxOjw+MPoeOAH1OCQU6n2fDKbaXJv2jzeEAhyNglw5d7Y2zhe8bNzlDoyP5yVpEtMo/BvLrzAA== processed in 316ms
[2026-08-24 09:39:05] [ERROR] [payment_gateway] Transaction payload payload_hash=/7iVZZh3fHGMRcdQfruzecinXl/akQnZTzkad9JatlJLhtwhFNWVPm0wwFP5FOSGUb398HZziexTt3SfYdelGw== processed in 332ms
[2026-08-24 04:40:02] [ERROR] [cache_layer] Transaction payload payload_hash=4u3o1CQ7xZxrBSSBCGWEQI6l3gLutwdcTV5MaWw/b+D0CTpiTCauz99jzaJTvN2Za8ZJD5U48lgyvRK5SPqP2w== processed in 179ms
[2026-08-24 06:37:11] [WARN] [db_pool] Transaction payload payload_hash=PAvVQqP2bzN8rvmHsD0esJ1APOe+rMbX7oGispt+Y+LUC98T2S6dHdKd5hNNTw2OiIDBql4g0DdQnMphxZ+F4Q== processed in 122ms
[2026-08-24 05:23:05] [DEBUG] [payment_gateway] Transaction payload payload_hash=iFxlcTeTl9NSkkKVCE8hZrQQW65GQzBFTwNbN6ZoSC+Z/lCgyXDaOxmmgOIU3n8DEbO1anyItl2lfnGjywabZg== processed in 60ms
[2026-08-24 11:19:45] [WARN] [db_pool] Transaction payload payload_hash=8qSMQ1nNNb6Pski4X+4dOub0RGR3FK447rTVozcEdL7G8t/jUt/xWMNtUhFy4BqpoW3PczBUBlQUHEYPmM0wOA== processed in 302ms
[2026-08-24 10:30:25] [DEBUG] [payment_gateway] Transaction payload payload_hash=mZvn8dT1hqCxUc5ZwhNi/jHPNwuEdefeSLW0oXEAK8OVLwsiAWG9wVNc1o+IMo0xc3sMI3OLmJX7VOsz0J6KZw== processed in 221ms
[2026-08-24 04:00:26] [ERROR] [auth_service] Transaction payload payload_hash=tTKwV5O4sDb59A0d346YhW+l35VnQjy/bFvzHMUdlO1otw19RwRQVf8ANmDWAFmHhUCag2Vj9Hji15wB6N33jg== processed in 427ms
[2026-08-24 06:41:09] [INFO] [db_pool] Transaction payload payload_hash=UH8rcD1J7T7wXE/7/Qu5H494Y2Tm+/W90jiqB5AmcR6iVrA/eBmc1I31uqyWtqghVuHw52wwA5177L//FwBJWQ== processed in 170ms
[2026-08-24 03:09:23] [ERROR] [api_router] Transaction payload payload_hash=J4m7ffZemN3/L3zpZEpCBM7ZgTqAfwGfAC9/HW7+ntTgoTFQdK5jcAABmYruHrH6zLBLxy9eSvTyKzQKGBqkMw== processed in 322ms
[2026-08-24 08:21:25] [ERROR] [payment_gateway] Transaction payload payload_hash=BXaQe3HA+atS94qV4D1HUF29INpNWZGigVPWDLroo6GUOPbDacT6G505qON/np+64SnvBp/JIPPq5Xuzc6/BVw== processed in 18ms
[2026-08-24 02:41:56] [WARN] [db_pool] Transaction payload payload_hash=0deU1CfQhw7e8i+xLVaKeNzRkUAvPFxBfikqCBYkAZvWpaPh6wj3Gtpc9xEbfpOMicB+KLTFzZWQnBjDR1HqHg== processed in 438ms
[2026-08-24 04:35:46] [DEBUG] [api_router] Transaction payload payload_hash=/N9+UKlG3F+2UATjFXuAcGcAD7FH69DWNDp+anhLBqVkRj2amIMGGLNi4kDgB1VSzob+6sPQ+6YEIFZ9cGqb+A== processed in 251ms
[2026-08-24 04:26:22] [INFO] [db_pool] Transaction payload payload_hash=c7KlauWhE3n94KkoNrhbzNdOy/lHtqqdFlqmioRzbX4bzRmJ+t9+bYW+rPVf8H3O8TMFvPQyt5ZoZx8DGjRdfw== processed in 492ms
[2026-08-24 02:54:44] [INFO] [api_router] Transaction payload payload_hash=PQop5lcEYReJv2p9MxgAyk8n9qN0HZpapk1+jVIqTw+uSSx0RghhCBXe4WS6ky6c0iWx2LX7pEIGK6U8O2JFvA== processed in 291ms
[2026-08-24 05:49:51] [INFO] [db_pool] Transaction payload payload_hash=c6wUd0TyknBarbZZI3vi7hj5sIeZs1ARwgF1Fswe0Z/WQ6HQeCo4mgx1THX8T33vU2tqgc2RGE8ol1U53ov6oA== processed in 380ms
[2026-08-24 11:21:43] [WARN] [payment_gateway] Transaction payload payload_hash=Dfv/wIkO0YtKnEkND7eY/zGfba+uPMCOIF5xr84AP+ZA8LNKsoPpSSY23L7H/iMgCGP4TkQoyzwbkvgDeCaGSw== processed in 78ms
[2026-08-24 10:15:15] [INFO] [auth_service] Transaction payload payload_hash=IPc4K5oO8iME+b4KFqyDHZUCKczPpmVrfdKvik6GmVgbiSixe2zPOkHxe5afhOSIFzBGlrJEtQqk6I/G6Ph0MA== processed in 363ms
[2026-08-24 08:33:15] [INFO] [auth_service] Transaction payload payload_hash=vdkkMvqYCr0eiKwh78t0a0eviSBtvf8fAXkTP4BF5O05DOcAS/x+itr7I1zfFwhmmMYCn5bRlxNQHdASmK1IMQ== processed in 126ms
[2026-08-24 07:26:42] [INFO] [api_router] Transaction payload payload_hash=sTg+oXDVi3VEvFeLwEDrPwIXfz1MlgaqWgj2M2iIBKMpdOey2zsAvwy7TFe1foHDNeFDORluxxQDTkdXQr/N4g== processed in 227ms
[2026-08-24 03:28:06] [DEBUG] [auth_service] Transaction payload payload_hash=5SwpqdnbUpDk3yTdd7Pal/6Ldxx/dubBc/11fbnsTy1WkO36/G0T2cyjyN+Xz73t8Ffpj5gWL/UsNnEDZjsgNg== processed in 491ms
[2026-08-24 05:40:44] [WARN] [api_router] Transaction payload payload_hash=v1BEAv5QWMWanyDU3CvtvkX+6ZHOWO3aQSnikn5Y7tbafO/kja2AfzgxF0bF96owbA3Q9o3n5IML3YyCPOx48Q== processed in 297ms
[2026-08-24 10:12:12] [DEBUG] [auth_service] Transaction payload payload_hash=kCwNCRNs00mLxPN5yh+VocvboVcjyNqfc42BxVgbPtUmiYV1MajaDRhEE+EFWTzcxZWqNsK3LeF3PpVRs9zaoQ== processed in 154ms
[2026-08-24 09:52:55] [DEBUG] [auth_service] Transaction payload payload_hash=tsvBCeiMdjhWebRqDe/d3aSLA6gpItNfhCJPiT5WY3brbjzocWwTNJ2qCoYRtyWdJg4PFhQXB+e1Qb1eZmMwmw== processed in 114ms
[2026-08-24 08:55:07] [WARN] [cache_layer] Transaction payload payload_hash=QST+2KduAVoIF2b7NCUTnyMZY+d/Jmqmn9b+zO/+FMqmNI2/z2gU1VmOvIicezKCCLoR+EfRnPwtG7KMrYSQ3A== processed in 427ms
[2026-08-24 07:17:22] [INFO] [api_router] Transaction payload payload_hash=SLWxcjBDjY6kacshcHBAJm0w2Jptfac1GQ0VfrfHKoEaAXyzlratkI1rfFb81E0ESyGUfAmMWlUYOF0m8yMxIQ== processed in 80ms
[2026-08-24 04:36:08] [DEBUG] [db_pool] Transaction payload payload_hash=6YTRuva2C3LzuAga8ZyJVkRHs0/WsXvVhtM6F2ZwnKRFJM2Ox9C21aHV4x6sQcgobiCmWEa+EC9QU0anwdmCrg== processed in 393ms
[2026-08-24 05:53:17] [DEBUG] [auth_service] Transaction payload payload_hash=N8pavviSgunmeoBkEzMHgpMimTggrrurP79/hZBIJeBSCf0ggal38BF6w+v4G3a1R7LDSs3fsWBrQm9kzm826A== processed in 119ms
[2026-08-24 10:25:19] [WARN] [payment_gateway] Transaction payload payload_hash=3QO+qxMCAP1wZeci9yogk0dr/i8DXHOzCE8/NhaKKJFOIcqsgmwl2nO6mx7H12I4B4ONaBi3izO7Feh7mexLOw== processed in 227ms
[2026-08-24 10:45:32] [DEBUG] [auth_service] Transaction payload payload_hash=eUY2Tbovg7fAah2OllQmQmg1gU2dEGcMOHpIMyfq1Q+dOHA+Ckl/51yDLHHrmzIqi8F1dShd+pFlo5gYyhyvFw== processed in 484ms
[2026-08-24 10:35:04] [ERROR] [api_router] Transaction payload payload_hash=0YtfXNNUfbV9ZpP7lIWwNfV6kmHRq5JlMifFpjP7WQw0BZuXaWCxJbNqjPAc5ag3q+BEkleOX+FAd10b3IhoDQ== processed in 170ms
[2026-08-24 10:42:25] [INFO] [db_pool] Transaction payload payload_hash=eArzHQ4SJ+uwBz2jZT7lOtUfQvf+ZRRj4NUIIfEw4dUTgn/iNDvCV8O5YDcop1/k29Gtl7gNftE7Q7rtyZ11dQ== processed in 132ms
[2026-08-24 06:50:48] [WARN] [api_router] Transaction payload payload_hash=9V9QkZNp/2H30xU43U0VFheemNNLGfOnRkQ5HPMOoWdgZWWT1POMy6cvigCBy60+swT9DwGm7vJr7MG6QhjziA== processed in 391ms
[2026-08-24 10:41:26] [INFO] [db_pool] Transaction payload payload_hash=zE8eabPS1zC7RMb9uT5cBdE+/61+/Aaj9EGuSSL+phqBGReeIoJMmF+qvfEfRU0rrHI8UrI1lSGPdrBuxvOVPw== processed in 85ms
[2026-08-24 05:06:43] [DEBUG] [db_pool] Transaction payload payload_hash=9PgbblrtUU9547AOGbANvb0/X0phk1ShbQ2A548IH5AW42nIvTC3PDuv9q91RAVzrg34bqcggyVXGFM/vdWI7Q== processed in 76ms
[2026-08-24 02:49:23] [INFO] [payment_gateway] Transaction payload payload_hash=5ogKzHN7VkGd4BhpgkKNB9G8IIg6Qk+ZJuv3zC6PNy8I/X5vZDNKFWtiBUc3vxmGQ4S3pXdQDkFnOZMZ7ep0Eg== processed in 204ms
[2026-08-24 10:59:38] [INFO] [payment_gateway] Transaction payload payload_hash=W5t+JLczgRm1GI5H6BNtUE/mf9JeAe3mmLQx3YnD81jOkXLeP5/A2BSQFm+ed7wB6AOVeunQQWYbwsVV6QWnzg== processed in 444ms
[2026-08-24 06:12:13] [DEBUG] [payment_gateway] Transaction payload payload_hash=x/SDTXGy0/LDb6wfLbL3xOySvgOp57vTY4tJlNTsrHVe5j4JZvRnUGPJDics7cDpXOYxpIIQDkFLnCeX6vx+fQ== processed in 123ms
[2026-08-24 05:20:19] [INFO] [db_pool] Transaction payload payload_hash=K0PbpmFX3RaEacLtAg88emykl66CS5B5bpUzvMd+kX8o1DT77jHTRGkTDJkuhCRiQFsnLsgWDPBH62n5xo5fiQ== processed in 122ms
[2026-08-24 08:16:01] [DEBUG] [cache_layer] Transaction payload payload_hash=43i/kfyez4lZIZdIvE4DnRIdW+JnTVb34Mti6s93rrhZIstOv0jRRv4roR07fVvpou5ergeKoSbLS0cufRkyug== processed in 338ms
[2026-08-24 08:34:09] [ERROR] [cache_layer] Transaction payload payload_hash=hBr/K1uHdkhAmIWcS5rYfw1s8+p3/wWYryA6vJKG/nq8SH/HBYjVHeHyA/GFuzW+Z+q47e8kc/Ffwx9n75TavQ== processed in 214ms
[2026-08-24 02:53:57] [DEBUG] [cache_layer] Transaction payload payload_hash=1ys3Xknv7kjQn3OMZ4aQu7nfljU3sIBSsOtJebBOG9kQ6Qweec6o2qxnaNSgzplXMpC2JvcthXfypjg++8HPbg== processed in 245ms
[2026-08-24 03:23:04] [WARN] [api_router] Transaction payload payload_hash=bX/ZKVVbjHzc+OrgU3ZoHefQBJuEASITO41koss4qRJhkiquK+uBNm7mqurMIIuF+1x60GCGcuOHv3u3jG0yXA== processed in 409ms
[2026-08-24 08:59:16] [DEBUG] [db_pool] Transaction payload payload_hash=oQCN5cD3Qzk5R5UKBEFvScLe/gA1yQ3L2CJXDmTJ/0lUujafWpcUFU9YNKAtgfRzrJi0nbVv89lVGo4+7bsREg== processed in 149ms
[2026-08-24 09:32:40] [INFO] [cache_layer] Transaction payload payload_hash=rOkR5kH1jZoeDpmgz0/bleuU45CIPmybY82EJzy2i7GHQeJ7qx/KYm4z4P5MXMODC2W6N9t3jfn1M+0P8XLVsg== processed in 112ms
[2026-08-24 04:54:10] [ERROR] [cache_layer] Transaction payload payload_hash=O7lj6vO06PWbOpKqXl/fUFfEjfygkYubU+dE0rZxLipAclLVwuMRQ92dr9jLpDGIs8MrDgcQxMzh220T17okjQ== processed in 87ms
[2026-08-24 04:25:26] [INFO] [payment_gateway] Transaction payload payload_hash=wixEwdimmEUqxcda5v3jWLXv/473juJnJKJyhaZsYNRaOT5khb+f7/lei9ZTBIZP7QEVIDWn1c0c3t2YZcNG2w== processed in 395ms
[2026-08-24 06:39:33] [WARN] [cache_layer] Transaction payload payload_hash=5O7MxnBwxPk7iBtPkCwqel8zJQPuTb7ovtkzAOM4fomDr/X9+LR3UyVxgXUEdGT/L/0gujdo+i2OT+DOz4F6KQ== processed in 4ms
[2026-08-24 06:11:40] [INFO] [api_router] Transaction payload payload_hash=0FzmZut+K9tAfOfLDk7XjFj8I5WCTSYujFtW9Yu6wd8758Y6CencNG3gxAnjKG5aId5PXyw32b0dqGB8L4ntow== processed in 290ms
[2026-08-24 09:28:07] [INFO] [api_router] Transaction payload payload_hash=4gpx4D3LYqe4GJb57QKz6P9e6Te6vjrvCStbXJgs65bErl1LGoXLxprWeMWRmBKvBMdydh/cIDsJMJ/C0RH2qQ== processed in 306ms
[2026-08-24 10:47:02] [ERROR] [cache_layer] Transaction payload payload_hash=4BjkbK9cJEDhTnxVCmWHYzL6kgGUrbBfNTn8hkT052QLOE9jUsfcJimwBoE/MvTAR65qHJiTrVPj4lOoQQtzGQ== processed in 377ms
[2026-08-24 08:23:51] [INFO] [cache_layer] Transaction payload payload_hash=zT7BNsSTIbfwFWSqKiP9SkhR26QyR1ZIZyblfh9IZcAIFxoMEcYuNaLwlEZs0Rq8Fv0xlpNsqEhlX87kl4XX5g== processed in 482ms
[2026-08-24 02:20:31] [INFO] [api_router] Transaction payload payload_hash=LH8v82Uj4d5LOlGLtWiKOe2vQGyopD5cWGZXSDD9VZRV3NdbfV18THn6mHNDRSOD2y0V37s05HS7Eqml53IKNA== processed in 226ms
[2026-08-24 03:38:28] [INFO] [cache_layer] Transaction payload payload_hash=Zpa3T+oqfdL+yfL3xuqGLalcYwztxeJfd7s1+NY5a8lVNJ+uK/Xe3dM+i7IdE9HpSe1OydN2QeA9Tty+yyBwpw== processed in 422ms
[2026-08-24 03:34:34] [INFO] [db_pool] Transaction payload payload_hash=EyN6fwmqXj9MHFz8leHfqwTGBlHxDqDUE0AyZS1FyG87GPcoDXpBZu8tUMRkyrNGNNrrzwl947Bq98Gu5MKhNA== processed in 70ms
[2026-08-24 09:09:58] [INFO] [cache_layer] Transaction payload payload_hash=+O6ZE5OQ5jUX29nN2lmTzQy/xVd1irpiRMt31bnMFch6dFJ9vJteyKby4sx21ozwlD6kLfICiGQ9DoAYMTSFzg== processed in 389ms
[2026-08-24 08:10:48] [WARN] [payment_gateway] Transaction payload payload_hash=dATQr2opkQQWCfJo3C+cKy6T4csyZyoSeyiNmD7tWVeeM3ffmszrzNNPtKA8CEKk7NHRs98of/ePZqn0qvSd+w== processed in 276ms
[2026-08-24 07:15:18] [INFO] [db_pool] Transaction payload payload_hash=zc+AUfKx5Ev0Y0Tru18VkSUX9/o7YjWlwaZSpVcwoA2da5GGjg7RtG5TE55zE3mXAjuVhCskDEzfYENhe5tkxw== processed in 357ms
[2026-08-24 09:33:53] [DEBUG] [db_pool] Transaction payload payload_hash=B43PD5ja/UuQFh5vlt0vdz+0PC00UMVQzLUx9/mURhs6SSLuCp2vTwJJE7ewXKDtWlBbd0dPJnARVTr21igd8A== processed in 411ms
[2026-08-24 05:08:14] [DEBUG] [db_pool] Transaction payload payload_hash=RtvGeuQDAJ/mXhswKLgUzrmiOLzPqxkUBcz5W32bFv6kGiER/Bzc/dt8oWoEQs/d2M9bOD0Zn5BJNDDwWCt2LA== processed in 197ms
[2026-08-24 07:48:13] [WARN] [payment_gateway] Transaction payload payload_hash=No7lkicQicz9EK1XanikgWl/YQ3jrggekNLFdQowPx1xtTviRajDSsCbmGXjr47SOrp7YEwnGFDBLkcQtvnH/A== processed in 5ms
[2026-08-24 10:23:21] [ERROR] [api_router] Transaction payload payload_hash=vBO7bBcAZP47iqBh5U/5ar/qTmr+h6P4nlwWWBEmPINvsxvYRjuba8XvG9Ic8CWD3xeWysFTHzx3dmzKwi7lLw== processed in 454ms
[2026-08-24 06:20:02] [DEBUG] [api_router] Transaction payload payload_hash=ksvl9erbyG4E4JNc4HZ9Wzh0ImmvfqXYB3hUGgE8o2Sbp6xABjRd4FovokIZsK48nt3kP2t6QByaBkojHkuK1g== processed in 274ms
[2026-08-24 08:25:02] [ERROR] [db_pool] Transaction payload payload_hash=CW7LzzK7GbOVOyC0rHCziG7pCtnx45xQtOeOOB2b0rRDDvp8xr7+tdCOfUs/LpRW3KVl6YqM2H4S3gZP51O84g== processed in 273ms
[2026-08-24 09:49:46] [DEBUG] [cache_layer] Transaction payload payload_hash=KedonrFhUfDVmKfwnT2IBquUGxw0pdcvXemjYtYNpEPEF6PKSUopSCJ1OPrOJE63dGuTpLS7Pu7fkMXWVq7qEA== processed in 248ms
[2026-08-24 04:47:13] [DEBUG] [payment_gateway] Transaction payload payload_hash=6WXvx3ER5JQ9eLnYKmDFFvx3XX9I/sRLUy961SxQqBdK1enhULTNQJK183nJ0anURk1kwhj4yoROPGm8V4YCLg== processed in 369ms
[2026-08-24 05:39:19] [INFO] [db_pool] Transaction payload payload_hash=GAT8GsKJjcZLy7mC2DEqFOVsX4gkR306eB2JOroCtenlgO+29qCeO682ggWa1+gHWbJZhqAXQQPs2uA6k9F/5w== processed in 415ms
[2026-08-24 03:27:11] [WARN] [api_router] Transaction payload payload_hash=KetVfZqgJxct9goEg2tzM62Zs1PR6Xe4rIXNz54QOWmi6FoqOobQXzbV4p6kbc6JaX2NpUzrvdfwZMDmiT3Q9A== processed in 316ms
[2026-08-24 03:22:56] [ERROR] [cache_layer] Transaction payload payload_hash=7OP4Vw6VJgJfxceav10E6w3qfvvp80twdhrU51mp/FmrgcKNb20CEOJPYiSjsBVKlfjEbQ/Fa+xoRJpQVerRFA== processed in 324ms
[2026-08-24 04:39:46] [DEBUG] [cache_layer] Transaction payload payload_hash=CAzFpZuLERbmFbFKVXE+LjMOM2DXgO3A3iCdiErvuZjtJ4ijIKOcVylPgy0vC58NYakUpKL8LwXtj8q/6wPZQw== processed in 66ms
[2026-08-24 09:13:27] [INFO] [payment_gateway] Transaction payload payload_hash=At5tY/rY6WwPM4F/+IXF4Aj9MV4TxijuZWITjIzCiS8JvfHsq4jZg3kiS6FNCo2U/mZDWgqGo2GTMPvibQ9xAg== processed in 367ms
[2026-08-24 05:27:54] [WARN] [db_pool] Transaction payload payload_hash=Akaw5ZKe7geIHkHEGDyvb+ifL0DJA2rgxpQ0hP6vwFZgd1MCIP7UsXdz5uPkMJ2iVeVscM27pWXkpYEQ/6zLFQ== processed in 135ms
[2026-08-24 03:16:42] [ERROR] [cache_layer] Transaction payload payload_hash=DeOLOxdL6osQfOXyKyPBMF4Kv7e4Mh+13xW34aNGzeztBtGAorOq5QVmWoycUlkK8PSJfQfpK5Gok1C2p7eDTw== processed in 28ms
[2026-08-24 06:01:22] [DEBUG] [api_router] Transaction payload payload_hash=rOOMzRXk2KVh6mRTZZcZ2NdfFdCTQoOKKTTmNw9yxVfvCh03224/zH/XntI2ceSgjDvUpTbQCO/RO+tja+H4GA== processed in 364ms
[2026-08-24 07:12:23] [ERROR] [auth_service] Transaction payload payload_hash=fFAC89cJFGgHXGj5WjFGJY9cm06554bLLJWFV4a9EdLnYWUOkdBhB7pX8fGU5LvdIzUZVfXD67WTEUMohARzgQ== processed in 473ms
[2026-08-24 06:09:04] [INFO] [cache_layer] Transaction payload payload_hash=1IuPHcnvHSwXqZr4kp7Egr9GWU4lxcyc8fYFD+0/a435mQDj4emf8wOskdSUHdwwndNZhy2bo++Sk+r2RaBeXQ== processed in 329ms
[2026-08-24 05:54:25] [DEBUG] [cache_layer] Transaction payload payload_hash=3o1OLpA2FO8+ZcghVDmskg5cX253DJ4nVCi9Aw62GYtzfNTNsBk+etqXFOHZkjlsTcYTWJwCCumiK/vQwpM4VA== processed in 30ms
[2026-08-24 05:06:51] [DEBUG] [payment_gateway] Transaction payload payload_hash=SlwzO6EQ0MsQxg8KdG2U0UzV/NOGC/ebbPGVpeKMqwPCLQIRvM+iHyObBuuVjRhmSuyYXurEZPz8QGHuUD7jpg== processed in 458ms
[2026-08-24 09:50:44] [INFO] [auth_service] Transaction payload payload_hash=WDKz2d3UynqCL4TwpRo+2MYe6elRCrwV2o69JAYN1P1ikVIfMpoBw0FoiFUAX8N/lMXid9TCKlUR/x8eH9AgGQ== processed in 194ms
[2026-08-24 09:18:53] [INFO] [payment_gateway] Transaction payload payload_hash=1w/QW81NnbwiFhcfttRju8M8XrrIM/2CpnREHpSl4FTZaTZvTWac9Ix4XsMRGx4mIasO43p4Drig3n4SFcxuag== processed in 55ms
[2026-08-24 07:00:23] [INFO] [api_router] Transaction payload payload_hash=0aS00byVlKcF1cQf6AJLpM/bicYJZtynIDI5ulvhCJ7Ogh9pOIOAmTe1CnM+STMCFkYNstONbVPQ05w099CY5w== processed in 389ms
[2026-08-24 07:53:49] [INFO] [api_router] Transaction payload payload_hash=yKKW6kV7JmgLkzThDxch+ua0lwKL6xUy0OsBt7S7T5VbrlZzn7+M4ya586AOM/2wUGd/lAAouZ4U/UzXC3R0JQ== processed in 169ms
[2026-08-24 06:50:20] [ERROR] [cache_layer] Transaction payload payload_hash=DmoVR0S4ZEjoHlhGZG5p2umOhgXeB05xZFO7MBPEHfGQXTe7SCrlfS2H8mruksZwOIb4vn2l+CBtUmMm33XNXw== processed in 158ms
[2026-08-24 03:56:43] [DEBUG] [api_router] Transaction payload payload_hash=Zl3gEDcRAbavGi4Y0DnVCN3qzEO5LVdzDsU7fED6LmwM6Al83NmOUh7yTR5DJECwVDkF2nxshdYkMsvByRNZuQ== processed in 457ms
[2026-08-24 06:04:51] [INFO] [api_router] Transaction payload payload_hash=wcPMo5NgbhiOtX4UWKNNsPTYQCXCY8Jd0vXmkpemQ3OiB5Pf8x4bE97Z8EqTl8SYx45BM/qWynmWe3u8KEFGUw== processed in 451ms
[2026-08-24 05:23:42] [DEBUG] [db_pool] Transaction payload payload_hash=erM6XSjmOVNrF8U/YMTc6Rq3Xd74s8O8EBpFYKuBqgCxASZipQskjsJ6aT6dfaJ+y99jptrj+NxlBsZQaVnIrw== processed in 106ms
[2026-08-24 11:22:51] [WARN] [api_router] Transaction payload payload_hash=b2CR5iSWPeHtlZruuzVAZMKifaxVmso/9bjOJFra8zKE8ZiQnDkBd05BQ+/2y618ty3GDbW1DYiqTgzkhOrhBg== processed in 192ms
[2026-08-24 11:12:59] [ERROR] [auth_service] Transaction payload payload_hash=KZnHQ10Freox1467vz4vh5fUETaD4g2tmJae+CbcWsPIi00NHRt4KQfRSNeB5h1ecgiZWmMYUE+QH1+3lrfMLA== processed in 398ms
[2026-08-24 05:50:43] [DEBUG] [auth_service] Transaction payload payload_hash=HKQZYE/Mkxp23QazMgna8sRYEurWuy1sEV4Lnv/7C+szeRzyoV+URrTUHiq/7ntKp5EmwSRTZ47NhuQ1kKc5wg== processed in 410ms
[2026-08-24 03:45:02] [WARN] [payment_gateway] Transaction payload payload_hash=WUMZRpHWkCU07DIVviZaUrFWpSMFLvh/SNxRknaRF4Fjo9Qu9wTE/ZyRFC1GRPm4RjCHtr/1IuDsBN4233xNfg== processed in 116ms
[2026-08-24 09:30:11] [ERROR] [auth_service] Transaction payload payload_hash=fIUwSL3uW9V6BVnVA9mtMbL4IJIZF4jf2z+QWE951p/r1bF9pJPT29kKT26hFtK/HPfKhPm0kQObcxzGor0BFA== processed in 164ms
[2026-08-24 06:40:00] [DEBUG] [db_pool] Transaction payload payload_hash=KR/suU3KFHyD+boRISV2dN+9pOmCg0mi0hnNxIuyZaCVShn9LWATv1zJlJxCooB8b9IeARr28MHxr0N25qLs6g== processed in 78ms
[2026-08-24 04:05:38] [DEBUG] [auth_service] Transaction payload payload_hash=oUxxmhzBiswA4e71qM9SieShtyBMczIBO379bOIFWaDPMgoEyKFd6IZH+hiW9e1GsfdQalbkzL+VBvCoDp99hQ== processed in 313ms
[2026-08-24 06:14:38] [ERROR] [cache_layer] Transaction payload payload_hash=lmqWJS8+/Wn/RXNXA+VOK3UUgYb3FS3PLZrGPDsgwQCigJ6uqW4bdQqFPZ51xmV6Itxug+GYe3FRdAhZ2zgluQ== processed in 437ms
[2026-08-24 08:52:44] [WARN] [db_pool] Transaction payload payload_hash=/LaVDQdHyxPJoeg41bwWgc1nphzuEZDmA3AbdApInbfZyJBD9rctcJM0lqMrF9L/LRfo2qubSMrYKCMkwHDqFg== processed in 85ms
[2026-08-24 07:49:50] [ERROR] [cache_layer] Transaction payload payload_hash=vBmTX890hqPGNBqMN9OCn2ytwRmDO55s81ZZabdY9QhYiUTZY1fvx6wzC9Mt5qrT9c5v9R70aTbLRVH2hTQIsw== processed in 444ms
[2026-08-24 04:07:33] [DEBUG] [payment_gateway] Transaction payload payload_hash=qeWGI/UrUrZey3Cp81MBYfgyOSZQDV8CiW0XR3pIQKoislPa8UCpjOjAfzvsTseKrExcKJd9nDcIFNmDUR7gfA== processed in 168ms
[2026-08-24 07:10:21] [DEBUG] [auth_service] Transaction payload payload_hash=WeTLqCSFMPNPFSv0lOAYAgtPvf7TG36XMpOOoqzWlkuckHAcYTEfjilZYTGglKVws5Wjy4Rm1E0RATWTFjiRDg== processed in 483ms
[2026-08-24 06:36:32] [ERROR] [payment_gateway] Transaction payload payload_hash=bbW+HSNJQRegwPeHmRCcY5WoHmEEJXC3/cT5WMpTWIHD3J6EFtrobPrPgFx9eAoFCd0XVQQh11CSnwBMIQ0mnQ== processed in 346ms
[2026-08-24 08:33:41] [INFO] [auth_service] Transaction payload payload_hash=Ks+0RFu3rs3zk9b18ZrNBIFRKGgYGw4jnhE1ipbMAb7bgoR27qgestpQQoSHNRilGJhFHtHByRDR2VZSnlNUJA== processed in 158ms
[2026-08-24 04:58:26] [DEBUG] [cache_layer] Transaction payload payload_hash=Q1Db5yP+m1R988iyaFU27k4bPN2TahkEs9dicyQf2ZcIs4lec6Pgg5Q5RWwUnReUmStxpD12Tjd9ywhVjiyGBA== processed in 340ms
[2026-08-24 10:53:18] [DEBUG] [db_pool] Transaction payload payload_hash=WTuR6ev8Qa9/ArhhEwNjwLT4lY40fHsiGZQuIMrQWf7mm4wxLDksqNwFU0UIMSJ9B5QW7oeQKGlTAIoJs1k3FA== processed in 192ms
[2026-08-24 06:56:02] [INFO] [auth_service] Transaction payload payload_hash=5xtkhw3hJMZA8A0pFYLDGMcMsGXYvocS/v3FNj7Lqnw5C/TulTcwvQZY8WxNJx6q+z27Oj+zdwbP8Jy+boTIng== processed in 468ms
[2026-08-24 11:12:06] [INFO] [payment_gateway] Transaction payload payload_hash=TCp8bNcj5jNvB0hJHP4eqmDknUg8E03Jk8L04C9Ga0ltxaVlQwGj1AzBHAxuHOqbtACfA86ETbvQwGjZKZxTdA== processed in 202ms
[2026-08-24 04:27:55] [DEBUG] [cache_layer] Transaction payload payload_hash=a+zE/GG9B2e8BycPS7+WW3pNzfMNzav5mwaL9UdggbPrpHWPQgYyeOIz6aVUly7J29DXB1SY8EB8RaJ8i+oVHQ== processed in 286ms
[2026-08-24 07:03:35] [INFO] [api_router] Transaction payload payload_hash=DLwFfisOGQj9hVUnJ1eYpsCi+ipNOs+Nu1m8HXJ0ZXN+bi+nYjnQ7rQngI7uPqfvq3sgeE0CxAeA/4wuZPCgqw== processed in 111ms
[2026-08-24 09:01:48] [WARN] [api_router] Transaction payload payload_hash=/pVGVZjv+JPOkHQm0xJpVcGVdkBI4wtzqELK907LtyY74tpew23NfdJplOo4OwYb+LjRO0BnlvDGaHZX4fsuxQ== processed in 150ms
[2026-08-24 10:02:58] [DEBUG] [api_router] Transaction payload payload_hash=QgFOO2RiWJ0or4NOH4JTY94uXeBnLSQ2F4LT4ihxqz+iGVr8jzhMgbBCjBliHCk24c1XI9ICTtczqjNwKF6yQg== processed in 343ms
[2026-08-24 10:20:14] [ERROR] [api_router] Transaction payload payload_hash=v0TVHE0F2eT0CHB0Mk0Iix3K7Yc2gYHmIaE8VkzzJ77f/8kCNA2NZHLnDGqS0HtgRrIOMUT8mdnGM4kVQhQPFw== processed in 455ms
[2026-08-24 07:29:09] [DEBUG] [api_router] Transaction payload payload_hash=C8uNHv8+6sGXH5XNn902pPndYcGKC6zeCQ9Froy3o+mYSMswM58OzqsTqBQfyYi/GdohWdaPSoIZoVMWjmzOCQ== processed in 440ms
[2026-08-24 06:22:48] [DEBUG] [cache_layer] Transaction payload payload_hash=XmO3ye3DpqM2c+RHZtZVWVkKW/wSkmwERHkz6TbjACflj9Y39skCQ5AD0lVEGWAIyzXRX3+Pbdei+fkwcpadhg== processed in 472ms
[2026-08-24 04:53:19] [DEBUG] [cache_layer] Transaction payload payload_hash=Eq+QaFdpBDPhKmC2wRHCPcXsb7sgcNzIO4idqIcVPgh8pWtp6SeV7do51UStImmA5bJkclZCmGJzKt3vB4saGQ== processed in 474ms
[2026-08-24 04:54:44] [ERROR] [cache_layer] Transaction payload payload_hash=iwed9w384dmOjmfhr3UMj8dE+o7jFqaLpUHxmtwTzCFltJTSZRVLP2HaKm8OHD02BBr2VUEY/chCVZfJMK2CpQ== processed in 430ms
[2026-08-24 08:59:23] [INFO] [cache_layer] Transaction payload payload_hash=1wvwdGx+GHgvaDgvaFRSr8h0pnI43LaSlfOKIfpV2+U17CCchi7Dy9ukTZAjcE0qn5exC+oGoLQ8nRI5b1B/qA== processed in 291ms
[2026-08-24 03:46:38] [WARN] [db_pool] Transaction payload payload_hash=cKfprsB3Btsmqb4/hW7FVoA0jYXYWzMJaRNaiV3vkDNYV0tuFL4yspT5XTlo5XnbuIHtNDIFs5YgvXQeEKISuw== processed in 292ms
[2026-08-24 10:49:19] [DEBUG] [db_pool] Transaction payload payload_hash=9OVuEJKke/JAGm1+KWMHyss9A+/cz6CA81jxy3uzh3lvtcWySTRYde7Jv0INLtuiPMSVJL0paxZSAIgYJqpByA== processed in 49ms
[2026-08-24 03:40:32] [INFO] [cache_layer] Transaction payload payload_hash=5lyI5dS9MHB9M/TjdXdgDWvvanYnUqUsCjwG3D+qQQ4idiLg3IZXiKOVksPeHB8bb+i7mW7R9NbHmwpoMoethA== processed in 104ms
[2026-08-24 07:48:29] [WARN] [auth_service] Transaction payload payload_hash=twPupGMJ1yZn+tBYmSxzhKuUESHrTkplX29Gw6bSYSbJoH04hHtCwaGTvPcA9cc8byYYCeKwaZq7MZ2HmSBnxg== processed in 251ms
[2026-08-24 03:27:11] [WARN] [api_router] Transaction payload payload_hash=4LC9Uv/5XP1qyplpim+ZTLM3QMh+WOuYasVopVflCbpI8DQW9oizTkee4+cvonaK5UT/HHNu8nNqdozxNrC1wA== processed in 113ms
[2026-08-24 02:36:54] [DEBUG] [payment_gateway] Transaction payload payload_hash=JZijPy5oVYZum68MNLTt/Aub3EVd/7JvGTffGfYkDHOuhg0WByx6/S6sbk1ilRtXAVL/PQSEilmkhEX6dwP6FQ== processed in 107ms
[2026-08-24 10:26:48] [ERROR] [api_router] Transaction payload payload_hash=REvhM5T6R1PzMhhYqrGR/d/XVrnMR69QsvSQ6D9fkDm4gB1mCrJHZotZGCcmu8rP0vi1gOf036b2FbE2Cttm1Q== processed in 416ms
[2026-08-24 05:30:59] [DEBUG] [cache_layer] Transaction payload payload_hash=iysMQT6h0rJ2I5MIsI/WA+9J7IH3STDq/JACAqCyekoqV9TdQCGbkt5MS41lSSTrgCHXLi70Sz4X/8Sr3QhmmQ== processed in 416ms
[2026-08-24 09:11:36] [ERROR] [db_pool] Transaction payload payload_hash=qK7hFs6BCv5UpI4gxKO8EO/zg7sIidd5VOCfq6alKs+/+L3Zcc+cpRElxmnQ0mBn3+2cY5OzgHSVB1YL1X4/IA== processed in 423ms
[2026-08-24 11:21:03] [WARN] [api_router] Transaction payload payload_hash=XA4OG+xAb59nlKkdfF7t0KxrpRPZGKiBNw1wI6m0D4blEcWv/Ez8VvwH48X/HcqvXTfyFivLajAs1qotyhTb3Q== processed in 96ms
[2026-08-24 06:39:55] [WARN] [auth_service] Transaction payload payload_hash=JkSB6XZj9U1FubyPRyvQy1XabrFppiCF//yCTrW4xw2PeyBqHC3n6nQivOjR89pICD14fRcb0fXiWKFirva4sw== processed in 143ms
[2026-08-24 05:58:36] [DEBUG] [cache_layer] Transaction payload payload_hash=FT3cQA+hup1jCAAFt/FmPtotPCQrovuX6hEI/VHhvdMc4Vwv5BbhxuXI2xIK1mkXnICT2qCXxQ5X21E/v3yL5g== processed in 268ms
[2026-08-24 10:47:29] [INFO] [api_router] Transaction payload payload_hash=7jucjgoNIkFPO96UD/a6tu57d4zEND6gixwz75HygAPh3JkVp0oO0WV7O9aa743uKBSA2n3mNXm+qX+cCPUc6g== processed in 245ms
[2026-08-24 02:31:16] [WARN] [payment_gateway] Transaction payload payload_hash=fC98UjxDG2PJYMESb4a0X75V84+R4ThyQkCccoe1QUvb7FizTWXJUrhHle+oDUOohEmYCeOevO1Qi9Yln4j7UA== processed in 421ms
[2026-08-24 05:32:22] [ERROR] [db_pool] Transaction payload payload_hash=CAmj4AMG8nEd+b+xNwDqlFrTdzFPTrp0g5dyHk9KAv+KnfO3IiskPPrMdRZJpaZHqF5D6kfsSHTjmN+gPOKGPA== processed in 274ms
[2026-08-24 08:19:20] [WARN] [payment_gateway] Transaction payload payload_hash=vQvhSCl/dmMo6NQXYQO3KGb9vKXDaZSR9gUdn/5qjn2207smu4q6dXw5HSCrI9gIoA0m+PpzAayhHdRVtUpK5A== processed in 68ms
[2026-08-24 07:54:13] [DEBUG] [cache_layer] Transaction payload payload_hash=x5bp2GZL0K+scEo/X99jhsngMZWfRpcLjxwaFpJHtoMA3vTY8Qv7BsPEGJWoVndXgr2nwaCETnxjJTe66V9W/g== processed in 226ms
[2026-08-24 09:21:30] [ERROR] [auth_service] Transaction payload payload_hash=emRDsdhUXtpVvipt+cJnrze5kEjkRxmr66vZnh92I/BPLHFLM8DHEPG1Uqz5MIMhGlbF/h4n+9iSfYpn/7lbLw== processed in 454ms
[2026-08-24 02:24:05] [WARN] [auth_service] Transaction payload payload_hash=RE66XEVLFuhr0XNQyaV8ZWvW6oj18nY/wNljJftkxc3kCZvVCvbsTJ3ajUpu1rD3bhQoWsSdbRe7xMyUD8ioWw== processed in 68ms
[2026-08-24 03:36:26] [DEBUG] [db_pool] Transaction payload payload_hash=Sj/NetTTmjXPMe38D3LhAlEcZ3x+WEddpnlOLGVOnErDs6F9O1FIHYuu/jKzwBLWIDo40igaVLJ4DfFDEOzYbg== processed in 381ms
[2026-08-24 07:29:57] [INFO] [cache_layer] Transaction payload payload_hash=fn34e201eoh5SwX911Gj7B39Egux0PTw3jnMDP3mforpychLjQr+U6EPE9I05wXG12JGjYFqeK1IYlQTjt6UTQ== processed in 24ms
[2026-08-24 06:28:20] [DEBUG] [auth_service] Transaction payload payload_hash=uZXU3JJu7Blc1p9j3wsFmyLd7lOMNev/2GS+4mdVFXhwzMY3ouxxbJo21Ci+rKgfnbL5ECZoE84ihRSObnBsCQ== processed in 405ms
[2026-08-24 05:11:36] [ERROR] [api_router] Transaction payload payload_hash=GGu8+1vNGy+6Xn/YkxnAV4X20T6XC67Eiy3e7rqnteyiIXNY282F4nnlT+Z1dWpgzHMlQiMDXetdFj4XRP2tOA== processed in 69ms
[2026-08-24 09:13:42] [DEBUG] [auth_service] Transaction payload payload_hash=ABtN/DFr7/0Y4mzoNKvfa5iWOoBjVXDGwJnln+oVkBTS6I13h09lNCl9feyCEoXQpmOsp/LnZ4qrABHqDyMZ1g== processed in 74ms
[2026-08-24 08:46:58] [DEBUG] [payment_gateway] Transaction payload payload_hash=I1jVzjrxQvlDJh3RlT/vFZrDYKIx2Zg1joq//Xa7RMAVC/hvtbhP2CPFdDFiPB9W/p+tNcWe7IU4vqQBUHnWfA== processed in 206ms
[2026-08-24 11:16:48] [WARN] [db_pool] Transaction payload payload_hash=wnVC4Rwx26G0EVg2579axn4smJCX/l3CUsxwD695MuBkxIEm8P6EKm368sZ0gtHqlZqBHri5BmBFXN4DUqYCKg== processed in 267ms
[2026-08-24 07:09:39] [ERROR] [cache_layer] Transaction payload payload_hash=1LvvUo7ZoggSk/jZ5m78sW1PWHdXgldPMO5m/wcIYbExbGSR0MXMx9xjKW/wtqAbLnEO5zDaJrFLYthGyR1buw== processed in 458ms
[2026-08-24 10:14:27] [WARN] [api_router] Transaction payload payload_hash=NE+/MnJdvgToST7TfKAZoaM4XbqimuuqujQFCdVW16C3ZIhuc+klMmOLpVuKQuf0S7zzQ6f6eM+Aw1GBEMZ0qA== processed in 32ms
[2026-08-24 06:30:12] [INFO] [cache_layer] Transaction payload payload_hash=QyRdsXTs+PUKzb5aHvzAY5meTSQlRsqatvhbIzv41GK/wXmzodNi6JhmZ6Wc5rCa1AmBcwsBZfgeVx/hc6B5UQ== processed in 115ms
[2026-08-24 05:50:52] [ERROR] [cache_layer] Transaction payload payload_hash=s/kouqP4G1VMtJ+D9loB4qATZ/LzPLOsNXDkODsgrniJh9y2R6VTyByFvJJcHQmsrnqX2/823DhxgzQJDiyDpA== processed in 30ms
[2026-08-24 10:46:41] [WARN] [cache_layer] Transaction payload payload_hash=XJZKY0N1Glnb3+pb22psrRCFbAN7c//znd7iAyG4weZEHtL0pfrGoEgLrwYyscNyv2rc1CamXE364s5PoIw6Eg== processed in 60ms
[2026-08-24 03:15:25] [ERROR] [auth_service] Transaction payload payload_hash=0rfDxakbuG8kRkTrf238J3nP7eYJb+k81KW0LpD4SxwDM7qG+bwvJgdJbQr209oCyew7suKJ3yhFaktA8RNW+A== processed in 234ms
[2026-08-24 10:45:12] [DEBUG] [api_router] Transaction payload payload_hash=pWxO2gC8yZ4N2CM0SZYK9w6n0P2MrZRi29NhbGFmfgkRD9okvuF7s+KUuZqUdBwl8dRN1f2G0Tsi9OtCVMcZOw== processed in 461ms
[2026-08-24 04:50:37] [INFO] [api_router] Transaction payload payload_hash=Ti4puyPYwEhhh7OT5iYDF2J16u95+D43mijevnS/m/HcRSh12CbG8UHheASTGpDFBdtuf0qIvITk7NIKwYXXBw== processed in 246ms
[2026-08-24 05:34:38] [ERROR] [cache_layer] Transaction payload payload_hash=TxfEsMlEvdOtKQhjD4EQE2VW6VOdVTUrEk+1FzgcQe1SFJvzIMKTi6/dALKlbwQHepx90UheQ/Wp130ncFNpXQ== processed in 321ms
[2026-08-24 05:40:44] [ERROR] [payment_gateway] Transaction payload payload_hash=5NNnTeWn9xuUQjQ3Mbe4ygirJhI3g5r+u9lC9fRbgLua9sCXN1c2ipfYq3N4FHNJFcmtuUkXQUsfyvLMpTGfcw== processed in 315ms
[2026-08-24 08:32:31] [WARN] [db_pool] Transaction payload payload_hash=e+Kb9plMISfb/L1Kd0Fow4p+chZFLPXEBlFMDg9YKEjwf2TP7jtmOnzXo+aWL+L3X3O7QbPt3RX09Ywl5roTlQ== processed in 55ms
[2026-08-24 05:43:06] [ERROR] [api_router] Transaction payload payload_hash=XLEzKJT8l4azz+Adf+/VJIX+Qjfrh0LAwSUCDyvrAYlg7jlYdSMcSK1fBCYmgYrtoUwdny83ty09wDWum22F0w== processed in 127ms
[2026-08-24 05:50:42] [ERROR] [db_pool] Transaction payload payload_hash=tbKgWtqrHefOZWyRlbf+lDIt4SUUxpv8llPP2AOABgdBpdQ8FNAYBzEFrBtWm7XX4VYvYZB88oGp05WxsN+/GA== processed in 386ms
[2026-08-24 04:42:31] [INFO] [payment_gateway] Transaction payload payload_hash=8EDf4swbCMj7wzw1p6xwYxvHJ1cAbWbADb03mZawmDgcQHxvNWXL5l1fOhXw3z3yMi3fQN9GssYTMp88pFWlQA== processed in 369ms
[2026-08-24 05:17:21] [INFO] [db_pool] Transaction payload payload_hash=afIqSCS/+iwy6c5zidMkJLl9hGAHw8rHV/EGJ5Mf2XHOo1iO90xwzZoay/WEeVx1BYwlWtBLEb6Tzi4ds+54FA== processed in 8ms
[2026-08-24 11:08:16] [WARN] [auth_service] Transaction payload payload_hash=QE5QtsMSP4hdUkq/cD+iS15IlIkauggV5WHORewdZKjLFQ2ErgD/wTkzTXZ0yLenCk+j00lbIcx5zKiNQZ1rNw== processed in 32ms
[2026-08-24 09:37:08] [INFO] [auth_service] Transaction payload payload_hash=t5iI2HeztvQJByxDgEVF3jah5Z3famw6ILPIR5Cy3zPm6e8dzVEuSEmaFBXrGeEtZk7rl2QgQta0x8MfzJiX9A== processed in 340ms
[2026-08-24 06:18:07] [ERROR] [auth_service] Transaction payload payload_hash=QCGhiHQgqzetKQ1Dl0YkbpcsNMg1SNJIGUx+LYv09e3csMyc8VoLnEO1sBPDS5/Mvl16d2lhOCN1VloSAGBXLA== processed in 302ms
[2026-08-24 06:24:26] [WARN] [api_router] Transaction payload payload_hash=mH2jDVf93v6sH3LrQyRfro82K1qHlzQaRo0CEVay8YfIc7J51ZiXEh5KyXRMJNsf+NROPgmYIhQJ36vAtfDc1Q== processed in 270ms
[2026-08-24 04:27:25] [INFO] [payment_gateway] Transaction payload payload_hash=ZGLUP0cqgjesR7ELImyWOcfjMIpGaAp4TDQsnm7aGuRaQyZH210BJSk2k4yc5V/XlyKKWM6HwGqbSblDNdpUBg== processed in 244ms
[2026-08-24 07:50:45] [DEBUG] [payment_gateway] Transaction payload payload_hash=FmRqbSeRuWY9z6tx/MWklFKFrivYKEKLwSJ40lcj7PjNr8AefIPIsE4cveY3xLXDmVKNm0avSyQ1zADFLu5KOw== processed in 10ms
[2026-08-24 07:49:40] [DEBUG] [auth_service] Transaction payload payload_hash=+YyKpMi595wxNdUZ8ZW4mqr9wF2hohPdkwa0Pg5gbh/H03179RuTS/efSiDiEirfP1zpFWb35JVzqlgiCaSCqw== processed in 8ms
[2026-08-24 10:47:44] [DEBUG] [payment_gateway] Transaction payload payload_hash=WpRUkXCWYtXty3T4pYU9xHEMTvEOirsz2HUO5v8b0Wbhe6FGPl6f3rm8zMctBRAwQoh9QLcAsKICFJh+NoGFXQ== processed in 460ms
[2026-08-24 04:03:27] [INFO] [db_pool] Transaction payload payload_hash=r0Lnm1Le6VaWNDjrGliGJY4ssXOThVU3kUsgTShEJVep0o+EBvcGDaCDmZXzTFhhr1WmEvmFQ5Y0S2PkW+v+rg== processed in 8ms
[2026-08-24 05:06:45] [DEBUG] [db_pool] Transaction payload payload_hash=2ExdieOeKoNd29dSplWSRDj84VYgFxCZIMm/x/y+MdH3hdrAZgHCWM+unr05Prlgbe8yrhjsNMCw+TBQf7HFfw== processed in 165ms
[2026-08-24 07:48:16] [INFO] [db_pool] Transaction payload payload_hash=pmKmYJcmVS/yXa8aWWMK5PurwWoMZGxFJt7d6yxEX/LTYbUgXjLPYfCtUadQOrOm5eAcCHaZPSZHuZ//voUH1A== processed in 298ms
[2026-08-24 10:13:18] [DEBUG] [auth_service] Transaction payload payload_hash=UuWBWF+MVG+ua6kBRqUXdGu6UZ7b2JgsDTzezMwI9SsW6PDCieptNRoEoOeb2b1U/DZfc+TrrCgXWTHE9q9TNA== processed in 325ms
[2026-08-24 06:35:19] [DEBUG] [cache_layer] Transaction payload payload_hash=Gc+H8vW1/xOxT46Jdjk4TrLGG4xnExcJ67RxIEk2nVRMGN+OKLLCLmRIa+SzH6bFPtyWWckr9lWEkI2QTCEkwQ== processed in 0ms
[2026-08-24 07:10:27] [WARN] [db_pool] Transaction payload payload_hash=TaKAIUBlv6XCrHy2ZOxASfdbWIfhF3MrfWQF3B0Eca7+I/Wv2mPBsT+MHO89h9ANeK08yzCz+91Rbv7IZpYkqw== processed in 143ms
[2026-08-24 03:11:24] [WARN] [api_router] Transaction payload payload_hash=0byv5WW9CCR2yEJ/pZokc7dyJmP1m+2Fc8eYxsJ+PZdAM90HxpfKjvAa85F8wydQoD6lPfcKt0+Lv+nPezCOog== processed in 429ms
[2026-08-24 09:07:31] [INFO] [db_pool] Transaction payload payload_hash=R28xlgFtfGj+SNX0+zKSRxrsglnKXH3SZtzHb7gxlDiVhfn3ZeYOSos7rnjxDx+5OMBDMIF3g2XVIqQunL5PDA== processed in 350ms
[2026-08-24 04:17:28] [ERROR] [db_pool] Transaction payload payload_hash=rs12lM7cPlxStPFtkrry6k5EqZPbbRQzqgBhM7207cUZDDKgL4cNE+GKvbdaSMj1Eiz9313igymlczYQdlXCHg== processed in 474ms
[2026-08-24 02:30:08] [INFO] [cache_layer] Transaction payload payload_hash=fHrsjU1Ll5Vx937i7v4V1KOI1LbT2Girm5z4rfi3QFu7Lo++GkDk2pShd8H5ucCHJPgd/qey+6hUgFZ056rqSA== processed in 281ms
[2026-08-24 06:33:51] [INFO] [db_pool] Transaction payload payload_hash=/9r7606sYZjFBWuk6fxCUUayMh0OEZXymRQdvGKQdLH0vtL7hRO4GUniKciAyaxwUt2x1dY0RnlpcbWHedqsDg== processed in 151ms
[2026-08-24 03:13:30] [DEBUG] [payment_gateway] Transaction payload payload_hash=b+t0WQddhkh6aR0MTi43xttPxOpNri57dRSeh0/qFWfOzypa+DOHmvykryFqEqAkJCE90eq10eYaIaJHTbCmgA== processed in 379ms
[2026-08-24 08:19:33] [WARN] [api_router] Transaction payload payload_hash=a2U8ljIdyg5ClgumMc+vvxJJhyFRlY2BIPkS6zM8HUGPyvUPpg326D8aE0kyDThDw8X1STsy/GzOpzmrb93YqQ== processed in 370ms
[2026-08-24 04:29:48] [INFO] [payment_gateway] Transaction payload payload_hash=+lh03L+tsfVQurjvI7uxTZXIfFuctH4jdxTE9sCPqAIJ9nMVsCbIFIsFNVbgtoKjDkmC1x+or6ASQo6OE9mJzA== processed in 63ms
[2026-08-24 07:34:14] [DEBUG] [auth_service] Transaction payload payload_hash=p8e/4dkLIKeSlk/NrK9cU61XNEI9SkL8b8SnHf40SFFsWz6bmgsE0GR2YBCtw0Hm1ufl3GVNf3hUb/DnlrCtSg== processed in 476ms
[2026-08-24 04:35:58] [INFO] [auth_service] Transaction payload payload_hash=J64sQyhLtiHsyXhazaqTBejnyvvZiuQuVwW+Nq0nIYlGMzDluQmYnsK0iOkmlNFlmttK0MwC1X+9AeNGjbXa3w== processed in 497ms
[2026-08-24 09:40:30] [ERROR] [auth_service] Transaction payload payload_hash=9TfOFjxFVaqwQLLbkQRShG/EJGVoHL9i+gEy50vvvlpToU9XCPv4qAF33sJTqRstbC3UnQNMC8hE8NR8SbCGLQ== processed in 351ms
[2026-08-24 06:34:04] [INFO] [api_router] Transaction payload payload_hash=F546wJXMpyiB+LOd9b8KsR67NxWzA+TAZXffyXb8FY2JmLRK+CCcQjnAKAXF7kjHBta6aWb608oHf4mXVt2TNQ== processed in 72ms
[2026-08-24 09:10:58] [ERROR] [cache_layer] Transaction payload payload_hash=R0EO4yIIDjT3oKNPcNUt2HSOtQAIgRhLc2E3JZiUCAKxPaSOI2ygJ/cGRWQFnj+aSEIkD45WtqrEGs2H0pOsbw== processed in 131ms
[2026-08-24 06:56:15] [WARN] [auth_service] Transaction payload payload_hash=1VfvxJSiCoqP89lG2xr4LB8zK83k2Xba8a8+I+92lBoKTumEL8xsDvC/TWTXq2kz93ZzX85+zeePDGG7EYcBfg== processed in 173ms
[2026-08-24 10:46:01] [WARN] [payment_gateway] Transaction payload payload_hash=wkzQtLzzSHK94BqAWP4y2FgO6nqfDQT6NWIVRRdMTv+Y7XUYcMmWXR4GRrqesPH0+HVR/RTQMyhndcxvgoLJIQ== processed in 91ms
[2026-08-24 04:59:02] [ERROR] [cache_layer] Transaction payload payload_hash=H753cPsu2pmp1KX6YSYT0cVcZaQlBAgljQg529mEqAsy16XVXW1pSB49/kCQS2Pn/wutQik/zu8NrsNngqReDw== processed in 257ms
[2026-08-24 03:20:19] [ERROR] [cache_layer] Transaction payload payload_hash=f2OYRuvBh1Whl1Kha80EvMS0EHUdy2wFurG22ZO9Q/RGjc2NEmad7MTiLJYy/DJrXJS6Otc79n9vQRId8v/v5w== processed in 474ms
[2026-08-24 09:47:07] [ERROR] [api_router] Transaction payload payload_hash=REIrSgCkXrtSF9/mL4Iff+KQvSyEdG+TFxUZ3fYlt2YNDmxZ0HrflHcKakzgyKQo/bNCce5rZEEyJMtaq7A1EA== processed in 184ms
[2026-08-24 08:56:33] [ERROR] [cache_layer] Transaction payload payload_hash=jXEJnw3ZakX0JpuUMeGfCeNRD3nE98rkf9QC5oNfziQrWT43NvOh34T2guVnQ0d1WvBTVrDakgyccclX5mf7vQ== processed in 251ms
[2026-08-24 10:33:09] [INFO] [db_pool] Transaction payload payload_hash=hd+xJy9ZvjMZ9oYQNrakynfFys42tW+xi3anPuDi3mZoMm1l9OI7ImsUU23cAtWLllbo24yFgbXHs/e84f380A== processed in 326ms
[2026-08-24 06:30:34] [WARN] [cache_layer] Transaction payload payload_hash=WmcecunRKP+o2CJCEUwcgxSK8GyIkXxsQhYkZzwm6c5kKs5TTJOzJ61ZUwk8ulXN1KrIgN4MAf02GXNu+KUS9A== processed in 495ms
[2026-08-24 08:56:48] [ERROR] [payment_gateway] Transaction payload payload_hash=6xVjJJO/YYzRMn5Lo18/uY/M6RhOHmv1ZFgKO3yBjXEYxlUoNaWn/hmjFZ8+zFrCf1co+OTIMv8nMu+No7wEPw== processed in 186ms
[2026-08-24 10:03:37] [INFO] [payment_gateway] Transaction payload payload_hash=mOQdDzS9p5pR2tCjZm54aBjGDAhB1wRqq6YgED/qZwc7urXgAL6eLm9TNZMfN+taznsO9OKQ7KyIs5ZBdEIHHw== processed in 328ms
[2026-08-24 03:20:16] [ERROR] [api_router] Transaction payload payload_hash=ZIod2zM5G/JkLAccg+v4il3bbP1aFFQ69eUJ8RiomPbTS6HnF0jghEAYAvnXHrlf6YdVtlAYZQlYtgygDWx00w== processed in 283ms
[2026-08-24 11:21:12] [WARN] [api_router] Transaction payload payload_hash=rCRTjOymgbwII+O+kYPhpXkQB7rfscvfbaAJpuUl6Zk4irz/EIsBPOsMrWeNjrkoyjL3CLGrPltaJaW5L137/A== processed in 405ms
[2026-08-24 11:25:55] [INFO] [api_router] Transaction payload payload_hash=IXLbWWfHbHDjuNyxSR1PGl3T92qUrbNMj0gwdnWc9YJmeuVczFaHhxCocTyfSza2YYfVR5DdLrDxrDtzXU/Q3Q== processed in 130ms
[2026-08-24 03:29:46] [WARN] [api_router] Transaction payload payload_hash=TH0pEsyPTX/Bd6OTErnduVU2HW10B1kI9IGKCJcCfR+eW95QO2H6MX3oUuZNMXow1x5AuSuVN9Q/3qsrGQeU8g== processed in 137ms
[2026-08-24 07:25:02] [DEBUG] [api_router] Transaction payload payload_hash=Z1tv4xvSr1dCYwbksQCbrf78Pueys9u4zGuUBP5LXuZrXnQHTArcSKRMPxWNb0IejZdL+4j0AR6UizrF4Ev7kw== processed in 246ms
[2026-08-24 07:51:14] [ERROR] [payment_gateway] Transaction payload payload_hash=BDHCAQ3Qgi8yvSgMShpn/ZIOPbkBvzlNIs4B31U5wTDXA2gc51kzw4LHYC91b0Cr6LANafJPzSUvs9qIH3xI7g== processed in 127ms
[2026-08-24 07:18:55] [INFO] [payment_gateway] Transaction payload payload_hash=ekaxYx840HyBQSzhiKam4uVEMU3VLRKuZRRASgtbw+oSWRL6Hikzgc+iNSII6SOOyCkAaJKqROqT5lqRiR2XDg== processed in 495ms
[2026-08-24 05:34:29] [WARN] [cache_layer] Transaction payload payload_hash=Ra3k6EPTrPWfW60Cqt7iKFC75ULb5GOXFDfJRjFiLlC0GJEp4JYVpsm72YztKmiSVxrE07bLxinKNenhZIsnjA== processed in 112ms
[2026-08-24 10:24:35] [ERROR] [db_pool] Transaction payload payload_hash=kGohu3gnxDs0/9HoCCLJYngSwEEngVMLFItZPI7txAXemDD94XXYVRrxefCwv/hS/mgX3EBdFg9hox8G5i7kWw== processed in 119ms
[2026-08-24 03:32:06] [WARN] [api_router] Transaction payload payload_hash=WABcVzWD9i0ClaRtm71zozoF0iTq3bVd3lDzf0TTAjQPKDR7VMOjiTW5Ezau4CZK7FcO8gaIYPlK8RfEL4+w5w== processed in 275ms
[2026-08-24 04:57:39] [ERROR] [cache_layer] Transaction payload payload_hash=3l/bDp2HD8oiJowAtQkGql7YlXfO33yT4f+m2FGFcQEaF9I33XjwMO/gUehrMK+IiFbSRNNA94tLFDkkT0yRcw== processed in 137ms
[2026-08-24 09:02:31] [DEBUG] [cache_layer] Transaction payload payload_hash=U3GnqVsQiEw2G5lffJ/VXE3HkEZCcz2hZdRaV65rJHY6kqhU+OIXyJ3kkwDoTAzvsDIdLG0hvWj+CkvJi6C5VQ== processed in 384ms
[2026-08-24 11:05:28] [INFO] [db_pool] Transaction payload payload_hash=1ZryXOdIjGbJvBAO0e71oWYyBg567oxuSSmxBOOVYJh2h51Mik8IoxAEksg30aGlVDR6pYFWKh3JADRfeRuFbw== processed in 375ms
[2026-08-24 06:22:17] [INFO] [api_router] Transaction payload payload_hash=XjJYIQj/msccTiTM0Bu6Ejzh3gdnsuukNtxBuQcp1j8E93SxeWAnYW2Y+DUWuU+o5NYyI53LPIMEu1tYlHZzFQ== processed in 491ms
[2026-08-24 02:41:12] [WARN] [db_pool] Transaction payload payload_hash=+Vs8M6B3XHCig6xXUFcy6JrUcO+pWb7tjxbDK+uYh1xn42/p4nJ9Y3PVMiRMFpUFedqgQdiNPrlcqLgjCsiNPQ== processed in 479ms
[2026-08-24 03:43:57] [INFO] [api_router] Transaction payload payload_hash=G450PP0dMzOutfAw6Nvbcn+Vc3j6wjG2Nhd15wk2DTpRKYVRIr4gxrQjuZSQCIo6OVJyCxpTk+AWEvZR7nYRRg== processed in 286ms
[2026-08-24 10:55:11] [DEBUG] [api_router] Transaction payload payload_hash=gSbXoa9KK6Cfi87gojmh+01l1aJEykto7kmB0LciL2er4PysyftI+Jfgz9MLfk33MlJKQP8pxEXQSP6Dn8olbQ== processed in 224ms
[2026-08-24 06:11:29] [ERROR] [db_pool] Transaction payload payload_hash=JYqAbJrI77u/IT4Cbl4sZmRmvzFFHzUyEE4OQaK8n81mVEYv7CQi9FW7ieO3q3fqWjKK6GkaPyLNbERyvEVXmA== processed in 246ms
[2026-08-24 03:11:05] [DEBUG] [db_pool] Transaction payload payload_hash=aks/qqzHKBRAZTxn01HE43lddU2y/hNMo5LiHB3UbYMDI+096JtHyMudbxTJ4DYTAoA7rkrNBUUDzFky0qcrDA== processed in 48ms
[2026-08-24 07:46:03] [WARN] [cache_layer] Transaction payload payload_hash=SVFLOIAud3u2wkECCMH7d+2lPywSk6FbIJz+NCjf6HajXN/5pX4A5ygJ1pCp08o+fdfhFvFseZdNWchHu5fG4g== processed in 55ms
[2026-08-24 04:47:28] [DEBUG] [payment_gateway] Transaction payload payload_hash=BTIwaKrsPRVQYdQKYxYvl6HowHACFvhjpJlt34tqmZcSKG4pOKMyf0vJ4kYlo29/+lnHFnCT2K6InRBPzxNpoQ== processed in 467ms
[2026-08-24 09:56:37] [ERROR] [auth_service] Transaction payload payload_hash=89Hjb37ej5MV4CqLDM8UakXAb6jTUywwSkJSqPyRxb/I411vrmKoUFc/0iw4sKJ2MIPGsBXSkligV9B1mNXecQ== processed in 214ms
[2026-08-24 05:37:35] [ERROR] [cache_layer] Transaction payload payload_hash=Jg+4PP7siV2YcH+PkMbW8h0nJAEbDrv9Je8sYQqKdWw2IA+wdpwU0q2zRM6m9CkKuBYqSTz6Rwptsmw3DumcGg== processed in 391ms
[2026-08-24 05:45:13] [DEBUG] [payment_gateway] Transaction payload payload_hash=uvyBpIGpJ8RwshsuF6s+j8oNR15l+vQjVFaX0yo4z4Bn9ePJA2bCPSjh4aO41Skk5NsNb+MO2rDn6qpmTAt0bA== processed in 401ms
[2026-08-24 07:19:29] [WARN] [api_router] Transaction payload payload_hash=DV2+8eIZVyQAphroSpCHwlyNrHltKX7RbUxlBuHUOf2lYl9AJ1VOYSUXRKjoxbVAnoYbrsnFVylgqaWGcEFTVw== processed in 402ms
[2026-08-24 06:40:03] [WARN] [auth_service] Transaction payload payload_hash=WDY5uKUUwpZvfB5ILI5bqjmc3yX6FcjTMuD2uDH0BgyZLOuSLLLSiR1MvwocU0CgpJbYtb8EhIfbGBqw6RZMbw== processed in 208ms
[2026-08-24 03:00:56] [INFO] [api_router] Transaction payload payload_hash=1SOxO5Io0fXpy+I/iW+XV6RxJG+HK00p0ID7bxHEIjhaWYT/ZIHfD1dnrWBn1hHt/mr2qL2/99vDwVzA/E9Rnw== processed in 75ms
[2026-08-24 09:10:11] [WARN] [db_pool] Transaction payload payload_hash=3JMWcZw/bRivpZdzzHpwS+d/ZRnGtcCvbcOSvlI7y8yIOGbAKOruylz9XPSo6BEO4ItQkRKFarI3a3fw7VLedA== processed in 339ms
[2026-08-24 03:54:33] [ERROR] [cache_layer] Transaction payload payload_hash=u6FK0+WuocZ/aVP9mCtiCxu6E5eSzsaI6aJV8GKwE2vi8S/L2fjyJo3LQxErm13yHdQiqM8HicnrUAyeIcT2tw== processed in 382ms
[2026-08-24 06:43:45] [WARN] [cache_layer] Transaction payload payload_hash=qfMJG6koDr6kqlQaOcOdOSoRXbVmrxSLWSyArzA5nU9IrOalALIW/SzPpmWoaaE2FXP0GcZJsYyQOxanU0bc6g== processed in 288ms
[2026-08-24 02:32:33] [ERROR] [db_pool] Transaction payload payload_hash=vHmksvQN0QuleQFUvVPCpZN2PaQI5YJ022IoaWWM1DLTBj5eDwzAfKEUiQsVP9hto7tsKomGwBqYYOpG0ClXKw== processed in 335ms
[2026-08-24 04:18:45] [DEBUG] [db_pool] Transaction payload payload_hash=4Cw3mb83s/9wWL/3GVN7UoeRR1zmINhcl78pDZ1uGDzAg5ngJdEh2LAcCnnPXc9HN82x7Hi6qHqnUijtGd9hLg== processed in 252ms
[2026-08-24 09:47:22] [INFO] [db_pool] Transaction payload payload_hash=UqYxG0WpzNS6qSXpdUhYsiT7kCt5qZpmK72z+8IRNHnGdHjJ/mu/9b6owtgVuqLqfck22hpupGYm0wm2XsUhrg== processed in 71ms
[2026-08-24 03:28:18] [WARN] [cache_layer] Transaction payload payload_hash=XMNpJNXQMMes8sK772kihfabi6nTjRxEIdRpO4wavCfb40VEOBXk+LGDOFRC+ATt0mhLvmrj2lRlGP/EX/7o6A== processed in 4ms
[2026-08-24 05:06:42] [ERROR] [db_pool] Transaction payload payload_hash=DbO7kNYiwFvc7fhE49c01LjQwLXlJB0GhG2sBcOV/L+8Mu3A9b0OjqNm9m/4fUyuOTMEIyDwEleZCzBemXO/WA== processed in 399ms
[2026-08-24 10:27:36] [ERROR] [auth_service] Transaction payload payload_hash=8XHa08Aep2dYMxRnXGiXGY1f7tNQCoXaU4knY2AaZ392xCawSJhjgBqFeeKizSVXIpNlveEcXRsP3g7T8KZTWQ== processed in 235ms
[2026-08-24 06:33:24] [WARN] [auth_service] Transaction payload payload_hash=o6p0Q7lzJUKJi3ER31UQ/54EzWimcBX2PEVLgjoRajnj6I7OXLfOJ7ei1ugaRLpmXA0ZfIZIuhGbNg48dh7XlQ== processed in 81ms
[2026-08-24 04:20:52] [ERROR] [auth_service] Transaction payload payload_hash=2W78LOpgXr12cK0XoPsWmEcODYWP4L2nWps7Kytg+c3mqLbRetQPATvyJd9EPOHRYJIZ7trXuPVm5JvTpEQQJA== processed in 72ms
[2026-08-24 04:35:52] [INFO] [db_pool] Transaction payload payload_hash=SQZ6rSZKrtI4MUq+ST3Yj6SbaR0ecaHLylpqjt/tGmPaRxqxTtGS7BQ316Lwi3lm9DXfqzixNjhrscRbnNF1Rw== processed in 53ms
[2026-08-24 07:50:57] [INFO] [auth_service] Transaction payload payload_hash=3TY4kpnrSrykZ2yuuAGdARX8tCAcGfQPMp9sADaJUsx0c/U0yf1MIiLmRBA34zlgCM0xz9vNcpklrtNdBa/hUw== processed in 168ms
[2026-08-24 04:25:04] [ERROR] [payment_gateway] Transaction payload payload_hash=OUC7sTYvJyHkpV/bN3LlsilMgBYJuoprvI4Jg2rUnpWG5thRJBNYIAjy1QoupM7HTmHk/bYNvwNEpnEXI1npwQ== processed in 187ms
[2026-08-24 05:59:48] [ERROR] [api_router] Transaction payload payload_hash=G+1Vwj5NHJ07ZuSAMWGF3R4hU7qmzSNgZWbmEVh9V6NOpD44LZY3XccLIy1ZS0cjpm0dGefrOT1BvaSnukPQqw== processed in 256ms
[2026-08-24 06:30:03] [ERROR] [api_router] Transaction payload payload_hash=g0jwelH9aKV1AiTW07+L21bXnnB8DXnMdlyTIdPu1pKmxXi73kvxpMc5hP0eFxbKxH2zJYAHKNY83+A63F1WPg== processed in 287ms
[2026-08-24 10:16:39] [ERROR] [db_pool] Transaction payload payload_hash=taSSRkUP2HHLQO8fIWc1KmyZJv+qDHCV99czsFd6wNCwKpVmkN2wgOpA606wCXzNz0ApXrId93Xh0d5HYC2aLA== processed in 421ms
[2026-08-24 03:31:40] [ERROR] [cache_layer] Transaction payload payload_hash=E/JmzJ4KQEjfRu52A55xgG7wkA8ihxt2YsB+oJFpzSEe208U7nJMVeMcimbgjDw/mERA0KhEP8Y5JRHZGQ4VfA== processed in 449ms
[2026-08-24 05:20:37] [DEBUG] [payment_gateway] Transaction payload payload_hash=VRCFUSZgeTPCeWKfqWQjjVovfIJph2u8mpVUHYuUs590SmIYtZW0KykUC/ERwdEdpbwdd2mMOFO2qiIHL6IIDQ== processed in 286ms
[2026-08-24 09:45:42] [INFO] [db_pool] Transaction payload payload_hash=FueRtoy1BRmk2gdDTe7dx5P9AhBjVmSbXqhXTBQtSyEUkxqXDV7fS/KE0YQK90LBqGPRE7w4Yaj0zibxOmv/WQ== processed in 449ms
[2026-08-24 07:20:20] [DEBUG] [auth_service] Transaction payload payload_hash=6QpOlPyRn+A03VOKPwesFMeFl0uC4BacuhMiDipJXnMCNKLQ3xayunPQLIXppe3E8saxV5vgI+8PpZK3PSFtxg== processed in 95ms
[2026-08-24 05:30:31] [WARN] [cache_layer] Transaction payload payload_hash=VVf/OjhFkdpTG88EeHqoOh9BE9oqrJF7MwKPikMzfF8zf/3bWNW0FKqITtHjyPM4By79fYFDM3Rm6UHoYniqpg== processed in 18ms
[2026-08-24 04:04:09] [DEBUG] [auth_service] Transaction payload payload_hash=gIvekv1AB97mQoC70jsiWpaZq39eY5gkJtAZJ3zdOUZlIitNQWIRbN0CNRvivVcboeKdLKF//DgPaQjlfI7nLw== processed in 373ms
[2026-08-24 04:42:16] [WARN] [payment_gateway] Transaction payload payload_hash=NDBBOGPof9fjaI3n/wu7zE338JW9u6QwVIWM/PRYsyNwbOx0xgV6bNDnmrbGObtHHuU4EfjAgbPKem4xRmrjuw== processed in 248ms
[2026-08-24 08:22:15] [DEBUG] [db_pool] Transaction payload payload_hash=VTNkiZbtXTiaWhko7UNF85Qg5i6jUJ5xjs1azxUqj+cOG2rZ8LrR1eSB8b5g5hz49xTb8i6HJW6RXmOm9jY/Ag== processed in 237ms
[2026-08-24 08:56:14] [ERROR] [api_router] Transaction payload payload_hash=lMWc/+xjqtkzmbCs75CjD+IfkibuKvz/O1Qn4MvqGwE9GyGiRgDmaI+f0sA37PQb5y/i4xT3ENyeHdKOHtgXNw== processed in 84ms
[2026-08-24 02:37:35] [INFO] [db_pool] Transaction payload payload_hash=u4GcqAJ2xnKKDJOESJzWcQjHaP/g4eOLimNfMQfhFmUSWXC8+Uza7v91S8n8CLejOdf1kpCIEDkxQAaXrkK77g== processed in 431ms
[2026-08-24 10:58:59] [INFO] [payment_gateway] Transaction payload payload_hash=ZEcC+Ijgk2uVBzWK/IV8V4Xu7KuPMYCn6aJxkJjJpYpHOSqWGJtK5sRoHqsqaVCDMw4m7/wESIaLnHuFaXtf0Q== processed in 270ms
[2026-08-24 04:22:44] [DEBUG] [cache_layer] Transaction payload payload_hash=60U3p8rV9WZ/ZUGxgKWUc/ujkb5UZDm7cGwBCMSAZ+Wkp9cLLSnaIP43gsrCVraKobsUyJVtBPcYtif1z8dI3w== processed in 326ms
[2026-08-24 10:30:37] [DEBUG] [auth_service] Transaction payload payload_hash=i2ZmoCtYz+P48xhjKC89sBCfsNLHgqXx76LJxf3dP3D9TkVL/RkUMO40PRJd/Eu/E9ps72giRtNgzZPBSOs/ww== processed in 264ms
[2026-08-24 04:14:29] [INFO] [api_router] Transaction payload payload_hash=oVFa9mKHACgJqRuG5W4HQGsWEQ4mf/WOSVlo5K4LpviXt38vqcyJqmTkki6ekfTmPWMBaZTdGGObOSpwxQh5Wg== processed in 1ms
[2026-08-24 11:04:13] [ERROR] [api_router] Transaction payload payload_hash=hdqU5iEN15CrWOM4rBXtbDUb+UvD/l5WMiZabXffR2THT/7mU11Xd+YEL9QQXZJ5HYyB9XznoZoO7JMQ3gFq8Q== processed in 416ms
[2026-08-24 06:47:07] [DEBUG] [auth_service] Transaction payload payload_hash=gw/SaAD4NE3QcLm27JwJZRmIh4XxZjIUEZZisNjO7qJub1wzCxJkZVCOFCThGwZINJ8Tdxfei/wC070zjtgxmQ== processed in 123ms
[2026-08-24 09:23:01] [ERROR] [cache_layer] Transaction payload payload_hash=ugqk0nuahHxvY/Quh9Ksjl6SCz493aGIgt4dCVzTgGgJ5PkpmRMdsvzO9DiuF1A3bv/Fa2Vr8OmyQZgQe3B7Sg== processed in 245ms
[2026-08-24 07:20:11] [ERROR] [auth_service] Transaction payload payload_hash=VDfwG9Cw2oDzx8kL3GU9LKk41ByVelFNpW2aY8DLQrSf1bAMAa+umbHt+c0GOJ+Hxq7VrUMXd3RLStXYc+gxSA== processed in 369ms
[2026-08-24 09:44:34] [ERROR] [db_pool] Transaction payload payload_hash=6GgTT9CenliDCzVOMk6PLc1Id/PZ1BI2512KZnig7OfvDJaiPcH3yygsL3ROCzrRyXwJfvf5AjNUUduBMb3c0A== processed in 235ms
[2026-08-24 03:46:05] [WARN] [auth_service] Transaction payload payload_hash=hGhNHRMUz65bXpEX4J75ALEdkG4Zw8ix748k/c5wAHage2fU2wbtbaXMnNxbM5T/AyeEJzdg2CyehBBgmgSQ0Q== processed in 469ms
[2026-08-24 08:34:58] [WARN] [cache_layer] Transaction payload payload_hash=UjWStbeZae6L2ri4TXm1V3kYI0OVhz6HYyL6lIRKf1eAFB9HujUSYUC80OpRWGTPngElUOv7A5t5D0AG5jJWJw== processed in 8ms
[2026-08-24 04:13:56] [WARN] [db_pool] Transaction payload payload_hash=fZHfByT45sgrK4m5jsLrhXkJ5CBHvUPdaRGkgwKfENdrslid2UjsJt1gXZerG8lkbUsuqxurxa29qqxHvwXLmg== processed in 434ms
[2026-08-24 09:57:41] [ERROR] [payment_gateway] Transaction payload payload_hash=ZfujHYK/U3WfWWo1byEXgyRzJEHPxxXFgf2DIn8bpTFNJm8AfBI7jbDPzrk5svaWVeeYMiuF3p+w/Bq5+ByeAw== processed in 386ms
[2026-08-24 08:50:16] [DEBUG] [auth_service] Transaction payload payload_hash=1PwVG2n9BxQwdnyEFQ6RtiE8f57SO5gBX/Seq39fg+o+kKmFfV73GSOVKT/7aczZt6u0KrWleaPC1BZnu2DlwQ== processed in 257ms
[2026-08-24 09:54:03] [WARN] [db_pool] Transaction payload payload_hash=wKN8Z0b78dEV9B3Rc4vmgyrJp1nuR8W4HxfLL8VnYIjKXDSncYDNXjxYT3iMs4ySGcMPrP+umDdMoMSseAZieA== processed in 414ms
[2026-08-24 09:16:11] [WARN] [payment_gateway] Transaction payload payload_hash=8+B7G1A+H2mtsIW9B3Pzc5JWfIo5zLoddxMvLIm3HyulW+hDZRTchESMWw0omabWYAsi6RlaJCO+ZfjBCbofSQ== processed in 131ms
[2026-08-24 08:53:15] [WARN] [db_pool] Transaction payload payload_hash=LrF2mhBeay5pEPTYseYBU0UubeDn4GjeSj/XYTPuzpe17yE6zNpNlEpFye2f8XkASBluGzfeAsaGrEBVUMXKrg== processed in 291ms
[2026-08-24 09:46:15] [WARN] [payment_gateway] Transaction payload payload_hash=5ABC2n33zXNyCXwSn5wLAnIA4IEu5qJCMl42FCoW9fezjYsnafxZEWLzrbu0TlAtXBQQOeSjziHAiUys51N2qg== processed in 223ms
[2026-08-24 07:57:10] [ERROR] [db_pool] Transaction payload payload_hash=M9b5y3MHcpIXR7+5+iTyNdqFcdUhXxvaCWo0OANEILHZ8NW4lZX0DjzHDkyL06me+Mw5MTfT10Oo2ebJJF4X+w== processed in 259ms
[2026-08-24 09:07:22] [DEBUG] [api_router] Transaction payload payload_hash=O/2/keiZHqxCUUQbdtjmgtX3zZwuL29yE2HoxJg/aEyh1J7yfj502lK9vQ3TQs42b3XNiHSJaKmwSsM71+oo6g== processed in 353ms
[2026-08-24 03:33:37] [DEBUG] [payment_gateway] Transaction payload payload_hash=XbB3RA/zl1+8o11G1Z0z3J2i2F5mUq8nfgKbGoiU4NUmVgt3rP1vBIVxb+VqOiebARBjwJrvIyht5z1XNjJJLA== processed in 38ms
[2026-08-24 03:52:20] [INFO] [auth_service] Transaction payload payload_hash=VG7iV9NqrAVz8PMcAQUsrdlNh9mnO57H4cHN3EFQ0/fjd8+Cdg5GhVg2L2mkv7b1oBg0WZ2JXGFxNuUqPBSRMA== processed in 220ms
[2026-08-24 04:15:40] [INFO] [cache_layer] Transaction payload payload_hash=SYqwVmwOjH2HJA0KfpK0BsxN9SLy4A8xszYDqR0x7dllqR14Y+Ew3vR/LZk7m+KIRCetuNB3Gz9bmK7k7ktGCg== processed in 412ms
[2026-08-24 08:31:47] [DEBUG] [payment_gateway] Transaction payload payload_hash=1AuOuA4g6Dj58+4J0hyOx1nMD/PARxPoAxgJQY+erYD05mJ0BX6xb/HpHu1rtiBOnsK4G+mp7D5I+SsjmWKgug== processed in 83ms
[2026-08-24 03:44:29] [INFO] [auth_service] Transaction payload payload_hash=hn2afu09LErsXkyRNTIEipw6OLKzK9abhHGOyQkeUdS5jaFe9aRjMVKkVY0HSoeKo2dk1TfVkEtHSsRCdnWiMw== processed in 354ms
[2026-08-24 06:57:53] [DEBUG] [api_router] Transaction payload payload_hash=pA6b1iMgQpb6ZSkQ9BoBw6TBkIg+oRvs5Xl9vkujoT86ZZO9jxdbPydc5Oafxa/2xBocNfzm2nOdtE3n/bnpOw== processed in 483ms
[2026-08-24 04:41:02] [DEBUG] [db_pool] Transaction payload payload_hash=z5umLxZcXilk9fZL8cX5Z5z/DAV2nbaomOplLlcOvwE9NLa3chsSjaPdmeeBxmDvFuDzlFYu9MiNLKoRwv9aCA== processed in 282ms
[2026-08-24 06:27:15] [DEBUG] [payment_gateway] Transaction payload payload_hash=w1s7Ga/PDMhscGs8AE1juk6o6/dgQdbqH2W3Wk89WXKwdhdNo7EL2ghVeJdzSZJ+ON2f5DGlGwSSKqSQUzuxDQ== processed in 101ms
[2026-08-24 07:49:18] [ERROR] [db_pool] Transaction payload payload_hash=cnvCLs6sj37PEhRamHShfCuMFfHF88zOy/xCKKET0h1cyt2YuUM6vSBx8DHW1TcO6yde9PBdJG5/ngqJoaj16w== processed in 386ms
[2026-08-24 06:41:04] [ERROR] [cache_layer] Transaction payload payload_hash=YHAtUxvoBmgTAsjetDHLgqydzFGOM+KL2mDJjrygyDfaLbidWuqOntvbzZvf/ZmvVQKmmI/275Ve0h4iKjn/+A== processed in 67ms
[2026-08-24 02:22:34] [DEBUG] [cache_layer] Transaction payload payload_hash=pRKHDDzcF/ZDFqsP//nIXAm7KETaOZFhGlm7s1A6pktGHXeBFyTNHmQwuZPVagLW/+VHQ6gmHW7xkmKsSyu4jg== processed in 330ms
[2026-08-24 04:40:54] [INFO] [auth_service] Transaction payload payload_hash=61tTZPFIPWRjrbs8nZCkrfNGgG9dOJKH7B4QbWaqlVikoIqdFIG3SKB9F9xuGU0bI59bLIMiiJHGHPNLgPmmsQ== processed in 420ms
[2026-08-24 06:54:05] [WARN] [db_pool] Transaction payload payload_hash=pY6LKHCewzc/z27/qCs6VuOHLhIT0CT7dLHV0XgU0PQVTi4MR6dytsoPXvXBx/Ve+/vqqeQLgVQySVJB8OWT7A== processed in 495ms
[2026-08-24 10:16:44] [ERROR] [db_pool] Transaction payload payload_hash=4JM73R0CI0giU1SZHbQ6UQ89GKBLqECQ6Xgc6IifjlhRT3/8tBScy6lj7oT23FkYpTa8Q3/HHJW+VtQX2TApcQ== processed in 47ms
[2026-08-24 08:04:12] [INFO] [cache_layer] Transaction payload payload_hash=/efWUxilQ9BLX8oZWL0CSdzfQjvAwMrhaaIu2pyobqAyKsnJ6zbayfn20+xvULU7A1ArO5EZuRRZNJl1Lb2uXw== processed in 476ms
[2026-08-24 09:28:04] [ERROR] [payment_gateway] Transaction payload payload_hash=TUpvRnowa/Oev7MCIk0P+8cv9DniuabFvfeTHTqj6nCMi2k28OFPoN3cNDmhUSM+UqU21d5XUVbnMb9zNeiD5g== processed in 223ms
[2026-08-24 04:14:38] [DEBUG] [cache_layer] Transaction payload payload_hash=769O67O36XTVFC/emizLlFqXAv0mijR9veLvfcjWridlLDFdT2GO684UNVy0/w35MeI0wxuJqmhJaLVCdFRe0Q== processed in 194ms
[2026-08-24 05:22:05] [ERROR] [db_pool] Transaction payload payload_hash=+g8wUqGOyyrabJOsc5EjkMZ7+5gwBFQgJBcp0lFIQUwv+Qjfu1Blp0SxtPEVgrWfwF3iblnlRz08SgWZrNvXag== processed in 102ms
[2026-08-24 11:11:34] [INFO] [cache_layer] Transaction payload payload_hash=4yavMyozu8BM5Q6gldvISn+sssch51kPq6cVfdcpw7WVv04xjMJtVYAuJHEY9KzPP/ra5N0qALKV4MQQXPi9FA== processed in 395ms
[2026-08-24 09:30:21] [DEBUG] [api_router] Transaction payload payload_hash=qMqQKkPr1DSBvQzZZzg5LDbEm/LWqLoTttIDm0MBE1E8fnPS0n+IFkay54mfreFeNmHC5bpOiOcLNiSM26wmUg== processed in 146ms
[2026-08-24 06:34:35] [INFO] [payment_gateway] Transaction payload payload_hash=5KflPC3wj8M8ZKt4w69NCXqbsUoDg/Kz9oLyMfrplOtKz5/fbH0rL2IKphXxwZK47yn57l5YV34DwQk2KyszLA== processed in 304ms
[2026-08-24 03:09:22] [WARN] [auth_service] Transaction payload payload_hash=XMEGOG9HZLLTCVpBYldlOTrLBv0sEzbrPmCdja8rxIVF1ZPmTcRfIE8MUTxDWPGnXD+Y2SzDzyJhRDEl4j5/vA== processed in 316ms
[2026-08-24 06:21:11] [DEBUG] [auth_service] Transaction payload payload_hash=n+2zqzmk41Ynt/r7Ld7pH5TSr5jBs2z+Z4qvDpH55etrvQmXrkauGq0usyqQXfzxlLr4ThQ5+/gpPqOKHYOJOw== processed in 9ms
[2026-08-24 09:07:43] [INFO] [payment_gateway] Transaction payload payload_hash=CT6+sppgnI+P0tuxftiUHoXrI8yfXj/xQKWrN7feS0uD+KoRniep9i9tiQ0V+X5zi7EbHT0p4k86UG3gNkcbcw== processed in 159ms
[2026-08-24 05:01:17] [WARN] [auth_service] Transaction payload payload_hash=51/DLWeKyCt1xN04KVmTrkM4r/VAR6qUK7EyFcdgjygW3pIvXSiHLPtrbX8zaQ5HrGvEyIPdNAN9hKT5bYLpZg== processed in 196ms
[2026-08-24 10:03:53] [WARN] [payment_gateway] Transaction payload payload_hash=5E0B78Msl+Gnd6cea3zS8/+7Wi8FGpf5SJE5ZfvJZexjcTQQcnszUI5i14Gv5u6xdoi1DHkFSS9AACx6p3/eCQ== processed in 5ms
[2026-08-24 07:37:25] [WARN] [auth_service] Transaction payload payload_hash=uWZAQMRyKZZuNKxgVREt9bmsxlQ9/yFzaWYRxNFxEljVrfePUQ+n1i0GqrMtgBn/79HeAEhI1a7GS60zZg2okQ== processed in 29ms
[2026-08-24 09:25:22] [ERROR] [auth_service] Transaction payload payload_hash=UwgZkRr03/fBCVTDXJZ7xKZIT7RhecPzkyzlYYtdgx/u/jfdQ227pTEHU3yVQSrY8ec5UoxnX2MQd6ulAVtB9w== processed in 52ms
[2026-08-24 09:32:38] [INFO] [api_router] Transaction payload payload_hash=WR9eJolYUQoiczdZvcQPitDojDF7kAjo2FqE6hcwNClk1qzj96udt9EGid7jh8vFNiIfShGsEyiJN+E2+gLb7w== processed in 300ms
[2026-08-24 09:49:14] [DEBUG] [db_pool] Transaction payload payload_hash=MpjcnVnhU+2nU11NKhoPRGdZP2DgsVpQG0z4g1i3zIPyW+m6yx/G+HQMrYK/DiQIRGywBCLNaB8b+LkJ0Ek6dQ== processed in 226ms
[2026-08-24 02:23:38] [INFO] [payment_gateway] Transaction payload payload_hash=LTsHUNVoH+i6QhfzplBR8cuH7vFXqoB0UgskTIWTeNT8Adf/JzR3XhswWL0YdDT7m6nSGobSJz6d5UFbc3RfdA== processed in 79ms
[2026-08-24 05:12:15] [WARN] [auth_service] Transaction payload payload_hash=xd6n0f87gNncYx+H2svrogkhpgzuMUTn5sVlKuy3eXnUUNi73rNPjF0n9S9DBCXzXCG539EoZpkkIfst+TslSQ== processed in 295ms
[2026-08-24 10:28:20] [INFO] [payment_gateway] Transaction payload payload_hash=8v7FjPlgUims+lXmIBl/Pcpc9ahsYhAz3IHtRFTqkZisMzK5WDQ2V5avC2t8FUoI5GNlILMakjC+0Y6huDXfhA== processed in 14ms
[2026-08-24 05:13:28] [ERROR] [cache_layer] Transaction payload payload_hash=5B3Ldi3TT+dUGbuJ6r8B6kawvUovnJo4yWdPn8nSjP7zgZCPFzu5I0EGOQqRzhiuWkz1JeflkO3s6nJP5qYmgA== processed in 225ms
[2026-08-24 02:55:07] [INFO] [db_pool] Transaction payload payload_hash=8Rbhx9aBwM7Y8hwU8COtmmOFy4o/jvGtzgmjynPeg/xTrTYQ+6YMZR1DzjAPO8fuj8DXUb60QtQSbD8JKV9hFA== processed in 377ms
[2026-08-24 04:07:36] [DEBUG] [db_pool] Transaction payload payload_hash=uuvFdpAw1OktQGiy3IohECyfwaIb/5SEBzoIcFfRfupvrSZVR2+zsRVwUg7owws0cUEZsrAmapC46qxF+OktxQ== processed in 76ms
[2026-08-24 10:48:07] [ERROR] [auth_service] Transaction payload payload_hash=eikI6TYb0TZL6pFiEOVtWDCLWIP8CGsEgJnV+1shDFjDIE+kI+15WwpY0EivTTcDPHUX1VQNeOieKiyig4sVmQ== processed in 427ms
[2026-08-24 10:37:07] [DEBUG] [api_router] Transaction payload payload_hash=ylK67NAv40oS8SA/M1gzLz4mLrN7Xek97Y511fYJiDbPEFl6qGL3/RR4FIyVcgxMkoeIaLRY+d+xP5oZ2defFw== processed in 407ms
[2026-08-24 03:52:53] [INFO] [auth_service] Transaction payload payload_hash=LJoFY0UdowzdVA8PdORIqJcP/EKEXtwCZ887L894R9Hup/DZkz/DJQr06s8OoMEWXqzBoJbaUlGLc2cfn0D4HQ== processed in 82ms
[2026-08-24 02:45:48] [INFO] [db_pool] Transaction payload payload_hash=y9/vB7LcSs7pyk7pWQzxHuwrYbFVOsnuiwY0zyoNJfxFbHJhqS8hmfMmatLY3yM7Xqols0ktGqFSTcxM3mcjSA== processed in 33ms
[2026-08-24 05:04:04] [ERROR] [auth_service] Transaction payload payload_hash=lhkYGZ74C+UojuF9TDcjq/UHoe0axa79wie4Q4L0TgiuCmiYtgCEgD3Btq8XIjoOC3dfzVytj6Ykn50dmjgUew== processed in 236ms
[2026-08-24 10:44:48] [WARN] [payment_gateway] Transaction payload payload_hash=Goyd/ebcd5OOIOV3yAlBM0DWdhucZ3n3UMZzZlXjBXfs/blAOD9f7ab4OHT1sv89sMwYQPHhrWmXg7G2vUpEHg== processed in 478ms
[2026-08-24 09:38:50] [DEBUG] [api_router] Transaction payload payload_hash=OwntVKBZqpddYxFCf6khctEkYGoErag8M1AzudL7eRDFm7qDoMSP/MRIty2zrBS9QQIxx0p1NwiUiK4PkySnMw== processed in 12ms
[2026-08-24 02:48:21] [WARN] [payment_gateway] Transaction payload payload_hash=XfrHKwrCTgEt2BKiUQW1vHaC8uQd+bkQDvV0aOc8F8vlXqWlpnjW5PEZQ0Bx/qD9E7JxkYu02Kzi1lM6kSt9DA== processed in 444ms
[2026-08-24 10:14:00] [DEBUG] [payment_gateway] Transaction payload payload_hash=BXgfbgvf5NMpoqEzvb5NnxyjW0+psV1G9cWGjy+2qpu1e9q4rOZcR87oFs/aJfv5Ce4Q1zHpHhpyE4RWHrMegw== processed in 493ms
[2026-08-24 07:12:13] [INFO] [api_router] Transaction payload payload_hash=5zv2e0JaKewH+FJucDgUIoMqzjKVO7ddjhv3Qro9a4O10x5x6HhNgYUU2M3oPGP4ugJSb2Fs4n8yjYBmsvrSlA== processed in 392ms
[2026-08-24 04:38:18] [INFO] [db_pool] Transaction payload payload_hash=WsgYBIOLtC0FOgprE+fiY8x+aM50m54fkutU0LWIh9xFn87i9D1bFd05llWDgfbstXWRw5qtydccFElnFnxiMA== processed in 364ms
[2026-08-24 03:10:47] [WARN] [payment_gateway] Transaction payload payload_hash=2vG15NMB00+EnQvusWrQl65pSyUpIQqjc3vGY3tFv358AxszzfWzaU4HyOQ9mQXcrCF1TxEedcMZA4QJZsMwJA== processed in 385ms
[2026-08-24 06:01:34] [ERROR] [auth_service] Transaction payload payload_hash=YpE5Bc2/yx0z3CN0nbR9b0LyhLEdN0aopE85bTgsjTcRiCvSaZ/oI9hJmUOrSn0uqjsTDDoKXYqSqtMLzQ+iDw== processed in 22ms
[2026-08-24 05:46:53] [INFO] [cache_layer] Transaction payload payload_hash=yBKr8BfjdVudKsyXbs6JtyHwgBNvuqyoroDTQpPnqJquFxUH81MJNLIhcHplDsG/zpALTerXio1uQ4ZG7LMHqA== processed in 39ms
[2026-08-24 09:02:14] [ERROR] [api_router] Transaction payload payload_hash=/BAgw640nCN/C4BTCZx5lByP4c5mOlo5wyzgR93cD5DYKgLU+CMMrufF2G337t5KTfbGah717N4AXHaiILFwfQ== processed in 199ms
[2026-08-24 08:09:08] [INFO] [payment_gateway] Transaction payload payload_hash=a/KvOcsZUcwXABJ2ug2Zfh0JOtcgaofQHn5hu9Bkam4WJeA6Scg5evxyqe9sSVYOTg+ZtU4HazM9auAfNa1GvA== processed in 433ms
[2026-08-24 09:48:24] [DEBUG] [db_pool] Transaction payload payload_hash=7pA4cu1exa8a/kk6dX8gPS9bIfHlpYES38Dd5bs3uRTcZ5JKJMW1RrPA1VjEWKbX0zQk84qHtvpCaf/4ch8TKg== processed in 484ms
[2026-08-24 05:09:05] [DEBUG] [auth_service] Transaction payload payload_hash=jvaQvtxs07tSCqIZafg7HfwHkhLyvJUwNzpKF2pATzeHfhC/KpQUBIBo+lESMDMF987Ji81zsaPq0OWh3jenIg== processed in 100ms
[2026-08-24 05:02:27] [INFO] [db_pool] Transaction payload payload_hash=vDdy2Kyy+dZvQIwfNu6PJRN6O3IQr2rWIeFfHzjJkaxImZMxfmgt6PEkJ9nKes/KLibCbal8soElFSgL8U3waQ== processed in 416ms
[2026-08-24 05:58:09] [WARN] [api_router] Transaction payload payload_hash=C+fMGiZ3MYcNQYLQJdNyu5Z+wcqMoWZ3a8cKkuxaq36cjbVbTQCX+Mc4NIIha0vxnRrTZZ83WPXsnZr5BsosFA== processed in 456ms
[2026-08-24 05:13:07] [ERROR] [auth_service] Transaction payload payload_hash=HtcpARN6u69Iic2EMS2Nwx7fGR/BapnmkyZOwsk9YmSdZJ8bxVv22Nld5Cq4NqHNULiDjcZu2PWzyRiMkYLjhg== processed in 316ms
[2026-08-24 07:28:28] [INFO] [cache_layer] Transaction payload payload_hash=sbuNWJCv58cOHnc5cJ9BNF40jXa85LYskDshnGpQPJclVT67W7HG39b90d0E13V7v4QcsGf01N+eTjKvQ2PRLA== processed in 435ms
[2026-08-24 06:10:50] [ERROR] [api_router] Transaction payload payload_hash=A0FZPVCRREBBs4PjFh793SHyoEdNv5SMyoLYyxOdY4IKLkHIx3k+46MxFa+laX8R18SOzipioP7EbNSgObOjAA== processed in 148ms
[2026-08-24 03:58:30] [INFO] [payment_gateway] Transaction payload payload_hash=6Tqr5yAb8PYL5krUPo2KeIypVGBopFiG19xJPp+aBYJG4Lr1dS8P6brNXj2RDCFssOz/wwS2AnZvpkPQbBvDZw== processed in 303ms
[2026-08-24 05:25:34] [ERROR] [api_router] Transaction payload payload_hash=wBGvsd5qOyQ+PCICesLOEzsRM30bR3MfTW34YCV6F+bgtch71BvzeSIp1ZZ5EETJrCeVAj4Xkh1Z35RH7gsH0w== processed in 291ms
[2026-08-24 10:14:00] [ERROR] [cache_layer] Transaction payload payload_hash=I23B+CYhu8iFwBLgUa0KuABstfFAZLd3Ji/s4NLPSIzzJZ9geqoHjmSHfvTpKSCieX4H+fPCrUhtKSYhnBtw0g== processed in 466ms
[2026-08-24 10:34:23] [WARN] [auth_service] Transaction payload payload_hash=l+yRZmwEUlcp3z/F5gqG9RhyyiDyLF04AwWOf+msTXTWGTGSNPNia0fL0nUO1ZCH3a8Kiv9qHMkcz4sO80Tl2Q== processed in 197ms
[2026-08-24 08:40:58] [DEBUG] [cache_layer] Transaction payload payload_hash=Yggku+ohDRkw54qipqa0zXk57JnjYSpamgxgtOTn8IcOw3EN0PZiLSgtnHl19grgQa8FTDlZllTVQhm96ybrQA== processed in 294ms
[2026-08-24 04:37:33] [INFO] [auth_service] Transaction payload payload_hash=OL18pgaXXhwVAgizDgbzJPnIfGBljIN12wIwsLMgOnZY7uo2ZCEH6stR6hfnqP2dSWa1Z+gXlpPq9nSdrJFNaA== processed in 326ms
[2026-08-24 07:56:35] [WARN] [api_router] Transaction payload payload_hash=VTIRt9gfE7y8JUskS9sELUXBND03WFWrYgfeqkxe1dOgnGbEWg1KAwIk8NRNvu8mS3cch5jQw9oF0+AFvik45A== processed in 59ms
[2026-08-24 05:36:58] [DEBUG] [api_router] Transaction payload payload_hash=I6vAHTjOPHFa9wtJNAfdi6alQhgHmjV7lOUkRzrCWn3FOE3DNfMcUgFat20VDqfutym2qGIB5u2PTUbiI6hXqg== processed in 222ms
[2026-08-24 04:13:08] [ERROR] [db_pool] Transaction payload payload_hash=6gmZ+KOupSlJ+SvDHYlR74RAEsfnzmOm7n2wFuXJUby65lbr6C1vOQA0/jv5X5MdYO5FbyWktWbT4wF9ZgLz7w== processed in 68ms
[2026-08-24 04:05:42] [DEBUG] [payment_gateway] Transaction payload payload_hash=8ps84WLJKolItObK3raTq1yIoEvFGz4Bsa0t6kSkQ/QObO5maIrZb3fK+SlmMAwpwoGu4ElmyjBnTmS+BlVt4g== processed in 198ms
[2026-08-24 05:20:06] [DEBUG] [auth_service] Transaction payload payload_hash=aUTW5009zhQlBcowduL++cU/2PiQRBYmi0X1Q4aqxfd7aSrkdc8kGjBypR896CzR8xqXx1RU/q0v+n7r45+iOw== processed in 106ms
[2026-08-24 03:41:40] [ERROR] [auth_service] Transaction payload payload_hash=yb6MQLLDqvDcwbbPDwftPwJzqGC/ivyZ45VL1pMI89u+oYLAZ0tWyh88Xm6cMA4CYpqqvG6DjTRdJkt8YI8/mQ== processed in 130ms
[2026-08-24 09:20:14] [INFO] [api_router] Transaction payload payload_hash=5RkG2rt51bZE1I5dy8iMK8reU70IoMX2uby3B5uhF1Do+jOnr3f7dhFcQKgiARixSFkbS0xaGCFvxo7FWF08Jw== processed in 192ms
[2026-08-24 11:03:57] [WARN] [db_pool] Transaction payload payload_hash=52AGvmYAp+ngh6jiG4UP5uN5H8gVCKfo2XG78FGaxgCOr1WrO2r/KXZHK43x55K4T5U7KWmYhF8u6K+zQih+oQ== processed in 355ms
[2026-08-24 02:20:36] [INFO] [db_pool] Transaction payload payload_hash=CoqGx/xUk+5G7YBR4DsWPLa+JlGuR7twD/48Juxm6QbGqiG5Q2LYz0A991QeGGwsRewE3o2TQA68XEscLMFpcQ== processed in 257ms
[2026-08-24 10:08:16] [INFO] [cache_layer] Transaction payload payload_hash=ciu7qrNBB94H5DvU5ogKLK17pMjp0JRxmPpecu0Mt9+Lebaz/xTRktseRg7uBmXwyK3ZpeIFHyHAxVZ9LWCRbA== processed in 397ms
[2026-08-24 08:10:51] [WARN] [payment_gateway] Transaction payload payload_hash=UnXBBnBasYys5svRVz/eAvhx027wnpalaxBqEhbvYSD/xZGPoL1zcEHoEGkYcRgKPdkD6cTSLoYm5BtRmDWvRA== processed in 443ms
[2026-08-24 06:27:50] [ERROR] [payment_gateway] Transaction payload payload_hash=b0TJ1FZljHlWtMsNXo8mp+IGSy8rgIRM1morlNiL3xWpHy+oUyLSxmvwMGzuI4t0B+RNoPIjeqfnk+gD06D90Q== processed in 1ms
[2026-08-24 08:21:08] [WARN] [payment_gateway] Transaction payload payload_hash=VZwnN23zwyD08mEpTlE7hdw7nu5eZV1qBZbzn5EsWIhnUR7SN0JvVA781USgbfTaSpgFsEd2pog35ZsKySk05g== processed in 257ms
[2026-08-24 08:19:10] [INFO] [db_pool] Transaction payload payload_hash=Fz50KqRYoTE5zpan4DbdFrCP97iyl4fyGooePwI8WPpt0vZqRiG8bIL69ynADvdLmUNSwaJwUAA0vMPMUn14rw== processed in 210ms
[2026-08-24 05:20:49] [WARN] [api_router] Transaction payload payload_hash=Um+vvbGCDAIcItyA+1rMcJd0dq72MYTjlhKmS4PLnzxV6RV5zQWxUJeRgwtvtBAaPEY04xlNtjsQLdYnpHbCWA== processed in 436ms
[2026-08-24 05:54:11] [ERROR] [api_router] Transaction payload payload_hash=xhFsSPD/owfRaOkINm1yYSGLplUcn4KjolyTl7kwJ+dG8hk/ECvcv0Ctead2VkJoGCQpenKgJRrkGXYOAo8W8w== processed in 304ms
[2026-08-24 05:42:25] [WARN] [api_router] Transaction payload payload_hash=FELPgTHT1TUyfht0at/SDvJEEz3LDcCtCEQFGcmzYhUopqPT069OxLpQoYFh0WjaCAQ4vwYI5UMF7TbjyYTyig== processed in 358ms
[2026-08-24 07:03:54] [INFO] [cache_layer] Transaction payload payload_hash=YOu+qNTYgEzBHXKDABloESJ9EzQXf8VlZu0XLZggbeq6P3TcbYuey0rVstQi7HOxQV7SyLw42Vceg1GDo7Tm3Q== processed in 222ms
[2026-08-24 04:07:35] [INFO] [api_router] Transaction payload payload_hash=MocaKAfLDhDOScX9DUap2l5a/8PesBAgjO+5o9F/x2QokeRHaait9ZDuo/K/XV9S10iMrjwv4gSg8r7naWbiTQ== processed in 91ms
[2026-08-24 11:16:46] [INFO] [auth_service] Transaction payload payload_hash=vD92r9z5qGWRtJzEooXnQ01woDSiEpnS3++o2kqeHcDCMYZ4NSUeT6RkYM9vLaLleQ0BZhmQelUg1WSb1F/lqA== processed in 82ms
[2026-08-24 05:46:10] [DEBUG] [auth_service] Transaction payload payload_hash=czD9Bv/bwoQA3yvVZH5qQp/ghoTRLi67RW909TW9S1lnFdI5L4sOaIinBipKrKRJssdTxkRINcxsJ1Jm/D7O0Q== processed in 435ms
[2026-08-24 09:48:13] [WARN] [payment_gateway] Transaction payload payload_hash=v7ZkQxLAf7zwyiBXWe72K7H2riGwXT+BdlCndnyqFllyddcy/xIlZJNwVLXe1MQusJnqcVKkBt2dB2o/cwlVPg== processed in 91ms
[2026-08-24 09:11:41] [ERROR] [api_router] Transaction payload payload_hash=ElyxxcsSAYgXucVZrO3UxoRUButdxYxVuQTV1b9cUXV8MVeJEmWeITMt+KfDPInU4c1pJm6itc7ugOWy+NnIqA== processed in 117ms
[2026-08-24 09:48:38] [INFO] [cache_layer] Transaction payload payload_hash=/Tl2mbKEdT/J214ed5KbwAYJPDSjMIr4JAaZ1QbYr2bFTWlrdQobQAW8qRqPl+pH8pMGTc7J4YWMlQMgcWwQxg== processed in 131ms
[2026-08-24 08:31:51] [INFO] [auth_service] Transaction payload payload_hash=VbdVSnae9NPJ8y82cjqu9U+cRrnqTVM4Jzs/NB0yBxSY8VN5G+DhtN76RM98m5d5Jphid1HCxn367RH9bq4+ZA== processed in 134ms
[2026-08-24 08:07:07] [ERROR] [db_pool] Transaction payload payload_hash=kq057Js2DzyCUl2pXK3FmRIA+w45jDkZk85uu4IP+ApLeExHuziSI0sXQu6fR2ksnYsiNQ+phrOr9kfMNkemJA== processed in 270ms
[2026-08-24 11:24:58] [ERROR] [db_pool] Transaction payload payload_hash=+YY4PzVzOt2eTLeTxD8RTSx9lKGtYeaM+Dk59hGpqoTEb+RV4KyzCawcgmEjUDZjlcwtc4GOUB+JjCdFyFl85g== processed in 34ms
[2026-08-24 06:29:06] [INFO] [cache_layer] Transaction payload payload_hash=6367qsQE541Z7ykMuN5Jj7nWbxb3Y5gKgT6zrCmrzaiYp2ln+mCCRuH2J02zJP1q3ARzR3j5ABI7CIHQzPNyqQ== processed in 37ms
[2026-08-24 10:01:17] [WARN] [cache_layer] Transaction payload payload_hash=WXVVIA8/61ObYv6nNfio600DzO9irHOKkA9mJ18w/Luc5q0whIXxRqSHRXF5TT2r0B9SBS3Wd/l7/8yeNGKYew== processed in 69ms
[2026-08-24 05:14:44] [INFO] [db_pool] Transaction payload payload_hash=lcWh+awbLJfszEYBVFQrm6URrGJRbWx6eDQKj2HSugncrribUxowCa8IYyxsgThOTJqji7WTD2jZyOfHURrdqA== processed in 84ms
[2026-08-24 09:49:38] [INFO] [payment_gateway] Transaction payload payload_hash=yom2iksJDykkiR650yQ1TyZR5UXxaGMBGTlNRIgx3Wrua0hR5zlSEDeyaLkqdKrr18iC+CK5JDCH1k58nGfXzA== processed in 152ms
[2026-08-24 09:17:23] [ERROR] [payment_gateway] Transaction payload payload_hash=+11Ym8ExiRgfPMiXXuDyaOHS4ObRybE+LE3gxgqgp1inYm4xR1mYy7NpldMyxfQVs5hJGh5lgrCDqJVAIWNeXA== processed in 388ms
[2026-08-24 02:51:43] [ERROR] [cache_layer] Transaction payload payload_hash=zFInugPmjGSnk+0KtZSxb5M6ycMydsWW3vD6uWCYK2RSuZGe97oECho0w/mE4nPO67aKlAHEVLBvWuHkn1YQ5g== processed in 499ms
[2026-08-24 05:27:13] [INFO] [auth_service] Transaction payload payload_hash=IObvnyY8aNZp7FjYSfMZyzZ/RZhhPR/hY02mSbZgyqIMyJyORS8sj1TlJXjZ3XOs1IHx84K634PgETfmElk0ow== processed in 183ms
[2026-08-24 07:34:21] [ERROR] [db_pool] Transaction payload payload_hash=zpw3e/WvAaRcsVbv63aJviU/RmUyC3Jk00mPW3mcyHZQdePnUhhj01pc5OpwCN+bqzYlptSI4e9BxHZAGKU4Og== processed in 431ms
[2026-08-24 05:42:18] [WARN] [auth_service] Transaction payload payload_hash=JCwv2YCBStOL0mecw9FNTXQgL6IFGCHaSFWC1NAsUrzmBUFgwXKdgfnoNsJ0weoaunVL0iMXUypcxI0++hsU7g== processed in 457ms
[2026-08-24 11:04:23] [INFO] [auth_service] Transaction payload payload_hash=DiEzY8xKgdGWokm7KObMD4B3krKWxem2FYBBcB49+qG6ECo7OpA0KbBJvJHnU5vcXZj/1PngAosBAF3zL+vcVw== processed in 306ms
[2026-08-24 11:07:46] [DEBUG] [api_router] Transaction payload payload_hash=HQoFH09ZLev7SiTQOUPRX46r1nXpYAKjyMW7yPrnYRoqgdwoLPJWm+ROwtL+UUX5SELpKJ5AUlrsgvvVIBWOnA== processed in 64ms
[2026-08-24 09:21:31] [DEBUG] [db_pool] Transaction payload payload_hash=lNBc4oY1YKTkJyiGi+vExgk9inZyW0hiW/SPScXIUHw+e5dwRbBaPnqkkz8eE41XUFKHxOhvOryqleevGKa3dg== processed in 196ms
[2026-08-24 04:45:41] [ERROR] [db_pool] Transaction payload payload_hash=2SFXzrJW4DoadTO6cyWUe7UaNmxm5FDvhhu6uSH5v8enR2bW0KJHVKDtx0XLoE+tlyOzhZ4ATFZ+YWf9uPTrTQ== processed in 272ms
[2026-08-24 05:04:52] [ERROR] [db_pool] Transaction payload payload_hash=pvjZs2TV8IZ2kEnKahvCWYgO66ZPfx/GDCLrdskjd7Rbd1f2RYK/1GyFaeKY5g/4V8VbnLnA9HX7WogNwbLlaw== processed in 62ms
[2026-08-24 08:13:25] [WARN] [api_router] Transaction payload payload_hash=nFGuE2NT+S7Usx5MeJDQh54mLP8ZK9okM7UbW0jawoI+/5RqzzjHbdBOOhv2p/jsSMxYSA7I6LW9e6mZs1zJRA== processed in 325ms
[2026-08-24 06:51:17] [WARN] [api_router] Transaction payload payload_hash=iLGKjlK8Z23Eltw9FOxQ2U2R6AW0cTqzxGydOAeO7daRH3HA2RX2N+UB/jbgS8SeaaEb4wkjxSRBCcHyhSZIuw== processed in 395ms
[2026-08-24 09:04:25] [ERROR] [payment_gateway] Transaction payload payload_hash=jQ/c33FGMtIsxvCBIfxCgLgZUNTyL2vL6yUOMV3kx6J+g+sL5j1Ol0SKQbRI2YnayivCp/JbKng1tlxOrcl/5g== processed in 31ms
[2026-08-24 08:10:07] [ERROR] [db_pool] Transaction payload payload_hash=GgcPowiOVVF7QENG1UzYTnGwYFSs4biyCnjtLJyGKnj3c72bu2dUKm+Hpk/te3+TbHQjHtHqdoyDpMQx0Fo38w== processed in 18ms
[2026-08-24 09:03:50] [WARN] [db_pool] Transaction payload payload_hash=jNbGP27OGfuOolVwgBonI7nAwUfa7wcmx9iPoMRJpdYQJfEf90GttXtpl7zyACxMaatfl1X3ajdGDXMqe7ivCQ== processed in 66ms
[2026-08-24 02:56:00] [DEBUG] [cache_layer] Transaction payload payload_hash=vVW8zQiI8uoivAvv3uFWHsSJGK3r3ut+kDrbzS9/P69/I8Ei0qKq+ZArQsrTQyMhbla4oKJh3iU9BHPXDtJFtA== processed in 280ms
[2026-08-24 05:55:48] [DEBUG] [cache_layer] Transaction payload payload_hash=LeS4dd0B0LEHq4leV1OvGGDo6QDr9N4gaSVR/wZILViCLM2DsDAE+UdV2FUjFxSbh1NciziXOpohC07BD5AU3A== processed in 351ms
[2026-08-24 05:21:21] [DEBUG] [auth_service] Transaction payload payload_hash=sR+NztK9My+G8fx/q7ZSTPoZ32hQZIsTtRUdQAjd7rsNU2A2Wf/Fj1FfQQv5zbHHSb3G7R4OKn4z6brBmrtByg== processed in 275ms
[2026-08-24 05:57:11] [INFO] [auth_service] Transaction payload payload_hash=u3s351yz15XLPgMn868AisoV0iEW6KC9FpV0Wo3hQxVPczjvuuT5W74gydwxPQ8EeHChjzdn2F8XpsPJIlnjCg== processed in 71ms
[2026-08-24 11:05:30] [WARN] [auth_service] Transaction payload payload_hash=deidnWZYT67L7pBBzFW1OkQhPrsqR88vo9sltqP1wWnn08wMDHQP4oaM+zNEyJbhoJdtiJtE3UgPKGOA53pskw== processed in 55ms
[2026-08-24 07:05:00] [WARN] [auth_service] Transaction payload payload_hash=BdPDCsSuXwRFuspimhJYQF4HSmCf2CLjk7ufoM0qylKmtJgpRIK0ehK1lFClI4Co6AhVNzvLUtXTWhssfWgutw== processed in 301ms
[2026-08-24 04:09:32] [DEBUG] [db_pool] Transaction payload payload_hash=bt9wWdlZGfPRdEeKLM4N8M/Fs/rQvuDb/zuJsvqt5B5FSD9h7O84SsC+m19ZnaqZHd+IyXsMIkg7vrf79asocw== processed in 413ms
[2026-08-24 02:27:57] [DEBUG] [payment_gateway] Transaction payload payload_hash=ydWFpafEtH5t308DjQcGXghuORGbCaIhhcJg1TzZl1dsVz1IW8MgokeXvufhRiUT3BP8HrihRczLASE+kb/kpg== processed in 360ms
[2026-08-24 08:05:28] [ERROR] [cache_layer] Transaction payload payload_hash=1k13EqZGAccJKOy++lSid7UVhix2dhbKl1dmmeBaeNGdLQXHhIeAvCqeXHduCx1iy3CV0IIcFBXpff2/dyNAAw== processed in 333ms
[2026-08-24 07:36:55] [INFO] [api_router] Transaction payload payload_hash=XMh7CSuJ8HSPRHD+pcDpvtj0X2s8c1m7pg6XUFeCuPpvMbe2HEJ2ApJ00YopIPfhfO8JM1aIbjMZAnArarfDmQ== processed in 22ms
[2026-08-24 03:19:26] [INFO] [api_router] Transaction payload payload_hash=JIrhImHw7vLXGg01r24ezTJT85dmo4A6ZpVY0YtJP4sQmasiT+rsXR/PL9jJIQL3mNBXRLs3jhEcUcalg0mVsQ== processed in 158ms
[2026-08-24 06:47:12] [ERROR] [payment_gateway] Transaction payload payload_hash=kEQPH1KWUbcNbXPmfFW+5V+53UrWWnfzLXIv6yTLnNIvasgZoa/43i22IDT1DC/pIuoY6VnPiBDGKkyV8K2qrQ== processed in 297ms
[2026-08-24 07:03:33] [DEBUG] [api_router] Transaction payload payload_hash=d+CC4sJtU/I95VATmBpuugzqIecJ8cSbu2wtVD3xNjbNKFSCHEPAz+YEYSEvIIANdyFS4+a6ynbOa4IQ7xr4wA== processed in 165ms
[2026-08-24 06:41:32] [INFO] [cache_layer] Transaction payload payload_hash=lKqg2RwDcDttAybQ/2CqdEEGvjUlDjm9BfzUO4fij+TDCZgwtLNC9L7pMrwT1MjDlm+IkSev0NFyu0v6JGxPjg== processed in 415ms
[2026-08-24 04:18:28] [WARN] [db_pool] Transaction payload payload_hash=aesZPFDckdUcLIyEN36PCnKsiJ7zKx7EWGH+kMEVV6hn13Yw1hsOVUkjj06f0QXRg3VlPcnU5hs4W1CLKcxx/Q== processed in 318ms
[2026-08-24 05:08:37] [WARN] [payment_gateway] Transaction payload payload_hash=PGP2F8BQzrF/GWLbQMSssDRt/HhEZui+Rh9jxfbmmPq4oTRV+VC7zpJSaKz5Hvs6ADjAhSULC1dilLqqnQ58pg== processed in 397ms
[2026-08-24 07:07:22] [INFO] [cache_layer] Transaction payload payload_hash=CSN56OKaF/sqGLCa9zD0VbkrNvGK265Mg+/nVHhl7kBHKwY7RaiN19SX5w90KycGXsyF02wRSzPjGVL1r+1tRw== processed in 177ms
[2026-08-24 11:07:50] [INFO] [auth_service] Transaction payload payload_hash=dlyqyQk5pj0ojvaM993xuuoT2MiRk6It+ebiHZ2aX7W5TtIMz+C67kp1/YkFcQSw0GySyU+GYZphO/R6Se1iqQ== processed in 197ms
[2026-08-24 07:07:44] [INFO] [cache_layer] Transaction payload payload_hash=PzAoi1UToz4nEK2vPOJA1tUJ4D4JwGQ9yZtpSpTJXX2eSY+LZ+pM4SYjhurTfZbXXFu8jzERqCNZhs9AgQfxSA== processed in 414ms
[2026-08-24 02:52:32] [WARN] [api_router] Transaction payload payload_hash=nsi8zrgizyTXo8a33h8tjIGJtBZzH8f8rlWzYV/ZMN8S+741fnsZbRwaXrIjcG8IQgIO60DJNgOM583YOtqQ6g== processed in 419ms
[2026-08-24 08:51:14] [WARN] [auth_service] Transaction payload payload_hash=G+X9psaAPa7yTc9vhSagNnI40gxDKlnvZ7BN8sOv5Ory/xmTsLsezFF2Ce0uRZgD+mU5U+nbWDffXE2CXSxVhw== processed in 370ms
[2026-08-24 06:38:27] [ERROR] [auth_service] Transaction payload payload_hash=ETFNMnouHZq/+WWNEKJkt0Gnd+/AAJoxTfXLgHQpi48GT6jPuEHEGtzKve621yrh4ViWGUcUWRU7ZQTon8PA7Q== processed in 128ms
[2026-08-24 10:31:51] [ERROR] [auth_service] Transaction payload payload_hash=tRZ44PQUBF3yb0juYQGGG5/reZaLqB1IQgSljMrrdCq4yrDtJf0V3raeVU9bj0ucnrrVJU3gCrSGVYJMhWaD9w== processed in 341ms
[2026-08-24 05:44:07] [DEBUG] [payment_gateway] Transaction payload payload_hash=WzURO+DLcF/tiA8jDY36ZY1XfM7Cp0Yyk8oe0g9vIa7QMQjOHumunBgRaC/7NfbEao8Mj3Fdv8pJQemgnxWK7A== processed in 111ms
[2026-08-24 02:40:02] [INFO] [payment_gateway] Transaction payload payload_hash=pjOlqtQKcPnw0r9aaFHi25PQKJcsXnNLxElFExlSieIYqCaIRil3cimxSdiqNS9rZC2ijW3L1QqgI3FRZ2kXfg== processed in 205ms
[2026-08-24 07:55:50] [DEBUG] [auth_service] Transaction payload payload_hash=ooUCmB9IL3RGjuW0Yf1XXDVVN3632Yf4sgvKdIZQlbBizEHhugOjuIBGz5/Yvwde2huyS0wuGKn0Ta4wEiJEyQ== processed in 38ms
[2026-08-24 10:37:40] [ERROR] [db_pool] Transaction payload payload_hash=3zG6zqDqnrRFfsH1bSEwD4nMAN0+q/urU2rYlb8WJmjDhEWXz+YpA2t7afZsb93Qr5XJO6Xj8kpo3tsQ2Os8Fw== processed in 134ms
[2026-08-24 08:16:29] [DEBUG] [api_router] Transaction payload payload_hash=LJtgFds0Px+TqrOkDM/C2H1rUZTJgLPmDLl4kx3XtSIOtlJIW4Ip/NBv7y3xXQSWwKpK94u9rQ6BRXQ8vL+9Ig== processed in 81ms
[2026-08-24 10:32:38] [ERROR] [auth_service] Transaction payload payload_hash=amrIZADWdwvGEplgF4bmmfsDxBcUnD7Ngijg8abLAEdR5G/6BeJPlj89F/po0ucR85ecXCfzJ/V0L067KwKUcA== processed in 62ms
[2026-08-24 03:58:42] [ERROR] [api_router] Transaction payload payload_hash=tB9tkariEygF4HoptCyzkCGHRVc+uXgbt7rmV3NOae0GvP+OVEgEjFY9e4QFYFU/JVqtHni31qiEthFOuGeHqQ== processed in 281ms
[2026-08-24 10:42:43] [DEBUG] [api_router] Transaction payload payload_hash=oLRWciJaBTJsp4rtRQbo95Ne5Vh8ezD2pi4E3kyKHGt9VmfKdHM5oa3sqZxVL6SmLOSgBqF6pvIEOXRlgQinPA== processed in 188ms
[2026-08-24 11:05:14] [DEBUG] [api_router] Transaction payload payload_hash=krdUYEiIURfpT/2EY3ohMe/J/MIWpU2eHLIernqe+uRksbmOYulZeXjRIO1fbGe4ngjQ7AiyA7ie4WdiIs6KUw== processed in 200ms
[2026-08-24 10:52:14] [INFO] [payment_gateway] Transaction payload payload_hash=B8MplT9T+O6DtGna0A0hxIF4vpm0aiK+LkxLa1Ni0D1feVQidsw2xFPrpkrqVq/nbtK6gINvzUk9ifCQUD08Og== processed in 401ms
[2026-08-24 04:14:24] [ERROR] [payment_gateway] Transaction payload payload_hash=OJPDksv9r3DIesbwyLYiRTTnk/L8cYXyjNKqvfkufyRKrIAkQDSqO8vxskzm+T8UgKMHjtVas90OL446Dxi86g== processed in 287ms
[2026-08-24 11:17:42] [WARN] [api_router] Transaction payload payload_hash=9Cw6nfuGrz6ptKWqcPkmp4s217MoBhxsniwMQVP9r1R5T91o5lMCToUkwxMaXQFjMyl4e14ElxuPt7uoAb652A== processed in 58ms
[2026-08-24 06:00:34] [ERROR] [cache_layer] Transaction payload payload_hash=yZO3tk8UjeFP5WAokjWXLU0bTmAgmui/7ymiG+ATHhVD/I/lHJxLMc6aYuLU3Fr+fxJoaVjXydVwpjcxWN7leA== processed in 329ms
[2026-08-24 10:37:39] [ERROR] [auth_service] Transaction payload payload_hash=/SXAvdbEY2f2ockPcdkoEwojO/SORZOQ3WFqSzpw0H4A5kDbM0/jYs3EOm683E+mWQ3NFwqcIqptuiuLQ7NbSg== processed in 158ms
[2026-08-24 11:07:52] [INFO] [auth_service] Transaction payload payload_hash=9I//QJgJQNkXdUqbWRO9Bsn1uS8HQTWc9IcEgs9T2vKoWQ1PkPEzEF4RnrSH675hqaSeWg3IS6vjGeCdNSTSOg== processed in 371ms
[2026-08-24 05:00:14] [ERROR] [payment_gateway] Transaction payload payload_hash=McgjqOWDmqDgl1MhY/uJ4bfQemirk53ZiAtudeJpiKFXCbRhJSZjcPlcm8qvhs7qPc5utv8/viknO6qDMr/yJw== processed in 368ms
[2026-08-24 03:43:51] [DEBUG] [auth_service] Transaction payload payload_hash=I6Zg2W/+GMKj67I+H1RmX13CIL7QXnwjO7GXBAItjwL6AFxPhXAtA0mcyELA4YhhJCmFHJZ7x30m2Iysihs4Rw== processed in 213ms
[2026-08-24 05:24:03] [ERROR] [auth_service] Transaction payload payload_hash=7xxZtAc7cuNj3r4xqSUDrqErmrxe3/UkeTd0BT56JnebeIlmsWo4jQo4c5/7p/lYtR6ij1yN4KJe1b/BxwaXxg== processed in 474ms
[2026-08-24 07:06:19] [DEBUG] [payment_gateway] Transaction payload payload_hash=/EydEWMkdlKZiH4+Juqyc8J33m3bP3gPVqo+U+NtSvKBWe0R/vev+zDUlQ9lgXacbmWUmlttYpw2cMwOLbiqLQ== processed in 253ms
[2026-08-24 08:55:40] [DEBUG] [cache_layer] Transaction payload payload_hash=sKQ9bMb5SEKhzXECqHe5H7RzX0jIBiS8dlKosXTigiN4tNClJk/k4Eg40Y27S8GPKxFnWHRFf0dUDzOxahNnBQ== processed in 98ms
[2026-08-24 05:16:28] [DEBUG] [auth_service] Transaction payload payload_hash=wHvEbQBCXUrDh7ZptxwGHgDGYsA6EUsi+OxPOvjNHkmMITENG5UTZ0qYpUzc7zNf3Nga6MAl0WQPleAEfLOMvQ== processed in 182ms
[2026-08-24 03:36:40] [DEBUG] [auth_service] Transaction payload payload_hash=sIrexFaGe0yVZ/eUlzPuotqJTYkDCdQQZ7ouY/KSkzGADD6rkkgjSU20iciAy0biGMcJZgVyxNkZ0Uvhre33Kw== processed in 142ms
[2026-08-24 09:20:00] [INFO] [auth_service] Transaction payload payload_hash=Fjg9jOP4/b8tEOK81evvQBJs0uxzBtcxJBHGvSbWQSSfK/yiLNLvHqGUGMiplYx8Gea51+8pBfD1nC6QfQWnqQ== processed in 241ms
[2026-08-24 03:58:06] [INFO] [payment_gateway] Transaction payload payload_hash=CGSKhSCll6IjbnI0FDDinbm5YSnyxJzdTQSA/oI1DAx86dTRsYpzH71B1O8FIFcc/zWt7+irb1pHgfJk5OjZ6g== processed in 175ms
[2026-08-24 04:40:39] [ERROR] [payment_gateway] Transaction payload payload_hash=aNRwFDfDPg97jKSppL9vaydAkAHxZPiASxTYavxk+V3hvc9BHnh8tWc6vE9/KWld5OHpDZCAykhN6BZV5cO9og== processed in 194ms
[2026-08-24 09:31:52] [WARN] [auth_service] Transaction payload payload_hash=A1Qf5utSmEtcbbTF3tQuG5n8ZBo1AIVfGIrNOtrEA+LMW9xfPinKiSjQR5Y45PTdCd0QAOWMPDqfILOb8d/f1Q== processed in 37ms
[2026-08-24 03:23:42] [ERROR] [payment_gateway] Transaction payload payload_hash=Hk/AWNc7PaPC29+K+zeDGpBTADmdKXcVZnK/i9Oqj8GCI021annbKhvVYWHsY0sCGsM+/sSGhKhzqVdKMoXfvg== processed in 107ms
[2026-08-24 11:03:51] [INFO] [payment_gateway] Transaction payload payload_hash=6zI8YvZ6xlETXs3bzsYi5ze8q2r8CvzYcVoh9qgTdX3vGiBzgtmRNgcj6ZkHqmMFqYLAshZEXCH9L9d/m/5UUA== processed in 451ms
[2026-08-24 10:15:03] [WARN] [api_router] Transaction payload payload_hash=kttToTWJwT6jAyoQY8Ir9+1gVgmVMdWvSShkX4+lvUHb7thGHYyYQPaK4x1HVcVuDfXQfjSB80h91V76fmPuuQ== processed in 23ms
[2026-08-24 03:42:22] [ERROR] [auth_service] Transaction payload payload_hash=mbYMZAXAqg+T5kjdusUOAcT4ecdybE03bPG9HVnWVn8GNqb9hDt83ne5OkganTKvlEIit6CQhlaiPtHs1dc0fw== processed in 349ms
[2026-08-24 09:48:49] [ERROR] [db_pool] Transaction payload payload_hash=/iXiX8yTqSKtzZEs2IOY9vxVROVMrSj4nO39dnDIg1OC1xUQlY0snDuuNLmG8CYsrxwcS7dhEvc3BFkhJ3uDsw== processed in 168ms
[2026-08-24 05:44:56] [WARN] [auth_service] Transaction payload payload_hash=FCpTpx4jvY0DEkDn6ErEmOhuFw+vUzKBO3qvjjYHgUULfArhNTMpbWPCDkcRhaHloGmZ+9VnOLRQymrkPS8SIA== processed in 158ms
[2026-08-24 08:53:50] [INFO] [db_pool] Transaction payload payload_hash=XuLvF8z6+y9Br2+rdUftQvNNiIJsLGykuzJlumTkPSqaFQCxBDRad0P/p8tcXbn6z2pQvsXmRatRCTsXzJ58SA== processed in 378ms
[2026-08-24 08:17:35] [ERROR] [auth_service] Transaction payload payload_hash=hfFD+JzfvLmJ3X9h96LwQq4bGG3S1hBfj15OenE8kj0dxIrLuDLEGWRjkyNDnSLKY/IyreM7G/jeCXLaDd854g== processed in 323ms
[2026-08-24 08:04:55] [WARN] [cache_layer] Transaction payload payload_hash=Ptv8dsnO+kf8ArIkqlvLRFPXYWWtOu4Dr/GHZfZ4cz1O81yDkeqNHPX9SnyqdDNHJdhbJq8gE/9YJJxmACqUTQ== processed in 176ms
[2026-08-24 10:55:02] [ERROR] [payment_gateway] Transaction payload payload_hash=a+pJkYIjBTGoMunU86v4IePVAFTdEoxQJIfBebuE3sFi+//rV13lRg1zul8BqGZgZvOMBiN7UQ1f73vumFIIMw== processed in 219ms
[2026-08-24 08:50:18] [ERROR] [payment_gateway] Transaction payload payload_hash=61hA6DY8Nq33SXLhm88aj5ygpPCBVz6aXw+eCGC1KRbrfeNaCZYZpBii3GK3Pb2bzOlvI1d0xxooD5vwErObUA== processed in 82ms
[2026-08-24 08:17:23] [ERROR] [payment_gateway] Transaction payload payload_hash=jkhZBg/xETDaIXFQLW20u6juzHjD3vO8+qe2Ow0v59VawGt6JasSHwugfXV9/lb4J7y+D6I79LgG5RMqGbr9+g== processed in 323ms
[2026-08-24 02:55:14] [ERROR] [auth_service] Transaction payload payload_hash=b6Z8CSbPGqV16w7JFSO5rlbSsKljnsNvZPpNv+ntPIsRpwzv/8PXlSvav2NIF7FyZ1O+kvfwY5niSOsUflcAmw== processed in 474ms
[2026-08-24 08:19:11] [INFO] [db_pool] Transaction payload payload_hash=rKsm9XDE7vtzUCG3bzZrVusJ48EtL/IWPGIw5vkwj7reUlJq8krbnxgmQOtFZiJbxrF3tSYh4Rg10WYIXBoWSg== processed in 229ms
[2026-08-24 09:22:32] [INFO] [payment_gateway] Transaction payload payload_hash=UtkDvp/LV5oyZoGtLF3vtGMEs62IsKzRV6BTGGtHUC8p528bHGQVxj6SfEacrxPeuxwr01jDfQ3fit5eHL1rog== processed in 458ms
[2026-08-24 09:46:58] [ERROR] [db_pool] Transaction payload payload_hash=zRMnGBLnuebFaLCoETU9Z5L4R+rhJ7S2fYHHjKo3fKkNTFn8Ulwi0/mfy3E9dndGcjht/7e8uNKPf28S+b6Tsw== processed in 159ms
[2026-08-24 07:46:03] [DEBUG] [payment_gateway] Transaction payload payload_hash=R/Z4ndyx1+oGanT4os2gmZuOQGJza6fEOOXSmoCYFb1c5dxaAXQP097KwwJHdVMHIjhrnw3s6D2lOB8z2QSUdw== processed in 403ms
[2026-08-24 07:47:28] [INFO] [auth_service] Transaction payload payload_hash=H/ASVbPUG5JS5Ks8cULQU6nvw8YUpO7VdiLKGh82vIEQSuGC+Y3/i7Sc2tW31e+puD7TMHsLwlLFl2/G3lWPaw== processed in 428ms
[2026-08-24 09:11:58] [INFO] [db_pool] Transaction payload payload_hash=4d458k11+w+3yVrpl63hIJ3J5l9kk6GB9gmyJAIAPsqtuC5JWZyQYRLhe/Xde2jN2NdlaS3LiUZ/045JcHQgVw== processed in 492ms
[2026-08-24 06:32:28] [INFO] [payment_gateway] Transaction payload payload_hash=zpmx2uOHSGU6LrmbmTjDzmJg0pZcHhkmimzoq03lHBskrlqjTal5bWB2Ec79ZKnxl0RcKBoSfZq7QS0kqWeH5A== processed in 214ms
[2026-08-24 07:29:09] [WARN] [payment_gateway] Transaction payload payload_hash=OlOYOGs5I4np3Dzu0TEyn+YgXeYvEF9z1/1Y+vDS1WL5C0io1XuK9ev+JwZzFSGypGkfi4C0VinP6piUdVhzfQ== processed in 158ms
[2026-08-24 09:29:07] [WARN] [auth_service] Transaction payload payload_hash=D3zs7j8e7b8nNfI8uLTG2meRNeVn6xs1toFX7dbNluxtKyVi8/mMLXymsLQF1ETHCawyADARKB1j/P6ZlV8FVg== processed in 452ms
[2026-08-24 06:58:55] [INFO] [cache_layer] Transaction payload payload_hash=xqAUxYk2nvgdqnEDObCdWOE+jMHbQsf7E12l9wllaov4P5XiaM5ghqa5KLgNBtJszaPOCkXPNqsHY2aTqVbyjg== processed in 480ms
[2026-08-24 07:37:38] [INFO] [payment_gateway] Transaction payload payload_hash=PiASQDIgNfw16jMkLiP4PP5TVq7sXTr9gpia90HECywx6o8oji9I1wsT5434WGAPfjzx7i0E4P595UlBms+Xdg== processed in 175ms
[2026-08-24 08:02:57] [DEBUG] [db_pool] Transaction payload payload_hash=tmBzQyuytWcjVcXPegymmTmFmWw3y4vJhgc4UC8CmoFZVy6zHZWaZ+Wc1hqCYFV1IvVAzBvA/yPWJhVqlILGNQ== processed in 425ms
[2026-08-24 08:39:51] [WARN] [api_router] Transaction payload payload_hash=qyDzfNA8Wfp157ldjqZd8WbGGfUn8ewSxNFcRAqHPsmQilaxUexpgyVGS0t/TXZI5sWX1wRL9o8Urlz/+Xuf8A== processed in 140ms
[2026-08-24 09:00:42] [ERROR] [auth_service] Transaction payload payload_hash=xdhQFrc3mpBClx+7gjmb8xtwjy9ijKO4kIyVq8H4faXRZXYMWfN90ySwn326Ay/PTUOVxWRLHevGpY6jCWE+VQ== processed in 89ms
[2026-08-24 09:06:38] [WARN] [auth_service] Transaction payload payload_hash=1cAmETyAcF/Z81Ybt47QhQgaZk5/+jxg4Y0/Yf+BbFKhwPYXygXhI69TQHymF3o04hJfOnrbTmGnntkypMS/DQ== processed in 445ms
[2026-08-24 07:27:53] [DEBUG] [api_router] Transaction payload payload_hash=a6QB+ZGUTfjH/ruxo+izdf/HA12YHoTOpRU8RwfxtmHA7kona+jyB0EG2FnV6DjawGH+lQ9sNn3/ej6LWGsOYA== processed in 11ms
[2026-08-24 05:06:22] [INFO] [auth_service] Transaction payload payload_hash=4ZCaSaSla9nEUqeu48BjpufDVLy9FPby8UUIsPyjWbKBsOGXiVylXXQfqv1+IOAYzthfgZvgSj0cvUW8656Vyg== processed in 384ms
[2026-08-24 06:50:00] [DEBUG] [payment_gateway] Transaction payload payload_hash=+ZLIhrSDldpAls94mzTrO4ef3KXIpcWJfFUEYL50It2ar3nlrctD4sVDHi8gwOXArElvZLCUo+J45evyUL4bdQ== processed in 357ms
[2026-08-24 05:03:15] [ERROR] [payment_gateway] Transaction payload payload_hash=o3P1nUBsF3x+TTYD2elSuF3wtwYPsrTaO5k7oKtOYuKfUayj7QS7i5ZkDf4yRfGq/OV0GcioZjn6UPjg+t8ECw== processed in 271ms
[2026-08-24 05:18:03] [ERROR] [cache_layer] Transaction payload payload_hash=vVTYmxkfhVobz6RxELl/5NRWmnAUhcSkA9blPLu1r6TR9Q2QAd3X8rn39lyHIDqsjqa1yJfDPWFIBZ25zVA4EQ== processed in 410ms
[2026-08-24 06:39:41] [ERROR] [db_pool] Transaction payload payload_hash=kP3B1IU23e94/Lcdl4E1rc5hfb+Y7Smf4jXunGX8kx9xJetIp3owiS53/tqQNpOyhwMxYlAnsFhq24jtk+bO/A== processed in 333ms
[2026-08-24 03:52:07] [DEBUG] [api_router] Transaction payload payload_hash=wTHGKi5j+kTBJEDAKBz2fPIRRrmY3l077Ig79SH7S5brMrauomc4V0PHHKhKQ4dDg2pQH9DQ/3IlD+Ik0x5gkg== processed in 429ms
[2026-08-24 07:37:25] [INFO] [auth_service] Transaction payload payload_hash=gI0VTJImraB59bCRsguVLPCdJnn1wkkcVX9sOJfgu5mQ0im/YSIhpt8g4AgF+jmM27Ki4jzJa95i7R+d2nW23A== processed in 230ms
[2026-08-24 08:22:38] [WARN] [db_pool] Transaction payload payload_hash=Sj80DKxssNeKbHs5ZJkm+XO1pRN5Swf44Wc+ShJTt8Y8N77/XxH2qenRW+FAQGpF+w7H5WMKGox360YIi9SQuA== processed in 391ms
[2026-08-24 04:09:13] [INFO] [db_pool] Transaction payload payload_hash=5elUx+x6qpsHMy8T8jd4m05oxWUjk31UcnD5sD9We7oTF/NLTGM7ZTi6e4pUdYAFRSfzTBNZH5rOjWIHUbesig== processed in 156ms
[2026-08-24 10:46:42] [WARN] [api_router] Transaction payload payload_hash=qjLfG9JxZNBZvEqYQXYUjwS2cdcHTYu93bhr6mY7ud3gDdlqNTOXv/mm2r3MmnA/o38PPT772e7/tM9oFOC0WA== processed in 16ms
[2026-08-24 05:52:57] [WARN] [auth_service] Transaction payload payload_hash=EXWLUaAcs4KoXrsHVttBzzgpQ9JaX73Y7bp2BPyOQTRMEPtsgG/zh6LOsLKum8uUjuKPGpzTN4xNOTPxUPN55A== processed in 233ms
[2026-08-24 08:50:07] [ERROR] [auth_service] Transaction payload payload_hash=l3OOdxfnKyuJ7GQ74zfrjDYRvfIYU5CDg4GlncKPT0E1IS8qfbWhZ0ghuC4KNAm4RCDbbCeCjZZ1IPYfYbjHiA== processed in 313ms
[2026-08-24 09:12:36] [INFO] [cache_layer] Transaction payload payload_hash=U+ckvBul9X2juDbur+3+JOTTEbY5D5yLirHgtLWIImJxLMbzTMDE/mE+IqKyMtxT2gDNMwo4U4yR4WmvjTHMVQ== processed in 489ms
[2026-08-24 03:51:47] [WARN] [db_pool] Transaction payload payload_hash=WTbavm7xao/dI7HxNYFEAZtKUDGsR30XHianh+u+S/CSKPSIZOHnqht+8cSPuSVmVRIvLQNxvjshorDF38mtHg== processed in 382ms
[2026-08-24 07:55:31] [DEBUG] [cache_layer] Transaction payload payload_hash=ayukJDyy8IQ4OQGE7rV6Bad4JLIvgDeCGkFmEo+i73yLEk0cm+IzDKtZsdCG0y/qaZ7wQKBEl1hPP7osDjUwgg== processed in 338ms
[2026-08-24 03:50:02] [DEBUG] [auth_service] Transaction payload payload_hash=E0I+JWEVrt4agh9YbtGntDPAHVIdDh8+W0Je6y0RC2oMwpy+qD2waCD5VyqnSjUqWyHRdvD3A7H84XKJioNkmQ== processed in 74ms
[2026-08-24 06:39:22] [ERROR] [db_pool] Transaction payload payload_hash=FacqzN+EopsdKZEJxAVkG4Fm3IyqSNECDOsu8VRWi3AGQ3a6EjAT3FoFdWJZ1Tl3kifc/BU2XYz2OKouiDSqgg== processed in 325ms
[2026-08-24 04:05:36] [WARN] [cache_layer] Transaction payload payload_hash=BtY6ja1IqwGAXz8X0zPzfRqMcljalGh14neDpEWLcxOoOlpMtnjDJZ8CWWfku7MMt0avz8cFglE+NrSGfYXlcQ== processed in 119ms
[2026-08-24 03:54:21] [INFO] [db_pool] Transaction payload payload_hash=DbmEEy4pLGBJdqXIOWkiOYGVmdlVfjuRN2zkdTlPuSdSMFKputerCYF188sjYGUNP/JNh3xFGLYsFQlRUYjSKg== processed in 80ms
[2026-08-24 10:45:47] [ERROR] [db_pool] Transaction payload payload_hash=vhG98Q/snmUA+ktJipkAixC1qDpfxSAuScH44g7PoGTAsh5dtdUfWqnvoNHsrW5eZx5+BbUjBqKdph15rTNjWQ== processed in 475ms
[2026-08-24 10:24:00] [DEBUG] [auth_service] Transaction payload payload_hash=XFmstkWl8mY2XXIU0kSGyVm/gBlSi6VZ7+BKT/9smeBfvx/QhUlf9VDuuT5LsmJ6pqYwtAV5V8OcMGdBNBtrHg== processed in 440ms
[2026-08-24 10:07:38] [WARN] [payment_gateway] Transaction payload payload_hash=80lcQinzTnl9tHOqqCydxMrFjI7g4saFcZhFZNld/Di+F14tqv4pqWdXo7ksjBj/BohrwKXGjF713gUdtnsntw== processed in 292ms
[2026-08-24 11:03:45] [WARN] [api_router] Transaction payload payload_hash=Ji8NRj/3ACcb5E0WygoVtk/QLdHHHVFaD5uCs1S7IbSSyQWdzW98A1R29XTKLYj+h8+pOZpkmGquluHwNecP2w== processed in 366ms
[2026-08-24 08:22:25] [WARN] [cache_layer] Transaction payload payload_hash=W8vVNS8UYwDDl6V1fB58jjwSdEKhhxU8kfaUsCHxsEKo/8vqWpHgedBCULJWaMGAJonzToCmbGzTWwGZeHeEEA== processed in 190ms
[2026-08-24 08:18:47] [ERROR] [api_router] Transaction payload payload_hash=mh3kRd0g5OZpaIZXmvTI/owbSHzE78i0dcSqwbU6dUH0bOzJ+R/aMGnYTwG58EQ6f8Vljv1Fjf0C7e/4hKCiAw== processed in 381ms
[2026-08-24 11:21:30] [ERROR] [db_pool] Transaction payload payload_hash=DFhVNb0azaOfKjCogSMlZpknAADaGqExdAnMwOk7AgHEnfonD5E7iVtInCybswfsrGWwkDiv4X0TC6uEHI2zXA== processed in 351ms
[2026-08-24 05:51:39] [WARN] [payment_gateway] Transaction payload payload_hash=vMivERhrNm0hcS5SARBTSD3wy/Uqk5pSWp4B2/8sCVt7p5b5d+j42dHKHMBPooxhqlcKy0esFQe9Lk2DUjBnLg== processed in 209ms
[2026-08-24 09:08:19] [WARN] [api_router] Transaction payload payload_hash=qikKcbLhH2WUgpLglmW0eQEg24Rda4ec3CS7mme1EwPmowhKRWUo4kjn8Ig57THmb6gGTSpA0znRBLi9w1dl2w== processed in 403ms
[2026-08-24 08:02:44] [WARN] [payment_gateway] Transaction payload payload_hash=O67tZRA4qAc1m28U/47TQ9VkwIgW2PCxAVACvXN1BoSUxln1o9r5nMrGlIw/vXzl4lHTAFAHmzaajmq3A0eVZw== processed in 418ms
[2026-08-24 04:58:02] [WARN] [db_pool] Transaction payload payload_hash=+t2Lfn+/J+F6boDEiT6LSn0w8p9jgmkmGEQhRR4Cz0i5TR4XQql2RBa1MS61v+De/NOGmnerdWy3EPFJfF9MeA== processed in 224ms
[2026-08-24 05:01:14] [DEBUG] [payment_gateway] Transaction payload payload_hash=lmkDyYIggutf3MGqPVKcIvIFF2HABxhiFs24W2XI1vWVoRQvBEc9twodWDA4qtbiLfCmT84Tlf66Vb8mWHiCiQ== processed in 388ms
[2026-08-24 04:49:25] [WARN] [api_router] Transaction payload payload_hash=nFjHEw+mCUAfbOm/MiLHvB3o+P4osUo2GoJ4F5NmUxqz/CaIflDAQNxRNiLru4dRhi+XA0GAAwEfcVwKytZy4g== processed in 85ms
[2026-08-24 11:01:25] [DEBUG] [db_pool] Transaction payload payload_hash=bLt7BvnXBopf8iY9y8Z9MHO6ADhE7TAVKaDPffuUxFWAPHQqEkGYayPbpgVw4I0POgNvWrKx6dUSaUqapDso7A== processed in 157ms
[2026-08-24 11:07:55] [ERROR] [cache_layer] Transaction payload payload_hash=9+wjfXmfKyf+/ZghuvCEv4i+TCYerv7XfPmWF8PLhYORIDj/qXTm9sB8JQvuGYV+deINz8OS1HlvQ0U5BteZfA== processed in 104ms
[2026-08-24 07:24:27] [INFO] [cache_layer] Transaction payload payload_hash=DPQ1iIv5zKI3MJSdVeyzyBBcOffqncXXlulA6IIZiwlQWJMaPzKiDFtvLlQ5RT76lggu0r6jPSLjLVLTRDB9Wg== processed in 396ms
[2026-08-24 04:43:24] [INFO] [api_router] Transaction payload payload_hash=IOFeqYaXZirNfz5ED+6S9B3romHDxl0hlbQZP6eGMZ0W+VDJBsBPRoqUXqzILEJXP/gXYWRWTaBBABPcYueaFg== processed in 222ms
[2026-08-24 04:23:37] [ERROR] [payment_gateway] Transaction payload payload_hash=E7E27EJCk/CvIYSDHLWFwJDljY7U3weX5BeG+Zb7yLE+dRtWkuMPaPKrN+rxrxOet4CHNroC1pHqs3dspZAyjw== processed in 39ms
[2026-08-24 03:53:44] [ERROR] [payment_gateway] Transaction payload payload_hash=sbXaBoi7U/cSD8tEPbTXt2tm9NTsSK6YzuaSWFjPyUwgGPMto+XW/bOm8FaGQBEj+kQ0zaAIRHvS3vwoWR3k5w== processed in 78ms
[2026-08-24 07:07:18] [ERROR] [auth_service] Transaction payload payload_hash=L3K8ea6qN5fakGvlhQu4gpqESmYnoUVUISVnJB7Rh+291XjlRtHQN8PFDNV8hIQoLttUzCajHPPTM/mKNmUPYA== processed in 83ms
[2026-08-24 02:58:30] [WARN] [auth_service] Transaction payload payload_hash=cTk1/0a+q738E6vf5mbtSU1v0nSPIRp4ySM3fWAB5NKv/N/9xb0rnb46vkO95LAANIIqMwpg8/nymVsTYGURKg== processed in 432ms
[2026-08-24 11:21:13] [ERROR] [db_pool] Transaction payload payload_hash=mTmzSr4m0YlSHEaqHe+ophk+BuXFNFzgL44IvFCmvWdWFPDKTjBFW9HTUaepygXzdk+v0hEWro/P5G48F7Onxg== processed in 40ms
[2026-08-24 02:58:23] [DEBUG] [db_pool] Transaction payload payload_hash=EQmDQmx76xYdr7EvwqhRmfitT1G0QdvjHTGBztbKCH1a6WzTeW3/p7+7eRbD4EMko1lzrzKricx8MGXDh3yYAw== processed in 350ms
[2026-08-24 11:25:12] [WARN] [auth_service] Transaction payload payload_hash=TDb9hT/suxdOtEto1q8nPHhjRaEOF4zeRy9+kQrqnsB6S3Mz9BQy0g/iMzqGbD1ugCXO3U333Z3RTTNmkANcFw== processed in 160ms
[2026-08-24 06:47:51] [INFO] [db_pool] Transaction payload payload_hash=lJ6U4x+Ckwag0lQeN1RkRE7fDjaaCdsLrKR4y7QVdNFWIVkkLNksfIe4wmcCAOYs9o1JO+z+XnfvesahDwfd8A== processed in 313ms
[2026-08-24 04:35:20] [WARN] [db_pool] Transaction payload payload_hash=3ISgx6Mq15oyIA4nOw01c3f++6FY2MLboMM/4lT+eZRrZdJOzDWjAEKqlVmGyO+wYWdWOSRjoaiRZQ3jh9Ducw== processed in 314ms
[2026-08-24 10:59:49] [ERROR] [db_pool] Transaction payload payload_hash=HZrkJeNYONfQjC4lYWWpDCsDdF8DHlcOLYoRPgN3SoEWFtW0rV2Jdrqry8qLUd4wPfuyZDe8OsCvlOby+LEHog== processed in 296ms
[2026-08-24 07:13:15] [INFO] [payment_gateway] Transaction payload payload_hash=jkfc/WbMpXTpcX5ElhiBSKmE8ya/z8N1VDW+4xo0KlpPpZZqK/kGzuIfbl9A0FSH2dEGYg3WDLT+kBYP6X49Mg== processed in 180ms
[2026-08-24 06:32:13] [ERROR] [cache_layer] Transaction payload payload_hash=xpGvJLdFer6fO3JJn9qgotTXTT0HoabDXRqpJEgz8lXTuYn68nQ0zav5HWCpVqeTCDOgktYOfgRGjLfEH9xgEg== processed in 361ms
[2026-08-24 10:55:20] [INFO] [cache_layer] Transaction payload payload_hash=Vr0EwlMEbeAPWIYMXg434JWFrNG7kr7sNJLDlpUF/ZL8tTBiEiqcDpttu1eV37kedjyBJi+5E9NdNVM9d931dA== processed in 478ms
[2026-08-24 04:38:10] [INFO] [payment_gateway] Transaction payload payload_hash=RfovIZ8CiMt90iJuVzhrD+Ku8fb7QYNoJRZgAM9A64wm1d42LS7MYHbAC9tBw5dNSxwX08XqUJHhEmVMx8BSKA== processed in 331ms
[2026-08-24 06:17:06] [INFO] [db_pool] Transaction payload payload_hash=1CB3IvpV8YBsnov2tsWOCXd/N1l1cwGw5xqV0dQqEHCW7ac+cUwpUSG3NifX8Uaf+LkIUNkEKH+QDisx8QSc3w== processed in 286ms
[2026-08-24 06:58:45] [WARN] [auth_service] Transaction payload payload_hash=Hy5fV5+aQ/sCpidG+LI2S13PW/N6lxTXWhwKOUHgqrCTRCz3EYNJpjhHvqOtKcXLV5cR7hpRDYKLY4XSCJaZaQ== processed in 380ms
[2026-08-24 10:05:55] [WARN] [auth_service] Transaction payload payload_hash=Mb/1BkEdA9g069NVvRJopnT6zszM0QAB2FeVDDSQgw6grLtU0+T651dAZ9BZwWeHXEDu9skf/z+hdf9CJXEDAg== processed in 104ms
[2026-08-24 08:33:41] [WARN] [db_pool] Transaction payload payload_hash=l69ZQAWDriSgyDz7Jz1wA6enorZ5M6pY0/bWYx2JdeX5SUVevPcCsovHtWRJtirC+lOVVSqPVhCVTw6FmDw8Gg== processed in 320ms
[2026-08-24 10:51:16] [INFO] [db_pool] Transaction payload payload_hash=G0Ye738NLTstY4oaUtUUJNccp70W1k3uMqyWjRrdOILgl4qOpufOk1LVRLZ8KjIgKz8gR+80BgLrvLOownA30Q== processed in 469ms
[2026-08-24 07:39:23] [WARN] [db_pool] Transaction payload payload_hash=uJ9b316qO/9jHTPvw8S9zQ0PZKg2K2ObUjag6T3lBVxUSgXidTeZg0OmhseCMifMVx9AaghJE1ovnaSCK+Epwg== processed in 477ms
[2026-08-24 09:45:59] [INFO] [payment_gateway] Transaction payload payload_hash=f7ppjQVvxaTySdzDptNaxQpq27lqZTfCIOoX70KQjrLeJ9iN2WHxoqaL52qpTwjd5LN1rjCFJhyO95tKk1Fy6w== processed in 39ms
[2026-08-24 07:23:24] [INFO] [db_pool] Transaction payload payload_hash=5K2CqMTwkkOZkE/mSN/wvFh/jAlQX+4tUgSdgoMvKKu+Osa3/cACW62N4fpjRF/lmQ3dZ6Hn6BkxdUzBPXgKrA== processed in 237ms
[2026-08-24 09:40:29] [DEBUG] [db_pool] Transaction payload payload_hash=/3ZgxQrPUpK81dWD2OOpr90rpKXBz0UDumEaliwpJgGAkGyaUE1+5xdh49yoLxosK8PUiQwqxTBJpIghcISP4Q== processed in 64ms
[2026-08-24 04:26:38] [WARN] [api_router] Transaction payload payload_hash=Y7nzq6V4pYs8p8BLcKBG0sxkCfzJt6qdvL0jbvxqIVti6Cs0/lM4TSV1KI5zdGyCccpp3nfGCSjfxaFoDQEpPQ== processed in 113ms
[2026-08-24 08:37:23] [ERROR] [cache_layer] Transaction payload payload_hash=9mY5v2nq7mM2eAyhNsArzX8xkgu8H8O5LTk7iazfqHHhO2C+aKQGabBcK1+gPGcCk3Av6js7VnsIZTAaM3SUNQ== processed in 113ms
[2026-08-24 09:20:01] [INFO] [db_pool] Transaction payload payload_hash=Xw/LxmVY4NO+VXTOUp+9RPeN/IBQDj3aYXT2zTip0j8nLkf2AVZpEjEfwin3mTJBOWsUExz/546Vd5A1JYqJ1w== processed in 470ms
[2026-08-24 02:44:37] [DEBUG] [db_pool] Transaction payload payload_hash=pcc/WO5uiFN7IXiL9XLisFnh1jpYf0liImr+xtWpccmoeMQcBgAX25NHN+XLDRxvO5Bp7soFC7dIxk4Rp5PvWw== processed in 474ms
[2026-08-24 02:56:17] [WARN] [api_router] Transaction payload payload_hash=u5BiyJEvueBkoH+zHW6wIIM46Z8DLxqI7ZoS1Dg2x2FiyBF8AGFrSm+UIxa84sgRU/c4WxQ+e1CoG7mLUBWPWA== processed in 305ms
[2026-08-24 02:29:01] [ERROR] [auth_service] Transaction payload payload_hash=ybDke66I+q+oq0IxC7Yecgbns0O9CXQaW4kndGzFA2eWswdjewcrkU4xN2dJ+csRRzZC3HYW84f42Sc1TiBEbw== processed in 304ms
[2026-08-24 09:30:50] [WARN] [api_router] Transaction payload payload_hash=HS2pbEtiDqfH8fkuXd5+Ej1FJVOB0/+axmsSwUGeUDxzWYxHr4cc2Tjj9MEmCHRvjVhGUSeT68fmMOp08aSa8w== processed in 265ms
[2026-08-24 09:51:52] [WARN] [api_router] Transaction payload payload_hash=95BWkAztbvp9/DLGyBhTWYOoxLyzFQIRyAjD4QPpnUbvZsS3uUbfk2dfw5DQhIKBqxooxi74BMXoHPAEUbClCg== processed in 323ms
[2026-08-24 04:21:41] [INFO] [auth_service] Transaction payload payload_hash=oAl5o2Da1YuVeaW0fsE9xnRLCHharEt8l7gqUq3zCnxsbwU0g1GSxxtuTXFrSNlVYIXARPE0/PWe7JKFjMNR4g== processed in 221ms
[2026-08-24 10:52:41] [WARN] [api_router] Transaction payload payload_hash=9YtAYco4o2nx3HkD1U4E+CF+iNzhz6ceiFYi/80jBZlCiyflODQ3bJvsEBSvV4T0Wyuzrgh4rp6S75ain83UPA== processed in 223ms
[2026-08-24 10:40:07] [DEBUG] [auth_service] Transaction payload payload_hash=5pVRN+LhzeIsQsrWbZZL5OL5nrINgCkMrhdXA8gCDxwzhkF3omi52bBTkVGNL4KVeIUugN1jUfdIH7pmGTZ0IA== processed in 257ms
[2026-08-24 07:45:45] [ERROR] [cache_layer] Transaction payload payload_hash=4Tsnz+Ybfb/4lktPgNUKfUhSa5bjbS891YZnCnuALw8sydS/fpr9rXj0MZhJHonCUSDe3WJKQnAL/eYAuR5l7g== processed in 288ms
[2026-08-24 06:02:44] [INFO] [cache_layer] Transaction payload payload_hash=fgmWyU9gCHWc1z2U8Mxbqg0psGf9QsUB2CoKwL+ZWuOhAMAuc6jOARWrj6VQa0eqiHMhTCdv3/L4koGfJTgZ4w== processed in 183ms
[2026-08-24 04:53:34] [ERROR] [auth_service] Transaction payload payload_hash=H8uBoDj8RXegvuu51Y3ukqBnf85x+79b/SO1BFtzCg0xRHYFFAXcT3GuRqRTMTwjzh2cmokLrL4HXICS75Ezcw== processed in 271ms
[2026-08-24 06:15:39] [WARN] [auth_service] Transaction payload payload_hash=ioPDEN0R+YKO5Nqvdp+4kfTxA2iggBrfU+gxgMrjSwo7wBqU9CUWRO40tiEtBj+Ybw+qGwyBXLxH99f+4JLalg== processed in 435ms
[2026-08-24 02:44:31] [ERROR] [auth_service] Transaction payload payload_hash=j9N5f791ZfMNsvMPkCVKnW6/+bqifPUAzBUt08EfhTmBdJNNUvepmGyWQrn+gj1XN6JfNUwsBw4RJuJbLpmAVg== processed in 386ms
[2026-08-24 10:44:22] [WARN] [auth_service] Transaction payload payload_hash=Set0h1MSnHR3/aD7xznhUX88qYjZK+4rL/GAs7E5kJi7lI2++b84haWcVqC4+CjUTwP1LsyMNpzNdyIg5WOHJA== processed in 445ms
[2026-08-24 06:09:21] [INFO] [db_pool] Transaction payload payload_hash=pHn6+Na5QzJh32F44nYbw5gfpJUQbHhe7yszHhR1c3cwkORMQF794JQ8FkWUXVIkJzG6RuqvCRq1+m7GWrxNXQ== processed in 424ms
[2026-08-24 02:27:50] [ERROR] [auth_service] Transaction payload payload_hash=tExFr3S55m2wCsN1fsHY4gRlSm9uGlj3XtUroP5kthjrjLfIEWI0o0GGMl4sFu3Puk5LmkGW0BeMamPYht+Cig== processed in 410ms
[2026-08-24 03:59:58] [ERROR] [payment_gateway] Transaction payload payload_hash=llD+L1bommx6uu05nLkLQOzxiKbUkuw+WqIeR+7+uUt1DZCNGP80OmTyh0WC/g/wTya4Tx/D0WuZsbYuZsL8vQ== processed in 493ms
[2026-08-24 10:21:25] [ERROR] [db_pool] Transaction payload payload_hash=7braUsoeIuLtJOGdxvuSb1WpuVIUAJGF7efoRiGY1IoR5AdrwrayIaRY/uZs1JLLB+jlFgjCB5zokQ3IIoTTPA== processed in 228ms
[2026-08-24 09:03:28] [WARN] [cache_layer] Transaction payload payload_hash=HVocVTh02Y28yT1WWhHa3wJLq2mfQcjrl19+Se2VvWYVWsMOJMeFRiPFrKIbsS12y4hzLkC89+XDwvELccxUMQ== processed in 69ms
[2026-08-24 03:32:55] [INFO] [auth_service] Transaction payload payload_hash=TO3T8XdgAuXFGjIFqrDqzbARRxd5DskYgJ1CnCK+LZs2oMVrIoL8rc2W/JoFsDXV2UK6M1y1RTfGwjTCbWchJw== processed in 426ms
[2026-08-24 03:02:03] [ERROR] [payment_gateway] Transaction payload payload_hash=zT+4OVAfBxbkYpXtpAqSjvgrsfr/wJyDdIv2nD04nhzCbkEJjn/vHemHhVPJdjB5AY0J98Olg++0qUb3DGJ+hg== processed in 134ms
[2026-08-24 08:18:37] [INFO] [cache_layer] Transaction payload payload_hash=bP3Sl3XI0XrKs4wuq/wD7EQ1+cm/IXwWx4fnT0mSfimGPpEEAX3Z0Mw3hFncEVDerOGPYb1+G9rIv415GfQMNQ== processed in 10ms
[2026-08-24 08:05:23] [INFO] [db_pool] Transaction payload payload_hash=/XdoYPgmq6aMqJVUai/zd92wFoLljdR/V93VTx5/bDBBqzPQ9IVcBbcJF3fjNDbvqOvgdX60tntjwDkfiWQdow== processed in 442ms
[2026-08-24 07:29:09] [INFO] [auth_service] Transaction payload payload_hash=rECvB2JRF6b7h9aSx71GnhSLwr2erdm3ytSA4X5TaKjEDlIAqVm07MbivlPzHQBUTwQ4RdIiGFtXyVn/WSnIfw== processed in 168ms
[2026-08-24 10:04:54] [DEBUG] [api_router] Transaction payload payload_hash=/89IpMrHQ1FJwL3KENufQ4R1TzzZnUQdH7QQjduMtnJrZ2Zj1vuWLs6z9V7bw9JWpw9nWkB3pYFZ21ltrYP6hw== processed in 462ms
[2026-08-24 06:51:32] [ERROR] [cache_layer] Transaction payload payload_hash=5hzjjbAIMrtY5t5IvWKX+VQJ4CsI6enpODd9tPxS4CZJfDLkLwJ0FPPxLiIS0USDm6Z+9Fps8SXmWNn4FbPU7A== processed in 160ms
[2026-08-24 11:04:02] [WARN] [api_router] Transaction payload payload_hash=18ENnPv9x9ZjWymvgfzZVwlc49azTbnlNJjyLWtkVM5UUoCsuzT0Vh2nZLlfUIY8zZjAHG3x//OzQ5+Cu8J4bA== processed in 448ms
[2026-08-24 02:54:03] [WARN] [db_pool] Transaction payload payload_hash=PxtaVe37jwi0FpzvXLwGGAwtPffMSP6P7l7vXaPwJsjEMFrhIn0uqGmll4xOBUy9F0uEzd2WWTfCfmhl3ibFww== processed in 244ms
[2026-08-24 06:39:02] [INFO] [cache_layer] Transaction payload payload_hash=o0TPs/23Jl39hU+Qzr2RFplgtoNTTMQEm01D1AwkNV3Rptk2v6aRUEG+p3qNFL9riXn1KCY9V3A3VjiB6UAbNQ== processed in 482ms
[2026-08-24 08:27:54] [WARN] [cache_layer] Transaction payload payload_hash=cxFvnYmmvM2jXwWxwF7k64gRmznqFQrckfEjIO1NjmvSrUYv7OTUb7AV/42cN5ZjtXcP/mqB9TyeDNF2rgHlcg== processed in 75ms
[2026-08-24 10:36:06] [WARN] [cache_layer] Transaction payload payload_hash=LyD3EWyZ3x+XhwxiIbVCQPLDMckY3l0Q81fugnYT0p4HCrdejGqsmrAM6CX8fYdWD9V3X/tz5Y/NlJPEW3bCwA== processed in 157ms
[2026-08-24 08:20:27] [DEBUG] [auth_service] Transaction payload payload_hash=coZfwE+Jup/todXOOhD7XBYRt7B9QPFEKdPDfwj4TB74JIpx42E0Jha3+3PGJ1urjh2fkdX1rHBpMnABQU94sg== processed in 58ms
[2026-08-24 10:17:10] [ERROR] [api_router] Transaction payload payload_hash=05s6SmbCPaKZ+GbSv63+XsuLjpkv1FfaHko8s6IqK/bGYr9czsAJz1O2+kc9T30DE4UPSuTWBvc3dzfz+3ap7Q== processed in 279ms
[2026-08-24 03:07:33] [ERROR] [payment_gateway] Transaction payload payload_hash=Z3aSd1jS9x3NyIXAuN5jx69C601mVP9dQYGxVYm/B3rmdPIjeDODDrM2xpDhGAbKQ7TKNkfPNaNj1Z95AS2HUQ== processed in 382ms
[2026-08-24 08:32:50] [ERROR] [db_pool] Transaction payload payload_hash=GwptLxM9O0rNKALwtFG5riVSSfvTa/jne25Mi039Fnb/qp/pqMsQJLG/jF1nW/XggFwv7WsXVo+hXSiHmCB9SA== processed in 126ms
[2026-08-24 06:48:29] [DEBUG] [auth_service] Transaction payload payload_hash=kNwJov74x2CYbRHc5eSwkm+x4F4mcAfjG6TYiLK3ghQUzAP58xUnKAQUWPzW1RGVAoLa+AiaSQ9tjiDWz6LMmw== processed in 469ms
[2026-08-24 08:21:44] [DEBUG] [api_router] Transaction payload payload_hash=XlyKZb9HuVOuQeOq3U30qls2pFrVpKJf7iyEvNpByvqs6Mw9AP3pG+siv4l3Qr2a46YGubGwk6xJ0XTjfNpsXg== processed in 41ms
[2026-08-24 03:53:54] [INFO] [auth_service] Transaction payload payload_hash=XEc/xsKVLo0NpjWm0c2czfpc2YmVWB5FMwDeKTRq3iubAxy7IFIBhu3bu9N7DXW4hYsqi+Tt46Uv3E1IJLONBA== processed in 284ms
[2026-08-24 08:05:01] [WARN] [api_router] Transaction payload payload_hash=qU0jXIfcbyMfBCJ2gKAqP61KHbX/AYpacFFmdi1Gr2ybaPZkJIheu9cmgqe/CKgpsERYbSDVJJQ2vj6ODHB9wA== processed in 235ms
[2026-08-24 08:21:20] [DEBUG] [payment_gateway] Transaction payload payload_hash=O6iwPTxVtrFx77o1tHRwVppO/AczEPc88OeV4WK+EqGN/ja7Jo+WwkpbPLoS6H65Bpn6iQejZN7qf47GabaOWA== processed in 57ms
[2026-08-24 09:07:05] [DEBUG] [payment_gateway] Transaction payload payload_hash=YrUAMckzOSthul5mRwOVIU7SWk3PCck5KCIAEgZ6AIRpJ74CyYVd9ps12i0RtK8fswd9RQlSywvueDtu85wdBw== processed in 494ms
[2026-08-24 08:40:06] [WARN] [api_router] Transaction payload payload_hash=fX4AIYPL8dQ8moqoiz+YuZE+iy4QDsg83GjqP2kiaKPA8YidDD1Dz9/Si+4xvw/CaiqPn0gPkv4ONDVXGn6u6w== processed in 244ms
[2026-08-24 05:36:02] [ERROR] [auth_service] Transaction payload payload_hash=yyvFVSfo0sEojBNixZmbgQ1hEkRVRPc2fgOlRJSglpreSfXXgKPNLEFm3K4nGCJqITxFB7vVoaBXff2Gn5vVUw== processed in 91ms
[2026-08-24 04:04:51] [INFO] [cache_layer] Transaction payload payload_hash=dTbvOPsmRbmBG28Ve0pVO8/w5StNcvye6T1/DzpqMUPxywSQslkdS28pE3G0eiM9O7xv7Kgsmc9fO6eCEht8kg== processed in 390ms
[2026-08-24 04:49:33] [INFO] [api_router] Transaction payload payload_hash=llTGoPv6PhizKwnOPh6hZrUIAofMKdHqccbH8zbm21H8i3jG2T6C47Z2pTO1noWJCGCCVQH8MB3rWbKdGUTDAg== processed in 95ms
[2026-08-24 03:44:59] [WARN] [payment_gateway] Transaction payload payload_hash=CKu4MXMMjw3aEG8xxuDC6Q6oT4GE6zkJ63aWWjkgJG65GhSOavhMB31MuX6FIKhTEs7F/1Vu3HrzFnIKllry1w== processed in 289ms
[2026-08-24 04:12:09] [DEBUG] [auth_service] Transaction payload payload_hash=Rxd7h3EN2cVR3II9ysY8zOZKfkbO1D1ol2fETERW998erCybXU/YFDgqd47EDKRaBt0pRkgu3gTQK05MDq9UJw== processed in 315ms
[2026-08-24 07:48:44] [WARN] [auth_service] Transaction payload payload_hash=k+xWT7esobW0bRWNCsdxK3+UNsD7xIASLNz927nLu6Xc7IcEdX7N/4k6uSowH99Afj6tyjmCsPaJJ+XHO+h1/w== processed in 99ms
[2026-08-24 07:00:31] [WARN] [db_pool] Transaction payload payload_hash=Ju1RXkoYpyVpU5tR2P29exRinGFeBv/mWa3Sq1YNAO+YeFH6J7jHIgYS5d3qXRSvOiBAbXPgMIWv8wG9gkpwcQ== processed in 438ms
[2026-08-24 05:03:58] [DEBUG] [auth_service] Transaction payload payload_hash=hOJ5ISgJ8SOrR2RP/bPVxwXYuM7As8q2G7FKaeK3uPMGNFcQrrkY+rSvSDxogxzYrOZ6e5Q42pfI+cwfNDp/QA== processed in 370ms
[2026-08-24 05:33:02] [DEBUG] [cache_layer] Transaction payload payload_hash=VYYc08aNR2yAXtFfh207iPwFIFtRhhLODR226WM/LAF8MD2DHxKuO7GnQ8YKA2Cy/Rh5vairG73GZ9t81GVgEQ== processed in 344ms
[2026-08-24 04:39:44] [DEBUG] [payment_gateway] Transaction payload payload_hash=Uz/EWqSjum9Rsy3a570UpFbMKeZxZvOPTqnZgqNAOyRBXZEJsBp7C7xBoo4qmtM7YHUYjsEICazZxDW6maN1mg== processed in 299ms
[2026-08-24 08:42:12] [INFO] [auth_service] Transaction payload payload_hash=QSpzrNu0bETS2/bNEEK4WYMDhkfR2UBvZWdbD52EJZbsbWuOWnf0wvp8gvjtt21cIHgoPGoXhW3o/E+r/Twt6A== processed in 92ms
[2026-08-24 11:01:59] [WARN] [db_pool] Transaction payload payload_hash=4Uz8Pn8Nmub3CLFxHlnz5Z1H2i534PC6Guc5ra8ydI2SKqRuipfRhEgZrDqg/x19a6W59tMdF2G7x+h+mwXDLA== processed in 95ms
[2026-08-24 02:50:04] [ERROR] [api_router] Transaction payload payload_hash=7HCmUgUa8aJuXmKnkw2qY5db3eskEkPmvD+yxo3ZIS153WbXfV6M9aIc8N/1AFO7wCh6k11R7ehlU6gHM1gGWA== processed in 99ms
[2026-08-24 06:37:33] [ERROR] [api_router] Transaction payload payload_hash=G7TpjsnIDmI9PCxlBK5AmAK8B3/T2nvx2RhAZwlQZPgLXZi2zmroftnl4VX7FFQOLWNV3JNMuE7MQh+uxnIkew== processed in 450ms
[2026-08-24 05:40:09] [ERROR] [auth_service] Transaction payload payload_hash=vSvLzAMfNRaKUG1WE+TZR8jBAxwWxz+o6S85yobPaaRcFrvsRyg3m+xHzrH0UCUEZ7mSmUYVhaGhXVsEDdfcuQ== processed in 452ms
[2026-08-24 10:42:54] [DEBUG] [payment_gateway] Transaction payload payload_hash=b7EqTjf50+/yZu+kY1YVtnwB66esQRKAVvbac6SYjarmDw0M95DirIciGVfcNEegZMNRTpIccxxvsFrU+6TiGw== processed in 98ms
[2026-08-24 08:53:34] [ERROR] [cache_layer] Transaction payload payload_hash=L9zLSrZEoxA0nmL1wdbnBlq9DEegTIZEwOb25Zez1bBS3iju7RCA/8D0ZJCwvoMhGuN7iT1soo/LWWTdaTefAw== processed in 213ms
[2026-08-24 10:59:32] [INFO] [db_pool] Transaction payload payload_hash=6Qlad8taeZREqZXkfYUPjIbM6buHQIzWBLaKpbpuoMu5zR/wzFuz4LZGAKLVuZAPOL5T2yJOQvmzQbSJi2dnqw== processed in 213ms
[2026-08-24 08:16:23] [WARN] [db_pool] Transaction payload payload_hash=OAepzO/vb8Pg+VuFO79RKA4QeLQu6ktk+E0gMSYHt+jNGC3Z3NwDyn/cjl981fIh8Lj7Sf8WBBe/c93/Id0nMA== processed in 348ms
[2026-08-24 07:30:17] [WARN] [auth_service] Transaction payload payload_hash=ZOHC+zbBIuFlwNkeWBa8sQR2HMFYvvdX9qI52dGffmqHiQd+/AwBKuXnwpnGIiiw1L6HaaLH/IaLyJXLss+9/A== processed in 117ms
[2026-08-24 10:09:20] [INFO] [auth_service] Transaction payload payload_hash=wVpPlYwBZXgZhTX2ng0OqumtSp4+eyvd8R/JicdjGqQdp1fnWyUBfa7K0wbWpAzRO0jYTIZ+JzjvkqdbI9qImg== processed in 476ms
[2026-08-24 06:22:04] [DEBUG] [cache_layer] Transaction payload payload_hash=khrogimYwREpgUSq3vETNuO++jNKqlIMlskz8nJAXeZ/bmhBgS+J+NrqKfdC9hpYwPaId/4ps+/kYr/ShfkiGQ== processed in 493ms
[2026-08-24 09:57:00] [WARN] [auth_service] Transaction payload payload_hash=p2UJOLaqVgWmVcYKumVT4jtj6ykVvPK6jwCe4LImu/Yntu3ubS2/w1E7H+6+qqkpY/WxtF68EpuEDj+CwGXhtQ== processed in 112ms
[2026-08-24 03:44:42] [WARN] [auth_service] Transaction payload payload_hash=5aa1YIFE4ndseIxe69bKFJPfvXdMIlGWVxWp8HyRau2+8O+ZNH9I1laKnIUS3KtG27d0xHTycEHHbjeUCDylKA== processed in 36ms
[2026-08-24 05:02:08] [WARN] [api_router] Transaction payload payload_hash=6mdyhtNybsB5WnQJcriLHRe5gZQViqKJSJEGNrk3ptTOIJcuSfW4Us4REl7x8Cn+QbGpxiC9QV46Bsp2LC0Lpw== processed in 474ms
[2026-08-24 09:21:21] [DEBUG] [db_pool] Transaction payload payload_hash=vv7RnYIopCGTvWWPvM0BJplwg+rEjoS8sGwZcQ38vlAdPFFMGf4G0asFDwZ+xktlmNdpJMNRwlGeRxtx48MFQA== processed in 343ms
[2026-08-24 09:23:01] [DEBUG] [db_pool] Transaction payload payload_hash=RB6DnXKQReiK618KIm1aGVOjPSG6HuUp7dXFTAAfNhgFWBrP928itckD7pOWrNOilPcf4e4p7ndEoFnVX9TFlg== processed in 416ms
[2026-08-24 04:35:50] [DEBUG] [db_pool] Transaction payload payload_hash=FOx1VqpDFYhd+GHjWV4fV6BXZci1F2TlgU/lvvXeQ2MA4yAwspSlcfbDjuUtmeNxBK3l46Zmu8BhGl8VVu0cvA== processed in 266ms
[2026-08-24 10:32:01] [ERROR] [api_router] Transaction payload payload_hash=FG1sVbfHJE+3UyliG+3QvyKpgp5e2RIhnZezQe5xJnSCDKf8BN9addR9CrH7C/KuLFpSI9lIapwCdETijbE2Dw== processed in 84ms
[2026-08-24 09:02:32] [DEBUG] [payment_gateway] Transaction payload payload_hash=L+CP018MPfb0OtTNxJ1+6pPKE8EetjfMCx7peL9jBUA+HfKK6jVLl3Kcg7kgkV+ByafwQ5w4vS6x5ymGjGxNsQ== processed in 303ms
[2026-08-24 04:27:58] [DEBUG] [cache_layer] Transaction payload payload_hash=tRSQqSqDxVlYDDPA5EJyQEJRRddvi9TDfFghu/p5r2yBRe+uw6wW4KLO6JA1Cht4DgkxJOHRvcpiZ1eIc1RHYQ== processed in 206ms
[2026-08-24 04:47:09] [WARN] [api_router] Transaction payload payload_hash=M6yhW73qU2Q68HpkbUIOfp6lTzEyjYDsbHKoo+iBPxAf6UUaSzk9ZktYG4ossp2aSKnkuxu4qcs2i9FTBCJfkQ== processed in 138ms
[2026-08-24 05:04:13] [WARN] [api_router] Transaction payload payload_hash=HLEvXrN6gO9C9v28CDGfd6+rObvqJwmQX33rDxE+ReYgI4mk3BEJTp2tQ0Xpl184ETR1SXs52qIBPLgJ8TfpgA== processed in 101ms
[2026-08-24 03:51:35] [INFO] [payment_gateway] Transaction payload payload_hash=xHaFXlhlCkVt/Rbrsnvz1PhBAsec/rH48MWUeHu2vsbTyGhzoEkwBXbem9t8BhGHaINIjpMSBEPClJztrudANg== processed in 25ms
[2026-08-24 07:34:32] [ERROR] [db_pool] Transaction payload payload_hash=X2p/SJdpO0mWnLfnCtOvHxjEQ5w2xMPxpR8D4CbN8BrM06uRd8W6cAbky1wGRR7NR4mhkuZ1oA8yj5YwiPbyxA== processed in 268ms
[2026-08-24 07:36:12] [ERROR] [api_router] Transaction payload payload_hash=DZWPdUa/Y3yntS+A4Ei4hOlSkfGOTY3Se4Y+1DKnvFwi8Ie2F6WApkumwRLQgF8uLKc0+aOVy3sO3VHNUbg8XA== processed in 232ms
[2026-08-24 11:11:38] [INFO] [api_router] Transaction payload payload_hash=Hc5pQaEPDlOytKZvpoBrc9dRaI9tRQ3j6EIK4ip4xaavdeo4Bkv9kXdaY1lQ8tCwyVBB6rQmFehG7CJorXUpxw== processed in 496ms
[2026-08-24 05:19:12] [WARN] [db_pool] Transaction payload payload_hash=/X+wuWK4sp0VJyuh+maImVnuaQlqMGrWQh/oCGK+MPuqOlZXCcE6eTrGWlVf/dG1RI673HSS9145Nowg1ydq7A== processed in 220ms
[2026-08-24 10:15:46] [INFO] [db_pool] Transaction payload payload_hash=0Pi0l8Q0teQfpIwIdbNELjiR+/1DWikGvRXLyUxxM1YOsyDmHitORqPZqkpcB+XTTWByx+ZKkO0GPemFqya1fg== processed in 244ms
[2026-08-24 07:32:59] [DEBUG] [cache_layer] Transaction payload payload_hash=M3oCGPaBBBHzGFpcq72zXAmH3WKWoGSTFrrmw+mCW09kL1Ix+bo7cPQi29O6dOTy5/sUFuX7ancubahgWJkcOw== processed in 478ms
[2026-08-24 09:48:45] [DEBUG] [db_pool] Transaction payload payload_hash=Ecr3Wbyc31o2MjW5IbpDhvt3JjJoLEJ1YrUSWeLanrjyGt7eg7FA4FRC8EH4ovkKECnzA1fxQ1S5/tl/T806xQ== processed in 290ms
[2026-08-24 07:26:16] [DEBUG] [api_router] Transaction payload payload_hash=qZtbuzZv8j8SEJpivtAs74IqgiCp+xylw+WnUA2Yldh/Fdc6WtZUfcstbxzWPo7AGF6fezYs3qt51lLBGhZmSA== processed in 334ms
[2026-08-24 02:46:22] [DEBUG] [auth_service] Transaction payload payload_hash=AfMXLgzQ2nYcZLMYV98rselb1ie2Dy9u1k3TVpP5Jd2SOE2elyTeLC4JHLJQhhxBJrA2DrraT794lgG/0uaqqQ== processed in 264ms
[2026-08-24 11:18:30] [DEBUG] [payment_gateway] Transaction payload payload_hash=0BfUrHDrIWfu5DViTZXZJ9cYRmw6YrQreIjxCTOSFwFabFjO6TUAf2BTPEe8vZ5nDb6fhA5R/vVYqep4o7Ghyg== processed in 278ms
[2026-08-24 05:14:38] [ERROR] [cache_layer] Transaction payload payload_hash=0ptD+WxLjK5k3mNITQtLX829TqJ9rb7kw8sy6lQt7Y0IUQSX3AADlJKdEWPmrHnAu3Kzo2nxV3Z5IvdoBplQ8g== processed in 296ms
[2026-08-24 08:20:13] [ERROR] [db_pool] Transaction payload payload_hash=5ailGeqiN1ZFCZ18am+n1Q5CjfdmHxB2z1gJsA1Ed52vTYq3+eA0dNjoHwpsot7vSfVqK6delAZrPeJnQ9LISw== processed in 441ms
[2026-08-24 09:33:42] [INFO] [auth_service] Transaction payload payload_hash=uqKXxpDcpfv/A0s3lo4lTQ6vMS11JF99z7Z+mtoHswz/Xgtd6BAsW/9c6A7m85vadDq8yqd/0Om7+UnUj/3yyQ== processed in 71ms
[2026-08-24 07:40:33] [INFO] [db_pool] Transaction payload payload_hash=GyI0GrnbLFVkll6Gg1dktolHf+7YsnIHw1EvTuTGrUI4Hlg/J2WYGpflSTAOPrZLmoUk9X+npWXfkVujFjck0w== processed in 333ms
[2026-08-24 09:04:31] [DEBUG] [db_pool] Transaction payload payload_hash=xJl4KzP1zamsPY80qlvDLj5/0bfQzo04CENCk7AiGjRPFwxTiBdD/0rLNSFNs4SLBnausOYbFjAZlTxPQGWptA== processed in 473ms
[2026-08-24 07:28:15] [ERROR] [cache_layer] Transaction payload payload_hash=US7zKRZrgQjattbXcewLbj11FJoHyYwBmEpjl5jtxTgMF5gol2L2zz99ZjmotyTpyVQ/ZvliWXvpvzPJEXj75A== processed in 22ms
[2026-08-24 02:23:08] [DEBUG] [payment_gateway] Transaction payload payload_hash=XwGI8IbK4SKK3kx7RNEycbDTWapZ4maXuLvcytdkMr2eMDIUKHp0z3P0StzffRRLQoGTkoAzVx+IkqBCIjbuNg== processed in 6ms
[2026-08-24 05:37:38] [DEBUG] [auth_service] Transaction payload payload_hash=w+r1g/epz41QNp8RSLCdQb/EhywqjQD0M3ojRziUtS/yEcvC4oVD6VepA+n9MB2mnlNyOuDJEJrVDBY8hfr4OQ== processed in 226ms
[2026-08-24 09:41:42] [ERROR] [payment_gateway] Transaction payload payload_hash=bUbnozMp47LRY7IJnKsQ7T4UaVOJgPP9i4JAo2tGCVhspAvd+9HfTAZIKKD6PdNoXecQEQ3CL0LUprldCBCAlA== processed in 171ms
[2026-08-24 10:09:56] [DEBUG] [db_pool] Transaction payload payload_hash=yY3EjyEiD8uCxYPbkLMnVA+BpJMpfbXI8PRLjDPmDUzCejiLdWhXr26FQ61a5HkIhRG6OQIqKPjMuXB/DWoowQ== processed in 323ms
[2026-08-24 07:23:08] [WARN] [api_router] Transaction payload payload_hash=+RWzjKB/wXtIGyZfahnlkEp/ZVRWzpNaYZhju2paX4qTNF9N04u+av7Zc4ZniQ9J6RQ1QI1jN/pjH+U3dCzujA== processed in 273ms
[2026-08-24 04:43:59] [WARN] [cache_layer] Transaction payload payload_hash=+7cr3xl3s0ky/wsDlrEef9G2XSXUxNzcvj7mEG+rYlmURKAEPxxEn5pH5P5pT+Hcm7hmAswHH1zxGlEsi5YP1w== processed in 218ms
[2026-08-24 05:18:59] [INFO] [api_router] Transaction payload payload_hash=68I6smaEHPiZKfKCsGvUbwrSeKINcsal0OBJ7KSyVkwYBBdLnUP3NlNeVJ/8r91fCLh+Yq6ncxSkk5rg+iP1yA== processed in 354ms
[2026-08-24 08:13:38] [DEBUG] [db_pool] Transaction payload payload_hash=03wHxqrx6reuZoiqRDPCBYBBaqRZq9MppqJElhCgYR8zPL3TTLqWk7fDz5+Y7gwzfBGglHVPEbSG6cbeBnlpSA== processed in 90ms
[2026-08-24 04:38:54] [ERROR] [auth_service] Transaction payload payload_hash=UUCTfJHcamVqs0XV6iiLDOHgwB+68Qp1kmt8mOETmgVPZMpvSCyEuGh3dGIgXbTOHNHnV50l+5hrAL5vZ3Xt2g== processed in 67ms
[2026-08-24 03:59:25] [ERROR] [db_pool] Transaction payload payload_hash=tWUeTyyfsufcs0v+61+zaPGOzjrUYttSKIFEOPm6dcItrVOVg1qh09du6waL6nrpeFhQ77L1qsLd1UKUyqQuKA== processed in 231ms
[2026-08-24 04:58:16] [WARN] [payment_gateway] Transaction payload payload_hash=H7IFSjJiImcgUL6kwr+GokBCfUoPJLwLEOmLZ8QjmSmTrAIEU6+6xPLugcxO4lCWCO1dLAwcBl4xurs50J1Hyw== processed in 152ms
[2026-08-24 03:36:19] [ERROR] [api_router] Transaction payload payload_hash=k/J+ho5ia5FmPy3q4QcGjgD3JUTLomkMkS9gsm5p+yqGKNphh8I7VblpGFgb3RYP4gVR+01C5mqm8vpAOweQ6w== processed in 142ms
[2026-08-24 07:19:16] [INFO] [db_pool] Transaction payload payload_hash=3yf5jRVuBjeqWvtyRsxF6hRALKSV4c6VncsI9uYbuXnyAf7nEUxPJy2ugxJkM3TVH14CNux8z5sf8ODdOLLzJw== processed in 297ms
[2026-08-24 02:21:55] [INFO] [db_pool] Transaction payload payload_hash=OzdQ1Tfrc2wZz8Qp5BBIZpM9nLF+Tfzgiwbs3hNHTf5JaHMRA4gRzRMvk3ZLlY6HFZwfarJ0RWH1PtbtE2Rp0Q== processed in 305ms
[2026-08-24 06:14:09] [ERROR] [payment_gateway] Transaction payload payload_hash=DvQRavMKVyP6HJxm0e5gFMKYbX52wiRuyuLa0w3kFqhXvdBOh3nKRq7ChRx5dbz5dxpASMIT0mHOd+CBxOQUuQ== processed in 345ms
[2026-08-24 06:07:24] [WARN] [payment_gateway] Transaction payload payload_hash=shXfnIw0IC4pYL0UiQuogM1m4X0oN5UBs9EjQI+g2mLdUssI8iOW8MuEYdQ88NtPYowqglELoODbGUHLVi+HQg== processed in 137ms
[2026-08-24 11:06:35] [DEBUG] [db_pool] Transaction payload payload_hash=piz6FRRJ4USjv2CG6dcRYVk105qzGmWVyi3sDf/+og9CLrgQN0jdYU2CN02ILFlpmn5cPUqqrjPAfMTRtGfrYQ== processed in 355ms
[2026-08-24 06:07:57] [WARN] [cache_layer] Transaction payload payload_hash=xSmBAbGQ7+zjsMAkV78zyC+kU57FcLBiwz0W/wtg3BtkPmGxSbCvXvZonjvRZAZC0G9WTLlZlGXNNInoBD/aQg== processed in 481ms
[2026-08-24 05:47:48] [WARN] [cache_layer] Transaction payload payload_hash=goBuj/XOh5wNPmZ+ZoHdKHzczbh+Dbv3VGJZqQ6rCOZrnVnOLxvM1tmVW5MTcTt86VB5ksx20nbg3/YE6BEWcw== processed in 270ms
[2026-08-24 07:37:55] [ERROR] [auth_service] Transaction payload payload_hash=4TIj5Jb/tJHonjhX5/H9HMy7PhGBvmuRictItiO5HlPvbemhcKg2rfKaBOni4/JxCUqm/SOrIq1iFu7ICELJIQ== processed in 25ms
[2026-08-24 06:32:44] [DEBUG] [db_pool] Transaction payload payload_hash=Q424eMZruPbAijcLlSSN9IoNTJrDyFFa6gcQ4OTjMIoRAUxNf6O4rl02JFnlYfuFI2F7b2WtuEYPdvUjrTSDjg== processed in 113ms
[2026-08-24 06:26:41] [INFO] [api_router] Transaction payload payload_hash=8XreKkMug+CzLLbwi3F2HCuy0HDaPgNJ+PDzIpSaOEICrEHkGmYZ5XqkfWfv03tcwqNKHnIXjSwkNBdS8DPmQg== processed in 284ms
[2026-08-24 06:39:47] [WARN] [api_router] Transaction payload payload_hash=oLo/kJZEJcrkRiphvonXAjs5pjcU+ORFRYDJDu5y7vHQebg0Mv1SKvrN5a5MXSWG/C7K/V5DCzrYypUH3D3nAA== processed in 4ms
[2026-08-24 07:00:58] [ERROR] [api_router] Transaction payload payload_hash=A46T1/zoohBvFXSyFFywEmnCWjpGQbtkS/f6ZHMs2+wGilhS0eRy/mLAnzUL+ekm1p2hn1a5J/oDR6HOw9y+0Q== processed in 426ms
[2026-08-24 06:05:09] [WARN] [api_router] Transaction payload payload_hash=ZHOESX/DDMiqkYQmzk7KPTStm9gPlftxxSI+FQJvnTU6cgcHY9kA8zuO2APzeJpJPKQ/LfydjPqDPUQ4ytWeNw== processed in 332ms
[2026-08-24 07:14:38] [WARN] [cache_layer] Transaction payload payload_hash=owQCMZbuyU5u2evpXiU+NkqBePvRiebg06AhM6VbIo8jyGYFBVI+8pJ2qZ0tntxM6Le58wqTCHmv1o6dvDhF5w== processed in 19ms
[2026-08-24 05:25:44] [WARN] [cache_layer] Transaction payload payload_hash=ieezhbffIH2xpx0uOBtDUIHYI9fEkxSAY2vOp1qp7JLZHPY6X+6ehUWSiZBCtPPcbrxYZKyurEzabUpRhOj2gQ== processed in 309ms
[2026-08-24 03:58:05] [WARN] [auth_service] Transaction payload payload_hash=Y0wYQlChdAzg0y8Vr+dUrdGyT+1VRcbmLvqH3r7LRr9YNL5oB3ly5OI0qtniXQs2QRAqtYUJoCt06LvI4fm7FA== processed in 184ms
[2026-08-24 05:20:57] [WARN] [payment_gateway] Transaction payload payload_hash=QUlUCqW9JbGLOh6xYxXryd1vgLWV94DpaZWVQfkl1r7oEnPZPk+AC+OzE66kuEto8BlU+5RVmENXc4TC3XNDdg== processed in 199ms
[2026-08-24 07:08:31] [DEBUG] [payment_gateway] Transaction payload payload_hash=rZ0d2JlJ13NDNEuol4fEwHUYKNGha8E0sVrl2yBF0Bw/WJGPXCSHNzN88x+0SXj2umVVa2IhoZa60KSsxF73jQ== processed in 81ms
[2026-08-24 04:37:10] [DEBUG] [db_pool] Transaction payload payload_hash=QL30k34hdRgTuzgAfViXpuPxMvNODi6USSeGdDXF7XeOfYVgWNAMZ7yqXgdbGMfpWpeXVD1qKuTI2WXa5wDdlg== processed in 492ms
[2026-08-24 08:11:32] [ERROR] [payment_gateway] Transaction payload payload_hash=GkYOJIvZiN00tY8vZxkW7l7H6ORc97Qz5uTnkbNw5ozvm4wZECi7qRGaEjx/SbcW0tatGWQ/BP+NPKyu4nTvoA== processed in 202ms
[2026-08-24 05:10:33] [DEBUG] [cache_layer] Transaction payload payload_hash=qeBp/qOxDmlaE5WokqBPS9VKgP7sncrsdaJmmNo5pOF6n8qMo/AOmN1nUChrz+yyRaJcC8f9GVX7+eEK/GsNCg== processed in 441ms
[2026-08-24 10:17:28] [DEBUG] [cache_layer] Transaction payload payload_hash=1CbdIgqh81QBvDmnj9MaHNAL5pjN/id8c/51Mrwf28cLWAy2KuW2B4uPYsZtOvzMc/GpPZ8AJQZl4DjzlnkW9Q== processed in 449ms
[2026-08-24 05:22:05] [WARN] [payment_gateway] Transaction payload payload_hash=wfumFsSFTDRAJmprZzY4f3GGj8aUh7aKAKrx7z0RHdMhODCsRFmJ+98fHAUqU8opZWT4KbNaqhU2Qb4v8GVlSw== processed in 251ms
[2026-08-24 09:32:13] [DEBUG] [api_router] Transaction payload payload_hash=VzjSJqIV94RJmJ/c9kKG9x7X3bpy1Ht8liKtOaBbqIYDiARddQHGjg5yo1w7vOAkCfzyz7w2cXpsrloYzO8AWw== processed in 247ms
[2026-08-24 06:53:23] [ERROR] [cache_layer] Transaction payload payload_hash=2cqjJkIbiKhbijBOR1HL24gl7VpiRpv3yjmILXHf9k3GsgBKwuWnnYcc8n2tAGikbOUzUqCTt1lZn8c6V5F1lg== processed in 62ms
[2026-08-24 05:35:29] [WARN] [auth_service] Transaction payload payload_hash=m79wLK8gweQVOc1ryTDqtImvuE6d3bKqJqp6doq2suRXdPmh548oto9E8h9l2iEUDDSivyAwr8fw4aQQ6PmULg== processed in 252ms
[2026-08-24 08:38:11] [DEBUG] [cache_layer] Transaction payload payload_hash=ERMfeGRXoHHd6DfMscm3yFQ6XlJqpD+9z/Nmo2C8EJKv9pEfjIcpuQ5Q6AIDLj+j75PtUh966Yj1cMr2ER6jhg== processed in 304ms
[2026-08-24 09:13:50] [DEBUG] [payment_gateway] Transaction payload payload_hash=2mxr9Dw71UhtojTJWwGk5meWt8DA6+lZNKoa39DHyWUIkTkGGXbduPK5Ou0oEZGfiVmyXOLD2f8+ZMvstmTVvw== processed in 309ms
[2026-08-24 08:05:19] [WARN] [auth_service] Transaction payload payload_hash=6+QJQ5pwmvFor4xh11Y4P8ta330ezz0QuBxSxZ4m8NBRiGwPkO9jT+DzmMXeVHO4tKLyk5pEcQeIFM3m8DhMGw== processed in 335ms
[2026-08-24 09:13:58] [INFO] [payment_gateway] Transaction payload payload_hash=IZC7gXbZEL9E2R0AXUE/4St+Lwx7uvPKth1Ho+b08+UAeAzt7x0FYfgucFn8Vxx7K/u5jgGmJXg3WwVPdKIPFQ== processed in 420ms
[2026-08-24 03:06:24] [ERROR] [auth_service] Transaction payload payload_hash=AJBBgNeGQtMAh7oTnl+RdkaLfd5UaLPxoOfy2H43D6s2+5k/4Y5X+/3R9kAguuUwVBDK0TB+w/lpThwXnzWj5g== processed in 385ms
[2026-08-24 10:16:04] [WARN] [api_router] Transaction payload payload_hash=nlKdFNXZHPtI3J1/cPNYnpCdDbSx7DZMkFLHbtiToDHY2Cou2avMsnRgIUiCqgT0CZgZN7gpgbW3uAxJAOfPcQ== processed in 330ms
[2026-08-24 10:38:42] [INFO] [db_pool] Transaction payload payload_hash=0Qp2CgohHGaK87uDmTFr+LzywO257GTmvhA3TnECLmuwyhllE2Pp5azYw9WHAd/nKPDISXR6jEaeGTi8rhP8Xw== processed in 91ms
[2026-08-24 09:27:58] [INFO] [db_pool] Transaction payload payload_hash=iKbK6R8wRRawhbCjMrscDjvS5+XFmpFv/85B+KQplMvp8f69+5J2bZE2WM9HHPkcARz8/0u+wALbf5HeFiAqyQ== processed in 130ms
[2026-08-24 09:00:36] [INFO] [api_router] Transaction payload payload_hash=F69zlCERXRar1OZyOvBOmTJQT9fTyHDJ4jO7hSZlBApxntdRftwDJTLwWp/Tj/bhdyaI3/Iv7C6a6RHjLEt8TA== processed in 63ms
[2026-08-24 04:56:23] [DEBUG] [auth_service] Transaction payload payload_hash=v/o4PGxJh+Wxc6EnxnVbhnwYJtN1Cq2uSqnqnQQH3Ra0ZPm0ensSCobK7WkthhEmcu/nVAQA2JTFKPiq9YXeug== processed in 255ms
[2026-08-24 07:25:21] [INFO] [payment_gateway] Transaction payload payload_hash=IbqcquF23VHWAqFV4oCaMGltr/+c66JM4GaSxRGDa+QCNdOKy4O2IOwdhtHDafKjvBecYVIFjdVxJhoYK6kyGQ== processed in 191ms
[2026-08-24 08:29:48] [DEBUG] [db_pool] Transaction payload payload_hash=asTrgVNUT+dRBVB1tzIYq7tz1IxcsMA0FNUbFJDzfA7ASwRf2im7a6eyASIFG7+X8CJ33F2aGbsNKxf+fWpjQg== processed in 270ms
[2026-08-24 07:35:02] [DEBUG] [db_pool] Transaction payload payload_hash=CX+FZJvjzXDWjGBhiozcXA+GLwNfYd2MR0sRtW7lHoPhwDa5Dp6L02PpP095zPn7qyNaa1M1sgKmts3g6RaGXw== processed in 30ms
[2026-08-24 04:10:27] [WARN] [api_router] Transaction payload payload_hash=9S3lsSFYUwYAVeRRpfnnyWdM+B7Nq3GbL4FkKHZzJnkIuQLRzN8DfiIFcyiUjQRnvWuclg8mVXZ75Fyv2KhI6g== processed in 427ms
[2026-08-24 06:42:33] [INFO] [payment_gateway] Transaction payload payload_hash=gKfrMVc+GcOBavrQEVQrXCS7R5ZduBsPeNy8ujD+3ZG579iY7OlcELQ0ZhdgW80YEEUny1ckg98/dC6goT+/hw== processed in 214ms
[2026-08-24 10:38:04] [INFO] [payment_gateway] Transaction payload payload_hash=VZUr9TT/oSCVqzm8sjvTe4Mimsqsash4ZJfVYG2WBCSOIDkNZsfbV1y7hpULxKoRqwe9Aq83k9ytIVXQfmlpxw== processed in 187ms
[2026-08-24 09:52:18] [DEBUG] [cache_layer] Transaction payload payload_hash=lKtwEXOlE9WXMHgOoANNkrsMf8Uho7PwHqWfPU2AIwqYAcSJrtG9G2k2lmHZ0bky6rU/wBT6+59bku6nz52xmg== processed in 373ms
[2026-08-24 08:39:46] [DEBUG] [cache_layer] Transaction payload payload_hash=lqquVp4Ga49YwbBn+i0cEF9i1GQIbwHjiqjlLl5Ei4Kz+mb7US1nf91u756Xxu+rt1t6/olWoScqh3MWpP/s5Q== processed in 228ms
[2026-08-24 03:45:20] [INFO] [cache_layer] Transaction payload payload_hash=FzJIe/sPHvthfu5fsq11c4G/MSTeYlSKGrHvKbp9Tr3UC2NmUmUbaezGqezt+gbQNtiKN1JIDxtLDqBrP6hyhA== processed in 320ms
[2026-08-24 07:16:46] [INFO] [db_pool] Transaction payload payload_hash=0F6xCrjAyIoUiOHjpNrA33UTKUqwg85mNup3Pyvyem4tygSCvb1LyiMcM90eRZbTGR78NN9KVRDhQGLkfUEGtw== processed in 492ms
[2026-08-24 08:09:24] [INFO] [db_pool] Transaction payload payload_hash=2g527tNx1JR7yOsnhLf0pchVF6tdKP7Oqw68mXOJGcr4GpTgZ3zErv5M3ZDu1I5YItYoYUMswesUVPt++bw55A== processed in 466ms
[2026-08-24 08:46:54] [DEBUG] [auth_service] Transaction payload payload_hash=HFPaIJfFIU67IteHf5QFeGkryxS45nBZ0nN2bAGF68evOJ4b0U95okaUON1l2P0cwK2xNwBF65cnjcgNcx3/dg== processed in 282ms
[2026-08-24 03:17:07] [DEBUG] [cache_layer] Transaction payload payload_hash=iSFSdtHErAqTXTtHMmQ4UWjejaPSea2HU08sE2p70GxJmjsZQal0zs0U1hVL/veFdJ6gBXNkBnA67k7K6b2AwA== processed in 95ms
[2026-08-24 02:21:05] [DEBUG] [cache_layer] Transaction payload payload_hash=YLFpfUtjCOUkQGfnMk05AnLgSYXGA+knqf5BWBWBuxrZxC0jpPRDra5ufalcCKEWvj6dURxjlOxa3Toaye+ihw== processed in 308ms
[2026-08-24 09:26:13] [INFO] [db_pool] Transaction payload payload_hash=iy8wUDzgKQ3WFq3JxilDCMQOe1om5ncfsZlPQSRIJDLxG0rPL4nrB70vuS8pjHVHvaGMYtEQvwYmFnr3uQUDkA== processed in 35ms
[2026-08-24 03:44:31] [WARN] [auth_service] Transaction payload payload_hash=Za6qs0H3gg80beznvRiijYuO6/PtgLNr21Gb29h5NehZ06LikWkCQe6JBQF4VT2zA/ATHVRTqBGJAzNfldvMXw== processed in 436ms
[2026-08-24 09:37:22] [INFO] [auth_service] Transaction payload payload_hash=rbKHQu7KH+SbCf3n/ulLrleGzQRyH+a1WlnaeaoGfohk430GSoPtCJILLQUESCmxHH+tEY7xNk5M9x7yeKXTFQ== processed in 467ms
[2026-08-24 09:44:56] [WARN] [db_pool] Transaction payload payload_hash=KArRKwfa3qubw7d0/cxf9wqmx/rlpTXYSY7snAUzkiZw1Uiz+uEFuYqRgkLqRHVsjnegqZ5gPGw/nd4qytLSxQ== processed in 95ms
[2026-08-24 08:34:33] [ERROR] [db_pool] Transaction payload payload_hash=0Gtwnat0+S2osY/ZRSY4czI1es0lc4ylYBXk8DERiZPPowOV5e/w/X9n4KBnI6f+odRRuxt3PtOiBZsPab5a8Q== processed in 271ms
[2026-08-24 10:33:54] [ERROR] [cache_layer] Transaction payload payload_hash=6Du/pO/aN1NJVH4j1aaYxo5sTOkaS8Vvd/SXfUPo4Ko1PIH/xdvOEhXfvIHq/U9TABa+nvtAmWkSJw4UXW5KPQ== processed in 229ms
[2026-08-24 02:55:29] [WARN] [cache_layer] Transaction payload payload_hash=3KGNLbILFnElymK/nErXI7fDQNnQ7kuNsLXPE6MjmKyCBFuH2E2754RVzpGmvmmqT+woqk0nuNS1+dJTfRz2xg== processed in 464ms
[2026-08-24 05:55:25] [ERROR] [payment_gateway] Transaction payload payload_hash=RlHn/4KSjztm5EgqqI2b5XmnU6rBcDIT/5dP9gaCp0r3tQAe6AgYxh16vfqOtseD3uqETin7U2YBrHmO0Ssypw== processed in 305ms
[2026-08-24 07:48:53] [WARN] [payment_gateway] Transaction payload payload_hash=m5UiYWezhysVbyOlEpXQDGNqYP1f8mQtPKuSjyEFWQ6A7CKq2hnD/MRunPNyFZdrHxFJgh21isCxVNUHQI3gVg== processed in 288ms
[2026-08-24 05:55:22] [INFO] [api_router] Transaction payload payload_hash=H3TTZpnmtVkVbwBA057xN1P8gjdlMDOqwxbtjzV7PC1FRlxDo4tfXSaCZ+To7iyTNjuYS/K1qK/G5xecLhEUdQ== processed in 421ms
[2026-08-24 08:57:05] [DEBUG] [auth_service] Transaction payload payload_hash=OmxBdVNxRBarXdhO4E7hkPWpHI4IchT63zfjQ8SbwlLpuRXABCv0zkFojrCx9SiWAbhT3w+SDo/wosyXHEOm7Q== processed in 389ms
[2026-08-24 07:16:19] [DEBUG] [auth_service] Transaction payload payload_hash=/d8DpGxDT79UUD8U/3L7TyXOrC+5S0t7AOUr4gkMebBRX2+l3zFSMVWRWEFAgfBWW/3Y9Q+nSehR7AGRhVa7sA== processed in 345ms
[2026-08-24 10:04:07] [DEBUG] [payment_gateway] Transaction payload payload_hash=vsdX6MAYfnM9BGnMsu+pxsxQH9XaLUGa4oAXNK2uqKBPlPmC3H48A9bm7PdzVzsnNEMRs/a6AU0IFZ77+9h1Qg== processed in 78ms
[2026-08-24 06:43:15] [INFO] [payment_gateway] Transaction payload payload_hash=FL1HNDFScdwecqqeEOP1ktsW2e8d0/MbL0fQJkdzkp9YBQnjoB5j7O1YAiPo6u+wQhullR1r91BYaEYn9Qtzow== processed in 306ms
[2026-08-24 11:07:49] [DEBUG] [payment_gateway] Transaction payload payload_hash=EadtLIyurcKxkUMic62hdFilD7hpPGgIUnQINdIKqbMNviTsmmQPvIApqAAohyxylWHGySJ0UaMeuFJKsPWOCA== processed in 134ms
[2026-08-24 08:34:58] [ERROR] [auth_service] Transaction payload payload_hash=tKgK/B5Ni6ie57B0NGBNkBxyW36MQ8fGmDSeeFIjpbnTBc4z/6qCm1SJ9xgIR75EJVSIBdl6j0KMKnQIVHwpXQ== processed in 490ms
[2026-08-24 03:10:15] [DEBUG] [api_router] Transaction payload payload_hash=1Tj2IaG9+Tly8MbBnbOFK/tD1xa6clIIJd/Sku48MSM1C3iN3bBouLCVIiwSBc6QzZ5OS93tszdBx4uwX0XgYQ== processed in 429ms
[2026-08-24 11:22:31] [WARN] [cache_layer] Transaction payload payload_hash=t4hpS7fiNdcLiFLdWnMwOPrMkvg4OFLYMmIEkTeFE95gdYZtEft3vPPP8mjnug382deVDvoVkge3QTx1NpSsCQ== processed in 233ms
[2026-08-24 07:21:30] [DEBUG] [payment_gateway] Transaction payload payload_hash=r5KB0uaJ6fS12jqstY3yguDUSUR33fP2w0OFgwCvv3Se6FmgzQUu6ka7mUsJFxiSFNHFWuwSnM/fuUg94AprTg== processed in 465ms
[2026-08-24 06:07:52] [WARN] [payment_gateway] Transaction payload payload_hash=+V1oR1KcR1rOliw3CygD6Q//BdWGM+5hzg00qtpvhGtxgwAPK6vw8LPl4xY7BWtuiDshQjv7G1f+iq0c39UpSw== processed in 181ms
[2026-08-24 10:48:54] [DEBUG] [db_pool] Transaction payload payload_hash=ADsfbDrx5Qxeyk1r65GvNvlmLGDLBgL2o+SXm0uxPwJg53QTmxo4bqCSLIE4zmlAnnHI4HZ4R79tQTC0+AgKEA== processed in 377ms
[2026-08-24 07:10:23] [DEBUG] [payment_gateway] Transaction payload payload_hash=/CCdFuA+ikFvlZx1ykVpcfquSnhj2Zrjla/imTe6kcfpveb92SNewVd+H82GgkF7sk4kz9RcapDhCWmoj5qMfg== processed in 69ms
[2026-08-24 07:00:11] [DEBUG] [api_router] Transaction payload payload_hash=ifC3CFsUsDE4/tr2qPv0jt5iWjlHGfOlX9cChs8EM3jsSE7gKMupqIskcF5SPqWBtehMkMkTU956dGETpcpLgQ== processed in 386ms
[2026-08-24 06:03:18] [DEBUG] [db_pool] Transaction payload payload_hash=FRftOrSy0bbDU5ndcK+fNlYa5cEypCRW/ZW49kBWhcFq6bOaP73ARmgY1wp4OIsQYChv0/OWgMBhzcBoaDB6mg== processed in 272ms
[2026-08-24 06:59:01] [INFO] [db_pool] Transaction payload payload_hash=QxC+3C+1MvOB8h5tsqB8jU67KqTLGn4GeNqs54q3P7bDVHtTax+V2gFrgMrXOj5BuKvoZxobLU7gCKzh03s62g== processed in 379ms
[2026-08-24 09:16:14] [ERROR] [payment_gateway] Transaction payload payload_hash=PiCJ/9S5NzJCqU5/W0FLInJQxQL3SEfzx56RxSBMKU+HwK76ptfQ21mYCGtHmcAD7CO5EhnGQv2LJbcgIrCrHg== processed in 146ms
[2026-08-24 03:25:02] [WARN] [auth_service] Transaction payload payload_hash=i7AovpI6draw9OR5QDt84XlU8NsLE8EbkGrTYZeJqJgsPtwOtUYHrPVLw764Y2Z820axyMVA5cTLeO1NIBpXnQ== processed in 65ms
[2026-08-24 02:45:36] [ERROR] [api_router] Transaction payload payload_hash=QyHbESgf2IMKoIPBbXijtz3uXT6rQuCHsvvQJxDMbl5BT+hiiF4iyzeMNRxm+7K/WXpeZ/SDu8D6PtoHVpRyNQ== processed in 408ms
[2026-08-24 09:44:26] [WARN] [api_router] Transaction payload payload_hash=lpBeH9mlXAWW4eNR+OAQ/77xQKZ3QWpIy6qvVS/w2CEo2/tBLePlEBsJB6SYXuZFFVeSSaZDYY+8RMhCSifLWQ== processed in 224ms
[2026-08-24 11:14:28] [ERROR] [payment_gateway] Transaction payload payload_hash=vgvw7814DyTYszW9tzxdH/Pkop77wtE6Kd+ql6bAzXI2aXGTFt0kw0s0yuZTHBu1gLsjuyMPgiZkIJdd++0dpg== processed in 20ms
[2026-08-24 10:13:11] [ERROR] [db_pool] Transaction payload payload_hash=/eyCEjRCZg+8ZfFWwdJWU9MOOvED2kCkdhYgsVdGcqzHDVxPdVKNPehNdY0EG/AW1IyuFIeofOCPfTgD9di8AA== processed in 21ms
[2026-08-24 05:34:08] [INFO] [auth_service] Transaction payload payload_hash=6YhSuURKg5QUuQlli9mNzQP833IXB71waPmTr/PVQ+tcZxYKYNS/QOoDpdkt8Jyw6iehphQ5ANkgLCl3ChxJfw== processed in 258ms
[2026-08-24 09:18:08] [ERROR] [payment_gateway] Transaction payload payload_hash=UQ9iCmbg3kbiLd+BfCrVOdJQR83WYdhdMajgji4y6eR5SrLY1Xz343iUyC6JwzWcab2/XhFk7sPlo7lxr5M5Og== processed in 463ms
[2026-08-24 06:48:20] [WARN] [db_pool] Transaction payload payload_hash=jv8rS4shsftbZOArEmbLaWlQcuaLyQfeuTrj1CGk636+0iKYt0ej930XvFEDnKIhuH2HOuSo002RmEmY6lDNEw== processed in 164ms
[2026-08-24 05:58:47] [INFO] [api_router] Transaction payload payload_hash=P0QHFLL6A9K7t3jrGvkY/GBuVYKE7OvPrQwCEkv0OVsUyLjz0sDnZWGDZkSMTSUPuoXlyannrCgoayJiv9HIhQ== processed in 263ms
[2026-08-24 06:12:17] [WARN] [db_pool] Transaction payload payload_hash=T0Wh2WV9Q8L6Ttewh8YhMYJ9U2MUtPLld3hdTFcb7mm8dd3ZzPHzPiSRkPBQ/BOU9lNHfOAWlVRZ8t2UcmVWKg== processed in 472ms
[2026-08-24 06:46:23] [INFO] [auth_service] Transaction payload payload_hash=2LePSitoReIyvTPe85+EB/H1y3NCD4FF8y1Or9W5AZYP2/9MyPTG4eUzQDu499glsmkchXJ7nPFd5R0Hz7Bleg== processed in 303ms
[2026-08-24 09:14:02] [DEBUG] [api_router] Transaction payload payload_hash=qt8wR0zlzoh5zksNVZzXgfjCS1xPogh/FmoBh1/ZQaKCSXUowfBngZEm+d9z+gBo/Kz/kY7Qvg0496aGBrBs+Q== processed in 337ms
[2026-08-24 06:18:26] [WARN] [db_pool] Transaction payload payload_hash=rZ8mgFfAL8vJhprazwJY8cuWliERHWkdZbweCrV7SHb7f1og2XIUROtmoAfs337TfwLYdLPBViXr8dWr0kpjrA== processed in 169ms
[2026-08-24 06:08:36] [INFO] [auth_service] Transaction payload payload_hash=kc2POM7OnfCSGpF6ejmlR9nPDbC+IGS8GjxCOlHsuUk+3RqHpxD8UrLeUVjhrB0zB69SzJXfACUiWWrGl9y2Qg== processed in 149ms
[2026-08-24 02:44:07] [INFO] [payment_gateway] Transaction payload payload_hash=Fl24qjBERP/CvKEAUVZ2sSm0G/2V9VYI6A7xPYQjqO1GUSVCY0UOuYx012rpSaeBTaQqbho7dVUVA5PUml+riQ== processed in 260ms
[2026-08-24 07:21:36] [INFO] [payment_gateway] Transaction payload payload_hash=ocOa+apRDfvzk5Z57Tcp6vtWbnZ5UpJ1XYqkJHABXggK3RMeET/udzVMU+42TMvL0sumhNGk8ixOFPIdVntynw== processed in 436ms
[2026-08-24 07:02:33] [DEBUG] [payment_gateway] Transaction payload payload_hash=rkTkU274es507BBBjoG5UgxCsfEN1zajmRq01aI1i5d5hUbbIIgTK0E28Z4yIZYkyVihJ0QAN+N6LYLVTD3Ovw== processed in 394ms
[2026-08-24 09:18:56] [DEBUG] [payment_gateway] Transaction payload payload_hash=qe4u+n7c3FMtgTWPOJMW5amV18OIBUSIm4KutyPHFLMQ5iED4xdBVWVXW9G6ttQ1vZKUN4dTf+1G8uGYXmGDiw== processed in 425ms
[2026-08-24 04:55:03] [WARN] [payment_gateway] Transaction payload payload_hash=jNN8UeCs7K2V7AQaXZuqCBWj6xE7RQCfh4DwvUfy7bSzBU5IFHV2NHaKp587nBZx+XwuqZ2j0rdgQnlGczp12w== processed in 93ms
[2026-08-24 08:18:59] [DEBUG] [api_router] Transaction payload payload_hash=UiWpeJTndT1x2tSxP3EGRZ9MbipsZEplTat/nkn1P/xI3Up6kBPFrYS7cWNxgpLnVqTLapAMt7T3mAMUTwL83g== processed in 361ms
[2026-08-24 06:14:27] [WARN] [api_router] Transaction payload payload_hash=kmWQhnyC5Y5Se1KWSBWczKfzjqGRYuMNawNYGhiwl3HqnvSACHZgt0leI2tKUS6StsQCHlM9VoLfp3kPL4iCwA== processed in 422ms
[2026-08-24 07:05:13] [WARN] [auth_service] Transaction payload payload_hash=VAgITDDrx1PFuHbXWY36eRnqdcQT3Oyj4ejmwC/Ronw4+XTXvNHh/BVv3Ht2aRcqGIogsQi1ciV+oCxAB1BOdQ== processed in 115ms
[2026-08-24 02:59:47] [DEBUG] [payment_gateway] Transaction payload payload_hash=5IcqxJ10L4RDa9fziD5wC0V8qmUlM876oVglB+Tp2ofvhaOYqiNvYpIveM+Xmy+FDsExzIcoKCOCIS8YowQcrA== processed in 372ms
[2026-08-24 03:39:42] [ERROR] [auth_service] Transaction payload payload_hash=R9Nmg5zgxxYVqHu/MwzY8u+d2UBTCxyobYOvAOzlLfpuzjvs5jFY8/BjuBuS4I7IXJZnlQlz+sDulkb+Md6U7g== processed in 6ms
[2026-08-24 06:31:26] [ERROR] [api_router] Transaction payload payload_hash=/CJbp57bQUOfG5gfSkWyJA//yaIzXAtmTO74jqPdOcnqrifUS+aYiAUfv19CrF4lUkhx/7byOrKo00RerkaOpQ== processed in 257ms
[2026-08-24 07:59:23] [WARN] [cache_layer] Transaction payload payload_hash=M1DLQ4nCvowSOXA48e9NLyiY2eSMQYXmSORsW8JdI4yuMmJt1zDdxVAElCe0XBYNhuvKkDiIh4HhNgVQhqhO8A== processed in 5ms
[2026-08-24 08:32:13] [DEBUG] [db_pool] Transaction payload payload_hash=7ndC1hPVRs0RA+4PZ/Pzu/2tanmKs7AyCLJUa51KajhqIzye1h5caob7SoCWcsYtdqDV5bEuoCNPDCDY17/6wA== processed in 365ms
[2026-08-24 10:23:14] [INFO] [payment_gateway] Transaction payload payload_hash=VqDXXEYK9aJpf2GZ29IFZzL0cL3k/lBrMmm+qc2XUpHBsNVOkcEthbv+iryd2R+itdDZQjkYmN1AZtu3G1OktQ== processed in 436ms
[2026-08-24 09:06:22] [DEBUG] [payment_gateway] Transaction payload payload_hash=ZD4P8pLeDbk6P/HRr8AAUT4zFYrYdOmlHwdxKPfzP2Z0O3W1KJvBr9heu66K6/qTmdDPOMYOBeDVExbeAOOEfA== processed in 401ms
[2026-08-24 05:31:58] [WARN] [db_pool] Transaction payload payload_hash=4/gjiDBtlwqC1YbRCcLhiWvncx8QCEiJBBkSZe328XQMZF4bFaeEQ1NhU6J7RqWfMjzDaTGTPpaoIyqMjk3txA== processed in 433ms
[2026-08-24 04:20:52] [DEBUG] [auth_service] Transaction payload payload_hash=V926vvCnJ1c5Gp6hr3UHd7wlZyGjZnxO52JiNTMEsTL+njM51Ckkwe+xpZnmzpv2PgwRIEXnKSYqJq9m3XUXtw== processed in 382ms
[2026-08-24 04:04:23] [INFO] [db_pool] Transaction payload payload_hash=+0VFXk4gRyQG448yLTig9UTlgUhwN+exLZT7NtbA/Vd6jw/80MJdpod6WfhGqRUlNwmLf5b6m8PL/Gkhb5A1vQ== processed in 84ms
[2026-08-24 02:53:29] [INFO] [payment_gateway] Transaction payload payload_hash=rAdIj1VuA6rAm3aj2ZkP7Qk+E76m1t12qORztI9RJdReTVTK+69G7A777y1jctbypxXrrqa8DOsGqX6Mporxng== processed in 98ms
[2026-08-24 05:18:33] [DEBUG] [cache_layer] Transaction payload payload_hash=xi+7llqNwBYV5YMmike6fQJowTWwAdhdgDoizskMmN7kjZABOTJ2XKKoEHBW9iC2uZ6C5AcfoW6VqMqJPVRTHA== processed in 328ms
[2026-08-24 02:55:35] [WARN] [db_pool] Transaction payload payload_hash=YsGO/XLvHJmsBZdcv2WsLXPaVrnU8fpMlWYCBcY2AP7OWKug0ykm/1oofH9KKvr/VXoXSTCw/X+y8TrSIoW/UQ== processed in 463ms
[2026-08-24 10:16:42] [ERROR] [payment_gateway] Transaction payload payload_hash=C1zq2DuX+gsAoJp4PLGEd5NMRW29MJrLMuAuNR8OrCNd/RXDCnrG7Y1QX7+83kr4cuzRq4WbaefDQri1OkVxvQ== processed in 182ms
[2026-08-24 09:19:36] [DEBUG] [auth_service] Transaction payload payload_hash=7hlpnY44xf01Xj9s5AYgOPYDX5XZH2sVxTtvV7Mz+8LPkgNTyURbFm3hz7JgEXp84ZCM3XstDgDcwpib8ECUsA== processed in 116ms
[2026-08-24 08:37:54] [DEBUG] [payment_gateway] Transaction payload payload_hash=UzGJPTXUgledccy9P0rOHJ8PK1INVlFbfLPYMoCHJteGgsq6V+DS9M1mDcwRqa9+nTmw9vieNAaP1kUaDpFNyg== processed in 117ms
[2026-08-24 09:28:54] [WARN] [auth_service] Transaction payload payload_hash=U0vQ3RDwCCw7KqLjDybob67q4Oaxjnf2FTUG5pequ07zODHDLYtTuvFYup8206X6rAAQ3GDilfyNz4MRgNL2Rw== processed in 499ms
[2026-08-24 04:48:22] [ERROR] [auth_service] Transaction payload payload_hash=vtPhkBzhwI4rYqns1KUZV37iUuKq0E9b63ZW8oKzjObFqiab+4i2DdvDdxlN2qp4LSdNlZzDhs5E2OxCliakUQ== processed in 4ms
[2026-08-24 07:51:40] [ERROR] [cache_layer] Transaction payload payload_hash=9JVdO1XxEzs0YWcQhawybW+h89e1jLpUGFgk9TrcDjNsjr0+8Ba+0w2leOS0hqLc4rPwyc6Oq109eCYXJMLz2g== processed in 225ms
[2026-08-24 02:26:17] [INFO] [db_pool] Transaction payload payload_hash=B5N5oWNS/im8n+T7QrWDcmmk9sqfZOaSObACbvGDrETHomEgTir+vFOkEtChL1MNJnhNxoass9lvEoy3/ihSmA== processed in 264ms
[2026-08-24 07:51:37] [DEBUG] [cache_layer] Transaction payload payload_hash=WopGgn0ejwxhvCiAkJ9i7EtHMpRUtwddDBa156onX1t4u1ZBjJNW3eHl/2vjYjgDnKwMxC0zgIHeafmoaOeMhQ== processed in 221ms
[2026-08-24 05:05:50] [ERROR] [cache_layer] Transaction payload payload_hash=eqadasUftNMt/QKDBeLpWRyWybs71UB1KQMBrqNlqXfz7jg0gO8ZtKqOYtiY/5ujJ65HCxYSFrpxK+mDbrzEgA== processed in 248ms
[2026-08-24 04:45:15] [DEBUG] [cache_layer] Transaction payload payload_hash=ir+dWdsfoxxHmuN/XKOOeMWYf+g4CbNPtYldKIFDJ0KpDJJVs/PzcMaAzt6QPRgAciI3M4CDqgaM8qbMvoNRow== processed in 159ms
[2026-08-24 08:15:04] [ERROR] [db_pool] Transaction payload payload_hash=IFraMW70f8F3njFD7XQBdD0cXzu/R5cPufF4qSP893DxpfsFSGGP5R8nkdQso5K+Y5UkpM0AT63EJzH24AtH2g== processed in 284ms
[2026-08-24 09:44:58] [WARN] [cache_layer] Transaction payload payload_hash=Ld1PRen6CaXdeX3LJMM2ZlV27H+PQlxkbifOnDuzZXQctAu/jYyj5NL+gjoVp1r5QC4nIR5extNduD7A5qkR2g== processed in 192ms
[2026-08-24 04:44:15] [INFO] [auth_service] Transaction payload payload_hash=HFGQ9hhhzCambVvmiML2h6V3iFDhig6lCL0QJOgK+yvGQDSlfVm30pEmGUbxghSxDKaY8JJPW2tDXeJqk4Kwmw== processed in 297ms
[2026-08-24 11:12:41] [DEBUG] [api_router] Transaction payload payload_hash=2rsBcqJxUm2sA8bXPrVCPgrmqTNSuiQeAYb08ghGkeo2tiJ7IyXiK+9+KykprAz/pEExvBDtUe96Aj1/B7MBNg== processed in 371ms
[2026-08-24 04:06:57] [INFO] [db_pool] Transaction payload payload_hash=eJNp7WKex2TrGVObooOSCrJb2C1Rm0maK2q7vOPApKRGHutc0GOvL5BjaI1UDGVQz+ZFPB3ozBHR7CAdUm82sw== processed in 426ms
[2026-08-24 06:47:27] [INFO] [payment_gateway] Transaction payload payload_hash=Lb6Gpyo8S3icHE7i+Le+kPune3/VH5xk0pTHBHDTDB6zw6/l80Usbksi7KvTr49bNI69+LoVWPLKGtLNgJVUoA== processed in 33ms
[2026-08-24 06:43:35] [WARN] [auth_service] Transaction payload payload_hash=V6fjEKMwTqmTciN7oJZKjkGTzMaMi8ECkGpayTUdBQ+gtw+l0xX6HssnDcRP/aNj1/g0twc+86A83l+pHuP9AQ== processed in 339ms
[2026-08-24 03:51:22] [ERROR] [payment_gateway] Transaction payload payload_hash=q3VLZVkkrfZqKGxLWiPxnPPYlMxWybwibQsYV//g6emee8PDYkkDeuxV1VLyLRtlFu6h6gPzDBloqneOTo4U/Q== processed in 124ms
[2026-08-24 05:42:59] [WARN] [cache_layer] Transaction payload payload_hash=aoI0igVCsJfUlqDgFqnzyuqcYnCH3Vz2dxzdsg96gFx2HrgDMl0W1u19IohjAcrpep7O9ORptC0j2qSn3sgdsQ== processed in 441ms
[2026-08-24 04:20:50] [WARN] [cache_layer] Transaction payload payload_hash=y3iAKg7LSLWXlol4oMIkWbEW03VHSDEjqV9l7kz21pO7/sEbI8rfT98cbN1eJRUDHs9V5KYzdjanxgDfOY8mzg== processed in 260ms
[2026-08-24 07:37:50] [ERROR] [payment_gateway] Transaction payload payload_hash=OVxgmAKPNEYa7k+DjS12UpKDZbDXTwNUdD3Ex4o10glfCoYoZ2FSV04fDxJWgyQr3LAEtbUb6O8Ayffyh230OQ== processed in 332ms
[2026-08-24 08:19:18] [WARN] [payment_gateway] Transaction payload payload_hash=4WFe3FYSG7MnwekJG/XPb1EVKOupjog69TO5XLXYFjdgproFmjgnpA4unBxM+nDc64DSol/Tv/h1RbQP3RmDzA== processed in 485ms
[2026-08-24 10:41:23] [DEBUG] [payment_gateway] Transaction payload payload_hash=F1qZhCUyn6Q08ggFJRA2zxj7TyNbsiobPjdDyChmnUM7axJKP+Zjk5v3kqlHACiB57MFRQOzLlgOjI7/D02wtg== processed in 47ms
[2026-08-24 10:34:23] [WARN] [cache_layer] Transaction payload payload_hash=U1Rzygu0pw/2ZD41+BejMOvkn4n7coN/kEACrvHRaATfHCyxiVIiaORLUJ/tCPTSXHWmv0C8Jpty+WprxdeNAg== processed in 463ms
[2026-08-24 03:17:26] [DEBUG] [cache_layer] Transaction payload payload_hash=iKCqMunq7/R1ppJ875pq3SDY2hi3li3hp0eGYEXqd/fu3pMms/tYyogPFsYOT5ZQK3J27uxNqC7q8xPb7ufFqQ== processed in 127ms
[2026-08-24 04:51:34] [WARN] [auth_service] Transaction payload payload_hash=Fen/UemIEStQrEKR5CwSZatPIRSix/0xEQN2/8D2ngKMmCqpFLczOeu4ff/h8+NC8n1ZWCUq+PHT1q6k053Hlw== processed in 305ms
[2026-08-24 08:52:05] [DEBUG] [cache_layer] Transaction payload payload_hash=tGm5QMDCB0AKg1abrihvuE7LM37ZkQDhIvmPMxCYSAAkBFMaaZmdvbarhfl1uuTUmjBM1BLSKXk1MnTwP4l+8w== processed in 239ms
[2026-08-24 07:11:50] [ERROR] [auth_service] Transaction payload payload_hash=Y9JT34gfI5UJBgvBoeM/WbbLtaliPJMcC9f1dcikkry65cDAXMkVQMmOCEBeNcZCqj+BxHuKPwx8JWOn/Ukksg== processed in 167ms
[2026-08-24 09:45:36] [DEBUG] [cache_layer] Transaction payload payload_hash=f+C8F4bhFHH5a6LpdY/uFXrVGhIWhncImLVeiy39KOBDLe7LkCoN2L5c6MVeFKnaenh23W/KEriThK8EAjgNPw== processed in 326ms
[2026-08-24 03:05:23] [WARN] [cache_layer] Transaction payload payload_hash=pJ3fClMrGZhakPbVt2XL73PfMVLeVu0HnSzN1o85f1Knii2FcaHnAxxEFP6OtZnMAJ+FNGgIUG/2DUvmkWz0qg== processed in 177ms
[2026-08-24 05:53:11] [WARN] [api_router] Transaction payload payload_hash=22qzpaNIzOKQwJrkIMZ7J/uvamr2Q6jBLke927N64JdRakT9mWfSuPxH8eopTe55RXDRpSngj7kWbCcbp9e0vg== processed in 320ms
[2026-08-24 03:15:25] [DEBUG] [db_pool] Transaction payload payload_hash=wIF52H0PZM0IXwEk/tqdUbiryrzoTmQXbm8z4zUt66ROKD+2Mr+8d5BB+uv+6bbRX2ReBgJKhN6vZGtRa6f/Kw== processed in 107ms
[2026-08-24 07:48:40] [DEBUG] [db_pool] Transaction payload payload_hash=rckmVPJAZE5h/j3HhlLAQujkz0l5blCrp1G/VUQq5JjwAy5ix/NnQWrPNhewB7wA/cvQ+5SafcAsDCJ8iFrv9Q== processed in 384ms
[2026-08-24 05:19:20] [WARN] [cache_layer] Transaction payload payload_hash=jIuT0aVCQNVh5RIcq14y/FergMV+iid6XXAW3j7U5Pc2A0N/6wSlEu0wL1HqY6tq9jr5n9FdSME1bw2C7+uJtA== processed in 369ms
[2026-08-24 04:49:07] [ERROR] [db_pool] Transaction payload payload_hash=K+UU6CcWKRNj9QgVmPmOi0uBx15zS9Kjy3CDjbfg/IVAwC6wlr2In01zYFBnVr5X+E5DWdsNOQ1M35tk2YP9QQ== processed in 84ms
[2026-08-24 04:19:11] [DEBUG] [api_router] Transaction payload payload_hash=UFPjl3/eFeQ3ExSpnaGasabsHs75ix0wTYjiIo07wuC0K+AJyoVMk1Dv+WL6ICdYA+5yjaL1yGhdqk2FkQQL3g== processed in 355ms
[2026-08-24 02:38:09] [ERROR] [cache_layer] Transaction payload payload_hash=KIJuJtEzvNge0vH03wMi7TzZxcqaT3z/LtJKB5E+h1BfVdCsz4d0dgcOe2yovnTD2cfPMLF70AUlP+q1zeNyLw== processed in 327ms
[2026-08-24 10:07:29] [INFO] [auth_service] Transaction payload payload_hash=Mv95bNXNptD3+xZ1AmOxBa2FnCmcCDZ/wlS5rYknMCpsF95iw5NmFbsB0u0QbouHdtX+VARCPuu06Pt0vet4Vw== processed in 245ms
[2026-08-24 06:09:42] [WARN] [api_router] Transaction payload payload_hash=QZSyUtykSa7Dp+d5K6XprEnk+loKKGDFR3CkMSJXj+NVFM4hRmW50KHx+h8vX6qtNt6N7JVc1XYM9V/qrR8yWw== processed in 370ms
[2026-08-24 09:15:02] [ERROR] [cache_layer] Transaction payload payload_hash=0wq820OK2g9MnVUY9Ojmz5SwA97D8DD9+SKvSLP32XYmf63bPQWKHoN36rVm0S/Odg7wVOC+KwsWp4i4TKa4AA== processed in 364ms
[2026-08-24 02:29:28] [WARN] [api_router] Transaction payload payload_hash=BOGGQlPKQMMY+NJZJlTc79oC2WwzDtr/2nGLIGwwlYf0+qtJe/LgA98lj2bJq7UJs5sj0TTV2RX+Ks4pB0kfNw== processed in 114ms
[2026-08-24 11:03:18] [ERROR] [db_pool] Transaction payload payload_hash=8Jt5Pwd/nBA4hTl+mSQxOOPMM7ckc8uBydYIz1RAjnWK6LmoCNqUK6McEch2wEjnLJCWizGGM2+DizFV9w1Vvg== processed in 326ms
[2026-08-24 10:22:21] [WARN] [payment_gateway] Transaction payload payload_hash=QYalhhSlHz7j3OoJ0zdRBKgdgKUKfK9veqE1vVw4F7v7ySZNfbhu6LX7NbjTAYo8v//ppRXxPvuuGNQcwi30LA== processed in 242ms
[2026-08-24 05:24:19] [INFO] [db_pool] Transaction payload payload_hash=DfWFHXfUmEq/rsak1F4Yk/2DAQoVBxDKl7aTxFYx7t2Hd9FQhKtDGjN+ojxcwr246YhwNQEQSxdNDvSBstPwvg== processed in 173ms
[2026-08-24 09:11:11] [DEBUG] [payment_gateway] Transaction payload payload_hash=z/WB7tUYt1et0lKwPLBR764ZtTUwItl74mqys6pSxd5+/eKhDA10hcts0g/RIvfRi4a385PN533YYTT8u5KiOQ== processed in 390ms
[2026-08-24 10:47:00] [INFO] [cache_layer] Transaction payload payload_hash=u8NUZNOxMUA/j24wKFx6ZmYYZacdr8Y7ZrDny1yR9GWH3Y+vjFxBW7+K6SLjKYx/2am/mxukahjx7Mzbb/rO8g== processed in 5ms
[2026-08-24 10:18:40] [ERROR] [cache_layer] Transaction payload payload_hash=k7pmkj2clwkb/BeQIS7SpKyZL1LVkSLhyy9W3hawpH7YF+1cXTHKBlfkPBIl0/6o5ygcDZq8dPXHxfQ8imx7jA== processed in 165ms
[2026-08-24 04:44:01] [INFO] [auth_service] Transaction payload payload_hash=ahvCHNgDdHBByCFt+5gvSZvk8lB9SGTP0be+VS+AKxP9z7IxD/a+FOd2Fy/+eCNzd9+cPmNx1p48WJ9RIpwKMw== processed in 254ms
[2026-08-24 04:07:32] [WARN] [db_pool] Transaction payload payload_hash=1Dg8UAYDruf/1TvDt6yLVt82UiTZQHz5pND7TOQzzB3O4ewpvLj+jiavRjgbSx+J3tj648D+aVNPRVK0tnYC9g== processed in 499ms
[2026-08-24 07:24:21] [DEBUG] [cache_layer] Transaction payload payload_hash=teskPm8RkL/wZTNYu+tWTrFUZh0Gz6OoLmVqNzvdrCYveh6VUBcliXQ+VaylxKuzUrx/n9y/1WPWbmwdMRGt8Q== processed in 130ms
[2026-08-24 02:54:03] [ERROR] [cache_layer] Transaction payload payload_hash=kGu6TjOl7jPTKOSGSYkQC9pVavplkNdRsKBCx9iwZ9HJ9nsALIUf9ZRWkFjIDLD+N75NmYw5ZuKRhQawfHjCpw== processed in 440ms
[2026-08-24 06:53:34] [ERROR] [payment_gateway] Transaction payload payload_hash=ztwraY7RlNtGeU3F92MS3ZifGz1cjZLAvRsg3wWzLGZAyBN0dUMNJKsMBwnsRy7qHUL+wThiSdkXGT+nwUzAEw== processed in 331ms
[2026-08-24 03:22:55] [INFO] [api_router] Transaction payload payload_hash=EPoS0hZhjsbzrQrGgPXmBVHSJs9lzgfghKteY4qZi5JSJz94ps9peqZFcP5n/AApAn9n1Nk/w4o2PQou/8B8bA== processed in 489ms
[2026-08-24 03:07:58] [ERROR] [api_router] Transaction payload payload_hash=ZnjogQMNTXpSNxfnkwIjYmhjFLFxxuZmTMRRpd1WQ8AGkVWw7PW6ffRp+HBNzKnrnhEG93eWaRIZGSyQuaGP9Q== processed in 369ms
[2026-08-24 11:03:20] [DEBUG] [db_pool] Transaction payload payload_hash=BIeZV++XeKYXv2P4D1n31eNo5Sh7A3zQEACJaQi86ZLKruxeDCpbtBR0cnstGhbIl8erv1xfFtpDzvp56udeEA== processed in 413ms
[2026-08-24 05:46:34] [WARN] [cache_layer] Transaction payload payload_hash=Q0HOFncZlEtP+kPgs2+Nxu1N3Njh70hI2t6avuLuZO/tmU1a/Ky4K15NKpKNOU8r2SoInS+Q1nVbdagDvhp3Xg== processed in 306ms
[2026-08-24 02:56:08] [WARN] [payment_gateway] Transaction payload payload_hash=x76ESBTqGk6CftIwGrJiBmJX/WiNt/O6u+YeY3vAGdUym3BlAeimBHFmVpRIbOKoYblXevJ0oj3He4B7H9RYgQ== processed in 469ms
[2026-08-24 04:01:38] [INFO] [api_router] Transaction payload payload_hash=UckX3cPteD055Dt0Mk8CptTBBho1K+HNlIHthiGYcjbFDHmY12KMOY427R4puVYa/3NI1qOhr9mKvaKM0vk5eg== processed in 431ms
[2026-08-24 02:59:47] [INFO] [auth_service] Transaction payload payload_hash=H8amoug8POODNn8hp0ZbVUYy+z8UNSaPhFHsl7zp5/lkIZ7hVwEXvwWmXeDr09dVEbKR8iT5ZKKmSurcIVrtPA== processed in 424ms
[2026-08-24 04:07:48] [INFO] [auth_service] Transaction payload payload_hash=sV3N0HD7M1It2+tppf6sNgi2aZo+5rvqbTjrovT9QaVGgQDXToc3VtppfKjKGX8sPVp/U1QKqTW3/pSFUknFQg== processed in 341ms
[2026-08-24 08:19:32] [INFO] [auth_service] Transaction payload payload_hash=D43G7K5Ehyr5uH80tnY0XPP62+Ol9xvUougyEL17d//bYAVVk893zxP6UTCmJwV49mJhSI6UiDnr7CwO0A5bBw== processed in 220ms
[2026-08-24 10:56:04] [INFO] [api_router] Transaction payload payload_hash=Ij+CDs+sOmGGiUWrDvrLOxoelAILbRTnRPQY2I055FR7FSX/LaKgqE/hhHSZENGEvEskel1cjCIqzk69cuzujA== processed in 493ms
[2026-08-24 09:25:14] [DEBUG] [cache_layer] Transaction payload payload_hash=sDszLKiNIDJOXi6iOM5QieQzwMq/5EZx+i//NK2J/WE+SDX5PZ62s0TO5ZKd9VynsSkAdeQq60sidNpI1ZgI1w== processed in 410ms
[2026-08-24 05:40:04] [DEBUG] [db_pool] Transaction payload payload_hash=1DDSfAy0PwyWrNhk1tn0zVHsP5MKEvT7n8QgBXZcG9X7kBjnnhmZGck7kfsfnEWQlFzyIwPNE2t8ayE14YAqPQ== processed in 48ms
[2026-08-24 02:41:15] [WARN] [cache_layer] Transaction payload payload_hash=f62lp6KAJh1XOPNSL7XTekK2KDzoTYICuElddN77A1tF5H8ZXFl8kw9CAUh1YUWaVgXAXw2kCwR0AiCC9f8gLA== processed in 238ms
[2026-08-24 03:57:27] [ERROR] [cache_layer] Transaction payload payload_hash=8TgttJah43BfjZsWEkB0P/yR3PLm7gq2WRoKmp41fFWQhyZbrKtqKmgGqG+CBbPGBXpA29bjSxro0PXXIA5PNQ== processed in 235ms
[2026-08-24 04:49:55] [DEBUG] [payment_gateway] Transaction payload payload_hash=/Cx570jojTKyV0WYdZYnM+U/8HXpqgmv2rQIBFpdlaRgD+BQFgrDnH2JMSyuZX99KWs5iYkJfnM6ixSkpBaf9w== processed in 47ms
[2026-08-24 04:12:26] [ERROR] [auth_service] Transaction payload payload_hash=CA4J52Ie6wRGVeXcxE2UTP1trit7JdqppD/BVAAKW91XzYF+Q2lFIIuSjkM5mtws4pIjZPUCMDEpvv7sP1snRA== processed in 321ms
[2026-08-24 08:50:58] [DEBUG] [api_router] Transaction payload payload_hash=tdXFTIzRmoquYS3Iae/jyeeUGFBgZ6OjQRNveWTRbUpGo3lN+R0Z31Bg8QQ3AqebFwwxQ30s8AwV1AmM90QjfQ== processed in 185ms
[2026-08-24 08:07:41] [WARN] [payment_gateway] Transaction payload payload_hash=xk3AMve3Un7ksIT+LtznYgGI7UXvzrnsfHgHBixAe9oxOZf+OwcjUb1TqT4E62ZcZhYRF0n3q1eeUqHeV7sMJA== processed in 136ms
[2026-08-24 03:41:16] [INFO] [auth_service] Transaction payload payload_hash=zPlqLK6b3FH9/Hyldr6Q2OknXPeTA9qQ/I7Yk+OpnzTcsSOQOY45bIlT+dT0cRSsr+y08KzFTSKJj8dCxYq2dg== processed in 141ms
[2026-08-24 02:50:31] [INFO] [db_pool] Transaction payload payload_hash=hUiIrymZCwSUse+8d0cHlXHwGsM+MQtSIQpkW8xzmJk0B90+WBUfmczftkS09I5OQv0EY525p4rbrmb2imkIeA== processed in 142ms
[2026-08-24 06:48:45] [WARN] [cache_layer] Transaction payload payload_hash=NRX4sc6Hqhl3HdTImXqDyPQqiJary2eBW34/tb9/PffiF6MnKKmDEmfyb0gurXTwb3Bc8jDfy68MDtkOiDKyBw== processed in 457ms
[2026-08-24 03:30:51] [INFO] [payment_gateway] Transaction payload payload_hash=zkjrk4ZK7w6Avnb75VogOfr0nVD2L1v0IKCmy2JEJ8rGD5bF3jfwXTtfrxR1MMXIf1Va/V+RDlNE6rZ/WQSgxQ== processed in 221ms
[2026-08-24 08:31:42] [DEBUG] [db_pool] Transaction payload payload_hash=BvaJG50yIXflVGkT3TlyswV4GwLwF3RlYjJ5L3sqafdX8/1ksn2vtxzAKbbL6SmzeW3GYraX55z5L3dJicPGeA== processed in 324ms
[2026-08-24 07:31:31] [WARN] [auth_service] Transaction payload payload_hash=puUxqwtbIFzwGljRhmK6KORlQpyH/ZjR84bNLAaryjaTimZFMDYdE1HJCSk3PEFqzwAp1v26wtgejZPuWMhLbQ== processed in 3ms
[2026-08-24 07:22:09] [ERROR] [auth_service] Transaction payload payload_hash=pfUJ5XZgsGy0xAVL6YMNqa0/TxpXXVJjW3cxKvu7EPq7n72t6lYRmOXNxXi8s9uD5Nb5hfYJeu/lPiqg+y6wug== processed in 407ms
[2026-08-24 02:23:29] [ERROR] [payment_gateway] Transaction payload payload_hash=xHveTFMh7sRqCe4fgOc0S87bxmKV7G6o743Xw8gqrDpfzlu18i85fa41H3qKGawjZY090HefUUkyrSh8MqjlpQ== processed in 16ms
[2026-08-24 10:41:24] [WARN] [cache_layer] Transaction payload payload_hash=RitGFEu/Or60S2OB5P4tTN44HfhqFD+QfrDHnxEB7i2xSG1BQn5eq89U4D34KoLud3/G0+0cuD+aw8Afz++p9g== processed in 335ms
[2026-08-24 04:51:05] [WARN] [auth_service] Transaction payload payload_hash=AmIRHKYJrKooRhspRTGwhU9FkmIAziUgEf1kZpLhlOd4dhPd43g/1aQdDgAP+iHP7baEQVvdWr0vXW7sgcJZ6g== processed in 279ms
[2026-08-24 03:08:32] [WARN] [api_router] Transaction payload payload_hash=0vTvHv0wCVdGvygVOsBn35nYhPfE9pt53KeRVwOq02N39SPPJPriadkRW49kNiV4MiJELT19kj8gOMyQNTZp9A== processed in 33ms
[2026-08-24 07:33:25] [INFO] [payment_gateway] Transaction payload payload_hash=Po2cMXsSLsOzKitwmMU7Rs1I4lSOfqRumni/KKbkLx2+9AiVwNlmrIkMqc5nmMyCjk2Wf2IqgdwfuiYqW2PIPQ== processed in 231ms
[2026-08-24 05:41:39] [ERROR] [cache_layer] Transaction payload payload_hash=4Ovi/1RBfttJCSo9hXWkEIqyedqUHzWAij0dQzh5rtOxsCotPGqoJwajlagg4YvQ1iBW14d/SpyyNuNf1EFCGg== processed in 158ms
[2026-08-24 11:05:43] [ERROR] [cache_layer] Transaction payload payload_hash=SU5Q1lCM87/1V9BF4xovbi0S+dA/cUwcUdx3ykaOjsS7GgyGJ5lpm79CjbBFCl/GXswJ3EFx5Ggpw+AqljU3XA== processed in 419ms
[2026-08-24 10:02:46] [INFO] [cache_layer] Transaction payload payload_hash=F+GY8NMhyF7DN7o9nxNe1Rtm1inweqaZS4iofgdPZeY8bHmIC3LwtU1ZRkd8Wlo7dwoRdHDDYxkpYpnB9bMu4A== processed in 89ms
[2026-08-24 04:24:29] [ERROR] [db_pool] Transaction payload payload_hash=A2we/VMjFi7r/xCeFoI7q15XM7C0Ojo8Gas7eX6J3kIp95PN8GVeQ4QJhaBIMq3GCBjPGhyA/rTvgSq5okk9bQ== processed in 424ms
[2026-08-24 06:58:40] [WARN] [api_router] Transaction payload payload_hash=z4jw9yglHnhFvfbVz5mn3W9F44zF+I31M9OwjkxObAylztz+uCoS9dEQk4T49yqRkIh717kQw9UIuxjnec77iA== processed in 140ms
[2026-08-24 09:27:11] [WARN] [payment_gateway] Transaction payload payload_hash=0kBpcWvr5iyk5aPb82pUvHBXPAF+zkbdiGob1GolpvFOzekZOhMtyin6JQImR9ibUqG3N8h/kav/fHymjJcvaQ== processed in 148ms
[2026-08-24 07:36:11] [ERROR] [db_pool] Transaction payload payload_hash=zGvkS5L+slNB0NmDRIHPTb2qhIoTlt1yZTbHcSEmY7Hg0T1K3DePhcN1ZyN3EYw5uC+BWZpUkkfB+1GRLJvpqg== processed in 429ms
[2026-08-24 03:46:21] [DEBUG] [api_router] Transaction payload payload_hash=vOdJnCUhd2GUeWQrNSzjwt2z/wuO2cGWyugWQzLtkvH0C27+/Yh6AAxCgMr6OxX7LhLAmK9gxmIS+12jMX96bA== processed in 484ms
[2026-08-24 08:32:28] [WARN] [payment_gateway] Transaction payload payload_hash=E+gVjzm32Xs1sc7udR/WBshAP2EaG0zUYrBylgHoHIwbDHtFXqOqaF4P0iV2myOimi8/TzCmRUE3WX1BTUoliw== processed in 235ms
[2026-08-24 07:07:34] [ERROR] [api_router] Transaction payload payload_hash=UnVIwglVtzFrBR3DJOTX+qv1pLJlQS0DV18Au+H6uueF+Jj3UzMV0dIlKds/4GyoJXwswSI8n2roBdJJUOufAg== processed in 60ms
[2026-08-24 06:43:56] [INFO] [db_pool] Transaction payload payload_hash=HV/l6xZ8Tdrro2cnIBM8xgrnkgL1gVWdbqSEcVPpqHI9eDdJJMAFTmJrTMIQgsLYeSmrmkzUjeoyfz9gxDUk8w== processed in 184ms
[2026-08-24 04:02:34] [ERROR] [cache_layer] Transaction payload payload_hash=Cam+5Szgn9/j1VUh8YLKW7fLBVzOBSvbo3IpJWajyx5N1NwgPID2kXktWA4gyMcARSAbGcLREiNL7qzAYvvABQ== processed in 184ms
[2026-08-24 07:10:25] [ERROR] [auth_service] Transaction payload payload_hash=h90V3wWPk7UCGvyjnII+0aHXMJBYAnI0k7BKBHXJpZ9+p9DPvspohy5tNAi8yfnKYVOFdixcuPAUUz2clxWp0w== processed in 50ms
[2026-08-24 02:28:51] [ERROR] [api_router] Transaction payload payload_hash=GJ69x42ptSUtAMGGkGYXfqsAR/JdF1pSxJa7SuvryLBB12Eh+dh449/h9d0TGFCfgSBI9++C19EihiyyVM29bg== processed in 110ms
[2026-08-24 09:17:00] [ERROR] [auth_service] Transaction payload payload_hash=/97Mk2nvfm91YPXjyWfIYL8QE2nxkHTROImeqO0M9KVKPHXJQmQCTSMwFxcAHfOJJLjpfbYaz2kWrjldwTt5lA== processed in 210ms
[2026-08-24 06:54:38] [DEBUG] [api_router] Transaction payload payload_hash=jNX0YwPzQrYtbl6v+SCT95E67CsCSDqvGQNPCv97H0EQS3lQMmZhFJJSVOP3GTgDkD3BP9EqUcoSttlprnPTHw== processed in 460ms
[2026-08-24 09:48:47] [DEBUG] [cache_layer] Transaction payload payload_hash=wkEcYvujW8eUizopD31GVQPAizneogWrKyV7hsDSj+ezkcekduLEaqwtV7wcob1R0WDPScW4YNveVPl6jbRNNw== processed in 148ms
[2026-08-24 05:53:40] [DEBUG] [api_router] Transaction payload payload_hash=LxGwObVrDFSoAdax0UVGypzGmaftOvBfDxu4/HbmT9Eahclvd70pqIxXT5bZcyrZDxYpApKrDWo970V3iYG2fg== processed in 61ms
[2026-08-24 03:46:10] [ERROR] [payment_gateway] Transaction payload payload_hash=/fHOYF7AMrz4dxoQT1A4X43IyBFImvuKTKBun2RnQeSMMdrZPmPA8JWv9A3qq0q7A6KeU+zJ7WWpfOyvZLjnWQ== processed in 413ms
[2026-08-24 09:18:29] [INFO] [cache_layer] Transaction payload payload_hash=xr8JgMDYdIJ3uMEMKsGDfx64+UqLcxJsHhJqjcGQ1siiOwy0Y9hjtH771+sr1Ab4LUR7fJveub50u4pOsyAScw== processed in 109ms
[2026-08-24 10:41:41] [DEBUG] [payment_gateway] Transaction payload payload_hash=jajt2kRzcyBvvCztqDTlJaR+3PM95mpIELEu8PttBNyDbc3X/RJG35iod4TGC2pw0KelhIRE3PUJhv3rMq4VKg== processed in 126ms
[2026-08-24 03:43:27] [ERROR] [payment_gateway] Transaction payload payload_hash=eoCDDzeyHrCmeyG/CE7StprVilExtCpdx5zMPzdpCiJU1tiExchZiuo2rfKuCmeaMMNGDcErwXijQKItgsOVYQ== processed in 116ms
[2026-08-24 04:33:49] [WARN] [db_pool] Transaction payload payload_hash=ou1BqSDjZbrpIVtQ8u+M9zlUspl0A1XB468BMoiRoyodb6foE+c5sj8uX6wVjy6ngUh+j4dkJgUBIW+KlulK1g== processed in 113ms
[2026-08-24 10:51:26] [WARN] [auth_service] Transaction payload payload_hash=EKz5NLcgAJd0gHDKSXb6HIZwrD0NQnPtD4OS522k0dikSd7Z8MWnxT3kZx8N5QRfIP2Gy+GPNxOYtLoECy7CBw== processed in 11ms
[2026-08-24 10:58:44] [WARN] [db_pool] Transaction payload payload_hash=DXfc4FwRWcgTknXxPVxBsmijW2ni4MkOXK5TY6BzqH5tB050BttSIpfgfGwtKm+T83DDR7Le18gSI2IqJHSMCA== processed in 143ms
[2026-08-24 06:43:05] [DEBUG] [cache_layer] Transaction payload payload_hash=jySFkMvWz3CRUFhzpugsgWMmMYeJYlvIEGJJYaGNqfWwQSnRhGogoQ5PiQPgx/RVzWddA0PqRgZ4AOxH2WKjIg== processed in 53ms
[2026-08-24 05:26:46] [WARN] [payment_gateway] Transaction payload payload_hash=bL9WgxzcE48s19nFFuZiZQXbB39mi9BWCjQQnxtSGkWO5T4mcHjARf+5ZQ03LEWSlxHeLPjwf5jyRoxzZxTMpg== processed in 411ms
[2026-08-24 02:33:40] [ERROR] [cache_layer] Transaction payload payload_hash=WAqoZl39qEDLi1T8TyxKfOrE65PJbfWkdkfKQ+7ZuYfkJstNHULRy+T8xZ+JLhRMlNPZB4EIj2jJnVbVIfE+Fw== processed in 353ms
[2026-08-24 08:09:45] [INFO] [payment_gateway] Transaction payload payload_hash=LuasF+HtnbN43B0D9KqK9GLrexjKK9xDgpfz3TvaxlhJLhqXvlYBbiHElHi0OtUOyk8r0cIenk28EEsqsTXBFw== processed in 444ms
[2026-08-24 04:02:22] [INFO] [api_router] Transaction payload payload_hash=/QjiPc+3r+i2NhxUwfHLoUsMGLorhRdTaRF7+0ax0RGMYdyoXxLRgL0N9CuY/Fn6JqbyxF8nlHALhAqsnQl6AA== processed in 393ms
[2026-08-24 05:13:06] [INFO] [auth_service] Transaction payload payload_hash=eJY+cKvjymplvEO/zuyTcGMLkBROzmJIohnDHqSohLCjPFX7dv3TXvwChK/gCtUMQWV6fLbBhg0i3WaCepqIfA== processed in 467ms
[2026-08-24 04:45:23] [ERROR] [auth_service] Transaction payload payload_hash=BNcvUzizzGI6Sap8t1d3VNcjVb3hAheMAse+6MnsJ6aFUeGaJwvqcqXYzg3WYv76XH/Engm3o7xijBO9BmrHPA== processed in 460ms
[2026-08-24 05:13:39] [WARN] [cache_layer] Transaction payload payload_hash=g6pNvyRPxP3qDd37G92EiSo3Non9CnD8giMIAE7Gq1bLdy+m9t1stbDBMauyfBgmigcVjX+oIgmpAUmtY2/gOQ== processed in 205ms
[2026-08-24 05:17:48] [ERROR] [cache_layer] Transaction payload payload_hash=K+ZyFDUuoBmZEHe9PFdnBF8/VcQyOz83QIgESXEleUQgBjRsNDioAkRFbqIl/W1PSQHrfTS+nC4mj+WSoqy1tQ== processed in 469ms
[2026-08-24 04:04:29] [WARN] [payment_gateway] Transaction payload payload_hash=F0yv6M0r5vG3rBZNa1F2VUKuVcyzPinzFTuA9kUJkp6xw/+5vK00edWdLngPiE7bg18OjRyz4gPqf0TEgYoPGA== processed in 13ms
[2026-08-24 03:53:54] [INFO] [api_router] Transaction payload payload_hash=PqaWe1zFRZiPqUG81ui7PVSsU/E6v0DHDtjrqpCFYe6qtXnEbw2P0rATQD68Jw13DiA6vN9iMqe2CcWC3der9g== processed in 338ms
[2026-08-24 10:05:45] [DEBUG] [db_pool] Transaction payload payload_hash=SiJDQeD82All01b2QApr4/777nkpkEXh8o2OEO0tp0ioeTXgOwevq9IaKq8FTJSMSqzxOOFTRvJZqGHkzOAwog== processed in 37ms
[2026-08-24 05:13:40] [ERROR] [api_router] Transaction payload payload_hash=Yxba4dYELM1Bn9Td6fqNtvL4LzV1xNOtPHdd3XF9wPUD7dbC/DIbZeY/5RPr0VfxYup9JBg005RBQ2Aud9FuJw== processed in 258ms
[2026-08-24 08:11:55] [DEBUG] [api_router] Transaction payload payload_hash=d/HcI7L1rZiYJ6QRS4Cr6uNJHkcyNcD4otV5aLY1PcpyyZk/3LaOsIe5yEQnG+dTdw1PWgDGC0BdFhAWpkSZ0A== processed in 382ms
[2026-08-24 10:36:59] [WARN] [db_pool] Transaction payload payload_hash=MD+FqZtVVy+q+XXoEk/f5gt+GdwpHO5PpZcU3veHIAjnz6ei3UZsJVkLEOqzVoGgL6Y0g1S89RQoPp3Kr/X3IQ== processed in 11ms
[2026-08-24 10:20:05] [ERROR] [db_pool] Transaction payload payload_hash=Znev2i767+0YevmypG7mfiRpdKtzJZyoVlDAGmmoVlnWvfIffP7y/PUG7V5vUJBekr/eTlbZjgmeqmUDaMKdEQ== processed in 425ms
[2026-08-24 05:02:45] [INFO] [auth_service] Transaction payload payload_hash=s6t12hujX9lPZAHfC4hxb6HW+mLc++5IvQ8teTaiFRJPDtQngnz11zDAlOnZVy0yRKEMYVm4SYA4n7agsai2hw== processed in 47ms
[2026-08-24 02:53:20] [WARN] [auth_service] Transaction payload payload_hash=URt5hpCoRoAJyDAtoFUo2FshzMd80B1Z7Oo15bFeSINh0WADnAnVwCVpTfKU1YC5oKxnMJBUf2B8boIG5/7a2A== processed in 10ms
[2026-08-24 08:45:41] [ERROR] [auth_service] Transaction payload payload_hash=u3qkZ3Fe7Dx9KuVJodz7ovIzjQCmhuC16wJdb0QvS5Mr7VlyeNPn6zcxAjkjLKOYJyWPMfVbMSBvT4LgASrDuw== processed in 467ms
[2026-08-24 03:43:21] [DEBUG] [payment_gateway] Transaction payload payload_hash=j5gcxifCVP2cuxwzttZl9KEaqhB45j0l8CR9DB4OuxUf6Ac6IBlh67fd5zao6iUGHzR/+yfiNdOzBynmdVQ85g== processed in 259ms
[2026-08-24 04:40:53] [WARN] [db_pool] Transaction payload payload_hash=lt4D6T1JPFZFl224t5S+7A1t3xKS7bSp+LKx02UIM2f900KUujm3ZHe4nT20yDfXzJHD4wh3HdiOSGVaXv/hNQ== processed in 243ms
[2026-08-24 03:26:15] [INFO] [db_pool] Transaction payload payload_hash=T3PXni4SZ69z+kE8zlPFOKYNVMBDc9DDpYgQ3mU7OjpAaJheRczffkSJWmkHbQdTEGHWXrRBm/qPbCQX/KIJNQ== processed in 381ms
[2026-08-24 08:45:16] [DEBUG] [payment_gateway] Transaction payload payload_hash=WZdyLw+Jj9vcRQFvz2hPWWPSUPyPR8TZkGJ7eeK9FgQnyJ9Q/fs4w7BtQdEUO7lrdhOuCAPlXlWv7dgVo2qeYg== processed in 388ms
[2026-08-24 02:49:31] [DEBUG] [cache_layer] Transaction payload payload_hash=Ek0SzvqeAD9a8sqfElA6bacTV9iLYETlUa7ZOK3i4PSv8y5kSd1C3qOrkKibiOt9KcGg52B3IpkOnSRcUrQBSA== processed in 353ms
[2026-08-24 05:18:53] [ERROR] [cache_layer] Transaction payload payload_hash=4VClqxlDAgDTV9z39mDzoOOpyCy/DX5LERQbDwBost3ZF5i03ltCZh3Oldnlt4GpU+J7cxXFZ7YsDIwe25diXA== processed in 242ms
[2026-08-24 04:59:47] [ERROR] [payment_gateway] Transaction payload payload_hash=YBJhSFIHx0ABrzSV8VifOmz9zBb/WywZ1m+jD/B4SWJG5PSI5bGUOT52iZHYfNIrry1J5VVr/3pQMItbA8Q+EA== processed in 454ms
[2026-08-24 08:25:21] [WARN] [auth_service] Transaction payload payload_hash=H4hGPsThBT+YmQV89y1KaoAPRlNuB7OnAEYPaurpUMeryNcxiGJ+7rKnDp1JNPwNyMJj379sJ3GDfofvn6pJ4w== processed in 417ms
[2026-08-24 05:04:48] [INFO] [cache_layer] Transaction payload payload_hash=Eve68HGw8rysFLrXr1fuWxX3OK8bvxayvqjasbF56+iyWTdKfKWO5kjIHXHguF4u1GLiBCddUXkWnjVMws4fJg== processed in 201ms
[2026-08-24 03:39:40] [DEBUG] [db_pool] Transaction payload payload_hash=cWfIGjd6uZajxMhbI6Pmbb6q0hlpEj/S0ETnLFkzqImvpHFQWPYk8sKg6FNnrnwjQv1EPbcy+OfwkypSvuJogQ== processed in 378ms
[2026-08-24 06:55:43] [ERROR] [payment_gateway] Transaction payload payload_hash=fSvBHBmUvlWHlM2zH1N/FzZg1FrGCV5AjFEVYb69vS8T2r9wVlWqhryLoVWOX80Gp1yGqgG9NRO81bbdjNWuew== processed in 125ms
[2026-08-24 07:40:38] [ERROR] [db_pool] Transaction payload payload_hash=NHuvvVqoZ7L6He+x3+Ul7+tAG/JY2tlqw2pY1Kx4Wf+9JZJl58VuD9utWk+3OYbK4PNyVBUCmAl3fj8SPrilXA== processed in 239ms
[2026-08-24 10:55:32] [ERROR] [auth_service] Transaction payload payload_hash=SOPM+s4FN0+FOazR//ykQzHcc9UGYzkG+c2k+pwS4EJ/+AnlRhpFZ29Z5MII/z3z6BW+aYqBvuDoG8iJOTXovA== processed in 43ms
[2026-08-24 03:01:34] [DEBUG] [cache_layer] Transaction payload payload_hash=BvH7kISP/qja+GxEEMNIwtvNl2EE8YtkUyAROartDEHgfiXkXLOCH4ySkB4yMKWZs/r7d9vxm4EQ8k/lOEGf2Q== processed in 486ms
[2026-08-24 02:44:49] [INFO] [api_router] Transaction payload payload_hash=hvCoaV6SsEDMGRQgy3oJMWaPIxwegRr2k8UZI3SK7Dccx5Fh9sBZOU+uyelX/hh2AmyRjbVM+JXCQFowL6YhtA== processed in 89ms
[2026-08-24 04:39:33] [WARN] [cache_layer] Transaction payload payload_hash=0ZMOPl4ti6uWyZPI3bxOwzbiEoQOyFXstZ025+/tuZVHLsMETIIIKg2Gf4z25viT4kdwJU18dT5fVfBjBkXk8A== processed in 70ms
[2026-08-24 04:10:43] [DEBUG] [payment_gateway] Transaction payload payload_hash=LBNhwpErDm69T2QqskWCjkNZqoIlAFKCefHQcJUgQYqSaOPGRKx4srRub8rfpx7EmqFxPG2mMfhnBwr74d6Mwg== processed in 146ms
[2026-08-24 08:39:27] [INFO] [api_router] Transaction payload payload_hash=rboKbNNnm1afe8R+OIUUSgFGboSCq63TNLd1b27E9F3dTtubPmUw7okGrGWGanUs4d2qLJ4oKmwXFt3KAmVakw== processed in 329ms
[2026-08-24 05:17:22] [ERROR] [db_pool] Transaction payload payload_hash=asEbIZvZ4JFx/FfdFFnVBOj7EJ0f+C6XU+2RG1Pptcl2A8ssE+5nuNWBbpxHllmVWh6PD1vddpo5EDNkfqFlnQ== processed in 104ms
[2026-08-24 08:59:32] [INFO] [auth_service] Transaction payload payload_hash=bC7lNJQwumHw3PIkCzyCQKxrvcY3IQXgm9dQvHtSZoIV7i5IvalzUVAq4gXX2BexUIBVRMUMU1RZgJQcnPZpdw== processed in 490ms
[2026-08-24 07:38:16] [WARN] [auth_service] Transaction payload payload_hash=VAhd6vV1AOjl0hMHP1AjKHuic2ULCdqhYSad7VGbKaICUs2hxrIQLCYfReAnGVYJ27um3NP8lRF8IOePstIoYQ== processed in 295ms
[2026-08-24 08:40:58] [WARN] [auth_service] Transaction payload payload_hash=WL0HllIsfsOG/MUA9EBgcKBz/859/HO+hqx7FoVDp8zlPDZNBissW7HVOInpOjBb5YFAHKuPg2BFLr81uHXTKA== processed in 216ms
[2026-08-24 04:42:59] [DEBUG] [payment_gateway] Transaction payload payload_hash=WsoLqdNhKIiXbf4BYv5rDtboXWWEfOYxM3dCzKVi6/lbeKRwTo7fwLOWKfRupbOmh5zEhgS9NiBFg0Cn32KIWQ== processed in 487ms
[2026-08-24 07:53:43] [ERROR] [cache_layer] Transaction payload payload_hash=NnDZe3ZvhFH6pXCOzR8ir7aWPpXg73fRYEH51DaqG7jiYJMZI55GpasvouVoTqjt4YYrTuSqiUQw72MkIWqwNw== processed in 94ms
[2026-08-24 10:53:17] [ERROR] [cache_layer] Transaction payload payload_hash=YB1+5yMK1G//sLAd9NC837E2h2OAkOkZElin++pfYDfTuvRJhgUvU8R2Pi84j1A9Zwq0X5euxsS5eyFZe0GEgw== processed in 212ms
[2026-08-24 03:55:06] [DEBUG] [cache_layer] Transaction payload payload_hash=PDOh+OF0fOc1b36ZW3uHazKgPJITZkBNv30FcnAwa5yXEEPuk+/4pjs9tlUkqfrQI71DW/iHJd/Km+H6HtCIdQ== processed in 143ms
[2026-08-24 08:51:24] [ERROR] [db_pool] Transaction payload payload_hash=eISMSJw7tihUwK06fqgDWtuDhBPm8743MNLPdLl5FXrfUPF32kQ9UmYIBZOJGUQpE1HIEk0tr6tC9rqe3ZW7ig== processed in 477ms
[2026-08-24 02:47:45] [ERROR] [auth_service] Transaction payload payload_hash=33Mfxr80Sn1fkt9qyUMcqDkmbytav2fMYoMUOzFrJBsQw5ybYqzYBP95P286ByI/pgbU4xVpCEB5UsBHjLKMFw== processed in 456ms
[2026-08-24 02:52:22] [INFO] [payment_gateway] Transaction payload payload_hash=4iJnez2RvJ0BwNIFG3XM63exui/kSkJkf2CQf9aV4TuaVXcOMTXaO1+nDAIkKEC1y+a3nmNdamOrbfxnSeySFw== processed in 38ms
[2026-08-24 05:16:11] [INFO] [api_router] Transaction payload payload_hash=nIjIxgap/nNTmmD09KaazXd/KCfMoerYZoFMjWvb9QSeOQfSirmzVEHXAGmewuZB4qTUx0ou47LE7ujlEw85Gg== processed in 442ms
[2026-08-24 04:30:22] [WARN] [payment_gateway] Transaction payload payload_hash=PudEuCLF//PrKfCMSEPLV40Qp2awXqwTQFkxE/98W8sfcp6KbYH11VxuYv7oiIQTIhS4uP69Cbu8wRNCJnvmHg== processed in 498ms
[2026-08-24 07:39:35] [INFO] [api_router] Transaction payload payload_hash=EM3C6VgRgyYfudb4LvVGN/ql+mIBgOFCNd4bcG30lNQgZOmxG+ea0VXvaBc7A4UNbCdzS+8NfigFL2qSTWWx9g== processed in 250ms
[2026-08-24 07:08:21] [WARN] [auth_service] Transaction payload payload_hash=cj6PLA38DZ6s8qWXZBz1qzEVDYtkyK0K/a0tW/kwHzueR1yXHB7b1Yq/Y7HRCUW03Ljp+6TU5klcIskuM6+nHg== processed in 247ms
[2026-08-24 03:23:59] [WARN] [api_router] Transaction payload payload_hash=P+3h8TWSf9kjFOgCO5IaSIZq9zdG+FKFiyCtNmnGiNVzZRGdIW8AgDlwnw5ypKo8Rzp9DcRqCyuy4zpT8lR8KQ== processed in 39ms
[2026-08-24 11:08:45] [ERROR] [cache_layer] Transaction payload payload_hash=br6j5LTD5ZhO4bJ0TnWdXTqUYnYOF6eSvioFHqdu/olr7o0bgin3e/xBiSPlUFYGq/ZPxGFdJGXYHEJ42AHjRA== processed in 320ms
[2026-08-24 02:31:38] [INFO] [auth_service] Transaction payload payload_hash=JD1rWGL22tkXxUsJeYo6xlC2wX+q6uoOlJWzIQAb4OsJ/OqIdLQQX51EsgZ9//99EPyAT9o0cgLdyYavOf6qdg== processed in 114ms
[2026-08-24 08:58:16] [WARN] [auth_service] Transaction payload payload_hash=XdFezcvlBMbV8SdbZVtyYLVYAQ8G8+oSZIbrF2cV/7sFvaSNzlytIyUJgK0Jo9a7RBeDFA5tI0cln4ObRLQZ8g== processed in 395ms
[2026-08-24 02:28:53] [INFO] [db_pool] Transaction payload payload_hash=u8wUf3hhNNrY2VSltB6Vb1MCpPuXVMBUsoGMWcIogCrSQomvyCtucpuNql2eLLcPDKed9FCUMQ7ovvwUaeadIQ== processed in 311ms
[2026-08-24 03:47:28] [WARN] [api_router] Transaction payload payload_hash=80o9qlgJX8+uBa6fvZqNGQ/MnQPZEzq/Xfw0JjlyUqYgMn554t/AwGFvuFfikEraE+7jHxVfgA+IBERkXEw9tA== processed in 430ms
[2026-08-24 10:49:35] [WARN] [payment_gateway] Transaction payload payload_hash=zF3HVNvGj+0zQevQQVaAxF2LugYe0M1k/+5zMTV+BXpr3rG1VfofAf08kaC23+0juscjvoQzEzJhBplH0gXT3A== processed in 467ms
[2026-08-24 07:10:09] [ERROR] [auth_service] Transaction payload payload_hash=0iXyElO3KliEjvsQPTTm+Hn2sAIL+PwbWUbNzYJdrmxOdOzY/2xHhb94HbfEzWXQA+7mZoHLGVZKhmWRidz79A== processed in 417ms
[2026-08-24 08:39:17] [WARN] [cache_layer] Transaction payload payload_hash=OB405WsgyJMTMm5TUSqr4mAAri1ROQ3PC1DCCrdGrfCbZBFz34zVJG8e56ySQlikNJ4rK+aN/HGlpnesIey6eA== processed in 385ms
[2026-08-24 09:36:47] [DEBUG] [payment_gateway] Transaction payload payload_hash=SiXU1z9Zskm5aQof+wxSB/XClCjyu7qLCSi7eKdVWJSDTDZZoFabny6lVQ73AcEuMwZnsViXELrn3eOW56ysfg== processed in 444ms
[2026-08-24 10:32:24] [DEBUG] [auth_service] Transaction payload payload_hash=Nvpa5LYy3YuVPF4j48FF5yuZ0in3mZitoRxnUKAdhvukmQ8/TBGgWYK12Odf3LOWQ2HFukXY/4HyzT4AAX6FRA== processed in 147ms
[2026-08-24 04:41:40] [DEBUG] [payment_gateway] Transaction payload payload_hash=0VSNwRC+EDQVwOOrJFWoqQL23rNPOD7Vac/gnDYqR5gPme7IjQpetoDUwpbVLlpn1VYMGXO1jTILhW1WRNkHxQ== processed in 22ms
[2026-08-24 05:42:49] [DEBUG] [db_pool] Transaction payload payload_hash=cV2SuwPD8JNocbMRLXHoVaVt6N+4LIsUpFfsubHETilAHS5pyV7saYGKd63vqUNTRWXFa9zGtZWh0Zjk20SmMg== processed in 283ms
[2026-08-24 07:53:24] [DEBUG] [auth_service] Transaction payload payload_hash=Bw5XCL5XxRujN1aeDrAL+JwMlLa8rhp3RuOKVJQAJQ0ucn+j1JHHX/ZVdNZ80f6JdQ80PqUI5MvLqeb519peqw== processed in 417ms
[2026-08-24 09:45:55] [WARN] [cache_layer] Transaction payload payload_hash=6Fm6BABP2qDLsCLNWE85mN/+RkS9V1rrrxCLxY6dMVErvnLdNRtn+rqs0ZwnwOBbgz+UB7NXJyQAIqfE1wbKbQ== processed in 24ms
[2026-08-24 08:59:52] [DEBUG] [payment_gateway] Transaction payload payload_hash=aV8gW8NVfxH4ApJKlekTPJOsD+aElNhtnnN7NSCI+SKFeykKXaTOUPdDdh5umJVxLLVK+PIvxcfKEezxBiVvkg== processed in 416ms
[2026-08-24 03:56:16] [ERROR] [db_pool] Transaction payload payload_hash=oOgDqcsCprniG5482fWLkbzdIuSIoFKtNrx5lFva0M/C8lts2ISCrHBATLg2AcM2mslfWCP9jrzaMxduYEUWsg== processed in 93ms
[2026-08-24 08:43:03] [INFO] [cache_layer] Transaction payload payload_hash=BvTkP3KuX7fDcs5Y9k4W4sv3yl4Mvktq6j8UXeN1xkIBaOy3N9GzG/hK910KN4FhKH2jtuEs7TeGxC8N/lsxyw== processed in 173ms
[2026-08-24 07:17:25] [ERROR] [api_router] Transaction payload payload_hash=uVFMb9oqSNUsWa5q91lXzHNzpmwtXpktzN2H7L/KOTGqBlLbN9dd+e15ufPF7zR7OkGTzPb3va3+ujveAw0F+w== processed in 155ms
[2026-08-24 06:43:35] [DEBUG] [api_router] Transaction payload payload_hash=eQLthDoz9t1M6WQ3QpfiilDm6oo0oC7MUe1br2hXgJ/eqvEqC4lTY7lKj8wK3OGrBPCVfFuWdcSpMYi+RMOW1Q== processed in 309ms
[2026-08-24 08:40:29] [DEBUG] [cache_layer] Transaction payload payload_hash=ksDWGlBph2umv7kqzPLWNOx5Mrom6DBiH6jD29w7Q3kJxNVi6/Eho20TDVgIb/+u1COlgdsrvq5SAXrDDkWA6A== processed in 63ms
[2026-08-24 06:28:02] [INFO] [payment_gateway] Transaction payload payload_hash=kpstCjsoaQbh0BDywFYr1+WmfP2CSOeaamG4F+RGN2e9ZVG3qos+uQcRJ34j6iZDpE1pr6pE8MlVAyLmtGpEjw== processed in 140ms
[2026-08-24 05:50:40] [WARN] [payment_gateway] Transaction payload payload_hash=fnWQ+a3I0dRp+V7bSa9620COLaQbQ2IC0E8UfHuvmuyLMOK1d9TS0gNqvl+QV4xFoG5050w/dN7zwRO3PHgv8w== processed in 458ms
[2026-08-24 08:12:03] [ERROR] [db_pool] Transaction payload payload_hash=wQwWpVMTeblA4SUZoGISNVYzckwFpsenfBI5RXP+l6y9L3mXVvc2mpPYotwugnJ9wrvgxaZCu+rzPKfsVXnqng== processed in 105ms
[2026-08-24 08:13:29] [WARN] [auth_service] Transaction payload payload_hash=fJsZsgn8zBP1mX3azqkqczZlzreTuoTubPfRIl2a9T5INgw5V7/HoK50tlD38mSwpXJjC08+PrVWpKh+se/yqA== processed in 129ms
[2026-08-24 09:50:45] [ERROR] [db_pool] Transaction payload payload_hash=t4fVa/6cI2YhXd+eFU68LVs2gwN6WDNkJTq313W+HfCK/EJKEjL//pu9GAuCX3WXJkYq4YpbFaaArXdh+NhxVA== processed in 96ms
[2026-08-24 11:24:10] [DEBUG] [api_router] Transaction payload payload_hash=N3V0tsVbFE0YspsBVeXqmLfntvMmDLw39KnxTxpfnS9tfCP3Bs2P50jW0gBxPl8d81czmPv+PP+BTFVmvXKiKA== processed in 394ms
[2026-08-24 03:40:32] [ERROR] [api_router] Transaction payload payload_hash=JuzG9U5CIMBcJjS52acOdIuBZiDDCoiiY/vjZKbV5cm4U5K6/bR2J/BrH4gIHB/owPO9RdRXVzYM5U9uYJcD3w== processed in 167ms
[2026-08-24 11:17:34] [DEBUG] [db_pool] Transaction payload payload_hash=eQvOhAvbSEX1p3/ci/n4bqwnJo/bn2MnGLxlsfaYNAPohk+Jmr2w0DIKznPtt89LkfoQT4nsdziKNIy0sXq2Jg== processed in 127ms
[2026-08-24 05:30:42] [ERROR] [cache_layer] Transaction payload payload_hash=Q3rO7MiCkCYcn9+6b+P2UrYcQjv4fjMXr8uy5v+1sODT083amhPZbRcuW1Hr5Epc+mCBhSqU5ItqBHcDC4s+Ug== processed in 356ms
[2026-08-24 06:28:01] [ERROR] [cache_layer] Transaction payload payload_hash=/oFayswvaskTck4LisA+0bMysk7DmUXMR22u3eib4BTUm5VrXOFGQKkh2UrkLJc+oT/F9UAICr+qAF7rgXPfkg== processed in 131ms
[2026-08-24 10:31:44] [WARN] [api_router] Transaction payload payload_hash=HVRLsUsoS525GzW4mQNAEqdlhVje+ufC4fS60CzZxdsdyfY9wx06ejz0bwjj5+VooCC269Etx5MRDTgfXS/fIA== processed in 153ms
[2026-08-24 03:09:45] [WARN] [payment_gateway] Transaction payload payload_hash=Lh8ZQbxI1D+1jRCrIRbShSPexRcO9hG93o+ziMJFc5cjbw3li54Ql8F/BEIm7OvqF0fLmBMCeOEBHANr9Yv9wQ== processed in 272ms
[2026-08-24 03:34:26] [INFO] [cache_layer] Transaction payload payload_hash=Uixh4Mo6q1Mp5RtQf/D8DoG+sqLlZLzoEj8crUlhcQ5aG2WFjy3kI545HoC0B2j8C54ZLx9/+/B4WNwBjlf1dg== processed in 250ms
[2026-08-24 09:57:41] [INFO] [api_router] Transaction payload payload_hash=zv9B+P3iQMjMNmxu25tV12vWTmcbNhxWQ9MvLJXE32/+G/GsKou0fZ+Y/s/Z0CNNXWrgbOkhzzIZpWUWsz1niA== processed in 384ms
[2026-08-24 04:32:04] [DEBUG] [payment_gateway] Transaction payload payload_hash=/bI+sqbJ4l8tMaDDRb99WBHiQtjZxqWZ6CKRfl81O1XoyOzc1dQH82OSTPCB5atV6gXLeyt2MFXcIy8eN9/OIA== processed in 464ms
[2026-08-24 10:02:10] [DEBUG] [auth_service] Transaction payload payload_hash=PPAteRXsWcGdTdJBnZp5z+LQ9fikMXmFELDThtalpS4cn5L/NXU+v8A0+1B3RdQVvXe0rWN3N+CNL6SQ0qGv0Q== processed in 315ms
[2026-08-24 04:02:23] [WARN] [cache_layer] Transaction payload payload_hash=sNoQb/YA3SHLkoz44qcS8j4sYSpp32uBADifJz66FH42Mm7tYrlbQ5DJgbSaX1Esiz785IZRwvXsTDFUAkQwFw== processed in 381ms
[2026-08-24 04:38:55] [INFO] [auth_service] Transaction payload payload_hash=nnhcVVMEYSNktw5OGVqMaWVskMRZW5p3cZSjmf5zpfLppMo4DftjauJcajKzR6N1bkbEwq46JyR+hpn2ikSvBA== processed in 246ms
[2026-08-24 05:34:02] [WARN] [payment_gateway] Transaction payload payload_hash=zm+GNYRJXuiJ93F56tMtD5+9VDCPc6Shli03QiiD8msDQCLowVB8MR3NqRIvfT57BbR+jiglvCjYkDHXPVYecQ== processed in 69ms
[2026-08-24 07:11:16] [INFO] [db_pool] Transaction payload payload_hash=CJQP/c5xasUTnLoVkIjv0+ZcTFpYznLFjgJta99DyvjeMSxw96QtnRAo1Hjn5EahFfnEwGRbuw8GL4Z69Q29og== processed in 458ms
[2026-08-24 06:59:17] [INFO] [auth_service] Transaction payload payload_hash=wyNgSQNXBHaeWMn3L81JjuKydaXg3PLHvJ6VCkP2PwjE0/72C1WyLQ5P28xmY1nCw7H0cuwgurr0cW3yRU3HPg== processed in 255ms
[2026-08-24 09:58:02] [INFO] [cache_layer] Transaction payload payload_hash=zS2FYQTzwOLU4BIr+CJswHAdJ6DMUDplIQg5jKESklpPFnRm6GR3ri1RWJjw5n9+M3Qx4p5HzyMFTmZThe/FtA== processed in 482ms
[2026-08-24 09:20:44] [INFO] [payment_gateway] Transaction payload payload_hash=VNtMc1oJVDtd03avHcz0/8P9HPoEtRMK3UdUqT7tjFaHJy76l3v6TqTUE/Y0k8/E6Ltzs6zUi435TIZIre2MqQ== processed in 302ms
[2026-08-24 09:45:13] [ERROR] [cache_layer] Transaction payload payload_hash=iRGUi6MtDnRm5zF1hdblVlY4klMFa/VCt6eFYYoFCS2WG4Fo8b3G9D+Ju/ij9SziOgGKjHazJ/D8pVAz5rv94g== processed in 51ms
[2026-08-24 07:34:33] [DEBUG] [api_router] Transaction payload payload_hash=+8821RT1AVPxZCTmRAkJ0Efs1TBK8sTCiwbdO/j+RX5j9ieSI55XLqII1Cqn1Wa3bVJhxppgdhqbyce1tnmqXA== processed in 125ms
[2026-08-24 08:00:08] [DEBUG] [api_router] Transaction payload payload_hash=YZbMJOfW2sQv7JmimLg2BDOLLnOXvSIdiz8YO5LKAQmJy3TYOW34HV2+iquThyCPSRRAhZAMIdfAj1Bm9YLBJA== processed in 13ms
[2026-08-24 07:44:41] [ERROR] [payment_gateway] Transaction payload payload_hash=5b00+6kyo0wra5Kj1c6at1igwkdDJiZE6e1ekP21e69/IscTzoj0t5CQvLf8Naen4aPH3vEYgblLDWK6oGzGkw== processed in 226ms
[2026-08-24 06:27:38] [WARN] [auth_service] Transaction payload payload_hash=EKVFNZ1+G/yO0bAM6tuTFygdLQiO3rSWBpSbWMEVA+tXYCxptIf5LuSVdSlrsQp7/WRlTKvDGqZxAWGNGKO81g== processed in 158ms
[2026-08-24 04:40:40] [WARN] [cache_layer] Transaction payload payload_hash=qeD7x9qFoRwrxfwAWsqHOWTOXKTHjo44gITiCU0CXaDh59veKo7f1eH7UOif074fQ9YRHNvKy3CAzVGfoi7NQA== processed in 77ms
[2026-08-24 10:29:49] [INFO] [db_pool] Transaction payload payload_hash=6zzwF4DZWf90q2q6ux+uB/qJ+85hKgAdXQ9uA1EJILWxG2x1mz+TJ4pjixRtdoNe/E0fZ0+SYpBdHU2Qq5oXtQ== processed in 309ms
[2026-08-24 03:48:59] [ERROR] [api_router] Transaction payload payload_hash=fYrq1Rh3t6qgZSZkEe2QbMeKy/LR42FjiAzSEA533pnirp9er0OWR1OEk7cgcH9q9lPdsw0vtf8P7M/B4ZbjrA== processed in 385ms
[2026-08-24 10:45:51] [DEBUG] [api_router] Transaction payload payload_hash=Uy807qJqUSKNYnnilZ5JsT/c9jOClCRGe6F18vLnitnlxElUR5TOwzmCV79E6rT2sctWDrnw9IVJrekXN55LZg== processed in 74ms
[2026-08-24 06:01:39] [ERROR] [api_router] Transaction payload payload_hash=ES2UH6wkM4x8hwThGuilUfF/skLQd+uS4q+Fl09rLQQy9SR4U4EBE0vIFC45g51hkxuz+6fMzp0FHJyjDk2JWw== processed in 412ms
[2026-08-24 08:53:33] [INFO] [api_router] Transaction payload payload_hash=SMLVxNvsjLaTqHkNHafwgF1+5tHmE9Iu+goWT9JfcmwvpiesmcQ0BuMSu2/iVSeqWxHYCtcNLGXSizBnWntVNA== processed in 302ms
[2026-08-24 06:50:19] [ERROR] [payment_gateway] Transaction payload payload_hash=qOE7LTvTR1pkoYQ+s5uU1CBFT13xih3IYqZL2bLSwZHXErQbF3Ns6sbbipbE1X+X03aX2dPeOMIc5UQaDeGSdQ== processed in 367ms
[2026-08-24 10:31:00] [WARN] [auth_service] Transaction payload payload_hash=2I5SzpW22nQZwS1f3angJU9g6vjlr0N96VwNSi1zfjh2HpB3oTEJRif2Qok4IwYfAx1sbQweL3M49feb4rOLWQ== processed in 215ms
[2026-08-24 10:11:58] [WARN] [auth_service] Transaction payload payload_hash=KTAmKBkU//L2f6alPwrWKzgZtOO4tDhRA4ttg2VpiaWGR8Yqf4Rnnk+BZ40vfC1fNuCZNn3exUA2zwCkt02BiQ== processed in 157ms
[2026-08-24 05:55:08] [WARN] [cache_layer] Transaction payload payload_hash=5JmhhSKLlR0tMVMR2idjW9WGJkKEBx9ORWk/GpGWmWoCKJErgbZwjHUjx2INARLfVXh1sfKcXk3x9IfI92RlMg== processed in 170ms
[2026-08-24 03:43:07] [WARN] [api_router] Transaction payload payload_hash=1HAUqtRvjJ5npaIHQpd4J+rYi8hHwpinbn+YgEYVIS/LFebG+KCOPAdF4GKjgLf+YEhMZ+srIa/7Z04vQ9WcAA== processed in 231ms
[2026-08-24 04:12:27] [DEBUG] [api_router] Transaction payload payload_hash=ZzTwp8qAQ6QIIKUsqyS8rGJWDbaH6FN3NyZu7E3YyhZM53B91oHVhwtZRxrfP5pJ4q8ib1fFLUpwyMPlj2G5ng== processed in 408ms
[2026-08-24 09:43:29] [DEBUG] [cache_layer] Transaction payload payload_hash=Dt5hmL9sNMaI0RQAHQpr14W49BmfqrwOHbspXeMf5M/ycMeQrAF05FF++C4pyWp7gnHpNePf0OghlMgtz1SqHA== processed in 353ms
[2026-08-24 10:28:47] [INFO] [auth_service] Transaction payload payload_hash=e9FqRUCwfJHrHFHERRs/OkTdit7mtbvCo42f8BOfQVXzL3LxbPUjj6ZIpWDsTYfi7lbI/JMsuFkTq/WAUYCayQ== processed in 407ms
[2026-08-24 09:28:26] [INFO] [api_router] Transaction payload payload_hash=lc/4pZFWovUyIQT0ICPVK099UL9IwhCyBjP4irEfEuXS4TqoS7xntxzVEeS7Y15bgvefk9OWe8NI+igorCd8Zw== processed in 377ms
[2026-08-24 03:40:01] [INFO] [db_pool] Transaction payload payload_hash=C9SbAGq4NrQeAEvFDHH+OEZrvOFAAP1HHt3B0DfOgBHCpEqw4vX2UkSW4pBfkfVGheYtlCghldTIk5xbuwTNWQ== processed in 137ms
[2026-08-24 04:21:09] [DEBUG] [api_router] Transaction payload payload_hash=JgSUXHQQhHQibU5GGh621OmJo2kN9uUZt1PO2ohvZ1G1JE81ksGrm91d8slCIySHUrtKG4iAC7eZfw5dLcdnug== processed in 339ms
[2026-08-24 09:11:34] [INFO] [cache_layer] Transaction payload payload_hash=UpIkj10x8N57M2incLlMPWcUzyHiThf44W+77Br5ImZ+rxO21p/GOjQQPvIX8Mv+c4kMj5Jaxt2FBBrZ3QzGQQ== processed in 272ms
[2026-08-24 02:56:14] [INFO] [db_pool] Transaction payload payload_hash=siDbBzMtQTZexWU0mQPd7PzC7sD3mokn+PkhVWT8j/NQtPEIGCzWQ4ujgOHdE+Pe3OHGeMLovfD8W0ic/BMY8A== processed in 38ms
[2026-08-24 08:33:31] [ERROR] [payment_gateway] Transaction payload payload_hash=NtzoLv9C9gD/nrIXFy7JAVqW+EgO3aLZbw8Y2wkP0PbIZNN7w6vOv10/nnmC9QWvIOspIuVdUZ4YvzSCsn5lHg== processed in 447ms
[2026-08-24 06:18:24] [WARN] [auth_service] Transaction payload payload_hash=hEtjBcfP1QG5gFMsrn/+qeIdcWwVLMYcP5VDTfAq3Rv5W3moSnV8w489mvh7r848Iy3C7cqLhF/a1WYWJObtdA== processed in 456ms
[2026-08-24 04:40:50] [INFO] [payment_gateway] Transaction payload payload_hash=tdzBjkBNoMfybEqQNk7oDNg9CyHjqBD0NvMh8wys86pDZK/5xh8d3RS834bvN0tYVTJ/aTeNMWpVRHCcqcUjjg== processed in 462ms
[2026-08-24 03:14:17] [ERROR] [cache_layer] Transaction payload payload_hash=vM+9bIzIv9q7bKv7f3VAyj2ZuNPqyXjl5gExqK78+1zF+l7NlZIPh5XoTKuwzfi/eCAnhwq9zUK0onCiXxaBzg== processed in 66ms
[2026-08-24 04:13:24] [ERROR] [auth_service] Transaction payload payload_hash=u42JXQMie1S2uKaaOchqojSF4uCngn4+D0gHO2XRKgaED4wh34MDeO8Ipwgv4+jB3UK2SUb9491/alzKlK8NvA== processed in 121ms
[2026-08-24 02:24:53] [INFO] [db_pool] Transaction payload payload_hash=jGYbggTXHXfQRrDyx3z9J6FhsXcD3p7o3QkpnVmk1JPkUAzODEjpNg//Kph51UuDBLfwpnjuVFTotFtz7Nh9/g== processed in 427ms
[2026-08-24 03:37:30] [DEBUG] [cache_layer] Transaction payload payload_hash=EVBaz9pBIhQKIidXLJQ1hArgErOD91WSCKFX2oeauSMVP8KMg7brRDfIr594N1EZpPBSZ5pe0mV2kpQsJiZUjQ== processed in 93ms
[2026-08-24 06:18:45] [ERROR] [auth_service] Transaction payload payload_hash=PQwNQAHGpZigsT8vRgnOoYRD1VKxfh9LfGz0y1Crd9EaSBGOvh2D19UWKnuyzM5AAKjZKaXX+Go9e3UbaV6/eg== processed in 104ms
[2026-08-24 09:49:07] [DEBUG] [payment_gateway] Transaction payload payload_hash=W2NxZriTHb4QleFLkdcUUJVQPYQcjluzVMVNkXIDVnTl5CJUvY/S0g+JWbZhw+5AS82kE9IXPQrjgq8mGv0Rlw== processed in 133ms
[2026-08-24 06:58:56] [DEBUG] [auth_service] Transaction payload payload_hash=9cAbphALttaV1cmM2eIhf5+TclZ2qFPI8oxzbX/mmW7kJatiX7g1YdqMP7i06AM8oHLHL+cXlULxgGh8pAlvOA== processed in 483ms
[2026-08-24 04:59:03] [INFO] [db_pool] Transaction payload payload_hash=fVzDyLArxIh4Ik0ycCkX+zQIdu8DxVuWLhvXLILpW6FwD9/26msWbyMEVN5d4QFQhUX+3LaxDjdtmjzDFhW09A== processed in 446ms
[2026-08-24 03:47:22] [WARN] [api_router] Transaction payload payload_hash=HHy87TnUE+jmdX5RkVu8lG430uh1yA7ATD5jCQbN0/sNCPbqanUDkREYmDY6P8/dPrk5GGDhUlw+G64FMRSM1w== processed in 259ms
[2026-08-24 02:20:57] [INFO] [cache_layer] Transaction payload payload_hash=iPPQCpAF8KuFwDdkXbXNYB3+yEi2rK1rqRUpmmgxGC4kjQSyn+TZgNhKCr4eTSGARiSvCKKMc5/AaR44oE86IA== processed in 289ms
[2026-08-24 05:40:46] [INFO] [api_router] Transaction payload payload_hash=pcV7bixnW8py70lTBscMTCqx0IxdCZiDYCCvoQyhI9yF1MfM9KOnNKoLwCm83+1YHYRQS7q+bKvXmrWs8OvtRg== processed in 280ms
[2026-08-24 10:18:00] [WARN] [cache_layer] Transaction payload payload_hash=/b/rI7NMZSauYJjFg1X2N9EVJ13sRVt6X7OvE/2xQ1u+5MlnSI3JKjGorqzw9eD+YnLMTnN/gVkETKVhqlIbYg== processed in 220ms
[2026-08-24 09:14:39] [ERROR] [api_router] Transaction payload payload_hash=oirQm9tpK5fRK3JDhCBbQwaJDDG3aEesfvB+I2fa2rOOqf98tBsRUPn1Qgk+j2fwM16U1ZfBFBUq6jf6Xn48MQ== processed in 198ms
[2026-08-24 11:06:03] [DEBUG] [api_router] Transaction payload payload_hash=A2fG8vWEbI1dAd6PTpyDN0VH6Xmlf0S9zjVBGaZAvuojiA6zNKDR2e/RS1qr1QJq6Zru97zE/Jf3DeYg04C0ag== processed in 105ms
[2026-08-24 10:01:28] [DEBUG] [auth_service] Transaction payload payload_hash=8o20yCrPWKAeP4sTabHLx0PI3OoVdrg1fhFBbDwWw+CIA8y1TUqL2FHgYrY6GE4P8uAxEzurEtY65d0WA0GoNQ== processed in 144ms
[2026-08-24 10:56:37] [WARN] [auth_service] Transaction payload payload_hash=Re+KE3KUy7n9etjVuhoH9SWovr2Lu+gXJ0Mrn3IrPyxec/BHf5764zdhwe84a4MhdUQb2R8JgHva7e+5gmN43w== processed in 195ms
[2026-08-24 10:15:47] [WARN] [auth_service] Transaction payload payload_hash=ho3Dhsa9nK6P8ihZ+OsyzWwRCnMGaGZLJZEKV/77JSNdnzXHmClX1PoRTB2dWtloDxVL60x0d64t5cha77PZrA== processed in 231ms
[2026-08-24 05:36:05] [ERROR] [db_pool] Transaction payload payload_hash=8u+IsS/bwE6fJVS1v++pSGSUNhOvH6TFN/d+qGzuqurq7pHLW7mSFRzLbtxPxWpn2FvwUi36ZUw0ezn+26VNnA== processed in 93ms
[2026-08-24 03:12:24] [WARN] [payment_gateway] Transaction payload payload_hash=9UDaB8lACwDx9dSKaxj+WVBa67BUTTMLml2yVhDStVpK2gXarL+wjqmvTyBzcrhLq+iW7qFgFNKJtD8E6uG/FA== processed in 262ms
[2026-08-24 10:00:35] [DEBUG] [cache_layer] Transaction payload payload_hash=Hc2A2Ea5o8+gDOhAUC3aUlayAA4i8y75g+4rjVGJXK1EoBAulSLGov2l0qDWKNTwbexXuYH5uCiLSHLinn3heg== processed in 421ms
[2026-08-24 02:30:08] [DEBUG] [cache_layer] Transaction payload payload_hash=1F+sH8B2kVVpbFoeUc4zjmE2RNBpNpKJyva5+nRLMdLa3CHXOyuZBE06QiXYFNY9fkw06Tv+iiIsrQ4ysTH35g== processed in 189ms
[2026-08-24 10:30:51] [INFO] [auth_service] Transaction payload payload_hash=IcVCMygj7YBrNNOiXBA1XEgfGL1KuMaIYnyM64L2WmGVShKzKzHyRuf2XYQqpEQDO435w3v9qcTt/UtOd5c2mA== processed in 480ms
[2026-08-24 05:03:16] [DEBUG] [db_pool] Transaction payload payload_hash=k+sc6P7Jllp1ebIbi+bx0JExJN+3mSwzvwmJZElMvYdBYje8q4WLCJKbNfoIv8hnZI1sCo7/JpmYY4zYgXZYIw== processed in 122ms
[2026-08-24 11:23:31] [INFO] [cache_layer] Transaction payload payload_hash=o89fxo4Lhy7+XCf7756+8WDz2lu7qgUdBbm9pmJ9EYSbVW34ygPAXJVdmVTnfdBIKtFbeXpX89R8hzcyH3ndcQ== processed in 390ms
[2026-08-24 07:26:30] [ERROR] [cache_layer] Transaction payload payload_hash=2zZFP+Jbyr2m4Gc3JjNBKPbalJ6mreQ/Mlp3l2GNoq/YDp77TPxjBaQdJVY8JhqXNBaqjgxGSRK2G0HFUmN+Rg== processed in 289ms
[2026-08-24 06:21:02] [ERROR] [cache_layer] Transaction payload payload_hash=hViufJWPbl4fs+LZ3x0AUUJQHvLzWk462RuXQFbzvfX6iXiXTNV/Tfii+eK9AC7S3atYKEoe2tCqbh10cH6ixA== processed in 395ms
[2026-08-24 05:30:00] [WARN] [payment_gateway] Transaction payload payload_hash=qfNuptrNYW6sEsUQx4jebOo5nWbAFJZk5au5NlXKUEb+/Yayq5l6caRgr3+6mhoA773MImeH0W3O2hW6jP+AyA== processed in 144ms
[2026-08-24 05:09:38] [WARN] [payment_gateway] Transaction payload payload_hash=nhqLGB0fVha1e4wJgFlLQVJhYkvU7zksnml8wXBY5sTWjT8ZCHrOvfywTPzMjIZXs4CfTISR38LLlTvTsUSvXg== processed in 442ms
[2026-08-24 02:24:30] [DEBUG] [api_router] Transaction payload payload_hash=Va+Q98k9Osrg+mbpMYEp7qVpj5bPVdrK2HSuVfxuiC86ejdzhNW8zPDV9/d+WnPosugdKzuYmVe/1/ZHHK+mwA== processed in 382ms
[2026-08-24 06:32:38] [DEBUG] [payment_gateway] Transaction payload payload_hash=jhxCUAlRtkhJfZjg0VkGYIV1CzolUf6Qzl1JpxEort9jVI+0SvZxsDR1U9DSIohVSIfjDEhI8BKt2yS/rsIrOA== processed in 443ms
[2026-08-24 05:28:50] [INFO] [db_pool] Transaction payload payload_hash=dUVlyI2V2zAdgRw5ZhJzV281g5JRktoE+Qq7q7gmuA+aNBE33N2TYjpYEdQapJWsXTEuVs0PDGgk/mXx3UPfiA== processed in 488ms
[2026-08-24 05:16:47] [INFO] [cache_layer] Transaction payload payload_hash=zyy2AJKBg1xGO7fWCgUUATvocsK6dcBq/LZcWjp22QZDbFls//9qJd3AKE+79D3Qh3DT9bEls/Fsh994htM/Yg== processed in 15ms
[2026-08-24 08:23:25] [ERROR] [auth_service] Transaction payload payload_hash=9jfIuxM7rYo4p05SsEffPmVG/Tgnipa6kzyhmjJAlJaL1E3UMDOI+xqapzDHQ5Xk0gyG05WB2H67E1Yl2eNGaw== processed in 425ms
[2026-08-24 10:35:43] [ERROR] [db_pool] Transaction payload payload_hash=hnZzH2wvMWpG+QiDLYk7nMmi1ZSaE92U9SY7Zfq1N6z5L3N9owsaaqGQVV2bx5THzA8WRTvV7TSbK5c2jSXPTQ== processed in 470ms
[2026-08-24 11:20:41] [ERROR] [cache_layer] Transaction payload payload_hash=LclyT5UDmh2HI5W37A2cHkeM71LxWseR3K08kz95ZfE3HsV79aOKV9lTfbsjaVU4hvGlLiEDgPXij/bl0SzF9g== processed in 318ms
[2026-08-24 04:46:44] [ERROR] [auth_service] Transaction payload payload_hash=5w/F1LEmDL3hVIBeZFtJMKYMUu74F/ntqOGJnmSg/XFBcNqQvoDu93jlppv8QqCCXSd/YTInGMpPV3pHj7TgyQ== processed in 23ms
[2026-08-24 04:34:02] [INFO] [auth_service] Transaction payload payload_hash=zBGAJmSXVlAJ8N+FqiUiXHvm0e2i3sI+qmw5gd6XdUq7pjXWz8i4v7lLL/eaIQ7cB0MZ4UU6LucILS0ntLJ4GA== processed in 307ms
[2026-08-24 07:20:06] [INFO] [cache_layer] Transaction payload payload_hash=tBy3NVQQQnjz/NRKFWlB1CtbHKr1TVXuSw92cScLhXfkg31dTy9Elwl1i7Wp/Gog7KAB49b3O+7edcQ6yo/JuA== processed in 471ms
[2026-08-24 02:54:34] [INFO] [payment_gateway] Transaction payload payload_hash=fPAzUSe3AaIoZTcaGzJErBaqAwUJR/k8kVDQxqdVlkSmuocuKSb6XBiOZ1VSMrmoR+a/Ie43AwQi1IYwW80ZIA== processed in 44ms
[2026-08-24 02:55:59] [INFO] [api_router] Transaction payload payload_hash=O9wR2r5FGq8IxUHXkcGAhVYztvEY9Mt8aH5zCFNAKVssqsOgckeTxyPDoGfSN6kslVc4154ayZsqTmMvGPv82w== processed in 90ms
[2026-08-24 04:28:00] [ERROR] [payment_gateway] Transaction payload payload_hash=JFI8M5MNDzBROwQwo11+tV4BNpR7Ys6YJhuIENm5wQYPbElJejMgPqVxom8Zf1/GGqq3NpahYcSAwmB9s9th9w== processed in 445ms
[2026-08-24 08:10:25] [ERROR] [payment_gateway] Transaction payload payload_hash=UzbVE/TgIOV7Ql2P1wkh1S7482r2KNZ8yevikI3mNv9yp0DSMY7JHiki3lCQebgjynQHfv4zmfF3EvOY8CeIoA== processed in 351ms
[2026-08-24 05:18:49] [ERROR] [cache_layer] Transaction payload payload_hash=Q+2oOihe4vhll2JxJORSZowotSZwkeZIDgwNkWcsuGJ9UHZxmyoeW19786+Ctq7UzwcGhXBSKhodQKpPsEonIA== processed in 238ms
[2026-08-24 04:08:59] [ERROR] [payment_gateway] Transaction payload payload_hash=nWzD9Nz7B74WhHs3l0YB4pNCMIe/f8QeuvorQVzVa63uKWnVi5fmuygVtr2jxZgljkHctu8XI++bxo2NSM31Rg== processed in 343ms
[2026-08-24 05:50:29] [WARN] [auth_service] Transaction payload payload_hash=5tk3ftbzQWTqoXKoxr7J4B/K2CdvHzNWsJoc/X81xzKpO2tYN4DZ6aAdyPyYc9dyqtz7Hqdm9WvKF3doD5fYuQ== processed in 183ms
[2026-08-24 05:21:06] [INFO] [api_router] Transaction payload payload_hash=p5aL49v+/mhAh6i/L056l6NVZugKJE2Pc4+sq99g0YPpTD0yPhPgucYweH9m4izOqL35/rmL2ozGBDAsGzbXzg== processed in 375ms
[2026-08-24 10:15:25] [WARN] [db_pool] Transaction payload payload_hash=2I6J6YwWA/jaYSuykVMKgqAPr8n/IrMImCsf2c3bVY6I00FDOJxO0K3apSkS90QJ18oyGw9trkfWr8y71G/c6Q== processed in 487ms
[2026-08-24 08:08:38] [INFO] [payment_gateway] Transaction payload payload_hash=O09YfEDXHxdZl3yflbhTudr4Bg79nJAEPCOr9MR7sEPycAZYKjEbCmFwkonh3QxRlY1YmLnGyt+0z8QuiWz8Ww== processed in 91ms
[2026-08-24 10:34:25] [DEBUG] [auth_service] Transaction payload payload_hash=PtQR6LD1CmKIBWdtSZfgZELr2kA4MhGgztHGXBomjVPP9LdtC+/F2/LE2iRb61gCHgo8V/jxHA27H7MKlxfJ/Q== processed in 76ms
[2026-08-24 09:31:32] [INFO] [db_pool] Transaction payload payload_hash=31z+VI9gxgR4yZ7asIsckrhPVupAN5tF76Tj7GZo7ZD1I6oWpscUp4f0r4Q5OFsg6KQo/smMijr6TVa3RGKjEQ== processed in 211ms
[2026-08-24 10:52:50] [WARN] [auth_service] Transaction payload payload_hash=Um4P7OE58j5nUj+WH6MzJ9iiIuADnOG03aX2jRejVJ9EEGqjso3BnnpLOwMYKROX2l0BqTKSH8lNI4ralcBmxQ== processed in 445ms
[2026-08-24 08:49:41] [DEBUG] [api_router] Transaction payload payload_hash=z3CEgRyXs0BrP3WJaSpBJDpcUNy2NfKI85kDsXlLXi7TJVoeesM37QDHWRUAJ2cgI5nxsGTXvjulJNg1YsQdrA== processed in 121ms
[2026-08-24 04:11:56] [DEBUG] [payment_gateway] Transaction payload payload_hash=ajYERkPWok7B2pkDWbX7vGCzIq/LjCHtEIZH6N2ArR3ZcePI2ebBlmekW4lDSJ7r+qXYJL42intFW2MR7mxfWg== processed in 229ms
[2026-08-24 02:46:41] [DEBUG] [payment_gateway] Transaction payload payload_hash=+4/c1eh3XePZqztte10On25Vcg709npHGWDG6lKSUCxXZz4Xm4IoCgu9pg9Ph7lmCy4fDHLXIiEcU1xOdKUSHw== processed in 201ms
[2026-08-24 10:52:52] [ERROR] [payment_gateway] Transaction payload payload_hash=Ssgt9wN/ueMtFo83Dnj/pDjQCJr6mvRzuEYeLggQaQp14zRAEYRJGskGzQWI4jcK9OcXZ3xuyW1YBIgJXZzN0w== processed in 419ms
[2026-08-24 02:33:40] [WARN] [payment_gateway] Transaction payload payload_hash=PPNToDVtpI/Wd2SqE6Xq05ZeVaa65eIlx1anOqJOY2U57D+qq4j4+f+OrgKYYn7Q3UVIHcTKtlugiAoX3UUMxA== processed in 248ms
[2026-08-24 11:06:31] [WARN] [cache_layer] Transaction payload payload_hash=VIAMOq9805ammSEST1oWpR+CBfp9jTJ3uxYNU7NmoKg+fdlEwnb3eHVy/rttVppa42MPgfG5Lbi6IwmFSlsTTw== processed in 373ms
[2026-08-24 08:58:54] [ERROR] [auth_service] Transaction payload payload_hash=JVZ7sedEgqa/aWrClXwh++YPcZTpfZ4nvujPZ3eaqwDfHTa6ADDFCSu+pcQ12Y8TaBMQib/W8452UtOrv//tzQ== processed in 368ms
[2026-08-24 11:20:48] [ERROR] [auth_service] Transaction payload payload_hash=Id5flR6MNU64rw264UGGLNhHvUWKJt60HmrrTGhBtkTqvcWqUVZPLsD0bgyPShVH0hdOJXvVsTFipQvSMfEXbg== processed in 356ms
[2026-08-24 06:07:54] [WARN] [db_pool] Transaction payload payload_hash=Rfbfyv0bPXusDF1qkK8TNVvV9P422o2XZoZTiKK+lqqMFcVzEwbPA7v3ygNNChWHWbqKX2sK9YEmvYVJxJhUoA== processed in 42ms
[2026-08-24 09:37:42] [DEBUG] [db_pool] Transaction payload payload_hash=COGQ9HzFTVri+RTictL0YzRM/5e2PBs7RCDC7qpfcacd8O1C+KfhppOQbRkd+OEEVzKjNta5JME8domiHCpB8g== processed in 150ms
[2026-08-24 10:21:38] [DEBUG] [payment_gateway] Transaction payload payload_hash=qC5ZU4V0H8GGIcb6j6abhLGKILXWHVSqzs5efQAKkoFXIJmTE280DAoGeLXJT8e+U/x0w507+ug67zFOAFiKhw== processed in 371ms
[2026-08-24 06:42:44] [DEBUG] [payment_gateway] Transaction payload payload_hash=qCeOU6jXUdKr8kyEmyCJYgE57a7uVeeH24sZM4vPM7KLXKBpQ7zZ5CR6Tbgso4VkD4clAIn/39/nHnXAXOKOjQ== processed in 195ms
[2026-08-24 08:45:35] [ERROR] [db_pool] Transaction payload payload_hash=hW3eY5UAz8Cf/276n58YbAYmZqM4F8c2J845u4viocFGlYuDxGUV8XdA6Ot4Uz2PMD28fcX8FIGnjuoANu8poQ== processed in 109ms
[2026-08-24 08:14:07] [WARN] [auth_service] Transaction payload payload_hash=/y5/4IocpXFSdIEmDryyV2UAt6Nx1Ar1VBe5qyVBxEpILVV5ubAiVwrTEjT1sBksl0dP+jxO1FxrqOiV9J8XEA== processed in 132ms
[2026-08-24 08:56:31] [ERROR] [db_pool] Transaction payload payload_hash=1olCCeQoE+p3G3qv1SMlQrqy6dKEk+tpwU8gNWR8IpJ//n2klh1VJF96B/FTHZDUCQZOPWIM6qwDIpn6Cuo97Q== processed in 148ms
[2026-08-24 04:55:48] [INFO] [api_router] Transaction payload payload_hash=dcCNQCqzqipugmw0t3VZkzH+bN2onJTWfbIjZf89AwxNMkaiBeFjU38CsQzvcIsntfCDH7UvjwYoN5a/KZTFJw== processed in 362ms
[2026-08-24 06:19:04] [DEBUG] [cache_layer] Transaction payload payload_hash=v8s0O66vOLmr/hw7Yy0wGfYKuybUNR9PmWzsyfBpPjpKeLhOesHpwPuoBT1/r+mHitPTiCx9VWkZ1NkzMVlH0Q== processed in 18ms
[2026-08-24 10:39:46] [WARN] [cache_layer] Transaction payload payload_hash=9S5wBw5CUKYO/J56n9E9EmeeYkukjjyiglLzeJDwXQEGJhwbN6OoJa59f+jUIC+2Gc8k4eCCPWYxV8pFq+1U8g== processed in 191ms
[2026-08-24 06:16:40] [INFO] [cache_layer] Transaction payload payload_hash=30E8vs/FDGkAinZFbNgdCsyXZu14hl6OmsduuhaMMf9p3fWpb+bQeTW6k0b0VCZcdFJPbg9nDmsFOR1PWPBTkw== processed in 230ms
[2026-08-24 05:34:34] [DEBUG] [cache_layer] Transaction payload payload_hash=PVoLkLF1dyjJ68Qyo78VqOTRpf03QYtEGgxhUSBJ40V6u8+qvdzntRhFoN4tQFrJ8DUJ2ZYMUAqLgpu9ac/mTQ== processed in 16ms
[2026-08-24 05:24:15] [INFO] [db_pool] Transaction payload payload_hash=gTgC3Tni1pNjFwuJB1LrXIqcswN/8RuHG7inXUNUm1FtYXBmpiCE9TidyG9dxbE5LONLW1njsISGCZjgfJ5PLQ== processed in 212ms
[2026-08-24 06:03:20] [ERROR] [cache_layer] Transaction payload payload_hash=nVCFgiNUfbcqXNNW0lCUgQ/pSYYRZU8retmwQj7dMgEqK+Ze9O55bXuTyUf3QTwbGpxXgZmOYesIzJANXc3itQ== processed in 486ms
[2026-08-24 04:29:20] [WARN] [api_router] Transaction payload payload_hash=vxINGFOAOXQEihvLF98ORpTVLbSxSgoJ8POod2GNVpOKDxN/hpD5MbkmKqoC4eXZuJxhB9USsk1ML9BWUrq/LA== processed in 288ms
[2026-08-24 04:51:15] [ERROR] [cache_layer] Transaction payload payload_hash=lQ8H5GEO4jvm+AaeESMKNj4KBPy0fCU6w1/xI+AVbhNm5fM62J12UvfJ8vXKl+SSEuJ0InsiDeIdWSEkS3IqrQ== processed in 266ms
[2026-08-24 03:30:13] [ERROR] [api_router] Transaction payload payload_hash=Z8+mgAEHjHcBaUrrqCFG6B6ehWPTsHnxZ2ICGPvNNI2hTZW+AckT7wGF+fv/jDIAM7l3djNKpEJghGsVwxUq8w== processed in 450ms
[2026-08-24 05:56:53] [ERROR] [db_pool] Transaction payload payload_hash=qgNapuMczZuOtYOMqIdxlCuYqUeb//PTWl3kDpt+2BuCuguS8tmpZH5Z1GODrOH3003sIGeGta3H6gDWwO62oQ== processed in 196ms
[2026-08-24 11:23:40] [DEBUG] [db_pool] Transaction payload payload_hash=mz8sYUcUKctUGjmrL4aKUPZMdfdSTCnlWfTOvgRG/xUx7vfgs9kmi+aJr2NMgBe753UdRZnI59w2e09afJae5A== processed in 450ms
[2026-08-24 05:21:59] [INFO] [payment_gateway] Transaction payload payload_hash=tE4yowNkqotyhbdkA2RWf+FfAmhNoB7kAYs32bw+hAIXUn/yngv8UHKKcm7QmDS96udjhvvVsTeBLQoUDZ5q1g== processed in 227ms
[2026-08-24 06:45:44] [DEBUG] [auth_service] Transaction payload payload_hash=I6RJHoHCe9Fi3U4RxjOZ5O76IjZWl8XwbRH82VdGi/NSyfIeS3JZOqssD21+27grsaCiaK5bD79jpjEAHUpSyQ== processed in 323ms
[2026-08-24 07:36:44] [INFO] [payment_gateway] Transaction payload payload_hash=lji/B+w14gkGJFys8SaLzacNP0YeTdTDoz8qPrfFtSDPhz0D6/tyiEUqwOv2PtRAsHVDdnBGgLnxLUlMSq3AUw== processed in 347ms
[2026-08-24 05:42:29] [ERROR] [cache_layer] Transaction payload payload_hash=NCTEIaLRkiFG6ujt9Z4Q0shmNV/EMZWOXxG6NuOgN0LpqOwXvrqyGxkhR8bfsHZaNT1PiFO+/AMk0doGYMcrMg== processed in 377ms
[2026-08-24 05:24:09] [INFO] [payment_gateway] Transaction payload payload_hash=QMJudgYCbHQn8Bj3wMv7ovqv87nADVippUWv3UNq9rxUHZDMlmKAkuVTKcmNoEXM1v2eHmMnrsBGcnl8i92Ezw== processed in 118ms
[2026-08-24 08:59:28] [ERROR] [cache_layer] Transaction payload payload_hash=sabRBZjNLctva1RURWXUTm3VntukAoBfK9xadZrPF2iNmeL3nl/2GK2TXMLomQPKJ3lhnPJaYjNoIksvI0oKVw== processed in 385ms
[2026-08-24 02:36:24] [DEBUG] [api_router] Transaction payload payload_hash=j4pGlpzdgKTUhzpG1RwfcmHJ17WtFW9gyWNI4iy8RQQgBZgfS/rmnojaMrLskdPNy6gD+2DrSWS8aKIuoznXKw== processed in 188ms
[2026-08-24 06:49:39] [WARN] [cache_layer] Transaction payload payload_hash=BYOt2vuINyNuKYdJ2/U82VlqsBKk6UmFBUEynOno6EDLth77w65lOI6dcPCv2gRBqYzD2rKRZnyy2is6to5o8Q== processed in 186ms
[2026-08-24 05:17:46] [ERROR] [payment_gateway] Transaction payload payload_hash=Ef9uCTK+wtlkoQ6iqSjyj+QlsUwC8nG4Sfkvl6p88DfTqLl4uQ5lEl3OfXWSZGUj7Z7ywwainki2EEFz4lDgvQ== processed in 386ms
[2026-08-24 10:14:58] [WARN] [api_router] Transaction payload payload_hash=mx4a8SZplE2Bpr2Vivgi7j9ZiROatlR20mIlKGTJnLN/iVaef4T7uzISzQsxk2QvYsvv0FfFUI/eMXm2u4eiaA== processed in 74ms
[2026-08-24 07:12:09] [WARN] [auth_service] Transaction payload payload_hash=DsocWIWcir3Lb/+H+Ryfvtf5PEZGnsZLG8BvuLnFbBn2tLf189/FYSZqvPwk5FzuL2FUbJb5QbJ1dIrbRBgO6A== processed in 7ms
[2026-08-24 09:20:30] [DEBUG] [auth_service] Transaction payload payload_hash=XDLENx991TPyyslI34SkxXcADGkfuMnSIeX1NuQDHP4kje1J/uO8Wj+30jvPMknSVKjJ0x5SMNYyPBcXwopQQQ== processed in 112ms
[2026-08-24 09:46:49] [DEBUG] [payment_gateway] Transaction payload payload_hash=0agc4oLDNNoDSLlwJj+apmmfGsXg3XJL9Uf1lI4bgcJk8fN0kcoSTubNb+FLIRmVJcXuZNCKeC9lTWEcHoZ54A== processed in 466ms
[2026-08-24 09:20:48] [ERROR] [cache_layer] Transaction payload payload_hash=bG0ukgSdKB2+Q2o6HMczIfw8iO+R01TVG6VSZTBYJF2pBxAL4Ws4HqwrF0sHtBjCjp/BtZgrELsh+P2DMM6P2g== processed in 485ms
[2026-08-24 03:35:17] [INFO] [payment_gateway] Transaction payload payload_hash=dfr4piwYa3CsI4fZw5p2Ew2TOs68MuLlz6QilA848HlLNsgPcbxhvRK8P6JgT4DW4T4lTts/lD1UIqM7aeS6ig== processed in 426ms
[2026-08-24 08:49:28] [INFO] [cache_layer] Transaction payload payload_hash=SqduDLdgKK23X09dw9JoVx67PxShhfVcrohfwgSO97gzGWHhQ3k2hBBqRyhBDUB1EckrZqY7pwRipC5xx8bHxw== processed in 423ms
[2026-08-24 08:07:36] [DEBUG] [payment_gateway] Transaction payload payload_hash=8CJggJlybVhxBNkkzW2A22H1C2bBzpfSE7zq950hKpoHv+cX9EyWYivQvuMh6Y+EfbfSzBrjuIIXPJgb46k0Mg== processed in 242ms
[2026-08-24 08:32:36] [INFO] [db_pool] Transaction payload payload_hash=FLvlCiVO+/IihQB0I2jJXMGjtAuaB5bb2SCRBUpPYa43hI2qtTCmODMJ4yaSjIaCIJQj9bhW2VgviMtxl8ORYw== processed in 227ms
[2026-08-24 09:59:29] [DEBUG] [cache_layer] Transaction payload payload_hash=htQz5T0KVDpheIxG8zJYBMx2T83dx39QJ0UKrkr19cVzrb6LMFrTroUHNrEn0wq+ilNsoa2DYzsIfz0266EO2w== processed in 362ms
[2026-08-24 09:46:49] [INFO] [db_pool] Transaction payload payload_hash=WpFCb2SzMjtM+f/chqWm3TD0S+YKT9qr0I+qo5ZA6BuPwc4gEy28Ik0WOX/5b+BEyb8M+fUcTF6VH75qJOR9iA== processed in 422ms
[2026-08-24 02:43:06] [ERROR] [db_pool] Transaction payload payload_hash=M1WEeM0LHkSKyshPfVoz8ytlXlMup8k+3OwdJcvDeO1kQnFKpg79yug/kM44ZaQVZEnUslT2EQr4qXXmUS/HJA== processed in 419ms
[2026-08-24 06:06:01] [WARN] [auth_service] Transaction payload payload_hash=O7N8ASq6hfwilVYA/XW3QDOy7d0hd3gbJfMYqYsi32rtmXqJQWrcfHhiYvUgdZm1dfeQ83ezrnukMsysVw5+6w== processed in 374ms
[2026-08-24 08:36:09] [WARN] [auth_service] Transaction payload payload_hash=XNsrbG1y7/mlREIHsJh5oGqkA627bJxvnBb1QPZDFWDNbWwjQ30gQB/QcJ0xxLW5dA/i57+zbkNgt3STFWj7lw== processed in 402ms
[2026-08-24 07:34:17] [DEBUG] [auth_service] Transaction payload payload_hash=Vv5xIyPRJke1kjm/9eNyHIXqXf+wUyPTJMO8u4UDq7Kmrxb7kof8DgK9a//kPg7DBvAecDXmn4H9LWMv1PoHvg== processed in 489ms
[2026-08-24 06:52:23] [ERROR] [db_pool] Transaction payload payload_hash=OEdGdjkUv5lQfDVZp3P0adfH2W4M1GVQQc8I9D0dNhU5jyKmJdXVwJyYDv7cRvdhvok6c3lRXleCaSYUO4ABAQ== processed in 445ms
[2026-08-24 09:30:02] [DEBUG] [cache_layer] Transaction payload payload_hash=GkUsBaucs2EyJjZFjJ7j/CnFT2gef6tzTT4r8UMtAa/WpNrQ0+GLru9hGYTCqQcCH9HAcLuIh0Vi7oKWlefL+w== processed in 90ms
[2026-08-24 06:33:06] [ERROR] [api_router] Transaction payload payload_hash=Ly5Hd2xejUinZbmHejV59ZZQyDEXkivhEp7D7LDZ35wKu56LkwrUDyv21VMLRDdQNcSnWV/4vlxQ4PlhK9Y4uQ== processed in 405ms
[2026-08-24 05:36:34] [INFO] [api_router] Transaction payload payload_hash=fq1CKUyy4ofKrnzig15OXguwc1gc9FMvDBWsIJFPixNNT7KH1wXbAxGZuA98q+yYI0XiRHtKxBC3Dnca5nClzw== processed in 289ms
[2026-08-24 04:16:49] [INFO] [payment_gateway] Transaction payload payload_hash=ir52AODcKLo6HQtHZis7wr0JuhOyBHeyNGyzokIpq2QdvNrB6EyNgNprUZDmuhI9EynxE//MSorYMAHhBJMZRw== processed in 258ms
[2026-08-24 05:24:41] [INFO] [cache_layer] Transaction payload payload_hash=AS0uq7AdZCLyg4wWcXrx7+duUqTphAq6IGlEbAmkEvT0U93qIQqBFP5pLZiVAOsdQQSJ6tRxO12Wag5RYWjUIw== processed in 285ms
[2026-08-24 06:04:13] [ERROR] [auth_service] Transaction payload payload_hash=Zt1PYY051MkO4QU70FHmvvGdpd8fkZOpW/WbEwzMavG1CBsN9ZV/JWhB32alPbv0KN6M0UOWkWK0a1y887Q2AA== processed in 228ms
[2026-08-24 04:37:13] [INFO] [auth_service] Transaction payload payload_hash=puLoLBXKxOJ/i1k3pLZjlgf7AkT/svD9x3sQmTHSCnf0LscPkGVSTni2K6DyG/ZFuTMVkjjo0ctc7+8fFFQ7Rw== processed in 248ms
[2026-08-24 08:39:34] [DEBUG] [db_pool] Transaction payload payload_hash=RdcvK5FBqWfUIbHsbcFlLx6o4XdffEEYsgaMh/wbJt+N78wTIMUx+3MwGR1G3qXwXh94lKcJU8UtH03fpJyo3A== processed in 52ms
[2026-08-24 09:26:19] [INFO] [cache_layer] Transaction payload payload_hash=vmTlU09PVX9AHiJA7Z5q2xmrxc7c+KzpoI7lLBpKgNhRi3cjdKyKnI4y2MxDoLLydECIN4TrSyT14h2FWdA6bg== processed in 406ms
[2026-08-24 07:38:44] [WARN] [cache_layer] Transaction payload payload_hash=MGYCf+3eBUHEJihCJhxgQQxjEi3EbfTYbfRBLbCAExB9tKM0cdmv4fW8Yz1qfVnF53+ibQ1oOV1sGI7cL8LlPA== processed in 146ms
[2026-08-24 07:05:28] [DEBUG] [payment_gateway] Transaction payload payload_hash=unxK0tA/77NrspM1LN4V6s/NmnnQdcgqziOBd/VrkK5YdTT30EcqLNjydggSPqoSYHOfGDyHrQqZJd1NXiLsvg== processed in 355ms
[2026-08-24 04:51:43] [WARN] [cache_layer] Transaction payload payload_hash=sI5tsuzTS67yxc8qwJ++XmRYzvTIAnvX0uukSohk/9jBmSgMlfbmgGhXbCVDtYoHMb2tA+HjFs2BkUCi1+0qNw== processed in 483ms
[2026-08-24 04:45:00] [ERROR] [payment_gateway] Transaction payload payload_hash=JGC8GStnpsIw9GMzCfx3cBCSR6ib0e0j470ipmdsaXrl4zFXHG5d0kaBdpdLtuk9BuLd2ylOVahC6yEDv4mCHQ== processed in 376ms
[2026-08-24 08:50:49] [INFO] [api_router] Transaction payload payload_hash=YjTm3Hp1qUd6Z02zTRJZIsDLBcatvEfdtbqFcjOcYPw23duK6Mk5pBolQmtiu5Ha7S1o0oQ/AVdvTy1CAJAa+w== processed in 255ms
[2026-08-24 03:55:23] [INFO] [db_pool] Transaction payload payload_hash=1Nb6ciGXtXgcu36skHz5HbZPJxeNlDwhGxMRLr7mhdkCTTOXYFhAdbEmA+78eE6nAwYyO1CyFO5xSY3bgCYaUw== processed in 20ms
[2026-08-24 07:23:31] [DEBUG] [cache_layer] Transaction payload payload_hash=hj7RUg0zdDOAtqOAHi1QFymqPJDHpQ5gffI4QFHticMW/xuX8qexmIDNaXu8m1aF3dvWFtrqxnolLjDE0KmRXw== processed in 316ms
[2026-08-24 05:23:24] [ERROR] [auth_service] Transaction payload payload_hash=ppEAqbX+tMzmQ9ARUm9xqYLmlo0kINO2Xn54UkAnfmPA17HaaKG/4hd2R1XHo6mdFtDkNBFWoQSidhtrYGeRkQ== processed in 381ms
[2026-08-24 02:38:03] [ERROR] [payment_gateway] Transaction payload payload_hash=G7USo8symGHuItyOMZLI/rK+Xu3r9yRSwmdhLF9553q9qms32f1SrbnEUa5hVLMMy9b8IeY7QBZrz0VXczo3fg== processed in 128ms
[2026-08-24 09:18:55] [WARN] [api_router] Transaction payload payload_hash=5c5679ePniBs5dqhLTk/tqabCjQkxaPK1hPe8lkdHMST+BvIk6oXTME70nMHagcq21A5yD0SWXbfBh4NVWZo/w== processed in 478ms
[2026-08-24 11:15:02] [DEBUG] [db_pool] Transaction payload payload_hash=pXiJ05WqQnFyiRS+R411PiuRqWopRyUh+cx1P2v+jhsfzRPlvLEybvx5Tn3fcpPrR87f/zn7U4M60b/0CCUXjQ== processed in 157ms
[2026-08-24 04:04:46] [ERROR] [cache_layer] Transaction payload payload_hash=eVzygGclI+CDSGm+jFlrO+LXIAH6yTJLKhoAKR70cWxDd9YSOJ6mPPRVJ6GsmeEsnFPs2LxNtW1Hij6mkiGWCg== processed in 143ms
[2026-08-24 10:43:48] [DEBUG] [db_pool] Transaction payload payload_hash=EAg6q8fV76bAMKCJnMCkkDqzH0CmK5bz8bWfExX/04mToemDg3siEfuPt18bRHWtX/JZy/Riu0Hi1LVEsX/ubw== processed in 393ms
[2026-08-24 08:21:43] [WARN] [payment_gateway] Transaction payload payload_hash=COEGthxkb3+jsf0s4lSFYnmz08La3aTym0mawJdKGlwcJh0yF2+prbllipK8+P9X2kGAbWjOu5RFmX72LZnVvg== processed in 464ms
[2026-08-24 11:01:34] [DEBUG] [api_router] Transaction payload payload_hash=64tM0FFa0DOCbPb+2W6jcoJh2lPX/xIzKk3QNk6q9dfHPui3UU2glVwF/kFtJWOiJWda9BNJ4o6RO3KbbDwPCQ== processed in 153ms
[2026-08-24 06:39:37] [ERROR] [api_router] Transaction payload payload_hash=Oss9G1Ikr3KfEmBR3FtbMguh0cpX3tT9+9BWmflIl0QeTgh+1JqXGzuNUSbkRTTn2O3t52/LrDh22G7Qxwz1Pg== processed in 314ms
[2026-08-24 07:23:22] [INFO] [payment_gateway] Transaction payload payload_hash=79gwxUkDPyyGYkL4k2WLf7xb6usyD76vTOFcXme1aQo1Bzc5PAqXaP8ZJvmSZ3EMFYurszyi85ZJLkWDeUbyVA== processed in 211ms
[2026-08-24 08:31:33] [DEBUG] [payment_gateway] Transaction payload payload_hash=gwbPRvVjSX/J30Q5R1Wh+MPufl0CS1FrpAHS2DvY9K/PQae/H9w1duvcd1IcGPXdpc4OxLqE8URQ/GxOLrImBA== processed in 132ms
[2026-08-24 07:49:36] [INFO] [api_router] Transaction payload payload_hash=blPql67ksAIppU/ZiPt4yhN/qIWJKhhFEsOohGpJFz8yQNE6MREcXAA/qJnFMkJ4Ti+B5p7ACQwNN1uFuBloCw== processed in 171ms
[2026-08-24 06:48:45] [DEBUG] [auth_service] Transaction payload payload_hash=M+QPqu78lV3ERf+SnUY3NMYm4LDYxYBcnvtVoGAWl5JOwZV3eTYWJVvbiQdVaShvfjjeJVtb8UdVHvy281KVbQ== processed in 229ms
[2026-08-24 05:14:06] [INFO] [api_router] Transaction payload payload_hash=DrWioAaQsjYq+LwkJwXvWmC0zgitR120mnf83aMtvCHZeWa6UUYIXRh2I6V9Xk2uDsIBPBK/UJUbVT6HAaO3pw== processed in 190ms
[2026-08-24 06:48:21] [ERROR] [cache_layer] Transaction payload payload_hash=GMT2H1gEbZ5H6lgdr8MA0Ggyb3epqV4VLwXHuoWnwLl3AKmtTCVgs96NyFwdB255I80/CGYftJByOQq5jqgjoQ== processed in 3ms
[2026-08-24 06:54:47] [DEBUG] [db_pool] Transaction payload payload_hash=Cwuf67z/BhNghNm0hJGjgHAAhIDpjAriY+o5OT4YS1OpbTlOutt4uDd7SyMDrDawN4gOtiCCAVGKmm8Ou6nkCA== processed in 20ms
[2026-08-24 05:46:44] [INFO] [db_pool] Transaction payload payload_hash=Z0wWcewl4tjmtcvf4L7Ol1oOszSNeXdh1YqBde9VWlBxdn0iDaCm30Wi6/t/kahFtAUd1KYYW+B3/5Z4mOQxRQ== processed in 19ms
[2026-08-24 07:06:03] [WARN] [cache_layer] Transaction payload payload_hash=KpBY+GFu4kue9vOroQwU1C5g5TUvrlyDkDUN+ZcoXc1imETVdGwrGEdIOaWgu549WJX4MFZPXbfJ4mCXcoVO5A== processed in 343ms
[2026-08-24 02:30:55] [ERROR] [cache_layer] Transaction payload payload_hash=QdPvUWM7xHB4pEKWtREI/8Ah4ZgwDBnbN3+vKLnKtG48MiG0CiMVq/GRIEa/u3/aDmuf91AxjiZYJICWPcX57A== processed in 279ms
[2026-08-24 04:28:44] [INFO] [auth_service] Transaction payload payload_hash=CPiKXnJEY2mzS/RfuOlA+vornmxd6XyqtnobZl5EBzi6SJzgLTY4sC9A4+YELFlvCnOIkRySc6gBM0Cw3XPvlw== processed in 261ms
[2026-08-24 07:59:36] [WARN] [db_pool] Transaction payload payload_hash=AeG211c4pwSL/0uYaN69lMe5I+BuA2KUpruX2e6pBmmFsSvasi+yAoQRCa/ZLJi595C3bToiXp8d3/6wbYD67A== processed in 263ms
[2026-08-24 08:42:20] [ERROR] [cache_layer] Transaction payload payload_hash=iLN2EFI1Xwpc08er4hpAwgsrg1hmq4i2Gd1VYCSUduCjR2Gj89S1mJ031fglcZ5oQrAaY0FWtU3ddRuJxbzLFw== processed in 134ms
[2026-08-24 03:40:59] [INFO] [api_router] Transaction payload payload_hash=OFUbxu/LoveVxJvbeTY161UuP2qP77/1lFdrb9C+kMEdXU2iXMJsLTOSLi0ObM4n01e5sSS12YH66wXf/7WKDg== processed in 245ms
[2026-08-24 05:36:55] [INFO] [cache_layer] Transaction payload payload_hash=8vxVsuRyu3kaH+Y7ctGUIPjP9gGUZtnDqvw0zFtw5IFm4qVhAwj6Ww5HYTEYan8ogSAm0OJB3N85L4OSQPygVA== processed in 462ms
[2026-08-24 10:02:13] [ERROR] [api_router] Transaction payload payload_hash=+TkMhBUGvbtmlZ7+D6EwDInJMYnY9yK4cV74DMqO7RhT8beyKy6Y+i0TxZh7NsE8Rz586S2m4Xwic3eYAaujpA== processed in 375ms
[2026-08-24 03:26:10] [WARN] [db_pool] Transaction payload payload_hash=lSDMY4w2TTlxeMYk02n/9itIOIqDFpVPnxE9GbbNbojw1bCHkGyi+lxYJlM9cqmncEtXjCu3VXQFVtof4+0+3A== processed in 375ms
[2026-08-24 02:42:42] [DEBUG] [api_router] Transaction payload payload_hash=OfBZpVr9KcADFdaldrY9fvA3EV7PRY9KXjdYnHoarnTJFk5zq2r0Klm5lDUdWjStCaxzcjDg01CBM114IBVDjg== processed in 438ms
[2026-08-24 03:58:23] [INFO] [api_router] Transaction payload payload_hash=P7rkVa6jcU9+mGi5GlpsAWWqpj2ry6ATOp2tjU/Xa9gu0VvHsGLRkASviWtI1P9bHtwJ2PccQLkknngI3XPBQw== processed in 348ms
[2026-08-24 02:47:37] [WARN] [cache_layer] Transaction payload payload_hash=yNLg43yL5Gv6vl0ds4ofr94WktSm61gGRgJ0KaT3KOpoakq2U3kRxIzBMQvfwE3jLfKzBOxqH302gtFQKXzUtQ== processed in 417ms
[2026-08-24 11:05:22] [ERROR] [payment_gateway] Transaction payload payload_hash=I2Kf6SIE2nD8oinLrn44g+23cC1sCPc3nOZQVtIj5+3K+QvzPbnrYJ/5OFXBqgx6gt7lFEGbbFiAt9u6hLPtRg== processed in 126ms
[2026-08-24 10:19:52] [INFO] [payment_gateway] Transaction payload payload_hash=2KVKamQGG22FmVBIxlsJfUivVlrkAxIi/ONFSy2dW2JpCWcGSsBW4wzzU2gDejVdXd+hzr+QShLMgeV6D0X57Q== processed in 487ms
[2026-08-24 07:13:49] [WARN] [db_pool] Transaction payload payload_hash=rMnkiQeatBPZl4Xfrf46i3N1gBXBglciXr8SoBHuBh+uwEd7qE0s0XJlTXongGGljY+TIp/lMWl0fkV5bc/K8Q== processed in 201ms
[2026-08-24 04:46:44] [DEBUG] [auth_service] Transaction payload payload_hash=QG9AkrVEz7xhMSscjVArPxsx6A+KcnCPkwqGmmS3aw0HntCmX47mw2YsUQWYafrXenOmbrgq0b4QnC79XCUjhQ== processed in 437ms
[2026-08-24 09:33:34] [WARN] [payment_gateway] Transaction payload payload_hash=BdeEoEnJoTprqWgZh6pZq08stlvfXlgHO3eh9F8IlFaMwqxMZC8bDlXnpDRqjTSurD0v2d/up0AQLefNSeEeEA== processed in 8ms
[2026-08-24 08:44:38] [INFO] [api_router] Transaction payload payload_hash=1BIqWKyMvf1Sj6NW62fKM1llIlxsW/Z9rIdXsJQ4ea4UFf776YfWL8QsNJ/iMEw2l22gIW4q23lKdLqyAOcn2w== processed in 88ms
[2026-08-24 11:14:14] [ERROR] [auth_service] Transaction payload payload_hash=s4qYxZgGZm0TddbYMZ78w9l0srpkrTqk6+izWVOmx2W49+mvNjwy+cJtYtEvebnoYe7kXgcHsW8zJVOwxca2FA== processed in 491ms
[2026-08-24 07:52:53] [DEBUG] [auth_service] Transaction payload payload_hash=BZWCPYtwLHmsUb+Sbf6ClqB6+suq1M1yYYH+SfkJ7ubvmquwUPFM8x0p4Oo+GpKHxvNYNGOIUJGKv+l3We5Niw== processed in 457ms
[2026-08-24 10:58:31] [DEBUG] [payment_gateway] Transaction payload payload_hash=ed9jwmhj3cwAL3evVC69DOWAjKwujLXUAnCKOgjOiO1vVw3iglMH5E3B13Z+vJURn0uwuGjaaC6v3Tfl0ITFXQ== processed in 285ms
[2026-08-24 04:41:59] [INFO] [cache_layer] Transaction payload payload_hash=b+ThHzReAU/2uXO/lNlUhuRI9g9Z4IWU817JfgqH0myfLa3ia4ADTc1jLGrrbIoQbGDzLS3SO6ZVz6JMR4C7SA== processed in 110ms
[2026-08-24 09:52:28] [WARN] [auth_service] Transaction payload payload_hash=jUXZdzlj1xdeoYX4LoDId9UWOFNvJrGyhCLnhHn04II9dZ+BWkQ7M9uCTQaKKawq5Jl4hq7AwrNgkgZFjyUBpA== processed in 57ms
[2026-08-24 07:35:23] [ERROR] [auth_service] Transaction payload payload_hash=axWB7YsR+7nqSzv9L+zTX/Gk/8z/sQ2zL4TN/BGYAnBRxPRe6JpDSWqNoti5fCUUJY/6PHE/tyud1PrLu4hAog== processed in 214ms
[2026-08-24 08:27:53] [WARN] [db_pool] Transaction payload payload_hash=wLDv/UG1TyiIFeJdGwd3X4kP3TkLAJrx9K7PHgOLF2E5YVMi7sdUXzixfdYa0Tp/ipAKIzdmJnQkMjpUmUp0Dg== processed in 260ms
[2026-08-24 04:46:35] [INFO] [db_pool] Transaction payload payload_hash=Jiog7cKdxb4xW9krOegdui2GDMr70nH+fqfgmwxVguKgoB2ysVjBeRxmm6w1elZyOKapryFhDP93PLta4WQSlA== processed in 134ms
[2026-08-24 07:24:09] [ERROR] [payment_gateway] Transaction payload payload_hash=adqQwuvq+K1sKTB6GzoMk8UC08kpICVDDjDl+502BtnKHrA81jI7uxCaV0W2NYOVQUtD9BTjTb9CuWDdEmCPiQ== processed in 98ms
[2026-08-24 03:24:21] [DEBUG] [api_router] Transaction payload payload_hash=XCiA3xvlPo6xD4Wgt7XBd8LN2MEvG0rdPT0UO77TKY7fTViXnmE314at6pejwNdp2PAZC1o4MLx7pGQMniljUg== processed in 255ms
[2026-08-24 06:49:16] [ERROR] [cache_layer] Transaction payload payload_hash=U5FUmAQqIxN6A5PWR8wZimOkuvS92DESLMAZhqW8fMlF6UEVVtH9YIq51gKZjUmJAei0r0KtnRkZXJFN/npsRw== processed in 407ms
[2026-08-24 06:09:59] [ERROR] [cache_layer] Transaction payload payload_hash=KEak0hjLspIpiJcu62UIYQfESP/KE2j6lAQKxkljWiZ8XktjKhJw071NVQFDP0MlU3Pd0RwT4ZlwKjalpeV2SA== processed in 213ms
[2026-08-24 04:33:59] [WARN] [auth_service] Transaction payload payload_hash=AlDpp5CPvASUqI7g0CLqlanBGORxdn2mEUdgvf4YnsEi3shRhHqSUplMlswTeiMLkqdPYaABz0apQ5zRIHrcjg== processed in 239ms
[2026-08-24 10:43:36] [ERROR] [auth_service] Transaction payload payload_hash=dUdq042YSYiiEYzgDmlSCnyHuUo9nXgifuvPYzl81ZJxevvWjMi3JpvjKjpKVByraWBbwwLZKXsOQSQCYmX/1A== processed in 317ms
[2026-08-24 03:18:46] [ERROR] [api_router] Transaction payload payload_hash=cfu+xmsT6UI+GYw9LTxETF6n2LA73bzWXXZ1IxAXO7bZz2QPsPVZyVQGdUq1K334db+QOcabTd+agNzyxvXCRA== processed in 202ms
[2026-08-24 10:31:58] [DEBUG] [cache_layer] Transaction payload payload_hash=blzxZLeYl5NzPo7L/0s3UDw8x1RJVTOTjKI99ALCKIhSFdthrh2aQhi7uDRHE5Ni3JnmBVZKFFEh59lc/cYDOQ== processed in 358ms
[2026-08-24 02:42:57] [DEBUG] [db_pool] Transaction payload payload_hash=XYXog7gV0Iz4K5mBmECWq98ckEUiv6Bymo5XrOkJFPvHRJvUXb0O2ht4jxFCmp8V8LPaDokZJQeYUT5fDQ7X8g== processed in 4ms
[2026-08-24 05:59:32] [ERROR] [payment_gateway] Transaction payload payload_hash=3hLGQhF2OliBmhcJBGMuWPxpuyxPR8Kwq+0hc/5KJXPTK47s5bxT9an1/NSCyeA+nGqcvrpUjhR2oS0kOC24Eg== processed in 408ms
[2026-08-24 07:09:34] [ERROR] [auth_service] Transaction payload payload_hash=AI6gqcg2kt8vkY0zyV531S4Yz7o6jwAYM9WIeTbJ9xQT47Il0xm2NB9l+EJfoHJfjZIyMkUQOTiSq+oPE+PqiQ== processed in 120ms
[2026-08-24 02:26:15] [INFO] [cache_layer] Transaction payload payload_hash=trxt1PRIOjbejX5DFRxiPi4/na1hmVYr66B9IrNDIv1mgoZVSNp8hYmFfXa7nn/CVYMskHYJ4Oc6rZk6YJ1mkg== processed in 61ms
[2026-08-24 06:31:14] [INFO] [payment_gateway] Transaction payload payload_hash=xRr0jzi9k/PKYdz/2r6gvB7Mq9QPssIzsKZ0YMALGTVi7NjzuuGTkoQDWj6KhZAeQNoNUjYBdILVBRUe3zxIRA== processed in 281ms
[2026-08-24 03:41:44] [ERROR] [cache_layer] Transaction payload payload_hash=/If72HjER2m0O6VfIRMnSu7mwNCfOzJwFTh8S+TXUQGmifYiRs52dTy9EKYxRc82724C6rA1NnPLr+dyv0pIOg== processed in 322ms
[2026-08-24 10:59:15] [INFO] [auth_service] Transaction payload payload_hash=OxSNCy+e8X+5aq8p+66idCLT77XAMgocVcdkbE+4cZ1FhyHjRGoJiC4/jwVUiLfsjcM63Omq5MQ8DtxQ88ataw== processed in 431ms
