[2026-08-24 06:47:03] [WARN] [api_router] Transaction payload payload_hash=hf0h+LL7v/8xEzJtsqQlBRZwAfItNyLW4iNix7NzvPlyPsVLt1URvQRSY9NF73zX1VTx7f4vjzGY5/8NskiixQ== processed in 215ms
[2026-08-24 07:44:26] [DEBUG] [api_router] Transaction payload payload_hash=l+WagZvW7tYRh95O0Mw1vK5kFfJxbPK4vi6lhLQZu6NODboHao+qSPxhZLa7cIbbaW/VZ0q5w/Aq/v3XAOUw3A== processed in 417ms
[2026-08-24 07:04:55] [ERROR] [payment_gateway] Transaction payload payload_hash=mNHY3YOgamNVT3uxJLeGnjFAlDuNLi5OWD/GEBdiCkhGZYyx9HiryQM3aPThb4aJ3Hn7LVSSzGzVoQz+FDZb6w== processed in 129ms
[2026-08-24 04:58:38] [ERROR] [api_router] Transaction payload payload_hash=9jXgaZWnaW9ZXPuQyXah/yOGBFddycDFndW5eiCFaCeNPTiWcYSOIR1nwV+2TmSvRxc1yR/LEXF22WCtDR5Vgg== processed in 479ms
[2026-08-24 10:22:07] [WARN] [api_router] Transaction payload payload_hash=nS0PP7hIEMrjEY7XRTxKo8RKGxYbNbcMMMLju5odbXSaFrP6GeOMciIwNnRfBIH/wUubId/aKaEpj2hKbCLvlg== processed in 165ms
[2026-08-24 08:20:37] [INFO] [db_pool] Transaction payload payload_hash=QFHLZIGEWimuT5LkCQLEjkuPCiovSKB+7BjpQQZmgz4f94o+lO5p0UCAhbqkDMTcUzsB0V+DK3aB9qwQSAMRsA== processed in 498ms
[2026-08-24 10:51:43] [DEBUG] [cache_layer] Transaction payload payload_hash=2rCmry99IuCB8M/pP7kJnaUVNHxzAZhA05fpTizSdziByruTrBm9q9LIVyzvn+swaNurSmvewRttzuc7efwHnw== processed in 369ms
[2026-08-24 04:08:54] [DEBUG] [auth_service] Transaction payload payload_hash=z4dSXSGz5ZAP1Uy+HgR/sFiXm+HUkktNZB2mNbwdem9lYKEmixhh3lHJC/nH1Bmzu7r+3S9g4vCIC7abrvSoKQ== processed in 150ms
[2026-08-24 10:41:39] [DEBUG] [auth_service] Transaction payload payload_hash=V4ve7tdNCnIwsoI/uPRO0eI7Gh3QurZ3yK1c3U+0twA+dHzdmNhAy2GMh/6Wmke6Ki0iWBBfHk0H0FBFup9v3Q== processed in 125ms
[2026-08-24 09:07:59] [INFO] [db_pool] Transaction payload payload_hash=6byHroC2GI828C52lIphvqZEz87jApL1khZnYeRLmjl+xT2BxxFVtyybg+NtJ6Uho32jQnOoWZgaZHYMLul8+A== processed in 5ms
[2026-08-24 08:24:45] [INFO] [cache_layer] Transaction payload payload_hash=E+m7iH4djg1Jeu+S/aFHJLdOAbBQoxqhIG3JsME/i7jJ7/I62sX8k1Fgt9s+zbqlJefewctjR4tmw58I2+02QA== processed in 131ms
[2026-08-24 09:26:22] [INFO] [api_router] Transaction payload payload_hash=hTpHp0fHUCN1Vj7mqjWeLnFpTta7du2M3RtVASO1GCi6sm9Ge165SYUiOtnbRuDIkxvG1ve0owROg2cRlQowbQ== processed in 445ms
[2026-08-24 02:57:04] [INFO] [auth_service] Transaction payload payload_hash=2puJefaQ0hjlj+eTPeo0W0eel63WuS7kwGYSnb/iTq/knr5De3TigisrK97wmaQajMl6qhcnXjsu/AGFQHSK5A== processed in 76ms
[2026-08-24 04:18:41] [ERROR] [cache_layer] Transaction payload payload_hash=z13qY1XmmODzFXZrUYap/hiQyQdJ8EQbAhsBKxSOjSQC17Vq1tJh8C/1fMa0eMNNmIuDADsS8sUrB5Qja92sjA== processed in 164ms
[2026-08-24 05:58:48] [DEBUG] [auth_service] Transaction payload payload_hash=J6dxAlz26YcJvcveEHFcMofPyVQ86OrcROm1R3KX7fb8KcH9hgdavQHyKyx8jDjaagYxNKp3EX+1tu8pfYFiww== processed in 346ms
[2026-08-24 03:52:50] [DEBUG] [cache_layer] Transaction payload payload_hash=FRvrCDIHDvMG0Y9WHr26PnXRWwprr+he9jOOMpAPEdrCIgwiq5j7whTetc480whX7R9WsEHFcQa6D3FwTVn42Q== processed in 156ms
[2026-08-24 06:30:32] [ERROR] [auth_service] Transaction payload payload_hash=jMuleNhX0qxI4ihxwaZDs1ze4A8mkvrjvikxk8LIHpNYtMwspqyDvKHqRkjLE9IQC4ZLyzhi2+kT2vNaRUmsmg== processed in 374ms
[2026-08-24 06:33:37] [INFO] [api_router] Transaction payload payload_hash=4LxsRFifwhDvcec4PoAXTpxLdB8YaPR2kd+JBRgHQaFc1+LJcAGE94yVt/Xv2hpb+3hdUmYqskPTxrhnJBX+nA== processed in 64ms
[2026-08-24 06:55:44] [ERROR] [payment_gateway] Transaction payload payload_hash=McBNZ8jSZGgVwMQXrsETTSIki4eaJfbwBVAbFBSt1oq0SS3lPZIlZEc+0lY1hyvlPpnAR1XD5IiZqFfcTw+f1g== processed in 482ms
[2026-08-24 06:57:57] [DEBUG] [db_pool] Transaction payload payload_hash=th9yEQQhB+7vYKaSlwoCJGU95lJjNdeD58PjhOfpd/i9HjZ/5qcbi6N5lJ0cHDI1LJkcwJlBEetiArPjptjTsQ== processed in 188ms
[2026-08-24 06:32:20] [ERROR] [payment_gateway] Transaction payload payload_hash=qu7F+dhHUzLqEDG0Zl3l8AF+DixAkquw6QsIoR0or2SPi4eZDUNXC6GozNCh92L48jxhV+HrNQdlYXEiGNhlhw== processed in 280ms
[2026-08-24 09:58:23] [DEBUG] [cache_layer] Transaction payload payload_hash=WfT04CUVuqa44D64LeDYP7VhDFjAn6shyDbnQJa2NENKyiNqrmIJ0c9t8e12fPCYXt0MCKGrjwMzRAAqc4tPmw== processed in 406ms
[2026-08-24 07:38:36] [ERROR] [db_pool] Transaction payload payload_hash=8VRpBktg6pPaFThoWLEGybVL3ud3a6nOPnxZSj8zVtzINUz5+kxHX18loJghUjb2Pm3V6LXpAqAtNCJ8QSUJkQ== processed in 148ms
[2026-08-24 02:50:11] [ERROR] [payment_gateway] Transaction payload payload_hash=Pjkdh6TFS34uQnMHmgk5knMSBdg0yh+qitWKmizDU+rEgfhNazoLeWDgOEu15/2DYw2g1ZS4z50h5D1zQXVJKg== processed in 299ms
[2026-08-24 04:34:10] [DEBUG] [db_pool] Transaction payload payload_hash=4ktagBBs6p20pBpYcGTnI1vP/VP1FHp/EtKlX7794AUsB5aeZLpLoaXq55u8qsgvDweMWYNiq59aSemTvIYQqA== processed in 85ms
[2026-08-24 04:53:44] [WARN] [cache_layer] Transaction payload payload_hash=a4D4aazAOpdp4txT9Huozy/KKxSKXE/pSozjUjytJYRmgwq/u3MFE2YBpzZfCluGiTaqRpK95716hQ/mG/ycUA== processed in 128ms
[2026-08-24 08:38:35] [ERROR] [auth_service] Transaction payload payload_hash=JXBiCW5i35Y8h++39Uf/2AB8VaUEOqyDmslfJzj7MU5Nf59F0eexht2A43mbY76R80p0RluL6bgNNeXUBfkjSA== processed in 46ms
[2026-08-24 10:37:26] [INFO] [cache_layer] Transaction payload payload_hash=FLeViwkijyEWinJfXaUdbgJ198ZpNB3Z+ZukHBQVspds2MLhRrPBHQj1xTy0sEoqCS7I62gaBnUFim7VBSMtOQ== processed in 233ms
[2026-08-24 10:28:55] [ERROR] [payment_gateway] Transaction payload payload_hash=35TbGOlYjI2jvNL0DQ8xOHK4aSYTIQWaCrfNoP1p6uFNe5JLLHERSWZnbF5EvN0pdYMWGC52avzTyF6YsHgqAw== processed in 42ms
[2026-08-24 03:27:34] [WARN] [api_router] Transaction payload payload_hash=sn3v/U3TJtNkJdgftQnt+nKCirlHAUgE5HFdzuFu0GaMZ6MuLrpRDcZHaZXjtaDsbNpV/XFXjAGqFqycMLUr4g== processed in 120ms
[2026-08-24 06:18:37] [ERROR] [cache_layer] Transaction payload payload_hash=zShMHeBn3G62Py60W6IMK0Oa0TUdsrZvnZUd1eM38VxuW1KXkVAN2i1P2kYl7k2/aa6PyszNdDAupyNi0AUHcg== processed in 318ms
[2026-08-24 03:19:29] [DEBUG] [payment_gateway] Transaction payload payload_hash=d03obTtKTry8lc/4C19nM80GqaYG9YZjotht/MJoGsgYoLKj+O6m3FwDiTNvbHIPzG26+NIx0ClMUAYqtKQl8w== processed in 283ms
[2026-08-24 10:08:51] [WARN] [api_router] Transaction payload payload_hash=mts+0yDNk8FA+M4J9TRlZ3iaLvSMyNLyuMoM8TfFpW1lK5Dct/nUIrVnrqhdgnEmNaw6S3myWo3OomTFdabJcg== processed in 74ms
[2026-08-24 04:36:52] [DEBUG] [db_pool] Transaction payload payload_hash=BtHth1u/drydpXCTQBLTZNhUgqqSm4qmmoUWit/RR1KcHFiS+005Jy2WKNA8VaiZ6Y/nmFdsG/ymMb83CeEUnA== processed in 146ms
[2026-08-24 10:50:47] [ERROR] [payment_gateway] Transaction payload payload_hash=dgLvOXSL32QP/MZn/jR5t4yQKiZhBMzvyC2SBxkK54IcjwW21FXru8is5kezU5tuytI/6l1Vt1taJIie5tBCkg== processed in 431ms
[2026-08-24 05:00:49] [WARN] [payment_gateway] Transaction payload payload_hash=OH/zmw97ujlrJi0ZUjsO2k+Lmhfh0Ie8k3hmtYwI0jyib0R8w8Wp+ZBECpj0oFwBen/iC5jY0OOFuM2ateAziQ== processed in 334ms
[2026-08-24 03:14:52] [WARN] [api_router] Transaction payload payload_hash=8WUSs2/cmsDbpzm7ukjWhNb/uelXfUUGDy7dbvISSJOzbGGcOCxSgjT6cl4HqiigirieUCkY3erRuF4FN7Qehw== processed in 118ms
[2026-08-24 06:07:29] [WARN] [db_pool] Transaction payload payload_hash=uuyM6OfiMkWfeD9m2DLrXmwbnlq0jF/oHnqy6oRo3DXzaqvk6xyneuCh1ayqYQFCb1sUtEP0Zkn8Pd3f35KnhQ== processed in 128ms
[2026-08-24 08:25:54] [DEBUG] [auth_service] Transaction payload payload_hash=9QY5+EUaZI06AxUXO8Ix3pjyG0v4yIMIFAqImW2BSuuk+Li/bnxHnI+J4K3fo/OQPJz0aHh01EJLAzekBJCbRA== processed in 249ms
[2026-08-24 10:26:19] [ERROR] [cache_layer] Transaction payload payload_hash=kf4KgNk8bT0OJMdEM8qW7pjHri5JL7MS1dxsF2Px8uwym3n5odr0bXdfdBtj6ebXl1mUa3reV4C61P3AGzCDmA== processed in 187ms
[2026-08-24 11:09:51] [INFO] [db_pool] Transaction payload payload_hash=3F01NXgkizQLj1qsf8bEppjn1EVqOEFbILLEe4+hkyIe9cDIGF3fYvaWHAl4kYZz3BXozGnCUScd47LuH2pChA== processed in 256ms
[2026-08-24 09:26:06] [DEBUG] [cache_layer] Transaction payload payload_hash=D3bX0x2OBu9oy61rTw0SIRDfocYhdtdB1rBYXZzN0jOTPa0mOoYLVUYg8YaB1ulChobPzbuYIDcWxd8oj2p8gA== processed in 351ms
[2026-08-24 04:21:00] [WARN] [payment_gateway] Transaction payload payload_hash=ExKG3I29xf8TOEFPWCmiHvXUR/J+BXZrR013x4ovGapWHYSk0aGvZXAVcJJzOqFWIq3FCOe1m8ykOpYQMHEVvQ== processed in 34ms
[2026-08-24 05:15:37] [DEBUG] [auth_service] Transaction payload payload_hash=keQUNve2WvohL1Aq/ULFArkJM4ldEGHXGC/ONS7Rfn75eI+dZpIhVHM7L3vC9CYId6FuzQL+ztBFjcnH7fUrQg== processed in 146ms
[2026-08-24 09:11:19] [WARN] [db_pool] Transaction payload payload_hash=kSomaFsDkYeMY6eNS9tk3o6Dr33S/J8MghzhfYGoDcv6N039Yi+1x3+ZdRxud8+bx9v3b7yrcX3ib0nFJF0Iww== processed in 376ms
[2026-08-24 07:44:22] [INFO] [payment_gateway] Transaction payload payload_hash=CpNSKZfFVL2PbiW5qz/BJVbT7TmwxgBucHCrSxoJH/SHfTU4A6eweDnIqadfOy2092sgTcTwey7cIyvS8zBmxA== processed in 318ms
[2026-08-24 08:20:48] [WARN] [cache_layer] Transaction payload payload_hash=H3iMqNc1MXCLCYtcgaEmfRK6uzvIKcDTua4qE1dlCgwTXVG2bzXY7ruY5DAcFEeJC6CzFBzdY/8UAaK9AGHbxA== processed in 425ms
[2026-08-24 06:33:05] [DEBUG] [cache_layer] Transaction payload payload_hash=j/XYHAJLVThKRfwRWDKsgtht1+DFr8uJJLO5uWgoLMONytsDK6E+iW2FQOeDPLWkkEaG90vzQ8bL6GY9mveKOQ== processed in 185ms
[2026-08-24 06:50:23] [WARN] [auth_service] Transaction payload payload_hash=n5CXt9WgfjzIrQyRBdkaU2pRbLd8V+HKvaAwC6262puyHcZtL3hhd+VvyCC3uM+2fhrlOxa84dJYCf1jt26bSw== processed in 250ms
[2026-08-24 04:30:49] [ERROR] [cache_layer] Transaction payload payload_hash=DfE31727S3wnWZxIVTa4kIAJmamf1PFgqXb7fbRY6mIpKhLVXLBqif7PXglrQZWnEQft/+Sc1dcd/4CX03sy6g== processed in 290ms
[2026-08-24 10:32:55] [INFO] [payment_gateway] Transaction payload payload_hash=S70PTwGSJMgNu5ZC2qFtxIXIp1G4PRMVBqbsXo59GegJT5H53WqE7YpXD8WY+D1XeaGgwv0xoS2GiENCUog5oQ== processed in 71ms
[2026-08-24 03:13:24] [DEBUG] [cache_layer] Transaction payload payload_hash=4DI+eqMuTNE1s4UQQWcKVHjmY6iWY1Bzc0HrEfIZ1SO3gGJRmQQcIOVBDitNvaaJPwF3lenfpGxJg6J3Z1/28w== processed in 487ms
[2026-08-24 07:43:07] [WARN] [db_pool] Transaction payload payload_hash=0G6kWCEh1i3oLvjRXBBj6aumzgi8eyX4Gi0QS2V/cK27sIBAIcbp7ri3mHh/DOK8rp76hoafOl1TJxSlMnVuTA== processed in 419ms
[2026-08-24 07:39:43] [DEBUG] [db_pool] Transaction payload payload_hash=lfltOc0sFKReYOrIywG/S3+FXMqo3w2DpxLPx6D8vpAkuZcm8031yHzbUJBmVbsKsrVL8c4R1B2J+77pPhTunQ== processed in 135ms
[2026-08-24 06:11:15] [ERROR] [cache_layer] Transaction payload payload_hash=MXKaqFnyePWTHsv0MzU2sfOzG1WZmL2emIdU1cwK6nzhZAqsbeOfo1iO5M1YvIzpuTmpQ6xJMVJBJukCkGrpZQ== processed in 363ms
[2026-08-24 03:44:53] [DEBUG] [auth_service] Transaction payload payload_hash=wC5rJws9CcR9pkmb24kfKMKAFvYk1kjLy03LpWNVyroF3gXsJsSrd7/dOFAfJ3N+dQ7NT+xH9iYqwUaCQl15+g== processed in 118ms
[2026-08-24 06:51:50] [DEBUG] [db_pool] Transaction payload payload_hash=Q4PSB8n7WY436V2F5+jpfGgxBN0ysyuIwroAx2wPVkfDaFC0xwm/754sMqrLNgN0aSslNhyxyKZmP/McpyCyEw== processed in 4ms
[2026-08-24 07:55:23] [INFO] [api_router] Transaction payload payload_hash=9W7/T8fC7B3OJoGT+Uv1Tujm80r3ynol1jKivnEtWXmgU9UMFLiIRQM5FIoSxkWnSRGIBwo+Y7j4R7tWXjerzw== processed in 490ms
[2026-08-24 08:55:15] [DEBUG] [cache_layer] Transaction payload payload_hash=P+TFoH1jXvE/j9TprNeKepNFRKnkoUK8oeGsqU3ZusmnNo0GBFqHN1+dd9QW6AjHVUGlPIJAMMwrB1c58+c5+Q== processed in 256ms
[2026-08-24 04:04:38] [ERROR] [cache_layer] Transaction payload payload_hash=Opmol9R8fzSl9RBLpMxulDxx/ICYeoYvjzW/bDbFUDWsJeS8VzuJYKLb3mPTYITV1SkfN5rM2cG6FPWIKLXYtw== processed in 133ms
[2026-08-24 04:16:53] [DEBUG] [api_router] Transaction payload payload_hash=/CJ3rDczswKnE0+1+eHR2I7qC5iScY2GDKX+D4SqzB/GjKK4fCQ5yKrID6mQoPVplrNlXT19LcCVW5mjBD/e6w== processed in 308ms
[2026-08-24 04:55:44] [ERROR] [api_router] Transaction payload payload_hash=yk+iQZzLH7nkJadtaOVVIJW735EihFm7pAXOyp6Tl3F5+W0mr4LEqhI7mYvsThs9mXlxV2KI4U711dkMIPhysg== processed in 292ms
[2026-08-24 10:51:26] [ERROR] [payment_gateway] Transaction payload payload_hash=7ekCJOAZ87+2HAZiBcZFSwnipBAPw7AZEJ3XoAqOnfEqumkZPasJGpNwJhmoA0jDE6syn1GeBigKHD2m3YcfMA== processed in 446ms
[2026-08-24 03:26:36] [INFO] [auth_service] Transaction payload payload_hash=bugL5I5jvTjtkawCqRcVeq/D8cZ2VSYRxtHdvj+oECaUMB9yVoJ7qgsHG+I24FitcHSW18CS5tk+TXVvo+uE+Q== processed in 201ms
[2026-08-24 08:59:33] [INFO] [payment_gateway] Transaction payload payload_hash=vq1rxm/7OHLhrefu3DG5p+GZV+GK3JzDntFebplYfa5LUC44ulllYc3hC1QqBO6UuQKDTzuM8hPIhKEX1qeqCw== processed in 438ms
[2026-08-24 08:25:15] [DEBUG] [api_router] Transaction payload payload_hash=4OhZUaxDeacO/plHtp6sGDQNPmWZeCjfpLl3LS9pLRP9yYK/5O/TOJUE8jU9CKaFoxcNS6KGeObmFEwGxzjHAw== processed in 326ms
[2026-08-24 10:25:35] [INFO] [auth_service] Transaction payload payload_hash=XbYHPC4PNvfnbqwnY0PO/NOkg2CfVav3LGoYM4k4OrlIRXoHDd4znOy7Jgke/g9/XSJh9vbtS/q1zEcxEPC7DQ== processed in 177ms
[2026-08-24 08:27:00] [DEBUG] [db_pool] Transaction payload payload_hash=uEf16radz5WF0jtzUqYBh3kUz+6zUSioTnaQTLvWVf0VUH4HT07JPQ6Iq2yVjrId3h+A+mY9K5nBSlUtBmnJGw== processed in 399ms
[2026-08-24 02:30:21] [WARN] [cache_layer] Transaction payload payload_hash=0Gbf9t2UAt+wPs8ynfLzSvXq8UUZHQ2FcR0YkBqycqRlZPvYs+HI04NxhBooTLnofcYVYGPc4jYtrY5+YmqDQw== processed in 154ms
[2026-08-24 10:40:35] [INFO] [auth_service] Transaction payload payload_hash=2lMcb+Rc/JVzCiNQoXheWXt+BcYQftiQ4nynEQJajnc4G8rR6pUtMzSuPJQLzBvMjH90jh7e5sQ+0oZEVKYKBw== processed in 63ms
[2026-08-24 06:43:44] [DEBUG] [payment_gateway] Transaction payload payload_hash=2ZgBOXzg49v3rjX4PR6zBkTuhC1w+xl6nqK5HN/0WHAHGGAaCljV41Fbaaq2DUjguiqRcvtzbt4+Q5mrtQF+Vg== processed in 338ms
[2026-08-24 03:25:09] [WARN] [payment_gateway] Transaction payload payload_hash=tMp7mUCWv0uUWlPUQUyC1q++Sg26UUQoNkCr/IBemXt2HY08HomnZUQg7fB1NZQ+JXPA7fC3NpGOEeD/wE3lPA== processed in 146ms
[2026-08-24 08:33:01] [DEBUG] [auth_service] Transaction payload payload_hash=yzkUSEoMAzjGEiOxtypQ+Nsh0P0rHGZ8xVGxMGUqMRGXGoT/NCFOM8MXKcGDQLrNOeCjYIr5J1LHukliZe7pLA== processed in 477ms
[2026-08-24 06:01:40] [DEBUG] [db_pool] Transaction payload payload_hash=07G5TJ8uIBikQX9C6bApKZP1w+szP++J/l8MBTy32TITyR/NTjExkRfjQgx+gDrn5gYZ6CEgijMs/hjZWeZ5Hg== processed in 122ms
[2026-08-24 04:41:51] [DEBUG] [cache_layer] Transaction payload payload_hash=K3hOkmbCLHykvcjPwCGOk4k17eAflPVyzJDBvsxWyo6AT8IFrTKUFh+72ok0O3imeYk3UryFw+sCbrISgmT5HA== processed in 292ms
[2026-08-24 06:22:23] [WARN] [db_pool] Transaction payload payload_hash=AGv/1GrOa8cF/zih+SJ2qS2r6pIUbz7KNN7YEg8sjDMN+ot9iUWqBbc7PTu6M1VC9E0TTVCidqTwdUf7r+DXlw== processed in 36ms
[2026-08-24 04:28:19] [ERROR] [payment_gateway] Transaction payload payload_hash=jopd3w+LkBfQDZwcgRWukrgNEbKabm179Yv+PwG/v5NAC1PYBC2Pu9Gm/dBsjKcQvUVndfibUnNOXbN4q/am1g== processed in 151ms
[2026-08-24 07:39:57] [WARN] [db_pool] Transaction payload payload_hash=b7/7PDqIukC3jOiq/kDNWcxW1E/UL3RBtGgMtB3TMpN6WdhNwb1//srxnrBxSLiALpUek88y944oBqTwYiIv6w== processed in 283ms
[2026-08-24 11:05:50] [WARN] [db_pool] Transaction payload payload_hash=LSgj0QxjvciQdEg4cUWyWMmPGEW9SlQb11V09l8rgf8DAEKljc6+vFv88dcSfbFOHjpDbu3TE0wSuFHSYExP/g== processed in 44ms
[2026-08-24 07:42:26] [INFO] [db_pool] Transaction payload payload_hash=QTYuv5hWS7HzNjOyU8Z6Kuk9uz2i888MacVHS6JtkSM1hrFNoycs0lzEkgRLEpszw/oGiUFaeiAe4unsC26auQ== processed in 21ms
[2026-08-24 06:12:58] [DEBUG] [db_pool] Transaction payload payload_hash=e6IS1oLCNBQ6+pGmbcBGrT3220udDFEZG2Jd5BVq/wV2CwhQOrO5ir/LDr6VYsD5ISP9PkCSTfJECyjb++ZWAQ== processed in 318ms
[2026-08-24 09:29:54] [ERROR] [db_pool] Transaction payload payload_hash=am1ojORsuqxGv8uATR8gKrJa9X5Qf5tipOjunelPsfPZgttzJeQlBJB0Z5YxWn5EU7hU8cdDWzxx4dC0PCFcAg== processed in 304ms
[2026-08-24 10:16:36] [ERROR] [db_pool] Transaction payload payload_hash=/gETle5r/yT/DethO4sslWJNTdl1e/SWGFJOZ0W9Tfk23CbcPjCu6F0pP44MJJIlSTIHWlLm6GmELCc3qxe28w== processed in 462ms
[2026-08-24 04:35:45] [WARN] [db_pool] Transaction payload payload_hash=Zy+mPtHWE6chkG0pUdBLeL542BMiDPfxvUl4ZOpjf/+9t9Gc8CsuZB1DTiNBVCn2zlkS1DHOGp4udk9fqPtgVg== processed in 309ms
[2026-08-24 07:47:58] [INFO] [db_pool] Transaction payload payload_hash=5vvlUoon6YR7kfHVJuTFdub8XK3zDQZywpGB+qQ/JIOpDSH/movHrzyZF5lKPuIKOGaHOqC80iCdh3YJujkpCA== processed in 445ms
[2026-08-24 07:25:34] [INFO] [db_pool] Transaction payload payload_hash=/R2jH+zr7CD3f6G8EA14476BJtO9grex1BON7pY7g56Y9+sbG1YvFMPmFvhLViGPImGU5+pJz/qeNcj9Riib/w== processed in 179ms
[2026-08-24 03:01:30] [ERROR] [payment_gateway] Transaction payload payload_hash=K2LArUpmFYJQrgX1ozkjax6RI4gtabMa1yFS1oHANYiylVnCNNf4KInVUsLUvx/lxNFVAAieCx5YI6KH6cKjLg== processed in 469ms
[2026-08-24 06:09:28] [WARN] [cache_layer] Transaction payload payload_hash=Z5MJImv5faD7MUWgAkwpxEvPi7r00VjAKhWPyLFrH/FzoO9oD4wLRUfnU/FcSDEdgjJCEDg4mu5Is+aWyVBy8g== processed in 347ms
[2026-08-24 09:49:09] [ERROR] [auth_service] Transaction payload payload_hash=54aBPLv3lSRiUjbbsg/7nIZ5jwFXETmSrgpbE8Jrtn6C1TsIR5Ff5g6Ia3WjKbZuzFFV5wGOJ3LSuXYurGTk/Q== processed in 269ms
[2026-08-24 04:30:02] [ERROR] [auth_service] Transaction payload payload_hash=3EDtmxS7Kd5gleqq9m8kid2sDWB2M0FDVDhXv5zchQduEg2gntv9Z8GFLeu7Eem/xl6ttIR7IQjYQWRKSSndYQ== processed in 19ms
[2026-08-24 09:06:24] [DEBUG] [db_pool] Transaction payload payload_hash=CThc5PUUOEOS+cOX8byrR6MTYgRKaXcuBkX89P4dbOJzKABgVhZvvZUXSkwH8TFIub9h5hEFqTi5Cd0uxnBCGA== processed in 223ms
[2026-08-24 02:25:37] [DEBUG] [db_pool] Transaction payload payload_hash=Yyn00xD61vkFfuC0NP/EBIFOKpn5aYaJaT14X9lkSGsrXO0RMultozqAvjtwNMQ17WpuJGIKHVpROwjwMfSmVw== processed in 316ms
[2026-08-24 04:56:56] [ERROR] [cache_layer] Transaction payload payload_hash=kKGZ5tapcZOnybKONl2KQ3KuFoTXg+jKp0XHJCWCdncjNOCJifquzEyyGMSmsjlMHYQV8bsqIE1zkDJJsUdXYQ== processed in 70ms
[2026-08-24 03:50:00] [ERROR] [cache_layer] Transaction payload payload_hash=4W9uFDGw4x2x7fNk42WHd2D0JutU59R9eQu3Cqwd8TrjZ63VM5+z9LvAUMAgEDzzyWTxHh1O1h9fieJx1ZGqWA== processed in 183ms
[2026-08-24 10:13:28] [ERROR] [api_router] Transaction payload payload_hash=BcaGF65EwOGjeqF069PbBbNvz5kCdopoSU6fKyj7gI/y3qSdyuMsF49ZfQf6Kk5OHBorhLqWHt/CyoQYMGYFwg== processed in 454ms
[2026-08-24 10:44:49] [DEBUG] [db_pool] Transaction payload payload_hash=ERsrEVfSIaZRQsDmh6osCoo3tynR7R2IYcmllF+PERy90yz0fy5sFDPWe6zFYRt2FnC619Bk1qufK9xE130XyA== processed in 376ms
[2026-08-24 10:32:25] [ERROR] [api_router] Transaction payload payload_hash=pcFXit7piHg5+ULK0bcDeGDkETKF8F/ezOs2tREG1ksKpl7Zl9JYc0TAb0ybvxNQt+YfF04ZCWoqpkv24m9+Rg== processed in 170ms
[2026-08-24 08:37:25] [ERROR] [db_pool] Transaction payload payload_hash=nYIutYegbpBBGDBViNV0pcciO5+/lOIKBSaOb42ILMiNA8vqU3MCi+5D517ttevia9o5SWd89sMuHgbQ4hND4Q== processed in 366ms
[2026-08-24 04:28:07] [ERROR] [auth_service] Transaction payload payload_hash=hVL1ogo53zmWo8kBVhqDLcgQ+TpFxosHFLGiyAEd+ARQX3rrorvzsqZGXorxPDQ2yQOztIyRVxD6xi0GLHeyUA== processed in 398ms
[2026-08-24 09:38:30] [WARN] [auth_service] Transaction payload payload_hash=Qujj0i+GZHwTqyIk2IeSv+k0+QnZHUnK1wZ1Msf+aShVFTK71Uj2smlitCCXn179ETTEpY4T3QiHWNwLEEjxPQ== processed in 454ms
[2026-08-24 07:37:10] [INFO] [auth_service] Transaction payload payload_hash=mrt/3Bflnq52D1MfnJry+GIgH1LkbAir43sQpvso5I8RbNUqQnCozgwHiTZ5RMn63U1wuxDQZNuQ1ahcuv1ttQ== processed in 38ms
[2026-08-24 03:12:13] [WARN] [db_pool] Transaction payload payload_hash=ByU/QT1/YuvDyJCnZoqCF4M54PCsL7ylAc7t/QMRnwu0GG4C2EXKzhu2aqb13FH2FC9hJMoMrDS6QWgGKnVF+Q== processed in 225ms
[2026-08-24 02:38:26] [INFO] [api_router] Transaction payload payload_hash=j82BKqEzz2bjXEGu0tsjExbipOqTYjwVLXyMVds94iN/oMao6r15Zoj9xPU/xrYkAdhadIAL42kSjRX/p9kOcw== processed in 189ms
[2026-08-24 10:48:13] [ERROR] [payment_gateway] Transaction payload payload_hash=kThuMp0wEE1ruAE9NRZICGtEt6y4QNFCKvV9687LzaZRITkMzyS7DB2MT6v6WflfkhgkMJLJjzMMTh0WHfaO+Q== processed in 378ms
[2026-08-24 07:05:21] [ERROR] [payment_gateway] Transaction payload payload_hash=+DndhPFsghW6gWUnuzdGgYMzFCp0ZMKQ27uqQYc9FYdOJ0ArLcCLn7+rR3byrIwLYOVLFKd4Cv3WlOpdyYREcg== processed in 451ms
[2026-08-24 08:37:06] [DEBUG] [payment_gateway] Transaction payload payload_hash=zSxtfk8GQ8bawF4VFvHK7p0CHAI5IIoN34S6HwyrmbPt4nUXoJWmNphOIcDLqSNHKg+3bzqDK5kisK0vSxZQhw== processed in 461ms
[2026-08-24 03:13:17] [INFO] [auth_service] Transaction payload payload_hash=9NeQCNgU46yez0mvxvDqCxI6Jk6HrJWtDUcD9HS1oetlOfvd54cO25Q83zrkgSzxjK5NNrc7pgLi3AUoU5Fxgw== processed in 374ms
[2026-08-24 04:11:53] [DEBUG] [api_router] Transaction payload payload_hash=qq5UGhfqAzf28DZfC8sXQkS6hDnr4Y+FsZfB7QHFSgCFan2HoOQhtXGtIJdSixTs/z+3Sw/SKEeNtysu/ag6Ow== processed in 359ms
[2026-08-24 03:29:58] [ERROR] [auth_service] Transaction payload payload_hash=x7cAQVjeNsONhyhsHXLqnUNifDIOYay8mYRCd21EaZNsq8OuUVY/m25LKRHQXSAMaxs3YpSMoGu2Om2LdEeBEg== processed in 146ms
[2026-08-24 09:19:03] [DEBUG] [payment_gateway] Transaction payload payload_hash=VgyONmp+JEuFScn8fUl5kEPqDp6Krje2S4pTuKm7iW71ttdHuFRom34+I4WFF6/d2XmGrmCZCaI8lPYVjS0dgA== processed in 453ms
[2026-08-24 06:20:25] [DEBUG] [db_pool] Transaction payload payload_hash=g/Ek2FtD+u764VwVkUuslpcx+CC2lRNIHqhV5jocxqoPUEHMGrdSEHV3RdTQqfDhNMiYn46pWLNpGwW5ZMxYWw== processed in 341ms
[2026-08-24 02:32:35] [INFO] [cache_layer] Transaction payload payload_hash=VtfG8EhxA2Lyvz7eTX4CAZFyshKiVAx4Wc3SxaRJI/udy5Om9dTlk28UPqDLZIyTTig7axqYuxGBjGgtkGBoTg== processed in 493ms
[2026-08-24 06:27:59] [ERROR] [api_router] Transaction payload payload_hash=XJQ0csf16vl8aJM8KmTXSJwljLtMT8WeEhAl5lcJqtHy3Zrs0Yw3eAX3MDvdZVZ9tL9n31Ah1tXJyGmHEhZdug== processed in 403ms
[2026-08-24 11:11:21] [WARN] [payment_gateway] Transaction payload payload_hash=Y8FWY/wk/KvBdUbvN13LPFMW5OBhFlTP2OzbrkQHve1BttmOvlQXRxN+FAVXuI+9intxOERnZSyAMIQ5U60t6Q== processed in 171ms
[2026-08-24 06:31:21] [WARN] [auth_service] Transaction payload payload_hash=wEFnKJ3h6CAzBP2gK62NK+/mTVEa+L8B4Q9LJjf/bmP8n17njqTlsv7DIeeIXob8hYR3xNWZkRal0jF4JRVlkw== processed in 428ms
[2026-08-24 05:05:24] [INFO] [auth_service] Transaction payload payload_hash=7m0kUbEtyR99Ss4DPf8mGvLJziO0jx9qTRutECZqKiXBQOy5JPPDTxxk86ve0kHAP1kIG0c7xJjA9ktU9j62Pw== processed in 453ms
[2026-08-24 06:59:16] [WARN] [db_pool] Transaction payload payload_hash=a6oOf2nOjDuG/Bl87IV2DOCThZssjc54yRi7L+Kftgnnu3W+hsWc8X8RKg5G/JJkNC8cF2UpYfRHsdmXa2LYXw== processed in 47ms
[2026-08-24 11:06:49] [WARN] [cache_layer] Transaction payload payload_hash=kNd2C8+M56l7nfWy2zfka+KbxbKOLxruYaQCQsJZTfNuB31vdPI7YXx5wS+WM76c+TPEvvhLx4C2/oz/qKBRDw== processed in 347ms
[2026-08-24 04:38:19] [WARN] [db_pool] Transaction payload payload_hash=vVUChqXbVv9TZiTuuO6MD47476foPA3eVzuRlqw9GZyHWmbgqbXy5YsCBBAQaVkcLZeG01GGjdlxL8zAQfvVzw== processed in 126ms
[2026-08-24 10:27:45] [INFO] [api_router] Transaction payload payload_hash=C5SJ+61PCLVppHYxFF7OZ3bsUl7/An/BBdtMEfauA95Nh3azdBpq7gsq+rnfBcQXZLPXlXc7npe5QFks0GDcjQ== processed in 145ms
[2026-08-24 10:15:31] [DEBUG] [payment_gateway] Transaction payload payload_hash=DYXPssegKLFqYcOZORe96FGYbptUCTzPteBJ8uAqBPRopfKyq5Xgfq4nOL3lZaPLtrUMdWuxuF5JylirnI4kMw== processed in 217ms
[2026-08-24 08:37:40] [WARN] [db_pool] Transaction payload payload_hash=LTP7WjDHIafBF25tHu56Ytxn6q30CxaFiTlS2I5LHBtTh2paC0onMeIYD5JyOB6b5ilfNpaLG0dYD1VIr9QfpQ== processed in 80ms
[2026-08-24 04:43:55] [DEBUG] [payment_gateway] Transaction payload payload_hash=tAb6MlG/42kIx663Xe+YOvOA9iBhSJB9rvBZ91NQ3thG7xdQy1TJ9peC8V5Tyx7Q0G9q2JIFWHbKln5G1WpQQQ== processed in 62ms
[2026-08-24 06:30:10] [ERROR] [cache_layer] Transaction payload payload_hash=Y0fHhrAphMFOwAv3VhFHQjQGkn6L35FOqgb+obCP/ulzAKnipTJ4NU4F1wv/iz41vUE9Wz2E5Au8nvQvQQm6pA== processed in 312ms
[2026-08-24 09:53:38] [INFO] [cache_layer] Transaction payload payload_hash=yoc4i9093rJEtA1YTUez/uPoqoovD86OS8++tiOgzhB6WsiBeZlEpZ3l6Jd9aGgzxwdliDiFnNWM7e7kC9/cIA== processed in 122ms
[2026-08-24 10:14:25] [ERROR] [cache_layer] Transaction payload payload_hash=u6GgmfRRgwrosndVkpA6QzZFLua773qD/PNtT75HlvfRJwLwgs4n7F0SdrvtQxccCXTMqjqEoyVsiHQ3qDMs5w== processed in 490ms
[2026-08-24 02:31:21] [INFO] [auth_service] Transaction payload payload_hash=OmLFnFojFE+Ys1qWOG6mW7YpO8xjelY2KckiRNyshiMhChysl2gfw8rZR+SkysDDNN88+kdF35hsJxTP+rSMcg== processed in 27ms
[2026-08-24 07:46:06] [INFO] [db_pool] Transaction payload payload_hash=JxGIUPG5PjIDnYBGUORmcUolh/5eKj+Z3XGCcwb/J6SzykDrrb/3ugfVGrAh/U0qFMcqY7ClO5Y+B3NSdXoosQ== processed in 434ms
[2026-08-24 10:21:29] [INFO] [db_pool] Transaction payload payload_hash=e+sja6nWk2fEw82H0SBEhQKyUNkiyVNgYaOKenorKTe6xJd4g4qFzmUOnhnEWVbb61Pa/EJ7HZgIOACS45f2nA== processed in 435ms
[2026-08-24 08:43:35] [WARN] [api_router] Transaction payload payload_hash=7S9qlAhZewOaE9nGVseCQuvIwCEgm3rrY2pWz4crvIspKfM4Tfxh3X8zEp+W+dUPpXwHrRTqXDsvtbe8UB5vNg== processed in 260ms
[2026-08-24 04:32:02] [ERROR] [auth_service] Transaction payload payload_hash=9mUXAPuffqmmZJtR0wlZ3/2QBw0OG1BW8SlW9TMOicAQ+NUgzz16kC6dzdBi05HSD/rIM4jJNDbyGUkggB2vKw== processed in 410ms
[2026-08-24 03:45:14] [DEBUG] [cache_layer] Transaction payload payload_hash=0le3KX5dL7VR0o2BGIENeM2rrGSOoYB21xeD5Q+55Gxl2PzFTscXjhD2UdwR+YiJAbNoynKxGf0zbHQ84Qe9hg== processed in 117ms
[2026-08-24 03:19:04] [DEBUG] [auth_service] Transaction payload payload_hash=lbtmINA6q8Kyx6nXgCtVJ/EZOARSMsEDF8T5tEvvlLeC5eJXn+f+/3nRXX+XlyYd1bAL2BMZYDD5XhaM2P/U6g== processed in 44ms
[2026-08-24 03:40:54] [WARN] [cache_layer] Transaction payload payload_hash=eexkXLW+0Mji3uLRE9UVuSrVQYfW2Wp37h/a29nWNnWg0OwBatR/RiftH1xw3gQx9Ngs+zy91j/DzI9t17HPfQ== processed in 103ms
[2026-08-24 03:23:54] [INFO] [auth_service] Transaction payload payload_hash=PlNhYBvF5VHwFFcIrljE7KIwWBedro+O1G3iBFx7Lm2VzfYhxYOz0DH6IssupskOIIA346U/VXibJg7cdUN/JQ== processed in 491ms
[2026-08-24 10:42:53] [DEBUG] [db_pool] Transaction payload payload_hash=A03GJO6bEITY2L5f/8eIi3rNkY1ERsy2+0qU7/oA5wfasikS9tS+fUfeJ5031wfO5ydpbACBLssMtVsoffJH7g== processed in 224ms
[2026-08-24 05:41:30] [DEBUG] [api_router] Transaction payload payload_hash=XVlSrWj8Buc2cjNwbvSAtCUyefT7ln6B4chnEWSTqD8if44mpRZaVmdDK+GrDZdKcEy/BPp3k8VBGsMywZrQTA== processed in 154ms
[2026-08-24 04:38:10] [DEBUG] [payment_gateway] Transaction payload payload_hash=JxF0GOx6AA9DD89TpBJpo1CjZH50Xdyw7weM+Seclx6ced93rNN0bitlrFDfUYb1I+0BZzA1oThnmz6A/5AZpw== processed in 296ms
[2026-08-24 03:26:39] [INFO] [cache_layer] Transaction payload payload_hash=WdaP5fe1+cOwXQ6W1AqnlyNhv2B+ZPuk/+ygZXLvSSreJoyTPIYFtmKQAW6R8NyUkCBa/k8lp3hyzD0PhQBilw== processed in 273ms
[2026-08-24 04:09:36] [ERROR] [db_pool] Transaction payload payload_hash=cnbNwOSQqPLvr7p7tPia8k0oYMsMFTXwbp3pPQN7+asp1PAp0SqC8czY36V42tFA130STZyYbDZkZIS6YlGPHg== processed in 397ms
[2026-08-24 09:37:02] [WARN] [payment_gateway] Transaction payload payload_hash=+2Gt3ndFF2kQn7YEiP3eLLBNoceX7HxrwvOveizP4W1btiUPl9bP57IRdRvCfW2tw0tviPpBVBlvTkcrXa5PBA== processed in 269ms
[2026-08-24 05:29:54] [DEBUG] [cache_layer] Transaction payload payload_hash=r7eKVRaFpAYHI0yTRYwbda84e3eyYB4thdPZZD44GI/dsc17N3Bh1bCfXvqwKwwi8kvR0H0gddJrkSgCAPLCKQ== processed in 421ms
[2026-08-24 07:28:43] [WARN] [payment_gateway] Transaction payload payload_hash=Le3DyEVgqkaNm1FuGSBIkSbz/qJnfQqwZ9R9mF9RvqlPd6O3mzkrjkw/Pgh90usxyL108aRDu7oShLzhciKMzw== processed in 25ms
[2026-08-24 03:12:09] [INFO] [auth_service] Transaction payload payload_hash=QmgT5ukMmbi5gMF8IXxhIs7qPvFz1k96ik7wJ65gUr7PQ898y5mIG4BafIJRbUUi878c6HEW6MZuZ6bEl7xrUA== processed in 351ms
[2026-08-24 06:31:45] [WARN] [auth_service] Transaction payload payload_hash=UhIflzIdEDPLUmVdZ/BW+tCmbEyddiTVBGFBCnSdb0TkHD6kJgTVcrtwrSFhE50LC286itMIGCY4aYHuo4J4QQ== processed in 484ms
[2026-08-24 04:17:25] [INFO] [auth_service] Transaction payload payload_hash=/jb9AW4KVO1TND++oWFZ6N/qq1mKnq/NIoTKqwauALNRL0ExYsMbwD04Ime+grGeT5oqH/CeklQ6zLoCmpWaaQ== processed in 214ms
[2026-08-24 08:02:16] [DEBUG] [auth_service] Transaction payload payload_hash=aJq2HiYwIQRpHfF/wIBEy/p0Cq931nLKMbzk+sq/nQ6REHPyVLz2gv2ZcNdb09Tq5saqGcaixaXjdlXIOTByIA== processed in 113ms
[2026-08-24 10:35:46] [ERROR] [api_router] Transaction payload payload_hash=nSU+Xaepg7Qtxg8xBa286UQLRBo4fAx9plDOhyAd8R30AVdwRKhXQGWdNRrGQ+kuZi3S3A+i/VEHIXVqB670Vg== processed in 161ms
[2026-08-24 09:37:13] [INFO] [auth_service] Transaction payload payload_hash=tOjDKR8DNwm21EAqHPSHcEDi1+DdKEkh34gHj7PXtIP3LDHGkXDlo4P6W5+IHhO8waQVuVZmE9SfUo2ptfGSog== processed in 260ms
[2026-08-24 09:53:50] [ERROR] [payment_gateway] Transaction payload payload_hash=t+jhDmlCmCUZoVFPII0eBjSlQdeDfjnnRBV3btmeRmJerX9mYeMe2cx3h3wqwtX+Ssg82e0Dz8M5Vv5B6jGydw== processed in 9ms
[2026-08-24 05:10:31] [DEBUG] [db_pool] Transaction payload payload_hash=LZ3hZ+6EkrMCLsTt6EqmEXJC7ZOyE/7j+KiAbkAtzMaLlLbhv/h9MijnfNw2lZovUYqqs1nUKpPxCt++BqKZvw== processed in 218ms
[2026-08-24 08:26:31] [WARN] [payment_gateway] Transaction payload payload_hash=RTwqQsJVoko0VrYuVzetkDbf2pZu6zwTE5lq0ga/C7g7bt4UH9eNew9KIqrEbMJ8XhaAtuQJv3Ttk5WxXMkl5w== processed in 155ms
[2026-08-24 04:48:15] [WARN] [api_router] Transaction payload payload_hash=7AOGrulduVnE3Ry7EfEICxEGwJArR9ZKnKdL7qwQu9/fLFMz4OmPoROLfxEnr7oSkVXqQQhempALTeFQuO53fg== processed in 289ms
[2026-08-24 05:16:42] [DEBUG] [api_router] Transaction payload payload_hash=nNYxvlPvvN5DSuxG2CIyj0G2eura/RWxp30i2vYJvebNLYRGdfBuuog22/saTNMMwxG59++ChvT0fWlDeSNOcQ== processed in 409ms
[2026-08-24 06:43:41] [INFO] [payment_gateway] Transaction payload payload_hash=pdw1JjiT6R/Ke8TVGjybr6dXKv0UI0EA05bQxxVjK+OaJapnulIg2Z4CpNlWoMFe6TlrqCCHO3feRyIAX6drag== processed in 34ms
[2026-08-24 03:03:23] [ERROR] [db_pool] Transaction payload payload_hash=sFpls/tlH4oTV4ki+FhCnTbM2zh1rZ57VLD+cSYT1/qYI+Rtu8DoFTX6GGhJ8KYyLNYgJ5vhhgbt9Qe8TfGDxw== processed in 62ms
[2026-08-24 03:16:24] [DEBUG] [db_pool] Transaction payload payload_hash=58fc55Y5IBv8X5j/o/y3dRDp7evCUJJLR4vHJmosUf0+KB54dmp/iyo8YUJBpxwrWmzoXQ0ULSnwscYjbie/2Q== processed in 380ms
[2026-08-24 03:10:45] [ERROR] [api_router] Transaction payload payload_hash=70SycbzcitQR+jSzBPpUSfDq4vtk45cdjdmh2Td4yIYZbg4rsS4fvypxww3Bpe9cINrjGKFft2zvHXb5bFZ0Pg== processed in 2ms
[2026-08-24 05:07:18] [ERROR] [db_pool] Transaction payload payload_hash=O98Wsf+kHJthmTv0D514+hY/S6lLq6uB3GQ3F8AkTTXkMKcHQiloO8ckyiouoY7yV93cgSjOJAcU+r7AcgaCZA== processed in 284ms
[2026-08-24 04:53:33] [WARN] [api_router] Transaction payload payload_hash=fJ8VsD9Ut634+DdLVv5qCrJfkJ6EQSYBX0hZ63/GutrmGAP0+heSxtWNXT4sjtO5/Z+g9ku3W/YyBciDdjGWBg== processed in 400ms
[2026-08-24 05:36:58] [INFO] [db_pool] Transaction payload payload_hash=sHGRPb7uyILgZM/6pAL1jQVl9RmD9ZIRBgKWfi5I7Si4sjly71wDMMb/uYaxKDGddHvylqpDFiHSjNkgeg0htQ== processed in 62ms
[2026-08-24 10:51:18] [WARN] [auth_service] Transaction payload payload_hash=XKL2z1YGlb24NWBcJSpEwqy6BX+p4aR8F5erup/q9tx/OGAm72VuVTxEnA3rSzMGPdN5crWxHu63HTA/sq6Owg== processed in 174ms
[2026-08-24 02:51:55] [WARN] [db_pool] Transaction payload payload_hash=zkLnOGF4DtD7owFhBTexe+WRtVYgdRAfDHUpfw4BfElTPWxxM0ddmTi4C23lymxJyUFCTqjSRS7dLqmG3TRRSw== processed in 339ms
[2026-08-24 03:00:17] [WARN] [payment_gateway] Transaction payload payload_hash=giSNjHbfos/lLkP+rgpVsrO1ku+tqLFajGCQ9FPaegHN4DdXbhBEZaUoKO5DoPGKIP6il9W6IyEQi4tX3Qo8Qg== processed in 53ms
[2026-08-24 10:52:06] [DEBUG] [payment_gateway] Transaction payload payload_hash=Qj0ipotHCP/QtO++jpxvy+fF1bmtuRRbAb3t4d1rm8E6NohVpY/thfgHfNHgZSr9uhvXElJFQqk/SAK/aA5ikQ== processed in 177ms
[2026-08-24 04:47:14] [WARN] [cache_layer] Transaction payload payload_hash=lTERPlpE4nqHD/pMzSBIONVreY1M4Qss56GZKR3rzhkwD2IWYCMx9smW4Nt8pBSMNAGVE2dXf4930nF5Igc3qQ== processed in 256ms
[2026-08-24 04:16:33] [INFO] [api_router] Transaction payload payload_hash=8KHGsxZxs7chZo9WeUhTJBw+OaPu6o6XvzEPbxC1DuCNIUKa0Je2vZaKSoKp370jyjLKqHKfCAYI6BoFTXnx+A== processed in 446ms
[2026-08-24 07:15:23] [WARN] [payment_gateway] Transaction payload payload_hash=BOvdn/pDKuVGPefQk1xyDi/vYPSYv0IxHYTQniwAbpPmuggSkuSayHR4LsAprfLcTn8A7lSyS+VziBTe2BUmXw== processed in 210ms
[2026-08-24 09:58:32] [WARN] [db_pool] Transaction payload payload_hash=B4ZzZYpekJLkvgYesIio0PMaYcfNXv65F86lA53491G20mKFGK3gp/218KkkijFubQl8XomWjmQ5KSHvSpmnww== processed in 410ms
[2026-08-24 05:31:32] [INFO] [payment_gateway] Transaction payload payload_hash=JiH2J0hXHduR1gS0BtrLrzIcN2oDqvvkRJZ3u0cA2v9uLjTKCFLDcU8xi14maZ4p2JzvKmVj5c4K1sY0QOelSA== processed in 284ms
[2026-08-24 06:12:47] [WARN] [api_router] Transaction payload payload_hash=h2ziBbh5MoK2nQwk33gbzBlNe3J40ooKhj7aT8/9GalqYKmSPl2pB2bojxS1DAqcBounzQ6DVYVJmoqEOcha2g== processed in 35ms
[2026-08-24 10:55:06] [INFO] [payment_gateway] Transaction payload payload_hash=/2ND0sn9GCL8FiTcrBe0E2h4zOeA7gFU9JhbkRbGJsvBnbBAv0VtL9ozSOkO5ypm/xBh4XYEPU6AOX1dwJubZg== processed in 111ms
[2026-08-24 04:48:09] [ERROR] [payment_gateway] Transaction payload payload_hash=1RIg57GwzL6WcfFFeA8XleaNOrP+YXHs0x5D+qmcHfL4vDXnktgacZ+2pJNlaGvQ3gImmY/UljfEAxr+TK92bg== processed in 497ms
[2026-08-24 09:17:06] [DEBUG] [cache_layer] Transaction payload payload_hash=tZLPNcmXCzQqwUfQENvx07PmFrbRUQbu0Ov2lxDWkF8ElvDgNDjY2P7oVW/detgaz8jfIRx43H38zp/d/6GjpQ== processed in 455ms
[2026-08-24 06:34:32] [WARN] [auth_service] Transaction payload payload_hash=P3cv/GS10bOwasbCR2xMDzx5iPz4xqwFi+9DQRX2tXJ+aMw+jDMbbKh3rZsqNCxvrE+M3aRRE8S216QZjjVUvg== processed in 203ms
[2026-08-24 03:52:42] [DEBUG] [api_router] Transaction payload payload_hash=mYctmw9/ImiRyopucpzxNdsPtyeoQ/hLQ94LU+C45eFsBLwSPessltQe2ZxkBGOLIdsD1n7bhP50Eoa0fsTCbA== processed in 350ms
[2026-08-24 05:45:42] [WARN] [api_router] Transaction payload payload_hash=3D6SOvsXUqcIiNJchnsnq3UYZBmWPNmsLi0x3+5mk5bQ/ekZUtzgDAADSJziX5kgCHck8da1co0zcPZ7ZHI86A== processed in 301ms
[2026-08-24 08:49:28] [WARN] [api_router] Transaction payload payload_hash=gdGUNPnoLjqdnQtLOBI407e9j/kbC4YJrwJ8foX6TcICt7FhAnmsI/rYc19rz2VpkJAar9OgiorCSi4hSMUIrw== processed in 24ms
[2026-08-24 10:37:52] [ERROR] [db_pool] Transaction payload payload_hash=y0615FX8duDsajPFx28wSHrb/YDNr4y5ruJc1aCAzXw1ugd1vgEZI/N0qIVN4MmiDFGwPDizcClSdZ65SMQc+g== processed in 453ms
[2026-08-24 07:28:13] [INFO] [db_pool] Transaction payload payload_hash=JqhiOwFFrD0Jw0aSBIx+5hFaEWXddfYOTQUkaIz9E0X1SQ6/rP2qZWn8l8m5xU9xYCjeWN4PxlkwffbMke4Bkg== processed in 312ms
[2026-08-24 06:31:42] [WARN] [payment_gateway] Transaction payload payload_hash=W3OiW6DaxParhRO1qOFMgHuE0bajimtP2QZAJRfvYQqRzS61hWz7X0efk/uhUl4RK4zApECVJ0J50iDYVD637w== processed in 285ms
[2026-08-24 10:33:38] [WARN] [db_pool] Transaction payload payload_hash=Aaqj5wa7AjukaC1sIgv52+LIkRgMuzGSOrxTTns6lmwUDcWpVngOtwc9voV2kXy0AwgDBYsMi6CKD/tfXJjdeQ== processed in 464ms
[2026-08-24 05:42:21] [WARN] [auth_service] Transaction payload payload_hash=Jjcj4xiBAGYS2IBIJl523aXO1Ydq9AojqnC89+H6Vi8prQ8BMovdbrrQ2YRYkiTpCuEPs5rO9UiSAwTNMySTKA== processed in 92ms
[2026-08-24 07:05:31] [DEBUG] [db_pool] Transaction payload payload_hash=H3z/FI9V6cW5w0yj1YyhyXwHvAaonq8qj7rNrUrFmZs05OHAz+k0au8EBtbH2gm+KJ53QZZe6TdSlrCoQ4cA8w== processed in 421ms
[2026-08-24 06:37:03] [INFO] [cache_layer] Transaction payload payload_hash=XgOJY+nzM5ZVgdw8rrdNsqYZDSX2vXQQy00T1YwtVXylm0PcOWMTqlmZsMUivNOz2+GYsxGm2s7gwRwKMvabAQ== processed in 42ms
[2026-08-24 08:33:13] [INFO] [auth_service] Transaction payload payload_hash=801DZtUQ6ycaDnGZ/6v8D4mPMQfBsvOZiFdodSO72AXEPir6boMNV1Spp4voghcMYFEZGSX2/4TjdXX19mgwkw== processed in 187ms
[2026-08-24 07:48:55] [ERROR] [payment_gateway] Transaction payload payload_hash=mDQlbyVSQUMG01Ch+KMESMTwoNZV4gwfJnXvR/EBivO6ZCHHjSPcNbS4QfE3Br/pkD4ARDUdl5RFNSbySg5oUA== processed in 355ms
[2026-08-24 11:01:27] [ERROR] [api_router] Transaction payload payload_hash=TthsfkjXhyAqV4502//XGzY1kIgGRIq+g9IOBCTg5aTERFtiuuvFoTzvY9/b671oo5jY860NtxJMDEJDwwsTlQ== processed in 175ms
[2026-08-24 05:38:29] [ERROR] [cache_layer] Transaction payload payload_hash=MYJg1YR6Hrt74XG3aRHelZTGA9wTEOXOfHRCYGUYLSLmvzd7pqYsvU832qOpM1ai3sugScoQzfKI0AQP9iR+0Q== processed in 77ms
[2026-08-24 07:19:30] [DEBUG] [auth_service] Transaction payload payload_hash=cTBY5PvMy91g70qbpb/8u0HRoeH1xTSepXrIaZ8e/2Le9zbYhcVIXTkUEXSMcwI4gjQm/a4yuoQ8HV6gjZu95g== processed in 256ms
[2026-08-24 04:04:13] [WARN] [api_router] Transaction payload payload_hash=X7r47ZnJTUMTOJR0xHpV4d3jqKROh0ZfQ6dfWXsnIW5rgXQJxiOZ/FMK9HOhYm9M/SP9BFYllFa/JQrLUarl0w== processed in 85ms
[2026-08-24 07:11:49] [WARN] [auth_service] Transaction payload payload_hash=yFLUSYnbUmSNc/VDxXpTcRw5xQxb+WqhE3/7ZKY2EzYSSa8eYA5KKYlTJ0ANZqgBhYQynfLlqjgO6RQMcvIVnw== processed in 470ms
[2026-08-24 09:43:35] [DEBUG] [auth_service] Transaction payload payload_hash=J6u3E8Ujta2PQED6lAC14kC+nZXa4KlYfNPJombqbnGOI1r2NkbNp29ebGpLMX7tB28YDSxMeQzqTpNdUYAR9w== processed in 207ms
[2026-08-24 06:54:08] [INFO] [db_pool] Transaction payload payload_hash=ekVmIPBpZqphz6Hcj9PgDaS/NdZJ1WnNz/nIH3+nXNE0qY4V8ynzg/7EjO6cS0lH4t9f5kpqRnLh6oBHTDrmiw== processed in 258ms
[2026-08-24 07:48:28] [INFO] [payment_gateway] Transaction payload payload_hash=LTM7iHDIdSPMKPwkHqUK9qeqBbK0ZhZw3GFZkhb/y/M6rSa0qo8oY57IUQTTqljHDQ61rGgmeLZcjXHkwahELQ== processed in 37ms
[2026-08-24 03:44:25] [WARN] [api_router] Transaction payload payload_hash=+0qu1r+dOLdR7NFV5JdDivaPDfkyO7jUiNlIok98vnwzq7HrhBVYfpa0UX1fuvdXCglaw6ip1dXAD60F+d6HvA== processed in 22ms
[2026-08-24 08:55:38] [WARN] [payment_gateway] Transaction payload payload_hash=+wcT6EJPcey8hFFFPHrBS3EMYE2ncUCpRvWduiulClQLkBOCq207ETPct22Rdq17drZSOr6uPgjnuUiipuCsaA== processed in 169ms
[2026-08-24 05:57:45] [INFO] [payment_gateway] Transaction payload payload_hash=cNxy5lnUhxyQ6sZ3/huXGcIdFY+xHv5SqbQnth4LuoxuTSn/YcQ7pTvcFrbD0bhYrVJ5vBw8QQzNuwav+G21pA== processed in 159ms
[2026-08-24 09:03:11] [INFO] [db_pool] Transaction payload payload_hash=zqmH5O36di46BNSkWke+PC6zE7snTP1B3cCQy1UerkuNOSrixwMA8DkhZW7SplieTmbqUNr2V58GhZa2gHPlwQ== processed in 307ms
[2026-08-24 09:49:01] [ERROR] [payment_gateway] Transaction payload payload_hash=fF0UoH7t0ez3s3QDi7Nxw/MKjo3Hg/PYkg4VtJzPB1/WlSKpYWj0e+y8X7cvxT+QrK/Ic7n81VeUGiG65bl+Ow== processed in 174ms
[2026-08-24 09:02:04] [INFO] [api_router] Transaction payload payload_hash=ZIjp9IDU9UWBPR7gczJxsIBvZrmDrJD24oTUK+M3LWsdoxCso0tnBt+rfnF+IIuKbZ8io3HHbNUWowJzgx8KIg== processed in 265ms
[2026-08-24 06:38:26] [ERROR] [api_router] Transaction payload payload_hash=yv0xkHQfZvynTF0+ToV+A5Q02g+lyQO5dBoPEg1jw45cuS/25U0smdbHwqpdvRhWT4kzGW44Fmfp0nUXAUcS8Q== processed in 420ms
[2026-08-24 10:46:31] [DEBUG] [api_router] Transaction payload payload_hash=7vw3wrvLXnJqF4TrJ8AwMJ51vGP9+8OcdsOGJpJB91lJcrG/75HIrWdtLJ+lUbXweMMvaI5B7JOLOfvPrdZPQA== processed in 121ms
[2026-08-24 10:10:29] [ERROR] [api_router] Transaction payload payload_hash=sQWZ/bBeyiFgRblcVU7ENKxWIs1MLchy7g4b2KWnr0nvBqR5T8bIkr8mOQ9bHpFUwMTjG3to4ydNqbdLnVGo4g== processed in 351ms
[2026-08-24 06:34:53] [ERROR] [payment_gateway] Transaction payload payload_hash=+FOOUqtYja67pSj0epP+KV33fDDAe2XgVR4bvUchOlbidmbey4r4Vssj2s4D662pM9W+R0XnFVidvSHVTYRuUQ== processed in 322ms
[2026-08-24 09:00:31] [WARN] [cache_layer] Transaction payload payload_hash=FRV0mBJdQpF57rku/d43ZsMJ0vHGZDxtJLhWZWS4Gmkknc3DYTC0kBCfT/upL95UGtm+LEk6Leaien5uZCvLTg== processed in 107ms
[2026-08-24 10:19:49] [DEBUG] [payment_gateway] Transaction payload payload_hash=SSMmGl+0gUYseOrFE301rx94WxOmCM5TtpI3uAIzK7fVejtJDCXwh3K39936UnLIf9K04TnD5uBJYVT50Jp83g== processed in 320ms
[2026-08-24 10:32:40] [WARN] [db_pool] Transaction payload payload_hash=f9knKVN+Tls+mf6d7+5mG+9i9uhl0MsLYX5VtDHWGpinFkW8yalfPRZjYJq9Crp+G+paLSCa4xcKIaOvmnz0rg== processed in 486ms
[2026-08-24 05:57:29] [INFO] [api_router] Transaction payload payload_hash=rk2ExJWPPHZqqBuDlrJgp7V7bKyCJwYwCaJCF6MUp/jZeuFgtsV2tzSWFCI4vAuLb/ETAHJiajtdYhBAbehEZQ== processed in 413ms
[2026-08-24 06:33:21] [DEBUG] [api_router] Transaction payload payload_hash=BRatDoLhic2b0oiB7AlWGBNvT+ZFt13wLVhbHolS6nsm6hg+v5UuUiC71iW4e0q9RCi4NJ/YKsCP37hfuCajXA== processed in 379ms
[2026-08-24 08:59:18] [WARN] [payment_gateway] Transaction payload payload_hash=qzZpiYbcEJQbK12pxg3/CMrlCXwu5Ar5WUYxSg09xpZ3f4IjfwLS2963mnfNL0lmn9VH6Q3CwvThAhJk5i85eQ== processed in 202ms
[2026-08-24 02:47:56] [DEBUG] [api_router] Transaction payload payload_hash=a4HQkQfqnfxaPr58MUMA+jYCGGbgd1UMtPeY2HsOLCxPB6a61fOnyoHx7vK4g/NsiXtS9P5JbCcl0NEkAOPZ5Q== processed in 116ms
[2026-08-24 03:09:50] [WARN] [db_pool] Transaction payload payload_hash=Fu4uoLeHYrlPxuZ2kJTkeNeTdTXWdp+K+ssQHJcAEkaIqDxmXh29GYQBAwRCHXSWXPQ6CZMHdS2Yla33Cl8XGA== processed in 470ms
[2026-08-24 10:10:57] [INFO] [auth_service] Transaction payload payload_hash=IBOD+mPAe8ZmN75RimWSnucsNMI112Gc7SfgNIh6zprqMkdaMKAulfKrxb0YZwLJD4AdheLDMMVD/0hb6rxlVg== processed in 327ms
[2026-08-24 10:12:00] [ERROR] [cache_layer] Transaction payload payload_hash=8OsOI9kA29mPFRVKfeq4UxP6hQJQtbzzZkXVKvWDu80DqLSd5EicJrqJlU+DJVU6/fpIebZS253pdPRgDlvrYw== processed in 312ms
[2026-08-24 05:45:31] [ERROR] [payment_gateway] Transaction payload payload_hash=jbJzppPvETIPRW1NRFRbmRTh5Ev67LiGk/saQyYq1szm5NoV/JCfyulnUvFZg6GJN3+bLL9r68tMkTBlqGYqxQ== processed in 66ms
[2026-08-24 09:20:26] [ERROR] [db_pool] Transaction payload payload_hash=MUCbe61/7R9cy7eZzlqKBrFcr8OUVdzHZ1mSChgghFWVw/eE1s+/Qz7Ex1W21tj1uWsvpwxZuGh+bfakJD53Zg== processed in 44ms
[2026-08-24 07:40:38] [DEBUG] [auth_service] Transaction payload payload_hash=RmSLSrjDDUg32wA9arQEgPPHWvpmehi3TgArc1Xxl6E7Luye4FGYzcQYdephu5up/Ynjw/O0sotI63XB3oVPeA== processed in 10ms
[2026-08-24 10:12:39] [WARN] [payment_gateway] Transaction payload payload_hash=hDEu/jOpt/ttFDyvVwIzkNzm2FCx49J7WAs9zBSPzOtCz8R1ejINfCPk50a8nUN0o+OwLUYelnlZTH55IamdNw== processed in 17ms
[2026-08-24 05:28:35] [WARN] [api_router] Transaction payload payload_hash=z8/mhZuXhKoy7tPEhUaQ/b7hQBYuFym31E/e4RKs5QjataoEYQ/OV8BZI7tpnEh6Au/TjRb9GNqrOCcasJWYBA== processed in 101ms
[2026-08-24 09:27:49] [INFO] [db_pool] Transaction payload payload_hash=ebxY3Zq9zkIU6wZuAByroOe2GyYSA6ZVKAMXhZcTHYlPNVGr5egBR+8bpw5urRthSjdur+wFzANpRcF6a1j2sg== processed in 155ms
[2026-08-24 02:35:27] [DEBUG] [auth_service] Transaction payload payload_hash=YpTHJ7ELOgRn/Uqv8vCapP41H8BtCVXWWhzhVPs6aBsVP+BapI7S9H4CfDQIiKJSJuXpfd8U6AwRxWPfoDq0aA== processed in 54ms
[2026-08-24 05:24:52] [INFO] [cache_layer] Transaction payload payload_hash=zYEKFId1mCYMKZ51NpHB3haXzJ2/W/njEiVZ0bYiF/DdrUxrXMFV+Yt4kssn9A/PLWi0x7rqchdT1iKTn0r5ZA== processed in 244ms
[2026-08-24 10:29:10] [DEBUG] [api_router] Transaction payload payload_hash=U+9cPiC73KYmD/nNp7/zw+ln3Ga+0dX4UulIgt/GV7OR7CWNHixzwQwAVh9LPRZtos6JseSObDG93o2939iFwQ== processed in 79ms
[2026-08-24 10:58:13] [WARN] [api_router] Transaction payload payload_hash=kuUWyBrRxufH8snDe6WavcoDWCPSvdYPscLC8UbZEYpzccPBasCioeFo/6AlPaszq3Fz1zItKaxuTNsJC3aqQw== processed in 139ms
[2026-08-24 04:54:06] [ERROR] [api_router] Transaction payload payload_hash=RuHOubom3SjAqUW8k2RG9q9hCf5vux1WTIKaaLM/sDdmTDCxVYHxV5YOryid1wM+7+nUwjt0jJtdfd9VSKK8WA== processed in 50ms
[2026-08-24 10:08:36] [INFO] [api_router] Transaction payload payload_hash=SxfjN9P9bp9OBiwR1SiT1Fd56xwgW1Fn+zg5AP34lgGB/edaJSTYZEgbD4QrYJr6G5dfe5QobT8rvMSF83249g== processed in 427ms
[2026-08-24 02:53:19] [WARN] [payment_gateway] Transaction payload payload_hash=kSKm/qhXSrmvQuXqUccLhDzsZYivF3xiwAnq0+Q15XRj2HmywTFQKZIKWUjdO6mPkSqDSsVfKtHo1L1ChykoCg== processed in 65ms
[2026-08-24 05:06:06] [DEBUG] [cache_layer] Transaction payload payload_hash=JRyOi1XxhfHDAtDD2dcmctXJMLpl8gvdBbxBZJL4MHABkZsUrb3UluUq88ehDnjwwwPsMTop4D7yeB/s6H4YfQ== processed in 142ms
[2026-08-24 05:40:02] [DEBUG] [db_pool] Transaction payload payload_hash=FKqa7izHBzM+PhZ2ywy3tvnpELzGZdA9t9WtYleM94IPotYbaNDR5JN51F+hINxUD202dNPFkYpK3Cc4Ed0z0g== processed in 223ms
[2026-08-24 09:28:47] [INFO] [api_router] Transaction payload payload_hash=RsKsLYUSxzOeC7f2GpahCBa1jTgVfnkFumWIeOK6hti5t9dEhtIDTu3LnTv3tkCYgRPSMh38piLC4QcETG7Qsg== processed in 360ms
[2026-08-24 03:31:53] [ERROR] [db_pool] Transaction payload payload_hash=gWmANWXFiD0EGwIWb9mDHH0n4r85d+63ifgNbXBComwAv2RAAzaFBrj61hb9dBrIJqLrlClvC/mNR2UW6FWKIQ== processed in 100ms
[2026-08-24 10:04:39] [WARN] [api_router] Transaction payload payload_hash=wamwX/je+hX/+ooceOJisy1uA5H1zxLcH/Br97nwY0CnXbVsJOWJv2qOY29cYpE+w7d33XHQuyMrtejM1Q4pYw== processed in 239ms
[2026-08-24 08:23:35] [INFO] [api_router] Transaction payload payload_hash=FKxB3FGLdaspLX3AMe6IQWexQWB/Y/s2ODukskUkwzz4fzdebEUWH+xrxzG6ZgcTgyaWjF58sqGnGdqCRDDCmQ== processed in 135ms
[2026-08-24 08:14:01] [INFO] [cache_layer] Transaction payload payload_hash=yjsAmX71m2LK22c4gcYk4TjYzMQtGAkQkYsoFfwQE0ZJPiaQjH330RXffYfd+CJDGVNDgV2LQ6ssxE04nu6v8A== processed in 261ms
[2026-08-24 09:08:40] [DEBUG] [payment_gateway] Transaction payload payload_hash=cO9FWibPfTqvmIy2XSq+98ukpKObpbdeyRAjQ/nOdCTvLFHNoT7niV2dzDXkMzl6pW4ZvOzyjeEArjXe/+6EXg== processed in 147ms
[2026-08-24 09:55:50] [ERROR] [db_pool] Transaction payload payload_hash=zba4+TRp5/Du9xDiL3eoVsfZbBD4crnsvTt2SoX64L6v0xoOmJQR3q0Oj9KZ+cSuEuiXS0fzLhfQh6mTAXEOLw== processed in 360ms
[2026-08-24 08:27:15] [DEBUG] [db_pool] Transaction payload payload_hash=6X3U6sdcTGECObwbsY5+vuEgnvISz/mvwJH273GOgCvcf51ADHXJcZr7UpJsJax3JbZc7kTFiAYWcxsxU6Xeeg== processed in 228ms
[2026-08-24 07:34:55] [ERROR] [db_pool] Transaction payload payload_hash=X1QPLkwU3k8NyFD2eSkaqXNcjyPmLplWbnOg142B2FHeajRmwAxd2OpCjj6QaLL8dvFKBudrwmedo0CVCU6dFw== processed in 314ms
[2026-08-24 05:50:41] [DEBUG] [db_pool] Transaction payload payload_hash=rwJ9fWPl6MHLOT9cIvvFYL1DBizWXNaAujscAlMCBlEwgidrgwba1xId7+F7jofzXjYlIMx8EKN2iFhrR7CVlQ== processed in 125ms
[2026-08-24 05:21:22] [INFO] [payment_gateway] Transaction payload payload_hash=ZW7KGVGNIzdCSw388G528Nw5ucD1YW7NegO0+x0EynBJyDvqJ7zbSm07pBmntdfaDGmnVbGLhcjxRPKEjD7xmg== processed in 146ms
[2026-08-24 07:18:36] [DEBUG] [payment_gateway] Transaction payload payload_hash=xtFtgW4Mf6xJB5ynduzRaScXAl+rO9HOnJt+k5f5ewYCrSSOoLq33VgIR9LD05UgFZiMIkLV3JtLIZGaNs4y5Q== processed in 288ms
[2026-08-24 04:39:41] [ERROR] [payment_gateway] Transaction payload payload_hash=zf9IYhpeXx+UcfQa88W84Zc2k7LNNf8630WtaA+MP0Jojj1ej1K5k8xkQQQ8p3MnZFTAui4fp7bjTIiPQkspjA== processed in 64ms
[2026-08-24 05:01:21] [ERROR] [payment_gateway] Transaction payload payload_hash=GwbNhClPcHcKSmc35whjqUuMSXNraig5UsKzmQrjGHw4p3BivotpkuiZGzs8wqvEtVFexU3hU+/RS82SQpDXFg== processed in 11ms
[2026-08-24 08:51:20] [DEBUG] [api_router] Transaction payload payload_hash=F9ia7c4eLngnTvyTfps8uMrShRw+8fwp8YeSAx1QOfxJ/7Fdje1xVqEygmGANRqcsjQpxb6krJBQ8WG3Sp4CHA== processed in 178ms
[2026-08-24 03:05:43] [DEBUG] [auth_service] Transaction payload payload_hash=eEqHY2HZv7g9TJVBoXh//9axIrMccwrQxzkBpl2/IJ0VzoUXtSfxBNIiNfkleLzcIEbLmXbqjc1dfPtzerUN2g== processed in 445ms
[2026-08-24 09:51:19] [INFO] [api_router] Transaction payload payload_hash=vI78SFXB4fANWz7Vp8Obd0++9FzxsGgxiaTUyU4YhQcNCCtuX4PXcMIztf/FbmwejwhSnyzlqAQz5kW+U39S+w== processed in 265ms
[2026-08-24 05:18:52] [ERROR] [api_router] Transaction payload payload_hash=tvlKvjN8esF7t7J12c0nDOOohNiKxGwgeTXcgPYxwqTnTOeOvd5AwuoVtVc/bR48CH2VvkjucqKlDusjY/uFTA== processed in 366ms
[2026-08-24 05:25:10] [ERROR] [api_router] Transaction payload payload_hash=weZmUawcVr+V3VB14HAkgb7kyTvssMjbtDnQbV2DTNqCw0SsskzqS5P1TEMxbRqAysvFBWkfXZwNLeRfp8QKMQ== processed in 147ms
[2026-08-24 03:25:25] [DEBUG] [api_router] Transaction payload payload_hash=nrvPtuBzVECwk4obDFNGCfFowokzejko+SLI0CJNmTQxsqw/xdF8S/r1EsZS3IaedXNVMjuTspMc3tfjCeZTAw== processed in 459ms
[2026-08-24 08:53:29] [ERROR] [payment_gateway] Transaction payload payload_hash=OFRvYrKFGXgp+lAGTKHl0rAe5wFRD5cW4/1adm4DoFUSFwSzs+L4R3CmWCFjGo7diN3qShKmeYZJffYe2G/e/Q== processed in 307ms
[2026-08-24 04:14:48] [ERROR] [auth_service] Transaction payload payload_hash=iS7EH0K5lTb2IxFEwDHP0UB6s/UZILe5EAvYhPTVYhBvPPSBsnvzqrMzulPu29gnsMX2hsT4epGyLMIogKGqhA== processed in 126ms
[2026-08-24 05:17:19] [INFO] [api_router] Transaction payload payload_hash=JJ/WwauNZBNeWmu3lVWYerceG6uwQMvTVykPN1IH+LyGKJUjmoeGZtQvTKvfUdDZbWzcmxqdxjx6RWMBGcI8eA== processed in 261ms
[2026-08-24 10:26:29] [INFO] [api_router] Transaction payload payload_hash=kcp9Fpvch3IPW+qhjoDpmoaXYJRqYdeYJnPW0/g2wPSEfU/5voG2h6FU2VJ8Dv/p+CgrJbsYdmf/qmfWtG6Ncg== processed in 125ms
[2026-08-24 05:52:07] [WARN] [auth_service] Transaction payload payload_hash=YzGIMvJTeSfEQ4xlIGI7Q3C/iEz0LYbKAWkOK/GMboWhsHUbGgINbWezmjilS2PWs1ugWw/B99H10jfC51g1/w== processed in 390ms
[2026-08-24 06:35:46] [ERROR] [auth_service] Transaction payload payload_hash=WAFjMfLiwGEW8qsuWG3sM6w2PyhaaoRttlQFF5Y6WzgEfaGkg6ARN4AOP3JfoDpdvX444PYEVk742DKMRehrpQ== processed in 240ms
[2026-08-24 05:34:38] [INFO] [auth_service] Transaction payload payload_hash=gq7iVZLG05j0zKnevybNsCTU5oiCkVyTG0Zs9y9fXoZz3Vv0AmVsVYw24CI4N64jJdV3e5noUxgw6vIA1DXtcw== processed in 174ms
[2026-08-24 02:59:00] [DEBUG] [cache_layer] Transaction payload payload_hash=JJGOoTRraFepXI4QbShjY3iCSF/JV1f6BA0q6P8s/MtEZ043XE1c56NKrF53QVVx6Lkz6u7yr/5RUYnbuqSh7A== processed in 248ms
[2026-08-24 07:21:26] [INFO] [payment_gateway] Transaction payload payload_hash=6t8mBQNPAoxgmoYdHACqMgKFoxenRn4VIL3Rhe3E3RJ/9KB6QpkPK4kphnUVcnaJ/jDDaFB3eXivIxcHug7B7A== processed in 298ms
[2026-08-24 07:13:30] [ERROR] [auth_service] Transaction payload payload_hash=ORkj/9F5Hn4XMzzKABJSVDKXUPsK/16KVVm0SiGLRJ7/v4e8X6XfQHo3NUzrJ1hP33/Z2qCW8aeR0rO1aznwyQ== processed in 496ms
[2026-08-24 09:05:54] [WARN] [api_router] Transaction payload payload_hash=AiPox8MmXz3uggRnIr0+GS67Z6QQtJXqHXxARatVZnrCiJWuclzi0ENFcKhEVxAwFX/6im4AJEz+1Hyh4gUV6g== processed in 369ms
[2026-08-24 04:17:07] [INFO] [cache_layer] Transaction payload payload_hash=AZn9lUg9BaFwkQ0R4tDIjetZUX3GAdMCRu82xvY4GTZah1SkEzjnPUIX8eBTHnybaNWUaYf8bUQBLvFCJcAYvA== processed in 157ms
[2026-08-24 05:04:34] [DEBUG] [api_router] Transaction payload payload_hash=PBoWsgtFnZBXB1XKuBtgf7rX5DfagusVfXddZvOK7OTJLALgAXUWv0mKpzNS9GbQqOSFPH3JMt895RHmN7rPSw== processed in 408ms
[2026-08-24 03:07:42] [WARN] [api_router] Transaction payload payload_hash=yrqfzLobnHa78bElTbydH0LVGk997VmryqpynvF7Kfvc5GeCmjXD7c9cKxupeqbTnzS0+5iN9EQ4Sck8Mn1QOw== processed in 34ms
[2026-08-24 06:53:19] [DEBUG] [cache_layer] Transaction payload payload_hash=sQGn2NmWGFRG4H27UfzWdEjooJr16qmmoRB7MDjUXM1xVPIy8/KapJA2+ILr/v46m1S6s+ZKkOQJz3pYDVM9Aw== processed in 34ms
[2026-08-24 05:40:09] [ERROR] [payment_gateway] Transaction payload payload_hash=vx0duhMpuddkH+ChqAQOUpXl3OTlsYWCCKZdllUJoh7pgAstPuMv5b42vrXQCBYarWa6ZK9V+ie8OZKAu3bUXQ== processed in 27ms
[2026-08-24 05:59:22] [INFO] [cache_layer] Transaction payload payload_hash=uyqFjYYHXFlHU2VbzJkw6LGQPpnE72eZyGxyRKbIpKBwwO5gJ8P8DqIUJR4sqpnHHmO6eta55R+CBM4ZC4iCPw== processed in 384ms
[2026-08-24 03:45:35] [INFO] [db_pool] Transaction payload payload_hash=qc6A+J7IKYwqbLv6XimRZdA+APtImN/OyFqYwu4YBwtwqCRHDQxzNQmNhUlhT0asK27uUldIvXKlWPdgjRd1Tg== processed in 244ms
[2026-08-24 02:20:51] [INFO] [api_router] Transaction payload payload_hash=9/OlKG1/cSZ8MfUMr3QoX3RqUup0DqIRuqgF5sY5AthVeurYAnRoEXigWgwyfryuAeWVNnURKqg4Cp8ovGllWQ== processed in 258ms
[2026-08-24 06:45:43] [DEBUG] [api_router] Transaction payload payload_hash=FhVpcjz2na+lucqOuX5cShhahgHPiGDsjZdB3iOQm4/ZF7dBVG9MFA4qhPNjAYH7xqxurxXgZmT/zxPH2/LKyQ== processed in 294ms
[2026-08-24 09:23:56] [ERROR] [db_pool] Transaction payload payload_hash=NZIq4+1f0WH9n9ceSu2rze0A6erM+6FXd5h+OhuKWiSeGveAYXBGyPf/pEM2qqht8cOUwOgCjD1qPBczhMX1iA== processed in 38ms
[2026-08-24 02:29:06] [WARN] [payment_gateway] Transaction payload payload_hash=4ZOdIezp2QJDCv7S9e0l45VkSdMCRVJkUsaVN1J1oHpMNIfwc0eRi66jBrg2hGO7t8RVNby4tHz4rvvGBhwL8Q== processed in 376ms
[2026-08-24 04:50:05] [ERROR] [cache_layer] Transaction payload payload_hash=F0t4mGo4O/QLJwlzIFxv1xiIqD/4a5lMpvChf5Z6ncZ+O0r4Qh/wFTB/lT/jcVZWca4TfmPTrWdXGx5FyYevkw== processed in 483ms
[2026-08-24 10:26:40] [INFO] [db_pool] Transaction payload payload_hash=4gPwzr/u7OLIW3ax4/fvBNArCiCl0UcUzHE7QnuOAqhutfjOboioVmRcj/AEvOIhWW4JyFqLIMK0n+F9B/kAJw== processed in 208ms
[2026-08-24 06:37:47] [ERROR] [cache_layer] Transaction payload payload_hash=C4SxxTEQB0G6vhHxlLxTd07jgatQyrJK7bL1gX99DZrBtmlN8L14I+u6m9ERnEqTfwIhg/Pebq1LAWronh8ZLA== processed in 234ms
[2026-08-24 08:22:37] [INFO] [auth_service] Transaction payload payload_hash=HWHeMpOuPB8/i/0w89HWkGv2nwhb49h+YXwCJFb+ENZ53Ifzyt+3kwBO+Q590HvKx2FioDb4xfRVFyePecQybg== processed in 46ms
[2026-08-24 03:51:01] [INFO] [payment_gateway] Transaction payload payload_hash=JcVVFd9dQaEKdWkVxjk7C6kgITlOoZO2BU5ofDU65p3LOU7Zj0lAmTYN+XJ+mnPUii9fC/Irrfod2WmnprhrxA== processed in 392ms
[2026-08-24 08:23:35] [DEBUG] [auth_service] Transaction payload payload_hash=c11S98WFiyEcq6LrpcVEFikQHpUScUHC9F/2TmYjp0cOyJXXxQ7vMPnHlxPdYij/keowhovGFzbOcDHTIvMNLw== processed in 339ms
[2026-08-24 07:00:50] [DEBUG] [auth_service] Transaction payload payload_hash=2AKlvTvfrxzAu4PenFJxP6AiPikQC6SG3GQ3oHPNlvfvo0v/YfokYOqq0xzEtD6BwH38gE3o+VNf3tSkYx9ISQ== processed in 259ms
[2026-08-24 11:14:04] [INFO] [api_router] Transaction payload payload_hash=O/ZLAbJZ+FrzDg2Vg2Kve8+6CvSC8H9MlDG11d1UrYHrxEx+ZGwJXKgJoUQneOc56avffZfuXJpsMsOF1bFLug== processed in 481ms
[2026-08-24 08:05:49] [DEBUG] [api_router] Transaction payload payload_hash=C3Pc9NbfBFCBAJ3eVBL2i4vUxyMWJQyMtj5lqIdRhuukLaOZ8adjuUd6qySKrzdfLZcOj10LmKpBegLBwjKMkQ== processed in 287ms
[2026-08-24 03:53:23] [INFO] [auth_service] Transaction payload payload_hash=h0x5iNEjXBjlWlIs+/lpcrSo2vx8Z+d0791u/gpYVvXZDO5tJmciKWOiht4o81ECHb8iJKXO4Z8XJ2goG0V3tA== processed in 193ms
[2026-08-24 11:16:10] [DEBUG] [db_pool] Transaction payload payload_hash=hZIODttErCy3RWLIKpKQhGb+6vSd3geLU4FCGalvC0HfVYD8dmkHF5gKSm+kaVdfyOpZHBvH5EoTHVtab2rV6Q== processed in 41ms
[2026-08-24 04:45:32] [WARN] [cache_layer] Transaction payload payload_hash=jPnWrZQ/PhZwL1dWLI/x1HYGSJJF/1eKHTcW2tAbxgC47krjsoXjUXxU/r9+OrKPkFt8/qEPALAYi7PvETnUZQ== processed in 136ms
[2026-08-24 11:15:33] [WARN] [auth_service] Transaction payload payload_hash=/EHUSOAO8JLQexcs+lVQiVLkMrETcpxDfqlArT+aS/OHDTsMEGzxg7NJmN6Nc2YUUC1sclxnRRHWpdqPRiOsAA== processed in 11ms
[2026-08-24 07:25:37] [ERROR] [payment_gateway] Transaction payload payload_hash=paflE4gcAwxv0FMAwfFxMRUq0dUah3pHC+wmGzUCkrhIZuW5VhBrbB7+DEoiRaIGzPJZt25K4sSIiYi0grBETQ== processed in 317ms
[2026-08-24 04:14:10] [ERROR] [api_router] Transaction payload payload_hash=SmxWsmygf/PjesJCtQGg/ls4Ql+pMvdtfcniBlvJZKhKcP+k5h0/wWu4zy3Xr/ScSOMNZpy4tf2Osid+LcQlKQ== processed in 289ms
[2026-08-24 08:33:35] [WARN] [payment_gateway] Transaction payload payload_hash=JCqEz8Bh8/eaZ1rie/n4Xpo8SNl5xm/mCjzA/VpQnZg22DxKau/9kL15KbJvNJgthlv0+//KtTAdlBOv2AUZ7g== processed in 179ms
[2026-08-24 10:41:44] [WARN] [cache_layer] Transaction payload payload_hash=8lFusCyUzdWeFyU4Km3hfFRXZI01bPdG61w9wclTWVjC8l6ubluaryZbUHMNWANvN7SWki5AIky9u9TBZ66O3w== processed in 330ms
[2026-08-24 09:24:01] [INFO] [payment_gateway] Transaction payload payload_hash=KJzG4y36rBspz/TpJiwCYt+zxEyldkJtWCE71UA4DyF1XedxC7bwTl63vQ5R6MAwIMha08EXQx1Na7WJLU8t/w== processed in 100ms
[2026-08-24 10:02:55] [WARN] [payment_gateway] Transaction payload payload_hash=7fHzXza7EX9JVQwCPe8ABMhDJIKLANeTsuDNvlLu8lSKtPJMyR4Pez6x7j5lWkOtGJdKH2N8BSM4kGv/b0GTrQ== processed in 165ms
[2026-08-24 06:11:28] [INFO] [cache_layer] Transaction payload payload_hash=CjZ+LtI5I4idJPFV7v3ptW07g2gTch+KujmTZ3gw2LsrwP00C6h2TK+AIj089R1Ze3FESGjCCY2ZiMCgLe7OJw== processed in 335ms
[2026-08-24 10:11:45] [INFO] [db_pool] Transaction payload payload_hash=teOdBzMv3bvli1CbdOjECX6dhJOAkRc17nxK71V37VsD5dNjOdZe8fVCSHDxo8iaKpJaS1C07rSBdKM1binLZw== processed in 224ms
[2026-08-24 07:13:48] [ERROR] [db_pool] Transaction payload payload_hash=XGrc6850qtLNAN00P6nqEjHRplgVOIy7EpDJUCCAyLF06c0OvXC3Uc5wseA/dwSf4bdN/TskBR7mA1BKdBiYBA== processed in 36ms
[2026-08-24 06:13:56] [DEBUG] [auth_service] Transaction payload payload_hash=PslfcK8BiehPGhnY95hCtQniKM2JyU1VPmQ21GLkUPiB6JSpFvfjcCGkcrQFNRrNGgmvwShKriu4v9a6dMVICQ== processed in 179ms
[2026-08-24 09:44:58] [ERROR] [db_pool] Transaction payload payload_hash=z1zd2mRdGAU9PtwP/DCyvFIjKC4nurGaVsegeOh1JFLWORmFRVlMTFdgD2xTgziqNI2C26dhtUVgo9DrUSeGxw== processed in 132ms
[2026-08-24 04:08:57] [DEBUG] [cache_layer] Transaction payload payload_hash=d14+MQbvqBRucJcfZwXJc8GTPQXocSTRlQ8Gz5hHyg1OQ2Tg/KPNYX3K6zXMwawkppoFocY1J5+fjvmkBWSN6g== processed in 488ms
[2026-08-24 10:41:57] [DEBUG] [auth_service] Transaction payload payload_hash=xj6szfByYjYCzLB0nU7FNQWPJzm/y1WzB9e0YKnOUJku83HBvVbuP6J7GdLEGAJpJkvvABS87eO2WOsxO0g0rQ== processed in 389ms
[2026-08-24 09:27:33] [DEBUG] [payment_gateway] Transaction payload payload_hash=Gq9efbBtURuv22qofIg26dgKp26NpFJeWWadppSkWpcsqUT/KQ2Eio423LuuH+soPQ2uU0Oos4H+XS6pW1yLhA== processed in 385ms
[2026-08-24 06:45:14] [WARN] [db_pool] Transaction payload payload_hash=WXexqWfPp7f4qdmzG24vK+//gE9610NcJpxyYyfogB4m2IJyh0MH+i11Olq8Q8heiyRFe2tDpztIanxIa+qjHQ== processed in 491ms
[2026-08-24 04:41:21] [INFO] [api_router] Transaction payload payload_hash=rbDzK3epMhymhL29JRZA6hq+9/1n22GC9UjQsDVpbiplb0vnyZbB0uZ3QGssfQuw+88LDZwfqyNAA6xzB4ZGEA== processed in 368ms
[2026-08-24 03:29:22] [ERROR] [payment_gateway] Transaction payload payload_hash=VN4uebLX71sUVg8tMp98iTZbAiycyDivbo6TaTRRnfprpzN6IS+74TAjvvXsXKcZsHa+qXZpggJ8UD/SfMXqtg== processed in 498ms
[2026-08-24 07:15:57] [WARN] [db_pool] Transaction payload payload_hash=DGPsMDZs4V0ghV6AFuGI4/SuBXU69pBQ4Dkispt6rICJMELtxUl/IWEWj36uzY8rclGU7OFSNxgTEoO1OHXj6A== processed in 473ms
[2026-08-24 07:21:14] [ERROR] [payment_gateway] Transaction payload payload_hash=Mm8Jij4jsdEt96OQAfzeh2Y4vc65HnAC1NICvFPLr2BCKVBsA0TMygOVuYEDthabfFO2qwuCiN1vfuZ2bdq1KQ== processed in 365ms
[2026-08-24 09:41:38] [DEBUG] [db_pool] Transaction payload payload_hash=46A2myoO29J2if3myzwK6VT49KIrku+h2D9WUr8kHyMGpKNIWTe58YU4k93NXlO8bn20EIRA0qY3QM0T8urYTQ== processed in 163ms
[2026-08-24 03:06:26] [ERROR] [payment_gateway] Transaction payload payload_hash=C97bt68ZfQckwlEkSwpJYrRn6m3zemTfFRcJUkyd6br8GKFUFimp+jmluXAAHy3/B5fFKX3HcQlAJfai5Yyflw== processed in 25ms
[2026-08-24 07:45:16] [ERROR] [db_pool] Transaction payload payload_hash=ucNSz6SyL1aW2ILWYYxfZyZLtd8zLmEFR8hRbw134WMLmNugrWzeNNRuNhkDIr8z5Y4TukGmnUrIVoMy2nhelA== processed in 338ms
[2026-08-24 03:05:25] [DEBUG] [payment_gateway] Transaction payload payload_hash=QunqwjQYnxm8kDLF+DWco9js7RZZA+1p4GChCclZa8irhUPBsN5yj0BonYJKAGCkVRyiDa+QQnfvtLD0J6v+xg== processed in 119ms
[2026-08-24 03:43:02] [DEBUG] [api_router] Transaction payload payload_hash=fLmvV1inbD7/7YnPJrNZpsmMyZJx9cjRYSiJ6zzU9W4mSERsUfcOkEhwFx7dPyCoYdVokJZmaj0Bc/5SrstCQA== processed in 77ms
[2026-08-24 06:30:27] [WARN] [cache_layer] Transaction payload payload_hash=fM+hHEMYD8ddPswwKQJT05z3LkG6SxqjiqrTcJ/it8mtqnFt2UO/x8opA2xguJ+mVKxfVZad0HY2u5ULOd2Rlw== processed in 264ms
[2026-08-24 07:00:58] [DEBUG] [cache_layer] Transaction payload payload_hash=vbjtbEqQuCilaJfhkblzODN9MwkFF3cZ9C5lfWP2mZzO4nZrOr/ZyxdalfQQWI0PPUJGWUKFyegvSnDZL5WLcw== processed in 28ms
[2026-08-24 03:33:29] [DEBUG] [db_pool] Transaction payload payload_hash=imV7hiJR5h49BAf8mCWBcoVYzxPAm3nR9uOWCEARRSOlR7bOI6Ktw8unBLp6CM4kZdPpGSvRju+VGbCaNgXcVg== processed in 289ms
[2026-08-24 03:03:18] [ERROR] [payment_gateway] Transaction payload payload_hash=h38N7+FT+esNu9np1HBve2Z6b2I2/hfHZdAl6vvT044yXZXE/YPSXqSR8VKFncCevXnPfzoIS45IyZF1Larxjw== processed in 404ms
[2026-08-24 04:07:48] [DEBUG] [payment_gateway] Transaction payload payload_hash=C5RB8QUaYI7t2U7wHhBrjy1Mde8rJsbdZAaNvsPLrnsKai4lZKg+2ex6iY3L7dAmcxWcX4lHm05SlLxtrI9xXQ== processed in 32ms
[2026-08-24 03:20:27] [INFO] [payment_gateway] Transaction payload payload_hash=FmCnqfeqstzwOjE7QpSvvPNecLL9tfcpx3X9bYYGXtrs9lgm7O6fCaAnkYMwjMR2GLFQ1uopoO/isaHGFncweQ== processed in 265ms
[2026-08-24 08:13:20] [INFO] [auth_service] Transaction payload payload_hash=UafrsCGQXZ8/jxRYJPQ89G7QsyHb97TulyTzxa8nxA9PtDbLMyJCwMaydl2awh7hfX6OPjtfMmUpbTQeGCMDDw== processed in 292ms
[2026-08-24 02:45:29] [DEBUG] [cache_layer] Transaction payload payload_hash=gC8ejVoP/V+Zk3tgVtl0CMutv6fFBfeC4M6TQuMBjdCBuXIEkBIGPniKE3LkCHR9wDHCSZRkiu6TD+fE5VwIRQ== processed in 204ms
[2026-08-24 02:31:03] [INFO] [auth_service] Transaction payload payload_hash=p2BYdYt/QZbGfFKVaMvyZCMNdvPpxbAEEgQ15RSfr/kbIreQPCdiIielRoLePNpZFUg+9hvBxfMOBQZcTB6yMg== processed in 40ms
[2026-08-24 05:21:02] [WARN] [payment_gateway] Transaction payload payload_hash=C+LK4iVI8sjNrQTiYak87jQ4XJMWiJxkwCywuEmIqN/e33kHE0fZSIJtJJfyeW9NBt/BAjczMVswES5N6X7E2A== processed in 79ms
[2026-08-24 10:02:08] [ERROR] [db_pool] Transaction payload payload_hash=asy5blHVcDqhESNJA2hilwQwQuFwc8oc2WnG/Az6yrlCaa023XtwswPH9raNaHVPNORFdlYfRARPv0duD/JRqg== processed in 402ms
[2026-08-24 06:41:59] [INFO] [api_router] Transaction payload payload_hash=o0F5Lh2P1/yl4sykRKuy717Kc7oTubAYaI9aDiZqJVCQq+sfBnqzpXXuH2mZ5Dcc6AwwVMWXQ8wExY8kRc2Xag== processed in 274ms
[2026-08-24 10:55:45] [DEBUG] [cache_layer] Transaction payload payload_hash=5oqAAWACKMznMcLcnyQ8MVbU0GoDQtKoSU3dI8u2LwGhmkeviQOO0U1j9T2J0fmHjny5H4EdSOOwVfXZBEh3lg== processed in 131ms
[2026-08-24 10:08:45] [DEBUG] [auth_service] Transaction payload payload_hash=jcIeeSvaWPd3j6vRYLo+SwJnHu0d4Yj0MXAuwSbSyiZXxPe2AtOueEa3Q8xpGWDReJ19+Y4ZHI3yH2GID5s1Rg== processed in 392ms
[2026-08-24 02:26:51] [DEBUG] [auth_service] Transaction payload payload_hash=iDOcVZB8Ctwcj5jNh4SPXgPrrgnt6cHaMFF8qqsNL242Hf+RIjDzNOhFhUQEcsOZOswfYMsdxXmEN1bQ0YFI1Q== processed in 66ms
[2026-08-24 08:10:20] [INFO] [cache_layer] Transaction payload payload_hash=BV5ptn40DwP7QuOiUl//o0flqYTCUeUr4OcYncrFu1FA8gYuDq84SOQBSpu5zETuKj7Vn8zaEnZy7Cct6oFPeg== processed in 28ms
[2026-08-24 03:42:43] [ERROR] [payment_gateway] Transaction payload payload_hash=do2zRKbyFv2zTYHK9yuexoyDPo85AA8TRvjMiJGw48LQjC/XeLb3CND+z66S750GU5j360d157BrY3/lI+9DjQ== processed in 129ms
[2026-08-24 06:28:19] [DEBUG] [api_router] Transaction payload payload_hash=1+Qpp6LeJoiBT0y6jbnKOysIlcEgjOCwqvtnMaWB8odoWhymIo8cUrJCAz6enknhHuKWF71VxmZ4wj8kfk+rBQ== processed in 36ms
[2026-08-24 11:13:04] [DEBUG] [api_router] Transaction payload payload_hash=1W9U/LNl6JPi9Ds6NYw0J1jxqUxl8it8pgCWz0l9vQrsvHZClruvi0887oD7gAJhFQxCUT/ZjEDyEjYhAbfOWA== processed in 151ms
[2026-08-24 04:47:44] [DEBUG] [api_router] Transaction payload payload_hash=MOUiaMktWCPM3+3KroaK0Bz0yUxWOrk7IaJIqdonmMXcsbXdMco/m4h9/vYw1200vMiQSw5cpmT13uvxtN0pHg== processed in 195ms
[2026-08-24 08:12:18] [ERROR] [auth_service] Transaction payload payload_hash=BrdkTSLLaN3gshjSMaj6k1jeJ6EY/yMImlIMxEV0RulqNdG+tnjCQgdPIBsyTF+om/PVp24zJ1J0/5NWicm9Bg== processed in 299ms
[2026-08-24 03:30:01] [DEBUG] [auth_service] Transaction payload payload_hash=NeNSqFZK8AHUh6Ld1iOrvNAHiL5moFJWqoAcJQ1I2op5AcCwomagVE+bSb3Mu+8MoyfTfx1awmEIp4tkgQ/ryQ== processed in 388ms
[2026-08-24 05:25:05] [WARN] [payment_gateway] Transaction payload payload_hash=L50vufimGZmLTrufrHfYBJZTHe2cA61j+rg0LDpd+jUDbdtVqEUZMpqBvYM5AJjt7cPMHSECYzkWTaAZAMaJVQ== processed in 435ms
[2026-08-24 06:00:58] [WARN] [payment_gateway] Transaction payload payload_hash=07KmgESoFhvolyrQ0EP2mTlFj8MAUW5esuxLg9dbIWd3temPTf1hRVTLTjIBDcRY2rQueFwj8ue4z4HdBsllqA== processed in 215ms
[2026-08-24 06:32:15] [DEBUG] [payment_gateway] Transaction payload payload_hash=6hOUwtQae0C0+b/iC1RCapwqu54tBEZlE4m/wG+AK5fwzIdITVAL5/qCMaMqhp6K6gYa1qSOplfBnocCniFA7w== processed in 14ms
[2026-08-24 03:10:13] [WARN] [db_pool] Transaction payload payload_hash=OJ9CpItHBbb5CDhsJnBrsmPGvzUHbAolBTpIvFnky3WdvG5lEVGia2OE5myXnJyMZadVTyfhKtIdf+ZGa1OyTQ== processed in 36ms
[2026-08-24 03:08:38] [DEBUG] [cache_layer] Transaction payload payload_hash=bpAWogqZrcBD1tv4YtDi0ptz02HWDkBvAsYMa+oZ1laicAyXV6JIYkwm7qsiLV1TQoN8s2s8YDPXAI+h1Mih4g== processed in 389ms
[2026-08-24 05:39:09] [DEBUG] [payment_gateway] Transaction payload payload_hash=rhjMTvXi679s2fPrX7dae/90cIY4I50Og1IiHar7Zqdeaxg6w1qIwMmFDZW+fCS7Z+sHD/a/dQcLXqFO/vAKfw== processed in 215ms
[2026-08-24 09:59:22] [WARN] [auth_service] Transaction payload payload_hash=rcSRVxef9kktP8vFZ1QA6w6nyVeNLiU3vPkSA3MksneXSl0FVsNz4+75dvhVZ9x8xCzIaUiMAAJgTqTXqYI8BQ== processed in 458ms
[2026-08-24 06:38:01] [INFO] [payment_gateway] Transaction payload payload_hash=vvrfe7bUHo3fAkB4gBh7+2oBqMcQQ0KhrkbLDiXkOR1wzMw7T8WRKIcAgkafVz8sOpd67lP5DWDR2fHAVygIhw== processed in 376ms
[2026-08-24 03:03:52] [WARN] [cache_layer] Transaction payload payload_hash=MbEAhNTMwYGgASY9hTpiQUuzPim6giho9s47rsQePScf8gQUgaiBTIkeYg0VX7fJkm5gOCWSvAMautJQc83lYQ== processed in 450ms
[2026-08-24 09:51:29] [INFO] [db_pool] Transaction payload payload_hash=3Le4x4OsrpUVb4jEc1O2uPtaxUXF83GIwmCOz652yzvp1WGZrAT4i4AghRqNCMO8VkFSpZakcCFkCWDmppZN2w== processed in 326ms
[2026-08-24 09:41:33] [DEBUG] [cache_layer] Transaction payload payload_hash=IyrgTzeOgd/5ZUgDD28C3T6sm93/HoCKxhdawDGpWpHf7/rIGUOsFyIfzkbRsZlF5Bl4g8mIwmn4TnZFFV09uw== processed in 15ms
[2026-08-24 03:53:44] [ERROR] [db_pool] Transaction payload payload_hash=zoGloHaVF9LUUnk6iuXu5KN7mWcVBqO5iRPPHrmKpCRJI1ZS0WlU5P+oq3VeP0M/y0pM0Gpx4b/4IbYlAzGDnw== processed in 117ms
[2026-08-24 07:37:42] [DEBUG] [api_router] Transaction payload payload_hash=mvY1QKOarVsrmOlpvW7tnRtvdL0Ddx0RlIImWCpooUYo3OPiv21KnJ4CzdDvrre91iIUQVC1dsrMwE7sNvbQjg== processed in 34ms
[2026-08-24 10:38:47] [WARN] [db_pool] Transaction payload payload_hash=JlyMkrVmUdKH5TlwEShnnf6RGScUM0YSIfDUxDbT2wQlb69DxMiJ9WF0mrwD/LjKlSOeav+NSpAVXQfSVYLVjg== processed in 234ms
[2026-08-24 05:08:53] [WARN] [api_router] Transaction payload payload_hash=qzGP26mPdElCA0XUKxjfs++FR6E5cAuENsvyS/XSwIh9RUEFK2ayjFfhvAfN5CdBLGNAPMRi9btzVFBUSk5WsA== processed in 111ms
[2026-08-24 03:19:04] [DEBUG] [api_router] Transaction payload payload_hash=eLG9NzaX4lZc1XYPUov3MrIbl4cFCA7qLdeFpsNWUOE+F/wRn3Ai549TQyK+COs/9cJiyuPB1aGi4U+M8/bGZA== processed in 171ms
[2026-08-24 09:59:54] [INFO] [db_pool] Transaction payload payload_hash=s5zSlr1A5PxXCXBroS9ib/RtFzBZCUzN0WDeeqvDfuMRyFLzlZC0p+YoQ6i2LjGq8oV/mEkrsq394Ozlhv9IjA== processed in 217ms
[2026-08-24 07:03:53] [INFO] [api_router] Transaction payload payload_hash=ZHoUmzqHJfXXom3ZNx/+a3LBnbTFM0Blv9FrkXRnuOH8j1RuBdZS+BIIkElzHsvgPDHzxSWovtsqz2aRjzN2qg== processed in 494ms
[2026-08-24 03:11:52] [INFO] [cache_layer] Transaction payload payload_hash=wjECyn64jS8r468FSA3fmGa31/ISsUxFrJAwq27CW727d2s6x8o9Kt4LZXyMuQUZsRJeSMQ2PFLcZWgwGOO9Og== processed in 214ms
[2026-08-24 04:32:45] [WARN] [auth_service] Transaction payload payload_hash=k6CP/kHVVo/4qN3un6P6p7Pq7LiOkJxr8KJhHpZhmOjczjVLAGoFjj82sspdt//Gehygd4l6wahQPCRSjA5tEw== processed in 31ms
[2026-08-24 09:19:01] [ERROR] [api_router] Transaction payload payload_hash=8fnWqlWFdf2kNEkzUfiLBM9le+2vtDOUlSR8Mw1LckysHhFqtY+ZBIgCIZwQa5YSMVL3NgDo5/lUfCr9qZAyxw== processed in 218ms
[2026-08-24 02:36:31] [INFO] [cache_layer] Transaction payload payload_hash=cghcLX4m8orE9VLl350Nf1fgNiag9Fekk3+1w38/b2OZsWQ3YQc70MgVSR6Iyc0wh0cFSVGThiE5dJOu57RRQQ== processed in 216ms
[2026-08-24 04:59:15] [DEBUG] [payment_gateway] Transaction payload payload_hash=gsAD07QhYMpcsD/x4Z5GYJ4JSkSTt2BbyHZZ1nOKHbe/Vw+fXVNllmDUorbvsTH0La1Gc1vWonJkrxeHxNknCw== processed in 133ms
[2026-08-24 03:09:44] [WARN] [cache_layer] Transaction payload payload_hash=oCqSOkiMpnnkoECCOGbw2kBiqHqhcNBoe59ToHi3blSMtV50aEZKQ2WCy2KByhLIN+U6d370DzEMn6aJggvTtw== processed in 371ms
[2026-08-24 08:41:05] [DEBUG] [api_router] Transaction payload payload_hash=LFnb1vvVKQ8xeGvFXjekpRWufftBQYcJ6+IkK81u2fvmb2T0JubXZg00eXC/y0F5OelN1kMrJcOCopCcQvUsCg== processed in 161ms
[2026-08-24 08:03:18] [ERROR] [db_pool] Transaction payload payload_hash=h1MJJq6GCwZfe5FyvUzYQwbVm0PLnnu2Z6CfOMYeHrW+UwXu8xe4DIQVdNqd9g9+h7z+zzyew5AvIlVXQzgOGA== processed in 235ms
[2026-08-24 08:41:17] [ERROR] [cache_layer] Transaction payload payload_hash=Nylt3i0bG192jOnqdcuPRF9zuyQr+LexZPqO1RfyH8LPakT/4FrmlZhqAoCYuwNZc0xcX9A0XWUveqwNBQZtnw== processed in 215ms
[2026-08-24 05:45:38] [DEBUG] [cache_layer] Transaction payload payload_hash=SffWDjz5adofsGRiAIjNAJg61ilSJOO8PkCdEEx5tjkvhXZX9uUqiVt0aw3LwXQN6tmxhvll0UJFSnsaWgBLpA== processed in 228ms
[2026-08-24 07:48:00] [DEBUG] [payment_gateway] Transaction payload payload_hash=usBmf1RVgB+eXzkkeChaPm8iQMwBQWpcqsUOeVsJWb8rRSa1srAUdRBCaRop6DLC6TZLIlwiUVvlw1O8iWaBPQ== processed in 332ms
[2026-08-24 08:42:05] [DEBUG] [cache_layer] Transaction payload payload_hash=ktTa3W/OjGyyVxt3zXHwiYgl/VLgiiux7iMGy69bkQxzgPKQTAaWnIsT+QDgY9BzWs9Q+s1Xri5KskPPL7DhoA== processed in 191ms
[2026-08-24 10:56:28] [ERROR] [payment_gateway] Transaction payload payload_hash=5bzfq09HI0Uv1LHOdQFANV/NMobxW/iVDWkrb39naCbT29beTqjYm6WwO38UIBhcAUtFpjefTmpFCxjHpUORQA== processed in 340ms
[2026-08-24 06:22:46] [INFO] [api_router] Transaction payload payload_hash=8+Xz1bfeWspnyAwhmz1uQXxCCxpck2cywd2FVG3gkHSOWQieUirPhDzS0hEQ78cebHvwdJDip4uXJ/FbZ+rXeA== processed in 29ms
[2026-08-24 08:06:39] [WARN] [auth_service] Transaction payload payload_hash=P/1waz5Jzz89nGLNWBmbL18TWpIhmJjtd1ZUCiVdR26924SqzxoAWk/K9cswv4Ys29KKSvv2XbBWJf+h9THX3w== processed in 13ms
[2026-08-24 08:33:15] [DEBUG] [auth_service] Transaction payload payload_hash=BYG3uqn9tq6MKk9kcqqmLN9t9+L5HQSXBM5WnfhQCG8m1x5upDuRVu+AePXOoIbK0X+tJDXI8re6M3XHVSldFA== processed in 346ms
[2026-08-24 11:15:23] [INFO] [cache_layer] Transaction payload payload_hash=glemwP7di5Aobc+AsbOy3WZJ1zWg2Gre7LEAi3XXp6VTRPaFj4Ys/4alrty2bCvNpfj6rDCIgDarEdZcrBJp6w== processed in 237ms
[2026-08-24 05:20:17] [WARN] [db_pool] Transaction payload payload_hash=i95jTP5sobDcRpcBcXz5ba1G/r6i0nn3qg/XDS0jX28A3wTU/2iNjws7TxXCdAwx7DsXGj+QxUseI18N9vlvug== processed in 466ms
[2026-08-24 06:09:40] [DEBUG] [payment_gateway] Transaction payload payload_hash=S3TTgCU6ET021m356VmRv+DcaB3WVujRUBVph5jXcpwX1YLLXc/VKy+jNzoBNMHxtxGyG/TCDS7CNKAYGElA1g== processed in 154ms
[2026-08-24 09:46:06] [WARN] [auth_service] Transaction payload payload_hash=s02XLbP0fQl5YNle7olFBfWJwwhx6R9itC2CuYVCmlk6/m212ktSqF6eDIDNbR/8nQJ1Klo1el6vRrZrkb19DA== processed in 268ms
[2026-08-24 08:59:18] [ERROR] [api_router] Transaction payload payload_hash=jwd5uKDKyIXHSHojWvy9tOsC24AuRAZXZRhtUjnx5vFXhIpWuEAzcZ+/PIYV7k7b9sJZT8goToDqoKPnAbl5vQ== processed in 183ms
[2026-08-24 05:39:38] [DEBUG] [api_router] Transaction payload payload_hash=31bgBqv/kAqELmtRXd9QT91i1mo6oVycFiGf/zqcI2V8Yi+mw6rkSl/3dnwtX7LR43sSgHkcwr+gOZTwEYSs9w== processed in 151ms
[2026-08-24 08:33:41] [ERROR] [auth_service] Transaction payload payload_hash=K1L6HfgTSnw6Ts/hY2ghGq1bRLOpRhttrfVLKSamdu3tbS7KpwHXuLc2mnQmJxs7suZXGMGnm98vKugVwSte6A== processed in 351ms
[2026-08-24 07:34:21] [DEBUG] [payment_gateway] Transaction payload payload_hash=b2kkDEodCGsXVdc7QSuTTjPeX4KZSu34FW4RLl7WBg7ABlM6yg34EBIoUdlVMHYJeoDqF3brQwifCyfSyizr3Q== processed in 343ms
[2026-08-24 10:50:49] [INFO] [payment_gateway] Transaction payload payload_hash=/zkpF+MR0SBxI6jJZezWhBfot2LW+wHmytcyC+W8PF563Atq21iWEdDIoRWEjQHd54COPrutB/UFF5pMvaoYSA== processed in 100ms
[2026-08-24 06:42:08] [INFO] [api_router] Transaction payload payload_hash=sodeAqxKERaSFe0pGUwhts6svih1jwt1eIWSL3SQMIjPBiEDVs3o37ELB0uXb4ASiXuUKuHnM8kxqfDTUIPYIQ== processed in 463ms
[2026-08-24 09:21:25] [INFO] [auth_service] Transaction payload payload_hash=p7mZKeuG4kJWTvdABtBuXPNSrODVkdv4J0Yiv4k1kcylDmPMvLdqDWFpvgcqpv/C4NueVplRAgWkLCY7kwnQlw== processed in 392ms
[2026-08-24 04:09:23] [WARN] [payment_gateway] Transaction payload payload_hash=CjZ5/MlHL02GJ1bZA52NTh0jp8dJjGA1FvXH0nZsG9zNI+eHHIgpFXned76efR4SXYRqi1e3vyPr5pzf8ak/yw== processed in 44ms
[2026-08-24 03:18:18] [WARN] [payment_gateway] Transaction payload payload_hash=7mgjDDx3q+ev44uf6klAIGQZtmVWpdL2gM0Ky91QLfKQpxAyGJFjLGSk1yHbWFNDeychg36xUVzMjgTbuV6vDA== processed in 24ms
[2026-08-24 02:58:12] [DEBUG] [cache_layer] Transaction payload payload_hash=P+/GCvbGfheE2/uZKdqvV6fPr77Od3S4hEMqo34AGO5d8PODXSOfclKobiD7TUczOBib9MHOgFfNMFc4yIEx2Q== processed in 451ms
[2026-08-24 07:32:58] [ERROR] [payment_gateway] Transaction payload payload_hash=7KYPYzljeFt97xe/Q0sMSi20A7uB3h1UfaciiHe0v0P1ILXyPF86gnb+bMchjrmAPPo0xc60FiOBQVyh9O7eDA== processed in 75ms
[2026-08-24 07:24:14] [INFO] [payment_gateway] Transaction payload payload_hash=0yhm9TDvp3MCHtbpZQNNZnCieD+vMeDoT4pA4InL5pSZ306Xvg24zjywm0IfSg+laCXytHG9UUYUEJzgLZTN1Q== processed in 150ms
[2026-08-24 03:12:13] [ERROR] [api_router] Transaction payload payload_hash=ubcApDMdueGYY0QFF7qpv+sNQJ8leDShmRdU4A7uzoDxdlY/BcP5MEoiOz4+BVAZ+fCaM2LbS8G9WVPgItifhQ== processed in 166ms
[2026-08-24 10:50:35] [DEBUG] [cache_layer] Transaction payload payload_hash=vBxYu9q8bbMenZnGKHBYGvRgpi+/xfi0TmyF6DrPCsGgULASReuinouCh1yxteaQYedRmyaC3AlXb49aMj8I4g== processed in 241ms
[2026-08-24 06:42:01] [ERROR] [payment_gateway] Transaction payload payload_hash=B30piuLeSs7sx5n0BbJyXfA9GUsrCZDNUUDKG2BLhTdz9vLBiY7FX0pXGVtURSrKkOX5ADvxMfgw8kJKHuYU9A== processed in 47ms
[2026-08-24 08:25:22] [INFO] [auth_service] Transaction payload payload_hash=b/j+YRT6i6PQZdrMgrdplz9K/Aqwp55H996EJ81I2/V2Foxg6srXOwLUmdU6E1r8zn9QvK3gnj3Eu+htudcSSA== processed in 88ms
[2026-08-24 09:44:11] [DEBUG] [cache_layer] Transaction payload payload_hash=HIqPBsFOLMUimLvon0oOvCRUYzahtnyyAhUzCnI+0oG0aZl4iWgp65OFJIMrUS18asYzHeqP1rk1YVYTKPQyvQ== processed in 310ms
[2026-08-24 03:48:58] [DEBUG] [db_pool] Transaction payload payload_hash=vxFVDeZq1fewsiKTZfuzIdoPsG2R2VxLmEu+W9sOkCkz6JsQh3E6bIQrVHCwrGXQXaqlWxeas5uMTe5UTEj36g== processed in 159ms
[2026-08-24 06:39:46] [ERROR] [db_pool] Transaction payload payload_hash=yoQVmN51xiZ7y+7xFIi3Px7DAJ++M0u5AflJPJOKSy0eAa4r8ZKhdVQ5Q1zZmlw4lvDJpqDD/zusrjhM+QK0yQ== processed in 36ms
[2026-08-24 03:40:38] [INFO] [payment_gateway] Transaction payload payload_hash=R+F0AuUXYVqEW+RvxTFgTdL+tmRzMcC1Pv4Z0tWbQqobt0HmpdtIi2zTI1I5tjHXB6vwewUcx0RU7Sgm6BkvzQ== processed in 130ms
[2026-08-24 09:53:55] [INFO] [auth_service] Transaction payload payload_hash=MyobHTLAnwTLmcdbP+nMuWCShqTKg8yqem3DFSpO/u5vWTyg3FuE8kMzhMC/7k+AN7KWVmNIJsoyWKFkpEYTlw== processed in 227ms
[2026-08-24 06:51:41] [INFO] [cache_layer] Transaction payload payload_hash=tLzfm2A/r7hlpnWJkcQhWIL8XrDsgo8ktKdh0HUtLbl5lMah3ORuDVkbFp/9qW1SOxKs5gdpW0q6f4XuzSYqjw== processed in 416ms
[2026-08-24 03:48:38] [WARN] [api_router] Transaction payload payload_hash=cfiR1AjFU1czi8czf1xlCosQwF7ZdM0/2+s7GULnqDIZbV2i613/uOkw8rj8QhYv26dah0qZj9BZo3StcHB5Cg== processed in 331ms
[2026-08-24 03:46:50] [ERROR] [cache_layer] Transaction payload payload_hash=6zKCoqyojGO3VVSkhQW1Hb+iIexC4UiGc+vdqX+6XLb6KKESWeZaR0U8XwS69cW0tzbPX2MDIZC3mbNuOpMOnA== processed in 111ms
[2026-08-24 04:21:24] [DEBUG] [db_pool] Transaction payload payload_hash=+fjubJKrciI6xX6IoCk0CKqv+KjmBhOoS6z4TkAlmBGq8dMWOo5n/rBlGM0JBQBITE0DrKk+KHBPnaJUx0npaQ== processed in 181ms
[2026-08-24 04:45:14] [ERROR] [cache_layer] Transaction payload payload_hash=txU+R2j35oG7Xa7c4W/f4oT6ADbZrFh63hoO39hFHCsgOXvwsD7YFlzoQ9xQL6drsXli4DitJkh0KkgVmG2zIw== processed in 109ms
[2026-08-24 05:46:04] [ERROR] [auth_service] Transaction payload payload_hash=sHW9GRP5xrcswenDsSjhZ8fpm0tVu7NnrFs5ChI/uFqUHiRm2sYqFjkYwiRKZ7kR0oF+aAztMpJo9ezDZnTq+A== processed in 480ms
[2026-08-24 05:49:58] [ERROR] [db_pool] Transaction payload payload_hash=5zIZjIc5CjTmJDb6LiY5TVLZKchyTly/g/ID6IbPWb3SLSzqv9mI3cHJ9Xactny/10tFG4g98Bxkmf2679rQPg== processed in 315ms
[2026-08-24 03:45:04] [ERROR] [api_router] Transaction payload payload_hash=8Ctm1pPdxmyk95B6qvNPjlx9l2T3Bzc9g6EIxu57G3+ckxRVB+OGZMznCS+oDAJn9rbCZYvtdcsYNPCDN+1Adg== processed in 245ms
[2026-08-24 10:07:56] [WARN] [db_pool] Transaction payload payload_hash=ZWml8/RD9PJuF5f2z4//VrTnAC0ceThDnLpbvTae0Tfna8CGe7uoZ731UnwsbtENeyUEftmvVeqLNxywFB1VnA== processed in 463ms
[2026-08-24 09:23:21] [INFO] [cache_layer] Transaction payload payload_hash=m+3Y1BV8dB+jpw5IEsAS+LJbd8ofYRagVxoe9p6TJzzMHNpjfUvJA24/gabzNlHc91td9SQKjv0ms9dR5XsuHA== processed in 193ms
[2026-08-24 08:35:02] [DEBUG] [payment_gateway] Transaction payload payload_hash=fSld0O3pyHNmueJML7UO0EaRBU0Ru8O+pr7uuINRB0oNGKMYLX8XxhiveraBltVOljdJwrc3djLfZg4KXsnVnw== processed in 158ms
[2026-08-24 04:10:00] [ERROR] [auth_service] Transaction payload payload_hash=S/HdQl6HblM977bs7okfbwtqsaEMUO6hemSD4iXLxk63eTfg+RuNby8XYH62jVWJ2gaEjjr0gRN8iEt3z//kbQ== processed in 14ms
[2026-08-24 06:28:17] [ERROR] [cache_layer] Transaction payload payload_hash=hMlZq+erF2RPMPS9AKk93QS/OHZUs0Rqkb6TGXxiicvQwJzVDnRvCDE+R98yiq5yS9C5P7sLV3e/BfCBFl5Rfw== processed in 321ms
[2026-08-24 03:40:53] [DEBUG] [cache_layer] Transaction payload payload_hash=30D0ht2QLf+/hRF5LtgoRTwzzvRZBhvB6UUtCSsG0mlSyK7H89jYsBL3rqRt+Kgy5XvlNBgUNGLaKfKKdln3zw== processed in 269ms
[2026-08-24 10:24:22] [ERROR] [api_router] Transaction payload payload_hash=1p5vaqOJ2d6sXeKD+4h6IT1SoDLa/G73d/DxGdM3SVv+lut6obuPPbR83h2hnAclQpslP0hVnvZhB43TllKZqA== processed in 137ms
[2026-08-24 02:33:56] [ERROR] [db_pool] Transaction payload payload_hash=Qae+OWbmuEn+oEqg8jMkJYmAqF7lcXoxmm0ZOTnAw56eppShcezFgcrQsWzCsLYFhPTgiAJwNnHyL+rty81AWQ== processed in 372ms
[2026-08-24 06:49:07] [WARN] [api_router] Transaction payload payload_hash=dNJjnQidAJk15+CSmaa4N39JkJBPY+tJsJ9v2SA6EqDXO7j8pmg+Z1oUFNw+CotltPJoZMm6hcJX4hHgm6Fz0g== processed in 490ms
[2026-08-24 08:30:46] [WARN] [payment_gateway] Transaction payload payload_hash=4tcrV+gY2bGGLqBW+KPF/KfRP6Mzht/EPoWgxDw/G+rI7o4ftstc0/VXyX1aaJSNJYhqS3gVF7xqXKTPa1Je1A== processed in 499ms
[2026-08-24 10:23:58] [WARN] [db_pool] Transaction payload payload_hash=pJMMYlhUlN12qL1hqSW3He8oopHRTuSkIPc7qZO9fpHuFiDuMZG442Q5z01ftYk1CjDPQ6g35tBBLXHcqhgdCQ== processed in 284ms
[2026-08-24 06:57:26] [ERROR] [auth_service] Transaction payload payload_hash=jF/kwhP8baBr8EV6q3497LkrDwVmgnbddT60lR2B1QHJXpxFx8f49pCODpHcUFrECXBO2kIzhFuqEoiXt3hw0Q== processed in 106ms
[2026-08-24 05:40:59] [INFO] [db_pool] Transaction payload payload_hash=66ruek7dpxrgPnm8J35rijlf5SQSmxWL+zqd+rtDx3wOoecpHo/WJZQHfQ8bP/5xb5BC/95uSVpi/32GclaRZQ== processed in 252ms
[2026-08-24 06:39:35] [DEBUG] [api_router] Transaction payload payload_hash=MDU6L7CRFqpTrUdE8pJhXty16S//eVFg2VLcbNZn5s6Y5CXwhfsSBWRfuHNeyJlyf2H4NF/ydLH4fn4AdcqXQw== processed in 305ms
[2026-08-24 07:05:57] [ERROR] [auth_service] Transaction payload payload_hash=wIxy+6fKeKc7+7XWY6MGf8Ec+guF4eG4mwTVUcQprMMZ18QoyQCdJSQeKEElVMwRFCQ/hOHgGFQhZowZAPcEMQ== processed in 412ms
[2026-08-24 05:35:18] [INFO] [api_router] Transaction payload payload_hash=/8t7XgpniUXKJY4DfrOhOpn0QI8MbZdsnK+avaMUyiB6ATsOaszvm6CDa7208/I1YsnSWzfriznlvU8hnNjagg== processed in 467ms
[2026-08-24 08:01:43] [INFO] [db_pool] Transaction payload payload_hash=7BFVtiT63wJq0ypPUBYQpTZMyT+55m+zgL3hOXwd7wyqD8m1FSLm+dmziTXwD6kGMsUsFsluAypk+Zb7JowZYQ== processed in 213ms
[2026-08-24 09:19:27] [ERROR] [auth_service] Transaction payload payload_hash=WEqzLELbnd7rAd5vqEpT0BmlE2GK65R++CRLsr/2XJWzkUPmmuR6NpugNhG3sDTL5HVG1zwh6IeS9Dc7DGfrfA== processed in 96ms
[2026-08-24 04:31:31] [DEBUG] [payment_gateway] Transaction payload payload_hash=LvSKZx+nY6kejBIf5VB2zM70s0w48VCYpEx8t5HE4vJcqDUaggha66K0hNC5r5cPpQncZmgWwdsDIu4iuZeG7w== processed in 344ms
[2026-08-24 03:17:03] [ERROR] [auth_service] Transaction payload payload_hash=xDYufleQf/KbYJ7Hv40PdyUc22CZbjj6dQWQl1uP6zPFzR2jw4DUn3eFzteYVmuTVNF+HvteqlXlaPk3fqyU6w== processed in 459ms
[2026-08-24 08:26:23] [WARN] [payment_gateway] Transaction payload payload_hash=7BbFpbkrRidktUEKnRkmU8NkkKLWLnEGmgYQB11/ZHw1qAvPGgYTuk7TTzRL1Ipl2lxxaDas0FDMIjkjL2FVRw== processed in 90ms
[2026-08-24 05:47:26] [INFO] [api_router] Transaction payload payload_hash=Wu4LKLfnxU6lKmw44V6Z3pZDxWrdGVoOm985BSqK09BBRQ3DGZy32o1V49VoIVvkEnOZrs78WkBeHQdWYzXroA== processed in 95ms
[2026-08-24 04:52:33] [DEBUG] [auth_service] Transaction payload payload_hash=uoTG+nwvoY+tDp86cYoKcuCStdg2U+uBLDes9t2x8LvVqXqrzfyw+o9HfC6w2RjAkyNxcqmJQIYMOWVimk8Xgg== processed in 415ms
[2026-08-24 08:29:41] [DEBUG] [payment_gateway] Transaction payload payload_hash=fMsZ+RNy3BJxqHXD2IE4qmILN+ZotXjjlfkfl5hNJrGvkhpAlC7TNampmEnKAOHr6u9X5hBaD7gF4F9KbrZ7VQ== processed in 143ms
[2026-08-24 09:06:08] [DEBUG] [db_pool] Transaction payload payload_hash=K0iy86qnqhv/k2nM+0RX8P1et0IgEPgN5jD3GNlnMey1VlCkpAeLxSoEfHaI09RHp4YmiXKDkrPiikrauUF+7Q== processed in 58ms
[2026-08-24 06:31:10] [ERROR] [db_pool] Transaction payload payload_hash=HLEl77sYJwyB2fRLDnElBCLYe062H5l65veenmt9JOpnQ4fZduwE2pNnoXGOirC18wu1W7UwMl0eFuIRIvlHOg== processed in 359ms
[2026-08-24 06:20:06] [ERROR] [auth_service] Transaction payload payload_hash=9aunlEVf7SylcmaYJDeO2wNKWzJV4cAAhGZTi4VTHwXvEl5hWX0KDzOqHnAJ+8JXJ2rNdmBxkDP64Y4B9OqGDg== processed in 375ms
[2026-08-24 02:28:29] [WARN] [auth_service] Transaction payload payload_hash=2g4UhjVvmlFsTG5YVSe/leCGiTtyQ51bVQ27sd0J2zphdDYgcqi2Wy99MWOYQO9UiSQDmuIn48WIJY2oo65nzw== processed in 367ms
[2026-08-24 07:49:55] [DEBUG] [auth_service] Transaction payload payload_hash=ySOOFN9dUdtkf4ckNi9UyLo0+3Jh854okH7OPROHG6EaSbFgJOVrNgYvG83RRYczsJbiw2/k9ekrHv3FGMs6/A== processed in 79ms
[2026-08-24 02:34:52] [INFO] [auth_service] Transaction payload payload_hash=7gxJ85SgGqrANoU4ggANghfJRQRZmiCaVHp0gdEosCf8TWEWzQ2QVvRp6j1VHC9H9E0GGTGVPy+GWMDpVktsPw== processed in 69ms
[2026-08-24 08:04:25] [ERROR] [cache_layer] Transaction payload payload_hash=y5rt2ze1vykD/ZL22y/3hFQeDdaT4WLecqoy6+IV5yqABYeU9Ni4Hbs+haBI6UqwtgmxmJXmjCEn/eCwNOBEvg== processed in 92ms
[2026-08-24 05:31:00] [WARN] [payment_gateway] Transaction payload payload_hash=GbUAojCOaZZnbN1zWpgU9rXsmfAlM4+BNNmUXcgXt34Onq1d8Ypyndg9z9rz34fZVf1RYIRQq8jiQ7MeGrEzyw== processed in 256ms
[2026-08-24 11:16:49] [INFO] [api_router] Transaction payload payload_hash=M6XPL8WNyiNIrG1k8EQCfa3JqodD3tCVYMPHk3Zhus1Uc/bnY5syKPEGE5FDdMyLWpFKP/jhhHf09+kKW0kp5w== processed in 391ms
[2026-08-24 02:32:55] [ERROR] [db_pool] Transaction payload payload_hash=rnHGfvK2ywxjGvVrdUCWfcBY0swmy9UiZQZ3ZGf4QcmSklb4nzZTardTVPyJrDGePsAdT/rMN4q9I8UHuOQmLw== processed in 166ms
[2026-08-24 11:00:29] [DEBUG] [cache_layer] Transaction payload payload_hash=xfUaOTZobL1YIs1UMZValuMtvijUq7A6skqDTOddgSZ6S8RXk654InPWR6EtnbhRudr8ooIHdHEHZW76j0t2RQ== processed in 237ms
[2026-08-24 05:15:09] [WARN] [cache_layer] Transaction payload payload_hash=lmKQeS6OXtHKedinUXWPy1Y1Sq8DDaXrbFv1TOfomArvSmWeruTrzA8vjLvtYtLBi/i2gvPt0ZUMETsGT1efhg== processed in 0ms
[2026-08-24 10:12:47] [ERROR] [auth_service] Transaction payload payload_hash=qLCvcUFTfXeNy0F99HdeXBli2LOy9lOoKSY8WQblmHhp/b2F4wLDL2R9BJCNhmAbC+OMON7U8qA5yj1y5+XEEg== processed in 363ms
[2026-08-24 04:22:09] [ERROR] [auth_service] Transaction payload payload_hash=qjiXZFTd75TyFFWNPFE97RRthxB21iMXw0zL8K5C+Y8Gf3DSVpQq37aIiBAi/sTpJEdhpIelXAnlIhadpifccw== processed in 239ms
[2026-08-24 05:48:48] [ERROR] [api_router] Transaction payload payload_hash=dALyEQT3f3Ua4UnvwrAYF9nC22t/I4ybKhAccGTljbch9TrhQWYfSvNHntAcyWUF0ShuoKrk2tfXwMxFFdQ1gQ== processed in 164ms
[2026-08-24 08:47:12] [DEBUG] [auth_service] Transaction payload payload_hash=y/D/JnKsUTlu6+Vu+Jj6cP3zd9neVekO3JYWXMNfazub1kdDq8QwGn4ZPuL/TbGMsoWiaGpmcCm3c+9n/xF+Pg== processed in 425ms
[2026-08-24 06:41:47] [ERROR] [auth_service] Transaction payload payload_hash=9JR6DpBboH7FMbuHsqAS5kjFoNQaQXIJ9gIU0MZ2wb6PBbQjErV1QT1XBPgr1Yd7pGx1w3y/6NQckjQppwwfMg== processed in 378ms
[2026-08-24 05:43:42] [DEBUG] [db_pool] Transaction payload payload_hash=7F7/h7Z81mkhCGsXqZaBW6JG5uptXpiypqzb5W514UL68egw8EuV6hmhjZ9jz/Xej4mqichPAQQ1RWRkEGNnJw== processed in 19ms
[2026-08-24 10:46:00] [INFO] [auth_service] Transaction payload payload_hash=N9Rd1cp/cnay0b9DFULmi7bPIRBWf0sJHpIM9aJOsCtmK8D4HmgdTurQNTl1l+mwKIw5s2TkzMpKK5a3JQRoxQ== processed in 8ms
[2026-08-24 07:47:01] [DEBUG] [api_router] Transaction payload payload_hash=e9abAw6NGsNla6O5EEcXQyc7dc4fP4fOjzvbvSRqDOWtPpSkC60iu3Hyr9VX4atqZGxdwpOPbfX9XtjhIfDtZQ== processed in 362ms
[2026-08-24 04:46:15] [DEBUG] [cache_layer] Transaction payload payload_hash=JLY385AiRZRPZbCkaeElH2ihTAZo3/x9gdah2CMa7brNnqX8+cPu1n/L8RwfrbtUbEF7uYrsOvwi5Ed4z3zuwg== processed in 289ms
[2026-08-24 03:12:50] [WARN] [payment_gateway] Transaction payload payload_hash=WENvT/8tVVacRBlBYjzY8B1I0AhpOFmQVYRtSibG3io5CfeOYsFtVpOPxio6mdMeIMgjLOWs+zCSg+QAtEhNhQ== processed in 175ms
[2026-08-24 10:05:23] [INFO] [auth_service] Transaction payload payload_hash=zZy/PLezpD42b8d/EFO0d1IZB7iBT4etfpYQ4M/UfvPb95hG/H/K1Rv3t3RCfDI49m/gvyVewGLY3NVzKCSaIw== processed in 374ms
[2026-08-24 02:32:28] [DEBUG] [db_pool] Transaction payload payload_hash=lSD6kWDx5XsAlx9nFqFqrii2W+11a7kUDBAHcPEQnJh8GnfgjaQEqADs50TOytGduQnw/1CCyUeTdGLjXqkE6g== processed in 353ms
[2026-08-24 08:37:25] [WARN] [cache_layer] Transaction payload payload_hash=edGvQ2YLjNp9TJ4gTa3X4+bxV+NQs2uQurTFWGkxrrfrCwgBDiDIOUh9soICMvdPHXhE89lZSBrmSwIL0UMyqg== processed in 252ms
[2026-08-24 07:14:24] [INFO] [db_pool] Transaction payload payload_hash=85U3Sus9zLzKYCDluRznFC7lrQ1TscXjAhinPXWvGMnadRkm2qp1B68cg9uucEe7kmdNxpt8CHW38//tFNhOVw== processed in 39ms
[2026-08-24 08:14:04] [INFO] [db_pool] Transaction payload payload_hash=loumgEkUJZLYbJXIPzcXg23A0W7LESWr/acSGEmDDT5vHqnT7DJ36+GoXBbj3G2+XiXN1BX+1dFBKmaLXyMzqQ== processed in 104ms
[2026-08-24 04:48:14] [DEBUG] [api_router] Transaction payload payload_hash=vaf7kJDM4ejpReffyZBW0ObCxjeQQEEICRolvXa1lz+pmwCpxvOr84BOzV+cZCaBdZ4Hs3wF+iovfuZZlv9Mkw== processed in 466ms
[2026-08-24 10:13:07] [ERROR] [cache_layer] Transaction payload payload_hash=v+vEcqp/G68k1ysqy/U4u1M15AaqM2ZAeqL29UaPpugW61R9Jd1rJ2rRWarFMVGks0RQHrTPn7q40AcBgiBHgg== processed in 71ms
[2026-08-24 06:02:23] [WARN] [cache_layer] Transaction payload payload_hash=fHnXNe34IbsbPdhQazJh/sMuDTNcLW+VA1JvlQz9Pg9ZrsezBLzO+mHhijRcHcLTN3MHkZfwOnW4PJtmQ7r0Fg== processed in 251ms
[2026-08-24 03:00:24] [ERROR] [db_pool] Transaction payload payload_hash=/JMg4SsVj3Fmd/Xasgsi5+tt+MckJ/rMTwREhBU6yv5iOwYi/TtzIw6O320/mT0eVbqqLVAECwAJHFAq+qsS3w== processed in 261ms
[2026-08-24 03:31:04] [INFO] [payment_gateway] Transaction payload payload_hash=JD7qXGHPYvL1kTuhiGCkPzU2s2fsKMnbFhwJJA34SvsRktecGkXW0/VCl456X2X8npH0+4q8Dd7sgu2aQZuY6A== processed in 323ms
[2026-08-24 03:14:14] [ERROR] [auth_service] Transaction payload payload_hash=3vfSEW+jk/luun//aGqIcFpcldJPEWtK+jiovP5GXsAdiQ2KkKJ6lcjqywOZTfk5ABgKuok9KP+Tzy4HqL/5HA== processed in 135ms
[2026-08-24 03:11:00] [INFO] [api_router] Transaction payload payload_hash=RUnaZz5oD54RV09p4+nNd/mrFCSNj3dgnMAHHysfgW6qtur6zSChvuJoOajpeGQ05B0pc16zT1I0LAcCPys+yQ== processed in 356ms
[2026-08-24 04:27:45] [WARN] [db_pool] Transaction payload payload_hash=Rab/pf9u9cXEXRchKpmoMM1/CFL987Csatc3jReMQELAdrNELwX38+d+XgGd45PZgY7DNsWNMwyrnXHgZqRrag== processed in 151ms
[2026-08-24 07:20:13] [DEBUG] [cache_layer] Transaction payload payload_hash=kSxVwv893h2tyoc7UGbB2K0cNUYGzNskuvC5zrGiIbl6w1OY/SDhG7uj96wgT8GHkjMoojSUTaGPkUnMrdx66g== processed in 123ms
[2026-08-24 04:26:59] [ERROR] [payment_gateway] Transaction payload payload_hash=AS7gu/ioz3WNuxOciKgPJYEMmwgaWk5luwpv+shCJCPGTWKb/wbOW0IDBSJcD1Gp0rgfSeCQJIlLCfm2dWExKA== processed in 170ms
[2026-08-24 06:42:23] [INFO] [db_pool] Transaction payload payload_hash=RT83+XEVrrPEgu2yK/8gExy97rPoswwAPRnvuymDyorbP+hJrD4eRkrxs06fJ9NMI/Ln1qvqyN7oZihJjrb77Q== processed in 249ms
[2026-08-24 02:49:15] [INFO] [api_router] Transaction payload payload_hash=tWYxvvLzV/0Jv3sTnjl80QgCwEMVkt7wi9N7p1DFBkDKu/mbS7qlYk3hshI0A8WZsGEr1u7nsp649yM5JRyv5A== processed in 263ms
[2026-08-24 09:38:03] [DEBUG] [cache_layer] Transaction payload payload_hash=c5YcmyG5uLjnJbZMtS82NDx/kU/jJ8AGiBO3A0DzEz4RJ0lQT0A3Pm0ZeB6+Gl76Okcw/2IymlaaeAeJRXoTQg== processed in 66ms
[2026-08-24 04:54:52] [WARN] [payment_gateway] Transaction payload payload_hash=VpMUy42TnAGXhxo16wYjUoJFElKrGrwkVfvmJ8WGW9S+FAWhHyI4r5J+GCfyHeOk+6ovhkS19RgoK6xLmcRc4A== processed in 347ms
[2026-08-24 03:46:14] [INFO] [payment_gateway] Transaction payload payload_hash=a++oqmsVkuvAqRoD5rzFGBS5vU8oPa+3QKr922anfWpNV1Ic/wBoTuEo/xzzwkv0Qle9iEaJCw+ww+RWDD6/mA== processed in 389ms
[2026-08-24 08:04:19] [WARN] [db_pool] Transaction payload payload_hash=qNQ0InY77XTxiiZplujmJ/5X0SB8V6NUJHZs19+9EY2eDuiwlUn1dHZTTAK5bIGgWdaSUIyfhPhBGZ3+/SULJw== processed in 325ms
[2026-08-24 04:40:34] [INFO] [api_router] Transaction payload payload_hash=hpy1ZcJaw+BzRcXjF5BhTPznKq/iPoxhDMoTu0CnRUKYRkHMw4QciU8X3S+mcSLuVSAwn/0oqjzlx8yadpmxGA== processed in 250ms
[2026-08-24 11:18:44] [WARN] [payment_gateway] Transaction payload payload_hash=qi7O9yVUk1Q15vchOnrVK9B1F+86E8fDWuh77AdtdVGdgYlwhufbtovrWh/rtKeOIpoZxknhwKY1SU2U5qOGEw== processed in 204ms
[2026-08-24 11:15:45] [WARN] [payment_gateway] Transaction payload payload_hash=7LGlAIebaSCAKGfIjnSThGXevzIgjvrgP2kmp9FfYZbMyDodHsYIkvaTgEcowFJOE2LkGsxeGizfmjY1Ut83SQ== processed in 474ms
[2026-08-24 08:44:08] [DEBUG] [auth_service] Transaction payload payload_hash=bGeoogboj09o31E1apzTXnxdKaVaLLK/JwSLNY+uGwgVWk6Ch1wExO58MCgZ9RUvsLmMLQGdx8qjVHnIpxSxxw== processed in 371ms
[2026-08-24 10:54:39] [DEBUG] [api_router] Transaction payload payload_hash=Jm/Jgou/XHm3oi3AeNMU0439rfx7VO78ovNXZKzv0AC1QAZUJXNDfsiglEWErVQqJLg9fcXkgM3YffgtRdObqA== processed in 245ms
[2026-08-24 06:59:21] [INFO] [payment_gateway] Transaction payload payload_hash=jH/xb1T6bYbZ0AFoYqMAu8WnebFNZ5eXTskr2yL3/wb11YUV+rTsvI9XWLd53kZQB9Q4qi/EqnxLuRkEER8f7g== processed in 439ms
[2026-08-24 08:02:10] [DEBUG] [db_pool] Transaction payload payload_hash=NKCRfkBmMD2CwRcJzZ163jksSWztd2v4w8g1iGtZq/30PGsIIHyiO7spZdfjYN7GfcSugjO81Vt6dl6KZHzCiA== processed in 110ms
[2026-08-24 11:11:19] [INFO] [api_router] Transaction payload payload_hash=pqCx1Y8mbDbTesh3hio3ztBOrbhdtQEHrNziMYJDXR3DwnyVFtAOIHHzqu7BOXyOAb9Yk7Z9C3NeENyPVRhNWA== processed in 296ms
[2026-08-24 05:08:00] [DEBUG] [db_pool] Transaction payload payload_hash=0W0A9EA59rlYLbosWnzLA4ZMCRE8AQ3GRRcKe1Ua53fUOzOEvKK6TjYf9BWfzEg7Opygqw00zIGnVCNbJTJxMQ== processed in 337ms
[2026-08-24 06:37:32] [WARN] [api_router] Transaction payload payload_hash=JlFI9G9SLohUtomnwNicG95ithZYemPctLlug/zIOg48Wcyl0V2kMu4r0PY0C433GrUgewoUUGiKHmqVigkO3w== processed in 193ms
[2026-08-24 05:01:55] [ERROR] [cache_layer] Transaction payload payload_hash=0dyLdCh/BHokXyc0TKOYV1aLfY/FmBFmdm08ZeQ9qBn5xLS8U2nh5qcD6G85r9uT8NDsVjh86Mh07mNLnhfX0A== processed in 54ms
[2026-08-24 03:19:27] [DEBUG] [payment_gateway] Transaction payload payload_hash=XGCeOgArGuSHxqEoKrNwvxzogdnLu+q8j66kslCJu8BYMZpLxgemN4bYz2tOJZ4v2I4J8DST/xaGg2kJ3CsalA== processed in 198ms
[2026-08-24 05:06:57] [INFO] [auth_service] Transaction payload payload_hash=+EO+cXCLmbjnnes0Bb+yH31gnQakUERTJ8Q07hVBJ/CR+Q3llaMYYevQ+mpkBeZ018SVdk3l40fxDyIM5mp5fw== processed in 330ms
[2026-08-24 10:42:25] [INFO] [cache_layer] Transaction payload payload_hash=XFLoYy9OluTGMMEvNxXUbaAT4AEWATYiMirYadT1DpgYQfrB3NxBvrmVeuzdRUmxUkQHkUMdJMnXOCRmn0/0hg== processed in 467ms
[2026-08-24 03:03:03] [INFO] [payment_gateway] Transaction payload payload_hash=K24Kq1C/dgaOdIvKAxzcPbc1PteH1QNki3TXeizC5TpC/7dbAVGmPNzhx4u123bwZcVHD4aqUvjRbhYim9h6vw== processed in 94ms
[2026-08-24 07:29:57] [INFO] [cache_layer] Transaction payload payload_hash=WtCNJkH6FU1vWXBIEwGnNW6FMwqCuHqJN9f7mLH+qTpqS0ijr/d2KEz3uLGjVjh5atZkuFZ7YG3HoOtMGE8NHw== processed in 108ms
[2026-08-24 08:48:36] [ERROR] [api_router] Transaction payload payload_hash=ZsvC2WLx/9ZsUm/zT4vjOyO7QwYyHjZ70mI1TPNSN+tRayO2xXH7Xi8vVI5YBSfvkSJuqEAi2c2IPcxcddwMWw== processed in 190ms
[2026-08-24 04:25:50] [ERROR] [auth_service] Transaction payload payload_hash=N+8QmhEmgfhRHtinoul70ATbUfLxzP6PBicjwV5svaX55QrWzG4cqQXVXje9yQIVbN2NEiQ1K3hlA2uAgN8U7A== processed in 379ms
[2026-08-24 04:26:19] [DEBUG] [payment_gateway] Transaction payload payload_hash=0gLG8t15IE9LL25IqdY7z4J3ZqYLUa78YxU5PXOi8CnhKEtPGS76r0Pyzwrl9U9PgZ7qMLUSdaAUN7o43ktzTw== processed in 205ms
[2026-08-24 03:17:18] [WARN] [db_pool] Transaction payload payload_hash=jdTfRgZe14zqvnYJh79spObGH+vqZvEILotOHv6B1TgaRZx3Ev3JfT9VgE0rev6Y93+CoGg3z8wBkVEmnzts5w== processed in 158ms
[2026-08-24 10:44:49] [INFO] [payment_gateway] Transaction payload payload_hash=qZsObufW3Ztrf6bvv1cJrsvW6xCJOSLa6ktw4BjUt97ePPLuVjtDk4qQYBLb0S4kViGXyBosHUE+Ixnu7/KsfQ== processed in 323ms
[2026-08-24 04:46:12] [ERROR] [db_pool] Transaction payload payload_hash=juk3uFFMJ1jjT6bscJlVlOkL6ucopkZrqmalII4wStllDy9bdNADZzGHV+CHQs4XSQd55GpUTT6iqVWMGDJVWQ== processed in 388ms
[2026-08-24 07:22:09] [ERROR] [cache_layer] Transaction payload payload_hash=jvX2bZK1OnZxak3u1KD8TCmFUtqwJNd30Q37zzCXZnupkoRgrSxypTLSl1tu3GqsgJmEqDz6MIgVDVuFo0GUAA== processed in 179ms
[2026-08-24 07:56:07] [INFO] [cache_layer] Transaction payload payload_hash=EfaZkzowk/gtG6KaQmibyrfS0Ly4TyTgUj0tDiQ95IQwtDqCpxtzi/hIZVdFIa6w9LVzIPFwKpnOTfcPtIJzfw== processed in 306ms
[2026-08-24 10:08:11] [DEBUG] [auth_service] Transaction payload payload_hash=Z9C6EKHkhAj5jX+4hVqEQIpxHk275vXX0dhC6xT7d1KYvOs3ih6yd0XCXjN1fFoHKIvlv8l972Fjv6mFXHd/xQ== processed in 128ms
[2026-08-24 06:47:30] [INFO] [auth_service] Transaction payload payload_hash=83igVtWLwKL6McPHSexYdC0gSJP3u9WJzLEImD72cf42jjXGsrFcb1JA/199l4lyuoe0cQxEa6tOaHmMOcRxCQ== processed in 182ms
[2026-08-24 06:01:36] [INFO] [db_pool] Transaction payload payload_hash=2MtB/xr6qisCMtAk7Qy8GKwxTGIjpoaSm8jhX3yEZO2hoi4vZlLxRK6slPF90MMnus863YJ3csOMI/hOHhSh5g== processed in 388ms
[2026-08-24 09:06:38] [DEBUG] [cache_layer] Transaction payload payload_hash=fHRNmhsLx4vM6aVHrCPp5o+k66QunioFsPYg2Fvdc1f7Nindi2bbJ3gEVvUPsYgOsy7xpmyyAm6NIlAZJYIbEA== processed in 224ms
[2026-08-24 07:19:02] [ERROR] [db_pool] Transaction payload payload_hash=oiyn/ASrWIreNxO2OL79VmJDV0vAKrMzEfMFQRA/1Rqerfnf7wMY9HwtxetzOqAI9LOBwFTan30mYxLwGJmKJw== processed in 227ms
[2026-08-24 02:34:16] [DEBUG] [payment_gateway] Transaction payload payload_hash=xzmevpwWMknCq9/q9QHSphf4zZN3u4CKP8uan6EnLqtrsfhzaKi5v2rvF57ywZiKB6B2M4D1mFXEi+Qb1v+JVA== processed in 188ms
[2026-08-24 05:38:06] [DEBUG] [auth_service] Transaction payload payload_hash=jRBsrW0EETOGmKUYBEBsXRNMqehJoNset2b/Lbnnq9jcVxAhaEm5hOOcvPwgnwXvusAajEby6IW8Cqf+e3xNbw== processed in 246ms
[2026-08-24 10:08:09] [WARN] [db_pool] Transaction payload payload_hash=hIo8YU0NX3ZIas1ADUGRvuOY1XMtjsLOTYraHkIQAmilSEHoT+SfAT9bWr4Stf2CNK+PItkjuXQpbqXtpGchDA== processed in 39ms
[2026-08-24 02:21:55] [WARN] [auth_service] Transaction payload payload_hash=j+mBXgu1oQig+5ahsjE+atJSqKQrt6GQHH7uEmnThgyOcuGxkzK2mDU6iX6F73RyCUttYfJQCst9lKIySOLxMQ== processed in 240ms
[2026-08-24 04:25:32] [DEBUG] [db_pool] Transaction payload payload_hash=wP8FEWAZ0pboPLRebvhp+NUn4ggSFbcuFjpgllLnu2xGy1tP972ly//FXFxexPpzPhKm47pw6aidjxbyLf6N5w== processed in 212ms
[2026-08-24 10:26:02] [ERROR] [api_router] Transaction payload payload_hash=tVRcGOhNwyUmqWAmF9NdcTiUWTwM08amYf+oFkOGYNDU+XqB5NA8WwG0Nt89Rgf1G48j1iWWPE0BwNJy5aCGlg== processed in 230ms
[2026-08-24 09:40:26] [WARN] [db_pool] Transaction payload payload_hash=zFgcqarW+NsoTNj/5cHkZO64wB+KOwfNUrCYrfJJVLzvF+7uDXCpdEwheF2Cl6C4ZOd/SNGCYl4LoeiCeFFvsg== processed in 344ms
[2026-08-24 07:01:29] [INFO] [db_pool] Transaction payload payload_hash=oORRrgnCjxA+g2CPgcPdVakRgi08F9ON/1Q483ns0DnXAg6SDQjfr9daM3Ol5dshu4Ta8/QgmcGnSC404moWew== processed in 439ms
[2026-08-24 08:20:12] [WARN] [cache_layer] Transaction payload payload_hash=VSiCYPQErsTLuCaXIahMjNxN+zALcQrmsMsfu4eWXCB3/uK4IoOUUepgEHGR87Xptk5aOIcU6vC6bZySQs3BVg== processed in 472ms
[2026-08-24 03:20:12] [INFO] [auth_service] Transaction payload payload_hash=XddqYFae5Adk5MOcEaAyauMGIWWRlcffGOOKq6tbuvbMKkH/rAMlGrRUbhD/7ZR41WOiiF3DW3OcXdR/0TOrBA== processed in 418ms
[2026-08-24 03:51:18] [DEBUG] [api_router] Transaction payload payload_hash=2r6RrybLxA3KNDKEU0BTGKubBgfOwnx6fm55dL7Q7cS8wDaDSBpS8HXguoZs9qCvQqiTdEAXc6uSaPX4Mot/6Q== processed in 20ms
[2026-08-24 09:06:47] [DEBUG] [cache_layer] Transaction payload payload_hash=juAENCVqopAuy/UBtnwgDv3by6R58CE9WBhcA0G4pxXrddFtsPcv37ta9YvOladbrD9Ussk+Bh1vbJqyTsl0xw== processed in 446ms
[2026-08-24 03:29:08] [WARN] [api_router] Transaction payload payload_hash=Cp1sJ0Dbja/4QLLtpvkHxTQV/Qez1xRLtFusAexT9hFtmPgpLNWROYlkDH+1VJn0F0nDtF7J8OqXEzJD8GSL1w== processed in 190ms
[2026-08-24 09:01:03] [DEBUG] [auth_service] Transaction payload payload_hash=KhJ8pDrIdjWkRRPzJyMlNM5KyCqiWvaPg6W4kZMN6oHeVAnMKdcs2CVq9fh22pkg9s534194J4w3USSAxA4Kpw== processed in 156ms
[2026-08-24 08:14:15] [WARN] [db_pool] Transaction payload payload_hash=4Yz5dTZ4QJLx4KP2x5UzsW06nI6zSKGSsOtcdG3mFM8Lb1H68MXtGVnCO6D2S3SbxtD61hSIWNI7nKSym6aitA== processed in 355ms
[2026-08-24 02:47:42] [DEBUG] [auth_service] Transaction payload payload_hash=UQWtZvsWDvm1uo1hDZPyaMOR35z2z5UZFlubWmUpJ3LZ/MTzCitqixE/UiYgek7haSTwBClx7WDThlMAoP3SSg== processed in 287ms
[2026-08-24 04:29:42] [DEBUG] [cache_layer] Transaction payload payload_hash=8oWNb9PHYUdbp8NNO6ijeyTxcGZMmqOmvx0gwqb9Nx0SL0lShnT4T0I7LrTRF19lHMGjnHEFmc2WUx+8PewG+Q== processed in 383ms
[2026-08-24 04:30:57] [DEBUG] [api_router] Transaction payload payload_hash=jtpDGyT8gabwW76WBePu2pgq/TFFPOokUUpibV/iw58eOpD0mNoyslk3eckgczWqFfu7/hz82hM4Eju8nCe2eg== processed in 307ms
[2026-08-24 08:57:54] [ERROR] [api_router] Transaction payload payload_hash=H51G6ub8nKirN930Jo/BI8WZh2C8ukOasOA3vZKvrqlDRN+0GRz2o4m0ttJgQn34wCSPUnpTeL/s/e4y+NSbfg== processed in 46ms
[2026-08-24 10:10:19] [ERROR] [payment_gateway] Transaction payload payload_hash=uIyuwC95VSy3nRQVff4HAv3ZSB0BSLJCBIkG1o5AQ7Pqr7Gy2SU2OLnfGzRAFikgs8RbCyvZHMfzRNh/asc9qg== processed in 8ms
[2026-08-24 02:51:48] [INFO] [payment_gateway] Transaction payload payload_hash=VUqXzYhGf/e+tqxuh5DL9a+8mk6CuvudtsTFK+VTKnYLFZaqlNxxfMbScIDb+z/OjVa6CCEkwaAQNwljuq1IIg== processed in 152ms
[2026-08-24 11:06:59] [ERROR] [cache_layer] Transaction payload payload_hash=RNbpAgIUHiz9IlQyCdrThYmsNcrjS0zOJaIbgK6LLEoDk4A+xI61gTj58xIhtGycmc4S0muSif7eIcnvx5upKw== processed in 10ms
[2026-08-24 08:33:39] [INFO] [auth_service] Transaction payload payload_hash=XGxKLekyVjI3tqrCiOY7lTQOm1EPzMT08n1ILTGAEq/rdbexiOblKwWIrUGXUCO1fTMMpPf6ZLovcIF5ZANydA== processed in 208ms
[2026-08-24 10:23:48] [ERROR] [cache_layer] Transaction payload payload_hash=LZaBBZHV1d2ecAjqjljwrZzsTickxWOHP2tU+Fld1e2JkdGFXzhF+oIp/2x3l7GEjxpyiNdobHrLr+ld57FMFA== processed in 383ms
[2026-08-24 04:50:44] [INFO] [auth_service] Transaction payload payload_hash=JRsGmJTp9AFGAfyQjYnNNPjm6fAVXdyeECPs6WbWoAKAgBK2swWKOgZ2NGFBgz4Fh3tcRRnIt6nQ/eI/5SPl0Q== processed in 181ms
[2026-08-24 08:38:21] [WARN] [cache_layer] Transaction payload payload_hash=Mg5xLG+iVoKp36QAtHq0ejXfW788Eri/WnxPvJcnWrMwLOgL0G7o3Dq8yx2Yya0FRCpCBl7AaGdjU7iW62TTmw== processed in 361ms
[2026-08-24 04:20:32] [DEBUG] [cache_layer] Transaction payload payload_hash=RcTPqz008j9xkogzDZFDxFoDZO5Obu1nkK6VAShtxnQNlr7NinRuuBqZQxR44ky6uYYqD8MQJZTyco3Px1lz8w== processed in 220ms
[2026-08-24 07:25:27] [DEBUG] [cache_layer] Transaction payload payload_hash=OVfWk5x/yjK0Nc7gxJELx2AebrWQvC6ZSnwV6D6r62+lEB/Qf5oSHVa1f42Xt6M7JOVkDEntYmXeyjqZE9bSHw== processed in 456ms
[2026-08-24 02:19:29] [INFO] [payment_gateway] Transaction payload payload_hash=dn0t1L5tjAreFL7OSJydQ+6r4qcntLQabm8pDfHRIoZFUngZCF/QTkV/v6RCcknM6ifbU2r5nHzf4OkpO5eUtA== processed in 383ms
[2026-08-24 07:47:28] [INFO] [payment_gateway] Transaction payload payload_hash=sJf8RJ5ff3EaP/CT54pW/sfijkRXwLqLXSMHigXFEDQC1XFSIwGohTnoT1olPWRGlzFPnjx44OIUdRqHxj/GeA== processed in 54ms
[2026-08-24 10:00:29] [DEBUG] [cache_layer] Transaction payload payload_hash=ry95jyNCmWiyLYLbGeeNTQy4ejRYTTr4wfI9uCn05YUlo1NowaAWXY+LJxfAcflmckNt11Ucah6mJN9/cHCXmw== processed in 184ms
[2026-08-24 02:21:41] [ERROR] [payment_gateway] Transaction payload payload_hash=apJMSfMOcVx23BJzyjQPiUNyqVbXgmjZf21G+c0nhlf8ZsSFl9UBxmsh1TdHQ2yYlO+1ufy/9U3zS/i5bdGsPw== processed in 21ms
[2026-08-24 08:23:35] [ERROR] [api_router] Transaction payload payload_hash=t0h3+Aa26J/QLfKwOqpvtTwuYXPG1G7LcQn0CfOwy9y0n2MmfoGA9i1/b5JUyVMDhyjXrxS1M2msPGOIXTcEAg== processed in 80ms
[2026-08-24 05:42:11] [WARN] [db_pool] Transaction payload payload_hash=a47x73T9C8zrlgC1MuWHHu+Cfhk8VHotPwGFOiBOu1jqPcgBnJkZxjk3HyFptxvL/r/g5sFLG1d81s6bhWLRBw== processed in 383ms
[2026-08-24 05:26:06] [WARN] [cache_layer] Transaction payload payload_hash=f4FHMSW5T3Gu0dYeGTJrku1sJcLIqQuZ93+Yx1hYYrE/OlESDu+qMRb/yk5hQfomSkkKJE6nTFjcXZCUr/P09Q== processed in 499ms
[2026-08-24 04:43:44] [WARN] [cache_layer] Transaction payload payload_hash=YXSkx5rxxU4qyk2f306tQxzyFqqG1VV6UQ0D3IyqjkcogBMk75XM/K5rZbl+iK/eb4d0GCSzcO1V0GHRHM77CQ== processed in 488ms
[2026-08-24 05:13:06] [INFO] [cache_layer] Transaction payload payload_hash=7qtQasIoMH8JDdPYlRp1ZtrCR07QTsfJyjgt9/E+vKIaQgsHX9knrDWhY2NAtTsKRYf7LAArXju3/LseH3wSmQ== processed in 25ms
[2026-08-24 09:37:23] [ERROR] [api_router] Transaction payload payload_hash=KznuNWT7/ePVyAqqodrjazDQ4fxHeW3wqAZFyQLEC/z+drdoiXSowWcXPLIaJ2giTEy81dSl76NGdhK50MRLqQ== processed in 370ms
[2026-08-24 08:18:26] [INFO] [auth_service] Transaction payload payload_hash=9BVl3BAL2VqPm6UWO6jyLen+BHTuMB70xeRL4kwhJXbJrbGQokhEnp94CFus1GxWsxCxPgPKtbPYHJPU9KvrgQ== processed in 408ms
[2026-08-24 02:41:48] [ERROR] [db_pool] Transaction payload payload_hash=vHlUUAwTULdfCz6LpQF89TujlNGHHBwSOLu8MQPLs29cRdrDiqunkoHFt7T6Q6efYb8MMOWUFo6RTqaV+rCdig== processed in 252ms
[2026-08-24 09:48:17] [ERROR] [api_router] Transaction payload payload_hash=i5sapI5JTV+tZvOe5pSDbNIr0S5DcVwbO/fmACptTklKycQWA8FoWOBjdzFu6/vYY0rzokqRbCIZTlWi4e352w== processed in 318ms
[2026-08-24 06:04:08] [ERROR] [db_pool] Transaction payload payload_hash=GWnYGP/W4yW7zed6MRiLZwkwhQmzY3xt4fdaqSvtDwrEDZ8fp0CT9/4KjoBbUAt3muOKgWV0rzppO7RD4zJpqg== processed in 305ms
[2026-08-24 05:35:53] [INFO] [db_pool] Transaction payload payload_hash=7JP/caoWJ/kPRRQfczXNiBZjM6XdmMqg7kqBlnW7JWtFSI+MWJR762RWr/E1sLXDN+g/0mSqjvW/okRIHqu7zA== processed in 381ms
[2026-08-24 02:47:21] [ERROR] [payment_gateway] Transaction payload payload_hash=IXsZoopmtuPMOIUlko1890W2Y/bf4iPomi9mPctnniUM1d321LoB5sKouqF+HQ2qx+sECHZoSuXMVxfaSabIZw== processed in 262ms
[2026-08-24 07:51:31] [INFO] [cache_layer] Transaction payload payload_hash=BELiZTvyVS2rrTwkAuq+B++SGcNnuF1RyVMIqRJVaYXA7CGOweZoy6rC9jbHaxCUOSACoKZiNzep2SdfD1ZXog== processed in 386ms
[2026-08-24 08:35:29] [ERROR] [cache_layer] Transaction payload payload_hash=H4wR0iOYKyk7DBOoN2FJlbH73KN/3ddvhUk25HCppMILqFFaqz+F8sYX/uFnb4xk5AuwwkUtJtPbS3AgS/zE4A== processed in 56ms
[2026-08-24 04:08:42] [ERROR] [api_router] Transaction payload payload_hash=CtqaYiZqM22lFIFRtu5sSVWxardTtO7ED/GX3U1TBu1JR1wrm/CnJbaxkpNkHVYnC2mTqFknrbNsmwocw1UfKg== processed in 451ms
[2026-08-24 07:28:37] [INFO] [payment_gateway] Transaction payload payload_hash=tCAa6DFxC55W7ZemR6yr57DfP/hvhmQ1Tyn03/h4oCGfihLjkUgOgveRDwIHjdQDs+hSHJBa+rbG1+lNAy3IwQ== processed in 33ms
[2026-08-24 08:21:04] [ERROR] [db_pool] Transaction payload payload_hash=1xSY89QUmJOW1jRefohHnXAIdSq6vYsoxgGon2uuJ0Z5JDYMNdS67X3md7nvWuI+SlA93ZriorFPZXRIMwMUTQ== processed in 141ms
[2026-08-24 05:12:44] [DEBUG] [cache_layer] Transaction payload payload_hash=VJqYgQDqEi8Fd5MurooqL9C1jpYVgWLvxDsybMs8r0wCyCw3qtLm9mcDmGx4K0EcAh2iuHCUgGMGQZywWUH4gw== processed in 109ms
[2026-08-24 06:37:04] [DEBUG] [cache_layer] Transaction payload payload_hash=NWrA31Ks7K/BGu2lPiZ73H2X2Ctzjz8C2dRwkv56RZ7JF8DXCrMhTsb5uB+InGSJmAT1ImLo4ccSFYGAv3wKmw== processed in 240ms
[2026-08-24 05:41:37] [WARN] [auth_service] Transaction payload payload_hash=WByvntfpi/5UplP6hj9GjXi7mx/mNIJjxXy30Y7g50sX1L+4oclK9Pv2nQPIfYB0Nq/FCQQk4K61E6Jibc0pVQ== processed in 25ms
[2026-08-24 06:44:21] [INFO] [db_pool] Transaction payload payload_hash=paA7doR72aMKrYtfCIDDUqpu1MgcVxfoZ3zRoGkjnteXNiQokD/yaxogH7qMbUV2TtXemPqoY2xw4nrGzpnJyg== processed in 440ms
[2026-08-24 07:25:39] [DEBUG] [cache_layer] Transaction payload payload_hash=lIuWq5EEAlXx7Xm2IEPSVRQtAJW2su7DdbU8UzvoYp0VAT+ynoXDyVGsXhXvD1oZhSdiq94D332fyBuUYewe0A== processed in 371ms
[2026-08-24 05:38:01] [WARN] [cache_layer] Transaction payload payload_hash=GVYpkXodFARZFPvnxQFdbO8KIPXhxzNFdbcsfD0J/V9jSyYNmiakOVbf21z6OlAm8I8CE2GNIKsGMkP6M84HbQ== processed in 131ms
[2026-08-24 02:39:13] [INFO] [api_router] Transaction payload payload_hash=SJCgOZqVT0wYmo94xgOOocOLtyeGX62D0Z1ub8u2kkkEtran48zANuH4gqsAJSLaCkMtMlS9iQNlsreGzUiraw== processed in 54ms
[2026-08-24 09:55:05] [INFO] [cache_layer] Transaction payload payload_hash=2Q7k+Sx4W7cSX6WlWDfLzPmYeVyvgFGZ5X789OCmFpnL81dxwtdNrTmcz8zRy2Rsw8iG7Y0n38+0dpXY4oysrw== processed in 407ms
[2026-08-24 03:28:01] [DEBUG] [api_router] Transaction payload payload_hash=mIb7c4OkMz350OucNklZUiiZasa5opXjsnmhJO/mpbPKsbjKRu6CGq/qMEY97s/u0gKfo09vx08DRjkaIjJksw== processed in 188ms
[2026-08-24 05:35:52] [WARN] [db_pool] Transaction payload payload_hash=0FdO+MtHdutGk8vYG3fOU6pMrt01ieV8E4W5EnGxNP/bVgFUEoSzI8TIrZe+AnWjJjW7jQf3J8pxNJwlowuqNw== processed in 163ms
[2026-08-24 06:06:12] [INFO] [cache_layer] Transaction payload payload_hash=ykBJJAQPucBfJwZZXj123VRY1/3iddyG25MNiEvPcN0nlhjQm7rVvRL4xAU/hlFt7YfFj1SVh9avFeBH33w4pg== processed in 158ms
[2026-08-24 09:26:51] [WARN] [db_pool] Transaction payload payload_hash=uLJLWapj3gIlNQOmmjmNvB/bZjR94O06I2vlKkbmhRFycr13iowzcXskISg1ag/WyRBS65tlh/GeigGzu+u4bg== processed in 38ms
[2026-08-24 09:51:10] [DEBUG] [db_pool] Transaction payload payload_hash=ml4vv9EN29EtwwuJvo73UGUNzZyZ/1y30V+K5/ZE68lVlyMJrI/gTFdNe4nAiqfyVJGOtC2N7/nCpkmUXiKHwg== processed in 184ms
[2026-08-24 09:49:21] [INFO] [api_router] Transaction payload payload_hash=zR+O6nXGXqx6RgOrUbqbro8QOL8dsCzdeUpn4nNBWE0VzOPSfLcaE93CmDIwm9gCy0MX1dGQHHbivZFAjfFxbg== processed in 297ms
[2026-08-24 04:33:38] [ERROR] [auth_service] Transaction payload payload_hash=X7UvFT1Ber7V6zv2ZJswbmMJeqRpqIKBMx7RPt6dzSdF3ZTwa1kfZkf7IpKJHZ+rib0NSi79Re+gXdaD/KY6sA== processed in 348ms
[2026-08-24 06:59:48] [WARN] [api_router] Transaction payload payload_hash=eTHcbgNm8MJPIk4O4g7albTqVgSd/7UfZwrwqovHfTf0SX8Q4+fa5BtJ3ORJa9AQXX2XzuU5MdEPqiIjMrd88A== processed in 282ms
[2026-08-24 04:21:41] [WARN] [api_router] Transaction payload payload_hash=7NHXH2wNgo3IeyvcshcyxS6vz4weezx67l1iV6p88jbS9A4EBFon3pCfpXtGtNWRNaDmqYy5h4GL9k2R5CEdCw== processed in 265ms
[2026-08-24 08:36:55] [DEBUG] [auth_service] Transaction payload payload_hash=CwKhCfRaESKnDtTArEyo/F9GmxftWvRmEOSPPha+zBqHoxSQne+sJCPYsBHP9JIFGgw+vrsyDWa8gGU9CBUylg== processed in 202ms
[2026-08-24 08:19:11] [WARN] [payment_gateway] Transaction payload payload_hash=neBb2xlUVBRDtKtjmVYQ6vqB3QPLUQHqZO0E6lTiCBldiwzB//ewr37dKtbYQyjCX5tw6BNlytIUuxBKO/ysFQ== processed in 94ms
[2026-08-24 11:01:26] [WARN] [cache_layer] Transaction payload payload_hash=iK8r2fKwqJW1zlJBNr1z73GY2ehzf4hRuDPVDX/X5WIGRWZcfCTc9aatueLuxE17zxrDC8uz87508gQ1WR4iZQ== processed in 207ms
[2026-08-24 07:12:27] [WARN] [db_pool] Transaction payload payload_hash=nSg1IWh3NQeOqcOJv5ww5EgPtSVxFNH13q9onI1bD06/EdcnIk83oZ2qYnMXnMt50XA77+JggcdybFKjPj1eSA== processed in 104ms
[2026-08-24 08:18:46] [ERROR] [api_router] Transaction payload payload_hash=rH8UWdp0eCBBHVAjJCxRrmpO7yUB2pQ7iLLnQ4tojLeOA61JgoVmg6JfS4ugJJXLqrg3XGDnd8iLW6lHmmjGaw== processed in 253ms
[2026-08-24 07:43:11] [ERROR] [db_pool] Transaction payload payload_hash=uKBHDNT6tx/hYADoC3RqnfOQ9m6AelojIgeMbSQ4nFOrmpUbZg55pzsxgVnwKkc9JbYsDhy9CcZAo6TSGoW/+A== processed in 187ms
[2026-08-24 09:42:08] [DEBUG] [api_router] Transaction payload payload_hash=U4Uoho8+oH6mqDzJ1PoMB9KNdtf5y9qlg+mPDxkbZzruys0BPrUiRzBDn5xnfTkBnIQpWxauBImg554qzBWRIA== processed in 399ms
[2026-08-24 04:19:27] [ERROR] [auth_service] Transaction payload payload_hash=K+NQhoUuo8jn6GOx+Aq2AydfyXbzoqygTFRrqNlrZ+tc+lIfy/M5V8llMILJUffhfjUFkzkg/+VTrHuzBeux6Q== processed in 447ms
[2026-08-24 08:02:41] [WARN] [auth_service] Transaction payload payload_hash=sHvjbRaB7nTe7KsKs7seehGT7dC+grGX5Q3N4WItORAiUjkQC6yxRdh0Jai/TMxPYC0UvCOCZNzqjKuDD3HqAw== processed in 115ms
[2026-08-24 03:33:26] [INFO] [payment_gateway] Transaction payload payload_hash=qJeRLBPg3hciOZvHuFYXMQcuwDXbJnINmz6vkZZQN7YDfFHX6UMF/qHSp30N4L118P4Mmsq/KxonV/gSWYHUqg== processed in 301ms
[2026-08-24 09:38:25] [WARN] [payment_gateway] Transaction payload payload_hash=pBhKCNsgatXQ/xunhnNuilNZHyIXTbyq4CaJaLCPbcYw+NznD0Fn6h7VIYktCu9uQ0OALGMgfqJ8iLUySdv9og== processed in 293ms
[2026-08-24 11:19:22] [DEBUG] [payment_gateway] Transaction payload payload_hash=iodEWgE7F5KJeRW/vNKPYdQdZhepB6d4ssSV4PeooQ6REqdNTu2XhAnMOef91yKFde7T1iyF/nLmdoEnFksogg== processed in 138ms
[2026-08-24 06:32:42] [WARN] [db_pool] Transaction payload payload_hash=kbUszXVt+/WrOnZ47Y+SqvkxNjYTrtOKgsB76rTXcO4BruFd209Bk6NwvR2yHqmahqGJ8wDIPfJgkyu5+Gxo3g== processed in 183ms
[2026-08-24 07:39:07] [DEBUG] [auth_service] Transaction payload payload_hash=wGlmzPaC2c0BHcSClvRcLnfa8nahh/hqIILrAYInGuPvtF5iPW/21EOomusAzELh6WXSksXzPs6tpqEZLfbtNA== processed in 384ms
[2026-08-24 05:22:52] [WARN] [api_router] Transaction payload payload_hash=ffW/rwFWvadDuOyKUvs0vyAT/z+w9A8ukf6c7AAFQfKbYKUioo5MXhXAUPBiJciyq0ihZPsvmUW9DjdtxXl/9Q== processed in 364ms
[2026-08-24 05:16:58] [WARN] [api_router] Transaction payload payload_hash=uJP8Gz0OwTlZejpqrE41w1qDgWE62WCC0MfCfGqFkNdVjW0zZwJrkUm6z05QBpVK5lbN7rHkvsZEQY0vq2ZgWw== processed in 382ms
[2026-08-24 05:30:12] [DEBUG] [payment_gateway] Transaction payload payload_hash=3cCuRw6Qcj/8KFMBqq/6dGAJmUxpsVidUrzlfUsB+xmR78JDcsokmCJQ3TNZQfFIweIUzNMNJZ3QcAwguETAOw== processed in 439ms
[2026-08-24 05:20:47] [ERROR] [api_router] Transaction payload payload_hash=q1aFzlMozIKZia0QZdlx5sIJRe7D0ogLtu/9XIPJEJU4seg3F04k3OhWc5vPQr2lDY8KPB77biWzdQQ583ddsg== processed in 229ms
[2026-08-24 05:40:48] [INFO] [cache_layer] Transaction payload payload_hash=wIUAZVizdM4zrs6clkSSgRjJDfeTAHMKa6QSYJKxPa+ANZB4mtbM9plGVwA8QszkS2/Tf/cEM2mc3oqM154zZQ== processed in 268ms
[2026-08-24 08:13:31] [WARN] [api_router] Transaction payload payload_hash=peTnVyoEypWPW3/L1A/8lDf7JvIH6VvHbPU5ob1AAHL81+aOTzP7mXoJ9yz2qcsc12mVlYFLnKCQkPX+b4VffA== processed in 86ms
[2026-08-24 04:25:38] [DEBUG] [db_pool] Transaction payload payload_hash=AkoYO+CBok5L+dz4A3W678HP6VgpYDo554IfU5lxEPCV0qfzg1MLQHkeCQj09hCHsHRN5cjGfRmhIJPC7Ls6EQ== processed in 472ms
[2026-08-24 06:55:02] [INFO] [api_router] Transaction payload payload_hash=x/ad1cEb2yUlBrtBpacqUremIF7MI8crOx4jUNnNVOaPSSkycOyUMk6FoLkNulIi9+c5xTDtdmpGNhRwtvr+7g== processed in 316ms
[2026-08-24 10:25:22] [WARN] [api_router] Transaction payload payload_hash=dmYUh6kIEUN/xyfVZoRxiD90gnSvSDjys9svWXHc+oOdxc4iE55y5u8wT2A2syiempl7DWQWkQMS/fgyOdopSQ== processed in 180ms
[2026-08-24 04:36:41] [INFO] [cache_layer] Transaction payload payload_hash=p4rv+Xl2Cu+FSUPP0jTQ+/+o4PuteleJV+jCP3wxiNABKXoQUyiiXe/P9nqioo24Jh96rsIT+T6rb8bHOPstYQ== processed in 59ms
[2026-08-24 10:56:04] [DEBUG] [payment_gateway] Transaction payload payload_hash=fLXnDSi4zXbUrRATV0TNaHfFEOzL5mnlzbrg9ePKiD4/cP8ogoBXBXUNwTNaYM35FAOvmqBgTIl37fgYOzqkYw== processed in 135ms
[2026-08-24 06:51:52] [ERROR] [auth_service] Transaction payload payload_hash=/kW8gkdvlheT96e9GIb8ki41zI7UROzpkPFGUi5Rme2Mtw08WZnKdS40T0cKn771AeqGu80nEw7aQIsa6ImhVQ== processed in 277ms
[2026-08-24 07:08:58] [WARN] [db_pool] Transaction payload payload_hash=mcmuCPoylPi6xt00vePbEJphMQtffeXqcG2GLkSVE5D8zSFKH2nLj3T6Q1cnPVQmhar1zTOQSG3+mkiRmWrrgw== processed in 377ms
[2026-08-24 08:50:12] [INFO] [api_router] Transaction payload payload_hash=zdqTgK1+yO9REY9jSCBdtwo0hLZ0sDzSj5+0LbLW5x0wvahIparQFLOvo8dlVruo/MoxtZC8cznGRygBNkMo7Q== processed in 252ms
[2026-08-24 04:01:11] [DEBUG] [api_router] Transaction payload payload_hash=1pVjQkDbuCfB1SMxavvcDvFtVxvpQ062/cSRipkDKR4KRHjL2aNVFTjsKDkHM63oolhdIm9pfAWAXYyeQVCDgw== processed in 362ms
[2026-08-24 10:21:45] [INFO] [cache_layer] Transaction payload payload_hash=XdUQLgMVq6/KJB27+YkyfCA8wIWpIft9E24CC8z0OQjV5AWWWWdVyKoERoC2qQzSfsCG5IJPzCP6Ct7G2izI3g== processed in 356ms
[2026-08-24 02:16:27] [WARN] [payment_gateway] Transaction payload payload_hash=7sZIFmrYpJ7NwIHyGG+093/isgn0S9q4+oFeaszwVRPlrV1AOwqbjyIePvXsXH4yrFneerdolz0EIGLpbIwtzQ== processed in 297ms
[2026-08-24 03:13:45] [WARN] [auth_service] Transaction payload payload_hash=BIXAYTd/3Push6YVz+g+05+N4az+Koy8UETviTof93LRIH6Lq4VytJ+u0wuU+RrnY3+VMDgHlTOZtE/80jtWmA== processed in 257ms
[2026-08-24 04:36:35] [DEBUG] [db_pool] Transaction payload payload_hash=nw0ZKJk91YI/vmsgaeraPM7S1NBw08kSQY9FcPUYB/SwnsXk52lqkM7RPAhMmqDGYsodM9EaNjj5bFKewvm3xQ== processed in 56ms
[2026-08-24 11:18:04] [INFO] [cache_layer] Transaction payload payload_hash=fN1vYyZSstL+J3dIxNHC7mx5Ds1pa/5QcSJGtItA9WGhQiRJ/txA1RqT4cpKF4Xc7Ub7T5CCFrpxQgt+IvMq7Q== processed in 34ms
[2026-08-24 09:31:49] [DEBUG] [auth_service] Transaction payload payload_hash=OHwuObsOUOBJpI0VgbgasgI2kP23wjwbP4boYv1ENbbeh8bbc1HdK/81K48wJe19CL7Q5cZeNH7A1NwuiWDVLw== processed in 162ms
[2026-08-24 04:59:29] [INFO] [db_pool] Transaction payload payload_hash=i0Qt4d8BkhfqznUO4GUlIGtBNrTXHLgIRBoyXUrP52WEYIl27m3PdWrn5pXVlSRG2PFCwg+yRs/8whA/LI9iqA== processed in 68ms
[2026-08-24 07:29:25] [INFO] [payment_gateway] Transaction payload payload_hash=nBvgCHMjkE+1i0Jl/fxucEJdsI/gwd5Snz5fQuEQdn4zIwwk1iiqMw07z9mwfVLT89fFlQb3+uiTF7LOmlTSGg== processed in 32ms
[2026-08-24 06:24:20] [WARN] [auth_service] Transaction payload payload_hash=dbcuUyZwsjzze3p92BLzh/SfChsI+JmgCfrbghB6aWcyxQdLOG3kVzueCJPBJ9J/cKQCHeWIgeJjTLRtbqLrdg== processed in 410ms
[2026-08-24 06:30:57] [ERROR] [payment_gateway] Transaction payload payload_hash=CtouZljw1VbUvPjZZBh8n9MApTkjLe/vUqfZEVU7PtvB9mfKfBgy9qbrx6Aho4RH+1s5uwnAJ+H2snlIIwEC8Q== processed in 208ms
[2026-08-24 11:15:09] [DEBUG] [payment_gateway] Transaction payload payload_hash=dB7f8jmfpnA1YCQt8UWPr5bohhQAwWu03wXHLmUEvYT/g8qE935HTknFGcykLAL3PCxcf4ItJ1hKFU/MEZuBdg== processed in 410ms
[2026-08-24 06:18:01] [WARN] [api_router] Transaction payload payload_hash=kFxPmwNCMvJaomevbwx2kC/8ZKZxiUtWOMhTDUhLblmzejpCe5m3u7NauPsFmXAm+u9pe8mfBvOJ3scocrLGiw== processed in 488ms
[2026-08-24 04:33:59] [ERROR] [db_pool] Transaction payload payload_hash=qMz7CbyJPWNGCP51nXunayfyZOod9+eG4bEf10ErJODDhwcwgRhGojUzLdTXNYFvtRsnNn7yocAoquR0gmgR8w== processed in 193ms
[2026-08-24 08:11:06] [WARN] [cache_layer] Transaction payload payload_hash=AJc1hHxslgIkH7iDsF03tnUk1rlkEK0BJk3CAswx5skb5AUUp5+UzSaCdH/g0HurzT8phlQ+r1s6Nkqc05D1Sw== processed in 229ms
[2026-08-24 03:11:19] [DEBUG] [payment_gateway] Transaction payload payload_hash=wfsBlB+JgJ4LpaJA1eJ3BjoP5g4PZ8AJW5xFEipK4JF8qyf5k3gkF4cetYXJveybIlocNjp6U8s5n84geNKbeg== processed in 349ms
[2026-08-24 10:13:30] [INFO] [payment_gateway] Transaction payload payload_hash=C+r7KvP3LxB5cKP1yY0gFnkfNkYD2zde8qFGr+K6FvpotdK5MyuVjntajdLXuAdPw4/QVHEZugOK8G/VmhloVQ== processed in 141ms
[2026-08-24 09:14:54] [DEBUG] [cache_layer] Transaction payload payload_hash=GHJ3SYSk259K5Y1J+3e2XmlUB0RAhIuzyMJ6ucuNRavsSkVERf4yUyF204y1dsq8GTnyxh3GvhD0ueAyn2Zr+Q== processed in 281ms
[2026-08-24 02:27:33] [INFO] [api_router] Transaction payload payload_hash=46BdZ/oWT7tftP3zKX7WjnGCiIaMP+5gaOkJ11moNuCXBTFhiVhTFuxSGvIn+86h++X9r0cZCGeE6853PIYVnA== processed in 56ms
[2026-08-24 03:46:16] [ERROR] [api_router] Transaction payload payload_hash=zepjh/Kms6OiSoelL4zJRiZoJR8lvCTHdYtoSpWL/R3g8mv98dNngi51q8iOqxoH2/ImQaAVxI8X6FJd8++FPg== processed in 398ms
[2026-08-24 08:18:26] [DEBUG] [db_pool] Transaction payload payload_hash=ccVuaoxwGD8WiTisF+3GfgBamg/HUW74/E1VCqwhEJLGA3J1dMwjAcu2KK/pqMKHcn7Bjvv+XFy8pkO700Wnow== processed in 250ms
[2026-08-24 09:20:37] [DEBUG] [cache_layer] Transaction payload payload_hash=sQbTjfu6Xx6kl3fzWNzk6UUBDvhg5qESqwot2RAJ0omfDY13zuzkhsqytQQ7gK/ULfrpEeUcAju3utruUBwCfQ== processed in 37ms
[2026-08-24 02:40:44] [INFO] [auth_service] Transaction payload payload_hash=vLAKdST8jL8jQojMOUhvd8z+OinYYF8h7bGSzd1cIQ4vAC6om3R0PV9kEwXlnRDIOZyjng8/jPtMex6tbtNYHw== processed in 424ms
[2026-08-24 08:44:04] [ERROR] [api_router] Transaction payload payload_hash=3ByeWRqDLPLc895DO0O4I8oTUrXPx+OIwKprbyeURDsNufYjOEoMbDsidC9GjEs7TzT8c8/ZHiqDbSIrVVvDiA== processed in 147ms
[2026-08-24 03:05:09] [WARN] [cache_layer] Transaction payload payload_hash=JQY+ItzeWsxVGqwFyxY6AjUA8LDrUIlC1+908SCOzjuLbuXcNM2fQIRIObhOzvOK5fgINBtkd+Sb6tH4tXyzFg== processed in 298ms
[2026-08-24 10:30:54] [INFO] [payment_gateway] Transaction payload payload_hash=vQW5VmZnZhPl/K2SFwjywspL8dz47gNad3JSz2fNX2GHnARVC5ynZXx60P8FaIgPCm+fN9bv9bzPidrX4KmM+Q== processed in 14ms
[2026-08-24 06:07:51] [INFO] [payment_gateway] Transaction payload payload_hash=YMosDp0HVTEiv/4Zi1gk4Yi9wopeqrVigTpQG/+8EBawt0FovHjeOHn0oneUakzHEf7uB/pfcQT3sIxFBeWTHQ== processed in 258ms
[2026-08-24 11:02:57] [DEBUG] [cache_layer] Transaction payload payload_hash=II8BFq1vKLi7jKjSKIorUG0jq6441I1jzI9M1g1JlK/BO1JVoKZ7uT1Qf8bKTEg9gHBT3SUG6GnzW/W5UrCOCA== processed in 17ms
[2026-08-24 10:43:33] [WARN] [db_pool] Transaction payload payload_hash=AsGxd3/lCQOrvvHHki/wZOldGyMnxCB3PEh9lsZDTHaW21aickfNmvE6oXFfQeKxrCYg9XFb82rRG407pC0QnQ== processed in 165ms
[2026-08-24 02:27:00] [DEBUG] [api_router] Transaction payload payload_hash=Xe+d9DI+I6F5EZgNPeoioyhz0KSnxdFIycqnmuV1tusMCuO6EnUC2Mfd4Mk3GU/u2bfgYL/y3gP3bjV90fQyjw== processed in 236ms
[2026-08-24 04:14:13] [WARN] [db_pool] Transaction payload payload_hash=U8ujPFx2lWOOTN0WKmyKiv9DsHXz+WHbBlNfQwOoXt94+1gVvyd4me88OFWpCZs9BR+TSZ/jChnbm7uHWwj3fg== processed in 416ms
[2026-08-24 06:15:22] [DEBUG] [cache_layer] Transaction payload payload_hash=3EKvX2Q8msGGOPX9QmNvIPqW/4fPcjPRbF59Y/Pgnh5xWlDMokTbcsaS6Hw1ax3pTNYRkw3N3jw4p2UyxyC2LQ== processed in 114ms
[2026-08-24 05:29:26] [ERROR] [api_router] Transaction payload payload_hash=th7xAW1UaXLyXJXhh3qmrQAIiRw/eOn/jAxeLU12LgofINNvwxoSG5zjc3zN2LO0fOQFyNT7OPL0jHHFXtxZOg== processed in 131ms
[2026-08-24 10:08:59] [ERROR] [payment_gateway] Transaction payload payload_hash=JBaXIXZuSoYny3Vq/g8ElmJx4wv7tfXO1l7CSzgL4x73xjN72dkG8FwlC9vwoho6simhmcsQQDdUQnwY3F/tFQ== processed in 441ms
[2026-08-24 04:27:20] [INFO] [auth_service] Transaction payload payload_hash=qjwr5R1+RicXHsjXtGtr6lPEnirsP9L0pyMU4vPaI0/A4wfwyv9Ko6BQh3dnj/mJSQPM2uEORwBZPeHBz9uTzw== processed in 188ms
[2026-08-24 07:13:51] [WARN] [db_pool] Transaction payload payload_hash=wdIpC8+MrQbw+IgQosc8yhiGCtRwQ/l/b9yz6tiUT85VrQygOWicMDAhahZ3a6uAQ6rHAu6alEJx8hbOcQi7rg== processed in 448ms
[2026-08-24 10:57:33] [INFO] [payment_gateway] Transaction payload payload_hash=ghZa8cZ58NcvP3wSftW9p3Emc/DKaNc0BKl/SMn1N1fnLvaqrslFEsyKGOr9jhFIJXB7iPjv5A00kL/c+g8yQQ== processed in 151ms
[2026-08-24 05:28:22] [WARN] [payment_gateway] Transaction payload payload_hash=mfF9LxKHltOZlCH42Ke/9IYuwcU0o8GGh54rlSdzyhVo1q8xDcI3bQxmpFuQTJSl8UvkqIB3iXA3Y2kE2FAsQw== processed in 285ms
[2026-08-24 06:10:06] [DEBUG] [auth_service] Transaction payload payload_hash=pV4QpOzoSyYP9Kd1iv4amT1Nqwa4guaY8c+o3H249NZFNq8xB6ZAcm/Jxnm0uody1ELozJ1Y9fEGPWgJJeEk/g== processed in 70ms
[2026-08-24 09:43:55] [INFO] [api_router] Transaction payload payload_hash=ix5SunFRh+p+hErzTyx1zwHArs008caji9lMvvTL7p88mSxLKBeuJUtDSYhFk/NYUfhKQonF5jieRt502DfEDA== processed in 279ms
[2026-08-24 08:36:30] [DEBUG] [auth_service] Transaction payload payload_hash=Vv1oEmy5OrWqvHGkU/iJeT1gYhFhV3WTBT9z5buroEaox60i2/ELUlrVWZ0qVPNODt5k7bFN5+t/KeUaegtaRQ== processed in 262ms
[2026-08-24 08:57:29] [WARN] [auth_service] Transaction payload payload_hash=HG8ORlXKRjOqQe/iM+DmkL+HoQGq3rlp/GN4SFFiQxBblvUt5EQs9FSP3gmVUUGVKMkZItre+F4pAOEhFig/mA== processed in 357ms
[2026-08-24 10:00:20] [INFO] [payment_gateway] Transaction payload payload_hash=sguz9+zBkEWx+4xtj0y8qKAR81FZAHvPlwvFiadzn8thWAeiqsuG9VcmQLXbrObfAEThZ3ayQHvRVHk2CRGEUg== processed in 477ms
[2026-08-24 04:49:54] [DEBUG] [api_router] Transaction payload payload_hash=8QKtquLUV3lexf4xy7fQ2jNV05mFnyKvTKLAKRMatLC98xL/YV3iVBIfzuXs/5sjRH09WzwcPeH13ZjMLfFYfQ== processed in 412ms
[2026-08-24 10:33:34] [ERROR] [payment_gateway] Transaction payload payload_hash=NRB19ik1mNpAThRSHgeJnAuOhjNiOxKpwopbpFuTtesqpkUcUKo2tUqIgs5RC1t81H5wV70BYcG+6WmRNQXZFA== processed in 251ms
[2026-08-24 07:08:58] [DEBUG] [db_pool] Transaction payload payload_hash=TnFe1OmaMGasThN3K6TbXjc6yezOlLfp1uepKYdKRgCFwGkwxAr2At8Y6kHR0jGM+68O4lIT3kZSgeNlVBVTiA== processed in 430ms
[2026-08-24 05:16:56] [WARN] [payment_gateway] Transaction payload payload_hash=fA68/3Jxa0gV4C0YlIk3TzVGd1OXfLoDemqyNP5pwBsvSybOithN3gnCYxch7F5LA7phay3s3yWnREQuSlaHLw== processed in 220ms
[2026-08-24 05:53:12] [INFO] [api_router] Transaction payload payload_hash=i4Y5qHJ7wPt1/+m6Fae+F0pt16ThjmRjsAtpNX+/9IWypcCbdJNe/wggRPaHBYDU4JotnjGJztvKnqiQwrnm+A== processed in 241ms
[2026-08-24 07:06:27] [WARN] [db_pool] Transaction payload payload_hash=rVwB945nPX2Dc5ntYo0gPYPJ+HTMh2l8llBqGyvYMfbqd2Wu6zL3SfujCYP6R2lirwSvPmy3GRSEO3N/nwN8cg== processed in 177ms
[2026-08-24 05:00:10] [WARN] [api_router] Transaction payload payload_hash=8UPKhKn/n6CYKcCRs/y0sigTLcvu+pUFuVMuICet5tu86u1YZekynxNwq0Ljdabd/tvpRfV65zV4rlwwi5Hfpg== processed in 109ms
[2026-08-24 03:49:44] [WARN] [api_router] Transaction payload payload_hash=cjqsJddxiGy3krMS4CQndl/63M8inQyjoGLHhKaTLyx7dsD3AKzNFT2mZ3+LEJELjsYDSWXUHdcsdiFz0/dhKw== processed in 22ms
[2026-08-24 06:08:08] [DEBUG] [payment_gateway] Transaction payload payload_hash=oVz2c4+deiyyMCC236kJoWlk7uyJ+yiocieKL45z0MiFz0MfvuKTsjcx3e2HG1oZ7W8v4uHQpgKhYC574FBVwQ== processed in 372ms
[2026-08-24 07:10:39] [ERROR] [cache_layer] Transaction payload payload_hash=SwV4HHVFCiB+5lpoLrFSDcRulfVFA0VpxAt/KF/XNzTmA9yP3S/h4uREr3Yr98kSRoMWFTGW3M/WSZMwfx3tkw== processed in 445ms
[2026-08-24 04:31:17] [DEBUG] [api_router] Transaction payload payload_hash=9gGVglQnzg4n922pwu+92oro+oZr1vp4TRFhqYvYlevZ8JF+lCcHdj2ig5i/vrQDX6/JxKdIMFcAbWq+e9k9KA== processed in 381ms
[2026-08-24 05:57:03] [WARN] [db_pool] Transaction payload payload_hash=fxtG5nTPIbXBcC4kYnG24i2lglbkkISDbkZmHHKNQ3a+R8/DlTKIIkLjhC5mNk5P6fReD7W1Q77oGoX8AyR0gA== processed in 370ms
[2026-08-24 07:30:35] [INFO] [api_router] Transaction payload payload_hash=d1jr1uHddRU8GfJ+5ZhGg0jX1wEPPf1FHRGzev+7IZVGaf+d6T+cbFmjejQGuU1Jo82m69ewAybEs+q1yZEyZw== processed in 168ms
[2026-08-24 07:22:54] [INFO] [db_pool] Transaction payload payload_hash=3uaBEfAssNABdk49VApnEcY/vZjRoNakG2mf2/PnZlw3FboQ9Um+OGmK+oJ7EumP6dZr7iOK+51ooGzLhDh0gw== processed in 308ms
[2026-08-24 05:04:35] [DEBUG] [db_pool] Transaction payload payload_hash=FaQKwJ6m7eiiNAjZvk51clloU3UopfvlZZTz+gEXQeuZ7dN4wT0WgoB7EgL+2d3gRCL6nFvP0qgHG4ax4+I2FQ== processed in 73ms
[2026-08-24 09:55:53] [DEBUG] [cache_layer] Transaction payload payload_hash=t5n9P5zBAC0lflaXQMCRP8GDDFqwFymtE5UXOHl1VJpLKM7Uk8HvLdhDBwW1KJRczJhyunD1n1cmEpw/RdiHQQ== processed in 323ms
[2026-08-24 02:57:46] [WARN] [api_router] Transaction payload payload_hash=Adhf8HrSwFW9x7r9PZysznFgVV0qnnPREMBK9ZsN4i/PFNJdmSnTMcoplPnpWpb3w4iv+Eyq4t50SRUYvOggSw== processed in 357ms
[2026-08-24 08:33:12] [DEBUG] [db_pool] Transaction payload payload_hash=ot7lXGPz58E3tl+X5WtniVU30XLDOjpPBKk+1RLbI0EtHDvLtXhlVqzI1RIfRdN8UwW/ff65MAmTaZ6/yjrObA== processed in 328ms
[2026-08-24 10:17:08] [INFO] [payment_gateway] Transaction payload payload_hash=GZZfTjsDsODf1kOAFdYahiB1vq2bQQPrHmnzPLe52Pbz6t1OLG/lg+msJDMI3H86dHa37XWF2v3K2GQKE+sEZQ== processed in 156ms
[2026-08-24 04:37:33] [INFO] [api_router] Transaction payload payload_hash=Ba1f19TDkoBj1La2Oc4ULJouWr4KIBgiy4OMAvmUoEOr+YramUK4403Ya5s1gdRr/xgpz3xZ8fEO6aPWUp2T9Q== processed in 141ms
[2026-08-24 08:48:18] [DEBUG] [api_router] Transaction payload payload_hash=q0v3x9G9wLyfgGDqk3FLromiy6R5uQKF4xfwlgWsPRvK/nGLrTVTJ0VTl2nzksONjWCQ5socZR46QVzX4qrG7A== processed in 114ms
[2026-08-24 09:20:45] [INFO] [payment_gateway] Transaction payload payload_hash=kvyyR6YNBX0ACI6B2npjQbY/RAhzX6a7u9x6bFaNm2wRFyXQxEivigSt6De2r+7E2udzpWXA6z8l5cCjGAJEtA== processed in 71ms
[2026-08-24 08:12:16] [WARN] [cache_layer] Transaction payload payload_hash=Lucu/ZTgCAUWZt2L/sVc8mD+BDQy8K/Na8rz07ehdItjj1tPtF0qJSqdFUxHc2bmZcvv9S9C3hhTYuvlaa2pzQ== processed in 326ms
[2026-08-24 05:17:28] [WARN] [auth_service] Transaction payload payload_hash=1GM/JjtU/ZXr1cwqrTMaxbOWrkILAk7fkvDQr1IC56ZbqjvQArfOPUCI/4DoA0WGbDdmCLJUWAaWl0MReaf8yw== processed in 346ms
[2026-08-24 10:54:02] [WARN] [auth_service] Transaction payload payload_hash=n8ujJ3Wjj/2G8iqt5UIbeYvPyB4SjRyCqv9wNW8JE9KSgYKp1f9WTMt1yES+4I7jSie4aYTbNNqciV+OMJauTg== processed in 20ms
[2026-08-24 04:36:16] [WARN] [payment_gateway] Transaction payload payload_hash=v3b++5x2pSGyZ2Q5JtjrDyyhNIMr7Qe/nOnRnxjZRvQgDRseivFSaRwFbU/d6dRl8sOt8tTPCpiW32HlKcsqHQ== processed in 258ms
[2026-08-24 07:07:39] [DEBUG] [payment_gateway] Transaction payload payload_hash=/2pPeJWNbgT7c42/Br/Y0/dqlzlds337vYSSl3X9MyXRK3cYfRFux+GFA0YtgSNtKrxVf5k2f8gTTehPiyY0TQ== processed in 110ms
[2026-08-24 09:38:13] [DEBUG] [db_pool] Transaction payload payload_hash=nsQWf8B/ejv8keGvVfsCYp/4N4R2xB60D87uw9X4tbrB3uuOi8VihM3nu9Uid8DHyPrQpBnO0ueB7YESM7yeQA== processed in 261ms
[2026-08-24 02:25:12] [WARN] [auth_service] Transaction payload payload_hash=pxzCj/P9/eXN7buCj3mBWMPnm3h8I3jPDXzWQ3oova3tbGsvPHk76SAyhm7soAt3wbEFE2TTvZlNJRx9IHC1NQ== processed in 94ms
[2026-08-24 10:39:23] [DEBUG] [db_pool] Transaction payload payload_hash=ANZKuGrf4iM9l0dCiFTDdVQKpFUV50Ph+LdDgcpfz0coxYxPB07kFqcRGcJuOmwi7SY7SQ28eTDQzqDnqKIy3Q== processed in 300ms
[2026-08-24 05:12:08] [DEBUG] [db_pool] Transaction payload payload_hash=K4yh59pRDPYz0Fz0Xcf3DlarQrBvGgUPxgH/b9DpCaUKFWa1KsN/cQyjnRYECuU1KTAowwgkRJ8ihG/nVArotA== processed in 495ms
[2026-08-24 05:50:17] [INFO] [auth_service] Transaction payload payload_hash=oZAq2S16GTy+dQ6FB2jcikBkZPHF5akQA2VUtkwaKVeD5FXg+ZaVgfyRyQatg8tutSgk9pJqDPu4oLoqkqSZIg== processed in 187ms
[2026-08-24 07:34:45] [WARN] [auth_service] Transaction payload payload_hash=wa4EYGhsgKA1kWDQfWhJJDn3l2Vqh+ERWvjgNb6/r9K0hiDD+GpQxVP70gdMqvA69UrLFASH2h84U25itqJ21A== processed in 27ms
[2026-08-24 07:55:25] [WARN] [auth_service] Transaction payload payload_hash=nJPVSrcV7VJWEQrgbQTo5dLnLhk9os3K9xlXbh2Ug/HNP1OQOXc7QIxUtSNZ2ooKoZoViwC7DSWbtT0Ax2XRsQ== processed in 15ms
[2026-08-24 08:12:44] [WARN] [auth_service] Transaction payload payload_hash=1lqJ8D6PeoeHnXyAjyBPKMEzKoOSIHXtSKnEQn0l5YiSmVNh8dtcnw/53xmoKuQuDd6LNEefw52lEOm1HC6chQ== processed in 398ms
[2026-08-24 04:24:14] [WARN] [api_router] Transaction payload payload_hash=bvM4BVST0HXyhizVdE8YJcAjyr+E9qjanwgwj7MqtW/dww6Zo+1nyg5/+NGQHFtFBWe57eSD/2CSe3jxfw6JNg== processed in 245ms
[2026-08-24 11:05:47] [WARN] [db_pool] Transaction payload payload_hash=D3HGwweOB4eaGuzLXm3FNIRWcYhajTfyjvzSJypFIfLhf4VuX1U+parmoik+jo5tjU7yHIe57SrO6Joacea5GQ== processed in 382ms
[2026-08-24 02:56:47] [INFO] [db_pool] Transaction payload payload_hash=demYmp8OONQV/quXS4nCh06ioq7uWQRwXLMzUff4MQW/fRbqc3i2rWciWANc3/vKCnt/Tl7zY5wCkr7CBd9Mbw== processed in 350ms
[2026-08-24 03:46:02] [DEBUG] [api_router] Transaction payload payload_hash=cHribJCQ+1Y3L0jbzgNC89Nf3h47CUtuRshlObYr3lN4UHaGJrLo/ccGTJ+wLZlJafwyBMYUuHlkK8PQi7FQ/w== processed in 331ms
[2026-08-24 08:59:25] [ERROR] [payment_gateway] Transaction payload payload_hash=DmbAGkNv0vtjU+bltP3l3Kj9Ye8RTVK0PfQE4Zyq7125IUwPF7ueGtKIDrSE0U/nmHj6+qhBaSQzWqrnm9T0KQ== processed in 330ms
[2026-08-24 06:05:05] [WARN] [payment_gateway] Transaction payload payload_hash=X6AgaZsEHPhXkBuHl99i6XwfkdYhJ7MVUsFmKqU9CdO30RW0vD63POjKjCmeQBsgzBzDewqUyaW+dENna9fOFQ== processed in 431ms
[2026-08-24 08:44:41] [WARN] [payment_gateway] Transaction payload payload_hash=W6a7Bo2W3TejLnmm6Ic21vRXEjGAqSWZhpouewM8XfzmtgKo4nHIRx+gFihadfUPsGApfI6Ww16XbooW93f0Nw== processed in 200ms
[2026-08-24 10:45:36] [WARN] [cache_layer] Transaction payload payload_hash=CLsYbb80a9EOfSBND+wgxdxLIE8ysQxsHkT/WnjrBhWzA3SgsXoAeCnphjy1ODyoxc3Mt/VScMVb7kb0hbMOew== processed in 102ms
[2026-08-24 09:27:14] [ERROR] [api_router] Transaction payload payload_hash=w118CMxOrgqUQBRWK7ESSh+8ykDdSLnmcOskvZG4xMZRC/qp+mRz7UkTQMM9q4BefF+4Y2g+iXT/Is4IgxPfNg== processed in 303ms
[2026-08-24 10:41:34] [ERROR] [db_pool] Transaction payload payload_hash=mFq+XVFjiO20XVuS7g0fuGFtngshunTRvHw42FuyR+WPKkU+DMw4LhODi3zhTevgE6uFZZD0V7RHmSY6FijpRg== processed in 441ms
[2026-08-24 07:17:35] [INFO] [api_router] Transaction payload payload_hash=N490M8+eKVPdTjE65Ov93idcSzBGR2KDMAJjJlixCSHHhfIogeOF8I+QhX4dsyWzhHLivutelbUdfLN95aXZlw== processed in 337ms
[2026-08-24 03:23:17] [ERROR] [db_pool] Transaction payload payload_hash=nbzlgwxZIdYydRzS9venNN5t8YAEg3upvcWjfPbQSGZcesgr7VXaI82Jbquf3J46Uoz1xo8h9J4xPvYny1MIkA== processed in 64ms
[2026-08-24 03:33:22] [DEBUG] [cache_layer] Transaction payload payload_hash=W1oLm6mbFMzN59q+TEzlxQ8XssTXHU1rbeLj9O0SQEkkoGifoK1S+tn2FhLUmzG0yvr6QA7e/73aAB64WxuFrg== processed in 283ms
[2026-08-24 10:08:52] [DEBUG] [api_router] Transaction payload payload_hash=egugb7eCb+cJAZm8fbXs2juel0CjCdoNTHbEs3aI8Jk5qrWnpUCN+fik1E16kfcYB8dqICgh+DwWvOqaqbLbGA== processed in 105ms
[2026-08-24 06:44:55] [ERROR] [payment_gateway] Transaction payload payload_hash=ehBO49l6KAAo8zGAWEeB7j4mIXPM98y6FaUdChqq/ueeo6X2vFDdk5gB6OLYvnKESdfEkznh9wryaTzy/eI8nQ== processed in 251ms
[2026-08-24 07:53:33] [WARN] [auth_service] Transaction payload payload_hash=lyoj8Q5W/hQUYPI3g95g08adUb7985vFGX/kJtq3s2yoQLm8cDw8usplq+c1neyQYQUqEnKnP32NVgJiB/Lwfg== processed in 415ms
[2026-08-24 07:32:57] [INFO] [db_pool] Transaction payload payload_hash=EJpTLanH3bf9KWroJUvkyXH2jZn2A6ObdkolGWMoUOpVaAUbBFsNsIj1XM/yn4c5SNDYC6DuZkus3Vf8me5iQQ== processed in 437ms
[2026-08-24 09:55:37] [WARN] [cache_layer] Transaction payload payload_hash=qFetOvO0LqMXNZWdOU2Uy/qPLqSVPUuolrV/TwGzRIPgPP+P5PWko5IQDeKFDWBK+YT7STlCeuSubC09AitmTg== processed in 27ms
[2026-08-24 11:00:17] [WARN] [api_router] Transaction payload payload_hash=GIjPl2jp0JBVB5cvbmtekZzk/cd+NqBxWDaqhozgwwU3zEQolfj8Sm+Y9hjY+7PTx6j8TwvH7npwx8H2S8e0dw== processed in 360ms
[2026-08-24 04:32:40] [DEBUG] [payment_gateway] Transaction payload payload_hash=BGBnMdKEdFK3ZVl43yI8GooFEyXIEN6a9CI1L4gq5k83q1k9FOJZE7ea5TQkQOMSu4/SfRXHFfANeeoNIroJ0g== processed in 56ms
[2026-08-24 06:16:55] [WARN] [payment_gateway] Transaction payload payload_hash=v5F71TdnynEPb2IXJL42QGYVxxtuuPygC28cYI0FMCK/ZmiyD7F28UXnFtMm1lgfGGvMGJ2K4SqfaYutx8XdYA== processed in 369ms
[2026-08-24 11:12:26] [ERROR] [db_pool] Transaction payload payload_hash=Zf3kbl21FEmjelAwoGsbULbnocgErjhtPTtfdMn3YdOdmTuk7+O17xKvpMMBbolYFDKNfwsEam6XTsft8g06RA== processed in 212ms
[2026-08-24 08:55:56] [DEBUG] [db_pool] Transaction payload payload_hash=zGB4W4BiUQ/z7t+JlVuFKmEiyYJCMfAvpJLIANg+S0iZBSnCCzJQp5KYkxx244qJyPlxUpYvk43ohdbwNZ7lGg== processed in 271ms
[2026-08-24 10:30:47] [WARN] [cache_layer] Transaction payload payload_hash=wHGevUJhUhzSuNyyFFV9WL8w8qL2dwFv3UyxfyeTwAGCSKU1GtlzjuFDfFGMF9LscUxcuER2El9jCVdLkqa0zw== processed in 489ms
[2026-08-24 10:04:51] [ERROR] [api_router] Transaction payload payload_hash=kzZrN5ZaNcFppCnnOridXUuJouJXErZkms/4i6aa1lBZFxgHYdKzrHNKjOnQkJzDEVGg/6946dLLA+PY4CGGUA== processed in 480ms
[2026-08-24 06:01:37] [INFO] [auth_service] Transaction payload payload_hash=o7CzT9CgYySKx8Jo2lJFRiv/3zlCPYWn19q+F3TFyO1k5fH494MLG+xqT1ku72CYzXXcMj2WUfval71pC4oEOw== processed in 104ms
[2026-08-24 07:49:25] [WARN] [db_pool] Transaction payload payload_hash=Jus4KTAUWzI6aRx8VWwPDyAnCXyXD7iTh6nnhklqvW/ffOH8h4Ahlr8Eon23oXpzySIZf735NP7uZ/gaClgKDA== processed in 393ms
[2026-08-24 05:24:22] [WARN] [auth_service] Transaction payload payload_hash=eLVXf7vz9yrqh+2m/NWDIESu58KEIS0hkTtuCRqydZWPi4kj/RtUisJj75OtQaW/RYjEpH9tA/JOGqMDW1ShxQ== processed in 339ms
[2026-08-24 09:53:57] [INFO] [db_pool] Transaction payload payload_hash=NcOkgElXcb9DCUd3vMObk5AKhN7kyYbo3wZfc0g6xSmllu5Y7vgSpRXX7+mL1NN0YFMsCv69RyN1H6ga6fhW4A== processed in 265ms
[2026-08-24 07:15:02] [ERROR] [auth_service] Transaction payload payload_hash=1n3mJ4oocWlyyCf/gaXS3JTxGRuigGkjqsI38OZyLvyj0apilXRG62YTgWfems5GV5KfvM7M/1abKhEi021WvQ== processed in 494ms
[2026-08-24 04:04:44] [DEBUG] [cache_layer] Transaction payload payload_hash=pzndGHOz64nkSwj7IWTO2Er/zPZ5uwtixay1LKq/QcXde8xiKSJUrXvFCwrCibBwXSCcoP5cs738ibEyS29Opg== processed in 369ms
[2026-08-24 09:06:59] [WARN] [api_router] Transaction payload payload_hash=WZqAsrzZdLcJXBuCTR5HwtsqbZLBBqoTbQJxqUIxApeHB3wFR3myprbjQ1DsmiaPYmTH1U0RbSxzJq6yORIMdA== processed in 247ms
[2026-08-24 07:38:53] [WARN] [api_router] Transaction payload payload_hash=DcklEEy4vohf3N/DyAeuoaSBzQRyYJ4vAJE8qv1nLs1d081TuVammBVL7BMCMhg1tYrmcO6+QAUoT6R9+VrdDw== processed in 80ms
[2026-08-24 05:57:20] [DEBUG] [auth_service] Transaction payload payload_hash=2RrLRRFXIx8WExNOOI2GWmwReIv7jbYwkjCFQqVywAFGzXQCPJTKiyZByS1UHE+yq1SHUcCsxeEHWDpZ3h7z+g== processed in 365ms
[2026-08-24 05:52:32] [DEBUG] [auth_service] Transaction payload payload_hash=S0dNPlWVBh78+GSrThUxqJ6F1n1rty29BRCJIPwJ0pFn8OTw5dnr8BpWL2KiGZcWHFh0x8EDt7pCZ/vvVPW8tA== processed in 184ms
[2026-08-24 06:21:17] [DEBUG] [db_pool] Transaction payload payload_hash=vbd9uV9HdfQB0hayvJP/Gx58OzKuowHQAS+uqnwBZzNipIFarwginGssmIcnqhx3z/Behoc9SwwgAvPyFzkeNA== processed in 189ms
[2026-08-24 06:23:53] [ERROR] [api_router] Transaction payload payload_hash=Tc1zIID0Ey4bJ8WU3prBCBTy6OMT8xPNKdToeNHYFIAG/r9mXYFbigIJNqE+FfND15zS1gwE11xIMUxD6kOv6Q== processed in 258ms
[2026-08-24 02:21:47] [ERROR] [payment_gateway] Transaction payload payload_hash=Ta7Iat1Ua+hvxt3y/PU/a52h64i47+bT5m5Ce7eHT5LgECIuJSLOj2KW2faBqreBZW3rleE10r3fd6nhzrnKcw== processed in 387ms
[2026-08-24 11:20:20] [WARN] [payment_gateway] Transaction payload payload_hash=mEM8lMt88Lqui8iZ1aBwpTja2Y3Xlq+JvRNxuja56wNo0m4pcYoqD7VhHlFfKRIoM1rgyMINpMBI3C/I/3Fr4w== processed in 492ms
[2026-08-24 08:00:37] [DEBUG] [db_pool] Transaction payload payload_hash=9hlwN+8mmiNbF827+3ieLmldf4pXJQpwAKQ2qXO8J7OBHYUxcytNjuYpihmwFR9siP9vPBUtQ6r1ShLfosqQ6w== processed in 62ms
[2026-08-24 08:17:25] [INFO] [api_router] Transaction payload payload_hash=Rot4/ocZfYgkzpErNBMqxS9atXircQ0hdVkvCXHsl8dhHMky1PW9f31BbJ3oyuCVprrG66rNv+8hP+KlpewcNA== processed in 498ms
[2026-08-24 05:05:22] [DEBUG] [api_router] Transaction payload payload_hash=GIRp7v4exMB6iCwWMvKx8QAnmR3RhAEPTLoBeNVmQ6Phc9qAVaqKoibJ62+h0RU5W6V2wibi2KkpbT1nAG0Tjw== processed in 68ms
[2026-08-24 08:29:44] [INFO] [api_router] Transaction payload payload_hash=7dVUnNaOFFdlxmD66Ufmr/WChpFtYArCMTJWONKp+iJ2MLG6Jr5LjW+Gnr8MSNJE6MKxenkv2Wjug9jBppDuUw== processed in 383ms
[2026-08-24 06:26:24] [DEBUG] [cache_layer] Transaction payload payload_hash=pEeAsKT4g5X/Xrrhkl1YTPslQ26dxXj2eA0FhRBdX1jntUfZOTpgsGFCnaC9DtikliJKphTRBsJr+cRMgU+9VQ== processed in 35ms
[2026-08-24 04:15:06] [ERROR] [db_pool] Transaction payload payload_hash=DbIcpfwFoLZ+lo3jHu1ZnpSSvKulQSKI3tByOxTDBP5IGAQECrgJK+ICbjRS+70VYYO6+hk9wWa+hllRKCqVqg== processed in 450ms
[2026-08-24 04:45:04] [INFO] [auth_service] Transaction payload payload_hash=BdxYFiL1IPVmcHwkcI0MaAeEPE/ZLVIhxCTr8o4fKgTQY7nvavd7QARL03Rv7vAACAxM/Xd3VWKFf+0DLF/zwQ== processed in 314ms
[2026-08-24 08:13:00] [DEBUG] [payment_gateway] Transaction payload payload_hash=ivwV7hBm1jbw7mJEq3WqNKjikWHRbbqNT7Fn9xRK5xGa3plnCLMzdA0vosc5blf5l453k15xsF4uGPz+B+yXmw== processed in 83ms
[2026-08-24 10:43:52] [DEBUG] [cache_layer] Transaction payload payload_hash=dp6HYKInpMWiKjXBdONu97c80IWiISqhnIPAfYijLnS5LmyNdCY+sBZApKCBhIOZZNwMCWa7NnIydTMUWthXlw== processed in 77ms
[2026-08-24 06:25:56] [ERROR] [auth_service] Transaction payload payload_hash=plxMXO6AR0+mwGt9OXhqOWmKcc8GeOiWDAUzNOjEg4FtgFrkbudJQL6TUhB8hTuMniYVi5FAp1uOxh3iXoBEYw== processed in 269ms
[2026-08-24 03:10:27] [ERROR] [payment_gateway] Transaction payload payload_hash=q6KOa3+bWtxVweklr/G9C0TlSS9sRTE8l/l2t19de7TwYs3etDfds4XGrVMJXD17f8E2SL1CmrO/7k5zXjNoxA== processed in 421ms
[2026-08-24 10:27:50] [ERROR] [db_pool] Transaction payload payload_hash=KHGuk3nkOWmijU91vrgB+M5dCK6yMDPj9Ux++eusu1f5B6G8LXTCAzR5BKQCHqLkcGnhem6L7RqhcqDHfkngVw== processed in 373ms
[2026-08-24 10:15:58] [INFO] [cache_layer] Transaction payload payload_hash=rSi8RhHLGcqiv93/axwZ0WpYW/OMKNGO6GxgDruHnFH6VOaFGF9rCtUCxEPSHumUd3Yipk5Rbt5sm1L0CqKheg== processed in 161ms
[2026-08-24 03:08:16] [WARN] [api_router] Transaction payload payload_hash=6uQPI4Yjl/ynFTF/OMW+CSci/piRcvMuh+zBbDNuKw/apIOMC0/JSFm/O0i9jK/0fls1PQ+FzXttfg0q7lqslw== processed in 23ms
[2026-08-24 05:30:54] [INFO] [auth_service] Transaction payload payload_hash=C+XyLGurbSX5vDVV6On+eiMYH060K5SyjCvENhw/9xwmD3hfiPIYaju/KPijdoZdblTR50CVp1O3ewvaUMqVZg== processed in 372ms
[2026-08-24 06:13:07] [WARN] [cache_layer] Transaction payload payload_hash=0WkIC4AFwckbWhHAhB1GIO48Oqvc0BgJcAFX+EkqcXLnPym1hXqaexTSH1LEcD9UKAAFMGWRv3LGqhpsvjPDDQ== processed in 191ms
[2026-08-24 09:16:45] [INFO] [auth_service] Transaction payload payload_hash=9w3Va7nzSHtjgbH9BW2ImP/hjNl+T/+iIi4p357AybGyhlp0e5JBnnCQLiHlOq5m3wd+0bSpGKAA0tej4tswAQ== processed in 364ms
[2026-08-24 03:42:13] [INFO] [auth_service] Transaction payload payload_hash=TOkP7MzpeBeXdBdaagmvj86Q1tkLRcGa7ZMWn61ljAFCiMzRO7OIL9qXzvkKdKrWSRaYoE/Sg18paM7FFUvBSQ== processed in 54ms
[2026-08-24 09:31:28] [WARN] [auth_service] Transaction payload payload_hash=bX3m26d4oObKy03Ya/JDXAHt9nDen0VtQg4LLsK3GEvGv1npIVjofgbwNlmxY3UHefLpLRSJsRerqa77msB6TA== processed in 262ms
[2026-08-24 11:21:09] [ERROR] [cache_layer] Transaction payload payload_hash=1iYdogNYWeW1nOHuApqG3hOZ1F3rb75KmDqZOpLpPuEmqu+D99FL1YAm6m0lXwFyQ4ud1J0arSkV4Q9Dl7Nlvg== processed in 10ms
[2026-08-24 06:35:21] [DEBUG] [db_pool] Transaction payload payload_hash=iCYWwLOFQa3lhtLa042nI3W2w4zp5vSvZ+3FtGaj8UrsSIgM4+A80p6o/pPtOHU97vtp6KHJbD0/K3Bs6W6DdA== processed in 83ms
[2026-08-24 05:41:51] [ERROR] [auth_service] Transaction payload payload_hash=/4TTZzXmMAijjEt5fhCfYBz4DsTTqX/TJWxcsxzl+/8he0irkQGwn78M7g7UgbkVs0AcX61WOgUBONS83PRogg== processed in 399ms
[2026-08-24 06:22:44] [ERROR] [cache_layer] Transaction payload payload_hash=uFcyhZzlWejPA+lrlM3yyGorj5JHPWhJH34L+q/lO5OxqDPWH8jscTSbaVz++dL43Dv0XO7A06QYrvHrVoJHsQ== processed in 178ms
[2026-08-24 04:01:50] [DEBUG] [api_router] Transaction payload payload_hash=4/DopVK1Fm5Gra53xjHg05/4256WYWARdYodddY8QEMr/Hkw+ORmqCsIn8RCXH/UM/NWZVZYiqeHEalywLhedQ== processed in 364ms
[2026-08-24 09:25:38] [WARN] [payment_gateway] Transaction payload payload_hash=rkLLGrs3a5MLDItHkA6xPALdqOJXKdf4oauSVojQAGPAWwgQYRdL6zlGsmeC+HNp7layoNzI/uc/ea1Mzbm3UQ== processed in 170ms
[2026-08-24 08:03:46] [WARN] [api_router] Transaction payload payload_hash=ciqFBT5x+e4+R/t7xc+1YAs+SYfCUiWCfQcr9IhpnooKHWj5eNCYBVtbFBlW4cCS6BbHEm0gRi6j8q3LC2J6pw== processed in 73ms
[2026-08-24 03:26:16] [DEBUG] [auth_service] Transaction payload payload_hash=Tx0OakjfEIKuq1fzLE6NaeFchclf4LEgnYVXyWAnCqokNZqP1RoZHt95a3zNGNTExQ+NVyVOpMIwlmFNO6rFVw== processed in 359ms
[2026-08-24 09:38:04] [WARN] [db_pool] Transaction payload payload_hash=OlzmJGXU3GTTNAhrkB5hvTUrRM8ir8Od/h1+5VdgLUw/Cv5ikoD1H/RLlyJNVLHLe/hnhq3fFdmu7yhEJ4UM5g== processed in 134ms
[2026-08-24 05:34:27] [INFO] [cache_layer] Transaction payload payload_hash=sNEa+LPBzJHhZUASywDFyqNEhuupa2b3xjma3H8Z46hrV0FwM3RWP9Vx10AnXvQ/CQZVI2fVXt98K9VW4DswMw== processed in 441ms
[2026-08-24 03:29:19] [WARN] [auth_service] Transaction payload payload_hash=27WvrhOlQHz/Qmn/+8XeyVK4XJuna7zOzYri9Auyf0WbE3W0jLx9iUaJTSZ0GLQd0xJsu58rWFhftRgT9AYF5w== processed in 259ms
[2026-08-24 03:13:17] [WARN] [api_router] Transaction payload payload_hash=ii+Grrw08rrrFeLTYwwJeJ4buNOHqTCTZogZSdHwV1XWnsdUar/vMY2FND4DjDNN1PpBcSX/8cYzWVmA+2Rc8w== processed in 30ms
[2026-08-24 04:01:13] [ERROR] [api_router] Transaction payload payload_hash=1VuPjSKaMa7cRINFx+8A4zxmZl7rXsicvuFHvuEfe8sQRfRrDvQMBrqSBuBotduXmVbjk14qtMcxwRWyMzBM+A== processed in 19ms
[2026-08-24 04:30:24] [DEBUG] [db_pool] Transaction payload payload_hash=jbru4TVGInD++jYSamOxT8p0B/fkOIWzW8SSX+5EKBv5ZptLgmwY9OU9hDL8qr88C+0lltg3Zuwjti8SAuW3bg== processed in 94ms
[2026-08-24 08:15:22] [WARN] [cache_layer] Transaction payload payload_hash=CMeSOvre67DksjptCfea8tfPQ4KvHbBsHoeLyVY8HItceqCP9lwX5Y4hyC4psX/ylLr7htRT9nbyYiGOz4p7Ag== processed in 240ms
[2026-08-24 05:46:03] [WARN] [cache_layer] Transaction payload payload_hash=dU+kDnqojAlywa+hz8P0/8ugbEtvvuAMbu4ctZsZXKs/o1u2sUXo817p+cH9cYZhL5vlnwjrQjKLWXrHzPUsxw== processed in 110ms
[2026-08-24 09:27:10] [ERROR] [api_router] Transaction payload payload_hash=hendqbXOtwhYblEePWTwo+HD0NIK09EjIe3ATEnnGaSVdztQvkwnUkx5IKinKv9QWsBMrcu7o5L04/KcX7KKug== processed in 453ms
[2026-08-24 10:57:29] [INFO] [auth_service] Transaction payload payload_hash=alECsQ5Nb9ABP/RbuNleDHXRoOwcbKelM1R8sNeCdJl4smZ2RRpd0eaWs0YbzUQT4M8HuGiJMpbdX295kI1Q4w== processed in 138ms
[2026-08-24 05:03:15] [ERROR] [auth_service] Transaction payload payload_hash=7xrcrkHgy43JM5nNajHfwxceTDYF6btqx5TGsExDw6Ks7wICM62/EE8fgCAbEQIN3EXyzWKqzlytOjC3gWijdg== processed in 36ms
[2026-08-24 09:06:18] [WARN] [auth_service] Transaction payload payload_hash=RKJ7cYPtA0YqgNmGuI0tmFTUNPU496CIP71jew2fl0ByFtEw7w4mBkHzA1VqqGUSWJ/8yakKKD70kgCTWQ8JdA== processed in 423ms
[2026-08-24 06:54:42] [ERROR] [db_pool] Transaction payload payload_hash=shOKD6i8gdPRvMuU/HjbkYypXu4SV/O5BG8N/ARm1h/0leHgk6z9b5tJtkGxyQiJMI9CY1cUbBqr68uwGEkWgA== processed in 282ms
[2026-08-24 04:09:41] [DEBUG] [payment_gateway] Transaction payload payload_hash=iFprEGfVnj8XhdL9ROt8o2J5yomkqmxKZ7ppKFgfu8Dh/E6eoCevwsPc4HXeEpiqZyVxlA+GOUHZmSPndHpwww== processed in 73ms
[2026-08-24 10:37:45] [DEBUG] [auth_service] Transaction payload payload_hash=b5a7KJkUfbkDfM2oplhknw1x+z1nJEzilU2qyXTQqdbb+lylvNO1J7BNdPUjyAOTS0TcGEWlF6BG37TehiaKGQ== processed in 494ms
[2026-08-24 10:46:35] [ERROR] [db_pool] Transaction payload payload_hash=190tRtx3riAMerRqZ+0NaXo0DA5DJt1MgwtUGAIz+ffO9IHoDbyAujBRJGkvN7WybCrCnzzQfmY5WKk45QwzAg== processed in 289ms
[2026-08-24 10:30:19] [DEBUG] [payment_gateway] Transaction payload payload_hash=4Pw9UqVRgdzAX/4h0e+vLQmdM2/lJ/F2eOAVLU0xDn7rkHz0zRSNh1+JbzbR8njbS8BhVHJZCQs7Wns5xIKwHw== processed in 370ms
[2026-08-24 07:08:59] [ERROR] [cache_layer] Transaction payload payload_hash=1o+j2n9zJTkH5WW0fQfhCQkuEfhn6PW9+chiBhdmsXIEC5X+WqylFhvgxtj9s3uzwj6N9Qr3RGPqjeMjBdxYkw== processed in 405ms
[2026-08-24 05:10:32] [ERROR] [payment_gateway] Transaction payload payload_hash=quCx7NZQeuExSHfUIwCL0nuvIKowV5SC45eQGFEGuJc32VVfibmc0Khh3CCNafkn2Jt/I7OT4wgqn96TQqzo9g== processed in 90ms
[2026-08-24 06:46:17] [DEBUG] [db_pool] Transaction payload payload_hash=rPYQQpoBms69jJ9PdaDIFFdwrbnPM2IBQDYqWJDq4jz/d7WcaierT0j7lvuK5Jd0fINt8HsJZL8jz0f8p6dCSg== processed in 187ms
[2026-08-24 11:08:25] [DEBUG] [api_router] Transaction payload payload_hash=Yv4ralCL2f0juiw1XxdOxsIklPxEnHw9ydeZ+8fVSppU/nojsGn7lhGTqlwlGLXfMFZjdk6FQntp3KBy8Ro/hQ== processed in 258ms
[2026-08-24 06:21:30] [DEBUG] [db_pool] Transaction payload payload_hash=/M99NoMTfda4pbaUU4xHXmkCxCxHMgFo8ALxe3KGFKL86Q+YtxuRcHMlzLX1mbM0/bDChzjZLKJ3zBHjlCMiCQ== processed in 299ms
[2026-08-24 02:42:18] [WARN] [db_pool] Transaction payload payload_hash=Ku6Yq3HMWClelpbIA4giJl9oescnxXP+qUKWfJnVaRkmV/VDnGieC3hlSsAGGaxVEepK65eEr73v/4iew0ixjg== processed in 366ms
[2026-08-24 06:11:42] [WARN] [cache_layer] Transaction payload payload_hash=TOBLjX9tjc1o2+FEv2frpM3kjWRzzVTMueOQSlN7qHmvLbrevs1S9042xbp4P3pOY4ZJ8XuTtZ3EabcQH5DD0g== processed in 349ms
[2026-08-24 09:56:29] [DEBUG] [db_pool] Transaction payload payload_hash=53Aqp995vLlYn2vSpRwaucrMwvfyECUwWgInJgVjmDFGM/vSvCz+8OVlbaztts7fgto2TsMAai9cHXeRtVBTLw== processed in 212ms
[2026-08-24 11:12:56] [INFO] [db_pool] Transaction payload payload_hash=EAnVrdm4rN/F3Qg0AH1eT72h3cMhUOF3/5meirXlEhJXVOH0tNiDnZT2sfCn0d5tHYrf57ruP3gUrDaQ9uTtVw== processed in 322ms
[2026-08-24 06:05:57] [INFO] [auth_service] Transaction payload payload_hash=7Ql3ASSX35Fd/B+4nbfvy/2Fg0Wnl2QnwVkRGEwaKDbZG9Cj3mVRYVCrMaC5wRlQMU54CzKqyi85Opz1ZJpkDw== processed in 372ms
[2026-08-24 06:22:04] [ERROR] [auth_service] Transaction payload payload_hash=gFkVu46QMQgBVTlE9nmQgw4/dkPoeJDbxWNbqxIQTZ2TV6DMz8YoEOx8pgfukmp0cDlJeERvDshXGJP22PkW+w== processed in 158ms
[2026-08-24 08:18:36] [INFO] [db_pool] Transaction payload payload_hash=Zb9kLrghXnKHgRwWthfoGknDUYktjS1u6QxzAmCSJe28odM8SFzR4MYaVyxzDXDHXgRCik9+g5yzecXGBjc7KQ== processed in 7ms
[2026-08-24 05:33:08] [INFO] [payment_gateway] Transaction payload payload_hash=pFnB1XxTHOh6QetQok3kjoEeQ3GCAgVtktZeAgpacWtEjm4gr0efWre7oh0jt0IqL99ITFCohe9Y0YanabveZg== processed in 407ms
[2026-08-24 07:57:23] [ERROR] [cache_layer] Transaction payload payload_hash=TwITzKYkdGt4tF2HuG2zGDZlpCJiiIerpW9YMw7IvfSyDua+bKClpomsvaXFbIJYNDWd84AcGprAMH+NSIThrw== processed in 403ms
[2026-08-24 09:52:48] [DEBUG] [db_pool] Transaction payload payload_hash=dPHObT3AEUHoE4RZ9n66WMT0xfTWvIdL2yVm/unCxnrvW54ogMGQFgTUsUShv06+4/xbWeICPVSTKubeq5RE7A== processed in 352ms
[2026-08-24 09:20:20] [ERROR] [api_router] Transaction payload payload_hash=p0gSldQrRU4puw5KDmgbQvNfAosrzlhypQ0giClJcizjif/7p1obGc8/+6gG78oYgyqzheLGB+icjrwbYWTmLA== processed in 24ms
[2026-08-24 03:47:19] [WARN] [api_router] Transaction payload payload_hash=0MBSoc8Za3wBCCyjOs2Vq6c7iC/aVlofEJ0pbIKWoTf5hSjw6Q6AwSCtsbCXZXQexkOrQiXkRDz4AkPXmNE0zg== processed in 158ms
[2026-08-24 03:14:27] [WARN] [db_pool] Transaction payload payload_hash=JS4Vci4DhU1D/l8XV7sCM6vx76RDd8Pdj6rwotDqOw2XCv7T5o+Wfo34b3s05z4IbKP2QeLXC+VjSl4NHzRL9Q== processed in 175ms
[2026-08-24 03:19:32] [ERROR] [db_pool] Transaction payload payload_hash=YvNH3ri5ilRqabRdI23pcRxwlVJBpaSox89m3nrJKrX/rPUe6LwxMtBc35LTo5A+DDrt3M4lRE9QoHIJTffgyA== processed in 283ms
[2026-08-24 09:14:41] [WARN] [api_router] Transaction payload payload_hash=FVFhKecOODNspiDj9GlotgVSnYCj1ShDCDibjfcKW6/8TriJiwYsF25LUmVymk4ijP8qgtnLdomB/zqeTq1SVQ== processed in 24ms
[2026-08-24 06:18:41] [INFO] [payment_gateway] Transaction payload payload_hash=jJ30ekUUDXZlXXFqtytZkwA1tZkpouorhY82n5YIhumaZUYvuAivRJI0LioY7QoPddaFrGnKZYvnYngaE3Z1FA== processed in 126ms
[2026-08-24 06:33:39] [DEBUG] [auth_service] Transaction payload payload_hash=5h2s6xHRlFNxMJh/u+TNNY8nqLETyj5ijuFfgKeAnTi7Ipms4vve9iRoz8p3hR1A/ts+fudVP7epZ/eUyx0HVQ== processed in 117ms
[2026-08-24 09:48:18] [ERROR] [payment_gateway] Transaction payload payload_hash=Jb88FfFGhBA/zNIrhsF2G4/wb1/gVoJwmy1lBEW2bmPnp9EEBj0tNlvg/SuwXUJfmoemvORDVFriyb42/MYIWw== processed in 472ms
[2026-08-24 06:15:00] [WARN] [api_router] Transaction payload payload_hash=d2rd129Gc/zsDmqnuXO7/0KtD6EI99Z90igErhRdIg665CA0YoojySAbXyYZDmN7qVujwz3xFcIi8VL7D/yebA== processed in 402ms
[2026-08-24 07:30:13] [INFO] [auth_service] Transaction payload payload_hash=9kGUQIyc72m0CDWmyqZ+gLq1Z82lI2IYKoKg9LAgS7EwNAMLBOhWMZtTAWaZauasatx9w08yhTrR9sbICWidzQ== processed in 296ms
[2026-08-24 02:42:16] [ERROR] [api_router] Transaction payload payload_hash=oiMe255TolcrTfyQ/zLYBcqsvfuPY6JLbKmF+LqA+z5TwvZ4Utd6YHWZ6OR90Eq5WNVtjai2dh+bmSbvBwJwTw== processed in 19ms
[2026-08-24 06:38:42] [ERROR] [auth_service] Transaction payload payload_hash=UCa10a7WbCq4QmcY/vADSO5gRKQIS+XLb3Vkm0lum1KxEUaD+LxrpkK3fyxEAM+8/X+IalHN5wAqWjStCX3Pcg== processed in 482ms
[2026-08-24 03:21:52] [INFO] [payment_gateway] Transaction payload payload_hash=oqGZX2txW/UKFuCOa29IWPi6MG7f+ePjItUZNsXU6uVJeJcDj3xyxK3VNlG9a9tQj9Ad2VHS2IlnbUkOUqR8iQ== processed in 1ms
[2026-08-24 10:51:11] [INFO] [payment_gateway] Transaction payload payload_hash=s7g8GvEa1a/w9xT/RNfHzHq3s8gzlhdj3Hut6hHlFrN0fft0SR6MuLirUMUo0htRLz9WRKDLxzJ4qNEoPrrXVw== processed in 228ms
[2026-08-24 10:32:44] [WARN] [api_router] Transaction payload payload_hash=uVoqv1oEhD57yQG76UUw4+n/YgXlpfcPG2MV4EE6eFC+nM9CyddsqGae9W9yJ55aGpsCaPCRlgcakhSYR4EkmA== processed in 335ms
[2026-08-24 06:56:56] [WARN] [payment_gateway] Transaction payload payload_hash=MImv0WisXv/PdcbqLkpiR5TKGqXHIDIJ0/S71/MtJMmkXq8r3ECwriZE+eYcUh9ytu2bOBtE3huExV9H5EkAVg== processed in 414ms
[2026-08-24 07:19:17] [WARN] [api_router] Transaction payload payload_hash=PRZQ1O+4sMyXTBk9NCQmNdPQwn2RuVxgFpPH2WyqnHi5/KRiwoGm2VMHX9s+JEHkS8Biw8eFKmUl01FkJjdwkg== processed in 39ms
[2026-08-24 10:37:45] [INFO] [auth_service] Transaction payload payload_hash=1xgm557/cu46g1fHrb/quqpHMbDlWrcDkGSZvvfOOPzPnH52d7EV3GuWUNdf/77LMCScgyxh4Hl7SRVcweD6PQ== processed in 196ms
[2026-08-24 11:10:33] [WARN] [auth_service] Transaction payload payload_hash=UkgyFqAtCGnBJFiUMRpq8WOGnZkc9pFVf0U3i2LtvnIaKRnF1LWj2rA4g//ntJQhim51CXdc6KnjaPMpaNET2Q== processed in 347ms
[2026-08-24 02:19:28] [WARN] [payment_gateway] Transaction payload payload_hash=graVZQwvvF0VZJR1M2FONQ4mhwOgqZ2Xmu/tKvuL+ah33ynzH1z1xIpxWCVv9isBLF3art0fwNWRrbpwXLFwNA== processed in 21ms
[2026-08-24 11:01:50] [DEBUG] [payment_gateway] Transaction payload payload_hash=XGTsxwb+Wg1Ho9sHL4gICuSdg71BBPALD2TqQcfkbqreOk/k1m6L5G8H4ndDtsfF6U182WALGcR4IBC8070piw== processed in 368ms
[2026-08-24 02:21:00] [ERROR] [cache_layer] Transaction payload payload_hash=sjukj53/ptyXkTliqtTtKYu0hk9PbNCPz7nS6nAPtOsx+cju8RKdRNjZaKDsHAM4djG1E9msNXSYMMp0bnqDvQ== processed in 88ms
[2026-08-24 11:11:35] [WARN] [payment_gateway] Transaction payload payload_hash=jFKSMko5BHamLA7RHRixWgnk6K4/bYate53+TDPDrMUlEKTFAL8xy6SEK8XrUOgFaadp1uTI+w/hlU1eYy1yIw== processed in 264ms
[2026-08-24 11:12:34] [WARN] [api_router] Transaction payload payload_hash=2oSNTlPmE5PkNjlW3SYzKateg9YU1LZe87TJGCdKRcrih4JVDJ172lUpWRCJdBrmNoid9H9QCkPBtfm6DczkBA== processed in 406ms
[2026-08-24 09:00:39] [WARN] [auth_service] Transaction payload payload_hash=Dwc/lcEPPMcxq1jhmhcuquaPaaC84lGPDuanSB1cg5Y6JqcRJk/RyHzGizskaL22IW41q43jKKIb+OM82fRKJw== processed in 291ms
[2026-08-24 06:04:05] [WARN] [payment_gateway] Transaction payload payload_hash=GTJ4LB2ZbESY4beR2PebKWfuTUd97JuT11avzqts5hh4ocyPDW5C0mZRxkuy41WlN22EMaxJPVvhS2+0oFqQ4w== processed in 471ms
[2026-08-24 11:15:44] [ERROR] [cache_layer] Transaction payload payload_hash=FtE6V6roGBmIwSzxtzUmWefjIxIANq96dnHmhHGPCEX27Jma7HVyg9UtI1VpaMVEALIOUgAyMf11zZpPgy3KZg== processed in 148ms
[2026-08-24 04:15:46] [ERROR] [auth_service] Transaction payload payload_hash=yX4qWY7Mn0aZGu2gAeGbudtdq8RDcSvhQpcMiTcFk+bDx9DTY05thXjtoMtfU6ZYtSOLqwcEKaUeziqJxlI0nQ== processed in 59ms
[2026-08-24 03:16:00] [ERROR] [payment_gateway] Transaction payload payload_hash=z4nTb3ELqcJojGaiWaw5WHeOFj03K+PMB3kbN+Xo1Ef4FlyNkhMZVkXAJJCH3ufXpX5QPvnP2cBIU/1ddU33Rw== processed in 470ms
[2026-08-24 04:34:20] [DEBUG] [payment_gateway] Transaction payload payload_hash=oYeCVXg4xDDPPnWMQ3itL2+8k6k3vThBCchKpd/ZZw/79Itcq5Rav2khvDvKppZrQ7aHbS1+2sJVMmlOJQRwIA== processed in 38ms
[2026-08-24 03:58:54] [DEBUG] [api_router] Transaction payload payload_hash=evc6T/DKASsbFK+ILVGMh8P1cZALATDSCLpiEXChra3/OFZBnFevTEKA/YQTDar2IcVpR/6+EhNExEO5e5z5vw== processed in 128ms
[2026-08-24 08:10:07] [WARN] [db_pool] Transaction payload payload_hash=IMN4MfXOcZo7UST2po95F0tzyHiNJTt0Jf2oLA2jiGDGCgdUjZXGX/BspCqqtidU8TujgfC+GiWakqy5S+xLkQ== processed in 378ms
[2026-08-24 10:27:55] [WARN] [payment_gateway] Transaction payload payload_hash=I6/MUqZY487pmqizP1xRImoI9FkNJPj7Z9zJ2y4gpzAZtJ0zj0r7q+EIzOP5abSQY7x1Cz0sE/HvZnDFrRbYcg== processed in 154ms
[2026-08-24 08:36:50] [WARN] [db_pool] Transaction payload payload_hash=OQjvPXmvN3sfUKvAKlDQThuhhTXt2us3Z5n6HTlQ3T01X31pOWOZouJVEiD5jcF6HKA9PRgRjZNaF97p9/PAfg== processed in 259ms
[2026-08-24 03:27:01] [DEBUG] [cache_layer] Transaction payload payload_hash=8Paa5orJTUrYHBRg/YdxSYfCE3TgVHmnqEBf4+UyojiQ5PrWGmE1YZzsyicLrfLclz+KZZgQMwix0kLsnLx+CQ== processed in 367ms
[2026-08-24 07:10:11] [INFO] [db_pool] Transaction payload payload_hash=QUqnEw9qkadOSVZ5kL3R/1ZxGLO1NG3dNQNWntvUszQVetn7qKN6InkgmDwGJNUM/FSTyJTIxITBwiQ5dVLliw== processed in 13ms
[2026-08-24 04:41:31] [INFO] [payment_gateway] Transaction payload payload_hash=qjOeguEzW5oGGesYVWpPTi2W2uZihdKrH/NchRp1O5q+t1Icng+UhqTH3UH+zxAGHuSYstvCjdIXkVIlyvv86Q== processed in 201ms
[2026-08-24 11:10:07] [WARN] [api_router] Transaction payload payload_hash=cgVFD+Cfr3nbv0BTBUqZ3xmRs6ujjuXTaRWX+dup43VZAFAqekclENkmRED1RpjpkxLIwWEj0OfLg1ogWC/VxQ== processed in 330ms
[2026-08-24 09:02:36] [WARN] [api_router] Transaction payload payload_hash=ZdDqsgVSCjNcAgQKSyDeEqqVK7i0wiU/rzsVJNkApTY1SNJJ1ewrKp7DOpj11tRYEFXs3OMLwErXP/Cflne8kQ== processed in 335ms
[2026-08-24 03:02:32] [DEBUG] [auth_service] Transaction payload payload_hash=PifsLbS8ygtZYI7Yah9UHJILpJHwRpvVbWeG0IQqRz+JZlAyoxcCl2OHy/4sVr199yXX7Vqj1zMmwvSeFe788A== processed in 478ms
[2026-08-24 03:37:12] [WARN] [payment_gateway] Transaction payload payload_hash=wO3e8VRuFKfTHvXUuGe45BhNX86umOF4R6IhmZodGrn7GIL+7QxsadhA0jyAGrXNA4+WDAl5H1mAJR6vae7/iQ== processed in 346ms
[2026-08-24 02:36:31] [DEBUG] [api_router] Transaction payload payload_hash=XirdAPSa7YirJIp486NB/hk56t8taEvYn5Ys64yN+XQTVbhfCr9ko/d5cV6fUGah2nCVaSLYaLeIwvmmIOVrlw== processed in 370ms
[2026-08-24 03:34:09] [ERROR] [payment_gateway] Transaction payload payload_hash=14Cf99jiTI9U4eMjN8weWnWZrzj5dJlOSBJXguAjDapu7js7DxDKl4Nlph2pKWuhxkJZDK1SBH3pnVCbIHezzw== processed in 402ms
[2026-08-24 07:15:43] [INFO] [db_pool] Transaction payload payload_hash=AwQZOTR6WLxVKTl7N9TglJKo6pCUUlEn4IL7UDfcZkAJRZC30l/2hGekwp6jGxhYJjT7TlF+TyUpJZ5e1wpBXw== processed in 140ms
[2026-08-24 06:41:23] [WARN] [auth_service] Transaction payload payload_hash=mBgNFlvpFn8OsZYwfS0w0+ZYdF8ktAfmx5GI1CparASbGUTbiEplP/gFtcSlBNUCtR5xc51XrGqrcDBieFY+Lw== processed in 457ms
[2026-08-24 10:29:58] [WARN] [auth_service] Transaction payload payload_hash=S1hMFflY1CGZUDk8QJmGDZcKP9dB4TNLS7UqQZCJzz93nNqHDvoInbDEeRkb8ieqopMQ+TqLjBEgdsPjNaWOeg== processed in 255ms
[2026-08-24 02:31:22] [DEBUG] [auth_service] Transaction payload payload_hash=GI9+zfnj9pL1qZctXMZK8vgfkk7vIUnNfMelGvZkgQHtdKrQP5PqziIcuWANQhhPl4vKdVAGeojVP2lbhoMlWQ== processed in 410ms
[2026-08-24 03:09:36] [WARN] [payment_gateway] Transaction payload payload_hash=DmMrudOJz0dLmPu9LL/gTMZrRybM5bovO1jRHV20TZQgUiybmXO/a1TDw4kLMCg2YIBFL+S0jsR+R3XajUZj6g== processed in 422ms
[2026-08-24 10:01:52] [DEBUG] [db_pool] Transaction payload payload_hash=N+m8RQasrwgxTr69J2xi7B48nebeqvh+XdSgAu7oHDIqistqJlLMchl6+yJTFxmVaVyh741wHOSsPMLYF+tuzA== processed in 65ms
[2026-08-24 08:20:17] [DEBUG] [db_pool] Transaction payload payload_hash=B1pJA07P0knF/H1xsEMaYntBDQFjnYuyHJgJQfjzJD0vBUgeNHN0qWakW+pEU7FMVLg0pnoXPei2t+HQCLfWYw== processed in 328ms
[2026-08-24 10:29:02] [WARN] [auth_service] Transaction payload payload_hash=wwNlN8gw5KF2cLB1E7YMm8/MpbKufUoWrkdxPprH6zZzSigtUMB+tuftThGDGLiPFyjqYa19HR0y1S9gA+EEpg== processed in 143ms
[2026-08-24 02:31:35] [ERROR] [cache_layer] Transaction payload payload_hash=DiSx2WFtHAg25Xws6+0VKpkrn59XgmhVf54GqrHTAUtdbOeH4SaZBgpNHb8gxLwAtQVWM0xRh/JqqtxmPKe9kA== processed in 352ms
[2026-08-24 02:38:24] [ERROR] [db_pool] Transaction payload payload_hash=k+p6yJbZA5xS2uZU7I/2Wblt1VJzjdwVgls3tU2SWfQdjq67/nqxsNSTRJM8ZmSE4E+1GNzSStMDHag3iBmKbA== processed in 329ms
[2026-08-24 03:04:35] [ERROR] [payment_gateway] Transaction payload payload_hash=Fevpgz1HdmfaOabzrsmA+8oDL696bW26tzdTInvYaAtlS+QITXD4CML/60jjwCJGEkIPCeswFukfvZrtKK/uSw== processed in 15ms
[2026-08-24 06:02:38] [WARN] [cache_layer] Transaction payload payload_hash=tYaPHejKI2viONhyYnNStmZNl3w9VdSWOSY0w8IYwCjg6+DbzQM8dQE6TziMMgEWvq5BAdXWAwANOc6BQtBRmw== processed in 163ms
[2026-08-24 02:47:03] [INFO] [api_router] Transaction payload payload_hash=68OBtIm31vaAWhpzDcmUTHqNFyROKEF2uCnvB2iUrxSyMfy1Bml1aG6Eq6kd3xihnukOR8yOa8dZ09e+Myc9JQ== processed in 282ms
[2026-08-24 08:40:20] [ERROR] [auth_service] Transaction payload payload_hash=EQz8g5sngWcZ3zoGkPjbXLIiJEzQfxNI0kNwcnver7qLuaKz57oX1+hV7/Z9ea0obrljjePwR+U82kJG/+fKEw== processed in 132ms
[2026-08-24 08:01:49] [DEBUG] [payment_gateway] Transaction payload payload_hash=s8b8Dou4c0huzWrf5wvZe8mfVx0yEgnwEI+TJ0LfbuEbfBfsSdV458UhsEIhoPzeMDxdfkrizLv7vKT3ifZ47Q== processed in 102ms
[2026-08-24 05:56:36] [ERROR] [db_pool] Transaction payload payload_hash=AKOCwuUffFe42JyN41/rv2auYvPScRt2NJ5+UWd9vTQdDdLcvq6rvBbDx7Q957+dY76niRpMWTBJmQex5duB/Q== processed in 128ms
[2026-08-24 04:16:23] [INFO] [payment_gateway] Transaction payload payload_hash=1sEWBdrGEjGFdyowDDrhN9GHH8qVnQx9J7OvC3Au29JT2LWlKE4PXtSXNGFx06OmhDqhlR5pmhBa2qVCcXfShA== processed in 310ms
[2026-08-24 09:50:43] [WARN] [api_router] Transaction payload payload_hash=9Dfgf4ny3ZwOdhXnprIVSrqELLe4yb+st5/EPsp0zVke4WW61vQPAsRhU7Vp/EUbVghrRPCtti7rOkQDoWEbuw== processed in 222ms
[2026-08-24 03:41:11] [WARN] [cache_layer] Transaction payload payload_hash=EaC0TWUGKY8/EmO0TmnXJphms7nhNfuETzahd1PwF5o8d8Ja/FA1+FduW0BGHcgepCD7KftzF27GqUn+/nRUvg== processed in 52ms
[2026-08-24 07:34:26] [WARN] [db_pool] Transaction payload payload_hash=027p5vZ8FTu/YHYYnvbcOJxW6qCiAG3oZWyrask2j1DqRLVURjgn1fFI3cFLKrfLNuRI7oGPnTkcRbOcEQOl0g== processed in 46ms
[2026-08-24 10:37:02] [DEBUG] [db_pool] Transaction payload payload_hash=zq37uGJnUOC7SVRZ5yD2MqdweXXLK4PNUAwUS0wSCQRhfo9juJNeNlcjoOVTtebwTS94OEbO5ZamJhyStwVS5w== processed in 2ms
[2026-08-24 10:55:50] [ERROR] [cache_layer] Transaction payload payload_hash=LNizS7lCZBxt+TtJvkbkOBt5ZuUtRJi2ZO8kMFIaf30xYNw0OmCSVrELr6QyvvSoOFH0bkshAGZo4iPdB+YcYw== processed in 186ms
[2026-08-24 03:26:40] [ERROR] [cache_layer] Transaction payload payload_hash=t58YLhMWpooNfh0KzuJSxRd8BQenM5cu0IavuN2SKhwHRDY6gjkExNjzItqnv9Da1yIyB0ta/ylVBhn4Fz8ODQ== processed in 76ms
[2026-08-24 09:29:04] [INFO] [api_router] Transaction payload payload_hash=lXp9r/wXtPE/CegJI3W0Gei7GQskuxG3336nwlx1QdqaeLTQc4ryiwQogg1IuquFf7CMojItWD+VlJaWF16m8Q== processed in 265ms
[2026-08-24 10:19:10] [DEBUG] [db_pool] Transaction payload payload_hash=8PhADsflzaKz8rweMYpl1rrAyR63WerNm3RgufzzbhIqcXIJ+FB3FgJ9pdQpxw31BElgA1Quhm1wu3uljqKCig== processed in 126ms
[2026-08-24 09:16:10] [INFO] [db_pool] Transaction payload payload_hash=gYTjOtUWkOGi6fgFojMxUTpqA2woaWsxz16sNTpxhFz/v2FWk5bidTtBtkw/suOwf2ab97GbHjtcNuL3ncH4cQ== processed in 205ms
[2026-08-24 10:38:12] [DEBUG] [db_pool] Transaction payload payload_hash=zoH89np1PcekvnxxCXX1mlcRI7OhGiO3OYuX1lnOR8BMisWL/YDPcJVwLdoM7SXqdDMfCoVD/HKhOaZxQJe+Qw== processed in 304ms
[2026-08-24 11:21:33] [INFO] [auth_service] Transaction payload payload_hash=dvJZ9BIqtiMEzhRX1TIKiWJ9XOt1C/plJAhzzYkd6jvm8pVyqi2OHBXDAr4VNqWoqW1FvHhpm9ioSc5xyHw94w== processed in 269ms
[2026-08-24 06:49:57] [ERROR] [api_router] Transaction payload payload_hash=ff9Fi3RcFOlBHasNZQXiAciefulGBQxdX5Kb8XCho2VUUtN4j4QzwCOvN1e+DnFh1UUNGX2IhV4gWE6ZUHisxQ== processed in 456ms
[2026-08-24 06:50:20] [INFO] [cache_layer] Transaction payload payload_hash=mF9IT7j2OIjgQPd3MqPLOCpTRYFF9dEe/EOHJgf2TPYZ2jlc/+QmbF0VGXXyCoimfn+HVk+SfP9rFhPVtEJacA== processed in 488ms
[2026-08-24 07:32:30] [WARN] [cache_layer] Transaction payload payload_hash=YzvEAwTtTSIyAMRHIfncTI5hbJcofClLl4aRplNVvCOok9I4LASxqhDqc9O+c6R2uJN86jR9dpXk1XddrqRIPA== processed in 2ms
[2026-08-24 08:00:06] [INFO] [api_router] Transaction payload payload_hash=J3jRrJDDGhRpxFAsPrfTmvOk0PzVVlIo/rrHmKBX6BIPrMfmhG60QLppECx6IRyoOzcwikyKwRar2OyKgHu83A== processed in 297ms
[2026-08-24 06:57:20] [ERROR] [api_router] Transaction payload payload_hash=wJfvpleRupFBZqlfGV0uu3ynZnpHbhL05EpzjwNjoCkYe6wImTJRxK3rJplaRJbd6VMT9P3vpPe5irNjbL1rsQ== processed in 469ms
[2026-08-24 03:38:50] [ERROR] [auth_service] Transaction payload payload_hash=QcH3mK+qxuKeiozHmS0nPwymqOX3XkTTN7WjFtUfHwZ8mw5R63+pQtIHpDOOvZMH01SU53Ufpjc6dxcCgG7LrQ== processed in 445ms
[2026-08-24 03:26:04] [ERROR] [payment_gateway] Transaction payload payload_hash=uKl0xCLkPqJMCv2jUO5NXnPdiMCOA4FKknr5eltJwF5VVR/FuqVYuftxMpXrGoJWj64rPU3BoopxHP1EL6uHFw== processed in 329ms
[2026-08-24 05:03:42] [WARN] [db_pool] Transaction payload payload_hash=q2tIm7O7HapB5UZb56eP9Lkb2GQIchaB3cRXJlLlt9C96mM4/8qwVe/x/90V0bKU6j0yfUBzImpGuPhXbkToLA== processed in 214ms
[2026-08-24 03:23:25] [ERROR] [auth_service] Transaction payload payload_hash=pva6nx5mN9K9j8EgnDEK7gPELHwd/CLQnac8dklP76pV+v+Lze8Hr3OsryQIV2tlNASX8cmQ/VJ+o1bgdkhC4A== processed in 337ms
[2026-08-24 09:41:33] [WARN] [auth_service] Transaction payload payload_hash=2pEOT8RHpogw73Vvz6TezlMQ+nCSLtobjmUjKdebGWiR3NV8vO21uAFssO/4DVid+5RdbkDF8hx/R/lFJPsfvw== processed in 54ms
[2026-08-24 06:53:32] [ERROR] [payment_gateway] Transaction payload payload_hash=nTtAlltvoTE4XX2XkzpH03bK6ARASCElzNB8AGf6UN8E+ePxv78qWWBpT/nz8SvFwSK+lFrE+B5WsfqcVHjqvw== processed in 359ms
[2026-08-24 03:04:16] [INFO] [db_pool] Transaction payload payload_hash=uw4qYKQcr0Zwp+LukJnXe7iHr1Z6cvInhKYt9AfdJ/PnCx08W3p/tuYGqlS0jw5QcIoqcYFrc4/hm162xPLIOg== processed in 435ms
[2026-08-24 10:38:53] [DEBUG] [payment_gateway] Transaction payload payload_hash=5L54tA8SDW8KCb0q+WsrV6DJVN1HZXZ9+VZOgy+qopguHDDDiVGoJufaQel3nQlRLor54IZTqF2my3ezGRHw7Q== processed in 131ms
[2026-08-24 04:14:27] [DEBUG] [db_pool] Transaction payload payload_hash=cDnK2I7hYawd23RBcwxpf4EW+cMjY6i4i2ENTbeYss1XIPtTjNKvFZqQRa+siG6DCGWs4i+APNNR04sDim7jJg== processed in 319ms
[2026-08-24 04:43:24] [WARN] [cache_layer] Transaction payload payload_hash=aGhgzaeDEZlmQKw9CujkzfEpIULup/LcsS5R1zaP/KRL0AE4zS9dRsCV1veD/yzJtgr+VNvhBMSo8T+MPJ4FWQ== processed in 211ms
[2026-08-24 10:50:52] [ERROR] [db_pool] Transaction payload payload_hash=oOzNRbhaov+k911ODMlfcAcsYMmsw51v1Ai69V28mJ2+fiqWu0qP0M7NhQ2jtDjA81Z1E1AGmIUYXLkeZc669w== processed in 432ms
[2026-08-24 05:45:51] [INFO] [payment_gateway] Transaction payload payload_hash=brDivre8LXqOfhgl7kd9rm3rTdNuTsy75F+1wUzgYzEnjs+7VSz4tJaq1kQgnNhhfhFOnA4NQsi5Dxbu2quvaQ== processed in 437ms
[2026-08-24 06:52:14] [INFO] [db_pool] Transaction payload payload_hash=8awIo0Y78OpQBo0AflRhhoL8CUrcWUDRKTZsqt4rFU0vBM8ltgxraMBYXN97UII5vKYcLTO7tF80QI36Kkkl0A== processed in 374ms
[2026-08-24 09:14:47] [WARN] [cache_layer] Transaction payload payload_hash=I51S5gUkyxYT7mxuMwywU2lHgBXSMCBjoDewOMeQaz7jcqZWvOuHUfrMWRJLyIxY1cVidblWQygaykTpCUbxfQ== processed in 215ms
[2026-08-24 04:36:02] [ERROR] [payment_gateway] Transaction payload payload_hash=+BW88LNidUAD1ZZ9lzQLdtTnEHUZCTvmoSD0OKTeH5oaw9Zo7oNZ87JAZHI0L4IIgSmVkVLgC13y3udYr6t+Ag== processed in 256ms
[2026-08-24 07:46:05] [INFO] [db_pool] Transaction payload payload_hash=O4k8G91smHD33wBkFXl3inUVuNS65TUjgV6Lsgv4LZivZjPr7JQhOq99Ky3k2mEN7RNKY2KPr9/+7ni4opgYBg== processed in 494ms
[2026-08-24 05:34:23] [INFO] [api_router] Transaction payload payload_hash=OQ9AtdcYOkr/yKv7pwXyoy+PgS0br1XzZiuq7mSwhsEoQaNzaEpT3c3TJbbDrdiLiDIIyGz+oHheXewhvIq0bg== processed in 7ms
[2026-08-24 07:54:00] [INFO] [api_router] Transaction payload payload_hash=jOjddzxrjUfpM8NaM1hqYik54d0lyHnfBarmxfsoIx9CMiW4rEmm1Gtq+S2nlPgTsEpRCg3I4TnGxYKT6hK0VQ== processed in 215ms
[2026-08-24 03:29:34] [DEBUG] [db_pool] Transaction payload payload_hash=K3bQFzZs7M9/nMYSRIlWOYVLXHjrrh3H59c7WA4ZAHbeeL+q52yarsiUjqYO/IQgb4qS9QjmekzQdcP2H9NXwg== processed in 156ms
[2026-08-24 04:23:23] [ERROR] [cache_layer] Transaction payload payload_hash=t2qoSaszoVdKebHXHMz+D25e7QehNz744BmcSsraFgANtzu0n3Ld/Xef44t2qicvvU1MyzKxfJogZspLcpH16Q== processed in 114ms
[2026-08-24 05:44:22] [DEBUG] [cache_layer] Transaction payload payload_hash=Y/AVNFZ22qMba590171UURuF/X6eIpfv/m0sd8lI/WP5eB6NprdnKJZD2T9MywDf56i2sXJ5WsHG6F9/0Dq2ew== processed in 346ms
[2026-08-24 09:11:36] [DEBUG] [db_pool] Transaction payload payload_hash=ayEGQJ9AXbHMFA6Acrn3bAEhltmqs23XY6gQmQ/ri8vWyEDGtePiXvW3pHzpzyXQ4YyGxTMUShO38i4OLF2zWg== processed in 6ms
[2026-08-24 07:58:25] [WARN] [payment_gateway] Transaction payload payload_hash=hdGuODZDl1JGqHh1c+js39BChWZsDOACudWh9bsoa4kzZN2bp3gm6GvKk5dptM5CW8HSDLfLVes1rXbsYpHMqA== processed in 472ms
[2026-08-24 06:12:25] [WARN] [db_pool] Transaction payload payload_hash=IX7oN5bIQa5/nE1KvdxNi3KKZGr2xRj/9pEpw5zjZyJYRh2cFdzqHm/R0CG2FHulkACaneJe9LgLGkVTSYbyKg== processed in 469ms
[2026-08-24 06:22:11] [ERROR] [api_router] Transaction payload payload_hash=ml0Zsv6Lb0to+b82d2RElmG+RtFhHC16+lxkyvoyIJOtzATF1zGefZsObQMkKFvvsFA4WwXti/eMiGupMavFrg== processed in 299ms
[2026-08-24 05:48:59] [INFO] [auth_service] Transaction payload payload_hash=ZQmq7pacGmj/mrafSlYyIO30b3sQ+rMsKJ7/8ioFr7+xVS7n6EyieB20zpJ2/HFf/2XVPUKa7Q6DfMli8ebhqA== processed in 320ms
[2026-08-24 08:56:36] [INFO] [payment_gateway] Transaction payload payload_hash=XeUaUWtmE36fqgZZfNg8XS+c5j8JYYI5yBJ8oI0zLHCBh38KUWPrXgYA32KzhvBOhupUJ54sw5bUm5j0lySaCQ== processed in 351ms
[2026-08-24 04:03:12] [INFO] [auth_service] Transaction payload payload_hash=F0Gk38biMf/ytyofdY6rEB6woxMuDBhNZ0BA8DmIOqC2iee1sdcCLzAyqAWC/dRJnnUdBcoWI20fVJxiTNDnnQ== processed in 387ms
[2026-08-24 02:36:25] [WARN] [cache_layer] Transaction payload payload_hash=JdI7yV+5AYdTQp1cDZwLpaz/som7G5gbwjn9/TrA1eZqKlSSaWTAMUmVPo3oKD660t7SPnKFhekssNdAQ2cRhg== processed in 95ms
[2026-08-24 10:58:23] [ERROR] [cache_layer] Transaction payload payload_hash=k7f6EK3AsDS/Pi8olnsE1rLAwkwNWUnkuNw+iR6jU/2jBlboBZhGaHc3TV/6ZVvoZczuA2g7/zHIhqZpxvHhNA== processed in 103ms
[2026-08-24 05:47:52] [INFO] [auth_service] Transaction payload payload_hash=yAQ8FWTLDO0nJM5K/BVEE+RzKJn55TsIseHghcHuJksBLX89po1SLONUiyHuqCMf8pXra455owIGqX/tX8m6Pw== processed in 348ms
[2026-08-24 02:39:00] [INFO] [cache_layer] Transaction payload payload_hash=iE3JgTf5pnhAwIVVG3UtUElgjKSBDwLLYUiVWF9fIb7Iye2smCq5Q7yeiplNXI2Y467wqiA56nzL8n5ik1l1SQ== processed in 315ms
[2026-08-24 06:52:12] [ERROR] [auth_service] Transaction payload payload_hash=/rafUfPgyWTKy04IvGToaSMeeIQw1NfHfgp77QW3HaP6HbvEWTde5lEP7B+bViK3rUvByfmpYTGAKby1NdCsJQ== processed in 49ms
[2026-08-24 06:22:33] [DEBUG] [api_router] Transaction payload payload_hash=DRLzUMHf5hfLSgUduEQPjCqbVfLy/yPizv3WHSloNZgsPVUTqmek6g9A4VnBN6xHqT8xpOQ1jLYxrMgCt0reag== processed in 287ms
[2026-08-24 09:03:47] [INFO] [payment_gateway] Transaction payload payload_hash=/rZ4+ZFOQplGhNcb6zVnkEirfAe9AhNR9cyrmuIibfK8YgCEkIRqh9TYy7fLYNj3Vx3pzAuidODdN7uxanHTag== processed in 196ms
[2026-08-24 07:50:43] [ERROR] [cache_layer] Transaction payload payload_hash=FcgdDcoJOPdscZluBIK1z/ERefYm7QTyI+hi7OruKQW6jgEXWrxhPBW/NDyCZhIAo8mgUuKXFrQUqMgIgTG2LQ== processed in 324ms
[2026-08-24 06:40:00] [DEBUG] [db_pool] Transaction payload payload_hash=sOYqSVCN+q0SKWiXShPqAbuSKTFn5Ab0jTMSUdiO2wJQza7Vr0h38oWUD5sElUI9skwOu8yKVqJ0MYUmfcIkHg== processed in 109ms
[2026-08-24 03:06:24] [ERROR] [auth_service] Transaction payload payload_hash=uwKLIGEK7eD4k3etmFuKf3nfQZfKgB+9PXxgu8injJGCZFWxPhVeu7QwpPn0n4mc2swhtZnHs1PyerY3GPN9IQ== processed in 75ms
[2026-08-24 04:24:59] [ERROR] [cache_layer] Transaction payload payload_hash=Qjs88z1WXJY4vaoY3VRPrB/EML6v0Vas/M70lSuxfxBiHB3OhxcfsbuQWOZqv9jbV0Qv6sYDJNR6pcqMGwBuVw== processed in 259ms
[2026-08-24 09:30:01] [DEBUG] [payment_gateway] Transaction payload payload_hash=fLkS4x3Y+8Lgyy+NgNvXiHf7usItJ7XRi4oKRUU/LEC0sKfnRMWAXFCjCdN1+NWAeYQfGhO4aS21chmXUV6Yow== processed in 401ms
[2026-08-24 08:54:58] [ERROR] [auth_service] Transaction payload payload_hash=npcmSxkBVZY1G0RYFIV0INJiP18S7vGNbx/qw5jH96gCERGr5cSk1V1/uNoFMilXLzqCMQ/KkPWr13enS3sanA== processed in 280ms
[2026-08-24 03:18:27] [ERROR] [db_pool] Transaction payload payload_hash=4iXgBOkETQ7DlGybl8GVqm8aFneqw/wp3pMIxkOzpcQeeYm/SILmY9b90T0efRzPqm/FeIFORBdBDsYAd9tpfA== processed in 17ms
[2026-08-24 04:35:20] [ERROR] [auth_service] Transaction payload payload_hash=hQfRGAgCRUgQ7HM5j+LaW4t5pqaeEkVOfCHm8hhTWdjWKt3+2hNpr7qh+c30BoTGpES+uGbj/rdgGZrMSrkrMg== processed in 337ms
[2026-08-24 06:00:21] [WARN] [db_pool] Transaction payload payload_hash=5qREVFt+axvodpbRe5Ez6FLWaep5Cz0YjJjV0YHPGYPt7puaj+GyJw1+ynkm8KNOsphmOSh0rZBicbw4skH3iA== processed in 16ms
[2026-08-24 09:57:30] [WARN] [api_router] Transaction payload payload_hash=zW0usXsrVwa0HhIZa4osp3YV6AmmK94uGMMx6GfqvJz8WImUIedk4Juer0u5n582lPm8lvjvzQlqL6kN1Ad4tg== processed in 107ms
[2026-08-24 05:55:30] [INFO] [payment_gateway] Transaction payload payload_hash=3Y1pyT/8yprw/socVMQ4//4jonpGUS2wRQEKP4YeRdcF68LzEouhMd3sY3bbfw7I2HJnti0o/CISoY4hK1lJgg== processed in 382ms
[2026-08-24 09:17:09] [INFO] [api_router] Transaction payload payload_hash=TMWe8exxOyE2oKQI47mRdf3S08+jMYVG8ynXNNf2CVJY4kKlBM5Yzc/u/lXYqSYVD/nNqxltHYz18DRnADA8gw== processed in 211ms
[2026-08-24 08:43:08] [WARN] [payment_gateway] Transaction payload payload_hash=mJwPpfQTE7LxoGbAPmH1H8aAdYFHJTiZRNYCWCOn9Is6kfIAZkNNNQFfWz+ik5wIjX4uPI+H5PGkM6DRI7uscA== processed in 334ms
[2026-08-24 02:24:33] [WARN] [cache_layer] Transaction payload payload_hash=4y3wxs6tnpWt4OielkZaZTCksF2SKUiDf5WB4xvAkQh3+gn1IMiJVfpDiX+mlQI241gyIyC7RofeCW75gRES6w== processed in 246ms
[2026-08-24 02:36:59] [INFO] [auth_service] Transaction payload payload_hash=3wDahLug+QfQ6vXoiN0C8dKUAHaIw6c72LJSLM7jS5BoZ8bxatviClJ4M993g4BU4vA3EXM/KY4HEDJcnaPm3g== processed in 406ms
[2026-08-24 08:33:26] [ERROR] [payment_gateway] Transaction payload payload_hash=8ZpcifrGTo823dqn9zJ4hC3mR1derk0PzREuqoRXGZ2ibv5OjYbBrOscOcHJ96Iy6F6lLtZvgYmV1q371EXRfA== processed in 155ms
[2026-08-24 06:18:45] [INFO] [api_router] Transaction payload payload_hash=7Y6cUW2mO7ypK5eBE8km/V65s6EiEwZBmwqvp548h+SHdQ5YRIBVJ+6ugojrbLZLa7zMmariv9JA741u9bGGDA== processed in 278ms
[2026-08-24 03:00:02] [INFO] [cache_layer] Transaction payload payload_hash=EAifpiqdweM7FryAfUrV5dX/5Q1sOclRRUkcG+Txpfo9cHU1ff5KgRRSqBPSa2Ehnp9fGXo9ok1uuWg+TAa6+Q== processed in 70ms
[2026-08-24 06:01:45] [ERROR] [cache_layer] Transaction payload payload_hash=2t2NBnsH7LgxJmDY20QXYwyWO82N6CsfTNTwc9/DizDOppT+o9v0aknT8ugK2iAbqikozsQTq5S/Yw0tTXmlbg== processed in 267ms
[2026-08-24 09:00:18] [INFO] [auth_service] Transaction payload payload_hash=LGZzGDKLIBLI8G+kZVpe8CglOh2HARUUjLK/JAMJFmkCNajLFj+2QUB0R1w4Lwbw/fh+ktuzoAhZ05pZPAPOEA== processed in 105ms
[2026-08-24 05:44:18] [DEBUG] [payment_gateway] Transaction payload payload_hash=CJjkWvoEOmdcpG7zIG3rT8G+pmSNHYkL6ftJUf7KeO8ZGjiDUQqMAZUDGmgrlenunNJ9Nb/UyJw7UU8X+q3xxA== processed in 31ms
[2026-08-24 10:55:18] [ERROR] [payment_gateway] Transaction payload payload_hash=BnqvM4Qq7nysG3ImPSN+mnrtb4efRrywqTpywHLFREiivTRfuGyN6sDP3skfJsjg+8cAfkSXaiJITXlUUePeXw== processed in 64ms
[2026-08-24 11:00:32] [INFO] [api_router] Transaction payload payload_hash=+3JyESVG5WUkocfxpugfgI5gG/cINHe+lTKa5DeUILBbePFJU1cmWfD8FDrxovPGPLDcVT8RfPGlHb+Rqib4Zw== processed in 127ms
[2026-08-24 02:27:07] [WARN] [auth_service] Transaction payload payload_hash=ghl5hgJzYNZqUV5oB04Frv1f7Kd50Ul27bmIBvH4HAjPigeBv176hSshLuX1XZxyhAJ8bAhGLMNu4P3h1kbYiQ== processed in 499ms
[2026-08-24 09:56:16] [WARN] [payment_gateway] Transaction payload payload_hash=gx1gxaSAeH4Y31+i8qNA6GfxuXZjV8Kp7DiVq3cQRZmnElFsHvbg+HVwVIAZBhsmATmX/ACVSo+S7XcIHJ4f/Q== processed in 298ms
[2026-08-24 09:21:03] [ERROR] [api_router] Transaction payload payload_hash=0JbZVJssHkV5IVpTXExFGcZL5y6KSPAO/dcoTfwTTFv2alKp9YlwNkspxpCGsnFw2XrW1EnXPGGD60b70CHACw== processed in 115ms
[2026-08-24 10:42:50] [INFO] [auth_service] Transaction payload payload_hash=oLahcTPwZCkyhcKQ9N3AhqegiMdcAAEgol8jPlDUbY/r60idKfDVQaqheSGm8pRl2BKs5PS9t4hROjROVYA51g== processed in 331ms
[2026-08-24 06:24:21] [ERROR] [cache_layer] Transaction payload payload_hash=jxG738SKdON1534LDaPTifnPdP6+WaMk4wi85avV/k2GSwJXH91gtX4bcFBBWqHqA1J7MCK5UuUNjbMNebNIyQ== processed in 4ms
[2026-08-24 05:50:51] [ERROR] [cache_layer] Transaction payload payload_hash=uVGeRbZVFMhcZDNSwgg5E+P+jd0iZByjyiCogC288XyOSafeDsBGboN7Fu6PBiaIuCes/07vYQ8SNgT4eQalVQ== processed in 287ms
[2026-08-24 03:22:53] [ERROR] [db_pool] Transaction payload payload_hash=hEwaf8iXBgXOgw6CPpJg1eagZV6een97Usno0U5tqHxRVHbkuIABxyZ/Q5o8NvRBAV29JMAQYMhrd9BIdKl70A== processed in 339ms
[2026-08-24 07:55:22] [INFO] [db_pool] Transaction payload payload_hash=/dgu5wQqRnimlXACzFraxQdwbfbMpQ+stSuBPNJ31k0lo1TBTXhpsY9Ubc3/38hBiTukJjqRvMO5ofNcwN+1Hw== processed in 364ms
[2026-08-24 03:29:06] [DEBUG] [payment_gateway] Transaction payload payload_hash=tjScbx6SZdNpgXKppcYA4Wz25MCCWQ7K9tLbXkx2MrO9qvY9uUGjvxz17dTIGJ3PT8hdJourLTC4nS60+xoMMA== processed in 199ms
[2026-08-24 11:12:56] [WARN] [cache_layer] Transaction payload payload_hash=PV1weHKcmfud7El9HcGOVd61nGgFTNg75twQFl06mS/DdBz4gbgUSW4qTMIrBmjfT1cFlR+lIAgvOUCGHTM1LQ== processed in 276ms
[2026-08-24 04:32:08] [WARN] [auth_service] Transaction payload payload_hash=vBZn7MfjJiAOUgw/mZ8qom/HeTkd2Ba2kNAHPqRxGMvsKz16i9QjjReP27uBLBMVi68BjUaJMThzL2sX1pS6UQ== processed in 475ms
[2026-08-24 03:33:33] [INFO] [db_pool] Transaction payload payload_hash=nXo+EPHttzbNIyYMOFGXiE9DdD/9YykDXNtwN3lDRy7MnEmiSt2ZCg+U+uSF5WJg7nijlM0lQUTI7taflolDhA== processed in 493ms
[2026-08-24 04:57:57] [ERROR] [payment_gateway] Transaction payload payload_hash=9fBYq9v1UFTv1bhcqljHGWUW9wYjOudsf9zG/ksk85kJLAVTSnpHN5JfybWJ4Wo+rutMvq0sCdhFMwwBHYcMUQ== processed in 115ms
[2026-08-24 11:11:45] [DEBUG] [cache_layer] Transaction payload payload_hash=RXqKMs+qe8WX19adPY3TxDFfvElqMigpXiHKk+FzvxhxJHbgdteC/ok0mOFiUEwEWDC2UUMYV7RJkc52/2aZ1Q== processed in 318ms
[2026-08-24 04:38:03] [DEBUG] [payment_gateway] Transaction payload payload_hash=RR0uvFjd+iKa/1Zxji1ufjsq2JpsRJA33StX323FXD+nu/JM89a2xsNzJX8hPdi589VKj6M3AfrmsYE+sOph5A== processed in 224ms
[2026-08-24 07:55:48] [ERROR] [cache_layer] Transaction payload payload_hash=FbtHPJul/RPFNRazq2hSQNxD5EwRf0vfkxGq7LTte9xoJmeqSdSz7hUBOhH/ymHU5HURufJfrEPFh8Dlts6aTg== processed in 457ms
[2026-08-24 08:21:36] [DEBUG] [payment_gateway] Transaction payload payload_hash=oz5YQaXeCiUX53aHKX13CpejQpdqpE/WqI+/WoTE7h7C4jKvce1EHsEOVvoD7lzGT4qAgqvGEKqHKr8w6p7Tng== processed in 196ms
[2026-08-24 08:38:36] [WARN] [auth_service] Transaction payload payload_hash=KPUd4tpYrBbAhTzg3wxPfqPxszbr9Z0RGxLfZGqfm5GRZ8NL54nNk+adqEakWpyYKNklIiu0ZVYQTC7P1L9wtw== processed in 267ms
[2026-08-24 04:42:42] [INFO] [cache_layer] Transaction payload payload_hash=0RsgF8ycQBP7m7QNCneC1NJgc3qEEoNB2VAHnyo2zkIeressbkVWj1wftZPaCV3H/cgwXTTFofWsMFdBI0UMlQ== processed in 387ms
[2026-08-24 09:30:35] [WARN] [auth_service] Transaction payload payload_hash=uC2gZmg1ed3k9TTQQ798IozbxfbPWCSwG5xmXuWx6gdiupVgnHFCW33WIVbExsnB/UM3AcOsNCYSYoHBGCnshw== processed in 489ms
[2026-08-24 08:17:35] [ERROR] [db_pool] Transaction payload payload_hash=sRyW9ogzLGhn7XcgG4l7VutFi1wD6b5b3KEWyMz1sqQcW83AAI9e30kT3/ZnES5YujZID0E/bJccwIcP5yXsSw== processed in 460ms
[2026-08-24 06:03:28] [WARN] [auth_service] Transaction payload payload_hash=XCZjAU3zGvPsPlzcymN9gmcT02jFauOOyoOuCEQYeR7kYhhqCJ9qlwlTwBysywGVyxu01tGxcTl7Jp5nYtVpkg== processed in 39ms
[2026-08-24 10:08:31] [WARN] [auth_service] Transaction payload payload_hash=fLXoKfczaj7F7B5cjgobQcM3/ru1hrJ1PTjW8wH9Yn7K6GhIZ9HkBVDbEy3Cf5zTCmiltglyAAGdXltCDmGH/g== processed in 261ms
[2026-08-24 07:06:17] [ERROR] [payment_gateway] Transaction payload payload_hash=C8+oh89rpIfyFF6G9S830wk63EzV2zJzgKjv+ftMM+YPPBbIy0aAyvn9paiOjlV8xttT72MdUWVyMjrPcylIZw== processed in 407ms
[2026-08-24 08:37:04] [WARN] [payment_gateway] Transaction payload payload_hash=iccuDVtNUz14nay32ec32Gtyxfo1gnBVv8C6+B7MqB57gi2YgZ0VouJqAuIwuZxNOJ2OG3myeWQQKmdyKuXpJQ== processed in 480ms
[2026-08-24 07:07:50] [INFO] [db_pool] Transaction payload payload_hash=PrqLD2fauhW0xVqvtx1BhLKk2Ti3/b3wjHR0SgGn/lqKzTrrv4M1YdfC7Ubv20EcFKGSaYUSh84OMAcQqIhQCA== processed in 311ms
[2026-08-24 03:13:20] [ERROR] [db_pool] Transaction payload payload_hash=CE13Uyd3toRlZHIw6LCHBcOc14G6+fgb526qFLl7pemgiGcBcZhn40U+h0uFIS/2OeLReOQhuTx53gA4nfhDjg== processed in 139ms
[2026-08-24 10:07:55] [DEBUG] [payment_gateway] Transaction payload payload_hash=gEVFWuTMNZiktce64Ujc1QD1Y2sI0iERFtrV+0/v3Hnv9jGY9A7K3kgWw7rCembgxROoGosXw8CbxVM6oqQrMQ== processed in 127ms
[2026-08-24 09:29:17] [WARN] [cache_layer] Transaction payload payload_hash=cItUvlglbuXalhPe+m963uu4lNysx9ymY0OCBIW7KoNVoHrKRwACrIL1MKmuBvR+H+EvraMriRVfTwxCnJ/fqw== processed in 406ms
[2026-08-24 03:44:42] [INFO] [payment_gateway] Transaction payload payload_hash=JkRpJuTMPl1XBTKMweq0KQYNTXK4g1zXgx6VD3/4/dll7y5NjOw4suDFG8INSdXhjISDaNhjoPr7TZyZRFRHBg== processed in 482ms
[2026-08-24 08:14:45] [ERROR] [auth_service] Transaction payload payload_hash=VUQTxsMzSXJc9yV53wh2gE0RS7widIeRvQgEW/5O+O1r1WmvXqxSIvyZH0SKFTQ0qjpIfQi4t+AvaxxOBj+Bhg== processed in 122ms
[2026-08-24 02:38:10] [DEBUG] [db_pool] Transaction payload payload_hash=IKi4OVOMN61k0FrTtA6PsCimrChXEqpvk+0aIdS7lI5SeDqIOYjmJFd0C5YCGUC/+hkNEs547H+Gt8d4xFvfsQ== processed in 326ms
[2026-08-24 02:51:36] [DEBUG] [cache_layer] Transaction payload payload_hash=eAomRs6PZA/UjE1/3RAWJ+EPr4h5MpC6TxGahLrGerOg4c+lyyiyDeBU3VtJWPbvFhc5wP1oroWCPqGdqj98lg== processed in 291ms
[2026-08-24 02:50:59] [DEBUG] [cache_layer] Transaction payload payload_hash=zYgCulxRl6Cmc7SioQcpHJCQQEVvwBn/M97rlC4aZYSQnoO8MghxUl0zlt8U3mnJzSgpl3qs+oNOViuWCPjEGw== processed in 350ms
[2026-08-24 11:06:58] [INFO] [db_pool] Transaction payload payload_hash=jFUvVxft/ON9afw9zqXbhaakfyuOIApjZ+fWKkO+Ye2vWsMCVq3IQlJlW812klD2GPoG5QAJ1xH7ddqXQ23bqg== processed in 157ms
[2026-08-24 09:42:44] [INFO] [auth_service] Transaction payload payload_hash=SGKd3znAG96mFlFAmV94EQAdA9iN7lQv7/R/vpJqliCKTxlN8qY/CPYWgbjPG6++hcf50rlfvVprqrLwPQsWaQ== processed in 84ms
[2026-08-24 04:41:23] [ERROR] [auth_service] Transaction payload payload_hash=OyOcnfYx+fFDkVMFrNq1Yl9JOQOjVsht+4U/iek6IgMBv5IawL6tVig0L1Ubp0PagClvRTT/yC62XzUqd76qSQ== processed in 93ms
[2026-08-24 04:52:33] [INFO] [api_router] Transaction payload payload_hash=BAaFmuwyJAfQoEU1QtqGfYI/C7gMFCzuL2CHyXcTr/m/4wXHRgMY0qs1OOMztAZOb7kzijVIQOF39htZd63pHA== processed in 424ms
[2026-08-24 04:16:29] [DEBUG] [auth_service] Transaction payload payload_hash=DzzK5fODXanvo5mTOG+U5PqkeQjiGdzyXLWUp9AQ4a5yooFomWWdcP0KgSAAKM0Jebb8gypZPI6IUsHf2xDuKQ== processed in 274ms
[2026-08-24 05:14:14] [INFO] [auth_service] Transaction payload payload_hash=gN/K8XBdKDE2fT5cvtXEHJb7qGHtliAiPaDfK1bKU3VmEWjprIEOkfhP2G9N2QHpvWO9tG+rr23LSI8IW5kvrg== processed in 258ms
[2026-08-24 03:14:00] [INFO] [auth_service] Transaction payload payload_hash=R4vrRJFrntrCoDu73OivGZMp0RpqEaA6MTt619+49FrqaCc2oJDGUIgha6KRqRJ1Dbo9AYRDcUSEFqHCcyze1Q== processed in 257ms
[2026-08-24 03:27:52] [ERROR] [cache_layer] Transaction payload payload_hash=oW12DqTYaZfk4BYZ6RX0+LFDMaI0G7HWDpU0IzWVfrtyAUe9zObuS75/Nq5u8d9bJ65Ls1bawSbGxlTQvBNxAg== processed in 421ms
[2026-08-24 06:09:12] [ERROR] [api_router] Transaction payload payload_hash=RqJFoaU7Sb/iHpxwfDa82p/aqS/diyGCN3pDoaJ0Rt+2n7+K8Uf++8wGOl8eT2z8wCJtlPHMbeDXrbz5oZrmew== processed in 78ms
[2026-08-24 02:28:33] [INFO] [payment_gateway] Transaction payload payload_hash=VLwVhzKIUaq5qJeGzWkidNFSeq5EDEc3Oao3UJr6kY2yrtV72eGDta/dDd/q47a1Wt7EE++r5vECt008dqyaog== processed in 224ms
[2026-08-24 03:55:56] [WARN] [payment_gateway] Transaction payload payload_hash=enkc1vpUgJa9W83WCvmGa0clibrwIkBoC4kHmgjmBmlodeazFCFIx9Bl0sbgt/lCSy5L14+DyBG3GZrWYNdjVg== processed in 259ms
[2026-08-24 07:28:13] [ERROR] [payment_gateway] Transaction payload payload_hash=QZ5HKtZOEGVVLqy4PWmO+xLXGctb2xcUEwrP5SsvfaZfEEb53GKhsIFuOVH+i55ArW+2iJQ2jHA5ZG6k0+1G0A== processed in 118ms
[2026-08-24 10:13:17] [WARN] [payment_gateway] Transaction payload payload_hash=Bi72hH7kgqtHNsAkm21snplUsegPnZshfSso/lbejdIKu3RMvonFeP9xMN5gGQL0r91BzmWhqZf1Qlo/e37GvA== processed in 303ms
[2026-08-24 09:36:53] [WARN] [auth_service] Transaction payload payload_hash=t3tXj/vxqRYSMuChr8CSj3grlhXjVaIZa6pbjpRSyCF6+U8aP3p6y54jN5l1oaUROpOBIW6mKdXPeKS/mBZOfw== processed in 494ms
[2026-08-24 07:31:10] [ERROR] [api_router] Transaction payload payload_hash=y1rRYM5UUcVt1UBTDV2GXQhH0c1PvCHn4FKXorbTkgRvoGXrdAwAX7Pb3AbK2fLfBa+aY4pnH3n74o9sKPHV7w== processed in 102ms
[2026-08-24 09:20:11] [DEBUG] [api_router] Transaction payload payload_hash=b/2bVvgGVDKOhG0NDkxg07BVHXOF35TM/hsIQEr9XgDYM0aJXTFTgfDKlC+5OQtoV+e+Sn+KqMo7zZ9akeVMPQ== processed in 171ms
[2026-08-24 11:22:06] [INFO] [db_pool] Transaction payload payload_hash=bLcryuLEpztERNRNRtxn85BeZT9qDJH8/lypEfQ16izBFR1urImII+ESyT8hD9yjfENKvq9zrhSG8QxW5978cA== processed in 70ms
[2026-08-24 10:59:36] [INFO] [db_pool] Transaction payload payload_hash=XZeioZJYU99B74bAlKDZV5zc4VdkvjdQlzq2SZjYIt7Jj6kyMIDtzocvAj982nnY6Ug61XqanQvk4mmvbGNigw== processed in 259ms
[2026-08-24 06:35:14] [ERROR] [db_pool] Transaction payload payload_hash=gYHKK+eiZ/BZNLqijjpQLaBgN/q1b/uV7rJF1d8gl0PmIgeB+dmRbDBw7KNHs7uRHFt/UJdWoz/5ZbxSzhrwgw== processed in 351ms
[2026-08-24 02:45:43] [DEBUG] [api_router] Transaction payload payload_hash=EbEuIaWGsYphEofkd9oBfl6Zuute5y2wPzutzEDWITjX5VKrnBXlFAUeLKPQ6PnqJ4mJcQsQNXLpoRowoiSJoA== processed in 370ms
[2026-08-24 07:46:37] [DEBUG] [db_pool] Transaction payload payload_hash=xfROxdqOtyysO+3IWO5HGt9P0X/ndrywObMrVBPqLs2glQswlZ+yitBcl9XUfn4IZDBYjg1SA74jF155XHH65Q== processed in 56ms
[2026-08-24 08:48:57] [INFO] [api_router] Transaction payload payload_hash=y89x2qOP0zdOHo5YX053ValPftSDBpAdYEYFb/+Ax0c9zqhNvN1go0NCMHAm+evyP431obhZexOer9TbZTUEcA== processed in 406ms
[2026-08-24 08:42:47] [ERROR] [api_router] Transaction payload payload_hash=XH6TYzW1GqwPN9scAtezAH7QVXUjBgmgEC2NBHy7TdpoYp0zab1I2ueyWD4ODQ0P0Ps76wXkCZ5p/lx8DZ+i+g== processed in 121ms
[2026-08-24 08:11:45] [WARN] [db_pool] Transaction payload payload_hash=hdmwAeOcv2GS6/befz9KCMKPXZ3vmozUDVMKh6BAsViHqeNIEBxlCgPZ4z8sp1gikHPkY1CY0tnvvZSKpOImBQ== processed in 340ms
[2026-08-24 10:00:40] [INFO] [auth_service] Transaction payload payload_hash=apsS/NgiNG+QRffpY/Sb988YBQD4EdnG/Jm0hZ0M/7f6hfqcCu/1kbS1cVmFQfyuPzl2pzeigOd0N+74PrmWvA== processed in 24ms
[2026-08-24 04:13:25] [ERROR] [payment_gateway] Transaction payload payload_hash=/M9n8Yh9CHNjW12Myjpil4nsK9aElC09iFqRzK6ptbBw7InMbj0gkxJkYhQmFINHiVbrkJvtm+YP7amUqUxUVg== processed in 77ms
[2026-08-24 10:41:32] [INFO] [payment_gateway] Transaction payload payload_hash=4ePK42sdiidlYToTyo1dPnXiB28v/Cm5IF5MdxGVhZTBagkJaGBZ55inaoENLaOXY2zdubj3M16wDyC4DrR9YA== processed in 43ms
[2026-08-24 07:48:33] [DEBUG] [cache_layer] Transaction payload payload_hash=fo8qllg7flHUK3zMSc2hyTSNTsEmo6jaI01BeGjjj9a5bsedTTvluagsXl6Aop0aP0S3SUGtZIU+L3CyHauiaw== processed in 225ms
[2026-08-24 02:18:20] [WARN] [db_pool] Transaction payload payload_hash=eEFhG8syogfSZxVcCqPy92+vYiU/lZ3s0ygg3TgQWYdqHzVuCaEMjKXJH8PODsvh+6tnalbAZQjrORQCRc5+Vw== processed in 415ms
[2026-08-24 04:59:51] [ERROR] [db_pool] Transaction payload payload_hash=/4Srui8GaIYXcPCD+R1vlC3OshIY0nl56raUlZ0TudsKtf5P3wEfaeS6jOhnNIcLiJ2yaX0GD1J1R6yE1siyKw== processed in 235ms
[2026-08-24 04:20:13] [ERROR] [payment_gateway] Transaction payload payload_hash=wtKhnemt/+A5fKFx+3RSWxJ369K1d09BtQa5XoiEP7WIYDDzvw310pGS9dsMZKRfHyrjy9W2ECPmTDVqPkcC6Q== processed in 196ms
[2026-08-24 03:15:51] [INFO] [auth_service] Transaction payload payload_hash=9DE5XAMl+AFCPdrcFn+JAwmy+ZhtFR/u5LR96dtn62rR9SwwMZrBaFDKVpBJv4Qiad3CU3j/8h76SC6vyDMOGg== processed in 177ms
[2026-08-24 05:22:42] [INFO] [cache_layer] Transaction payload payload_hash=SHNB22GfTSZUs8+XKpEyxsbmgBE08Iokuiv+KXDVs3HnISJXpexUGk+F/ljNYcyMqNYHaC9vtOQFWVepuvY0yg== processed in 424ms
[2026-08-24 03:34:08] [ERROR] [auth_service] Transaction payload payload_hash=a9eP2l6GcPnKtfQeiolQfhyFFt5WiGAmW1E681qPtEQFdnunb7Pk4nLgPXSQQ/3Gd4UIuCI58JDEgz3BqBF6EA== processed in 343ms
[2026-08-24 06:26:35] [DEBUG] [cache_layer] Transaction payload payload_hash=ciEh+oWaik/qmQPD0Gcq6GcQ3aOEZi0PP2JEM/BQvg+e1EKkNhqU8qYUmknlu6SBWjMZME217Zy8Kjxhw0yFYg== processed in 226ms
[2026-08-24 09:19:48] [INFO] [cache_layer] Transaction payload payload_hash=NzwvJTXFE5vf6A6Pjs1JwK5EhMmOmfHG1Jj8LhMFkzLSuh8CEcMi/BRUOqYIoVljmRr4Jsg6v21aYXOhjVy1ag== processed in 409ms
[2026-08-24 05:49:28] [ERROR] [payment_gateway] Transaction payload payload_hash=Tv/I6p0qNrhxXkT4JH9/o6KmzMt6w6WWKDE64VNcXA2qjYadqt029U0i9hT517TSgQZd+a7XJliXGkAzwNSFPw== processed in 191ms
[2026-08-24 02:27:13] [DEBUG] [cache_layer] Transaction payload payload_hash=bMva7dbk5IDouQunx0Np4Z5105oGa4DSxKZiI3j0P2smCM9674CTCR8GlCxHmszuTFp2zRTT2bvtkQlmb0mD2w== processed in 480ms
[2026-08-24 05:51:19] [INFO] [db_pool] Transaction payload payload_hash=M+2A7XcfcTWXKpJNqbQDOrXPByQu6wGjN5TeXm7nE3lZwAFMLqFrLSpcyOFu5Ql+KP4NWiuY0h+o6BlymRdL7g== processed in 292ms
[2026-08-24 07:30:58] [ERROR] [cache_layer] Transaction payload payload_hash=dEzLC9/3kXD02UZnn8TTDJhg8ehP06AP+VVEA2ggw/E2IKuPDcc3gmY+4/BEqCRi9B21eCYGPKZPR58AA3LEDQ== processed in 105ms
[2026-08-24 06:34:46] [DEBUG] [db_pool] Transaction payload payload_hash=sEOc2zLJMpcwPyfl3Bk+bzXrWK0YJTgoqRqp6T24l6Y77QXKKIkfeLJgVf73Bs8N5FYutNbgqNMxQLansVli4Q== processed in 384ms
[2026-08-24 09:02:09] [INFO] [api_router] Transaction payload payload_hash=ZJ0IHKTIwRmiuNsrzydRZgFqwo1+djCTaMEP72kN65Fc7bzO8oKA6z5lZXHfUFi+ED5ovLFYln3zGGJAKveCXw== processed in 262ms
[2026-08-24 11:08:39] [DEBUG] [api_router] Transaction payload payload_hash=DRNDKcn1UERWeIvKV2dHJi+a9x4aMU3sY6NiOsJNB4b4l2dc4J3YfeLuDNmjn8Y6x5xbxPZTcf/MYbR29++OpQ== processed in 125ms
[2026-08-24 10:30:34] [WARN] [api_router] Transaction payload payload_hash=vxqBwfXzXOsWv4sd4GXhChUAMtJR8pdP4L7iq9RZmc9wSmG+bO9rQ6MXlOhF6Wdwm71lPKmQcrTXoy+xcDMTnw== processed in 441ms
[2026-08-24 10:48:11] [WARN] [auth_service] Transaction payload payload_hash=7GkYYvw6q6P/ZTfa+21neho6SIt+qy9f/x1zJsGm5JNnTVcy6/GEXpyQR+9uDw7fic/hl6x0sM93dfpaYJ4iOQ== processed in 288ms
[2026-08-24 09:39:08] [DEBUG] [db_pool] Transaction payload payload_hash=V6Zlx8eebNUd39Bz/Gro/M8gxaCCOzPUAsjFn4vqLxL/P0UhLYji3HvbKMXz5ukn8sY5C3P/8TI/y5fIY8t11Q== processed in 166ms
[2026-08-24 05:31:18] [WARN] [db_pool] Transaction payload payload_hash=CYkroEFNEX8LP3lOH4UbwJcteRI+++CiqGcf1PUp1NtjF2lPgZ+I7zoTes915ojlSiyMznI1prfYfN3IC7F9pA== processed in 482ms
[2026-08-24 11:07:50] [INFO] [db_pool] Transaction payload payload_hash=CvTckODaeQp/kCfGoQHh6GGoWE3vr1l1krC44FL83tZVLzjeZy7IfPctO+U0xYk0piPaOvWmLiN3cqY6yNpgQg== processed in 338ms
[2026-08-24 03:11:43] [WARN] [api_router] Transaction payload payload_hash=8nRCgO8irMlqH+nr2ptEqIDf7Ro1TTRk71q44QyYnE+PNnEsYArh/1qmxKu5xtCk/LA1QxxTx0PzbKEJd+BeRA== processed in 134ms
[2026-08-24 06:54:24] [DEBUG] [cache_layer] Transaction payload payload_hash=xMp3517gWgAE318mW3MYzF6HknengIatdpos/6cBtqrxXa/7TcNhF6HPcEngNJzwyrxeOrywS6mU1UT5LNlbQA== processed in 345ms
[2026-08-24 10:09:02] [DEBUG] [cache_layer] Transaction payload payload_hash=Zv4Usu8XOclCpcowa5mfj6sqhhmzo2ZMPju5cnyqegO45szpqJhNn39z2QMQ/KDia/IFlXUFeCSLfK8xSx7NFg== processed in 370ms
[2026-08-24 02:17:42] [ERROR] [auth_service] Transaction payload payload_hash=VlTmTypG6HGWdZvyU7W240OKLGJiCZtT0l7y/Mahm1kQzjUiJefGd29Ceq70LmI1iB/A1pUkw/lDGyFlCP5snw== processed in 190ms
[2026-08-24 06:26:43] [INFO] [payment_gateway] Transaction payload payload_hash=lUEAe8MNsGpQbb0TD2xRXb1FGtWubIG0faT9YUZdnsABdoaXXjmW/VnsnI4Bjuzoq5uoJaTUXNZ4EkfmRrslLg== processed in 395ms
[2026-08-24 02:35:02] [ERROR] [cache_layer] Transaction payload payload_hash=lgWGL9Y9yoLGvpfSoyQgLQHW2/wlZWTBWhgwg9J/vZmwBYf+5VSr7RTGSppJFQAxdg0r3wxovXtIiz/CSx7Cbw== processed in 150ms
[2026-08-24 08:30:24] [DEBUG] [db_pool] Transaction payload payload_hash=c2opz4Nv8IEOGR/O2FkpPZhBzFn7UYjvJ7wOPnzDmbHSIS1O233SpJwJ3pYnJP5gt5I468pFT6NWYTjZCn6JZA== processed in 4ms
[2026-08-24 07:03:06] [INFO] [cache_layer] Transaction payload payload_hash=WB75PEFqzpfgWYEhLvefuproFugxUcxWG4K5lBOFLWRvqk88xQ3uOOd5gHS79s0csaOOguLQHKy8LHhXrqqgRA== processed in 320ms
[2026-08-24 04:30:00] [WARN] [db_pool] Transaction payload payload_hash=uGkoJnHC0QBDTvSBDrJGQnIMMlWBVLy4bKSGqPIEE+nc4AirId4iFvPRKM+o9rtlXUAwH+wKHioso06WsAmf9w== processed in 61ms
[2026-08-24 05:30:50] [INFO] [auth_service] Transaction payload payload_hash=gcHYbn7qWahKxrZl1aU/7BF02WyQEKatH9CPemEB9n/5kYV6Syx7q5NEngCuEHm3WCrcSB3FqXRA+/IM0LDsLw== processed in 279ms
[2026-08-24 04:01:44] [WARN] [api_router] Transaction payload payload_hash=14b2ZufQTSl4tTrJjyRYCCxdmYEe5j9Ys2plfQDLz2c2qws5TWoSSuDMMEEAYaNCYhnLWXrhsEGz5qmB0wU7UQ== processed in 143ms
[2026-08-24 07:08:17] [WARN] [db_pool] Transaction payload payload_hash=APv2IINNMcIcHAGlxRyo30PEda1a/PCxjCmeb2a7jxfBcqTET0nFOpVY1ztgjLeodxfHnx9rhFObOOqIs4Vq9g== processed in 360ms
[2026-08-24 05:58:59] [ERROR] [api_router] Transaction payload payload_hash=CcqtgtgvPf7kdtao3SpK3KjR2unzw1IBM8uAw9rf4ym0q4zQXXm9PBuBJQ/BBNmsPOcsbm3pLfYqQIor+a7VQQ== processed in 320ms
[2026-08-24 05:41:48] [INFO] [api_router] Transaction payload payload_hash=rLfZXdnTcxHWL4GBaMNgtDALzQMJBMjaE6I+pYoaW7YA8CiGKVxVl+5OA38z6tRXUuJXFRCTSmLlnTj3pZDDog== processed in 462ms
[2026-08-24 06:54:26] [WARN] [db_pool] Transaction payload payload_hash=uHYRafZ3KW87/zGtCGwOn9YvDuBSHTLNx81zcNj2aeK0Q8z1uJh8J+4jj8MZdb/XcaGfBYMzoQ0KDykHXf9uOw== processed in 121ms
[2026-08-24 10:29:44] [ERROR] [db_pool] Transaction payload payload_hash=Xr1dd1K2LzbZxyrKxDWXYbMGWJkFVmTjgNA6Fu9wX5NnUexbjLwAqlBmP78JyQdM7K3gpIrPRNY0rDHzxk9ynQ== processed in 108ms
[2026-08-24 06:11:45] [INFO] [api_router] Transaction payload payload_hash=DRRM9MZlaAgFDlMeK5TgrMw4JypSiM5Big7D6CWLMpnI1nrmHz0ha0xVMDEr+fDASIyRqH02rlrGQU9UlXcm7g== processed in 227ms
[2026-08-24 08:06:02] [INFO] [auth_service] Transaction payload payload_hash=xVLcvQspkpLB/jHaUnMaLOGDI1sEoq2QedUbPucHeQzNy2ZPKssAoD7C317/Q1RJOcZ5qDlMKQL7LbvC8t5kAA== processed in 16ms
[2026-08-24 06:47:47] [DEBUG] [cache_layer] Transaction payload payload_hash=C8+R5WzQgEcjVbdl08DYDFsYzdtMjnV+KPl/lEJ7NxKExSIBnp3gESiPRB321UX1MnfeonopXFL9WxAvdxcTxQ== processed in 352ms
[2026-08-24 03:42:40] [DEBUG] [db_pool] Transaction payload payload_hash=qMh9iOkIz2H8XUrKICo5g+VnMwpu8HfJLdU74hKV0i8Fw49CRLuwaGpgoSOKWSblroel94Fhk8fduBVuZf36AA== processed in 32ms
[2026-08-24 09:04:17] [ERROR] [db_pool] Transaction payload payload_hash=r+8de+Wkn4nMAVTkbSjaZk/Q1uEn0Rmq8gDtEMFa8VOUKyDaDCdtCG5e+Kj4gVNDAwERIfWOp0YeXvuB+TI/jA== processed in 390ms
[2026-08-24 09:09:12] [INFO] [auth_service] Transaction payload payload_hash=fzR3RTSyegP6IYnCBHGn5usZNWBAq/8xkbpTgxPAjKNPcZXYIWb/RYvuPOc8Ox4qMkWLg0agBcU0Z20NS+SmQQ== processed in 481ms
[2026-08-24 04:42:48] [INFO] [api_router] Transaction payload payload_hash=HS33QO6DksTJdrVgoKgmsQJ345tH1uLcJyMhAwZ4PZONgYRGM8ItXFU7ZsyhZIog/1wP+WLlDUa0OQ/oL4NFsA== processed in 374ms
[2026-08-24 03:14:25] [WARN] [payment_gateway] Transaction payload payload_hash=el3wY0G65uL3/WguFgFGux9TJLLopehRiDzDpdwQRGlx/f5kgoGOyXqDpfRKedTUFtzrxHctU9AEDbrz6LlYwA== processed in 221ms
[2026-08-24 05:57:11] [DEBUG] [auth_service] Transaction payload payload_hash=AzRzQkLSyKIomBAawmOD5/xBMlBLw+/iq6q24tqylFpi95ty2GJMl2wvt11m9JsAYgLb14197siw5RkrsmPy/g== processed in 183ms
[2026-08-24 08:08:29] [INFO] [auth_service] Transaction payload payload_hash=YMZEcEbduPu/4gkCg1qhgqj6f952TRI3xhwGoZMqp1zO1YaRZTbzCQjT5f55EYa3wQBxU4ItMw17ycqTnKv+uw== processed in 265ms
[2026-08-24 04:52:17] [DEBUG] [cache_layer] Transaction payload payload_hash=g6/j7eydti6kcN8Iz/ppK3Vqy8gWYFZlg6OqYAUuubMd5vlLg7lKUK74FW/CfwIj7MxuUg+7WHOk7YF91TwMrw== processed in 432ms
[2026-08-24 10:42:28] [ERROR] [api_router] Transaction payload payload_hash=3PSg028PeLbTflKeCog8Ip9eYoayHt/Ev5H+JIFloKk0QGQb4Je8Na6dIE8TmZOjgg27kb5+SBVEBZA7w+we4A== processed in 421ms
[2026-08-24 10:53:56] [DEBUG] [auth_service] Transaction payload payload_hash=VL8lOk94XR6oL+PGJJApw3Q1Y65bMTgc8QwiND11TcXwkvWvZqER3fvSVmt5pndtBINZAQknJxcFf5oDL1zmHw== processed in 401ms
[2026-08-24 08:18:16] [ERROR] [auth_service] Transaction payload payload_hash=HFBFMdm5tGbeGkrurUsfWYuk3Nz1pLGDocmRG6x5If9TiYJqkoHXAKtKZobt10QOhiC8pdhbxNG9pxe4PtSe7g== processed in 367ms
[2026-08-24 10:10:57] [INFO] [db_pool] Transaction payload payload_hash=FG6gpsl2vZ3ClxjxRWtLdyVni+y+f+duJcmih0xYqaaDFnm3YCC2CKsgLZOhPzmq7sYnLPfqe/Dxu2EJ96RccA== processed in 74ms
[2026-08-24 09:43:39] [WARN] [db_pool] Transaction payload payload_hash=qtjzihIhF/bDhCth38JkdDDqu+JsazJ9wyntOVykzuIGMaPzKGmA4Url8jjc0kp16VXhpXQcFkTDj0dXbL0/4w== processed in 240ms
[2026-08-24 08:57:19] [INFO] [payment_gateway] Transaction payload payload_hash=3F2RWlFrK2m3S8u0rE9Frpv2vP1LLd9A8YZILNv3GaQX7h5//Hh9jTTO2hZ99nTd0AAhMxjIr9uiFzlPoiv+hA== processed in 315ms
[2026-08-24 08:36:53] [WARN] [db_pool] Transaction payload payload_hash=jx+kOckho204PYheejvkH/JcNMjaVjB+Shv9rDSOUg9oO8LEDHCphPpwpeZkDWYW6fWq11gUN64rPaDX4LImgQ== processed in 114ms
[2026-08-24 08:58:18] [INFO] [cache_layer] Transaction payload payload_hash=qAwVt88g2fV4w9kscPAXMLCPi6+bS/sWQuNIpNgqfUUFxKRibdfDUyiX25X7X7OAbzqdMz2OTfmNn6w57eLaaw== processed in 450ms
[2026-08-24 04:28:17] [WARN] [auth_service] Transaction payload payload_hash=56d1SakRm8RcHT/kqwsoSEoqLMhKk389nHBarfDPDd2bjZgO+/DztGuGVC7me125Ny58Ko15wTXrcYoRPSxJUA== processed in 487ms
[2026-08-24 07:19:37] [DEBUG] [api_router] Transaction payload payload_hash=PdJWBx7GdO/Sjd99ARbeOhOFPD52gTYTXIw5EYGi4/eqDdiqTjjRsZWdK85PLCAEXYPVPYTm6+rOmPx8Aq0ffg== processed in 326ms
[2026-08-24 07:59:13] [INFO] [auth_service] Transaction payload payload_hash=JoLmolzM6sNg2bNEeyPcEiM8NQjf/yXFtxHHECffuPlTIMDyfEXdV381k55k38lGWzUFxCL3oCUDzLXKKxJy2g== processed in 470ms
[2026-08-24 04:39:12] [WARN] [cache_layer] Transaction payload payload_hash=heM7pAmNW7vk7Z0+GE/qCXsMfiifO5TjfbD7NIl54jgpRa/JrHy4fU06rTHxUOvaF6dYhoo1iuRUfngYx9FyTw== processed in 440ms
[2026-08-24 03:52:23] [WARN] [payment_gateway] Transaction payload payload_hash=UqRsFeTY02EwDRU1EMmnrFrb9+bLtzY7k6sg0JEDpNfqrJfBl5rb9w5selZ77itPXOEkgseKf9fRzAZMgn8Wbw== processed in 33ms
[2026-08-24 06:15:53] [ERROR] [db_pool] Transaction payload payload_hash=JYgFUw5rxlePHc/36bBU8OsbwV3uaDtsQDNmu+pJJfVJtDyOvv7N47l4UycmMnVnFRk8kR7QcZ6A3YEm+pUtUA== processed in 262ms
[2026-08-24 05:51:18] [WARN] [payment_gateway] Transaction payload payload_hash=hNMRXgoIIX2w55yIQZkBVgFP8fiz1dfxauaVDkuMCEm2jW5hMA0Cx/LglFIT5oQcphpRciQ5dWoiT9YMhiXKZw== processed in 6ms
[2026-08-24 07:39:05] [INFO] [payment_gateway] Transaction payload payload_hash=PvnqVfjIRAAxq5KYw4rVodQIMb9Eoi9Q5kodPnszLwxqdA5YVBsVGdNjEwGa80MFhSH4wsgvd5swRxVIQbLngA== processed in 163ms
[2026-08-24 05:20:45] [DEBUG] [db_pool] Transaction payload payload_hash=WToosf7D1gIIlnPcoq8aXmoIZcz817Rte/3RfxdYIcaIdTGDPZVHJ/EHLUBVQpqvlEbJK/twOsELlGwN+iVPkw== processed in 191ms
[2026-08-24 03:47:47] [ERROR] [auth_service] Transaction payload payload_hash=S7c2bi5hvVxblx+/ZzWCBDMbj6PWvjmengY3DDOp1Da7IcMXomfmBw1AsubJv+Lkwd5uVKNwI35+jIPusVXijA== processed in 292ms
[2026-08-24 05:41:49] [ERROR] [cache_layer] Transaction payload payload_hash=rf2l5ctErzsiGZ/M9wdq0hEGPtEHGaxGthDP9d7vHTsDRtBkBruP0EeVPfLAku8+b8wMlTM0S+J6JLrOq5uxag== processed in 42ms
[2026-08-24 09:33:56] [WARN] [payment_gateway] Transaction payload payload_hash=QftQmw44EFrxtGApavc01j6v4XDIXnhA4mhF1ex5p0SBrTNnc/3kNQXAlczSTBth0TVwYfZkZ3DU8cuoPE0Uhw== processed in 138ms
[2026-08-24 09:33:53] [DEBUG] [cache_layer] Transaction payload payload_hash=ZqwTkKdZlBubEBRj+e4FZ55lASS74WgrCWuZM1d2diWVFB93wsY1E34mf4K0UnvTQNBpzYMZjjZj8raP6Fr8sw== processed in 185ms
[2026-08-24 09:40:12] [INFO] [db_pool] Transaction payload payload_hash=6Dv8NSUQBnHX/hhjJuzvbpM9pxpEpr5xkGMrkN5k9JnkNGGuRj4nvsL6XF6XMhHrr0toPVILy6waaqpyQIScGQ== processed in 247ms
[2026-08-24 03:10:35] [WARN] [payment_gateway] Transaction payload payload_hash=LMw5FAJgl0iOulq64FhU59EVuAqlUOla6BF7/ZQHlhH9C4qxJRCrz9pFIvIY5gqy0nCbtpldJMoXTX6hE43mFQ== processed in 136ms
[2026-08-24 02:43:23] [DEBUG] [cache_layer] Transaction payload payload_hash=orb/WPlMBO2nXbrb+pUQy221CgKZPaRo8EYMpxNGuQmMUmPqTB82aM181KXoYzeSrAtN0XAz3MwvCb0OXypa4g== processed in 184ms
[2026-08-24 04:43:33] [DEBUG] [payment_gateway] Transaction payload payload_hash=fW+Hj9ZrDjWJNBAXRQqXbagMZwKq28rZpr6/Gjy/I9LJ/NIEazrH5m0BNVKXUt+oSF6+k/5MbUlxMHe3N19qig== processed in 327ms
[2026-08-24 02:27:26] [DEBUG] [api_router] Transaction payload payload_hash=S1f7FQ8gLdxS4J4yYX2+m/3mtsv3rDfpZqRQEQ6T1f2thRnlzlqZh1Ab/2nroN/3dOUitM/UCc54hiujfMthKA== processed in 170ms
[2026-08-24 06:56:38] [INFO] [api_router] Transaction payload payload_hash=MJo3aWDLn80Rjxl0pT+pTnWGniKk+u2JUIcKt8PePVSkpCgLt8rE7xcfNiSGeFgw41BqZwchwqBkTUcclA/QKg== processed in 260ms
[2026-08-24 02:23:52] [DEBUG] [cache_layer] Transaction payload payload_hash=F3v2ik5I0y3QDpL7/wI7Ur6RH4G/BnvNatzn95AcHzwqyvRrpPTF7WVDMFfMHgaAzApwYxevZ70eRFeARBbmmw== processed in 153ms
[2026-08-24 09:59:20] [ERROR] [api_router] Transaction payload payload_hash=N8KeaENXZyms4rX9zFTc+L8+EsoTLo6ADIJ/I0N7xkEtQbTWVU4pEWeuIX4KfLmYCCb43Lx/Br8MRbQlWq5lxQ== processed in 281ms
[2026-08-24 02:24:53] [DEBUG] [payment_gateway] Transaction payload payload_hash=uB8gAxnWqQfkJAc/z7EcXZEmjtCz+x6GDaHHCi3sPlS3jNatsfJMeDHTim4bHboseP7ZhqifnpEKnS57IOBOWQ== processed in 133ms
[2026-08-24 03:02:11] [ERROR] [payment_gateway] Transaction payload payload_hash=V2H8ykmDzbD1gR90QgVLoBNTQQn6taT3uud0J/evnwD8HrnRQU3Gd5dsqZbTDZR0WK5ZcbldIbYpaQ/LCuvtGQ== processed in 50ms
[2026-08-24 05:48:40] [DEBUG] [payment_gateway] Transaction payload payload_hash=z/CNYk6oB0Nck/UUf4JeI+jdd7ZrAH5I3V3gKllFr18oCytPOkDfLm8kCB5YxzORceWj5ccH+EOIZBeJ4WbfIw== processed in 299ms
[2026-08-24 09:00:25] [WARN] [auth_service] Transaction payload payload_hash=LykrKUiwP5As2M7hqupQEQSPi7DQIzCE0JzfbEFAn1jdF93rGUD1yiTaZoLuBwl0Eec+ahsQpB6e45DK8TieGQ== processed in 259ms
[2026-08-24 06:06:23] [INFO] [api_router] Transaction payload payload_hash=qnT/Khk06fP+LXlHUzLo4+NbHMyLGSxf7Jh53krpSNLhAKj9QUsZi8UoGaIA+QsOyEsAb2LcLulC19y9v6whsw== processed in 170ms
[2026-08-24 05:50:15] [DEBUG] [api_router] Transaction payload payload_hash=MooHQ/en8ZILXq9apGXTphoZWEDPD0Y4f1zxE554yW8kLmnWvCletkDdAvnrNZVt+H1hCn4+oGnVz4aXUTYagQ== processed in 33ms
[2026-08-24 06:18:07] [INFO] [auth_service] Transaction payload payload_hash=8Zm1xcCedQ/clJhQhO2jDpIfjpw6WdAgSkumJVSRI8YnoFlOr1wsgHlUklrlJkkEA5TbdNuHNpwHanD775byyw== processed in 382ms
[2026-08-24 10:32:34] [INFO] [cache_layer] Transaction payload payload_hash=8j0AXr/6sQ/umLxNBjR6kA5lzc28KoMp96wcFIYRuGILglcK3T0SqYpP2vrB815eRJIjM0s7o3HpJfNi+LoS2Q== processed in 46ms
[2026-08-24 08:18:11] [ERROR] [payment_gateway] Transaction payload payload_hash=UEj1mzuxkpSd592aYfc75K2hgDQb0u9i6ZF2x7FS9sSvu18S9UCgd2gCcbSFsX05Ifl5yimjhNMR6ceESnNiqw== processed in 418ms
[2026-08-24 05:36:00] [ERROR] [db_pool] Transaction payload payload_hash=MzaLptixdKNXIVYpYDc6rrwnbQz0Vnl7QfEvbg4fvZTFaRDf42vGTifsT8A++YkctGydCQitCRWP9iHgRdf/vA== processed in 319ms
[2026-08-24 05:56:54] [INFO] [db_pool] Transaction payload payload_hash=VNfl+BuQmwhzxGlhz7yr3EXqM1awtCjr+1A6lXpDNSBWL3ljI1yGl5KyGu2UHYFPDnUqcLVakQ0mpyzvHi+0zA== processed in 485ms
[2026-08-24 02:27:30] [ERROR] [cache_layer] Transaction payload payload_hash=P8O1+9ztkOVriuC4Ittb2rWXYOAR492uOURNyhkotMfrj2+0Qg/JNHAxhd4CRlAlMh2BvoD45sLLZFS0LfrnTQ== processed in 315ms
[2026-08-24 04:02:33] [WARN] [api_router] Transaction payload payload_hash=aYZOQziCMcV5q+oqhg6ui2jZDlBRk2KJU3c4apPnblk+JGDiFTUS1RvPF7o2fVoruL1C47YuFxNUVtWUdhy6JQ== processed in 382ms
[2026-08-24 08:25:43] [DEBUG] [api_router] Transaction payload payload_hash=vHzlWMpX+TmcL8fp60m7nWxDGJAHtTElHt7eRXNAJTWGEwR+ribvzznBeEAQYm6Ax7VFlBfDh9CrCNa5PmphJA== processed in 94ms
[2026-08-24 08:25:17] [ERROR] [auth_service] Transaction payload payload_hash=6p9eriDaigRTwXw96C654OMkDmgnAXg0oCm5Oh10lXFWLHHY5GrEiGaJO7J2U9oKUyX6W5qPjW8G4UVib4BrEw== processed in 77ms
[2026-08-24 10:41:17] [DEBUG] [api_router] Transaction payload payload_hash=QHZyk8bubHmTt+mSKviMTzDJ0L4uWEH212cCOiSMAuiFSa7InVi4WGGNuy7J713WlqYLv0bVRVvFN+C6xYrGFw== processed in 331ms
[2026-08-24 08:51:27] [DEBUG] [db_pool] Transaction payload payload_hash=mSYLtTlazSK9hF3WZONhyL6siDKhL9DRGopntTYyIC/lqw5nS92LoXyYixwWkjShk6PSF5fOxeBfVt3iyd3OQw== processed in 476ms
[2026-08-24 07:38:47] [WARN] [api_router] Transaction payload payload_hash=mZRyL5Yzxn4B41mZl/GWJRayC2F+Z+ON9H77bb3wMQlMgDyyAq4sRh0qGyPYo2Ivvx1z8k07P0pjKB5rHzTGlw== processed in 128ms
[2026-08-24 11:05:29] [ERROR] [auth_service] Transaction payload payload_hash=w/EG1w9qHlyHmt0RWJ5WmRXWga3E8uTMmNH7C9k30oUV9uI4LUqhrw8NoeKnY+UYSkuq9idDSGFGhEVdxQIGCQ== processed in 467ms
[2026-08-24 09:44:28] [DEBUG] [cache_layer] Transaction payload payload_hash=qvnCD9RUR9JEflxt1ZefY8gup60WO5p0p5N/U6RAwyAdZNR0YUgVcbBejnAGmyltO83ueZB9AsFb1TrxQGS/ng== processed in 65ms
[2026-08-24 02:40:15] [INFO] [db_pool] Transaction payload payload_hash=b04IgzcMOyg0PgmzXaJoCBfPV2NB/px8ri0GP9S47puV6lWrUfpuj++ahZkrj/g56k+i5Z+5EeW4/8r7TlDbgw== processed in 206ms
[2026-08-24 02:43:28] [DEBUG] [db_pool] Transaction payload payload_hash=abZUwr7QpqJ3K0GujdEkMGmRoBuEOdbpLnYs8yUDk4Wel9DJa3918hj6HJsTYGneh9pcJDDrGTg1J8GSh70YVQ== processed in 330ms
[2026-08-24 10:14:37] [DEBUG] [payment_gateway] Transaction payload payload_hash=wgM3D66GlyCPup73/2CdwCA+f05a8AEUXxMtjXjS/0NMeYyV5QfgUKYLmJBF/MH/NQXNTUPpLwjlQH0M5mFObQ== processed in 445ms
[2026-08-24 07:17:19] [DEBUG] [auth_service] Transaction payload payload_hash=2LI9bmbfhEl2YFon5ehc5VElp2nAq1IsfqQr9CJANSwQWvoVuKxrmoc7NgslCXhpLxVlXo/ah2SP/bOBw5LY4Q== processed in 478ms
[2026-08-24 10:38:19] [DEBUG] [cache_layer] Transaction payload payload_hash=MpeQJomnoGgCrOsHAdR43RKHivAZH0NrkpATw2kAdBo0O/5WZAjrHvCy3k2jnLGw23YEjhCvFlpkWMJSPddpQg== processed in 196ms
[2026-08-24 08:31:50] [WARN] [cache_layer] Transaction payload payload_hash=JKrSZKcMuRTHUHEmdksPftxnnLNm39WtSEJs0lojQFShbdDmNTtUbb5+9Mm755jqfkMHr4mrVvO+t0gyPz2iFw== processed in 91ms
[2026-08-24 06:20:45] [ERROR] [api_router] Transaction payload payload_hash=rOiee6/u25ai45A1jE4Lx7B2TLoGVHUG053yXLnZp7xLmsePYLA71LgMSIiOxKM89yclhfLaEDsCIbpNMnnkHQ== processed in 48ms
[2026-08-24 09:25:45] [DEBUG] [cache_layer] Transaction payload payload_hash=zcYjcAuAt1E8DqNqk8B3zQfb/gc0x3VVxgyx7Qbq5UJnGKjoqu5KsRir4myEnAIC03GZYcXrGhNQnuqibOC3Zg== processed in 355ms
[2026-08-24 10:49:28] [INFO] [api_router] Transaction payload payload_hash=aQSfT6NVwwlv5UoLjHbRkJeDiNEbKKN+G0KVmcyNk2a8L1IWic1HMRHg8gpYEYWL/MW4J/3+tCSaA5tePOT22A== processed in 105ms
[2026-08-24 08:46:02] [DEBUG] [api_router] Transaction payload payload_hash=+BhtRNm1XhcA4yxPjh8e6wkn57T+m8z+UVZTAT1sO4qUIcw98yk/3+86JqH7AmA1n1zq210bZPfPqUnbLd9AOg== processed in 230ms
[2026-08-24 05:28:22] [INFO] [auth_service] Transaction payload payload_hash=aIqEY+NKF1n/lQ4qTvJdI4pt5kHgT+73mwcwGwI62o3sdIiT6SnoD1AF7ukjd3JAPxe89ZdXC3VnEn3iOUI7sA== processed in 446ms
[2026-08-24 02:49:13] [INFO] [payment_gateway] Transaction payload payload_hash=QUcM7JzzksT2xqJOU7Fir8Pxps+uHQCYwVAJUwaRTFvX99zsyqvpSS6eaH8Mo9dzXZSGETeo2Uir/MQ5JOcY0A== processed in 463ms
[2026-08-24 03:47:02] [ERROR] [db_pool] Transaction payload payload_hash=vlJPDn28L+592zonckcFD/l9AoOAHvLAsqQnCFH0C7J28+6DmT0aHfA/PsYvQCnXxT2FdGlP39xdfPs7sMjqDQ== processed in 33ms
[2026-08-24 03:47:30] [DEBUG] [payment_gateway] Transaction payload payload_hash=VgTK0JJPlXH1yPrZCmulOjLw1xyQGYuRZKvabiyvgL4+KIlDqt67TfQMxEeadldjBm52BrNUi+9G6iwBgKI+DQ== processed in 477ms
[2026-08-24 09:50:23] [WARN] [payment_gateway] Transaction payload payload_hash=CsuOTpQhS+x2VzbXZZK4o4v72EqvqH8wrbjhQnO9DLsC64vFzRwffWD3P+gOeNG1TP0Qi58hS7b5WRivK+TFWQ== processed in 392ms
[2026-08-24 07:18:43] [INFO] [db_pool] Transaction payload payload_hash=+daGSnu9Cf2mp/9cblv5lAX24+go6Eo/ORraY8OrAIGSlwvIrWYY8/cUS95St7nOyJz0HaF4n5MTHDsRPUG4YQ== processed in 365ms
[2026-08-24 02:26:06] [INFO] [auth_service] Transaction payload payload_hash=LQfL/im+cVduceqvIBwgqIoBaSS/EfEOvRDaBJzlnTkpO6DrjxRQIY8sgcefX9dyGa65LstYrC7ZsuRtI452Ow== processed in 362ms
[2026-08-24 04:10:19] [INFO] [api_router] Transaction payload payload_hash=V9h6U9OaeHZx6ebFNz2f1T9xL8fCW8jQVwVMh6JA14jHMgu2BVvApVIyupCUPr0kLsTs72dr9vM7yfyMpnaRbA== processed in 251ms
[2026-08-24 07:49:53] [INFO] [api_router] Transaction payload payload_hash=ybMsqA2Kq37dRSD1R/wKYhvasl14IGhUEDhOkG5Zft2IWMng1Q2ms4Q7CoZv1H3KTNlKVeA5cByImGd4aJDqOQ== processed in 379ms
[2026-08-24 03:16:05] [DEBUG] [auth_service] Transaction payload payload_hash=KwnSMRgbKy65AzVuySMZKN7CKG1Lkk88sgElE3Y+khE4biTJMnQYNHW2LVVIbwiHHesFCFRSuPCDQHR5+SFvlQ== processed in 221ms
[2026-08-24 03:05:44] [INFO] [api_router] Transaction payload payload_hash=CzmrRH4dwPjY66aA0gumY0JGEu0PWNtvpeQzfWwlpiSZaldRIE4Llj9lO7w/yPdmy3whzbbf/f7YjgDr8xlfFQ== processed in 378ms
[2026-08-24 08:12:39] [WARN] [cache_layer] Transaction payload payload_hash=nrzCI/Q7xbz0B2EYsiY76NQVcWHRLTWD6+kNd+73sWCtYyqwxFruaFrbxFd6QDw+n/TrGrYt4nzDjCv4JCjU5A== processed in 235ms
[2026-08-24 08:47:37] [ERROR] [api_router] Transaction payload payload_hash=bF8BCQv7Wi2wgiPZi+8CYq2nmC99mepWx12eslOfqOawIqLlNWbx7qclZbNZ6PMz+OE/mmigktBFTV18KRhD+w== processed in 145ms
[2026-08-24 07:54:24] [INFO] [payment_gateway] Transaction payload payload_hash=z9ndRM7Kxhw6hLROeSlwa8HjVguCXZblnRc+fqLby7DCS5Ib/vlDNIfMYWgZ1iuTpz9ztvy32tbsIj9KNFnZDA== processed in 401ms
[2026-08-24 09:55:49] [WARN] [auth_service] Transaction payload payload_hash=BxYQNAjq2x5Bql6PF3lnxB2tpMFaBiYhKxCDGiD+qQs4jTKvxDZWu07dSzxshhw5tulOkXoPTg65RqTlKsWScA== processed in 167ms
[2026-08-24 11:09:19] [ERROR] [cache_layer] Transaction payload payload_hash=G3kYtn0KX0dLoHtauBQ1qF0UrT3i321ZdySi6XQYNcj8ApxQ9hyZxk/4890FfthqMeebZG71mqSeZVo3dwqT/Q== processed in 247ms
[2026-08-24 04:47:59] [WARN] [auth_service] Transaction payload payload_hash=4emYWoqdvl2Chnjafj3VpFpxbhb0B22rPw4Xrc1Oh40ONplXfderx6mheWb6ixboSG0IzfEgsB/WW1OZ2cq4cA== processed in 187ms
[2026-08-24 10:02:10] [WARN] [db_pool] Transaction payload payload_hash=ClIZM66Uc64I9xLcaDNSJKwEVheSkxBOuXGnxkgmTk/+YUBoA6sWsctnnL3NTrVYP/dNTFgVT/d0K4fnGoTlPA== processed in 187ms
[2026-08-24 06:59:40] [INFO] [db_pool] Transaction payload payload_hash=bVUllADPpJuBDm1GzP7bxwWWPrDzRmIvknJN4Vf83RO0NigCQMFgzglyx5w7lKZgNjYE9iiW63FTtylEQPnIkA== processed in 74ms
[2026-08-24 05:59:52] [ERROR] [auth_service] Transaction payload payload_hash=kdJtMWbQRs9PWFp2X/16exvaMNKliWPKph/AhfnrRmgu65b2xV09QUF4OH+yGruJeToeOVxgfE49h2F/rKYxDw== processed in 95ms
[2026-08-24 10:18:20] [INFO] [cache_layer] Transaction payload payload_hash=ar/AkLZ2mSVa+vx6SVMQyMduR9Yq77YXGGD9dQLGAU7miZMNwLX03F0eYHviCOPN7fiiNNUBoqwdlRxNJMOF0g== processed in 79ms
[2026-08-24 10:46:47] [DEBUG] [payment_gateway] Transaction payload payload_hash=9GNQAK5GKbUXqAPBdbyWEELWroy+DjCj3iAzIvfZr8zlF5O6JaOY8S7LXUTZ7hipSvGeqARK40WFJJ29yf7EXw== processed in 43ms
[2026-08-24 08:43:14] [DEBUG] [auth_service] Transaction payload payload_hash=GWTC5iG0xpr7nDUbqhPB3Xl2tOU8RoNS6iZQHdd8xdZ7zaoSCdh/vYUT/rQVsLlNrEgk+c4Jb7d0cCscrviw2w== processed in 291ms
[2026-08-24 02:32:26] [INFO] [cache_layer] Transaction payload payload_hash=VlM7iUn/yYtzzUvyR9ae/jnZHV0MdfXbLE6SeRV8sVSukUIAzoAAXLBqRmjGrUCt107RMx5saQF3LG3hzUmL8g== processed in 262ms
[2026-08-24 03:24:43] [INFO] [db_pool] Transaction payload payload_hash=QrjxsED6E+VEokXEIUfo1sUssM16sDe+Ikxy/ewEML9UmDi0UwOl+odoWSIdOo0JSyi5wcWajrgjJkq4Tu9iJQ== processed in 319ms
[2026-08-24 02:48:58] [DEBUG] [payment_gateway] Transaction payload payload_hash=cDLG8VV0yEWMrEldXu8BbooRFHuXnbirvcwAG3Y4tdP3J9i9WpTSZosustzUfz0aFISvsVo7SPVLs75RcE4IrQ== processed in 404ms
[2026-08-24 02:36:09] [ERROR] [api_router] Transaction payload payload_hash=13RtdVtx/JEDsItOopHRINOtO7r6kf5eDIHkAtVIrSTRiw2zDCpeYeW/5aN7Gdy3rIph4S8ftrU8Ey5TZZTnUA== processed in 432ms
[2026-08-24 10:48:52] [DEBUG] [auth_service] Transaction payload payload_hash=bdlEpXtwlNPXCusOv+bj8RhRo66NMGs2XJ7HGq/qgMHpE66m3hR2KsBeyE4HCSUXnSQcW4HDVpevMu/RUX5CMQ== processed in 241ms
[2026-08-24 06:38:27] [ERROR] [auth_service] Transaction payload payload_hash=rYbeBiUskA9BS6bgVvLxQWpUglQZmtWV70h7gC/FH8inHBeUSBmMyQ2ULCMPHvpgjPw1wg03PVYY/BCPGwD6dQ== processed in 489ms
[2026-08-24 07:47:51] [ERROR] [db_pool] Transaction payload payload_hash=llntfhfh8pNaMBAFJ5Mtynsdaou8sSIJCrnHmcUmXgwcCCX64uBKkQDo5X/rmafUXZwq9kVWEsQx24BOeHzRNQ== processed in 273ms
[2026-08-24 05:24:50] [DEBUG] [db_pool] Transaction payload payload_hash=FajHL1b41HqHwz9eTo6Fm3NuaHhfv71sgQuGfdiExd/hJtAA2WIQEYgxWwUH6tnn3wYOdVapPS4mxpSiRLASJw== processed in 257ms
[2026-08-24 05:09:58] [ERROR] [cache_layer] Transaction payload payload_hash=Rui8eFZ8wAvXZwysnGkyukMi6LF3MAlAJgNTZbZqvafI94LXDesHpjahfJ0NBpTdIRIdydgO6ifaY9HQC5HXVQ== processed in 388ms
[2026-08-24 10:54:00] [INFO] [api_router] Transaction payload payload_hash=wUghhNUUkuzfcvwA2dojpswtU2/wDK4bkWG8Js8xESI1bZBDFi9mXFTpDuxcVf6JpzmmrwfJxA7YirJMKy1upA== processed in 6ms
[2026-08-24 07:18:01] [INFO] [db_pool] Transaction payload payload_hash=OCBRVGdSa5PheesJc/aP0NTHz3+mCaRWc6GaPfXVkQsRt3Y1zsdikDgWMyJMQIP6Djnr+jTtsWox4iEenn2QWQ== processed in 117ms
[2026-08-24 08:19:21] [DEBUG] [auth_service] Transaction payload payload_hash=CO6McYfrj8HbAqAZoZdo4JPbu2BTTViVMKeKH977RMU48efU4G9FiBqdrAQuCu2hCYDEFjnoHKdbowsL1T0Y1Q== processed in 498ms
[2026-08-24 10:05:36] [ERROR] [auth_service] Transaction payload payload_hash=L4WrVkLVuPF13A4njayLFPKx9tvknlt5EBDDY7zkukrFibGF0xIn0o8YQN3Fznk9tCu+2ERWgLzIb440ic/7Zg== processed in 186ms
[2026-08-24 04:17:57] [DEBUG] [payment_gateway] Transaction payload payload_hash=uvBNxC/9BcVfaxkmBCR0wp11ytHeoyqZGW24gwnk+HBP7Rml1WW7p3ogUdTf65glPKDOI7Vxbd/0UJJtUx62sA== processed in 255ms
[2026-08-24 04:37:27] [ERROR] [auth_service] Transaction payload payload_hash=7W7q36hh6CmUlMKtANlux4zCvLsTPvsGmv5s3khffUC8AXdfaVTpsl0T3G/69Qud/3bFUYnQnielUaeRCs+LHw== processed in 301ms
[2026-08-24 09:00:18] [WARN] [auth_service] Transaction payload payload_hash=kK6yujNKvuJ0iD+O1zjDGWCVXjrqN/SKZy7nFe5IetBoCnY6yl713LBHwKn1erd911EceQvdsoMwwA9lvm7n6w== processed in 427ms
[2026-08-24 08:11:54] [ERROR] [payment_gateway] Transaction payload payload_hash=GpxmLZpE63d2MKVDEbPampODFQmPMWTGmKeHLzCOFJ6LmNG3E7Jn5slez90aR92xrWfXsvXjwwz7SYeckQglbg== processed in 94ms
[2026-08-24 03:08:51] [ERROR] [auth_service] Transaction payload payload_hash=Dqi1nILpsna1zWdsdP1Nsv1WLa1LHKj7j9UhC85//aO7J2WiGaBrs/Rw05Iw7kMyX1sk9Jjcd8EDQIMxOLEinA== processed in 219ms
[2026-08-24 03:51:32] [INFO] [auth_service] Transaction payload payload_hash=ialFJe/a3/WkrFOEvjkYsEJLRha8G5X5UFkTmghMtZhkLAKUjnmqRP3dUHzmf2cCfgeeZKl/SzQx50NXaHQgxA== processed in 176ms
[2026-08-24 07:15:58] [INFO] [cache_layer] Transaction payload payload_hash=4qF0Ojzb2GjCbKnYE7Z5bCuYimv9Njoh21p7oeorlZ6Z6hvOp8ydbIuROSAB2PexvoMgFOpjGtBb+6dJpquzNw== processed in 334ms
[2026-08-24 08:18:34] [INFO] [db_pool] Transaction payload payload_hash=UYeJ2P1i70GBT0R7ImUgO6enDC0VFXk3eWkIjtVTQ5BVS88vE8FGQS2EcwRql0eSRLhMBdg3eQPsIBtGGUrhdg== processed in 313ms
[2026-08-24 03:12:43] [WARN] [payment_gateway] Transaction payload payload_hash=paLQWoF4M7KRbHdRp8vQHWUPFgWGXU2tNE0CnJsQtuo5ks4Xge4oHP6QmHXpgmp1IEEIaFtjWpTfszkDAw5kWw== processed in 46ms
[2026-08-24 06:02:05] [DEBUG] [payment_gateway] Transaction payload payload_hash=lYX1T5CrbxzWEKbhb48uLYgsXBG1lrtPy0MSNlgBKZaF4xNOpjdnZfed8/Zy/Om7FYw3xdxY1J7j9NZyCgO/Ww== processed in 468ms
[2026-08-24 02:55:35] [INFO] [api_router] Transaction payload payload_hash=N+NeDaOjLpNu5h1gm4n2aneGSHPtfMV9joHOQE14vnbSq/fkJF1mHCKpDh80zLkJrfYMU90zaJPK9l0dyZRYvw== processed in 211ms
[2026-08-24 09:52:22] [WARN] [cache_layer] Transaction payload payload_hash=B9QyC3nOZwRXff/PGbARCFJSxCTQN2mOz1kibw3nC8ZiTFE3vhEqYQ/axXlZSvEtnaCFwPzfeX154U1S8vKg2g== processed in 238ms
[2026-08-24 10:28:32] [ERROR] [auth_service] Transaction payload payload_hash=0VwfVpQjpCbFOtjGSQmKMiiT/DaYHV9UZG4OVh0IFlXfDGtTnU6g6Wb0EI+qoSx6Eg0/NHNJT0I+JDf2QWXY1A== processed in 212ms
[2026-08-24 03:33:05] [WARN] [api_router] Transaction payload payload_hash=eTJ40A2wQsO7o41kelg/ML+Mdjm6+1c85kAz4oVaAcdgf2ZVem5UK+t6r5Lh+zwAmhTGIEzyxkHRaErQOYXwEw== processed in 63ms
[2026-08-24 09:05:57] [DEBUG] [payment_gateway] Transaction payload payload_hash=kF6cDldDoWTuGA38muAZ7uFRhw3ym6NNwqqwXGEjAVJKwL1/iEWwnUpwFTWwGXK1g+lUKSu4bFcfwBZDeyVj8w== processed in 28ms
[2026-08-24 03:19:21] [ERROR] [api_router] Transaction payload payload_hash=WIviNOToz4FJRD3NQ1vF8WgaMmWoSC5nz1KuJTjrk/aYNXztwUJ6JNsuZt46QLwLBKozbSZZldKKImSAySs1fg== processed in 361ms
[2026-08-24 05:01:13] [INFO] [auth_service] Transaction payload payload_hash=ZUN3fhfOPP8qNavcDYCWiZLpLVmX4oohJg5XITFMCbpaNtkRe8KHwnbl4UC8VCRMY401NpNijZdOMoPjWVZS/g== processed in 387ms
[2026-08-24 03:56:25] [DEBUG] [db_pool] Transaction payload payload_hash=KRkLRAonRUXVSmPDDO9HJpYWfk1qoGPy3ptReWL7RC4A8ejR4WztChZ1uMgjE40mDC5MaAHgw5Wb5KuNm0AeOQ== processed in 425ms
[2026-08-24 05:38:51] [DEBUG] [payment_gateway] Transaction payload payload_hash=0SH3Jer210Wtvm6STLQbLC7CsOprCD4FfiA+1eCyKV3fCkbG3gmyaoXbpXZCpb95nsh7UlomSX6vRYpWuskf4Q== processed in 151ms
[2026-08-24 08:39:32] [WARN] [api_router] Transaction payload payload_hash=QO6GE4VxFGPCIxe4dj9qlQZ1d8F6h+NxxLmTQsbPEst0qClVCkct6BhP45/FWwgADWvgU/Eo2I7l5yz8h27Peg== processed in 179ms
[2026-08-24 02:34:08] [INFO] [auth_service] Transaction payload payload_hash=M6k0R1U6ggCBXS6JA0jOjFX5a9MM0TotlqVrBeMnhMU6xqTS9T8zVg4d6AwHWlNxYRL7iDUf2VUYlhZjl2dD9g== processed in 388ms
[2026-08-24 07:27:46] [DEBUG] [db_pool] Transaction payload payload_hash=Awnydlw5ufXCPQQvVpBZ7OvP20D4Fy6cUzNGc/TLxZcO7UPRHLVLR+d+gGY+DFHXZ8wHHIAUB2Ff9BqqwKq/NA== processed in 127ms
[2026-08-24 08:07:55] [INFO] [cache_layer] Transaction payload payload_hash=RxO4PzBTt6DYGmnvwCqOQ8KCKgvJkLFi8wsS3l5aKW8S5sSW7wBF8w0QjAMdLTPstHrdpaOfbgttVwPosYdkjg== processed in 108ms
[2026-08-24 03:27:26] [DEBUG] [db_pool] Transaction payload payload_hash=iMxB9p5xGzPR0xnU1P6eRs9lOgK+sLE8qY+C0/QPWktieUnG2aPlLODuXtsCWwsaoOyesZfwAkwPiidl1EbK7g== processed in 224ms
[2026-08-24 06:46:45] [INFO] [api_router] Transaction payload payload_hash=7bAxuBn1k7sRhGjZLTx8vTSG2vs2gUdd4ryXoJzatN1KeGYEhD7oZix37xCQ1fqbb75JMyITobF9E5iuPhAMvA== processed in 205ms
[2026-08-24 04:06:31] [INFO] [auth_service] Transaction payload payload_hash=fEezb3btUZDEZ+0Rqn/t/MaReGE4o6fPrdqGQ9wAFs6I/sMK7z6ZrL2envOOb4pskiP5hWWPv3b7fzgI5HG71w== processed in 388ms
[2026-08-24 08:46:14] [ERROR] [auth_service] Transaction payload payload_hash=xo3NkpwwzKB6eZ45Dnl6KMJDShHcguKnv7XFNxWt45RGv+87Ss27NAE8z7Kzz/ueIUBn+Ek6ywzNhd1aNuIVGw== processed in 11ms
[2026-08-24 05:04:13] [DEBUG] [payment_gateway] Transaction payload payload_hash=FQjEhGDEjl9Yjf6RpIdFE/26qYiWMAo0RBqh55FZLyJQh19dA3rNYQDV4/Do5nkFn8qJthNyTn8y+URi1pvQtQ== processed in 230ms
[2026-08-24 06:22:17] [WARN] [auth_service] Transaction payload payload_hash=gb8L0u8aDQFDsYmHOBUV7C33D2nm2OcjIs4+YTGwJGfwF+7w/S8i5e+QR7u9l1ybzTxq5j0giFWsn3t7PO/hSw== processed in 189ms
[2026-08-24 04:34:45] [WARN] [cache_layer] Transaction payload payload_hash=8TOZtnPPVqYEaycj5sXc2yZ+VRF02pfIts7DxBVU5AcIxkDA5rRf/AC6rTMl/VoAjcwus9N+E2jFXhraa4Vpfg== processed in 208ms
[2026-08-24 07:06:38] [WARN] [api_router] Transaction payload payload_hash=Zapvu88f/eXshVMtPv28wUR8/5uH9Lp3KF9sRuBverMF8DgfW1PWVhT7G6+5oOqHN4YVNmvAcRpds7VGkVi1zw== processed in 180ms
[2026-08-24 10:13:11] [DEBUG] [payment_gateway] Transaction payload payload_hash=q2o2DRsCL4iCSqu5p3E2zX9bxJVdQWFSsRkNr1d9cteViSO42vdatwwey0SFCOMNnmmLcFqtqQmyWobIwLWcbw== processed in 477ms
[2026-08-24 04:47:03] [WARN] [payment_gateway] Transaction payload payload_hash=2dBWJukcmuG1mpCzvhtydUaTZSyFhFrHmxTFxKoHLLptsVPcIQpdXhD/e+TZAEiZR2eyE0zJbopzC4Gr3P1g+Q== processed in 478ms
[2026-08-24 09:12:41] [WARN] [api_router] Transaction payload payload_hash=cLTWgXl+vpkO1s62jaooP/fIIP4QrEmpPfqbCcoiRNEfa9NxT00OjfK7URKTh/9IgBzQPOkaaAt/m3KWSsdlQg== processed in 135ms
[2026-08-24 09:49:24] [ERROR] [db_pool] Transaction payload payload_hash=JVjnO0aY38OtlB/nte7sNK3KolP5V+pJ1Jv3+eIPvRodX7b+OEQwoYbuHNh4r0ubizSkR5RR44rV63UW/oCVhA== processed in 179ms
[2026-08-24 05:20:51] [DEBUG] [api_router] Transaction payload payload_hash=QsRR/4wuqAxhgLoKIzH3RNycRZL3fBhuyuMa61VsiAWqNbuBz0+pGkaCRJx3xbsunqVtr2efU8r7FwiRXmk56g== processed in 72ms
[2026-08-24 06:39:53] [ERROR] [api_router] Transaction payload payload_hash=1ZmeP6OIQB156ik0OfWZ80VFRmyoz2/hyS0v7QETDqmqcWIqd0bOfPjbo6g15vQnGnyC+ApOeSOkMTUB0MnPjg== processed in 8ms
[2026-08-24 07:17:51] [DEBUG] [db_pool] Transaction payload payload_hash=s1fHvP7TWoWjRal5GpYtrYV9egwojYxtD+AWJPPPqYZqveWSGIUTOU9a0H392xKKeRNB6GRpnTnZoJoffS/8Ww== processed in 302ms
[2026-08-24 06:49:38] [ERROR] [payment_gateway] Transaction payload payload_hash=GSdStzW/UdcMeqh09Lca0u4iopslhzgzalcIzbe36azqYiIajEFf0oCCOIabyJXkb7GSJH0M7F0mdm6at4GQYA== processed in 209ms
[2026-08-24 07:53:52] [INFO] [api_router] Transaction payload payload_hash=mIQQ2380aSzIY2bW8THBYa2WXbirC4fuaVvDrioFV8nQzDhdLZsFGA48lLMwmT8uIGumFZ3E+GgaQtei3FP7vA== processed in 71ms
[2026-08-24 07:06:06] [DEBUG] [api_router] Transaction payload payload_hash=lYv89jd/tSMHF5FHCJtDxVu8JZ1xctXMReKaAvzomV7mlxkz/Dt6FagovSrfeiMo7WmPM/WNb3XEE+VzTkjvuw== processed in 183ms
[2026-08-24 05:40:10] [WARN] [auth_service] Transaction payload payload_hash=VgHGjw4/HJEbUVExHUbT39sPXj3UkHCHOzswJj/E9OEqbslTw1vS2lOHptNrQa0BECrdIxC9HXgon0tgcFnnEg== processed in 206ms
[2026-08-24 05:51:22] [WARN] [api_router] Transaction payload payload_hash=fYCsc9JNq0F8Vz08oh8Qnta4eMMin/3LneIQnbrnZVCTsXGpxA3bln1kb5T9mUX4Trup+EkT00xLOu1IZuNm2g== processed in 298ms
[2026-08-24 08:49:23] [ERROR] [db_pool] Transaction payload payload_hash=IQ0OsAAqKuTb3rn1mG0m8HnD24lpyNTi7VXgsTRnJvJRs7wS0JJf1t6gPFHOJ32+MsZZeVumcfL1rBezKrtxuQ== processed in 67ms
[2026-08-24 06:43:04] [DEBUG] [api_router] Transaction payload payload_hash=RgzE4auwuRGYFMLIh5he1bJXbC7HEcSqcRdlQKNEY+e9VvOVPX0NEsycVD+DbEBNoYvDmg7738KDS4gaoAgnVA== processed in 14ms
[2026-08-24 06:32:43] [DEBUG] [cache_layer] Transaction payload payload_hash=SRbocY5HitVVJxZM1xzQ8jMVRc/0n3zqBhJCn8xgW5DaaBaDC+DImU6qqrtG6jkOOddiLko72jjMQWbsXgbETQ== processed in 379ms
[2026-08-24 07:08:20] [WARN] [payment_gateway] Transaction payload payload_hash=OzAXPGHMxieGNrQ+d+hzcMxqE0qu5tYY1N6i1b28969anJz64yiQKcztQq+WoybezCTQXvOPi6a36aoesH1r4w== processed in 49ms
[2026-08-24 11:04:37] [DEBUG] [db_pool] Transaction payload payload_hash=xVlEYUxDBcS9/yJdAFNIPd8I6mjgzNbx4S0QpsauXdyxq4AJ06iA/cylw1VJUKY+1h8oy3QiFZS7Pi/8dnTB1A== processed in 378ms
[2026-08-24 02:49:17] [ERROR] [payment_gateway] Transaction payload payload_hash=/ePr6esHxNMuoITI/bmxo43kGl/wiqne7U4orHO4mYv0fbq0pgHphP2T2s3UXKKrn6TYQc2wMg8KvUpiLbMVsA== processed in 173ms
[2026-08-24 05:07:10] [DEBUG] [auth_service] Transaction payload payload_hash=g1Gwhe0TmI+z+xYGBj/iiZWK0iNnJIpaH0lFF/s7W/TEf8qGVrc/x5Zqy4ZM6RsYv4O/VU51+/1gMPjU6V8ujQ== processed in 13ms
[2026-08-24 02:32:19] [WARN] [api_router] Transaction payload payload_hash=neE6YlCZeMAauqLciFRW4KjQQ4XiL1VvlOQ8+Ux18BIgG8q/ep+1bub6ebrGhw/DNzKpy4Su3ISJMH7K82/CUA== processed in 263ms
[2026-08-24 02:40:26] [INFO] [api_router] Transaction payload payload_hash=4ORZLlKuntsEmZtEVRfimZBQgVMYqLZItKtJGeojkr8ZzGXwjLK8F7Rqq4EegNVpp63RGI4pRsuCwhd6XMF/sg== processed in 37ms
[2026-08-24 09:25:39] [DEBUG] [api_router] Transaction payload payload_hash=SlyIjSK0Hh4SSeV0FaKEg/mbMmn0AY9aJAf587UAJhb8hqNl72f8h4D0nGyZZ/f4Oe7hSzIEWsvt9BpK98YvGg== processed in 128ms
[2026-08-24 05:49:08] [DEBUG] [api_router] Transaction payload payload_hash=Hkn2k1GeTfYihFxnj5OApJ7dJm42QkMpKqE/wPh/bjB+wLT1ghpXYH9VedtVmRMYL0yGT4M9QvXASwjz1OCQjw== processed in 48ms
[2026-08-24 08:37:36] [WARN] [cache_layer] Transaction payload payload_hash=z+hrAkxaidSbRR4Y+RgjKpo7iXlDq5RiCFprCXNd4EBTXjo4oFcu+RcYMS3zwnm+tzWJpCRCbckU7FWEoa7mKQ== processed in 209ms
[2026-08-24 10:46:34] [DEBUG] [auth_service] Transaction payload payload_hash=1mEjofFUy+PyJ3JfxgQ92EHRjucvd1bz1IdEZkmgmEq4ZQethjRaOQhDaVLTMjrn3UeORuhYzyiJt3YJyFF5mA== processed in 315ms
[2026-08-24 07:07:00] [DEBUG] [auth_service] Transaction payload payload_hash=j0vzu54incXbOl4ecXhSfUcMJxk28wQw7AZ67M8jGI1mxCYa2E2eKHiWBSfAR9KH28NV3LHceVw3MtsbSsTPVg== processed in 208ms
[2026-08-24 03:53:33] [INFO] [api_router] Transaction payload payload_hash=aW98IU/WR3Kuhij0Zk5Nz9G/fakc2MBgKh6Ugu+oeqNoDgwXf4heITmoWsuL8pWkGuc3zA/wLFOX668c+Wnv+w== processed in 417ms
[2026-08-24 03:02:41] [ERROR] [auth_service] Transaction payload payload_hash=8nHbY+DM/z3lce411JS4N3MtLz1NSNbWzQOmaiv1ZvVM+p9gOmghee3300fXZN+AElnm6d25/ffGSFGDbnFHuQ== processed in 393ms
[2026-08-24 05:42:19] [WARN] [db_pool] Transaction payload payload_hash=sOe01gvObR/77YjSo9l0QKmK5Lu0CcbPi3sL9joM2h9Jdlh8FdMIZRrp4EqZ22CWfEIYfUCm7OAviTvLlaXMCQ== processed in 304ms
[2026-08-24 11:04:25] [ERROR] [cache_layer] Transaction payload payload_hash=h+rGqPxgkzXZbx334FzEO5ov4hLkVTpvwqMI4cQIzkZ2q1e5621zZ8Fh3KbqydJDJ4NSO+UDhsTlm3oRBCdHSw== processed in 136ms
[2026-08-24 03:41:13] [WARN] [payment_gateway] Transaction payload payload_hash=LmX9MP4+AOjjHIDUxrEeG4a2prygyUGBVbfJFfn3V8DKOxhKSYqkmNvsK0bRDW67PQiAooGkuQfKGLxaxnbjAw== processed in 293ms
[2026-08-24 07:02:39] [INFO] [cache_layer] Transaction payload payload_hash=bX2i+wjuo+4xraHnlf1tqwDiz8Eg6AfUcC0ZcC4SDXQIW9+gU72Yt9j68lx5hMKm9xvCB0lD7AoVb+grFKm7fw== processed in 493ms
[2026-08-24 07:06:54] [ERROR] [payment_gateway] Transaction payload payload_hash=YDhNow3zkwUm6ZT9zmuWDv32YX2YBiStlk8ksjuk5/K8my+Hmh5aDmxEzAEStyJn+YQVLO+9ToG907A+OCoXZw== processed in 165ms
[2026-08-24 06:55:51] [INFO] [cache_layer] Transaction payload payload_hash=c/2JoLjYFYGS8O3UCJ3zOiztwCggQ/sVzS+cMVS6PjQIObjYZZz2mkrVAAOmE1H8fL2jWHrkJJv5+Ly+pnY/KA== processed in 228ms
[2026-08-24 07:13:34] [WARN] [payment_gateway] Transaction payload payload_hash=6VDo2KMB5es8Mq8Q45Elx5pfJ/cgQKb61OH1MiXhr9bf6dFmPTZ8xwQDXG+x5llNJiqhMAZKImc2lVOYolYzLg== processed in 352ms
[2026-08-24 10:08:12] [INFO] [db_pool] Transaction payload payload_hash=SGTo8IJ2Ia6YswRVEim1KNvrd4bUSTgtNH3DSAAhgRpQFhiuqLjDt1Doa3rUTPjc6942Opj4BrmgFTU/xnZJVg== processed in 302ms
[2026-08-24 04:42:53] [DEBUG] [db_pool] Transaction payload payload_hash=S5Se20f1Yo0w5JplttkNO7Z83Vh6GDUlngdhoD5C90kWyAMpHqRWzlHUwkRNhZwuvHe5cq+fmM+m+u0xnXm+aQ== processed in 8ms
[2026-08-24 07:11:31] [WARN] [payment_gateway] Transaction payload payload_hash=3NyYGDQ4XBJlhD7hQ5VUdoPqvgQUrhQZEcUE5NmBJg0lwQ9wFSRqhJdeo+3a0LJ+J7JOKtdoCFNn2l8+/bRVbQ== processed in 397ms
[2026-08-24 09:58:53] [ERROR] [db_pool] Transaction payload payload_hash=mBlb+OrrpLW4IARaeeaIEsXMn28kYM2nl97+BqmKv3uAFxeDUSstSwmyUdWZo6KAcIYiy6JFHvRvDLJ1EnyEJA== processed in 63ms
[2026-08-24 07:07:37] [INFO] [cache_layer] Transaction payload payload_hash=7zAWyWa8dGGzGv0N3hRgFZfO3xLyF1jGedwJIxiDa3pxRhHh7NB5GDtBoBhKeBLGUyA1ZNBk9SzQ09L83VNeLg== processed in 130ms
[2026-08-24 03:29:46] [ERROR] [payment_gateway] Transaction payload payload_hash=e3zauZf0hmqdV5VR+/64s45QfTyB2UILKJmzTPxJ0COc4Vjb3iXnviSMPH5AlBSnoWLZ2ESLNt/eARHPfEkeEg== processed in 113ms
[2026-08-24 06:12:37] [DEBUG] [db_pool] Transaction payload payload_hash=38pT3cpYqCc26QmT39anJ4+KHc496msPXAc8yfp7NW1TYauU+Cctbg7SbBVbYsuH29cGd3DBZvDT8q2/RWzbDA== processed in 321ms
[2026-08-24 10:05:06] [ERROR] [db_pool] Transaction payload payload_hash=vURqEruMaCkoPp7AaSko/zGLzZXqGiHvcDXGqT4XGvBY/14RqnAp9lBLhxt2wbVTdn7FJhMrSZr6wZtGASqgKw== processed in 322ms
[2026-08-24 08:30:51] [WARN] [auth_service] Transaction payload payload_hash=68/NHSmqXQ18GjV74gs/oPVdbzs+Qyoj56D1D2u8OMA9k5ajbCAm1tJLdJvOmmPDA2zz3wa7rAsn2EcAHjFsYw== processed in 323ms
[2026-08-24 10:04:15] [ERROR] [api_router] Transaction payload payload_hash=tRlDtBGgjkoQEtQQQB0Inaou1Csh9+e6JvstPgBqf43BTl68ESeRwaUhX6phLJAu8Iwk4Y0G626n8lQfa7u4Ng== processed in 353ms
[2026-08-24 10:36:44] [INFO] [db_pool] Transaction payload payload_hash=u1czTk4CSiLAA/uWRHF1Y5haNm/zLA6TDNYgGPhJT8+VuzINW29Zajt2chX0R+gflRwyUYCUJy0QmbZqvYpwBA== processed in 347ms
[2026-08-24 04:43:00] [DEBUG] [api_router] Transaction payload payload_hash=EtWFJIjIy0IMckRWeznorSKU6lTSe8ZuPuU6Or3DfqhPJmnWgdUwF+UFPN27+36OmGQOJ5jkn8jZRyG+4cH7IQ== processed in 315ms
[2026-08-24 05:17:30] [DEBUG] [api_router] Transaction payload payload_hash=GQoousTVSE0KM3jLpxLyJFABEOJdcrwaTwhellb1i4dKKGV1mtfyznz0txNirVQD0CQCjONDXaB+jM1xdpljLQ== processed in 67ms
[2026-08-24 10:05:57] [ERROR] [payment_gateway] Transaction payload payload_hash=m6WkVTGlx1YQGudX2dtyCEsODlHKSnKQfNP2gv/tVYXcWSc9WoT5yZPdXq1jFr08J8OUmkbF515tYfqyz2T4Hg== processed in 119ms
[2026-08-24 10:24:44] [INFO] [db_pool] Transaction payload payload_hash=MqJfdrtZDZKVBQz3/JeD9g61KPIrtnEvyp0aoy7A2T73bzk6lP4gmRySw1qa+74PQiEWYyjouDw9nU9lVB3IQQ== processed in 427ms
[2026-08-24 08:08:52] [WARN] [db_pool] Transaction payload payload_hash=YLCKxC4aXvAXy0KJcUO0LjGQFhGeEDH95pJHIO7z57QQDWffrHmZHUEueBMWhMrqOLhEPTAZ43TQlPGDOknhUw== processed in 237ms
[2026-08-24 04:54:50] [WARN] [auth_service] Transaction payload payload_hash=vxv8rB3zvoOaw/99B6IBfF6kMQpieLfIz5Mqrj0AntOkiIz7mIEE17NVnthDAFL718tY4eu540SRd6JpwmuSBg== processed in 296ms
[2026-08-24 11:04:52] [DEBUG] [db_pool] Transaction payload payload_hash=rwuPOE2aHu4DafSLcxtWOjGkJoRFECt+RBnLXYwnV2zrfjxd/NRSNPrp5oPtf0Fjg2M7x3QhBvAT5BLJevqTQQ== processed in 190ms
[2026-08-24 06:21:28] [WARN] [auth_service] Transaction payload payload_hash=TUGt9YGLufUNbs0shss1YmZ91Hw84vnOQYFO5RwZlA9tkETY0PeUiPBwY0nmHZXril4nlLqE5Nw1tLW1IvYSdA== processed in 210ms
[2026-08-24 09:29:32] [ERROR] [payment_gateway] Transaction payload payload_hash=oc01b1xXnM12Y/iCHj4o6qXehxVFTHb2AInJAHajrQ3tfTkiFgy1yJ5Lfb/7VKWkoUVc0LqbwQHgGoleGumjvQ== processed in 264ms
[2026-08-24 05:47:11] [INFO] [api_router] Transaction payload payload_hash=MHiMivpwWGDEQSi5Snmz3bj3hd2qQ4iMVnZHPHql/FEAgYXoB+LuLpvWkti2ytGj7lszpmdAZhmbV0U1BiUOTA== processed in 446ms
[2026-08-24 11:13:34] [ERROR] [cache_layer] Transaction payload payload_hash=CeT8UIXkbN9gIGULKiQ2sYGf+BmaJzG/r/BuZ4tYdVCPOc3kf6l8mH+1TCZKBCWxbgAEzLnqi12Ai9diEuNe1w== processed in 333ms
[2026-08-24 05:49:10] [DEBUG] [auth_service] Transaction payload payload_hash=PixuvYENugf+gevVG3T8TWmbY8/1y9/WRiC9wVxJXXKJ3xXrGQaBn31tfPksE6QwkeMYNxHUzgXMjp294/6duQ== processed in 316ms
[2026-08-24 08:19:58] [INFO] [cache_layer] Transaction payload payload_hash=3PrvLAhw4P2MgfRnCi/OVdUXQ+qD70UIc6hYILVkdtyeTPeB3aR3s7ZU3qgv5bkzoV/wHZ2opZAkrjinEI8GzQ== processed in 113ms
[2026-08-24 05:11:54] [ERROR] [auth_service] Transaction payload payload_hash=dsEsVtugXjDX66SoRKpJ1xqh/YzzCUluVjO1LlEW6bDUt4IqL8R0tbh69E3qwpxgSwEVf6RwYNuAlymWdEFumg== processed in 86ms
[2026-08-24 06:02:37] [WARN] [cache_layer] Transaction payload payload_hash=h5UkrU1KK2ZC7eJEIWY30z/NscxdY8d/kAcmAqiFfJLYzrpQ5rtxh4hzZRZpH9SOgg90R9adCDo9lyvJK//6VQ== processed in 272ms
[2026-08-24 08:34:17] [INFO] [cache_layer] Transaction payload payload_hash=TsRV+xIl9LoEnAkL/FZm/ecGc0kt5C0x41fkDmedPsH4sHWGbM0oG/+xB2YOC3LLJBQH1UV8jQLBEfGnoInIZA== processed in 375ms
[2026-08-24 03:29:46] [INFO] [cache_layer] Transaction payload payload_hash=urUsyzoFXZP37KkvNqOp0GYrt4ljOZSGzEO1961v9gl4cVokx+KV/aFXsXkT1/HspB2ui59XPvmw2wxOFUfPew== processed in 471ms
[2026-08-24 10:52:42] [WARN] [payment_gateway] Transaction payload payload_hash=PGKUKpMcrqOHVemMnIvaYEtj0JIb5PmqnRF+k4fJt5UjSqmqCNC8HOaMbaLlwsqTmk4IlxxusTB5Z0UOt4Ugiw== processed in 254ms
[2026-08-24 08:24:11] [WARN] [api_router] Transaction payload payload_hash=TUj1C9Mw26eudjhbDRYm7c8RIag2YEXN1fmqUZtQwdrBJwDJ0VvE6unChZUP9gA74nvIQ/krdPtXppoDfQHe/Q== processed in 315ms
[2026-08-24 10:44:02] [ERROR] [auth_service] Transaction payload payload_hash=R5NreiZrUMCWo7jhviK8b1AftcQwtFJQ6fpnUX0Qf2gTzMximNbe6uvsHJl/6BRRV3geZdp5iGm9YUjy9nt/IQ== processed in 118ms
[2026-08-24 06:15:30] [DEBUG] [cache_layer] Transaction payload payload_hash=9eg5Px319BQ/Y+yu4DnHa5S56dSFjJ9c42P+qsT9RgTVtaBz7CM3383lwQO7/gSdBa/zYNTAxrIaDmWdqEw8MA== processed in 385ms
[2026-08-24 10:27:59] [WARN] [api_router] Transaction payload payload_hash=NAh5x7ZxitZ3aB+76DRqUCKIUC5rrOeWhQBYgMIlVDZGbgWoaS7M9tpnHazCt1Ss8n2uKNMzrbFKjI+DHRE3mA== processed in 270ms
[2026-08-24 03:31:58] [INFO] [payment_gateway] Transaction payload payload_hash=gf2SsvUrBSw61QeTK1y+dcA8TiLNIrFlKkSMfVoa3ml55VgID53jSdMdFYzZMoSA3naclPjIrmrrJYDQP8lrKw== processed in 407ms
[2026-08-24 10:14:04] [DEBUG] [db_pool] Transaction payload payload_hash=O+C4A+K4J3tm37FEVvjVrhrC9eSDnhkk7846yAgXbg63GpuNe/GIxJCWsM16G9442rKN+nNPl0VMr4L2zhbKWQ== processed in 187ms
[2026-08-24 08:12:58] [ERROR] [db_pool] Transaction payload payload_hash=D+/8mi0TKi7HMp0qzalVf023j32YhensyxjAmiwM2WAEW+nQjmwMWr/LGejx11HPv5cqxuStqkWArf+SSs9e5A== processed in 487ms
[2026-08-24 04:49:36] [WARN] [db_pool] Transaction payload payload_hash=89UYm8RJVmgIGEH04miDtPdC0mxSXCWfF2cHZcOvY/Hsp1CPDnk6qLsY4QjaT4C35NU7GGajUQ/uA8TgSg8gNw== processed in 355ms
[2026-08-24 04:09:16] [DEBUG] [cache_layer] Transaction payload payload_hash=+g9LAVqd0sQpdfJZcxQPQsgSsZU230VcqokfRma6lMlcm1q0/c3QsKzRTTtGXiuOpjDFo3Jh0SUb0WfrO241Ng== processed in 445ms
[2026-08-24 07:26:02] [INFO] [auth_service] Transaction payload payload_hash=9KyZ3dExv6jzyaw8IqO+xBxhGTWSfZQuTk/u1RhJ6+VRYpelXhJIKx574U6k2QSjUXs0+FlKw7ymQ+5nbvOLVA== processed in 296ms
[2026-08-24 02:58:45] [INFO] [cache_layer] Transaction payload payload_hash=B6GwFoyWeLibNcwE5w6tuQnnS8tQ/xfU8VDq1Ll71ub6iY+Ia061EDP/zHO3qld8op7VNSscfD8XQx1P3o/X4A== processed in 413ms
[2026-08-24 10:30:30] [WARN] [db_pool] Transaction payload payload_hash=CFte3bttGUSx2N+UVoSFaKS3Bl1ffY/nE8s4DjVXvqeUlqwXsCj4TS2Sd34uwPnFa+F4TOOX7icaVGgXMGQmMA== processed in 254ms
[2026-08-24 07:23:54] [ERROR] [auth_service] Transaction payload payload_hash=0FqRQjgX0dbqO39HARIJWuRKoYqiYudek7B+vc11gFfJUD6ZT1AhHY2DDZsgbaZvNHI+swaeGl1fke9PDV3JYw== processed in 429ms
[2026-08-24 03:32:02] [INFO] [cache_layer] Transaction payload payload_hash=/EuvDqMsoXTzF+BXa46+Y3gjRmYqO1OINaZLue+hDyz4YUw5eRFupqCT9ej214kQHixn1FZirC87kl9XM9gMxA== processed in 413ms
[2026-08-24 03:52:45] [DEBUG] [auth_service] Transaction payload payload_hash=flz1lRL2a2aef/p7ECigscMBRR/gyhwkaFIQrA8G18Ns4QZ80JmXyuUw2hdUxM40xHyO9l+jIfGyqUX5QhbDeg== processed in 295ms
[2026-08-24 03:32:34] [WARN] [db_pool] Transaction payload payload_hash=kIRp6HdgIniBZ7sB2/Am58tlDmV3DGEOaw90Yvpva8okZ6whN9mnLZmHcao0DfBJjFwglhq/kkv0M0sLGiclSQ== processed in 417ms
[2026-08-24 06:59:14] [INFO] [payment_gateway] Transaction payload payload_hash=GsLZ+tSsIPPS1ZC+k4lAXT4X5RmoMwcLHvAq+hpoawKR9fDDizzoSyf3jr+8zN1vBdgEK6bwg9JFHQGbPzh/uQ== processed in 453ms
[2026-08-24 10:04:39] [ERROR] [db_pool] Transaction payload payload_hash=Ja/RjRsqv+fQvNQArJJd5BwlrMxXJeawNQFqqUNYGU1q6fD0kz2+kyph2hBoIOgiFaThZsny0CU3Wzc+Aa4QKA== processed in 147ms
[2026-08-24 05:14:00] [ERROR] [cache_layer] Transaction payload payload_hash=qpAtcEgDB9aBDhcXyTnk33V196csr65QxwosXNbjjcykqh9uW1AelFLLr1U281utlCWA/IQ6FzIGDPSVwUTRTA== processed in 15ms
[2026-08-24 06:31:28] [DEBUG] [db_pool] Transaction payload payload_hash=ShnKfrBPnPrq2uRn9EFxjl8jcKhzFQPHW4AIVnJHNDzroPHE30zIJf90+Wbk3bH1asQQLxTOtXGoQNk/U+nyGw== processed in 290ms
[2026-08-24 04:57:37] [DEBUG] [cache_layer] Transaction payload payload_hash=wQV77pcYyL2o7F7bwdsYE4dODFOLLMk9Fawqq50q4Wu8uAgZuOhO1c3yDDoReygYC8EMkYNtMvZvk83EPyT5Lg== processed in 372ms
[2026-08-24 06:57:52] [ERROR] [api_router] Transaction payload payload_hash=ctKr1yRo2RtEMIz13ica2CQAdDPZS0M8AgLq/M+r/qys9KpPswRvFtxC+OEhnHXNofPRbi+R+pxmWTyCUZTltg== processed in 439ms
[2026-08-24 04:50:16] [INFO] [cache_layer] Transaction payload payload_hash=vqmFeRBdAOX58dpqvb3AvwJc9ckJCFzOM+zcCMjGXaww8f5yH6YrsFEq7Y2if2TsiU3Y2E9TF48q/Epi+r1ffA== processed in 3ms
[2026-08-24 07:40:10] [DEBUG] [payment_gateway] Transaction payload payload_hash=tp/tm0GjkFHeliXV8nbTFJ+ehomm2/ujnch8UqLBJsfg2dkfz2Dap3mmz4ro49T8JctdPTyjj9/XcF29BcpTdA== processed in 117ms
[2026-08-24 08:22:05] [INFO] [auth_service] Transaction payload payload_hash=RlY5EJm6jRTan1FDJnYxz/zjzz4S1JIpoCMZjyRiqi/Qn88DTv3blD6LwMGXQUklbEVlbEW1P0MZ30XkxVK1/w== processed in 265ms
[2026-08-24 10:24:54] [ERROR] [db_pool] Transaction payload payload_hash=my33aoUP2s+Tg0VT2zrSvlnkkH/9jKnO5UvneXKujJ6an0PvZpog1lUKr2wCQ2RAXhPTJy4GiZwvTau9qs3d8Q== processed in 98ms
[2026-08-24 08:46:56] [ERROR] [cache_layer] Transaction payload payload_hash=/cPVBVHyw3oCaeGS8GAAzoyVDoMENbOPDy4kDnMAN5HXtqiDaxl9vAEHate7AnEne7mZhmYxiRh9Vg59k9FXmA== processed in 407ms
[2026-08-24 03:17:32] [WARN] [cache_layer] Transaction payload payload_hash=+mM0wOHrNvmDnriJG2FNcfA65k5v29zt1FI/Ln4hPGVSmcu7sMZG0AoRZYoBORZ/zLCn8sYSAQsCbp2SLJ9qhw== processed in 332ms
[2026-08-24 04:43:23] [INFO] [payment_gateway] Transaction payload payload_hash=Sk8vhjsk/O37WmJkcvsThBDtOJCLsMDDPsqmrZJwmgjJ+bMbu0kFIoWYaJZvs9PFHDXGu6bTkqhBZF3AleyQQA== processed in 230ms
[2026-08-24 06:17:23] [DEBUG] [auth_service] Transaction payload payload_hash=qFp1zbtUHO7dK3Crz5V+a8yztLhw6CufwxLjOzTmI+JDmHpLPzFvI9hBx1JIKkEGfeQ0E2Mpq30sibGxzJEdhw== processed in 367ms
[2026-08-24 10:08:10] [WARN] [auth_service] Transaction payload payload_hash=D623ed9c6WwjWmNhoUHPQinooXwTdB8H22ojnjNco76gkM8V/2XYvGbqFq+nhT5ljtwZ3hAXMsIpeb1NZEAl2Q== processed in 329ms
[2026-08-24 09:13:11] [ERROR] [db_pool] Transaction payload payload_hash=CqjcKXU1TUkk58O3o7pVVUO+32AAfbo8md/Z8WMMGvOAPNvQONvVwB9IN48pTRvCPmEXXBy70AW10pGkMI6Pkg== processed in 87ms
[2026-08-24 08:37:49] [ERROR] [db_pool] Transaction payload payload_hash=+SIx1bU/KmxefGk31+WpjUqum7oT2TLTG+D5Xod+DvN0a6AO4WlEqdpXKdulRSYKMhdjmZbnYuiIEMsHV9sQdw== processed in 323ms
[2026-08-24 04:03:57] [DEBUG] [api_router] Transaction payload payload_hash=tFRUlWQ0RnRrqIGZDCt/EufvjFKu8wHJTa/M+KyQ/jkyOEurqQyg7H085IAnJermRGjjg+n1NPfc3r4eQbR2Eg== processed in 34ms
[2026-08-24 04:03:39] [DEBUG] [api_router] Transaction payload payload_hash=HGkx5xByvXTyMXwKodRyIImtH7ztBclZL7IQaDpuHho+iFjoISeg7JaT+xrb4T7AzvF7lM3cMpGnfJ8hNKs5WQ== processed in 76ms
[2026-08-24 05:06:31] [WARN] [payment_gateway] Transaction payload payload_hash=pK26P0hDFxb42/OAbrnljDX/U7D97uork5HOm5dbabcwycsbe1fnJyBEhMdcM0TpWyrjdIjMm0hYk6Rc7tpGzQ== processed in 426ms
[2026-08-24 05:21:29] [INFO] [db_pool] Transaction payload payload_hash=6BMxtOMzo47umZwawuJU3lKSvUhvhsUg4G9aivN7FocuSym+mVIU5FAiipY9O/CPbnVLi4g5jaOT39JyjzSbdg== processed in 365ms
[2026-08-24 05:35:35] [ERROR] [payment_gateway] Transaction payload payload_hash=uc9wth4Jfqr9s5MXCRwj+awWK3ifWYzwkTG9TxCslRDf5IZbZln/JQfET3w1BU7usbC1uY18KunRbnoLWHpqog== processed in 83ms
[2026-08-24 07:32:44] [ERROR] [auth_service] Transaction payload payload_hash=WJYJ/lzSvokmoraY7x8sgnO0U4EfMMWnqfAezMe1Tctc+tFyCpitsCC/RpJVrjKuiICCQyXf6sTNE6qzAafppg== processed in 66ms
[2026-08-24 05:07:42] [DEBUG] [cache_layer] Transaction payload payload_hash=0xfGl1qPmuOSH8cDZDgB51ymAy/88ksGl6dSDwSC8RU2MJDjjrBChHRCxaQWs5tNAMWsXEed5DaRVmsJYt2O0Q== processed in 32ms
[2026-08-24 06:19:48] [ERROR] [cache_layer] Transaction payload payload_hash=xIg6ciLd1s4O/dm+Jyw0XtlAl76qOE/xTfipQQR+TOgnkEQx9ziTi+oVhn88AE4KTqo4QgQKqZWb7/XTzkZjNw== processed in 174ms
[2026-08-24 08:41:56] [INFO] [payment_gateway] Transaction payload payload_hash=7JUVzakn2yjE6DLL5jP0zw5Pi/NlNRas/JIMEmQTN4dz9KA61AGp5ANXDJX+f5XRRk09p4+/pVEnaOURO4sVyA== processed in 256ms
[2026-08-24 02:40:17] [INFO] [payment_gateway] Transaction payload payload_hash=g2KZfo2tRhi7OWR/w7uKdmdkQeahL0QSOs4uyYcXlezBRu1nLZ9WGzlsEWQVGtpvvD7b3zc/5d13Nkp0lkyJoQ== processed in 366ms
[2026-08-24 04:35:36] [ERROR] [db_pool] Transaction payload payload_hash=melbUeXpeRSQ+uWPkkBHltwkFdyJBg9UPi1wbydO5OEBoU+ojdZHJ3lc6FmI9NhkPsrg19n3II8JCbeD3HDAqA== processed in 34ms
[2026-08-24 04:15:32] [ERROR] [auth_service] Transaction payload payload_hash=z07v8bJH1cJlnhAL7EH2uslOLhN22zZybC/A5suNp4KUl0JAiDoCDKxZ3UUC+MGR/RNDw8ffCLTKa7THuxSrKw== processed in 441ms
[2026-08-24 10:05:11] [INFO] [api_router] Transaction payload payload_hash=K+2GCCcHDmgCVlCm2PPDPkf8A+U8EvyO2xzRzaEjufR22N/CxY+5PYBLqItfKTKiltFkMnLzjE+FMWAx4vpA3A== processed in 344ms
[2026-08-24 05:41:45] [INFO] [db_pool] Transaction payload payload_hash=Ds6Q3Co6ZBb8ohZYAUPhLvfHizdf0krb0HKXQCyueqpGtQHjjSaNBTwOV8S7lyEm0nbL/Yv48nqnvux27I/Xqg== processed in 19ms
[2026-08-24 05:36:12] [ERROR] [db_pool] Transaction payload payload_hash=yRuRAS4R7dylwd+Jo8thhlc+WDoHPIvdBHurLk3eIXO3xH711OgaVbBC3xchc22/BUl3w6+cromMOsLghe5BdQ== processed in 368ms
[2026-08-24 09:48:22] [ERROR] [api_router] Transaction payload payload_hash=xPdgLa4s9RSPNcXbWgEyxcdHG/T9im9nDcpPfZcUv3Pc5U8B37a/+CMUTwqXH2W1m9YPqnOBQ2yxhB+EZG+K7Q== processed in 29ms
[2026-08-24 05:43:02] [ERROR] [auth_service] Transaction payload payload_hash=V2MJ3tQg80kuINgQq4cQZkPpSNAL6s0Nfrao30RHuKPj6gHHyuDu0kvX5Vq38q4z9dOzhu+zuAn9/aoAdCqM2Q== processed in 127ms
[2026-08-24 05:44:20] [INFO] [payment_gateway] Transaction payload payload_hash=5XxRyTJQgzZAiePplPPIJZxJERexKPHEL+Inkbtm9eJrmwlF5hun9sv2jQ6MLC0ab2TU0e7wqK3d0BJBtxoYcQ== processed in 178ms
[2026-08-24 10:00:44] [ERROR] [api_router] Transaction payload payload_hash=RPgYM+h1jeTkIzS4Nenqk+nLbxLU4FKJYW5KCo0MQl5CEZZS5rJibx80dwrrcbBxahryAkIjOOkFijn0FswoEA== processed in 310ms
[2026-08-24 06:35:28] [DEBUG] [cache_layer] Transaction payload payload_hash=/4/5Ps5Ek6wr/5O/c2MPiJ4KKOeSf1mOSzn/6iFfyGueWrpiyAMh8u6snJDrC68++oPx/zHV+tK0WfvJn8MilQ== processed in 320ms
[2026-08-24 04:58:15] [DEBUG] [payment_gateway] Transaction payload payload_hash=YsWzuQvP0clSXC6B04O5kRVmhJL9LpebAa0GlQ8eACkqe/7c7euNuhHT+qTLgamjKD3+50IE/7VZohJEvEq/wg== processed in 157ms
[2026-08-24 10:42:59] [INFO] [db_pool] Transaction payload payload_hash=bODfEVA/+3bLR3dYAKEf+mIWPKMTe6cerkEluBhfE+HBljxhZDNH0eizfxMn23CulTHKp6OZBocYXY8eMGxIQg== processed in 467ms
[2026-08-24 10:05:07] [WARN] [cache_layer] Transaction payload payload_hash=OVe8xVvWKTxpFCho7ef5iUZO2ysIGmgvjSCAr6jFjcsRj0pmKxUOz1IiKrVIIXnPp3LWbH+CbAs3q9cfwsnk5g== processed in 207ms
[2026-08-24 11:20:25] [INFO] [auth_service] Transaction payload payload_hash=dnoML1RO7v92UU90vyRE3ApBVk5TEkHyhUsiUVo8WXqDExBYZFS/g9ajC6nesN57ti4J0ZdJA946XeC3GnMkHQ== processed in 348ms
[2026-08-24 07:11:07] [WARN] [db_pool] Transaction payload payload_hash=QtHSVZJUE0+1TN3jDTlHbT91jsnY7AmlTL+aVkbdUHMJzIICpOX2v1ngzdDlSd5ZhhRhQftQtW3SEZ30UX+4MQ== processed in 483ms
[2026-08-24 10:02:16] [WARN] [cache_layer] Transaction payload payload_hash=ioUIgPfQrF5N2pVMyW+Mv3Tv2ZCzkxpzu2GQ/MdT3L6WFBj7lG7OMjjihDDPKS4L67hhiUSPqVHvfPKbLL4Cug== processed in 79ms
[2026-08-24 07:07:54] [ERROR] [cache_layer] Transaction payload payload_hash=6TswqS377XaNVS8AvTcU+Q6BZrmdxbXq2Qh1lVXbuq3d+9nYlkzkE9zVmqXkh/dN8mWxLtM2c9GQqvvSfO4BzA== processed in 46ms
[2026-08-24 03:28:17] [WARN] [payment_gateway] Transaction payload payload_hash=ofeCQS+rAm8oUFqJhleCiMgpSLPUkiHA1sG18+XnAr1630vwwctbdEswoEU3w4r6DC+GRRxcys4r0U8AkDfwAA== processed in 342ms
[2026-08-24 04:29:38] [DEBUG] [cache_layer] Transaction payload payload_hash=pNnTGIR8eXUjX4NhTwwNS36rTpDTY4ck7Zk+cLsFZ0B2wy8Uq1omFm8CXHHi/hGPPaF93C0+8MK72brreyvhjw== processed in 480ms
[2026-08-24 10:25:38] [WARN] [cache_layer] Transaction payload payload_hash=TW5JyEZS14OmWAmSyqfjwRucOBXp2FTqjTY4JstAE/FMR7chIUkKP/IHKb5sLEh1wP7PQmYzzk4AaRT/aoF4+A== processed in 92ms
[2026-08-24 06:03:08] [WARN] [api_router] Transaction payload payload_hash=6aZg3YOZNDKrUVAQgDBsoHNxoGk65Go1sWXhLbqNODD8Hw6FR8QHnK8F+MgeDcnOplEEnBMnGQLMwHDKjtxfLQ== processed in 422ms
[2026-08-24 09:52:51] [INFO] [payment_gateway] Transaction payload payload_hash=urMPiCWcszzs6lIXKgRGCqrrp8MDlZTU/S+dgkXp+yzoodV+5Yc1mYnl0VR0LN23BU7vIVgO50QkfTplbSD/zQ== processed in 121ms
[2026-08-24 08:00:04] [DEBUG] [cache_layer] Transaction payload payload_hash=1ql77nLIVHoq2IwAkWJwoxRl2XiXoneDY+j9UwkMwQfw+xPnOINVg89nHOODy5rD7JJLD99+vNobbxGNn9k8XQ== processed in 246ms
[2026-08-24 02:41:35] [INFO] [auth_service] Transaction payload payload_hash=vLS+corVTtugeaShANVrc8+FTU6ALet8FdN5m9dIiXX+XjP8dGqv6ab3Ny1ocMo7z0JiTB79sDzwo4eo22Gkjw== processed in 248ms
[2026-08-24 06:44:48] [DEBUG] [cache_layer] Transaction payload payload_hash=yqde4i3QLsGXaUGPvp3rUsqZqVBjuZIsN2Vmy/CXAgTtXVjw1nWN8W234cw7rcbeJoEKIrBdHneWZwU7YO1Utg== processed in 175ms
[2026-08-24 05:12:00] [ERROR] [db_pool] Transaction payload payload_hash=Ouq68+8DVP+o/x2ZL4H25bdSuEV3amOPqFyjf6/xxIY4XkGkvUkDb3ZYYxgi1nP0ztSvxs8vGMAnmlOwzNECew== processed in 421ms
[2026-08-24 07:17:24] [ERROR] [auth_service] Transaction payload payload_hash=sLSXdfCQn3Rf2kF9cUC6qF5xbfrZ/WudYMOUn9GGwzSnqFoecbYbtYupE3X2mycudyZlibLQeNSouywWWYJhWQ== processed in 420ms
[2026-08-24 03:29:47] [INFO] [api_router] Transaction payload payload_hash=RF71LRmKpCFgpFmp0pVKQ60MhW2pvLeikgfdXkAkfNIaEJp27qudiVlf6Tm5yOp74aZuMU8aju3Ug3oviapdeA== processed in 477ms
[2026-08-24 09:04:29] [WARN] [db_pool] Transaction payload payload_hash=0EhONhD6q77eJw4JGKbud3NOPYq9IEmzTkgRSbLu7wpZZD7B/kLd531eUW7WOlPxIg4B3xY1SQjZzvr0PZPFCw== processed in 375ms
[2026-08-24 06:01:23] [INFO] [auth_service] Transaction payload payload_hash=VJi0IOIyRg8sIZQGUWxUmdfaCX1YtcUSBDSygTklUxtO8WAycCpmUZyFkwLmpO16hi5ZkaUSDwcKacNeKLoXbg== processed in 10ms
[2026-08-24 06:59:57] [ERROR] [payment_gateway] Transaction payload payload_hash=J73KC90ha2mIu4U6bwtRSCorpfrAmMzacUkwV59Ba/uRQTWboUnsIdr/Lnh4JDxmyGE8S8gf+6B1Rzs2G8Jp0A== processed in 338ms
[2026-08-24 08:55:42] [WARN] [payment_gateway] Transaction payload payload_hash=EoCfz0Qho5OxMLqCNqeABRNgngrwSiWCbzzGQw9pLz1GS9Y8JYhHmZST0mG8la5EkHqFQ6hw567WaMsNgnwtqA== processed in 410ms
[2026-08-24 08:02:45] [WARN] [cache_layer] Transaction payload payload_hash=WHwsTt7vpT/qx6BND/+VVgNoGYuAru23Ru0aJd9RAbd9ggI/02aZx8xLOO9UATMM4mJn9EIq3BBqxKjsVIYtFg== processed in 463ms
[2026-08-24 03:48:36] [WARN] [cache_layer] Transaction payload payload_hash=aSwlzT/crzZV1WRdkKu7BcFzV6AR7ZSKhDADmda6uiQs0xaoVQ4Xrrat88+/+4o7s6BSW222xgwcviDISoe/Tg== processed in 54ms
[2026-08-24 10:38:40] [ERROR] [db_pool] Transaction payload payload_hash=x3PnBRGaubFmUa+RFgeV9XZuggVTS+u18752N7cYp5FHPrB985t5ErW4XRhdZNtCGsYraV+spNcxkJdQS90L9g== processed in 249ms
[2026-08-24 07:46:05] [WARN] [db_pool] Transaction payload payload_hash=RIjAkgwQ/eI/vY6QZwv2HtRJx/oc1tp1NaXhlUw/0RUu9Yy7/WkHkxIlJKwW5U5VsEjRTK08pjmHCiNzRCRnhg== processed in 219ms
[2026-08-24 03:41:38] [ERROR] [payment_gateway] Transaction payload payload_hash=mvFEgXBi2eExcjUdBzYSTdxjPUelbGR9HYbnSSvCzRg5KJtYOdPZiFu3PO+Jnal4JzChyZlUTf/YbRJhp7ymWg== processed in 36ms
[2026-08-24 07:31:43] [INFO] [auth_service] Transaction payload payload_hash=zaks1XrUHu4Ihcm4Xmob0T1dsNf+9mAZ21Mj6TaE7WGNdyoVf36dlq5jmZic5/KOLsFReWJHhCgC9jA9oJvy8g== processed in 175ms
[2026-08-24 09:30:09] [WARN] [payment_gateway] Transaction payload payload_hash=IhCe1yaHzwQNOZaz6KjE46PbInnV8IFl6aC5ljg2Ljr0xBogWwLFEd7ItqR7ASyNtHbgJcX/NsN/1983fKHHDA== processed in 463ms
[2026-08-24 02:35:33] [WARN] [db_pool] Transaction payload payload_hash=esMiutuJJUb01kfKieVAtp/m628bxZzCGx/bg0fus03mDfJhGLaohSgmnjtyPSGrhIRPwuSnKUIphaYdEjsJbg== processed in 85ms
[2026-08-24 04:37:20] [DEBUG] [payment_gateway] Transaction payload payload_hash=jQ2falCNjLdnL7LqLsGALYvXgwXx+2o9MKI7fa4OLEativyQuJ/fRinjNNg5XgcCz6+GxtFU+eUeYW2TRlXi9w== processed in 497ms
[2026-08-24 10:41:38] [WARN] [auth_service] Transaction payload payload_hash=YZG4vC7aAjHuZEwEpC+GxD8MMSE9AxduCRXqNl7UYaAP+Loh9JvrO/eEYafB96WRyI5ndkhBxzn3XT9KmjKMVA== processed in 5ms
[2026-08-24 06:45:27] [WARN] [api_router] Transaction payload payload_hash=sOw79Ggp9ePwg7LBz3jY6QJQhMpoZWnUK9Qmz0ApJTaoPxCfUq8aNE3TF7KkiCwNpekU/kDOFdRxdU6D5mk1Uw== processed in 120ms
[2026-08-24 07:59:07] [DEBUG] [db_pool] Transaction payload payload_hash=U+rVSbtciW0IuJVHxhgxo1gaqmPNNGZL1jXZpPSX+Dww92EumHELJ3awdIrVTy8Bmv1XOmkMzZqZJQ/mjGuGBA== processed in 114ms
[2026-08-24 10:24:48] [DEBUG] [db_pool] Transaction payload payload_hash=XWjJbOThDegQ66TLqf/yIrJeqRJKSsPjVDQkAVhyvo9V4EtLuMVoqC2aIFofRpyqRAYKPnhUr6CO9EpMmmg2AA== processed in 113ms
[2026-08-24 08:11:03] [ERROR] [payment_gateway] Transaction payload payload_hash=HiOTK7goGtlVmyGzcxJkgQA0+l8WmHQAcOF7dhSd3CjFprKVSZwVCxDtk+Xd2ac2cn6bFlwLWpLGTFgSLytSYA== processed in 110ms
[2026-08-24 06:59:29] [INFO] [cache_layer] Transaction payload payload_hash=bM8RhM8TkIXLO9X4jF0l5PE9b5YmJXW02/6ccu0qHlB6OvZIvENsUwjT6qsMI2EJiQ/0XG+AJYe49cVE9O8K/A== processed in 242ms
[2026-08-24 02:29:13] [ERROR] [payment_gateway] Transaction payload payload_hash=bovKXFz9UHQ6H3o3DmtV7ymnG5hvgeMvsKsdYzFWeD4Pb73WoEHYdpd3kgrCkQG4EN73KM9izEMyoDoEsxe03g== processed in 207ms
[2026-08-24 06:54:03] [DEBUG] [auth_service] Transaction payload payload_hash=eXMgMTvqYvj0mF7HIj5L80BEp+69TEsXiW3C9yEuLeMabOinWh0n/4Jpadv1xye+W5yF2BvJFBgEIufUb8aNKg== processed in 35ms
[2026-08-24 09:26:53] [DEBUG] [payment_gateway] Transaction payload payload_hash=Lu3YwJ6l2C3onahB4f0d/UZw/lbJXnsxkdx+RmXvtl691IESbDJ3RQllU5JAhpxecB4PlY+DDXTt+I8lSdWZMg== processed in 260ms
[2026-08-24 05:28:53] [ERROR] [cache_layer] Transaction payload payload_hash=7fS3tVaLe8HOJDzclu/11t/wPix1qnHWCGsWy7XJrLvB8mNjwEKFiE6XR2gFbV01MmF2EuSgb1JfsKobiP5Ybw== processed in 142ms
[2026-08-24 11:16:43] [ERROR] [db_pool] Transaction payload payload_hash=m3gVH4KvORM0xZGxr+yTszLD/mfMgadgUdvvXl6Fff2i408NToS2gN799teZb1u3CWTTALdkmmjRYi+T2HkHGg== processed in 310ms
[2026-08-24 09:31:02] [INFO] [auth_service] Transaction payload payload_hash=RxShSXKuR7eWEHYKPDPLGowReqhfb//jFRpOagSZLXgHZKg08AfGszu9/mlw6yIG50tV5H39Mwsvl4/WRg2Jgg== processed in 420ms
[2026-08-24 09:24:16] [DEBUG] [api_router] Transaction payload payload_hash=nNzUMDsN0QEV1Svc7XjzaxWjmF/cIn0c1mo+6qHU4MilKXDMjl5kIJeEk+wTn4FTQUBaul4EvRj4NvaoWFavbQ== processed in 414ms
[2026-08-24 08:08:17] [DEBUG] [api_router] Transaction payload payload_hash=vRsvg5oLZM0U8uE5evUSs02boKOifXUwJtwvAzi/7fAOsXH9XgUvkbRQCY44+nBEaEnMTZApJdQWnqDuG5Sk1Q== processed in 86ms
[2026-08-24 05:04:21] [WARN] [cache_layer] Transaction payload payload_hash=VLIWWoCOb+yPxcYxQLlnsbQ/UzwoQcpensv9a/HUr0CSORugzo19ObPWD0U6SI5eWb0dxY2KiTeaTnicIEN9lw== processed in 455ms
[2026-08-24 06:19:51] [INFO] [payment_gateway] Transaction payload payload_hash=VQbSlwPV7CFnuMCWyKl9j6ioQJ5UR+fXELSfwQ7WKRq+STVg/SYqR9y+UEvdYHmqIqncFKXrlgAuemmph50Qvg== processed in 457ms
[2026-08-24 07:00:04] [DEBUG] [db_pool] Transaction payload payload_hash=uVWs0IdTtLHmFn06kVUQnpThNjhyBacIsh+SOlmUeEVn9KEnbI8yxQln6O822EGQPJoWuJIR09TDwxsehbW07Q== processed in 283ms
[2026-08-24 11:19:18] [ERROR] [db_pool] Transaction payload payload_hash=aasSGNaIzpQLBozh5XbqCSW4C4fY1/xttSUTM013Y+QmyE9scgLJr2EZwWntrB7MDT4puQKKeiV8AZSd6KGuTw== processed in 237ms
[2026-08-24 10:24:28] [DEBUG] [api_router] Transaction payload payload_hash=s3MYI7gocl0NnfTwYoJdOPyt/7TQy7G6P1x+G/ZLmrNt58oWuHMx6qVgPx3tPmjVmg9ZRRhEGHPZZtZrxkOKDA== processed in 498ms
[2026-08-24 02:29:21] [ERROR] [auth_service] Transaction payload payload_hash=Qi+JLd6lUuHhQVjrIJZg17Zr5tgES28SgUQRO5Ro+yRqBFBL2j0RQ5OtolNaVp9p5pHXboy70fWeq6vQ2ULFuA== processed in 264ms
[2026-08-24 09:00:56] [WARN] [api_router] Transaction payload payload_hash=uX3qfprjIGn0Gzx+J3FDUcrR5lW8LtXBH3rTDNXNoJTlsQbOhX8G+g8IJ96GlLYoLLdAmcc9Gsn3NtlPdYv5YQ== processed in 228ms
[2026-08-24 08:55:06] [ERROR] [db_pool] Transaction payload payload_hash=YsoIDyG5Y0SWwoEvZPHR84BH9PVkDap2rG2RkIIRAOMxBeQaDBAXDIDeghtOwzWiXFLG6LNsAW6E8mugLioyyA== processed in 183ms
[2026-08-24 05:06:14] [DEBUG] [db_pool] Transaction payload payload_hash=FN/tpe7UmXDOb51tzqegvvys0YifrrVLiifipk6HwdK0JhYVMPBfLCfUiGN3axxIKkMYs1KtWblyX2dwCt1BKA== processed in 158ms
[2026-08-24 07:23:00] [DEBUG] [auth_service] Transaction payload payload_hash=eaDfn2w8TrdYDOAO6jXKdiKG/mfVSb5Xo55ZGl0DkCGSNIAn0w8SBpu02aXCTTejEAJVHHEmk6XMRxiOZPJ43A== processed in 140ms
[2026-08-24 09:07:10] [ERROR] [db_pool] Transaction payload payload_hash=oh90WNu6OU76HFQl6A2j79rEFFki8Djr690T9+3Yy4/4rroxfW9b0/kjvLwy5pteqE41f7ofZRc+d9tdrpFQ3Q== processed in 158ms
[2026-08-24 03:07:44] [INFO] [auth_service] Transaction payload payload_hash=jvzDI3IO/TaSOoiU3q3pxnwtiQK5FLUqTK5HHHrGvi+uuXGkHL6lm+fyRbGLHxZ70wcz5MXWIhHncgJrZjVS3w== processed in 359ms
[2026-08-24 08:37:46] [DEBUG] [api_router] Transaction payload payload_hash=MjpZzKGhRmXfZoieVS8dA9GdA4LRQX2Bon/031wlJYW6K8DQRY+phI9L/uNZHcDIDlU8BSvrPkFBDCK3wpmAHg== processed in 332ms
[2026-08-24 09:11:12] [ERROR] [payment_gateway] Transaction payload payload_hash=mS1lI1P/9vxJys+aT/KDLrgfKRHsNK1u5NariCYHA8AKQz6Vld8rAwxskvPA8VZYtBEa6GS180S7aNCSirDiYw== processed in 376ms
[2026-08-24 07:59:12] [INFO] [payment_gateway] Transaction payload payload_hash=xespzbfvO3u//QxqQ6YesHJ211FUrhCNTaOnjEgnQ/JCayHojVq2cFWGYhgNtt7ck3pYd72I217mzq5jW2pv7A== processed in 41ms
[2026-08-24 06:58:04] [DEBUG] [auth_service] Transaction payload payload_hash=neTzmQ9bvKSE5VHhR3B0yL7QQpbWUyxtcU+uXzAZ+VAqSmByA1ALoANBv2Bs0XjN3jET8eZPoVPkPaJPkL8Qfg== processed in 212ms
[2026-08-24 06:49:32] [INFO] [payment_gateway] Transaction payload payload_hash=wBT0zLQzUdI5vtLajPa/jDAfwU6kvvIKia3c3hEvr0co3P4HuwMSV7dZPa84V/2jcpAFhPKJ14DBsFJ/QVBciQ== processed in 80ms
[2026-08-24 04:48:28] [WARN] [payment_gateway] Transaction payload payload_hash=pI7usQzqokEvgR/pdIzpz6tpKWM2Fa401ZkK4rMl5/jtqRA/o4CPBjQmnlNxCrlrC4vpW9bHu8Wu06CAuhVgDA== processed in 452ms
[2026-08-24 06:44:42] [INFO] [payment_gateway] Transaction payload payload_hash=/dU418xsqdP4PdCtBp8banGNAGMWmPd4OIxdPR1UzxcD81MjKTjd4WaMn8lslEbwEQYgDo4K40Ry6gHZkA8hiw== processed in 298ms
[2026-08-24 03:22:15] [INFO] [auth_service] Transaction payload payload_hash=iDHU0/nUZjrwg02tszzSSnSLoLgbZCU0Psd/U1r6fJb7Ns5F+QOYvFhXw9PMtSfKT7s18AiuyvrLPgf0BDX91w== processed in 408ms
[2026-08-24 02:51:28] [DEBUG] [db_pool] Transaction payload payload_hash=S3/Vz2scf7Ay+PJQwpB56vV5irhptemp9H9UnjWdOg0ipJWOvLEVzmSDhjuR/LeW37HCTziqbC3GMT4W45c2fg== processed in 174ms
[2026-08-24 04:53:33] [DEBUG] [payment_gateway] Transaction payload payload_hash=PKJG9CS7JTkcjTR+gZ04jWbHL1PVCo36hCVj01WIhj6WXOcCqIkwAeyJKFuzdC/jnSDELvpLYr058clKbnz1XA== processed in 455ms
[2026-08-24 07:36:16] [WARN] [payment_gateway] Transaction payload payload_hash=gEgd8ui/RHuiSsBNSHtgXSAwWJEo+OzD+eVLwHdxu60tkNl+kn7GFN+T953C01dcXWDbmAckluRVMrITea3cPw== processed in 146ms
[2026-08-24 07:40:11] [WARN] [auth_service] Transaction payload payload_hash=KDyJEoduoKar94mEfDbCAXNuz2SeBOBpmX3EXCoj1DGWDwn4Dc8VN+QEV1wUJkbPYGSmqYv1UayTvvcqQRM0Pg== processed in 378ms
[2026-08-24 05:55:17] [INFO] [db_pool] Transaction payload payload_hash=Z1IXcgw5r7dGlKeZKSDR0p4M34LV32c+hi4S6alH5PfQl4Uxc48zjjOFNKEIdwsrxgzMpJiGq3ztM5+IG9UCEA== processed in 152ms
[2026-08-24 02:50:04] [INFO] [db_pool] Transaction payload payload_hash=JSw6xPfS3De+jZC3ou+82MVB2AmbyQdm89aIarv6YQMsgtcp1nz8Uq9+xuMmfBVpb2K6VvfiMk04n/Fcw/labQ== processed in 266ms
[2026-08-24 10:35:09] [ERROR] [cache_layer] Transaction payload payload_hash=7V7deauPhfu891FrvYmjnsdeN6zi++bj3euSZnTFNU1N1REUuzLIvvs/MDnqYUvXmNFk2kw8xTazWloLL9yOsw== processed in 398ms
[2026-08-24 07:09:03] [INFO] [cache_layer] Transaction payload payload_hash=LypPamGvta15+4xG8f8vWLdetBrOzVIZXKlWiUfcFMNDcRwcpgykU7T0yG0gnIgxVFi4tFAobl8YanVaD4RtuQ== processed in 487ms
[2026-08-24 07:17:14] [INFO] [cache_layer] Transaction payload payload_hash=w2zs8y2eHNmQiWxUiCsiGbnJCy4nc/UHUqj9JkbzWjJwgioGLDFfVTr4G196BD6+p5atTeGmK5mpnv3++Twwug== processed in 83ms
[2026-08-24 09:04:27] [WARN] [auth_service] Transaction payload payload_hash=u1xzJ7eP0gOdkHDYMUUv/581uiKhvpQjRacg57k33G4Jkw2fccSLhp0oOuOJgEx3Bpp0Y0oZBjcYvFeBsf8NDg== processed in 125ms
[2026-08-24 05:40:32] [DEBUG] [cache_layer] Transaction payload payload_hash=S5LYL68duhYCHE+OVhrNPGp3D1UhQnKJ1dhPzVws3p8iQreTYvTzk4io9RItcahgbp4MB8fkSAbbNPdFfBEgmg== processed in 21ms
[2026-08-24 05:42:54] [INFO] [payment_gateway] Transaction payload payload_hash=ed2pKCPGczxz5JWbagZkA/eAWT1z8YpawTRCC39HKmKgxqyLPBOD/WV+9j55dDTKIJIkb9f6EBhQaEKPWFCK1A== processed in 337ms
[2026-08-24 09:59:06] [INFO] [db_pool] Transaction payload payload_hash=SwKn4RRwpeayMtvDb9u5t746pks1O+hiAXct0iVA8Y9PtwBXfeOMqmqoc2gmWkE1bQf1QfR9B0+mhKOYESRXLw== processed in 287ms
[2026-08-24 08:16:11] [ERROR] [db_pool] Transaction payload payload_hash=vyi62gSmCMjp3BBMyVkdMEP4M0hvVs4t4IT20ShbLIntVQsHGXrkKxebZEfjrgcL5DTpzH79ZskVh9DPyC6fkQ== processed in 426ms
[2026-08-24 11:19:08] [DEBUG] [payment_gateway] Transaction payload payload_hash=GhpasdeWC7ro0rhWIovdU6pwM+7iMKWnEsrI7WbaC22FMYbFJ6qkRt8jO/Dhq6aqAgFJaDo4Enf+OaxREjX/vg== processed in 417ms
[2026-08-24 09:24:24] [INFO] [api_router] Transaction payload payload_hash=psOVO5G8zSrHAeHmw+SSFXq8ZPKf5CUuhMQ2zNz0UE3dXRSyGetj8Vj+5uIbO6drnW93aU3zahqNC+BSZsIaHg== processed in 317ms
[2026-08-24 04:58:59] [INFO] [auth_service] Transaction payload payload_hash=FFpA4w0FTIEzeff6cuMR5B2wyCBtRCfRJ7VwPF+VSb/EO2O9VP9hZCk4nzjFxMR302U/z0NOVQLTm43Ghslrsg== processed in 399ms
[2026-08-24 06:34:28] [WARN] [api_router] Transaction payload payload_hash=kXaUje5+AzIx5xbGfkLfnLUSpiOZCDTo78UBYwcRDMmgxXlnVXcjQD1eaOTmaE1r273flgs5UExEknK8O3z6hw== processed in 472ms
[2026-08-24 03:34:44] [ERROR] [payment_gateway] Transaction payload payload_hash=cmTa6LnYvQes5I65itoK5fg1Ezz5YmHFi3mWQ/AfwIitJMUgS7TsfcN3YA0BkntegxiSt3bhJSpaJ8C/gu6PjA== processed in 81ms
[2026-08-24 06:59:25] [ERROR] [api_router] Transaction payload payload_hash=TG7I/oBZhupddNb8K7IWL1q4kJHlhgZSx/vIkPRj1CRC5ON2iS8k28de7bM1EP105M7yt3wFd2VdCpp/0nuHuQ== processed in 31ms
[2026-08-24 09:25:28] [ERROR] [db_pool] Transaction payload payload_hash=xJtCcWp8XParaHzTdfxOhG3KaCO+rXMSCjO3xuL0YDKIrDrHYK7adm0MthHbfiYv4Vfxjlo8KbWBigOugb3qVQ== processed in 157ms
[2026-08-24 05:58:30] [ERROR] [payment_gateway] Transaction payload payload_hash=cFKUJ301u1Smb78VJV0dB+mPtHHyniwoE1K/mmNDwKa8RJs69+ssRmIlKCYBUiqeneQAGIdQJ3Id6aBmhQVFmQ== processed in 232ms
[2026-08-24 06:28:13] [DEBUG] [auth_service] Transaction payload payload_hash=pvnnB755Q7GaMHQUjfXpLW7XPcph08YVmxxnhQbL1QTX/kZgD//vfRL80pkxfbgsuiRSZsVqhcWffkuBouhcLA== processed in 176ms
[2026-08-24 08:22:33] [WARN] [api_router] Transaction payload payload_hash=GoyfRSd/TXlLz5F9azeQZ6ecSb1wHRid1zJFsxk0JWIi4OcWzMXyPsrf8MzBEKUQjDvC7n1F+H//iaD3A4kzOg== processed in 418ms
[2026-08-24 10:04:53] [DEBUG] [db_pool] Transaction payload payload_hash=Y2zq8oQU3d0NMwk5STXuGApsw7YGaCloWIH/Nm3hfyAGKxpmu4T/t+RjLWGNTdiE+tG82jmZXTaSrAKsy0kZTA== processed in 306ms
[2026-08-24 05:33:41] [ERROR] [auth_service] Transaction payload payload_hash=z/9x1iRb+ddObZEX/KIY66Q+d6zpgQ4vhnDWn1IFaMpLNlTpEnCxtpvHUb1BRVWEGc6Jssze91IqzM/8XoqJug== processed in 75ms
[2026-08-24 05:04:37] [INFO] [db_pool] Transaction payload payload_hash=9Fa1WvB3SXWr2q46IMGO6XpFWYtgg1In0l0vhaD2Z8moP9MYCokdyrboHOkxLAdsryolr+ZwRDWYsDY4FUBw0g== processed in 469ms
[2026-08-24 09:15:11] [ERROR] [auth_service] Transaction payload payload_hash=i5Hg2k3IacpS+Y+ztkwNm03MSiZH3dCcfrzyrmSXzFv+mt92kWngZycXC9boHsy6SDjd6imkKJ3eJ8BAddLJIQ== processed in 323ms
[2026-08-24 05:48:36] [WARN] [auth_service] Transaction payload payload_hash=PQUFNXS2QBP99p9Okqa04QybSU7w9Oen/1SzrVM2h4E6rKxm1zCjTgTdZQ2RdBgzjIdo4M3yGRLmS5+71q0jeA== processed in 443ms
[2026-08-24 08:44:33] [WARN] [db_pool] Transaction payload payload_hash=wGdPWEBgFZtfZ/hBBD4cebwv91vErF8M+D2pk5ABBTJcemAPIGGQ/SAz0qzUsN3eqULWC0tbJYzeQVDfgBkjOg== processed in 347ms
[2026-08-24 03:40:54] [DEBUG] [cache_layer] Transaction payload payload_hash=oKUnupULNecXd9dShnPt5BktGcnMB3G6R3WKTBs/o3olccQIcaU74WCfJUdex+wexHQ8HffrMDoB7OEj5LQ36g== processed in 239ms
[2026-08-24 07:42:19] [INFO] [payment_gateway] Transaction payload payload_hash=3WcWna2hu6W3Gv/G0nFACztlcnUZBzh5UuDUPuwZ6qQ/sUOInCTs+8fsBKEaeUJPmpWa60WJqvhYcF4tjwyAyA== processed in 440ms
[2026-08-24 05:23:36] [DEBUG] [auth_service] Transaction payload payload_hash=ZjoMgYYQK9RPaF/gtEa+SdCX5jwYePIE4QKpYkS7genRMDB4e6Cw/9NwgFMo4QKbwKdJZEq8WonQVhbduaZmaQ== processed in 297ms
[2026-08-24 02:41:38] [WARN] [db_pool] Transaction payload payload_hash=6vKROOj6iJZlxZHQ7Y8dZV1niS+O83J3AqXE0h09NVmCa02eqA2kxI7R7d7sp9IIxLFshVwhhDMx/I5GH3iz+w== processed in 316ms
[2026-08-24 06:26:59] [INFO] [cache_layer] Transaction payload payload_hash=xM6gg8fazhLoCs71EGzf0svq6CQ9+hZdbgB2oVYe6A9uDwZmJLGiHq61Y4YiKxIppIx711y6BxBTtD0v5yptgQ== processed in 88ms
[2026-08-24 10:28:35] [ERROR] [auth_service] Transaction payload payload_hash=wio0AZ4MpFM1dZNK/foT3o1SrsunnUBXRzBcTOUC2x+pWpMKIAecBYrQnVlXgdysK7LE45rb0ufsL/9FyN+rvw== processed in 490ms
[2026-08-24 10:16:35] [ERROR] [db_pool] Transaction payload payload_hash=r/Ly34k3aGaN30F9MwjVqKzabGmSkMVHHoXM86R8HfxYd3++6GZJEMm0xG97Oj79bMA4wf96mDXLdeGd9Vbrbg== processed in 13ms
[2026-08-24 02:20:05] [ERROR] [cache_layer] Transaction payload payload_hash=odhZro09PrNzr4Ut77uLvy8YNxoODlyNujTzzV5AfYvRlqZ+NzjhbZPcHDeS7y8taEe1kuYZ3FiLmFP3wuMdcg== processed in 19ms
[2026-08-24 07:31:33] [INFO] [api_router] Transaction payload payload_hash=g1v2YizzcxPTEq6dfPZd1hA69uuzCfH8tz+PaKuWQjorLq1E59Zv/oZtjsUhcuu/pmEKe1kjQMwhoDkL80ki/w== processed in 84ms
[2026-08-24 06:38:38] [WARN] [api_router] Transaction payload payload_hash=/ZWPWea76V0vZlTinSsWGRjQE00QWhstzzsE4xhHF8HdVahcfzXWNYvJ8BxoWs3PN8L+xbx07LgCAmIpLB+r+w== processed in 65ms
[2026-08-24 10:53:22] [INFO] [api_router] Transaction payload payload_hash=Sey2ePWS3dU4HYaEjXiLtyhlEyZMR2/JhWpqU/cXMp+R0NOT6BGwkrKb82uSOkYR87WzVoBGziuNsBePVqR3SA== processed in 102ms
[2026-08-24 02:36:17] [WARN] [cache_layer] Transaction payload payload_hash=rUO3xfZs12iZir8EaUIX2KgvyKAfusgB6tKKGaAj8unzUGK5sJOi5/hXY/iLaoIsJxnzLADaZOY6Y1NsEVqjqg== processed in 63ms
[2026-08-24 06:06:45] [INFO] [db_pool] Transaction payload payload_hash=iRbvt80nJRIH/MJ78jhWLE7HeedXKWJc8etYkQFZ3BF9Sq4kqAPcH+w7b89sMNRYsZOGpExGKCw8ooWhKx+8mA== processed in 24ms
[2026-08-24 03:37:55] [ERROR] [db_pool] Transaction payload payload_hash=W29eXw7JDL9w9wgNuC2sl8mZtgFlgdeSmNnmOPFzE3V0AWVCAnSt5LVokpDV0V1yK5qXqpwbYTegUTpVIE/HBQ== processed in 53ms
[2026-08-24 08:49:18] [ERROR] [api_router] Transaction payload payload_hash=YKAjmAxnnalFLN+vcZmMbDPFZyWJFMBNG+rknp0rwO4S2oXNLKfe2ahFuaKUEJlYz33/QAs4tagAA2LlZDTsLQ== processed in 143ms
[2026-08-24 09:45:49] [WARN] [cache_layer] Transaction payload payload_hash=y7k7KH0eOxpmyTWTkMt11rdUgOJ+UyK6XU6mUwbxXCOxCY/Pod2BN2PWCx/ucUGJCSGAFdjQcp68sVARfqWyAg== processed in 113ms
[2026-08-24 06:35:29] [ERROR] [db_pool] Transaction payload payload_hash=XyalYZZF+4PhQrKMb5q1lHT+UQ6Ctq/EVrOya8X7Bu5Fo4PZQRqKgZAOJk+FdsnE1tQFOXpYxCydMVXcWlmr7Q== processed in 438ms
[2026-08-24 03:24:47] [WARN] [api_router] Transaction payload payload_hash=wVTwCCRcwxs3SQwnYdZEEuBbpa/qvQEna9LdpTOeYqpYqRY/zPgoqnhoYbpLaAdi+mAs5PHEH/k+4ty+D6S5kA== processed in 416ms
[2026-08-24 07:38:38] [INFO] [api_router] Transaction payload payload_hash=Xey9WE/0j4Mbicf+oOqlqv6AlGu/tr0zckCaagAOrWPhkd8RF+kczqNgfdLPbW6KUXO2NBGdAMxfCTGx3rZR5Q== processed in 117ms
[2026-08-24 03:07:14] [INFO] [api_router] Transaction payload payload_hash=v5o0t/o80j0Lqenrfm5bHYOlw4+TdYB+PrTkBV3WgXr/DuSGqymOicL6xiVib7qnQsxTnLOBVRLtdlRE3nmtvA== processed in 132ms
[2026-08-24 06:04:39] [WARN] [cache_layer] Transaction payload payload_hash=CfkL+IaDFJmv88Fphszr4EBpJxDYsypVoslhbyEFj+L1mS4bHrARubobeRpEML5BdS1HLBQgOeK1evPlf3oiVw== processed in 104ms
[2026-08-24 07:06:24] [DEBUG] [db_pool] Transaction payload payload_hash=1VEVkh+XgkmtnZkI94Ks9PGfwdV9W4GBfFBtF8PDNgwdOUONWtkUWbajZZ34lqLzpiz1m4czXkQHjdGyWPKwuQ== processed in 448ms
[2026-08-24 02:49:42] [INFO] [api_router] Transaction payload payload_hash=ZJQ/KihsrIRIXWeVrxrd7c7PGa+YGzmreVfCwi/rWFFreb3IG8CZDo+u0vPiiKpACowCYi05Fmj6JLBIcCVoMw== processed in 266ms
[2026-08-24 07:30:23] [DEBUG] [cache_layer] Transaction payload payload_hash=WjTM932/9+gljEucD+hqD5hEskHZanmaoT5dgzbNVuUbFqL3MKSl3W4o1C10nt8ztlRlmUFUqJcIlAC2QOVJew== processed in 77ms
[2026-08-24 06:25:15] [DEBUG] [auth_service] Transaction payload payload_hash=c+p63BE5O0JLRwgR2xcm82TyD28wZSeANt0d21mFkf4mf5pviqrA4LviKcz1+hSoikII/LQAyZX30INH+sZetg== processed in 369ms
[2026-08-24 03:18:11] [DEBUG] [payment_gateway] Transaction payload payload_hash=RyR4G+pTlM5tENgRTffP1g4wXk1HfrFbmxF3CQYrcCeHLTXNOafikvb3S44Q2+f83r8lBesx2O4PpHUoOgWhog== processed in 348ms
[2026-08-24 02:32:44] [DEBUG] [cache_layer] Transaction payload payload_hash=OL/fztHSYQV/4dunMOiin6XWXOFssr6xty66iOgBkbsHUfscoBQKjtQwzCdz62dODVfxzOwZshU+nu0FY3mPwg== processed in 449ms
[2026-08-24 08:51:32] [DEBUG] [api_router] Transaction payload payload_hash=G34sM+W192B5cZOlm8DCCWm8kfxklEPtDt628VTI7eGTmThTR04EkQqdWQpWS0uJrCox9ojwvKKY9A908Ds8ow== processed in 52ms
[2026-08-24 07:22:38] [INFO] [api_router] Transaction payload payload_hash=X4tyvZdZa4OXNw0fBi0AU7jrYDhqsympmEbLXzMpBNNgPDpsU9NX/hpGW9YP6WpcsR5HP80YffVQyAsOVdTKfQ== processed in 33ms
[2026-08-24 05:16:34] [DEBUG] [payment_gateway] Transaction payload payload_hash=Ir4E9YNRQy7aNmW1BPerz3ohk8yartlVimtMUCS9bMdIzfGIKq8Cs1yCJEBB5G6+DsOFDC7fxsElmsvgZ+TTwQ== processed in 65ms
[2026-08-24 07:03:08] [INFO] [api_router] Transaction payload payload_hash=kY4mZ7EddFren76QWYN0OF4n5Mh2Wb15pnDa57Ap7pZ40GfxmScVWOT1WyzuqC8jh8e6nP+RygSDjB3dFPiZxA== processed in 305ms
[2026-08-24 05:29:05] [INFO] [payment_gateway] Transaction payload payload_hash=nbV9fxJ028WpkOJZHat0aYm/9yW14Wpyf9KxgLnmg3x6qPyF08D64y4j1nOe90vnhSRTWUuurjwZERYyhx243Q== processed in 229ms
[2026-08-24 06:21:22] [INFO] [cache_layer] Transaction payload payload_hash=/7Jt8WCyL4bEJHMAmEm4wP0Luc/QtW6JrZN2/1u1mGLobr8ydgivkvbBhcVEl5DYFFtlGoFLeD8JqvXPXfK1gA== processed in 301ms
[2026-08-24 11:08:27] [DEBUG] [payment_gateway] Transaction payload payload_hash=CIf3ODTNbyiHBGCpQnBRVUUI/dEWXL1RahH9E42GU4wLIgRNk6Mqst30avNAvYQdjMbyx9SGf950rjkETb+xng== processed in 175ms
[2026-08-24 02:36:39] [INFO] [payment_gateway] Transaction payload payload_hash=NgRW+EvpSN6pspXpO9N/krVwm6LTBUcz4OsbZa0SApfT/xu82bU3tsPG/Tc3nc2R5Pyer/Ife/7P92KFUUPp1A== processed in 375ms
[2026-08-24 09:17:43] [WARN] [cache_layer] Transaction payload payload_hash=Qb2XrJiR7RcjizeMGnk/RECzRe6STI92LPQ14JYep2CAa9uv41+kI8QwM4ajR2TbGBFZBv0SdXtS6TEyNIq2Xg== processed in 418ms
[2026-08-24 07:53:37] [WARN] [auth_service] Transaction payload payload_hash=eN8SL7sSnmQz3/qu3V+W6p7LnoQnMBDbrcGEUsHDrDckCgVTMG8Q4KJ1VbhJ1dAu7QITH4k2MrGppIesTyUb/w== processed in 487ms
[2026-08-24 08:40:21] [INFO] [payment_gateway] Transaction payload payload_hash=Y0hpzkQqAsmNaMdweLZJcWDxra1noJY0hyQ51eDm4/MK4Vs9HEg8fp9qKZwIpdPB8F85fBCTpbQqwqQr9liGsA== processed in 91ms
[2026-08-24 04:40:55] [ERROR] [cache_layer] Transaction payload payload_hash=PvDaq9zAwVDhhPhWfM1aVAdOW0s5xQS2fxdIpXZ5u6fLpBDNZ5A4YBvcjqstJhlqedRNY+2/YL1We6IjZk7gKQ== processed in 433ms
[2026-08-24 03:22:41] [ERROR] [payment_gateway] Transaction payload payload_hash=7LZlhmfq0NELtk6cOb86a2YdxGcHDHU+viwZ5oVeTVcXZwII5g3atBkg+nTZa82ha6MrIDvvpTS5ZggpOSChsQ== processed in 154ms
[2026-08-24 02:18:38] [WARN] [cache_layer] Transaction payload payload_hash=G7Mw0Jn6iRgbL3IwifSAUsqKqFnRsh8BAWtCYK0ZFD/2Z2c+dxlJ/EbZH1xUDPWFJxYDXiIb1S3xf/NNfk9dBg== processed in 82ms
[2026-08-24 02:34:42] [ERROR] [payment_gateway] Transaction payload payload_hash=gtkgkPFWezX+zHP54m5zdRDpPFB1l5o8TaftytCx5JaKSWiCTiMTEmafI4q/aCDTdZs+9sMPIUmrZqoneipYjw== processed in 2ms
[2026-08-24 04:10:37] [WARN] [db_pool] Transaction payload payload_hash=smJV87auPt1kEC1xf8XoXEtg/8iT8jT9V2lMY/aMlUQSvRtW0RLYbwyazurhDVfp0kjsHLAp5ed9P5ypiRLuHg== processed in 499ms
[2026-08-24 10:23:19] [DEBUG] [payment_gateway] Transaction payload payload_hash=fB0dEC9xXfpLWzJiAdPvu9ar12VtSS9z3Ylnq5Elx/+ElxTe+cLNn5WHMFbbit+ooNmJ0BAq++LVRJDZvCVqPg== processed in 227ms
[2026-08-24 08:41:28] [ERROR] [db_pool] Transaction payload payload_hash=dL/+t4dsBXzjvM3ZdclToeGS8YnFX+g819im0qbjAc3vtsU2GKlPThKsApaulO/MUG/bExWv+ufZ8hPnHxfgAw== processed in 71ms
[2026-08-24 08:24:52] [ERROR] [api_router] Transaction payload payload_hash=DMBdUsU4rdH1m7d8j8KNT2S9Q7pjMJmLzbeEYUBmUMBEdRBSt3wTupjDwK+akbTFYccmRGaJo4ADfJF/0Dr7gg== processed in 68ms
[2026-08-24 10:08:03] [ERROR] [payment_gateway] Transaction payload payload_hash=3XmtweDuh0Tjvk//lr77falF9wpTmyJqIFfUPUV/+/jSU23AM1bNrBRfRZ4WS8MTKzZfn2GMpxbgX4Vfh8be1A== processed in 319ms
[2026-08-24 03:43:43] [INFO] [payment_gateway] Transaction payload payload_hash=8XsivYfz49qpLIx87K6NrKG/mMuCtyJX8tKZBJzmF9CPcHppNEBQl/OyTSHpn9sJyiVUGJ08p2Evx3KcY9BcHQ== processed in 144ms
[2026-08-24 05:48:42] [ERROR] [db_pool] Transaction payload payload_hash=hZCcHSPIX5Idll+m+68PDF2T4MIKZBl2yR9cJxn8YT8rD+pe0btu5lqGQ7nPKAYRcwLTeT+Y4P4ghT5oReUEgA== processed in 83ms
[2026-08-24 08:40:51] [DEBUG] [api_router] Transaction payload payload_hash=l7aJ9/FoXum0gg0Qc7J8AREzo5lV9LgvI5ATqD4XqCPIFxdbsNZ44oUZ1spkMkfc2JCfbrrrw952ZnUD39kRPA== processed in 190ms
[2026-08-24 05:54:13] [DEBUG] [cache_layer] Transaction payload payload_hash=OwEZu50+kdB+XOGXVhzr6T6OLekWYen5gNfCqJroQdAEOxdrudWqur3p7+giJ2UZ2kwWCgQcqMagMPIhnPTDvA== processed in 483ms
[2026-08-24 07:01:18] [INFO] [db_pool] Transaction payload payload_hash=gew3RhssD8qrmipLLZEh1WhdAmYIZWr2jnjcacPoH9QWcOqMfQvRhhjYYax+8mYG9BLR/pC5nWAYe1e2w9vEIg== processed in 130ms
[2026-08-24 08:33:53] [DEBUG] [payment_gateway] Transaction payload payload_hash=leMDuvnot8VYeGUvULwoxlTyuVLhftbTnzO5KoMuvinwfb4kB0l5pi1GGYDOJTl6l6PU54c1OlHFW9i0XEw3ng== processed in 159ms
[2026-08-24 10:33:27] [DEBUG] [auth_service] Transaction payload payload_hash=T2WKNkRKpCZjB0THUa4zGT9ywQbNayM3UycjYCF7Pz/zDMCliZ+XCvhLe1cZ4ZpGTvb5Ne1Mt/jooEI/FWzQLA== processed in 91ms
[2026-08-24 05:32:24] [ERROR] [payment_gateway] Transaction payload payload_hash=uDUDQFmP0JrtPiQMw/8t3TMCcrjnz0sO2CbMh5SYuXao3CMqFhuS0UfvqiNs5b/xCT4Gw7bnrAp10pVaLQvn/w== processed in 237ms
[2026-08-24 04:57:52] [ERROR] [db_pool] Transaction payload payload_hash=KXHIvzZSwxkUTjjsJAUBlhdMtmswWDzncLEA0uY59v8mHCuQMQknSGomaTOuWCrPODXJqjs13bNKJJdLTJnJZg== processed in 183ms
[2026-08-24 07:07:01] [INFO] [db_pool] Transaction payload payload_hash=kE+PP1fcUKlcTbJHGcemiMS1Hrze3R6G9dPAsW4UKivs0deDyK8ykXrX/oSQ2Hz30W2jCmCvHiiDxZ8tGrZK+Q== processed in 429ms
[2026-08-24 02:45:56] [INFO] [cache_layer] Transaction payload payload_hash=nrSc57M/BCxxWLZJqDJ0/jx8JgZyyQzCIUVbjjlnXQyhGjPIXZqdeKgitV6zbLrkY/K323qHb4nM1Py9qYlxvg== processed in 205ms
[2026-08-24 07:27:13] [ERROR] [api_router] Transaction payload payload_hash=ObfUAyTR6NTX6fEndtbNrbjl1/+A/ewDZ0bvz1AqgJoyQrknfJuwZnUxFM7fJDulOQX3wrWctQFOAXZcEOIb2A== processed in 303ms
[2026-08-24 09:13:04] [WARN] [db_pool] Transaction payload payload_hash=Ng68rgFrkHtia6yInwkhtfDQbTsyjBR35ItmD4qiTwDuoiNwW1L4eMy0lKQSttu0x6G3nJ9oyCvJ6BeCu+ElIg== processed in 56ms
[2026-08-24 05:01:41] [ERROR] [db_pool] Transaction payload payload_hash=9G2M7XqEz2C4dlMehIeuJw/T9VpwA0eoAy/5zGRvNzOdiueWO351s7yOVjKGaVYmcAG/gu+T9ctLAJ5AKFmgFA== processed in 319ms
[2026-08-24 09:59:06] [WARN] [auth_service] Transaction payload payload_hash=FrehYq+0IezntLpkW2sMALWju6xtsC/x3qE/yx2YF4BqG3o0/mHr4B/fWY0jYfyh3MvSQWhG9CFqQKRbmsieQA== processed in 142ms
[2026-08-24 08:19:19] [WARN] [api_router] Transaction payload payload_hash=rApEBH4XSN128KiuN0OPYhl2xxiCXu8fCeeZYnqVZYn6tTsUNlxGfJt9fY8YgsnsVmWSRv630m4+rjI3j/Xq0w== processed in 361ms
[2026-08-24 04:50:38] [INFO] [payment_gateway] Transaction payload payload_hash=01Fl7HmOeZDrzuD5oEaItC2i1E3F24h8N1KIbAA7q9gpUKDwCGdvh+UHOHxwArgjckSoM282IJ8tVgpV39HwAQ== processed in 455ms
[2026-08-24 08:53:57] [DEBUG] [auth_service] Transaction payload payload_hash=0zr/VAgS2dttrw5G6YnqcnITOe7IGdrhhLtD1YJlFSFcIcPGD/RucKNTgKUyAHmvURNkKGj5mQuM8mWbHCxaJg== processed in 78ms
[2026-08-24 09:14:46] [ERROR] [cache_layer] Transaction payload payload_hash=l6qoszK/uQaKLgzXIhg9U2EjxTMCX2BonYYxL3SHlQxszro1AtyttK5Hz52ZSF32axlZLrJtxzScKszqsPXVFw== processed in 95ms
[2026-08-24 09:43:53] [INFO] [payment_gateway] Transaction payload payload_hash=inMqVtS8HgIi62mJsA4xMGujKQ/xQcZWLCqwX+rM9yEQaY5kQSG3DaJt6r3y10v4gyApZyF0rU5FeDfFq7JrbA== processed in 11ms
[2026-08-24 08:41:10] [DEBUG] [payment_gateway] Transaction payload payload_hash=s9OX8LumIHN5qzO/1Np2EmmqwqdjynOgQzX5Rplhqa/d6/dVepJZQlIuvfIhVoAw2iJN7CgggpuLSmIdgjHstQ== processed in 318ms
[2026-08-24 05:20:44] [ERROR] [db_pool] Transaction payload payload_hash=HRyK1Pkp4Cfq73M56cHNIu6j3uu3kMbvIYhDzMj9pg2SujZPe1p04A0MwgOehkrRUMc8/8Yu2k7juABJkAFVMw== processed in 453ms
[2026-08-24 10:41:03] [INFO] [api_router] Transaction payload payload_hash=18IT+qArAwj4kFxjGCiOYXQTjHymLcLwuni6yGPK4NKpHyUw3sCPtI6LYXrni9bpA/he114jjhAJ8YB/TlaQzg== processed in 266ms
[2026-08-24 03:05:54] [WARN] [auth_service] Transaction payload payload_hash=QpP+TixonZJE928O6hg8Xqc2oyfSp5jJ/kKgEQ/LldDWI7xIcgD9858unMeq7qT6lazjwKdZrJFljD7LxiAMTQ== processed in 174ms
[2026-08-24 09:22:44] [DEBUG] [db_pool] Transaction payload payload_hash=mVy5Ucs7WD9EidULoPPYZYeCmzDXRPtZHikleju4/paD9Za7dnBqc3a0Ew+hei/QCBfuKsK0rlBOxuJXjVO1dQ== processed in 51ms
[2026-08-24 02:36:05] [WARN] [db_pool] Transaction payload payload_hash=gEzXrydKLhbAtXBhuATL2VOaOFE0qsiVl2XVyFwkc73QH225bZvRrLQkJTHW73O8pQMyWRfjSwpF/twqNMpFag== processed in 206ms
[2026-08-24 08:51:42] [ERROR] [auth_service] Transaction payload payload_hash=r/hG9nEDZWajzDvRB0MJyC2u73Geen+OXXNnaQ5RMUq3B1qFEEgUxQBVSxwBa0cTaDUBg1MP5+10rQ5JhNd6xg== processed in 322ms
[2026-08-24 05:49:32] [DEBUG] [cache_layer] Transaction payload payload_hash=gwkj49fSF+jD5QkrwkGM5hp8YiehLvB/mmcSCiCvThgPX8y7qkOKJV9WKWv+Qg5D35dWv8FbGKrxWzLfvcRapg== processed in 322ms
[2026-08-24 06:50:34] [ERROR] [db_pool] Transaction payload payload_hash=3TwPIqV5kjAoaivxIe4vECDeXpJRCzVpWZePY7V42XcqfRHTM/fdBfAifL5+EDLwgoZHQZYE+mL81Jqv2RqxKA== processed in 350ms
[2026-08-24 06:22:49] [INFO] [db_pool] Transaction payload payload_hash=ppuL7LE6rpyuwWjslG0EGAHW0by9P/qMJXAJj2yycMrCiNdd3XIn7mOiDF1aKouaDcu2akPIM+QWASRKBYo3qw== processed in 414ms
[2026-08-24 05:42:52] [ERROR] [auth_service] Transaction payload payload_hash=NWxPqoo0lHl7QDAF1XvuDq3bWb9HzZmzL4FZckU7wou+pJT0EgQ6+RoK+NuO3ZkHi7/n5CbcvUnRTc8s+nLHlQ== processed in 228ms
[2026-08-24 11:08:22] [ERROR] [db_pool] Transaction payload payload_hash=gZkz8RU1K9TMtp70TmXc+7ZY0EPLbM0a6ufgCjzMTDh5FYvbxG4nLTuiAl5Plxj2TLYFsw/pD0qPbRjQVI8PDA== processed in 13ms
[2026-08-24 05:10:04] [INFO] [auth_service] Transaction payload payload_hash=o+xwSDIjxD0v0sp0q5aqerbaprQZ3hkwbjw/fTNW+1kKrizl91R12qQKL3LS041vnvdTFxW0F/gh/bDwanrxtw== processed in 290ms
[2026-08-24 08:03:41] [INFO] [api_router] Transaction payload payload_hash=I2K9Lvwyr6Rm1ggUkorziiLv+jNJJ9lkGkt0OjVVZt+6Nz1pp2jPRRTsn7tIlJ+/plXOSgPLS3uLnLe5Grz1Uw== processed in 465ms
[2026-08-24 04:22:46] [WARN] [cache_layer] Transaction payload payload_hash=VRqQ0L9ej3a7LumRaefqPjyCEn3YFUUfWOFmet7CWFbMq3JeATYSw9KYvNAKuMgZeF9bSzqKOZJlV742x3sPlQ== processed in 212ms
[2026-08-24 06:58:40] [INFO] [api_router] Transaction payload payload_hash=O+wjzfBm9mA4duUBQNNHWqniuboybiSC4XDibDTq5lgx47wwaJhUxoze6y0L8sPotpLnagArrXO0IxgMUCRlvw== processed in 367ms
[2026-08-24 04:41:14] [WARN] [payment_gateway] Transaction payload payload_hash=jw3BHvlwtRU9qImTNN1t+GksVwLEvwV9Rh6zrKC2JEovjc/qT8qXScn6odnf9Y28K0bLXMNsIG5/NF28NzjkpQ== processed in 74ms
[2026-08-24 09:32:48] [INFO] [auth_service] Transaction payload payload_hash=odlhV+540FxUQ9r8aMvS7GL6fh+WqrNshfvS9rrOx27KBcenHKY9Ppt0jIAcSg7rXG4EL98kNN+Jxm4N7awPYQ== processed in 64ms
[2026-08-24 06:00:57] [ERROR] [db_pool] Transaction payload payload_hash=u8ZIaqSRCzvqLbHVX4M8hLFXDJxe2wtAm67NV0Dkg2U8M9pVw4Hbke3HicacWfIUZB//RkZ+aa3Zw4BlbwyT7w== processed in 41ms
[2026-08-24 08:14:51] [INFO] [api_router] Transaction payload payload_hash=D58aXHKCRh/Pw1rtZjMeAjU1u3gpdJpnUbE0I3sPRn+b1dpds7ycAHh3rM1sdo3tVAsLZi0tKolCDvC0tokF5w== processed in 270ms
[2026-08-24 10:00:27] [WARN] [api_router] Transaction payload payload_hash=5WSvvP5pUlrr6s2UltWBV0f7QHoqOe+fZD486H/9DVKYoAZfuLsthaODHB5jdjIB0tHV67VhFJ9uIkr8095dnw== processed in 77ms
[2026-08-24 08:17:50] [DEBUG] [api_router] Transaction payload payload_hash=Z23q/lxXxqy6E8KeuxBOksrlsYyKQcG/Ton7SU4kh4vSZbi4CAV0M4oZLp8E7Wm2scWSfYl7IzApNmkloTOwmQ== processed in 328ms
[2026-08-24 09:26:58] [DEBUG] [cache_layer] Transaction payload payload_hash=AUUB6UGz+AZDAyiVvHI4w1W72sjv4bDMiyQBVZKwZF3mtJ0KeQIyMk+BZe7XpAvoFfQ1pJIA6d5YJuWq0xBODQ== processed in 472ms
[2026-08-24 03:26:04] [INFO] [api_router] Transaction payload payload_hash=j9ime0/FXbpo3sOCTfiuKTd2lgNKt4yupKBlScJ5WKtDZRNDo/sFeGARa5QEc+QZV+sg1ZOWH58aK+sxinI0cA== processed in 193ms
[2026-08-24 08:16:13] [WARN] [api_router] Transaction payload payload_hash=+LaIXCMcLe+PkH5Fv6M0NF/X3yv8YAW7MSlRvoBKOIk88PIsI4pscmTwRmgPSvEOM7ITIHT5DVJCE+zdirs7Ig== processed in 254ms
[2026-08-24 09:59:11] [DEBUG] [payment_gateway] Transaction payload payload_hash=6TBAsHZbjDaPgF6nxxpHQFQUfMry9qUfbynaFaa04HzpUnNEp4e42+NFTGDgIfVbDlA8I5FthxzKkeqSpKV1+Q== processed in 175ms
[2026-08-24 06:08:17] [INFO] [db_pool] Transaction payload payload_hash=l63xWu0jpYlRTezbesc43gvn9mpzk2Zr+/c93tB/FbHcj9skLFXW63JYWpsl6pG9s54wSLLeDa6TtLtpjcsi6w== processed in 281ms
[2026-08-24 09:30:41] [WARN] [api_router] Transaction payload payload_hash=6bJiVipfKCS0JkMbxtiRRzPL6YE5LlXR5lt5+2Q9NcAX1PXyozAPgE7iUz/4LJvhJ7ARUBi94kZU2H9x0WTWDA== processed in 68ms
[2026-08-24 06:15:31] [ERROR] [payment_gateway] Transaction payload payload_hash=s0X9BXRjNokHKhtmbjlcrnWZ2hHBeEVLhTPQ2JpYCbcs9Ws+aSzl2CXZTC4b8AMIu3oBwyNrU9GcU19tZrUrwQ== processed in 433ms
[2026-08-24 07:57:44] [DEBUG] [db_pool] Transaction payload payload_hash=TKSfFobpImVRbWioI9K0Evn3odtPWftUUpi3A6ISGsDpzBTKqmsu1Y4Mqja8Hty1E1bZ0wmAjP3VUh4mza0JoQ== processed in 415ms
[2026-08-24 09:27:23] [ERROR] [db_pool] Transaction payload payload_hash=HXCZLdv42VaQIcG9vmz9GNy1Y/c8nGQh7AAA1/y8bYCZBIjue1MY7L5zMVsFvETe3yyqlSgN3BD016klAkCX1g== processed in 133ms
[2026-08-24 08:03:19] [INFO] [db_pool] Transaction payload payload_hash=dHN4cZXbkeiN7HVP95GGzR3sCn5Z9vO5jEZuMIKCixSp3mMyshdafOq37XrvuJIsIu+pE9tBAKf9yTmQ2emzow== processed in 456ms
[2026-08-24 08:16:41] [INFO] [cache_layer] Transaction payload payload_hash=0ZOEbciAsP6GU7565JgEtdlkD+HQBp4Zk96v7wvZ87Xy6lALWlQGlqkGwC8bHZam5LYjIaXjNShLgV1SOlP3Uw== processed in 244ms
[2026-08-24 08:52:50] [INFO] [cache_layer] Transaction payload payload_hash=7RADGrWEUEMNLNe8RX64T9rIe3LcFYM2xoL5G/sjgGAucw5H4jlhvM2XkTrN3oDRK6olUupdZnKzJyYF/vHPbg== processed in 204ms
[2026-08-24 02:40:39] [INFO] [auth_service] Transaction payload payload_hash=q3GGKOWSQ5IQtilETyYXEBv1CFS86pal40wl6/CTzS8mrOJxrJjaLsF3l71I5rUDQExsxqFMeoliFZuwwYU7Mw== processed in 240ms
[2026-08-24 04:12:05] [ERROR] [auth_service] Transaction payload payload_hash=klDRgRjTH7+aF0eCdjNA4dpC1XW2b5bSd7WzQLquGWw+BW254OGY6Xfgp4JjCrMvRwrS6flf70ME4CDf9VXevw== processed in 253ms
[2026-08-24 05:12:22] [DEBUG] [db_pool] Transaction payload payload_hash=GzvuKPpr5jm1JaLo3hQatxc5W7tUKFK2TwT/RpdoWagUJEUtBtDFrQC2olFI9/blFFXnAqqFQGC7gxyu/a6NWw== processed in 463ms
[2026-08-24 08:19:53] [DEBUG] [api_router] Transaction payload payload_hash=tI7rlb9D886kLSbtl1R8smnH99oUIO2Fqq3yofVEE63alU4O4HpVMadN9wV2uvpcjimgAvltXnM4fX8KteAiYg== processed in 262ms
[2026-08-24 03:05:38] [WARN] [auth_service] Transaction payload payload_hash=2o9IY1nDX9icrXQ6Ksu8NKO3bkeMMckfJ1LN2ai+wmEVzwS9HvUqp75XBfwAxp6DfFt9brXI8SUxbdcEih8nxg== processed in 253ms
[2026-08-24 06:21:31] [DEBUG] [payment_gateway] Transaction payload payload_hash=L+8XG9SJOGLGX3JXpNZLFnoAAhlZ1DgwWFbMZoG3LslTSTFS8C3O0mOlN6yxbCp7JuClCWO6Zjy4I69IaXInQg== processed in 486ms
[2026-08-24 09:37:40] [INFO] [auth_service] Transaction payload payload_hash=8sbYXQV3n3u/oGflGA7bp03Xn3aUFda8YiTVrK3s+R78KuoHmfwjCOPCKuM/5eRIXKOmXkf89ece5N3MhUtpbg== processed in 342ms
[2026-08-24 02:55:42] [WARN] [api_router] Transaction payload payload_hash=s4AVl0ZV8gtwpP6ApYQ9CAb/ttcx9a2LCuW4n4lywZcfrTUNBpCv7XqrkJMrCcEJEkZDRP+brNeTh/TvOHjkYA== processed in 498ms
[2026-08-24 05:48:52] [INFO] [payment_gateway] Transaction payload payload_hash=IgajVN2Zf4+1bGf74FuTjhttkHZOM1iupHOG438ZroGoKfP7Ik3qlMSl4sSC/QS8XMcUTMcgNRd2oR+1cRp/kw== processed in 295ms
[2026-08-24 04:10:39] [ERROR] [auth_service] Transaction payload payload_hash=bAzR820J5AYt1mJvppcJDUN/0J0FJU8wfgXi5bYEPcR4xSHWSR/ks1Bf7MsX5xLzjAyRIRfFGY/itNaWlIDBww== processed in 485ms
[2026-08-24 06:36:16] [ERROR] [db_pool] Transaction payload payload_hash=5r3FYN3VL/ZnDzqn4zwQSrhhj+mTRnxKxhNSlRqid5+zzDDhwDe2btuNnIEEkbHS6+Ri4dOFgXQeYeQWrVIQpw== processed in 315ms
[2026-08-24 04:57:27] [ERROR] [cache_layer] Transaction payload payload_hash=RqOo9npiD2IMPxMS8S+V89vgqGziYf6B614DrQ9VhWgAg5JJuQ204pl18xjVQTm8Ux/7+4TfgkritDvCzWIUpg== processed in 374ms
[2026-08-24 08:13:09] [ERROR] [api_router] Transaction payload payload_hash=xTUhMwsDJR/LqwMd54X10b3HSgyrecW2PWQ1tfmTDJexlGyYTsSx8o7ukQuBtIidKbxpxLGbwoUUzFClUat9sQ== processed in 386ms
[2026-08-24 02:28:41] [DEBUG] [api_router] Transaction payload payload_hash=CsSFrM8J4912aqgwkDChXKchs80fSB608ZKSig+JYPJInrMnwuuCdN0dNuHYVxuGAv4ONA7B3RNq6ScBIBURkQ== processed in 207ms
[2026-08-24 02:37:07] [INFO] [api_router] Transaction payload payload_hash=JwEAegIquJrb9Lw316XLQT8GfL/EtJD1c2ZXYKbvKU9L+4JiFQMmJ22ZVR5hxU0ju+Moxira9GiYw7klt/rQ0w== processed in 304ms
[2026-08-24 03:44:20] [ERROR] [cache_layer] Transaction payload payload_hash=3fv9xQ3zTIzAl1i/P+7tBPRZffJ7INQueRSvko8BALk/yzqcW9+Zi5Kk//w5bo8YH3TRBnSIXDafY+/QZypgdQ== processed in 474ms
[2026-08-24 10:47:59] [WARN] [api_router] Transaction payload payload_hash=jIhTy5Tok+Y5qtaLbhT6Ms2dLpGy3V9pSPYSxGktbpUgZQHrDrF3t+OeWsrWfFsAf8BmnvilK3dSAyh01PidJg== processed in 4ms
[2026-08-24 08:32:38] [INFO] [cache_layer] Transaction payload payload_hash=Vu48G6No/xzwEJIiBmLH4ewS5O8T4xnr4mBAJBRh6Bjvde/ICtRWNfQj7p38N1wp5cGOEoAqR9bQqZtE7KUFBQ== processed in 483ms
[2026-08-24 05:37:55] [DEBUG] [api_router] Transaction payload payload_hash=bEJjuEbbu/eH60XrIf3j36kBj3FKAXw2mLemkJ23LwJa5FkPlSn18qfSAmLauew1j3YRlmTAFR9vzrRyCmbCCw== processed in 447ms
[2026-08-24 09:04:08] [ERROR] [db_pool] Transaction payload payload_hash=Au650Htav9G9bd1N10c/irID689zr7HUKYxHMlPAWPlf6pQpIQCjgkgkmucaqZtohmXdywCVz93o0g+3R1nSig== processed in 476ms
[2026-08-24 06:27:49] [INFO] [api_router] Transaction payload payload_hash=rJKjjJS1brgPXyJQIhBjF1UZYjN8W/CQ+usq1v0kNndeTzI68l4DCbSOQKZCXrLkEnmCY3v8B9wNSChOgJ6mPg== processed in 205ms
[2026-08-24 08:16:16] [ERROR] [db_pool] Transaction payload payload_hash=uYse0olKHiIWZZmFDHRDc15q8V81TchM8brAYnDXwPgJ722eTgrCbw5zp5elSCUK4UKd7cejYk8fDth0sazxyg== processed in 313ms
[2026-08-24 08:55:07] [ERROR] [db_pool] Transaction payload payload_hash=h1ChDTMvb5lWNlCovdFc3wyxBiwYzN1FyNQjdSBUzjZb+vPF14znekjlFlmgYnCFprXa5dRs2u6DKsWJyejdXg== processed in 379ms
[2026-08-24 04:25:24] [DEBUG] [cache_layer] Transaction payload payload_hash=eoA3lBKx/Sg7ZUcUI0Zc0niFBcw2fL+CtVBvE/4ea0J0oGHI0UOsSLw8KpkVaYVwG2ulxlO+38DZn/iaAGAfmw== processed in 294ms
[2026-08-24 09:51:00] [DEBUG] [payment_gateway] Transaction payload payload_hash=kaHBkuqsUTMdWiFrETzkLB0a6RW+DJgDT97t09Vemzld486rXiQxkyV89eh7iL0N6CciiJmNbHYsnOagATR6gg== processed in 329ms
[2026-08-24 09:05:00] [WARN] [auth_service] Transaction payload payload_hash=CUX5ZFd6wSuT14oTHDHZlVjQRs0+ligiMup3zEnV05tE9AfqHQXWBnly5JUTPs6ZPHiIcOlyvYboTzyJ1w5UEA== processed in 215ms
[2026-08-24 11:17:05] [INFO] [auth_service] Transaction payload payload_hash=Pil6CpUfZHdKGB1ZnsYtI99LPp6+SB5nyaxOQMB/uqa9pRakHmsTjCHCQu0Pyl7Kwy109htp8x5Z5yPayt3fIw== processed in 107ms
[2026-08-24 07:16:05] [ERROR] [auth_service] Transaction payload payload_hash=w4IiVhBWij1aHNHKLNDulPWpdKtv5hOOo1sRVAGbLjRLMoHBKgeWo4lItdLV1m6fTyIOPbt1E6Cv0FdPVUleag== processed in 147ms
[2026-08-24 08:51:05] [WARN] [db_pool] Transaction payload payload_hash=/nRg6fbbdUzSGsGC2oR8QMADmd+fVqrthyHP2EuaJPb1bFk7r3bAsYTJrw7uUL5IAVoqYhiLBRRdOnVQ8n7m9A== processed in 331ms
[2026-08-24 05:23:37] [INFO] [db_pool] Transaction payload payload_hash=Q7qhRxRq7mYV4xhVZRku5m29e5so+et7W2CiN8gIx7Lr6WrYUxPDNf8FkAq40/Xjz0TyLcUHrDQyyPnI1JZ6kQ== processed in 417ms
[2026-08-24 07:39:19] [DEBUG] [payment_gateway] Transaction payload payload_hash=q/EGPjCGPpjhkrT0Ozl2YQyinuNviACs5NoL1e2jdJCe/Qx4kWvARFSudLbG9r9GDkGfj/mUdRl3aNTRebhm2Q== processed in 272ms
[2026-08-24 10:34:05] [WARN] [cache_layer] Transaction payload payload_hash=vBVY/ZPgKHUWylvMKE30SI4yTnbONfNTbQcdPo4zBVXqenVqS01vjntPu7U9GF46dN0CUadRKLlHfo7qI/uMTg== processed in 352ms
[2026-08-24 10:51:13] [ERROR] [api_router] Transaction payload payload_hash=YqHU8kybmTj1PFyGA8DvkRusOv/V4hbs1+pQ+TEE5ZikVeE/r8O1HwrkT0lEdxikucdZ9XZZ5ijZZomWCSsxGg== processed in 12ms
[2026-08-24 07:27:29] [ERROR] [api_router] Transaction payload payload_hash=dyewnQa9KiBKcheMLaQOkw8m5Do9Gu95KgaAdlJP3TUCelIIf9Ai0+XgzoU2yhuoure5pAxT5B+MuYumgEPSOQ== processed in 163ms
[2026-08-24 07:20:59] [ERROR] [cache_layer] Transaction payload payload_hash=OAk/QbidxFaB4ifN3L+SeDzTnKJRHIggzon5pCQD92/tQP+TL+cx5tDUKzo2XCJQHr9BLXrMBmlLVUNRAhS9ZA== processed in 483ms
[2026-08-24 11:15:03] [INFO] [payment_gateway] Transaction payload payload_hash=DqHZboqlJHCwfqY/2Qx3SlwS4bhUdHpwUTTJTIIqoN9lDHobkY+1cV4ihRibKkOhnFhfxw4js6j9ZykH/z4pFA== processed in 449ms
[2026-08-24 08:11:31] [ERROR] [api_router] Transaction payload payload_hash=HEsfXJo38fJ5IDGvlFJbADF/vZOdRYmy3xb/zlfnniuBqyYjUXTKcLJ3J8DARB1YRaRUnvZsMxFi7x1AX39/Gw== processed in 394ms
[2026-08-24 10:05:49] [INFO] [db_pool] Transaction payload payload_hash=8LprrD3MiuFvf9q6M54DfSm91lDqi5OAizV6yKD2au3qa/IDOeIDGRKIDukbY3SXPCz298EtVBXkucxg8+9E7Q== processed in 43ms
[2026-08-24 06:06:24] [WARN] [auth_service] Transaction payload payload_hash=mgfllmpY/G37wa2gsF6D9grQylJwdhUDdnxy3xWSZEqsq0Lr4Hj3BTf7IQP6LP9KLl+Yyu1mp5RLPSretMqfSQ== processed in 244ms
[2026-08-24 09:30:18] [ERROR] [cache_layer] Transaction payload payload_hash=ZtL253DUGvP+WBfpFll5oPU4fHYENmJGlOKt49tvYp7mEBXGgLCid1Y3jLZSPWd/XYegUtRBmRVMJN/gHfddZw== processed in 481ms
[2026-08-24 10:56:17] [INFO] [api_router] Transaction payload payload_hash=M21fwsTwT0CUjPJ6Z5kFZRvEzJBZf8SczOtHGb3TmeI3HsCWiLUXfceLgGtI27L5hESrhqq35i9ZKotEPKJmYg== processed in 154ms
[2026-08-24 11:15:51] [WARN] [api_router] Transaction payload payload_hash=vo92083pv5Q1NYvXPUeYVdNX8qyFtO90k0l5w7/slrYpuHJSf6SRVc+7hMYNQWuXv7xg66uDCcAmNGT8huK9Eg== processed in 206ms
[2026-08-24 03:21:54] [WARN] [api_router] Transaction payload payload_hash=7Jdt3UykT/0SRQC6NhpPEqNjkp6pASqvcfTB/CDTCs3h4yPWi/RnigIlXErBXxxL8l6tCM4wAdrVvyivdxj0HQ== processed in 28ms
[2026-08-24 04:32:14] [WARN] [auth_service] Transaction payload payload_hash=xy3YTm4d9odXnoRFi5bRWvO71mhhd9p8aEwMoALqmqv4RHrJUs07380dPRrXW/FiA9enZuYtF4ZAjRUwNouJRA== processed in 193ms
[2026-08-24 07:01:18] [DEBUG] [auth_service] Transaction payload payload_hash=OFM0Uyp2vcVt1sFoSYcx+LzAtvTJOXWhMhpsZqq+htc993vASZGYyCXMJiH2hMK1WmP+2lu00cUpOJ+wo7Bevw== processed in 81ms
[2026-08-24 09:14:26] [INFO] [db_pool] Transaction payload payload_hash=WOpJi6HMIy2tZbyZ9m7EuWSi3TN2GkAdggVOsBKDsfdOgqecuVsvOgWvoRLhW/VEusMr0hEwBCEMZ9rvm/Dq8w== processed in 175ms
[2026-08-24 02:40:09] [DEBUG] [db_pool] Transaction payload payload_hash=Q2iLV3s07oiBuT4MLTEuYjKWAq8WZMj9YGI2rDmkhmdMQCYmUHJh8I9tJmaf/arsGc/4CzWV5OiBqA2gNt6QzA== processed in 317ms
[2026-08-24 07:45:39] [DEBUG] [db_pool] Transaction payload payload_hash=f8nEYH/r+hQg95DBqBFnYT0fOmeYJzpsh+0ONdpO4fifGuHnL4RX/BwNuNPKzq7lQQ3pnaRnX/Y63ddaC8ilbg== processed in 450ms
[2026-08-24 11:17:43] [DEBUG] [payment_gateway] Transaction payload payload_hash=HWOleD8xusO4mOpFRIzsaGqJWbYJyS0kmwcj2YC1Qk6oge86PEPPVbKaLCJdRA+9SE9g1jKlap8XDdlCfkgPTg== processed in 211ms
[2026-08-24 05:48:40] [WARN] [db_pool] Transaction payload payload_hash=wwXUoPbWz8gs7A3YINAuh8zlDnXQlNw169zDyVCz8e/U7DQmxUGLkOmD4UqqNY8BnNj5zsEzuSV6BMTMDF4lWQ== processed in 132ms
[2026-08-24 04:10:00] [INFO] [api_router] Transaction payload payload_hash=V+uvUEAmS4DEqHO35oMYgYqM/G8nVEeh7rOnXE3LmJK6t6qDXfFf1cZbx5vJQxoZBPr/4a4nhEIZE038IIWm3Q== processed in 478ms
[2026-08-24 10:59:36] [WARN] [cache_layer] Transaction payload payload_hash=tYMpyfqjJbspyNOK4nPAigDv/+Zk9SI/1I1IDZpieF2BNTPuCSV44YNIvTtgnTtvSMq1zw4tVQtSGRzVCAS3gw== processed in 429ms
[2026-08-24 08:39:21] [DEBUG] [db_pool] Transaction payload payload_hash=8jGOyGVUz5xwT7OQV3EHIWxIqr4ZC56R++Kuveu7BJJMf+zdA1+7jMOg9tV3AfLxGDQCIZRCJMOGNQ+ZBOq8OA== processed in 111ms
[2026-08-24 05:38:54] [WARN] [payment_gateway] Transaction payload payload_hash=KAk8DeIm2y2hSFF+fQkzt+8gEHUzfBiTv+1Tt0H/v0KRkSt0KSX28wSQC1MG7Pz4kzXwwNTMLdhSUVoEwBSy0A== processed in 454ms
[2026-08-24 08:51:33] [WARN] [payment_gateway] Transaction payload payload_hash=enwSN6t8rHjG7V/NwenEflu8FLKL6n5EgDkqoGRj9CAof9GQua4glVQZtIxvl7Yn9HaUfZpol8Qn2ijRC31CIQ== processed in 177ms
[2026-08-24 10:53:43] [ERROR] [api_router] Transaction payload payload_hash=EiRevnkELv3VJP9vmgZlgZ2jwgFR9Zdrakip6Oq1B4RZuc0HwmZgk8IBwaqonU/UvRxoDfxbJnmx3njjs32qTA== processed in 476ms
[2026-08-24 06:57:59] [DEBUG] [db_pool] Transaction payload payload_hash=kIp8j3Ar+kDV/OgRLcvnj0VRWBAmmSRQaJ3sPHn4CUmn0NjnMrH0nAgyLqIsf+DXiBpdmbQp47JV1chrZF/M0w== processed in 296ms
[2026-08-24 04:17:16] [ERROR] [db_pool] Transaction payload payload_hash=EZd+Ykyvh/Q+A2PDQ0RnFdYt2XqdbgXCxRJ/W6HmUEdQ/M+rImfp3ESdId+kLmvSbaTsD4GRsLR2qM4d/p+O/w== processed in 445ms
[2026-08-24 05:42:43] [ERROR] [api_router] Transaction payload payload_hash=mE8cL1rf7m8OjtY3DBOrTAfhQlybQAwUb1H7xtV3lnf1NXwFaUTWo6DY25EZ0omlif9a7EqFf5y/4wAaL9cfcQ== processed in 401ms
[2026-08-24 07:06:29] [DEBUG] [api_router] Transaction payload payload_hash=er94zzOT2fkzftzDUKtOFAF27abqHsaTqTcnM1Kx6cdygDdxr6y0ZW/8sBSwnV6GiRisFa0UYmdOBBcmTGyxFg== processed in 445ms
[2026-08-24 06:05:14] [DEBUG] [cache_layer] Transaction payload payload_hash=qkA72iPlbmHAf1eOjIG2RAx28D9V+FOOOjnCiCHHDQwxvkbp/DXhLOhG8h4z/9WnHU1vEbXllqgwlstu9njftg== processed in 17ms
[2026-08-24 04:02:00] [DEBUG] [db_pool] Transaction payload payload_hash=qJDDbsZZDQDCqp9ny9nDRtEHbJ5AGwc2sUxqfLNFDvsP0B8HIzN6PHS8tEGmIUhz2U4C2UidnyJPnwY6JwAUYg== processed in 136ms
[2026-08-24 09:31:56] [WARN] [api_router] Transaction payload payload_hash=1OBT6ignH7NkQqN32OrNyFvfudtWagkesPUvKWSs/cXCZ3tDjGwpr3Z1abfOxJh2gVgMXBHyEQIKqkjOTNovDQ== processed in 281ms
[2026-08-24 07:44:58] [INFO] [payment_gateway] Transaction payload payload_hash=dx8OoU4YyMzm3oRSvZTGw5LN+5fPLVuyT1vCsSoiGFgFoBCctEZHa28C0gJ/96Iy7hurRqXhGg3sBzveLkwEsw== processed in 124ms
[2026-08-24 07:08:25] [WARN] [auth_service] Transaction payload payload_hash=J90hmDSvC8UZQyJn1VZ2kR6Nd9w9YgFkiaJBn9Zns1+BZRtJs7iGy34vHkc7gkLfBu00JAOf+mtgw94iC0I1cg== processed in 462ms
[2026-08-24 11:06:13] [INFO] [auth_service] Transaction payload payload_hash=qryBGNrVPCxYhgAX7sS6KwxiqWWi0n6g6O0s3oJFoci3Bud7BrNIXWyYrR2/Qx09Gnq8ZZKmSAaAxhsNO8N3rg== processed in 366ms
[2026-08-24 03:21:02] [DEBUG] [auth_service] Transaction payload payload_hash=J5U4iv0bs4AujZRRbdpgmz04TMnvwZzbgO/xoCfS0iPQ3jvhmOidNTv++Qapq5yV9S/frzUasPDhY+BxpqQUxw== processed in 278ms
[2026-08-24 03:06:57] [ERROR] [auth_service] Transaction payload payload_hash=EC7N7focd3QfhxM6I+oknGzKqDM1/U7icYKX3JVnCA2fnLV7MHIAElfpIo4jdYJsxbsfC0btwyj9zm8yJEiwqA== processed in 258ms
[2026-08-24 06:42:21] [ERROR] [payment_gateway] Transaction payload payload_hash=pn7JoK/QKEd/4g2fvor7zvJnkBpU4m2SF5ElL/urd8iNNXsRhJx47CgAZeqIMlulE8EjByCjtk6msIQGBpmvog== processed in 27ms
[2026-08-24 04:40:05] [DEBUG] [cache_layer] Transaction payload payload_hash=ufYVxWJR9EIAAK0u2saAD1zOitJaoQu65h+k7gDIan57SHCT7AGAFuWkEBorXa08ZsdCPi8YlAz+bQjkLR/FQw== processed in 94ms
[2026-08-24 08:41:53] [INFO] [payment_gateway] Transaction payload payload_hash=wI71H+jrTCZCMb3x1563BYHn+z+WtYqw1z4ai/+583odaCDimnMGHY3oJWHE/hADByfK2kYGpAkP7VMjbxviiw== processed in 50ms
[2026-08-24 06:04:13] [DEBUG] [cache_layer] Transaction payload payload_hash=bNYoM53DrVOBU7pvHoGLWYrhwgbcfembqe+N8xTU/W1RIXpeCu3+OgEBp3eYh/sp2UvWd7k98cBjwa2IbSbqsQ== processed in 428ms
[2026-08-24 04:35:32] [INFO] [auth_service] Transaction payload payload_hash=zT7x8IHcnRWvkSGf0FVNyZjaphGLuaq47MA1NGDiYnYEXxdQgPCWw0HXCav6O9/WKKle0QCY2WCAAOw9tP20gw== processed in 300ms
[2026-08-24 03:26:19] [DEBUG] [api_router] Transaction payload payload_hash=3HB+cskLdDU0P/gNepB+Ys+J9WQ05DkFwyEzwOod4xfz3w4RHvYsgrVMfEoq8z29hXNdxoO/vJxxErskYxMoeQ== processed in 243ms
[2026-08-24 07:21:45] [DEBUG] [db_pool] Transaction payload payload_hash=wleWNh2C+IpzxpIVqefhXaYlisVmsQ028qonBPLW643LgUB3GoUSpACAMxp9g9xyOLz4UZBPItJZwepQeBMTAg== processed in 198ms
[2026-08-24 06:06:36] [DEBUG] [cache_layer] Transaction payload payload_hash=VazLKLWPRMndnE5HbBBMAQR80oTrSUGxY2IXjmwPzGnTOLgbzmRzD2FG/M3Xd2L8C5Z5tMtA0rde3mZBH0oDig== processed in 451ms
[2026-08-24 10:12:13] [ERROR] [db_pool] Transaction payload payload_hash=GarB/lAQUmKvOoJgjPlKJSKY4zxwp5Ar7vlSSRsEwOo96aOfaHZvIRebjkAeJXVDsYX81l5UI5DkXkzzbnkqCA== processed in 348ms
[2026-08-24 08:54:46] [ERROR] [cache_layer] Transaction payload payload_hash=5piFtKZ84Fg3nHoE5lDQs08orNk5KbOhKzkdb5VD46QUiyJ0XRlKLmmgQqnkPyvDhpFB4GkV25WuOpNJcV0xlA== processed in 17ms
[2026-08-24 05:06:15] [ERROR] [api_router] Transaction payload payload_hash=XaSV5Tv8lG77qFDMm0OC3LQ8otzdMdj9yhBuE9ukhuqKubcxqlx1hWFidQBwMWTRVcVxUoaZTV5jAarr/zAmTQ== processed in 403ms
[2026-08-24 08:38:54] [ERROR] [db_pool] Transaction payload payload_hash=l8Ygl6ec92Sw5LAeP8E9Jog9uJVXhW4y5LcMmFd0zIN1OlIPKTEXqQkMOlIfYFHP/ObqmwrJPjdwDQUoTQpT+w== processed in 58ms
[2026-08-24 11:19:32] [WARN] [cache_layer] Transaction payload payload_hash=AYoBnyKuBPY6bJu+LaYIjKdCFO53buaf3IpQDlydF1mG7morEXvL54A8CEREreUWyqPWu0zkWLHnlZQRdI8r2g== processed in 289ms
[2026-08-24 07:23:02] [DEBUG] [cache_layer] Transaction payload payload_hash=ek2gO214YuaXir0xwrh/RfgQeqmOwHOgzA1niVMOfPCfO2DQ/YI2a0JNCoNiv2zMzPqfjqeIMoynHEQLY9wdqg== processed in 34ms
[2026-08-24 05:32:34] [ERROR] [cache_layer] Transaction payload payload_hash=I73TfFtvKT3m89QHRK2s7vywcFiCIUd/OgwUIUbzD5OQAWFI6FsxZAoxo+3gWdgs9VYRAd+nj6cuUyX0Tr+HzQ== processed in 210ms
[2026-08-24 02:16:34] [WARN] [api_router] Transaction payload payload_hash=wz7A8TrA/B5qpZLpdseCdQVz50fQBQth68RWwTqW638X1oIAW24amq0KgfRgQO2XCtnvlC8wnQMoxU4n9KqlPA== processed in 269ms
[2026-08-24 03:52:16] [INFO] [cache_layer] Transaction payload payload_hash=OFVvESaU36+53X4gnvX9Lc5iRUw985FfHbmOshwXri/6vfjm+JWU+eKdZKRtl3Nj5wsnQSwnKvddCykXrWxKDQ== processed in 382ms
[2026-08-24 06:36:55] [WARN] [cache_layer] Transaction payload payload_hash=GZO7kGiDCCgABXJmaKIS4SpRf0tKbu9yAOGf0bej76Oc+pj8dJ8rf/TI+s4YgYfRKP5/8SlRQsBmDTdwAf+s/g== processed in 341ms
[2026-08-24 10:33:27] [INFO] [payment_gateway] Transaction payload payload_hash=rZNvO7bfaNqqQwfUHm3aoFZRswo/Kxm6XNX7VG/OUjk/CFCNWHJs3cyQxk3+AaHQ6gKi3Mit7LjUDSGupVvLJg== processed in 201ms
[2026-08-24 05:04:33] [WARN] [payment_gateway] Transaction payload payload_hash=JOYPH17dy5YbGJkqOmU/ynYIpAFymUnXBK0ce3BTcnD3NvxVxN9qH3mI6j71gkKV3V5qscu09q6woFKZ3q/Bmg== processed in 131ms
[2026-08-24 03:58:38] [ERROR] [api_router] Transaction payload payload_hash=bZucd9lUor+r+aO1XKD0leEeLS9v9dGMXPe7IhsChbnfqtVmpp03XxnHD8qfr8AzDKpOwmvuqjBiEhAKFGMIog== processed in 239ms
[2026-08-24 04:31:25] [WARN] [payment_gateway] Transaction payload payload_hash=mjP/ofh5kfizGadyzTE6FJRzR1sdoWfG28iDAyeG6TMOxjZVTAkFdeZF87HLk3+h6BX1Sw3mOX5wzR9LpZ/N3g== processed in 326ms
[2026-08-24 09:31:51] [WARN] [cache_layer] Transaction payload payload_hash=Ht6Tlcs1LlJjNcrLhklpGPBxE5aGYq0T6RYSGQ2Rxy7QmSgMOMdD3kHr94KD7m9b0pudXjR9TEz9SUg9vpMLBg== processed in 344ms
[2026-08-24 07:10:52] [INFO] [api_router] Transaction payload payload_hash=EMpeRngcEcZUvsFPzkYzIwfhzEE6qfMNazl4vXfb0c++aAADDZAtRnJ4tKsX0VFWHAl+Uj7nezFakT1h/EQSZg== processed in 144ms
[2026-08-24 04:37:00] [ERROR] [auth_service] Transaction payload payload_hash=7/I5IdooMdCZkMPptoHHC1UDYVBR9E0j+INhaGiPJMkK/GGHmxVo/Th5kxBgJavgImtPEvK35vbRpZzFabictg== processed in 175ms
[2026-08-24 07:28:17] [INFO] [payment_gateway] Transaction payload payload_hash=mYLPWcZcJwHIzBX9yyEHk0LI9X5KaObiwSCs5dEEsYVsErZVprqkJruFhWfRlBaybxjPO4rQmWDXcgV/6qxvYQ== processed in 165ms
[2026-08-24 03:28:56] [WARN] [auth_service] Transaction payload payload_hash=vEaiQ2UjMeKntkKKyIl5NvLLVSmLG3HgL3Mqi5Aa5r+4PvT4d8OjzONZF7Egsw+7xsBQwlaBSCrUwORlc9DtlQ== processed in 59ms
[2026-08-24 06:49:56] [WARN] [db_pool] Transaction payload payload_hash=YTKLRKXXtZZJ5XxFeBDZwWcfHn1trKQv3ZUld5J2e9RKZi6heW8GtkiRwYP50FX3Ey6b+Cx4xjJBDVhkqJJVVA== processed in 336ms
[2026-08-24 02:22:59] [DEBUG] [cache_layer] Transaction payload payload_hash=pYG4vw8kVlhkwBpG3Kk3XET6ptK1H0LFN4b/n+6YAx3pIrfOKKuBGyx1I6H3rjA6bouAOdcLN/mrBXfzsuuuPw== processed in 391ms
[2026-08-24 03:40:56] [ERROR] [api_router] Transaction payload payload_hash=PSMU9eZxjXay17rh4yt8GgfqvKPm3VFEfTDtAythXwMT4cHC3xYTf40ompjqAfSOj4MnOcDzpH5N7ja9zrgL8A== processed in 486ms
[2026-08-24 02:20:01] [DEBUG] [db_pool] Transaction payload payload_hash=KkJbwxkxawn/tNpJH2UUhzGphUmQ4JNlEl7KhTrFJXyJdHwhkrABKiP6gXdgDhcfuH3t3k1rE2i6eUYtoIwtnA== processed in 93ms
[2026-08-24 03:23:58] [WARN] [auth_service] Transaction payload payload_hash=qc69zprhCV0BgREoyHe/seCA2KKGNAqMnhRRSB2Mq4uOYlhmVWV4BA8d+yk9srov95dDQbNN3xfiNrsFnSv/mA== processed in 49ms
[2026-08-24 02:40:39] [ERROR] [db_pool] Transaction payload payload_hash=XnkHyj+z2M14hTvrEbCSEoSDQcpe8Mp0Iiqtt7dnVFDCi5yV1kagk/xygbzlerCNrAfW9iFwsrOmqqweaJjKYw== processed in 243ms
[2026-08-24 02:51:36] [DEBUG] [payment_gateway] Transaction payload payload_hash=DNZ5iG5R7Q0mlIgiWT1DF6xtUBU5rttxaIj/4KIV5u2i1wdUThf24jYWIIbiWAxny6xEY56FK+e9dtP9RThKmQ== processed in 298ms
[2026-08-24 05:47:09] [DEBUG] [payment_gateway] Transaction payload payload_hash=sDpv6rI5NxF5UcEasQWfmFRAjQbkq1Ghi0jHD1j7brzYlOJkq4riOKnJte7ZWgXu2Z6MJdqr8ZZ/daZJ1+ZDgw== processed in 353ms
[2026-08-24 07:23:08] [INFO] [api_router] Transaction payload payload_hash=zXiMnbJyuqZldNPcjQjTsmrCdiderj2Mv6naFzuY6rIKNsW2oovngiJJVtj1ap6Abb9MW1KDVb5n7hF4UvjtKw== processed in 464ms
[2026-08-24 07:44:48] [ERROR] [db_pool] Transaction payload payload_hash=uzR0JX7e6JKxvxA0u49+gvPJeO+OgHwgR/qfAZlROWKhGbctQZO2PNa1mo78Yl9aVbd3OgdJ9hnY58Ddip6jcw== processed in 290ms
[2026-08-24 04:17:50] [WARN] [db_pool] Transaction payload payload_hash=fSfx95sICFg2qmDAJIpT6QYAd7DdHfCZbvdPmdkfMEHoa9JvyivJOovVO0Koo1wvag/QYrdr2gIEIlFVwqAyDw== processed in 484ms
[2026-08-24 06:39:49] [DEBUG] [cache_layer] Transaction payload payload_hash=JU6WNN9pNVoVEG7ufzsUKJnBM5wpwwLZwLdB33j2lHUpVxqftFLJbPCUmjvkyu+7scS+gg/HKAqMWm3AaOZKww== processed in 442ms
[2026-08-24 09:06:37] [INFO] [db_pool] Transaction payload payload_hash=RCdMLEktuQ72jZTmKnfqmlKEsOujn97xtcYERNb0Ai7QK6kaF0dYezWoAutkgIQEhJ7x9MFqvzGkoX1kRmzsSw== processed in 90ms
[2026-08-24 10:55:53] [DEBUG] [api_router] Transaction payload payload_hash=4jYUwf8NI0HO+6yYuQ+WBMjw4eH7NWMQRVzyy+dw5iXlsnSgcxbRVo/oN4UsmFXs1FBlC2Ocx1gcJU4KFwR21Q== processed in 258ms
[2026-08-24 11:22:04] [ERROR] [db_pool] Transaction payload payload_hash=LLbGQnP0DgYQATI4mXomkMH+y2VKKVT+hSRcndE6Kp0t5g9EWQ73PemiVal+CdmXcDZ4k93EI+vhcyyyWS6rZw== processed in 320ms
[2026-08-24 04:23:54] [INFO] [db_pool] Transaction payload payload_hash=AwcMIGDM6P5D46UBhy7RjjBlqpGDgqMTUE2x6K6S1VOa18VoY3Es2qJbju2jmkg3z5kzmKb7SmBX1GzANzppow== processed in 265ms
[2026-08-24 05:49:26] [DEBUG] [cache_layer] Transaction payload payload_hash=dhoPN5Ib5HPx7KVmYrTgA46a82N2y2BBGpgOYlPhdO46EdhYetSirTWQU94w82iEGVnYn4/cfiXz65WWHuhlwQ== processed in 357ms
[2026-08-24 06:05:17] [WARN] [auth_service] Transaction payload payload_hash=dkc8hoZBYNLe5YvCsGZSHh9T8VBmf22MXl/LgR4L1Mc0bJYkqXonJQgqKAstCmF3b9mP8HUfQ/lAxtnxAoBPFw== processed in 401ms
[2026-08-24 11:13:25] [INFO] [cache_layer] Transaction payload payload_hash=QP2FFjwUCOVozop9qjJJndloA5vfBQXmhVYydbJsB/8pRpm9JD2+V9uxN4srRnj8YgBJeT8q9hFNd0YdNJbfyA== processed in 427ms
[2026-08-24 03:49:08] [INFO] [db_pool] Transaction payload payload_hash=gyxjJEzae2O6DzbTWy1ZDIWlTpp0mRerjfM221b1aio+00V61ZpLnL0xQRIJfZkdnh3Pm5WXNxeuOZkMfLngDw== processed in 212ms
[2026-08-24 04:40:34] [DEBUG] [cache_layer] Transaction payload payload_hash=J/EEI8jacjC6lnhC+JvY9HZHMrEZP6FgAJGnwzQM1wNqDoLNny6hTx2cug8KrTBE16zT1wxOEHFGHSFrHKJaLg== processed in 237ms
[2026-08-24 06:35:19] [DEBUG] [auth_service] Transaction payload payload_hash=khN1NhN0wBkEyTM/LP9IAt1klDL5Eb/NghDw3onwwPKm+HikX788noqBaG1j25JlV6KNIeCqu4qCJ8BemVrB/A== processed in 139ms
[2026-08-24 08:28:24] [INFO] [db_pool] Transaction payload payload_hash=TvZXsLRduDqzd3ATW1pz6yxKJetwZugmXi83HOhgsatjXUTZ+8FvFqUUDxRkZRHuSIUTaolSwVXbZksPXRyBNw== processed in 299ms
[2026-08-24 09:16:07] [INFO] [api_router] Transaction payload payload_hash=5ykxODUtiOP04nX9MsLyoISAsDimojL+0uADv0SmHf6U5muMfUusJxxw4HuuYgKTz0YgPdP3+qbmGhjdR4F1NQ== processed in 484ms
[2026-08-24 06:06:58] [INFO] [db_pool] Transaction payload payload_hash=Z3FdlJ0iRa0rPLORlVG7NjXzy23EzW58ogBqgGidu6XUvGfpgra5wwT1GxFQxBWccbbhaTdNQX/QsfIxTumfPg== processed in 62ms
[2026-08-24 04:44:30] [INFO] [auth_service] Transaction payload payload_hash=JJ1eznr/DD4hFEnsTXmIagLzG+VnDAHOirMoaaegtyokI+oIFfRQWsokwV4zhV4UlXPDtdZNSbA1Bu1JDEva8A== processed in 200ms
[2026-08-24 06:23:49] [DEBUG] [auth_service] Transaction payload payload_hash=hCpJe3XIYqzCnAnlqNll1rGEoXaGJL28VqdYWnk1fuFofSict4yT4j+0y3hcOIZFbCOBb8XzxQSM95g4TaaF3w== processed in 72ms
[2026-08-24 08:10:00] [DEBUG] [db_pool] Transaction payload payload_hash=7o13sucDJGBeiqPjqZRa3oZtRV9iDRMGWdbnrscbz2FE83o6jj8kBYmaBN6G6aT+McKXK5z3921TuvR5cR/f9w== processed in 53ms
[2026-08-24 03:19:00] [INFO] [payment_gateway] Transaction payload payload_hash=9HJofALybhVicDzkLy+hAfZ4DyLeS0x0bfUZlfDHAupi8Ot4ckzRJKA8Z4ZdqmEKNGJ8xPcQLLOx7fPokZcpwA== processed in 97ms
[2026-08-24 02:53:51] [INFO] [cache_layer] Transaction payload payload_hash=jLO1wdfWBeaM7rvH4xMSa8m/1gzv5hTHjiTk59otmb2l4qOyenBC+r1DxKxipAet9kcXdwy1+Jz9Blt7om3Jyg== processed in 200ms
[2026-08-24 08:48:39] [INFO] [payment_gateway] Transaction payload payload_hash=17MxkGcA4qh0Z+I7oklcpxNwVi9EwK9esWYop2+hQ7KpdF2XWT3SJE2fed5DqQ+E8W4BPpzICE7OO/MNH3z0wQ== processed in 158ms
[2026-08-24 08:12:29] [ERROR] [db_pool] Transaction payload payload_hash=6MZucPkRYL2Bq6TTy5An7ZrdTWwR4v1MBExQqY6cYIUxQD88cVmHsZkza7+VCJp8LI+FPcHw9qHmHTJooQPrBQ== processed in 194ms
[2026-08-24 02:47:01] [DEBUG] [cache_layer] Transaction payload payload_hash=jeZiHM+FPkPhYnFiPzP4kLNw4zF0M0hJyyBvr+YS8w7m59qP9BscrYH3zwggPIn6LIg0dTFfvKcf1dkEKgeZSA== processed in 495ms
[2026-08-24 09:06:23] [ERROR] [cache_layer] Transaction payload payload_hash=xmEznQle+6PiDeGb9wHZlfHzL6p071db0PSw3otD1tRFebyP12OA+WC6sobwUKFyTMFH47QDYkNvG/85oONWKA== processed in 256ms
[2026-08-24 05:57:21] [WARN] [api_router] Transaction payload payload_hash=U2aQ38mhzx/YKhhPkiZ3B1XUBvtZMmTZsx9SkwEAHZbMunPzbpQR5JWMD95fXKjc/VIOzrNG2IwqZ7XU5JoSeA== processed in 427ms
[2026-08-24 11:14:25] [DEBUG] [auth_service] Transaction payload payload_hash=G/PSokAi3VrVHmzkQczWhSffL6NMwwJSYdj3maQHx1Pijg9I+n+wjap12DUh/lqZB7pugUKzevlFdfgJ028lqA== processed in 177ms
[2026-08-24 03:06:19] [WARN] [db_pool] Transaction payload payload_hash=O6x1m40CSNhB/oEHBTxYPFnrp5QV6jS7/HfCGkgTkgtEHJOpcIm7gol/CC5hBW9pkJ/CDSKZLNP6VH9ydc0c7g== processed in 203ms
[2026-08-24 06:08:27] [INFO] [cache_layer] Transaction payload payload_hash=pEh/HnEzI8OlTGpKIJRPbSrKF8SZkg1NHVw5rt2WH2Qt4R2DAlKBgkCb1JXBJ6dactGZBWSkaIGZHucHOastQg== processed in 429ms
[2026-08-24 06:08:34] [INFO] [cache_layer] Transaction payload payload_hash=4gdyRzYCVJi0e4InpPVFkbrsQYGCvU22pGjodchT1rjHgBHV71uCs47vahX2RK7jTLT1sUuXe2wTFajJxjsYHg== processed in 82ms
[2026-08-24 10:13:01] [WARN] [payment_gateway] Transaction payload payload_hash=R70RkK8X86tpCHXMp0/5dg2/D8tbaGC1aFb0v7TpqkUFciO2xzMMPqnXBpvt9RkHiyyQVksQi6xfLUM5QcNRWg== processed in 226ms
[2026-08-24 07:53:57] [DEBUG] [auth_service] Transaction payload payload_hash=GiasTE+w/0TKx1ALQ5InbkSSva00J73PdkHyIR58EkGVmiNOw3OPJuLofFY0D6Cj4Hf0QEyyTE190zS44lHkTg== processed in 356ms
[2026-08-24 06:38:27] [INFO] [api_router] Transaction payload payload_hash=s7xC7I42PAswhe6Z5qavxBrQ5yivrTEZA3km1/WZWo4jbToxldk69qCtB78WU+M1GhFjiw3s/OjqIceIeDo/hQ== processed in 93ms
[2026-08-24 03:46:09] [INFO] [api_router] Transaction payload payload_hash=FkH/rmuZJWvm1FcU5KpXnG4YD1X9eHm0RiYJOG+9y/h0aoBO8FJx9xaBUAjBrgNe3kwlSCz/Y+T+vI5A+7mKDQ== processed in 173ms
[2026-08-24 05:11:15] [INFO] [api_router] Transaction payload payload_hash=9faKSDiVvNtT/ZWXv+Z1aCcL8Mnq73szz8H2darTj56iznwVhfxzYRrfC1iRlnXPe/Z9egIDNKMrU1bQbeE74A== processed in 83ms
[2026-08-24 02:28:08] [DEBUG] [auth_service] Transaction payload payload_hash=cXxo2tXyTT5gYinY0m7B8QavPLajP4OqSV/BQLjEMhzsmi3857T/O3ga59ygRBVvzqfZiQC9GcldWMO3GYX76A== processed in 136ms
[2026-08-24 09:54:55] [INFO] [payment_gateway] Transaction payload payload_hash=CGfbMi6FtDBBhsRNsNL1nznfhdRpydcR/0AFkRhHshsrsOunudv6W8utquUv7hIn+W5EcBYmHcWleAapiFz4Ew== processed in 221ms
[2026-08-24 05:21:51] [DEBUG] [api_router] Transaction payload payload_hash=OhVoERxc+MFidbEA+W3b6txKrRywaO2hNGOIKRANgdyuRs4FvZk8aHXmyp4q+dk4CkfIIxdHANX5xkQpcD/WKg== processed in 263ms
[2026-08-24 11:03:17] [WARN] [db_pool] Transaction payload payload_hash=R/TInG0x3mAc9yJoy/ZbwJ+2Q8xpkYEKCykEUHCTMbCIOlbAKA1w6Cxauwxdtvh2OCXwIFIGO5ecWCWlqrwMEA== processed in 323ms
[2026-08-24 03:22:10] [DEBUG] [db_pool] Transaction payload payload_hash=NrrBrMd2I0TOIi5s/zasuGIAJgoRO53HpQYqMdCaeJ2Be7+ueP9wExbdH6jKQejAqWOUF0N3Y+h9GKbAgKhE7w== processed in 101ms
[2026-08-24 03:48:36] [WARN] [payment_gateway] Transaction payload payload_hash=CgplPcmsC9MtR5nafvv5qJn1jHFuCQsgVcdDl0TA2K40+rPvkjho+/cqfSwjPMieiXmZ8s9Axp8C1miKVPLBng== processed in 161ms
[2026-08-24 06:12:03] [ERROR] [auth_service] Transaction payload payload_hash=/+QBJpBOOFv/G85XdvXHH8gIjLaW1SFm8Z2G6hjjne32u2zq7HXAcsgWJ7Zdd04fCOqwLMFSnb9pCW4MCg7Sag== processed in 442ms
[2026-08-24 05:02:33] [DEBUG] [auth_service] Transaction payload payload_hash=MFlKCKR1px2xg9AxR8havrJSy0+7ZFoRLgcOHrtJfuTvtlOTaR7HgV/ai8taKZZKtDM1lfBQs/4I5f3FiHdO3A== processed in 309ms
[2026-08-24 03:37:47] [ERROR] [api_router] Transaction payload payload_hash=79Jn1mRuvCi0RpB/C+nZOqce/qbEEv5yJo2BxDYoo554ifFVeq8uLyHyhCC94N4EYJCMtAVqoUwX+1u4Qjsdag== processed in 475ms
[2026-08-24 04:36:34] [WARN] [api_router] Transaction payload payload_hash=tTcGBG9D9bE+DUAUIqx02OhDkXW6SweIGfa03zNPjEsqCFJ/lrCxyhf63Dsy9aTan7aJy6v7FliBHg1R9Hcx3Q== processed in 472ms
[2026-08-24 03:45:08] [INFO] [db_pool] Transaction payload payload_hash=PrWcdDrIOPv0DStYgpJ8W2S1BuVodF2iX9LwdacIQn4RMn9aufF+SWUEZairsVVipapNi7nlD9o5RwgDoQXMXw== processed in 449ms
[2026-08-24 07:54:56] [INFO] [db_pool] Transaction payload payload_hash=KXKS2Hy+rR5i58wtjd9l9F/aXIyBQ17xxHzpwldx09G56k43SEIR3lKbE+iogvrY8QyXjyxJO+lgwfrZp3ylRg== processed in 159ms
[2026-08-24 02:28:25] [ERROR] [payment_gateway] Transaction payload payload_hash=wFBRmm5ul7xu3d/6FbNQR38bUD6l+ugIlWJ8Cok6y9Iq5x01jFosFCq7pa7d4WkKXH21cjzuuDRFdxgfqvPclQ== processed in 246ms
[2026-08-24 04:31:54] [WARN] [api_router] Transaction payload payload_hash=jmMLE3A1hqIbudGjB5e5YP6bYs9f/37pbcaauo0lL6pUvkytB12KEE1ll+zXKefYCqDrdW+umYFlFjIA6R2ymQ== processed in 255ms
[2026-08-24 02:48:07] [ERROR] [auth_service] Transaction payload payload_hash=hK+uXlH5QQF5VgOf8djVxhRzJ0l7+dCnn5XKtFv845JZCu01F+fHnHHE6ShKoJnGzQaeVA7nUXRiqch43mw3Yg== processed in 293ms
[2026-08-24 03:11:45] [INFO] [payment_gateway] Transaction payload payload_hash=MeCreuIM04Rdsdz4U9jzvq5mMHgT6AlcD7/vP0CwOR/EAFksZQ2qkz5/X1P10Ul3AJpZVi6BEybX5lkatF+LZQ== processed in 175ms
[2026-08-24 07:32:43] [WARN] [auth_service] Transaction payload payload_hash=j/UhgMJ1h8U1tr6YSzWcYAFpaD0ZzVfip+/dBTnFj3cm0Up083jpsyxpaDRwU2I8aOuaBzI50aUwMNgjSzvxRw== processed in 247ms
[2026-08-24 06:42:50] [INFO] [cache_layer] Transaction payload payload_hash=R8hmMnoabB30zTG74MZD2lfa48pzBjnBQ5OZameRQkRez2dPAqR3DV6pmSmlDyjOab3MtqEQQlj18BB7E4bErQ== processed in 94ms
[2026-08-24 10:05:47] [INFO] [cache_layer] Transaction payload payload_hash=UxSIIc5HGUIq1UeF8wwKP2uUHTxWe3uFgXhyFfkp9setUP9czes2+EZTqHkDxwwJkq16/2wtVE0dgrOwvxNexw== processed in 424ms
[2026-08-24 06:59:16] [INFO] [cache_layer] Transaction payload payload_hash=BHKIboqgxc93t6887QlvA5C/5xH3Ir1x2ZKEXOmpu4/1gRGIHxheJDacE6Sgm/PDyRls2P/4r2yLDMBPBGbJHg== processed in 345ms
[2026-08-24 04:52:50] [WARN] [auth_service] Transaction payload payload_hash=fE8Cjck+F18PenBzanCKzhkVco8kfE9CsM/CaGidqwHgzQb0MLrUskXf6/MtOvqpMPQDh52y3hzmqBm0BEOP3g== processed in 187ms
[2026-08-24 03:02:41] [ERROR] [payment_gateway] Transaction payload payload_hash=DNaUNkmVhrPmGu9+cN9glRtmZMuJUo2sGMbNTYUWdSIVNUdFScsqX7cU5MfmlC45sGCsk8Ah8ttBDEfDjKxWrw== processed in 404ms
[2026-08-24 07:13:01] [DEBUG] [auth_service] Transaction payload payload_hash=DQRTiRwIExiOdYcrq11Ay+LTOXQ5tUfuNF+XEYPPk9qeiHPDYl+xWFIERTboAO77FjfDC1WNG9olLu3EMeShMQ== processed in 13ms
[2026-08-24 06:03:35] [DEBUG] [auth_service] Transaction payload payload_hash=9LR8q9IO6bYhafeXavfdKN/nQ65mIvKhCwomN0g+/lOmIT4l2g83AneL1Rc0RsIPYRXoDyznjog1s9fRV7AweQ== processed in 285ms
[2026-08-24 07:41:03] [DEBUG] [api_router] Transaction payload payload_hash=88YU6/8kd4gGr64foRm5JuZNpro7c3ul4aApN5OP50WhCl02s/NQZpJkOYFpQ39tzGDbvUAlbGjXfRsoUdoowA== processed in 422ms
[2026-08-24 04:06:37] [INFO] [auth_service] Transaction payload payload_hash=ZYRl2xmB1RESKfznmN/CFmuIIHSdlNt82mamA837x9sHNOOxQ21IkCvxehYj0w9ZsWUP7Ujosy78FWYUXsG2pg== processed in 365ms
[2026-08-24 06:04:42] [WARN] [auth_service] Transaction payload payload_hash=WfE8XgNgZliwJsXplBzJrXGhWJb4hoDcVWthp75IrHqJpLzG9c+theR15eGWEHk0lOFxIBz39xV4BC4Bthqi4Q== processed in 422ms
[2026-08-24 08:19:26] [DEBUG] [payment_gateway] Transaction payload payload_hash=oIWkVJ2A66dcwPhWBGqFhCgklnpBtdztsd7soDrueRXO1fBzVtJpP20wYXK7XPXQMY0GGnCA6Nmjc77Pkgk/VA== processed in 84ms
[2026-08-24 05:37:07] [ERROR] [auth_service] Transaction payload payload_hash=BmSK+up9PRAgH4CvE5Fz/PlexG0LCCCGTyOmTDHg4odmAgd5TQ7QDbIPNrUk7VvOUYYVZzGloY2Pi8Ptmb/tMA== processed in 431ms
[2026-08-24 04:49:36] [WARN] [cache_layer] Transaction payload payload_hash=WoPVjcnOfoX/nljg9Q15V8orPhLDV0ywAnujlKLuPTNApU3lGVhLstS+rugRqBByeGdZbR6PghvYuzxDRXZ9mg== processed in 147ms
[2026-08-24 07:28:24] [DEBUG] [payment_gateway] Transaction payload payload_hash=5bUIhdS/CTklF0LY1DQTbgUoAHkuXeqV81ikvASjkE9pas7aIlVxGpfC01aaQuq63wPdPOU5lYjKOSncmZrURA== processed in 92ms
[2026-08-24 03:22:00] [DEBUG] [db_pool] Transaction payload payload_hash=ESqAkCvASGhBaLk2wjuW9UmD+BsGYSizNJy/zb8Thzq9qOzl01BXBHt4SaxXt4tXiiXr35hy8dMuJebvWO1N9Q== processed in 190ms
[2026-08-24 03:22:15] [DEBUG] [api_router] Transaction payload payload_hash=7B0O14jxg+PwyutOLUHu6HwCxwAdD8uCJKodS+gK/F3eXR/TnvmmK55Ayz1RovN+GXlm/bt3fw8g5d8cs0C9yg== processed in 43ms
[2026-08-24 11:20:43] [WARN] [cache_layer] Transaction payload payload_hash=jNmegIqQoe3HNQNU2XVllcNm4x2kv20FILWSAleiR1U/xt9Z9eKFCt3WSvC5hlizWGloOOpqVVJ9pTeF2Ti4xw== processed in 23ms
[2026-08-24 03:29:06] [DEBUG] [auth_service] Transaction payload payload_hash=fmTJJ6ly28GAYhKH1bDpQ0Jc1ki4i9A1CZIKFVt7UugALafh+ldlTr0GvJZgIkTC6ZrzXAoc61BJ2DmyBxcPLQ== processed in 70ms
[2026-08-24 06:40:49] [INFO] [db_pool] Transaction payload payload_hash=fOOsdtKwQw1suIYOvzppo1DDNXQ29c/D0ypl9OL2DCkL0+C8+yOFAzlUr/7dUNDysgOyPdAcCTHrHwqClc34hw== processed in 463ms
[2026-08-24 07:51:50] [WARN] [auth_service] Transaction payload payload_hash=wiep85/0yDdKQgSgQBx4kZsTCYt13lZR5JEpZBXJ9Ybks3Qu+Sbs5EmkeGnEI9aetko2nY2UfTxKP2I95q0MuQ== processed in 270ms
[2026-08-24 03:39:06] [WARN] [db_pool] Transaction payload payload_hash=NwpHryvh1BCviX0WJ3vcAnCzGzTVLBejHqjU2Tu+EvFuQ5G3F8OsddC7kAwm09h6vXYrg+TlcOQrm3W+6b7qJg== processed in 477ms
[2026-08-24 11:19:59] [INFO] [cache_layer] Transaction payload payload_hash=tFkTFp+ZuFRcYax/fm/rtia5O83gIUzAMZIot/0g/B18O985VDBpFT7ZKcLfx+N4g2/YZZDKoR9EqnYHdFHjng== processed in 104ms
[2026-08-24 06:13:26] [ERROR] [auth_service] Transaction payload payload_hash=k4MxKrOfrAMoOCcPaUlIYriUNIEVE9FjPmHgb7woCB2hDdDGsQnJkiUxdZOPXB2YJRzewxxr9ibX6F6Fsm5tMA== processed in 95ms
[2026-08-24 04:36:17] [DEBUG] [auth_service] Transaction payload payload_hash=c+gCfbvSRN8vikFZnhZpWMzHDWjbEZ65F287j/ITqNHWNZvPEgx16aPYnKC1rJ6eUgM5iDvIe2mXQ/qEw5DKcw== processed in 319ms
[2026-08-24 03:33:31] [INFO] [cache_layer] Transaction payload payload_hash=5OWCzNz7k4ulid3mxMl7ow4WIRuv4oGa2hx5wbVYod9xfEMVjlYxMrb7FLyw3k2lWodDAqZmmuSnk4fuaauVJA== processed in 497ms
[2026-08-24 06:38:11] [ERROR] [cache_layer] Transaction payload payload_hash=Gng+aUgteWbXjlHAb9UntNqMb8Mt6DL9g1wYaRC4bRgwSmmPmBU57y92RbvXe8jduF1chJ0X2ovj/MuEdIXAPw== processed in 230ms
[2026-08-24 04:59:22] [DEBUG] [cache_layer] Transaction payload payload_hash=rN0c7qU05rJZnIpQXqZxyS0DFx2begqQ7atfxDeCWsOHQDuG/w37kYOoFBVkrNViUJ0AySkzNHKETv/MT9B4kw== processed in 96ms
[2026-08-24 09:28:11] [INFO] [auth_service] Transaction payload payload_hash=213XCugx5DyGUzsqMHcwsqsXx8pjftXMgsmkblea6vXosATUg1YvTwiH9oZsRBg5/0832443qY9CCSbPMCjOoA== processed in 162ms
[2026-08-24 09:26:11] [WARN] [auth_service] Transaction payload payload_hash=ZmFdR72lBLTPPgC2MHSmupEQWpMzbmJ4ppCTnLRMWKs8khNIZ9YqSS5Y27/o82QNkTZa0eFL2YLsf7+O56iNjA== processed in 450ms
[2026-08-24 02:42:54] [ERROR] [db_pool] Transaction payload payload_hash=1iLWlJgX19MPRxzAgs/gNh8PG/wrPmWYQcCwT0lGpAnpF3+XGbo2XosRRVpcqAX7Zs3Eegai020IpLoW/rlqHA== processed in 273ms
[2026-08-24 05:17:56] [ERROR] [auth_service] Transaction payload payload_hash=wi4LH7295AmV3GcgUMFdC3mLGd1o00fRk4zBKDLOYxsVZjFrP6del6vSBWWJ2eY43uZ5CViu14lQXuqOSsXynQ== processed in 480ms
[2026-08-24 07:41:34] [DEBUG] [api_router] Transaction payload payload_hash=T/INaT36ECUCrdhLhaiaILxBrrT+Ka9RhkLFGIwsGpR6jOMJLLslBSAeYICQoBpBs2ifUceSJQe7m+cEUa71sQ== processed in 0ms
[2026-08-24 11:03:36] [DEBUG] [api_router] Transaction payload payload_hash=rh4CYDQjnesmD3VFhCNkRwGvNdS71lMl79lFCHTr0WpEKWYzeZjB2GsYGBU6/fWdtg/jCh80Z5IELV0b4EFivg== processed in 157ms
[2026-08-24 10:01:59] [WARN] [payment_gateway] Transaction payload payload_hash=M+f56rcIHmKTLdd/XZHlsFbe9mhVJGFRDsWsAznUMBZwH3Pgsp+SYj4zUHM7KIxzxDBMMUjajGpr9z7c8SaDBA== processed in 12ms
[2026-08-24 06:16:37] [WARN] [auth_service] Transaction payload payload_hash=6BhkNk3+oJoF63pA+aKNNBU9z4xPPnQ45qukCXPU3AnA+BXF0+mIibVee5eECSPVB8fWbEakt+nlNhUaB5apMA== processed in 309ms
[2026-08-24 10:24:43] [WARN] [payment_gateway] Transaction payload payload_hash=F/viNL194g+iV2WkmB49La0fWpqIF4Qhf+OimgBhFeBIHY0Df+9NzE5hJnlYfnS8PU6F+MUfk97Qf9MRBFEvDg== processed in 59ms
[2026-08-24 04:44:20] [DEBUG] [auth_service] Transaction payload payload_hash=0w6z8MZ7Bymc2+WgBzaVUA2wCTcsSTasR6RRxfmTSAFOqyvv3DmX0BWEHmFeb3yAUXgf5QWUatX6n1D7Y2JsLA== processed in 246ms
[2026-08-24 03:26:40] [ERROR] [api_router] Transaction payload payload_hash=Mo23dYbmieldwDzb7OhjpmZRvlmGdxM4EDaWG2caczJGos2D77GqB+KKuSkHS4/ZsHvVkArnY8arZjwBDEJTWw== processed in 374ms
[2026-08-24 10:03:52] [INFO] [db_pool] Transaction payload payload_hash=Ej6Ytlr0WUEAniQPQQcoMoi8SkwHK9UE/o0wQMSCJwHhZJcLCGE84ks6axc6qEOnLrQMz9IfdVQhmSgzBhOcIw== processed in 33ms
[2026-08-24 02:46:06] [ERROR] [auth_service] Transaction payload payload_hash=kssZMmG6o+aAwrWx0xQevO4VZcjHZkm8BIDyjHdZDcU3t+iC0HheeOCQoQT+sdUO49hckFZoCqkci/TdzdShHg== processed in 179ms
[2026-08-24 04:03:01] [WARN] [cache_layer] Transaction payload payload_hash=lrOoDeK2AX3dIrYEr9OLe7tzkFgXa2DhV6BqVHRYQoD9DwRNvZRcwZRyygohM//69IOqVvuBhkBGyprpks67fA== processed in 364ms
[2026-08-24 10:39:44] [WARN] [cache_layer] Transaction payload payload_hash=diamYB0JnSL9vEjsuVT8jL3o/9hq/dindfYGvREMxPDzJqqB5EoxfJ5LzD3+FoyrHHXQ0Z0xLzi78wjgRsgDqA== processed in 34ms
[2026-08-24 06:29:44] [DEBUG] [cache_layer] Transaction payload payload_hash=OXzE44kCU2NhO6huerHYOANCeh0W1MUCJ6M7XgPJcBQqLTPRy0/prRn+1wQz17hqG5Wo5q6gkSN+Nwrs8/TWRQ== processed in 100ms
[2026-08-24 05:38:37] [DEBUG] [auth_service] Transaction payload payload_hash=JNcF8QL6ctgBjV2N+CkUlfWYhUVDG6tj8ySqu79jRZVHFKbl2mG3kMyvL16AFPgKZZazUAq6J7PghPMrDZ5dHQ== processed in 101ms
[2026-08-24 07:30:24] [INFO] [payment_gateway] Transaction payload payload_hash=tfAGpMdQNF4mQvylKMWSYzIoY8kmokQlDB04HEkJcXbz5xVmabmUldq5x6+6pGQDOT6ZN5mwQDCCgqGthDUutw== processed in 341ms
[2026-08-24 08:45:26] [INFO] [cache_layer] Transaction payload payload_hash=R2/mfhBsEXLMFs9kA1xnMlBCL92AuHY7KIG5+xouIA/6fKCIuR8wRzupTuNS6J2qe792MJCFjfogZG6AIcR+Lg== processed in 191ms
[2026-08-24 10:16:12] [WARN] [db_pool] Transaction payload payload_hash=Fx+jbdSlLiYr4RIB46jqkP94yBoBPVRViIq87JGmWYdtV3/qNLyOWu5dQHO7tpzu+D9GRGy5hpIrUtmDYfHaRw== processed in 217ms
[2026-08-24 08:40:56] [ERROR] [cache_layer] Transaction payload payload_hash=gssH8flOU2QT7YJl2ITpx6V26z++/uB+rgy2zQn7dYfvy//MiHNadso+1fR1YmgDwF8gPib0kv25XyiTgopYmA== processed in 2ms
[2026-08-24 05:31:33] [ERROR] [auth_service] Transaction payload payload_hash=fVXCZnetMRCbCokgAZe3CM3kxRiVDIQrKLPokTLR0j63iLXI45PzJfKtNwhcEFqfrZy9VUzuOpjGY9ukS9u56A== processed in 139ms
[2026-08-24 10:15:55] [DEBUG] [auth_service] Transaction payload payload_hash=Dnsu90Mg234os171uAyqzeUgfrwl8QueYfOApjS+iRuoO2vDskYq0whfy+uJcNzKIkJ1Ilu0qkczB3BP86J/Rw== processed in 165ms
[2026-08-24 02:57:32] [ERROR] [api_router] Transaction payload payload_hash=OsEJZaXakf8g6yC82ir4QtUsx/pt1PIrwABmfXzWu+gQS0KHpMJU6E0ePGT4wyQ70oIOHGhi0bDdwBaOj0Id3g== processed in 393ms
[2026-08-24 06:53:53] [WARN] [api_router] Transaction payload payload_hash=P15Pirnf3PJXYyrhpGROOFmKqwjMdInoWiDXHHCTViFcsGrKqU2jYnkwZ+LdtUdwFo9bihLSSr5Ll+/cajxjwQ== processed in 210ms
[2026-08-24 04:33:36] [WARN] [db_pool] Transaction payload payload_hash=l6xcD38h6K4UVCYQboobIkuZy7RVEeAiD29cMvkFoVUfLUe7Whz5ykbKPMYah9dNucO23i321/M3EZP9qcNCeQ== processed in 266ms
[2026-08-24 09:29:47] [INFO] [api_router] Transaction payload payload_hash=uNOf8Oi1LmRcRk8IJRimcRGDCSMC/2n2NAD9Ds75TIv4IPPkJRjCh2lIsjyeiuP0TUX1aUzvF6Fejs4PdUxtFQ== processed in 274ms
[2026-08-24 05:58:32] [ERROR] [api_router] Transaction payload payload_hash=KQ29zpKDwrTlf6cwbShO9OWUuHxdRV+e8986uplnRQhh1F9TyrBs1phqujz8fRuO1xP+27nuwgohCjf5r1DbZw== processed in 303ms
[2026-08-24 02:50:34] [WARN] [auth_service] Transaction payload payload_hash=CiS0GGtraaEzP6aA6L9rCHYFf9WqmD4PudHdeX+7pyxyHS471qThGYxv+7Y6c6fecZPqJGKS5OdXF20RBKZDUw== processed in 406ms
[2026-08-24 06:55:52] [INFO] [api_router] Transaction payload payload_hash=3RLK1oLsioZD3u1j3iHZ24bSKPPGz2AYUvn+Lrf3wZjyH8WfgzUH8Wdx5KdmrRbvvmFjsczUaHVwfjzsEU4wYA== processed in 88ms
[2026-08-24 08:50:29] [WARN] [api_router] Transaction payload payload_hash=kInMyx+PRq+gbc8jIE32S8r7HIA6Uf2uDZHLMueAakWaJxkbo777wjbouxu6B3WhMdet2qVrQHH58k0E/FgPTg== processed in 120ms
[2026-08-24 07:12:26] [DEBUG] [db_pool] Transaction payload payload_hash=FtBJlLXfBpF4AnxgPTaW3PLJKZ7TpqHhcYP7r+FdM05Lcr0tL4TfNWGsauxEUeMrxn1sdDvTBO6hUM1pFNpidw== processed in 487ms
[2026-08-24 05:29:05] [ERROR] [auth_service] Transaction payload payload_hash=v8CdEHiJfAqa9+0rTOOzbYm5xtoLz5Avk+PuDwJoL8lwU0Un87n+to2K6AvzMI2Fsz2HqbL+yJ1cw5mxg4dTog== processed in 287ms
[2026-08-24 08:06:51] [WARN] [payment_gateway] Transaction payload payload_hash=z8wj5Qf/ebY/yI+7dnZs0X+tGJfMqDSdKLt2ntmi6+tc0NW86xiSPhSmiFE2K3QjrexsU/Q39B+yFt6hqa6biA== processed in 200ms
[2026-08-24 07:07:03] [ERROR] [api_router] Transaction payload payload_hash=+hIHt3L2k9ZL7vdYDKOfkCiBH9K0gt0l4/LANWimW1HrRjQ95lFwy08mAPl8rGAeytFgY7tPzbaaEqq3VOASnQ== processed in 397ms
[2026-08-24 10:14:58] [DEBUG] [auth_service] Transaction payload payload_hash=I/Z8pqtN+YExgbAw98yMFflCWad3sbWDbQgn2I92x8kBRzjVEju5ajVBWdzMYiU9Kkp9k+8bSFtxwpvuxOV8mA== processed in 46ms
[2026-08-24 09:44:34] [ERROR] [auth_service] Transaction payload payload_hash=FxIc1PAcZdqvVhm++lHojBBYn0ASRkUPtQQTKCWstPl/esypxx7ipWiwVOUaosDNg6BeUv371KMVzVqhkNeXMA== processed in 456ms
[2026-08-24 07:00:35] [INFO] [api_router] Transaction payload payload_hash=Wr5e0ksbzx7ERG/sTl0II4ZKxZEazsa1UfRCz7v4o0kAoUWIlBIU/XB4B4ItmyovTbmOMOl1jxm9p2NAUVQLeQ== processed in 151ms
[2026-08-24 07:28:12] [DEBUG] [cache_layer] Transaction payload payload_hash=SQAfkBNsK2EuLqHg55MW7oABTHxF48Iuj7UFOEM8ppmCo+tbVOb6hqyY8dZfOX2T2xt0cZuY4XlJKjx83mt96Q== processed in 187ms
[2026-08-24 09:24:54] [INFO] [api_router] Transaction payload payload_hash=YV/eL5NIcj7T+yvHLxd+X9LX/eujj/JDPuZfMwrtflKZ3bbptaVmX0ZBDMJVCUR5b3Bc0n5NL7gmeGfT/0gB7A== processed in 273ms
[2026-08-24 06:41:52] [WARN] [db_pool] Transaction payload payload_hash=CyqHpqUeaHOltdY7Q0I5SSMozwNkBp/JzikKpveDL7CnhB6wkKfSTS95ICNdq/mIRm9cI6zU5Z4LAJ0WztI2iQ== processed in 270ms
[2026-08-24 04:54:51] [INFO] [auth_service] Transaction payload payload_hash=Wgvb7M2EUo94VicOhjAHjhjhCsL+404e6iWqYMOSXCjyuBkTypcoonKLjRPzE9p7c00FR0EzIiHikFHhXlVDRw== processed in 325ms
[2026-08-24 09:30:51] [ERROR] [payment_gateway] Transaction payload payload_hash=q+tpagwzPMO4b+ZZ5fOf44Yn+ySt1BCgsm1FuaeHPE92yd2M/Xzwv7sHjUWqmA+P+ov6JfsXJYlk0wvzj9y+sg== processed in 494ms
[2026-08-24 07:27:25] [DEBUG] [db_pool] Transaction payload payload_hash=Eqmj7wA3RkCl2uibHhs0Y5fqwWuT0WKEkwgYO2rOUcOvZffs1U5Ft9+WuyRnlerMrdxgUn2/V5C8bOx3mWHaFQ== processed in 101ms
[2026-08-24 05:32:18] [WARN] [payment_gateway] Transaction payload payload_hash=39lWbn6Y+6ag2RcD3emprHV7TO9qL9u8ckvRxvF4VjliWxnvULnVbu1aI1k/dlzuauSdFtShDHw4LphhoKLG9Q== processed in 94ms
[2026-08-24 03:44:03] [DEBUG] [payment_gateway] Transaction payload payload_hash=QwMl3vmK0rFrBCQnTl5apTHnA/QDlWEE92A1IbqAgthQkNQyGNo3XwoZMPhxcf+CtcJmgcW6NNu9Q94VlsQAbA== processed in 130ms
[2026-08-24 02:43:52] [DEBUG] [db_pool] Transaction payload payload_hash=lrOM9ldviPKl24ea49v/62/6O1WXpYVqibpTGBJUTcqk7wj8gOMJTRTZ73p0BWoASfXdUtY4Sinn9r3yklClyA== processed in 151ms
[2026-08-24 07:53:36] [DEBUG] [auth_service] Transaction payload payload_hash=Hrz+nYk+o6DriehYcR3E1avJff6wAuQE7+W2nfkIBvHbpnzpybAI+4TIRAM5dtfwdNP/PW0PYmbU1Ed+NtXqwA== processed in 290ms
[2026-08-24 09:58:24] [INFO] [cache_layer] Transaction payload payload_hash=xL9NHzvsoIcX1obME3tliwe79HHaAUmVzYmanK9WJn2WTdAe6yPat/ApydzCto6bQ5Z752XGZkMPSBzH2CWM7w== processed in 10ms
[2026-08-24 05:12:50] [WARN] [payment_gateway] Transaction payload payload_hash=89kWMA30FOSLw7EYGfRQNWufXOKr5Qgbm6bSHZTL8xwui4zoIQ7uTPDuqKoOHF3mh3ZLIrgW0mr27/GqlQsTPg== processed in 385ms
[2026-08-24 05:04:10] [INFO] [payment_gateway] Transaction payload payload_hash=DXMpIpKitH4CscT/FTI8WIEYneY951L0TtvPRsjrQOG8GpQzUd4mIX2tjBV6qpZNIGW6G7uWuGQDsUPHkGRlww== processed in 346ms
[2026-08-24 05:29:41] [ERROR] [api_router] Transaction payload payload_hash=BhxD7OuYtob4JM544FG4J6w2h7DdeJqolk0YcdCu4NnEZTGlrSQTgC0qCqxdn4Xkv4KLGpE/XG4khskYvE0V4w== processed in 173ms
[2026-08-24 03:37:20] [INFO] [auth_service] Transaction payload payload_hash=wxF5A3H24ewRDtWv4X1xH4pbqRhozt/kxTJY8ZNRfDtMCuuY6aiX0gU4QK3p1THs2+biiZuxFCnOKtSlqmZymg== processed in 239ms
[2026-08-24 05:02:29] [DEBUG] [db_pool] Transaction payload payload_hash=yfo8JjaCTgAyulLFwgK9xVnyld4mtoFc2IbVnBjXScrv1ZuuwAFCxDqbQMXDfza0FBaXCEPz9AJFiJVxeXHxfw== processed in 226ms
[2026-08-24 07:17:47] [INFO] [payment_gateway] Transaction payload payload_hash=ADBuc6D2p1FsfU8GVAt3F/GxABylsKYjgcfA4xWJ2AyCCWbaS3heepWS0aQfa/S+dRIyMNhPtDTn3Blli/tPYA== processed in 73ms
[2026-08-24 03:50:54] [DEBUG] [cache_layer] Transaction payload payload_hash=rN0ZKNO9Bdxb+v4Vs59oPzJzVMQNfnynRA8wf7cNxDfn7wPFQHEIDkGHqqw4dXPEREPcmFWavEu4GvT4vGRV9w== processed in 303ms
[2026-08-24 05:42:35] [DEBUG] [payment_gateway] Transaction payload payload_hash=EaWQs71J4T9Z/AEk1CDsREDVO/A5++UCfRKVmTYG8TzQVCE4uC9P2GrKRkNt4TLLw+HtDKcCsN8wYxJr1uzaBg== processed in 315ms
[2026-08-24 04:25:18] [INFO] [api_router] Transaction payload payload_hash=VZfOuVanotRzciaY3QjMSCWKyRAP0espTPjfrVdjq+rNWbuwxU8zUxzq/JcIou19/231TzIxacMq4qBUYZ1KuA== processed in 295ms
[2026-08-24 09:31:24] [DEBUG] [payment_gateway] Transaction payload payload_hash=loDjYn3oyvbiCdH3HGbXoEVwUcXYhI5H+cGIE/I3DZdtj5QyXukNpv5X+f+erKtxWtqr6zkRnZV92VIP77/DWg== processed in 205ms
[2026-08-24 05:31:57] [INFO] [payment_gateway] Transaction payload payload_hash=tK8BQYwfZvGiz7MsQLBRsUF+q0ewdx1m9X+GmWrYuGLB3p8yEe7wTEy5tvo9Z9Va0Nh/svryZm2BZ1Tb07lkqA== processed in 92ms
[2026-08-24 10:49:17] [DEBUG] [api_router] Transaction payload payload_hash=uE7bmiM2xha8THybPP/LjHO0jao+AFnk9NbffccG0geh9QoPKNRI9XPIW0BEKuUvYuJsWowX3h2fTlKSkEnOMQ== processed in 148ms
[2026-08-24 04:57:31] [WARN] [payment_gateway] Transaction payload payload_hash=952a4puVbT1VXn7SBFj6t40ZYYX4tDPYJlqUPgycdBYBfNamZnU60mZP1MPW4qgKlU/g1BqpX+5pYccpQ7uMJg== processed in 30ms
[2026-08-24 04:30:50] [ERROR] [db_pool] Transaction payload payload_hash=ur3TjFA4du4wqR7ApZQElbFbW9PACcuy2pl1Y052V5rSU0PPoGTjFPzNwSF9aVPOVmFo+E1uUJvaesHNIeq2Cw== processed in 4ms
[2026-08-24 03:48:30] [WARN] [auth_service] Transaction payload payload_hash=WXdkUS5bQxKGWT0FZ+j1TtEzxKcPGwUutVI976O4PTpKvfNphTJqqCSXMMsUTZ98syDTBChHMiJMi1w6lh3BIA== processed in 389ms
[2026-08-24 04:22:52] [DEBUG] [payment_gateway] Transaction payload payload_hash=ZO9eVUvxoAKWTitvmzXPl4JxJRrlnctbRMlEM45gENMOxQ0DslpwqstTMSUBhpEV1K+Am6xz/TwJ0oGIvTglHw== processed in 240ms
[2026-08-24 09:34:27] [DEBUG] [db_pool] Transaction payload payload_hash=5hhAbkB7L3lwFRgcb9y7oFgjNL89/6RJTjgsf6U8uUYVlZvtIGhk8UpE/CES/aonsrT7qk+ALQD8RE2I0t86WA== processed in 366ms
[2026-08-24 07:05:03] [DEBUG] [db_pool] Transaction payload payload_hash=/ZZIEkbAygBHqotJ5QNkJ9M4mgUyFSehdHQX+ANEtTjGNxUJMhzYf3nSi3LZ9MFp9NcIPmR1jdaOPzxX3DN9Sw== processed in 454ms
[2026-08-24 11:16:25] [ERROR] [cache_layer] Transaction payload payload_hash=4hcFhzPDynVmfUIWkprZLyUnptzg0p4qdL/PsrhJCW97L4lA9OYWLqFDNwHPxGode8LlwddLlEjn/P4cxPI3dQ== processed in 334ms
[2026-08-24 10:48:40] [WARN] [cache_layer] Transaction payload payload_hash=5JLUi654BfGhfdDLHKQ77RLRVGJAA//8s/49lKzlLyMJIpuAqBs3FJArdpyQEu3YQ+t++/ci/xJilZATIQ1KhQ== processed in 36ms
[2026-08-24 09:56:12] [DEBUG] [auth_service] Transaction payload payload_hash=OPj1GROhlYkxi5Hcy/zcdnkSaT2dlnkQSVwSC+g/3c+rIjv0aClULJv/r+vIfyYcpe7HoU/upb5/tfFEvjaBmA== processed in 322ms
[2026-08-24 02:58:58] [ERROR] [api_router] Transaction payload payload_hash=KDNEJCrvkaYN+K9/Td0WTYWCCLqPem9d4UG1vWK7JndKD3idIOBi770ROVsmq78U5XkO/phXUYReg8ARXSKNMA== processed in 385ms
[2026-08-24 07:08:00] [INFO] [cache_layer] Transaction payload payload_hash=h8NjEMGZpzTYuDvp3Ubv/ZU8IMeytm6QgoylNrMzJVybBdg2J7Qvy4kYiy3zPWfS+rElg6RJkj6QPG3TR4GY8g== processed in 164ms
[2026-08-24 11:15:09] [INFO] [db_pool] Transaction payload payload_hash=RdT/eUkTltef1Rx9bDzMsMy20E7jPD7pxOZOhjwMqjQo4HZZmWcFLMQz5AUO7YwycS6Q5YT2z2rxLdOJtHi3CA== processed in 330ms
[2026-08-24 10:09:14] [ERROR] [db_pool] Transaction payload payload_hash=l/WWJ4Xd8DQ93JGAxcSbbg7ZEyJpQyZ5RiOGmu2tYAro7+lRlKkQ3K6e7QVpCNWRhSLOGpNbC5o9HIK7FhIXTA== processed in 329ms
[2026-08-24 09:26:51] [WARN] [api_router] Transaction payload payload_hash=0hlHtW9ljMAJGGxHc6+rboktisyJhdP223pf8Y0KfH35bLjbJORlgeIiwmGRJO446p55OjE/c/2buGauqAw7Ww== processed in 116ms
[2026-08-24 05:58:57] [ERROR] [payment_gateway] Transaction payload payload_hash=5IYGF3LVgL0V3OlCErt0ei4BzQdWJA3uogGrGWO4QDkfOaezicomD2QRGQssECduP9Hlisg5iAUGpae98Wfo3A== processed in 182ms
[2026-08-24 08:26:56] [ERROR] [auth_service] Transaction payload payload_hash=Xz1U3cpOfZygfn6VOOdpXTJEMlZi6uf/LmDzYWWflgz04DZwKhuhVrY7rruBNZfdHxzVqMjRFG7xYkRIU513Gw== processed in 444ms
[2026-08-24 10:56:39] [WARN] [db_pool] Transaction payload payload_hash=r49JL2e/VHYOsW2hD+tXjp8SlSCsFoPN0/tvGzZGT2//rFhIuPntjVIG1EI0aQ6qL5Qt19tKYpD4OS6sKCbr5A== processed in 412ms
[2026-08-24 03:00:15] [DEBUG] [payment_gateway] Transaction payload payload_hash=d6L+PeOnaMQE5Tct1qgxPOPKFnYBWpmGERCsduR0qTJTjgc93dGomQ9gRCmYfaTsm1iF99H7mwBZLbcyaweqhQ== processed in 279ms
[2026-08-24 05:08:36] [DEBUG] [db_pool] Transaction payload payload_hash=w70oshV2g3LqgzDCb1KP2wf84qqFLgFoDTL+WysvZd55axMs2o7ArvyekyNc00Iwx4H4FbAqiSLJlImkrzKBLQ== processed in 103ms
[2026-08-24 07:17:26] [WARN] [api_router] Transaction payload payload_hash=3IBsi1n6CHVEnA4tQfhm5fkcoWUlKJJqRRFwUtWY9dQSOOdx9kvt3xhjvS7lqVCHemuwKE+2vuVoX+o0Sy+jbw== processed in 247ms
[2026-08-24 06:34:35] [DEBUG] [cache_layer] Transaction payload payload_hash=8v0GvP5EHca/nHp/TyIno6egw25jfbipOQK6fhpU/6IN/dQrT621ywmhSfruRJxxp9tTXmg9uIQgNDavOhGU8w== processed in 212ms
[2026-08-24 08:54:59] [DEBUG] [cache_layer] Transaction payload payload_hash=bFQ3KwAfzA2lS6oxm57tw88DmtcIzU7EI436quak7316rpahs7OZOIxa+luQt6HYFKXapemSEL60OA7JPhr1kA== processed in 138ms
[2026-08-24 07:23:23] [INFO] [payment_gateway] Transaction payload payload_hash=P7U4lxtOz0fzEIKlVT8I32UCyJ9+PhPOSNh2krjxL55+o33M1HqZxfkTyXN7YmbaNAiGOoJ12HK9zJgZ8jMdMQ== processed in 206ms
[2026-08-24 10:32:46] [WARN] [auth_service] Transaction payload payload_hash=AoShlcpL8vrNxxbHQnlzaMwm09Fhophdp1D5fiUG1/q3/lyKyUQFe16SBqKK7xj7UqhJ2EJsw+oRQJuBCu9LAg== processed in 97ms
[2026-08-24 07:14:51] [ERROR] [cache_layer] Transaction payload payload_hash=JmFt+mU1eNtwKfV7qq2QH9FWe44niFL3MfE4pZ3tYUrGkBF5VOIP+Lhe18RqXIG6TlYh4v6DV9SLt2lcQC5myQ== processed in 248ms
[2026-08-24 10:07:59] [INFO] [api_router] Transaction payload payload_hash=Gzm328BgIOT7HEXtiB0z+kjBwPu50bOFsWCmjBA0nlRpUXLbDmRcJJKeLrYHQK875dn38E8sZBstHdLKOyBmLw== processed in 348ms
[2026-08-24 06:00:49] [DEBUG] [db_pool] Transaction payload payload_hash=O9dYwzNlnJ/WS56B7kkYDJQC1W9rtgX7RBefPxpgY0/KuZj0w6gNi+QTCZqpGj+coT6IZu9oQKKiIFz8OUt/hQ== processed in 118ms
[2026-08-24 07:40:19] [INFO] [api_router] Transaction payload payload_hash=qYHqXgckOJ5vrz+6cYVUy2mtVlinYvr5+dejsexkkPHpuFg+7qre5wK84cB/Kv1Aa85HZg0D729Qam3T0tYmug== processed in 417ms
[2026-08-24 09:07:01] [ERROR] [payment_gateway] Transaction payload payload_hash=CFpmF502rtgUSSgyXv5PjBW/MNgs3f/T2WCLL49S5veZGzelBS/+e6VtObgOD1rcUI0vpPg5xfIldGzRccyq+Q== processed in 97ms
[2026-08-24 05:18:05] [WARN] [cache_layer] Transaction payload payload_hash=Rhi7KUu+R+Z2v44QGFDl2/4vzVt85rc+2WYWzxfUQ3VO/1bO0OaVAhLpuUT5uNvx3niLhtlWm5kI6xjiuGzT6Q== processed in 113ms
[2026-08-24 04:00:52] [WARN] [payment_gateway] Transaction payload payload_hash=rH7mwbc022uENoJDOKyjoAkWbH9qonjIcR3I5q/UidWIs4U9oUO+t0P2pLhboiW4abAKuAeKh3gRkW3EHOek7g== processed in 0ms
[2026-08-24 07:05:09] [INFO] [api_router] Transaction payload payload_hash=tDB/158zZsv/FGfAbzkZ17ux0OJbSijha1ZivpbdLMqLm1vTvUqXu9lqNqKPEpANL+MvVcPXeY6xxe61Zd5q5Q== processed in 279ms
[2026-08-24 11:22:10] [ERROR] [auth_service] Transaction payload payload_hash=3VM6/btG6aJei498NLLlQGsJ2RQamu6aC4mc4MJp+UFeVoDMK+lNmlBXr75mqkiE0QZT9QTGjFh4Zla6qfOWgg== processed in 14ms
[2026-08-24 03:04:43] [WARN] [api_router] Transaction payload payload_hash=FEH8shipko/VislxvOZv/ETqQBu0MgS11e8ydusmbuyeu8wbFZbdzlt5dkvs5yQVCwqxSydhbt+yipUiztJPyg== processed in 257ms
[2026-08-24 04:43:54] [DEBUG] [auth_service] Transaction payload payload_hash=MS814kS1SQT/yUlDSRuyyO3yXJTUIoaDDRsEiB5d7ohFmPFed1mh9kesUd1/gCqbz9NLUP75D4uObTMg3Gawog== processed in 205ms
[2026-08-24 03:24:37] [INFO] [api_router] Transaction payload payload_hash=nbpK17OjpIYY90bcGlG07lbztb7DIbyif+7Sksrru3WdQfu8e0QLud2Hq3oIJCSRIV95lcxAYsSImtmQ6G92EQ== processed in 272ms
[2026-08-24 04:12:19] [WARN] [db_pool] Transaction payload payload_hash=R52T5iidK3c7fjYJV3HRD8n5of9n6Hc3IQX6AIBjzzRVv9uEma030YDd8TWUPhJrLXpl3UJC8AqqQiqmkGqX6g== processed in 324ms
[2026-08-24 04:20:29] [INFO] [payment_gateway] Transaction payload payload_hash=Izr7jrUe9qb3W8wuXfgxlN91+jUX2a81DU0lRhinI+E3CdEpc9JPjojcdyksEVwx9U/e1eUNDVXM9a8HnygDIA== processed in 245ms
[2026-08-24 03:30:33] [DEBUG] [db_pool] Transaction payload payload_hash=SVGvoeNWVXiw3VP1ip89d47EAfNCZJnNboXsQ82AQqmUv9DXmhtAFCN0vP5XPuIwfd8my7ltjdxWYzc/VanQJQ== processed in 411ms
[2026-08-24 10:20:32] [WARN] [cache_layer] Transaction payload payload_hash=qC0IFDpkx5qPR7UQuZFKN5vC625qsePKXH4acAsgXbmFkSZvNpcBF9XNhnxT/4fSit+fmYWlgMaQTu3nhOOGOQ== processed in 357ms
[2026-08-24 11:19:07] [DEBUG] [payment_gateway] Transaction payload payload_hash=MylAcRIlFtDAWwUW8seELhtyoFES6U1i04o8Z0gQJWt0xFsQqEmmAkV0K+FkQpaO7T+RjUxM4BH2aoVPF8aayg== processed in 248ms
[2026-08-24 09:36:15] [WARN] [cache_layer] Transaction payload payload_hash=M8L03QRA/nzIULACqCHdq8NiME/ph2IDDTnAHs50X4uK2Mriwtw0Gm4nELuQHGQQdfCWTpk5qgOTS91eA+Nn0A== processed in 223ms
[2026-08-24 04:22:47] [ERROR] [db_pool] Transaction payload payload_hash=hMvlcJwKjcjQrwoNzZNVhoUvaDstCiApdGvT9nixwwkQzq6HDk72Jta4Hua+F4y4vi6qcf0Vr+9GeesLLCAH7Q== processed in 328ms
[2026-08-24 02:49:37] [ERROR] [cache_layer] Transaction payload payload_hash=V0mQPe2bOSrc4yQqW1qQ4kr8lcP/9a7sRLqRwBYYTKtTwkZkld143V3xBZspspfBvjBYrfb10LojJLIQirC2FQ== processed in 111ms
[2026-08-24 03:30:49] [INFO] [db_pool] Transaction payload payload_hash=s1A6I7WGm39vVsgswvIqMP7X/tbjooyCoktQ+PetlFOMQuHhkSgw+Kl+7Tgz8jxA5e8znikXH5XsfpfoNTMyrw== processed in 282ms
[2026-08-24 08:14:25] [INFO] [auth_service] Transaction payload payload_hash=uEtwmcTKyodWN99Hskaxo7/h9/g2nVUT5L3aPs3A6xhxo1tLRW0WBJaqh7QlDEQI0FLAgN5KUR1GqUaseUYxOg== processed in 223ms
[2026-08-24 07:55:24] [ERROR] [payment_gateway] Transaction payload payload_hash=Ytmz3sPFjXORjLt1dKdtU4xgcoo1GAHHp99ooHuzVRV2+UbMd+kTE7/+/Go8NrfCjImajk4l9udGrmM/eapLHw== processed in 401ms
[2026-08-24 03:45:08] [WARN] [db_pool] Transaction payload payload_hash=Eb3x5tA4ytODHoGPVye4Gw0cXyXcMyk5H2bkna+MCbEhxzGweVObf33w1P3SBy4KcyPOfMe0Qw2Y1sAth/YFMQ== processed in 59ms
[2026-08-24 04:16:50] [WARN] [api_router] Transaction payload payload_hash=5wnUuXlblf/Bl/2yLqhwWqdOu8Y7Stj3TB44gQZuRtE39tPWBpCMAtKfWtMKoGeTtroqlcPhU9NmTk9IFbkYKQ== processed in 76ms
[2026-08-24 09:27:58] [INFO] [payment_gateway] Transaction payload payload_hash=hYBrcaT7GkvIYIsbUKt752ahqeRtHcHDAJuJ5DXezwvmnRKzhQO4qmlbEsM29+chTTYseDaFQk/1bfNb5eusZQ== processed in 473ms
[2026-08-24 02:52:15] [ERROR] [api_router] Transaction payload payload_hash=J7RPp9HKwPEZuBevjEWjTzdPtx0lqAz/vSqShf/0ZeLBdRoZcFor/kvsR+VRyz9hbuFzjHrDd88KBiyhi/Uljw== processed in 47ms
[2026-08-24 08:01:07] [INFO] [auth_service] Transaction payload payload_hash=vusUBmR/SXGy3j3DE8povXi91ASicDWdiihBSKbrxhjguBgVvDikBagNQhpxkp81nKCo6zNUKobbYmVeHhUgsw== processed in 8ms
[2026-08-24 02:28:14] [WARN] [cache_layer] Transaction payload payload_hash=mDv9Xka5aTUkbtFmWMP27anAQHTG/P542XTfWhZPLTQ4ZK6kt2yd2EK/+2eo9giSF8krUv2Z6boUJm0G00908g== processed in 246ms
[2026-08-24 04:45:32] [WARN] [cache_layer] Transaction payload payload_hash=GNnwplUEQ+CTKWE9FN7grafbcg69YtWm+FHa46wJ0eJ8CGkNsjkHyBi80HQK9RhLJhCpo6fclM2dYPjkKmZlzA== processed in 170ms
[2026-08-24 06:22:33] [ERROR] [db_pool] Transaction payload payload_hash=ZKfiTDfmq2yBI0mYEfPThnG0xaNgy9wT+n054Y96KDdpC9zQlUGukksgsEUpl+nISJs4AY5xlvCc0F6tOOd7MA== processed in 298ms
[2026-08-24 09:51:55] [ERROR] [api_router] Transaction payload payload_hash=SCJ3UKbnyjOTitC5RldN7YRW2BsofILnV1aRCzsxn1ABuuu6GMdvp7zWXsSNAONtABHMMGY2O0HDcCaUJDwOgQ== processed in 58ms
[2026-08-24 06:08:35] [INFO] [auth_service] Transaction payload payload_hash=1oOMzBPO6RI+QPZeqRjZDqdJuk5ZqPR7sUqvF1Pak0m2BVwqozKsdIxPUk4cWG5DQDwSM76oPMafxNKMjztu+g== processed in 253ms
[2026-08-24 04:41:57] [WARN] [cache_layer] Transaction payload payload_hash=+F5oEx0iMHdtthlivFkBx7lwe6u+ZQNNM2hzIauBNZ2AhNnOnN+x+3Ue0X8MZL2XaQCSvk3cC7387urinGVfgg== processed in 311ms
[2026-08-24 04:39:56] [ERROR] [db_pool] Transaction payload payload_hash=/KHlCQ4HHeSEjFXgq8TyrG1heFkHDWaF2rPtaRZNyo0LXUZTJj1Ffmdon8ChbMpJlJXa1M1r/5ZmGwPblcNwwg== processed in 76ms
[2026-08-24 05:03:30] [ERROR] [api_router] Transaction payload payload_hash=Mjj4j4Xd/tmhPWhRtP+6rx2u61E6ClarOE4BzKD2ykVcRpZSSkFlg9GP87w9yzw0PDPSpXgtzADCezEDrzREvQ== processed in 325ms
[2026-08-24 11:05:42] [WARN] [api_router] Transaction payload payload_hash=uHPkeZ0w76tqsJKciOpUP7DCxJPFwItOiVTWmDxBt3GMziw7CKO4YFmtv1Gp1HxzpXFdixj8+uPI6s4WKJ49JA== processed in 433ms
[2026-08-24 04:23:50] [INFO] [auth_service] Transaction payload payload_hash=nqUR4GWVzfuABt0aLP3k4sA6gIPN9SmP+ncPBwoDQzP11jWyvaFMDxopzXHfKFlm+9gLpR4efRbdh3GH+HIUXA== processed in 117ms
[2026-08-24 06:57:27] [DEBUG] [cache_layer] Transaction payload payload_hash=gUc+sB8WlABJGLKAwyKMYlA8thT0YtBBpvfV6V7YKJXBnH/Hkr74HvgOEoaPFiCu+UXUvLzzFR9H6JAgm+vC4w== processed in 492ms
[2026-08-24 09:09:54] [INFO] [api_router] Transaction payload payload_hash=1TgYX+zMgvY4YVfZlvTTIYEA/Dxys8qIMZ6UkYgngZkwfCQ7QWeKDpr7tM7UTwGpuI/ZL8SyCaBrBOMWM2rJ4A== processed in 258ms
[2026-08-24 06:29:04] [INFO] [cache_layer] Transaction payload payload_hash=P2nHC5SGcaCgxRxmt7XBi5OGP4/HdkrdZtn8x72N/FeXgtOsWNt5fByKbEaGCaU3d9b0XsLZXTx/YXUUqE2gnQ== processed in 310ms
[2026-08-24 08:00:10] [WARN] [auth_service] Transaction payload payload_hash=9zybkdak3NyXNDtt9U1pbqzXLI6sensXOdwYMa9h6RFz7DIhNJdsQ6wWBEtebSXulQtL3jCAOHMOcDoplmqihw== processed in 122ms
[2026-08-24 05:10:04] [INFO] [cache_layer] Transaction payload payload_hash=gq4k78eOiqa/53V0DJOOtDXlXtDs+QHEjU26vcMarjT356K12Q6ugm+2Ujmi7XCNGNKP6EgDhqmqr4RR007oAw== processed in 26ms
[2026-08-24 06:43:29] [DEBUG] [auth_service] Transaction payload payload_hash=TpxhstV2EmezvdSL/lFY734y5fK2YXDUr8yJyfmVL4soLIAy5CMaPNuqq8AjbKjjZvAW5olyqLEv8k5y0j7TNg== processed in 56ms
[2026-08-24 03:54:22] [DEBUG] [cache_layer] Transaction payload payload_hash=d13qKS0SVa75X4ZkU2pkloXfk+jxo5ooznSTKmuX2CsZEFOl/EhWwNLOx9mS3sss5i3txpp8X+x4WL7tp8MTng== processed in 196ms
[2026-08-24 03:38:03] [ERROR] [auth_service] Transaction payload payload_hash=+lSB5K/gnAmlLoWomkOnC3O36Szjj+KwGt0o18p0MXuPFGqPd8TQlHRYF35LurtYx89Ap2U/Gln48xbvTfEx2w== processed in 474ms
[2026-08-24 10:01:12] [WARN] [payment_gateway] Transaction payload payload_hash=vfybP+deskpOwsofRLv0xGqsPIAKHBG6VJ5bvw5OyO5nK9AbVjR3F8wR0iURevcuOJPL2kkKNcypZAQ3U62KwA== processed in 9ms
[2026-08-24 05:31:37] [DEBUG] [db_pool] Transaction payload payload_hash=6+Ye1cA16bzL/4TYdjYaCMNYXVBEvmRymXYm/sAs20DZMiNMDvF6I5hGHjrCTytdP5GY8t7eC/daXJ3AllST+g== processed in 90ms
[2026-08-24 06:59:00] [INFO] [auth_service] Transaction payload payload_hash=XcX0VBLwjIXi1TXWH13MifwBmh5cc6EAPK6E/nul2XLyphSgdNp29nVdGf2ypwMHJvTeQ131s1X9Ye2iSM++6g== processed in 251ms
[2026-08-24 04:04:43] [ERROR] [payment_gateway] Transaction payload payload_hash=zWzMFr8t60JxZN/flJrOJpIrvatODXGuIyna2KbHYrcAg6hB4puAFT6NBjRj18dzngVDqqT1Z3djmEuCdktMJw== processed in 202ms
[2026-08-24 08:33:35] [DEBUG] [auth_service] Transaction payload payload_hash=a0ANaCYFzK2CDvqd8ByXbNxeOrd68qP/VzloRjVUXO+7zpsokH+oJ62PZyqXtz9fPH9OzSbplPKTB4/HzL7Dmg== processed in 343ms
[2026-08-24 05:48:10] [ERROR] [payment_gateway] Transaction payload payload_hash=cfFvkNE0hqUJsu18sdiHfHXuoxlwK0MO0XlGuYWPa8sdnKsy9+iCq7Is8JaCOXHkEAmqFA9RYOolaIYcw/sRrw== processed in 51ms
[2026-08-24 04:22:12] [DEBUG] [auth_service] Transaction payload payload_hash=Cmkm9r0PVAiIvDTeurSVW/phGK4yg7FKpcm9cJrnuywUisjW+anho9cL0mCIH0uSNSC/jMprhcK0Auba9mtzVg== processed in 285ms
[2026-08-24 04:23:59] [WARN] [payment_gateway] Transaction payload payload_hash=HObXkGygGZ86+eAT4HxMVfJDD0ZoQxYcez0S2FNDzNdeWOTB6YUkm3fxTFpBm/kfFKjhW86NgmIlAIJeX+Q3RA== processed in 437ms
[2026-08-24 04:50:56] [ERROR] [cache_layer] Transaction payload payload_hash=ENhWylgzmrKZ8n0OR3gfW4+Yp5j8Qs7wcN/TyhizJfRuFXXDmCO1JZJ9vVANozlHKgQ6+18a7HZ1hkCX8w+NtQ== processed in 213ms
[2026-08-24 04:02:15] [WARN] [cache_layer] Transaction payload payload_hash=LfoC8/VK8Ans16kvPK0551JPiaxJBM3JT2WJgi/LMliMbaHVL3geKdOF7//+rafdiSOlL5Hn6TApCUzFBSCRwg== processed in 249ms
[2026-08-24 04:20:43] [WARN] [payment_gateway] Transaction payload payload_hash=vgewFm+gD7NsPhPLq9TqdfSeMFMqGKSj0DK+5O48HyF2lCHeSe/HMERzbnkl00RqvHhNwe5uJgV3cfbhzjK8JA== processed in 284ms
[2026-08-24 06:25:28] [ERROR] [db_pool] Transaction payload payload_hash=I9htYUxNc6CkWCyMbnChQSlLbtRmQ8iko2WFqJGGYsX2xVnf4SNh0Wu7x4h/MMsh2GdbEpGsMQzWWJpnj4mJoQ== processed in 44ms
[2026-08-24 07:11:00] [DEBUG] [payment_gateway] Transaction payload payload_hash=pV1jZ5ul9BBTZ/gLyvD+G6HWLa8+cGrV6Dqs1TRLdLL+MEnEqTwYjHW/abEz8Nx/JxiTfscZoKWYps607wwvKg== processed in 127ms
[2026-08-24 02:57:40] [ERROR] [auth_service] Transaction payload payload_hash=Xgu4LHfQKNcvzBXoixcxex4uKtOKzRyV3EFwntTFAPJjBwbk55olVYXap7DaMsusohosN95Jg+9B07oEMcGuZA== processed in 163ms
[2026-08-24 08:25:00] [INFO] [payment_gateway] Transaction payload payload_hash=pSFknDj9lKFH/NAJudwxIkOdLyog3sFNdFW3NGz9EVQsA8wJZmrBFilZGYxJfrp3KqwaEBpnKTkm+P6frKyyOw== processed in 255ms
[2026-08-24 08:36:35] [ERROR] [api_router] Transaction payload payload_hash=/iI7jnW+YTsQ4mqtrJG7rxolaquc+Q2bsLkkFs5pfER+41m0W9coSpdiJUJxTDf0y/0kQdJfIOFdMfowSJT8jQ== processed in 193ms
[2026-08-24 05:36:09] [INFO] [payment_gateway] Transaction payload payload_hash=0qKi3e4t2vRgsqLPl3UvpSzFlIoLxagF7xPn786H6B43CNhIz7HG8WZ4R58Bufnbt925Fp65J7VJDj2I55tcsQ== processed in 342ms
[2026-08-24 09:33:04] [INFO] [api_router] Transaction payload payload_hash=8dCyd60fkNbdo2t0k9lfIa6ZcRds7UJWD+qZvy+YBhN9T21m85mfj2LUWlGpLdVMLgx8o4PfhU3vZaXamAYB+g== processed in 80ms
[2026-08-24 06:32:56] [INFO] [db_pool] Transaction payload payload_hash=kEcJBm1qly1d4N0YH6N3v61TywcCOU2d6vDW7frQDtoN17KHmuTLYYlzr6VyrcjTHlO2yvSy7OKPlIISsNlG7g== processed in 176ms
[2026-08-24 09:53:14] [WARN] [cache_layer] Transaction payload payload_hash=npRBytlKKXCBgLTm/iyiLZZwLHI34XdPMtDo+oonQYrdl5qanvVfztu6nWASXLP3wjKD1DXy5Q4qgKlxVIoSUw== processed in 178ms
[2026-08-24 05:53:16] [DEBUG] [api_router] Transaction payload payload_hash=zocJ2b9i63MbrFrQSHuyUludT2ggaPzZrwqjqvh/9WpF9+J7bQiL0txbohemf6CKZBxjHw3gEKZGPn5XbxA3vw== processed in 431ms
[2026-08-24 08:57:45] [WARN] [api_router] Transaction payload payload_hash=U8NjhZEr04pf7EkFWM5uRQfq6ispQfqPNe+tuyhPkG0ac6r59u2a0+YcZckU0Jg+Xsjh5eo6iSw3gD2EWOTPXg== processed in 218ms
[2026-08-24 09:09:46] [DEBUG] [payment_gateway] Transaction payload payload_hash=BJ6hZWbl2RfncoVKJHZwHjlsUYLqwofWWbvAapBtotRWEEscjdYyXp4KrECHH17qAgWU+Qjz6DJF3IsmLZ2pGA== processed in 18ms
[2026-08-24 02:26:47] [INFO] [auth_service] Transaction payload payload_hash=2cvz+aznP0FUmQzrtNbCkN3KkHr5At3bzHgo7ECs2UZViI7lj4N9QWBxg+ij8bZ90oDB5qe7eauHdL3370aRkA== processed in 172ms
[2026-08-24 10:12:02] [DEBUG] [cache_layer] Transaction payload payload_hash=LiL+hDOKz882QrfR9T7TLojCnx9ULLOquOrdrxx+x6Jx0a1JTpPGvnoEnmHn7xMN2fIsQdjVqeIVrcBOOtq6Lw== processed in 461ms
[2026-08-24 08:43:39] [DEBUG] [auth_service] Transaction payload payload_hash=KgdSuyA7Y6iw9bo69xPeroAmKivatD3JvrfwU+eSEJ7QaYGGf0ZhOXTpYHnmATF1VWGvQwn43h1ev7E9IQoZSw== processed in 164ms
[2026-08-24 10:59:36] [INFO] [payment_gateway] Transaction payload payload_hash=x17rGHd3o5nOJ11y0sleJnfp6tQtBkiIVWqrYxQFuGeloUOceZQpeWwGBOGbZjCPXlklFgL2KRv6zx3V1jIyxg== processed in 284ms
[2026-08-24 05:42:14] [DEBUG] [api_router] Transaction payload payload_hash=3KBu4+ox4OkQXsiYqlOr/Vaj3y2FrszkeewTiZpB+zWdRzPJ9Iw0mx2+27/7COzdVg36hcDwUUQwk/znQcmjzQ== processed in 339ms
[2026-08-24 08:32:42] [INFO] [api_router] Transaction payload payload_hash=qSIbOzYlxsp1KkwUnfz3BOkZ2DBYe1qTepyKFmgyjIOv99SztOBt/j8yHE2dulfqngtQnkPioGkHjqMXMSD62w== processed in 146ms
[2026-08-24 07:08:07] [ERROR] [payment_gateway] Transaction payload payload_hash=k3wFz8h+/PE7Npa9q+xFxqK6/X7kmxRdKUHwT+5Z1QMTQvmWiiGBazcGR7S780mDUUxpD8cSv9ghvFCsOsw9mg== processed in 292ms
[2026-08-24 05:00:10] [INFO] [cache_layer] Transaction payload payload_hash=P/GA3v7LHkNh+DjtM+ZrnZTGfeD4SoIBWXCzjNE0ROT/ZadjP4nV2taFc3MOQQ13gsc35sqxwiHEgODGQPFXIg== processed in 203ms
[2026-08-24 10:32:01] [DEBUG] [auth_service] Transaction payload payload_hash=5Ds3cfJsRVYi6iboeawWKabNFzJHvPvlxB1RRZ2dgAnPiUO3cUgDag+O3Dhz6kEpUD/OEBKf/fhuq6AaY59ssQ== processed in 41ms
[2026-08-24 04:04:54] [INFO] [payment_gateway] Transaction payload payload_hash=zyt/F9I2USlZAMNDbGVmpxl4PtjlgWA9dIfme1jYsm4dnH6iOjKLj05GxXepVJakIteZpsUIrW8F1H4JCJWXtg== processed in 362ms
[2026-08-24 09:30:56] [INFO] [db_pool] Transaction payload payload_hash=QdHXluVPQgKC8r/h33uUgwm08ZPEvgm+2KubHtTK4dSL5v/185b+Y1GBDb1dKnpldiCuJbme7g3BJV5h7i+m3A== processed in 114ms
[2026-08-24 05:38:48] [INFO] [auth_service] Transaction payload payload_hash=/gSxQOdNA7ZbFC53AasSSDqy/EcQuwGYJ3B12SBth2nOArUnJz2aEULPbRbFOC8Sz4JFaLc56N/UE99PcFFPGw== processed in 446ms
[2026-08-24 09:39:14] [DEBUG] [auth_service] Transaction payload payload_hash=gLxGGfBOxiUyBqM18R0TSJeQyuHVEGFKRimXlAzrzMyhsbwbxrFL159hGGqoAdQeu7ee1tgt7NpsXXBd71DIAQ== processed in 497ms
[2026-08-24 08:02:09] [INFO] [db_pool] Transaction payload payload_hash=7F2GIkCf00/IKH321tguddj3mMb+Z6C9cGYmc/2sg1e8UOv2YKvDUdDvuO4nnRZNRTjSzO9Mv69nHoezJEISjw== processed in 379ms
[2026-08-24 10:36:58] [WARN] [auth_service] Transaction payload payload_hash=hWDHQ48xddzXkF8/ycK1JBdZpPMxOoUSl2D0EP3cQo9VpidDg14Jblhkl5LDGEZgrdziDK8+2mfWUK8uYYpWEQ== processed in 50ms
[2026-08-24 02:38:51] [WARN] [payment_gateway] Transaction payload payload_hash=K/IpGB6uU9LFE1wITMqmh6jVFmjp0m3W3OIs5Je8pkCrEuW7IM+JhgHNGFmSoVwTv1gZq24Fu41dYLO9r7jo2g== processed in 39ms
[2026-08-24 02:21:03] [WARN] [api_router] Transaction payload payload_hash=7tTr3TRNGXgp5muTI1y20fDfpjk1Kz4FHIcqS6dDpMQHN1OZkAhAJgBAW4GsLNSA4jtjcv+ZDSeDxdWoo1pUWA== processed in 457ms
[2026-08-24 08:19:40] [WARN] [auth_service] Transaction payload payload_hash=Mt7a5j/nPjX+rONiL04nYIwQmSpS9ck1ntARrLfZt9U+0ULREO3A5LFQeYIdrGWp8S8CtawJizRPVBcUuWiL2w== processed in 438ms
[2026-08-24 10:34:28] [ERROR] [payment_gateway] Transaction payload payload_hash=f8sGVM0muTkKQ2kN5T78iGmTGEl+WnNtZ2qDz3lSO2jz3L07prLvViLwKDBYGgfyEYePSuDoHib/42xqsmiTGQ== processed in 211ms
[2026-08-24 03:18:39] [DEBUG] [api_router] Transaction payload payload_hash=7cC650q34NdA+5dYpFciwauRVorxXxTRbSppVDGeZApjDzK2JAFsa1Di1n5SLZt3CiwlVYqNlYRhdbitM+Qbqw== processed in 213ms
[2026-08-24 09:12:31] [WARN] [api_router] Transaction payload payload_hash=8uhSrj1aQayZnEo5JC4liiNRNLTRf42VUE+H37sXKQPm/9feEbS5SywG4u8G0yw+j2UM19VN8fJE0ZzBUuTFEg== processed in 408ms
[2026-08-24 06:58:57] [ERROR] [cache_layer] Transaction payload payload_hash=jxQ7hfrNM18tlP6A0609EJNz/BFKj9mbRsFrF773awV38beoLCGigazOhrwVbKc4PtG7ZIkq4lFvZh1+QXzVPg== processed in 332ms
[2026-08-24 10:48:45] [DEBUG] [cache_layer] Transaction payload payload_hash=RTIcChJJJAagmXIevioDkC5vfYxuUGL5gp7A2E3Ws2uRjQ93AlTI2Ra0iqWd/TLqLNQ4vrtW0osCAUG7xQuk0g== processed in 62ms
[2026-08-24 05:01:25] [WARN] [cache_layer] Transaction payload payload_hash=yDOH5C0ECJkjJJIoIPGkrM2dFH6gOUGDpnR4V2jMeEVorWTUS3mlCGA6iWvLkLQuYlrU2IY/G6uzrgXp0AeTeQ== processed in 375ms
[2026-08-24 10:23:34] [INFO] [db_pool] Transaction payload payload_hash=0107NbwSaeLpuy+Em20U+ys08yj8jKqF3FBZtWUDkM6rwLFWVsj/lNl2NE55CYAkpWrghAA5rveOXcBT2Ij+7A== processed in 396ms
[2026-08-24 07:17:45] [ERROR] [cache_layer] Transaction payload payload_hash=nYyQ19HCEIm51O4aCzfH3mzye0HMkD3hjzHo5daD0I2/b4hBx9GPQeKCP77NQRWWbWOD1SwmgjORqzim7P2l0w== processed in 190ms
[2026-08-24 06:06:34] [WARN] [db_pool] Transaction payload payload_hash=FpGJf7++nbE7YTt+vKGKKeDKGpPXZY951pSQgeQHG+oVUy4JZZ3a/fjsc8P2BghAMBeXn2p4zyIfPARxURd79A== processed in 218ms
[2026-08-24 10:10:10] [ERROR] [cache_layer] Transaction payload payload_hash=f/DJO23WymJueeccvE9EJXBK1p5HemAlrr68aB7RU3kqC0SnZkBQbUXTi9MKeVkiXG35mO9Q8DE0arFK/EHNlA== processed in 452ms
[2026-08-24 07:52:10] [ERROR] [payment_gateway] Transaction payload payload_hash=xOEhfZZZCPYoYamcqfMx7UfOTTc1N7DOG13enJMJUdwlp3nnRjYyT/LRFYgwI4n4yWvLfj1PtDV5BzGHzPeJwA== processed in 446ms
[2026-08-24 04:15:17] [WARN] [cache_layer] Transaction payload payload_hash=uoRmcDgC9IQT4VONSt3ixU3vYVKHnWX7sB//7ijmc/kCY+GYA0NRym/7U9/mwHwHnOJ2ZcaWRJk6gL5ZDw2y/Q== processed in 229ms
[2026-08-24 09:22:43] [WARN] [db_pool] Transaction payload payload_hash=1FrWdJk4/dErsqez6ATOATiX60Tl3BWC/OxOlky1/FOqjtudHxNy/GKosZPC5Bb00fAFuop29CSjM29uR7qLgA== processed in 147ms
[2026-08-24 04:16:50] [ERROR] [api_router] Transaction payload payload_hash=oA/kEVtJouyQBUad6IV2FVrzHjmTHGBWKwCiaA+ixmY+5X7FB45MySqvzThyLX2/JXugbxPw4kQD1KDbXMS93Q== processed in 81ms
[2026-08-24 06:24:55] [ERROR] [api_router] Transaction payload payload_hash=xegYeYKl5MUDGYk/pF4XGIjgVWy1g7mpbDFtryAhVIw96C6ZXLau1swBGjdFWd01poL1eOtzBGYE1jl0y4ce6A== processed in 178ms
[2026-08-24 09:57:19] [DEBUG] [auth_service] Transaction payload payload_hash=LypuXyscZg+te0CxWwKwzs++daKFDjkGJATtYi62iX6bGGU2olhputHMTD+Q4I49B55uf1PuYWMGqegeKt9vMg== processed in 444ms
[2026-08-24 03:24:00] [INFO] [api_router] Transaction payload payload_hash=90ksWafWmo/gpzbRWaOHQea12VJLOtGeip9C0rh7s3zHkxk1iM0ydXjBHnB0kEdBkQGotYBRp+8Qm1us0alptQ== processed in 422ms
[2026-08-24 08:52:37] [INFO] [auth_service] Transaction payload payload_hash=TzZcqKYZJQpFxWKNOaJuhKbv8bRdHWRh1F/qqD9ytTuy9K2gf03p8kq3Xm2K2cab9qK0ikAmUjzgm3faQs0V3w== processed in 457ms
[2026-08-24 10:26:39] [INFO] [db_pool] Transaction payload payload_hash=i8Ihv93HjYEfrKcOgRRv8xC/90ssAaptzcYWRxbInMkVj4BVvg3mIWJpPdq8GKHaohJ2A0IbBfMF7cls0j938w== processed in 342ms
[2026-08-24 09:49:30] [WARN] [api_router] Transaction payload payload_hash=JvM3dUvnMhiY7YMUGxLUfANN+mw+ZvgYOjf3Xru2V6S8SbosJjKoqQ0FsX2cl2JZPY6YzL+UHZTgoizKZXNLSQ== processed in 60ms
[2026-08-24 09:04:46] [INFO] [api_router] Transaction payload payload_hash=re5dvpyCBCey/cKLMLN4SP3TYs/GENKW4TbitvCTl1V4cnjshLFS2ojd5k6BIzmIm+fKdymTxduvTgcNL0wWOw== processed in 93ms
[2026-08-24 06:14:40] [ERROR] [payment_gateway] Transaction payload payload_hash=7I/tJ8r1OgMuoCczfbLHN886X8vFsilsTxemSmCwteVEx0lItjWHbZybKqlDIUR7EV4+zVFmZrBKzVVBCLGCrQ== processed in 54ms
[2026-08-24 08:21:46] [DEBUG] [db_pool] Transaction payload payload_hash=PF2YrFz5lYTbmqvpvEsb1ffgMLxbyokM2Ou+T7aJrcXUy7/7O2opvJaWCTAy6vFYjXzEzDW7IqQVx6/kf3xzCA== processed in 40ms
[2026-08-24 03:06:30] [DEBUG] [cache_layer] Transaction payload payload_hash=95DLS6vgI5stRzq4PYzHEbeZNX1dXvtt83/rW7YRIS0Q1BE6cUEJEIdpU8QAwInWUSd93DegC7F9n7f6m33+3A== processed in 259ms
[2026-08-24 05:02:04] [ERROR] [db_pool] Transaction payload payload_hash=QxfVsD//LjWDcyUblsCdlEd7WYGT8OuPFOKTvxIgpXvTVpOmi80xutZ1SZh84y6vQ/w1BwVRp0IF5zBv/FxlxQ== processed in 403ms
[2026-08-24 07:57:29] [WARN] [api_router] Transaction payload payload_hash=itzVAvFbas5cuc+c0y6SGz61kotxtBN5T7ZaOLHidUncIRttBvdISZp3t7mZC27hpYcXlJ33zfCHvbZbX9CrGQ== processed in 192ms
[2026-08-24 08:54:07] [INFO] [cache_layer] Transaction payload payload_hash=jzQOQQMa5h5jQpOBuvkdvK1tZ+Tt1DGwwXfjrO3kI3d6ZQrpQJ353WKx9VlWfumzWspafgSPyjIRkzAjv2UIqA== processed in 173ms
[2026-08-24 10:56:45] [WARN] [db_pool] Transaction payload payload_hash=nuDgrVAzXAe48qUGe7hxgDpzVppOEByA1LAMX2IavHnRE0EiQK1uTaYwlVuJqVQs9w3PP6JceIGZUetcYPOPiQ== processed in 21ms
[2026-08-24 09:57:25] [ERROR] [cache_layer] Transaction payload payload_hash=4DZxLCpM6plnRX3v6BNnSYy7q7EQ6gxbu1TLnJ6p+dFFF78dIHhvdo50AkqKXwK/+JQJ8ozENVOdRo00DNN4Tw== processed in 365ms
[2026-08-24 02:48:35] [INFO] [cache_layer] Transaction payload payload_hash=VfpyG174yBWcQCFPw/xkT7xHPrmJnK4hIZnlabyqmRNw/3S32GQ+JEG5+tNEtdhbdvun5FtnutQLH02cJsDMTg== processed in 243ms
[2026-08-24 09:10:39] [DEBUG] [cache_layer] Transaction payload payload_hash=gRtZDcvBp2E+SM254+k6493FTiX4HqL6m3LUQm0x7EcI3x+xNFrGM3P3hc3cjRJy3RKWZU8Np0+WsbU4ZD8pAg== processed in 313ms
[2026-08-24 10:58:01] [DEBUG] [api_router] Transaction payload payload_hash=i2RxipkwvmxsFNAuOY2T+druk/yQxVhFXdyqchjcFjykN+jt6j/U4/gXkb6uuLMF3nsggcUseqqw9i36ZydDTQ== processed in 390ms
[2026-08-24 03:28:26] [WARN] [db_pool] Transaction payload payload_hash=eSiQHWvAxwHWH6wX+8vtu6SSdVktHdW1bw5D7CDyrKDJBcv4kjBN16ooEpxysSL1F4v15jANQkBxMMIPp27uQQ== processed in 398ms
[2026-08-24 10:41:33] [ERROR] [db_pool] Transaction payload payload_hash=ur70po1/hJFRWzjG25Dn1DeYaI2ClfZpVkkIRjIaxHuspb9p5nRGtG+X1xBZPPH3szeSc04x/mLixkkG4qta9A== processed in 298ms
[2026-08-24 07:47:27] [ERROR] [cache_layer] Transaction payload payload_hash=XEuZGKuQS2u+IWVbMoOMX5oEz2sYoB7uXMVl2CVz5CIcLn2E1GLTeAyAffOAuoHeAAaPHjq2qNV1/iblyWP9Bw== processed in 494ms
[2026-08-24 06:38:32] [INFO] [payment_gateway] Transaction payload payload_hash=omnWRWWCZ2wKNgrM26t8g+yphS/F/ThVjjVeUla7evylQ57F5RWddf7SzRLamTguLAVcpjVW3njxY+7wZC5dFA== processed in 325ms
[2026-08-24 03:01:32] [ERROR] [payment_gateway] Transaction payload payload_hash=E6i4UldCzXiDjFK4+p5r6sz2n3hZk3XPEhU0f3LJbf1rkFuqJW7fxbjOZapODIo+PYS0SS03qpY3iImyjqyHLA== processed in 45ms
[2026-08-24 06:07:47] [ERROR] [auth_service] Transaction payload payload_hash=GbXVR04sQ/ceFA+4hXZGpxaf1FMmp1lprvAWr1Mq9Cz6RchozUvziedunxhXi9nneyPo5+g2b1Y8a+iPk+dppQ== processed in 128ms
[2026-08-24 03:13:53] [INFO] [payment_gateway] Transaction payload payload_hash=MyX4gfnl8Ib599bvKFlKc4+rRKNoa68g7Vnpx5Os79KN0g0DBzGdZ5zMNuURUg0S+O5n/7eVU1T0b3XrkaizEg== processed in 320ms
[2026-08-24 04:59:39] [DEBUG] [api_router] Transaction payload payload_hash=yhbffeadshCXCz9DDnmkQfZ7SjcwK3zokXPwiTFzaPXzdGVZSX1zS+wqgZAWNBmQaXPL7u4Fr+43BBhB7Of1ig== processed in 400ms
[2026-08-24 11:07:45] [INFO] [cache_layer] Transaction payload payload_hash=GLAf3kcp2VwRTVqOtI7rSIRv1B+BzoyFJQC4HL3AcD4VWf3eKHM/7HBYSUUctYi1BKjevzsa01IVi/u9eLL8/Q== processed in 49ms
[2026-08-24 08:36:41] [ERROR] [auth_service] Transaction payload payload_hash=1LQJAkmwtd+mkZPOF0hzjiAuLhDAv0mHRoaxyDneNTymrYio/33pJt6B3o2I+NzIb3dY1aLcAgHjIed2XDz2Uw== processed in 339ms
[2026-08-24 09:20:59] [DEBUG] [auth_service] Transaction payload payload_hash=4YtIzTp8VKVbbfm2kFi2EUBWbCyFOLrASSLVPwQC3ElDuTlzRm9yhtW3Rx/e3ZbO1A7EKSM+zFtKypfrXcBSOQ== processed in 373ms
[2026-08-24 06:50:28] [DEBUG] [cache_layer] Transaction payload payload_hash=bwHB4PUV71Inp/9ctZ9PyWIIZUKIyYU9Ck8Hnb3Kd1i7xlV2hHyM+Zc0LI9y1VAQgACq8mpCSnlQXlDKhgwyLA== processed in 305ms
[2026-08-24 05:10:56] [ERROR] [payment_gateway] Transaction payload payload_hash=1V0zBn11cyQyFuJhobsjrRtH5qLoSA4OEP5Q+MiV7Xt/f1JfpeqLXVm0e5iXl1qMAjqgIdRE9jLm1kHLjEZJpw== processed in 326ms
[2026-08-24 04:57:30] [DEBUG] [payment_gateway] Transaction payload payload_hash=fc94DV36ZsNK12O1az58DX2G25n6aSwMO7GSSXQIv9tjPB7lYSBIMCfC8LzyCHqY98GaUTwFANoTIfZpCFPrXQ== processed in 276ms
[2026-08-24 02:23:33] [WARN] [cache_layer] Transaction payload payload_hash=DKakw3JVPNnZgDFWTkAinDgi0XM6CH+i79oF7IBdU807+XqurK1a2yy34VFwLQ9TOB4LoGfHQvqKb4zuQcBeTg== processed in 228ms
[2026-08-24 08:53:26] [DEBUG] [payment_gateway] Transaction payload payload_hash=CmeZkKZN1J8l2PKJ2fs5oXTFIjzWyYJpWS1/PzPzcfxNdAhfPIF0FaB905m8XDA4otO6kviXaINbsDB43iv1Og== processed in 166ms
[2026-08-24 03:48:38] [WARN] [db_pool] Transaction payload payload_hash=3JyZ8O2ymBQJ+z4rCRY1FxeQDYgyDJMSEHHJXMQfijocLQYh6iA4XYQiwdjP0E6q6lC7oFo5cvmM5+4icyOsFw== processed in 116ms
[2026-08-24 09:57:46] [WARN] [payment_gateway] Transaction payload payload_hash=lT18xOyW6QiIjxV22HqW0yj4bl5gWQut5LFOXSYB8QwzqA4BMlJ8zf+W6kYsXb0d92NfB3/hk29JK/VS7PbxrQ== processed in 259ms
[2026-08-24 04:57:33] [DEBUG] [auth_service] Transaction payload payload_hash=c8EpugC8+1PvuXaZnhE0CUck5RITIof77aiP1mprDaVYeHNsjpGO3C8vxaX9hSDZQ2AMD3hgOdEU9HGR3huckQ== processed in 186ms
[2026-08-24 04:38:15] [DEBUG] [cache_layer] Transaction payload payload_hash=XuSO7gNbdOQfNB2TEXzPB968S4iiNkm9elm0EDLlrrbySCmKu5rmP5DKNeiAJUXwMP16EmnbKQjeMpeSt1tHZQ== processed in 384ms
[2026-08-24 10:56:04] [DEBUG] [payment_gateway] Transaction payload payload_hash=MEiI/WYNbrhe73kqrNd9R7uyYavVc2vm4Pty8lAfGkzzYHe6v7OGPbaFKXmXF58nHdHEDevXvMElEYik+YDmdw== processed in 460ms
[2026-08-24 03:59:33] [DEBUG] [cache_layer] Transaction payload payload_hash=K3E5tSyfm4KIOEyrJ0ha4xxqYSZiPTOQwjvGRseHz8vdHBP918VZ6Q5DTr6Y3wmJBxSj5Rs8o4QKE7a6/rxpIw== processed in 190ms
[2026-08-24 08:27:43] [INFO] [payment_gateway] Transaction payload payload_hash=sSfTOFvFTyXoihXiYkbletNB8Y8Oh8sK7Z3cvQEQ/YXfepETCclaKTHlAIJFE8mvkdeAKjhnVzWS0jim4cuQWQ== processed in 374ms
[2026-08-24 09:52:48] [WARN] [api_router] Transaction payload payload_hash=4JxOD/hQUXTjGTT7/DhSzFVMHURxEjviehB4jMxXBs6irJyjgMS9Betq5nZqxMbkkBD2P8fd7ns6zIDVIG3ILw== processed in 92ms
[2026-08-24 06:22:14] [ERROR] [db_pool] Transaction payload payload_hash=Ca3phkDrLEn3Qs+QIbTvxw+kNlzQbajhbiMiJeIhdDgtgxynmnYp3vvIjyY+ubb/gD7LoFRTi7MXsG341DhfAA== processed in 491ms
[2026-08-24 06:25:52] [INFO] [payment_gateway] Transaction payload payload_hash=EmzTJg6RDvJLjx0qDjj9SSXwwW2ptbHe9XCtXmPUmho7WW6cWuP6FnvA+8SlvA+d2L1Larc7qNL5cI3GX13IeA== processed in 310ms
[2026-08-24 10:17:04] [WARN] [cache_layer] Transaction payload payload_hash=jGp9xR2jwYOp0qj0NQBs1uvKFiPxfQ7ZbEwPWJ47U43fV61hJTUGAMhfbLthupL/he2dVqg1BwxOSVtoPMK0MA== processed in 294ms
[2026-08-24 09:59:00] [ERROR] [auth_service] Transaction payload payload_hash=rM4Fe71E0JaMhcaqPUZ1nXuNj4q7NMaZrG0yQKMrlCWIA7fXmK1uT8JM1GRad3PbJ+X+JA9A3XzZ1b23A9nYPA== processed in 435ms
[2026-08-24 05:47:19] [ERROR] [api_router] Transaction payload payload_hash=AXGe5G6wCaLo+PKWrcjwNobLe4axolNRb3wHL+RzNXMe1OIfcK7Ex1OZlhfeL0M3EQMu4cqHXCYFiTuzOow0og== processed in 425ms
[2026-08-24 02:50:01] [INFO] [api_router] Transaction payload payload_hash=kl6Q6Zh2JMUuKsz++5sUecyAi+wbVKE1kg2UABgeWXt1pOt51C1kISUj/T8mGqxJJByndoMTry31G7F5qRxU6w== processed in 44ms
[2026-08-24 02:57:32] [WARN] [payment_gateway] Transaction payload payload_hash=BuazN+pQwaGb/n/N623LMjJiMYNnC48AUxaSkjCezDEO+QCJmIRud+YQb1QL03IQrDLCbTO2+Z7k71WhlsALTw== processed in 129ms
[2026-08-24 09:15:20] [DEBUG] [payment_gateway] Transaction payload payload_hash=ZOqZabS4PXCwQ0pHPcnzMjkt1K7qd/ST+FEo1+3rRvJzT7Rt7kUESoxVWUrMTiGmDgSH5tAeAH+PXMaEtYMRdQ== processed in 216ms
[2026-08-24 03:35:52] [INFO] [api_router] Transaction payload payload_hash=wQUC7gJGKxl65haiSUEM4Y65a3qfEijL9StPCszNlsYoGdA3yo1CnXqNWZpwwdZ6E7+0iiWCMljyMJrNJZn1VA== processed in 44ms
[2026-08-24 02:57:05] [INFO] [cache_layer] Transaction payload payload_hash=JJQv5ix7yy3RHb9Zx0bTWqHpi8FMEH/OKAujgiUg0oiM/U37MTGuJmUFcJ3QYzwJAYs+Ud2CaHFcG8Elz3SJJA== processed in 481ms
[2026-08-24 07:52:34] [ERROR] [db_pool] Transaction payload payload_hash=UB78zqbVHcbQbLibwGY5QhzEw5dWh0SDiSiDvdZzUnPAJOVMxaeejLEUf1p/znb/Nx668lGe17oA4Xte0hgSiw== processed in 315ms
[2026-08-24 07:36:07] [DEBUG] [auth_service] Transaction payload payload_hash=/HuYkWV85whT+2upfUqddepylPzZJzidVvaDo/7HwS6kiw62oVmENXRvzqmmr4FUVEWPWU6SU9lupBpsW4epnA== processed in 13ms
[2026-08-24 10:31:41] [WARN] [db_pool] Transaction payload payload_hash=dNYNDya6jlH5FRa7+q6ACcuhvRpRNd1Uec/r95ivMEi63duWWBxKBmUNQknT6w5cV8i+zlUI13YT4wEhg475yQ== processed in 258ms
[2026-08-24 06:47:41] [WARN] [db_pool] Transaction payload payload_hash=z8KvvMBWn0RQXxQ1R5yLMEu64dZhRnDR9R6QMU0cKFYktBMKwu5ZHN1+EboIr329whQ5gx5vsibYDqjmVbYhBg== processed in 478ms
[2026-08-24 03:47:45] [INFO] [db_pool] Transaction payload payload_hash=KfA9ctugcqpdeqbbGgs+IEGLWeyz/2Qz/S3rCwGvyxXz7mP8RQMY4J7Jx7yLROjpduKGjirKGI/CiFfsvScNhg== processed in 398ms
[2026-08-24 07:50:33] [DEBUG] [db_pool] Transaction payload payload_hash=idwwbIX7u06Kl8qKfkErI8hix7zdN0sZF1BQX8boSGHiYKY9WOwztG2BXmTPFymNhIdlyjY82jW1lGAFpmF7zA== processed in 59ms
[2026-08-24 11:06:00] [DEBUG] [auth_service] Transaction payload payload_hash=sFBSM2F/YPpMSL2lUC8w7DJG6JDMSwKcB6Q7gjh2BhA6/nZMNbONlGlR8QmXtdYNCjGK0uFMX8hPAQmCGIRMgQ== processed in 453ms
[2026-08-24 04:20:36] [WARN] [api_router] Transaction payload payload_hash=y5cHdAoYJVD57g8zxy6Mn3NiNf04ewILxAlZiYD+hmuftjnv0BBnkQIIOyvi2O3EDcIz2zIpo8sBLuUFqtTU5Q== processed in 234ms
[2026-08-24 08:44:29] [ERROR] [api_router] Transaction payload payload_hash=vaCJLUuyDPh15mt/X7VHjRZxEVdcv48ZghqyZXkCCa1C6ABEKCTgeaBUvAYiBVFbGfPC35u1ryczLqHqLMULHQ== processed in 8ms
[2026-08-24 05:12:47] [DEBUG] [api_router] Transaction payload payload_hash=x4Ooij/pkEsFUj2qTaASwq6JT6lFAtRQj6ACHjNfIzPTzx3UZ6lK8l/z3gXYR5QRs9I9Fbq4Ix5bp48EmxRzkg== processed in 78ms
[2026-08-24 10:51:03] [DEBUG] [cache_layer] Transaction payload payload_hash=wK73Is3j4yQsFdMKX3W9gjc2lejlary/13R44ajwheFoBgZ1nelAgsVwquIb2fIz7vhBQSk4dIKmy7kJlZKOXQ== processed in 360ms
[2026-08-24 05:34:05] [WARN] [auth_service] Transaction payload payload_hash=TFI6dO7hJlqJyl1cE2KLVzzhbXhUyHjcH96UjRNfTETKlySsT5oJSJmhQOZDTq5Biy+vaASR8IBbwclndXGukg== processed in 307ms
[2026-08-24 11:09:53] [WARN] [payment_gateway] Transaction payload payload_hash=s9EpH8o7oKQ6IMIXvFPtPXRvgMPCyKZOTkfp1xONZbd8LfBtGzOqdAFLXD3i7nj0rn//jIDQPMxUtsnLcgm+wA== processed in 63ms
[2026-08-24 10:24:47] [DEBUG] [api_router] Transaction payload payload_hash=9Mrjka+YgcskaqgA1sD/ZVEPVJhUSJmg9FZ6jTQEdKEOMpiS2HLVyoqcV6UxvzJHO47adtXZHQ0suxLvj4I0FQ== processed in 315ms
[2026-08-24 06:49:06] [DEBUG] [cache_layer] Transaction payload payload_hash=MqarY3Eqop9OYQw6hLnDaMdkSnR/37nEDTe4TGAS1qWy3nF6V1sNFSksVeW5/FR+j2PH1uclNB/810F4EuJ46Q== processed in 137ms
[2026-08-24 03:22:17] [WARN] [auth_service] Transaction payload payload_hash=pAe0s7z8HIq5d0SL+e0dX7w2J7vMyD2Gl2wVjIIo1L2VSD4KvYnIyiFwbFN7PEX8OfzSCCFf6XAqG/p/MjZ2JQ== processed in 142ms
[2026-08-24 09:42:44] [WARN] [api_router] Transaction payload payload_hash=3rUbE5ZiqyLOcLazniCJ9xESS5TryhIsXSmCDejfsdQI4EbFW9KVEUxXbNcRLJxQHtiiT+cilmeClez6Hpi3Ng== processed in 329ms
[2026-08-24 08:00:09] [DEBUG] [db_pool] Transaction payload payload_hash=M+yrd7uNyOrg5X0Yq/Go6uqsAcVj3qsqfVRt7xtG6DOiUMZd3hlemfxAi7lOkKjpDBzoiuKnnuXhLF0W7DcJUw== processed in 390ms
[2026-08-24 07:36:25] [DEBUG] [cache_layer] Transaction payload payload_hash=NcNG4A8UpoRNWmtZKNAlqULbe5aowmafMtaTVUO8e+Y3Ax4qgZ2nws4Xz6CmWISXConemtxUFvPyqelTb/63yQ== processed in 7ms
[2026-08-24 08:12:02] [DEBUG] [auth_service] Transaction payload payload_hash=WH3lIFlQcb3+hzK44UytOicfRnuUbb3/X/ulgHrtp+ApDF+mOM9oOlmVRK+7Srw0QK8lHfDYr5Xp/7kQzcoDVg== processed in 257ms
[2026-08-24 10:35:05] [INFO] [auth_service] Transaction payload payload_hash=QjKF+B0rDG6Q4FDkf7DJcogelBJE5TNOSx17p7u9qhKiMeuuD9O5To7qegVKVqbTD040mMeaUsf4wLGA6zgpLw== processed in 249ms
[2026-08-24 05:21:03] [DEBUG] [db_pool] Transaction payload payload_hash=7MfEooa17A0cWvWgTmW0dp9fQsrUjyZrkVTUdPvqk0bYshjoMo9+ebGBDD1oy7St/kBEg/kntOSkLw0j0aJ3bQ== processed in 361ms
[2026-08-24 09:00:14] [ERROR] [auth_service] Transaction payload payload_hash=nImw/YSOQUzOhNnB2K8viV57p1/pR6pIFLCgda+/tcQVHji7dI6WdNzEbf8tGyZmGC7H6dYxg1PIW0WyYJ+g8Q== processed in 62ms
[2026-08-24 09:55:06] [INFO] [auth_service] Transaction payload payload_hash=bQAk4rDCHYBjXMbvfGIc71mYofad4bkc1VXrwiOiGM+ldyXCpVblmNKJWpAonO2MEVRCMiASEWYEEpYIgPasBg== processed in 149ms
[2026-08-24 03:02:11] [DEBUG] [db_pool] Transaction payload payload_hash=0vTb1Bpa+Ii71Dtwxx8Ar0TeI/TBH6xYMFrDEQ2HXO5U6y58I9YlVU62cCJztDWmbmljFDJYqvDoAGRsvzvxxQ== processed in 490ms
[2026-08-24 07:02:55] [DEBUG] [cache_layer] Transaction payload payload_hash=y/tqFrjpX2LMf9KHsUooQnTwKr0tiXnRO1Wf2sQqaCOdiKs+i3UzWEQmyvSadFP0rLO6I5dlY/4zit5443SIpA== processed in 44ms
[2026-08-24 10:59:37] [INFO] [cache_layer] Transaction payload payload_hash=yVIrkczRxMdQnzv3eAFXXGLpLzzq+tgZSXF5lAnoPXEhvPqmCwTvzBgAELSvj1pfLEdhSDx9r29/5Okj9y0Z2A== processed in 11ms
[2026-08-24 03:35:02] [ERROR] [payment_gateway] Transaction payload payload_hash=q15rhCX5S3ie5bLt7UgFu/xSqhBUnHiP4efA0F3KcuXRGbS7nZBw2KYE+3cmPFL/mlzZbNui9xk28323QAPtuA== processed in 61ms
[2026-08-24 05:55:19] [ERROR] [db_pool] Transaction payload payload_hash=jOVYTOJO1RHPn6aLBdbj9LCFIOQZj+06uqbEGZhDhcF8wsmfgUiLYonFUYuVGnTevmXYe1sHHpQyyy4YKD/d3g== processed in 278ms
[2026-08-24 08:04:16] [WARN] [api_router] Transaction payload payload_hash=MGRRhGIijfbdHkYRDILw6rY83Qv7Kz7bmsMpaQAn43EG6OxebnQqwRPX6ra/BTIFYfqFia6A3gKWsyzknmlqfg== processed in 109ms
[2026-08-24 06:52:22] [DEBUG] [payment_gateway] Transaction payload payload_hash=0sue18OuYcwkqWMegA7RF+HbIcSpxAf12iKw1GuM2z/hdKSpjHEyAuAQLU9+ioW8lM6k/NMh/pileHNiCkbf/Q== processed in 482ms
[2026-08-24 05:30:26] [INFO] [payment_gateway] Transaction payload payload_hash=bMtnwgxUZzByRAnlDQzMFkq2gEr9Jjs3vQb9zFbcU8DU69riWqNzjgnnYHQfiGs0hhUyEse1RF98CoqbmsXILg== processed in 485ms
[2026-08-24 02:53:51] [INFO] [db_pool] Transaction payload payload_hash=Vh6qpYjmf99yC7rqTpo7QWB71xrJKs9nO0VZTkOjJB9drHBMxY1pfKBhXM6B26exuJ5NPyIYTmTjqvnPLiRFjw== processed in 363ms
[2026-08-24 03:39:20] [ERROR] [cache_layer] Transaction payload payload_hash=x7Cl/9IQFtekFaCCNaLI1TMp2mZ5qGHDu9dGd+uqjFlcz5yf+6YlBE+Q3KeVrO7XYuhC1gB05QWiaH2RSL+48A== processed in 356ms
[2026-08-24 04:30:39] [DEBUG] [api_router] Transaction payload payload_hash=Gw4CIq/b2gWmDGIkIk6cMMFPsP2W5+I2YwbpCYeYhFoPeuLEY+LEZzaRWtsDGyC14LpwTgvryVCBxEZZLkKLQA== processed in 293ms
[2026-08-24 03:22:58] [ERROR] [auth_service] Transaction payload payload_hash=/b2YxVcSCEyRFU44SiR46oHXpzZgy5x16NFCLbDWQLrFbCQaBxw6uvvmGvbofuq18dHTzQSJ7/+BMZnooCW99A== processed in 316ms
[2026-08-24 10:29:17] [INFO] [db_pool] Transaction payload payload_hash=WavGg88AYeOdMwOaBnBNtLw5696LOAs8IENy4rWsy1CBEFHvqGjRr68eQXRI6f+ATZkc6D6eFrIzVww2TJ0j+g== processed in 26ms
[2026-08-24 10:37:07] [WARN] [cache_layer] Transaction payload payload_hash=SQCq0Vj188eGJjPRJqnB2tp5KuEPXTz+BvAWpQjCE0LlJnkFFLOC7tkzAKRLuk3g9RIb566PBVhHRykLSpZ2OQ== processed in 414ms
[2026-08-24 02:58:03] [INFO] [auth_service] Transaction payload payload_hash=VIEmuHHhTVA2XQrGeJh74VQpcgCiirReAg7kQ1XDEFnRL+IS8ksm4mMyrFJuRev2Z6OOYFziNLmpceW8y9aGZA== processed in 489ms
[2026-08-24 08:58:07] [INFO] [payment_gateway] Transaction payload payload_hash=rZhcO15LKM0zLq4OBUAcjkfOa4aVmchZ09e4TwvSnf3So+VfOFZ6VHFYb/Lif2XULjInPNjWUcmLTCzQreG+sQ== processed in 74ms
[2026-08-24 02:52:23] [INFO] [cache_layer] Transaction payload payload_hash=0NHUqV2wqT0nlupc7HNf4Pz1qe/Pv8y/z2WCVSpoTjXYOTp59+vYl67tOv24vN/3rx9zTUn4DMt2M5vDwQSmZQ== processed in 477ms
[2026-08-24 06:25:40] [WARN] [payment_gateway] Transaction payload payload_hash=Xnis0cuLdJ0BKtg5LsUqvVKp4pljeDQm60TysG+kvJBXshMpgdyXEB14Uq9atFzA1XwhuJxn+bs4aBhs2k7awA== processed in 360ms
[2026-08-24 06:01:30] [INFO] [api_router] Transaction payload payload_hash=sRiK6qewcUG0TIyIym6Gfq6BwQoB3JBjHVen9bacsDYKb+GNnixmMJ68E4qBcXM97NwxvCyZqgKsJgZLdH4VCQ== processed in 487ms
[2026-08-24 08:05:42] [DEBUG] [payment_gateway] Transaction payload payload_hash=Achv0jXW8Ruor0xSqr5i3dFJkYIWrTxd8kt2vBIMrhAeA4pVKecdNnHp8D/vODa2J2+QmEZxXcYOMscFqfYfIg== processed in 365ms
[2026-08-24 07:31:23] [WARN] [payment_gateway] Transaction payload payload_hash=B3hds4I5xetwuMAPhVh+B+vquGX0jHQQ/IBZ6vPCrEHSpJG3NLvOlVlosPl9F59N94LNg8XX4J6RsebEOk63/w== processed in 83ms
[2026-08-24 11:02:21] [DEBUG] [cache_layer] Transaction payload payload_hash=5Cd6nj2FfhG1J/XDhkTjOEdf+T3AHV4+uxF9ahWNptkFE8w1VYohHQHv4174HpHWjDS3+7Syl3rdYKl/Viegaw== processed in 61ms
[2026-08-24 04:45:17] [ERROR] [auth_service] Transaction payload payload_hash=uQ10hwpLWvS8XB5xMMpSFsD/qRGgeagvyCIo3ujip/VlBEPh/pVNUL8h/VB8HyGaNqXDpLhe+UJ+JOD2YEW1BA== processed in 335ms
[2026-08-24 07:39:44] [WARN] [cache_layer] Transaction payload payload_hash=8FowODy9HKIiYjzPIPQmbLWZEpIR/rzzIIW6JTsnhxqnq2jc6rbqToLpO3mx+qB3Xlk95OP60XsXkeWfvqM8lQ== processed in 248ms
[2026-08-24 10:15:22] [WARN] [api_router] Transaction payload payload_hash=LpaH1RLG6OFGZhXFFsb9I36QigS1U2Pdzdy+pm8yUAjlGn5MBa5GwVAQnSZkKmy0X/P3TazEhRiWcnYNouDfvQ== processed in 492ms
[2026-08-24 09:13:24] [WARN] [api_router] Transaction payload payload_hash=jyqCm7UJK4OiWrfJetwHQlLZyTNW2s0RqOWfteX5y+qMC/l7KznQuRLJJJciOqe2cZGaGZCfFNwY19jlWeJoOg== processed in 497ms
[2026-08-24 07:48:43] [DEBUG] [api_router] Transaction payload payload_hash=8D7aCIxIBF5t+wBCFJWJMGnfAViWXYzR17KMR75CII6sd7SUhmDt887kIxeWmq0Aa6tfCUQMgZonC/hpbc6ing== processed in 29ms
[2026-08-24 03:53:09] [ERROR] [auth_service] Transaction payload payload_hash=I2ak+2iYITAayFl2pkWtlTxPCN9UgkWJXic3enm+Crssp06OGMsArNpLVPl/y2x9itJjveqzQd7puJU3BOZrSw== processed in 224ms
[2026-08-24 02:48:33] [WARN] [api_router] Transaction payload payload_hash=oxEA6+jHNQj7baLluri6LTvR5IFVdmJOWojK6TNs0Lgb20BqBKi4Zt78u/n8lCeJ7NG0UtFXHlPwX80ky362iQ== processed in 427ms
[2026-08-24 05:28:30] [DEBUG] [auth_service] Transaction payload payload_hash=TFNy8z2LtN53GdI/lrO4IYrQ1oDii6jCLJHHzogMW+uTiYYqZ/LiyAF+n0vdJQnMzH5i0uucq+QYulrDMvO50g== processed in 156ms
[2026-08-24 03:45:54] [DEBUG] [cache_layer] Transaction payload payload_hash=+BqKE5uOoWB4bvndipQ9xcXpJGdMQgMXHYCXh/IyzpGElrT9jH0PySnRYtFe3O4r0JikTBji6HOqGvxyQQ9jNQ== processed in 282ms
[2026-08-24 05:47:24] [ERROR] [api_router] Transaction payload payload_hash=8XRNZ1VVed2ejDR5UeXpffJ+2uG8HW4fDQ+S7FDVdKBdBYxgTk1zMxBlM7N9sx0gA+WW3LJWHqoqetgTYHj16A== processed in 86ms
[2026-08-24 05:13:06] [DEBUG] [db_pool] Transaction payload payload_hash=KleOY2UAf5ZjR8N4xQKGU7pyuA8xvD8EBpf5ihLM29sR5Wx5TNGCmVQEKXI4v0x6XlIuE1YXuUhIVUuz7BrQZg== processed in 5ms
[2026-08-24 09:49:46] [ERROR] [auth_service] Transaction payload payload_hash=Qw0kmWbxPPYCUVWvZJjN/2T+GEBYdIp5K7M1kKMtGjl94lqIim7xZ7KzS8aPOOSOXM4Y/bhJB74cYhBCHYzvMw== processed in 364ms
[2026-08-24 05:23:29] [DEBUG] [payment_gateway] Transaction payload payload_hash=SLYl1fRj/nsedlBd93azSv5zBpppzeacJFRpjqAg/spMr+k3f8FL7rRHOBRH/5zPpFqClMsIgHy1wO1UAYu+vA== processed in 309ms
[2026-08-24 06:48:39] [DEBUG] [payment_gateway] Transaction payload payload_hash=iupo1BI1I8F7xt345lPEOdHNp1hX/hWeeo2Dej24T5x84l+j9ShCBzai/hSn0YLVYXIZcY6yDSUZwVt0muq1ZA== processed in 471ms
[2026-08-24 05:47:43] [INFO] [cache_layer] Transaction payload payload_hash=/JlSi1k47l6aNpu12xBwCIdk0Ck9/XdR4iOUtRD1u0IyptazR4eY1uOMgD3fXVkDusut9M7EsvJNB9qXm2UP+A== processed in 433ms
[2026-08-24 09:48:21] [DEBUG] [db_pool] Transaction payload payload_hash=cmRli3dlZbj2MHVawUzKlFxR0RxDOpTuOggtzc8us/dsH+01kkC0LCA2CJa1UAv1wPVgfsV0zLMv5QaWCd7fBw== processed in 343ms
[2026-08-24 10:44:33] [WARN] [auth_service] Transaction payload payload_hash=PxDN9T8DM9Z8NaSKmpaiuvKIpCtSU/ZwQt/mXcROelJhMtFSVE6Q4NNHFJ6/y3I85KZWljGqwsHSWQ2i1GK/5Q== processed in 253ms
[2026-08-24 07:43:52] [WARN] [db_pool] Transaction payload payload_hash=OLHpZQTx0zJOKrLbfQViyJ9O704EFT5cqBjM1i3MUzs2O2lAZa42OYSsuWYGJglVNDRkNaHxot1krFn6exPg4A== processed in 414ms
[2026-08-24 04:03:43] [DEBUG] [api_router] Transaction payload payload_hash=oO6jDjHT5VW2WutBUJphN07zQtcM0sFEsrh50mlaB2zsH4rJN+R9cGRoDzmukXj15RJSJ+hX0+6PG5ulytJwpg== processed in 351ms
[2026-08-24 04:56:44] [WARN] [api_router] Transaction payload payload_hash=WZYBQXIByV4Pl0SC/3nbNJbMdiwo41fVpWiL19IoOx0yBg2vU0+DsMEmZ07ORQziTRVlp+RG2msiNTyL5frx1w== processed in 445ms
[2026-08-24 10:14:49] [WARN] [auth_service] Transaction payload payload_hash=s0gVzfDtc7RQqJ5SwO1jhJHpvvtnDUsu0l17xzAQroWS9VuuEy522aV00kLk7lUooQp6p/KWOSiEa90b9YN5Ag== processed in 198ms
[2026-08-24 09:43:18] [WARN] [payment_gateway] Transaction payload payload_hash=JrPZh1jcLKwuP5HM1hZAfvPFAooryn0JD5ntzXgJf9QJzUIIyQpA43p3itsNY92cqf0Rer9m+OkZi3/KCLzbhQ== processed in 464ms
[2026-08-24 07:42:27] [DEBUG] [db_pool] Transaction payload payload_hash=M0FoW3WJpazY7qjrxL0M4H3RcHSuGseYc7M0D/k1eRVc6XiHa78eDwnhWV32tbLQn+1gKVSzmLuKVz2UN8AmCA== processed in 216ms
[2026-08-24 10:42:21] [ERROR] [payment_gateway] Transaction payload payload_hash=UsDh2wv3RTbNpRrZpLNjvJ4u4DmC9CNGYHhiFJvB4PtAw+rClo1cHVHnuVg/uYwVMHE7nqWQ6ksUqeIhDygf0Q== processed in 108ms
[2026-08-24 10:53:46] [DEBUG] [cache_layer] Transaction payload payload_hash=aifp7ukoZCopYKE6iBed+DNXjkTdnK9sbhw+HyocR3AoSLlbiPE0kw4mfEyPN48+LlHbkMcTmaMAqFvLdBE2JA== processed in 101ms
[2026-08-24 03:44:53] [WARN] [db_pool] Transaction payload payload_hash=r5hGd8diuXWKdTgP9mq/DdfOx/gLdBOQMsDFNEOAa2ZuoF5n23K9c9V2MEMBEAevr37L7D6KHF9EEpRI1aQZ9A== processed in 293ms
[2026-08-24 04:44:12] [ERROR] [auth_service] Transaction payload payload_hash=YIuAw3cvtumdZ4K3oGhjrSn+6MgEDMMssfHLBgrtR+cideEh4sVUtBE0F2E1q7ZQWBuw5rAdQsAeG+m5lHY5pA== processed in 302ms
[2026-08-24 06:29:23] [DEBUG] [payment_gateway] Transaction payload payload_hash=2k99BbVjmnVsC5c24uzervugNn+s/YOcTxsThmzGK5Xl52w047AzgVL/zGLJhqQR7xhj54ym/BXpU1GJXky90g== processed in 3ms
[2026-08-24 06:00:07] [INFO] [api_router] Transaction payload payload_hash=PwUDJr2k0hbADXKASrT8gmXOtFsY9KFf1GA72qlK0Mo5Zw3DakJ99wVPrfBSccW1e4ueK4QE28h6xrJOoeXQ4Q== processed in 426ms
[2026-08-24 02:22:03] [ERROR] [api_router] Transaction payload payload_hash=6wfvG9b+OHPa9SsWJ8Rvn5kuxMEgE58OwQh1dfCl8a/BdXZ35k3lfdxNV3BZ1RvRxsy0bJmBdvwr2VyRLcyrLQ== processed in 251ms
[2026-08-24 03:01:57] [DEBUG] [auth_service] Transaction payload payload_hash=byjojrvFCckM/M/wz5jJiIlW6Q+KyyMwPpjFnoIIQfNpliZiDGeA2lZvyJ92iX17nxap8Y1n0ove1EqKS7IhaQ== processed in 86ms
[2026-08-24 05:52:38] [WARN] [cache_layer] Transaction payload payload_hash=GaSh+1DIz3NzcqDByNqpaBNW4dYiy1RjQUeBXwu60O/MfCeg4ug25p/nssKXzgsvAvNv8Nd1Kh1GcygkVaVMEw== processed in 496ms
[2026-08-24 04:16:45] [ERROR] [payment_gateway] Transaction payload payload_hash=GFGUpEzLVkcPmZqqyx+fjUUUB0sCm35R5tbE/iu0MHNBa0Soa68s5BcxUeaOG0lgCsk2UlxAsNwuhCiC30MI7w== processed in 283ms
[2026-08-24 08:31:09] [INFO] [api_router] Transaction payload payload_hash=XbksUHAgx8+mYlr0B7h6zZmMrGYxt2VK+oOKYPhCHlh5ATSoS+Zb/kkZ8wiBzeEAP1V0yuyN04KBSgJUlEEEZA== processed in 326ms
[2026-08-24 02:25:14] [WARN] [auth_service] Transaction payload payload_hash=UD3SP6ZCz4wTMoSvRh4JwT/5sFVKw8CsEz9ubK4ltSGuVLjzb0uMj6CVCxx4EAPR/69iQQnbr2mDWuBD0/9PZg== processed in 265ms
[2026-08-24 03:11:59] [INFO] [payment_gateway] Transaction payload payload_hash=KcWtrJlvlWJwDebOXdhZXTHSZMbyUTe4RiUmFqvJwjM79gvW5dJgyK4JXlkeRYx+fSn7iUMRYYVPnmL0wZBAFg== processed in 337ms
[2026-08-24 10:34:12] [INFO] [db_pool] Transaction payload payload_hash=/1ZPbkTkG4ZmxNe0FXmMetC3oqLLByACPHsvPy/PS0OtFRPVYxbxVluikWOJgJx1uFMdcBsopfUlQCkQn5XD/A== processed in 412ms
[2026-08-24 07:10:46] [DEBUG] [db_pool] Transaction payload payload_hash=wGHNMzQFnNIQHHZerS61RWMu63NzOiUSaG5OAw0ntUUoz/zW3BAa2duHslfkoHrzIyL/omJWTBkgprv0aGRrJw== processed in 121ms
[2026-08-24 06:34:54] [ERROR] [cache_layer] Transaction payload payload_hash=eUA9BF5r3Ju15ys3Em9OVZeNHjeii9rQEzeAb1DVax0G3O63F65NMm9aN4rrGDtZhF66oRP6I0vwsWZMPtqBlw== processed in 422ms
[2026-08-24 11:06:04] [WARN] [api_router] Transaction payload payload_hash=NKjMQXy3//VslRdmY/ukUs8Tx66W9YABW35uAeVBVDDeXQ9bQi76daULvLiJbbCiHXF9DBjHTUmhBHSs5AOcMQ== processed in 417ms
[2026-08-24 07:18:49] [INFO] [payment_gateway] Transaction payload payload_hash=HU6PX/9jukVoIE543ywmEp6Zw5ZIlKLnN44JFFCxffZzq/nmSidqFVSuo3P9Q75xJN5AEGhE7BcYWRcDK/tqoQ== processed in 107ms
[2026-08-24 08:02:19] [ERROR] [api_router] Transaction payload payload_hash=5sqFxHuQxAfE3a6zdhMxeQ1Q9jcqj4dfbVeQJTO+IEGmyn05DkLGcSRjcjpCnM/Tq9clBF6PWYeJLJfPMATkHg== processed in 481ms
[2026-08-24 03:31:42] [DEBUG] [db_pool] Transaction payload payload_hash=KY1k2ds6rX9GBu8/9D67xfTUnf31pBoeCaFeX5bqLMQHGTYBHkovR7/ZePVlXW271Ov7bKl9Yb84a58TtU0C8w== processed in 28ms
[2026-08-24 05:45:15] [WARN] [api_router] Transaction payload payload_hash=i1M9citp7EXziunFgz2x8MINakMDJxQ/5GoHcYJYMhMyMJ188Rpzx49czsbal/0WrDE5v5pgOuEfzj/hx22z6g== processed in 130ms
[2026-08-24 03:24:10] [DEBUG] [payment_gateway] Transaction payload payload_hash=56D4fkHUcjghAh7s68gThBMpXJC124k81FtIqgdp+oWXlml+LasFJ4IlLgB7k+x73/vfvkXEFaMAnBEI16uA4w== processed in 466ms
[2026-08-24 10:23:20] [WARN] [api_router] Transaction payload payload_hash=/cKweM6IGIAo/Y5fgQBs7u+qyy4ad3V86JHnkq9C7i3uhSVDOyA5+ApTWhChIECmy6XKs00VnznOEiDU2CrQSg== processed in 298ms
[2026-08-24 06:09:58] [INFO] [payment_gateway] Transaction payload payload_hash=ASyEy9q5+KwJbzFEdTqGr9kyFPDaslo+zQw3kfcvqAvHw7V93qRz7LcYWcd6eyuEZgWEeBdH43/lJ72NL9YILA== processed in 179ms
[2026-08-24 03:13:35] [WARN] [auth_service] Transaction payload payload_hash=cQpXp+14JMV/jSO7ffpuP9K7PUrrSN4rsopmL+SHBZ+IC8a4hOlO3Aunl6Z1oHvzBlkU+HaehasNvkymqWWdPw== processed in 322ms
[2026-08-24 02:49:05] [DEBUG] [cache_layer] Transaction payload payload_hash=Q9LdELxWZM3FEd2+rpJZ3HpCVmEpVokUdoJTvALeu0X2mnmMd5iT0+GcRr7euhW5EZapZxHXzwcFGQNahbfMuw== processed in 11ms
[2026-08-24 02:29:59] [WARN] [cache_layer] Transaction payload payload_hash=X3KRkJXpW5wGC3xM2qDdboAMVp9ejrxZqRX1OFphcXFWs959T0XBLWBdXdufcXlEXz1ZLC4yhc8OD8yCqjwg6g== processed in 35ms
[2026-08-24 03:44:07] [DEBUG] [cache_layer] Transaction payload payload_hash=qUTtHHjlwh0+HI9dN4M34FZVOfqNfKzXHPDCYl6daHNZ6rr8qKaAAyPPKXM67XBvJ8qoFtVvpVNj4tz6qpk7hQ== processed in 52ms
[2026-08-24 10:08:57] [WARN] [db_pool] Transaction payload payload_hash=A95iYuUbHb07mNdjQtpR//V4PW8AUWWIhFhbQRKxNhrDyHO00oYBPNQV+3giw+gbv9Yk7kpXHvoI9gIA2HHUtA== processed in 259ms
[2026-08-24 09:18:58] [ERROR] [payment_gateway] Transaction payload payload_hash=s59Ivuw17Mqlc1tumjAawyQ5oJJR+1dPKqLuryyfaproUWg5S2F3x07fq+GXsk7hsdeckA6KzieEZohBcfU7/A== processed in 63ms
[2026-08-24 06:25:06] [DEBUG] [payment_gateway] Transaction payload payload_hash=IudiH2R9GH9hRy0+aYWD2y6uNgiBZQvKH1eYfNsdFnboi5AvwxzzXVqMpr/MCmfX6EMWrFMQdFZBUrWRbQS+dA== processed in 423ms
[2026-08-24 06:51:47] [INFO] [cache_layer] Transaction payload payload_hash=oFQ+3+Xy5IH28jJKmTy6IHlMJHit2TCC4iIYJtH4U8h7ncRRHu0C8H3KrjWzj7hSJf0GDtDWFM8KNx+dasTr4w== processed in 347ms
[2026-08-24 09:03:01] [DEBUG] [payment_gateway] Transaction payload payload_hash=HN6I5E7OGlnZfVBg9Wag2tNV0UVnacX/mpV7JWB69Kn3iBk49wajg7SJlPZjTX+WbnCAjkHFxVHFtlRZn+1dhQ== processed in 84ms
[2026-08-24 06:46:46] [INFO] [api_router] Transaction payload payload_hash=HaYZGQyqjNI7b9yP3XgRc320w8SWVy8WmK4niKz+9tUMLJtRx/bq+yXpJjqxbP7FKF2cgJq9InOjk9ayIbmQcw== processed in 142ms
[2026-08-24 10:22:47] [ERROR] [payment_gateway] Transaction payload payload_hash=MFfxbcy0VEPYjdWP9jNIWZA77APITuGYH4PWQ/mhEXOFk5J0m1OK+JMkdQddfNhGNmwFLd0QJSOwTX8qDdWcQg== processed in 43ms
[2026-08-24 10:22:54] [INFO] [auth_service] Transaction payload payload_hash=ZUuPcAUSssrvYrx+R+He32GxhL5LEVVMqDTmY424PJU8l0eX8vi8jdNGxleW/XecVX4b1uxG5r16fLVP0gSxHw== processed in 123ms
[2026-08-24 04:02:38] [WARN] [auth_service] Transaction payload payload_hash=Tk80Md3MgO+yv+DjYzeIP0J81TSIqrDRSSfsE0/b8gnSLFfU+XB/WAtumZoxpRChD+JMcMsYQNopYCeQsCmsbw== processed in 112ms
[2026-08-24 09:21:06] [ERROR] [api_router] Transaction payload payload_hash=8goY9qOYgGYzTue86nPO37annuJ3WM6XSnn8NF1sodrQA776zUxTDmDFN2IHP9N8+P5hNjRaXN6Wjl5UYtQrSA== processed in 374ms
[2026-08-24 08:42:11] [INFO] [api_router] Transaction payload payload_hash=+iOYc6clp9Rf/la8x9Et5nZMbHx+TPbMSuSdeN0MPiEZWGHBjHBuQTImbDS3vXPjfyN/oLIdii4fSx1eShy7Hw== processed in 406ms
[2026-08-24 09:08:46] [ERROR] [api_router] Transaction payload payload_hash=Tq3KHuZLZLegak2kUzmFgCr9jyLorwoLRqP310ty13AYoZexWz2/SjyQM1pOiPjBcJf1xEEbjOPuXPgAHNvMeA== processed in 65ms
[2026-08-24 08:57:14] [DEBUG] [payment_gateway] Transaction payload payload_hash=68zXdkAugdIg8nK7iw3eeKB4E3ufpMT4RLL3t4nYfYZp2Gl/M3S0RJIQ7I81cF/I2Ky1Y+L4FTWd0Bu5/9MbKQ== processed in 295ms
[2026-08-24 11:06:09] [WARN] [payment_gateway] Transaction payload payload_hash=562nwnexgtJ16JmRh8sSNlrweyn34hPgVSPhBBFIgJiVUZJwJcv2jpqsmr2xY00Xw67ClIu980tqyiJel9QNnA== processed in 308ms
[2026-08-24 06:30:40] [WARN] [api_router] Transaction payload payload_hash=xXZ6E6gc58+BVXDbt/TL7NWqANuQ0QSlp20ylPcewj2bUwM5YCLMUqxb51myfo9bJdiy/2wfkEbkgEvahE4+yA== processed in 177ms
[2026-08-24 05:23:09] [INFO] [cache_layer] Transaction payload payload_hash=u0pmSE4KxHCYyWtM+/QfpEjSMwYHkXPpFy8g6vC2v+1dQX6JpoFsi7b+aVb4L053p973lyiiKu2eVdxKCOY4gw== processed in 489ms
[2026-08-24 03:13:10] [DEBUG] [api_router] Transaction payload payload_hash=+CU0WIk2MavlwBXQv3/2N9zBnnxP7IXWqQeoH5nbvxwHk43oTOnr+pxQrqe32PyrVGd/Yg2iw+LUmBMexoFXjQ== processed in 93ms
[2026-08-24 08:46:28] [INFO] [payment_gateway] Transaction payload payload_hash=DfjCir4mNNSA+yCC3MuWXK4OkeQbSIuGrZh5ViMrWghIZTdTOUqZjrPZPgjTtBaFWpoQKLgA64POajW9W5E4QQ== processed in 405ms
[2026-08-24 03:33:09] [DEBUG] [cache_layer] Transaction payload payload_hash=GPS8g8JXkm30+eebdBgpwlHkxXfQfpt1LM1/VyOp1iT6xeG7iaVaU0TkdoUgPMQi1wR3SnFkeSK3ujDXimV/Bw== processed in 432ms
[2026-08-24 04:01:59] [ERROR] [api_router] Transaction payload payload_hash=vTWXofcGmhQI7d9DYAQ9RgGOJoU/BVDfQI+krfSAuIwGLs+UXie6sz1SNB2X/3sK97N8IHRjU7Um54MHxv416A== processed in 173ms
[2026-08-24 09:43:04] [ERROR] [api_router] Transaction payload payload_hash=lt6/ZgnQ4tfW3Sl4SbwQchLwbBkY32ngf3/S2+zADVFAZxrm1fRF6p/OO80DZw86UH1hPCq8GdGJsYI2L1TItQ== processed in 320ms
[2026-08-24 10:09:05] [DEBUG] [cache_layer] Transaction payload payload_hash=wVwVPDqUgMncGMD61SfLbHT7TBrOxsgQUUDVcZwwFNXEn6ELtDdrIp3p/sI63AOQd9X50XghLB9k5S5nEG9WKQ== processed in 445ms
[2026-08-24 11:08:36] [ERROR] [cache_layer] Transaction payload payload_hash=0fSH+3clzTsPOomgk+62E7xrKhKAJi2m3NgnRilPmffXDADu5E3bGLQSsqun9JvySzU251nizmG6M7XZkDcSJg== processed in 256ms
[2026-08-24 08:53:46] [INFO] [cache_layer] Transaction payload payload_hash=deJQMs5On4DuQj9guSCZMmnOUS9u7GzIh5qthOF10uFef9VTUsEu0xcc3xHByR7XbrcHLOoKu5UUuiJ6DL3scw== processed in 416ms
[2026-08-24 09:27:53] [INFO] [db_pool] Transaction payload payload_hash=Gc1L1Iat8xHjZNg31/MVFqjm4a2OBDI+Hbe+jAgjDfzyVJfD79x1tVoY5Dy6qVeEc9biNWGzH+C3MgKwll0Frw== processed in 299ms
[2026-08-24 03:09:05] [WARN] [api_router] Transaction payload payload_hash=fdMh1kjhe0ger3gASdCsObC/gRFnRhJ52fm40nm6zAE3cGHmftSpUnpB1nuReewpQBVljL0HUhjrY+Q3WWnRIA== processed in 439ms
[2026-08-24 05:42:50] [WARN] [cache_layer] Transaction payload payload_hash=Rqn3puR2TrdmAKWAEs+dIYrgaL1hIBpM3Un3yhpL0sK+OA5HUo30abkRb1gF9DjSQu2LedJZ/Wjp8H600COP1A== processed in 188ms
[2026-08-24 08:19:49] [INFO] [db_pool] Transaction payload payload_hash=ETdQcZzC3I9dKwQVenljh2OSGdqQRuymu1zVZoIC9OIdpLjQdD122BhQtSo5JK9t22GLYbl3pZAY047jCpV4fg== processed in 54ms
[2026-08-24 06:40:51] [ERROR] [cache_layer] Transaction payload payload_hash=mMk39ksYA2Fwj93m9me1Wbx/N/+tHS7rjYEoyEb84FqzmJ1XwVvOBU/NVwq2e1OxL1Z8HNx4pb/JGU5kFmfLGA== processed in 149ms
[2026-08-24 06:46:50] [ERROR] [payment_gateway] Transaction payload payload_hash=VUYby99n0LUfVkbOirxdcfKUP7PyJ+BHAhkc1XZUQHvKOvKcfTgsLFBf7dDWDP2XIxdqd3HjYkcyK69mSpUAhg== processed in 256ms
[2026-08-24 06:24:32] [ERROR] [api_router] Transaction payload payload_hash=GzqY2gMQD6bBVLjBGudHSmo1oSytnUq7UetBmki4pYhv45KS/bOVN4PdUyRnAyvZ/qOvn4mHFwPb5eLq0zxBFA== processed in 185ms
[2026-08-24 08:57:19] [INFO] [auth_service] Transaction payload payload_hash=dxmR+JFpjXUZ1COH4tPnsXsM4Iwr24FutpEHvVs9niaYNO0mTt30ZgU97JjrLBTDn4H0HRVpaKQFev35MDgQIw== processed in 343ms
[2026-08-24 06:44:08] [ERROR] [payment_gateway] Transaction payload payload_hash=NrG2HYOxNcom1MUGDqX62hiWe8X4g4BPSonrtVpAVMMeCPs5joxVUge8BqITYMQmDOo2dNVmex805HI97iv1UA== processed in 316ms
[2026-08-24 03:27:30] [WARN] [cache_layer] Transaction payload payload_hash=Rw1z2v/D9pufkgNocELHkXsCtEdHNKLvhpNzzqd+Eyitg6wZozDGWdC78ub2XOQP+aHOjAoa5zsrW43BOT+z3Q== processed in 310ms
[2026-08-24 06:28:04] [INFO] [payment_gateway] Transaction payload payload_hash=2fREEia3mqrg1oceVs8lRU0/+Fwywzk4ydcS8Cw7aYlEiAWDa4BOUeEaE8hemf1i5cxCpxOJqwPYgOVE31SU2g== processed in 298ms
[2026-08-24 10:11:17] [WARN] [cache_layer] Transaction payload payload_hash=i1t2sWqvykWScLuEDjFwZSJydrZoF+8icR4n12ixKBnCbiBuvGklVqbG5dXSJo4bB4IYc8Vk9Av9bzf7p6wYzg== processed in 314ms
[2026-08-24 03:18:59] [WARN] [cache_layer] Transaction payload payload_hash=7leBV1ChWWpkGJtFYalwcpAc4oJNe7YC/kpSuOKBE0QGYtPV/MapS8tm1wNvFXeluYRJK7NY6xlFLbQhb76yPw== processed in 232ms
[2026-08-24 09:54:49] [WARN] [auth_service] Transaction payload payload_hash=jXlssT7KwB0j1C3kYqU5h1XRwS+zVR7E8nSzGoqLpdyun1ggtR1zwIZ16yPcklvzeDCHFEbgKA/9EQHGIQZrFA== processed in 223ms
[2026-08-24 03:59:32] [WARN] [payment_gateway] Transaction payload payload_hash=TnvqX7LFBp61u6XE+iO1Bd7fdjSW7JWKyK1vd6Qkj1CaYIKntIN1MHCMX82f+3WDjEnMXlc8GPHWp3PCBml1ZA== processed in 275ms
[2026-08-24 06:09:04] [WARN] [cache_layer] Transaction payload payload_hash=RNWCOMI9ZlNisZm0cU99cEX6fjQPN9rYFw+ZyRGOzsKs5AEUCS3Qgq+M6q5H7bTrkmVvlB2KEiOPc1C9s4t/LA== processed in 359ms
[2026-08-24 08:33:44] [INFO] [cache_layer] Transaction payload payload_hash=JgL8Aeg2bag00vc2nIhJgS5uo3qOYZ+5Q2zJ9SyHc9AOXVsFjLBhDlIv6uuUZjCvh5ijszbBQkGnDSMej75DlQ== processed in 248ms
[2026-08-24 04:42:49] [WARN] [auth_service] Transaction payload payload_hash=93+u3FpGJHnQsSIR0Hsq40iXxRoTWGOXOtO9/SXiQcNpRQ95JlGZZ3dvSBEfNytBF65pY2UyIBAz0n11E7xOoA== processed in 347ms
[2026-08-24 05:08:38] [ERROR] [api_router] Transaction payload payload_hash=EmgOgXr9HQt+YIJCuvCS9ftyhINwnNccqRgov3nxAyCevkRo5VK4vJ1sDQvXD4x06HsBUzOsP8AID3QphwN6Aw== processed in 266ms
[2026-08-24 06:53:37] [ERROR] [cache_layer] Transaction payload payload_hash=dLZMKG7oSV1FEbCbOi48HUkbDDIkCqeSpai7w0hgIi7OC64Kx6fIvet34zcPTVmyDPgmI1yQtU3p3fna4zvIog== processed in 53ms
[2026-08-24 02:40:53] [INFO] [api_router] Transaction payload payload_hash=9KuPDirpSwGt1NRhXnQwU7LG7bKaG56UMPl/++yeW1DylXl8BTJDaVzCaoI1UiBV2N36iCOotFERoB7jPEjjWw== processed in 407ms
[2026-08-24 04:50:52] [INFO] [db_pool] Transaction payload payload_hash=phd/eqkinHPagNgS5TnxTvKW5b4pLmKOaGjbchT0GIndAPk6WQK6wtQieoZNVbyBy8wJ0VSuRRfFiLLhUfLxfQ== processed in 15ms
[2026-08-24 06:08:14] [ERROR] [cache_layer] Transaction payload payload_hash=E9IdVtJEQQzLgZFxdNdd9kgMU9mQiSE9F7awbRgeMN05K3eRUZy5orXqvsLdpI6bQjME9n641PY0FAC+Rbw0iw== processed in 54ms
[2026-08-24 11:17:39] [WARN] [db_pool] Transaction payload payload_hash=BbDZixB9vCgeCEStA9i4MQWmVe5gTbdhybs5URXBVr4jBO2hrxNsCW/N6b2kouzsUBCnxh454Md/uN9zDSNXpw== processed in 255ms
[2026-08-24 07:25:19] [ERROR] [db_pool] Transaction payload payload_hash=5bigia2wYsD3vyYj4RG3/0x0gz99G7gOKoaZp23FZr2DCt/h4k24glE+Wr1CmYmXCMsfTfH9SUKudMGpNpgidA== processed in 483ms
[2026-08-24 02:49:00] [INFO] [payment_gateway] Transaction payload payload_hash=6fg+AddS+fGVNmPYEzof/OaZR/yWK4nbdD/jweSWbklJzKscSdr/2jQulvoydxgo++gBWzavnB7zMlL8Rh/0EA== processed in 229ms
[2026-08-24 05:11:00] [INFO] [cache_layer] Transaction payload payload_hash=SAzVGzzN/cQj8p3mdcqP7NMUyo/V7Y5wSA7cHGTknLebXl3M2SGhEmz/keFcJzTXKdgqmLSXH3s7KXEXuNpn0g== processed in 185ms
[2026-08-24 03:46:21] [INFO] [api_router] Transaction payload payload_hash=V4nK8isN0SzceCHh/xKtd3ifc6YtHDAyaAMlWd8kSr0vcLk2PhJBCtgdHRKtcDDzSR9555MIJaGFD2insjwUtA== processed in 323ms
[2026-08-24 08:21:08] [INFO] [payment_gateway] Transaction payload payload_hash=W/qo/gxabH+fI4UJJ20fiaPJnhfipN/T8JfHG+PF7wKdLYcudVe6FtCHevjh4qZ37xnGCb1ecD1Pq0uVgQy57Q== processed in 72ms
[2026-08-24 03:22:35] [INFO] [payment_gateway] Transaction payload payload_hash=euSIBx0SFt34L7X0loUxvBcE6nAwD9VHnHhs/VvTbM72u4BQGSffyVvx+qcCnoUPU1S2xd47e/vvGw5IEHo+nQ== processed in 455ms
[2026-08-24 06:10:36] [WARN] [db_pool] Transaction payload payload_hash=vycfwyjzt2AYJYmKrqbNKfIKzlnOT+H68FAlMUWka+EOBti/HT5O963eP2eRWDvBiZu92Ctpj2MAE7llpeKWDA== processed in 264ms
[2026-08-24 04:40:01] [INFO] [cache_layer] Transaction payload payload_hash=umpcDT3aYDMtvaXzZyzYtcrmQEHsN38B0QmdnlRkUD9bM0cjVXJiZ8XD3Sc0N92WtKxLJopX3lNmWPybcQFGHg== processed in 408ms
[2026-08-24 02:28:05] [WARN] [payment_gateway] Transaction payload payload_hash=lS+z+dKmrqJOoBFFBPmn63MZK6xhIyUfxf+6XckaSMC/klGgcWAfWZIRCQtEnjhl4scDabq11/X/XrwjSGBG1A== processed in 122ms
[2026-08-24 03:58:54] [WARN] [cache_layer] Transaction payload payload_hash=pt4Y89owIAZmlC2O1sW036U1vYFR32XRQt5khyaBKZCqmVOXsPAQcSK4TuuWp1wzWS8xSJ6q8o1cjl8Z27Kr/Q== processed in 359ms
[2026-08-24 09:17:06] [INFO] [auth_service] Transaction payload payload_hash=HtemwwNhHBXLgfid88CFKbJuX2iVA63tP9mK4v/VIOqIBIdkc7qFuHmF+PF1fVeNSebZYetUJOAQGLt34V+3DQ== processed in 443ms
[2026-08-24 03:40:56] [INFO] [api_router] Transaction payload payload_hash=RWbZOgCZ/dSI2O3YrEFNpIlYJOuWYTJAg7MsmeLChIlohd+Ff69nECZNVGmyvRdM2HAuARo0+IOk/A8Zp6Vlvg== processed in 202ms
[2026-08-24 10:55:48] [DEBUG] [cache_layer] Transaction payload payload_hash=M+lSoCIHFkdI+qbZK0MaqQIjGUKkXrL7zaZmxIA6glX2G4+B0FXGNUZPqtbcf19CBYOb+6BQ2jVvA9hXDnoLsg== processed in 72ms
[2026-08-24 02:27:59] [INFO] [api_router] Transaction payload payload_hash=D0FNz82g+BdB9Nkd+/xXgc4+hxljsHCjc5zYihno4pNBxzufOnSOWYFBgMuJVCodYH9WiL/mYDlYLMYGcNobJQ== processed in 72ms
[2026-08-24 10:02:33] [ERROR] [cache_layer] Transaction payload payload_hash=CVO5aZXOYM9TXHnt8CjbqmSbl1yqnScomaDxM6mH8Llsw2K0kFQKfJqRvsjcTGR/+R+FwY52E31nz9ws8KE6eg== processed in 362ms
[2026-08-24 08:49:22] [DEBUG] [db_pool] Transaction payload payload_hash=BJsm+GbmnMFT9snbNbUXNk3RMZo+6/AHcNmXM8v0lEyaXRs8OJmm4SZDmaDMDSslNDT7ABIHDwlsOEfqokJ3Wg== processed in 291ms
[2026-08-24 02:48:44] [ERROR] [cache_layer] Transaction payload payload_hash=l6lj746rCutEGy1tlzxJyA9NwzxicdaJDLQ/gaMwYAXie2espKq7DMrqseyBdTlYVFmHzg2y2cFhZkgqxrtOXQ== processed in 38ms
[2026-08-24 06:31:51] [INFO] [cache_layer] Transaction payload payload_hash=XvcjNWnevO1SKwwQEW19FYXOeSBvRDlPqM60ydjj0GBXX3zNlPm0cPTBD/2iCIVhUR+sR/kHc7r4nn4Oz5JJ5g== processed in 159ms
[2026-08-24 04:50:24] [DEBUG] [db_pool] Transaction payload payload_hash=jr9z4ReSDLFVHZwo/ddakWjwEF67EMmesNyMM0Q9f8aCzqqDw/nYxiqFxBz5UdehqzbLY1ipVgp2ajPgUZUsuA== processed in 200ms
[2026-08-24 07:02:32] [DEBUG] [auth_service] Transaction payload payload_hash=DMN9neEI4Lw7hHOZUjVPcYWUTnf83oiZkzCo+B06jC8bYabibKj+IGY83hv00OG/tRkQWf2q7VGPnSbmJBNrGg== processed in 264ms
[2026-08-24 09:37:30] [DEBUG] [cache_layer] Transaction payload payload_hash=MDVovKLmTGWRygRM05WSZKiwMtMc1o61NMKEq+5oDUnkwkDxjGTMckhfe9dxLd1vkXwWgJROCO6VUwij+8dGMA== processed in 216ms
[2026-08-24 07:05:16] [DEBUG] [payment_gateway] Transaction payload payload_hash=L8t43cDeV8+/RbzlQQxjK9v7B44ETtwvJr3kb5UDx4ww4mCoIpYNKwhWVsXgAVmhaMLU+UHyDbnOSnZkV6jmUQ== processed in 112ms
[2026-08-24 11:15:37] [DEBUG] [payment_gateway] Transaction payload payload_hash=iACYr3rUS0VDO4GGTgbwznuGrryHYqoT0H1275Lz1UjsHpm819lj4TwW1xBHl7UonXqTLuhdsewQv/K+h70mIA== processed in 217ms
[2026-08-24 05:44:26] [WARN] [auth_service] Transaction payload payload_hash=vUVSS/80ufdnObuN/gFQtnZYfo44YSUVZrkBVCpI9cQGkeY8VoK9XIfaaKOx23w10y0QNwN7I0BkhNvpAjOiWg== processed in 129ms
[2026-08-24 02:41:10] [ERROR] [auth_service] Transaction payload payload_hash=kSJBI9B9uokdwdGKkQ6v1jqZnZLORYj2GwqiVViwI4iakvKC9BkrNxEgVTPky/Xek5WHZlKAL8zmFjPyl5F7mA== processed in 335ms
[2026-08-24 07:19:35] [DEBUG] [cache_layer] Transaction payload payload_hash=cJCXgJXbDZahGY0EzyFd9tkhvbDPB6Y6IAl7iHCtPU/C811CaJ1yQUKDPnDSzzCdfzQ9ICpv1caLJ06iB3+8JA== processed in 395ms
[2026-08-24 06:14:43] [DEBUG] [cache_layer] Transaction payload payload_hash=UhTY1x57vQnKLN0cVALTFfgTHBqG8smaFdy9JS1kk4uP/bdSqY8l6CbsH6kLEdKXeXPwvXsWkeVaTvcsTpf8oA== processed in 99ms
[2026-08-24 08:43:25] [DEBUG] [cache_layer] Transaction payload payload_hash=kizyPhQSdHMNMUpk+O1B+zU9m0GCMwgRertIr55fWWP4F7Rha3OLmvPuVvPxOnZSKhoY23mDCzVECu67SGH7PQ== processed in 342ms
[2026-08-24 02:46:28] [ERROR] [auth_service] Transaction payload payload_hash=8kSBwMfK8lKKYxvN4ZnOotvFRDLKOJJZeB/sytdhnQBIcaZABCkraDx4A6rwZFfdfkWF4nN33CZdoE+7+0mp+w== processed in 258ms
[2026-08-24 04:41:31] [INFO] [api_router] Transaction payload payload_hash=fiSQpJ8XNADEF8hOrXG3bqXpn2AOzlDYYSfxvDNWmuyxsCdhJ8/YNfaJcEiNlka25DebcPAw/7kcHJopezypbw== processed in 228ms
[2026-08-24 07:25:43] [ERROR] [cache_layer] Transaction payload payload_hash=cHKu6qY7r6Cj9qrFxvMQ5YEJxcR5AscXtF5Xgng0iGQEqUSpdubK5hf22pAvCyCcgdEeLPa1bnjPORwaQZMgSg== processed in 214ms
[2026-08-24 05:51:47] [ERROR] [cache_layer] Transaction payload payload_hash=swL+QVIuc33M/U3wxiyI6xH5csWu5MpnTtcbu716W8KYZTqjLEoY3T+C+0yHPBGNOsLCwsGU2opywFCA4XvmHQ== processed in 294ms
[2026-08-24 02:22:39] [WARN] [api_router] Transaction payload payload_hash=N0hK0JeMwTxRJXQBikH+bUz49lWLkLfxXCCN8V3/d+CPmRdMVe2jfKz05TMI24y5xHXjvRxriNYN18EeScK7Rg== processed in 131ms
[2026-08-24 04:27:56] [ERROR] [db_pool] Transaction payload payload_hash=cTqQ7Aska1k1cQ1zkoXJ4/IknYvVoiM5c2xQ/JX1Inq5vdOw2yKJ5o12jnlyHNHLK904qSsivMBB/Dmq0arrNQ== processed in 92ms
[2026-08-24 06:15:06] [WARN] [db_pool] Transaction payload payload_hash=BA/2SAsIltZYDHHdBI325wXe4bJLJJXfKWF+d6DYGLODK/1Lp1FVlzwftEZOqxWyWOSL8U0K8epiy1iIZ3ZSCQ== processed in 330ms
[2026-08-24 06:49:52] [DEBUG] [api_router] Transaction payload payload_hash=nsF8WjMsuRqsezT9x5TsRHRcxUlZrYE2VcyeHm/TXmPhIIATLzmlfCS92SfmlIMy/mAPhYH+lXyvYPuCii0+4w== processed in 23ms
[2026-08-24 10:59:41] [DEBUG] [api_router] Transaction payload payload_hash=MI9kSL5gjl+Ld8Alp9oQm6ptKMAcHnHgSkkn3Tc7qxtkQCEjt8dva4Ojswe6JtA1Ub+I+/wL4liy4d0iuimeOw== processed in 107ms
[2026-08-24 04:05:46] [DEBUG] [db_pool] Transaction payload payload_hash=5XW7doZHvtKPU0kQ7Mezp8sRHncvh4RLOmqWT7b2ITvU+9I7EVCaM+eW0sL6n2zStVeoDFqAqiEcvtSab7ItRQ== processed in 30ms
[2026-08-24 10:18:14] [WARN] [auth_service] Transaction payload payload_hash=atUdf6akKDrX2eQ5419kwXtyfGCjkAWDdSHtR3ZZX3Bx2Dz6NyH1LXIkiR0WkXnBcyxhL6u4TCXnpeKvwsJWUw== processed in 480ms
[2026-08-24 06:52:45] [INFO] [payment_gateway] Transaction payload payload_hash=ZjLBN6vHfuKlks92t1jHIrqdDpJMUfDomjgNyytCg/qkjYfYIKNnXVn80Xlgfw1KTHt3ojqhkuYwrn8CtvoMFA== processed in 227ms
[2026-08-24 08:17:56] [INFO] [auth_service] Transaction payload payload_hash=Iohx+oX1+3cA+VrqW51v2fSj9xd2slsztW+WZbspMU76woxRDryQ1irMtd/UUyjHzC+yjui76AAfvOjj42iPsw== processed in 22ms
[2026-08-24 07:57:05] [WARN] [db_pool] Transaction payload payload_hash=LZmNDRlmad+bI6xn6fsHjG6oE9wxV0aMOvlKySteVtQE7wFQTFOwgjFUvULzaLLJ6c07XVZFxuuc7R3P8w5xiA== processed in 126ms
[2026-08-24 10:23:10] [WARN] [api_router] Transaction payload payload_hash=vRbxI2cgXM2d1OSlo6c2QF4BLWgv8J3Pb3xFfGj/8M+n1p1buyS1WNMOWHz7hpp+mY6u8O3qTf5/JgAM5T2dKQ== processed in 178ms
[2026-08-24 09:12:05] [ERROR] [payment_gateway] Transaction payload payload_hash=LyUmC5irq56wshPESITXjbmoZhO5Jvv6Y90Q805FEsEJn8UyFAnKKMInG7HRrtbEcXVAPYJMnkfWVPMYdlShmA== processed in 242ms
[2026-08-24 05:43:31] [INFO] [cache_layer] Transaction payload payload_hash=+A0a1o2DjfwZkJy2/lP9Y6r9KwcqOmmeYF/7bZYrLFkdrus+g3bFhA9PXmoyJFWDEz6phkvYfrqDRIIRP1tJRA== processed in 265ms
[2026-08-24 04:40:23] [INFO] [auth_service] Transaction payload payload_hash=km45CCtnPy2yg/WpY8EjpW3KB6gFyVp+m6x7u4C5dFS69KPo4+uHhUuqle9E0yEdNKVEozI7+1C4gmn3sI2B3g== processed in 399ms
[2026-08-24 02:56:29] [WARN] [auth_service] Transaction payload payload_hash=R+N6cgC3NjhSSBXTNYQXJt/RzPbZGm9F/rdz6bPjwFGdgcoSDaYzhGHkOIFbmNHgdaMiFhu8KkmkAG5BgUS31Q== processed in 45ms
[2026-08-24 09:29:31] [WARN] [api_router] Transaction payload payload_hash=coyXlQgbxFzFRR/bhS9INK2HdTcKB+apPrNVpiCsenIykAVRzOpy734uerj3mlPmnqKKBW5ptPaNP3oxpIvOYg== processed in 237ms
[2026-08-24 05:32:38] [DEBUG] [api_router] Transaction payload payload_hash=akEyrMFpiRH+rzc3Yo6S/B7rpRcNBlY7ManOBGWsMSQwVmwFaJyUbgyblMOu4sKziKndSfOKQ/Hgn70alsQspQ== processed in 368ms
[2026-08-24 08:02:48] [DEBUG] [payment_gateway] Transaction payload payload_hash=PSdTHioWqLsLND0cSPaF2CVnmyt8K3piInZTndchSW05YSIhCNXdQzE80oSdHszZrKwNJ3LXHvvMMd+IvfwnMg== processed in 291ms
[2026-08-24 10:13:30] [WARN] [api_router] Transaction payload payload_hash=xTj9hRqipSvT3yP+65emEPI2Ffrx+OWujVL0Nip+135vrP+Dxtqs/8RwjeyZ6M2GG7VT8f2S0/KMBsSJMNRinQ== processed in 82ms
[2026-08-24 04:13:09] [DEBUG] [auth_service] Transaction payload payload_hash=BlUDbuej7XJ9K22WajkyGBCRTWmhc6gIbVqdzlXUTaLfQIOBUKZThFYbKy75KI3RM2mK4yWNsz1P1bgkdUqdeg== processed in 151ms
[2026-08-24 10:51:49] [DEBUG] [payment_gateway] Transaction payload payload_hash=E/YVnxWsg+7idiU3Bgt79vmocqXmPyFMgf4D32Igu0HBMG5RGa3/v/1eXfvHFesZRCmyGKKHnhX+Hs6reQ87HA== processed in 497ms
[2026-08-24 08:47:23] [ERROR] [db_pool] Transaction payload payload_hash=CVLjBXhn4pbxX2rLDCLt6kf0FVHgOJ4GAX9JwGehiT7zdG3ipR6lUFxn+av7Fy0dGnmMGqUQ8iwg0EymO4f1cg== processed in 73ms
[2026-08-24 09:42:23] [WARN] [api_router] Transaction payload payload_hash=SbfA5pmdJaFTH+3T4CLd5F/hj6Hx9sAxQZIQrJhNHe3KTkgUtHE2ZJwE2Uaog6wxirI9FVGZZUcGJQpLGFx3QA== processed in 271ms
[2026-08-24 07:29:55] [ERROR] [auth_service] Transaction payload payload_hash=wQ3DYtVsxbAsXRI+mxwKmjUx5lRBkTw/GuMlW70a2z+Upi2u2dYM5+VK4hlMsEbiCEdNmbIxfQSKHqrOuRER1Q== processed in 95ms
[2026-08-24 08:59:21] [WARN] [api_router] Transaction payload payload_hash=G18gqEZSosNP/jUy2nrCFE5dEBbeG4+wTu9z9simLrzuc7WlSDtsh+TR+j9aoukEeI72lRFiMcODhfRwhDAEEg== processed in 363ms
[2026-08-24 06:16:54] [DEBUG] [auth_service] Transaction payload payload_hash=haf4hesCmbZtoISNgStw9P0JfVqJIIcL6higYTCTaMGDZkyrKRqk2aaL6nsbZQlQlG7YqlBi+akk72tnI/XzMA== processed in 241ms
[2026-08-24 05:58:10] [ERROR] [cache_layer] Transaction payload payload_hash=08jkEPkZUMw57WVIThLyQWFwybKcAg5i/AvC+f/LSF3fKauu4MZsf91twnkV/FcpoN+awYpS2Fp/MC9bqTZyFA== processed in 122ms
[2026-08-24 03:28:19] [WARN] [cache_layer] Transaction payload payload_hash=NhvO3wrnPo7afEjxUbDi6LigNRjy+DwEvw+Vq7F2QC7ynC1ZErxvnh+dAgh/bRB0I6NThv9aaXagFB6jmWxgSg== processed in 243ms
[2026-08-24 04:19:38] [WARN] [auth_service] Transaction payload payload_hash=YHhuLYTFlfHIDYmrR7oLlw1rbBfA8QRuBuWXqFfnPBGhVYQjzukRPq/dLh+AhSGPdJzE9n4pbjxav3VMuavB+g== processed in 78ms
[2026-08-24 10:00:25] [INFO] [payment_gateway] Transaction payload payload_hash=pWqtOZGfUc1XqG54tBajYKuk/JLfM1gSKRSpWSrdnFekyC+sZ5bzCpbgijyTrt2ho6/nyM4AgBFdztnZsIjZMA== processed in 435ms
[2026-08-24 03:01:17] [WARN] [payment_gateway] Transaction payload payload_hash=xuvKiiJDqfmeReYJPw8xbTK+V5vU2KQR6rRDLAbALxbo1OMVn62Xq5SWtqqLeIyLGr10blQqPBp/nHC4DJfidQ== processed in 321ms
[2026-08-24 10:24:06] [INFO] [auth_service] Transaction payload payload_hash=3YvoLdZFvDhW+jsMp6FE9d+m54vMzZnYzdpbmle7g2L9dDNh90jsf0O56r8PT/H3E90TtMZ2+8L78F3LGXbhqA== processed in 294ms
[2026-08-24 06:07:28] [DEBUG] [auth_service] Transaction payload payload_hash=ErAztAKVENQidgllV1rcA3+R2Ib9nchMtqmYtDaLZg8AeN0ea8OnPsTy80B8mXVwW23s4KLUj7MvBxUAxfdChQ== processed in 328ms
[2026-08-24 10:28:52] [ERROR] [payment_gateway] Transaction payload payload_hash=s168wpV1PD6O/yXW6XOK77XJ9eV4kJ1Vq7nkmRH6UWpR/uteMQ8gW9Icd+LEJ9HDXQ/ZpQhpJn1amDsajxsBdw== processed in 171ms
[2026-08-24 06:29:46] [ERROR] [cache_layer] Transaction payload payload_hash=weGgNyJ2piB58c05jyQzG0HuHS9V04ueGdroc4y946OWF646NTo9c8LX3SodPknoG6F4G749lEeNj+QC6J+sWQ== processed in 499ms
[2026-08-24 03:20:25] [DEBUG] [api_router] Transaction payload payload_hash=ycd4R4suelRSNXqnhKk7lJ5iuuA96GqTN3wLcLYbl5l8F3Bn32qyYJpqW/1fQx7izZXowN4LnR9xL4BjP8X0Qg== processed in 235ms
[2026-08-24 08:25:59] [WARN] [payment_gateway] Transaction payload payload_hash=oUMaOSvPlgRXEnQQYLLqyz03WB9X+tAe7dF2sRv7P6Ht58+/6bIdetDKZjWJbJzrF6fF2PQHQWAFGL4h7QM1bA== processed in 250ms
[2026-08-24 11:12:13] [ERROR] [payment_gateway] Transaction payload payload_hash=I4GvYjwgebPe5Jyd1Zaa9tlEf3BJXxWAcqrk2dPr1+5Ps2zd8cVs8+N2ufmPcWaYtojfH9QLUvy51m+JOI8MkQ== processed in 241ms
[2026-08-24 07:01:48] [WARN] [db_pool] Transaction payload payload_hash=4dWqATOvpVPjjbFJal6ZTwtf2dgiVywdOdU3IFGDoKgZZJlalHnT8juJRSeNTDB4Q6iQGGxwDYtXPKIndZ9B/Q== processed in 180ms
[2026-08-24 02:32:42] [WARN] [auth_service] Transaction payload payload_hash=eeB6aXfRRc2aQvJUafZ783jnMu3cwhzYcZbT2Jyuo64R6Y/SDdxkTa/jojbMFeWPIv9mKL/L868FpsDsITnzAQ== processed in 16ms
[2026-08-24 04:16:24] [WARN] [auth_service] Transaction payload payload_hash=hTdXyDMayMmWTpgRQpXFfq0bD6S/KMqvp11rbDE9zQerjxE2d4/TFHSMAUgsKXkggbw6yBY3QktCn/zllDhv/A== processed in 358ms
[2026-08-24 09:14:15] [ERROR] [payment_gateway] Transaction payload payload_hash=xakcbhLaez4KUvWOshM1UozgUz26LndMQpUe9hItHUn63Kwym8MAnQpP5nH5ARl60N4fB0Yd/Jsf7ewpPOLOQg== processed in 206ms
[2026-08-24 08:05:32] [ERROR] [auth_service] Transaction payload payload_hash=D/b0kxCgZrhpGfHo+Z04kSeNf2szoDw9iWAPuEjbus1iPSgx/l1y9VqGTuVJp2JNwusMZLbCYVQSw+Q0MaZOwQ== processed in 122ms
[2026-08-24 03:40:49] [DEBUG] [auth_service] Transaction payload payload_hash=soxsE+A4TM4PPC8WjBvHk5mWgaERqKrmbqQ46xgbP3yuWd5rliELBRP7eOp9DamGGHo+XoATVFmuLP924MT4lA== processed in 205ms
[2026-08-24 10:59:23] [INFO] [auth_service] Transaction payload payload_hash=c4SeYjJce9X/nNwuVsLT18n+1WAqL4LxAnW3P3r7BjAZUH0ncjr+Pzh5VEiaBiSvJD+tr7eKU1eYczSHqnzw5Q== processed in 80ms
[2026-08-24 07:40:25] [ERROR] [auth_service] Transaction payload payload_hash=4hJ4YzjV4rbVTZAzo47cc49ZprcFlL88x/8ebX5qetWB9XfsTDO/KIyGxZGrt6FomPHqQMcnE1fYbshd9WHQHA== processed in 128ms
[2026-08-24 06:20:44] [INFO] [db_pool] Transaction payload payload_hash=P2mM8z7bmbIXKEU4FFkGOMDZQkJnenh7o9WvL35rlhgW/bsYwKSk98JwcoCA3yqOQVkV9wLH9lO71ZmHx29cgw== processed in 195ms
[2026-08-24 03:26:45] [WARN] [payment_gateway] Transaction payload payload_hash=cfS4pyIZd9FkrdUAxecmoxy+/4+qaVSxp5KEYU1p2jTv5DVTmtc3ViVBFNAkIe2dyGyrm/3clrCdHtt91T4TbQ== processed in 342ms
[2026-08-24 09:35:27] [ERROR] [api_router] Transaction payload payload_hash=PaR8MpCjFMkTGWZ6xTHZFdJCww5drLSWkI/Aow6eJsOdYjnWFW/RRrCm03UZu3rWbXodFqWeuUIejHtz8yAoUg== processed in 212ms
[2026-08-24 03:06:56] [INFO] [auth_service] Transaction payload payload_hash=lwuyrv4GwzztjRUM1vISVHiNAudfxdnx+A8WunIwFu5GAebTfvcO3i7U9+L8c8ImFgGvWoHUqVwPEc4qLmii6A== processed in 295ms
[2026-08-24 09:14:45] [INFO] [payment_gateway] Transaction payload payload_hash=AeF6CeKfWaoYSU/m2Iycr0ZA+LNN1SjGLzyFAkutLp5S34gF+FfO/ckqJjfE/BBB+fRAk0Cqs3OLFI82/vxNnw== processed in 87ms
[2026-08-24 03:05:04] [DEBUG] [auth_service] Transaction payload payload_hash=jE/WKAcB+eIXI2r0edYS676fwf6xUMeAEcx2Zust2fBHEY+LadXBNvlMo9iqOuYuOCx48LsGRVozOTVMJF2uxw== processed in 258ms
[2026-08-24 08:11:46] [WARN] [db_pool] Transaction payload payload_hash=DXhXHMXt+ZY0cMJVgaR3zZZFnanQBR5VTbzu+m7ZOoXfwRxT7U3/FMFFxrmv34qsYlGreBk+sxxh6J4DHhdAdw== processed in 21ms
[2026-08-24 07:41:54] [ERROR] [cache_layer] Transaction payload payload_hash=a3kdoMDsUJt9lzp3vrvFquxPGKiKUOA8Lzf384+Wd+WjFy75tec3cCSZ+5fj2YxlwSym9BCSkot7HZU+2Ca6Vw== processed in 202ms
[2026-08-24 09:39:43] [WARN] [api_router] Transaction payload payload_hash=ClWyZILik36m0cbEA8OkL7JDpWqB66eFDoo+FGV2l+G56kYcan21ohSIk1ODBWvIBNSpIt3y5GA9pdMHQvF6DA== processed in 453ms
[2026-08-24 03:28:36] [DEBUG] [auth_service] Transaction payload payload_hash=xkjJtBE2xGxthMc/PIMgTWI+S3FNH4J1QQoDadg8Olr+DL20pvil3v+rexsqOvQGeidZCT24oEP3MQzmq9fZng== processed in 282ms
[2026-08-24 05:50:04] [ERROR] [cache_layer] Transaction payload payload_hash=EVmFzif+v0SxK3A3YWoTQqxfWNE4xner2w2yAbI/ctXfDJIQCJyGSQHSwUlYhyGyPmN+6stTz4iyd5/G8uzLww== processed in 25ms
[2026-08-24 10:09:34] [INFO] [auth_service] Transaction payload payload_hash=m0IF2DJzO6oFAxxouhRh8NCnGQqN6fCF29dkADbjv9xYTgDyU0xhqB0kVuEtZv7baFdSQtSRs1HAig/J3t9NYg== processed in 15ms
[2026-08-24 06:58:45] [DEBUG] [db_pool] Transaction payload payload_hash=837oMtpCKmJIi3NjXbkd/E4GAdLvtTRdCy87QLPnSkP3zGinp1Fudm7pa7ahqxB9Woo8fDekuHLD0hqH0TxsHA== processed in 32ms
[2026-08-24 10:39:22] [ERROR] [cache_layer] Transaction payload payload_hash=Jw0gF3rydxWjIySyovrb2Afnm1JPSnxssg2OU+8nxaeGPyqyGYzfZ375dkjAaVW0Pbu7UWTinBbYzOCzArmIbw== processed in 281ms
[2026-08-24 10:01:21] [WARN] [payment_gateway] Transaction payload payload_hash=WonJV1yT2aU+9KBEdIgwVHd4HaibfhLSlTwGiGfj7pUq9ZNLU+zUltyKdP2WmgylnNQNRY9rMZkC+hH/R7ugiQ== processed in 293ms
[2026-08-24 03:39:54] [DEBUG] [api_router] Transaction payload payload_hash=AFcREYHo+j5M9LA/7f+1hyObyBXmSpdyy6zkd/wYhlAqGr83TDWovNVz2jydj+3x0pD3gtnBq0fHhIMNLOYe8A== processed in 196ms
[2026-08-24 03:20:33] [ERROR] [api_router] Transaction payload payload_hash=W5FYNx3lFMPDO71ELZy4dcKMg6IqTeKmi2AR6x0FFucqjL2QGOYFUw1HafLIo58yf2SIgHhA0nDVHk3LENg0hA== processed in 216ms
[2026-08-24 03:46:28] [DEBUG] [cache_layer] Transaction payload payload_hash=pK8oJF2mEa5USnvsZrxaNp5dlw4JvYn0RFAo5W6Qvm+auMVIRBI07GAk6VY0MqoPrRW632fakYBMmOpbdDLsJw== processed in 285ms
[2026-08-24 03:55:11] [ERROR] [auth_service] Transaction payload payload_hash=dz+/BIN/SQhxIORWVbxhxfPAzPjeDRvYJtH75ww9Tr/NdKhfZKrcEXSkaTpZCkkkOCc5KyXaXZ/CJ+UAEBdXZg== processed in 196ms
[2026-08-24 09:03:53] [WARN] [cache_layer] Transaction payload payload_hash=APAZXT2PQByhJrz1Vb+thAFPJKvV6uH5zYXQERKpPjUHH56TOh6W/ast+g9E1lDn/J0CZFWQ+2KSYasyBkYEYQ== processed in 74ms
[2026-08-24 10:33:36] [ERROR] [db_pool] Transaction payload payload_hash=HsR8iujlMBup4bB+uOHnA2l2d4efmpQKK8qtChikGdKj6KrgJX+B+roeUJH5l87oIm+iIem6L6uxFV9mdHQ3sw== processed in 215ms
[2026-08-24 05:59:05] [INFO] [db_pool] Transaction payload payload_hash=pnjNQnjXwA8H7UEUKTaIqh7HcaSQxgYNDOjgik33IOOr27mXyr6YYd/DLhr9obpcG4+DtHAlW/7UVAe/yHnFOA== processed in 414ms
[2026-08-24 08:21:35] [DEBUG] [cache_layer] Transaction payload payload_hash=rwep7Nd/Zzd3huZ+4w2HOiBcgmJCOibPJAhJMs/uQcUsVT+LOolHMRtJHWNP3u9dHcGpepb14RbGp1dsllTxig== processed in 384ms
[2026-08-24 08:38:47] [INFO] [auth_service] Transaction payload payload_hash=lfznG7Y+o4JSrZEbdpe5A+pd7yVPRjf6ml2tVbzJaWi+SvBazfouOuz/TT4wFP8EvmqpiT+d1bq5DE2itxA9Ow== processed in 135ms
[2026-08-24 07:22:41] [ERROR] [db_pool] Transaction payload payload_hash=GmTcSX57JjKxtf5UhlYQ9rHFjJ0H1kMtkcTZrvPoIGV6Tl5zS3XD1XprMDrqxYbm5ue82N6NNJ3p4S2imDMyLQ== processed in 454ms
[2026-08-24 05:24:37] [WARN] [api_router] Transaction payload payload_hash=V+kYVvZZ0GRvXLvzEhWhEjBAMkXyzifZ3gpTTR3qu9y7P1R8hqivgI9i5X9lxMfzUxCZEq4OD3MjouJd8NUYfA== processed in 98ms
[2026-08-24 10:33:13] [WARN] [api_router] Transaction payload payload_hash=CvAqRr5nAKUkJyYGils6UVdo1F5aLkd7ksJKk5Ov3SWVJoRJV0w8jegqCfOv1396hLFB35An1Tntbsoe/iW59g== processed in 381ms
[2026-08-24 05:07:33] [INFO] [cache_layer] Transaction payload payload_hash=MleV6qIycXixobfrdOhRDn/cp6fs3RUJr+CLugt/gj7DI0lgilb1iJ8HfqNhZrO3ybaOe7qiwnujMl/zBSJL4A== processed in 37ms
[2026-08-24 05:49:14] [WARN] [cache_layer] Transaction payload payload_hash=qpBnB/WydqFeaDObWTz4QkLGV6PwK10bLD+fa3IL3oAWkY/Hw5iCkrFIp0MEMrxBKevGhpluKkStHTvcuOnfDw== processed in 55ms
[2026-08-24 03:58:53] [INFO] [auth_service] Transaction payload payload_hash=odV00eVhqFOVpEV7NBIQ3PYaoVRm5hBqxBEXEPJv3jBYQkLU1zlnwC+xRPvQMXVm/IEoZmMlcQqsmhQasgFEHQ== processed in 57ms
[2026-08-24 05:54:50] [INFO] [payment_gateway] Transaction payload payload_hash=FPOLlSnZ/4icyRsUv9wG7Rlem7V4B9AtyKEglcRwVg9uPzGhZSPSmyIXSrda/AdapGd8zeXa0t/n+q5Z0zaSnQ== processed in 197ms
[2026-08-24 06:33:55] [WARN] [auth_service] Transaction payload payload_hash=Y3BPAtFbKuyqejDt0+aJ01e+fLzB/9wzvKHXAUWViXe5H4hoxFEu3m5+9KrPXZAciAZm7NArdnhaxvaiLM+w1Q== processed in 343ms
[2026-08-24 04:30:02] [ERROR] [payment_gateway] Transaction payload payload_hash=1eC0GfvG9jwuYVrqsDVbplxuyTb4Qoj//OTn9kYhuOjmFEQ8Dnsl/r5O2f1tKVjLrt3at3k4y1YL9rCpe8gA/g== processed in 195ms
[2026-08-24 08:06:59] [WARN] [db_pool] Transaction payload payload_hash=3nmjh4kk7F4ZyaTXeAhcBbMRn9eYszrXA10JmNi4QZZOa00w15ZCflSPC1h+XDC/bzvfBk/pHBbH0VAODyaPnA== processed in 18ms
[2026-08-24 06:47:23] [WARN] [db_pool] Transaction payload payload_hash=TIwkHPmQRo+Ko6H34dIvfo2Gd3tktQmmK3oQ+PSIXOxImQWKoygkaxRoG5f71MwqblY20bng09oBLOO2EXtgOg== processed in 447ms
[2026-08-24 04:24:07] [ERROR] [api_router] Transaction payload payload_hash=iWbTRAZi85RgBzX948ZtozLPWhU34NqIlUGwSnU7Gff3L/a33WFbSBS2j8EiUjVTxkoc5/U97eObtPIiF42uHA== processed in 317ms
[2026-08-24 07:12:18] [DEBUG] [cache_layer] Transaction payload payload_hash=P9csPiFLS1eCSoucv3fg6fi6KnMZ3Al7GxFHgqSWQ1SaczAyDgPwU1V6NRjkRxe9fZ12m9XZvq/ahNpa5205Zw== processed in 42ms
[2026-08-24 02:56:18] [ERROR] [cache_layer] Transaction payload payload_hash=eU1MoRPikBi9nWR5/Uk8J47uI4iIWANkYIywrYTtBc5k3b6YwAAqeDz6+v+WVEjQ1QVGgQQwRSGGQf6/jnCEhQ== processed in 390ms
[2026-08-24 03:34:16] [ERROR] [auth_service] Transaction payload payload_hash=4m94MowcYfJbfEmG9SX8IHQM8FGZwWuXBPgakYcmk/1kxdDPzWi3Q4mRc4kN7wOhRzNaJPuS8fLNppnGjRn+IQ== processed in 447ms
[2026-08-24 03:01:51] [WARN] [db_pool] Transaction payload payload_hash=doegt7iAdOawbCBoka8WemIRw2dZmgBKtEdFq0ZmwbkZPyo/tFMCc2H5BFlLkwMUKLY96VgTrkgzAP59iuEcIw== processed in 114ms
[2026-08-24 07:06:23] [DEBUG] [db_pool] Transaction payload payload_hash=0qvD4RcHAXW6xcR7kT3UIj/1ggPzxN300caWgkWYGMi2PUCSFzU8MUQdIN+TKB/0vinFG1N2XeGxKmJuxeUuUQ== processed in 15ms
[2026-08-24 07:27:48] [WARN] [api_router] Transaction payload payload_hash=LiJ509vgwahd6qq3/aiSRNB22GNus8AvdUFVIY150gbRghiRS640qd0r0FUJ0bcyhXfV3J8+aXwdLhltOXSVOg== processed in 318ms
[2026-08-24 08:48:23] [WARN] [cache_layer] Transaction payload payload_hash=1tHhG/1c4PdmE45jYzVHQC3CabnTJS6oczj6KFttG5+K8X6iPi1mQo7HX0w/pYVTNWibp5EaW4RRe7OBMvbE0w== processed in 238ms
[2026-08-24 02:44:18] [DEBUG] [cache_layer] Transaction payload payload_hash=b7ULVjcYCwG5/4/0vq5qkwvdp9Mc6nExNLWWwf4R6u/dFu0/bb6Kf44Cn0AyUxR1tg0eN09cyFXlAOt8XIVPFA== processed in 212ms
[2026-08-24 06:32:05] [DEBUG] [payment_gateway] Transaction payload payload_hash=fXpqJP36LnPysU/MI2HqbZ3oEtbcYZgVIKjPZSzMG7TymVIvrQS7KeiHnQIyAVr7ngfMUVvwUbEFpvKi6rdCIw== processed in 62ms
[2026-08-24 10:59:16] [ERROR] [auth_service] Transaction payload payload_hash=xZnfjJajXZt0xdoLggF3X6OTqWdnNRLC8In2cgwlheybG5y9iEH/Pc3fc9RT30DyzoqGhBOeWaR8ZcJupKe1EQ== processed in 24ms
[2026-08-24 03:37:24] [DEBUG] [db_pool] Transaction payload payload_hash=0auKaGFcGO4NlNusxw0I/nVitWv1e+Zptm8n6Ej+T/tCmWSLD7bz1ZGEwoKzU1qMDgjUguBhce63qFSX5bReMQ== processed in 2ms
[2026-08-24 08:47:41] [INFO] [payment_gateway] Transaction payload payload_hash=y8yeUeyXprw5Z+g/4QfQe/Zzp107kVD91cwvDpYXqzv1FPCKhN2L2GtXKR5PNmvHXC1WGblEOCRiH3tCx7NzCw== processed in 278ms
[2026-08-24 10:12:54] [ERROR] [payment_gateway] Transaction payload payload_hash=351IcpS0WF/7bAiMvsHKzioeMXoDMhEv4JM0QAYIOG4oyNLNzVqDAxmF6vPLUTvXr+O83eRH3POhicQj9RfMsw== processed in 183ms
[2026-08-24 08:06:39] [WARN] [db_pool] Transaction payload payload_hash=ZZFSZXCOr0mZMjTWLQ4itn6oWkuyMJWuluOY8r8U7/wrAaeQsu2M+mMYaFDfhtkKMZ/XB8T14+6/kS9Eqn7b2g== processed in 68ms
[2026-08-24 09:42:58] [DEBUG] [api_router] Transaction payload payload_hash=72XzRll+tFpeHfIHt3qCqS5YuBpiDHYgnH1r8PQSiXBp6OmBZgvEd6HcID4rPALebytZ8uQlqo2nG5FHI+LdIw== processed in 398ms
[2026-08-24 02:23:30] [WARN] [api_router] Transaction payload payload_hash=9ReFCbRVEA71SzYRCmOdrkPS6GapcmtPx9DcMS27GkORKE650f4wfzN5DOmdcql0t7ArUMNwKmo5uewadMuzNg== processed in 89ms
[2026-08-24 05:57:32] [DEBUG] [db_pool] Transaction payload payload_hash=weyH6rzAp3An/Zs7hPdeCLMFsoZpAlYBI+nBV6EA2hzhk4Xw+Wnj/+yU9xixk+FOd5CqOZZFstWRtsgXxoY9eA== processed in 493ms
[2026-08-24 09:33:28] [DEBUG] [cache_layer] Transaction payload payload_hash=rNViGYLJWpYEEfipXjc9tF15F9UaqnfACCCAMxbV/sBrussaeAwOKbBSUXRw7pv679nnFrmwIgiHb6fu85V5RA== processed in 127ms
[2026-08-24 02:58:38] [INFO] [auth_service] Transaction payload payload_hash=cEjQQGzLxvMZc3oT8LT3yaty0vv/thdvQPSfwEceEPk8HdyF5P46S/w+0wCVd/GADIn5kqzat5oDvKG9lgJZmA== processed in 467ms
[2026-08-24 08:10:17] [WARN] [auth_service] Transaction payload payload_hash=GB/XCapkvU94wJOfg7+vsbpuW2SKNzFl4ASet/MI+9icye1lu2MhdDp5aQi37+5b5vXxc//yw7UDj3RQVDAeyg== processed in 14ms
[2026-08-24 06:14:26] [INFO] [payment_gateway] Transaction payload payload_hash=sleIXAjFAg+1rrz4Qv7WfpIXx6vOmm9Yq8+0ypjoG9x9a0dpkEufUXavgwSafCZLmB3czSpRfdJMK5uIzP0c/Q== processed in 276ms
[2026-08-24 03:23:43] [INFO] [auth_service] Transaction payload payload_hash=emiEWLSP6OCScm/TgymFkiryqDANWnCZmKYqrKiv2dJ9si8gffEF1uJrWebTi7al05bvJyUmjqBjpT7Mch6+wg== processed in 419ms
[2026-08-24 08:04:30] [ERROR] [db_pool] Transaction payload payload_hash=EFSwuJXjzbFqHkCbkXUFY/SkXWMu/6ALsIOCw7WC1TrBHiqjJcowBdNw1FVNZ6OS5r4kbGx/2YQBsQCnxc6J8w== processed in 111ms
[2026-08-24 05:06:58] [ERROR] [api_router] Transaction payload payload_hash=zlgu3ii8Njwu9A2FhAZ++PXHAMqyaX3lf6abw1p9PyJhc2hKHlrkUkR/1tITE5DeVncGCYH3bY2Wr2VsTTZ6wg== processed in 431ms
[2026-08-24 03:07:25] [INFO] [db_pool] Transaction payload payload_hash=0YQTCAX0OaS4zXQSJCrT46jG+w2D6CST7SQmgRuzaox1hLjp26PotkeuCzD/E8OUVl5mFg70SFyBP2mUvxHSHg== processed in 314ms
[2026-08-24 08:21:59] [ERROR] [auth_service] Transaction payload payload_hash=Xkcdthwu/aj8rSZUMZmRR50XLpeILO32TAI48Iv0KPW0TOllejgZrqp4+xAkNE5pD0hnvbd5hL5kHVOnOMOF7A== processed in 58ms
[2026-08-24 05:07:29] [WARN] [auth_service] Transaction payload payload_hash=7zJ+PQ9xtOdo3zmMC91KRydwTMcA2k68HxQndPwL0jKFvtvY6BTdD320P0w3gHf9C5M8u+thLLtgGBNHDLNuFg== processed in 441ms
[2026-08-24 08:19:16] [INFO] [auth_service] Transaction payload payload_hash=y+DnctKl+HjNxhdWhJFjqjcqs5Xgtp4nuA91MEF1F5VkcoGyngh48Lh5lbFKPYR51LyU0e70n34XM++Ew3n5DA== processed in 109ms
[2026-08-24 02:23:13] [DEBUG] [cache_layer] Transaction payload payload_hash=9nxcjKKFQ+fQft8g50aHQikgbohtZXweEtBpgAaV+mPcMUUFBWYMRGv+IX486stnyNDoKBn6OSS+/bznVwM7Yw== processed in 122ms
[2026-08-24 07:43:30] [WARN] [db_pool] Transaction payload payload_hash=ANI/9B56qrZHuv9V3ki6FJ34Kd/C6G135Fdj/D5aHRMJnTLT3vlS4WGhmtr1S4DzLOnMc6lSs7qwf2HizG9LoQ== processed in 278ms
[2026-08-24 03:43:40] [INFO] [api_router] Transaction payload payload_hash=9CkrlTZu/jCzGit4qjvHd/wtVrgSjXDsSpuPwxLuJnPKi7w/Qsty607/e5aAk0VQSjhhIkr5Xx95TZP/0fyL4g== processed in 295ms
[2026-08-24 06:06:57] [WARN] [api_router] Transaction payload payload_hash=yfHynDxi4p48gBkdsmyxdWFpD3dqoN8lJQfi/nM1jjSnJdWJAepJdLGKYUb4kcHw7R/o1FPaJXi3ufl/tBuimg== processed in 130ms
[2026-08-24 05:23:20] [INFO] [auth_service] Transaction payload payload_hash=EgvV/2mQih/N1vPOaR0+m8mhNIk8GyDYsLhNqYV+MKbchiJ/Tv5/CvF626WVg+grHAx1T+5T9LYoPWvO2Ppy3g== processed in 287ms
[2026-08-24 10:56:20] [DEBUG] [api_router] Transaction payload payload_hash=7eXzCoiVaAV5dbjByK1+FG4PYmEDQMvYvxJfEWbbpHWCXHhI3J9VFBPK8NxzM+/CwZBbT5L+5IyoxTLCjS2Gpg== processed in 387ms
[2026-08-24 06:36:49] [DEBUG] [api_router] Transaction payload payload_hash=y9iRPepwhpXVF5N3XZYSQRqaEuPR+XU5jHDkIm3D16EUwoKH1iHVF0TL0fJV+ZBuByUKFoIRky0ePCBHbDjoxg== processed in 300ms
[2026-08-24 02:56:56] [ERROR] [cache_layer] Transaction payload payload_hash=a8Xg1CDQ8qnTnMFgpkdpIKWFJUJ3QQ8kDGd+At9DF9KCFi3Fe5BsGvHXAZWcf5yWLAvD1cq5+213fcVGJcjRuQ== processed in 29ms
[2026-08-24 07:41:11] [ERROR] [cache_layer] Transaction payload payload_hash=StQv7Qhmx/gRrznkIo/Pj+GVmGQxWAdGYHKpaoBC/kOR3oAQ8+WeALafNM7zvljYvQE6BqI+RkRmq2VfEcXshg== processed in 128ms
[2026-08-24 03:34:48] [INFO] [cache_layer] Transaction payload payload_hash=4SQcJEI3Jc8ojNmAXVU85OZ1BHareHQ2E9jWM3qHfzCORzGq7HR1YuRce6PzEPy8+9gS2lyhe1TIoGph3v6pcQ== processed in 30ms
[2026-08-24 10:16:58] [INFO] [auth_service] Transaction payload payload_hash=ZfhncjYy9EKnLUlKsfrm/0xX/54nrW0PmuirS/8QyjgN2OeFTI0IDn1BLW/bDSzjMIwEH/+fbX2ql89G3j3VnA== processed in 481ms
[2026-08-24 04:29:35] [INFO] [cache_layer] Transaction payload payload_hash=R8ncQLreaSLdHLXTOOO+ZDfc7TlWlcBK8+mg20kDnKJSxR7zGSWmpyoiDp+ZR44MvN/Sn2Dvz/BdAKtMbASGuQ== processed in 424ms
[2026-08-24 06:19:00] [INFO] [auth_service] Transaction payload payload_hash=2XFwrdb4PH0xZqYPDNRPkxvvqF85/yxKSuxU4tD/3oDpQvV73xhQr6BNwvihpNHLU11rGIwV1RwsChQCgFmw3Q== processed in 260ms
[2026-08-24 08:43:54] [ERROR] [cache_layer] Transaction payload payload_hash=oEkxK5DxD77X74jXpL2wCK920o6fuqzUwDp6b465RlLBiskuYVbAIXsJ00Y88vN6OFpON1GdY9T0Z/KiF03A6g== processed in 126ms
[2026-08-24 04:48:19] [WARN] [db_pool] Transaction payload payload_hash=q2LdBVua7hoUoBgBxR7nRv85dQT8abvHI7hXuu538JPSJ0ZSqRB60I1aus961E3QopSoMMBjt5I80ZqjnZKHRA== processed in 153ms
[2026-08-24 11:01:16] [DEBUG] [payment_gateway] Transaction payload payload_hash=0sF2RCHymOkMCT7uNPcG5F4iz5of8oR0TMWEjp/Pa1ORTV1tfqnOcQXNPwc5fWt1cArwxdy95CU3YcUmFMB7rg== processed in 336ms
[2026-08-24 10:24:45] [INFO] [auth_service] Transaction payload payload_hash=u1cOXeaKzjooM/NeLwPvMddW0lVA/n5JjrrwebTtXqcZGfOblg1PFdWxsekL7KXNu3d0w6JEDacdd+Pqo8AcpA== processed in 395ms
[2026-08-24 03:32:38] [DEBUG] [api_router] Transaction payload payload_hash=JPnPuGf79IjQjkfVegW0IFcYK9YCCfrHWX3VKTr5SOby3wzSku3SqsckSgPgzY6TtOjnCk0Esn35xLj+1up++Q== processed in 94ms
[2026-08-24 08:12:05] [INFO] [cache_layer] Transaction payload payload_hash=PelQOd7S5hgUTkKLTR7/SQPamfv9/kOix6g6cKFjwiqD6206zK9G3UhqqR2yDcBfiKoP9YT4dWg54kjQvx6yNQ== processed in 138ms
[2026-08-24 05:14:29] [WARN] [auth_service] Transaction payload payload_hash=1riXq3gYzGt3Lpn7rOa1hO3MBDaPMMXUgumr4FVGWPSD8Bk1B9nG+n9tajhIuVlmeoqBAWVEMgj05AAZ/cfVLw== processed in 443ms
[2026-08-24 05:20:15] [INFO] [payment_gateway] Transaction payload payload_hash=18ED6UO0p4nUP+uiHSbsNsS4tQyb6k98IhVTJ6hRTKHsB7tozK2NS/4nMi+zfYBUT+qt3XPFW2UbxBNWm/4Tlg== processed in 93ms
[2026-08-24 10:56:47] [DEBUG] [payment_gateway] Transaction payload payload_hash=OjIj+kHCPrngJzBu50dkguGsIL4xlwgiBgOlWzJqy8oFiKLGo5dkqze0dqpgWXS6ai7+rK7BmxsSfcO7Ohr5Bw== processed in 91ms
[2026-08-24 07:39:07] [ERROR] [cache_layer] Transaction payload payload_hash=wsMQQaKYTZ7rAL2AOD3LVE5tTk5oup2t6FtXlApGh4TwjTuZSp/KD5wcJo2frkofsAquvGTnl+q0P8wbJtguOQ== processed in 121ms
[2026-08-24 08:45:37] [WARN] [api_router] Transaction payload payload_hash=FuNorRFpGw4LX+fqh5JE0mtR6keH9TihYzXCz96gS5+nXlyjM2Ayogy7lzsYTKZjXZfhE7cEw+NMbyv5/C1Vqw== processed in 331ms
[2026-08-24 04:31:39] [DEBUG] [db_pool] Transaction payload payload_hash=4hvPR06Kp1P6xDM/F3qyEAf2darO2GmPoVlccfdKsQbm9a1rZOUyFGeLte/W9hGqNigSD/3dhkXTpWEfSVHQKw== processed in 299ms
[2026-08-24 08:24:44] [WARN] [db_pool] Transaction payload payload_hash=82K009PE3h1a72prgx5kooHglcdAAh+GqbfuaiACRo4YnF2C9vS4ksaNczclXoOl08D0dJmVM+3BfKfK1Ayo3A== processed in 38ms
[2026-08-24 11:11:23] [WARN] [api_router] Transaction payload payload_hash=O/Oa5xo+hhEKgjDKGRAC4GpSdScmWbhj5O3IW6VO0SM3wfI6SUoXRIkuhJWPT0yxEZZGMk9jLQvE4Sr3mXVmDw== processed in 401ms
[2026-08-24 10:23:29] [INFO] [cache_layer] Transaction payload payload_hash=PIYN+s+QIMr++6T8RcVC/ye5s0p1rPhvWp0ivEdUcavpvjHMeznhfB9SMMU3MjYGVYvAnDSx3qpcr7tLieYMgw== processed in 147ms
[2026-08-24 07:22:28] [INFO] [api_router] Transaction payload payload_hash=1pi+g7zidwWg+VA+xuMMGROYDHjgDl0vS/E+/khqCpd5Vg8prdp7Vo1+vNw97lrYH+ON9xpLshHs6TEcAxsLMw== processed in 431ms
[2026-08-24 08:11:37] [ERROR] [auth_service] Transaction payload payload_hash=wGTX0L8dRTOI2a5k3I0zhogg5cd1ESGRJ9Np4XOBCApSyd45ZYCySBtivZEQgLSlMt0WsWVCJS6aLd7eNHgpwQ== processed in 134ms
[2026-08-24 07:03:56] [ERROR] [auth_service] Transaction payload payload_hash=rGahwsxooFqEKXCVz6VPON7x04/JNnjU18wbF+XXx0vbMeWWUCGrmUzUOAc2dhk9MHJsAmkhW2orl3/NhDh9Kw== processed in 479ms
[2026-08-24 03:05:09] [DEBUG] [cache_layer] Transaction payload payload_hash=yYkARHMWlY6oKKdEdj8H31GmACzxBAi+o5l3aLWEWSte4tlyi9OK99hCHJLgg3bSGexYNrhmEEAzs3tZqIb4qw== processed in 301ms
[2026-08-24 06:54:06] [ERROR] [cache_layer] Transaction payload payload_hash=rdttAkFVAKqQ/4nEnixaZXq298+wyp55wKEZ99B/ZSi5uZHhCMJ4YUsV36Fam7ML1firzBcWDbMxLHW6DyBpPQ== processed in 323ms
[2026-08-24 03:15:27] [INFO] [api_router] Transaction payload payload_hash=/VZq8uvc5UFlB+IvRh9EsunjGQ8tU95taXCnmpcREcW/hSJQPxN/Jf1VpVY4Snr+wQvqWK33IpEvmovgL69tmg== processed in 158ms
[2026-08-24 03:07:39] [DEBUG] [db_pool] Transaction payload payload_hash=tR0NynEyn9nyBxZXZdZWh0D5AcqHxFyc6zZ8C1yuHPsSVpRa0kJ10ay7ozFg17vl7cej7iEy8hnEs8PsiYNHiQ== processed in 295ms
[2026-08-24 10:22:41] [INFO] [db_pool] Transaction payload payload_hash=Aw0km8j+mtErI5w/WkTl7S8nRv4Mu5I5o4Ocnh5y2eDzZPKFQCRXwZRA5UO3lQkEPm2Aq/phgxBy9Dq0LHiz4g== processed in 201ms
[2026-08-24 05:42:17] [INFO] [cache_layer] Transaction payload payload_hash=gGzGZdd9Ml+gDOyfl8l4Lc0xuc3d5d0BXuMRN6pbaGmJK/R6tt6mhGntUB6EtUVigwOUQE3j29WRMHl84ODzng== processed in 389ms
[2026-08-24 07:15:30] [ERROR] [api_router] Transaction payload payload_hash=04cF0E1YZiqFlKJNde4oablPXAf6c6HFL6GDVPe1PZTH7nztbqdKtx2w/JJ5ofkZYBsieinN1ScMxvfthZL8iQ== processed in 125ms
[2026-08-24 11:06:40] [DEBUG] [db_pool] Transaction payload payload_hash=Y3xYAFhkOCaGy2e1nVMh74zlSDYYL5ATcP/HMdelkJJIB2nXG6//qwqs2Uw5jgjZAUbAe4YbqJNcrMBecEFujQ== processed in 290ms
[2026-08-24 04:10:54] [DEBUG] [auth_service] Transaction payload payload_hash=5Y5LSAXnrSULJG/SDQnnVTdmpSTbT0s780hZ9fuHx0K+cbqTbCmJjLzHk6bkT2AKlPM/40vMWfxh8K1kEY0YNA== processed in 398ms
[2026-08-24 02:24:49] [WARN] [cache_layer] Transaction payload payload_hash=emWekLaaeiQmo3UUJm1nBpsBnSlB37dXKF/qh4261owi/TszZBLQx24oBGYUutnjNiXE1asgMkL/tJfJEZgvoA== processed in 413ms
[2026-08-24 08:32:29] [WARN] [auth_service] Transaction payload payload_hash=h1F+AbzTFqaGr8ILDWBUnHZyWwC4CKB8URVS/WI9dJ2reyuEujz4W+N50/SJqvHHd6Qr3pw7elcHVdFXKauxyg== processed in 419ms
[2026-08-24 07:46:06] [INFO] [db_pool] Transaction payload payload_hash=2lPeM3BjzvLcRgxAy66/cwF0xcjGbOJRYldn7vyO3MgMWBHA03PvGjMwip0w54V/eYLtnkKEG0D75A3OKIp6Bw== processed in 454ms
[2026-08-24 09:47:37] [INFO] [cache_layer] Transaction payload payload_hash=grVile6LjlYqmN1iKZOnhqTTQf9f+cE+ahsOk+FKFYgvzalM1RXx/ubolNcZPjC1W62lEQeHWyd/8s4r37MDYQ== processed in 111ms
[2026-08-24 09:35:36] [DEBUG] [payment_gateway] Transaction payload payload_hash=palDS6998ynTNBCI17bu/pre/j6Awj4F0tvzt7ybrPvYm0Ihvtujpx/HuV6DeJNu3R89MQW84Pa4xsqpEhl1Kg== processed in 391ms
[2026-08-24 08:58:19] [WARN] [payment_gateway] Transaction payload payload_hash=eR0pxpcK9Fd2ZcaMRIvAFCfBu5O45FJScwKLxLYYKa+pJWY30YS5GF8C5v5GkmTQEfjqTYL7b/VdYpsLNDRUNg== processed in 447ms
[2026-08-24 05:39:10] [WARN] [cache_layer] Transaction payload payload_hash=M9bq6dp5cOJFWPcWpyto1vicB2HFIo3+yc8gEVT/XaZg1BUWfqY7hGsrX+BudMaHQ6GiUwucYse6gcWOSLcJAA== processed in 189ms
[2026-08-24 02:54:26] [INFO] [payment_gateway] Transaction payload payload_hash=1szoj4Bx9v7DIStbm/pkcenx2asBwacKZMytGYeqh3FBTHqxv1iKToSqBsqwxZHiQSZsx5VQLgi3wadhaqXFYA== processed in 465ms
[2026-08-24 07:20:51] [ERROR] [api_router] Transaction payload payload_hash=kQabd9utqT8yafnOW7LOpRmXKSJ/kn6duXJEwb5BCv3Yy7z+uyqdTRrySLAB0RnMARjp5sVu35znyrZ/+uTMnQ== processed in 275ms
[2026-08-24 04:44:47] [ERROR] [cache_layer] Transaction payload payload_hash=jDmBcuLK0V0GYywttXs+oTVpD1t4gb3OBv+Y0Ww8ScZi1cJFg3u/c/fRo5I4ykHl55s3R3Besd+NZkmtlRrncw== processed in 400ms
[2026-08-24 06:46:25] [ERROR] [auth_service] Transaction payload payload_hash=PZBVrgLElN2ch6DIQTgqk9AP18xRhhJkaMXoGZc6rWipD+0u/oId/TU6o4WaRNcf4K29CgH/6tkrv1HLUa232A== processed in 206ms
[2026-08-24 05:03:49] [INFO] [cache_layer] Transaction payload payload_hash=97nahImgZbQAd8lF/fmyK6MtbbEnAvBiaIy6cCXFxgYi6OYizMo6B3e4SjLoMF1CuWa5XIWaYB9XVmxXxHE8cw== processed in 430ms
[2026-08-24 07:52:49] [DEBUG] [db_pool] Transaction payload payload_hash=gpLzuV6KgDqUQGTrLVkKquFBhsrCG6bKuqFvYr9yAB51gafuMCQdyWvNx0mJecDmOGG/mdYvzFCXDyEcRqAI2A== processed in 347ms
[2026-08-24 09:38:48] [WARN] [payment_gateway] Transaction payload payload_hash=Rkb1dM/YAVVk5ZdAOR8kKVKyYE1aILY0UIU7zXWZQowQnUnCaOlFOKXuSFzcouPCgOv1G2Yba18wMM52qJblJQ== processed in 178ms
[2026-08-24 04:02:18] [ERROR] [db_pool] Transaction payload payload_hash=CIpOb7qR2a0y9okxFt1CHVhDEOXkVPEtC6Sdjc0xD4nauJ/QdLmODRGBjZNdCGptW0nzPKahE6RMZv+etvo2mg== processed in 475ms
[2026-08-24 07:53:04] [WARN] [db_pool] Transaction payload payload_hash=AXQC+SVIXFYqQHTmfvBGVLUdUbj72h8fxdsiIuiIjovjYFCmHL3QxW/hrU4uKbCTUrNM7RiIZMgI8QWAP+F5Eg== processed in 141ms
[2026-08-24 05:44:40] [INFO] [db_pool] Transaction payload payload_hash=Cudb6xAK/a1Tn4txkkiqGFQgCigCbMgoY14ZgTBK38BtF3y6AiDcIvPZ8Xxol1PJr6QemmgtoSWF8xTu7I9Qxg== processed in 18ms
[2026-08-24 03:45:58] [WARN] [api_router] Transaction payload payload_hash=uTEQpY1qvJtZ0PWHQXcmIKcFdNSu9anOA/kEyCXiz6RUZLC4eS4HGQF10HdnzZ7aRJQ9tG1fPiZTwGrQjm6tnw== processed in 140ms
[2026-08-24 05:38:20] [DEBUG] [api_router] Transaction payload payload_hash=c+WOlqSPs4mko1Wv4XLZyfQJQVd+zle+Ocl8yDuIN0hXVGsCRVWcMc48M9xDu82WsAncp3r9ZAk+5hfTwIKbkw== processed in 50ms
[2026-08-24 09:26:29] [ERROR] [payment_gateway] Transaction payload payload_hash=gA3uMT4XQLNVVMfymBx1rb97aI+b4nECCMIbXOMENOvKsCd1Pqv89AQuLZR4tA1cQ4bbiHKX3mPWoUgnhrZy5Q== processed in 167ms
[2026-08-24 05:25:24] [ERROR] [auth_service] Transaction payload payload_hash=YzhKlVEYLkgnkOkyFLfTUYv0G6EzTPParGFrgXPet/ZE1sGjbk0R2tOY0iSSFAHWT7xo8yKfhsSlo8aEboxlHg== processed in 333ms
[2026-08-24 07:03:17] [INFO] [api_router] Transaction payload payload_hash=3o1SJm7HCcUrtt1wTtqXRSsmo8aaNPb1np4PxDYSSi61YzfK3djkiq3rPC32R8ZAK/FgQlRC+GuwByNEV3zUrA== processed in 452ms
[2026-08-24 10:44:36] [WARN] [payment_gateway] Transaction payload payload_hash=9prhZb8wBHiV7T8cdeCMx9eEDNMDsCM7gcLrxjVchRB8zE1+CnQX1Dt+gIXvPrJ/Hx/oQtMf0Z8mK0DqO/hMhA== processed in 208ms
[2026-08-24 04:02:56] [ERROR] [cache_layer] Transaction payload payload_hash=mRAtLFwOGe3AcBxj0lbqknRLcK5A9XpToS5ALRDYXXyVot1mfj5Az9WBXYSUDQQgX4EZ9Zp8uxy9UELYgjYeTQ== processed in 375ms
[2026-08-24 09:07:40] [INFO] [payment_gateway] Transaction payload payload_hash=Xii5cRN+YInkc0E8n4Nqj+7uQjaLw1/kIKDkyeWqk0csVUT3swimWVlgdxI6pQcOsdLVYJiYzK5tXq1CxtJuZw== processed in 324ms
[2026-08-24 11:18:29] [DEBUG] [auth_service] Transaction payload payload_hash=MH2r/ehs1fS6EAQ+JA+bIVBlN3Zt9JS6dwHps7iuOVksLS9NPMfIpEiDP9j52+pMQZfcYVEXLi/GVNGeBa7Rqg== processed in 256ms
[2026-08-24 07:06:28] [DEBUG] [auth_service] Transaction payload payload_hash=tWKgSmFEEjj8Vjp3VGIuC1F3TCojHZpp46nrWGDSF/WH+mWBYBjjd3lWyYG7nAuZf1T3KhnNU9wB83PbT7gCuA== processed in 110ms
[2026-08-24 09:59:19] [WARN] [db_pool] Transaction payload payload_hash=NiDyhm3Q5pW5Qm232KG4HV8OWsR4oMwIiRrWW/jPnTA9TmjEz4x3pKQUWhOco3SbI1R8ZZy278HnuaejI9hQ0A== processed in 429ms
[2026-08-24 09:05:58] [ERROR] [payment_gateway] Transaction payload payload_hash=/Ow5fmtkSEFGD0caVkhpEzSR3Zt3/gO2E9u/WM8Rd3fPoFnPW/8xY8csByC/30CFQt0OE3Y+KPzg6Tu8y40osA== processed in 106ms
[2026-08-24 10:13:05] [WARN] [db_pool] Transaction payload payload_hash=bZx/5JDvYM0IMfTyzG8me/8R4A1KWcfM9ws/J/hVa+2pWbYCW7PfX5U0t7frvWtO+/dBgrjd6HqCunhepS6yRA== processed in 367ms
[2026-08-24 08:32:14] [ERROR] [payment_gateway] Transaction payload payload_hash=roc7o/lpY2qSe4/LnN4MM3Ec2fpq3PgttZtrI/9XeNG4TOKXB3JH54MNx5LgmkzU+iM85LdEoQyrtjQF5kKYPA== processed in 19ms
[2026-08-24 07:18:22] [ERROR] [api_router] Transaction payload payload_hash=yZAMmUbXJWoimP8FLuCb1a/aWdk4YirFwa1V9JRz+78LLu70NDPsxkDnbHzQe0Hww4HmjrU0vxGKG3Z7hK3jIQ== processed in 152ms
[2026-08-24 05:12:34] [WARN] [api_router] Transaction payload payload_hash=GU/Y15qezgoJ6bQmjYSRQw1mRBuF4hjQ3aCdyQsqeHQYI/dAYCp5ET6EEiiJOufTdpZjFgETcPIGjSwnPMcfcg== processed in 339ms
[2026-08-24 09:33:34] [INFO] [cache_layer] Transaction payload payload_hash=yBdZd2JokTAmcbZ2zwTOVBgnSAHzauveGxIvODxyYEb16vNsFG+LknlViOHtXsv2xG3MkMBCRc1DOiCzsYex+w== processed in 151ms
[2026-08-24 05:54:03] [DEBUG] [cache_layer] Transaction payload payload_hash=n25zCYmw5fOQItIrueTgyE55ZgWC/x2/OAnzJYMHDLPefq9mSipFk+xu8q51hBaWuorfveRcKB99M2uyOAEaKQ== processed in 386ms
[2026-08-24 06:36:39] [INFO] [payment_gateway] Transaction payload payload_hash=GgV/hLzK8Z+yYz3ctMs6DvXiVmdJoQBcR3m0/vv+5X+1KI6H5bixfGItyE1xpaWjvohM+yd7RBxlsof6g2MhUQ== processed in 328ms
[2026-08-24 04:18:08] [WARN] [payment_gateway] Transaction payload payload_hash=n+ii0LJh4h+GNLxzFw90ZhusKGBndMz/wXCxC8TpzF48ksZ9EAa5AQ6wWheX+KTzRyrUx3mITRaVP4Q3PWTxOg== processed in 141ms
[2026-08-24 03:12:42] [INFO] [auth_service] Transaction payload payload_hash=iIztDBp32X1RpgFHSb9cu+IU7xaGfpUVNSPHUl5/AnFhSsydcBsIOLhDbQxSAa3zrA/cbHApeNL74ORMGkOMVQ== processed in 480ms
[2026-08-24 08:59:04] [ERROR] [payment_gateway] Transaction payload payload_hash=DPru/V6/aDZsXZ8bD5PhPs0dtiELwcAFaYarflPyjzB8hw0XmX0u4XV1CIlmh+smV5Q/EItzYW0R0ODZIZMLGw== processed in 8ms
[2026-08-24 07:34:47] [INFO] [payment_gateway] Transaction payload payload_hash=J67obAzbkQ/aIu+WGxvRLXyGIA+HNx1ncfR4guaMA7tv4M+1REH2yuAai1nL+145EXscWsKJEirTCG45LHd82A== processed in 287ms
[2026-08-24 04:15:08] [INFO] [payment_gateway] Transaction payload payload_hash=98NF2i505eGJHaeDQkAYHZwm067VMfhbvnCr/SMoz1jcZLLC02fwD0GcMNDtN6vir7RG30pDyywy8/FotfwcAg== processed in 469ms
[2026-08-24 02:52:42] [DEBUG] [api_router] Transaction payload payload_hash=93MqTh6gI1Z0lKj8lDwO0CfdqT1nDRHClqCkkXojOTJkUH8Pzn2qcS+6r3oXM81aLp+/uqsPu1o6yWgzqGEzPA== processed in 248ms
[2026-08-24 10:43:58] [ERROR] [cache_layer] Transaction payload payload_hash=JTc5LoeEVj6iEooSUJ4oyIywpG4UsCBCkebkZGXU1X/3bczWCKR7rLmGSEEmGGE5yBXSQgsS3FCKIL2mbHmCWQ== processed in 282ms
[2026-08-24 05:16:09] [WARN] [api_router] Transaction payload payload_hash=dC/lgFs420ueOz3eK27hFb0XSCvMAT5eBQdgKL2IaQX7dxwQddEFlKgD0vJL27LU5OIlp1V7poGBjvfEkZyqvw== processed in 39ms
[2026-08-24 04:27:40] [DEBUG] [cache_layer] Transaction payload payload_hash=gRzOKud++8WxkCNL0l5Cl+OUnP6bFT529Y6GHv++utGwhtZ9s/XVzVAARf3Zu2oD41/8lutIWnWLN170UHIeOA== processed in 182ms
[2026-08-24 05:15:36] [ERROR] [payment_gateway] Transaction payload payload_hash=Pybu1IYFaf3JFaj22I5R8e/HhEv968vF7hkg2lCk7BacqLWrKBoGYZl2g9+0UHzEnjTutzcPeRi8W+JzzvVnAA== processed in 167ms
[2026-08-24 11:12:47] [WARN] [auth_service] Transaction payload payload_hash=nmw2C/ajF4hXabr5rU3ZNhmZ54yvH9ozyzT2AKnC0T8peW/DLZqCs2Eyq+Jy1b5MrUM7it43wTL2XxN2IkbQzA== processed in 250ms
[2026-08-24 08:27:49] [WARN] [auth_service] Transaction payload payload_hash=YffygLXFZAQ+2KTSi2R4nNUIurLoSBwtt4hiA085oYG1jWr1UD3PanGW6qJUgCGp7KGBgC3kAXHDTK3ZKOzfVw== processed in 342ms
[2026-08-24 03:02:30] [INFO] [api_router] Transaction payload payload_hash=1VD9zLIaWYHlelfdIE+qH//a93f8Zb2ZwVT128KQsdIrmeAlWuqmdSvGdhuv/I8pZS9MQNaC70ljS88LTPY3Tw== processed in 57ms
[2026-08-24 04:15:50] [WARN] [cache_layer] Transaction payload payload_hash=H4WguYgRHhHcKLMvzXsBAuG+JbYsoIfJwij3mtYUNXNCKEDnC7WqZPAn/czcJFwTAGRgfcKCM+sjHYsVpvJn5w== processed in 240ms
[2026-08-24 02:35:19] [WARN] [payment_gateway] Transaction payload payload_hash=cyEWFmSEwhSIBXJutjm4AV552BRF+m0e8uS0kEMYu9fv3c/wP/a3syqQJcTrhBqie66QKP3rlYhC+jpuNj5UgQ== processed in 413ms
[2026-08-24 07:12:17] [DEBUG] [cache_layer] Transaction payload payload_hash=utekfL64YgVUAbibh06cgA4OS2RHwpbFQnpcQCAi1o9N+31TIwTEwnj1Pqvr0DbncFL5qLVr64eZSk7O7TZwrw== processed in 185ms
[2026-08-24 04:54:49] [DEBUG] [db_pool] Transaction payload payload_hash=L0Qvna1kOZPEnFYbuK3VDa1gcPY6hyPXiEgvaCTh07CkBoszHMfl3UzkxEgkk1tjqcf7tw27sNlv7Fu3sqXOZg== processed in 34ms
[2026-08-24 08:44:05] [WARN] [cache_layer] Transaction payload payload_hash=bWUyMcaB5mQpCiF0TkHdBhtGe8n0Bn3NXsLza3WDIkFiqZjUK/AfQ5aYLAiLZh+B6qRBINfuLxHm6kZRPLHChA== processed in 221ms
[2026-08-24 07:32:03] [ERROR] [cache_layer] Transaction payload payload_hash=mKpVTb7xePj5H6/4xqAyGpOln/KIETpfV7sQTbbizDp7mys5/EVuY9KXhdNLi0/Sp1sjxABNDzpqMJnlrGhxNQ== processed in 86ms
[2026-08-24 06:01:05] [DEBUG] [db_pool] Transaction payload payload_hash=GXaHoQWn+bnp08N3Y7zzYtzvkf1ho5UFmaWZ28vmh6RWPNnjWdAjyrrVM4Z7MSzQWpwH6PSwEr/nOWuaYQlqqA== processed in 463ms
[2026-08-24 04:21:25] [WARN] [db_pool] Transaction payload payload_hash=22+CTW0Ie/lra+GP/YonijqCUqQTg0QdG/1BSKRG7xqex3FLN3g2fkUeKoL81rnfQomFcK3A7itDdeUd9+F4uw== processed in 488ms
[2026-08-24 08:32:03] [ERROR] [db_pool] Transaction payload payload_hash=dgjbHGUokG7mBuk98miEiBANxjMgHDTwTDpDO1bgPXJzfBYTK7wS0UhPFWCxXGCxWWKRxQ18Dw38GVz4FQ3zrg== processed in 75ms
[2026-08-24 05:33:30] [WARN] [payment_gateway] Transaction payload payload_hash=i0Pkz7oyhn4jfAOC1a56B/x1YtuKCIcMSKe4Q+yRfyVm8WHa+ZlrxIA/JU3pm6wMglXEDs/BuN9OIBl5aiwG2g== processed in 497ms
[2026-08-24 10:08:12] [ERROR] [db_pool] Transaction payload payload_hash=TRmWydyUQ4LTWRf9k6clIXNGuzja+mwbRQIa9jlBIBocXyd1ZWZgbOyJLIxzskudc62rqMxGks8+hmK+bsVcCg== processed in 94ms
[2026-08-24 04:50:56] [ERROR] [payment_gateway] Transaction payload payload_hash=w87irNEYBP2h3x1OpWxxcW/31tPUWxkz1E1EaMQ4yc1S3QdBrBRBlhmb0EypBZQ73tM/DEKz6S4hpwNeSA8HGw== processed in 315ms
[2026-08-24 08:18:24] [ERROR] [payment_gateway] Transaction payload payload_hash=ijsiCqlqwpI/ndcjgNWa1snnPPEM3qGR36QmmiDaXXRrY7FiYawdJxenanoBHDkSEfxAcGALHJp1kVKSjRKcBA== processed in 279ms
[2026-08-24 03:25:51] [INFO] [payment_gateway] Transaction payload payload_hash=q0/oGchEA4J/1UwQ+PuokGfLb9rBcIl+Pd+Z88pfpB8iSlPXRijISPLFDan0kNIklozTF+jlmAPBQNtPcexkfg== processed in 499ms
[2026-08-24 11:09:05] [ERROR] [api_router] Transaction payload payload_hash=iUDOTSl1XrOkP1mAktGJoVfylqiWFTKyA1fdhhKkwX8O7ambI5Mu/+4Ur5AJkM8OHvxa25cDqZXvqrEk+zEy5g== processed in 296ms
[2026-08-24 03:32:45] [INFO] [api_router] Transaction payload payload_hash=Sv0Dvzsy69q78Z0fnoB2rYMbY127PGzo+JNeOkAHLFQv8XYhOL3PadOwOiDJCOeCGoaYtnrPlG3txqtjwmhkhg== processed in 259ms
[2026-08-24 08:05:52] [ERROR] [db_pool] Transaction payload payload_hash=IpVNQpP5pzKUuQlR65gPXylhnVU19tQUDnBN/wZaA+PjHrdOkTn23BBDGR73gWzbMX67Jzi13SHfZJeP8ENoGA== processed in 61ms
[2026-08-24 07:52:01] [DEBUG] [api_router] Transaction payload payload_hash=XgLa3H9MJzIfDxTYFugtjtGLkqtr59py0fnRJBnDX1ccIvhmNNR179FxkgvSR+MQMmd7WVSVTvfe5/rPVokrpA== processed in 165ms
[2026-08-24 08:51:11] [ERROR] [cache_layer] Transaction payload payload_hash=r3hAnMoeY8lSriUZ/j1kVohwrvqApRVUuit6kgJpmnrwggicvHCM3jvJ7q+gbg+syHk3IDZ4AAi5Pg9G8SjUzQ== processed in 401ms
[2026-08-24 06:52:19] [DEBUG] [payment_gateway] Transaction payload payload_hash=wGEm26GrpLCQz9M0g2tAs/Sfg+8RoPRm38PQ9UiM90Gu4sUXFLvyIQ0ixQ0vzU5xTpv32lDMnzBHMofUSmhpnw== processed in 145ms
[2026-08-24 06:24:39] [DEBUG] [payment_gateway] Transaction payload payload_hash=HQtHRsAKOfjPYqAcBYlRPO3PFlUdERm4AdV4L9PXkZDr7VLSzJ5GluSnpSfp9BL9Kz1aLxw7KOrOOGFTGN+RIA== processed in 294ms
[2026-08-24 06:21:10] [DEBUG] [api_router] Transaction payload payload_hash=hSKAgX03bazQeQkNS23Hnob6u+gdK+pGmQuUtjo8D0zQM64k5MoapX/9XA/voXS3hy6zzSg6Pr42J9OrcOJQMQ== processed in 329ms
[2026-08-24 09:21:23] [INFO] [auth_service] Transaction payload payload_hash=vbOi9O3T4s0KoHKIkg051nO9xsBb0M18tzgkQ/J3Iw8fF7tEaoGsgA84+hJGXDT7iUhRiltD2FgiBhKzrbwbGg== processed in 342ms
[2026-08-24 08:55:54] [DEBUG] [payment_gateway] Transaction payload payload_hash=RlvFnsO/r5suh7lXTnjBFBPBzoIEjdeKZMYX3k+TG8hegyjjgrT/Ap1lBRS/wqeU5KrwmMen5/Ba4RvEAELe6g== processed in 336ms
[2026-08-24 06:09:05] [INFO] [auth_service] Transaction payload payload_hash=ZXwp7W8p7T+ImBk6t6dUMSnB6dRS8rMeLKWaRTC/4I4vBGEt7cI7CLhi1tDkkKWjYykNkl5LKAZdZzUIpxEnvA== processed in 98ms
[2026-08-24 04:08:43] [ERROR] [api_router] Transaction payload payload_hash=S1hGguGCFHf/vflvC/y3wQo4OJAxCsN2Ajy453jlZOS0Sdo1KP4KUsxx18YjQXnDZDmLBJTvBv45AcvIyDqm6A== processed in 463ms
[2026-08-24 02:26:41] [ERROR] [api_router] Transaction payload payload_hash=qSbFm00vzxW2ASFh/FA0wpjYt+xVzQbMeHWMy6nquN2TOCBu61MsB980MMuszwa4C7HO8rjvarWsI+LYhv0ctg== processed in 132ms
[2026-08-24 06:19:16] [DEBUG] [cache_layer] Transaction payload payload_hash=fBp8XApB4IdV9IJxZj6XRrTw2+ckcQNMu9uSvdZmfCjKufErJJJ+WvrCIKayn2D3gF98OjmGx6tCjokw3HFOmQ== processed in 270ms
[2026-08-24 10:12:52] [WARN] [cache_layer] Transaction payload payload_hash=DO0SzSOZ7wJJg5MbwRrbmWQFXm9ZACib2Fe0+h8uHzRQGPd2pUc+6vWjb6+FlpXQMnt1dtMLih48VY3gHk7c4g== processed in 51ms
[2026-08-24 11:07:08] [DEBUG] [payment_gateway] Transaction payload payload_hash=p7He2eTD++b4evDyVz2UutUZ6p05BupB8JtphuhZYLpyb4vnlCB4BC/DybpRfr2iOby1QMgYOHia0swDVwUorg== processed in 498ms
[2026-08-24 05:30:40] [DEBUG] [auth_service] Transaction payload payload_hash=kSkLF4KZc3jpEzPobi00dbGiqByuShKYHePjBiCjv5viNvCggfahB7wP84qnR4QVSKDFv9Yh+R06LtV69Qsazg== processed in 450ms
[2026-08-24 02:41:14] [DEBUG] [auth_service] Transaction payload payload_hash=0Bsi8Pr8MnDRtHizrXzG/ZHOlMi2kp/hwUHetlbDsyL78PMS2ii1m5kD34SOtN+8wImG6MuM52DXU15gnkO12w== processed in 415ms
[2026-08-24 03:18:49] [ERROR] [db_pool] Transaction payload payload_hash=Y1xk5l/A2mPDFpgNUnwPZg7cmneYeoSa7XvvNbFlMJGG/bWbpL7Cp71O36uzwviiV/Rjr5PSxmWUhLud99nvYQ== processed in 344ms
[2026-08-24 02:35:31] [WARN] [cache_layer] Transaction payload payload_hash=giXzF40f2YuE5rrH4v4y6/299tW7PNBGU5h6/YiBO8RBKT9qfHNVANqRkJ9O2zR1yC8zLVKIFCgd2TRPO/AbEQ== processed in 286ms
[2026-08-24 05:39:46] [WARN] [api_router] Transaction payload payload_hash=rJKdP4rpmj/kyfrnNliGoSRZsgL+5r3nb8pbkVdMcusvrb5nqWYtg/t4z+sHKOMVZc64/TL+SITTbN2MAi/xgQ== processed in 262ms
[2026-08-24 07:32:39] [DEBUG] [db_pool] Transaction payload payload_hash=MiNVogM6hLG3E6rM438uvWoPMuBJLa+xfbdeoEYyFJjAByheGgdBPp6nC1rxSMHYEsXFjaE+jyxhs2Tg3TstEw== processed in 279ms
[2026-08-24 09:21:49] [INFO] [payment_gateway] Transaction payload payload_hash=OhfPH2AMtO7SK5XzDHu/YSymf/1wgNKFyXJnTGzlmyH3ute+PpPxSOPVA8yB1qVr5XQlQakeccXM9AyD00hC5g== processed in 474ms
[2026-08-24 06:40:37] [INFO] [cache_layer] Transaction payload payload_hash=f4dH8FAVFGTUjViyDGflZUzgGOFCRlHNOWJUJdWhqEUWEsHFDY386PSKNMcdcPXESsmh9jCmDAQ2cj3sgOzung== processed in 131ms
[2026-08-24 06:00:39] [ERROR] [payment_gateway] Transaction payload payload_hash=CiHnPTWW0DQgeyC9MqkLpGOcVpNuhRgsDxpdR4A+ziX6oM+o7hui/FOINqv16OJqjZWFm/oO5EO1cr36NhrgtA== processed in 255ms
[2026-08-24 05:30:13] [INFO] [payment_gateway] Transaction payload payload_hash=/3bj/RgpYLsKARQFAMjkC+9djkOpYneaZVW/c+A973MeCGOpmk4UGIzRhFBJDWo4vphj4oafB1I1aD1Rno13Cw== processed in 5ms
[2026-08-24 02:32:13] [ERROR] [api_router] Transaction payload payload_hash=maRmRFJ2MgPITPuypKxTvPAX4y3gKxAFo2ES4nQViiOZvOySwMEQo99t57GPOMOoxug7vSj0xUQJLTd7rnI7Rg== processed in 418ms
[2026-08-24 08:37:46] [DEBUG] [cache_layer] Transaction payload payload_hash=HxFdmdTni4T/reGK2kTJfPpGWCDWK/lTUQRkrc/zxV/Bc6p6i7C8djjuEhh1Mos65oe4eku6zEjlKHwpDHJOPQ== processed in 15ms
[2026-08-24 08:50:16] [ERROR] [payment_gateway] Transaction payload payload_hash=fBSn4C3JATK86jJIzMCTV1GdvnD96DLWP8LJAUPeChly4rAoTNVxCgKgfnwV5J+eHj8t5L2m6aXQ4sQlZH5XEw== processed in 266ms
[2026-08-24 07:26:39] [INFO] [cache_layer] Transaction payload payload_hash=taqxiJfA/WgHssdbETw5riLwdfF2a8MQUUskbIdq6o4sZ24My+PCnPd6VRn1iJkS9HYqFihAmHiTEMbbphIF4w== processed in 164ms
[2026-08-24 04:05:08] [ERROR] [payment_gateway] Transaction payload payload_hash=2IYmoTACAC62LnH/tchwHK5hCHqJK0E46ZFLZEmA9TkZt4ka/RHKZeL5qt9NDJ8HcCf+7VseqI4RGd8rhCcjYg== processed in 10ms
[2026-08-24 08:20:03] [DEBUG] [auth_service] Transaction payload payload_hash=kZijkPYlmKqppUoetwJ0Dx1ky3cUbA0sFYhhQKy0PfQlKDcTY7QStH+fKCN1sMQWpKMvLFWl4to7qrp5tX8m0g== processed in 63ms
[2026-08-24 10:20:35] [DEBUG] [cache_layer] Transaction payload payload_hash=9c5oWMy1sUz7ZRcWzmOdDMvryvA1KpCQeMWc/efS2po3peR7X5CpFaahyVfl9tstJi6kAkmftWf2BvT57PDcpg== processed in 293ms
[2026-08-24 04:37:38] [DEBUG] [cache_layer] Transaction payload payload_hash=m5hiOMfTIOKF1rDHw4A2KIjOTRFeLKHUq9W6eKuabX+cQK3Rf8Q+O+ICZdMivgSqvvHqau+N1Idz7IjXQvMpKw== processed in 361ms
[2026-08-24 02:34:06] [ERROR] [db_pool] Transaction payload payload_hash=PJJuH/1yXzm+RD2UvUfWwxq41NY9bdOIPozYc/qlBwGIMAmhsvCEbhv+Inc4zV5p6qydaD0OCLuknf5zoUS2YQ== processed in 245ms
[2026-08-24 03:28:45] [INFO] [auth_service] Transaction payload payload_hash=ht5OBO5ZcoGwFtDdSSvQGP+GIGsEOLZXgWLSoydKAXa3wlWxcfkAowqOz9uJuMcr5CbkMU+UdB18cud1jaXiZw== processed in 3ms
[2026-08-24 05:07:44] [DEBUG] [api_router] Transaction payload payload_hash=47K4siWKK9cMGF5JvClz0NdouaLjuPesh2eJw53DQgyRUNl/lJ1wOTHVT6ptFU3t+Q+L9YCYdC3374wydUYUvg== processed in 438ms
[2026-08-24 07:13:46] [INFO] [cache_layer] Transaction payload payload_hash=6R81bwBCBADfgYNA/Rd3YHZNjpxZQe8KJF41hdaa2McdFy4LteQPBpd/CiSVbmxprf/FOYGsNribanCUEkMaXA== processed in 196ms
[2026-08-24 05:37:29] [WARN] [payment_gateway] Transaction payload payload_hash=TCvkuZ/I49/LQ7fQyiUAfy/lGJi3/lINhkF235qHtvP+ctNoUqa4machbdq+W4dODrwgCMwp9QztR9NXeT+APA== processed in 64ms
[2026-08-24 08:58:03] [DEBUG] [payment_gateway] Transaction payload payload_hash=IVpKzd6JA0yABc9zeijcLKD4Ql7zcAqmbeqZX/Fr3nC63uWA0RS5n7eBvUob+4EMNabB5riy1w7jjLaa8/lSgg== processed in 421ms
[2026-08-24 07:48:56] [DEBUG] [db_pool] Transaction payload payload_hash=P3dHRSV7iitqWD99qzjCVdY6bbuo8Hs3brlAylzue0qb2vhCd363bGo4r89phYUcVnidOr/qKQgnU5roAgt16g== processed in 464ms
[2026-08-24 02:36:41] [ERROR] [api_router] Transaction payload payload_hash=16l58nLvh4ST+65o9+fM+la5Cd6lvc3HUXXbsO2B8OpWH3y9vWhpYvys7aEQzTe9Pfko79/BOhCcOJplot5CfQ== processed in 297ms
[2026-08-24 08:18:04] [INFO] [auth_service] Transaction payload payload_hash=cAY/reRJKmE/QAbBnU8rYxHJb/XYJRP7V8IxKjVT0NpTqfy6ts88x4MaZ6fjtWnMgPp9uSUXyrwDb3WZ2U53jg== processed in 489ms
[2026-08-24 09:50:16] [ERROR] [payment_gateway] Transaction payload payload_hash=dploqkRpt52KeEvlx7TOde7Ml8T048cQ0EUE7X3J+IWB7YrSA+T/wAgLYfyxlqUW9DNC7C2P3XCsKU2/CzU6RQ== processed in 257ms
[2026-08-24 09:37:15] [ERROR] [db_pool] Transaction payload payload_hash=RlmTRKY27dP1iTpS99R0fmr3XHFikvXILl/Q2undBs3jzXAd25UFzxSPylLGGr47xvAAohC/kwI31Y5nQPrScA== processed in 19ms
[2026-08-24 05:17:07] [DEBUG] [db_pool] Transaction payload payload_hash=jVXNvWS7ypMf/QXOnk5aACA3aWmW210LOPyheVWym1Rgrp+GMLM5dyLnfVyU1T+acI7Y1MHloX/ob1V7Fvz85Q== processed in 379ms
[2026-08-24 03:53:47] [WARN] [api_router] Transaction payload payload_hash=Ff6pPYNkl4mCCB+AsxPzQhZqTByNqWmOx3pCMeQ0gI55rlrCA2HLC1dBeKvI+npWTibaOcfHjVvYQjpjVcQ/yw== processed in 167ms
[2026-08-24 03:56:51] [DEBUG] [db_pool] Transaction payload payload_hash=kVQXac3Bminjr4Nk/Fb4XkIo5X6hfY8fgZOtZwQ9XckXIFhk/ZYoPuOiv9uHdURyzzIVaWyTc+OdS+fJ6ExcFw== processed in 421ms
[2026-08-24 11:22:07] [ERROR] [auth_service] Transaction payload payload_hash=OlmMj3iUy/mnaapa5P9YS3kEVpjSn8yJH/9YKNMK6uPQuQ4fa6LqPFZJd8L5e2RNb+TneKjk2wOVmtejPyW2zg== processed in 187ms
[2026-08-24 03:31:03] [WARN] [api_router] Transaction payload payload_hash=rjcTkuQr96iD/78J1+cOvokWqHOJ2t1xVXP2FMhZDz0JQasyoocnHT/Lrywonp1Noz9WKqXfNjW8zLCnjyO57w== processed in 9ms
[2026-08-24 06:11:19] [ERROR] [cache_layer] Transaction payload payload_hash=waIWQCtvvrkN43VcTsiQ+wV7Kx9XVQOOE/1VG/Q487B7ZUgIJbXSGA2tkXfSgtMfR0oEDCLLpYnNfTDxL1OZtQ== processed in 167ms
[2026-08-24 06:53:36] [WARN] [cache_layer] Transaction payload payload_hash=kwk17gAyCKSyakxlD3DEaivaYzOGKFxYvYGuhHF/GqYgFDYvdbc+G7p5TY0XHngMRovsZpQ8eL+5ncc3ceu/8w== processed in 128ms
[2026-08-24 10:07:07] [WARN] [auth_service] Transaction payload payload_hash=4ofGgd/cfFKMSg8i2AA344ybxQEKJlosL3xXh2hHMJ8NaTktZBQLlL/TmQLF1i8gKSL7Cp0ppZ9oHj7pUAgSvg== processed in 124ms
[2026-08-24 04:33:26] [ERROR] [auth_service] Transaction payload payload_hash=UJNAhlpheSzFQry/wGdBZ5NyQH/jRf4YofsHCFy50lzr8RDeGI0mpwqC8pRRkSGJBbp8tKOZ2n4Q9RVElMpGiw== processed in 349ms
[2026-08-24 02:55:20] [ERROR] [payment_gateway] Transaction payload payload_hash=D3mwCKV3ep4R0lsqbjkY4dN6Mb52vk4SpJ2j2lfkTsrfbVPhRwWKcN9Zhs9XMuqIhZwbZuQsEiF3KBb23lpYaQ== processed in 489ms
[2026-08-24 09:43:12] [DEBUG] [db_pool] Transaction payload payload_hash=Q/G5U37j3ZPpVC9/tVBMNOr0tLaMk9OV9vrsWoMJwAYpdbjVcesHXQL1Rk2KSXY+59DA1wtjuHpS2tmVvMfBSQ== processed in 74ms
[2026-08-24 09:09:56] [ERROR] [cache_layer] Transaction payload payload_hash=wTVsHo3KH6TDFBARAlAZRLVAmLCy6DkHWj4DSundnCRe4rcA4sDu4e+n5E6aKGx6MX47oGSYs2kSrYyT867gzw== processed in 252ms
[2026-08-24 07:24:40] [WARN] [api_router] Transaction payload payload_hash=MOFC8MtFwAuY5+w5MrgM1yyvQcK+8zy0FhdaY2VKi/KzkZo58P7ttaFTaQRobi1xtZ9aQiJ93xDoTxvmeWpRIA== processed in 65ms
[2026-08-24 10:57:09] [DEBUG] [payment_gateway] Transaction payload payload_hash=/GGe9XU4tI/8UvHqzTSDNHtJR7fVM0VVzvs8ys5mP3f808ihSRCXQ1YcskcW6NnlFLAETajWGrTO6/HqfqUscw== processed in 305ms
[2026-08-24 03:52:35] [INFO] [api_router] Transaction payload payload_hash=SmEREJLtGfwzocBp7lb9yfno6WOhNWjJuZaX4DAeFILF7I7YnsmNJPmeRYPToyoqodYZLTASCBWKHq9r5i9vtQ== processed in 44ms
[2026-08-24 10:02:46] [DEBUG] [api_router] Transaction payload payload_hash=mDjlkMQx7tI9zyTivDu6T8tm0f/mwN8iHz2x/j2tdDHsqCXHOYTc+tKWG+zNiKhUVLY7oGlgpOxwKuXZf8TPvA== processed in 473ms
[2026-08-24 03:04:54] [DEBUG] [payment_gateway] Transaction payload payload_hash=cOv1qhMNcR8/MzZ+Dmr3pXOegKL26Cvxx+rVnAHqvWdXn/IKIjdt8L32yxTK6l5NIliInjdvfId6iecCRNWAPw== processed in 2ms
[2026-08-24 09:12:00] [WARN] [auth_service] Transaction payload payload_hash=Dn4f8BMm6eoE6ZNQ9VY2QcuaHWR2Ppr8Z8Len6katrDsyBkL24skPGOowTDlO7MisAfDYO/xj1eoyja70I/+Ew== processed in 440ms
[2026-08-24 02:56:48] [DEBUG] [api_router] Transaction payload payload_hash=BkCKMZ/IrvOEwOGqIu41HCjIDhNDxNE7E5Ob7ad4i4gzTmbD0vNgtoWBEYSQelS3ikxoOqtyIlskhoeHhzfCRg== processed in 142ms
[2026-08-24 07:48:13] [INFO] [payment_gateway] Transaction payload payload_hash=HCWSbR3Hk8/Bjn3IHocarQyeSuivwPbn7QEEc4Svh8qCPXBBzkRg/Y273mR23gwXedgQEuSW4Zf5OQDw4UPqfA== processed in 183ms
[2026-08-24 09:01:45] [DEBUG] [cache_layer] Transaction payload payload_hash=kaNMWwBmN61+6yoOW83Am6eGC3nSR0Cc1ICq5/vBwpACxBT+rD57EwzIU/If9rPK8lahH5oW085C2/9Jsc7fuw== processed in 363ms
[2026-08-24 06:27:09] [ERROR] [auth_service] Transaction payload payload_hash=/g7ozXe8dqbsW26/eMJd64QYDPhohE4tn+1CEKbM7f71rYlpaEsWqkTpNL6JEYfcTF5FK5R/rpv/WgT4oQOu+Q== processed in 75ms
[2026-08-24 06:05:13] [WARN] [api_router] Transaction payload payload_hash=yxxkgTJLcGHMkJioG+aIGKO6ieSHa4IDVnkSwTFJCZT8DiKdq5IjopKidXlK5LSNgx2bobNh3upaPPakcWfhzA== processed in 183ms
[2026-08-24 10:29:45] [ERROR] [auth_service] Transaction payload payload_hash=/TAP0Y9+YoBSXNSxuldIRrSsB5v+4Ro9K+42d0KwTXW4+ksWpaQZyIgW334WjnqsgQHPL0Rk3gXr+EcttLrzqg== processed in 78ms
[2026-08-24 08:12:03] [INFO] [cache_layer] Transaction payload payload_hash=0+tMJPeVthew93t1z1FCoZ6IB7gfDhgyCfFkS+7CgXkFHRpLcQcBJTpa7pUYt0lYFCIDe/7pWFYPd2QWwGAczw== processed in 405ms
[2026-08-24 09:23:53] [WARN] [payment_gateway] Transaction payload payload_hash=GkKZYsG25JnvoLFPs0DDbTHYAn75vTzus73iO/eU2btNVQeV78mbfmR49oaAwkypE110eHY6yHp/ZjqsaLBdsw== processed in 251ms
[2026-08-24 06:34:29] [DEBUG] [auth_service] Transaction payload payload_hash=9OTzjlerIAYIlqwVfk7hXtrGMNwlEHCmmXWocRS1zQ/nWcBL2QGarCORPv5xT1dDEXpdoGnLRVpTbRRWe5RRDw== processed in 143ms
[2026-08-24 02:49:20] [INFO] [payment_gateway] Transaction payload payload_hash=uevBznMzJutjsVwp5hg39Hes5kDD1J7rF05FXhNsdiM+z+0djm67IeU84uR6VeEHZVBfAqDOvoAznpWk5n1C/g== processed in 126ms
[2026-08-24 08:11:57] [DEBUG] [payment_gateway] Transaction payload payload_hash=QapFtcsIuX8JnA/T+NVVI+CnvzG9OWvHgkAzrg3GWuGvnfFPZfJwzaab4izSiTz0ugUlVwWd6OPtuhmWxseseQ== processed in 268ms
[2026-08-24 03:44:49] [INFO] [db_pool] Transaction payload payload_hash=MnPJ/CrGh+0xMkziX4G9AYWLKGDbcGA9lAiTbrqES7IjsABNS9a/J0DxrSnmoQqDcmqeGakX83xB0YBKBMIf7Q== processed in 255ms
[2026-08-24 06:14:24] [WARN] [api_router] Transaction payload payload_hash=n1+Ugk/Frj6dNPOfzrpeMtPATMGLsoudpSpVcpz56x0wFnDkKsC5mI9EGlXDzGq5cKN2TWdyDmWx0bMSlognnQ== processed in 250ms
[2026-08-24 06:03:28] [WARN] [cache_layer] Transaction payload payload_hash=opVblpL0O3dU21bh3g0TZaBzwyiQxbuIy2OMaRpPCrZAr2s5yw74MxpFcNgyxDlynaz6FBeVq6ggq+Bj+ClKJQ== processed in 108ms
[2026-08-24 05:17:04] [DEBUG] [auth_service] Transaction payload payload_hash=vuYMTZuxiTNEBr6p0uVgyJDH6UKFoSOlrh6k0b0bflQJ3Kd7LU1tz7u5jTkJ3k+gi8n/Lnv5u1fxSkAcRZCNAw== processed in 335ms
[2026-08-24 08:25:21] [WARN] [db_pool] Transaction payload payload_hash=pHh4ZrE2/SZKgNL1yuOHxrjib6N1MfpnnefMSM2YnI+bR78iBCJvXM6AX+BV6SIDwpTVCjMIn2q0T6R9HCovkQ== processed in 361ms
[2026-08-24 03:46:22] [ERROR] [payment_gateway] Transaction payload payload_hash=u0EikheczKfax5acXdkf8Tw3PRBs4yYS370DGVGbvUjBu+4hqFKd6cvSW+EOsqx6P1fZ7m0UEH+/GveIxPQPZw== processed in 339ms
[2026-08-24 10:04:24] [DEBUG] [cache_layer] Transaction payload payload_hash=Q9Mv8BdPhmH7ej3uUaM/O3fDjmxoHTtIAz8zpdCXeCeVPBW30IZdvFBYrG4HR95dO9G2a51JCgB+vq5WCefdsA== processed in 417ms
[2026-08-24 07:34:36] [ERROR] [payment_gateway] Transaction payload payload_hash=0T9N3/O+3zhvSHx1hCwpn0/86ODjGuyknJRc0w5H4+4iUqcY+3S8xBawbitin19hW02uJFkJgebfOSIC/nIlNg== processed in 66ms
[2026-08-24 08:53:13] [WARN] [api_router] Transaction payload payload_hash=VlEI8bBc57r7zTpdOeXhSPbNbg8JZ56DBa9/viCUOUW6yYPYFs9q+hsYwySf0RNyrv/gtXkDKzW6Rwg4fNrQyQ== processed in 428ms
[2026-08-24 06:41:26] [DEBUG] [cache_layer] Transaction payload payload_hash=ANdwwtJNP43mDUJc884G6r9M35JbzNCv5z50F4oBn2fVavf7QpZUVZ9qCyRcdfMJlOgugGXcJAmuKX/AZKuqDA== processed in 217ms
[2026-08-24 05:27:53] [DEBUG] [api_router] Transaction payload payload_hash=S8ZjhyL3lb8CTH6QL9FYiXzNw2MsPbN4vz3fp7NOwMB1lNXHAEjytn0x1sCqEKyWZ6CLSmsKmnldQlH/JETMew== processed in 57ms
[2026-08-24 06:49:03] [DEBUG] [api_router] Transaction payload payload_hash=9GfLC5dAqHlu9cBRUDRowDl7GuONfHwJAZiUtGUe50tBXM3aM4ZoEDj6ygbCq84Yo/jMg3n9ZMp/bFzWRUIf6g== processed in 354ms
[2026-08-24 06:08:49] [ERROR] [api_router] Transaction payload payload_hash=WT2+wgiydXNMOXqmP5KeOZa5AAOuMKPJ5or5znjEDXFvXKyRSXv7Lpb+7xaFEpajDrbC00Axr1PVmBXu8SN3Yw== processed in 217ms
[2026-08-24 04:06:50] [DEBUG] [db_pool] Transaction payload payload_hash=4znPr2WM8BZa+QM/1FMnel8NuixWLmjV2tMw4eLYo+tuLy24uliLtR5J/xieFs0WXivYDhs2B68meRYhBatXsg== processed in 203ms
[2026-08-24 02:42:29] [DEBUG] [api_router] Transaction payload payload_hash=LP34RJpu9qjICBroxgBmOUUFlCV/0iZM9mCJLzePTf4EXRgEtr0BeOPcHKAQLGRuM9j4pW4amjqU0CNypoLkYg== processed in 431ms
[2026-08-24 04:36:52] [WARN] [db_pool] Transaction payload payload_hash=8sLXTbPe/Ib40/XDPhXnM53EDHdJEbW6Hj9lQkJuWWLVdIaaPLLd8SFHQJt5t2tY+gN7w+uz15ZseD2w9Nw2Mg== processed in 387ms
[2026-08-24 08:54:14] [DEBUG] [auth_service] Transaction payload payload_hash=SYJQbedkc7riQr0qhS4C7gb7/muC5LL1n8q8RURPJojZgAAqQHoDbez9wFOndNOPxrBB2tQt7r1vlewOadrnew== processed in 438ms
[2026-08-24 06:12:09] [DEBUG] [payment_gateway] Transaction payload payload_hash=WbHtqk9uGdK9zOZoY31hxzu/kUee5XtK+e2MxjBbNJp1TB3NGGHLjGIvh16ba5GN/rkNXb7h4APyk/D2FAWd+Q== processed in 195ms
[2026-08-24 07:35:50] [DEBUG] [payment_gateway] Transaction payload payload_hash=DWkwmrL51ClQiNNVCksJkLnmfAxmz28y72KhXSgWAsfU1uEZyLMOObHUwCjD7t4ZfdIAj2DtWnCgfluLLhb8Jg== processed in 120ms
[2026-08-24 07:06:44] [INFO] [cache_layer] Transaction payload payload_hash=fNyWccA6SQSlpVLi5dthHC/XYz8Slww9iWTmGVxtTbvWDxI96v/pe/5E75U+H4OPRLya3JnqtwGPSaMZUpRTTA== processed in 385ms
[2026-08-24 04:37:47] [INFO] [db_pool] Transaction payload payload_hash=DPyFzLzPF12coHD9qFs2/zLdIhJ3D/mhoBsn/YhOaI6l6oB0WEWoq7pVB4LCeZzXlyXD599Vy+bBatw2u6UozQ== processed in 437ms
[2026-08-24 09:12:58] [DEBUG] [payment_gateway] Transaction payload payload_hash=sAxoRx4t3PRWyFYSgs+kJUybONYPcbBnIQFlTGkX6I3mF+v0CDGb5Tz+cga3heoglSra4SDnyiKLNSnUyz9rsQ== processed in 423ms
[2026-08-24 06:47:19] [WARN] [db_pool] Transaction payload payload_hash=PzHB24Hq16zG71GykXF/vJRnorrR8Uh2MqiETU1MQt1EUZCDL0VM+WmdmS4VPXiucfB180XPLHxFZLd8xDdUcQ== processed in 20ms
[2026-08-24 07:04:38] [DEBUG] [cache_layer] Transaction payload payload_hash=ac1cWJOC2sS6Gv1XaD0WOCFhH/pfekSJEArmV+UWhDPOu+eEKAp6OuVREfTmeFK7m7JjIJhypuphjSjPcnsh+A== processed in 326ms
[2026-08-24 05:13:26] [WARN] [auth_service] Transaction payload payload_hash=8BdVXu5AYYtHb2YuiFjmo1XKZJI5zfgzePrAqrE0qCzVLR0pnOr/OJCqNtqcFyplOZL9d5NH0adJzJMD0ro3eQ== processed in 392ms
[2026-08-24 05:00:43] [INFO] [payment_gateway] Transaction payload payload_hash=ri66OvOSle9eaFt5rzQU2jSJ48HphQyC0X4B062EJqX5XWxT6A9d2an+4PNH/dyGlRycwuXcdJr/DgAJvGkvlw== processed in 463ms
[2026-08-24 04:46:20] [WARN] [auth_service] Transaction payload payload_hash=aulaKr/1iYyS4QlYmamW4q8W0qY52ntFzCFmvP80rjoXlKmh03Hs3vo7LdLOkNN87jmgiX9XOkU+YCGh1qu5rQ== processed in 223ms
[2026-08-24 05:23:03] [DEBUG] [db_pool] Transaction payload payload_hash=ANTtV+TC9R8ZjhouY4FcNfqJ/kPM4C0T1sQ0J1TRAWJGFtaHK+hIXjjbDMKvDhClak3ZVKPH2/rVBVMw/QXxiQ== processed in 205ms
[2026-08-24 08:31:38] [WARN] [db_pool] Transaction payload payload_hash=VuB5VKSZkjk0vQ+21sWgBLi3Sbchsi7px6mKdNyDB1MSmxwDeUSq8OwgFw9W5jTzUjdUdt0cWDGmqmqPa4Ne0Q== processed in 174ms
[2026-08-24 10:00:31] [DEBUG] [auth_service] Transaction payload payload_hash=UJ/rWmiSE+Kmg8tAjE4u5Qkp8EZ4ueIeU7kbv75tz+QfY0pHxVDaIMfN2x7tJVpqba7CXeNeiHbqm+YH8Sxaew== processed in 259ms
[2026-08-24 06:05:18] [WARN] [db_pool] Transaction payload payload_hash=IWT7yV3i4SwZjQzk4JHn+ljU2lFJU5o1cO/gOLdqVYRCkWkbLJPavyFRaBQjnfYIYwHw47/fm59oKr1UyOxUkQ== processed in 31ms
[2026-08-24 05:42:57] [ERROR] [db_pool] Transaction payload payload_hash=hBWMgmPvaiUPcbkVXyO5QXBIrn1TCyF6mOh3AEndB3avTRO5uo3rScDrO0YXcRjtvd30OzfuP7UHAlgtnTAxgw== processed in 435ms
[2026-08-24 07:18:04] [DEBUG] [cache_layer] Transaction payload payload_hash=AJgvSiwr5pE1UDgjwS9HFhBzaNx6TUP8pvUU95knsy1IJT/LlhbLq3an5KWokrRF+m9UnOwoBc2UQ69IyCJj6Q== processed in 289ms
[2026-08-24 02:30:34] [ERROR] [api_router] Transaction payload payload_hash=q/E2vx1k31T5+HCt/pmiDCylwJIivpb2MBBdhRjbHgTQT7LmLDkLY1SxqBpe5K0GtQTdK2svJgu6R6IVhaASgw== processed in 286ms
[2026-08-24 05:10:03] [DEBUG] [payment_gateway] Transaction payload payload_hash=GMN7AjuWxrvTrcLS/OL+nqzekJzH6q4N1jWu4LeOEyCATqF58Y4KK1+6jIjNr6QinZeNy3Wp/o6ngJv3Ir6htA== processed in 27ms
[2026-08-24 04:31:10] [DEBUG] [api_router] Transaction payload payload_hash=4klBukjTdKQsYCqqAQMxwzgR2yYbuMop2gQpn1I3C9JXiNfN0lkwq8z89TXeFrlf5CQpwLWMz+mkoiv2gCRWMA== processed in 105ms
[2026-08-24 06:12:52] [INFO] [api_router] Transaction payload payload_hash=WsI4rnXkNzqZZvauN4hi4HMq2qSapYB7foWzHhIKcxLKmiABURyg9Sy5KG8AqwFR8ExbriWh/KXCvVjn/McINA== processed in 152ms
[2026-08-24 03:56:27] [INFO] [db_pool] Transaction payload payload_hash=+War1S4La1lZdrPoNVb9YhUh0MzTBWw9X+LQ+sw9iilW7ZZVFpgpOuYIfnStqzlWhzSDvkVm8aEsBq71jn4SAA== processed in 278ms
[2026-08-24 04:16:31] [INFO] [auth_service] Transaction payload payload_hash=L8zq8YTFVdIWL+TRDAYlcfxIJOYDcK0gznMbpSTfAGZGPyCo9gMiKrLZH9C4VRDNA59jnU1I5SHS3RO97BaHoA== processed in 320ms
[2026-08-24 04:06:01] [WARN] [auth_service] Transaction payload payload_hash=C8IZOpA5aym7ST1auvjedgrsL6pswOe94pQmvk4qe0gdfcP4q/CUveJQ+j0CYgXo8Ygmpg8vSLNHi9ZnTj3D9A== processed in 53ms
[2026-08-24 03:07:38] [ERROR] [auth_service] Transaction payload payload_hash=WbO49hTGYnnfH4stvTv39QPRd6cpsgdR4msAknCIJ0wh3gXNevh14DsVzvAfHgHMyaJvq5w9NplH0kTB8QG3sA== processed in 296ms
[2026-08-24 11:10:13] [WARN] [api_router] Transaction payload payload_hash=toQ0eYVKPCbeilL6BjG3JeKpEmalM2SUG7WrI0Zpt+ypnGR8D08yFju57NYTv6nExK1CAuVotr4CeMlpFcNMbA== processed in 355ms
[2026-08-24 09:20:00] [ERROR] [auth_service] Transaction payload payload_hash=oRUaY3qdcoSR8/6jIzcy1NtbcAZDfUyRnAatV0p2idC1eY5tilvilRqMIX9ObfX4JlNuqEsx+iH/LVz7/QTxyQ== processed in 247ms
[2026-08-24 04:11:44] [WARN] [db_pool] Transaction payload payload_hash=MYpsYheZfBGlQzK+GcLZJ7orBngQr2DvhYk4LQazrlNp8KxreHBQizuRpmC3u2R7JkeV3F75VMRdPVM7CDWQug== processed in 316ms
[2026-08-24 03:21:00] [INFO] [cache_layer] Transaction payload payload_hash=4XhUQe73TCMXg8cq5CH+/aSwRKEiVd8tWAw1fO7RcJB0mDX++cJPdnoWfAod7K4rxAyt8sA9/ruWF2PrGfUXSg== processed in 98ms
[2026-08-24 04:48:02] [DEBUG] [api_router] Transaction payload payload_hash=FOfBlTqutfxxCIQJjUoEvvR401+BlzQcQH1YIHSIee+wCjW9KtnFvNX4snMYmSdvghXhrww23aETtLGZ4gQFRA== processed in 367ms
[2026-08-24 08:49:04] [ERROR] [payment_gateway] Transaction payload payload_hash=clQllcQRSiTerVMcZk/qHcLi36Kh46XuvlahfmnMFSAce1985cVePT3JkvagSRzvrv3pvehKW3R7V+ZTmkHCng== processed in 281ms
[2026-08-24 04:43:12] [WARN] [payment_gateway] Transaction payload payload_hash=pZeoigP9g6Wk1v3KGw5btUSxzn/eorZyBX/MbB4bpyCKpa7gXETye8midJX2YaJdcavr+T38j6Ey+8QoEypdAw== processed in 404ms
[2026-08-24 04:21:16] [INFO] [cache_layer] Transaction payload payload_hash=IrRf0wbW7ZAGQC82PCrZX0q8+RDHfMkQTsJtk3MGOahjUeTGofivPTTzzsx5zMnpbzuacbQ8u15+A3DIJk7Xdg== processed in 367ms
[2026-08-24 07:57:38] [ERROR] [payment_gateway] Transaction payload payload_hash=lJTBG5f+k6NvcDQVqW+cz7n0lSSlvUll0JZADS4oEwQFeApebDhhrKN9tNsT8fa5IiCh+Ewak4MqIpnswPkehg== processed in 31ms
[2026-08-24 07:27:04] [ERROR] [api_router] Transaction payload payload_hash=A9sqZSgYDxaNPlEfhYJQf++it9lfUtpeI5SQN92AMBcnwZXqMSHwhmdPlj0PUdsTwGdA4Z4EVD4FgXYY/R3asg== processed in 103ms
[2026-08-24 02:33:29] [DEBUG] [db_pool] Transaction payload payload_hash=cwMpWBBAoTNhFZyS7iOPb/po+AXfdqzA89MTJeTmJo3TdG83jOY4OAy5NH3gsyi0CfI5o8zuiWSDVQceXZFqDA== processed in 119ms
[2026-08-24 03:47:36] [DEBUG] [auth_service] Transaction payload payload_hash=pHTqThHrb7APm+b0rbjmXmxodV8rfSHhLnr7DZsu0zp1aW6OaxAvZbe5uIJkPiLkQ5Y0osgtm6O1EkSIVU/WTA== processed in 108ms
[2026-08-24 07:25:24] [INFO] [api_router] Transaction payload payload_hash=5GPtSrYOQOMpJmMaqvXofi6uZK8YeNTO1blUr3FLVqOOqqxzFH99mQr9DfOI8hory/TtZyoEx2lMmZ+BcEgB/A== processed in 145ms
[2026-08-24 07:38:34] [ERROR] [cache_layer] Transaction payload payload_hash=lAIVa18Q7nrP4QmJbW1XDSpn2QaVEEOCD8yM5G2GU4HNsxhytgt3Zvd64vUlVowNLPwDcrLN8mGzooQCHbkbFw== processed in 119ms
[2026-08-24 06:30:28] [WARN] [api_router] Transaction payload payload_hash=mOLwz55oWHkWV24vpf5GvlliRGA6iLWtCaMQsbq3y4fBJjAeg/9T8unTnrN1fqZUARav4eNj0/xKQ3lrLDkKdw== processed in 489ms
[2026-08-24 07:50:33] [INFO] [payment_gateway] Transaction payload payload_hash=XXM9Q4fKP917+rjGrhC10RTbgt4kao831feRgFtNI2Q6+WhiNyCa8DwyD4Rht1C422l8YCjgX9sEtp3LunRCtw== processed in 62ms
[2026-08-24 09:52:58] [DEBUG] [db_pool] Transaction payload payload_hash=bzgnDSaBgGnR8HKV+aMK+r9ogb9mP7iHRWiz+Ns+ZV2tFDQB6CodqdfMmfQEHx9YF2D1idcvuLTytr7b7cU0ng== processed in 250ms
[2026-08-24 10:22:17] [WARN] [cache_layer] Transaction payload payload_hash=b+Cck4nTy2N9wiDYbvH5GDcJP9t4LLJV4/oJ4o6AvIdoY7PmrOo12rqUhNLMNBOnd04KqbyTyV3L4H8jQHcH5A== processed in 458ms
[2026-08-24 11:11:58] [DEBUG] [auth_service] Transaction payload payload_hash=3KbMFdxsTshku5Aeuo3Cy2O5b5UvrKWJMYsLWqZbZDur+czb+ZK3ROb9V+YMXEnzgl/nUy6l+poBSJs6fgkwCw== processed in 36ms
[2026-08-24 02:23:37] [ERROR] [db_pool] Transaction payload payload_hash=z+oYhs9mlLqz3y+qZuctAxO2StOR3bk1qUGrZUoMAHbMkxmBNNZiqRfZC/fiP2d25425ifEjYZ9hHTj9JUvnig== processed in 60ms
[2026-08-24 02:25:56] [WARN] [payment_gateway] Transaction payload payload_hash=Zi0C7BWIh9StiUSSLAxchb4UCsp+HTwiXC3RcMh769fhK25F1fsCRmD/shl1aRwWPeRW0KAswaGwlFlMqyKOSA== processed in 422ms
[2026-08-24 06:46:41] [DEBUG] [db_pool] Transaction payload payload_hash=mHtX6sNx8pLMrPdDOIP3leBvUYW+ugbeQ28Sx9kYMarvV+Atj7Srm9hHNdw8fDUQQS+dsZ+ntDKI/y7JVeGlGQ== processed in 187ms
[2026-08-24 03:23:07] [ERROR] [api_router] Transaction payload payload_hash=HOhBDuWnQ0Spadlyp/uxp8NiqtLTdzlCIMFlxjbumttsFqO8kBu8iJU2iY5WDeM7RzPEsJ/2vDQZzpZ25/8/MA== processed in 325ms
[2026-08-24 11:16:25] [WARN] [auth_service] Transaction payload payload_hash=qiEWSHzAl/eQmdUs20PeAlB3w78HkydDKG1bI/2qTKab3NIwc/pdtEAG+1RIg/8EGsYayDPuYQitWTb0ivZzkQ== processed in 244ms
[2026-08-24 02:28:25] [INFO] [auth_service] Transaction payload payload_hash=MYvd36CO8eoryROgwyZ97wxM5A/PrGDUPsFqIUSvJYgp8h8705uDRjXjwsvvjHKb9DXEunOcNvsFD5B3VkxuQg== processed in 8ms
[2026-08-24 09:15:41] [ERROR] [payment_gateway] Transaction payload payload_hash=YDIHxCpZ/V7wvyAzTszctL7THIgJEmnkSuPSM9xHGKLVyG2yOYWMc5+mZvAxQarMg+vlWnbxzHHV+Xv0skKJ0Q== processed in 477ms
[2026-08-24 08:12:14] [ERROR] [auth_service] Transaction payload payload_hash=8sc1s0NNjpvSw+L1tRE+5d0oMZJLM66Tc1Dync27jZu3p65tlyKBquDhugi93dr2i/HTpIEnHYfbuzfep73AcA== processed in 437ms
[2026-08-24 09:14:16] [INFO] [payment_gateway] Transaction payload payload_hash=YnXRtTs6W95UGPs+kT6qjFCoAPpwTLsFUY26XVlOB1ID8cwWIwlj3dSYSW4w+X/WBABYUlzLtTCjHUgknvulWg== processed in 236ms
[2026-08-24 10:41:18] [ERROR] [auth_service] Transaction payload payload_hash=12rI7A/FXCxUHjzDQ9miQ2tu7B/ADY3r1jp3N1WOMyZg9oUG1GUXco3D5Y0ddbCeVHlvCrO4f7w0ogu2s8i6MQ== processed in 94ms
[2026-08-24 08:31:14] [WARN] [cache_layer] Transaction payload payload_hash=Pj9kt8QiZuFqDritgxd8ifucIsxn4v+W8Hrb/jb1Me0zDA+aK/ZBtJLaHtdzmXJhuQ2yEgoLPVPf1/wOoY+RtQ== processed in 115ms
[2026-08-24 05:05:24] [ERROR] [cache_layer] Transaction payload payload_hash=w+sqZwXQKEFV1TY7EvQfA3xgVH6EPZFnQ/X9cnM6lIzH2twJDE1m/4PcR6S5sXFniS5AlXezZL5aurg0pSxyAw== processed in 338ms
[2026-08-24 11:15:16] [WARN] [payment_gateway] Transaction payload payload_hash=Jtj02epNWDw0/ju7Cvq4l7MOMr8kg7X+xWP+OF7nmlNmvPeXTG0CP1DPagtZqq9/5Dy8Sf0DCCq30AfR/uzuTg== processed in 130ms
[2026-08-24 05:38:32] [DEBUG] [api_router] Transaction payload payload_hash=Z5eRxkErnX0ZBELjNxHwPDjZYFNCH+ZJeN4zzISI1huqArlitQSi7uaSYzj9Mqk5zhqi+UwnYsJotG41Ek3wyw== processed in 227ms
[2026-08-24 05:44:22] [INFO] [db_pool] Transaction payload payload_hash=sYH9HORgIKj2pQ3qWmGO0SodgBbKWet/d408AZtOVyjQDmumG1z45+tuu7B3IAGsFKIluGayWeUd4U5OfKc/Ng== processed in 306ms
[2026-08-24 09:28:04] [DEBUG] [cache_layer] Transaction payload payload_hash=fDLjOxooxOPsdInSssVqNO1FWdMLBnFnRadrDL+vl5QXTjLpdtFe3f9Sjt61tbaS8e+tueD3mXGXObOsim+Pzg== processed in 160ms
[2026-08-24 04:40:26] [INFO] [payment_gateway] Transaction payload payload_hash=SZyJoobexfAo6PCNYo6JG2MxiaW7ZCUZs1f6yymIzij14zqcfcQo94WRwZPqBQzZ1GFs+sgzNT8PUuOKqs2pdA== processed in 79ms
[2026-08-24 07:48:10] [ERROR] [db_pool] Transaction payload payload_hash=ftimcoqmtfMkK53q+TivCRnjK6TfUoaAUStUNEvUScPyQBiCqn9OSjxwb2GE13sfB3uOTTqRtOCRAn5J3xmXTA== processed in 139ms
[2026-08-24 10:35:33] [WARN] [payment_gateway] Transaction payload payload_hash=xdFbd8vMfEk73SIzG4NgGN+UkHkbsbbafglBQ/dfeIy0BxCdThIJvi42UmmJrRb4F9GNkLfEED/l2GRmce2Mmg== processed in 166ms
[2026-08-24 08:09:56] [INFO] [payment_gateway] Transaction payload payload_hash=ui7fRBxQloH/iAC4sN6FiTG/NtCdjPkvqvODzOpvjs2o7zjFltEQuH2z8+aYNloJXGFidcuD/By0rKL4LuDebg== processed in 44ms
[2026-08-24 05:47:33] [INFO] [payment_gateway] Transaction payload payload_hash=1oE2X78hmip4HWZPL/73YFWIM9qJp47e+VDDM0z+F4Cx8wF8915sdx1L+59JlWRYy+GppZIGhKSImX80O2aE6g== processed in 14ms
[2026-08-24 08:40:40] [DEBUG] [api_router] Transaction payload payload_hash=Y4ST1OSaab7nOxRmDSKlx0e2eQVLB1XE/ACv3VdqTDavEJYQsn1sZafpsSTEkfnFjTE8m6rls3p5EtFVLjH/GA== processed in 79ms
[2026-08-24 09:20:48] [WARN] [payment_gateway] Transaction payload payload_hash=XWZDOssDwphk9htQ6EF5MBNMLuoBitxNYS41dJ7b7artXKVG4sWiYWI+Vu8D8lUO34+hUd86vomrVjIwvra62Q== processed in 292ms
[2026-08-24 09:52:25] [DEBUG] [api_router] Transaction payload payload_hash=pAwAvW/3ovyH+fCGsCsVsRmU9PO1+okk6RzioK/iS0WmLcSg763pf8eIYVBqmVtVzwn2qsRRR8Z7twDYorXViw== processed in 296ms
[2026-08-24 05:33:56] [ERROR] [db_pool] Transaction payload payload_hash=7I5IdV6tXQB71pS2UWUP8c6+H1DSEhBeZl4Z3VllWPLSiII88g3u/fJKzL6KPnGpSFbWQ6NqeqKOgfq/S4+Zkg== processed in 159ms
[2026-08-24 09:00:41] [DEBUG] [cache_layer] Transaction payload payload_hash=xNt+rsaCwwZnQNcqR5RUfa59vt9Pk6YOxisL/OVW35GAKdOH+h3Ywogr9GpFh2dgAzPe2mlXlFGMqs1Bx0uihA== processed in 354ms
[2026-08-24 10:11:29] [INFO] [payment_gateway] Transaction payload payload_hash=t5ATZ4VV6Vmp35YmV7x71pUcXVkfJQ9zo5fyNwClTpgJej6ClSoX5tq7BDVwJsGF4bsWK1tWcHqb7c0yw2T/Bg== processed in 299ms
[2026-08-24 07:52:06] [WARN] [api_router] Transaction payload payload_hash=Woj/athXenRG6seEZIoGb2MZntj/9ap8nF2jDly0DH01a892INs6wEa8ZfwU1p15tgtIIGV/6Y4ajfeSUKOjCw== processed in 175ms
[2026-08-24 07:31:17] [DEBUG] [auth_service] Transaction payload payload_hash=T/mqN2t9guOZtSkd5bklnfeTy4oi3dnuDyH7QewS+X420OZoSqkBme4SyU7WAU6arZ/xjzdE9miaM83tBv1eZA== processed in 52ms
[2026-08-24 10:22:00] [WARN] [api_router] Transaction payload payload_hash=M0Qk+VMK6dP9XQ5G+RsX++hE5lNNGaPMX1P+F40wmrrF/8NGdEEFGVbPYmK4cucU0gGF89Q7yUtp9FxscBC9Eg== processed in 347ms
[2026-08-24 02:41:55] [WARN] [payment_gateway] Transaction payload payload_hash=CAHg5xT2gC7NhhShE8ZAjmsOW0EHuPRbN/xC1gGTPAlQU0/NaKp3tqKtW4HwWyM1g0HqDBqg65xrK/1vy+ZyxQ== processed in 57ms
[2026-08-24 07:47:01] [INFO] [payment_gateway] Transaction payload payload_hash=hVGjcienueDpUZe8c3UFFHsGgbvLswMiDP2EetvpM9D0912HHNjTt5/Am0pCCuXzGyyHQFLG45Je3hefIQtNsQ== processed in 333ms
[2026-08-24 09:03:18] [DEBUG] [auth_service] Transaction payload payload_hash=oQQQS+foRvDd2xsov/faGno9jBlq4+Y9oyIsTV2KAEK/eDvppMVptwiSoNdu3F3RXGzmqXMoQz6psY88OuQ5iQ== processed in 127ms
[2026-08-24 03:50:01] [ERROR] [cache_layer] Transaction payload payload_hash=wVKOGCJv1uJSdUtzKcgc4MSBt0cWY1ncXtJnnsxdV4tCMYec13CbHj47rKOI895IzI50V4gydE6GZFk292u2Xw== processed in 79ms
[2026-08-24 08:08:05] [WARN] [auth_service] Transaction payload payload_hash=GccO+oFLTQjYUaQvWxUTrbNRG2QJLyy1AkJnfj5Dvupo0HSVkx4vIpxsP6ZATUokIBsAc3OnBF6rnlBkKm+iCQ== processed in 136ms
[2026-08-24 10:23:04] [DEBUG] [api_router] Transaction payload payload_hash=0do3Os/oPzOk2Z6Wi/49NYiaG0V2MFo/jaMfSRKhE7v1D48cJoCsFxRNll1uy+AXImtxzQ4OaPd37hgLMFJm9A== processed in 117ms
[2026-08-24 11:06:21] [INFO] [auth_service] Transaction payload payload_hash=cR2E10b59fsTCbF2Ug7gASXFK9zGop0QVPKfldYTAWKofOv0UuPto63LEUCppcO1mBiNwbtjXGdc7zUb3zAyAg== processed in 83ms
[2026-08-24 07:03:26] [INFO] [api_router] Transaction payload payload_hash=RYrptiFV4H/egLn6ZZ92tJOg5KdCdCnrRx7A9eqTXSAl5q5yQ6Yn9HL0twfpyMUkTkbsQtEOKwJA1h9ohlZiGg== processed in 364ms
[2026-08-24 09:49:16] [ERROR] [cache_layer] Transaction payload payload_hash=jUVmEAyCn7Dd307o+EYOXySHpuWk5LYbUqPHgyf+SdI24aa/CbsvtQONdYZPqFPVDypSeG6aOxPg+q6UWv6GCg== processed in 1ms
[2026-08-24 09:14:13] [WARN] [api_router] Transaction payload payload_hash=0vPP/7U9OYQS99sHkSi+QPzVoreqc6w5rE06AcIBTHCvPZwtRz2uDdfEAR7hqCtfV1pAe7RUrhEepfdqRYTQ+w== processed in 457ms
[2026-08-24 08:10:20] [INFO] [payment_gateway] Transaction payload payload_hash=fS19QPTRnSV7oHKY+WxZa+7RxhUKmKvBpv/8JOiJTwrm8vEQg3j166oSx3wCPOLeIZU4UgeBL4GYb7al7w2dmA== processed in 151ms
[2026-08-24 02:19:30] [ERROR] [db_pool] Transaction payload payload_hash=UKiH4B0n4eP3/9JhoOQIL7rkw5NGBBINGjxDaecoEKMmvFkXBH0rU7qRMxdwplYoCVprVnwdHSWTFs2s6RG11w== processed in 493ms
[2026-08-24 03:29:55] [ERROR] [cache_layer] Transaction payload payload_hash=GRo2bbTx2UFeRRrfpG0wU6hVOkjhKLSRm/3/HVRfCWVXaEDQiRiI84vEPhA9NrAQwVGtckomTr/F1PqHNoD4+A== processed in 490ms
[2026-08-24 04:53:15] [INFO] [auth_service] Transaction payload payload_hash=OGGiLExfyxr9QxxMK2dfVQvxgbLNvPjrdFxGiJSxFbZNAwju736Ktr6SN9tlqYBbRXLwbG9IeucCmlNxfm3IwA== processed in 236ms
[2026-08-24 10:57:46] [ERROR] [cache_layer] Transaction payload payload_hash=5HvdTYZQuKooA43PCE2aweSiCxjhSWgxQgVT154d7+5ko5Ay97GxS1kQDZlrsocZKrV1MgumEAMSWZM7GQGxmA== processed in 477ms
[2026-08-24 06:36:37] [ERROR] [auth_service] Transaction payload payload_hash=tjXwiKJZHfKpkXELc525+/lE8nWqUYg93a5SAv2U2D0FinzUOhFAeIoqfYe1lBqF01794MCB0mjnTJiYAH8LXQ== processed in 170ms
[2026-08-24 11:16:28] [INFO] [db_pool] Transaction payload payload_hash=kSiMOuWCa3DaSO6TWi9cyYBNz5jOY4wGz/vKWx587jF7G3t698XANo4dsdq7Qe2/5g3ydtxkUI4ZzAbcIRwtRg== processed in 126ms
[2026-08-24 06:25:29] [ERROR] [db_pool] Transaction payload payload_hash=g06KUFXgHKUZKuMwLxhb59ELAxAI+xJ3rQM4LTAriYKAH26bG9zWPdoxoqAR/EQeBmOH29Lw3tIA3aTR1G+Wkg== processed in 328ms
[2026-08-24 10:50:40] [INFO] [db_pool] Transaction payload payload_hash=UxlRdjdtsL9KjPShM3f70Q1PQTmXFpnfNm0m4rhUFT1A48YsLUGAzqftUa96Xes72I4WxAJPf1XAJrIexHU+0A== processed in 404ms
[2026-08-24 03:27:39] [WARN] [db_pool] Transaction payload payload_hash=V498vJp6AMKQaLQpHwepiarY49wSPIxeIH837umCE3NswDP/2rJeXmh5Rt57xCJrgZ7y5XzS0g2wzLbwBKAy9Q== processed in 117ms
[2026-08-24 07:57:56] [DEBUG] [auth_service] Transaction payload payload_hash=Q70VKunQjz0BAfQchxkAvjUxr4Cd6TR9nPA7Sm4ShKI/JkQFv8ky6GxkrQgOWYivmcQmXP6jtLJmJZj13F+zOA== processed in 442ms
[2026-08-24 10:47:17] [WARN] [cache_layer] Transaction payload payload_hash=dgKQF/x1TOvv6iWXWIeeO3ZIb5ADQ26+78zPl6xZrRSUNooPNT8h6I+12ll0NJMwtD0t/mqrmsMkH46v6BfNHg== processed in 42ms
[2026-08-24 10:06:17] [WARN] [auth_service] Transaction payload payload_hash=U1HuK/yUVlMwYXxLiQJ0UlKZdOurQgm8pzCPob/oiuzqZyw0nvvBMGAKDNBnPng1TYey7i3G59mz7ueJqUiNBQ== processed in 313ms
[2026-08-24 06:46:22] [INFO] [db_pool] Transaction payload payload_hash=VApKrpNS7TJF7DiTDKpPY8XTsdoTA2AG/UmiQGdYcHGi7yJizMjV2uGdZYOF+h+kAHtlCYdoXkCvIftZYLWyHg== processed in 168ms
[2026-08-24 07:02:00] [ERROR] [db_pool] Transaction payload payload_hash=yrh1h30inehsPiHlADJ872DEc6XtewK49/RDorNTDM9YCf9bLIbCPB4IF+TescrlxUQam7OOPod6b4L5KC78DA== processed in 180ms
[2026-08-24 10:14:40] [INFO] [payment_gateway] Transaction payload payload_hash=WNhoU0PpcxPk0pRRsWwEL6NNubbs2ZdeRXY+FnGgYK4Faxu87JUfcB07BVr63fI/GZg+OBb8ucOERCaGs+mSJg== processed in 13ms
[2026-08-24 08:15:19] [ERROR] [payment_gateway] Transaction payload payload_hash=JovwOHtn75BvHODerJuhyI4X35bG5Q+LOA3vpZ+MHLkbJxW3+h+mYpXX6LaYlGwW9fXzxhf7FO0v459Mmewyug== processed in 80ms
[2026-08-24 04:28:36] [ERROR] [payment_gateway] Transaction payload payload_hash=BuiZEdmiMV8PiFEMtypehnGFJaio+S1IDZ5pUrKkPNqwgDxry9oy97Z/kqNPebvp8ABixIbiAEYr6iXF7qruIg== processed in 247ms
[2026-08-24 07:40:40] [DEBUG] [auth_service] Transaction payload payload_hash=HP6LA5qYwG88X5vIk3WgQnQs93AFcf7hpSgJXDFlJob/KvAp13DMmHbxKidEpBCRqTX6XZMlnwHvZWzzcNGr3Q== processed in 21ms
[2026-08-24 03:22:01] [INFO] [auth_service] Transaction payload payload_hash=JBtRel7vXP/WDtQvVh1J3IWSsJ3ZDB2Zkugp1LK92x3Mns3X9FixVAU09ryPhwZwd/8ULmGNL6uB6yrvxCSdfA== processed in 182ms
[2026-08-24 06:43:52] [DEBUG] [auth_service] Transaction payload payload_hash=sJaUeFLQG1Xq20KqqxPfnTt8cD1Zg2ZTgXcUR3HZGcmOxToZ51RdSQ/NylzIUQrL0M44yJ5FSNsY2wjNdfzeeA== processed in 265ms
[2026-08-24 09:26:47] [WARN] [db_pool] Transaction payload payload_hash=2KM7ONBgkXQ2yh6Y8pz/hegnN4vDCjBuJnJ1gFQ4h7wZx6RG/78z0I1Fqqe08ASyeAyRyeSJVjw+t6KgLffCLw== processed in 52ms
[2026-08-24 08:45:26] [WARN] [cache_layer] Transaction payload payload_hash=EtyAsg7Z+sdkdHViW8EUffXpLDddq2623Ln0siQO1cZnGWSRuOI0DNWSvwTecBpp5sBo4q0606jciJ+HYgKHrg== processed in 134ms
[2026-08-24 04:34:17] [ERROR] [cache_layer] Transaction payload payload_hash=ty/mDAhH4VOPaNmHBXRY5RRKDYUwEzHZdZAl2YFd8A4wH7hcRb6v1bYzoRY2kQ7B09O8Za07IrCpFsx77R4fIQ== processed in 246ms
[2026-08-24 09:24:14] [DEBUG] [cache_layer] Transaction payload payload_hash=y9dZ//pcVl+TypX6TUBKQxtzavPCqziHwWNujzQhuDHk3B+Zcg0aXSWPO6w8v/ARQUMtnLhmO0jLo7hcBx8oIQ== processed in 376ms
[2026-08-24 07:41:13] [INFO] [auth_service] Transaction payload payload_hash=eSFuzTIZjm1ukeJVy0JeSRfZB2kHAuDWFalP+JJKFb24JO6MdYPkLmFxpkVDvYWMvR5STedQqQ1Su8WuFGyXPQ== processed in 39ms
[2026-08-24 05:00:14] [WARN] [auth_service] Transaction payload payload_hash=FYj4s4/9X1sTqN6e4MeEoC8iQ+uOOMqPZrwxTyeDH4ZuGUe/vq/YML8kLoazr3l7fK+z9RiJ3X95XcBBN1nFIQ== processed in 490ms
[2026-08-24 10:15:55] [ERROR] [auth_service] Transaction payload payload_hash=XXmyYMGXCTuzOwZCxYjiDbq8cv4V8Mxr4C1kYZqhKNQkA0r/ncURK2y1dxy4zpo4fu59JPHnbULCj4vh7YOCOw== processed in 480ms
[2026-08-24 03:14:12] [ERROR] [api_router] Transaction payload payload_hash=zQkuflfz7qumJpm6gya7hThMLyatM1qjPToY1Zzhxw1Y80F6Z1+UtPeOcXhAE9EVqSJ+sBKzyCCqCfjz+lNNkQ== processed in 252ms
[2026-08-24 07:27:48] [DEBUG] [auth_service] Transaction payload payload_hash=3mA7AHZNMTtccN9fO0wx+0auY0cRSqD0TDfrvPAgylWapvHtKLxCNytwUhpDy90b1vEU+Jq+P/DtXokhysISHQ== processed in 245ms
[2026-08-24 06:07:33] [ERROR] [payment_gateway] Transaction payload payload_hash=pNNSNdv6aITwp3oE32bUyLe0wtXOWs9F7P3vzsr57HT1DTfj9XTPK8G0gb1lNAKr5mzB/ZOk7YpSkaQ4AaFUTw== processed in 450ms
[2026-08-24 07:44:53] [INFO] [payment_gateway] Transaction payload payload_hash=IbrMdocQ61q59pZSkuTBo+iRy8vlaLAwh8AeU/dfyLmeDma+GsCUKK39aNQ7VEuCpcwnlJ2669vfdoYxvMYxPA== processed in 69ms
[2026-08-24 07:42:30] [DEBUG] [db_pool] Transaction payload payload_hash=uMx04mzE2deGN2yYjiSP/0pkrkw3cVUbD8iJP5z8WJvCEHCIBYyiv2OYgiV3pf7fOcUvPyHDfXGZ8cJHuGmmWQ== processed in 32ms
[2026-08-24 05:51:14] [DEBUG] [payment_gateway] Transaction payload payload_hash=bK9Da3DNi7ehgSPFUvkNED6JPCGpk5uhH6r9xGLImVLkcXSYWRnV2EtWcpBrA6yIIFHRs8R1VeEmPcmjlbNPVw== processed in 355ms
[2026-08-24 04:24:59] [INFO] [payment_gateway] Transaction payload payload_hash=2U1nllQ3kPqeu0FCwdJZNeS9XfFuQ/ZN5ZdMBJYnStsY9WVdVm3uco69oMWWV9ZnwQ33JJPgYo7CK/DFcTiqYw== processed in 274ms
[2026-08-24 06:21:50] [INFO] [db_pool] Transaction payload payload_hash=vgIQNBSgBzmz2wQdD0pI57oQAhveDg60XxSx2UGPYYd2Iz9kfTVxyFcKa2EUtl2wSDVkeOL4xnt18esaViw3vg== processed in 408ms
[2026-08-24 10:42:24] [ERROR] [api_router] Transaction payload payload_hash=MB8961fsUz//YZp8KYZsNsAL3bfZvWryx6jAfbjhS9ayV96Cgsym+fPAgUf/pYUi3n923ce/C0Wuf6AYgm6Cgw== processed in 257ms
[2026-08-24 10:14:28] [DEBUG] [payment_gateway] Transaction payload payload_hash=YDkuG8otPHd7PsDu3XwZZoSEFGY1Vg2vrkAXzR8Ki9TZm32GI21erWErqbgu72pyHNgx53gFt5ZATwgwwmXQ5w== processed in 98ms
[2026-08-24 06:07:41] [INFO] [db_pool] Transaction payload payload_hash=7WF/crBmfe5Vn8lvdktu4k5H17lrFmJZMpO49+s5DQ5WhC1jtF7Nt4mDq1CoQcMFv8VcmjA2WvEC3WVuCdGoHw== processed in 300ms
[2026-08-24 11:21:39] [WARN] [cache_layer] Transaction payload payload_hash=kXW/nculrwDHh4Zycg0s27mLeCvZZS1BCGonKPiA3XPaD3magJoZsCpDDblNDmO/SHcT0vw1ORKBJ+vgp78bbg== processed in 45ms
[2026-08-24 03:01:04] [WARN] [cache_layer] Transaction payload payload_hash=PRrK21twClK4SDjLgj0PN9Ue86feA4FIolf2x27S6Nt6EuRLgEy4nCqJ/XnU5rAld1KYt6UOvnfGSV6d+rNgXg== processed in 193ms
[2026-08-24 06:38:11] [DEBUG] [api_router] Transaction payload payload_hash=Zm2dZTy6mo5hnkgHW7xQYTYVJYg909vzp8DkLVqvE/FBv6hIdBU5z5kttz6xq+gpyIasBDx54L4/K4seymFoqA== processed in 468ms
[2026-08-24 06:58:58] [DEBUG] [api_router] Transaction payload payload_hash=49JTKO3Ngzz8VnRsU30QMHPE0D9c/XjM5Kv4SvBsF8Y/ABF8fFE0ln/I4RKO2gHjCnbKOI1ADorKbdg8iIVOQA== processed in 350ms
[2026-08-24 05:49:30] [ERROR] [cache_layer] Transaction payload payload_hash=IO208MXoUPpvLBSBq5NJUlpEWoZ0B4AKdNsPHw+wh7q0XTgPzCxHZiiQr5YytBKbtoUtcBZ5MQnHzAdOyPdp+Q== processed in 40ms
[2026-08-24 09:16:16] [ERROR] [payment_gateway] Transaction payload payload_hash=/VOsGS5IW003PGid5lqrvYqo4ExUAJP63r1vXFb9/u+Xj6qVp6yE/4mo9X9/gedQr8m9bHHj5kvvFdHqyxkcFg== processed in 0ms
[2026-08-24 07:52:40] [INFO] [payment_gateway] Transaction payload payload_hash=5j4wrNRqOyEoE6KDb5XuqnZfVQaQb3eXDFSvcQ1sZ+GO2YEonQmYkX0PZTvcWo67rCJtOA7db6Ze2scTZk/59g== processed in 489ms
[2026-08-24 03:16:50] [DEBUG] [db_pool] Transaction payload payload_hash=buVTZZjhkuHkzvBoOoh1wr15y/0SMaSXb+lj72hJhdqRYx85laTLzqYXw3k2FmWoUJrweSUnFpDr69n3tgFp6A== processed in 425ms
[2026-08-24 08:17:16] [INFO] [cache_layer] Transaction payload payload_hash=bGauw3uKJ6+oRGpFd9AvdO49q/w5eVfAXiPxjHvgC8navVc5qdY0YeP/ENz+VPkErt4IAwEl+mR/d08fhhLo+Q== processed in 343ms
[2026-08-24 10:37:26] [ERROR] [api_router] Transaction payload payload_hash=K91Dg/xgEFbvRit94nY3HGNcmeF8eY4YOwp3GGqmqRfuUQqdu2oVSEi3pxqSppajsm11SL3eO8GjPro9wgrqtQ== processed in 175ms
[2026-08-24 05:48:32] [INFO] [auth_service] Transaction payload payload_hash=d3dTSFi+b7rvjh+eZlM3snXUk4TNZbjsu2BNSTKGUqZr0QLAEGlHxFSTbWAriM2ZuWlWRLGcMGt1i6STatTyow== processed in 412ms
[2026-08-24 04:41:07] [INFO] [auth_service] Transaction payload payload_hash=jGJXfZgo5kO3TRUk9yavMzqmAmVNaswSfqQb86JYsVAiEludPMh74LqqYzCz3YDXw5LctmiyDF3OBnD1ebJw3g== processed in 133ms
[2026-08-24 02:37:40] [WARN] [cache_layer] Transaction payload payload_hash=BlKJyUvn69fNPjkDXwYqSIPvfVlw8AQ/FMVllniwCT/vtHy/5gkvWFyDhCx9t9eKicwJY6W+JD5LRzX7HkHf7g== processed in 38ms
[2026-08-24 10:01:01] [INFO] [api_router] Transaction payload payload_hash=d50oKTlFAIP/Hk1Moxb3t5tKh/D1VyNhyScAg6TdYahKEuOFtitMObLXOJk/XY/DaknaKNh9uF2eHfc6ey2IyQ== processed in 373ms
[2026-08-24 03:09:10] [WARN] [payment_gateway] Transaction payload payload_hash=uT38FMyz1kj5e82RYgIi9+1yRflOWDlqCCcGnaVmT7FYw3pxPjyM7U2oxHwOYCaWhnbg4WFqQyLZIKBdDozuNA== processed in 209ms
[2026-08-24 04:26:46] [DEBUG] [auth_service] Transaction payload payload_hash=94yKfSLOSLzSGG59CZnjRgzsFLaewZfAMwd8Ru03cBY3ipXky/+/w71BdmqmmWdJw6Ct8ffSgXXLuOCzqCF5vw== processed in 283ms
[2026-08-24 09:06:20] [ERROR] [api_router] Transaction payload payload_hash=WQ6aOlRR5FU9BJ6QAROU312v79HhaeEqKmYUwEUuArRdzXMFgWcIaPMRtMa1nDEy81H6EIr6cRAVxDQ2O1NpZQ== processed in 231ms
[2026-08-24 09:50:29] [DEBUG] [payment_gateway] Transaction payload payload_hash=261Of6/Q9V3xFeotFPIk4px5iWvFl7h9J0YG8pm7bbU1kMG7bZzjZxAYY5pey8owkUiM3Z/SifTbJYZeTDqLvQ== processed in 367ms
[2026-08-24 07:08:01] [INFO] [api_router] Transaction payload payload_hash=vm+lBSrCAVrIwnd3P6ZCZ4kNkSsoHYyYKJ877MjIxXsWptWHWcfTuaDF43+4VCIxFp4LVzNfqaNdcuJhclUE7w== processed in 97ms
[2026-08-24 02:38:26] [WARN] [api_router] Transaction payload payload_hash=WpHBpfc/5lYkQdDiesSw7gz82RgvyQ8AXWdTM2vQ2Xdf2ktUiKvD93y9NCSBjahUgqp3q+KKdCOUDhhyM1ppeg== processed in 300ms
[2026-08-24 05:30:31] [ERROR] [payment_gateway] Transaction payload payload_hash=66eAn5hBLJ6dhR3aPTnGb8HdqiEQQ1u/VNlrxXSeKRbFwgw3RwTVxtP6SbAS4Mo9r97iPCGacpHTaxEvp9Dj8w== processed in 4ms
[2026-08-24 11:15:09] [INFO] [db_pool] Transaction payload payload_hash=QJ6DPEj+wvoM6XBokh7bnYmSgk7hjsbmpZAUU6m+4eYb4370g+lkINRlrXd0E9AOCPvf0THuURKajs+Z4EXyhQ== processed in 187ms
[2026-08-24 04:14:10] [DEBUG] [auth_service] Transaction payload payload_hash=97eRVGvM85wEjEdx2DUvGFNKKoUynHR7FbkydkT6SFTXniQQon6DBsRs0zG9+wFyfjtEKFGxyfFRSo0aAyE6ew== processed in 84ms
[2026-08-24 06:38:33] [ERROR] [db_pool] Transaction payload payload_hash=lMNEf/SZifIpabiNcS2UcWJX/6/w3+uda9g4k0BX1shy0nSwJ/T7BNU8CggXzBqT/O7TVVIzftkia3UcU31hXg== processed in 367ms
[2026-08-24 02:22:19] [WARN] [db_pool] Transaction payload payload_hash=r+DFNEYOp2QqwE5INjFWiVDYUNyo37DL1OW4w+jEZcUwnYi8CJetAV853IOWaBxuKJHRRY0/g6L7r6R+JXyc+Q== processed in 54ms
[2026-08-24 09:48:47] [DEBUG] [auth_service] Transaction payload payload_hash=XZUJnQ3bzgJqYVuThRp2UUGokCw7xqm2mD3JmbNygtUgoxmMgKRrRvek2CAkszkqMixFshAS/cntGm1fLV7ocw== processed in 451ms
[2026-08-24 11:19:07] [DEBUG] [auth_service] Transaction payload payload_hash=kRZirrGXA99lmtodsVIUrqjpsh/yvXSNlDSLIz+wa2nJ3NnJXo7PnYzDJaWqMPkPIJ9NmOVcvySwXIxvPOVXVA== processed in 112ms
[2026-08-24 09:11:36] [INFO] [cache_layer] Transaction payload payload_hash=WLjphkn0yCgWrvGhQeRZjo4nZDv2Plv8oxmTQkkEfuZkE0M3ONMyj6lfIKev6maVE4EqVhCFJowAl4WWSZTIYw== processed in 89ms
[2026-08-24 09:50:35] [WARN] [payment_gateway] Transaction payload payload_hash=iNPnOy/8tQYl2OrsC4t9WLwZvWyKeQrqoytVIj1RiGPWqS3Owl9grcmg3auQeUbU4SpBueiurTSftcjpgapC0A== processed in 180ms
[2026-08-24 04:32:30] [DEBUG] [payment_gateway] Transaction payload payload_hash=EC7xklLtPiFhcCKX7CBSXE65QNPkwVL/TMpoqZFqsGrjVThOZpnLQ4UC+107uuBIbsinkVP6zL9mXTXLlmt/nw== processed in 274ms
[2026-08-24 05:18:58] [DEBUG] [db_pool] Transaction payload payload_hash=ImQY/MNGlhIOPfebnhrS/1lyoKpGKceTW3L/Fle6+c1pb3k3CWuoJvOcSST3/fTo23Iq2l05x2sV6KpUjeOqqw== processed in 47ms
[2026-08-24 09:35:27] [ERROR] [cache_layer] Transaction payload payload_hash=3D2vhQ/ciIB/J0k7SMV7iOJC/1LFqNY9imWMBEi8yjjDTJ1NLbxsGpuSB+CMixdzSZ8oR+MsCCdHII4ir5Csjg== processed in 54ms
[2026-08-24 10:31:25] [WARN] [cache_layer] Transaction payload payload_hash=DBN/V6+2OzyhoofSgQ1BG5YsszIN9uRMI6ex7EYZBEUkAlRdl0n8Yq/GeSncANJUBz5IPWU3PFPbSwH8apWU4w== processed in 124ms
[2026-08-24 11:11:44] [WARN] [payment_gateway] Transaction payload payload_hash=OULJETG/3defNovlSk00ZfTd8dYGyWegXkuyeVNyESIRG4AVhVqFijal+V2wTT84sZIW9RzJKr3vwTR3ohHTPg== processed in 45ms
[2026-08-24 04:12:51] [INFO] [cache_layer] Transaction payload payload_hash=F52sOlBAAsqwUTcn3Q6D7dAAQP4w0Y4czCrIFSwSmd7xD+sajyplugaIOttYMpaNPKOQYGk6Hr7216hrO/folQ== processed in 278ms
[2026-08-24 06:54:21] [ERROR] [auth_service] Transaction payload payload_hash=s4ocxe6G8Mr5XRwDOO1rPqFbUksIUDp+oTVf+GrS06uDBgLm4PFlYiQoDINExoo7sysMxDsH0RvBDGtv4Awupg== processed in 151ms
[2026-08-24 08:32:07] [WARN] [api_router] Transaction payload payload_hash=RHPy0cThMW7rdbm8Bi6GTmVPB9fxSKuKxvSKIzvw3POSshp9G4ZOqJyJGpst6GK8VEW1+RlPEvjD0Htya9PgMA== processed in 458ms
[2026-08-24 09:29:59] [ERROR] [api_router] Transaction payload payload_hash=NdCopRXcUowYfKImSsPHpAtmqYoICl51HnC28LKJgmsxVk6ByoamLpN22Rpj6bWn+t5GIHhV8zq8daRTcPuffQ== processed in 45ms
[2026-08-24 05:10:19] [ERROR] [api_router] Transaction payload payload_hash=l4oN6G3v9oYF4I1AMUaBxd64aQXwHw+Rx/tvl0NprJuVNJlve3AhZ43jP9opFbPfCnWWGvUdUcDUBQZAp+H8eA== processed in 225ms
[2026-08-24 07:48:22] [WARN] [api_router] Transaction payload payload_hash=KaibaNVr/SvW8i2R+gZ3NffiD7Wh1lEsfbMC7c4+YK2d8ta2amoEvDCTL3RxwKsYZlb2YViS1WXf3tPgRGO1Qw== processed in 142ms
[2026-08-24 10:18:16] [INFO] [auth_service] Transaction payload payload_hash=5G03dets0OsY2sx6nusE6hWswa0w5BUrtI1ASgCf3sc9xHAGC/4Jz0Ngx6gVT0LuZY/R+fs7i5gARO9chDRoxA== processed in 418ms
[2026-08-24 05:17:18] [DEBUG] [api_router] Transaction payload payload_hash=NxPQaaOes+tvZHANVM9ZyZSt58oCRFZuXiccX7u9V+qVvIXyGrDsoREOEJm4qkLnzT+1/t5hQv0fae7n9DQHvg== processed in 147ms
[2026-08-24 05:43:06] [WARN] [auth_service] Transaction payload payload_hash=YR/Lpf8F6b4jWGv9R7P62/weSv0FS1JHqtd2VF5Nu72iONXEjfZ1di9LHXlLHfx0tZhrchF6KNTDGtiKRNsbRw== processed in 492ms
[2026-08-24 10:40:54] [ERROR] [cache_layer] Transaction payload payload_hash=amGsw5f12f+y+tCkPcrPvLRd2HdGcEo0zSuTTvqiSTXAilAKsBKNQZhMVVBCq9MlYOb6tPIWNHa+Hbf6LnELkg== processed in 350ms
[2026-08-24 11:04:37] [DEBUG] [db_pool] Transaction payload payload_hash=GwTVKquszccxotQabUCPEJwLPvStx8N/fDJD6uLbq/7Sj86XndObKgTSdcBXGZUOWHBq6iSQ5IC+nqWQGknxDg== processed in 264ms
[2026-08-24 04:31:49] [DEBUG] [payment_gateway] Transaction payload payload_hash=GIKtjeBsEZvN8BJXDyvakscvI/kL2QUNfWiKk0J8LdgJIoz3K4hgxrGR3ZCskAzjA2Wmli83MhApAGgDET8ggw== processed in 213ms
[2026-08-24 05:59:27] [DEBUG] [api_router] Transaction payload payload_hash=+aAAOclkMGI4bAIghV7gWaHJTPZZwCpVzG3gcdbqxuiMUKqpNp6OI0ARAWGg4fEP0wnUg6f2pKCrjPLkjQYg0Q== processed in 460ms
[2026-08-24 06:15:20] [ERROR] [db_pool] Transaction payload payload_hash=Cb6wxLACx1WsWxw4zUs6uFE0hd6ArOqzmwF4USNmlFE8ggUBHFywcOsYZIpSVLfhkxBWRa/Hdij8EmC478HMXA== processed in 326ms
[2026-08-24 05:52:25] [INFO] [payment_gateway] Transaction payload payload_hash=3bKpwHod+qJDzg9kP33LFLqp0KaliOZq3glT3vW+0W4+9IzhydFOuQxwBdsvbrQvKcxlBK5g+JwWwOzGuG94HQ== processed in 260ms
[2026-08-24 03:47:51] [INFO] [payment_gateway] Transaction payload payload_hash=bodlAaoCqZuPw33PDj5IO5gEY/LPj8vgGmcV3TvZsL6zInBtOipdQeFmrtdECVV1EAqoS+vWu2gxOWFxJrvYog== processed in 271ms
[2026-08-24 03:50:11] [ERROR] [payment_gateway] Transaction payload payload_hash=ZZ6bZJ/MpTLg+ihXZz0OvNB3dPPsqqgu3J047mE4tf/Tj24YrJ2NWKSgGBi9DXBdD4FPVlSw7jGds3KoURI3bg== processed in 93ms
[2026-08-24 08:53:16] [INFO] [auth_service] Transaction payload payload_hash=L3T4L+4TNb2Ie9AMxVgO4eu2u8Ea7xHQf0/3a7V0OcUDUo9qbmgrXw9x8NYhxhAVUJ83NQEPjimUyspOmJ1w4A== processed in 208ms
[2026-08-24 08:15:20] [ERROR] [payment_gateway] Transaction payload payload_hash=cyz7AraRzZZGEAdnJBDANyw5ofqTj1/fsfLfCSqW3oZ2pQNn1SIqV6Z9PbTftzILui6d4GCMsnocrHEa5jSlmQ== processed in 129ms
[2026-08-24 07:23:43] [INFO] [db_pool] Transaction payload payload_hash=YLrF3jlWgc+eZ2cZYWczFNgNh8VHRQ54V+L2sh376NEgWl8g7iaXRzm1PoKcEwsIvwAzWgycmNiU0h9RzpBtZw== processed in 38ms
[2026-08-24 08:14:06] [ERROR] [auth_service] Transaction payload payload_hash=OdOY2vYr4/B/5BdNiRKPQBVyIlke3gkQA9v+ppbrmAvJm9C9zoX1kJ229oOC2ltfqJgsppU5iht+StrmeKAwUw== processed in 64ms
[2026-08-24 05:10:53] [DEBUG] [auth_service] Transaction payload payload_hash=a/LaxD3BBaZMeyatXYhZKrqIw9QrA6ryMW/BjQixgp6QJCGfhqZZ5FhIFKmzqHrgyxMKp1eXYHMXANjR3GZ2IQ== processed in 4ms
[2026-08-24 05:19:07] [DEBUG] [auth_service] Transaction payload payload_hash=r6Mjh0gsW7RFGtLGPLS/UpBPomi4vMKcpYsZkqAie1TTrn0QHfaEiNLQKN+ppl20Ocnad7Wbt4HRvmqlOhQkyQ== processed in 316ms
[2026-08-24 09:42:37] [INFO] [cache_layer] Transaction payload payload_hash=onUUbLXe7Uv0xeJTLVw03JX/TOcBvlj3ofnmzEjgmwe94aebN3CYJI4/ehVyzI5gWH1JiH7VGjPsh+R1kOj7vw== processed in 270ms
[2026-08-24 10:47:16] [ERROR] [cache_layer] Transaction payload payload_hash=ABNAFjLpp/JnzfLiBed/oXTp+2F/DCZs+rWQgUONz1f2WkbIae8rDZOD0gqvgV5CV7epM7C+8Ed53gldNEoNyg== processed in 325ms
[2026-08-24 08:46:25] [INFO] [db_pool] Transaction payload payload_hash=K7OkGUuZq7q0rWEwEl81fwtDTEM0wjOIRGCCVwqrIzcdHZS/FCcTjlF5K9Wia6iUNLb3TCSGeAI9F/boJCpuCA== processed in 280ms
[2026-08-24 11:00:36] [WARN] [db_pool] Transaction payload payload_hash=FR6+RCD+WnoI34OiQDo5434xypPQme8G6JV3rjJJ7zGLaFvrJ/Crs9VrxSgdQlSPPWiqSj3U5ihlEgc0aFRiFQ== processed in 213ms
[2026-08-24 09:08:42] [ERROR] [api_router] Transaction payload payload_hash=HEtDOUOvbDhRMuGBmJnq14OL8UxwBbZWW6PvcsWcKEBhcBeY4bYYcjkVwslH/az3M+5l6RMLeT/pyQnT7rMbiA== processed in 414ms
[2026-08-24 09:24:14] [WARN] [api_router] Transaction payload payload_hash=d6TJmZ++GmkUsKnW1aYoY18HMBFQCMMd/Ww6vY/ALBxOdT7/T3ZBsprQTiDwso0BLerirVkX+1z3AymTKpihHQ== processed in 320ms
[2026-08-24 06:40:55] [DEBUG] [auth_service] Transaction payload payload_hash=e8pFw8wOMPcnOEL/KsbTj24OZm/oP5zQ7gI5OaJdKpPEIOBAzqWowMSDCV2GYFO9fw72mmbpIcUUCcCZj1OPZA== processed in 496ms
[2026-08-24 05:21:30] [DEBUG] [db_pool] Transaction payload payload_hash=HJ+U4KYUVDBWeXJZHUIwBeuP8HapfdSU8pcnThyWt9RmHB2cgEcNh0++L+v8PCWhablyOU92GhgCzpRNq3F6sA== processed in 222ms
[2026-08-24 04:14:57] [ERROR] [auth_service] Transaction payload payload_hash=1k0ANXVtiK3GdXIeBU5eWzwtjR28jwE2dkiBNhTM+Tz3KTUGZri3lDYbI91Pztau7Pytxc9zv5Z+dCoOsdrSaw== processed in 257ms
[2026-08-24 03:11:17] [INFO] [payment_gateway] Transaction payload payload_hash=fDQNUNi+VGYb3Z2fa++zJ041fGmpQK+0XuJqwe0RDNdtOtmdPKa+2Zbmi2yK3S5Re98cm8aNoDWRFzsC4cvfyg== processed in 1ms
[2026-08-24 07:00:00] [WARN] [payment_gateway] Transaction payload payload_hash=dYFyXxC/kh4YYMPtemR7vjOfjZVCa9ZsUPHYeg5KjV4KbmfRPAf6aM37Wkb53s3izmst1OnvIHOUSWhnOhrcvg== processed in 85ms
[2026-08-24 09:52:42] [ERROR] [cache_layer] Transaction payload payload_hash=9r1ujDtNEdxWQxMf2hFgj5YX/FjOIeXDeVBCPW6lKuYXQTSpTUzsc6s6LHihIhqzaPrBXPpym2EcoSrPuftmFA== processed in 315ms
[2026-08-24 05:47:35] [DEBUG] [api_router] Transaction payload payload_hash=WaavQSAsuubO1yZBEs7A7gy1P3rno+k9d2iIeGL25rlsyw6V/iqH9SwF9VHWLYtlQLxBNVFB5OhBBS6nA66dmA== processed in 153ms
[2026-08-24 06:31:20] [ERROR] [db_pool] Transaction payload payload_hash=PvyA6aE+IVNRW8y2FUDwFVDO9oeJ87PugoTGvYTYhvEaG/wVAeXS9oMolCgLWCsItslXqq5u3qlrDFMupbRpSg== processed in 339ms
[2026-08-24 11:09:13] [DEBUG] [payment_gateway] Transaction payload payload_hash=QmVEmSNvkilxEk+zegbOZlQ9QgKCsqBjWjukTwcsVFRqyVD0f86tyS27zClR+LzLjZbVfsQ3nscIpw2YcNsH4Q== processed in 45ms
[2026-08-24 09:06:35] [ERROR] [payment_gateway] Transaction payload payload_hash=lL7S9OHAfkvJdFcJkFzgoWhR8/scD7gp49Dh1BTacSVCMApBEnkDvDucuBPwcXISh2Vio5D/0MfgKvtVHxFqtA== processed in 0ms
[2026-08-24 08:40:40] [INFO] [db_pool] Transaction payload payload_hash=ZeUoF1QpY6/j/fitSYHoRPRPKSvAQh+fm60ePQRxawWVGpGrO8EuAXQ959Fvn4kje7YtJ5PIPRMja28yAC0yHw== processed in 188ms
[2026-08-24 06:40:20] [DEBUG] [payment_gateway] Transaction payload payload_hash=n7srLoT5uaiHbaIbe/tpJuQWqnfs3Cjwxz7G5jFreV1y7ssgRotoRj5AnL0Zk3Z3LnMiZr8WzgAeRbV3PyMlFw== processed in 130ms
[2026-08-24 04:28:49] [DEBUG] [cache_layer] Transaction payload payload_hash=sCwb3JqdDSEZS9eQwTYYD6CItjtP9LsA2D0lEZVn7zBmUX08ojCoj19QWYqM4NeW2BrM/4IgVSTerfa+yuYW3w== processed in 489ms
[2026-08-24 05:06:49] [WARN] [db_pool] Transaction payload payload_hash=S004zW+HD9LvBE+pNdZd2fsvI5kI+/2UbVAz4JbhS/i77GjbJDkCcZRN1HLqJ/16tP2ythm4OiX+Ew9dtQYbcg== processed in 275ms
[2026-08-24 07:20:36] [ERROR] [db_pool] Transaction payload payload_hash=jdtWxlW7KbWifE9pCoVdsgfs8B6UnBfnEaYe/eDBY9l7YPmZ5L4V51nD98ZM/GLhoZeuWwFfl/0ro45Ynjeqrw== processed in 50ms
[2026-08-24 08:25:44] [ERROR] [cache_layer] Transaction payload payload_hash=zukWp7y1LLP689dL/x+lZywM9htEyPTCDJsEKq/x6GuqLqYZd7CATmEL8yLSJnroIysV0O9MzlnEJOYH5ZVJUw== processed in 467ms
[2026-08-24 06:00:22] [INFO] [payment_gateway] Transaction payload payload_hash=3PSft40jAvrza13wn7UR2L4XrcrPO+fh2Wg9O2MOe73C5DAfZJmG6aigPBq0LwbctjAwzJtSVUX3qd4d9mx5Mw== processed in 84ms
[2026-08-24 05:44:41] [WARN] [auth_service] Transaction payload payload_hash=UJvngywHeY3W/RvmNVUHYpVy3nlvsDFaWtomso1Y9InoFMXm/ZvFU0gZqOwqyT1MUOW/Wp7HbiB1Oc7+ZpnO6g== processed in 100ms
[2026-08-24 10:09:10] [INFO] [db_pool] Transaction payload payload_hash=Uz4ffaMJXOvi7Iw+yPY1OhKmNZIYzwONdwqT5TZI1SHl5eZF5iOBEiMZDGcM84S6cY9Gj9zB67EJ0wUV1VwqfQ== processed in 152ms
[2026-08-24 07:47:35] [WARN] [payment_gateway] Transaction payload payload_hash=fjxCX1RnaiyZplOuRcynJ6wRg827MBiMzG/sF/NnBtwzLkx1YREuyIUFZTO+oq0UIt+7a/OzGfy4VdRzEpYzAQ== processed in 26ms
[2026-08-24 10:59:32] [WARN] [cache_layer] Transaction payload payload_hash=1Ub13gmAOlKKAbSE0YgihlqkgXO+A5q7yNd6CfK/weXgXIUoVfkhFTmzjklZc17cE3iwRytiCNIk3UdGiNqwLA== processed in 263ms
[2026-08-24 06:35:31] [DEBUG] [auth_service] Transaction payload payload_hash=cCL7jMP6XeeGlPlbJYUviDk0JrICwdl5ZLPOuKaIMEMML7xwhna1RJVycnprOcPHb1tFjWSwir1kTAWEui0E7w== processed in 311ms
[2026-08-24 08:40:52] [DEBUG] [db_pool] Transaction payload payload_hash=L5LF3SdNDLqulZfuWaIUcMkk9IEB635WM6Hzwocnr/fKlk04+wLSgLa7XYVG91vDjxjJpXKVSoARpq5r0h5kDA== processed in 267ms
[2026-08-24 03:13:12] [WARN] [cache_layer] Transaction payload payload_hash=KpI31/y34eTHx8hrpO3QGXyqkKAZVYg0r9gEQpfBsK8gEpby45jmAhc6dxKoa/J6950uy1YiJs1RN8ypFY0kLw== processed in 64ms
[2026-08-24 08:22:56] [ERROR] [api_router] Transaction payload payload_hash=YdgLf40SE7dRTy8GtbDM+7V/8aWg59/TwGkJpkRza0iWFFAFWeMpLZ0SfgfMuaVBERIPwpf1X0cq1aoEXdstLA== processed in 432ms
[2026-08-24 05:08:34] [INFO] [cache_layer] Transaction payload payload_hash=fQjMF5qQuP913gjtbt/9q9UbSA+yELEnGYwgP/LP9km64aYAwzUCRLnnHx+ZXCh54urjFtQ6YwXhaAxCTkVp+w== processed in 83ms
[2026-08-24 07:24:44] [WARN] [api_router] Transaction payload payload_hash=Gr5crnTiHbHlAJa1scYM5LAh3AxttwZWWAuHG5fJWkg6qFwrmPgIm5M3mLBre7pvUkM6YlnnrA29WLml11Q5GQ== processed in 429ms
[2026-08-24 02:56:33] [ERROR] [cache_layer] Transaction payload payload_hash=QlDL07QyvfElxHZZAbfdDL9OFJht59q31SJNhF9hHYaXADD8eSZaetFi4YEeFFYJXuEWGra6+somD9oTuQVGIA== processed in 234ms
[2026-08-24 07:37:13] [ERROR] [auth_service] Transaction payload payload_hash=DsPUKY7XP1gV/LlfQPR+jLwU+fkM3B2rl+sDvKjHpkYgTvxG/NMnzyqUK8hDCkw6k7YKpSGhPKfCiIj5fN8ucg== processed in 275ms
[2026-08-24 10:54:59] [WARN] [api_router] Transaction payload payload_hash=gJrvhWpFFNmIeHliRWXDqeIrQrGT6+GuDNaTk7I65Bru52RWjKPuI6epSTlE/HiRDRs2KXv+EvuMPSN1X+WgUg== processed in 233ms
[2026-08-24 09:18:59] [INFO] [auth_service] Transaction payload payload_hash=I99arswQl/P1TXhfApT0O+WGRA+lSOwuK01QbiZL/BVuoI5qoqwIkW331WwCM9VONtrVFSkr3P6HzRNzNneWsg== processed in 206ms
[2026-08-24 09:25:52] [ERROR] [db_pool] Transaction payload payload_hash=CH5fqgXUrC23Eh45LcI5DZ1ZpwNg+/5HPh8CSkxWknUJ/P/BNfWR1xhWJlQqeNwq2Hmn/78IJFlDeYzzWo5DIQ== processed in 443ms
[2026-08-24 09:43:49] [DEBUG] [payment_gateway] Transaction payload payload_hash=vry7K6ACp5UA7eiqptnSU5u1S9VyPck81aMvH3h4Q+iorJnWVcWk4Ly2XEDXmfmfbDuNJEtuIMo5BDk4TN4gqg== processed in 208ms
[2026-08-24 02:28:02] [WARN] [db_pool] Transaction payload payload_hash=GEgxCPzCActH7gHrqhYbfVsReTALq0TzogiHsAbfb+sp1yveCtwk0b4MgbXaxxBn+QUr4tHfXlMSlWGOoxZiCA== processed in 247ms
[2026-08-24 02:51:39] [ERROR] [auth_service] Transaction payload payload_hash=EDCRaEf096uHVMV7rYcO6/Q2IvwTMMyL1jlLWnfc1JVZz5ByY9cQ1lRhTTbAaQnj/S5RkdBzQbDYctSJDAtgbg== processed in 360ms
[2026-08-24 02:41:22] [INFO] [api_router] Transaction payload payload_hash=8Nf1S4AixB6uQS+iT6u38Y7In+obnpHUGLaCSmagjis31K/3QbkmbwVkhi6QGWlzQG5jLcnvdGy+WAYr6K4olA== processed in 119ms
[2026-08-24 09:00:38] [ERROR] [db_pool] Transaction payload payload_hash=+2/qm1ifynLhTkOvY0RFHz8dUAtg5ZOqac2DSsHTspV+SL294IiRR5sSMAvkiXsSLlAz9dKy5BiY0W2snif01Q== processed in 446ms
[2026-08-24 04:23:41] [ERROR] [cache_layer] Transaction payload payload_hash=6GWs80pdAO6ZYzgUC1TNZZ3ej2KAbGeBTIOc8IWdNz2zDb7DirNPYnSqSqgIhzouBfkvcrcLctipCHOhyRRSqw== processed in 131ms
[2026-08-24 08:46:34] [DEBUG] [cache_layer] Transaction payload payload_hash=CAu7RoD0nQrpqr2kmjelsDJzR1H73PwqS7x+5rIriT8vwzKGRrGhK/WLw7yE8MJ/jJVQnEeAt+bGKfFXVNWYXA== processed in 470ms
[2026-08-24 05:37:02] [DEBUG] [payment_gateway] Transaction payload payload_hash=ETOo2zl61B/rsSyqwH+GCsggKhm7vU1Znmdrj9z6cf3WFWZafCyWPXuzEDUU+qxJTjXnMbUnGIDo1FFhf3zSxQ== processed in 235ms
[2026-08-24 11:15:09] [ERROR] [auth_service] Transaction payload payload_hash=wpVEpBZUwbfplKRvVTxkyzGj2s9cGgnES+P33FgTLxnodoMqoY6nPvRew0YVQwSNVB+b/l8HTKdIjXWA16zZkA== processed in 275ms
[2026-08-24 07:07:23] [DEBUG] [auth_service] Transaction payload payload_hash=YPFpyDNifeiqt1ixYt/NkXO6C1UNOXwALkW6DyUBe5UvqzNC0atOmpdWVENnjrptlDbE/WL5JNRQp6VGxgNcaA== processed in 276ms
[2026-08-24 11:04:36] [DEBUG] [payment_gateway] Transaction payload payload_hash=QhER7OwYTLH/WFZEh+Ae8amO1fapewVkHgBYJsynMn5fFk1jUZhTBor6O07QJVgx7PHJtZ6fl4V80bEEUgSgWQ== processed in 0ms
[2026-08-24 09:46:31] [DEBUG] [auth_service] Transaction payload payload_hash=EUODNgUwNd9c20HX+afojxyCnd3+vNIP9Jj0+/NhRRd7i2NKW1IaROyvGouDRHf6Iz+QTffjy0atRDIaCuxh6w== processed in 303ms
[2026-08-24 07:14:24] [DEBUG] [cache_layer] Transaction payload payload_hash=ANFsOz7E80jgf0Wwulgv+ZSLx9uzOgaidegysmkScUMtSD/9mZkruntPU1qqjzxZy2/2wrnFFW6I2AZgkFbxnw== processed in 373ms
[2026-08-24 04:44:05] [INFO] [auth_service] Transaction payload payload_hash=iePjE/QhP1pfcgbti9M5dMWZrX5Kp/ZHkBWOKPBBlJzQ1TMvDfOIqQ3RSKyp4vKPMiwUn2Y/i0BI6cWTPJQKww== processed in 278ms
[2026-08-24 05:54:00] [INFO] [api_router] Transaction payload payload_hash=tlyaVDfN2xiPSIv2fFKfODs+cRc2FtuU/LFqRrz9UsO5elD/jpIez1+Ud8usrs3MxOXxzssZcTvCxXjjNoNbEA== processed in 387ms
[2026-08-24 03:01:11] [ERROR] [api_router] Transaction payload payload_hash=VdWAIpWDq2/0Oq1e0yeN00GUJa7yPV/UhGQ86m7O2fTx2A7h/MWl4oEczdFK/kyrEnx8XZHaw6HaUtE9S+lAHA== processed in 467ms
[2026-08-24 05:04:09] [INFO] [api_router] Transaction payload payload_hash=gnTA9bOKW+5t6E2t1MznzMjH/X3xvHylDh2PG7TWJlWV5XHTHDEEK9EINELSsl3XyAXdg7AAB50zkC6nUG+Y1w== processed in 464ms
[2026-08-24 06:55:04] [ERROR] [payment_gateway] Transaction payload payload_hash=BBKh032EtAVCesHIKiUNgy1AX+5ZFexGYp4ZPAv8brRyMXsfnqII/HCmE0Ea4nUrVvjBwV4TF9CvJwfJ40KfKA== processed in 280ms
[2026-08-24 02:18:05] [INFO] [payment_gateway] Transaction payload payload_hash=wXb+m331kr45xF4872jKS42cKx3tADqfJy80dU7AMni1Pk+sQVXNQUUwFPNJg2PkZWjHWKYaQvaCLYPqjzYAMA== processed in 406ms
[2026-08-24 05:45:16] [ERROR] [cache_layer] Transaction payload payload_hash=TYYN+fyfzHCKTWs3HzzvbGKlv40HkBswG+WfN3pUAPK12taeXtvrItNuxnny7Oz5dVp10LjREyG1Gnfw6dO6+A== processed in 196ms
[2026-08-24 10:46:49] [ERROR] [payment_gateway] Transaction payload payload_hash=wQJGN9p8nDhSvg+1Hhu457SQgb3e77rX/qllI7WD3IkYu6RVv5//121i6KloiCI6Lw1pLuD6f/BkU69haieslQ== processed in 228ms
[2026-08-24 10:41:35] [ERROR] [cache_layer] Transaction payload payload_hash=9aA/yZvq7cDv8+C7ZSNfgtWdoSo9tUjwXSdi+mfEuQ2eZxxjq0SpIpTZlcEHv1TGTwij0JDHydfgTiqTyEwtOw== processed in 152ms
[2026-08-24 03:59:06] [ERROR] [payment_gateway] Transaction payload payload_hash=XxFCWTSHG7hZo9mzU22qlhYLAbjukNIrY7BAEIwB/38xfMKZpFyiO2pjX0dmxbCh/UP2TQxfFY/2OsT+9CPhhw== processed in 20ms
[2026-08-24 04:45:49] [ERROR] [cache_layer] Transaction payload payload_hash=lSQw4Q3bXs389skX8rNzQaL7t4FTp0KSn/kAPWTB83xwsAZn0HzgkVD1KdUrD2Wz1FIppvh4EVUfmqw9R9uJgg== processed in 136ms
[2026-08-24 08:01:43] [ERROR] [payment_gateway] Transaction payload payload_hash=KrybDyC8kCOKIjM6FeP2tV1jWXiqZmU6cg9OfhITySdDfYeYRIgjGdHUbrJhYweHCpMYzgfiA2Ob81RdXseA4w== processed in 146ms
[2026-08-24 06:08:35] [INFO] [api_router] Transaction payload payload_hash=5Z95e4+jfmDd6F5rqJb0+vFo+g0+UxhKELTz1nHDLTGaA8r2iKAugcdGATAoUqO5oPWaDAQplbXkoXgAlqPS6Q== processed in 247ms
[2026-08-24 02:25:51] [WARN] [auth_service] Transaction payload payload_hash=Qu2pphph14MmLvh7RUR2zAJLtUpQ/YUz4LnoNw/nSb7gTGi+lrrmyJR5xetQqBNF2uBa/s5ZUNk/QhgTi7R+eA== processed in 293ms
[2026-08-24 10:43:45] [INFO] [auth_service] Transaction payload payload_hash=q4xafiDs6FDt0b3+JR3LuoZY9EmfpHvURvudIMn7ZreqZrXGC3oqNkkQEXLBKRlqXUW+Dc7/V0XJz2G6f7kB+Q== processed in 496ms
[2026-08-24 02:17:40] [WARN] [cache_layer] Transaction payload payload_hash=+90t8vYK5hCLhdYseJJ8Mxf/VGtjf00A1k3XPvIeDuTU3Re161GNNkaWaMeOramYyktvIyf7OhxGcUjGjYujpA== processed in 460ms
[2026-08-24 08:38:41] [INFO] [db_pool] Transaction payload payload_hash=XruAbphKoy+jYb8JsVC6A1ihvxGT2egtZYTY2g++XWj6T+OV9ydp4PjZEJnmiNOXSnMaPKUbSPuFJRf62LPMkA== processed in 347ms
[2026-08-24 09:15:03] [INFO] [payment_gateway] Transaction payload payload_hash=hH2Kb87PHq/xjeijCDo/FlyJ+fWAyMRb2c1TrwnB3jlaaXSHyqeV6MrQcEdJmtsxFR0T1XP8CHViX9D8u1AeuA== processed in 425ms
[2026-08-24 06:24:36] [WARN] [payment_gateway] Transaction payload payload_hash=Okma0uFUIqDuXTLPwYAzrmPfv9iu1Lh+pb/x/NKOUvWf4tSz4PU9m5YyoVSJrT5M6CDcQhh0gj1zXh2teKSGew== processed in 270ms
[2026-08-24 05:52:43] [INFO] [cache_layer] Transaction payload payload_hash=aBjS8KDvPjnLMnKuPZyF/JjkuVi+L1GAOGd+4fVJ0zuG/+7rA628ZILh3YnwoEI5FI8e1QtC+NL9qPN5CRmCaQ== processed in 199ms
[2026-08-24 04:21:02] [WARN] [db_pool] Transaction payload payload_hash=Y/yAUMYCunTasjsiuydr6c5KrOg1ij9S5YKF/1y9P1pRvH0SOELgKr918SgqgjZsVJfe5mOxSbsoq5WSsqf5lQ== processed in 419ms
[2026-08-24 10:42:00] [ERROR] [db_pool] Transaction payload payload_hash=eIcRLt6EaWobfn3Cx54LKP+2Q60T8q8ssMmEQOaJT2WNYr2hoONwR2CjjtU9yA6QWftQ2zm2obsUYR5AoDYKqg== processed in 122ms
[2026-08-24 11:08:54] [INFO] [cache_layer] Transaction payload payload_hash=Q1P6rP2+TXda/MqR/4hW0PEMPqhkEXLXmVAK5AvRu7HO9bUKWH/CyfZvnR6ZEzBh0xasRtuiJA76cSwCa3EgNA== processed in 4ms
[2026-08-24 03:17:15] [DEBUG] [api_router] Transaction payload payload_hash=V5nloajxPJAa0BzQ1gpdPm3LuoV8CTFTOgGz2vRPEjTycfajSOxJePBAFiSHrLh8CTKiriodD/vdJUBsfNRiSA== processed in 446ms
[2026-08-24 09:22:07] [ERROR] [db_pool] Transaction payload payload_hash=w5TnxnxDphfMLM2Xq7OEBTbn0xNilCXNabbE58ZcHsgk7gX6emKwLq19B/+J7baRVuJ3stid93X5Xv3mVoVhhA== processed in 306ms
[2026-08-24 09:25:09] [WARN] [payment_gateway] Transaction payload payload_hash=JJEUxAV1H3AHCr0TK2Tk4D9RS/MkANMkTwwRNdiEsp4R5puXTRnZ58kF7M5GU0dVNSMIV3icDKZKU7LlcyV4VQ== processed in 292ms
[2026-08-24 03:06:29] [ERROR] [api_router] Transaction payload payload_hash=jbJfVO5sssABZnPkLYQu3NtqfzSBtkzExBaGf1461P2KdmkG2giY4h9ddhL86Mru32mTui6bI98wZ/mdL3q8Ig== processed in 367ms
[2026-08-24 05:48:46] [ERROR] [db_pool] Transaction payload payload_hash=n+2NKU7TeDie+Xfd4PZVwgQwJ8VMFnW2oVChBw2FCtzhswxYXZkkwcHI7Y8cmsnxlMaT7jTYeh63RGDRqoJuww== processed in 88ms
[2026-08-24 10:14:52] [INFO] [api_router] Transaction payload payload_hash=q9MkPqMU9VcCAu5pcOnZpWAoAso2DWFv3pcqmXrnYCe9KIEOPGDRR9Fjv8B6nmHgVgLtEGMAnPoOR8zX0qBNbg== processed in 29ms
[2026-08-24 11:22:18] [DEBUG] [auth_service] Transaction payload payload_hash=goJ/waYZY3VlfsQmXNEuxqPiWNrTfjAGjV/eykcsYiRQ23b53wAWJzN2EppALwNPu9XhaTfVK7LUMQxYY3keAg== processed in 88ms
[2026-08-24 07:25:14] [ERROR] [db_pool] Transaction payload payload_hash=h2CbzTDxp0UsSpuK9c+5yXbTCmngTQQ1hoMO1neMPEDEdl9liw+h3+IwbcNohdERVpXmSBAptgOLupwQcm7+og== processed in 424ms
[2026-08-24 03:34:00] [INFO] [api_router] Transaction payload payload_hash=laIQbH5VQYmuTkysk//0RIrh+m0EkFnqmGelimrxeXjVVW0UXb12Yygb/zDEp3S7p+6rKloC+9bnIN77/LFtSA== processed in 80ms
[2026-08-24 05:24:22] [DEBUG] [db_pool] Transaction payload payload_hash=ZL6ND6wILzM65sRuqVKPS+2vD2q2c6hnXlORISyC1XdTrxGiONyX/Z5LAMPa3iu1sHzCOfu2C+Wx01RoB+HSYA== processed in 327ms
[2026-08-24 06:59:43] [WARN] [api_router] Transaction payload payload_hash=0OuizT4FvBFT+cCUoBzN5tcxpgzp9/lYWi38K5m6NUgLZw3C64GvTL8kGWkKm2v0uHHpdgGJxdNs1fssJJNdrA== processed in 248ms
[2026-08-24 11:14:04] [ERROR] [payment_gateway] Transaction payload payload_hash=nrhBiprAtq8o7O7TSR2fmNVcRAuzCkJErKywxOGxyymSM/8LgBMpwK/Vzkrl/p1AMORQqadFXbbkKq+NIq8OLA== processed in 161ms
[2026-08-24 05:33:56] [DEBUG] [db_pool] Transaction payload payload_hash=TqhH9QKMZXLrkhzOf7tzpt6g7qFa6KkVoi/PV+1uKVjz0x4OmD0cyRiG8zigJ/9iixMKEO1VeJnXO7JGPJLawQ== processed in 99ms
[2026-08-24 05:45:45] [ERROR] [db_pool] Transaction payload payload_hash=JTDjZP9FvQREr/ytf3LDWbwVvzXj0nS4QiOIGaMDzXjQOrY3EbQ41sbDjKMVJd5FXrDMwz2a7aLjirRNYp1CFQ== processed in 267ms
[2026-08-24 07:18:43] [DEBUG] [api_router] Transaction payload payload_hash=94FtxcJKuc53YEW/mfJhux/CbG8Y2/EfiroxjL6PGznnmnGmNJ1icgdlDMCWeTvNBQNs4M1I4JciYYv1UGrKbw== processed in 118ms
[2026-08-24 05:39:03] [WARN] [db_pool] Transaction payload payload_hash=dO+ij6DxpIQ0kcaEFp7wiiK2wMbGcVICmNRsd8fkCcn5VQCosTUZqukV6ex9JXQ8JFtv4m3eUodY8abJg866vA== processed in 283ms
[2026-08-24 07:57:27] [DEBUG] [db_pool] Transaction payload payload_hash=hBDOo93kXyNoFh7SI6AuhMLnw1i/FPDrte65dkZBrU+HQNX2uT6qoT1kQQQ+aG7teDMjvpq7l8YGoC5N2Akv5Q== processed in 141ms
[2026-08-24 10:01:10] [INFO] [api_router] Transaction payload payload_hash=7hFcWnyLhhFme4zJlDZYJlZ4fuFFqcwsllWCjspf5wwbNgKA85zMyZx10PIxCZPUA9MvJPlHvsoVsBkGTZ/Glg== processed in 405ms
[2026-08-24 05:18:28] [DEBUG] [auth_service] Transaction payload payload_hash=27xwqvjNZvnUc5g5CLhzbR0nyQME6Db+UEGCqvYwlc4W9eYQ7Y1HTYHi6dBcl+zuyo+i4wQtRITKxRnKOkNs5w== processed in 326ms
[2026-08-24 11:19:40] [INFO] [auth_service] Transaction payload payload_hash=aawqqDVk/WJlZkyj4i8C9dVNSfN943UEsppuEQjQDd67JIPOrs0qW8Yr9oM/2f2aOXVFX/+d1gLETlBG3Yvjlg== processed in 133ms
[2026-08-24 09:53:01] [DEBUG] [payment_gateway] Transaction payload payload_hash=PDk7lrgRNwo6dhMPz2yYgqOVCNgCiZ6GVozAVoT95pE/XWHAvx7vtDmJ/c6fa/k5bSMkC20G+5uVum32PaqucQ== processed in 438ms
[2026-08-24 09:50:08] [INFO] [auth_service] Transaction payload payload_hash=/dtCwO+/FrEUqdzuX3YBuauBh2ukyFsLjOfZniLCiDYPdiI4G+zFPDVTjgfvK8Drq3lcjNs0luDVSYW6gJaO6A== processed in 92ms
[2026-08-24 09:30:51] [ERROR] [api_router] Transaction payload payload_hash=e3AcE/SAAmsFNw060sn5yl3+KgtRGymzOgNX8TEHiXxcs2fa07Gq1Nans7NKY4nfwsHcdTnHDXP7fx4o3PD8Ww== processed in 84ms
[2026-08-24 04:43:52] [WARN] [db_pool] Transaction payload payload_hash=fpvFj0iean8EeX8JiA1To8M4ZoTtT2K83l91QH+qfUjZ8GnESyUKO87PZP7f6+MAClx3cXekoLz56SQA9LNeog== processed in 209ms
[2026-08-24 09:25:23] [WARN] [auth_service] Transaction payload payload_hash=majq4SPB9zHYuS03+/f6ZMHAq78uI6WFBVuMEeVLMrLWOjTx6cj35B+9chn8g6skA2MxOKLz5TYwgaFphRPDrw== processed in 387ms
[2026-08-24 05:15:30] [INFO] [cache_layer] Transaction payload payload_hash=jq7KeFTGWPW2hQjbXM0VHvJpZV/gEnrtfv6SCN8QBZg4U0HF0wPriVgc0UXzXgLkrGWYzlRyH/eMEVcI76H9kw== processed in 424ms
[2026-08-24 05:50:52] [WARN] [payment_gateway] Transaction payload payload_hash=Yy2nY/P9XaqXEtHrg+IkxB3874w6/trAUXKcvbz+Bwi2LBfS5c9z+TqLX8xa3Is20IvG/15yBy7eUgxa2H5atw== processed in 64ms
[2026-08-24 04:09:39] [ERROR] [api_router] Transaction payload payload_hash=sS17KRgK4LXmOBZ+MaOAnmAqENAZYYcYtSa35NmkyiD2xqdT96NL/bWllL1bkxWJBr1kzBLN1zleuPmdtoAXRw== processed in 50ms
[2026-08-24 09:38:46] [WARN] [auth_service] Transaction payload payload_hash=hda/X4oCOs9NHVetYiWTbBWzcSD5TNWctH02tcxYI+vagc4GrSrS6KDHKCKYHeV/YwknAHwGJ9DJS5QP947ybg== processed in 455ms
[2026-08-24 07:32:48] [DEBUG] [cache_layer] Transaction payload payload_hash=fuXY6CmdLIp/EM+9AgrUR7Z8D2DhdXsqoYDpbxaIcXJMgZyqTS+hK1ICfyejGSrSC1ECEqhFi4TF7SmJYTxu7Q== processed in 235ms
[2026-08-24 08:05:19] [ERROR] [api_router] Transaction payload payload_hash=kZ9I5MdV0bIiTctg+HbDhsQ+vN0euJRjsHONs84ZUrAz6bRSGHFjtEQMi1ylQ7A35AtW3gwPhWgF3yj4eRrn/Q== processed in 208ms
[2026-08-24 09:25:34] [INFO] [db_pool] Transaction payload payload_hash=Xh/rRveNHIiXQCeq0uM6HgzqblzZUYFK++1zLkXsjzpDsiWkmfor8OwetVow2RNwANl9GQWe1l2X3msUg9oDSA== processed in 125ms
[2026-08-24 06:03:59] [DEBUG] [api_router] Transaction payload payload_hash=BJO7TgROr2rJIyk0oLA+I9xs0pkBXxa46+IHEyUuvxGnakiQlzUzRi/BcnM5tfrsONil7Y1f9mrf+X8kBEWMRA== processed in 18ms
[2026-08-24 03:28:07] [ERROR] [api_router] Transaction payload payload_hash=dVFE3R8+G8N05SapPwjnK8/WwJ0iYKIEa5xdgd3TZKdA8repIsFUVuLhhYejgyZGxr1LWgIFyCFpB030jjr/Kw== processed in 345ms
[2026-08-24 08:29:17] [DEBUG] [auth_service] Transaction payload payload_hash=viqJswo1My3ppRFhFf/v7v5Kry8ilzDcM+FP98N8vTii5H+W35A1nxTnep2ElI88xd67GsK+FHgjpYlPRJINyQ== processed in 0ms
[2026-08-24 05:41:43] [WARN] [api_router] Transaction payload payload_hash=FcUsTyavnWmttSg+rFWfzRu6gLyf+Aod5DO2LTPADJ89KNbzRnkNS9sx27VCMqvq4+GY3jirDf9M5Jp3sucEog== processed in 472ms
[2026-08-24 06:28:04] [WARN] [auth_service] Transaction payload payload_hash=8DVvYWw/BVIm756wrhyRA5zy+hz9IXEiC4GPVjYuO67SHAmovI5uu4OIdEa1T43F2DGNbLoTxc9hLsW6EOanbA== processed in 2ms
[2026-08-24 06:33:03] [INFO] [api_router] Transaction payload payload_hash=D07AxznsZZ9pjJ97FmaO3e+x8CiY4JX8ziX/dU/n3u0vEmtEfukZ1osSqgpYATJ8/5vPzi2oNXrh+Zh4TCnZCg== processed in 358ms
[2026-08-24 05:55:41] [DEBUG] [db_pool] Transaction payload payload_hash=i6SoW//Ij6olcIeq3fuBDogwvZDvWEAi4+ifzfRGe6W0RtIbEYfiiPR3TlHWZo8JwUKNFO1sLKh6FhrHksfNlw== processed in 215ms
[2026-08-24 05:11:41] [INFO] [payment_gateway] Transaction payload payload_hash=rTLL7TY6lqHzqh6dkW5NmNJFcfOj5b0QZiPJoKPAWrmnLoIeROvcVHsjgMZGqmIB05w/QymA22qyno/VSywM7A== processed in 256ms
[2026-08-24 10:57:20] [DEBUG] [db_pool] Transaction payload payload_hash=rnYr9T3RcnivXpL/6OD25amcJ0iFBkdQIVAFVjMwGgCxfutAkqPt57bXdhadgt/OKmL7r+ODSVEhbVI6hzjeOA== processed in 284ms
[2026-08-24 11:19:00] [ERROR] [cache_layer] Transaction payload payload_hash=H2zmwksm4iG3ZnSSZp1/1v+6/Hzzu9VdCXeHztMPj2khIVQyItE7bYnOzmLjrD3ZWwFJ3l7v0vCwwaiadD7LyA== processed in 307ms
[2026-08-24 05:50:44] [INFO] [api_router] Transaction payload payload_hash=a9vlgUqEaTW96FAHgZ7A6hUExUgV2a5yMOn4Ne5fv3wLToQOmxiFeS+2oDhrE9K8HrMZsAvGBrdYS1tu+R79Ww== processed in 337ms
[2026-08-24 02:37:32] [ERROR] [cache_layer] Transaction payload payload_hash=FZN6SUBmJeN8wqe8c5P9JoWlCxasLBXRwJHidG9YVMsFLqxdBTtNAVMfiHuQGL1/rUQpcGt8zCpcLj7At8LKfA== processed in 106ms
[2026-08-24 07:56:48] [ERROR] [auth_service] Transaction payload payload_hash=au8jgFC3V/A8ezJ2h0zeJdLLE6hbNrbv+PFtS03E2IszzRzSRaaDyE1N/hyOwd8ECMETqG0x0v7QXQ3OPC1u3g== processed in 414ms
