[2026-08-24 09:17:38] [WARN] [db_pool] Transaction payload payload_hash=bU8N76qL2yk+AxzEkSkMr5LDY6jUE/oe8U2+yy9bXDwWwpYwYg/JZ0I3Y1RKCLVhvHPKYtWbcoaPvuOTgN6kOA== processed in 18ms
[2026-08-24 05:33:40] [WARN] [api_router] Transaction payload payload_hash=GFWhVpXqvkzNcYlQ90DARMTW/ucBbnIqK8M93pjKoUNqyt/HeAWJjScIkHDRQwoqnXLGarSi9IPFY1ukWmyQzQ== processed in 64ms
[2026-08-24 10:07:45] [DEBUG] [auth_service] Transaction payload payload_hash=fkpCedBoXJwpj1dE4F6TlGlBkk2Rp2Cmz99vDT/LpmJijz75J/BWA6gIgKZuZwc3m1RVc+3U9L2XzM1uszJh1Q== processed in 177ms
[2026-08-24 10:46:56] [DEBUG] [payment_gateway] Transaction payload payload_hash=7xW5T02+OTX8ly314Ass7JMtJoDWOYWATMKha2emfW7xqTxIohLbKvOXiwwd/SryCidzDBd3ekRVpxT+3fmT0Q== processed in 311ms
[2026-08-24 09:49:04] [INFO] [payment_gateway] Transaction payload payload_hash=EGp5ywUgm0NHGjNqf5Q6K7J2tERSb/fGreTll1EdvaEojJP+QWrWhlsG3Vc+4QDOg91I3IZqJkKkF1J1fym6UQ== processed in 242ms
[2026-08-24 08:21:13] [DEBUG] [payment_gateway] Transaction payload payload_hash=8USzwRvTA3tiDbVtGQ0GZuxBkdxWv4hQEu39w8JZPwfXDfvf1piwT0KLeMp1AgYZkdi61GDp46tCqnuzvcbSug== processed in 109ms
[2026-08-24 02:42:29] [ERROR] [api_router] Transaction payload payload_hash=wITKFJmv+r/6Ox3sy+yp0kiI8FYSGmLnUK3J7n+UL11JsWC5Q6hray3Kf9slVIBT5Qz2kYUK0ZLCytalkHLK9w== processed in 154ms
[2026-08-24 03:19:33] [WARN] [auth_service] Transaction payload payload_hash=oQmcRIc5HbZwG9IY52Q93f/OaOS4y+gvOtiHhqIlj24vQvv7dZSCqayimFnQ64pirpVMTpuaydIRb5+3tujOlw== processed in 360ms
[2026-08-24 04:56:34] [ERROR] [db_pool] Transaction payload payload_hash=tcrPinLYHC+CaJkg9uxGaDVTzGPSujw7PrmvoDuMwpJvu18jsxyiGwFaugyxqxae7SVgppJBji/gl3p4jbYf5w== processed in 67ms
[2026-08-24 08:38:28] [ERROR] [auth_service] Transaction payload payload_hash=EsxtqzWBgUr/SZ5iSMlMcRj3yG/qF73SCCtGVCxW0YS8OMEJ/bhOCqBjwmJXY+MQzgfUuwR8zi2CKELc+FOvMA== processed in 85ms
[2026-08-24 09:27:48] [ERROR] [db_pool] Transaction payload payload_hash=1vfplMk5WE9++bJA+nzMRzKyShYe6TZqS380kpietZqh4CshjU9Xk4CrDy8tfTEHjPcPW7xQTAN8bdWxTzeqhw== processed in 65ms
[2026-08-24 03:05:20] [INFO] [db_pool] Transaction payload payload_hash=MVTXLHm+nFJqstxr6Ff/81OY8ilsSaAMYI0v+2eqJY1vAUi1HE+nCDJtp3glMkSS/dNG7ZMCdnbIX5fu1FrMtQ== processed in 399ms
[2026-08-24 06:12:46] [ERROR] [payment_gateway] Transaction payload payload_hash=UvDMgVKdfF419NR/tHFrpkT2DeUP7o0k68PVqPiLDgGWkl7WQnr33LEhZ/1/4RzCwnyGxhxU4ZfGLwh5YbA6Zg== processed in 366ms
[2026-08-24 09:42:33] [INFO] [payment_gateway] Transaction payload payload_hash=vti0rqCxwBZlFEsgR+6Cxsn+HRMoixoeJio2JrXFv65ZXYWXZH2SfzUSZ3+wYSK5ClqbKtYH/20u0DzB6QQlJQ== processed in 161ms
[2026-08-24 06:20:33] [DEBUG] [cache_layer] Transaction payload payload_hash=nFPN1zYj/1NAuWqGy+fO6hYqr7CHrs2OQAV8ER1FvBT1xGcv9lW9SF5AhjeV46yV6pUZZGmOBmSbIXOKnqCwDg== processed in 434ms
[2026-08-24 03:34:23] [INFO] [auth_service] Transaction payload payload_hash=BpODuSwJZOWHSAidzC9AX2L1rsHLc+GK3fVSGxU4EmnVmpI0KqtPACYeqJFd1KrcisGC3j2Tz1mSJPjWNgYY8Q== processed in 451ms
[2026-08-24 06:23:41] [INFO] [api_router] Transaction payload payload_hash=7Y/jfNwVZPRRZDje1MfgkOG5kcwBJxFVThLgpLZXSuvuRdKFsYnDneYZyugTimCKU6Wk4LyeYmir0agHtAMsJw== processed in 408ms
[2026-08-24 06:43:34] [WARN] [db_pool] Transaction payload payload_hash=SaWFlNcSfaUChQK+yzsS8xS2TYzF7taUcB7bC8xkEKeWUUojikLO2sSjtflAn3IMZ2nDfMP+0BoH2qN1Pz4RNQ== processed in 228ms
[2026-08-24 03:52:52] [WARN] [api_router] Transaction payload payload_hash=B4sErXN5jO3dhXtBJakVYV9Xsi2TYOishBYl2jaZXN+aYFTWhA6IW/JBzpPFabarkdrCR2cgmBH/IQHes0gArw== processed in 123ms
[2026-08-24 08:39:03] [WARN] [payment_gateway] Transaction payload payload_hash=Mj55M3bvTObMJRmqCHvxPMdJO5E8AmmhDpx5QU2gIScmMFgkfyjtfcgkoO67CTtJWXRa7FKFNiGMoS+ynw2USQ== processed in 253ms
[2026-08-24 10:40:14] [WARN] [db_pool] Transaction payload payload_hash=XSiVHVyQIW3y+m7D3+bl2DB6Pbm9w89MKvb+uJhtA5SnjnQd1wiWnWsVVacdW5rs1pXDbnu+NPdmMuSUrRiq/Q== processed in 239ms
[2026-08-24 03:49:13] [INFO] [db_pool] Transaction payload payload_hash=jmSxbfOspJQbVTW45acV7X2Ke2Dzm/l+HiTM8PaxbFtSZBuQWHOmTcztZPfUQeyILagJn2dTfFW8CzNEhc7slg== processed in 326ms
[2026-08-24 04:12:50] [ERROR] [cache_layer] Transaction payload payload_hash=S+E/0AMvAYTjyycyrNt8x371frTip/9tTPHc8Ra67aDVDyqUkPtd7w4bCOp5UMBHdeUwPjaY0BEGvzP4YExzbg== processed in 115ms
[2026-08-24 05:04:50] [WARN] [cache_layer] Transaction payload payload_hash=Gl35FqAmTr73GPIVM3WdQLqp0sv+WRnvmU1RHlnRPISoxJJeIhUJncokxmGUJAVH6W0VamRIE4JKTgXAwsVTxg== processed in 10ms
[2026-08-24 06:40:00] [WARN] [payment_gateway] Transaction payload payload_hash=gN7W08QZ12McwQ3AWRq1Ezpjd8St9zTGAhYX799GJAlzqiOyQ2gWdjkhWu4nz2r5N/gY9VH2pxrz22v/CMFWFQ== processed in 270ms
[2026-08-24 11:21:46] [INFO] [payment_gateway] Transaction payload payload_hash=1UCi6iirxe2hhRWg8vo2+jU6OyGNqEfAOwbE8Ce1b/nn8upRKWo/MsHnd00wXU7SeccXccFxr0HF6+Wmfx251g== processed in 92ms
[2026-08-24 09:34:45] [INFO] [api_router] Transaction payload payload_hash=GYTSjRpeEPKHrDNgUUzeN9JMLCJBuiZsjA5rfISf6QaGuXdWATJgZqxhE3OmeIrgI64zyiHvZQ+uTjcqlVp8UA== processed in 365ms
[2026-08-24 02:53:05] [WARN] [api_router] Transaction payload payload_hash=4tPR3br41+pN0jN6AEQXA55y+XFHYfRp9OPag3pBLIaD6Chy65m6TahP8DkOH7Ij7v2c4lPjVK/rxzt98mzJnQ== processed in 274ms
[2026-08-24 05:35:00] [INFO] [payment_gateway] Transaction payload payload_hash=1aRSB7S5NC4VRvreqm06GA8Dz7CXDOMidFgiN4fz+Wg2l54kHf6hor50F1/YBFTppfDcxbyCnueQjqVSijWLuA== processed in 218ms
[2026-08-24 02:29:54] [WARN] [auth_service] Transaction payload payload_hash=wys4/6bKIjisGPrQjBKTKrar44DCRyR5QluS3VXnV/ljhDCve3pwJgqSmZ8P/jWjGHfn4++/1kO75PGsV2PttA== processed in 231ms
[2026-08-24 02:41:49] [DEBUG] [payment_gateway] Transaction payload payload_hash=QpbY2TZl8PLMKKUDTTCSXYQhvgO4oQEs2MRUMU3FE/r52Dj6t1CUmK9Sf4Iit9GsVsh2SD4qCg2Z/E6m4YgLbQ== processed in 6ms
[2026-08-24 10:12:48] [INFO] [auth_service] Transaction payload payload_hash=1C14hoRHygyzUksDZqlBqKkoUfCHGT/aD+0czCgMGui/TmKWvgsr+Asf7LuqxTiFx/WHFp11qVgzATRtjzoT6A== processed in 444ms
[2026-08-24 09:02:03] [WARN] [cache_layer] Transaction payload payload_hash=APqUz2guUVILQ3lX6HN1ZTOXBCx4Gm84jXv0ts98px+gRyL/jMpdr08Li/jkxDeyQJGpcqUBQdmQZKFin8dZLg== processed in 231ms
[2026-08-24 08:54:21] [ERROR] [cache_layer] Transaction payload payload_hash=WtSlkyTQngdAqjJW0rcdyRq1Co42qSJHb624/2NEmjs1IsL7Bbmc/lKwqSGAbneimRPKPvpYos88x7wPELa53A== processed in 315ms
[2026-08-24 10:10:57] [WARN] [payment_gateway] Transaction payload payload_hash=rWJZc7Vd9hyAzfX/7W6Bp0e1rVXF6oOYMhibVTsKR/aKg1BnB4wwE4qd153KDYGt1zfCXFwDWD+UQhTMOafwcA== processed in 498ms
[2026-08-24 08:13:34] [WARN] [cache_layer] Transaction payload payload_hash=ValV6AKAUpMr+Van1pXm+b/glYvGugB1CZynEfjuv9KC6uA0BWe8reEL4TSxBmd8OLQDWuXjqUqiFhWdM0POgQ== processed in 290ms
[2026-08-24 07:02:18] [INFO] [payment_gateway] Transaction payload payload_hash=Rxk5PRTh8PRvNati2yAdJGhOhl/BT80RICRGQuCmPaW31S+U10sbuITHAxQcth8RosyuLQRX6riTExLU7VijRQ== processed in 380ms
[2026-08-24 09:11:21] [DEBUG] [payment_gateway] Transaction payload payload_hash=eKuuOXMjfhOIeXy5JPMgA+ahrwgcAdiM743RmGI0wjTt7V4j3HAZxxh1YjEDEu0hBEkrMyKcoeEbPwoV7RL9cg== processed in 373ms
[2026-08-24 11:18:07] [WARN] [auth_service] Transaction payload payload_hash=NafsHa5BAA1eDjs3lv9/T5L+vt0m8k3GSvF2RJoxACoqaucDkhSvpA8Gt56dA2ySfI0fRWiLDq/gVOjwLGCvdw== processed in 262ms
[2026-08-24 04:40:39] [WARN] [payment_gateway] Transaction payload payload_hash=NypCXXXV5YogGl7btURqIhok3SL68WhYBcPpB7JL2EYNBLZMXgWBOBXhNb3p/gqMQ+RRHT73cBKyZSubmKPOCg== processed in 354ms
[2026-08-24 10:56:42] [DEBUG] [cache_layer] Transaction payload payload_hash=6+QJl4/9yS2JPzl9lu2HXh54VZ+9uan6VvneaCTKI6frt+gSciKe8Tu9fezM5sAi0CrrMVrOfXWhSdPm/5V7kg== processed in 333ms
[2026-08-24 07:07:18] [WARN] [api_router] Transaction payload payload_hash=HtQH5+LrnsnAXKVqI9Y+L4yaW5t7T9tzg/+t123eOqrqouoGcd+f1Uc+Aoy2kTwCNTHqRACmn0PJgMRXRTPgmQ== processed in 176ms
[2026-08-24 10:29:08] [WARN] [db_pool] Transaction payload payload_hash=4xMFgI0Zk774FEw5nHWr+hXMBzyztN5EOFSjzoPAMXIUDKnCj8mxyEKhlohNiGSi71xabi+DYbbT/R3iVpNXmA== processed in 17ms
[2026-08-24 08:52:54] [WARN] [db_pool] Transaction payload payload_hash=aXYwmJjGi6VjQ/2cefw99gtIpOgMYZ9R5x7gktP8Iyx7p1+o+Go5c7J8jxbA8syf40COH26ZENrC5iLJL+730A== processed in 299ms
[2026-08-24 06:32:28] [DEBUG] [payment_gateway] Transaction payload payload_hash=toYX1/D3paELWYybwvMX/LVPwmvLJ8BjacNJLH7Be5eFJTz1wklX2xDiL1GNsRIRWNs4UeWwrHpXpZHLqZQJOA== processed in 332ms
[2026-08-24 10:30:53] [DEBUG] [payment_gateway] Transaction payload payload_hash=xHty5O3eWlINUOKFAyTptQIDkfEwWOnDJhOOYfODU/F/jORt9PpPYbt1sAvqxXhYH07rAT26qrMsfgjTkGmVqw== processed in 119ms
[2026-08-24 02:36:18] [ERROR] [payment_gateway] Transaction payload payload_hash=jNiO/6KvDC7aN7gxxcWXh0V5QZjUu0L0YmGE7VZhs6zP8+Da6Ke42jusPH+qUxwBF85Vza4kw/vWlMz/Lhw//A== processed in 133ms
[2026-08-24 03:25:18] [DEBUG] [payment_gateway] Transaction payload payload_hash=OAQEIl9WSeEGXvf0np7IFe1GDFhrvTTSQf2TCidNF8gFzLwRQqg5vNyYupCJGn5r2eI+Jb8FGdpJuf4M1uqbvA== processed in 499ms
[2026-08-24 10:29:12] [DEBUG] [auth_service] Transaction payload payload_hash=9rJHsWVRPuPFNFBozSmec+RGune2Sm+feIsFAMP93aHKsd05uX26xp8RF5bKb7nl2L5YN1JJapcvVsrak7P0OQ== processed in 483ms
[2026-08-24 08:50:14] [WARN] [payment_gateway] Transaction payload payload_hash=nfFLsMSRdLmfRE7FYXqMRJaPRt0CMTh9iq1hO2k99CPdqVFBcu9TTxXdXfrLy452UIiu9Nr5YsjnDTvGYo7PBQ== processed in 64ms
[2026-08-24 09:30:49] [DEBUG] [cache_layer] Transaction payload payload_hash=v4MBRmYEL52PtZkEZWZADRC408svPOo50YBrhZHm/bskd/ww2taJmf5MR8kN01ZqQpNpHdrEO1iz053agMV11A== processed in 479ms
[2026-08-24 06:17:06] [DEBUG] [cache_layer] Transaction payload payload_hash=aE8qKuLXjWKGeIia7Mja+hNL28x+OWLWmwYRlPrOiH7E4AO/BeIFSQvp+dpJI/PTz9BsgK0vxCY4qxO/bBECFw== processed in 493ms
[2026-08-24 04:52:41] [WARN] [auth_service] Transaction payload payload_hash=NS6h5ut2XBKFZ1H375ihvEen11EphreprwN5wRqEGHjBJCBSOy8TkhenSstABKlMuo8+U5geh7uKJgx3Sr6JDg== processed in 32ms
[2026-08-24 11:08:11] [WARN] [api_router] Transaction payload payload_hash=euTHo6Xm/3RPiZWHB+GPfTipdcbYgoIH4PdWtK1OJnr9WEWGXfwAVJ7rn2Z9Pu2YTzYGy9Hw5mzYTw1kYGvY7w== processed in 225ms
[2026-08-24 11:02:47] [ERROR] [db_pool] Transaction payload payload_hash=5AEPryKtW9iNBfuN4xuFp1/M8SkK9eA9CfRB8d1HokpunVM65YHxsLPiL7saJH5k4vD3TCgHFO2ToH1fH7sTjw== processed in 436ms
[2026-08-24 06:01:29] [DEBUG] [db_pool] Transaction payload payload_hash=3W1WCd4uRXfN2RwEKvhpsUadKA1iF+zsiPRPGZxMqmbclCuXj9WRvQksiDWuqIyR0qf59xWM522DaYe9nczaOw== processed in 324ms
[2026-08-24 07:55:38] [ERROR] [cache_layer] Transaction payload payload_hash=A2HrKe56WBmR2iC4tBZsKoUWZNWA/w0pmnB0dwvW90NhxeZEbVRv80+ME2Df5drV0TytVmCupTiD+4/y6mxnjw== processed in 414ms
[2026-08-24 08:24:54] [WARN] [payment_gateway] Transaction payload payload_hash=aLOWwMbgJwQGSgm2fUYMUqlMe78OkGvCoDkAWjHMF9ss1PUyNtYGAJ2/8aaYEklLc9udvU8bZFbkny2OO7GRdA== processed in 371ms
[2026-08-24 08:27:38] [WARN] [payment_gateway] Transaction payload payload_hash=5P9L7vE/MT+Dm5gnHYACFRAictfdEnYpL9uXLhIoOl8eGTRW5Tf0sNfrPKm889O4DDvAcN1yHnDTUvX1ZLw/5Q== processed in 344ms
[2026-08-24 04:59:02] [WARN] [api_router] Transaction payload payload_hash=etu3Ez3TwM9j4tlL0nzmfSgEMT6ggjvjpC6BA7uCPz1jMZ/Rw55anWmfrlDIOx+87EBVhdKOUPorw+NiIKn1Qw== processed in 423ms
[2026-08-24 02:18:26] [DEBUG] [api_router] Transaction payload payload_hash=cX7vUtCVkdONd6ykIiZTfb5Jjue67STbfinkqCV+qHD9XXIteOUCTiJY5tMQE3ixWq67pg7vJCC/G+iaIBXRSw== processed in 497ms
[2026-08-24 07:56:10] [INFO] [cache_layer] Transaction payload payload_hash=XiR5uObncwUeanD7b5OnpH9yVhcdjHLCYVHNkG2YzArTOfAKMyruDJnJQ3M+6N04J4pGYJSwCdEifnr9971BhA== processed in 470ms
[2026-08-24 02:40:10] [WARN] [payment_gateway] Transaction payload payload_hash=0L7KsZwQzVPHgXVaJMx/W7ZWbsG9KdH8Z5aQahW5hknGnRe0nivvKR3B+HEm8ihsoZWvwuHjCVz3KAxvDZoxpA== processed in 402ms
[2026-08-24 06:27:22] [INFO] [db_pool] Transaction payload payload_hash=5b5T+y8QFK21j6rdKs8WhhFuun2duqDUK040MBpXbzjhDH0a5iNentO4cUCZ8kgC+OO30X/BmvV9Z6bitCWlDg== processed in 342ms
[2026-08-24 09:42:18] [INFO] [cache_layer] Transaction payload payload_hash=YS4t+OJgHpNxvdNZWJrw3kgPFHC6CdRWCF5NzWEgBVzwue+OW7Hxu4J7a8zaiswBUWa+IQHms4a02FXjvkOeKQ== processed in 350ms
[2026-08-24 06:57:32] [ERROR] [api_router] Transaction payload payload_hash=kKztIKFVONKY5q3smYZjHcgm04e3Bhf1JmGKKof+f9aOX7VIgI4ByjWC1YR61V8fX3kq2HJ2Er1odM0vS+WRTw== processed in 103ms
[2026-08-24 10:27:06] [WARN] [db_pool] Transaction payload payload_hash=SvCNESSm9b8kzrIQcURKphFJ+L6I0WM4IyIlGo/hmAuptZ4YuAcQFRLQCKLaDjZQpkt+u2l41P0q7B0KYDW2uQ== processed in 15ms
[2026-08-24 05:28:32] [WARN] [api_router] Transaction payload payload_hash=mAwWwqvzl34+aXE097XlvC1TnnpYb7qtO2VhEbSBxVlzCwUxo38zhrJvoQHzLcENFh2XW+FKEy6Wr5IryfJdRw== processed in 271ms
[2026-08-24 03:01:20] [ERROR] [db_pool] Transaction payload payload_hash=mnOErw9zCMsr+HPto+mqhybgZxQ/22MqkUqvpM3nDfb0B7ia315vVjuG8WV/19bq4pEtCDoHaklPK0YSXyCA2A== processed in 361ms
[2026-08-24 08:44:00] [WARN] [cache_layer] Transaction payload payload_hash=X9nbbswEVUeBSUgJ0j4rtkpEBOAQ69gPawzNUP/dKFeTudtZ3z/LEVYoJTdEtaUwk7gTqJ1EZIab+wt+JAdr9A== processed in 198ms
[2026-08-24 02:37:40] [INFO] [db_pool] Transaction payload payload_hash=BAnbWjs/uj4aff3MhZ0ZHWYbvZYYgUIdaqnVuAec8thLtQva0Lgis1xKTf0v7iDBI8jbuoFVEASQD+THe4IEzg== processed in 32ms
[2026-08-24 09:31:27] [INFO] [api_router] Transaction payload payload_hash=4vCnVVzbiTDc/XRlVqNL+9RVW6guDGrytDtOXYVYFtOugzu2PH9JVVxLKF+Y8d7HZm2fM0f5ocQYK0B1SBSN4Q== processed in 77ms
[2026-08-24 06:10:47] [ERROR] [payment_gateway] Transaction payload payload_hash=9rLfKlWumTnFeTBRGqJ4Em5Lxk81vML4eR64h/wqg+ZIOcmJyq2oYfAZfCsRB/GRkfb8AZmUxK222LtgCJV4dQ== processed in 131ms
[2026-08-24 08:47:52] [WARN] [cache_layer] Transaction payload payload_hash=4u+kyla8c1kSqEbtDfPNKtD7uVaGfd85a0Lo0cTB8s7CYP3yeclSgnR9ozG2yoI69HdeNx55wRe2yDG5TLnJEw== processed in 237ms
[2026-08-24 08:49:05] [WARN] [db_pool] Transaction payload payload_hash=D8aPGvPpF3zh0fB9Ey/Ku3o74OAxLuoZEwqPJeiFZlY5hpBpubT88nN08Sd4/QWFLzVPRXsEXZBhw+SUCo0A/g== processed in 112ms
[2026-08-24 07:41:21] [WARN] [auth_service] Transaction payload payload_hash=/4VN8oWWwLVhRT6eB/9rfRxGvlEi5dMgBs/JZLbhIPDFyctgNdlLuqr0fBy1gqvFpv8B8Xoy/NhFYHqEW1AT3w== processed in 220ms
[2026-08-24 04:49:00] [DEBUG] [payment_gateway] Transaction payload payload_hash=/OtZf5a5+M7irkpPFiAiwls15viSbe/atTFf18fH9tMp8313AR64S8xoz7lAG7uLMorX6RuqwcPUnTY+uKPeJw== processed in 221ms
[2026-08-24 08:47:27] [ERROR] [auth_service] Transaction payload payload_hash=F5zWoU3JM65Rei/JTTugN+1+2nFDcvEDP5KHOrvpkKtay81HfiPTc1sS9LIffAtWYef2wnfc3kEnnjZsDu+UZw== processed in 223ms
[2026-08-24 05:01:25] [DEBUG] [auth_service] Transaction payload payload_hash=mPlgf9jj7xBxP7qWjk8qhjoIo78EuLh0Ym5e1K9neE5y1hBPaHDsEhd0wIbIahWvH+geVYK1sUOPth4CfmrhPA== processed in 410ms
[2026-08-24 10:24:35] [INFO] [cache_layer] Transaction payload payload_hash=XXSNUXpI4FvRxLO2EMX/SAx7CKenoqAKi8Jt6lmBjjDTpL+ZD/ZitwII66+3SVBz8zC1fgm6SCbFQpKH3GvzuA== processed in 120ms
[2026-08-24 06:20:19] [ERROR] [payment_gateway] Transaction payload payload_hash=BSmbaC4Ken0rNxO0dKiEtvoN+nmq5KGxRfIP+Ptvw2MIddTWc3xKcBsIfOwsZqp/XUZam7VsMh2wEZIp/+sDIA== processed in 443ms
[2026-08-24 11:06:01] [DEBUG] [api_router] Transaction payload payload_hash=7HDquHWkGz977keai2W2GaSEs3Hm/EWjENArfXB2fhex9mKsHYq8R0dvCFLEuqEPjouS38sbUjjHQxJRqo23+Q== processed in 132ms
[2026-08-24 08:38:51] [ERROR] [cache_layer] Transaction payload payload_hash=FZG8kkSfOstk0nEYK0hmem4f1Y2uIf4h63MgZE75BhbdjpAJSvbHpTT2dmSIdYAbBBXxM9xZtab1d79vKEDI9g== processed in 283ms
[2026-08-24 05:19:20] [WARN] [cache_layer] Transaction payload payload_hash=0Z2fHzlz3D18vgbOMS7lI5mjMvT8LEreR8KVt97VkQcsXYa8zhv7ddS6VtSK+71JJt4HbOxnWQwAv3VXDt73+A== processed in 327ms
[2026-08-24 11:17:30] [DEBUG] [cache_layer] Transaction payload payload_hash=ujDKbvYzB0SlsWG+VMLrXQdme8mDpqWsDnFzedwgFUveIG+NCFE68COQalCX7DnNsTK0t59echzSp4XzjO5tkA== processed in 196ms
[2026-08-24 09:36:10] [DEBUG] [auth_service] Transaction payload payload_hash=ai/bhRJzgz/b7Yj028mtRJ4DpT6fSBXneaPmx5H3NihONDQpHdpiHr4ttx6J95qc6xsJz/3HJf+EhOSEWVPitg== processed in 346ms
[2026-08-24 07:14:15] [ERROR] [db_pool] Transaction payload payload_hash=3TBHUCDDfgX3NnPO6/Zd+xMJXbFAOGiIucd9GqAeko7GtAwE6ijHMR/Dqe9g3zh6UpTb7K1hox4RYVTgIHUUPw== processed in 427ms
[2026-08-24 11:09:14] [INFO] [api_router] Transaction payload payload_hash=VLN1XNBHgs+daiFwdE2uqoG/Evcdh9eR4TxbGNTyG4J97SPz8BFocumX7Y74J/qK7lziEYt2jAIBk4i14kaZJg== processed in 337ms
[2026-08-24 02:54:31] [DEBUG] [auth_service] Transaction payload payload_hash=jtJy9LQfUK3fyiynaUJZJ02VDVXdc9/Q6vWJzP95CnE9d4rbo0uddTXMnMj7SG52YMuWK/NxHBvehKgsa0GuEQ== processed in 460ms
[2026-08-24 10:30:28] [WARN] [db_pool] Transaction payload payload_hash=l0uchjZ6Wo1L4MCDXARjogGT5D3joJgQaL58BUgjbJXj4t0eeC1KfzaWE53xgklfZ8YKlsthpMDML9AGw0iEag== processed in 26ms
[2026-08-24 06:52:26] [DEBUG] [api_router] Transaction payload payload_hash=Mf4N7hLsTWLXRY8PAVJkHeRBZb7XGp9IDyfRUIb9vo5LaMrwHxtbp1CB1hxZRJLF02jqBZYrhR/TM3ldbHdMmA== processed in 212ms
[2026-08-24 11:05:23] [WARN] [db_pool] Transaction payload payload_hash=kxizZgXffzBSdGe5OYcibArZ+gqHAdU2utz/9sTxMkx7P7QcishG3uKRiK89VEJjAZ1scrLyg8y3b+KLpN4s7g== processed in 124ms
[2026-08-24 06:10:39] [INFO] [api_router] Transaction payload payload_hash=NiYgcF6e/y7T4ZVTkuWee4WB5pum5RDYDQyN2SMq24cMd+CwzlvPQL40H+TrPMUv0/eiH+nw9BtyNPnD3JRuUw== processed in 9ms
[2026-08-24 10:09:19] [DEBUG] [auth_service] Transaction payload payload_hash=1QmlXLvdWTBaXBVLNNcJTGq6aijhjRf6len/Fix3/6ABAzW7a5aOzT07H1eP876kZ1B9udQlJheIfsN8qZURaA== processed in 13ms
[2026-08-24 08:42:47] [WARN] [payment_gateway] Transaction payload payload_hash=v/YzZqUD0Aqb0jsOlOCNwbkYQhLDse3zzt8SV6DSBtDb4bxFoz97rlE2Bf+sC+IotUrtWww4jHSIMIYy/QPh3g== processed in 254ms
[2026-08-24 06:01:12] [INFO] [payment_gateway] Transaction payload payload_hash=jUJwUvL78tccgWHl1PmMhQtb00+7CAI4ZQ9uEPDbRUvePm8jKIksaW6PnbFn/bFqMd0xHhklr281kWuMZJw+yw== processed in 142ms
[2026-08-24 10:06:36] [ERROR] [payment_gateway] Transaction payload payload_hash=6mmbzQ2M8GSHAAFHa/PRXwEDPerhPbgK0Fb7I3NbgSf26J7aR4hUTYJpYBU0LrHOP/0uk8fQ9hCPVNigs2QQ7Q== processed in 185ms
[2026-08-24 04:18:56] [DEBUG] [payment_gateway] Transaction payload payload_hash=tvUOnUafo4A43pH2rs2TWqjRMVKFvGQm1MsFEMcLXSk1ySAX9hgS4S7oFgwTUZ51igFSVBuffwKQMn4x3K8NIQ== processed in 119ms
[2026-08-24 03:23:32] [WARN] [payment_gateway] Transaction payload payload_hash=hJJHZ5pwI+69kTq0R8PwRE8DErznW91GLJDGMP4fBn7C2A6PNVcDEYCxPf2exzVkrZukJsu4tUTbmQW9Oev7og== processed in 60ms
[2026-08-24 08:57:52] [ERROR] [api_router] Transaction payload payload_hash=Wz9rG5Z5/v0ngYYYVu+MhZ00KpneIR9+PRCdbC2uUc85AZiKJt1EJL4E8nK3W6MYgFnVpeFYB0kHYjditWCSPg== processed in 391ms
[2026-08-24 05:40:30] [DEBUG] [auth_service] Transaction payload payload_hash=fHNot9F1kJr7/wOCbjoDOZoShOxkh3wpfGrifwO39nTj3ihDGH0ZEnfqX4YhvQyOH6adWdp3Ma5Jz9xTyvXREA== processed in 127ms
[2026-08-24 03:37:43] [INFO] [cache_layer] Transaction payload payload_hash=7jl9nMDNbAZNB7up8j4zdJYF5bPS0ERjHQb2zDQcq/8aYa8PdwlMxnntO1X+JEufuXwzsfHH8pZ/v4rCL9ZeNQ== processed in 77ms
[2026-08-24 02:24:04] [INFO] [payment_gateway] Transaction payload payload_hash=ug/2ALVaY0S1B1mFfUIwI+gDgIn64OzFyHWm49BuWwcp/B3QHZJ8r1u88pMJO6QfY33Exe7lGW7EjkOgqzFCEA== processed in 191ms
[2026-08-24 08:59:22] [WARN] [cache_layer] Transaction payload payload_hash=af6m6/Qj2y+yG8w/1UP/m8jgx1T9AEZTCt0k2uG/0Niha1H2wzfJRABImMuMItjw5edLXTCKBX4ddwJJKJG0zg== processed in 59ms
[2026-08-24 09:41:24] [DEBUG] [api_router] Transaction payload payload_hash=6kkLoXdpjMsbfpyK2Lphn/Shyzt6dyjY8kaiwgWRdc/pcicKAAFL5hvvJPplZf0vN8oEPMRbVaafw7bImLSfqg== processed in 335ms
[2026-08-24 04:17:22] [WARN] [payment_gateway] Transaction payload payload_hash=F+l1XXY2WTd2xkrRCdKL51pYWEVd6ga1HyYT/dxYAYQaHbNgt3knfb/i57j9RD05nKJ3aQVNAw2YH+1qoY6qtA== processed in 313ms
[2026-08-24 10:41:18] [DEBUG] [db_pool] Transaction payload payload_hash=Akj8bAMVlsXulJ+/YaNwi4NojOkpPt7BDAzZvCl+mfO3ZI+aANdlJGyYrteENrdVHw6uceYJX3JKxHs2I7e3uQ== processed in 445ms
[2026-08-24 06:42:38] [WARN] [payment_gateway] Transaction payload payload_hash=Z6dkqEIUCkltXd42ftkZQNC21PZ6hIYH9wca9aOoLtncfAGumPimrwt/rndQ3awDFexNfPXLJktcCjOy75GBpg== processed in 97ms
[2026-08-24 09:28:07] [ERROR] [auth_service] Transaction payload payload_hash=A4XgCYQl9TJxUmF6ftK2kVZNglLPv4fb/rV7PNZqu/R98qLEPGbpzhfJaTjRESv+PrRUX7NLjbghSD5rKX4i4w== processed in 411ms
[2026-08-24 09:37:43] [DEBUG] [api_router] Transaction payload payload_hash=RcSZh4DE9UQ8B/VEdRGyn67emj+cj1UI74Fl5t4yccImRQDmsTv6qV0u2enrQ0zIRLobxgwGe4HD5racdmU5nw== processed in 401ms
[2026-08-24 09:10:20] [ERROR] [db_pool] Transaction payload payload_hash=GyIVP5lCLTLdOn7ixg4y2HAYrjcH1LNmiZSXCRVGs1fvui2syDCFYtgw9Y8fEDge3jASKaZaVdl/R/Okh1cjlA== processed in 379ms
[2026-08-24 05:26:36] [ERROR] [api_router] Transaction payload payload_hash=WzFJ3VYzfadvaN7ByGG14aDWvBlhe3WHESgVJVJ/V5uPq/LOLYWNseNGYSTiuojFSY7otfYiscmw9tz7M5xEuQ== processed in 122ms
[2026-08-24 10:55:18] [WARN] [cache_layer] Transaction payload payload_hash=wjXPM2B3/jrM3E7PukzM2r//bla7E0/Uxmh/4JA6MDjkvzqmBOHj/vB+vJU7hOwQ6NCESfIyA8A12fstcxOJRA== processed in 454ms
[2026-08-24 04:05:50] [INFO] [cache_layer] Transaction payload payload_hash=EDHUAsX+flZjAwneJ16rUcoZ3gIU6SEsapsOKu/6ZNjYUXOfSCPh+AnraE1EyrUy6isVNKLO/VLl40sa44J/uA== processed in 393ms
[2026-08-24 03:03:30] [WARN] [auth_service] Transaction payload payload_hash=xwSi3oWgTTsGIV+QJ5/ohnyQ1k55ddDZvU011v9rfDUowQ041O9F6wN3PZqY9MGKETTWSp7uaq8MFdWwNFTDug== processed in 64ms
[2026-08-24 03:07:08] [DEBUG] [cache_layer] Transaction payload payload_hash=HB5yEuhSbnmUsJMWZ0Oj9rDVdUWcE/CbdmCk2TGor7/ZKRWJSXvha4Zbr4M8TewjkfAMLwVPx2TCm6ixSWG9ow== processed in 220ms
[2026-08-24 09:24:57] [DEBUG] [db_pool] Transaction payload payload_hash=y2sX/+RBSGmjNvjgagCjKIDn15o9plfAJLPbeenj96pdM9RC7pXOxUcukLF0frCketmMjImFWZJp4Ep89a8yWw== processed in 421ms
[2026-08-24 03:14:23] [DEBUG] [auth_service] Transaction payload payload_hash=rZBgn0RFveCn1pCk1aup82cxhQ5j5V/kWpeFPWyCaTr8cvF0ldvp9Ame979nVCWJsbnoLkvWTX7ADpjnOTIhHQ== processed in 205ms
[2026-08-24 11:12:31] [WARN] [auth_service] Transaction payload payload_hash=0x50xztwdyBJGVpx7+9leQSDNRQz3O8yOWAdIYo9tXyGrheGqaPlHRgK3aMU0VvN9teUK0NK8pIxpoV3NY6JFA== processed in 42ms
[2026-08-24 08:14:05] [WARN] [db_pool] Transaction payload payload_hash=Dj4aID9dcEQK7KHs7Kg4p+mGOeQGHIYRIEBi2aHGHRfLkwkDyjLvjNp1tmWkVfRZACr4EYnE5RfY3U8HHv8GqA== processed in 451ms
[2026-08-24 10:39:00] [INFO] [db_pool] Transaction payload payload_hash=Styj0mf9/A5JlljUKY7hen//wWYuKTA3NrH+c0WIk82fvCTSP58H9j0Kc6oQLO8EgFoLJa4/0kZg/LTEW61XNg== processed in 273ms
[2026-08-24 03:04:11] [DEBUG] [db_pool] Transaction payload payload_hash=3nTEB5paY57JtbS8QsieTU1YIWrAorUQLuVxqDIRy7hiq8dqbAnhlClyKXCsi9Djvdxb38zlnJP/QZtz+48LcA== processed in 224ms
[2026-08-24 04:28:55] [DEBUG] [cache_layer] Transaction payload payload_hash=1XKKeM8polkUvU4e/4AIXQGDTDozsPFO0xpk7LqEE2wgOLPH0zQVNEmBHPtmYKb4pJzcfr36EhWZ6xYisNeCOg== processed in 249ms
[2026-08-24 04:34:41] [INFO] [payment_gateway] Transaction payload payload_hash=qQRTlr011ATzgTn3/+XjIGsWYqyf+0Bt37prHqh4Zde9zrAySE27NkJGTwT6Cj9cURr5BmKEWOnktOHJnbXxjg== processed in 170ms
[2026-08-24 10:09:45] [WARN] [payment_gateway] Transaction payload payload_hash=kFf5Cn5GWfQPYDKiNRjaFuDzGtqZ1lzyQhu8xvRP/BfEGB+Kys0nljCGfrDarr1yYX7zp27GonN2NF+hNsXX1A== processed in 201ms
[2026-08-24 02:50:58] [DEBUG] [auth_service] Transaction payload payload_hash=ktAZ7rjc9abzAbNrnxwelYh1TCaeOlW0teATvQLKqi5ZxbRRm1M0WLaNrHWT/3sK6i3gleNVxj+OPtzZ25vH9A== processed in 483ms
[2026-08-24 04:57:42] [WARN] [auth_service] Transaction payload payload_hash=TJ8WYVZRtlU5N00LDr715N4qZQmNlNReFIsBUsSJwSP2doh00cG4ZKrH1bDmKzRiUfw5ifj+vZnBdslQBfAp0w== processed in 28ms
[2026-08-24 10:13:38] [INFO] [cache_layer] Transaction payload payload_hash=wFe18UOm3/NAJ2bpBlbGl6LQfJx6hdfzd1NPWVIuRGBaHhfkkZVpQqhRZEKJ2GxYPgiIVe5GF/KNXHemedIzow== processed in 44ms
[2026-08-24 05:22:30] [ERROR] [api_router] Transaction payload payload_hash=6mz6aidwR9EauvTxSqEjpcBOyx77fdq80LSE+ZSvcOjf5zWjBh5mOLqyJ1TcGdsTZ9lECF2ZvdNqdcDHHu4tsA== processed in 106ms
[2026-08-24 07:54:51] [ERROR] [db_pool] Transaction payload payload_hash=ekHhgOQgnzRiAz89qglplKAARJgqUWFR8Lh0cM2+UR0CqxQ6mdsU4dRpd+apyft0L9nHT+BQ8kQwKC8TWxnzaw== processed in 480ms
[2026-08-24 02:30:16] [DEBUG] [cache_layer] Transaction payload payload_hash=mRJrbOYKN8lgTsDrtkmvsj3TQpqUSpB4o/3y7M/efGJoCCi910OeppNkwibgPgGvyBDXvMlIabrQw73XXFc0lQ== processed in 52ms
[2026-08-24 09:00:18] [DEBUG] [api_router] Transaction payload payload_hash=VmUSqBIo9PEgccz8St9T+cmBuEb0q+VCxCFDQHQ8MNH3VpwLRo1D7J/X83EiaGcirSI6RYo70zsXTu2h7P5Czw== processed in 56ms
[2026-08-24 10:09:07] [WARN] [auth_service] Transaction payload payload_hash=TuXXU/duBuNk7ZPjB/Ssf2GFMZ2xekD5iYx5m+c+ZxdvyDizu2l5gbPJYRpsU8b9UlpS7AEBD6gIbXt+id3AMg== processed in 393ms
[2026-08-24 08:59:04] [ERROR] [auth_service] Transaction payload payload_hash=Y1MYm2hANX8okOX61i2kdwBqVwwJEbqDR3IXBRMX7xPa9PBBLiRTD/vvfF63cd22pz2QQYgKP8tWbbmMYHwmlw== processed in 30ms
[2026-08-24 09:17:16] [ERROR] [cache_layer] Transaction payload payload_hash=D0xPo7JruYcptvDwLpc+2DVSfEi7M3V63SLZ+NsYfWYA0cZJU+MVZIfWjj77MwgF986btwWUobSrOxL5ylYJNQ== processed in 398ms
[2026-08-24 04:16:59] [INFO] [api_router] Transaction payload payload_hash=bSEAMw4CUGIx+gwGbSvQ4zM9sU6GJNlZU1PYJJKTTCl+PilFlqV5iwfDgELENHMdwO/+7iRAV6dmYvWT9AyJsA== processed in 331ms
[2026-08-24 10:36:54] [INFO] [api_router] Transaction payload payload_hash=BF3jUwPX9sAbpny1Ig0xIvcdcFf2PIOw6QHb3k17EYGLBG5ahlShRMZZb+hDTTGJ/Qu11w52vvq2wEFk2j0BwQ== processed in 497ms
[2026-08-24 05:33:15] [INFO] [api_router] Transaction payload payload_hash=+Di7TtCc+TSeBeFU9tjGz+noL0YSwpgQNkZjyAA2AAxs4cq7tQALd6PfBXOsc6CTsav78g+aLJHdM8sHrnignw== processed in 337ms
[2026-08-24 08:57:59] [ERROR] [cache_layer] Transaction payload payload_hash=t8pYODSqEd4b6BlZhefQDxkUf3JaSEN2aYpoB0WEec1QDE4XSUdtFp+8u/rQfL13L4/e8aLCey6QyLajFTYyoA== processed in 471ms
[2026-08-24 04:49:41] [DEBUG] [auth_service] Transaction payload payload_hash=g3eCRRJ9VJFq3C2s+myXXf+ms+ZwU24a/LBZnlDslP+Jnpb4iKS0pg7TpMaa5AD1QGP+bXNf/au/67A4wkW7vg== processed in 368ms
[2026-08-24 08:10:11] [WARN] [payment_gateway] Transaction payload payload_hash=Wt1c+K6hu7xpL9KX0p2DoL65H89EiDP9QvBlJpUTfrSxQniSJv8q4cAi+betEn8FarfmJ3fBZXS+5bHN+SQDXg== processed in 221ms
[2026-08-24 07:24:52] [WARN] [api_router] Transaction payload payload_hash=m6WOwXQ7DssFNQ1wdY4tMhFyIZbVPxu9mLJKNXRneZRlL9SWVTzHEXTamDCjmRquYDg22tQes+/Vs0BtEE9HUg== processed in 183ms
[2026-08-24 08:09:52] [DEBUG] [api_router] Transaction payload payload_hash=uoLO9ya6LpYXm4o9VsYd6cCHHBHBRkuW+ffW5uZHnRhdGO7UO+B1GY8C/2y90Q23QMzIKTaZflpZPAPzR/mSFw== processed in 161ms
[2026-08-24 06:39:51] [DEBUG] [auth_service] Transaction payload payload_hash=QUDf1pqDv1FWdYMzy4hEBEW3Awa5E95k+dLR3NN/xhJHeTTtP6IliOsSaOTbdBdah9lj1zD2dfoEkNoP9MEHZA== processed in 56ms
[2026-08-24 10:12:22] [INFO] [auth_service] Transaction payload payload_hash=1Baf4tij7O9Jj8arFexfdaOCcdzZaEyqmfKVcsVQvAnv4ccTYejn9AXQIUGPWfLYK8w8zAMmY1Zl89r9xMYFwA== processed in 75ms
[2026-08-24 04:21:53] [DEBUG] [cache_layer] Transaction payload payload_hash=SyanJycFJRyIptUrPwIVZbBQkooCLVVIYotb83dOUBAZ9XEu1cqzAhYDi4C5U9aCA6mJuIkz8ivb36kQEr/WVw== processed in 421ms
[2026-08-24 04:06:25] [INFO] [db_pool] Transaction payload payload_hash=QVVW5P4yA67llfO0lg5GkOEDK32OxJV8BUt76LzOpjQqK4Yrvg8io78UtG7DpV5SpE9OnVAnAOm9eVlH+wGedA== processed in 106ms
[2026-08-24 03:48:00] [INFO] [payment_gateway] Transaction payload payload_hash=hjgBA+tj4mSuSYIA9y4wMIQ056TNBZSfQl4s/FUzMFGD3SEW3R2jBgdN3wHbg/PP30kS8xS5zRJpubybfy1Uyw== processed in 463ms
[2026-08-24 08:55:17] [INFO] [payment_gateway] Transaction payload payload_hash=5V/iUAhYm7bRoidr776RlAQ/2OLMpwy933eNnxBvyoxiw1UX4xMmeDcdWPwI4sWUPMdSeQ/e+zi4OEWlUMiDhg== processed in 107ms
[2026-08-24 03:37:37] [ERROR] [api_router] Transaction payload payload_hash=4Bc5vJrTRlDiJqlCjioLK5CZEGB/BCHCCBf6Zx8rqnL8hZJKp0A8Wv9m/6i5FjNYAoL3hOZznGIDcPZfoKDJGg== processed in 254ms
[2026-08-24 06:55:24] [ERROR] [payment_gateway] Transaction payload payload_hash=V/hwG58LQgdFbCNTz/CBnbNW044EyWRZs/nehXDHv34PwvlBjIkQEMzNilkNnc34B4LEBJlx2ivof0gQ+C5Hpg== processed in 396ms
[2026-08-24 07:45:44] [DEBUG] [api_router] Transaction payload payload_hash=REoWijCFPszUwQk4oSGVq3D2XmTWgKPkou+oWljyVkeIAs4oo56COrwKNejfIEshdCHPv5n1S3m8Pi1zQG339w== processed in 231ms
[2026-08-24 09:39:21] [WARN] [auth_service] Transaction payload payload_hash=OC1KBycRZP9PQhEXZ6ZqvhOTRlIc9L3kA6ai34lm6QUZjKoPa3Hm3AbO0a+1Oxjy22BYN0GwV0M+3mCc9YXAfg== processed in 446ms
[2026-08-24 05:56:30] [DEBUG] [db_pool] Transaction payload payload_hash=yU+yM9e11e8sTCaaIYrcEOGvKAgv4Zr68iGFb5FEzwFFSuPPqENCpxObbouEnzOmTyuV4l2tITzrWggZb1M61g== processed in 157ms
[2026-08-24 07:41:28] [INFO] [api_router] Transaction payload payload_hash=+kEU87gHzqJGLX/9lMGX3u0yFoFPEPRrZHi39hYCCyhrDoXekKHk6Cj5zMlj8B/JAqxvYbnSaXiny3hdLoO7vQ== processed in 207ms
[2026-08-24 11:15:26] [INFO] [auth_service] Transaction payload payload_hash=9rYZC09h4DqzMrgV0BbifHQJDpIYq3JGwWBcNRyQVBkssdCkMmTovO9kexaLrwGGFHgY0RMlMriR+BtbcdCoyQ== processed in 29ms
[2026-08-24 10:42:25] [DEBUG] [api_router] Transaction payload payload_hash=MI4vFHp2f5+r4iTxzkADk7so2ObrjdJErnENRGWgf1SuK2rKFNMrKAHV53gXhSS3530xlyAmmokKbI5QYdD55A== processed in 418ms
[2026-08-24 08:39:34] [WARN] [db_pool] Transaction payload payload_hash=5sDTs3ou65TOJctz7gbe/pQRvW1kSuAsIKKigXe+I2xt2pp+k7jpcMyK9tqpyk9jRayibfDyAvDNk17Srs+oag== processed in 258ms
[2026-08-24 09:49:38] [ERROR] [payment_gateway] Transaction payload payload_hash=RFKQY3nmavLg5DsRg2XIgLSFUw7aGJTbxhfQtX1NmT3c5H3GYGTZY7SA4OIiAUMH1cdL/c0QJc71+v0IVdryjw== processed in 417ms
[2026-08-24 10:44:57] [DEBUG] [api_router] Transaction payload payload_hash=8P8TpaukknpSRdliEFT7xuR2Mnq6JUp2eyr0hh0iKhr2Cp8zpk1OYEf9s+HON8biwndyzw8ADVxBFdDrt+HHZg== processed in 414ms
[2026-08-24 05:52:59] [INFO] [payment_gateway] Transaction payload payload_hash=NmP+9qq0P9TBu16leS8nDQlahnVkb1evALXaXBeic1UPloUkuRriEJf/j/Ulgrw3wtNoBGhiXGXjL3omfX4wRw== processed in 168ms
[2026-08-24 02:18:35] [ERROR] [api_router] Transaction payload payload_hash=yPERjdff+AjvprxwziRDCC889y/ezX/DPrd6UdLjYse+kpfTNZsOtJ75EwNypnNMozrWGM1M0zz7sMYk7JfZsQ== processed in 48ms
[2026-08-24 05:05:11] [DEBUG] [cache_layer] Transaction payload payload_hash=i85/6sbJ78Ev1qwaOYPYTWwefZI89B3DBqqtlYkhxGZf+yf58QIU/kBlBEXbtcQizRmAH9mNYZGPPrYI3eRyDA== processed in 380ms
[2026-08-24 09:26:29] [INFO] [cache_layer] Transaction payload payload_hash=wJtb2HWcDCPKu3nECZ4jNMD0hZ7vdSVIDG9mFV2+IaKcunPBF1kx4AkoeDtIMCOuZrieXKVPmUxxizUo62FxbQ== processed in 343ms
[2026-08-24 07:06:50] [DEBUG] [payment_gateway] Transaction payload payload_hash=KORDs2sFLzPqYVLmrn9gTfJxihR/rFwYec/ElsSekOpApLVk7xSyUZ1jiX24BytQXWK6PBryLOFgsp9vcNVK+w== processed in 53ms
[2026-08-24 08:19:52] [ERROR] [payment_gateway] Transaction payload payload_hash=cs1lJFqq0bXCWILvOQKUooTkU/C2nMuvvrcmsA2oa1mN0QMGSIJeJuZYFkwe+NAkBc5N3bgJEq7r3FVsNKsvjw== processed in 342ms
[2026-08-24 02:40:02] [DEBUG] [api_router] Transaction payload payload_hash=AMptuQmBJZ+OMe+o7raDlYlRxfKZ7XA89Bl2r+z2LWggG/DuIDozrZEtxqCqCaYDgs29ocaShpxcGunCSMkR2w== processed in 117ms
[2026-08-24 04:08:21] [WARN] [db_pool] Transaction payload payload_hash=WeVZmHlne6C3qMJ4NCSUZyy0o/MNBEa7UhLi03wJwIv7ofk64/QWGQ0VVVjHsUaJqDulWX1Hf92f4JSKGyuAMQ== processed in 49ms
[2026-08-24 05:42:38] [INFO] [db_pool] Transaction payload payload_hash=nf/imbCy+En+2REdO8IPFnfak6AZBvnXExVYdIrymmObZk7HhIXloicz+LmoNKPF4SNtornoMol0CtCx2gWYRg== processed in 359ms
[2026-08-24 02:38:13] [DEBUG] [auth_service] Transaction payload payload_hash=78XjQsnFqpcjtgv9CmV0Mzjxu/aBTnweXcECERie8ZQsKhFTEKZG2+MzufE+6J4uf8Pkh0VH3TtTPrFGB/L2qg== processed in 252ms
[2026-08-24 05:06:32] [WARN] [db_pool] Transaction payload payload_hash=O0imDJxWszSTrO1NcFzfESVwDtTbLSnRS4e0VbkKsio7L6iLGgUp9fkuiJhYaJLowkJwfvyxh/EHkAfoZ/SckQ== processed in 114ms
[2026-08-24 08:08:40] [WARN] [auth_service] Transaction payload payload_hash=toTjKb/VQ/UPyADwMZZBbvFiNHhvlNG7R9Z+ETWH0LMYVciE2YXSELUg4BTlcaLD1VT9Jr3fRn9zAD3Te99nVQ== processed in 388ms
[2026-08-24 11:22:48] [INFO] [payment_gateway] Transaction payload payload_hash=UpD+6dPiFYHMQfk2t0hWS9fxFk65ImbemlyIEL6ViMf/r4SpMgJxl+T07dxPhd5s5jNyqEm1Pyh5iEaFR9G4KA== processed in 133ms
[2026-08-24 06:28:36] [INFO] [api_router] Transaction payload payload_hash=rCz6L3QcQbgKhe9JVP71C6RA2MB8nXR9yrrSOFQEew1j6PpkiPrVw9dq05kaZ/U0GYQzHCMU4ecnOfkQtwVaWA== processed in 418ms
[2026-08-24 03:23:59] [WARN] [cache_layer] Transaction payload payload_hash=DzaFzmEj/G59rR0VRm6Tfn5Wi1TSiOnKN3H4wqpLcRq5FcLd/oC6DxuJEWz8FIzHM2Xra//cNcratELcvZJcCg== processed in 263ms
[2026-08-24 05:53:02] [ERROR] [api_router] Transaction payload payload_hash=bjAMYwWoZzUIsaQhrdWy8xQ1Z4P1VqnjmCMnbpWq14s2m75nu34at2c3Rxs+g9htxEHn/zUrH5ezEZ4g6rNEKA== processed in 6ms
[2026-08-24 05:59:48] [INFO] [payment_gateway] Transaction payload payload_hash=olSEVyPO7yU3pOHrbPs2y8CUkXjKQAzfVc9Px5B+uHeVj7WeQHjf+uZtRDvQX4QBExNAkPuQ08UcRinZ8LTJcQ== processed in 156ms
[2026-08-24 09:33:51] [ERROR] [payment_gateway] Transaction payload payload_hash=3z49hE6o7FoCJz17J4EyqtJV9GcqPL9xY+StZENyEgRJn0loESykVHcwRX+gKeskfkANkgAOSIK3iLqjd1qmSQ== processed in 1ms
[2026-08-24 07:15:36] [WARN] [db_pool] Transaction payload payload_hash=sH15Yh8wbKI1L2+rFD4pYWEPTxKWPjWJmD/FNaCenI9i9gJVM2w6zO13IlAdt9IUesyHMLli0O3R1ZvrNI631A== processed in 131ms
[2026-08-24 02:54:16] [WARN] [api_router] Transaction payload payload_hash=SbPsOUs9kqKk74w0Ov9oQdAp3VbtanVHhPKoVARm8QU7OLjBGa28bO06GfwYPsZexz7WI87/XDfQlwmFCGThNQ== processed in 283ms
[2026-08-24 03:47:40] [ERROR] [cache_layer] Transaction payload payload_hash=LgWvum6EQML7TfsDUjhxKxTOtfxtSjOCbl61J+b/SDNEC4CTlGbTia5qdxJ+8WLc3maFZtLau2d1ipt2DXlOvQ== processed in 202ms
[2026-08-24 04:53:57] [ERROR] [api_router] Transaction payload payload_hash=g9xMRCPRVoJmdzDuhbk/Yjkl8XuTtN50U7+UqkkS6f8XOPFtKI14iAWDT2BKMoUf16w0xhlMnjoiSLZ6d9piKg== processed in 9ms
[2026-08-24 10:23:28] [INFO] [payment_gateway] Transaction payload payload_hash=tCcBa0rrdfe1w6o4DIuRvGHzU//FCnU/OyXFYlGMMTA5bGuMksmTSVnhmzv+hIP6ksvEIl5L9VFj78cPFYmkCQ== processed in 401ms
[2026-08-24 07:18:43] [ERROR] [cache_layer] Transaction payload payload_hash=7ZLuJiKdB0Y0yO1kxQHHZVAThV6vK8pRuUjpDtAj/odS5gX6Sh+6vtkibKoTbFJbdAXgajCof7rRnlGcIOs3HA== processed in 69ms
[2026-08-24 07:57:02] [WARN] [api_router] Transaction payload payload_hash=47JHfogO8VF7dhQhHuUsTvj4OwpLdpWQFUIPDOq0scz/MOcpd1+FpcVE6kzqcQUJzilnE+yYkRaid76F7ZPyCg== processed in 172ms
[2026-08-24 09:17:42] [DEBUG] [cache_layer] Transaction payload payload_hash=XCzhQ9Xh2pntdDC70yw4j2VehPVGu0u1+kyWanXoyuSy6bVpARnCGroOvd8jHyJqa1GJFJPaFMishsi21p5gSQ== processed in 188ms
[2026-08-24 08:21:59] [DEBUG] [api_router] Transaction payload payload_hash=rj9TvEZ1Nv4NTUWcLgwAg25M1rNk7irCE1rnuHgr4g4cQZ8iy6bIShdU+eIXBhnjYPc4yFu5+WR38hVVPxmxCQ== processed in 53ms
[2026-08-24 05:38:56] [INFO] [db_pool] Transaction payload payload_hash=YXTWx3/tHMCKR1wnoGHgPwrZubD6HBk4WgaRyeMW6F8QCej32QBOTwJvOR3IRAYhwNBodZOETs64QmcrwMLU8w== processed in 357ms
[2026-08-24 02:26:50] [DEBUG] [payment_gateway] Transaction payload payload_hash=hsSn4W8MRjwCiHn0UoqukLaeyiIonaqjL0wRoCk0mLH5y6HoAdcs8m6dB4cy/jmeo+NNhvm6ayj6gD/X78tI/g== processed in 189ms
[2026-08-24 06:28:13] [ERROR] [db_pool] Transaction payload payload_hash=jsR41nMLpxezV0MXqKGUsXDoYpJZ5LQ9tQdjh70LTC7gGtu/QE2HIztedumtrFrxkPuI5eyXnifXqubPdTZ+WA== processed in 297ms
[2026-08-24 07:04:40] [DEBUG] [auth_service] Transaction payload payload_hash=ade8fjcQn/FbLmabzgyURp7D78hZQe8pmJT98hWV72bgNih5Q96aQMldBOzlNaAlO5JXAjC6m/X/hVi4kfUA2A== processed in 284ms
[2026-08-24 09:56:20] [INFO] [auth_service] Transaction payload payload_hash=GiffO5NPLtq3VPIgWYo71oI0YQEyW/0/VMO8V2z/ZSk1AIFoWL9ZVYLxYRAvMCLsbgJRWY0E9Qzs61s83Keptg== processed in 36ms
[2026-08-24 08:31:24] [DEBUG] [cache_layer] Transaction payload payload_hash=4oK9uJEURFowNitgPxDnaJ/yh/8KRzpXGIMlR8uEqs5TdYakhyenQcIBnCy1RtM5q6Nv7SV14czpOxrsfER0Pw== processed in 308ms
[2026-08-24 04:13:21] [ERROR] [payment_gateway] Transaction payload payload_hash=NztMkLKm4+HRbLTYsCzwWkdpFWI92u5z6entkhxV4KjuQsGz5F6lgWDVYWQTpnfguJtQhzGvPz4GWXLZvb9j0w== processed in 356ms
[2026-08-24 06:33:20] [ERROR] [payment_gateway] Transaction payload payload_hash=cPRqUBGYWrBIm/Te6H7rGPtjwbw66VPWzQ/K5grmFXrpgf9WVMP8qbbXdoU1beFtdkKXLHEnHNMyo9whWsd6rg== processed in 407ms
[2026-08-24 08:24:54] [DEBUG] [auth_service] Transaction payload payload_hash=WPWfr5ogMsgTOWPaJf66kWzpaZF0y3GhUBitPsjEpHXUIzgMf7Yq27n1QAa6oOYrOhCDoeACC54Dr8XRWJWzww== processed in 424ms
[2026-08-24 03:23:04] [WARN] [db_pool] Transaction payload payload_hash=xx2guUPal7pgXTUvT8m+TzG50V6XPv/wTCXhjp6YVF/6ib0eOoRvJNRm59E5giK/r+Cko14JqpcAaA4XTEJexw== processed in 364ms
[2026-08-24 10:51:47] [ERROR] [payment_gateway] Transaction payload payload_hash=3Ug1M1UQLSU6lYOvXGCBFvQVBPRkB8ZtMWD0625Oav7ShSdyQDDh5pEbm8HLqkfyA0NXdA+pkA5MiXjVMc9baA== processed in 87ms
[2026-08-24 04:27:32] [DEBUG] [payment_gateway] Transaction payload payload_hash=jTf+J6n/lM37PB73AZxOQboqf23Xr9aDnadlFk2khCaPMBtOfjydrOEc81bnETqHjdfC6EAYs1AGFv+huh+5IQ== processed in 480ms
[2026-08-24 08:39:40] [INFO] [db_pool] Transaction payload payload_hash=afgJnBwuIvYjocIi9YANfNdbjwVKQvDWTUqIjZIXBizArKHQwgwMDCsr5rd4/gpa/Lrfwqi2dYJpvLkxzagD9g== processed in 294ms
[2026-08-24 07:11:36] [ERROR] [api_router] Transaction payload payload_hash=ovniSZ8feNIwscdsItOn0jjxPt0AI+ob6OdQWoJfGj6zyVuayWuB8AaoxG+kBcOWZUZMQJdqvU6+iGyu83Sd9Q== processed in 22ms
[2026-08-24 09:00:34] [ERROR] [auth_service] Transaction payload payload_hash=NbMPwQUfs17x9Ujzcv9ulBZ1qx8vZN1w1kZpFEeCaNHOBoEGir9Z2FCKRAr30ypG4T+9ep7Ap2SMqRPyh8fqzw== processed in 0ms
[2026-08-24 07:01:48] [INFO] [db_pool] Transaction payload payload_hash=ElV94XUzzP2RziePH/HVSWJovReoVGIXiwcStt+8LabG+8aS0KFBgC4IJcjCjb+4EAP+EmYYUx/pOMKN4mDeaw== processed in 461ms
[2026-08-24 08:45:21] [INFO] [cache_layer] Transaction payload payload_hash=TFhg9onk2GvuxF++KATWoMyRL6/5Z5R0EScW/ZREWpGydzwG4+Mr1NZ9S1VZ1Ty5aU9w2iav76aowLibP3/xHw== processed in 142ms
[2026-08-24 08:26:39] [DEBUG] [payment_gateway] Transaction payload payload_hash=CV4T24oWfLcNXpxH2l9zgBFGLMm0XgKYr8iQWAf/kRuIjG0zeEGwx0ldozJO/c7AEZUzbN1fsmAf10PD5RmMCw== processed in 167ms
[2026-08-24 07:35:30] [INFO] [db_pool] Transaction payload payload_hash=j1NEvDtA5aSSAbOSHpEj00CSPUhK2XQdMGyLgoRwq4koOHuH3/T+a2whY18YIxqR5WJ+vYbZxFvDSAmJvgaKXA== processed in 87ms
[2026-08-24 07:49:49] [INFO] [db_pool] Transaction payload payload_hash=uIgW40l3NaV8Y7D0l2EHFkA+nPZxhA03tzUF2amdJgzVgG5kqxcg3bfVExA6o0TiCXQXDzs2nY1Zvlh+S/Oebg== processed in 358ms
[2026-08-24 06:50:10] [DEBUG] [auth_service] Transaction payload payload_hash=fSuHeC9qkRKHi975xF9ohLyumYcn+KhTSsVO6BjruDZbmJfA1SF1fT9+fwN7IiANXiZEBuyfbKcJxCqOVLIolA== processed in 250ms
[2026-08-24 03:07:34] [ERROR] [api_router] Transaction payload payload_hash=8ahxwpoQ41k2h5QfbCCSYdlPha1XsF+yj+OYXDkLvNIMY0D3AtD+wMcgcYiyj7rKc7wLySSUQTYE14j0+zBKnA== processed in 280ms
[2026-08-24 09:39:24] [ERROR] [auth_service] Transaction payload payload_hash=73SJsrFgZK/ofGisPfg/pdIBZHSu3KvQ6vpeAjIBIYm7Fj0gMnQ3I1b/ut2KFAiigVlmC0rf3GLImHDOTExRfw== processed in 379ms
[2026-08-24 02:16:48] [INFO] [api_router] Transaction payload payload_hash=d9NMHEK9bpBv3jRS7QVldECUOtjkjzVbrtzFNh1gzSablTSLm4uq2F9/MlOSxgHHAXIbKrNZJVZ74dFK9XeLyQ== processed in 111ms
[2026-08-24 07:21:00] [WARN] [payment_gateway] Transaction payload payload_hash=tcWCcPzrNd23DFmvyyIK7lJItPI0mgEwSYms8xWZv+E5fruQAljXMIBeURILox68afotLuNFMF+Pg/zwoeqCqA== processed in 411ms
[2026-08-24 02:33:05] [ERROR] [payment_gateway] Transaction payload payload_hash=PMMEXVNuNvDS0JRQ9BnMRBe7LQnEtwFVn+63sJfOqryzXFw31EQK88HEHPzD7bOed/urkJKJnPIMe28RChBlbA== processed in 479ms
[2026-08-24 10:50:47] [ERROR] [auth_service] Transaction payload payload_hash=2+AF7kWn6bevt69y+pmR4zLJNWtANqnt8Utg2AX3A8iOKUWaRrPw3712o+M4A1CJoBgCl53O49aj5vqArDf4ug== processed in 275ms
[2026-08-24 07:56:53] [DEBUG] [cache_layer] Transaction payload payload_hash=JwCgSCWmcwqcBFypr7eUOMpnS+1KvSog5ZT2WaTwIoOLWwp90r/CUTlRs9Qn+xbXLwZDjAKRsb7X9zOXvs2/GA== processed in 137ms
[2026-08-24 04:35:58] [ERROR] [cache_layer] Transaction payload payload_hash=N/nC3iPaRkoG9MNVkkYU1EvcigObP9HosQI9qjEMO4bEY1/ewAsdqIrffWknVAMqARVHMdajHYkA30HmIDUiEQ== processed in 141ms
[2026-08-24 05:20:51] [INFO] [db_pool] Transaction payload payload_hash=cEuHWEwPUNRKiWKH1fdQp+RnVes0piWl/9RW/g6qd2tq3yfqsr164WIfF1CT9/PhCDrVHCHL5MQCLEC5810+Og== processed in 88ms
[2026-08-24 06:57:23] [DEBUG] [payment_gateway] Transaction payload payload_hash=sZxTeOl5wJMOEeq3LNTHACbnd099wCipavNmXw/ISyFo3jxuWconwHTOAe1rzhBlhc0Zvo1kcr1mhrK9sEtfuQ== processed in 29ms
[2026-08-24 05:56:34] [INFO] [payment_gateway] Transaction payload payload_hash=DrMeRH+1JJzpz/PCTD2OZ2I1sqZGu89hbI0eofK5FR/IgRqlrktDvVuhwS9Rmm7LCIu6EZG85SV+shOEi8oGeg== processed in 304ms
[2026-08-24 06:51:41] [ERROR] [api_router] Transaction payload payload_hash=t/KDsxCXeUIJUv2I3kZ/KyYOiY+PfMwbwY8oZj/To3VowuD0fWk7pGJFQC4MU3GVMenPdUeXUg2DEvqeYkmCxw== processed in 224ms
[2026-08-24 06:22:09] [DEBUG] [api_router] Transaction payload payload_hash=erjut0bmwZ6DaGPEt4DTK1hkrCJkFDpMQ4UrJwGnA+fDE3npB3gJGOnKf2BA+AINN9mIhYw5/yne3RecXHOANQ== processed in 118ms
[2026-08-24 10:00:40] [ERROR] [api_router] Transaction payload payload_hash=lLCsMJCgPu4W4p8YENDI/xIKCyUKJqwe7ZpwRDyX1coRwkizubtoCu6qpbcKUGZVDwamp2gqV8MGwPJG5JWcZw== processed in 20ms
[2026-08-24 04:54:13] [ERROR] [db_pool] Transaction payload payload_hash=JdxvVp3COre3FQvaxl5A8VsZj6Czw1RdWP5Erds6y563MAAvF1GZfEx/UnpLsBgovU0tICSEoiGDzxzv7jSd9Q== processed in 403ms
[2026-08-24 11:13:35] [INFO] [cache_layer] Transaction payload payload_hash=q5cy5vifVeNjgezwjvp2YvRudrwPx13HSeFkyDtp4pFRciGmWWcyROSMEsM9nU8E7BoyTQ/z3kQAXlVFTEJ1Mw== processed in 344ms
[2026-08-24 04:46:05] [WARN] [payment_gateway] Transaction payload payload_hash=rT5aTJ+BVi6Z9A7n4Q0HytewgLgTTh6JTUcq2PWZwAQpk51wERTj7NWzp4ckaxJY7UREl9S5dBUGeab9px/fOQ== processed in 393ms
[2026-08-24 04:40:37] [INFO] [cache_layer] Transaction payload payload_hash=ROiFWzmE6uLdHCutqjtaR71k0c/howOyCVF41ZCBIhcGEp4FNGi2e0b+FpxfXSr1fUK+OIM6EphQjXjC3+zz9w== processed in 34ms
[2026-08-24 07:18:32] [WARN] [cache_layer] Transaction payload payload_hash=xBF62ibB8/3hdqTZmIhAkOlM9IuRVurs/PfoH99AutgwlG2iS5poE/7L0jiPtfAY/wuqY0m4srXgd0XVBqhlUg== processed in 12ms
[2026-08-24 07:56:51] [ERROR] [cache_layer] Transaction payload payload_hash=yqQrlVO/dJK2CPtcd39Zay+IHjsiHwfHpT9aOZZ2mkII9tABe2qydXBL83TB7xIMK5w/CzOlR6Jnhdax9UfLpA== processed in 94ms
[2026-08-24 04:30:37] [WARN] [cache_layer] Transaction payload payload_hash=ZAJ6psTwoE4zQFh9FhSKVY7uLKK1bhn4ktOw7zD60l6+ZTdAPPJmQ58Mj3uFJ9js11gySfnpYJHcE5NxGMD7+Q== processed in 309ms
[2026-08-24 05:03:26] [DEBUG] [payment_gateway] Transaction payload payload_hash=XKU6YY4HJwLrBPq/41WI4NcL/tQ99ZwmN2HGl3PTqB8cSskWh564gt33FMDfmHLjgD1vQPRQOP2c/LQuFsaWpA== processed in 323ms
[2026-08-24 10:36:05] [WARN] [payment_gateway] Transaction payload payload_hash=reTzOHvhQYaybg/AY+l1D0KYTFC2bnmd66RstJpNxsF19jQtWbtlpnYN4HciUuub8PysBCMQsOJn43J0Nvefog== processed in 427ms
[2026-08-24 02:19:11] [ERROR] [payment_gateway] Transaction payload payload_hash=ljXG1o6Tk/EgQWz9OcsVj3KSxL2uL8G2SQ/AMh38cbLVVZx07Packa7ceKZwnCWLEWGtqCpKt5ougS0FruN8+g== processed in 430ms
[2026-08-24 10:47:54] [DEBUG] [db_pool] Transaction payload payload_hash=Afkm16ezdnDFCT3T4OBNQlxCyS7U2wKJCchlRfD1yMdy6F6AhpV8bcZqvZNAROK6u4uM8Ill477JzRYJIFYCCQ== processed in 117ms
[2026-08-24 09:38:40] [ERROR] [payment_gateway] Transaction payload payload_hash=bFNmZJ+mqahpI2ORVjzDLp7F6U2bf3N1OoLPyCgjv+qXOyVQf/Cquj4XkFFqmTuU0NNw5yofJS9l/uYPynogRQ== processed in 250ms
[2026-08-24 04:26:27] [ERROR] [auth_service] Transaction payload payload_hash=+Hhlq+k0nkp5ktCxtpZr0VZrWBB3iYWEALP6zcy1QqCSKfF9s8pg5lAbzve+1zp5Zmr2RNG70ZD8l7/U/Xk81A== processed in 324ms
[2026-08-24 05:46:12] [DEBUG] [cache_layer] Transaction payload payload_hash=Rpd5EaD+Vryd6kmYhuzcqD81EnQ/ZuyfiWquGwDnDg4W7PfFRVemjjY4yhqrfapQFANxjc0qi3zZmBkj3vPqhg== processed in 4ms
[2026-08-24 05:02:54] [INFO] [payment_gateway] Transaction payload payload_hash=J/s1hLdysJxn0priuJ1TwD/rhN2IguDpUKNXSSILzTJBb/iNLyr3Brhk14AuepX7oukdOZddK6lBPiXSNJM9rw== processed in 127ms
[2026-08-24 05:38:26] [ERROR] [auth_service] Transaction payload payload_hash=SEv60mVj3IdIaAQyCyXnUFD0JFXSb8AzAEHC1/53iKZMCJcuVHL1aaMDmiaZG71LxB+fA2Re9v+Dm12cTVSVfg== processed in 422ms
[2026-08-24 04:05:16] [ERROR] [payment_gateway] Transaction payload payload_hash=E3jgOqnVhBpL1O4vdN4drQfFAUsB872m49H+akGu7Sk3ISIEIUSMdhhfev59OCK+iD3QSexq/wI447mfi2HUAA== processed in 318ms
[2026-08-24 02:42:41] [DEBUG] [cache_layer] Transaction payload payload_hash=QHsUVTB32G8ml5XAIggeVe2G7ViHRTDI/oHeJZhed3FKE21UZ/gq3+EAYwUmd2ClL1TWeiKWkY9nJ55e8rQRSg== processed in 320ms
[2026-08-24 05:34:53] [DEBUG] [db_pool] Transaction payload payload_hash=wuDbnWpuzITM6JfZX/ldSbRShUA8uI68CHbY1FtAoq0yGBE7ZAfWQy/RjkCCCwrgO/WMrSNRWEX1/FwfWoSvSg== processed in 431ms
[2026-08-24 06:52:05] [ERROR] [db_pool] Transaction payload payload_hash=IKZGg4zg1+Zu5FQ74kUV+NlDJLPR4m3VzA/cierDYM4sNQi2pmI+aOxZJQFJAe7BfCdyfkEgkTAuZ5RzMyoqEg== processed in 390ms
[2026-08-24 07:24:06] [ERROR] [db_pool] Transaction payload payload_hash=Ttjwua+GC0d7ONyIcW3npa6uup2Bbp9UXtSUpHmpATlpAHIc0F5s9Duaz3hf/mAHjKMlF4zOaaViis7bOSkiZg== processed in 358ms
[2026-08-24 06:51:43] [ERROR] [db_pool] Transaction payload payload_hash=exLmUCw+eC6mVsq3kkOD24Vn0LHZ9r5vXvJbeYIgfA0nQJjIGB1Zs6vfVRCKlSx7EU1S51zOGuJvMMpC7GcgHA== processed in 428ms
[2026-08-24 06:41:20] [INFO] [auth_service] Transaction payload payload_hash=7A4uLS2WXKWYM0EHqsQvCvNLwbItIEc7zmAE0qD+Vva6D4AfOm6U9AzwPkD/Up/RBtVehZf4D9x73OhT5eaGsw== processed in 311ms
[2026-08-24 05:01:51] [ERROR] [payment_gateway] Transaction payload payload_hash=4DNJ39qTK2fUrSRBBiVOWAUuufR6tPkJKvhMrFvM3Q3fNYFpcxoVoGXMhwCC7/xHQv/ADOFCxy8SgCduoakp2Q== processed in 155ms
[2026-08-24 07:28:57] [ERROR] [auth_service] Transaction payload payload_hash=d8wEIZ6G94yjhceucInffnES1S7Y2SXp1etvq6d1nuAQEflpZL/mD3AYdHIj2Wgwpu1QaXGoLiBOZp37nGBoWg== processed in 265ms
[2026-08-24 06:57:41] [INFO] [auth_service] Transaction payload payload_hash=zFm35eS+ZaPsQe0DzeBSGneHdR5O/ljeWABjTQZxsDs5E626YNqs/G694pJJK2R8me/xa8mxrHA4Ma5wVT14Ew== processed in 349ms
[2026-08-24 05:29:55] [ERROR] [payment_gateway] Transaction payload payload_hash=49YJTkZE9oalHgwvvnU+3U28fa8EGvXY0V0yAt3zi2oWgUD+O7AuJKTjmE3AF9M7hO3NtMezKLOLxeUBvTPCWw== processed in 269ms
[2026-08-24 10:37:55] [DEBUG] [db_pool] Transaction payload payload_hash=yElKSuvEHNhA2GF+W3U4BtKYPVbWXrc1YoagLvS2JPxF1YFyDOwAh0AgCMeELhnyh+O2b1IdJOOFq+4S9V92/Q== processed in 432ms
[2026-08-24 10:53:06] [WARN] [auth_service] Transaction payload payload_hash=rLla2ZK++DOMbOJZ7Kjey1A6iaKpZosl0Sw+HxfrWu6uXhFBalPAybqCJJ8vGeLRhRaUZzQXLOXnvGpv9lllQg== processed in 350ms
[2026-08-24 07:25:25] [DEBUG] [auth_service] Transaction payload payload_hash=qkHQP+1ug+Oy4tm526hGTJnpM9sW8oit3+J1KnLrCf/BNNftyN00jRmBT8jedxtV0iEX6DXxzSaNiiyvpYwdsg== processed in 278ms
[2026-08-24 09:56:48] [DEBUG] [payment_gateway] Transaction payload payload_hash=iRb/EcEwn7dJwucMti3VLqkPVYWZh3VCxPkD0dpC1W26aGcsWkBNwHLcif0qr4uHxZ9h9lgXXsH/vzv0PXf8NA== processed in 425ms
[2026-08-24 08:07:16] [WARN] [api_router] Transaction payload payload_hash=UOHugnfXd4VOwERQxZdlFYCViTXt70kotbvp5DunyJiW4VjYw9oNhoTBdqCl0RGFKH+Gie43rxnuZobBEuYciA== processed in 350ms
[2026-08-24 04:54:28] [ERROR] [api_router] Transaction payload payload_hash=9PuHNCmandSxS8/FtNy5t4kD4rbqRTMaSAb/I/yq+EsKW9rdLh86FBO+/7VQ4VrfGKU3i74CSEbKE97gfyLN4w== processed in 28ms
[2026-08-24 02:46:21] [WARN] [auth_service] Transaction payload payload_hash=xrBki2bRWLs71vhR5lHMU6ygWtOEMXNbp+XYCzzHHNrXWFSDkc5e13o/cI9lEUERiE18uoAPd78YzNJpHOJ+Aw== processed in 240ms
[2026-08-24 05:57:21] [WARN] [api_router] Transaction payload payload_hash=2lSCtBJ2+JexoKLJiWq30vfYSHmRNgOe22vo2/YaB+VlJ6MhznZYDUrrJJxJJWE2D6Kdg8XDD8hgf1t2JTxAXw== processed in 77ms
[2026-08-24 04:58:21] [INFO] [db_pool] Transaction payload payload_hash=VtddzJ5c3OpBD8Z820Tgd3ks+x5lSYEMLcUJbs4f0HuXidr0Nkuj+Akc3wYWr5IYktUNHf5IRShvj8gudt+5nw== processed in 49ms
[2026-08-24 02:31:37] [ERROR] [db_pool] Transaction payload payload_hash=apWlEMC+A8XdwVrVqkep7cRD9jIYC6VzCU6rj1GxXbk780sPJYLSzf2qhTG2mu/umPac4WZdF7+G82tseozPCQ== processed in 1ms
[2026-08-24 05:09:21] [ERROR] [payment_gateway] Transaction payload payload_hash=seurpFlRk9uAEwcIX1osed2lJ+gqtXsp+PCdadXGXOy+Wbjwn9Y0TYVOUsJUVs0JVOp3HzEKp+HA3z0oXkFkKg== processed in 461ms
[2026-08-24 10:27:07] [INFO] [db_pool] Transaction payload payload_hash=+yyIHDKKRWrYb8PjHppjxA4fl36VWSvA/RUQzb8rk2rYYXqbVZmQx7W2R0Hvim9+meXJnyHjQ5AK/Y1XxxEaSA== processed in 257ms
[2026-08-24 03:02:23] [WARN] [payment_gateway] Transaction payload payload_hash=/jROO1fjPIV3dI/5EjeSBx0QIJkEFUYFz9eGvwG5FYUaiXbXkSZETEDDPWQzEZjhZypMR52WzukK1vN6kjCftQ== processed in 392ms
[2026-08-24 07:58:47] [WARN] [db_pool] Transaction payload payload_hash=zCfvGbOxL4PNUa7CwjReVxdLkFu1doUez112hoyADdUhsKTabH3iO00FmZYKp7DrSev84d3tpuKj0+7tEYXTrQ== processed in 37ms
[2026-08-24 02:53:28] [DEBUG] [payment_gateway] Transaction payload payload_hash=QD7WK41WX4T5NGRypo9XyVzv56SG8OXKKkucRTG7/3Lj7+HLZ8vfKbRMUMvM4COlf1AGtXZ/1jxKJNplATbW+w== processed in 185ms
[2026-08-24 07:36:18] [WARN] [cache_layer] Transaction payload payload_hash=iXxb/O/8VMUtL5A27yD06D5TRLCKSA7F+XBxkG6+Fps/7lTym6+DLcCfeNxqBuAgpJENH0kebcrp6Z1WYSFC8Q== processed in 146ms
[2026-08-24 03:00:44] [INFO] [api_router] Transaction payload payload_hash=xpHXilvz30up+6YOPdIqCoK8q3zM6fLLGDuoDMVS+RWZAx65Yxo013q6NpLZh16bZrM+XYNQdU16teZ1Y6k8Jg== processed in 205ms
[2026-08-24 03:22:35] [DEBUG] [api_router] Transaction payload payload_hash=PLIWmtA3E8P4hw3++1mAUxaSBZsJSwhSMWULem9PcIePSS3kJ2mw/72C4/qqFzDjrBviBFxn4dgaYl19RVDIyQ== processed in 90ms
[2026-08-24 10:25:21] [INFO] [db_pool] Transaction payload payload_hash=tYdhdXM8J9vpkTaVB1IT/iO1P9sTKkg2HWc0IWCY7zTbpQ/OLq+ozhImCN9acdSI7TWaVu+Q8IBLbXNz5hwP3w== processed in 256ms
[2026-08-24 06:48:17] [WARN] [api_router] Transaction payload payload_hash=7mN169lnPjYr2A8XRwWRVIH+pJrniO95IuPqamY4I0w3UTKB6DiAIa+TQB4tdOU9qyboTYkTbrEOVNLKk0evYQ== processed in 389ms
[2026-08-24 09:00:44] [WARN] [auth_service] Transaction payload payload_hash=Sc9udtZtrL9RM8ET1hcVi1fzPtkcz2wU5R9tZ48mckuPyJMVIxpD4NNmxgR1H5/ZpxBfDI3XDCoRASGNgxKXAA== processed in 441ms
[2026-08-24 04:36:42] [WARN] [payment_gateway] Transaction payload payload_hash=Tagewnnjk/LOj+IDRJBaLoPZoYKJ1r3WzG28P4qNzXydzu4iD5ACC/XRC+vUiquQx5nLQtH19MlrPbuP8afXrA== processed in 201ms
[2026-08-24 02:40:05] [WARN] [cache_layer] Transaction payload payload_hash=H0MIdHpahrBr9R+aVZxqCYdbnWwqObxJuywdQTPo3FfOtDmnA2cmoDR73Hbk6DCHpk1s01fae+hT8z88rcT5jA== processed in 365ms
[2026-08-24 04:18:21] [ERROR] [payment_gateway] Transaction payload payload_hash=e7IM51rD6RqgbvieURipQNywebIGSqVrTjkzLrI64B1xYqgoPNmE82f57T12/bCMgXoCXBQYP5PbS1c4JWGrxg== processed in 337ms
[2026-08-24 04:52:47] [INFO] [payment_gateway] Transaction payload payload_hash=Fww4+YveG5UfYIelilc6Z9I5UJG8kMnVd8QyJd6rueIdO3xUHQYe+SLfxd2/EFoeDdtBEsz6bFLXepQxZ53ZZQ== processed in 74ms
[2026-08-24 06:52:56] [ERROR] [api_router] Transaction payload payload_hash=gErXtdrSlbSWavSJ661mCAy67L9BHTlBRMEInf1bWuOXA0C1zXEP/kGtCs7KVTSw60SsJsoGrJSgyTXdWjWS4Q== processed in 84ms
[2026-08-24 09:38:07] [WARN] [cache_layer] Transaction payload payload_hash=advYTgi/BeIqLhNEXQNKLbqdkOHefGIVhmEw8HbC7yROjEuuFZ3f629DGi4VUR1pC9swbHmRapL3wJQ8bB6T3w== processed in 252ms
[2026-08-24 04:01:01] [ERROR] [db_pool] Transaction payload payload_hash=gsMMj1NyZFMToSM7kMalRxnOZXWojgs0Wxc3NyoQ1oRJ93UZX2RXJysJGHhqgWyyi33uQ9VKTR4J+TeNzoB2hQ== processed in 369ms
[2026-08-24 02:29:45] [ERROR] [auth_service] Transaction payload payload_hash=5PZO/lf+S2CnsYDMKV3M8Ul2rfwzZv4OTpdXOhjrCMUXOFFuWwgNsB6FRumZhy1bCH3vTP2SLMHTPto+z/rolA== processed in 156ms
[2026-08-24 06:04:54] [INFO] [payment_gateway] Transaction payload payload_hash=qtpNZ+Ko/YTxW9Gmim2p82NCIbQF03ZUrWMS9ekN5n0EadPIJaz8BNE0kbLW/dlrV9eaKO87oI7e6OE1Bm1aEQ== processed in 327ms
[2026-08-24 08:57:02] [WARN] [api_router] Transaction payload payload_hash=7llEEI05pufDpAE+XiYyZHd1vVje4Wcc9/eVXyqd9xe5ZSJGLzG32BV7vSPxsbBlgPF6u+mrKENKUWgraUK+QQ== processed in 90ms
[2026-08-24 05:34:32] [INFO] [cache_layer] Transaction payload payload_hash=GCMjWJ7t+lG3YKOsykjGeUnwKlvwAbbC/063G5zIi6Sl0vCmr0rlwW60nwKTG/9Bf4YkbCGwLzDcLlA/+tvFDQ== processed in 145ms
[2026-08-24 06:13:31] [INFO] [auth_service] Transaction payload payload_hash=KSlPZm3hYlQwDK15MGmCGKVGkQmfsC3fRBGAk9kJily0C3KBIOaXINov2lfm8rhNPwpxtC5wFXns6SGQgeAbvw== processed in 446ms
[2026-08-24 09:34:29] [WARN] [auth_service] Transaction payload payload_hash=Iz+qjFHXiBl7Zdhg2WmBg07zbgpGAAh7JLY1d697EV0CVy57ZdbWXiiR6bOeUnSw67iMZI8l396xXBceGL15ig== processed in 499ms
[2026-08-24 11:09:13] [DEBUG] [api_router] Transaction payload payload_hash=j8Bd3OnHxt/gUELnCMPs9Vo9XS8+uIaYitAOVJe8bo2aD6tzmdslCeC3MyJFZk+0sTRo3QVUJzL8B27L1ccnBg== processed in 188ms
[2026-08-24 08:27:31] [ERROR] [payment_gateway] Transaction payload payload_hash=cytzBEhF8KDkrKDJilpB+7g9LegeN7ESPqBLAcG0ZQpRWvIiKxSzZbgqKk1CiGWdFr4zEaQnmcvP3QeD5P8hFQ== processed in 68ms
[2026-08-24 06:38:56] [DEBUG] [cache_layer] Transaction payload payload_hash=vcYc9+Brge8xr2RKp8wsKzT2DpTmIf8O1At1kUnJC+i+fs3sb+vHo/ZMAvgUPXVSrG9M/5cscDcHlgjqiDMbAQ== processed in 136ms
[2026-08-24 05:09:21] [ERROR] [payment_gateway] Transaction payload payload_hash=y9Xy5AYNag8+7KCi4e9ueu+9m3DVoJMLpU5b0NN2l9lARh8wDrNvINx+XhbY3ncqUA+LFHvQ3IpPvWXABlB3RQ== processed in 25ms
[2026-08-24 06:34:43] [ERROR] [payment_gateway] Transaction payload payload_hash=5UQxZvOXMbpu2fLJxoOXAxVSI574yOkvmdkBfUNVyn+ZF6r2/I/Otxl3HL8IMZ6lt1/v4PLY4NxkmIFTc8IUug== processed in 484ms
[2026-08-24 07:02:16] [INFO] [db_pool] Transaction payload payload_hash=0apf2qR5eHqy2yW/7JrjWPTFqN6kglvkEOlrv7IAKABzPI0KczAixNZrQnATVSwhlCwrJOceZIo/Acsy7B8c8w== processed in 312ms
[2026-08-24 04:14:02] [ERROR] [auth_service] Transaction payload payload_hash=2yqtExuvF/pwF6VCogMV4SzMs7zJXPWwLaWOiGdqNMWAYqnXnmNIdx/G27InqoXemb1do8fkT0+eeGhrgy/2Bg== processed in 289ms
[2026-08-24 06:57:00] [ERROR] [cache_layer] Transaction payload payload_hash=iwlgaHrKwFzciP0nRMPqJ3MlMFbVgX5/D6I8pPkupwNOQz4QlaJNaq6Sw4/5hARQAPWlOdcqAes3dutnJkyQOA== processed in 322ms
[2026-08-24 05:44:51] [DEBUG] [payment_gateway] Transaction payload payload_hash=hhxF61fOsuZLTAqiMdyZp5e/YBRGc7YpvxVIKvTBtnUlWDbSiz6AgJPbnEvFY0zY6Hu+druKDXz5Wx4WNeVXvA== processed in 380ms
[2026-08-24 04:54:26] [WARN] [db_pool] Transaction payload payload_hash=cIvl4UtyPw/XishRjdTR5G8N8f2zMDBz6qTlS8WnmOF2q9bau5AD0/GPPq74ZlEzmq6ASApu7+8ze546JyLEzw== processed in 330ms
[2026-08-24 07:16:19] [ERROR] [api_router] Transaction payload payload_hash=X/jahFHVAcD3MQHkaWcsQcX+VTOJ4UDLrlThMsxn9G4OtFu7Y4JnoyQus3Ho5ofcTqSRoGq6JNtLoeQbFnTNGw== processed in 107ms
[2026-08-24 05:23:19] [INFO] [cache_layer] Transaction payload payload_hash=rpRy3aPsWLZGhXtJTJqQpqJNPq5Qjg1uc09RA1kPHYcnGwZiUP1uIoqYgH4jWhXQ2jnNDXrHFecn38UrqK7AOw== processed in 117ms
[2026-08-24 07:32:09] [DEBUG] [db_pool] Transaction payload payload_hash=z1o5h1mweE+Qv9wwC2VwBZtHysynULiky/7GXrE0G0SF3sohxgCa2zll0UR22X2QmF2Hm8TpPc1dDNL9yHhA3g== processed in 155ms
[2026-08-24 05:33:00] [WARN] [cache_layer] Transaction payload payload_hash=O9q7GtA6FQmdoGdjfLpBAosGs3DdK5u0EIaWP5FcswG+/SsdtLDnuwW67enGQoBZewL4ZLjWhFhj6xLwuxWyNQ== processed in 417ms
[2026-08-24 08:16:08] [DEBUG] [payment_gateway] Transaction payload payload_hash=3NjLCQS30BhcwrI8zbkxzLjelGqRCv8AFyRiMKbEbO2JtQIYUO41sy1TTnXdP8ezCQTU1aRbIzBb/0o3xwnGXg== processed in 228ms
[2026-08-24 11:06:43] [INFO] [api_router] Transaction payload payload_hash=zOBAi7hCRaQBRLmpIEGHT57MCectMhcsurJd6rBJLPrN+tWKpRNAHVkSBpZ+6EYRsK7ydcyttQF/jYh19Hbxtg== processed in 202ms
[2026-08-24 11:01:36] [ERROR] [api_router] Transaction payload payload_hash=3m9hS+BiqfdRRYSbsXdvvEt0ICpzS0mU97OAwDCsxK0Al/HaDjnxHi4Q27PjpbA+d8XbLXVFS031XSOpC3IfRA== processed in 293ms
[2026-08-24 10:21:55] [DEBUG] [cache_layer] Transaction payload payload_hash=wV04COVo4r/fJJJFkaXoYHaplCfDpbs+hPtdikt9C0rApDcHEuaxk+M3nGB9iOtR8PV0HTy9+QUKo9NjTZHihg== processed in 404ms
[2026-08-24 05:56:47] [WARN] [payment_gateway] Transaction payload payload_hash=1cvgjaAGUtSKR/sATy/0HAIVZchya5G58fu7bT01pAZYfaVygHYZOawz7wSPNgXeXVn23e+n1Xrg2XV8gQjbLg== processed in 50ms
[2026-08-24 05:52:19] [ERROR] [api_router] Transaction payload payload_hash=ACk3T/Fa/d8gAykYIOTM6gKyQJUJFKKQzPctDyyUC/lpixLMq4GPyf5RgZWdCCKtP8+/E87RMlQZpDp4sWvbGg== processed in 197ms
[2026-08-24 07:11:28] [WARN] [db_pool] Transaction payload payload_hash=/nakwxEJdlD8saZj29OgyRt25H8ahnhfyXv/e6BLOorRLoNHs+9Ka4csPvruu+Jq42jn4afHZE1LAfHOJml19w== processed in 85ms
[2026-08-24 06:56:46] [DEBUG] [api_router] Transaction payload payload_hash=Y6XYHmcwJDWk3FY+LpJwpeeCEMWqqjOgv+7UnOaTP7EpTnWn2RS1KgxxNxYmaa1VWXYriBCDI5X+AbfHtI2UVQ== processed in 51ms
[2026-08-24 10:58:11] [ERROR] [auth_service] Transaction payload payload_hash=NDp29lRjEagtMtH1vVXfWEhB58tv/dS9iEW0/9bfteiVBtpaIIBJaVJmG9wij+xYDiAW29axqTaPWlrYQq+lLQ== processed in 193ms
[2026-08-24 09:26:52] [DEBUG] [auth_service] Transaction payload payload_hash=5F8yz7WebfkEI4xY/n+r8entkw+0WzCmuEo6gC1S1hRyn7Fepe9KzvP6U3z6Usa6sM4dP2YR6/oplHWaPPVr9g== processed in 237ms
[2026-08-24 06:15:06] [WARN] [auth_service] Transaction payload payload_hash=Mkf4+2wM9AsM8c5PgUxVo5oe0y2xnIs0/z4zloVZ3cyCbxxgSlRFiCtTI/mCVIlI8brn46XomrDO+q9a6HtOVw== processed in 204ms
[2026-08-24 09:52:45] [INFO] [db_pool] Transaction payload payload_hash=aZIZv0XtLZkghnt//QgqvqYpTPHlGXCWEMVdxSwfLl8XdkDgcDv1zXePMNHaEteagVZoJ2uwTvuVj+KF4nHmOg== processed in 200ms
[2026-08-24 05:06:13] [DEBUG] [db_pool] Transaction payload payload_hash=TOlYZQKzeQacIkCUPritxRGZsLW8/sotEoVTyR7KvvFA4IbyjoZTWsAMmj44Jfx6MhosVrbd7/LLR0QBAAdJpQ== processed in 491ms
[2026-08-24 05:13:27] [WARN] [auth_service] Transaction payload payload_hash=gMSBIZwe6AwCpwOgI7k4L7zbl25iCFgEdzaxdLK8AnjigC9/cIigPqJ1BBVyMA6BZ+thSHtW9QG1Bmqt+hFmnA== processed in 1ms
[2026-08-24 09:37:52] [DEBUG] [payment_gateway] Transaction payload payload_hash=VEYG0wZfLdNFeUZOz3rREP/1RXwvas/CzbTIQoN9KIoOVIeai4C3JP9icdDzaXFw4rbr43yaBSR0xjvAp2xqdA== processed in 470ms
[2026-08-24 06:31:19] [ERROR] [payment_gateway] Transaction payload payload_hash=p9daY2ns/77gY5SZfR1WWNgSwBYuQHk9qfwaessZSkWx0e7zuOOLwZxXkoF6+SN0d0RApKOLCqDruG3f5NQ9kQ== processed in 19ms
[2026-08-24 08:35:31] [ERROR] [db_pool] Transaction payload payload_hash=hVEGuN7hUt8+hziQQ2eL3jlBiTRpXCy39SWpGauIAgdNyg+RXKIAH8/qRakztzTQNN0mUzwukVwgcdo8iqygrg== processed in 495ms
[2026-08-24 08:19:31] [DEBUG] [api_router] Transaction payload payload_hash=2qY6r4INd4OzQm7G/s0bHvFDcg6U7wPoCfhQRnnjU3Wt/PLItyDq9hh2V77xcoNRsPk9nW6hGB15WAseBG++kw== processed in 453ms
[2026-08-24 08:39:30] [ERROR] [payment_gateway] Transaction payload payload_hash=uFMz8EiL7/lg4VGLZ0U6AL/70xp6wTAztM3GWVOvX3ASaU0eKec/Mkywy7TVrtU3U3Sr4JQShAWyeusN/Cv6AQ== processed in 263ms
[2026-08-24 03:10:19] [INFO] [db_pool] Transaction payload payload_hash=U+5hZI9PU30P/pDRo21Ur8ir09X/lPtI4aFM9vZa6OMpnAfVL0LzyJ7arv7dunYOpRAgTity5TXTwASz2eXlzg== processed in 194ms
[2026-08-24 07:52:43] [INFO] [cache_layer] Transaction payload payload_hash=I2aGFQ4uWA08bed9qByBYfByCrn9BvhS7+rRtmES8FEWbAFez2MfCQUql6jkyUTzUIoD0nqgiuMu7SSgnV1b3A== processed in 171ms
[2026-08-24 02:50:58] [ERROR] [cache_layer] Transaction payload payload_hash=SIVc69rWsNFJvI4fNj46ssgbgwrZgLrnFNyIcLKtj59KRFV41gFHw3/H/ZEQ1nwsJ7B69sW6toiHJLD2kFQ5OA== processed in 206ms
[2026-08-24 11:19:09] [ERROR] [api_router] Transaction payload payload_hash=dsGIMfvDOPFdr4180eGDYfhi3cyli35Jyf23MJiHoKOItqPZytdnpzxAugH2Ey492eePFAbWcm1uJYZyt7Pktw== processed in 162ms
[2026-08-24 03:54:07] [ERROR] [api_router] Transaction payload payload_hash=TQYq+iJA3beGNGibA552swvbuAxZvBe58tiE/6gmGtzk8LIRfUqSWdRqWCChGX8UR2tSxX8jIzigP8Rl7DpBMQ== processed in 413ms
[2026-08-24 08:21:16] [ERROR] [payment_gateway] Transaction payload payload_hash=KxlNx4aOMFOnC/gwbLyAkMaMf238ZUOynNhRJLWKdIzCaxD1TxuC1KlAvGaXKQY/PGGCMLT3Q9a+oaSPxV4B0w== processed in 379ms
[2026-08-24 04:38:56] [ERROR] [db_pool] Transaction payload payload_hash=UUumew63IemEYspwlxK+8hufWPq1mj8TsLUWF5e7CJI3lc7n8aI+bGzklvtQfrN/X6kg7IGi9h5nN7aQyLN/sQ== processed in 187ms
[2026-08-24 06:53:12] [INFO] [cache_layer] Transaction payload payload_hash=tDrnOhW/u76hCS84IfE4yEUT3I1J22H6U4bv4s7Iw8VXHhAzG9OLcjQwOSFTw3gobUtadM9jGnIDg2vWaShIZQ== processed in 447ms
[2026-08-24 06:04:05] [ERROR] [db_pool] Transaction payload payload_hash=uvHEwJXAbedZ/OuqsUjK+HG9+jpmsyAzxRkA5+1S0kFA337g0RNIhBMWvPi0IO8m2muJoz9Fkr22sCa369aKOg== processed in 353ms
[2026-08-24 04:42:15] [DEBUG] [db_pool] Transaction payload payload_hash=xCBkhNmu1mKcoSb43C9r3pZ4FAE4rjF862xQSc/i95LtRlfzq1FQe7UjvRNoNBKWlpIlPREebtxgd6yt3ZM7pA== processed in 455ms
[2026-08-24 07:39:49] [ERROR] [auth_service] Transaction payload payload_hash=p5C45yrKZiqn0x7WFamh7DJByn++Qf5KWbf1wq302XnImVslbIoB5+wfsIvDUQf7l8ndpnhrVbQXFpkJBJNjLA== processed in 77ms
[2026-08-24 08:25:15] [WARN] [auth_service] Transaction payload payload_hash=R0SdCll2M+BPBPWTl7dM/Y+S++n/ZfVJRKXrhe36sQSbYENumM/j8bdhkzWQQEyC/3kTxRvuhgLBvAm/wtVGxQ== processed in 257ms
[2026-08-24 10:14:21] [DEBUG] [api_router] Transaction payload payload_hash=9eA9+ESZUJ0Jh1EwdwUVX/JDlU2LSRhE6lD4gwejBjYchCp5346lR3KnegbMShwAH5X5uiqm4zjkpl2vZ3WUsA== processed in 45ms
[2026-08-24 06:17:30] [DEBUG] [db_pool] Transaction payload payload_hash=TpsMaYJbiWDblrj/VYg3chomTch1ubU8dC1GvXtrAwbs3rCUBvjcZBq/x8d1L/DM7wyvJbMpwpqQa1EKd3LTCw== processed in 28ms
[2026-08-24 08:46:11] [ERROR] [db_pool] Transaction payload payload_hash=4V6jpqaoqNkdKYYg72WcGnoDKlTwX6n/9cdArIniO255yir3RVSoMnWp3HJhXPQB21NxehCERiczKT99MOBaKw== processed in 378ms
[2026-08-24 04:32:30] [WARN] [api_router] Transaction payload payload_hash=Lf/CLZub5j+iTRyJ3fK+ENEB2UI0VQxaLgUgooX6GV6MQwWjc2thPCfW2H13ZBUNBWoSEF6XQWUhRLqfYdPhHA== processed in 81ms
[2026-08-24 04:21:03] [ERROR] [payment_gateway] Transaction payload payload_hash=HiOnNTKBeQVgPatbWGKRa4muA5cRJqNxrfADyF06k9n5HLvs91yvJ5o3+1SYavcdyQJ8ggKXUmpcOYiMQ9jZuw== processed in 129ms
[2026-08-24 05:44:54] [DEBUG] [db_pool] Transaction payload payload_hash=PcY+yDzJsoZOsqDz2jZagS6ziNXDj/fpIOR3e5u1kv7gR/uSAo1buMi2nC+NKaC7chSm8Er0H5a3ALQF71vugA== processed in 233ms
[2026-08-24 07:36:12] [ERROR] [api_router] Transaction payload payload_hash=wkIOosiT7OsJxojKzUTEoEp/iU2DY8fHr9Rw8vXJN0/Z1Wineo4y0fD8DLUlO31rcDtPtChCKMhSvtzBD2+0aQ== processed in 228ms
[2026-08-24 08:47:07] [INFO] [cache_layer] Transaction payload payload_hash=6zv8oeNZlZUVqjVae1np2eh881Cjn8Fir+n1pi4lPpcW2UWUTnS84Gjx+jtJr1ouC7SXncYoVMnNsm6bqlgvwQ== processed in 38ms
[2026-08-24 06:47:03] [ERROR] [auth_service] Transaction payload payload_hash=JkPDr/NUB8GH37Kiyn2gu2R8e+H8V/dK6D0anajnb+Qe+DIEqyat2l/1v/NwG331G4gqTT4ObpVemsLBl7Rh1g== processed in 19ms
[2026-08-24 07:41:21] [ERROR] [db_pool] Transaction payload payload_hash=oly9XkcAiLhjN0QnzZ82zTXWdUYcSBqZxpjnIv86wTpMgP5uPdobLD1SImJO6ti/KZFol5aJphGc6ux/2S02Dg== processed in 315ms
[2026-08-24 10:56:05] [INFO] [cache_layer] Transaction payload payload_hash=nYRWvbfJ0oqfWA+NtL8IeWrxJLGxKFpog4iAnKCSI0Qa2g8rfG6+vk9R0ISGe6p93hpyw/DlSBIS0l6LmTZQ8g== processed in 331ms
[2026-08-24 10:50:47] [DEBUG] [api_router] Transaction payload payload_hash=BtZNu2d8iJ9NNNWD+Jl6o2K41J7JuVNzD19ziiyjA/jZt/ukZkNpXGyRmojLY92d7j3UttV1P1DwZzFLcP5QCA== processed in 396ms
[2026-08-24 06:35:22] [ERROR] [payment_gateway] Transaction payload payload_hash=mWmk+klpV2UoSQJG9tnKo0xfxoLkmwVWQtpy1UYUIcGtAhegZPnQOTXHh3P1RNrA9x6jDmVwhpl3QX/Ip+uQJg== processed in 228ms
[2026-08-24 06:37:43] [WARN] [payment_gateway] Transaction payload payload_hash=lpQ8epQUr1Lv8jzxqpktLXL2GB22zNfALhwQRi0ibSDf09ddWyOw7JF0daXIeYuRrZzvWWfRFTFATu5+KZcISw== processed in 217ms
[2026-08-24 08:42:34] [ERROR] [api_router] Transaction payload payload_hash=r8kOxCnDEJBuBY/hLzORYhMjDZoYAXqJidN9QbZiQjwWWFJ2Pt8AfQnBo1h+fUelmaQFXTAjLE4F83zeyNW18A== processed in 238ms
[2026-08-24 04:26:58] [ERROR] [api_router] Transaction payload payload_hash=U+fg5o5djpCwdprsNDG1im7Lf86+JwVxx9CBXwKQY94olK0VCndl0KoPzcbWBT8Ay8PYdWCbwWYMxBYqdW0zIA== processed in 27ms
[2026-08-24 04:17:13] [WARN] [cache_layer] Transaction payload payload_hash=ywYw4yGGv7UgBPVNLiqio/BklNWqEdvX4g0huCyajOjuSJPNQpN3shmrjxN9U/rbVecMtx6v1h+RcmTkc3mTpA== processed in 444ms
[2026-08-24 09:35:58] [DEBUG] [auth_service] Transaction payload payload_hash=iBO1u1bveqLaRy7EZVoyM1Yj7UHEGWumjLhw2MZaIOrsL11q1tUSNLD6dUu+4JfoxcrOTU/z+QDdumdaMhrmoQ== processed in 49ms
[2026-08-24 05:57:36] [DEBUG] [payment_gateway] Transaction payload payload_hash=n7yLmkbTv5Wx85mOHoKK50HVy7pFitMDIPOjiXpH0HqVcuESyUQjT5twiDzQqXDgohr3XxLuReqSFlF6wGXmGA== processed in 424ms
[2026-08-24 02:55:41] [ERROR] [payment_gateway] Transaction payload payload_hash=kAXi4yah0vg6EKXQyRtmqR20dQqmEIGoK6DKE36eyw4uHSW4NmWUNUQCnDEeM6ftcqbdKbRtMGLDRegVvlm0yg== processed in 220ms
[2026-08-24 03:24:29] [ERROR] [api_router] Transaction payload payload_hash=lrMFkJrjU6n5K1upfrKUnFWcNR8pgeKgxfE8h+OY6NDUaK9eMJ/u1UAekzsyVFAPnzR8Wp8C1Yo9O8d/SfsRhQ== processed in 194ms
[2026-08-24 02:56:25] [INFO] [api_router] Transaction payload payload_hash=8upx1+PPzCxm2mFVabscJWiHkHANKqEAxoJmgpUYt7/G5nTUbU1YkNDWx3n3Co4qv00Mvft5Ai0zUkL+0H9N5g== processed in 92ms
[2026-08-24 08:45:24] [ERROR] [payment_gateway] Transaction payload payload_hash=2m0Puz6aqg+xG75R/6dXAXTK38AB6tCoFyLy7w266/gy01v+2rs4NbUKGVeCpRCMfl+/hBkqD7plbQ3KzKiO4g== processed in 112ms
[2026-08-24 08:57:33] [WARN] [api_router] Transaction payload payload_hash=Q+Nx5S2D5+EakA1nmwatlZj0a7covbKix/SNucOtGEAV/Mwizk8CeKftGDoBWc6ysvJgw3WzIlbndmfNPNHhOQ== processed in 315ms
[2026-08-24 04:39:24] [DEBUG] [db_pool] Transaction payload payload_hash=T5DQDGrDWtp7m4+YNcqUYFuo7YJKBFMuGXoyVHAomKK5Gsv3OxvxlIVjWPlD/r5SKF6CfXDBTuPSOloI6LnsFw== processed in 143ms
[2026-08-24 09:20:46] [WARN] [auth_service] Transaction payload payload_hash=nblh5XoTe60SwLNvlxlhMf5vFP9d57/qGu01q4uO/vh8rb2IJsdqAGXHJtH7CRPf0fGBi9rc0QZT4UIvP2HFLg== processed in 260ms
[2026-08-24 09:45:08] [ERROR] [auth_service] Transaction payload payload_hash=cP1/6s7JY+I4Vs1bwVviN54DAzSv8kKQ2xEMhDLnmF9pEz9qP6ggbywGOOeR6tFtlduswJwnIZsoJoDJRgx8kQ== processed in 39ms
[2026-08-24 02:52:21] [INFO] [db_pool] Transaction payload payload_hash=Ed2yKk0iXJYUE+h24IKqQxVD2MIXoziF1iVk2rUF/1Py82abhDubSHBsp7f0zP7EDiV9YM8GYTZvLt4kspWKMA== processed in 450ms
[2026-08-24 09:38:14] [DEBUG] [api_router] Transaction payload payload_hash=LTArnnhphZhBQ1IcjyWcTh1Uhcm79dmtApcOvPnfzy9yW9THDG14s0gdPuiw+do6KQDk1HmYEJhAAq7nK6a+MQ== processed in 220ms
[2026-08-24 05:34:47] [ERROR] [cache_layer] Transaction payload payload_hash=W7iPnDrfNmswdDCesPaYroaIBWPEbZnHm4h1R6PmKtAyfVxXYkqvk/tff+oK4LLY1T1gSkbVSpLIhuxIllz8dw== processed in 35ms
[2026-08-24 03:23:46] [ERROR] [api_router] Transaction payload payload_hash=B3VRuzf8sHG1S0D8MIZkjx1IetrQw4Syem9Eag7ws5Ua3G+hJcIY2V8L7or3JnDqidS7WvlTTFga5lI4opXWyA== processed in 264ms
[2026-08-24 04:48:26] [WARN] [payment_gateway] Transaction payload payload_hash=+ryLQ6GUmj4CQdC/swsX9NNTehpocrKxsqnhAoOXKMf72l7cZTwLvgRHCdoI5pxrcziOE6SLIdYR9DyzNOoxKA== processed in 376ms
[2026-08-24 07:16:58] [WARN] [payment_gateway] Transaction payload payload_hash=l6jewU0FE+0z1GIDvg4x+e1GWrLPS0UQW1nhToUJHVzTVbPX32mEFx1om8LKwgpb2h9trO1mytKzvGwPfMaibg== processed in 285ms
[2026-08-24 09:10:20] [DEBUG] [db_pool] Transaction payload payload_hash=5CECPZxaXeZ9BQo+0l108V59dWmaovbPgeZhVYwIFLn3SNsYAki876YV6CL+30pVh/6CBmS0ZfGyMCOJdjUCOg== processed in 204ms
[2026-08-24 03:43:02] [DEBUG] [api_router] Transaction payload payload_hash=cSoO7HjmHqZ6Dx9QREhS63IDXqMiGhm6RQiNjR0eJP8pHIuHNLr2tUqWYgeYYn8sIVEAEVkfLskjqJ07TQdLzA== processed in 419ms
[2026-08-24 02:33:14] [ERROR] [payment_gateway] Transaction payload payload_hash=yOqBjehRGxEI/ZL7c1FeLuGuI6tl+X++3MZZX1XaDPPos7hsOGPwwB+X23oadivFHb3aVXvUsNd9FpM9rMANMg== processed in 389ms
[2026-08-24 05:59:05] [INFO] [payment_gateway] Transaction payload payload_hash=Fgk2vlfAoGFUNgFxaYc2LBfxdqq4JbcFUKYMg0f78oKtkT+yviwx06Pn8fu7jWuRD/4WNMYkWaf2OUz1LWI5CQ== processed in 162ms
[2026-08-24 09:44:21] [INFO] [auth_service] Transaction payload payload_hash=cgQQl0oUXBacoCmpcefIt+1ZXNJserqRB0bnM3Qopv9/nkikxvLdnI675t/u/sybTzHP8gVkBF64cwA68bOjog== processed in 470ms
[2026-08-24 08:59:13] [WARN] [db_pool] Transaction payload payload_hash=F+7f/B+CAtdfVMpeCNMCRe5u5bU7Gi8JiNTXRjBrbK+K/68qH+019MoC4kCujKMuEn4U9wNcwTdaX9ip3cy/7A== processed in 455ms
[2026-08-24 08:23:17] [INFO] [cache_layer] Transaction payload payload_hash=wsk9wxp6r/vyZwNJk/hCyiMmkthZG1pxYzI1iA4HRBv3z1B9HplkT2Eq9exLgBEXqWVsevRDUwdnnblHmLJiIA== processed in 65ms
[2026-08-24 10:38:12] [DEBUG] [api_router] Transaction payload payload_hash=JH9xeYHTvRJjDP7OTiyHbFaVDeH2wd5HO8QtyBiLlQQZ6biq1dk4IfASvtSvVeI+taAIwFGj0Tvb2bqL5LzMVA== processed in 154ms
[2026-08-24 10:51:49] [INFO] [db_pool] Transaction payload payload_hash=bBpMOS+8rWfUpzhtoUTV6BnwBeAllOW0EH2aIZBNzHegx2/UUBIFqRckxrxYp5n0JBBMB3SnsFX15ScHRaNW8w== processed in 469ms
[2026-08-24 03:27:06] [INFO] [db_pool] Transaction payload payload_hash=IA+DHVaOJoVhhH6kWO4xd7BwvZgpVmyoaKBooNeoji+UoTdIaUygOvm2WL5ZVgH1Q37AgTp2q+c0TnSJxlqRHg== processed in 455ms
[2026-08-24 07:35:54] [WARN] [payment_gateway] Transaction payload payload_hash=WhwU2FgkaXF5xNFLVJ8t8D81H2+u+4x2A4WkIC8iO1w69NM1HA9VDJgCBMmk6OunEi8ZAIEBHP8aYyTv0Z1M7g== processed in 357ms
[2026-08-24 05:23:11] [INFO] [cache_layer] Transaction payload payload_hash=G1DGDpUZ7UBdSpFD4/n0qHoDYayDLY+mk4jZldGyDGCcYcpBdKJbF/RPSpDf68RKEbG1qseHrsnV2uUH1jXlrg== processed in 437ms
[2026-08-24 07:44:59] [ERROR] [cache_layer] Transaction payload payload_hash=TsCAxbSEGntb4n9WCnwMEuPerBMooVLfCA+WW4BAF25j3Yqw4jfyHfjnAAkaxmOb0vIpkcJggVrhX5aCeQ0s9g== processed in 27ms
[2026-08-24 03:48:26] [DEBUG] [api_router] Transaction payload payload_hash=Y+HIxQmYttEDSgFdIMdNy7G11AzkJbNCeV8JxZB/zvLl3I65LANFk/yy+CXiGRaJGtpj5owtcJBDGcVMDez2Tw== processed in 219ms
[2026-08-24 06:21:10] [WARN] [payment_gateway] Transaction payload payload_hash=/e0zuj3QVxpb32Vzraybez3YQ/sY/3usn1RBctw5VqyiD3HaKTrQ+2GSW6IzZcaTOtz1tOuvxbsqYa+JhGsqZw== processed in 244ms
[2026-08-24 05:33:34] [DEBUG] [api_router] Transaction payload payload_hash=2wPPsXDnG4vFT+lzLLRxTMQO7Z4r8Bzv1iaBhzTg+++DuR9yGycgRpha/cckN9qgi/nSVlkSVrzst+wJ/eVP5A== processed in 385ms
[2026-08-24 03:24:42] [ERROR] [payment_gateway] Transaction payload payload_hash=69DvxjKq0y4C3Lw9KNOHPeGmAc1VrUwMzY3B9fWE1nU7mcz6mHmo6GfrowIqCVzSSMnljk/RkIxC8sWXIyvJZw== processed in 200ms
[2026-08-24 11:12:02] [INFO] [api_router] Transaction payload payload_hash=5Du4MJ8f7nATGXiJQJBC5ei0wJ0LT67xeVlqTm9T4QdLKcmS7Lt3MdGun9DcGDYD8ibzlPJIsJceta5766f7+w== processed in 474ms
[2026-08-24 02:52:59] [DEBUG] [db_pool] Transaction payload payload_hash=YYfRRW/6VcCyvJoHdoMNP3MxR21bbcT6mhU4b0CcnLXRVwNq3aczfq1DLpgyhKu8f1vrD4zqBaAoXKFK4Z6Z7Q== processed in 238ms
[2026-08-24 10:14:16] [WARN] [auth_service] Transaction payload payload_hash=PlU6OoAaVxloOI9ED0SNy8zTTsnfL71uMdX8ZKYmbA9YTFuUGxJVdcG8Vq8ApUWPASOZ5HkKBrOMrVabZOo5EQ== processed in 2ms
[2026-08-24 02:39:00] [INFO] [cache_layer] Transaction payload payload_hash=Of7XzdSv3453c69RfMG3H+6WVYaDIm32y3T0ZVh/bD9taRFxO+n/uK0h/2sUixD5bwiBZ2XgbiefnIkrxV60LQ== processed in 270ms
[2026-08-24 09:35:04] [INFO] [api_router] Transaction payload payload_hash=1VVt78DI6IGQpTGrmsKit41vKMr5JwebNdmNiU1qmJHzdDAxrgcxid42/QCOcSa5P4mWwsvoIj278Mh/nF8Rxg== processed in 323ms
[2026-08-24 08:19:53] [ERROR] [api_router] Transaction payload payload_hash=3trFVIuyCrzaba96d0MD9Uu7OWL2hQ32BhW/L1HhuxZ04oJW+akbxT5CnwtTQdafTNrC2mHvN30uRXQ8d5F3rw== processed in 93ms
[2026-08-24 09:46:20] [WARN] [auth_service] Transaction payload payload_hash=UbKDcbUhjePMXChleTGfSjquFEhFV/Wr2CGJdrNMz/LrDKhsTlahEslSTvAN8eSISasPdMxvFiE1SLZ9E7jIXw== processed in 470ms
[2026-08-24 07:29:51] [DEBUG] [cache_layer] Transaction payload payload_hash=eZl79VbhkF7ocFRNENSnt3BFjUZZ8aPqEWKpWYuPZPXsN2Xt1VZLzbSlvXw2eUzYY1gXr+LvwWow/fg0W1N59A== processed in 193ms
[2026-08-24 05:31:48] [WARN] [db_pool] Transaction payload payload_hash=RSHuXdpowCdBACNewUCZcyLGtEExkt/JG8vULOGJE/j5ijgKVjcbqi/LRWB8MFg31tL2ghWbfCALoUkcsq2VvQ== processed in 480ms
[2026-08-24 04:17:20] [WARN] [db_pool] Transaction payload payload_hash=UUgmzVP4cU9FXFoqba8IB/tH3OkVhr7x8OEwsnr98YHASxWFRoPei8pO4GttwNcTbcDFFIPpcVu+2MrshQV4HQ== processed in 329ms
[2026-08-24 09:07:19] [ERROR] [cache_layer] Transaction payload payload_hash=otntWTvERcZoLOfC9eHEApXbIxAQKE2ad28Z5au01r/mS+Eue8B8/aPvtIsOl2OLijORE0QaW0GtY8HDDrWgPg== processed in 364ms
[2026-08-24 03:16:04] [INFO] [api_router] Transaction payload payload_hash=w+78wxozKKtEeCyqXeEAXEK2pcPzSWTBrFM2UoA8O14T1UDlBBtI3gZWDsbyCEJycTIeo720r+e7Fs7zg0g+TA== processed in 487ms
[2026-08-24 04:11:09] [INFO] [payment_gateway] Transaction payload payload_hash=dNXqjHnJdRtL3lp7XTYUIT+YHPjCZDesdNuS+jnU8IyoQoOW84PP0j0UfNrdrw9IczG0BoHWiayCvh3+FMa3WQ== processed in 492ms
[2026-08-24 11:13:29] [WARN] [db_pool] Transaction payload payload_hash=m7x8al2FNKttsfSnVSslXfHMyLrVkfPpNzub1izp8J1lDum8YxCrJea+sWDLv2lDqKjvoIrV17VC3Bhl/SxWTg== processed in 411ms
[2026-08-24 10:51:11] [WARN] [cache_layer] Transaction payload payload_hash=3V4vbJoFLZTOZw7DJZKTSDWsG1x6bP2XmHxfxgtY/PAAEVDrFnweuNeSS3tlUy1Sa5xZPgySi2FJ+85N+XahOQ== processed in 432ms
[2026-08-24 07:56:00] [ERROR] [db_pool] Transaction payload payload_hash=jHGZ2g/iGMxGryTThSy7BsotOXAs+Mb+gRk9AKivuIBoyEXqkx/J9oU/9MbPXTct4Dkl/a1nRum0H6xRBMgObw== processed in 387ms
[2026-08-24 10:17:10] [DEBUG] [cache_layer] Transaction payload payload_hash=u6xRv2H6AM1dbpBsrh6vjNI6kZhANzL8Xx9G/tSupVhuVoDs3ulC2iZH6BrXlX8rJMz7NInrFOPPAb38aLR4aA== processed in 120ms
[2026-08-24 05:47:06] [WARN] [cache_layer] Transaction payload payload_hash=K6cxzfw2T2TzBgoTkHwh/wx1EP05xxXM10/DdMLnbsfWtvvGh0bDhHtlrueZ7LheiSglpdL3KeE0/30ppvePFg== processed in 413ms
[2026-08-24 06:37:28] [INFO] [db_pool] Transaction payload payload_hash=D74k8wuk6BegTzYL+ooHgqIMup7qj86cd33zTd6Sm60YQWcRi0lNqU69vlpPGOJOl/YP21hxAstQVDb5zL78pA== processed in 294ms
[2026-08-24 06:59:54] [DEBUG] [cache_layer] Transaction payload payload_hash=5LJcj9aKop7hYgid8Vi6+XyOo0S10oAU0iGWty1mm92T6NXnXkYX6IK/GM7Yy62Skdo+VRhX7PxC2DsSAcviHQ== processed in 339ms
[2026-08-24 07:36:30] [INFO] [cache_layer] Transaction payload payload_hash=XKzvC9z1PMxle2Z4zUEtYE8kpJAf67z+m5ar3xgG0MtWePKsf613gyz3EVDa4W/b/c6zz9Z5OMgKi6HfC+XlMw== processed in 175ms
[2026-08-24 09:04:01] [INFO] [payment_gateway] Transaction payload payload_hash=R+6soDTBCkBbgwHNSZmqKP1gfqU8JjEIHDGgUThzDFSGr4Zdmr6FaPrQfwwyDDyK3IRcnHuA7T5N0ygp3k7cVg== processed in 84ms
[2026-08-24 02:46:57] [INFO] [cache_layer] Transaction payload payload_hash=NZNv87cEKZpmYtInGylpbPuX+4RV3hCb/Ow+HD5XgxgDiixIYH0NdyqaEsGVqEAL2pPVFfVFeCBBki32NvEjcQ== processed in 379ms
[2026-08-24 03:40:14] [ERROR] [auth_service] Transaction payload payload_hash=4IjCQLkA/GH4kx+s8UF9Gth/GZB9fO6C/njpIocwUP/u3uw4pyOF/bbulufBAYtKqzNalu2hXTX8DdSmgne3nQ== processed in 211ms
[2026-08-24 06:55:45] [INFO] [cache_layer] Transaction payload payload_hash=SfU+5su+3zKfTN6xFAYD9SjmY9enjL0LqHnjR/WPc4s+olsX/7Q49XLmUZkvJV92sW1Jhip2b9tUANRbVqDGPA== processed in 285ms
[2026-08-24 04:59:57] [DEBUG] [cache_layer] Transaction payload payload_hash=yj8AvILP0OT8PhLuGsgovIKltt7XC82XKgFtPL/okCBb8o9wKgR2uoakzWTgi23XCQ11OXrK8FChCOnbrcc32A== processed in 87ms
[2026-08-24 05:59:56] [WARN] [auth_service] Transaction payload payload_hash=dDX93hBzSqxexEPvwkidfewCUvoCw8V7mQUdazwpD6x211OyNOs4GC3mwPmoYiwGQX5gvC8eg84tWxIFXr2dcg== processed in 151ms
[2026-08-24 10:33:50] [WARN] [payment_gateway] Transaction payload payload_hash=SuBZIlybuBMXYy4jyx3NCib5koqnEjPXQepgcFBFS6BYj8jHfR6Pld8gfK1Inqs+cf1PQqh8WDpnpAGegI6fqQ== processed in 42ms
[2026-08-24 07:39:31] [INFO] [auth_service] Transaction payload payload_hash=c6nMh/OMgEiiw2KicU/83SWtBSyvxZGyxF3+3j/OWEyjHYzU386wlGgklvzzXwQbzLhdbfn6asMw7OB5cZT+FA== processed in 325ms
[2026-08-24 05:24:56] [ERROR] [db_pool] Transaction payload payload_hash=dWo0D25gw0LHXpcoqF3dDx52Vf6+OPmBpGzG6KhFVE/uW/Q3LBczR07/gu2jk4eP8WNM13imULI8BuM2ApDlZA== processed in 120ms
[2026-08-24 06:40:57] [WARN] [api_router] Transaction payload payload_hash=+eEsV6/bTRvjYZ1yAGuIsO17LrKN5PqqksGLQRIWBSlOept8hHunjLJPm1zMQLdNTcvercHCVNUFfnP94B/Tug== processed in 227ms
[2026-08-24 03:12:12] [WARN] [api_router] Transaction payload payload_hash=3xbyGRf/dPe9NCbSeI0sDLmHuYp2O3hryqLFM7OnCnKFDrVbIs2qIHwOwn5TpNgDJjioU0rFa0z6I+GccFZIcQ== processed in 211ms
[2026-08-24 08:57:30] [INFO] [api_router] Transaction payload payload_hash=Ui1kqq6rrqhdf9YscLeaZMWhaPP4ZlXMNUY1VJta9N7/gEedzCsC0OjaA0CeVkDZLdK19mvogM4AJKgytOaRdQ== processed in 335ms
[2026-08-24 02:48:05] [DEBUG] [cache_layer] Transaction payload payload_hash=6wefH80qBQ02VwikQyhWOYN37rzg5CXK4wY5aNOURmz8bFpD4N48YbzYf73iFs8UmzSIsLtvTH0StG2F1HPYSQ== processed in 359ms
[2026-08-24 08:25:51] [WARN] [cache_layer] Transaction payload payload_hash=zHurl0+zg7ljECjGEYygUF6kkJ66j4vqA5jTT1793aUVw/EUi0YtQK5mcbBSL5pljbnQI7KMWkF5ybWabjTcMQ== processed in 259ms
[2026-08-24 11:14:15] [WARN] [api_router] Transaction payload payload_hash=t1B14xcd+XezFddvFwaIGSTjjQu4EiGVxiaj8EehI1lTZ1k1iVVjZH2f5Li/uBe3vpJ7z6WbxeoTHHotOLT7Gg== processed in 7ms
[2026-08-24 07:49:54] [WARN] [db_pool] Transaction payload payload_hash=0BYfcPcJAjGNKiXviWl/MI0pOFSQQn6iA580zcykBqiG5W3LgQm6WW83rDu+/Yed5a7PqE5U+SCMKbQKRa6y4Q== processed in 169ms
[2026-08-24 03:15:51] [INFO] [api_router] Transaction payload payload_hash=s/crvTk6n4/h6S49v9bOcxt/j5dGtgm1MYkiAm2SyGqOJ9NNXxXYZpjxPW442t6P/oqpuReY3U3Vyu9A9j32Fg== processed in 10ms
[2026-08-24 07:01:28] [INFO] [api_router] Transaction payload payload_hash=9O/eiRvVFJQTSS7igG6mwjFXnEfeHYz3Ad1PGrX9MvlOh/tZGt8MhkShoCXJdDLT4S0zWsjrYrROv4zngjxOMA== processed in 100ms
[2026-08-24 05:11:50] [INFO] [cache_layer] Transaction payload payload_hash=b3xEyteSp7Wr/fGCG6+ra2SKh91ShVOYvT9R+nD3tAyNZFWPLdnV32Mrg9mmAbCIE/KYKq6/oHoQlCavdZb85Q== processed in 232ms
[2026-08-24 04:29:06] [WARN] [api_router] Transaction payload payload_hash=/mSG973PCOLKFIqSlK0fSbLpGtPb2ClsmZOdXWIHvEP/WqoAdQCF0/5O/SIW9Diqh74gVpec6/fvsMnUZXxKjA== processed in 130ms
[2026-08-24 07:55:56] [ERROR] [payment_gateway] Transaction payload payload_hash=zo5GHjSkGOXiS7u1NT99NcQBUEikXPgL4Cb2XXnSRCq9VlINXl3qDfhabGKKxH4FKG0AFZfkmzuiefpoAc4lkA== processed in 245ms
[2026-08-24 08:41:06] [WARN] [payment_gateway] Transaction payload payload_hash=NowuPT7uG+TBcwJJRKYrKLjqAK69C2PMKo/G8PyBSQMnr7Ked+3RtfFVQKvIQEVQABX/Q7C2VajvAfsIE+0q1g== processed in 491ms
[2026-08-24 05:48:01] [INFO] [db_pool] Transaction payload payload_hash=5+6WBfhC7f+52zupTYwEW7RFv1AbyIHUdeNS8vudEM1jUipc4s3/eqjTEwbxzGjaODhW4bw8t4jx42AErWX95w== processed in 456ms
[2026-08-24 07:37:46] [ERROR] [api_router] Transaction payload payload_hash=2tvf4UafOXaodcBoo55gW/o9iON+bGlYD0xSARbcubSLcm5VAwTskWxKDRR+3iekpO+1qWRx17/PdFXAnlox8w== processed in 77ms
[2026-08-24 02:37:13] [WARN] [auth_service] Transaction payload payload_hash=Ktpw/BrxuQRZZ80CQIWkiT06cwNH4Wd5sFyOPuyKwUE5XHLb2rf+2wr6GCznM9mwULuxkO6x3F20CIbrFK2UVA== processed in 389ms
[2026-08-24 08:45:46] [INFO] [payment_gateway] Transaction payload payload_hash=jL0pPqcBoRASutno0jKRQ2ppW6eqA9VrE/IrlWKyxvpRK7QiR/u4J2dfp2QcNLNe4O2PCjqXzeYbgyi69IofjQ== processed in 354ms
[2026-08-24 02:48:40] [INFO] [cache_layer] Transaction payload payload_hash=tBWG3kMwuisH1bDxBqy6Z1N2xXMz+zDHYFTUOEOHaOaXpICgrNMngDwSOO+0ERSTQJLfw6ixIsTglyPfd8CFMA== processed in 71ms
[2026-08-24 05:21:53] [WARN] [payment_gateway] Transaction payload payload_hash=6QQQfvxi9EckTM4rc02ldF6m0TET/GPyVJ0SaQbH90wWXdYdvbsuxwzjQKUnQmVhK41rS6quznYZXozybu6psA== processed in 230ms
[2026-08-24 07:53:36] [ERROR] [api_router] Transaction payload payload_hash=QpkHg2fvteGxMWUb7yXwV8sfsMZKDar4zhsJlqzbw2IIYg05OzZ6tHsHhJevyqpJZecdVQR1ng0k81BHm8fBzQ== processed in 142ms
[2026-08-24 11:16:23] [ERROR] [db_pool] Transaction payload payload_hash=Nv0IHYOLBvxJnJZDTBipu/bl0C91p3rPYlmYMfsPjeBoIFUVsYkaOeBBRVMfY1wyTY8ejIw7ZgaQlvACOov3Vg== processed in 231ms
[2026-08-24 04:51:40] [DEBUG] [cache_layer] Transaction payload payload_hash=baX+UgnEJ9eCogDrjnbgSvt+FqVQy4AJUkUDo1GO1hxnuWlc0f1GzYy4yJzEDiTXvb8nZ1jf2sf2f1wDWznCSA== processed in 297ms
[2026-08-24 05:50:55] [WARN] [payment_gateway] Transaction payload payload_hash=RxlGC6Wv6/fqlOB9PXzZEydoL66BoWiZY89tgkl3SQcppZeAWcJG1GhE1VrPV6/saRY27phHDi9geWNgPOYdQw== processed in 305ms
[2026-08-24 04:09:33] [ERROR] [payment_gateway] Transaction payload payload_hash=MVg2ICpnDxAXrahTH15zFfHAEXA3cWi40K7x2dINTqvEYfOTm+CUt7Tuhlz1Zmrux6txfvHIV8AU2PkwMuyxRg== processed in 420ms
[2026-08-24 04:00:26] [INFO] [auth_service] Transaction payload payload_hash=UK4BEpZ6itd+7qA6aTRxybShBanYW604GHLqMuGCu0WBpPFFIhSvDQXI8ySCnDrU3K7BSPRnqznlRaKTkulq4Q== processed in 312ms
[2026-08-24 06:39:19] [DEBUG] [db_pool] Transaction payload payload_hash=qFZOp2bLXhIxnWqTYP+QjK9nOoGSQ+kqPieNo3VRrK1YJRzE0BfxpdOOGsm74YVZV30uUqzq4hpQqqajAELB4g== processed in 166ms
[2026-08-24 03:51:30] [DEBUG] [payment_gateway] Transaction payload payload_hash=KDqjkcyHXfCFrJ/nTTOHcFzFeQZAKKQDHsJAGsCKUfDj6F979F+1LGaG7ZkxHLd2ifps9sBKlBUPJbvVdleu9A== processed in 378ms
[2026-08-24 06:21:30] [WARN] [auth_service] Transaction payload payload_hash=HKqGZufnp+kxuSC50NyUTvGCHTjvERSm4rfLPdh8oQoB6wwaDFSpLD19nV+bBa8gElyCTlGAdH/BzyPbn/BmIw== processed in 295ms
[2026-08-24 08:53:58] [ERROR] [db_pool] Transaction payload payload_hash=OLC2j4fv9/ySTJ/WKj7HqSyie8mVjMRClx61Em+BaQBCuP39YLiMQmvfTQ1iUDsglCmCmPd2mYBVxV8UhSlgKQ== processed in 201ms
[2026-08-24 08:03:59] [ERROR] [db_pool] Transaction payload payload_hash=xqBVJ6n+n32uc+zTgFkMiG0h+KqVK55X6/gLvliz5P4XSIULL1pJvngwVR0O/AoZkB8/gEBBz7EXxbwhJRgTBg== processed in 132ms
[2026-08-24 08:02:57] [ERROR] [api_router] Transaction payload payload_hash=oOp3pJXxzyk+OAaEKK9afiNsx9l8KequB51mwcoizagDUqLad+ao/uE8rXSd9VAbSs7eGYiKPYY4MQlJYcCQVg== processed in 31ms
[2026-08-24 07:55:49] [ERROR] [api_router] Transaction payload payload_hash=TmbQhjKEPtxrR3W3Ox3QoEomO1OI58iM2pD/abZjwHRTqvvSZ7C+f2sACVWsIzxsdaSnTuFjk9RJWe4hZ8O8nQ== processed in 64ms
[2026-08-24 08:43:00] [ERROR] [cache_layer] Transaction payload payload_hash=c9oGvXdEU7zVirxNppTp3Hz1JyRvR5rR6LVlmqXnx4qNSYw6m4Lxtrf9GXHg/TCSjzcGtGEMeTdl80AWsgAzQA== processed in 229ms
[2026-08-24 09:50:55] [INFO] [api_router] Transaction payload payload_hash=ZFpwRGGtPXu8OP32obbTppllqT2lprhLL9ImpUGI20/cYBT4PTCq4Ns/+KAp2TEsxldmAMBUwvhA2jg6jOzEPQ== processed in 265ms
[2026-08-24 06:18:52] [INFO] [auth_service] Transaction payload payload_hash=l+ygIzwooNhHWPSndrm5f8LunPrruM7kvD/NsWOaYWi7J8BTZnIQi77BZmUJl2ke8YhexY2z8wQLzMz3InMRNQ== processed in 9ms
[2026-08-24 08:00:41] [ERROR] [auth_service] Transaction payload payload_hash=zb2KrsdVfkBYy1h9OevnOeNI0yXV16kNMcbdNwWwE1Ubj7o0n/STIKzsBuq2oiKMmlHdHhosbex2r9negsWhgw== processed in 274ms
[2026-08-24 08:35:51] [WARN] [cache_layer] Transaction payload payload_hash=9Wt1XHOKeKRTvIx8Cj+Bav+ZhIeHplWF5u6qCEF/FkuVbsa4Q2QSoF/3eUIcksnsc94eEbX4gO9VZjvsl+UBEw== processed in 456ms
[2026-08-24 04:48:20] [INFO] [auth_service] Transaction payload payload_hash=RM0ktaoncvJczQJLiYbXFAy08UbRN4uGtOOoMaqRXxXScUJ5PvQlyKtdjnHwjYW7Nvm1uAioUnNEacp5Px9feQ== processed in 469ms
[2026-08-24 06:03:07] [WARN] [db_pool] Transaction payload payload_hash=1r8MlMhPR4lzdO+jNyXNLJd0YlY/KJWym4UtYw38ugjI0CaYL3aQELr8EnNl0ZkWn+DHgn88/3ElpNa2Ej4OXA== processed in 23ms
[2026-08-24 03:04:59] [WARN] [payment_gateway] Transaction payload payload_hash=9H5j4tBKJH1FQGZ5yzK2fAixVaAl4LsbnNKQaUEATdsEqw9JLiTXqkbxIr+Y2S0O5jzwKdnPQG6y2ItSyyH2Rw== processed in 437ms
[2026-08-24 02:44:46] [ERROR] [api_router] Transaction payload payload_hash=Cr/fFKDqM8RUY5zr8cLqSyu3SgWmSzRqhT+Uc6BuiXykCOyKMfvd7d/FfaEmW8VOKqus4jL0vlambs1E9b1HaQ== processed in 476ms
[2026-08-24 11:12:47] [ERROR] [payment_gateway] Transaction payload payload_hash=m+bGVRPPtaeE1KM1BUdGk1p24vIBnGfH9M210UJ1mihvzwtSQ37MdpFFE60BcRcHw7QFoBUDgNieVXGqUWLYvg== processed in 247ms
[2026-08-24 10:23:02] [INFO] [auth_service] Transaction payload payload_hash=hBHD2tTpcare4/G3nuqPKhmdiK276iT6HZN665bi4uJBrYeT4AueE8XqFKKRik+Vb8NS7fWHKQo1b3cBb7VRrA== processed in 196ms
[2026-08-24 05:07:50] [ERROR] [cache_layer] Transaction payload payload_hash=vYI2Wef6+6DdpiM4UBilEoeoBngSlkn7CLCsMjqjc8vItSjV+5qB8THb7NwjJvt2FYWX5YUhCjaFdVsPzdTBaw== processed in 206ms
[2026-08-24 05:13:22] [ERROR] [auth_service] Transaction payload payload_hash=Y/3arT5HUaiIXSqi/gQDuhMryCVGWqkflrWA+PCbkMNefe0fCdR4BXb2YnPdZ3MOCDYC+qTLitCm/jsAZAZQ2g== processed in 473ms
[2026-08-24 04:39:08] [INFO] [auth_service] Transaction payload payload_hash=LxUMnI+VCB9rEPBoIIjga58BihaL5ZNFLGe8j0xdWYQPSVC0rIrwMigVLh/tU7NZ0XMsbq3iPGCzAwAqDo0bbA== processed in 167ms
[2026-08-24 07:56:53] [WARN] [auth_service] Transaction payload payload_hash=X9pNEiMg4wluP5R+5W0uhxeIqSNAuhfyi5lGREWUWIyUlhN7RsQXVZcyM9wARKx5bqLM5cj057Mru2pT21p4cg== processed in 67ms
[2026-08-24 02:40:25] [DEBUG] [auth_service] Transaction payload payload_hash=j8Y69XpcZuKCRCRgiuYf0LiTpaCAmq9cBEtjwW5ba18DdLN5FF64BssRtNdPnEEb+oC5mtvdradMhzBra77BPg== processed in 100ms
[2026-08-24 08:16:02] [DEBUG] [cache_layer] Transaction payload payload_hash=o/qPvVh9J/0mVhTPn5EwdcAwZNnk9hFsbE5iIgdUE27LIUFJrfaKeZJiUAX+Hbm9aqpYMeCMHY0HwzVt4kuy3w== processed in 496ms
[2026-08-24 04:18:22] [DEBUG] [auth_service] Transaction payload payload_hash=h4WdvI//g8BSSl+pJIZWNvPn7bQF9zbXVO3FEX5afyPDzqT8oECY24HPsUOmnZb8fT/q7OpT9D/2vHeYDuoaaQ== processed in 193ms
[2026-08-24 07:39:18] [DEBUG] [db_pool] Transaction payload payload_hash=b5CpVmiGkQXETqnncQdmJxXQuQzt+G3NiESSjaFY05hg6J1R+fUmeSns7nVhsAQ4wqHaVdvTBAFPn8ur4mMkOw== processed in 202ms
[2026-08-24 07:51:18] [ERROR] [db_pool] Transaction payload payload_hash=o8JX/aUUd7c8GwNPQJ+LwVv3QcHWXrG8hoQdZQlfeDHWCJ6Z1vlBiR8C7DCgKdRElYtuLyJbzXI5QnGGv1ipkQ== processed in 208ms
[2026-08-24 09:17:38] [WARN] [cache_layer] Transaction payload payload_hash=hUt0IHxqaRCvEtABuXrbWHFejZaB5QzmRNM/3vHuOp0bPXYfH8n/QbBrSutqWWdnzc81T27E+waXU4BLK9j1IQ== processed in 248ms
[2026-08-24 02:26:28] [DEBUG] [cache_layer] Transaction payload payload_hash=xQAsS77kjT4uGET9gsGNipIBPtDSFlJ+SfMc5Hphca0wjBKQsM4ZYyldHV/Y63XAkLHnrd/Gzcq4dHlInHw16g== processed in 440ms
[2026-08-24 07:12:30] [ERROR] [db_pool] Transaction payload payload_hash=bi5d7Wx0SMMGNsqe681TFA0cm/hHbtdgUKyTEroPImSzxPS21+/645FIGOuE6tNwX03Yul480m/Wq9Nyawmy7w== processed in 322ms
[2026-08-24 05:40:29] [ERROR] [payment_gateway] Transaction payload payload_hash=E+6d0HwLSS0pvn1kxHpBRFh7E/wEXLaYlH+M6krWnbCZu0xFDXRjZSlaf/7nZx+7KiDTBbgOutoz8wgGeJn/Wg== processed in 259ms
[2026-08-24 03:46:21] [INFO] [auth_service] Transaction payload payload_hash=AhWS+MXGgAEteH3RcfDzjJwRE3U0MlsA5O5LLh88/lddSEericHiqK0usKj8oeiilAGNrJ/9JFjt8T2W2wrpTQ== processed in 339ms
[2026-08-24 04:51:39] [DEBUG] [auth_service] Transaction payload payload_hash=ObBp2T2G0N90yKyEnpIa8oS/3RVNaS1b2+ys4HBdYRgEuM33qsSZ1ViI7EW0Mc7DdFHHponl/dGEYPXD+RoAjA== processed in 319ms
[2026-08-24 05:40:59] [INFO] [auth_service] Transaction payload payload_hash=NTBXKtrkwSxDsJ2Hm78RdeIEnsO9y8SZWKoLm33fjo6upZHKlIM365TY/SByqqMKn6TTLRQHP06vSef22kY77A== processed in 153ms
[2026-08-24 10:49:33] [DEBUG] [db_pool] Transaction payload payload_hash=dtZcQju+xrubE7jg4fhRX2ZcwE7WLecEjOiBlZJ3bgcO+NEL3pN7nVhV87ANTBxlTsz3N0iHDJWxdoxqK0viAw== processed in 112ms
[2026-08-24 06:16:00] [WARN] [api_router] Transaction payload payload_hash=FsFtJI6+qknU9vmuDI0VD6SjgCpXF3HzAkyt5X07appXrZTFKTsN4uXIQcepqo7nmpAPQDPLeDLo0Z37eEZU2g== processed in 156ms
[2026-08-24 08:21:54] [WARN] [cache_layer] Transaction payload payload_hash=dIjfjVfzB08NDaFWHFOYNfxYEVuqc80qsSBaupp+43LbU21dLGWY0g8F6q3wFOjYkDTe+JGbSsUArcdiVtIgDw== processed in 197ms
[2026-08-24 09:47:03] [INFO] [api_router] Transaction payload payload_hash=7NkQ5u+zcTu60LFzqTv2Hq4K4zV2nAow++WgxOIX/61mvAgoaxG5aKjLstuL79gCrO/n2iZ1wZzi3nTwyg5zew== processed in 260ms
[2026-08-24 04:06:33] [DEBUG] [api_router] Transaction payload payload_hash=rS/E/+afJRA1X3fmgZH2WsDKo4YrXO8dRyRLjOtN/4sNsynlk74yjAlk8iHf99oQasfLT7tEt4wFNKhmiA9ouA== processed in 208ms
[2026-08-24 08:20:22] [DEBUG] [auth_service] Transaction payload payload_hash=sa5oceJcDDKzfIDZRP9bRfvi5mM2fV/Evek42Y02p70JWzFoES+L9rU6zpIVYy5Z6mR3uJhgjDzteeCFgt4j3A== processed in 462ms
[2026-08-24 10:23:23] [ERROR] [api_router] Transaction payload payload_hash=TrutAuI0CuRWF6Er21akmIIf1tYocVP83mBbPwbNuWivNjd9tQuUxuTPDTBo2RjFPlY1e4vLna7MF1kq06Jf6w== processed in 493ms
[2026-08-24 05:23:22] [DEBUG] [cache_layer] Transaction payload payload_hash=y/mmpHmDDaTcGPCsjCi8ZJIxx7lSlsZcB3liDSKDdfpfdsrosYMO3re6EnperHUdTfLE16//4OFg5tYURQ70qw== processed in 113ms
[2026-08-24 03:57:20] [WARN] [db_pool] Transaction payload payload_hash=F6Cht9XO0OKjsnsE+jEdy5L/Oimqt9RzP1Xlz0GbonI8kLOlQrXAYJ9/k8qmUOMpe9BnCt1pkre3xdfzLMTWWw== processed in 252ms
[2026-08-24 05:58:24] [DEBUG] [db_pool] Transaction payload payload_hash=SFT9JylUbOSMQLv0xeFozvKByxjFUd9VTsw3jNSaaF/in9qv4gzFMZVr/nASirLkViJOm5tIrX45rsklOMSSjg== processed in 258ms
[2026-08-24 10:33:49] [WARN] [cache_layer] Transaction payload payload_hash=rL+weInDsjyxN7kzSMqlor9OI+PTtwMfcyeW08C9Htvf5a2dNzGckKKsNhfyHPXPS4Gj4Z3aGTnV4I4YLrgjGw== processed in 0ms
[2026-08-24 10:47:11] [ERROR] [api_router] Transaction payload payload_hash=U74MviQnX3DApR8oLhpFYT3cBqOiWR/gFgxujHlklL4yT1C7bGF495E6JRAKLy2R0lu1nVPJXcX3GPjg3QVOjg== processed in 335ms
[2026-08-24 11:00:37] [WARN] [auth_service] Transaction payload payload_hash=vAwewx69E5QuE0DCoRp1QEC+KU0L40o2nIbwf4Ho2M21k7BxODj4LQ6usG4glgXfETLNCypxa1k3t5rrziB41Q== processed in 170ms
[2026-08-24 04:22:20] [DEBUG] [api_router] Transaction payload payload_hash=q+OnyfuFagzIbymja3cPMH9kjzR/icZh1HMuHPBFdgZwxhAwaK1OX8UwrMg1euwtVj8+3Pvdne1JNbuXieNhNg== processed in 257ms
[2026-08-24 10:46:25] [ERROR] [auth_service] Transaction payload payload_hash=bpcVOLtVBEZRY2AVUaexbxok28LARvnyP8/SPsen6raq1lTEWVDX93NxQr1QRy1Rj6q0f8J758hTlikGD/nyGQ== processed in 245ms
[2026-08-24 03:35:26] [INFO] [api_router] Transaction payload payload_hash=0YTdpabsBBcj9oqrKKsEh+iuRHkZJwQ600elOPGHfe8R2IRAFU1CoUd7BdTOC/otinU6VwLKxToAvHDCW2k3Vg== processed in 231ms
[2026-08-24 05:12:27] [DEBUG] [auth_service] Transaction payload payload_hash=xcRmVcLGRFWZR4cZ18rhLvEFmslp5rpc5LrIMJRYxKtCqDVsnwtYIS+zMoq3sDlDLZrP06rvmt/YRP64Mjlc8A== processed in 208ms
[2026-08-24 10:29:58] [DEBUG] [auth_service] Transaction payload payload_hash=XiTmZkPtdqUtpm4HVIdzVlEYfgo8L3ceEoc65zkJEAheA04eJs+YMlVZHlx7dMMRDqeCyWSFs5U0iNBiLYvlBw== processed in 100ms
[2026-08-24 06:29:31] [INFO] [auth_service] Transaction payload payload_hash=57bhHFy+GVqBW7aAkpz/nQ4FCg3pVxbTH5KevZoVFaQA4dltdNoRpdsQadyMyiJ+q/nl9xmFbZ06xW9ZvWVlsQ== processed in 475ms
[2026-08-24 10:07:48] [WARN] [api_router] Transaction payload payload_hash=9vTZ+MW8ljv6RIEVb0vJcJkHgwTMli3LQ0E0LquTskWyeXOrq/LMHnfBBQy59FMIzfCbrS8QYjO9FqbNI9IQjw== processed in 441ms
[2026-08-24 02:28:43] [WARN] [auth_service] Transaction payload payload_hash=RLo3ed67IQeNe1zao6YlYVe53h69vjC78as38MgydLcP0oWD/MzXqt8iHLJQxtu9jpN1YBafY6BHdUq3eDRoug== processed in 372ms
[2026-08-24 09:16:45] [ERROR] [payment_gateway] Transaction payload payload_hash=RJwYqW/lKwgiLGWRU9ym6fTmXcUK1CVSWBcpE1E8a2haocI9Dcv8RroFYTgmtiPYmtZIac+xdWA3QrjRB6Lqug== processed in 267ms
[2026-08-24 07:41:58] [DEBUG] [api_router] Transaction payload payload_hash=WfTkmNFQm65Ze0uVOGcKUQpDrzMmZTkCBAjKg2xugiFi96rKPb2sruY2lwWvuBN2ct4vtytzhCBsS0ZaLXiJJQ== processed in 397ms
[2026-08-24 04:11:52] [INFO] [cache_layer] Transaction payload payload_hash=oyOjVzPwqP8U7211hNJWbFnq9gbPQzDKttWKwFv81Aknay6A699Irgh6sybmEHmbFtUU753Kpp4IO0lLiYT/2g== processed in 373ms
[2026-08-24 05:23:14] [DEBUG] [api_router] Transaction payload payload_hash=QSXjDtC392cG5MubNqqK7raWzSZQoto8b0QI+fVaRDvGXWBpcnjXTo68dvFKfZQb/AoNc32DxM1tobT4NU0iHQ== processed in 375ms
[2026-08-24 07:13:02] [INFO] [auth_service] Transaction payload payload_hash=p+PHCu1B3Wjm1MRICnYqWyzth3XzXY0PXhUwByg/7vVX5UmuPVtaNJjiZ9kJdSO7djcLDWFprp7KhD7ZFMyIrQ== processed in 182ms
[2026-08-24 11:04:39] [WARN] [api_router] Transaction payload payload_hash=KLnQGA5O9YQnjUyFvSsGsXyAMhreCYV1rnyyU2SeOUnOsGMKugWyOScNEAl4A7vKWSnNEu8upCtuv4pGhMdSkA== processed in 463ms
[2026-08-24 10:05:25] [WARN] [db_pool] Transaction payload payload_hash=kXmo57v5ppJVr1TKK6vLdmL/qKkbQaumRpQ3JtP8ih/2mqnj0q2M6QJPo491rtbeIwCxWvCUsIxJaNEx5ozfvA== processed in 217ms
[2026-08-24 03:52:41] [WARN] [api_router] Transaction payload payload_hash=8iDCmDQqfi6QxKASTmUYX45e/eIWeAKlsw/A683TDHyAjfXZB+oyAbu0j50X3Y92feQsb5ypOFZ3EyRFbaEjqA== processed in 263ms
[2026-08-24 05:59:17] [INFO] [payment_gateway] Transaction payload payload_hash=3OPBpQgZEg3QXkOsX8DCbAIgmy8e+rd4uY6Ntne7iwcrRgF7+EYS1H9H5C1YqWYEsnGioE9kCda7HNdYawdHLQ== processed in 168ms
[2026-08-24 03:36:31] [DEBUG] [cache_layer] Transaction payload payload_hash=bfnDoWgufbpoyRZib/O7D8KwMNQ8upLYpfcQ6BpIRNCVe8aCnvnDiI9bf8xtoBID1YYnbY04UftSLTUleqMxkg== processed in 146ms
[2026-08-24 03:20:30] [DEBUG] [auth_service] Transaction payload payload_hash=Pb9/VRF6U+k+QbvRVOm2mhvF9KR8IxU5l2o+dWWUgyhZZdE5JYcYrGmSGi/sK0paza/Wh8EdJnouf74snzsyPg== processed in 180ms
[2026-08-24 11:16:08] [WARN] [db_pool] Transaction payload payload_hash=KKDksavhgh6AssY+uVNAoeflIB//W7QU7QDjdRCgWtaFM20UgzS6ftiSLrpyzZsoIlYrpsZFpxwc2Uk98pDbcw== processed in 104ms
[2026-08-24 07:24:46] [WARN] [auth_service] Transaction payload payload_hash=WMZU/4GOut5NQrB0chyxjjYkYYI//I63SJFJxojN8qrQa5Ms3M9rPnnHsaHIM1/WyPfGwdlWkSY3xwZzahcuZw== processed in 435ms
[2026-08-24 06:56:57] [WARN] [api_router] Transaction payload payload_hash=DnoBRHKXC4nWg2UIySGvaYsG6lXkouLzYwcisvCdz3bpQ54j2s/uBWdkMgsLOoMQGNXhW6F6oE4PvA9MxuDiPA== processed in 257ms
[2026-08-24 02:43:49] [WARN] [api_router] Transaction payload payload_hash=nKq59Cqm3gqXmGWgjH93l/K7Vs75MSUCj89Ey480QKnhU52t/TTaJji/eI5YMfuMd+JvxATeHfHaARpFyeaIfA== processed in 224ms
[2026-08-24 09:16:32] [DEBUG] [api_router] Transaction payload payload_hash=QPP+PuIHkIx5dZga3biVOzGZ3DOE3lWtcLBoNF8BPc2DjvSwllSkvR+4atNAYKYgxIb3zIZ3EYFMFY9nPaL9FQ== processed in 436ms
[2026-08-24 02:32:05] [ERROR] [db_pool] Transaction payload payload_hash=PGvjNKsiX+2xfpFaJDuE1I8W0XdSg+y1ZUrbPiDI5SAf5vtgvk75OIsICSaTvtexZzRuUfX1q15FD+6qO+w4lg== processed in 4ms
[2026-08-24 08:24:30] [DEBUG] [auth_service] Transaction payload payload_hash=U+DqrHxfSJaoKIJdiTzDCoD0SqNCBQ2+2Byrrk4CIBQ1W18SFeBnqmnJSfNWNJS1JTWyDgSuMiO71J/3K1kD3w== processed in 68ms
[2026-08-24 08:20:35] [INFO] [api_router] Transaction payload payload_hash=/xBfKlUEVBLFd+uxsYE9lswbhPX9HH1o9sb1rkXfLKfTS4F0SS3rnyvGqa3EMnpTQTegnNJtHAazzaGXl2pH4g== processed in 454ms
[2026-08-24 08:43:46] [ERROR] [db_pool] Transaction payload payload_hash=+ZRF3WSypERKQhyneQxH75jSJoFHOZ1R1L6g+huceZj9Z2EaKO/3Rzf3B3JFmGpLf4aZ8kG8xRid0qKnt/VSNQ== processed in 368ms
[2026-08-24 11:22:05] [WARN] [db_pool] Transaction payload payload_hash=v+xnHXZGWjc7Yv0b+01aP7ew5jOKFM6GSvRVGM8/DIjsZYPobNqdbMtCHEtrOmH9/N703RdDSCcgWKMHhQWxxw== processed in 332ms
[2026-08-24 06:45:54] [INFO] [cache_layer] Transaction payload payload_hash=Oz+SLrxmx0SSdCa0ojdXlwDEa2tJtoAnjg9KTCd/wea3G3QhBKNlsopEpSXo4SO5NWjZRQmJbp8gSSUt/ucWUg== processed in 407ms
[2026-08-24 09:58:55] [INFO] [db_pool] Transaction payload payload_hash=jOfb6y20HncNtBQc7A3vKJZMyyg1i9kJXSHmlx2VcmrVwxMx7q9Gu+yrvgq54rQrc1u5BUm7U2GfU2IgcZwaJw== processed in 374ms
[2026-08-24 03:50:54] [WARN] [payment_gateway] Transaction payload payload_hash=UzyHzpro3o7Pd5loXXxJD5sSdu+QMavePaPzSNcPrz9vAZaTEj3hQ3ChEm7kOYYMXf6McKD1GeJnpTLA9TfLSw== processed in 240ms
[2026-08-24 10:27:56] [WARN] [payment_gateway] Transaction payload payload_hash=Q1pMMXG+M8tQD76HEvv0WAF0oa2BxWykP6Z5p20i+R0R5GCwBGpkQtLS06SzQlTfMoSwE5aMiDbhxI6F0j0/HQ== processed in 6ms
[2026-08-24 06:30:13] [DEBUG] [payment_gateway] Transaction payload payload_hash=VnSvJcZ8mGUZ+XzX7+jyWFrkbzGopzuSLqus9tk9XQUlLcwS5fdNcWTE5/3SJpwXgbgaLmLkOW0QGYHdzlvYlA== processed in 37ms
[2026-08-24 08:58:50] [ERROR] [payment_gateway] Transaction payload payload_hash=THZTIJ+I7WE/6vZaJ/vp7+8CyOu+B7/FImFv0tRVIsN+UtLjV7iQ6QyvJXgL7/ixay7FsGclxyEkb+cozHf75Q== processed in 177ms
[2026-08-24 03:01:57] [WARN] [auth_service] Transaction payload payload_hash=huKS4w5js0Aa5gRW0Y607B85cGX4Eo6W14wKH03sM1LzhKmAkwUmxtoCpi5qt0lANu4P0A1UAAxRYGmeShmjUQ== processed in 285ms
[2026-08-24 03:44:44] [INFO] [api_router] Transaction payload payload_hash=BuMV/eyQYsZJ49C8UqsR0O5+W494KVwM2HK6X6RvxvmaWnGYNi3hGzlyruVXVIbDBWXkkNmGJur+tLctG0M59Q== processed in 362ms
[2026-08-24 04:28:14] [WARN] [payment_gateway] Transaction payload payload_hash=j8bbS7m3dpVv2P4G4hSKlItScn0Gfbenh8TpXWVZvh6dpT7qQmItOtGLzpofYHTeIYylq4wI7KdnuNSy3GEP3A== processed in 16ms
[2026-08-24 04:48:58] [ERROR] [payment_gateway] Transaction payload payload_hash=Yo1dEmitUewEI7U/41iNG61JtxtpOQOZcS3dq40Uf2E8pOoUH1Nikhfqq5+OW63AslAm9UTt+bv/0EPYX/QVcA== processed in 485ms
[2026-08-24 03:54:05] [INFO] [db_pool] Transaction payload payload_hash=S0Q3VfcJb5r9AD/c1Kaq9bRWYSFw50iQ9OUBX3U0Q6c2IOHJv8NuJr0c9U0hZPrrR1bXiVic3UNrK26tw6H6gw== processed in 457ms
[2026-08-24 09:46:21] [ERROR] [cache_layer] Transaction payload payload_hash=8oWateZJ9uwRfbp/dNvD4niwcHwfh9RBmw3ZA5Bc8uwjAHNWFaFFd+IRHlVzDNXFRjH9k2Eha4iR3qrYB2yDMQ== processed in 365ms
[2026-08-24 02:54:22] [WARN] [db_pool] Transaction payload payload_hash=C1LzERx5G9SefDjvWG6H6XnGIjz+x3Tf8afrpKdB68Q4eiUFlmQBm39w5ONnbI3nhBJ1iqnpybBI1uxT7mUTXQ== processed in 348ms
[2026-08-24 06:59:01] [INFO] [api_router] Transaction payload payload_hash=XKRdcyQhBls6wjA7qlhlEhQ5JFStbX1ZWNVt7GPwOmx7BpELwEEpqkaDBTxf8CGyz9ACexW65PT2XslJEa5lNg== processed in 490ms
[2026-08-24 09:01:50] [ERROR] [payment_gateway] Transaction payload payload_hash=fA5cP6w2dAUy1aHnPfdT7RIYsz2Trp+t029YzIo+2tApO79rWiAVPt6P77Cj7JCHqvOGUoIf0Nez33TuxjF+iw== processed in 112ms
[2026-08-24 08:36:03] [ERROR] [api_router] Transaction payload payload_hash=HcDP/Xmx1sdTkOuD48AkEWhHYUm6zDZBcQY1j4++9Ly41D9CjgWtGVIlXqhqgvjmI5ewkBoZ31Dllwva2TGoyA== processed in 214ms
[2026-08-24 05:22:07] [INFO] [db_pool] Transaction payload payload_hash=UAfCA+RGWzchfuMTBLP/rRrATLCiEJJi6QCYU1SPPxUd0yEnJlX8zhZ7d7+/yLHryTpv+XoaVK4odlgfVJ2t0w== processed in 24ms
[2026-08-24 11:20:22] [ERROR] [api_router] Transaction payload payload_hash=LS42YVTbuGefRBektI07RwTQBu0sd1BjdlcpVdjAnUUmCNfCJ2afnN94ZL/5FHWN9zFcF0zFY352M2WI94Q+Pw== processed in 483ms
[2026-08-24 10:36:43] [WARN] [api_router] Transaction payload payload_hash=IglZskTRlJa/BZC9xtXtADB5RSZleDeS7JIkNCDH+bJi/KcW0ISbq4bqa8C23iDM1eF1QHBZy4Nsq7gRHfvUOg== processed in 369ms
[2026-08-24 09:29:40] [DEBUG] [cache_layer] Transaction payload payload_hash=Cu+aTK3AEwMooQagTQc057MIHkiJaOJhuewI5pyllGm6RLv6tfVz43aBgVv4FL1f2MxkNcsbyjoSJt62FvAMbg== processed in 59ms
[2026-08-24 02:26:12] [DEBUG] [auth_service] Transaction payload payload_hash=8+O+AgR25Dp1i+tZr10Sk4rHqfDmyEmqrDa+4yokaSEAbkMy2kFcznTU9WHYIv7LYqC4sRj0/dbXf8O2bjYWKw== processed in 459ms
[2026-08-24 04:00:14] [ERROR] [db_pool] Transaction payload payload_hash=qSS/XU3GLKhQ4AyPjmKh0/QNkq/h+t+sm/70cjtVhOWj5PTB7/shHgW5uqGeamuecXkxCrtur17mxFTaKDP3rA== processed in 113ms
[2026-08-24 08:48:14] [ERROR] [db_pool] Transaction payload payload_hash=EoTMjGPEa/OO+HLcmKpPdRp4p42XE96xftMrco0sLliY4stwyFIrBODkD/4yOuUMSvT04hA0hidOUdpldS483w== processed in 262ms
[2026-08-24 07:00:42] [INFO] [api_router] Transaction payload payload_hash=WyQcS9+PRnj5uNKuk1NZpk6U8goTlPrfLCxCU0L2Eb0XAIV89T+peIbe1vGi/0aN0IOqwKMygKGXMTXZ66o9+g== processed in 337ms
[2026-08-24 09:44:35] [WARN] [cache_layer] Transaction payload payload_hash=zCbvpDidd1NuUvrI399pZ3oJMCKfMySnSv/BytPOUjL0Kiy7PJMv7BC8KG5rq0Vi4pkq5qTXOVmykj2gx+I1bw== processed in 30ms
[2026-08-24 04:05:39] [WARN] [db_pool] Transaction payload payload_hash=8qxh5u5VeqvS8+WFbzpYjbl46x0cTcWYSU02/yfuCO+ucgjcrBupcT+IJIzVC0+kGX6C3noTxHJ+elSLaSsVTA== processed in 165ms
[2026-08-24 06:29:14] [INFO] [api_router] Transaction payload payload_hash=HsupzEBrmMV3cr5gCJQlBvlpFc9jPkD1b264Kf8lwS1RAtkjnyz0YphX1AvCi4R/fMY2/cKXIzP36igiiS0FqQ== processed in 334ms
[2026-08-24 04:25:25] [DEBUG] [cache_layer] Transaction payload payload_hash=XKERQIeCrT8ieIYxiwYrYmk08BTJjHFvI6klTQ/JbPv566MEtCGbF/MPIUv409Of5kbvNbgqaCfT5VlWV0K2qA== processed in 149ms
[2026-08-24 11:04:10] [DEBUG] [db_pool] Transaction payload payload_hash=TnDDcm6Sm/WVlezxFPpQsMevgt0XSzIu/kD6D4CPWZ/II5tWiKSwRHehdL/ucBcRlP65+lriTQaLI+8jAVOX/g== processed in 419ms
[2026-08-24 06:33:19] [INFO] [db_pool] Transaction payload payload_hash=U8Rj4cX+DxxAKfwtbuGFHedvDC0nm42Ih0r9zyTCdTuLJM59oDyz/awk7PnpCCAIxgNcgPzeqUe9J4yL2XaJeg== processed in 116ms
[2026-08-24 03:21:53] [DEBUG] [auth_service] Transaction payload payload_hash=Gr8+0rrxHEafGRjXAQWJg1nyWpDe4xqg5L0gL1eSyw620oymQcEy7Lprq9Swz8k5dgquqbItb2I5iKpA32RAuA== processed in 229ms
[2026-08-24 10:47:48] [DEBUG] [cache_layer] Transaction payload payload_hash=g6705o+D5Gh3XwwUyIT5sa/jImKif6Lz6ixew+AllTSYx8tlZvPEajWLwQ12XWtcvNUvmt0pgh7tKi/LESTu0A== processed in 70ms
[2026-08-24 07:31:39] [WARN] [auth_service] Transaction payload payload_hash=52RBYcZzgk/gRo+9kcnt2Vfh1I+JNJB8CSPSO1WAKoCVHlpcJNDNomffk4c1GIPyHXOSgB7wAUOmOq0Wbr/XmA== processed in 303ms
[2026-08-24 04:20:21] [WARN] [cache_layer] Transaction payload payload_hash=4mdgN0+qfZDyQf6nSRZtXa1tSz+xkTiObREjyFaao+oeXvNBfH2WBdApjj43nWofT0LkYMeKsS8/EzRgz7HyPQ== processed in 45ms
[2026-08-24 03:12:09] [INFO] [payment_gateway] Transaction payload payload_hash=whfaMEq5LAgKsdQvdtJtBHiuTdS66F2Hxx0cEvkRl4JqUxT8jds2k6E8p49KpILIJ1smQfFJg0+e3ZHl+Poa/w== processed in 293ms
[2026-08-24 04:59:34] [INFO] [db_pool] Transaction payload payload_hash=5Fg18lvsAFRJZh8YvfqXw2/E1HSAxkBxLya+sIz6csPAaOFvjpp+AJ+iFivGd2CIlEQELLeUVoEGNBja8Rf/sA== processed in 393ms
[2026-08-24 07:30:41] [ERROR] [payment_gateway] Transaction payload payload_hash=tcoYNt+SFzMtpL8Uy2YkagTkdwEUbCGgvcLdan6IAOoN4ZNlDEIL/Xu+jq8L7WmPR3C+dVwmcaqegh9pzr8B7w== processed in 418ms
[2026-08-24 05:26:06] [DEBUG] [cache_layer] Transaction payload payload_hash=3+qT5zuUhGJzVptwILPdWuv1SAy/Zks6zROugq0dkED1rRK44x9vJ0CtyFUdqcHGSBdQVOj5G8re7xjiGzkvQw== processed in 439ms
[2026-08-24 06:49:52] [ERROR] [db_pool] Transaction payload payload_hash=W/kCHQBZmPP4e57UHihXo0n90jXjdEC5/gt2eQGJ2nw1ce+ipjAEYQziB+zgDmDeedKIPDv/CP6mTrJr3GQyvQ== processed in 351ms
[2026-08-24 02:58:44] [ERROR] [db_pool] Transaction payload payload_hash=tnTFAVLrqVoKuabsU/mnGnSV1sc1WAtSW86oAozofys6BFmC+G5V8I4Fs3YgYimv/c9bA5FC3Rd57SImZKKO5w== processed in 413ms
[2026-08-24 09:58:06] [WARN] [auth_service] Transaction payload payload_hash=t3ubJx3VaKXatuffQJ//2GuA+KvMBxGJldacb0vAgHgqQF45SHO0GH7YQ4MmQf+elvsV5WHXvbWYWZqnD+YnJw== processed in 342ms
[2026-08-24 07:44:06] [DEBUG] [api_router] Transaction payload payload_hash=3YjNLA/QxHMaZgKgi/lkTyAe00JhfXhblQTptj6N6eM956L5gsfC/5x0zoUDSGBpo5QJPg8o6M/n5FopPeDxaw== processed in 487ms
[2026-08-24 04:19:31] [INFO] [api_router] Transaction payload payload_hash=PhoDIhutuA8wTAH3RursYqJ0nkN7YjG4fZ1utJWEVdgiti2bAxZee28os+eORNAFSBt6eIm04PtQbbjxzgNJeg== processed in 39ms
[2026-08-24 04:58:47] [DEBUG] [api_router] Transaction payload payload_hash=CNsMzIrNWgaYvMdMkSC1ONRvhOaYkYiXQnoV0aoe4e2+FUpqXebQQnxXxTrWGFMYGUId+r0ifAHFZNlDY3TOOA== processed in 32ms
[2026-08-24 03:59:44] [INFO] [auth_service] Transaction payload payload_hash=8RmRsYlXRxpn93n56plCRCUUBnDRW6tm5WerCVaKiaKjYE2W7bzfpJeLvjQ0T5jgGSFdtXzBMNlphemBiedQ1g== processed in 53ms
[2026-08-24 03:16:38] [WARN] [db_pool] Transaction payload payload_hash=S+X1bc+fSy74mwzkgHIm2Shns+07+hSYhmN4zbCWSsB1dc+F0QNymbwpKHkM77m4jHv5frqU6rd+d0ZwJ5Ez/w== processed in 218ms
[2026-08-24 04:52:35] [INFO] [db_pool] Transaction payload payload_hash=cq+R50M6MvleWSd+ygKctsWrK5ObJOb9RmJ73moDbiGd4mftwHawcZvNZ1h51bxJibzFWBroHI7JjP2Sm75+rw== processed in 207ms
[2026-08-24 09:07:53] [DEBUG] [auth_service] Transaction payload payload_hash=zxabeQ97XQ2Tmfat7nWUu0yKI+edz9Qpgc2ARFFb1GUnvQ4njt1YcxHRFqpa6ulABwxn4hULpXoLJRJt/WP0TA== processed in 335ms
[2026-08-24 07:13:20] [DEBUG] [db_pool] Transaction payload payload_hash=qOk22AKs6/pFtrTvGd1Pon/d5mqzQirXb+9ji3JX3VLTv8Ws8nxhYiQjSzsthfNvB8JRrnVWcu6Axk0ZAlC0qA== processed in 376ms
[2026-08-24 08:28:41] [INFO] [auth_service] Transaction payload payload_hash=sKAg0Rimmw7NwzjAzlAhqmCH7y8H+ZKH7+z+53PonXzbgM8hMJyY/kvK6zxit6548ImtW/CyDZGGq7rB+fx7oA== processed in 66ms
[2026-08-24 06:02:11] [DEBUG] [api_router] Transaction payload payload_hash=3F+Yhh2PcHp+qR8QDpRbb8uhP48B3WImaGM6wdXBWY9CCxLgVlr1U4VKCAMkVwb9Yzs7jXOY8wDR+XT/CS9kAw== processed in 104ms
[2026-08-24 09:20:52] [WARN] [payment_gateway] Transaction payload payload_hash=hM3RF1Jnu8K61sUZQzbZtxrlunl3TtZcv5mr7OHelFsuoei/hGWb7UcIbm+TaKvGNNG/ee7AloDNuxydRMi8RQ== processed in 310ms
[2026-08-24 09:46:46] [ERROR] [auth_service] Transaction payload payload_hash=pDZ+yoUQUgKJnVXvLV/Ry09jFZTzE2p2n85H/F3eHYCtvfm3nNQ83eQku4W4nWmekJloYzsH2psd7ud7uzWrVA== processed in 35ms
[2026-08-24 10:47:13] [INFO] [payment_gateway] Transaction payload payload_hash=INogMABJQDWmAgMXCqcLozcX3/cvBq/854Z9CtziNDUSZ6BXCb2CBi5Oipca3ooWCb6ZRLzbsHq/ZRKPC2Z58Q== processed in 448ms
[2026-08-24 03:30:06] [ERROR] [api_router] Transaction payload payload_hash=JA3wgb2pyZQihtthf04MWWnwCvwNsvVexOp4tPVwA52DzQElOLdMCG0etHYohJwW0U7ox/O6eV1NBV3CqupMBA== processed in 218ms
[2026-08-24 07:20:44] [WARN] [db_pool] Transaction payload payload_hash=uSJxDFNtRa5zQtPgBRpMnDW8o3oQicJmXDmf58BNWrtmp29tEo8nu39riZpujSfQ0Ore2wRHgCPH87tONc4Fkg== processed in 139ms
[2026-08-24 08:24:04] [ERROR] [auth_service] Transaction payload payload_hash=uNX89k1Nv0UIRdQhc6gV/xzoZ/Nl48cEQJY9kkdXfHgCCaVsFZsht2/Tfs2JwuiNxaZ97mxtPcuJM/zXRFQgzw== processed in 228ms
[2026-08-24 06:47:23] [ERROR] [db_pool] Transaction payload payload_hash=oVZsnbD0DTTYx5i5mSMrugffSc+ZahXyIF4d75HK4CaDa5GfFcmL6K/XHsTZ4+fNQQ30Xfk115kV8l5vJNhrFg== processed in 97ms
[2026-08-24 06:32:35] [INFO] [payment_gateway] Transaction payload payload_hash=R4SuUXAdNvXRuETyxkJgboJbs9SwLxxFJuerKIO1p6UzkTv2D/GMzwbAwcQ03TtCETNMuzbLz+cG04gjdgp7cw== processed in 121ms
[2026-08-24 03:27:07] [DEBUG] [payment_gateway] Transaction payload payload_hash=Ci1IRTr9S2rolMQlTgs42xNlDRoJy4sYvyaARjhzyALhdkJic9BJb1RwCfq8W+JBi1mr+gigmCFQJyQw+ZmXiw== processed in 25ms
[2026-08-24 06:20:51] [WARN] [db_pool] Transaction payload payload_hash=hgDzZzWKMfqPdZbWN9YXNdiVRqXZKnDTd8hC45L+ypZmyaumIxiXtUVy95dFlufle7aOX+99BA+x47CXPVxM+A== processed in 28ms
[2026-08-24 06:17:32] [WARN] [payment_gateway] Transaction payload payload_hash=FSBy1DUcjyCwvnei7URo+MQP9DwpuxbrToaRmbTPFAePP+FGoQjc42vTuhLnYmahWq48187dsFWAY9W85tVIQA== processed in 336ms
[2026-08-24 06:15:31] [WARN] [api_router] Transaction payload payload_hash=duwbBWOWTzyLTKN6RHqo2IO06rStPYKOwsEU26xjezQUB+RuqsCX9ahT2DxIVJ5K9S1F23UIo1gPJGmcUh/HTA== processed in 18ms
[2026-08-24 03:02:24] [DEBUG] [api_router] Transaction payload payload_hash=RustqVTZRaN7nu5J0Dqj+yNOw9G0GiJJLlGTJ96xaPR312DM+HCd5XTSTXhVRjL5LC53qndvG6ng9wtD4njSmw== processed in 172ms
[2026-08-24 09:27:05] [WARN] [db_pool] Transaction payload payload_hash=kyMMh++2bWg1Gh4oaKW7JLwunS8423vrIVyWTi33qIR9+AFgcfOi+hzS9g/3N184guZAax3/X4Hd9aDXb+rlqA== processed in 122ms
[2026-08-24 10:25:48] [DEBUG] [cache_layer] Transaction payload payload_hash=mQZejZJpIpRET/T6Ya2FgWZ1+wPrVR28dgigT0a8Oeaj7RSUEKcCF9loxnLcXUCF7zKdA9A7dCfin1sZH1R8Gw== processed in 22ms
[2026-08-24 10:32:35] [DEBUG] [auth_service] Transaction payload payload_hash=VdVGGl0CbBuQ8p1N9uHrlRmzKNBDDM7iVNoXt0Vn3JCs3g4ygSa4xZNkwP631zezU1oKQU5JcwiNBQ0TIc5TeQ== processed in 109ms
[2026-08-24 10:33:20] [INFO] [cache_layer] Transaction payload payload_hash=i1UXBU4IwWb+4dIAzQqX6I17J1V64FqYYuAwOTyE3tCRvy0hPGCjn1S05LwuyddBycZ9Fr75wJPz0fILHaZ1vA== processed in 334ms
[2026-08-24 09:39:33] [ERROR] [cache_layer] Transaction payload payload_hash=p9LuvGD01pRKgH0Km+LTgHyCZHbS4gEg66/omp8nC9JlKmNRE1eGb+6AIF8j24me+DncoP3fXhCAmO+kXXfMZg== processed in 154ms
[2026-08-24 08:11:29] [ERROR] [cache_layer] Transaction payload payload_hash=72Z8OwqXkVgxRtbuV+ptezk1iraGSdNbn+2qAUtf7tZ+mLXjerHA8evmB9ekkpiDNXYRDvi+8C7H2F83T1xN6Q== processed in 320ms
[2026-08-24 09:15:29] [ERROR] [db_pool] Transaction payload payload_hash=0NrtWjcaBv3ZwD5lNk/TSh33Leq0EAlfrjphiDTKRhEMn22RqWLXbKlRUUmvPLFbew7jxNsJtGXYOyISz9wCkQ== processed in 428ms
[2026-08-24 04:09:47] [INFO] [cache_layer] Transaction payload payload_hash=hQ11ID+CRn9kNrj48/6tLC14BrYShQazRyHhdHyq2Okxa9+5ef0QXQebtDYZlcri8uHkYPIr/vY8SO0faX6aJQ== processed in 180ms
[2026-08-24 10:20:48] [INFO] [payment_gateway] Transaction payload payload_hash=+E7kKNtk5zAW83LDIgiTkA/FXtEEhhfZbKOuxYB7LX/8uFxNz/u09h5GMzJdhEk3E3B0RsE6VrQpgoeIcdftiQ== processed in 362ms
[2026-08-24 07:41:35] [WARN] [payment_gateway] Transaction payload payload_hash=3+bC40crblZAdq7PgWgNCt/3FQas9P3im1uehquc1TAg/QyjUlQAwUbLlbmUt0dvSWD7U7CyNiqZz0kSeKLwaw== processed in 112ms
[2026-08-24 03:33:29] [INFO] [cache_layer] Transaction payload payload_hash=fYn2dg2yse9Cq3ZVwJAHPBPmknLB2HLpU74pXDJeFmHykeloOEXSGhT4vvDPDeheqd4N4haAJBp2BECxZaY8aQ== processed in 69ms
[2026-08-24 09:01:29] [DEBUG] [cache_layer] Transaction payload payload_hash=Dv0/I6OHhUvin1MMy3PuYsbAhHWNd9jEnlDuNyFG+ulNA2ZNtg+fz0c6kxeqtiCQGeCzeHWRqisyId8BjXl1Uw== processed in 323ms
[2026-08-24 11:19:58] [WARN] [cache_layer] Transaction payload payload_hash=4hTcil7Fx5MkvutNemx2rMIX09zsVBg8yURofi83qo6tELJzNLa6sPvsJwIyfXyjwCzHkhUg260yplQT/TVlUw== processed in 0ms
[2026-08-24 07:43:39] [INFO] [cache_layer] Transaction payload payload_hash=NzXMlNFg2ZrP8pDSBcpTtX4isOJy/t77fv7JcpPef8DzwUREgirULfMjAvPULeOusdmaGZHKUP3mFh1LaZAmYg== processed in 1ms
[2026-08-24 02:53:40] [DEBUG] [api_router] Transaction payload payload_hash=p82ZeOVAkMHI4g+0z+iasxGbh5GeV0FX4p4nCfi2mQiDLGo/XRej3CI3iYtawX6SNOpnuuvdJnW2tJPFkr5HEg== processed in 405ms
[2026-08-24 08:45:24] [DEBUG] [auth_service] Transaction payload payload_hash=gwANdIcWT3iClI5xqsq18RrK/KNjz3bP8iBrByU8x+Q7oShDNgj1lkahX9szTp0hFagGmmdS9HG7/UlS3Xqc9A== processed in 476ms
[2026-08-24 07:32:49] [INFO] [api_router] Transaction payload payload_hash=Ra189DOc6+qTm5j3lAVMVL1dNrkc2x9w9qp2LtswoXbYDZNV7uUN+u+iitCNKajlvvumLWALT3a/JeP/yOAaxg== processed in 367ms
[2026-08-24 05:13:10] [WARN] [cache_layer] Transaction payload payload_hash=lJ0ShP1LsFfDnVBSoPoH7FJSUrqouc9h4R69C+xxjddsYh7pUMeDKDOaMcJXgIoJAVA2VKJxyJwHb0JXEQF1WA== processed in 35ms
[2026-08-24 03:03:45] [INFO] [auth_service] Transaction payload payload_hash=9wdi7tHsLEauE/oY/aZqUrbkcIs+VSPybcmvUE2o0S08eXYIQSzgkxZRyeWvEEa0xbTDAMhgSxCTBF9xJ7vU3A== processed in 429ms
[2026-08-24 06:07:14] [WARN] [payment_gateway] Transaction payload payload_hash=2oBQSNW0tyR3ceJhMH1D9qKftAM/bbwoqJAgpVrCMNAuRd5FC7uVL/k3PQH9XvcnwjvQYt0xJlbHzBvlExk5Xg== processed in 165ms
[2026-08-24 04:48:49] [INFO] [cache_layer] Transaction payload payload_hash=OBfhoxd80GpyTZr4Nmxs7aaB/CxkamFlBBUJYLHEQh92kpHGhv6CaHOTA4uD8xweMf5M7Q0MsB5ej8D1UiAhOg== processed in 155ms
[2026-08-24 11:10:50] [INFO] [api_router] Transaction payload payload_hash=ML8/M9uHjGuL2TeZh6/YazFGvu1ouKwky0amUO4nKDwZLp7cquKQW6ZqyzCwsRTuyfMg7ioam1qUOdVrVRvldg== processed in 476ms
[2026-08-24 03:25:45] [INFO] [payment_gateway] Transaction payload payload_hash=r0fngahfZM8HbDnsppZCt8nreX5DrAqzxYNggkn3WFE8V12W2iCRU7OFMJhFGmT+kQEp0xJFZI2jkWx/Vi3Y8g== processed in 288ms
[2026-08-24 07:19:37] [ERROR] [db_pool] Transaction payload payload_hash=Rj3fThEXsmIFanI+w7T9iYWZSvekkrKdVwAqs5jSDdpivmIeiydpdwfMnetHkpKJU6BfDP1rYoVNvNfV8ZTZjw== processed in 263ms
[2026-08-24 08:43:44] [INFO] [cache_layer] Transaction payload payload_hash=vhglvXQMuNIwyGhW8/eW8IhnZGbpfWa7VA/O6jwJ+0VNqUgv+muPd/HmDEE5ZSlL731a3LPks8GFs5LpMie0sA== processed in 442ms
[2026-08-24 04:25:37] [INFO] [cache_layer] Transaction payload payload_hash=2l1GugUZwok7iT/A6iVMcIutqnc1gco8jPBToUef1WY/ERvIo52gakjji4CJoFJF0DxhCdMrbpx59s1RhV1YtA== processed in 424ms
[2026-08-24 05:51:13] [DEBUG] [db_pool] Transaction payload payload_hash=aWnlsluAZTeSw8o2vxFoqTpCDqlG7CpTH1uC/6ngHavBGg2Ik1kepSVuS1aJkEhJv8iVbFHMZvr9o3pbWaM3kw== processed in 70ms
[2026-08-24 10:02:16] [WARN] [db_pool] Transaction payload payload_hash=5uQ3MlNR826P5S7WaZk+azqmUG7vRqCHgPfEhB7Tipe5HK79O068uxLPY3EPKK9Z0cSZuSHGdRYTIRD4Fl0HhA== processed in 484ms
[2026-08-24 03:22:22] [WARN] [api_router] Transaction payload payload_hash=hsxrwbvEdfqLhuLPWu1t+RpbKJ8iEdSOrO4OzOu42ggIzUVf6Eg2R7gHqTZdhodcDdFMJLIMyysIX197Xre5dw== processed in 280ms
[2026-08-24 06:41:47] [INFO] [api_router] Transaction payload payload_hash=EUiohb+SEUicotzmWvPJ2kvf9GbG5Hd3Wll+vOjQ+UcxqYjwuadXNldwhOBzrNJKo8Dj5gRpvXyPwCF+rpraCA== processed in 57ms
[2026-08-24 05:08:39] [WARN] [cache_layer] Transaction payload payload_hash=1vHdR+pANdqakUbzAdbT3CrDPrxfj2bPIuCYmi/iZneNRJovIF+HeZ3Kg4cSssBlNk9eGt0+9ivM+OaUo1KsUA== processed in 347ms
[2026-08-24 04:25:00] [DEBUG] [payment_gateway] Transaction payload payload_hash=zp1EkqKBPVOF7a9N4iGZnjVceeU6G5jpH2J9i9O9qIwjmfkO9hZqGv9JGHT1UMavqLBAR2q3BzuUis18sje84w== processed in 89ms
[2026-08-24 09:58:17] [DEBUG] [cache_layer] Transaction payload payload_hash=0tvj2vKB2FWkZtuI2jJdENkeHL5DjeXvlyItWpOA+CM3xN21/05NNS1OkzJykznqwFsXZpAE7dAA4pvIGUvoXQ== processed in 66ms
[2026-08-24 04:11:40] [INFO] [db_pool] Transaction payload payload_hash=i8tjBiRhhtW/KGL42hv5m/plZRI6dyzhUMv9iSCnHdreJOffuwbslscVoDp0nx4OCjPkPcygGKnBL4gML70bYw== processed in 196ms
[2026-08-24 03:32:27] [WARN] [api_router] Transaction payload payload_hash=PbQX4CRkCUDxJbHBKieTAI/ZlH6eaECby2E+eqpOMPpcKE4F4K2kdtpRt1/ZYvZ0ZwtrjWx5Kn/bAhtXcR7wSg== processed in 10ms
[2026-08-24 10:01:01] [ERROR] [db_pool] Transaction payload payload_hash=I2yKgeyQC5vJSS3kNdlFx9Ysp8FiQixBinKzyvnShaAUGBKfKOSvzrkR2emZy9CHGUDhkFCSzhH7HWDL5UB89A== processed in 202ms
[2026-08-24 10:22:10] [DEBUG] [db_pool] Transaction payload payload_hash=I0GFC/rtg38ungHDCbGItExJHUk3ENbcAnXC9WObP39RMghv0yGU1POn/xckWI07LGhLvdXYixobwS2xXa8FlQ== processed in 274ms
[2026-08-24 04:36:14] [WARN] [api_router] Transaction payload payload_hash=OXmfwSI+TWY0jEJhgmIApjEAhf0mWb9ss4KV1Y060M5s0jUuD3Z/K1PTxFWVGpSoM3DL92J2Tsg5YtxvsJAlzg== processed in 300ms
[2026-08-24 03:48:24] [WARN] [db_pool] Transaction payload payload_hash=EsVarDCtgRHb2wsv6VZ12+D3m6hVe+IlhY3J7KMBYpmuf5DBSVDSbvlIU7236UCt8jvyojvViKiQedmYZ1cfcw== processed in 53ms
[2026-08-24 02:33:48] [WARN] [payment_gateway] Transaction payload payload_hash=XfSb/i5iBuuRxwKdIu7LgLQeWuCtjvTmHRuleRnWXP7AVHyXYDgOftbsn1rmrtpzavjO7YeScoJlNVDd6zjhFg== processed in 67ms
[2026-08-24 10:33:33] [ERROR] [db_pool] Transaction payload payload_hash=S+RPNv+B3qTg4JnD+Joigv97jbYKtleJN2FVSzCLQF1wd+6q2RNEUjms87+7OyzIiB2pHcn52pJYb4IPqkzgaA== processed in 185ms
[2026-08-24 11:05:10] [WARN] [api_router] Transaction payload payload_hash=UffdMB0q6GijNaxKxFGR/MMu80jMZujU8cxQfjgP5vbSK+xn7lGbmHV9Sqz+hT905QhhFiG5sJVmnlVUI5KsmA== processed in 136ms
[2026-08-24 10:17:28] [INFO] [payment_gateway] Transaction payload payload_hash=9b5v7Szh2GlIggeqCdSUimP8jvJ9NEpW25a6CLK9G1OLQv8P2vWhNczyzLoEQONKJzWs0SiklQGMCxaG0joW3A== processed in 70ms
[2026-08-24 10:43:21] [DEBUG] [payment_gateway] Transaction payload payload_hash=rj+/Ql+ZOt2BEvrS1DSj2vHUxuHLp2kPiTrIga9xSpTd8+HHzlaQELjdE9kG9nUBc/0UHfk6XCLkb8NnAHGnGA== processed in 2ms
[2026-08-24 08:59:02] [INFO] [cache_layer] Transaction payload payload_hash=zIDs/l7KuJKFcS0Bd6rZhNZpuL8HajphueIpQv8gcHXGx9IQ0aNRyco/x22629ss3QZOFEuKANpunD9ZWKvrsg== processed in 226ms
[2026-08-24 08:21:02] [INFO] [api_router] Transaction payload payload_hash=Os+X3KtD2mLj03BJN3GbWOQHHgYQibeLS9euyfmlQDkrMBkx2hddku7fHTfWDmlhZKYd0UOvKIOMU1uJnMi8uw== processed in 127ms
[2026-08-24 06:10:00] [DEBUG] [cache_layer] Transaction payload payload_hash=tQ98eySl9zpZ2+eq1NdLLrTMd0LPpbS9B38aGwi7CpQu9PeOg1AiWbHR0pvb1nEwo1BIKomo/r/Yi2lque9M4A== processed in 131ms
[2026-08-24 08:21:35] [INFO] [auth_service] Transaction payload payload_hash=x/KNGkhu/e5igxYeQZXL8ULqnYyCpEqZvSbWp/sfHcI0ZvH9EGU2GQJCIj1YwryLxFuGxi8/SrRvuuEGBX/Afg== processed in 22ms
[2026-08-24 05:30:06] [DEBUG] [payment_gateway] Transaction payload payload_hash=MHp4YPd75+A6zz2633Oz/roryxeVTUx/kMAbQRK/e81s0Tj6rMYydaRtrlY1bdCG5PdXwFbhMw2gMTvCe4OSvQ== processed in 426ms
[2026-08-24 06:17:25] [INFO] [cache_layer] Transaction payload payload_hash=lM/+Zz/Mtd5GGuE7kqiTzOuDjUQVsOWpyPi25BrZRgz3NZdWhi+RU4iaZp0KuVg8SGh0+wvzBwfrxFZnGCb4/g== processed in 18ms
[2026-08-24 11:17:58] [WARN] [payment_gateway] Transaction payload payload_hash=vEQrsBppb9t0vEaEpwfyHSceUpu9sUrPfjcRrPIW35lM4udZCmpm0j2XgLCLIe0EfH0Y4sFYI1SuL0a4gkfYjg== processed in 216ms
[2026-08-24 06:13:25] [DEBUG] [api_router] Transaction payload payload_hash=Me1ADClA0Ls7sf1rpXJ73CDfxM587L7FKlct6+e+qxVzuwvSn6WXOpnXHzZbw8v1PJlfHGhHaIeLHVI95IyJUg== processed in 291ms
[2026-08-24 08:15:42] [ERROR] [auth_service] Transaction payload payload_hash=BagoSdbX7Aazp+e9/6PZvooLYH5tEqI/A3B12ASGy0r6U5eHw41cMXf1xWz91SzcyLfe0GSE/LVPveHhyOG3iw== processed in 67ms
[2026-08-24 05:21:08] [WARN] [api_router] Transaction payload payload_hash=EGhS6nc59fI8jiJGOVSK4HmTXJQGF6mDnbsdhKBtsvuQBJg1ZHe9BHMtwBEctTtPnh3LdxzuE4cMk7e2pN7jGQ== processed in 459ms
[2026-08-24 04:50:19] [DEBUG] [api_router] Transaction payload payload_hash=6mfP2XnWjXpuByhiTLpI9GyIHIMKy95CUNm7xUYzEpKh/DqYsfvjyWRQui0Ol/aZq3J/skQj+mriSZCc3YJc5g== processed in 363ms
[2026-08-24 05:48:21] [WARN] [api_router] Transaction payload payload_hash=PBa7aTwgtfFH32BqZoTzgsbn698AH/ar9nOSdWxT/xPAMwxSqu4/4+rD6oLgThnymXS5s4CpXKR2agOQjKDbCg== processed in 321ms
[2026-08-24 04:06:02] [WARN] [payment_gateway] Transaction payload payload_hash=lpUDbyjESux5tepImqPZQpZ0ydZ/XRAvtXahw4BZDMO8fq9PIR+6iMZjgM48mdA6PC9unf9kRXqs7I7h/DyVMQ== processed in 469ms
[2026-08-24 08:07:15] [DEBUG] [db_pool] Transaction payload payload_hash=OZgxlgodU/M0u4C8GI1vk4JwEs6f01GgKrkWYA/kd6GeEWa+KyVSSyaW6W55fT+KskFvY28dNFGzPzfcpgYDRA== processed in 345ms
[2026-08-24 09:53:04] [WARN] [payment_gateway] Transaction payload payload_hash=aS9ubq0srXkTLEmY35uECmDWFfUHPKAY7U7wpcb+0LzlNKTI38TJKDsV54nvjnto6QAMJq0KOuOz2yreOdWy1g== processed in 329ms
[2026-08-24 07:57:17] [DEBUG] [payment_gateway] Transaction payload payload_hash=oIhwTkqOQU/j0hDHs/FKIIEkr4MsEFelYl7TPi0iY2zqmfKzdhczQ3Tys8ELUpuTxPFdpxpsJt19AGNc/j/t4w== processed in 85ms
[2026-08-24 06:03:36] [ERROR] [cache_layer] Transaction payload payload_hash=1/p8jFUYb9svqSOZyD5+sNGIkIEzSTKwAi/+UygdcwuqelessI05lzYHlbkx9yrg20rmSaKCA/hXzAo3WWkfWQ== processed in 194ms
[2026-08-24 06:47:43] [ERROR] [auth_service] Transaction payload payload_hash=RXt8VwIf6Nvq7hzWlY7fo/iXRvZWxJl+Y3awEiY573PL+rP2a5+0WnpdcJ06wl79g8t/DMai+g7Stti32mFzHw== processed in 339ms
[2026-08-24 02:47:06] [WARN] [payment_gateway] Transaction payload payload_hash=C9/GHZ5l8zZBC2H/8JiZyJLDPTWTyvvqF+AcZUaqFkmCUA3NvkZAvQoMFc4Mli+Ctnv+8PvOiP7wPCB7hEkrcw== processed in 391ms
[2026-08-24 03:55:39] [DEBUG] [payment_gateway] Transaction payload payload_hash=yOTzJUYuo0fHl1fl2PqDz8U0ynwCrij8zj8IXLJrjLOj4ApOwEDPeYqP8Q7IXCuFKhLOO920njP01irtl+hGgg== processed in 6ms
[2026-08-24 08:17:21] [WARN] [cache_layer] Transaction payload payload_hash=Nx38+a7RtF5DVAiXN4NjG+h10hd7z7SxtdRf7+R66PLIChrKCclqw028/wBz6bFkzI7OGB1uEklXEjmY1WpUHw== processed in 189ms
[2026-08-24 05:26:51] [WARN] [auth_service] Transaction payload payload_hash=zceasFDfkXWOJC2PyNDeMa4cDAe11EIE+AxBxrdv1WxfnsHa6QZSmXMmieuHa+2BmrnZ0PwOHgq607ihQ4YgiQ== processed in 403ms
[2026-08-24 02:44:02] [INFO] [cache_layer] Transaction payload payload_hash=EdGamYn1gRuRRzSNBnqJAT2C7R7pwZonk1i8PjImOWSJZ+jo8G9pMT0GSegcFHx4WjjcD2ZTCI0jci5D+AGYeg== processed in 239ms
[2026-08-24 08:04:46] [INFO] [api_router] Transaction payload payload_hash=D7sg920uCxG0JTFglGNK66gq+0mDYE6HjX/EtgHb9tX2l+lIhtnyMbtn0NaOMMYWLeBIXyWT0wXGHd8AvZv0bA== processed in 294ms
[2026-08-24 08:58:07] [ERROR] [db_pool] Transaction payload payload_hash=WmJlY6T9N/oRm6XwZJaCPgM2U49N6MlVwsQeQTUvrwcCmjUew1mbpseDxg4mQ8wTTw6aoEAkpvrQeHQVar33Ag== processed in 441ms
[2026-08-24 05:00:31] [INFO] [payment_gateway] Transaction payload payload_hash=ncz7PgpYqE3tOtRvrmUpcidklBrME1d+Wx4hM6xYvmqA4Pp1dtQImg2Ai4R4V0xSLBUjcYmMLjO9o8/A9wevYQ== processed in 171ms
[2026-08-24 09:07:20] [INFO] [db_pool] Transaction payload payload_hash=dTrHKsB+IPIeMm7MUlARDFy+SAxrFUMSau+3Wm0kenKlNb59BTun2H/6Mw6SNRvdfSZ26yijKN1xhHYXMyE+LQ== processed in 8ms
[2026-08-24 07:59:43] [ERROR] [cache_layer] Transaction payload payload_hash=dDsmwKcKXuyzwNh2yc1fuPiOepeN4lD7jmuSlGlZJ4u9m5Q9S/MXu/u7iBbZyTPgRxBlwWDUER5dPEJj0LbHVQ== processed in 151ms
[2026-08-24 04:15:56] [WARN] [api_router] Transaction payload payload_hash=6u1e2oBkGg9vjezgGODyMptlHq8t4HQ+ydCfK4dE8tGGVajY+T+DS6yFmD9hQjvKms5Tl/aVhtz9+mm+zj3DmA== processed in 25ms
[2026-08-24 03:33:37] [ERROR] [db_pool] Transaction payload payload_hash=rjLm6Zf22d0MrpP1hcAeGW7XEc+VX2x4q15f0ukKwx98mHnHJNmLjzTX3Poker15zUXN6YhQAQ3WfzMy7V98vQ== processed in 123ms
[2026-08-24 04:34:14] [DEBUG] [cache_layer] Transaction payload payload_hash=h2isPC5C+R5bSHOFC8J7PuBw4PkUODvZwTfpzeWXjlTIiE55HAaX3Gk7giB3VhlFjgiDoVNZWX4amS9wmbXmow== processed in 282ms
[2026-08-24 02:59:37] [DEBUG] [auth_service] Transaction payload payload_hash=4slDoMkQER6Z92PA0G1na1CoBc1GeHPJhrLdRV82UWGKC3roMfRAiHAamx8zk83OsV0QXYLraFYD+HZYba8RUg== processed in 251ms
[2026-08-24 10:56:28] [WARN] [payment_gateway] Transaction payload payload_hash=whg5iUyyMBputq+VCjjvzy+HKzSnq2kUuNbODHCjZa2X80zZ6akyFMU0br1TQ7Zp5QxjZYGcpRfxrvlODgk5Ng== processed in 398ms
[2026-08-24 06:05:34] [INFO] [db_pool] Transaction payload payload_hash=S4oX7SFAT5fqgojqHPL8Km0G+ELu3xxotRX22CaLFg/0MON0jHxsc+4ZhzQDyywS9vj1KqE1Uy8NLDxGkEkMGA== processed in 7ms
[2026-08-24 07:57:09] [DEBUG] [cache_layer] Transaction payload payload_hash=dU4yKSXbHDAy5KT7m7w0lwwRe/8ZLmSAthyIvmE6HMBOLTnhBXOB28l0Pf/8ACOelS/c5Zf6VaJrq0ChQyJRtA== processed in 181ms
[2026-08-24 08:40:17] [INFO] [auth_service] Transaction payload payload_hash=pDuGG0hDbHqkm0OAQ2YzeCnMiOQp15BRu1xDaquJ45D8isSArplh58jeeXSRQh1mu6tWOoRzS3fz03q3Pgf8kQ== processed in 433ms
[2026-08-24 04:22:53] [DEBUG] [payment_gateway] Transaction payload payload_hash=LUkVde+3XS2AqZ0s1Rw7Gvgj2PUpjIGJOH4J1v3wU+SDolpzuDd4a80mjzGSaBpF0AymWQFy03u1HsqgHuTKkA== processed in 321ms
[2026-08-24 06:48:49] [DEBUG] [cache_layer] Transaction payload payload_hash=ogKNFp6mV4JHpUb5GTjVrGckn+mB16xmOfFQw+/lULGEsnUoe0KXYJCi4rSGedAh4cGryHJRGQqVXemFoBnbDg== processed in 229ms
[2026-08-24 02:57:37] [ERROR] [api_router] Transaction payload payload_hash=65gFsV1krcOL0kZZwoWodRp2Oed3tJpx6RUxT/goYSvYnUGxfYSil+trObtHOCEgQZM9p2dk2YzwNSSII+dkyg== processed in 359ms
[2026-08-24 02:56:15] [INFO] [auth_service] Transaction payload payload_hash=cTcXnoI2YRHpz/kPwvpJUiAU6X1Iy0xkypbl/yvjbUtqwlzrXgyR069g2G01RjXBx+IuxcwZ/oaL6xvUDQ8c1g== processed in 142ms
[2026-08-24 07:59:40] [INFO] [auth_service] Transaction payload payload_hash=E0zZtmV4lGK6avn4xWWiyTqTg0Hk6zThkxXVrnxBFK4bTGOW1KmNUGyW61OB7agGGIgFcomcz3TG74/ypIuyRw== processed in 345ms
[2026-08-24 08:44:51] [ERROR] [api_router] Transaction payload payload_hash=yFlItl/vfieAm4KN9yiBjxP2cBn6lU5xwrasUFCj7w3/cwdXRzUoYggCQ1jqbGC6Fas3P8CH+xYRfLtoAnweMw== processed in 303ms
[2026-08-24 09:00:04] [WARN] [payment_gateway] Transaction payload payload_hash=rql3P+XBRPTNuSCGDdYQhkZNIe6YX+PR7qre2NfOwkdTBrKAsShXBoFp6+MaVVFNWCy7W8VuBxudJfI8DtwkGQ== processed in 371ms
[2026-08-24 08:59:00] [DEBUG] [db_pool] Transaction payload payload_hash=o21E93hG/y1KyjgMt18q3hP4iQ/1usl6J5ziSQk0TYGnDteZMH/KiN70IlnXUkevcpZJmqTNL7TUkdEshUKpmg== processed in 421ms
[2026-08-24 06:24:50] [WARN] [auth_service] Transaction payload payload_hash=R7MX7/EIubaI+mvVDlVdOVDmKGuf9hKI6OkmUS9i5nz19VQIS5Ay/JQYb9ZN2sHbP+HsaGRphcFfHMuWSinF6Q== processed in 163ms
[2026-08-24 07:33:06] [DEBUG] [api_router] Transaction payload payload_hash=MdTfojUhK81OFpQLxyrCD4Jysq/dKJu5VPn87cTFumi03+19XqFIM/lVZXwcjQEcR5FGhk0pz9rGqikrxYCY9A== processed in 222ms
[2026-08-24 10:04:43] [WARN] [db_pool] Transaction payload payload_hash=tOi2XmV0PFKtyv3Rl2WB4NYva3OKftt5xLAflmypsbDb67TRmfCpB9kw32XgBkURoNdCtFaF4mKBHF4RLVcjZA== processed in 281ms
[2026-08-24 09:42:15] [ERROR] [payment_gateway] Transaction payload payload_hash=ylFtaFmoAwA8DecCmnOvCrCEnuIH9K00jM5bTeiTly+BvWWqVBOCFqgg+mAMn7Alx7FezAusu2jtDCjNC4e7Iw== processed in 268ms
[2026-08-24 04:46:22] [WARN] [payment_gateway] Transaction payload payload_hash=K7p5Onlav0KOQV2VcOJCTeaioA1iTX/tNKWpJR8Vpo6n9Q9zs2BFv++QaLrKcLM6zoO6uASxDAJXEu20Jh9hWA== processed in 171ms
[2026-08-24 10:48:51] [DEBUG] [db_pool] Transaction payload payload_hash=7vf+jM2znX8OFDXQiFtt4HcFozJjCiyQhjtqoqMPsVisGRopRMH/05qKv4yfE7FW2RSn373LeBErJagczADJDQ== processed in 208ms
[2026-08-24 03:12:45] [WARN] [db_pool] Transaction payload payload_hash=TJkkMDzgp8o4rJ/eIQvW8RFMFV3Z0e7cEcuYLw1ILAZAnvInIkqRxAs1E27W+hRUYWLCIEt2Sg00+JTt/q1qbg== processed in 69ms
[2026-08-24 03:12:42] [WARN] [auth_service] Transaction payload payload_hash=S/HdCsuNF3TBR1a94VOLrN66MbGDPbHNeuOI1WC5j0i6DJOAeZCBeQN1gjUkvoqj+9j82z9WfYUBnLvb8rDDOg== processed in 220ms
[2026-08-24 06:00:17] [WARN] [db_pool] Transaction payload payload_hash=VjRarGcV8xRAqSy9mNJMcWbTmKTOweSJMjLFNiuP2n7O5uZ+jFH5etPVi9lmAac0c6Y46AhVC07Kvk4aK0LJLw== processed in 355ms
[2026-08-24 04:30:41] [DEBUG] [api_router] Transaction payload payload_hash=p/4I4hM842leRrjV5J9OlY4c01jaRkUdXYQO8ek1hTBnyDRw9XjgW7C1EPs/98oXYVgC0MZ/TZSTP9JmtinH3Q== processed in 73ms
[2026-08-24 09:13:44] [ERROR] [api_router] Transaction payload payload_hash=+CF7hPwAyxwE7sNqyAIZ/H4IYQlaKi5j2WjPqssgTYiG9VX7AeeThPyCPk59AAgmCxm24YDlxLPNwlU507hOUg== processed in 228ms
[2026-08-24 09:14:33] [INFO] [db_pool] Transaction payload payload_hash=BYuB4SoekSwPiepieTMqiPHcCEI/jycpdHPAqsZ4ALrKBuGh05Va+7FZDwSbQle1VX6spAdHZMopF1nWG7Xvwg== processed in 449ms
[2026-08-24 05:06:14] [ERROR] [api_router] Transaction payload payload_hash=Ma7tbjp9HiOAd7/CV5WxC5tyTpzjra6gTDh2vq6Jr0IuG418egxaO2OpEwA2H77lKJtlWWoljkdT9xHgPmxkOQ== processed in 318ms
[2026-08-24 06:43:31] [DEBUG] [cache_layer] Transaction payload payload_hash=k6m0mzhUU9pDqxK8Jos1Uf6MuB5+kAWN4LxzPn5Rd+jkQZZxcIKWS9CTiYD+wGe9Lt2H++6HNcEO8nXusng1qw== processed in 495ms
[2026-08-24 09:30:35] [ERROR] [auth_service] Transaction payload payload_hash=Glpqs42oxewNddfwX/te2xUB8dJgG4FQ0vqEqdDDUmAv/1PqBjIDJ/5QSfvNlMhzggYYay7L+0Hi6w/VTFdX4w== processed in 305ms
[2026-08-24 08:48:08] [INFO] [db_pool] Transaction payload payload_hash=jVyvzcWiMyf7gRVQFovrDBefBQ4V9InCVxteFCdwTSEYKk3MMEG5SwdSffS6aYlUzo6puU3B5xwlST2GHp+wAg== processed in 306ms
[2026-08-24 04:46:38] [INFO] [cache_layer] Transaction payload payload_hash=FlvFJYl8UqOZtOoILGZd7lvIjf1B8GiVQ4v/+b7SG7m4a5jq/+SlmXr5XyMsLg4CoqKCd1WGyWrt1PH0YPWVSQ== processed in 309ms
[2026-08-24 05:00:49] [INFO] [cache_layer] Transaction payload payload_hash=gVO5hu+r+RBspZVtPyGQT1CGoRic9ZmilSgLty0qYzhdJ1Wnhg6X8mZ3j1pfj85Lp9luYLIafdrZWgATwuh4+g== processed in 486ms
[2026-08-24 09:44:33] [INFO] [auth_service] Transaction payload payload_hash=02eM3S26d17Llt6oUwoEzB7OQOt9rD4whD2dtulRaiCN/MpR4AuYyS1exQTYtaDcw3KifGLk22ljLdbQUFxtHA== processed in 377ms
[2026-08-24 10:07:30] [INFO] [api_router] Transaction payload payload_hash=ZwR6ZLV9CHA+1cAPfeJ+JG37MtLEDyvGylhzMr21xpvu/CinSbhiw+PAbPZLdDp0ACeOiD3QrUdd9LKadTH9og== processed in 129ms
[2026-08-24 07:48:07] [DEBUG] [db_pool] Transaction payload payload_hash=drZY0+iiR4wfBar2LgXAyCbw7/67F0EbU+Oy2isFOvN6HuN4lPOJ9zbC5UfLcB194QXNKHvMhAO8wbUVarZ0Vg== processed in 275ms
[2026-08-24 06:30:42] [ERROR] [api_router] Transaction payload payload_hash=hB0XEVFS7e2cUtLCc00W3Ie/tbnBUpUCz7N7WEej2a437GWfNY/Btq2E6qV15zypcJqbL31reDmhwP0m7z+7Vg== processed in 80ms
[2026-08-24 02:37:04] [ERROR] [auth_service] Transaction payload payload_hash=FmasQKFAvPs17jwNOmrSwPKQY88C/EEX4spYNu7nuW+ayYhN7PTDN/OQmSANHyWwGbT5SMMpMKvs7mCOl8141Q== processed in 374ms
[2026-08-24 06:27:22] [DEBUG] [api_router] Transaction payload payload_hash=gyXP+ElxhyhlJkIXf/hkiJTkJ+D9mdoWEnR9fxY1Ys55wYLgUDIVBe+4xjomyxE6ePNR27AhM6RtmDChH87bSg== processed in 20ms
[2026-08-24 05:44:01] [DEBUG] [cache_layer] Transaction payload payload_hash=/P0oXUAfPcLkhbdjJqHQn51sgKK+VnJiev/Wq8XW98IX6XP8bgiUGOV6jT50oT0DvuE6lLQ/l8H0d8euSUNFbQ== processed in 437ms
[2026-08-24 06:07:06] [WARN] [api_router] Transaction payload payload_hash=L2DNTexvxAGz5uV1d/iYve51RzAMcf7tNG2wdLgf7fC1y2HoETsTfFJf6mDIOBRXe5kHWWJM3MVOXgZwkrQnAQ== processed in 312ms
[2026-08-24 06:48:14] [ERROR] [api_router] Transaction payload payload_hash=jmeDQEP7/TX+4c6exPfxVWM1IjlQfcTBKLP/ilzfYtoNSViBbU5uLkIJX+Pc0MKg4VxAPzVSlSLkrmG4QibKlA== processed in 121ms
[2026-08-24 07:26:45] [DEBUG] [auth_service] Transaction payload payload_hash=dTRGE0AD35qtbrDMXA5C5eTZwk6tEGskwvS9CWVeQJRghgkgbaDETILdlsyzZT63nEY2mawkXoGdwvA0m16d3Q== processed in 259ms
[2026-08-24 05:23:46] [INFO] [cache_layer] Transaction payload payload_hash=Ivk6aEg/wTtVR+PTjf1Oml4r27Die1dfWsibHAx3Gl74hwt67DQr45UCwH5VO/t1SE4+BiWK24E4ZNECJ6GWag== processed in 299ms
[2026-08-24 05:03:49] [ERROR] [db_pool] Transaction payload payload_hash=FrMeabtZGdo1QYGVMM31WO0b64atzBeh9JfAdwz0rYYTcx3t61RHM0sDsUP+zJdkGg3h0K5csRrAlzQc0QuwUA== processed in 47ms
[2026-08-24 06:56:24] [DEBUG] [auth_service] Transaction payload payload_hash=fClchGVUI1k0gYp38pu1LIJjpscNuX/tIEr0dM+6BcXA39xBjWiOhB5uZcp7e/qwsmBLZN+OtBu6Ij/XU1RNCw== processed in 343ms
[2026-08-24 05:27:30] [WARN] [db_pool] Transaction payload payload_hash=zEeShtFuieEkRKMdrZSnj4/2/qDfJ4wUCdVGW08sJkb+9UHycyHckDiJBHpEiP5iVbDeFcNHp0X285igc34O2Q== processed in 93ms
[2026-08-24 10:09:45] [ERROR] [api_router] Transaction payload payload_hash=6zF2SG8XSE7QqHAh6KmBk7cxKIPDqrWVgbpZAPOG15eQdSsvaa/e7JK/otBj4Oljtp9JuSY+seqhhpOjaLFpqQ== processed in 445ms
[2026-08-24 10:18:49] [DEBUG] [auth_service] Transaction payload payload_hash=MCt4LZaThCO1RqJ/GwI7DN3kjMDdP1bl6NV80VQARtsW/3GuYwHUUPOSJWwBihS//NxUdTjL86zqigmVKC67yQ== processed in 467ms
[2026-08-24 06:02:13] [DEBUG] [db_pool] Transaction payload payload_hash=YbggbuzuqEByoW1zkiXC2WC5iBUz9WjiqNqX4bg8V0wZB5j19aH8ERKl5LhUrca9nZ+qPUep8lYO86vvM9ttAw== processed in 209ms
[2026-08-24 10:24:57] [ERROR] [auth_service] Transaction payload payload_hash=FBiYCEj0TRbQY6HT+0GUuGSTq/o5Z7cKF/8ILPEUYGH075rYUz2dZQSUWP24EpeEVxNb5Yp7GdDNpJ7HyE7qdg== processed in 181ms
[2026-08-24 08:49:20] [INFO] [auth_service] Transaction payload payload_hash=pzzep0Lt6d1j7/bhJ8gNlqVmPPi+uZ8w5M99uMfyUwg0AfU33Ywl8EctSUfjzmwdMiWM/UGHQwZ0oyth/ftjyQ== processed in 254ms
[2026-08-24 08:53:26] [INFO] [db_pool] Transaction payload payload_hash=H0o4pZ3aKRUqD/cwS68jDVjhZa5RqJefCMnyjBN3qYGkqwJiNpxRdxhSkouGaRfW8o1xxUxJIl7bO4K7Lbv0mA== processed in 393ms
[2026-08-24 05:48:38] [ERROR] [api_router] Transaction payload payload_hash=Brx9/4SCY9y5c48bxnifpJVsfPI69LTUUtvrqtXVjO8crgd8beF75paIeOSeAvpZIc84qnzSYkmsvpW0xwcZbA== processed in 88ms
[2026-08-24 10:56:41] [INFO] [auth_service] Transaction payload payload_hash=ncx3tbWyASL3Iei4JtnAULlExmL8KuqdNuqpPYvienLHUDc2eFDYzUnHWQ3Wwg4WqZYstf4QuP3fmisKRZXDQQ== processed in 486ms
[2026-08-24 06:44:33] [WARN] [db_pool] Transaction payload payload_hash=nLVZiYDPAQ4UsVLuTruBehdJ9p9XfoH79JRuvBa9BcZIPJwwXiWRVlD1ryo+kpJwSOA5fiwBNk2r9gZO0Z6xnw== processed in 142ms
[2026-08-24 06:01:08] [WARN] [db_pool] Transaction payload payload_hash=xwRnf3kzUC7h46RrHokcHCgY1u5LA/HIOURq8KJYuot9okVFZ/CopPM24gmSKdJqJ7sSmHTbh66mU/927zMX7Q== processed in 307ms
[2026-08-24 03:26:21] [INFO] [auth_service] Transaction payload payload_hash=FZFEYhzji8UmRuz82MYqaPsnolUxprAa7QfYT1djEU5Z809+pLp3YXdx+Lherr6a4gKCWOLm5xnjZhiQOAwwuA== processed in 19ms
[2026-08-24 09:21:29] [DEBUG] [payment_gateway] Transaction payload payload_hash=/s0oNiIEaDJvzqJ+ehYSgLiig4lqqOZrRFjfYQqV1b0j7RSLr+0+OCyU/5KqgU3zcIcHMefw4GZIPXjO0dHwOA== processed in 21ms
[2026-08-24 08:21:49] [ERROR] [api_router] Transaction payload payload_hash=OK3f/wlt/s6eG3zjhIyApzZ9l01OGDSxSAY6Du6CdyCIT4W25slIV+y1l7YqiiWZZ7SitG/SRzIdPchKwyjqmA== processed in 176ms
[2026-08-24 06:06:20] [ERROR] [cache_layer] Transaction payload payload_hash=UPzAMZyPHU0vSFvZXQfOmN75ZcW8fj+rR1xM3sBrPF5+ll/YmFO8GSlBvGtRpqFPvNm/VVKh8vYSbHMwA/Lu0A== processed in 343ms
[2026-08-24 07:54:42] [WARN] [payment_gateway] Transaction payload payload_hash=rhX0OrzH1ugkmy8T96zKoTBIoSfhObLJxBkNU8gtZgtvsgv+4rHZCezf6DJPjELYwMo+adTppwZGmFaCUgX6vg== processed in 349ms
[2026-08-24 02:34:14] [DEBUG] [db_pool] Transaction payload payload_hash=dbJYU3v99pm/jhhLVacp7cFTxw+7VdV6fO6fNfUFgHYhD6OZZ70NhDlZgQkMp16DQdXmVaIOp1fZdmwcRA2XLA== processed in 43ms
[2026-08-24 09:45:00] [INFO] [api_router] Transaction payload payload_hash=bAjLPhNpBiAOw69Gp4h8b9WXCVm4dvZLP94iR5xyCa388zefF8hpfIUE+DI4EBgRvIhdp6UHt4zRyDh6UBS3Ug== processed in 488ms
[2026-08-24 07:00:37] [WARN] [api_router] Transaction payload payload_hash=hErSjbosJRT9DicnMjyReXOrT46vHCQkHDOMpWJ/mBEHCYDLvEkX/fVmmzCCH9HkF2M7H0JhpyE8FbjIehhywA== processed in 304ms
[2026-08-24 05:36:08] [WARN] [db_pool] Transaction payload payload_hash=nBTxS6kpiFXffKEMiWM9CP1YLh8GJuRvhqCa14gWWXW0odqAb/YgTqkPFrPeXwhFJlArF3MAGS6Tk4cC6NOSLA== processed in 459ms
[2026-08-24 10:22:07] [INFO] [auth_service] Transaction payload payload_hash=oOPunBR0I9FWweBTHdVoyb7PJc5g4cChMzaC5H2EvMBoLcrpbd6fCnhfYcLSWaX6j0MqPiJmbJnQh4QfHgcx+A== processed in 301ms
[2026-08-24 10:22:39] [DEBUG] [api_router] Transaction payload payload_hash=qNHwz6Gwn2XswqrPBLL+iN5SBEAkv0k9zlGJ6hRB7JQg8xlvcaCDbkmEwEtXj64fswJq0njyOogvSVumBqtS5w== processed in 212ms
[2026-08-24 08:24:49] [ERROR] [payment_gateway] Transaction payload payload_hash=tVERGO8sfGiUGc35JJ06oQyV/Ymj9nGty9uWX+mAd7pUPykRmxXxLgvjH87LO8uBKiOoSsIiRxS2p/8X9ds4DA== processed in 347ms
[2026-08-24 05:59:52] [DEBUG] [cache_layer] Transaction payload payload_hash=jRRgKScmdnp3L40cS4s5goV/HKfxUtG12tziqyfnkTsZPXLXvvQMdruqx+bzZv6eFKZPs6Y8u3Ff9G5oIHxEcg== processed in 390ms
[2026-08-24 03:00:23] [WARN] [payment_gateway] Transaction payload payload_hash=naeuH/yJpAZ7Fw2echQUn22ip8DQIFT96xFkNj2az5HL+46LvwN6WzBrO31uQwym8VGp8Rny+JBfSlMclVS5rw== processed in 126ms
[2026-08-24 08:00:41] [INFO] [db_pool] Transaction payload payload_hash=KQw898FJpA2NKfgKfDSRdA7A0eZ0g2CUG95g2v6QGPm5Hrnj6qKTqGau9hnAhXiGUqTYRsdO4u47nyFmREr6iw== processed in 168ms
[2026-08-24 06:38:26] [ERROR] [payment_gateway] Transaction payload payload_hash=pdSmDSS/EScqVagz3CYO9ozpoJ86m2bBDmxuFitXhYVhRT2Uzi/9lCF4GWQ57cCIizyOu4ErTQK0+R+MNHeDKg== processed in 156ms
[2026-08-24 07:44:49] [INFO] [api_router] Transaction payload payload_hash=vpabN2SaOPuSVt321ASc0pZ3F7F7XyfIQuFkL7YvutOEOPib04T1gArNnmJVKPoK7F2Nc32lDvHUPQzcsWpQLg== processed in 132ms
[2026-08-24 10:14:48] [INFO] [payment_gateway] Transaction payload payload_hash=XvKqp+jYVmqMbnvh6PEEl4MZOfUYk/p8VZLFVyemf2EzaJiHP/0GCGAFkzrmQOEGWlvHd1m7U/gi19DWlJ3b+Q== processed in 17ms
[2026-08-24 04:13:14] [ERROR] [auth_service] Transaction payload payload_hash=mwzTez6q/O1tblnvpsoAxtqIaTuPTbnw59+kZj10ApQ4uXk/lRyLiXccyR5jeMrfZ3svB81Q/N37nMzat09VZg== processed in 103ms
[2026-08-24 10:53:18] [ERROR] [db_pool] Transaction payload payload_hash=rj7484wHSEohflRvSE8bovUBBsGIiVuwpkyT94lA2NuHbz0LCmC/aGiNfksERkvLT1YoosgvHnmoTpJDk1PKaA== processed in 123ms
[2026-08-24 05:56:04] [INFO] [auth_service] Transaction payload payload_hash=Zul7UY3gR43qUyXDMOcYg0F6AWPoSvPjLujbGCvRZek7nyS/uN10x5PqaStBvCgRwlDnT0y9WS1WgTigzPIxFQ== processed in 250ms
[2026-08-24 10:45:12] [WARN] [auth_service] Transaction payload payload_hash=ndxiaNUTATe/zMAcW9Gfj5D2OvDstw09d/akzeEwo/4DzdSpUG+4KRA1t9QQZicz2LB5Ugczjc1xMUQQ8yVB7A== processed in 106ms
[2026-08-24 06:55:15] [ERROR] [api_router] Transaction payload payload_hash=5xHQp5C9DnZ6IqKOhkhOUPZ6BybhQEqVzcXMYIKmGlpf0eiHAHB7qOF9FetX47DMWjo+TgoDPOCB2B1QdmvFwA== processed in 310ms
[2026-08-24 07:01:59] [WARN] [db_pool] Transaction payload payload_hash=m/3aCDsMhWKak37JQ0BIiM4WTcnTxT6Kj5YhmP1qDGshle8BQkPO938vQWgid50c8Xx+72UtVsxtHAeODPlSdg== processed in 433ms
[2026-08-24 09:59:51] [DEBUG] [auth_service] Transaction payload payload_hash=AIdz15ohzXf4Pf9NdJKIQzxFU3/meB6TbQ0oeZRcGxECX9X13oXOTHaN7s65WNI5kHQ1rAo0fJdfXw7mDvohGQ== processed in 337ms
[2026-08-24 11:16:26] [DEBUG] [db_pool] Transaction payload payload_hash=OCqm+aQpwQbh9y2Zh/pJnK8xldJmLdvhEaSDln8+l7vv/e5goUl9ZLacoK+6bo8P5BOdUAKt1BeldbtbqCn19g== processed in 73ms
[2026-08-24 07:23:44] [DEBUG] [auth_service] Transaction payload payload_hash=ZMwnQLW1IrLrQCDIJJcty5r7IdPEMAKjFSbuNO2YYfZ4I45cpgYSO8Ggm22ylGJ+spx0HPEXjL+iUidiIzTFZg== processed in 359ms
[2026-08-24 10:33:14] [INFO] [auth_service] Transaction payload payload_hash=p1QQJhi55DLAq+NeK/0aeUhCOhIsarQUgXvRrCar+PylSJ5Ogk/DHmoKzD/RRPRvEAL3zvb+LUsQdVAL4gVysA== processed in 313ms
[2026-08-24 11:15:20] [ERROR] [payment_gateway] Transaction payload payload_hash=zZVM7tr5/93aYQ4gjknzBrKI9Bo/lza4pMb2+BnA5OXnV7H/F6yMepQwVtob78ePFBSLTDzUBKEOZYvARo3G+Q== processed in 41ms
[2026-08-24 07:44:42] [INFO] [api_router] Transaction payload payload_hash=kOgp2Uoh4ntRTS77lA83XEr0lNAc/zwlkNk38wiDjqi+jXeeRWEbbqYiRA77Ls/n7QHy0WwGajB/mu+Vb9u7Jw== processed in 101ms
[2026-08-24 08:00:34] [DEBUG] [payment_gateway] Transaction payload payload_hash=w5bkXCiO/f1qPbJhYkdbshRjZS+6ML6m+zW5r+MgXvxf+MpIKkggVIectX/1l3oEOkT3TT0vEP9nw/wq67tg8w== processed in 133ms
[2026-08-24 05:16:08] [ERROR] [api_router] Transaction payload payload_hash=AI4oHv7q7KNE4KQdMZrg7rcSvX5XfzsgPPOxeOj7XLeIVhQ6wAt2BzgXf0cw32aSbw5AxDB4j8WhPYW2IjWQRw== processed in 439ms
[2026-08-24 09:29:58] [WARN] [auth_service] Transaction payload payload_hash=MdZqqXk6ehig/6LhRccQnxBOSe5+ZSrDc+/EX58iLp9906db0vSYoD9xX6zCA7L50QNS/g5z9/iXcz0blIEOEQ== processed in 196ms
[2026-08-24 09:23:41] [WARN] [cache_layer] Transaction payload payload_hash=9fYHmN1UGkkIxEqM/87Px8WfBcOd5VzL4xET6RTJ85210pzhgAkwys7S2gUH3orbQswpDKGkv8vGtfAPmwCLOQ== processed in 485ms
[2026-08-24 06:55:05] [INFO] [api_router] Transaction payload payload_hash=iY3vBp2jf02ZZomyfzoyde7R07kaELDx1xksqeohouSA9RUEtyTtNlMrwZ6r697GVDauqdX7J+i/M6zgyily/A== processed in 80ms
[2026-08-24 07:27:22] [WARN] [db_pool] Transaction payload payload_hash=Z1JSEGN1N6dMD3ksxi0j0M5bnDqjhyxknuaHgXd54C1LCzCfxl+WuYsS1CMFNo8/j4BU5ivy7kJDg/vzHDED6A== processed in 268ms
[2026-08-24 04:17:12] [DEBUG] [db_pool] Transaction payload payload_hash=KO9a4R+Za3I4Zs9hUabYoAudO/HpuYVeFWBzOMJfc/JPnS4UV5gcIl/MmHoJ47RZPnVcWUW/4dsEPaT5BZw12g== processed in 246ms
[2026-08-24 05:59:12] [WARN] [auth_service] Transaction payload payload_hash=1lmeXmiAkMAXXn3xfLq2kkqWB163FtC+s99CGsho66EJE1qWHzn3eYOcl9Zhky0Kkd5bgGEYCkLH3FeqIiTGqg== processed in 12ms
[2026-08-24 09:46:02] [WARN] [api_router] Transaction payload payload_hash=j+9GirHsn6i3hN9zwd9rJ22HBeoEDYiR7rnLXhhN5yshfGm59PjoDz0wEO0kLdPSWlKGDVK4PVKxOs2QK0LZ0A== processed in 273ms
[2026-08-24 06:41:07] [WARN] [payment_gateway] Transaction payload payload_hash=6LbbI3PoPZbPVSUaljOiOG0njAZ8Gt5GORDdsKsLg859S3Ti0+ObDPBDO3XQauBNZysmfNV3bs6oFiuDJDc6OA== processed in 28ms
[2026-08-24 05:12:32] [DEBUG] [cache_layer] Transaction payload payload_hash=qUnJm49lCpk/mHx3vgnqXLVgrOtnmhMRe6qWu+xHE524SpW5ViYTD5QAT755pUbBysid25EL7tWrJnI68pURmg== processed in 184ms
[2026-08-24 09:47:35] [ERROR] [auth_service] Transaction payload payload_hash=Zyhn4a1d3YgsvvDd4HUx6sWTDTGx7gIaVo1cJaIwq63oUCfZzuzi5lvEXS5g4xRd51iBOU0hJtYJ8RjpurMoUg== processed in 77ms
[2026-08-24 09:33:15] [WARN] [db_pool] Transaction payload payload_hash=IbL0G6Y0CCQc9QtQP33KymJxd2uIP3Abn8MmmqQ8WPpfg5c85s7SJav/IFEcFfJEq4/WLWUuZLYG7jy3fFDyvQ== processed in 93ms
[2026-08-24 07:45:35] [ERROR] [auth_service] Transaction payload payload_hash=nHkSPj1fRuXP4wqkS8doTHbIjKddQwUCkcrxHEpdALMUS4opnFEnGymGIGrCmToA8h6t7qM96LanbXlo9mFCKw== processed in 118ms
[2026-08-24 02:44:49] [INFO] [cache_layer] Transaction payload payload_hash=RABKdlCpStC/bL5wC9C9MLnBPXaU+nx0Fw/WyLXzGSdiug1MmKJ/ouIzUrIv0Hrh+ml1FhxQPoJIHaEinm4CHg== processed in 196ms
[2026-08-24 06:32:53] [ERROR] [auth_service] Transaction payload payload_hash=5KmytjEzaoAaMJKcjohaEUv9Ymri1rB4cIPBtdcdxSpCxQqWqeBRZ8lXInt2A1FaW5+BagRKU/g1k0sqNbuJsg== processed in 429ms
[2026-08-24 11:01:04] [DEBUG] [payment_gateway] Transaction payload payload_hash=I4eP+oeR1JrxX7DZo1enmlta7FUI5GqGY8CwUt/KhDbyn2OOtPsc4j48eA9ZleR4yEI9OkcxvUyiDIwlErqxUg== processed in 353ms
[2026-08-24 09:50:49] [ERROR] [api_router] Transaction payload payload_hash=H0Zelc+V3fIEZ89CLr8WWIxg5ow9ATmnTzehcNnA9NSAdHJ37UrV8W+wItXg/X9EqLjtrOTrUSUXb5khsdtICA== processed in 390ms
[2026-08-24 09:06:28] [ERROR] [db_pool] Transaction payload payload_hash=whu1qBNJPVJdHJT5ZpgziQ3ypUgl1XX8GN0SiA+ovR1qJu6U06D3+h0XKC62HRjIa+CmF2QymyG70n+jiwVrDA== processed in 389ms
[2026-08-24 09:02:21] [WARN] [api_router] Transaction payload payload_hash=BVLQc2IJ1gB4rAhYFN1hNWRSrY13UlaYM9bwhnV4kvHlsC43VQX0TQiC8NnI9ufhA8xY2BE8nlNTPJFsNmUVBw== processed in 487ms
[2026-08-24 09:49:53] [INFO] [auth_service] Transaction payload payload_hash=yg0wfSvQv8oaccVjXFYtQHv5YMF40lLAqGvrzmZ2Fa0YEzbHTWaxP3M6RE4r0Ko6/4w5fXg+OeRherymVo/1Vg== processed in 331ms
[2026-08-24 06:40:08] [ERROR] [auth_service] Transaction payload payload_hash=yHMK7ZtWWA44NDgw+ExZaC/z5e7rDVro83DxQH1swJA2m950mMhQjh3LWy84GgD71qPk1yLiOQwLktFtNLsQxg== processed in 474ms
[2026-08-24 10:29:50] [DEBUG] [api_router] Transaction payload payload_hash=PuMKP6ikMGBdGlfD7rah4qIrU2/Fw5RI5Aub6J6NmqrXz4pnh3iYfmP58cVwfIN/3LSYsSy4W4QfXr5sa6z0sw== processed in 396ms
[2026-08-24 09:25:34] [ERROR] [payment_gateway] Transaction payload payload_hash=GJybm/4rcSBz11DY2GEyeen0UQs2ISt0D+G/Hlf5EhtPI4++jbUvWO+qJCYMVtNGGsYVRN10LKdqlmPHjjQuFA== processed in 22ms
[2026-08-24 06:49:06] [DEBUG] [payment_gateway] Transaction payload payload_hash=MCC2eBC/bsuZ/aUDubsts3T8IdQH/uROx+HrbIl4Gk+cS8cgjuwjuyADaiE/6Xj83M6EvYZgeiTQ15ozBW6qOA== processed in 79ms
[2026-08-24 11:12:21] [ERROR] [auth_service] Transaction payload payload_hash=30hgky8lf7AkQq+tOJbBkIyQjLSelVUQMOd5nABv9u88kmGO9149zxNb8Px9r2UO1QzlDxGi/NQDwAsEBWgrDA== processed in 318ms
[2026-08-24 08:56:33] [ERROR] [db_pool] Transaction payload payload_hash=xh3pY4Tter/5wtX7d2Ky2lbXAIe7sdyzYDmWDKHWFKgoHkUsFqV9jsClVg/LtMdEcJun2sjoU2bmSGoYUYEoCA== processed in 369ms
[2026-08-24 07:15:13] [WARN] [payment_gateway] Transaction payload payload_hash=bQ43hcdpwPbjjfe7fGIOZ8AyFr9NnbtuukSDIILt0xfdHrnSEuxA6ixu1mnOm9P/Xg65oc6Jby/18FX6eyVEsA== processed in 490ms
[2026-08-24 06:16:15] [ERROR] [auth_service] Transaction payload payload_hash=N+naQhH4W3HSVI+xtTMNZADRYNtLwSzaTMpfg2p0WN2K8GkzjysmnpRv5729Lyt4Yxur3pXAkRv02XQqIelQ4g== processed in 359ms
[2026-08-24 03:04:09] [INFO] [auth_service] Transaction payload payload_hash=ZmmiTvcPM6Gn2UmWu+rC0IjYVuU+kjuNATp54jcmWIfz8nTV8IISjQS+TkxZYVlOIJDQOxUJrZcPEJkCPafcLQ== processed in 462ms
[2026-08-24 03:24:59] [INFO] [cache_layer] Transaction payload payload_hash=YM4iJmyd/4/rWBAK00cwCEJZ8WTk4Adpev+kIF1Ss//x6wN18g/Fg/byT4xYyxfElH63NuSxaVl9RZ3EwhwnRw== processed in 453ms
[2026-08-24 07:09:08] [DEBUG] [auth_service] Transaction payload payload_hash=cIsShK/S1TPXQ7pCVurtUVV29m3fPSY/voZiem8LgmiH4nOhuYdaYS4FnHOdBaDKTo3KRvHZQ8+N5ZmdAPPUTA== processed in 172ms
[2026-08-24 04:22:15] [INFO] [db_pool] Transaction payload payload_hash=YPim5TS81/gxncPJ68UXD/d0DDsOjy8OJokqE8QG02DCkYllEy1wa2QVrc/dmVu3tj56DWB+4qQWqLrM8e2ZRA== processed in 296ms
[2026-08-24 08:57:07] [DEBUG] [payment_gateway] Transaction payload payload_hash=Ckammc21kZ5EAk2QNrz0aqcjsG37jqa4d41uDvwUysExkMzayGakHgnZYXHo6dbKi5LWz0WoF2lZ94qWwScmMQ== processed in 497ms
[2026-08-24 03:39:45] [DEBUG] [api_router] Transaction payload payload_hash=Yx/v/JSibuC84TaNdeyZS26CJ/r4ivoBYg3JKhdBQHuS/RhZpD1ynLNaRZMRguWALQCNl/TaELGDS7SXlBzYmg== processed in 435ms
[2026-08-24 10:22:19] [ERROR] [api_router] Transaction payload payload_hash=nq600OqW0U/5G5dtT2ZTWa2WwoJSeMGirgtu303+nBlMeiGbCNP94ZFrSFAlEt8oMGQPrDgBVSuPH1QPxkTcYw== processed in 127ms
[2026-08-24 05:31:22] [INFO] [payment_gateway] Transaction payload payload_hash=hB7IRL/kBvaRX53Ov3R7Jh8GXTF0Ysdb/CC5F82jbOgwQXyJeHRIpRmHBVf7jAGimMPJSWjC0X93b3cSaaHRbQ== processed in 391ms
[2026-08-24 07:45:41] [ERROR] [db_pool] Transaction payload payload_hash=dIw19dnoTJMPbh+Fi95jnr3C/sailwofFmfyEFyM9FXTVeIm1TY0py3AeIObKaZUdbou+PpLXy/ArqdcDESnBQ== processed in 44ms
[2026-08-24 02:36:28] [WARN] [cache_layer] Transaction payload payload_hash=JUDXtWWmiNPDG+RyN9KMauPlYA618Xg7m5Dzuojua1w2Ayhbh2q4EwyMUp7dJjFPSh/F/44eMhDa/SOiZjCRWg== processed in 473ms
[2026-08-24 05:17:08] [WARN] [auth_service] Transaction payload payload_hash=IxmPaDtSRskqE4qpXQMZGW4CqKQCofiisLsjM69BYhVw9NHI73SlEOYNP4aI+bm4Rr8v/ldiFdTHOBE/4SZF9Q== processed in 203ms
[2026-08-24 03:26:50] [ERROR] [cache_layer] Transaction payload payload_hash=PsZg3Mt3BNd/Cstt2Kdj682CQOLPlQYKOnSAHJoPr2UNSyMlgYMpfd4auPQsBwYYi+apByAwgFP9l9Fr2SmQOA== processed in 232ms
[2026-08-24 09:03:00] [DEBUG] [db_pool] Transaction payload payload_hash=IwxDoZL/bJ9p8L2x7rjXH9JTCISriyGHhiPIoXoAwsto3X1RWulbtxSsdF15/peVankiWJbKoovV4Gj+xREYzA== processed in 12ms
[2026-08-24 06:07:48] [WARN] [api_router] Transaction payload payload_hash=ARfXIfk5DPrOCoRp3NmP80UYL0I/ipmJgoXSpZrV5lGOFveOKxh9GD8uYUj9R6QMqGNF7vQKiUHKZxFS0lrCSw== processed in 455ms
[2026-08-24 06:05:13] [INFO] [payment_gateway] Transaction payload payload_hash=5Cb9sAV82+y+Cj9Z9bJaOPWJLg9b9LrtsdqM9zasfzW7+Ie+SHNna9GFOCtfnGcDISPJmNYFqy0fvoRkBmIA7g== processed in 115ms
[2026-08-24 02:33:23] [WARN] [db_pool] Transaction payload payload_hash=IBRjfKt1/1G+o2yUEXoD3QF/S7biB0GTCvx5teCrV3ClQG6av/vDxbXEHv96kkgUT/ETXY9bAmd12JX2H/ZwiQ== processed in 194ms
[2026-08-24 07:10:25] [WARN] [cache_layer] Transaction payload payload_hash=Yho8GEvtdMGHy91axsp+B+F+kGlYDaA9tooCu8fTbS8t0w3aiSKFgJihvgxW0gkToJ5CxY945AULjJ55Z7CQtg== processed in 319ms
[2026-08-24 05:12:35] [WARN] [api_router] Transaction payload payload_hash=ub+VhwoN9Tih3602+wIBeBsFQEL4vWiM0nA6pphhMia/gFDcRgocztba6XqbFrZ6ifnpTTdtZZcaVg596K+ANg== processed in 60ms
[2026-08-24 04:55:42] [DEBUG] [db_pool] Transaction payload payload_hash=vHO9a0yIJmJ0Ub/nMrreRe9lszWC9L46c8TdwbX7RgvmsuqbaUBKaknoiiqQr68/IDjoth7vnvyIeT1Vi1Fg8g== processed in 313ms
[2026-08-24 05:02:58] [ERROR] [auth_service] Transaction payload payload_hash=XHxz+daoksnYqR/2JJGjNoVy7hih/YcQbYpyBWTXB5pKVxPZ0OvRmdn4GTNOdsmgtWRPdt2sHslC/+cQicMXgQ== processed in 498ms
[2026-08-24 05:19:22] [INFO] [cache_layer] Transaction payload payload_hash=kYpLHC/RbR2yzWowZi2NCm3kRTpLwcC5vUgLtfYvFBjKsvPZpqQdLkZSfbFWQ2eCmq3p+gULGQ/R+E24RHubtw== processed in 207ms
[2026-08-24 07:08:01] [INFO] [cache_layer] Transaction payload payload_hash=/AkO2d3vzpVyfiGGFZVrv9mQ04SZd0W4ss5BPsvrsulZK54mODh8ZDUMakBumKoNKacxzsHyToSvNkAxKNK+6w== processed in 93ms
[2026-08-24 06:55:45] [INFO] [auth_service] Transaction payload payload_hash=/pavqnBpRtvmVJ5Xad3D4ESk3vFn//ExkJswuqc47qLEacCIpmfHeWogzn85OCgByziDQLU902GnqkNQCfDFXw== processed in 149ms
[2026-08-24 05:53:55] [ERROR] [db_pool] Transaction payload payload_hash=DzR5l+QoqPQPmyVv9OGe+ToapX86kKAsytUP46igUXoYEm30ejzjcLKcODBBUWTGI8gsZBF98fOt72kOE2fkJg== processed in 193ms
[2026-08-24 09:41:50] [ERROR] [api_router] Transaction payload payload_hash=JulGabzRgA35/8tod+qT8pOhgu7Xly9sswYSbcWqsHAHoeDDOq/wH1IjJPO3whIG7eaduZVYSePYsMjF+qxrkg== processed in 53ms
[2026-08-24 04:07:15] [DEBUG] [db_pool] Transaction payload payload_hash=mjbSKcTkQNEV2wbVVbw3r0DMM2FZO0IMzMJRygV4oZSX4QxbypyRyFJdS9Jpakeuumkvh9n8StWWQyn/w0klUA== processed in 11ms
[2026-08-24 08:10:14] [INFO] [api_router] Transaction payload payload_hash=cxR/rtL+G8J7LOzKxEnaAJTYuic/B/Fqu7kbn2W40Bm/hMzLhR8d+/KdvRSrA/XUzSRSLCNV/45TTCBsRnyJDw== processed in 493ms
[2026-08-24 09:54:07] [ERROR] [cache_layer] Transaction payload payload_hash=lyhc2Rty711ou3G7x4Pfzyr+uMMq92WVmoL1Fl+T+NqEXSoRG3yXkWG2H+911zEWNjjsHYYwjup6DtUH+flO8g== processed in 96ms
[2026-08-24 05:55:33] [ERROR] [payment_gateway] Transaction payload payload_hash=3eb/rcH0BL5rOba/pf0CXVxwwVWcwFngLvMSLQ9q/ItBeSgudsdxjQrvYfZXjq3Qb3IqTwHzCKLoqYTruijXuA== processed in 258ms
[2026-08-24 08:16:08] [DEBUG] [payment_gateway] Transaction payload payload_hash=nrdngLH8omfV0wfLXNkLT7Gp9emqELcaMBMJc025wBM9bVBldZknTmE1YJRfkDJ8NbdhQqw0HH7Af1ayIl21vg== processed in 91ms
[2026-08-24 05:21:44] [ERROR] [db_pool] Transaction payload payload_hash=fOWg7T8OCtReZkyrHF9HUOJ+wYPezOg3pIhkSqy7N2e/jwLseceNjcumCUPkAdOVeT84hZytr405MoxX874qIA== processed in 222ms
[2026-08-24 08:20:52] [DEBUG] [auth_service] Transaction payload payload_hash=bmHWsOs48w2u/Gv9fUz2qD/V92Wk0y1xmBCnPqMD4gSQI6F58ff+HjvVQW67ULhZ3jVGL/x4PHhQVjD3mQXKFg== processed in 69ms
[2026-08-24 10:27:21] [WARN] [api_router] Transaction payload payload_hash=TPlEYmjXXqdf3n+9DwdUdXhy/ubbVnR0xc0R1s0LSvGj1yQQB/VrRit3f2uRmKSoBsF+PosT9kCCmNnvgAjAwQ== processed in 127ms
[2026-08-24 07:49:47] [INFO] [payment_gateway] Transaction payload payload_hash=Gy1UZ1yHs5ojKD2OeOkzIcg2kL7Vwl1bTg85Rs++mySQi6CNS1hz2sW9avah2N/1EZfDu9IPRDrdfaMoXvh0DA== processed in 56ms
[2026-08-24 09:09:49] [WARN] [cache_layer] Transaction payload payload_hash=a0v7mzfKmVwAppOEGHdMT18HeWzU8q2LmrIusjBFk9Qm5nAzLkS0DhXSth1tE3XTIDnQsvYWkUrKp3n7HbPRkA== processed in 132ms
[2026-08-24 07:13:35] [ERROR] [cache_layer] Transaction payload payload_hash=WOkN+IEiRFOVZNW1CVKQwSwbmEGg0hs5xYhgaxjYMiWPqr1YHJM288ICcWq4JOhcq2Tj4v1Eaykj1LkSObKrIw== processed in 300ms
[2026-08-24 05:59:34] [INFO] [api_router] Transaction payload payload_hash=fJA8DOVmpCSHnv8MBu+z6Irg/lewgPcZ3rHAb7I0NyKrxweTTLrv0/+GmStqzCXK46EdK2UC8DyQqKAkYLougw== processed in 133ms
[2026-08-24 07:13:35] [DEBUG] [cache_layer] Transaction payload payload_hash=QOXzTph/PcGSqEvNZ4ACpSLKOGM7EkvXsJrgoO3uJg7aJ1T5VS/u31aspgo6e8mZlM5kr58+yNERivRDkkolNg== processed in 14ms
[2026-08-24 05:25:24] [ERROR] [db_pool] Transaction payload payload_hash=P2cl9rGZAWzMLlILoZrbRt+Nkvr3pgF58wVwtOhIMNbfo84ifWJ+M5IkLhU1+WDlqp80YKW4+usiZo71uLxSzg== processed in 88ms
[2026-08-24 08:53:27] [DEBUG] [auth_service] Transaction payload payload_hash=J/Osk5pSGe3nAERYTXQST9VxRXQ3EKff0gHI1fC2gM12RXK4tU9Z+MpoMlUpdd7kqyZtL40rWMDN971hZ3o3Rg== processed in 156ms
[2026-08-24 07:51:24] [WARN] [db_pool] Transaction payload payload_hash=cGoAbI7FHdu5B+qOhAYMg0luLK7f2ACrcgeEUb5iqSoeSQFkLdAeju9MUj1P6kjrTSOXMSoWZZpvDMUhrIaOxw== processed in 443ms
[2026-08-24 05:33:56] [ERROR] [db_pool] Transaction payload payload_hash=gFpjir5Q3DqOJ3olSIfMkgRKqm5v8UH5Y1xqDpzRiung0kXP3qhqGpv+6NWQtZ2MOhfuv4rC3ZuJvqtNujeZmA== processed in 254ms
[2026-08-24 04:39:37] [DEBUG] [payment_gateway] Transaction payload payload_hash=qsVRkgfC13SdScJuYGMNLMPrKAt5veVkg+ftJ/rnzc/liRxxV4LkdRWvqKs3cIJ7YL5GS6GjRyVZwuTUjHYXIw== processed in 18ms
[2026-08-24 08:12:51] [DEBUG] [cache_layer] Transaction payload payload_hash=X0FSp6pJkzx7lDNJ3Ri1RiS4EbmLFVrqp4M7Yl0qFYrNMY0I2OZmub9aWZoT4er1PBqyy+EQ21+TJB/WqQydeg== processed in 440ms
[2026-08-24 11:10:23] [INFO] [cache_layer] Transaction payload payload_hash=BV5WyPnkN+4IseFDTUExWRfG2nPySc+mnUecpRiZu+/jkKnTkK5zXEPSBWEVnDytcAkdpX8QVEK+4wXn5m17ZQ== processed in 37ms
[2026-08-24 04:22:39] [ERROR] [db_pool] Transaction payload payload_hash=ZCwACrOyL9mnUXYo9ypFE30E/j4LARo/Afyu6sDjK9hbcsjjXhRZukiZ0D9i4Sq5JrKLQNCC8jOnluQ8jjNTZA== processed in 358ms
[2026-08-24 11:15:17] [WARN] [db_pool] Transaction payload payload_hash=H0gyIWrAHOd5TGYoRPpZwmoGb3qNb2MhJAueYgys7wMzaRLtHoO0BkKnBBLnFGQVsT+k78m+Z2WNYx92jInFfA== processed in 222ms
[2026-08-24 09:28:11] [ERROR] [auth_service] Transaction payload payload_hash=5v0SJkTdLn9eLvYBBIvrBcoW7YGMHFHy1lVasqzm9ZdHfUaIJsDPvc6JK+GIYlCAhrfqnKZhVsDIN4xtDqy5ww== processed in 264ms
[2026-08-24 02:47:33] [DEBUG] [db_pool] Transaction payload payload_hash=j6Pf3Qk46FiamvjF76CDFoQZejgdelA437FKM5E8JeNNAzc5AR5JNBxkdr7allbzt5H8bA8XUtDPhU3XbC+cow== processed in 299ms
[2026-08-24 06:36:42] [WARN] [auth_service] Transaction payload payload_hash=jJr6ifmbJZdRoq/p0qqeYzWmEMYWixBq/kCCkUnW8XWfmA9NRbJVemep+PM2jG7eolRzban84YYDWcdPrL58LQ== processed in 188ms
[2026-08-24 04:20:11] [INFO] [api_router] Transaction payload payload_hash=1ka+BNZD0/FS7lSIbkelsaxgSC7oV5CmzLLnT6TuBQ/SgXXNIZlyWrQUfv8hSY9JBILCIRA+R79pic4eNTnucQ== processed in 129ms
[2026-08-24 10:14:38] [DEBUG] [auth_service] Transaction payload payload_hash=mQoqgA0/xHo8n4r5BQjRTHw7NLCnMPrpSwkHWmJoBy+u89+L85exQM5fNG1Iv3HCgJII/X57xUyQkz2lv0GaEA== processed in 459ms
[2026-08-24 03:26:31] [DEBUG] [db_pool] Transaction payload payload_hash=7aJhPA6Ul6WY9OfeJo+F9EzsOBT3ulfXrfF9QzZJC0tDU7VC1fiM34fBi+1udSuG37KvnQmr9b7P7+fv2ClojA== processed in 300ms
[2026-08-24 04:37:14] [WARN] [auth_service] Transaction payload payload_hash=NXtp63kXUdll/Nuuhb7lLkKxreA25BYStdVaxO65lGScNYEol6EODyQf1o9zEy1yA8IvIpQvj6UoqJD9dUiu2Q== processed in 253ms
[2026-08-24 07:45:34] [INFO] [auth_service] Transaction payload payload_hash=9+li7JWTV/eh9EEKQbLrQ0uDHOF4Ha4pmDbUvMgYA427pQ3vQBtFPpEIig2SeVYd1w0UrobyBvhKN3dSPvd3IA== processed in 153ms
[2026-08-24 04:00:33] [DEBUG] [db_pool] Transaction payload payload_hash=eHAfeXfsWOMGi0hb5RUbwM+uIIbJeeLZN1suLYBj4Etaeoh5s/WYZoT2MwR8YRNSS1oOk0e2jLQ5997a3ftBdA== processed in 289ms
[2026-08-24 04:41:47] [DEBUG] [cache_layer] Transaction payload payload_hash=NW5YzuCE/07gV9y/SypSFZWFknfqDjGeS1GCIOXlmvzqimPV0qsX1pNNGcNbIpcPKORgu2ReRsRYu66p88yuTA== processed in 61ms
[2026-08-24 07:46:42] [ERROR] [payment_gateway] Transaction payload payload_hash=DALMRmHBHyG5aPnpKLG2OR3qtxxFHSoFJkB8983JszwBlPF3kjBM6+jpg3Fci7hAoi7SVZP3kpHGR0BuR9+MuA== processed in 145ms
[2026-08-24 08:29:50] [INFO] [api_router] Transaction payload payload_hash=kCnQxzCrkVi3asAfgbAcQFDvf1yW80YHlOyengD4X6Ui7U0FE/+F5HHLfW/fEc8GlvfbZByZEYSzGkg+YI83qg== processed in 155ms
[2026-08-24 03:35:17] [INFO] [payment_gateway] Transaction payload payload_hash=D+8O1hEKYmaXX7CWNrIh54Rb2GBQ60EfSqMHx2z+DOIxKrGIFM92u844D/XC9PekvGgFHymgzzTnPhULMzMJRQ== processed in 333ms
[2026-08-24 02:35:30] [INFO] [payment_gateway] Transaction payload payload_hash=R8++xbwNQxABtwG2/jhIzDOWjh5MykKSzpLlkH/ZnAxCqcKZ0aphi17+H8X4nvbQ4xOw6tSSp9LOJgC4A85HxQ== processed in 197ms
[2026-08-24 04:23:27] [ERROR] [api_router] Transaction payload payload_hash=4BJpnND2S93a12c+vU3Fu9mCFEEq/9DxJn1I0Ja4EYUMZ4nYcv/2Y8Nb7j5u5dzBrbXtcFvba1GJrHlCeKGPTA== processed in 230ms
[2026-08-24 06:09:00] [WARN] [api_router] Transaction payload payload_hash=pp15zJRVY/Mv9ZZuNPp+tKrPqubF8rWQ0Ybgx2W63I1MlqJ44I7YrXeF8nml/sAKfSeYzyd6gD0/1kW2pb/Q3g== processed in 62ms
[2026-08-24 08:54:52] [DEBUG] [api_router] Transaction payload payload_hash=I+vnmyCHn44QNsX7vzfBvuHVbSETF7+JnkgBRO2345RMYG91yyKZq+vlVmM6TjxSmuN2ZhbnLBVBqYtY0ZRBkg== processed in 38ms
[2026-08-24 04:01:37] [DEBUG] [api_router] Transaction payload payload_hash=jcyO/QjwLWfC6oCWwJEZKmMk1Kvk8u7pldWVu9cUMcI139psbMFTkObzdXwJNQDnRQKGPn4tvxhW+kHLr+YLGQ== processed in 431ms
[2026-08-24 08:52:10] [INFO] [cache_layer] Transaction payload payload_hash=XGLu02r33kMQ+fbfzkfc3KiHiL6DVLPpgSYt+7C0/LjxRHLy0Gjv6m8VhHJkHuh8nOkNJ0pxjPacn4KmbMLZlQ== processed in 131ms
[2026-08-24 10:11:45] [INFO] [cache_layer] Transaction payload payload_hash=WMLykWcxJmgITxeEqRGTsM8Yu3J9txQxCuuP04vWrOsVEpvOdzTtO12N32p9H2/Eo5l1PdG/RxaZqFikpnFvAg== processed in 411ms
[2026-08-24 04:40:24] [ERROR] [db_pool] Transaction payload payload_hash=JI5rB25eSi3qTtXc567Zu5eprac4zDxnwzilx1oq7/pqvGtP3UqORdUU07s5hXWvyhMYMLlZhR8KkbA5BUWLdQ== processed in 59ms
[2026-08-24 07:37:14] [DEBUG] [cache_layer] Transaction payload payload_hash=QJGkMuX27Q1PyjOsLlcvBCaS/Yz/icfhzD6eh0LVPVnIeIDJYUUaIcqvMe01Dl+q253dH5u4aF/xmkQE2p52WA== processed in 182ms
[2026-08-24 02:20:03] [INFO] [payment_gateway] Transaction payload payload_hash=C3Rv+aeLd+FF8xKOvJMhwz2tw/hC/LIv27FQ2nRuvtHE0J6Bh8TFxIC5F/YKPG3rdxpxaRaaOtCIRjd0wMt8NA== processed in 108ms
[2026-08-24 02:41:31] [DEBUG] [auth_service] Transaction payload payload_hash=uE1In8WyG+seydgxgcJLBZb+XuoItgoAvFT9XApDFqil6ubZnkxlBYrsDnxiCGpuh/CMkQyGn79gPtAkwrkAWQ== processed in 453ms
[2026-08-24 09:49:21] [INFO] [payment_gateway] Transaction payload payload_hash=wfBxze6WU8LcwvyGRwZoyqg2oocwZFzS2svYjsqBlup8Y4YEI0RC8Rxcu2u+7qFXzoipOkG9JouGh5nwQIA3Wg== processed in 380ms
[2026-08-24 05:32:49] [DEBUG] [auth_service] Transaction payload payload_hash=JJ8o6JAntzrCiWuh2DbfixGq45vmw325Rkcgql2Lpsy4SvyEnFVE8MuAwjG59InwcFjxL4ehQKKzhbby5HHOug== processed in 351ms
[2026-08-24 06:16:36] [DEBUG] [api_router] Transaction payload payload_hash=xFGrh2Wf1Ib642sZ9lsoLGZ+MXlRtZQs7YcFn7pdNHqTeRlGtQ8kI3kspDJ5d8tcgUjmEWOxaH3f0RWZMfnoyw== processed in 216ms
[2026-08-24 10:46:43] [INFO] [cache_layer] Transaction payload payload_hash=tzCdOizQGQpekQdJIbpsFWOX/x0GpOQo9tOG5syeh9Zj4GY3QTaRJWnNCRDNyheNdDrI5uU5d4NWQvuSDDEimw== processed in 314ms
[2026-08-24 03:20:56] [ERROR] [api_router] Transaction payload payload_hash=TqeJH1Rqv3H5IfA3jnmZzpydUqh7YwQlGPRONJK28N91uWA0uY6mmYbh5AZM3q2QdBpJXFO76ccD0T8ktYsFIw== processed in 45ms
[2026-08-24 07:41:36] [ERROR] [auth_service] Transaction payload payload_hash=er7Ist0J/7FA/iBpD/VPFYWInZC8cUHX7o2i/LA3nTgEwlZvjlEzhgLo3p49RJ6USjpynaCt3FqhdQwNGOvv9w== processed in 35ms
[2026-08-24 03:07:49] [WARN] [api_router] Transaction payload payload_hash=QYS+9m1+RMYy3ZbqgarYyo0l3DhQ6PII4itTwdjrpCCHmYlGt4hqOd87NDuh9DFch+PaUdMyiTuFqQNJNtApXg== processed in 82ms
[2026-08-24 03:13:31] [INFO] [auth_service] Transaction payload payload_hash=uO4qb2/Q9c2Pzpsjgl9SnSvU1mcZXmqe7B294g8xeuxjwSozIBI7HgJsXYPb+OD49olV6dLozzlJS+B3PVWX3g== processed in 418ms
[2026-08-24 04:13:51] [INFO] [auth_service] Transaction payload payload_hash=cFqK64+diAHE10yaHMyY2De3CoZyYCYl4qjDueMvN/JujcysZIErgNBZPwoPJS+vpKTgxUsHEN7dzDmYuSGRTg== processed in 488ms
[2026-08-24 11:22:21] [DEBUG] [db_pool] Transaction payload payload_hash=H+wtfgiMtbxd8w1GncHV82wsZzTQOG5wiK0xehAy5XuuRB55Mcsr6ZQNutQ0GOclQY1RAImP4zX2v7JfePXFwA== processed in 56ms
[2026-08-24 10:15:06] [DEBUG] [cache_layer] Transaction payload payload_hash=wKpGSetp63dIPHjJfM0q6+awsayL1DE57m6K2BXfWxP/N4ie7lBJaUIb+NS8lHTqZZSHaG3ghjr/l5FKz/gIBA== processed in 485ms
[2026-08-24 03:41:05] [WARN] [db_pool] Transaction payload payload_hash=NCK1+vEOGj2VuTZuvdlkqHjLzFh58vpSDd6IN73JIypQxrPjrtvufSM5wgX0UM4r/37ePNoguqclxsukEPVrgQ== processed in 73ms
[2026-08-24 08:32:30] [ERROR] [db_pool] Transaction payload payload_hash=6GGqKkGBzFMlKgmUC2569oz8e3nG2uI//OlG2HwsWkUJMnSbchRyYm133Zu7+SKtoHFQq1tg9ZEksfo6Kv1Iyg== processed in 25ms
[2026-08-24 04:24:33] [INFO] [payment_gateway] Transaction payload payload_hash=FTX8aLq+t0fq7mVn3w/DBtPGMvGI6dreBkS3Y1Wxmh658ZVpXfY6XYSLA8JFp0wFfIXLgnVB+oDKSs9wpN9dvg== processed in 126ms
[2026-08-24 06:47:28] [WARN] [api_router] Transaction payload payload_hash=IVRSVSh8LmBSG0Qci+YVcY3KxjToTfUAlEZQr9x+qm03ScPC73WMzp7tQej6xL0fznGIBIpgn+g97WrTsBBwUg== processed in 305ms
[2026-08-24 05:29:18] [WARN] [payment_gateway] Transaction payload payload_hash=+RWApaP3toiD+2xGxMOKyF2TVAluQyFRvSvGoMSESvflE7cczRLxuRtjkTUMbiwNsu5JYVq41c7b/zlIrO+j8Q== processed in 374ms
[2026-08-24 10:33:26] [DEBUG] [auth_service] Transaction payload payload_hash=SMhrPZ4LyocPr242wSYpq+b0C49kW5XM13mTFD52pE4UAZbHg8iXZi8nsSn4uz/ic+OuAxIexcpHCptBEqTMuA== processed in 304ms
[2026-08-24 05:45:15] [ERROR] [payment_gateway] Transaction payload payload_hash=40b/MvUG3WkHIJbfUouoWTgyzU51TcII/LxbfFcSzOadMrKZV+QGQIKsn9/8w7ONd8vuY/c5j8S0sTmPy0dkzw== processed in 69ms
[2026-08-24 04:23:53] [WARN] [api_router] Transaction payload payload_hash=vc+Zhm1J1f+FYsfKVaiL+xH1J17ggxEiHlbULAvDUX0Q1AfeBzl5GpF3r9skGvXWfalJeUAWvu2Dk9i5pLHMYg== processed in 376ms
[2026-08-24 06:02:14] [ERROR] [api_router] Transaction payload payload_hash=SqomMZ/uvw37CjwNnh6Po+6sPkGKCgvEMzK4iXt2YBWsEbE0eFoaxELIl6TIecoumRkE6xYmh5ZMAwEbxTAp7g== processed in 247ms
[2026-08-24 07:34:38] [DEBUG] [cache_layer] Transaction payload payload_hash=Y29NcMb5VBWmW0fzAsaajQgZFhKJSQ9O2zc2XvIZrVmsLEVzcKWvMJZntx3Zh4CDNBBSq2b+IX4QGxlv3w+kBg== processed in 190ms
[2026-08-24 09:32:23] [DEBUG] [db_pool] Transaction payload payload_hash=PSYJsKyVEmH4vlNY5y9wTFsKCfvajWG1AGKEpxP038h1r588k6cfLulPz27bk8GrBbD9rsEeT3SzKU80eJG66g== processed in 130ms
[2026-08-24 06:05:11] [WARN] [auth_service] Transaction payload payload_hash=bh1PgN/ikxRQUVT945BvkZy5g4qc2Y0sU/E96LRzSHPq8P/jb6VuoWQcgF0R4yoRBVD/pWJKQcDPN4c8DZ78nw== processed in 335ms
[2026-08-24 11:12:41] [INFO] [api_router] Transaction payload payload_hash=ACaKeG+Yx3mdgHwuDKZsCmEB0AqllvXmaK6B05CUY9N+wcL46Q/VFrtEuY+nKqZsvbgynB22bTWs6UFDfqJFMQ== processed in 172ms
[2026-08-24 06:50:35] [INFO] [auth_service] Transaction payload payload_hash=ZkR3irmTlJanNawCteuiq+pMYl+8tK8+yOSzDrTPj52fPNrQkmYH9MR2jCVIbnMStKA6lCx4zAuXEsBirshDIQ== processed in 106ms
[2026-08-24 09:48:16] [ERROR] [cache_layer] Transaction payload payload_hash=CNY5jxT+rCBjfSAe0kBVwqJ0ofODb3MEuiFGFdJ/a/Xwoc72hDaTJCIGvgMzfkRrzDKTaWrj6963OFAUD5DE7Q== processed in 252ms
[2026-08-24 06:08:15] [WARN] [db_pool] Transaction payload payload_hash=Ebe7FYsX8KWMQNAuJIUdYdr2lJMHlmIDZ/07Udvzgvb1hMKOB8KCPiuaLoGuDOlkexpzJL85iPJXAQH/f2cBEA== processed in 185ms
[2026-08-24 03:53:58] [DEBUG] [db_pool] Transaction payload payload_hash=TwY0cKGJNxVM4p2iFVsIqIT7eQW3TcR7kJ9Bgo/g6QM7oAFMu7H8KkNyILu9y7KNFJCZ5twzCdNbvbnJYIEh2g== processed in 310ms
[2026-08-24 04:10:21] [INFO] [db_pool] Transaction payload payload_hash=qCWConvcMCxgxV8CedTbZOWj97OsodUJlLkaOusWTU9N+83RIURp2jGHHSPRoQOVkFtHZcsU8l+YC30vvnEK4g== processed in 276ms
[2026-08-24 03:10:34] [WARN] [cache_layer] Transaction payload payload_hash=ED3meKrQBV1Ie5NkqcsLLK3jn/z0+41+nRKOQi8mYFj+9WrhXwynALzjyYs8ihRGICgXyCh/eiw6J3b17OTinA== processed in 455ms
[2026-08-24 07:59:27] [DEBUG] [api_router] Transaction payload payload_hash=lWdf20E4YakkIpv/o9w6CONpEZANutzSEkkvx568oSVLU/QNIfLUx7QMCmdm9PnbwEVCCfTqpnXKN16Ge0ekEw== processed in 492ms
[2026-08-24 06:22:01] [DEBUG] [db_pool] Transaction payload payload_hash=QoFc0fxh4SbHfNaAxYsIerQ8vNk0uKjtQF08Wi52qWm7wNB+TrP3MMOv0YOGFKPLgNWemwc7+x5Fot8yJY7TAA== processed in 430ms
[2026-08-24 10:39:54] [INFO] [payment_gateway] Transaction payload payload_hash=neR05ScNm6DjlZrl7F0/9HE4xF5iTIrgRq7B6/2sQK6UU/IwgxpLXn10Y1AI3psPixF+z42CNORsU24mu6ElKg== processed in 104ms
[2026-08-24 09:38:27] [ERROR] [payment_gateway] Transaction payload payload_hash=JClSzvV7CEO6mRBAsqEhU5kVasm5Ud+UXjwxQFMprvJs8IJ3EzIB/dQ/IzOHyr3FJpjls4RSV8W05hJHlua4bw== processed in 170ms
[2026-08-24 04:42:15] [WARN] [cache_layer] Transaction payload payload_hash=4erkdGtjWBepoJMWjg1eUym3WOVfOQEIGXPgIZZ5jwGjwhi4GWULUOJ6bQr5e5QuDg5QcffuhKsCPcMBLOOmTw== processed in 419ms
[2026-08-24 04:01:11] [WARN] [db_pool] Transaction payload payload_hash=NHhrLORzlWKKWBAuxZgatxRULXdRnS3TL8M/8I6iAxo6sMG5rS2NR1TqxRzVmRp2SHJKbWUYS7OSKNkl6P4vcg== processed in 89ms
[2026-08-24 08:17:19] [INFO] [auth_service] Transaction payload payload_hash=6jzRajN5/2caMUSiDW6/G3KX8n4FXD6jAxGhiUfYoecjt0VYfCOh0gJooRvEYpLMiCaFSsmc2fwWYlwzJwrzcA== processed in 227ms
[2026-08-24 11:11:13] [ERROR] [cache_layer] Transaction payload payload_hash=YJNWU5aFOwKGVZWGFxctWwDssYf+EZ+IFTyPq8b7TsXB/Ppl9tu0G8QlFwH3TVOua5K11FkrCvvZY10g8u17iA== processed in 130ms
[2026-08-24 10:53:01] [WARN] [cache_layer] Transaction payload payload_hash=TFcqqWbBzn9E8UKzFYmS+unoaS5P+i6ok4P3CkpGQvaIVkSVqOSMFDW4UpUa6DEjKOBxLIzv4PQmfHGS4rYfeg== processed in 432ms
[2026-08-24 10:28:59] [WARN] [auth_service] Transaction payload payload_hash=w3kbnmEcOBFegypP+8Z0Mb442z/2H5p/+wRZpbVaJQHmACk67U+oNoild3DhYpcnf84iFUvjlURfqBT9stQitA== processed in 197ms
[2026-08-24 02:23:13] [DEBUG] [api_router] Transaction payload payload_hash=Q82pOgeR7Mo58gDxIv0XcHztcTiqBooHjaR7bjRXm2MTZucbVlwxyROEu6yOzKzBMrd1NcO4e1P4+aJGerGCYA== processed in 176ms
[2026-08-24 08:46:17] [WARN] [cache_layer] Transaction payload payload_hash=EvzGdAu8cSEg/NYTGOaN8fHLwFBUuTotnfHVdSyrcfqQB8HDEFqODC0nn9wcmkqrFoMZ4fOhlHJ0RFZyYKPFCQ== processed in 492ms
[2026-08-24 08:25:53] [DEBUG] [cache_layer] Transaction payload payload_hash=DrrotafOQtaRB7bXP0POz7mEiIhynffhFnl6feMkizq79KQJetUO9z3qt5to4wvDoa0qVIMuRHsB8DOZliBWjw== processed in 140ms
[2026-08-24 03:16:44] [WARN] [db_pool] Transaction payload payload_hash=EfpMjXsPFKheTz9uqX9X/We8KP5FINOTgCUlqNivIFqRLpeRwFAeFJFQhGoLqQ2u5eLgVsRMXlULUmdc8TXX7Q== processed in 75ms
[2026-08-24 04:32:47] [DEBUG] [db_pool] Transaction payload payload_hash=FIdRWBXzpvMWUeUtcuxdNj6BNskF03ri3+z+NKWx/LHcnIuVhQHh7vb0KLo2NasF3JWZ0j6DCvEuu4UXaDo1aw== processed in 10ms
[2026-08-24 11:16:06] [INFO] [db_pool] Transaction payload payload_hash=TpufIzZceX17rk4sx9RPZu0bw8kFLPl13EBz6fMt3u65FspJ0whOA0lA1RTu3Eru2eBumpQoFSGtekhEUoBVMA== processed in 89ms
[2026-08-24 10:38:00] [WARN] [cache_layer] Transaction payload payload_hash=gF5w0HnDfOClzVeOsyrFlDzf47wjmB+uxoVqEmBaIa9pXHJnRqe2r5/qOg5tg30pqeY3q8YZvvVk3NKGbYYnOQ== processed in 39ms
[2026-08-24 08:49:05] [WARN] [auth_service] Transaction payload payload_hash=VKaoNVYAU2i3N9G9stuKiDCKTDEF30J7P/eTqkVUzMDtl9e9UhML1pa5yjxPfluwmZA0EocQTY3nOVFqdw2Nug== processed in 372ms
[2026-08-24 11:01:53] [ERROR] [db_pool] Transaction payload payload_hash=CDc0PO6ahypqK2Fy+87NAQhizknEDObkU+lF+mcLCh0qTCJp4+wCCQGb+1uTDglWNgBgscBISFcmnkT5YjAJCA== processed in 236ms
[2026-08-24 09:16:33] [ERROR] [cache_layer] Transaction payload payload_hash=BE1lZzuV3R2SVexoIWkmeZfaJ6FPlx5B+gwt7NY60GLiB0FHAmGUlbukRLalMUpEJoJhBSctNS8582Yxaz3suA== processed in 206ms
[2026-08-24 04:10:01] [ERROR] [cache_layer] Transaction payload payload_hash=YDQo7qtzwhZ+F+hzD8nAOZHcKjGcH4hvw9Dn1N6b6Eg6TEoPEOntuVPn58Q9AwKlhPbuTkQdvkfAacu4B4mDWA== processed in 203ms
[2026-08-24 04:12:51] [INFO] [auth_service] Transaction payload payload_hash=0SKOM04Hl1l0DjN+uz7tsGhurnT2/Iv/83uvdp90v+aBu4zIShgB/JIvZdQYuXE2//MArdc46iw7OZq+lYKO5Q== processed in 420ms
[2026-08-24 07:14:44] [ERROR] [cache_layer] Transaction payload payload_hash=DLVQBLMWJi4PU09JirT0Pw8aU323KWYh7Hr/exLsPM3x1/ZE+wNi8mPdpSjhn/U+66I3Unf+ZSINSZuSla13gA== processed in 13ms
[2026-08-24 07:21:17] [ERROR] [cache_layer] Transaction payload payload_hash=OshIDcWgTQu4qYireJtx9Wjc4Nw6AHcPaR7kEOY5dQVhtEkiR0aNc2BbXmz4z5wD3deLdX2+YWSoU7mpav1tNg== processed in 231ms
[2026-08-24 05:27:09] [WARN] [payment_gateway] Transaction payload payload_hash=YthSFxt9X/zHF1JExX//RQR5VXARj6o8LR5XgUfVHgWGIX3uGUqNHAD7URPtjX0JuWDnC/+/Zecyv5RRVQkg+A== processed in 429ms
[2026-08-24 09:18:55] [INFO] [api_router] Transaction payload payload_hash=JYd3E0DVkuyrqQe/sYDjEC7btXXdl0HveU9jA2qdLw88mqpQe3+Crl3h51ghaYS9cJmrjOPDw64M2rXV7j/Ruw== processed in 294ms
[2026-08-24 02:19:04] [ERROR] [api_router] Transaction payload payload_hash=oWwLskXwZh7bnxyUtNVR3mAVglSGnfmuiXxCewNe5DBi24z5fv7PXvAUMtAQfWdeYlzrVL5u2J8CJWVoUJ6I9w== processed in 395ms
[2026-08-24 07:00:53] [ERROR] [db_pool] Transaction payload payload_hash=xnFi9SUIvsdtPITj1FWX/dLaoVkUJszM2Of6c3HpzLYWA0D2RLV75IiP8mRyOth/1LFw80/8JYIEEMtnVbJcGQ== processed in 34ms
[2026-08-24 11:07:38] [INFO] [payment_gateway] Transaction payload payload_hash=8WexmQdSruSLAF7f9Hr+CzmtxIUQUYkDlLsSxaGGh+Cv6ptMyD46yFgQqM7vL1ViGJUw2pCCUDT2egjVf5xA2w== processed in 421ms
[2026-08-24 09:28:21] [ERROR] [auth_service] Transaction payload payload_hash=QNzMOdtjdkcG95v5SxqjBnKHhf/r8Gju8EkW+x+Chly5ZRL/Sy8IBhjEdQCUAkXXAU9mPpHqNesvkQEUXCtApg== processed in 240ms
[2026-08-24 05:57:22] [ERROR] [db_pool] Transaction payload payload_hash=AMcfZ5xKC/CVggNA1nVZM0QURE7kfZVIPVMT6PxnaLMOauJz+xbZ8YBqhIgsfVFljC4+xgSXnkd2iqPdGzLnEg== processed in 434ms
[2026-08-24 03:47:57] [INFO] [cache_layer] Transaction payload payload_hash=ZyvQTTRTEQPIa2MGHuMqdLH8KJZii+27w2zwq5WCYNuWnOmTPG+/tZ4DJIJTCt4wcnW+iU+H0vnzgGfLgjmewA== processed in 80ms
[2026-08-24 08:20:30] [ERROR] [api_router] Transaction payload payload_hash=ibuGXfpM5GHWx0UGeeY274MmB+eYW8zRUnQ+Ux29rpva4Cg4xjSaIVk6l3TBsfDCyv1thsfuKfHwQndmW0WcxQ== processed in 110ms
[2026-08-24 10:13:10] [ERROR] [auth_service] Transaction payload payload_hash=B4bIx0ErgZgHP8MXR86xb8Xv9Te4nyHjK3Ep5BDpKXiwonF4hEkvSQL8K3CdZzn9JFP5Q5Pv1DNIAHJwBhXQRA== processed in 228ms
[2026-08-24 07:44:36] [INFO] [api_router] Transaction payload payload_hash=ZQ0/wreyBaSZIFfknis3D25tf5twhbnZOhnfJZcI6wHSzX2/9layP0vs/uTKJxHNj4VIQ811lgOuw5DQHWTteQ== processed in 167ms
[2026-08-24 06:40:56] [WARN] [db_pool] Transaction payload payload_hash=sCWAr1lHkDa/LcOyf4Qs0C4HON/6ppG+PpqZI7Cd6ULMObbjfjj96+mXknBe5/MqTYN/f9T1veyMs4Si0tbtrg== processed in 183ms
[2026-08-24 10:22:05] [INFO] [cache_layer] Transaction payload payload_hash=XCiVIA1SJOJ8i/gZ4ONLhA6zL7GFB4gMdg684oyowYN4moh8G+bt5VrICMBw108XmBrmFzToy4RFsTpsW1mEXw== processed in 216ms
[2026-08-24 05:32:16] [INFO] [api_router] Transaction payload payload_hash=yclbnOZ6q2xIG/J41PZomCpRLiYYZy98G01Py+Kn/Y44DWYmT86swzxI6Lc11IG+syhiwpddSO+3Xh1ELalLGw== processed in 384ms
[2026-08-24 05:44:43] [DEBUG] [api_router] Transaction payload payload_hash=Ac6ieuMNCovWfPAnzrJGwz+VesjGIshHTHjNYfjpp1cR4C6nOIKxZ3KYl0Y0WGB/SHdMOyJNWdDPYCMM55PXqQ== processed in 325ms
[2026-08-24 06:15:06] [INFO] [api_router] Transaction payload payload_hash=lb1JeKMUWGDuNhhsP24nxI2YjZGoy5w8Je6xmX6jwhB13VMZI6sI3w6/sy4P7CDZDm1O08bkmsMuKy+YK3PKFQ== processed in 216ms
[2026-08-24 03:01:33] [INFO] [payment_gateway] Transaction payload payload_hash=S+jllJa4UDwKhl2RWcoXDCAYzmfbG+ewpPsZ2ojdpBL+5ychERir+NvzxMHf0EWDqQHGCtTtjA0z+Be/mb8f5g== processed in 411ms
[2026-08-24 10:07:25] [ERROR] [payment_gateway] Transaction payload payload_hash=ImFDazKYO7BWLqJgOqplWwYvpvIi9hzWri5WxPplszoh4OnP1tzIRrMCkBKqygyfUjp2tmnRdW22k8UqiXmN3w== processed in 487ms
[2026-08-24 02:25:29] [DEBUG] [db_pool] Transaction payload payload_hash=OSyuUSkul5Psuh3hL6aZG6kQ4Yn8bU8FtmTUST4JQRx72Kt3lCYnQSxS7gmr5tFVLgLqXJ34EyYBL7bd3F0fHg== processed in 497ms
[2026-08-24 08:14:06] [WARN] [payment_gateway] Transaction payload payload_hash=fia3xKe5T3cRu0J7LRFJZSU1SBlBcJzxQQgZErSUwGlr9HUnw1q+OVNfzrfTr2uS1801YA/Q9bt03xSmVMLJcQ== processed in 69ms
[2026-08-24 04:01:01] [ERROR] [cache_layer] Transaction payload payload_hash=QImdhGDd4U8rcS8wvycvXQIvptrZqaU/veSq8zINhgh+heFVeso5mZaeQ6G0YeiQzCBPXk03n/SsdHDsR9/KuQ== processed in 74ms
[2026-08-24 07:24:34] [DEBUG] [api_router] Transaction payload payload_hash=Phh2NYmvFc8GoqgQXHFIrtH0ohnMouR/Rpzjxo0qyphNDwEx86ntYFpUcCkVqXLLILnCkQw7Uj6WJ2/wvLxOyQ== processed in 384ms
[2026-08-24 05:14:47] [ERROR] [payment_gateway] Transaction payload payload_hash=JiPizFTToO+AWVXF80ALWa4Sm8NsrgR/jmg2D95VckHUJolx1pgnw2WAIdcMUkGl5DLjpG1vqRwBKiY3iQYfyA== processed in 481ms
[2026-08-24 08:42:41] [ERROR] [db_pool] Transaction payload payload_hash=VzWvBgeq1NckNM1NORlMe9YxD/dQoBYbVhYlpLpc4sLVXwOaXNOs1QEhULUg6Ie85gZojUN9AyPWkFCDFJiw6Q== processed in 281ms
[2026-08-24 04:54:49] [ERROR] [payment_gateway] Transaction payload payload_hash=v3TZOlzzOXXDNsPAd75JhE3kmAzeh+LaXrvbvTIJRHAVzzQv4/7LRMdFUGvp3GjREHT70bmVpK2mJfExuj+frg== processed in 181ms
[2026-08-24 05:17:43] [ERROR] [db_pool] Transaction payload payload_hash=8lOlQAse6lD7QW775OYmCUKGHCTuZtfwYl3I0RdYTmQYDCb/DyXH2354I0kNHU+ygxSmAoVtwQTezJZxX2BmGA== processed in 295ms
[2026-08-24 02:40:40] [WARN] [api_router] Transaction payload payload_hash=hkn7qtP6KDy28mAKAxWrP9MQvQiPX09/3E+g9IMjReruSMBMNh49zHAvRphENldKIW+aszBiaIlIIgsMSYAiGg== processed in 340ms
[2026-08-24 09:13:07] [INFO] [db_pool] Transaction payload payload_hash=pfr0u10yaXGm5SP3XgKszxmlHe8awQ1l3VFOX/Ocq8lgCa0/0Eukvldfd3Cb7bZ02Gk4c6y/0JPHps9JmwmbSg== processed in 462ms
[2026-08-24 04:15:40] [WARN] [db_pool] Transaction payload payload_hash=588H1BrgteGjXGoyxgYHEoWiBxpWDxQp4hmHi1Iq2yOuZ023zvP8tGGwVsm1JY1PwMGYkT4FrJhBFbFeswni9w== processed in 156ms
[2026-08-24 06:24:13] [INFO] [payment_gateway] Transaction payload payload_hash=24l1qg8Z2nSw4o9N+5/xBcBNNgbxbPKmkY0XSgwrLgVaY4vB9Y+jUpbKIj/1hDsF12od1BCKjQ7slI8Gcae4HA== processed in 99ms
[2026-08-24 05:18:54] [INFO] [payment_gateway] Transaction payload payload_hash=HqVQIPd+DGx8LVk/ITgVR+Uy732UPejwhNM+aU7LdBkZ5rWcRMMseQmdCH8BZxOIWS6GxUc5Xty6Uz2ezELzrQ== processed in 156ms
[2026-08-24 04:40:47] [DEBUG] [payment_gateway] Transaction payload payload_hash=RtT587kB6Z7eBi5U6XfUsrQrjNFi5Xf2wCTLPO9EcggAAMCaxMzucdJDZ18xw6YciigPUJjIDy/IeKuVWyeEcA== processed in 407ms
[2026-08-24 05:09:09] [DEBUG] [auth_service] Transaction payload payload_hash=Ejd90qmM8sEhlIxAjsTD1Avc6wW2B/cFs1wMAdhOhoDraqNop3ku2yOPJj+SvJARguzWwEajlbuQJzJ3RWHLaA== processed in 478ms
[2026-08-24 02:51:21] [DEBUG] [api_router] Transaction payload payload_hash=XhBobDPWnjmcp/cLuyg2bNM127dDJuKgQipkIH6gdsh1Dv6yhdB6vJGud299gjBeoXmdHBYxR8NgjqzLtxaqSw== processed in 130ms
[2026-08-24 03:39:09] [WARN] [db_pool] Transaction payload payload_hash=aGHymlPvMi0X/GlAYVIGDisrox0BS0jraodmU1xZTS+qhpqIj50J19Jr71g3pKmR93U3xBHOZaOprMM/Z/Jukg== processed in 80ms
[2026-08-24 02:23:30] [ERROR] [cache_layer] Transaction payload payload_hash=+2a79LiE3qbam434lfYdifqnF11zAUyLW3MWtAt27jSa2Da3eHM3jUWP0cg20T5LJAPF++IDg67orrU9T6OEww== processed in 151ms
[2026-08-24 06:27:12] [DEBUG] [cache_layer] Transaction payload payload_hash=GZZ8pEepsDMs+ONtrTtEvcRH115W+vTNgw1CNqocPBjc33zz1fbshjLU5Irdyqz9W3uIj+LDing3tNGOlgn8QA== processed in 291ms
[2026-08-24 08:11:29] [ERROR] [payment_gateway] Transaction payload payload_hash=kwYbuDCRnDg+PwbRGLQ22LxLIZdS0jT7xhbdNmDs0nRDAWiIYkdlTxFIC6BmSNfIWxArM9KtVB8Pmnh+aouCOA== processed in 423ms
[2026-08-24 09:07:53] [ERROR] [db_pool] Transaction payload payload_hash=QkDb5t88ojlf7DJky0A5AwczKBNkSEhRdGlWF+lPBzBoVgKLHv7U62atBpKzIMKWiu6bP+V3Z/P/VKiWCjKUJQ== processed in 483ms
[2026-08-24 03:10:48] [INFO] [api_router] Transaction payload payload_hash=h7Tn1c9/Mz6bdIcOIZjwTslzcgwVr4RV/4XY7oFtoSrfSWCST4X+qbVCjtD5WNDzfv/gEx6oVT+8Sn6z2ZxFYA== processed in 63ms
[2026-08-24 07:47:49] [WARN] [auth_service] Transaction payload payload_hash=MaxhwrV04XCqheK1teckW81k0qeGmCc217LGixYW9U20dBdsPjzPgSJjv659VglA7LhdMk07z/ySWlj2YySfKQ== processed in 212ms
[2026-08-24 08:11:48] [WARN] [db_pool] Transaction payload payload_hash=JNl1ocwpU4kQc+IhLI+huct2z5ExKjQEAWntxiH8Em/2A9stQTlKU+f0g7HyyIYenVDZn0tOTZfgxExt4VKCmg== processed in 49ms
[2026-08-24 04:16:08] [WARN] [db_pool] Transaction payload payload_hash=0W8Z3d6fOm2MEoNzjkJfATQ9YEOh4AIU1ojcKvD14KVE2qYPjQLauiGyv+Yx5Jt2RSBw6VbPcF9uaaWWan9Okw== processed in 394ms
[2026-08-24 03:21:04] [WARN] [cache_layer] Transaction payload payload_hash=fWdh4kL4nnKNJzZu8oA3DI0KE19njpnHTJSMzmigzw69RxytswyGtlHKwBh6RnDjMbpopTn+f5kyyWunkxuKcQ== processed in 252ms
[2026-08-24 05:13:36] [WARN] [cache_layer] Transaction payload payload_hash=ympJDSi5T0+7elze1JXx6NRBgCpCFKpiY7EoRxoTLgzH2G4AyY2vxKO8FCeFMoHHfQdTq/G99qJCiBFU4fqiWg== processed in 356ms
[2026-08-24 10:20:28] [DEBUG] [payment_gateway] Transaction payload payload_hash=FVVIlOfSXf1cOY57Xk6dmwjdTPE/dVwr8pb346rXJCjZW+3ngDsydm5zqVN3S/CHupPq3/ac8vdpsxAzKg/qLQ== processed in 440ms
[2026-08-24 10:55:00] [DEBUG] [auth_service] Transaction payload payload_hash=4P9/0Vj6tVCKJSRpdBmMTyTwGfmYqROrFHtkxU687e+ezSUidC86LPzo5ufa1dDH89hCu43Vh3F6GBMwakfS7w== processed in 227ms
[2026-08-24 04:57:39] [ERROR] [payment_gateway] Transaction payload payload_hash=AcwfoMWhwl4GhHAo5LIq0apeOoe8NCa8TFeL6n7d9nURzB1vmdD0QLwh2Y+eIvknqC60MsuYZwBtcpomGb/Nig== processed in 280ms
[2026-08-24 09:25:37] [WARN] [db_pool] Transaction payload payload_hash=/mrkCYFQkXAJo1uuE3K/EA/MkVvST/vKOpKbnfvjf9rFes0lpdWRpeSJyrs1sUnjh8WTo7pFJkS5h/bgwwjiaw== processed in 318ms
[2026-08-24 07:10:31] [ERROR] [db_pool] Transaction payload payload_hash=mUQXeJxwhAZaviyZuMxuLZ9avfc8R/VmjUcGGn4RyOUDWA6nvfOsW8ERQr/rAOLiAprf096Z4IMCRs2e8WLrWA== processed in 347ms
[2026-08-24 03:57:48] [ERROR] [api_router] Transaction payload payload_hash=RFdz7ktKy+A7qh5vg44kS54Ll44ZdblJVf7wroJu/yPlbUcU9qe/DLfvGV57af+1dDNa/7EPtA1KGh1E4hRgoA== processed in 436ms
[2026-08-24 02:45:54] [INFO] [payment_gateway] Transaction payload payload_hash=DbS7o3L4MDYgmvQW4ei2DBo3oBRlezvYvx+9YFH/MfsKNWCJV9Dt4hxES+zvwIALo+UpET6k5waIJJbSlUMI6g== processed in 253ms
[2026-08-24 03:13:05] [WARN] [db_pool] Transaction payload payload_hash=SsOVQ6BUOzC2UYtfUNRgKVCWHPc7SZPSATcmtIq8X9hg9cLzizHqOeyQldo3XCoSUv51XxwG8zcUqJQP4ka3Dw== processed in 402ms
[2026-08-24 07:18:05] [WARN] [auth_service] Transaction payload payload_hash=2ypKHotR83O+7PYKOjnfMm5pZfqFU+3IZA6Ahk7A67Vf4zZkS8Yss9IlxOthlZBtsz79YHu83XUv6o6FkMJ6qw== processed in 439ms
[2026-08-24 05:14:56] [INFO] [api_router] Transaction payload payload_hash=HAzFXZeu3Uxldx5Cd4CeDug+memhTledpmvw1+nucTH5UDuQn6iVgR6ce0n2ttbdH3REhRTxldTTJ4G/JjrbAg== processed in 271ms
[2026-08-24 05:47:13] [INFO] [cache_layer] Transaction payload payload_hash=9M2R5hSD72TNOHACal9+iiDNq8zfhgIZsKTFRWi6aKbtwDpuXpyeqVVMAewwUI+O+kcpXgsnKnPSivBrSwqX7A== processed in 326ms
[2026-08-24 03:36:09] [INFO] [auth_service] Transaction payload payload_hash=TtBVsLbic8ly7BzoYGBC0VehuTd28Y9KIBEqLvrfg6qQCo9Iu0/YUMGMYKdVscXSM6E9m47OQcLyUXO24+oi8g== processed in 178ms
[2026-08-24 04:09:57] [INFO] [cache_layer] Transaction payload payload_hash=2/QMIIimdyEi9fdNaPV9dEsqvg3svhAMrdx9FUPi5MBZ/cRrLmxk71Xh6CTN/5mPmZAauBq1ZfEPs2lqR4/P0A== processed in 243ms
[2026-08-24 08:54:20] [DEBUG] [api_router] Transaction payload payload_hash=d5G24r+Jb9xtNj7zPBYrTvhpQtp5SNA2foPxJ/CcuQ3kJQ0O/Hv0Pzh5NOtncNQ+P7iSNpvia6J3QS4xGiEn/w== processed in 238ms
[2026-08-24 04:09:22] [DEBUG] [api_router] Transaction payload payload_hash=J8Z6sp0KtaM00Q3F7ZoPCkunyTYKeXDwtNyNg8gQQUTTtIZuGcuFGtKTzDaoWciy2UtT5F73/hO4TZzZ1hKGpw== processed in 196ms
[2026-08-24 02:19:16] [WARN] [db_pool] Transaction payload payload_hash=iQBilui7/7PgD6ZRJUuLS8rlZjVguTfPT3+8Qux5l/xKEByCE41CKqwWTZeVPtAul/eW8qFUyJOYf6UHq/9KNQ== processed in 448ms
[2026-08-24 09:25:18] [INFO] [api_router] Transaction payload payload_hash=hvhh5hAklYM1X4wpDFJxMv6TFcLhhE5HOeV8s+Nq3iWIvbIcGZdT1Tiiw5MJH3R066t/BMIyFVa1h8p9rgM/6g== processed in 280ms
[2026-08-24 09:43:35] [DEBUG] [cache_layer] Transaction payload payload_hash=t1bSBdd3K+MDwUPGIKH9AzA6DHSTPnPWHhCoMYM0E95lDmMSKDUY97JrhdurfbCv9WnOiIR4MfWTaox2XVse1Q== processed in 454ms
[2026-08-24 11:16:29] [ERROR] [auth_service] Transaction payload payload_hash=FcycjTk4KUHM1vW0qWj0kkVN+isfVGc1Rbl1fe0LRWM9jRn6Q6F2waGmmsykC9iKJLmQb5wAbEmeaOvMh6BCGg== processed in 460ms
[2026-08-24 09:13:13] [INFO] [db_pool] Transaction payload payload_hash=uk/5hgVpi600n3V3nZ3jPKHSQUL7ROlug5u0sqfZl+m71RJZDlDy+6BEsc4zkxtMLz5iPr0tZQGiFp2sN4HSiw== processed in 268ms
[2026-08-24 06:18:50] [WARN] [auth_service] Transaction payload payload_hash=t5Rk7F5DzTgN/l8UIayc8Eucvc8EBBoDYPPXnWoVgVozrtcccHf4EQDm4CAavnuwh41e2sVQvWI/CV9rcH+T5g== processed in 464ms
[2026-08-24 04:49:21] [DEBUG] [auth_service] Transaction payload payload_hash=sd7ev0z21x27s+UPwu0gEMI20zbPSoYeio6+YEvbsbLqoXHf+q7gdpvj5b7aRzTB6P8a5gSXpgexGlPzxRr6Wg== processed in 476ms
[2026-08-24 04:11:04] [INFO] [auth_service] Transaction payload payload_hash=sBeBzxrFP9lhLBYQlHYjBa5x5F5/t/DWHmRfgf4gcr6pTNAa6DqBwhZYOFouisU9DDLB0thp/wdutapt6b5Mwg== processed in 485ms
[2026-08-24 06:57:28] [INFO] [auth_service] Transaction payload payload_hash=eUfdzLtW/RPKgpS2jlEGdlZSbgzWp6ZqGvGkSYGG9H49O8xysndAUk+xfGeIVUXwKZ8Zr5tXPgG1pWk+8bE7xw== processed in 249ms
[2026-08-24 08:28:46] [WARN] [auth_service] Transaction payload payload_hash=zyGS3i2xYivao5YUfbgRd3YsLlS1QkCZjpW0YYFACYV8Wk2syo8zxcaRgLp6KslGLC3fzrp027JKPxdVUqFECA== processed in 492ms
[2026-08-24 07:17:21] [ERROR] [payment_gateway] Transaction payload payload_hash=ZQ05m3hjJ7k5kUIjtiIaBi0CBqu/B+GThecdsq4tfd29HePAPyI2cF0bBYpsNrWQcmAkwegcaKpFnTMnFyP/aw== processed in 34ms
[2026-08-24 07:01:01] [DEBUG] [payment_gateway] Transaction payload payload_hash=pn1Fm3qh6xkC+sYs/Sr7OOfrG6Eod74+uRB5Bvdy+6wuX4NPzx7qkIupm2IB8TBxoIT26JQ/8lW0BGCi0fDZLA== processed in 456ms
[2026-08-24 06:19:20] [WARN] [api_router] Transaction payload payload_hash=SN2BdtsIHdpQizNBInmv6jmEPmftJWgFL2UqfW0y4Pqdr3Dn/8+zCjJbZvLmM4EdLSBs4gsVtNQxupM6EC2DXg== processed in 7ms
[2026-08-24 10:12:25] [ERROR] [db_pool] Transaction payload payload_hash=Vdn+2OM6Rv49X2U/QTiQe5mUTkQhWaVGrosmM8oYNpKOlluW0TAzE1SpV9EwmjQoitudUqIhw1GvyCKBmc/lUA== processed in 498ms
[2026-08-24 09:22:55] [ERROR] [db_pool] Transaction payload payload_hash=Z5cbiHsuIVsKK8L9L4Zz6DoZB88jM/i9ZpMsz1wAcbD4Jrc7S/gSvsUtLymcxfc1VRUFA6DGOm/aB8oekdPCdg== processed in 314ms
[2026-08-24 07:46:40] [ERROR] [payment_gateway] Transaction payload payload_hash=6DvGFVjsZ4H1OS+PBwrkXy1rC6CvsAxYEEJ5asFnlP/kHbMhiZw6AK57xfx7+juPYCXzyta8TbXMlKCgbUUECg== processed in 436ms
[2026-08-24 11:13:06] [ERROR] [cache_layer] Transaction payload payload_hash=/hFz4FEIsB/K3WUdRAV420tt6/CpnL56UPsYm960fM9YcVbSZuOMsSF6u8pEc3idnCE3DlIzQJDfmSuimURK2A== processed in 423ms
[2026-08-24 09:01:44] [ERROR] [cache_layer] Transaction payload payload_hash=KM78GCW2E35kitf4escwTDDYUtfaib8f8CFhLVN39DLGg46EoicugILL9kfHjhx4EKEpeuwkQEXvu9GFnNDVpg== processed in 156ms
[2026-08-24 09:49:26] [DEBUG] [cache_layer] Transaction payload payload_hash=6oBoJWmBVpU+1NXkcr+93JcbcDR3s7VIij2kYRv4N3EEHd2VRIAA6jGHm4pnwUiItiEepIX5PG7KO5x7TwDGvA== processed in 197ms
[2026-08-24 06:52:37] [INFO] [cache_layer] Transaction payload payload_hash=3euoc/Wy++t2fa5/CfsynwUiIlps31jXPMaXbqQeuFBsOba0n3Cf/LFGD4dD+ffnnWhJejkeMPCKN3V+DhRnpg== processed in 314ms
[2026-08-24 03:29:11] [DEBUG] [auth_service] Transaction payload payload_hash=GXgdWa4bFkT9deTtbQQ5I7N6LsBY1+vJ+70c/UJsMyLfEpUSh8xHzaCiRixj+QLCqLgDLk+lhj2bQO0Dqa9Rtg== processed in 77ms
[2026-08-24 06:31:27] [WARN] [db_pool] Transaction payload payload_hash=BDq7PbA3+v27NJRU5tQMidMLiL05m0rMdxTIKXlSxCainLqV4K6wwF6RKFsLqHyEGEtXbJ+lqTyxP2NSbMZjJw== processed in 244ms
[2026-08-24 04:08:10] [WARN] [payment_gateway] Transaction payload payload_hash=/v/Yjlmu6WAFCqotHMWVjFjkTSHm/rX5w15Kahf+0aj2yuMYVyFkkfT1cFfpRuQS7qUAxKl959erDsEO7vVL8g== processed in 205ms
[2026-08-24 03:25:53] [ERROR] [db_pool] Transaction payload payload_hash=ZXZW4cDxsEACOqdbr3PAOwrbZsQnYByBR3sbNuinbUq/IEtsBLU629sy1Vun59TgBr0Gyk6pV+Cue8xg086GyA== processed in 292ms
[2026-08-24 03:26:13] [INFO] [api_router] Transaction payload payload_hash=CK5AgGrQMCuRm9fOxs057HWUTayVBc2UL2JpoUUDGUxABCwHiZAVojWA1tZUT7CprxhMpNwQ2bb+oI1lYCyy9Q== processed in 74ms
[2026-08-24 05:26:12] [ERROR] [db_pool] Transaction payload payload_hash=/RrePHXRDd1dzLwPUcX7mb+4jUjbDmQaUgBxoP3k99CTdF7j6R/c8ydyTwtmuweo9WmzQxyt30Lgd6YZU4oeYg== processed in 260ms
[2026-08-24 11:14:00] [INFO] [cache_layer] Transaction payload payload_hash=ewU+8Hv7jclvckf2fi1qIA7m9oFi+Wh9EFmLyyEeWONwwvx2Oty8XcOMdsbifR39rgpn5RUetzIjfyHXbQ4qkQ== processed in 264ms
[2026-08-24 05:19:02] [WARN] [payment_gateway] Transaction payload payload_hash=tPwvwsLin2OkG3FUtXm0QuPX0PP+Stv5+/+s5vZ52Pr2Dc5AzeHGGz5IRz4bJqnNDWMCp3WNNkFrjKqindjg3A== processed in 97ms
[2026-08-24 02:44:55] [WARN] [db_pool] Transaction payload payload_hash=sLI9kN/HnVOn+bYSQcy2fYxnIpahVxmi6hbbVuwuL63/vfaXszlAF1FRDfZp0FR/aiGZ67sjZsVkWa4Kv+SqxQ== processed in 7ms
[2026-08-24 05:33:40] [INFO] [db_pool] Transaction payload payload_hash=YBUPOT2yw1YCaJj5iXoXkyuemYWoucF9JmUeI+NNypvSTnNOjG++IoYlz/3BzdbtIvRsfKcY/vT2bNvsqwHKYg== processed in 390ms
[2026-08-24 04:47:08] [ERROR] [api_router] Transaction payload payload_hash=2lVdaKy52dhIdkLP6CqVRG28N3j396BiQ/5pUur6fYSdrJaqtZ0yGuKxMsV8YLOsuhk4b0gJJJnSyoHXstEEHA== processed in 60ms
[2026-08-24 09:24:07] [ERROR] [api_router] Transaction payload payload_hash=QG8Bwiz6+4XsbdxV7JnIijL0ihx6McwDw7KktU4uVoNNOOXYS7J0aKs05RpYiuzNLQW7Newm5u9+1KckZVgdng== processed in 201ms
[2026-08-24 06:05:31] [ERROR] [db_pool] Transaction payload payload_hash=drQbGcBdsmjh61Ij61MuRSx6aJGgJQCOkWejXzLudnPMDkIBdGwa1SVnjKsRDzvfSIdpnhQn3QgbpMB7+bWeZg== processed in 457ms
[2026-08-24 06:46:43] [DEBUG] [api_router] Transaction payload payload_hash=RHe5XUZ4d4/qibTpVmdOGJshM+jlU41uj8ZrWRwfAYzad+g8X93qsLsNa5ABv7MBFB9NZ9o4vZqCb6AOa9sjAA== processed in 369ms
[2026-08-24 09:43:16] [INFO] [cache_layer] Transaction payload payload_hash=SrJbke4LDP9Aequ+phMQ4Hyz6oOiVW/Yo2vrn5yqnA+jZ+80/rY1gXpAaKT5Van4ua/xvkieofxU/QlB5i1EzA== processed in 423ms
[2026-08-24 03:22:31] [ERROR] [payment_gateway] Transaction payload payload_hash=qJacHokm1dDvO1YgVlMFETdqahEeKsEA1iQ0zp2/sU3nMQUYHfhjsuvcIDxl2asIW4wvrc45zWERN9OqR3A4mg== processed in 304ms
[2026-08-24 03:10:30] [DEBUG] [api_router] Transaction payload payload_hash=Q0ffQSHrtMq1gS9ZEkBL9g9BLOEQ5hZeVp/2Y/bkM5wOHOk/TuB3v+Xx+bEZM+5LMt0T3NInPo7tVOZUqvlRDQ== processed in 160ms
[2026-08-24 06:54:51] [INFO] [payment_gateway] Transaction payload payload_hash=4XA8w9NDSIom7X9GXMA9xly4QtV7nHgZ85dwOWIIYh1V8nU6eh3zZIWHhgY5VoN179MAt5AbbqIOedioRQ4fOg== processed in 160ms
[2026-08-24 04:35:39] [ERROR] [payment_gateway] Transaction payload payload_hash=bBBDlPB0L3O33S3rZxHLWNYz3NoOLRwWGS8Gds5nGvZT5JL9FodN0sH7+L23ED0P1POu44GxEclpPsa4ICFmdw== processed in 148ms
[2026-08-24 05:44:49] [DEBUG] [db_pool] Transaction payload payload_hash=WFmkBwoOTZ7qxHCH/fblwvYILhhyHpKAzOdQ2KoO9J7WNrnaVuqDyyr7E0qlHGPk8nF+H/1IRbOO/Af/fGnGiQ== processed in 400ms
[2026-08-24 11:14:23] [ERROR] [cache_layer] Transaction payload payload_hash=NoTrtvVtfAN9pRAWx2K8/d3esA8v3rdnEPW86bOKubspvYbN42qcEPqpO9yprjwmexkmvdmKf48hHmqPa0Eplg== processed in 394ms
[2026-08-24 04:39:27] [ERROR] [api_router] Transaction payload payload_hash=hrcQoir2ulZZRdG+LzIDOErWjfxBhF+xw9lrkOi4SOgSq+tE7xkUNPxtAjeOhtcmjnELNCo9J89iVm1nCpiU9Q== processed in 467ms
[2026-08-24 08:19:56] [DEBUG] [auth_service] Transaction payload payload_hash=i//j4joB0F2vAwbpL45eddUk1/mz48oMR9LGgZos6fIRQuWd7r/Y6sGxtF1siJ7G3qcHCX3vyCdw4pa33BaDlw== processed in 198ms
[2026-08-24 03:40:33] [INFO] [payment_gateway] Transaction payload payload_hash=nv9e5uDFTQk00qdoHnIQIYY5NCUSqkKNMX67R9ifsszcjWutKnAdwXePwY89EhiT3qIGyaQmokBRN2LxDPFdWg== processed in 200ms
[2026-08-24 06:14:16] [WARN] [cache_layer] Transaction payload payload_hash=vOZJoOK/J/NdwxpnxdlY7zqDJpMUrN1GrMBjWPpm/jNr+0N+hqT/n6EkldPvRvx39Xi5q8i2hdFx09mrnj83Eg== processed in 251ms
[2026-08-24 10:17:50] [ERROR] [api_router] Transaction payload payload_hash=HZeiYBqwtaDpR398xBpaQzGh1vT37XOYILX3xyjIaky5jjAvfMd72yctvS9FA3TxOT1Z64R/OKGb9TJehYRhcg== processed in 304ms
[2026-08-24 09:08:22] [INFO] [db_pool] Transaction payload payload_hash=lP8M5K1q+9RgK1P46vpIajBpWRbyfaYoxMCnPEqHd0ZgLIkG/a5ETn+fi76fgGr1w/y32/7XDugfVRZpWzsCvA== processed in 482ms
[2026-08-24 03:58:51] [ERROR] [payment_gateway] Transaction payload payload_hash=16CAH5r80jrjIRGR3pyfFHl72cTvb/395K2C9ZZ6E8CynvYW7Uy/uZLha6nQUZr2LXJR2xrPlGXuD+MMml0RWQ== processed in 155ms
[2026-08-24 05:43:03] [INFO] [auth_service] Transaction payload payload_hash=947hW6Uyffc9vGPGmnkXk5Ow4xAUM/fyIxJvjjh3zPXiOzcwwR/5Z6P9hUSzF6w2vqMnDNhw8+aKvcEJamuJPA== processed in 63ms
[2026-08-24 08:37:07] [INFO] [payment_gateway] Transaction payload payload_hash=WZiNudHuSF5J9XmoFRfK7Jzxc7sLfhZNOcwRzPqBvGoY5fK/RH/9GwF0TdaB0tEY5oUEV45FLxC1cdKh9ShOUQ== processed in 270ms
[2026-08-24 06:30:34] [WARN] [payment_gateway] Transaction payload payload_hash=Sca6N5bvpCZh61zJoxku48Ygdz2Up1VzhoWvl8W71JQWPBgRaY51mIdQsA2n5ZUhjvQZ+djTzzMGJ5ncPW10GA== processed in 470ms
[2026-08-24 10:54:25] [WARN] [payment_gateway] Transaction payload payload_hash=XK19YnUe7NceZSNvQ2aTbSmtGjQVJQy/GLX7Zp+jrK+hEM4w87dysSKwjsD01QIF3U5eEoL2m+o92mF8cd8kTg== processed in 428ms
[2026-08-24 03:56:25] [INFO] [payment_gateway] Transaction payload payload_hash=772AZb1ryAh8JWojE6zEKqfDWhMpmJ0Gk4xg0vC0KZtCbMH2fk4wRRJgTWSe4gcsrt3GrM20G4jY7urgIFdN9w== processed in 143ms
[2026-08-24 06:05:17] [ERROR] [api_router] Transaction payload payload_hash=MOJkdpgY34jajTT1HsDX6xXGB81IeT8B1aI5UjSJhVw/jM9SeHdJ5MvqNxyozZP4H7xJDK2f65ZkaIMhlzXA2w== processed in 103ms
[2026-08-24 09:57:35] [ERROR] [payment_gateway] Transaction payload payload_hash=oOZ39mADUfCUEggsx347tljIrqlphUmVOddmhAjY9oet3EgEpvKUQ2Qou61lH24+kVtAnbQ0gh5PeNj9ZOBJtw== processed in 412ms
[2026-08-24 07:46:51] [INFO] [auth_service] Transaction payload payload_hash=+hyPDRzI9/MuUWeZZ74+k/CU2spwCqDgrNbSewVE2GnTtGd4Sdh4/11iy+t5zeW4aBXBoy5MffyOJ9yOG6z2kQ== processed in 479ms
[2026-08-24 10:00:45] [DEBUG] [payment_gateway] Transaction payload payload_hash=uX3oUF3o16m5V2HCqgQGOoM+rvLABZn8Apif/+QF0JObwBxZRn4NYjQ/X+1jRIiY+ccRONHQjddwJYswFlUcGQ== processed in 308ms
[2026-08-24 11:09:32] [DEBUG] [api_router] Transaction payload payload_hash=ncynrqSUivcHc7RdoQRC6kNeqCRceQL0n2y/TObt1ZKte2w8DfpNxfKcCmxqFhRv3l4/RjmVhNpVxzeu56QwyA== processed in 210ms
[2026-08-24 09:54:39] [INFO] [api_router] Transaction payload payload_hash=sAkgLfPJUrtcNS3OcF3lfMOMP+9ag8/V/SojFN6q+/6hEofIb7ILDvk14WAuAhyDFJVbA5WsfYV5bOTPmpaedw== processed in 372ms
[2026-08-24 07:12:21] [DEBUG] [db_pool] Transaction payload payload_hash=+Yn8MQsEFz8qMGu6ikz43kGwXC6C5T3Oi+tshEq7hMD71qMvmLKP/Zly5fwViiVpEo+f84rsZgvl/hKxfcN4Jg== processed in 239ms
[2026-08-24 11:21:31] [DEBUG] [payment_gateway] Transaction payload payload_hash=la0kJpCIy6MxH1SpNK7Z0LPqO3awBWhlIuy0f+U0vDwulW9xTHYVWJzF2C8VHmgD/BNU/aMHZnPm5l5rUUsm4Q== processed in 355ms
[2026-08-24 03:41:43] [INFO] [payment_gateway] Transaction payload payload_hash=Xdgpr21iAjapZh4TwmJ/gUh98oUuJtytFLEnbCXOc+IjkrvMWJ46mSF8mnAiME8m3IE7DDF/rS/5o+RIN861EQ== processed in 468ms
[2026-08-24 08:47:30] [ERROR] [auth_service] Transaction payload payload_hash=3FEkhrWULbkNj65hfWgw/5TsHQewIr6zNdLV/28SOSGMHLOPYtz1jHOp0iB8hyrif3cYZAG+2cAQJ3VFtyILjQ== processed in 21ms
[2026-08-24 09:03:46] [INFO] [api_router] Transaction payload payload_hash=TdzQdX8BkslNgXOeoVBtXrojq/4XrAySLe8LS+l+4cxcVVwpImCHn+4kU7F7VXalhf0W+dG+fKbpFv5pKTXS4Q== processed in 397ms
[2026-08-24 10:01:18] [WARN] [api_router] Transaction payload payload_hash=vGYQzgvR2/Ovcmbn2op5dpjBppJTqlBRNY74WBOkfuQysLXttpnczyWIXEZXiwJTfcnVaMbMsaua6nGkZT+O5A== processed in 467ms
[2026-08-24 08:21:56] [DEBUG] [cache_layer] Transaction payload payload_hash=G6xgeMK6K2Ee/Kdh+SJCYowgZd2YHmNzF/TzniBLUy0aZicUtV6f1XG1FRhtfvYPVtskgkwJuWso6AvFkQFZ8w== processed in 289ms
[2026-08-24 03:35:57] [INFO] [api_router] Transaction payload payload_hash=/tzen3KvueJSI1zadAwdCFmFSJuU6hU2O3Yph4HvGJSL8YdTXfDOiB6s761gzpDmRqeVROx7DJ6mHu0P7sbPfQ== processed in 381ms
[2026-08-24 06:18:09] [WARN] [db_pool] Transaction payload payload_hash=VRYYAkHDmLrGz9ORBAIrVM12VpN+Aa2dds6MyxNofZdYaGeQ/A284m1QJmQ3+6MWHjkElRWscP/ggKkNEU7n2w== processed in 368ms
[2026-08-24 05:47:44] [ERROR] [cache_layer] Transaction payload payload_hash=dERBNCCJfkIfcSg3imNTI6xIxSb7XUGnLL/xcy60sv664F1K10TLgJe2sAi5y8d8xicGhdnNdXuPE1mDDlWxsg== processed in 397ms
[2026-08-24 02:32:04] [ERROR] [cache_layer] Transaction payload payload_hash=vNLj7GqAqZNaeF1J68IHAsB2Tovmfi80PsUmV7B1KpKaLuWRhHOcQxxuF89oTE3BO9+c3/Re1GvcRHTBUDm/Iw== processed in 361ms
[2026-08-24 05:45:17] [DEBUG] [api_router] Transaction payload payload_hash=HrlgjVr1Fxao3zkLGaJgH8xm5Qwu1UDtX73ZgcOE1YnVtctFawS0dkVcVclYyeqbHzdZwUhpKjfBFr2KoLKPGA== processed in 139ms
[2026-08-24 03:00:01] [ERROR] [auth_service] Transaction payload payload_hash=2x4s2sL3U/xMER3mcBDka9KogPe3wA96+KDOeYvqFjDfhhRdZgBGastcSqhO/CfmNstYgr9ChMZILJj9OpvRbg== processed in 336ms
[2026-08-24 03:22:34] [INFO] [auth_service] Transaction payload payload_hash=SWdS57EgltQfpc3OWB/8rNUb1neNCWT+akkSPhjwuqsA34FdvDUguHCMDAVAR/XAaOfzlXtzvWZEHq9hSfMS1w== processed in 446ms
[2026-08-24 10:23:15] [DEBUG] [payment_gateway] Transaction payload payload_hash=YI8NGJ2XUhwC9zKqlEIWw8ZFUaLrMOk0puTr+EGACmGFj11fK7Ot9vTcHUbBJ1Rlr55EWTsIdHtW1GDrMc+I/A== processed in 230ms
[2026-08-24 09:05:59] [DEBUG] [cache_layer] Transaction payload payload_hash=h5cC527FPxCXSByqXqidbK6yTim3KldIZQcP/JYgFsIJwNKy7AYLjLeh21t9zv8iC6z2+vvPk9r8f74VrfzcbQ== processed in 196ms
[2026-08-24 04:25:11] [INFO] [auth_service] Transaction payload payload_hash=gbtmYuqtaizZGfGCo6JBuK1piS9jPtDtR2VwhFg6u3MJTtA8P+K2XN40Fz6WZjmndoZt96ss6t0uUI54bbiKbQ== processed in 315ms
[2026-08-24 03:55:02] [WARN] [api_router] Transaction payload payload_hash=N9UE3Edr3wrNkr3i3sb6MWsX21bywocE8Mt8Vhg++iLXCNZ198crOg2Jpi3Xs2id/KS1Vhtg2H2b9KZAZAvc9w== processed in 120ms
[2026-08-24 04:29:56] [WARN] [db_pool] Transaction payload payload_hash=7qWPUpq2jA2TKW2MFRwKyD1nHufLrglXDc6uL3IwBWNV0NtAcFXyf+GtAnuuI8DV21wleTNloL0nj23I59haPg== processed in 68ms
[2026-08-24 06:02:19] [WARN] [api_router] Transaction payload payload_hash=S5zLkrlYi1+XZK9f6U4g8WcUeB7CF/wvPcXivvZ+hCkV1895IJpPiP8YO/AnbeWnas8l/nYGowaw/3CXPAzTqA== processed in 379ms
[2026-08-24 10:55:22] [ERROR] [db_pool] Transaction payload payload_hash=RG9F0Hke5S3tAfp3g8F8ZUbRD6ACtK8QgbfI9+nEclc1NEPe0ehwL4S0t37AhcRQNu48RTh19XmF8lKntiZZRA== processed in 379ms
[2026-08-24 10:23:23] [WARN] [payment_gateway] Transaction payload payload_hash=NLYHBC0SuYHcMUFCAjHoYeOUJx8x51ksBiv3g3/mEoujL6Xe9NtnGxu3WbjllyL6JKAsX//zrkXnoNtx9OjJMg== processed in 418ms
[2026-08-24 08:23:02] [DEBUG] [auth_service] Transaction payload payload_hash=DSxeI/JItAUHGpb2cH/sMgRiRhWqfOIyon6+tVl4nuLWEgRKZNdq0pqVudX+Z81Hyv52Pty/VOoMKuBG0NREYQ== processed in 157ms
[2026-08-24 09:57:57] [ERROR] [db_pool] Transaction payload payload_hash=gXj9tLTDsFBS/3YpMxPRyTyj/+4Jb2UuD1qsxp0cU45641qG208T+PhWsmHJ5fk3DxkNjuAsVgFUzWoJMlnz3g== processed in 168ms
[2026-08-24 06:12:36] [WARN] [auth_service] Transaction payload payload_hash=WsN8wZ1wY7tXdRWpY5BUTdw8iqdltlBjyWNMkXXYP2Rc8JKMzzHRIzXpMsNmr+JEySQV2PnGQBdHtayUTjfaBA== processed in 252ms
[2026-08-24 10:47:05] [INFO] [cache_layer] Transaction payload payload_hash=CH5vsqpWvw96jQ8Tkk9LWWUG6FVLfFlU2zASY4GbHOWI2EsXVOy2G6SPmisV736iZGysN4gQvJzpi0Uhbn0R4A== processed in 108ms
[2026-08-24 05:41:08] [DEBUG] [api_router] Transaction payload payload_hash=3G3IkUHyuqot/UMvX1Br1J/knNvHZ44D5xShF5dvwNhOi89qwFPfFqBF9T/4PUVQ3kfDNowKdFj2vVMoqjX9oA== processed in 16ms
[2026-08-24 05:27:21] [DEBUG] [api_router] Transaction payload payload_hash=t98EEbnj2sVSJS9mptDX/2nnpYdsJQ5XOrIlg9iK1cEzpPqTelFdu2jAB8Is0M3nzgNY/8x0TEH6qgakafY8rg== processed in 127ms
[2026-08-24 09:16:00] [WARN] [auth_service] Transaction payload payload_hash=j1GS/cNHZ+amT97sM+lbjCrtEZ+sSEdKqEQu3eG6OE9giIbc1NkBzY+JcZjhHvZXx+rllGtP4qIYyNDfLMiAQg== processed in 79ms
[2026-08-24 05:01:56] [DEBUG] [cache_layer] Transaction payload payload_hash=crIHOhOW2ddhwSKshppT7mMiB0ERf+ldcl0w08XX+KSPk4sQRIrrtofky0lSOW1bslNIDZIHP5oQn3l16rCvXw== processed in 2ms
[2026-08-24 10:04:45] [WARN] [payment_gateway] Transaction payload payload_hash=4YE+ztiZIt73ue3L9DYnB4joSM2CFlTx/XP22KhRvDXY+sCdHtw6RmjL24e8yM+iItWKVKypJIhvL6t/EWy0EQ== processed in 364ms
[2026-08-24 07:19:38] [WARN] [api_router] Transaction payload payload_hash=bA5zQjpVOIiSPmeQSjea9L+PGMGYnmzr9pkE/F4cMH67S83+0k9ndhz8dz35kgdmcG3hhg1cFIDgfHu82Kv4Vw== processed in 123ms
[2026-08-24 06:08:28] [ERROR] [api_router] Transaction payload payload_hash=F0v541nWZskOaw0Gu0A2fMu428g0kOKjBMucbdXM3MwHTNmy7FjlDqX62NvzOWM3ZnhxcbkTEsc111bYygmlXA== processed in 306ms
[2026-08-24 08:28:57] [DEBUG] [auth_service] Transaction payload payload_hash=NrFmjkcKFX8Otk6eEQ7YkLm2mWk8OJT+lWc9+FOK9oKI5rX07dExc8O7pQ/17/an2AassBnGRTjmIjL+Tk/6Mw== processed in 293ms
[2026-08-24 02:49:31] [ERROR] [cache_layer] Transaction payload payload_hash=lOvRFzIEtiSwpV38u25/adGhRDMCcr8GV5lj1wxdrT1qTEzMtjVH41NQbuXHlFN2y2BIdeKwJ1XufQfR2EAi2Q== processed in 478ms
[2026-08-24 10:16:41] [WARN] [api_router] Transaction payload payload_hash=eVBbCYFczcI4rC5uy3rNQOLzI0DS/kSMtv63ZKlrm9CydBBx+8Buio/HzARMhBwfvax/2bzVI1HqWRLlxjJVBw== processed in 174ms
[2026-08-24 04:27:01] [INFO] [db_pool] Transaction payload payload_hash=Hwl3Z25oKzXI+CJueM0dbrxi1Bd3zXE87JKeDg32wiENojwZFw0MGQuRHZjIML6zK6vVG+qQkiamiomuosbJ0A== processed in 50ms
[2026-08-24 04:42:19] [WARN] [payment_gateway] Transaction payload payload_hash=JvALIEsh2XPbsthH03fs0oB6wB+fSymIv/aawztpdXK5FfQHo0OBwSxl8M7XNIJ/U9vK7KqZ5NDnxwm3tGTS4w== processed in 69ms
[2026-08-24 04:58:34] [DEBUG] [payment_gateway] Transaction payload payload_hash=vusRtnnZf5YUpGjWcL4oRKisz6bRSPGvhpy7hMjbZoqyd71ZYBa6PbbYYxoS/dZfix6jjdvfUMKsS4P+ZPMHzA== processed in 351ms
[2026-08-24 06:04:41] [ERROR] [db_pool] Transaction payload payload_hash=YWxC9ONb02QLQTDLaN6S6epQ0FKgswQN6tkIlc8iB92cSSfsZVFrq40Wkn3OUTMwu48gum10olKRU6Wlb3yLXg== processed in 244ms
[2026-08-24 11:18:15] [ERROR] [api_router] Transaction payload payload_hash=xw6CHGIOx4I6zHPJKZ/Mq/KSzsvH+9RDKrcCNLiLBATQqP7KLTA2wyPZc1X5z9LtS6yFGEL7HLKFwwygeaNYzw== processed in 499ms
[2026-08-24 09:37:56] [INFO] [db_pool] Transaction payload payload_hash=otCH6p2qDpE92Ar82whMjtnDkFvyvCoPT1ymOBqEJ6EB0+/ejCq2pJ5ovD39UD+ZsUGRU7zSL9GZvsV12DqFkA== processed in 25ms
[2026-08-24 09:40:49] [DEBUG] [auth_service] Transaction payload payload_hash=B1uoBUCryiOZoDsaxwvvdpmqjgm8P2upXhDaopUMz0tgw7N19NRi/dp7rB7zvrJiqP/ncMhpkQwRLU8Pj9vUEA== processed in 169ms
[2026-08-24 09:39:03] [INFO] [cache_layer] Transaction payload payload_hash=lgLWJ8L6XokIjS73xhgRv1InjuKqsUlw5FlQcbI6lSX1z3B5zqrxWyP2E0FPYEsM2rCyt+JYXmlM7lJdoWeiNQ== processed in 97ms
[2026-08-24 07:51:46] [INFO] [db_pool] Transaction payload payload_hash=xpTq01jj1socc0JGr+0Ukn/UGDOjLrRaCLpafwFPFFPC+r6iSt0v3HEJMNf0DvTP4EmjnQlSmGTvxptuz6J96A== processed in 17ms
[2026-08-24 03:57:32] [ERROR] [api_router] Transaction payload payload_hash=VK08dBjU0R1vPgewWHsFDVsljEDQ2MgDiwJ9QuV0dLCBd8T9cx/67AcC0/Jag7J2GYDYC79e90sCROv5B4QHBg== processed in 385ms
[2026-08-24 03:40:24] [INFO] [cache_layer] Transaction payload payload_hash=4co98n2LJi6jERy2SE+Bq54g7qS+k7yRV4RQXqBEClIUAge11St1FkEiZzq8KgEB+KYWN11C9pRiUWKg3c5+Qg== processed in 241ms
[2026-08-24 07:13:07] [INFO] [payment_gateway] Transaction payload payload_hash=53IBwju+hSgvUsarupHqv6LhJh6NstpZth4YQHVJYMkC9Bv6oIoqVEpyJY5NqHFCx1b0Jqdz7FbNShURLiZ9FQ== processed in 270ms
[2026-08-24 03:11:39] [INFO] [payment_gateway] Transaction payload payload_hash=ywEjksajG3f4OH8b6gllgYv1ShhHfGRRaYFA0GP/YVx5ubBR3i58aG/PzmzVPQfzeCZBE3U7blvq+zRfozh71g== processed in 164ms
[2026-08-24 06:59:29] [DEBUG] [auth_service] Transaction payload payload_hash=mxjVFPEuWigdaKA/tqCPNdiIeZViwhlY925ywaflBw72PV8Mn3D2mY6yc1neMLhgQg2TuGFadyqNeCzuELVREA== processed in 235ms
[2026-08-24 04:52:04] [ERROR] [db_pool] Transaction payload payload_hash=G3vA0j6jaFtc1RX/hUcbQ0ucT680IgGnt/rjh5HhhuqDHJliyDoCoI+RUaIjgMNDJOr65GAu6P+ld7hYo9Yl3g== processed in 407ms
[2026-08-24 05:19:03] [ERROR] [db_pool] Transaction payload payload_hash=P96W51XXUBo9o30Tj1zrm6L9B1U0NAZrzRMd7tOIrO0WsEfy1RIMZkRMlJV2niewA+zHME1GY/nhneP5LE/3fw== processed in 488ms
[2026-08-24 10:13:12] [DEBUG] [cache_layer] Transaction payload payload_hash=pDUQUIZEQ7wSmx/ST4vZ8WVIfTfPAhMnjmVyuQcLpuk7DBH6MAwWiJDAPpyDRiMaqrYstAKcGInrI9p4bWcx3g== processed in 68ms
[2026-08-24 10:52:41] [INFO] [cache_layer] Transaction payload payload_hash=V0H71KhckbJPUOJpatwtnTHn7xbyh19lH9EjSnhZbkMFx6m2hSnqzwRtXJufGuNk2DrpjM3KkNwVe41rHIOo0g== processed in 237ms
[2026-08-24 05:46:17] [ERROR] [api_router] Transaction payload payload_hash=xH2qJdAdqLy/QfxZXC8pfnzMTnWtymZnGdB90GBnTab0DvQMMFpQiLW0hekqZf4ogGl0iB6RH6oJteKzx5f9bQ== processed in 288ms
[2026-08-24 10:51:03] [DEBUG] [payment_gateway] Transaction payload payload_hash=NUNwjErwmtVGwc6asCjL+WqvfRiZxP691X9zlt03rboqDvsV+akYG6fnuTUJfZtge1DMADsOLPF2AMlZAVs9nw== processed in 333ms
[2026-08-24 04:59:39] [DEBUG] [cache_layer] Transaction payload payload_hash=RC61It4yuimQXs8Ga6rzJIR6+5AEFg8vCEPDCftEq4H8l6dqizkb14tGk+uKHhxAqS/6OjSsEDXFehPpsQTpgg== processed in 383ms
[2026-08-24 06:34:02] [INFO] [cache_layer] Transaction payload payload_hash=tu8lX2Z6jjjCrNO9pPRoEygMo85YZwxOgp9KMBICyNPk5ub8Ze2TATVT5wLHQwmcjn63iaZJiyw56dLymnGhkQ== processed in 242ms
[2026-08-24 08:16:51] [INFO] [api_router] Transaction payload payload_hash=8LuvOR358TEOEEkaTnnvbCCK12mKoe0dpufVYiJ1cKkefzRXB55LBwpiHKEc0nwOZwl/rQP1qp+NBW2b1bo5NQ== processed in 359ms
[2026-08-24 04:46:17] [INFO] [api_router] Transaction payload payload_hash=CY+LXxmgLRrA3UvTdaDYgZzfldDG+yLkteIXlPv2T1e19m+GhUcwVhNiADRzmdYgNesAWTtNO8MpFkhN8Clasg== processed in 26ms
[2026-08-24 04:38:29] [ERROR] [auth_service] Transaction payload payload_hash=Buu47UMbJ/vFeXogEEP9FM6ayMHWizCEMwj7UQUadsaZ4r4hwvzwXo2dFC8ISCzNWu5DNzTHcB+IDFIeRpcqwg== processed in 348ms
[2026-08-24 09:47:44] [INFO] [cache_layer] Transaction payload payload_hash=mIsYs+B1pifPj48KhfQxysuc7aVjOoPD4C5cS2keXhrhFPOcAu+gMI4MYiaY5xVqRPGbSrOot9eBMr1kestQTg== processed in 363ms
[2026-08-24 07:20:57] [WARN] [api_router] Transaction payload payload_hash=oqVxNPVKrj/QLRVLgFtAkAmAV5RJ3xBbbh36GRdaZqC1efWMT/N9UQEWHRJMwGJduzZP1Doqqoup3vhiLttC/A== processed in 483ms
[2026-08-24 03:05:07] [ERROR] [api_router] Transaction payload payload_hash=PYKacp33ERp5bi7xl4iDQeaAs2fByWb+tZdtUNejHNLCFq3mSJMAKSYqT90AAyEGTRrCrZ1i52Asmrdsg3Rs9A== processed in 358ms
[2026-08-24 10:35:55] [INFO] [db_pool] Transaction payload payload_hash=u++SXe3zVcaEcLdB8oVHoFYicHgdBPJf2vOwLUtvod9DHKzxA51hmZkfau5QHzqCv5QTsdXhXtiha8T5y0hw+w== processed in 283ms
[2026-08-24 06:33:12] [ERROR] [auth_service] Transaction payload payload_hash=eNWEVjx6zXuiP0DDYDhz6nnZtp+WHfKCxdX01gHb1fXRlMcS+W9IfdmTBMijoWsEaHQm0NolvHWYgMDOoL5bdg== processed in 111ms
[2026-08-24 06:19:27] [WARN] [cache_layer] Transaction payload payload_hash=sO0kOeDR2I8im9aMk5tqsAAxmDCJAbRpFA1w8na4eqVsBkPE3KLZfwVFPo6Y+ECULOQLnkyUeVt+U7Ge+PljvQ== processed in 404ms
[2026-08-24 11:20:45] [WARN] [cache_layer] Transaction payload payload_hash=oCaAtOX5COsEVKUGoVipQMyfkmWl1btjH9d7ic3219bMI6EV4G+Bk6vapH6vG2+TBYXVnz7Xq7126aH9UaxpqA== processed in 374ms
[2026-08-24 03:49:42] [DEBUG] [api_router] Transaction payload payload_hash=NmlcWaR/dcBErFS1wrRjCDTWRZajmEKi1W019bHNuQiEgMMgP6MSm7SF77imHwF+/7R7Y2nXIKNfuWtZEDnmzw== processed in 214ms
[2026-08-24 07:44:32] [INFO] [auth_service] Transaction payload payload_hash=MW5ksImqkAOOqm7eM/SA3ieKws+8hoEfyA2yWCIyPL4RZN09MkY1H17TttauxqMLGoh1s7nvBfBSMhhfa4wESQ== processed in 450ms
[2026-08-24 05:20:18] [INFO] [db_pool] Transaction payload payload_hash=axBvn/s8SXgzm9RuyKeVXKHBqQqRGcxKc6fiAC3M5kM7xZFsucm/bbS0IBAgAZmsTUy+elyG0UGQXGuxUJyY8Q== processed in 52ms
[2026-08-24 11:15:16] [WARN] [cache_layer] Transaction payload payload_hash=30/9cwYeIfFr2zGvtUelaOgND15OMSxGVY6h4qeBDnkFNvo1Y5ppDqyt4rYuAutR68dcNrj/gipc6pAiYRs84Q== processed in 365ms
[2026-08-24 08:57:39] [WARN] [cache_layer] Transaction payload payload_hash=8Z2yed6Uc6298bLQDKvShuc/x9eM6vlRUFpdC0csmJiE7VlTGaHXRMhcVmELmG66n21qQE/ZZGjoBlH+P7XLJQ== processed in 10ms
[2026-08-24 11:10:59] [ERROR] [payment_gateway] Transaction payload payload_hash=/6XsdC3XGRO6uLt/C815tlGj6Z7UvhTH8XRYOcIwwyO0equ9CKxWHl7UDFpwdK3pyKtkFOXGT727+FMyYZaUag== processed in 165ms
[2026-08-24 03:31:34] [ERROR] [cache_layer] Transaction payload payload_hash=UmWLsdUU+hpqdxXLuijg2+gKyDFgpReejer85vFcJtxXViTHLHwwuHGjNchJP/x4scHJVjVV9tb/SfLW8+gNkw== processed in 460ms
[2026-08-24 07:00:13] [ERROR] [db_pool] Transaction payload payload_hash=FvATBnr1d1Lc6IDzFU23kavCHDBN/mB/ZWU3I5bR1QIM9+/gtryFaaGBCEwtWFG80Z/nGUUFAAty7JsfvKiwtg== processed in 52ms
[2026-08-24 04:43:30] [WARN] [payment_gateway] Transaction payload payload_hash=q/2JGNw2MXRFftvE97wEQQGuovrgqnnhJ/HiQTIscXNlrARJKGXlQAMEMbjuVrlfXEAwso30VQgPl9reUz2HiQ== processed in 140ms
[2026-08-24 07:17:45] [INFO] [api_router] Transaction payload payload_hash=0RDlv4AtGCftz6dyPWHxJjH1J8tKN/u/wWLjvaRnCtP+jDCi8HkIMAf9Bg7L3dgH6lo9Qt5fAQ+JsrcAWKm4sA== processed in 162ms
[2026-08-24 07:15:07] [INFO] [db_pool] Transaction payload payload_hash=4vMVEo5YgReI6oaKVPWmoEkQ8SXLoN3lFKL6c075WUInQ2JmdOnaL875xXQc8atmCCQAiSELGnvIOz8ua3XTIA== processed in 185ms
[2026-08-24 06:33:00] [INFO] [api_router] Transaction payload payload_hash=kMTybZ1XQ6H/Lg1qBfpzCZJxs9PDA1mcX22yJpXHtUvT0nur27/wbFsm8/qOUaiQ8cuCEJQCJ1RFDnMoBgDSFA== processed in 447ms
[2026-08-24 03:14:08] [ERROR] [auth_service] Transaction payload payload_hash=BLvBthXeYK8V/ypmnShm6xCFOwhf+1M+P/LyAAoyq2mE+R5aTY9SeIKq4ln7Or4Tx4f/9LgrI6TXusTrf7FKOQ== processed in 439ms
[2026-08-24 10:50:21] [ERROR] [api_router] Transaction payload payload_hash=45DG/ru6umi8imbLi9sHiY0kkavQvAukhCPp5XVxAwb21L6ipYQMFTVM1FriIxyIaM+qwmNmHy/iW9ftKQmhrg== processed in 96ms
[2026-08-24 09:39:45] [WARN] [cache_layer] Transaction payload payload_hash=cQKDWXK8k3N0rDVJEPpM+W3ZzrQsAvxgmJayssdPgi4+9z6AfbKwNcaK2C/iQ1x9m5QN3XPfEvf8zmqIAPlMbQ== processed in 342ms
[2026-08-24 08:54:07] [DEBUG] [db_pool] Transaction payload payload_hash=3XaCPizvKBBImJrOhl9sgVTshzod8BcO8OBqrqRHIs/pEY6Hcq+nDKv+4S3tWmp0J5D94XPo8Anl6czFv8qwuQ== processed in 36ms
[2026-08-24 04:46:27] [INFO] [api_router] Transaction payload payload_hash=C1TXqrO108wls4csxdLPC6iEfUzBrklrwoRTZewXWUWL+qRPQNjH0JlIAMj2JEEgPDmx517rjoxUMCo/vmKHUw== processed in 481ms
[2026-08-24 05:22:10] [WARN] [api_router] Transaction payload payload_hash=bNME/w2vW9oiolzpMarGiREfNAJVfaUhH/FQoOFf+GmU93ObZ+ienIXJbpk8nXG0025OWQlrLL78snR//0w6Wg== processed in 28ms
[2026-08-24 10:00:13] [WARN] [db_pool] Transaction payload payload_hash=8YLbNihInirjTFkWF5u+8Qw7QPDnfidUQt08y3m/TZTdeuz9znBBxY/OpNgCGUnMnHc9IziIGiEnxLgFQ/KefQ== processed in 28ms
[2026-08-24 08:57:26] [INFO] [cache_layer] Transaction payload payload_hash=npM2V+TtJ9LTDiE4x/diHc+6/GTBHrC1pmHYST8v6taXKgRWTQWrL1orEji5ZNHOLFVVY7GJz5HA9cwF8JE5tQ== processed in 20ms
[2026-08-24 07:05:59] [ERROR] [payment_gateway] Transaction payload payload_hash=Qg10vVRXgJR6IJtJLSEEISoPWwZBXJNsb8WFqolvU+td/2Wh7KA5HR3j+mOijP0kxczC5aiUZxy457xcrBpFPQ== processed in 264ms
[2026-08-24 07:20:05] [WARN] [payment_gateway] Transaction payload payload_hash=j9DIoczw6gQAr1h13a/QBKnffCJEwFq4cqzf/TdqeGNYZ4YzGAvdlsY6fudpnHAQyW7O6r30y/KlOd3t79lkjQ== processed in 241ms
[2026-08-24 03:33:04] [WARN] [db_pool] Transaction payload payload_hash=s16n9gu3t6HvIcgr6/vy0RbZGC6cqGAhvhJG4ZtWH71XZ1OAyKy89uo/7m0WkmX16Ej/WHdYBQIh0z63hKGyuA== processed in 272ms
[2026-08-24 10:03:07] [WARN] [db_pool] Transaction payload payload_hash=W6fdfwQIIlQceFmVSghOWGdze3N+dkrp8rWzGSKSzTlJh3S6rz07b7WRTNWxpX2/pMFWuEhSlrreuL0aJJ7tpQ== processed in 253ms
[2026-08-24 06:17:26] [DEBUG] [api_router] Transaction payload payload_hash=S9qlJVBWop7nAsZ2YjiLlvDXFSWZjW7d+vdhJEmyTL1H/73tH1kVs9MJkCIjSBjmKAxWV0mucEOXLHoL/MnoPA== processed in 26ms
[2026-08-24 04:12:52] [WARN] [auth_service] Transaction payload payload_hash=B5/Lng8zlPQzqR0sE996OEeMlFAj9x0ppOgYhmxC+fXN2QJSbOJEixOVMD+MHrh1hhv3xDTW3l8KjICEvj9KMg== processed in 66ms
[2026-08-24 09:09:53] [DEBUG] [cache_layer] Transaction payload payload_hash=bmEQVVhsaCYd2PbObPXd2+pCkGDqplzkiXZA5lWY0ipxJK6eRvneSNn0sWgvNBpUAO+fcug+Mgoulpg6k0KcEQ== processed in 176ms
[2026-08-24 04:32:14] [ERROR] [auth_service] Transaction payload payload_hash=eXTWn5AMhJ2dy502YXIGq4dK8xyB9K+UGkZ1X/YmEuhRyqUW9yjoo7A6bn6NvJdsHbcCjxEpJM2cg0lmbaAqDw== processed in 462ms
[2026-08-24 10:29:29] [DEBUG] [db_pool] Transaction payload payload_hash=4daYUcrFA6pSHZ3Zss6ZWqKIp4mpfYcM6FwvcIAbW9Ev7cU/KAS22Kp9A6siPfiZqq9YDjGJds9isxFMDJ5hlQ== processed in 423ms
[2026-08-24 10:04:30] [ERROR] [api_router] Transaction payload payload_hash=Orw3jV41zlklt4aqaJwGX/Ap1/5kV3cSpTGlCFvl1GWy+LQDpKNiK7AjJXyPl7LrMeFeUff/O+33hd2LcSFbiA== processed in 19ms
[2026-08-24 04:47:26] [ERROR] [payment_gateway] Transaction payload payload_hash=9prBFPJnOX8ZfpZwUkTiCXkJjrBOP6qNhVoxo1/BQSqy1ZiPZdoXX6I1fGP38XrqwDhwtub1wNfkpTCXJM8pJQ== processed in 176ms
[2026-08-24 08:03:57] [WARN] [cache_layer] Transaction payload payload_hash=6kdhKlIPDw2eMLnj1qZOuk2B4iqRhqMh7+k+5TgOy8QI6X+2v5gvz9KwoPsaBtRwYghziCbA4sVHLh1pBxWwlA== processed in 387ms
[2026-08-24 03:47:12] [WARN] [payment_gateway] Transaction payload payload_hash=w8gNHPZrpKpBZq9iWCCxOkrTAGqHormev+mFhC0Y8CqoHgCiLSDzInRRflK/ibGJNwqksolfxV1gBvLWXwXHYQ== processed in 260ms
[2026-08-24 04:15:32] [DEBUG] [db_pool] Transaction payload payload_hash=bvbgr3yixXvwxUTbgXdei/NX8Tsk+an6sHgcU2DBz7iKRSEiKmsohJxx3+oDtloFmUaW+IZYa3It2hUFWyQmRg== processed in 142ms
[2026-08-24 07:39:07] [WARN] [cache_layer] Transaction payload payload_hash=ykR2h5i8JNY4B9FvmWaqMd+hTKE7fxmpBXB9aNvzo7RVOdEc/+S9vTta+at+V2Y5/DKmiBtn2r5QtDvnx2LgzQ== processed in 37ms
[2026-08-24 11:02:57] [INFO] [auth_service] Transaction payload payload_hash=EnUoiTazsN8CdOojRDlGhYqeWqGzi7n5SQT9vM/YYpSwHBFTJ2TYKOASnB9byD3W9d/WkUDoSOTwAmpfiwjdkA== processed in 375ms
[2026-08-24 07:25:26] [ERROR] [payment_gateway] Transaction payload payload_hash=+CW/hlw8ueZoT4aPJ5IuBmZynOcyME2EV8QVU8/89UwAH/dhhi1JkCoY1CDP44cxB0g7mlR6wdvJeCMNmeBmcw== processed in 150ms
[2026-08-24 08:45:21] [WARN] [auth_service] Transaction payload payload_hash=eVEuQLd0zCrQetA+NCx0N0y8jP0F6ucT3ND1RXDfwmIFNv9s3WsUD60Z5UX4+n6bcLOhwvmHO3mWlmQ0f/QojA== processed in 3ms
[2026-08-24 03:35:37] [INFO] [auth_service] Transaction payload payload_hash=tYDWlVMrHmLu8DQG4RApOPfQpdgUeqX9QXNKi5wcVG5B7YDpWx8KK1U52CpQiOZu+69NdmEHZYU9XL40N1n8Sw== processed in 299ms
[2026-08-24 05:17:54] [WARN] [cache_layer] Transaction payload payload_hash=5yCq9GSLm92Mt86utnh9rDI84ofBF/oaWxCfVv17qVUysdAWEti1ZikhLJsUDorGbYkZaX/3p/9QiE5lL3YaLQ== processed in 263ms
[2026-08-24 07:16:42] [ERROR] [api_router] Transaction payload payload_hash=J3v0R0J+AfajxAib3DOEojdizsFSuvshmAl75pTGvbl9oqX3w8EQIhoYQeb3lr11w15XuOPBUmP+lwz+yANGmw== processed in 218ms
[2026-08-24 02:36:18] [DEBUG] [api_router] Transaction payload payload_hash=t1mJp3hD/VaMLRUIt+Fyco60JktwInRYGrlasYNIAePHqB4N/Uun0UZjC+cQpP5eDPu6qRQKGAHA76V3vm5kxw== processed in 101ms
[2026-08-24 08:38:25] [WARN] [api_router] Transaction payload payload_hash=2ay9hobZwHfVsvy7BujA2c2mmbgwLS7ajjMcmBDLrPeLmimdm75VmfwVYFwi1/8mdFsAenTRR5oMao0jd/be0w== processed in 227ms
[2026-08-24 03:35:28] [DEBUG] [auth_service] Transaction payload payload_hash=JVjnzHd7xNPiE7ZyhOLZca7mqxLsJkVDgX4FGMAksuN1UmvzFqgMSl+TgoL1iSGdA8QpeITixhz0RHN50U8JWQ== processed in 337ms
[2026-08-24 03:49:53] [ERROR] [api_router] Transaction payload payload_hash=KQuB8wB88s/v7oL3fLBfDkHSfAX4/MbOFONENnwbxbWMtqax7y/s4efpg2+YUh1TJGovcqiLdAvRm1xD+q4aWw== processed in 59ms
[2026-08-24 08:12:43] [WARN] [payment_gateway] Transaction payload payload_hash=6CosdEN5axBZfzEuT50tJF/wvu5S/r7DyL90wJJM/ssBs9Ws8/I2fEqo+5kB2KW/bgmJJQvWTs3KO7xtSmROrg== processed in 406ms
[2026-08-24 09:27:43] [INFO] [payment_gateway] Transaction payload payload_hash=6So5g2bO0J93egZrFn9V1+RSsS6JDheN/PSWY8rUxtJwQRTbxI3A59/fQuGh+6CNEyegwyR0l0BzvIn0QOBhHA== processed in 195ms
[2026-08-24 04:58:33] [ERROR] [payment_gateway] Transaction payload payload_hash=OWQ+9bfZwLvG+HGgsWnCMCcPvNaS4x/K5hq1Orn1E3J/+u9H2CMaJdPh0rW9RroABz4wE7TUS+SKHM6v+Zc48Q== processed in 449ms
[2026-08-24 04:06:22] [ERROR] [api_router] Transaction payload payload_hash=YhdILq0u+A1Diq8C9CPULYGbbtL1aYJ/q3qTrHLiDDYcbt1CnEE4FRqkmZHecWQCr0VT0GdLeGkuDbz2R+XG4A== processed in 135ms
[2026-08-24 07:53:04] [WARN] [payment_gateway] Transaction payload payload_hash=c1srWlsVHsu3bkX0JEN8rEONmnYPuLiuT3D4vWEtmdbEBHTNdSToG5FKF1E9cy0jUMGCkdoC8uQdyJgCOb9YBg== processed in 376ms
[2026-08-24 08:34:47] [DEBUG] [api_router] Transaction payload payload_hash=mhl5LMF1pQXDV1j8aVy/2HCohZJ/VwesEEa6089UaSspUMzV6Fvict5nTw62xAbc/+g+gVMiX3z5FjuswzvzXw== processed in 75ms
[2026-08-24 05:52:29] [DEBUG] [payment_gateway] Transaction payload payload_hash=9MFuv/ofAYQf7V1KwVDcElIxv+L9YgL3jLJDL7jHVgGm193q8IT9EbnEqOdwv2IFgHCk0hxsq2SR9GOwnwMpsA== processed in 83ms
[2026-08-24 10:46:24] [ERROR] [auth_service] Transaction payload payload_hash=0jLun9oYuEBusBksbDUOveRVcTyTm97l3FTzirPcmi42PfE+nW0xyt/nh9NN7+7jyEUkS4Aora/M2epdY5bjYw== processed in 246ms
[2026-08-24 03:30:39] [ERROR] [auth_service] Transaction payload payload_hash=PHPj9+xVgLYVnDnJoH0u72qymA0ZUHJrGPpxd3OYpaIZRnpZlozunOqHGpXli7Y2G9QAH/moh/225ROrQ+gdXA== processed in 372ms
[2026-08-24 06:38:07] [INFO] [payment_gateway] Transaction payload payload_hash=qbpPucFlor+Mgl2dxskHoyZIUiddY+1y9lXVY7mYFbc9IEQBxygbWhnTIfuTVNP1ObWGCPCA51/TAIPMiqW9iw== processed in 208ms
[2026-08-24 04:01:10] [ERROR] [cache_layer] Transaction payload payload_hash=yfz5r1ZP7eBy4/mSP3xsZ11w44it49fQGkVlpQR94JPTWgvzZiek9YDU9x6pam1M6S6vq85P1PEbVtVhpW1eNQ== processed in 125ms
[2026-08-24 08:47:17] [INFO] [api_router] Transaction payload payload_hash=p0UIt0Rbz63SdH/WHrrUGPWabYt65SxpFRsYIUodY7mQyQNDmdI3qGNrJBHURuqWWU1E8eRzQ+E9FEccTWfz7A== processed in 384ms
[2026-08-24 10:03:58] [DEBUG] [cache_layer] Transaction payload payload_hash=d/OOw1VoB6q0OPcHLPIx6rYGzzs7H5KzcVNhWnh5PPmEXa/45kQ/WlxF10m65/sa1rTekFn/RDvwwculgzFAYQ== processed in 206ms
[2026-08-24 06:34:12] [WARN] [db_pool] Transaction payload payload_hash=aMOKKOfn/v7BGll3X+4UNSe4Sr7XG90qxa+WLwM4nBuBSOqjgXLjL/4wiY1X0PtvplLFp/MO+a2yc4w0hjlypQ== processed in 20ms
[2026-08-24 07:15:34] [DEBUG] [payment_gateway] Transaction payload payload_hash=Le1Qtv5eNRwdh89tXdvFpwgLGI3zekof82cO0xDTJbLHO626gGyx+3+OcoOiyhGbIa3hMYRJNOcOeHSBgWDvGQ== processed in 419ms
[2026-08-24 06:43:55] [ERROR] [payment_gateway] Transaction payload payload_hash=ynE+F4X4MN4bEKFp5GvrmXq7rS6GmF2se5rgB9qQMQ5/h32cWEYAx0gqtO52jmqPEhVBP+2CGDrBesgZ3P9JcQ== processed in 0ms
[2026-08-24 10:03:15] [INFO] [auth_service] Transaction payload payload_hash=zb7VA9+xK0P6f0/s8OPD+/jSSs2XFjY6s9cAAY4IczcinrbGOC9buia/OxgFKNlBZ16Lw9Ot29utPmjstgJo+g== processed in 169ms
[2026-08-24 03:44:14] [DEBUG] [cache_layer] Transaction payload payload_hash=kJ9evsmU9vn4EaC6qhmJdn6HLJWluJqS4LNveuwbmxiMcs1LkhGMQ0Dc2T9d0VF8EJd7jO1UuL9MUVOgCxJfRQ== processed in 199ms
[2026-08-24 03:51:39] [INFO] [db_pool] Transaction payload payload_hash=MKzsxbO6t+A5dnTgdHTBIWDrt7K3eaXm/J8ORAvaex4HsZdymSA7EpnCd7F/rdhWYuOgVMC7y3RPH1mg0ByydQ== processed in 241ms
[2026-08-24 11:04:06] [INFO] [payment_gateway] Transaction payload payload_hash=47VHNgoeETLAol6VT8/pzI9SSOts0xnpLS9qlhyHKtoNRNlpN6h6wuzNarE/heqhIFpRjM4e+i9cjESOlyeysQ== processed in 451ms
[2026-08-24 08:51:51] [WARN] [api_router] Transaction payload payload_hash=Rct3+Te7jTNm+nG2MXdvVdzGVrBilAAuIQ82GgpNCjRCvdIHyYCak5qw1cGaA6E8zlJj/wlqRbx5aHZIBQ00MA== processed in 92ms
[2026-08-24 02:17:45] [ERROR] [cache_layer] Transaction payload payload_hash=SMKqXdln2AzismEHq3c5DGxInnOmU2dL9soEJcab1Z7Gkj0ThG2SiS+/PiuUf1zkbYKE2lw1x2X1GWTw6F91pg== processed in 298ms
[2026-08-24 02:28:11] [ERROR] [payment_gateway] Transaction payload payload_hash=yeErxzQlWoFwQ/MIe73Q1TEa8objl8EeBJD3LAhLSC652SyaILTw6q53TH8lsnd8Bh7Jri9ffTxVLg6qoxKmXQ== processed in 54ms
[2026-08-24 07:10:51] [WARN] [payment_gateway] Transaction payload payload_hash=UFg52+lyFIQKxllKknmf2w9tuONvuzJgdbLVABnYpPjAceByzSJITVLguWH3AzKTudRi72LQVaCHORIqNOMqig== processed in 244ms
[2026-08-24 10:16:29] [INFO] [db_pool] Transaction payload payload_hash=I2R4/ZCj80pYB874Cm0btZOBp+GBXZlsuu9rGrO5ZqRahVK8PqK92UCpD4BbUqwQsbRpPKyaLkc49E7Aw1Z0Jw== processed in 337ms
[2026-08-24 09:37:00] [ERROR] [payment_gateway] Transaction payload payload_hash=TxjQ1mgpKdQARYNCDD5S0Amz8xMaCdbOgalR5AiAtIkmDYApK1JEaK3OVZ5Am/+CbepPts9eCLGBr9H5jyxxFA== processed in 459ms
[2026-08-24 04:43:00] [ERROR] [auth_service] Transaction payload payload_hash=Li7lwERaIt05H+K9701QrHYX8WNuZbJHYVUkBaviPzW9w0oPIITKqYEWejrPUNw1WxYBx9UNop6fkN2uIt2o3Q== processed in 281ms
[2026-08-24 09:08:19] [WARN] [auth_service] Transaction payload payload_hash=g9ZQE3VP00gQ4bVjBxZ3ISTWDU3yUCfOZKwGmFeZd2FKuTE2FEvuqsvZzxEOSazvsy9OZG/ME0mgKBEgKH2HHA== processed in 437ms
[2026-08-24 07:07:47] [ERROR] [auth_service] Transaction payload payload_hash=bohu9qwcTaJGZp1W1rBXODkMwivtd3VB/4JyIVTG3KmguLd1sRrnL7ArkGMoKlo7pSt9n7TfY+AaO9d034G4Aw== processed in 16ms
[2026-08-24 06:40:17] [DEBUG] [auth_service] Transaction payload payload_hash=lIohP3dRczEdpOCE6LFvOBWTKFqmpiVKFXQ0TAqS78Mtq05hz7ivWhW2m6QLIr/zBodisS1r9lfxVAX/pt1EUA== processed in 13ms
[2026-08-24 10:25:27] [DEBUG] [api_router] Transaction payload payload_hash=5r31QIRE4U5WxrTh4ri0uo7LyQo4kSd6MH4ZY7IU9bxJ8ME8Ed16KufC6pH4WPFKBlkBd+nUS+0NKtGk8jspxQ== processed in 286ms
[2026-08-24 05:31:48] [WARN] [cache_layer] Transaction payload payload_hash=3gJt8YX42FQ9yQNXxTpsVdPHEqVIcbARYYkU7tZWxam1FXg5YpCZd5GWLLyIPhDe91mBbbZDcoCO3R0OKyqMMg== processed in 216ms
[2026-08-24 10:08:39] [ERROR] [payment_gateway] Transaction payload payload_hash=oQEqAPKwHZhI+Oi8lqbB7aT/dveFSf5GF00sMUut4I9WrR+OKH/y0iIqVoL//u+8WYQfyn9v8sXus27eIXrgog== processed in 449ms
[2026-08-24 09:06:47] [WARN] [db_pool] Transaction payload payload_hash=WkjaOAql80lrU0QSBds10YRAdGLnW+aULDuHGN8gdiwi03m8MDCrcCT30gXXzCXzD7axnATJGmazQilSiloSEA== processed in 421ms
[2026-08-24 03:30:22] [DEBUG] [auth_service] Transaction payload payload_hash=6UGGIIXd24voydf7X5Cu4s+5806YdW154dED+S84wWAk5E0/FNPh+glVgJB3T1mMIE282qjHRKcDvyXX47XKTQ== processed in 444ms
[2026-08-24 03:06:20] [ERROR] [cache_layer] Transaction payload payload_hash=VPPc9zEtF1r7+xWd/jDDfcR1JtaVsG2MiM3jzGtFH5YS7YmSfNVArrpzZ6vs0CksnKx9+c2SV+elD10/WmORFw== processed in 77ms
[2026-08-24 04:14:57] [WARN] [cache_layer] Transaction payload payload_hash=kijKIQk6j1Z8bsuRaXN5dpZHs3a6YP/GLfOYaA+eEV2iS3LCk8b86fTTSFMNMjRZgkidCd52hfXOqwtNSpTyIw== processed in 137ms
[2026-08-24 05:01:18] [DEBUG] [cache_layer] Transaction payload payload_hash=Soj1VfdhcHrYSKcafxOlifGIDHmx/iDoVPDSG8l2q55En0r8jQktI962JqOOF1ML7VcPT7kCFfM9TiwHREai/w== processed in 114ms
[2026-08-24 10:29:03] [WARN] [db_pool] Transaction payload payload_hash=ERT6zpHRRpi7rkqt+5opuugpqLA+jq8EvKFoHQ2yfeqVbr5XQwGXETfqesNbGbtVFRYtKVaj3zk4dY/1IP68DA== processed in 428ms
[2026-08-24 07:49:35] [INFO] [cache_layer] Transaction payload payload_hash=OHI3zl52Zl86dvTDwzjkhFoG5FioE4nwmLIuqLiQ7AIxQzYPbQKcFa8m1BEvs9W8f9NebvVfz2cC5hB0dpKKaQ== processed in 357ms
[2026-08-24 08:29:03] [ERROR] [cache_layer] Transaction payload payload_hash=55ROu9ThcbhWubZ2wg7Er1ZXnfnpzHwsRRjLQ6z4axoOSdiz3+xO3w9rZTZ3sG76Jb0WOHFbdzZ09tMqHnrEAg== processed in 381ms
[2026-08-24 08:27:06] [INFO] [db_pool] Transaction payload payload_hash=x6vz2riOapVGzqO8vWU98sae6G3dbx1GyQ8PA6nwgYGaIJWsX5sMPZIfS9Pzo9m3IjsvupUXotT1sNgHu6z2zw== processed in 332ms
[2026-08-24 08:55:53] [INFO] [db_pool] Transaction payload payload_hash=diC14uOYdz7heHPUFtISOCpNKTtKXvNY3pIR9W1VoPhaNUgWu+2H+ml9sunkKIbXfaqADaZTegyt8YFZK2Jv7g== processed in 1ms
[2026-08-24 05:49:40] [ERROR] [cache_layer] Transaction payload payload_hash=S/vT8i0fn7COSVQlSv0rUTYY5hL8ZIH0ly/Te31uTSMuVZ5biII/kzddnYTFE8b4tADTyufRHMytiyt9JKC8OA== processed in 423ms
[2026-08-24 05:23:11] [DEBUG] [db_pool] Transaction payload payload_hash=nx1S9I3UgtsRPeW9cnSzL5EBz4LAZn9zNotkT+wWOcG+FUlnylRgAkK8SruxQh136u2lk1sksYfR6PL6dA5n3g== processed in 108ms
[2026-08-24 02:17:21] [ERROR] [cache_layer] Transaction payload payload_hash=sxPqtwZYV/3ykvSH55HzjD9Kxu1DRcMmPJm40hoZeP+WSq/yN77wfJ0HIGnVxpG0op/HDp4Lm83OCz6rhd8d5A== processed in 385ms
[2026-08-24 10:52:14] [WARN] [payment_gateway] Transaction payload payload_hash=R74AiqZSBfEh6VI5YsBjOD2FdZNaCiRspk9tFpRPe1evM4YcBiiErGRjyC2BZjjU0Z3NgflJO47PZOcPlXSOKQ== processed in 1ms
[2026-08-24 04:06:29] [WARN] [payment_gateway] Transaction payload payload_hash=jOcTuANB42Mg3/HU4wKkz1Idle3MlQIJQUWI+Z09KU5+Cvbikhm2IwQ1I5F4qxUZ3+ntOcUOSLp6I1u44n5oaw== processed in 465ms
[2026-08-24 08:34:44] [INFO] [db_pool] Transaction payload payload_hash=pUtsy+PSOlTjhyuW5GawIZgAwlwcOzK0XN6CeUkXjYogHJIax3TY/2LuAHkyKiuN21gEaSH2xKm1drLE96Nxww== processed in 482ms
[2026-08-24 10:49:21] [ERROR] [cache_layer] Transaction payload payload_hash=TsQdu9CcrK+LgBosTzP0+b6+oTNy6SjOm7muuDt2By3cwj9DullhmmCye7OPfEFeLCFaAw/LbgJk+Q3DVzwvcg== processed in 139ms
[2026-08-24 05:27:35] [ERROR] [auth_service] Transaction payload payload_hash=Z18WbrHYM7qNWbNzBIVqdvWYzi+XLk6pQUXd58fjHjJuPP0xqVfwybyh4iDTJfaeTK0UQAaW9om0qpyxC9AyeA== processed in 346ms
[2026-08-24 04:47:31] [ERROR] [payment_gateway] Transaction payload payload_hash=rFhfnqIDqvygz4J7AMm3R5QJl/Yg28GcbXuSRph3CbiXs2MhKDzAG835w5DAeCPQSYKrw9KgQG/hHexKTrGYtQ== processed in 42ms
[2026-08-24 03:43:25] [WARN] [payment_gateway] Transaction payload payload_hash=TySvho9s+0Eq5tABe/BgtGVsCYc1bfmmRaIA1DYj/03cKVJTZpgvAiWbrOSCdHpU0Pk/Ote+PIWu5dt2rAWf9Q== processed in 474ms
[2026-08-24 08:27:37] [INFO] [api_router] Transaction payload payload_hash=cHqGO6Tj2+1JMFy+nqCK6asFCfwie2qi9HW7mVQSY+og15vUfLZwSudVJqlmJqj7LHKws7jMC+M76zD87aAC8Q== processed in 30ms
[2026-08-24 08:41:57] [WARN] [api_router] Transaction payload payload_hash=xD3hGxVVGv7CmCj14gHJhteQdaXwMOr1QPMFQ+uKqGZztmzGeEq8wn0ziQMz0BD4BXiPsjsBmjtbYoZ4MNfwZg== processed in 419ms
[2026-08-24 07:22:18] [ERROR] [auth_service] Transaction payload payload_hash=ph+npCZnf3/1c0zey79L45madL9H3Sgtg0k75XedAF4J/U20DsdZGsuRlKNgYIgJfsavRverNK7Jnj/OAAduwg== processed in 367ms
[2026-08-24 09:31:47] [INFO] [api_router] Transaction payload payload_hash=clK9rOduV4TWw+Y1WT41eAYhw1L7I+YMUGNtzUNAc3063Abeuf1ri3JQs/PGBj6IXRWGOt/r7A3DxBfpkLa/1g== processed in 163ms
[2026-08-24 04:07:26] [ERROR] [api_router] Transaction payload payload_hash=dn6sJqUtDg9+kR5DzaiZGqsCFX58zPD/8FZ/FYJaw16MiD3+FRddZP8E6EFQXldRpxX0Ul2OCVoRtovTMtaCNg== processed in 278ms
[2026-08-24 08:29:32] [ERROR] [db_pool] Transaction payload payload_hash=7AA+TBOpbf98PMVZ4PSkVAE7q1PWUq/r/jtbIQX5vhiRghPowmQNmdfDBad2tXvy3YumBCNUtm4NqZ4RZ/Hh8g== processed in 459ms
[2026-08-24 09:37:53] [WARN] [api_router] Transaction payload payload_hash=jAERR/zubYkWyHoe9z7cfkqKnhHa2bpbwZlmv3doQulNh+sZV8Bs76bp6vzBL6JHo9ax60sCC6DoUJ1Yt/ZFxA== processed in 19ms
[2026-08-24 09:21:13] [WARN] [auth_service] Transaction payload payload_hash=nUaKYz1/3z7kGMgyFaq0y26a+ksu2xA8GMWh1NjMpb0R7/KewsrKVP3T709sxchZdv+bXIE+e875CAjKTNyYVw== processed in 290ms
[2026-08-24 09:12:47] [ERROR] [auth_service] Transaction payload payload_hash=VVL2WQZ5bjebsV61UAh7klOP2ROuvNd27boO05YLIm7NwjyGHWKwZjlEm6brClgHM7ha9BhYD19FiaEQls5P6Q== processed in 74ms
[2026-08-24 09:46:40] [WARN] [cache_layer] Transaction payload payload_hash=Iz4wYi+x9ikMt+j/bjOBpYA3aeVcBE1VjZxdXl9Xs3HvebG46XHYjvZCQlFT7j4pk2RHSxYZK2p4law2aQNrvQ== processed in 166ms
[2026-08-24 06:40:12] [DEBUG] [auth_service] Transaction payload payload_hash=jMFn6TjflvT1LTARogvQwQeULA96ahX66Szkv70W4Z7+1WLxro1dMSUyPQkiVTHKPMnhygdOTlShuY8H0yFfAQ== processed in 211ms
[2026-08-24 08:16:55] [WARN] [api_router] Transaction payload payload_hash=2CR1j7nBHOE4eSFikGk3hcrjJzGGg1SsI5CAkBzc0h/P39pCavH3MkkdXOhb+dHr6SASqFmqlGgIca6PbAQBgA== processed in 379ms
[2026-08-24 02:17:14] [ERROR] [api_router] Transaction payload payload_hash=9A7ZLiJdBMPnIoXt1PjIlDByOKcS/YeaVI5DrPRd7W1ed4br0oNZ8ltOidfa0rQ3X2I4VwVnpHjL8OOMvb63cQ== processed in 141ms
[2026-08-24 08:23:29] [WARN] [cache_layer] Transaction payload payload_hash=AAkoS3fAk/US6872ks12/LhXZBce7ipKiNUVjPJ2av6CeGwDwcGObxXeioxchEFu5QAIdpxWnlhgC7D8NShS/Q== processed in 486ms
[2026-08-24 07:35:05] [ERROR] [api_router] Transaction payload payload_hash=bwfJCW9TQOivI/gc1QEIrXfHRBHXXMKCL+oI4SLup3eSeROpTaLukGSJWsZf0PG8l6uMBvQXToo6n9aXilLvLw== processed in 169ms
[2026-08-24 08:08:14] [ERROR] [payment_gateway] Transaction payload payload_hash=3gmBz896fa4BR2QFz3p6up3VgERn/C8CTUjQfBIKkNjJPCHcDBL84nPmCCdymO4Z1i8iMIG+VA6ayElCnv/aOA== processed in 427ms
[2026-08-24 09:48:36] [ERROR] [api_router] Transaction payload payload_hash=Uum44Cne5b9DgMTClww1hgsOrAtI3Wq/z2EEhcQqNf/cHxuakmtz2rjWA6Kwh4dAmYrUe/d17AV73jIEtx1PBQ== processed in 78ms
[2026-08-24 09:57:14] [INFO] [api_router] Transaction payload payload_hash=58WrmmG9Zu36qeP7wMFDb/PbfxACz9uSzE+V3eTg1wTYeOSnBqhWALJX7I8+wRuNl4hlBTIuh7ILD7cMk6c9UA== processed in 7ms
[2026-08-24 02:43:21] [DEBUG] [auth_service] Transaction payload payload_hash=shQThh82+fT+SPXd9RFQN6QMTt5gAxvgmHWPTNHwkyYaYTZhVclGlYu4TSFLi9Dk8vJ8+M0SUuQiC9Wt+ic0bg== processed in 432ms
[2026-08-24 05:10:43] [WARN] [cache_layer] Transaction payload payload_hash=GEYLyklHk9wC3qhFlVviv7e0/CWlfZyZttsjdEA6p6DAdrxjgPW0A4TDqUw/2LRpYuEi9NT7Z1x4Qvukput1Cw== processed in 237ms
[2026-08-24 02:36:50] [WARN] [auth_service] Transaction payload payload_hash=Xqf12HSFe9QyHsKGhg4CcK1zOPBlJrn6Qn92fOytO6g19raIxdVX8pKen7q9WQDN11pP1uTx7GE9vFkWEXKlYg== processed in 483ms
[2026-08-24 09:16:31] [INFO] [db_pool] Transaction payload payload_hash=KFX0hZg6Eo87yTYGSKScxOY+MSRFO77Ca/UDdarKpQ+shwMFMbyE+RktUrwphd/E8uI5XeOtdgCul07xXGML6A== processed in 286ms
[2026-08-24 06:23:40] [WARN] [auth_service] Transaction payload payload_hash=aVeXrDS/D1VRXmwD7nuygbYdPOlLkhS46EJy86PORAYzsc/9RNKM2Bikcn5lxze7g7AlcKnMg26OGdS0LB6Vaw== processed in 311ms
[2026-08-24 03:10:13] [ERROR] [cache_layer] Transaction payload payload_hash=1hvyXErmNu5rQME5USEhO3AWEEdvKLkqI3dP9ci8iPmfe4wrsCvHAi295zFf/VmfpXeTDlgplLbBfck+//LK7A== processed in 221ms
[2026-08-24 10:31:18] [ERROR] [db_pool] Transaction payload payload_hash=mrrTenEnyMfSogHf8j1PvQ17Dfa6eFvHR64KhyEC2j4JW8r2Eqbwa2hUXYjouLEGhVM1l56t67qOBYm2hR5tHg== processed in 274ms
[2026-08-24 03:18:24] [INFO] [payment_gateway] Transaction payload payload_hash=tKhhh0L94hAojQG4/O3lKT+2teICDhhtgBm71REVZZ6TuBRcGjMez7GiKJqyCDiZDDWLFwASFR5k3RambJNr8Q== processed in 466ms
[2026-08-24 05:24:22] [DEBUG] [api_router] Transaction payload payload_hash=embFFp7PygYfy1NCti23jLgNcRyVxkY8AHoP4TizKLvoTTT7rooEyQrEe8P8zUf0oH93l1hNOhGOCy87jKDmcQ== processed in 209ms
[2026-08-24 09:46:05] [WARN] [api_router] Transaction payload payload_hash=J1z+mCkNot7UF9EDpQBstAg6fSfUW0JPlCV6jkb/a4pIgyfDNBM3gJK/ziUqAGi9sjb8a04a4zkbJnQdeWC8cA== processed in 9ms
[2026-08-24 05:20:31] [ERROR] [payment_gateway] Transaction payload payload_hash=PgRVjckiD0SA9+hthG3PszzUhT3570Ii6PkhpFNSu11phojrphb0BnZTvVWOWOVuPvomc2tOGtzf60Y0eTwE1A== processed in 279ms
[2026-08-24 04:01:38] [DEBUG] [payment_gateway] Transaction payload payload_hash=bqeMbaUYiR5oDM83yu4JE2IIZSMrF4dJVy7a+Jo96VGVO/kx0LIg22+8fwUL5r+HuCbtU99wpbp/rEH9oq/4LA== processed in 371ms
[2026-08-24 02:32:47] [DEBUG] [payment_gateway] Transaction payload payload_hash=mDuoZL7/zuJ+vsLy4affSVA8qO4a6xeOUJNXiTrefDN9Ha22Vsw+BHfC0cvttulxj0Cx4hGzu1BxO86LOwVONA== processed in 396ms
[2026-08-24 09:14:34] [DEBUG] [db_pool] Transaction payload payload_hash=ie820WKBa4bMGLnq3/FwlCViQonWTQgSBEa0w1JiglPkUqldah+Vk1sHdxTkazgl4dtmIdjfYpRSqRJyKDXFNw== processed in 453ms
[2026-08-24 04:28:30] [DEBUG] [cache_layer] Transaction payload payload_hash=za/8vRLZpixvVKPTclRJTJWTyE0Y82lG1KiKHoOtX6HOYlbfSZMMhYdmkWsqais7LP0BgDd304wEBG1RLc46qw== processed in 77ms
[2026-08-24 11:04:02] [ERROR] [api_router] Transaction payload payload_hash=NzTBJul9HcaN1uYMnT1BaKEY/YVYXPwp2khDZQshmRXZbC88WP7oGNH0ABwaUQA5D10HvW8Jbh9+7dmw4w6nUw== processed in 180ms
[2026-08-24 05:11:07] [INFO] [api_router] Transaction payload payload_hash=Tnseh9VCyVlBuJRlyNCtd+WV/v6sYyu3JejExdzP6MTzBACCgFWRNXfmGbRmoo+KteeeUKjwaU7x2R5ehNpseg== processed in 248ms
[2026-08-24 08:03:46] [WARN] [cache_layer] Transaction payload payload_hash=teJqEfRq9huG90nik58n4dzxRKaFoWmX2jilWoJdrYgpAJI6C7uMcMu/7Ap/Q4RtLsx1N0bByt3lCLIInWVadQ== processed in 0ms
[2026-08-24 02:53:36] [DEBUG] [payment_gateway] Transaction payload payload_hash=jrgmAn7RO3BK5X1C++EJzswHX/XsDRwqAUYbhDVX7pbA9x0lqTgQniXPPQFQ1PCqkrXhg9zIqEtyjNrZ+HYkmw== processed in 441ms
[2026-08-24 03:27:17] [ERROR] [db_pool] Transaction payload payload_hash=m9suO1UkpnBvEKX1CL+GeKsYlKJrxK4LLl99QshAIfCsRbL1NuxmY8SnIse4kfNfITYD2nuC5G/wxfkKWUShWQ== processed in 162ms
[2026-08-24 03:02:12] [DEBUG] [auth_service] Transaction payload payload_hash=q3VASDWjNY0JTvAg1nQAoNTxAk4rZFn4/F4Qi8NO88LG0UdkM78lRCx/P5Er/JyRIO3ESjoabfnOwD6D57wTRQ== processed in 226ms
[2026-08-24 04:52:11] [DEBUG] [auth_service] Transaction payload payload_hash=zmnvfCGSQlBcctUHmtHxbYbW7TK+6R5I+AzX9E0fifvDswVCtma6aySnISPRZuHs7hkFVTJFehMyI6EQvl9TcA== processed in 245ms
[2026-08-24 04:00:50] [ERROR] [payment_gateway] Transaction payload payload_hash=AAK6ZscUYr/bPyloCoWPU4Qdar6RlGyARw5i1c4m2Yv/eOJ+uMvWGJuM4tleE6H/LpTQ3ESI2nopzFBPnAzm2Q== processed in 285ms
[2026-08-24 03:26:25] [INFO] [auth_service] Transaction payload payload_hash=lYqSlM1FmHkJSUpz2Px3nIfIFwZh1DxYW+exKCnP1pw9MhufGBq30Yd/UCoAaSgkUj81Yqdb80fdaRYqpW1dJQ== processed in 244ms
[2026-08-24 07:25:15] [WARN] [auth_service] Transaction payload payload_hash=b3x1XM9v0dulVyJoDMWaIs0KO4/++XmF/eWX8v4QQ/DSVkUIZH9s+SEkpWHeMzOMZPJqDCdwlFU2EXLBlkM6aQ== processed in 241ms
[2026-08-24 07:49:23] [INFO] [auth_service] Transaction payload payload_hash=ul59P+Jc4wRvSLJ5RhZyPmkuzUmGIPe47kPhAZNDwpZGrIiui7c+xjhDvnTwnvijabrPWg9qtJAWuY5NZuKuDg== processed in 2ms
[2026-08-24 11:22:15] [INFO] [auth_service] Transaction payload payload_hash=fk2P2yPY5F6VyWhfrBSlC4I3NXohPwETLgp6ySkRshnTCyRQSroXH9Vov7opRedDwZS2zcB5SefDRo74pvQEPA== processed in 45ms
[2026-08-24 03:48:32] [INFO] [auth_service] Transaction payload payload_hash=4tVvSJQzq9f+fIZpc9u6YxfoGJN5m2z83uzpNnQHKrhZ7p9wsr18oR4EZPVBtoiFEF4sGG8tmfdB7ew4lmFCzw== processed in 82ms
[2026-08-24 02:36:19] [DEBUG] [cache_layer] Transaction payload payload_hash=T4C1cYVgb//N8zJcHGqbFkqTu7FWrYxwELoKXqRWKnuKX/aDBB5C0g4f1CISIB2ga/5WCGOBMyReK72+JRjc/Q== processed in 126ms
[2026-08-24 04:36:20] [DEBUG] [db_pool] Transaction payload payload_hash=VT7P8yV0lYur7f9mcDauMzdBX+MFbhuljpyOxewN26Ncmo/gMWrRl6uzgCX9tIIB9d23x9xuXIg4XommJgFQng== processed in 90ms
[2026-08-24 02:34:21] [ERROR] [auth_service] Transaction payload payload_hash=QlysWhOlR9BPUV6ObzXoP13PuzB+5lz8PBAReVFpA50oYT53Mlu2JxT2aEn+g9zLUb4ZGuNc6vrkSvoOJyilBA== processed in 134ms
[2026-08-24 10:09:55] [DEBUG] [db_pool] Transaction payload payload_hash=IffHalYXUe6cUUU0ggUcKsa1UVtO6yGTmZGS8BP/CD+KCxRger3QRlzgjCG2GkSOIZRoq67bJGoGmEmPoEar1g== processed in 352ms
[2026-08-24 04:42:07] [ERROR] [db_pool] Transaction payload payload_hash=EZm1vInimlkUsKu42ZycjbbwWD7Q54GjBxwFWAhzH4UyPE9GGURYyiPRwoIciYegFhVl5eh4JW+l+Xvq7kSZhg== processed in 13ms
[2026-08-24 05:24:57] [INFO] [cache_layer] Transaction payload payload_hash=QYxcbg68TSUQKGFxfldR7qNT0t2iMv4zb5RXiXMkxeqBp6BRyIpMygAe8RkK0IiVOtrZWqPVXja2IpZn5LBHzg== processed in 436ms
[2026-08-24 04:48:31] [DEBUG] [payment_gateway] Transaction payload payload_hash=b9MvJGn5w/YKWjjeiDqlGCDVpXxoB8YeyJqny7Sx78x8vQlmOm7Rf2gn1kpDS6NNhRW2lmNpTkoc42OdWqG1og== processed in 180ms
[2026-08-24 06:39:09] [INFO] [auth_service] Transaction payload payload_hash=PZ1XKW8qyc8KMyYeOIldlZ6xzsg+gvQ9kD81OJOTYptOmjF2oXWKUf5W6rvHhcvCnB+8zgucmE9IjP+fdLCxhQ== processed in 287ms
[2026-08-24 07:41:18] [DEBUG] [payment_gateway] Transaction payload payload_hash=DyQO3XVwhzJj+ye1UPNaCSg9AeIe+RCcNb7K8Bbsg7UctaQPIodtK5p6hsSSrIZu+jWBQzixdzLOewvfG93dvw== processed in 9ms
[2026-08-24 03:10:35] [WARN] [payment_gateway] Transaction payload payload_hash=iczQgfZILBXcKUY0wIDRLltM8aLdlgC6jlJ4SLkfHdUZsClawSOmTImTNTe3+/7Dvn4BjizHpd/3VHOIGKqP9A== processed in 498ms
[2026-08-24 05:13:06] [INFO] [payment_gateway] Transaction payload payload_hash=U2rD/rWOSIqMJy3PAtxqph48cT8Qv2wILohoI1wGjUTXkWqO+qPnSI/Hg4kXcBZ8lpWey9fPZvrrZtYckDqX4A== processed in 477ms
[2026-08-24 10:11:37] [WARN] [auth_service] Transaction payload payload_hash=I/2jSFJtu23IdXL9YaospeO559+Rl2DVpFf+arwQv4tM15C4gJJQuEE/ZX/XWPc+9IYCLLhxF2QCCeMxOwJxTg== processed in 202ms
[2026-08-24 08:42:51] [DEBUG] [api_router] Transaction payload payload_hash=ztZuSwMABXeEMAKztKN+0SRt5E4r3ersXNmpRgDWr2LueMjTpIcIpajxlrt7N5EBon9o2kjRKXPUgdLakUY5MQ== processed in 363ms
[2026-08-24 06:56:39] [ERROR] [db_pool] Transaction payload payload_hash=ZFVKwZAlQy4DvybXhvxYz+6rpz7bBBUynh0OFBtY3pLQChNtejgKcd958qCxs0kNbatzyw04j1Pst77oF3I/Cw== processed in 269ms
[2026-08-24 02:52:39] [INFO] [payment_gateway] Transaction payload payload_hash=8pnXGgdEVpu8S43UdY79hzmR+tiN8SS2WQrVhN0nrSmdL9h8lQMcOcwOZyOdeaKJLeAERPo1NZO+ZvAGGWoLug== processed in 37ms
[2026-08-24 06:37:31] [WARN] [api_router] Transaction payload payload_hash=sA3nU9m0MUjUXrfyTQzmeEvksXhDum5buonnEIZwV/8D7xTTPEOvTwxbVBV+pBY/tBeU6RRBQ4rULgGXTA5ZgQ== processed in 406ms
[2026-08-24 02:43:42] [INFO] [auth_service] Transaction payload payload_hash=u8vSFjGQFxOtlFrUUBVfeMg8xxT811a+57akAc7SExB/brFImTwkrkzfS8yPQcxJk7Mk5mMLJB6A0xQN1j4gBg== processed in 70ms
[2026-08-24 08:09:18] [ERROR] [db_pool] Transaction payload payload_hash=3/HK3n8ht4TDCXEZ8lXtEwagExHaQkw8+dFVs377y1A04+in2ugwnJnmcXRCxz4rHH8ZeiW89QyQkDtuy8rc5A== processed in 72ms
[2026-08-24 03:13:38] [DEBUG] [cache_layer] Transaction payload payload_hash=oUj3fR8jp46C2AQmMrL1hc49bpGXPscD9bDy+OkjiCkN8GUZXjSlxAVNpyjR/eqFNG25FtGkJkDfVI6kRfoXPA== processed in 210ms
[2026-08-24 05:02:46] [ERROR] [payment_gateway] Transaction payload payload_hash=wtAnJ79tYYl1l7uxFueSw5lt8tQJgjXrl60Odm30FL1GzF+nmK3wtAiFniftd2S5/jXOsYMxYTmy/R30Xr34/A== processed in 354ms
[2026-08-24 08:01:15] [INFO] [cache_layer] Transaction payload payload_hash=ln90EmQ23/1PQf175xfy4lAHPRelLUB5ch2wxwr0Q9xkkxu/qAVmYAtokrx6muMg6t9SIPu+zA72J4lkcE6vMA== processed in 137ms
[2026-08-24 04:34:44] [DEBUG] [cache_layer] Transaction payload payload_hash=uzuFQqJIWMkFlv/Nweq9TbFW//ZcC7YwA9eFRM4yo+7qQaIP3jYMiZdxjAOI/4UIHdsqrnZQqCXmkBToXvqYaA== processed in 475ms
[2026-08-24 11:14:08] [DEBUG] [payment_gateway] Transaction payload payload_hash=fJdsXlr6dQQPlOvWgaxe931nhJkPeNpbyiQPYHsN0p5ddXRa7ciEj5xyEdR3a00LPrMuiGGj2Ds3Rg0zRl7E+w== processed in 199ms
[2026-08-24 06:44:26] [WARN] [auth_service] Transaction payload payload_hash=gteGnEcqkfFbvIfacP+NWLM/hzTy3KiSeSqVtBJKxHEM+xInE+1qMgGmPaR7bMCGdr8rmtEi4psuUBVLYIfbIw== processed in 121ms
[2026-08-24 06:31:11] [DEBUG] [db_pool] Transaction payload payload_hash=OlDYtOPJRYpey7SlVcj8T238lNrLBJ/iA8rBMgXM+DikRUDAOvR8d6lKcHAHgQhx5ipB4fohtj9WEnNPbGV/9w== processed in 109ms
[2026-08-24 03:03:25] [INFO] [payment_gateway] Transaction payload payload_hash=yH1hWCNmHn66mk4LFOchaJk7JgZDvaPshMIAd8XmTNXyuKtUoi8vd6wDlK8d+x10zrcN3WS9IDlnSPgzbi5hhg== processed in 356ms
[2026-08-24 07:56:30] [INFO] [api_router] Transaction payload payload_hash=ZL7fkgshXRpynCmhxMlaZKthmh5P4Z05Z08ByzW/2ppvUMr6l6RvcAriX3elrIrwFAwF4vWf0CsTWxeTV3nChw== processed in 434ms
[2026-08-24 04:46:22] [INFO] [cache_layer] Transaction payload payload_hash=G1M2wvJDZU8mfuaRtsKFD+/mDttATi94UykRaIcxM35n8Vq4poItPK1P1HX9JCv67jDPL+2jY94wx90usodU9w== processed in 144ms
[2026-08-24 03:48:16] [ERROR] [payment_gateway] Transaction payload payload_hash=7FDp/jdQfpT7izG5AyBH7IpoyuZtZOMrkGqjBt12ZXPCjiyLkJdeq4mZHaBmcX0o4AdErC4WnKGvwfGHyY96bQ== processed in 16ms
[2026-08-24 10:54:42] [INFO] [api_router] Transaction payload payload_hash=lahQaGuznKbtxyaNNGHsyJgFczY/a5K7SVLbF/fVbwBz4klSCjTvqvMqUKPfiRfoU/EiD57Dyk23+Do+fZg8xA== processed in 172ms
[2026-08-24 09:59:05] [ERROR] [auth_service] Transaction payload payload_hash=RbfOapNYt4QIW5Fie5V1ideFQQWf+WDTGc9GruP96bcf4ooHlcVMC00Z8dbENXR2dJt2uEBc7YbHmae3BCkIgQ== processed in 6ms
[2026-08-24 03:32:39] [WARN] [auth_service] Transaction payload payload_hash=9obgRgQ7lst37WiHQQGNwmNaUlyOgOdYulRTdCOwo3GsEysiTuE/tmxKtRBnjHVYm/lVhHTnKe1uOpFsrrTJiQ== processed in 228ms
[2026-08-24 08:55:23] [INFO] [api_router] Transaction payload payload_hash=HTjU8tOr8VY76EqnV/zntdYIH2D7oxJo31qyFRhvX9bV31SoIyoCZ5QlnOecw8kKGkEz8Xj0++XeQCsBSKy90A== processed in 95ms
[2026-08-24 02:42:16] [INFO] [auth_service] Transaction payload payload_hash=ktichzIkpSMcbOkRQLM10Qihi/FBXhTzuofuQ9hhjc5yENrs4vYs7dy5dvsJS60j60xkBDYrFxwqGraA5ZHr/w== processed in 461ms
[2026-08-24 04:22:39] [WARN] [payment_gateway] Transaction payload payload_hash=AOaKrG+lG/k8f1mT9C6BZjKIXtplX6O9Iz2PQXbMe39w4AG96/i9dEk/yFYq9Ox/RVnWD9psb674w/A1cgQeZg== processed in 152ms
[2026-08-24 05:42:01] [ERROR] [auth_service] Transaction payload payload_hash=FogPZ5jw2JqaN6fJLeKihuRhN10wikctg36jX4zHh/jHVQjSEH5KkpbjgqXa+rfTm6qeTxrLOHCjdNm28XX3vA== processed in 465ms
[2026-08-24 10:59:07] [INFO] [cache_layer] Transaction payload payload_hash=CtrOmjSd2ROGtt7YojwtdUx3KuIt1w0CcBsvaEW43/ggOapcPoBjVtPaP9QW6SaE44hTdIACwlANlN3XOZHT6Q== processed in 215ms
[2026-08-24 07:18:39] [WARN] [db_pool] Transaction payload payload_hash=gT/KJ3XbKVIwevgaMBf0p4j66wFdb2QkkXeAS/LPLMiESu8+ms7tTAvi7QBRVQslQO27rdo4fo/rf9aBb5ya+Q== processed in 327ms
[2026-08-24 08:09:37] [WARN] [payment_gateway] Transaction payload payload_hash=ewmFGQWEedxP6Wz2wg7KUOFVsS2uy8wUFeBcM9xWuIeh2UnIKgbKZGOa0nuWVsSLJaBm9VOhQ79AgIuN5385zQ== processed in 158ms
[2026-08-24 07:24:29] [WARN] [api_router] Transaction payload payload_hash=06HuNsgq9bR23/k3JG6ICtFQqQ623/quzgpUOBxA4P7SymYxfWA0/MukBZ/BlQ51z7sp+/A6sU0NofNCCVYXZg== processed in 256ms
[2026-08-24 08:01:06] [WARN] [db_pool] Transaction payload payload_hash=Ygw+LlSvpPihRiJ2rwCucfZtWjRv3czzlU6Ru2v3LkC9zh2Zi3N/50Otg1opw3Y9lobNKAh1pnThcLHXPs/CjQ== processed in 22ms
[2026-08-24 08:56:55] [WARN] [api_router] Transaction payload payload_hash=4gISosmgi8NaAm89uTNuzRghyLzzVnqg/s/AFj8HoqTJm+sbBHUyGYewQLZ6xfGVjXTzEZSxCjgGatiQsnAaXQ== processed in 215ms
[2026-08-24 03:08:49] [WARN] [payment_gateway] Transaction payload payload_hash=vDPwC2tDutsIrOf9JRSEkfOXREx/kDHqnSCeN56nH06diD1MFNsThBjD9vg8CZWzQjMrZ3JHSvttw8oKL5RM2A== processed in 229ms
[2026-08-24 06:02:02] [ERROR] [db_pool] Transaction payload payload_hash=4UueqfED9vpxJWK2Q8LTqh2wdVxmsQ746OQHFdom+AxWfM4J3dy4gZ5gS7H+V7OYnUdvRuvoB7qUGuAC+yS+FQ== processed in 487ms
[2026-08-24 04:29:50] [WARN] [db_pool] Transaction payload payload_hash=mR3fvkxeN3ZK8e4a17+oB9zTRlkInxjkumP2XOuaeux+2zK0b/T+H6i6GWTjv5niu74C6iEke2hsQOo7oaV5rw== processed in 155ms
[2026-08-24 04:47:36] [WARN] [auth_service] Transaction payload payload_hash=01Fo+yHj/0fVRxqb240m7BSTSk296jCxLb/NcW0nqpvsUhqS9g6eUOHqOaoMn4AlwEtZDBjPb0Wd+lh2gHnxXA== processed in 77ms
[2026-08-24 03:13:54] [DEBUG] [auth_service] Transaction payload payload_hash=6/eHZcJNNL72S9kH/8HQXu3A7Cjhpp6gv9QTQbfJXCDeVPjnj8irOCUhH8d4QK4qSkjQSyqHqnFsqo1fEX/4LA== processed in 174ms
[2026-08-24 02:52:56] [INFO] [payment_gateway] Transaction payload payload_hash=e0TyWXVBHe5izHGPHKr7Fd64Fp+M/0TZm0Hm6oYjVuf9tfrWYW2eaiSTcTsLGBV3XykzTmPhwcMO5tbU0uirSA== processed in 336ms
[2026-08-24 05:30:05] [ERROR] [payment_gateway] Transaction payload payload_hash=bOfDnRrA+rV4kbtaAjtgDzbMN61Reg12xyUwn11LwjBAbTw0S8PwXJgRvkJmerta6/G/UeCvy2iebtzFVGPaXA== processed in 343ms
[2026-08-24 03:05:48] [ERROR] [auth_service] Transaction payload payload_hash=GL87zZbZn7PdDxWopGLirSOvxmiCl41p24fgtwJHPXjKUKPeYBj8dRLrc+dvBmpXIChRn8A+5fySdmN75sP5TA== processed in 70ms
[2026-08-24 06:35:48] [ERROR] [api_router] Transaction payload payload_hash=5iEZgegs1bsHDgOarh6Y8I+mw8x0E5fwkrtxpL+FTojabJDN8vZ786OkK1T4PBKbIpcRxtCEa5RCmmQityep4w== processed in 52ms
[2026-08-24 07:29:14] [DEBUG] [cache_layer] Transaction payload payload_hash=JPduK5vdclk1RC9C1jWJalp5zouEshQrTFdAgOubvBZVW5BlCM0cwWNhOSlIrSsyoMSsSqwjzdXZtIzJxjYPJQ== processed in 452ms
[2026-08-24 04:07:22] [ERROR] [payment_gateway] Transaction payload payload_hash=aSw/AWkYSlpSTSTRPK+52Qp2WKl9Zu2ppXHCgEMwG6m5fW8Xp9S0Ce6H/0EtM9rNj2Cxkn1setLsROb1/d+bHw== processed in 337ms
[2026-08-24 08:59:15] [DEBUG] [payment_gateway] Transaction payload payload_hash=rGvYblb3dABLLq42TGx/qpodkUSAGSaRGyePl8zEjJ5bMHbLxkNzTflwoMTDZkKmIUyYqLQ6/AqeEhm96DhTug== processed in 475ms
[2026-08-24 05:09:41] [WARN] [payment_gateway] Transaction payload payload_hash=KwNb/qjw4L/f1CUojERFYTMlu7JvC8cWcpFeaq8d2/msJ0Zw6P3T+XQE4d/de7m6wy54hCVl2a99GvItOAxQ6A== processed in 157ms
[2026-08-24 02:50:34] [INFO] [cache_layer] Transaction payload payload_hash=CZt/je+JPkReoLP9nDiBJluQQthnjodRv69YCMzoBWZqJH95eZBubHfl16nkeoo1m3lJRfb76mIAqvLIVqzrIg== processed in 322ms
[2026-08-24 10:22:07] [INFO] [payment_gateway] Transaction payload payload_hash=qTjg/qrg0+l4hR8TSPtLs9IGiLJNZNpmlIwCKvcC/ITzCBuEqJ8xgaFXNUD1pDrfKICpfd9uCNWpvWftZWsDaQ== processed in 473ms
[2026-08-24 02:22:35] [INFO] [db_pool] Transaction payload payload_hash=t8teZpd56nOuQxo4bbUQsODAcxZCExGYYmQ2l610QcfGpMtcCdLZWDm83WYq4hdAjp69Pm4SvBVBLOgdgeT1xQ== processed in 53ms
[2026-08-24 08:31:12] [INFO] [api_router] Transaction payload payload_hash=lxPx+afRRsRcvt3fzB2cjn/qtsfBh7zJA8RwRN9AEo+70YH7n+n5oCdE0rSy9UWaWfRet6jDGBy3nZ40RswDcA== processed in 276ms
[2026-08-24 02:28:18] [WARN] [api_router] Transaction payload payload_hash=Fn5x+uzgxS5TWGTqcR/AKP8kkoCTvSu25qm7gdz/fIHpPlwYnLALPPno82bYzUfx0CoYJnegcmk/jOGmcmJn4A== processed in 374ms
[2026-08-24 08:02:32] [ERROR] [auth_service] Transaction payload payload_hash=Jq8g2rlYuzZFRekCjc+b8qd117kPZUstb0GAPWlCBPw5SlRXJiSErAl7r+5/4seinB1dVVRVbjwvAMtBSlnAIA== processed in 478ms
[2026-08-24 03:14:10] [ERROR] [db_pool] Transaction payload payload_hash=GvDYYxGpu+rRr9PldQMuRbuHcNnurkloB+oq0CZT4Zk0PYV0pu2UewaWXqEiEPSQGnjRofT3CSP3zlmlEslf3A== processed in 426ms
[2026-08-24 07:12:33] [INFO] [api_router] Transaction payload payload_hash=CwasXX6OIgy4AMXJLK5OqIvcGYvLZAHSxRufE9qf6ISNnLj4xwPQvsp9hnp5StELMvRvPA1X9e2Mr7dfoqmUmw== processed in 105ms
[2026-08-24 10:05:26] [ERROR] [cache_layer] Transaction payload payload_hash=/EK7dYvYvHLqKaR+/4ktUNEyKnvkSQTIqu2wa4SHyjXtKwz0GDyQ4AasGyyVC/xPQC6k3kRp7TOWnnBkdffZXw== processed in 56ms
[2026-08-24 03:57:33] [ERROR] [api_router] Transaction payload payload_hash=S8aCYYcZs/GaPRpejebdOLyKi/nB9FtIrKjXCPrFMolvXbGkyUpmg/1mvP4oyrEPFwBeDwsqYAFUhzv9Ji+kgQ== processed in 395ms
[2026-08-24 02:57:50] [INFO] [payment_gateway] Transaction payload payload_hash=LRJeAaleOxNq8to8y5iWiHcomItZIaC8ixPYud7wcAPVpqcMwNd1VZgvsnhP1M0qtkzwQWNeDuZJfX4k/qZn/A== processed in 282ms
[2026-08-24 02:41:49] [INFO] [payment_gateway] Transaction payload payload_hash=95XFAejYh9rhJ3GW646+ARj7GOLnD9vy42jSn0vWF5B7KuFxy0DBUyNMK+7TDIhe/i5/x74ErsctFwe4MrMnBQ== processed in 459ms
[2026-08-24 07:39:23] [WARN] [api_router] Transaction payload payload_hash=GB2mBMpP2H698yK9DY3iHJJaqU9pVN+79Sjk3vjzNAH7Xp9bniQCBlm5V1Y5EMvYKoqlwU76gzTQUmfIhS85GA== processed in 216ms
[2026-08-24 09:26:01] [ERROR] [db_pool] Transaction payload payload_hash=LL8pk8b7RtuJegbKVLqt+FidVLKyApCnGrFUkPYoq8BFuWiY6zZdvJSP7ouItzx4EwFEqY0JsFDGzl/00sXzHQ== processed in 496ms
[2026-08-24 03:04:30] [WARN] [auth_service] Transaction payload payload_hash=ZHlEreyZcWvQqxUp1KALjA1B28Ky08B/g45sWs5I5csUh6QI8Kj0FI/wtDGbY1wTmvp3PtXRlvQQRq1Zn/tUMA== processed in 15ms
[2026-08-24 08:45:21] [INFO] [cache_layer] Transaction payload payload_hash=3cSf2A78ImCYiLdCwPR6kN3z+Nvh9mZezOkgSNolGt1nYI9H/JT+ij7LvPNkTlWY/FSGXOxG+O9C6c1LO2QPrw== processed in 149ms
[2026-08-24 05:55:30] [ERROR] [payment_gateway] Transaction payload payload_hash=ImGlvQCKyvSBG8v7WnKvLjf2u4J960cp0YqqwP/Ld3f0To7xQ5kLv+hx0v2PpIodJfyRuu8lR8E+NCHFEohZ6g== processed in 21ms
[2026-08-24 07:58:26] [ERROR] [api_router] Transaction payload payload_hash=EtGSOC01ZZodNzhnmVqjz9WBORDcPT9OcZRZ4IjYd1C397+4lBOUx5DhimUKLdrJYucGplJqTox89YKhLYAYjw== processed in 255ms
[2026-08-24 05:02:46] [WARN] [cache_layer] Transaction payload payload_hash=1UTcp42slF/Z2bK72i/BaRRuFT4dzwKENfWSE6FAefwmd0RtmsMpyS4u04t+EZhZ5Eh/WX3rm0KBXv1hlZrLUA== processed in 468ms
[2026-08-24 06:47:11] [WARN] [payment_gateway] Transaction payload payload_hash=5A0XfopnYCVqXWYeqkBN5zxKVOGP5fltWKHplc+hR1xcYQB8XxszIDYmck3sdTvdbBMPDQdpEbhjdQbQrbhtAw== processed in 180ms
[2026-08-24 04:18:49] [INFO] [api_router] Transaction payload payload_hash=ijhJG7wLbY/+K1KbW8ouD4jsOgsmg7ioEx9W2cYgoZKWi4aar+099nxEdhB1B7SnqE8vzKWx6mQOgJobnEkXYg== processed in 401ms
[2026-08-24 03:06:39] [DEBUG] [auth_service] Transaction payload payload_hash=RRyaH5og5ptx0ap9z2JK7yeFhtZPN5j7D2yyfDT0SPafr3e3fX6hLd4d7K4yBlLeDDtTilCNCjKZm/6B9SYkQA== processed in 27ms
[2026-08-24 06:05:09] [INFO] [payment_gateway] Transaction payload payload_hash=1WjDzg8SHYEVHfQfdPnGMmsqiYdC3QVoFn6nlKT3LmATphZa/rYF2mi+ZO7/bpSxEHrRTgiYrX0Xcc9TH9XpbA== processed in 37ms
[2026-08-24 11:20:16] [DEBUG] [api_router] Transaction payload payload_hash=zeE+5BrbY6k/3Cd2WONCQsct0lsi49/feNiVCm7xzA9vc0FPxRpdHqZ3eh5h5GR2sC6yVfZfxgOfECxSENf1jQ== processed in 184ms
[2026-08-24 08:42:41] [INFO] [cache_layer] Transaction payload payload_hash=ld3I1iDwjhsib1YW0XjOwc7+IgFybE+IBL5kL7JrvJBSzVoKT8hSZxaDeT3pW8n4bL0sv5bBjUYoDty+CnW4qg== processed in 376ms
[2026-08-24 06:08:12] [ERROR] [db_pool] Transaction payload payload_hash=WZ1zD0v/dfLlnuDOCnkMil2diWRM+fIyNHXIbxqFDqgZUI8GmFDc8GZECdGtcCQShQOs57cHKCE4AES53KyNTw== processed in 436ms
[2026-08-24 11:22:29] [ERROR] [db_pool] Transaction payload payload_hash=ly9/ngviZE62BAdF0W7y6j46fHr6kkYTJT1JHZ6ryF+Eim+Mrd6CGTfSyLjvrHlMAuP7oX8zxvGwme5hCLO5Gw== processed in 35ms
[2026-08-24 04:02:32] [WARN] [api_router] Transaction payload payload_hash=tZKQebzjds9yVG4vpyVq7lcF2mzqgQoK5/ZBF/UNHjmlclo1Mcd724n4sZpB3PKB/i20FjfkY4iW8Jn8gWtVng== processed in 318ms
[2026-08-24 06:39:57] [ERROR] [payment_gateway] Transaction payload payload_hash=5sHR5rLBaviJZuahsgf58ahx3GCVvkWhxwWxuCzVa68IDvk4+7RWyuL1TjiK7vsEhmDCTiywYWaAc71PmDBg2w== processed in 366ms
[2026-08-24 06:22:30] [INFO] [payment_gateway] Transaction payload payload_hash=xKihEW5OPpjhmva985hCxQZVvi/ifb6pRi/GoX5/mOuXDhi+/rDLpx9COPhJYL2BkxjrqCDgqkaB/kNC4My40A== processed in 51ms
[2026-08-24 10:48:56] [ERROR] [auth_service] Transaction payload payload_hash=BA0uwr/zW5KpA87zsosxig/uUdAWqbsRD55rUS7VTJlHPrUdh6jj45bZF3k4t0RtndgGr0bgBdt/aDnQU+j8Ag== processed in 260ms
[2026-08-24 10:15:28] [INFO] [payment_gateway] Transaction payload payload_hash=mumDWw1gEOw0YNLVV6Tghu1kDXMuJVNTZh/IEVq7OBfGY7r3NrN83k0+8YhUDBa803Z+k6x+TMuccXcnA57xpQ== processed in 435ms
[2026-08-24 10:30:19] [ERROR] [auth_service] Transaction payload payload_hash=r5UKlNb+m99EM0K8lVd6uvXuTaz10gNc38iV1vhQZAl20tbWr8HepscxsRv3JryQI/cbrJwQcjQBNs0Q/l3LSg== processed in 228ms
[2026-08-24 05:43:54] [DEBUG] [payment_gateway] Transaction payload payload_hash=HLL5pb/QJTG9orW59Po3Wdq6GjxGiFHjlPZpMOG1SqDmfMmHa24OnH+grdSu9cJZwh8lrgfkxYOD1TMlqtSGNg== processed in 0ms
[2026-08-24 05:23:17] [DEBUG] [payment_gateway] Transaction payload payload_hash=IAHd+dP82P7QyxeY3i92NWQ5ojnKcPPQE3eyCIYKHcqYELx92ccz42o1dBruaJNrEB5DJrk9L2i74+XlLAWsmA== processed in 66ms
[2026-08-24 02:32:32] [WARN] [api_router] Transaction payload payload_hash=d7pdVBDitpwMd67974fbMbhusEOZ97EPcfYlskO4U+FrA8xtqfCsnSClZelARIgwPOhAtaJZ0LPynWQpcOgaHg== processed in 130ms
[2026-08-24 10:18:25] [INFO] [db_pool] Transaction payload payload_hash=ZQNWcd/QLBNkewzpBihKvEzB5MglAD1mRDtloAitXR26UZ+VdV5iqIf4IIzbEEiBaazAtmMDeAakPKM8zwZ+fw== processed in 78ms
[2026-08-24 07:45:03] [WARN] [cache_layer] Transaction payload payload_hash=FSeFPzzn3CCAVwRIObqv+uOAgndxHf7hMU9Fy9JoJ8QHJnI+KldVEtP9dm2fl7b8ePlu75UicgW46aYWu/imKQ== processed in 201ms
[2026-08-24 02:57:29] [DEBUG] [cache_layer] Transaction payload payload_hash=3MUVvdh1Z/YUOVSqx5+ELnDQDRNyxQQ57v/3bL7whpYbVUQtlTQ1Lik/bTfWORXD6lcNuBAs40lUzpNvGBMHDg== processed in 412ms
[2026-08-24 06:14:03] [DEBUG] [cache_layer] Transaction payload payload_hash=bJTCz/3o/OaODAvpuKrrG9EJeecMc+BPdwGv2HgkNtTiEaNFxRakS0dPC7UE9MOXj//+IEWzk632H13MwVHmKg== processed in 193ms
[2026-08-24 06:14:13] [INFO] [api_router] Transaction payload payload_hash=qzeQ1OQK+AqR4NDEDbeWdUZwAcDMiLptyfugzOnv+fs76MxNs6VomD8p+3bEnvZMU3AqIbkrHv9KIeeVq+k8Yg== processed in 269ms
[2026-08-24 06:58:50] [ERROR] [cache_layer] Transaction payload payload_hash=zKlnh4CfP0fml4HIvJyFYwknH7oi2lYGPpRDeIXBkDAS7xjJxSHJpdkFxD1PbtoqNhoLVM7yzwV/mUmufsjMkA== processed in 286ms
[2026-08-24 07:58:28] [DEBUG] [payment_gateway] Transaction payload payload_hash=svrW6tAOaqBUaA2Q3hMetTjRNSgUHOZCXKt9H8E2Md//b6LG4djoGIudBdrVyV+vxdhoU3HYgjHzV3FsH/E69g== processed in 388ms
[2026-08-24 05:31:32] [WARN] [cache_layer] Transaction payload payload_hash=FiJ3mLxj5IDbLUaQ5idG1jIjtYaSPzHVPh01KTXpmkpNEyqiIJ1k4SIDaL8bwduAlduucFKGHwkzzHgbb73BTA== processed in 56ms
[2026-08-24 03:56:38] [DEBUG] [db_pool] Transaction payload payload_hash=jM+SP09X8KYZGXu0mxm+RI/wxeSaFkt+1Vu9lKqxxcQVZFpQjH8E4NzIDfbPZU9qiSq04YbvS0ktnI6lFFl1HQ== processed in 290ms
[2026-08-24 11:04:41] [WARN] [payment_gateway] Transaction payload payload_hash=pWTOPxbg/4S+A5ShedTfrADSLNfiXXsa1IfDgFjhBjo5pBf0j84pFZU/Rfq1ofEHTITVAIOLUv/ERcyOu3mTdg== processed in 175ms
[2026-08-24 06:48:44] [ERROR] [api_router] Transaction payload payload_hash=NCR0maQjpqen/D2YAjvuLiN9CPeponWB9d8VzGVHdtjvlqMiPTc837geBgOa6cZm4Z0cV9dEBxLDeUH/rAq45g== processed in 209ms
[2026-08-24 08:55:34] [WARN] [api_router] Transaction payload payload_hash=T3u8WWdteObo3qR7iVvLR0BUhBkopJizSSxbalA3vC9W3llSxUWeDMmQ8Hrj986ZFUlgFi0EFkoTzDSuOdpc9g== processed in 34ms
[2026-08-24 09:15:31] [WARN] [payment_gateway] Transaction payload payload_hash=14ItsuOxQSwKxoWf+KrVHg59DEtBAbAcK6WicnCkUpAGVqJRVvuE11t+aNP4apyX4JUfFy0R2WSacwys1fb2ZQ== processed in 298ms
[2026-08-24 06:15:38] [WARN] [auth_service] Transaction payload payload_hash=Ru6xerLGzmAt+LQHtdUfiYJqgDeBt4uo4J/OQLkjcpFxtXz9brq4lU5CRhrUnrvukdLXtBMLIkguJ+cOhw6fPw== processed in 350ms
[2026-08-24 03:55:25] [ERROR] [api_router] Transaction payload payload_hash=OHCr3gqbMMY/liU1SunzoC5V8ImP13sdgYWPH1rG1IJqvZ3wz8hm+Tx0t0/J9eULxolIUeuC9c7kT54/B1vSrw== processed in 189ms
[2026-08-24 09:30:17] [INFO] [payment_gateway] Transaction payload payload_hash=W3JTMtL+85DPuqEtcdrSGMNc9sox9EMG8nbpBld9bt55X+8IYX7jSpFzcsorgRAQfmZHM/rcHZiMvdZadTT61A== processed in 202ms
[2026-08-24 10:38:41] [INFO] [cache_layer] Transaction payload payload_hash=qRrA82/RFhTlRsxwwLaeBd4nCPUQ/2LNWtov+Knb4f8DsIYLTSthJNJWInfo0jbNIPYmcSp+AqqK6w6f6joOOw== processed in 230ms
[2026-08-24 08:01:22] [INFO] [db_pool] Transaction payload payload_hash=JZtWe4ktApNo9Lu+LX5beyvJi/7EvCrneXXoCG7yuKLVTIqSxAOHaoJttzyOo+g0S7HFIzpYGxw7msiSWgUv1g== processed in 18ms
[2026-08-24 02:24:48] [WARN] [auth_service] Transaction payload payload_hash=dSha/TJ45hq4RmNensk2muNP7FPkmFRNUEMXP59oDNfr12/BP19avrtHeGNGXPYhHIYGtfuARZYkMmNXizap9A== processed in 15ms
[2026-08-24 10:58:23] [INFO] [api_router] Transaction payload payload_hash=lSPJngAHbw0+vywUy9sZ4gzMoRFeA3y9XjfkhKQWSo+W2DmyOHOa/GwJX5KtbnLFld/JmsvJtfyW6Mix14YY4A== processed in 473ms
[2026-08-24 07:02:49] [INFO] [api_router] Transaction payload payload_hash=YiCh2Wr8zp/sAsVXBY+XO88VlhJNWMXoPFH812xoxA3k2hyfWjWP/nrjKOwK76zILOKKow02GLi8E5NZGPD0tg== processed in 329ms
[2026-08-24 07:12:08] [DEBUG] [api_router] Transaction payload payload_hash=XRVw9szVCcyfDOp6Ym0aWhZM1auKWUXZ9R2CESFSWOI84ix1h4bKTxaaeV4XQEVkn2Y899nDSZfZ7hz7BNVAiA== processed in 223ms
[2026-08-24 03:28:30] [WARN] [cache_layer] Transaction payload payload_hash=Bd7//HBQeyRYb/mbFGTgWAEwHX8TWp6CaNY7OShHl/FCVk7759A9wSnX9sJqx8+VTvNyexWi7IpKPtluc8PDvQ== processed in 297ms
[2026-08-24 06:44:54] [DEBUG] [payment_gateway] Transaction payload payload_hash=WqvlPAP+u+3LMLJw7sQGpPKwpBOtJrRSUJ9wB3ppzEMPwqJV61Res9OojYj4r6pGr++3kGAZvEY4ohwQDZeb1A== processed in 441ms
[2026-08-24 10:31:29] [WARN] [auth_service] Transaction payload payload_hash=2ORuhghGJP9US5oaoRsggpLayJrBYp5ghqk/DuyxGJeXAxqowBRA0mf9tHsloiiGDCjDHkvxYc2FehY/A8wD2w== processed in 55ms
[2026-08-24 10:59:08] [INFO] [db_pool] Transaction payload payload_hash=H9UbTlc3Ffe0zvHQi7ryGLpcjlwPMBeD0JjDy39Y71UsxlpAnyUnhg4NCtRr+0sIDtWM7YXIA248Gj+lEQDfTg== processed in 440ms
[2026-08-24 07:57:56] [ERROR] [api_router] Transaction payload payload_hash=44qkVDpJD95yvsPUaSY/AsvWVuyZu+J1BMMfZYagvtG47/vdJdNCz6ZzGsTe53kCFuF19rF2yJXdkDK/d2KLKQ== processed in 466ms
[2026-08-24 09:28:00] [DEBUG] [payment_gateway] Transaction payload payload_hash=Ctzt2X+50zO0GNSkmWajBrhEC7tBH7d8SBGoIFfQKvrjB51J9pa1nA5MsuzC9JXJ211pNlk/hbiPvqSts0pp2g== processed in 250ms
[2026-08-24 03:09:06] [ERROR] [auth_service] Transaction payload payload_hash=b7FovhkRXqvNhnMJjefkDjEfoVK44aQFZW8MqP41hP/2jMntH/yrzVkoV7xsJsezfV9i4la1LeGsB9PAZW1NTQ== processed in 489ms
[2026-08-24 09:19:14] [WARN] [auth_service] Transaction payload payload_hash=359gUbtEcHkL64GJ1oL8tP5ZMeLIKabT5F9h7vKg2MC2m4Tb6x7cQxZa9zb/xdUPo1WuQbI3U5Lxz/gpS3TKuQ== processed in 215ms
[2026-08-24 07:28:19] [WARN] [payment_gateway] Transaction payload payload_hash=TqdKBM4LHPuR09BTcsVSYHpMNczOAAwqKoaN7x4Uq6KSy90xgMTHbXh04Z1PHzCtXYTE7gCTHyBuv7cUcLjeIA== processed in 6ms
[2026-08-24 06:41:54] [ERROR] [auth_service] Transaction payload payload_hash=TTUvZh7KuvYEW8W2IshggOfhs8NrJCIJCuQceBbfu0VHyiSMTbzYUPaQPBwMSD5hlOy32dRnf7Y1hzRajD3WPA== processed in 222ms
[2026-08-24 07:45:00] [WARN] [db_pool] Transaction payload payload_hash=dLFsQh7d0+WKrI9o+pjYx4WIYMr2DvJ4CcSe9X66TLam6+wsqqmuYiiIyM2TgG9b77ys1/8e8Y8SOrpNG9LWSw== processed in 98ms
[2026-08-24 03:15:04] [ERROR] [db_pool] Transaction payload payload_hash=5Sj7vQQuffWS7+7vxBUGlkHXeuXakTJCcfARbLuIA1Jf6xzv3H0Akf4sIVYaXqtp9MAu1Fv7WJE6PDljWCZQ0g== processed in 44ms
[2026-08-24 05:58:13] [ERROR] [auth_service] Transaction payload payload_hash=RFvDAd54UTEZjM4+cvQZp5gy1+6qSxsSx2G5DLHNfMw9vFP9AG5x6Lrkt+sl/KbAvp6LPnDKK9pNVHvsWMO5hQ== processed in 91ms
[2026-08-24 03:01:34] [DEBUG] [auth_service] Transaction payload payload_hash=WzsD2OmpsNunLgwU1ss3TXgVL49GoTIUeSNtCrxdKkiCjInfXgzDmMuxPgogEOXQuyz09smcywQ2fCtvQuT37w== processed in 87ms
[2026-08-24 06:02:37] [DEBUG] [payment_gateway] Transaction payload payload_hash=GBN3YZz7CP0zuZF/Buv7zJgR3YOBvAlsLKO5eXV8WdYAvt0xE2bQaYB7nIGONqtzrF1T4rMhYVVyY/hDQIvGBA== processed in 411ms
[2026-08-24 10:10:38] [INFO] [payment_gateway] Transaction payload payload_hash=7OwJiiCbi7y076m4aRlu125/nSoC1ivxYHPqGb6GOTaSYMeQYryG7nOhar2NOjd6kyiFDYyqxVET3LqFHGqMlQ== processed in 130ms
[2026-08-24 02:38:48] [WARN] [auth_service] Transaction payload payload_hash=9Dp46T9zE1ROPclx01O5U0VZoKmJOnsElnApfSK9udO+DAGo1PkkBU5c8TqR64707th8GKDesrOpMfGg8pZ3BQ== processed in 187ms
[2026-08-24 04:00:17] [INFO] [db_pool] Transaction payload payload_hash=zkcImWzM6e25mqww1C8B99vWs8jWByflFUGJNwn4IXqfckV6hK4jx5gqE2jEzygoGpUI0FQaQvjY5Y3NfKt85Q== processed in 406ms
[2026-08-24 05:17:14] [ERROR] [db_pool] Transaction payload payload_hash=gBnWmuNR7jziyXxz+t4BuQ+SlKgj9pZnq0NTLutPGeeDcnY7e1G7ZqoATPe2PpryQXnVw3fyauZCYViMDWnsjw== processed in 61ms
[2026-08-24 04:05:52] [DEBUG] [cache_layer] Transaction payload payload_hash=BlNxeaaE9LW+gYnPJMUe9UAJe5Qql25uvTCPhKZueNyIhu/74lcrYyDrh//ju7pjEqU63Q8272/uw2UbwvYAWQ== processed in 380ms
[2026-08-24 06:41:56] [DEBUG] [api_router] Transaction payload payload_hash=JFrxIawzJ29AEZ6M8b5ILm7Lla7Z4Xgpvqc3qhuCXktZQyF7Ov61he9wrIrgNOeN0EkjpbQIABYfsRBkPzo8gg== processed in 333ms
[2026-08-24 05:25:30] [ERROR] [api_router] Transaction payload payload_hash=/ub21sBSIMaiYyscd7XJO9QZYWYpWzVtPnB6IUXimxZgHUC3lqmGB+qjVryBeo4TCwO/dcNbGoUISRP8F7f4SA== processed in 101ms
[2026-08-24 03:50:45] [WARN] [payment_gateway] Transaction payload payload_hash=m1cypzoa6Fc6Sg7QUjVU3j/t14SR9y/340EjSNCWDjlN+97sSlUnqVCtD6PwihfHTFqQnMIXX5OTMxKseggZyA== processed in 208ms
[2026-08-24 03:49:54] [WARN] [db_pool] Transaction payload payload_hash=Jm+pKR4mMQxtwj1tpwVKIXzLk2PWiagXu8MJLJEFSRRzvlPmPfcVGMTSQ7XuZ6WIBowqkr43UacmYj6LX5cDhw== processed in 92ms
[2026-08-24 09:15:43] [INFO] [api_router] Transaction payload payload_hash=Vk7ylwAzSy6tVyP0pUEujIhSrZMmO+mO/6XNTm8rDQNK1fvvZYCMDir4U1BF4OF/wg1CkG49ueF6eXzl4fCC/w== processed in 9ms
[2026-08-24 08:55:39] [ERROR] [cache_layer] Transaction payload payload_hash=EIo+pEgdUfvRTLOIlfSNOAgjQki8XIcIQLWO2VfgWIt7t9aU31901gECGm5CF/J3CRQGtrO3WZECmTTmNqyXHg== processed in 385ms
[2026-08-24 11:21:49] [DEBUG] [db_pool] Transaction payload payload_hash=QQjpkX5jrNMuctp3bKDKdzWssmyo7nyRWOQZo6ABLX8PBWOLThd/j/7P7Qk1qSgx8sb2Eok3wzlbSgMOD7/2KQ== processed in 92ms
[2026-08-24 09:51:59] [WARN] [auth_service] Transaction payload payload_hash=mmj1HaWGirHWddFpQB2SHUHqWjDm0Lv7gsgtW8IFzCzP5/uIJbj2yG+Qsld4cHtK3KZd7cH33Gx8h7niV74k1w== processed in 343ms
[2026-08-24 05:00:57] [INFO] [api_router] Transaction payload payload_hash=r17kkOiD+0Rv/fzhBXnGQSYgL1AH+K2HCloiD6xBRNX+GmmduoMBvdsODZRfW6NlEULDEYVb9Zxf6/Wi8bifqw== processed in 225ms
[2026-08-24 06:50:30] [WARN] [db_pool] Transaction payload payload_hash=cb0BT+EjTUyM7i/8BiQPZ8I37VdUG10oQGOl89eaO28G10n4ufjbj1e7DTa/91cxX4Cjqmz9iR8TcWH+wMYxwA== processed in 353ms
[2026-08-24 11:17:29] [DEBUG] [auth_service] Transaction payload payload_hash=gnfHGEnB2ZMg6m2gL0UFdAA7Lbw0f6J23FjS09FV1npWNBGcvWtbjLb8BdUZ0i8zVtnI9FnNaOhzbZuyZy22vg== processed in 446ms
[2026-08-24 05:45:23] [WARN] [auth_service] Transaction payload payload_hash=s0r4fWhgKZF+QWv/zEa25wNNA+OpfcCiXriaUC5V4fiarsXkQNl48Gcju46flN3Ye0qd5fvC52PeHRpp9QA/lw== processed in 110ms
[2026-08-24 06:00:27] [ERROR] [db_pool] Transaction payload payload_hash=fPVnjWl4bwdZpfUEJHp2aLa9be1va/OtvtzwunutZgIo/ZHkUmIJgivY+u9QFKo4U8SaGuvw4K6010fB8NxZ4w== processed in 389ms
[2026-08-24 03:35:49] [INFO] [cache_layer] Transaction payload payload_hash=Wbs+lJ3hHllHxO8In1OblmmnipklKtdvp8+DHL4WZIrE8FU2IVSl1aVfQ0r9ZODl4uSdevg9GwdVSSQCEWwQog== processed in 221ms
[2026-08-24 09:40:07] [ERROR] [cache_layer] Transaction payload payload_hash=KVfaHKFBVgSg0X1rS4JNYhbwIySxsDEd8jnZs1yKLH8nwph9kKVCfIrDViZNGoz1oXImzDqATZJM6eOhZT2wEg== processed in 395ms
[2026-08-24 11:22:04] [ERROR] [cache_layer] Transaction payload payload_hash=5YRmG+PAwjdcgaX8M+GzZzllf1c7i26Cm74GTcm0kUtPMcMylnEthB33zd0/Ami+zv2tJjeT+cl5s+LasccYXQ== processed in 430ms
[2026-08-24 04:43:01] [INFO] [auth_service] Transaction payload payload_hash=8P+7blhkYpPdZpLhXsu2J3KHXJMY4CsJ/wTJqOgdhueKpRgpiYMYX81txnZhCNoZ4wyWcWwREez806C75GtkYA== processed in 350ms
[2026-08-24 09:11:48] [ERROR] [auth_service] Transaction payload payload_hash=/SGYheIW4/du4wpfsGL5DXLE79SV1YrTETAOSsB29MijejJsi1pm/6IHPzsO5vapmHrZEZlBTIxuJk72M+Kpaw== processed in 269ms
[2026-08-24 09:20:34] [DEBUG] [api_router] Transaction payload payload_hash=yF4hUW1s2sNGir92veg2s3IH4L6C+71v685xFAHmSNNLkCdICXmfVh63Syrh9YwDzm1Yege7RfOpiXlLnlzdcQ== processed in 356ms
[2026-08-24 02:21:40] [DEBUG] [api_router] Transaction payload payload_hash=TJ4lPIqM8hQQRIZV4nNDbezhMkLJJkWS9Q6n1cF8/d9mJ0Gc8wvZ8fMslDimChFHBxzWl1DoNm19EkkjI2nPog== processed in 412ms
[2026-08-24 05:18:47] [ERROR] [auth_service] Transaction payload payload_hash=Umuk8ysOmv35mRJObq8/WdYb1dZKGi6unKUtEA0p8/brj9a6Jx9i+B2/wFQPGyKqINXurZuDnPnKGbZ2tR/P3Q== processed in 374ms
[2026-08-24 06:34:09] [INFO] [cache_layer] Transaction payload payload_hash=eY6xeLgGw/LwZgDIljRPtz8/+W3JzuLL07ByL0z8+5hLDD3/qSj+3M5wJgOh/7w3UN0h7ywhAsbmScWsxZ/Q0w== processed in 289ms
[2026-08-24 10:28:48] [WARN] [api_router] Transaction payload payload_hash=wXKn3Qf6cTcCYjQOsz2UN1yyo09k+N8iKWH144vPc46OtXNAUgSUkxf8ggCQa4Y5aqgQVQIZivxgiTNvT3ho2Q== processed in 435ms
[2026-08-24 07:44:07] [ERROR] [payment_gateway] Transaction payload payload_hash=wYLEDPR6JknCcEq+w5eqYnAK6ne2F0GL8aMrD0+0mNK5u6F//Bnya8vg5fLXi2le0MnQ02lx4HwQ/wEDyru6Vw== processed in 133ms
[2026-08-24 03:01:23] [ERROR] [auth_service] Transaction payload payload_hash=APTz6LQJJ57iI67CzdAXxxkoS4sS9dcRJCdmGk5UIBOiEPMPqtgnwtzgufzQyHdMCYqLsZK0oYdzT8ki+MwYYg== processed in 159ms
[2026-08-24 09:27:16] [DEBUG] [api_router] Transaction payload payload_hash=keyYn4zeOK8SmXdkBLWLdEhgPhwrRQgoFhP6W727sNnLOhRiD7b83ZXweYvxFtrWdMhRmABE77ascUmCI7E7aA== processed in 337ms
[2026-08-24 02:43:27] [INFO] [payment_gateway] Transaction payload payload_hash=QfH+sZlB2Dtfn732Iz/a8Kx8kFXbyh1hKlIKapwBMfF5/oRCXJjHfPUuwoIunKs0mK0pqbapPX3/vz0EiaYIFA== processed in 37ms
[2026-08-24 10:51:33] [INFO] [auth_service] Transaction payload payload_hash=rvnBX5j/Ikknf4NfhTZwmpmwNw+ZK8b6cgGB/4pXRHnq6DGA5ILXTf0B8/TNblP12wyJyeEfnXJrgvNOD+VVOA== processed in 428ms
[2026-08-24 11:14:31] [INFO] [api_router] Transaction payload payload_hash=7Rc130ddLXIEjrA0sH7FMpcZZsvFzQYmpeUTgArdt2iBWYpblcOTIwTP6kDBkByNjFhQi5+QpVEhYNd/kmIUfw== processed in 118ms
[2026-08-24 04:42:50] [INFO] [payment_gateway] Transaction payload payload_hash=OswRNF3YnFd8xCRl4BkVIiumRclfEjITvHeqH1ttgUT1Kb5ZAqFx14Zo0HmMqblClL20x/p8hf4PupBI1d9zBQ== processed in 72ms
[2026-08-24 03:28:58] [WARN] [db_pool] Transaction payload payload_hash=wHvqxRqlD6DGGlUjM0wuQwZ9FNIM1AtzOMunxzthPZV7E0SznqBY0TsKelTWSQfKPO3EWL3dMYa8DAi5bwbazg== processed in 20ms
[2026-08-24 07:22:08] [ERROR] [db_pool] Transaction payload payload_hash=FxbUz/UMt72Acq1pmmEe/Lq1CkPoE1WlUs9Ifa1JeQuUOzRlW+QxUTVH7JLF2aISaMKutOTmMbrmkzFkZBVcEg== processed in 373ms
[2026-08-24 08:26:53] [ERROR] [api_router] Transaction payload payload_hash=N8lSzZ3FUk029BpTbniotMotfhnT8OH+Mb9bcruU6XGUZKFkO7LVXLmLoHXdlu0VeJyjqTXZ+yG7i7F3c3El9Q== processed in 227ms
[2026-08-24 10:22:56] [DEBUG] [auth_service] Transaction payload payload_hash=XvIBr/d2duUSTVGm3SIjFuTxMzQ01Oq52ADA65cJQMYdGcutmKLnz8ERrl1y1kwUQeS9MVgGbNT3koKQONCufw== processed in 142ms
[2026-08-24 07:11:28] [INFO] [api_router] Transaction payload payload_hash=hY/x3umN5AMOwkNuay7YemzGajjIegdebfYxekozrdyNwZbcyKEmNv0/Zey5Ue3BMp07igR3bR4qXsSxaqr4zQ== processed in 306ms
[2026-08-24 02:42:15] [ERROR] [auth_service] Transaction payload payload_hash=FCZHE8lASX90xM+4yO5g2O5YQ/GYOqBI3zD+aCdloFkDTHkRIIJjLB/PgmLlVH6bRF75Sjx14VRn7MpS+l2FQw== processed in 399ms
[2026-08-24 03:55:17] [WARN] [payment_gateway] Transaction payload payload_hash=VA7NUa13L6rNvlnJrSsEUnYkF8GzHBsr+jCcI5KCaISAM/JgJN7mIayVDq7JjqyF13y8zsMGfpSJNEmBX6G9WA== processed in 166ms
[2026-08-24 04:37:38] [ERROR] [db_pool] Transaction payload payload_hash=9ZQ51KNSM5tq+P12nayl/eEXYoaCkocdF4vRP02VpUO+Cx3pE4TIGZM9Al8FBsaR4B446tk2Qzh0LYHNDf8z6A== processed in 292ms
[2026-08-24 04:12:32] [WARN] [db_pool] Transaction payload payload_hash=aTETDBxXjcdwNM6aca0mpCtzVCAQ3hRG+N7OJh21cbV5a1wBPQ4reULI+tTTVkHjKZjmDQcJ5lNXeTixghim+g== processed in 278ms
[2026-08-24 03:54:14] [INFO] [cache_layer] Transaction payload payload_hash=DxA2Q4YOuEnRtwR+lRIP4AqYeMCQ46mlgnce333CjEAOHOyuxCDTGG7sfXmx9RLckPi95zm+B2avLfCJ2eUR5A== processed in 338ms
[2026-08-24 05:14:57] [DEBUG] [db_pool] Transaction payload payload_hash=rcBSr/cUmIQ7rg3Z4EA3rdbVMoGfPTUlgcfMpfyzUfS1G99vJQVb8E3ykVl5/brciFQ43PFKaIPYzCmIYAlJHg== processed in 102ms
[2026-08-24 06:52:51] [ERROR] [payment_gateway] Transaction payload payload_hash=zT50Pag2VZgn+67BbqHYvBSHgD+lgiZAu11Ghz6X+7NxgJVdjBW/fzDQcqFc7eMuoEwI+qIzXNb23c4FAPzbPg== processed in 387ms
[2026-08-24 07:42:31] [DEBUG] [payment_gateway] Transaction payload payload_hash=wcNpCM6LcTQvzYPk4VDUDhSvPbH4xiqhaF0e0dnK61V0URE4ns/sIa3DQrlPWfUtE2oobXP39nF2KcLNq0eElg== processed in 475ms
[2026-08-24 03:17:50] [WARN] [auth_service] Transaction payload payload_hash=xmqP7nMx1eDP2p/nMFkTzwbltPQKz/KAM0A2GQlDq/qwTH1hMkgFrqJVXwMXLq8+XbvdHXvg0GZvYnUFRhdPcw== processed in 384ms
[2026-08-24 06:08:46] [WARN] [db_pool] Transaction payload payload_hash=jLe9884D6uFn5V8Ck3zP1UrazAcVM8BCvymCNHu/2tDs7zFgnvl6QzL+9lUgqK2Rdh3YIXBPhFUNml2RGARMaw== processed in 386ms
[2026-08-24 07:18:02] [DEBUG] [api_router] Transaction payload payload_hash=0FHZFYZDJQGEZE+wbVLxfE7CjWHUP8maILHi69iM/6I7EVi88eOt/Jnd7Z9OMOIzrd4NgYvVtqe0yDZRaIWzrA== processed in 25ms
[2026-08-24 09:58:38] [DEBUG] [api_router] Transaction payload payload_hash=Vo9YETpsn8x7V7EWirOKHhWaly5+cvcREDRh5D9vv5fURQLHnBVw9ea8UV1dBk5LUYS2d6tofdox0vLdfmkyEQ== processed in 178ms
[2026-08-24 07:40:38] [DEBUG] [auth_service] Transaction payload payload_hash=BCqKTh9vlLZmlO/4b1JHqUmWYxhUTQ/ndGiS6n7WWwFeOqC/2+8BH1KDrOFdSCAmL5DwdMor5hkwxsza2/j5Lg== processed in 21ms
[2026-08-24 04:03:08] [DEBUG] [db_pool] Transaction payload payload_hash=XgiWxHoCLR0YGy3irE8M445YsDgld5GPXWlOGayHeR11xqJ81koZ4sAu2mwqdj6WrsZkA6hz1+SKD0BJo54Fzg== processed in 217ms
[2026-08-24 09:21:57] [DEBUG] [api_router] Transaction payload payload_hash=GDTd0h696tjtzTMCKOSW27UYgLOzG3NU+w1zaU9CcD8xceThjdPwJLAL3z0Z84zfIgaAhbxuUU307yib0exOLQ== processed in 399ms
[2026-08-24 05:53:39] [WARN] [cache_layer] Transaction payload payload_hash=wjdE+PKNMkurrV07lFRIuvp19r3yWgLg6PIPlPog48OIw7pFyc8ML8+HsKmtEXCNEgnkkpe3utGxSE8OdhJ2Fw== processed in 438ms
[2026-08-24 08:35:00] [INFO] [payment_gateway] Transaction payload payload_hash=vgzTUqd9c34NbihzIz0o0x3yQnz/SGVaDmcaaO/w8RlFWY2z79s1VExoZcgmrh7znGHTeEyqL1zVZhE29OaBPw== processed in 36ms
[2026-08-24 04:34:14] [WARN] [db_pool] Transaction payload payload_hash=E03Kn8/cV4yk0eynSx28Cg5s+PQ4OO9DckxNaYETtvcuY3eyxoXPxR3li6fElwH0KdEs4yQuoSPsX2LemJNfhw== processed in 442ms
[2026-08-24 08:04:15] [DEBUG] [payment_gateway] Transaction payload payload_hash=fvbPvn4BDnW7n7JO/Jj1nsrEUT0tRvgbOeHa8mzibXE1oTUu+M0sBh4luDUx6eJYHzQh2psTN48prL0dZH4FFQ== processed in 351ms
[2026-08-24 03:06:50] [WARN] [payment_gateway] Transaction payload payload_hash=GnSrzmgKwui40N0oeTQVeU1zwM4P0UllvTjgF3w1QlE6/Sgxspf/0skSSd0Z+a+kUEHG6d7ec0/iLJn8ameAjw== processed in 454ms
[2026-08-24 03:46:38] [INFO] [db_pool] Transaction payload payload_hash=Ccp5+N/8GNbWFnF6Ok9ovpHR8F/5hvW4HyyXGCWIDPWcd66+SOaK/QhdkgpgyuousshdN7H2glWkzhsNf/wlcg== processed in 95ms
[2026-08-24 05:40:09] [DEBUG] [api_router] Transaction payload payload_hash=xNzTpyVBx/ds3bWe6jyBI/Pvp2cL3cFAj701EOoPAFaAbwEjcFRdWogMBMpQQPVOEv0HBa/2SnSNgNb0Wyg5xw== processed in 56ms
[2026-08-24 10:48:48] [ERROR] [cache_layer] Transaction payload payload_hash=P1wIJGq49gvBWjfV7rRnRjpxQTSC5eZWHvAnMeJ1ltJH5J1lYkcWglB51PIJfnmQEwX52NwLAexqxlQgAx6YuQ== processed in 403ms
[2026-08-24 04:18:13] [DEBUG] [payment_gateway] Transaction payload payload_hash=sFmGBbWBQrMB25AYtu+BQHzIx0tcoObTTXLFiiALcbrMYBeNxNp+d4RUM4RLL6C+gUVfEKRakC6tntWG29tsfQ== processed in 302ms
[2026-08-24 07:22:05] [INFO] [auth_service] Transaction payload payload_hash=FA8SdMwOie5sMgr9buYbkXYwhNYxLUAHKzRafgbQzPc9ETmjnT8kvvnPtSMo/8DgUjkrZJwON20+74HsluNdVw== processed in 37ms
[2026-08-24 11:15:49] [WARN] [api_router] Transaction payload payload_hash=Ftavrgp/jPUi/k1fup5RBUNZ55/hzpijatSudE3+9FgieMYwtzRsJVp7FTcWBgt581DAoFGzuWuExGOEagd7Kg== processed in 348ms
[2026-08-24 06:34:50] [WARN] [cache_layer] Transaction payload payload_hash=wMy3BnQFuvyAJiRmn/wOHMOk5ahkdXo2eplKCcfSTGnYq4f6KGlgvZ6i+ESt1nAwwenl3gYG//qzIKYxrGaFuA== processed in 496ms
[2026-08-24 05:55:27] [WARN] [api_router] Transaction payload payload_hash=p4dwszjF2LnV0k8FBeIeEh1K3MY5+B3wljswlhhchz6MHDHqyEtTSlkeZpvm+AorYDFhGO6h6GfQYCYeKjNyfQ== processed in 220ms
[2026-08-24 09:12:11] [WARN] [db_pool] Transaction payload payload_hash=X2I2lk0ZfPoICSQC/6+ua3xADufieR1BIiRma0ynV4nPm9ulbjptfTyHfhQv0kje9f2yec8fOUA+UmPcvD2bRA== processed in 383ms
[2026-08-24 05:59:37] [INFO] [db_pool] Transaction payload payload_hash=AEe9LLW/mwuV8oFfRsSeimL+3GbvRceCodJGXkNjpicRqoUwbodDjrZXS04MGDVw2JaQ17tMv5RYf9cRPRCGvg== processed in 240ms
[2026-08-24 09:14:12] [ERROR] [api_router] Transaction payload payload_hash=oijgweg8IMJl4r82UocxvsM++yHlOfWxsOH0wI3GkuseDcPY5FtKaxKqCyB8sPTB0llYY86QrB3OJ7gy61NP4w== processed in 47ms
[2026-08-24 09:54:52] [ERROR] [api_router] Transaction payload payload_hash=GjUJCfbe6EDSggruNrlZA+Udry4Ru4i23ImlqHaHCPdWSw2iDeOlQgr0Opp0UYjWGEOTVsHZqxmLfwdHS0Vt3Q== processed in 181ms
[2026-08-24 03:39:45] [ERROR] [cache_layer] Transaction payload payload_hash=FxAoyL0XcUPGSgpp+9buM7vmAE0vCfu8CuVJm3I69VEXUM0Z67TutChyjXPMfCDIDheyaXyrsdtuUkxe4ybNPQ== processed in 204ms
[2026-08-24 07:36:06] [DEBUG] [db_pool] Transaction payload payload_hash=7TMhuhqet1yVnxys+ddPPCHodjzAcWKYjV63AffmLq0qFJj8JgEXJcSOzgMI3GP8XkULFpuBFs4fRPxM2pNFXA== processed in 214ms
[2026-08-24 09:42:26] [INFO] [cache_layer] Transaction payload payload_hash=Zd24PUMKZ7s6xdyD+GODVeP7u3i/bQ8HaV4JFNW3OqzBdCGrkqL+r+EVCTsB0QE9S/H1AdJeM2SZRUsu5ecgNw== processed in 65ms
[2026-08-24 02:38:16] [INFO] [cache_layer] Transaction payload payload_hash=f/i84IznYewwd3y0B6Xtk6xXHFv9nYT1KPr8y0ZuO/k2mPqbflCjsVetrj09l9YkzJ5B+4Zia9UeEM0h8kao8Q== processed in 428ms
[2026-08-24 07:17:27] [ERROR] [api_router] Transaction payload payload_hash=E/ZKfZrnBrJbqUnCC9LatHxutcnVtExDZLWfaFtPgvXvJ9N8/c00ZVmZud9iH6km69pLlPP9S602CEx25IIMqA== processed in 169ms
[2026-08-24 07:21:35] [WARN] [db_pool] Transaction payload payload_hash=0USDbpi4rnCbhr8Sc23HqD94ipL3qiZ+RIeWQ7UJww/B26LzoOrUaF7evcNei1oeCnn23ouMZBR4xoIkGnWHGw== processed in 344ms
[2026-08-24 04:57:56] [DEBUG] [db_pool] Transaction payload payload_hash=62puQLa79UhLmsptbH7oZEBOLAgo5iaDrDXkTCKTEqgatACM28YW/VNnlIO/pkQCDe8mj912InoDA5DSDFGZnA== processed in 147ms
[2026-08-24 09:51:29] [ERROR] [auth_service] Transaction payload payload_hash=oI0JjyxQz7gSJmcirMQ/kk0rMSVXRZbQv4gl9xvKKrpMJZTn/oP6oaYtStfwOoi0IW9Ezmftu1XbPOOXg4LpEQ== processed in 408ms
[2026-08-24 03:12:17] [DEBUG] [cache_layer] Transaction payload payload_hash=dIEC/1wqTuDqfd1nxdgc6s5xxrazdzHAlch+2DQLoXYiBGYXgGDXXbh7w/VicIvUUtNIPuVB1+dOabuA0epaYQ== processed in 232ms
[2026-08-24 04:30:27] [INFO] [payment_gateway] Transaction payload payload_hash=8pZVBg4NSz4Sfa7/2NzqwBEjkHsacL0y2GBT3iKBuq0dHPTQ5ICyBTedLgNBVtlNtj/wV7ganYrwvkhyDiUkrQ== processed in 119ms
[2026-08-24 06:03:12] [WARN] [auth_service] Transaction payload payload_hash=NKacWYEop77W+5tPTqnvAa4eAEoNtwTOi5s+vnTxSL9wVuGxyYqabcXKJCyDhyR4uhPtAS81QDffewZnVa3Dhw== processed in 431ms
[2026-08-24 08:46:52] [ERROR] [cache_layer] Transaction payload payload_hash=AfKaEwGcu4n3W6Ddd4Fzp6US4NGNHt3FD7/W6JNoS0e9K7SBgtNngo+wlB1l3/S50eMiH7M35xf9G3FslYS+Ng== processed in 95ms
[2026-08-24 10:58:37] [INFO] [cache_layer] Transaction payload payload_hash=bnzexpN1/OOzrQ0CyEh0nBWgYvc18uUVAuR8aZERhJNl5GzvqzazewrG6By4wtgVruM2r77xKLJO6uGLLyjCOw== processed in 20ms
[2026-08-24 11:06:27] [DEBUG] [payment_gateway] Transaction payload payload_hash=A5LrD3D2UKiHIHT+6ayNQn86RgS5ixFmHpLIfmduBYEzy9eoj/EiCejp2FzjJ2OFS3DnYQTLIOsqy7bzqArT+w== processed in 174ms
[2026-08-24 07:16:45] [DEBUG] [payment_gateway] Transaction payload payload_hash=BSa6lhE+GPzTps032gFDiMVenhajotpqqy4vSjKPFjyrUbAPwFSEC4VJZ31NC9vw7uKtIl3l92V58Vy5hlgozw== processed in 95ms
[2026-08-24 07:42:11] [DEBUG] [auth_service] Transaction payload payload_hash=seLw/dasof6dlPEzCtg3BnouWrW1YbOA9p9a4qWF1l3RB/PbE3W6tfisDMUgGR0Q586M92T/uaTB2QIFWMWkzQ== processed in 330ms
[2026-08-24 07:38:36] [WARN] [auth_service] Transaction payload payload_hash=8NQgoWmm4aKKfTc8J9YZ+rx/YeUeLR8sM6H/wXBUNYXlyu8AbtspscQHzkHAzFVTmpvSO5m/46eWUusP7lEeQw== processed in 158ms
[2026-08-24 06:42:52] [ERROR] [db_pool] Transaction payload payload_hash=hktNjjXR0og2S2gC9hOJ5FNmYasuEhKsdeNP0rVVPJDDvoOtyyhSXIlL8AJciiGoBYPvdCRx0HYFsHqTL/w+DA== processed in 166ms
[2026-08-24 10:14:08] [WARN] [db_pool] Transaction payload payload_hash=fapJo2jxgqUnzebD2v6ltzrIH2sM0qtdJz6ZKLw7Rt0336NZ7FvCA5PYpi/1aVR0CQ8lfu8AkL5wezNOVBzfZg== processed in 273ms
[2026-08-24 07:24:50] [WARN] [payment_gateway] Transaction payload payload_hash=uI3kTBhSlW4S7sGH/GoobU/cMEIQb//BqTXUSrPubgKeKAE28O1HN1xbJ4pC2cOTPaNX63fVIsEUsiai3b0tuw== processed in 467ms
[2026-08-24 10:17:37] [ERROR] [payment_gateway] Transaction payload payload_hash=4FSS+WlDXejY9yzDXGhgAfw7rv8bpw1doOnylDC99RXM9YpJc1cKgx+dUQCSvUG8yh1mAh1ipWE8gVNyFCEh1w== processed in 465ms
[2026-08-24 04:07:55] [DEBUG] [db_pool] Transaction payload payload_hash=NU2NxLs1oiRQ9bmqmvLxmAXhirGugiR3P0Jc99uoRSnI63UewvrWEObzC+Yymr7xO5aaKVqFbtXPjBcttZhe2A== processed in 459ms
[2026-08-24 07:37:57] [DEBUG] [db_pool] Transaction payload payload_hash=2+cO6/iccnilLZ+smn0aoHGGE1t1B/PzRnhj+WcuCcxDTSmPTkmBvbqtaK6fXTFSnGvxqExZ64BMN+13Hs1E8Q== processed in 51ms
[2026-08-24 05:30:04] [DEBUG] [cache_layer] Transaction payload payload_hash=TtUtV7JPnymCMZeIrtuVJJ5oK8YxmOR1V37a9Xom/hbS3hHLmePujiiKqKEDbhrgPoUgCX5O5fCHk5Z3pqXT8g== processed in 119ms
[2026-08-24 04:06:29] [DEBUG] [cache_layer] Transaction payload payload_hash=+5DLXTETDG8SeD2MYJ8eVbp8ftEY5K3yZ949GQJf3VpC/BwO8NGTFRzJ4ckrQhSWbKe44EzP6Cww7+wrqK9WFA== processed in 148ms
[2026-08-24 11:21:33] [DEBUG] [auth_service] Transaction payload payload_hash=FUuwwVOWI3g3OX/wb1yeUK4QU8uoqPkpjfApJKTqu+TeEdlg20t6yyI9jnRJCNP7VnLqn63XqEshDhy0RBsMMw== processed in 105ms
[2026-08-24 02:39:50] [INFO] [api_router] Transaction payload payload_hash=dclqGWKhXWTLb7OcOZoewNXjiCEwatd6+dGwcIHWzzoNSC7CTB1deJBDAe//NnM2M1OfdIMTq2wSUBNMTpoZBA== processed in 199ms
[2026-08-24 03:02:49] [DEBUG] [payment_gateway] Transaction payload payload_hash=0lFdYX+s1C37KeQRVeCwvBtvws9CV6xjKlkjyqgWOy934dKGYxstjIO+reeIDTVeOYP5FFrkn6OoV3SA5H7wOA== processed in 280ms
[2026-08-24 09:50:21] [DEBUG] [api_router] Transaction payload payload_hash=U+cEewDi2r+XjWlUzCu81XIKSjrd1Lr3MQwujKNpIpY/gs7s1qtEBU2QAlpQ9Web3u3HudjSs2rSfUsr2mp0Yw== processed in 395ms
[2026-08-24 06:09:16] [ERROR] [cache_layer] Transaction payload payload_hash=8hOG1zwudtfaf1459g0KZx2QqBm4TYrWWUc9eSdsfdq0wUlleD7ZS41KEnIioXjhLwEtcr7G7kihOFfrjl/Jfg== processed in 100ms
[2026-08-24 05:55:02] [DEBUG] [auth_service] Transaction payload payload_hash=TGUVVGY1rHZYsYZZeq/YaXm+hKEVxOQmf5xTdB5a7EdFNnvZJQoPSC0BRhPddetTXO8+U1JIAYZOgckdIlpkyw== processed in 310ms
[2026-08-24 06:01:36] [ERROR] [cache_layer] Transaction payload payload_hash=2F0coNjrC6qRYvKjXouexk/CFSggCRZe1yGQeh/I2ehGJbuzk/0nm3I2DDdN/2ERRRJxHAuV6khlMzEyQX1gdg== processed in 237ms
[2026-08-24 09:09:03] [WARN] [auth_service] Transaction payload payload_hash=3MlmvBq4NsEqcDiX7a2F+kitQAJqbXhEwqjrGqBjJs0u9kr6EJKPead1KOTVQ2Lk84zBy5KftEVeE0OVElOzew== processed in 418ms
[2026-08-24 05:02:52] [WARN] [db_pool] Transaction payload payload_hash=DvDfee8o9yKwqe8OuujKGytN/k+gempKdIcGCFAlpzjQHqVDfmJZeBsNCSRCRqBHmBjW6GO1AJXFWXo1evS4jg== processed in 296ms
[2026-08-24 08:00:48] [WARN] [auth_service] Transaction payload payload_hash=6uEmTXQaAs9kWYHHj56NUA8XZlBwjmxDlSxeUx/pOdtJGiYbIKALtOfD4zOyLVUT0MadGBXKeiMRMoHn2133Qg== processed in 67ms
[2026-08-24 08:47:14] [INFO] [auth_service] Transaction payload payload_hash=Zg7WkOFCL0sguAWzNum6RioCFkElQTswrQDPYYjDjuINq1phmoz+HD/3dFk9ffTKwXrdFtCyEQiL7L8IREvWTQ== processed in 94ms
[2026-08-24 08:00:46] [ERROR] [payment_gateway] Transaction payload payload_hash=3O38eTQfvwpld6GbCjs+SilpRm9gHtU9nlU1BEh3lLqZQjq8TtWtYVvCXyht44/wXC0l7BNYvUUwTywqHc6aIA== processed in 419ms
[2026-08-24 03:42:11] [ERROR] [api_router] Transaction payload payload_hash=WZfuVv/FzsTN3evgSABZhlfbgjBP2yloJ//eM1tw3EGCuPIp+oTDc3wANQ0HmEd3VqhsFr1MihdMoB1aZR4UbQ== processed in 124ms
[2026-08-24 08:23:03] [WARN] [payment_gateway] Transaction payload payload_hash=eflv4T5lGBnyOQ7NfrM0SG6DkN6vu+gw4oDKs62mlbgMDqH1n2VK4OvLUtMy6nU2rkhAM8rB3RuTzhWt/d2wkg== processed in 409ms
[2026-08-24 04:17:25] [DEBUG] [api_router] Transaction payload payload_hash=o12AYcCd/bEcYd9M+hoQl2Gs4OeAop7HhAy2FaESL+yGgEwXzxZpUbXE30OhUDlDWADh2katIyuDCTNu8o6cNQ== processed in 212ms
[2026-08-24 09:37:55] [ERROR] [payment_gateway] Transaction payload payload_hash=z6+j6OiKhrwZIKgwXSj0qod5bjgktfQq1Jhlw+PqZNHQhFq3fdV5fz4zsjw02ZFof56bMidVJL/4H7SRqols6w== processed in 204ms
[2026-08-24 08:09:48] [DEBUG] [auth_service] Transaction payload payload_hash=c8OT6mA+ejt1DLUqSjgBm49Jqqsit5wIZ8CQ2ajPD4p37tsYXQtlJCs1I0yG20tkNh4Jii0TPWdXFyXzj4Hs8Q== processed in 54ms
[2026-08-24 09:50:07] [DEBUG] [payment_gateway] Transaction payload payload_hash=NPPwspC0IkXceY9PLsM/KPGr1HfQzmDF8UDixLsR7Sa4tFocNjMnXBWxgDeeOWoXcyEkn86OpI9TGgl9IbH0Bw== processed in 267ms
[2026-08-24 03:27:46] [DEBUG] [api_router] Transaction payload payload_hash=BJsYD2gm3cRIxJbqPN5/xTjpToFCYM6TsLlsYBPBKjl3ia4Edhd0GXuonepLqEzmZP7xVSdsm/Y8OII3GyecLA== processed in 273ms
[2026-08-24 09:28:11] [INFO] [auth_service] Transaction payload payload_hash=N5zTH61LBQlBdKZIhRxSfpHLW5K3Es7/vjdR8EQ0dpLmXRT93pk2zf53xMhfu5LfCC3inhYorBGBHljbeTRvQQ== processed in 435ms
[2026-08-24 03:31:43] [WARN] [auth_service] Transaction payload payload_hash=koMff8wyi0aEcZkbLFMHev37OZ67MR8VAAUXnpJt3VF3l5+px3k/0KvZymemzLEMEZ72l+EqRIRHN/HcOHuyeg== processed in 337ms
[2026-08-24 06:14:16] [ERROR] [api_router] Transaction payload payload_hash=Xp+LJpdeJexMepFCcsIZakYWXuLFEi1STC4nfAWk4Dng7Xgxs8OEKoSn3O5b/Zif2RmeYj6wuwd7oQL205er2A== processed in 402ms
[2026-08-24 10:05:55] [WARN] [db_pool] Transaction payload payload_hash=k2Brs9Ja2CIOalMxHJCu5Vy350dwwMI53UrJ/pfDnKEZ7bZAjdW5vXWfh8ZyjUODqIlcypHWEA5bID0lZhPPRw== processed in 140ms
[2026-08-24 11:12:25] [INFO] [auth_service] Transaction payload payload_hash=wTOZn+qKY5SYax/Ur7IwBfDo6piyQTdKxh4hkfg1tl2ipXULpF/4oul5zhBv/utL473YZ3cFH7tUcdEFEmsFpg== processed in 182ms
[2026-08-24 08:30:27] [ERROR] [cache_layer] Transaction payload payload_hash=FIIbNYUYemYsV4heFWO7RDxlRBOpya4AczG9tMaO+1o6jRChLrLDp7ayWBgfYvVZrKhMLaCQiPGZb3wTtqGtJg== processed in 360ms
[2026-08-24 07:39:56] [DEBUG] [payment_gateway] Transaction payload payload_hash=4hP+T5S8pvY/M0ZkTKkjxQGR3GlpdaBWU6hSfee+HMLcNA6w/bZ+Wy0bM+plV4aT5hdciwvbCOfXDwX57V9auQ== processed in 200ms
[2026-08-24 05:28:11] [WARN] [auth_service] Transaction payload payload_hash=xkHJbFKxS71LYQT8yPC17vp0iSRTabVpxg63tBzpu1oiIjZmTsdcBnvT+iqLwLWnL4X8CBnVpTJXfBy1iH/F0g== processed in 103ms
[2026-08-24 08:27:15] [ERROR] [cache_layer] Transaction payload payload_hash=Ak0p6aCtY1KQbPpN7RxnPzVAM0MJqNYqFEmBCEqhnClN0a5WD0mJ1JkoQmaugmmTdGNsG6o6+d6zfSUDL/K+sw== processed in 303ms
[2026-08-24 06:58:05] [WARN] [payment_gateway] Transaction payload payload_hash=wbm0WANNhKqoY5datvw83Bb4QFOL+HsMSGwYxZtsjXaNVU8XqvTg+HK/w9io7Nv7YXXSB4cII70i+rcV2+5IiQ== processed in 326ms
[2026-08-24 10:52:28] [ERROR] [cache_layer] Transaction payload payload_hash=6NLC0NzgSXTFhxsf1C4UHE05xBj7izFeYyU+vd2zi27Bi+u3FbF5yS23sgmHfayGMrfmu2+6CIychHatCYKbSA== processed in 374ms
[2026-08-24 10:04:21] [INFO] [cache_layer] Transaction payload payload_hash=FeSeHMqFbNIBE6caOVDxVJ0bdTG87YQO3vxQWvnQKO3hj61gAaB1pJEIroJTZSN+dLqMydJXWrbUCuYq+Tv7XQ== processed in 373ms
[2026-08-24 09:57:17] [ERROR] [api_router] Transaction payload payload_hash=DsDKQ/9FOlWl0ZgMcMo8uEuS58+1pVSzH5TJd5tEc1dm+fptUCXT5AWexI5l7iciuhP8pEQzdMSRmwLtLjMWXg== processed in 330ms
[2026-08-24 10:01:14] [ERROR] [cache_layer] Transaction payload payload_hash=ruaiLWn09ZgifHwUzKSr3MrlET4X17SI8ZxYe5tWbUocM8vJYRtxbASCEvs04GSkg+bE7fg5KkyL2KcauPZwBQ== processed in 346ms
[2026-08-24 04:34:39] [INFO] [cache_layer] Transaction payload payload_hash=thR9mO0Ba9KtiSUHEabakMPiG/hYuCzBcvrcnosAIWrvQuamo5YztzS9jo0ACMyNEwCTDDXXzt/GAaLkwCHvEQ== processed in 57ms
[2026-08-24 05:32:10] [DEBUG] [api_router] Transaction payload payload_hash=8fCl0yScFbBKQTpUkxLsuYbCqHlL1x6w3h4mFoiDpJGFRHKgZEUYblExOt35G5rvTIbOjPwRcAjUqm5CW8/HrA== processed in 308ms
[2026-08-24 09:59:11] [ERROR] [auth_service] Transaction payload payload_hash=fXnD9gj2qFT2SYz7xdmnYYkwAAhRGid0Vsid2efOGY3TFFnUiuRfmWSX3s/Mx4lUWxvd7Ka7rMmqJo18nZZURg== processed in 329ms
[2026-08-24 05:54:49] [INFO] [cache_layer] Transaction payload payload_hash=X+MCVmgz+IXUAUOpiKEcWuznMxfEFpuz6mxr7MW47dQ3fK/LYKzZXLWHHO5YSnBtqoLZ+3z1LwX0h2zq3wfWoQ== processed in 495ms
[2026-08-24 07:34:06] [DEBUG] [db_pool] Transaction payload payload_hash=Qyn8ZelvTqWF0yGY++60UzfoKn2uPADmCAbKUzrBY4dOoIVpG14kJCsdB57QLO9xNPKMFj4TzzhWrkxfarAMHA== processed in 176ms
[2026-08-24 07:07:01] [DEBUG] [auth_service] Transaction payload payload_hash=48Zu7PpTup3PDFkGBjdJaMmgyXFJVwvMr0EuLJAOQOX+UMAHjrw7uKe17fV6cJDJtcX6r+kOnCEr8xMH0Lk0MQ== processed in 101ms
[2026-08-24 05:48:24] [DEBUG] [api_router] Transaction payload payload_hash=x/roz0Scqd7DOBQsPG5bsrh2GX5c7s5ZCfv4nxsFLNKkwpISKV1I2XzL4hnalZAfYJpp0eE5+f9HQllLNTS1NQ== processed in 218ms
[2026-08-24 03:56:18] [WARN] [db_pool] Transaction payload payload_hash=3CEj9n1pTQ83HN8fFQpP5UwUMxfJ+xFEq8q9RJPydDz3qlBQKrtb5qCh9LaQzNolaDfHC+Tr5EVX5TWmfzUr4g== processed in 471ms
[2026-08-24 02:31:52] [INFO] [api_router] Transaction payload payload_hash=9nnILovrNuwSqVJlvcyuoNQ1rgjoJCtUcKeI5+70BCOL+wgdIlZ0cG+PTZJvRcMJXo/wwstXPkDAgkQZ9CMnCA== processed in 10ms
[2026-08-24 03:27:35] [INFO] [db_pool] Transaction payload payload_hash=CSvI6OvI5aIOz7O7iNoeONq74gfOHwv5Vc1NcumaF0Xi9effyg7KlIoduzxL5nXsXFR1EmJavNR8eUZqaHgUFA== processed in 44ms
[2026-08-24 03:12:00] [ERROR] [cache_layer] Transaction payload payload_hash=30x61zxnRNahmuZkqbkwlfvGMN/KGlJ13BjyU/1bGN1UvNpkduoV18I35+dtu/NQWf5HfmjtuTQD1r+hzlV5YQ== processed in 212ms
[2026-08-24 05:18:59] [INFO] [auth_service] Transaction payload payload_hash=aAkwKFRnNIsLLCjHyxwOf2W7WdgPzNZPWh+PdFGLqYF7LtNXqw3qmzlSgLF69iCYdUi3MESTlEmTJjYuKssUjg== processed in 281ms
[2026-08-24 08:38:28] [ERROR] [payment_gateway] Transaction payload payload_hash=7RWxOGEqOX40YyPvEXG47DOjw2aXEBzuuN2grsnbtcV2xVvPGrQFJTW81h1k3kwK5w9wx3CU9ezNUvHoisGdNQ== processed in 296ms
[2026-08-24 07:15:11] [INFO] [db_pool] Transaction payload payload_hash=zgdEA4L1HTmk6ocAyCH5KtmY8klhWNIGpV/6DgwQkW5l1k9aPL9oUx+wlGKe1RBRtH0/7/uhn5Nhxcy5JX76Aw== processed in 335ms
[2026-08-24 03:22:46] [WARN] [api_router] Transaction payload payload_hash=O+EDwHYKa//1QUU7ezox7OF6kgyKSG834ar7v26pXbDwQQUR3IibE2ssRACOEpPWIL1e+TZSCGHEnQn+7yadrA== processed in 435ms
[2026-08-24 08:53:15] [ERROR] [auth_service] Transaction payload payload_hash=HTiKmsKiOrr2LZb87i7hwaxtBRNY6lXMplZvNSo3ncnRGgWjDnzwL6AiiC6BM9KdvMuS8YbFE9Fy7zohejrAfA== processed in 0ms
[2026-08-24 02:20:11] [ERROR] [payment_gateway] Transaction payload payload_hash=vwYo+fCEBUJECIrh+5GXnDHEE5V4sKEq0en8bOpreA92hnSSu9LSPyzFL/ptcSy2QY0fF0A4byXcH9nh5Tgysg== processed in 311ms
[2026-08-24 08:58:44] [DEBUG] [db_pool] Transaction payload payload_hash=KPS60RETxMyfHV8doy44GSZoB4icsAQIlnFMraq1NyFFkUBX8M9URBI5duP0jbREhCkT1wMh7+G28ZXaPof1wg== processed in 430ms
[2026-08-24 04:38:19] [INFO] [auth_service] Transaction payload payload_hash=XUBWXCnGrYW7TwY8Nso4/G+w79e4VlWsVsec3sg49Id8N/AZueRT1H9TYnD1mYQI6BPNmDOoJVrxGAEUJ2+dyA== processed in 291ms
[2026-08-24 10:06:41] [WARN] [cache_layer] Transaction payload payload_hash=xoBEnLucnePXfsp4ZnD02JbVGTc55mmLle4bssHUVecJJ6owuSwZGWm/hxKfdlL90heaH0icTVLO/plnyw3GJw== processed in 392ms
[2026-08-24 10:49:39] [DEBUG] [auth_service] Transaction payload payload_hash=YUos4Ev0xQ9yAmYrmU7ja5QM/IaGzaH4CyxBfeTpDny+jfE00VLP+zwj1YRC0cQJnu8qfhaUfKZVqj+db3Eybw== processed in 405ms
[2026-08-24 05:57:27] [INFO] [payment_gateway] Transaction payload payload_hash=Z+Z9mOb/DCOdtRtp3YskBDFkbUruDtKCZIsnAFXPk9YRa30qWaowu/26v4Fn4c7jIzPu2KIbfu39O1IwLp0k8w== processed in 413ms
[2026-08-24 03:49:30] [INFO] [db_pool] Transaction payload payload_hash=Mn+TFwZOxJqYWfu1PEIWBMmumEYxg94knnihYl6+0NWxuzr/e0F/s37sfSITJktdj+qPhzPPVkSXB/YOih+fUA== processed in 6ms
[2026-08-24 05:39:41] [ERROR] [auth_service] Transaction payload payload_hash=v5UzjJ/5xG+7/ZZpC6aXEp5ILMYZBcyhauxKhn87uZauS9KlGMRmEjX3PGEuFET1bQoYeOQ70LOGWw/ktg1GMg== processed in 219ms
[2026-08-24 07:33:30] [WARN] [api_router] Transaction payload payload_hash=h68j95dKV0mAtDGOliJXGnxOl+xXUMu2xeYDrjaxiMe6UbwNQTpIE+0BTuXTkGB1Tw07vj/reh67QZrI9PDlxQ== processed in 124ms
[2026-08-24 06:27:49] [DEBUG] [cache_layer] Transaction payload payload_hash=5z+CfcNmtarEkQckG8pXtS7Ti07xCLiAZ/Lp4v6iEniZbKhuVTu8M8AoLZ4luziaJijGIxcm1ajHdCnCXF/szA== processed in 361ms
[2026-08-24 09:28:13] [ERROR] [cache_layer] Transaction payload payload_hash=9x2vYnmibKX3uZn0qxDuW9AImpPZ/D1XJgpsH4Clnzav+dghra37RbNGTbQ4UZNhcnAXS6q1V7Z7/PEqJxVOCQ== processed in 163ms
[2026-08-24 09:58:49] [WARN] [cache_layer] Transaction payload payload_hash=FdlSSEExHG4Jgda/WAmVwY24XpxgDrEw69YX6ikw8MR0l3A7NCraNjAkWLU2NO7TTPZiwrFx1xOjdnKcwSXmTw== processed in 216ms
[2026-08-24 06:58:06] [ERROR] [auth_service] Transaction payload payload_hash=NsMlA1aKWAXAmr8SooZyWMiTE1imdktPwD3idyStH9OhHjKnVP8b8eXhsQNuKA9D0H4WGPWWP383jYY9Qt4yAA== processed in 36ms
[2026-08-24 03:45:58] [ERROR] [payment_gateway] Transaction payload payload_hash=BXKY0bSbV0YCoEFMxLj+esV4KUaX65RuaNyO5hPZZEeuGeHvlWRNx5UD9BT8PH2pW5CuOSUHdyMMeQS5tZf//w== processed in 8ms
[2026-08-24 04:07:13] [INFO] [payment_gateway] Transaction payload payload_hash=stfS628Z4S1zo4GfAImKB09XvI9iqozkQyB0R3zoLKpI/bOi6RNPib2N40q2aUDaMDLwDMOOclThZXTAqULf0Q== processed in 392ms
[2026-08-24 08:21:51] [WARN] [cache_layer] Transaction payload payload_hash=DP0Vnqr2qctL4RdUPgvlT3MFT3g9AiHsK3vALGJ7sizuW1BwKpZYFzehCqnINBh0sxOOqYYaJryIDS+J0g959g== processed in 288ms
[2026-08-24 07:25:51] [INFO] [api_router] Transaction payload payload_hash=oRwUGl+HwtSWqBxYrr8mMWje1WqzFNXfq7Dfobw1cjAQ0bftwaa8Zr285ewb/C/KIy7i3bfdUVj8DMro5GUBMA== processed in 225ms
[2026-08-24 10:22:00] [ERROR] [payment_gateway] Transaction payload payload_hash=9PceyR6W+I6dGD0O3rzPYc47udx1yH0VlEFdLSWPczKKTDuNwBexedq5bFyverayfAe4qlbxrBLjFxSJ7bN3Ew== processed in 81ms
[2026-08-24 05:36:46] [ERROR] [cache_layer] Transaction payload payload_hash=TF+kijxqHNu9pl6/27EywNd34IfYN5w73WkiqbjZijCeVaI49VTeP6A42ASPMruosVQDyVfHBSKRbKa56Sfv2Q== processed in 436ms
[2026-08-24 09:24:56] [WARN] [payment_gateway] Transaction payload payload_hash=pGEmeogY1OOYqDInVjYOVkgewvCqXvo5UQy2iMaxsm5x/fEzUixtj+T7L5MdQD0kM5gxEwODwwNlZvMgUWapCQ== processed in 308ms
[2026-08-24 04:50:14] [DEBUG] [cache_layer] Transaction payload payload_hash=wj+6IAbrCmUpGitNfbEsvA/JwAtK77zN98BHUlCmDPM711Od/O3ZlJFMhrRmyuX62FEYTmPqDJX5OM2Ma7hqvQ== processed in 140ms
[2026-08-24 09:49:07] [WARN] [auth_service] Transaction payload payload_hash=WoI2RH52R3nOqFbizoWkg4U0fTTUfFkzoN110hBUQlgTGVoFGzyqRyIOZSyd+fcV7zdMEOYlMO5zu9jE56EGEQ== processed in 6ms
[2026-08-24 05:52:53] [INFO] [api_router] Transaction payload payload_hash=DFHmfEyHtYz8WcYY1T8ZfZ8ZSHvsBoSbBrvsDpJV7cGULbnb9udODO6aPe9W1NXVyHHufFiVrCm4zFYRdRfyug== processed in 374ms
[2026-08-24 03:26:35] [ERROR] [cache_layer] Transaction payload payload_hash=hXNfY5iP1U1bCpbE3c0CU66ARO6ckbV6f6oE0EBBesphEzpasdCJMxL0CXUqyreD6zn2l36khLwdFS0CfAoF9Q== processed in 473ms
[2026-08-24 06:51:26] [WARN] [cache_layer] Transaction payload payload_hash=MimiP71RncQXZT3FqaZO8R4FMoxUiCxJG98FHLHsVrnfmJEPFhS8KdI+iGtFtY+J85ODdsCnHxuoGUYi5TBgWQ== processed in 97ms
[2026-08-24 02:49:49] [DEBUG] [cache_layer] Transaction payload payload_hash=bWNe1SK7TdV45EQ9y2e1HltcXyX100uQAYqgeXGT46FJzSJihcNx1apI97Skx4V4ShRPdev3gLxmBW8smmgDjA== processed in 454ms
[2026-08-24 03:45:23] [DEBUG] [db_pool] Transaction payload payload_hash=XgyJqb5NMuc0tW8vco52Ahd0hSW0A4/YWk4OeRMXAoIXrh5y2zrTb3q/Ujim75N9Os3in06iofR+E4c0jk1ayg== processed in 421ms
[2026-08-24 05:55:11] [WARN] [payment_gateway] Transaction payload payload_hash=ffNEOWv/RifFB2WYBQIho8+I+ZVQmJ62RDEIrLy3ojZaKEs4KRF3wF/jQoWebmmhcrOlOX8xVEffvTlFgVOBrw== processed in 267ms
[2026-08-24 10:52:16] [ERROR] [db_pool] Transaction payload payload_hash=12aVGgO3H9oNKOV9hGZIdt6Vi+vOKhzNpddLilwwIvkYnollj54UwxT0pglVbeKsdPNcUQW6qnigeu3NXN/Pzw== processed in 358ms
[2026-08-24 03:00:00] [DEBUG] [db_pool] Transaction payload payload_hash=ok3oUIZImM8M9kAtw2BxO8r8sdKypbIkJwZu+yg6mqGlReoZ6sBbMokHb7pQtHeUIDs2DIvpxYzSLs134q6GXg== processed in 312ms
[2026-08-24 04:25:18] [WARN] [api_router] Transaction payload payload_hash=khgamaTLbIBeWWo11P5FkHHgCU94l7qu9Rqyx5s0uxwlpKkyBRoScXzTZDuQDKBbrk20nebXFH6Smi6LGHPvrA== processed in 447ms
[2026-08-24 09:45:26] [INFO] [auth_service] Transaction payload payload_hash=0rStyWzDPk93p/JeUd4raKVO0Go+bhXxwSXm5fwwhNeGZ/AG8elVOSMzE7Qc1p8resGZTRdRd4srJikTkjCTDw== processed in 386ms
[2026-08-24 08:03:14] [DEBUG] [db_pool] Transaction payload payload_hash=mjgn8Y0gbpNyZfD2ZDXhionN62qxkfMVmutLUiniM7zOpOERJAzMH129DlD14MURu9S35s71lYdanxGkfjOjhg== processed in 14ms
[2026-08-24 07:17:28] [ERROR] [cache_layer] Transaction payload payload_hash=bGHgwd+HdM3EunKoZ1DrC8xgv41V20Gu9iHdFbxOdRLHn3BXjXmfy3jC+owonaA5sfD1Vbo5o8hvMJPrLFnJOQ== processed in 468ms
[2026-08-24 07:47:02] [WARN] [payment_gateway] Transaction payload payload_hash=nWnsGhGuAh6nUeWIXCkY/5ZQuS121ipBpvESqzRX1T0ZZpk1w2zAiPwrbPP9gwMvp1CA3dI0nXovGUSxPxNr+Q== processed in 114ms
[2026-08-24 07:29:32] [WARN] [auth_service] Transaction payload payload_hash=qH23rl7DM2nskw/P6W5vLsCKUDCY5f0VCgFlmmvswHQ8FL2Kd0V1qohYK+4XecFXgcs6O6L5Z+BmSOXbVtw/hA== processed in 134ms
[2026-08-24 10:32:32] [ERROR] [payment_gateway] Transaction payload payload_hash=9VIqZbaU3AlB8Yg+87sdT535eY5u3icMWSBgEehLxbkrgDvecKvq6VMv5ShDMpuxI85rzQijDcDY0nMnIRWY6g== processed in 120ms
[2026-08-24 02:29:46] [ERROR] [payment_gateway] Transaction payload payload_hash=p13lI7fRP4768SX2SAy0Zx/2HGj8URkIFcMfiQ3psU6XWTTAfnWsMySOMPMj5T6WCGxRYEcfzvOOOIYcgETisw== processed in 98ms
[2026-08-24 05:35:48] [ERROR] [api_router] Transaction payload payload_hash=6B4tMKAaXUz2mZ0CjBMqAZfQCCrC1TsLb0uAWr6Ao2OnJHu7btB3IqL8VsMvNkd8w0xwzsckynZYPqUg/ejpyQ== processed in 257ms
[2026-08-24 09:29:06] [INFO] [payment_gateway] Transaction payload payload_hash=UudguimLlKznc11GsEw8PlZ+TNc4AoSrelf68N02mNTiL8u/tZldcHjoc+IbGM5X+gX9OnmhkBaVKYYEsbAk9A== processed in 155ms
[2026-08-24 02:57:34] [INFO] [db_pool] Transaction payload payload_hash=sr8uQZfzDUdtjvAkPsSTuqvplrw3p1fFwRlUA+RzZWe60F4rwinH/jxoGXXyfuSyfFolcQF2qkm2SG4cKeZrsQ== processed in 478ms
[2026-08-24 08:23:56] [INFO] [auth_service] Transaction payload payload_hash=IKsfBEQi/Vx3/5DVsO/GBidmb+Em2jm3HHUWpw5KDNRFWde6q8xzZ6GA6mNNd8Wit2n5uWxgj4kdwZQUs/y9tQ== processed in 477ms
[2026-08-24 03:27:30] [WARN] [auth_service] Transaction payload payload_hash=I6otnPWHmriST6Ubde0rdDT14tA4EwwIK9TXROGesIYe10OcfWkaDWPwCb0I/160L30CufvPGHNrqWMfJhD4zg== processed in 52ms
[2026-08-24 02:29:36] [DEBUG] [db_pool] Transaction payload payload_hash=Dzzv6CJbL8HBUacPgeQPgn4C2sdBK9z0ltkJk2Q7jcQW8b9teROAGmeC1a01zgyP6IiWiV0jooEAVvfTV9/LFw== processed in 214ms
[2026-08-24 09:15:20] [WARN] [auth_service] Transaction payload payload_hash=r/r5JI7R95Rcxb9CP0Z173tn1xMxUnyBJUFb+AcXQM1VhYTXKS5Tq8Y1HJxVwhY3P8geHWJkxns83DBRmXbKVA== processed in 357ms
[2026-08-24 05:28:57] [WARN] [cache_layer] Transaction payload payload_hash=ei+aieB4zBreKuOZ+ggkYOzZlPvL+uxxaSX9Tysfrk4FDo1XxeVIvgc4ywTLAc/YTenlzX1F4Ej50vToUppkNw== processed in 162ms
[2026-08-24 06:16:59] [DEBUG] [payment_gateway] Transaction payload payload_hash=f8JVQn1MVIjzMIzhVi4SEkwmByOq0SMfOV52oS9jZVAM+wGKY/LfYZwLKaCsTAJjS4jue6NHyc4nIcc6+KLfcg== processed in 467ms
[2026-08-24 10:19:30] [WARN] [db_pool] Transaction payload payload_hash=uyG/n17mgtTV2JNGbJ3qv2xpfJCXntKAy4DHgHLjI9XX1EcrJjSVEAfm6+2bF9UBA1DoPqpVo4p4HhChyK/jRQ== processed in 315ms
[2026-08-24 10:09:05] [INFO] [cache_layer] Transaction payload payload_hash=OVmYYiSzrELh4XevAMU/I1M4RufAE5fWyF39flzsUz/vHjnRTv9cOeo344vd68Oqotb0NU4+pcGf1UkI4Dvr5A== processed in 194ms
[2026-08-24 10:46:20] [ERROR] [auth_service] Transaction payload payload_hash=96LGaGD2ce9Snx0HAwxT8uQbDy+NwA+XzJcUg18hoIawL1rl+XNoxfe/WxO59MZCimA2zZwvxM9yRMW7qlowpg== processed in 434ms
[2026-08-24 09:17:52] [INFO] [cache_layer] Transaction payload payload_hash=oSLSpJP9OtGy3GsxnY8Pk3jGegnxNdv/uYmsJBVlri2OhvbrSpenaPwisCG6oiLMpddNwMWpGPY6X/HpE4bRpQ== processed in 24ms
[2026-08-24 10:03:52] [ERROR] [payment_gateway] Transaction payload payload_hash=p0d/axGX2fDTHGqCw246u7sescx+fTq/i7ouDHtfSMTGpEfPdmkX7Q8cWQs15A4fGtDPAjY1OF1JaPpvLT4kqg== processed in 397ms
[2026-08-24 05:03:45] [ERROR] [payment_gateway] Transaction payload payload_hash=d9D0bXiyy5q3amn2HOAb+I0MUm+fH9cbnGqUqWabgjFFallikayafpd6RDTKu2gf5p7ucun7gRp+XJS+olr5PQ== processed in 146ms
[2026-08-24 05:11:52] [INFO] [api_router] Transaction payload payload_hash=hFEK9EjDZywYKr5ZjKFB8JqrnFf8hkXKa4i+eU61T4oMGeUZLHagFcPAvuLz+CyHs+czwgwanN15tIWgWSEIqA== processed in 333ms
[2026-08-24 04:03:50] [DEBUG] [payment_gateway] Transaction payload payload_hash=XaKSHuTspRnj+UT68oFow4ukvpIi7Si61zP+AKDL1vLrQ1b4Yn3Ca7YQ9a+sOY/zE2K5N3XkVEtOIhYA4XUdMw== processed in 263ms
[2026-08-24 03:04:18] [WARN] [api_router] Transaction payload payload_hash=JRwK5AgI4H2H9wIrPR8YGXl6vXTvtsw/KKLvwRlT4AiHMiZQHZcEfGGYrKTZCrr8cFWltx8SzPsZq1k6sqst6w== processed in 102ms
[2026-08-24 09:00:06] [INFO] [auth_service] Transaction payload payload_hash=4QEI18Xk5iPZeejD2Qf5cRDtXyJRYd4nEd0eUPJwURsHSW7aS9C1xA3HGCngfdquwbnL0lJwuh6cPgCeAI5N1A== processed in 94ms
[2026-08-24 09:02:53] [DEBUG] [payment_gateway] Transaction payload payload_hash=N2twhaodH0rcwODYPHvzSC12ivdxoa6yU4ZLfMkBZcZib4YPvm8uMktQp/x5yaz2vdOTBiBjpdUluPDQPICIyQ== processed in 53ms
[2026-08-24 05:37:10] [INFO] [db_pool] Transaction payload payload_hash=RZU+1ZGw7xB+6/Nj5sHDGis74fXTM1YBGlmdLOXxLP516ir6YGn2MXo69iI5SMx0YN41BvgsWv0kGew4b/MJ2Q== processed in 150ms
[2026-08-24 06:40:14] [DEBUG] [db_pool] Transaction payload payload_hash=wrPAdiUO+PFd6kFyyFyjqdmb60rinHYlDU99+TZ343ODrTg9IIcBLo8wa/4Dfhc7Nn6X7smmQWbwopwuYqV1cA== processed in 173ms
[2026-08-24 05:19:47] [WARN] [cache_layer] Transaction payload payload_hash=hGaYdFQEqL2sLtV6mQfJjrh7q1nsCLuChca/FzlbL0d1h10jhshB1eYOjYGe4L3qiUr+pd60wq6bBk+9bYKPog== processed in 74ms
[2026-08-24 02:42:57] [WARN] [auth_service] Transaction payload payload_hash=VbGTpYUCMLuqUK6EJJeiydh6gIEjxmg1SsYu61m1te3e+suNwNeFdsn/ali9s9cmLXQvKJfmorD16sBQ8YWIzg== processed in 295ms
[2026-08-24 06:43:20] [DEBUG] [auth_service] Transaction payload payload_hash=mM5p28tjkH5jxo3Tm/eBGu6Awa9yIb+OJYFfRqhpw+CTAVpBGjtZUIG4U36vJ5BrBQvcYTvcGXofwBHhy1IO9A== processed in 462ms
[2026-08-24 03:36:24] [DEBUG] [db_pool] Transaction payload payload_hash=0TZ4xEYkB6F8q4BiNe+nu4kC3iDRChKerYDswtAFzhf9R4ldXuxJmJ4lSzZ8iQmqznw/Wmk6XEuxCxZxgbFVMQ== processed in 306ms
[2026-08-24 07:22:06] [WARN] [payment_gateway] Transaction payload payload_hash=0S1zZchzNIVapsfJZZxMS+drmvXm01QQlLkLiCjL6z/sQfOoX0dYe2DyPFBj76mAJh9RdWy3GkGlGDrzsP20KQ== processed in 144ms
[2026-08-24 09:33:21] [DEBUG] [cache_layer] Transaction payload payload_hash=kVoyo8oQL8h/6pqPsr06SGI+TOl/A8pyBATXJQTugcp5UHdWNYLSbyVAkLqTqcPKnuKKOVKraAFZe72F892t2Q== processed in 360ms
[2026-08-24 09:34:29] [INFO] [payment_gateway] Transaction payload payload_hash=unEKZ6tnxHNb1HADkzk4P5o7wzgXELJjEcSw/D9OewVy2OPP6BrDignm3yrr2pzdzxX44MiUcpkRXqJBmNflZQ== processed in 282ms
[2026-08-24 03:22:20] [ERROR] [auth_service] Transaction payload payload_hash=mv0uXnP1OLA7hCYkgCAt5b+nf1LKDrQvWTP4IWsLynKxDxvjCy8dGkR/942HSnZkUEzs7pvWyUYtMQaxKxNlgg== processed in 204ms
[2026-08-24 06:25:58] [WARN] [payment_gateway] Transaction payload payload_hash=LpDDZAWN/DME0dBnA4Muzf2VgoCYPWtkbssPeTlG1nZN++Pb5EUicDGg08onCCDTFGfDOFYRTQJn2uVYXgTVYA== processed in 261ms
[2026-08-24 06:18:03] [INFO] [api_router] Transaction payload payload_hash=ZUSvQEGhz6hcQncB5fnHWbIS0JDeItj1S017f+LZ8vfa0LO2mHReKQx4uXDdLLeytgE5Q8jfp51r6n40G5fYyg== processed in 200ms
[2026-08-24 09:32:36] [DEBUG] [auth_service] Transaction payload payload_hash=jedQ4g6hEeZ5FNxoaHGGEHGCq0kxdPbyXy5vcb5c151ZlMF/2+mE/IJeCgzGCYZYZlnTMWKXStm364xG27kbMQ== processed in 228ms
[2026-08-24 10:29:54] [ERROR] [cache_layer] Transaction payload payload_hash=XYeDlinHyshXTF3Qkjd38upcOtkw5385xJ561gF2WIULZacN06+DtImGbDeBHaR8Wi7KYqDUv13PGMMvwWk7rA== processed in 387ms
[2026-08-24 08:24:18] [INFO] [cache_layer] Transaction payload payload_hash=lSk0e76sxNANupx/UEx9K857xqbui2VLRt78KRpiOCYyuVw/N9T3WLbMUyQRvT6KVDb9awoQfbxh01zY5Wzvpw== processed in 415ms
[2026-08-24 06:49:39] [ERROR] [db_pool] Transaction payload payload_hash=WS7GH0TaGjWyq6dAe+JHBQapsFf0jXkgo3ufq+N1BWTbBPYP2WI6TMSBdttEKuzodD0Gwh8hFhMOho7TnxPbfQ== processed in 105ms
[2026-08-24 11:14:23] [DEBUG] [cache_layer] Transaction payload payload_hash=HmmxRP7XWCYdKqBBQ6wdtezB0mXWJIh5pUjYMVXTaEwtk1Uh+GXrLFD4lqBhQUM/1Nycwfd+eKmXbn+tKeXlnQ== processed in 424ms
[2026-08-24 09:35:50] [WARN] [auth_service] Transaction payload payload_hash=bX7uztx4SD1QbV5uPr6FKfG1nxJVsaNXtvsdWkumLP2+e4tc2L41vDfLyLTGm1bT0b+yddkjyBFzNQWRez0Z7A== processed in 87ms
[2026-08-24 09:59:51] [ERROR] [db_pool] Transaction payload payload_hash=S6QOjbTROJFovNxWV3r2Ouft38UXHZBNZCQxjalW6sYG59kUXi7QPOB1r8o4bGT9EozMTOD3tDaHHwv3Ea412A== processed in 425ms
[2026-08-24 08:48:03] [WARN] [cache_layer] Transaction payload payload_hash=zRU4QYWrhpc4A3GWqLgsySqEz+6gk5f7nmcK9WFMxSk60nF8fdUdsAT3DumzQIRrt/nddlexXlZiJsq+vmTl+A== processed in 29ms
[2026-08-24 02:28:24] [ERROR] [db_pool] Transaction payload payload_hash=gMDyOVeom5BBbpbG8NWPTbAh41hazFCXlyYI/mHXKs5pYsQCnfGljFghR84fHf56MpOiepMBitLWsteeRN6Sxw== processed in 408ms
[2026-08-24 05:44:15] [INFO] [cache_layer] Transaction payload payload_hash=JyMsProctyQ+FXt7LiTx7825eook2ZJ4tZ68ScQfobJjHeJ4g9e4qCH7liyPLcB9hIAnSb2RFCj/wDNh3CaY7A== processed in 303ms
[2026-08-24 02:44:27] [INFO] [api_router] Transaction payload payload_hash=hrGH5BBZ8FxAT1iKak3PhAPlKuPWTAxKQMqJxvTWzoYStOnAszxPAVGvV1Al7l3irIfcPuprJbJ7qiVmVlEFKw== processed in 119ms
[2026-08-24 09:19:21] [DEBUG] [payment_gateway] Transaction payload payload_hash=MNB84iEhWy54dWWf/Iig62fhusz/KlPXZKKHAlLXm379vefimVkwanax3QZNwjDKVpprm/DMT2eS4CsDMRASzQ== processed in 444ms
[2026-08-24 09:53:11] [WARN] [db_pool] Transaction payload payload_hash=klm4PsRPpJ4fBQAZv/1AnfgIulpXO1SQuyaJ4Onx74Y0ALA6HBC34emXTkr1oCJfV2ok9xrLsZiO0M7yMMJPsg== processed in 357ms
[2026-08-24 03:42:47] [WARN] [payment_gateway] Transaction payload payload_hash=NHkLL1zbdArwwH6TiAv+M6GWvqfANz/gtRQL8qSe1G91oEsSkw5XVGKUEO/j2jpszAm/cHwhx6lC+KEs2c5ZdQ== processed in 313ms
[2026-08-24 03:33:15] [ERROR] [cache_layer] Transaction payload payload_hash=mej2ygaTT3NPX+dH/x+kTrsIvvQ7ddlwGnH+xVgZmf7zGMu0zhZ/XhkdtF6wA5tqjizeMBVbcY+ZoHrj1ZbFkQ== processed in 81ms
[2026-08-24 03:45:49] [DEBUG] [cache_layer] Transaction payload payload_hash=JqNcg9kh7wYPOFCFHTv4Bu4smzk4i1vdS7MGnhaFmzq3dOAm4k6GCqEQJKa07ULFOafXAuKbJ2TgnLXQ0EZS7w== processed in 499ms
[2026-08-24 06:35:10] [WARN] [db_pool] Transaction payload payload_hash=Y0enVrRjSqbB+7eLqnSGQWpytHLelIm6YtmEK5DT+waS58VNrNugMSgtGnISuvYqpX0GH2xKdnXiSsNN+YwVdA== processed in 187ms
[2026-08-24 10:56:55] [WARN] [payment_gateway] Transaction payload payload_hash=E1wuUeLjpaLlMp3HsfbjKYdtJF5eiHccJnEJ21WrglEs1YVZYVCyHvPrH049atBsV6z8rem0MZueOEVXHqINTA== processed in 153ms
[2026-08-24 09:58:52] [WARN] [db_pool] Transaction payload payload_hash=xHbr+u7FDUG+H4x/8iZYYjazrgEB9Bt7LbVUWlpkmb21vRqp1liEl1xdJwQP5mMzoGzUS3GTbBQKFCdPTLqizw== processed in 262ms
[2026-08-24 06:02:24] [INFO] [db_pool] Transaction payload payload_hash=4PleRaHQtkSZ5fJBAyar2EadcwZY7XtLfhlOgB9CxK8ucm68UYsg3iWuz2U9rV+TH43ME5C/3UgzZ7Rpq0Dx0Q== processed in 445ms
[2026-08-24 08:16:57] [INFO] [db_pool] Transaction payload payload_hash=LU+YRS5SgQA5L0TmNgFnLFRdcuamJxGrHblFGo1E+i0Zb2QeBf9hATZbD9R4mc6gATBptP30D67W1SkINLn6IQ== processed in 34ms
[2026-08-24 10:00:30] [WARN] [db_pool] Transaction payload payload_hash=loGjBYoT5WglDmMfTQjUNfQ0J9p1DEHG2UdSWDcLUcxlP17rjWna50q92yU7Ufgs/Xx+MQDCx8Sew5HRkZTyOQ== processed in 371ms
[2026-08-24 08:49:27] [WARN] [api_router] Transaction payload payload_hash=kc7fbq2UlOKtLDIVeuD4id53fJClHK1mohN/FJcIUfaTQgy9kYkqWxEDt4TuwwCaX8D+/b8dWh9Vmg6b3iowOw== processed in 326ms
[2026-08-24 10:14:12] [INFO] [db_pool] Transaction payload payload_hash=pEYRuFqPA+D9u48E41tc1fj9JkMiAi3vHO2K7b9ORuHedCJpwfs4wD+6zqPkKGQDgWJ3vTfiDYk1mC+/pKFRZQ== processed in 53ms
[2026-08-24 07:49:52] [ERROR] [payment_gateway] Transaction payload payload_hash=G4aqz1r/atAWsrtIO78A4CcjRYbfmlyKCedbPBcsz5ESaUnHLDqq3LQ5GZyrDPJJc7qdKlvxfyU6SMOx7e3/vA== processed in 18ms
[2026-08-24 02:59:11] [INFO] [db_pool] Transaction payload payload_hash=OwdJOMy3q7m/E96KqKpqLjsE34uXsyliT5I74cUNY4CiU3xrgWMyBm3HwuvDF9L/qXErzK6/txNDqyfKQIifzA== processed in 147ms
[2026-08-24 07:36:20] [INFO] [auth_service] Transaction payload payload_hash=NVlG0hGorMfUNd/dSOsZlQhvQ0xAE34zZFYlFFSKV/kXEe+7h0MFMUTCDwHXXdXBayqBpscBXEoKY23yb4dTKQ== processed in 453ms
[2026-08-24 05:27:36] [DEBUG] [db_pool] Transaction payload payload_hash=qb136A1FzuAim7Mz/t0zASHDkIaN++B78TN7RhfNL1RWfUOHHNVB4EuQrhVls8c7w4p3+HizASZQ/XIOT/SMlA== processed in 451ms
[2026-08-24 10:54:57] [ERROR] [payment_gateway] Transaction payload payload_hash=AbFgC0eWsW1JaBY7vZaWI38DQ4T0rAY5mXVn+EUEbPMwRcJ0/4XV6ERpuxNCUZhQbV9tGz0XzNHC7IskbKmm9g== processed in 202ms
[2026-08-24 09:12:20] [DEBUG] [cache_layer] Transaction payload payload_hash=DoI0JfoMDr9Qj7OCKhqVhopqczhZiXD3SLN3jLuzOxNqsrwVlZBdFfkSHFWrU0iEqATCMWRIgVf6t45FE90Pcw== processed in 142ms
[2026-08-24 09:01:09] [ERROR] [db_pool] Transaction payload payload_hash=8G9hVwHVBndvrAGijPv/AtSiQ3WBAAWleIYFyO5szH0pqVYRd2qgxC94MhLeIgA5KRbRHYUoaVLx3SvUgjw1GA== processed in 388ms
[2026-08-24 02:27:42] [ERROR] [cache_layer] Transaction payload payload_hash=RjVrxOIXquhtHo0N97Bxs90Py2Vp4qawQ+3hcQ+Y1xDBJd2gyIXTWspcngBJainV4/gHfDINduYSIhqvFh/DiA== processed in 198ms
[2026-08-24 04:55:42] [DEBUG] [api_router] Transaction payload payload_hash=XeliMU2ZSIMrvo5l2lnWQPMZX+hT+fYFhkr8D8SqkUuoj6VUkIPc6TL7yTH2vLu+tPu/hHw1FlXg7m+1MWEwGg== processed in 344ms
[2026-08-24 07:44:07] [DEBUG] [payment_gateway] Transaction payload payload_hash=4X/CG/2hKeYEDez0FJ7+URPjnGiPC+6h+3AyvdG7i8HSJUnrlDCDCLBFOH7r+z1JbKnpcVnxu4Y+vHjM1l+qbg== processed in 423ms
[2026-08-24 03:34:05] [DEBUG] [cache_layer] Transaction payload payload_hash=Kvy1daG9FLLct2ng5spCeuJ7QSSl2s+Sj7Lm2W9gkHKzkLO2yqi8GJKownOFmkMHL456t5b4XfhlFW055REpuw== processed in 498ms
[2026-08-24 02:26:11] [ERROR] [db_pool] Transaction payload payload_hash=RTpTpqx+2wGv3p9ObL2UBmaGeVzjjNEa6RUXM0PcR5Se2seVNPfIyFyi2+XUQSuLnE0/sdWzMaiar2xQs2lwDw== processed in 246ms
[2026-08-24 07:26:54] [WARN] [auth_service] Transaction payload payload_hash=AH4j6G7IA0QfVYNG3v5qCk49twrNjjnCzpEPZDGLFOm9IMUPy+RNHpFUK6vUPbO9G1LuwQxTz3gSo6nBF+Djog== processed in 441ms
[2026-08-24 07:35:13] [INFO] [auth_service] Transaction payload payload_hash=ZpN4KZcCPkrIH1+xUkUrS4wBz8nIf8hSNPYjtkPTg/cm8RCvF79YggtHlvqGKhGfsFcEpj63/rQGFcWezpuz3Q== processed in 396ms
[2026-08-24 06:07:37] [INFO] [db_pool] Transaction payload payload_hash=L9jptoBU8Iq9OIsaX6iJCpjfcNgvROCsgYdXReklHge4aOHDhopnWiXrC7F3d9NQ43OgY93o0lK8/IXLAP9wuw== processed in 15ms
[2026-08-24 09:26:47] [INFO] [db_pool] Transaction payload payload_hash=2gBDEivY6vK0GbdE111Lf0nag3Yo68nmINAOKCmL3pwrlmbRMUCUJN5Otgrefk6Ih8UD4YpA2DNU5aqwR5qLug== processed in 422ms
[2026-08-24 08:58:35] [DEBUG] [payment_gateway] Transaction payload payload_hash=kwLKGTmkehRjCveFphz+d9M4vphuGoXYxC0gONl655jBR4yLTZ8JirWYnYs9LEe9hIdldz314Q9I9lH66OACiw== processed in 84ms
[2026-08-24 04:40:56] [DEBUG] [db_pool] Transaction payload payload_hash=YoFcYOIbcy/1kvF3r+TCXWMAf/ZlbDYubjHaEUjDJML0/LD+Rp4tXkq8NiiBRoJ6kRHrImyltERnJ/ilSK5GFA== processed in 256ms
[2026-08-24 02:39:10] [INFO] [auth_service] Transaction payload payload_hash=Y4UIlATRUGZsiA38VZ7ga6Eq1wQjzEyAZDCvYwjH7mMyLWFzPUc95qpCNlowcXI6DZ8Yl0l2mYCCXX3dTudlJA== processed in 315ms
[2026-08-24 08:23:00] [DEBUG] [api_router] Transaction payload payload_hash=UAtbQmYvOnJfqoR438BSmOcvgv3dQglqA7jRG6GhvlhwWuQrnO7IoGpAF8imjBI9Vkze78wQC5ukJMwfbneuHg== processed in 238ms
[2026-08-24 03:39:04] [INFO] [api_router] Transaction payload payload_hash=iDA5gs2F1Nc2EieaBh5dIqYXC9KPyW4gw2bvOpAVAMmTKgTnmzRDNpauOLF5uZBmNuVgt/alDcJjLw0YQrcc3w== processed in 10ms
[2026-08-24 07:12:30] [INFO] [cache_layer] Transaction payload payload_hash=jGAbkANhLXHyUo9+9dKv47x2eLhhY1SiZ1FMF5hORmotLryty1pEMSNr870gOezpJEBNkBBP7Cy+UW5snqdOuA== processed in 36ms
[2026-08-24 04:35:37] [WARN] [db_pool] Transaction payload payload_hash=Q3+6UfkFWQmWxoDzHt1CAGpFgZyT8B9BJHwT9BSkygQEU1Jou/AAYMed/Js6wRlaZE0TauXorY5R6O3e5i1xrw== processed in 437ms
[2026-08-24 09:47:10] [INFO] [auth_service] Transaction payload payload_hash=9tg4rhmkAPEV40I+e22pG8LIHfXXQ7DIkMs5uHB9FThop6fivwyjMk48vgtZr0L7rQL3zdnRVKQ75qub8ZWfsw== processed in 110ms
[2026-08-24 03:45:38] [INFO] [payment_gateway] Transaction payload payload_hash=dIp3cStKi+4+kPaV8poRkITLDF89koE9ZLOgrWN+wXIteQSRs9rCisBNcU06N2A7TrIJdRQQtcYJajTNITdSNw== processed in 409ms
[2026-08-24 10:58:49] [ERROR] [cache_layer] Transaction payload payload_hash=P2Qa5kc+I5GbcwlqN+off7HVdKtGKiHUkml/mpBJ1U/RRIY+O9CQWbQa2Euc/07rIWqxPSYDAIEj6/LoWWDzNw== processed in 107ms
[2026-08-24 07:50:35] [ERROR] [api_router] Transaction payload payload_hash=PpmbDRpRyvkMk0hSUiPkcVuinq6FM/wp1AixKbAbLv/wUw43kVtNGZt3F8V2hUtlmVNmDf6l+4njKOksYa9Gnw== processed in 233ms
[2026-08-24 08:26:50] [INFO] [api_router] Transaction payload payload_hash=OZ7vJ7kzITXl5F8dfkv2mihvrV+dgqTZySCDgLiFW9NmICQaZOc2zD8EajejbJhnttacB5EkMeIBQHiTTgakfQ== processed in 41ms
[2026-08-24 06:14:48] [DEBUG] [api_router] Transaction payload payload_hash=pjtsYO7S4Cf+yYuC3Kd3pUB2UZjZ2RSesc+Eq7J127aTJmztKFFdGAZtEA0RaztK+XcWeR0S7AbbqoGExJR/qA== processed in 150ms
[2026-08-24 03:22:45] [INFO] [payment_gateway] Transaction payload payload_hash=ZyMMEHgm/cT1HB3GVZySHDU34DaqZ8oJ7HsDa8a0tAvbxR3OcCGE/UKG8LsL7wAeRLcIaSNKG7RMaLXlGRmIjw== processed in 477ms
[2026-08-24 08:59:20] [INFO] [db_pool] Transaction payload payload_hash=h1Q/3rj6AFkBPvKbXo6ZSCnjkN9qDp7Vlusg1cdrp/ZuAjG3nESH7H/WuoYJY+LEojZ25cGy5pFoAWdN0+u79A== processed in 490ms
[2026-08-24 07:03:38] [INFO] [cache_layer] Transaction payload payload_hash=OrdiSgKqFAJ8eyCr05MUb/i//kRxTmapZzen7uZT8YEaeuRbOxZ5c7ahOmI77W9eP+SCl6Cmw0UvhHKJkygxqw== processed in 184ms
[2026-08-24 10:06:45] [INFO] [db_pool] Transaction payload payload_hash=VFsKk/+8WcKaIXxYTEcwdJOYzV+dGvtDRBI+xo5lN/wJpKgXoQYRWsCgXt1t44nsSewyd4hS1H4CIMX8JiRC7Q== processed in 22ms
[2026-08-24 07:37:45] [ERROR] [cache_layer] Transaction payload payload_hash=kCydS+HqS/o+jZRu1LJycxhsDIiebnQy8XXiNZaml1sKqVJ5Mr7MBHzLWI95wY5cKK+YNAPapV24ao0WQjtLHQ== processed in 360ms
[2026-08-24 05:32:14] [ERROR] [api_router] Transaction payload payload_hash=loLQ8zPAECDfipopruHaTdaomocKqVgTOF3OoJmqickI04gkXUKG8W8JppI5MsbtI7RsICgXJxPCZ5EDMhH64g== processed in 241ms
[2026-08-24 09:24:57] [DEBUG] [cache_layer] Transaction payload payload_hash=wcNKCGU+UGFIkImpAPeT4IKT/LYXKn16zSZf7Lq4Bs9kF2ynTWEKaZ0MF/2zGJXd8KWNFludssjsMOZttEwK5Q== processed in 267ms
[2026-08-24 06:05:07] [WARN] [payment_gateway] Transaction payload payload_hash=Dakqiiwd/x74yRculUIQmAR9yyeUqbQFOE/1++TRp0QTZF1RDBUGIE4otuHoDluvAe3o3a/Iin6tZecX6Z8tZA== processed in 115ms
[2026-08-24 04:58:57] [ERROR] [api_router] Transaction payload payload_hash=/7X77K5VVHEqr07+ZKvA3lmVxHwJZZkADl2bMrdTsPFAwNeG/tVpAPYRowx42fytTxQeFyiIDHQceBXUEkBScw== processed in 479ms
[2026-08-24 05:38:46] [ERROR] [cache_layer] Transaction payload payload_hash=UH9dlPqYvecE0yfiIXbt/mi3zoZDmnbbqQee6x6LBb1hoOEMwQVsdAgw4X+FkIYpdEoxpewXPR/gbPIZWAl3vg== processed in 168ms
[2026-08-24 08:24:41] [DEBUG] [cache_layer] Transaction payload payload_hash=oHIsKQ8qggoJzHG9RJNqkR7UfEzu5wbeoLfGZQemgy1yfcHFDFdwC1QYdEEY6b4LYTAIVoBsskfvfetXTRu8yw== processed in 60ms
[2026-08-24 09:22:43] [WARN] [cache_layer] Transaction payload payload_hash=Rx2d3vO/WQs5Crh9fGWY63mcE62Akn21DOiZo5m+7pGfCT+9Sz7l6ERK2V2msB3jWEAjPhJURJR9rmyIPJbDxw== processed in 80ms
[2026-08-24 10:31:31] [WARN] [db_pool] Transaction payload payload_hash=Js4INDEs2GxLMynKhaZG5PDL77Mp0xLCyDs7hv8cJYDeFFGzXIkaR1Ugwr6AucGkpg1sohWaRYFDqNCJ8OdOrQ== processed in 218ms
[2026-08-24 11:04:01] [ERROR] [auth_service] Transaction payload payload_hash=i4d8kgFcCJKMoeqgVV9/OU8pxzUiFCQrRvzavlMF3+xzYUiofgr9mXpQSFBkZASnwjoNdG5p4mf92lc1nOXlVQ== processed in 222ms
[2026-08-24 10:13:48] [INFO] [payment_gateway] Transaction payload payload_hash=FoUFBUlbBoD7uWD9NmKQ4AnqUcHOciEg84tWWJT7NwmGg1RTsFNfrLfWxx1DR6DeVI2ZCwsPbSjItgZso+LNzA== processed in 308ms
[2026-08-24 11:23:03] [ERROR] [api_router] Transaction payload payload_hash=1hRI58cx2wKoEOCV4u0XPkkUiulrLldUUHutRDOgaWLsayYvZ5gfI5CKyccNIPz0B3sKkS2ddpgvoLf5bD3/1g== processed in 293ms
[2026-08-24 08:34:27] [WARN] [cache_layer] Transaction payload payload_hash=ChggV7s2hXDprzaIXnObbKkO/UJ2RrXL47irYA+2loibH2lY6TqWQqIeZ+NMKqQjc8se0xZM7e8UayEfq1I1AQ== processed in 498ms
[2026-08-24 05:46:28] [DEBUG] [cache_layer] Transaction payload payload_hash=55oGwRvROcf+5I49nbyLGo7iDxwHcJuN6jikOvJiyzLWSjCF2kVsfV/IcZ5P9voxK7uhpvBGc0lttrwXERn2Eg== processed in 494ms
[2026-08-24 06:15:58] [ERROR] [auth_service] Transaction payload payload_hash=CdrqUG7b2YsNruTto5x4aB0W0UX/uxo/f7PIMs2rNDcBDxq5Tfg/8XtCkWQfz1uKuAg6G/rSipS3ZjFlRexstw== processed in 56ms
[2026-08-24 06:06:53] [ERROR] [api_router] Transaction payload payload_hash=ZM5t9MY37hmTXBah080/CGXobGqNMA1tx2VcepPBZ/KPIdp2iSOT33MHIt/XqIPRP3mVZgP3q9PphPf9tlsiVg== processed in 125ms
[2026-08-24 08:21:23] [INFO] [db_pool] Transaction payload payload_hash=D2zEYa6jynAzcEN9X+PfG151I1l7UT9WC/0JJBpecHxarZ92cKBiZNoPFkAxW6/vhrMnC7CWveyv0T1PDzgwuA== processed in 403ms
[2026-08-24 07:56:44] [WARN] [auth_service] Transaction payload payload_hash=RVoVucUuaZI+7OtiIwLlDQ4miUtZ50xBYKRwtozWFNUehK30ivwhP+sh6eeb7BcGUi3C+LzurRO+HftaMhotkg== processed in 123ms
[2026-08-24 03:40:27] [WARN] [api_router] Transaction payload payload_hash=zSECXS46ZMSr2oW/HlcaAAA+F7Mvl98lUZWVpm8QC92ZnpKpZQIf9TFY6KtzbwP1k6j+OI3BIhvKhgDQ0/VnzA== processed in 375ms
[2026-08-24 05:22:26] [ERROR] [api_router] Transaction payload payload_hash=oI0tUA0NofX+/sl3GZ+3uaCKVgpormvqOonKsPEI8usGqK1aUDo8k08LGGtybMh4yuaa5zFRwmnGoJ4dn54Mcg== processed in 499ms
[2026-08-24 08:52:47] [ERROR] [cache_layer] Transaction payload payload_hash=yrxrWbGDe5ouuG9VbOU9rNHMZFCztD59coodDxggC7UKsus6Ew7rdz4QCzOyLw5nHyb0zYh2twSnVtEquM+seQ== processed in 109ms
[2026-08-24 04:36:48] [DEBUG] [cache_layer] Transaction payload payload_hash=CUAuSJctG3qt2GBrq52ioAKguXtn4kxf52n+ADiYbzbnYxmdIdnlTGz1IUrJCws45RU6ebUsEKBoHogiHClZvw== processed in 495ms
[2026-08-24 06:04:58] [INFO] [api_router] Transaction payload payload_hash=NFFxu28kfPozlj6tN28cD3xbltNBP/kxUT5IG5xa3eY+L9OItq3s9B0F/nAQ4M9iSdTIbfRCvxeZxoPB0OlgkQ== processed in 310ms
[2026-08-24 02:23:29] [DEBUG] [api_router] Transaction payload payload_hash=YBXsIPorgYVwUlx8rY3jHp9SHpr5ctcUREheuS/tfZ9zwWQDqKtxunZEMzZHuMon5B9nzka+IJzHaKF7W9XLhA== processed in 48ms
[2026-08-24 10:47:58] [ERROR] [cache_layer] Transaction payload payload_hash=RL3kHvlgtGZSJaLSn8HX6swerDVpn3ROlgsLpIJxeix68cqos+zWPRovGNXUmXmySZ3xKDF8usAN/c5B7KVlSw== processed in 425ms
[2026-08-24 10:16:45] [INFO] [api_router] Transaction payload payload_hash=5I9UszMEFhLEBU4Pym/HblLqKybtQwYVwPfUUqiWY9vijjpiBf9XX/09BUM5XWIkyqn0O5qZ9fa6KF3yOCjiWQ== processed in 85ms
[2026-08-24 02:38:48] [ERROR] [db_pool] Transaction payload payload_hash=oapbqHowCFHhZSWFr7jpy3d6Tp/+wykYbq681pMJ10jkZ7POwHhkl+7KVJm2lZWS/vGKA0yLOw55PBUuaya2ew== processed in 207ms
[2026-08-24 04:48:51] [WARN] [api_router] Transaction payload payload_hash=mLshaC4K+LdqDcwINA+fzOwRFFmzFRl7F76zt7+Cimei7zDikFDSjOjwa1ohkwSx2SOg7+zZHFw/HSNwioWG/w== processed in 489ms
[2026-08-24 07:45:56] [DEBUG] [payment_gateway] Transaction payload payload_hash=TbPWjYS79T6HWRlvbbeJH5ovpkLkSZzGdxUXfH0t2hs3uEPHELji8YI+XP11wF9dzbKuwdzIASGd+YTNE+DOtw== processed in 473ms
[2026-08-24 02:50:31] [WARN] [api_router] Transaction payload payload_hash=wBhUU8qP0JLC/h/DXjvqRvn5fPzwEcwHtCcXmp0peUQcjpfHHa+keSPNaxT9oSE9Ike6cpqjrFH5xneZOD2Q3A== processed in 307ms
[2026-08-24 04:54:13] [ERROR] [auth_service] Transaction payload payload_hash=RhJM3M/Kgur/wJqfzniPBDmsdlRfKNN6v/LXR/rJniWBnnCMd4prlPxBXE37pS7dwvYijPmkR/2cp+ngrAB2pA== processed in 103ms
[2026-08-24 09:33:30] [ERROR] [payment_gateway] Transaction payload payload_hash=/MKs1hNS97qCWzjE+jE6XzKtQ+IOHfXAEgGOZLTglN5YAtPJQSr80xy04WbHJgNLfTbotyOHi5yBDb+ZyYVbNg== processed in 316ms
[2026-08-24 05:02:52] [INFO] [api_router] Transaction payload payload_hash=6Tls9XaOGXJtqlAJqkD0PYGLLwdzyouaAVKt+NPP7Vg0SOLKdDhlUJHBB+4UbwEmSYMCtBCY+VCUEpnWqkny+g== processed in 189ms
[2026-08-24 07:51:06] [INFO] [auth_service] Transaction payload payload_hash=Xlh7/CGH9kdWrSW8U79yCVJzivA5rmxaSh24pWwSCvbyBNWwgwUJC9ZO9O0D6j+pRn6TeJLHC5twmA2Idq1M5Q== processed in 192ms
[2026-08-24 08:27:01] [ERROR] [cache_layer] Transaction payload payload_hash=rpu56QJhw3KZurend13c1GldPJEkTq8SDImko2dHqe4rFUWwxUHSEmsudOc559q1O/NU7GESN14CzqomV2vQNw== processed in 450ms
[2026-08-24 05:07:30] [WARN] [auth_service] Transaction payload payload_hash=P8hkPpwdVG4BnzjurADfeDCvwcJ/yjCyBCveO7ovuD6tYf/8C4POLiH3obpm1FPj4tqPFW5GNK7CueJx2OPdWg== processed in 472ms
[2026-08-24 05:27:59] [WARN] [api_router] Transaction payload payload_hash=NKy4vg7IEOIKZHyMK9XzRdQIeURnUhZeiZ/DRGydiC5tLbkVTPvep3zUoonzOSuCNcqQvpm7HgJwklds5jb6dA== processed in 161ms
[2026-08-24 09:08:12] [WARN] [db_pool] Transaction payload payload_hash=qwFugPOyRJgV3yvsxHrwtoScR2y4qHzNzuTwIh/rfKP1+oarVuzDX58OK3UT0hYPZNAeT6JL6p8bCnDSezynLg== processed in 378ms
[2026-08-24 09:06:29] [WARN] [api_router] Transaction payload payload_hash=I11H5Gloh4hxWIDeu4B8b7nCPLQAqPyhK22CkFg33lSVloPTHsJ7ZEXTTyJJPnFeCznHWkRwlornUq6R2qNa9g== processed in 141ms
[2026-08-24 03:16:07] [ERROR] [api_router] Transaction payload payload_hash=/ijQaFAXsOEWxRwodIrpNKTcEYCv0VgyDNyMP3Dw4DGgQStANd1uUoBN9+5UwFfAG+aRxb908dd25dZyvTasVw== processed in 292ms
[2026-08-24 08:25:25] [DEBUG] [payment_gateway] Transaction payload payload_hash=9Z3jFr2PinDxHaEqlczFHD7+EPvriuRag9FJeCIEtH0HoOySP+56xMkxKamAIFd6sTwpjiiLLmB0gqIw+JfJKg== processed in 458ms
[2026-08-24 10:40:18] [WARN] [cache_layer] Transaction payload payload_hash=SYNFmsiys3BGF6VcLpKnVCoSBehwjW8fGboBp/A/fPQFws9xTtMcNf+4L+JxwT13/6Jw9q5IlhLbIgZZbd2aPw== processed in 205ms
[2026-08-24 04:43:51] [WARN] [db_pool] Transaction payload payload_hash=DamF6jzalhCJLU2kNs8V4B9fUKuB5EA5Y0PAWIZ2pC8k7kr7JpJipIvLFBJ++/246yrZihBUXp6YoH2MUMELHA== processed in 436ms
[2026-08-24 07:52:47] [ERROR] [payment_gateway] Transaction payload payload_hash=ChLb02lpaKTVhqyTfS4r5gR98EDpr8FSr09tT5XaSlfzeIJeYUvOwla4dzNWP5IwFOpB/KrXZw0qb8rMCKLK+w== processed in 199ms
[2026-08-24 08:13:59] [WARN] [payment_gateway] Transaction payload payload_hash=cq9P+W+kOuq4sm2+SUCUgAn8W1rEKKrACRhmZWDlbqCzo6Wy+vrop548sgNlMhqg2y1gvWhG9H0Ii8JBMrZ6uA== processed in 76ms
[2026-08-24 09:46:37] [INFO] [auth_service] Transaction payload payload_hash=ciBWojo/MWMFI6SncuTXY1ky/3sUwDTLQpV9oyqd9qd+1CExzoS0g8PSi1Vu12noJcgVT+IHhOam93a5b0Uc2Q== processed in 353ms
[2026-08-24 10:56:38] [DEBUG] [auth_service] Transaction payload payload_hash=YNTGnRm/jYgt+D5ZuOCvF668S38H9XVxx9Hgc86dHMJj4Y5BxQ/An5y3p8h9PwAppUo4llPD1i096JqWJ84axw== processed in 170ms
[2026-08-24 10:32:48] [WARN] [api_router] Transaction payload payload_hash=G0l1+RrJ2t8+UrMQxEo++88E6+FNNungCT6hpB9TQg52isiqDtsDWOZwv6tch8UFM0b7HMkKJIR5UaexR0eR2A== processed in 483ms
[2026-08-24 07:16:18] [ERROR] [auth_service] Transaction payload payload_hash=4QConApLRnegDvfhtJ0rJxplgY0YIhFSfr/TBMT3WFiKN/TanIpzmCEVPFQLgRIrZdk05gm0ODZq0XMGqCTLFA== processed in 470ms
[2026-08-24 04:06:46] [DEBUG] [cache_layer] Transaction payload payload_hash=6HlfV0ZEqT99PEUQmdt75clAGi9bJPL2pCVAmY9XeFTe2O8jPFEYYGg7xE21QVecGNgF55epjmNnsS4dUtqUhQ== processed in 474ms
[2026-08-24 04:57:08] [WARN] [api_router] Transaction payload payload_hash=pnMTAsktC0reRavx8G/8QbEidCGyWflH9WGZ0dKLiDqq7PLfLwxXCgbwNcgZ4IQ2k2RZix2eurlNJhWc5XqCsA== processed in 58ms
[2026-08-24 07:39:34] [ERROR] [auth_service] Transaction payload payload_hash=/v+1v4uu6kJjs25kNt3Qj54R44FXHtu54AT679fHBdzUao8t3+seXZzswuhU914RCbpHr3/kRLBJrYq3tIK5dQ== processed in 115ms
[2026-08-24 11:04:32] [DEBUG] [cache_layer] Transaction payload payload_hash=Q7nYE+jszYO4S1Zv5+FfWLeWuuc3BsKG/2YTJWfqTYCWMgWf4KW5zzCChI/TxedsNBL0n+KZCXetK/nRXkXJ8w== processed in 172ms
[2026-08-24 03:07:00] [DEBUG] [db_pool] Transaction payload payload_hash=5ex95hC9kN4EXLhvpj14sc8AETK8WlV2Rjvl6EMIH4EoLYRvMD4FvIdqZpxjnIrfSK7qTDoaHEvwNnfI/sYNJA== processed in 451ms
[2026-08-24 03:30:11] [ERROR] [db_pool] Transaction payload payload_hash=4uaSIg5fpqCtTqU9O5DQonhJa/inm3TQwvu+3aJkHKQF45zNR8+3R9m5kKmqOMZMxW1oTS4mHSZ0vejf+i8YtQ== processed in 413ms
[2026-08-24 08:09:51] [WARN] [auth_service] Transaction payload payload_hash=qBPOqv3UsTFQfXAKAn0yJRwLni7F1W8U9HNZ6FA8fgOYRdDBidnpcUUpMt6yxsHs8lbxNjqObmaDjXHyvSw0QQ== processed in 15ms
[2026-08-24 07:28:31] [DEBUG] [payment_gateway] Transaction payload payload_hash=I9+VFk72s5zH15mdUL0HwQLtuNl/z/bmKiwJzn2j4n6fMjs1LFkNzN7L2Eb41IpnVfVKwJUHxdT2QGN67x7ViA== processed in 325ms
[2026-08-24 03:27:47] [DEBUG] [api_router] Transaction payload payload_hash=t9ISXRmQNa7lRcCvMZQMsplExdFVVTO7N16nOYx7Jzu6XIKHPZPdS1MtUPiJdHSyo5N2Sbi2zyqcOE05svpNcw== processed in 134ms
[2026-08-24 06:56:04] [WARN] [payment_gateway] Transaction payload payload_hash=cejgQrRAuK48qkFr3p1bgTIxVi4NLSa7xW5SGILr4QHXEKnkRzoHFdbZhcGZJPcOJ1AAisg9NXfbQm2S4/3B2w== processed in 494ms
[2026-08-24 07:16:04] [ERROR] [auth_service] Transaction payload payload_hash=U0BtDLFT9tzUV0L58EwcoTO2wdR2Of4LbmNqkfuGcIeNI7SALMm87lh58she+a2OvGFqYsTNI2Oq05pgsfoRmQ== processed in 65ms
[2026-08-24 05:05:14] [INFO] [auth_service] Transaction payload payload_hash=0dDq/8gq6h5nnEgsOwGt05AvtpQRjxkeomkx9000nFNr+8LVutqYu7ADu4gV7Nsk+iLKR87Yl/Ur9T7qSdJ1KA== processed in 0ms
[2026-08-24 06:57:03] [INFO] [payment_gateway] Transaction payload payload_hash=ovsvgIMJqldUVrympJ3VIuOazwXJaD1mbpQAXErPZTQEX3sDFaLlX+7xjmKVFp2oW0Il5D3wMlVP4y1Y5K789w== processed in 122ms
[2026-08-24 10:53:40] [INFO] [api_router] Transaction payload payload_hash=ambTFrRZeqQfDF9aZQItAXo/nMhZqFemzy72rKPO+sfJbMJzP2v4JZie1qB4vKzZOIGVDlPush62wc8pvsc6zQ== processed in 93ms
[2026-08-24 02:52:22] [INFO] [auth_service] Transaction payload payload_hash=JL6AHkmXsndj1x07hI6K9YN1fKIcZ+2PzXy5MHJHhDaIdKh2/OoVDTM25jQj/obQ12roocuUu1HsV5fO/Iye8w== processed in 415ms
[2026-08-24 10:25:55] [DEBUG] [payment_gateway] Transaction payload payload_hash=IMN7k0p4FcsXFCeOyGkMsLOSn2eIa/ZAZvk+zSkBIHLykmD8/ifyeInqY+cgIcpTCub2+eVVeiHl0YiO91OMbg== processed in 321ms
[2026-08-24 07:54:24] [DEBUG] [db_pool] Transaction payload payload_hash=BWcgA/U65MWxHVN3v4C6z//YE6YUvGqSnTFs8ncdvfGeBAOqgBpXbrq8V7nFzz/Uga8XjIaRnsqZh+O4oEHcsw== processed in 257ms
[2026-08-24 08:56:09] [INFO] [cache_layer] Transaction payload payload_hash=LIm66wHNyUp7VFQPyL1PH77GbndxHX6J9HI6ZcDgZxlMfQMQXv9YB0R/dOMyrc4YUOF4hV2dMz/+qimJPjiXhQ== processed in 149ms
[2026-08-24 10:13:24] [INFO] [api_router] Transaction payload payload_hash=bq5wJblfIRMb7NeawsJPQw/7h6Q4+mH1K8wbDn18PwGJ1VvCS6T0xppLOJpszTKN7SqIe7YuYabIgnnpj5jppg== processed in 490ms
[2026-08-24 08:08:48] [ERROR] [db_pool] Transaction payload payload_hash=/JgQdlXrV6+PoZKD4yulSoAapyx9Gb7N8MEv7AiqG0X6E6k/W+VIAKu3TvCpgZSGBuI6U+zXS2KXlGZcpjOcJA== processed in 185ms
[2026-08-24 07:06:49] [DEBUG] [auth_service] Transaction payload payload_hash=kLd8ldO7xEUmSiFenoBQF54huh7G4jiGLtS6ycCziwuP+sAs9fSIbpEWBKjrFFcVWZY4DYmx0JaVVgVZJvpfWg== processed in 118ms
[2026-08-24 03:15:00] [ERROR] [payment_gateway] Transaction payload payload_hash=qqYDHKOFh4Yks6mQL7J0DCtkYPioqLmStBl99tgNegt59Db66KLbWhFAwER/XCdWlER/vJJaZBgI5oJfnOibcA== processed in 270ms
[2026-08-24 04:20:13] [ERROR] [db_pool] Transaction payload payload_hash=Se7H5WwcD8BciRbK1uOPvdEMn2bPJzgrNemW8ySKjZtPmyX73wPO5GlREmLTGho/c8W8Ivyl4Cm8vimZrivdTg== processed in 300ms
[2026-08-24 03:17:37] [INFO] [auth_service] Transaction payload payload_hash=eZDQRMcueKdFf1xwzP0anAP6euiXtV1g0UjddltSU0m7rFiNGlaVvB0UfNzZLQWnRgAbA27Q3qC2cu7RLzMb3Q== processed in 353ms
[2026-08-24 07:18:18] [ERROR] [db_pool] Transaction payload payload_hash=1lmwjaUNW/4QTpeQF1+3oyjftrSideoS8YWJ9o/lthsUBkDCF9owB03meP6q69OPoEsvyMJkOKla6mSNGMFT7A== processed in 136ms
[2026-08-24 05:42:11] [DEBUG] [api_router] Transaction payload payload_hash=NdaUHu+7XOyS3gxtC5tmdQthetn+V+zlM+YVEh9r3+DNPflIFzvvOYWpG2Yo5rD8gljX1NVqNGCdfnpxABV7/A== processed in 372ms
[2026-08-24 04:00:00] [INFO] [api_router] Transaction payload payload_hash=uUbc8VYudMHOJF3B9i62MYsZSdQdGuNbrcdWb/saBhhR7j4Iw5eekVAjkIEaUzM7fhdZzxLcoA9hvTrbvZgmGg== processed in 19ms
[2026-08-24 07:16:43] [INFO] [db_pool] Transaction payload payload_hash=Xm09ccjpl4IQOOFI6xijQ5qcs9EgYj5VlGzfGJjvQee0T29IIyGSPD/9ys0NW5ji5z722FFgfH4TO4J5sTQqQQ== processed in 16ms
[2026-08-24 10:15:55] [INFO] [api_router] Transaction payload payload_hash=GkY1TqIkgSip3UpVUZJ3ob0iQsMoI2Z4Ct/p1BWn/sikPOU2cav4X35J0PjBl35X06w25sVkK7BrVjV5GFdZ0g== processed in 240ms
[2026-08-24 07:07:45] [WARN] [db_pool] Transaction payload payload_hash=xwFnEmFEZOxKd6oYbG5PSu+1SrcW97ZZi72HCHo/oLKCq7AdL3fyZjrPl2JB2X9T8nuz8uhSIvHvJsIwif1Fhw== processed in 303ms
[2026-08-24 08:29:03] [INFO] [auth_service] Transaction payload payload_hash=RZyzHlxi5xUXx+7OXbyda0p8dqLEHVQ1dHYBw1Dt2jA06I5/tGmFP41DN1VXMW8UGy3uHT1BKrApJvtwu5d94w== processed in 365ms
[2026-08-24 03:49:34] [DEBUG] [auth_service] Transaction payload payload_hash=wwLpWdaxgKxqrdZEzlr1lm+pravgGZnF1jOEn9dfITrRSRzC0m/B/S+y6O7j1pvPPomZev41NNuLQeYDgWuyBQ== processed in 495ms
[2026-08-24 04:59:46] [ERROR] [cache_layer] Transaction payload payload_hash=CzaYvjjTFuruwyirREMVo+HGVM5XiybhISZLhPf2i26Krw+2JWmJKpRs7iu2mCHJoezyBiA6iMeW0B3VLMsE2w== processed in 213ms
[2026-08-24 06:29:45] [DEBUG] [cache_layer] Transaction payload payload_hash=nIoaiJzmVQmAFL4Q8SxyQo0i+TM2xpF7BHF6q1OrpvSRHKzz1sg8C4Fwdv9HV3A2aveIXSs3U2NlmrqRNtiowA== processed in 152ms
[2026-08-24 09:08:57] [INFO] [cache_layer] Transaction payload payload_hash=v13s/yVxmsxKlUyn0w1OdlpkfUbF8NEUknMJ9+SuQIHvx6ojcFqgRCZJzJvmqrmTul6Ff7G7JPbz+fLiKHZCiw== processed in 493ms
[2026-08-24 06:34:09] [ERROR] [auth_service] Transaction payload payload_hash=o4+AvFXeA7zWRokZeUNnUNhoVYmqp4J4O+oFhVVh3Bcf54PNUJyhBQNtVU13EOapmos4sH8kFC5pRZf3Kc8OfQ== processed in 36ms
[2026-08-24 06:12:22] [ERROR] [cache_layer] Transaction payload payload_hash=cVu/NjQQSrozusKM+euMlTslprHEDewuvMJ+TdNAxXaSXGyXvZePIyDXvyDLLgBlprTEPE9NiFz+G8UVG4oSkw== processed in 4ms
[2026-08-24 04:10:50] [ERROR] [db_pool] Transaction payload payload_hash=VVVbesCQXBOoyVUfYHsFCvHEqvPs3lP3pLZ1Y+otLX/7XTZ5DdNAzqRJa2MgBbMnHm7nU201iFkfmtrPDVfbQg== processed in 31ms
[2026-08-24 05:29:42] [ERROR] [api_router] Transaction payload payload_hash=M/jWl7b70RLT5DEgnZGVJUVGR2Hw+Bu5fUqkQwn0yLQQ7I9VWL2JPfNIDfMu8/oICZwrC6Op2Rk7rPhZqjXfIw== processed in 43ms
[2026-08-24 10:13:24] [WARN] [cache_layer] Transaction payload payload_hash=HlXQ7IicBiFfekgjKri5KZ2iFBwzm49YhEBLLSM3gMPncrM1bzWwRVKjV6sJPjEtLfpT4N/rCDy2WyoUkQW2Rg== processed in 163ms
[2026-08-24 07:58:17] [INFO] [payment_gateway] Transaction payload payload_hash=UQQoUs5tJ+XAVyNY91fjbPbTkbhYFCl/Kbne7J9DjSzrh3buhWkKUR5mtsapJQ0zMBfBmzkafJrXX4vvELKIJw== processed in 19ms
[2026-08-24 05:46:22] [DEBUG] [api_router] Transaction payload payload_hash=mH20SJMWLIzPRUhq5cuHlK7VKVQ0AkucpReSQ4stWdZCaTuVt53e45K/4IKIlEz/gdFFnh5X+1V/T0Q7vwFZGg== processed in 398ms
[2026-08-24 09:57:25] [INFO] [api_router] Transaction payload payload_hash=oxubY9BSJ2o2gqQN2tTbhzSNIVBvL8W3Krghil5OFCh9ZekiTrPPA5uIe9XmzetPPh7Uz9Kjnu5nLkX/5HOeHA== processed in 83ms
[2026-08-24 06:18:37] [ERROR] [api_router] Transaction payload payload_hash=G9VcPA7EJcYCLmujBC/2aLumHcWqSHIpXIyuBgtyWjhRy8alTRL41f8pWTbtcAsIU23zeLz8fE0ugvWY5zMuaA== processed in 81ms
[2026-08-24 03:08:59] [WARN] [db_pool] Transaction payload payload_hash=mEioEaTayA8K/fwtHRV1rWfCpfV8OsLvPt1/5PxO2EiOakSpG/Oywx5H93FZS8iHNl6edWwYzQmZjG3RMU0gUw== processed in 44ms
[2026-08-24 06:18:56] [WARN] [auth_service] Transaction payload payload_hash=SpNpAw+IsbNl9nYIFciMOaYwzGJAFNJQlKOeKnwZPpLM7fnLypiy4HBNNWr5r/jumK+LRugkICQ750jmrUApTg== processed in 420ms
[2026-08-24 08:42:39] [WARN] [auth_service] Transaction payload payload_hash=G4V/U7g5f664jtFm7i8rc6BaP1P1OPTIE1oDgRW5AA0yjGSKi+fhJj9QpA84VNP6b+pjLTpfPg3iHyLW5vIqGQ== processed in 206ms
[2026-08-24 09:55:29] [DEBUG] [api_router] Transaction payload payload_hash=cW1NvzyH/hc7DlzPjfPVKDb/z+USQ+8z27OC8LGpTKrTfz6oqT2nJ2D5RSQcDs9OuEnvnrTOM6pydWC/c8dyPQ== processed in 145ms
[2026-08-24 10:47:33] [ERROR] [auth_service] Transaction payload payload_hash=Wn231K9GPTP8oFeOd8aobrtRDLjoGHFmfIp/8ay5lG1sYgfMoV28N2pz/AGHb30ljcMeLwacppBn3lo0BfZUHg== processed in 212ms
[2026-08-24 09:54:57] [INFO] [db_pool] Transaction payload payload_hash=6vO9CDjG0BlpsxCwsTxeE/AwIuEmhMrGyepha8FI8KKlwmjfLwrid38gEl5flAVZWhjl0XUD0j6dP3ekMzm2KA== processed in 311ms
[2026-08-24 08:06:08] [ERROR] [cache_layer] Transaction payload payload_hash=eF96vApoeCF9e1E7ZXMSy3pj4BIH7EPIDOZySuLvkV7lxIHTqdwZtIm6clDFbPKYjW5isIORYSd5IUpdNrlMwg== processed in 440ms
[2026-08-24 07:28:35] [DEBUG] [cache_layer] Transaction payload payload_hash=fcFcHGZC5kjoEOcF9Nu8AhotDiBK4q6UKGJKlqqv6ONoNWAs/wHsJjC34tyWaKgDWqVcQZWIr5bDK0RlTXCTGg== processed in 245ms
[2026-08-24 07:59:11] [WARN] [api_router] Transaction payload payload_hash=8SZahCuNG7CQ8JVP6DcGNNWCR/+JUelGLkxXKLeotZF1izJoCNlFElHheuYIk74JuKsrEXFFBtysZ/oicL3PqQ== processed in 377ms
[2026-08-24 02:40:26] [INFO] [auth_service] Transaction payload payload_hash=pq++EGPQA1m/m9kW6lgmMP2YdZJd7r3IhCukvOOw2kguOhK0RpNmEhaVHNsBfkw59qeh5mhkF87xUPKhrX0A0w== processed in 136ms
[2026-08-24 09:51:11] [WARN] [db_pool] Transaction payload payload_hash=PULZec9Pr4ddRPYNnEbptrHI5s8rJtc3pICay/owbM/L5cErqcLYLZJP8xa15MY/LbJu5dWDYj6gMPzvevE8Tw== processed in 12ms
[2026-08-24 05:10:58] [ERROR] [auth_service] Transaction payload payload_hash=10opIcA7WfsKB9m8vYbflsWjpOz3I9PuwcukGl51xRrBpe1O+eLRkQmxTDRY+wFn3y0fDhTHmfI9FpS5yzGVxQ== processed in 377ms
[2026-08-24 07:58:54] [ERROR] [payment_gateway] Transaction payload payload_hash=b2hpAWLbE/eXSyqRjDaZadnWFPNOQqfkJ6KjAZQbQanjcd45IjWbAJUE/TdKL7ggFFlQ9fguKuvbcKUTfEXkGg== processed in 112ms
[2026-08-24 06:23:10] [ERROR] [cache_layer] Transaction payload payload_hash=IjWN476Vgm7pEDPks73Zz6tdC9IUHjkqCV81AGvWGy3XVzvFK/Rdq0amKp0jEYZYqrXLzoWiIbqLv5voX/mxTQ== processed in 55ms
[2026-08-24 07:31:03] [INFO] [db_pool] Transaction payload payload_hash=ANp6wU7JU/ukRya9bnycWnDOl+UOUeO0aeDzSRUGoswMmZxMOZy5DAY6dfY8yA66qRa8LmyES2QZ0Z4aCxesfw== processed in 180ms
[2026-08-24 02:28:12] [INFO] [cache_layer] Transaction payload payload_hash=EJADvKsP2sfhmvC7T/876wMWl33m6oLt9d57yTjYltLJ7mDknsbM9CJCqId0sOFU5OVxBoBsFflwzwZLDI6aHQ== processed in 434ms
[2026-08-24 05:42:28] [INFO] [db_pool] Transaction payload payload_hash=TJpMNFuMUJkwalL+8sQGPECFFnlPhji/UFiVxk28IFQ7Ccdhk+VXQN5LlTWUjiqTNvEfXwP/zwat/2av3T4sKw== processed in 202ms
[2026-08-24 05:54:01] [INFO] [auth_service] Transaction payload payload_hash=N5m7c7Mmd63b29eL0VoW69wqncx16oe7f/vuKOrstT35VbFEvhHlAd9/tv4IXRP/kOBrs+vI/z6y1NdyeL4MJg== processed in 102ms
[2026-08-24 04:01:26] [DEBUG] [api_router] Transaction payload payload_hash=WRzWU0CwMQjrqMV2FNBwct0bxkZNphuMX+HW+NIksm4nnYzGHRnmiZmdVx7JnPNAotLt2aby2m9MiS5km8LqPw== processed in 221ms
[2026-08-24 04:00:47] [WARN] [api_router] Transaction payload payload_hash=IUn42c+S++c5ITV8Df/oWE/ulZZtm8JERXpVmx06/YjYDVz50LqIV11qDyF+DHURU7DXyuSbp7Xw4GOup0DhRQ== processed in 46ms
[2026-08-24 07:57:12] [WARN] [cache_layer] Transaction payload payload_hash=oWVGsZSvPfxzB5nDZaSeMUKrwPEOCe7fClHfQe4oYFgXy9kbNgxDOTPkrfiT4gsTh4CcGkKTLp0hy1JGu9dMxg== processed in 59ms
[2026-08-24 08:17:50] [ERROR] [payment_gateway] Transaction payload payload_hash=1jwMdEVu+kOHaLgGUzca8c6cnZrnF0IXxNtPD0qB6L2k2G2zZUndUxiwepX02G8QHFHXy/WewNFw51s6NvGs0Q== processed in 217ms
[2026-08-24 06:52:07] [ERROR] [db_pool] Transaction payload payload_hash=TACLZKudc9ktObMFD3SAaF/Pn1FTIaH1BYFRhxCQkP6kl8ZE6hJagy0mTCvNgqPsEwhvOc1eo3rNwmPogPa99A== processed in 120ms
[2026-08-24 05:33:25] [ERROR] [cache_layer] Transaction payload payload_hash=FUy9l7f9SZcP01Mc0S5H62ZxpoA1AJFqaFMH4CrSVXDEIinIMncXbEwkmQh2Kx9IZY8dA+BNQcCazOUA2w0fkg== processed in 226ms
[2026-08-24 03:29:35] [WARN] [db_pool] Transaction payload payload_hash=/sViRUjxsbaU0jbDHZFKMQvIABtHSzgJInzmA4H1BhR+QosJa6I+ktnQmLsGpUQ/FT56+EPc2jW0BG2DtRSvLQ== processed in 431ms
[2026-08-24 07:06:48] [ERROR] [cache_layer] Transaction payload payload_hash=4EJtsNzLyk6c40FjtbO2lwcGPeAOOxkKcqaXph3yl8wXLCzI7BSLwHN8M71XdCdS/CUaDsI270/iMIm71vvyow== processed in 480ms
[2026-08-24 04:26:10] [WARN] [api_router] Transaction payload payload_hash=EFhYKzMdFVAIkCzeXXL67SDFL1RTH08mfmhgA7PRF6Q/qkRnnLqcg2aaXrUAVvD+sUg7H8mrmuIIAsBkFUWCPw== processed in 402ms
[2026-08-24 08:53:13] [DEBUG] [payment_gateway] Transaction payload payload_hash=kZA9wp87tB2R8jSMxGVRIe0sAXEd2RWvg2NeqfWOIRp6x8ZD0tv55ZSjUyrMJDoL+lNZk+boX7xOPKafZ3XnQg== processed in 165ms
[2026-08-24 05:11:27] [WARN] [db_pool] Transaction payload payload_hash=p3/oOgBTm6uosfCA7rh0EhtRtB57mx7F1X5syrXSFW4qFTgVQgrWR3CTQX+rz15kPp77RhfD9r0upvkSwewKMQ== processed in 201ms
[2026-08-24 02:50:21] [DEBUG] [cache_layer] Transaction payload payload_hash=oTDO+fdPlLW2uIas4khoNxPaircr1naRBq1W6zrvYvE/k9qVQ/LZsjhhyD0rj92qwdeIzIK55nhy5Wju7orKpg== processed in 252ms
[2026-08-24 05:24:57] [WARN] [cache_layer] Transaction payload payload_hash=t2zJL+KkzQnwhgzKcCYIzv3ayVZw1Ynd6+4qWO75+oQYEd/vOgcvCUdgSH5AxOdi27HqpTtR6xhuI0G/Wkcdig== processed in 114ms
[2026-08-24 04:43:09] [INFO] [auth_service] Transaction payload payload_hash=rr/52QuNFS6c/5dMRIkxAQDt/7GWW96AUwUDF5luVMd4o0LTfxgVMxF3WZsPP0gqCoM4GwzNKsNT9KDs5aup8w== processed in 49ms
[2026-08-24 07:43:42] [WARN] [db_pool] Transaction payload payload_hash=9d1MU9SHdqwlKgvFcoLmwpL2jRbwBa3r8oh+nOeMkBaNPQstANQxucQQGUbYZO/4Ej6ADpHzuLNzkmjs+8WB6A== processed in 392ms
[2026-08-24 07:07:12] [ERROR] [auth_service] Transaction payload payload_hash=O8mx+0JR62niVvCOA6PXOCYdyweeCqYnOn5oJIXSDUXaSafcsDOABDVSwo2KO/QEJ5Os1CC/rIYcahyYm/qPQQ== processed in 319ms
[2026-08-24 03:27:44] [WARN] [cache_layer] Transaction payload payload_hash=Ww5q6j6KUh9bsBCVN2QgtwqRL8+EbRAV+eYYZQvPJM5cg94aU5GKwBZ1IBhafF4yqjtOpYB84ij7SwNvGVfmUg== processed in 82ms
[2026-08-24 05:34:25] [WARN] [auth_service] Transaction payload payload_hash=stdPff0A8kP7kYjoQBL3USnVAzN7d4Kwrze9L0NhgEcrHlpJAT/if5Cc8xltFTGbPA+FXbVRKUiLACl/BehLwQ== processed in 402ms
[2026-08-24 10:08:10] [WARN] [cache_layer] Transaction payload payload_hash=7MpkW13p7FDDop+CXcfsau9EshSxY5lekmPiXBPZTsV+VqzieT0+mJbUbgxo4erP6+JQuQ3vAd6puEUH80n5BA== processed in 279ms
[2026-08-24 04:35:28] [INFO] [auth_service] Transaction payload payload_hash=tcdsdpmjH/OY/xcfgw6fQJ8UlT1sgUic5dDeB5cHA7XMX99O2YbEhrs+itM5pu5SMiWcxXdEufBNQxWYi8dLHQ== processed in 343ms
[2026-08-24 04:04:45] [WARN] [api_router] Transaction payload payload_hash=MBvrr2cHvvwzYQyZGu4INy4+1p1cyLdmcVrfIrm+ZpPIftaxJiL9K3fpe4qwAlKebpOmOnYHIOkO4GXHyPpdxA== processed in 221ms
[2026-08-24 06:38:16] [ERROR] [cache_layer] Transaction payload payload_hash=anCZrgJiWFSrR9z80TtLAcS9MWy2ssYHWBtYff2XLH2xsmOjzR6CJtsDxvgFDpgMxilXtvVQuxSbfhYvzDsdZA== processed in 278ms
[2026-08-24 05:18:16] [ERROR] [cache_layer] Transaction payload payload_hash=JkIACYfXjsGarCfWDGYsNsbirNTzaiIeGqzdS9zU+Q/w7dxBv/8awJeDvX85lhIH9b5b4l8vATJ65iBzAwmHZg== processed in 149ms
[2026-08-24 09:17:31] [ERROR] [auth_service] Transaction payload payload_hash=XH9Is7JhoKFdxF50bSI5In+N/KlqtO4ElHNTHfBwQJCrI+WQIyxh4vpfknKBU9tXgptF1lfGtf31V2ltDRe4CQ== processed in 72ms
[2026-08-24 09:48:47] [DEBUG] [api_router] Transaction payload payload_hash=w42mqTl4Zm/KTr7nr80LMAEBSgWePZ8uZ94rSaAGC/pWEtsdmx3BBwsr0u3dMdiqIffow6RY93FvZ4NJyj48Sg== processed in 350ms
[2026-08-24 03:07:08] [INFO] [payment_gateway] Transaction payload payload_hash=dj/ISA7ocmDrq5+65VdXco9WVS1wcTJWxwSgWNiGDKH64QvSYLOQp1nLeb49JpbZxj1qbfeAz3rIAQ7QOVTY2w== processed in 460ms
[2026-08-24 11:11:03] [INFO] [auth_service] Transaction payload payload_hash=v+Hse/2lKWNwuYKBJOsZSluuwcGGMgYLqOqArvPgpcKZ7o9RSCzyyYfBsWQF1iPnWyxuLP8B+A2EXKgCEyWevQ== processed in 410ms
[2026-08-24 06:17:00] [WARN] [api_router] Transaction payload payload_hash=NqfIAnTDg+sOPGJDIM90NoGKlnM5xdcqVsY2vJ5Ekl5fPIcEvivIa+hpwclUe9D+g3yu22iL8EDbuVUwPZSSxg== processed in 321ms
[2026-08-24 05:15:22] [DEBUG] [payment_gateway] Transaction payload payload_hash=auIQ324tXBSqAwlRtJR9TEkO4Okw/lGOB2s4iTJZJaIbi1gT746GSMP1Kbec3wDPxd5jf+oKGYty5uirWe0ujw== processed in 488ms
[2026-08-24 06:32:09] [DEBUG] [api_router] Transaction payload payload_hash=mitWX89EC4cSC5raTAStUysDlN7w7w/S7B5q5a3s/M2Co+4XAvoWSq0L6ZU+S/+ViVc2DZn6C0qQlwgs/z3PCQ== processed in 214ms
[2026-08-24 03:23:47] [INFO] [db_pool] Transaction payload payload_hash=I4KILYwLprWpbmXqi9rwxlnezMFhmzJElIIfXKJ7SPmEBOZmTNPsD/05WgluBcR/U8x6hBUuW17/5C+M66O0Dw== processed in 33ms
[2026-08-24 05:04:57] [ERROR] [auth_service] Transaction payload payload_hash=drpF9aTqjR9K89rRJPD3GOhh6v7YKvjMyS7wVSZ0ijAL6WZfFULn2+GWqAqjjzOn2N7vGKsI/MA0vwIg9j/1KA== processed in 415ms
[2026-08-24 05:13:49] [DEBUG] [payment_gateway] Transaction payload payload_hash=a2rs9F15omD8UiqyBUyGX4/Vssp1NXecPLgejZX/VVwB/Vh7WhIdV5n1XDJBQpU83u+2GJDQBx0zLn+gNrzCHw== processed in 479ms
[2026-08-24 06:45:15] [INFO] [auth_service] Transaction payload payload_hash=kR74lbaTRDFqXMqf3y6afzDJGOf/BQf7U99FW1qfQGC6YSQlnL7z8nCGW47CgCL24BwCtBd01Ssc5mXoadGdbw== processed in 201ms
[2026-08-24 06:09:31] [DEBUG] [db_pool] Transaction payload payload_hash=KjkzmN7adOyoo1z8yXEz4ZPRqmMkOruYkq00++tQPUBQFP7Aqw1kIeGAp0y8DP21HmyVggfIepdqdqwoj6x2wA== processed in 88ms
[2026-08-24 10:12:16] [INFO] [api_router] Transaction payload payload_hash=OUY9431FiHvV4bLeBk8cJg/W1tl6ixruum8d3MAHg6jEb2PRZCp3TORPzcQx4yjtc1Kx7wkRhIrp/gSPH+A9Pw== processed in 256ms
[2026-08-24 04:25:33] [INFO] [cache_layer] Transaction payload payload_hash=CA3vK9t1IKT1LNpoyML8HvV2+tFMCfOOm9iMzLVscwt7qwXW+RBeX3glZJ5o03YnrQom/y+ksTvN751uymmp9Q== processed in 335ms
[2026-08-24 03:47:37] [INFO] [api_router] Transaction payload payload_hash=0NUkTz8CMIQH8NNGJ5s+y8LcR16M5m89RwSQCgpVFQa4NfiWIQY6MiiXgu3Jki7bBdPSlKBOFQbgDkEGujC88w== processed in 277ms
[2026-08-24 05:34:31] [DEBUG] [api_router] Transaction payload payload_hash=Jb+UHtGsXK2U1FPvFNt48uVj2f9Ldpktfy3jCAO+SBkFaXl/EJmz0wk7NpJaolFzzBqJAsdPNZAozqR4me42Iw== processed in 405ms
[2026-08-24 06:31:29] [INFO] [db_pool] Transaction payload payload_hash=y0tkKcg6yv2OC5QARIxxuCeq8xt/Hoxpb+CwQTVnklKavhK+MBOLK7/IxZASBFiQGFyTfE6wavDsWvBY3n3HSw== processed in 110ms
[2026-08-24 09:28:30] [WARN] [db_pool] Transaction payload payload_hash=TTtxdJAEvUvP4Nr9dDIE+xyffvlON7ofMfvyPH64kjz0tOEMhDNGloq2nMppolGHg4vHFT0x4/8R+eLnFo4emA== processed in 169ms
[2026-08-24 07:23:18] [ERROR] [api_router] Transaction payload payload_hash=tGXeG91aiApQuVGZER81iwcMjvOjDMs/VZAaCU6lwc80aHI117tX1/7V1R6mDb6rx+sXOBV6FdrvQeefh8/4GA== processed in 311ms
[2026-08-24 07:01:35] [INFO] [payment_gateway] Transaction payload payload_hash=rP/lU/2uG38fvc+RIfaWk6st6oRNLSZk/6k0Xlk9Ji+7pX1r15hrkgMSgq9jRYkLv2NCRolxDH+/40Oc4dPyjA== processed in 291ms
[2026-08-24 09:51:07] [DEBUG] [auth_service] Transaction payload payload_hash=Y5NyZpvf24i6Bio3M4+248FWGFZeV5ZDxR67xh+YV+b26YXqcDiiqKCVazr5xRuj+Gs28uQhFhOiGnJzByJRyA== processed in 456ms
[2026-08-24 07:08:11] [ERROR] [db_pool] Transaction payload payload_hash=NfOSw1kszRrxsC4sNb6ew6i9VbtdUy9RzHBiO99raoAwnZmwYrXctPdCO02q6zFmK91HpvlYh1l7IqmSo6415g== processed in 81ms
[2026-08-24 09:21:48] [DEBUG] [cache_layer] Transaction payload payload_hash=SuphRia30oMMFs8wAIVJc47zSRtG7MMooDp10GZ8xhYYWLXglz5oiTj7LH2EhXfyjWGhVEIrKswlD/qek/FYvg== processed in 280ms
[2026-08-24 10:39:31] [INFO] [auth_service] Transaction payload payload_hash=lA41shjsDZQZsYdeDICcssou7oWkMKaJI4dB5mz0PUeOREBihWLDzKuL8sVtcfRHbD3hwhhtqoRmdD1a8LokwA== processed in 359ms
[2026-08-24 10:26:42] [INFO] [cache_layer] Transaction payload payload_hash=xz5u+Jl3h5j7QzilUTsedzGx97Q4GeTK8YIpNCqS5d80nNH1tDkbA1rVDDYYIAPHu5H/Y5ri2KhJKABUiG4C2Q== processed in 147ms
[2026-08-24 05:23:20] [INFO] [payment_gateway] Transaction payload payload_hash=fNojnA3lcmNSOSCK7G4x/CZXjQsdQiH9BXhVTvBKcXxSHDmcMySXN/3ibblh4uvZhcBs9WWQvT9bt/OBA6he1g== processed in 491ms
[2026-08-24 08:54:26] [DEBUG] [auth_service] Transaction payload payload_hash=p63KfJxz32fZ1sBH3L0ogyieF40y6Fm+m4x0UL0MUumANgQFD3ILPyxZIzyyBdsJKf+P3+yD0gyWnp4/VMLe4Q== processed in 68ms
[2026-08-24 06:33:57] [WARN] [cache_layer] Transaction payload payload_hash=+FiLk8ZLQlWWjuHSTVB5hIogv+DfKtLdDcxC3wPonMonQwsE1CXJiLTPaG/G+SjFFXmMxsZeScyia0vXHAA2nw== processed in 209ms
[2026-08-24 07:30:31] [INFO] [db_pool] Transaction payload payload_hash=h5mwW/vWecSEKOK5w8BSik35WB5SKHF3F5xH6TBNQHyHJnVeOYgAN+OQBd30V95tsMk0SmWKd2GcLBgJRoEZoA== processed in 52ms
[2026-08-24 07:09:11] [ERROR] [auth_service] Transaction payload payload_hash=dxtAWKJ8Nz32DiGQ5jilJgdVtxlq9ggFqKj6J1otnifyVZq/u5sT1D27fZSWoO9bobOuhjXlQ8bN9hYpuNuvtg== processed in 368ms
[2026-08-24 07:11:56] [WARN] [auth_service] Transaction payload payload_hash=zPRGqE/s5/DXGJDGDiptvZaiF6ryN2/UE5FElnQUxrEwR6fK7O2m4Zj12hoFdZBmNm/A/putmO0B9kRkJsEwzw== processed in 380ms
[2026-08-24 02:57:46] [ERROR] [payment_gateway] Transaction payload payload_hash=pI3wMlcJLIE/absDdAyDmmNYXstl9hp2A9my9IVD0AZFD0Q1dUnctfixGjKzFmC44EjL3OqhICbBeyOxaG1n5w== processed in 67ms
[2026-08-24 05:47:37] [DEBUG] [db_pool] Transaction payload payload_hash=wNjIb635TsjMSBmC1ihgrYwEH+n2YbS1trDns8mOhu9rfgOqEAJQp8GcrtH6JLiKgnaIvw6gwa/sMu7KftNj+g== processed in 445ms
[2026-08-24 02:24:11] [DEBUG] [auth_service] Transaction payload payload_hash=2kuyACmxopocjUEBnvK5PW1TWpF/gPgbNpoqQerNnN82AlicBtw2CC879oE6k+hIreP80oqlfnX6NMspK46JHA== processed in 95ms
[2026-08-24 10:13:46] [DEBUG] [auth_service] Transaction payload payload_hash=a+EUIy0CRRQbGniP2jX8fyHP4/l08ij1a74obYQTh7XCgLFrM6bvPFCexUp5ZaM/tkUCEufYe9LxTOCfMbCjOQ== processed in 238ms
[2026-08-24 08:17:52] [WARN] [db_pool] Transaction payload payload_hash=zhI50NcQ1UmVozeTpQt61FrOUWXuHQ2QMLpjJoCJcBMbxVvvSrznfdnBbazlPC2phzBA3DG2bU7F1sc9CcnwLg== processed in 120ms
[2026-08-24 05:48:54] [INFO] [api_router] Transaction payload payload_hash=LJc0IzT8o2VA9PmaCOPJQlVgUvnRt3wDrFY/RMOpDsfXgJiEyAb4nv84hzBd2Df1/0ehVCVaKwsjpDXXh5Kw1w== processed in 257ms
[2026-08-24 07:09:02] [DEBUG] [payment_gateway] Transaction payload payload_hash=CNwUTNop5u782PAWJjCfct3WEyV+xLLSMf1himuJfqnDVQdAADeJ3279sHp9C74gQkaxIDSVcvZyjIRa1M1i3Q== processed in 466ms
[2026-08-24 10:19:41] [INFO] [api_router] Transaction payload payload_hash=jZXODNIZTpcGu3zrpVX3qk0NxOKsimn4Z94r0hmLm5g92ohXI5CQFWHsNaMDBTU1EagNeqnt5PGLugwRC1F3cg== processed in 14ms
[2026-08-24 08:27:52] [WARN] [auth_service] Transaction payload payload_hash=V4VAT/1D0jopWX5HdnS5rSw1/drgudh2gRXK5c+nz3aqJkCuFoGVG2HiyBjONs52mzq6xqHg0rM5RbZStqqYPA== processed in 39ms
[2026-08-24 06:13:13] [DEBUG] [payment_gateway] Transaction payload payload_hash=tUCUD+I2K6425CIpQJ5Lbznx038EGxpcBoIzrMlAbqsE2Ykgpgh0xZ4I1mBByaP3tRh50sQ9k3DkuzYipMYcmg== processed in 395ms
[2026-08-24 07:02:27] [DEBUG] [auth_service] Transaction payload payload_hash=8xBZTGrX1p02wEGlBsv3FBiTaCCwq9g8Amci7C7HLJcPGGEuLl8QeGs00t0WuNHcjKQ8ArgKeY+Kj0bXmXxvow== processed in 395ms
[2026-08-24 04:47:40] [ERROR] [auth_service] Transaction payload payload_hash=7euqzVCBEp1dtq2WeJarznQVxbp4Zx3amAzbSNgomfsOJ6C9tLwUy7X5vCOGVzRmAl0BQMkNm0zAHH2SlK9hBw== processed in 88ms
[2026-08-24 02:47:21] [ERROR] [db_pool] Transaction payload payload_hash=j0LwYMx6p7LPCAfKsLaMf+nbt9DFHMByaLKDdFhH9tXEDkzsPS0PIs6VcTmkqYc8vbiZwBHHJmQKqhbif2MZcA== processed in 448ms
[2026-08-24 08:38:10] [DEBUG] [api_router] Transaction payload payload_hash=CfQXWh9UGquh1p0t9Q3KRQXO2nnKfC5N+YHtukbg0TB6a6aiY/QDDG/HnF/xJ7+nH+rAobVrsTHyslzFNtlThQ== processed in 402ms
[2026-08-24 03:52:29] [DEBUG] [payment_gateway] Transaction payload payload_hash=xDj7pBerUv1DVTh856y4K+Fjl6F3h4u7F7LwVoevOjJ97iOHr72dAZ5ey8RGOb8eMpGbxM4IwcY4/Gi/eJ6MXQ== processed in 471ms
[2026-08-24 09:45:32] [INFO] [cache_layer] Transaction payload payload_hash=/Hdb02eMfuGPDs4ZVXbTeLbWbcSB8743Xu+YAJksWcwu8Aj/trcIblVFKGVUaJyvEPdXzUPVHaYpTcyqzn94fA== processed in 286ms
[2026-08-24 05:17:25] [ERROR] [auth_service] Transaction payload payload_hash=a5TXJ0eExGh04DqDVB5Z/MZR6cSJPoFgwbtQfexkJ795hnBJMjsbjj+uShszDoACe95eQ5S9sGCj0sHdCBTINQ== processed in 240ms
[2026-08-24 04:26:07] [ERROR] [payment_gateway] Transaction payload payload_hash=mhnriBBlcK5isuFK4h3nv6E5eofnuRw7I6voWIi1jLndEAerm2tYYqwf/Y/cGli4iFNTiVIGN+wQ8fwMp9R7rQ== processed in 450ms
[2026-08-24 06:42:25] [DEBUG] [auth_service] Transaction payload payload_hash=p45P1tosO7CuNqdLbwDFvYbTGOcJHCmYiAFoDV+73j00SJHAUPgSNNj7LgtcT6u1P+BshVoiF4Kc4yZKzXlozw== processed in 0ms
[2026-08-24 11:07:08] [ERROR] [auth_service] Transaction payload payload_hash=YDC76NmK8nm1Ym5Wb0sHtRqQra9TW1so0QHn5+j3Ak1t+3SsLHmhCndMfZRzjT+o8xKxEOHn4NOMCtLkYfcTAg== processed in 485ms
[2026-08-24 07:11:13] [ERROR] [db_pool] Transaction payload payload_hash=9I04Gv1beg++VKWDntc//PET1Rlv2Ihf1Ba0LYqt4GaU0VSWJVJ71BZ2r0B4zybfMssDxl7mYBgvW+Hg/8LRzQ== processed in 304ms
[2026-08-24 05:06:05] [INFO] [api_router] Transaction payload payload_hash=vjFarNZYd7npxb2OJ0/GiGyigpD3OMN940q7/EyLYK47kbNo+e+PKKDvdVPm4qXxoP9FM16Qoufwug346WiVpw== processed in 249ms
[2026-08-24 05:51:07] [INFO] [auth_service] Transaction payload payload_hash=Hur/JEROKim2LpuDD5B2upsR3++JqQhDV19mY2dfc6IpZYIt6UESVOqW3KA5CEgZVo0Juo0DFsaV6p6qkZorjQ== processed in 55ms
[2026-08-24 04:18:30] [INFO] [db_pool] Transaction payload payload_hash=FR106zeBPBC2za37uDrQ5QqbJLVcnIB2JC1/Oe/AytnvCfafwAESP/JXKwQz5ZXqlziAFpahuDXXO/ThBZ12Eg== processed in 123ms
[2026-08-24 06:28:16] [WARN] [auth_service] Transaction payload payload_hash=GPyo2eYPrwvRJJAwVA62XTmOw7VLCa081IvdRN5eBpdlD4+9hki09xNflp01WohorJwTHPx5pUkjbLOVXysFiw== processed in 45ms
[2026-08-24 05:46:23] [DEBUG] [payment_gateway] Transaction payload payload_hash=wsm9g27+cERvnm38l2jIg/rMUpsu7HcPSD41MTJdo/Nuj/RIq2pkSeWvya2VnsgLwZKd7Vh6XwHVcrMlKVTWQw== processed in 160ms
[2026-08-24 06:48:35] [WARN] [db_pool] Transaction payload payload_hash=jZxvLwi2cd2Fnt+AsAIGViaS7YMSYRgW9HagKuBqTAvg3PzEc8pxUbNjwNyyhtlRY+hVt6cmzSGKLcyNxTKU1g== processed in 38ms
[2026-08-24 10:28:06] [DEBUG] [db_pool] Transaction payload payload_hash=H49aO2/BcHn1Z3ZUBxngi/dkYAkwDSNAg+hQPbcbM08hk6H/KjXBQLrcnGHl6lwWJAf2ayQv2rGaGsUm0JtA5A== processed in 387ms
[2026-08-24 07:32:31] [INFO] [payment_gateway] Transaction payload payload_hash=q4XLcCi7MmmOKm2847iLg320YTjn2wHqwmK5i67dRWATpk2LEyCVEc2sU9d0QsU1dsg8yqzvFrhOJtRRAmWU3Q== processed in 145ms
[2026-08-24 04:32:38] [ERROR] [cache_layer] Transaction payload payload_hash=Qn2X8Cy2a5ZcL3qSvoTfqzt4C+xn2Nk0rWULmQ5sp74HLQ4CxLSWBrdTQkvUDYiTCswov6CzLPElQ9WHLm7q2w== processed in 167ms
[2026-08-24 10:00:07] [INFO] [db_pool] Transaction payload payload_hash=tEu2X8MpKPUppcEk/yKrkZo2Claec+BP0jA9jYSTtIFjdEQUMiMx4Ydy7+wUrx91e6Cx5onttT9GrP04opfhdw== processed in 10ms
[2026-08-24 11:10:39] [ERROR] [payment_gateway] Transaction payload payload_hash=sopfbGvGwuxXYnNxautTdRbQFxueYoTTmqzE5d0/FYShNoGiOLY6Cf9xxepWYdSKz6fgS8rK5xBGz5nxnciJ1Q== processed in 404ms
[2026-08-24 07:57:10] [INFO] [payment_gateway] Transaction payload payload_hash=V9tT/GKKZXF1Uo2njS3IJYmR3oe52vkD9V10vr4JGYQJc+EwvJRID6CkKRsPAbIn2fTUhqs65gzfQJAsezAd1g== processed in 405ms
[2026-08-24 03:35:14] [DEBUG] [payment_gateway] Transaction payload payload_hash=wKA2gEAFxGQ/v1poKIITqsEqRNbRKEoq8W+cKKEMK8wUOJG2jdTxysW2nOEYxGkKH1DAocmnzqL/qj85v14evA== processed in 358ms
[2026-08-24 07:23:01] [WARN] [auth_service] Transaction payload payload_hash=hHMCudrQB6zheghv8D2NH/WPex6VrZL7oFdRsMI0fXZTS2e46aRaiG9wSgqm2VCbRPVhQwF68MqLR0T5YEyEcQ== processed in 450ms
[2026-08-24 06:49:30] [ERROR] [auth_service] Transaction payload payload_hash=6E0C9mtlrLolF+6WV6mm5OOeyHKdHPNIlC8A+iyHQlbRhVBrgKhJlIZuYTl9INlNGIjdxtboWGPqush0ghcQzg== processed in 459ms
[2026-08-24 09:09:15] [DEBUG] [cache_layer] Transaction payload payload_hash=cuh2hElAD7r9g3oAGjvTqCoVV6TfEx6+otcVvd02Xb8e5d8xYRl7bJt3K1qAghuEvA+wrckY1hOCawXxDnynEQ== processed in 424ms
[2026-08-24 07:02:21] [DEBUG] [db_pool] Transaction payload payload_hash=I9N7eQmXUqHEjpiQCsY3sxRJhEeeQQa9u377gqDU/w93zV9eQP299cS+I5Hm4porSyqtRrmT7XKNK4DkkMPucg== processed in 163ms
[2026-08-24 11:17:56] [DEBUG] [db_pool] Transaction payload payload_hash=jxY0QBtT7v5AGTu+x0RGjg8vbCgA/w3pcWmBHxjAF1nxmVMJYDHW0vDfRaPFFit4oK7ywP4dEjdHC95pMMrCpw== processed in 406ms
[2026-08-24 08:39:20] [ERROR] [api_router] Transaction payload payload_hash=fvSQMz9xy2gQsWDsE/L/HkgD90KxzlxPd39rvFI4kU+dsLK3x9w/YioaRdD0QIknwfmB2L4Ghkb19/Hd42pCng== processed in 123ms
[2026-08-24 05:09:34] [INFO] [cache_layer] Transaction payload payload_hash=a+VDGSeQ6DavatM+fa8o/DXFBQwgzrz8Dig8lslejx/NYxpGLS/RJOj6UXTXM0+RsoV/MPQ2qnmpMocCOpOJVQ== processed in 110ms
[2026-08-24 04:57:49] [INFO] [payment_gateway] Transaction payload payload_hash=E6+e3RQbrdsi/BLUOzisrm6wqvFMcaUrtTehsDo05KWZ/q/oI3hj2mRNyx2/972eXx85GEgi9QFhLlO12UtbGw== processed in 161ms
[2026-08-24 08:36:09] [WARN] [api_router] Transaction payload payload_hash=9cRqLh3x+1tozjqWrXKnEBCWz+VDeb+b/4F9zi0E5H7e8tQCL8VQbBrnkzot1KidNnAywo4j/jvSTvcowM5i1g== processed in 472ms
[2026-08-24 04:14:35] [DEBUG] [db_pool] Transaction payload payload_hash=Rw8YAcgDpkn70VTg/TaaduRadxqXftm5PywCW6UR3T6FSL8lOy2X3QIEx6Jh83IRQmo0jJkioMHejKqQFDgFJg== processed in 349ms
[2026-08-24 10:56:52] [ERROR] [payment_gateway] Transaction payload payload_hash=+wlbB/n3LvsJDDKz4S6l3+yQbfEePDUjV9TLpagI+N4G5PTHvTd4VWxjL89J+8U1pEpkH6YEzbP0JsxwN1i6pQ== processed in 239ms
[2026-08-24 09:44:58] [WARN] [db_pool] Transaction payload payload_hash=Yk/HTaDIaoTJiJQ0416RVxq2zKAvqJ/KRfY5jdhBPR5NnH+RPdhZMCOu9mylDG+/RXOpRMb7+xXAJu4YwsCBsg== processed in 237ms
[2026-08-24 04:24:35] [ERROR] [api_router] Transaction payload payload_hash=lVeto65pRB6YqDuGpfDpBiJTuYt4ZenjrVPceopQ5zJ5JNrF79tSwwsGTpBeVoGBzut7rFH4YpqHxzY9zR4PxA== processed in 291ms
[2026-08-24 06:59:44] [ERROR] [cache_layer] Transaction payload payload_hash=AQkKHeP52VMKtViC6iNh4orxr0jB/EwusebvB4ehsEyaG/SW2SDWyhZuzT6mgIdTCkdrvw7vIMX99poj9fDKUw== processed in 192ms
[2026-08-24 10:43:25] [INFO] [cache_layer] Transaction payload payload_hash=PW33l8qKx/s3UtrU7DzfjaZjwxDCf7m1Dy4zk3E1xtHJqgfxjagkd6GpoS5t8J5Fl7Ejhvl1966GuDpzlntFSg== processed in 345ms
[2026-08-24 09:35:29] [INFO] [cache_layer] Transaction payload payload_hash=09uShP2Jc5+79KKCOBVrxU6RmUbRIg+FcnOZg7Mk40o8UzJvsDaGkW+IT8VtSTpeCpiXDMtxOltVQ57S9iaurw== processed in 443ms
[2026-08-24 04:08:18] [DEBUG] [api_router] Transaction payload payload_hash=0PpFB0ec072Vg5SDcNMuqXKvtxBTHqxFJnyXdWzLIUWNZyq+VEew0/YxktxONMIGzxQn/tzqD2I1Tb8jYA4g+w== processed in 185ms
[2026-08-24 03:13:37] [DEBUG] [api_router] Transaction payload payload_hash=2S4benRqu6CksOl44Tz3BPBg2thVZVJ+9Fa3vov3w8pfsfxjdiLmuMQbuuj+7O0c7M2eaekY+z2N+xDN0xITqA== processed in 36ms
[2026-08-24 07:11:17] [INFO] [payment_gateway] Transaction payload payload_hash=Tq1RH8mtmIJebWisg0pnZlIyXFBftS3eiJeDGUx/hzAgTUigVS3GfpmcMqi9/xuNPmaFYmAwEu1r4Or2y9HhVA== processed in 154ms
[2026-08-24 10:31:13] [WARN] [payment_gateway] Transaction payload payload_hash=9y3smyOMk3xI8go0yiK6OG2MXUJFpTSxhHQC4gPEMBHqoKPm6hJaZioLuJz8vb/s1XGRHun3Ygfj+7j5RobX4Q== processed in 152ms
[2026-08-24 09:46:49] [INFO] [db_pool] Transaction payload payload_hash=IlBwcENu9IH6qnoHRt4I5jWRSBtljq2O7kkS/XOPr91fwagrwhieglSxKooUT28LG9mfqpfgDQ46YtEXaPNbZg== processed in 343ms
[2026-08-24 05:39:39] [ERROR] [auth_service] Transaction payload payload_hash=oUYrHV2Y7WJ3iPannMjzce2lSFCmZfZi2EvouthNDCXCG+kFVajnIwYR+4HWQSQDwEq0v9kxuE1XZk3LqL9zqQ== processed in 70ms
[2026-08-24 10:06:50] [WARN] [cache_layer] Transaction payload payload_hash=sUzNwzJsH8d34gQ2QMSEqop9JprDwVLJ9Cpy0DPJ/yr9Qj8xou9qaVBS5T91V9jaAoeLwVAj+HV96Xsx0PAY9Q== processed in 393ms
[2026-08-24 06:27:02] [ERROR] [cache_layer] Transaction payload payload_hash=T4mnPf39fZTVaI8/U6wDnX5UeSN6kY3x5yh4RimBG3mSA8z28yh89nkUgdOpj3tsW/ypyOfscgOAI/1dWIFZ4A== processed in 442ms
[2026-08-24 06:34:51] [DEBUG] [auth_service] Transaction payload payload_hash=yhzDaFveVp65SFJvLURelek76gbtEQGARh4vpUHmbfxAu9UqUWkd7IqtXHruVJgn3XyEuH87ThopyVLJemSERw== processed in 406ms
[2026-08-24 09:48:03] [WARN] [auth_service] Transaction payload payload_hash=wLFLGoVbyWSmLKIBHmAYNa8YhmIP8U8fYICvDfbLsyNAipFc6cQl1ZjQcCfsiiyO/RHi7megi9+r1ZeXMAREtQ== processed in 282ms
[2026-08-24 09:20:18] [DEBUG] [db_pool] Transaction payload payload_hash=8Doviu4jUuPy9CMd/V5w0TEx7Lw8Oqek6lTTiSnu/hED4yTtWjIsHOiVTTXdXHq9Te1sIpswGX8GEUerzmrY+w== processed in 77ms
[2026-08-24 08:37:21] [ERROR] [cache_layer] Transaction payload payload_hash=fSkdXp78aGz9zmIzGb/qlQ2GrXoBEPiTzaLKyCxkTQzMIq/+fS8tFKddtl/pI0Idpt53ILjpJ4OY2jN1tZhsiA== processed in 104ms
[2026-08-24 09:12:38] [WARN] [auth_service] Transaction payload payload_hash=IOZwvjrk7zpHsfiHQOn+KsSDjM3T4hzIoA9/bieT8h8UNMfNjN9QXYrFQ2tHBnxrAC70xUz7Spg4ExuGjXXOnQ== processed in 289ms
[2026-08-24 09:11:39] [WARN] [payment_gateway] Transaction payload payload_hash=EAmZrVeDx4m6JD4OWqdBGehCQnEg0ja/ixEm70asd0lzCSljLDBUWloJsP9qSCK6u/7bdUanfgcGKWTNw2dhRw== processed in 353ms
[2026-08-24 04:48:29] [INFO] [db_pool] Transaction payload payload_hash=BtVsDGbpSHGFO9JuOMPjBtzIVZa5gumKhpnsGLf4+O3mcOvgSe+DJ6zIKEVNfpqfgsQhrBf2TUl6vSgLsxrx1Q== processed in 147ms
[2026-08-24 03:03:51] [ERROR] [db_pool] Transaction payload payload_hash=XeXovx5cGoThxUbA4gsEiVwkmlv4AJlRKDap0FXp/9NuoL1h8YtYpOIjhRYLYqL2AY8IWu+RS0iYCv/5ND0elw== processed in 100ms
[2026-08-24 04:26:51] [ERROR] [api_router] Transaction payload payload_hash=CaCGUnczH4weKujHCN9SQ8d/hsnKtatC6uW6H4nsQEPaqHEhC0h7GBY0ELEeU8ov+Hbl2w/H5PryrB7BaQ8sQw== processed in 145ms
[2026-08-24 09:01:12] [DEBUG] [cache_layer] Transaction payload payload_hash=hvlQWYzVcHKl+wx9rAgCKIhWhyqGTImmdAV3sYR4SU6FBgPQZgUyVsb4b/nLOE2RD6BxD1es3spKvzUwwz05Vw== processed in 476ms
[2026-08-24 09:36:24] [WARN] [api_router] Transaction payload payload_hash=6pxwWuU3JSDfsukXGxyiaZAvM8U2xn53T7egLet+lHjJf2Hvw5YoiInhMIWqcVyAjeLmiZZJyOGn3jqA/HX3gg== processed in 244ms
[2026-08-24 11:13:37] [DEBUG] [db_pool] Transaction payload payload_hash=doBshaeAf4K9N4OYKFSU4/I5fZiVl+vBw1CirfliX9MO5t0lmXpXbg1kthtbmzbQ+HhlkN92Hnmua16Fok78sw== processed in 142ms
[2026-08-24 07:05:40] [ERROR] [auth_service] Transaction payload payload_hash=6O5Cg7aamqa0BFo/5GLKomPdaovN/p+/fgSAIWExdxzve1gUNhSAPhnlFhjTYebZelAq6Be5vw71fHR7Qd00Ug== processed in 132ms
[2026-08-24 04:19:54] [INFO] [api_router] Transaction payload payload_hash=KZBB9bTZ78OxM5Q+CC2mOElex6/o3dY/CT3SwRrv42cTfcE3NZr0COu05S9JlTdHk00WMyydGFI5NtzC5078HQ== processed in 374ms
[2026-08-24 05:55:54] [ERROR] [api_router] Transaction payload payload_hash=DaLMAL4PzlWHCx4uQBvs2gpVPA2usp922w7tbgu1BVNrZDIlPYGu12eJFYDZCUMA2yViZQ1iAJjYg3gmRbWMNA== processed in 154ms
[2026-08-24 10:05:56] [ERROR] [payment_gateway] Transaction payload payload_hash=VFAIhaWIwDYjMdzdRSVGp2n8mx8s4/zGss69Y5UwhfchQjooQB/Cx0NFAMnFxOWV/NOxSXjmAbwMw1qYmJiYtw== processed in 45ms
[2026-08-24 07:59:12] [WARN] [cache_layer] Transaction payload payload_hash=zLS5DYvHSdP5duBJ8Xq16EKBGn+Y+yxgG5HyP6d2PXRDFz+IEebMf3mI862ypj/rKVB+mNoDpwvIMcs1jY6UFA== processed in 178ms
[2026-08-24 04:54:56] [ERROR] [payment_gateway] Transaction payload payload_hash=CDs55SQk2BcRWn4UmTVeUb8plsf7mCGVh/yb5DmG83ibSYnThkijFfe3A/DEWO79xp0S4/LPQO4jItUOUHL24A== processed in 324ms
[2026-08-24 04:25:31] [ERROR] [payment_gateway] Transaction payload payload_hash=7xwD1UuzNb33wHy8+yS3GsADoCCgaFW1m2M7ForAImKJOZkFgYmkHcUoQ/oRqAyqHdXabpTVeiQKo53Rt+jM8w== processed in 267ms
[2026-08-24 07:55:21] [ERROR] [cache_layer] Transaction payload payload_hash=BM0/9dmZJwOgV0qMVzqORdIimarjHAeb1q1352qYA7Pl1G3PQUFrXdkokcaZGJ0uXoNRMa2H0eNxYs1rJ54MhQ== processed in 161ms
[2026-08-24 10:25:18] [INFO] [payment_gateway] Transaction payload payload_hash=9pupDcegF9MYKz4dNn325gj7tQ1aviEZvuZPUkGeVQsB0zLasb0nqsDyhwQP0I1rrHVjJKONEvJdFrwVPUvkjA== processed in 264ms
[2026-08-24 06:32:04] [WARN] [payment_gateway] Transaction payload payload_hash=e38423VsBsVKSIZertOxbQQ85JzG5e7L97Lzuayn99056n6CykknTTTiaxCW11jL/D4DWNYNcBbgb1oKLJwKTw== processed in 314ms
[2026-08-24 06:48:58] [WARN] [db_pool] Transaction payload payload_hash=DH5jAuaW4fqXhy5OobMZBT4Fxn/StNbYautGL8eGtPKLEgYwzUX0nDhRBuBwRtcygdE1MFAwcwlytTRWaaUL7g== processed in 434ms
[2026-08-24 06:17:53] [DEBUG] [payment_gateway] Transaction payload payload_hash=yPYwPUwJ+sSfU3YU652BqSKa/5ZKESUVw0HISTA0ecGHwc0b3IngJhl3XfZaXdjvlv3jFQg6MvEPmPqM7C6i+w== processed in 132ms
[2026-08-24 08:25:59] [DEBUG] [api_router] Transaction payload payload_hash=jGeh9MM4Buq0LGfX6q1xTNF4Zst5CFyz26v8DoBLSAjdVFg8+JN0Rw63G3oRvo2Ek7gitWTIxZGATvsse6vF5g== processed in 179ms
[2026-08-24 10:13:46] [DEBUG] [payment_gateway] Transaction payload payload_hash=IWcLzOs3iwjFqx5j0Z37TtU3BEVWYjHENPTtDMdkZVBJt6ZOcziZ9Y7w3HcouYApgV47sj0OHmlBXD2EKj71+g== processed in 132ms
[2026-08-24 06:20:26] [ERROR] [db_pool] Transaction payload payload_hash=1g7e7HY6jROSKniOzQSEpVhq+bG5fNjX7XxRwryTg4FbKptqAHKvu1gIONWFs1TODUJhzpy0KwOQpGY6jb90xA== processed in 274ms
[2026-08-24 07:50:24] [ERROR] [db_pool] Transaction payload payload_hash=Lrx+ndYY8NNcqnw5Sf5jKz6vUhTQiIuSl/HBgMlgrkpFgpjoWSPejn1Vjf5YvLXzzHXS+0G1i+jNKccS2lTVCQ== processed in 370ms
[2026-08-24 10:14:14] [ERROR] [auth_service] Transaction payload payload_hash=WCZqFue+SZRDLcDyXyeQ9xHkZ2gxPkeeC4mdQenOcT9LHoDgYN8VdwCxU0yvM7Gbc225vnsPYzzYTHFY5eJ0Nw== processed in 192ms
[2026-08-24 09:07:40] [DEBUG] [api_router] Transaction payload payload_hash=xtviRpcaPBmwLzfCYDBPqJLuTh7h2SgoBPYA9+mwyfGHp+8ykb616WF7iZfugPpqkeRT3oDvLqO0Dk/Id/XX7g== processed in 10ms
[2026-08-24 06:34:01] [DEBUG] [cache_layer] Transaction payload payload_hash=9JdVfTQElELQ3kiUPQwP2yU2JdVWZ7V0kG6q+Glshbga1aoCiznA/tLQnOm0y/3Xbh2HSD5gNRPT8Xm9m9vMYA== processed in 277ms
[2026-08-24 02:32:41] [ERROR] [auth_service] Transaction payload payload_hash=mAh5ZZ1tYcC/YKjok2Me97HWsvJc1aeTOiiLM1Sn8hUWtB00X/WrSjnEJvZ+8I7omrlC7kDMfFsBS4dQt6QhSQ== processed in 338ms
[2026-08-24 05:07:17] [INFO] [api_router] Transaction payload payload_hash=uxZpn85Fo0grBBm6KDNbVcgU8eBYG2qZ2DoIWlepnY1O1tdHdm65kR6KjT7SRiBlfa4Xf9mEtoD5D/LTQ1zy5Q== processed in 141ms
[2026-08-24 10:02:13] [WARN] [auth_service] Transaction payload payload_hash=ggNoA4iHPEbzkWyDQnT52+4yqCtlnKrTg8g46Mp9e2BwGy+2KeZCZYOIwDCrh1/BwCbZfcjQm6zeHI9WM4H7sw== processed in 119ms
[2026-08-24 09:02:39] [INFO] [db_pool] Transaction payload payload_hash=TY6DPeVKdcD0Uq9Z00x+HL0Hhde/0EFISnzTWDkeIfpFbQbVkN/AWceAF7ZtOYjLQc2wI0R/PZ5T/Az8vuLe4A== processed in 490ms
[2026-08-24 10:30:25] [WARN] [auth_service] Transaction payload payload_hash=OMRQCv7J1RaoXjQE+OWBaEvRjeq/2c0IFmOTMvC2JIT+KlONhg0Kb88m8/wSiYInVv2XKO8mr0YVUIcWRXpouw== processed in 213ms
[2026-08-24 04:08:50] [ERROR] [api_router] Transaction payload payload_hash=M94AlxTyEb3PpiMM+4Bfn4PHbTCUOzwfPhlPbh5Z+p0NTXTQdwOGLMyYDH3IOAU3lkIUm14Yu2btpOEnFCILxA== processed in 224ms
[2026-08-24 03:38:58] [ERROR] [payment_gateway] Transaction payload payload_hash=2nkM5NxBNdxigTa5L6HCjrcZqtpBzM+wuvyslCB7L2LQ7SoDqjfbSKU1soYbOiw78/0/vezg+7u6oDFbYD3AOQ== processed in 154ms
[2026-08-24 10:36:06] [DEBUG] [db_pool] Transaction payload payload_hash=3lyZUXHcB1Yv1yWGY9INweBOjnVZQGDjgCI8qfJYE1DjwIWmo+dltQ+s2/44Vk0ewJr2yV2A0ch4GpLxdmZKMQ== processed in 245ms
[2026-08-24 08:20:22] [WARN] [db_pool] Transaction payload payload_hash=GCtgUmayME3+1mHk9SbBKpfpQ3iAMD+3AZOM3gobJQU62GouDtuBwPWjhmA3cPCXT+hbEvQ62czF4eeFao7Fyw== processed in 95ms
[2026-08-24 03:54:50] [ERROR] [db_pool] Transaction payload payload_hash=xD4ajCgTv1jcwjAK8kqexCOh0dchzYdQVz658IgUKFhET8PMN1ssXq7vHRwAHaoYKeWYsSAAOwekwvt5nrB20Q== processed in 418ms
[2026-08-24 05:38:02] [WARN] [api_router] Transaction payload payload_hash=lcoU8UY09tZ3QnQEilM2UKkYIZe6AG4khr5F80udMOosGTZ96xmM8R+5Y53OhyzQXBCM7CQdjfVedlGKSWECzA== processed in 185ms
[2026-08-24 09:30:32] [INFO] [auth_service] Transaction payload payload_hash=MoKHATfemSvviaIcAChtrhIRteE+tcTR+icTu0YuhSzkNTFWGbo5DekfoTQ8HbxxNRkXaYbRdEx6pPpuVjB0tw== processed in 416ms
[2026-08-24 03:01:56] [INFO] [cache_layer] Transaction payload payload_hash=hBzBpoI5dF8LQ14wHVGU7ez/LzKTpQ0r6w+ZmcqDuEFQuyih7oYpsZ+A1/svAdVEclIX924rePBUh3uXA3dxvQ== processed in 77ms
[2026-08-24 10:40:46] [DEBUG] [auth_service] Transaction payload payload_hash=G/f9NRz4CcPLHgea7J2qpb6+V41BdcpbxiQvhevuRtU4Q3oLpUudh5w99fRNouJ3b8Jo2XxwhIUDw4oBsQdt+w== processed in 419ms
[2026-08-24 09:08:37] [INFO] [cache_layer] Transaction payload payload_hash=DxZKNMC+IEyZcRNaQZrmgpntQ3uhTqS8y2tcY+jt+vR+Pzcn390uX4c4g02XJiu4zcfymWskqN063cT1ur850w== processed in 448ms
[2026-08-24 05:18:36] [INFO] [db_pool] Transaction payload payload_hash=4i63MGsX+x6qcvTd4MIP1uCqqF5Bn6XlqleD68C3PZw6bxUkWIqUy/sDHNaP+X9Qh6CO4XpTQmrEDdHpRwi81Q== processed in 448ms
[2026-08-24 02:27:17] [WARN] [auth_service] Transaction payload payload_hash=sz7mKarV/CLvQSPPnTmaydbCv6kkA+ClVXkxGpOZLLuMp9j6AxJjS08omyeM5SlOeVQl6igKrHYUNwZPyKLg+w== processed in 248ms
[2026-08-24 07:10:44] [INFO] [payment_gateway] Transaction payload payload_hash=NDbZ53CltRE3DgVLT3gAVVftKveBYqTbaddy7FYBAfKYoc7ZIqztJy6eiaW1pvfJ1WebMa6jZicBXP1AqsKGgw== processed in 467ms
[2026-08-24 07:18:11] [DEBUG] [auth_service] Transaction payload payload_hash=XHNKwnpyXhjL5GdF4yvzVKLmOyDGV9bQ3slmWnYXCJin/cfn/PN0lRMJt6q/9R1s2VKucgEBv0U5lAQPraPO5A== processed in 172ms
[2026-08-24 03:27:20] [DEBUG] [cache_layer] Transaction payload payload_hash=2I3I6N2GGs5PJbkWXwzsGI868dfUbC1trhIjZmh2pHzdN+l0sMS/MIArAGiGUHuYWor39zp7IlkiRrwouoIM8g== processed in 104ms
[2026-08-24 10:27:22] [WARN] [cache_layer] Transaction payload payload_hash=Mt0e8exAmfH4G12MwegDsiVQBF6CuMJs+zPKKjUFX8DiONedjX3JlHHeLYcp1uGadJQAiLaTfbCF6NxizTYwoQ== processed in 412ms
[2026-08-24 09:32:48] [INFO] [auth_service] Transaction payload payload_hash=F4Jq/cg0pVeqmx91gMeRUi7J+iiQdKaMigGIQll3iaUjgt377j/Tx/Nu8S4B9ptqiM+uPbRSIis+08RqCECf6A== processed in 158ms
[2026-08-24 05:50:35] [DEBUG] [payment_gateway] Transaction payload payload_hash=l+Pd4DO0p74fwh3xLV3HnDNXp8qwZECvIzHP47E2BdDFeru17M/w0/f8GsVdXLKUZDtyx8ymZO+qb7//tdfQOA== processed in 384ms
[2026-08-24 08:46:10] [ERROR] [api_router] Transaction payload payload_hash=wGkqymK+FTjjA6+kt4Fy9n6ie/G6EjlVv0MOM+d1Iw340MTcW9nAvTON1OW0KYnOe7+jwCSTnO0JZ5dh1Wlq9w== processed in 348ms
[2026-08-24 03:52:39] [DEBUG] [api_router] Transaction payload payload_hash=t/DzsiMrhcsCg1QsYx/kbdHkOsMeyxmo9BNQftr5qF2w3X4mkP7L89hPr0fCULYDFCmz9rl8BrTvdiRn0ykobA== processed in 368ms
[2026-08-24 05:30:58] [DEBUG] [api_router] Transaction payload payload_hash=fvfk0xIr4ljttM/Eoq3LahrvNHHvQVB02wFD/I9i2erdnaJ+1i542XPHglcxTyGWE/0r9EtXuK8y4cGv556d2A== processed in 95ms
[2026-08-24 03:03:30] [INFO] [api_router] Transaction payload payload_hash=VXl4/lBwWdZai9/TX5SEy4UeqMu6WCJ4MYBRc5VGpUkegEpbAKBqUwoNHFWbZxJtBiHf9g6UA5+jZrL3m2j2Kw== processed in 484ms
[2026-08-24 05:05:47] [ERROR] [auth_service] Transaction payload payload_hash=ChJfNM9o241zRJqa8G8yLVICNkXTIIt5GJBKzBgjy4iqV9Xkqf6I/pItVwrV2bOn0p5iw8yfvGfeR61AHO9AMA== processed in 261ms
[2026-08-24 09:09:54] [INFO] [db_pool] Transaction payload payload_hash=aqpggWiYFvy9IP2a/ch/rMIc10jvceCHTTzmSdOgFtu7yyGVpUKEsliENKgxOHyhudS+xCc7INZDqBK6tkt3IQ== processed in 14ms
[2026-08-24 07:36:29] [INFO] [cache_layer] Transaction payload payload_hash=78z8g+dVn1O0WtWHDsToma0h7tGsJ815I/pfSzJ5+wz5oMqiSryPyl0Dh/x5wSCrUQpGdl+0SN5eRq/zlfQF0A== processed in 100ms
[2026-08-24 06:54:02] [WARN] [db_pool] Transaction payload payload_hash=lSdBaQXSHw1DoGnPuHFlKeuaUSLWiIoZei7aQ9OadI/MH3mtVPwkjZfsFTMubivxop3sal7+K35JMaCz62j7hQ== processed in 204ms
[2026-08-24 05:25:25] [ERROR] [cache_layer] Transaction payload payload_hash=LrYq7VyWpLTIjuL1VXndMDLFbpVpk0wdx8VnTgJZ3/Lq1tRIraiRTYN8ykohaR4IIG+uWIYExQRsjcfmAHSlmQ== processed in 63ms
[2026-08-24 10:19:11] [WARN] [api_router] Transaction payload payload_hash=RPD17GTpW//+k8coirNZxVtXnxpTsxvk6lS3F4PcAMlehDlTWk58fl3eC5qTLlJMv+WQrQg0Q5n2i7lzaRkIUg== processed in 85ms
[2026-08-24 02:35:49] [ERROR] [db_pool] Transaction payload payload_hash=T5plp0mP0BESP7ykoRgwxJr7WM4ztebx7BwCzXAeuHXbNcRPyT1FRcXdDZqnFyCQsCOt3elUrRLKW6icyzkr7w== processed in 407ms
[2026-08-24 10:16:41] [ERROR] [cache_layer] Transaction payload payload_hash=Upnnb4sgb/cnyZ+mVU3Kx0JsiebjaaJ/Sbz5lPQLtgTJZoF3udo7+c+L0KgsBC65RjzyTyDpQaO4sTW/Z1ZwAg== processed in 176ms
[2026-08-24 07:03:55] [WARN] [db_pool] Transaction payload payload_hash=XcVBpVvZzraZX+FBF65w8/5/MUo14MS943ncEz4stB8rrgDh2r79F+li+cEPeIPf9T8QjSGcXB9dbdlYQLCv+w== processed in 20ms
[2026-08-24 07:41:28] [WARN] [db_pool] Transaction payload payload_hash=AodEm3QvgdmCzQCXFY+Pep4BjxWmetrClzSPCEs2lfwscxCXlIM2UXKn/UdjXQYVmeho+31W+5opiSkyBJLodQ== processed in 438ms
[2026-08-24 06:14:25] [WARN] [payment_gateway] Transaction payload payload_hash=4cMYnWkuSD5bLYUh91dCIgoqYyNilUTNwlUyf4V94TheN9X283vsavQPg+sJ/LaAlvPU8u/Djm3mgMYoyLYaUA== processed in 79ms
[2026-08-24 09:37:18] [DEBUG] [db_pool] Transaction payload payload_hash=hn6pBfh23zH/mP43zDnN5874zXOTmod/fOsMoV1mcwu55PDwSMT2droQPrL3e/1sndhjh7pvIHCmMkl/5ljWCA== processed in 415ms
[2026-08-24 07:38:36] [DEBUG] [api_router] Transaction payload payload_hash=rPYsVjLYeIes+kqq52epwECYwbmfYpgQlKbM+xcmEtglR20R6iWQu/EG/qjcasQw8owHlF8wVathLShJEiGJ7g== processed in 259ms
[2026-08-24 05:59:27] [ERROR] [api_router] Transaction payload payload_hash=G20mz0oQaaP1YvPgg4ifoLqVddoZxD5k13r2SG/3S/PdgsPY3bs0Cf3+9JRSkV+z6VfYusR+kUweVuc5WiehyQ== processed in 339ms
[2026-08-24 08:59:55] [DEBUG] [db_pool] Transaction payload payload_hash=PSPjxseX92B8rdlyWRqUSE7nBSKrVgHRUcNCjMfyo6HkcGjJbfeGQ1IYuO1tRlSsGpY6JrkjoAJDVCTWzl11Pg== processed in 429ms
[2026-08-24 04:36:24] [WARN] [api_router] Transaction payload payload_hash=2W+bWzfgfOuWolEz3+Rcl82t08LrLR7JQLq5AGfjqWssHx8GDfUZld0g0DvBdpBecI2z8GfvsQSwpKRyS2FVrw== processed in 10ms
[2026-08-24 05:05:54] [DEBUG] [cache_layer] Transaction payload payload_hash=4BUqZ+5fr+yPKCnsDRiful4BjCs0Jqt1Aq55YeYp4y5dzhRn+8K5UUb1ZzdESKucZ4F6MJs5DRdukdc5kaxINw== processed in 313ms
[2026-08-24 02:40:36] [INFO] [db_pool] Transaction payload payload_hash=dEPpYk35s5zOk3RmPYvnQFSMvEDOamllz7RRp5QsYN36Ti36p7NMzb4kBjEjHssE01xerO6nk6p8pC6gSMwmiA== processed in 292ms
[2026-08-24 07:58:07] [DEBUG] [api_router] Transaction payload payload_hash=xnuL6tQu69COd/9EoOlHU73Teho5QTtOhqvYa2nEXBqVlrn6LYjUGvkAx5x6WbChPscFrLcgcm7XcyjBkBn3jw== processed in 372ms
[2026-08-24 10:12:19] [DEBUG] [cache_layer] Transaction payload payload_hash=sJij5Mq8hjHLVCyhPS9HvSHQheHByL5IbmgtR9Rro3OiCS7Co96Pkxx/3xR+aeVYh7Wv/VeScYPfvhTQoZLAZQ== processed in 92ms
[2026-08-24 10:10:45] [ERROR] [cache_layer] Transaction payload payload_hash=CKwIm65l+zIM4qMr9eFKlVP9HW4/hcxQ83DoYYqvctWIBCIeovjjqMhC+Jp10bC7MuE2cEyy1caHBsJIEOLyDA== processed in 357ms
[2026-08-24 04:06:12] [WARN] [db_pool] Transaction payload payload_hash=2nQT+9Vvtl/uispi4JKcprWbKVzMpwOi1E2D7mHuCptovCA9ZKEcnj6E0rBcP4agkBg9aoSke0PbqpOG3dNYQQ== processed in 323ms
[2026-08-24 06:20:17] [DEBUG] [cache_layer] Transaction payload payload_hash=8IQoUTLOU171YuI/nTC9H1e09RQKxu25GHbujZoSP87HcgHs36WdqkvFXatB6VvsxZOJpzjuV9jjt1rNUb1OoQ== processed in 405ms
[2026-08-24 09:56:50] [INFO] [db_pool] Transaction payload payload_hash=6DOuX0zS4kBVsqhOIqHF687OiwlgZ2i7DfZuw80dGjOxf1E1kJw9WyuEAuL4TxxnKcYBSFJrIOqbOYR39dF5nw== processed in 363ms
[2026-08-24 10:48:28] [INFO] [db_pool] Transaction payload payload_hash=hTBrg2AwDPI5k8Z/Wdwh5+280D6ndH7jySmtj4QRilOrpMGm+EesSVK386UK8fZhBXNLoVlpWFpPQJGyr7L6Iw== processed in 115ms
[2026-08-24 07:43:54] [WARN] [payment_gateway] Transaction payload payload_hash=po1Q6YEM8tFs+TiLvYAfgyF6ZcRcnmKDy4WcMj6SJLvDWbtsNljDHk2ht/VjfzBWwp8kEftqbA9+5gmhGqBvEQ== processed in 402ms
[2026-08-24 06:07:31] [DEBUG] [api_router] Transaction payload payload_hash=w8Q25Y6SICWES86fg+tA34mLSpdBHRE/Ov6BhLhaBu3o7yuvB6DXYIEqKBI0HYP2igFQh+7fu/DP+0k3pIKY/g== processed in 243ms
[2026-08-24 08:34:38] [WARN] [db_pool] Transaction payload payload_hash=rK2RPp1ScXCtZahQrbsScq0RZ2NEXlvnckgWEUo/RIxIHkOzxxLiXuVm5cwqUE81ZN3j1a4ph2ik0jqAfxPNCQ== processed in 497ms
[2026-08-24 08:59:09] [DEBUG] [cache_layer] Transaction payload payload_hash=yOs+ft9Q7nEgEz0yze14pTvxgXXM+GMduxjbcMW9n2eFKbKtIWMo1QRriqrhjf3eFcdY0Ji28HUKldxSqgDhLA== processed in 491ms
[2026-08-24 10:58:51] [WARN] [db_pool] Transaction payload payload_hash=L6gKWt2IjiKUdu25IKHBHdw91gKGsRdjatgsL08vH8g9wB+h00mZw58kI2wxCnX6DqPNmUCowWJuUk+KDbqJlA== processed in 271ms
[2026-08-24 08:26:00] [WARN] [db_pool] Transaction payload payload_hash=KfirmV7iDD8ia1r1RmYDz4K+KJ2e6GGtSLMO2SEn2QURFkJbfavHWbwqk7dugQ3mhFevPYab7qMgCYRvOYFYjA== processed in 405ms
[2026-08-24 03:03:42] [ERROR] [api_router] Transaction payload payload_hash=xdxU5a4N7xIINc/p4gX8BE0dSdefAgHuwacta+IGAplxjVu203jyZ6Z0HdxEtl4IlNBMA9ZryNtzHiwWKK/MuA== processed in 223ms
[2026-08-24 07:28:55] [DEBUG] [payment_gateway] Transaction payload payload_hash=TKVFbhlxgSv7q36hfImLGqJ+D36iVAwCPCl39QGTErDE9VDzXNWqsV+VMpTGIxFRP4h4PKJXKsd0aKZZciaDPw== processed in 166ms
[2026-08-24 10:20:28] [ERROR] [api_router] Transaction payload payload_hash=BYMh0gfrLxbG6Wf0lkHc7wT/BYmorBygFLwutaWcugYhyZsUh60uSOHh5Nv6QNBn1luTaOrXud6lOhemruXSxw== processed in 47ms
[2026-08-24 10:57:51] [ERROR] [api_router] Transaction payload payload_hash=Ust38ae6Mo6Hp+OnWyixAV76K/WlD/Tm0Tidb/yoEpJA1VQ3IkL3uCSTllcjbQS9bYrrPao5EeqcjXJR+r1yDg== processed in 186ms
[2026-08-24 03:19:14] [INFO] [db_pool] Transaction payload payload_hash=UIKeuY+N0+xv0Ag87idCOYvwGNi/pcgJLx2iRI35PuF37wgrIA22P/IkEZZIorcjnVJEj8FKQ0FcEqdw69f9lg== processed in 387ms
[2026-08-24 09:51:47] [ERROR] [db_pool] Transaction payload payload_hash=RIy2wKHOPMyfZnicvIUuU/Q5RxbldERH5vCDVoWP4ZQI1qRd256hK1IWQkVjpLHggPx3qdztacuRpDSl1XuB3w== processed in 273ms
[2026-08-24 10:10:59] [INFO] [payment_gateway] Transaction payload payload_hash=UdSXJgt173DrGW8Hb69ERdrTB4MyvZ74uLgvrjimCP8WJTmY34l+6bMi8h9r3rfamNDSntNHZtGJAwN+HIMGxw== processed in 214ms
[2026-08-24 02:47:26] [WARN] [auth_service] Transaction payload payload_hash=q6HLmHl6pKPCkWX7zhj9vgKlDd7kXq97gkQlfrw5//0FRKHb4pqDWkBiR4Cq+9wdx9dkUPmGdk6JBAMqgThzzg== processed in 193ms
[2026-08-24 07:09:00] [ERROR] [auth_service] Transaction payload payload_hash=EaptZEmGeHsF8co/8qLmcwPx1I7FpTbiHvOlrXCDSxPnKgpp/mGUmdlBmqsU57KL1A1NmsAqFww9PwE4VSsdwg== processed in 258ms
[2026-08-24 03:32:28] [WARN] [api_router] Transaction payload payload_hash=bY/CZVR7SyJmTDgqAeZi13hb58sBD45TPexPnDHMQbbS/BVxPd8s/tQBXuK48jt0wWrSCch+7oMW/a+BwO601g== processed in 355ms
[2026-08-24 09:39:39] [WARN] [cache_layer] Transaction payload payload_hash=CAUU6LKR08oc2oWSieflt5qpv6C7Yz1sOm2+a9ye3AihZbaCFCDFnM3Bz8PbNvAj4vzmy2Y3BCedDoaLv5tV9A== processed in 145ms
[2026-08-24 03:29:25] [DEBUG] [api_router] Transaction payload payload_hash=ixv+Ove5kpKrbQSLhJKVZUjBzGVoXAuPx8Lo0wtsGH27UTftKh9r5wrvvNnmHehBl4dQt23pDfRoQn+BHfs4vA== processed in 93ms
[2026-08-24 09:51:18] [DEBUG] [db_pool] Transaction payload payload_hash=XhkwJcdRmjuCazVc623KOnuqi8S/oRqBEMnfCZqNSRjjHUIG66SduVYnKDBkrTn7zMqhyazMK4ZX+W/6UQobxQ== processed in 219ms
[2026-08-24 10:56:50] [INFO] [auth_service] Transaction payload payload_hash=PyOTJQ5ZSuR51qt9Euh5JZOiTximW6gyGEiyTb9W+8Cw0oxVXItkIuFhPwV4S+bHZhplKT8X/1Kt5drwxCyrXA== processed in 466ms
[2026-08-24 06:16:16] [ERROR] [db_pool] Transaction payload payload_hash=ZXfzblRlmaSWi3bonsPPJvOhHUXhNDX90O75+AgjsmY1ykjW0SxSo9amhnVXV715jhbeKZuZHUEv6SWPH00CHA== processed in 368ms
[2026-08-24 05:56:34] [DEBUG] [api_router] Transaction payload payload_hash=8BVMXoPjgWn7fPWFXeqpmr8w1ZiklKnjUjfzlak3uqVLfDOFU/02phqiJmi6I6oQ4PC7a1FbhqjCRZZkng5E3w== processed in 265ms
[2026-08-24 06:51:21] [INFO] [cache_layer] Transaction payload payload_hash=zaGxvBMoGsskxWwlWHj6ArfBCAiJP/ZhqYM0HkdPN9Yay0cw//Sh7wtuun6MAkVSkcJ7MyLkA0lc1wgM7o6bdw== processed in 377ms
[2026-08-24 11:16:58] [WARN] [payment_gateway] Transaction payload payload_hash=6cw0KmscI38ILGbgPULygFrgmzoqx17GCapfZHodWrfTo7xoLdt5cgPQhcbiWI8aHxKUW/IAlTyH7HoQgfEnqQ== processed in 213ms
[2026-08-24 05:34:18] [DEBUG] [payment_gateway] Transaction payload payload_hash=P6YhZ2jV91Lueq8pkMKYuOHFsek1sFeo58PTGTezsIC0C2j+UABOd8EQWW8eMux/q5z6zR7ZJEoZHLI71L9CQA== processed in 394ms
[2026-08-24 10:14:20] [INFO] [db_pool] Transaction payload payload_hash=cKkjZzHvFJIX1ChT5eJVpeytmZ4dumCihvC07n1auz4xo2AKgKB1xge/CUsn0/u+SMJ9DASjjfVrGabPkcPP/A== processed in 45ms
[2026-08-24 05:08:01] [INFO] [cache_layer] Transaction payload payload_hash=r0dLhiB/ziEVU53Ro2iL4IzE9PFaD2o8qnGztK3zle6+UFmJzF8481YdCYGxQk8CbA5OzUhg03Ln5G31xskImQ== processed in 26ms
[2026-08-24 03:14:58] [ERROR] [auth_service] Transaction payload payload_hash=8U7pS0l0AdjlmgEcOGxe+bgzBJHQjt5AEUGIfN+tWODyLjIbwSdQ3h7fU6fcxRMZgYmuQo9bkWd1na3TbzfIPg== processed in 102ms
[2026-08-24 03:16:31] [WARN] [api_router] Transaction payload payload_hash=Va9QXHXqR2pGp2/9GAT6GO9uZwsbkk9ll719/cbOAp0rgCa9MhMfFv8vcIPbPCBw27n9MOxGdctczL6LedjXdQ== processed in 408ms
[2026-08-24 05:04:16] [WARN] [auth_service] Transaction payload payload_hash=ZAuaJxm2z6MaTSh+EE6K77qngry0WdQXUnt5dsfuAi9EVphlFUBlUrcIE7VBqjx7xM5gHmcGnI4cm0eC6c/ISQ== processed in 339ms
[2026-08-24 04:20:24] [WARN] [db_pool] Transaction payload payload_hash=E8TlwpKMpMg13zS/lyeal7hxcEjbl+SfFZ/WMC/pV7GGcGngIMor2Ix1IF4kD0X3Jy0DYs0hFcAV7C60kDYlyg== processed in 342ms
[2026-08-24 03:40:30] [WARN] [payment_gateway] Transaction payload payload_hash=yXPFTGsxe8bJ6DSNdNGAcDVKXmQ+kbghiLKMY3Vhq4SbLZhocLB+gFepXY5+xG5bgM0HFBxS1A0lGRNefqh/OA== processed in 411ms
[2026-08-24 03:41:27] [WARN] [payment_gateway] Transaction payload payload_hash=bzIaQmJzmUCdPhvowO7YO2k1gS7pNNtX1ABJ/JW+v8ylOs4wieHRFVqoVp/L+KDply4g970p+nSzvkilUdMMLw== processed in 423ms
[2026-08-24 08:07:51] [ERROR] [auth_service] Transaction payload payload_hash=Lsv6Vi1ksj8dJ26hCkLOY3msDXbUq6h84sM8hB/ibCnkYHAI4znPQiwBiGzmDOU7kyBYD/oKEwQfnyUPh1hSrQ== processed in 237ms
[2026-08-24 08:28:48] [INFO] [api_router] Transaction payload payload_hash=9tuq9OLHgs7Fstd5Y7EzfCBK2QSkJ3my6/x1vduy+O8tsK5mYFSVO0SkGLZ+qx0Kpn276XCKj6p+eb1VglEYNg== processed in 231ms
[2026-08-24 03:25:56] [WARN] [auth_service] Transaction payload payload_hash=YCRgPWwBdchueNLo0M0Wb3zRGX2jnd/0s+dYWOKE7OJ4fcFOLCWywESIagbFT0ftMtcUkk0PxC30guXfRnByjQ== processed in 14ms
[2026-08-24 02:42:24] [DEBUG] [auth_service] Transaction payload payload_hash=6N71/KZrNpvtTbxRGnQnJ/ts3EfKF7v8j6auLjYhWDnkSakgn8V8p6L0O0hNNqXvgOuONUhJNpzOKJyWRSHqkg== processed in 224ms
[2026-08-24 05:33:34] [INFO] [api_router] Transaction payload payload_hash=sQSoECFfLyHDp3lm8xsRBM5+wcjOnUNWHagokkmvCf+I/xkN5I6SCWhjL6YWMdzPwqPEozsJSBFglv5Wm1f9LA== processed in 296ms
[2026-08-24 06:16:30] [INFO] [db_pool] Transaction payload payload_hash=vOdlm3WFl4QTjt69t24jXfGa9T/fxBAVV+MXK3+aXfm2SPp13Y6qnfOef3y7cgWY9ZCAf9lTXR6lXymsH2DAKQ== processed in 395ms
[2026-08-24 04:17:55] [ERROR] [cache_layer] Transaction payload payload_hash=JI7jwkUi+YGVzBTzmwnTxFvYuoCftrmjO6uJaHtmaSuB/VYJvcznfFCUxTkRN6MuClzYyR6g+xHuIDQ3hM89oQ== processed in 447ms
[2026-08-24 06:53:39] [DEBUG] [cache_layer] Transaction payload payload_hash=5OMSjbwGv7Sg4vLJciYS9/FCIDj5mNa4bV1DfgLWjUkWoTGyKGk3T9M5fj2I/CMGQiAKnYPezdFrwNhB6/QOEA== processed in 145ms
[2026-08-24 04:44:31] [ERROR] [payment_gateway] Transaction payload payload_hash=Snx5gI1sLT1WPjDhQ8ycmFOpTeT2N90y4uWahi91kyqLs+FOQZGEsVAGooKdFMMkE4gHjtUXmyROIXyS9AhuVw== processed in 89ms
[2026-08-24 02:41:49] [ERROR] [db_pool] Transaction payload payload_hash=wfLrQYPQ10S3VYVDWOTaH/vRq/sOC6mr/LD/PiMXnDn6lFt6isllOVBD0a9YumRd1Z0iaCNtIT4a9dHwZBL5Mw== processed in 316ms
[2026-08-24 03:42:52] [ERROR] [db_pool] Transaction payload payload_hash=s2GxJ2gXwsekgriLhN9dP8dxjP5JTgKf3mAbEp4NcecLu2Trw1VX+eDCiG136/3Ibod6NWaueFSWWuFJp1TJOQ== processed in 88ms
[2026-08-24 09:41:40] [DEBUG] [api_router] Transaction payload payload_hash=GyfRSA+6AiKvvtsoOhXvKnL9sJWjtH5DMZbJKL4ghJA41LINHi5O6UcSFVD7CDUlrqwXIJJXGAhVEY2sLFWDKA== processed in 105ms
[2026-08-24 10:07:32] [INFO] [cache_layer] Transaction payload payload_hash=86uXsAjPDPEhWdoWYDkUr7maAK+/u86dY/6OSEe7vV6w95DKU8wB1GLGozOjltPEn149JScE2zToafxECI5zlQ== processed in 81ms
[2026-08-24 07:56:28] [DEBUG] [cache_layer] Transaction payload payload_hash=1wEw8gQ7Xvs1HSUWcrqzH13d4Vb5lDuLp6VE0+Q1n9D2wJFnB+4bmj6Uf1prOdtejKpDZMg7OaoBf+H9I3dnIA== processed in 463ms
[2026-08-24 09:55:16] [WARN] [auth_service] Transaction payload payload_hash=gwb+Otbzs6NpsLst0mt13k1qoCTOahWBuDIbRIlr47b60cRe6srIDqLoOZs2TAIMPt0ww9F9E5FhU8zlVkGH5g== processed in 483ms
[2026-08-24 06:40:35] [INFO] [payment_gateway] Transaction payload payload_hash=tPAFL4vB7p/rE9Mn2Jp3+ugdLkDJrDXwwpx1uFMMmAxx6VxbjoVcdNEmY2uiEnsgH4yqU8NQk9lvGumBfaNu6g== processed in 53ms
[2026-08-24 10:32:42] [DEBUG] [api_router] Transaction payload payload_hash=6EpEmQofwzFqjvl2Jxlq9F4ASVr9Ivk/4V1uGxp4dh8BQ9oeFMIJIZ+1amSFyqN34DG8dzec+sSI/T28+rWy5Q== processed in 12ms
[2026-08-24 05:32:58] [DEBUG] [db_pool] Transaction payload payload_hash=Ot3mGP2hYgR0SAT/I3IjBWyuu78lrWbKOTfZfSqEITsTrYWgk1g2aJUA4yQr9mJ6RNO749CdZc2z/Q3zUk8irg== processed in 332ms
[2026-08-24 05:49:39] [INFO] [payment_gateway] Transaction payload payload_hash=w10/m7xjpSsy57zl9/WgBl7r2+y0dCrmiF9At+HcrslhvX6REpV/KiSHH36EJdZry9r3nzeeTop5VsiYLomKNA== processed in 146ms
[2026-08-24 11:13:28] [DEBUG] [payment_gateway] Transaction payload payload_hash=cfZvfDqWWr+qxThmUC7suHq7SjdldxjtuvJ1OcnvteQ70s6B8rHJrcaJaO7Ui3C6ReCo6eZb/z9swFO2UIuuyg== processed in 268ms
[2026-08-24 03:11:07] [WARN] [auth_service] Transaction payload payload_hash=WxuPAWx5bMpzzaJzouStyuz8WuNy+Der3cFqtpZVEbyo9ZuvyGjgFTiW9HR8s9GvXMw5mWsu6/R3hho4MY3DYw== processed in 40ms
[2026-08-24 07:40:19] [INFO] [db_pool] Transaction payload payload_hash=bnpPHiCsaJkAW0dVI1KKpP6F4QeUG38RT7OPOGucthp42A105Y4RNBNaEBrT6ofF5sBRkUUln1RLQLGY8MfUCQ== processed in 69ms
[2026-08-24 04:23:17] [INFO] [db_pool] Transaction payload payload_hash=mtsfaw1v8lGdWoZCkq2lz3Ns3vG1NfCvqbJQCn8wMGqvOvRB+ouMQbpHRFdJHpgwM9gd4kBLDlHxQRzKSr97og== processed in 436ms
[2026-08-24 07:18:56] [DEBUG] [db_pool] Transaction payload payload_hash=IWZNaTYSkY9SgobgRfKB/OW5et+RA29tyeM6HOZL7Hn+4Rr1N0BK/mn4Z6A9qWwCXdLGzW69xWoPmStodm0XbA== processed in 364ms
[2026-08-24 03:36:15] [ERROR] [cache_layer] Transaction payload payload_hash=AcXqEh7cKuMB+vYfUe0WXYf09gOVTcj+3nMK3RUJsn43Gk00BfGnP24WyHkuyFVKFhs3a/ZQ4vMnpR8RJ7cTxw== processed in 362ms
[2026-08-24 07:36:38] [INFO] [payment_gateway] Transaction payload payload_hash=o3yBJL5V7q/MFcxh9WuF6JI90L44Laz57m14b6YqUjOJYHBqbOvSfra+FLLoJ+Mo1/lacgbEyrU2WO245wzHfA== processed in 242ms
[2026-08-24 08:53:01] [WARN] [payment_gateway] Transaction payload payload_hash=NwroRZSp5uzIjI/XqcQXIKyCXWWrxLRS9QgYnCNxz+frBU1/uT4lGpObOgvLqi+7M9rTATfr2fNFonbDGADlFQ== processed in 343ms
[2026-08-24 07:34:40] [WARN] [cache_layer] Transaction payload payload_hash=O9Y4L3Wvdotq3iVWLLnPMn2Zz9dAVYapzXRoUVahlr1T4BIRYOlfEKL4TPdiIEzfowKujktxJH35HHV6qeZBOw== processed in 378ms
[2026-08-24 10:52:49] [ERROR] [auth_service] Transaction payload payload_hash=+Vd/fWnQWMJfLr/DvEjtCFfLslx2ZhjD2epEEmBEVMvaRN7pj53rE7vr4NUSQjOdixR8CFLN840IwlYOTMgasA== processed in 169ms
[2026-08-24 10:33:15] [ERROR] [db_pool] Transaction payload payload_hash=Xc6ewA0BZAADDTtLWjxuKRPW/rOKVvaMYd77kEQ4cuhBJrEmuYPBUGjE4jW/+ZVWh72Vu1sBmK6cVnBxEM0VYA== processed in 356ms
[2026-08-24 04:29:46] [ERROR] [db_pool] Transaction payload payload_hash=52omOJN0fzRvOZeTzGjLCTExu+zqF1lUINI9YYL5g8ujFDd4IMhbEv5Kk7dTGEmjpVlEdlsCdM5gnRtTu3xihw== processed in 158ms
[2026-08-24 02:29:50] [WARN] [api_router] Transaction payload payload_hash=NET21Z6FsPIamMTX9nPU1CXa8r807fb0whZRULRBBFEPH6LwWYPVK3F9OlaAiXcycsu8fI8VqmN6Rrf9s8HuUg== processed in 303ms
[2026-08-24 11:12:17] [ERROR] [cache_layer] Transaction payload payload_hash=2DR1h+19Q/gsZRRE71iVkJzZrpbJ3MQrmUsTX29md8YHxsxz9MR6+n1NRgSM/FCLpewYv0oJk4B+xBmtNGtrdA== processed in 166ms
[2026-08-24 07:31:16] [ERROR] [cache_layer] Transaction payload payload_hash=//qOiVEVCYfVJ+CXk6z4+bZX9RCbXbuOBWYOOBFe+n4v2/PZdqHfeSioeOtR6bT65Br8Xd1rproqAlrXuP5/rA== processed in 108ms
[2026-08-24 02:18:48] [WARN] [payment_gateway] Transaction payload payload_hash=8frou5400AO+J/POZS66L2VKwA/SUrBmkwCwaFvIXOo6xWmpBkC+dbn6Md5emlZgdKVuRT1tdtVgwEAMZWryJQ== processed in 128ms
[2026-08-24 08:49:45] [DEBUG] [cache_layer] Transaction payload payload_hash=ORt1WHyiTw1h+sBlWDhq+7mkz+1t3Ykz7/fvUqvlNDb6JTyCmQO0vxiMBNJhMaTPw/GueP6diIOVWSR98oioYA== processed in 368ms
[2026-08-24 08:27:23] [WARN] [db_pool] Transaction payload payload_hash=7zqQFPtM0gkelYxLombwFMK8ZrAhOfZMgCjCc6Po7PVq/7nAyZ2TVWFRriT4to9L+Xz7HsuDYn8qtBUyYGcziQ== processed in 471ms
[2026-08-24 08:47:42] [DEBUG] [api_router] Transaction payload payload_hash=NTemqbBaDjL0iKPZPSUsEWTfDahNPAAmN6oM+WiM3Y1zhOCBoPBQSkM9YOTnAeMEl+crDz48Fr3e5AG0PjjK7g== processed in 398ms
[2026-08-24 09:42:40] [INFO] [auth_service] Transaction payload payload_hash=0wmotkkr2yav+K4sdBd8t0IAM1jAhrm/TWtkmXOLcAWuXk0wFt8+J/rItNXz9HwJ/0KBo02r1yrFrLv3eIUVAg== processed in 300ms
[2026-08-24 08:45:28] [DEBUG] [payment_gateway] Transaction payload payload_hash=yHQPXbqi/BxibeHImyfH1EHbCi4dfs1GX7/jUmoh8deKsHpTEv+LceBCVjDXT0QdwFMBzWKu9vQBFvKI36uViw== processed in 377ms
[2026-08-24 04:45:38] [INFO] [cache_layer] Transaction payload payload_hash=7VMg5XGU1mKHX7dd4oqLspaOzzpG8NffNaqrKOeU9FhAq9URQ6IyToJEGUQtY+MCFZNGnnyDVt8tcA3Nt93M5Q== processed in 244ms
[2026-08-24 10:21:07] [DEBUG] [db_pool] Transaction payload payload_hash=6fVu8OGox51/2sZyHbB4FdrhiI+WJizuRV+E1WBQZbSOdmUQ2jknHKN3KGtmF1WvH1NUablV+sXLpy2PZSl4aQ== processed in 111ms
[2026-08-24 03:39:55] [ERROR] [auth_service] Transaction payload payload_hash=WDcT24C9oEEl5k1Ex69WHsbk3itH5QwLdGx+YDnP9rXEP9CHn6rSwgyq7v8rIOjCZMfra+jbBp94ah7rVDh8Sw== processed in 56ms
[2026-08-24 03:25:24] [WARN] [payment_gateway] Transaction payload payload_hash=dptO8zsNMloteAvpyPJ0hpvvWsKmNVYfF9Cb+QFOePpqp2uD3EVr005jOIRgMmxKtCWWOyjeIgvgh7laXbHcGw== processed in 388ms
[2026-08-24 03:02:31] [ERROR] [payment_gateway] Transaction payload payload_hash=jpKcQLXn0hvRqI0IQAPFG688Udi1Fg/iKeyS27aIxWqT9ch7Z488bcn/vA3XP3huQmEJS0bug8t9ncxUHST7yQ== processed in 301ms
[2026-08-24 08:06:43] [INFO] [db_pool] Transaction payload payload_hash=V0YRbDZDDe7VwISfc+bMcsu96qHgrVOZgzFhKOpdr5XRWW0ZFZawOlUp5wZBAmAPD5mrYFGIM3p+Mi3XwL6+aA== processed in 328ms
[2026-08-24 09:22:04] [INFO] [auth_service] Transaction payload payload_hash=btZ04/Y7ior79UXnRcYKCya0BitK5ROdyuapUTCTKCIlgkKc0gl4gBT89XzqSO8fd8wP08gQE4rByzu0+oW4Jw== processed in 371ms
[2026-08-24 03:44:52] [DEBUG] [auth_service] Transaction payload payload_hash=9tEk/oW+wm/b3Mu6hs0SYOSoR/e7StZaIPumMZAX9+tEDxcc7noKxfMpsCssN/VuPCPiljU6NlJLY4dhulSRLw== processed in 438ms
[2026-08-24 03:42:39] [ERROR] [db_pool] Transaction payload payload_hash=cQBkc/GN1+htyP3Wa1P8rWvS2hKkLzYtn3jzJXrofrws1J6210aWJHOM09KwobgnsU4oUV5U1RZ8MzQw/F4+BA== processed in 421ms
[2026-08-24 04:06:45] [DEBUG] [db_pool] Transaction payload payload_hash=pjBtLzunmrSrXu+dVc8TXA6x7idG8C9iFVqrk24JFvSuNEuQB0rhVrT/Y7Dz4wrI7zjovGmlR3h5htgPV0IEMg== processed in 267ms
[2026-08-24 03:20:59] [ERROR] [payment_gateway] Transaction payload payload_hash=rUiLaM0sSR59eiM/ltBoDy4FPuB4n+aPjPzk85edFL1moM5W+1Vm1RXaMDK/hC+cGj2SYRv2Z4hNhDtOYVETxw== processed in 261ms
[2026-08-24 09:23:36] [DEBUG] [db_pool] Transaction payload payload_hash=/9kam+GY2cj62F+LszFcPxEo150XtmlgtTSA0MjRV1XIg0A2qfVE9vB62LUKrPnnX9a9Dmk9FIZv/nn2VPlz5Q== processed in 381ms
[2026-08-24 06:59:26] [INFO] [payment_gateway] Transaction payload payload_hash=rDzHHlHnxz/3dZzVemThWu9PtIVOii3/pZsW+lT9B5CVpkvsMJLqvzalz6FPeWUNmptwoZIc19ChO8ZIfvxSIA== processed in 494ms
[2026-08-24 02:21:48] [ERROR] [api_router] Transaction payload payload_hash=Oq8przNI4VsWdnFlMP9jiew70O79mFM3vQBXXOiJ/vtPyDaoHXfSlZOb6DMThX545GYXccDJCkZS/Jj/rAQUlQ== processed in 330ms
[2026-08-24 06:44:52] [INFO] [auth_service] Transaction payload payload_hash=MzJnlPv9j99G4iBVnCh2p2gyy/sY0WSN1gdSCSmF16LJkG1Oj8JlyipGwkZqVPAHSP7Ml+/XgbgF8PYGoMBdhQ== processed in 79ms
[2026-08-24 02:57:34] [DEBUG] [payment_gateway] Transaction payload payload_hash=4h0KHAKAM1VqEi758TM5rdkrv7Akyoii31U6UJ1KfOOdMeecfg2QhG2Ypfkj+ZzOofIpGuPkv1egESBpFGj3eA== processed in 362ms
[2026-08-24 03:24:27] [ERROR] [payment_gateway] Transaction payload payload_hash=7gohN+7UtfrMW8W25rsoKrd/4UH/bPVyhdVkZRDjxbl9zh2PuFdF4yWg/EbrPQJV1GMWVSiYmIfhmZNMPB7yiQ== processed in 428ms
[2026-08-24 03:12:45] [WARN] [cache_layer] Transaction payload payload_hash=VUUFysOGY7NPYwzD4f3TYRBL3PUmRkD9ZB6Cwl7UDryFtEswTnmKt4qAX0wVK4rYrY4pDSrviIzM+zxkqGNSSA== processed in 177ms
[2026-08-24 10:43:17] [INFO] [payment_gateway] Transaction payload payload_hash=+XXizTl4RHX2MrUW02qMoC4v5EWlrrNaycLmuvy8Wm8hhlX0jVJLwAADCjo2ytN0NOe4QT4iDyo/HwukC9kDCg== processed in 125ms
[2026-08-24 08:06:47] [ERROR] [cache_layer] Transaction payload payload_hash=C1QsmSCSDw3CW5MOBsFG2PNsk6MKGVAnnfK3ZKU2Prd9fslgECU5u8ujanXvm32Nf3Vh8ExyP0Xy6+rg0Zeaiw== processed in 187ms
[2026-08-24 05:13:26] [DEBUG] [auth_service] Transaction payload payload_hash=9vSvWZCnIMSl4svwbgRNkcIeRo1C0LQ94fgu5DE4K9LikPrg0Fg0VoJhcZBL1ALchYKaHH7QMrIuhTSClwU/Mw== processed in 34ms
[2026-08-24 03:25:28] [ERROR] [db_pool] Transaction payload payload_hash=EaM7Wrt+PbXXdBQNenu++W7dPpdaeyHWcAcCPxFBtzosyqlZL3oF88REPWpuCMB6/UZ66UnpqF1IaEf4WLEVIw== processed in 183ms
[2026-08-24 07:40:35] [WARN] [api_router] Transaction payload payload_hash=pRjD0hYYr3xUUnHqy/jJUfYDa6Bh+HMRnIR3GpXH5yuihi/7PAv34Ddmi3UZyaZxdAamowFUO7MmW3pbNoQFUg== processed in 94ms
[2026-08-24 07:37:12] [DEBUG] [payment_gateway] Transaction payload payload_hash=hTBLYGycmz4lGAA8pJ1xC9C5FmEPdTclHR0g1TdHi/YWa+PBxxKJJVUVB94f58dDMW33hdXQZQPXJEip4ejLUw== processed in 123ms
[2026-08-24 07:05:30] [DEBUG] [db_pool] Transaction payload payload_hash=Ei6fAiLgCofFIrVTMwnj5exraXMRV0lG4hu+f/K2YGlKyMXsSKHTuInODNfInELb9uH3ZqNeXTRab//Ul1Zx+w== processed in 380ms
[2026-08-24 10:27:16] [INFO] [auth_service] Transaction payload payload_hash=lnGVOBavirOptmrtvL1L8hcyfp8HVuO/gt8QmPg43eG/YwGgpUk3oFAIDs4iI7RuR7LeeSk27TkqKf6bAoofJQ== processed in 444ms
[2026-08-24 07:46:27] [INFO] [cache_layer] Transaction payload payload_hash=xvdAouCTRthlXyMcXN094pY2kwTp9PUxuUnDiyKA9R8UcqJVb8+AZABpj0YSmqmw0pvyJ+RzDm6oKoNTj7wKQw== processed in 240ms
[2026-08-24 04:22:44] [DEBUG] [auth_service] Transaction payload payload_hash=zQoLp311Ca99B1pOZcm3hhbxdWePbuoOknnSUdmHQO4v/gMexPHd1eolS+FXvxIpvPOA2U5LTVTo3tMIYKowlw== processed in 382ms
[2026-08-24 09:42:07] [INFO] [api_router] Transaction payload payload_hash=7PnRBe3FQe3P0UvTcO+ZxWvcfydRc1kkCAPZy8L/d/jbvzPW/g8RI7waiBpvZrGjRZ3XEGgLC3v9acBM27k5CA== processed in 10ms
[2026-08-24 08:41:39] [INFO] [auth_service] Transaction payload payload_hash=7JPnpCEr4UR1utJw3VNgs5K8YcDfl2+Xsw8gDRpTLfOLEBzez7buqdF9Toiv087akDxJOu0hJ+SmVU5qIhRklg== processed in 170ms
[2026-08-24 09:39:39] [WARN] [db_pool] Transaction payload payload_hash=jzNmdHn+tdMDzgi/KvDXYksFLlIROG8VSl8zwK6k5s4mR6wyx2aCksGqso0VZvk7St4/qQhMUwXKKH5pYbxvRw== processed in 254ms
[2026-08-24 08:36:27] [DEBUG] [auth_service] Transaction payload payload_hash=cX1MwjiyNya7C81ZsUSKqY21DKEv8fOXDLhu0eVH9dB/mS8nhCHabvAvs7UePKi/OlovHdfxoRmD9JjlrGd8pQ== processed in 208ms
[2026-08-24 04:24:15] [INFO] [db_pool] Transaction payload payload_hash=Bx5HuGgVtEtwRNzTbuoG8UISJosjwjngSpZ0kyLLM0aeD7OnratBa18D7YrIpj6v14iUTEXaCQK8K7Iv+NO1LA== processed in 173ms
[2026-08-24 10:26:46] [INFO] [auth_service] Transaction payload payload_hash=OhwJXyZzEfDCR6ZHvLFhhcsvCmSkR7QNlyQ1dcz+oUYgHLkUZguP9akbQ/x07J4WTURlKnVVEVDdp55t2TyG4w== processed in 138ms
[2026-08-24 07:03:57] [ERROR] [payment_gateway] Transaction payload payload_hash=PzBIVOLGpmv1Rel2HkhQFXzIUJS+aY/6smHxbXJCGeHiSXBsZdlvjunhB+NZcJuz0CzuFsoGT+V/At8kTsjJRQ== processed in 224ms
[2026-08-24 06:28:45] [ERROR] [cache_layer] Transaction payload payload_hash=ZseYDPI6sRyJ/PIDtjW7SDgbHkR1jWGHtb6XDGvYRSpBXGj7h1qlVsaAAg1fQvJEvGCk5p9uU2L/wRUoMGJPog== processed in 179ms
[2026-08-24 10:36:35] [INFO] [cache_layer] Transaction payload payload_hash=I8pU7RlgvPpPh7baXyhAm/HfVrOPEmgpXJQMODCtA7VMKOjtnbKbea8ZUc5R//bytwe6EmaZtbhevaq/8Fm3Gg== processed in 455ms
[2026-08-24 08:06:40] [WARN] [cache_layer] Transaction payload payload_hash=wRdezFvOsZYcV/Oq4WnA/ID6abjHNEbtnrhcd5XFYhoTr3ziOR1tAPNoJGd4iQWi+bZtrru4pfmU9cSCTFJNkw== processed in 470ms
[2026-08-24 06:05:35] [ERROR] [payment_gateway] Transaction payload payload_hash=PjXzrTyPVH++avge5xLp1KabSy9ul6Bjzd8lZ1ZuG8xvxVKUoMHoOYnfMR+HFuQUsHAz7094tWWCMhb5SE2PSw== processed in 199ms
[2026-08-24 08:28:01] [INFO] [db_pool] Transaction payload payload_hash=0Mm42Jdy9tHrOzDrxkT4PoaU/Is+nJB2N/OdF6c0hBFq9D/b8jqQdYLKnP6PbMpSDSDF3LNHmLUufW+k9umKjg== processed in 273ms
[2026-08-24 09:06:03] [WARN] [cache_layer] Transaction payload payload_hash=G0L1kzlCfcVyjmrANwRQQ9UgN46P1/usWJ297Ql7eKBgXL45ya2DA2UtzXZqQi0bdyF1oVTup7DimeNWhLtZqA== processed in 481ms
[2026-08-24 06:18:15] [WARN] [auth_service] Transaction payload payload_hash=nRHMwXrHBO3BAVRMj2Rjh1dFfFGbfGXmSeoQziUOJhE+VlMtPbgfT1AnalqLbni3IIz/vrAjRi4ijOoHPNaRvw== processed in 158ms
[2026-08-24 02:20:45] [INFO] [api_router] Transaction payload payload_hash=avWs/ka4mvGgx04Kc8RblW7LN7AGNkD2b8xQ6XRrT0j6hG4sUFdn9FBxUW6jPGnwC+TKFszfFt2P4UEJtUDNdQ== processed in 41ms
[2026-08-24 09:58:48] [WARN] [db_pool] Transaction payload payload_hash=vnK9qa5ZMeTXrYDwHx6niyDtL/yZCk7DpRSrF3n2H3hvlnMsFApqd7MQqZppNKYlApJ3Jmg0UfITtrONT9k75Q== processed in 165ms
[2026-08-24 10:13:47] [DEBUG] [payment_gateway] Transaction payload payload_hash=MOjKjnpt+2dgFtgUFSNzETEvGI8fA9I6jUbuw0npyzbQBk7wMK6dMJG/vMjaBo9Aeuv2Mq+x4e63uI88N0Z72Q== processed in 11ms
[2026-08-24 09:52:23] [WARN] [payment_gateway] Transaction payload payload_hash=ZnBfflYNQJQbZ2bf+jFQg6Qdy6ZesiimP0IBef2XxM0a83iRbw3aOppBPTKNZ+HQEl9Jd/9g7rSvWUENvg/23g== processed in 58ms
[2026-08-24 07:25:30] [DEBUG] [db_pool] Transaction payload payload_hash=889dic9h2T6Y+gBQeo2IDuMUcpoJWDBBPJjF9ftGaNAX4ygDlq6/AC3kzRgROD7ytF4cn07UeF9rnG6tI7GU2w== processed in 438ms
[2026-08-24 10:15:35] [ERROR] [api_router] Transaction payload payload_hash=secLehWMd1TZG3sl9xJTb/I+yhJCLkZU2S8fMOR0ISV1uRZ55di+sgW9nmZwfpB39UzHTAmMSGZKKtXMWMH28g== processed in 372ms
[2026-08-24 03:17:07] [INFO] [payment_gateway] Transaction payload payload_hash=gMtPFDswak0nVyjdLckqLFLwbSjMJz+Ax2KLCTTJFw0d3W42fZRzyA+h7kYFecXZDRoIrkpCNLlAkUF4jDJ/MA== processed in 6ms
[2026-08-24 07:01:46] [WARN] [cache_layer] Transaction payload payload_hash=V7+KCKkNfZKyD/9O5MhF97QFNtI8KoyP+yxGTofr+g0qMCpeOmYcUldtjTT/bcjTBLaTpTX3u1cqRdxoNRV77Q== processed in 200ms
[2026-08-24 05:28:06] [DEBUG] [db_pool] Transaction payload payload_hash=Pu0uUG4tSCqoxoPjK4zHXty+nSC0Fr18CTAkAuCbF2O5VPKg6NHe5l2dm2ZSclzM/iM3S2KoiYsZx1VrHJDAjA== processed in 446ms
[2026-08-24 11:16:32] [INFO] [cache_layer] Transaction payload payload_hash=kNRY1ddW2rOsLWSdri7YKjh2etQPgSgEnpUZ6Lknoe6Xpt3rqtKQ6OKkP0+TI7HIeClLMNrMBWzt2g6WcRjNow== processed in 12ms
[2026-08-24 09:12:44] [INFO] [cache_layer] Transaction payload payload_hash=1frfxhdF4r8pgeKUeSqr5O3n6ireIVzfr057LKecMWq+ql1OhPfZO7jZI+mOj2XSNrNnydp9rbK/XNSpwUcv/w== processed in 1ms
[2026-08-24 07:18:08] [DEBUG] [db_pool] Transaction payload payload_hash=sfjNirRRRur5cwRcSLqzUK/FGrpZEpAbKhy/N8ex8s8aGj1D7572fS+XlnZlyi+bUjqS5pkWSJVxslByZTcs5A== processed in 338ms
[2026-08-24 10:48:46] [DEBUG] [db_pool] Transaction payload payload_hash=YFVuFEXkosZj9zJCL7G+kagzQKLJ/N7HUjyqhwoafKB15/KKT4PiujeR+WYRBUutNkx7PTgUySycCMo4rmYzvg== processed in 465ms
[2026-08-24 10:00:24] [INFO] [db_pool] Transaction payload payload_hash=hJ97REa0QcEBsqpw19779q9f+sDplWpXiWMfAjk66wTIL54T3b5icj6xDLjyZRuSk+qmvgnY3lFoqalZVlhwaQ== processed in 431ms
[2026-08-24 06:05:42] [WARN] [payment_gateway] Transaction payload payload_hash=NQhGKAqhc97SiRqmjlfnQRAiw4C11WJh2OxgVFwmayntmVDPCfMk+B+QSm4k4ujJDjP5wZKmgCjmXiBxvYEMFQ== processed in 337ms
[2026-08-24 10:22:36] [DEBUG] [auth_service] Transaction payload payload_hash=BUWb107w+sC5fNO5Zqgq7CxevLUgbxSkmeZr/GCwf6XVPcKccmFhDvvRG3KFLnbpBxBuZV7xxGcExiGQVVZ+Xw== processed in 76ms
[2026-08-24 07:25:53] [ERROR] [auth_service] Transaction payload payload_hash=5mihkSxVPCGE5Pl/+Nw74gtwwMoMELmyMH5yLs1K6tMgtoOtKn3p4lYTbPGGZnpyykdj4icEwiAglXoRk5onxg== processed in 384ms
[2026-08-24 06:38:37] [ERROR] [cache_layer] Transaction payload payload_hash=JXgCr34WAE4CK17Jw5vE2LvDgp6lxcm2Spdt+N89nDq9OBwmKCSmknZuDfp0tVm0Piosq/vwWND9MMN/bHGeIg== processed in 49ms
[2026-08-24 09:06:22] [WARN] [db_pool] Transaction payload payload_hash=/70Zr3rFTI00XU5H/jr3NHY0TV7+JgcJ/nT0HQVGUEEzZrtUC7d8gfyrE55sxi3VWvaX46n4m1d2bvqiQDzUeQ== processed in 11ms
[2026-08-24 05:57:22] [DEBUG] [payment_gateway] Transaction payload payload_hash=6vQiSqTMe1JztUjW88g8VJ7NXUyX0jXzz+GG2vhnqfKXkx3Ol6mkiMW9KadtZlwodt8BgYE3MQBObyBBAaYhDA== processed in 335ms
[2026-08-24 09:36:23] [INFO] [api_router] Transaction payload payload_hash=GU9SnMg/B0g5f3KvTpX66IJ1dh34rwJKuGhJzo9rSyCJKv46zymlqiSvupryicwSonDCCID1h4ynyDNhuuX6KQ== processed in 400ms
[2026-08-24 10:13:15] [INFO] [cache_layer] Transaction payload payload_hash=n7+3JcbiuNxxghVHP+F7Z9VnOQCLrZJqI65GRKwICyHjZZUalZVZ/6NtEF9zsPf/IUA57DGu/iHtnCgkuvHXPg== processed in 310ms
[2026-08-24 10:59:56] [DEBUG] [payment_gateway] Transaction payload payload_hash=0yMOSUPu2x5Wwo7+/BaCEVA0RcmNJXDvM+kMILhHap+uQRnan2AOgxuRE2PaRPdTg5+BWHvZEuvYWHTdduQM3Q== processed in 37ms
[2026-08-24 10:58:43] [ERROR] [db_pool] Transaction payload payload_hash=S/2SIIuLEXduSlinvia+QLnr7gL4OBIXRVdngvdcRHAeTr8HRtp6D+BOoe7+NSO5HRFA+VGaYJS8Dwz5QvLFvg== processed in 62ms
[2026-08-24 09:57:04] [DEBUG] [api_router] Transaction payload payload_hash=wjEaQI5Pq+l0kNy8DNhUl0ggioLiqhIWORbK6aqWYckjzIJ+id4DXltE9lbgG9iJ0QKSLvHnJg75YUHKJKb0tg== processed in 450ms
[2026-08-24 04:29:56] [DEBUG] [cache_layer] Transaction payload payload_hash=T8AldDJBms0sDr6GSgMp5g968p1ZM7DRMqaFdjKURsK0/ONY8pG3+I///Q/CBzWpqVKc6MIUZaGnMDdmvVpZTQ== processed in 70ms
[2026-08-24 09:24:04] [ERROR] [api_router] Transaction payload payload_hash=0eggj2oWO6Vn+LaJag+YKdSmTB6msCWtS1QlDJ6RAady4i/qjIsPPEqy/ZfCAY/tP+VVv3jiWYJ9uksU3/+nkw== processed in 5ms
[2026-08-24 07:39:23] [DEBUG] [payment_gateway] Transaction payload payload_hash=ivPvEADsh2eEb/WtlE/iyFyI1yhVFSrna6tG900dn+roCnFJrTPn7ZS/VqvKQMMANiK5Z29TQOr2rspqTjihaQ== processed in 199ms
[2026-08-24 11:16:06] [DEBUG] [payment_gateway] Transaction payload payload_hash=sexCYE5BGgB6vlJZukhpg6+eqa4cxwU845dSRK+oaSTgM3X/tOKFSWJ3c33f4kBbWpgZ/qOLXeok+HfizGBBGQ== processed in 406ms
[2026-08-24 04:25:55] [ERROR] [cache_layer] Transaction payload payload_hash=Vl+ED5Owe/ksHQ7ODzs28P4l2s5H3P1OAWT7IzN9OBQxbHecTWJizGxhsHrVD1aEM4t8UzyHTUjmEiC88nK4mw== processed in 50ms
[2026-08-24 08:04:40] [WARN] [db_pool] Transaction payload payload_hash=8mXgtlt1gHbHdYUBVZ3NGxBxHI7LFNVOPglUz/zMeTYKqnm6l5eKUiSFfyGVH13ii1GcgRMAudtVWk63k9YqHw== processed in 123ms
[2026-08-24 08:49:59] [DEBUG] [api_router] Transaction payload payload_hash=gijlmF+GlIrRbtiAdIp/YKYDt7RzVGcrtEQqsken1ua9618WA/U7WLFIDuw36qXKHEmVUgx+UZqmEckWjqKoAg== processed in 273ms
[2026-08-24 06:02:15] [ERROR] [cache_layer] Transaction payload payload_hash=TXf7RXmaV2UzKncLe/HXJjiS9ZSIZqcF3GzQoI8Jn+qzf6kpli6lF6Y70TxfXm4VM+GhqUsCP8Pmgm9lBYzeGA== processed in 95ms
[2026-08-24 08:20:46] [INFO] [auth_service] Transaction payload payload_hash=omZMi0TNGo6yWB3wH7o+qOrcbDbAT7mjzlLkNjnNfLxsTaFJvN2y3ciC44guRn5JpXhSWDx9gPgFZOEkfR/btg== processed in 262ms
[2026-08-24 10:48:11] [INFO] [auth_service] Transaction payload payload_hash=ZKdvjJ/8Lo/L0/xmbVuvy0xJVJiDDDgv6SF8wv9bcYyEQDKvckM9Jz/1J+Y3hD/csCjdznD9ob3yKfI4T4WMjw== processed in 238ms
[2026-08-24 10:18:24] [DEBUG] [db_pool] Transaction payload payload_hash=bIqmSHzlAtWJrUEKKUzX64haPlUX80kicjCSklm0ZsJAcLRHRZpMN2ldg/8WoLuVtoqkCxLm4uOI9Xt62/pNkA== processed in 117ms
[2026-08-24 07:27:04] [ERROR] [cache_layer] Transaction payload payload_hash=QLBzOSX3vQPEIJN0eYSOTMExa3n5+lUy1WOWBfN9t/T+JJpkoVCifn1e0b3R0W4T6NwY6/GDE5XyO6hShvtQXQ== processed in 164ms
[2026-08-24 05:19:29] [WARN] [payment_gateway] Transaction payload payload_hash=qfiVrUhLIBrUjlLrTE9yTc9RoYE3hnhYboqFOqGbaZ5hajRn9wXPH5QCmrAmx4J+9JuUoQ+B4vO7HYrRA2oLwg== processed in 334ms
[2026-08-24 09:07:12] [DEBUG] [api_router] Transaction payload payload_hash=+zWDGv6fXYeV6R7KM60ryzz05hEGKY0p/GFcb/WHa33nh9WHNwrdrEcf7LXWxaso3U2LpnM+plU5tHQiomI5Sg== processed in 147ms
[2026-08-24 03:59:03] [ERROR] [auth_service] Transaction payload payload_hash=mf5JV0POlT6KuQtQKuGQ2MWIpLQgiZs5hMpbd46gHVmpauKTXdKs3kLnpR4N5Y5cKWdoTVMOS9CoGGa4C3WzJA== processed in 86ms
[2026-08-24 03:27:34] [DEBUG] [auth_service] Transaction payload payload_hash=LeFk3ykkhDBLpHX/TYEwX9TW880PilPlRz25orgdmANK7GK1XnG93csDSfTPvyH1ExUXR0j6WqiCtJygNpZMBQ== processed in 277ms
[2026-08-24 08:31:58] [ERROR] [payment_gateway] Transaction payload payload_hash=pLfDSCEyLD15FB5N1FvyYzUqyvYJRBB3mjc9NyFBQdXB+HLUFBGkcsBRnw13Fccc1dqz51WzjZxyE51g3Wg8Hw== processed in 381ms
[2026-08-24 08:10:21] [ERROR] [api_router] Transaction payload payload_hash=3pfxHG+szKORdU9V9E7Ls/kMj0LsMo3LiOpg5vyREUQ907SQUV0XYDS1+GbyHXt+CuYAmTvh7eI4jKrfq7Az8g== processed in 435ms
[2026-08-24 03:26:54] [WARN] [payment_gateway] Transaction payload payload_hash=P8t/D9dtqxnYU0Yof+qL9tpdEB5BayoORWwTPNuCpJCqTSeL398ylHACnc3A2qUsXZ3aKatK7az0+2BuJHxzbQ== processed in 129ms
[2026-08-24 04:43:55] [ERROR] [api_router] Transaction payload payload_hash=bTgqPH1h2aKP+ZwANJde/I+T7tQNPrfz8wbfel3Du5SIFouJYLqeQ2elfBNBSwE8Z44dP9k8MU6t0WuP+tE2eA== processed in 424ms
[2026-08-24 09:01:24] [DEBUG] [auth_service] Transaction payload payload_hash=y4P6REKWtRpfocoSzNrFyEvk3NGdxHmkA7CQ4zmFc3AHlIi3crjg6KFD9kCzR0pnIcWxt2k+mbsbbn/PE5f9Ig== processed in 392ms
[2026-08-24 09:01:28] [DEBUG] [auth_service] Transaction payload payload_hash=s1ii8RQQ2wg3ixnhqYkHG5ktvFvPK6j4sL5O9E2sh3yhOKFaspUzvDa+IeDyv5tlM0a4mJvixi8GzSUK8vC//Q== processed in 170ms
[2026-08-24 02:58:48] [INFO] [api_router] Transaction payload payload_hash=tUapxWGSN2FYh6w7zZhC5M7ps1/uHBWNK3zEbH5IfcZNmLT5hdMNIN3R3PgUtMPRJzXBFQw6c6wxrDPAOE7npA== processed in 434ms
[2026-08-24 06:14:14] [DEBUG] [auth_service] Transaction payload payload_hash=wNHnfGUyQZksNT33WiKPQ77Xno46ZC5zq8/MpMHb24GbCOaLq73L9FFfOikLgjtD/1bj4EhF/CIPNJLRFpiZqQ== processed in 21ms
[2026-08-24 09:13:11] [DEBUG] [payment_gateway] Transaction payload payload_hash=UeRG9V5OU0aLjbXHU7UIa04y/ENfnJFlNOOSgZlMlYp0h5MtQwCcXXfMeym7WSCVDvscUZok0w+b4Ygom0+T1g== processed in 49ms
[2026-08-24 03:38:39] [WARN] [db_pool] Transaction payload payload_hash=VgybEgjts3moDe8s0SaHG5x20zF4ZfrU51bWcLkmG6TKfCcZGRD6VBbMXb5nP2i/60dCRINDkI2wacL/jnmLJw== processed in 267ms
[2026-08-24 08:18:32] [INFO] [payment_gateway] Transaction payload payload_hash=Epm8j4C/iVi6Qlqx+Y8rFEtnc2WcMMdZszyuMxhHYF4FDfKpM/CMgvXr1zWs+xyb1DhPWwootCw/CKTEJoWC/Q== processed in 396ms
[2026-08-24 05:10:08] [ERROR] [payment_gateway] Transaction payload payload_hash=OZT71is/fBj+dgI1ExivSRVyUpUYsgK4TreB2DyeasTUf/HKtk9PdndlyB095A28DnUk8ZuQeXsjyNTVKdbxKg== processed in 0ms
[2026-08-24 05:18:27] [ERROR] [payment_gateway] Transaction payload payload_hash=1FGeiW2dgKQgfGI1wyPKZ5g/IlPrDnBeWjjyqSBsiLg9zQPhAbwWBuwZIbC7VB/xjH40zfnv6G6GWS2jOf+QvA== processed in 39ms
[2026-08-24 08:31:39] [WARN] [cache_layer] Transaction payload payload_hash=f/AQW1fz4wYYBWckQf2hT7/Rg+rDL3o+X3xSAqfh7YVPYMiwV/ybil+vknpGUhoo5IbguNBufWVqYKZjqeFrTQ== processed in 313ms
[2026-08-24 06:00:31] [ERROR] [api_router] Transaction payload payload_hash=Rr5A5xGw0GP5gO78r6TrEGAzM2ElK8T+BJAusUFGmJZgpRx+zhckMaa8JPbM0Qg5jm33whrRyaOi5q4xBJce9Q== processed in 331ms
[2026-08-24 05:14:52] [WARN] [db_pool] Transaction payload payload_hash=P6GsIecilTlLT1l9txnH8eEbtmsU+YhUGEduBbkeasp2U/Umo/A7hDLhgcnyR2GCNqigYdLN4ahDqeEhuEETmg== processed in 437ms
[2026-08-24 08:12:37] [DEBUG] [cache_layer] Transaction payload payload_hash=Ku/qtmAJQBDZQGGATCIY3doVMG5TAtBJ531z8/6tbmub8jgRlKjnOD+Oh7d4boFJSeFiLmtGuy013YbTMR/SHw== processed in 187ms
[2026-08-24 02:55:36] [INFO] [auth_service] Transaction payload payload_hash=APVJ2dR8sa+hCCme5j228hPYF1wRuZW3yJpXG1H7x14j7pgO+lXU5lwOfaMEY7kj9L3BDQhBptfQiOLXcCJsqw== processed in 58ms
[2026-08-24 10:00:36] [ERROR] [api_router] Transaction payload payload_hash=Yz8fLPMDzRBELrLgsUKtfFfEIZHUXbfSRcpPYvfxcLQz5UmMglQPvGAXMzuKgTtUgCeWj0aJRAQ9ScZtzr7blw== processed in 366ms
[2026-08-24 11:01:49] [WARN] [cache_layer] Transaction payload payload_hash=Lisoxj2Ky1n7pXMQc0y6uRA8xXjkAgKMjjCQznSqilvjvEtr7FVBeaW7IjcjdXXxpV8rKmI2VftpsbM96+Z14Q== processed in 261ms
[2026-08-24 09:00:40] [ERROR] [auth_service] Transaction payload payload_hash=Xmm7P+dj8BSJ4aehDfxAfDcoLvrGP7jA+vcUgEwfZpgdnG4DObSU0chg/T7ZSiGZ3Gw/jgEl8eVbXL7DxYUQuw== processed in 382ms
[2026-08-24 02:24:58] [INFO] [db_pool] Transaction payload payload_hash=AZ8wUgeiHAVVB4JtouVs1VbP8Ptp6ByUdV7O3MVMk94P4SR1Qib81bvdJKHOmWx+2XvHotyBD0Wb7SHrQMWUVQ== processed in 308ms
[2026-08-24 04:16:47] [DEBUG] [api_router] Transaction payload payload_hash=E2zCrWvhJ5EC0cj0PQAvi9gK33FSX7nvgtU5t5PRFhiZxRJ0FFGMOCo8VDWFtxVk7OyYuhorDon1sn731qAxAg== processed in 176ms
[2026-08-24 08:09:55] [INFO] [cache_layer] Transaction payload payload_hash=jO2I65w4X4y2/5oFAn9HH4HA3pkDeIRgHrqFHKnRxjjGMCYP7R1zxyAmQR1sNsxmqKlrni/6A3m+tdXRcVf86A== processed in 426ms
[2026-08-24 09:54:21] [ERROR] [api_router] Transaction payload payload_hash=8PEIi5PWyUgQVpHtDH4O7s7y0mR6djFmHRf5WkMXhPkeRX2gOXt9s1Bk4C+fNy0ll4NFe9WAq9zmwx7x/L/ELg== processed in 309ms
[2026-08-24 04:02:22] [ERROR] [api_router] Transaction payload payload_hash=qnzcBuu2wAc9lsPNnp1u8zO2Eys5TSy9xJtSBQ3Q4dG2KxoatGEHs4ENjObAXrc4krFItbWgfLvrZG0rQ6EPzA== processed in 422ms
[2026-08-24 05:18:06] [DEBUG] [db_pool] Transaction payload payload_hash=XQ71crn3VC4fQn6lnE1fSd7vBCM4HGh5NxR5n1ISDtxBS0r8pbukoRtLK9/bMYjMYzsXVMXrlKu+Za5ZjrPhbg== processed in 345ms
[2026-08-24 10:41:38] [DEBUG] [api_router] Transaction payload payload_hash=OBSciLf6kshQf46rgrHo70sfzRGChekcWFYNT1dGdwC1BSkpHjHupESnknvY4fLlwUZPIwvx1442aAd5rLfbsA== processed in 161ms
[2026-08-24 10:35:28] [WARN] [payment_gateway] Transaction payload payload_hash=IUNucuSWHsSo3d5qhYe5XMF7D/DUl2VGMdxsKdZD1L76eZ96OpXbUSAvwYFD/5fuXojnfBSyN/P5MI7IbXed1Q== processed in 80ms
[2026-08-24 04:41:19] [INFO] [cache_layer] Transaction payload payload_hash=YhpnJQIWCQk3+k+m7wBUtHRx8COfOoNDHizxsTOKR2KtJVOUxjEYH8N0e43H+vyh9/25BXhD4UNi6jjxymTVGg== processed in 323ms
[2026-08-24 07:19:15] [WARN] [db_pool] Transaction payload payload_hash=lp5gKyDHhj1pYo+HwoedKINPzCX7L6nq4n21oM1Vyw0+bl7jUCl71lFTnGvHTEknIax2jxZWyEXu/rpL+u5UWg== processed in 185ms
[2026-08-24 05:51:19] [INFO] [api_router] Transaction payload payload_hash=YH4zZJ68RB9hx/G5wiTJN8f0xL39gzW8g+mcjtwsT5VbiF6EyJb/de1pr47EmEJ7ajf6qOFaGAksQ/LHz5YQFw== processed in 159ms
[2026-08-24 10:34:08] [ERROR] [payment_gateway] Transaction payload payload_hash=iQVNYMKGmnPYWhOW59nFE5uUMqeQem87Xur3RtP5k7yc5e1lY61mVYjHhQgJbg5n06FymXZg62vVc9hTY87MHw== processed in 128ms
[2026-08-24 06:17:01] [WARN] [payment_gateway] Transaction payload payload_hash=OrAHQbYyB7Bcc7+DPpbeIugq8XK8qE0eni8Rs9nTMDEtqyDHSYYs1nLYBkMXmZAdxWTDYc9IpGJZ1KzECnOPeg== processed in 331ms
[2026-08-24 10:32:55] [DEBUG] [db_pool] Transaction payload payload_hash=hh0Wi5D7ZNSx/DNROtPN84OaOTAk1f7yXRVH4hRmOoT1/ZtvKTwjn79EPT0m4LRwYvz6JdDzyBhcXZjrcq+dJQ== processed in 444ms
[2026-08-24 03:39:02] [ERROR] [db_pool] Transaction payload payload_hash=+Rl1NbXH56Xk4mR9xzYfttfXgJaZebZVmJgyVj5PyNWZSD7WCNDQMGmt5DlSny3MS1APeaj1zQgsrfSZ1BpVnQ== processed in 116ms
[2026-08-24 11:05:09] [DEBUG] [db_pool] Transaction payload payload_hash=Tn1qLMB9UAKSvb0Kh7TaRoq0XqsZ5getB5enyWWio9KpMufO+p4aoXnF1qpLSzUzcfNgTUoBXXVI2Wb2av1HXQ== processed in 314ms
[2026-08-24 04:55:24] [INFO] [auth_service] Transaction payload payload_hash=bw33h5uNEyA7Ap47paGVvmprxEFigilitfnjuz0HEv0/0MkL3L1sOakPjyDSGbb2Y0KHjBSRPyPFwLMbAtryGQ== processed in 116ms
[2026-08-24 03:47:32] [DEBUG] [db_pool] Transaction payload payload_hash=FnFRCvngp5PifW8G1IiqsPvwx/stCmDGk653ouMM6j8arRjHKwmoL8nSBofg4vYcErEoBFMMJ1BQFoAO+9KBZg== processed in 63ms
[2026-08-24 06:31:26] [INFO] [auth_service] Transaction payload payload_hash=VXNtPm6HuJEbAE+jEDyVPrn5YMydaUn4Djzs+9MHWt+apquR1QA1nWqJpFZ2sd61OM6UAKyfMSEdNjnQBubcmg== processed in 108ms
[2026-08-24 05:34:48] [DEBUG] [auth_service] Transaction payload payload_hash=tu35MZqFj0V4q2JXAyq3WcQ8I127PsC/oVTFc9qSYw/ApbuHPT685qg8lXT+/sj5l6bOJ502+JupK3nxXcMYuQ== processed in 384ms
[2026-08-24 09:38:59] [INFO] [payment_gateway] Transaction payload payload_hash=l6+/1hxvpvv40CDUn/UbRNHQ8zTik+IRiJSDiAtKJUOEpD2s0uyNWXBKMHscp8sCw0B5atcznRzP1ccY3lrUkg== processed in 8ms
[2026-08-24 09:03:09] [WARN] [api_router] Transaction payload payload_hash=8lNnWZU5IauyJV/iL5JiaoT3Var7ba10TugktGYWxm41yowecrgg9i+f0paty7GwgA6fsygVOnl4CKQnNqOtig== processed in 260ms
[2026-08-24 03:42:48] [INFO] [db_pool] Transaction payload payload_hash=zNTv2mznH1WMf9HC08i9ywkTRr6UNnpg64D5wP8idvA1zOvaL/6VtXe7G1Sv7i/xjMj0uarSxrl4aUVdi6BdJQ== processed in 362ms
[2026-08-24 06:53:52] [DEBUG] [api_router] Transaction payload payload_hash=NDomBxhwOAPWuttZ0MCXbPqE+imlKYtFKZBJF4aQnbv8Xe7AcqQlPTM3AO3+v4bx6W5qOc+dFhOuXCCvgy7hoA== processed in 15ms
[2026-08-24 08:30:58] [INFO] [db_pool] Transaction payload payload_hash=0rv4rIevC+tWjpIrQE8OJjtRxtmlYoti+fDAZumLyX4m9wrflFNkYOdNWLiKCMEcHP1rlaHgbAF5Yii2QpLzeg== processed in 69ms
[2026-08-24 02:49:41] [INFO] [db_pool] Transaction payload payload_hash=eZ08a7lHy4dpmUn+DQ5KF+YIv1FyOmZOeJ8OvwTrAEQ8SjlxXSblKJ/4nuGZdArjawfL7cSKBxEp1eJ26Iz6KQ== processed in 260ms
[2026-08-24 06:54:10] [WARN] [cache_layer] Transaction payload payload_hash=pa4dRHjVHN6QDhG+HdEkM/KjaWWA55W9pBjNPKKx+rGVPN0e+Ybo3cYpWldR7NU/iNwG6tvEXX+Ghrsn94vOrw== processed in 139ms
[2026-08-24 06:30:47] [ERROR] [cache_layer] Transaction payload payload_hash=ifkSfw7Gnh/OfMHjupGtjnXZWXthluokxTRgvHTnA53waVHsIpihC89ACf8aGlM3eoRkwNaIBoEEtFMgh0KzBg== processed in 119ms
[2026-08-24 10:14:09] [WARN] [cache_layer] Transaction payload payload_hash=mIMgg2eB1AzZmfgaZyGhgOc4xcxwl5K/Nh2XtaaoINe5JkV0z1uoS3dlfymS+hFM9DrsRvfJCX6f/9iJFARbuA== processed in 250ms
[2026-08-24 10:17:21] [WARN] [db_pool] Transaction payload payload_hash=6FHFHldc4bJ5k8YjAj+J9JrMZyAaAlnhJ4fECPdeD6NwZ8+kb7yxl9L6MULlh37rc1jgqLy5cTMkmvLLKCFUqg== processed in 198ms
[2026-08-24 09:30:14] [DEBUG] [payment_gateway] Transaction payload payload_hash=fRvR9TurM7uwInRJqHk58p/Vkk8VOoPArrEf67Kvxzw6OusJZPbYG2qLYGCwmSaizMEPgk9FoHmnzL1zKcaeVw== processed in 347ms
[2026-08-24 03:53:15] [WARN] [payment_gateway] Transaction payload payload_hash=RxpzIj6hYiw6kGU2hCO7+xhNaWzwIJPIOM8k8shHdI3/OJeJBKDs/HpaHuwrsVBUnf75B0BJQsQiT9zoC5BeFQ== processed in 428ms
[2026-08-24 08:03:05] [INFO] [api_router] Transaction payload payload_hash=x4wnJ4W7vnDsPzepOgPX8+/DzW/PYZLg4ZvK6AKpDTwiwnmu49img71oWTC3lcBbugefUoie/lV3TOpoU6CYtg== processed in 122ms
[2026-08-24 03:01:42] [INFO] [payment_gateway] Transaction payload payload_hash=jgwIccB3Q5gc6ED/v7EcQF2KHFLNNVJyobOiNq+98JQB522qNiIIV9yNqJ5ySt+CU8/I9lBJ8sI+MnigWo6EKA== processed in 38ms
[2026-08-24 10:46:53] [WARN] [payment_gateway] Transaction payload payload_hash=06Bb+uOZlsNg4GlP/lzKEwwNmsA+MBLjqnXWeKa09QAJh5n5i7i65sE+zz5fpIlGSMzZI5HoPf0aeLvGDX71dQ== processed in 396ms
[2026-08-24 08:43:08] [WARN] [payment_gateway] Transaction payload payload_hash=nNo41Gj/d2Q3aGrRZw+Pa0P8jav9P41UkXlKnhIX7yvTCu232lgyyewJukVWVPEG+o2IX72GHzxSvpGwqkQuCg== processed in 374ms
[2026-08-24 05:27:15] [DEBUG] [api_router] Transaction payload payload_hash=Toy5boqWpH2MoadXEPaw08GEUYludNepbulEY2aG2OcEixgsKCl56cQBC7Q49fqmwVrhdaS5VGHRJvlp6Rf6mA== processed in 343ms
[2026-08-24 04:02:33] [INFO] [api_router] Transaction payload payload_hash=ec2WtDV7zUyYTC9xQamloW+T4U/bX9xhxVNmsD7ZOpRsFT1/Ofvlbjqw5obAeB49nrf97ObPqM+oCLPRKNM/DA== processed in 103ms
[2026-08-24 05:41:19] [DEBUG] [auth_service] Transaction payload payload_hash=WTYlB/Ny54msNt+xN96B09vq2QS37+zvEsXc0gl8tvLssicSpcvdyJ2jo28y1V/Nyzv80QyMGNSj9yrf75uF8Q== processed in 377ms
[2026-08-24 07:01:34] [WARN] [auth_service] Transaction payload payload_hash=OZ9xsdL5jbEAYDcJz1NshkWtTJtCrWtOg5CKT01oGnfQ6qXR0bMxlPJ+mdXW9nw5P1DYpdGKXYyDJvAs3aUIFQ== processed in 323ms
[2026-08-24 04:02:24] [DEBUG] [db_pool] Transaction payload payload_hash=zQJPSEzta9Lt/OHBmilTr+thxf25NrGc+qv/Ytwd3U9mDeFSvSaESbymRQxAOuJ3YEy8gGrh6mHFr6YFTGjkOg== processed in 259ms
[2026-08-24 10:32:47] [ERROR] [payment_gateway] Transaction payload payload_hash=9eyvqWX/g4yZvCbJUcO4CIzPW2PC7DwzEYNSqSx6dwRQYiYSNwovKtGDpGZvLIEbw+z9fzkKOIIF6ZfpP2kqjw== processed in 448ms
[2026-08-24 04:15:48] [WARN] [payment_gateway] Transaction payload payload_hash=TI6iLgmW8YESZWKpcmK5aeHMQNW2Fu+f3Y6fBddTVa3m5+gkWcSlRs4pIahe4MRjjsm2wHg/y1lwG19qztsb1A== processed in 73ms
[2026-08-24 04:39:56] [WARN] [db_pool] Transaction payload payload_hash=FGY2o0gOCvRTGTFP9K7aT+DkMX9n+e3RUSjlXOE1HPj2YrPQ4A8QCaQ45/P0kAMzz4hJ1OjaHu75TwucmTX0wg== processed in 480ms
[2026-08-24 06:55:10] [WARN] [payment_gateway] Transaction payload payload_hash=64RAwT/ehlN9kXARdHxOvlQYtDtuZo7hMu2idFBQxVzg5Ncl5bWiCPXYS2bHuc4e+XDw5FoZFXI8W3RKMRLLbg== processed in 444ms
[2026-08-24 04:36:55] [INFO] [api_router] Transaction payload payload_hash=0Bdq9miFOYhBqdeta0dLJRiyrSzur3tdbP4Yf4d7ttAE1uvlD18C+rJbbobmLBikC33TJShHdrsizV4eLoRTZg== processed in 23ms
[2026-08-24 09:46:18] [DEBUG] [db_pool] Transaction payload payload_hash=Auu/A4q3EbVmt5O1gmOPz+VzwYo7lPG0l0ytPbJVM8DK1AhsDKUoz5MHsYG/PdyaGCvSEwSrg+BV7/gVBVulnA== processed in 112ms
[2026-08-24 11:23:11] [ERROR] [payment_gateway] Transaction payload payload_hash=BwSNBRYJ9XdFRyvWnMWhhHQWeQygqqE871GRVLGNeIjVLa7XGERJS/BT6zzGre4HYdhz1b7/R6gzV3zzRNv/TQ== processed in 37ms
[2026-08-24 05:21:10] [WARN] [db_pool] Transaction payload payload_hash=EFlfT4hQnBSHgNkOJDbFS6zRUfAFUtOYQqq4Q/yoQTVMIlUKKItWukxhPXHuVHewMVNyGzD6KdtsxtYHPwSJEw== processed in 243ms
[2026-08-24 07:44:10] [WARN] [auth_service] Transaction payload payload_hash=l+qLpcOQlSc8t0eBcueyGmiCY4dDFqL/9N54AIo3l3z+ftHNRA6BbXXytdTOTL+8BH3Ib63ABJ9YS9PFlJPopQ== processed in 446ms
[2026-08-24 04:48:27] [INFO] [auth_service] Transaction payload payload_hash=cTN19nkAfxqNLQIReTlTZisZtGo7i0Us+O4JwUGqQuz9uk4mAQvWuLGvVbcF4rE3MQqjUZtVVCDYzXPKFJO0Wg== processed in 254ms
[2026-08-24 04:46:32] [DEBUG] [cache_layer] Transaction payload payload_hash=tfL5kxK5aOnC3cIciSKpInFV0c5HUXAuwXb4U+L1uh1dv0gn/mRFdLJheFD9tXE2Gw6OkmUmdqsc4bZ7U345uw== processed in 467ms
[2026-08-24 05:03:34] [DEBUG] [payment_gateway] Transaction payload payload_hash=pv6OnqGNKclGtRxf4AUgMdxK+ISQRw91JCmhfnqyZCn+JQwdN/sGRJkXgwrzQyTX8WOFCFXX9zumDcn6BAipHQ== processed in 33ms
[2026-08-24 05:11:18] [DEBUG] [db_pool] Transaction payload payload_hash=GooyUlnFuxZqCpIlChXr8PT2mrT+CwKxUbZPPeh93EMcB8JfyPQwpoGkPRUWxEb8D3MxllTknizksndqxMRcTg== processed in 384ms
[2026-08-24 04:20:20] [WARN] [payment_gateway] Transaction payload payload_hash=/eWcisDiS4rwTvr96hJaE4Ld2JgxWdKBSXLyuKuWHGbCVRBscw6xM48JqxHUAomnlyqDkNswjdPk+Ks5ImBxDA== processed in 248ms
[2026-08-24 09:33:47] [ERROR] [auth_service] Transaction payload payload_hash=JfOZ/8IXx3eVOj5gQNZiQChoovc7OQYWvWPWvpJR89BNTZy5kdJD8UREAtcYHmKPQcuhNcQD2mTTgTHJSBvJCw== processed in 277ms
[2026-08-24 08:04:50] [WARN] [db_pool] Transaction payload payload_hash=wY6d37svTdV9o1XGlXWmrpFirKrz/NIEjYNwLoYWL0kSWUI+CSW8VlVFkvdRV+kf5dlnshkbwIK0wTS3VsC6kQ== processed in 334ms
[2026-08-24 04:10:36] [WARN] [payment_gateway] Transaction payload payload_hash=1MRdMHva0yXk49mP/ayMTe4Xma/smFstvvBbOzMcyXnU/JaTGH5TTL3GfSnXqs4VVvwqMYzIxK5PpPfFZtScYg== processed in 37ms
[2026-08-24 06:18:46] [ERROR] [cache_layer] Transaction payload payload_hash=2BnxJWFBsDiC51e6vtljvlFxo1OdPvHB/fCqUkWG9cViVaXfEgNMs+TWmziWMsF8xyKXc6DUsNDakSryw9HuTQ== processed in 26ms
[2026-08-24 08:21:39] [ERROR] [auth_service] Transaction payload payload_hash=GWplOtLqYU8P6dVKWGk0EGP7Thfk8idtrN2Fx4yqcnTkL6PU3uKXXd6GsJ+phYd46PBX77J+SJcsh39n4OSU/w== processed in 373ms
[2026-08-24 09:07:05] [DEBUG] [db_pool] Transaction payload payload_hash=MzxRTPLgjkyoGBMqFILIckVGOpYrF4jPAG6wxBtFXDMfW65PefBiF5zQfpfP4cXXNiPjQVmsysapTy01rp0ArA== processed in 236ms
[2026-08-24 11:04:22] [DEBUG] [auth_service] Transaction payload payload_hash=Vy59HFUduHFxU1a/aHOFM0anOijahlKrmA3OVPoKFOY2Iur6i+8bpIgHiF87KjGuy7svovaXlyxML8A76Va9Tw== processed in 37ms
[2026-08-24 08:28:26] [INFO] [api_router] Transaction payload payload_hash=wp9UOZJsvx7w6dS1hBCKgnPkEWbn6ERm9nBLt/Trfa3Yo6kIsSavqPWfg67CV1lonHJ/yAh/pxZBV/wHNVGRnA== processed in 81ms
[2026-08-24 07:34:05] [DEBUG] [payment_gateway] Transaction payload payload_hash=gJ1nJu7SwWMeMCoQT37lTp9BygvoUrUwLdRt/oGfNCOg60bxjjlt8tFskwm/Bz3YnY1U9ORgqghoujyqLeO4PQ== processed in 235ms
[2026-08-24 07:16:54] [WARN] [api_router] Transaction payload payload_hash=eS03q22gcpQ6QFASjlKslWB1YElIcZn9/p9QyQIT+nT9u4jB4qubfZZ+zhX7C64SSZ4eudYk7AL1dvpBW6xvRw== processed in 292ms
[2026-08-24 08:18:13] [WARN] [api_router] Transaction payload payload_hash=wAkATqqhdG5D+N9FjlAQ1XesGt2rAd0HLN5oSNOdaizd5xSLiGye4rFPpuzjsSdQ2g4CbvoVSOycBA5IodiWzQ== processed in 11ms
[2026-08-24 03:33:27] [ERROR] [db_pool] Transaction payload payload_hash=fcLqH5h10uFVudVtV6F5+odnJpLjhvf/Rndjx4h4EpJfW1d5Qd8+NRkNRiaVimbvM9izEPQLeAU6SsjQhA32YQ== processed in 30ms
[2026-08-24 03:55:23] [DEBUG] [cache_layer] Transaction payload payload_hash=fs2vPz5Z7bbz1KDORsiuFWJteK9mowlkCgfYLsoA3Hh+YypZKMWbaRzBJf6tf9lLXr1awDGVrUD0OZ7El6f+bA== processed in 24ms
[2026-08-24 07:22:19] [ERROR] [api_router] Transaction payload payload_hash=rWpkW1V6Cr4M1BadoBCtWt9VB056m+MRQyN5EJ07EkG+U0AL3zlJx88E/t7QAcpBfmSKC1+zNUXN3aLdnuRqpQ== processed in 87ms
[2026-08-24 03:45:18] [INFO] [api_router] Transaction payload payload_hash=mXq9cT75VaaPb+xlTC082kc4BS/jDZ34Nvi8OMjMLKhsMs1TfLMTxWJBw4zhncm3K+nA2n7KAQzBtO+C9qHfXg== processed in 261ms
[2026-08-24 04:19:46] [WARN] [payment_gateway] Transaction payload payload_hash=BS2EYmvBymWwPRfIQhg4m8qUIpfXxbStGKYgpq1QjoMfgqun5Na0RSlf4niXf0XeKXPvKeJX1LcSb6AmLY+OnQ== processed in 123ms
[2026-08-24 09:34:14] [INFO] [auth_service] Transaction payload payload_hash=jh7B+og5POejZuDq0fyIcfK6Tur7b82sTYl8XuUdy392zhug4FlUCX81E+IDBRbeOCIdCrdbEUAYZZsNJTwoVQ== processed in 280ms
[2026-08-24 09:05:17] [ERROR] [db_pool] Transaction payload payload_hash=Ne5ejICvLyRDOsHjVLYXjHWjW3yhqY1iWe9BXDmq/WvMtwUH56QZmjs2dQ3pNnDB/didMuYzhWqaXuNf66Mm0Q== processed in 283ms
[2026-08-24 04:28:39] [ERROR] [api_router] Transaction payload payload_hash=bmUrUjtlIo2KEuyaEm4jDX8RozUng2ACczF0V8Vv4lwwHUdRTM08pOUe6TBYPI5RpL9RrSlrc5rGIiMsxcFjvg== processed in 339ms
[2026-08-24 09:33:17] [DEBUG] [api_router] Transaction payload payload_hash=QvHxyTCDUyuvbW/L2GxCoetRHF45psIs6dkUIzp7wgXBAF4xVZbSZysme4RnL3dmnT9PX3YeSehvCsyoT4yA7w== processed in 14ms
[2026-08-24 07:41:07] [WARN] [db_pool] Transaction payload payload_hash=/V8BiVye29Txp/yyUEsmwxwUyz4/2IEswRtIU6z5zvsCLFsOf8c21ja8oFkVNim08x1fg9ujzwdGRmYGgs4agw== processed in 307ms
[2026-08-24 10:01:25] [ERROR] [cache_layer] Transaction payload payload_hash=i8plQ0jBeq2RD/vn8n8KSBw2nwZ5Wz//rC8LY1vhCCtSyGMT9wHOmfSrjcrcIwZmeb4z6X2vWF1ecAUdel8EbA== processed in 378ms
[2026-08-24 03:53:52] [ERROR] [api_router] Transaction payload payload_hash=maFjszQiX40NFh7KTMB49qfwQCctfrNY72rgHj/+P0+2HHqn/w91QfL/BUzA6RSm3cTGQJbaZ+J9bM1XR6DWSg== processed in 344ms
[2026-08-24 03:05:11] [INFO] [api_router] Transaction payload payload_hash=MqSFrLom/S4Kg4diGBXYp1uOUxOB0aqjygwjKXcVkw6cVR8ZzD8OP8nPvl92v7kMve9hiVYjE/aEptEbyCMQKw== processed in 190ms
[2026-08-24 04:05:35] [INFO] [cache_layer] Transaction payload payload_hash=lLAX7CmBUPM+77kgsdps8ngzYXmxer4ramY8tGSZz99C1jHxqXXuWLFJdVz1959Pf2Vhsv+TsPNOKl4rD2n3Fg== processed in 282ms
[2026-08-24 08:51:55] [ERROR] [api_router] Transaction payload payload_hash=HmUz2ofF3/lran6XpJNWDUxM3FQw++mrYj6eKa4CunPOOCozhSGjokP1mo9scp741S2dneQPa5LieCTQVceiqA== processed in 155ms
[2026-08-24 11:16:57] [ERROR] [auth_service] Transaction payload payload_hash=NVPzup0hafBh4UpqO46lu1TeXYNUdADSxxkm4PLiXKkAtvt70xv4MuD0ye7PRdfQYaqoAH/cCiq43mjVr57QNw== processed in 123ms
[2026-08-24 04:35:10] [INFO] [db_pool] Transaction payload payload_hash=310IKy0k4IiLc9H2cvK8zBvcRDjfyeMcqhx2FI0ySTbEW/dlr3tfImaCFfjjS2X0oxqJHvXTnI/zSTWbHJb3kg== processed in 57ms
[2026-08-24 03:56:31] [DEBUG] [payment_gateway] Transaction payload payload_hash=W4xZyZj6vyRX2c5itf5YCuvlM/0puhBTrhy/3WzRbMIJE1T1GZzTVEOE1bSOZBNUheFylhmoLGo8776dkF/BGA== processed in 278ms
[2026-08-24 07:57:30] [INFO] [auth_service] Transaction payload payload_hash=04D6FbY89aDTqhIlbzySGJVDQnJ2dSkIfvEsxxKvMl1IEx89+jsTWKL+uQWwo8m7Brgd5P+0mp2/JUfOHyurfg== processed in 178ms
[2026-08-24 07:40:35] [ERROR] [api_router] Transaction payload payload_hash=Yd15djQYoS0kep7envsNQ9B+S/DmQIrGTLmc5paOsc1K6EL62/M9CKk7EqjgfLr/MdvkOPYBI+o3UV97HTxG0Q== processed in 389ms
[2026-08-24 06:56:55] [DEBUG] [api_router] Transaction payload payload_hash=TZmmAfvqMW1bCPQ0Rf8yKycnHYgmy1NDngWhLxiCu64dhS7NL0MaEXnBaOOPL9HWNs9DPeBPItkrw4OXvUpmdA== processed in 369ms
[2026-08-24 02:46:30] [DEBUG] [payment_gateway] Transaction payload payload_hash=1Dt5LlqjW6hO+u2vnNGguugPucwxD3SO16nDj+GqxJiZlCbY5dhfasF4okQZ/FsY1u/B5ktQWW5RFeuWy6SPYg== processed in 26ms
[2026-08-24 10:07:20] [INFO] [cache_layer] Transaction payload payload_hash=d8LViNU/+LimmU2DqpL263oiW7uC4lKye5q7BvfokYoqqNxUj8CnbJZp7qaU8teqhm+JgIHyn1sXwkOFZzjQdw== processed in 416ms
[2026-08-24 06:57:29] [DEBUG] [auth_service] Transaction payload payload_hash=L6oH9NS5rPnL76woLjexoK0OM9Lct2Sdph0fobaNqOzj9oQkAgaJcXCBeRH+RK1tLN2qiuMWRW7PULUpWemI3w== processed in 199ms
[2026-08-24 03:48:15] [ERROR] [cache_layer] Transaction payload payload_hash=SfGaP/InPvI4T+aapbna54fMtGC7my7n73H2zHY5GAu3jQPnzWc5FZ4RE3YvOgzWFIhVeJBYqy8S+kF+VHFv2w== processed in 31ms
[2026-08-24 08:16:13] [DEBUG] [auth_service] Transaction payload payload_hash=4ebRO+fLrKlLLQz6XMeBGRuSsdM48fMDSgu5aVc6/MIMiKeeAVJiZ16/rgmDlgmDZSLpNI1mvUjZt20InfkOoQ== processed in 176ms
[2026-08-24 03:36:49] [ERROR] [cache_layer] Transaction payload payload_hash=OcaouVmAWorzvmYaHpkpGA/v2X7U5hMNlWD3FTXxD8nBu/1Y4tbVl2vAH+WrMiRlnpF/cMI70NhJM9uiEDIxSw== processed in 60ms
[2026-08-24 10:22:40] [DEBUG] [payment_gateway] Transaction payload payload_hash=n7GJonCzjUs9b4+Nj11+z0UWnE1wV4/Nof4bdhKjCCXwElpoPl+bFsVSDaD+AOsaaMf4kF7SuVxJLxJNmRM7JQ== processed in 459ms
[2026-08-24 06:43:17] [ERROR] [auth_service] Transaction payload payload_hash=GuYMaOq/yjsWsH7jJ2/eaaAKoeb7UN22iwntOo6REtiMUt2mdCXlaH8bJou5ZFJIlQ2t6qUnOBjfit+dcGyg7A== processed in 58ms
[2026-08-24 09:34:18] [WARN] [api_router] Transaction payload payload_hash=oWXT6r6UksljSRMDpNv7eCkbLGMI6/PQIoAV+0EmJ2WLVAm2wtLVBY0ThUaVQ+a8ooHGHoqsEA48rE29PM0tcQ== processed in 214ms
[2026-08-24 03:01:17] [INFO] [payment_gateway] Transaction payload payload_hash=yZHTSclj+TjEn2fVa4+Zx9f5v/qB2duZ49iHjNEk38adZAWvG9Qep/63R/S1UAmA/Ki+OrYUY6wsCbTjsI4CGg== processed in 48ms
[2026-08-24 04:04:53] [WARN] [auth_service] Transaction payload payload_hash=O8hNp+DZ5jXaFl1OZUiOlu/Hfxodkvg1yJlH40ZkVKWxWjolfN4wQ0tAnjTcr/5Q1sJ08GFpiI7c8H+72gvatw== processed in 194ms
[2026-08-24 02:46:47] [INFO] [db_pool] Transaction payload payload_hash=yLPkH8v159k2T1d/TqdYe5B8ezxJ6UCNbYH48c9X8bA06wwkbmfmV89pZ5gGu+1k3ox328Vn4UdkBhrtfSL4jw== processed in 70ms
[2026-08-24 10:39:07] [ERROR] [api_router] Transaction payload payload_hash=dXBo1TKIQy4bw4uiZEB41MHfDx9Z/PJJGsd6QZTI7tFaA2QtlAyNiqH6BWf4yDjn7ZN0J9FYtsnQ19zc1JWv+g== processed in 35ms
[2026-08-24 09:49:58] [INFO] [auth_service] Transaction payload payload_hash=+l7zl+rP4aosEJK9sJJkCb7yXRQ+w3W0AQoj7ujF7vLVMpnNrn2wYEtNj3mNP2GM4FJ8XIvcje1p8WA+Fx0CRQ== processed in 362ms
[2026-08-24 06:48:47] [INFO] [cache_layer] Transaction payload payload_hash=pdIXmWITPtH9RzbXFWpnLS+lQX20v0sLif5ajkK326jztGuhLQJTxyX7bA3prJOs+KVMD3/9zchfoPvWAo8Y5g== processed in 317ms
[2026-08-24 09:47:22] [DEBUG] [auth_service] Transaction payload payload_hash=q2m/dIOtGb4niJN5RDvTYG8owWcwdfPtAnfv5OkE2Yvqasitx0fIJOtJOOjdWsJbFlApkOIGrcLjcg5z8Wrz0g== processed in 284ms
[2026-08-24 08:44:55] [ERROR] [payment_gateway] Transaction payload payload_hash=MSQE+nrB4XkG7CTV2lwR3t7pg8Mzi1ppBGm3VZfKYo3gkrTHZqT6Vk5WFsbAt7dRNeOu4OO2sZpp71YZa9Rsgw== processed in 160ms
[2026-08-24 02:21:57] [ERROR] [payment_gateway] Transaction payload payload_hash=QccJwQptBdBW8m0/Csj8HDDUzZa/yAaBPkD+pH6WaNgIwGq9gTOaKDuww2xT532KRo/18YAxvb60UolXaJ4giw== processed in 404ms
[2026-08-24 02:52:26] [INFO] [auth_service] Transaction payload payload_hash=oNuZKAUqVy7Hzz/ZuERKC94n2tmx7UqSjG4GxiLXFI2MgUSFplMRDAG3nVrF6AyY5R6MP5WvcrQQLxzIAD9Rzg== processed in 65ms
[2026-08-24 07:33:37] [INFO] [auth_service] Transaction payload payload_hash=mvnI9W4i66M7XyDrKz1T+VB0V6d2/e/H4eiH+JGbb3tG6GGbdi7yiVcXyVwavmflyL/no8xk1mjFnbt4dJ++Ng== processed in 499ms
[2026-08-24 08:19:17] [ERROR] [db_pool] Transaction payload payload_hash=l203tmDJ+lhLQALOLX5gRq9qA5jo51SSE7wt30LyPHpRiCtEmTM94YePogrMpm6LbfOe2JAzFvsD2SNQEHObcw== processed in 285ms
[2026-08-24 07:12:57] [INFO] [api_router] Transaction payload payload_hash=8qS9fikxbq3DltqbbpON+7eMHiWBNiluQnYoOUbxqbZcd/GEhvNrbfO/VoivvR9/j22iKKiHd9y1GymDP7jUzg== processed in 45ms
[2026-08-24 06:47:53] [WARN] [payment_gateway] Transaction payload payload_hash=blrARVUJEtEixbXrvki15YlvzQ0LzgYWAejLwkO+b64scJ0J2O4qDW4Lgw/0tUSAiarVHLhmMY2xRc24ZDiTfQ== processed in 456ms
[2026-08-24 07:18:05] [DEBUG] [api_router] Transaction payload payload_hash=tcNIJISzAIKQuwBTIcM1XCWN5d6CaqsjjZEA2RJcjfryW9HVtzoGgkiXosfN36QZIn3sfoWqE25S6Bbd9sGp6A== processed in 266ms
[2026-08-24 02:57:32] [ERROR] [cache_layer] Transaction payload payload_hash=gNuVyO6hAg6dP6MnUBSzHlDzk/a+J4hg22UCBWoOtD1JzVvD3p/9xSfNRJvlgxkPg4RFiTDLgar2CW1WrgUl4g== processed in 477ms
[2026-08-24 02:56:04] [WARN] [payment_gateway] Transaction payload payload_hash=RyYUfNnJKRnB3Zgt7btbTXAEhD5AAE2UQgr7JVr1q8yoHkB2vVI1HKhzfASbX7rHRviwdFa2YWtX7D0k2tYakw== processed in 239ms
[2026-08-24 03:53:10] [INFO] [cache_layer] Transaction payload payload_hash=Wq62hD1DCDmb8Tx6wOMmOOEElRtRngM2Tf+evJGbFuQZjiw3Lb+2JvUUmXx/kLNJ5FY+8hBjZxA8KP4niH1hPQ== processed in 481ms
[2026-08-24 09:51:12] [DEBUG] [api_router] Transaction payload payload_hash=vRNtY44ZOlK2rlF3LTuLnLWLUoONpFVLnPH5dFDDpc8g6LeMoRMGZq9a8jIC0LugNjxuMrhwCPFrrozxL0gK6A== processed in 81ms
[2026-08-24 03:42:17] [INFO] [db_pool] Transaction payload payload_hash=0sLrU8F4rALme1FlVRd9QIG+xS68T60OQIR2zb0yzrV0ga2quos17sLqAN8gFfVXtNkHj42DssgXMhHmF7LpOw== processed in 234ms
[2026-08-24 03:47:15] [INFO] [api_router] Transaction payload payload_hash=4+ZchR5+SA8mPGVyHdXW8Cm4LrW37SwNhDrsd+DNQvvWTQRczairTZ8mfxIogHD73sDM9EBhodQ572kOGrz4Mg== processed in 426ms
[2026-08-24 07:02:15] [INFO] [auth_service] Transaction payload payload_hash=Zmzo7x1eCdwFttSxfvM9tn9WCJ0vO84vKNYBZrqDtcJn2q7S7fMO+92/v1e+7cvfMrJZUnKD5/pP/vRfTDJiAA== processed in 194ms
[2026-08-24 05:42:06] [DEBUG] [api_router] Transaction payload payload_hash=yJj4YTrsNAox114aGn86zjlHVckTMHm2j6URSXX+Ki+NoI1oK9We/NiLgNYrmWhUZLcEGXIYbPprT0rwTUfR6g== processed in 103ms
[2026-08-24 02:45:13] [WARN] [auth_service] Transaction payload payload_hash=yHpmruj3IqjnmaNAc7ZNIuGR55zL0lSi22K4J3TMeTZF0xNcboVpMsEaWJjrUx6U53ybTXNsKK54gStHDROr4Q== processed in 81ms
[2026-08-24 04:35:34] [DEBUG] [api_router] Transaction payload payload_hash=tyedVZ24IbZ/JzcayUIgTfgdPM63WLd9HVhWqjXFENYafr1tRigdfNxOPg5cQJ+tf10U/dz+yVdAYyQMSG3K/w== processed in 413ms
[2026-08-24 03:57:01] [WARN] [auth_service] Transaction payload payload_hash=vicyCmQcUW4BAuKIK6xF6CiiRs5fBF50uMPp28AucHxXNks62EiY2zlIMWCbAdwGMJbGsUV2899lBrXdOaPu7g== processed in 293ms
[2026-08-24 09:30:40] [ERROR] [db_pool] Transaction payload payload_hash=ltXGXAG9YgY8utkoTHXZfUCjwFkW5F6XjVHnTg59RlzRjVnPxB73087O6pOW7wSY3pyuUqQWbHr6IzADeycWDw== processed in 161ms
[2026-08-24 04:24:47] [INFO] [cache_layer] Transaction payload payload_hash=qRo5ceHGF7ub0y2g9xtvUegfchbc4pLA6pTKRwPrW5ltejPG1rXcM5/+UD8zkkB27g3yFvIiUT/Dq5eEgPrwGQ== processed in 241ms
[2026-08-24 03:40:50] [ERROR] [auth_service] Transaction payload payload_hash=qdvHoCf67DwTWQ1PFS6bF5DDrPEa5JVBXgCT/RKwihOug9KMLCSDFN1T+mS1qdCPqEVbPRcMwVKNxnRvhGICEA== processed in 175ms
[2026-08-24 08:54:54] [ERROR] [auth_service] Transaction payload payload_hash=4H/foUQdQsEKm/mxbCAXQUoNh4MPmpZut1gaDhsGw92DW+2OQkHrhTPR50WY9/G+hHKFPE/mrBpQ/nw/IhvFqQ== processed in 48ms
[2026-08-24 02:57:09] [DEBUG] [cache_layer] Transaction payload payload_hash=ccXdbOSkj2BmQSXDCsL+HiO9ehzJxSbmRRohRsYQpCUeGHcQAlGI2cDlEvNIXjIMebBICCj8Mn9akMzlh4mAvQ== processed in 179ms
[2026-08-24 02:22:50] [WARN] [db_pool] Transaction payload payload_hash=2gRZEA5l6TBxe0xk+Xroetv2yZy3qmcyaJWgQhv4h8LSHa1/5gMmP5b5hrmLWXsBpFCHT/Vl5fBt13qsVQPqPA== processed in 468ms
[2026-08-24 03:28:59] [INFO] [api_router] Transaction payload payload_hash=EdjwgMVo8P9ohND2kmFYgX+mixAMePHh+CWUcb3RJ/GohxDIbGmoJn/TWuPxrfl0Zwbeu7s8y0Rcp/e1A5bIjQ== processed in 204ms
[2026-08-24 09:03:00] [INFO] [cache_layer] Transaction payload payload_hash=YOr7lc6VBr0iNZJvQ86V4L6jJLVFj2jook1G/exnwiJ/LoJxlZo+rC0up2HzAxrg8oKYgVtgiKD0DEMj1JTw8w== processed in 8ms
[2026-08-24 10:14:26] [DEBUG] [db_pool] Transaction payload payload_hash=DjByRcRdyuENLSk7+1vXdy0HC8anzSERa8WiJwPWKG/h1De+W/YtUyuW7Dn4AhYfr5FHd3vx+OouEc0uKeRY6A== processed in 128ms
[2026-08-24 03:14:15] [INFO] [payment_gateway] Transaction payload payload_hash=jrnVFtNab+egoTEj46UiLzWz96EJEM+USpSlsO5cK1lKDju0G+n1TfwGXTXH6tnDVRm+mSs7wkTh+suGognjhw== processed in 206ms
[2026-08-24 05:57:59] [INFO] [cache_layer] Transaction payload payload_hash=X35YdM8i65cRfYOoXBqXtcK83GK3dlhXxmKJZNZgsIvYNa8oVRRYLGcQIRtxKIc+m6CuEMp+Gd0hakvjlwcJ7w== processed in 47ms
[2026-08-24 07:36:20] [INFO] [api_router] Transaction payload payload_hash=0E2B9Ap165gPnTNXLJC5OENnpnNTtKqrH+4IPVz9GtgIfb1hFeblv9LSdGmJ/iVmdIf0yubt/nCe5jTE3ZJ74A== processed in 226ms
[2026-08-24 11:22:01] [WARN] [cache_layer] Transaction payload payload_hash=tmjtQgu9j+CkS3VSRt7GjpHAtq2LkATitGCq7PsAgeBADS396o7egX28XAYnl+9Qae1c/QwiyQhK+oSUrb9zyg== processed in 212ms
[2026-08-24 05:20:19] [ERROR] [cache_layer] Transaction payload payload_hash=m5C/JsNs3DIAI+rmEMPy2/2TcnwHQErU7N/o9DDUtGAwd2S5X/lSqMfREl0d+w+F9gVWWiiSj/u8wb4MdaBlCw== processed in 219ms
[2026-08-24 03:28:51] [INFO] [db_pool] Transaction payload payload_hash=5edZR9d+68XB6EWr9+aWSZkBvY3Z2xZinoJo10TXO8Jnr5VrLIXCrrgPsNqDewDLqm2O0b2HcGrd88Gp9HB+qg== processed in 385ms
[2026-08-24 11:03:21] [INFO] [cache_layer] Transaction payload payload_hash=DTJ9qg/uGc41wEh8GVE3d5cQKEi7QBxZ7b3vqZZyDLW08Xum9bd8PB8xviKZl6S1iHhuC6QpLXaCruMjJx/+WQ== processed in 35ms
[2026-08-24 08:04:04] [WARN] [api_router] Transaction payload payload_hash=GR1VdWaD/SdaUaoHi4UFt3dP+017gVntrvYGRl5y+RdUeJNsA6QyS0UWAB7M8aCuu5zm24XyCNjh16DbuPZqxA== processed in 205ms
[2026-08-24 04:49:47] [INFO] [payment_gateway] Transaction payload payload_hash=VuJGbnxS5I28FxtulVOxq5S8XFHuftHqCBB7zdBl5HBH27Qcon+h19JvuFnFdET5g04NKuxGuJEcr8FjobrWBw== processed in 234ms
[2026-08-24 09:56:19] [DEBUG] [payment_gateway] Transaction payload payload_hash=uJijRMYhiXib2u0ibYXLjwTLRrOmn+/uqNx5dTf0eCUwB3LSKV8NYko5c0UCgozogicKhQ3m0pjB5FoLVrxcPw== processed in 254ms
[2026-08-24 05:54:57] [INFO] [cache_layer] Transaction payload payload_hash=G5DaFnrQYsazrmXfbA1xuLWsogNTJKUPE3whBRzIIs+zecOcP7ikAybSig6r23BkoooQNIjCUcQRIAL8rbceWw== processed in 291ms
[2026-08-24 02:33:45] [ERROR] [payment_gateway] Transaction payload payload_hash=xKoQqvfMrh8UyIuVzipOFQZ9vzqPGEtx5NSwmTQ2jBMOk0bRCRH9hsCequIyl5JF9/lTXW1RLq0x29j74QSdmw== processed in 143ms
[2026-08-24 06:44:18] [INFO] [auth_service] Transaction payload payload_hash=ce/8EGcTDUOXVY9r+SvNllHt1OOPl1TYsE0CUEGE+bgGzs7iQohROj3zWAkZIeFnYyu2lnHvjdfRpOJtPvnvYg== processed in 311ms
[2026-08-24 09:52:37] [DEBUG] [cache_layer] Transaction payload payload_hash=DLG/6XVwvwWN0/rhy7INo91Vt28hlEhkL1/XYlXhkS4kOV4CiJXrZJ36FnXHAkBpqObXJ216mJziyAmdg1xCMw== processed in 0ms
[2026-08-24 02:57:57] [ERROR] [db_pool] Transaction payload payload_hash=xGqPscd2cSLxHz1J8KqwXnANQD8OrMQft3jfiqAtNUDXVJzFpqSVOrSf+ysGNVXFJ74r0x+MES+US7CdGVWY/w== processed in 244ms
[2026-08-24 11:03:33] [ERROR] [cache_layer] Transaction payload payload_hash=eUytIBy3KyTqYJQJyto8V/MRhozj624OqYL0oHQp/7KPpwPSpKrcj86RFiAtsERpbkbv2PueR+YFz342YcGGcA== processed in 68ms
[2026-08-24 03:52:02] [INFO] [auth_service] Transaction payload payload_hash=RENAfYgB+AGPhMV2fYA8oWdO3TqBwOe4X178njr+Uny+2/coDlnNtoUR7oTF0LHPIcJDc1C6g4PL6GK6Hl7mzg== processed in 425ms
[2026-08-24 08:25:09] [DEBUG] [auth_service] Transaction payload payload_hash=A8A6lhJIbAsmfoxe2seIX59LocRYJNnMgwr32QcvxkA2ow4HbZQ8oef085RKUZMKzekEC5ZR9eOj9tCVZWTeyw== processed in 427ms
[2026-08-24 04:49:34] [ERROR] [payment_gateway] Transaction payload payload_hash=fTT0QcenPevd5DCGIWz9BZB0nbsWac9zvEJGuHPMrxaUKVEg3vdRl+SKhT5UWRWY8EtfE004rnqOq1b0/FCLLg== processed in 257ms
[2026-08-24 11:14:17] [ERROR] [api_router] Transaction payload payload_hash=2EIt4ToSCb5LyJPpLIO7FTZXXKEuHm26zhlrJqChxpHDROo5hdrDA/OBGkVRVBDaRHsZNzwomk6mueN6YCOucg== processed in 119ms
[2026-08-24 09:37:41] [INFO] [auth_service] Transaction payload payload_hash=7+V6em5ryZs1MnV8rvNjEHdo7kuvIelUzb1jEy2oSZVoTuviShl4zx8Fq4nBwoCxwEYncgbeFdQ7EgeUVnHJag== processed in 82ms
[2026-08-24 03:20:31] [WARN] [payment_gateway] Transaction payload payload_hash=q1EkzbW+mFExbhMJSjYWei4ywuuLVEw9gFQC+KVWVIrtjW0QxxFnY0AS8bmR70iPtsvEANxDYS61b4mGzC1b8Q== processed in 79ms
[2026-08-24 10:11:42] [INFO] [api_router] Transaction payload payload_hash=e+AXcTneWW28YxJ0PYh0bp8gJeJVRbxipEN7WCYJ4J1W7pV0nXJluoseP16syUoWDziWtnP8EH/C3YU6Zuansg== processed in 340ms
[2026-08-24 03:18:30] [WARN] [api_router] Transaction payload payload_hash=BqpdCcyzghN5jNFXBnVakuF7Dwq6xHBxwYvyfrh9eyKqjdy6VEmqdV4YsKWjAK7UMCBGeXSBDqKcefgoU3scvg== processed in 14ms
[2026-08-24 06:31:48] [ERROR] [payment_gateway] Transaction payload payload_hash=UpxWB0H2KywXPEa4zotKgwne1aK8SbbL9TVYo4I4peCtrfcUfrwt3Cdw791BEX/oU/KgZhsztoApP+hXts1NLw== processed in 207ms
[2026-08-24 08:17:29] [ERROR] [auth_service] Transaction payload payload_hash=CaWoWW+vvuw9YDFyUdCXgpqJITAMvy8UWgrwg+loPb1BXPA4MhP0oTvHAqi18RTQ+c/Yz9Pgj2VSjdRdiZPQaw== processed in 282ms
[2026-08-24 06:21:27] [DEBUG] [db_pool] Transaction payload payload_hash=dyHud10saeJCUF7oYJSYtJr5iE4rHLMEPPmuMk4jOndJvLMLpiScAH7bTN/luWSOBm2J0I0HMUQrDrXYbgsE6Q== processed in 432ms
[2026-08-24 10:53:16] [WARN] [api_router] Transaction payload payload_hash=OaTHLsLmJ/z44lZ00Ftcark/WKtU8vf4FJIaFQYQxn8/S2wt0f41HvXZzjkB5OWRvwLqvK+0grj4xzuq+Y+w3Q== processed in 152ms
[2026-08-24 04:49:09] [WARN] [payment_gateway] Transaction payload payload_hash=IWEf8DbCAfIDxZSkthT2nVHPnB2XDYSbCrbe+bf5nSrI7EURceHPrLkk6U6P1chSG+BxDer12u6wzKL4T2b7bQ== processed in 407ms
[2026-08-24 02:22:09] [WARN] [auth_service] Transaction payload payload_hash=tUgXGtpLOB8suhQkwJBH0NtWPL9NtGDgc2DrdBLgpTB3Fn8p/vMpts2BFIu4k5F7fwtk0EWgcSfOAcE2bAROUA== processed in 426ms
[2026-08-24 07:13:30] [INFO] [payment_gateway] Transaction payload payload_hash=tgFlWPMQENUoDmXwETr7y2Mqg/blAnm+ogyk4pb8KWq5wva5OBA3fwVvsYaIW4guMgC87WK7ZgTQS+3ef5JpNA== processed in 467ms
[2026-08-24 06:54:32] [WARN] [auth_service] Transaction payload payload_hash=9Cxep8BgskOGftM9m8gXcikAR2O69nQ30o2LnhuKzFr50UMfoVpxdzBufw2Bz/yz9HppTZ2BqKUW0E+5Q7gk7g== processed in 412ms
[2026-08-24 10:02:48] [DEBUG] [auth_service] Transaction payload payload_hash=DVRktFNjkniJmaqPY7WZcKY/t05yvBPFwwUUZhcGDslzvawaOQBvkkOA4DatWk+TWPb4aUpUvUrLTYMH0Qudqg== processed in 36ms
[2026-08-24 06:30:24] [ERROR] [api_router] Transaction payload payload_hash=/CQkckkclnDeWzhegUssjssSFdUCAZ9ljvOvpHrsEdj6Hv+LbK54aRf3LwJ8PtsdHJUvP9AuIrUQBdw7D1AqfQ== processed in 465ms
[2026-08-24 05:12:40] [DEBUG] [db_pool] Transaction payload payload_hash=YyaYhSRJUq4tDn41iXHnjREJN8WGVsgSWZOLLDObd87ry1waCm/tJQRrariphOKsY+g+Fqf1nY5/dHbnqJvNrQ== processed in 343ms
[2026-08-24 09:19:41] [DEBUG] [db_pool] Transaction payload payload_hash=T9O9IGHDZ+y6xwAebuKV4EoBhYKDY1ONQujjpCIwrldJ/MlbgefnnJwjadFwpUx5TbN4nH5iE9vf+wZhchHLFw== processed in 463ms
[2026-08-24 07:01:39] [DEBUG] [auth_service] Transaction payload payload_hash=Vb5DjAh++DKcu0V7P6yOECpcYFnYmhfOoWABy3p3FkAyi9LYDTiZY8YsCndEh9MIScfJrotHFUCpP/JFdi1cXQ== processed in 53ms
[2026-08-24 09:00:41] [WARN] [api_router] Transaction payload payload_hash=/wa46DyiFxLtN1yLB2w2aPpM0dqT897l3y2m/DA8asPoYJMNPwoyTmWf3wFDpKR55vn2ChVjcYP/qc4d4piV+A== processed in 411ms
[2026-08-24 02:19:00] [ERROR] [payment_gateway] Transaction payload payload_hash=xEWESH/Xo9xLqXyQQs2vGdrKC/IU1jn10ugTzVRSKS9gXiA6/V2sEF/Bv6N3zTwt3q127WeqVXhg7zPM0BDdpQ== processed in 209ms
[2026-08-24 06:12:25] [WARN] [db_pool] Transaction payload payload_hash=p5hAZbAu6la4+/pQphpVLIV+f1S1O4p2LYrNWStOYL4nAIiX0AEniAAwW1tGtCOrmnjq6+sw5DFVSSnipBxjZQ== processed in 242ms
[2026-08-24 06:51:15] [INFO] [db_pool] Transaction payload payload_hash=e+Y+UV4ByEKZSS2VfxTtgr/a82VIax1vvcfxC1nXn9gghfFkF7/9JhBVnGoV+JoSdd3qm8UG/ZWERx5aV/86UA== processed in 17ms
[2026-08-24 04:08:10] [INFO] [api_router] Transaction payload payload_hash=KNekKua0VuK0XRlKxlleU4CNTxOc9bdKpjNH/jSZQRrznhLJFbkF5JRK8KXj6OUDP7YmvpQewbnf0aj6WNHTyw== processed in 10ms
[2026-08-24 02:32:14] [INFO] [auth_service] Transaction payload payload_hash=k/N9IUjzPsLI00VCjSsVH1gm3gdo/4NWIAYShVF8ABxj3nGmCC9VuQhHE6IOmm46AdHbSMZ31K2jRYKABmr6zQ== processed in 479ms
[2026-08-24 05:47:05] [ERROR] [db_pool] Transaction payload payload_hash=UNTROLMX2MgkJim3mOYbFx/iI2CBaLonJL5wLbB0fJwkueQB84hVASC06GzqbnfIksqvygi8Y/30c4GKDNFhcg== processed in 368ms
[2026-08-24 03:51:32] [DEBUG] [cache_layer] Transaction payload payload_hash=pHXDd95QJVtEc3H4PLGilEl48kE2Kna/LC/dbjaFixdNUIHICjH45i8NS2LxAPtXPckJGg1Abq+GWVntN6eCGg== processed in 320ms
[2026-08-24 10:12:52] [INFO] [cache_layer] Transaction payload payload_hash=Z6GzBi+YFvKXLYBTLsMwETQryFiLdluvh6R1rmUvkvY5LYpY3pKAvND8hUAnJ5SwhjN03ulZorXb037bJTY22g== processed in 479ms
[2026-08-24 09:17:06] [INFO] [api_router] Transaction payload payload_hash=CfTm8oVWkStVZCkj77YgSXegVO+9VQVL+bQmzveICg45Ml9/11BaRtJA7CElJ/Byl0xx458SydsQ8nP4Yh6U3w== processed in 374ms
[2026-08-24 02:53:04] [INFO] [cache_layer] Transaction payload payload_hash=pwPLWxoYcyaOoMu35ytr8AoZGq9jdXHYI16iWcG++N7Ivvm76yAMmwB1LXseOefxVtUBAEqmTF+BmBheQw7u6A== processed in 480ms
[2026-08-24 10:59:00] [ERROR] [auth_service] Transaction payload payload_hash=iQlkXlRI9WVqe6jJQsvIWUgNBqxqb5V0G0z9amcfyberfz10eeZ5O0kp1sTbxEp2JrujVo7cPW8FfDnrlVNT/A== processed in 17ms
[2026-08-24 08:12:38] [WARN] [payment_gateway] Transaction payload payload_hash=eu9x3mtegtLlaXgf8PnqKWR+qOn/MEQcQOqa0Ehif9vOUGObiKw/6b9RIDvEYh/3k3cIrF+HD7xenLFwdhpcsA== processed in 413ms
[2026-08-24 09:18:10] [DEBUG] [cache_layer] Transaction payload payload_hash=a0rk4D20hEtsMxlrTMab/W5j9myF2EBwy9m231Zptng38ZIZO/zV96cBVngFbnfWe/iTU7U0Bc9HDoOicmKIyw== processed in 412ms
[2026-08-24 02:52:44] [INFO] [cache_layer] Transaction payload payload_hash=w9izJ7JxEP+RufLb0GB1QJDPxn7VBKitkYiiuq1kt0YC8BqJlYNmFkfoqQ2MZlXThFgpcHvvGgWeqJ9socTSRw== processed in 356ms
[2026-08-24 07:48:25] [DEBUG] [auth_service] Transaction payload payload_hash=XLsFeEXjZ0Agvo0miy09bTf/uPeFW6jxlDfdqMTUHQ6OUxdBHVm9fn3rziXe5t8/op85JUdGCMibgyFlAHx4cA== processed in 137ms
[2026-08-24 06:43:16] [INFO] [api_router] Transaction payload payload_hash=xB5x0cxq8gfK/KFm+51+tfMnMaJ38y6GEUbeofsqSEkWy311jxzhbPAa0pfddhGEzKiW4QQ0AubmfIC5CCMpKA== processed in 236ms
[2026-08-24 06:15:11] [ERROR] [api_router] Transaction payload payload_hash=cT1S355J4ssfCCTMo+mQit95tTdKLlnJgHf4taIrIkO8VVS31AisLBj1MTaKZ0e8/iE2/+Wx6ystPzhoN006wA== processed in 409ms
[2026-08-24 06:07:16] [INFO] [payment_gateway] Transaction payload payload_hash=wE/2LZyuL6PMBpPgWyCGMCAk77T8uP8ujSulOA6XLFq+zs0FIQF1AyBhNHy6s34wWGvmXnfckepSb7GMUWvKuQ== processed in 273ms
[2026-08-24 08:16:01] [WARN] [auth_service] Transaction payload payload_hash=r9QJmCfwVHcSoWrxVTaTUaUZl8+/HZf4UXt/mgoFH/hcRs7fL84zXFJL6pbI73YbNkcLjQEbV80t/Lf1a7k3ZQ== processed in 93ms
[2026-08-24 09:04:08] [WARN] [auth_service] Transaction payload payload_hash=RTCs05i17aTUL/ItA9u9ELPTpNF6BF1rOyYscLB4ZtJeoAm5JKO93T51o5lRAFcGlT2i0s7TfQ3oGYTDwWxECg== processed in 99ms
[2026-08-24 05:39:11] [ERROR] [cache_layer] Transaction payload payload_hash=pBBYE1ot2Yksu3EPaxIu3/wDLcX6qnC6qK/y6kiaTwMb1+sY/JwII1TIRinBrE5y1H/+rE5GSi5xVVB5mF//LQ== processed in 113ms
[2026-08-24 04:53:19] [ERROR] [cache_layer] Transaction payload payload_hash=yf1swlC85UyJR+jokLPew9rGGg0yN6ewRnFOgHDY2ghfz3XgzMfPfWpTmcbF4d/xMke2HxJDdGk2WcJDqUCjTQ== processed in 228ms
[2026-08-24 04:17:38] [DEBUG] [db_pool] Transaction payload payload_hash=OyZ2a4YddKC0lWPO8S7d0WVEuWVUme3YywH3TDqYdH00tkwhO+mb2+6WdfzMRVDWZH/Y2CICfO33/HEe4fDEag== processed in 318ms
[2026-08-24 07:49:30] [DEBUG] [cache_layer] Transaction payload payload_hash=dWeaGHM2BsPGa1wQEi+lm5KqTSwySKJHUyO+DzedfczpVtAOB/akKOZ97mKhuWIeicOEJghoIatYAFvyU2ILNw== processed in 222ms
[2026-08-24 02:31:08] [DEBUG] [payment_gateway] Transaction payload payload_hash=IBvmFR5VF1PwCtKaVpsI+tsLeGziV6xLrifbJbJjjrxk46YsBisoYndW9x9VVwyoTLT7iMW5LBzZdCj6qYCGNw== processed in 82ms
[2026-08-24 07:25:27] [INFO] [db_pool] Transaction payload payload_hash=KgXNOcvLcZ0tOYDRMOMhb3QwGNPBNR4NL8ycB4gYl3IE4jHHUZVVN5gzyG/MZ5yu+rRIkeZxr/M4FbtuCXN+UQ== processed in 223ms
[2026-08-24 07:11:14] [DEBUG] [cache_layer] Transaction payload payload_hash=8FBvbxrRJgQhz5JFhnfUQXcGqYScoAPgbYzotVrs4SKs0LcE/qmojs+pejTsEmVTR4YIab/jVAqSO8dGz7OkQA== processed in 473ms
[2026-08-24 10:01:15] [INFO] [auth_service] Transaction payload payload_hash=HEQQYU1pgdaSKKbfUbNNWHAlPm0UiBkj51P5DVoYLFOZsA0tB6J+X0CYlmYyL/hI6duDxDzz6KaS0B3FJK5r9w== processed in 51ms
[2026-08-24 10:18:45] [WARN] [payment_gateway] Transaction payload payload_hash=D0x5fKQSKrRP9VTI3MQ9e6SjcvdbQix1RVsEUIY76cHqusRZznwdnyn5Z510bB5kNoPNgyeWgQPxOjdYoidt0A== processed in 27ms
[2026-08-24 09:04:47] [DEBUG] [payment_gateway] Transaction payload payload_hash=roN0/jmPrnxnaIPnSPhrRXOVJAlNK42aO35voeeOa9cibydh0cEl1LLcS+ikrmaEHFYym+L2azyeSr9G35FQjA== processed in 43ms
[2026-08-24 09:12:06] [DEBUG] [auth_service] Transaction payload payload_hash=Xan9hR/qBUclIvpzApsmH5A+IrewlGrzzhQTF1NLjnzYtxsdZhEOh/WO35SXN4A5Os0pNtyEegcuBx5vVBNO5Q== processed in 385ms
[2026-08-24 03:06:59] [INFO] [db_pool] Transaction payload payload_hash=t8HeNZJr3/FnSsHwkVEqaOec4I2NtWR23UQch3H2jA2peJdYxv0NkVebd3RDxBhY5TksEkJ1wLNqqbmS/JyZbg== processed in 212ms
[2026-08-24 10:55:39] [ERROR] [auth_service] Transaction payload payload_hash=eMSTJ+fHiaN3vRvpN4W1dKQnQ5y4NQf+I00flLbnn1sghhfyBVp+2fpqx2ogsNPf0zxzkA9irAVtIc9OLZcqNQ== processed in 137ms
[2026-08-24 08:45:18] [INFO] [payment_gateway] Transaction payload payload_hash=stnTFi6MEjoiPGNbbAkVkQW9GlOBl/ZdKMDb0y20ub3KeXfX/h/22ONpLZf21gZYq8qk8SiAUo+73iDQJWOW7w== processed in 374ms
[2026-08-24 08:08:44] [WARN] [api_router] Transaction payload payload_hash=0svjOuqFwoFMb9zt/74a0bQbPIqXTHfu7ktp7H7ejQ3t17hjkiC4oZ/Jow/gi4M1d8D/xee0RiRazX7pRZqySA== processed in 438ms
[2026-08-24 04:06:23] [INFO] [db_pool] Transaction payload payload_hash=AnMYdYQxv/KR0/BEjceycDekq4Xk3aPkhIndpGIE5jKnRSSMP4Aqzx7vJ3SyCQDRlL0T2HAgjYS3wB1ZKL4Mug== processed in 334ms
[2026-08-24 03:50:44] [DEBUG] [payment_gateway] Transaction payload payload_hash=MReXDTF9CxVwIVGlJt0g52VJ+RbxvSvFJ8CkpFbJr/KDb9kqp8CwLQTBXkr4VqLdkv+7Z6+BjA0iu1tYBPQMkw== processed in 360ms
[2026-08-24 07:13:30] [INFO] [payment_gateway] Transaction payload payload_hash=Q1qjh2higoZPnxgepwsER7ZDhgZFxYdwkb6bK8u/GhMAwGQ4Uo9QVxLYCpAKNVtS1zta5nwojq6/Do6Y8tCjdw== processed in 199ms
[2026-08-24 08:08:42] [ERROR] [db_pool] Transaction payload payload_hash=vOswAWHPC5dXq5lDpzalx/gHzTlGiLSSHxp3rnGrFgbPQjmeYm0lGgL5f0iEGq5DKOEMc8eoItUNrWiQOF73Gg== processed in 232ms
[2026-08-24 07:28:13] [INFO] [cache_layer] Transaction payload payload_hash=hLBRM0IGnciZUnyLISvkIxKlT4c4bJOhAm7gW85AEBdiiasxuN//CnKcgF/XN2XxnkC1LMUa7omeqW/M/GHycQ== processed in 421ms
[2026-08-24 07:06:55] [WARN] [payment_gateway] Transaction payload payload_hash=n+VoHrmIPr7AxGUFvICvdNvCDdG1iKJqj+kbUe0+I9cqeojUthb6AKxZGUAlsxqRH3yYOGuz2uv2NpJKqhnR3A== processed in 11ms
[2026-08-24 07:48:04] [WARN] [auth_service] Transaction payload payload_hash=Pqb4YQzUl6aUDUzf2nwDIdI//ZEgTdwstyW6T1vYxMmONFeMuiCzv1joAm7mDVygBFF9kVGjsht9m2s180BmkQ== processed in 381ms
[2026-08-24 02:25:42] [DEBUG] [db_pool] Transaction payload payload_hash=KixKfldfhYU1yNGRi82Q4S2BMBiM0mRI+qdjmc2x4Bpg4k/F4jko4BcBOYJ5mtSseeTdoMpuPNdiye6P1vHY/g== processed in 492ms
[2026-08-24 02:47:20] [INFO] [cache_layer] Transaction payload payload_hash=62kYPnP8k1U0xlvgiLbE2wE1qYcNm+buYaHuo33t/zpxr51j39/ZZL6t2+P4YJBzQiA3jsdSFXApejBlg6fNuQ== processed in 334ms
[2026-08-24 05:51:58] [DEBUG] [api_router] Transaction payload payload_hash=YUzUhd7B4uXmtA6+zVEiHE/LtZuzAc3yySfQ6xboKk5FOU4YYjvSMyiX4rlNQdVfVBhZUEDfK+GS1GcDIWu90Q== processed in 387ms
[2026-08-24 04:33:42] [DEBUG] [auth_service] Transaction payload payload_hash=Kc0mkzZkgai71xN1K78Di61KgrWHz04+i0YQug+ARCQLJCrdUkMiVA96PA5XRQn6Z1G+lF8/KS5plaXGGrW3GQ== processed in 208ms
[2026-08-24 09:19:53] [ERROR] [auth_service] Transaction payload payload_hash=B+nzYT8ygn1OFTfWPXqGhFR3nLIUK5Skjbq9duLlg5zGSKYUZd/7NaSwX2VgOcbMQEgBlD9vQIPcPZuNF5Zegw== processed in 164ms
[2026-08-24 03:02:56] [DEBUG] [api_router] Transaction payload payload_hash=bnMHNotK3pLF0L9GGDbm7OpLAnUj1dKEpPzKOgRo/AKrNCTrVkpaI4pPr/02LYUKdv54Z7b43tGFpp0xhCZyTw== processed in 411ms
[2026-08-24 05:27:52] [WARN] [auth_service] Transaction payload payload_hash=WChMRGxPsyEUg9k+044H6zgkR7c4lKCGIszQmKgSeYrY3doMiDHCX/tEHWnoxQs8DWnwEFnyfBTuwjal730KiA== processed in 343ms
[2026-08-24 03:44:01] [INFO] [auth_service] Transaction payload payload_hash=R3dqL4EjcRAf9l0W5lSNN/IzHEZygnrhpxltPsI8eMY9CmRVvvzAJtIBDw/hTEQWm1GU7E82hKlUcrlA7vhHqw== processed in 41ms
[2026-08-24 05:07:38] [ERROR] [api_router] Transaction payload payload_hash=wSMgUljlUV+GD+uyNsFKgwgUxrGzw2jEez/ZuVH5ZNQacn+tYT10gITijPk+3ZqDhd91EwKvaRTQ1La1c45Wig== processed in 445ms
[2026-08-24 10:27:29] [DEBUG] [payment_gateway] Transaction payload payload_hash=gaI9bU4izPd3pRgrqhYo4gypRlgPYzPZNJaxw660T45aElCXM1Q8QoqZ0FItnZJ+mySfMSw0iUn0KadRYbetHQ== processed in 227ms
[2026-08-24 07:51:55] [WARN] [db_pool] Transaction payload payload_hash=4B43MwXOPBnK63qZIpImGlQtPtaA3p2MPLK1nssSV1591G9esUHa/Eaei5Ph5K4GxqenQzU7vNsD6sDKnMp4GQ== processed in 307ms
[2026-08-24 10:48:00] [INFO] [cache_layer] Transaction payload payload_hash=XfDMSfOVfnB8t1m3H/CGecm5CStovBNG4pf3+Fzo/Dlxq2DHNcUmR3pWjNnjGngm+JuaW99JrPUKlSNke6Qx6w== processed in 418ms
[2026-08-24 05:24:43] [ERROR] [payment_gateway] Transaction payload payload_hash=HXR6jlMyCbJ5avwWdNDl7tDFZ0NksrndBEW85VA1DO4cxpfbu5aDKRuLotr3CYFGq6Cl0rIvheIJPiN7PHRnLQ== processed in 406ms
[2026-08-24 09:23:34] [DEBUG] [db_pool] Transaction payload payload_hash=ZWJYYhatdJTd/YfYrigPRURVXhui2LGvpmX3MmWvTGV/kgo5J2MyenSSX2aDNwcWRXL7iDPDklY2pj67RvmktQ== processed in 107ms
[2026-08-24 10:32:28] [INFO] [auth_service] Transaction payload payload_hash=PxoL2ojsFDCpkk514TXV2HOBe/5d1hbPegvIuvsqmNIQdhz6PNCsJWIskSXsJOafnQWUEpCzPO1fnQbuqyxYAA== processed in 194ms
[2026-08-24 09:15:28] [WARN] [api_router] Transaction payload payload_hash=dvEmUTBl+LVXUJTtHB8QszenbQ6gLPCi2cEumG7jDPj1vBMsdPCEbwrdZxwsN7DGinXi9nlW7yfelhQX1zN7tQ== processed in 297ms
[2026-08-24 03:24:58] [INFO] [auth_service] Transaction payload payload_hash=/Ess3BAg+dsLNuFZIDDOCC2KlK4L85yxHPJx9OIcO9m9qKKHar+n6SIio9vDA4R88AHRDco/e9jCkFrcA91RWw== processed in 36ms
[2026-08-24 11:16:58] [WARN] [db_pool] Transaction payload payload_hash=chxrECtIL+h1Z4vzkySVdqNZiko8GteQhtfEbVhBFswrmlR/D8dox0GY/B4te+/gKMlywxzxI+l5EKJhySC8VQ== processed in 120ms
[2026-08-24 08:08:45] [ERROR] [db_pool] Transaction payload payload_hash=WHoll5ntQ5n8pk50neMmQEjR8i7bpK+JFgbp4AinJobIcVBgRYpwsUJw0OBlRlleZIMzcAWm37xQzz+pdfYocw== processed in 255ms
[2026-08-24 06:28:11] [INFO] [db_pool] Transaction payload payload_hash=0JawWs7dbD76ry8NeHbBjTzWqHoELi1xUNuQ9aiO9bj7vD+bcFoGUcxFJz9R3xduSMe28A+xi6TuevWbBRdIgw== processed in 178ms
[2026-08-24 09:52:37] [INFO] [auth_service] Transaction payload payload_hash=wVDqyHFrRHqCoA2tEViBqGjfglBP6xDsINH6joKAH3hRNWftOiH0ohl5qstDRWmsk4IfUe13MHzW29HpgpLAfA== processed in 489ms
[2026-08-24 05:50:43] [ERROR] [payment_gateway] Transaction payload payload_hash=53lAevnpEG7VuLhYvkGmRllP8PrkpDC+BGQdtWVWhR0hMfpD+TP8w0VmZ1ESl7VSkAG/vDHoBPTUfTxCVy0Bdg== processed in 106ms
[2026-08-24 08:39:07] [DEBUG] [payment_gateway] Transaction payload payload_hash=g0BOyVubZJODrV7Y+JNfBYSWv/7TTwtefvXXx48bsN0EuxQtpqvP7cyuuSw0/2jR8bkbn8DALQw/6Hx7f0HUsw== processed in 72ms
[2026-08-24 11:05:19] [INFO] [db_pool] Transaction payload payload_hash=FEdRyb0DcLdIizJTiW64MwKBCcdD2oftX5Lx3UdTXfM9BcD8ey1zxnjZF5k7qLTclWPnD+YKv67BPV4q4zN78g== processed in 280ms
[2026-08-24 03:38:16] [WARN] [db_pool] Transaction payload payload_hash=y8YjttFXsN6WzoCIEQsjNwW83aslzCrcWbZZuO+zZt7hMSVhuL+6LwsuSPmmkgWK97SZg0NoCB3Gbflne9LYeQ== processed in 139ms
[2026-08-24 02:56:39] [DEBUG] [db_pool] Transaction payload payload_hash=8qcZgC8ly3exNQhBGScYnIYn4vF3NDWyf7N1txzIZzjnuu4dkpHwldcJPcRC0yUZm7880xVY/YDzc7KBwIQZGw== processed in 380ms
[2026-08-24 04:25:46] [WARN] [api_router] Transaction payload payload_hash=KpBZiR3MpXB6NVBYS/sdu01k9z/FKT3t+mXrne9vnt9uaLd4eHPa2Mbd9Y3Ym43mCOifLwF9YqsU7pExGtpV7A== processed in 256ms
[2026-08-24 03:20:49] [DEBUG] [cache_layer] Transaction payload payload_hash=9GZ9rmddoi6DUGYPjSLk3D5dcLPedrWTYsitM2npjGCH0OM92bt4I7/RdlkI5Q98GHKiGXpdrRQ8vlYFrXqSHw== processed in 11ms
[2026-08-24 08:15:59] [DEBUG] [db_pool] Transaction payload payload_hash=inayij9zWVzXmk8yPZjqVFysJTD9bQIyvr2bN9I/9YNN56tRFRhdFgyujMu/3k8srRcvrhJzMKnOy3aCrhS08Q== processed in 366ms
[2026-08-24 06:39:17] [DEBUG] [db_pool] Transaction payload payload_hash=pTZNY3Mj8AscPCeDUe3XFImGNQra7FVgEScz29cDjwaMBPugb1cJEK56dTumNcBCeiPrthH39bM7KyR4D5DVjw== processed in 267ms
[2026-08-24 02:22:20] [DEBUG] [auth_service] Transaction payload payload_hash=+SV3T4vHXNFxJNiDpa2eHceRaVXtRcVLXPrJ2wxx1hIYF6L4GgJCdgSRtJdKGPcyQqTANKHgQ6n+LhZGl2Kd8Q== processed in 397ms
[2026-08-24 05:20:50] [DEBUG] [cache_layer] Transaction payload payload_hash=/ELVDw9MDy5Sz6VerMw2yOuWLWGxV06SMvGOKG1pElQpj2iUeTnCCX5O0ciptgRkvCFQdxUMMwQA4SGln0H5Hw== processed in 46ms
[2026-08-24 02:34:57] [INFO] [payment_gateway] Transaction payload payload_hash=Qqhec2t6+6XlxKsACKXHKkdyg9lrVSLWcwmJv4cd8Yt2m0qWKHFUhPi79pEUV2x4xoNNyAt7ZULhN1TSg5RNag== processed in 241ms
[2026-08-24 09:52:51] [ERROR] [payment_gateway] Transaction payload payload_hash=5ORLmfdimSnf9sUcWp+k+3IrCHMy1behMKu6IV6gxm1B+Pqj2RyJ0FXzYwktDsDGPsY4pFz3M99Pq6UwM7p+eA== processed in 46ms
[2026-08-24 07:28:01] [DEBUG] [cache_layer] Transaction payload payload_hash=CRGO1gcvKUmTrWBL5gJuIR3eJWJCHcMCkfWXuxmPlAe26n1gLOihmrZOIlmI7F1/JHoTJyWsO1k8E+q4mHrMzw== processed in 466ms
[2026-08-24 03:53:57] [WARN] [api_router] Transaction payload payload_hash=t2UghwK2jm3D5tJrgD6M6Ii4c+BFPp57dNA45bfgfjyIpw64OopL3VlfoOEy+6MZpr8NMHDh0J6TfD3M81nR9Q== processed in 159ms
[2026-08-24 03:55:13] [ERROR] [api_router] Transaction payload payload_hash=IxAzhrkqMycJrgvsBZrxv7tuTAOS2LTjbFD6kUyPKZG/AuegPVUrAflrJPaJWgCvMLgAiunL5nvtTMzHemKe7g== processed in 198ms
[2026-08-24 11:19:31] [INFO] [db_pool] Transaction payload payload_hash=StK4x6mnSOSV4bFMgBueUv75K5WZoSs35aA56wJ8EBBl7RUWHncVhHi8fcfMcDIzBMkhGHXQAodCz3LL/V/7Cw== processed in 35ms
[2026-08-24 03:45:32] [DEBUG] [cache_layer] Transaction payload payload_hash=Z6sH+HQy/r7NA9inN6wRLHwwM9S/95BFXqNkYZkvU7AkEHIq8kayE4PRhVuFT//PxmryKHjisdv6tkh4hgpLPA== processed in 218ms
[2026-08-24 09:35:55] [DEBUG] [payment_gateway] Transaction payload payload_hash=eCc/kg4KZEICBDr9t0U0tu2F3i9f/HiFgk389lGghV5VHR/YinP9cDR5bHhcSEq/9T6DuY9eAL77iVViDoAYNA== processed in 47ms
[2026-08-24 04:40:53] [ERROR] [api_router] Transaction payload payload_hash=JplMMxJoD7H/La4qEGvBjMnKFeBpXAVXgWpZ8tifO9iw6RLGViSBxUxN5qG1CyDysJUDg2VyNGgoJH0G0chhsw== processed in 496ms
[2026-08-24 10:13:59] [ERROR] [payment_gateway] Transaction payload payload_hash=GKQhcIUKjxbSML08zDZ8mvwQepjewkcSZjfXv/fvmUdTtko5oN2KwmX9gj/2q/GJ3SWFNnQhU5BfGL93cntplQ== processed in 80ms
[2026-08-24 06:42:00] [WARN] [cache_layer] Transaction payload payload_hash=zgKFqODF89fFLQJZ6paEVVtCGETzen1OG4gdoDlJoiaX5/L2/TL1iVNXKRoQqeUsGoHmHDEL3cXpOOmP4rO3gQ== processed in 181ms
[2026-08-24 06:45:02] [WARN] [db_pool] Transaction payload payload_hash=fBMADTU6GdFnPh6JvKNrAGgF+1RS/sTZmWa5K443sqh5Pb5CQFHbROV1JJe3fqBnO29mIN/rtC8LrO1XY3f4SA== processed in 270ms
[2026-08-24 04:17:10] [INFO] [api_router] Transaction payload payload_hash=4UeBcVU8Hk7broUZJknJhUAyHI67l5AOZf47klaTyYwF0rrr/uL5z6QEnxvL9/pBXMYCUOAy0Tghyu/HA24lfQ== processed in 391ms
[2026-08-24 10:13:32] [INFO] [db_pool] Transaction payload payload_hash=Owx70OcZd3eHYX1wVDmXXoDP52BThhvJC/5pDh56TatWIuqrqL2AbWex+dr9aFPq/0AAIcv4ZBD1oiyU+XBb5A== processed in 279ms
[2026-08-24 05:21:01] [ERROR] [api_router] Transaction payload payload_hash=MX9+0XmZUpty00AwuDRgmR+KTM42yOuS45RAplC5BG1ZmuLum44smRfsLDxSvSea5BLRJIUXM4EqGBS/XW41cw== processed in 369ms
[2026-08-24 08:05:53] [WARN] [db_pool] Transaction payload payload_hash=4KDYZqzmPFDZBFmkM+byzVD2rNj/+EwvZ9mX80Slkr3b+VdRQTkbZ5PWXZzeNSx5WP6l0A+r4GBaq0Bdt4pWkg== processed in 21ms
[2026-08-24 03:52:45] [WARN] [cache_layer] Transaction payload payload_hash=gUinCwobodHbfl56Qb/VQXBQkNSUt1xVQyuRnLBgwW+Vee+oTw/ic26CU0QdxvEFlj8Gz0ldJxNisVraWTuwVw== processed in 490ms
[2026-08-24 03:30:10] [INFO] [api_router] Transaction payload payload_hash=gzfR+ytEfxXpFQSqsA86Clz9OwoKc5ErP3Bd7yDbYWkBD+f4EePdWzzZr2G835JP1rBRR9A30RwSH1RyrS1n3g== processed in 238ms
[2026-08-24 06:59:05] [WARN] [db_pool] Transaction payload payload_hash=h7gfr2i4CDzudVYbvKkhNSkLUkPj/TNBqCQWojdTpDn6MNjky+kQnQYF+TwYZf1yb+5gXqugjn/UyV8EsUG/tw== processed in 296ms
[2026-08-24 03:58:39] [ERROR] [api_router] Transaction payload payload_hash=duPQHsn+s8k1xFDKAhUIjRDZ1xtubVosADp7hoSoyuxUct66u4jg4oPJ76ef4m1oXHLyPm14CbqKhBIV4ZrzMg== processed in 145ms
[2026-08-24 04:58:14] [INFO] [api_router] Transaction payload payload_hash=PcLitTp/j0bJGeoopHFFNIJ64OplI3O87bAnfHFa2kmmRkvspCg9ZZjZO0L2FJMmHVOv45ri0jqeKDm0sJ4vig== processed in 477ms
[2026-08-24 08:19:45] [WARN] [api_router] Transaction payload payload_hash=7dwuqfDyn8jVVz3FQqVNrmXfxprMTKSvXcazkSz4d8QyzOEoBmN7hoMGvVSsOJu4ldzbO9EaH0sFkxM+KlXC0g== processed in 405ms
[2026-08-24 06:33:00] [WARN] [payment_gateway] Transaction payload payload_hash=a7Eb91sORGEYKppl7ayZol/kVG0xqHOqu+vsYem00cUIUXgc/IdW/iMU6g5v1z5hMA2+zyB1RCSwQ/AXEiTVvw== processed in 187ms
[2026-08-24 07:44:06] [DEBUG] [payment_gateway] Transaction payload payload_hash=7k1fLD6UKX1PWKezaEhngUEScBuGs6/39FytxuX8iuLLvfKA6etPYAN7D1ZJXgbKqFSZswC70VADPerFCUDnqg== processed in 315ms
[2026-08-24 11:15:59] [ERROR] [payment_gateway] Transaction payload payload_hash=8TSVcO3VcwMbCufwzMGyI4H9yCMx1Xq2Dk8Rebnxw2/uGhSIsIKPa8V9xqgXoOYpWh1C+qvYkO65IJFXMfyO2g== processed in 112ms
[2026-08-24 09:56:27] [WARN] [payment_gateway] Transaction payload payload_hash=nWVMvmxj6zJgakKsopPe9vk57aBKeiNHTpxJwGjrZIRZdGFVzFRm7pDtfyFf+biGhavy6njTM3K6uPWeT+hVPw== processed in 224ms
[2026-08-24 06:18:11] [ERROR] [api_router] Transaction payload payload_hash=oZD3wyhdsSch2810LK91AM0+4i5HpxAsT8hvy0naohPtNl53O7ubvo8xFjpkCZ9axqMzep3vxUu7XBVRUpCUkQ== processed in 329ms
[2026-08-24 10:20:14] [ERROR] [db_pool] Transaction payload payload_hash=HSzjSDEC1jYZfHVEM4jjY9keUvi1y8hDmZhoRPBEIir7VPx379yvuBaKtarXjW06n9vjHLcI9Y0RMFLlhTy6/A== processed in 369ms
[2026-08-24 03:14:03] [ERROR] [api_router] Transaction payload payload_hash=R7LOvKijf32u4COx9ik9eThbtqoeUI8Bh+FUxjdZHi6D4KPe49WnseMUb3V39ikaRA85bP3DzMioAVj/JMN80g== processed in 11ms
[2026-08-24 06:17:27] [WARN] [db_pool] Transaction payload payload_hash=XudZlSrzXPtWb+qlOy7uP2nJDSvIdVxJt3VlWxznmm3psCicazYfP4qB0NjfKq3G5kDR8hLsxLYjNTzXjpgIRw== processed in 214ms
[2026-08-24 08:25:58] [ERROR] [cache_layer] Transaction payload payload_hash=OUQsu1yWntTVV7vaRL4IFPVHbZi+er/cmd6EK6AS2Dd0OABGCVabfARyibjoRIfP7b/xjUrxCCEaupTBvRjWVA== processed in 457ms
[2026-08-24 03:37:51] [DEBUG] [db_pool] Transaction payload payload_hash=cfnCv2UCSyu7zKutGVZui+LCtOsPY5muy1BEt2muZqOuTQrNDDejl78JYa3z1Twvbbj+vCCH3vMptjyux85zBA== processed in 165ms
[2026-08-24 03:46:34] [WARN] [payment_gateway] Transaction payload payload_hash=5motmSHz0x1k5YHYh5Y9AdSRRycEPB+Py0NRd2An2jMpABoVtRuSeh8A+9FYy93gmeYGVOaS9L4uQuWow+H62g== processed in 438ms
[2026-08-24 10:31:03] [INFO] [auth_service] Transaction payload payload_hash=3U/mkK4HLSWkyK89TyuoLbqADOBW5doZ+OefThyAzHgZv+h81Ao2yLxBg4ExV/pCwlJC+2N3WJgbf94eDGFPbA== processed in 157ms
[2026-08-24 03:18:56] [INFO] [auth_service] Transaction payload payload_hash=OYmwZsRunmXfoSig+M7AoQaRCEk5IzQns1yl5yv+4n9ARbkaJ1pgpodWAYVywGZoHYnjreSHO+ABFrcTDZmUaQ== processed in 448ms
[2026-08-24 04:39:29] [DEBUG] [payment_gateway] Transaction payload payload_hash=oT7c8b7WsOV8DDM14aMZ8z9jJ+2grOAkDkU05FZC5aiRefZEeteTEr3uClYqCac5zlpKueTPfAXsDdz+hGQEQQ== processed in 284ms
[2026-08-24 03:07:03] [DEBUG] [db_pool] Transaction payload payload_hash=g/QTtAW8BCE6dWBCAyW/zlbIrPhMNNPIYwm7Dyyghl15qmUf6e6qY0yg9OBNLVBadO/B6sr9KbQjwsNxu7OMgQ== processed in 171ms
[2026-08-24 04:10:30] [ERROR] [db_pool] Transaction payload payload_hash=j3F1bnq0I2GyjjqyTrmk5KM5xuqVr1GEojNsS8PjHo08xLnnS+XJBfTTP//tZf01tTklcHpMjEEpFmkIn2HHtQ== processed in 206ms
[2026-08-24 09:08:24] [INFO] [auth_service] Transaction payload payload_hash=fsacXlVTSujrz31F1PwPTxX5YcrEdeOMRl8sHR4DSYQEr7fF0h9MM1zYQ6cAF2mpK5nd0s2bYVE9C+Me2ONivQ== processed in 332ms
[2026-08-24 10:36:57] [WARN] [db_pool] Transaction payload payload_hash=IWM/9Rkde6fB5gW4KLfX4HWvo3gHYGCnClGVyWf+IbZojsPI3yNnM7qI405Km6lyWB4zQBDcsFE7BPHpI5feEQ== processed in 314ms
[2026-08-24 04:51:41] [ERROR] [payment_gateway] Transaction payload payload_hash=kFue4v1IY2T18UGAZqtxX3ni20hSURuBZ2THKbdP6IrjBc6sK/a9IYJKtvRPzUTmnG3LN5Pfs2DdsFA5uE8wMw== processed in 358ms
[2026-08-24 06:17:20] [DEBUG] [payment_gateway] Transaction payload payload_hash=iig/NlYuNeLz4KneyamJIZYGhHlJv2Ey5hsqH9KTNcBjBGt8fCSn1Yipx6nuk5HhPtuOjshDWL5drtnWF+unpg== processed in 390ms
[2026-08-24 05:38:22] [ERROR] [cache_layer] Transaction payload payload_hash=H9MTNvahlZDDYrCDw01BDjLv1l9oiaduC2VXHzR6or60MFwfYAynwj2G5Asa2vkPV6Zwe6Qt4FGM8v8JuOiibg== processed in 305ms
[2026-08-24 11:18:09] [ERROR] [auth_service] Transaction payload payload_hash=YBZnLYtXiLzHeVtoEAkPxR/knEYeY628poXo9sYUDqyh/nQNjBo5XxEorjSfIJVp30sN3NHo1jKRf6AycJnj0g== processed in 200ms
[2026-08-24 06:13:19] [INFO] [auth_service] Transaction payload payload_hash=VgdeW6oQ7w8Ix5u26Gnts2X9jQzzslJLwMCO+DDNJkZJ6CA2db0NhYTucb28E6NIhrDhiywHSNRDZG51ax/IMg== processed in 457ms
[2026-08-24 09:57:20] [ERROR] [payment_gateway] Transaction payload payload_hash=ywaugiiMLo7++qLdr6QVGZA2EyjWt7Q26Xk9cyVbtlymFpd9xrOGUo7ao71HHwLkNNwuTeU+Vo5x1seGCjG+8A== processed in 135ms
[2026-08-24 06:45:06] [ERROR] [db_pool] Transaction payload payload_hash=vsv2A0iGZjn0n20LbGg6CTmhqeCil1O8WytVcO9DEJN4n3ZuOLBlUTP08P6WUbWp/iG2DZO/F2vsFRRVH9UOmw== processed in 60ms
[2026-08-24 03:37:35] [DEBUG] [payment_gateway] Transaction payload payload_hash=iosbfGpWdWlGmZJLH7xVh2q3DwqMNBDBdsYHd/2Fy+aPDrJL/hNsso8PWTxpgnlOnFMk6b8MOlDa2F4GcMeIuQ== processed in 148ms
[2026-08-24 02:18:52] [WARN] [api_router] Transaction payload payload_hash=Mq28d9OUaaktlKsZSKYWdusocIhuGmuNhkQMZ4/urOseGvkPFUUkLMdgv0a3vhnoEsc0obEtb8UP6Nsq71LnZg== processed in 35ms
[2026-08-24 10:00:34] [WARN] [cache_layer] Transaction payload payload_hash=k0AxVNfV5IhRtIeOI7bFWCqHG8RTgFoxhB43u0I0j4dEmDakZVKsA9FFUC/3OD0diPuaLg5ewCx5rzDAzPMiMQ== processed in 284ms
[2026-08-24 07:08:47] [DEBUG] [api_router] Transaction payload payload_hash=RBcQfZxwx7LyOmZh3qa6/8bAp31u7U1GvblqxSJuNbyX07zHy9PBO34krIK3QNt1EwP2y1NCupBDSso3h9HjtA== processed in 351ms
[2026-08-24 03:41:52] [WARN] [cache_layer] Transaction payload payload_hash=56P6pHR3uVja0ZD7no1Bn/JyhNr5R2rIOYC6nv2N6yaQteAx5OdhBlK7SO7GBI/5p/KvyLqLwOGab4LD8CAFPQ== processed in 58ms
[2026-08-24 06:01:53] [DEBUG] [cache_layer] Transaction payload payload_hash=8XkxLH1foGS3h3xQrpnReVjGyiMMYpEBniBFxyE8L9qh7zEcpclw+ZUcaQgOEjYMZAcuH0mNFPjS1MAlPBYHsw== processed in 10ms
[2026-08-24 02:50:27] [INFO] [cache_layer] Transaction payload payload_hash=H8lqF9y2D3Lp21bL5cWrtP/GkxSeqygmZDSIX8VdQRF0gd9t6cV3mHRHUzp1vz1L58BIXlI4yAZNQTSxY20DsQ== processed in 429ms
[2026-08-24 10:51:03] [DEBUG] [api_router] Transaction payload payload_hash=dpbB59zUU52i+KF/Apli7pexAH39g8Zxnl9IWokUss/5HacXYPue0M0BKzQnArCtHdLfSh+TUe0i2n/Re99EpA== processed in 434ms
[2026-08-24 02:55:17] [INFO] [cache_layer] Transaction payload payload_hash=DyBPhVhoJbVueYXCadtSg42qMZ8C60yIoR0FBNISs1cmLn0ZPWycGcxnq9PelRiGOgOEcfuA2SkCHgoStwhtBQ== processed in 184ms
[2026-08-24 08:12:28] [WARN] [db_pool] Transaction payload payload_hash=E+6vY70MBDQX1UBFWi1hqV1yOyVERrNuwy8ngN72YCKyWn5Vu80xFJhiEYfGFQCpIqqNL5NtCLP//AEaPbwdeg== processed in 23ms
[2026-08-24 10:17:47] [WARN] [api_router] Transaction payload payload_hash=K1WMjTDYTKVMQT2z7DFsEigv3hyGas+NV1Z6Xzuckd6v7nuNg4DkplRtQsHnmFnzz5T75jvU+TtIQrMoRfDiDg== processed in 407ms
[2026-08-24 07:49:15] [WARN] [cache_layer] Transaction payload payload_hash=GIq3OkLLLZ6r2sNVEJIV7N3jJXVP9qyLVOXTRq8ga/hkTMAiqupIQQGTygZQ1Xos5jHSDoECW1NYJx26tkM3zw== processed in 400ms
[2026-08-24 03:26:09] [WARN] [api_router] Transaction payload payload_hash=GcNcOy7PnEI3D1v1QkzoHCFFswsufx+41EOkZ8JFXv2L4eG/b0RitoueAic4wdOYypRRvScKytUiF5jbgYrsTA== processed in 233ms
[2026-08-24 07:38:11] [DEBUG] [api_router] Transaction payload payload_hash=dxrOdDA882OQjrjjl/EGNosz7bEWklYaN7yAGYQFErmRTjMQlbj0tL8N7kx9LAulydSDmhiSDtk6RgIwsGM7fg== processed in 182ms
[2026-08-24 04:41:45] [DEBUG] [api_router] Transaction payload payload_hash=AJ+6raV37z0ord4t7dgSxW8ZmUbKM+nIAqVh7bwKgwkhTZ/axsgvQQSvUromiKL8BxOVn47ycTv/wqjx0lVbnw== processed in 277ms
[2026-08-24 09:15:54] [INFO] [db_pool] Transaction payload payload_hash=vIFEsNeSlGdTka+5ioq7Zqx5BZfZ8eTlSqoBAguLlYcfGtk0zclKYPcdmM7HAolR3DK/GPanw+oYdzw6L49UfQ== processed in 46ms
[2026-08-24 10:38:16] [ERROR] [cache_layer] Transaction payload payload_hash=3tpKbEAkAWiQYK8+war3PE+U1ZexwvnTtxi0Jv7jPm2JH1oLvV3G9PZINNpMN/Phk0E+K40ekO92D8BvdVLQPw== processed in 156ms
[2026-08-24 08:29:01] [INFO] [api_router] Transaction payload payload_hash=QokT0xrzFaxj1hIAGq2LXn9fKKDFRar4Gj7VKpfxESA3NKs54W0QYrJq6P8BLqZJwK9mseYH8aFsL4UhFEL7Xg== processed in 101ms
[2026-08-24 06:47:38] [WARN] [db_pool] Transaction payload payload_hash=muwbVvpF8jmFHyhDtdKTzvs0jWiN5OGCJB58D805aJIlzL7FVMH4+rhDHJkb/1eVHPN/RV9yYSmkoqKCBJnrpg== processed in 304ms
[2026-08-24 07:31:55] [DEBUG] [auth_service] Transaction payload payload_hash=G6LlK/lAePiBeO9JwsHo/8MgjgmjNUdlMrtPtEXhg0AGdWlYT3XcQeWUP2kOsEAyTIM6nx5SnopZ/0faFYhGuw== processed in 9ms
[2026-08-24 10:33:15] [WARN] [auth_service] Transaction payload payload_hash=5t2lFIGCved/Brgl3chcE/820juQy8E16/wNXgnCoE0OwyVD0+jLLmruGmaLQuOr7vPktZi5GQaPr3tkHISlmw== processed in 107ms
[2026-08-24 03:05:37] [INFO] [cache_layer] Transaction payload payload_hash=SbT3Ng7YJOgHyC/K4NZWfdBCuKmdEOpXtEfl8MrQG1PO11Xzop9vHmtcCZWgkTQRG9lVcIvVeRteRYHP5aHGjg== processed in 277ms
[2026-08-24 08:57:52] [INFO] [cache_layer] Transaction payload payload_hash=/JoVKgUEE0ji5xx1drCFKK2y9Q3kw0dHCUpWacJOUUE5g7Kyf/b9cveOB35tnRm7xejciz+ht5Prf7HrpE6pag== processed in 403ms
[2026-08-24 07:18:33] [DEBUG] [auth_service] Transaction payload payload_hash=3KqTzzvwaytOneK7QzERriENDclec8Rc1+zUtdl7AkcJVGXdYmxvbKpB6RFaulq3D1EueiQ/0y3kf//balXWtQ== processed in 317ms
[2026-08-24 10:02:30] [DEBUG] [cache_layer] Transaction payload payload_hash=Ts2I+zWCZ/fB+b0DQvT+VMwqP5TdWD/1sp+Pb1LRhpgH3Fc1O1VgDXMuVdLYcB9qFoq69IGoNecSFYOAge3BQg== processed in 190ms
[2026-08-24 03:27:51] [INFO] [cache_layer] Transaction payload payload_hash=aEnb5YdymN1R2RupG8soGDFSKREr1at3S1CYGIOC62lusFmBK9TG3axm8fzzrbOJVCuZfPGrOUX+2LQyEmjiIw== processed in 336ms
[2026-08-24 11:11:22] [WARN] [cache_layer] Transaction payload payload_hash=TfVyYZkTs1L7u+Bul0ZtzUEkS0iB8MrEkYaji/bemKtA9mBOwIfQsh4JuAxsNRNZho1I3l2GizZbo381I7k+0A== processed in 117ms
[2026-08-24 07:16:03] [ERROR] [auth_service] Transaction payload payload_hash=WTzylztA307RukTHT1eUh5dg3poSIKkVUhEa/W9ZIY8AMkg5reTJKbCPW9MfdYgQU0SaanSk8+Y8nxOEUQ7AbA== processed in 135ms
[2026-08-24 03:23:32] [INFO] [db_pool] Transaction payload payload_hash=X4X38YnLftYEzHGOOzbCn5zeq4VMWmvoWPVY3o7gZmqGpkgprP8vIYftX4gBKlhLMmW4FCjWN9F61V1P8Pp4tw== processed in 65ms
[2026-08-24 04:25:02] [ERROR] [cache_layer] Transaction payload payload_hash=HNW+yl+IC5FVYRAzkbhxqFwmwFzME/s2Pcwz5ZfLG2xQ91E1Y2bBKX55urwDKBg9mJpaloRCw9ppnQlnd4yQjw== processed in 191ms
[2026-08-24 02:57:27] [ERROR] [cache_layer] Transaction payload payload_hash=mfMlVJ32QaZuNmYUqs/IZ4T4rzOsGrE7BzDn0pK8qeL7N/AmbtruSo2tdzUgHGBpAykLTT3mdUTp/HuRSi4yUA== processed in 71ms
[2026-08-24 10:18:15] [ERROR] [payment_gateway] Transaction payload payload_hash=4EhsPPyJTyJaiZSqrPVaZc6qXzth3MQajcakHIrnI9hN+yxxseY54Kz+V/8G5/oZynN53tNE3Xw4SmI+ZT817A== processed in 299ms
[2026-08-24 06:25:23] [WARN] [auth_service] Transaction payload payload_hash=K2uj3g6HPGIFWy1I2K/WOB+H9QNV1JDW4mN4eK8Igcqd4+zamNLS6XrT6/QeF3odgwsLOoe8XyGIU3ajqFzK2A== processed in 292ms
[2026-08-24 04:10:00] [DEBUG] [api_router] Transaction payload payload_hash=KDKxj4jen34pAd2I2rfPSuqii5aI+793uS/xN5L6fcTJFVM2f+LRQxuwBS9su7zJXl/nn9ZZJafU+r4JT91H5g== processed in 337ms
[2026-08-24 06:02:43] [DEBUG] [api_router] Transaction payload payload_hash=iJ3kckZcNdAz0wQP7SA5ukLP2RBUVDsKedW/LO8Vvzw84D5FfhjKUhdjUZzOPO7fBJMW6G5ZdkIRsD8kYH3WwQ== processed in 118ms
[2026-08-24 06:16:08] [WARN] [auth_service] Transaction payload payload_hash=tHejc3JatmzEhjjC3sLcLQsH1+jvua8muaTpNQVHLOc8wTvYIa3bpF1BY30JvL4VCftpcbuXCkS1YkqtIqVaQg== processed in 337ms
[2026-08-24 07:23:57] [ERROR] [auth_service] Transaction payload payload_hash=aThimS7nboG2nq2wiMgx2oHyD6GE71oBLuj/Iafax6RUN0TAL7suhXogISbBpOVWPZRL8FEGXGJUkgk2LbdfUQ== processed in 268ms
[2026-08-24 07:56:07] [DEBUG] [payment_gateway] Transaction payload payload_hash=GY7LSH/joQJ8PnAR/ySTHmDiPU+NYEhDxpWWciX8vlLfj1yZgYB1lSYxuIlDztZ191WCJ4NB3pp1yz4O19zFYA== processed in 238ms
[2026-08-24 08:14:19] [ERROR] [cache_layer] Transaction payload payload_hash=+NV/wYodqrWzTAkCNrW98+tk9SZrH1QWQ7yDE6NgLOsaVv3anOGPLBn1EPhHvNqV12Wkw3Pqk27Uelnn0pNT6g== processed in 332ms
[2026-08-24 04:38:41] [WARN] [payment_gateway] Transaction payload payload_hash=vte98DNBjxsk0RO+8krQxFSWMsYGhbKUIhbLKRLNpD2TgXeVwSLugWfBjJ6qEbJw346d1c01HkPoLnvUwBZsEw== processed in 21ms
[2026-08-24 08:52:32] [ERROR] [cache_layer] Transaction payload payload_hash=2dv4yjGisSbP8APb0rrw2jLYnhPH+NTk9njYrrhSFiAFq0V0yRfllhScc0HUzwzbxo+qKeH/BSUabXEMEL4ciw== processed in 424ms
[2026-08-24 02:30:08] [DEBUG] [db_pool] Transaction payload payload_hash=EBjBdF3RAr8Uk2IIRiwS7CTsm3v2U6WUJP3ARH5L9ON1BDKQvP3C8mHxdy7bSZCqGUDnMcCf3w0lBqju8Mg8Ew== processed in 59ms
[2026-08-24 05:06:34] [WARN] [auth_service] Transaction payload payload_hash=IFWhKNK+DlHN1K2Bor88H2HCrTYiRAEiKO9Ve/A+cfxun40DuXyDj3uDD3iQ/MZWnSn8hiLGBIkGYdXbSpiSOw== processed in 0ms
[2026-08-24 08:05:58] [DEBUG] [api_router] Transaction payload payload_hash=9dRY8nGg3ledyK3CA/F4CCUIjCo58JRFthVpyUyuNmdwta3e48SvO7e8YT3F61mEgSmpu2xY91bhM6q9mfBoAg== processed in 365ms
[2026-08-24 05:53:23] [ERROR] [db_pool] Transaction payload payload_hash=0YhNcsd8F4UGo1hISmc8Fwb3hZ188BXjTGsWpaxV0IS/7vspG36qSvUMhlMYbnETbnwegLgq5CvpYMgISKrXkw== processed in 95ms
[2026-08-24 05:40:24] [WARN] [payment_gateway] Transaction payload payload_hash=42SOLMRrfgl3YfPYIRTSNp5JJS0+LSuvIxpmF0UQ929ehNLbtMviDz9c503YhIwMLIWcy4Gszf9g0MoWmGZmZw== processed in 295ms
[2026-08-24 11:07:17] [WARN] [cache_layer] Transaction payload payload_hash=GQXriOLmG7Un3fc02oYEN5Ia+X+KxDNcUYn+/TYAN5PQ++m945ZvT7azf1FON8R9f+aRRDkqAiGdWTKoZcqhFg== processed in 168ms
[2026-08-24 04:39:06] [WARN] [auth_service] Transaction payload payload_hash=DEJd1+jfl73nh9/UYMiRNe1mgTs6kyYYy+wvuw7S7gMZJst2nHVHUYDExGJ0VG1eBy+e51/Q7N+tEV3Dfudxhg== processed in 282ms
[2026-08-24 03:03:52] [ERROR] [cache_layer] Transaction payload payload_hash=TpIobRkhRj5y4QmmHpH5AzgCf5WFNn9hGRGeAmm+okTB8eOmY6W6Vlpaqp5uqBGR9blti5+sQ98K0TPQjmW8gw== processed in 177ms
[2026-08-24 03:21:00] [ERROR] [cache_layer] Transaction payload payload_hash=G9E8aYaBfX3U4wXjqK4jPDOxDE19+G7avfoKxevSq06txeKuq/HeI+EHmtTYwbgwSxZLI7iqXewpnJY3lX97Lg== processed in 27ms
[2026-08-24 06:37:01] [DEBUG] [cache_layer] Transaction payload payload_hash=kjjme1+A4wtn0sCE0kGhtQAvmyfPX1nXLvZOmC0/hq0uhm6tLx/ogVCEpIT1QcgxDxoJGA9R93QnelTsWLMR3w== processed in 446ms
[2026-08-24 08:24:20] [WARN] [api_router] Transaction payload payload_hash=1mqYxNtXW7tdN45gTaeIGdbQF4mjfFJfJlIIF8L/7fZgNDUQMY/PJ81cOW3+znPJI7BKeOVRAM2+Cqtg4/S3PQ== processed in 66ms
[2026-08-24 07:18:16] [WARN] [db_pool] Transaction payload payload_hash=a3tRdwIgcsq2wRKDZzvIzZI/sLYdFWQ7uPm/yH8Yw39fDnPOeprgNObNl56XJxxA/uNG3/nk8oHTzY6pwzXdjQ== processed in 90ms
[2026-08-24 03:20:49] [DEBUG] [api_router] Transaction payload payload_hash=wGqQm4lH0qZAddF0WEyYS6GrH5HO1w59blKg+LfDCwwx+y3qfKq0q0CnZg3sL8gdmbmynhY8a0pMRrFoS2Od6A== processed in 174ms
[2026-08-24 07:15:29] [INFO] [api_router] Transaction payload payload_hash=UEgmf0bqH0X6XocRp1MUaQErwv4txzATUe11rc01fvq6EQOXSH0B49oJomtBBJl150Tb1/E7sis5KZdzoZ5eVQ== processed in 17ms
[2026-08-24 03:45:05] [DEBUG] [payment_gateway] Transaction payload payload_hash=6iIbvjTBVGHuQjBGfYhR2NB8Ra5NL9SnAGYbw+0UMCDy6YorlJxWyMLGEEk07jswhAI3Img2Chw1TASDu2JzBg== processed in 28ms
[2026-08-24 05:58:38] [WARN] [api_router] Transaction payload payload_hash=R+x4rCDKgY9tbj/ykV5LCLe/LOs0BLdbFGevZyb/ncuiuLa9stsYCtry1X1pH4eiDlRbYk/4hixYh4xFo45zYQ== processed in 369ms
[2026-08-24 03:55:21] [ERROR] [auth_service] Transaction payload payload_hash=z2X3TE9i4Ikcsnci1SyVHwtYWRC3/Fhe8wrTtG7DzXi83B0eOX8Te1ngCX5EbsNMXWupmjpHzMQ58pYR6sZTAA== processed in 104ms
[2026-08-24 05:50:07] [WARN] [api_router] Transaction payload payload_hash=eU0T/2RFwUeR0I4Nssr1Mi9D1+s3hHvXNTSrCh3TDZUATGcaTgH7u1NRbeeplqmcytjPhRtQ8YTTPZeVHBn2Gw== processed in 413ms
[2026-08-24 09:06:21] [ERROR] [payment_gateway] Transaction payload payload_hash=6bEogcS4WkTfr2zximTqHQIk6hpF4A9uNGezUs5YpnS+5UOvzXvd0yUrT2l1enWEP4dh+0gytwlKwISczU6QeQ== processed in 293ms
[2026-08-24 04:27:35] [INFO] [db_pool] Transaction payload payload_hash=9AzpBRUeyfb0L2P59z3BE0JIi+4UPH9Zb7mfvhqsIYCiJPqDV2lxoRds17xfvy3zTmyGleEgeBL12bRsyXaKaw== processed in 274ms
[2026-08-24 07:48:32] [WARN] [cache_layer] Transaction payload payload_hash=mhtAVtQ14u0fxCTIgUjLNvOsmTKf1gEZNDmJLzVI50ZJwBy96oiBtnW43heLM+SYZpP0ZI93pm5aOLZPMzGnLg== processed in 35ms
[2026-08-24 10:07:32] [ERROR] [auth_service] Transaction payload payload_hash=uHAYSgDnuIL4e2pLawT24I5N3btv0PHQepekI0+lkJIXLvBYZr2ZDbwW3oJDOD6+kwmcEoaugikqXNLQWfatvQ== processed in 45ms
[2026-08-24 11:13:27] [INFO] [cache_layer] Transaction payload payload_hash=/vJDNjcR3Zx/3QqgwjJhSQuUaiOT5IjsJ513Pv6rPtiRuUjc2ZuGtyIDlcx+Ct5vcKdEknfMfg+H+UTu7y4SUg== processed in 388ms
[2026-08-24 04:22:26] [DEBUG] [api_router] Transaction payload payload_hash=OqbmNDvaqSUkOfX+M1FXi1f59yKnTt0bsPQwT6TMzujDyZQgKoAtvZRbBULosqjfs00XUUzw0Yw3rAaFKu1fZA== processed in 449ms
[2026-08-24 10:45:23] [WARN] [auth_service] Transaction payload payload_hash=Cl1lS1RQwObyUkuMgq4s+6wWF47DawF20mGOIX9bR+ha2p6cEkv3XfmrFA3NFMt4ZkSRRBYV5KQA2+j7c/+g1g== processed in 265ms
[2026-08-24 09:51:36] [WARN] [auth_service] Transaction payload payload_hash=P+99QwpzqOnUC6TfwBRPAaI4SaYAO2fqmtKiWI+JIn67melAGKPh+XUlz/oocSDXV4DCHabq3fMlgRl/iiRDcw== processed in 328ms
[2026-08-24 03:37:59] [DEBUG] [payment_gateway] Transaction payload payload_hash=zAAjZ9to+QY9K/o4WAjST3EB1tSRB4XNfG1G9YLmdc5FYcRKVEhvOnDu4+T1fHWqjSpbSYQmK3SJ9MRemO45PA== processed in 296ms
[2026-08-24 06:03:53] [ERROR] [auth_service] Transaction payload payload_hash=yvH+9a6LhspiPqj++U5UYrbUyUJz0ZRJQvcy8ixwNUo31hHz7EDG237vNyf5UGUi8H54v3RBJSejTBYlNWG7PQ== processed in 241ms
[2026-08-24 08:14:36] [DEBUG] [auth_service] Transaction payload payload_hash=BHqpThpEWUKoTKN1qDV7zwRbcBjFPmRIOxhMkTCPGURoXWbpGZCwy6VHNz7Yp7EREbW8hiA0T8L1kPMluRchMQ== processed in 410ms
[2026-08-24 10:18:59] [DEBUG] [auth_service] Transaction payload payload_hash=Yi83qXCf9J0greIA3brbAlPcsgBSm8UyAwmyHRO1yujTaErT/Kfp530Fu+KUHzXn6lW5AGNbrbOFQDFfwEd9+Q== processed in 394ms
[2026-08-24 08:18:51] [WARN] [auth_service] Transaction payload payload_hash=jacCRgF28jIdtEzXz4O6A1iyqyrZkLy1v/UdSkS0J9pAGBv9Ke+Opxt/BI0llkztlvJLUIazToQeOUK6EavsMA== processed in 303ms
[2026-08-24 11:03:56] [ERROR] [api_router] Transaction payload payload_hash=WLAnCzZWUQhRpD9D2GGea51nA1GZ2rdVADyNWG+t6wlC+aFTXIQyFHkEvunVnuYc9sHTj2Z/OJF6QKoHxnlVNQ== processed in 372ms
[2026-08-24 06:10:32] [INFO] [payment_gateway] Transaction payload payload_hash=SnjGBi1zDBK9O6Mq/pgHXZxfL4ts/4VvGcKEDBVhBL9bjFYl/LbikhALYDFQ+nD5HQctnaQf14UuX8CG82zIxg== processed in 448ms
[2026-08-24 05:02:21] [DEBUG] [auth_service] Transaction payload payload_hash=dxf81mjo6mKl5tT1xVKOtvqiDZSg7kxtUYLcg4taOcoEHo9JPwFHtz8YVyXoG0/siM+Di/i51K5eEjS5tQW9Lg== processed in 65ms
[2026-08-24 07:16:35] [INFO] [cache_layer] Transaction payload payload_hash=5i2R1ydLXcdmkQeKxpJxay5GTbpeqnUZHQnOqKKteCA7fsK8Pvnp60KZ0bRUVV66hp3n6XMgtPMPe8lVU0wl3g== processed in 107ms
[2026-08-24 04:43:24] [WARN] [cache_layer] Transaction payload payload_hash=L8Ljj7Zvm7Pz5OTdzZXkrPpRhyFVPOEBxuaertadadqkxaLyixtG2RHTKnVAzQGa6CImOtvHv9Y2UG5cFuE5dQ== processed in 225ms
[2026-08-24 09:23:39] [ERROR] [db_pool] Transaction payload payload_hash=CtPdCWo7UnUhynLHp8tBSu4kMjX9dbzCsJsHZ4k1DeFDpY2Fmc68R6b3hGBEqZX3V6h9w26yXy0cpPkM26bb0Q== processed in 235ms
[2026-08-24 04:54:15] [ERROR] [cache_layer] Transaction payload payload_hash=oESXB4xoAC7QEqsSwESk0hOAqDLITYbdmaAW6OQ/B8X/5z9ZWOAQT/yy96WXOzdLUT0vDHI+c8Pjf8+XUPjuOA== processed in 384ms
[2026-08-24 11:05:35] [DEBUG] [payment_gateway] Transaction payload payload_hash=tKKzvsy/IqY2u18tWoNQ1DhgR7318LZWlXG0ire5o8AUfz552eoHSSykWHUgoW1Ydb0WH/e7uo0XmRa5jFYBqg== processed in 321ms
[2026-08-24 09:08:54] [WARN] [db_pool] Transaction payload payload_hash=GhfMn7vNR1a37+c99t/FOy8s0DH+iRgoO5Ol7GYl5AoTMNE/DnWEBnIa42oxbFT2kI6mZPy3MWWBioFqc4K9Bg== processed in 60ms
[2026-08-24 10:46:21] [ERROR] [cache_layer] Transaction payload payload_hash=01c/da4Z0jjSQbEFjN0BcX4c+njc+1DzRA8ZD7Q6iXpsKyUmvgg18neyhe4hvHyGXclo72O1b1rLQ4TVq3afqA== processed in 397ms
[2026-08-24 07:27:13] [DEBUG] [db_pool] Transaction payload payload_hash=pcyfJ7d1CvfYgIowUQMAsTAtfRdipuS3Avs5ZsroT3e78ltHavmJHO2Rao7YN/cmIjlP1So2ik/SaqluGEwC8Q== processed in 396ms
[2026-08-24 07:51:55] [INFO] [db_pool] Transaction payload payload_hash=2Rshhe+m/h+O/egWWnEADxsh9i01/G/awigXyt4NTmpo0U2DObUGFUThlBaZRDZiQ6InMQig4e3BWykSvtNI2A== processed in 414ms
[2026-08-24 05:17:59] [WARN] [api_router] Transaction payload payload_hash=ZCVJo6ZUjtZyS2W8KFvsavJMdKHoOENyZaePmSzGylvT6Fcr3VugZhBvLga+7P5Hi+X7PV0Quvo1v9RxwTDqug== processed in 149ms
[2026-08-24 02:39:16] [WARN] [api_router] Transaction payload payload_hash=LMKlPk9FnLZPWHfH7YmBt4Okz8UnYu05ZrfSAXa1olMeG8p+HS9JwwNya9Bb5mkcYDmO2o4zt8wgOFMeyDve3Q== processed in 64ms
[2026-08-24 05:22:44] [INFO] [cache_layer] Transaction payload payload_hash=Gd1qc2dZ55zdabx64SIhvjaVC2s0b2S9ZuHm85dGvRvcvOaaxFk/Oqu5aCIbypOP7/NrvBdkopzlNjpLV3KYIw== processed in 484ms
[2026-08-24 03:13:44] [WARN] [payment_gateway] Transaction payload payload_hash=tAWyzWvhFoSaqztDWsTkJ2HnHxBzifDdrGN6m0aKeA7Be/1xgTvthJQiA3hM8617gk1x4USjahNzg+ZL6xcQ1w== processed in 81ms
[2026-08-24 06:48:06] [DEBUG] [db_pool] Transaction payload payload_hash=CxH/bp99g72jUbd40H0X72J8sVRIVNlI5jEFOlinANnA0yZwAUxLMYH1Psgz5I2oF+sOB4zov1VlquOKofuMwA== processed in 42ms
[2026-08-24 09:59:14] [INFO] [cache_layer] Transaction payload payload_hash=JCJN3yte9pV3xXDMtadU/T9TwzSfhWxM7tExK9iUVCIno0gRM72VPsF3+dj4Kgjefx6aAXU6+4ml6xsXfKdTwg== processed in 361ms
[2026-08-24 09:47:05] [INFO] [cache_layer] Transaction payload payload_hash=MEv7543fq3SJl7YZwmxOiWaPpb6t8nCbcpYd9ma3lR4ikv6r+Cn0x+CgoavubqePYeYgjwqMWu67bE8Pq1l9tA== processed in 321ms
[2026-08-24 04:30:47] [ERROR] [db_pool] Transaction payload payload_hash=KG0JpXPBNeiLVL+n08WR4yRri9pLxXTAHbPGm/8YRNoVXlBBHPo2Ibqd68nilBYGp9K9FAU4OdJy8lii5I6IJg== processed in 183ms
[2026-08-24 07:34:55] [DEBUG] [auth_service] Transaction payload payload_hash=gkVN44nGFqxAqhtC9P/yBNwG4dpvK3CPGvRkJ7zkl85p2L8QXpQi8CmhPNFQyGtgu37zKLcDWQ5YT1PWMAbttw== processed in 325ms
[2026-08-24 10:43:00] [INFO] [auth_service] Transaction payload payload_hash=5attptZspTnakkGBBG8OXqcs+4exCt2a1rPGOgMgq26Jiy4PdIqiU2lSZL99r/fe4dwm77jeJ4FWzINhl1GTAw== processed in 116ms
[2026-08-24 07:05:25] [INFO] [api_router] Transaction payload payload_hash=O2CQ0/aCg5vRUk7IsVnav6D1a9s0j/h606qqHdOYp/UPSPsi/ZGSPBWnm84C/oUYr+j+KJ1Z0YPB5M60zgtR6Q== processed in 149ms
[2026-08-24 10:44:53] [INFO] [cache_layer] Transaction payload payload_hash=fFdj9nbLV4jDVqMrubYyGy8Z8m6qxddLuGL+NRZKsSozmnG1z7sRzCOB3fx8IGbPvwoWhLDwjf+BRqYdjMPmUg== processed in 259ms
[2026-08-24 06:55:51] [DEBUG] [db_pool] Transaction payload payload_hash=FXc23c2+iYvQusAGQeWQZUF6R+f4mXgzGsIlk6+ZPbH3rWFLUzf/QRmpSfMOwf5a5uzOH7FI9BB0CqWtDbw+Vg== processed in 467ms
[2026-08-24 08:02:12] [DEBUG] [api_router] Transaction payload payload_hash=UU9BucvDv+YDjhyazlrHLFiU4zxtIUHsrlSBuxz8maj91OopnWxUd3Srvsl4TLcaMX6rrFLT448PbYw4m287vg== processed in 132ms
[2026-08-24 10:14:09] [DEBUG] [auth_service] Transaction payload payload_hash=MUzK9EVOE/ebQSHpMRwhuoRVm24BdBk1Kj+hQxHuv3OXztMki08O7MeHOMJ73Qsktm5YsnJeIpic3SDqZb7OMw== processed in 194ms
[2026-08-24 09:18:09] [WARN] [db_pool] Transaction payload payload_hash=q+jmkfBHWWMDf4uWWG4JzvIxwG7hDTS4G6/UnP2NwKRvv1UFxDCrVEhIsNKdgW/vgLAGzam01XVRuJdzD/6/jw== processed in 204ms
[2026-08-24 10:28:46] [WARN] [cache_layer] Transaction payload payload_hash=9K3ofBbZKKo1yA9+lKN7XT3UI/2O7RWyiq6WOMWvkPubxEGi87WV9wSZPepDMAWv2p8zf9QwnDHboVewgQCoBg== processed in 413ms
[2026-08-24 09:07:18] [ERROR] [cache_layer] Transaction payload payload_hash=1jeNlztL2SY3SiDmcGfr+Uzx9UU4ip3xPg2apLcHdJC6ya0oNUM34WYTPAIJtoHkg/p0nRPtMu15ZG3zPH6JxQ== processed in 160ms
[2026-08-24 07:10:23] [DEBUG] [auth_service] Transaction payload payload_hash=pDRteUMPdgb2g8njBZP/mnio+pVnF5MEI/y81+pr7hTNqs6kPKsfBd/FQFY4ik/uO/0OsxjV2ZewO0nhgsvU3Q== processed in 342ms
[2026-08-24 09:30:30] [WARN] [api_router] Transaction payload payload_hash=G3eba2/Ltjq2j286att+2sBpy4fPUiKEn9DzqG1D7KbQVB4t9m+AGXF4zR9Cu23CTAbUkV1v0eI6KwjG1gfiGg== processed in 280ms
[2026-08-24 10:25:17] [INFO] [cache_layer] Transaction payload payload_hash=CdNOFdh5f9BIlJdXeQ5wR4IgQfXPsFnRjAJMtJ+0Azm6XnFe/YS6VWIcWqXBwBrtC0FNrOLBHQaYrUn3dUo7Kg== processed in 108ms
[2026-08-24 08:31:42] [ERROR] [api_router] Transaction payload payload_hash=CpYP+e4Z91mBxqgEEGsVK/2RQ7JMuRESMu2k0ik2b4QZmhOiOoFlcl69XY3KpUnYuhB6QWATMfDa1bV4SpWgZA== processed in 333ms
[2026-08-24 05:49:03] [INFO] [cache_layer] Transaction payload payload_hash=7HxMoI2sXrH/cF/W+SnWm8vjL57xnzOKXXEQ7bwrfxRc/ZOuuGwYcCAt8f1vDwVBOCgFvrrStsT65kiYn2ameQ== processed in 195ms
[2026-08-24 07:05:17] [WARN] [api_router] Transaction payload payload_hash=AeCpIkmvdnUsoEGMySEurt/YRGG+mCGbHfBSc9r31MzPsfqx5cdPLOlLQjOj9SGa4UhSkdRfsS7vXhYx8kf6UA== processed in 294ms
[2026-08-24 07:08:59] [WARN] [api_router] Transaction payload payload_hash=IW78XC7623TvIvPzPxwokDNyNusFPahHKOk2lc3qSFnsuUZyD5M/ULywfReK9SI+bueqpHc5jIQVJhLKLlnDLQ== processed in 353ms
[2026-08-24 07:23:29] [DEBUG] [auth_service] Transaction payload payload_hash=nfrK9xgmbv4Swyf+xpVHaUQxowyycR+XA1PCTTpcy4mfZj59MJvMIiX4Mx8sOTi3Y+AEPo6BUfkv6EGWbAaP5Q== processed in 213ms
[2026-08-24 07:54:17] [INFO] [cache_layer] Transaction payload payload_hash=rfHDZn4P5dNa/uaHGZPUDegIfJIlKUewWkBgfmxCj2xUcyzvodNlgsTsv5gzDwwv2sq+Q84ffRfNEfXalr6XaA== processed in 65ms
[2026-08-24 09:18:00] [DEBUG] [cache_layer] Transaction payload payload_hash=jgOsonkhZantQG3T5UJuzxbmUz/8d1PL0z1pc0ttFuMkXAPnqcRqEHpyHuLGn1JZs+7OR88VR05UOoesuGsNHA== processed in 318ms
[2026-08-24 04:55:29] [DEBUG] [cache_layer] Transaction payload payload_hash=q5JAxg4wAcuyK4Vr554bEdqLi1mji40IYDioLqtPhI1cbLkUr0UQvr/E62MCSMdutjJ4QWBj7LFsJcivDDYkUA== processed in 156ms
[2026-08-24 08:49:08] [DEBUG] [cache_layer] Transaction payload payload_hash=wCTiI0LeZaRbIt593sr1RyjqDH/8lnOnnY6BkLYluiHJq9IhRpHardOwMaCdz5zTJWknli79Z2+IiQwOWWToEg== processed in 397ms
[2026-08-24 03:44:17] [WARN] [auth_service] Transaction payload payload_hash=uXHLp291Y69uo7TG6v5ScO23HJJfyz7C0R2iKavtPtZGqH0cEQimWraazySO7S/OzoSZHtWXxY1+/wzHrK9rOg== processed in 298ms
[2026-08-24 06:42:18] [ERROR] [api_router] Transaction payload payload_hash=H8MleEck5M1OzmmywhPinfUwHXAZ4ejIwZIYF0vxvwVw2PggXtG4UBHpVGhmloAquQsID3nc2Ef26FVrYKZyXA== processed in 68ms
[2026-08-24 02:30:53] [INFO] [cache_layer] Transaction payload payload_hash=rGv5qkIMmCO0ROlhMamH2RhXiyn3yHKyhL3MpV8UtvwN2kJDIn0/+jTZKp9DNgBeg3wdgkayUL4ti3QbJsYlbg== processed in 484ms
[2026-08-24 10:53:08] [ERROR] [api_router] Transaction payload payload_hash=fAlkErqWoJbF3e3qzHNGxR3eZfrolESu+qgE3PSK7lgcQ219/ktkN0596Ii3b3QL4IHfZuQN6r32UW0FVDZ+rw== processed in 75ms
[2026-08-24 04:00:40] [DEBUG] [cache_layer] Transaction payload payload_hash=kUPzheXkD8yZ1y/J7ybcQ5db9UGxhQ4EF9Jd6Yi6ovGddT/Db3BzGJV6rjOtoTAwLm/1NGce7KOxqTIlG/cfFQ== processed in 388ms
[2026-08-24 07:46:29] [ERROR] [auth_service] Transaction payload payload_hash=NSbD2TGwECUlNMJu43JtdKHiHu0m5qpPG7uKuQ2CI+6tX14zde/v9VQzUXsCWiR67X2cfUcTKJ/Z+vcvWM7kQQ== processed in 385ms
[2026-08-24 06:04:24] [WARN] [cache_layer] Transaction payload payload_hash=6sKAHo492auYZV4TbLCOnzR5qbODDIRqscnXSWndG17gJcQo66xtBb6PjOcfheH+Si9RLHrOK3/3W52DrjCvjg== processed in 369ms
[2026-08-24 07:23:11] [WARN] [payment_gateway] Transaction payload payload_hash=6E+Up602G9N5ImLFeVqDoVwxuglFxya0wrS4i6kGkZKLBkWnPsXtyal5euUQIoCNOPW+1Zhv05Ggm9ywPbs6Lw== processed in 155ms
[2026-08-24 04:56:33] [INFO] [db_pool] Transaction payload payload_hash=0yXVxEOt4S8ZgftOc95V0EWHySyIquNvsdvqTqUJ/fcv6/UZSPXdEEteUQIh66TJsM6OSDC3otZB81P4aY2giw== processed in 433ms
[2026-08-24 07:46:55] [INFO] [db_pool] Transaction payload payload_hash=VR3tkqc7Gf8eGGz2DKNOscp2OZ+NCAK1AWPO3vNwjKCqcBt1rteRwpMuosferFRdLq4TeFYkOTCub+AUM0AYhw== processed in 211ms
[2026-08-24 03:35:03] [INFO] [auth_service] Transaction payload payload_hash=3vbyTsNiD2ntxGYf5Kye4k5jhYMEfco3prvDTeAPb6Pt1ZUCQM+UdE0HLRP1DG/bfVeZ4KZ42d4pZbzjWis+OQ== processed in 328ms
[2026-08-24 02:45:55] [WARN] [cache_layer] Transaction payload payload_hash=krvjaV+x1ltR4bD6WmFuINz8nN4kmlgMXObD34030GsU7Mw0KLwBKJXFVNS+5aVdFZGkwAxmLqh1Wzcafs6sww== processed in 373ms
[2026-08-24 09:46:52] [INFO] [auth_service] Transaction payload payload_hash=lQQ6Esj3AfWm2AIb69NftJ2z6QrdGpovl9Vw2xAEMsuRHFT4mjA+DX//y0/mgI27oDxT+7fPZqmOry5e6oxfAQ== processed in 492ms
[2026-08-24 07:57:36] [WARN] [cache_layer] Transaction payload payload_hash=K5Ks0Yc/VRH83LBKPXDs2Rq81e0tARF/5Zx0BeLjw/+05hijVu15+mg/zeUW8itIdkmXFRIsMfDvYdWP6V4wcA== processed in 66ms
[2026-08-24 07:47:28] [INFO] [auth_service] Transaction payload payload_hash=BrOgKu0qvVnJZ4z63kGNLjWjvPVyx1x/rGP9k1EtONy+j8sv7o6Fumwi6WYFOmpGqxZ+xgpu4znfSklbEshYyg== processed in 223ms
[2026-08-24 06:53:53] [DEBUG] [payment_gateway] Transaction payload payload_hash=jSTjyrA64rmgWXy3DM4372DMWf6QgSZfwTKbE4b8Yc4Dju2VuHc0izvXLDUm1Ge99YUjN3TXXMGcRryfToetgw== processed in 238ms
[2026-08-24 04:11:58] [ERROR] [db_pool] Transaction payload payload_hash=VO6JXJJ0JN+7/5CE8itPEoRHUlucXiB8e9Ecs+fwy/EA+ReB/iM6a26aBFq57ZMGbxAOlapmaw2gCdOnmXA2ZA== processed in 466ms
[2026-08-24 04:26:39] [INFO] [cache_layer] Transaction payload payload_hash=8ifSxkuTSThAYKqodQ88zZqcVSgbH96OgnNbiEhNDGxd0ck6483vcT58apjw1kGn4W97jaDH7qbJsppri6O8lA== processed in 365ms
[2026-08-24 10:39:30] [WARN] [payment_gateway] Transaction payload payload_hash=oJov923yT/hgo1OhpfK1OYbGxp/LqBbeqSPbdmcST4Zr5wo+eaWWl0eMI0y2+HgefKa/LzEjc5kAc8Hgnq5mKA== processed in 409ms
[2026-08-24 02:19:08] [WARN] [api_router] Transaction payload payload_hash=K/Ul4jdSeFkiLvF1I4jzS+H1q9Ce/+nYUM8mcHPvr8bmbRuIJzeqJHdNm2qKVFYG5soePwEeTG3ZxIppsUGdBQ== processed in 32ms
[2026-08-24 05:25:25] [INFO] [api_router] Transaction payload payload_hash=2leASl+xeBqBwBqP1kThf1jumOkNNMauCYmv3V6Av6wndoeadzf0Zp+Ui8GwRbOKvV95HJGEBXkfNyHGuVN2jA== processed in 72ms
[2026-08-24 10:19:38] [WARN] [auth_service] Transaction payload payload_hash=GfBHlmT6eDW3GCbcYxgAS0tN6w6qI0VXDX1oNc9Drv+otfF6zLEh34qcLlqg3Ae2bA32N7AH72fdtDkHRakvVw== processed in 100ms
[2026-08-24 10:48:23] [INFO] [cache_layer] Transaction payload payload_hash=3rm9Cjw2sHKp4uiPBh3ZHkz4e8N4zmN11HvJHMO18Zm9DYnlCxTOFoTZiI7XlqmZhtb473uMenodwLIsOThhJg== processed in 160ms
[2026-08-24 07:05:01] [WARN] [cache_layer] Transaction payload payload_hash=4ZxUtaZhd5F34dmAepiBlNCgyoHBnfCUtnfP0hz1uTAxi4v7ktflas3H2KrYXl/J0wMC93fjvGYJvclO/Wvl3Q== processed in 75ms
[2026-08-24 08:26:47] [INFO] [payment_gateway] Transaction payload payload_hash=4cOEDqBq3ox12UvEUy6plsqvGGl2LkF7DSdXI8Uh4+rcOiFpUfAJizbaB4GqP/5/395BULzTrq8R1Q79sal5QA== processed in 337ms
[2026-08-24 10:18:43] [WARN] [auth_service] Transaction payload payload_hash=JW2lgBPozjsFCrQZKOZ3cpuWhf9p/qRS3PMSNlfDVKndcWzl/ELsYgYHCeH+l9PGvzWKVdoQubuMYgZy3IeBeg== processed in 464ms
[2026-08-24 07:06:32] [DEBUG] [payment_gateway] Transaction payload payload_hash=A2nXDv782Z0q6kqw44GmGHLUi5NVBgPhS1Xq9U33HOV+Uf4N9BX8TIpkj9VXo1iVaYI54fqRkTUSwyyx4fH6pA== processed in 170ms
[2026-08-24 10:28:10] [WARN] [db_pool] Transaction payload payload_hash=DoVgoIF2tTg0zCLTuJWXjtubZTk7BPcWQp6KhqVX2ckdnlCan+tM0PX44BOF9OQZyUogZuC5gucS8Vvpv/yQLA== processed in 244ms
[2026-08-24 06:41:41] [DEBUG] [api_router] Transaction payload payload_hash=xdV+5tf84OM5Zh4PS1NA92U56CRMdQPFWtJT+4n+FTHlDfD38lhpBPVJfihzFIdLv2F5tCMesDSoJ798t/Z7gg== processed in 437ms
[2026-08-24 09:26:49] [INFO] [cache_layer] Transaction payload payload_hash=PhG5c6cFu2tiqjCXbNExGuEMOJ0utDxxQzQy/Yr/hwSN2Q516Tp6K3TdFuNFKicjNISsgcuwN4Ki5AAp/shCdg== processed in 451ms
[2026-08-24 06:52:30] [WARN] [api_router] Transaction payload payload_hash=V6KoEe1EG2TzZHHONe3MiySeEEG9NPWkgAfx72CzEh+FxU4Ztd/byBT04HxyrWd5BcSYeTFLDovxjCC5c3cD5A== processed in 439ms
[2026-08-24 10:55:47] [ERROR] [cache_layer] Transaction payload payload_hash=50JN6r398a2cFpwO1hgPcPubNIlen+n2qfE7R+VO54JqzgBbU+1ACTxVXxMMhrPSy3yNohZ/zDcHoP1MXQoNsg== processed in 410ms
[2026-08-24 04:08:03] [INFO] [api_router] Transaction payload payload_hash=bGBVZ1Aj7bF6r64wpsOg5v15sEIxv/6f8w8lPCSMTyzzmIEzsAGFtxSFdRIBbElmmH8VTjQ3/TMol94At3ZmOg== processed in 151ms
[2026-08-24 05:22:24] [WARN] [cache_layer] Transaction payload payload_hash=LmoE1szjaQxT2QsLSeOy8XFeXkKYrLxxSGcpuSCaUBaYo/wsmSs5RB18JEh2zgqp8Ulbbn253lTx4ozqmcbXjw== processed in 28ms
[2026-08-24 09:31:44] [ERROR] [api_router] Transaction payload payload_hash=0whPtb2opqsgQIebymlfwMEGWdWcKO4iiiGhQrR8YZkwfknOy/Nwi9xV1/TjJrl7DFWHzxeQWHgpCj3CV7ZVsg== processed in 389ms
[2026-08-24 06:16:28] [ERROR] [cache_layer] Transaction payload payload_hash=6Qrp3pgsC93A6A5WHDBG9mZb6W8nlESbXE8CNGU6e042oFyr8IMXm7TqauYpkpAcYzGFGBpTIBTUqwWZbCUc+A== processed in 273ms
[2026-08-24 06:16:57] [DEBUG] [db_pool] Transaction payload payload_hash=Pzvjd5evqNqMQZ+VbBwUqQ4xlIyRe2uvREZbP/nKnxhTcM4Nrp+5r6lm77Wab4KMOBziWT2k7FnatAfrskLXHw== processed in 184ms
[2026-08-24 03:38:43] [ERROR] [api_router] Transaction payload payload_hash=O45LW+kATWDC3it/GvR4bhTc5CU/1e4qR9nLCHLJCjo4TQfGwr272Um0Av6z91jhvgZhzRJbL5OMcvU8lDDBag== processed in 202ms
[2026-08-24 03:39:12] [ERROR] [cache_layer] Transaction payload payload_hash=7GJhyTn6gK7ZRImgpIwxwSZNYlaLA9Cn090mJg/5G/y6xGdVLkzvlMLhB+R1ZFo1E4Zcs0FADTQVbcrsQN5ijg== processed in 196ms
[2026-08-24 06:09:05] [INFO] [cache_layer] Transaction payload payload_hash=yfGvLkDl0nB2j1rv+ejUrXPX2953moYa4Md/KaO4i3UACkvNNGfNzijfHdwNHMvL6W5V99Jr6hCyPf6DaT/v6g== processed in 310ms
[2026-08-24 05:48:28] [INFO] [auth_service] Transaction payload payload_hash=Ydxfe5l09MKw8icVvDlrIlcHJ2Gjb39/+dzWoXBJN/tOZIn9lPHF/NTwCvsrQa5nvPYkxMrpW9ICqbfV7s55Vw== processed in 23ms
[2026-08-24 09:46:19] [WARN] [api_router] Transaction payload payload_hash=hn8qXeW8gfa0SsRInIsWCj5YwuBMtfwdBtMRL+N9wJmXWpCBpUqZudMSv2hFSDxDPXWcYlBwXZjrRRlRHcgIxQ== processed in 467ms
[2026-08-24 08:15:10] [ERROR] [payment_gateway] Transaction payload payload_hash=li05rk4yy1830VvzFTr4HD2y1NZzWUNISKPyGUvVz+MI1jajHTYuZljhyQ3j0t0bftl5t9B/6+1/wTpRL2mqyA== processed in 133ms
[2026-08-24 05:27:47] [DEBUG] [auth_service] Transaction payload payload_hash=U3aJK6HKgWnlxMXcA1zVbKbF/gjxT/vsu8eshZQbDhI2VwbrR2266zCPegRwQXquu67gXD74PIGzgMPBjiYcyw== processed in 93ms
[2026-08-24 08:11:52] [DEBUG] [api_router] Transaction payload payload_hash=lh6E5PrkNS7crBgQr7l88rGZiZftAbIzehsjKsY+4XU1iwbJ1Ha1BOJGpI3m5hktUveKJR5JMkFlSdEV7BIO6A== processed in 374ms
[2026-08-24 06:53:56] [DEBUG] [cache_layer] Transaction payload payload_hash=1yDxT616UWlSPjqUeTFOX8lO9TGmvApuMdOaBAyYCu05yHSzw5jqzy9czpmUZ19ZccAFZdwZTzPJvgljCdJX6A== processed in 240ms
[2026-08-24 06:40:13] [INFO] [api_router] Transaction payload payload_hash=vI9SGYMARxsXKArdDri/4SZpoJo2HGtF7zNKhpUDJ7G7C4JoA/6NHjBxdpdsn4QE3VdTVMkwDkfohjksWe9t1Q== processed in 119ms
[2026-08-24 07:06:35] [WARN] [cache_layer] Transaction payload payload_hash=IWErOlP+VNC/NhfKH1Ku1JmOXDqchar+4MeSNI3wJQAmETfpuXpIG8ptrZ5o3dZSeVzfHIsOJ/Etqn8YbwycQQ== processed in 387ms
[2026-08-24 02:52:07] [DEBUG] [auth_service] Transaction payload payload_hash=NNuVtT7JKiazfpmX+i4LdkIRcdf5JqHzphpnWj36otj/2yGczo6g3P0LQT/E2U4ccSfKL+RePOIrUoc+PeQ6ag== processed in 356ms
[2026-08-24 05:15:03] [WARN] [payment_gateway] Transaction payload payload_hash=Y8onb5BLNt9qBcJEHoKMCkFBLrpMKM6fw0um/AcfJsnDYYlkcn0YVd7OqfzrNpnC3/409sNri6k5w7Wozo/VHw== processed in 380ms
[2026-08-24 03:26:48] [INFO] [db_pool] Transaction payload payload_hash=YARMGBjcIlBj6171E3eGVcHD6bTEWVMdtsJBdaEc4SIDQTVFwBlD+FDyrx0AELvFEnxh17BS9Srf9/uuWjq/hg== processed in 135ms
[2026-08-24 09:11:04] [WARN] [cache_layer] Transaction payload payload_hash=SYQLtKEDZ07Mraq8JCIxrQlH2HurnAj+uFRd9OTG3JBqoylGOQUaA1m+AgMDGwfXvXfnJs3zxVc3MjAfKciwJg== processed in 323ms
[2026-08-24 10:59:15] [INFO] [payment_gateway] Transaction payload payload_hash=S3u5lsBcEUmwHJqKWMsluuQ9i09l7IjqoSI9GDgiY2ifXIQZZJ6ViO4RSTmvkxgijyrbcqFpueMk1Bmpma/9gw== processed in 464ms
[2026-08-24 10:16:41] [DEBUG] [payment_gateway] Transaction payload payload_hash=dYqDuUMaYyJzyIZai/eOJ1NkI5t2W4Rfxcm8SnZhDS9TbsBI7jszP0xM7YGZUkqD+OmRmzbDBA7IWLTAzwB09g== processed in 61ms
[2026-08-24 11:18:30] [DEBUG] [api_router] Transaction payload payload_hash=c0pm7HqTM7xqoZQvfVryZkbm1ZTMwFMdXbkIhrK+qzFcQwGsxRe4q0bywB0Qt4IHoqqQrFyWi8KTfHFqw3h5nw== processed in 41ms
[2026-08-24 07:43:28] [DEBUG] [db_pool] Transaction payload payload_hash=N64AGAtQEfbSYhKIJRpOgAq9emaKseOhQbD+SfynxqqA+kqMwiybaKTeMwumt4D38idaqJagdzSoZnoW80GrxA== processed in 21ms
[2026-08-24 09:37:43] [ERROR] [auth_service] Transaction payload payload_hash=tBtn3Gz8FbU7tVzr/uwHcf7HIy7vW8h/tKSPQCx75XQsa57wEqt2fY8Dlyt47SnRQVZnW8BpNF29FCbAbSYdjQ== processed in 85ms
[2026-08-24 04:20:31] [INFO] [db_pool] Transaction payload payload_hash=eP5lz/vcHI9ulIhUvZKae2RNLOW7sl9cdqv2b6Cern4U0YWjXF/agf2kvOkLYdaS3wUUce0vfXSosLGMRYex5Q== processed in 373ms
[2026-08-24 02:17:46] [WARN] [db_pool] Transaction payload payload_hash=R/2kEEadtY1CrVSTPe67KAO3NecUo5Z8PKum1P3sNxNooju9CKd8EEsiHrgvBUbSNtH3S82cljtGlA+EbiQ1bw== processed in 212ms
[2026-08-24 02:23:03] [DEBUG] [db_pool] Transaction payload payload_hash=+Wqs2YSpkB9g7NPnherdhVvyEHTMGq2Bj88uSvfhJpTBrf9Os6Cpa3ZuNbRAgUA/S1RMi1PX0B1yCalTN8a2ew== processed in 413ms
[2026-08-24 07:31:19] [ERROR] [payment_gateway] Transaction payload payload_hash=419vdfJZZbmjG/y5H5txPjXRD49ewJg5nigsebZG8ukqi87DmIcuamSZmQ4Qx710p5nQrHQ2mwmwhD1BCLIbdQ== processed in 275ms
[2026-08-24 07:35:41] [WARN] [auth_service] Transaction payload payload_hash=peCu2JU1QXWrb7iuIGAAxk+2sDCJO5gq3EIu3oJm5fJAhoEsgpSP2BDdQ7Kkw2IqVblWg0T7Sw+2+/3NtcY/xw== processed in 480ms
[2026-08-24 08:10:37] [INFO] [db_pool] Transaction payload payload_hash=PxSTI3zykZHAUWXPngh2nfdNuKURZ+Jl9u9rcMGfg4g/ckVZ0vt36CP+WUbaAx6h8vhdRGWnofdx7B4aqNFYqQ== processed in 227ms
[2026-08-24 10:12:50] [INFO] [db_pool] Transaction payload payload_hash=kuCgPcgYaNyW1+UYSVHPFdynONL7SBkJ5jJ3imXjd1fA3ahBHNl5OfW3oUWazr6ym3ElOkBcyAIxgAfPHgSdww== processed in 212ms
[2026-08-24 09:56:13] [DEBUG] [payment_gateway] Transaction payload payload_hash=SB2boEG0GVyn6G9HN1T7nGvLnX8/RFAsqxXzb5Q9a6dGkyyq0z1AR4FwHabGqTBMBUQwBYkG+ICVQ2JXY8e9VQ== processed in 301ms
[2026-08-24 10:05:53] [WARN] [api_router] Transaction payload payload_hash=Id0sGLa3O18yrn7xX+miQOxk5zpVXnWodq4K+exgqKLtK5g0Ya4ufUEFu87/IhuAW2onQELL+KFLffJJgZTh7g== processed in 419ms
[2026-08-24 07:49:24] [WARN] [auth_service] Transaction payload payload_hash=Am1N47YdXVTx8cPrOSMNvGst6fizoGY6yCgi0VDwNO7MpbNhhRrCxrswqTb2BfB4yfZhI0iSA5Hko1nGhZF2jQ== processed in 140ms
[2026-08-24 08:01:04] [INFO] [db_pool] Transaction payload payload_hash=QO09uVd0YmI8Ootcg/NiiXN+Wsq3uLSBb7ufZZm7MGDiYeUZzKypHTN9hOQ4kft0KZT5YFtZu+xuXGt3yTR46Q== processed in 14ms
[2026-08-24 09:36:35] [INFO] [auth_service] Transaction payload payload_hash=e+mtnIEw9Kqbv0bxUvZdLCi/bcHS1Szp6pkxgMrT8JX2/hF16EZ4OUmWP7AnManzVBgqMkO8lwk00nFxU3rtxA== processed in 181ms
[2026-08-24 07:47:34] [ERROR] [cache_layer] Transaction payload payload_hash=u0dCnPWM9k7yaNseRyb5vFk8OGoe+MvEzCnCB1O9GEbEuJRSOJKctdGWkk3Fwwcsc302X60z1JQcCE8h0JINCA== processed in 496ms
[2026-08-24 06:02:10] [ERROR] [api_router] Transaction payload payload_hash=EZq49MFnu6FerG5c4bZrmMBZnKAZwFSeT5Sug23MFN5Y5LKzIR5RwHrYMBDOdsdO++qTLQeXkxqE3OLclbU8Ug== processed in 93ms
[2026-08-24 03:23:44] [WARN] [api_router] Transaction payload payload_hash=Z/ratdlqyC+epvbtnNYpseMzSA//FLtG5hoq5lbFi8O2cdrmPIoaAufzAvoMEPRCVaPdjppqBFM6aVDLzdeAAA== processed in 55ms
[2026-08-24 03:41:27] [ERROR] [payment_gateway] Transaction payload payload_hash=wcsdF++8mB4f1P3JJVe7N1GKT5743ypJV8+K6PkwHPXZr6YW24TKvImXiX0XDXcfboqGubBqwXnnDlrZ2bWAqQ== processed in 233ms
[2026-08-24 10:24:11] [WARN] [api_router] Transaction payload payload_hash=YQYbiZuFWdPWoWCGhOu4isKDLcBOOObqfNsPjNAdchdTFhMCw0MxCetmNWU12qMHk4sKlI5CQ7m6bOo8xNLZjQ== processed in 489ms
[2026-08-24 06:21:09] [INFO] [db_pool] Transaction payload payload_hash=BMhZNqJJX3nVNz0GoUQm3Ftk3wrLmIBD98PGYxUdt/ErNY+81wyYeyBVb9wqROpNtxx1X2dC7X+JL8fWXvGFTA== processed in 304ms
[2026-08-24 10:39:20] [INFO] [cache_layer] Transaction payload payload_hash=FCxGMITExrMPrLVa0R+ROmjOwSHZIp9coz/mls/wiUSU/KDiZ3xo1v9TO73jRUeTVRlEhoSNW9YkLafsWagayw== processed in 56ms
[2026-08-24 05:09:34] [DEBUG] [db_pool] Transaction payload payload_hash=bJUcbKdrkY3/n3jL06p5E0EIw2wwsT2l2CsVGxNs4n1j4ex2qfu0dqoPM9N3z1OuQDEEz3UPTtrowYDfHFLdVQ== processed in 321ms
[2026-08-24 08:24:58] [INFO] [auth_service] Transaction payload payload_hash=bpRS+H8Gplh1ZyyBoUprUW6wqxgj7U0nRTjuhSOyBtKC0EERbdM5feJTnH6yBJ6Z7zW/PWQH4l5g1Ij1KBOERA== processed in 398ms
[2026-08-24 02:17:57] [ERROR] [api_router] Transaction payload payload_hash=CetaOrb3dHbKAF2u7mObbQ7WI0NstjVerJQ+fDml1Y2rY/4umDZxxIrEbvmZL0G7EKVn72xNtM7QlCmHhvyBjg== processed in 58ms
[2026-08-24 08:16:36] [DEBUG] [api_router] Transaction payload payload_hash=50tSvaC0/x/7buKpoI4CYu9z6cxAGKWNT7qRb7vud86cLzV6FBSGXUtIZ1CsprxL2C53Cv6bguivOQlK1ClMcg== processed in 235ms
[2026-08-24 11:11:02] [ERROR] [auth_service] Transaction payload payload_hash=ouu8HGPj3qoTUe61CrLZFMV2lHbo66zoSY+D3B6sbN//wTvl5yTRIEIOpCuUutyz7k9rZ5qleISgy3qDFGY2gw== processed in 146ms
[2026-08-24 04:41:22] [INFO] [db_pool] Transaction payload payload_hash=lu83syRjmvgbmDILxlJ/LySjTHulbQfJ23MqWkKGf7WllmPuGmoJbSmVxhBhmKSxv9BaoIXqZBTAoQ7HPl/lYQ== processed in 321ms
[2026-08-24 08:46:35] [ERROR] [db_pool] Transaction payload payload_hash=ZQhHZ9ppVXXbeHOAG9wVM7xr89DPQThQoqwDSA/DHw+T0Q/5C/FXdP2MB4zqUjIByhw6W+iU/7mtXV6i4RciWQ== processed in 78ms
[2026-08-24 05:24:12] [WARN] [api_router] Transaction payload payload_hash=a2B4RtBJgTMIV0K+UYSwKEK237DCWnABclVY47KCss2GdPp9BfrzC5XpBCVegUYUb1+llBtuZUhJsXt2u3OmDQ== processed in 355ms
[2026-08-24 11:09:03] [WARN] [cache_layer] Transaction payload payload_hash=2pBq01M7CksjZ1aGbX0aU1LA03fE8VPY20KuqOKClY5yE3mvZPoh4ymeAZgMKgsDaiWthD0GwuVwVNfbI0FNYQ== processed in 274ms
[2026-08-24 06:47:54] [ERROR] [payment_gateway] Transaction payload payload_hash=Gx9Y73evrltZteYnVhJySGSAA1CpVIXmXXlCijsaAyEPUOA29fm4ZpbX5vrfv9yOm+4puwKCGbaAHSfE1u6v2Q== processed in 347ms
[2026-08-24 08:57:46] [DEBUG] [cache_layer] Transaction payload payload_hash=oywH9NEBIG2rb3brhDTSb+PPu3F1lsqUqKih3hVrld6sX1OCaAlq65Hg1l9HTT1MPjvn94AUQtKO7feMkiNi5A== processed in 248ms
[2026-08-24 09:53:03] [DEBUG] [db_pool] Transaction payload payload_hash=zk9bCuUEo5M0rD6B+wuKm1PId78+HCCkvqC+JWRxc1bMzEl5OGuSNSGDDhL/1Wxhe/NS2vlyosv1YhHfp6iciQ== processed in 378ms
[2026-08-24 03:06:26] [DEBUG] [cache_layer] Transaction payload payload_hash=8ufdCSlMkD+QJ3VQHEUbrtmgVGQkPOz+buTPXLXp0i6qO9CGXv3n4ybSFxLTuBDQ4W7w9WpVrw7vTsV2FvS6dw== processed in 68ms
[2026-08-24 05:55:33] [WARN] [payment_gateway] Transaction payload payload_hash=myneT+xsR0w1XNoX8JZMcVr+TEVCOkdmAfjX/0RE4VlzY1vHOH2q6d8dYbE8BTE/rb6CgE67B3TZWd2uvuHNnw== processed in 379ms
[2026-08-24 08:56:13] [DEBUG] [payment_gateway] Transaction payload payload_hash=iSEcLx+KIqWrE7L7nKJFcD3Lcxl69luZLsTiwe7KmwPG/ibRkQyO+1PnZa0jA/t+2px/BSmWzfQmA6EKpCpkuw== processed in 121ms
[2026-08-24 10:53:24] [DEBUG] [payment_gateway] Transaction payload payload_hash=Pq1byL90TQ6BesrbARcgwR57t8Z5GqYIUPr6irHRskQUFt+cbIFOHRhsNQEluwZCeQr5jdPmwXVF22l3im9zyg== processed in 61ms
[2026-08-24 06:01:05] [DEBUG] [payment_gateway] Transaction payload payload_hash=rMo6Eaz40/O7RuN/VROktnWWIihJ7aGytSun74Ros+wV969xkZyo9ShsKbp1Nl2DrX4wL5sZu7kjJOgdi1OJ1A== processed in 272ms
[2026-08-24 05:45:41] [DEBUG] [payment_gateway] Transaction payload payload_hash=ibYDY60F/YDT4s8SLPDqVDImOvI5tsFdoC6B/9onmQ8Kv3iZIqifQxFg+yPxrp1NtGxBeJ8RZQMdKd2DTCeLbw== processed in 47ms
[2026-08-24 09:27:13] [INFO] [api_router] Transaction payload payload_hash=LIqkOjVBSM4Ze2EDia5xWINqdBSZBq6tEDNseHoO+lOInaYzN6BqFxevBbpgLscnp8RcNThAOgAk8a786FZJRw== processed in 394ms
[2026-08-24 02:58:22] [ERROR] [db_pool] Transaction payload payload_hash=kDUAEacRuaGUtWrF53zkXS5lh3ALMIdqoNQgSze28hHkevbNxs+evgrYjZ/wW6Y5yeONmy48Xrmb+8Q8e0CVdg== processed in 209ms
[2026-08-24 10:33:50] [ERROR] [auth_service] Transaction payload payload_hash=y6jqX4GlYbvGhHRfXJspw3qkRFjyZx9VJy5kTFSd/REv5t+irGOZop2LY1p3W1SRZsdPF/jC3F8C74R4GGbPwA== processed in 395ms
[2026-08-24 08:49:32] [WARN] [api_router] Transaction payload payload_hash=cC7mOsnlglz0u7sm+kGdiA/2keHk3HtP47pEV3/aOJzwlek5xB8nQGPXBgsiVpsV8cxN2r1A9/MWgnDl5HZPpA== processed in 436ms
[2026-08-24 09:38:02] [INFO] [api_router] Transaction payload payload_hash=3muKmew7MOm97nlxGOjoc2XA2oY5TWG5lk97Q+QHya9vfJ7C2WbmLXVn+DT7027xK5QTwgjsHitYOnnmajeFOQ== processed in 302ms
[2026-08-24 04:50:14] [WARN] [auth_service] Transaction payload payload_hash=d4MLiOFqY+te/Uhwwr1i2OuaSeJ2P16adWBW7nWKmt0aTnuzyRAGuAlXgHTaqLxO/Wc97NmcRj6/cANGVKtunQ== processed in 5ms
[2026-08-24 02:22:43] [DEBUG] [payment_gateway] Transaction payload payload_hash=Yu9tMb/uE4m5+WerZTfi+Ws25LyOFZIEH78CwVHdkujF9Be8q17DD0TnyZ58O3Y5FHg9UBcGFwX8xvKYeCT6Fg== processed in 360ms
[2026-08-24 04:38:43] [WARN] [cache_layer] Transaction payload payload_hash=GxX1A3h5p9eV53xVTuL2hC1mSdlYe7rW6m+D61H2JVYCSPdKpltFQx7gyF+QlT0AFjBQDWeyKSYCHL6lgRGSIQ== processed in 289ms
[2026-08-24 04:19:26] [INFO] [api_router] Transaction payload payload_hash=tjuw74RT98tHHpASAR+pZwCzQph3TZmqnjHIX3088iA5EEruujKnFBY1MmGFrcyNWQF9kKmq1ErSba7gYxYuzw== processed in 260ms
[2026-08-24 10:09:52] [ERROR] [db_pool] Transaction payload payload_hash=wlMDxJUW9iEohGglV9M7se1yDbn+hdOzA2lSZiA3gttud1Sdopr3Py9FeuMTTq5r4vDvDNUJqYbAME2wf42RjA== processed in 413ms
[2026-08-24 10:39:47] [ERROR] [api_router] Transaction payload payload_hash=xdkBcTR9y+OLapMVgVJgHH46Uas+NIVd/LKjsM05zb2uLZ4SzQVUP2tkp504Q67e1yMaqxs4/T8tYY2oVRBj8w== processed in 417ms
[2026-08-24 02:44:11] [ERROR] [payment_gateway] Transaction payload payload_hash=Mo6CubPyiHjBxZJd1n0sv1yQU46ZfyKmVMmeN4A1+/tC91Rt2tIespk2NQ1juJ/D7L1AYwYgeXY7RaOsFAbL6A== processed in 4ms
[2026-08-24 10:50:03] [INFO] [api_router] Transaction payload payload_hash=PEzhczo64wxtzDwlZlmMYG4I4NZEJRXRlxbKX8oKkOXMwh/H5IY2aWgfPEONac1bVfU+qJYdO1X3pqV0z0y6Tg== processed in 282ms
[2026-08-24 10:38:25] [WARN] [api_router] Transaction payload payload_hash=ZnvgIjud4Jpxwoca9S3EG8qroAYRdscVkFHnMOvdHb6LsT2DYPgLLoU5E0y4mqkyTBvuesHoY+pg1rUiSEgrLA== processed in 261ms
[2026-08-24 11:07:27] [DEBUG] [cache_layer] Transaction payload payload_hash=VkcZEBkyz2BlbRSJAHsYct5LlvAFUD33orNuzcZlnqq8XAEzaVE7QoZIUIjDZjfqDYL5t82sl6zFGEwuZ0ii9Q== processed in 3ms
[2026-08-24 03:44:33] [WARN] [payment_gateway] Transaction payload payload_hash=AQDriBbGS0aDWTbp5d1fGUdh+TomcU7HbV3aRx6l01vrkDC+iFlXsISf56e71PGXuqrNAyJG8t7VzpDMVVNGHg== processed in 226ms
[2026-08-24 06:03:16] [WARN] [db_pool] Transaction payload payload_hash=1Zauz1kfkV6NScSW9N7tWB3m4/T3kkQDb+zMAF1Jk9Ui+pUsyGNH7MMcGRRrR9+6UfNpQsiwBY0nDrJQxUbdfg== processed in 175ms
[2026-08-24 10:01:23] [WARN] [payment_gateway] Transaction payload payload_hash=EurJAL0Ng42TNpO3+EO1ZzQVxv1w/Yfc0lyZyaYrCl2z6rcxHKdBHRVBiHBsdlbfypbVRa2RajMXES8NlZWT7w== processed in 98ms
[2026-08-24 08:45:55] [WARN] [payment_gateway] Transaction payload payload_hash=xpNFEdSCyfRB5RvjKBaAWDLzBUuGPUwIsTwKre0vZEUQCqOudcH5Jpo3Iil/tY2NB/5WurxMfDPUvW/A5Fa5/Q== processed in 97ms
[2026-08-24 09:27:00] [INFO] [cache_layer] Transaction payload payload_hash=/XKHZQjx5I1nmO4g7iJjtUWv4UBWXnDUDC4Ll+otj1fnrQPbJh+RXBqut+Z2rmIRsf3EWsi8cadR3igCejoeVQ== processed in 187ms
[2026-08-24 08:47:55] [DEBUG] [db_pool] Transaction payload payload_hash=ZyGTOdNVuCxM1JWEoyZ7kVj9NSWf5z1aRZYuPISeLDsio/h/U+JtT61CaJNIrhE3NMyfrUXZUrbHvJdBOGnWCA== processed in 417ms
[2026-08-24 02:41:11] [INFO] [api_router] Transaction payload payload_hash=PDY/19k8dVwbp3Ydpdh7XHqnLed50y/HhsRDPnFv6oYI6bUM8bL93FWKVgaNGQTB7ur/wrl3UEzbrSzjKfUpgA== processed in 51ms
[2026-08-24 10:46:19] [ERROR] [payment_gateway] Transaction payload payload_hash=2h7/o8tSiStrs+HYlUJk7kUD7TQkfVZK0xbojKhft+jMJVKcIYViNRwMpphn5iZvSg1yh76S8hlhudCEIvr2Lw== processed in 349ms
[2026-08-24 04:56:46] [WARN] [api_router] Transaction payload payload_hash=e9uDKc3ymnqqHCTP/YvmaKmYipA2XQ3LMoSZj1qXatxKesTxZcsrzNUX7vwgEfDyRDoejR30ayV77iXerFvV1w== processed in 278ms
[2026-08-24 03:49:55] [WARN] [api_router] Transaction payload payload_hash=dGngjHXPQWrDrS7SS3gQwCcZ9BYRuo4TkSM6kY8ZJ1yFUbuKZBpmy44TicxvEedQiOdIcAHLXn2mwcGlyid/DA== processed in 13ms
[2026-08-24 03:25:09] [WARN] [cache_layer] Transaction payload payload_hash=YNJsqf8jqvzZH1TWVPWgWPAGoSb45uVHBvOYAHtTJl++tTKAc3JVdRVDFKdgHHJzTRmcmbtoRbTWYRV6iAtEcw== processed in 190ms
[2026-08-24 03:07:37] [ERROR] [payment_gateway] Transaction payload payload_hash=xMTcXR+be1HfryjmfLRXWYHaReduQDH9e/7yT4mHJAckgIHSGIh+e4hLPrWmYXxNjJcCrampv6cJsKIuxNmReA== processed in 82ms
[2026-08-24 07:17:15] [ERROR] [api_router] Transaction payload payload_hash=lzgZXqsksK+g4PZn1HRgwK9wzf1xehINGv4bn0vxpd3ILGCl4NcTpDg/oT/0hqcckaMiDE5lz8ZOYjy15W8R4Q== processed in 424ms
[2026-08-24 03:01:50] [DEBUG] [api_router] Transaction payload payload_hash=j/3t91BldvidMRUle+qGQoq+XUGs7LCpWQS96qLDybq8K/SSyE+EC0iBrH84wX5T4UfLmJ2KepJU7iD7ePQDqQ== processed in 68ms
[2026-08-24 11:21:12] [ERROR] [cache_layer] Transaction payload payload_hash=cZqOqBlbadcHGLMO2t0UrKJ1T+3hGbEZ96wN/amF59s+wY+/wb1TMYJJWHx0fNKyMvcxrWKVG2AezsGziBf09A== processed in 360ms
[2026-08-24 07:35:07] [DEBUG] [payment_gateway] Transaction payload payload_hash=+Q81khOMv/KYKdbe4PKM1NLdlUw9Gz2Z4Dpus9qIfl4iV8fuWQ7g2zsQdYmhjhe+IwGgj8RjbZJKj3UOMT0Qhw== processed in 209ms
[2026-08-24 08:19:20] [WARN] [cache_layer] Transaction payload payload_hash=E3gY/Rlmkw542tKT7H5FJEr3FDK6mBZASsefM65FyRYrVdxPzfVPyI0t1XurYT/tsEDv3OLvO1BglHx3CTF+Wg== processed in 433ms
[2026-08-24 08:39:12] [DEBUG] [cache_layer] Transaction payload payload_hash=rQ6G47AQC7SpVDjIU6nq+ThIUOyRJlpc3H/di0HEWR1lk16kLroi5Q8AkU62nZ9NaAMZJCP6lXUeALdVyDNXlw== processed in 407ms
[2026-08-24 06:57:39] [DEBUG] [cache_layer] Transaction payload payload_hash=hQG+FKQRrGxP8p1mYmiDgCMWeKnjiCCDcuO5rP0qwu+1BuUHnmoX/2wz8+abYqyzJ1wml74Ut2iIcGcJGTPBiQ== processed in 303ms
[2026-08-24 07:45:40] [INFO] [auth_service] Transaction payload payload_hash=TmfJQcLQ99ljA2x4bs82XTYEighZiYcMzpL0iqJFo0F/pwUrjvKvYw2lvEMvP/q8Th+iiLAixm2R5NFB9XP8LQ== processed in 75ms
[2026-08-24 03:33:38] [WARN] [payment_gateway] Transaction payload payload_hash=HJcu510xsSyv9z1BkPbtlRyHAZB7n42jNCtQ9CmzoaKvU9jc2UXR4FkKI/SGxVSETmLNosT0CwZtS+GqFZ1/Dg== processed in 491ms
[2026-08-24 02:25:13] [INFO] [api_router] Transaction payload payload_hash=03ddkbRpsW/wEZE3muDnk16Xvwu4wJ7ToqMiMeXop2i83o8y5Tw40E7ap2j5mj7RU+1VijEArtjYB85GtghPcw== processed in 27ms
[2026-08-24 05:13:48] [INFO] [auth_service] Transaction payload payload_hash=uZQ3HqQmoUuPTv1xn4WtFATHufSOqKlUS0uaGLhEuOB4hIrKHt4Uk9oDQ3HNnnMu4MDRTv+HRr6cb5W29RDSrQ== processed in 386ms
[2026-08-24 03:05:12] [ERROR] [db_pool] Transaction payload payload_hash=2nGnTiZyX5ceZQ4+rOFJD8T82/3a2t79a+HkR8fF+2sEKquT9DoIYaXlqmaRIbzHL1JBAWg556E4xd72k2OpRA== processed in 65ms
[2026-08-24 06:05:50] [DEBUG] [api_router] Transaction payload payload_hash=evytyPRZlsMaLZwefZKYQEWV1kL4Ag48rRnuDzghv2/q7wQk3K3a4qDZioRSsQWH7jL08zchZZCcveVr5a1Dlw== processed in 114ms
[2026-08-24 05:53:16] [WARN] [auth_service] Transaction payload payload_hash=5m45emsKutLgoGyDCYFF+GBkEG/g4ymI1tc4eKtWrXlueCw/JzdO3tXXu2TLhAiP486QW4JscX14oUStkFxLMg== processed in 289ms
[2026-08-24 02:38:13] [DEBUG] [payment_gateway] Transaction payload payload_hash=ztSaSF/85NXOFc1bC74mXZyJnuS/gdZ+qr+FX0gAxDHEjwxo/HRrlrs7YAf4kNntca8PWx6IIo6mQ4/FpUr/Ww== processed in 115ms
[2026-08-24 03:00:55] [INFO] [cache_layer] Transaction payload payload_hash=LnN2otL2gFfjSapIt0jrstJ6C0+cIesllrMCfs0RMrQKanXkZ/iSELTzdB68iZ1WKnv1w6fWiPgduz2H+RGLjw== processed in 456ms
[2026-08-24 05:41:38] [INFO] [payment_gateway] Transaction payload payload_hash=8VsXL2ZKg8NimJ0mhDytS2Q24vo62O9n2h3IRdpmcdovpl26De0ZjO1dc25ouBcPq1xBb0fIwfi70FSmeCwAkg== processed in 145ms
[2026-08-24 11:13:12] [INFO] [api_router] Transaction payload payload_hash=yXBTYWDa0DFKTpXLpqc8aEQlGf+4txWxSSfbogiwuH9apIbVybUgYRhbmQhaDr53SGfaJyIOUZrpUHwGoH4NgQ== processed in 405ms
[2026-08-24 07:30:43] [DEBUG] [api_router] Transaction payload payload_hash=AhO/pKeOi0FfurW6ePGWBUaTlTwXc2oGHGN2alJmdnG8KVb+ho8TJlmVRvrR8b3gy8HpNbndcMXI4CEqoZCLrA== processed in 238ms
[2026-08-24 06:38:45] [DEBUG] [db_pool] Transaction payload payload_hash=CT7/210dscpt/0MDakeCS50H+WUXR4snx/9YLWEK3/aaqiCUvSmnK3+xKLe/q5O8ogESIVMDV9ADpOPZ7mC8EA== processed in 493ms
[2026-08-24 09:31:58] [WARN] [payment_gateway] Transaction payload payload_hash=+5FE7e6lyVxILWt2NiOchg5WaxyycY8lJSD/m3MA2Wse+mvdo4Mm+VhH4WyWAbRDNOnL6+3aiNKjlBEJKn1dGQ== processed in 386ms
[2026-08-24 05:45:24] [DEBUG] [payment_gateway] Transaction payload payload_hash=IRNYi+ExPBx774v5l7f14qKzdNEN8mwlJNX0Vcno76Q5qsJlOJeeAUl9lK1mSei7M473YbXhiX4t0TSXH020qw== processed in 171ms
[2026-08-24 04:29:58] [INFO] [api_router] Transaction payload payload_hash=YXx7Z8uxaFBcTSavJOb1XTsEF1BzbXzQqnWFMBZphvuK9KpPxSx5Xp2ttqqRjMyqY5sXh02phTwGu/sv59YrNg== processed in 314ms
[2026-08-24 06:16:00] [ERROR] [db_pool] Transaction payload payload_hash=gjGXEC/RgEdGwFKqKWKQ4HJYo1rJzKcX+FQ0v1fkpjXyXf4fn22w0owPqVUOtkEwG4JIsjHJ3naRPZKFF4Rv3g== processed in 216ms
[2026-08-24 05:28:47] [WARN] [payment_gateway] Transaction payload payload_hash=772afUtympnzCDRoC8pd5/sC9Kl4zCZxhRoJNN0FLMTjhYVzZ7I9tYZHbM1jzu9Kx2hWTTpvAew5hJuh8fZuBg== processed in 351ms
[2026-08-24 08:32:25] [WARN] [db_pool] Transaction payload payload_hash=6oSAtpJ2H+AXYxvWP+PtxwP6mNFcimOIczBPR5v+0xVDFx5TnFZoNNgNIJKZ24UxWZZetXRsqbL15EEhJOZ65g== processed in 485ms
[2026-08-24 10:17:26] [INFO] [api_router] Transaction payload payload_hash=FcPDUB/ZiSZRAZzaSgREGl/3x/Gt1LIP2AExHrJ+TiyPND+DCqYpS52cdgRGcpLeE51aVuV2rLCsSGIE0gz6kA== processed in 395ms
[2026-08-24 04:34:48] [ERROR] [auth_service] Transaction payload payload_hash=v9pixLNQd48RKuYp4W0Ustd1TyQQWkL8DK4oeoSR/iojZcZc6Wz174xMCIbxJ3wr5yHYM/airU1WNT/BJo1f5w== processed in 411ms
[2026-08-24 05:08:06] [INFO] [auth_service] Transaction payload payload_hash=SkxPou2M6C//x4xvujjSQmPSZ+halue5kvegRmcEmA+s+S2mJlblG7YsqLnOywjFOw9xuWtORsaeMm8lWprlXw== processed in 482ms
[2026-08-24 04:31:51] [ERROR] [payment_gateway] Transaction payload payload_hash=n/C5YIEzD+1ch2TykCNLxMzcD6VX216YMVa1bV+voNo7IhS9tjlvq25a9oWPIkCtL9VQJGnfpD2GovR0dDGu1A== processed in 1ms
[2026-08-24 09:48:31] [ERROR] [api_router] Transaction payload payload_hash=0OZpHCxWRh+aNnX7Qvg37JZUvvRoT5Hni1X4tTgJGCHmiyMBY+IBThY6SPIB4mAIMvXfX2MZx3GgJxh4TI3qrg== processed in 69ms
[2026-08-24 02:55:37] [ERROR] [api_router] Transaction payload payload_hash=RjS9TexYUlwSfkeeeICMvtISjJ6OJ8FKjn0PAUvzTO02iUIKgzHcD8iCmbi2aJ09em7ITMtFz0vJPMyadnOlig== processed in 373ms
[2026-08-24 04:30:02] [INFO] [auth_service] Transaction payload payload_hash=SVX6O5azY/DA3JxeIbLWoRXQREanxttESzcI0PSuHQhox6eb8CvqiHsz0wKHf8Y0qzJll60JFJh5XTmbTZ81VA== processed in 176ms
[2026-08-24 11:16:40] [ERROR] [api_router] Transaction payload payload_hash=pmrHn3zzsnFGzQxjL5rjrtoakuNWQ9fMCG284P8RFRczi+i3eBwfUHUxii4TcfkijlsB3zgQEjqQpHcYZx06nQ== processed in 495ms
[2026-08-24 08:39:23] [INFO] [cache_layer] Transaction payload payload_hash=FJMn3IUjSks5lM73Pdr+SnXL8tRR4b+9Idx/jiY73zvsvl6BcvK3AiGF6x19Rb4vYX/ePb7baaBmADuulJY+Dg== processed in 481ms
[2026-08-24 07:38:27] [INFO] [api_router] Transaction payload payload_hash=PF9Cgmv8Ws0RGLzfoRMOdiRFWWW5Jgv3Z86iUdK5RKcx2IjkR1YyXp9JV2vkawEw7Ed4o2q3HM8C3xh4j9HelA== processed in 82ms
[2026-08-24 06:58:57] [DEBUG] [db_pool] Transaction payload payload_hash=VXlZUDCEdouCRdmMB92vCTCSlS9lb4tqltSIkJhrrsmNKeZVuhgbt19LlsGPFh8niXpegJ0dtiqohObRbp6KBQ== processed in 444ms
[2026-08-24 04:57:51] [INFO] [db_pool] Transaction payload payload_hash=w4uqe2cHB6OG9iyqUzOI6/4/xiUNVx+8HRA9yepN1jBRFRvPyb7hBanyb9rwMhNvTlW3dt0Z19v1kdRmqRqw1Q== processed in 23ms
[2026-08-24 11:19:05] [DEBUG] [cache_layer] Transaction payload payload_hash=kEFRK1E0pmyQkG0unI7JVUIgNu47AiXRyhhcQI3WbVVIZg0II+sOUGvSsy75iz/YYZMlZlg3H/a4OKTIJketRQ== processed in 304ms
[2026-08-24 07:03:02] [WARN] [payment_gateway] Transaction payload payload_hash=hFpybEbVbUJnHPxynWU5/oleowlyJ95HhqXzdVk5euAPpXpWA/cB7zVqKQJAukJXS1/mjC93IC+tLO921UKDtQ== processed in 318ms
[2026-08-24 11:19:01] [WARN] [payment_gateway] Transaction payload payload_hash=wCOjMwUIDBOLdeV4O+sjJKCqXbaI9sSesd7NWcBkkbF8Vm3MLKqFLtkzMSpKv46h9sq4/X7Fq16JYIL+yhBZmA== processed in 366ms
[2026-08-24 08:09:27] [INFO] [auth_service] Transaction payload payload_hash=0p8A772teVBNqsvg8SlZ0M5JJ9Z86LIu9FoMb2P5MWdh8NRZnO8s7izFy70IIF/1aMQRLS3VyopdLhCr5MO1SQ== processed in 431ms
[2026-08-24 06:18:02] [WARN] [payment_gateway] Transaction payload payload_hash=F1a9YhaayQi+XcK3WsqlUaHjF68y/yF9EIY5HZezmeYY+r0840xYV8YXmQwyh2TOlqjru+BNlIkN6zECo7xmxA== processed in 70ms
[2026-08-24 03:52:07] [ERROR] [db_pool] Transaction payload payload_hash=6Ue458ZR7OCyl0hHyVMiMfu0IzCcGlRiPmB4vGtpAvPzZZr8851uSeWdoSxS6JBfCdc9Kr9T3L/sYI2KlovrEQ== processed in 395ms
[2026-08-24 05:59:33] [DEBUG] [auth_service] Transaction payload payload_hash=k7PSNFHLluYFvSNTa0E/xHHwS38BqH84ATJrGng/XSt5VsDt67vFbLbP/hDYe6ukjr3vet51YY2hXS2YuXI0lA== processed in 51ms
[2026-08-24 06:16:15] [ERROR] [payment_gateway] Transaction payload payload_hash=YJ4RJGW+RgRjfbvntY5INp3HLpBSL9If1XKh76uxy2gb5iFb9YU11BYQDNMm2XqP6UPHRtDrV4Srf7R0XyMOwQ== processed in 178ms
[2026-08-24 04:16:10] [ERROR] [api_router] Transaction payload payload_hash=NNZ8M36sgVsdKrCp825We7oOM1JAx8XR2/57/u8wSKYjdd7ZygzviQ4yLHzi2IXIG5Wvbnhr7/9GW9A5nxvkCw== processed in 287ms
[2026-08-24 04:54:58] [INFO] [payment_gateway] Transaction payload payload_hash=rKJKE1SM5bLq5A2pgiEGjD9R0aNJUcmn9NftWZgPrZHQUjQbJGgPyVIlnKpkFKjNwehGKrmubRvEo0b/OQ+dyA== processed in 241ms
[2026-08-24 08:43:29] [DEBUG] [db_pool] Transaction payload payload_hash=9SXCJLQ9/TndXjfH4YXudwhkXIkgiwO87LuCGfMRaVyGn1gK+YBhPhqzH93yHncKRskZfMhZhs4f77vKezi20Q== processed in 274ms
[2026-08-24 09:33:37] [WARN] [db_pool] Transaction payload payload_hash=bs9Y5D09ZYJDyM7Z5B5eML3+6ucka+T3OvDzMs92Klq1dU65yl0o/Fe+So2HDypiP3WiZ+jHtSdePznSaDfzoA== processed in 359ms
[2026-08-24 10:46:08] [ERROR] [auth_service] Transaction payload payload_hash=GKQq8glfIs0V5aLJOqkiaMUyukMWwzqQFoNOx2/G6Th2kZa/QF7CDM8YokuLGshVNpPEEjjaGWiQZXz7nFKKAA== processed in 166ms
[2026-08-24 03:32:49] [WARN] [db_pool] Transaction payload payload_hash=xDM9TjdMMC8nzcvjfjYzMG3f8Cs5fDr/lTApMqkafWNvrVTlDPlsrfGz3DgS4V0rwQtctb4yJCpKA1MFnjS6Lg== processed in 19ms
[2026-08-24 09:56:41] [WARN] [auth_service] Transaction payload payload_hash=/Ojpp7glKiW/gwGOyzai0lrEL3IgLy1J0S1qZxKLYao9zaqe2TUsLXq6JadgjWrHSfya7v193++mfU32V9kJWA== processed in 203ms
[2026-08-24 07:50:30] [DEBUG] [db_pool] Transaction payload payload_hash=w0ibEyDykaQohuderW1kpu1beq+VDAA3qhtP+Y+VZx6h4w+Ytim0jfizd/UzXsl2X+/t+s9LK4fWIDdwW95L+A== processed in 13ms
[2026-08-24 10:11:37] [DEBUG] [cache_layer] Transaction payload payload_hash=LXJnwQS13tQCWb39hT18q5cKTpoBSUmYL/6PR0m/s2teTlDS1tbyyxWRUrKkECNJB1S8aWWOaafp25Wnw5FDQQ== processed in 201ms
[2026-08-24 10:58:03] [WARN] [db_pool] Transaction payload payload_hash=Y7sroVSQ1p2haQe9V6gmxidk1lWXLaFFDkDSK9sjNrLNH6S7DEcjJuErYyBiZsgysEyjkZ4w6Rk0M0xigBVzJA== processed in 265ms
[2026-08-24 03:26:44] [WARN] [db_pool] Transaction payload payload_hash=h2CmVM11jgFshh6vNaZGaSV4BcEbc474H4FmtnfxTORM46EY4zU0/HuuscaUBMHyaX/Vs/UZdWcya/p7LfP16w== processed in 89ms
[2026-08-24 09:33:52] [INFO] [payment_gateway] Transaction payload payload_hash=d1Bn3xXGVgUsciVUP8lOsEujEZL1uBaIi5OL2xYzdZ1hpZT7hxbrmAfeUe5oD4reEjlpPAznk3L4aQ/TTQKabQ== processed in 119ms
[2026-08-24 10:15:16] [WARN] [api_router] Transaction payload payload_hash=7zoWdJNb5B/B4cnRwpD+iwLNWbFFoDfZcNQbe/Dn93SrRGBq+cMEpIz+qdzzYD9jGRpeq4kd9PiZ8F02HORypA== processed in 216ms
[2026-08-24 11:12:11] [ERROR] [db_pool] Transaction payload payload_hash=kXd1HRDUSeTKS99OM4o79YJXj03wmbHmJOW6midKNEwn6s9htMKr/ay//jU5irHUtGGemzWqq89FTZVe3Lvp4A== processed in 26ms
[2026-08-24 03:24:55] [DEBUG] [db_pool] Transaction payload payload_hash=ar9MQS/BzJwSqA5+BGjPqt9dxvjDFyNeQgc8+fCCRSCXSJzzEmWyGuDKNn/wSqJc2dJlh8c/d8ie0HYXWiimkA== processed in 222ms
[2026-08-24 06:47:57] [ERROR] [payment_gateway] Transaction payload payload_hash=YTFy997MK09d/Tm0KOiNAInPYX/l75KgPRNwUQFLwFfOzaF/SBpbgcNNm/9uw248nmtaWQNEf0yBjTeZVyNamA== processed in 9ms
[2026-08-24 10:39:50] [INFO] [auth_service] Transaction payload payload_hash=29c+w8PRVwViQ3UYWuPyHA8Pca353/hdr7SQBVGXUbMTN4fiaQc0FgPxv0u5fevh/pLLYsVF+XSIEvKy9OfAAA== processed in 477ms
[2026-08-24 05:14:43] [WARN] [auth_service] Transaction payload payload_hash=ySHGPXs+tgAPUmvddmZxvmT38cnbV1rjhN7yUXw2o03aVB6c9lKCwamMsahIdvAcafUskKpQO+aEPWCDXeQieg== processed in 392ms
[2026-08-24 06:09:01] [WARN] [payment_gateway] Transaction payload payload_hash=AZj5pkMddjmDOC1cutk+MUdlBmhHqtgGlCsKCkPOCuKuCrtijl9TJo0pOc6F3H/LA3wqQOZmDm57IIcIknLuOQ== processed in 36ms
[2026-08-24 02:37:31] [INFO] [auth_service] Transaction payload payload_hash=DXw1rqQmEuKPu4jUJa2+dJS0RRnpd27L4zShsFJMS6WCzc+iuWCdZkb7pNKs5FtmJ27vUwruSXVn6Fcab4PXcQ== processed in 213ms
[2026-08-24 03:51:17] [WARN] [api_router] Transaction payload payload_hash=1SCBeNikmomoM4ZNjlotbhp8D/nmYrCagPMyGgG7CykPK5CZ9UsHu1S0KdxdyVnzV4Arg1bMUZqt+jntjsJGqQ== processed in 255ms
[2026-08-24 08:37:35] [ERROR] [cache_layer] Transaction payload payload_hash=GNIPYMbTa5//2fPcFMqjMd7fV6ZxAQsyCjKoIHbdhobzk5VxosCBMfXX04TNVmuaqXKGmIyphS1yF/v1QMrSOA== processed in 215ms
[2026-08-24 03:32:07] [ERROR] [db_pool] Transaction payload payload_hash=E3Fu+9i4lKvtCTxVNCu9RGOOpLYa5SLwOKoU9I4hovEnEy+C8uchbtygnNqlvjsWy+0jBT60o4FxFCd+NrfAPA== processed in 158ms
[2026-08-24 05:14:40] [INFO] [db_pool] Transaction payload payload_hash=EclOp+dEIqFq2H7LWAVG7cbVgmL6euNaf0oV1SpFLIkQijr9ymRHGO5PgyIrO4/y27RjnZS6T9U9bePOtycLoA== processed in 486ms
[2026-08-24 05:15:17] [INFO] [cache_layer] Transaction payload payload_hash=s+KlSvHSD8haZIghothO3jit1cGBtC5/4EA87QO5Fed2u43PuPqBxeXc1pOm1IEh3GGDdRlyuAgFU2TW4UZETA== processed in 75ms
[2026-08-24 03:14:39] [WARN] [api_router] Transaction payload payload_hash=xjc6KJ/5aHkl1f2DEld08ncJhF+Eymmwblk0UUZB/4H/DFuGoGaXZA2oLhhuZKl/JPzYZ7OWouOj9J2XMuE9HQ== processed in 389ms
[2026-08-24 09:06:07] [INFO] [api_router] Transaction payload payload_hash=YXgv0s1xWmyXnPwxQyccmsOKB60PeSxyRBKwH0KjMfhzna7Z3PtDr/nqCevtwQngT35RfvSmwsUmeWyl4q+M0A== processed in 491ms
[2026-08-24 04:21:03] [ERROR] [api_router] Transaction payload payload_hash=tCVMKFbM2TjGE4Fjq2YuZoXQS6PBPB5Mf1LPfnKcQ8177pVavlm2kwemq+XJRjx5yJOdzYFjk1h5XJBfW01nOg== processed in 162ms
[2026-08-24 04:05:23] [DEBUG] [auth_service] Transaction payload payload_hash=mWea/lwhCdLcfe4pdZzmjXAH7xqtznza99IbcGvIKRJgj80s2LchaInrk2n0lVbl5HMYrzf6O6IlbL/MgrWwbw== processed in 348ms
[2026-08-24 03:34:02] [DEBUG] [payment_gateway] Transaction payload payload_hash=iJEvyAACBeC0f4UbrhwkbDPq9O/cwEch6XWKT8NvjSfP7LNTgxP+YO30gUGegJFpAJA7QLbXc+uXOkjwverQEg== processed in 60ms
[2026-08-24 05:48:42] [ERROR] [auth_service] Transaction payload payload_hash=rOvSKtwxlg8LtqHW4eEeVAM7eYLS7ngl5OaNpv+Nzkd5xpaHpj6zA7KNupE/xyeCkxAbcEOnf2pzGEidjEvOcA== processed in 285ms
[2026-08-24 04:54:04] [ERROR] [auth_service] Transaction payload payload_hash=Nh9d7JSCDvydNROjMQXa+huKddoXfzlA0E9VyaWV5DYFUY/T7R/lz/ETsTTdNGpbhZlwcbELMQeKLZqc2Pw64Q== processed in 71ms
[2026-08-24 04:50:49] [INFO] [api_router] Transaction payload payload_hash=lc5xzjfoNq1JKPmGi9iAuEP5Ycli4wJVKKpKnmeaD/VDX2nHk5QTRyJciyGE3VJwzmZ0QomExhoPuY0YU6y14w== processed in 408ms
[2026-08-24 08:20:23] [WARN] [auth_service] Transaction payload payload_hash=fBGjQG+iC2O1dpJQ7xEYAJkaPt5q74+RzazJhc4mvEM22652BM7rr77He4D7JJ8G/LxzWl9687bckblZjMcb/A== processed in 190ms
[2026-08-24 10:34:34] [ERROR] [db_pool] Transaction payload payload_hash=smiBs/LibIQ3ieDLMx7S2+veEKDMdz9nOtjvz10nH9B9PLLp3RZms1WqKpNOdhfHDVr6bTvpbb8X21OpnYS+jQ== processed in 219ms
[2026-08-24 08:40:36] [WARN] [auth_service] Transaction payload payload_hash=wWEVM5lmlK9MCz2z5bWNnlxfaK82dLSoEK8XTkfY3pEurXBN2G3vhg2fqiod4sVb2S1nqAyd6CtcteYpVBGA2w== processed in 439ms
[2026-08-24 11:22:38] [WARN] [auth_service] Transaction payload payload_hash=q9TVZ20xL6OIoT2c+aOJ1bmYql6qbKyM8RiD6RU46BV6Mhv5VePGhzLpOlsnFcgjqyXoGliupVFleJJ05Q6Eww== processed in 219ms
[2026-08-24 09:51:29] [INFO] [auth_service] Transaction payload payload_hash=8iU9NRkjYbzhB8832S2ob9Z8507tAH5/phj6OYZaeEDLeANJc1xLP15IXolYQlxWtVo8sZMOhZoEkkHqeHj20A== processed in 190ms
[2026-08-24 02:55:29] [ERROR] [db_pool] Transaction payload payload_hash=PWO8r6UWbTTB0RMipzOsAxv3FmSu0lyKTE4E0ZWE5sNhkRGkXdMYgYBuOBG5rRYWvqmRsRhE4zcCedtpkS8gRA== processed in 498ms
[2026-08-24 08:43:34] [INFO] [auth_service] Transaction payload payload_hash=v5i4f1Ekbd5GXlbom6d+HGFOGCoN1M7jG7rYXZ4/8+6BPsbYrAvzjj155QSwrYj/DJoy2rL5YewQBGJbxDuf8w== processed in 268ms
[2026-08-24 08:10:33] [ERROR] [api_router] Transaction payload payload_hash=s2elJkN3srHXcOdoKn/U8qfV8qdzWf/PCUhufQMi2HGb/v78oV+BOswSPqASw1wyKE+D4TsLQ+G6yG4XaO2/Jw== processed in 244ms
[2026-08-24 09:21:21] [WARN] [cache_layer] Transaction payload payload_hash=VfvXcouKn/L314AsqJy/vvGVNkGgkHJnN4mcnlOVlzvXlPTeYjL0RS5XySopEBtDGCJI4UOVkIg/1JTdWwqgyQ== processed in 155ms
[2026-08-24 06:38:09] [DEBUG] [cache_layer] Transaction payload payload_hash=3R/rkKsInXzpcIYhC1r233m8ryd20lJF7RRfopoPQlY3q1XYzbdKB5VAg799PSSZQeGReJgUN2SsGXN3iKLJ5w== processed in 328ms
[2026-08-24 03:54:59] [ERROR] [payment_gateway] Transaction payload payload_hash=5l15Wjg7ou8BJfEA/kVYcM4MOQ2cnZIz03reSpJ9UMVOswYWgx2X506pYCHc+rDR7/thDUMYD0JKA73gN7aMLQ== processed in 439ms
[2026-08-24 06:22:39] [WARN] [auth_service] Transaction payload payload_hash=dA5Stp9u0bxJgaNqB4elqPn7R0pt4az0va5Zt0jDv473730MLORs4hLPc4zpap7xHVqC9BEHIQFQRC6lGvSZsA== processed in 216ms
[2026-08-24 04:37:38] [ERROR] [auth_service] Transaction payload payload_hash=UElpMG3xt3ul5iq4Vjw6/kE/Hwrf0Af/kFD9TjGby2FjWm1hsPYyxkNTV0NRZvlrOBZy31X4VBjRvrhbliAVyg== processed in 339ms
[2026-08-24 10:08:24] [INFO] [cache_layer] Transaction payload payload_hash=p/CZm9J40wfSoxKRsjYANKIyty2ogXY2xd5xICE7vqzhaV5ZQerjAvv0MjB1w/CHF5TE3zW5Q0jaCrzr3t4dCw== processed in 16ms
[2026-08-24 06:03:38] [DEBUG] [db_pool] Transaction payload payload_hash=ZCtK00QvlNg/36pmTnn3o6Ic/b3O/wOTV9ueMY9HoTh/kOx8bSnLdIk7WLqBzugiVCviOcHofKbCA5yKJBxXiw== processed in 304ms
[2026-08-24 08:20:39] [WARN] [db_pool] Transaction payload payload_hash=DqEbiDdIz4c74ZW+fIBYCEUnM5ZVzqHXtgfu8JMh2hdKzp5rbCQMB4P3/a79E2nglHMH9Podzo1JKJsFAdmb7g== processed in 93ms
[2026-08-24 10:18:41] [INFO] [api_router] Transaction payload payload_hash=W3z1fwP3Si1IFnvX5RVE+UKvxfQ++Usw/9XimnGGjXQ+snDkgD+MPGmSgeiFCEFE0sHKAoim3Pbz0YpoD7A/5w== processed in 493ms
[2026-08-24 02:48:21] [WARN] [api_router] Transaction payload payload_hash=rfkmzgnWtrdyJ8b6lh2tQt+chtYsPfYTo2tn7XMAsl3vBTkwlyS9YsXWyV2rLRJj5X1kejONOnA/wmakfLFbxQ== processed in 64ms
[2026-08-24 03:55:07] [ERROR] [db_pool] Transaction payload payload_hash=klNDEvjW74fp/hJlnw74jMe2gQiHS7PuhdzZzF6Z7R05J5PSyJf051/lNyDD7z4Nh9wr5hr3iQMdLziMTq8MDw== processed in 96ms
[2026-08-24 04:14:05] [INFO] [api_router] Transaction payload payload_hash=v9ZOtzSShNFiEWPBmFy2uwKb0n0Pu8z9Ki9BPx/teMKPW6d6QR0yoJJBPKRlTdBOlfkR087Y8jssJFWTBgEkpg== processed in 408ms
[2026-08-24 03:23:06] [INFO] [db_pool] Transaction payload payload_hash=1DviY4EsmyEDSUTfeBestJGOwZjkn+R2eIrAZCGA6ULBPROkgYg0xyQkts68f/1lqfrqjnBTDThBj+rVMVdd0w== processed in 385ms
[2026-08-24 07:45:34] [INFO] [auth_service] Transaction payload payload_hash=7nKUt7c4QnEkD+iWaRX7V3XP9BjtJOzB8Wlb7eDUnUdH61muOu18N7BR7vKjFz8QJLfhsSbU/Gez86cTUpzcaA== processed in 141ms
[2026-08-24 08:46:40] [INFO] [cache_layer] Transaction payload payload_hash=pK+bXpzLJOGNZdeSpwsRuddgm0D7BPAYxBgF5LtW2uU0S+tjwXk41SLGCgy8Qt528t2PwoI7fzfQieV1Hlh5Kg== processed in 441ms
[2026-08-24 07:12:02] [INFO] [db_pool] Transaction payload payload_hash=91qnMTrl4SRTGMiev7u/gFfCBDVSM0G8OAKfnM7h4UppP7Vfm02eYgOUUq7uhw1fr74Niacyo2y20aJBp6NMCw== processed in 3ms
[2026-08-24 10:53:33] [INFO] [api_router] Transaction payload payload_hash=NHjDfBfUyuYHG6Uy4UhXTqtm5ddY8iaFA7jy1xeBhzWJz+LZAkoEgoN4GV2bLb4ymjlrB82DoRNguh4SuWcvNg== processed in 20ms
[2026-08-24 02:53:26] [DEBUG] [auth_service] Transaction payload payload_hash=ddIFDt2/4V3X5HZUN/0g0Wp7r0UTtezJSioSB3pf4hmF3PnWLhVIBQx0/m7rO26HWpLpj2Of6JuJF7pwVAWaEA== processed in 361ms
[2026-08-24 02:49:57] [WARN] [payment_gateway] Transaction payload payload_hash=M42h1Xqy4zUtEdQcfK7aWsIPYD3scdmcqHYLVR6LxjSrcBtvZYfODnQVGOr0TwX//ocNlbPw0BoTzUYol6gbQA== processed in 383ms
[2026-08-24 09:00:40] [INFO] [payment_gateway] Transaction payload payload_hash=ns45MXuFyON4bHij5kJKKSeBqh9rGYBBeZDTjnVObGolyRkBgQN7zKfgfiiiuenMFZUpdvNNeMNxNxuNAbdDmA== processed in 310ms
[2026-08-24 09:36:44] [WARN] [auth_service] Transaction payload payload_hash=x91MFYaUU4Lih3oFPPRMp7ZuGoK4L3e8W+Tjdzto0PcpqWhCDh+fmhhZrhMastUsmk9Q10umZ4FgSvp6RHfIXw== processed in 215ms
[2026-08-24 08:36:24] [WARN] [api_router] Transaction payload payload_hash=0EIDW34P6M0g44jSRA1efS78VJuqseYMb6rOd/LFKURbuS1pg4XcGW4Ud5eCmGzjRJ2GJcVYKR4CVOw90yRzMA== processed in 390ms
[2026-08-24 05:37:21] [ERROR] [api_router] Transaction payload payload_hash=bzbIi/PhTJRQxhsyB16FYZHgvd6TjsH1fMFyIdZDLIWj6qwjESyMzZOrW0PQXScNoOKjGtoLWfUl+D0b1iiwhQ== processed in 462ms
[2026-08-24 11:02:20] [DEBUG] [db_pool] Transaction payload payload_hash=GYBNaiLmPsyfX6r6zWFPwlscGw6cJWzpq8FScurRZeDQJQIkrD+gIXQHwpdPq9Emcz417Yu3pguHKe773ovdKA== processed in 151ms
[2026-08-24 04:01:09] [WARN] [api_router] Transaction payload payload_hash=cuJaLuUWL+HEmOQwQuxecBa76pFzRgFb1KBb+OpB+0P1+mg+nM2YhCiR/cYwBCi12mt3b56TuXWO3btW23JJhg== processed in 5ms
[2026-08-24 10:12:23] [INFO] [db_pool] Transaction payload payload_hash=X5FowrhjVU1H8NAR+4eNOP9UtoDwQyIQogzzJ7kGmRLruBp9LYiudNQRGEeaDs5l3cw/0aVhJUn9KITgiLCmoQ== processed in 300ms
[2026-08-24 06:07:23] [WARN] [payment_gateway] Transaction payload payload_hash=5iy/7csYn+7iOZkbV8CNMm0Y/Z04nytxdNxMqfgdBTVb+6BNXUw0gVK0RXS+z9L2fWSfqKw3mHhVVtLt/7hu+w== processed in 130ms
[2026-08-24 05:52:50] [WARN] [api_router] Transaction payload payload_hash=bP1prS1m1CMDiUcREz50MaRJj+9B/Dt0mygoRVsTxvw86l9Kc/7rQA1OQXVh3IF5IMAU3J38peTvkSuIpnKzbQ== processed in 461ms
[2026-08-24 07:45:51] [INFO] [db_pool] Transaction payload payload_hash=XlpDO4eci1ni9NazO/kFC0d0kbKeMUbJxMdIZ/D+s5wPZS5kPcJLgJpzZgw17tOov1I9bIq3WGp39gIUwiZEPA== processed in 465ms
[2026-08-24 04:47:03] [INFO] [auth_service] Transaction payload payload_hash=G4P/BmII5AHi7TvYABWVknLaM/XMMsrl7ta8I8j2omr87NBNHoFvDDF2Th/wKKfl3v0K295SvMWApZ9PCGKnjg== processed in 317ms
[2026-08-24 06:24:22] [ERROR] [auth_service] Transaction payload payload_hash=gishaB1pB5HPSLVc46Cni3KsmQ+jUxi50ENf+1Qe/FYuGZSuEK59kAvcWZILrSH24+iMTHbHq+tl8owtsLNJZQ== processed in 35ms
[2026-08-24 04:05:59] [ERROR] [cache_layer] Transaction payload payload_hash=KVJaOPCs8KcQyCsJ7MLRMVFKCCeOorh+0XtF02EWX5dgZxA7UdRmQl2d0tMWtVrPLkw2HVejwo8l0b/T/G3EcQ== processed in 232ms
[2026-08-24 02:39:31] [INFO] [api_router] Transaction payload payload_hash=Cy3b9ma1m5Ty4eB63ujPXrTPxZ7BAv1V8eK2hZ+gifdJwAiRX6VJdzvgK/nbk9fjRo0Qj9+dDNTTQV8pfJqa8w== processed in 202ms
[2026-08-24 05:46:54] [DEBUG] [payment_gateway] Transaction payload payload_hash=XtgNPgpsNEsW/w13LheqyguZ5ugbo2B0NhTyTCB8FRftraMX1JgVUTw8Fe3SYl7VGDLeHGf/0bq99ceJF6C6eQ== processed in 473ms
[2026-08-24 04:31:05] [WARN] [api_router] Transaction payload payload_hash=UUEuq8az3O8IBXgXLL9e5kmArmhsNLPbLwLQ52JBNKUi7XL6v/46XINLoiH0+2Iu00XXlW4BZyr59qh9aADLCg== processed in 448ms
[2026-08-24 11:00:51] [WARN] [auth_service] Transaction payload payload_hash=cjP/J0xt5R2uXmI+0DkduHFzX9hhj7yd0ock3y7fvem43Yl3xMDhrNMbx+7zKVz2bvlGaJWIgp5Fp7Pyvnh/hw== processed in 476ms
[2026-08-24 02:47:08] [WARN] [cache_layer] Transaction payload payload_hash=/ydxrrRY915Sn+4WSws3+C5Ym39D0UKw1N9wUe/48xXyMJ2/p/ESAIxzWZEbL0p3GFi7OCJU8xVOPXkbhF+Q2A== processed in 291ms
[2026-08-24 09:53:44] [INFO] [db_pool] Transaction payload payload_hash=XsOj5iI8AwBUeSlqbwp1vkbExjn5lGE8S/sg1QE2FgJ6o+RvceoGerWhCrxwFK1ASu5d6Y1lVEDd44Z6/ncbMg== processed in 462ms
[2026-08-24 04:16:16] [INFO] [payment_gateway] Transaction payload payload_hash=wt3a6FDUJRiPdbRPYBXEHs3J1TzZtbFd5JNli+YfghmuXCCa6QNjWBy11/5d5ocMbg6P1PIiTClsE/efTqoZOQ== processed in 479ms
[2026-08-24 03:57:19] [WARN] [db_pool] Transaction payload payload_hash=MYleTZ8fHInP8RBvNkJF8Ivw5AB/B3xZ/4CyECmE+RmruH0T0cvEVlWwH6NB2AFyqCg46SfoZ0+Vr56QCyNaZQ== processed in 49ms
[2026-08-24 05:02:59] [INFO] [auth_service] Transaction payload payload_hash=RRULzCw4UVBaj3GnnJNA54HI82s0I2JYKngItEirTfhvUbWzOhOK/nyS78R0xvuNj4UDngM9/Nb98loz8uyxyw== processed in 383ms
[2026-08-24 03:26:34] [WARN] [db_pool] Transaction payload payload_hash=MQMxTqgICtSttkaTnx+wSBAXXeHR/LHQZEwEo2llxsppxacJ0k8Ul+c9rXj6FMoI+QCPWw/4xGApdnCFFibSbA== processed in 130ms
[2026-08-24 10:28:14] [WARN] [cache_layer] Transaction payload payload_hash=r5BUtkOwa3sqRxShbUoSo//VtE4doviUOrsR6ptNRe6AkuNOygfsK3EoQPOQQEc46fWZotsPhnnQOp8CVQoy/A== processed in 345ms
[2026-08-24 03:24:37] [WARN] [auth_service] Transaction payload payload_hash=Xet0NKLCIurwOMtPGg8F+NEPB0xPQUAzotTX6/fJq6BqMWNXk9CJluDXbJyMVAtgQeMmceBiJlSm62n3G+p40w== processed in 373ms
