[2026-08-24 02:56:03] [WARN] [payment_gateway] Transaction payload payload_hash=YHZ6OkXJHiBNeGQBlKDYw1cMRrqTrgaJ9TjbZrMJkKwtaC4S9E4wU1O+QYQD2+PWexXWt7bllA/xl96336/GMg== processed in 172ms
[2026-08-24 08:08:53] [ERROR] [db_pool] Transaction payload payload_hash=TThUEvQVeXJJFUtEepFLWrjHDtoBNSUX+hPSBbnqzdI51BEO5nfH+cHKxqe4sgor8QDgYbH+19wkv68gkurvnw== processed in 372ms
[2026-08-24 05:04:56] [WARN] [db_pool] Transaction payload payload_hash=M2JEErxadTcQh7m35d9vtcGAxySe/zRBKyyJx6D3wy03IGEZg8T9WdMHonn3OnrmODyonT+DpAZqmHh0S0G1lQ== processed in 26ms
[2026-08-24 08:53:58] [WARN] [payment_gateway] Transaction payload payload_hash=6w4mciAK+tgKvlU0wA/qGicr+XClnjMAo1YSqOqC0JIS+iZOH+I0ajmFDXZQX3+zJMnpKSb1z4UXolEdK1WqIw== processed in 303ms
[2026-08-24 05:29:59] [INFO] [api_router] Transaction payload payload_hash=7AtSKO+so0QkIjm0IrtjZU4ovWoRDrHqSaPY6L63qcmFtskGs8RnIw/qhfsj3vlok6KqxptXHitbq01UrsRSsw== processed in 258ms
[2026-08-24 08:13:41] [INFO] [api_router] Transaction payload payload_hash=zNfS7COjv00J5WUHNMEIeKpJgGw3khYTbuzdVYr48Yb/U6GvrcG6Dlrs9ih6bdNVQIE8DkuLjb/zZyGlxoYhtw== processed in 251ms
[2026-08-24 03:59:40] [WARN] [auth_service] Transaction payload payload_hash=qJp0iYA5vCoqpxZ6y7nPZJKAGf7NYumxUFJ16XiIcvNqBzjo7yu71WxtYCktV1+NY6gsCo9rtzWVayj3miqzdA== processed in 378ms
[2026-08-24 10:46:01] [ERROR] [db_pool] Transaction payload payload_hash=sKWbiaGuCQbeaIKC2l6Rf9hMTRF1JRf6boNb3vfys1TyTJtEo1nUsSX49D+Ig4VKY5Kl87mVhQp925cHyDIyfg== processed in 427ms
[2026-08-24 09:14:58] [DEBUG] [db_pool] Transaction payload payload_hash=j22a2C8Bkjl7Hmyvt3XNHMWpIIJL2/xxUs2fW4Su5LHzFaFuVpT0KwdbyP7UVC/2JTk7HZcFpB6/VTdePmbBLw== processed in 458ms
[2026-08-24 10:48:44] [DEBUG] [api_router] Transaction payload payload_hash=eWzTLAUvVmEWOKm4ibT2XvMcjS5MYw4pBMVUXL8R5pq0pDUwSk11K0Re4eTYkHljQiyy2XygFNTBiEl+1X5aEw== processed in 259ms
[2026-08-24 10:25:38] [WARN] [cache_layer] Transaction payload payload_hash=LlzRGxLsASGGOAjYuTW64k4VjD18q4YfPaJyE/jRI8poG74Ixq3OMfiiQzUP0/MfYMnSXPlcS7Yd9+MEByaBKA== processed in 163ms
[2026-08-24 05:30:24] [ERROR] [api_router] Transaction payload payload_hash=FLHAZyodaq0wnFNBxbhnSzEdwSJVtwMrASyn3KGQbpgyA4VRuiiUYw2ByJvBMx6Sd3WcF0MFgYg/CfeIP7McuA== processed in 402ms
[2026-08-24 08:06:52] [WARN] [db_pool] Transaction payload payload_hash=bGXN3lRDHnKwUONSvz+Gcgl30YIDu+uVe0gT9mgxoaOYQZSnNijO+o5EjuJ7dhe0gZiWmC4PgYV5suM7xPyXaw== processed in 331ms
[2026-08-24 10:09:38] [WARN] [api_router] Transaction payload payload_hash=Pszy/MvyE6C8HdgU4nsDms3hyHKXyOz3nw+A/Oxq1NH0zaqfHkoRpZZWtxFtQnH4BzzRZ7fpbP3iq8BlESgJDw== processed in 342ms
[2026-08-24 05:23:30] [DEBUG] [api_router] Transaction payload payload_hash=rF8IaSp0xlWan/E8Z0t//5W3olbUiZjF8eZFW1Dz1IDaNJoF1/YJsz/JNRXtEBt66OE9NgM5CZD/TlS8Gg9Hvw== processed in 82ms
[2026-08-24 07:17:10] [DEBUG] [auth_service] Transaction payload payload_hash=oS6apyRRbDvoxdij+1njm/h52ZeVMq9Qwkc8o9cZ3uo98YvJtiAUe7/ofM407nqwAG7r3o3QM7Ox2AzbRKKmjQ== processed in 13ms
[2026-08-24 09:56:36] [INFO] [cache_layer] Transaction payload payload_hash=HLoxH1TqjGCPi1Rvbb24DKxThzAfX6LE+cqaU12NzyZU06raQsishQvy2wbapcK6kX3ctAcoTYxL3fAuEqri5A== processed in 451ms
[2026-08-24 04:56:18] [ERROR] [auth_service] Transaction payload payload_hash=aldIYr7RAMuXDB5pio5bZkXWvoCABPejfJbTRRfwFh0QE8P/i71xO2MCs+/23loHJBykgvuqutJ7VA//+YC4Jw== processed in 138ms
[2026-08-24 10:08:04] [ERROR] [cache_layer] Transaction payload payload_hash=26IY7Oef3iDGNrxEVT8067VV9QaYkaH7E38VL68m3JYsa7GGj9Vn6Fu1pvNdkNM4UQyhAeXPpHWJjpwPo4KydA== processed in 373ms
[2026-08-24 06:37:08] [DEBUG] [cache_layer] Transaction payload payload_hash=m0I2nOAdtTGOD4nDVc42B4MF7SCosPaYPcbJ3wct5RDwA5lHkzk7AbrusTODZhjFarsKqVY3JsLXeRfPP5Sn4g== processed in 344ms
[2026-08-24 08:18:06] [INFO] [cache_layer] Transaction payload payload_hash=YGRDS4Ouga+UkggeOaBPScmEg1W4RPkiko44JhAhb3t7qpGspof+G87ZqEr6u/ZI2i/t/ETj1IS6SuvZWqHeFg== processed in 206ms
[2026-08-24 05:00:31] [INFO] [cache_layer] Transaction payload payload_hash=iNFFrDlHOZHAYFkq5OWRsRvFPBxXXfMh5ODZqa2CPbkZim+MPOcfWH0ZfnJGcC9ZoU5jSHPBw5fVRTe6SheX7Q== processed in 216ms
[2026-08-24 11:17:58] [WARN] [cache_layer] Transaction payload payload_hash=6uvTDC9p2EBgPefxLHG1dzOAKOGJDVXKFzxUfJYCb0LULYdmsrweMxxnYsb9Kt6QJlWdsSLmFu9MqntrlKtFkA== processed in 85ms
[2026-08-24 03:09:06] [ERROR] [db_pool] Transaction payload payload_hash=mqTYGQKLCCm+qkF2rJk15ugh7Eh/tj3VPBaM4ivKgBQpGX8IYTErw08F/OFCKjI4K8koSouIcSeq/8Yj9zejUg== processed in 5ms
[2026-08-24 06:58:48] [DEBUG] [cache_layer] Transaction payload payload_hash=7nSBlTjqoWOJdpPmIRtmEHgbZhHbOuHpO43eQiPmeTEgLEqTxud/aIFtsCEPTmN7iMuNRhYZdOycGfX0HIjBpA== processed in 63ms
[2026-08-24 06:21:49] [WARN] [db_pool] Transaction payload payload_hash=qxsvfsB585fGM4aRL3JbftVz3gzCHthvdP4BWJqMi4wqyMgo5IqwPIXTtW/NkvSuobqjwhv2djLq6ql1b1IjiA== processed in 157ms
[2026-08-24 07:21:26] [ERROR] [cache_layer] Transaction payload payload_hash=qLxMObJLY1W3vWeWw4CRM5h10Qy48+f/cz5dpziAXvxjr4BYYlbdlRHUzxr3oALTScRBE3wf1GdL+LruIyrfsw== processed in 391ms
[2026-08-24 09:53:57] [ERROR] [api_router] Transaction payload payload_hash=XeNK35tWNgUYAv+8Kix5IC0kk5AOsbDFs5NAVRa1w5+Cmyct0HbmltfcXpFERdV4F48D5UobGwjeZLyZ6a39CQ== processed in 165ms
[2026-08-24 04:57:29] [ERROR] [api_router] Transaction payload payload_hash=8IqpugP34SYCbu8dy/ZM5H0VbhcONJCEaQsSf8sOUXMtB3IkopSWUxPXNgMvAagNQ6wyq79B4XcTD2q3ypCe/A== processed in 58ms
[2026-08-24 09:50:54] [WARN] [db_pool] Transaction payload payload_hash=VLF56Dzw5xByG5fvoPxOSltx0OAYJwJSXvlkmPEC9b4DFlo9Fh7oIAAYcUnziynJKM+m67YXMrkla991XveYVA== processed in 357ms
[2026-08-24 10:32:48] [INFO] [api_router] Transaction payload payload_hash=JWaK8nsVQVGiiGGaAHh+x5qEYhTuTlzfhr2PLJzjgqJXGp7WvscpVrNllbBt8aFhR7DyBEJPX+bU1C98gVTu6A== processed in 116ms
[2026-08-24 02:17:40] [WARN] [api_router] Transaction payload payload_hash=tyu1LV9VRi66GvVEg6cZgKlxR0nKlgPcXP9Q1tj8gz+LijEjVpaChG+eYc5DOSTBsKiae3xD2CBHn6ZCN9h2Lg== processed in 272ms
[2026-08-24 04:46:35] [DEBUG] [db_pool] Transaction payload payload_hash=PYHv3KpNwHto5+L2dSx7iZu04DanAhTAtAljlEbWh8FiX7KQr+9godClIgT1NInrNS4F2OqxMI32e8LxqGDFiQ== processed in 89ms
[2026-08-24 08:05:39] [WARN] [db_pool] Transaction payload payload_hash=62wM0fvxw1BSRypGD8l90sBdI27AwfDuWXDO5pRcBU0x4xOGUkjbx97y7/9xqV7/C9CTsn3DJlfnDSP+wEH1Iw== processed in 176ms
[2026-08-24 04:59:01] [ERROR] [payment_gateway] Transaction payload payload_hash=zp4Vy7px8UZMR2iiLzo+rTwRQHF1WCIrzATlA9bWS7y2fqOOoOaMoQ8XnrZqlSTkQ1ZnEWEtQaunhawCq9WOEQ== processed in 432ms
[2026-08-24 07:43:12] [ERROR] [auth_service] Transaction payload payload_hash=tY9hmTiOPipP4W3bn76TvCj36aMvtpaoZd3PHHjISF77LMpj+xPagSsD+QCxS7mD+WSmJHQAS+eGPfIWXxOmeQ== processed in 445ms
[2026-08-24 02:15:38] [DEBUG] [cache_layer] Transaction payload payload_hash=XESrDq2EFzZ+kdkNqM3nLoaZJg7i9L85Sbewyv7lyTUnM61HR63LUA2DzC8P+JNlUGl44RHjZcQOaJAVvQtYIg== processed in 466ms
[2026-08-24 09:17:23] [DEBUG] [payment_gateway] Transaction payload payload_hash=/SI8MzBXvHcRY8UsSwBXlKqUPmLa93BuPHctKM2cnR0J2+FMgcz7rcNU4UajA7yr0cim6Jk/3nCbTEXFriZTyA== processed in 432ms
[2026-08-24 08:40:38] [WARN] [db_pool] Transaction payload payload_hash=7HnUebMmQu1Gu1IVlrwyvEFAbJZNkmwdYa4CXX8j5uZF5TrcK3RY61XaOVnM0HsbsE8pnZFXVp7M7FhpiC1snw== processed in 417ms
[2026-08-24 10:32:00] [INFO] [payment_gateway] Transaction payload payload_hash=a9fRYw9PtKDP9DTxw3IeI3LmOlhmp8ECzITJ05P6hQ4+Kmjcvpu0KwbxZFjC0Md8tkEz1vaO4Uv83p++zX+PVg== processed in 62ms
[2026-08-24 04:26:47] [WARN] [api_router] Transaction payload payload_hash=XuDSF/B49CXshfzC65VaHCBExIGwZdlXuxJ/0/ICPRuCfviSBHRsWeeaCf8Fjttg/XX2swUZsSeQgE6B95qCKA== processed in 193ms
[2026-08-24 04:26:31] [WARN] [api_router] Transaction payload payload_hash=WZGczA30IfNfzphNsCHjUu518FWgiuzTUuWkGUj7Z8ing0udlR55Nm0papz1ggyhY+r4181REg7XFEZVfp0B4w== processed in 265ms
[2026-08-24 07:03:17] [WARN] [cache_layer] Transaction payload payload_hash=0xvS3CNh+f98UQn4QScSmwR97LSNZtMfzh2oL/sigelV5ZVGRR4maCkZgqImclyTGOAwDwRogxexViGg64eZgw== processed in 206ms
[2026-08-24 05:57:10] [ERROR] [db_pool] Transaction payload payload_hash=sbeb+BOr11iBRhSLBqyFjOtX7+PI/ixlKYhkZh5sPOByoa/zgJxahAweI3WXXn/f8V7lD2/f1Y9siMHPwXecvA== processed in 393ms
[2026-08-24 04:46:50] [DEBUG] [auth_service] Transaction payload payload_hash=cAaanpvcMDZMSxizrTgIHLnsMjDC77Im4rGDPu0bLyCnelzPYk2qFQbRFmBX+oo1eMp5UdBVPHAC4+XTt2OWfg== processed in 405ms
[2026-08-24 09:39:01] [INFO] [payment_gateway] Transaction payload payload_hash=QpEWw+V+mYhs63QXWBw8hC7IQ9ktCtyuh75fnqNqrcV3rFqQFipXslEKtCnF1k/CGBgzYmnHzitA4HxXpPbcwA== processed in 212ms
[2026-08-24 05:08:32] [ERROR] [auth_service] Transaction payload payload_hash=ug0MoTXCnSz2awr2cRfQ1L2nzDCF+fz/Til13aabrvfVTujcXaOmsFFyV2uXbVY9FUnbEPH1EPhtZnjFkXtorQ== processed in 155ms
[2026-08-24 08:18:15] [DEBUG] [auth_service] Transaction payload payload_hash=kC0idc1l4DjoWtZcD6uAGKhbceN+Iql6MpRiYvhsBBVMpB1xuG8YujPXWbsBqFNdTjiF8DpxdwOJBwkNdALrDw== processed in 474ms
[2026-08-24 04:56:55] [ERROR] [payment_gateway] Transaction payload payload_hash=Ryef2cp/E9ws+AX6qOYfDlv0lqkzGXiMm+lpTmnRIixIQ2BN8sY7yy8TJTHXDLu/t1/GFNuWQOWHSitviyAQ4A== processed in 162ms
[2026-08-24 03:07:50] [DEBUG] [api_router] Transaction payload payload_hash=YVsHFxIpryw6H4ZorGK/ZzD7w7yyy+r4gY3I2XoXelbbk/NIPqNbLPuKD24nrysyAKU3ghcF1CUetDJIkvrlAQ== processed in 229ms
[2026-08-24 07:00:05] [WARN] [cache_layer] Transaction payload payload_hash=z13A7YeQ7OF25zqKXizTRN9qGj7WW1jQ0PSqE85tjuBCLbQa61uCO49zxiVRDDzoYaqQ3H7O4K2qZsle2foyIg== processed in 456ms
[2026-08-24 05:01:54] [INFO] [payment_gateway] Transaction payload payload_hash=rfSWvVeqarlTQHQvbTXmZvD/ejlsscwn9aEunhlz//dTnPy94tN6IJBgfaJ2od9faivoQcVvPfZ3z618DMjYlw== processed in 154ms
[2026-08-24 05:34:35] [ERROR] [cache_layer] Transaction payload payload_hash=YXxHX/6IQACmK1BPl7QNGZ34u2Pdtr9pSVxNyaA7w2mWL50VINaTtG/ZBfzhRol7ULueMkcTUJDA72QKnOLoqA== processed in 383ms
[2026-08-24 05:18:25] [INFO] [db_pool] Transaction payload payload_hash=G8/64cBMX11Bq+/NNhvUl9R/4wW71jvFYFtPKeSlcqQ+JCm4ZwPgKY/mSRI4679T3E+HVgKO01OtT21EbAmh3g== processed in 431ms
[2026-08-24 02:58:21] [INFO] [auth_service] Transaction payload payload_hash=IJilVNQ8jSTJZJxRa1ry2IIco0uwjKkcHvywrUeqfL+5zyUb1m4dsur0jz1CvVhf2ryt5gVCnHLiDOmWPHfcRA== processed in 478ms
[2026-08-24 06:26:41] [INFO] [cache_layer] Transaction payload payload_hash=CBymYe5uE0nspDvPbkF4Nf0MLRXNtqP68IvIe7bTs0BOHjvFUDqHxITIdfMjMq1xLWgh8VgruxKQdIvBmcCOyQ== processed in 465ms
[2026-08-24 09:50:05] [INFO] [auth_service] Transaction payload payload_hash=rMMxDxQaRo65IMRA2TrL75yg5O1K0k9W5Eftgpm2voPG/yP++1toNQRUyIDfURCvHpQZoR1x3jjHmK6wIACTmg== processed in 17ms
[2026-08-24 05:42:31] [WARN] [cache_layer] Transaction payload payload_hash=a5keGoPmhv5nSDrJA/9+e9fYpV9gh+fOGl+Exj3Ygeybvg7eV4o3ZPXO0fOq5cBLVD8aJI96QiTZ5oayEVjCLA== processed in 476ms
[2026-08-24 10:10:29] [WARN] [auth_service] Transaction payload payload_hash=0jDkfMdm/AZ31V2fNNqdvCUOfDK7P490lYcrRVhjlYjpSvDjqol8NF2GCE8D4qy38yW4IQoTW3+A58TPaxDbZQ== processed in 457ms
[2026-08-24 08:22:36] [DEBUG] [api_router] Transaction payload payload_hash=qz8CdgZDnR4jAZfOGb6Z44Ge8xPKvtQuOZln/Vj7rZGTDNb2L/rYFBJaSkB05BzLQvt3KkSYYjyV8aYxivJHSQ== processed in 346ms
[2026-08-24 08:04:27] [WARN] [cache_layer] Transaction payload payload_hash=fm82D5SjfV0MPwOECa39MdFQ7LTpfxb9dpCzjlQcUVOIGEkdFh4gNHC9NE8s+3A4lqi9nm7zsIJXvu407+BkqQ== processed in 378ms
[2026-08-24 06:05:33] [DEBUG] [payment_gateway] Transaction payload payload_hash=T8yXuMfEbFw8oCIC2gdQ9r4orpRyRUke0EqRkxC7IPmhhCVJXvH0G/bybJ2T4j6RoFWY1x5J50uXqr8CNry74Q== processed in 455ms
[2026-08-24 04:20:13] [INFO] [payment_gateway] Transaction payload payload_hash=EaqdD15NGoyc8I2UWxD6kAcdYdK0jiilZ93Ktjfj3jsVBo+VvY/GkfryJ+UIUj2KOj1hgxMitSQFaoQH43sWsA== processed in 195ms
[2026-08-24 08:39:48] [DEBUG] [cache_layer] Transaction payload payload_hash=UZoLTHOAD23VuSD+auZ9egrZVkcMy0iBOgSWvDzEzEQ0kZEL6fRpcB7kIKMfgD7tIPnVVIHT0idto5cuLkgppQ== processed in 215ms
[2026-08-24 08:25:06] [ERROR] [cache_layer] Transaction payload payload_hash=rnAPwCT86zYY5NqKT/6858BLKE6cXPnqNoaUDsN5a/Vz1M2+qXkTVsQ+ZAleyygSVUKKBhTLeOfEQ0LOv/yyZQ== processed in 252ms
[2026-08-24 10:58:01] [ERROR] [db_pool] Transaction payload payload_hash=eoO9/ADYtqklaGhtH3Mdi5dpdB+lNOMCRcQNLSvVMW3zP0KOxPkph/GnRpp07Y5SQJrlcYbj6zZCwsDWYaXnZQ== processed in 182ms
[2026-08-24 05:04:26] [INFO] [payment_gateway] Transaction payload payload_hash=5BYxdfNQeE+1Sh/5lT6+bLSHSzfCVpk2uLshusTQrHzt8kqUcqC3qBZxjHTkI0w6Gkca7bE3l4O+f/c0bap55A== processed in 476ms
[2026-08-24 09:26:45] [ERROR] [cache_layer] Transaction payload payload_hash=aEz4XgFZuw0qRD5mXpOD6MlSgFBuscs83tq5668coXKiQKl4FPMCZ8U1VPABMOi+jukfsHjXoYgnQe4vsXvoyA== processed in 492ms
[2026-08-24 09:02:15] [DEBUG] [payment_gateway] Transaction payload payload_hash=nqQFBCwPPQFnnUVGfU+IpGeZ7pfih6RpbNc74B3kB+zA4OhbbsDp2HuErgzK4A1RPvwVjQQE2vByA10ddFhd2g== processed in 152ms
[2026-08-24 08:02:21] [ERROR] [auth_service] Transaction payload payload_hash=dxCuSDlDRw4DIypYRYV7kF5oVNM+RHL/+nswm3DmqC5E9tEsD4VRgK7YaDtLSUlIlL8GftpMVc0yMgvHJd/zJQ== processed in 299ms
[2026-08-24 08:41:30] [WARN] [api_router] Transaction payload payload_hash=wLEEKd7TGU5Uh8EzJTKBK+H0ThhUEJjsESNOEz3LEjgl1Zb0zNcLobUdq7kYdPGlNhsZ4xkbJQlCK+/2dBgYOg== processed in 115ms
[2026-08-24 07:36:43] [ERROR] [cache_layer] Transaction payload payload_hash=C0IUq4AWt9tncr+EUdzFIbYF2OdDQoWU+H1A52GDImnK7oN2RL7wbK+vLI1bA+t/jsUDKQKN1QULZPhHxcKPxA== processed in 31ms
[2026-08-24 06:37:54] [DEBUG] [payment_gateway] Transaction payload payload_hash=SWk7EEY7HzR3fCSg6jIh/j880MzH8Bq3qjUMGoeRFRoVJB/XmPOzK5ZtTX3M3ynsqqZTsNbqyULnWNFNUj/aFA== processed in 29ms
[2026-08-24 06:03:12] [WARN] [cache_layer] Transaction payload payload_hash=pMnTLtg1Aqyrj0RiEaS67Mzm8ALKThHJAoMyQLCySad+e3uXDTljz139sKxaFrWfabHySxMTc4GxX4dDo/i3kw== processed in 111ms
[2026-08-24 09:56:57] [INFO] [cache_layer] Transaction payload payload_hash=8Lw1N6xITlhLyhEQ6rknPYq6ZAvjmayNYWc9jXd9piWKFweT0ZsaGblI7+GDiPqSIW3D7hCTVuZK2qZKobiTZw== processed in 99ms
[2026-08-24 09:23:36] [ERROR] [auth_service] Transaction payload payload_hash=+z6evCW+Vn+y0GytSTxrlWmYQ6ZUPGUj+BszaixHxnlQTAD5A8M1UFHM5dewxebs4go5e3jYKDPp7Yl4lxE4WQ== processed in 207ms
[2026-08-24 03:49:52] [ERROR] [auth_service] Transaction payload payload_hash=CZWzLB0kvpm/RscKkWIkT/T2flqJstKvhWZyJtxPxDsQuoMskd0evyRg9ciOdy4uxWe04d2+9FPH7StVK5ryMw== processed in 364ms
[2026-08-24 09:56:53] [INFO] [cache_layer] Transaction payload payload_hash=qtQyhK20b+5pXxKukZtqRxaDq+C16b/cPgq0m6zE+zwmucqi8DkxhIXcb1kx8tFnNgGlz5PWvTwds5yCB6FOBQ== processed in 421ms
[2026-08-24 05:55:41] [INFO] [cache_layer] Transaction payload payload_hash=WHJeUsIriaVDEvgHsbqRsyxZmMK4beo71wffmIpQZxM+ZlrbZgG3C4duKuAhD2cVLIfhg63GVZsjXInwr10CVA== processed in 31ms
[2026-08-24 07:12:46] [DEBUG] [cache_layer] Transaction payload payload_hash=vzc4U6k/8CmCdv/jk1mHgTRvd4c4Xax6u+4oJvokW1YmEcm/TEDukND2BfINaKKFKi5vB9/w4Y3m8NO3iK9jZg== processed in 236ms
[2026-08-24 07:54:45] [ERROR] [api_router] Transaction payload payload_hash=+rctr4ODxs1aeVBuv+w8l0UYYBXgVzN3HK3qmO8WET9zcKXnfq88Cda3sh7zra1iwDc3JAYv0Oobp5oXenoUyQ== processed in 244ms
[2026-08-24 02:50:20] [DEBUG] [api_router] Transaction payload payload_hash=1FgOqfmATt4I20fsWEyGQCKL/OZWKysAnJA3iTwNTsCZ3Q/Rw384Kccc+WbZRK2un/DL8Xc43jDaw5nAYV2R+Q== processed in 240ms
[2026-08-24 07:44:28] [WARN] [cache_layer] Transaction payload payload_hash=b02VbhGH5qILYyL+x6TKEo61WaVCOaPBlR20dv7cHlhneQYJbIP5XmDKdQw7hVEw5PwMHRUU3DdkpP6xrArdQQ== processed in 211ms
[2026-08-24 09:54:49] [ERROR] [auth_service] Transaction payload payload_hash=vZHkaUAhRrlA7usLt0nKnC7YU20l+4viE8oo5b4tDVi3LFdYAXXaT38iy4gzgXMwlZLU/imuygod1rPWdMarcA== processed in 56ms
[2026-08-24 03:04:15] [WARN] [payment_gateway] Transaction payload payload_hash=gUcS50ZRS6I/Hg6uwbSUPDIe6ZxuXx3B7JC8EpUZ2K9R4ghXsO/J+zQIviEmHjReurRUCMpkJfH5cIAG376StA== processed in 437ms
[2026-08-24 10:28:52] [INFO] [auth_service] Transaction payload payload_hash=p4gej2vCixs30vTQvdfP+uv+D7UIfU1y3t8TB++nkxFwY6LqdaadhAxDJmVT1QUX5GOeEKhKRhouPUJM4v39pg== processed in 295ms
[2026-08-24 10:54:53] [ERROR] [payment_gateway] Transaction payload payload_hash=hmM7Q8YJW+3JE+lxlwOMXRD6eVk2gs9wB3D4uBf1ncfnZaB/H0l9XshvhrLwVbGxC1452i9qZb8tNPF1OZpG2A== processed in 404ms
[2026-08-24 07:46:10] [WARN] [auth_service] Transaction payload payload_hash=ppsodgDG/Ic9WWnrOWtkzFe//HlqKjlIBPTS0KvPkhWSnDrRarw/3eC6dyDvdI+MSTTdg1IvnhqUQbCzTsj/1Q== processed in 187ms
[2026-08-24 10:13:59] [ERROR] [cache_layer] Transaction payload payload_hash=dxP6IgEkVHm6aHkt2YIxr6ItAavHxJNfuHqbU/7X3CcVGNI7g3oH7cvEYEvlcXSgmscvu4492SDvYvl49DNm9A== processed in 35ms
[2026-08-24 10:33:31] [INFO] [api_router] Transaction payload payload_hash=/B7mRJFPtYHlHFtMytHSvxWi7GAhRfUIxxptrA4v7rLAYlHy4Z05DT6vAgMFysARewSJ25uOVv9CCCe8pO4nlg== processed in 60ms
[2026-08-24 06:54:48] [ERROR] [payment_gateway] Transaction payload payload_hash=18sleLVFK2tOv8rA23J6Lbvd3Xb4XnelNyTG74x7JFmhcpHLBLtMlPWYmyETaJJbNP44Av0KXgKyGMDTQ3H1Og== processed in 410ms
[2026-08-24 09:59:59] [INFO] [payment_gateway] Transaction payload payload_hash=jdHcKyQbgG7BVaFBGEAJ+qUimQKK3xKk8tflT9dv1Nibf9TdOmCdP1w3ZwOErrhz7zzmZMqfLmPPDdNWWI1c4A== processed in 352ms
[2026-08-24 02:37:04] [ERROR] [auth_service] Transaction payload payload_hash=TZmFvLJ1K30egsQBfxWlsdcOFW6GuAizVIk1MmUlXNUyZ0A/QImIq+HfH/3/AtQPj3sCYZ8vhwCtSyy+ex55IA== processed in 125ms
[2026-08-24 08:31:03] [INFO] [payment_gateway] Transaction payload payload_hash=I7xjKdqYnZ6iX+LR2D31hpEUStTfZw7QZmKa4kXg75IZoPRhFvXOWI703S+cUlHEMBp3SsZUoRRRWxBxuYDipA== processed in 442ms
[2026-08-24 10:36:45] [INFO] [db_pool] Transaction payload payload_hash=j5sbs3yHAQGzE7imDmtZ1FRHaM9ARw5MTtAE6ITlmtdEimVYUptVYGt+mErh8qU0TWFyUBWsp1O80SIwR93Kxw== processed in 180ms
[2026-08-24 04:40:19] [ERROR] [payment_gateway] Transaction payload payload_hash=4cYEZnP6raYEg5WwLCUoFCw2pcbeVpX/ZgSP2DrD5Msy/NOGNKQnY31bwL0UUxgkwFiAt7gA4klnf59wO7FfNw== processed in 43ms
[2026-08-24 02:43:42] [DEBUG] [payment_gateway] Transaction payload payload_hash=L7bFobFMBJWb3oCjw8N5JmDAghe7oesVlND/syPCgAdJswDZy7rMFQil1fr5VwNI8BSYBv3YzSO3WPmbRN+b9g== processed in 77ms
[2026-08-24 06:58:28] [DEBUG] [payment_gateway] Transaction payload payload_hash=3F6qXMU0i122C8zw6wwmZmw0tzwpxagCb8tuHQmLUA8LaiV2ycWuMwf8EI6ijnR02eynFQNkyP5Zo37IhGan2Q== processed in 337ms
[2026-08-24 03:53:26] [INFO] [cache_layer] Transaction payload payload_hash=Qw1q+nTOD0iMEM7kCvx8yurS+yzJdhVC5RGfBPB8kYYGnskBjXPosT0IndrOuOIcfjts9DHNPq6P8C9GjbCQdA== processed in 0ms
[2026-08-24 05:51:11] [INFO] [db_pool] Transaction payload payload_hash=BSCb84uvddd+4X4g4+BElJda23TNKoyeWD+c2IiS429Rtkyrg/Wv1/QOoQWdAK2iDbfyfXFVZeH/6whuWNfQDQ== processed in 436ms
[2026-08-24 08:35:28] [ERROR] [api_router] Transaction payload payload_hash=jK/9MnWk8jniAMRIHxbNg7Og42rubE30aI5Lsh7O+9v1NugWme8U4G6HSOVgFl2FVj1WEuVQ1FcvZsvvKo3K8g== processed in 471ms
[2026-08-24 07:40:11] [INFO] [auth_service] Transaction payload payload_hash=bwAufkfy8fYyArb6NzjEZeLQVytR+xx8VhAI2Ztansiqf/eM/y1fr+puC1QYpee6480s+nymaRnQuQK3+zvbaQ== processed in 160ms
[2026-08-24 04:17:16] [INFO] [cache_layer] Transaction payload payload_hash=EcHWXxFiIXE4ub7I7b9oHxk3Xrdph/Wm8kQBukNBi6FpUaBxJ0DKJWzr7nD4ioSGMkPVpJFVdRY3/E3ll1bPiw== processed in 19ms
[2026-08-24 09:58:34] [ERROR] [cache_layer] Transaction payload payload_hash=hRGEePJkHOdT51lHhSofatOXRoBq4hMQ9VDEFH33RgQyweUf+Nmh9uPn+vIOP47Ccb0xgiPapLmj6OP0Pr0gMg== processed in 252ms
[2026-08-24 08:47:29] [ERROR] [db_pool] Transaction payload payload_hash=ozve/l9h/QZNnASoyJ/9MAASAi3W02ZJc1+QGzhcc/u25731hut1wgAL0ja1gHOrVShkpRnHqKIPNUSWM/EGYA== processed in 85ms
[2026-08-24 02:49:00] [ERROR] [auth_service] Transaction payload payload_hash=fn97JrxJnui3gsDksLJB6jtub4xGFWMVNJnUMJ+cLRYhZCD59XCgGpQhp0QQbZeEI0kH9zUFLAykc+ZR7A/4Iw== processed in 102ms
[2026-08-24 09:38:35] [INFO] [auth_service] Transaction payload payload_hash=2eT3lWbFgAoprjDbVTT/JhYnbjgmYKMLVxjyh9GABw/bXwFEEj6J7X5NiHg/cuunoO79ZWSGLscrZVfQCQQ4AQ== processed in 223ms
[2026-08-24 09:21:30] [INFO] [cache_layer] Transaction payload payload_hash=Y8LuDKlpS6gbGS8O0bcW460Nz+XNXTdOHfolyAMcYUuPI2VWynUCkJ3sA9iuy7xqDNtTlKjhmbZ0IgtjalOeGg== processed in 204ms
[2026-08-24 02:24:49] [WARN] [cache_layer] Transaction payload payload_hash=L6HOp4h7uAtAMmQNe7apKIGlEMrxUhU9oqGQ/yNQejvYaqQAKmXROqQPvE23FYq5EKHgO5M2fvFkuds4ZFXaLQ== processed in 151ms
[2026-08-24 05:31:36] [INFO] [cache_layer] Transaction payload payload_hash=E6zMoDGwgmF0Nn0KKowBfrkd4bYECiE2yb5j9JbM5RW21gInWhRm/f7EGSFC5w8xIRUc310je3IHqrGlAmgjDQ== processed in 297ms
[2026-08-24 10:54:24] [WARN] [api_router] Transaction payload payload_hash=uNKPPi/rFPdWrnr83B8IBwz6fz5LDBcVsAniDMrcOs/OQQWaYpMomwwn8LkPk+o1IL7GR1OW5Cy84cDk/YBiKw== processed in 451ms
[2026-08-24 06:45:48] [INFO] [auth_service] Transaction payload payload_hash=Mxhzw2CSgPIjX8luGf+boakUbnIC9v1FmseIVM3MKgQScd9gA+FQdrLZsbpakvH2j806tf4t702N4ghVRJj8cw== processed in 368ms
[2026-08-24 11:06:06] [WARN] [auth_service] Transaction payload payload_hash=KU+v8nC1rgIElu53abv832lLyxtcQRliyPfLnMZD3gbqh6/8DOS4hv1Yu/7xGZBifbywKFgrGDzaU3vEUu6aXg== processed in 114ms
[2026-08-24 06:11:22] [DEBUG] [api_router] Transaction payload payload_hash=spJ0gbon+fOoOZNAIyBCZkczQVM8vJt/Bi9aFm0RnUD0PdIxmrzzItpr7fY6cBp4+bBjwspcAh3W1/TxO3U9YQ== processed in 157ms
[2026-08-24 09:34:34] [ERROR] [db_pool] Transaction payload payload_hash=Q5XMFd0Ed7NafQuOFtzsbvdSGVR42DFdd7aIMgdEkmtxu6zgnQxZ3zwlgQoRAAojZR4j9WYaaCyzxOvtU4an8A== processed in 394ms
[2026-08-24 09:12:43] [WARN] [payment_gateway] Transaction payload payload_hash=WZ90NsiKVpzDVpi8jRGiO4vb2EabXEU6QbqDR4Ki1NWdS7ldDk5tTd1m7Cm6EtTycgu6hGHdXlQaswwPrl270Q== processed in 291ms
[2026-08-24 10:04:21] [INFO] [db_pool] Transaction payload payload_hash=a+PoAPmdvHUPV0YHm4oUD82SPNF1BDYUH/6SpsMZ48APXbnzc6jSKRrX2miTCJMNjjV47CD4QUgc7KBYXGJm7Q== processed in 218ms
[2026-08-24 08:13:06] [ERROR] [cache_layer] Transaction payload payload_hash=T08saKi4KVwmy3BYzkZsi90T7U+Kho5gTpnQSjkg63wr34gxAxy9Q5SKC8LMxmZwkrmaOdsbsVMxTvSzObc9vw== processed in 225ms
[2026-08-24 03:16:41] [DEBUG] [api_router] Transaction payload payload_hash=pr/FNTvrEel8FfZ+Ilp1jLsHConToG9e3HL7MsUflydMf1CydnJ7XwSn6QxjqdB3oXwF5SgvQH2/ZRPq2UOJ8g== processed in 49ms
[2026-08-24 07:53:14] [DEBUG] [payment_gateway] Transaction payload payload_hash=GAesg3F/lqUlCkycV6HKnIFec0p8F7y8/vs4lThFAu2EhZAh2blh5r8Hnbq22oVDmI08xKwRLqP+5GuSETe+Eg== processed in 427ms
[2026-08-24 03:29:31] [ERROR] [payment_gateway] Transaction payload payload_hash=jew5T0eI+Fz+5ooKNAwAQYI1Q8MvPnHXHPNkxXmrQTyoy+sQgysrrGiM215Pn0V5ZmKH8n1ZpS1wPAVuJVIw1A== processed in 55ms
[2026-08-24 04:52:38] [INFO] [payment_gateway] Transaction payload payload_hash=yn4OnQLWysbS23HvK2MR0HPOEVKlnMU83rgmS4TOP3E8OGpi95y0+PP5V+T7NexWwgYEUX5LCp7/U5XCOOw0Fw== processed in 391ms
[2026-08-24 06:34:52] [WARN] [cache_layer] Transaction payload payload_hash=q69XAhQt8FRNQr/Z+9c1iHTec2xGFC0ZTMdf6TUEdMpimLswa77HU1mwNMCnnBqIUH+TaN9lCN9H01H5NqnYHw== processed in 150ms
[2026-08-24 08:57:46] [INFO] [auth_service] Transaction payload payload_hash=Dpy+o0+jrUjJ8d1nbo35vxDp/hI3qTg2aZUv/nOHwDiwRnhBzXrVD1vuJtClei6MTtez52OTgV+McBbOtWE3fg== processed in 29ms
[2026-08-24 05:06:45] [ERROR] [auth_service] Transaction payload payload_hash=9+GU9pf/u8aqJwljCgjYz8VRXS6M5VdwpmTJi5foPa9oXLVsB4q5ox1Im/51/z5pl/vvCCfSV7sf0PA1nwmKsA== processed in 273ms
[2026-08-24 03:03:04] [ERROR] [api_router] Transaction payload payload_hash=3VrMZ0LJg9/Wt6FITFmmu5Ul0c/1eO3lgtReoiQcANKhPTUxuwRu9Qv5UBmWbL+hT3hHmkODXo9QIeOHD633aw== processed in 467ms
[2026-08-24 09:46:58] [INFO] [cache_layer] Transaction payload payload_hash=fB0qdWaSdaCmcvDER4xK8kypRSJXfBhEHvDR0WKk+WDsoqvwdKq+SW8Umky1lxeRA0T08+TvKvdrj9GjmPfecA== processed in 314ms
[2026-08-24 09:09:36] [INFO] [db_pool] Transaction payload payload_hash=P8qwe74tscAl38zJXGG6PJJXeZt3N9m58aI5upR01nPWCAhX/jEoF+4/Rzu80xHfbkOCj+zYewaEIsE2Z/Dzmg== processed in 200ms
[2026-08-24 09:27:24] [ERROR] [api_router] Transaction payload payload_hash=ESzcHkDkZkESSkz7z/c75spBnW3sZjNy/sbgG871igIMMr61LF2aoqLayfg9uo7zhcihtL7o1eP9mG67ib/pSQ== processed in 58ms
[2026-08-24 10:36:06] [INFO] [auth_service] Transaction payload payload_hash=N2pF67BkDcLUiINDrnQ5dZQ5stWewwM6weNFFt+Tr+3xmUMKtM1WCDREvlX3/HZU3YoBZkwrByUD75ZLXU4geA== processed in 361ms
[2026-08-24 04:26:10] [DEBUG] [payment_gateway] Transaction payload payload_hash=Vs1ekESv4GgcidUjCxeUuBuF7oPk4xw7L0hmudu8PkBVnkKrKoTZvsTFkNz+pRW2Pv5FsOGEeXWa/NzmXoynBQ== processed in 295ms
[2026-08-24 08:17:47] [INFO] [api_router] Transaction payload payload_hash=tBcWJC42SkAGVlwBz6gwQ3p9vmTRy2zSYc3ezbx6O8DZUp3wpizkSGdNK7wMbCXiKTRPURXsjgw+fGwWl6UJkw== processed in 69ms
[2026-08-24 09:52:00] [INFO] [auth_service] Transaction payload payload_hash=WUOOjvvl5cST9pk70K00AE0QwKcK9kPXPA/zdgL1/bBm593OoMbZryhQkc29zfW4ZucNwIhfArO/ksTQVdbi0g== processed in 46ms
[2026-08-24 08:06:36] [WARN] [api_router] Transaction payload payload_hash=I8jKYnbeqIjEJdtuHLyENRCNytOOEzR9IWoEF124jl1TyD1li0jbZg2H6GWb0ylIici2RactD/5vbe0+nXok1Q== processed in 397ms
[2026-08-24 09:12:01] [WARN] [payment_gateway] Transaction payload payload_hash=DAElnkL/wnaSSUbYjIeGWaeVVC9glBcr+W3eepgcJplurxn6ELTjmk2XVhMoiJFfa+L9YFCbRm17FCySwjrh2w== processed in 267ms
[2026-08-24 06:23:33] [INFO] [db_pool] Transaction payload payload_hash=aNjbKNlnOWvYyPsZiYENPXWI6GK9HygeSvivgMbvR3k+udWUz3u7xgVE1TpyHHemdTiwnNEAka+tGaiXHJzzbA== processed in 231ms
[2026-08-24 08:19:54] [DEBUG] [cache_layer] Transaction payload payload_hash=j5Bge+qvAI5A27kh3ynwcHuEWurLzRv6VtDVJb0HViNF47yHSre8gh97/BSuudkA40faTph6qA0Q1iXptO7jWw== processed in 340ms
[2026-08-24 05:26:51] [WARN] [db_pool] Transaction payload payload_hash=jaCXAte6v5JYzR2TPKYKPCmFdIPx8HZzrDUX+xnNlOhKXYA4PwxMQEmuU+cvrFd5BTLzIR/xw/afoimFe0eWpg== processed in 376ms
[2026-08-24 09:47:58] [DEBUG] [api_router] Transaction payload payload_hash=ZN7P1w+SOuP5u2+Sg7eNr16elN0n07FW8KfHZTy+CcyQSomuO6jXl4ZCSdt5F4GQyGWeBIZwViim9I7fv8UU6Q== processed in 13ms
[2026-08-24 04:01:26] [INFO] [db_pool] Transaction payload payload_hash=0dgEAWwHn78Vclm4woK/mxJkJ4hH/EP4Inco+N05z3JDdLtYaYTvpWYHkpOzWoDFEktVd5lM7U89hdEMjoIL/g== processed in 407ms
[2026-08-24 05:57:55] [INFO] [auth_service] Transaction payload payload_hash=qyh+y8YhR2T30iB550iVc64Nq0OmHO7MdFD3xDTh+DOG2VmEifiMACK0vJU+xlUJiqeGjW5IxCmNUacoSn6cdw== processed in 400ms
[2026-08-24 09:41:17] [DEBUG] [auth_service] Transaction payload payload_hash=+LvD3f5gXfywBHH8MIUQSI+2iNlubAuEdcKanQGXUIrXvRr6t91hcOPZk4N4EEyripiGmAJFBV9RsO5WMgfy2g== processed in 325ms
[2026-08-24 05:38:49] [DEBUG] [payment_gateway] Transaction payload payload_hash=blEBbz0Re8EMJTF3/j0vI2IJIEapEsVZkRaCBVaHzMDaSdlkQlYxuMp3byHNAqaV8TIgN6iEHc+3gms28AWvAQ== processed in 179ms
[2026-08-24 11:20:41] [WARN] [api_router] Transaction payload payload_hash=f9ff8K2kVRcKCYn/KFNZZoyvAZN+TKVIwTQWPXkK/zOdkeGbF8zMBNecmkV3SdR06aAs49LHsiXk9YIZ+7+gfw== processed in 309ms
[2026-08-24 03:34:35] [INFO] [api_router] Transaction payload payload_hash=5w6a03K8iNCHYtmmLcRyLkXHB9HM2moX2YkBX4/Jr1kwt5XmF6bOk6FTltNpxQh8ovjcHGcWWaJuoA/QYFa9LQ== processed in 29ms
[2026-08-24 03:25:02] [DEBUG] [payment_gateway] Transaction payload payload_hash=JeMEUWJClZrB6PkAFSTj49jw6fXaGiE31ftw4Y0Lned9OrxOeJxCHTvFujEdgkfewnM7zAFB/aDf0GnL6LepJQ== processed in 9ms
[2026-08-24 07:05:10] [INFO] [cache_layer] Transaction payload payload_hash=J/S3pPCvayWoCa0p15bP49VOudh21lPUJ6tkoWY+8H+Qvl5WRPP6R6xL0o6jCogz47xhn382+0b0InSu2xZuWQ== processed in 145ms
[2026-08-24 07:03:51] [ERROR] [payment_gateway] Transaction payload payload_hash=DxbOa3YTD5XtkxZxmVmhoxm/2+3K6mQcAddoPO9Rb4aWDaDTzUAcXlSmpRHhhb1mWsdDAcRQB48UY5wUYeM6sw== processed in 437ms
[2026-08-24 10:11:15] [DEBUG] [payment_gateway] Transaction payload payload_hash=I6PxyF6mi892AOg35nFDV8J/9gIgm+U+zf684qPiZvmrjpMYo4pSoBCrt37Pon24cpsrWaS29dDf5ssd58tZYg== processed in 259ms
[2026-08-24 08:43:39] [WARN] [auth_service] Transaction payload payload_hash=BHanFoDfXD7uScEJlNkRSWFUuHcwzubpo8p+h8TiH8UsxqkajzBeUqHeXFln22FhGn7jjjREmF2KUInB98HeRQ== processed in 172ms
[2026-08-24 08:09:52] [INFO] [auth_service] Transaction payload payload_hash=cAhHhQzUza+NGi3mYEC8XwPYhwQ0aGq9PTz+X6pYwiw3hyYkyJw4TMAr4EhTFqb/y+JENhI1GBjn4rk17GNi2w== processed in 369ms
[2026-08-24 09:22:02] [ERROR] [auth_service] Transaction payload payload_hash=U57KsGGzB5XTkHJKkh++LrbrWX4OYkoN9rJqIaB4b7UW/aZLMYZPmFxlIzD/S3PwQUEtwOmJ95aU5gNLpHGL5A== processed in 232ms
[2026-08-24 07:03:48] [ERROR] [payment_gateway] Transaction payload payload_hash=kpf76Khyc52EGK289clKWSS0W0P8NX3rDRiRTJ4xOw2iqSNuH6NlWeIcTyq5XAzeex1Tj2h4pxE9p44YApvC/w== processed in 481ms
[2026-08-24 08:45:10] [ERROR] [payment_gateway] Transaction payload payload_hash=fUp2S1TykywouF2T70VK3C6+W5KRfoeKkZpyFJNqFOeuaAEJLWCpQsUnLZJiCS/Sg+0My8lKrJXEXBp2HmW/0w== processed in 257ms
[2026-08-24 07:15:28] [ERROR] [payment_gateway] Transaction payload payload_hash=z0vOdPlIo1xHAA70CvRltvgQHqzXJ1d6fD9ILSkUmBpkQShp+eK47630dlbd/+QYvVZHtmjX/jsef4JjhVjkPA== processed in 151ms
[2026-08-24 10:16:20] [DEBUG] [payment_gateway] Transaction payload payload_hash=4Kukbp6t9b54BmHhhL2pd8uA3da4C8gwBrSxig4b0LEMUURpV3H5RbyJ32P4a4Wx5fMKM4vfeTsfOgNPV4hM6g== processed in 323ms
[2026-08-24 08:05:48] [ERROR] [api_router] Transaction payload payload_hash=7T41U0XXJnA14a2OQpvE+LtGXN5v3fS/PkO4NS4eXfcLqwxD4QsJPooAnHOQR0fu6UZqdiFiSwBYV82jlkqqrQ== processed in 406ms
[2026-08-24 10:37:41] [ERROR] [auth_service] Transaction payload payload_hash=tJUH2BGgh2Z+O+sr4kGlPiwHv2GMjz3E+Psb/TV9feyoZj4oY0SPym08RooH21u4/0hYQmPgqVtm9S1MOHX5Gw== processed in 29ms
[2026-08-24 07:47:20] [ERROR] [api_router] Transaction payload payload_hash=/qGg7G6kQJvgrDhnbc7PBpUQvqEX/c5bTOEFj1m+j5hHtFqjdNXjoBlxSR1reQdpAb/vKFETs9tLQwJn3ZKR8Q== processed in 6ms
[2026-08-24 07:25:20] [INFO] [payment_gateway] Transaction payload payload_hash=+VxJgUVuR504xRkkXClXW6GX/+qnegRfIpWihLszpdwwNEU7bnltx5Vxu258lKKCvhwLGopQAWhCE6ZhsTjbzw== processed in 61ms
[2026-08-24 03:47:19] [ERROR] [api_router] Transaction payload payload_hash=f3/Y+JbMWSu2G1nkGAXaX/Xr0tjOjh3ElvzCD/Diehf7Ya0yK2wgzpXtn47nJs8e3lITQ9aqU+Aj5C/lw4yfCg== processed in 286ms
[2026-08-24 02:16:25] [INFO] [cache_layer] Transaction payload payload_hash=eFerzQEItk73992ZWaSVs9dUzB5mnauR8oZl1ClF2xQ3cKK+lDHQkLG0oMP3P2Vd7JtvAGH9KyJM7Sz/mpCqew== processed in 412ms
[2026-08-24 06:22:30] [ERROR] [cache_layer] Transaction payload payload_hash=y9SvBLpPvIy6BTGtf88DSp9J9Oe3iRcTO9hKRzrfZfaX/M88oLyWct+lnaqggWnB2OCWkus2TBMX7oMqSTK3/A== processed in 377ms
[2026-08-24 05:03:10] [WARN] [db_pool] Transaction payload payload_hash=0p/S8n6mFHaRvcaRAiO2g9mAYs6i4+Lths9wJSYTkRl0vos54QmuSmYEaoJQlLI7QdcuPLiA0cI4DUlohmOBFQ== processed in 317ms
[2026-08-24 02:38:19] [DEBUG] [payment_gateway] Transaction payload payload_hash=6QhB3LibcyobNx62SpKpI+VgH9cUpuYKIQLZsrL3Uj7xZZN/bidEPBcF6CG9deX0UWpXZkZlIZlZqHsoFXPOfg== processed in 190ms
[2026-08-24 03:08:47] [ERROR] [api_router] Transaction payload payload_hash=eY2o39TWLCnh4hJ+hXLfksoEK1Y1AxlY6ZkA2qkdbCHCNiq0CN6VqOWHfWi37f8+YtjwtskBdNt1AxLVSO6nlQ== processed in 30ms
[2026-08-24 07:28:52] [INFO] [cache_layer] Transaction payload payload_hash=CPXEKuiYuA+AXyWkMReHeDlWSuVeY8/XwAdjT2kX9b31H8ebZFgSaa714MbZz2VXty62pnh+ARPr7N+F3+cW0w== processed in 155ms
[2026-08-24 05:50:38] [ERROR] [cache_layer] Transaction payload payload_hash=zzoXGnzG4VBX8nrCVbKJRk/fukTvWju9Vmolm5rwi1cOVGDOPLb79j6TowqcFj7grIrLPqrGDWe6I1oMpv3aDQ== processed in 98ms
[2026-08-24 08:38:10] [WARN] [db_pool] Transaction payload payload_hash=v4bL1lLESmmla46xhotKZAZQABYL8ZnRAjSoM44zTypnKxg7mABfPYvMgfIiFTdiR5Nz6/NmeIYljZvfan4wHQ== processed in 85ms
[2026-08-24 10:37:01] [WARN] [auth_service] Transaction payload payload_hash=XchicJNgPN6AYglRNunejYavaL0kEOn6EVpe3Gn31WYtEOUlMMDmLf9jeRt2Ntaw24W8FoQaD6g2U3kxGKuQCg== processed in 182ms
[2026-08-24 08:21:51] [ERROR] [payment_gateway] Transaction payload payload_hash=ujK5+2WD5KzilrdaE7iR4+at8YROIFdJuSggTMFe3hfFEssXDGecB9lQaUDnCnHS9Nlppsmf1ZNSQCpf0E82BA== processed in 366ms
[2026-08-24 02:35:05] [DEBUG] [payment_gateway] Transaction payload payload_hash=WYLSvS+Ue/ti8Ro/VcArgWGVjgr1XHGVnK2zaNdqDNMR7IOmZ/yXIDWQC5hT3wQs+TQuG+zS0P0/Gyf4EukbNA== processed in 176ms
[2026-08-24 06:20:24] [WARN] [auth_service] Transaction payload payload_hash=7mKdPpl4M/yhuT/vzSWiTmLIdNMW8xwljokx9U6NFgubL6YJmR6enOvupzKZDia1BhlQyKqhFR2vhbRZarMOjw== processed in 295ms
[2026-08-24 02:35:52] [INFO] [payment_gateway] Transaction payload payload_hash=PJPtLHzBndpOfzrK0G8TPjQ8YT5wfvmabp8C/K/BKPlqFKFb31kQ4NoIf58rncKkqpGgSv56L9y5KY2klQIYYQ== processed in 457ms
[2026-08-24 02:24:49] [WARN] [api_router] Transaction payload payload_hash=xLw/rDZG3rHar/Bm9ZM+G1EZZ0KHzUNOrlrjcaoPG+lEHQlX282Xk4Ql8+QyVXW8e/hjcDR3zf6xmHzRIywpsQ== processed in 137ms
[2026-08-24 11:13:46] [ERROR] [db_pool] Transaction payload payload_hash=kgn1wDYsjKJW/TDzqV1nwOmRZxBa9NpvBXPm0oNumfd8Zy6BT8k0Wa3h2c5HuuARbJpcVcJHoO4mRP48qUuvVw== processed in 51ms
[2026-08-24 06:42:01] [DEBUG] [cache_layer] Transaction payload payload_hash=V4/yVOdJVpfmo9BDhS106E+/hkSOFwMFnfFOdW/JU/59svekhCmxxMOcGSFp95jSjHmLKCypzV5etvRtLop5Sg== processed in 381ms
[2026-08-24 06:59:27] [INFO] [auth_service] Transaction payload payload_hash=o9nofK0qjYNGEdSerRcz+gnbs8FjiTUWKGBa4oOtNUpS1OGYzKuOfZfOeuB8tZgO2kkT7T9RDBCyFEIhkfAP1g== processed in 477ms
[2026-08-24 05:10:14] [INFO] [payment_gateway] Transaction payload payload_hash=GeFPxabp4sBrwxRLm1Ma3opJD1teoseP5fCpABo/jw2VDI5FbR2GKxVXlbiCyt3NjTbw8+A2cR95hBh6TDlC7Q== processed in 377ms
[2026-08-24 07:27:17] [ERROR] [db_pool] Transaction payload payload_hash=ezdtyz/ZYuuQRbOCgrMM9HjMzI3tICbV7+Xn4KJVXfuPGf9j61rBjagZ/iPtVoqbglZ4VhiG+VhMQIfOaUKqgQ== processed in 416ms
[2026-08-24 03:46:15] [WARN] [db_pool] Transaction payload payload_hash=euG1qmSrRyCUXDK5w0Krkh9RlywG5w5XWATyciCY3tBrL8nGAA5NpE3ndrSJBPrQlldBre7OIRfGPm3VIIZ64A== processed in 390ms
[2026-08-24 03:17:53] [ERROR] [api_router] Transaction payload payload_hash=eNnKcVa9NZSf4l0pgXTmbmVaTlhL5MniKtQ4OPum5P+7Vzo3+gfrqUQpHutMA9M/KsFbj4zZU71g/L5I08yhQQ== processed in 105ms
[2026-08-24 02:17:41] [ERROR] [db_pool] Transaction payload payload_hash=NyDG2Pap1L1iLy46GkM9rZEg4fTIDBef94ZuqjZGU9mqV36n+rwvbngG5dvgy6OG3F0KCZLFhweP7we4WjaNGA== processed in 404ms
[2026-08-24 08:46:03] [WARN] [cache_layer] Transaction payload payload_hash=0Clf9caXLVxd5ebDwyI+AceVSbKIrrt1CTaz/UDqo4I/yIexqSX05d8spa9c4IDGACkXJH4OcLJ4OqFrroov4Q== processed in 417ms
[2026-08-24 06:53:08] [WARN] [api_router] Transaction payload payload_hash=T3GkvN8heJJwKZ6oLOkIk8ZTdWJbu8+fqCsVPWKgA+06ixEH6/yINiPID0UvaQ6KFfy4cQpzV1nAtaZeYTPafA== processed in 39ms
[2026-08-24 02:15:29] [DEBUG] [payment_gateway] Transaction payload payload_hash=VQfj90NnqD9GWk0M6g0Ao7/PykyxpNfIzZAQHl9vgBPthAkUUQnwnV5lKKOSQZDI5gx9FuvMVAPNO4cfnxXhaQ== processed in 4ms
[2026-08-24 03:39:08] [INFO] [db_pool] Transaction payload payload_hash=SGfXtiIwOCRJyw1JGTahtATSolx11I0kC54G9d2kLwtCDAPlURgzMm16wkVdrn+OlJw54vtd/GOpEA2PGs42vQ== processed in 281ms
[2026-08-24 06:28:04] [INFO] [payment_gateway] Transaction payload payload_hash=6ZL5oUFKn8X95p6mxPVRMgSpSnxoUy6k6VBydqT6yqh0Q0t5pZvSlnzkf240hQG2x32SI+oerUv27VirvZu7nA== processed in 138ms
[2026-08-24 03:16:35] [INFO] [payment_gateway] Transaction payload payload_hash=GyIqctcUi3YsQbUgNpW6RELdoxwEz4mxVKKkSJED+ubzW8ru9CYy1EcfuzvT4bZjmddWiYs0z+C/+IFIduOg2g== processed in 322ms
[2026-08-24 05:39:01] [WARN] [api_router] Transaction payload payload_hash=QXDvlLqTIVWZvVRViCgo6JKtHzfSwFYtQAjwoCpalnePedV8ZRZn+j8SIORauh+YGtm2SOWaeOMujO3YDKV73Q== processed in 239ms
[2026-08-24 02:25:14] [ERROR] [payment_gateway] Transaction payload payload_hash=vA8c/jHE+wP0y1PJYwNWhJZAueC2y7+1rt9x4/a7nPm5iVFNc7QHHk9YgxcjDg2K3VSE/oRbwtZ/d2K0CPMVRg== processed in 409ms
[2026-08-24 02:30:53] [WARN] [cache_layer] Transaction payload payload_hash=uto9fS/ItbB2WXz95GQgpWtSg9DTpGoC74Ftmz5RncwBaspyO8MS1GJZC5Ir2UyI9WqxBEnDuNtAaRMGt4Hjng== processed in 328ms
[2026-08-24 08:00:18] [ERROR] [cache_layer] Transaction payload payload_hash=TGcPOSt9eLMn4OhsPc4FcYEFD7gGALLDVioNoH94x28pOB0bZ9mtxfGQV7IItB+EnfF3I1mRsPLX4XtmLPuz5g== processed in 263ms
[2026-08-24 04:47:57] [INFO] [api_router] Transaction payload payload_hash=Nrv27i6MXLDMN62W7FaetXIzOvU2BGsEfR5b9RdzQziXhbhTF6V2zZSNo2SxKmEsYl2tdIKbf/NIsR5aU/CYIA== processed in 210ms
[2026-08-24 09:02:59] [INFO] [payment_gateway] Transaction payload payload_hash=s583gfmZ4T+0rB/kXN1AW6pk9vUV2WlA98xmaH+p3EAPhQLuap9S/5h92ZrJKrJ5hQbqBvxIHSdhTyMSJN2tsw== processed in 125ms
[2026-08-24 04:24:41] [WARN] [auth_service] Transaction payload payload_hash=aN13Gx4K3DHTl9xCJPsU65hL9K4N0nUc01wgtXOawwqcTgagNndIYAxTXbkEVGzxuKiI21+XPOe8e7CqZXqCbg== processed in 378ms
[2026-08-24 03:08:19] [ERROR] [db_pool] Transaction payload payload_hash=1qlktr8uAbF9f2Cwl5vOVGIQ3iy6p3IovPH5a7CwgcvI2M03WcMIdM34F7MzTUV/39D3qHp4ZfD+AtJfUo3nRw== processed in 164ms
[2026-08-24 03:07:44] [DEBUG] [payment_gateway] Transaction payload payload_hash=r9O0LUT6/ScvbotPJgDTbEzcduKPwPDKHEqEiuDEixpvzXeIcaJIm+oX9iBXivNAqHVuTd2gb3zhJDiuNzKZgw== processed in 280ms
[2026-08-24 08:21:06] [INFO] [api_router] Transaction payload payload_hash=Ew3dx0DOU9VwXgONJ6gv5vz4xS9nyedUPN5Qm6JlXmv/QZ351mYlGiqm3Z7GRuegfV92tfxXnwf1eVQPoq1OzA== processed in 177ms
[2026-08-24 03:33:03] [ERROR] [api_router] Transaction payload payload_hash=nvXnaF/TXN3xSvq8cJ9obN3WF+W8DQfB8f70Ctev1uz+rNGDFVH102cboFY5yQIM/NQmy1Enm+OEjBbDryNq4w== processed in 347ms
[2026-08-24 10:05:42] [ERROR] [auth_service] Transaction payload payload_hash=9CCR5HdTl1NSrnvmGPu/YM1XXQDaueF/Sfsxwsx5wim1eEyeU3ceFAeRJd6/gv6/2pLzy8IuCroXwyb181K9Qg== processed in 90ms
[2026-08-24 08:32:02] [WARN] [api_router] Transaction payload payload_hash=TbSuj/+ZuLcaZL4yLwO2NtT2i/tExjDNnS2WZWjdvjYeM/9e1n3t7wgwTMm93H4TMOIB4KLRbd+h0YoGVfoYjA== processed in 141ms
[2026-08-24 09:16:14] [DEBUG] [api_router] Transaction payload payload_hash=uuf3GGxLhbRZw6OifoB4CmGAx6WppV/uWg11WMkKQOwH1q5ufU3MSXVWlhg/OYc7sW1a7yR/CPPi34oHZkR3LQ== processed in 483ms
[2026-08-24 06:21:23] [DEBUG] [auth_service] Transaction payload payload_hash=2DbFkXw3STbUH/rKMU5FnFuJQ9ojDMvpfI5F4eJiLA8yj3ExBY3KHWmMxgkHVCHesI7YP0wEnxFbL+mjj9RRsg== processed in 90ms
[2026-08-24 07:20:00] [DEBUG] [db_pool] Transaction payload payload_hash=EfvEV1ZkWhqpZhfs+m6TNVR8IwKQ0Fdwo3JVThdcdVxR9iXcwowtIqNsQ1JZpSv6MmqpD3gTyxp0nBIzEvCM6w== processed in 114ms
[2026-08-24 03:15:25] [WARN] [cache_layer] Transaction payload payload_hash=r2HrSw20ZyW7uwdUr7Mx4iFUareFlFlfumFecSz1NIklCsS5Sr5DQVrqWWlHgRrmQLo5QUV+gLldL+TCZmGh/g== processed in 315ms
[2026-08-24 10:28:58] [DEBUG] [api_router] Transaction payload payload_hash=iKL5e4vctAcwnVXXXKSRTraj4dBYcQ3ql0r1p4gtTOE6wCDEliakRcFzBkBjoZANF764jKBmFlpGl2RpvR4zBA== processed in 8ms
[2026-08-24 02:39:46] [DEBUG] [cache_layer] Transaction payload payload_hash=Pev36tquUzPGQTvr36jxn1TALowzKHOX8F29uM9hMUesjuIhRm17vlSzEMMnK4+xytRhIP4uBC2o6F/VRtSPDA== processed in 251ms
[2026-08-24 04:26:44] [WARN] [cache_layer] Transaction payload payload_hash=F+hlJkJVYtWcpIarI53bRU8TWeWD876+CZvNddpjFQTtHcqNqfqDTm4+1uAejOLYP2jFrs2lVFn1E5B+i8YVEg== processed in 143ms
[2026-08-24 07:00:08] [DEBUG] [api_router] Transaction payload payload_hash=8C6Y1HtlHHGd4v1GaDHE69VHk8KdzvB4Ab1SZO2db6j8NLfDw+g7L1AqD+To56U+FSnHDPqVS0OVpqzwzXhi0w== processed in 256ms
[2026-08-24 05:40:22] [WARN] [cache_layer] Transaction payload payload_hash=YdWvd/k/RkyHfAoexumRn2yWAo6USHYHzNNRMdCRf3nCPWqYeFlU5k2LjQxePmyhU/zsFGbdVHL6d8O0NQFqtQ== processed in 357ms
[2026-08-24 02:54:35] [WARN] [cache_layer] Transaction payload payload_hash=OtAGlfOyEbEQ0nUmG5HqjABf3lSsWDddIbWCVtDTKR0+pJQvQmgngJy54ulS198VJP9IdIUaWnETwxTkrqdbnQ== processed in 73ms
[2026-08-24 02:47:42] [ERROR] [api_router] Transaction payload payload_hash=y0hLG4MsI1FIPeRX3xeIjicgd3aHe9KYh2vA7WroHglvewlKiwJci59xM1/c07yyiMI+1ooPs3YJGcvTcxgJ7w== processed in 397ms
[2026-08-24 08:26:40] [DEBUG] [auth_service] Transaction payload payload_hash=bULSpAn6FbdZrFRUqV/GPL9FYggliV2IxWS4p1aO8MWdA9LSSAbXF34iLwx4pwORcELA+gpBJR/snkLQBAl7wQ== processed in 303ms
[2026-08-24 04:05:40] [INFO] [auth_service] Transaction payload payload_hash=Mds2R6vlxwtrfUuPiQ0+cJlgWZ+HqRB0Cl8himvXEY0umA5XvovlggEWIodrTa0lyGHjOJYUcfUK+rsymy1I3Q== processed in 205ms
[2026-08-24 09:18:25] [ERROR] [auth_service] Transaction payload payload_hash=46sbUZiMx3MxHrOO0UHby9SYoQ/NhiCowSGsUj4e3FBUAs22byPtQFO8YUqxNWSz3eKmzHpx8FcRc7zy+la3Fg== processed in 384ms
[2026-08-24 05:19:21] [DEBUG] [cache_layer] Transaction payload payload_hash=ooIolakviMtfiT71qxp8t3UCboL225PtD4k5UnprEOPfvxZ12VjmtUubcpqbc+YtMn8XW+QQf373kbGYWD41Kw== processed in 482ms
[2026-08-24 05:40:27] [ERROR] [cache_layer] Transaction payload payload_hash=mULkgeu3Y+NbRMhjcpY8wTtl/+tWN4MWWiezG6Hy6MvBRKEoQnqVcJ1475RC/ZGclHcoHJClJzfv4ZNuvcHo9A== processed in 288ms
[2026-08-24 09:41:01] [WARN] [api_router] Transaction payload payload_hash=oYm+yXrjBCyRNKWIPGFscAVwqmCHqNzBZZLHpVOxRyKHEPrTfLfpY1g0Uh7rc1kd9ynamKF0dI4TWotTDmRVtA== processed in 474ms
[2026-08-24 05:54:39] [DEBUG] [api_router] Transaction payload payload_hash=w2Uo8Qty4gbPfBgdgZm1UsDK8Oh/JTc75rbFBi9ZZEiUgQdSlSv0CLqf/vlBAISWKpKGCjsiAdGoHa0C0RGCOQ== processed in 262ms
[2026-08-24 04:44:40] [ERROR] [auth_service] Transaction payload payload_hash=n3cXf7/kvq7pV04rPhYrelUwT2o7f0LF8r2ft0n6iUAnm1s3i0R2qv84JMCFv7wiopr/CE1LbdH3kvWcD8JiCw== processed in 269ms
[2026-08-24 10:04:22] [ERROR] [api_router] Transaction payload payload_hash=Vd2UbRq77rjTqV4edJffJBMn9BKifZ7QnRFw1g5BiyU67UwCLcKeBlrPtYILyui+8dxr/2+Gf2g06ds5NGGw2Q== processed in 239ms
[2026-08-24 08:21:08] [ERROR] [api_router] Transaction payload payload_hash=1BJ49OZmSF1JOIUBr5Ro8WKhg2Z7ti3Rxw7I0ZScg6nJm+NusRMdg94FbnixHSQJc0qDoRQoxiDt1beXRZNrCA== processed in 327ms
[2026-08-24 05:06:22] [ERROR] [auth_service] Transaction payload payload_hash=K6Q5mYX0HfhjItBTO4y6obW9rY5EKBMbbb1PYLnQlRwkCbzIXUq7UstOTSDZ/oNqxqzLWRKGf1rosRE/bihjfw== processed in 147ms
[2026-08-24 06:50:09] [DEBUG] [api_router] Transaction payload payload_hash=dRXl0l87YJKjuxF2yo5DEu6A/FDZi2wCILI8EqLde1V5/xU1kfsks7jzt+sZel1XzdX9W1HU8NVkJLcHVyihvg== processed in 315ms
[2026-08-24 02:17:15] [DEBUG] [auth_service] Transaction payload payload_hash=h3Tc/nBjSj+m1Ss17W4fzyiqpxqPJoKwJcPg3As2Y+e6cy0QjWoUpxB8ru9OUTA+5XmpYUzWsATlDLNUHjKsTg== processed in 408ms
[2026-08-24 02:40:16] [DEBUG] [payment_gateway] Transaction payload payload_hash=QayNAW+MzogPMvrI3yfat+hA3JCjlN7twokfLsQdF3/9uedpQhWCJUwhuPp2j4n+GVgAXwYWrxHu9fl6WmrkaQ== processed in 281ms
[2026-08-24 08:02:45] [INFO] [api_router] Transaction payload payload_hash=GZ6ZmhFty1ujG0nvX5ZTL1ZVOLX8rrrJV3zZA3/e8CpUEm+VfV7CXHNbksAGSrqJn/X3JUNL8M99rkNl43sp3Q== processed in 301ms
[2026-08-24 03:09:34] [INFO] [payment_gateway] Transaction payload payload_hash=8X/rhfysRTUmXAqum2VME+1gCz2tRerlNx1SE0d+x3kMowHE+4rNmfFEs1MWhUd3hbV1ZEaC3x5UtKBLD2i6zw== processed in 142ms
[2026-08-24 09:32:16] [ERROR] [api_router] Transaction payload payload_hash=uwvP25N/QtNNUUJTro8oGqrGR1NYYVxWjjykg2QFL9wljy9TOsS3+/ceTXOPP1ULndZdujmxAIfVX+HhVimHRA== processed in 324ms
[2026-08-24 09:49:26] [INFO] [db_pool] Transaction payload payload_hash=o7Do47CWM58WILImlnOjyw8TtXPRePrF8Nz2gBhDscXr5v8WK6erHk2cpNoOiLbgpmAXklFTbf2c8xCdj6jojQ== processed in 93ms
[2026-08-24 07:53:44] [DEBUG] [cache_layer] Transaction payload payload_hash=CUYNkgpYb/cU94FEGaFqPbcXdzDmGY86Z5bZr9nt+FtO5PSWuoaaUYUYcqv/ymnLFFllVTnhmUy87E2czQXavQ== processed in 451ms
[2026-08-24 10:44:03] [WARN] [cache_layer] Transaction payload payload_hash=7QZc9pOHGek9kYkl1eAbRsYvasuKi/DHVPYFAY/V53KXD3VjiZgIcKtWykgLnLNVX6+0mAwEbifyxETYfeQIuQ== processed in 92ms
[2026-08-24 04:51:06] [DEBUG] [db_pool] Transaction payload payload_hash=Jb8eoeZzCjMk5JcDokm193CMYWbs/1bOxPryaKnYEmbsit7tvn1rt75ppgcJaj/Tcyoop7t12f2drNdHAxDAFg== processed in 451ms
[2026-08-24 10:33:21] [INFO] [payment_gateway] Transaction payload payload_hash=q/zQ93e8rosgw79fSBYrqrjc0+T8P+XKadOf/loeY7SoQFdSNWhOhkq7jSKs1EZleHJswkn9cd0SJqhveDskmg== processed in 291ms
[2026-08-24 08:37:50] [INFO] [cache_layer] Transaction payload payload_hash=GLmqlMpJ9XXQFAZxVTiZr2GdvhvtTSMmLUNnRj+Pv07lbEN8TSnCgXiqq+mfPyxI4aKjSSnbgOa8P5WAAuoScw== processed in 340ms
[2026-08-24 08:25:02] [WARN] [auth_service] Transaction payload payload_hash=odq/CYhEVjcw0bx91YzKK++VxTkG0JaMF+x2OZxpDdDpr8SqEyhnLp8xNquUzyZdUE30e8DB1MKeRNKWbokYbA== processed in 472ms
[2026-08-24 07:05:14] [INFO] [db_pool] Transaction payload payload_hash=I6rOTEh/J27JLTvoCA/+eVqBscanOJnA5h7FsnjOt47tVnW2jBlux4HehMa2fR7F5ruhveG6DE6+v/vRX7aX1w== processed in 317ms
[2026-08-24 06:51:29] [INFO] [db_pool] Transaction payload payload_hash=cfqEC0ezN5gVuHbrye80thleLxCLs3o8M1Is2CO4e/C8ew5yiA5s7tbhFFGlgw1bQH7SYhHMxaiI9YCXY5dl5w== processed in 384ms
[2026-08-24 06:35:44] [WARN] [api_router] Transaction payload payload_hash=8Y3xW/1902OxiV4gKih4BQeiSqskHUNhOn9W9k5QX2KxzwgTtxSUgjFB1Pr56rHQSiWQNEsZJycaup3npeN37w== processed in 20ms
[2026-08-24 09:14:08] [ERROR] [auth_service] Transaction payload payload_hash=ewJGq2e7c2S5Yl0DsCLgT9lHRTvKnX51QQnQ1wH47XYrnbVMWM/fPa9fuhimxn6XOJePDMdn21abXvrtznNM3A== processed in 404ms
[2026-08-24 07:51:17] [WARN] [cache_layer] Transaction payload payload_hash=GeEGjh9g/BYsEnXPaXaRdcDWu8hnFuXMNYj+BrUnN29WZ3wFC+E+CFB/f8ye/R0ZnDqBucvQ39jBMAPf1j4ybg== processed in 126ms
[2026-08-24 05:27:19] [WARN] [auth_service] Transaction payload payload_hash=7HetRaYl7lm6ydX5LsWAUR9xLIuKhOMbtn+UEBet9s/WwaL/ZsIKZdXb9RFwXEieser6ng7ZzotP4zeGmRwzyg== processed in 159ms
[2026-08-24 08:45:00] [DEBUG] [auth_service] Transaction payload payload_hash=SrEo2R/CtiAi6auGez28jNF828Yn56Z3X5bEt+xF+9nmSGLcKiXqt0qL9cWw/+e0RlcZQvZU/C+KPlbanF19XQ== processed in 355ms
[2026-08-24 08:28:42] [ERROR] [auth_service] Transaction payload payload_hash=aBK/5JDUiC4pAAEAdH8pc/jmtfUyzovVAQZSv/rfLGh0Ox+g4DG0shNcXwi9cUSOsrc5ZJf3cz1AsqLncAUDNg== processed in 129ms
[2026-08-24 10:28:29] [WARN] [api_router] Transaction payload payload_hash=iLU79p23c4ya6zya/aR60e5t802zgEpJ9F8T8zfjbNpN0yDFVDNM1QqJuwV43r4gWgHA96EfPdbflGquG718Yg== processed in 66ms
[2026-08-24 10:55:12] [DEBUG] [api_router] Transaction payload payload_hash=Cg2qlV3dBPUrvknW7zsArqLS6ilelNhzW5ErqBNhtvR/usBJxGJf5hAlr6IR6DjvaKsFEnwqQTTih0rsZ2j6FA== processed in 178ms
[2026-08-24 08:48:03] [ERROR] [cache_layer] Transaction payload payload_hash=jbJAzEHZ7LyL71aUPdxbftDMCob2d0YlXT0lhGNksZSeFEwKzgyKDP0oyHkje1nX8CmwgIWOncPD7EdDQtfNXw== processed in 460ms
[2026-08-24 03:32:05] [INFO] [db_pool] Transaction payload payload_hash=W+D/Kr8mHPr0SYFdi+BOhFpHVdR1yFAGKRLvYGIqQJZeOy/AafGpviBFjk92UuprVemuSxK9agjtkYfyIYp9Jw== processed in 313ms
[2026-08-24 10:46:10] [ERROR] [db_pool] Transaction payload payload_hash=IvLDr3NfnPnEvCZHkrrefJVDCU1a7u8IzRktsEAp2Ic+r1qUaTwfVcQGNFpVz/FXbiSmKbUcLSL5Hyadf7orZA== processed in 42ms
[2026-08-24 05:49:20] [ERROR] [auth_service] Transaction payload payload_hash=UFnPtA4mw2qWfPxIXWajYbNu+UHjXe+jVGiCV65ZWNsV+IzissFwCgVFsX7oMK55lRxBdE1psIahebWj9IIqEg== processed in 489ms
[2026-08-24 04:49:35] [ERROR] [auth_service] Transaction payload payload_hash=w110p5U2GMIBv5ur5qFrqfxZtEW5j3IGAwTGs6J31ucT2V5mvsBK/iEzsiypSopVNPGqOy30KkQkAZyqrgEsuQ== processed in 272ms
[2026-08-24 03:47:43] [ERROR] [cache_layer] Transaction payload payload_hash=eq5j3X5mPKmQv6wBLFbhyj3LNusrv1fqYYJ0S2+DfCxDB+wKS9WfuBTTHoe9wc4vbKtBBzi31eC5ZZ093gUiug== processed in 157ms
[2026-08-24 08:19:15] [ERROR] [auth_service] Transaction payload payload_hash=eqcm023Nhnw+sPEoRXAGMay6q9hiq2TgMkQYAguFqtGg3Lny26I7pwwTnSw2OVWYjenBZGfskShlLI+5mYFolw== processed in 413ms
[2026-08-24 04:32:36] [INFO] [cache_layer] Transaction payload payload_hash=K/x33h4FgmJ9SK7ueQp61TJa3MPtk5naCk9DXAltX8bnT2q4TJvYS4FYcT3O2naaaGFL63CGviJY9gLLwQLmAg== processed in 18ms
[2026-08-24 02:45:35] [ERROR] [db_pool] Transaction payload payload_hash=RRDA/L7078Lz+/JIoHXgupjKpLxrEydioXx7+nuwuz4yNQcz9QYE+qFNi68X5o1vlxGtg1RnnvsPc8ZyIsOE2w== processed in 455ms
[2026-08-24 04:49:36] [INFO] [cache_layer] Transaction payload payload_hash=yPPLZji3uwiz5yyBQhQDL3Ow++cODC6Tb2GFPmP/a0LUSTJgBtAFR5RMwRqX5lT6rdhLd6XCZRN+vohzaFCQyQ== processed in 223ms
[2026-08-24 10:18:55] [INFO] [payment_gateway] Transaction payload payload_hash=ev9J+j542uj/tUzR3Uq66d9vbwEuTxINQwPR/3Nj8tmHYtaoV0r824LlHkL6LVzj2iamr3sEcqeJoVPZYQkAcw== processed in 6ms
[2026-08-24 10:02:21] [DEBUG] [cache_layer] Transaction payload payload_hash=zsTuDIKLaEaEqp3HWuEMQZ4YVATOIHSyvrVpg6SPzGEcL+LsoiYJj0SZoH8EoQyCyYqND3rt6NBzxfemcyDcqA== processed in 264ms
[2026-08-24 02:48:10] [DEBUG] [db_pool] Transaction payload payload_hash=k8mgcgTjpUF8l4SNMSkOHw6Ki5oKqdymArMCRvQZh9ZXaXSJkaX5LThmut+ZdLzmJ9vcc+1DkSwFayuj14L5ow== processed in 354ms
[2026-08-24 11:03:04] [ERROR] [db_pool] Transaction payload payload_hash=X7jVR4wVCzfq9eH1vHdM3l5Lu5zpptlweV6YWTKuonnVeJpvLFpr4C8w+EuvEHHBJlYR9QXKuzDZjN9UEBxl4w== processed in 194ms
[2026-08-24 02:44:26] [ERROR] [cache_layer] Transaction payload payload_hash=VGvShki6oqdvZetMrv7gTCPx5ZU8MfQXleJMnFW4jxsxOnlWhrVdddbYVIFJMH4wO8QdkLDMUSUjOJf89IxKUw== processed in 454ms
[2026-08-24 04:49:40] [INFO] [payment_gateway] Transaction payload payload_hash=lh7DIDN+DWlK1raL87RSv0Vnw1cG32ZDw8BUDhI09Wk2N+d87cmW0YEonrUlLU5OkyJGlpbqAxKrJYxgKsAjQw== processed in 216ms
[2026-08-24 04:18:14] [INFO] [cache_layer] Transaction payload payload_hash=bHc9NLK0L5Ruog0o4GLjPuaxIAo3k/WLHOzJgmlydaPhaVndNGS5I18kWQihEP0YWR6lffyWjgUlsW0ICyT1fg== processed in 283ms
[2026-08-24 04:33:51] [INFO] [cache_layer] Transaction payload payload_hash=oj9+/cbV957gamjiaPZr3D9w12cKRAwIiEveJvpDfOEQxBa+gqTOVEcYKWLwqi6aocsr09iUwIWTIccq6hPDLg== processed in 482ms
[2026-08-24 10:22:43] [WARN] [cache_layer] Transaction payload payload_hash=v5hLvtb1d8dgTxDkb6T9grgEh6ZHzMZhzngxmPcbZvplEB4uSW+xhydwnX3Uk2ejcMMxxDzn3dRYId8eNtkaQQ== processed in 55ms
[2026-08-24 09:18:13] [INFO] [payment_gateway] Transaction payload payload_hash=MgFo5BwZJss0Uj0PgsPCBw3Z2jDIbbbxKyO6Lh9lZINTiAvAYaC49cBTE0KbbuaAy1X0zoIeYDYeLUYhemUMdA== processed in 74ms
[2026-08-24 03:21:52] [ERROR] [api_router] Transaction payload payload_hash=02O5azHUc3rcVBoi0RkRPNittbpU4jQDTDOOyl8w3TwwJiA755JjpsO96fbb9vgM8TIR1bBXkN5jbipL2CXPjw== processed in 381ms
[2026-08-24 07:34:07] [DEBUG] [payment_gateway] Transaction payload payload_hash=CJy14cMJNHtGBJvAnkARMe62CYwCq7gNZBlg/6SddFA+x6qjJU4rdE1xkvPk5+VnEyCxTyqEaEHJvLXbiUQMqA== processed in 73ms
[2026-08-24 03:37:56] [INFO] [payment_gateway] Transaction payload payload_hash=87QBuX/rThYT4dtC2IpVIdZUyqAvfzQ9hCOzzqq+gO0X9wQUqCcVrKQFc6qo8DnaEFdtiNxK+93IbsReIhTCag== processed in 259ms
[2026-08-24 05:08:45] [ERROR] [db_pool] Transaction payload payload_hash=xOZcQxiQz884+MvTF82Zn4F8VfO0k6p04a4UeJfa7ShnMyEfBza/NbGL3caCCxcLCryiKy0h68Tgp7hTWgLcpw== processed in 404ms
[2026-08-24 07:54:49] [DEBUG] [db_pool] Transaction payload payload_hash=v2RBJlTct2wfJVzfNhScAi4NbT/7GPwFBNw080/yTool3b90oHAj5AwT7sQQtoVLbNA+5jKy/Sp6xPZr8fiCvg== processed in 46ms
[2026-08-24 09:05:29] [DEBUG] [auth_service] Transaction payload payload_hash=1SKNIaZ3YRhqP7bJKPhSR9ply+Z2cEvy0/HkMQue9QjWMdHXwXCjkIpZURVusMLi1CJSi3cGf+2lIxL/rpZPQw== processed in 91ms
[2026-08-24 04:25:46] [DEBUG] [cache_layer] Transaction payload payload_hash=oPlekC6yoGlIMRPceekNoNAP3053D1OMcNIElxbGMR3iH110mOMnEX/U3SWQZwFijHZb1/RtYH71czFrtVHqrw== processed in 287ms
[2026-08-24 09:35:47] [ERROR] [auth_service] Transaction payload payload_hash=+6UTEm9wAB3ujyqlJ9FkU3yI2lL7FgSJe/5f/qwHVlt9CNXyTYV7Ke1JM9TdIPHnzO1Krou9jJJWB3KTBGdbWA== processed in 483ms
[2026-08-24 10:50:33] [DEBUG] [cache_layer] Transaction payload payload_hash=DSdJiPzrqaCia2GZb7vojbP/qtkn1cGGld67mj7Uonl8I9AYL9wrtoQQL3191UL32e/l+4KPXe52FNjGJt8leg== processed in 448ms
[2026-08-24 07:39:53] [DEBUG] [auth_service] Transaction payload payload_hash=TpiIl6AnMGp/soBfhBhH0hlYB8GxI6wkIu4falm/g2BJwEmGH+bx1G0HbWlaOt79fFml+nn0ZwlnuyUOuzWwNg== processed in 224ms
[2026-08-24 09:42:04] [INFO] [auth_service] Transaction payload payload_hash=Nq15LA1+smOw6wB1cCiTJ09uKW0qeM6fwI1JH/6+hCct9dCRyTyJ+UvUXnQt9UCU8RvzImVlfHQVgTrVJYfmwg== processed in 323ms
[2026-08-24 02:39:27] [INFO] [db_pool] Transaction payload payload_hash=qlK4HXMraKaj2ruWdzN6ysulAVXbn8ADa5HCWg4fmwlybGFbhEbu61C4+ylx7UQ94F+Awqrt8GnHnrkybp/hSg== processed in 338ms
[2026-08-24 06:59:38] [WARN] [payment_gateway] Transaction payload payload_hash=vGI0sBxsRtiu+kGAlGGD31qqNa2uwauBlZjyCdr2o62jw2K6DA5F3nv64k3IKnJ66McPflWp3I/QIc3r3Ztgkw== processed in 399ms
[2026-08-24 05:19:31] [INFO] [db_pool] Transaction payload payload_hash=liBVrhW7TgsQuL3I/eAEgTCDKmont+R5yo31inOHCsiUjd24cRSVtq6UT9naP8fy403IKP7Cn4vs7N4s1MUOiA== processed in 144ms
[2026-08-24 05:20:42] [ERROR] [payment_gateway] Transaction payload payload_hash=zOiTV8LF/0omVXYUclYjOsy97CPle8mJcwoAv2fM6UGkzHRm/P030JQ0+NLXzPg4DvB9x6UAAK8uHqMGfRZkkw== processed in 241ms
[2026-08-24 06:21:53] [WARN] [db_pool] Transaction payload payload_hash=Etg9USxnXgE3rpKFShZUHPWN7tCNzTP8kr47fASPofxCAXFPsfPsBzyzJICbct2ybc8LsMt3S/CajbNwhUnOqA== processed in 455ms
[2026-08-24 02:21:24] [ERROR] [cache_layer] Transaction payload payload_hash=YDA3jVVeuwYTrinUNhS5bsFTWKTbtzf7Ge1SDZHByve7lzQGTAj0XOkNOdKoUqJV5Hzy9yLfEr+wcnUcXAZLtA== processed in 367ms
[2026-08-24 05:43:56] [WARN] [auth_service] Transaction payload payload_hash=wRMal9lHEv5zOi1Zgj93ozrb5eT2SjT/fyL568phx0cbApHkzd2htqQPVMKyAK2XpG/00x87Ian58BNsAhj2WA== processed in 62ms
[2026-08-24 05:32:05] [INFO] [db_pool] Transaction payload payload_hash=8vBlJJEhkZXtVY+CvPgMrwnTP0Pbz5Rg1wFB2iY2PUTsUGhsqRRWmGdrEODJSLIyRBZE3NDDrZv3AownpEUTEQ== processed in 44ms
[2026-08-24 04:14:47] [ERROR] [cache_layer] Transaction payload payload_hash=2/fb0uLv5+HVWkAc061o6PTN9nyOk9GK8lbooxBArT+FelqDvgtTa12aoj/eCQ5XwjL0HblbqNyFMT6Nzlq3zA== processed in 106ms
[2026-08-24 07:54:53] [WARN] [auth_service] Transaction payload payload_hash=CJzJWgjseKB8c6p5hWL83tIyilwCIzVsV/n3Ll4mI9ZDM0qzZvM1PA04labJbqjBF/hdHXLxuLgzgTSnuA93Og== processed in 343ms
[2026-08-24 10:31:35] [ERROR] [auth_service] Transaction payload payload_hash=PLpcmjREkFGAWl9FM2gPN6UwsSgUhG3M1DAGzu9kSsJixd4z+a/btLG97ff3bCv2A9if1aRc0HHAtCTg8V3u6A== processed in 353ms
[2026-08-24 02:32:31] [ERROR] [auth_service] Transaction payload payload_hash=lL8tMp97bVTrn3Ls3toriHUqcjLKrGZq7LoD1WPVDoB+X5s6aX8LJJDg3LShf8zBkFNQZB3hFAnShhv374/5ZQ== processed in 193ms
[2026-08-24 04:10:44] [ERROR] [api_router] Transaction payload payload_hash=LXWse0XjVXPpW4i27QOMr5zbXo1UkRtBYDETUf+fEDg6LDdIKTxZGLpUoDRwVrlreqbHziCR4ghAlD+BoRMdag== processed in 72ms
[2026-08-24 08:54:55] [ERROR] [cache_layer] Transaction payload payload_hash=TeF8YvM7LNe44+6keyhtStM0TqAW3H70CCEFtO058hIyN7z7hT9h6fVC/e4mazx5Hgxe/NPSR0mdXf1YPx155A== processed in 300ms
[2026-08-24 09:35:47] [INFO] [auth_service] Transaction payload payload_hash=dfDEyvql4w5cmkr2pOYlN+/6hOZiHJj0gY2qHVLwLE00Y45cDTH2S4S1Wao+o3tVkGnZaw78FFbYfOguZZyZaA== processed in 144ms
[2026-08-24 06:21:07] [WARN] [cache_layer] Transaction payload payload_hash=yTs65oeCT5pu9hsq/U1gN/QfvrTLLYH9rjkj0CEz5GS7bQaj3ZfQhh9M+kclwBbXZ/d1MdJu8nLxZj6pA0Uf+g== processed in 109ms
[2026-08-24 08:35:48] [DEBUG] [auth_service] Transaction payload payload_hash=N1GSZX7jaT3SQNhP25N3Uqail6c7NBqhI+Y8Q2nphZyaFU0wyTPFOLaWFhLOZlWI5z6kbiwP1oh9vldqVEZFVw== processed in 393ms
[2026-08-24 10:44:12] [ERROR] [payment_gateway] Transaction payload payload_hash=SCtHzVXB8clby++7lF8SRCqY4C9W7As1eO2GXCZZkEabmoVajtiH6ubAffr9JrTmxB2iIX6R7Xls+ra781cMAQ== processed in 305ms
[2026-08-24 09:16:48] [WARN] [payment_gateway] Transaction payload payload_hash=iJs/DGOjli2do/9/D7FprG+o5WGsfdHZgEtJD79FptJMyBim3BxvBI2d7gxs6isWzJbV7MzXLaPC0ws28sNLog== processed in 281ms
[2026-08-24 05:06:44] [WARN] [api_router] Transaction payload payload_hash=Z81i28Qd6GCZ6Nc7ncBITgU9IQVs1FPDAienzHuRd8souEokfpU2slNOLYy7Eo+/aU9smM/c/f8BT5MxNo2brg== processed in 82ms
[2026-08-24 08:05:43] [WARN] [db_pool] Transaction payload payload_hash=EN5NBtw8Flv+B1Y5Vy6OiNFuPc092GGLO/QguJU7M1/n7M3MY676fjqtqu0jH7AR28fEJRqLaX0IAgwqHIjxkg== processed in 392ms
[2026-08-24 02:18:55] [INFO] [payment_gateway] Transaction payload payload_hash=fGVxu8fwDZEje6PZ1VFLk9f1i1Af7TTjm58XzvCzIxvNuR4tlVW5sacbTF3E4Iga9EuR7SBhk6pcG94hT3QDkA== processed in 128ms
[2026-08-24 06:16:14] [ERROR] [payment_gateway] Transaction payload payload_hash=ZZhEoYT2NYHUqOiBZUDbSSw1NOyq1s95gOBaUeVtq94Tkv8GVsUQFUd49ImcqvVK7olSAOZrArKWpr3fN6KogQ== processed in 215ms
[2026-08-24 05:54:02] [DEBUG] [api_router] Transaction payload payload_hash=VY5cAyb0V0GDzj287GuombMK+ThwwGThIDPK1VhwTNIDd/dL3J35J+SBo4H7egI9l1v0XlvDnuFQySGp8WdvAQ== processed in 227ms
[2026-08-24 04:15:58] [ERROR] [db_pool] Transaction payload payload_hash=EBWBUpH/nVJk8oLz9+ZH2eu/IwpDic5Tp0+8tjC88T2Q/blMhkuANvfpHMUySNWYIvs2LIOLpm0uslM7VlP3+Q== processed in 319ms
[2026-08-24 08:45:28] [ERROR] [db_pool] Transaction payload payload_hash=/n72vvp4h5NToaWgsH+1NVcqFD7QxgNvE1JHQ07ixlwjsPAz08TCy6JWS/ZkWwOPUvR+4ObNcDEwBB9mAJR0dQ== processed in 260ms
[2026-08-24 09:33:07] [WARN] [auth_service] Transaction payload payload_hash=sE1DvgoJaNMQvk9mJfVDMrmaLpZJlsomGsGZOXCIq2RgaZUNsNmlmCI5KNObZgqE3Ui/RIY0Gns4VIYOAM1HGA== processed in 398ms
[2026-08-24 04:47:14] [INFO] [cache_layer] Transaction payload payload_hash=ebOGGt664U6Df1DDzmh1Q2qxW0JNGvL0zNTJ7oqnW/n3EzK6Ppb13paBItHxyvG2aTZ/k8USOmWYbKd0S4P1eg== processed in 112ms
[2026-08-24 10:23:49] [ERROR] [auth_service] Transaction payload payload_hash=lIuir53f31q6z4x6Ve6X/zRiAep2sXBM/o+UAopEZEbVk+2rWl7uDs5k/z38NGjTP1V/KUQVg2nNQe4hmkuMYw== processed in 461ms
[2026-08-24 07:22:02] [WARN] [auth_service] Transaction payload payload_hash=vmkiXG8+P1fHc2Tm5ENQdY4aSsNduy7JpP0S9YZV8f2sY+YGBeH+/FwaP/c3ufzfmL3X8lY8ut4nzh3r4vp9sg== processed in 445ms
[2026-08-24 02:41:57] [ERROR] [cache_layer] Transaction payload payload_hash=RAF5yVdK8PKcHdo+/WyxwmqrXhIm32Jb0RTV3e2qos09pxfZXu4mca8x11YavU2PHV8YbfxanPp2fUtg5GFYVQ== processed in 267ms
[2026-08-24 06:41:17] [WARN] [auth_service] Transaction payload payload_hash=zp9G2XltqaMYPbEvFhmSG0ifXGALqSPOT7ElGhmJZGyS7wgPYo/vzc9ih9csomoggBlE8fJWSIRol2cqvbU6IA== processed in 268ms
[2026-08-24 05:35:47] [ERROR] [auth_service] Transaction payload payload_hash=evTE6WUVmJizzLWouw8u7Ufg6j27MG6z4qXa10g4Ot2S+uK2MMy4Yx/qy2USGG3M3FQu9ONQVwTFzuOANpVJJQ== processed in 465ms
[2026-08-24 05:00:56] [ERROR] [api_router] Transaction payload payload_hash=IlFj5twxUpl3fiJddj4gBUQcGajABqz2yodN0cbvRHzGF1i7oC3pyhJOxWQbreTxUo8Pkw7xUH/c0UVxbQTrBQ== processed in 419ms
[2026-08-24 04:59:32] [DEBUG] [auth_service] Transaction payload payload_hash=kFZlycXOx0rQIJXlQjWwStr9SFdl7i0Uc4br3An7bT8XoXbvL67cN3W7lP/lkbnRXea/TMs1Q5nlvRVdJ2zGNQ== processed in 335ms
[2026-08-24 03:35:55] [WARN] [db_pool] Transaction payload payload_hash=QX0N/qbVrWC+jX9Tr5d3mUrrKb+tApuE7UIaUdQ5anHT89m4e0b7clJ8AdPl8bCLbKrkk/2C1p0r2jusgeSuCA== processed in 60ms
[2026-08-24 03:30:06] [ERROR] [auth_service] Transaction payload payload_hash=QsVNIz+27hcCsowabrhkK7jLVxHp1/OHxm14fvNR0h92k0e86n7U9qt3OPQZa79nu9+MPOa4nRn9xYlooC9DaQ== processed in 293ms
[2026-08-24 10:43:32] [INFO] [cache_layer] Transaction payload payload_hash=gE6OwyJFnuZ6XZaCP1GHBVrAGsz/QQYqqvSX0QooKcrLTkTtdjHDZlmNfBAirSr9kEjOzCnVQhlRwfvqxZnC5A== processed in 259ms
[2026-08-24 03:59:31] [ERROR] [auth_service] Transaction payload payload_hash=lEVxriFUY8R5g69SJ7AFdqyq7Y24SKCY/g7hl0R0NbOOxg9P6uSdyVnICJVBJahURXY7kNVRkCm6ISNeKWa/Ow== processed in 48ms
[2026-08-24 10:41:04] [WARN] [payment_gateway] Transaction payload payload_hash=CqDnbzwdRREQe6b9PK54g0vRpbVB7xAdSrNl1u/BVoVirQGtLe/Egfsiek57W4Ygr1NFQ3i0v8hfYOUr8fuiAA== processed in 298ms
[2026-08-24 09:14:47] [INFO] [api_router] Transaction payload payload_hash=1Q8cbIlhYO//qZa/8r+NKjARVgFVgdS/slj5uf/uZNFwdfsDFsWEgab8X5aIWKkmIMhmb/vS8OKfR2CH6IbqBw== processed in 120ms
[2026-08-24 10:23:17] [INFO] [db_pool] Transaction payload payload_hash=tW3yU+HjGqWVNrQ/3NQJ8u+gnvWhbuU5+b+jHxAEHgjm4RF//SlPWraITajmU6tWr+Knl17a5WxWAwvobfmOzw== processed in 204ms
[2026-08-24 07:58:28] [ERROR] [payment_gateway] Transaction payload payload_hash=7sSjH4zhcN0l3iNQN47zed5jo88v1LBfDjaKs3LWSFMSmhX/n4Wadjhh/lRN3brk7xltq7BnUH8fYO9ZPGs6Pg== processed in 345ms
[2026-08-24 09:45:16] [WARN] [payment_gateway] Transaction payload payload_hash=QYF94vcboBMCxNPVnrzk485aiLHchwnzT3bEzYCx9DvRyx9xuZv0xGNn3zEiaRa2kVxXNw/8sLrOZgSynayWFA== processed in 473ms
[2026-08-24 08:57:26] [DEBUG] [auth_service] Transaction payload payload_hash=9GB5skYthJJdTz4X9lmrBXMMQd+jOOBcmXIQpcWkYznb2SUkKAqhIOvVUEeaNJ2MIIFQCV1dqqiITkKrdyCXZQ== processed in 19ms
[2026-08-24 03:56:44] [INFO] [cache_layer] Transaction payload payload_hash=DL2oU27XbqTs/cjxI/HItGJDVkCLZGhTKD1IsPSAmNkJvLobCDoxXIFRmxg3GdkZxfr9nO16kdUqG6NDGm9BIw== processed in 362ms
[2026-08-24 03:27:04] [WARN] [db_pool] Transaction payload payload_hash=9IkAZtaz3n4RtOX4UkAsWHkzHP4SiItpdbGNZ7tlc1J2yB4ngpGBPXZXiT/9mvAwzYhUQsBCiRb/yUn79L4Vlw== processed in 280ms
[2026-08-24 06:46:31] [INFO] [auth_service] Transaction payload payload_hash=t/0DYkPQVLkR7cmTNKOIZ+EOz1QKv3XWd29Ostc28XQwyo/7/SAUwz9vqltGC37Ah/TIXBmPD9c/jddCWzxLrQ== processed in 190ms
[2026-08-24 08:16:35] [INFO] [api_router] Transaction payload payload_hash=1GQUJNB+9/YJXVPgnGTWvZhRspTo346eWDWrJ65QGJZwRhHfKSNgygKy/0ereactsffIHdGFTqTuo/UzZckopw== processed in 202ms
[2026-08-24 04:27:36] [WARN] [auth_service] Transaction payload payload_hash=qcruVMr+8w/rk1y7MhNCDPE+pqfNSWkxaYxFujApoHdVWx1r4mAlEt4os8pSMfobN+kQu2Sr2bsTspy0xAnMeA== processed in 115ms
[2026-08-24 10:55:03] [ERROR] [payment_gateway] Transaction payload payload_hash=I4MBBJnCljjQUAsSOHBuoHbXXWhtkzDnJkpxeXug6Gaft2QmbOf5YRBoKQWiipDCxCWDbddV4zFj/SepgsQjCA== processed in 384ms
[2026-08-24 06:57:16] [ERROR] [payment_gateway] Transaction payload payload_hash=cG9krjKH3Oy/dMaTXPCGFJocPY+FwJTm66A+K8keYiDU+SpUjbZbx9kOqaT7CUTI9kFBgXKVlAFblNMyCxGMVg== processed in 372ms
[2026-08-24 08:18:30] [DEBUG] [auth_service] Transaction payload payload_hash=z6sWxufZ8LYEtqQGgdsK4VV/kxSPy2idFNEDHRCGzh7CsHjzP+oJnF7Wy8puKbYHjcwHf1aFaMODrUhkx96kXg== processed in 13ms
[2026-08-24 08:26:35] [WARN] [auth_service] Transaction payload payload_hash=uFR/1hEh/124QgYEgb1DsHbbM+/I3pKvja/jtZ4rsdWAxzjAEBEL8N9rn5jGkJ+1hwijcY1DvYJ9TPy/LsjrJg== processed in 26ms
[2026-08-24 10:29:57] [DEBUG] [api_router] Transaction payload payload_hash=ld8EcwPXRyUPuIrdvxNjQhN35avW/Rr5+W4tcrIKlYA6JsWxUy6hmDyd09BJoBIMDI4D+YO6xLVA2XCQhQ/5og== processed in 41ms
[2026-08-24 04:55:17] [ERROR] [auth_service] Transaction payload payload_hash=M2rvIcKBYZlpWdQHVBjQ3q9zaqhrAlGehb9aivQ2NdV/SpLyuwWPr2DaNy4X+C3s7OvXS9Y4YGZmIwwS1RQDAA== processed in 455ms
[2026-08-24 03:28:55] [ERROR] [cache_layer] Transaction payload payload_hash=ZfOtYBIv0iDswi3ct7zdLAjUhWKD+btQolHTkfhAypTOBJiw5z//iZLdZqH/lcSX+j3HfOLSn+viAg/tConJeA== processed in 233ms
[2026-08-24 07:18:56] [INFO] [db_pool] Transaction payload payload_hash=9iO2hs+7u2UxO6o9xbaAL9rMX8A8OmvnY6s1D6eRSG1qNccIbhw2OqEMJw4Ng9nSED+FbaQzO6tXDyD3kxfbxg== processed in 30ms
[2026-08-24 03:40:05] [WARN] [payment_gateway] Transaction payload payload_hash=DIDqaY+JZM2fLemoBkWXgOJI2fMK0499IOK97MJC23sHMVx/WUWkpUmHWq6LlSRYWqVuI0JCmJ1ybG10xk+0mw== processed in 114ms
[2026-08-24 09:20:26] [INFO] [payment_gateway] Transaction payload payload_hash=SePlH8ii/bBVzBNxTblAvtUrarGr1elA3pznlizMfhJwUxZkOd96VZfTgYUdTQCOmmfoW+3A92HFN7GGvcBwcw== processed in 413ms
[2026-08-24 05:36:21] [WARN] [payment_gateway] Transaction payload payload_hash=Hb0M/gz9vEW+qmMIUAa1+haYot/LWWwnOWw2HgyLxAT+dgWhqvCmJOSg/9k59O4l8iwMCTwTqPNEuY1LAGzf/g== processed in 80ms
[2026-08-24 02:27:26] [WARN] [cache_layer] Transaction payload payload_hash=Xm2kAeOAmkeuX84ZVPxRvu0QH2vH71NGnEulDcSWiRnf++VWSm8HcQ3mQk2hWWinmtFSx6c19UjCo9/ttWgJlQ== processed in 17ms
[2026-08-24 03:46:18] [WARN] [api_router] Transaction payload payload_hash=f2fTchuVKnS+0wuLS8jung1xaj/7/tzhqV3ZRcitQBxCZzr0Sbi/Ql5q+h7y/mD5lNjIrbxHuPYm+LgsSQ498w== processed in 443ms
[2026-08-24 10:46:10] [WARN] [payment_gateway] Transaction payload payload_hash=ntAFH6e9be06gSCWxnlludQOD/24wMoBn5q2Iy9tsTFWYvtlm2G8Pn4p+pBT+o2s/j4sS0LcdQdFFt49bd/msQ== processed in 20ms
[2026-08-24 10:33:47] [INFO] [db_pool] Transaction payload payload_hash=BgyK5er+LxuyVQJKemwmVujbW+45qKhyXawoCoaOYAjQqIXJSQpt8+YiApFUo/euI9hHFDAHD6EKm2QXYcFbrg== processed in 129ms
[2026-08-24 06:18:04] [WARN] [payment_gateway] Transaction payload payload_hash=KzLb8sA1euvfHPw5HKcRqmc5q/5ogXmaydjjHRTz/pCuGKnx8bJZg5qhDH5n+F8NT0l54ZDqro8Tn4ZosjFHvQ== processed in 151ms
[2026-08-24 04:18:11] [ERROR] [db_pool] Transaction payload payload_hash=VHI7BcRbGUln6JR9UxZ3JGGkhVgISPEafPMsx90Y1eIFRqV8SFuz4a1PX4dLbgtOVtWY+EI4/EWaKEEOtrGevA== processed in 246ms
[2026-08-24 09:16:44] [ERROR] [api_router] Transaction payload payload_hash=w/QXYbny5VH9Ul6SZsbWGW7FPmWJhb1oK2Q33j4q93eH0Q9fKJrfEy7Caq6QXdz0rr69ToRkM7X7h3Dlz2oT7A== processed in 404ms
[2026-08-24 10:24:09] [WARN] [auth_service] Transaction payload payload_hash=kbk0QQb+FCN7sdp3reTyL2zU0n4o1j589Y4PxF59DZXpKsBv+ZWXtGFLU5jCimdJTLIwS+iwY0a2Xh8amokWTA== processed in 26ms
[2026-08-24 02:51:11] [INFO] [cache_layer] Transaction payload payload_hash=j/zoYD+QWaL9trtiqST9egwauoTtufdOny7UrD1/tnyC91iynOPPSuJa8lvEMq4jZZjE3aFtDSM4t+48LFn6nA== processed in 321ms
[2026-08-24 09:59:45] [ERROR] [auth_service] Transaction payload payload_hash=m76AWd9W93x/wgXeVicfu5tDme7p7aymL+X6Hlg2ytV7CP8B0mqQ0RU9L68ROU/RAcnf6NvDN66GrR6WL8a8ng== processed in 208ms
[2026-08-24 08:31:49] [WARN] [payment_gateway] Transaction payload payload_hash=GIqGA9O49R+CzNNyX/k0wnHKnn+n9jgeC9Jx2+MH00b3qwtvybjOm4v0YFTlqlo3LA8R7MOn1ZxuioFK/d2HXw== processed in 66ms
[2026-08-24 03:54:00] [DEBUG] [auth_service] Transaction payload payload_hash=qticdfdcHg5qPJ+S3ff5Tcc1PSlyGDdfFuf8fgv1V7ZXUGPihYjpO7JSPrezcLzS9O1IFhRKv7ZM+WvaKPVr9Q== processed in 414ms
[2026-08-24 09:52:55] [ERROR] [db_pool] Transaction payload payload_hash=5RZPsAgW2WZTrI1JG1nYClkuSEqddNRN0i7geBHKnWkYSd4JAqUts1tnokFpun5uWtTZo3e5JTUsnlCWusulGg== processed in 317ms
[2026-08-24 07:01:53] [INFO] [cache_layer] Transaction payload payload_hash=m74JHHdGvibjpBW/MwhoXmavMtu5orRo/H3p6ydwQn5htTQaOH5OH1Nqr1fShTo/JZBoXDUifRwphQbCak+NGA== processed in 464ms
[2026-08-24 04:31:02] [INFO] [payment_gateway] Transaction payload payload_hash=lU+LHRJZf72YNBVlfzin97iUMmv+FItWw92GjvlqpqK7lHkaaMXUebuxOrjEWucgfGBoPGv4oPkHNSc+r0NLIw== processed in 360ms
[2026-08-24 04:10:33] [INFO] [auth_service] Transaction payload payload_hash=dUzY9JOq5+OGMr/0yA50zng3+jqhUSybgQsph1Iuaj4gRKAdqP58S8k96XMwZj14KiAlAtknBIchhsCu9wDzcQ== processed in 468ms
[2026-08-24 03:19:20] [WARN] [api_router] Transaction payload payload_hash=V1plNk1JqMTieiEJhFq2Tjj9xaej4gCwFvRnMWwMapXf3y/pHF1vN7ULiOfdXYBoI3ah4TG5qdH6neGR+i8FKw== processed in 411ms
[2026-08-24 03:30:15] [WARN] [payment_gateway] Transaction payload payload_hash=ldhP1M7oTMCbmyz9di8cEbtXnsbwjW9MzJ7VaNJ+G0onOS4sS3sy58BfcvGXkKF4ClyHb2MV7npCy/iR2KxiWw== processed in 165ms
[2026-08-24 10:35:39] [DEBUG] [auth_service] Transaction payload payload_hash=41LCNW/Lfz105REEYA3fxPuMH7cDk+vTfNoY6BKEGdhHe6nyzcq9Udr4R5RmxiGVETbwtOPDYIgfnn9be8zdqA== processed in 11ms
[2026-08-24 07:30:22] [INFO] [db_pool] Transaction payload payload_hash=st6ORbJ/nFW/9k9poFlpb6iWzXqpRTBeMkgD9DFx2L8k9069Qv0p7wTh/FqTOKgaUzb6QkcTw0QbiztbYciaIA== processed in 360ms
[2026-08-24 08:25:38] [ERROR] [api_router] Transaction payload payload_hash=FI3lgv7v12yG+f90aWUvKtr8iWjC5L4ZAZVM6bpyugSsV4Jx4yYdJBds6yZ/LwZ9Fgw7dVflipsAeWA13zgpuQ== processed in 165ms
[2026-08-24 03:10:28] [WARN] [auth_service] Transaction payload payload_hash=LFH6IBLMnWtv9g3Qw1HHoiCp3wpbsmT8Gdu3sgKqA3zyen33TQFch5OTSQQcBGFaC/9oBd0t2d7KC/cMa1F2YA== processed in 431ms
[2026-08-24 10:15:06] [DEBUG] [payment_gateway] Transaction payload payload_hash=fGRcGyMxD1B47da6m+GqKZBVE6ZK1OOos6Dftkyp8G0Ahg6Rod0s2nO+36K2g2pIOxDlmqaWxoGYagDO85nnrw== processed in 475ms
[2026-08-24 03:22:50] [WARN] [auth_service] Transaction payload payload_hash=PA5o73xKBQIZlk4RQpqY35dwtGrB28qQpBYivUJcglL2teUcaUqFj/ScCl3D5q9Ki3BMd+V83wLL+O/F7ZoO1A== processed in 2ms
[2026-08-24 08:49:41] [ERROR] [auth_service] Transaction payload payload_hash=LxdijUxuJUlU5/FMsB9obfLAcFJtU894s5m9om0buPDrNRAIji6fAPNiTcajJCTtrqz5ucIqTGfWSmsLa+ptgg== processed in 269ms
[2026-08-24 05:07:13] [DEBUG] [api_router] Transaction payload payload_hash=iXFpOR671xyy/EMzfuCi4TBiyQjBQ+X+sMy96ftHXetZuplB8D/KdzutWvd9H4F2LJukAiM3BGFf51SQriW9Jw== processed in 422ms
[2026-08-24 11:11:57] [ERROR] [db_pool] Transaction payload payload_hash=gsFnamYdl/mIVhwegpLc9E0t9C3JGNtUOZLd7mq5f7Iv3PNXElQu3zya3y028zvdEqK0FNVhqzD1z0T/hDBsDg== processed in 356ms
[2026-08-24 10:51:13] [WARN] [api_router] Transaction payload payload_hash=1RxoKjDcdYo0NCQep1pnuO+xgfgJnZENtNzuYm5j18sJcn5tmjgklB4D06OoNtxHwRz1TdY2xOdOvCl1FgRscg== processed in 451ms
[2026-08-24 05:06:57] [WARN] [cache_layer] Transaction payload payload_hash=T1tgOs/C98YiUaaELzscqqFTduoxj8Ki/NZ/10/hR0O0WpxeWe4vopafK5PGq2yNnVJX5uEhc7L5dFS595Zy3g== processed in 126ms
[2026-08-24 02:53:09] [ERROR] [payment_gateway] Transaction payload payload_hash=XEYjLbW6O2JGV5KGXZx4qpv7qJbCKDML+Ht2xumBDCKamX99B/DebZJY4ZqBW+YLIAhbKzV5v+wmHHjFQEgMjQ== processed in 382ms
[2026-08-24 02:34:00] [ERROR] [payment_gateway] Transaction payload payload_hash=IUTiUu7JOLsmveNGh0L9mrgUhKYPDzCReeJRq1r6c9nO1Ajth1np4wd0RuCMDhuP24+8Tk+c6l0R4xmnBhRnhw== processed in 450ms
[2026-08-24 10:55:56] [ERROR] [db_pool] Transaction payload payload_hash=ktDH3B1aUpp2U+eYVNfdC8BtzIB+2WLuSfgI3rGYACWj3AqqO70hwCAry6L4x9mjcbDrowWd7fi7ytQlYhYZ5w== processed in 258ms
[2026-08-24 03:39:08] [WARN] [auth_service] Transaction payload payload_hash=QDWJa6+9VFDbitElSCugNG0LSElCOqcEJx2wvu9MfQc1GwtEwnBt7AU4Itr37o2meqGZ0/rcCOxP8KvXv8ARMA== processed in 458ms
[2026-08-24 07:24:02] [INFO] [auth_service] Transaction payload payload_hash=5xWPTlHawG4erV/qcXxfrKAOT63HMujPQ8gbo3QYyxUXykDKnJBhOha26iKde3k8KxGClkDEQXHpDBZnPVbiMQ== processed in 136ms
[2026-08-24 05:27:38] [WARN] [db_pool] Transaction payload payload_hash=W0beHc2z4UtCLkcWHIzqMjl8j6IU+gl+mMXU/wS3yeTQd52Yzkg1GvEMF+nhhQjwa3/ombArGHzVa+Af/BRCYA== processed in 366ms
[2026-08-24 05:48:30] [INFO] [cache_layer] Transaction payload payload_hash=0Q1oIsuugb0GRlRU9KNQbkGr61m6YcweeT//fduW8xXH6wAym79x3HWYiGEH9wUExb47xGrThZbekDfnyeGbUw== processed in 150ms
[2026-08-24 04:48:53] [DEBUG] [api_router] Transaction payload payload_hash=PkPDVKm+7whgmSK9D5vLoZ0t8wZJJWDBkR8zjBGa90rwi6b9Bam+gNL5+7BS5QAFBeAGaJNx/7ArCjMiMcWW/g== processed in 113ms
[2026-08-24 08:53:53] [INFO] [db_pool] Transaction payload payload_hash=NtI7RfI6uxlZAdva0YQ37MOmP7pOUS3AOMmv8uR8Wg1jp1JzAODy9wC8QQDN8wmeZXvzeiE375vszBcWq9zqRA== processed in 390ms
[2026-08-24 02:54:48] [WARN] [db_pool] Transaction payload payload_hash=99kWU++cLLSKLnUrH7QgisAqS2blJ9rWc1jOTQXd6jLQH9LAJz3/K9d6KKtYupWW2PrOxyNQNjld7hvmLTISng== processed in 478ms
[2026-08-24 05:40:12] [WARN] [auth_service] Transaction payload payload_hash=9khHPelFETLy/pGYyL1RmEmbEnTPvlMR0f5bkg2mU4BDJ0rXPUyr9QvKLa3OB1OpMZApiK3rRnEJ8bW5NYTyBg== processed in 1ms
[2026-08-24 09:27:00] [DEBUG] [auth_service] Transaction payload payload_hash=blyfw78HfSpIJMOX/aDKrfkqr9fG5K3flfPMaWWD2xGL9tY3s0q7OI8CDeKQTGA+SdgwAMtO76pWwRPgd8p9FA== processed in 110ms
[2026-08-24 04:18:33] [DEBUG] [db_pool] Transaction payload payload_hash=iprDCejlPMIlCNkPnxr526pqaimqFsGjxzfRYUk5b9jo0VV6rkQYBS9yLPDX0LvGgV98dpp3NSPcId2p6GTJ1Q== processed in 211ms
[2026-08-24 10:20:15] [DEBUG] [payment_gateway] Transaction payload payload_hash=K1sjhctTBIohGHWI/rLmItNr40ob2n5gv5maX+6TNa8HINtZWINVwbf+GVLNZ2OFxmqGBuoBlA29299dUdTSPA== processed in 81ms
[2026-08-24 11:04:45] [WARN] [payment_gateway] Transaction payload payload_hash=w1uWF3rEW241wf+/OhSOeewVu8n66uD4kIgRtyR/el/uydihUljzLmz+SdMsIYg+Utp5WnKRPst0a9aFMrJY6A== processed in 213ms
[2026-08-24 03:33:33] [WARN] [api_router] Transaction payload payload_hash=Ni/spNqKH6y5jpEpfk3dmeTOGDzDMRXHamBPN0RSd27SnTND6+P3hIhtcQH6FWK6CpT1yti6hSFjAvT7ZQNN1w== processed in 56ms
[2026-08-24 05:17:43] [WARN] [payment_gateway] Transaction payload payload_hash=JJlwjfSR/7NelPMlheJvqNTsWLO4A4P78D8FPJDGWYxomZYVGfZUY4KCEjyA6zkXPdKqCrF672u3e+4CpK+Svg== processed in 187ms
[2026-08-24 11:01:09] [WARN] [cache_layer] Transaction payload payload_hash=4Wul2R3hmqp9B+Cue5XcyjD5Cj2SAufl612xRGYIb0/IiOj8EbSlE0KaGhBTF7jC8hq7nrYyvVF1kb87KbxDKg== processed in 147ms
[2026-08-24 05:46:50] [DEBUG] [cache_layer] Transaction payload payload_hash=xF03fgaPuMLPz9dAU5zAs3ashvP16SadZb2ETJMnCvPStgNBKz0TCPced290oXGS9CZoF5qkhJwr507Uo2y9DQ== processed in 339ms
[2026-08-24 06:28:55] [ERROR] [payment_gateway] Transaction payload payload_hash=WQYgf3HNdlq6UEkw6geV6dB8YpIWZgS30gNJiaUbppgNNLUB+lOkmQb2YQmaznmIBujnAY5prMQ8xYr0OcrUIg== processed in 281ms
[2026-08-24 06:19:07] [WARN] [auth_service] Transaction payload payload_hash=f0qepuZxq3+P81mupPdSOVvAHlQmBM6vnt0BoHZueBBR01yYkbl6CZx2IRkBCcOJzcYsdHMKJZPEeKBbmyQOkw== processed in 421ms
[2026-08-24 03:03:54] [WARN] [db_pool] Transaction payload payload_hash=3PP69GJEDhUGjsoAZlY7xu5NmoiiDE04zmJ/ZC6NsLh3Hv76DWb2lPh2xLsu3wByqS8oK6YueMMOMKzbcdwF9Q== processed in 53ms
[2026-08-24 07:26:28] [DEBUG] [db_pool] Transaction payload payload_hash=K+Risi5iCB4qd8m+ZxjesoECWMB4Drl9BIGjGw5kF7XLX3fxNLcURXOFIdHrqLplkFK7z9vZmni7PAku+1WzTw== processed in 118ms
[2026-08-24 05:23:48] [DEBUG] [cache_layer] Transaction payload payload_hash=DueDXIODjNwrxPZDAYRC5EhcLDTkvo7sxQl9xB5nXILBW10ReVUpHUzoL6VTbOYpi7sAREpYmfM5SWMdfwV1aw== processed in 249ms
[2026-08-24 03:43:40] [INFO] [api_router] Transaction payload payload_hash=tWaUuJTJJV7VYlY/y6md0euBwgIU8M0UAaTe2yhkZFXB8efFKOqtI/jdOud58tIW19ZdpkAm/VESSIhfaPDkng== processed in 142ms
[2026-08-24 05:01:33] [DEBUG] [api_router] Transaction payload payload_hash=70bPnumYJFur0ZXowPO0l6AkEf0XD1y3BaXJf/LD0Bzx82RdqazXBXrdBdL6p0m973enL9CGLkfh8b1Zj2zQHA== processed in 257ms
[2026-08-24 03:35:27] [INFO] [payment_gateway] Transaction payload payload_hash=GkHP9606C+vahuAuw9tHvn2P7mmngXes0gGaCNeMY02ebnPbTj+cFt1mmKZnIXuPuqjY0ZANtp+KxD6Bc/QHvA== processed in 177ms
[2026-08-24 06:11:13] [DEBUG] [cache_layer] Transaction payload payload_hash=Ud7JIzjF5esfBNtE7W2BWlUnAP+dQztxM5Wb+VhFhf4Hy38GvY/15LXwVZxRD4cLoCORWIcI42nQxj0PVyxSpQ== processed in 91ms
[2026-08-24 07:05:40] [ERROR] [payment_gateway] Transaction payload payload_hash=Y7pd5GJ3E0rbsefmi+W9X2DZkgoUbA4GIaQZA44jF96IpW0eIM0HVZlwfaAiO8YbHTnaVvwfCez9H8TN6unx4A== processed in 442ms
[2026-08-24 08:11:48] [ERROR] [auth_service] Transaction payload payload_hash=am3ORG56BScXHhOH8FsPki8D+2kbGCNGL+CcYnNvmfiAh1kVH7osZnTu2NHvqGqBQN3gy32UMYr8/8Ba8IDqjw== processed in 253ms
[2026-08-24 09:13:47] [WARN] [db_pool] Transaction payload payload_hash=U1B8NJaWRCtIV39R5pDMCOoaQWJ1GnCIEVLofeQzQu53AXyoCRaqkNm0MB920DtJdo3DQHNF2AIvuHLb5zSkTw== processed in 133ms
[2026-08-24 02:57:13] [WARN] [cache_layer] Transaction payload payload_hash=kd8kOo9KeZ/+sKJizzVw17oSOOQM7ofcDga+ZUPZ0Pk0jhqjCYetVUMhjcdaVDxeye8LkY8NjyxQaTSc5XzcFg== processed in 370ms
[2026-08-24 02:44:02] [ERROR] [api_router] Transaction payload payload_hash=oGp4xqlCbRFKcwUzePkpGFWVtZyQ1xxRphfIM3h7ueI8WCUA59KQ5FxY2wvx96YDiljjK2R2iRvCOeB8uLto9Q== processed in 455ms
[2026-08-24 06:28:05] [WARN] [api_router] Transaction payload payload_hash=roXOjfjcOGQ7jZ8a890Ulv0HYzgeLkHtZbBBfDkaWlFutm+gkQEbRDDxmxTuDKB6X4CEMUQPtCo2G3dNYTb7QQ== processed in 82ms
[2026-08-24 02:38:29] [WARN] [cache_layer] Transaction payload payload_hash=4/c+v5d175XZV8DIJk1H35Tf1ubWtusuBhwtlir1LpqHeB4/nVUq3epJxLiwJTWUQOIzxmLu9C+R9x+eon/QVQ== processed in 164ms
[2026-08-24 03:49:01] [DEBUG] [cache_layer] Transaction payload payload_hash=ZW14PTJzdIGVg0yB83/OavehYd4EPZi/1eOBFITdnuH+VlHCKk6EQCakvuPAgDgWTPjjeNywnox/YWGU4BoyxA== processed in 6ms
[2026-08-24 10:32:05] [WARN] [cache_layer] Transaction payload payload_hash=xMLRQD19I0JSyD2+HY0Bs2RPIzjciNN2/CJGga0e8yGCAuEC3fzw4eWtE/okphueVmr4JYsFTbXn7CaHUBriiQ== processed in 41ms
[2026-08-24 06:33:02] [DEBUG] [payment_gateway] Transaction payload payload_hash=2+2+7vKKfNlu2Wx/2O7PiEX510Udk0B9XJXVWjbADc3SmETQGQFFQv3X5Jabo/E+qzS4Xd6i2uDwt3jnrWlqQA== processed in 72ms
[2026-08-24 09:40:15] [ERROR] [payment_gateway] Transaction payload payload_hash=bQJ9U5Drekw1mI8CN2mGHUwvXdOp1DGF2xyW7Hw13wyD57Ld1XSDw4CBXWEgkVBOrsRyII/ndn5rq6K3A1A18g== processed in 47ms
[2026-08-24 10:27:28] [DEBUG] [cache_layer] Transaction payload payload_hash=Qmaqap94H4WZlESAp+0WK2ipZ8JzoZzg30LmO8l13l7RBs+Fcbhf1boZEbJthQ2oyLkiwmD1FlSGT37PlyS7Lw== processed in 464ms
[2026-08-24 08:38:57] [DEBUG] [cache_layer] Transaction payload payload_hash=gn7UQ136dD3xi57o3wStHQ00GQY2zutG/eUPo8yKPIwUWlcgxH5+FmBwhZIvwXM4Yjujg2ePcQrvq6dbrVKuMw== processed in 342ms
[2026-08-24 10:12:27] [DEBUG] [payment_gateway] Transaction payload payload_hash=p1Xiosz0FIQOIDNzsEOGoz0A9w2h5T50GejQMgmfddMWOMRRHqbN9zGjUCbSGC/my9LkOSTxj2sOmnkl6MLtiQ== processed in 332ms
[2026-08-24 09:31:57] [DEBUG] [api_router] Transaction payload payload_hash=Bu5EYGyaujURROL+So0S21H1uAM5KnS2k1PAE4sWYZvgM/QQ3OYB0UxgshnDx3lPywM/yQBkeQrXdkcFPFRTHg== processed in 168ms
[2026-08-24 06:45:55] [ERROR] [db_pool] Transaction payload payload_hash=HkavYrWwSySoYIva+pQu1TXA7KJ7vKhbgaptnNPa1TS+cHby0A2mWpxo9KlAyb4FVl03xYkrlLwzM3ueXwHsrw== processed in 251ms
[2026-08-24 03:54:59] [INFO] [auth_service] Transaction payload payload_hash=q4LP1ae0VHDkhkBi6Pc89/Vjo8gUWXb36ufepHJeNc5fUzsBoRSuuKpa5lAHZTnpQD2E1g4Zon8QLystE3diFQ== processed in 196ms
[2026-08-24 06:31:38] [INFO] [api_router] Transaction payload payload_hash=Pft4hYhAQZnWB8DDUAqkg/mMC3NxKhyQbp5tym5xP6vuZd8XeKX/AhKRLTS8PfKniDwGAchFkIcwO3508Gx1oQ== processed in 17ms
[2026-08-24 10:13:32] [DEBUG] [auth_service] Transaction payload payload_hash=SkpHLo4y/1eW3JibscXPFCmq+VAHVL8GIcnYsgpOtjrRzwrqlgMK8ujXATGii20g9jtZqPzXiDPjOVBNlgrHCA== processed in 300ms
[2026-08-24 10:14:58] [ERROR] [payment_gateway] Transaction payload payload_hash=hAS4H+3pdVRlDJpLqnFbRoPAb9cxoAlvd/Bkf7TlM6efdjdL4us3WhGWo5PZJoYNWeGgAt3zoOF2pPfhEkgRRw== processed in 37ms
[2026-08-24 06:06:46] [DEBUG] [db_pool] Transaction payload payload_hash=FAErTzdtAy9Zy9dVwQ5JSivQi4f3FVF09ydRhN0o8wxOtdg/P7PkoqqzpRCOJNF3JcdtjSfs57EqJY5hFxhIkw== processed in 266ms
[2026-08-24 09:42:34] [ERROR] [auth_service] Transaction payload payload_hash=coEuc7uKpo1cRf3OXElphyASAYGSDTJ2yWSv6V5r41b5eYA3JlWncv+bSCQrSB4Lx+L1V7TjBwTxfqfueyy2TQ== processed in 52ms
[2026-08-24 03:17:17] [ERROR] [cache_layer] Transaction payload payload_hash=i4ejGv/AgNIjxTciLpy1dOkdi3nQfBclyVkaVeAAsfhmVUlD7kauyHyTchk+b4b5H81eEhow7ubnIOt4Je5sOw== processed in 173ms
[2026-08-24 04:04:54] [INFO] [cache_layer] Transaction payload payload_hash=pBpqGmbgxgEGzRGcz4GPbxyyt4m+bw0s5x9hwpmyNGQEvYUbmQ/SEFe2Fjtu2d8qewZbzFhy5uVwX9/SPDgktw== processed in 133ms
[2026-08-24 03:12:00] [INFO] [auth_service] Transaction payload payload_hash=hR2DYYW2InxSfwTEETNENpwDeeF67smxv8nwL+p3UziwjWo4wkCB77TRIuuzM8XLBGTJoaZdr7eUNGg0jC0GJA== processed in 127ms
[2026-08-24 09:50:03] [DEBUG] [cache_layer] Transaction payload payload_hash=kvAtC+0QWElBxYVb6aOwasjJrAZ9+hz25b+G7DqLBj2VLALxN9icOuVX/0giea8FPil7R21IZpt8OeLsbXzqUQ== processed in 189ms
[2026-08-24 07:47:39] [INFO] [db_pool] Transaction payload payload_hash=aBO1/PWKcUKJUWDYw8uMdo98+S9uMJXOhLZCsiTZnFvacoS4m0BAdBHt8KB/jBApZrXKvLsdTrKdx8cQhZ7tuA== processed in 0ms
[2026-08-24 06:23:35] [INFO] [payment_gateway] Transaction payload payload_hash=udM5opyn6N1303oS8FSZbaJQt77FbHcdVedh3FA9Uh54socgX6b81mnsvoRw/1Y/cptIk1fp01XOcRgrMw1xkg== processed in 382ms
[2026-08-24 08:05:15] [INFO] [payment_gateway] Transaction payload payload_hash=SZLbrIu4SCLPu8nxNztX5F94mL5qi1fpHDTe2jxbwCOdSB+uGplhnCKhOFpGFNpTyAr2WnJv1zTKmPsa8P250g== processed in 172ms
[2026-08-24 07:04:29] [DEBUG] [payment_gateway] Transaction payload payload_hash=/MYqgaWZpd9lCmJGtUIgLh+IuqOGNP8UbW6Ch7kDSkGniql3zoBPo49pnYGeWHEJsMgMkBBNwQ7rxoSiq7kR7A== processed in 411ms
[2026-08-24 02:25:50] [INFO] [cache_layer] Transaction payload payload_hash=ciR8H/Ua2pPP2Az5HXP1sB2CJYQBacxG4b/gdPQXVony+HeuAejx6bckOMRHqciGNTbVj6QuT/8rL8QYjkJS6w== processed in 254ms
[2026-08-24 04:50:10] [WARN] [payment_gateway] Transaction payload payload_hash=zKztJGFYJ6cbVBv9ZSP9Hjtfi/idaMCfu1c1EgibwIG0lfJQyilPp0/NIwjPLwcdjohACDKYEcq01f4/zUF5tA== processed in 283ms
[2026-08-24 10:45:23] [WARN] [db_pool] Transaction payload payload_hash=L7KrkHX4lzR+6ESlLvLhAIISaXGVKiG8Iuef72WN0FXCtbG+K4WTfAYDvxWOja+kei+Zwa6zlZ7xN6EacS2wug== processed in 150ms
[2026-08-24 03:45:26] [WARN] [payment_gateway] Transaction payload payload_hash=wQvK3vtCPB2+RjuxqQtoHbBP3Ln3TEqeSMjqYvxcIVAkGjn4qGStD/27gLF1Ys2TORV24ezVu7sLqkBncTAgSg== processed in 152ms
[2026-08-24 02:17:31] [WARN] [api_router] Transaction payload payload_hash=waUacC+i1Xp8JTTGPlcpjQqN9BPE1xP288zJ2acACCLXanX6p2uCzPdfKJYXpicUxfSLxQI4Hac0SPV3ShGA4w== processed in 78ms
[2026-08-24 10:05:05] [ERROR] [api_router] Transaction payload payload_hash=9ADNmkqK8WoK0DoIMvKjvDGOdz7mQ4iSEnRwYdBn1KM2s8qEGU3i+0pAimSLgapaWQ3qV3n0ZL7xn8UNWXCvGQ== processed in 238ms
[2026-08-24 04:10:35] [INFO] [payment_gateway] Transaction payload payload_hash=XyjjOc+mtvEFGihb9Jpoy7mTA7IPoNTt4u7OVM/Laqgd2Ywc/1G7jra/AqiCqQtZ3Nha/ZkzqDePlD1+2y7XpA== processed in 150ms
[2026-08-24 07:06:25] [ERROR] [payment_gateway] Transaction payload payload_hash=RnQbzWiYhR8xhyRawpq6uCAWET3SzWOlS8owEfr+yoPN6r+IGXtj6ScbPMYjF804MsMZTBvo+ozLS/wc/L3FCw== processed in 436ms
[2026-08-24 03:10:04] [DEBUG] [db_pool] Transaction payload payload_hash=q+NTpcUdIJV3zMXZIhJWaG7ZfkMNnFbyRLIB6Le66Zay8OG5PUT0Gh5Q+nQ4icvi/LjbaJDfJMm/ShNbeeHg9g== processed in 431ms
[2026-08-24 10:07:29] [INFO] [cache_layer] Transaction payload payload_hash=B9xaMkkEHk6nggNnoAp+QamLzOjYhczgjxLbS5TPf+QjD3emkeZqhRi+RDWParfJ+phYioOn26uRDFG0orjndw== processed in 31ms
[2026-08-24 09:09:13] [INFO] [cache_layer] Transaction payload payload_hash=NxkE4NtJhaj6qNnOyaVUg0VGBbihmVIopAhUQr/MM9CJ1AVr2vNnXBOeTOozP/IVMQ1NC5910HTTw0g4NF2ULg== processed in 373ms
[2026-08-24 08:58:13] [ERROR] [auth_service] Transaction payload payload_hash=DznDi6MsTqiTe9gn/h2otsUObx4BeHqO+vYgxeJcV0gALfQ3EVUPoCBU69FPksvIv8CmtUbjayGSBFhOZEnt/g== processed in 492ms
[2026-08-24 02:18:41] [DEBUG] [auth_service] Transaction payload payload_hash=AcJfAIPo/B/dNQxq1cy8qTJfbWp45Mcvk/ioiM1LxcOXFrm4+2v/WmRqyo1t8AcYTHOntGfmE46Lto3Nvh2srA== processed in 207ms
[2026-08-24 07:21:02] [ERROR] [auth_service] Transaction payload payload_hash=SDNfQdvMSxVkpMA2pf9+elOMvss8GdI151xwVcYHiFo2X92/lY2iGEMw2SV3PbFBVS0l6iGvZc42d0OQbeE03g== processed in 160ms
[2026-08-24 05:25:57] [WARN] [db_pool] Transaction payload payload_hash=o9pum7Zbq5kiIQ4BBHty7B0gbYYwqE5HWfyb9sNCWkiACzsfFZ9+UuZv1j8gc5qg8QZzFTusDUM8d9htg7vJyg== processed in 320ms
[2026-08-24 02:15:14] [ERROR] [auth_service] Transaction payload payload_hash=nkIuAezZcQqujalQQvqJVWqM9eEgyPG2YYHJo8r76PGyAXOGiBCQJWkXR2we5xBqdq0MFmJU3pFoLedRjaA+rQ== processed in 19ms
[2026-08-24 11:05:22] [INFO] [payment_gateway] Transaction payload payload_hash=CI/gMHSvXHB7pwYPxzMQgsPmFDLW0D3jHP2/fMcnT6kcxi3H1nls38KVZExp+xe0jo6j64gDtggRyxABvr3aYQ== processed in 430ms
[2026-08-24 07:47:32] [WARN] [payment_gateway] Transaction payload payload_hash=EO3G+4YKB+5jPRIoGUeZoPF27xaSVf0g6q3BGnpTufSocmIynjograEGzdFwkpvnDuGS4V5UyGg0HvzpJGV77g== processed in 160ms
[2026-08-24 07:57:09] [WARN] [auth_service] Transaction payload payload_hash=7SDrBNMxCIA9mh4WnotEs+MEqUJwQJXlQ91GiwTMqSCmKe8nlIPiK99BS9C3dgdqvsCm6/jAz61mbuSUaZA1fQ== processed in 343ms
[2026-08-24 09:19:41] [DEBUG] [api_router] Transaction payload payload_hash=qRw31y86JVW9/RkgL6uEtGoFUxe7+QYRxqWA53ZEpxYefrAA+3yYBt5Mucs6atnf0Eh4Oz3o5dYXn2TaCP8iuQ== processed in 140ms
[2026-08-24 10:31:07] [INFO] [cache_layer] Transaction payload payload_hash=hpRUCWcEKaZFx/kpGo1s85pbjq/rYOQ8agzHaJ3Lx+DXHVZY0sBtfyfavxmmC/EHtwNwUu4gUOVdjIjolyDaJg== processed in 218ms
[2026-08-24 04:11:18] [WARN] [payment_gateway] Transaction payload payload_hash=7o+voBVDqgll6j/xs1S9SpuqtNLUusKUKEMXjwbUNUuwbAQU12+qh1Z0q8FouxrXg9DAysYtqODBVwgM2Xb02w== processed in 129ms
[2026-08-24 03:55:58] [WARN] [db_pool] Transaction payload payload_hash=aAawM0svBSKWwtvDZd4IJ3d8JjJ1UIkf72a6m4ZIrCjI9Y9eNEDrw65Xph75jQuzcv5VvSXjcj2Olj+OucuDSA== processed in 343ms
[2026-08-24 08:45:41] [DEBUG] [auth_service] Transaction payload payload_hash=n2haRC5kE6winr96wfspsEFPuEauXXgLZ5CsfJfJqyCmh76CxpKsKBUoPl2/D/SedyYjoEwYkF1KHcps0T/R4Q== processed in 142ms
[2026-08-24 05:12:25] [DEBUG] [auth_service] Transaction payload payload_hash=glF1z/C2C/1uasvRCL3yw3NG6Ul6ViBu13RNAbCDk7sHGT2r7lwgASeIvSihPUkqmMnZdIOWUvA4YRvno/NUQg== processed in 489ms
[2026-08-24 08:29:11] [ERROR] [auth_service] Transaction payload payload_hash=X/PhNlfS1HnFTx1b9GfH6USLaxfvgXU7mXdnka4sI6F4AFjari5A5D1Z4cyJmchIZGWp8eYciin+ll4ZYMjcuw== processed in 478ms
[2026-08-24 10:24:33] [DEBUG] [auth_service] Transaction payload payload_hash=oGvt2kZQm/oWkL8AgZO/qMmjLHGVz733aTUs8Nbk0YiszDUrEBFrTxJEvnMKIk68ozXrxZiel/+FDgRre/chwQ== processed in 18ms
[2026-08-24 03:32:17] [INFO] [api_router] Transaction payload payload_hash=43fsFdemnwDPpj8IzvVGK0knNmLb/iQ38VK9QDvlSlHUfAQpgJ1oJpXyCWnEDf3eioJwGdKaIlndINs403NHNQ== processed in 166ms
[2026-08-24 05:12:33] [ERROR] [db_pool] Transaction payload payload_hash=SbJGl43wkfUH8gCuwsxaThPUED5+wtJoQIJCt2Ngc60QqS8/Mx7yidd/3daAd1e7rZ+USnmLfaeymfh0FR16zg== processed in 161ms
[2026-08-24 11:15:20] [INFO] [auth_service] Transaction payload payload_hash=CWoRevgnaxSoGd/FdGaunPZ0WCx85r2unI5w4dbJbjR2bvgSIwt152VvE8WC4CmPPL/Fw8x6+m5YyUXRyYTIKQ== processed in 393ms
[2026-08-24 09:43:39] [ERROR] [cache_layer] Transaction payload payload_hash=pnnMhwVqsnbo+31Cmul/DqKrUcTcY5YqaZujeErH/xR1fouhn07S0orRPIyLInBq6ZN11ClfMFzbYMXuJZt+dA== processed in 118ms
[2026-08-24 09:56:12] [DEBUG] [api_router] Transaction payload payload_hash=4u44F+x+QQaEmf8P/rNGoDMAHzwhZqqu1F+dLTSCB/0FLIx4qPUrXdNf/SoURfkqL3Z5r2vKq58ILnCfpo0oLA== processed in 436ms
[2026-08-24 06:00:47] [WARN] [payment_gateway] Transaction payload payload_hash=l5oEpammaocMB8pC697EZkKwivxtVs21oPPqWzACiMvGQnW/J35H0FHXFeRq8zyQPsD7ktNHkumbd0T12AvdFA== processed in 270ms
[2026-08-24 08:44:55] [WARN] [payment_gateway] Transaction payload payload_hash=7jzQ1ICVP9oHP0grhwTZeHclpLkXGwakZqJoz4bLM4uQ4Q73l0x0xipE7/RA+KDFtX59uDze7uqYF0M6pMEiIw== processed in 321ms
[2026-08-24 04:51:07] [INFO] [cache_layer] Transaction payload payload_hash=qzy6FGLnj9+ryL1wB/RzIsUhM2znV6pBg2LHE+c3QCFy/s4vetOBGVDE4i6xKWMO+94t9euQ5brBK+HKlMhZlQ== processed in 218ms
[2026-08-24 09:31:29] [ERROR] [cache_layer] Transaction payload payload_hash=pmumNXvHAwy71sEhqKFWoSqgwjF9YlZSQgIrbpyMYLU1/rbTKwKCG91QlE7ENgfJQ4pGz2/1VenV4gQB+UGJdQ== processed in 171ms
[2026-08-24 10:33:10] [DEBUG] [db_pool] Transaction payload payload_hash=yRat0IUHD2O/tCfr/XDOmOBJQzqVWuEDu6nSuZgBlK/8klqdZM7gWb/gmDEhTTOycAhXsnDV8demKbw7V7vajA== processed in 239ms
[2026-08-24 06:38:12] [ERROR] [db_pool] Transaction payload payload_hash=paXjgIjG3soWreW5lX62QSJSy1hTJa0whMePpci1buGCWAMBC4IEC+05y9Hu1Bs4h5TTtORo+SWVpBDNK/NkAQ== processed in 258ms
[2026-08-24 05:39:51] [INFO] [auth_service] Transaction payload payload_hash=zl8l2Q71NHY2Z/cDu2/a8eTaE9toVL/uJOkE227OQrVnXUGwl2yGkA9F4GstHLlHWdTQKBL2rVu2kunCcApW6g== processed in 374ms
[2026-08-24 02:19:36] [ERROR] [db_pool] Transaction payload payload_hash=6gFnInUWwa9xWTfCT2YxGe9pysPTJ0R2BaitGNVCyWRYFkdzHTtwvl1b2IwOdEgUGhOF+sirJqTJFn17K57Vow== processed in 462ms
[2026-08-24 10:48:16] [ERROR] [auth_service] Transaction payload payload_hash=J4bVUZqoDHv50kOI09B/N337/iSVZ4N8qhkM7RPjMhJSIQOT6BMW3i5oqLLRrZBtgwYWOIsMZXpdvVzWKdsFQA== processed in 434ms
[2026-08-24 08:39:53] [DEBUG] [payment_gateway] Transaction payload payload_hash=iCXXmT2k/V0Q0z0LRMBuRFzDyvI7eMW2Xg01GqMDkB9GAiABPRa/zH2WKvwSJwOlzBwJw5FGlU2GNb9za0alSg== processed in 64ms
[2026-08-24 11:12:19] [ERROR] [auth_service] Transaction payload payload_hash=QXxrKlRoHAPMtdbCnVaEkFVnUTJzvWUEk5ov8/AqAvpVZH65G/MANp1prTFHFDDwIlwkqZmr/LpHzEKHwdijxQ== processed in 233ms
[2026-08-24 09:46:22] [INFO] [auth_service] Transaction payload payload_hash=Fj4PA0TAC4lR97EsZaaqqtxM9HYDzZ+cAjfWyrL6IyxBW9+GwFkYzILMCSXa/AEhVHQuDdh7Wm2O9gCQNLV2Tg== processed in 80ms
[2026-08-24 04:07:32] [INFO] [db_pool] Transaction payload payload_hash=HglHNX703jeU+7V9NnEUuHz3ryyc6PI2J9cQphviJqeCM6dmUseYHok2p9oRgh8piCYnqdPvsTL/VqhiSqeNsw== processed in 21ms
[2026-08-24 05:38:29] [WARN] [api_router] Transaction payload payload_hash=BBlitkZ49M707LuFBmDpcoVuPIlMHmHSW/2bi/IqGh3IVnED8L0Wg0yDsjNsB1PJs6upWkIYYrw+0NNYShXaSA== processed in 16ms
[2026-08-24 05:20:33] [DEBUG] [payment_gateway] Transaction payload payload_hash=6vTYIqmqk9S8oZZe0XuL3knfiIK/HtkxALHII2uVTyY2zm9n+ePaJaes1j5xS6wH7zoha00SgV4relzBCdThFQ== processed in 153ms
[2026-08-24 04:44:50] [ERROR] [db_pool] Transaction payload payload_hash=ggR9xNbPch8r2BSqBWRso+z6cN4urWe4JbaULQqTbBJoGXDkYaDU0YnmxtQRbhXcki4nkPB9EOCKM2iJsGny9g== processed in 386ms
[2026-08-24 05:39:29] [ERROR] [cache_layer] Transaction payload payload_hash=p2Ige3lst7n7S1Qw9lobn/6IBs0YdmmBXsCCeUXhSyWh71cD0W9To6Wfxo5z/xCebn4Pau+3hPaFoENXZIElGQ== processed in 312ms
[2026-08-24 02:36:22] [WARN] [auth_service] Transaction payload payload_hash=5B7p3lC2Z8Wa1YleagQxqiWQzHkIe0PQmCJ3rqhoXV/MF7lnNkyKnIYXNym8xi+JOdisoJrFLaj9lTeCUWuiIw== processed in 45ms
[2026-08-24 02:31:28] [INFO] [auth_service] Transaction payload payload_hash=G0G0mcgfpPqnMKP5okpwjS1oyoLBTLjlZhfHZLfjzmzpLu3xwNLe201GmA3YfEkFwlNAZv2obDAK1WvyO5WLRQ== processed in 187ms
[2026-08-24 07:12:44] [ERROR] [api_router] Transaction payload payload_hash=MfdOLQ48NrjOmtJHQojXFKXwI/CFnWuC3gii1Oy/5xZ/cWC1rIafF+lJ86yPTjctBhJe6qGGHUVtqqmQzH+65A== processed in 460ms
[2026-08-24 09:03:56] [DEBUG] [api_router] Transaction payload payload_hash=AKM16UH7Je8I+p4E+vQSO2E85GCiZ7zgbvV6ZHRAIOAtOH7Xhw0Q4BQPpPb40sxwNtru0059qEnX9ainQ7KUFQ== processed in 201ms
[2026-08-24 02:38:22] [WARN] [auth_service] Transaction payload payload_hash=yLe5uuu+Jftj9mDMPcM+/mQso9vmpQ8Lf7ARUldOhE6eYFPR+8flaAQjx/GRc27PzE4cnTYmtHbBeYMYYoDvOQ== processed in 267ms
[2026-08-24 03:21:27] [ERROR] [auth_service] Transaction payload payload_hash=hpNobCOcUveIw/yrvOHTKGXSlWrVG6XxtE9riRBP+Sf/bBLYVlR8TOpb2SfKRVMqXOOIBHaDSz7t3dp8z19n9g== processed in 128ms
[2026-08-24 06:11:39] [ERROR] [api_router] Transaction payload payload_hash=8VvEufH0Fat+GSOv3DXav8yHAubG31lyOqRu6CYm8HgCmjw5j6PNE8uJa+iO8gme1JdDzW73Sb3gRRWxaDyGEA== processed in 495ms
[2026-08-24 02:56:30] [INFO] [api_router] Transaction payload payload_hash=T8nGXcU3UqOBIIJc3wPZ7xbGKTtZva3u6lcUHP4swyXZH1pkZJ1DvS6NdmVxmezuQidOv+u5u0EIvKIYS/PDvw== processed in 335ms
[2026-08-24 10:35:30] [DEBUG] [payment_gateway] Transaction payload payload_hash=M0YuGLoXZDF1T6aG2Xh+eRb/yVH2h8e+qITgx3Bh2stcVCjn+mY/LaJd8AfooY2a1EgNkJOXf82sUHWkO5qe0g== processed in 457ms
[2026-08-24 06:15:12] [DEBUG] [cache_layer] Transaction payload payload_hash=4oh0P/us4jY76Vf+ebx2qPq6y1XmXTMNkOvTFpIkW6iEP4mSOMl0vR9aKZng8aXClpiBQOMgsumpE1yvv6mY3Q== processed in 362ms
[2026-08-24 02:16:18] [INFO] [db_pool] Transaction payload payload_hash=Ru4eqjekhJPxjJoBBDnGU5d0rJkc1uVE/xag/54KtzG0XcGDb5W9UaCLuh8lsrsekcjqgYQHE7opLAcgeDsepQ== processed in 300ms
[2026-08-24 06:39:27] [INFO] [auth_service] Transaction payload payload_hash=7AEYIrHxVdf0dkVAmHbKhhc03+1PylZ0AXKRP678totrV2UXcrqMTXT7d0GtkfyVSG4xU73UMgQOpCWLYd+2cg== processed in 439ms
[2026-08-24 07:31:23] [ERROR] [cache_layer] Transaction payload payload_hash=rcD9cBL2I+hBbIToQp49VCHYnZpduXAV4TAga2MbBJB7iWxwXeDVbCkhiGTFwUb8cUEIJ7N0ymNsEGRHlczcQw== processed in 477ms
[2026-08-24 08:51:06] [WARN] [cache_layer] Transaction payload payload_hash=AsOFzMBCm6uue9rTEMlyJOMtYw0k221Kh7YMZOScQ7+7/ivDvfyv3wkctNv2Tn/xf+vvNKwxcrcUPOsp0MhBqw== processed in 375ms
[2026-08-24 05:46:21] [ERROR] [db_pool] Transaction payload payload_hash=IHOcKhTSq7o48mxlN/DY733bxLwf2cjzLETfVFg3l1v03oD++aUMD6dcbutbKI+FC16/zXjLI+5+uxegCj/SCA== processed in 476ms
[2026-08-24 03:39:25] [WARN] [db_pool] Transaction payload payload_hash=S1qw3x3ltjUz4UCmVtQ0RKtq3NKWq43d3HcnZ2D2tKdGcIQRFJAvAaUgxbTfpcV/nUqgZJDnV6iuuYLFhpBX0A== processed in 109ms
[2026-08-24 04:35:45] [WARN] [cache_layer] Transaction payload payload_hash=eQtrujHH5hLx/e72wmCynRjP+MW1680EUaOgREphMUdM9QZaAI3VHaUU6ljQG9C6LwzFKyRSlV2Q4hlaUseJOQ== processed in 490ms
[2026-08-24 07:10:17] [ERROR] [api_router] Transaction payload payload_hash=7foLtEjE9C5JO4l523bZUdDDawkmv5secBKCIsZ57zPIklK7FYBAgf0BZfuWJpfVYKrdOIkRs58I48ve5I+ZOA== processed in 325ms
[2026-08-24 03:17:33] [DEBUG] [db_pool] Transaction payload payload_hash=FYDWinhhA5dAaIlYY2s2E7aTpYSW4qDlmraSyXR2W4vDgJwR32HvlplCsZCWcW99dvjwnGF0Ygq4jqaiAtnmEQ== processed in 57ms
[2026-08-24 05:40:22] [DEBUG] [db_pool] Transaction payload payload_hash=hn2S0qx7A+XC7PUKEuCMffaoObFgsCMH7jJpwYc6TyOJgh/iE+2nuy2gvjfPqIm0UoZZvlhlCW2YXpM0vjJKyw== processed in 98ms
[2026-08-24 10:10:03] [DEBUG] [auth_service] Transaction payload payload_hash=svgwFz7HSYJMZW8zxz7nSLhFy55F1ODt0L+I+iMDTpG75Mse3fnm/Udtx8wJ+tuSQH0Pt8sphHvMirSN2g0s0A== processed in 499ms
[2026-08-24 08:47:02] [WARN] [db_pool] Transaction payload payload_hash=a4XWgcM8E5IN3Bx6m+xNU3p69x2LNnN4ZPnriH4PjSn4RdMeJ2nTIW0NTVHVPe2Nt3Ezbv1PEaYRNTfShLVi7w== processed in 176ms
[2026-08-24 07:31:27] [ERROR] [db_pool] Transaction payload payload_hash=/bdRB7pIEe2iHKeEqrRKlaTIjnveRDvDPHTmUSP7ICBTEBiXGFnKCHvtkw/RlV5nwnjRJuuS0buwgv+tGw/m8Q== processed in 62ms
[2026-08-24 08:21:52] [WARN] [auth_service] Transaction payload payload_hash=HW/dUrEIPJuWn5C6JKjy0axmcb/q2JQ9rZhugeO7SOi5mUhgUOt1qYQyV3Ga76XBCAM4cBcUPH11q5Wnlc/C+g== processed in 239ms
[2026-08-24 02:47:46] [ERROR] [payment_gateway] Transaction payload payload_hash=7ZhWRUBtMKku1Te7UDq/lFgu5t7/W9/ntvpaeLmNSGl3r9wT/zLljZ9sIjQdwBYqyPpyBFeG1Y3gYBrgpzIPKQ== processed in 352ms
[2026-08-24 02:21:59] [ERROR] [payment_gateway] Transaction payload payload_hash=oCFKpE7ctNMd4QmFNLLEiJGQZC+G2M75ZX3UTE2J1gj61dl9NE5dSWtUCH/qVWZ9B5TjTutCqld4JqKqqh+bzQ== processed in 253ms
[2026-08-24 06:27:43] [ERROR] [db_pool] Transaction payload payload_hash=XWuy5my65IjZVRQWj7CdrQATgSlrwINsbPl1J/oL6ESLkWjjrELGMxl+7GWNmb3B9J8PbNlo7vBjWkaJpHazeQ== processed in 232ms
[2026-08-24 08:58:41] [ERROR] [cache_layer] Transaction payload payload_hash=hqz3XKWPbU5dSIkqtItiPrQrLThapQ7oWP+Aox9iIrmG8lTSE7/0TeOtaS9oRqE+1d3z0GD3OFVfu6osZgjR1g== processed in 445ms
[2026-08-24 07:03:57] [INFO] [api_router] Transaction payload payload_hash=3JjHkaWI2Cx77xTIXCFSbj3CV5y2qGE4ZX4F2THXMOH5/VJ1Rv7F+RHdoGTJOrxQVvgRRj3p2FXcLvvG2itiog== processed in 340ms
[2026-08-24 08:53:37] [ERROR] [api_router] Transaction payload payload_hash=z7eEAOnf0WQUpbSj4vL0WP5wCb8eh7Cn/P4+AcVd5iJkIMctC2GK1kcNBns3zSqpMOL7nn2UuLiIXFyBWmQ9oQ== processed in 298ms
[2026-08-24 03:10:40] [WARN] [db_pool] Transaction payload payload_hash=fOAFRVRclqvkVGgsSZy2zmyJI411esncd2Lt41esc/8K+kowE6kaq4GTgv1CUOK+3M2ZCi1DWZ3lU8sz/Q9BNw== processed in 465ms
[2026-08-24 07:24:21] [DEBUG] [api_router] Transaction payload payload_hash=GsykOLFrtlLnmjqE2/ozq4JM3TO09wd6fpTWw7XoA3aII3D1wUomGFKYA1INjR2GsXW76IhY/QXfoDMT7e6rpw== processed in 103ms
[2026-08-24 03:15:30] [ERROR] [payment_gateway] Transaction payload payload_hash=dUzWyJF4GvIAumMgXb5u9LwX6mnLAsfbWou3g61xs9BHeox5jPF3wsfRI/al0/aWleFWlwpB/suJFZbE4lvVsQ== processed in 184ms
[2026-08-24 10:43:24] [DEBUG] [cache_layer] Transaction payload payload_hash=RbxoEdE025Chp2nQYarKmBapIj0FZDear0uP2Iw6RIm68fqcIlDL3f0448CxmTpDBgLNhlpURkqapNtQfUuiSg== processed in 7ms
[2026-08-24 07:47:43] [ERROR] [auth_service] Transaction payload payload_hash=eNcw6QwwJKDaTUVCMu3wp72l0DnPEtJWw3UCjRW9i5e3nZeqgRyctowNCrIPW/6+T1REKqQQg12QHBcRpfDD2w== processed in 92ms
[2026-08-24 07:58:06] [WARN] [cache_layer] Transaction payload payload_hash=6y6SQLZStGh7M7cKnsP+gpJJ+l0es0zFG6fpFG9pJeQ6YMzQOKZn03ldjaVfnUY2OU+tvuM0MDS8cKfB6G0xGg== processed in 109ms
[2026-08-24 06:50:20] [INFO] [payment_gateway] Transaction payload payload_hash=UzysaoUpEnMV617j46Q/zP1woexCkiPZdh2WkQbIBAks6NC/iNaqsdAeWPrAJ6CWBtVLfbuvdgGdGf4bEJSl1Q== processed in 340ms
[2026-08-24 03:19:23] [DEBUG] [payment_gateway] Transaction payload payload_hash=AIJraBBUcOPt0YRpZHLOMuqE1ssWRvFnYOU3fOIX31I3c/PgsyH0feKDBu1D6ySk4CM8p6z+MZjqqDVUkjjxBw== processed in 435ms
[2026-08-24 11:00:13] [INFO] [db_pool] Transaction payload payload_hash=523/h9MvA2OZ6ziqQbfzHZux/CLJZJIWr/R/dlvyWZtNhtuAnWxu7wbp3hfN11bVmwWCHc9sKfv5MFmLgdzsQg== processed in 307ms
[2026-08-24 06:18:42] [INFO] [api_router] Transaction payload payload_hash=GGTflCkw2OhMHKGSItoOX8lSEb5RkdDEpL0UxOWfD1gk+aHliRVkITFnXBX7umhEjchc2AIwTwIRpZ4t7wvS7w== processed in 35ms
[2026-08-24 03:45:17] [WARN] [api_router] Transaction payload payload_hash=oW/TGNxNrEmpZhJnUk/sWYU7hhplKGO+/ybk6e5IQPdhKDbz4nIee81u2Hs7OO6JDOKN9HpbuQ6aUQMemYV+VA== processed in 274ms
[2026-08-24 03:26:50] [DEBUG] [payment_gateway] Transaction payload payload_hash=jknGkn1ahGWRppOYdS14cdCJjY8QZQZGI8mmNWSJAFbTM3uYoZlrI1/VLsrSTA9WdWdqFU4YkEghxF725XfFIw== processed in 217ms
[2026-08-24 03:38:16] [INFO] [cache_layer] Transaction payload payload_hash=jUylhY9BqlO1qVd+akGtMFI3RLHBN1WU7ChowrULVg9mgkT0vFmxnamWJP12kQyc3UhhF8pIPP2nPF+Ckkn8Cw== processed in 450ms
[2026-08-24 03:37:29] [WARN] [payment_gateway] Transaction payload payload_hash=QlBocrB4CldgFdcRDhlyCr3c4cfmVN5AbCyjX2eRczzbY+PkKh4uRgPdES5HNNjjIKcTmvIGRFMi5v5+AkCkMQ== processed in 211ms
[2026-08-24 08:53:08] [WARN] [payment_gateway] Transaction payload payload_hash=l81MzkY+rHjTM1Ya3pUkR2zs4wZ7Ys4iuro6uTNhq7WCqYN+Y3f2bIMjDKG4QDpbWiOK8wK3Fa3mdZPkfXD/Ww== processed in 169ms
[2026-08-24 04:21:26] [INFO] [auth_service] Transaction payload payload_hash=jLX4xAa3BZLVsutoh2SSmYdJzgaUHjVPAfRBrS+tkGJqzWS2ARzGoI8BdnlByFk70XndPLoSDgloGI7Pu6NtbQ== processed in 0ms
[2026-08-24 07:36:44] [INFO] [db_pool] Transaction payload payload_hash=L8xZdIWxeQ+G7zIM/ck9bokMQ2qDNa6UD5hTcI6tRHiKYH7Js44CRdXISF9+VnCVbCzKyHIKkTOMhU7VUpbJ2g== processed in 39ms
[2026-08-24 04:44:27] [INFO] [api_router] Transaction payload payload_hash=RSbVuDMQ5tfox44dXsfAGC7kEdnSSrdxGcHXNesM4Lb/NtYHvZgRZywWO9WcGa5lC/Pwy+BFLEAn3m86uEc8zg== processed in 314ms
[2026-08-24 05:26:08] [ERROR] [db_pool] Transaction payload payload_hash=JywWCSK6incUuMrFghHYMZ73YMZoL29D5hDTaCiHhWH8udjAP8Cv7s4l+B65bXs3UQXh2JZHnAvWTDnTo4b6VA== processed in 398ms
[2026-08-24 09:43:42] [DEBUG] [cache_layer] Transaction payload payload_hash=r9pXqetgT722I1oSX8lJF/AR4T+qfud8HCSbCwq7QHJpx1tbfqQiWtrfuHlGPM4jwiBylc8XwkWyw9ZRbWfiZw== processed in 390ms
[2026-08-24 07:56:37] [ERROR] [payment_gateway] Transaction payload payload_hash=yvgGSXYDgchsMmUHzNrRo/ArhYe1o0v6oHU7FQOS/cwCv94cLU3VkW4U0gttREodYqPrHsCJV9aGi0MC70Ycjw== processed in 283ms
[2026-08-24 10:56:36] [WARN] [payment_gateway] Transaction payload payload_hash=AJ/23Lx5P6NHyiy2sF3i1AAjjSBQjt8fp5gNIOAgmCc0Ve/iXOL3tAAf2D9G0J/tA8IwKflEGxyJMpuBe4QzXA== processed in 72ms
[2026-08-24 07:22:36] [ERROR] [auth_service] Transaction payload payload_hash=WQ4BHoPwZWPaVdhUPKCICtDdNJleH6/Hm6pyRofTMCkj17DNRw/6HTguOxllicHiIgg6fzhtbls55JW0RsWVDw== processed in 412ms
[2026-08-24 08:10:20] [ERROR] [cache_layer] Transaction payload payload_hash=rn19MQNCkE451JkUC9OMsTgKHv+l2KxtoLyWSEH8aJak0Ljyaf4TPpuDrV2bdUpPoqt+/dthPlQGJsTRf7e/5A== processed in 152ms
[2026-08-24 02:29:51] [ERROR] [payment_gateway] Transaction payload payload_hash=OJZ3MANCf1+iT+hd9ybkesl5hVlg87qrREA1hderphG8jkJ/fEWPprwRujdNdDvhm6cbSq8jdMbMwLL4UEkowg== processed in 66ms
[2026-08-24 04:10:43] [DEBUG] [api_router] Transaction payload payload_hash=zfejkvqm4sZKA+oABQ+6dnack2f34/M1xnjIzk5VGIR909rBjLlpr8Xs9xZlBb/D847mNBv8l6VPPKudm4qtJQ== processed in 16ms
[2026-08-24 02:21:51] [WARN] [api_router] Transaction payload payload_hash=0P0o0m9Sn+q+cuYtQxJBuJl7iWcKp8fRAbXeRTpWdh5xJHZt5OI5S6mprEeTYi8LwV44096pRUr9FGtyS2DfEA== processed in 42ms
[2026-08-24 06:32:02] [WARN] [payment_gateway] Transaction payload payload_hash=pBoWiqCvtplYqEUUKxMCK03ZAreuvZfZ877AnGw8y5YugWnk+1UDE+LGVi8hXnqcLOVbbPsthZ9ZJIqI4oE9HQ== processed in 316ms
[2026-08-24 03:41:24] [ERROR] [cache_layer] Transaction payload payload_hash=zEtEyMc+bUDOnHLK/2ZuYwjayFrAANI2hcxvaVIzjbSZDR6iERh6fj6UcA0r/9XYhJ0pwH5G8/9nvjZcWU7SjQ== processed in 2ms
[2026-08-24 06:22:35] [ERROR] [cache_layer] Transaction payload payload_hash=7OPIRXfcIT1uw3K4P/hBkZaXuHCco2nvp3/XQO6XwF4CfOi7lWBJMNJVEZpCpgHbhzPKy+zAMfjxu1kIzAtr9Q== processed in 360ms
[2026-08-24 03:30:10] [WARN] [auth_service] Transaction payload payload_hash=A+Js1K7g5xn2h0WHGIf9DNPz8j73F0G1uWCWxJmb0KKBYTeFWx3XIbMz4zfjNkL5A62lugvbTuhg3IfbrXo+Fg== processed in 77ms
[2026-08-24 08:49:01] [WARN] [api_router] Transaction payload payload_hash=nnSwLkfP+DTxgfE4lPAl6EfXM+rnX9KsXh+umkOo/LIXLQdhv2KAAF4Pau0TdGr3hAJg5Tf+HcVjouulaq10hg== processed in 317ms
[2026-08-24 03:54:07] [WARN] [cache_layer] Transaction payload payload_hash=E7Q7Rf5ovcKdunbz7FOEhPUkqoPLP+gueAymSxuldxLonEg/FzZViVjTr0/9dCe9Ik6lccaPxRejpBAvbEf/Vw== processed in 117ms
[2026-08-24 05:42:23] [ERROR] [api_router] Transaction payload payload_hash=lwO8tY5xPcXSi4JJNACkpppHjB8PCg8iboNJeXiTZNEGJ/rRY8j0my90I0mhEQRF7LBcuNyl22CYDpVGfDVwCg== processed in 309ms
[2026-08-24 09:37:07] [DEBUG] [api_router] Transaction payload payload_hash=77S38QNL6F5GrorSwOpzRlwiEhKIZlKZ93JhxoRlJ/v3NYzpQTVwaa/sas3+ZjZU2hlvumBvKiDI7MoofWgNkA== processed in 443ms
[2026-08-24 08:02:37] [DEBUG] [api_router] Transaction payload payload_hash=+3kVj3VZISJLe6tt68QA/aXYXxlIqzMEjnHccu+nuhZocIuuhIvKYOyYbPZ82D8ng96w+cK6SvHVaSGX67M/dg== processed in 424ms
[2026-08-24 07:08:34] [ERROR] [payment_gateway] Transaction payload payload_hash=3GkKIfmLJUNQlIwXZ6hCPgEqnp0ClMRc4YslpJ6EhIlZbxplBN+kD9R5uR6Ah6P5Gsqwxfziu2Nu/g13iEzmWA== processed in 39ms
[2026-08-24 02:56:46] [WARN] [cache_layer] Transaction payload payload_hash=kegk8qPNURbkRgRNoe2TPiDCpp46UZ2+5AJWICT29LV6sn1cKO4DBpvVR/YLWIzaZ7HxUOofimaJ55dirnxaHw== processed in 267ms
[2026-08-24 09:35:48] [ERROR] [payment_gateway] Transaction payload payload_hash=ysoXnvmj5I3FhFUBthJ4RUSlOdMb82iPEu1a0ohNCxH1yEy5IGbB6AD9pFGaau1dN+IsU/coUNJoQ/q3G3kHBw== processed in 303ms
[2026-08-24 06:16:25] [DEBUG] [auth_service] Transaction payload payload_hash=vZuDqDUDch/kQQelA5o/Razv6mVDIMdORKZsaaX9Y2A/m2mzCjLhczueZrL/i7sPbEqSSI0az1qNr+uVcjEmDQ== processed in 137ms
[2026-08-24 03:07:31] [ERROR] [auth_service] Transaction payload payload_hash=nWov4Y8MTyc7HUM2wNcq4cgb1pxrfjeG3iRlBQqXyd91B++3BCPWllpX4B3GL3nXAH8LS3h5o0z0ZwFPET0ADQ== processed in 0ms
[2026-08-24 09:06:10] [ERROR] [api_router] Transaction payload payload_hash=W22HDk9FBVV3/ycvGesiJPGrWSs3mh6IK2UUbO11Rz+QWjlh0RuWSFQZdzUYcUz07yJIx6duIijSgB65ECvG2A== processed in 468ms
[2026-08-24 10:00:01] [INFO] [cache_layer] Transaction payload payload_hash=8OLgVEF5KdQtU4T1TuHDzcT1CBI242lCncxQIqrr3/3Zc4lUjD7AyfsenwUk0OXuIjJIxIDlKw3hYJKGYbTYSg== processed in 220ms
[2026-08-24 04:05:54] [WARN] [payment_gateway] Transaction payload payload_hash=KynN5eg0GpJ1B/XHz6jR22gibQUX3brAPUwXf6pVh4LIp5oEg+mTi5pRcvI+R1Cwce7BygDgBLb9eu4sNLOSug== processed in 481ms
[2026-08-24 03:33:40] [WARN] [api_router] Transaction payload payload_hash=44FpcbFC++VqUU7NElaXzoGFTtDiqEevhybCSyukyPOLEe2HCuteZxw2aCgoBGC20mHbtHkmkGdHoclCf5Gjtg== processed in 248ms
[2026-08-24 05:48:05] [INFO] [api_router] Transaction payload payload_hash=JUxt5UhwWP93j3OuirhUrErkT/SpPAe1NzUDPRB36bavdO0j3+Im6Amo/5JYJkXG65aDTCL4QdqZXxARh4LbCA== processed in 167ms
[2026-08-24 07:00:02] [DEBUG] [cache_layer] Transaction payload payload_hash=GBp76db/ZcaueE27Dw5CG0+D3x7E8F9Rd9Uxan808BasYercEnSqLVi7F5IWwvGzFuUnf95o0ki4B+E5oisBXw== processed in 6ms
[2026-08-24 05:32:58] [ERROR] [payment_gateway] Transaction payload payload_hash=SQpTo4WL+w5CrhEujgpbrqP9x94GtmZoA4jCwoyOW7QNRlwUhH6L1a9EZr9OWofyu+oc4XmYgvcwNw5mGTqtlg== processed in 111ms
[2026-08-24 05:00:09] [ERROR] [db_pool] Transaction payload payload_hash=rEce5bkardArx+bZphG1sJkr+kvAAg/dtmWKIqiXK7hXXL3iJ3PmuHlKzK5HoIrfnoOU+Gzt0S5wkJa1pu0m9A== processed in 391ms
[2026-08-24 03:43:20] [WARN] [db_pool] Transaction payload payload_hash=bXYF1dT5+Mnx6RCb2oH7sQ1OeJyQ86RhX4tmqigVCVvaNLXq7m01PZPId/vaee8DqgHfDsLEPv5EwfARpUSAHw== processed in 99ms
[2026-08-24 02:29:01] [ERROR] [api_router] Transaction payload payload_hash=ts+xcGlnKRThTlj0gH6Yq78BlZKj6R1guLMWobr/tMd7w7NszcF/3LBq9tXY8T1kq+y2ZzVi0gssfn3Omv7i6w== processed in 65ms
[2026-08-24 02:57:24] [WARN] [db_pool] Transaction payload payload_hash=oU65Tvt0v7mm8oPucsWdJu1jgWavg2N0Wullx69rbZvr7G8WIkqbmeLg5kS3j4sJYU9VCxHa8B20f8If6M/AXQ== processed in 337ms
[2026-08-24 02:18:03] [WARN] [cache_layer] Transaction payload payload_hash=XVLxiV8nVrDZf7EG1UFFQrt7KqgVLHVS3j4Lxjj4e+paeRCxzHQ7xRo0Cc3QfA3brhsZBkcNfAOF42T6I4QZcA== processed in 280ms
[2026-08-24 06:05:44] [WARN] [api_router] Transaction payload payload_hash=So98gzaXtjGDAycy5qTzrqOJFThzV3hMahKGJjb5ZlqK3ed3aLY5ztVyNRjP2W0szyKVU+UkEllv+pmw0rBmbw== processed in 351ms
[2026-08-24 07:55:48] [ERROR] [payment_gateway] Transaction payload payload_hash=WTmTedPTx/qTeQfw4BUVzkHtue6dF5MdnlGyqJ/x4ivZ3ZmyNsDe0Nn8qUy1Iznq9ck+k48WkfwGmcq5qPz7sg== processed in 384ms
[2026-08-24 02:34:06] [DEBUG] [auth_service] Transaction payload payload_hash=hvgbQkE8CmgSiu1RG7ULs1oiM5yirKyIPf1hKo5IHt/yZ52UKbqGTVrPMLzhUYjVwcVOZVqOfO7V2MZ4Aqq/2g== processed in 323ms
[2026-08-24 04:04:47] [WARN] [cache_layer] Transaction payload payload_hash=QkEsXoTZ1emkM7XpOOGhf0PBUaD2qhMIvLa4ulBMP5RC1zPdBg9QAaKN438fQUSLkdEV+d4IyucCbdMFueGELg== processed in 482ms
[2026-08-24 04:40:26] [WARN] [api_router] Transaction payload payload_hash=mCLL6qUVD2ICcRkNPVAg40i/UwbfF//jhT3YDIna9U3AR+/NEU2RGiP7ZsBZq1V1YpdcuQx5ARPNHFCuiaiqLg== processed in 498ms
[2026-08-24 02:46:36] [DEBUG] [api_router] Transaction payload payload_hash=7hUM4qqfYeLIKUsRhHhOUGZtIxM9YbVQF6VrOdTblsSyHGAB6lPKPBSdvhDyT13kTtxWy4rguJiaaelzyjiyHw== processed in 305ms
[2026-08-24 03:03:41] [ERROR] [db_pool] Transaction payload payload_hash=8KPfZejdnnk6qkV5btJBvl2yBPWqxjCCbOs75GK1XrIlLOatBDZooSMgOvIey1LAEwertwCLuUIgimasC2c3Qg== processed in 351ms
[2026-08-24 03:39:44] [ERROR] [cache_layer] Transaction payload payload_hash=ivOutMXQNjLnYans2PMo3/I69SqGeJrY4nEBnc9HdVjknNZtWTwYKkrDevikG8YU2X3rrxu++g+YQad9JIlmxw== processed in 107ms
[2026-08-24 06:28:06] [WARN] [auth_service] Transaction payload payload_hash=BT8c27Sa6QAMGVWMFxvdnbe/UdszSqQCEDbra9ljvOWFgTBQQJpzQDOnfdaunV8Qj3rhUuhzyQu661h1THa1qg== processed in 27ms
[2026-08-24 06:50:26] [ERROR] [auth_service] Transaction payload payload_hash=uQCEPENmQTKjRSBcMsHgl51HovcL7vPtTxbaklEYRBazGlQWoTbDUUtcOlyZclOsi/2Mqmlg4vf5KhZ+UR+BZg== processed in 133ms
[2026-08-24 04:28:36] [ERROR] [db_pool] Transaction payload payload_hash=8VC9lGM0vgT105B0aJcxB62prLY9BQTLx2Voi9DJx9Sv/XaUrAtaRHbdVOYaWpDhvLcFQHSXDTTe5GEGqG0wug== processed in 8ms
[2026-08-24 07:07:58] [INFO] [db_pool] Transaction payload payload_hash=qG4zVxEMCypECd/XywAxHZM5w3MdTh9GB/aNouCQLuqvjvbCYoZLbLrhUqLXfMm9VlEH/rM9OyWGBphiAIcB4w== processed in 40ms
[2026-08-24 08:06:09] [ERROR] [cache_layer] Transaction payload payload_hash=DQBrM+RSOjqL7I798DqBQt68BCbD727FyWUOLHMmhSo7CEReIYQk5TXFW7kdAXUje/QGlFXQtCZy2lzs88MNug== processed in 252ms
[2026-08-24 04:47:00] [ERROR] [payment_gateway] Transaction payload payload_hash=fsX5ChhAvZUZyeeomgnJgYkhgYp+Birt68KrlQpA/hzb6jzAS9t0WihoIeTEuHQiMpXMQcGokEKsBNDN/NhgKA== processed in 315ms
[2026-08-24 09:46:34] [INFO] [db_pool] Transaction payload payload_hash=J0ipZHswSHQgfV0OBw858Dy11753q9UfSI46oGMF19cbCeRyaeQTzoNLFmk9yMmY8kwDepMOVP8GFPhNcJWZOQ== processed in 441ms
[2026-08-24 02:35:33] [WARN] [db_pool] Transaction payload payload_hash=VC8z0FJ5hITx3xolT0CIvzLtix+gjxnh9iw7EiLaGp/0vjzaW9mDtnbNBGJDjEHPwdcp2dNEvDVEdkXaGjuzmQ== processed in 46ms
[2026-08-24 11:03:07] [WARN] [api_router] Transaction payload payload_hash=gmbp9U41XhvlfmihnlJhq65W5Ukcmkc/fm522vTQsACIAN1i8RC90P3rbRLG+Zib8GScvd46rZdGkc62xO4x5Q== processed in 128ms
[2026-08-24 09:00:30] [ERROR] [payment_gateway] Transaction payload payload_hash=BU1j5ZuOaB57U1eFx4SUF+GuJfswj7yHAwIQYmhZ9v6t+8lQXBBdAqO4xSxIxd9hxXNfRZdp01rOn8eO9SzzbA== processed in 158ms
[2026-08-24 08:45:15] [WARN] [payment_gateway] Transaction payload payload_hash=xYXbkyf9tpskLE/cqtx8iaYxR9bfQXOO8rlr2Tb2iY2TSyhANZgsAgop4Qqbye8Ur/cLUdzQH9D4nTqKv2Y1JQ== processed in 379ms
[2026-08-24 03:30:10] [DEBUG] [auth_service] Transaction payload payload_hash=bjXC2LrSvVdQW9Es27FmgoOqXQAjVtwn5qYWfuHLPWh0vKfY5EeYFYPJXYFuWfeH4QWGjSYWSm5hbvcW+AR9/g== processed in 2ms
[2026-08-24 10:23:25] [INFO] [payment_gateway] Transaction payload payload_hash=TNUfq3+8hHrlGGtRJss1n0uTiymvvK+GL/VMOYcFzjijOEpr5ghEOj24Ujg522dDSM/SuSSAznzCFizMzNmVlw== processed in 421ms
[2026-08-24 10:27:13] [ERROR] [db_pool] Transaction payload payload_hash=D4iaJdtFpjA5MSn3EvzeSi0RkRtwEXrLd6BZ3w3bUX4sawn2gOpEF+rl99N8SmvgUbA3uQZpiSyY1U9l588sOA== processed in 438ms
[2026-08-24 10:21:26] [WARN] [payment_gateway] Transaction payload payload_hash=Jm8aj0H5tGz5zoEfD8S2tVc3H6rluuRpsoXVG+ui8NZ+AwMpYXf8uIlBH5p3/R6h7Kjuu+NC28XrGoXPXAhSIw== processed in 485ms
[2026-08-24 04:54:07] [ERROR] [api_router] Transaction payload payload_hash=g0kO9VL2PsyRG8lVzXc7rjyZmrJka1CypCG2nOqIcZ6jn7bsDV9JuYsFYaVCqKB5rrWsTx941MjAevHDTojiGg== processed in 337ms
[2026-08-24 05:00:32] [INFO] [cache_layer] Transaction payload payload_hash=kLG1lI9FNSprTjyA2WcIPKwCs68fdO/IOLIgczy+QDFCd3hF/CcWGCYfMV6xwIrLRjpCNpFqf7pMndjgmHpeYw== processed in 192ms
[2026-08-24 07:30:09] [WARN] [db_pool] Transaction payload payload_hash=Qc0rg9+42wSf4WxMJ6czRz9CjXjprG7heVFi8kItgj8afKMqR2sUGYuehu2+nXOJfQajjli3y/an77fyl7gHxQ== processed in 202ms
[2026-08-24 05:20:48] [INFO] [cache_layer] Transaction payload payload_hash=0oIIbukn7GzDbC4d3wq8n4ITKYWwp1v05PjDSUInzDcS6c00m1LriIgb0RB281iZT73cvatNAjF97ppVQkXcBQ== processed in 173ms
[2026-08-24 03:15:43] [INFO] [api_router] Transaction payload payload_hash=n9risDnq5uIMgffzlTM7ze+kQZXmyM0+hZs6DPDpCVP1DhwgIjdByb0UxFzQc1puWnKomgYOFJhHB5VG8lnTiw== processed in 344ms
[2026-08-24 11:04:37] [WARN] [db_pool] Transaction payload payload_hash=JjSi2a23eLdEp3v4+fYsd8mcxmKkUGLMDXabXY7F1tSdhZK18oLF5kCpkSvnD2heqYQwHfidoll/s3AFOTkAvw== processed in 429ms
[2026-08-24 02:46:33] [INFO] [cache_layer] Transaction payload payload_hash=KgmgkqXsUM4K3cFqoZEnDw0vtLiVVKe+NsNgpC+sY/sz3SVSreijZ9V53s4eb3wuCT00MiooZa+g+5wbsGxtjg== processed in 172ms
[2026-08-24 06:34:46] [INFO] [cache_layer] Transaction payload payload_hash=NZI2kWOJsC6aCZ+y0RDawLz7CZ4lfIZpE1hTEZYEYegayf30CUHN3l+lPDomSWYOIu8Gir7o03k8sp1jFIi/Nw== processed in 390ms
[2026-08-24 10:46:18] [ERROR] [payment_gateway] Transaction payload payload_hash=A/LyeZQ1PTxI+p8mAZdzC6TUL2/Zkgd9FiiVMHIpElL0HYFcuPu9hEfbK8GlV4SoKOos1plNVlnAbqxg7ITZKw== processed in 412ms
[2026-08-24 10:28:12] [ERROR] [api_router] Transaction payload payload_hash=DTYrsaAFyTMnwnaBgLVyaI52jKxKBQan2wsgDQlcTnHUhNrE2IYg2CV5zKVoQCoopJE5qIAL1BPa1QefKINuqA== processed in 101ms
[2026-08-24 05:09:04] [INFO] [payment_gateway] Transaction payload payload_hash=JDZXCprnrEHY44xUupc9yjSH4ANX91HNpt4mIyTtuAgrBxZoJ0Nx6r6u1OkftkICnjVNl6XYFNJLCJpn7Gpf1A== processed in 102ms
[2026-08-24 03:32:48] [INFO] [api_router] Transaction payload payload_hash=u3boFxDpxLV5fDxgvHnHNxtqApjm/6XRejv/doH+kg3v3Qfk6Va3OkDrMlIKnr5P7Bte6vCwAv2yz6IlpBW7oA== processed in 124ms
[2026-08-24 02:25:46] [INFO] [cache_layer] Transaction payload payload_hash=D72XldDN07coE7EmVKTLbFTzuivxiMG123TBKSXPtWRyDLmbVtSa9sdXIFmcQ15mBxgcMxiBlgR4Nir9G0M5fA== processed in 158ms
[2026-08-24 03:18:19] [WARN] [db_pool] Transaction payload payload_hash=Mu2pmdTjMyLJCqQQGgO97xr8ZdOwJUzmL7ARZ5wrDf0sBY5QxgwdAQKO6NbqINYq9IY4t2QwZj3+0r9LnyDvwQ== processed in 87ms
[2026-08-24 04:24:06] [WARN] [auth_service] Transaction payload payload_hash=+Npof2sUngJKziaVk8N2rbfIRVdNYnwWpFxVxoOtjY2vSRz4AccPNgdimAphCOiQ8L0GRBisxgCJnvdPFhoyaw== processed in 225ms
[2026-08-24 09:01:18] [WARN] [db_pool] Transaction payload payload_hash=kXwt1DfziKIzkER5tQ/uyPRdy35Ww47FydN6gqGzf2sxeZCzXVlRFCWZng3PrNPXLp3Q/9n2zRPKE880mnVzCA== processed in 208ms
[2026-08-24 03:51:47] [ERROR] [auth_service] Transaction payload payload_hash=k9HpGkM2m/3l58O1GjiYAfGarKApU1f1xZMAnXhdLJTT92N+w7/A1LMEnuBYMXKzTj2jMFLHP/uWz2dw1yW5kA== processed in 328ms
[2026-08-24 04:55:00] [DEBUG] [cache_layer] Transaction payload payload_hash=iA1FpHUguN2X7lWpYLX0GgbEtISVxTYHUC4zZX2K9s0JESmRMyF0ioaLEkn2udtruxKUYkbc0G63q6wgyJc1eg== processed in 230ms
[2026-08-24 03:40:30] [WARN] [db_pool] Transaction payload payload_hash=03SDOuEA7rc6+VE77OWUkobKk286plw0J8+n3STNv97k4ym0SoBc99J5vt5w4eQZ/lub6yW/xulj2q4PL0b8tg== processed in 307ms
[2026-08-24 02:21:29] [ERROR] [cache_layer] Transaction payload payload_hash=uIdyd0YVZT6eBEb2YEZryOjdtIZRv2lXL6z3nsdLH+iDIxaminPf6z4TBAH9NWxbWU0NhEJKF+SGnwtiI4/oVQ== processed in 432ms
[2026-08-24 05:44:03] [DEBUG] [auth_service] Transaction payload payload_hash=ubpw13afjxOpfmhMy3eEi6i0n4dfsk7okkdGGM/Ep0GTQCoSs656DPjRn/Lju9r8H/44/rBt4WvyvKGojzZURg== processed in 6ms
[2026-08-24 03:45:12] [ERROR] [auth_service] Transaction payload payload_hash=/Y9i1WktlUn21GAOM21H3lCIMk5lL++IffbZdxmGGYvKHh2dzQoeKqnpadn7EWjNzipOAwGS2s/vC6A251Jd8w== processed in 277ms
[2026-08-24 04:44:30] [WARN] [auth_service] Transaction payload payload_hash=GqBrg4SSCv5b9gPF/oX8WmkeoCHLFQYgozVTkyBNY2kt2gAZg/IMcXBlvzkq3nSCbWe7UxdYWooCZgvm9KvVVA== processed in 244ms
[2026-08-24 03:37:26] [INFO] [payment_gateway] Transaction payload payload_hash=zQ1v6mc3Nq9Z67t6VFyjS6mL1dYyTJAK5zuVWqQDFk67Rwo7oq67Qz7emoKz/L5W7JC0Prz9lXjEEzLEprZj1Q== processed in 332ms
[2026-08-24 09:34:34] [ERROR] [cache_layer] Transaction payload payload_hash=4LToaBiC0o2Akooo+Wk+ICUN4TwfsKNBhBxfVazI1LIP+QK9lYW3MbuX3b3/jHqwXmkrMQoHoSTxVx+Pq5nsEA== processed in 288ms
[2026-08-24 02:41:45] [DEBUG] [api_router] Transaction payload payload_hash=iukbYPD54aD1POoVT6+2tEZEwuXpp4o4lJpRLCPFs1KbBTaQKlS/ZuerBh5hdGJy1nLzC8qh3RxpsxEfcxXOjg== processed in 458ms
[2026-08-24 06:17:15] [DEBUG] [cache_layer] Transaction payload payload_hash=/wrHkJo+pcppHHbtzOmbEX7qlR+l7nHvH+zawr2A3JvMoA7Vt4p5JmRFufML+xHk3rMSoBTjmpUvMJzrEWR2vw== processed in 329ms
[2026-08-24 02:16:15] [INFO] [auth_service] Transaction payload payload_hash=gB6E1zVHlxlPpclDaHuELYeo1RUMcFN01E437SWM5lofPIwrCaoxCF6qirRXkcddhF64+WuepMW0OVY+5wumAg== processed in 488ms
[2026-08-24 09:03:14] [WARN] [cache_layer] Transaction payload payload_hash=cvKWvr0y3FpFZ36Je72Uie8SMGfBG8VSYXdN9EJ6/9O675RJmpBAf6RKg4KSBX52lR7iJJ4JPqDlYn7BT4ySDQ== processed in 42ms
[2026-08-24 03:17:17] [INFO] [db_pool] Transaction payload payload_hash=RfylsSR3CbtWIxXZPx3l8SKpkjeaFPg138buX11I7Gv33VJhG2NEuEksAWXCqkJAuNokkjtMX8IZdOu2Q2uxaA== processed in 470ms
[2026-08-24 07:18:45] [ERROR] [payment_gateway] Transaction payload payload_hash=oWXmJr95eUVRL7Nw2PmTCkindfRg1HczwCWt6bDF4eUMkltvN2oK9TSQ4T+FoQWzIqKq4rrO5NaI4kiSSqwMNA== processed in 6ms
[2026-08-24 03:18:05] [WARN] [db_pool] Transaction payload payload_hash=Wq7v834bQIL7Gp5eWMmUz/hj3lQAViYxOHoCGRUenwrdN6iz1mD/fwNhafhkBd9aMnSc9ZVG7OOoRU6NJkDW+Q== processed in 246ms
[2026-08-24 10:24:37] [ERROR] [db_pool] Transaction payload payload_hash=jYdlHN8HR5OAqI3rKE1sKxWRL7J660dddI5PstAN5+LPNf2c+/ZV05djX/cmg1n6RCxdxVaOGaHb2vn/ZKnIzw== processed in 336ms
[2026-08-24 06:27:36] [DEBUG] [payment_gateway] Transaction payload payload_hash=GSSzSpjm1gEipumMrkiIcpwL07m4hFQzKYZVA+C7QYEjQnb4t5nsb+kND9GqICzvjg/CDkNeFI9F2lDyahqYSw== processed in 132ms
[2026-08-24 04:16:54] [ERROR] [api_router] Transaction payload payload_hash=q8mytl3C19anlxrcEMLLUb0mTxHW/wM2eGJehZD29UJ7Hof1jiu5vpVpMC3tfOO5MqFFvmFHfSKDQG0ZkOcpGA== processed in 295ms
[2026-08-24 11:13:44] [INFO] [api_router] Transaction payload payload_hash=QUzqOYliyOt7W3xVq4ez5HzzoosBh9bcfKk3BGIkuk7p+eeEaV/bCN4XvIG/GMZD8tfeEoUQamF96qFi9PZGpw== processed in 91ms
[2026-08-24 06:53:02] [DEBUG] [auth_service] Transaction payload payload_hash=hqnylUAq1QKXlTnR4rhQu2EhRVwuq02aeeFS8nMqSwXinbAMQDbBnVAb1SDwdnbwyNQKpgWT8HaNx+gWJoVwyQ== processed in 281ms
[2026-08-24 05:10:12] [INFO] [auth_service] Transaction payload payload_hash=T6w4d7oIvbHjE1Lm/xn6D/1af6Hu2iZUEb5+7ebwVoKNvAePgVZCSWZf6ZZURnCIpDFCWuiAJyJ6LzueVhrtDQ== processed in 433ms
[2026-08-24 10:20:48] [WARN] [auth_service] Transaction payload payload_hash=tfGrq6dk8af9E/8cIMI2v5Z40pEAnWte5YJNooF8jFc1HgB7GTWCfXJLz6qNiNg4ouu9AYW085j3DN11cvyEoA== processed in 322ms
[2026-08-24 08:39:23] [DEBUG] [payment_gateway] Transaction payload payload_hash=hCze8BZ12OJLXwcpPpYw7CMeD66aUH2PZDRQZHXpAPZd4uiKA9fi6E/HMLDraUMSOZ5gysa0LXDTtVOKO1oUhw== processed in 219ms
[2026-08-24 06:24:08] [DEBUG] [cache_layer] Transaction payload payload_hash=GZIBSaH9an0al4zA6IX/RKAVq1UctUKPPF7EGUKF6XevGOL5XKGMtafnjZZCeC8rChZ2sdYtx/DwLZLKg9AUKQ== processed in 418ms
[2026-08-24 03:39:54] [INFO] [payment_gateway] Transaction payload payload_hash=fY5VSF4A0I+ndD3h1hCu5JGRR++4k0JRyirg2SJ3zqvVLnR1C0QccRM7FUbmVei4ElJDOOilpGjZiofQ73VFPg== processed in 161ms
[2026-08-24 02:41:38] [INFO] [api_router] Transaction payload payload_hash=PqQigWLDsCItA+5xAmvu0ucjs0Ll/yc56kkd7BPapsLztbPr0/OoPktvD87BgWg/7L/vtEs2taQas/NFpiWdHw== processed in 489ms
[2026-08-24 08:50:00] [WARN] [db_pool] Transaction payload payload_hash=CnLrNNbPZCujWucJ4wydiKOpaF3lzStng5Zd3SacLlET2P3iPgL8f6a/D3cEctgE/BaOmDpx2Y80+GzG/PwScA== processed in 202ms
[2026-08-24 05:55:29] [INFO] [auth_service] Transaction payload payload_hash=hOyrIN3M5TLtHdb3+t/B1clKNeZ/An5S3rrIm2Wj31VfqMxx4hghbtmt5YE4vQWBgaiJBn9NZlX6270dpCOWGw== processed in 38ms
[2026-08-24 04:37:48] [INFO] [auth_service] Transaction payload payload_hash=iBr7QMTpXE7BQ5Bmf6hKjNcZH8SebQ4jIbl27DCKmn7CvWllw7D8DtRezT6H1dXGI2yUSkD+zbgBelsY+3RUzQ== processed in 447ms
[2026-08-24 05:20:04] [ERROR] [payment_gateway] Transaction payload payload_hash=11SvkHwdNOJYVuVf9mex8njb8p5T5Gc9vZS+eUf6fJ2ZMAwkcm5w43amyAvktiH7nLgd0/ubJIMd6fdKjGfPSg== processed in 177ms
[2026-08-24 05:22:03] [ERROR] [auth_service] Transaction payload payload_hash=4ts7gX5ctJB+4E2weE0TPHCxFGnWGvPHJ0ASl76b4RAqJ7vmEFPQFxuRv5fQ/lDzX3Pd8ppQ2J6+2SLy4o2p2Q== processed in 440ms
[2026-08-24 09:40:53] [ERROR] [api_router] Transaction payload payload_hash=fTVoRb8n23XDSs0NfqmW0tegfowVhj3dFJNmJ1C/KGyLfus96WggR2TgFUl4kd7ihwG1SnedQnd16CqKaKfnAA== processed in 439ms
[2026-08-24 10:19:02] [INFO] [db_pool] Transaction payload payload_hash=lO8mAw6sEAJppPVB41KYGSwS3Zs9Hg2ckRAfmoSykr7w5+xOS6OpkYQHQXXfCc77ezLppdonsRn+GQh6JvRRrg== processed in 127ms
[2026-08-24 11:19:01] [ERROR] [db_pool] Transaction payload payload_hash=diJyAfyiYrB8hpjwn/AJqrfECCjh3rkGsl/tNIQnutVkWp+y8DYpEmubbD3AV7lAIxedgPnwYeY1sQ4zWH3cUQ== processed in 489ms
[2026-08-24 03:23:03] [INFO] [cache_layer] Transaction payload payload_hash=ut88gkJdhgxZv7QGz0FDW42ezz9x3qDqSttTUlqxBtSAmTSrs31ZiYtYm4EqMoUX2nA9m0j2rc+uT6N4XfeLXQ== processed in 155ms
[2026-08-24 07:54:27] [DEBUG] [db_pool] Transaction payload payload_hash=XKZHLLzhNYZvlTCGWr3VWJjuHos0+nvNXo7IPLJFO4RsOLeLvi8nYgl+e1zr3iPZBT7u2ODpdTfnaYN2ncAjZg== processed in 441ms
[2026-08-24 05:27:14] [DEBUG] [api_router] Transaction payload payload_hash=yJXbFCt4+ObgmPVtRG6O5mx7HejZC23xYvthr9s3iKsh6qd6bdnLHpgBoeEUNOJOwH8f/SHQGW9/m2m9+AF8yw== processed in 453ms
[2026-08-24 07:45:10] [INFO] [payment_gateway] Transaction payload payload_hash=/zJOpAUwbgPaDjPK0kcHQrsL5NjncUHZaCXwKxXQ1AiANButvRax3RcdygJ7qNhEGAxTnOO61uzR10i1xu+/KA== processed in 67ms
[2026-08-24 05:27:18] [DEBUG] [payment_gateway] Transaction payload payload_hash=Vcx6Pk0PRug7c8JvxyRJHWQ+Ua82BQK8qG+0W2EL6J5ySWEJIPQqk9Za6IKjAwhtTFXiB5Mah8oTU19qVVCs8g== processed in 245ms
[2026-08-24 06:23:08] [INFO] [auth_service] Transaction payload payload_hash=BDVbo/ZSm9aRppygyd4w93wgad3kWB4gy5SwJ3efTaJOz0nOCk0ntEppGvVcHHAmgpdp42DgeUVYm9h4Z87Zuw== processed in 118ms
[2026-08-24 03:09:58] [ERROR] [payment_gateway] Transaction payload payload_hash=5ETYeCYpvZ6AIppiSO5vqPCWKSDj/joY4zEfDxVXz6TBQUzb3mfReciAl65y+SlcmLlksTjjOqYQbVZ0s21LNw== processed in 1ms
[2026-08-24 10:59:04] [DEBUG] [cache_layer] Transaction payload payload_hash=hxmdIwnSqTeOY68Cb69esj8Lw1jx5wH2RFUlg09Hk2Qy0iMDR3R61BVeIU8orkbfHD7/Tp3FrvKBfIxFmkMykQ== processed in 309ms
[2026-08-24 10:52:05] [INFO] [payment_gateway] Transaction payload payload_hash=vxGTqSG6czNHe28r4jOxdP2cOkVmQxG8VPuzLBO8N48nlKoYXjYgOwq6Bp460X5wvGOgKGoIJ5f5uJmUYrgNKQ== processed in 412ms
[2026-08-24 05:29:05] [DEBUG] [cache_layer] Transaction payload payload_hash=OECHcAJKpA7rgMXvNccgR9T1XCE9DcK9OALGWrASHpe5xMrnAOfEB14NeXvNhBshlcTxOYDQXbSfsWJAqd9zPw== processed in 280ms
[2026-08-24 06:32:40] [INFO] [auth_service] Transaction payload payload_hash=j1aCJ6VHymz2ODZ0MIir+14T89FySPpFF78U2ymUpgODeJvN7UEpuRAByIlq6FDB4HAdTGwxsEnrAzWlp2TiUw== processed in 53ms
[2026-08-24 09:31:19] [ERROR] [cache_layer] Transaction payload payload_hash=EkQvd0oyMkoyeo0aACNhbVSKPypqdXA6OrmVLSVnS2spgWV8U6FOTfbtrZt1r9MxPsVQFDGIwiWCEE3C+EQOuw== processed in 45ms
[2026-08-24 10:42:55] [INFO] [db_pool] Transaction payload payload_hash=vF+fhrtE6nvJXyTJ2l0+C8uGRgNCtH8Klz8XvnshlDb+watLQXKiVbyAZ+drrJ0nQWzMGVeHTCtUSfOy2Tgm8w== processed in 132ms
[2026-08-24 08:59:14] [DEBUG] [api_router] Transaction payload payload_hash=9440G/hecueO9KqWLJbQBerT4WlX1ObYuHh2TdES2gRIp/bZVrT8boN3964WI77BFG15F79VDcH0UPpSMreVOw== processed in 246ms
[2026-08-24 06:10:25] [WARN] [db_pool] Transaction payload payload_hash=piySMpKbNfhAWUv5I022HyO5RD3LQe7Jt4tW3oXQ07ZbvbCu8jmWKNyGHKIl3WxAH/gqr4PGS1G2TBANmf7bqQ== processed in 188ms
[2026-08-24 04:27:36] [ERROR] [auth_service] Transaction payload payload_hash=g5oz+jH4PUkjKbj3WdNxyXA5xWh0SvsmWsjH64iQvuNF05N1WhOsjaN9ENAQNWrkfztkWzvVJEG8zxdP9kpMvA== processed in 8ms
[2026-08-24 04:42:57] [ERROR] [auth_service] Transaction payload payload_hash=9GuMqRAH3by3L7fpkHqywqLrDUFKTCteLKfa/fALf+uxMrzWERZh4R913iadCPwr9Oh3dkWi+8W/Rp42RmFMMw== processed in 19ms
[2026-08-24 04:09:31] [WARN] [db_pool] Transaction payload payload_hash=pSeeDPI3kzehmxcTeaqCLwK/5E93tKI99GEBkoUXiGrwOgOnBgBNQss16wzPNOKsQmffS2Q27xBPfnbw8s3WkA== processed in 478ms
[2026-08-24 06:36:31] [DEBUG] [auth_service] Transaction payload payload_hash=lCjrryV5BGjSTNSRfVnVFFp/jnoeK0y7CGyWXY2oQrzRHVBI8kZVkQoJ3Omcp52/TsP0rGUT0R7qAEvn46RgTg== processed in 332ms
[2026-08-24 11:17:45] [INFO] [api_router] Transaction payload payload_hash=ZSwKdWlS8kBBNEORc/v6HXii5r36gxuCCBe7wRBFNTmbVm2bIzlWkn2GCSSAMfRxHdKdspbBDvPv+fT7DUz0Vg== processed in 429ms
[2026-08-24 06:05:55] [WARN] [db_pool] Transaction payload payload_hash=HjoqBqP9XHbNig906kDWMNBkocHjIFf63duU0uLHVQy+BgeRjAtP1A3Otr64huw47X53Cp3M4A1wB94gj222hw== processed in 168ms
[2026-08-24 05:30:53] [ERROR] [auth_service] Transaction payload payload_hash=ptOXFSrIv/72Z/pZ2noVOm3V2M/4hwMcjfufLnL4KGz80u59fjAkjdL3NO3eoSRZ0IO2Yk1cfHRcR9yWgIIGFg== processed in 258ms
[2026-08-24 04:53:23] [WARN] [api_router] Transaction payload payload_hash=+WNry8MkvlahEZmVzRGXJ7GnDvzb0u/uAJ7zT8p4mwIP/2ac7PCHG3jaTlxHLV8HbDCjZ6+WCRRaSZXagoUcJQ== processed in 2ms
[2026-08-24 06:31:08] [WARN] [auth_service] Transaction payload payload_hash=qD6cGCcwkS4bmr/BopFEJRiGQEX+xuIA6NyuMpJUV7jMSThq9VZkM2QtKyBRNhk1/ou/7CFtFKf0g05QX3qpwg== processed in 173ms
[2026-08-24 09:06:59] [INFO] [cache_layer] Transaction payload payload_hash=9zNFaR5GB28CuUZw0Ecjh7cwP+eObIHSjRRUqudEzI1Tput37Dkp9fqbkuvk+k6JHy81deHkQ26q65QNfyjIcg== processed in 187ms
[2026-08-24 06:15:20] [ERROR] [api_router] Transaction payload payload_hash=Zsbmz6G+y6uVYZ33McwjYy4gx8b+b1DZ0JiV7Dyg9XmX5EJgUBY0dZcHk5Lzlv8HSsosPJKLSIcxRRFAumZ8Wg== processed in 24ms
[2026-08-24 05:13:23] [DEBUG] [payment_gateway] Transaction payload payload_hash=CmH9velXfdYhLJxH1j+b+f3yTfCYyGvs7YOCyeAiWyYTffrexrFSjKmWM24Ppa09J5VuhY9QASq7ZtoFCTLYBg== processed in 86ms
[2026-08-24 06:15:15] [WARN] [payment_gateway] Transaction payload payload_hash=AadH6yVBh+KUq2A1GmqNDrG3atFOPUtBw71FiK/DdHFLz7ZUq0YWolAb08LlybIbicCq+Z0/9JQDQ1MsQ0+Tsw== processed in 326ms
[2026-08-24 09:45:43] [WARN] [auth_service] Transaction payload payload_hash=N5IYSj3JbUwNvlp71RGJU8ux8ufsdR/Zpa2/P3FmEGEW2eS69xz0RvhJbkDuFjHtvNZrWuqiJFd8XhtXV+xdpg== processed in 310ms
[2026-08-24 04:12:55] [DEBUG] [api_router] Transaction payload payload_hash=ggMd/poL8LfDM+Ux/u2vaeAaiiaQROANjz+W7AA0Nhu3L3gx6qPyUC3Kug4iCIySGEtjpTdD64S+tJptno75Zw== processed in 207ms
[2026-08-24 02:42:01] [DEBUG] [api_router] Transaction payload payload_hash=rtSj1t/sG6VoMdDhJlB9a3NXK3wjMS/aqHTAjcvMatExGdNu/VSDmTwlgKwpnJsIph4UxtyTsHsYtCD1/eWtOg== processed in 280ms
[2026-08-24 09:26:39] [WARN] [db_pool] Transaction payload payload_hash=oJ9iVos0AlU2n1/jZ5070UlSWBlbwrsX+nlkLBbQWM04u9/yZamkThnynrezNPI0Rfch85MNACjiV/vBw7PmEQ== processed in 488ms
[2026-08-24 04:46:41] [INFO] [auth_service] Transaction payload payload_hash=V0IyAjlwEXItxnlr9Cv6x8Ha9fqPwK5c0mjRM7haRZXKiScAHe4rYD1Zllou3qtaV57nf/9G3K1snqnQ9htbVQ== processed in 438ms
[2026-08-24 09:42:21] [DEBUG] [auth_service] Transaction payload payload_hash=0eIHvY8IayDFMXtin9cK3d9kDWCDS3nzlxqsTachl9E9eRMBkykxF+ZEJ80Dn3lI4JpwWj8HdiHnPapem7phMQ== processed in 172ms
[2026-08-24 04:16:56] [DEBUG] [payment_gateway] Transaction payload payload_hash=QxmhII8safN95OlSETlZCSiyCIt23vifR4fEer39G12PxVOcnHwF8PQsME2zjCeY05uWII+DLM/5yJkMVt8o9w== processed in 398ms
[2026-08-24 05:42:46] [INFO] [cache_layer] Transaction payload payload_hash=7lXQSEmY/pGHB102Zdb5mggCohxr8qicKkbPln/GIpmpBXtax3CqwBJMyh3sej5D8lqWkrGANVTy4l+cBQXqpg== processed in 486ms
[2026-08-24 09:58:49] [DEBUG] [cache_layer] Transaction payload payload_hash=EqSrw044VHw7BNq9LvvRCqG+m62M62SZUDcWToJ89hQQ32dIV+v+jICDOZygrZmaDARC4whjza6SHMlGzYMHSg== processed in 21ms
[2026-08-24 04:35:39] [DEBUG] [payment_gateway] Transaction payload payload_hash=YWG9qAD/w230ZbNq2amzghy4J9i+RhreLPGVUxBUEhg4YxZ/3FvicQl8nWmn8rlscWn/Gak01RTMOK/BV/afgQ== processed in 168ms
[2026-08-24 08:30:14] [DEBUG] [auth_service] Transaction payload payload_hash=lZzl1rjUD1pO1QDizgB9oNrBTV9ReM6ENRtHlSxZ1IQbRW1ebqWsdjdTsyVoYrv9yPVcTrtJpgro1tDIc5HPEg== processed in 173ms
[2026-08-24 05:59:28] [DEBUG] [cache_layer] Transaction payload payload_hash=JKrcO462AQkq3O/JmWbyqpmYzZOxLYy0PucTn/1kgQCTtjnX7guJ5djTFJ38FLQrn0GHDhQUT+Cnv1TTlu3fLw== processed in 117ms
[2026-08-24 04:35:52] [WARN] [payment_gateway] Transaction payload payload_hash=gJcEPW3H9rjasUfekDyQ/wSEobWWYQzCYarAb+KdHpFXjnn+o81ocdw7zDYyhL3vyHtioOt3J/nMFSXi/rvVLA== processed in 146ms
[2026-08-24 05:43:42] [WARN] [payment_gateway] Transaction payload payload_hash=jo8DzFy2B3JtooZ5wHEj4OrALBVAsNdcXCvmwrmwrTGp5n+rMuLkYTzGMp9mXTVm6vfcWqgNmOg9do1kAAgCsQ== processed in 255ms
[2026-08-24 06:23:44] [WARN] [payment_gateway] Transaction payload payload_hash=1XRXFCpjMqY859QLc51EFadxkAWpGG+YTaGh38cYQihYh+F5n59V2Qom+OaTzOLN3Bf950UJGSgp6bIn9WcqHg== processed in 131ms
[2026-08-24 04:03:09] [WARN] [api_router] Transaction payload payload_hash=vTePtbwWB41EtOJPukN/4MykurHPuiOsyKyQjG1IX6oKMvNxPeyF06146NqJkHPpgdTbNpBsQxtKLio9R0lnwg== processed in 447ms
[2026-08-24 06:57:38] [DEBUG] [payment_gateway] Transaction payload payload_hash=Le7TEDdqQp5O4hxQyixuCM7mqYD69lY57rccgx4A5J1pRmkSr+Y7xjYDcs0Lb5bSnr8JSaQKr/T3oYXAF617ng== processed in 215ms
[2026-08-24 10:31:16] [WARN] [cache_layer] Transaction payload payload_hash=4xqMFxIGad5HmmQTvWWZpEMS/ngREorZTeB+xmG9ahl9neu9S8Wvn7aMWSFyfePL73WzrYZfb99g5B+ZlfSLfw== processed in 424ms
[2026-08-24 02:38:28] [ERROR] [cache_layer] Transaction payload payload_hash=Kf8TCQuQ2TingKt+B2L+Z5HToK9xAhXZptUmM/sVm8m9PwMzZQNtp2+dHLmykHIPVHJwbFNbA4D66+AVs6/46w== processed in 66ms
[2026-08-24 07:42:22] [DEBUG] [auth_service] Transaction payload payload_hash=c6p2e5po5jD+Z9C8ngSsmD5HuiZknFTyrRwvbO6+K50YcmBYwhlCSUbr4rW77TVjzTC4TiSDn95mg8nSxoHE0w== processed in 21ms
[2026-08-24 10:09:06] [INFO] [payment_gateway] Transaction payload payload_hash=Aur9r0t8XYGld/f7MbJaTsgtDdBPCFHuwX6AqkGTuhT5fybEJTLssSzlPeYPEUI2eS2Y2LTUuX2Av9DcIvlsiQ== processed in 224ms
[2026-08-24 09:09:26] [DEBUG] [db_pool] Transaction payload payload_hash=DnFgVejW4BjlCkQl8wtiD8fw+kjCdsxUyHYhOjBHZGOTWzG3xwqzDExMfduAY93vKpYNAph9X7tB3WiQMP85RA== processed in 78ms
[2026-08-24 08:12:31] [DEBUG] [cache_layer] Transaction payload payload_hash=k6o6erMYRqklJ1S76mexonetLHnK4KlkXQSxW6W3VDrLWGA3oXNr9tojTRpSrCAFq5SCriVpYlKoh9ZrjYqtqQ== processed in 262ms
[2026-08-24 08:33:48] [INFO] [payment_gateway] Transaction payload payload_hash=5FG5uCpZ+xG22PdkDK1Soj1ADR6fn+PhSU3jg8mOs/FDBy79ll8h3W0FCVnhj+EB4NLz0TgBu/ZLL86WBoapNQ== processed in 239ms
[2026-08-24 10:29:37] [INFO] [auth_service] Transaction payload payload_hash=QNXQAZFpSul4BEn5gaWb13FvHA/meaMMju9P3e0044hCwTP4DOUMUIBe3RNL8bkIbMq/m9q4qTVpHK9O6WKLQQ== processed in 286ms
[2026-08-24 03:12:27] [INFO] [db_pool] Transaction payload payload_hash=XVRb5vQ5U+5mlk1GBfKM9czh7W5zxLBzPPeRuwaRNKMT1mf8kKTymQe0vq+ozaMVk5Z0MLquKsRpgffxfeetKQ== processed in 433ms
[2026-08-24 03:09:14] [DEBUG] [db_pool] Transaction payload payload_hash=UazO0AKBevaaYGH6pMS/xyx/FbfUibqxvdQgU8KEy+ybpqlYqTdEDAvmcaJaiuKsCPx4p1Etqe4SENrWW5pK3g== processed in 332ms
[2026-08-24 05:59:55] [ERROR] [db_pool] Transaction payload payload_hash=gj/5gHYJ9OGlj1NzqDziGZPAkw13Fom4FyP0j116cIIuGLtkmEZcBY5MUtbccpqw7o9S9pxylZlXsPJdw6HqRg== processed in 143ms
[2026-08-24 10:40:28] [INFO] [api_router] Transaction payload payload_hash=0DNZagMUm44bTuTmatiEsLTaNgicLPhPz41XzmDjKSHRWal2sddjScGdGogb2/LdBRdegfE5d0OKiJb9oTIrJg== processed in 87ms
[2026-08-24 04:31:14] [WARN] [api_router] Transaction payload payload_hash=6HGMzLK++SrJVg7+wOS1gIe/XEx86Uk9SgsExBHNo3jX5xs4jJrorlKiefZwrdh2gQ4Je/5x1/DFJgzzG9Ti0A== processed in 186ms
[2026-08-24 03:18:46] [INFO] [cache_layer] Transaction payload payload_hash=FlX8tlnfXKLp70FpGnxQjIHHqZRZq1EUFef7u2jNfriN2zfUe6o8ozBTSo1UI2tRSZgJR1PRNmFi/Vt2HELldQ== processed in 346ms
[2026-08-24 09:32:50] [INFO] [db_pool] Transaction payload payload_hash=VaGC5bExHNq7f1OYoHqW+a0dPeWn3ZB6aNt8NnzHvMcWMNzSEmeeWWX0+ArP+g7mDTbUkILJnwAwJpY7z+UwOA== processed in 250ms
[2026-08-24 11:08:40] [DEBUG] [auth_service] Transaction payload payload_hash=/l0BrrJorSH+dIuzUQ7x8lo3ujJU70yaPCEUouzX09IgKUv6G0X5QhnuOHhJgtQdjcKcp/rqrnQxGvquFmOOvg== processed in 495ms
[2026-08-24 04:22:07] [ERROR] [api_router] Transaction payload payload_hash=xobHIfkK9NDM1n4qqcexOqXQS4h6Gvg+/dMdhmw7bazRUvebcPMeJF/DOcLO/sJJU4TP9tmMmMFimqA1tk7hOg== processed in 137ms
[2026-08-24 08:12:12] [WARN] [cache_layer] Transaction payload payload_hash=+cWE/wP/ysTkfr0INTaTvVdYvbB25dhsyMcBKkM8L6tk6A+fdXdqvdgSvaRUR739sGQDWZQofnYdUp66Ks0Gqw== processed in 132ms
[2026-08-24 04:32:53] [DEBUG] [api_router] Transaction payload payload_hash=tD21+Scnd/IHEpjxOUudW2UjTQhTFVDzgo2U1KKyVy8ylBqIiBLlD8jTwrQOUfy9hEMux6BkvSJJez5EpENuFg== processed in 359ms
[2026-08-24 06:50:47] [INFO] [auth_service] Transaction payload payload_hash=hJqRZU0p0Ro23ctaUM4NkS2uFAD8w6Cn1ihCSqI5rnpeUeDmDKiKCUbgU31RMfCwnOCIIKQU3MJX/VEhGYykUA== processed in 143ms
[2026-08-24 05:53:58] [DEBUG] [db_pool] Transaction payload payload_hash=Pr2CFpASaxVexvqjDKsCLkelQMS2YMIxwQDuxtqHnPNTNGB14ZnKKNf/NprLJwMSVEIPijaFP/GHVVvm0tVPZA== processed in 434ms
[2026-08-24 05:46:47] [DEBUG] [api_router] Transaction payload payload_hash=ipaCJuC4RU62led+N8GP3VjgT2YRQdKfT8XGyvjIg2DFHIpaf/HmbLEBIPYYUbuNusvjEz9mu/CB9G+as+LnPQ== processed in 329ms
[2026-08-24 04:37:31] [ERROR] [api_router] Transaction payload payload_hash=kvHqGJ+zSVZjY83nVKegdPBgTMry4iYeMYJZHBUoniti3UhHXg3+iw4oiIHrnzoE1N7PdT+65Sa9yp/4Lf7JHQ== processed in 383ms
[2026-08-24 06:42:39] [INFO] [auth_service] Transaction payload payload_hash=EMsIJULArZmNiLPGke+UwNBEP39KMYk3b1Osa4tw1jBpFonqeVHZt9scsPokdhbtXZW2P29cH8zJGtfX+CqqXQ== processed in 373ms
[2026-08-24 06:41:10] [WARN] [payment_gateway] Transaction payload payload_hash=qkHlKAN6YiBdAMfB1Z57tl4ZFkaAzUpBoQtmIUop4+geeiNWMYHliNe0t1n0l4XdtHuvrl+73/kVoCtYllxBuA== processed in 3ms
[2026-08-24 09:03:17] [WARN] [api_router] Transaction payload payload_hash=M44v340+ewvNiUWBmOWl9yeyWwOxQ92UpVlyKAsXc4nLNmSaUIvCeYLex/M49QZXhjek5Mb/slKt/xC8QNoNkQ== processed in 156ms
[2026-08-24 09:56:56] [DEBUG] [cache_layer] Transaction payload payload_hash=EjPivlw5ssqVsmMVVWQ82l2YF/N0F1rB2fFj5SRW5uoF2VEGkPUuMIHml1tUW535Kw3mBGjwBqhf7e/uWhR41g== processed in 83ms
[2026-08-24 09:49:23] [WARN] [db_pool] Transaction payload payload_hash=kIbHyrxS1lQKGrfx39XPdqWQ6sZewtwPg8OpNUH2OwY64zGmow4S5PSzhg5TnwsPENdPVK7HLthH3iQsDUlGUg== processed in 330ms
[2026-08-24 06:36:52] [INFO] [cache_layer] Transaction payload payload_hash=WwYDUy+VGJPMGUYtH42ZTYqrtS+U91bT8PdJAb/uKRlbeR4zvM1Z011Y8vMz92Ny1IMTSFICcSIx1hQJImYWAg== processed in 38ms
[2026-08-24 04:14:37] [ERROR] [api_router] Transaction payload payload_hash=f1EgUhHLmVjFaTEFik1Wx9C0VGj5z5XOBJwxjmFZtuoDrQjYryAnt10o52oFCihhUBZLa9+fWD+S4C2maGSOTA== processed in 9ms
[2026-08-24 10:09:00] [ERROR] [db_pool] Transaction payload payload_hash=Yya3Us4vQRL0LQKp1ZlUyNjTCkW9roze+W8Fb22HhuDawByvSsgLIrzX8jSshOJITsQT1CV/JrAqVrKeD9kPIg== processed in 149ms
[2026-08-24 05:01:13] [INFO] [cache_layer] Transaction payload payload_hash=w6XMG5CypZie3WSCQ9anh0tKPcVa6vaLUjN59cylR8IcvHFXDfTAZxNO1PBdXEKTyG7A023/4Rh+ow5V82U0Qw== processed in 113ms
[2026-08-24 04:12:46] [INFO] [auth_service] Transaction payload payload_hash=wZ1vAXVBobav/RhOWV47WpjroCQlTpQ5+WAv4eQxT8Fu8YrNzWewCwjKDuIaaKkc7V0NFIuUdGO/+g4RUVmLzA== processed in 380ms
[2026-08-24 07:23:23] [ERROR] [auth_service] Transaction payload payload_hash=queLKfUYpEZjnuxWvN2kqc+Jt8HTWibIRZdLBKYVoUSdcNwOJ5V1eSTieiEwsmxUOz8NbnyqSjcir+3fDT1I9w== processed in 156ms
[2026-08-24 10:00:51] [ERROR] [cache_layer] Transaction payload payload_hash=ItGTzszvMOlrnuYszcz6duRJO0JdzpYYFUKAmZXXIrmHfXkRRSdJcI7DyXzScfjTqhEEVtWC5LGf5GlG0rfpyA== processed in 199ms
[2026-08-24 09:23:58] [WARN] [payment_gateway] Transaction payload payload_hash=bJnR49pibChC/x+NvF4pJRohC+LjeQuq3g+OVOWkhb0alCFGgfbB6QuM/NpuVB0ymif/DM+Vg2YGeU2dwu49/w== processed in 407ms
[2026-08-24 06:41:58] [INFO] [db_pool] Transaction payload payload_hash=lwLVKFTSoiAouhqMxQM2dOH9XECrpiwmdGT3WOkWoOGlIpImqpV427KO6+P6be1WmrtmEHdN9T2q3xSMfMQvCA== processed in 307ms
[2026-08-24 10:49:40] [WARN] [auth_service] Transaction payload payload_hash=vScjANUzYJ1JeL5P7jGjjxKie1kA0X4iUzZlMx8fQ6Jz40+Zaj8ymMzHDijk2UWysaBLfS49+cif7KAaT63Pvw== processed in 481ms
[2026-08-24 05:37:37] [INFO] [auth_service] Transaction payload payload_hash=kvkpdgAeg/UifmoVAQpyuozUJ6NXkHNe4ppVMRHv5JUmTU2XJ+BfY70GjEu0OqdudfWPgU+vASwTZD56Gjf84g== processed in 150ms
[2026-08-24 02:24:11] [DEBUG] [api_router] Transaction payload payload_hash=bf3wiLQjTgW6pnnsGxUEodYzC9vnTcPiXO1k+y7znWutuhe1nKTAt7OtLxwd2Po/rkIRIUVtONJMlCYaRWaibQ== processed in 118ms
[2026-08-24 11:11:44] [DEBUG] [db_pool] Transaction payload payload_hash=XYm18o/N1u/YrOXLI+UwsSj1oy+CCvSM1CNhLui8ovD3ElESZJUWmPX7PXtLiJSzhWWGa2f42cWHldjnONqOpQ== processed in 68ms
[2026-08-24 06:44:37] [DEBUG] [db_pool] Transaction payload payload_hash=JIOx9EitukVPPfu5SXgK+7j4rc3JoYoiKVMggjngTt9aluHHWpgyIys7Rz0M8Z+QWl7jEdhWLj3MQFlSLgGOsQ== processed in 226ms
[2026-08-24 11:10:26] [DEBUG] [auth_service] Transaction payload payload_hash=8ZUdMr242DWp6OdwEoC2m7+z/HRTfYox5rFUmRodynjVKVV0XH0DPnuwbqB61RBkSxZKFqcpvoRaC9iA6ykY1w== processed in 301ms
[2026-08-24 08:31:21] [INFO] [db_pool] Transaction payload payload_hash=QRnik2s+PKM0D6C80c5tu0NzzOWeTt0nUfBerAk3+YngVSxz0hknWnBNwWsGbVx6cVc/GSvkQS8LWX2Xf/7R3Q== processed in 210ms
[2026-08-24 04:55:11] [ERROR] [payment_gateway] Transaction payload payload_hash=AxWfLSxSMIPXthF6ngS0G6hSXXaQhDKQioHGoEzAb3o8Wjr9vrEYCdaBHub+DXHINo0P6oGR+JP9C4DmkNM/0g== processed in 212ms
[2026-08-24 08:45:47] [DEBUG] [payment_gateway] Transaction payload payload_hash=cxAzU+XdKGEuWqq70ShuF4JJO0V1MgF1Ch40Hj5EgBtZk3TwC7xyZUw47UJ5mdrywVoIRprGZ9KYoK6LdsgH+w== processed in 246ms
[2026-08-24 06:40:30] [DEBUG] [api_router] Transaction payload payload_hash=g8vPJlMeWNbcrqAm4WNB7hV6i972/KBaYO2bEfLnmiNsSngyB6p5qFoWRE6TtXXqpI2yEWQUky5Ia4knbFHIdQ== processed in 42ms
[2026-08-24 05:02:00] [INFO] [auth_service] Transaction payload payload_hash=gLaVhUD7nN8eMldbGcos++Trv5iHnL5NeWsFoYASeZbgDelnhPJfP5NWiUsbOxZgboG/Se8hFFGIti8bWEWEig== processed in 106ms
[2026-08-24 08:24:07] [ERROR] [db_pool] Transaction payload payload_hash=ZMLLq5bh0eR+gqtjsuYH+JCHADtbYBArt7BGvjwT583oncuDbFQG+1tOKRJ0UyMkwfHdzEIIzYqsuYFm0dcw6w== processed in 117ms
[2026-08-24 06:43:14] [ERROR] [payment_gateway] Transaction payload payload_hash=M0Vk5EaLRfTlrXQA9yu/voYMk/KAEev0QE1V9VQL1X48fJqIjd8fFCFEHLS1FNUflYPJAiRzRMPdQnJtaGNOSQ== processed in 266ms
[2026-08-24 07:25:32] [DEBUG] [auth_service] Transaction payload payload_hash=JkQgRpsx3Sj8HyHkqvYVSsFftlSyCvjmKL1lkQXtqeSOBGtyNqbG+1ntjNYbaWEViR2E6WjKd9jkKJNqpbRBRg== processed in 483ms
[2026-08-24 04:38:28] [WARN] [db_pool] Transaction payload payload_hash=J0cC05mQCEiCBhKLmu3S1M1PZmIZn3cfipQrjVVyC/nHiog+N2fo3mRuf4HM4Kj4STn/E2YSwyEb+Mf5Mat4JA== processed in 186ms
[2026-08-24 05:36:55] [INFO] [auth_service] Transaction payload payload_hash=djqDbVlCSfRwWXQ+AoCXvGw9SuoFfg+3nFifCLVzxWVVbIyyio1Cq0rRrw9bhD47LgY/w2Tk8+RFIw4gM87Tqw== processed in 157ms
[2026-08-24 10:36:20] [DEBUG] [api_router] Transaction payload payload_hash=QnjjlGKNqI6rqiaxyKmlN8PfwSCGV02In8tv3vICv4gZWyoZLHUR6uQGFWJSh4p3kVHP0eelNC70qGKWb5jLow== processed in 122ms
[2026-08-24 02:44:24] [INFO] [db_pool] Transaction payload payload_hash=dUQ/q6fFap9FhxE7L7SjlRAfeM7OpH5KWjRxskyJDlYRmqHUBKkHMAqu9NdA7vb6+DZ4udjQ4a8hFE/KAJROSQ== processed in 136ms
[2026-08-24 04:23:13] [WARN] [api_router] Transaction payload payload_hash=67OOboqSA//yumYQ1QWZZ9SfUO2bDMtuElkngktuN9XeztsQ/6JHvdzS+VxLpfHFnz/0NBu0FZgdOv5Kh6yWxw== processed in 247ms
[2026-08-24 08:44:15] [ERROR] [cache_layer] Transaction payload payload_hash=pxc31hoZHLnkC/EASnQNQSoFZi3mfQGMS2Gw6kIcoNcQCPllWNvWwAfAScdFsEoHArUw81Q6yeoMGECbDl8iNQ== processed in 174ms
[2026-08-24 11:08:36] [ERROR] [cache_layer] Transaction payload payload_hash=dIc/XziQaNjdRiMBCx0wTYHZA8wR4NZe41cBAiIou0MP0gjlCyyG/PmvWt5nPaTBwmnvsI5OkmNTtcwF9m1TOQ== processed in 250ms
[2026-08-24 08:38:12] [ERROR] [payment_gateway] Transaction payload payload_hash=9Jshsp/R8O26vIEhzfEjJzyD/zwTJmgMd63NOcaRAR5Q+BjEQkZWvFhe3Lai4+JVAdilVuOrYIgFOXWyhm94qQ== processed in 447ms
[2026-08-24 10:08:57] [INFO] [auth_service] Transaction payload payload_hash=QkNwd2wxGXL9+Al4r7WleqJMe/xhejvZiDeuce3q59wlGvdiVNA2ILGMPZpjEcBZFoUbFY/8KaWzEaqjp2hVxg== processed in 77ms
[2026-08-24 03:21:06] [INFO] [payment_gateway] Transaction payload payload_hash=X/89gVx1vk/B0SET3FiiGCsQw8gI1QmA2rh9KwL3TABc+dlsHlVVRj9i3FEvH9B1F7E6b9X9h7Dn6NF1rtJxNQ== processed in 79ms
[2026-08-24 08:54:21] [INFO] [auth_service] Transaction payload payload_hash=BFsYa/gRfJGJhhseizh0tmVLHPxG0tuGuVMD5IkCPBVV8Gvo0xUEELmINzb5KJZyNw31iYt1MIrmJfSPVQEWrg== processed in 82ms
[2026-08-24 02:38:24] [WARN] [db_pool] Transaction payload payload_hash=wk4Fe5QiG/YvhgS67Tx0ej1sFFgqbQZRhFoc08KGXcdxGM57IZjyCgAiwXvXB5x5Hqjn2uGhVWULuoLgD7I3EA== processed in 312ms
[2026-08-24 05:13:09] [ERROR] [payment_gateway] Transaction payload payload_hash=ui2Pnh/G50UHrhfvZaAEmkO1YF1XUJWhbNtBsyYTBjPwj3H5iCm4u3WwcAmwe7F+5CVhTe5/dxIUuUKpp44iKg== processed in 241ms
[2026-08-24 07:43:11] [WARN] [cache_layer] Transaction payload payload_hash=wxl21xPq+MQL5apry9MGitwmFyVQcaeDznwYX+6trz9VxAHiTfSDSWVvMyYuuPu90iMdkdLOYeqcdSqH5tnIbw== processed in 176ms
[2026-08-24 09:29:25] [DEBUG] [auth_service] Transaction payload payload_hash=jRIZZnj37Udkby5D+XQyeYTeDLiK1Yl6pbnZZqB/cniEWgMRg+l7vWNOEeflc9AF201zQwOtS7wmkCx5ZbZjsg== processed in 463ms
[2026-08-24 04:10:11] [DEBUG] [payment_gateway] Transaction payload payload_hash=PFFtnA9zE+9ltAA7EjbRn1DfcDA3p+Cwt4mdNPlsVQl9n2m3I8ea3ePXIrnHdIY77snj1sNTmBTaZHUBzxZjIw== processed in 232ms
[2026-08-24 06:20:05] [DEBUG] [db_pool] Transaction payload payload_hash=OmKmNyGXMk+ewCM/CVQjPaiU0gyHrpeInM5zZ6jc9okPgtbvahhFp6tU85KXsw1ToQ6RODGmQ0KEFFokY8ENZg== processed in 324ms
[2026-08-24 03:04:00] [ERROR] [db_pool] Transaction payload payload_hash=xR4vPEUZ0fn75mtF1K2A6YbSoEv3acXHevV1iiNI82Yf1yUa6Rx/cEedUTun/8BAD3PXsYYRd1axXXiTB5lwkQ== processed in 214ms
[2026-08-24 09:45:02] [WARN] [auth_service] Transaction payload payload_hash=KZYh4N8onZhX2ANN5/9cOGXeb1BHrBRqZ+BSwtzx0T8TH22U/55yVe4Rvp6Av9YdUqN4cgTzdot2MCj2UMajfA== processed in 473ms
[2026-08-24 08:38:58] [INFO] [db_pool] Transaction payload payload_hash=ytRYgpbOLoNf/n8OVA1yaVSnxeJAnbwDPOTqa/uT2E69dIqzT8/Z22Ouuyzs2PdFMf/rNEiQeuvoNuMIvRGzoQ== processed in 254ms
[2026-08-24 10:43:37] [DEBUG] [auth_service] Transaction payload payload_hash=i/u+6pDYWMGl1y4N+QoAtya7TbP4gDYzPUcjVatkbdaYwfZFdScNSzr30/f1fINXF5oNsKF/1htIo1VNYSMDOw== processed in 439ms
[2026-08-24 02:16:31] [WARN] [db_pool] Transaction payload payload_hash=i0JfRu77RdlG7xtZ8541LSp2rNp0y+K9q3N50yG4hQsxN9EA1DAqRgCBSigGLI4lsduKVnf/L4q9uuJgtAR6Lw== processed in 69ms
[2026-08-24 04:32:51] [ERROR] [db_pool] Transaction payload payload_hash=7vczeWYkpI9d8IYKuiYf16xt5YbgyfWteik5AjatbqZeL8q7BIri2dW4RRDcUBo5s260D6ewNFoDitjsnHDorw== processed in 249ms
[2026-08-24 02:51:17] [ERROR] [payment_gateway] Transaction payload payload_hash=1rp17QytGF7oYccmqpth4sPXt5gJ/EzBfCds8WauBQxbXzIMY9qom4+N9F7tsiNRSz4uxLHVGW2t6i7ycFIFhA== processed in 419ms
[2026-08-24 04:56:35] [ERROR] [payment_gateway] Transaction payload payload_hash=EgoWy0ON4XuUrkkOdjhoElt9PuZY36SFt0p7OVKCiPMi4F5SZy9aibnlhakdWaauSMqSsyTHWB2OarK4xlI70g== processed in 414ms
[2026-08-24 07:56:12] [INFO] [payment_gateway] Transaction payload payload_hash=SQml6fW+uMvhJ6t00kKUvYA+AT16NIWJCAxNGN8P88YdJ9n8wGByo8eziWXD7wb7rFUpS+PjC8AODzrgSFRC/w== processed in 306ms
[2026-08-24 07:33:26] [ERROR] [auth_service] Transaction payload payload_hash=TFNFRCmjQHUUeo38Ys8g9+dj8Hsmr9M0xn5KzSqJFljpB5DXbNVwnbWeR3qN/6hpu/vEe8Epep38UGYhbYgYwQ== processed in 285ms
[2026-08-24 08:54:55] [INFO] [cache_layer] Transaction payload payload_hash=P7o/8cV17AJKHmOfBvTSdWkHF+nfwKVPdTdr91wZC0xv2TqXykM+DUhq9qTeEy+M+xl+mnHelIj5xQ/Ot8wlcA== processed in 414ms
[2026-08-24 04:36:30] [ERROR] [payment_gateway] Transaction payload payload_hash=kiHrN5ueY2vXbdzN6vSTPN6ZGgeX/UztXPcjkdcZnT7aDFcvEr4AAeuvoFm9HNF4WqiK/5fupIeP1bOJPcYQ3w== processed in 297ms
[2026-08-24 04:55:54] [DEBUG] [auth_service] Transaction payload payload_hash=a9FtKaUrqNjOOQHoY6bpUklthg/MQFqln+N7WSOP13h15BqFIe9BOdCvaKSouS5jtDmlZPgGTKvXa3pOO7N66w== processed in 12ms
[2026-08-24 09:48:33] [DEBUG] [api_router] Transaction payload payload_hash=69BTH+Cp4lglOvHORRPZQLV0JCMzglZNpr50uGtM7pJHDd2pOOpy5aEb7AMXPNeV8IFJnmsi6gAOSqRZyl/p7g== processed in 457ms
[2026-08-24 03:20:38] [DEBUG] [cache_layer] Transaction payload payload_hash=MPW86hNQYE4wPxNKaQhGx0jejZrMQKa6+2l9kLyXrdwMov2D2XmZT+DgBXryKV2CAVHunZJpUUnRfuCYOCGDNA== processed in 318ms
[2026-08-24 05:20:41] [INFO] [payment_gateway] Transaction payload payload_hash=bFD3ht98u5KNLOKIHu8UCialWLDl+2+nSkE+5kklLtHvQuhE7xOFpUO3Ko/FwzLk4/YrmT0Cj4grbzaF8XqlBQ== processed in 256ms
[2026-08-24 05:46:32] [DEBUG] [cache_layer] Transaction payload payload_hash=oJ9/CQfdvMXCpqrFy9PY1MqUDu2wUyXFEN00RhucsGdAB+fyiVZeAFXCEIt977BQFvTGgTgXz+ONmZBRNWX82w== processed in 489ms
[2026-08-24 04:36:41] [WARN] [db_pool] Transaction payload payload_hash=Q3E0UbcwkXVHgg3YBeZ2CRLPhcACdqWb9Bz+tMMum1hSegi5y7sSl0gFK1Ab6B2LD90aaFEuXLjVaWQBZIQBUg== processed in 88ms
[2026-08-24 11:05:01] [ERROR] [cache_layer] Transaction payload payload_hash=u+cvJ6kom4w9YFD5yZwuE7Gx92bdkYtmHb5rhec0WIUP3G1lXHX5uhVV+B/zAgMPLm31suUMlORwnKxGYdJhKw== processed in 206ms
[2026-08-24 07:51:22] [ERROR] [payment_gateway] Transaction payload payload_hash=E7R/yhQCeTpDCZ8Kqx/Ps6PdZHy0eYvI5KE4K6Jgua2kp0Uw466BeiuAAz5muqjJV268m6GgmeyvV8NMoHTRyQ== processed in 409ms
[2026-08-24 03:06:23] [DEBUG] [auth_service] Transaction payload payload_hash=OfP8OralyrGW/F/tlrJ4tsuHstVlL5ayzK2ff7WQWQxi0BCJo9TXm6aDwgBRBthHQaxOCdg0iGDN+3fkJCUrgw== processed in 499ms
[2026-08-24 05:32:11] [ERROR] [payment_gateway] Transaction payload payload_hash=/heVqrBB1xtSd28UwBrFH9xiH5u/AmIi4RPqzN9jMW+XXKMSwIH/EVnNrCjXhDTycd3q5x6FFH5HCaZf+ceL9g== processed in 387ms
[2026-08-24 07:47:31] [WARN] [api_router] Transaction payload payload_hash=TebkMecNyA22WISbbt6gvHFIAmOqPOOhanDpW/LJnwQwspn0L5P5elBVorqgzC1LqR4FDAo7lYpBIORmNbFtdQ== processed in 77ms
[2026-08-24 07:13:34] [DEBUG] [db_pool] Transaction payload payload_hash=bRBTMc2ddCAnj1vyZZ/sM8xh6wbGLC0GETjgaZSMsnENqYiqkm/BfxPaHkFeY6XFe2+cLmSKnFOnv+ZN+j7N+A== processed in 268ms
[2026-08-24 02:35:12] [DEBUG] [api_router] Transaction payload payload_hash=VBN+yph1jG3lfuC1pnXwy2VeV+Ax+V0Ym90/nHQDhQRMAfKy8gmg+GbWeCG8LI+xRB4bojQBomHrHnexk+gCjg== processed in 419ms
[2026-08-24 10:37:52] [INFO] [payment_gateway] Transaction payload payload_hash=mDTW6aj1poMTXhG2/la7hct/WhyaUP+LSeWsKj/udiLj/Dm2+EF4ALFvZaMmlGBSDhhWViQjCJVisUOTNZHsIw== processed in 374ms
[2026-08-24 05:52:18] [ERROR] [cache_layer] Transaction payload payload_hash=S5shztwN/7CoGTLeztaHMHBShLUAJKjSn9733YRIMwY3GaNJqXzizlHKkZn5sMSCN/EUq8qKPtxO8l0h45goAA== processed in 467ms
[2026-08-24 10:35:21] [DEBUG] [db_pool] Transaction payload payload_hash=kFg66INY10WVNV3MHxTiYhzcCJfhf52Q2n1PHK3xKQUFIL56n1oQq1YyxypgeGr43E6KGUBbKC1zwzgIhiPMcw== processed in 7ms
[2026-08-24 04:17:49] [WARN] [cache_layer] Transaction payload payload_hash=MCJqJ6QlCz9OxM44ccLRQlsdnZ91snIZezoChOBHeoMwgGea4Y/IMQcjYhV6C8JM8auduB0mtjLLmfvI2U2pww== processed in 167ms
[2026-08-24 05:22:57] [INFO] [payment_gateway] Transaction payload payload_hash=srW7YrAH/fq2mYATUfQD2cxUhhlNNFgV0Y4S0DnVhLx52TvrfBwddRfLU+p7LwUd4IjKDvVXddrKI3mymmMpww== processed in 181ms
[2026-08-24 07:04:26] [INFO] [db_pool] Transaction payload payload_hash=ztf6hmrXzMeglVjPsqWRayAxxIhfD6zP+4r4/sbf12ZmcXboSn8+MkmxWe3rI3vqpcPEZrGJQPhBFUTQl0GnkA== processed in 187ms
[2026-08-24 09:53:08] [WARN] [db_pool] Transaction payload payload_hash=NE1wnCP8pO2+cQqaGQzW9VbAmGOaQ8zUYmVJ4pxS0zcF6sLhAfMywYEMDxiT0Zb7ZVqDwHzdPUvRmztOQ5IFHA== processed in 161ms
[2026-08-24 11:10:33] [DEBUG] [db_pool] Transaction payload payload_hash=IAUDF8A9nr/ozpSqRbJQdaVqNhOzrjIM1WaNXX0Z2uchll1fsb4zNvQzYzNpMVy6gwXYF0krb1Mzkpac75sm3g== processed in 216ms
[2026-08-24 08:44:32] [DEBUG] [db_pool] Transaction payload payload_hash=ASojHgZtnuctz+bby1XhuSsn/FUJOq2hEsNlNojyZxXxrRNRJzq0VBf4JsNrS410F0ApLpg5dvZHoPGVn3E/OQ== processed in 185ms
[2026-08-24 04:46:03] [INFO] [api_router] Transaction payload payload_hash=FRA0EIKbw588jAcvnQ3wSHlgm8zjuu9qKaHqfrcEBJBEFixtTNBCyVMYopRd+YuuHD2pPkkBykrq/R0KiPKyRQ== processed in 134ms
[2026-08-24 05:31:03] [INFO] [api_router] Transaction payload payload_hash=BA4W2m3cvRgMeoFmOvq2YNCAmIQ3981mcJPpH9pVBiRjnsGYegC9O6POYeMwpwgJg8ltl8xpDRWf/Ck/KbJO8A== processed in 104ms
[2026-08-24 04:33:02] [WARN] [cache_layer] Transaction payload payload_hash=wDFa6ur+Y7HDGS325/9ly8z5Xg8wFkiHj/ZINxl/6OxjQvUH3W57BkSPP/aK5tSUg+Ed26CnlZNLJd0oHVwEhQ== processed in 266ms
[2026-08-24 04:35:42] [DEBUG] [cache_layer] Transaction payload payload_hash=ngN2etk4v7pBy8wy3n8JVIR/FohYiQweceEL5ITD0gT5tMeONcBH18hwHu6cbX64THLWZfmEj01RFHjF/CLoew== processed in 142ms
[2026-08-24 08:57:25] [WARN] [payment_gateway] Transaction payload payload_hash=DQPN9tKlyYVI8xVyZ9f1+ZCE4mtLxOSPC1gHo4eEoiJ/Nog6R/nFSp9YECKSq1Tw25IBiMRcv3KaD0vrcJ/66Q== processed in 308ms
[2026-08-24 07:05:25] [INFO] [api_router] Transaction payload payload_hash=VRIRgSRKjeG+W1JhpQo5JuU5nhByQ6s2orfQgK/LRInh7qYj19eF9FMw+O3xMo0vMenc4v850YizW8ymox1SQA== processed in 222ms
[2026-08-24 08:42:38] [DEBUG] [db_pool] Transaction payload payload_hash=BOvjXv9WIRtLJcC3WUBxs+Hvm9BPoaCRf0mA//JJSgPCoNGEA159th2RRor05lIOKuBYzU3QBGWYPgsZHxLiGg== processed in 421ms
[2026-08-24 10:29:28] [WARN] [cache_layer] Transaction payload payload_hash=tFVsxIx6ch0yUR/N0fgkQeBuhzY7AxEkh+VJl0hqalLaQenDjYOoroNYs9jzAGbm4uTKKb1t5A8BltSsWTUEZg== processed in 135ms
[2026-08-24 09:12:56] [INFO] [payment_gateway] Transaction payload payload_hash=1qzw4PZljCPIy4eKCGraz9xzCeIMM8ZMsQPn+M6ibnf4zgXRTp/2nKhSmD5eGGZ+5erNY//YCVUUXuZ8heRh2A== processed in 241ms
[2026-08-24 07:09:51] [INFO] [auth_service] Transaction payload payload_hash=fT4W97SDTuFRYAksIEv7efwX6Zh605jvDzw2Z0xvAOLU2r+wcXSBb1noXP1d/rr+FJgLSTsJdaqYA9A8ihaLBw== processed in 328ms
[2026-08-24 07:58:03] [ERROR] [api_router] Transaction payload payload_hash=tnM5OJbzlS2HIQT9V5JB2PUIsKgybAhcvGGjfJIW1iXu5/60tSQTcR2beYh1PmvpuqxO3C7Z0S6DGFRRKMP6yQ== processed in 475ms
[2026-08-24 10:55:21] [WARN] [payment_gateway] Transaction payload payload_hash=zJHNAQRJMXM0NvsYxDAo1C+IY//xUsyoW5D1rxktfTw3sxKD8YUseL2nGm3uaiKJoEXEufSgiYai3t8+pDulyQ== processed in 251ms
[2026-08-24 02:49:53] [INFO] [auth_service] Transaction payload payload_hash=n0u/g2LGp5J0V4vZxZqy5Wk03OU2Q0R1MSndmcLO2s6rCebCLG/Z4Co6kU5NjglbApu0yVG/9R59LJaX33xzrQ== processed in 464ms
[2026-08-24 07:16:03] [WARN] [api_router] Transaction payload payload_hash=B4ACpkOmWdpeVVb4EGpOfkG+qp8OZTre9NdWvzhqLr1dJvcQkny4LcC6csmerIpaJVchCh8MFUHCmunWJideDg== processed in 467ms
[2026-08-24 04:04:07] [WARN] [payment_gateway] Transaction payload payload_hash=0InQDO/8jFyz+lmmJnmANbl7pxPsPCoqKv7fjho55Hkk1Liy92gNTiPAhG4+Bd/OZnt4qIJ5JQH2oDag4MiyNQ== processed in 290ms
[2026-08-24 06:29:06] [INFO] [auth_service] Transaction payload payload_hash=kHMIBeaqnJOuQm2FhSxWHihFBWYbzeeS2YokVMrGG3RDbMwL7PcF0QTpYjxwoAbUND8U1mO/FN4xsey+NMlNvA== processed in 138ms
[2026-08-24 04:58:25] [ERROR] [payment_gateway] Transaction payload payload_hash=IQ5kepnzV7vjHZqge3wiLH81Inf6qNQq+uyq8Cr9H0zjeRWow+E9ftmS1O5qCSQTsaMKmSalyu8XEoqzwrW3IQ== processed in 300ms
[2026-08-24 10:36:44] [INFO] [auth_service] Transaction payload payload_hash=lcltb9Rg3k7Jbfu0PJlaaZ47RkN4L00OHwXak0QRZfLMcHbPXwxNMXzJxVwPKfpYi+LhATIvWJmcGQFHuFZacA== processed in 470ms
[2026-08-24 09:01:00] [INFO] [api_router] Transaction payload payload_hash=/tyfqHjzPUoCZ/P9naS6HLUYAOhL2gIqXmbuaMh7pnX9Gka9RW+6lCBHBWgmupRtJZtIyY/F6MmRxL3mnsWqiw== processed in 51ms
[2026-08-24 04:30:25] [WARN] [api_router] Transaction payload payload_hash=MuNJoU+EnNOPUO2PEtye9rsrmYpEzviZSoHoP33Anlyc75hGH95vcGabTXjtdkAsK+8eUKl7WBGaVrv9y+z12A== processed in 265ms
[2026-08-24 04:40:40] [WARN] [api_router] Transaction payload payload_hash=5VpdNs1ko9WooxIrmH4Ku/WWS6S+JdrXC1yEJqH3hxCKRP45Pln6CYF3BnB9xB0QbnOztnrjQA4y3N6x6RJhBw== processed in 311ms
[2026-08-24 08:53:11] [INFO] [payment_gateway] Transaction payload payload_hash=Mo7icSL60+prka7PtVNnbWJ5e2ThuPpK7xa6BFawOrksC7x5hEzfnZaPlxKYkiexMR5ZKlhdhOu4KHfZdR21NQ== processed in 228ms
[2026-08-24 05:58:04] [WARN] [auth_service] Transaction payload payload_hash=+w6BsiGD9bwTwiAVnHN8DeOae4aGTBJjIZyiP89Ptcg0iT5hfKp/gXFVU9wZHrbNMAWa7+smNP5MXKdfPc5Wsg== processed in 410ms
[2026-08-24 09:33:06] [DEBUG] [db_pool] Transaction payload payload_hash=GXWFVP/eqDxw6HkwM6PsmIRMlQ+DQoz+jBRDsmLjqftf0qV+9tYYEKuNmFsYzPThKG96CcNtEDHwfA0nbzaYww== processed in 87ms
[2026-08-24 05:56:00] [DEBUG] [payment_gateway] Transaction payload payload_hash=Z7yPx+dPLGgYncrbOeETpRM2Ys0t1V8KmYYEw9oLFK2hqlKiCZQpTUuyUSs4S43bZNTwQLEyTtLu39hy13n4iw== processed in 274ms
[2026-08-24 08:27:36] [DEBUG] [payment_gateway] Transaction payload payload_hash=R3ICazHJqDtM3rW33cxqxbzajUzTjVAVKEz99J8UzDyt+/6L85UATAjv1EBg1j6C7WB3EfGcE5R/pHJk6EPktw== processed in 499ms
[2026-08-24 06:59:52] [WARN] [api_router] Transaction payload payload_hash=i1r7Dz6zqF4+wvnL8FxgPUmP6+YSqComyoLQD21H4HcELDkzAnnH1EgvaIph5ygGPVru+a/h3pVFVPMHbeWZ2A== processed in 445ms
[2026-08-24 09:51:31] [WARN] [db_pool] Transaction payload payload_hash=oQWlHpH/UiwTyXlj3HzBPpQthkQC9lAIJFnoXL7opt2O4pIG60ith85iPZdKr8jwGRRZocxftk5MN3p2rHr7+g== processed in 224ms
[2026-08-24 06:26:56] [INFO] [db_pool] Transaction payload payload_hash=56cdcEUuGU4PRHRg/QLAH6Nw2of846j4Xwg/P8CPiH69qWJkxkzSgz7JkJU0ivzXXFWvzK5rSgrzdH9M+Gs08A== processed in 21ms
[2026-08-24 08:28:38] [WARN] [api_router] Transaction payload payload_hash=CDbPzbRwv3d1y4J1E9m35565MLwelf0MwB5zi+RVpTdb62bsVPdqFVaeYgFYUyfkE7ISYym0XoDWhQe5s6RFyQ== processed in 97ms
[2026-08-24 04:49:08] [DEBUG] [payment_gateway] Transaction payload payload_hash=3JdD7pRQiM+0h2b1G8ovAKz+omaof2CVE4qRhIjX66ZQTvZZEt9+kF9nLl7RMQyTJQU52fk9cL69l3JUaonUlQ== processed in 96ms
[2026-08-24 08:57:43] [WARN] [db_pool] Transaction payload payload_hash=O3MTWqHjtSAbfyZ3kJvwFp8lCgHAQJ2eCJ5ZIFc+cgbhTsL6WJHb8DXKK+t7QumsJTpc4Zfmt8lp5Jjkre/EpQ== processed in 31ms
[2026-08-24 03:15:27] [INFO] [db_pool] Transaction payload payload_hash=Ege5HNM6Z7qQIVplfkWtVxXPEsEdoUXBACMwTlbv18DmP5kARyWcF7qdrkFp3JBfB4yWfOswdO3+SC38aqwvIA== processed in 397ms
[2026-08-24 03:35:33] [ERROR] [payment_gateway] Transaction payload payload_hash=jr3WCXurhg0A+5rl2qqW09J2Qz5ZPC2GpsTtGOVPyvqq07AvEBra0vKCmLqHBqiEvtUhIA2EHZDYhHzKCUTlmw== processed in 225ms
[2026-08-24 03:29:10] [DEBUG] [payment_gateway] Transaction payload payload_hash=0Of6UHyeHVrFYgivpjLh3FgdLdezJ7+AyKlg7qtUjWK4NhPXlVnYpXc42Mc819O0Jh6ts0XhXkw3eFJarwyCeg== processed in 359ms
[2026-08-24 08:16:58] [DEBUG] [auth_service] Transaction payload payload_hash=uWT/+GSCpD6Q3Cy1Lp/53BI25dHcOdRgl8n8kkOtgC/97uArKA2PQsJbyPTPu9z6cHxxHTltS1JlfLc/Kz4hxQ== processed in 107ms
[2026-08-24 02:32:24] [ERROR] [auth_service] Transaction payload payload_hash=F89mo+0XbbkbJvqvUnVhOIa+KfeYnrWDsaF561rgIidSGMdf8j0Dt3ypvCk+j/ZaJzmoV973bqcku+9D7rn+bQ== processed in 362ms
[2026-08-24 07:53:55] [DEBUG] [payment_gateway] Transaction payload payload_hash=9RBzFIq1O3M8ya3uE/gvbPAKElCBd8hsyxS+Cj9KZl9dt9pDDMTJKzHhRUFVSkLmP3XMXfyLFnCJpVfmC3VdOg== processed in 119ms
[2026-08-24 10:38:58] [INFO] [cache_layer] Transaction payload payload_hash=lOPWOXr3ETiniQqub3haMZQRae+o3Vwy+pYCTnZ10tw/s7UMVVobQ+NNVYH0r8KH22Aa2sM7Hn69HztIXmfWnw== processed in 147ms
[2026-08-24 04:24:52] [INFO] [db_pool] Transaction payload payload_hash=twZm4K/JjLCAtDQvcnDX9EjV2Vg+PfnHU3G+r3NVrUVQeB32xNr3bx4Dsf4LKWO+aVMQpUw5OaMGza15Y4wpDQ== processed in 127ms
[2026-08-24 05:38:13] [WARN] [db_pool] Transaction payload payload_hash=YDxxST3EQwUGrTwI+KNhJXGw10tNu884debgeUUiWWPpC9wTcFB/4kPWmq70VdlVkAjerR32WFA5ej6/koBSVw== processed in 252ms
[2026-08-24 09:01:35] [INFO] [payment_gateway] Transaction payload payload_hash=GEfKSMWOsgTlguj5VjK2LxC96KG1JvE6NkKMfRmFq/F/z4KVdvZn/DUxMaYWiyRhProec8egsXmlZQuA6ePFaw== processed in 234ms
[2026-08-24 03:45:02] [DEBUG] [auth_service] Transaction payload payload_hash=Xo+dY44VNYs4lg4AMyH916W+iAMuJpFc/H6pdjYHg6WDjWXUJ3WomAAi4B3etqiHPlz1Vx0SfjZ8RRIdBbMN3A== processed in 64ms
[2026-08-24 07:17:01] [ERROR] [api_router] Transaction payload payload_hash=G1FrQBTCN80aDxhujPXmdIDEzLPyEbmT1w+Um0a6zF1NgUTKXAhknkZ9qNKPgyUhFPfReqmSqKbLJzLSuxOMSQ== processed in 134ms
[2026-08-24 04:41:46] [DEBUG] [api_router] Transaction payload payload_hash=VhZtnLRggsX7haUO6wYWQkz/plPYMnvzswisDxFC7LdcZG7kI+haI25/Aq4qFjKoS+qFHKf28dD6R9Mhe85ZIw== processed in 200ms
[2026-08-24 11:02:58] [WARN] [db_pool] Transaction payload payload_hash=4+cbm1VT4Ws+dRytJS0P2oAQhaJTOTHKPfitVcTkPVLyCsWBPfNU5pS0jiA003l3C+LlZY5PQcqm3/zzSNvJAg== processed in 423ms
[2026-08-24 04:45:14] [ERROR] [cache_layer] Transaction payload payload_hash=iBUXQwd5j5fBcgFnjmxn9NM6IVrAj28xRoyzXJy1StT80MV4y9ulQBHUTrTyWzZ7cnSVCzhgIoeFYRhe7VNGYQ== processed in 474ms
[2026-08-24 04:54:35] [ERROR] [cache_layer] Transaction payload payload_hash=pPGHOCBW06iQWe/2rVU83ETs+GWsd9SUsMtifYGtLDIQlbrDdsavmktpmKAY1x/Cu2bwUCI1VcEBu3ynN2Iceg== processed in 497ms
[2026-08-24 02:32:56] [ERROR] [db_pool] Transaction payload payload_hash=VvqSQyKLMBPITXGQTrYqnLZAB6bmcmsis2zLon4whrn6e1qNgaxy8jOWiq36wG5fXbb9Ok+FPjC8j6VNUNKyhA== processed in 295ms
[2026-08-24 10:07:29] [INFO] [payment_gateway] Transaction payload payload_hash=uAN5Lee3bI7i/fO7HmqcvPKvNUgVolDT12gK3YbqTFM8BJVKJx+axIFwgUqHNZqt3ilLFL1DMtG+L9hUMDxCaA== processed in 328ms
[2026-08-24 04:01:08] [DEBUG] [auth_service] Transaction payload payload_hash=Y0HZaNNia59+lSi58ZfUgGJoQiNMIxyj5V30RWLFZZ8NlXfbE/ixFiYpwpdKY02OoEtFQpDGpfnp4hf+atJNcA== processed in 21ms
[2026-08-24 04:31:56] [INFO] [payment_gateway] Transaction payload payload_hash=icL4shHaqGP2gjsbTFYeqc5aatpk18WXY5Uq0mZf8f61y1E5Th4k36N3khMauIfgKc/7OdcRwv+wfTc5FMqFTw== processed in 89ms
[2026-08-24 07:35:18] [WARN] [cache_layer] Transaction payload payload_hash=ZQtjgTpWIpZB0v0zsFxYKMHxrEpI9MiuxEOQR4g6EWt183byLh1R1LMPBjQOi1dqjTCRwtRQBTAUKIO8zoVqLQ== processed in 155ms
[2026-08-24 10:09:20] [WARN] [payment_gateway] Transaction payload payload_hash=1DX4J+b2eT5u/BfExwyFKhirPeksgsUSVDsBnZharGEGC4AM1Y5tAxS4UfziBjcT3uY8IeTKKtiMV9UioPu0Nw== processed in 80ms
[2026-08-24 11:16:04] [WARN] [db_pool] Transaction payload payload_hash=z1z+AxkwGb3BxwLaB8jPKgysBlSkPlujefT3DtXCh291uJseQbFe3rTFkMGHRbvD/Ak+dAIbKUyBPECOOjoJZg== processed in 321ms
[2026-08-24 07:33:23] [DEBUG] [payment_gateway] Transaction payload payload_hash=zNRqaPVKsiKCEbLzIrb3KbU8qrxdDnqd08w9xkraKxVyNNZZkOmXBSqhpDRznrpVwQx6YKufn8G72MXcaY/PkA== processed in 49ms
[2026-08-24 08:53:54] [ERROR] [cache_layer] Transaction payload payload_hash=3d7bmA6mJaVezZOoUgzMuqAQhihDosOipg+YSrR6HRhtDfeIgQe3BzSZd0KnoT3BK9oNXscNOgC6Tzz0ifaMkg== processed in 117ms
[2026-08-24 02:46:51] [ERROR] [api_router] Transaction payload payload_hash=H//sdwyyib+Zh6sP6Tkvbkd/+eV3wpNGgGdBsSIyGBrwDNdq+bPWyd2Iq8Sf4O4oyTE0c8Y56uwQPWevlGy3kA== processed in 77ms
[2026-08-24 11:17:42] [INFO] [auth_service] Transaction payload payload_hash=gEt8yj1fUxpIHc9CUqbSIwZNreyw+hbvMWYteo3SuB16F5nm0So6Hu9K05TKzUrE3aay9ajWT2QvAOKrmI+zbA== processed in 477ms
[2026-08-24 10:09:49] [WARN] [api_router] Transaction payload payload_hash=7Dk/lij2yrhyoTllal6HPlM8af5Q1z1DNTyRufv/jdp6Klr2zfC2lV573/SpU8v5Q8fLubeUHZpwrvBsxtKkAQ== processed in 153ms
[2026-08-24 03:18:18] [INFO] [auth_service] Transaction payload payload_hash=VG+41kbRfxmK9SJnjr6NBCLpxA5mQLHA6QGFSUjOBl1p1Bls+wwoxZeol0R1FJMhlbUf5ORfdJ5/kVdqJD3wLA== processed in 201ms
[2026-08-24 05:09:55] [ERROR] [payment_gateway] Transaction payload payload_hash=eWPO2AKkgcdG1aAFLj0TBOyZS8mLaovLsX29rt6HY51xNd5OgwGXa5D47tWnbIpjdAhqbciMga6lV7mhwr+XSQ== processed in 335ms
[2026-08-24 08:31:30] [DEBUG] [auth_service] Transaction payload payload_hash=k6OKm2taVDle/+qQEhRv4ZQ2weC5oxX7uzCYgaA9DQGW/nOjcio75Byi/o04vwJOxRUcX31YHYS9ogR70FVabg== processed in 397ms
[2026-08-24 10:15:14] [ERROR] [payment_gateway] Transaction payload payload_hash=/kGKmob1cvhyYvUlFCEqtbcuPvpejgIvu6TQqirpsRKa9erIVyIYLGPLG0VJyUIxc/mx6qhVz1ybpZPPdK7SPQ== processed in 62ms
[2026-08-24 10:11:22] [ERROR] [auth_service] Transaction payload payload_hash=SzHMypzhKiCLCCU1Fi62jbfUfn6qNTUJTrvF6jNvCCJi6f8pBybCesauKH7i868x+6c/z6qoX3DX8HxtORcOnQ== processed in 87ms
[2026-08-24 06:19:16] [WARN] [auth_service] Transaction payload payload_hash=4JiqNwUNYYA4uEU4fuvx783YKmQoqN9aV+QQQ95nv9o5+E8B62HqDEWlGj9qWe4TiL5eJyRBHFZbg/r9VTb9hg== processed in 132ms
[2026-08-24 04:27:28] [INFO] [payment_gateway] Transaction payload payload_hash=no0rx4/m5+vAqEzZi6EhQRV4XXaKN5KEyFnKyeqvYWs6TeMhctViosiJA4TMlB0lb9UhFvh9f4ipbCumF6/usw== processed in 286ms
[2026-08-24 10:03:58] [WARN] [auth_service] Transaction payload payload_hash=irysPGGqMJ/RBgXoWlu2x1ORaErNia0mmW1ewv7+FvA+bKZ2BG7zRPAWSbHj+RpdZxKho/9gTJHE/P8N/Og53w== processed in 39ms
[2026-08-24 03:08:00] [ERROR] [payment_gateway] Transaction payload payload_hash=o4XVezM++8pYaybkVS9vgVguUkBzxwJ6TqS+P1TCIfqXNH8VaVBIMJymnRPyhRsI9ezGaQlk+N4IIp0zjskXow== processed in 323ms
[2026-08-24 04:56:17] [INFO] [auth_service] Transaction payload payload_hash=v9YZZ4Wldjjc/QZzEY335A7IWByfNj4wWuv5oVDX4o4w9eo8WdFJF7nC4bvc6zAUo+Bi37wG2OdpNGr0OHt0vA== processed in 56ms
[2026-08-24 09:27:57] [ERROR] [auth_service] Transaction payload payload_hash=65Xq7ednWisSzeCyCqeGZTYpfIenQWBQdww5lwF7AxBp4USZZQBL30kavn7w7HtHruN/mP8oj4SnmzWIyTfRdg== processed in 394ms
[2026-08-24 03:14:01] [DEBUG] [auth_service] Transaction payload payload_hash=gUYzCUHUtkYVdXpAbd6uqvpaJ5ngYt9AnmINz/ldAoY0aaPhgRWQl9wHEZm1Sa9jS3V+i+gKnMtpliSVDmbJcA== processed in 227ms
[2026-08-24 05:18:24] [WARN] [auth_service] Transaction payload payload_hash=4Wt7IC1SGPHyW9APn09lXhu+UwQt8crkm9Ym2v5HNyQWskA8w/muUqoRtTuIsTtb5ogU+JfL2+RWxS+J2D7/0A== processed in 103ms
[2026-08-24 07:13:48] [WARN] [cache_layer] Transaction payload payload_hash=tZWvunMjSZXcSqpB3vYYFMw+5p1RUdoVCr+g9/7tP4z4jhbypp/mFy5l9gRl+GVYRMwkkgnLKN2HUTUp4YI5qg== processed in 353ms
[2026-08-24 06:41:41] [INFO] [payment_gateway] Transaction payload payload_hash=LIbGtnzMQ9GnCpYMsqMCllUDu2gKV2ew5TtDVoK6DISYRNwSplclz0lhTgLG8Q9HQ1wLz5Fjw411Xet8kr2vMQ== processed in 473ms
[2026-08-24 09:54:32] [INFO] [db_pool] Transaction payload payload_hash=YXL0fVro0O4mKloAMh5AR2C+t4BPXql69Z94BsepnEMGqiGqSnDzQbwZKV3cUvThG4fLbk4fh/Tg4LMPeqMq7g== processed in 441ms
[2026-08-24 05:12:46] [ERROR] [cache_layer] Transaction payload payload_hash=CI/J2/ppmWcYf6G2kjpxT2SYpKtB4yNmu70Iz076OZYQOZJcfvOzcV+vMF4thrQ3z7dqd5VJNHSsU/OwdAMKjQ== processed in 358ms
[2026-08-24 08:25:58] [WARN] [api_router] Transaction payload payload_hash=P/rCCdMNdcxJ6VX22WIVpb7oM8Zs3YncDa4iceU/i/lJ2uYUEpJU3x7AUmzOnbUu8AaFrPLF9H7GzQSUGEUUdg== processed in 498ms
[2026-08-24 03:25:19] [ERROR] [payment_gateway] Transaction payload payload_hash=BPWM4HRE17MUSFKki148Gz3rmG/M7TXY0+5o+AKt3wNCztJSUNE/3jv1FGmlwLBoNLxTR8A7O9qh+8qDa81/3A== processed in 171ms
[2026-08-24 02:27:18] [DEBUG] [cache_layer] Transaction payload payload_hash=vg2aVpYEnSDdxrzEO2f/sStDKZrEHE67SX/bYlzg2XFvy+xrlUZQ05+xykE7y5rV/ozqpBY5qoILpqZKMmJB/g== processed in 395ms
[2026-08-24 03:27:11] [ERROR] [cache_layer] Transaction payload payload_hash=7L43R8NT61C1afs9L1zduRl4+4YQLHzhsKeqt57bJdyhpEA6CwqesoW+u1nsiehpBawbotRi/OVqnbKL3vb+9Q== processed in 291ms
[2026-08-24 03:13:16] [INFO] [db_pool] Transaction payload payload_hash=3pnhj0tt4GF7HWuUOxtkULwc8+jr/GCUlF8pmSVwy/s4zw5ItddK4takI9cuclt/VOD6jIuntEUL2S7IQv4YsA== processed in 232ms
[2026-08-24 02:56:34] [INFO] [db_pool] Transaction payload payload_hash=L5kbYc9vOLA7Myk3OB0L2taRonoPJgIHjK/3m7hkqUghCoALGGu47QeA4/CFu5hXzEZ9kXMUSvP9fPYWb51d2A== processed in 438ms
[2026-08-24 03:52:18] [ERROR] [cache_layer] Transaction payload payload_hash=1kQ0TtrfJGPoGbCVfjsaX47bSeIZfd3GpU6lKwlRk/OEq+TPV3t0rByoa/2Kq9+GB6nVVKVFDUohzMY5yrCYNg== processed in 367ms
[2026-08-24 06:02:14] [ERROR] [payment_gateway] Transaction payload payload_hash=6G5ADxxD7xKWKiVxMR88fdtlXWwixvdG8Vn5ggFY4JwwJ8K/sR1CgtcnQj4gqJOu8mikbShMHagVsBUV5QPXnQ== processed in 141ms
[2026-08-24 08:25:44] [DEBUG] [auth_service] Transaction payload payload_hash=VfCn6+LQAngT3NUcdbUVlH2qWsegl6jEHlo7flqQKN7CMyKWimqDq3UiAUGxGRfE/yqaRRdKm/ID8m0tiNWTmg== processed in 79ms
[2026-08-24 08:51:42] [INFO] [auth_service] Transaction payload payload_hash=KI3xL6B8rooe/juP16+QaY9ZRg7v8d2mn4wXlXfwfU1jsPsYxCJZUiYTLZCZlv4wwAfhHAb/hClmJMWOtaSFTA== processed in 470ms
[2026-08-24 03:47:51] [ERROR] [api_router] Transaction payload payload_hash=kcDuuZhFr+PmtTdUH510CyXPbuXmRAoHLUfMx7xZHURfBPIejFJ4YxsYiNjUAYatAog/Km3BcdSq/v37Ite2Qw== processed in 98ms
[2026-08-24 06:18:40] [ERROR] [auth_service] Transaction payload payload_hash=34lPeJnVpfoFR9QUf/23AxAOl/28bkX6wQV2Qrk14DL5afScIcHGGWsspQHyOPkGxWvOMlB3A8ir2ku8aI9IHw== processed in 307ms
[2026-08-24 06:49:31] [WARN] [api_router] Transaction payload payload_hash=au/lG7DmXw0EEgG0fM0EdrD8V89gL84XZoiWZTOwPack3aX4ebz7FhEk8JOwVnWR3bMM++ttFnJAc52RcEvmog== processed in 228ms
[2026-08-24 03:20:29] [INFO] [db_pool] Transaction payload payload_hash=aZbql98i0NKhO1WSVblQdNpwlhly2isg4EFvZoU2aLaG0b7yxqCkm9DXXObGBrh5hw9BdiQnkBwNuIqIX+iE5Q== processed in 357ms
[2026-08-24 06:52:22] [INFO] [db_pool] Transaction payload payload_hash=Em7RMSj7F98h5RCHyHxy020VcN2hlGgiANuDY4jcA9/qFPEnz4HTQTxTsvnIIM07L65VhnVRoNQbbxodzgUf0w== processed in 468ms
[2026-08-24 08:47:35] [ERROR] [api_router] Transaction payload payload_hash=iVqxha3YaNpgCILe2fj4k3smDqZLHm0lHTljiU86zyg6PbeSDTh35qOAcBQi9uFpuCXoYLty/SAe7usxXCWJ0Q== processed in 153ms
[2026-08-24 08:09:40] [WARN] [payment_gateway] Transaction payload payload_hash=+2pZFgw7t3XSSDqgiIQs2OdiGl2E7C6H4nJwAfO/KCiSgAGfcGheEKz6nqH1FiEgyr0m5L/gdWyVLgX4bUbSwg== processed in 298ms
[2026-08-24 06:51:44] [DEBUG] [db_pool] Transaction payload payload_hash=LFaUin/3JrwI7GQqrnoGuOzNQNCuXu6GgTncKLqspnJBJEjIKyhcsVf5m6emgNdXJZlT9FgRBEbv2GBYP66WgQ== processed in 437ms
[2026-08-24 10:15:20] [INFO] [db_pool] Transaction payload payload_hash=JBBk9sx0EBy3bJ/bestA/Qi/OSWixeXqswUd9vHQmvqXtydmoT0PGOWu3B7Ppb2vH+3iF2AXp8JY2D53p2lB2w== processed in 448ms
[2026-08-24 02:21:02] [WARN] [api_router] Transaction payload payload_hash=n+3q4nsUJMRq/mtsRvLp290DlxUQW6QgPoXG5wtZmCnc/I898hE2KwMORReSTbvn1EMMPGqAdy/7PibcC9oNgQ== processed in 254ms
[2026-08-24 06:06:07] [ERROR] [db_pool] Transaction payload payload_hash=IlTvxWf4ULxPGKk/ZMWBHkCDabqq/I4ewYE0CFm4YoqydzPkoxfzCxrkODW0PWqs/3RY6a4MYOVZipuwnRJLmA== processed in 291ms
[2026-08-24 06:42:49] [DEBUG] [db_pool] Transaction payload payload_hash=zFQtICxezeLm2i5OxZHgYVGGVKKnA7SYIfHmapiRpm1AhQYkZ13BX0PHnNunnkDx/5Fje3AZ1DP+YEqhlKuVSA== processed in 131ms
[2026-08-24 05:33:39] [DEBUG] [cache_layer] Transaction payload payload_hash=TakWTsRLwtB/p3VXQorau/l5z2RDPN6eSXUUdvz+7+ve4ESdKNPROxDUXw41pmSOS6UQZTSJ88jnS99ipdIZVw== processed in 317ms
[2026-08-24 08:46:36] [ERROR] [payment_gateway] Transaction payload payload_hash=/mFC0txhA8JBJjcP7CuWj/jvxdyK4Dkq1VZeIOWQjrWriALovklJk+504QyCQ6LEs19KYRmiAP9L6/IwekOmOg== processed in 191ms
[2026-08-24 06:44:43] [DEBUG] [cache_layer] Transaction payload payload_hash=idcbqbBVZN7b9FNAghFEI53cgDa+clWN8q4es/x4pw+9rcjPXGWGgNan+GU+F3f5IFjCvjyXQgKPqD+gpqxjVA== processed in 479ms
[2026-08-24 10:43:55] [INFO] [payment_gateway] Transaction payload payload_hash=SO5Vm1MpjUj85Lhypks1LMgT+VE+965z6BZwlpwWOS1NIFqgW6ghCrmAiA2tK9fbhpqY+PcDI5V3JtxJsNGs/g== processed in 113ms
[2026-08-24 11:02:23] [WARN] [auth_service] Transaction payload payload_hash=xjinBEBJGKOOYnGByUtb+AEj9nqRJu7xi/EdgmWodG86PhjUCyOlwIfCBfXFM0lz+iq2oxVpNfOeU5qAlI7EKw== processed in 1ms
[2026-08-24 09:06:27] [INFO] [api_router] Transaction payload payload_hash=tlK0ZSeUJXYe4DRFsEfAYR3HsfJ42aMlXiFREqJzQKkTxFSloeh8+S4XqftOf3d9Xf8DGZIEuppsCp+QahfCQA== processed in 223ms
[2026-08-24 06:10:52] [WARN] [api_router] Transaction payload payload_hash=/eYnDXLi5EMsf2t4cEMZsKV+ZvqmrYeekgj2FbyeUTJsCHyjxQ05N9rpYKbjGmHfPDgxZ2nmsne/PNPsjOMIsQ== processed in 385ms
[2026-08-24 09:39:40] [ERROR] [payment_gateway] Transaction payload payload_hash=N7BHyNPh0nNxL44LMrW5LCh8z9PX3ygSPouqqyv26s7bRZ7jlNOfUQJ+CU31oqW32ZcHNfaPnJd8aeC0Ju519w== processed in 336ms
[2026-08-24 04:40:22] [INFO] [api_router] Transaction payload payload_hash=TkrJDC0orqdyhv3kprcgBv+HMDbAQ8UoQbCpXpdezj9w3bV6jbIlbFB1/HP1+uasnOZqe6QzZshELIJjTtT8ow== processed in 301ms
[2026-08-24 09:48:00] [WARN] [auth_service] Transaction payload payload_hash=38F9rX2IquK8Q77CkKLwNJXTfSJ+JyfK3b8U+6j/GP6SMF0VuHInEDEUrYM+p4iOqI7cIB3zgleIe0NA9K1EQQ== processed in 382ms
[2026-08-24 09:19:06] [INFO] [cache_layer] Transaction payload payload_hash=rR07t8tt6fLZlWj4hl9aAW5O4Ew3Gns9R2CqiFnOuhD8NRa8XPHF72a6dSFulbI9F68eI1LszANJ2fuKk2jdFw== processed in 30ms
[2026-08-24 05:57:22] [ERROR] [payment_gateway] Transaction payload payload_hash=W2lMvQF9RLBEE/63Alttr5QsafDq4caxPUSSPZFkyy3I1MF5lSSZ7mJy81l1frYZ4XyZr5gGuyMKnbcjtiiW/g== processed in 401ms
[2026-08-24 06:17:19] [ERROR] [api_router] Transaction payload payload_hash=EAMbKlgDQ9hfWm3YnkLj1TR4ra7pFb4rLSE/lsZVyBtw6R+1/YlN+UVdE09rQLiQoXOyTFj/ibIPek/vEMkTSA== processed in 80ms
[2026-08-24 02:59:08] [INFO] [db_pool] Transaction payload payload_hash=PNMZ6nQjc1DAOUYIQFuU4MYD3etqJP+UeYJQ0haq1zWr+RaT2dijMHgDXLxM58hhuaTSH3v6V5XlswlwYppv9w== processed in 288ms
[2026-08-24 06:21:16] [INFO] [auth_service] Transaction payload payload_hash=YzyjqRtQgSSQ9XwL/2n28QS9KPo+XwTUV16DfXTTaMsikQi4xf6B8jDKKGolRuSxfuE6mULwY+O65WarnDsrjA== processed in 229ms
[2026-08-24 06:50:34] [INFO] [api_router] Transaction payload payload_hash=ODE/VVZcJg6J8f8tolzzB5M/gkhWzs5Z8ghDtcLSNtwdlIVv867qEpUsGlj3ANN/qNKsmdamWSgCP6U97KxKqQ== processed in 46ms
[2026-08-24 08:57:44] [DEBUG] [api_router] Transaction payload payload_hash=uDsJ1u2ooifFY/BwpHvqxu5xx2OUOuS9xlPL3/fplUF7fLGOw13En83NE2YKGSipNMLP3EdFi+uIxO8QPTU1bg== processed in 387ms
[2026-08-24 03:14:35] [WARN] [cache_layer] Transaction payload payload_hash=W0pn8+DsJ0LRXPLIyOocqAnODoHBr8iijb4J1rurIMPR8CrANqqS2y6wgEgC7zfehiUPVGFoYOLlCZ+94hGcpg== processed in 252ms
[2026-08-24 10:42:40] [DEBUG] [db_pool] Transaction payload payload_hash=akBZJBw0ijKr4tkB0hSVvWbC0C8I5XpQFIc7aY0XWuC1wy61euml+EOlI4mDZFqOBLuos0DmD2xjEG2pkaDmQQ== processed in 387ms
[2026-08-24 11:18:23] [ERROR] [cache_layer] Transaction payload payload_hash=IJYKYNrHeTjLukukrjqtmm6ywIrH81lISGgfvlgdzCXXZMWjr5UrVpg8cU4088Zo/9pe5lad02AykA1gbBEsZA== processed in 108ms
[2026-08-24 07:40:16] [DEBUG] [auth_service] Transaction payload payload_hash=8kEPy3CN2lofaItZ0VqC4Y5uLz2cbuow7SbKSX+KAjXN/8SDaJeRscrmGD6WQf5R1nrZptkn8SFvIpiAQyygEA== processed in 391ms
[2026-08-24 03:16:22] [ERROR] [payment_gateway] Transaction payload payload_hash=3kUT35n/AhBc7wZOBDIMtkeRYfBt2YC60unJf0wtkkqGuuu6S57bojGzztSg1HQXHNBcoPmwQoDelsyYWJeC6w== processed in 302ms
[2026-08-24 09:36:42] [INFO] [api_router] Transaction payload payload_hash=TJMg60PSqswJVdvE0MEjx6Hwzcn1Fnc7HhTp8/lxMvgPBmVztfF5z/gFpXKORQWedrz16IgKeMAfOS7MHzB/kA== processed in 26ms
[2026-08-24 02:17:58] [ERROR] [db_pool] Transaction payload payload_hash=aHjEAMZhuLlzk1XvqsgBOeqASswJSVeAxVzlyuQ/h4DPp0lXrTDtdSIiCpDFVD4fW4yxfDMIESCMOuUE3/Qodg== processed in 310ms
[2026-08-24 04:07:55] [WARN] [api_router] Transaction payload payload_hash=Wwy+g2OFiVq3TbUt9PulHJaKu51MEq/6cg0Qj2VVTXJFqEu8EjwbUNuSr8LdK9JfCH+qxO9ccYueXfSSZCat2A== processed in 400ms
[2026-08-24 09:00:19] [INFO] [payment_gateway] Transaction payload payload_hash=Fu4tidXNrg3753fM7KgNDlsrJrkkXligpvLKTZ7jQOL4uMYuH/q9usGNFAKHs11z7G9/kxqMdBM0ux7knvNtBw== processed in 48ms
[2026-08-24 07:47:50] [WARN] [cache_layer] Transaction payload payload_hash=AgVJbR8GHTXFpZRglLxhVcsg2xSCSK1RXG6hlVYLQXJN6K/dHkBQ/wlHsQkayXCdz2UhiGs8wAN7uwJfGL9gWQ== processed in 410ms
[2026-08-24 06:09:34] [ERROR] [payment_gateway] Transaction payload payload_hash=biZm+GDWprxiggioXBMJjU1nFqbq/DYJ7OalSRPWR89d+YOIJxYLASVcPGOi8R0RMfeG5HekJ3UNFVyJfC07UA== processed in 220ms
[2026-08-24 06:15:46] [WARN] [auth_service] Transaction payload payload_hash=TEPyLIk5FjeFe+3IsGBUUWSGmQ7QknymeAI3tY8n/qupI5CQeva/IayvTgvS8oBGCuzeea3/+/wakQrwp6OVPg== processed in 257ms
[2026-08-24 06:34:35] [WARN] [db_pool] Transaction payload payload_hash=Y7dO80nbAfwRc23xDYC6KK9rvheBlra9WtunSDUd9HsJiJmEMkD6k01ONrLka1P4wdau6V0Q4PSREbJF2Spe7g== processed in 55ms
[2026-08-24 07:14:14] [DEBUG] [db_pool] Transaction payload payload_hash=72X38YjocqApnzY3DaPTqZpPs/ZyDtOS1RZo/Uqia/AzHDQl1GwxcVFdv54KWNl08zEynn0dQXhbQoBTrb+nNQ== processed in 32ms
[2026-08-24 08:28:32] [WARN] [api_router] Transaction payload payload_hash=jiKAOiBhZIwErKAtgXE8eeRGjJ5ULShcKilq2bkP3BbVzt52mNiDmxELTRqWeD5xebRtR4ZavqUQYGYzKoeJPA== processed in 476ms
[2026-08-24 04:38:16] [ERROR] [db_pool] Transaction payload payload_hash=i00aB4tHt72XbIVpmy4s7nBw9yH7ZWcs/px0+YiNtbq5Kq5OFxnuJtHW9A5P6TwOPQx1aILIBZb4GXMxWNgtOQ== processed in 414ms
